2016.12.30 14:00:00.013,1.51682,1.51709,1.00,1.00
2016.12.30 14:00:00.444,1.51682,1.51711,1.00,1.00
2016.12.30 14:00:00.495,1.51682,1.51716,1.00,1.00
2016.12.30 14:00:00.860,1.51682,1.51716,1.00,1.00
2016.12.30 14:00:01.022,1.51682,1.51716,1.00,1.00
2016.12.30 14:00:01.329,1.51682,1.51724,1.00,1.00
2016.12.30 14:00:01.460,1.51681,1.51724,1.00,1.00
2016.12.30 14:00:01.511,1.51681,1.51717,1.00,1.00
2016.12.30 14:00:01.823,1.51681,1.51716,1.00,1.00
2016.12.30 14:00:02.356,1.51681,1.51716,1.00,1.00
2016.12.30 14:00:02.867,1.51681,1.51717,1.00,1.00
2016.12.30 14:00:05.045,1.5168,1.51717,1.00,1.00
2016.12.30 14:00:05.743,1.5168,1.51717,1.00,1.00
2016.12.30 14:00:07.187,1.5168,1.51716,1.00,1.00
2016.12.30 14:00:07.755,1.5168,1.51717,1.00,1.00
2016.12.30 14:00:08.414,1.5168,1.51716,1.00,1.00
2016.12.30 14:00:09.075,1.5168,1.51717,1.00,1.00
2016.12.30 14:00:09.627,1.5168,1.51716,1.00,1.00
2016.12.30 14:00:10.084,1.5168,1.51717,1.00,1.00
2016.12.30 14:00:10.238,1.5168,1.51716,1.00,1.00
2016.12.30 14:00:11.113,1.5168,1.51717,1.00,1.00
2016.12.30 14:00:12.126,1.5168,1.51716,1.00,1.00
2016.12.30 14:00:12.995,1.5168,1.51714,1.00,1.00
2016.12.30 14:00:13.046,1.51675,1.51712,1.00,1.00
2016.12.30 14:00:13.148,1.51673,1.51712,1.50,1.00
2016.12.30 14:00:13.299,1.51673,1.51706,1.00,1.00
2016.12.30 14:00:13.602,1.51672,1.51706,1.00,1.00
2016.12.30 14:00:13.754,1.51672,1.51706,1.00,1.00
2016.12.30 14:00:14.063,1.51673,1.51707,1.50,1.00
2016.12.30 14:00:14.628,1.51673,1.5171,2.50,1.00
2016.12.30 14:00:15.064,1.51673,1.51715,1.50,1.00
2016.12.30 14:00:15.266,1.51673,1.51715,2.50,1.00
2016.12.30 14:00:15.569,1.51677,1.51715,1.00,1.00
2016.12.30 14:00:16.079,1.51677,1.51716,1.00,1.50
2016.12.30 14:00:16.405,1.51677,1.51707,1.00,1.00
2016.12.30 14:00:16.645,1.51677,1.51706,1.00,1.00
2016.12.30 14:00:17.075,1.51677,1.51711,1.00,1.00
2016.12.30 14:00:17.378,1.51675,1.51707,1.00,1.00
2016.12.30 14:00:17.478,1.51672,1.51707,1.00,1.00
2016.12.30 14:00:19.355,1.51672,1.51706,1.00,1.00
2016.12.30 14:00:19.561,1.51672,1.51706,1.00,1.00
2016.12.30 14:00:19.690,1.51672,1.51711,1.00,1.00
2016.12.30 14:00:19.880,1.51672,1.51713,1.00,1.00
2016.12.30 14:00:20.182,1.51671,1.51707,1.00,1.00
2016.12.30 14:00:20.493,1.51667,1.51697,1.00,1.00
2016.12.30 14:00:21.014,1.51667,1.51696,1.00,1.00
2016.12.30 14:00:21.064,1.51667,1.51706,1.00,1.00
2016.12.30 14:00:21.339,1.51667,1.51696,1.00,1.00
2016.12.30 14:00:22.825,1.51667,1.51697,1.00,1.00
2016.12.30 14:00:22.876,1.51664,1.51697,1.50,1.00
2016.12.30 14:00:22.927,1.51664,1.51701,1.00,1.00
2016.12.30 14:00:22.977,1.51664,1.51696,1.00,1.00
2016.12.30 14:00:23.028,1.51664,1.51701,1.00,1.00
2016.12.30 14:00:23.079,1.51663,1.51701,1.00,1.00
2016.12.30 14:00:23.130,1.51663,1.51696,1.00,1.00
2016.12.30 14:00:23.181,1.51661,1.51696,1.00,1.00
2016.12.30 14:00:23.232,1.51661,1.51704,1.00,1.00
2016.12.30 14:00:23.383,1.51664,1.51706,2.50,1.00
2016.12.30 14:00:23.685,1.51667,1.51706,1.50,1.00
2016.12.30 14:00:24.229,1.51667,1.51697,2.50,1.00
2016.12.30 14:00:24.446,1.51667,1.51697,1.50,1.00
2016.12.30 14:00:24.900,1.51667,1.51687,1.00,1.00
2016.12.30 14:00:24.951,1.51667,1.51697,1.00,1.00
2016.12.30 14:00:25.604,1.51667,1.51697,2.50,1.00
2016.12.30 14:00:25.706,1.51664,1.51697,1.00,1.00
2016.12.30 14:00:25.807,1.5166,1.51697,1.50,1.00
2016.12.30 14:00:26.060,1.5166,1.51696,1.00,1.00
2016.12.30 14:00:28.648,1.51662,1.51704,1.00,1.00
2016.12.30 14:00:28.699,1.51668,1.51704,1.50,1.00
2016.12.30 14:00:28.800,1.51668,1.51706,1.00,1.00
2016.12.30 14:00:28.896,1.51667,1.51705,1.00,1.50
2016.12.30 14:00:28.947,1.51662,1.51697,1.00,1.00
2016.12.30 14:00:29.253,1.51662,1.51687,1.00,1.00
2016.12.30 14:00:29.307,1.5166,1.51687,1.00,1.00
2016.12.30 14:00:29.509,1.51658,1.51687,1.00,1.00
2016.12.30 14:00:30.116,1.51651,1.51687,1.00,1.00
2016.12.30 14:00:30.404,1.51649,1.51684,1.00,1.00
2016.12.30 14:00:30.455,1.51644,1.51684,1.00,1.00
2016.12.30 14:00:30.506,1.51644,1.51679,1.00,1.00
2016.12.30 14:00:30.808,1.51644,1.51677,1.00,1.00
2016.12.30 14:00:31.811,1.51643,1.51677,1.00,1.00
2016.12.30 14:00:32.512,1.51643,1.51679,1.00,1.00
2016.12.30 14:00:32.716,1.51643,1.51676,1.00,1.00
2016.12.30 14:00:33.295,1.51643,1.51677,1.00,1.00
2016.12.30 14:00:33.606,1.51643,1.51676,1.00,1.00
2016.12.30 14:00:33.758,1.51642,1.51676,1.00,1.00
2016.12.30 14:00:34.267,1.51642,1.51677,1.00,1.00
2016.12.30 14:00:35.104,1.51642,1.51676,1.00,1.00
2016.12.30 14:00:35.832,1.51639,1.51676,1.00,1.00
2016.12.30 14:00:37.536,1.51639,1.51677,1.00,1.00
2016.12.30 14:00:38.112,1.51639,1.51666,1.00,1.00
2016.12.30 14:00:40.683,1.51639,1.51676,1.00,1.00
2016.12.30 14:00:40.733,1.51639,1.51676,1.00,1.00
2016.12.30 14:00:41.293,1.51642,1.51677,1.50,1.00
2016.12.30 14:00:43.876,1.51642,1.51677,1.00,1.00
2016.12.30 14:00:44.162,1.51642,1.51685,2.50,1.00
2016.12.30 14:00:44.213,1.51644,1.51686,1.00,1.50
2016.12.30 14:00:44.716,1.51647,1.51686,1.00,1.00
2016.12.30 14:00:44.767,1.51647,1.51686,1.00,1.00
2016.12.30 14:00:44.818,1.51647,1.51676,1.00,1.00
2016.12.30 14:00:44.919,1.51647,1.51686,1.00,1.00
2016.12.30 14:00:45.324,1.51647,1.51677,1.00,1.00
2016.12.30 14:00:45.376,1.51647,1.51687,1.00,1.00
2016.12.30 14:00:45.921,1.51647,1.51686,1.00,1.00
2016.12.30 14:00:46.633,1.51647,1.51676,1.00,1.00
2016.12.30 14:00:47.852,1.51647,1.51687,1.00,1.50
2016.12.30 14:00:48.483,1.51647,1.51687,1.00,1.00
2016.12.30 14:00:48.675,1.51648,1.51676,1.50,1.00
2016.12.30 14:00:49.029,1.51648,1.51687,1.00,1.00
2016.12.30 14:00:49.557,1.51648,1.51676,1.00,1.00
2016.12.30 14:00:50.273,1.51648,1.51676,2.50,1.00
2016.12.30 14:00:50.912,1.51648,1.51677,2.50,1.00
2016.12.30 14:00:51.512,1.51648,1.51686,2.50,1.00
2016.12.30 14:00:56.151,1.51647,1.51686,1.00,1.00
2016.12.30 14:00:56.202,1.51643,1.5168,1.00,1.00
2016.12.30 14:00:56.253,1.51638,1.51677,1.00,1.00
2016.12.30 14:00:56.354,1.51638,1.51677,1.00,1.00
2016.12.30 14:00:56.883,1.51638,1.51676,1.00,1.00
2016.12.30 14:00:57.543,1.51638,1.51677,1.00,1.50
2016.12.30 14:00:58.502,1.51638,1.51676,1.00,1.00
2016.12.30 14:00:59.506,1.51638,1.51677,1.00,1.00
2016.12.30 14:00:59.846,1.51637,1.51677,1.00,1.50
2016.12.30 14:00:59.912,1.51637,1.51667,1.00,1.00
2016.12.30 14:01:03.130,1.51637,1.51676,1.00,1.00
2016.12.30 14:01:04.352,1.51636,1.51674,1.00,1.00
2016.12.30 14:01:04.454,1.51631,1.51671,1.00,1.00
2016.12.30 14:01:04.555,1.51629,1.51666,1.00,1.50
2016.12.30 14:01:04.656,1.51624,1.51663,1.00,1.00
2016.12.30 14:01:04.865,1.51624,1.51656,1.00,1.00
2016.12.30 14:01:05.177,1.51624,1.51657,1.00,1.00
2016.12.30 14:01:05.612,1.51624,1.51665,1.00,1.50
2016.12.30 14:01:05.662,1.51624,1.51664,1.00,1.00
2016.12.30 14:01:05.713,1.51624,1.51667,2.50,1.00
2016.12.30 14:01:05.764,1.51625,1.51667,1.00,1.00
2016.12.30 14:01:06.066,1.51625,1.51656,1.00,1.00
2016.12.30 14:01:06.268,1.51625,1.51667,1.00,1.00
2016.12.30 14:01:06.319,1.51625,1.51657,1.00,1.00
2016.12.30 14:01:06.476,1.51624,1.51657,1.00,1.00
2016.12.30 14:01:06.577,1.51624,1.51657,1.00,1.00
2016.12.30 14:01:06.706,1.51624,1.51666,1.00,1.00
2016.12.30 14:01:06.807,1.51624,1.51666,1.00,1.00
2016.12.30 14:01:06.858,1.51624,1.51666,1.00,1.00
2016.12.30 14:01:07.160,1.51627,1.51667,1.00,1.00
2016.12.30 14:01:07.211,1.51627,1.5167,1.00,1.00
2016.12.30 14:01:07.262,1.51633,1.5167,1.00,1.00
2016.12.30 14:01:07.363,1.51631,1.51674,1.50,1.00
2016.12.30 14:01:07.413,1.51631,1.51674,2.50,1.00
2016.12.30 14:01:07.750,1.51632,1.51667,1.00,1.00
2016.12.30 14:01:07.802,1.51628,1.51667,1.00,1.00
2016.12.30 14:01:07.853,1.51628,1.51657,1.00,1.00
2016.12.30 14:01:07.927,1.51628,1.51672,1.00,1.00
2016.12.30 14:01:07.978,1.51628,1.51666,1.00,1.00
2016.12.30 14:01:08.282,1.51626,1.51666,1.00,1.00
2016.12.30 14:01:08.383,1.51624,1.51666,1.00,1.00
2016.12.30 14:01:08.577,1.51622,1.51667,1.00,1.00
2016.12.30 14:01:08.627,1.51622,1.51664,1.00,1.00
2016.12.30 14:01:09.158,1.51622,1.51664,1.00,1.00
2016.12.30 14:01:09.671,1.51622,1.51665,1.00,1.00
2016.12.30 14:01:09.977,1.51622,1.51664,1.00,1.00
2016.12.30 14:01:10.379,1.51622,1.51664,2.50,1.00
2016.12.30 14:01:10.430,1.51622,1.51656,1.00,1.00
2016.12.30 14:01:10.531,1.51622,1.51665,1.00,1.00
2016.12.30 14:01:10.733,1.51623,1.51657,1.50,1.00
2016.12.30 14:01:10.840,1.51619,1.51657,1.00,1.00
2016.12.30 14:01:10.992,1.51619,1.51657,1.00,1.00
2016.12.30 14:01:11.318,1.51617,1.51646,1.00,1.00
2016.12.30 14:01:11.381,1.51616,1.51656,1.00,1.00
2016.12.30 14:01:11.482,1.51613,1.51656,1.50,1.00
2016.12.30 14:01:11.634,1.51613,1.51647,1.00,1.00
2016.12.30 14:01:11.685,1.5161,1.51647,1.00,1.00
2016.12.30 14:01:12.228,1.5161,1.51646,1.00,1.00
2016.12.30 14:01:13.013,1.5161,1.51637,1.00,1.00
2016.12.30 14:01:13.114,1.5161,1.51647,1.00,1.00
2016.12.30 14:01:13.316,1.51609,1.51653,1.00,1.00
2016.12.30 14:01:13.417,1.51609,1.51646,1.00,1.00
2016.12.30 14:01:13.767,1.51609,1.51646,1.00,1.00
2016.12.30 14:01:14.069,1.51609,1.51647,1.50,1.00
2016.12.30 14:01:14.884,1.51609,1.51646,1.00,1.00
2016.12.30 14:01:15.766,1.51609,1.51636,1.00,1.00
2016.12.30 14:01:15.817,1.51609,1.5165,1.00,1.00
2016.12.30 14:01:15.868,1.51609,1.51653,1.00,1.50
2016.12.30 14:01:15.918,1.51609,1.5165,1.00,1.00
2016.12.30 14:01:16.221,1.5161,1.51646,1.00,1.00
2016.12.30 14:01:16.430,1.5161,1.51646,1.50,1.00
2016.12.30 14:01:16.943,1.5161,1.51647,1.00,1.00
2016.12.30 14:01:17.044,1.5161,1.51647,1.00,1.00
2016.12.30 14:01:17.145,1.5161,1.51637,1.00,1.00
2016.12.30 14:01:17.347,1.51607,1.51637,1.00,1.00
2016.12.30 14:01:17.549,1.51606,1.51647,1.00,1.00
2016.12.30 14:01:17.795,1.51605,1.51637,1.00,1.00
2016.12.30 14:01:17.946,1.51602,1.51637,1.00,1.00
2016.12.30 14:01:19.311,1.51602,1.51637,1.00,1.00
2016.12.30 14:01:20.189,1.51602,1.51637,1.00,1.00
2016.12.30 14:01:20.814,1.51602,1.51636,1.00,1.00
2016.12.30 14:01:21.632,1.51602,1.51637,1.00,1.00
2016.12.30 14:01:22.147,1.51602,1.51636,1.50,1.00
2016.12.30 14:01:23.092,1.51602,1.51637,1.50,1.00
2016.12.30 14:01:23.784,1.51602,1.51637,1.00,1.00
2016.12.30 14:01:24.146,1.51607,1.51646,1.00,1.50
2016.12.30 14:01:24.449,1.51609,1.51646,1.00,1.50
2016.12.30 14:01:24.845,1.51611,1.51646,1.00,1.00
2016.12.30 14:01:25.112,1.51613,1.51655,1.50,1.00
2016.12.30 14:01:25.609,1.51613,1.51647,1.00,1.00
2016.12.30 14:01:25.711,1.51613,1.51656,1.00,1.50
2016.12.30 14:01:25.761,1.51612,1.51652,1.50,1.00
2016.12.30 14:01:25.963,1.51609,1.51652,1.50,1.50
2016.12.30 14:01:26.070,1.51609,1.51646,1.00,1.00
2016.12.30 14:01:26.545,1.51606,1.51646,1.50,1.00
2016.12.30 14:01:26.897,1.51605,1.51636,1.50,1.00
2016.12.30 14:01:28.500,1.51605,1.51645,1.00,1.00
2016.12.30 14:01:28.550,1.51605,1.51645,1.00,1.00
2016.12.30 14:01:28.653,1.51605,1.51645,1.00,1.00
2016.12.30 14:01:28.805,1.51605,1.51636,1.00,1.00
2016.12.30 14:01:28.856,1.51605,1.51645,1.00,1.00
2016.12.30 14:01:28.956,1.51604,1.51645,1.50,1.00
2016.12.30 14:01:29.473,1.51604,1.51646,2.25,2.25
2016.12.30 14:01:30.118,1.51604,1.51636,1.50,1.00
2016.12.30 14:01:30.270,1.51602,1.51636,1.00,1.00
2016.12.30 14:01:30.707,1.51602,1.51644,1.50,1.00
2016.12.30 14:01:30.758,1.51602,1.51637,1.00,1.00
2016.12.30 14:01:30.859,1.51603,1.51645,1.50,1.50
2016.12.30 14:01:31.393,1.51603,1.5164,1.00,1.00
2016.12.30 14:01:31.444,1.51603,1.51643,1.00,1.00
2016.12.30 14:01:31.495,1.51603,1.51641,1.00,1.00
2016.12.30 14:01:31.547,1.516,1.51641,1.00,1.00
2016.12.30 14:01:31.698,1.516,1.51637,1.00,1.00
2016.12.30 14:01:31.749,1.51601,1.51646,1.00,1.00
2016.12.30 14:01:31.850,1.51604,1.51646,2.50,1.50
2016.12.30 14:01:32.152,1.51605,1.51651,2.50,1.50
2016.12.30 14:01:32.253,1.51605,1.51647,3.25,1.00
2016.12.30 14:01:32.829,1.51607,1.51647,1.00,1.00
2016.12.30 14:01:33.705,1.51607,1.51652,1.00,1.00
2016.12.30 14:01:33.806,1.5161,1.51654,1.50,1.00
2016.12.30 14:01:33.856,1.5161,1.51654,2.50,1.00
2016.12.30 14:01:34.159,1.51612,1.51654,1.00,1.00
2016.12.30 14:01:34.463,1.51616,1.51646,1.00,1.00
2016.12.30 14:01:34.564,1.51616,1.51646,1.00,1.00
2016.12.30 14:01:35.059,1.51616,1.51646,1.00,1.00
2016.12.30 14:01:35.361,1.51615,1.51646,1.00,1.00
2016.12.30 14:01:35.411,1.51617,1.51653,1.00,1.00
2016.12.30 14:01:35.747,1.51626,1.51657,1.00,1.50
2016.12.30 14:01:36.050,1.51626,1.51655,1.00,1.00
2016.12.30 14:01:36.281,1.51626,1.51657,1.00,1.00
2016.12.30 14:01:36.382,1.51625,1.51656,1.00,1.00
2016.12.30 14:01:36.585,1.51625,1.51653,1.00,1.00
2016.12.30 14:01:36.736,1.51625,1.51652,1.00,1.00
2016.12.30 14:01:36.888,1.51625,1.51655,1.00,1.00
2016.12.30 14:01:37.039,1.51622,1.51654,1.00,1.00
2016.12.30 14:01:37.144,1.51618,1.51646,1.00,1.00
2016.12.30 14:01:37.195,1.51618,1.51655,1.00,1.00
2016.12.30 14:01:37.246,1.51616,1.51655,1.50,1.00
2016.12.30 14:01:37.347,1.51616,1.51646,1.50,1.00
2016.12.30 14:01:40.189,1.51616,1.51652,1.00,1.00
2016.12.30 14:01:40.400,1.51616,1.51647,1.00,1.00
2016.12.30 14:01:41.955,1.51615,1.51652,1.00,1.00
2016.12.30 14:01:42.056,1.51614,1.5165,1.00,1.00
2016.12.30 14:01:42.390,1.51616,1.5165,1.00,1.00
2016.12.30 14:01:42.663,1.51616,1.5165,1.00,1.00
2016.12.30 14:01:43.302,1.51616,1.51651,1.00,1.00
2016.12.30 14:01:43.734,1.51616,1.51649,1.00,1.00
2016.12.30 14:01:43.785,1.51612,1.51648,1.00,1.00
2016.12.30 14:01:43.886,1.51612,1.51646,1.00,1.00
2016.12.30 14:01:44.750,1.5161,1.51646,1.00,1.00
2016.12.30 14:01:45.638,1.5161,1.51644,1.00,1.00
2016.12.30 14:01:45.689,1.51606,1.51644,1.00,1.00
2016.12.30 14:01:45.840,1.51606,1.51645,1.00,1.00
2016.12.30 14:01:46.143,1.51616,1.51645,1.00,1.00
2016.12.30 14:01:46.194,1.51616,1.51645,1.00,1.00
2016.12.30 14:01:46.295,1.51616,1.51646,1.00,1.00
2016.12.30 14:01:46.381,1.51616,1.51649,1.00,1.00
2016.12.30 14:01:46.532,1.51616,1.51646,1.00,1.00
2016.12.30 14:01:46.729,1.51614,1.51649,1.00,1.00
2016.12.30 14:01:46.831,1.51613,1.51646,1.00,1.00
2016.12.30 14:01:47.378,1.51613,1.51647,1.00,1.00
2016.12.30 14:01:47.455,1.51613,1.5165,1.00,1.00
2016.12.30 14:01:47.591,1.51613,1.5165,1.00,1.00
2016.12.30 14:01:47.904,1.51613,1.51646,1.00,1.00
2016.12.30 14:01:47.955,1.51613,1.51649,1.00,1.00
2016.12.30 14:01:48.199,1.51613,1.51649,1.00,1.00
2016.12.30 14:01:48.703,1.51613,1.5165,1.00,1.00
2016.12.30 14:01:49.017,1.51615,1.5165,1.00,1.00
2016.12.30 14:01:49.319,1.51619,1.51652,1.00,1.00
2016.12.30 14:01:49.470,1.51619,1.51651,1.00,1.00
2016.12.30 14:01:49.572,1.51619,1.51651,1.00,1.00
2016.12.30 14:01:50.126,1.51619,1.51652,1.00,1.00
2016.12.30 14:01:50.177,1.51619,1.51651,1.00,1.00
2016.12.30 14:01:50.379,1.51618,1.51651,1.00,1.00
2016.12.30 14:01:50.758,1.51618,1.51653,1.00,1.00
2016.12.30 14:01:51.195,1.51618,1.51651,1.00,1.00
2016.12.30 14:01:51.404,1.51618,1.5165,1.00,1.00
2016.12.30 14:01:52.177,1.51618,1.51652,1.00,1.00
2016.12.30 14:01:52.688,1.51618,1.51651,1.00,1.00
2016.12.30 14:01:53.095,1.51618,1.51653,1.00,1.00
2016.12.30 14:01:53.209,1.51618,1.51654,1.00,1.00
2016.12.30 14:01:53.552,1.51618,1.51651,1.00,1.00
2016.12.30 14:01:53.603,1.51618,1.5165,1.00,1.00
2016.12.30 14:01:54.208,1.51618,1.51651,1.00,1.00
2016.12.30 14:01:54.359,1.51618,1.51651,1.00,1.00
2016.12.30 14:01:54.935,1.51618,1.5165,1.00,1.00
2016.12.30 14:01:55.136,1.51618,1.51653,1.00,1.00
2016.12.30 14:01:55.496,1.51618,1.51652,1.00,1.00
2016.12.30 14:01:55.873,1.51618,1.5165,1.00,1.00
2016.12.30 14:01:56.387,1.51618,1.51654,1.50,1.00
2016.12.30 14:01:56.488,1.51618,1.51654,1.00,1.00
2016.12.30 14:01:56.810,1.51618,1.51646,1.00,1.00
2016.12.30 14:01:56.921,1.51618,1.5165,1.00,1.00
2016.12.30 14:01:57.022,1.51618,1.51651,1.50,1.00
2016.12.30 14:01:57.615,1.51618,1.5165,1.00,1.00
2016.12.30 14:01:58.083,1.51614,1.5165,1.00,1.00
2016.12.30 14:01:58.184,1.51614,1.5165,1.00,1.00
2016.12.30 14:01:58.486,1.51614,1.51646,1.00,1.00
2016.12.30 14:01:59.039,1.51614,1.51647,1.00,1.00
2016.12.30 14:01:59.089,1.51612,1.51646,1.00,1.00
2016.12.30 14:01:59.140,1.51612,1.51649,1.00,1.00
2016.12.30 14:01:59.342,1.51612,1.51646,1.00,1.00
2016.12.30 14:01:59.854,1.51612,1.51647,1.00,1.00
2016.12.30 14:01:59.905,1.51612,1.51647,1.00,1.00
2016.12.30 14:02:00.409,1.51612,1.51647,1.00,1.00
2016.12.30 14:02:00.712,1.51613,1.51657,1.00,1.00
2016.12.30 14:02:00.813,1.51616,1.51657,1.00,1.00
2016.12.30 14:02:01.102,1.51618,1.5166,1.00,1.00
2016.12.30 14:02:01.153,1.51618,1.51656,1.00,1.00
2016.12.30 14:02:01.506,1.51618,1.51656,1.00,1.00
2016.12.30 14:02:01.608,1.51618,1.51657,1.00,1.00
2016.12.30 14:02:01.659,1.51618,1.51647,1.00,1.00
2016.12.30 14:02:01.709,1.51617,1.51656,1.00,1.00
2016.12.30 14:02:01.810,1.51617,1.51656,1.00,1.00
2016.12.30 14:02:02.012,1.51618,1.51659,1.00,1.00
2016.12.30 14:02:02.113,1.51618,1.51659,1.00,1.00
2016.12.30 14:02:02.164,1.51618,1.51656,1.00,1.00
2016.12.30 14:02:02.487,1.51618,1.51657,1.00,1.00
2016.12.30 14:02:02.747,1.51618,1.51657,1.00,1.00
2016.12.30 14:02:02.798,1.51618,1.51657,1.00,1.00
2016.12.30 14:02:03.302,1.51619,1.51656,1.50,1.00
2016.12.30 14:02:03.621,1.51621,1.51656,1.00,1.00
2016.12.30 14:02:04.072,1.51621,1.51666,1.00,1.50
2016.12.30 14:02:04.123,1.51621,1.51656,1.00,1.00
2016.12.30 14:02:04.274,1.51621,1.51667,1.00,1.00
2016.12.30 14:02:04.476,1.51621,1.51667,1.00,1.00
2016.12.30 14:02:04.527,1.51621,1.51656,1.00,1.00
2016.12.30 14:02:04.728,1.51621,1.51664,1.00,1.00
2016.12.30 14:02:04.829,1.51621,1.51656,1.00,1.00
2016.12.30 14:02:05.721,1.51621,1.51656,1.00,1.00
2016.12.30 14:02:06.183,1.51621,1.51662,1.00,1.00
2016.12.30 14:02:06.233,1.51621,1.51656,1.00,1.00
2016.12.30 14:02:06.284,1.51613,1.51654,1.00,1.00
2016.12.30 14:02:06.648,1.51613,1.51646,1.00,1.00
2016.12.30 14:02:06.698,1.51607,1.51646,1.00,1.00
2016.12.30 14:02:06.850,1.51607,1.51649,1.00,1.00
2016.12.30 14:02:06.900,1.51607,1.51646,1.00,1.00
2016.12.30 14:02:06.951,1.51607,1.51655,1.00,1.00
2016.12.30 14:02:07.002,1.51611,1.51656,1.00,1.50
2016.12.30 14:02:07.304,1.51615,1.51656,1.00,1.00
2016.12.30 14:02:07.506,1.51615,1.51656,1.00,1.00
2016.12.30 14:02:08.050,1.51615,1.51646,1.00,1.00
2016.12.30 14:02:08.504,1.51614,1.51646,1.00,1.00
2016.12.30 14:02:08.605,1.51614,1.51646,1.00,1.00
2016.12.30 14:02:09.204,1.51614,1.51646,1.00,1.00
2016.12.30 14:02:13.157,1.51614,1.51647,1.00,1.00
2016.12.30 14:02:13.529,1.51616,1.51647,1.00,1.00
2016.12.30 14:02:13.580,1.51616,1.51657,1.00,1.00
2016.12.30 14:02:13.832,1.51616,1.51657,1.00,1.00
2016.12.30 14:02:15.046,1.51616,1.51647,1.00,1.00
2016.12.30 14:02:15.676,1.51616,1.51656,1.00,1.00
2016.12.30 14:02:17.225,1.51616,1.51656,1.00,1.00
2016.12.30 14:02:18.805,1.51616,1.51647,1.00,1.00
2016.12.30 14:02:18.945,1.51615,1.51654,1.00,1.00
2016.12.30 14:02:19.125,1.51615,1.51656,1.00,1.00
2016.12.30 14:02:19.528,1.51615,1.51655,1.00,1.00
2016.12.30 14:02:19.629,1.51612,1.51655,1.00,1.00
2016.12.30 14:02:19.730,1.51612,1.51655,1.00,1.00
2016.12.30 14:02:20.261,1.51612,1.51654,1.00,1.00
2016.12.30 14:02:20.564,1.51612,1.51646,1.00,1.00
2016.12.30 14:02:21.297,1.51614,1.51646,1.00,1.00
2016.12.30 14:02:21.810,1.51614,1.51647,1.00,1.00
2016.12.30 14:02:22.513,1.51614,1.51656,2.50,1.00
2016.12.30 14:02:22.564,1.51614,1.51647,1.00,1.00
2016.12.30 14:02:22.615,1.51614,1.51652,1.00,1.00
2016.12.30 14:02:22.716,1.51609,1.51646,1.00,1.00
2016.12.30 14:02:22.817,1.51605,1.51646,1.50,1.00
2016.12.30 14:02:22.917,1.51605,1.51652,1.50,1.00
2016.12.30 14:02:22.968,1.51605,1.51647,1.50,1.00
2016.12.30 14:02:23.494,1.51605,1.51647,1.00,1.00
2016.12.30 14:02:23.796,1.51605,1.51636,1.00,1.00
2016.12.30 14:02:24.935,1.51606,1.51636,1.00,1.00
2016.12.30 14:02:25.108,1.51606,1.51636,1.00,1.00
2016.12.30 14:02:25.404,1.51606,1.51646,1.00,1.00
2016.12.30 14:02:25.673,1.51606,1.51637,1.00,1.00
2016.12.30 14:02:26.080,1.51606,1.51647,1.00,1.50
2016.12.30 14:02:26.131,1.51606,1.51636,1.00,1.00
2016.12.30 14:02:26.182,1.51606,1.51642,1.00,1.00
2016.12.30 14:02:26.283,1.51606,1.51646,1.00,1.50
2016.12.30 14:02:26.385,1.51606,1.51637,1.00,1.00
2016.12.30 14:02:26.762,1.51603,1.51636,1.50,1.00
2016.12.30 14:02:27.015,1.51603,1.51637,1.00,1.00
2016.12.30 14:02:27.116,1.51597,1.51635,1.00,1.00
2016.12.30 14:02:27.167,1.51597,1.51637,1.00,1.00
2016.12.30 14:02:27.217,1.51597,1.51637,1.00,1.00
2016.12.30 14:02:27.268,1.51597,1.51641,1.00,1.50
2016.12.30 14:02:27.319,1.51599,1.51637,1.00,1.00
2016.12.30 14:02:27.420,1.51599,1.51637,1.00,1.00
2016.12.30 14:02:27.622,1.51604,1.51637,1.00,1.00
2016.12.30 14:02:27.723,1.51604,1.51647,1.00,1.00
2016.12.30 14:02:28.036,1.51604,1.51637,1.00,1.00
2016.12.30 14:02:28.852,1.51604,1.51637,1.00,1.00
2016.12.30 14:02:29.361,1.51604,1.51636,1.00,1.00
2016.12.30 14:02:30.825,1.51604,1.51636,1.00,1.00
2016.12.30 14:02:31.363,1.51604,1.51637,1.00,1.00
2016.12.30 14:02:31.910,1.51604,1.51636,1.00,1.00
2016.12.30 14:02:31.961,1.51604,1.51644,1.50,1.00
2016.12.30 14:02:32.011,1.51604,1.51644,1.00,1.00
2016.12.30 14:02:32.602,1.51604,1.51645,1.00,1.00
2016.12.30 14:02:33.110,1.51604,1.51636,1.00,1.00
2016.12.30 14:02:33.460,1.51604,1.51646,1.00,1.00
2016.12.30 14:02:33.903,1.51604,1.51637,1.00,1.00
2016.12.30 14:02:36.492,1.51604,1.51646,1.00,1.50
2016.12.30 14:02:36.542,1.51605,1.51636,1.00,1.00
2016.12.30 14:02:36.643,1.51605,1.51636,1.00,1.00
2016.12.30 14:02:36.694,1.51605,1.51642,1.00,1.00
2016.12.30 14:02:36.745,1.516,1.51636,1.00,1.00
2016.12.30 14:02:36.947,1.516,1.51643,1.00,1.00
2016.12.30 14:02:37.003,1.516,1.51637,1.00,1.00
2016.12.30 14:02:37.779,1.516,1.51636,1.00,1.00
2016.12.30 14:02:38.959,1.516,1.51636,1.00,1.00
2016.12.30 14:02:39.010,1.516,1.51637,1.50,1.00
2016.12.30 14:02:39.521,1.516,1.51636,1.00,1.00
2016.12.30 14:02:40.837,1.516,1.51634,1.00,1.00
2016.12.30 14:02:40.888,1.51594,1.51634,1.00,1.00
2016.12.30 14:02:41.039,1.51594,1.51626,1.00,1.00
2016.12.30 14:02:41.414,1.51594,1.51634,1.50,1.00
2016.12.30 14:02:41.607,1.51594,1.51626,1.00,1.00
2016.12.30 14:02:42.251,1.51594,1.51627,1.00,1.00
2016.12.30 14:02:42.984,1.51594,1.51626,1.00,1.00
2016.12.30 14:02:43.891,1.51594,1.51636,1.50,1.50
2016.12.30 14:02:51.093,1.51594,1.51636,2.50,1.00
2016.12.30 14:02:51.396,1.51596,1.51636,1.00,1.00
2016.12.30 14:02:52.186,1.51596,1.51637,1.00,1.00
2016.12.30 14:02:56.156,1.51596,1.51636,1.00,1.00
2016.12.30 14:02:56.606,1.51596,1.51627,1.00,1.00
2016.12.30 14:02:59.949,1.51596,1.51637,1.00,1.00
2016.12.30 14:03:01.291,1.51596,1.51636,1.00,1.00
2016.12.30 14:03:01.817,1.51596,1.51637,1.00,1.00
2016.12.30 14:03:03.212,1.51596,1.51636,1.00,1.00
2016.12.30 14:03:04.654,1.51598,1.51636,1.00,1.00
2016.12.30 14:03:04.811,1.51598,1.51646,1.50,1.00
2016.12.30 14:03:04.861,1.51606,1.51647,1.00,1.00
2016.12.30 14:03:05.490,1.51607,1.51646,1.00,1.00
2016.12.30 14:03:06.291,1.51607,1.51647,1.00,1.00
2016.12.30 14:03:07.021,1.51607,1.51646,1.00,1.00
2016.12.30 14:03:07.172,1.51603,1.51647,1.00,1.00
2016.12.30 14:03:07.273,1.51603,1.51636,1.00,1.00
2016.12.30 14:03:07.425,1.51603,1.51646,1.00,1.00
2016.12.30 14:03:07.576,1.51605,1.51646,1.00,1.00
2016.12.30 14:03:08.111,1.51606,1.51647,1.00,1.00
2016.12.30 14:03:08.866,1.51606,1.51646,1.00,1.00
2016.12.30 14:03:09.168,1.51612,1.51646,1.00,1.00
2016.12.30 14:03:09.737,1.51612,1.51647,1.00,1.00
2016.12.30 14:03:10.340,1.51615,1.51646,1.00,1.00
2016.12.30 14:03:10.391,1.51618,1.51657,1.00,1.00
2016.12.30 14:03:10.542,1.51619,1.51646,1.00,1.00
2016.12.30 14:03:11.142,1.51619,1.51647,1.00,1.00
2016.12.30 14:03:11.589,1.51619,1.51657,1.00,1.00
2016.12.30 14:03:12.152,1.51619,1.51647,1.00,1.00
2016.12.30 14:03:14.850,1.51619,1.51657,1.00,1.00
2016.12.30 14:03:15.537,1.51619,1.51657,1.00,1.00
2016.12.30 14:03:15.587,1.51619,1.51646,1.00,1.00
2016.12.30 14:03:15.638,1.51619,1.51656,1.00,1.50
2016.12.30 14:03:15.689,1.51619,1.51656,1.00,1.50
2016.12.30 14:03:15.790,1.51616,1.51656,1.00,1.50
2016.12.30 14:03:15.891,1.51616,1.51647,1.00,1.00
2016.12.30 14:03:16.102,1.51616,1.51656,1.00,1.50
2016.12.30 14:03:16.153,1.51616,1.51656,1.00,1.00
2016.12.30 14:03:16.455,1.51623,1.51657,1.00,1.00
2016.12.30 14:03:16.658,1.51623,1.51657,1.00,1.00
2016.12.30 14:03:17.011,1.5162,1.51657,1.00,1.00
2016.12.30 14:03:17.213,1.51621,1.51656,1.00,1.00
2016.12.30 14:03:17.679,1.51621,1.51657,1.00,1.00
2016.12.30 14:03:17.780,1.5162,1.51657,1.00,1.00
2016.12.30 14:03:18.097,1.5162,1.51656,1.00,1.00
2016.12.30 14:03:18.407,1.51621,1.51656,1.00,1.00
2016.12.30 14:03:19.797,1.51623,1.51656,1.00,1.00
2016.12.30 14:03:20.100,1.51623,1.51666,1.00,1.00
2016.12.30 14:03:20.201,1.51623,1.51666,1.00,1.00
2016.12.30 14:03:20.374,1.51623,1.51656,1.00,1.00
2016.12.30 14:03:24.389,1.51618,1.51656,1.00,1.50
2016.12.30 14:03:24.440,1.51618,1.51653,1.00,1.00
2016.12.30 14:03:24.490,1.51609,1.51647,1.00,1.00
2016.12.30 14:03:24.541,1.51609,1.51656,1.00,1.50
2016.12.30 14:03:24.592,1.51609,1.51656,1.00,1.50
2016.12.30 14:03:24.897,1.51609,1.51647,1.00,1.00
2016.12.30 14:03:24.998,1.51612,1.51657,1.50,2.25
2016.12.30 14:03:25.200,1.5161,1.51656,1.00,1.00
2016.12.30 14:03:25.355,1.5161,1.51646,1.00,1.00
2016.12.30 14:03:26.452,1.5161,1.51647,1.00,1.00
2016.12.30 14:03:26.503,1.51603,1.51647,1.50,1.00
2016.12.30 14:03:26.553,1.51603,1.51645,1.00,1.00
2016.12.30 14:03:26.705,1.516,1.51643,1.00,1.00
2016.12.30 14:03:26.806,1.51598,1.51646,1.00,1.50
2016.12.30 14:03:26.907,1.51598,1.51646,1.00,1.50
2016.12.30 14:03:27.215,1.516,1.51636,1.00,1.00
2016.12.30 14:03:27.741,1.516,1.51637,1.00,1.00
2016.12.30 14:03:28.223,1.516,1.51636,1.00,1.50
2016.12.30 14:03:28.324,1.51594,1.51636,1.00,1.50
2016.12.30 14:03:28.425,1.51594,1.51636,1.00,1.00
2016.12.30 14:03:28.818,1.51594,1.51627,1.00,1.00
2016.12.30 14:03:29.343,1.51594,1.51626,1.00,1.00
2016.12.30 14:03:29.834,1.51594,1.51634,1.00,1.00
2016.12.30 14:03:29.884,1.51591,1.51627,1.00,1.00
2016.12.30 14:03:29.985,1.51589,1.51626,1.00,1.00
2016.12.30 14:03:30.036,1.51589,1.51634,1.00,1.00
2016.12.30 14:03:30.086,1.51589,1.51634,1.00,1.00
2016.12.30 14:03:30.137,1.51589,1.51636,1.00,1.00
2016.12.30 14:03:30.607,1.51589,1.51626,1.00,1.00
2016.12.30 14:03:31.106,1.51589,1.51634,1.00,1.50
2016.12.30 14:03:31.678,1.51589,1.51627,1.00,1.00
2016.12.30 14:03:31.895,1.51586,1.51626,1.00,1.00
2016.12.30 14:03:31.945,1.51586,1.51616,1.00,1.00
2016.12.30 14:03:32.890,1.51586,1.51617,1.00,1.00
2016.12.30 14:03:33.408,1.51586,1.51626,1.00,1.00
2016.12.30 14:03:33.509,1.51585,1.51626,1.00,1.50
2016.12.30 14:03:34.725,1.51585,1.51626,1.00,1.00
2016.12.30 14:03:34.826,1.51581,1.51624,1.00,1.00
2016.12.30 14:03:34.877,1.51581,1.51616,1.00,1.00
2016.12.30 14:03:34.927,1.51581,1.51625,1.00,1.50
2016.12.30 14:03:35.028,1.51583,1.51627,1.00,1.00
2016.12.30 14:03:35.353,1.51591,1.51635,1.00,1.00
2016.12.30 14:03:35.655,1.5159,1.51626,1.00,1.00
2016.12.30 14:03:35.706,1.51588,1.51626,1.00,1.00
2016.12.30 14:03:35.757,1.51588,1.51632,1.00,1.00
2016.12.30 14:03:35.807,1.51588,1.51626,1.00,1.00
2016.12.30 14:03:36.254,1.51588,1.51616,1.00,1.00
2016.12.30 14:03:36.506,1.51588,1.51626,1.00,1.00
2016.12.30 14:03:37.036,1.51588,1.51627,1.00,1.00
2016.12.30 14:03:37.561,1.51588,1.51633,1.00,1.00
2016.12.30 14:03:37.708,1.51599,1.51636,1.00,1.00
2016.12.30 14:03:38.010,1.51599,1.51636,1.00,1.00
2016.12.30 14:03:38.212,1.516,1.51636,1.00,1.00
2016.12.30 14:03:38.727,1.516,1.51636,1.00,1.00
2016.12.30 14:03:39.230,1.516,1.51636,1.00,1.00
2016.12.30 14:03:39.332,1.51602,1.51646,1.50,1.00
2016.12.30 14:03:39.433,1.51605,1.51646,1.00,1.00
2016.12.30 14:03:39.741,1.51608,1.51646,1.00,1.00
2016.12.30 14:03:39.842,1.51608,1.51646,1.00,1.00
2016.12.30 14:03:39.893,1.51608,1.51643,1.00,1.00
2016.12.30 14:03:39.943,1.51605,1.5164,1.00,1.00
2016.12.30 14:03:40.100,1.516,1.5164,1.00,1.00
2016.12.30 14:03:40.151,1.516,1.51636,1.00,1.00
2016.12.30 14:03:41.812,1.51598,1.51626,1.00,1.00
2016.12.30 14:03:42.041,1.51598,1.51636,1.00,1.00
2016.12.30 14:03:42.806,1.51598,1.51637,1.00,1.00
2016.12.30 14:03:43.586,1.51598,1.51636,1.00,1.00
2016.12.30 14:03:43.911,1.51598,1.51626,1.00,1.00
2016.12.30 14:03:44.012,1.51595,1.51626,1.00,1.00
2016.12.30 14:03:46.497,1.51595,1.51636,1.00,1.00
2016.12.30 14:03:46.548,1.51595,1.51636,1.00,1.00
2016.12.30 14:03:46.851,1.51596,1.51636,1.00,1.00
2016.12.30 14:03:46.952,1.51594,1.51636,1.50,1.00
2016.12.30 14:03:47.053,1.51597,1.51637,1.00,1.00
2016.12.30 14:03:47.254,1.51597,1.51636,1.00,1.00
2016.12.30 14:03:47.556,1.51597,1.51636,1.00,1.00
2016.12.30 14:03:47.954,1.51597,1.51627,1.00,1.00
2016.12.30 14:03:48.492,1.51597,1.51636,1.00,1.00
2016.12.30 14:03:48.808,1.516,1.51636,1.00,1.00
2016.12.30 14:03:49.061,1.51601,1.51644,1.00,1.50
2016.12.30 14:03:49.162,1.516,1.51644,1.00,1.50
2016.12.30 14:03:49.313,1.516,1.51637,1.00,1.00
2016.12.30 14:03:49.943,1.516,1.51636,1.00,1.00
2016.12.30 14:03:52.794,1.516,1.51637,1.00,1.00
2016.12.30 14:03:53.028,1.516,1.51644,1.00,1.00
2016.12.30 14:03:53.079,1.516,1.51641,1.00,1.00
2016.12.30 14:03:53.130,1.516,1.51641,1.00,1.00
2016.12.30 14:03:53.231,1.516,1.51636,1.00,1.00
2016.12.30 14:03:53.572,1.516,1.51637,1.00,1.00
2016.12.30 14:03:54.117,1.516,1.51636,1.00,1.00
2016.12.30 14:03:54.713,1.516,1.51637,1.00,1.00
2016.12.30 14:03:54.764,1.516,1.51646,2.50,1.00
2016.12.30 14:03:54.815,1.51604,1.51646,1.00,1.00
2016.12.30 14:03:55.218,1.51604,1.51646,1.00,1.00
2016.12.30 14:03:55.938,1.51604,1.51645,1.00,1.00
2016.12.30 14:03:56.039,1.51605,1.51646,1.00,1.00
2016.12.30 14:03:56.342,1.51605,1.51647,1.00,1.00
2016.12.30 14:03:56.566,1.51605,1.51636,1.00,1.00
2016.12.30 14:03:56.806,1.51605,1.51646,1.00,1.00
2016.12.30 14:03:56.857,1.51605,1.51646,1.00,1.00
2016.12.30 14:03:57.214,1.51605,1.51636,1.00,1.00
2016.12.30 14:03:57.316,1.51605,1.51646,1.00,1.00
2016.12.30 14:03:57.518,1.51605,1.51646,1.00,1.00
2016.12.30 14:03:57.619,1.51605,1.51637,1.00,1.00
2016.12.30 14:03:58.129,1.51605,1.51637,1.00,1.00
2016.12.30 14:03:58.180,1.51605,1.51647,1.00,1.00
2016.12.30 14:03:58.231,1.51608,1.51646,1.00,1.00
2016.12.30 14:03:58.533,1.51614,1.51646,1.00,1.00
2016.12.30 14:03:58.625,1.51614,1.51646,1.00,1.00
2016.12.30 14:03:58.859,1.51614,1.51654,1.00,1.00
2016.12.30 14:03:58.910,1.51614,1.51646,1.00,1.00
2016.12.30 14:03:59.243,1.51614,1.51647,1.00,1.00
2016.12.30 14:03:59.344,1.51614,1.51647,1.00,1.00
2016.12.30 14:03:59.747,1.51616,1.51646,1.00,1.00
2016.12.30 14:03:59.935,1.51616,1.51657,1.00,1.00
2016.12.30 14:04:00.137,1.51616,1.51656,1.00,1.50
2016.12.30 14:04:00.238,1.51613,1.51656,1.00,1.50
2016.12.30 14:04:00.439,1.51613,1.51646,1.00,1.00
2016.12.30 14:04:00.742,1.51613,1.51646,1.00,1.00
2016.12.30 14:04:01.287,1.51613,1.51657,2.50,1.00
2016.12.30 14:04:01.338,1.51615,1.51656,1.00,1.00
2016.12.30 14:04:01.641,1.51618,1.51656,1.00,1.00
2016.12.30 14:04:01.842,1.51619,1.51667,1.00,1.00
2016.12.30 14:04:01.943,1.51626,1.51667,1.00,1.00
2016.12.30 14:04:02.505,1.51626,1.51656,1.00,1.00
2016.12.30 14:04:03.596,1.51626,1.51667,1.00,1.00
2016.12.30 14:04:03.697,1.51624,1.51667,1.00,1.50
2016.12.30 14:04:03.747,1.51623,1.51657,1.00,1.00
2016.12.30 14:04:03.798,1.51623,1.51666,1.00,1.00
2016.12.30 14:04:03.849,1.51621,1.51656,1.00,1.00
2016.12.30 14:04:04.512,1.51621,1.51657,1.00,1.00
2016.12.30 14:04:04.663,1.51616,1.51657,1.00,1.00
2016.12.30 14:04:04.966,1.51616,1.51656,1.00,1.00
2016.12.30 14:04:05.268,1.51621,1.51656,1.00,1.00
2016.12.30 14:04:05.783,1.51622,1.51656,1.00,1.00
2016.12.30 14:04:06.525,1.51622,1.51657,1.00,1.00
2016.12.30 14:04:06.852,1.51622,1.51657,1.00,1.00
2016.12.30 14:04:06.953,1.51622,1.51661,1.00,1.00
2016.12.30 14:04:07.054,1.51622,1.51665,1.00,1.00
2016.12.30 14:04:07.277,1.51622,1.51666,1.00,1.50
2016.12.30 14:04:07.328,1.51623,1.51666,1.00,1.00
2016.12.30 14:04:07.429,1.51623,1.51666,1.00,1.00
2016.12.30 14:04:07.631,1.51624,1.51656,1.00,1.00
2016.12.30 14:04:08.132,1.51624,1.51666,1.00,1.00
2016.12.30 14:04:08.233,1.51627,1.51666,1.00,1.00
2016.12.30 14:04:08.452,1.51627,1.51667,1.00,1.00
2016.12.30 14:04:08.985,1.51627,1.51666,1.00,1.00
2016.12.30 14:04:09.348,1.51629,1.51667,1.00,1.00
2016.12.30 14:04:10.227,1.51629,1.51666,1.00,1.00
2016.12.30 14:04:10.278,1.51629,1.51666,1.00,1.00
2016.12.30 14:04:10.532,1.51629,1.51666,1.00,1.00
2016.12.30 14:04:12.583,1.51629,1.51665,1.00,1.00
2016.12.30 14:04:12.684,1.51622,1.51661,1.00,1.00
2016.12.30 14:04:12.785,1.51615,1.51661,1.00,1.00
2016.12.30 14:04:12.836,1.51616,1.51661,1.00,1.00
2016.12.30 14:04:13.138,1.51617,1.51656,1.00,1.00
2016.12.30 14:04:13.471,1.5162,1.51657,1.00,1.00
2016.12.30 14:04:13.602,1.51624,1.51667,1.00,1.00
2016.12.30 14:04:13.660,1.51626,1.51657,1.00,1.00
2016.12.30 14:04:13.793,1.51626,1.51666,1.00,1.00
2016.12.30 14:04:14.069,1.51626,1.51656,1.00,1.00
2016.12.30 14:04:14.170,1.51626,1.51666,1.00,1.00
2016.12.30 14:04:14.828,1.51626,1.51667,1.00,1.00
2016.12.30 14:04:15.259,1.51626,1.51667,1.00,1.00
2016.12.30 14:04:15.360,1.51626,1.51667,1.00,1.00
2016.12.30 14:04:15.863,1.51626,1.51667,1.00,1.00
2016.12.30 14:04:16.115,1.51627,1.51675,1.00,1.00
2016.12.30 14:04:16.166,1.5163,1.51676,1.00,1.00
2016.12.30 14:04:16.478,1.51636,1.51676,1.00,1.00
2016.12.30 14:04:16.579,1.51636,1.51676,1.00,1.00
2016.12.30 14:04:17.111,1.51636,1.51677,1.00,1.00
2016.12.30 14:04:17.161,1.51636,1.51674,1.00,1.00
2016.12.30 14:04:17.262,1.51635,1.51674,1.00,1.00
2016.12.30 14:04:17.313,1.51635,1.51667,1.00,1.00
2016.12.30 14:04:17.364,1.51632,1.51667,1.00,1.00
2016.12.30 14:04:17.880,1.5163,1.51667,1.00,1.00
2016.12.30 14:04:17.931,1.5163,1.51674,1.00,1.00
2016.12.30 14:04:17.982,1.5163,1.51676,1.00,1.00
2016.12.30 14:04:18.284,1.51632,1.51676,1.00,1.00
2016.12.30 14:04:18.590,1.51633,1.51667,1.00,1.00
2016.12.30 14:04:19.082,1.51635,1.51677,1.00,1.00
2016.12.30 14:04:19.304,1.51635,1.51667,1.00,1.00
2016.12.30 14:04:19.876,1.51635,1.51667,1.00,1.00
2016.12.30 14:04:19.977,1.5163,1.51666,1.00,1.00
2016.12.30 14:04:20.028,1.5163,1.51656,1.00,1.00
2016.12.30 14:04:20.078,1.51627,1.51656,1.00,1.00
2016.12.30 14:04:20.179,1.51625,1.51656,1.00,1.00
2016.12.30 14:04:20.481,1.51625,1.51657,1.00,1.00
2016.12.30 14:04:20.892,1.51625,1.51666,1.00,1.00
2016.12.30 14:04:24.290,1.51625,1.51667,1.00,1.00
2016.12.30 14:04:24.341,1.51627,1.51674,1.00,1.00
2016.12.30 14:04:24.392,1.51632,1.51667,1.00,1.00
2016.12.30 14:04:24.442,1.51632,1.51677,1.00,1.50
2016.12.30 14:04:24.493,1.51632,1.51672,1.00,1.00
2016.12.30 14:04:24.675,1.51625,1.51667,1.00,1.00
2016.12.30 14:04:24.726,1.51624,1.51657,1.00,1.00
2016.12.30 14:04:24.978,1.51622,1.51657,1.00,1.00
2016.12.30 14:04:25.290,1.51622,1.51656,1.00,1.00
2016.12.30 14:04:25.392,1.51621,1.51657,1.00,1.50
2016.12.30 14:04:25.493,1.51616,1.51657,1.00,1.50
2016.12.30 14:04:25.846,1.51615,1.51647,1.00,1.00
2016.12.30 14:04:26.971,1.51615,1.51646,1.00,1.00
2016.12.30 14:04:27.276,1.51615,1.51646,1.00,1.00
2016.12.30 14:04:27.794,1.51615,1.51656,1.00,1.00
2016.12.30 14:04:27.845,1.51615,1.51646,1.00,1.00
2016.12.30 14:04:29.585,1.51613,1.51646,1.00,1.00
2016.12.30 14:04:30.906,1.5161,1.51646,1.00,1.00
2016.12.30 14:04:31.438,1.5161,1.51646,1.00,1.00
2016.12.30 14:04:32.000,1.5161,1.51646,1.00,1.00
2016.12.30 14:04:32.302,1.5161,1.51647,1.00,1.00
2016.12.30 14:04:32.403,1.5161,1.51646,1.00,1.00
2016.12.30 14:04:32.605,1.5161,1.51646,1.00,1.00
2016.12.30 14:04:33.117,1.5161,1.51647,1.00,1.00
2016.12.30 14:04:33.168,1.5161,1.51647,1.00,1.00
2016.12.30 14:04:33.475,1.51608,1.51647,1.00,1.00
2016.12.30 14:04:34.052,1.51608,1.51646,1.00,1.00
2016.12.30 14:04:40.115,1.51608,1.51646,1.00,1.00
2016.12.30 14:04:43.615,1.51608,1.51654,1.00,1.00
2016.12.30 14:04:43.666,1.51614,1.51653,1.00,1.00
2016.12.30 14:04:43.716,1.51616,1.51656,1.00,1.00
2016.12.30 14:04:43.817,1.5162,1.51656,1.00,1.00
2016.12.30 14:04:44.324,1.5162,1.51656,1.00,1.00
2016.12.30 14:04:44.526,1.51615,1.51657,1.00,1.87
2016.12.30 14:04:44.627,1.51613,1.51653,1.00,1.00
2016.12.30 14:04:45.090,1.51613,1.51646,1.00,1.00
2016.12.30 14:04:45.337,1.51611,1.51646,1.00,1.00
2016.12.30 14:04:45.438,1.51611,1.51653,1.00,1.00
2016.12.30 14:04:45.488,1.5161,1.51646,1.50,1.00
2016.12.30 14:04:45.589,1.5161,1.51653,2.50,1.00
2016.12.30 14:04:45.640,1.51611,1.51653,1.00,1.00
2016.12.30 14:04:46.000,1.51611,1.51646,1.00,1.00
2016.12.30 14:04:46.792,1.51611,1.51647,1.00,1.00
2016.12.30 14:04:47.416,1.51611,1.51656,1.00,1.00
2016.12.30 14:04:47.517,1.51615,1.51657,1.00,1.00
2016.12.30 14:04:47.619,1.51615,1.51656,1.00,1.00
2016.12.30 14:04:47.909,1.51617,1.51656,1.00,1.00
2016.12.30 14:04:48.111,1.51617,1.51657,1.00,1.00
2016.12.30 14:04:48.212,1.51617,1.51647,1.00,1.00
2016.12.30 14:04:48.313,1.51613,1.51647,1.00,1.00
2016.12.30 14:04:48.414,1.51613,1.51656,1.00,1.50
2016.12.30 14:04:48.515,1.51613,1.51657,1.00,1.00
2016.12.30 14:04:49.102,1.51613,1.51656,2.50,1.00
2016.12.30 14:04:51.632,1.51627,1.51664,1.00,1.00
2016.12.30 14:04:51.685,1.51627,1.51667,1.00,1.00
2016.12.30 14:04:51.836,1.51627,1.51656,1.00,1.00
2016.12.30 14:04:52.173,1.51627,1.51647,1.00,1.00
2016.12.30 14:04:52.224,1.51622,1.51647,1.00,1.00
2016.12.30 14:04:52.549,1.51622,1.51657,1.00,1.00
2016.12.30 14:04:52.708,1.51622,1.51646,1.00,1.00
2016.12.30 14:04:52.810,1.51622,1.51657,1.00,1.00
2016.12.30 14:04:53.389,1.51622,1.51657,1.00,1.00
2016.12.30 14:04:53.969,1.51622,1.51647,1.00,1.00
2016.12.30 14:04:54.352,1.51617,1.51657,1.00,1.00
2016.12.30 14:04:54.856,1.51617,1.51656,1.00,1.00
2016.12.30 14:04:54.957,1.51617,1.51656,1.00,1.00
2016.12.30 14:04:55.108,1.51617,1.51659,1.00,1.00
2016.12.30 14:04:55.159,1.51617,1.51662,1.00,1.00
2016.12.30 14:04:55.260,1.51619,1.51662,1.00,1.00
2016.12.30 14:04:55.528,1.51619,1.51665,1.00,1.00
2016.12.30 14:04:56.187,1.51623,1.51665,1.00,1.00
2016.12.30 14:04:56.345,1.51623,1.51665,1.00,1.00
2016.12.30 14:04:56.446,1.51623,1.51656,1.00,1.00
2016.12.30 14:04:56.652,1.51623,1.51665,1.00,1.00
2016.12.30 14:04:56.753,1.51623,1.51667,1.00,1.87
2016.12.30 14:04:56.803,1.51623,1.51662,1.00,1.00
2016.12.30 14:04:56.854,1.51623,1.51663,1.00,1.00
2016.12.30 14:04:56.955,1.51623,1.51657,1.00,1.00
2016.12.30 14:04:57.006,1.51623,1.51667,1.00,1.50
2016.12.30 14:04:57.258,1.51623,1.51667,1.00,1.50
2016.12.30 14:04:57.459,1.51623,1.51667,1.00,1.50
2016.12.30 14:04:58.072,1.51623,1.51666,1.00,1.00
2016.12.30 14:04:58.552,1.51622,1.51666,1.00,2.25
2016.12.30 14:04:58.890,1.51622,1.51664,1.00,1.00
2016.12.30 14:04:59.192,1.51618,1.51656,1.00,1.00
2016.12.30 14:04:59.536,1.51618,1.51647,1.00,1.00
2016.12.30 14:04:59.805,1.51618,1.51656,1.00,1.00
2016.12.30 14:04:59.856,1.5162,1.51656,1.00,1.00
2016.12.30 14:05:01.106,1.5162,1.51647,1.00,1.00
2016.12.30 14:05:01.688,1.5162,1.51657,1.00,1.00
2016.12.30 14:05:01.739,1.5162,1.51647,1.00,1.00
2016.12.30 14:05:01.814,1.5162,1.51656,1.00,1.00
2016.12.30 14:05:02.151,1.51622,1.51656,1.00,1.00
2016.12.30 14:05:02.718,1.51622,1.51657,1.00,1.00
2016.12.30 14:05:03.294,1.51622,1.51656,1.00,1.00
2016.12.30 14:05:03.961,1.51622,1.51656,1.00,1.00
2016.12.30 14:05:04.571,1.51622,1.51656,1.00,1.00
2016.12.30 14:05:04.621,1.51622,1.51657,1.00,1.00
2016.12.30 14:05:05.024,1.51622,1.51656,1.00,1.00
2016.12.30 14:05:05.535,1.51622,1.51656,1.00,1.00
2016.12.30 14:05:05.818,1.51622,1.51666,1.00,1.00
2016.12.30 14:05:06.357,1.51622,1.51667,1.00,2.25
2016.12.30 14:05:06.728,1.51622,1.51662,1.00,1.00
2016.12.30 14:05:06.778,1.51622,1.51664,1.00,1.00
2016.12.30 14:05:06.829,1.51622,1.51664,1.00,1.00
2016.12.30 14:05:07.351,1.51622,1.51656,1.00,1.00
2016.12.30 14:05:07.868,1.51622,1.51657,1.00,1.00
2016.12.30 14:05:08.537,1.51622,1.51657,1.00,1.00
2016.12.30 14:05:08.638,1.51622,1.51657,1.00,1.00
2016.12.30 14:05:11.452,1.51622,1.51661,1.00,1.00
2016.12.30 14:05:11.553,1.51622,1.51661,1.00,1.00
2016.12.30 14:05:11.755,1.51622,1.51656,1.00,1.00
2016.12.30 14:05:12.058,1.51622,1.51663,1.00,1.00
2016.12.30 14:05:12.259,1.51622,1.51667,1.00,1.50
2016.12.30 14:05:12.461,1.51622,1.51656,1.00,1.00
2016.12.30 14:05:13.359,1.51622,1.51657,1.00,1.00
2016.12.30 14:05:13.982,1.51622,1.51656,1.00,1.00
2016.12.30 14:05:14.033,1.51624,1.51666,1.50,1.00
2016.12.30 14:05:14.252,1.51628,1.51667,1.00,1.00
2016.12.30 14:05:14.353,1.51628,1.51666,1.00,1.00
2016.12.30 14:05:14.555,1.51625,1.51656,1.00,1.00
2016.12.30 14:05:14.757,1.51625,1.51666,1.00,1.00
2016.12.30 14:05:14.858,1.51625,1.51666,1.00,1.00
2016.12.30 14:05:15.060,1.51625,1.51667,1.00,1.00
2016.12.30 14:05:15.162,1.51625,1.51656,1.00,1.00
2016.12.30 14:05:15.277,1.51625,1.51656,1.00,1.00
2016.12.30 14:05:15.429,1.51625,1.51666,1.00,1.00
2016.12.30 14:05:15.530,1.51625,1.51666,1.00,1.50
2016.12.30 14:05:15.853,1.51625,1.51656,1.00,1.00
2016.12.30 14:05:16.750,1.51624,1.51656,1.00,1.00
2016.12.30 14:05:17.294,1.51624,1.51657,1.00,1.00
2016.12.30 14:05:17.345,1.51624,1.51666,1.00,1.00
2016.12.30 14:05:17.647,1.51624,1.51666,1.00,1.00
2016.12.30 14:05:17.950,1.51623,1.51666,1.00,1.00
2016.12.30 14:05:18.485,1.51623,1.51667,1.00,1.50
2016.12.30 14:05:18.712,1.51623,1.51667,1.00,1.37
2016.12.30 14:05:18.864,1.51623,1.51667,1.00,1.50
2016.12.30 14:05:19.065,1.51624,1.51667,1.00,1.00
2016.12.30 14:05:19.400,1.51624,1.51656,1.00,1.00
2016.12.30 14:05:20.480,1.51628,1.51656,1.00,1.00
2016.12.30 14:05:20.531,1.51628,1.51671,1.00,1.00
2016.12.30 14:05:20.581,1.51628,1.51666,1.00,1.00
2016.12.30 14:05:20.923,1.51628,1.51656,1.00,1.00
2016.12.30 14:05:21.025,1.51628,1.51666,1.00,1.00
2016.12.30 14:05:21.076,1.51627,1.51666,1.00,1.00
2016.12.30 14:05:21.379,1.51624,1.51666,1.00,1.00
2016.12.30 14:05:21.584,1.51622,1.51657,1.00,1.00
2016.12.30 14:05:21.912,1.51622,1.51656,1.50,1.00
2016.12.30 14:05:22.013,1.51623,1.51667,1.00,1.00
2016.12.30 14:05:22.381,1.51623,1.51666,1.00,1.00
2016.12.30 14:05:22.684,1.51625,1.51667,1.00,1.00
2016.12.30 14:05:22.986,1.51625,1.51656,1.00,1.00
2016.12.30 14:05:25.330,1.51625,1.51667,1.00,1.00
2016.12.30 14:05:25.864,1.51625,1.51666,1.00,1.00
2016.12.30 14:05:26.792,1.51629,1.51666,1.00,1.00
2016.12.30 14:05:27.392,1.51631,1.51667,1.00,1.00
2016.12.30 14:05:27.952,1.51631,1.51667,1.00,1.00
2016.12.30 14:05:28.483,1.51631,1.51666,1.00,1.00
2016.12.30 14:05:29.175,1.51631,1.51666,1.00,1.00
2016.12.30 14:05:29.816,1.51632,1.51666,1.12,1.00
2016.12.30 14:05:32.993,1.51634,1.51676,1.00,1.00
2016.12.30 14:05:33.044,1.51635,1.51683,1.12,1.00
2016.12.30 14:05:33.178,1.51642,1.51686,1.00,1.00
2016.12.30 14:05:33.511,1.51649,1.51686,1.00,1.00
2016.12.30 14:05:33.873,1.51649,1.51687,1.50,1.00
2016.12.30 14:05:34.075,1.51649,1.51693,1.00,1.00
2016.12.30 14:05:34.395,1.51649,1.51687,1.00,1.00
2016.12.30 14:05:34.726,1.51649,1.51692,1.00,1.00
2016.12.30 14:05:34.776,1.51651,1.51693,1.50,1.00
2016.12.30 14:05:35.092,1.51654,1.51686,1.00,1.00
2016.12.30 14:05:35.802,1.51654,1.51687,1.00,1.00
2016.12.30 14:05:35.903,1.51654,1.51686,1.00,1.00
2016.12.30 14:05:36.406,1.51654,1.51686,1.00,1.00
2016.12.30 14:05:36.993,1.51654,1.51686,1.00,1.00
2016.12.30 14:05:37.044,1.51654,1.51693,1.00,1.00
2016.12.30 14:05:37.145,1.51652,1.51687,1.00,1.00
2016.12.30 14:05:38.116,1.51652,1.51693,1.00,1.00
2016.12.30 14:05:38.928,1.51652,1.51686,1.00,1.00
2016.12.30 14:05:38.979,1.5165,1.51686,1.00,1.00
2016.12.30 14:05:39.490,1.5165,1.51692,1.00,1.00
2016.12.30 14:05:39.691,1.51652,1.51692,1.50,1.00
2016.12.30 14:05:40.037,1.51653,1.51692,1.50,1.00
2016.12.30 14:05:40.587,1.51653,1.51693,2.50,1.00
2016.12.30 14:05:40.896,1.51653,1.51687,1.00,1.00
2016.12.30 14:05:41.413,1.51653,1.51687,1.50,1.00
2016.12.30 14:05:42.401,1.51653,1.51692,2.50,1.00
2016.12.30 14:05:43.170,1.51653,1.51686,1.00,1.00
2016.12.30 14:05:43.220,1.51653,1.51692,2.50,1.00
2016.12.30 14:05:43.372,1.51651,1.51692,1.00,1.00
2016.12.30 14:05:43.523,1.51651,1.51686,1.00,1.00
2016.12.30 14:05:43.846,1.51651,1.51686,1.00,1.00
2016.12.30 14:05:44.384,1.51651,1.51686,1.00,1.00
2016.12.30 14:05:45.170,1.51651,1.51686,1.50,1.00
2016.12.30 14:05:45.721,1.51651,1.51687,1.00,1.00
2016.12.30 14:05:46.306,1.51651,1.51686,1.00,1.00
2016.12.30 14:05:48.163,1.51646,1.51688,1.00,1.00
2016.12.30 14:05:48.214,1.51646,1.51688,1.00,1.00
2016.12.30 14:05:48.543,1.51646,1.51686,1.00,1.00
2016.12.30 14:05:49.293,1.51646,1.51687,1.00,1.00
2016.12.30 14:05:50.167,1.51646,1.51684,1.00,1.00
2016.12.30 14:05:50.218,1.51646,1.51685,1.00,1.00
2016.12.30 14:05:50.571,1.51646,1.51686,1.00,1.00
2016.12.30 14:05:50.874,1.51647,1.51686,1.12,1.00
2016.12.30 14:05:52.603,1.51647,1.51687,1.50,1.00
2016.12.30 14:05:53.124,1.51648,1.51686,1.00,1.00
2016.12.30 14:05:53.490,1.51652,1.51686,1.00,1.00
2016.12.30 14:05:55.460,1.51652,1.51687,1.00,1.00
2016.12.30 14:05:56.084,1.51652,1.51687,1.00,1.00
2016.12.30 14:05:56.284,1.51652,1.51687,1.00,1.00
2016.12.30 14:05:56.898,1.51652,1.51687,1.00,1.00
2016.12.30 14:05:57.576,1.51652,1.51686,1.00,1.00
2016.12.30 14:05:59.188,1.51653,1.51686,1.00,1.00
2016.12.30 14:05:59.928,1.51653,1.51686,1.00,1.00
2016.12.30 14:06:01.483,1.51653,1.51687,1.00,1.50
2016.12.30 14:06:01.534,1.51651,1.51687,1.00,1.00
2016.12.30 14:06:01.736,1.51649,1.51676,1.00,1.00
2016.12.30 14:06:02.187,1.51649,1.51687,1.00,1.00
2016.12.30 14:06:02.698,1.51649,1.51687,1.00,1.00
2016.12.30 14:06:02.938,1.51649,1.51687,1.00,1.00
2016.12.30 14:06:03.141,1.51649,1.51687,1.00,1.00
2016.12.30 14:06:03.865,1.51649,1.51686,1.00,1.00
2016.12.30 14:06:04.318,1.51649,1.51686,1.00,1.00
2016.12.30 14:06:06.691,1.51649,1.51687,1.00,1.00
2016.12.30 14:06:07.208,1.51649,1.51686,1.00,1.00
2016.12.30 14:06:07.391,1.5165,1.51692,2.50,1.00
2016.12.30 14:06:07.442,1.51658,1.51692,1.00,1.00
2016.12.30 14:06:07.802,1.51656,1.51692,1.00,1.00
2016.12.30 14:06:07.852,1.51655,1.51686,1.00,1.00
2016.12.30 14:06:09.454,1.51655,1.51693,1.00,1.00
2016.12.30 14:06:09.803,1.51655,1.51692,1.00,1.00
2016.12.30 14:06:10.603,1.51655,1.51692,1.00,1.00
2016.12.30 14:06:10.969,1.51655,1.51692,1.00,1.00
2016.12.30 14:06:11.606,1.51655,1.51693,1.00,1.00
2016.12.30 14:06:11.945,1.51655,1.51692,1.00,1.00
2016.12.30 14:06:12.046,1.51655,1.51687,1.00,1.00
2016.12.30 14:06:12.349,1.51666,1.51693,1.00,1.00
2016.12.30 14:06:12.653,1.5167,1.51692,1.00,1.00
2016.12.30 14:06:13.211,1.5167,1.51692,1.00,1.00
2016.12.30 14:06:14.082,1.5167,1.51693,1.00,1.00
2016.12.30 14:06:15.017,1.5167,1.51692,1.00,1.00
2016.12.30 14:06:15.540,1.51669,1.51693,1.00,1.00
2016.12.30 14:06:15.641,1.51666,1.51693,1.00,1.00
2016.12.30 14:06:16.251,1.51666,1.51692,1.00,1.00
2016.12.30 14:06:17.517,1.51666,1.51693,1.00,1.00
2016.12.30 14:06:17.819,1.51663,1.51692,1.00,1.00
2016.12.30 14:06:18.126,1.51663,1.51693,1.00,1.00
2016.12.30 14:06:18.429,1.51669,1.51692,1.00,1.00
2016.12.30 14:06:18.727,1.51669,1.51692,1.00,1.00
2016.12.30 14:06:19.016,1.51668,1.51692,1.00,1.00
2016.12.30 14:06:19.582,1.51668,1.51693,1.00,1.00
2016.12.30 14:06:21.725,1.51666,1.51693,1.00,1.00
2016.12.30 14:06:22.241,1.51665,1.51693,1.00,1.00
2016.12.30 14:06:22.744,1.51663,1.51692,1.00,1.00
2016.12.30 14:06:22.958,1.51663,1.51693,1.00,1.00
2016.12.30 14:06:25.143,1.51663,1.51692,1.00,1.00
2016.12.30 14:06:25.678,1.51663,1.51693,1.00,1.00
2016.12.30 14:06:26.188,1.51663,1.51692,1.00,1.00
2016.12.30 14:06:26.656,1.51665,1.51692,1.00,1.00
2016.12.30 14:06:26.726,1.51665,1.51692,1.00,1.00
2016.12.30 14:06:26.939,1.51666,1.51693,1.00,1.00
2016.12.30 14:06:27.273,1.5167,1.51693,1.00,1.00
2016.12.30 14:06:27.755,1.51672,1.51692,1.00,1.00
2016.12.30 14:06:28.396,1.51676,1.51692,1.00,1.00
2016.12.30 14:06:28.498,1.51676,1.51697,1.00,1.00
2016.12.30 14:06:28.618,1.51679,1.51697,1.00,1.00
2016.12.30 14:06:29.143,1.51679,1.51698,1.00,1.00
2016.12.30 14:06:29.645,1.5168,1.51698,1.00,1.00
2016.12.30 14:06:29.888,1.5168,1.51716,1.00,1.00
2016.12.30 14:06:30.464,1.5168,1.51716,1.00,1.00
2016.12.30 14:06:31.124,1.5168,1.51717,1.00,1.00
2016.12.30 14:06:31.175,1.51683,1.51717,1.00,1.00
2016.12.30 14:06:31.508,1.51686,1.51717,1.00,1.00
2016.12.30 14:06:32.108,1.51686,1.51716,1.00,1.00
2016.12.30 14:06:32.670,1.51686,1.51717,1.00,1.00
2016.12.30 14:06:33.074,1.51689,1.51727,1.00,1.00
2016.12.30 14:06:33.377,1.51693,1.51726,1.00,1.00
2016.12.30 14:06:33.629,1.51697,1.51735,1.00,1.00
2016.12.30 14:06:33.730,1.51697,1.51735,1.00,1.00
2016.12.30 14:06:33.881,1.51697,1.51736,1.00,1.00
2016.12.30 14:06:34.184,1.51697,1.51726,1.00,1.00
2016.12.30 14:06:35.037,1.51697,1.51726,1.00,1.00
2016.12.30 14:06:35.244,1.51697,1.51737,1.00,1.00
2016.12.30 14:06:35.345,1.51699,1.51737,1.00,1.00
2016.12.30 14:06:36.840,1.51699,1.51737,1.00,1.00
2016.12.30 14:06:37.267,1.517,1.51737,1.00,1.00
2016.12.30 14:06:37.778,1.517,1.51736,1.00,1.00
2016.12.30 14:06:39.369,1.517,1.51736,1.00,1.00
2016.12.30 14:06:39.943,1.517,1.51726,1.00,1.00
2016.12.30 14:06:39.993,1.517,1.51736,1.00,1.50
2016.12.30 14:06:40.094,1.51697,1.51736,1.00,1.50
2016.12.30 14:06:40.250,1.51697,1.51727,1.00,1.00
2016.12.30 14:06:40.927,1.51697,1.51737,1.00,1.00
2016.12.30 14:06:40.978,1.51697,1.51737,1.00,1.00
2016.12.30 14:06:41.306,1.51697,1.51727,1.00,1.00
2016.12.30 14:06:43.434,1.51697,1.51736,1.00,1.00
2016.12.30 14:06:43.485,1.517,1.51747,1.50,1.00
2016.12.30 14:06:43.586,1.51706,1.51746,1.00,1.00
2016.12.30 14:06:43.929,1.51706,1.51736,1.00,1.00
2016.12.30 14:06:45.157,1.51706,1.51736,1.00,1.00
2016.12.30 14:06:45.258,1.51704,1.51736,1.00,1.00
2016.12.30 14:06:45.359,1.51705,1.51746,1.00,1.00
2016.12.30 14:06:45.460,1.51708,1.51746,1.00,1.00
2016.12.30 14:06:45.612,1.51708,1.51746,1.00,1.00
2016.12.30 14:06:45.663,1.51706,1.51736,1.00,1.00
2016.12.30 14:06:45.764,1.51703,1.51737,1.00,1.00
2016.12.30 14:06:45.815,1.51703,1.51745,1.00,1.00
2016.12.30 14:06:45.941,1.51703,1.51747,1.00,1.00
2016.12.30 14:06:46.244,1.51706,1.51746,1.00,1.00
2016.12.30 14:06:46.612,1.51706,1.51736,1.00,1.00
2016.12.30 14:06:47.205,1.51706,1.51746,1.00,1.00
2016.12.30 14:06:47.256,1.5171,1.51746,1.00,1.00
2016.12.30 14:06:47.805,1.5171,1.51746,1.00,1.00
2016.12.30 14:06:49.263,1.51711,1.51756,1.00,1.00
2016.12.30 14:06:49.546,1.51711,1.51746,1.00,1.00
2016.12.30 14:06:49.597,1.51711,1.51746,1.00,1.00
2016.12.30 14:06:49.648,1.51711,1.51737,1.00,1.00
2016.12.30 14:06:49.699,1.5171,1.51737,1.00,1.00
2016.12.30 14:06:49.951,1.5171,1.51746,1.00,1.00
2016.12.30 14:06:51.251,1.5171,1.51736,1.00,1.00
2016.12.30 14:06:51.775,1.5171,1.51747,1.00,1.00
2016.12.30 14:06:51.965,1.5171,1.51746,1.00,1.00
2016.12.30 14:06:52.368,1.5171,1.51737,1.00,1.00
2016.12.30 14:06:52.431,1.5171,1.51747,1.00,1.00
2016.12.30 14:06:54.219,1.5171,1.51747,1.00,1.00
2016.12.30 14:06:54.373,1.5171,1.51736,1.00,1.00
2016.12.30 14:06:54.423,1.51709,1.51736,1.00,1.00
2016.12.30 14:06:54.828,1.51709,1.51736,1.00,1.00
2016.12.30 14:06:55.378,1.51709,1.51736,1.00,1.00
2016.12.30 14:06:55.819,1.51709,1.51747,1.00,1.00
2016.12.30 14:06:56.216,1.51711,1.51746,1.00,1.00
2016.12.30 14:06:56.620,1.51709,1.51746,1.00,1.00
2016.12.30 14:06:56.931,1.51709,1.51747,1.00,1.00
2016.12.30 14:06:57.512,1.51709,1.51746,1.00,1.00
2016.12.30 14:06:58.334,1.51712,1.51746,1.00,1.00
2016.12.30 14:06:58.946,1.51712,1.51747,1.00,1.00
2016.12.30 14:06:59.970,1.51712,1.51746,1.00,1.00
2016.12.30 14:07:00.231,1.51712,1.5175,1.00,1.00
2016.12.30 14:07:00.332,1.5171,1.5175,1.00,1.00
2016.12.30 14:07:00.433,1.5171,1.51746,1.00,1.00
2016.12.30 14:07:00.534,1.51708,1.51747,1.00,1.00
2016.12.30 14:07:00.786,1.51708,1.51747,1.00,1.00
2016.12.30 14:07:01.089,1.51708,1.51746,1.00,1.00
2016.12.30 14:07:01.139,1.51708,1.51744,1.00,1.00
2016.12.30 14:07:01.190,1.51703,1.51741,1.00,1.00
2016.12.30 14:07:01.241,1.51703,1.51736,1.00,1.00
2016.12.30 14:07:01.292,1.517,1.51741,1.00,1.00
2016.12.30 14:07:01.438,1.517,1.51741,1.00,1.00
2016.12.30 14:07:01.488,1.517,1.51744,1.00,1.00
2016.12.30 14:07:01.539,1.517,1.51736,1.00,1.00
2016.12.30 14:07:01.937,1.51701,1.51736,1.00,1.00
2016.12.30 14:07:02.038,1.51701,1.51736,1.00,1.00
2016.12.30 14:07:02.089,1.51706,1.51736,1.00,1.00
2016.12.30 14:07:02.341,1.51707,1.51746,1.00,1.50
2016.12.30 14:07:02.392,1.51706,1.51745,1.00,1.00
2016.12.30 14:07:02.443,1.51706,1.5174,1.00,1.00
2016.12.30 14:07:02.493,1.517,1.51736,1.00,1.00
2016.12.30 14:07:02.595,1.517,1.51737,1.00,1.00
2016.12.30 14:07:02.901,1.517,1.51736,1.00,1.00
2016.12.30 14:07:03.421,1.51702,1.51736,1.00,1.00
2016.12.30 14:07:03.522,1.51705,1.51747,1.00,1.50
2016.12.30 14:07:03.623,1.51707,1.51736,1.00,1.00
2016.12.30 14:07:03.926,1.51706,1.51744,1.00,1.00
2016.12.30 14:07:04.027,1.51706,1.51746,1.00,1.50
2016.12.30 14:07:04.227,1.51706,1.51746,1.00,1.50
2016.12.30 14:07:04.536,1.51706,1.51736,1.00,1.00
2016.12.30 14:07:05.669,1.51706,1.51737,1.00,1.00
2016.12.30 14:07:06.200,1.51706,1.51736,1.00,1.00
2016.12.30 14:07:06.583,1.51707,1.51737,1.00,1.00
2016.12.30 14:07:06.633,1.51707,1.51747,1.00,1.00
2016.12.30 14:07:08.131,1.51707,1.51746,1.00,1.00
2016.12.30 14:07:08.310,1.51707,1.51746,1.00,1.00
2016.12.30 14:07:08.847,1.51707,1.51746,1.00,1.00
2016.12.30 14:07:10.480,1.51707,1.51746,1.00,1.00
2016.12.30 14:07:10.783,1.51708,1.51747,1.00,1.00
2016.12.30 14:07:10.834,1.51708,1.51747,1.00,1.00
2016.12.30 14:07:11.043,1.51709,1.51746,1.00,1.00
2016.12.30 14:07:11.346,1.51712,1.51746,1.00,1.00
2016.12.30 14:07:13.690,1.51712,1.51747,1.00,1.00
2016.12.30 14:07:15.649,1.51715,1.51757,1.00,1.00
2016.12.30 14:07:16.304,1.51715,1.51756,1.00,1.00
2016.12.30 14:07:17.203,1.51716,1.51756,1.00,1.00
2016.12.30 14:07:17.254,1.51718,1.51766,1.50,1.50
2016.12.30 14:07:17.305,1.51721,1.51766,1.00,1.00
2016.12.30 14:07:17.607,1.51727,1.51766,1.00,1.00
2016.12.30 14:07:17.929,1.51727,1.51767,1.00,1.00
2016.12.30 14:07:17.980,1.51727,1.51762,1.00,1.00
2016.12.30 14:07:18.031,1.51724,1.51762,1.00,1.00
2016.12.30 14:07:18.183,1.51724,1.51766,1.00,1.00
2016.12.30 14:07:18.234,1.51726,1.51766,1.00,1.00
2016.12.30 14:07:18.855,1.51725,1.51766,1.00,1.50
2016.12.30 14:07:19.027,1.51725,1.51766,1.00,1.50
2016.12.30 14:07:19.331,1.51731,1.51767,1.00,1.00
2016.12.30 14:07:19.633,1.51731,1.51766,1.00,1.00
2016.12.30 14:07:20.137,1.51731,1.51767,1.00,1.00
2016.12.30 14:07:20.532,1.51731,1.51767,1.00,1.50
2016.12.30 14:07:20.704,1.51731,1.51756,1.00,1.00
2016.12.30 14:07:21.056,1.51731,1.51757,1.00,1.00
2016.12.30 14:07:21.836,1.51731,1.51766,1.00,1.00
2016.12.30 14:07:22.230,1.51731,1.51767,1.00,1.00
2016.12.30 14:07:22.940,1.51731,1.51767,1.00,1.00
2016.12.30 14:07:23.041,1.51731,1.51767,1.00,1.00
2016.12.30 14:07:23.745,1.51731,1.51766,1.00,1.00
2016.12.30 14:07:24.427,1.51731,1.51766,1.00,1.00
2016.12.30 14:07:24.528,1.51731,1.51766,1.00,1.00
2016.12.30 14:07:25.073,1.51731,1.51767,1.00,1.00
2016.12.30 14:07:27.830,1.51731,1.51766,1.00,1.00
2016.12.30 14:07:28.353,1.51732,1.51767,1.00,1.00
2016.12.30 14:07:30.740,1.51732,1.51767,1.00,1.00
2016.12.30 14:07:31.042,1.51732,1.51766,1.00,1.00
2016.12.30 14:07:31.674,1.51732,1.51766,1.00,1.00
2016.12.30 14:07:32.214,1.51732,1.51767,1.00,1.00
2016.12.30 14:07:32.762,1.51732,1.51767,1.00,1.00
2016.12.30 14:07:33.045,1.51732,1.51766,1.00,1.00
2016.12.30 14:07:33.095,1.51732,1.51775,1.00,1.00
2016.12.30 14:07:33.146,1.51734,1.51766,1.00,1.00
2016.12.30 14:07:33.448,1.51736,1.51766,1.00,1.00
2016.12.30 14:07:35.678,1.51735,1.51771,1.00,1.00
2016.12.30 14:07:35.779,1.51732,1.51771,1.00,1.00
2016.12.30 14:07:35.931,1.51732,1.51766,1.00,1.00
2016.12.30 14:07:36.548,1.51732,1.51756,1.00,1.00
2016.12.30 14:07:37.556,1.51729,1.51756,1.00,1.00
2016.12.30 14:07:37.657,1.51727,1.51756,1.00,1.00
2016.12.30 14:07:37.859,1.51725,1.51757,1.00,1.00
2016.12.30 14:07:38.237,1.51723,1.51757,1.00,1.00
2016.12.30 14:07:38.597,1.51723,1.51747,1.00,1.00
2016.12.30 14:07:38.655,1.51723,1.51757,1.00,1.00
2016.12.30 14:07:38.787,1.51723,1.51756,1.00,1.00
2016.12.30 14:07:38.837,1.51724,1.51766,1.00,1.50
2016.12.30 14:07:38.938,1.51724,1.51756,1.00,1.00
2016.12.30 14:07:39.229,1.51724,1.51763,1.00,1.00
2016.12.30 14:07:39.551,1.51724,1.51757,1.00,1.00
2016.12.30 14:07:42.143,1.51724,1.51756,1.00,1.00
2016.12.30 14:07:42.429,1.51721,1.51757,1.00,1.50
2016.12.30 14:07:42.480,1.51721,1.51754,1.00,1.00
2016.12.30 14:07:42.530,1.51715,1.51754,1.00,1.00
2016.12.30 14:07:42.732,1.51715,1.51756,1.00,1.00
2016.12.30 14:07:43.035,1.51721,1.51756,1.00,1.00
2016.12.30 14:07:43.854,1.51721,1.51756,1.00,1.00
2016.12.30 14:07:44.397,1.51721,1.51757,1.00,1.00
2016.12.30 14:07:44.996,1.51721,1.51756,1.00,1.00
2016.12.30 14:07:45.135,1.51721,1.5176,1.00,1.00
2016.12.30 14:07:45.236,1.5172,1.51756,1.00,1.00
2016.12.30 14:07:45.287,1.5172,1.5176,1.00,1.00
2016.12.30 14:07:45.338,1.5172,1.51763,1.00,1.00
2016.12.30 14:07:45.388,1.5172,1.51757,1.00,1.00
2016.12.30 14:07:45.691,1.5172,1.51765,1.50,1.00
2016.12.30 14:07:46.051,1.5172,1.51756,1.00,1.00
2016.12.30 14:07:46.101,1.5172,1.51759,1.00,1.00
2016.12.30 14:07:46.152,1.5172,1.51759,1.00,1.00
2016.12.30 14:07:46.492,1.51719,1.51756,1.00,1.00
2016.12.30 14:07:46.794,1.51719,1.51753,1.00,1.00
2016.12.30 14:07:46.845,1.51714,1.51755,1.00,1.00
2016.12.30 14:07:46.947,1.51711,1.51755,1.00,1.00
2016.12.30 14:07:47.149,1.51711,1.51756,1.00,2.25
2016.12.30 14:07:47.707,1.51711,1.51747,1.00,1.00
2016.12.30 14:07:47.912,1.51711,1.51756,1.00,1.50
2016.12.30 14:07:48.327,1.51716,1.51756,1.00,1.00
2016.12.30 14:07:48.378,1.51716,1.51761,1.00,1.00
2016.12.30 14:07:48.487,1.51716,1.51757,1.00,1.00
2016.12.30 14:07:49.044,1.51716,1.51764,1.00,1.00
2016.12.30 14:07:49.095,1.51716,1.51766,1.00,2.25
2016.12.30 14:07:49.243,1.51719,1.51766,1.00,1.00
2016.12.30 14:07:49.561,1.51719,1.51766,1.00,1.00
2016.12.30 14:07:49.664,1.51719,1.51764,1.00,1.00
2016.12.30 14:07:50.029,1.51719,1.51756,1.00,1.00
2016.12.30 14:07:50.572,1.51719,1.51756,1.00,1.00
2016.12.30 14:07:50.833,1.51718,1.51762,1.00,1.00
2016.12.30 14:07:51.102,1.51718,1.51757,1.00,1.00
2016.12.30 14:07:51.417,1.51718,1.51755,1.00,1.00
2016.12.30 14:07:51.467,1.51712,1.51755,1.00,1.00
2016.12.30 14:07:51.639,1.51712,1.51746,1.00,1.00
2016.12.30 14:07:51.740,1.51712,1.51755,1.00,1.00
2016.12.30 14:07:52.030,1.51712,1.51746,1.00,1.00
2016.12.30 14:07:52.133,1.51712,1.51755,1.00,1.00
2016.12.30 14:07:52.564,1.51712,1.51753,1.00,1.00
2016.12.30 14:07:52.614,1.51712,1.51756,1.50,1.00
2016.12.30 14:07:52.665,1.51712,1.51757,1.00,1.50
2016.12.30 14:07:52.985,1.51728,1.51766,1.00,1.00
2016.12.30 14:07:53.137,1.51728,1.51773,1.00,1.00
2016.12.30 14:07:53.187,1.51728,1.51756,1.00,1.00
2016.12.30 14:07:53.321,1.51731,1.51775,1.00,1.10
2016.12.30 14:07:53.472,1.51735,1.51777,1.00,1.00
2016.12.30 14:07:53.935,1.51738,1.51776,1.00,1.00
2016.12.30 14:07:54.036,1.51738,1.51776,1.00,1.00
2016.12.30 14:07:54.138,1.51738,1.51777,1.00,1.00
2016.12.30 14:07:54.320,1.51736,1.51779,1.00,1.00
2016.12.30 14:07:54.422,1.51736,1.51777,1.00,1.00
2016.12.30 14:07:54.944,1.51735,1.51777,1.00,1.00
2016.12.30 14:07:55.146,1.51732,1.51776,1.00,1.00
2016.12.30 14:07:55.351,1.51732,1.51766,1.00,1.00
2016.12.30 14:07:55.847,1.51732,1.51766,1.00,1.00
2016.12.30 14:07:56.317,1.51732,1.51776,1.50,1.00
2016.12.30 14:07:56.390,1.51734,1.51776,1.50,1.00
2016.12.30 14:07:56.693,1.51738,1.51776,1.00,1.00
2016.12.30 14:07:56.744,1.51738,1.51787,1.00,1.00
2016.12.30 14:07:56.931,1.51738,1.51776,1.00,1.00
2016.12.30 14:07:57.607,1.51738,1.51776,1.00,1.00
2016.12.30 14:07:57.758,1.51738,1.51785,1.00,1.00
2016.12.30 14:07:57.859,1.51738,1.51766,1.00,1.00
2016.12.30 14:07:57.960,1.51737,1.51766,1.00,1.00
2016.12.30 14:07:58.011,1.51737,1.51756,1.00,1.00
2016.12.30 14:07:58.062,1.51731,1.51767,1.00,1.00
2016.12.30 14:07:58.244,1.51724,1.51766,1.00,1.00
2016.12.30 14:07:58.295,1.51724,1.51756,1.00,1.00
2016.12.30 14:07:58.811,1.51723,1.51757,1.00,1.00
2016.12.30 14:07:59.186,1.51723,1.51767,1.00,1.00
2016.12.30 14:07:59.237,1.51727,1.51767,1.00,1.00
2016.12.30 14:07:59.563,1.51729,1.51766,1.00,1.00
2016.12.30 14:07:59.714,1.51729,1.51776,1.00,1.00
2016.12.30 14:07:59.765,1.51729,1.51776,1.00,1.00
2016.12.30 14:07:59.866,1.51729,1.51776,1.00,1.00
2016.12.30 14:08:00.168,1.51723,1.51766,1.50,1.00
2016.12.30 14:08:00.471,1.51723,1.51767,2.50,1.00
2016.12.30 14:08:00.983,1.51723,1.51767,2.50,1.00
2016.12.30 14:08:01.363,1.51727,1.51766,1.00,1.00
2016.12.30 14:08:01.879,1.51727,1.51767,1.00,1.00
2016.12.30 14:08:02.316,1.51729,1.51766,1.00,1.00
2016.12.30 14:08:02.944,1.5173,1.51766,1.00,1.00
2016.12.30 14:08:03.247,1.5173,1.51776,1.00,1.00
2016.12.30 14:08:03.449,1.5173,1.51776,1.00,1.00
2016.12.30 14:08:03.500,1.5173,1.51766,1.00,1.00
2016.12.30 14:08:03.842,1.51731,1.51766,1.00,1.00
2016.12.30 14:08:04.287,1.51735,1.51767,1.00,1.00
2016.12.30 14:08:04.337,1.51735,1.51777,1.00,1.00
2016.12.30 14:08:04.842,1.51735,1.51776,1.00,1.00
2016.12.30 14:08:05.094,1.51735,1.51776,1.00,1.00
2016.12.30 14:08:05.195,1.51735,1.51766,1.00,1.00
2016.12.30 14:08:05.725,1.51735,1.51766,1.50,1.00
2016.12.30 14:08:05.788,1.51735,1.51776,1.50,1.00
2016.12.30 14:08:06.309,1.51735,1.51766,1.00,1.00
2016.12.30 14:08:07.395,1.51735,1.51766,1.00,1.00
2016.12.30 14:08:08.306,1.51735,1.51776,2.12,1.00
2016.12.30 14:08:08.457,1.51735,1.51785,2.12,1.00
2016.12.30 14:08:08.558,1.51736,1.51786,2.12,1.00
2016.12.30 14:08:08.860,1.51736,1.51776,1.00,1.00
2016.12.30 14:08:09.199,1.51736,1.51767,1.00,1.00
2016.12.30 14:08:12.624,1.51736,1.51776,1.50,1.00
2016.12.30 14:08:15.380,1.51736,1.51777,1.00,1.00
2016.12.30 14:08:16.578,1.51736,1.51777,1.00,1.00
2016.12.30 14:08:16.632,1.51736,1.51767,1.00,1.00
2016.12.30 14:08:16.686,1.51736,1.51767,1.50,1.00
2016.12.30 14:08:16.737,1.51736,1.51775,1.00,1.00
2016.12.30 14:08:16.788,1.51733,1.51775,1.00,1.00
2016.12.30 14:08:16.889,1.51732,1.51766,1.50,1.00
2016.12.30 14:08:17.411,1.51732,1.51767,1.00,1.00
2016.12.30 14:08:17.967,1.51732,1.51767,1.00,1.00
2016.12.30 14:08:18.227,1.51732,1.51776,1.00,2.25
2016.12.30 14:08:18.278,1.51734,1.51776,1.00,1.50
2016.12.30 14:08:18.581,1.51734,1.51776,1.00,1.50
2016.12.30 14:08:18.796,1.51734,1.51766,1.00,1.00
2016.12.30 14:08:19.906,1.51734,1.51766,1.00,1.00
2016.12.30 14:08:20.911,1.51734,1.51775,1.00,1.00
2016.12.30 14:08:21.012,1.51734,1.51776,1.00,1.00
2016.12.30 14:08:21.314,1.51734,1.51766,1.00,1.00
2016.12.30 14:08:21.632,1.51734,1.51777,1.00,1.00
2016.12.30 14:08:22.029,1.51734,1.51767,1.00,1.00
2016.12.30 14:08:22.089,1.51734,1.51777,1.00,1.00
2016.12.30 14:08:22.309,1.51736,1.51776,1.00,1.00
2016.12.30 14:08:22.648,1.51738,1.51776,1.00,1.00
2016.12.30 14:08:23.166,1.51739,1.51777,1.50,1.00
2016.12.30 14:08:23.267,1.51734,1.51775,1.50,1.00
2016.12.30 14:08:23.369,1.51734,1.51766,1.00,1.00
2016.12.30 14:08:23.902,1.51734,1.51767,1.00,1.00
2016.12.30 14:08:24.209,1.51734,1.51776,1.00,1.00
2016.12.30 14:08:24.728,1.51734,1.51776,1.00,1.00
2016.12.30 14:08:24.830,1.51734,1.51766,1.00,1.00
2016.12.30 14:08:25.334,1.51734,1.51766,1.00,1.00
2016.12.30 14:08:27.294,1.51734,1.51767,1.00,1.00
2016.12.30 14:08:27.707,1.51734,1.51776,1.00,1.00
2016.12.30 14:08:28.579,1.51734,1.51776,1.00,1.00
2016.12.30 14:08:29.508,1.51734,1.51776,1.00,1.00
2016.12.30 14:08:29.844,1.51736,1.51766,1.00,1.00
2016.12.30 14:08:30.022,1.5173,1.51771,1.00,1.00
2016.12.30 14:08:30.073,1.5173,1.51766,1.00,1.00
2016.12.30 14:08:30.440,1.51731,1.51767,1.00,1.00
2016.12.30 14:08:30.743,1.51731,1.51773,1.00,1.00
2016.12.30 14:08:30.844,1.51731,1.51767,1.00,1.00
2016.12.30 14:08:31.046,1.51731,1.51766,1.00,1.00
2016.12.30 14:08:31.147,1.51731,1.51766,1.00,1.00
2016.12.30 14:08:31.487,1.51733,1.51767,1.00,1.00
2016.12.30 14:08:32.212,1.51733,1.51777,1.00,1.00
2016.12.30 14:08:32.642,1.51733,1.51766,1.00,1.00
2016.12.30 14:08:32.922,1.51733,1.51766,1.00,1.00
2016.12.30 14:08:33.024,1.51733,1.51776,1.00,1.00
2016.12.30 14:08:33.112,1.51734,1.51776,1.00,1.00
2016.12.30 14:08:33.214,1.51734,1.51776,1.00,1.50
2016.12.30 14:08:33.315,1.51733,1.51776,1.50,1.50
2016.12.30 14:08:33.416,1.51733,1.51776,1.00,1.50
2016.12.30 14:08:33.819,1.51733,1.51766,1.00,1.00
2016.12.30 14:08:34.709,1.51733,1.51766,1.00,1.00
2016.12.30 14:08:36.112,1.51733,1.51767,1.00,1.00
2016.12.30 14:08:36.215,1.51733,1.51767,1.00,1.00
2016.12.30 14:08:37.236,1.51734,1.51776,1.00,1.00
2016.12.30 14:08:37.287,1.51736,1.51776,2.50,1.00
2016.12.30 14:08:37.590,1.51741,1.51776,1.00,1.00
2016.12.30 14:08:37.641,1.51741,1.51776,1.00,1.00
2016.12.30 14:08:37.893,1.51741,1.51767,1.00,1.00
2016.12.30 14:08:38.108,1.51741,1.51777,1.00,1.00
2016.12.30 14:08:38.411,1.51741,1.51766,1.00,1.00
2016.12.30 14:08:38.559,1.5174,1.51766,1.00,1.00
2016.12.30 14:08:39.105,1.51739,1.51766,1.00,1.00
2016.12.30 14:08:40.363,1.51739,1.51766,1.00,1.00
2016.12.30 14:08:40.414,1.51739,1.51776,1.00,1.00
2016.12.30 14:08:40.465,1.51739,1.51766,1.00,1.00
2016.12.30 14:08:40.516,1.51739,1.51783,1.00,1.00
2016.12.30 14:08:40.667,1.51738,1.51776,1.00,1.00
2016.12.30 14:08:40.768,1.51735,1.51777,1.00,1.00
2016.12.30 14:08:41.623,1.51735,1.51777,1.00,1.00
2016.12.30 14:08:41.780,1.51735,1.51776,1.00,1.00
2016.12.30 14:08:42.037,1.51735,1.51776,1.00,1.00
2016.12.30 14:08:43.205,1.51735,1.51767,1.00,1.00
2016.12.30 14:08:43.833,1.51735,1.51767,1.00,1.00
2016.12.30 14:08:44.439,1.51735,1.51766,1.00,1.00
2016.12.30 14:08:44.525,1.51735,1.51777,1.00,1.00
2016.12.30 14:08:45.124,1.51733,1.51773,1.00,1.00
2016.12.30 14:08:45.178,1.51733,1.51771,1.00,1.00
2016.12.30 14:08:45.481,1.51728,1.51766,1.00,1.00
2016.12.30 14:08:45.784,1.51728,1.51763,1.00,1.00
2016.12.30 14:08:45.835,1.51722,1.51763,1.00,1.00
2016.12.30 14:08:45.936,1.51722,1.51759,1.00,1.00
2016.12.30 14:08:46.257,1.51722,1.51756,1.00,1.00
2016.12.30 14:08:47.629,1.51718,1.51756,1.00,1.00
2016.12.30 14:08:48.090,1.51717,1.51746,1.00,1.00
2016.12.30 14:08:48.247,1.51717,1.51754,1.00,1.00
2016.12.30 14:08:48.379,1.51717,1.51757,1.00,1.50
2016.12.30 14:08:48.440,1.51717,1.51756,1.00,1.00
2016.12.30 14:08:48.985,1.51717,1.51757,1.00,1.00
2016.12.30 14:08:49.511,1.51717,1.51756,1.00,1.00
2016.12.30 14:08:50.054,1.51717,1.51757,1.00,1.00
2016.12.30 14:08:50.467,1.51717,1.51747,1.00,1.00
2016.12.30 14:08:52.419,1.51717,1.51755,1.00,1.00
2016.12.30 14:08:52.520,1.51717,1.51755,1.00,1.00
2016.12.30 14:08:52.671,1.51717,1.51746,1.00,1.00
2016.12.30 14:08:52.867,1.51717,1.51755,1.00,1.00
2016.12.30 14:08:53.170,1.51717,1.51747,1.00,1.00
2016.12.30 14:08:54.332,1.51717,1.51756,1.00,1.00
2016.12.30 14:08:54.382,1.51717,1.51756,1.00,1.00
2016.12.30 14:08:54.885,1.5172,1.51757,1.00,1.00
2016.12.30 14:08:55.037,1.5172,1.51757,1.00,1.00
2016.12.30 14:08:55.459,1.5172,1.51757,1.00,1.00
2016.12.30 14:08:56.156,1.5172,1.51757,1.00,1.00
2016.12.30 14:08:56.720,1.5172,1.51757,1.00,1.00
2016.12.30 14:08:57.248,1.5172,1.51756,1.00,1.00
2016.12.30 14:08:57.349,1.5172,1.51756,1.00,1.00
2016.12.30 14:08:57.450,1.5172,1.51756,1.00,1.00
2016.12.30 14:08:57.702,1.51721,1.51766,1.00,1.00
2016.12.30 14:08:57.861,1.51728,1.51766,1.00,1.00
2016.12.30 14:08:57.911,1.51728,1.51775,1.00,1.00
2016.12.30 14:08:58.012,1.51728,1.51773,1.00,1.00
2016.12.30 14:08:58.314,1.51728,1.51767,1.00,1.00
2016.12.30 14:08:58.365,1.51728,1.51767,1.00,1.00
2016.12.30 14:08:58.466,1.51728,1.51767,1.00,1.00
2016.12.30 14:08:58.812,1.51728,1.51766,1.00,1.00
2016.12.30 14:08:59.368,1.51728,1.51756,1.00,1.00
2016.12.30 14:08:59.420,1.51728,1.51766,1.00,1.00
2016.12.30 14:09:00.041,1.51728,1.51766,1.00,1.00
2016.12.30 14:09:00.706,1.51728,1.51767,1.00,1.00
2016.12.30 14:09:01.250,1.51728,1.51766,1.00,1.00
2016.12.30 14:09:01.598,1.51728,1.51756,1.00,1.00
2016.12.30 14:09:01.648,1.51717,1.51758,1.00,1.00
2016.12.30 14:09:01.749,1.51716,1.51747,1.00,1.00
2016.12.30 14:09:02.078,1.51714,1.51746,1.00,1.00
2016.12.30 14:09:02.179,1.51712,1.51746,1.00,1.00
2016.12.30 14:09:02.694,1.51712,1.51746,1.00,1.00
2016.12.30 14:09:03.249,1.51712,1.51746,1.00,1.00
2016.12.30 14:09:03.761,1.51712,1.51747,1.00,1.00
2016.12.30 14:09:04.064,1.51711,1.51746,1.00,1.00
2016.12.30 14:09:04.165,1.51711,1.51746,1.00,1.00
2016.12.30 14:09:08.752,1.51711,1.51747,1.35,1.00
2016.12.30 14:09:08.803,1.51711,1.51756,1.35,1.00
2016.12.30 14:09:08.854,1.51716,1.51756,1.00,1.00
2016.12.30 14:09:08.955,1.51716,1.51762,1.60,1.00
2016.12.30 14:09:09.005,1.51721,1.51766,1.00,1.50
2016.12.30 14:09:09.338,1.51723,1.51756,1.00,1.00
2016.12.30 14:09:09.439,1.51725,1.51767,1.00,1.00
2016.12.30 14:09:09.490,1.5173,1.51766,1.00,1.00
2016.12.30 14:09:09.792,1.51728,1.51757,1.00,1.00
2016.12.30 14:09:09.843,1.51728,1.51767,1.35,1.00
2016.12.30 14:09:09.894,1.51728,1.51767,1.00,1.00
2016.12.30 14:09:10.246,1.51731,1.51767,1.00,1.00
2016.12.30 14:09:10.398,1.51731,1.51766,1.00,1.00
2016.12.30 14:09:10.500,1.51731,1.51766,1.00,1.00
2016.12.30 14:09:11.043,1.51731,1.51775,1.00,1.00
2016.12.30 14:09:11.094,1.51731,1.51772,1.00,1.00
2016.12.30 14:09:11.195,1.51731,1.51772,1.00,1.00
2016.12.30 14:09:11.502,1.51731,1.51776,1.00,1.00
2016.12.30 14:09:11.705,1.51737,1.51777,1.00,1.00
2016.12.30 14:09:12.008,1.51741,1.51777,1.00,1.00
2016.12.30 14:09:12.210,1.51741,1.51776,1.00,1.00
2016.12.30 14:09:12.512,1.51741,1.51776,1.00,1.00
2016.12.30 14:09:13.048,1.51741,1.51777,1.00,1.00
2016.12.30 14:09:13.272,1.51736,1.51776,1.00,1.00
2016.12.30 14:09:13.474,1.51736,1.51766,1.00,1.00
2016.12.30 14:09:14.749,1.51736,1.51767,1.00,1.00
2016.12.30 14:09:16.897,1.51735,1.51767,1.00,1.00
2016.12.30 14:09:17.403,1.51729,1.51767,1.00,1.00
2016.12.30 14:09:17.504,1.51729,1.51772,1.00,1.00
2016.12.30 14:09:17.565,1.51729,1.51766,1.00,1.00
2016.12.30 14:09:18.379,1.51729,1.51766,1.00,1.00
2016.12.30 14:09:18.531,1.51733,1.51774,1.00,1.00
2016.12.30 14:09:18.632,1.51731,1.51769,1.00,1.00
2016.12.30 14:09:18.682,1.51729,1.51767,1.00,1.00
2016.12.30 14:09:18.888,1.51727,1.51766,1.00,1.00
2016.12.30 14:09:18.989,1.51727,1.51767,1.00,1.00
2016.12.30 14:09:19.090,1.51718,1.51758,1.00,1.00
2016.12.30 14:09:19.273,1.51716,1.51746,1.00,1.00
2016.12.30 14:09:19.585,1.51713,1.51746,1.00,1.00
2016.12.30 14:09:19.787,1.51713,1.51746,1.00,1.00
2016.12.30 14:09:20.089,1.51713,1.51746,1.00,1.00
2016.12.30 14:09:20.190,1.51712,1.51747,1.00,1.00
2016.12.30 14:09:20.291,1.51709,1.51746,1.00,1.00
2016.12.30 14:09:20.746,1.51709,1.51747,1.00,1.00
2016.12.30 14:09:21.522,1.51709,1.51746,1.00,1.00
2016.12.30 14:09:21.624,1.51709,1.51746,1.00,1.00
2016.12.30 14:09:21.726,1.51709,1.51737,1.00,1.00
2016.12.30 14:09:21.777,1.51705,1.51737,1.00,1.00
2016.12.30 14:09:21.828,1.51705,1.51746,1.00,1.00
2016.12.30 14:09:21.878,1.51705,1.51746,1.00,1.00
2016.12.30 14:09:22.224,1.51705,1.51736,1.00,1.00
2016.12.30 14:09:22.826,1.51705,1.51746,1.00,1.00
2016.12.30 14:09:23.293,1.51705,1.51747,1.00,1.00
2016.12.30 14:09:23.629,1.51706,1.51746,1.00,1.00
2016.12.30 14:09:23.825,1.51706,1.51746,1.00,1.00
2016.12.30 14:09:24.027,1.51706,1.51737,1.00,1.00
2016.12.30 14:09:24.128,1.51706,1.51744,1.00,1.00
2016.12.30 14:09:24.229,1.51704,1.51736,1.00,1.00
2016.12.30 14:09:24.766,1.51704,1.51737,1.00,1.00
2016.12.30 14:09:24.918,1.51704,1.51752,1.00,1.00
2016.12.30 14:09:25.069,1.51704,1.51746,1.00,1.00
2016.12.30 14:09:25.696,1.51709,1.51746,1.00,1.00
2016.12.30 14:09:25.898,1.51709,1.51746,1.00,1.00
2016.12.30 14:09:25.999,1.51709,1.51754,1.00,1.00
2016.12.30 14:09:26.049,1.51709,1.51747,1.00,1.00
2016.12.30 14:09:26.150,1.51715,1.51756,1.00,1.00
2016.12.30 14:09:26.251,1.51716,1.51762,1.00,1.50
2016.12.30 14:09:26.352,1.51716,1.51747,1.00,1.00
2016.12.30 14:09:26.590,1.51716,1.51747,1.00,1.00
2016.12.30 14:09:27.125,1.51716,1.51746,1.00,1.00
2016.12.30 14:09:29.112,1.51716,1.51746,1.00,1.00
2016.12.30 14:09:29.163,1.51716,1.51756,1.00,1.00
2016.12.30 14:09:29.214,1.51716,1.51746,1.00,1.00
2016.12.30 14:09:29.466,1.51716,1.51755,1.00,1.00
2016.12.30 14:09:29.567,1.51716,1.51755,1.00,1.00
2016.12.30 14:09:29.618,1.51713,1.51746,1.00,1.00
2016.12.30 14:09:29.719,1.51708,1.51746,1.00,1.00
2016.12.30 14:09:29.770,1.51708,1.51737,1.00,1.00
2016.12.30 14:09:29.971,1.51708,1.51747,1.00,1.00
2016.12.30 14:09:30.226,1.51708,1.51737,1.00,1.00
2016.12.30 14:09:31.038,1.51708,1.51747,1.00,1.00
2016.12.30 14:09:31.240,1.51707,1.51747,1.00,1.00
2016.12.30 14:09:31.291,1.51707,1.51736,1.00,1.00
2016.12.30 14:09:32.012,1.51698,1.51739,1.50,1.00
2016.12.30 14:09:32.165,1.51698,1.51737,1.00,1.00
2016.12.30 14:09:32.317,1.51697,1.5174,1.00,1.00
2016.12.30 14:09:32.468,1.51697,1.51727,1.00,1.00
2016.12.30 14:09:32.619,1.51691,1.51726,1.00,1.00
2016.12.30 14:09:33.045,1.51689,1.51726,1.00,1.00
2016.12.30 14:09:33.534,1.51687,1.51726,1.00,1.00
2016.12.30 14:09:33.635,1.51685,1.51726,1.00,1.00
2016.12.30 14:09:33.737,1.51685,1.51716,1.00,1.00
2016.12.30 14:09:33.788,1.51685,1.51727,1.00,1.00
2016.12.30 14:09:34.335,1.51685,1.51726,1.00,1.00
2016.12.30 14:09:34.436,1.51685,1.51726,1.00,1.00
2016.12.30 14:09:34.971,1.51685,1.51716,1.00,1.00
2016.12.30 14:09:35.312,1.51685,1.51716,1.00,1.00
2016.12.30 14:09:36.229,1.51685,1.51717,1.00,1.00
2016.12.30 14:09:37.249,1.51685,1.51716,1.00,1.00
2016.12.30 14:09:38.736,1.51685,1.51716,1.00,1.00
2016.12.30 14:09:40.226,1.51685,1.51717,1.00,1.00
2016.12.30 14:09:41.191,1.51685,1.51726,1.00,1.00
2016.12.30 14:09:42.104,1.51685,1.51716,1.00,1.00
2016.12.30 14:09:42.451,1.51686,1.51716,1.00,1.00
2016.12.30 14:09:42.553,1.51686,1.51716,1.00,1.00
2016.12.30 14:09:42.654,1.51684,1.51726,1.50,1.00
2016.12.30 14:09:42.856,1.51684,1.51726,2.50,1.00
2016.12.30 14:09:43.204,1.51687,1.51726,1.00,1.00
2016.12.30 14:09:44.139,1.51687,1.51726,1.00,1.00
2016.12.30 14:09:44.240,1.51686,1.51726,1.00,1.00
2016.12.30 14:09:44.652,1.51686,1.51726,1.00,1.00
2016.12.30 14:09:44.804,1.51686,1.51736,1.00,1.00
2016.12.30 14:09:44.855,1.5169,1.51736,1.00,1.00
2016.12.30 14:09:45.157,1.5169,1.51737,1.00,1.00
2016.12.30 14:09:45.258,1.5169,1.51736,1.00,1.00
2016.12.30 14:09:45.565,1.51692,1.51736,1.00,1.00
2016.12.30 14:09:46.999,1.51692,1.51737,1.00,1.00
2016.12.30 14:09:47.050,1.51692,1.51737,1.00,1.00
2016.12.30 14:09:47.232,1.51688,1.51732,1.00,1.00
2016.12.30 14:09:47.283,1.51688,1.51736,1.00,1.00
2016.12.30 14:09:47.434,1.51691,1.51737,1.00,1.00
2016.12.30 14:09:47.736,1.51699,1.51736,1.00,1.00
2016.12.30 14:09:48.128,1.51701,1.51736,1.00,1.00
2016.12.30 14:09:49.327,1.51701,1.51727,1.00,1.00
2016.12.30 14:09:49.572,1.51701,1.51727,1.00,1.00
2016.12.30 14:09:50.965,1.51701,1.51737,1.00,1.00
2016.12.30 14:09:51.475,1.51701,1.51736,1.00,1.00
2016.12.30 14:09:57.661,1.51701,1.51737,1.00,1.00
2016.12.30 14:09:57.762,1.51704,1.51737,1.00,1.00
2016.12.30 14:09:57.813,1.51704,1.51746,1.00,1.00
2016.12.30 14:09:58.060,1.51706,1.51737,1.00,1.00
2016.12.30 14:09:58.111,1.51706,1.51747,1.00,1.00
2016.12.30 14:09:58.263,1.51708,1.51747,1.00,1.00
2016.12.30 14:09:58.364,1.51708,1.51747,1.00,1.00
2016.12.30 14:09:58.465,1.51707,1.51747,1.00,1.00
2016.12.30 14:09:58.566,1.51705,1.51747,1.00,1.00
2016.12.30 14:09:58.667,1.51705,1.51746,1.00,1.00
2016.12.30 14:09:59.001,1.51705,1.51737,1.00,1.00
2016.12.30 14:09:59.438,1.51705,1.51746,1.00,1.00
2016.12.30 14:09:59.590,1.51705,1.51746,1.00,1.00
2016.12.30 14:10:00.093,1.51705,1.51745,1.00,1.00
2016.12.30 14:10:00.769,1.51705,1.51745,1.00,1.00
2016.12.30 14:10:00.820,1.51705,1.51736,1.00,1.00
2016.12.30 14:10:00.870,1.51705,1.51738,1.00,1.00
2016.12.30 14:10:00.972,1.51699,1.51737,1.00,1.00
2016.12.30 14:10:01.073,1.51699,1.51736,1.00,1.00
2016.12.30 14:10:01.375,1.51699,1.51736,1.00,1.00
2016.12.30 14:10:01.678,1.51699,1.51736,1.00,1.00
2016.12.30 14:10:02.178,1.51699,1.51737,1.00,1.00
2016.12.30 14:10:02.737,1.51699,1.51737,1.00,1.00
2016.12.30 14:10:03.389,1.51699,1.51737,1.00,1.00
2016.12.30 14:10:04.209,1.51699,1.51737,1.00,1.00
2016.12.30 14:10:06.864,1.51699,1.51736,1.00,1.00
2016.12.30 14:10:07.298,1.51698,1.51736,1.00,1.00
2016.12.30 14:10:07.996,1.51698,1.51737,1.00,1.00
2016.12.30 14:10:08.514,1.51694,1.51737,1.00,1.00
2016.12.30 14:10:08.616,1.51694,1.51737,1.00,1.00
2016.12.30 14:10:08.918,1.51699,1.51737,1.00,1.00
2016.12.30 14:10:08.969,1.51699,1.51737,1.00,1.00
2016.12.30 14:10:09.312,1.51699,1.51737,1.00,1.00
2016.12.30 14:10:10.428,1.51699,1.51736,1.00,1.00
2016.12.30 14:10:17.247,1.51699,1.51736,1.00,1.00
2016.12.30 14:10:17.376,1.51699,1.51736,1.00,1.00
2016.12.30 14:10:17.899,1.51699,1.51736,1.00,1.00
2016.12.30 14:10:18.145,1.51695,1.51732,1.12,1.00
2016.12.30 14:10:18.397,1.51695,1.51727,1.00,1.00
2016.12.30 14:10:18.695,1.51697,1.51736,1.00,1.00
2016.12.30 14:10:19.439,1.51697,1.51737,1.00,1.00
2016.12.30 14:10:20.022,1.51697,1.51736,1.00,1.00
2016.12.30 14:10:20.619,1.51697,1.51737,1.00,1.00
2016.12.30 14:10:21.917,1.51698,1.51737,1.00,1.00
2016.12.30 14:10:22.460,1.51698,1.51737,1.00,1.00
2016.12.30 14:10:22.510,1.51699,1.51737,1.00,1.00
2016.12.30 14:10:22.828,1.51699,1.51736,1.00,1.00
2016.12.30 14:10:24.700,1.51699,1.51736,1.00,1.00
2016.12.30 14:10:25.227,1.51699,1.51736,1.00,1.00
2016.12.30 14:10:25.537,1.51699,1.51726,1.00,1.00
2016.12.30 14:10:25.688,1.51699,1.51736,1.00,1.00
2016.12.30 14:10:26.021,1.51699,1.51736,1.00,1.00
2016.12.30 14:10:27.299,1.51702,1.51736,1.00,1.00
2016.12.30 14:10:27.666,1.51707,1.51737,1.00,1.00
2016.12.30 14:10:28.215,1.51707,1.51736,1.00,1.00
2016.12.30 14:10:28.625,1.51707,1.51736,1.00,1.00
2016.12.30 14:10:28.701,1.51707,1.51736,1.00,1.00
2016.12.30 14:10:30.395,1.51707,1.51746,1.00,1.00
2016.12.30 14:10:30.496,1.51703,1.51736,1.00,1.00
2016.12.30 14:10:30.597,1.517,1.51737,1.00,1.00
2016.12.30 14:10:30.849,1.51699,1.51726,1.00,1.00
2016.12.30 14:10:31.296,1.51697,1.51726,1.00,1.00
2016.12.30 14:10:32.351,1.51697,1.51727,1.00,1.00
2016.12.30 14:10:32.402,1.51697,1.51727,1.00,1.00
2016.12.30 14:10:32.994,1.51697,1.51736,1.00,1.00
2016.12.30 14:10:34.012,1.51697,1.51726,1.00,1.00
2016.12.30 14:10:34.379,1.51697,1.51737,1.00,1.00
2016.12.30 14:10:34.631,1.51698,1.51737,1.00,1.00
2016.12.30 14:10:34.862,1.51695,1.51737,1.00,1.00
2016.12.30 14:10:35.012,1.51695,1.51727,1.00,1.00
2016.12.30 14:10:35.324,1.51695,1.51727,1.00,1.00
2016.12.30 14:10:35.780,1.51695,1.51736,1.00,1.50
2016.12.30 14:10:35.831,1.51695,1.51736,1.00,1.00
2016.12.30 14:10:35.897,1.51695,1.51726,1.00,1.00
2016.12.30 14:10:35.950,1.51684,1.51733,1.00,1.50
2016.12.30 14:10:36.001,1.51682,1.51699,1.87,1.00
2016.12.30 14:10:36.094,1.51682,1.51717,1.00,1.00
2016.12.30 14:10:36.145,1.51682,1.51724,1.00,1.00
2016.12.30 14:10:36.196,1.51682,1.51709,1.00,1.00
2016.12.30 14:10:36.247,1.51682,1.51724,1.00,1.00
2016.12.30 14:10:36.297,1.51682,1.51716,1.00,1.00
2016.12.30 14:10:36.600,1.51677,1.51692,1.00,1.00
2016.12.30 14:10:36.956,1.51675,1.51693,1.00,1.00
2016.12.30 14:10:37.253,1.51671,1.51692,1.00,1.00
2016.12.30 14:10:37.749,1.51671,1.51693,1.00,1.00
2016.12.30 14:10:38.315,1.51671,1.51692,1.00,1.00
2016.12.30 14:10:39.860,1.51671,1.51692,1.00,1.00
2016.12.30 14:10:40.188,1.51671,1.51692,1.00,1.00
2016.12.30 14:10:40.653,1.5167,1.51693,1.00,1.00
2016.12.30 14:10:41.059,1.5167,1.51692,1.00,1.00
2016.12.30 14:10:41.160,1.51676,1.5171,1.00,1.00
2016.12.30 14:10:41.211,1.51676,1.51726,1.00,1.00
2016.12.30 14:10:41.262,1.51682,1.51726,1.00,1.00
2016.12.30 14:10:41.464,1.51682,1.51727,1.50,1.00
2016.12.30 14:10:41.528,1.51682,1.51716,1.00,1.00
2016.12.30 14:10:42.068,1.51682,1.51697,1.00,1.00
2016.12.30 14:10:42.618,1.51682,1.51697,1.00,1.00
2016.12.30 14:10:42.899,1.51682,1.51719,1.00,1.00
2016.12.30 14:10:42.950,1.51682,1.51726,1.00,1.50
2016.12.30 14:10:44.856,1.51682,1.51726,1.00,1.00
2016.12.30 14:10:45.158,1.51682,1.51727,1.00,1.00
2016.12.30 14:10:45.259,1.51684,1.51727,1.00,1.00
2016.12.30 14:10:45.572,1.51688,1.51727,1.00,1.00
2016.12.30 14:10:46.923,1.51688,1.51727,1.00,1.00
2016.12.30 14:10:48.393,1.51688,1.51725,1.00,1.00
2016.12.30 14:10:48.695,1.51673,1.51697,1.00,1.00
2016.12.30 14:10:49.045,1.51671,1.51692,1.00,1.00
2016.12.30 14:10:49.466,1.51669,1.51693,1.00,1.00
2016.12.30 14:10:49.993,1.51669,1.51692,1.00,1.00
2016.12.30 14:10:50.711,1.51669,1.51693,1.00,1.00
2016.12.30 14:10:51.223,1.51669,1.51692,1.00,1.00
2016.12.30 14:10:51.809,1.51669,1.51693,1.00,1.00
2016.12.30 14:10:52.330,1.51669,1.51692,1.00,1.00
2016.12.30 14:10:52.531,1.51669,1.51692,1.00,1.00
2016.12.30 14:10:52.834,1.5167,1.51693,1.00,1.00
2016.12.30 14:10:53.373,1.5167,1.51692,1.50,1.00
2016.12.30 14:10:54.033,1.5167,1.51692,1.00,1.00
2016.12.30 14:10:54.779,1.5167,1.51693,1.00,1.00
2016.12.30 14:10:57.700,1.51674,1.51697,1.50,1.00
2016.12.30 14:10:57.750,1.51674,1.51697,2.50,1.00
2016.12.30 14:10:57.802,1.51674,1.51712,2.50,1.50
2016.12.30 14:10:57.852,1.51677,1.51711,1.00,1.00
2016.12.30 14:10:58.069,1.51677,1.51712,1.00,1.00
2016.12.30 14:10:58.169,1.51677,1.51693,1.00,1.00
2016.12.30 14:10:58.271,1.51677,1.51702,1.00,1.00
2016.12.30 14:10:59.340,1.51677,1.51702,1.00,1.00
2016.12.30 14:11:00.071,1.51677,1.51703,1.00,1.00
2016.12.30 14:11:00.401,1.51679,1.51698,1.00,1.00
2016.12.30 14:11:00.671,1.51671,1.51697,1.00,1.00
2016.12.30 14:11:00.772,1.51669,1.51698,1.00,1.00
2016.12.30 14:11:00.924,1.51669,1.51693,1.00,1.00
2016.12.30 14:11:00.974,1.51667,1.51693,1.00,1.00
2016.12.30 14:11:01.075,1.51665,1.51692,1.00,1.00
2016.12.30 14:11:01.675,1.51671,1.51692,1.00,1.00
2016.12.30 14:11:01.978,1.51674,1.51692,1.00,1.00
2016.12.30 14:11:02.137,1.51676,1.51697,1.00,1.00
2016.12.30 14:11:03.264,1.51676,1.51698,1.00,1.00
2016.12.30 14:11:03.315,1.51676,1.5171,1.00,1.00
2016.12.30 14:11:03.366,1.51681,1.51719,1.00,1.00
2016.12.30 14:11:03.417,1.51681,1.51727,1.00,1.00
2016.12.30 14:11:03.468,1.51683,1.51727,1.00,1.00
2016.12.30 14:11:03.771,1.51683,1.51726,1.00,1.00
2016.12.30 14:11:03.872,1.51683,1.51726,1.50,1.00
2016.12.30 14:11:04.089,1.51683,1.51726,1.00,1.00
2016.12.30 14:11:05.245,1.51683,1.51727,1.00,1.00
2016.12.30 14:11:05.547,1.51689,1.51727,1.00,1.00
2016.12.30 14:11:05.699,1.51689,1.51727,1.00,1.00
2016.12.30 14:11:07.380,1.51689,1.51736,1.00,1.00
2016.12.30 14:11:07.481,1.51697,1.51736,1.00,1.00
2016.12.30 14:11:07.583,1.51697,1.51736,1.00,1.00
2016.12.30 14:11:07.685,1.51697,1.51736,1.00,1.00
2016.12.30 14:11:08.039,1.51697,1.51726,1.00,1.00
2016.12.30 14:11:08.090,1.51697,1.51726,1.00,1.00
2016.12.30 14:11:09.301,1.51697,1.51727,1.00,1.00
2016.12.30 14:11:09.352,1.51697,1.51732,1.00,1.00
2016.12.30 14:11:09.442,1.51693,1.51716,1.00,1.00
2016.12.30 14:11:09.493,1.51689,1.51716,1.00,1.00
2016.12.30 14:11:09.594,1.51686,1.51716,1.00,1.00
2016.12.30 14:11:10.127,1.51686,1.51717,1.00,1.00
2016.12.30 14:11:10.561,1.51684,1.51717,1.00,1.00
2016.12.30 14:11:11.165,1.51684,1.51716,1.00,1.00
2016.12.30 14:11:11.266,1.51684,1.51716,1.00,1.00
2016.12.30 14:11:12.169,1.51682,1.51716,1.00,1.00
2016.12.30 14:11:12.811,1.51682,1.51717,1.00,1.00
2016.12.30 14:11:13.326,1.51677,1.51715,1.00,1.00
2016.12.30 14:11:13.378,1.51674,1.51698,1.00,1.00
2016.12.30 14:11:13.630,1.51675,1.51716,1.50,1.00
2016.12.30 14:11:13.681,1.51684,1.51716,1.00,1.00
2016.12.30 14:11:13.745,1.51684,1.51718,1.00,1.00
2016.12.30 14:11:13.796,1.51684,1.51726,1.00,1.00
2016.12.30 14:11:13.846,1.51684,1.51716,1.00,1.00
2016.12.30 14:11:13.997,1.51684,1.51716,1.00,1.00
2016.12.30 14:11:15.073,1.51684,1.51716,1.00,1.00
2016.12.30 14:11:15.510,1.51684,1.51716,1.00,1.00
2016.12.30 14:11:15.796,1.51684,1.51716,1.00,1.00
2016.12.30 14:11:16.730,1.51684,1.51726,1.00,1.00
2016.12.30 14:11:16.781,1.51691,1.51726,1.00,1.00
2016.12.30 14:11:16.882,1.51691,1.51727,1.00,1.00
2016.12.30 14:11:16.983,1.51691,1.51727,1.00,1.00
2016.12.30 14:11:17.084,1.51684,1.51726,1.00,1.00
2016.12.30 14:11:17.285,1.51684,1.51726,1.00,1.00
2016.12.30 14:11:17.598,1.51684,1.51716,1.00,1.00
2016.12.30 14:11:18.000,1.51684,1.51717,1.00,1.00
2016.12.30 14:11:18.204,1.51684,1.51717,1.00,1.00
2016.12.30 14:11:18.255,1.51684,1.51722,1.00,1.00
2016.12.30 14:11:18.306,1.51682,1.51699,1.00,1.00
2016.12.30 14:11:18.407,1.51679,1.51697,1.00,1.00
2016.12.30 14:11:18.469,1.51679,1.51697,1.00,1.00
2016.12.30 14:11:18.520,1.51679,1.51712,1.00,1.00
2016.12.30 14:11:18.571,1.51679,1.51705,1.00,1.00
2016.12.30 14:11:18.621,1.51679,1.51712,1.00,1.00
2016.12.30 14:11:18.800,1.51679,1.51726,1.00,1.50
2016.12.30 14:11:18.901,1.51682,1.51726,1.00,1.00
2016.12.30 14:11:19.472,1.51683,1.51726,1.00,1.00
2016.12.30 14:11:19.985,1.51683,1.51726,1.00,1.00
2016.12.30 14:11:21.837,1.51683,1.51713,1.00,1.50
2016.12.30 14:11:21.887,1.51682,1.51712,1.00,1.00
2016.12.30 14:11:22.089,1.5168,1.51712,1.00,1.00
2016.12.30 14:11:22.612,1.51679,1.51713,1.00,1.50
2016.12.30 14:11:22.663,1.51679,1.51693,1.00,1.00
2016.12.30 14:11:22.713,1.51676,1.51692,1.00,1.00
2016.12.30 14:11:23.016,1.51676,1.51692,1.00,1.00
2016.12.30 14:11:23.117,1.51675,1.51693,1.00,1.00
2016.12.30 14:11:23.618,1.51675,1.51692,1.00,1.00
2016.12.30 14:11:23.877,1.51674,1.51692,1.00,1.00
2016.12.30 14:11:23.978,1.51674,1.51692,1.00,1.00
2016.12.30 14:11:24.302,1.51674,1.51693,1.00,1.00
2016.12.30 14:11:24.403,1.51674,1.51693,1.00,1.00
2016.12.30 14:11:24.504,1.51674,1.51693,1.00,1.00
2016.12.30 14:11:24.875,1.51674,1.51707,1.00,2.25
2016.12.30 14:11:25.127,1.51674,1.51706,1.00,1.00
2016.12.30 14:11:25.801,1.51676,1.51706,1.00,1.00
2016.12.30 14:11:28.175,1.51676,1.51692,1.00,1.00
2016.12.30 14:11:28.276,1.51677,1.51711,1.00,1.00
2016.12.30 14:11:28.805,1.51679,1.51711,1.00,1.00
2016.12.30 14:11:28.956,1.51679,1.51717,1.00,1.00
2016.12.30 14:11:29.007,1.51679,1.51711,1.00,1.00
2016.12.30 14:11:29.108,1.51679,1.51711,1.00,1.00
2016.12.30 14:11:29.642,1.51679,1.51712,1.00,1.50
2016.12.30 14:11:29.743,1.51679,1.51711,1.00,1.00
2016.12.30 14:11:29.844,1.51679,1.51717,1.00,1.00
2016.12.30 14:11:30.002,1.51679,1.51716,1.00,1.00
2016.12.30 14:11:30.104,1.51679,1.51712,1.00,1.00
2016.12.30 14:11:30.701,1.51679,1.51705,1.00,1.00
2016.12.30 14:11:31.323,1.51679,1.51705,1.00,1.00
2016.12.30 14:11:32.820,1.51679,1.51693,1.00,1.00
2016.12.30 14:11:32.921,1.51679,1.51692,1.00,1.00
2016.12.30 14:11:33.445,1.51679,1.51693,1.00,1.00
2016.12.30 14:11:33.766,1.51679,1.51712,1.00,1.00
2016.12.30 14:11:33.817,1.51679,1.51712,1.00,1.00
2016.12.30 14:11:33.867,1.51679,1.51716,1.00,1.00
2016.12.30 14:11:33.990,1.51679,1.51716,1.00,1.00
2016.12.30 14:11:34.495,1.51679,1.51717,1.00,1.00
2016.12.30 14:11:34.596,1.51679,1.51717,1.00,1.00
2016.12.30 14:11:35.140,1.51679,1.51726,1.00,1.50
2016.12.30 14:11:35.342,1.51679,1.51712,1.00,1.00
2016.12.30 14:11:35.493,1.51679,1.51712,1.00,1.00
2016.12.30 14:11:35.594,1.51679,1.51712,1.00,1.00
2016.12.30 14:11:35.644,1.51679,1.51692,1.00,1.00
2016.12.30 14:11:35.695,1.51676,1.51692,1.00,1.00
2016.12.30 14:11:35.796,1.51676,1.51692,1.00,1.00
2016.12.30 14:11:36.219,1.51676,1.51712,1.00,1.00
2016.12.30 14:11:36.269,1.51676,1.51692,1.00,1.00
2016.12.30 14:11:36.791,1.51676,1.51693,1.00,1.00
2016.12.30 14:11:38.165,1.51676,1.51692,1.00,1.00
2016.12.30 14:11:38.900,1.51675,1.51692,1.00,1.00
2016.12.30 14:11:39.511,1.51675,1.51693,1.00,1.00
2016.12.30 14:11:40.052,1.51675,1.51693,1.00,1.00
2016.12.30 14:11:40.900,1.51675,1.51693,1.00,1.00
2016.12.30 14:11:44.281,1.51675,1.51692,1.00,1.00
2016.12.30 14:11:44.332,1.51675,1.51692,1.00,1.00
2016.12.30 14:11:44.433,1.51681,1.51711,1.00,1.00
2016.12.30 14:11:44.484,1.51681,1.51717,1.00,1.00
2016.12.30 14:11:44.623,1.51681,1.51717,1.00,1.00
2016.12.30 14:11:45.176,1.51681,1.51716,1.00,1.00
2016.12.30 14:11:45.422,1.51676,1.51714,1.00,1.00
2016.12.30 14:11:45.472,1.51676,1.51692,1.00,1.00
2016.12.30 14:11:45.523,1.51674,1.51692,1.00,1.00
2016.12.30 14:11:45.624,1.51674,1.51692,1.00,1.00
2016.12.30 14:11:46.177,1.51674,1.51693,1.00,1.00
2016.12.30 14:11:46.499,1.51678,1.51716,1.00,1.00
2016.12.30 14:11:46.550,1.51678,1.51716,1.00,1.00
2016.12.30 14:11:46.600,1.51678,1.51706,1.00,1.00
2016.12.30 14:11:46.651,1.51676,1.51716,1.00,1.00
2016.12.30 14:11:47.258,1.51676,1.51706,1.00,1.00
2016.12.30 14:11:47.359,1.51676,1.51716,1.00,1.00
2016.12.30 14:11:47.409,1.51676,1.51716,1.00,1.00
2016.12.30 14:11:47.911,1.51676,1.51717,1.00,1.00
2016.12.30 14:11:48.458,1.51676,1.51716,1.00,1.00
2016.12.30 14:11:48.775,1.51676,1.51697,1.00,1.00
2016.12.30 14:11:50.118,1.51676,1.51698,1.00,1.00
2016.12.30 14:11:51.353,1.51676,1.51693,1.00,1.00
2016.12.30 14:11:51.414,1.51676,1.51693,1.00,1.00
2016.12.30 14:11:51.915,1.51676,1.51692,1.00,1.00
2016.12.30 14:11:52.222,1.51675,1.51693,1.00,1.00
2016.12.30 14:11:52.273,1.51675,1.51697,1.50,1.00
2016.12.30 14:11:52.324,1.51677,1.51697,1.00,1.00
2016.12.30 14:11:52.931,1.51677,1.51698,1.00,1.00
2016.12.30 14:11:53.507,1.51678,1.51698,1.00,1.00
2016.12.30 14:11:53.625,1.51678,1.51698,1.00,1.00
2016.12.30 14:11:53.856,1.51678,1.51697,1.00,1.00
2016.12.30 14:11:54.258,1.51678,1.51698,1.00,1.00
2016.12.30 14:11:54.650,1.51678,1.51716,1.00,1.00
2016.12.30 14:11:54.751,1.5168,1.51716,1.00,1.00
2016.12.30 14:11:55.301,1.5168,1.51717,1.00,1.00
2016.12.30 14:11:56.421,1.51684,1.51727,1.00,1.00
2016.12.30 14:11:56.523,1.51687,1.51727,1.00,1.00
2016.12.30 14:11:56.825,1.51688,1.5173,1.00,1.00
2016.12.30 14:11:56.876,1.51693,1.51734,1.00,1.00
2016.12.30 14:11:57.179,1.51703,1.51737,2.50,1.00
2016.12.30 14:11:57.710,1.51703,1.51736,1.00,1.00
2016.12.30 14:11:57.861,1.51703,1.51736,1.00,1.00
2016.12.30 14:11:58.168,1.51703,1.51745,1.00,1.00
2016.12.30 14:11:58.420,1.51703,1.51737,1.00,1.00
2016.12.30 14:11:58.864,1.51703,1.51737,1.00,1.00
2016.12.30 14:11:59.585,1.51703,1.51744,1.00,1.00
2016.12.30 14:11:59.737,1.51704,1.51744,1.00,1.00
2016.12.30 14:11:59.869,1.51704,1.51746,1.00,1.00
2016.12.30 14:11:59.945,1.51709,1.51746,1.00,1.00
2016.12.30 14:12:00.148,1.51709,1.51746,1.00,1.00
2016.12.30 14:12:00.249,1.51709,1.51746,1.00,1.00
2016.12.30 14:12:00.300,1.51709,1.51741,1.00,1.00
2016.12.30 14:12:00.350,1.51705,1.5174,1.00,1.00
2016.12.30 14:12:00.874,1.51705,1.51746,1.00,1.50
2016.12.30 14:12:01.076,1.51705,1.51746,1.00,2.25
2016.12.30 14:12:01.407,1.51702,1.51736,1.00,1.00
2016.12.30 14:12:01.559,1.51701,1.51743,1.00,1.00
2016.12.30 14:12:01.660,1.51701,1.51743,1.00,1.00
2016.12.30 14:12:01.761,1.51701,1.51742,1.00,1.00
2016.12.30 14:12:01.811,1.51701,1.51736,1.00,1.00
2016.12.30 14:12:02.436,1.51701,1.51736,1.00,1.00
2016.12.30 14:12:02.637,1.51699,1.51737,1.00,1.00
2016.12.30 14:12:02.739,1.51698,1.51735,1.00,1.00
2016.12.30 14:12:03.060,1.51698,1.51727,1.00,1.00
2016.12.30 14:12:03.461,1.51698,1.51733,1.00,1.00
2016.12.30 14:12:03.655,1.51698,1.51737,1.00,1.50
2016.12.30 14:12:03.815,1.51698,1.51735,1.00,1.00
2016.12.30 14:12:04.173,1.51698,1.51733,1.00,1.00
2016.12.30 14:12:04.741,1.51698,1.51734,1.00,1.00
2016.12.30 14:12:05.805,1.51698,1.51733,1.00,1.00
2016.12.30 14:12:05.956,1.51698,1.51736,1.00,1.50
2016.12.30 14:12:06.057,1.51699,1.5174,1.00,1.00
2016.12.30 14:12:06.360,1.51699,1.51736,1.00,1.00
2016.12.30 14:12:06.462,1.51699,1.51738,1.00,1.00
2016.12.30 14:12:06.731,1.51699,1.51736,1.00,1.00
2016.12.30 14:12:08.638,1.51697,1.51736,1.00,1.50
2016.12.30 14:12:08.689,1.51697,1.51734,1.00,1.00
2016.12.30 14:12:08.739,1.51694,1.51734,1.00,1.00
2016.12.30 14:12:08.883,1.51694,1.51727,1.00,1.00
2016.12.30 14:12:09.637,1.51693,1.51727,1.00,1.00
2016.12.30 14:12:10.369,1.51693,1.51736,1.00,1.00
2016.12.30 14:12:10.420,1.51693,1.51733,1.00,1.00
2016.12.30 14:12:11.064,1.51693,1.51731,1.00,1.00
2016.12.30 14:12:11.186,1.51689,1.51731,1.00,1.00
2016.12.30 14:12:11.287,1.51689,1.51731,1.00,1.00
2016.12.30 14:12:11.640,1.51689,1.51727,1.00,1.00
2016.12.30 14:12:12.961,1.51689,1.51727,1.00,1.00
2016.12.30 14:12:17.225,1.51689,1.51726,1.00,1.00
2016.12.30 14:12:17.276,1.51689,1.51728,1.00,1.00
2016.12.30 14:12:17.478,1.51689,1.51728,1.00,1.00
2016.12.30 14:12:17.579,1.51687,1.51726,1.00,1.00
2016.12.30 14:12:18.171,1.51687,1.51727,1.00,1.00
2016.12.30 14:12:18.574,1.5169,1.51728,1.00,1.00
2016.12.30 14:12:18.624,1.5169,1.51731,1.00,1.00
2016.12.30 14:12:18.927,1.51691,1.51727,1.00,1.00
2016.12.30 14:12:21.609,1.51691,1.51731,1.00,1.00
2016.12.30 14:12:22.173,1.51691,1.51732,1.00,1.00
2016.12.30 14:12:22.502,1.51691,1.51726,1.00,1.00
2016.12.30 14:12:24.255,1.51691,1.51726,1.00,1.00
2016.12.30 14:12:25.300,1.51691,1.51726,1.00,1.00
2016.12.30 14:12:25.351,1.51691,1.51734,1.50,1.00
2016.12.30 14:12:25.401,1.51691,1.51733,1.00,1.00
2016.12.30 14:12:25.704,1.51693,1.51733,1.00,1.00
2016.12.30 14:12:26.447,1.51693,1.51734,1.00,1.00
2016.12.30 14:12:26.997,1.51693,1.51733,1.00,1.00
2016.12.30 14:12:29.604,1.51696,1.51733,1.00,1.00
2016.12.30 14:12:29.906,1.51689,1.51725,1.00,1.00
2016.12.30 14:12:30.068,1.51685,1.51725,1.00,1.00
2016.12.30 14:12:30.169,1.5168,1.51725,1.00,1.00
2016.12.30 14:12:30.298,1.5168,1.51725,1.00,1.00
2016.12.30 14:12:30.631,1.5168,1.51723,1.00,1.00
2016.12.30 14:12:31.310,1.5168,1.51726,1.00,1.00
2016.12.30 14:12:32.044,1.5168,1.51727,1.00,2.25
2016.12.30 14:12:32.394,1.5168,1.51722,1.00,1.00
2016.12.30 14:12:32.801,1.51682,1.51722,1.00,1.00
2016.12.30 14:12:33.338,1.51682,1.51721,1.00,1.00
2016.12.30 14:12:33.388,1.51682,1.51728,2.50,1.00
2016.12.30 14:12:33.439,1.51682,1.51726,2.50,1.00
2016.12.30 14:12:33.792,1.51682,1.51723,1.00,1.00
2016.12.30 14:12:33.893,1.51678,1.51719,1.00,1.00
2016.12.30 14:12:33.994,1.51678,1.51721,1.00,1.00
2016.12.30 14:12:34.298,1.51678,1.51716,1.00,1.00
2016.12.30 14:12:34.810,1.51678,1.51716,1.00,1.00
2016.12.30 14:12:36.256,1.51679,1.51716,1.00,1.00
2016.12.30 14:12:36.306,1.51679,1.51724,1.00,1.00
2016.12.30 14:12:36.512,1.51682,1.51725,1.00,1.00
2016.12.30 14:12:36.816,1.51685,1.51727,1.00,1.00
2016.12.30 14:12:37.119,1.51688,1.51727,1.00,1.00
2016.12.30 14:12:37.220,1.51688,1.51727,1.00,1.00
2016.12.30 14:12:37.794,1.51688,1.51717,1.00,1.00
2016.12.30 14:12:37.989,1.51675,1.51706,1.50,1.00
2016.12.30 14:12:38.141,1.51675,1.51723,1.00,1.50
2016.12.30 14:12:38.243,1.51675,1.51719,1.00,1.00
2016.12.30 14:12:38.547,1.51681,1.5172,1.00,1.00
2016.12.30 14:12:38.597,1.51681,1.51722,1.00,1.50
2016.12.30 14:12:38.648,1.51682,1.51719,1.00,1.00
2016.12.30 14:12:38.749,1.51679,1.51716,1.00,1.00
2016.12.30 14:12:39.222,1.51679,1.51716,1.00,1.00
2016.12.30 14:12:39.753,1.51679,1.51716,1.00,1.00
2016.12.30 14:12:40.557,1.51679,1.51716,1.00,1.00
2016.12.30 14:12:41.069,1.51679,1.51716,1.00,1.00
2016.12.30 14:12:41.590,1.51679,1.51717,1.00,1.00
2016.12.30 14:12:41.640,1.51679,1.51716,1.00,1.00
2016.12.30 14:12:41.741,1.51676,1.51716,1.00,1.00
2016.12.30 14:12:41.957,1.51676,1.5172,1.50,1.00
2016.12.30 14:12:42.059,1.51676,1.5172,1.00,1.00
2016.12.30 14:12:42.110,1.51676,1.51725,1.00,1.00
2016.12.30 14:12:42.160,1.51678,1.51725,1.00,1.00
2016.12.30 14:12:42.463,1.51678,1.51717,1.00,1.00
2016.12.30 14:12:43.011,1.51678,1.51716,1.00,1.00
2016.12.30 14:12:43.313,1.5168,1.51716,1.00,1.00
2016.12.30 14:12:43.364,1.5168,1.51723,1.00,1.00
2016.12.30 14:12:43.617,1.5168,1.51716,1.00,1.00
2016.12.30 14:12:44.126,1.5168,1.51717,1.00,1.00
2016.12.30 14:12:44.346,1.5168,1.51722,1.00,1.00
2016.12.30 14:12:44.397,1.5168,1.51726,1.00,1.50
2016.12.30 14:12:44.510,1.51681,1.51726,1.00,1.50
2016.12.30 14:12:44.827,1.51688,1.51727,1.00,1.00
2016.12.30 14:12:45.364,1.51688,1.51727,1.00,1.00
2016.12.30 14:12:45.834,1.51687,1.51726,1.00,1.50
2016.12.30 14:12:46.054,1.51687,1.51729,1.00,1.00
2016.12.30 14:12:46.309,1.51687,1.51726,1.00,1.00
2016.12.30 14:12:46.725,1.51684,1.51727,1.00,1.00
2016.12.30 14:12:46.907,1.51684,1.51716,1.00,1.00
2016.12.30 14:12:48.536,1.51684,1.51716,1.00,1.00
2016.12.30 14:12:48.637,1.51684,1.51726,1.00,1.00
2016.12.30 14:12:49.326,1.51684,1.51726,1.00,2.25
2016.12.30 14:12:49.921,1.51683,1.51726,1.50,1.00
2016.12.30 14:12:49.972,1.51683,1.5172,1.00,1.00
2016.12.30 14:12:50.138,1.51678,1.51717,1.00,1.00
2016.12.30 14:12:50.847,1.51678,1.51716,1.00,1.00
2016.12.30 14:12:51.841,1.51678,1.51717,1.00,1.00
2016.12.30 14:12:51.942,1.51678,1.51719,1.00,1.00
2016.12.30 14:12:52.144,1.51678,1.51725,1.00,1.50
2016.12.30 14:12:52.245,1.51678,1.51716,1.00,1.00
2016.12.30 14:12:52.346,1.51678,1.51721,1.00,1.00
2016.12.30 14:12:52.447,1.51678,1.51721,1.00,1.00
2016.12.30 14:12:52.608,1.51678,1.51716,1.00,1.00
2016.12.30 14:12:53.135,1.51678,1.51717,1.00,1.00
2016.12.30 14:12:53.743,1.51678,1.51716,1.00,1.00
2016.12.30 14:12:54.046,1.51678,1.51716,1.00,1.00
2016.12.30 14:12:54.298,1.51678,1.51723,1.00,1.00
2016.12.30 14:12:54.449,1.51678,1.51723,1.00,1.00
2016.12.30 14:12:54.529,1.51678,1.51716,1.00,1.00
2016.12.30 14:12:54.830,1.51678,1.51716,1.00,1.00
2016.12.30 14:12:57.234,1.51678,1.51717,1.00,1.00
2016.12.30 14:12:57.468,1.51678,1.51717,1.50,1.00
2016.12.30 14:12:57.774,1.51678,1.51717,1.50,1.00
2016.12.30 14:12:58.164,1.51678,1.51717,1.00,1.00
2016.12.30 14:12:58.416,1.51678,1.51726,1.50,1.00
2016.12.30 14:12:58.719,1.51679,1.51717,1.50,1.00
2016.12.30 14:12:59.221,1.51679,1.51719,1.00,1.50
2016.12.30 14:12:59.272,1.51676,1.51706,1.00,1.00
2016.12.30 14:12:59.373,1.51674,1.51706,1.00,1.00
2016.12.30 14:12:59.578,1.51674,1.51706,1.00,1.00
2016.12.30 14:13:00.145,1.51674,1.51706,1.00,1.00
2016.12.30 14:13:00.347,1.51671,1.51715,1.00,1.50
2016.12.30 14:13:00.397,1.51671,1.51715,1.00,1.00
2016.12.30 14:13:00.729,1.5168,1.51716,1.00,1.00
2016.12.30 14:13:00.831,1.5168,1.51726,1.00,1.00
2016.12.30 14:13:01.083,1.51682,1.51726,1.00,1.00
2016.12.30 14:13:01.184,1.51682,1.51725,1.00,1.00
2016.12.30 14:13:01.235,1.51682,1.51716,1.00,1.00
2016.12.30 14:13:01.286,1.51679,1.51721,1.00,1.00
2016.12.30 14:13:01.336,1.51679,1.51716,1.00,1.00
2016.12.30 14:13:01.639,1.51679,1.51716,1.00,1.00
2016.12.30 14:13:02.165,1.51679,1.51716,1.00,1.00
2016.12.30 14:13:02.616,1.51679,1.51723,1.00,1.00
2016.12.30 14:13:02.667,1.51681,1.51723,1.00,1.00
2016.12.30 14:13:02.717,1.51681,1.51727,1.00,1.00
2016.12.30 14:13:02.919,1.51681,1.51716,1.00,1.00
2016.12.30 14:13:03.296,1.51684,1.51716,1.00,1.00
2016.12.30 14:13:04.049,1.51684,1.51726,1.00,1.00
2016.12.30 14:13:04.787,1.51685,1.51726,1.00,1.00
2016.12.30 14:13:04.837,1.51685,1.51717,1.00,1.00
2016.12.30 14:13:04.994,1.51688,1.51726,1.00,1.00
2016.12.30 14:13:05.348,1.51688,1.51726,1.00,1.00
2016.12.30 14:13:05.549,1.51688,1.51716,1.00,1.00
2016.12.30 14:13:06.919,1.51688,1.51717,1.00,1.00
2016.12.30 14:13:07.569,1.51688,1.51716,1.00,1.00
2016.12.30 14:13:07.865,1.51686,1.51716,1.00,1.00
2016.12.30 14:13:08.246,1.51685,1.51726,1.00,1.50
2016.12.30 14:13:08.498,1.51685,1.51716,1.00,1.00
2016.12.30 14:13:09.094,1.51685,1.51716,1.00,1.00
2016.12.30 14:13:11.102,1.51685,1.51717,1.00,1.00
2016.12.30 14:13:11.483,1.51683,1.51716,1.00,1.00
2016.12.30 14:13:11.698,1.51683,1.51716,1.00,1.00
2016.12.30 14:13:13.391,1.51683,1.51726,1.00,2.25
2016.12.30 14:13:13.441,1.51683,1.51716,1.00,1.00
2016.12.30 14:13:13.737,1.51683,1.51726,1.00,1.00
2016.12.30 14:13:14.090,1.51683,1.51726,1.00,1.50
2016.12.30 14:13:14.355,1.51683,1.51726,1.00,1.00
2016.12.30 14:13:14.616,1.51683,1.51717,1.00,1.00
2016.12.30 14:13:14.793,1.51682,1.51717,1.00,1.00
2016.12.30 14:13:15.100,1.51682,1.51716,1.00,1.00
2016.12.30 14:13:15.628,1.51682,1.51717,1.00,1.00
2016.12.30 14:13:16.454,1.51682,1.51716,1.00,1.00
2016.12.30 14:13:17.059,1.5168,1.51716,1.00,1.00
2016.12.30 14:13:18.571,1.5168,1.51716,1.00,1.00
2016.12.30 14:13:22.295,1.5168,1.51706,1.00,1.00
2016.12.30 14:13:22.346,1.5168,1.51713,1.00,1.00
2016.12.30 14:13:22.478,1.51669,1.51705,1.00,1.00
2016.12.30 14:13:22.529,1.51669,1.51707,1.00,1.00
2016.12.30 14:13:22.580,1.51674,1.51707,1.00,1.00
2016.12.30 14:13:22.731,1.51674,1.51713,1.00,1.00
2016.12.30 14:13:22.782,1.51674,1.51707,1.00,1.00
2016.12.30 14:13:23.291,1.51674,1.51707,1.00,1.00
2016.12.30 14:13:23.844,1.51674,1.51706,1.00,1.00
2016.12.30 14:13:24.278,1.51674,1.51707,1.00,1.00
2016.12.30 14:13:27.679,1.51674,1.51706,1.00,1.00
2016.12.30 14:13:29.274,1.51674,1.51706,1.00,1.00
2016.12.30 14:13:29.446,1.51674,1.51697,1.00,1.00
2016.12.30 14:13:29.497,1.5167,1.51697,1.00,1.00
2016.12.30 14:13:29.699,1.5167,1.51697,1.00,1.00
2016.12.30 14:13:29.749,1.5167,1.51706,1.00,1.00
2016.12.30 14:13:29.917,1.5167,1.51711,1.00,1.00
2016.12.30 14:13:30.361,1.5167,1.51705,1.00,1.00
2016.12.30 14:13:30.411,1.51666,1.51706,1.00,1.00
2016.12.30 14:13:30.563,1.51666,1.51697,1.00,1.00
2016.12.30 14:13:31.066,1.51666,1.51696,1.00,1.00
2016.12.30 14:13:31.474,1.51665,1.51704,1.00,1.00
2016.12.30 14:13:31.525,1.51663,1.51704,1.00,1.00
2016.12.30 14:13:31.789,1.51663,1.51696,1.00,1.00
2016.12.30 14:13:32.771,1.51663,1.51706,1.00,1.50
2016.12.30 14:13:32.822,1.51663,1.51706,1.00,1.50
2016.12.30 14:13:33.125,1.51663,1.51696,1.00,1.00
2016.12.30 14:13:34.128,1.51665,1.51696,1.00,1.00
2016.12.30 14:13:34.330,1.51665,1.51705,1.00,1.00
2016.12.30 14:13:34.582,1.51668,1.51706,1.00,1.50
2016.12.30 14:13:34.960,1.51672,1.51707,1.00,1.00
2016.12.30 14:13:35.014,1.51672,1.51707,1.00,1.00
2016.12.30 14:13:35.266,1.51672,1.51705,1.00,1.00
2016.12.30 14:13:35.317,1.51672,1.51705,1.00,1.00
2016.12.30 14:13:36.107,1.51672,1.51706,1.00,1.00
2016.12.30 14:13:36.771,1.51672,1.51705,1.00,1.00
2016.12.30 14:13:37.037,1.51665,1.51697,1.00,1.00
2016.12.30 14:13:37.138,1.51663,1.51704,1.00,1.00
2016.12.30 14:13:37.189,1.51663,1.51696,1.00,1.00
2016.12.30 14:13:37.290,1.51663,1.51705,1.00,1.00
2016.12.30 14:13:37.514,1.51663,1.51703,1.00,1.00
2016.12.30 14:13:37.861,1.51663,1.51697,1.00,1.00
2016.12.30 14:13:38.115,1.51663,1.51697,1.00,1.00
2016.12.30 14:13:38.917,1.51663,1.51696,1.00,1.00
2016.12.30 14:13:39.119,1.5166,1.517,1.00,1.00
2016.12.30 14:13:39.220,1.51657,1.517,1.00,1.00
2016.12.30 14:13:39.321,1.51657,1.517,1.00,1.00
2016.12.30 14:13:39.761,1.51657,1.51703,1.00,1.00
2016.12.30 14:13:40.064,1.51659,1.51702,1.00,1.00
2016.12.30 14:13:40.367,1.5166,1.51697,1.00,1.00
2016.12.30 14:13:40.536,1.5166,1.51703,1.00,1.00
2016.12.30 14:13:40.776,1.5166,1.51705,1.50,1.00
2016.12.30 14:13:41.021,1.5166,1.51696,1.00,1.00
2016.12.30 14:13:41.102,1.5166,1.51705,1.50,1.50
2016.12.30 14:13:41.254,1.51662,1.51706,1.00,1.00
2016.12.30 14:13:41.557,1.51664,1.51707,1.00,1.00
2016.12.30 14:13:41.859,1.51668,1.51707,1.00,1.00
2016.12.30 14:13:42.162,1.51668,1.51706,1.00,1.00
2016.12.30 14:13:42.704,1.51668,1.51707,1.00,1.00
2016.12.30 14:13:42.856,1.51668,1.51696,1.00,1.00
2016.12.30 14:13:42.957,1.51668,1.51707,1.00,1.00
2016.12.30 14:13:43.057,1.51668,1.51706,1.00,1.00
2016.12.30 14:13:43.461,1.51671,1.51706,1.00,1.00
2016.12.30 14:13:43.644,1.51675,1.51716,1.00,1.00
2016.12.30 14:13:44.393,1.51675,1.51719,2.50,1.00
2016.12.30 14:13:44.444,1.5168,1.51722,1.00,1.00
2016.12.30 14:13:44.494,1.51681,1.51727,1.50,1.00
2016.12.30 14:13:44.545,1.51685,1.51717,1.00,1.00
2016.12.30 14:13:44.646,1.51685,1.51717,1.00,1.00
2016.12.30 14:13:44.966,1.51682,1.51717,1.00,1.00
2016.12.30 14:13:45.118,1.5168,1.51717,1.00,1.00
2016.12.30 14:13:45.431,1.5168,1.51717,1.00,1.00
2016.12.30 14:13:45.801,1.5168,1.5172,1.00,1.00
2016.12.30 14:13:46.087,1.5168,1.51717,1.00,1.00
2016.12.30 14:13:47.037,1.5168,1.51716,1.00,1.00
2016.12.30 14:13:47.239,1.5168,1.51718,1.00,1.00
2016.12.30 14:13:47.290,1.5168,1.51716,1.00,1.00
2016.12.30 14:13:47.592,1.5168,1.51709,1.00,1.00
2016.12.30 14:13:47.744,1.51665,1.51696,1.00,1.00
2016.12.30 14:13:47.845,1.51661,1.51696,1.00,1.00
2016.12.30 14:13:49.653,1.51661,1.51697,1.00,1.00
2016.12.30 14:13:49.754,1.51664,1.51706,1.00,1.00
2016.12.30 14:13:49.834,1.5167,1.51706,1.00,1.00
2016.12.30 14:13:50.036,1.5167,1.51706,1.00,1.00
2016.12.30 14:13:50.137,1.51666,1.51706,1.00,1.00
2016.12.30 14:13:50.238,1.51666,1.51705,1.00,1.00
2016.12.30 14:13:50.540,1.51667,1.51706,1.00,1.00
2016.12.30 14:13:51.940,1.51667,1.51707,1.00,1.00
2016.12.30 14:13:53.809,1.51667,1.51706,1.00,1.00
2016.12.30 14:13:53.859,1.51667,1.51706,1.00,1.00
2016.12.30 14:13:53.961,1.51665,1.51706,1.00,1.00
2016.12.30 14:13:54.213,1.51665,1.51697,1.00,1.00
2016.12.30 14:13:54.263,1.51664,1.51697,1.00,1.00
2016.12.30 14:13:54.364,1.51664,1.51686,1.00,1.00
2016.12.30 14:13:54.767,1.51663,1.51687,1.00,1.00
2016.12.30 14:13:55.500,1.51663,1.51697,1.00,1.00
2016.12.30 14:13:55.651,1.51663,1.51697,1.00,1.00
2016.12.30 14:13:55.982,1.51663,1.51697,1.00,1.00
2016.12.30 14:13:56.493,1.51663,1.51696,1.00,1.00
2016.12.30 14:13:56.745,1.51661,1.51697,1.00,1.00
2016.12.30 14:13:56.946,1.51661,1.51697,1.00,1.00
2016.12.30 14:13:57.159,1.51661,1.51697,1.00,1.00
2016.12.30 14:13:58.299,1.51661,1.51687,1.00,1.00
2016.12.30 14:13:58.884,1.5166,1.51687,1.00,1.00
2016.12.30 14:14:00.487,1.5166,1.51696,1.00,1.00
2016.12.30 14:14:00.538,1.51651,1.51687,1.50,1.00
2016.12.30 14:14:01.053,1.51651,1.51686,1.00,1.00
2016.12.30 14:14:02.705,1.5165,1.51686,1.00,1.00
2016.12.30 14:14:03.470,1.5165,1.51687,1.00,1.50
2016.12.30 14:14:03.571,1.51646,1.51687,1.00,1.00
2016.12.30 14:14:03.621,1.51646,1.51686,1.00,1.00
2016.12.30 14:14:03.924,1.51646,1.51686,1.00,1.00
2016.12.30 14:14:04.025,1.51646,1.51687,1.00,1.00
2016.12.30 14:14:04.529,1.51646,1.51686,1.00,1.00
2016.12.30 14:14:04.905,1.51645,1.51676,1.00,1.00
2016.12.30 14:14:05.359,1.51645,1.51686,1.00,1.00
2016.12.30 14:14:05.738,1.51645,1.51687,1.00,1.00
2016.12.30 14:14:06.107,1.51645,1.51686,1.00,1.00
2016.12.30 14:14:07.133,1.51646,1.51686,1.00,1.00
2016.12.30 14:14:07.184,1.51646,1.51693,1.50,1.00
2016.12.30 14:14:07.234,1.51651,1.51692,1.00,1.00
2016.12.30 14:14:07.285,1.51651,1.51696,1.00,1.00
2016.12.30 14:14:07.538,1.51651,1.51686,1.00,1.00
2016.12.30 14:14:08.235,1.51651,1.51686,1.00,1.00
2016.12.30 14:14:08.436,1.5165,1.51686,1.50,1.00
2016.12.30 14:14:08.537,1.5165,1.51686,1.00,1.00
2016.12.30 14:14:09.768,1.5165,1.51694,1.00,1.00
2016.12.30 14:14:09.819,1.5165,1.51692,1.00,1.00
2016.12.30 14:14:10.108,1.5165,1.51696,1.00,1.00
2016.12.30 14:14:10.194,1.5165,1.51696,1.00,1.00
2016.12.30 14:14:10.496,1.5165,1.51687,1.00,1.00
2016.12.30 14:14:10.750,1.5165,1.51686,1.50,1.00
2016.12.30 14:14:11.112,1.5165,1.51686,1.00,1.00
2016.12.30 14:14:11.627,1.51652,1.51696,1.00,1.00
2016.12.30 14:14:11.728,1.51657,1.51697,1.50,1.00
2016.12.30 14:14:11.779,1.51657,1.51705,2.50,1.00
2016.12.30 14:14:11.829,1.5166,1.51705,1.00,1.00
2016.12.30 14:14:12.207,1.5166,1.51696,1.00,1.00
2016.12.30 14:14:13.503,1.5166,1.51696,1.60,1.00
2016.12.30 14:14:13.554,1.51666,1.51707,1.35,1.00
2016.12.30 14:14:13.655,1.51669,1.51711,2.25,1.00
2016.12.30 14:14:13.997,1.51675,1.51711,1.00,1.00
2016.12.30 14:14:14.047,1.51675,1.51711,1.00,1.00
2016.12.30 14:14:14.148,1.51675,1.51712,1.00,1.00
2016.12.30 14:14:14.249,1.51671,1.51712,1.00,1.00
2016.12.30 14:14:14.335,1.51672,1.51712,1.00,1.00
2016.12.30 14:14:14.638,1.51679,1.51714,1.00,1.00
2016.12.30 14:14:14.739,1.51679,1.51713,1.00,1.00
2016.12.30 14:14:14.840,1.51678,1.51716,1.00,1.00
2016.12.30 14:14:14.942,1.51678,1.51717,1.00,1.00
2016.12.30 14:14:15.245,1.51678,1.51713,1.00,1.00
2016.12.30 14:14:15.404,1.51678,1.51715,1.00,1.00
2016.12.30 14:14:15.835,1.51678,1.51713,1.00,1.00
2016.12.30 14:14:16.477,1.51678,1.51714,1.00,1.00
2016.12.30 14:14:16.992,1.51678,1.51713,1.00,1.00
2016.12.30 14:14:17.601,1.51678,1.51711,1.00,1.00
2016.12.30 14:14:18.519,1.51678,1.51712,1.00,1.00
2016.12.30 14:14:18.760,1.51675,1.51711,1.00,1.00
2016.12.30 14:14:18.861,1.51673,1.51711,1.00,1.00
2016.12.30 14:14:19.466,1.51673,1.51711,1.50,1.00
2016.12.30 14:14:19.974,1.51673,1.51711,1.00,1.00
2016.12.30 14:14:21.004,1.51673,1.51707,1.00,1.00
2016.12.30 14:14:23.184,1.51673,1.51711,1.00,1.00
2016.12.30 14:14:23.235,1.51677,1.51714,1.00,1.00
2016.12.30 14:14:23.612,1.51677,1.51711,1.00,1.00
2016.12.30 14:14:24.047,1.51678,1.51715,1.00,1.00
2016.12.30 14:14:24.299,1.51679,1.51717,1.00,1.50
2016.12.30 14:14:24.350,1.51679,1.51717,1.00,1.00
2016.12.30 14:14:24.653,1.51679,1.51711,1.00,1.00
2016.12.30 14:14:24.703,1.51679,1.51716,1.00,1.50
2016.12.30 14:14:27.185,1.51679,1.51717,1.00,1.50
2016.12.30 14:14:28.150,1.51679,1.51716,1.00,1.00
2016.12.30 14:14:29.223,1.51679,1.51717,1.00,1.00
2016.12.30 14:14:29.274,1.51679,1.51717,1.00,1.00
2016.12.30 14:14:30.043,1.51679,1.51716,1.00,1.00
2016.12.30 14:14:30.144,1.51679,1.51715,1.00,1.00
2016.12.30 14:14:30.516,1.51679,1.51713,1.00,1.00
2016.12.30 14:14:33.731,1.51679,1.51714,1.00,1.00
2016.12.30 14:14:34.081,1.51679,1.51712,1.50,1.00
2016.12.30 14:14:34.233,1.51682,1.51717,1.00,1.50
2016.12.30 14:14:34.334,1.51682,1.51717,1.00,1.00
2016.12.30 14:14:34.884,1.51683,1.51718,1.50,1.00
2016.12.30 14:14:35.568,1.51683,1.51717,2.50,1.00
2016.12.30 14:14:35.992,1.51683,1.51715,2.50,1.00
2016.12.30 14:14:36.597,1.51683,1.51716,2.50,1.00
2016.12.30 14:14:37.142,1.51683,1.51717,2.50,1.00
2016.12.30 14:14:37.193,1.51683,1.51721,1.50,1.00
2016.12.30 14:14:37.243,1.51685,1.51722,1.00,1.00
2016.12.30 14:14:37.509,1.51685,1.51727,1.00,1.00
2016.12.30 14:14:37.560,1.51681,1.51706,1.00,1.00
2016.12.30 14:14:37.611,1.51681,1.51716,1.00,1.00
2016.12.30 14:14:38.141,1.51681,1.51716,1.00,1.00
2016.12.30 14:14:38.250,1.51679,1.51716,1.00,1.00
2016.12.30 14:14:38.506,1.51679,1.51721,1.00,1.00
2016.12.30 14:14:38.608,1.51683,1.51724,1.50,1.00
2016.12.30 14:14:38.666,1.51687,1.51723,1.00,1.00
2016.12.30 14:14:39.055,1.51687,1.51724,1.00,1.00
2016.12.30 14:14:39.571,1.51687,1.51723,1.00,1.00
2016.12.30 14:14:39.882,1.51687,1.51724,1.00,1.00
2016.12.30 14:14:40.050,1.51687,1.51716,1.00,1.00
2016.12.30 14:14:40.201,1.51687,1.51723,1.00,1.00
2016.12.30 14:14:40.760,1.51682,1.51723,1.00,1.50
2016.12.30 14:14:40.861,1.51682,1.51716,1.00,1.00
2016.12.30 14:14:41.388,1.51682,1.51717,1.00,1.00
2016.12.30 14:14:41.539,1.51682,1.51724,1.00,1.00
2016.12.30 14:14:41.590,1.51682,1.51723,1.00,1.00
2016.12.30 14:14:41.893,1.51684,1.51724,1.00,1.00
2016.12.30 14:14:42.269,1.51687,1.51725,1.50,1.00
2016.12.30 14:14:42.391,1.51687,1.5173,3.85,1.00
2016.12.30 14:14:42.493,1.51691,1.51729,1.00,1.00
2016.12.30 14:14:42.796,1.51685,1.51724,1.00,1.00
2016.12.30 14:14:42.998,1.51686,1.51724,1.00,1.00
2016.12.30 14:14:43.301,1.51686,1.51724,1.00,1.00
2016.12.30 14:14:43.824,1.51686,1.51723,1.00,1.00
2016.12.30 14:14:43.875,1.51686,1.51723,1.00,1.00
2016.12.30 14:14:44.079,1.51687,1.51723,1.00,1.00
2016.12.30 14:14:44.481,1.51687,1.51723,1.00,1.00
2016.12.30 14:14:45.783,1.51687,1.51724,1.00,1.00
2016.12.30 14:14:46.596,1.51687,1.51723,1.00,1.00
2016.12.30 14:14:46.697,1.51687,1.51726,1.00,1.50
2016.12.30 14:14:46.797,1.51687,1.51726,1.00,1.50
2016.12.30 14:14:47.128,1.51687,1.51723,1.00,1.00
2016.12.30 14:14:47.361,1.51687,1.51724,1.00,1.00
2016.12.30 14:14:47.903,1.51687,1.51723,1.00,1.00
2016.12.30 14:14:48.060,1.51687,1.51723,1.00,1.00
2016.12.30 14:14:48.586,1.51687,1.51723,1.00,1.00
2016.12.30 14:14:48.687,1.51687,1.51725,1.00,1.00
2016.12.30 14:14:48.893,1.51687,1.51726,1.00,1.00
2016.12.30 14:14:49.233,1.51687,1.51723,1.00,1.00
2016.12.30 14:14:50.661,1.51687,1.51724,1.00,1.00
2016.12.30 14:14:51.305,1.51687,1.51723,1.00,1.00
2016.12.30 14:14:51.834,1.51687,1.51723,1.00,1.00
2016.12.30 14:14:52.384,1.51687,1.51724,1.00,1.00
2016.12.30 14:14:53.017,1.51687,1.51723,1.00,1.00
2016.12.30 14:14:53.655,1.51687,1.51724,1.00,1.00
2016.12.30 14:14:54.224,1.51687,1.51723,1.00,1.00
2016.12.30 14:14:55.643,1.51687,1.51726,1.00,1.00
2016.12.30 14:14:55.795,1.51689,1.51726,1.00,1.00
2016.12.30 14:14:56.097,1.51689,1.51723,1.00,1.00
2016.12.30 14:14:56.649,1.51689,1.51724,1.00,1.00
2016.12.30 14:14:57.491,1.51689,1.51723,1.50,1.00
2016.12.30 14:14:57.542,1.51689,1.51726,1.50,1.00
2016.12.30 14:14:57.592,1.5169,1.51725,2.50,1.00
2016.12.30 14:14:58.139,1.51691,1.51725,1.00,1.00
2016.12.30 14:14:58.652,1.51691,1.51725,1.00,1.00
2016.12.30 14:14:59.582,1.51691,1.51723,1.00,1.00
2016.12.30 14:15:00.208,1.51691,1.51723,1.00,1.00
2016.12.30 14:15:00.916,1.51692,1.51725,1.50,1.00
2016.12.30 14:15:01.428,1.51692,1.51724,1.00,1.00
2016.12.30 14:15:01.884,1.51692,1.51724,1.00,1.00
2016.12.30 14:15:02.427,1.51692,1.51725,1.00,1.00
2016.12.30 14:15:02.968,1.51692,1.51726,1.00,1.00
2016.12.30 14:15:03.342,1.51692,1.51729,1.00,1.00
2016.12.30 14:15:03.768,1.51692,1.51727,1.00,1.00
2016.12.30 14:15:04.465,1.51692,1.51726,1.00,1.00
2016.12.30 14:15:06.099,1.51692,1.51727,1.00,1.00
2016.12.30 14:15:06.495,1.51692,1.51729,1.00,1.00
2016.12.30 14:15:06.748,1.51692,1.51726,1.00,1.00
2016.12.30 14:15:07.257,1.51692,1.51727,1.00,1.00
2016.12.30 14:15:08.284,1.51692,1.51726,1.00,1.00
2016.12.30 14:15:08.811,1.51692,1.51727,1.00,1.00
2016.12.30 14:15:10.866,1.51692,1.51726,1.00,1.00
2016.12.30 14:15:11.375,1.51692,1.51727,1.00,1.00
2016.12.30 14:15:11.635,1.51692,1.51725,1.00,1.00
2016.12.30 14:15:12.151,1.51692,1.51724,1.00,1.00
2016.12.30 14:15:12.561,1.51692,1.51727,1.00,1.00
2016.12.30 14:15:13.006,1.51692,1.51725,1.00,1.00
2016.12.30 14:15:13.561,1.51692,1.51724,1.00,1.00
2016.12.30 14:15:14.512,1.51692,1.51724,1.00,1.00
2016.12.30 14:15:15.031,1.51692,1.51724,1.00,1.00
2016.12.30 14:15:16.346,1.51692,1.51727,1.00,1.00
2016.12.30 14:15:16.867,1.51692,1.51724,1.50,1.00
2016.12.30 14:15:18.241,1.51692,1.51725,1.00,1.00
2016.12.30 14:15:19.741,1.51692,1.51725,1.00,1.00
2016.12.30 14:15:20.266,1.51692,1.51724,1.00,1.00
2016.12.30 14:15:22.163,1.51692,1.51725,1.00,1.00
2016.12.30 14:15:22.666,1.51692,1.51724,1.00,1.00
2016.12.30 14:15:23.276,1.51692,1.51724,1.00,1.00
2016.12.30 14:15:24.027,1.51692,1.51724,1.00,1.00
2016.12.30 14:15:25.035,1.51692,1.51725,1.00,1.50
2016.12.30 14:15:25.086,1.51692,1.51723,1.00,1.00
2016.12.30 14:15:25.137,1.51681,1.51723,1.00,1.00
2016.12.30 14:15:25.256,1.51684,1.51724,1.35,1.00
2016.12.30 14:15:25.561,1.51688,1.51727,1.00,1.00
2016.12.30 14:15:25.863,1.51697,1.51736,1.00,1.00
2016.12.30 14:15:26.165,1.517,1.51736,1.00,1.00
2016.12.30 14:15:26.266,1.517,1.51736,1.00,1.00
2016.12.30 14:15:26.818,1.517,1.51736,1.00,1.00
2016.12.30 14:15:26.919,1.517,1.51736,1.00,1.00
2016.12.30 14:15:27.020,1.51696,1.51737,1.00,1.00
2016.12.30 14:15:27.276,1.51696,1.51726,1.00,1.00
2016.12.30 14:15:27.427,1.51692,1.51727,1.00,1.00
2016.12.30 14:15:27.528,1.51692,1.51736,1.00,1.00
2016.12.30 14:15:28.033,1.51693,1.51736,1.00,1.00
2016.12.30 14:15:28.704,1.51698,1.51736,1.50,1.00
2016.12.30 14:15:28.848,1.51705,1.51746,1.00,1.00
2016.12.30 14:15:29.050,1.51705,1.51747,1.00,1.00
2016.12.30 14:15:29.322,1.51705,1.51747,1.00,1.00
2016.12.30 14:15:29.663,1.51705,1.51746,1.00,1.00
2016.12.30 14:15:29.865,1.51705,1.51747,1.00,1.00
2016.12.30 14:15:30.193,1.51707,1.51747,1.00,1.00
2016.12.30 14:15:30.244,1.51707,1.51747,1.00,1.00
2016.12.30 14:15:30.774,1.51707,1.51746,1.00,1.00
2016.12.30 14:15:31.305,1.51707,1.51746,1.00,1.00
2016.12.30 14:15:33.529,1.51707,1.51736,1.00,1.00
2016.12.30 14:15:34.049,1.51707,1.51736,1.00,1.00
2016.12.30 14:15:34.177,1.51707,1.51746,1.00,1.00
2016.12.30 14:15:34.876,1.51707,1.51746,1.00,1.00
2016.12.30 14:15:37.478,1.51707,1.51746,1.00,1.00
2016.12.30 14:15:37.722,1.51709,1.51756,1.00,1.00
2016.12.30 14:15:38.024,1.5171,1.51752,1.00,1.00
2016.12.30 14:15:38.075,1.5171,1.51756,1.00,1.50
2016.12.30 14:15:38.384,1.5171,1.51746,1.50,1.00
2016.12.30 14:15:39.372,1.5171,1.51755,1.00,1.00
2016.12.30 14:15:39.473,1.5171,1.51755,1.00,1.00
2016.12.30 14:15:39.625,1.5171,1.51746,1.00,1.00
2016.12.30 14:15:40.022,1.51712,1.51746,1.00,1.00
2016.12.30 14:15:40.073,1.51712,1.51746,1.00,1.00
2016.12.30 14:15:40.344,1.51711,1.51746,1.00,1.00
2016.12.30 14:15:40.959,1.51711,1.51746,1.00,1.00
2016.12.30 14:15:41.858,1.51711,1.51748,1.00,1.00
2016.12.30 14:15:41.910,1.51711,1.51745,1.00,1.00
2016.12.30 14:15:42.044,1.517,1.51741,1.00,1.00
2016.12.30 14:15:42.094,1.51698,1.51727,1.00,1.00
2016.12.30 14:15:42.246,1.51695,1.51726,1.00,1.00
2016.12.30 14:15:42.412,1.51692,1.51726,1.00,1.00
2016.12.30 14:15:42.463,1.51689,1.5173,1.00,1.00
2016.12.30 14:15:42.514,1.51689,1.51734,1.00,1.12
2016.12.30 14:15:42.564,1.51689,1.51727,1.00,1.00
2016.12.30 14:15:42.716,1.51689,1.51734,1.00,1.00
2016.12.30 14:15:42.766,1.5169,1.51734,1.00,1.00
2016.12.30 14:15:42.918,1.5169,1.51736,1.00,1.00
2016.12.30 14:15:43.463,1.5169,1.51736,1.00,1.50
2016.12.30 14:15:43.898,1.51692,1.51727,1.00,1.00
2016.12.30 14:15:44.519,1.51693,1.51726,1.00,1.00
2016.12.30 14:15:46.235,1.51695,1.51726,1.50,1.00
2016.12.30 14:15:46.286,1.51695,1.51726,1.00,1.00
2016.12.30 14:15:46.795,1.51695,1.51737,1.00,1.00
2016.12.30 14:15:47.433,1.51695,1.51736,1.00,1.00
2016.12.30 14:15:47.585,1.51695,1.51737,1.00,1.00
2016.12.30 14:15:47.856,1.51695,1.51736,1.00,1.00
2016.12.30 14:15:47.958,1.51695,1.51739,1.00,1.12
2016.12.30 14:15:48.059,1.51694,1.51737,1.00,1.00
2016.12.30 14:15:48.412,1.51694,1.51727,1.50,1.00
2016.12.30 14:15:48.757,1.51694,1.51727,1.00,1.00
2016.12.30 14:15:51.088,1.51694,1.51737,1.00,1.00
2016.12.30 14:15:51.139,1.51696,1.51736,1.00,1.00
2016.12.30 14:15:51.478,1.51699,1.51736,1.50,1.00
2016.12.30 14:15:52.094,1.51699,1.51737,1.00,1.00
2016.12.30 14:15:52.145,1.51699,1.51737,1.50,1.00
2016.12.30 14:15:52.491,1.51699,1.51737,1.00,1.00
2016.12.30 14:15:52.799,1.51701,1.51736,1.00,1.00
2016.12.30 14:15:52.900,1.51701,1.51736,1.00,1.00
2016.12.30 14:15:53.013,1.51701,1.51736,1.00,1.00
2016.12.30 14:15:53.582,1.517,1.51737,2.10,1.00
2016.12.30 14:15:53.683,1.51701,1.51747,1.35,1.00
2016.12.30 14:15:53.733,1.51703,1.51747,1.00,1.00
2016.12.30 14:15:54.084,1.51703,1.51736,1.50,1.00
2016.12.30 14:15:54.569,1.51703,1.51747,1.50,1.00
2016.12.30 14:15:55.261,1.51703,1.51736,1.00,1.00
2016.12.30 14:15:55.463,1.51712,1.51757,1.50,1.00
2016.12.30 14:15:55.514,1.51712,1.51746,1.00,1.00
2016.12.30 14:15:55.564,1.5171,1.51746,1.00,1.00
2016.12.30 14:15:55.665,1.5171,1.51737,1.00,1.00
2016.12.30 14:15:55.766,1.51707,1.51737,1.50,1.00
2016.12.30 14:15:55.918,1.51707,1.51746,1.00,1.00
2016.12.30 14:15:56.025,1.51705,1.51746,1.00,1.00
2016.12.30 14:15:56.278,1.51706,1.51747,1.00,1.00
2016.12.30 14:15:56.328,1.51706,1.51747,1.00,1.00
2016.12.30 14:15:56.491,1.51706,1.51749,1.00,1.00
2016.12.30 14:15:57.227,1.51706,1.51746,1.00,1.00
2016.12.30 14:15:58.060,1.51706,1.51746,1.00,1.00
2016.12.30 14:15:58.895,1.51703,1.51746,1.50,1.00
2016.12.30 14:15:58.975,1.51703,1.51736,1.00,1.00
2016.12.30 14:16:01.421,1.51703,1.51737,1.00,1.00
2016.12.30 14:16:02.715,1.51703,1.51736,1.00,1.00
2016.12.30 14:16:02.877,1.51702,1.51736,1.00,1.00
2016.12.30 14:16:02.978,1.517,1.51736,1.50,1.00
2016.12.30 14:16:03.624,1.517,1.51737,1.00,1.00
2016.12.30 14:16:03.768,1.51697,1.51737,1.00,1.00
2016.12.30 14:16:04.267,1.51695,1.51736,1.50,1.00
2016.12.30 14:16:04.712,1.51695,1.51736,1.00,1.00
2016.12.30 14:16:05.043,1.51696,1.51737,1.00,1.00
2016.12.30 14:16:05.345,1.51701,1.51736,1.00,1.00
2016.12.30 14:16:05.535,1.51704,1.51746,1.50,1.00
2016.12.30 14:16:05.746,1.51704,1.51736,1.00,1.00
2016.12.30 14:16:06.369,1.51704,1.51736,1.50,1.00
2016.12.30 14:16:06.881,1.51704,1.51736,1.00,1.00
2016.12.30 14:16:07.411,1.51704,1.51736,1.50,1.00
2016.12.30 14:16:10.032,1.51704,1.51747,1.00,1.00
2016.12.30 14:16:11.021,1.51704,1.51747,1.00,1.00
2016.12.30 14:16:11.221,1.51706,1.51746,1.00,1.00
2016.12.30 14:16:11.742,1.51706,1.51746,1.00,1.00
2016.12.30 14:16:12.250,1.51706,1.51746,1.00,1.00
2016.12.30 14:16:14.002,1.51706,1.51747,1.00,1.00
2016.12.30 14:16:14.053,1.51706,1.51747,1.00,1.00
2016.12.30 14:16:14.619,1.51706,1.51746,1.00,1.00
2016.12.30 14:16:16.519,1.51706,1.51746,1.00,1.00
2016.12.30 14:16:17.297,1.51706,1.51747,1.00,1.00
2016.12.30 14:16:17.841,1.51706,1.51747,1.00,1.00
2016.12.30 14:16:17.892,1.51706,1.51747,1.50,1.00
2016.12.30 14:16:18.720,1.51706,1.51746,1.00,1.00
2016.12.30 14:16:18.821,1.51706,1.51746,1.00,1.00
2016.12.30 14:16:19.135,1.51706,1.51746,1.00,1.00
2016.12.30 14:16:19.186,1.51701,1.51747,1.00,1.50
2016.12.30 14:16:19.488,1.51701,1.51736,1.00,1.00
2016.12.30 14:16:19.539,1.51701,1.51746,1.00,1.00
2016.12.30 14:16:19.774,1.51701,1.51746,2.50,1.00
2016.12.30 14:16:20.126,1.51703,1.51747,2.50,1.00
2016.12.30 14:16:20.328,1.51703,1.51751,2.50,1.00
2016.12.30 14:16:20.556,1.51704,1.51746,1.50,1.00
2016.12.30 14:16:21.168,1.51704,1.51747,1.00,1.00
2016.12.30 14:16:21.704,1.51706,1.51747,1.00,1.00
2016.12.30 14:16:22.218,1.51706,1.51746,1.00,1.00
2016.12.30 14:16:22.420,1.51706,1.51747,1.00,1.00
2016.12.30 14:16:23.812,1.51706,1.51746,1.00,1.00
2016.12.30 14:16:24.371,1.51706,1.51746,1.00,1.00
2016.12.30 14:16:24.706,1.51711,1.51757,1.50,1.00
2016.12.30 14:16:24.757,1.51711,1.51747,1.00,1.00
2016.12.30 14:16:24.859,1.51714,1.51756,1.00,1.00
2016.12.30 14:16:24.960,1.51716,1.51764,1.00,1.00
2016.12.30 14:16:25.011,1.51716,1.51756,1.00,1.00
2016.12.30 14:16:25.112,1.51714,1.51756,1.00,1.00
2016.12.30 14:16:25.213,1.51714,1.51759,1.50,1.00
2016.12.30 14:16:25.365,1.51714,1.51756,1.00,1.00
2016.12.30 14:16:25.742,1.51714,1.51756,2.50,1.00
2016.12.30 14:16:26.045,1.51714,1.51756,2.50,1.00
2016.12.30 14:16:26.455,1.51716,1.51757,1.00,1.00
2016.12.30 14:16:26.906,1.51712,1.51755,1.00,1.00
2016.12.30 14:16:27.108,1.51712,1.51755,1.00,1.00
2016.12.30 14:16:27.616,1.51712,1.51755,1.50,1.00
2016.12.30 14:16:27.918,1.51712,1.51753,1.00,1.00
2016.12.30 14:16:28.321,1.51712,1.51757,1.00,1.12
2016.12.30 14:16:28.522,1.51717,1.51757,1.00,1.00
2016.12.30 14:16:28.979,1.51717,1.51764,1.50,1.00
2016.12.30 14:16:29.030,1.5172,1.51764,1.00,1.00
2016.12.30 14:16:29.360,1.5172,1.51762,1.00,1.00
2016.12.30 14:16:29.413,1.51719,1.51757,1.00,1.00
2016.12.30 14:16:29.514,1.51716,1.51757,1.00,1.00
2016.12.30 14:16:29.806,1.51716,1.51757,1.00,1.00
2016.12.30 14:16:32.930,1.51715,1.51747,1.00,1.00
2016.12.30 14:16:33.182,1.51715,1.51756,1.00,1.50
2016.12.30 14:16:36.423,1.51714,1.51756,2.25,1.50
2016.12.30 14:16:37.098,1.51714,1.51757,1.50,1.00
2016.12.30 14:16:37.149,1.51714,1.51756,2.50,1.00
2016.12.30 14:16:37.463,1.51716,1.51752,1.00,1.00
2016.12.30 14:16:37.514,1.51716,1.51752,1.00,1.00
2016.12.30 14:16:37.718,1.51716,1.51747,1.00,1.00
2016.12.30 14:16:37.824,1.51713,1.51747,1.00,1.00
2016.12.30 14:16:37.875,1.51713,1.51752,1.00,1.00
2016.12.30 14:16:38.111,1.51713,1.51746,1.00,1.00
2016.12.30 14:16:38.718,1.51713,1.51747,1.00,1.00
2016.12.30 14:16:38.819,1.5171,1.51747,1.00,1.00
2016.12.30 14:16:38.971,1.51709,1.5175,1.00,1.00
2016.12.30 14:16:39.025,1.51709,1.5175,1.00,1.00
2016.12.30 14:16:39.252,1.51709,1.51753,1.50,1.00
2016.12.30 14:16:39.304,1.51712,1.51753,1.00,1.00
2016.12.30 14:16:39.616,1.51714,1.51756,1.50,1.50
2016.12.30 14:16:40.011,1.51714,1.51754,1.00,1.00
2016.12.30 14:16:40.263,1.51714,1.51753,1.00,1.00
2016.12.30 14:16:40.414,1.51714,1.51747,1.00,1.00
2016.12.30 14:16:40.604,1.51711,1.51747,1.00,1.00
2016.12.30 14:16:40.755,1.51711,1.51747,1.00,1.00
2016.12.30 14:16:40.957,1.51711,1.51747,1.00,1.00
2016.12.30 14:16:41.058,1.51711,1.51753,1.00,1.00
2016.12.30 14:16:41.630,1.51711,1.51753,1.50,1.00
2016.12.30 14:16:43.154,1.5171,1.51753,1.00,1.00
2016.12.30 14:16:43.255,1.5171,1.51753,1.00,1.00
2016.12.30 14:16:43.356,1.5171,1.51755,1.50,1.00
2016.12.30 14:16:43.457,1.51711,1.51755,1.00,1.00
2016.12.30 14:16:43.811,1.51713,1.51757,1.00,1.00
2016.12.30 14:16:44.125,1.51718,1.51766,1.00,1.50
2016.12.30 14:16:44.176,1.51721,1.51767,1.00,1.00
2016.12.30 14:16:44.481,1.51727,1.51766,1.00,1.00
2016.12.30 14:16:44.831,1.51736,1.51771,1.00,1.00
2016.12.30 14:16:45.133,1.51736,1.51772,1.00,1.00
2016.12.30 14:16:45.688,1.51736,1.51771,1.00,1.00
2016.12.30 14:16:46.031,1.51736,1.51772,1.00,1.00
2016.12.30 14:16:46.509,1.51735,1.51771,1.00,1.00
2016.12.30 14:16:47.680,1.51735,1.51772,1.00,1.00
2016.12.30 14:16:47.832,1.51735,1.51771,1.50,1.00
2016.12.30 14:16:47.983,1.51735,1.51767,1.50,1.00
2016.12.30 14:16:48.035,1.51735,1.51772,1.50,1.00
2016.12.30 14:16:48.560,1.51735,1.51771,1.00,1.00
2016.12.30 14:16:48.661,1.51734,1.51771,1.00,1.00
2016.12.30 14:16:48.764,1.51734,1.51766,1.00,1.00
2016.12.30 14:16:48.865,1.51731,1.51766,1.00,1.00
2016.12.30 14:16:49.048,1.51729,1.51767,1.50,1.00
2016.12.30 14:16:49.150,1.51729,1.51767,1.00,1.00
2016.12.30 14:16:49.452,1.51729,1.51766,1.00,1.00
2016.12.30 14:16:49.705,1.51729,1.51772,2.50,1.00
2016.12.30 14:16:50.212,1.51732,1.51772,1.50,1.00
2016.12.30 14:16:50.745,1.51732,1.51771,1.00,1.00
2016.12.30 14:16:51.294,1.51732,1.51772,1.00,1.00
2016.12.30 14:16:51.533,1.51732,1.51772,1.00,1.00
2016.12.30 14:16:51.785,1.51732,1.51766,1.00,1.00
2016.12.30 14:16:52.423,1.51731,1.51766,1.00,1.00
2016.12.30 14:16:53.005,1.51731,1.51766,1.00,1.00
2016.12.30 14:16:53.282,1.51731,1.51771,1.00,1.00
2016.12.30 14:16:53.534,1.51731,1.51766,1.50,1.00
2016.12.30 14:16:53.685,1.51731,1.51766,1.00,1.00
2016.12.30 14:16:53.736,1.51731,1.51771,1.50,1.00
2016.12.30 14:16:54.190,1.51731,1.51766,1.00,1.00
2016.12.30 14:16:54.463,1.51731,1.51767,1.50,1.00
2016.12.30 14:16:54.643,1.51726,1.51767,1.00,1.00
2016.12.30 14:16:54.741,1.51726,1.51767,1.00,1.00
2016.12.30 14:16:54.993,1.51726,1.51766,1.00,1.00
2016.12.30 14:16:57.708,1.51726,1.51767,1.00,1.00
2016.12.30 14:16:58.287,1.51726,1.51766,1.00,1.00
2016.12.30 14:16:58.489,1.51724,1.51763,1.00,1.00
2016.12.30 14:16:58.590,1.51717,1.51759,1.00,1.00
2016.12.30 14:16:58.691,1.51717,1.51763,1.00,1.00
2016.12.30 14:16:58.792,1.51717,1.51756,1.00,1.00
2016.12.30 14:16:59.124,1.51717,1.51757,1.50,1.00
2016.12.30 14:16:59.665,1.51717,1.51756,1.50,1.00
2016.12.30 14:17:00.065,1.51717,1.51757,1.50,1.00
2016.12.30 14:17:00.616,1.51717,1.51756,1.00,1.00
2016.12.30 14:17:01.045,1.51718,1.51756,1.00,1.00
2016.12.30 14:17:02.855,1.51718,1.51756,1.50,1.00
2016.12.30 14:17:03.057,1.51718,1.51756,1.00,1.00
2016.12.30 14:17:03.159,1.51718,1.51756,1.00,1.00
2016.12.30 14:17:03.900,1.51718,1.51754,1.00,1.00
2016.12.30 14:17:03.988,1.51714,1.51756,1.00,1.00
2016.12.30 14:17:04.089,1.51714,1.51757,1.00,1.00
2016.12.30 14:17:04.190,1.51714,1.51757,1.00,1.00
2016.12.30 14:17:04.241,1.51714,1.51747,1.00,1.00
2016.12.30 14:17:04.392,1.51714,1.51757,1.50,1.00
2016.12.30 14:17:06.761,1.51714,1.51756,2.50,1.00
2016.12.30 14:17:07.094,1.51717,1.51756,1.00,1.00
2016.12.30 14:17:07.653,1.51717,1.51757,1.00,1.00
2016.12.30 14:17:08.176,1.51717,1.51756,1.50,1.00
2016.12.30 14:17:08.827,1.51717,1.51756,1.00,1.00
2016.12.30 14:17:10.648,1.51717,1.51756,1.00,1.00
2016.12.30 14:17:10.699,1.51717,1.51756,1.50,1.00
2016.12.30 14:17:11.890,1.51716,1.51756,1.50,1.00
2016.12.30 14:17:11.941,1.51717,1.51757,1.00,1.00
2016.12.30 14:17:13.856,1.51717,1.51756,1.00,1.00
2016.12.30 14:17:13.957,1.51723,1.51767,1.00,1.00
2016.12.30 14:17:14.008,1.51725,1.51767,1.00,1.00
2016.12.30 14:17:14.411,1.51725,1.51766,1.00,1.00
2016.12.30 14:17:15.053,1.51725,1.51768,1.00,1.00
2016.12.30 14:17:15.331,1.51725,1.51766,1.00,1.00
2016.12.30 14:17:15.406,1.51725,1.51766,1.00,1.00
2016.12.30 14:17:16.018,1.51725,1.51766,1.00,1.00
2016.12.30 14:17:16.370,1.51729,1.51772,1.00,1.00
2016.12.30 14:17:16.783,1.51732,1.51771,1.00,1.00
2016.12.30 14:17:16.884,1.51731,1.51771,1.50,1.00
2016.12.30 14:17:16.934,1.51731,1.51766,1.50,1.00
2016.12.30 14:17:17.439,1.5173,1.51766,1.00,1.00
2016.12.30 14:17:17.753,1.5173,1.51767,1.00,1.00
2016.12.30 14:17:17.803,1.5173,1.51767,1.00,1.00
2016.12.30 14:17:18.337,1.51729,1.51767,1.00,1.00
2016.12.30 14:17:18.789,1.51729,1.51771,1.00,1.50
2016.12.30 14:17:20.156,1.51729,1.51767,1.00,1.00
2016.12.30 14:17:22.338,1.51731,1.51772,1.50,1.00
2016.12.30 14:17:22.439,1.51731,1.51771,1.50,1.00
2016.12.30 14:17:22.735,1.51731,1.51771,2.50,1.00
2016.12.30 14:17:23.244,1.51731,1.51771,1.00,1.00
2016.12.30 14:17:23.647,1.51732,1.51771,1.00,1.00
2016.12.30 14:17:24.100,1.51732,1.51771,2.25,1.00
2016.12.30 14:17:24.171,1.51733,1.51771,1.50,1.00
2016.12.30 14:17:24.476,1.51731,1.51771,1.00,1.00
2016.12.30 14:17:24.527,1.51731,1.51771,1.00,1.00
2016.12.30 14:17:24.830,1.51734,1.51771,2.50,1.00
2016.12.30 14:17:25.082,1.51734,1.51771,2.50,1.00
2016.12.30 14:17:25.629,1.51734,1.51771,1.00,1.00
2016.12.30 14:17:25.680,1.51734,1.51771,1.00,1.00
2016.12.30 14:17:26.216,1.51734,1.51771,1.50,1.00
2016.12.30 14:17:26.720,1.51734,1.51771,1.00,1.00
2016.12.30 14:17:27.230,1.51734,1.51771,1.00,1.00
2016.12.30 14:17:27.877,1.51734,1.51771,1.50,1.00
2016.12.30 14:17:29.829,1.51735,1.51772,1.00,1.00
2016.12.30 14:17:30.159,1.51741,1.51771,1.00,1.00
2016.12.30 14:17:30.524,1.51747,1.51771,1.00,1.00
2016.12.30 14:17:30.849,1.51747,1.51772,1.00,1.00
2016.12.30 14:17:31.353,1.51747,1.51771,1.00,1.00
2016.12.30 14:17:32.043,1.51747,1.51771,1.00,1.00
2016.12.30 14:17:32.958,1.51747,1.51772,1.00,1.00
2016.12.30 14:17:33.060,1.51748,1.51776,1.50,1.00
2016.12.30 14:17:33.362,1.51752,1.51776,1.50,1.00
2016.12.30 14:17:33.577,1.51752,1.51777,1.50,1.00
2016.12.30 14:17:33.628,1.51752,1.51777,2.50,1.00
2016.12.30 14:17:33.779,1.51752,1.51777,1.00,1.00
2016.12.30 14:17:34.132,1.51752,1.51771,1.50,1.00
2016.12.30 14:17:34.342,1.51753,1.51776,2.50,1.00
2016.12.30 14:17:34.393,1.51753,1.5179,2.50,1.00
2016.12.30 14:17:34.478,1.51753,1.51772,2.50,1.00
2016.12.30 14:17:34.912,1.51753,1.51771,1.00,1.00
2016.12.30 14:17:35.077,1.51753,1.51782,1.00,1.00
2016.12.30 14:17:35.593,1.51753,1.51781,1.00,1.00
2016.12.30 14:17:35.926,1.51752,1.51781,1.00,1.00
2016.12.30 14:17:35.977,1.51752,1.51781,2.50,1.00
2016.12.30 14:17:36.279,1.51753,1.51771,2.50,1.00
2016.12.30 14:17:36.330,1.51753,1.51782,1.50,1.00
2016.12.30 14:17:36.477,1.51753,1.51804,1.50,1.00
2016.12.30 14:17:36.590,1.51753,1.51798,2.50,1.00
2016.12.30 14:17:36.691,1.51753,1.51798,1.50,1.00
2016.12.30 14:17:36.842,1.51753,1.51792,1.00,1.00
2016.12.30 14:17:37.094,1.51753,1.51797,2.50,1.00
2016.12.30 14:17:37.246,1.51756,1.51797,1.00,1.00
2016.12.30 14:17:37.296,1.51756,1.51797,1.50,1.00
2016.12.30 14:17:37.347,1.51756,1.51786,1.50,1.00
2016.12.30 14:17:37.398,1.51756,1.51786,1.00,1.00
2016.12.30 14:17:37.549,1.51756,1.51797,1.00,1.00
2016.12.30 14:17:37.917,1.51756,1.51786,1.00,1.00
2016.12.30 14:17:38.693,1.51753,1.51786,1.00,1.00
2016.12.30 14:17:39.409,1.51752,1.51772,1.00,1.00
2016.12.30 14:17:39.940,1.51752,1.51771,1.00,1.00
2016.12.30 14:17:40.243,1.51752,1.51771,2.50,1.00
2016.12.30 14:17:40.344,1.51754,1.51777,1.50,1.00
2016.12.30 14:17:40.395,1.51754,1.51791,2.50,1.50
2016.12.30 14:17:40.495,1.51754,1.51771,2.50,1.00
2016.12.30 14:17:40.644,1.51754,1.51796,1.50,1.00
2016.12.30 14:17:41.654,1.51754,1.51797,1.50,1.00
2016.12.30 14:17:42.326,1.51754,1.51797,1.00,1.50
2016.12.30 14:17:42.704,1.51754,1.51787,1.00,1.00
2016.12.30 14:17:42.755,1.51754,1.5179,1.00,1.00
2016.12.30 14:17:42.806,1.51754,1.5179,1.00,1.50
2016.12.30 14:17:42.856,1.51754,1.51771,1.00,1.00
2016.12.30 14:17:43.259,1.51754,1.51771,1.00,1.00
2016.12.30 14:17:43.404,1.51761,1.51797,1.00,1.00
2016.12.30 14:17:43.505,1.51764,1.51797,1.00,1.00
2016.12.30 14:17:43.606,1.51764,1.51796,1.00,1.00
2016.12.30 14:17:43.808,1.51763,1.51796,1.50,1.00
2016.12.30 14:17:44.036,1.51763,1.51806,1.00,1.00
2016.12.30 14:17:44.339,1.51763,1.51806,1.00,1.00
2016.12.30 14:17:45.033,1.51763,1.51797,1.00,1.00
2016.12.30 14:17:45.134,1.51763,1.51797,1.00,1.00
2016.12.30 14:17:45.763,1.51762,1.51797,1.00,1.00
2016.12.30 14:17:45.953,1.51762,1.51806,1.00,1.00
2016.12.30 14:17:46.232,1.51762,1.51796,1.00,1.00
2016.12.30 14:17:46.827,1.51762,1.51797,1.00,1.00
2016.12.30 14:17:48.609,1.51762,1.51796,1.00,1.00
2016.12.30 14:17:49.206,1.51757,1.51796,1.00,1.00
2016.12.30 14:17:49.256,1.51757,1.51771,1.00,1.00
2016.12.30 14:17:49.307,1.51755,1.51771,1.00,1.00
2016.12.30 14:17:49.458,1.51755,1.51803,1.00,1.00
2016.12.30 14:17:49.509,1.51755,1.51803,1.00,1.00
2016.12.30 14:17:49.987,1.51755,1.51797,1.00,1.00
2016.12.30 14:17:50.772,1.51755,1.51796,1.00,1.00
2016.12.30 14:17:51.194,1.51755,1.51796,1.00,1.00
2016.12.30 14:17:52.154,1.51755,1.51796,1.00,1.00
2016.12.30 14:17:52.762,1.51755,1.51801,1.00,1.00
2016.12.30 14:17:52.813,1.51755,1.51797,1.00,1.00
2016.12.30 14:17:53.138,1.5175,1.51771,1.00,1.00
2016.12.30 14:17:53.448,1.5175,1.51771,1.00,1.00
2016.12.30 14:17:53.752,1.51752,1.51772,1.00,1.00
2016.12.30 14:17:54.133,1.51752,1.51772,1.50,1.00
2016.12.30 14:17:54.284,1.51752,1.51795,2.25,1.00
2016.12.30 14:17:54.627,1.51754,1.51796,1.50,1.50
2016.12.30 14:17:55.209,1.51754,1.51772,1.50,1.00
2016.12.30 14:17:55.826,1.51754,1.51771,1.50,1.00
2016.12.30 14:17:56.998,1.51756,1.51772,1.00,1.00
2016.12.30 14:17:57.049,1.51756,1.51784,1.00,1.00
2016.12.30 14:17:57.304,1.51756,1.5179,1.00,1.00
2016.12.30 14:17:57.405,1.51756,1.51796,1.00,1.00
2016.12.30 14:17:57.506,1.51756,1.51796,1.00,1.00
2016.12.30 14:17:57.556,1.51758,1.51796,1.50,1.00
2016.12.30 14:17:57.607,1.51758,1.51796,1.00,1.00
2016.12.30 14:17:58.089,1.51758,1.51796,2.50,1.00
2016.12.30 14:17:58.314,1.51762,1.51807,1.50,1.00
2016.12.30 14:17:58.365,1.51763,1.51807,2.50,1.00
2016.12.30 14:17:58.881,1.51766,1.51806,1.50,1.00
2016.12.30 14:17:59.571,1.51767,1.51806,1.50,1.00
2016.12.30 14:18:00.021,1.51767,1.51806,2.50,1.00
2016.12.30 14:18:00.527,1.51767,1.51806,2.50,1.00
2016.12.30 14:18:00.830,1.51767,1.51797,1.00,1.00
2016.12.30 14:18:00.881,1.51765,1.51806,1.00,1.00
2016.12.30 14:18:01.092,1.51765,1.51806,1.00,1.00
2016.12.30 14:18:01.394,1.51766,1.51806,1.50,1.00
2016.12.30 14:18:01.664,1.51766,1.51806,1.00,1.00
2016.12.30 14:18:01.719,1.51765,1.51806,1.00,1.00
2016.12.30 14:18:02.046,1.51765,1.51796,1.00,1.00
2016.12.30 14:18:02.151,1.51765,1.51806,1.00,1.00
2016.12.30 14:18:02.321,1.51765,1.51797,1.00,1.00
2016.12.30 14:18:02.523,1.51765,1.51806,1.00,1.00
2016.12.30 14:18:02.910,1.51765,1.51796,1.00,1.00
2016.12.30 14:18:03.165,1.51763,1.51807,1.00,1.00
2016.12.30 14:18:03.859,1.51763,1.51807,1.00,1.00
2016.12.30 14:18:04.506,1.51763,1.51796,1.00,1.00
2016.12.30 14:18:05.258,1.51764,1.51806,2.25,1.00
2016.12.30 14:18:05.346,1.51765,1.51807,2.50,1.00
2016.12.30 14:18:05.687,1.51765,1.51796,1.00,1.00
2016.12.30 14:18:05.839,1.51764,1.51796,1.00,1.00
2016.12.30 14:18:06.146,1.51762,1.51796,1.50,1.00
2016.12.30 14:18:06.418,1.51762,1.51806,2.50,1.50
2016.12.30 14:18:07.497,1.51762,1.51805,2.50,1.00
2016.12.30 14:18:08.141,1.51764,1.51806,1.50,1.00
2016.12.30 14:18:08.343,1.51763,1.51805,1.00,1.00
2016.12.30 14:18:08.444,1.51763,1.51807,1.00,1.50
2016.12.30 14:18:08.545,1.51763,1.51796,1.00,1.00
2016.12.30 14:18:09.399,1.51762,1.51797,1.00,1.00
2016.12.30 14:18:10.050,1.51759,1.51797,1.00,2.25
2016.12.30 14:18:10.151,1.51755,1.51789,1.00,1.00
2016.12.30 14:18:10.454,1.51753,1.51772,1.00,1.00
2016.12.30 14:18:10.768,1.51753,1.51772,1.00,1.00
2016.12.30 14:18:11.467,1.51753,1.51772,1.00,1.00
2016.12.30 14:18:11.744,1.5175,1.51772,1.00,1.00
2016.12.30 14:18:11.846,1.51745,1.51772,1.00,1.00
2016.12.30 14:18:11.896,1.51745,1.51772,1.00,1.00
2016.12.30 14:18:12.234,1.51758,1.51783,1.00,1.00
2016.12.30 14:18:12.285,1.51758,1.51803,1.00,1.00
2016.12.30 14:18:12.386,1.51758,1.51797,1.00,1.00
2016.12.30 14:18:12.487,1.51758,1.51796,1.00,1.00
2016.12.30 14:18:12.538,1.51758,1.51805,1.00,1.00
2016.12.30 14:18:12.639,1.51758,1.51805,1.00,1.00
2016.12.30 14:18:12.791,1.51758,1.51807,1.00,1.50
2016.12.30 14:18:12.841,1.5176,1.51807,1.00,1.00
2016.12.30 14:18:13.178,1.51764,1.51806,2.50,1.00
2016.12.30 14:18:13.279,1.51764,1.51806,2.50,1.00
2016.12.30 14:18:13.381,1.51764,1.51806,1.50,1.00
2016.12.30 14:18:13.915,1.51764,1.51807,1.00,1.00
2016.12.30 14:18:13.975,1.51764,1.51807,1.00,1.00
2016.12.30 14:18:14.277,1.51764,1.51806,2.50,1.00
2016.12.30 14:18:14.761,1.51764,1.51806,2.50,1.00
2016.12.30 14:18:15.113,1.51764,1.51811,1.00,1.50
2016.12.30 14:18:15.223,1.51763,1.51808,1.00,1.00
2016.12.30 14:18:15.526,1.5176,1.51771,1.00,1.00
2016.12.30 14:18:15.576,1.51756,1.51771,1.00,1.00
2016.12.30 14:18:15.941,1.51756,1.51801,1.00,1.00
2016.12.30 14:18:16.042,1.51756,1.51805,1.00,1.00
2016.12.30 14:18:17.134,1.51756,1.51804,1.00,1.00
2016.12.30 14:18:17.643,1.51756,1.51804,1.00,1.00
2016.12.30 14:18:18.439,1.51756,1.51804,1.00,1.00
2016.12.30 14:18:19.288,1.51756,1.51804,1.00,1.00
2016.12.30 14:18:19.665,1.51756,1.51805,1.00,1.00
2016.12.30 14:18:19.867,1.51756,1.51804,1.50,1.00
2016.12.30 14:18:20.346,1.51756,1.51802,1.50,1.00
2016.12.30 14:18:20.649,1.51754,1.51772,1.50,1.00
2016.12.30 14:18:21.018,1.51754,1.51771,2.50,1.00
2016.12.30 14:18:21.566,1.51754,1.51771,2.50,1.00
2016.12.30 14:18:21.616,1.51754,1.51798,2.50,1.00
2016.12.30 14:18:21.717,1.51754,1.51802,2.50,1.00
2016.12.30 14:18:23.429,1.51754,1.518,1.00,1.00
2016.12.30 14:18:23.732,1.51754,1.51772,1.00,1.00
2016.12.30 14:18:23.782,1.51754,1.51788,3.25,1.00
2016.12.30 14:18:23.833,1.51754,1.51802,3.25,1.00
2016.12.30 14:18:23.911,1.51754,1.51805,1.50,1.50
2016.12.30 14:18:24.346,1.51754,1.51803,1.00,1.00
2016.12.30 14:18:24.937,1.51754,1.518,1.00,1.00
2016.12.30 14:18:25.245,1.51754,1.51772,1.00,1.00
2016.12.30 14:18:25.296,1.51754,1.51788,1.00,1.00
2016.12.30 14:18:25.347,1.51754,1.51796,1.00,1.00
2016.12.30 14:18:25.448,1.51755,1.5179,1.00,1.00
2016.12.30 14:18:25.751,1.51755,1.51772,1.00,1.00
2016.12.30 14:18:26.391,1.51755,1.51771,1.00,1.00
2016.12.30 14:18:26.442,1.51755,1.5179,1.00,1.00
2016.12.30 14:18:26.493,1.51758,1.51796,1.00,1.00
2016.12.30 14:18:27.014,1.51758,1.51797,1.50,1.00
2016.12.30 14:18:27.065,1.51763,1.51806,1.50,1.00
2016.12.30 14:18:27.116,1.51763,1.51804,1.00,1.00
2016.12.30 14:18:27.439,1.51763,1.51797,1.00,1.00
2016.12.30 14:18:28.017,1.51763,1.51797,1.00,1.00
2016.12.30 14:18:28.308,1.51763,1.51807,2.50,1.00
2016.12.30 14:18:28.831,1.51763,1.51807,1.50,1.50
2016.12.30 14:18:29.379,1.51763,1.51806,1.50,1.00
2016.12.30 14:18:29.923,1.51763,1.51807,2.50,1.50
2016.12.30 14:18:30.529,1.51763,1.51806,2.50,1.00
2016.12.30 14:18:31.251,1.51763,1.51807,2.50,1.50
2016.12.30 14:18:33.779,1.51763,1.51806,2.50,1.00
2016.12.30 14:18:34.907,1.51763,1.51807,2.50,1.50
2016.12.30 14:18:36.122,1.51763,1.51797,1.00,1.00
2016.12.30 14:18:38.099,1.51763,1.51806,1.50,1.00
2016.12.30 14:18:38.434,1.51763,1.51796,1.00,1.00
2016.12.30 14:18:38.614,1.51764,1.51806,1.50,1.50
2016.12.30 14:18:38.839,1.51764,1.51796,1.00,1.00
2016.12.30 14:18:39.492,1.51764,1.51797,1.50,1.00
2016.12.30 14:18:39.736,1.51764,1.51807,2.35,1.00
2016.12.30 14:18:39.787,1.51764,1.51807,1.35,1.00
2016.12.30 14:18:39.888,1.51764,1.51811,3.00,1.00
2016.12.30 14:18:39.938,1.51764,1.51806,1.00,1.00
2016.12.30 14:18:40.246,1.51764,1.51806,1.00,1.00
2016.12.30 14:18:40.398,1.51764,1.51807,1.00,1.00
2016.12.30 14:18:40.977,1.51764,1.51807,1.50,1.00
2016.12.30 14:18:41.191,1.5176,1.51806,1.00,1.00
2016.12.30 14:18:41.393,1.51759,1.51796,1.50,1.00
2016.12.30 14:18:41.494,1.51759,1.51803,1.00,1.00
2016.12.30 14:18:41.614,1.51759,1.51796,1.00,1.00
2016.12.30 14:18:41.665,1.51757,1.51796,1.00,1.00
2016.12.30 14:18:41.977,1.51755,1.51776,1.00,1.00
2016.12.30 14:18:42.078,1.5175,1.51777,1.00,1.00
2016.12.30 14:18:42.690,1.5175,1.51776,1.00,1.00
2016.12.30 14:18:43.545,1.5175,1.51777,1.00,1.00
2016.12.30 14:18:44.388,1.5175,1.51776,1.00,1.00
2016.12.30 14:18:44.439,1.5175,1.51772,1.00,1.00
2016.12.30 14:18:44.489,1.51745,1.51772,1.00,1.00
2016.12.30 14:18:44.691,1.51745,1.51772,1.00,1.00
2016.12.30 14:18:44.792,1.51745,1.51771,1.00,1.00
2016.12.30 14:18:44.888,1.51745,1.51771,1.00,1.00
2016.12.30 14:18:45.412,1.51745,1.51772,1.00,1.00
2016.12.30 14:18:46.084,1.51745,1.51771,1.00,1.00
2016.12.30 14:18:46.184,1.51745,1.51771,1.00,1.00
2016.12.30 14:18:47.427,1.51745,1.51772,1.00,1.00
2016.12.30 14:18:47.477,1.51745,1.51771,1.00,1.00
2016.12.30 14:18:48.002,1.51741,1.51771,1.00,1.00
2016.12.30 14:18:48.596,1.51741,1.51771,1.00,1.00
2016.12.30 14:18:48.697,1.51741,1.51771,1.00,1.00
2016.12.30 14:18:48.914,1.51741,1.51771,1.00,1.00
2016.12.30 14:18:53.420,1.51741,1.51772,1.00,1.00
2016.12.30 14:18:53.747,1.51746,1.51772,1.00,1.00
2016.12.30 14:18:54.519,1.51746,1.51772,1.00,1.00
2016.12.30 14:18:54.691,1.51746,1.51771,1.00,1.00
2016.12.30 14:18:54.792,1.51743,1.51771,1.50,1.00
2016.12.30 14:18:55.324,1.51743,1.51772,1.00,1.00
2016.12.30 14:18:55.864,1.51743,1.51771,1.00,1.00
2016.12.30 14:18:56.373,1.51743,1.51772,1.00,1.00
2016.12.30 14:18:57.483,1.51741,1.51772,1.00,1.00
2016.12.30 14:18:57.607,1.51741,1.51772,1.00,1.00
2016.12.30 14:18:58.631,1.51741,1.51772,1.00,1.00
2016.12.30 14:18:58.707,1.51741,1.51772,1.00,1.00
2016.12.30 14:18:59.330,1.51741,1.51771,1.00,1.00
2016.12.30 14:18:59.996,1.51742,1.51771,1.50,1.00
2016.12.30 14:19:00.685,1.51743,1.51772,1.50,1.00
2016.12.30 14:19:04.020,1.51743,1.51772,1.00,1.00
2016.12.30 14:19:04.867,1.51743,1.51771,1.00,1.00
2016.12.30 14:19:05.722,1.51743,1.51772,1.00,1.00
2016.12.30 14:19:06.441,1.51743,1.51772,1.00,1.00
2016.12.30 14:19:12.580,1.51743,1.51771,1.00,1.00
2016.12.30 14:19:12.782,1.51743,1.51772,1.00,1.00
2016.12.30 14:19:13.085,1.5175,1.51776,1.00,1.00
2016.12.30 14:19:13.136,1.5175,1.51776,1.00,1.00
2016.12.30 14:19:13.438,1.51752,1.51777,1.00,1.00
2016.12.30 14:19:13.813,1.51752,1.51776,1.00,1.00
2016.12.30 14:19:14.222,1.51748,1.51776,1.00,1.00
2016.12.30 14:19:14.323,1.51744,1.51776,1.00,1.00
2016.12.30 14:19:14.474,1.51744,1.51776,2.50,1.00
2016.12.30 14:19:14.800,1.51747,1.51776,1.00,1.00
2016.12.30 14:19:16.081,1.51747,1.51777,1.00,1.00
2016.12.30 14:19:16.131,1.51747,1.51776,1.00,1.00
2016.12.30 14:19:16.713,1.51747,1.51776,1.00,1.00
2016.12.30 14:19:16.814,1.51744,1.51776,1.00,1.00
2016.12.30 14:19:16.996,1.51742,1.51776,1.50,1.00
2016.12.30 14:19:18.211,1.51741,1.51776,1.00,1.00
2016.12.30 14:19:18.822,1.5174,1.51776,1.50,1.00
2016.12.30 14:19:18.935,1.5174,1.51776,1.00,1.00
2016.12.30 14:19:19.283,1.5174,1.51777,1.00,1.00
2016.12.30 14:19:19.900,1.51741,1.51777,1.00,1.00
2016.12.30 14:19:20.228,1.51741,1.51776,1.00,1.00
2016.12.30 14:19:20.927,1.51741,1.51776,1.00,1.00
2016.12.30 14:19:21.614,1.51741,1.51776,1.00,1.00
2016.12.30 14:19:21.666,1.51741,1.51776,1.00,1.00
2016.12.30 14:19:21.818,1.51741,1.51777,1.00,1.00
2016.12.30 14:19:21.868,1.51741,1.51777,2.50,1.00
2016.12.30 14:19:22.727,1.51741,1.51776,1.00,1.00
2016.12.30 14:19:23.666,1.51741,1.51776,1.00,1.50
2016.12.30 14:19:24.339,1.51738,1.51776,1.00,2.25
2016.12.30 14:19:24.389,1.51738,1.51774,1.00,1.00
2016.12.30 14:19:24.440,1.51734,1.51774,1.00,1.00
2016.12.30 14:19:25.251,1.51734,1.51776,1.50,1.50
2016.12.30 14:19:26.785,1.51734,1.51775,1.00,1.00
2016.12.30 14:19:26.925,1.51734,1.51772,1.00,1.00
2016.12.30 14:19:28.961,1.5173,1.51772,1.00,1.00
2016.12.30 14:19:29.258,1.51729,1.51766,1.00,1.00
2016.12.30 14:19:31.597,1.51729,1.51772,1.00,1.00
2016.12.30 14:19:31.750,1.51728,1.51764,1.00,1.00
2016.12.30 14:19:31.801,1.51728,1.5177,1.00,1.00
2016.12.30 14:19:31.902,1.51728,1.51775,1.00,1.00
2016.12.30 14:19:31.952,1.5173,1.51775,1.00,1.00
2016.12.30 14:19:32.746,1.5173,1.51776,1.00,1.00
2016.12.30 14:19:33.692,1.5173,1.51776,1.00,1.00
2016.12.30 14:19:34.230,1.5173,1.51774,1.00,1.00
2016.12.30 14:19:34.330,1.51729,1.51771,1.00,1.00
2016.12.30 14:19:34.431,1.5173,1.51776,1.00,1.50
2016.12.30 14:19:34.734,1.5173,1.51766,1.00,1.00
2016.12.30 14:19:35.014,1.51733,1.51774,1.50,1.00
2016.12.30 14:19:35.528,1.51733,1.51774,1.50,1.00
2016.12.30 14:19:36.029,1.51733,1.51774,1.00,1.00
2016.12.30 14:19:36.815,1.51733,1.51773,1.00,1.00
2016.12.30 14:19:37.092,1.51732,1.51767,1.00,1.00
2016.12.30 14:19:38.636,1.51732,1.51767,1.00,1.00
2016.12.30 14:19:38.737,1.51732,1.51773,1.00,1.00
2016.12.30 14:19:38.996,1.51733,1.51775,1.50,1.00
2016.12.30 14:19:39.097,1.51733,1.51777,2.50,2.25
2016.12.30 14:19:39.232,1.51733,1.51777,2.50,2.25
2016.12.30 14:19:39.434,1.51733,1.51774,2.50,1.00
2016.12.30 14:19:39.535,1.51733,1.51767,1.00,1.00
2016.12.30 14:19:40.224,1.51733,1.51776,1.50,1.50
2016.12.30 14:19:40.325,1.51733,1.51773,1.50,1.00
2016.12.30 14:19:42.172,1.51733,1.51773,1.00,1.00
2016.12.30 14:19:42.634,1.51733,1.51775,1.00,1.00
2016.12.30 14:19:45.227,1.51733,1.51774,1.00,1.00
2016.12.30 14:19:45.328,1.51733,1.51767,1.00,1.00
2016.12.30 14:19:49.147,1.51734,1.51767,1.00,1.00
2016.12.30 14:19:49.696,1.51734,1.51776,1.00,1.50
2016.12.30 14:19:49.747,1.51735,1.51776,1.00,1.50
2016.12.30 14:19:50.252,1.51736,1.51776,1.00,1.50
2016.12.30 14:19:55.846,1.51737,1.51776,1.00,1.00
2016.12.30 14:19:56.178,1.51742,1.51777,2.50,1.00
2016.12.30 14:19:56.279,1.51742,1.51776,1.00,1.50
2016.12.30 14:19:56.380,1.51738,1.51776,1.00,1.00
2016.12.30 14:19:56.586,1.51738,1.51776,1.00,1.50
2016.12.30 14:19:56.889,1.51742,1.51776,1.50,1.00
2016.12.30 14:19:57.290,1.51742,1.51776,1.00,1.00
2016.12.30 14:19:57.873,1.51742,1.51777,1.00,1.50
2016.12.30 14:19:58.733,1.51742,1.51776,1.00,1.00
2016.12.30 14:19:58.853,1.51742,1.51777,1.00,1.50
2016.12.30 14:19:59.643,1.51742,1.51776,1.00,1.00
2016.12.30 14:20:00.359,1.51742,1.51776,1.00,1.00
2016.12.30 14:20:00.762,1.51742,1.51777,1.00,1.00
2016.12.30 14:20:01.319,1.51742,1.51776,1.00,1.50
2016.12.30 14:20:01.556,1.51742,1.51776,1.00,1.50
2016.12.30 14:20:02.549,1.51743,1.51776,1.50,1.00
2016.12.30 14:20:02.851,1.51747,1.51776,1.00,1.00
2016.12.30 14:20:03.204,1.51747,1.51777,1.00,1.00
2016.12.30 14:20:12.290,1.51747,1.51777,1.00,1.00
2016.12.30 14:20:12.340,1.51747,1.51777,1.00,1.00
2016.12.30 14:20:12.643,1.51755,1.51776,2.50,1.00
2016.12.30 14:20:13.302,1.51755,1.51789,1.00,1.00
2016.12.30 14:20:13.483,1.51756,1.51796,1.00,1.00
2016.12.30 14:20:13.730,1.51756,1.51777,1.50,1.00
2016.12.30 14:20:13.781,1.51756,1.51788,1.00,1.00
2016.12.30 14:20:13.882,1.51756,1.51776,3.25,1.00
2016.12.30 14:20:14.465,1.51756,1.51776,1.00,1.00
2016.12.30 14:20:16.786,1.51756,1.51796,2.50,1.00
2016.12.30 14:20:18.682,1.51756,1.51796,1.00,1.00
2016.12.30 14:20:20.051,1.51756,1.51777,1.00,1.00
2016.12.30 14:20:20.203,1.51756,1.51776,1.00,1.00
2016.12.30 14:20:20.698,1.51755,1.51777,1.00,1.00
2016.12.30 14:20:21.638,1.51755,1.51776,1.00,1.00
2016.12.30 14:20:22.819,1.51755,1.51777,1.00,1.00
2016.12.30 14:20:23.597,1.51753,1.51777,1.50,1.00
2016.12.30 14:20:23.698,1.51753,1.51776,1.00,1.00
2016.12.30 14:20:23.799,1.51753,1.51776,1.50,1.00
2016.12.30 14:20:24.533,1.51753,1.51777,1.50,1.00
2016.12.30 14:20:26.496,1.51753,1.51777,1.00,1.00
2016.12.30 14:20:27.812,1.51753,1.51777,2.50,1.00
2016.12.30 14:20:27.913,1.51753,1.51776,2.50,1.00
2016.12.30 14:20:28.614,1.51753,1.51776,2.50,1.00
2016.12.30 14:20:29.808,1.51753,1.51776,2.50,1.00
2016.12.30 14:20:30.342,1.51753,1.51777,2.50,1.00
2016.12.30 14:20:30.836,1.51753,1.51777,2.50,1.00
2016.12.30 14:20:31.345,1.51754,1.51776,1.50,1.00
2016.12.30 14:20:32.624,1.51754,1.51777,1.00,1.00
2016.12.30 14:20:33.229,1.51754,1.51796,1.50,1.00
2016.12.30 14:20:33.330,1.51755,1.51797,2.50,1.00
2016.12.30 14:20:33.635,1.51759,1.51796,1.00,1.00
2016.12.30 14:20:33.736,1.51759,1.51796,1.00,1.00
2016.12.30 14:20:33.938,1.51759,1.51776,1.00,1.00
2016.12.30 14:20:34.045,1.51758,1.51777,1.00,1.00
2016.12.30 14:20:35.029,1.51757,1.51777,1.00,1.00
2016.12.30 14:20:35.877,1.51757,1.51777,1.00,1.00
2016.12.30 14:20:38.637,1.51757,1.51777,1.50,1.00
2016.12.30 14:20:39.563,1.51757,1.51776,1.00,1.00
2016.12.30 14:20:39.746,1.51757,1.51776,1.00,1.00
2016.12.30 14:20:43.528,1.51757,1.51777,1.00,1.00
2016.12.30 14:20:44.028,1.51757,1.51777,1.00,1.00
2016.12.30 14:20:44.229,1.51753,1.51777,1.00,1.00
2016.12.30 14:20:44.550,1.51753,1.51777,1.00,1.00
2016.12.30 14:20:45.349,1.51753,1.51776,1.00,1.00
2016.12.30 14:20:45.450,1.51752,1.51776,1.00,1.00
2016.12.30 14:20:45.923,1.51746,1.51776,1.00,1.00
2016.12.30 14:20:46.333,1.51746,1.51777,1.00,1.00
2016.12.30 14:20:46.847,1.51746,1.51776,1.00,1.00
2016.12.30 14:20:47.558,1.51746,1.51776,1.00,1.00
2016.12.30 14:20:48.121,1.51746,1.51777,1.00,1.00
2016.12.30 14:20:49.242,1.51746,1.51776,1.00,1.00
2016.12.30 14:20:49.745,1.51746,1.51777,1.00,1.00
2016.12.30 14:20:50.159,1.51752,1.51777,1.00,1.00
2016.12.30 14:20:50.355,1.51755,1.51788,1.00,1.00
2016.12.30 14:20:50.456,1.51755,1.51796,1.00,1.00
2016.12.30 14:20:50.658,1.51757,1.51797,1.00,1.00
2016.12.30 14:20:51.301,1.51757,1.51796,1.00,1.00
2016.12.30 14:20:53.298,1.51757,1.51797,1.00,1.00
2016.12.30 14:20:53.884,1.51758,1.51797,1.00,1.00
2016.12.30 14:20:54.421,1.51758,1.51797,1.00,1.00
2016.12.30 14:20:55.746,1.51758,1.51797,1.00,1.00
2016.12.30 14:20:56.293,1.51758,1.51776,1.00,1.00
2016.12.30 14:20:56.344,1.51758,1.51776,1.00,1.00
2016.12.30 14:20:57.693,1.51758,1.51777,1.00,1.00
2016.12.30 14:20:58.264,1.51758,1.51797,1.00,1.00
2016.12.30 14:20:58.365,1.51758,1.51797,1.00,1.00
2016.12.30 14:21:09.038,1.51758,1.51796,1.00,1.00
2016.12.30 14:21:17.580,1.51758,1.51788,1.00,1.00
2016.12.30 14:21:18.111,1.51758,1.51776,1.00,1.00
2016.12.30 14:21:19.685,1.51758,1.51777,1.00,1.00
2016.12.30 14:21:23.221,1.51758,1.51776,1.00,1.00
2016.12.30 14:21:23.272,1.51765,1.51788,1.00,1.00
2016.12.30 14:21:23.323,1.51765,1.51802,1.60,1.00
2016.12.30 14:21:23.373,1.51772,1.51801,1.00,1.00
2016.12.30 14:21:23.424,1.51772,1.51807,1.00,1.00
2016.12.30 14:21:23.475,1.51772,1.51807,1.00,1.00
2016.12.30 14:21:23.979,1.51772,1.51807,1.00,1.00
2016.12.30 14:21:24.375,1.51772,1.51807,1.00,1.00
2016.12.30 14:21:26.000,1.51772,1.51807,1.00,1.00
2016.12.30 14:21:26.073,1.51772,1.51807,1.50,1.00
2016.12.30 14:21:26.462,1.51772,1.51807,1.00,1.00
2016.12.30 14:21:26.643,1.51772,1.51807,1.00,1.00
2016.12.30 14:21:26.969,1.51772,1.51807,1.00,1.00
2016.12.30 14:21:27.406,1.51775,1.51806,1.00,1.00
2016.12.30 14:21:27.763,1.51777,1.51806,1.00,1.00
2016.12.30 14:21:28.021,1.51778,1.5181,1.00,1.00
2016.12.30 14:21:28.072,1.51772,1.51807,1.00,1.00
2016.12.30 14:21:28.173,1.51768,1.51797,1.00,1.00
2016.12.30 14:21:28.961,1.51765,1.51797,1.00,1.00
2016.12.30 14:21:30.062,1.51765,1.51797,1.00,1.00
2016.12.30 14:21:30.552,1.51765,1.51807,1.00,1.00
2016.12.30 14:21:30.663,1.51765,1.51806,1.00,1.00
2016.12.30 14:21:30.714,1.51766,1.51807,1.00,1.00
2016.12.30 14:21:31.017,1.51773,1.51806,1.00,1.00
2016.12.30 14:21:31.323,1.51776,1.51806,1.00,1.00
2016.12.30 14:21:31.424,1.51776,1.51816,1.00,1.00
2016.12.30 14:21:31.475,1.51781,1.51816,1.00,1.00
2016.12.30 14:21:31.677,1.51781,1.51816,1.00,1.00
2016.12.30 14:21:32.023,1.51781,1.51806,1.00,1.00
2016.12.30 14:21:32.645,1.51781,1.51806,1.00,1.00
2016.12.30 14:21:32.758,1.51781,1.51817,1.00,1.00
2016.12.30 14:21:33.053,1.51781,1.51807,1.00,1.00
2016.12.30 14:21:33.324,1.51781,1.51816,1.00,1.00
2016.12.30 14:21:33.375,1.51781,1.51816,1.00,1.00
2016.12.30 14:21:33.880,1.51781,1.51816,1.50,1.00
2016.12.30 14:21:33.982,1.51779,1.51817,1.00,1.00
2016.12.30 14:21:34.083,1.51775,1.51817,1.50,1.00
2016.12.30 14:21:34.587,1.51775,1.51816,1.50,1.00
2016.12.30 14:21:34.638,1.51775,1.51806,1.50,1.00
2016.12.30 14:21:35.167,1.51775,1.51806,1.00,1.00
2016.12.30 14:21:36.154,1.51775,1.51816,1.00,1.00
2016.12.30 14:21:36.875,1.51775,1.51816,1.00,1.00
2016.12.30 14:21:37.544,1.51775,1.51806,1.50,1.00
2016.12.30 14:21:37.919,1.51775,1.51817,1.50,1.00
2016.12.30 14:21:38.020,1.51775,1.51817,1.00,1.00
2016.12.30 14:21:38.323,1.51778,1.51817,1.00,1.00
2016.12.30 14:21:38.474,1.51776,1.51816,1.50,1.00
2016.12.30 14:21:38.873,1.51776,1.51816,1.00,1.00
2016.12.30 14:21:40.110,1.51776,1.51815,1.00,1.00
2016.12.30 14:21:40.211,1.51776,1.51815,1.00,1.00
2016.12.30 14:21:41.005,1.51776,1.51815,1.00,1.00
2016.12.30 14:21:41.307,1.51776,1.5181,1.00,1.00
2016.12.30 14:21:41.451,1.51771,1.51814,1.00,1.00
2016.12.30 14:21:41.502,1.51771,1.51806,1.00,1.00
2016.12.30 14:21:42.183,1.51771,1.51806,1.00,1.00
2016.12.30 14:21:42.816,1.51771,1.51806,1.00,1.00
2016.12.30 14:21:45.385,1.51771,1.51806,1.00,1.00
2016.12.30 14:21:45.587,1.51765,1.51806,1.00,1.50
2016.12.30 14:21:46.317,1.51765,1.51803,1.00,1.00
2016.12.30 14:21:46.899,1.51765,1.51803,1.00,1.00
2016.12.30 14:21:47.518,1.51765,1.51803,1.00,1.00
2016.12.30 14:21:49.308,1.51765,1.51797,1.00,1.00
2016.12.30 14:21:49.931,1.51765,1.51803,1.00,1.00
2016.12.30 14:21:50.162,1.51765,1.51797,1.00,1.00
2016.12.30 14:21:51.238,1.51765,1.51803,1.00,1.00
2016.12.30 14:21:51.463,1.51765,1.51797,1.00,1.00
2016.12.30 14:21:52.199,1.51765,1.51797,1.00,1.00
2016.12.30 14:21:52.738,1.51765,1.51803,1.00,1.00
2016.12.30 14:21:53.394,1.51765,1.518,1.00,1.00
2016.12.30 14:21:53.495,1.5176,1.518,1.00,1.00
2016.12.30 14:21:53.816,1.51759,1.51796,1.00,1.00
2016.12.30 14:21:54.120,1.51759,1.51804,1.00,1.00
2016.12.30 14:21:54.221,1.51759,1.51807,1.50,1.00
2016.12.30 14:21:54.322,1.51761,1.51807,1.00,1.00
2016.12.30 14:21:54.625,1.51768,1.51807,1.00,1.00
2016.12.30 14:21:54.727,1.51768,1.51806,1.00,1.00
2016.12.30 14:21:54.929,1.51768,1.51797,1.00,1.00
2016.12.30 14:21:55.813,1.51768,1.51796,1.00,1.00
2016.12.30 14:21:56.893,1.51768,1.51797,1.00,1.00
2016.12.30 14:21:57.351,1.51768,1.51806,1.00,1.00
2016.12.30 14:21:57.805,1.51765,1.51804,1.00,1.00
2016.12.30 14:21:57.855,1.51765,1.51802,1.00,1.00
2016.12.30 14:21:57.906,1.51763,1.51801,1.00,1.00
2016.12.30 14:21:58.108,1.51763,1.51797,1.00,1.00
2016.12.30 14:21:58.259,1.51763,1.51801,1.00,1.00
2016.12.30 14:21:58.490,1.51763,1.51797,1.00,1.00
2016.12.30 14:21:59.048,1.51763,1.51796,1.00,1.00
2016.12.30 14:22:00.501,1.51763,1.51796,1.00,1.00
2016.12.30 14:22:00.844,1.51763,1.51796,1.00,1.00
2016.12.30 14:22:01.041,1.51763,1.51776,1.00,1.00
2016.12.30 14:22:01.185,1.5175,1.51776,1.00,1.00
2016.12.30 14:22:01.236,1.51753,1.51776,1.00,1.00
2016.12.30 14:22:01.337,1.51753,1.51776,1.00,1.00
2016.12.30 14:22:01.438,1.51753,1.51776,1.00,1.00
2016.12.30 14:22:01.640,1.51753,1.51776,1.00,1.00
2016.12.30 14:22:02.133,1.51755,1.51776,1.00,1.00
2016.12.30 14:22:02.234,1.51755,1.51788,1.00,1.00
2016.12.30 14:22:02.285,1.5176,1.51803,1.50,1.00
2016.12.30 14:22:02.336,1.5176,1.51797,1.00,1.00
2016.12.30 14:22:02.517,1.5176,1.51807,1.50,1.00
2016.12.30 14:22:02.568,1.5176,1.51796,1.50,1.00
2016.12.30 14:22:02.881,1.51761,1.51797,1.00,1.00
2016.12.30 14:22:03.103,1.51761,1.51797,1.00,1.00
2016.12.30 14:22:03.907,1.51757,1.51792,1.00,1.00
2016.12.30 14:22:03.991,1.51757,1.51777,1.00,1.00
2016.12.30 14:22:04.123,1.51749,1.51776,1.00,1.00
2016.12.30 14:22:04.634,1.51749,1.51776,1.00,1.00
2016.12.30 14:22:04.835,1.51744,1.51776,1.00,1.00
2016.12.30 14:22:05.352,1.51744,1.51777,1.00,1.00
2016.12.30 14:22:05.750,1.51744,1.51777,2.50,1.00
2016.12.30 14:22:06.054,1.51747,1.51777,1.00,1.00
2016.12.30 14:22:06.689,1.51749,1.51776,1.00,1.00
2016.12.30 14:22:07.040,1.51744,1.51776,1.00,1.00
2016.12.30 14:22:07.353,1.51744,1.51776,1.00,1.00
2016.12.30 14:22:07.655,1.51745,1.51777,1.00,1.00
2016.12.30 14:22:07.958,1.51748,1.51776,1.00,1.00
2016.12.30 14:22:08.500,1.51748,1.51776,1.00,1.00
2016.12.30 14:22:09.643,1.51748,1.51777,1.00,1.00
2016.12.30 14:22:09.744,1.51748,1.51788,3.10,1.00
2016.12.30 14:22:09.845,1.51751,1.51788,1.60,1.00
2016.12.30 14:22:09.897,1.51751,1.51788,1.00,1.00
2016.12.30 14:22:10.048,1.51751,1.51777,1.00,1.00
2016.12.30 14:22:10.149,1.51751,1.51776,1.00,1.00
2016.12.30 14:22:10.388,1.51748,1.51776,1.00,1.00
2016.12.30 14:22:10.439,1.51748,1.51776,1.00,1.00
2016.12.30 14:22:11.314,1.51748,1.51776,1.00,1.00
2016.12.30 14:22:12.064,1.51746,1.51776,1.00,1.00
2016.12.30 14:22:13.378,1.51746,1.51777,1.00,1.00
2016.12.30 14:22:13.919,1.51746,1.51776,1.00,1.00
2016.12.30 14:22:14.029,1.51746,1.51777,1.00,1.00
2016.12.30 14:22:14.545,1.51746,1.51777,1.00,1.00
2016.12.30 14:22:15.248,1.51746,1.51776,1.50,1.00
2016.12.30 14:22:15.628,1.51746,1.51776,1.00,1.00
2016.12.30 14:22:16.327,1.51748,1.51776,1.00,1.00
2016.12.30 14:22:16.940,1.51748,1.51776,1.00,1.00
2016.12.30 14:22:17.041,1.51745,1.51777,1.00,1.00
2016.12.30 14:22:17.242,1.51745,1.51776,1.00,1.00
2016.12.30 14:22:18.117,1.51745,1.51777,2.50,1.00
2016.12.30 14:22:18.419,1.51751,1.51776,1.00,1.00
2016.12.30 14:22:18.571,1.51751,1.51777,1.50,1.00
2016.12.30 14:22:19.099,1.51751,1.51776,1.00,1.00
2016.12.30 14:22:20.496,1.51751,1.51777,1.00,1.00
2016.12.30 14:22:20.748,1.5175,1.51776,1.00,1.00
2016.12.30 14:22:20.849,1.5175,1.51776,1.00,1.00
2016.12.30 14:22:21.146,1.5175,1.51776,1.00,1.00
2016.12.30 14:22:21.246,1.51743,1.51776,1.00,1.00
2016.12.30 14:22:21.332,1.51743,1.51776,1.00,1.00
2016.12.30 14:22:21.433,1.51743,1.51777,1.00,1.50
2016.12.30 14:22:21.735,1.51741,1.51776,1.00,1.00
2016.12.30 14:22:21.836,1.51733,1.51767,1.00,1.00
2016.12.30 14:22:22.395,1.51733,1.51776,1.00,1.00
2016.12.30 14:22:22.829,1.51733,1.51776,1.00,2.25
2016.12.30 14:22:23.556,1.51733,1.51777,1.00,1.50
2016.12.30 14:22:23.858,1.51741,1.51776,1.00,1.00
2016.12.30 14:22:23.959,1.51741,1.51776,1.00,1.00
2016.12.30 14:22:24.032,1.51738,1.51776,1.00,1.50
2016.12.30 14:22:24.233,1.51738,1.51777,1.00,1.00
2016.12.30 14:22:24.581,1.51741,1.51776,1.00,1.00
2016.12.30 14:22:24.884,1.51744,1.51777,1.00,1.00
2016.12.30 14:22:24.935,1.51744,1.51777,1.00,1.00
2016.12.30 14:22:25.036,1.51739,1.51776,1.00,1.00
2016.12.30 14:22:26.053,1.51739,1.51776,1.00,1.00
2016.12.30 14:22:26.568,1.51739,1.51777,1.00,1.00
2016.12.30 14:22:27.091,1.51739,1.51776,1.00,1.00
2016.12.30 14:22:27.445,1.51742,1.51777,1.00,1.00
2016.12.30 14:22:27.546,1.51742,1.51776,1.00,1.00
2016.12.30 14:22:28.083,1.51744,1.51777,1.50,1.00
2016.12.30 14:22:28.388,1.51745,1.51776,1.00,1.00
2016.12.30 14:22:28.974,1.51745,1.51777,1.00,1.00
2016.12.30 14:22:30.273,1.51745,1.51776,1.00,1.50
2016.12.30 14:22:30.374,1.51744,1.51777,1.00,1.00
2016.12.30 14:22:30.475,1.5174,1.51776,1.00,1.00
2016.12.30 14:22:30.676,1.51738,1.51777,1.00,1.00
2016.12.30 14:22:30.839,1.51738,1.51776,1.00,1.00
2016.12.30 14:22:31.142,1.51737,1.51776,1.00,1.50
2016.12.30 14:22:31.444,1.51735,1.51776,1.00,1.00
2016.12.30 14:22:34.526,1.51735,1.51775,1.00,1.00
2016.12.30 14:22:34.577,1.51731,1.51775,1.00,1.50
2016.12.30 14:22:34.829,1.5173,1.51767,1.00,1.00
2016.12.30 14:22:34.931,1.5173,1.51775,1.00,1.00
2016.12.30 14:22:35.279,1.5173,1.51775,1.00,1.00
2016.12.30 14:22:35.683,1.51734,1.51776,1.50,1.00
2016.12.30 14:22:36.198,1.51734,1.51776,2.50,1.50
2016.12.30 14:22:36.657,1.51734,1.51777,1.00,1.50
2016.12.30 14:22:36.758,1.51732,1.51766,1.35,1.00
2016.12.30 14:22:36.910,1.51732,1.51773,1.00,1.00
2016.12.30 14:22:37.011,1.51732,1.51777,2.35,1.50
2016.12.30 14:22:37.061,1.51735,1.51776,1.00,1.00
2016.12.30 14:22:37.924,1.51735,1.51776,1.60,1.00
2016.12.30 14:22:38.245,1.51743,1.51776,1.50,1.00
2016.12.30 14:22:38.552,1.51743,1.51776,2.50,1.00
2016.12.30 14:22:39.052,1.51743,1.51777,2.50,1.00
2016.12.30 14:22:39.650,1.51743,1.51776,1.00,1.00
2016.12.30 14:22:40.172,1.51746,1.51776,1.00,1.00
2016.12.30 14:22:40.475,1.51756,1.51788,1.00,1.00
2016.12.30 14:22:40.576,1.51758,1.51788,1.00,1.00
2016.12.30 14:22:40.677,1.51758,1.51796,1.00,1.00
2016.12.30 14:22:40.728,1.51758,1.51776,1.00,1.00
2016.12.30 14:22:40.778,1.51754,1.51776,1.00,1.00
2016.12.30 14:22:40.879,1.51752,1.51776,1.00,1.00
2016.12.30 14:22:40.981,1.51752,1.51777,1.00,1.00
2016.12.30 14:22:41.435,1.51753,1.51789,1.50,1.00
2016.12.30 14:22:41.586,1.51757,1.51789,1.00,1.00
2016.12.30 14:22:41.637,1.51757,1.51796,1.00,1.00
2016.12.30 14:22:43.287,1.51757,1.51777,1.00,1.00
2016.12.30 14:22:43.338,1.51757,1.51788,1.00,1.00
2016.12.30 14:22:43.439,1.5175,1.51776,1.00,1.00
2016.12.30 14:22:43.741,1.5175,1.51776,1.00,1.00
2016.12.30 14:22:43.893,1.5175,1.51776,1.00,1.00
2016.12.30 14:22:43.994,1.5175,1.51776,1.00,1.00
2016.12.30 14:22:47.464,1.5175,1.51776,1.00,1.00
2016.12.30 14:22:48.002,1.5175,1.51777,1.00,1.00
2016.12.30 14:22:48.275,1.51747,1.51777,1.00,1.50
2016.12.30 14:22:48.377,1.51742,1.51776,1.00,1.00
2016.12.30 14:22:48.578,1.51742,1.51776,1.00,1.00
2016.12.30 14:22:51.911,1.51742,1.51776,1.00,1.50
2016.12.30 14:22:53.176,1.51742,1.51777,1.00,1.00
2016.12.30 14:22:53.526,1.51745,1.51776,1.00,1.00
2016.12.30 14:22:53.808,1.51745,1.51776,1.00,1.00
2016.12.30 14:22:54.927,1.51745,1.51777,1.00,1.00
2016.12.30 14:22:56.044,1.51745,1.51776,1.00,1.00
2016.12.30 14:22:56.148,1.51745,1.51777,1.00,1.50
2016.12.30 14:22:56.919,1.51745,1.51776,1.00,1.00
2016.12.30 14:22:57.299,1.51754,1.51777,1.50,1.00
2016.12.30 14:22:57.350,1.51754,1.51796,1.00,1.50
2016.12.30 14:22:57.451,1.51758,1.51796,1.00,1.00
2016.12.30 14:22:58.224,1.51758,1.51797,1.00,1.00
2016.12.30 14:23:01.136,1.51761,1.51806,1.35,1.00
2016.12.30 14:23:01.237,1.51765,1.51807,1.50,1.00
2016.12.30 14:23:01.722,1.51765,1.51806,1.00,1.00
2016.12.30 14:23:01.773,1.51765,1.51803,1.00,1.00
2016.12.30 14:23:01.824,1.51762,1.51799,1.00,1.00
2016.12.30 14:23:01.874,1.51762,1.51777,1.00,1.00
2016.12.30 14:23:01.925,1.51758,1.51777,1.00,1.00
2016.12.30 14:23:02.428,1.51758,1.51776,1.00,1.00
2016.12.30 14:23:02.629,1.51755,1.51776,1.50,1.00
2016.12.30 14:23:03.324,1.51755,1.51777,1.50,1.00
2016.12.30 14:23:04.174,1.51755,1.51776,1.50,1.00
2016.12.30 14:23:04.224,1.51755,1.51776,1.50,1.00
2016.12.30 14:23:04.275,1.51755,1.51788,1.50,1.00
2016.12.30 14:23:04.326,1.51756,1.51788,1.00,1.00
2016.12.30 14:23:04.376,1.51756,1.51796,1.00,1.00
2016.12.30 14:23:04.629,1.51756,1.51776,1.00,1.00
2016.12.30 14:23:04.931,1.51756,1.51777,1.00,1.00
2016.12.30 14:23:05.717,1.51756,1.51776,1.00,1.00
2016.12.30 14:23:06.219,1.51756,1.51776,1.00,1.00
2016.12.30 14:23:06.728,1.51755,1.51776,1.00,1.00
2016.12.30 14:23:07.228,1.51755,1.51788,1.00,1.00
2016.12.30 14:23:07.330,1.51755,1.51796,1.00,1.00
2016.12.30 14:23:08.626,1.51755,1.51796,1.00,1.00
2016.12.30 14:23:09.468,1.51755,1.51797,1.00,1.00
2016.12.30 14:23:11.465,1.51755,1.51796,1.00,1.00
2016.12.30 14:23:11.516,1.51755,1.51777,1.00,1.00
2016.12.30 14:23:11.667,1.51751,1.51776,1.00,1.00
2016.12.30 14:23:11.768,1.51748,1.51777,1.00,1.00
2016.12.30 14:23:11.969,1.51749,1.51777,1.00,1.00
2016.12.30 14:23:12.272,1.51751,1.51776,2.35,1.00
2016.12.30 14:23:12.617,1.51754,1.51776,1.00,1.00
2016.12.30 14:23:14.444,1.51755,1.51789,1.00,1.00
2016.12.30 14:23:14.545,1.51755,1.51795,1.00,1.00
2016.12.30 14:23:14.596,1.51755,1.51776,1.00,1.00
2016.12.30 14:23:14.647,1.51753,1.51776,1.00,1.00
2016.12.30 14:23:14.755,1.5175,1.51776,1.00,1.00
2016.12.30 14:23:15.007,1.51748,1.51776,1.00,1.00
2016.12.30 14:23:15.561,1.51748,1.51777,1.00,1.00
2016.12.30 14:23:16.004,1.51749,1.51776,2.50,1.00
2016.12.30 14:23:16.437,1.51749,1.51777,1.00,1.00
2016.12.30 14:23:16.940,1.51749,1.51776,2.50,1.00
2016.12.30 14:23:17.285,1.51748,1.51776,1.00,1.00
2016.12.30 14:23:17.672,1.51746,1.51776,1.00,1.00
2016.12.30 14:23:18.128,1.51746,1.51777,1.00,1.00
2016.12.30 14:23:18.925,1.51746,1.51776,1.00,1.00
2016.12.30 14:23:18.976,1.51746,1.51777,1.00,1.00
2016.12.30 14:23:19.146,1.51745,1.51777,1.00,1.00
2016.12.30 14:23:21.257,1.51743,1.51777,1.50,1.00
2016.12.30 14:23:21.853,1.51743,1.51776,2.50,1.00
2016.12.30 14:23:22.246,1.51743,1.51776,2.50,1.00
2016.12.30 14:23:23.161,1.51743,1.51776,1.00,1.00
2016.12.30 14:23:23.391,1.51746,1.51787,1.00,1.00
2016.12.30 14:23:23.441,1.51746,1.51777,1.00,1.00
2016.12.30 14:23:24.081,1.51746,1.51777,1.00,1.00
2016.12.30 14:23:24.183,1.51746,1.51777,1.00,1.00
2016.12.30 14:23:24.689,1.51746,1.51776,1.00,1.00
2016.12.30 14:23:26.402,1.51746,1.51776,1.00,1.00
2016.12.30 14:23:28.231,1.51747,1.51776,1.00,1.00
2016.12.30 14:23:28.533,1.51753,1.51777,2.50,1.00
2016.12.30 14:23:28.685,1.51753,1.51776,2.50,1.00
2016.12.30 14:23:28.985,1.51753,1.51776,2.50,1.00
2016.12.30 14:23:29.299,1.51755,1.51776,1.00,1.00
2016.12.30 14:23:29.350,1.51755,1.51788,1.00,1.00
2016.12.30 14:23:29.401,1.51757,1.51796,1.00,1.00
2016.12.30 14:23:29.580,1.51757,1.51776,1.00,1.00
2016.12.30 14:23:29.683,1.51757,1.51777,1.00,1.00
2016.12.30 14:23:30.071,1.51757,1.51788,1.00,1.00
2016.12.30 14:23:30.122,1.51757,1.51796,1.00,1.00
2016.12.30 14:23:30.223,1.51757,1.51793,1.00,1.00
2016.12.30 14:23:30.526,1.51752,1.51776,1.00,1.00
2016.12.30 14:23:30.577,1.51749,1.51777,1.00,1.00
2016.12.30 14:23:30.903,1.51752,1.51788,1.50,1.00
2016.12.30 14:23:30.996,1.5176,1.51788,1.00,1.00
2016.12.30 14:23:31.047,1.51763,1.518,1.00,1.00
2016.12.30 14:23:31.148,1.51763,1.51806,1.00,1.00
2016.12.30 14:23:31.272,1.51765,1.51806,1.00,1.00
2016.12.30 14:23:31.793,1.51765,1.51807,1.00,1.00
2016.12.30 14:23:31.894,1.51765,1.51807,1.00,1.50
2016.12.30 14:23:32.097,1.51764,1.51806,1.00,1.00
2016.12.30 14:23:32.672,1.51764,1.51805,1.00,1.00
2016.12.30 14:23:33.047,1.51762,1.51796,1.00,1.00
2016.12.30 14:23:34.313,1.51762,1.51803,1.00,1.00
2016.12.30 14:23:34.515,1.51761,1.51799,1.00,1.00
2016.12.30 14:23:34.565,1.51757,1.51797,1.00,1.00
2016.12.30 14:23:34.616,1.51757,1.51805,1.00,1.00
2016.12.30 14:23:34.667,1.51757,1.51805,1.00,1.50
2016.12.30 14:23:34.969,1.51758,1.51796,1.00,1.00
2016.12.30 14:23:35.458,1.51758,1.51805,2.50,1.00
2016.12.30 14:23:35.509,1.51762,1.51807,1.00,1.00
2016.12.30 14:23:36.194,1.51762,1.51806,1.00,1.00
2016.12.30 14:23:36.606,1.51763,1.51806,2.50,1.00
2016.12.30 14:23:37.307,1.51763,1.51806,1.00,1.00
2016.12.30 14:23:37.509,1.51763,1.51806,1.00,1.00
2016.12.30 14:23:37.803,1.51763,1.51806,1.00,1.00
2016.12.30 14:23:37.967,1.51763,1.51806,1.50,1.00
2016.12.30 14:23:39.669,1.51763,1.51806,1.00,1.00
2016.12.30 14:23:41.059,1.51763,1.51807,2.50,1.00
2016.12.30 14:23:41.417,1.51764,1.51806,2.50,1.00
2016.12.30 14:23:41.555,1.51764,1.51806,2.50,1.00
2016.12.30 14:23:42.147,1.51764,1.51806,1.00,1.00
2016.12.30 14:23:42.664,1.51764,1.51807,1.00,1.00
2016.12.30 14:23:43.269,1.51764,1.51806,1.00,1.00
2016.12.30 14:23:43.512,1.51764,1.51806,1.50,1.00
2016.12.30 14:23:43.613,1.51764,1.51796,1.00,1.00
2016.12.30 14:23:43.773,1.51764,1.51803,1.00,1.00
2016.12.30 14:23:43.824,1.51761,1.51804,1.50,1.00
2016.12.30 14:23:43.976,1.51761,1.51802,1.00,1.00
2016.12.30 14:23:44.294,1.51761,1.51796,1.00,1.00
2016.12.30 14:23:44.395,1.5176,1.51796,1.00,1.00
2016.12.30 14:23:44.911,1.5176,1.51797,1.00,1.00
2016.12.30 14:23:45.785,1.5176,1.51796,1.00,1.00
2016.12.30 14:23:46.355,1.5176,1.51797,1.00,1.00
2016.12.30 14:23:46.951,1.5176,1.51796,1.00,1.00
2016.12.30 14:23:48.646,1.5176,1.51777,1.00,1.00
2016.12.30 14:23:48.697,1.51757,1.51777,1.00,1.00
2016.12.30 14:23:48.949,1.51757,1.51789,1.00,1.00
2016.12.30 14:23:49.020,1.51758,1.51789,1.00,1.00
2016.12.30 14:23:49.071,1.51758,1.51801,1.00,1.00
2016.12.30 14:23:49.184,1.51758,1.51797,1.00,1.00
2016.12.30 14:23:49.286,1.51758,1.51797,1.00,1.00
2016.12.30 14:23:49.488,1.51758,1.51797,1.50,1.00
2016.12.30 14:23:49.982,1.51757,1.51797,1.00,1.00
2016.12.30 14:23:50.320,1.51757,1.51797,1.00,1.00
2016.12.30 14:23:51.267,1.51757,1.51796,1.00,1.00
2016.12.30 14:23:51.578,1.51759,1.51797,1.00,1.00
2016.12.30 14:23:52.382,1.51759,1.51797,1.00,1.00
2016.12.30 14:23:55.426,1.51759,1.51796,1.00,1.00
2016.12.30 14:23:56.998,1.51759,1.51796,1.00,1.00
2016.12.30 14:23:57.692,1.51759,1.51796,1.00,1.00
2016.12.30 14:23:58.914,1.51759,1.51797,1.00,1.00
2016.12.30 14:23:59.123,1.51757,1.51797,1.00,1.00
2016.12.30 14:23:59.336,1.51757,1.51796,1.00,1.00
2016.12.30 14:23:59.913,1.51758,1.51797,1.00,1.00
2016.12.30 14:24:01.095,1.51758,1.51797,1.00,1.00
2016.12.30 14:24:01.702,1.51758,1.51797,1.00,1.00
2016.12.30 14:24:02.664,1.51758,1.51796,1.00,1.00
2016.12.30 14:24:03.239,1.5176,1.51796,1.00,1.00
2016.12.30 14:24:03.830,1.5176,1.51797,1.00,1.00
2016.12.30 14:24:04.124,1.5176,1.51796,1.00,1.00
2016.12.30 14:24:04.325,1.5176,1.51797,1.00,1.00
2016.12.30 14:24:04.947,1.5176,1.51796,1.00,1.00
2016.12.30 14:24:05.305,1.51759,1.51796,1.00,1.00
2016.12.30 14:24:05.406,1.51759,1.51796,1.00,1.00
2016.12.30 14:24:05.948,1.51759,1.51796,1.00,1.00
2016.12.30 14:24:07.221,1.51759,1.51797,1.00,1.00
2016.12.30 14:24:07.890,1.51759,1.51796,1.00,1.00
2016.12.30 14:24:10.063,1.51759,1.51797,1.00,1.00
2016.12.30 14:24:10.712,1.51759,1.51796,1.00,1.00
2016.12.30 14:24:11.296,1.51759,1.51797,1.00,1.00
2016.12.30 14:24:11.554,1.51759,1.51796,1.00,1.00
2016.12.30 14:24:12.028,1.51759,1.51797,1.00,1.00
2016.12.30 14:24:12.549,1.51759,1.51796,1.00,1.00
2016.12.30 14:24:13.211,1.51759,1.51796,1.00,1.00
2016.12.30 14:24:19.219,1.51759,1.51796,1.00,1.00
2016.12.30 14:24:19.720,1.51759,1.51797,1.00,1.50
2016.12.30 14:24:20.480,1.51759,1.51796,1.00,1.00
2016.12.30 14:24:25.115,1.51759,1.51795,1.00,1.00
2016.12.30 14:24:25.165,1.51759,1.51791,1.00,1.00
2016.12.30 14:24:25.216,1.51754,1.51791,1.50,1.00
2016.12.30 14:24:25.791,1.51754,1.51791,2.50,1.00
2016.12.30 14:24:26.264,1.51754,1.51795,1.00,1.00
2016.12.30 14:24:26.637,1.51756,1.51796,1.00,1.00
2016.12.30 14:24:26.844,1.51756,1.51796,1.00,1.00
2016.12.30 14:24:27.533,1.51756,1.51796,1.00,1.00
2016.12.30 14:24:28.672,1.51756,1.51797,1.00,1.00
2016.12.30 14:24:28.926,1.51756,1.51796,1.00,1.00
2016.12.30 14:24:28.976,1.51756,1.51794,1.00,1.00
2016.12.30 14:24:29.027,1.51752,1.51791,1.00,1.00
2016.12.30 14:24:29.078,1.51752,1.51788,1.00,1.00
2016.12.30 14:24:29.128,1.51748,1.51788,1.00,1.00
2016.12.30 14:24:29.229,1.51748,1.51788,1.00,1.00
2016.12.30 14:24:29.616,1.51745,1.51777,1.00,1.00
2016.12.30 14:24:30.125,1.51745,1.51776,1.00,1.00
2016.12.30 14:24:30.449,1.51745,1.51777,1.00,1.00
2016.12.30 14:24:30.928,1.51745,1.51777,1.00,1.00
2016.12.30 14:24:31.230,1.51745,1.51776,1.00,1.00
2016.12.30 14:24:31.785,1.51744,1.51776,1.00,1.00
2016.12.30 14:24:33.741,1.51744,1.51776,1.00,1.00
2016.12.30 14:24:34.878,1.51745,1.51776,1.00,1.00
2016.12.30 14:24:34.929,1.51756,1.51796,1.35,1.00
2016.12.30 14:24:34.980,1.51758,1.51796,1.00,1.00
2016.12.30 14:24:35.030,1.51763,1.51805,1.50,1.00
2016.12.30 14:24:35.216,1.51766,1.51806,1.35,1.00
2016.12.30 14:24:35.267,1.51766,1.51806,1.50,1.00
2016.12.30 14:24:35.318,1.51766,1.51797,1.50,1.00
2016.12.30 14:24:35.916,1.51764,1.51797,1.50,1.00
2016.12.30 14:24:36.020,1.51764,1.51806,1.50,1.50
2016.12.30 14:24:36.071,1.51764,1.51806,1.00,1.50
2016.12.30 14:24:36.464,1.51766,1.51806,1.00,1.50
2016.12.30 14:24:38.727,1.51766,1.51803,1.00,1.00
2016.12.30 14:24:38.878,1.51766,1.51802,1.00,1.00
2016.12.30 14:24:38.979,1.51765,1.51802,1.00,1.00
2016.12.30 14:24:39.206,1.51765,1.51796,1.00,1.00
2016.12.30 14:24:39.330,1.51763,1.51796,1.00,1.00
2016.12.30 14:24:39.658,1.51763,1.51803,1.00,1.00
2016.12.30 14:24:39.709,1.51763,1.51806,1.00,1.00
2016.12.30 14:24:39.760,1.51765,1.51807,1.00,1.00
2016.12.30 14:24:40.263,1.51766,1.51806,1.00,1.00
2016.12.30 14:24:40.314,1.51766,1.51808,1.00,1.00
2016.12.30 14:24:40.458,1.51766,1.51806,1.00,1.00
2016.12.30 14:24:40.933,1.51766,1.51797,1.00,1.00
2016.12.30 14:24:43.817,1.51766,1.51796,1.00,1.00
2016.12.30 14:24:45.114,1.51766,1.51804,1.00,1.00
2016.12.30 14:24:45.402,1.51766,1.51796,1.00,1.00
2016.12.30 14:24:45.685,1.51766,1.51804,1.00,1.00
2016.12.30 14:24:48.360,1.51766,1.51806,1.50,1.00
2016.12.30 14:24:48.411,1.51766,1.51807,1.00,1.00
2016.12.30 14:24:48.741,1.51764,1.518,1.35,1.00
2016.12.30 14:24:48.842,1.51759,1.51796,1.00,1.50
2016.12.30 14:24:48.893,1.51757,1.51796,1.00,1.50
2016.12.30 14:24:48.943,1.51757,1.51776,1.00,1.00
2016.12.30 14:24:49.053,1.51755,1.51776,1.00,1.00
2016.12.30 14:24:49.236,1.51752,1.51777,1.50,1.00
2016.12.30 14:24:49.753,1.51752,1.51776,1.00,1.00
2016.12.30 14:24:52.164,1.51752,1.51776,1.00,1.00
2016.12.30 14:24:52.315,1.51753,1.51788,1.00,1.00
2016.12.30 14:24:52.366,1.51753,1.51797,1.00,1.50
2016.12.30 14:24:55.653,1.51754,1.51796,1.50,1.00
2016.12.30 14:24:55.850,1.51755,1.51796,1.00,1.00
2016.12.30 14:24:56.571,1.51755,1.51795,1.00,1.00
2016.12.30 14:24:56.671,1.51754,1.51795,1.00,1.00
2016.12.30 14:24:56.852,1.51754,1.51795,1.00,1.00
2016.12.30 14:24:57.527,1.51754,1.51794,1.00,1.00
2016.12.30 14:24:58.074,1.51754,1.51793,1.00,1.00
2016.12.30 14:24:58.125,1.51754,1.51796,1.00,1.00
2016.12.30 14:24:58.176,1.51752,1.51796,1.00,1.00
2016.12.30 14:24:58.377,1.51752,1.51796,1.50,1.50
2016.12.30 14:24:59.102,1.51752,1.51797,1.00,1.50
2016.12.30 14:25:00.087,1.51752,1.51793,1.00,1.00
2016.12.30 14:25:00.957,1.51752,1.51793,1.00,1.00
2016.12.30 14:25:01.271,1.51753,1.51777,1.50,1.00
2016.12.30 14:25:01.687,1.51754,1.51777,1.50,1.00
2016.12.30 14:25:02.197,1.51754,1.51794,1.00,1.00
2016.12.30 14:25:02.859,1.51754,1.51796,1.00,1.00
2016.12.30 14:25:05.288,1.51754,1.51797,1.50,1.50
2016.12.30 14:25:05.490,1.51753,1.51796,1.50,1.00
2016.12.30 14:25:06.001,1.51753,1.51796,1.00,1.50
2016.12.30 14:25:06.203,1.51753,1.51796,1.00,1.50
2016.12.30 14:25:06.507,1.51744,1.51776,1.00,1.00
2016.12.30 14:25:06.809,1.51744,1.51776,2.50,1.00
2016.12.30 14:25:07.011,1.51744,1.51776,1.00,1.50
2016.12.30 14:25:07.675,1.51744,1.51776,1.50,1.00
2016.12.30 14:25:08.438,1.51744,1.51777,1.00,1.50
2016.12.30 14:25:09.166,1.51744,1.51776,1.50,1.00
2016.12.30 14:25:10.207,1.51744,1.51777,1.50,1.00
2016.12.30 14:25:10.978,1.51744,1.51776,1.00,1.00
2016.12.30 14:25:11.182,1.51744,1.51776,1.00,1.00
2016.12.30 14:25:12.575,1.51744,1.51777,1.00,1.50
2016.12.30 14:25:13.003,1.51744,1.51777,1.00,1.50
2016.12.30 14:25:13.582,1.51744,1.51776,1.00,1.50
2016.12.30 14:25:13.925,1.51745,1.51777,1.00,1.00
2016.12.30 14:25:13.999,1.51745,1.51777,1.00,1.00
2016.12.30 14:25:14.514,1.51745,1.51776,1.00,1.50
2016.12.30 14:25:16.916,1.51745,1.51776,1.00,1.50
2016.12.30 14:25:17.067,1.51746,1.51776,1.00,1.50
2016.12.30 14:25:17.414,1.5175,1.51776,1.00,1.50
2016.12.30 14:25:17.516,1.51747,1.51776,1.00,1.00
2016.12.30 14:25:17.719,1.51744,1.51776,1.00,1.00
2016.12.30 14:25:18.021,1.51744,1.51777,1.00,1.50
2016.12.30 14:25:18.785,1.51744,1.51776,1.00,1.00
2016.12.30 14:25:19.685,1.51744,1.51777,1.00,1.50
2016.12.30 14:25:19.937,1.51744,1.51776,1.00,1.50
2016.12.30 14:25:21.091,1.51744,1.51776,1.00,1.00
2016.12.30 14:25:23.394,1.51744,1.51776,1.00,1.00
2016.12.30 14:25:24.731,1.51744,1.51776,1.00,1.50
2016.12.30 14:25:24.832,1.51744,1.51777,1.00,1.50
2016.12.30 14:25:24.933,1.51741,1.51777,1.00,1.50
2016.12.30 14:25:25.034,1.51741,1.51766,1.00,1.00
2016.12.30 14:25:25.247,1.51741,1.51776,1.00,1.00
2016.12.30 14:25:25.298,1.51741,1.51776,1.00,1.00
2016.12.30 14:25:26.098,1.51741,1.51777,1.00,1.50
2016.12.30 14:25:26.401,1.51749,1.51777,1.00,1.00
2016.12.30 14:25:26.704,1.51756,1.51776,1.00,1.00
2016.12.30 14:25:26.938,1.51756,1.51777,1.00,1.00
2016.12.30 14:25:27.450,1.51756,1.51776,1.00,1.00
2016.12.30 14:25:27.551,1.51754,1.51776,1.00,1.00
2016.12.30 14:25:27.802,1.5175,1.51776,1.00,1.00
2016.12.30 14:25:27.903,1.5175,1.51776,1.00,1.00
2016.12.30 14:25:29.343,1.5175,1.51777,1.00,1.00
2016.12.30 14:25:30.164,1.5175,1.51776,1.00,1.00
2016.12.30 14:25:30.600,1.5175,1.51776,1.00,1.00
2016.12.30 14:25:33.291,1.5175,1.51777,1.00,1.00
2016.12.30 14:25:34.916,1.5175,1.51776,1.00,1.00
2016.12.30 14:25:38.708,1.5175,1.51777,1.00,1.00
2016.12.30 14:25:40.134,1.5175,1.51776,1.00,1.00
2016.12.30 14:25:40.638,1.5175,1.51776,1.00,1.00
2016.12.30 14:25:40.866,1.51749,1.51776,1.00,1.00
2016.12.30 14:25:41.019,1.51749,1.51776,1.00,1.00
2016.12.30 14:25:42.361,1.51749,1.51777,1.00,1.00
2016.12.30 14:25:42.834,1.51749,1.51776,1.00,1.00
2016.12.30 14:25:43.040,1.51749,1.51776,1.00,1.00
2016.12.30 14:25:43.640,1.51749,1.51776,1.00,1.00
2016.12.30 14:25:44.362,1.51749,1.51777,1.00,1.00
2016.12.30 14:25:46.407,1.51749,1.51776,1.00,1.00
2016.12.30 14:25:49.161,1.51749,1.51777,1.00,1.00
2016.12.30 14:25:49.711,1.51749,1.51776,1.00,1.00
2016.12.30 14:25:50.514,1.51749,1.51777,1.00,1.00
2016.12.30 14:26:00.941,1.51749,1.51777,1.00,1.00
2016.12.30 14:26:03.865,1.51749,1.51776,1.00,1.00
2016.12.30 14:26:03.967,1.51742,1.51776,1.00,1.50
2016.12.30 14:26:04.084,1.51737,1.51776,1.00,1.50
2016.12.30 14:26:04.134,1.51737,1.51767,1.00,1.00
2016.12.30 14:26:04.235,1.51737,1.51771,1.00,1.12
2016.12.30 14:26:04.286,1.51735,1.51771,1.00,1.37
2016.12.30 14:26:04.387,1.51729,1.51771,1.50,1.37
2016.12.30 14:26:04.438,1.51729,1.51766,1.00,1.37
2016.12.30 14:26:04.682,1.51719,1.51756,1.00,1.50
2016.12.30 14:26:04.735,1.51719,1.51762,1.00,1.00
2016.12.30 14:26:04.786,1.51724,1.51766,1.00,1.00
2016.12.30 14:26:05.088,1.51729,1.51765,1.00,1.00
2016.12.30 14:26:05.189,1.51728,1.51765,1.00,1.00
2016.12.30 14:26:05.343,1.51728,1.51756,1.00,1.00
2016.12.30 14:26:05.766,1.51728,1.51763,1.00,1.00
2016.12.30 14:26:05.817,1.51728,1.51765,1.00,1.00
2016.12.30 14:26:06.141,1.51728,1.51766,1.00,1.00
2016.12.30 14:26:06.192,1.51728,1.51766,1.00,1.00
2016.12.30 14:26:07.353,1.51728,1.51767,1.00,1.00
2016.12.30 14:26:07.454,1.51728,1.51767,1.00,1.00
2016.12.30 14:26:08.277,1.51728,1.51766,1.00,1.00
2016.12.30 14:26:08.788,1.5173,1.51766,1.00,1.00
2016.12.30 14:26:08.940,1.51735,1.51776,1.00,1.50
2016.12.30 14:26:09.091,1.51735,1.51776,1.00,1.00
2016.12.30 14:26:09.193,1.51735,1.51767,1.00,1.00
2016.12.30 14:26:09.244,1.51735,1.51776,1.00,1.00
2016.12.30 14:26:09.776,1.51735,1.51776,1.00,1.00
2016.12.30 14:26:10.079,1.51735,1.51776,1.00,1.50
2016.12.30 14:26:10.180,1.51735,1.51776,1.00,1.50
2016.12.30 14:26:10.736,1.51735,1.51775,1.00,1.00
2016.12.30 14:26:11.251,1.51735,1.51774,1.00,1.00
2016.12.30 14:26:11.302,1.51734,1.51767,1.00,1.00
2016.12.30 14:26:12.981,1.51734,1.51766,1.00,1.00
2016.12.30 14:26:13.199,1.51732,1.51766,1.00,1.00
2016.12.30 14:26:14.072,1.51732,1.51767,1.00,1.00
2016.12.30 14:26:14.173,1.51732,1.51766,1.00,1.00
2016.12.30 14:26:14.703,1.51732,1.51766,1.00,1.00
2016.12.30 14:26:15.276,1.51732,1.51773,1.00,1.00
2016.12.30 14:26:16.144,1.51732,1.51766,1.00,1.00
2016.12.30 14:26:16.296,1.51731,1.51766,1.50,1.50
2016.12.30 14:26:16.549,1.51731,1.5177,1.00,1.00
2016.12.30 14:26:16.787,1.51731,1.51774,1.00,1.00
2016.12.30 14:26:16.837,1.51731,1.51766,1.00,1.00
2016.12.30 14:26:16.938,1.51731,1.51776,1.00,1.37
2016.12.30 14:26:17.090,1.51731,1.51766,1.00,1.00
2016.12.30 14:26:17.479,1.51733,1.51766,1.00,1.00
2016.12.30 14:26:17.580,1.51733,1.51777,2.50,2.25
2016.12.30 14:26:17.782,1.51734,1.51776,2.50,1.50
2016.12.30 14:26:18.112,1.51735,1.51766,1.00,1.00
2016.12.30 14:26:18.519,1.51736,1.51777,1.00,1.50
2016.12.30 14:26:19.092,1.51736,1.51777,1.00,1.50
2016.12.30 14:26:19.367,1.51736,1.51767,1.00,1.00
2016.12.30 14:26:19.468,1.51736,1.51766,1.00,1.00
2016.12.30 14:26:19.871,1.51736,1.51766,1.00,1.00
2016.12.30 14:26:20.793,1.51736,1.51767,1.00,1.00
2016.12.30 14:26:21.716,1.51736,1.51767,1.00,1.00
2016.12.30 14:26:21.770,1.51736,1.51767,1.00,1.00
2016.12.30 14:26:22.214,1.51736,1.51766,1.00,1.00
2016.12.30 14:26:22.790,1.51734,1.51766,1.00,1.00
2016.12.30 14:26:23.092,1.51734,1.51767,1.00,1.00
2016.12.30 14:26:23.606,1.51735,1.51767,1.00,1.00
2016.12.30 14:26:24.454,1.51735,1.51766,1.00,1.00
2016.12.30 14:26:24.505,1.51735,1.51766,1.00,1.00
2016.12.30 14:26:24.713,1.51735,1.51777,1.00,2.25
2016.12.30 14:26:25.285,1.51735,1.51766,1.00,1.00
2016.12.30 14:26:25.620,1.51735,1.51776,1.50,1.50
2016.12.30 14:26:25.722,1.51735,1.51776,1.00,1.50
2016.12.30 14:26:26.335,1.51735,1.51776,1.00,1.50
2016.12.30 14:26:27.114,1.51735,1.51776,1.00,1.50
2016.12.30 14:26:27.987,1.51735,1.51777,1.00,1.50
2016.12.30 14:26:28.189,1.51735,1.51776,1.00,1.00
2016.12.30 14:26:28.333,1.51735,1.51766,1.00,1.00
2016.12.30 14:26:28.623,1.51735,1.51777,1.00,2.25
2016.12.30 14:26:28.724,1.51735,1.51777,1.00,1.50
2016.12.30 14:26:28.825,1.51735,1.51766,1.00,1.00
2016.12.30 14:26:29.843,1.51735,1.51766,1.00,1.00
2016.12.30 14:26:30.405,1.51735,1.51776,1.00,1.00
2016.12.30 14:26:30.608,1.51737,1.51776,1.00,1.00
2016.12.30 14:26:30.817,1.51737,1.51776,1.00,1.00
2016.12.30 14:26:31.213,1.51737,1.51766,1.00,1.00
2016.12.30 14:26:31.292,1.51737,1.51776,1.00,1.00
2016.12.30 14:26:31.881,1.51737,1.51777,1.00,1.50
2016.12.30 14:26:31.931,1.51737,1.51767,1.00,1.00
2016.12.30 14:26:32.009,1.51737,1.51776,1.00,1.00
2016.12.30 14:26:33.123,1.51737,1.51777,1.00,1.50
2016.12.30 14:26:33.423,1.51737,1.51776,1.00,1.00
2016.12.30 14:26:33.788,1.51737,1.51766,1.00,1.00
2016.12.30 14:26:33.890,1.51737,1.51776,1.00,1.00
2016.12.30 14:26:34.827,1.51737,1.51776,1.00,1.50
2016.12.30 14:26:35.353,1.51737,1.51777,2.50,1.00
2016.12.30 14:26:35.686,1.51747,1.51776,1.50,1.00
2016.12.30 14:26:36.687,1.51747,1.51776,2.50,1.00
2016.12.30 14:26:37.403,1.51747,1.51777,2.50,1.00
2016.12.30 14:26:37.812,1.51747,1.51776,1.00,1.00
2016.12.30 14:26:37.945,1.51746,1.51776,1.00,1.00
2016.12.30 14:26:38.451,1.51745,1.51776,1.00,1.00
2016.12.30 14:26:38.949,1.51745,1.51777,2.50,1.00
2016.12.30 14:26:39.491,1.5175,1.51776,1.00,1.00
2016.12.30 14:26:39.669,1.5175,1.51777,1.00,1.00
2016.12.30 14:26:40.253,1.5175,1.51776,1.00,1.00
2016.12.30 14:26:40.878,1.5175,1.51777,1.00,1.00
2016.12.30 14:26:44.388,1.5175,1.51776,1.00,1.00
2016.12.30 14:26:45.113,1.51745,1.51776,1.00,1.50
2016.12.30 14:26:45.613,1.51745,1.51776,1.00,1.50
2016.12.30 14:26:46.016,1.51747,1.51776,1.50,1.00
2016.12.30 14:26:46.317,1.5175,1.51776,1.00,1.00
2016.12.30 14:26:46.717,1.5175,1.51777,1.00,1.00
2016.12.30 14:26:46.919,1.5175,1.51776,1.00,1.00
2016.12.30 14:26:47.666,1.5175,1.51777,1.00,1.50
2016.12.30 14:26:49.123,1.5175,1.51776,1.00,1.00
2016.12.30 14:26:49.224,1.51748,1.51777,1.00,1.50
2016.12.30 14:26:50.063,1.51748,1.51776,1.00,1.50
2016.12.30 14:26:52.113,1.51748,1.51777,1.00,1.50
2016.12.30 14:26:52.214,1.51744,1.51777,1.00,1.00
2016.12.30 14:26:52.910,1.51744,1.51776,1.00,1.00
2016.12.30 14:26:55.307,1.51744,1.51776,2.50,1.00
2016.12.30 14:26:55.626,1.51749,1.51776,1.50,1.00
2016.12.30 14:26:56.257,1.51749,1.51777,1.00,1.50
2016.12.30 14:26:57.427,1.51749,1.51776,1.00,1.00
2016.12.30 14:26:58.011,1.51749,1.51776,1.00,1.00
2016.12.30 14:26:58.062,1.51749,1.51777,1.00,1.50
2016.12.30 14:26:58.636,1.51749,1.51776,1.00,1.00
2016.12.30 14:26:59.732,1.51746,1.51776,1.00,1.00
2016.12.30 14:26:59.833,1.5174,1.51776,1.00,1.50
2016.12.30 14:26:59.985,1.5174,1.51776,1.00,1.50
2016.12.30 14:27:00.288,1.51746,1.51776,1.00,1.00
2016.12.30 14:27:00.338,1.51746,1.51776,1.00,1.00
2016.12.30 14:27:01.026,1.51746,1.51776,1.00,1.50
2016.12.30 14:27:01.467,1.51746,1.51776,1.00,1.00
2016.12.30 14:27:01.517,1.51746,1.51777,1.00,1.00
2016.12.30 14:27:01.568,1.51748,1.51776,1.00,1.00
2016.12.30 14:27:01.619,1.51749,1.51787,1.50,1.00
2016.12.30 14:27:01.669,1.5175,1.51787,1.00,1.00
2016.12.30 14:27:01.972,1.51752,1.51786,1.00,1.00
2016.12.30 14:27:02.491,1.51752,1.51787,1.00,1.00
2016.12.30 14:27:02.830,1.51742,1.51767,1.00,1.00
2016.12.30 14:27:02.931,1.51742,1.51776,1.00,1.50
2016.12.30 14:27:03.234,1.51739,1.51776,1.00,1.00
2016.12.30 14:27:03.284,1.51739,1.51767,1.00,1.00
2016.12.30 14:27:03.438,1.51734,1.51773,1.00,1.00
2016.12.30 14:27:03.539,1.51731,1.51766,1.00,1.00
2016.12.30 14:27:03.872,1.51731,1.51757,1.00,1.00
2016.12.30 14:27:03.922,1.51731,1.51767,1.00,1.00
2016.12.30 14:27:04.343,1.51731,1.51756,1.00,1.00
2016.12.30 14:27:04.444,1.51731,1.51767,1.00,1.00
2016.12.30 14:27:04.495,1.51731,1.51757,1.00,1.00
2016.12.30 14:27:04.546,1.51729,1.51757,1.00,1.00
2016.12.30 14:27:04.648,1.51726,1.51757,1.00,1.00
2016.12.30 14:27:04.748,1.51726,1.51766,2.25,1.00
2016.12.30 14:27:04.849,1.51727,1.51756,1.00,1.00
2016.12.30 14:27:05.490,1.51727,1.51756,1.00,1.00
2016.12.30 14:27:05.541,1.51727,1.51756,1.00,1.00
2016.12.30 14:27:05.642,1.51727,1.51756,1.00,1.00
2016.12.30 14:27:06.058,1.51727,1.51746,1.00,1.00
2016.12.30 14:27:06.260,1.51725,1.51746,1.00,1.00
2016.12.30 14:27:06.362,1.51722,1.51756,1.00,1.00
2016.12.30 14:27:06.829,1.51721,1.51746,1.00,1.00
2016.12.30 14:27:08.282,1.5172,1.51746,1.00,1.00
2016.12.30 14:27:08.789,1.51719,1.51746,1.00,1.00
2016.12.30 14:27:10.382,1.51719,1.51746,1.00,1.00
2016.12.30 14:27:10.433,1.51719,1.51756,2.50,1.00
2016.12.30 14:27:10.483,1.51722,1.51756,1.50,1.00
2016.12.30 14:27:10.534,1.51722,1.51766,1.00,1.00
2016.12.30 14:27:10.585,1.51725,1.51766,1.50,1.00
2016.12.30 14:27:11.028,1.51726,1.51756,1.50,1.00
2016.12.30 14:27:11.845,1.51726,1.51756,2.50,1.00
2016.12.30 14:27:12.919,1.5173,1.51767,1.00,1.00
2016.12.30 14:27:13.091,1.51733,1.51766,1.50,1.00
2016.12.30 14:27:13.292,1.51733,1.51766,2.50,1.00
2016.12.30 14:27:13.433,1.51733,1.51747,1.00,1.00
2016.12.30 14:27:13.484,1.51718,1.51747,1.00,1.00
2016.12.30 14:27:13.585,1.51717,1.51757,1.00,1.00
2016.12.30 14:27:13.790,1.51717,1.51756,1.00,1.00
2016.12.30 14:27:13.844,1.51717,1.51756,1.00,1.00
2016.12.30 14:27:13.950,1.51717,1.51747,1.00,1.00
2016.12.30 14:27:14.630,1.51717,1.51747,1.00,1.00
2016.12.30 14:27:15.266,1.51717,1.51746,1.00,1.00
2016.12.30 14:27:15.594,1.51717,1.51746,1.00,1.00
2016.12.30 14:27:16.367,1.51717,1.51747,1.00,1.00
2016.12.30 14:27:21.636,1.51717,1.51757,1.00,1.00
2016.12.30 14:27:21.787,1.51718,1.51757,1.00,1.00
2016.12.30 14:27:21.888,1.51718,1.51757,1.00,1.00
2016.12.30 14:27:21.939,1.51718,1.51746,1.00,1.00
2016.12.30 14:27:22.764,1.51716,1.51746,1.00,1.00
2016.12.30 14:27:22.971,1.51716,1.51747,1.00,1.00
2016.12.30 14:27:23.186,1.51716,1.51747,1.00,1.00
2016.12.30 14:27:23.699,1.51716,1.51746,1.00,1.00
2016.12.30 14:27:24.613,1.51716,1.51747,1.00,1.00
2016.12.30 14:27:26.359,1.51716,1.51747,1.00,1.00
2016.12.30 14:27:27.583,1.51715,1.51747,1.00,1.00
2016.12.30 14:27:27.764,1.51713,1.51746,2.25,1.00
2016.12.30 14:27:27.865,1.51713,1.51747,2.50,1.00
2016.12.30 14:27:28.304,1.51713,1.51746,1.00,1.00
2016.12.30 14:27:28.355,1.51713,1.51755,1.00,1.00
2016.12.30 14:27:28.762,1.51713,1.51754,1.00,1.00
2016.12.30 14:27:30.138,1.51713,1.51746,1.00,1.00
2016.12.30 14:27:30.404,1.51703,1.51741,1.00,1.00
2016.12.30 14:27:30.505,1.51703,1.51746,1.00,1.50
2016.12.30 14:27:30.556,1.51703,1.51736,1.00,1.00
2016.12.30 14:27:30.932,1.51704,1.51736,1.00,1.00
2016.12.30 14:27:31.510,1.51705,1.51736,1.00,1.00
2016.12.30 14:27:31.662,1.51705,1.51746,1.00,1.00
2016.12.30 14:27:31.712,1.51705,1.51736,1.00,1.00
2016.12.30 14:27:31.971,1.51705,1.51736,1.00,1.00
2016.12.30 14:27:32.072,1.51705,1.51746,1.00,1.00
2016.12.30 14:27:32.375,1.51704,1.51736,1.00,1.00
2016.12.30 14:27:32.591,1.51704,1.51747,1.00,1.50
2016.12.30 14:27:32.767,1.51704,1.51746,1.00,1.00
2016.12.30 14:27:33.077,1.51704,1.51736,1.00,1.00
2016.12.30 14:27:33.379,1.51704,1.51736,1.00,1.00
2016.12.30 14:27:33.480,1.51704,1.51736,1.00,1.00
2016.12.30 14:27:37.491,1.51703,1.51736,1.00,1.00
2016.12.30 14:27:37.912,1.517,1.51737,1.00,1.00
2016.12.30 14:27:38.875,1.51699,1.51737,1.00,1.00
2016.12.30 14:27:39.076,1.51699,1.51737,1.00,1.00
2016.12.30 14:27:39.242,1.51703,1.51746,1.00,1.00
2016.12.30 14:27:39.393,1.51707,1.51747,1.50,1.00
2016.12.30 14:27:39.696,1.51707,1.51737,2.50,1.00
2016.12.30 14:27:39.849,1.51707,1.51747,2.50,1.00
2016.12.30 14:27:40.170,1.51707,1.51737,1.00,1.00
2016.12.30 14:27:41.784,1.51707,1.51747,1.00,1.00
2016.12.30 14:27:42.289,1.51707,1.51746,1.00,1.00
2016.12.30 14:27:42.516,1.51707,1.51746,1.00,1.00
2016.12.30 14:27:42.791,1.51707,1.51737,1.00,1.00
2016.12.30 14:27:43.234,1.51707,1.51747,1.00,1.00
2016.12.30 14:27:43.394,1.51707,1.51747,1.00,1.00
2016.12.30 14:27:44.896,1.51707,1.51747,1.00,1.00
2016.12.30 14:27:45.206,1.51698,1.51736,1.00,1.00
2016.12.30 14:27:45.459,1.51697,1.51726,1.00,1.00
2016.12.30 14:27:45.775,1.51697,1.51727,1.00,1.00
2016.12.30 14:27:46.096,1.51697,1.51727,1.00,1.00
2016.12.30 14:27:47.237,1.51697,1.51726,1.50,1.00
2016.12.30 14:27:47.289,1.51697,1.51726,1.00,1.00
2016.12.30 14:27:47.390,1.51697,1.51726,1.00,1.00
2016.12.30 14:27:47.491,1.51697,1.51726,1.00,1.00
2016.12.30 14:27:47.592,1.51695,1.51726,1.00,1.00
2016.12.30 14:27:48.186,1.51695,1.51726,1.00,1.00
2016.12.30 14:27:48.534,1.51695,1.51726,1.00,1.00
2016.12.30 14:27:50.134,1.51695,1.51727,1.00,1.00
2016.12.30 14:27:50.336,1.51695,1.51727,2.50,1.00
2016.12.30 14:27:51.746,1.51695,1.51726,1.00,1.00
2016.12.30 14:27:52.004,1.51696,1.51737,1.00,1.50
2016.12.30 14:27:52.668,1.51696,1.51736,1.00,1.00
2016.12.30 14:27:53.689,1.51697,1.51737,1.50,1.00
2016.12.30 14:27:53.741,1.51698,1.51737,1.00,1.50
2016.12.30 14:27:54.795,1.51698,1.51726,1.00,1.00
2016.12.30 14:27:55.229,1.51698,1.51727,1.00,1.00
2016.12.30 14:27:55.820,1.51698,1.51727,1.00,1.00
2016.12.30 14:27:55.921,1.51699,1.51727,1.00,1.00
2016.12.30 14:27:56.130,1.51699,1.51726,1.00,1.00
2016.12.30 14:27:56.232,1.51699,1.51726,1.00,1.00
2016.12.30 14:27:56.410,1.51699,1.51727,1.00,1.00
2016.12.30 14:27:56.597,1.51699,1.51727,1.00,1.00
2016.12.30 14:27:57.346,1.51699,1.51726,1.00,1.00
2016.12.30 14:27:57.998,1.51699,1.51726,1.00,1.00
2016.12.30 14:27:58.563,1.51699,1.51727,1.00,1.00
2016.12.30 14:28:00.159,1.51699,1.51726,1.00,1.00
2016.12.30 14:28:00.330,1.51702,1.51737,1.50,1.00
2016.12.30 14:28:00.431,1.51703,1.51737,1.00,1.00
2016.12.30 14:28:00.770,1.51703,1.51726,1.00,1.00
2016.12.30 14:28:00.821,1.51702,1.51726,1.00,1.00
2016.12.30 14:28:01.112,1.51699,1.51726,1.00,1.00
2016.12.30 14:28:01.322,1.51699,1.51737,1.50,1.00
2016.12.30 14:28:01.423,1.51699,1.51737,1.00,1.00
2016.12.30 14:28:01.725,1.51699,1.51726,1.00,1.00
2016.12.30 14:28:02.716,1.51699,1.51726,1.00,1.00
2016.12.30 14:28:02.906,1.51698,1.51726,1.50,1.00
2016.12.30 14:28:03.030,1.51698,1.51726,1.00,1.00
2016.12.30 14:28:06.755,1.51698,1.51727,1.00,1.00
2016.12.30 14:28:06.856,1.51698,1.51727,1.00,1.00
2016.12.30 14:28:08.731,1.51698,1.51727,1.00,1.00
2016.12.30 14:28:09.338,1.51698,1.51727,1.00,1.00
2016.12.30 14:28:09.640,1.51695,1.51726,1.00,1.00
2016.12.30 14:28:09.937,1.51695,1.51716,1.00,1.00
2016.12.30 14:28:10.240,1.51692,1.51716,1.00,1.00
2016.12.30 14:28:10.341,1.51692,1.51727,1.00,1.00
2016.12.30 14:28:11.225,1.51692,1.51726,1.00,1.00
2016.12.30 14:28:11.866,1.51692,1.51727,1.00,1.00
2016.12.30 14:28:11.967,1.51695,1.51727,1.50,1.00
2016.12.30 14:28:12.119,1.517,1.51736,1.00,1.00
2016.12.30 14:28:12.631,1.517,1.51736,1.50,1.00
2016.12.30 14:28:12.796,1.517,1.51727,1.50,1.00
2016.12.30 14:28:12.979,1.51701,1.51736,1.00,1.00
2016.12.30 14:28:13.030,1.51701,1.51736,1.00,1.00
2016.12.30 14:28:13.537,1.51701,1.51737,1.00,1.00
2016.12.30 14:28:14.389,1.51701,1.51734,1.00,1.00
2016.12.30 14:28:14.440,1.51697,1.51734,1.50,1.00
2016.12.30 14:28:14.541,1.51697,1.51734,1.00,1.00
2016.12.30 14:28:14.885,1.51696,1.51727,1.00,1.00
2016.12.30 14:28:15.426,1.51696,1.51726,1.00,1.00
2016.12.30 14:28:15.577,1.51696,1.51735,2.50,1.00
2016.12.30 14:28:15.628,1.51699,1.51736,1.00,1.50
2016.12.30 14:28:16.279,1.51699,1.51737,1.00,1.00
2016.12.30 14:28:17.946,1.51702,1.51736,1.00,1.00
2016.12.30 14:28:18.288,1.51701,1.51726,1.00,1.00
2016.12.30 14:28:18.372,1.51699,1.51726,1.00,1.00
2016.12.30 14:28:18.671,1.51696,1.51726,1.00,1.00
2016.12.30 14:28:19.747,1.51696,1.51727,1.00,1.00
2016.12.30 14:28:22.068,1.51696,1.51726,1.00,1.00
2016.12.30 14:28:22.331,1.51696,1.51726,1.00,1.00
2016.12.30 14:28:22.834,1.51694,1.51726,1.00,1.00
2016.12.30 14:28:23.604,1.51694,1.51727,2.50,1.00
2016.12.30 14:28:23.920,1.51695,1.51726,2.50,1.00
2016.12.30 14:28:25.670,1.51698,1.51726,1.00,1.00
2016.12.30 14:28:27.101,1.51698,1.51727,1.00,1.00
2016.12.30 14:28:27.275,1.51698,1.51726,1.00,1.00
2016.12.30 14:28:27.577,1.51698,1.51727,1.00,1.00
2016.12.30 14:28:28.152,1.51698,1.51726,1.00,1.00
2016.12.30 14:28:28.235,1.51698,1.51726,1.00,1.00
2016.12.30 14:28:28.948,1.51698,1.51726,1.00,1.00
2016.12.30 14:28:30.039,1.51698,1.51726,1.00,1.00
2016.12.30 14:28:30.140,1.51698,1.51726,1.00,1.00
2016.12.30 14:28:30.524,1.51698,1.51736,1.00,1.00
2016.12.30 14:28:30.575,1.51698,1.51736,1.00,1.00
2016.12.30 14:28:30.882,1.51698,1.51737,1.00,1.50
2016.12.30 14:28:30.983,1.51698,1.51736,1.00,1.00
2016.12.30 14:28:31.471,1.51698,1.51726,1.00,1.00
2016.12.30 14:28:32.804,1.51698,1.51727,1.00,1.00
2016.12.30 14:28:33.351,1.51698,1.51726,1.00,1.00
2016.12.30 14:28:33.698,1.51699,1.51736,1.00,1.00
2016.12.30 14:28:33.804,1.51699,1.51726,1.00,1.00
2016.12.30 14:28:34.253,1.51699,1.51736,1.00,1.00
2016.12.30 14:28:34.859,1.517,1.51736,1.00,1.00
2016.12.30 14:28:34.943,1.517,1.51736,1.00,1.00
2016.12.30 14:28:36.045,1.517,1.51736,1.00,1.00
2016.12.30 14:28:36.765,1.517,1.51734,1.00,1.00
2016.12.30 14:28:37.238,1.517,1.51726,1.00,1.00
2016.12.30 14:28:37.441,1.517,1.51733,1.00,1.50
2016.12.30 14:28:37.492,1.517,1.51732,1.00,1.00
2016.12.30 14:28:37.593,1.51696,1.51733,1.00,1.50
2016.12.30 14:28:37.708,1.51696,1.51727,1.00,1.00
2016.12.30 14:28:39.028,1.51695,1.51726,1.00,1.00
2016.12.30 14:28:39.079,1.51695,1.51735,1.00,1.00
2016.12.30 14:28:39.180,1.51699,1.51735,1.00,1.00
2016.12.30 14:28:39.684,1.51699,1.51726,1.00,1.00
2016.12.30 14:28:40.189,1.51699,1.51726,1.00,1.00
2016.12.30 14:28:40.315,1.51698,1.51736,1.00,1.50
2016.12.30 14:28:40.769,1.51698,1.51736,1.00,1.50
2016.12.30 14:28:41.352,1.51698,1.51735,1.00,1.00
2016.12.30 14:28:41.866,1.51698,1.51736,1.00,1.50
2016.12.30 14:28:41.917,1.51698,1.51727,1.00,1.00
2016.12.30 14:28:42.220,1.51698,1.51736,1.00,1.50
2016.12.30 14:28:42.753,1.51697,1.51735,1.00,1.00
2016.12.30 14:28:42.804,1.51697,1.51726,1.00,1.00
2016.12.30 14:28:46.564,1.51696,1.51726,1.00,1.00
2016.12.30 14:28:47.473,1.51691,1.51727,1.00,1.00
2016.12.30 14:28:47.574,1.51688,1.51726,1.00,1.00
2016.12.30 14:28:47.675,1.51688,1.51726,1.00,1.87
2016.12.30 14:28:47.978,1.51685,1.51707,1.00,1.00
2016.12.30 14:28:48.130,1.51685,1.51715,1.00,1.00
2016.12.30 14:28:48.231,1.5168,1.51716,1.00,1.00
2016.12.30 14:28:48.424,1.5168,1.51716,1.00,1.50
2016.12.30 14:28:48.727,1.51683,1.51717,1.00,1.00
2016.12.30 14:28:48.879,1.51684,1.51723,1.50,1.00
2016.12.30 14:28:49.068,1.51684,1.51716,2.50,1.00
2016.12.30 14:28:49.270,1.51684,1.51723,1.00,1.00
2016.12.30 14:28:49.544,1.51684,1.51717,1.00,1.00
2016.12.30 14:28:50.095,1.51683,1.51716,1.50,1.00
2016.12.30 14:28:50.919,1.51683,1.51717,1.00,1.00
2016.12.30 14:28:51.070,1.51681,1.51717,1.00,1.00
2016.12.30 14:28:51.171,1.51681,1.51717,1.00,1.00
2016.12.30 14:28:51.567,1.51683,1.51716,1.00,1.00
2016.12.30 14:28:52.298,1.51683,1.51716,1.00,1.00
2016.12.30 14:28:53.094,1.51683,1.51716,1.00,1.00
2016.12.30 14:28:53.956,1.51684,1.51725,1.50,1.00
2016.12.30 14:28:54.143,1.51684,1.51717,2.50,1.00
2016.12.30 14:28:54.414,1.51684,1.51725,1.00,1.00
2016.12.30 14:28:54.465,1.51684,1.51717,1.00,1.00
2016.12.30 14:28:54.516,1.51684,1.51717,1.00,1.00
2016.12.30 14:28:54.617,1.51679,1.51717,1.00,1.00
2016.12.30 14:28:54.869,1.51679,1.51715,1.50,1.00
2016.12.30 14:28:55.172,1.51679,1.51706,1.00,1.00
2016.12.30 14:28:55.462,1.51679,1.51716,1.00,1.00
2016.12.30 14:28:55.870,1.51677,1.51716,1.00,1.00
2016.12.30 14:28:56.000,1.51677,1.51707,1.00,1.00
2016.12.30 14:28:56.370,1.51677,1.51707,1.00,1.00
2016.12.30 14:28:56.811,1.51677,1.51707,1.00,1.00
2016.12.30 14:28:57.313,1.51676,1.51706,1.00,1.00
2016.12.30 14:28:57.491,1.51673,1.51706,1.00,1.00
2016.12.30 14:28:57.995,1.51671,1.51707,1.00,1.00
2016.12.30 14:28:58.516,1.51669,1.51709,1.00,1.00
2016.12.30 14:28:58.567,1.5167,1.5171,1.00,1.00
2016.12.30 14:28:58.617,1.51675,1.51715,1.50,1.00
2016.12.30 14:28:58.723,1.51675,1.51715,1.00,1.00
2016.12.30 14:28:58.774,1.51677,1.51717,1.50,1.00
2016.12.30 14:28:58.881,1.51677,1.51725,1.00,1.50
2016.12.30 14:28:58.982,1.51677,1.51716,1.00,1.00
2016.12.30 14:28:59.285,1.51682,1.51717,1.00,1.00
2016.12.30 14:28:59.792,1.51682,1.51717,1.00,1.00
2016.12.30 14:29:00.103,1.51684,1.51726,1.50,1.00
2016.12.30 14:29:00.205,1.51684,1.51726,4.00,1.00
2016.12.30 14:29:00.548,1.51685,1.51723,1.00,1.00
2016.12.30 14:29:00.864,1.51685,1.51716,1.00,1.00
2016.12.30 14:29:01.016,1.51683,1.51716,1.00,1.00
2016.12.30 14:29:01.321,1.51683,1.51717,1.00,1.00
2016.12.30 14:29:01.624,1.51684,1.51716,1.00,1.00
2016.12.30 14:29:02.063,1.51684,1.51726,1.00,1.00
2016.12.30 14:29:02.114,1.5169,1.51727,1.00,1.00
2016.12.30 14:29:02.416,1.5169,1.51716,1.00,1.00
2016.12.30 14:29:02.618,1.5169,1.51716,1.00,1.00
2016.12.30 14:29:02.719,1.51689,1.51716,1.00,1.00
2016.12.30 14:29:02.820,1.51689,1.51726,1.00,1.00
2016.12.30 14:29:03.173,1.51689,1.51716,1.00,1.00
2016.12.30 14:29:03.224,1.51689,1.51726,1.00,1.00
2016.12.30 14:29:03.767,1.51689,1.51727,1.00,1.00
2016.12.30 14:29:03.996,1.51687,1.51727,1.00,1.00
2016.12.30 14:29:04.204,1.51687,1.51716,1.00,1.00
2016.12.30 14:29:04.255,1.51687,1.51726,1.00,1.00
2016.12.30 14:29:04.305,1.51681,1.51717,1.00,1.00
2016.12.30 14:29:04.507,1.51681,1.51723,1.00,1.00
2016.12.30 14:29:04.558,1.51681,1.51716,1.00,1.00
2016.12.30 14:29:05.076,1.51681,1.51717,1.00,1.00
2016.12.30 14:29:06.187,1.51681,1.51716,1.00,1.00
2016.12.30 14:29:06.584,1.5168,1.51717,1.00,1.00
2016.12.30 14:29:07.329,1.51678,1.51717,1.00,1.00
2016.12.30 14:29:08.331,1.51678,1.51717,1.00,1.00
2016.12.30 14:29:09.165,1.51678,1.51716,1.00,1.00
2016.12.30 14:29:09.467,1.51679,1.51716,1.00,1.00
2016.12.30 14:29:09.612,1.51679,1.51716,1.00,1.00
2016.12.30 14:29:10.124,1.51679,1.51717,1.00,1.00
2016.12.30 14:29:11.059,1.51679,1.51717,1.00,1.00
2016.12.30 14:29:11.110,1.51679,1.51717,1.00,1.00
2016.12.30 14:29:11.631,1.51679,1.51716,1.00,1.00
2016.12.30 14:29:12.116,1.51679,1.51717,1.00,1.00
2016.12.30 14:29:12.661,1.5168,1.51717,1.00,1.00
2016.12.30 14:29:13.121,1.5168,1.51717,1.00,1.00
2016.12.30 14:29:13.635,1.5168,1.51717,1.00,1.00
2016.12.30 14:29:13.932,1.5168,1.51723,1.00,1.00
2016.12.30 14:29:14.036,1.51682,1.51724,1.00,1.00
2016.12.30 14:29:14.367,1.51682,1.51716,1.00,1.00
2016.12.30 14:29:14.518,1.51682,1.51716,1.00,1.00
2016.12.30 14:29:15.045,1.51682,1.51716,1.00,1.00
2016.12.30 14:29:15.745,1.51682,1.51717,1.00,1.00
2016.12.30 14:29:16.026,1.51682,1.51723,1.00,1.00
2016.12.30 14:29:16.077,1.51682,1.51719,1.00,1.00
2016.12.30 14:29:16.127,1.51682,1.51717,1.00,1.00
2016.12.30 14:29:16.228,1.51678,1.51716,1.00,1.00
2016.12.30 14:29:16.279,1.51678,1.51716,1.00,1.00
2016.12.30 14:29:16.800,1.51679,1.51716,1.00,1.00
2016.12.30 14:29:18.315,1.51679,1.51717,1.00,1.00
2016.12.30 14:29:18.861,1.51679,1.51716,1.00,1.00
2016.12.30 14:29:21.023,1.5168,1.51717,1.00,1.00
2016.12.30 14:29:21.225,1.51684,1.51727,1.00,1.50
2016.12.30 14:29:21.376,1.51684,1.51717,1.00,1.00
2016.12.30 14:29:21.456,1.51684,1.51716,1.00,1.00
2016.12.30 14:29:22.303,1.51682,1.51716,1.50,1.00
2016.12.30 14:29:22.549,1.51682,1.51716,1.00,1.00
2016.12.30 14:29:23.077,1.51682,1.51717,1.00,1.00
2016.12.30 14:29:23.664,1.51682,1.51716,1.00,1.00
2016.12.30 14:29:23.916,1.51682,1.51717,1.00,1.00
2016.12.30 14:29:24.425,1.51682,1.51716,1.00,1.00
2016.12.30 14:29:25.634,1.51684,1.51727,1.50,1.50
2016.12.30 14:29:25.735,1.51687,1.51727,1.00,1.50
2016.12.30 14:29:26.038,1.51687,1.51717,1.00,1.00
2016.12.30 14:29:27.418,1.51687,1.51717,1.00,1.00
2016.12.30 14:29:27.940,1.51681,1.51716,1.00,1.00
2016.12.30 14:29:28.041,1.5168,1.51707,1.00,1.00
2016.12.30 14:29:28.563,1.5168,1.51716,1.00,1.00
2016.12.30 14:29:28.715,1.51681,1.51716,1.00,1.00
2016.12.30 14:29:29.445,1.51681,1.51716,1.00,1.00
2016.12.30 14:29:29.546,1.5168,1.51716,1.00,1.00
2016.12.30 14:29:29.648,1.51677,1.51707,1.00,1.00
2016.12.30 14:29:30.153,1.51676,1.51706,1.00,1.00
2016.12.30 14:29:30.655,1.51676,1.51707,1.00,1.00
2016.12.30 14:29:31.345,1.51674,1.51707,1.00,1.00
2016.12.30 14:29:31.415,1.51674,1.51707,1.00,1.00
2016.12.30 14:29:31.516,1.51674,1.51707,1.00,1.00
2016.12.30 14:29:32.228,1.51674,1.51707,1.00,1.00
2016.12.30 14:29:33.543,1.51674,1.51706,1.50,1.00
2016.12.30 14:29:33.854,1.51674,1.51706,2.50,1.00
2016.12.30 14:29:36.829,1.51674,1.51707,1.00,1.00
2016.12.30 14:29:37.788,1.51674,1.51706,1.00,1.00
2016.12.30 14:29:37.839,1.51674,1.51706,1.50,1.00
2016.12.30 14:29:38.386,1.51674,1.51706,1.00,1.00
2016.12.30 14:29:38.437,1.51673,1.51707,1.00,1.00
2016.12.30 14:29:38.538,1.51671,1.51707,1.00,1.00
2016.12.30 14:29:38.690,1.5167,1.51701,1.50,1.00
2016.12.30 14:29:39.047,1.5167,1.51696,1.50,1.00
2016.12.30 14:29:39.643,1.5167,1.51696,1.00,1.00
2016.12.30 14:29:39.845,1.5167,1.51707,1.00,1.00
2016.12.30 14:29:40.300,1.51664,1.51697,1.50,1.00
2016.12.30 14:29:40.662,1.51664,1.51696,1.00,1.00
2016.12.30 14:29:41.499,1.51664,1.51697,1.00,1.00
2016.12.30 14:29:41.550,1.51664,1.51705,2.25,1.00
2016.12.30 14:29:41.601,1.51667,1.51706,2.50,1.50
2016.12.30 14:29:41.954,1.5167,1.51705,1.50,1.00
2016.12.30 14:29:42.251,1.5167,1.51707,1.00,1.00
2016.12.30 14:29:42.352,1.5167,1.51706,1.00,1.00
2016.12.30 14:29:42.840,1.51669,1.51706,1.50,1.00
2016.12.30 14:29:43.153,1.51669,1.51706,2.50,1.00
2016.12.30 14:29:45.095,1.51673,1.51706,1.50,1.00
2016.12.30 14:29:45.429,1.51672,1.51704,1.00,1.00
2016.12.30 14:29:45.580,1.51666,1.51707,1.00,1.00
2016.12.30 14:29:45.732,1.51665,1.51697,2.25,1.00
2016.12.30 14:29:46.240,1.51665,1.51696,3.00,1.00
2016.12.30 14:29:46.342,1.51663,1.51706,1.00,1.00
2016.12.30 14:29:46.393,1.51663,1.51701,1.00,1.00
2016.12.30 14:29:46.713,1.51663,1.51686,1.00,1.00
2016.12.30 14:29:46.764,1.5166,1.51686,1.50,1.00
2016.12.30 14:29:46.915,1.5166,1.51696,1.00,1.00
2016.12.30 14:29:46.966,1.51659,1.51693,1.00,1.00
2016.12.30 14:29:47.281,1.51658,1.51689,1.00,1.00
2016.12.30 14:29:47.426,1.51656,1.51689,2.25,1.00
2016.12.30 14:29:47.478,1.51652,1.5169,1.00,1.00
2016.12.30 14:29:47.629,1.51652,1.51686,1.00,1.00
2016.12.30 14:29:47.781,1.5165,1.51687,1.00,1.00
2016.12.30 14:29:47.963,1.5165,1.51687,1.00,1.00
2016.12.30 14:29:48.266,1.5165,1.51686,1.00,1.00
2016.12.30 14:29:48.468,1.5165,1.51686,1.00,1.00
2016.12.30 14:29:48.519,1.5165,1.51676,1.00,1.00
2016.12.30 14:29:49.424,1.5165,1.51677,1.00,1.00
2016.12.30 14:29:49.989,1.5165,1.51676,1.00,1.00
2016.12.30 14:29:50.039,1.51648,1.51677,1.00,1.00
2016.12.30 14:29:50.141,1.51642,1.51677,1.00,1.00
2016.12.30 14:29:50.292,1.51642,1.51685,1.00,1.00
2016.12.30 14:29:50.424,1.51642,1.51682,1.00,1.00
2016.12.30 14:29:50.475,1.51641,1.51682,1.00,1.00
2016.12.30 14:29:50.525,1.51641,1.51677,1.00,1.50
2016.12.30 14:29:50.576,1.51639,1.51676,1.00,1.00
2016.12.30 14:29:50.778,1.51639,1.51676,1.00,1.00
2016.12.30 14:29:51.182,1.51631,1.51676,1.00,1.00
2016.12.30 14:29:51.283,1.5163,1.51667,1.00,1.00
2016.12.30 14:29:51.485,1.51628,1.51666,1.00,1.00
2016.12.30 14:29:51.672,1.51625,1.51666,1.00,1.00
2016.12.30 14:29:52.208,1.51625,1.51665,1.50,1.00
2016.12.30 14:29:52.258,1.51625,1.51665,1.00,1.00
2016.12.30 14:29:52.803,1.51625,1.51667,1.00,1.00
2016.12.30 14:29:53.244,1.51625,1.51666,1.00,1.00
2016.12.30 14:29:53.851,1.51625,1.51666,1.00,1.00
2016.12.30 14:29:54.002,1.51625,1.5167,1.00,1.00
2016.12.30 14:29:54.172,1.51625,1.51669,1.00,1.00
2016.12.30 14:29:54.244,1.51625,1.51666,1.00,1.00
2016.12.30 14:29:54.561,1.51625,1.51666,1.00,1.00
2016.12.30 14:29:54.753,1.51618,1.51656,1.00,1.00
2016.12.30 14:29:55.290,1.51618,1.51657,1.00,1.00
2016.12.30 14:29:56.551,1.51618,1.51656,1.00,1.00
2016.12.30 14:29:56.702,1.51621,1.51666,1.50,1.00
2016.12.30 14:29:56.818,1.51621,1.51656,1.00,1.00
2016.12.30 14:29:56.869,1.51621,1.51666,2.50,1.00
2016.12.30 14:29:57.045,1.51621,1.51657,1.00,1.00
2016.12.30 14:29:57.604,1.51621,1.51666,2.50,1.50
2016.12.30 14:29:58.116,1.51621,1.51666,2.50,1.50
2016.12.30 14:29:58.719,1.51623,1.51667,1.50,1.00
2016.12.30 14:29:58.770,1.51623,1.51665,2.50,1.00
2016.12.30 14:29:59.763,1.51623,1.51667,2.50,1.00
2016.12.30 14:30:00.166,1.51623,1.51665,2.50,1.00
2016.12.30 14:30:00.510,1.51629,1.51665,1.50,1.00
2016.12.30 14:30:00.814,1.51637,1.51672,1.00,1.00
2016.12.30 14:30:00.865,1.51637,1.51677,1.00,1.50
2016.12.30 14:30:01.279,1.51637,1.51677,1.00,1.00
2016.12.30 14:30:01.774,1.51637,1.51676,1.00,1.00
2016.12.30 14:30:02.178,1.51637,1.51676,1.00,1.00
2016.12.30 14:30:02.481,1.51637,1.51677,1.00,1.00
2016.12.30 14:30:02.783,1.51637,1.51677,1.00,1.00
2016.12.30 14:30:03.170,1.51636,1.51677,1.00,1.50
2016.12.30 14:30:03.321,1.51638,1.51676,1.00,1.00
2016.12.30 14:30:03.725,1.5164,1.51676,1.00,1.00
2016.12.30 14:30:03.826,1.5164,1.51676,1.00,1.00
2016.12.30 14:30:03.877,1.51642,1.51676,1.50,1.00
2016.12.30 14:30:04.028,1.51642,1.51676,1.00,1.00
2016.12.30 14:30:04.079,1.51642,1.51676,1.00,1.00
2016.12.30 14:30:04.180,1.51642,1.51679,2.50,1.00
2016.12.30 14:30:04.452,1.51642,1.5168,1.50,1.00
2016.12.30 14:30:04.548,1.51642,1.51677,1.50,1.00
2016.12.30 14:30:05.303,1.51642,1.51677,1.00,1.50
2016.12.30 14:30:05.404,1.51639,1.51677,1.00,1.50
2016.12.30 14:30:05.455,1.51636,1.51677,1.00,1.50
2016.12.30 14:30:05.505,1.51636,1.51677,1.00,1.50
2016.12.30 14:30:05.808,1.5164,1.51676,1.00,1.00
2016.12.30 14:30:06.257,1.51634,1.51676,1.00,1.50
2016.12.30 14:30:06.308,1.5163,1.51676,1.00,1.50
2016.12.30 14:30:06.409,1.5163,1.51676,1.00,1.50
2016.12.30 14:30:06.721,1.5163,1.51673,4.50,1.00
2016.12.30 14:30:06.822,1.51634,1.51679,1.50,1.00
2016.12.30 14:30:06.923,1.51635,1.51677,1.50,1.00
2016.12.30 14:30:07.127,1.51635,1.51676,1.00,1.00
2016.12.30 14:30:07.197,1.51635,1.51677,1.00,1.00
2016.12.30 14:30:07.391,1.51637,1.51676,1.50,1.00
2016.12.30 14:30:08.112,1.5164,1.51677,1.00,1.00
2016.12.30 14:30:08.431,1.5164,1.51676,1.00,1.00
2016.12.30 14:30:08.482,1.51642,1.51676,1.00,1.00
2016.12.30 14:30:08.583,1.51642,1.51676,1.00,1.00
2016.12.30 14:30:08.634,1.51642,1.51676,1.00,1.00
2016.12.30 14:30:09.160,1.51641,1.51676,1.50,1.00
2016.12.30 14:30:09.211,1.51641,1.51676,1.00,1.00
2016.12.30 14:30:09.661,1.51641,1.51676,1.00,1.00
2016.12.30 14:30:09.762,1.51641,1.51677,1.00,1.00
2016.12.30 14:30:10.098,1.51633,1.51667,1.00,1.00
2016.12.30 14:30:10.199,1.51626,1.51659,1.00,1.00
2016.12.30 14:30:10.401,1.51626,1.51666,1.00,1.00
2016.12.30 14:30:10.452,1.51626,1.51674,1.00,1.00
2016.12.30 14:30:10.503,1.51626,1.51656,1.00,1.00
2016.12.30 14:30:10.606,1.51623,1.51666,1.00,1.00
2016.12.30 14:30:10.658,1.51623,1.51656,1.00,1.00
2016.12.30 14:30:10.708,1.51623,1.51666,1.00,1.00
2016.12.30 14:30:10.759,1.51623,1.51675,1.50,2.25
2016.12.30 14:30:10.809,1.51623,1.51673,1.00,1.00
2016.12.30 14:30:11.150,1.51621,1.51657,1.00,1.00
2016.12.30 14:30:11.251,1.51621,1.51666,1.50,1.00
2016.12.30 14:30:11.301,1.51621,1.51666,1.00,1.00
2016.12.30 14:30:11.604,1.51625,1.51666,1.00,1.00
2016.12.30 14:30:11.956,1.51627,1.51666,1.00,1.00
2016.12.30 14:30:12.500,1.51627,1.51666,1.00,1.00
2016.12.30 14:30:12.702,1.51627,1.51666,1.00,1.00
2016.12.30 14:30:13.129,1.51628,1.51667,2.50,1.00
2016.12.30 14:30:13.333,1.51626,1.51665,1.00,1.00
2016.12.30 14:30:13.383,1.51626,1.51661,1.00,1.00
2016.12.30 14:30:13.635,1.51621,1.51657,1.00,1.00
2016.12.30 14:30:13.820,1.51617,1.51656,1.00,1.00
2016.12.30 14:30:13.871,1.51617,1.51661,2.50,1.00
2016.12.30 14:30:13.922,1.51619,1.51666,2.50,1.00
2016.12.30 14:30:13.972,1.51619,1.51657,1.00,1.00
2016.12.30 14:30:14.023,1.51619,1.51666,1.50,1.00
2016.12.30 14:30:14.124,1.51624,1.51666,1.00,1.00
2016.12.30 14:30:14.225,1.51624,1.51666,1.00,1.00
2016.12.30 14:30:14.377,1.51624,1.51667,1.00,1.00
2016.12.30 14:30:14.528,1.51624,1.51666,1.00,1.00
2016.12.30 14:30:14.679,1.51624,1.51666,1.00,1.00
2016.12.30 14:30:15.115,1.51624,1.51666,1.00,1.00
2016.12.30 14:30:15.513,1.51627,1.51666,1.00,1.00
2016.12.30 14:30:15.874,1.51628,1.51668,1.00,1.00
2016.12.30 14:30:15.975,1.51628,1.51666,1.00,1.00
2016.12.30 14:30:16.077,1.51628,1.51667,1.00,1.00
2016.12.30 14:30:16.178,1.51624,1.51673,1.00,1.00
2016.12.30 14:30:16.279,1.51624,1.51673,1.00,1.00
2016.12.30 14:30:16.330,1.51624,1.51675,1.00,1.00
2016.12.30 14:30:16.727,1.51624,1.51667,1.00,1.00
2016.12.30 14:30:16.777,1.51624,1.51667,1.00,1.50
2016.12.30 14:30:16.828,1.51618,1.51665,1.00,1.00
2016.12.30 14:30:16.929,1.51615,1.51663,1.00,1.00
2016.12.30 14:30:17.030,1.51615,1.51663,1.00,1.00
2016.12.30 14:30:17.081,1.51615,1.51669,3.00,1.50
2016.12.30 14:30:17.132,1.51618,1.51647,1.00,1.00
2016.12.30 14:30:17.183,1.51618,1.51657,1.00,1.00
2016.12.30 14:30:17.238,1.51618,1.51657,1.00,1.00
2016.12.30 14:30:17.339,1.51617,1.51656,1.50,1.00
2016.12.30 14:30:17.390,1.51617,1.51656,2.50,1.00
2016.12.30 14:30:17.740,1.51618,1.51656,1.50,1.00
2016.12.30 14:30:17.801,1.51618,1.51657,2.50,1.00
2016.12.30 14:30:17.933,1.51618,1.51657,1.50,1.00
2016.12.30 14:30:18.437,1.51618,1.51656,1.00,1.00
2016.12.30 14:30:19.030,1.51617,1.51656,1.00,1.00
2016.12.30 14:30:19.243,1.51617,1.51646,1.50,1.00
2016.12.30 14:30:19.313,1.51617,1.51656,1.50,1.00
2016.12.30 14:30:19.534,1.51617,1.51647,1.00,1.00
2016.12.30 14:30:19.942,1.51617,1.51647,1.00,1.00
2016.12.30 14:30:20.043,1.51617,1.51647,1.00,1.00
2016.12.30 14:30:20.144,1.51616,1.51647,1.50,1.00
2016.12.30 14:30:20.656,1.51616,1.51657,1.50,1.00
2016.12.30 14:30:20.706,1.51617,1.51657,1.00,1.00
2016.12.30 14:30:21.009,1.51617,1.51647,1.00,1.00
2016.12.30 14:30:21.059,1.51617,1.51647,1.00,1.00
2016.12.30 14:30:21.236,1.51617,1.51647,1.00,1.00
2016.12.30 14:30:21.774,1.51618,1.51647,1.00,1.00
2016.12.30 14:30:21.913,1.51618,1.51656,1.00,1.00
2016.12.30 14:30:22.443,1.51619,1.51656,1.00,1.00
2016.12.30 14:30:22.645,1.51619,1.51646,1.50,1.00
2016.12.30 14:30:22.746,1.51618,1.51646,1.00,1.00
2016.12.30 14:30:23.083,1.51612,1.51647,1.00,1.00
2016.12.30 14:30:23.134,1.51612,1.51656,1.00,1.00
2016.12.30 14:30:23.335,1.51614,1.51656,1.50,1.00
2016.12.30 14:30:23.638,1.5162,1.51656,1.50,1.00
2016.12.30 14:30:23.962,1.51621,1.51656,2.50,1.00
2016.12.30 14:30:24.331,1.51624,1.51656,1.00,1.00
2016.12.30 14:30:25.712,1.51624,1.51667,1.00,1.00
2016.12.30 14:30:27.252,1.51624,1.51667,1.00,1.00
2016.12.30 14:30:27.453,1.51624,1.51667,1.00,1.00
2016.12.30 14:30:27.655,1.51624,1.51656,1.00,1.00
2016.12.30 14:30:28.109,1.51624,1.51657,1.00,1.00
2016.12.30 14:30:28.427,1.51624,1.51657,1.00,1.00
2016.12.30 14:30:28.831,1.51624,1.51666,1.00,1.00
2016.12.30 14:30:29.134,1.51624,1.51667,1.00,1.00
2016.12.30 14:30:29.437,1.51624,1.51667,1.00,1.00
2016.12.30 14:30:30.947,1.51624,1.51666,2.50,1.00
2016.12.30 14:30:31.831,1.51626,1.51666,1.00,1.00
2016.12.30 14:30:33.347,1.51626,1.51667,1.00,1.00
2016.12.30 14:30:33.448,1.51625,1.51666,1.00,1.00
2016.12.30 14:30:33.679,1.51623,1.51665,1.50,1.00
2016.12.30 14:30:34.057,1.51623,1.51665,1.00,1.00
2016.12.30 14:30:34.677,1.51623,1.51666,1.00,1.50
2016.12.30 14:30:34.941,1.51623,1.51668,1.50,1.00
2016.12.30 14:30:35.298,1.51624,1.51665,1.50,1.00
2016.12.30 14:30:35.784,1.51625,1.51666,1.50,1.00
2016.12.30 14:30:35.986,1.51625,1.51669,2.50,1.00
2016.12.30 14:30:36.238,1.51625,1.51669,2.50,1.00
2016.12.30 14:30:36.289,1.51625,1.51666,1.00,1.00
2016.12.30 14:30:36.831,1.51625,1.51665,1.00,1.00
2016.12.30 14:30:37.039,1.51624,1.51666,1.50,1.50
2016.12.30 14:30:37.090,1.51624,1.51657,1.00,1.00
2016.12.30 14:30:37.141,1.51617,1.51658,1.50,1.00
2016.12.30 14:30:37.495,1.51613,1.51657,1.00,1.50
2016.12.30 14:30:37.546,1.51613,1.51651,1.00,1.00
2016.12.30 14:30:38.047,1.51613,1.51651,1.00,1.00
2016.12.30 14:30:38.592,1.51613,1.51652,1.00,1.00
2016.12.30 14:30:39.120,1.51613,1.51652,1.00,1.00
2016.12.30 14:30:39.322,1.51611,1.51651,1.50,1.00
2016.12.30 14:30:39.584,1.51611,1.51652,1.00,1.00
2016.12.30 14:30:39.685,1.51611,1.51652,1.50,1.00
2016.12.30 14:30:40.038,1.51611,1.51652,1.00,1.00
2016.12.30 14:30:40.631,1.51612,1.51651,2.50,1.00
2016.12.30 14:30:40.682,1.51615,1.51656,2.50,1.00
2016.12.30 14:30:40.733,1.5162,1.51667,1.00,1.00
2016.12.30 14:30:40.835,1.51627,1.51667,1.00,1.00
2016.12.30 14:30:41.356,1.51627,1.51666,1.00,1.00
2016.12.30 14:30:41.458,1.51627,1.51671,1.00,1.00
2016.12.30 14:30:41.659,1.51631,1.5167,1.50,1.00
2016.12.30 14:30:41.710,1.51631,1.51673,1.50,1.00
2016.12.30 14:30:41.761,1.51633,1.51673,1.50,1.00
2016.12.30 14:30:42.085,1.51649,1.5169,1.00,1.00
2016.12.30 14:30:42.388,1.51649,1.51687,1.00,1.00
2016.12.30 14:30:42.920,1.51649,1.51688,1.50,1.00
2016.12.30 14:30:43.558,1.5165,1.51688,1.00,1.00
2016.12.30 14:30:44.240,1.51651,1.51687,1.50,1.00
2016.12.30 14:30:44.342,1.51652,1.51696,1.50,1.00
2016.12.30 14:30:44.442,1.51656,1.51706,2.50,1.00
2016.12.30 14:30:44.544,1.51661,1.51706,1.00,1.00
2016.12.30 14:30:44.882,1.51658,1.51695,1.00,1.00
2016.12.30 14:30:44.933,1.51656,1.51695,1.00,1.00
2016.12.30 14:30:45.034,1.51656,1.51693,1.00,1.00
2016.12.30 14:30:45.401,1.51656,1.51687,1.00,1.00
2016.12.30 14:30:45.854,1.51653,1.51687,1.00,1.00
2016.12.30 14:30:46.380,1.51653,1.51688,1.00,1.00
2016.12.30 14:30:46.932,1.51653,1.51687,1.00,1.00
2016.12.30 14:30:47.484,1.51653,1.51688,1.00,1.00
2016.12.30 14:30:47.991,1.51653,1.51687,1.00,1.00
2016.12.30 14:30:48.562,1.51652,1.51687,1.50,1.00
2016.12.30 14:30:48.770,1.51652,1.51687,1.00,1.00
2016.12.30 14:30:48.972,1.51652,1.51686,1.00,1.00
2016.12.30 14:30:49.058,1.51652,1.51687,1.00,1.50
2016.12.30 14:30:49.639,1.51652,1.51686,1.00,1.00
2016.12.30 14:30:52.272,1.51652,1.51687,1.00,1.00
2016.12.30 14:30:52.811,1.51652,1.51687,1.00,1.00
2016.12.30 14:30:52.962,1.51652,1.51686,1.00,1.00
2016.12.30 14:30:53.114,1.51652,1.51692,1.00,1.00
2016.12.30 14:30:53.165,1.51652,1.51687,1.00,1.50
2016.12.30 14:30:54.453,1.51652,1.51687,1.00,1.50
2016.12.30 14:30:54.760,1.5165,1.51687,1.00,1.00
2016.12.30 14:30:54.810,1.5165,1.51677,1.00,1.00
2016.12.30 14:30:54.861,1.51647,1.51677,1.00,1.00
2016.12.30 14:30:54.963,1.51645,1.51677,1.00,1.00
2016.12.30 14:30:55.794,1.51645,1.51676,1.00,1.00
2016.12.30 14:30:55.946,1.51645,1.51666,1.00,1.00
2016.12.30 14:30:56.029,1.51638,1.51666,1.00,1.00
2016.12.30 14:30:56.080,1.51634,1.51676,2.85,1.00
2016.12.30 14:30:56.181,1.51634,1.51667,1.00,1.00
2016.12.30 14:30:56.283,1.51631,1.51667,1.00,1.00
2016.12.30 14:30:56.384,1.51629,1.51667,1.50,1.00
2016.12.30 14:30:56.470,1.51629,1.51667,1.00,1.00
2016.12.30 14:30:56.805,1.51629,1.51665,1.00,1.00
2016.12.30 14:30:56.856,1.51629,1.51676,2.50,1.00
2016.12.30 14:30:56.957,1.51629,1.51676,1.00,1.00
2016.12.30 14:30:57.061,1.51629,1.51676,1.00,1.00
2016.12.30 14:30:57.492,1.51629,1.51672,1.50,1.00
2016.12.30 14:30:57.794,1.51629,1.51665,1.50,1.00
2016.12.30 14:30:58.362,1.51629,1.51666,1.50,1.00
2016.12.30 14:31:00.128,1.51632,1.51666,1.50,1.00
2016.12.30 14:31:00.280,1.5163,1.51666,1.00,1.00
2016.12.30 14:31:00.703,1.51626,1.51666,1.00,1.00
2016.12.30 14:31:00.754,1.51625,1.51657,1.00,1.00
2016.12.30 14:31:00.855,1.51623,1.51657,1.00,1.00
2016.12.30 14:31:00.956,1.51621,1.51657,1.00,1.00
2016.12.30 14:31:01.279,1.51621,1.51665,3.00,1.00
2016.12.30 14:31:01.380,1.51623,1.5167,1.50,1.00
2016.12.30 14:31:01.465,1.51626,1.5167,1.00,1.00
2016.12.30 14:31:01.566,1.51626,1.51675,1.00,1.00
2016.12.30 14:31:01.810,1.5163,1.51676,1.00,1.50
2016.12.30 14:31:01.911,1.5163,1.51676,1.00,1.00
2016.12.30 14:31:01.962,1.5163,1.51676,1.50,1.00
2016.12.30 14:31:02.265,1.51635,1.51673,1.50,1.00
2016.12.30 14:31:02.851,1.51636,1.51682,1.50,1.00
2016.12.30 14:31:03.053,1.51636,1.51677,1.00,1.00
2016.12.30 14:31:03.241,1.51636,1.51682,1.50,1.00
2016.12.30 14:31:03.393,1.51636,1.51682,2.50,1.00
2016.12.30 14:31:03.696,1.51636,1.51686,2.50,1.00
2016.12.30 14:31:03.747,1.51638,1.51687,1.50,1.00
2016.12.30 14:31:04.049,1.51642,1.51686,1.50,1.00
2016.12.30 14:31:04.592,1.51642,1.51687,1.00,1.00
2016.12.30 14:31:04.680,1.51642,1.51677,1.00,1.00
2016.12.30 14:31:04.731,1.51639,1.51677,1.50,1.00
2016.12.30 14:31:04.782,1.51637,1.51677,1.50,1.00
2016.12.30 14:31:04.883,1.51637,1.5168,1.00,1.00
2016.12.30 14:31:05.034,1.51637,1.51685,1.50,1.00
2016.12.30 14:31:05.135,1.51637,1.51677,2.25,1.00
2016.12.30 14:31:05.857,1.51637,1.51671,1.00,1.00
2016.12.30 14:31:06.008,1.51624,1.51671,1.00,2.25
2016.12.30 14:31:06.059,1.51623,1.51667,1.00,1.00
2016.12.30 14:31:06.581,1.51622,1.51666,1.00,1.50
2016.12.30 14:31:06.889,1.51622,1.51661,1.00,1.00
2016.12.30 14:31:07.206,1.51622,1.51662,1.00,1.00
2016.12.30 14:31:07.358,1.51623,1.51667,2.50,1.00
2016.12.30 14:31:07.776,1.51625,1.51661,1.00,1.00
2016.12.30 14:31:08.078,1.51625,1.51667,1.00,1.00
2016.12.30 14:31:08.129,1.51628,1.51667,1.00,1.00
2016.12.30 14:31:08.281,1.51628,1.51676,1.00,1.00
2016.12.30 14:31:08.382,1.51629,1.51676,1.00,1.00
2016.12.30 14:31:08.684,1.51631,1.51676,1.00,1.00
2016.12.30 14:31:08.995,1.51632,1.51671,1.00,1.00
2016.12.30 14:31:09.197,1.51632,1.51676,1.00,1.00
2016.12.30 14:31:09.398,1.51632,1.51676,1.50,1.00
2016.12.30 14:31:09.852,1.51632,1.51666,1.00,1.00
2016.12.30 14:31:09.953,1.51632,1.5167,1.00,1.00
2016.12.30 14:31:10.276,1.51624,1.51671,1.50,1.00
2016.12.30 14:31:10.377,1.51624,1.51666,1.00,1.00
2016.12.30 14:31:10.698,1.51624,1.51666,1.00,1.00
2016.12.30 14:31:10.799,1.51624,1.51666,1.00,1.00
2016.12.30 14:31:11.000,1.51621,1.51667,1.00,1.50
2016.12.30 14:31:11.838,1.5162,1.51663,1.00,1.00
2016.12.30 14:31:11.939,1.51618,1.51662,1.00,1.00
2016.12.30 14:31:11.990,1.51616,1.51662,1.00,1.00
2016.12.30 14:31:12.141,1.51616,1.51656,1.00,1.00
2016.12.30 14:31:12.242,1.51616,1.51662,1.00,1.00
2016.12.30 14:31:12.292,1.51616,1.51662,1.00,1.00
2016.12.30 14:31:12.595,1.51616,1.51656,1.00,1.00
2016.12.30 14:31:13.023,1.51618,1.51656,1.00,1.00
2016.12.30 14:31:13.075,1.51624,1.51671,1.00,1.00
2016.12.30 14:31:13.126,1.51624,1.51666,1.00,1.00
2016.12.30 14:31:13.177,1.51624,1.51666,1.00,1.00
2016.12.30 14:31:13.346,1.51624,1.51667,1.00,1.00
2016.12.30 14:31:13.447,1.51627,1.51672,1.00,1.00
2016.12.30 14:31:13.962,1.51627,1.51674,1.00,1.00
2016.12.30 14:31:14.840,1.51627,1.51675,1.00,1.00
2016.12.30 14:31:14.941,1.51627,1.51677,1.00,1.00
2016.12.30 14:31:16.461,1.51628,1.51676,1.50,1.00
2016.12.30 14:31:17.055,1.51628,1.51676,2.50,1.00
2016.12.30 14:31:17.761,1.51628,1.51675,1.50,1.00
2016.12.30 14:31:18.877,1.51628,1.51674,1.50,1.00
2016.12.30 14:31:20.606,1.51628,1.51674,1.50,1.00
2016.12.30 14:31:21.382,1.51628,1.51675,1.50,1.00
2016.12.30 14:31:21.529,1.51628,1.51667,1.00,1.00
2016.12.30 14:31:21.915,1.51628,1.51667,1.50,1.00
2016.12.30 14:31:22.389,1.51628,1.51666,1.00,1.00
2016.12.30 14:31:23.215,1.51628,1.51667,2.50,1.00
2016.12.30 14:31:23.266,1.51629,1.51669,1.50,1.00
2016.12.30 14:31:23.317,1.5163,1.51672,1.50,1.00
2016.12.30 14:31:23.418,1.5163,1.51676,1.00,1.00
2016.12.30 14:31:23.650,1.5163,1.51673,1.00,1.00
2016.12.30 14:31:24.219,1.5163,1.51673,1.00,1.00
2016.12.30 14:31:24.739,1.5163,1.51674,1.00,1.00
2016.12.30 14:31:25.534,1.5163,1.51666,1.00,1.00
2016.12.30 14:31:25.636,1.5163,1.51665,1.50,1.00
2016.12.30 14:31:26.840,1.5163,1.51666,1.00,1.50
2016.12.30 14:31:27.237,1.5163,1.51667,2.50,1.00
2016.12.30 14:31:27.288,1.51631,1.51677,1.00,2.25
2016.12.30 14:31:27.471,1.51635,1.51677,1.50,1.00
2016.12.30 14:31:27.789,1.51638,1.51684,1.50,1.00
2016.12.30 14:31:27.840,1.51638,1.51684,2.50,1.00
2016.12.30 14:31:28.168,1.51638,1.51679,1.50,1.00
2016.12.30 14:31:29.095,1.5164,1.5168,1.50,1.00
2016.12.30 14:31:29.516,1.5164,1.51679,2.50,1.00
2016.12.30 14:31:30.025,1.51642,1.51676,1.50,1.00
2016.12.30 14:31:30.126,1.5164,1.51676,1.00,1.00
2016.12.30 14:31:31.351,1.5164,1.51677,1.00,1.00
2016.12.30 14:31:31.452,1.51637,1.51673,1.00,1.00
2016.12.30 14:31:31.503,1.51635,1.51673,1.00,1.00
2016.12.30 14:31:31.840,1.51635,1.51676,1.00,1.00
2016.12.30 14:31:32.389,1.51635,1.51674,1.00,1.00
2016.12.30 14:31:32.463,1.51634,1.51673,1.00,1.00
2016.12.30 14:31:32.723,1.51634,1.51673,1.00,1.00
2016.12.30 14:31:33.026,1.51633,1.51673,1.50,1.00
2016.12.30 14:31:33.076,1.51633,1.51669,1.50,1.00
2016.12.30 14:31:33.329,1.51628,1.51666,1.00,1.50
2016.12.30 14:31:33.908,1.51628,1.51666,1.00,1.00
2016.12.30 14:31:34.864,1.51628,1.51665,1.00,1.00
2016.12.30 14:31:35.579,1.51628,1.51666,1.00,1.50
2016.12.30 14:31:35.733,1.51628,1.51666,1.50,1.50
2016.12.30 14:31:36.381,1.51628,1.51665,1.00,1.00
2016.12.30 14:31:38.113,1.51628,1.51665,1.00,1.00
2016.12.30 14:31:38.214,1.51626,1.51666,1.00,1.50
2016.12.30 14:31:38.265,1.51626,1.51664,1.00,1.00
2016.12.30 14:31:38.568,1.51627,1.51674,1.00,1.00
2016.12.30 14:31:38.669,1.51627,1.51667,1.00,1.00
2016.12.30 14:31:39.008,1.5163,1.51667,1.00,1.00
2016.12.30 14:31:39.540,1.5163,1.51667,1.00,1.00
2016.12.30 14:31:39.605,1.5163,1.51667,1.00,1.00
2016.12.30 14:31:40.465,1.5163,1.51669,1.00,1.00
2016.12.30 14:31:40.517,1.5163,1.51667,1.00,1.00
2016.12.30 14:31:40.618,1.51621,1.51666,1.00,1.50
2016.12.30 14:31:40.669,1.51621,1.51663,1.00,1.00
2016.12.30 14:31:40.971,1.51621,1.51664,1.00,1.00
2016.12.30 14:31:41.072,1.51622,1.51667,1.00,1.00
2016.12.30 14:31:41.173,1.51622,1.51657,1.00,1.00
2016.12.30 14:31:42.190,1.51624,1.51665,1.50,1.00
2016.12.30 14:31:42.331,1.51625,1.51667,1.00,1.00
2016.12.30 14:31:42.652,1.51631,1.51666,1.00,1.00
2016.12.30 14:31:42.854,1.51631,1.51666,1.00,1.00
2016.12.30 14:31:43.092,1.51631,1.51672,1.00,1.00
2016.12.30 14:31:43.345,1.51631,1.51673,1.00,1.00
2016.12.30 14:31:43.647,1.51631,1.51666,1.00,1.00
2016.12.30 14:31:44.235,1.51631,1.51666,1.00,1.00
2016.12.30 14:31:44.645,1.51631,1.51667,1.00,1.00
2016.12.30 14:31:44.950,1.51631,1.51672,1.00,1.00
2016.12.30 14:31:45.159,1.51631,1.51672,1.00,1.00
2016.12.30 14:31:45.742,1.51631,1.51672,1.00,1.00
2016.12.30 14:31:46.723,1.51631,1.51673,1.00,1.00
2016.12.30 14:31:47.273,1.51631,1.51672,1.00,1.00
2016.12.30 14:31:47.329,1.5163,1.5167,1.00,1.00
2016.12.30 14:31:47.409,1.5163,1.51666,1.00,1.00
2016.12.30 14:31:47.661,1.51626,1.51665,1.00,1.00
2016.12.30 14:31:48.201,1.51626,1.51665,1.00,1.00
2016.12.30 14:31:48.353,1.51626,1.51665,1.00,1.00
2016.12.30 14:31:49.060,1.51626,1.51666,1.00,1.50
2016.12.30 14:31:49.608,1.51626,1.51665,1.00,1.00
2016.12.30 14:31:50.020,1.51626,1.51665,1.50,1.00
2016.12.30 14:31:50.071,1.51626,1.51665,1.00,1.00
2016.12.30 14:31:50.172,1.51629,1.51673,1.00,1.00
2016.12.30 14:31:50.223,1.51634,1.51673,1.00,1.00
2016.12.30 14:31:50.273,1.51634,1.51676,1.00,1.00
2016.12.30 14:31:50.324,1.51634,1.51676,1.00,1.00
2016.12.30 14:31:50.786,1.51634,1.51667,1.00,1.00
2016.12.30 14:31:51.394,1.51634,1.51666,1.00,1.00
2016.12.30 14:31:51.464,1.51634,1.51667,1.00,1.00
2016.12.30 14:31:51.565,1.51632,1.51667,1.00,1.00
2016.12.30 14:31:51.991,1.51632,1.51673,1.00,1.00
2016.12.30 14:31:52.042,1.51632,1.51673,1.00,1.00
2016.12.30 14:31:52.345,1.51632,1.51667,1.00,1.00
2016.12.30 14:31:53.074,1.51632,1.51666,1.00,1.00
2016.12.30 14:31:54.019,1.51632,1.51676,1.00,1.50
2016.12.30 14:31:54.120,1.51632,1.51676,1.00,1.00
2016.12.30 14:31:54.422,1.51636,1.51666,1.00,1.00
2016.12.30 14:31:54.473,1.51636,1.51666,1.00,1.00
2016.12.30 14:31:54.574,1.51636,1.51676,1.00,1.00
2016.12.30 14:31:54.734,1.51636,1.51666,1.00,1.00
2016.12.30 14:31:54.937,1.51636,1.51676,1.00,1.00
2016.12.30 14:31:54.987,1.51636,1.51673,1.00,1.00
2016.12.30 14:31:55.322,1.51632,1.51667,1.00,1.00
2016.12.30 14:31:59.429,1.51632,1.51667,1.00,1.00
2016.12.30 14:31:59.731,1.51632,1.51667,1.00,1.00
2016.12.30 14:32:00.282,1.51632,1.51666,1.00,1.00
2016.12.30 14:32:01.434,1.51632,1.51666,1.00,1.00
2016.12.30 14:32:01.585,1.51632,1.51673,1.50,1.00
2016.12.30 14:32:01.636,1.51637,1.51676,1.00,1.00
2016.12.30 14:32:01.687,1.51637,1.51682,1.00,1.00
2016.12.30 14:32:01.738,1.51639,1.51677,1.50,1.00
2016.12.30 14:32:02.083,1.51639,1.51676,1.00,1.00
2016.12.30 14:32:02.184,1.51637,1.51676,1.00,1.00
2016.12.30 14:32:02.286,1.51634,1.51666,1.00,1.00
2016.12.30 14:32:02.337,1.51634,1.51675,1.00,1.50
2016.12.30 14:32:02.387,1.51628,1.51668,1.00,1.50
2016.12.30 14:32:02.699,1.51628,1.51663,1.00,1.00
2016.12.30 14:32:02.936,1.51624,1.51662,1.00,1.00
2016.12.30 14:32:03.127,1.51621,1.51659,1.00,1.00
2016.12.30 14:32:03.178,1.51617,1.51659,1.00,1.50
2016.12.30 14:32:03.330,1.51617,1.51656,1.00,1.00
2016.12.30 14:32:03.733,1.51617,1.51652,1.00,1.00
2016.12.30 14:32:03.935,1.51617,1.51659,1.00,1.00
2016.12.30 14:32:04.036,1.51617,1.51657,1.00,1.00
2016.12.30 14:32:04.152,1.51616,1.51656,1.00,1.00
2016.12.30 14:32:04.694,1.51616,1.51653,1.00,1.00
2016.12.30 14:32:04.795,1.51616,1.51656,1.00,1.00
2016.12.30 14:32:04.997,1.51616,1.51652,1.00,1.00
2016.12.30 14:32:05.249,1.51614,1.51656,1.00,1.50
2016.12.30 14:32:05.551,1.51614,1.51651,1.00,1.00
2016.12.30 14:32:05.965,1.51614,1.51656,1.00,1.00
2016.12.30 14:32:06.167,1.51614,1.51651,1.00,1.00
2016.12.30 14:32:06.217,1.51614,1.51655,1.00,1.00
2016.12.30 14:32:06.268,1.51614,1.51656,1.00,1.00
2016.12.30 14:32:06.577,1.51614,1.51653,1.00,1.00
2016.12.30 14:32:06.861,1.51614,1.51656,1.00,1.50
2016.12.30 14:32:06.962,1.51614,1.51646,1.00,1.00
2016.12.30 14:32:07.365,1.51614,1.51646,1.00,1.00
2016.12.30 14:32:07.502,1.51614,1.51656,2.50,1.00
2016.12.30 14:32:08.036,1.51614,1.51656,2.50,1.00
2016.12.30 14:32:08.670,1.5161,1.51647,1.00,1.00
2016.12.30 14:32:08.721,1.51607,1.51651,1.00,1.00
2016.12.30 14:32:08.800,1.51603,1.51637,1.00,1.00
2016.12.30 14:32:08.901,1.51603,1.51647,2.50,1.50
2016.12.30 14:32:09.075,1.51611,1.51647,2.50,1.00
2016.12.30 14:32:09.277,1.51616,1.51656,1.00,1.00
2016.12.30 14:32:09.660,1.51618,1.51656,1.00,1.00
2016.12.30 14:32:10.064,1.51618,1.51657,1.00,1.00
2016.12.30 14:32:10.704,1.51619,1.51656,1.00,1.00
2016.12.30 14:32:10.957,1.51619,1.51656,1.00,1.00
2016.12.30 14:32:12.387,1.51619,1.51656,1.00,1.00
2016.12.30 14:32:12.438,1.51619,1.51664,1.00,1.00
2016.12.30 14:32:12.589,1.51621,1.51665,1.00,1.50
2016.12.30 14:32:13.766,1.51621,1.51664,1.00,1.00
2016.12.30 14:32:13.917,1.51621,1.5166,1.00,1.00
2016.12.30 14:32:14.519,1.51621,1.5166,1.00,1.00
2016.12.30 14:32:15.148,1.51621,1.51659,1.00,1.00
2016.12.30 14:32:15.437,1.51621,1.51661,1.00,1.00
2016.12.30 14:32:15.488,1.51622,1.51666,1.00,1.00
2016.12.30 14:32:15.846,1.51625,1.51665,1.00,1.00
2016.12.30 14:32:17.474,1.51625,1.51666,1.00,1.00
2016.12.30 14:32:17.795,1.51625,1.51664,1.00,1.00
2016.12.30 14:32:17.896,1.51622,1.51659,1.00,1.00
2016.12.30 14:32:18.199,1.51622,1.51659,1.00,1.00
2016.12.30 14:32:18.704,1.51622,1.5166,1.00,1.00
2016.12.30 14:32:19.605,1.51622,1.51662,1.00,1.00
2016.12.30 14:32:19.807,1.51621,1.51662,1.00,1.00
2016.12.30 14:32:19.975,1.51621,1.51662,1.00,1.00
2016.12.30 14:32:20.892,1.51621,1.51663,1.00,1.00
2016.12.30 14:32:21.402,1.51621,1.51662,1.00,1.00
2016.12.30 14:32:21.894,1.51622,1.51663,1.00,1.00
2016.12.30 14:32:22.419,1.51622,1.51662,1.00,1.00
2016.12.30 14:32:23.564,1.51622,1.51663,1.00,1.00
2016.12.30 14:32:24.107,1.51622,1.51663,1.00,1.00
2016.12.30 14:32:25.262,1.51622,1.51662,1.00,1.00
2016.12.30 14:32:25.916,1.51622,1.51662,1.00,1.00
2016.12.30 14:32:26.099,1.51622,1.51663,1.00,1.00
2016.12.30 14:32:26.200,1.51622,1.51658,1.00,1.00
2016.12.30 14:32:26.301,1.51615,1.5165,1.50,1.00
2016.12.30 14:32:26.402,1.51609,1.5165,1.00,1.00
2016.12.30 14:32:26.615,1.51609,1.5165,1.00,1.00
2016.12.30 14:32:27.308,1.51608,1.5165,1.00,1.00
2016.12.30 14:32:27.561,1.51608,1.51651,1.00,1.00
2016.12.30 14:32:27.864,1.5161,1.51653,1.00,1.00
2016.12.30 14:32:28.411,1.5161,1.51654,1.00,1.50
2016.12.30 14:32:29.175,1.5161,1.51653,1.00,1.00
2016.12.30 14:32:30.886,1.5161,1.51654,1.00,1.50
2016.12.30 14:32:31.274,1.5161,1.51654,1.00,1.00
2016.12.30 14:32:31.804,1.5161,1.51653,1.00,1.00
2016.12.30 14:32:32.124,1.5161,1.51653,1.00,1.00
2016.12.30 14:32:32.176,1.5161,1.51653,1.00,1.00
2016.12.30 14:32:32.478,1.51615,1.51653,1.00,1.00
2016.12.30 14:32:32.781,1.5162,1.51656,1.00,1.00
2016.12.30 14:32:33.394,1.5162,1.51656,1.00,1.00
2016.12.30 14:32:33.495,1.51616,1.51656,1.00,1.12
2016.12.30 14:32:33.596,1.51614,1.51655,1.00,1.12
2016.12.30 14:32:33.728,1.51613,1.51646,1.00,1.00
2016.12.30 14:32:34.966,1.51613,1.51647,1.00,1.00
2016.12.30 14:32:35.168,1.51604,1.5164,1.00,1.00
2016.12.30 14:32:35.219,1.51604,1.51641,1.00,1.00
2016.12.30 14:32:35.269,1.51604,1.51644,1.00,1.00
2016.12.30 14:32:35.320,1.51609,1.51644,1.00,1.00
2016.12.30 14:32:35.370,1.51609,1.51646,1.00,1.00
2016.12.30 14:32:35.421,1.51609,1.51648,1.00,1.00
2016.12.30 14:32:35.522,1.51609,1.51647,1.00,1.00
2016.12.30 14:32:35.573,1.51609,1.51644,1.00,1.00
2016.12.30 14:32:35.623,1.51602,1.51644,1.00,1.00
2016.12.30 14:32:35.805,1.516,1.51643,1.00,1.00
2016.12.30 14:32:35.856,1.516,1.51636,1.00,1.00
2016.12.30 14:32:35.907,1.51597,1.51636,1.00,1.00
2016.12.30 14:32:36.009,1.51596,1.51635,1.00,1.87
2016.12.30 14:32:36.110,1.51596,1.51636,1.00,1.50
2016.12.30 14:32:36.211,1.51598,1.5164,1.00,1.00
2016.12.30 14:32:36.314,1.51598,1.51636,1.00,1.50
2016.12.30 14:32:36.426,1.51594,1.51626,1.00,1.00
2016.12.30 14:32:36.966,1.51594,1.51627,1.00,1.00
2016.12.30 14:32:37.291,1.51594,1.51628,1.00,1.00
2016.12.30 14:32:37.342,1.51594,1.51636,1.00,1.50
2016.12.30 14:32:37.652,1.51594,1.51634,1.00,1.00
2016.12.30 14:32:37.703,1.51594,1.51633,1.00,1.00
2016.12.30 14:32:37.905,1.51594,1.51634,1.00,1.00
2016.12.30 14:32:38.242,1.51594,1.51636,1.00,1.00
2016.12.30 14:32:38.293,1.51594,1.51636,1.00,1.00
2016.12.30 14:32:38.494,1.51594,1.51636,1.00,1.00
2016.12.30 14:32:39.126,1.51594,1.51636,1.00,1.37
2016.12.30 14:32:39.277,1.51594,1.51636,1.00,1.37
2016.12.30 14:32:39.486,1.51594,1.51637,1.00,1.37
2016.12.30 14:32:39.887,1.51593,1.51636,1.00,1.37
2016.12.30 14:32:40.090,1.51593,1.51637,1.00,1.87
2016.12.30 14:32:40.396,1.51593,1.51636,1.00,1.37
2016.12.30 14:32:40.598,1.51592,1.51636,1.00,1.37
2016.12.30 14:32:40.749,1.51592,1.51633,1.00,1.37
2016.12.30 14:32:40.854,1.51592,1.5163,1.00,1.37
2016.12.30 14:32:41.106,1.5159,1.51631,1.00,1.37
2016.12.30 14:32:41.510,1.51586,1.51627,1.00,1.37
2016.12.30 14:32:41.712,1.51586,1.51627,1.00,1.37
2016.12.30 14:32:41.763,1.51586,1.51627,1.00,1.12
2016.12.30 14:32:41.814,1.51587,1.51626,1.00,1.00
2016.12.30 14:32:42.318,1.51588,1.51626,1.00,1.37
2016.12.30 14:32:42.470,1.51588,1.51627,1.00,1.12
2016.12.30 14:32:42.732,1.51592,1.51627,1.00,1.12
2016.12.30 14:32:42.941,1.51592,1.51626,1.00,1.00
2016.12.30 14:32:42.992,1.51592,1.51628,1.00,1.00
2016.12.30 14:32:43.309,1.51593,1.51629,1.50,1.00
2016.12.30 14:32:43.460,1.51594,1.51632,1.00,1.00
2016.12.30 14:32:43.630,1.51597,1.51632,1.00,1.00
2016.12.30 14:32:44.181,1.51597,1.51631,1.00,1.00
2016.12.30 14:32:44.332,1.51597,1.51631,1.00,1.00
2016.12.30 14:32:44.511,1.51594,1.51631,1.50,1.00
2016.12.30 14:32:45.723,1.51594,1.51632,1.50,1.00
2016.12.30 14:32:46.194,1.51594,1.51627,1.00,1.37
2016.12.30 14:32:46.247,1.51587,1.51626,1.00,1.00
2016.12.30 14:32:46.348,1.51589,1.51628,1.00,1.00
2016.12.30 14:32:46.600,1.51589,1.51628,1.00,1.00
2016.12.30 14:32:46.853,1.51589,1.51629,1.00,1.00
2016.12.30 14:32:46.904,1.51586,1.51628,1.00,1.00
2016.12.30 14:32:47.207,1.51586,1.51629,1.00,1.00
2016.12.30 14:32:47.711,1.51586,1.51628,1.00,1.00
2016.12.30 14:32:47.887,1.51587,1.51631,1.00,1.00
2016.12.30 14:32:47.937,1.51592,1.5163,1.00,1.00
2016.12.30 14:32:47.988,1.51592,1.51636,1.00,1.50
2016.12.30 14:32:48.039,1.51592,1.51636,1.50,1.00
2016.12.30 14:32:48.143,1.51594,1.51636,1.00,1.00
2016.12.30 14:32:48.446,1.51599,1.5164,1.00,1.00
2016.12.30 14:32:48.708,1.51599,1.51646,1.00,1.00
2016.12.30 14:32:48.788,1.51599,1.51646,1.00,1.00
2016.12.30 14:32:48.896,1.51599,1.51637,1.00,1.00
2016.12.30 14:32:49.406,1.51598,1.51636,1.00,1.00
2016.12.30 14:32:49.806,1.51598,1.51637,1.50,1.00
2016.12.30 14:32:50.498,1.51598,1.51647,2.50,1.50
2016.12.30 14:32:50.548,1.51598,1.51645,1.00,1.50
2016.12.30 14:32:50.732,1.51597,1.51641,1.00,1.00
2016.12.30 14:32:50.784,1.51599,1.51642,1.00,1.00
2016.12.30 14:32:50.835,1.51599,1.51645,1.00,1.50
2016.12.30 14:32:52.105,1.51601,1.51646,1.50,1.50
2016.12.30 14:32:52.614,1.51601,1.51644,2.50,1.00
2016.12.30 14:32:53.572,1.51601,1.51645,2.50,1.50
2016.12.30 14:32:54.151,1.51601,1.51637,1.50,1.00
2016.12.30 14:32:54.622,1.516,1.51644,1.00,1.00
2016.12.30 14:32:54.723,1.51595,1.51637,1.00,1.00
2016.12.30 14:32:54.774,1.51595,1.51643,1.00,1.00
2016.12.30 14:32:54.926,1.51595,1.51643,1.00,1.00
2016.12.30 14:32:55.553,1.51595,1.51642,1.00,1.00
2016.12.30 14:32:55.898,1.51595,1.51637,1.00,1.00
2016.12.30 14:32:56.976,1.51595,1.51641,1.50,1.00
2016.12.30 14:32:57.026,1.51595,1.51641,1.50,1.00
2016.12.30 14:32:57.329,1.51598,1.51637,1.00,1.00
2016.12.30 14:32:57.889,1.51598,1.51637,1.00,1.00
2016.12.30 14:32:57.940,1.51598,1.51641,1.00,1.00
2016.12.30 14:32:58.041,1.51597,1.51637,1.00,1.00
2016.12.30 14:32:58.243,1.51592,1.51636,1.00,2.25
2016.12.30 14:32:58.344,1.51592,1.51637,1.50,1.00
2016.12.30 14:32:58.647,1.51602,1.51637,1.00,1.00
2016.12.30 14:32:58.748,1.51602,1.51645,1.00,1.00
2016.12.30 14:32:59.215,1.51602,1.51641,1.00,1.00
2016.12.30 14:32:59.266,1.51602,1.51641,1.00,1.00
2016.12.30 14:32:59.316,1.51602,1.51634,1.00,1.00
2016.12.30 14:32:59.367,1.51591,1.51634,1.00,1.00
2016.12.30 14:32:59.518,1.51591,1.51633,1.00,1.00
2016.12.30 14:32:59.821,1.51592,1.51632,1.00,1.00
2016.12.30 14:33:00.143,1.51594,1.51632,1.00,1.00
2016.12.30 14:33:00.479,1.516,1.51632,1.00,1.00
2016.12.30 14:33:00.630,1.516,1.51632,1.00,1.00
2016.12.30 14:33:00.731,1.516,1.51632,1.00,1.00
2016.12.30 14:33:01.034,1.51601,1.51632,1.00,1.00
2016.12.30 14:33:01.440,1.51604,1.51632,1.00,1.00
2016.12.30 14:33:02.107,1.51605,1.51632,1.00,1.00
2016.12.30 14:33:02.746,1.51604,1.51632,1.50,1.00
2016.12.30 14:33:02.948,1.51604,1.51632,1.00,1.00
2016.12.30 14:33:03.279,1.51606,1.51632,1.00,1.00
2016.12.30 14:33:03.481,1.51606,1.51653,1.00,1.00
2016.12.30 14:33:03.643,1.51606,1.51646,1.00,1.00
2016.12.30 14:33:03.977,1.51604,1.51636,1.00,1.00
2016.12.30 14:33:04.574,1.51604,1.51637,1.00,1.00
2016.12.30 14:33:04.927,1.51601,1.51637,1.00,1.00
2016.12.30 14:33:05.195,1.51601,1.51644,1.00,1.00
2016.12.30 14:33:05.454,1.51601,1.51637,1.00,1.00
2016.12.30 14:33:05.774,1.51601,1.51637,1.00,1.00
2016.12.30 14:33:06.382,1.51601,1.51636,1.00,1.00
2016.12.30 14:33:06.459,1.51599,1.51636,1.50,1.00
2016.12.30 14:33:07.130,1.51599,1.51636,1.00,1.00
2016.12.30 14:33:07.623,1.51599,1.51643,2.50,1.00
2016.12.30 14:33:07.724,1.51599,1.51637,1.00,1.50
2016.12.30 14:33:07.775,1.51597,1.51637,1.00,1.50
2016.12.30 14:33:08.320,1.51597,1.51636,1.00,1.00
2016.12.30 14:33:10.146,1.51594,1.51636,2.25,1.00
2016.12.30 14:33:10.255,1.51594,1.51637,1.00,1.00
2016.12.30 14:33:10.636,1.51594,1.51637,1.00,1.00
2016.12.30 14:33:10.966,1.51595,1.51637,1.00,1.00
2016.12.30 14:33:11.297,1.51597,1.51636,1.00,1.00
2016.12.30 14:33:12.180,1.51597,1.51636,1.00,1.00
2016.12.30 14:33:13.957,1.51597,1.51637,1.00,1.00
2016.12.30 14:33:14.171,1.51594,1.51634,1.00,1.00
2016.12.30 14:33:14.722,1.51593,1.51635,1.50,1.00
2016.12.30 14:33:15.047,1.51593,1.51626,1.00,1.00
2016.12.30 14:33:15.097,1.51593,1.51635,1.00,1.00
2016.12.30 14:33:15.506,1.51593,1.51631,1.00,1.00
2016.12.30 14:33:15.557,1.51586,1.51629,1.00,1.00
2016.12.30 14:33:15.659,1.51586,1.51629,1.00,1.00
2016.12.30 14:33:15.962,1.51589,1.5163,1.00,1.00
2016.12.30 14:33:16.063,1.51589,1.5163,1.00,1.50
2016.12.30 14:33:16.602,1.51589,1.51633,1.00,1.00
2016.12.30 14:33:16.653,1.51589,1.51633,1.00,1.00
2016.12.30 14:33:17.057,1.51589,1.51633,1.00,1.50
2016.12.30 14:33:17.478,1.51589,1.51633,1.00,1.00
2016.12.30 14:33:17.748,1.51589,1.51633,1.00,1.00
2016.12.30 14:33:18.281,1.51589,1.51632,1.00,1.00
2016.12.30 14:33:18.802,1.51589,1.51633,1.00,1.50
2016.12.30 14:33:19.090,1.51589,1.51629,1.00,1.00
2016.12.30 14:33:19.293,1.51583,1.51625,1.50,1.00
2016.12.30 14:33:19.480,1.51583,1.51627,1.50,1.00
2016.12.30 14:33:19.530,1.51583,1.51624,1.50,1.00
2016.12.30 14:33:19.838,1.51583,1.51627,2.50,1.00
2016.12.30 14:33:20.292,1.51583,1.51627,1.00,1.00
2016.12.30 14:33:20.822,1.51583,1.51628,1.00,1.00
2016.12.30 14:33:22.849,1.51584,1.51627,1.50,1.00
2016.12.30 14:33:22.900,1.51586,1.51633,1.00,1.00
2016.12.30 14:33:22.950,1.51591,1.51632,1.50,1.00
2016.12.30 14:33:23.152,1.51592,1.51638,1.00,1.00
2016.12.30 14:33:23.203,1.51592,1.51638,1.00,1.00
2016.12.30 14:33:23.254,1.51594,1.51638,1.00,1.00
2016.12.30 14:33:23.567,1.51594,1.51636,1.00,1.00
2016.12.30 14:33:23.721,1.51595,1.51639,1.00,1.00
2016.12.30 14:33:23.998,1.51595,1.51638,1.00,1.37
2016.12.30 14:33:24.049,1.51595,1.51627,1.00,1.00
2016.12.30 14:33:24.100,1.51593,1.51627,1.00,1.00
2016.12.30 14:33:24.201,1.51589,1.51627,1.00,1.00
2016.12.30 14:33:24.302,1.51587,1.51627,1.00,1.00
2016.12.30 14:33:24.403,1.51587,1.51627,1.00,1.00
2016.12.30 14:33:24.706,1.51587,1.51626,1.00,1.00
2016.12.30 14:33:26.031,1.51587,1.51627,1.00,1.00
2016.12.30 14:33:26.580,1.51587,1.51626,1.00,1.00
2016.12.30 14:33:26.968,1.51587,1.51626,1.00,1.00
2016.12.30 14:33:27.284,1.51586,1.51627,1.00,1.50
2016.12.30 14:33:27.335,1.51586,1.51627,1.00,1.87
2016.12.30 14:33:27.486,1.51583,1.51626,1.00,1.37
2016.12.30 14:33:27.587,1.51583,1.51626,1.00,1.37
2016.12.30 14:33:27.906,1.51583,1.51617,1.00,1.00
2016.12.30 14:33:28.187,1.51583,1.51617,1.00,1.00
2016.12.30 14:33:28.729,1.51583,1.51616,1.00,1.00
2016.12.30 14:33:29.243,1.51583,1.51617,1.00,1.00
2016.12.30 14:33:29.294,1.51583,1.51616,1.00,1.00
2016.12.30 14:33:30.108,1.51583,1.51623,1.00,1.37
2016.12.30 14:33:31.364,1.51583,1.51624,1.50,1.37
2016.12.30 14:33:31.729,1.51583,1.51616,1.00,1.00
2016.12.30 14:33:31.880,1.51581,1.51616,1.50,1.00
2016.12.30 14:33:31.981,1.51576,1.51616,1.00,1.37
2016.12.30 14:33:32.500,1.51575,1.51616,1.00,1.37
2016.12.30 14:33:33.133,1.51575,1.51616,1.00,1.87
2016.12.30 14:33:33.641,1.51575,1.51607,1.00,1.00
2016.12.30 14:33:33.692,1.51575,1.51615,1.00,1.00
2016.12.30 14:33:34.504,1.51575,1.51616,1.00,1.72
2016.12.30 14:33:35.079,1.51575,1.51616,1.00,1.50
2016.12.30 14:33:35.687,1.51575,1.51615,1.00,1.00
2016.12.30 14:33:36.292,1.51575,1.51615,1.00,1.00
2016.12.30 14:33:36.806,1.51575,1.51616,1.00,1.00
2016.12.30 14:33:37.413,1.51575,1.51615,1.00,1.00
2016.12.30 14:33:37.566,1.51575,1.51619,1.00,1.00
2016.12.30 14:33:37.848,1.51575,1.51617,1.00,1.00
2016.12.30 14:33:37.999,1.51571,1.51613,1.00,1.00
2016.12.30 14:33:38.201,1.51571,1.51612,2.50,1.00
2016.12.30 14:33:38.391,1.51571,1.51616,1.50,1.00
2016.12.30 14:33:38.492,1.51574,1.51616,2.50,1.00
2016.12.30 14:33:38.700,1.51574,1.51616,1.00,1.50
2016.12.30 14:33:38.829,1.51573,1.51612,1.00,1.00
2016.12.30 14:33:39.000,1.51571,1.51612,1.00,1.00
2016.12.30 14:33:39.117,1.51571,1.51612,1.00,1.00
2016.12.30 14:33:39.269,1.51571,1.51615,1.00,1.00
2016.12.30 14:33:39.319,1.51571,1.51616,1.00,1.00
2016.12.30 14:33:39.666,1.51579,1.51625,1.00,1.00
2016.12.30 14:33:40.020,1.51579,1.51623,1.00,1.00
2016.12.30 14:33:40.322,1.51583,1.51624,1.00,1.00
2016.12.30 14:33:40.596,1.51583,1.51624,1.00,1.00
2016.12.30 14:33:42.193,1.51583,1.51624,1.00,1.00
2016.12.30 14:33:43.785,1.51583,1.51623,1.00,1.00
2016.12.30 14:33:43.885,1.51578,1.51623,1.00,1.00
2016.12.30 14:33:43.936,1.51578,1.51619,1.00,1.00
2016.12.30 14:33:44.243,1.51578,1.51623,1.00,1.00
2016.12.30 14:33:44.546,1.51578,1.51615,1.00,1.00
2016.12.30 14:33:44.596,1.51576,1.51615,1.00,1.00
2016.12.30 14:33:44.647,1.51576,1.51611,1.00,1.00
2016.12.30 14:33:44.698,1.51573,1.51611,1.50,1.00
2016.12.30 14:33:44.798,1.51573,1.51613,1.00,1.00
2016.12.30 14:33:45.318,1.51573,1.51614,1.00,1.00
2016.12.30 14:33:45.589,1.51573,1.51614,1.00,1.00
2016.12.30 14:33:46.114,1.51573,1.51613,1.00,1.00
2016.12.30 14:33:46.215,1.51573,1.51611,1.00,1.00
2016.12.30 14:33:47.293,1.51573,1.51612,1.00,1.00
2016.12.30 14:33:47.807,1.51573,1.51611,2.50,1.00
2016.12.30 14:33:47.858,1.51573,1.51617,2.50,1.00
2016.12.30 14:33:47.909,1.51574,1.51617,1.50,1.00
2016.12.30 14:33:48.211,1.51574,1.51617,1.00,1.00
2016.12.30 14:33:48.312,1.51574,1.51617,1.00,1.00
2016.12.30 14:33:48.388,1.51574,1.51617,1.00,1.00
2016.12.30 14:33:48.490,1.51574,1.51617,1.00,1.00
2016.12.30 14:33:49.201,1.51574,1.51616,2.50,1.00
2016.12.30 14:33:49.734,1.51574,1.51615,1.00,1.00
2016.12.30 14:33:49.903,1.51574,1.51617,1.00,1.50
2016.12.30 14:33:50.280,1.51574,1.51615,1.00,1.00
2016.12.30 14:33:50.888,1.51574,1.51616,1.00,1.50
2016.12.30 14:33:51.438,1.51574,1.51615,1.00,1.00
2016.12.30 14:33:51.989,1.51574,1.51616,1.00,1.50
2016.12.30 14:33:52.663,1.51574,1.51615,1.00,1.00
2016.12.30 14:33:53.394,1.51574,1.51616,1.00,1.50
2016.12.30 14:33:53.684,1.51576,1.51623,1.00,1.00
2016.12.30 14:33:53.734,1.5158,1.51623,1.00,1.00
2016.12.30 14:33:54.253,1.51581,1.51623,1.00,1.00
2016.12.30 14:33:57.407,1.51584,1.51623,1.00,1.00
2016.12.30 14:33:57.717,1.51581,1.5162,1.00,1.50
2016.12.30 14:33:57.819,1.51581,1.51615,1.00,1.00
2016.12.30 14:33:58.369,1.51581,1.51616,1.00,1.00
2016.12.30 14:33:58.690,1.51581,1.5162,1.00,1.00
2016.12.30 14:33:58.741,1.51582,1.51625,1.00,1.00
2016.12.30 14:33:58.792,1.51585,1.5163,1.00,1.50
2016.12.30 14:33:58.843,1.5159,1.51627,1.00,1.00
2016.12.30 14:33:59.450,1.51592,1.51631,1.00,1.00
2016.12.30 14:33:59.552,1.51592,1.5163,1.00,1.00
2016.12.30 14:33:59.603,1.51593,1.5163,1.00,1.00
2016.12.30 14:33:59.669,1.51593,1.51633,1.00,1.00
2016.12.30 14:34:00.054,1.51593,1.51636,1.00,1.72
2016.12.30 14:34:00.106,1.51593,1.51633,1.00,1.50
2016.12.30 14:34:00.409,1.51591,1.51626,1.00,1.00
2016.12.30 14:34:00.510,1.51584,1.5162,1.00,1.00
2016.12.30 14:34:00.561,1.51584,1.51615,1.00,1.00
2016.12.30 14:34:00.611,1.51575,1.51614,1.00,1.00
2016.12.30 14:34:00.712,1.51571,1.51614,1.00,1.00
2016.12.30 14:34:00.814,1.51571,1.51615,1.00,1.00
2016.12.30 14:34:00.916,1.51571,1.51615,1.00,1.00
2016.12.30 14:34:01.068,1.51571,1.51612,1.00,1.00
2016.12.30 14:34:01.507,1.51571,1.51608,1.00,1.00
2016.12.30 14:34:01.754,1.51571,1.51614,1.50,1.00
2016.12.30 14:34:01.805,1.51571,1.51614,1.00,1.00
2016.12.30 14:34:02.108,1.51573,1.51614,1.50,1.00
2016.12.30 14:34:02.411,1.51573,1.51614,1.00,1.00
2016.12.30 14:34:03.105,1.51574,1.51615,1.50,1.00
2016.12.30 14:34:03.756,1.51574,1.51616,2.50,1.00
2016.12.30 14:34:04.113,1.51574,1.51617,1.00,1.00
2016.12.30 14:34:04.373,1.51574,1.51615,1.50,1.00
2016.12.30 14:34:04.747,1.51572,1.51614,1.00,1.00
2016.12.30 14:34:05.010,1.51572,1.5161,1.00,1.00
2016.12.30 14:34:05.111,1.51567,1.5161,1.00,1.00
2016.12.30 14:34:05.162,1.51567,1.51606,1.00,1.50
2016.12.30 14:34:05.212,1.51561,1.51602,1.00,1.00
2016.12.30 14:34:05.414,1.51561,1.51602,1.00,1.00
2016.12.30 14:34:06.153,1.51561,1.51601,2.50,1.00
2016.12.30 14:34:06.456,1.51563,1.51601,1.50,1.00
2016.12.30 14:34:06.951,1.51563,1.51601,1.00,1.00
2016.12.30 14:34:07.013,1.51563,1.51601,1.00,1.00
2016.12.30 14:34:07.562,1.51563,1.51602,1.00,1.00
2016.12.30 14:34:07.932,1.51559,1.51601,1.00,1.22
2016.12.30 14:34:07.983,1.51559,1.51588,1.00,1.00
2016.12.30 14:34:08.034,1.51549,1.51586,1.00,1.00
2016.12.30 14:34:08.084,1.51546,1.51579,1.00,1.00
2016.12.30 14:34:08.387,1.51546,1.51577,1.00,1.00
2016.12.30 14:34:08.711,1.51529,1.51569,1.00,1.00
2016.12.30 14:34:08.794,1.51526,1.5157,1.00,1.00
2016.12.30 14:34:08.945,1.51524,1.51567,1.00,1.00
2016.12.30 14:34:09.285,1.51524,1.5157,1.00,1.00
2016.12.30 14:34:09.808,1.51524,1.51569,1.00,1.00
2016.12.30 14:34:10.166,1.51524,1.5157,1.00,1.00
2016.12.30 14:34:10.717,1.51524,1.51569,1.00,1.00
2016.12.30 14:34:11.027,1.51525,1.51566,1.00,1.00
2016.12.30 14:34:11.155,1.51525,1.51566,1.00,1.00
2016.12.30 14:34:11.306,1.51525,1.5157,1.00,1.00
2016.12.30 14:34:11.357,1.51525,1.5157,1.00,1.00
2016.12.30 14:34:11.609,1.51529,1.51575,1.50,1.00
2016.12.30 14:34:11.660,1.51535,1.51575,1.00,1.00
2016.12.30 14:34:11.761,1.51535,1.51575,1.00,1.00
2016.12.30 14:34:12.271,1.51535,1.51575,1.00,1.00
2016.12.30 14:34:12.624,1.51535,1.51577,1.00,1.00
2016.12.30 14:34:12.755,1.51536,1.51577,1.00,1.00
2016.12.30 14:34:12.916,1.51536,1.51581,1.00,1.00
2016.12.30 14:34:13.411,1.51536,1.51577,1.00,1.00
2016.12.30 14:34:13.540,1.51536,1.5158,1.00,1.00
2016.12.30 14:34:13.641,1.51536,1.51576,1.00,1.00
2016.12.30 14:34:14.173,1.51539,1.51576,1.00,1.00
2016.12.30 14:34:14.274,1.51539,1.51576,1.00,1.00
2016.12.30 14:34:15.068,1.51539,1.51576,1.00,1.00
2016.12.30 14:34:15.270,1.51539,1.51576,1.00,1.00
2016.12.30 14:34:15.527,1.51539,1.51576,1.00,1.00
2016.12.30 14:34:16.310,1.51539,1.51579,1.00,1.00
2016.12.30 14:34:16.411,1.51539,1.51581,1.00,1.00
2016.12.30 14:34:16.466,1.51539,1.51582,1.00,1.00
2016.12.30 14:34:16.517,1.51539,1.51585,1.00,1.00
2016.12.30 14:34:16.568,1.51539,1.51585,1.00,1.00
2016.12.30 14:34:16.873,1.51539,1.51577,1.00,1.00
2016.12.30 14:34:16.923,1.51539,1.51585,1.00,1.00
2016.12.30 14:34:17.410,1.51539,1.51583,1.00,1.00
2016.12.30 14:34:17.955,1.51539,1.51584,1.00,1.00
2016.12.30 14:34:18.603,1.51539,1.51583,1.00,1.00
2016.12.30 14:34:19.206,1.51539,1.51584,1.00,1.00
2016.12.30 14:34:19.707,1.51539,1.51585,1.00,1.00
2016.12.30 14:34:20.009,1.51535,1.51573,1.00,1.00
2016.12.30 14:34:20.063,1.51533,1.51573,1.00,1.00
2016.12.30 14:34:20.444,1.5153,1.51573,1.00,1.50
2016.12.30 14:34:20.494,1.5153,1.51569,1.00,1.00
2016.12.30 14:34:20.810,1.5153,1.51567,1.00,1.00
2016.12.30 14:34:21.114,1.5153,1.51567,1.00,1.00
2016.12.30 14:34:21.164,1.5153,1.51567,1.00,1.00
2016.12.30 14:34:21.846,1.5153,1.51568,1.00,1.00
2016.12.30 14:34:21.897,1.5153,1.51574,1.00,1.00
2016.12.30 14:34:22.049,1.51532,1.51575,1.00,1.00
2016.12.30 14:34:22.351,1.51537,1.51576,1.00,1.00
2016.12.30 14:34:22.402,1.51537,1.51579,1.00,1.00
2016.12.30 14:34:22.614,1.51537,1.51577,1.00,1.00
2016.12.30 14:34:22.715,1.51537,1.51579,1.00,1.00
2016.12.30 14:34:22.917,1.51537,1.51576,1.00,1.00
2016.12.30 14:34:22.968,1.51537,1.51576,1.00,1.00
2016.12.30 14:34:23.070,1.51534,1.51575,1.00,1.00
2016.12.30 14:34:23.199,1.51533,1.51571,1.00,1.00
2016.12.30 14:34:23.505,1.51533,1.51571,1.00,1.00
2016.12.30 14:34:23.707,1.51536,1.51581,1.00,1.00
2016.12.30 14:34:23.758,1.51541,1.51582,1.00,1.00
2016.12.30 14:34:24.080,1.51541,1.51579,1.00,1.00
2016.12.30 14:34:24.629,1.51541,1.5158,1.00,1.00
2016.12.30 14:34:24.731,1.5154,1.51578,1.00,1.00
2016.12.30 14:34:25.006,1.5154,1.51575,1.00,1.00
2016.12.30 14:34:25.107,1.5154,1.51578,1.00,1.00
2016.12.30 14:34:25.208,1.51539,1.51582,1.00,1.00
2016.12.30 14:34:25.461,1.51539,1.51576,1.00,1.00
2016.12.30 14:34:25.512,1.51539,1.5158,1.00,1.00
2016.12.30 14:34:25.613,1.51538,1.5158,1.00,1.00
2016.12.30 14:34:25.664,1.51538,1.51579,1.00,1.00
2016.12.30 14:34:26.014,1.51538,1.51582,1.00,1.00
2016.12.30 14:34:26.166,1.51539,1.51583,1.00,1.00
2016.12.30 14:34:26.267,1.51539,1.51583,1.00,1.00
2016.12.30 14:34:26.318,1.51539,1.51579,1.00,1.00
2016.12.30 14:34:26.368,1.51537,1.51578,1.00,1.00
2016.12.30 14:34:26.470,1.51537,1.51577,1.00,1.00
2016.12.30 14:34:26.571,1.51536,1.51577,1.00,1.00
2016.12.30 14:34:26.772,1.51536,1.51577,1.00,1.00
2016.12.30 14:34:28.095,1.51536,1.51578,1.00,1.00
2016.12.30 14:34:28.622,1.51536,1.51578,1.00,1.00
2016.12.30 14:34:28.936,1.51536,1.51578,1.00,1.00
2016.12.30 14:34:29.482,1.51536,1.51577,1.00,1.00
2016.12.30 14:34:29.684,1.51536,1.51578,1.00,1.00
2016.12.30 14:34:29.785,1.51536,1.51577,1.00,1.00
2016.12.30 14:34:30.332,1.51536,1.51578,1.00,1.00
2016.12.30 14:34:30.640,1.51536,1.51576,1.00,1.00
2016.12.30 14:34:31.145,1.51536,1.51577,1.00,1.50
2016.12.30 14:34:31.510,1.51536,1.51566,1.00,1.00
2016.12.30 14:34:32.081,1.51536,1.51566,1.00,1.00
2016.12.30 14:34:32.250,1.51536,1.51566,1.00,1.00
2016.12.30 14:34:32.377,1.51536,1.51577,1.00,1.50
2016.12.30 14:34:32.451,1.51536,1.51577,1.00,1.50
2016.12.30 14:34:32.697,1.51536,1.51576,1.00,1.00
2016.12.30 14:34:32.851,1.51536,1.51576,1.00,1.00
2016.12.30 14:34:33.356,1.51536,1.51567,1.00,1.00
2016.12.30 14:34:33.798,1.51536,1.51567,1.00,1.00
2016.12.30 14:34:33.849,1.51536,1.51574,1.00,1.00
2016.12.30 14:34:33.900,1.51536,1.51567,1.00,1.00
2016.12.30 14:34:34.604,1.51536,1.51566,1.00,1.00
2016.12.30 14:34:34.659,1.51533,1.51566,1.00,1.00
2016.12.30 14:34:34.760,1.51533,1.51567,1.00,1.00
2016.12.30 14:34:34.861,1.51533,1.51567,1.00,1.00
2016.12.30 14:34:35.368,1.51533,1.51566,1.00,1.00
2016.12.30 14:34:35.670,1.51535,1.51566,1.00,1.00
2016.12.30 14:34:36.034,1.51537,1.51566,1.00,1.00
2016.12.30 14:34:36.085,1.51537,1.51566,1.00,1.00
2016.12.30 14:34:36.462,1.51537,1.51567,1.00,1.00
2016.12.30 14:34:37.138,1.51537,1.51567,1.00,1.00
2016.12.30 14:34:37.602,1.51535,1.51567,1.00,1.00
2016.12.30 14:34:37.657,1.51535,1.51571,1.00,1.00
2016.12.30 14:34:38.201,1.51534,1.51571,1.00,1.00
2016.12.30 14:34:38.459,1.51534,1.51577,1.00,1.00
2016.12.30 14:34:38.761,1.51534,1.51577,1.00,1.50
2016.12.30 14:34:39.167,1.51534,1.51573,1.00,1.00
2016.12.30 14:34:39.495,1.51534,1.51571,1.00,1.00
2016.12.30 14:34:40.017,1.51534,1.51572,1.00,1.00
2016.12.30 14:34:40.567,1.51534,1.51571,1.00,1.00
2016.12.30 14:34:40.674,1.51534,1.51571,1.00,1.00
2016.12.30 14:34:40.963,1.51534,1.51571,1.00,1.00
2016.12.30 14:34:41.486,1.51534,1.51576,1.00,1.50
2016.12.30 14:34:41.637,1.51534,1.51579,1.00,1.00
2016.12.30 14:34:41.688,1.51534,1.51579,1.00,1.00
2016.12.30 14:34:42.619,1.51535,1.51579,1.00,1.00
2016.12.30 14:34:44.055,1.51535,1.51577,1.00,1.00
2016.12.30 14:34:44.181,1.51535,1.51579,1.00,1.50
2016.12.30 14:34:44.352,1.51535,1.51576,1.00,1.00
2016.12.30 14:34:44.644,1.51535,1.51578,1.00,1.00
2016.12.30 14:34:45.157,1.51535,1.51579,1.00,1.00
2016.12.30 14:34:45.695,1.51535,1.51578,1.00,1.00
2016.12.30 14:34:45.796,1.51537,1.5158,1.00,1.00
2016.12.30 14:34:46.804,1.51538,1.51575,1.00,1.00
2016.12.30 14:34:46.905,1.51536,1.51572,1.00,1.00
2016.12.30 14:34:47.006,1.51536,1.51571,1.00,1.00
2016.12.30 14:34:47.299,1.51536,1.51571,1.00,1.00
2016.12.30 14:34:47.868,1.51536,1.51572,1.00,1.00
2016.12.30 14:34:48.376,1.51536,1.51571,1.00,1.00
2016.12.30 14:34:49.084,1.51531,1.51571,1.00,1.50
2016.12.30 14:34:49.135,1.51531,1.51567,1.00,1.00
2016.12.30 14:34:49.185,1.51524,1.51564,1.00,1.00
2016.12.30 14:34:49.324,1.51524,1.51564,1.00,1.00
2016.12.30 14:34:50.886,1.51525,1.51564,1.00,1.00
2016.12.30 14:34:50.937,1.51525,1.51568,1.00,1.00
2016.12.30 14:34:50.988,1.51529,1.51569,1.00,1.00
2016.12.30 14:34:51.190,1.51529,1.51569,1.00,1.00
2016.12.30 14:34:51.694,1.51528,1.51567,1.00,1.00
2016.12.30 14:34:51.906,1.51526,1.51567,1.00,1.00
2016.12.30 14:34:52.268,1.51526,1.51565,1.00,1.00
2016.12.30 14:34:52.597,1.51526,1.51564,1.00,1.00
2016.12.30 14:34:53.122,1.51526,1.51561,1.00,1.00
2016.12.30 14:34:53.443,1.51532,1.51572,1.00,1.00
2016.12.30 14:34:53.797,1.51532,1.51575,1.00,1.00
2016.12.30 14:34:54.206,1.51532,1.51572,1.00,1.00
2016.12.30 14:34:54.967,1.51532,1.51571,1.00,1.00
2016.12.30 14:34:55.515,1.51533,1.51576,1.00,1.50
2016.12.30 14:34:55.616,1.51538,1.5158,1.00,1.00
2016.12.30 14:34:55.717,1.51538,1.5158,1.00,1.00
2016.12.30 14:34:55.818,1.51537,1.51579,1.00,1.00
2016.12.30 14:34:55.919,1.51537,1.51581,1.00,1.00
2016.12.30 14:34:56.020,1.51537,1.51581,1.00,1.00
2016.12.30 14:34:56.931,1.51537,1.51577,1.00,1.00
2016.12.30 14:34:56.981,1.51537,1.51581,1.00,1.50
2016.12.30 14:34:57.032,1.51537,1.51578,1.00,1.00
2016.12.30 14:34:57.335,1.51536,1.51574,1.00,1.00
2016.12.30 14:34:57.436,1.51536,1.51576,1.00,1.50
2016.12.30 14:34:57.784,1.51542,1.51587,2.12,1.50
2016.12.30 14:34:57.835,1.51544,1.51589,1.00,1.00
2016.12.30 14:34:58.038,1.51544,1.51586,1.00,1.50
2016.12.30 14:34:58.089,1.51545,1.51586,1.00,1.50
2016.12.30 14:34:58.290,1.51544,1.51581,1.00,1.00
2016.12.30 14:34:59.207,1.51544,1.51582,1.00,1.00
2016.12.30 14:34:59.659,1.51542,1.51575,1.00,1.00
2016.12.30 14:34:59.911,1.5154,1.51578,1.00,1.00
2016.12.30 14:35:00.012,1.5154,1.51581,1.00,1.00
2016.12.30 14:35:00.113,1.5154,1.5158,1.00,1.00
2016.12.30 14:35:00.450,1.5154,1.51578,1.00,1.00
2016.12.30 14:35:00.602,1.5154,1.5158,1.00,1.00
2016.12.30 14:35:00.703,1.51539,1.51581,1.00,1.00
2016.12.30 14:35:00.905,1.51538,1.51577,1.00,1.00
2016.12.30 14:35:01.107,1.51535,1.51577,1.00,1.00
2016.12.30 14:35:01.157,1.51535,1.51575,1.00,1.00
2016.12.30 14:35:01.489,1.51535,1.51571,1.00,1.00
2016.12.30 14:35:01.662,1.51535,1.51577,1.00,1.00
2016.12.30 14:35:01.712,1.51537,1.5158,1.00,1.00
2016.12.30 14:35:02.015,1.51539,1.51577,1.00,1.00
2016.12.30 14:35:02.116,1.51539,1.51584,1.00,1.00
2016.12.30 14:35:02.217,1.5154,1.51585,1.00,1.00
2016.12.30 14:35:02.318,1.5154,1.51584,1.00,1.00
2016.12.30 14:35:02.419,1.5154,1.51581,1.00,1.00
2016.12.30 14:35:02.520,1.5154,1.51581,1.00,1.00
2016.12.30 14:35:02.916,1.51539,1.51581,1.00,1.00
2016.12.30 14:35:02.967,1.51539,1.51578,1.00,1.00
2016.12.30 14:35:03.371,1.51539,1.5158,1.00,1.00
2016.12.30 14:35:03.623,1.51539,1.51577,1.00,1.00
2016.12.30 14:35:03.976,1.51539,1.51575,1.00,1.00
2016.12.30 14:35:04.278,1.51537,1.51571,1.00,1.00
2016.12.30 14:35:04.844,1.51537,1.51572,1.00,1.00
2016.12.30 14:35:05.729,1.51537,1.51579,1.00,1.00
2016.12.30 14:35:05.830,1.51537,1.5158,1.00,1.00
2016.12.30 14:35:06.032,1.51541,1.51583,1.00,1.00
2016.12.30 14:35:06.133,1.51541,1.51584,1.00,1.00
2016.12.30 14:35:06.184,1.51541,1.51576,1.00,1.00
2016.12.30 14:35:06.486,1.51545,1.51576,1.00,1.00
2016.12.30 14:35:06.537,1.51545,1.51577,1.00,1.00
2016.12.30 14:35:06.638,1.51545,1.51577,1.00,1.00
2016.12.30 14:35:06.839,1.51545,1.51577,1.00,1.00
2016.12.30 14:35:07.022,1.51545,1.51587,1.00,1.00
2016.12.30 14:35:07.661,1.51545,1.51585,1.00,1.00
2016.12.30 14:35:07.958,1.51543,1.51581,1.00,1.00
2016.12.30 14:35:08.199,1.51543,1.51579,1.00,1.00
2016.12.30 14:35:08.815,1.51543,1.51579,1.00,1.00
2016.12.30 14:35:09.944,1.51543,1.51579,1.00,1.00
2016.12.30 14:35:10.045,1.51545,1.51586,1.00,1.00
2016.12.30 14:35:10.656,1.51545,1.51587,1.00,1.00
2016.12.30 14:35:10.809,1.51545,1.51595,2.50,1.00
2016.12.30 14:35:10.859,1.51548,1.51595,1.00,1.00
2016.12.30 14:35:11.162,1.5155,1.51595,1.00,1.00
2016.12.30 14:35:11.744,1.5155,1.51594,1.00,1.50
2016.12.30 14:35:11.846,1.51549,1.51589,1.00,1.00
2016.12.30 14:35:11.897,1.51549,1.51587,1.00,1.00
2016.12.30 14:35:12.424,1.51548,1.51586,1.00,1.00
2016.12.30 14:35:13.110,1.51548,1.51587,1.00,1.00
2016.12.30 14:35:13.525,1.51548,1.51592,1.00,1.50
2016.12.30 14:35:13.626,1.51548,1.51593,1.00,1.50
2016.12.30 14:35:13.978,1.51548,1.51587,1.00,1.00
2016.12.30 14:35:14.129,1.51548,1.51587,1.00,1.00
2016.12.30 14:35:14.630,1.51548,1.51588,1.00,1.00
2016.12.30 14:35:14.903,1.51548,1.51591,1.00,1.00
2016.12.30 14:35:14.985,1.51548,1.5159,1.00,1.00
2016.12.30 14:35:15.331,1.5155,1.51591,1.00,1.00
2016.12.30 14:35:15.381,1.5155,1.51596,1.00,1.00
2016.12.30 14:35:15.432,1.51557,1.516,1.00,1.00
2016.12.30 14:35:15.634,1.51558,1.51604,1.00,1.00
2016.12.30 14:35:15.735,1.51562,1.51604,1.00,1.00
2016.12.30 14:35:15.836,1.51562,1.51603,1.00,1.00
2016.12.30 14:35:15.886,1.51562,1.516,1.00,1.00
2016.12.30 14:35:16.084,1.5156,1.516,1.00,1.00
2016.12.30 14:35:16.135,1.5156,1.516,1.00,1.00
2016.12.30 14:35:16.326,1.5156,1.516,1.00,1.00
2016.12.30 14:35:16.864,1.5156,1.51601,1.00,1.00
2016.12.30 14:35:16.965,1.51559,1.516,1.00,1.00
2016.12.30 14:35:17.066,1.51557,1.516,1.00,1.00
2016.12.30 14:35:17.117,1.51557,1.51595,1.00,1.00
2016.12.30 14:35:17.445,1.51557,1.51599,1.00,1.00
2016.12.30 14:35:17.546,1.51557,1.51597,1.00,1.00
2016.12.30 14:35:17.596,1.51557,1.516,1.00,1.00
2016.12.30 14:35:17.850,1.51561,1.51604,1.00,1.00
2016.12.30 14:35:17.951,1.51561,1.51603,1.00,1.00
2016.12.30 14:35:18.362,1.51561,1.51603,1.00,1.00
2016.12.30 14:35:18.892,1.51561,1.51603,1.00,1.00
2016.12.30 14:35:22.997,1.51561,1.51604,1.00,1.00
2016.12.30 14:35:23.578,1.51561,1.51604,1.00,1.00
2016.12.30 14:35:25.056,1.51561,1.51604,1.00,1.00
2016.12.30 14:35:25.323,1.51561,1.51607,2.50,1.00
2016.12.30 14:35:25.374,1.51562,1.51607,2.50,1.00
2016.12.30 14:35:26.006,1.51563,1.51606,1.00,1.00
2016.12.30 14:35:27.205,1.51564,1.5161,1.50,1.00
2016.12.30 14:35:27.765,1.51564,1.51611,1.00,1.50
2016.12.30 14:35:27.945,1.51564,1.51606,1.00,1.00
2016.12.30 14:35:28.298,1.51564,1.51606,1.00,1.50
2016.12.30 14:35:28.765,1.51564,1.51606,1.00,1.00
2016.12.30 14:35:29.243,1.51564,1.51606,1.00,1.00
2016.12.30 14:35:30.192,1.51564,1.51606,1.00,1.00
2016.12.30 14:35:30.899,1.51564,1.51607,1.00,1.00
2016.12.30 14:35:31.267,1.51564,1.51606,1.00,1.00
2016.12.30 14:35:32.172,1.51564,1.51607,1.00,1.00
2016.12.30 14:35:32.475,1.51564,1.51607,1.00,1.50
2016.12.30 14:35:33.037,1.51564,1.51604,1.00,1.00
2016.12.30 14:35:33.239,1.51564,1.51609,1.50,1.00
2016.12.30 14:35:33.289,1.51566,1.51609,1.00,1.00
2016.12.30 14:35:33.605,1.51566,1.51607,1.00,1.00
2016.12.30 14:35:36.218,1.51566,1.51606,1.00,1.00
2016.12.30 14:35:36.591,1.51569,1.51606,1.00,1.00
2016.12.30 14:35:37.452,1.51569,1.51597,1.00,1.00
2016.12.30 14:35:37.503,1.51568,1.51597,1.00,1.00
2016.12.30 14:35:37.554,1.51568,1.51605,1.00,1.50
2016.12.30 14:35:37.605,1.51561,1.51601,1.00,1.00
2016.12.30 14:35:37.807,1.51561,1.51597,1.00,1.00
2016.12.30 14:35:38.391,1.51561,1.51597,1.00,1.00
2016.12.30 14:35:38.493,1.51561,1.51596,1.00,1.00
2016.12.30 14:35:38.594,1.5156,1.51596,1.00,1.00
2016.12.30 14:35:38.858,1.5156,1.51601,1.00,1.50
2016.12.30 14:35:39.261,1.5156,1.51601,1.00,1.00
2016.12.30 14:35:39.489,1.5156,1.51601,1.00,1.00
2016.12.30 14:35:39.690,1.5156,1.51601,1.00,1.00
2016.12.30 14:35:40.113,1.5156,1.51597,1.00,1.00
2016.12.30 14:35:40.214,1.51554,1.51596,1.00,1.00
2016.12.30 14:35:40.315,1.51554,1.51595,1.00,1.00
2016.12.30 14:35:40.416,1.51554,1.51595,1.00,1.00
2016.12.30 14:35:40.942,1.51554,1.51596,1.00,1.00
2016.12.30 14:35:40.993,1.51554,1.51594,1.00,1.00
2016.12.30 14:35:41.338,1.51553,1.51591,1.00,1.00
2016.12.30 14:35:41.631,1.51551,1.51591,1.00,1.00
2016.12.30 14:35:41.681,1.51551,1.51586,1.00,1.00
2016.12.30 14:35:41.933,1.51549,1.51586,1.00,1.00
2016.12.30 14:35:41.984,1.51549,1.5159,1.00,1.00
2016.12.30 14:35:42.128,1.51549,1.51587,1.00,1.00
2016.12.30 14:35:42.261,1.51549,1.51589,1.00,1.00
2016.12.30 14:35:42.312,1.51549,1.51585,1.00,1.00
2016.12.30 14:35:42.363,1.51549,1.51592,1.00,1.00
2016.12.30 14:35:42.414,1.51555,1.51592,1.00,1.00
2016.12.30 14:35:42.465,1.51555,1.51596,1.00,1.00
2016.12.30 14:35:42.616,1.51556,1.51586,1.00,1.00
2016.12.30 14:35:42.667,1.51556,1.51596,1.00,1.00
2016.12.30 14:35:43.174,1.51556,1.51596,1.00,1.00
2016.12.30 14:35:43.459,1.51557,1.51592,1.00,1.00
2016.12.30 14:35:43.560,1.51553,1.51594,1.00,1.00
2016.12.30 14:35:43.661,1.51553,1.51593,1.00,1.37
2016.12.30 14:35:43.963,1.51552,1.51586,1.00,1.00
2016.12.30 14:35:44.115,1.5155,1.51586,1.00,1.00
2016.12.30 14:35:44.653,1.5155,1.51587,1.00,1.00
2016.12.30 14:35:45.125,1.51542,1.51586,1.00,1.50
2016.12.30 14:35:45.327,1.51541,1.51581,1.00,1.12
2016.12.30 14:35:45.427,1.51534,1.51576,1.00,1.50
2016.12.30 14:35:45.478,1.51534,1.51573,1.00,1.00
2016.12.30 14:35:45.793,1.51534,1.51572,1.00,1.00
2016.12.30 14:35:45.944,1.51532,1.51572,1.00,1.00
2016.12.30 14:35:46.246,1.51532,1.51572,1.00,1.00
2016.12.30 14:35:46.549,1.5153,1.51566,1.00,1.00
2016.12.30 14:35:46.823,1.51528,1.51567,1.00,1.50
2016.12.30 14:35:47.025,1.51524,1.51566,1.00,1.00
2016.12.30 14:35:47.176,1.51524,1.51564,1.00,1.00
2016.12.30 14:35:47.478,1.51524,1.51565,1.00,1.00
2016.12.30 14:35:47.789,1.51525,1.51566,1.00,1.00
2016.12.30 14:35:47.941,1.51534,1.51577,1.00,1.00
2016.12.30 14:35:48.451,1.51534,1.51577,1.00,1.00
2016.12.30 14:35:48.653,1.51535,1.51576,1.00,1.00
2016.12.30 14:35:48.855,1.51535,1.51576,1.00,1.50
2016.12.30 14:35:49.046,1.51534,1.51575,1.00,1.00
2016.12.30 14:35:49.227,1.51527,1.51566,1.00,1.50
2016.12.30 14:35:49.328,1.51516,1.51557,1.00,1.00
2016.12.30 14:35:49.429,1.5151,1.51556,1.00,1.00
2016.12.30 14:35:49.782,1.5151,1.51556,1.00,1.00
2016.12.30 14:35:50.099,1.51515,1.51562,1.00,1.00
2016.12.30 14:35:50.401,1.51516,1.51556,1.00,1.00
2016.12.30 14:35:50.452,1.51516,1.51556,1.00,1.00
2016.12.30 14:35:50.503,1.51516,1.51559,1.00,1.00
2016.12.30 14:35:50.553,1.51516,1.51557,1.00,1.00
2016.12.30 14:35:50.654,1.51514,1.51556,1.00,1.00
2016.12.30 14:35:50.755,1.51514,1.51546,1.00,1.00
2016.12.30 14:35:50.957,1.51514,1.51556,1.00,1.00
2016.12.30 14:35:51.262,1.51514,1.51555,1.00,1.00
2016.12.30 14:35:51.769,1.51514,1.51556,1.00,1.00
2016.12.30 14:35:52.210,1.51515,1.51556,1.00,1.00
2016.12.30 14:35:52.462,1.5152,1.51567,1.00,1.50
2016.12.30 14:35:52.805,1.51522,1.51573,1.50,1.00
2016.12.30 14:35:52.856,1.51525,1.51572,1.00,1.00
2016.12.30 14:35:53.259,1.51525,1.51572,1.00,1.00
2016.12.30 14:35:53.360,1.51525,1.51572,1.00,1.00
2016.12.30 14:35:53.411,1.51525,1.51576,1.00,1.50
2016.12.30 14:35:53.920,1.51525,1.51577,1.00,1.50
2016.12.30 14:35:54.422,1.51526,1.51576,1.00,1.00
2016.12.30 14:35:54.778,1.51529,1.51576,2.50,1.00
2016.12.30 14:35:55.307,1.5153,1.51577,1.00,1.00
2016.12.30 14:35:55.358,1.51532,1.51581,1.50,1.00
2016.12.30 14:35:55.459,1.51533,1.51583,1.00,1.00
2016.12.30 14:35:55.858,1.51533,1.51576,1.00,1.00
2016.12.30 14:35:55.959,1.51533,1.51584,1.00,1.00
2016.12.30 14:35:56.394,1.51533,1.51583,2.50,1.37
2016.12.30 14:35:56.704,1.51533,1.51576,1.00,1.00
2016.12.30 14:35:56.882,1.51533,1.51576,1.50,1.00
2016.12.30 14:35:57.532,1.51533,1.51566,1.00,1.00
2016.12.30 14:35:57.582,1.51533,1.51576,1.00,1.00
2016.12.30 14:35:57.684,1.51529,1.51573,1.00,1.00
2016.12.30 14:35:57.976,1.51529,1.51575,1.00,1.00
2016.12.30 14:35:58.279,1.51529,1.51566,1.00,1.00
2016.12.30 14:36:00.039,1.51529,1.51566,1.00,1.00
2016.12.30 14:36:00.241,1.51527,1.51566,1.00,1.00
2016.12.30 14:36:00.392,1.51526,1.51566,1.00,1.37
2016.12.30 14:36:00.443,1.51526,1.51566,1.00,1.00
2016.12.30 14:36:01.340,1.51526,1.51566,1.00,1.00
2016.12.30 14:36:01.677,1.51531,1.51566,1.00,1.00
2016.12.30 14:36:01.778,1.51531,1.51566,1.00,1.00
2016.12.30 14:36:01.880,1.51526,1.51567,1.00,1.00
2016.12.30 14:36:02.081,1.51526,1.51571,1.00,1.00
2016.12.30 14:36:02.182,1.51526,1.51575,1.00,1.00
2016.12.30 14:36:02.233,1.51526,1.51566,1.00,1.00
2016.12.30 14:36:02.991,1.51529,1.51574,1.00,1.00
2016.12.30 14:36:03.042,1.51529,1.51567,1.00,1.00
2016.12.30 14:36:03.345,1.51525,1.51567,1.00,1.00
2016.12.30 14:36:03.396,1.51522,1.51562,1.00,1.00
2016.12.30 14:36:03.648,1.51522,1.51564,1.00,1.00
2016.12.30 14:36:03.785,1.51522,1.51566,1.00,1.50
2016.12.30 14:36:04.157,1.51522,1.51566,1.00,1.00
2016.12.30 14:36:04.359,1.51522,1.51566,1.00,1.50
2016.12.30 14:36:05.089,1.51528,1.51576,1.50,1.00
2016.12.30 14:36:05.392,1.51535,1.51576,1.00,1.00
2016.12.30 14:36:05.895,1.51536,1.51576,1.00,1.00
2016.12.30 14:36:06.152,1.51536,1.51581,1.00,1.00
2016.12.30 14:36:06.352,1.51536,1.51576,1.00,1.00
2016.12.30 14:36:06.669,1.51538,1.51576,1.00,1.00
2016.12.30 14:36:06.972,1.51541,1.51577,1.00,1.00
2016.12.30 14:36:07.963,1.51541,1.51576,1.00,1.00
2016.12.30 14:36:08.443,1.51541,1.51586,2.50,1.00
2016.12.30 14:36:08.594,1.51544,1.51586,1.00,1.00
2016.12.30 14:36:09.392,1.51544,1.51586,1.50,1.00
2016.12.30 14:36:09.493,1.51544,1.51586,2.50,1.00
2016.12.30 14:36:10.103,1.51545,1.51586,1.00,1.00
2016.12.30 14:36:10.382,1.51545,1.51586,1.00,1.00
2016.12.30 14:36:10.483,1.51555,1.51586,1.00,1.00
2016.12.30 14:36:10.691,1.51555,1.51586,1.00,1.00
2016.12.30 14:36:10.793,1.51555,1.51586,1.00,1.00
2016.12.30 14:36:11.462,1.51553,1.51586,1.00,1.00
2016.12.30 14:36:11.713,1.51553,1.51586,1.00,1.00
2016.12.30 14:36:12.040,1.51556,1.51586,1.00,1.00
2016.12.30 14:36:12.091,1.51556,1.51586,1.00,1.00
2016.12.30 14:36:12.378,1.51554,1.51586,1.00,1.00
2016.12.30 14:36:12.762,1.51554,1.51586,1.00,1.00
2016.12.30 14:36:12.863,1.51554,1.51596,1.00,1.00
2016.12.30 14:36:12.989,1.51554,1.51586,1.00,1.00
2016.12.30 14:36:13.090,1.51553,1.51586,1.00,1.00
2016.12.30 14:36:13.235,1.51553,1.51586,1.00,1.00
2016.12.30 14:36:13.604,1.51553,1.51596,1.00,1.00
2016.12.30 14:36:13.705,1.51557,1.51596,1.00,1.00
2016.12.30 14:36:14.073,1.51559,1.51596,1.00,1.00
2016.12.30 14:36:14.376,1.51556,1.51587,1.00,1.00
2016.12.30 14:36:15.034,1.51556,1.51596,1.00,1.00
2016.12.30 14:36:15.341,1.51556,1.51586,1.00,1.00
2016.12.30 14:36:15.593,1.51554,1.51586,1.00,1.00
2016.12.30 14:36:15.973,1.5155,1.51586,1.00,1.00
2016.12.30 14:36:16.158,1.5155,1.51591,1.00,1.00
2016.12.30 14:36:16.209,1.5155,1.51586,1.00,1.00
2016.12.30 14:36:16.401,1.51533,1.51576,1.00,1.50
2016.12.30 14:36:16.480,1.51533,1.51576,1.00,1.00
2016.12.30 14:36:16.786,1.51545,1.51576,1.00,1.00
2016.12.30 14:36:17.390,1.51545,1.51577,1.00,1.00
2016.12.30 14:36:17.913,1.51545,1.51576,1.00,1.00
2016.12.30 14:36:18.111,1.51545,1.51586,1.00,1.00
2016.12.30 14:36:18.910,1.51545,1.51576,1.00,1.00
2016.12.30 14:36:20.380,1.51546,1.51587,1.00,1.00
2016.12.30 14:36:20.775,1.51548,1.51586,1.00,1.00
2016.12.30 14:36:21.492,1.51548,1.51586,1.00,1.00
2016.12.30 14:36:22.013,1.51548,1.51587,1.00,1.00
2016.12.30 14:36:22.416,1.51548,1.51586,1.00,1.00
2016.12.30 14:36:22.580,1.51548,1.5159,1.00,1.00
2016.12.30 14:36:22.782,1.51548,1.5159,1.00,1.00
2016.12.30 14:36:23.029,1.51548,1.51587,1.00,1.00
2016.12.30 14:36:23.080,1.51546,1.51591,1.00,1.00
2016.12.30 14:36:23.596,1.51546,1.51591,1.00,1.00
2016.12.30 14:36:23.647,1.51546,1.51587,1.00,1.00
2016.12.30 14:36:23.698,1.51545,1.51587,1.00,1.00
2016.12.30 14:36:23.849,1.51545,1.51591,1.00,1.00
2016.12.30 14:36:24.051,1.51545,1.51587,1.00,1.00
2016.12.30 14:36:24.594,1.51545,1.51586,1.00,1.00
2016.12.30 14:36:25.006,1.51544,1.51584,1.00,1.00
2016.12.30 14:36:25.108,1.51534,1.51581,1.00,1.00
2016.12.30 14:36:25.159,1.51534,1.51578,1.00,1.50
2016.12.30 14:36:25.401,1.51528,1.51573,1.00,1.00
2016.12.30 14:36:25.452,1.51528,1.51576,1.00,1.00
2016.12.30 14:36:25.704,1.51529,1.51573,1.00,1.00
2016.12.30 14:36:25.855,1.51531,1.51576,1.00,1.00
2016.12.30 14:36:25.956,1.51531,1.51578,2.50,1.00
2016.12.30 14:36:26.057,1.51531,1.51578,1.50,1.00
2016.12.30 14:36:26.158,1.51531,1.51576,1.00,1.00
2016.12.30 14:36:26.209,1.51529,1.51576,1.00,1.00
2016.12.30 14:36:26.259,1.51529,1.51573,1.00,1.00
2016.12.30 14:36:26.878,1.51528,1.51574,1.00,1.00
2016.12.30 14:36:27.396,1.51528,1.51573,1.00,1.00
2016.12.30 14:36:27.698,1.51529,1.51573,1.00,1.00
2016.12.30 14:36:28.860,1.5153,1.51573,1.00,1.00
2016.12.30 14:36:29.346,1.5153,1.51566,1.00,1.00
2016.12.30 14:36:29.397,1.5153,1.51574,1.00,1.00
2016.12.30 14:36:29.498,1.5153,1.51574,1.00,1.00
2016.12.30 14:36:29.649,1.51534,1.51576,1.00,1.00
2016.12.30 14:36:30.043,1.51534,1.51576,2.50,1.00
2016.12.30 14:36:30.727,1.51534,1.51576,1.00,1.00
2016.12.30 14:36:31.029,1.51534,1.51576,2.50,1.00
2016.12.30 14:36:31.130,1.51534,1.51578,1.00,1.00
2016.12.30 14:36:31.231,1.51534,1.51578,1.00,1.00
2016.12.30 14:36:31.517,1.51534,1.5158,2.50,1.00
2016.12.30 14:36:32.438,1.51534,1.51577,1.00,1.00
2016.12.30 14:36:32.640,1.51532,1.51574,1.00,1.00
2016.12.30 14:36:33.209,1.51532,1.51573,1.00,1.00
2016.12.30 14:36:34.336,1.5153,1.51573,1.00,1.50
2016.12.30 14:36:34.876,1.5153,1.51573,1.00,1.50
2016.12.30 14:36:35.028,1.5153,1.51573,1.00,1.50
2016.12.30 14:36:35.230,1.5153,1.51573,1.00,1.50
2016.12.30 14:36:36.923,1.5153,1.51573,1.00,1.00
2016.12.30 14:36:37.135,1.5153,1.51573,1.00,1.50
2016.12.30 14:36:37.673,1.5153,1.51573,1.00,1.00
2016.12.30 14:36:38.360,1.5153,1.51573,1.00,1.00
2016.12.30 14:36:38.475,1.5153,1.51567,1.00,1.00
2016.12.30 14:36:38.785,1.51532,1.51567,1.00,1.00
2016.12.30 14:36:38.836,1.51532,1.51574,1.00,1.00
2016.12.30 14:36:38.911,1.51532,1.51567,1.00,1.00
2016.12.30 14:36:39.365,1.51534,1.51567,1.00,1.00
2016.12.30 14:36:39.415,1.51534,1.51574,1.00,1.00
2016.12.30 14:36:39.466,1.51534,1.51574,1.00,1.00
2016.12.30 14:36:39.567,1.51534,1.51566,1.00,1.00
2016.12.30 14:36:39.669,1.51534,1.51573,1.00,1.00
2016.12.30 14:36:39.759,1.51534,1.51576,1.00,1.00
2016.12.30 14:36:39.826,1.51534,1.5158,1.00,1.00
2016.12.30 14:36:39.876,1.51537,1.5158,1.00,1.00
2016.12.30 14:36:40.418,1.51538,1.51579,1.00,1.00
2016.12.30 14:36:40.574,1.51538,1.51579,1.00,1.00
2016.12.30 14:36:40.939,1.51538,1.51577,1.00,1.00
2016.12.30 14:36:43.644,1.5154,1.51577,1.00,1.00
2016.12.30 14:36:44.854,1.5154,1.51576,1.00,1.00
2016.12.30 14:36:45.881,1.5154,1.51576,1.00,1.00
2016.12.30 14:36:46.032,1.51544,1.5158,1.00,1.00
2016.12.30 14:36:46.234,1.51551,1.516,1.00,1.00
2016.12.30 14:36:46.331,1.51551,1.516,1.00,1.00
2016.12.30 14:36:46.382,1.51547,1.51593,1.50,1.00
2016.12.30 14:36:46.686,1.51547,1.51586,1.00,1.00
2016.12.30 14:36:46.837,1.51546,1.51588,1.00,1.00
2016.12.30 14:36:46.888,1.51546,1.51588,1.00,1.00
2016.12.30 14:36:47.639,1.51546,1.51588,1.00,1.00
2016.12.30 14:36:47.985,1.51546,1.51588,1.00,1.00
2016.12.30 14:36:49.171,1.51546,1.51588,1.00,1.00
2016.12.30 14:36:50.917,1.51548,1.51596,1.50,1.00
2016.12.30 14:36:50.968,1.51549,1.51596,2.50,1.00
2016.12.30 14:36:51.295,1.51552,1.51596,1.00,1.00
2016.12.30 14:36:51.397,1.51552,1.51596,1.00,1.50
2016.12.30 14:36:51.999,1.51552,1.51595,1.00,1.00
2016.12.30 14:36:52.201,1.51552,1.51593,1.00,1.00
2016.12.30 14:36:52.818,1.51552,1.51596,1.00,1.50
2016.12.30 14:36:52.919,1.51549,1.51596,1.00,1.50
2016.12.30 14:36:53.179,1.51549,1.51596,1.00,1.00
2016.12.30 14:36:53.482,1.51559,1.516,1.50,1.00
2016.12.30 14:36:53.784,1.51563,1.51601,2.50,1.00
2016.12.30 14:36:54.460,1.51564,1.51606,1.50,1.00
2016.12.30 14:36:54.708,1.51567,1.51606,1.00,1.00
2016.12.30 14:36:54.955,1.51567,1.51606,1.00,1.00
2016.12.30 14:36:55.122,1.51567,1.51611,1.00,1.00
2016.12.30 14:36:55.558,1.51567,1.51611,1.00,1.00
2016.12.30 14:36:56.510,1.51567,1.51611,1.00,1.00
2016.12.30 14:36:56.756,1.51567,1.51606,1.00,1.00
2016.12.30 14:36:56.857,1.51567,1.51611,1.00,1.00
2016.12.30 14:36:57.622,1.51567,1.51607,1.00,1.00
2016.12.30 14:36:58.250,1.51567,1.51606,1.00,1.00
2016.12.30 14:36:58.351,1.51567,1.51611,1.00,1.00
2016.12.30 14:36:58.452,1.51566,1.51606,1.00,1.00
2016.12.30 14:36:58.860,1.51566,1.51606,1.00,1.00
2016.12.30 14:36:58.911,1.51566,1.51612,1.00,1.00
2016.12.30 14:36:59.361,1.51566,1.51606,1.00,1.00
2016.12.30 14:36:59.609,1.51566,1.51611,1.00,1.00
2016.12.30 14:37:00.116,1.51566,1.51607,1.00,1.00
2016.12.30 14:37:00.272,1.51566,1.51611,1.00,1.00
2016.12.30 14:37:00.423,1.51564,1.51611,1.00,1.87
2016.12.30 14:37:00.474,1.51564,1.51606,1.00,1.00
2016.12.30 14:37:00.829,1.51564,1.51606,1.00,1.00
2016.12.30 14:37:00.880,1.51564,1.51611,1.00,1.12
2016.12.30 14:37:00.982,1.51564,1.51606,1.00,1.00
2016.12.30 14:37:01.032,1.51564,1.51606,1.00,1.00
2016.12.30 14:37:01.234,1.51565,1.51606,1.00,1.00
2016.12.30 14:37:01.335,1.51565,1.51612,1.00,1.00
2016.12.30 14:37:01.487,1.51565,1.51607,1.00,1.00
2016.12.30 14:37:01.537,1.51565,1.51607,1.00,1.00
2016.12.30 14:37:01.945,1.51565,1.51607,1.00,1.00
2016.12.30 14:37:02.423,1.51565,1.51611,2.50,1.00
2016.12.30 14:37:02.819,1.51565,1.51606,2.50,1.00
2016.12.30 14:37:03.454,1.51568,1.51606,1.00,1.00
2016.12.30 14:37:04.823,1.51568,1.51607,1.00,1.00
2016.12.30 14:37:05.859,1.51568,1.51606,1.00,1.00
2016.12.30 14:37:06.149,1.5157,1.51612,1.00,1.00
2016.12.30 14:37:06.446,1.5157,1.51606,1.00,1.00
2016.12.30 14:37:07.044,1.5157,1.51612,1.00,1.00
2016.12.30 14:37:07.914,1.5157,1.51611,1.00,1.00
2016.12.30 14:37:08.139,1.51568,1.51611,1.00,1.00
2016.12.30 14:37:08.293,1.51568,1.51609,1.00,1.00
2016.12.30 14:37:08.670,1.51567,1.51596,1.00,1.00
2016.12.30 14:37:09.179,1.51566,1.51597,1.00,1.00
2016.12.30 14:37:09.230,1.51566,1.51599,1.00,1.00
2016.12.30 14:37:09.331,1.51564,1.51599,1.00,1.00
2016.12.30 14:37:09.381,1.51564,1.51596,1.00,1.00
2016.12.30 14:37:09.482,1.51564,1.51599,1.00,1.00
2016.12.30 14:37:09.899,1.51564,1.51599,1.00,1.00
2016.12.30 14:37:10.062,1.51562,1.51598,1.00,1.00
2016.12.30 14:37:10.674,1.51562,1.51599,1.00,1.00
2016.12.30 14:37:11.255,1.51562,1.51598,1.00,1.00
2016.12.30 14:37:11.365,1.5156,1.51598,1.00,1.00
2016.12.30 14:37:11.775,1.51556,1.51598,1.00,1.00
2016.12.30 14:37:11.927,1.51555,1.51596,1.00,1.00
2016.12.30 14:37:12.036,1.51555,1.51598,1.00,1.00
2016.12.30 14:37:12.288,1.51555,1.51586,1.00,1.00
2016.12.30 14:37:12.389,1.51554,1.51597,1.00,1.00
2016.12.30 14:37:12.440,1.51552,1.51596,1.00,1.00
2016.12.30 14:37:12.591,1.51552,1.51593,1.00,1.00
2016.12.30 14:37:13.051,1.51552,1.51591,1.00,1.00
2016.12.30 14:37:13.364,1.51552,1.51586,1.00,1.00
2016.12.30 14:37:13.516,1.51552,1.51596,1.00,1.50
2016.12.30 14:37:13.567,1.51552,1.51596,1.00,1.50
2016.12.30 14:37:13.718,1.51552,1.51599,1.50,1.00
2016.12.30 14:37:13.769,1.51553,1.51599,1.50,1.00
2016.12.30 14:37:13.953,1.51553,1.51599,2.50,1.00
2016.12.30 14:37:14.380,1.51553,1.51598,2.50,1.00
2016.12.30 14:37:15.009,1.51555,1.51601,1.00,1.00
2016.12.30 14:37:15.212,1.51557,1.51605,1.00,1.00
2016.12.30 14:37:15.363,1.51559,1.51605,1.00,1.50
2016.12.30 14:37:15.782,1.51559,1.51603,1.00,1.00
2016.12.30 14:37:16.011,1.51554,1.51596,1.00,1.00
2016.12.30 14:37:16.756,1.51553,1.51596,1.00,1.00
2016.12.30 14:37:16.957,1.51553,1.51596,1.00,1.00
2016.12.30 14:37:17.609,1.51553,1.51597,1.00,1.00
2016.12.30 14:37:17.883,1.51553,1.51597,1.00,1.00
2016.12.30 14:37:17.984,1.51553,1.51596,1.00,1.50
2016.12.30 14:37:18.060,1.51553,1.51596,1.00,1.50
2016.12.30 14:37:18.228,1.51553,1.51594,1.00,1.00
2016.12.30 14:37:18.406,1.51553,1.51596,1.00,1.00
2016.12.30 14:37:18.667,1.51553,1.51595,1.00,1.00
2016.12.30 14:37:18.905,1.51553,1.51597,1.00,1.00
2016.12.30 14:37:19.343,1.51553,1.51597,1.00,1.00
2016.12.30 14:37:21.147,1.51553,1.51596,1.00,1.00
2016.12.30 14:37:21.700,1.51553,1.51597,1.00,1.00
2016.12.30 14:37:21.756,1.51553,1.5159,1.00,1.00
2016.12.30 14:37:21.857,1.51551,1.5159,1.00,1.00
2016.12.30 14:37:22.008,1.51551,1.51586,1.00,1.00
2016.12.30 14:37:22.609,1.5155,1.51587,1.00,1.00
2016.12.30 14:37:23.148,1.51548,1.51587,1.00,1.00
2016.12.30 14:37:23.499,1.51549,1.51595,1.00,1.00
2016.12.30 14:37:23.550,1.51552,1.51596,1.00,1.00
2016.12.30 14:37:23.905,1.51552,1.51593,1.00,1.00
2016.12.30 14:37:23.955,1.51547,1.51593,1.00,1.00
2016.12.30 14:37:24.056,1.51547,1.51587,1.00,1.00
2016.12.30 14:37:24.157,1.51547,1.51592,1.00,1.00
2016.12.30 14:37:24.359,1.51547,1.5159,1.00,1.00
2016.12.30 14:37:24.660,1.51547,1.51586,1.00,1.00
2016.12.30 14:37:24.937,1.51547,1.51589,1.00,1.00
2016.12.30 14:37:25.357,1.51547,1.51587,1.00,1.00
2016.12.30 14:37:25.408,1.51547,1.51593,1.00,1.50
2016.12.30 14:37:25.559,1.51547,1.51593,1.00,1.50
2016.12.30 14:37:25.660,1.51547,1.51593,1.00,1.50
2016.12.30 14:37:26.152,1.51547,1.51593,1.00,1.50
2016.12.30 14:37:26.681,1.51547,1.51592,1.00,1.00
2016.12.30 14:37:27.074,1.51547,1.5159,1.00,1.00
2016.12.30 14:37:27.427,1.51547,1.51584,1.00,1.00
2016.12.30 14:37:27.578,1.51542,1.51579,1.00,1.00
2016.12.30 14:37:27.780,1.51539,1.51579,1.00,1.00
2016.12.30 14:37:28.309,1.51539,1.5158,1.00,1.00
2016.12.30 14:37:29.401,1.51539,1.51579,1.00,1.00
2016.12.30 14:37:30.086,1.51539,1.5158,1.00,1.00
2016.12.30 14:37:30.617,1.51539,1.51579,1.00,1.00
2016.12.30 14:37:31.218,1.51539,1.5158,1.00,1.00
2016.12.30 14:37:31.446,1.51539,1.51578,1.00,1.00
2016.12.30 14:37:31.773,1.51539,1.51576,1.00,1.00
2016.12.30 14:37:32.106,1.51539,1.51576,1.00,1.00
2016.12.30 14:37:32.261,1.51539,1.51576,1.00,1.00
2016.12.30 14:37:32.788,1.51539,1.51576,1.00,1.00
2016.12.30 14:37:33.090,1.51539,1.51576,1.00,1.00
2016.12.30 14:37:33.292,1.51539,1.51576,1.00,1.00
2016.12.30 14:37:33.507,1.51538,1.51576,1.00,1.00
2016.12.30 14:37:33.709,1.51538,1.51576,1.00,1.00
2016.12.30 14:37:33.810,1.5154,1.5158,1.00,1.00
2016.12.30 14:37:33.911,1.5154,1.51587,1.00,1.50
2016.12.30 14:37:34.372,1.51542,1.51587,1.00,1.50
2016.12.30 14:37:34.691,1.51544,1.51586,1.00,1.00
2016.12.30 14:37:35.083,1.51544,1.51585,1.00,1.00
2016.12.30 14:37:35.487,1.51544,1.51579,1.00,1.00
2016.12.30 14:37:35.810,1.51544,1.5158,1.00,1.00
2016.12.30 14:37:36.431,1.51544,1.51577,1.00,1.00
2016.12.30 14:37:36.680,1.51544,1.51576,1.00,1.00
2016.12.30 14:37:37.237,1.51544,1.51576,1.00,1.00
2016.12.30 14:37:37.788,1.51544,1.51576,1.00,1.00
2016.12.30 14:37:38.135,1.51544,1.51583,1.00,1.00
2016.12.30 14:37:38.395,1.51544,1.51582,1.00,1.00
2016.12.30 14:37:38.912,1.51544,1.51582,1.00,1.00
2016.12.30 14:37:39.600,1.51544,1.51583,1.00,1.00
2016.12.30 14:37:40.515,1.51544,1.51582,1.00,1.00
2016.12.30 14:37:41.401,1.51544,1.51583,1.00,1.00
2016.12.30 14:37:41.699,1.51544,1.51587,1.00,1.00
2016.12.30 14:37:42.326,1.51544,1.51587,1.00,1.50
2016.12.30 14:37:43.390,1.51544,1.51586,1.00,1.00
2016.12.30 14:37:44.927,1.51544,1.51587,1.00,1.00
2016.12.30 14:37:46.109,1.51544,1.51586,1.00,1.00
2016.12.30 14:37:46.635,1.51544,1.51586,1.00,1.00
2016.12.30 14:37:47.156,1.51541,1.51587,1.00,1.00
2016.12.30 14:37:48.037,1.5154,1.51586,1.00,1.00
2016.12.30 14:37:48.652,1.5154,1.51586,1.00,1.00
2016.12.30 14:37:49.748,1.5154,1.51587,1.00,1.00
2016.12.30 14:37:50.547,1.5154,1.51586,1.00,1.00
2016.12.30 14:37:50.598,1.5154,1.51581,1.00,1.00
2016.12.30 14:37:50.648,1.51539,1.51581,1.00,1.00
2016.12.30 14:37:51.178,1.51539,1.51582,1.00,1.00
2016.12.30 14:37:52.140,1.51539,1.51581,1.00,1.00
2016.12.30 14:37:52.292,1.51539,1.51586,1.50,1.00
2016.12.30 14:37:52.681,1.51539,1.51582,1.00,1.00
2016.12.30 14:37:53.204,1.51539,1.51587,1.00,1.50
2016.12.30 14:37:55.073,1.51539,1.51586,1.00,1.00
2016.12.30 14:37:56.206,1.51539,1.51587,1.00,2.25
2016.12.30 14:37:57.042,1.51539,1.51587,1.00,1.50
2016.12.30 14:37:57.902,1.51539,1.51587,1.00,1.00
2016.12.30 14:37:58.448,1.51539,1.51586,1.00,1.00
2016.12.30 14:37:59.188,1.51539,1.51587,1.00,1.00
2016.12.30 14:37:59.240,1.51539,1.51587,1.00,1.00
2016.12.30 14:37:59.810,1.51539,1.51587,1.00,1.00
2016.12.30 14:37:59.861,1.51539,1.51586,1.50,1.00
2016.12.30 14:38:00.266,1.51539,1.51587,1.00,3.00
2016.12.30 14:38:00.317,1.51539,1.51579,1.00,1.00
2016.12.30 14:38:00.837,1.51538,1.5158,1.00,1.00
2016.12.30 14:38:00.887,1.51538,1.51583,1.00,1.00
2016.12.30 14:38:01.421,1.51538,1.51584,1.00,1.00
2016.12.30 14:38:01.863,1.51538,1.51583,1.00,1.00
2016.12.30 14:38:01.965,1.51538,1.51585,1.00,1.00
2016.12.30 14:38:02.066,1.51534,1.51576,1.00,1.00
2016.12.30 14:38:02.292,1.51534,1.51584,2.50,1.00
2016.12.30 14:38:02.906,1.51534,1.51576,1.00,1.00
2016.12.30 14:38:02.957,1.51534,1.51576,1.00,1.00
2016.12.30 14:38:03.008,1.51534,1.51579,2.50,1.00
2016.12.30 14:38:03.209,1.51534,1.51576,1.00,1.00
2016.12.30 14:38:03.422,1.51534,1.51579,1.50,1.00
2016.12.30 14:38:03.473,1.51535,1.51579,1.00,1.00
2016.12.30 14:38:04.009,1.51536,1.51579,1.00,1.00
2016.12.30 14:38:04.248,1.51536,1.51586,1.00,1.00
2016.12.30 14:38:04.349,1.51536,1.51576,1.00,1.00
2016.12.30 14:38:04.450,1.51536,1.51576,1.00,1.00
2016.12.30 14:38:05.052,1.51536,1.51577,1.00,1.00
2016.12.30 14:38:05.153,1.51537,1.51577,1.00,1.00
2016.12.30 14:38:05.690,1.51537,1.51566,1.00,1.00
2016.12.30 14:38:05.740,1.51534,1.51566,1.00,1.00
2016.12.30 14:38:05.791,1.51534,1.51576,1.00,1.37
2016.12.30 14:38:05.842,1.51526,1.51571,1.00,1.00
2016.12.30 14:38:06.052,1.51526,1.51566,1.00,1.00
2016.12.30 14:38:06.691,1.51526,1.51567,1.00,1.00
2016.12.30 14:38:07.231,1.51526,1.51566,1.00,1.00
2016.12.30 14:38:07.534,1.51526,1.51573,1.00,1.00
2016.12.30 14:38:07.584,1.51533,1.51577,1.00,1.00
2016.12.30 14:38:07.887,1.51537,1.51576,1.00,1.00
2016.12.30 14:38:07.938,1.51537,1.51582,1.00,1.00
2016.12.30 14:38:08.090,1.51541,1.51579,1.00,1.00
2016.12.30 14:38:08.191,1.51541,1.51579,1.00,1.00
2016.12.30 14:38:08.242,1.51541,1.51579,1.00,1.00
2016.12.30 14:38:08.293,1.51541,1.51586,1.00,1.00
2016.12.30 14:38:08.840,1.51541,1.51588,1.00,1.00
2016.12.30 14:38:08.941,1.51541,1.51586,1.00,1.00
2016.12.30 14:38:09.243,1.51545,1.51577,1.00,1.00
2016.12.30 14:38:09.615,1.51545,1.51581,1.00,1.00
2016.12.30 14:38:10.144,1.51547,1.51587,1.00,1.00
2016.12.30 14:38:10.195,1.51551,1.51593,1.00,1.00
2016.12.30 14:38:10.347,1.51556,1.51586,1.00,1.00
2016.12.30 14:38:10.397,1.51556,1.51593,1.00,1.00
2016.12.30 14:38:10.448,1.51548,1.51593,1.00,1.00
2016.12.30 14:38:10.549,1.51548,1.51592,1.00,1.00
2016.12.30 14:38:10.600,1.51548,1.51594,1.00,1.00
2016.12.30 14:38:10.651,1.51549,1.51594,1.00,1.00
2016.12.30 14:38:10.752,1.51549,1.51594,1.00,1.00
2016.12.30 14:38:11.188,1.51549,1.51593,1.00,1.00
2016.12.30 14:38:11.289,1.51549,1.51594,1.00,1.00
2016.12.30 14:38:11.600,1.51551,1.51597,1.00,1.00
2016.12.30 14:38:11.650,1.51551,1.51597,1.00,1.00
2016.12.30 14:38:11.873,1.51551,1.51595,1.00,1.00
2016.12.30 14:38:12.497,1.51551,1.51596,1.00,1.00
2016.12.30 14:38:12.890,1.51551,1.51596,1.00,1.00
2016.12.30 14:38:13.092,1.51555,1.51604,1.00,1.50
2016.12.30 14:38:13.242,1.51555,1.51601,1.00,1.00
2016.12.30 14:38:13.748,1.51555,1.51601,1.00,1.00
2016.12.30 14:38:14.257,1.51556,1.51601,1.00,1.00
2016.12.30 14:38:14.752,1.51558,1.51602,1.00,1.00
2016.12.30 14:38:15.278,1.51558,1.51601,1.00,1.00
2016.12.30 14:38:15.780,1.51562,1.5161,1.00,1.00
2016.12.30 14:38:16.188,1.51563,1.51606,1.00,1.00
2016.12.30 14:38:16.698,1.51563,1.51607,1.00,1.00
2016.12.30 14:38:17.237,1.51563,1.51606,1.00,1.00
2016.12.30 14:38:17.757,1.51564,1.51606,1.00,1.00
2016.12.30 14:38:18.366,1.51566,1.51606,1.00,1.00
2016.12.30 14:38:19.217,1.51566,1.51606,1.00,1.00
2016.12.30 14:38:19.268,1.51566,1.51606,1.00,1.00
2016.12.30 14:38:19.470,1.51566,1.51607,1.00,1.00
2016.12.30 14:38:20.059,1.51566,1.51607,1.00,1.00
2016.12.30 14:38:20.662,1.51566,1.51607,1.00,1.00
2016.12.30 14:38:21.799,1.51566,1.51606,1.00,1.00
2016.12.30 14:38:22.372,1.51566,1.51606,1.00,1.00
2016.12.30 14:38:23.356,1.51566,1.5161,1.00,1.00
2016.12.30 14:38:23.464,1.51566,1.5161,1.00,1.00
2016.12.30 14:38:23.797,1.51566,1.51607,1.00,1.00
2016.12.30 14:38:24.171,1.51566,1.51607,1.00,1.00
2016.12.30 14:38:25.995,1.51566,1.51607,1.00,1.00
2016.12.30 14:38:26.526,1.51566,1.51606,1.00,1.00
2016.12.30 14:38:27.292,1.51566,1.51606,1.00,1.00
2016.12.30 14:38:27.343,1.51566,1.51602,1.00,1.00
2016.12.30 14:38:27.394,1.51564,1.51601,1.00,1.00
2016.12.30 14:38:27.445,1.51564,1.51597,1.00,1.00
2016.12.30 14:38:27.496,1.51562,1.51597,1.00,1.00
2016.12.30 14:38:27.597,1.51559,1.51595,1.00,1.00
2016.12.30 14:38:27.698,1.51557,1.51595,1.00,1.00
2016.12.30 14:38:27.900,1.51557,1.51591,1.00,1.00
2016.12.30 14:38:28.001,1.51555,1.51594,1.00,1.00
2016.12.30 14:38:28.102,1.51555,1.51594,1.00,1.00
2016.12.30 14:38:28.202,1.51555,1.51594,1.00,1.00
2016.12.30 14:38:28.393,1.51555,1.51594,1.00,1.00
2016.12.30 14:38:28.696,1.51555,1.51596,1.00,1.00
2016.12.30 14:38:28.934,1.51555,1.51599,1.00,1.50
2016.12.30 14:38:29.110,1.51557,1.51597,1.00,1.00
2016.12.30 14:38:29.311,1.51557,1.51597,1.00,1.00
2016.12.30 14:38:29.515,1.51557,1.51594,1.00,1.00
2016.12.30 14:38:29.616,1.51556,1.51594,1.00,1.00
2016.12.30 14:38:29.748,1.51556,1.51591,1.00,1.00
2016.12.30 14:38:29.799,1.51551,1.5159,1.00,1.00
2016.12.30 14:38:30.000,1.51551,1.51593,1.00,1.00
2016.12.30 14:38:30.101,1.51551,1.51595,1.00,1.00
2016.12.30 14:38:30.353,1.51551,1.51591,1.00,1.00
2016.12.30 14:38:30.932,1.51551,1.51591,1.00,1.00
2016.12.30 14:38:31.325,1.51552,1.51595,1.00,1.00
2016.12.30 14:38:31.612,1.51554,1.51596,1.00,1.00
2016.12.30 14:38:31.765,1.51554,1.51598,1.00,1.00
2016.12.30 14:38:32.350,1.51555,1.51597,1.00,1.00
2016.12.30 14:38:32.400,1.51559,1.51597,1.00,1.00
2016.12.30 14:38:32.451,1.51559,1.516,1.00,1.00
2016.12.30 14:38:32.501,1.51562,1.516,1.00,1.00
2016.12.30 14:38:32.552,1.51562,1.51602,1.00,1.00
2016.12.30 14:38:33.128,1.51562,1.51602,1.00,1.00
2016.12.30 14:38:33.765,1.51562,1.51603,1.00,1.00
2016.12.30 14:38:34.315,1.51566,1.51607,1.50,1.00
2016.12.30 14:38:34.366,1.51571,1.51614,1.50,1.00
2016.12.30 14:38:34.416,1.51584,1.51621,1.50,1.00
2016.12.30 14:38:34.673,1.51584,1.51627,1.00,1.00
2016.12.30 14:38:34.724,1.51584,1.51626,1.00,1.00
2016.12.30 14:38:35.026,1.51584,1.51624,1.00,1.00
2016.12.30 14:38:35.127,1.51584,1.51626,1.00,1.00
2016.12.30 14:38:35.430,1.51584,1.51627,1.00,1.00
2016.12.30 14:38:35.531,1.51584,1.51625,1.50,1.00
2016.12.30 14:38:35.816,1.51577,1.51621,1.00,1.00
2016.12.30 14:38:35.867,1.51577,1.51616,1.00,1.00
2016.12.30 14:38:36.169,1.51577,1.51615,1.00,1.00
2016.12.30 14:38:36.421,1.51576,1.51615,1.00,1.00
2016.12.30 14:38:36.751,1.51576,1.51618,1.00,1.00
2016.12.30 14:38:36.912,1.51576,1.51616,1.00,1.00
2016.12.30 14:38:37.453,1.51576,1.51616,1.00,1.50
2016.12.30 14:38:37.504,1.51575,1.51616,1.00,1.00
2016.12.30 14:38:38.071,1.51575,1.51612,1.00,1.50
2016.12.30 14:38:38.122,1.5157,1.51611,1.00,1.00
2016.12.30 14:38:38.223,1.5157,1.51609,1.00,1.00
2016.12.30 14:38:38.742,1.51569,1.51609,1.00,1.00
2016.12.30 14:38:39.271,1.51569,1.51607,1.00,1.00
2016.12.30 14:38:39.606,1.51565,1.51607,1.00,1.00
2016.12.30 14:38:39.757,1.51565,1.51607,1.00,1.00
2016.12.30 14:38:39.808,1.51565,1.51613,1.00,1.37
2016.12.30 14:38:39.924,1.51572,1.51606,1.00,1.00
2016.12.30 14:38:40.027,1.51575,1.51612,1.00,1.00
2016.12.30 14:38:40.228,1.51581,1.51613,1.00,1.00
2016.12.30 14:38:40.329,1.51581,1.51613,1.00,1.00
2016.12.30 14:38:40.380,1.51581,1.51617,1.00,1.00
2016.12.30 14:38:40.431,1.51581,1.51624,1.00,1.00
2016.12.30 14:38:40.532,1.51581,1.51617,1.00,1.00
2016.12.30 14:38:40.834,1.51585,1.51617,1.00,1.00
2016.12.30 14:38:40.885,1.51585,1.51626,1.00,1.00
2016.12.30 14:38:41.087,1.51586,1.51617,1.00,1.00
2016.12.30 14:38:41.307,1.51586,1.51617,1.00,1.00
2016.12.30 14:38:41.856,1.51586,1.51616,1.00,1.00
2016.12.30 14:38:41.907,1.51586,1.51616,1.00,1.00
2016.12.30 14:38:42.210,1.5159,1.51616,1.00,1.00
2016.12.30 14:38:42.726,1.5159,1.51626,1.00,1.00
2016.12.30 14:38:42.896,1.5159,1.51626,1.00,1.00
2016.12.30 14:38:43.053,1.5159,1.51616,1.00,1.00
2016.12.30 14:38:43.386,1.5159,1.51616,1.00,1.00
2016.12.30 14:38:45.896,1.51592,1.51616,1.00,1.00
2016.12.30 14:38:46.196,1.51592,1.51616,1.00,1.00
2016.12.30 14:38:46.440,1.51592,1.51626,1.00,1.00
2016.12.30 14:38:46.743,1.51592,1.51616,1.00,1.00
2016.12.30 14:38:47.405,1.51592,1.51617,1.00,1.00
2016.12.30 14:38:47.934,1.51591,1.51616,1.00,1.00
2016.12.30 14:38:48.085,1.51591,1.51626,1.00,1.00
2016.12.30 14:38:50.230,1.51591,1.51616,1.00,1.00
2016.12.30 14:38:50.776,1.51591,1.51617,1.00,1.00
2016.12.30 14:38:51.336,1.51591,1.51616,1.00,1.00
2016.12.30 14:38:52.009,1.51591,1.51617,1.00,1.00
2016.12.30 14:38:52.320,1.51591,1.51626,1.00,1.00
2016.12.30 14:38:52.521,1.51591,1.51626,1.00,1.00
2016.12.30 14:38:52.836,1.51592,1.51626,1.00,1.00
2016.12.30 14:38:53.510,1.51593,1.51627,1.00,1.00
2016.12.30 14:38:54.066,1.51594,1.51627,1.00,1.00
2016.12.30 14:38:56.045,1.51595,1.51636,1.00,1.00
2016.12.30 14:38:56.146,1.51603,1.51636,1.00,1.00
2016.12.30 14:38:57.400,1.51603,1.51637,1.00,1.00
2016.12.30 14:38:57.753,1.51597,1.51634,1.00,1.00
2016.12.30 14:38:57.955,1.51595,1.51626,1.00,1.00
2016.12.30 14:38:58.672,1.51594,1.51626,1.00,1.00
2016.12.30 14:38:59.050,1.51594,1.51626,1.00,1.00
2016.12.30 14:38:59.652,1.51594,1.51626,1.00,1.00
2016.12.30 14:39:01.141,1.51594,1.51634,1.00,1.00
2016.12.30 14:39:01.393,1.51594,1.51626,1.00,1.00
2016.12.30 14:39:03.624,1.51594,1.51633,1.00,1.00
2016.12.30 14:39:03.725,1.51595,1.51636,1.00,1.00
2016.12.30 14:39:04.349,1.51596,1.51636,1.00,1.00
2016.12.30 14:39:04.768,1.51596,1.51637,1.00,1.50
2016.12.30 14:39:05.242,1.51596,1.51626,1.00,1.00
2016.12.30 14:39:05.451,1.51596,1.51626,1.00,1.00
2016.12.30 14:39:05.552,1.51594,1.51626,1.00,1.00
2016.12.30 14:39:05.653,1.51594,1.51626,1.00,1.00
2016.12.30 14:39:05.938,1.51594,1.51637,1.00,1.50
2016.12.30 14:39:05.989,1.51594,1.51633,1.00,1.00
2016.12.30 14:39:06.140,1.51592,1.51633,1.00,1.00
2016.12.30 14:39:06.241,1.51592,1.51626,1.00,1.00
2016.12.30 14:39:06.761,1.51592,1.51627,1.00,1.00
2016.12.30 14:39:06.963,1.5159,1.51627,1.00,1.00
2016.12.30 14:39:08.572,1.5159,1.51626,1.00,1.00
2016.12.30 14:39:08.946,1.51582,1.51625,1.00,1.00
2016.12.30 14:39:09.082,1.51581,1.51621,1.00,1.50
2016.12.30 14:39:09.385,1.51581,1.51617,1.00,1.00
2016.12.30 14:39:09.915,1.51581,1.51616,1.00,1.00
2016.12.30 14:39:10.283,1.51581,1.51616,1.00,1.00
2016.12.30 14:39:10.333,1.51582,1.51627,1.00,1.50
2016.12.30 14:39:10.467,1.51586,1.51616,1.00,1.00
2016.12.30 14:39:11.106,1.51586,1.51617,1.00,1.00
2016.12.30 14:39:11.980,1.51586,1.51616,1.00,1.00
2016.12.30 14:39:13.311,1.51586,1.51616,1.00,1.00
2016.12.30 14:39:13.362,1.51586,1.51626,1.00,1.00
2016.12.30 14:39:13.914,1.51586,1.51627,1.00,1.50
2016.12.30 14:39:14.361,1.51587,1.51626,1.00,1.00
2016.12.30 14:39:14.704,1.51589,1.51626,1.00,1.00
2016.12.30 14:39:15.705,1.51589,1.51627,1.00,1.50
2016.12.30 14:39:15.906,1.51589,1.51627,1.00,1.00
2016.12.30 14:39:15.957,1.51589,1.51627,1.00,1.00
2016.12.30 14:39:16.259,1.51589,1.51616,1.00,1.00
2016.12.30 14:39:16.946,1.51589,1.51627,1.00,1.00
2016.12.30 14:39:17.204,1.51589,1.51616,1.00,1.00
2016.12.30 14:39:17.471,1.51589,1.51626,1.00,1.00
2016.12.30 14:39:18.067,1.51589,1.51617,1.00,1.00
2016.12.30 14:39:18.168,1.51586,1.51617,1.00,1.00
2016.12.30 14:39:18.468,1.51586,1.51617,1.00,1.00
2016.12.30 14:39:18.582,1.51586,1.51627,1.00,1.00
2016.12.30 14:39:18.633,1.51586,1.5163,1.00,1.00
2016.12.30 14:39:18.683,1.51586,1.51629,1.00,1.00
2016.12.30 14:39:18.984,1.51586,1.51626,1.00,1.00
2016.12.30 14:39:19.085,1.51586,1.51625,1.00,1.00
2016.12.30 14:39:19.287,1.51586,1.51626,1.00,1.50
2016.12.30 14:39:19.338,1.51586,1.51624,1.00,1.00
2016.12.30 14:39:19.388,1.51584,1.51624,1.00,1.00
2016.12.30 14:39:19.439,1.51584,1.51622,1.00,1.00
2016.12.30 14:39:19.741,1.51582,1.51617,1.00,1.00
2016.12.30 14:39:20.245,1.51582,1.51616,1.00,1.00
2016.12.30 14:39:20.349,1.51582,1.51622,1.00,1.50
2016.12.30 14:39:20.399,1.51582,1.51621,1.00,1.00
2016.12.30 14:39:20.703,1.51594,1.51626,1.00,1.00
2016.12.30 14:39:20.854,1.51594,1.51636,1.00,1.50
2016.12.30 14:39:21.551,1.51598,1.51637,1.00,1.00
2016.12.30 14:39:22.072,1.51599,1.51636,1.00,1.00
2016.12.30 14:39:22.638,1.51599,1.51643,1.00,1.00
2016.12.30 14:39:23.188,1.51599,1.51644,1.00,1.00
2016.12.30 14:39:23.373,1.51599,1.51642,1.00,1.00
2016.12.30 14:39:23.921,1.51599,1.51641,1.00,1.00
2016.12.30 14:39:24.229,1.51599,1.51639,1.00,1.00
2016.12.30 14:39:24.280,1.51602,1.51645,1.00,1.00
2016.12.30 14:39:24.357,1.51606,1.51647,1.00,1.00
2016.12.30 14:39:24.676,1.51606,1.51645,1.00,1.00
2016.12.30 14:39:25.158,1.51607,1.51645,1.00,1.00
2016.12.30 14:39:26.961,1.51607,1.51647,1.00,1.00
2016.12.30 14:39:31.560,1.51607,1.51647,1.00,1.00
2016.12.30 14:39:33.046,1.51607,1.51646,1.00,1.00
2016.12.30 14:39:33.097,1.51607,1.51644,1.00,1.00
2016.12.30 14:39:33.400,1.51605,1.51642,1.00,1.00
2016.12.30 14:39:33.550,1.51605,1.51636,1.00,1.00
2016.12.30 14:39:33.734,1.51605,1.51645,1.00,1.00
2016.12.30 14:39:34.046,1.51605,1.51637,1.00,1.00
2016.12.30 14:39:34.201,1.51605,1.51646,1.00,1.00
2016.12.30 14:39:34.303,1.51605,1.51645,1.00,1.00
2016.12.30 14:39:34.611,1.51605,1.51645,1.00,1.00
2016.12.30 14:39:36.940,1.51605,1.51646,1.00,1.50
2016.12.30 14:39:36.990,1.51605,1.51646,1.00,1.50
2016.12.30 14:39:37.676,1.51605,1.51646,1.00,2.25
2016.12.30 14:39:38.257,1.51605,1.51645,1.00,1.00
2016.12.30 14:39:40.531,1.51605,1.51646,1.00,2.25
2016.12.30 14:39:40.581,1.51605,1.51646,1.00,2.25
2016.12.30 14:39:40.686,1.51605,1.51636,1.00,1.00
2016.12.30 14:39:42.674,1.51605,1.51636,1.00,1.00
2016.12.30 14:39:43.103,1.51605,1.51645,1.00,1.00
2016.12.30 14:39:44.038,1.51605,1.51642,1.00,1.00
2016.12.30 14:39:44.389,1.51603,1.51636,1.00,1.00
2016.12.30 14:39:44.931,1.51602,1.51637,1.00,1.00
2016.12.30 14:39:44.981,1.516,1.51637,1.00,1.00
2016.12.30 14:39:45.524,1.516,1.51636,1.00,1.00
2016.12.30 14:39:45.823,1.51598,1.51636,1.00,1.00
2016.12.30 14:39:46.403,1.51598,1.51637,1.00,1.50
2016.12.30 14:39:46.956,1.51598,1.51636,1.00,1.00
2016.12.30 14:39:47.653,1.51598,1.51637,1.00,1.50
2016.12.30 14:39:48.202,1.51598,1.51636,1.00,1.00
2016.12.30 14:39:48.467,1.51598,1.51634,1.00,1.00
2016.12.30 14:39:48.619,1.51593,1.5163,1.00,1.00
2016.12.30 14:39:48.720,1.51593,1.51633,1.00,1.00
2016.12.30 14:39:48.788,1.51593,1.51634,1.00,1.00
2016.12.30 14:39:49.085,1.51594,1.51637,1.00,1.50
2016.12.30 14:39:49.295,1.51597,1.51637,1.00,1.50
2016.12.30 14:39:49.597,1.51597,1.51637,1.00,1.00
2016.12.30 14:39:49.784,1.51597,1.51637,1.00,1.00
2016.12.30 14:39:51.992,1.51597,1.51636,1.00,1.00
2016.12.30 14:39:53.244,1.51597,1.51637,1.00,1.00
2016.12.30 14:39:54.396,1.51597,1.51637,1.00,1.00
2016.12.30 14:39:58.083,1.51597,1.51636,1.00,1.00
2016.12.30 14:39:59.584,1.51597,1.51635,1.00,1.00
2016.12.30 14:40:00.092,1.51597,1.51635,1.00,1.00
2016.12.30 14:40:00.143,1.51597,1.51636,1.00,1.00
2016.12.30 14:40:00.718,1.51597,1.51636,1.00,1.00
2016.12.30 14:40:00.920,1.51597,1.51636,1.00,1.50
2016.12.30 14:40:01.122,1.51597,1.51636,1.00,1.50
2016.12.30 14:40:01.574,1.51597,1.51632,1.00,1.00
2016.12.30 14:40:01.625,1.51596,1.51632,1.00,1.00
2016.12.30 14:40:01.821,1.51595,1.51628,1.00,1.00
2016.12.30 14:40:01.922,1.5159,1.51627,1.00,1.00
2016.12.30 14:40:01.973,1.5159,1.51629,1.00,1.00
2016.12.30 14:40:02.024,1.5159,1.51629,1.00,1.00
2016.12.30 14:40:02.326,1.5159,1.51629,1.00,1.00
2016.12.30 14:40:02.477,1.5159,1.51631,1.00,1.00
2016.12.30 14:40:02.528,1.51589,1.51631,1.00,1.00
2016.12.30 14:40:02.952,1.51589,1.51633,1.00,1.50
2016.12.30 14:40:03.441,1.51589,1.51633,1.00,1.50
2016.12.30 14:40:03.753,1.51589,1.51627,1.00,1.00
2016.12.30 14:40:03.898,1.51589,1.51636,1.00,2.25
2016.12.30 14:40:03.948,1.51591,1.51636,1.00,1.00
2016.12.30 14:40:04.251,1.51595,1.51636,1.00,1.00
2016.12.30 14:40:04.453,1.51595,1.51637,1.00,1.50
2016.12.30 14:40:04.613,1.51595,1.51637,1.00,1.50
2016.12.30 14:40:04.940,1.51595,1.51633,1.00,1.00
2016.12.30 14:40:06.437,1.51595,1.51634,1.00,1.00
2016.12.30 14:40:06.547,1.51595,1.51633,1.00,1.00
2016.12.30 14:40:07.495,1.51595,1.51631,1.00,1.00
2016.12.30 14:40:07.717,1.51595,1.51631,1.00,1.00
2016.12.30 14:40:07.919,1.51595,1.51632,1.00,1.00
2016.12.30 14:40:09.325,1.51595,1.51631,1.00,1.00
2016.12.30 14:40:09.873,1.51595,1.51632,1.00,1.00
2016.12.30 14:40:10.439,1.51595,1.51631,1.00,1.00
2016.12.30 14:40:11.201,1.51595,1.51632,1.00,1.50
2016.12.30 14:40:11.459,1.51595,1.51631,1.00,1.50
2016.12.30 14:40:12.895,1.51595,1.51626,1.00,1.00
2016.12.30 14:40:13.420,1.51595,1.51631,1.00,1.50
2016.12.30 14:40:13.471,1.51593,1.51631,1.00,1.50
2016.12.30 14:40:14.016,1.51593,1.51626,1.00,1.00
2016.12.30 14:40:14.126,1.51591,1.51626,1.00,1.00
2016.12.30 14:40:14.926,1.51591,1.51626,1.00,1.00
2016.12.30 14:40:15.027,1.51589,1.51626,1.00,1.00
2016.12.30 14:40:15.668,1.51589,1.51626,1.00,1.00
2016.12.30 14:40:17.923,1.51589,1.51636,1.00,1.50
2016.12.30 14:40:17.973,1.51592,1.51639,1.00,1.00
2016.12.30 14:40:18.024,1.51592,1.51646,1.00,1.50
2016.12.30 14:40:18.134,1.51598,1.51646,1.00,2.25
2016.12.30 14:40:18.444,1.51598,1.51636,1.00,1.00
2016.12.30 14:40:18.545,1.51598,1.51643,1.00,1.00
2016.12.30 14:40:18.696,1.51598,1.51636,1.00,1.00
2016.12.30 14:40:18.847,1.51598,1.51643,1.00,1.00
2016.12.30 14:40:18.998,1.51598,1.51636,1.00,1.00
2016.12.30 14:40:19.459,1.51598,1.51626,1.00,1.00
2016.12.30 14:40:19.618,1.51598,1.51637,1.00,1.00
2016.12.30 14:40:20.160,1.51598,1.51636,1.00,1.00
2016.12.30 14:40:20.681,1.51598,1.51637,1.00,1.00
2016.12.30 14:40:21.258,1.51598,1.51636,1.00,1.00
2016.12.30 14:40:21.359,1.51598,1.51627,1.00,1.00
2016.12.30 14:40:21.517,1.51598,1.51636,1.00,1.00
2016.12.30 14:40:21.743,1.51597,1.51636,1.00,1.00
2016.12.30 14:40:22.247,1.51597,1.51637,1.00,1.50
2016.12.30 14:40:23.102,1.51597,1.51636,1.00,1.00
2016.12.30 14:40:24.839,1.51596,1.51636,1.00,1.00
2016.12.30 14:40:24.940,1.51596,1.51636,1.00,1.00
2016.12.30 14:40:25.667,1.51596,1.51636,1.00,1.00
2016.12.30 14:40:25.768,1.51596,1.51636,1.00,1.00
2016.12.30 14:40:25.869,1.51596,1.51636,1.00,1.00
2016.12.30 14:40:25.970,1.51596,1.51636,1.00,1.00
2016.12.30 14:40:26.516,1.51595,1.51635,1.00,1.00
2016.12.30 14:40:28.543,1.51594,1.51635,1.00,1.00
2016.12.30 14:40:29.073,1.51594,1.51636,1.00,1.50
2016.12.30 14:40:30.149,1.51594,1.51634,1.00,1.00
2016.12.30 14:40:30.381,1.51594,1.51634,1.00,1.00
2016.12.30 14:40:30.751,1.51594,1.51634,1.00,1.00
2016.12.30 14:40:31.412,1.51594,1.51636,1.00,1.50
2016.12.30 14:40:31.550,1.51594,1.51637,1.00,1.50
2016.12.30 14:40:31.651,1.51594,1.51636,1.00,1.00
2016.12.30 14:40:32.182,1.51594,1.51636,1.00,1.00
2016.12.30 14:40:32.791,1.51594,1.51637,1.00,1.50
2016.12.30 14:40:33.370,1.51594,1.51636,1.00,1.00
2016.12.30 14:40:34.204,1.51594,1.51637,1.00,1.00
2016.12.30 14:40:34.760,1.51594,1.51636,1.00,1.00
2016.12.30 14:40:36.227,1.51594,1.51637,1.00,1.00
2016.12.30 14:40:36.886,1.51594,1.51637,1.00,1.00
2016.12.30 14:40:37.454,1.51594,1.51637,1.00,1.00
2016.12.30 14:40:37.771,1.51596,1.51637,1.00,1.00
2016.12.30 14:40:38.381,1.51596,1.51636,1.00,1.00
2016.12.30 14:40:38.921,1.51596,1.51637,1.00,1.00
2016.12.30 14:40:39.698,1.51597,1.51637,1.00,1.00
2016.12.30 14:40:40.530,1.51597,1.51636,1.00,1.00
2016.12.30 14:40:41.738,1.51597,1.51637,1.00,1.00
2016.12.30 14:40:42.065,1.51599,1.51636,1.00,1.00
2016.12.30 14:40:42.488,1.51599,1.51634,1.00,1.00
2016.12.30 14:40:42.539,1.51599,1.51636,1.00,1.00
2016.12.30 14:40:43.396,1.51599,1.51636,1.00,1.00
2016.12.30 14:40:43.865,1.51599,1.51641,1.00,1.00
2016.12.30 14:40:43.916,1.51599,1.51644,1.00,1.50
2016.12.30 14:40:43.967,1.51603,1.51641,1.00,1.00
2016.12.30 14:40:44.199,1.51602,1.51636,1.00,1.00
2016.12.30 14:40:44.300,1.51602,1.51641,1.00,1.00
2016.12.30 14:40:44.401,1.51602,1.51641,1.00,1.00
2016.12.30 14:40:44.720,1.51602,1.51637,1.00,1.00
2016.12.30 14:40:45.084,1.51602,1.51643,1.00,1.50
2016.12.30 14:40:45.259,1.51602,1.51641,1.00,1.00
2016.12.30 14:40:45.561,1.51599,1.51637,1.00,1.00
2016.12.30 14:40:46.171,1.51599,1.51636,1.00,1.00
2016.12.30 14:40:46.686,1.51599,1.51636,1.00,1.00
2016.12.30 14:40:47.416,1.51599,1.51637,1.00,1.00
2016.12.30 14:40:48.390,1.51599,1.51637,1.00,1.00
2016.12.30 14:40:48.791,1.51599,1.51637,1.00,1.00
2016.12.30 14:40:49.210,1.51599,1.51646,1.00,1.50
2016.12.30 14:40:49.311,1.51602,1.51646,1.00,1.50
2016.12.30 14:40:49.613,1.51606,1.51646,1.00,1.00
2016.12.30 14:40:50.123,1.51606,1.51646,1.00,1.00
2016.12.30 14:40:50.719,1.51606,1.51646,1.00,1.00
2016.12.30 14:40:51.220,1.51606,1.51646,1.00,1.00
2016.12.30 14:40:51.749,1.51606,1.51647,1.00,1.00
2016.12.30 14:40:52.292,1.51606,1.51646,1.00,1.00
2016.12.30 14:40:53.613,1.51606,1.51647,1.00,1.00
2016.12.30 14:40:54.491,1.51606,1.51646,1.00,1.00
2016.12.30 14:40:54.762,1.51606,1.51649,1.00,1.00
2016.12.30 14:40:54.812,1.51607,1.51648,1.00,1.00
2016.12.30 14:40:55.151,1.5161,1.51647,1.00,1.00
2016.12.30 14:40:56.502,1.51612,1.51647,1.00,1.00
2016.12.30 14:40:58.404,1.51612,1.51646,1.00,1.00
2016.12.30 14:40:59.427,1.51612,1.51647,1.00,1.00
2016.12.30 14:41:00.056,1.51612,1.51646,1.00,1.00
2016.12.30 14:41:00.107,1.51612,1.51646,1.00,1.00
2016.12.30 14:41:01.184,1.51612,1.51646,1.00,1.00
2016.12.30 14:41:01.596,1.51608,1.51646,1.00,1.00
2016.12.30 14:41:01.646,1.51608,1.51636,1.00,1.00
2016.12.30 14:41:01.697,1.51603,1.51636,1.00,1.00
2016.12.30 14:41:01.899,1.51606,1.51637,1.00,1.00
2016.12.30 14:41:02.209,1.51606,1.51637,1.00,1.00
2016.12.30 14:41:02.885,1.51606,1.51636,1.00,1.00
2016.12.30 14:41:04.323,1.51608,1.51643,1.00,1.00
2016.12.30 14:41:05.288,1.51608,1.51643,1.00,1.00
2016.12.30 14:41:06.476,1.51608,1.51637,1.00,1.00
2016.12.30 14:41:06.723,1.51608,1.51643,1.00,1.00
2016.12.30 14:41:07.326,1.51608,1.51636,1.00,1.00
2016.12.30 14:41:07.646,1.51608,1.51642,1.00,1.00
2016.12.30 14:41:08.204,1.51608,1.51643,1.00,1.00
2016.12.30 14:41:08.639,1.51609,1.51646,2.35,1.00
2016.12.30 14:41:08.997,1.51615,1.51647,1.00,1.00
2016.12.30 14:41:09.048,1.51615,1.51652,1.00,1.00
2016.12.30 14:41:09.149,1.51615,1.51654,1.00,1.00
2016.12.30 14:41:09.401,1.51618,1.51654,1.00,1.00
2016.12.30 14:41:13.439,1.51618,1.51655,1.00,1.00
2016.12.30 14:41:13.746,1.51621,1.51655,1.00,1.00
2016.12.30 14:41:14.011,1.51621,1.51655,1.00,1.00
2016.12.30 14:41:14.556,1.51621,1.51654,1.00,1.00
2016.12.30 14:41:16.620,1.51621,1.51655,1.00,1.00
2016.12.30 14:41:17.609,1.51621,1.51656,1.50,1.00
2016.12.30 14:41:18.099,1.51621,1.51658,1.00,1.00
2016.12.30 14:41:18.221,1.51623,1.51663,1.50,1.00
2016.12.30 14:41:18.322,1.51623,1.51653,1.50,1.00
2016.12.30 14:41:18.373,1.51623,1.51657,1.00,1.00
2016.12.30 14:41:18.423,1.51629,1.51661,1.00,1.00
2016.12.30 14:41:18.474,1.51629,1.51665,1.00,1.00
2016.12.30 14:41:18.548,1.51629,1.51665,1.00,1.00
2016.12.30 14:41:18.752,1.51629,1.51665,1.00,1.00
2016.12.30 14:41:18.903,1.51629,1.51668,1.00,1.00
2016.12.30 14:41:18.954,1.5163,1.5167,1.00,1.00
2016.12.30 14:41:19.474,1.51631,1.51669,1.00,1.00
2016.12.30 14:41:20.515,1.51633,1.51672,1.50,1.00
2016.12.30 14:41:20.565,1.51634,1.51672,1.00,1.00
2016.12.30 14:41:21.062,1.51635,1.51674,1.00,1.00
2016.12.30 14:41:21.643,1.51635,1.51673,1.00,1.00
2016.12.30 14:41:21.946,1.51635,1.51675,1.00,1.00
2016.12.30 14:41:22.160,1.51635,1.51676,1.00,1.00
2016.12.30 14:41:22.925,1.51635,1.51675,1.00,1.00
2016.12.30 14:41:23.244,1.51635,1.51671,1.00,1.00
2016.12.30 14:41:23.559,1.51635,1.5167,1.00,1.00
2016.12.30 14:41:24.101,1.51635,1.51671,1.00,1.00
2016.12.30 14:41:24.626,1.51635,1.5167,1.00,1.00
2016.12.30 14:41:25.197,1.51635,1.51669,1.00,1.00
2016.12.30 14:41:25.626,1.51635,1.51672,1.00,1.00
2016.12.30 14:41:25.828,1.51635,1.5167,1.00,1.00
2016.12.30 14:41:26.791,1.51635,1.51668,1.00,1.00
2016.12.30 14:41:26.842,1.51635,1.5167,1.00,1.00
2016.12.30 14:41:27.132,1.51635,1.51671,1.00,1.00
2016.12.30 14:41:27.444,1.51635,1.51669,1.00,1.00
2016.12.30 14:41:27.646,1.51634,1.51669,1.50,1.00
2016.12.30 14:41:28.078,1.51634,1.51672,1.00,1.00
2016.12.30 14:41:28.665,1.51634,1.51671,1.00,1.00
2016.12.30 14:41:29.167,1.51634,1.51666,1.00,1.00
2016.12.30 14:41:29.862,1.51633,1.51666,1.00,1.00
2016.12.30 14:41:30.236,1.51633,1.51669,1.00,1.00
2016.12.30 14:41:30.456,1.51633,1.51669,1.00,1.00
2016.12.30 14:41:30.637,1.51633,1.51671,1.00,1.00
2016.12.30 14:41:30.762,1.51633,1.51671,1.00,1.00
2016.12.30 14:41:31.081,1.51633,1.51671,1.00,1.00
2016.12.30 14:41:31.377,1.51633,1.51669,1.00,1.00
2016.12.30 14:41:32.243,1.51633,1.51668,1.00,1.00
2016.12.30 14:41:32.398,1.51633,1.5167,1.00,1.00
2016.12.30 14:41:32.661,1.51633,1.51671,1.00,1.00
2016.12.30 14:41:33.453,1.51633,1.5167,1.00,1.00
2016.12.30 14:41:35.531,1.51633,1.51671,1.00,1.00
2016.12.30 14:41:35.632,1.51633,1.51673,1.00,1.00
2016.12.30 14:41:35.884,1.51636,1.51674,1.00,1.00
2016.12.30 14:41:36.409,1.51636,1.51675,1.00,1.00
2016.12.30 14:41:36.912,1.51637,1.51676,1.00,1.00
2016.12.30 14:41:37.215,1.51641,1.51676,1.00,1.50
2016.12.30 14:41:37.487,1.51641,1.51676,1.00,1.00
2016.12.30 14:41:37.846,1.51641,1.51673,1.00,1.00
2016.12.30 14:41:38.229,1.51641,1.51667,1.00,1.00
2016.12.30 14:41:38.280,1.51637,1.51667,1.00,1.00
2016.12.30 14:41:38.382,1.51634,1.51667,1.00,1.00
2016.12.30 14:41:38.634,1.51634,1.51671,1.00,1.00
2016.12.30 14:41:38.684,1.51634,1.51671,1.00,1.00
2016.12.30 14:41:39.007,1.51634,1.51666,1.00,1.00
2016.12.30 14:41:40.054,1.51634,1.51666,1.00,1.00
2016.12.30 14:41:41.691,1.51634,1.51666,1.00,1.00
2016.12.30 14:41:43.496,1.51634,1.51667,1.00,1.00
2016.12.30 14:41:43.799,1.51638,1.51676,1.00,1.50
2016.12.30 14:41:44.062,1.51638,1.51667,1.00,1.00
2016.12.30 14:41:44.506,1.51639,1.51667,1.00,1.00
2016.12.30 14:41:44.556,1.51639,1.51667,1.00,1.00
2016.12.30 14:41:45.113,1.51639,1.51675,1.00,1.00
2016.12.30 14:41:45.278,1.51638,1.51674,1.00,1.00
2016.12.30 14:41:45.530,1.51638,1.51666,1.00,1.00
2016.12.30 14:41:45.631,1.51638,1.51674,1.00,1.00
2016.12.30 14:41:45.875,1.51638,1.51675,1.00,1.00
2016.12.30 14:41:48.417,1.51638,1.51676,1.00,1.50
2016.12.30 14:41:49.314,1.51638,1.51666,1.00,1.00
2016.12.30 14:41:50.319,1.51638,1.51676,1.00,1.00
2016.12.30 14:41:50.597,1.51638,1.51667,1.00,1.00
2016.12.30 14:41:50.699,1.51637,1.51667,1.00,1.00
2016.12.30 14:41:51.188,1.51637,1.51675,1.00,1.00
2016.12.30 14:41:53.578,1.51637,1.51666,1.00,1.00
2016.12.30 14:41:53.886,1.51636,1.51674,1.00,1.00
2016.12.30 14:41:54.070,1.51636,1.51676,1.00,1.00
2016.12.30 14:41:54.297,1.51636,1.51675,1.00,1.00
2016.12.30 14:41:55.012,1.51636,1.51675,1.00,1.00
2016.12.30 14:41:55.358,1.51636,1.51674,1.00,1.00
2016.12.30 14:41:55.666,1.51636,1.51673,1.00,1.00
2016.12.30 14:41:56.055,1.51636,1.51673,1.00,1.00
2016.12.30 14:41:56.258,1.51636,1.51667,1.00,1.00
2016.12.30 14:41:56.414,1.51625,1.51667,1.00,1.00
2016.12.30 14:41:56.498,1.51622,1.51661,1.00,1.00
2016.12.30 14:41:56.599,1.51612,1.51657,1.50,1.00
2016.12.30 14:41:56.650,1.51612,1.51661,1.00,1.50
2016.12.30 14:41:56.700,1.51612,1.51657,1.50,1.00
2016.12.30 14:41:57.003,1.51612,1.51652,1.00,1.00
2016.12.30 14:41:57.600,1.51612,1.51651,1.00,1.00
2016.12.30 14:41:58.212,1.51612,1.51651,1.00,1.00
2016.12.30 14:41:58.536,1.51612,1.51651,1.00,1.00
2016.12.30 14:41:59.130,1.51612,1.51652,1.00,1.00
2016.12.30 14:41:59.432,1.5161,1.51646,1.00,1.00
2016.12.30 14:41:59.483,1.5161,1.51648,1.00,1.00
2016.12.30 14:41:59.583,1.5161,1.51648,1.00,1.00
2016.12.30 14:42:00.102,1.51611,1.51648,1.00,1.00
2016.12.30 14:42:00.152,1.51611,1.5166,1.00,1.00
2016.12.30 14:42:00.203,1.51611,1.51664,1.00,1.00
2016.12.30 14:42:00.338,1.51611,1.51652,1.00,1.00
2016.12.30 14:42:00.691,1.51615,1.51653,1.00,1.00
2016.12.30 14:42:00.995,1.51618,1.51653,1.00,1.00
2016.12.30 14:42:01.298,1.51618,1.51653,1.00,1.00
2016.12.30 14:42:01.775,1.51618,1.51653,1.00,1.00
2016.12.30 14:42:02.125,1.51618,1.51653,1.00,1.00
2016.12.30 14:42:02.328,1.51618,1.51655,1.00,1.00
2016.12.30 14:42:02.379,1.51618,1.51655,1.00,1.00
2016.12.30 14:42:02.581,1.51618,1.51657,1.00,1.00
2016.12.30 14:42:02.682,1.51619,1.51657,1.00,1.00
2016.12.30 14:42:02.883,1.51619,1.51655,1.00,1.00
2016.12.30 14:42:03.156,1.51619,1.51657,1.00,1.00
2016.12.30 14:42:03.206,1.51619,1.51657,1.00,1.00
2016.12.30 14:42:03.725,1.51619,1.51657,1.00,1.00
2016.12.30 14:42:03.992,1.51619,1.51656,1.00,1.00
2016.12.30 14:42:04.521,1.51618,1.51655,1.00,1.00
2016.12.30 14:42:05.029,1.51618,1.51654,1.00,1.00
2016.12.30 14:42:05.321,1.51612,1.51651,1.00,1.00
2016.12.30 14:42:06.281,1.5161,1.51651,1.00,1.00
2016.12.30 14:42:06.815,1.5161,1.51652,1.00,1.00
2016.12.30 14:42:06.882,1.5161,1.51652,1.00,1.00
2016.12.30 14:42:07.200,1.5161,1.51652,1.00,1.00
2016.12.30 14:42:07.251,1.5161,1.51656,1.00,1.00
2016.12.30 14:42:07.352,1.5161,1.51659,1.00,1.00
2016.12.30 14:42:07.402,1.51613,1.5166,1.00,1.00
2016.12.30 14:42:08.613,1.51613,1.51661,1.00,1.00
2016.12.30 14:42:09.114,1.51614,1.51661,1.00,1.00
2016.12.30 14:42:09.738,1.51615,1.51662,1.00,1.00
2016.12.30 14:42:10.687,1.51615,1.51662,1.00,1.00
2016.12.30 14:42:11.740,1.51615,1.5166,1.00,1.00
2016.12.30 14:42:12.283,1.51615,1.51661,1.00,1.00
2016.12.30 14:42:12.707,1.51616,1.51661,1.00,1.00
2016.12.30 14:42:12.908,1.51616,1.51662,1.00,1.00
2016.12.30 14:42:13.380,1.51616,1.51662,1.00,1.00
2016.12.30 14:42:13.822,1.51619,1.51665,1.00,1.00
2016.12.30 14:42:13.914,1.51619,1.51671,1.00,1.00
2016.12.30 14:42:14.015,1.5162,1.51668,1.00,1.00
2016.12.30 14:42:14.116,1.5162,1.51673,1.50,1.50
2016.12.30 14:42:14.217,1.5162,1.51677,1.50,1.00
2016.12.30 14:42:14.268,1.5162,1.51671,1.50,1.00
2016.12.30 14:42:14.419,1.5162,1.51677,1.50,1.00
2016.12.30 14:42:14.470,1.5162,1.51664,1.50,1.00
2016.12.30 14:42:14.521,1.5162,1.51666,1.50,1.00
2016.12.30 14:42:14.622,1.5162,1.51665,1.00,1.00
2016.12.30 14:42:14.672,1.5162,1.51668,1.00,1.00
2016.12.30 14:42:14.723,1.5162,1.51668,1.00,1.00
2016.12.30 14:42:14.937,1.5162,1.51656,1.00,1.00
2016.12.30 14:42:15.124,1.51608,1.51642,1.00,1.00
2016.12.30 14:42:15.225,1.51602,1.51651,1.00,1.00
2016.12.30 14:42:15.275,1.51602,1.51649,1.00,1.50
2016.12.30 14:42:15.326,1.516,1.51648,1.00,1.00
2016.12.30 14:42:15.377,1.516,1.51655,1.00,1.50
2016.12.30 14:42:15.427,1.51601,1.51649,1.00,1.00
2016.12.30 14:42:15.679,1.51603,1.51662,1.00,1.00
2016.12.30 14:42:15.780,1.51603,1.51654,1.00,1.00
2016.12.30 14:42:16.083,1.51603,1.51648,1.50,1.00
2016.12.30 14:42:16.419,1.51606,1.51652,1.00,1.00
2016.12.30 14:42:17.006,1.51607,1.51652,1.00,1.00
2016.12.30 14:42:17.497,1.51609,1.51653,1.00,1.00
2016.12.30 14:42:17.999,1.51609,1.51652,1.50,1.00
2016.12.30 14:42:18.518,1.51609,1.51653,1.50,1.00
2016.12.30 14:42:19.813,1.51609,1.51654,1.00,1.00
2016.12.30 14:42:20.284,1.51611,1.51656,1.50,1.00
2016.12.30 14:42:20.992,1.51613,1.51657,1.50,1.00
2016.12.30 14:42:21.321,1.51623,1.51664,3.25,1.00
2016.12.30 14:42:21.371,1.51623,1.51672,3.25,1.00
2016.12.30 14:42:21.422,1.51625,1.51667,1.00,1.00
2016.12.30 14:42:21.550,1.51625,1.51672,1.00,1.00
2016.12.30 14:42:21.784,1.51625,1.51669,1.00,1.00
2016.12.30 14:42:21.936,1.51625,1.51669,1.00,1.00
2016.12.30 14:42:22.617,1.51625,1.51669,1.00,1.00
2016.12.30 14:42:23.199,1.51624,1.51668,1.00,1.00
2016.12.30 14:42:23.250,1.51623,1.51666,2.25,1.00
2016.12.30 14:42:23.757,1.51623,1.51667,1.50,1.00
2016.12.30 14:42:24.089,1.51623,1.51659,1.00,1.00
2016.12.30 14:42:24.140,1.51618,1.51661,1.00,1.00
2016.12.30 14:42:24.663,1.51618,1.5166,1.00,1.00
2016.12.30 14:42:24.904,1.51619,1.5166,1.35,1.00
2016.12.30 14:42:25.005,1.51624,1.51667,1.00,1.00
2016.12.30 14:42:25.056,1.51624,1.51665,1.00,1.00
2016.12.30 14:42:25.157,1.51624,1.51664,2.50,1.00
2016.12.30 14:42:25.258,1.51624,1.51666,2.50,1.00
2016.12.30 14:42:25.309,1.51624,1.51669,2.50,1.00
2016.12.30 14:42:25.410,1.51624,1.51671,2.50,1.00
2016.12.30 14:42:26.042,1.51624,1.5167,2.50,1.00
2016.12.30 14:42:26.093,1.51624,1.51672,2.50,1.00
2016.12.30 14:42:26.431,1.51625,1.51666,1.00,1.00
2016.12.30 14:42:26.834,1.51625,1.51666,1.50,1.00
2016.12.30 14:42:26.885,1.51625,1.51675,1.50,1.00
2016.12.30 14:42:26.935,1.51625,1.51667,1.00,1.00
2016.12.30 14:42:27.240,1.51625,1.51669,1.00,1.00
2016.12.30 14:42:27.341,1.51625,1.51669,1.00,1.00
2016.12.30 14:42:27.442,1.51625,1.51671,1.00,1.00
2016.12.30 14:42:29.651,1.51626,1.51671,1.00,1.00
2016.12.30 14:42:30.119,1.51633,1.51674,1.00,1.00
2016.12.30 14:42:30.170,1.51633,1.51676,1.00,1.00
2016.12.30 14:42:30.221,1.51638,1.51676,1.00,1.00
2016.12.30 14:42:30.272,1.51638,1.51679,1.00,1.00
2016.12.30 14:42:30.574,1.51638,1.51684,1.00,1.50
2016.12.30 14:42:30.625,1.5164,1.51684,1.00,1.00
2016.12.30 14:42:30.726,1.5164,1.51684,1.00,1.00
2016.12.30 14:42:30.777,1.5164,1.51681,1.00,1.00
2016.12.30 14:42:30.828,1.5164,1.51684,1.00,1.00
2016.12.30 14:42:30.929,1.5164,1.51679,1.00,1.00
2016.12.30 14:42:31.508,1.5164,1.51678,1.00,1.00
2016.12.30 14:42:31.831,1.51646,1.51683,1.00,1.00
2016.12.30 14:42:31.882,1.51646,1.51686,1.00,1.00
2016.12.30 14:42:32.134,1.51637,1.5168,1.35,1.00
2016.12.30 14:42:32.184,1.51637,1.51676,1.35,1.00
2016.12.30 14:42:32.534,1.51637,1.51678,1.00,1.00
2016.12.30 14:42:32.635,1.51635,1.51679,1.50,1.00
2016.12.30 14:42:32.686,1.51635,1.51674,1.50,1.50
2016.12.30 14:42:32.988,1.51635,1.51675,1.00,1.50
2016.12.30 14:42:33.873,1.51635,1.51674,1.00,1.00
2016.12.30 14:42:34.508,1.51635,1.51675,1.00,1.50
2016.12.30 14:42:35.062,1.51635,1.51674,1.00,1.00
2016.12.30 14:42:36.212,1.51635,1.51672,1.00,1.00
2016.12.30 14:42:36.313,1.51634,1.51672,1.00,1.00
2016.12.30 14:42:36.364,1.51634,1.5167,1.00,1.00
2016.12.30 14:42:36.617,1.51635,1.51675,1.00,1.00
2016.12.30 14:42:37.209,1.51635,1.51674,1.00,1.00
2016.12.30 14:42:37.259,1.51637,1.51674,1.00,1.00
2016.12.30 14:42:37.680,1.51637,1.51676,1.00,1.00
2016.12.30 14:42:38.526,1.51639,1.51676,1.00,1.00
2016.12.30 14:42:38.577,1.51639,1.51678,1.00,1.00
2016.12.30 14:42:38.758,1.51639,1.51676,1.00,1.00
2016.12.30 14:42:39.027,1.51639,1.51676,1.00,1.50
2016.12.30 14:42:39.097,1.51639,1.51674,1.00,1.00
2016.12.30 14:42:39.327,1.51639,1.51676,1.00,1.50
2016.12.30 14:42:40.849,1.51639,1.51676,1.00,1.00
2016.12.30 14:42:41.000,1.51635,1.51669,1.00,1.00
2016.12.30 14:42:41.051,1.51635,1.51669,1.00,1.00
2016.12.30 14:42:41.202,1.51635,1.51675,1.00,1.50
2016.12.30 14:42:41.253,1.51635,1.5167,1.50,1.00
2016.12.30 14:42:41.566,1.51635,1.51675,1.00,1.00
2016.12.30 14:42:41.869,1.51638,1.51675,1.00,1.00
2016.12.30 14:42:42.121,1.51638,1.51678,1.00,1.50
2016.12.30 14:42:42.474,1.5164,1.51677,1.00,1.00
2016.12.30 14:42:42.735,1.5164,1.51677,1.00,1.00
2016.12.30 14:42:42.836,1.5164,1.51677,1.00,1.00
2016.12.30 14:42:42.938,1.5164,1.51679,1.50,1.00
2016.12.30 14:42:43.054,1.51645,1.51681,1.00,1.00
2016.12.30 14:42:43.105,1.51645,1.51684,1.00,1.00
2016.12.30 14:42:43.459,1.51647,1.5168,1.00,1.00
2016.12.30 14:42:43.672,1.51647,1.51681,1.00,1.00
2016.12.30 14:42:43.855,1.51647,1.51684,1.00,1.00
2016.12.30 14:42:44.161,1.51648,1.51684,1.00,1.00
2016.12.30 14:42:44.495,1.51652,1.51684,1.00,1.00
2016.12.30 14:42:44.697,1.51652,1.51688,1.00,1.00
2016.12.30 14:42:45.350,1.51652,1.5169,1.00,1.00
2016.12.30 14:42:45.866,1.51652,1.5169,1.00,1.00
2016.12.30 14:42:45.967,1.51646,1.51691,1.50,1.00
2016.12.30 14:42:46.046,1.51646,1.51683,1.50,1.00
2016.12.30 14:42:46.097,1.51644,1.51683,1.00,1.00
2016.12.30 14:42:46.450,1.51644,1.51682,1.00,1.00
2016.12.30 14:42:46.678,1.51644,1.51681,1.00,1.00
2016.12.30 14:42:46.838,1.51644,1.51682,1.00,1.00
2016.12.30 14:42:47.076,1.51644,1.51682,1.00,1.00
2016.12.30 14:42:47.673,1.51643,1.51682,1.00,1.00
2016.12.30 14:42:47.786,1.51643,1.51684,1.00,1.00
2016.12.30 14:42:48.089,1.51643,1.51687,2.50,1.00
2016.12.30 14:42:48.846,1.51645,1.51687,1.00,1.00
2016.12.30 14:42:49.555,1.51645,1.51686,1.00,1.00
2016.12.30 14:42:50.067,1.51645,1.51687,1.00,1.00
2016.12.30 14:42:50.365,1.51645,1.51688,1.00,1.00
2016.12.30 14:42:50.416,1.51645,1.51682,1.00,1.00
2016.12.30 14:42:50.467,1.51645,1.51681,1.50,1.00
2016.12.30 14:42:50.518,1.51646,1.51684,1.00,1.00
2016.12.30 14:42:50.619,1.51649,1.51689,1.00,1.00
2016.12.30 14:42:50.670,1.5165,1.51693,1.00,1.00
2016.12.30 14:42:50.859,1.51652,1.51693,1.00,1.00
2016.12.30 14:42:51.113,1.51652,1.51696,1.00,1.00
2016.12.30 14:42:51.264,1.51654,1.51696,1.00,1.00
2016.12.30 14:42:52.087,1.51654,1.51691,1.00,1.00
2016.12.30 14:42:52.248,1.51654,1.51692,1.00,1.00
2016.12.30 14:42:55.622,1.51654,1.51694,1.00,1.00
2016.12.30 14:42:56.802,1.51653,1.51694,1.00,1.00
2016.12.30 14:42:56.852,1.51652,1.51688,1.00,1.00
2016.12.30 14:42:57.155,1.51652,1.51692,1.00,1.00
2016.12.30 14:42:57.357,1.51649,1.51692,1.00,1.00
2016.12.30 14:42:57.458,1.51649,1.51686,1.00,1.00
2016.12.30 14:42:57.912,1.51649,1.51692,1.00,1.00
2016.12.30 14:42:58.042,1.51649,1.51694,1.00,1.00
2016.12.30 14:42:58.093,1.51651,1.51687,1.00,1.00
2016.12.30 14:43:00.636,1.51651,1.51685,1.00,1.00
2016.12.30 14:43:00.686,1.51651,1.51685,1.00,1.00
2016.12.30 14:43:00.972,1.51649,1.51684,1.00,1.00
2016.12.30 14:43:01.388,1.51649,1.51685,1.00,1.00
2016.12.30 14:43:01.727,1.51652,1.51685,1.00,1.00
2016.12.30 14:43:01.778,1.51657,1.51692,1.00,1.00
2016.12.30 14:43:01.829,1.51657,1.51697,1.00,1.00
2016.12.30 14:43:01.930,1.51657,1.51697,1.00,1.00
2016.12.30 14:43:01.980,1.51657,1.51697,1.00,1.00
2016.12.30 14:43:02.591,1.51657,1.51696,1.00,1.00
2016.12.30 14:43:02.938,1.51657,1.51692,1.00,1.00
2016.12.30 14:43:03.716,1.51656,1.51692,1.00,1.00
2016.12.30 14:43:04.177,1.51656,1.51692,1.00,1.00
2016.12.30 14:43:04.389,1.51656,1.51691,1.00,1.00
2016.12.30 14:43:04.893,1.51656,1.51691,1.00,1.00
2016.12.30 14:43:05.135,1.51654,1.51691,1.00,1.00
2016.12.30 14:43:05.486,1.51654,1.51692,1.00,1.00
2016.12.30 14:43:05.695,1.51654,1.51694,1.00,1.00
2016.12.30 14:43:05.846,1.51654,1.51692,1.00,1.00
2016.12.30 14:43:06.414,1.51654,1.51691,1.00,1.00
2016.12.30 14:43:06.503,1.51654,1.51693,1.00,1.00
2016.12.30 14:43:06.705,1.51654,1.51693,1.00,1.00
2016.12.30 14:43:06.843,1.51656,1.51696,1.00,1.00
2016.12.30 14:43:07.387,1.51656,1.51696,1.00,1.50
2016.12.30 14:43:07.944,1.51656,1.51693,1.00,1.00
2016.12.30 14:43:08.096,1.51652,1.51694,1.00,1.00
2016.12.30 14:43:08.197,1.51652,1.51696,1.00,1.00
2016.12.30 14:43:08.761,1.51652,1.51696,1.00,1.00
2016.12.30 14:43:09.597,1.51652,1.51695,1.00,1.00
2016.12.30 14:43:09.938,1.51647,1.51683,1.00,1.00
2016.12.30 14:43:10.591,1.51647,1.51684,1.00,1.00
2016.12.30 14:43:10.847,1.51647,1.51686,1.00,1.00
2016.12.30 14:43:10.898,1.51647,1.51686,1.00,1.00
2016.12.30 14:43:11.151,1.51652,1.51693,1.00,1.00
2016.12.30 14:43:11.803,1.51652,1.51692,1.00,1.00
2016.12.30 14:43:14.125,1.51654,1.51695,1.50,1.00
2016.12.30 14:43:14.455,1.51658,1.51698,1.00,1.00
2016.12.30 14:43:15.982,1.51659,1.51698,1.00,1.00
2016.12.30 14:43:17.411,1.51659,1.51699,1.00,1.00
2016.12.30 14:43:17.512,1.51662,1.51702,1.00,1.00
2016.12.30 14:43:17.563,1.51662,1.51705,1.00,1.00
2016.12.30 14:43:17.614,1.51665,1.51706,1.00,1.00
2016.12.30 14:43:18.869,1.51665,1.51708,1.50,1.00
2016.12.30 14:43:18.970,1.51671,1.51712,1.00,1.00
2016.12.30 14:43:19.050,1.51672,1.51715,1.00,1.00
2016.12.30 14:43:19.151,1.51674,1.51717,1.00,1.50
2016.12.30 14:43:19.454,1.51676,1.51716,1.00,1.00
2016.12.30 14:43:19.890,1.51676,1.51716,1.00,1.00
2016.12.30 14:43:20.478,1.51676,1.51717,1.00,1.00
2016.12.30 14:43:20.827,1.51676,1.5172,1.00,1.00
2016.12.30 14:43:20.955,1.51676,1.51717,1.00,1.00
2016.12.30 14:43:21.678,1.51676,1.51716,1.00,1.00
2016.12.30 14:43:22.634,1.51677,1.51716,1.00,1.00
2016.12.30 14:43:27.245,1.51677,1.51707,1.00,1.00
2016.12.30 14:43:27.346,1.51677,1.51717,1.00,1.00
2016.12.30 14:43:27.803,1.51677,1.51716,1.00,1.00
2016.12.30 14:43:28.382,1.51677,1.51706,1.00,1.00
2016.12.30 14:43:28.483,1.51677,1.51717,1.00,1.00
2016.12.30 14:43:28.585,1.51677,1.51706,1.00,1.00
2016.12.30 14:43:28.636,1.51677,1.5172,1.00,1.00
2016.12.30 14:43:28.687,1.51677,1.51716,1.00,1.00
2016.12.30 14:43:28.995,1.51679,1.51716,1.00,1.00
2016.12.30 14:43:29.237,1.51679,1.51716,1.00,1.00
2016.12.30 14:43:29.766,1.51679,1.51716,1.00,1.00
2016.12.30 14:43:29.929,1.51679,1.51714,1.00,1.00
2016.12.30 14:43:30.030,1.51679,1.51717,1.00,1.00
2016.12.30 14:43:31.021,1.51679,1.51716,1.00,1.00
2016.12.30 14:43:31.122,1.5168,1.51716,1.00,1.00
2016.12.30 14:43:31.324,1.5168,1.51717,1.00,1.00
2016.12.30 14:43:31.425,1.5168,1.51717,1.00,1.00
2016.12.30 14:43:31.751,1.51682,1.51716,1.00,1.00
2016.12.30 14:43:31.802,1.51682,1.51716,1.00,1.00
2016.12.30 14:43:32.016,1.51682,1.51716,1.00,1.00
2016.12.30 14:43:32.521,1.51682,1.51721,1.00,1.00
2016.12.30 14:43:33.089,1.51682,1.5172,1.00,1.00
2016.12.30 14:43:33.748,1.51682,1.5172,1.00,1.00
2016.12.30 14:43:33.799,1.51682,1.51718,1.00,1.00
2016.12.30 14:43:33.849,1.51681,1.51719,1.00,1.00
2016.12.30 14:43:34.602,1.51681,1.51719,1.00,1.00
2016.12.30 14:43:34.804,1.51675,1.51717,1.00,1.50
2016.12.30 14:43:34.905,1.51669,1.51716,1.00,1.00
2016.12.30 14:43:34.958,1.51669,1.51711,1.00,1.00
2016.12.30 14:43:35.143,1.51668,1.51716,1.50,1.00
2016.12.30 14:43:35.193,1.51668,1.51716,1.00,1.00
2016.12.30 14:43:35.496,1.51668,1.51716,1.00,1.00
2016.12.30 14:43:35.547,1.51668,1.51716,1.00,1.00
2016.12.30 14:43:35.648,1.51668,1.51705,1.00,1.00
2016.12.30 14:43:35.950,1.51668,1.51706,1.00,1.00
2016.12.30 14:43:36.152,1.51666,1.51702,1.00,1.00
2016.12.30 14:43:36.749,1.51666,1.51702,1.00,1.00
2016.12.30 14:43:37.283,1.51666,1.51701,1.00,1.00
2016.12.30 14:43:37.384,1.51665,1.51701,1.00,1.00
2016.12.30 14:43:37.434,1.51663,1.51697,1.00,1.00
2016.12.30 14:43:37.808,1.5166,1.51696,1.00,1.00
2016.12.30 14:43:37.860,1.5166,1.51693,1.00,1.00
2016.12.30 14:43:37.911,1.51656,1.51693,1.00,1.00
2016.12.30 14:43:38.215,1.51656,1.51697,1.00,1.00
2016.12.30 14:43:38.349,1.51656,1.51697,1.00,1.00
2016.12.30 14:43:38.861,1.51656,1.51696,1.00,1.00
2016.12.30 14:43:39.138,1.51656,1.51695,1.00,1.00
2016.12.30 14:43:39.339,1.51656,1.51695,1.00,1.00
2016.12.30 14:43:39.509,1.51656,1.51695,1.00,1.00
2016.12.30 14:43:40.010,1.51656,1.51695,1.00,1.00
2016.12.30 14:43:40.525,1.51656,1.51696,1.00,1.00
2016.12.30 14:43:43.338,1.51656,1.51694,1.00,1.00
2016.12.30 14:43:43.439,1.51656,1.51693,1.00,1.00
2016.12.30 14:43:43.540,1.51655,1.51693,1.00,1.00
2016.12.30 14:43:43.719,1.51655,1.51695,1.50,1.00
2016.12.30 14:43:43.820,1.51655,1.51695,1.00,1.00
2016.12.30 14:43:44.288,1.51655,1.51695,1.00,1.00
2016.12.30 14:43:44.934,1.51655,1.51697,1.00,1.00
2016.12.30 14:43:45.202,1.51656,1.51695,1.00,1.00
2016.12.30 14:43:45.253,1.51658,1.51698,1.00,1.00
2016.12.30 14:43:45.354,1.51661,1.517,1.00,1.00
2016.12.30 14:43:45.481,1.51661,1.51702,1.00,1.00
2016.12.30 14:43:45.938,1.51661,1.51701,1.00,1.00
2016.12.30 14:43:46.514,1.51661,1.51701,1.00,1.00
2016.12.30 14:43:47.143,1.51661,1.51699,1.00,1.00
2016.12.30 14:43:47.736,1.51661,1.517,1.00,1.00
2016.12.30 14:43:48.199,1.51661,1.51697,1.00,1.00
2016.12.30 14:43:48.250,1.51661,1.51697,1.00,1.00
2016.12.30 14:43:49.351,1.51657,1.51692,1.00,1.00
2016.12.30 14:43:49.799,1.51656,1.5169,1.00,1.00
2016.12.30 14:43:51.240,1.51655,1.5169,1.00,1.00
2016.12.30 14:43:51.786,1.51655,1.5169,1.00,1.00
2016.12.30 14:43:52.617,1.51655,1.51689,1.00,1.00
2016.12.30 14:43:52.978,1.51655,1.51687,1.00,1.00
2016.12.30 14:43:53.028,1.51655,1.51691,1.00,1.00
2016.12.30 14:43:53.230,1.51655,1.51691,1.00,1.00
2016.12.30 14:43:54.133,1.51655,1.51694,1.00,1.00
2016.12.30 14:43:54.656,1.51656,1.51693,1.00,1.00
2016.12.30 14:43:56.434,1.51657,1.51693,1.00,1.00
2016.12.30 14:43:58.169,1.51657,1.51695,1.00,1.00
2016.12.30 14:43:59.654,1.51657,1.51694,1.00,1.00
2016.12.30 14:43:59.755,1.5166,1.51695,1.00,1.00
2016.12.30 14:44:00.045,1.5166,1.51694,1.00,1.00
2016.12.30 14:44:00.584,1.5166,1.51694,1.00,1.00
2016.12.30 14:44:00.845,1.5166,1.51694,1.00,1.00
2016.12.30 14:44:01.097,1.5166,1.51694,1.00,1.00
2016.12.30 14:44:01.400,1.51668,1.517,1.00,1.00
2016.12.30 14:44:01.450,1.51669,1.5171,1.00,1.00
2016.12.30 14:44:01.551,1.51669,1.51706,1.00,1.00
2016.12.30 14:44:01.854,1.51667,1.51693,1.00,1.00
2016.12.30 14:44:01.905,1.51667,1.51695,1.00,1.00
2016.12.30 14:44:02.136,1.51667,1.517,1.00,1.00
2016.12.30 14:44:02.238,1.51667,1.51702,1.00,1.00
2016.12.30 14:44:02.389,1.51668,1.51703,1.00,1.00
2016.12.30 14:44:02.440,1.51669,1.51705,1.00,1.00
2016.12.30 14:44:02.843,1.51669,1.51703,1.00,1.00
2016.12.30 14:44:02.949,1.51669,1.51705,1.00,1.00
2016.12.30 14:44:03.049,1.5167,1.51705,1.00,1.00
2016.12.30 14:44:03.936,1.5167,1.51706,1.00,1.50
2016.12.30 14:44:04.346,1.5167,1.51706,1.00,1.00
2016.12.30 14:44:05.203,1.5167,1.51706,1.00,1.00
2016.12.30 14:44:05.843,1.5167,1.51706,1.00,1.00
2016.12.30 14:44:05.902,1.5167,1.51706,1.00,1.00
2016.12.30 14:44:06.416,1.5167,1.51706,1.00,1.00
2016.12.30 14:44:07.116,1.5167,1.51704,1.00,1.00
2016.12.30 14:44:07.203,1.5167,1.51704,1.00,1.00
2016.12.30 14:44:07.581,1.5167,1.51707,1.00,1.50
2016.12.30 14:44:07.631,1.5167,1.51707,1.00,1.50
2016.12.30 14:44:08.251,1.5167,1.51706,1.00,1.00
2016.12.30 14:44:08.613,1.5167,1.517,1.00,1.00
2016.12.30 14:44:08.714,1.5167,1.51706,1.00,1.00
2016.12.30 14:44:08.815,1.51669,1.51706,1.00,1.00
2016.12.30 14:44:08.967,1.51669,1.51703,1.00,1.00
2016.12.30 14:44:09.017,1.51669,1.51705,1.00,1.00
2016.12.30 14:44:09.199,1.5167,1.51703,1.00,1.00
2016.12.30 14:44:09.250,1.51677,1.51721,1.00,1.00
2016.12.30 14:44:09.351,1.51677,1.51715,1.00,1.00
2016.12.30 14:44:09.503,1.51677,1.51717,1.00,1.00
2016.12.30 14:44:09.604,1.51677,1.51713,1.00,1.00
2016.12.30 14:44:09.705,1.51676,1.51705,1.00,1.00
2016.12.30 14:44:10.057,1.51675,1.51707,1.00,1.00
2016.12.30 14:44:10.108,1.51675,1.51709,1.00,1.00
2016.12.30 14:44:10.717,1.51675,1.51708,1.00,1.00
2016.12.30 14:44:10.808,1.51674,1.51708,1.50,1.00
2016.12.30 14:44:11.455,1.51674,1.51707,1.00,1.00
2016.12.30 14:44:11.506,1.51674,1.51705,1.00,1.00
2016.12.30 14:44:11.910,1.51674,1.51703,1.00,1.00
2016.12.30 14:44:12.442,1.51674,1.51703,1.00,1.00
2016.12.30 14:44:12.644,1.51681,1.51716,1.00,1.00
2016.12.30 14:44:12.745,1.51676,1.51708,1.00,1.00
2016.12.30 14:44:12.796,1.51676,1.51716,1.00,1.50
2016.12.30 14:44:12.997,1.51676,1.51708,1.00,1.00
2016.12.30 14:44:13.526,1.51676,1.51707,1.00,1.00
2016.12.30 14:44:16.105,1.51676,1.51705,1.00,1.00
2016.12.30 14:44:16.156,1.51674,1.51705,1.00,1.50
2016.12.30 14:44:16.766,1.51672,1.51705,1.00,1.50
2016.12.30 14:44:16.917,1.51673,1.51705,1.00,1.50
2016.12.30 14:44:17.119,1.51673,1.51716,1.00,1.00
2016.12.30 14:44:17.170,1.51673,1.51707,1.00,1.00
2016.12.30 14:44:17.309,1.51673,1.51712,1.00,1.00
2016.12.30 14:44:17.419,1.51673,1.51712,1.00,1.00
2016.12.30 14:44:17.470,1.51673,1.51716,1.00,1.00
2016.12.30 14:44:17.621,1.51673,1.51716,1.00,1.00
2016.12.30 14:44:17.930,1.51674,1.51706,1.00,1.00
2016.12.30 14:44:18.031,1.51674,1.51706,1.00,1.00
2016.12.30 14:44:18.132,1.51674,1.51716,1.00,1.00
2016.12.30 14:44:18.306,1.51674,1.5171,1.00,1.00
2016.12.30 14:44:18.357,1.51674,1.5171,1.00,1.00
2016.12.30 14:44:18.553,1.51674,1.51707,1.00,1.00
2016.12.30 14:44:18.857,1.51674,1.51709,1.00,1.00
2016.12.30 14:44:20.319,1.51674,1.51707,1.00,1.00
2016.12.30 14:44:20.627,1.51674,1.51707,1.00,1.00
2016.12.30 14:44:21.164,1.51674,1.51706,1.00,1.00
2016.12.30 14:44:21.215,1.51674,1.5171,1.00,1.00
2016.12.30 14:44:21.468,1.51674,1.51708,1.00,1.00
2016.12.30 14:44:21.824,1.51667,1.51695,1.00,1.00
2016.12.30 14:44:21.976,1.51665,1.51694,1.00,1.00
2016.12.30 14:44:22.127,1.51663,1.51694,1.00,1.00
2016.12.30 14:44:22.178,1.51663,1.51705,1.00,1.00
2016.12.30 14:44:22.228,1.51663,1.51705,1.00,1.00
2016.12.30 14:44:22.531,1.5168,1.51712,1.00,1.00
2016.12.30 14:44:22.934,1.51682,1.51713,1.00,1.00
2016.12.30 14:44:23.136,1.5169,1.51724,1.00,1.00
2016.12.30 14:44:23.392,1.5169,1.51726,1.00,1.50
2016.12.30 14:44:25.662,1.5169,1.51725,1.00,1.00
2016.12.30 14:44:28.766,1.5169,1.51724,1.00,1.00
2016.12.30 14:44:29.589,1.5169,1.51725,1.00,1.00
2016.12.30 14:44:29.835,1.51693,1.51725,1.00,1.00
2016.12.30 14:44:30.363,1.51693,1.51726,1.00,1.00
2016.12.30 14:44:31.274,1.51694,1.51726,1.00,1.00
2016.12.30 14:44:31.468,1.51694,1.51726,1.00,1.00
2016.12.30 14:44:32.286,1.51694,1.51726,1.00,1.50
2016.12.30 14:44:32.337,1.51694,1.51724,1.00,1.00
2016.12.30 14:44:32.539,1.51693,1.51723,1.00,1.00
2016.12.30 14:44:33.083,1.51692,1.51723,1.00,1.00
2016.12.30 14:44:33.184,1.51695,1.51737,1.00,1.50
2016.12.30 14:44:33.285,1.51699,1.51737,1.00,1.00
2016.12.30 14:44:33.386,1.51703,1.51746,1.00,1.00
2016.12.30 14:44:33.487,1.51703,1.51744,1.00,1.00
2016.12.30 14:44:33.538,1.51703,1.51741,1.00,1.00
2016.12.30 14:44:33.846,1.51703,1.51737,1.00,1.50
2016.12.30 14:44:34.182,1.51703,1.51735,1.00,1.00
2016.12.30 14:44:34.806,1.51703,1.51732,1.00,1.00
2016.12.30 14:44:34.857,1.51701,1.51732,1.00,1.50
2016.12.30 14:44:35.083,1.51699,1.51731,1.00,1.00
2016.12.30 14:44:35.343,1.51699,1.51732,1.00,1.00
2016.12.30 14:44:35.545,1.51699,1.51731,1.00,1.00
2016.12.30 14:44:35.849,1.51699,1.51733,1.00,1.50
2016.12.30 14:44:36.416,1.51699,1.51732,1.00,1.00
2016.12.30 14:44:36.785,1.51699,1.51733,1.00,1.50
2016.12.30 14:44:36.987,1.51699,1.51733,1.00,1.50
2016.12.30 14:44:37.088,1.51699,1.51733,1.00,1.50
2016.12.30 14:44:37.189,1.51699,1.51735,1.00,1.00
2016.12.30 14:44:37.467,1.51701,1.51737,1.00,1.00
2016.12.30 14:44:38.464,1.51701,1.51739,1.00,1.50
2016.12.30 14:44:38.565,1.51701,1.51741,1.00,1.00
2016.12.30 14:44:38.666,1.51704,1.51742,1.00,1.00
2016.12.30 14:44:39.010,1.51707,1.51743,1.00,1.00
2016.12.30 14:44:40.133,1.51707,1.51741,1.00,1.00
2016.12.30 14:44:40.757,1.51707,1.51742,1.00,1.00
2016.12.30 14:44:40.959,1.51707,1.51741,1.00,1.00
2016.12.30 14:44:41.049,1.51707,1.51741,1.00,1.00
2016.12.30 14:44:41.150,1.51707,1.51741,1.00,1.00
2016.12.30 14:44:41.378,1.517,1.51741,1.00,1.00
2016.12.30 14:44:41.479,1.517,1.51739,1.00,1.50
2016.12.30 14:44:41.530,1.51697,1.51739,1.00,1.00
2016.12.30 14:44:41.581,1.51697,1.51739,1.00,1.00
2016.12.30 14:44:41.956,1.51699,1.51742,1.00,1.00
2016.12.30 14:44:42.007,1.51699,1.51746,1.00,1.00
2016.12.30 14:44:42.209,1.51699,1.51746,1.00,1.00
2016.12.30 14:44:42.310,1.51699,1.5174,1.00,1.00
2016.12.30 14:44:42.583,1.51699,1.5174,1.00,1.50
2016.12.30 14:44:43.115,1.51699,1.51739,1.00,1.00
2016.12.30 14:44:43.165,1.51699,1.51741,1.00,1.00
2016.12.30 14:44:43.216,1.51699,1.51741,1.00,1.00
2016.12.30 14:44:43.317,1.51699,1.51745,1.00,1.00
2016.12.30 14:44:43.678,1.51699,1.51744,1.00,1.00
2016.12.30 14:44:43.769,1.51699,1.51742,1.00,1.00
2016.12.30 14:44:44.119,1.51699,1.51739,1.00,1.00
2016.12.30 14:44:44.270,1.51699,1.51742,1.00,1.00
2016.12.30 14:44:44.648,1.51699,1.51742,1.00,1.00
2016.12.30 14:44:45.006,1.51698,1.51742,1.50,1.00
2016.12.30 14:44:45.251,1.51696,1.51742,1.00,1.00
2016.12.30 14:44:45.352,1.51696,1.51739,1.00,1.00
2016.12.30 14:44:46.164,1.51695,1.51739,1.00,1.00
2016.12.30 14:44:46.466,1.51694,1.51736,1.00,1.00
2016.12.30 14:44:47.431,1.51694,1.51738,1.00,1.50
2016.12.30 14:44:48.287,1.51694,1.51739,1.00,1.00
2016.12.30 14:44:48.529,1.51693,1.51736,1.00,1.00
2016.12.30 14:44:49.233,1.51693,1.51736,1.00,1.00
2016.12.30 14:44:49.597,1.51693,1.51739,1.00,1.00
2016.12.30 14:44:50.198,1.51694,1.5174,1.50,1.00
2016.12.30 14:44:50.300,1.51694,1.51742,2.50,1.00
2016.12.30 14:44:50.401,1.51694,1.51746,2.50,1.00
2016.12.30 14:44:50.905,1.51694,1.51746,2.95,1.50
2016.12.30 14:44:50.955,1.51694,1.5174,2.50,1.00
2016.12.30 14:44:51.469,1.51694,1.51743,1.00,1.00
2016.12.30 14:44:51.730,1.51694,1.51743,2.20,1.00
2016.12.30 14:44:51.841,1.51694,1.51743,1.20,1.00
2016.12.30 14:44:51.951,1.51694,1.51741,1.20,1.00
2016.12.30 14:44:52.001,1.51694,1.51745,1.00,1.00
2016.12.30 14:44:52.382,1.51699,1.51745,1.00,1.50
2016.12.30 14:44:52.584,1.51694,1.51743,1.00,1.00
2016.12.30 14:44:52.894,1.51694,1.51746,1.00,1.00
2016.12.30 14:44:53.199,1.51694,1.51744,1.00,1.00
2016.12.30 14:44:53.828,1.51694,1.51743,1.00,1.00
2016.12.30 14:44:55.129,1.51694,1.51744,1.00,1.00
2016.12.30 14:44:55.669,1.51693,1.51743,1.00,1.00
2016.12.30 14:44:55.904,1.51693,1.51745,1.00,1.00
2016.12.30 14:44:56.442,1.51693,1.51746,1.00,1.00
2016.12.30 14:44:56.960,1.51693,1.51746,1.00,1.00
2016.12.30 14:44:57.212,1.51693,1.51743,1.00,1.00
2016.12.30 14:44:57.321,1.51693,1.51745,1.00,1.00
2016.12.30 14:44:57.544,1.51693,1.51742,1.00,1.00
2016.12.30 14:44:58.184,1.51693,1.51744,1.00,1.00
2016.12.30 14:44:59.038,1.51693,1.51745,1.00,1.00
2016.12.30 14:45:00.137,1.51693,1.51747,1.00,1.00
2016.12.30 14:45:01.906,1.51693,1.51746,1.00,1.00
2016.12.30 14:45:02.007,1.51693,1.51741,1.00,1.00
2016.12.30 14:45:02.058,1.51693,1.51746,1.00,1.00
2016.12.30 14:45:02.816,1.51693,1.51745,1.00,1.00
2016.12.30 14:45:02.973,1.51687,1.51737,1.00,1.00
2016.12.30 14:45:03.125,1.51688,1.51745,1.00,1.00
2016.12.30 14:45:03.655,1.51689,1.51746,1.00,1.00
2016.12.30 14:45:04.289,1.51689,1.51747,1.00,1.00
2016.12.30 14:45:04.340,1.51686,1.51746,1.00,1.00
2016.12.30 14:45:04.390,1.51686,1.51729,1.00,1.00
2016.12.30 14:45:04.441,1.51677,1.51726,1.00,1.00
2016.12.30 14:45:04.492,1.51674,1.51726,1.00,1.00
2016.12.30 14:45:04.632,1.51669,1.51726,1.00,1.00
2016.12.30 14:45:04.683,1.51669,1.51727,1.00,1.00
2016.12.30 14:45:05.185,1.51669,1.51726,1.00,1.00
2016.12.30 14:45:05.733,1.5167,1.51725,1.00,1.00
2016.12.30 14:45:06.233,1.5167,1.51722,1.50,1.00
2016.12.30 14:45:06.933,1.5167,1.51721,1.00,1.00
2016.12.30 14:45:06.984,1.51663,1.51717,1.00,1.00
2016.12.30 14:45:07.035,1.5166,1.51713,1.00,1.00
2016.12.30 14:45:07.420,1.51669,1.51717,1.50,1.00
2016.12.30 14:45:07.471,1.51668,1.51716,1.50,1.00
2016.12.30 14:45:07.989,1.51664,1.51717,1.00,1.50
2016.12.30 14:45:08.191,1.51664,1.51712,1.50,1.00
2016.12.30 14:45:08.594,1.51664,1.51712,1.00,1.00
2016.12.30 14:45:10.079,1.51664,1.51713,1.00,1.00
2016.12.30 14:45:10.494,1.51664,1.5171,1.00,1.00
2016.12.30 14:45:10.681,1.51664,1.51717,1.00,1.50
2016.12.30 14:45:11.226,1.51664,1.51716,1.00,1.00
2016.12.30 14:45:11.745,1.51664,1.51712,1.00,1.00
2016.12.30 14:45:12.645,1.51664,1.51712,1.00,1.00
2016.12.30 14:45:12.957,1.51664,1.51709,1.00,1.00
2016.12.30 14:45:13.673,1.51664,1.51708,1.00,1.00
2016.12.30 14:45:13.815,1.51664,1.51708,1.00,1.00
2016.12.30 14:45:15.579,1.51664,1.51709,1.00,1.00
2016.12.30 14:45:15.698,1.51664,1.51709,1.00,1.00
2016.12.30 14:45:16.666,1.51664,1.51709,1.00,1.00
2016.12.30 14:45:17.206,1.51664,1.51709,1.00,1.00
2016.12.30 14:45:17.722,1.51664,1.51709,1.00,1.00
2016.12.30 14:45:18.099,1.51664,1.51707,1.00,1.50
2016.12.30 14:45:18.303,1.51664,1.51716,1.00,1.00
2016.12.30 14:45:18.404,1.51664,1.5171,1.00,1.00
2016.12.30 14:45:18.454,1.51664,1.51712,1.00,1.00
2016.12.30 14:45:18.823,1.51664,1.5171,1.00,1.00
2016.12.30 14:45:19.126,1.51664,1.51706,1.00,1.00
2016.12.30 14:45:19.379,1.51664,1.51705,1.50,1.00
2016.12.30 14:45:19.950,1.51664,1.51704,1.50,1.00
2016.12.30 14:45:20.512,1.51663,1.51704,1.50,1.00
2016.12.30 14:45:21.041,1.51663,1.51705,1.50,1.00
2016.12.30 14:45:21.916,1.51663,1.51705,1.00,1.00
2016.12.30 14:45:22.826,1.51663,1.51704,1.50,1.00
2016.12.30 14:45:23.960,1.51663,1.51705,1.00,1.00
2016.12.30 14:45:25.746,1.51663,1.51706,1.00,1.00
2016.12.30 14:45:25.797,1.51663,1.51704,1.00,1.00
2016.12.30 14:45:26.327,1.51663,1.51703,1.00,1.00
2016.12.30 14:45:26.592,1.51663,1.51705,1.00,1.00
2016.12.30 14:45:26.819,1.51663,1.51703,1.50,1.00
2016.12.30 14:45:27.441,1.51663,1.51704,1.50,1.00
2016.12.30 14:45:28.003,1.51663,1.51703,1.00,1.00
2016.12.30 14:45:29.011,1.51663,1.51703,1.50,1.00
2016.12.30 14:45:29.529,1.51663,1.51703,1.00,1.00
2016.12.30 14:45:30.136,1.51663,1.51704,1.00,1.00
2016.12.30 14:45:30.544,1.51662,1.51702,1.00,1.00
2016.12.30 14:45:31.067,1.51662,1.51703,1.00,1.00
2016.12.30 14:45:31.986,1.51662,1.51704,1.50,1.00
2016.12.30 14:45:32.529,1.51662,1.51703,1.00,1.00
2016.12.30 14:45:36.074,1.51663,1.51705,2.50,1.00
2016.12.30 14:45:36.125,1.51663,1.5171,2.50,1.00
2016.12.30 14:45:36.286,1.51665,1.51711,1.00,1.00
2016.12.30 14:45:36.594,1.51675,1.51712,1.00,1.50
2016.12.30 14:45:36.833,1.51675,1.51711,1.00,1.00
2016.12.30 14:45:37.349,1.51675,1.51709,1.00,1.00
2016.12.30 14:45:37.913,1.51675,1.5171,1.00,1.00
2016.12.30 14:45:38.425,1.51675,1.51709,1.00,1.00
2016.12.30 14:45:38.783,1.51675,1.51707,1.00,1.00
2016.12.30 14:45:38.833,1.51675,1.51709,1.00,1.00
2016.12.30 14:45:39.237,1.51675,1.51712,1.00,1.00
2016.12.30 14:45:39.779,1.51675,1.51709,1.00,1.00
2016.12.30 14:45:40.082,1.51675,1.51712,1.00,1.00
2016.12.30 14:45:40.388,1.51676,1.51712,1.00,1.00
2016.12.30 14:45:40.439,1.51676,1.51712,1.00,1.00
2016.12.30 14:45:40.639,1.51676,1.51712,1.00,1.00
2016.12.30 14:45:41.448,1.51676,1.51711,1.00,1.00
2016.12.30 14:45:41.970,1.51676,1.51712,1.00,1.00
2016.12.30 14:45:43.294,1.51676,1.51711,1.00,1.00
2016.12.30 14:45:43.345,1.51676,1.51711,1.00,1.00
2016.12.30 14:45:43.888,1.51676,1.5171,1.00,1.00
2016.12.30 14:45:44.505,1.51676,1.51708,1.00,1.00
2016.12.30 14:45:45.174,1.51676,1.51709,1.00,1.00
2016.12.30 14:45:45.652,1.51675,1.51705,1.00,1.00
2016.12.30 14:45:45.854,1.51675,1.51707,1.00,1.00
2016.12.30 14:45:45.955,1.51675,1.51709,1.00,1.00
2016.12.30 14:45:46.278,1.51675,1.51709,1.00,1.00
2016.12.30 14:45:46.998,1.51675,1.51708,1.00,1.00
2016.12.30 14:45:47.099,1.51675,1.5171,1.00,1.00
2016.12.30 14:45:47.254,1.51675,1.51708,1.00,1.00
2016.12.30 14:45:47.654,1.51675,1.51709,1.00,1.00
2016.12.30 14:45:48.585,1.51675,1.51709,1.00,1.00
2016.12.30 14:45:50.364,1.51675,1.51708,1.00,1.00
2016.12.30 14:45:50.664,1.51674,1.51708,1.00,1.00
2016.12.30 14:45:51.760,1.51674,1.51708,1.00,1.00
2016.12.30 14:45:52.063,1.51674,1.51707,1.00,1.00
2016.12.30 14:45:52.113,1.51674,1.51704,1.00,1.00
2016.12.30 14:45:52.417,1.51674,1.51704,1.00,1.00
2016.12.30 14:45:52.469,1.51674,1.51704,1.00,1.00
2016.12.30 14:45:52.716,1.51674,1.51706,1.00,1.00
2016.12.30 14:45:53.241,1.51674,1.51707,1.00,1.00
2016.12.30 14:45:53.529,1.51674,1.51703,1.00,1.00
2016.12.30 14:45:53.731,1.51674,1.51708,1.00,1.00
2016.12.30 14:45:54.257,1.51674,1.51708,1.00,1.00
2016.12.30 14:45:54.653,1.51674,1.51708,1.00,1.00
2016.12.30 14:45:55.287,1.51674,1.51708,1.00,1.00
2016.12.30 14:45:55.456,1.51674,1.51708,1.00,1.00
2016.12.30 14:45:58.876,1.51674,1.51709,1.00,1.00
2016.12.30 14:45:58.977,1.51674,1.51709,1.00,1.00
2016.12.30 14:45:59.635,1.51674,1.51708,1.00,1.00
2016.12.30 14:46:00.345,1.51674,1.51709,1.00,1.00
2016.12.30 14:46:00.821,1.51674,1.51707,1.00,1.00
2016.12.30 14:46:00.872,1.51674,1.51707,1.00,1.00
2016.12.30 14:46:04.264,1.51674,1.51708,1.00,1.00
2016.12.30 14:46:04.315,1.51674,1.51706,1.00,1.00
2016.12.30 14:46:04.623,1.51674,1.51706,1.00,1.00
2016.12.30 14:46:05.161,1.51674,1.51707,1.00,1.00
2016.12.30 14:46:06.866,1.51674,1.51705,1.00,1.00
2016.12.30 14:46:07.168,1.51674,1.51708,1.00,1.00
2016.12.30 14:46:07.753,1.51674,1.51709,1.00,1.00
2016.12.30 14:46:07.854,1.51674,1.51706,1.00,1.00
2016.12.30 14:46:08.099,1.51672,1.51706,1.00,1.00
2016.12.30 14:46:08.942,1.51672,1.5171,1.00,1.00
2016.12.30 14:46:08.993,1.51672,1.51711,1.00,1.00
2016.12.30 14:46:09.252,1.51674,1.51715,1.00,1.00
2016.12.30 14:46:09.571,1.51677,1.51715,1.00,1.00
2016.12.30 14:46:10.078,1.51677,1.51716,1.00,1.00
2016.12.30 14:46:10.422,1.51679,1.51716,1.00,1.00
2016.12.30 14:46:10.674,1.5168,1.51719,1.00,1.00
2016.12.30 14:46:11.452,1.5168,1.51718,1.00,1.00
2016.12.30 14:46:11.503,1.5168,1.51715,1.00,1.00
2016.12.30 14:46:13.577,1.51679,1.51711,1.00,1.00
2016.12.30 14:46:13.627,1.51679,1.51713,1.00,1.00
2016.12.30 14:46:13.728,1.51679,1.51715,1.00,1.00
2016.12.30 14:46:13.900,1.51679,1.51715,1.00,1.00
2016.12.30 14:46:14.783,1.51679,1.51715,1.00,1.00
2016.12.30 14:46:15.498,1.51679,1.51715,1.00,1.00
2016.12.30 14:46:16.729,1.51679,1.51716,1.00,1.00
2016.12.30 14:46:17.241,1.51679,1.51715,1.00,1.00
2016.12.30 14:46:17.890,1.51679,1.51714,1.00,1.00
2016.12.30 14:46:18.209,1.51679,1.51713,1.00,1.00
2016.12.30 14:46:18.260,1.51679,1.51703,1.00,1.00
2016.12.30 14:46:18.311,1.51667,1.51716,1.00,1.00
2016.12.30 14:46:18.361,1.51667,1.517,1.00,1.00
2016.12.30 14:46:18.412,1.51664,1.51701,1.00,1.00
2016.12.30 14:46:18.463,1.51664,1.51697,1.00,1.00
2016.12.30 14:46:19.061,1.51664,1.51696,1.00,1.00
2016.12.30 14:46:20.107,1.51664,1.51695,1.00,1.00
2016.12.30 14:46:20.409,1.51659,1.51692,1.00,1.00
2016.12.30 14:46:20.914,1.51659,1.51693,1.00,1.00
2016.12.30 14:46:21.217,1.51659,1.51694,1.00,1.00
2016.12.30 14:46:21.268,1.51659,1.51699,1.00,1.00
2016.12.30 14:46:21.318,1.51665,1.517,1.00,1.00
2016.12.30 14:46:21.621,1.51667,1.517,1.00,1.00
2016.12.30 14:46:21.823,1.51667,1.51699,1.00,1.00
2016.12.30 14:46:22.345,1.51667,1.51699,1.00,1.00
2016.12.30 14:46:23.492,1.51667,1.51698,1.00,1.00
2016.12.30 14:46:23.593,1.51664,1.51699,1.00,1.00
2016.12.30 14:46:23.644,1.51664,1.51697,1.00,1.00
2016.12.30 14:46:23.956,1.51664,1.51695,1.00,1.00
2016.12.30 14:46:24.007,1.5166,1.51695,1.00,1.00
2016.12.30 14:46:24.078,1.5166,1.51693,1.00,1.00
2016.12.30 14:46:24.595,1.5166,1.51692,1.00,1.00
2016.12.30 14:46:24.898,1.5166,1.5169,1.00,1.00
2016.12.30 14:46:25.049,1.5166,1.51692,1.00,1.00
2016.12.30 14:46:25.150,1.5166,1.51694,1.00,1.00
2016.12.30 14:46:25.258,1.5166,1.51692,1.00,1.00
2016.12.30 14:46:25.443,1.5166,1.51696,1.00,1.00
2016.12.30 14:46:25.611,1.5166,1.51702,1.00,1.00
2016.12.30 14:46:25.669,1.5166,1.51694,1.00,1.00
2016.12.30 14:46:26.031,1.5166,1.51694,1.00,1.00
2016.12.30 14:46:26.193,1.5166,1.51694,1.00,1.00
2016.12.30 14:46:26.994,1.5166,1.51694,1.00,1.00
2016.12.30 14:46:27.541,1.5166,1.51695,1.00,1.00
2016.12.30 14:46:28.273,1.5166,1.51695,1.00,1.00
2016.12.30 14:46:30.427,1.5166,1.51694,1.00,1.00
2016.12.30 14:46:30.477,1.5166,1.51696,1.00,1.00
2016.12.30 14:46:30.729,1.51662,1.51696,1.00,1.00
2016.12.30 14:46:30.941,1.51662,1.51698,1.00,1.00
2016.12.30 14:46:34.432,1.51662,1.51696,1.00,1.00
2016.12.30 14:46:34.816,1.51662,1.51696,1.00,1.00
2016.12.30 14:46:35.358,1.51662,1.51697,1.00,1.00
2016.12.30 14:46:38.456,1.51662,1.51697,1.00,1.00
2016.12.30 14:46:40.611,1.51661,1.51697,1.00,1.00
2016.12.30 14:46:40.817,1.51661,1.51697,1.00,1.00
2016.12.30 14:46:40.868,1.51661,1.51697,1.00,1.00
2016.12.30 14:46:40.969,1.51658,1.51697,1.00,1.00
2016.12.30 14:46:41.120,1.51655,1.51697,1.50,1.00
2016.12.30 14:46:41.171,1.51655,1.517,1.50,1.00
2016.12.30 14:46:41.222,1.51655,1.517,1.00,1.00
2016.12.30 14:46:41.323,1.51655,1.51704,1.00,1.00
2016.12.30 14:46:41.849,1.51655,1.51704,1.00,1.50
2016.12.30 14:46:42.098,1.51655,1.51701,1.00,1.00
2016.12.30 14:46:42.401,1.51655,1.51692,1.00,1.00
2016.12.30 14:46:42.750,1.5166,1.51701,1.00,1.00
2016.12.30 14:46:42.901,1.51664,1.51706,1.50,1.50
2016.12.30 14:46:42.952,1.51665,1.51705,1.00,1.00
2016.12.30 14:46:43.376,1.51668,1.51707,1.00,1.00
2016.12.30 14:46:43.681,1.51668,1.51705,1.00,1.00
2016.12.30 14:46:44.604,1.51668,1.51704,1.00,1.00
2016.12.30 14:46:45.145,1.51668,1.51703,1.00,1.00
2016.12.30 14:46:46.342,1.51668,1.51703,1.00,1.00
2016.12.30 14:46:47.029,1.51668,1.51702,1.00,1.00
2016.12.30 14:46:48.668,1.51666,1.51702,1.00,1.00
2016.12.30 14:46:49.834,1.51666,1.51701,1.00,1.00
2016.12.30 14:46:50.337,1.51666,1.51702,1.00,1.00
2016.12.30 14:46:52.026,1.51666,1.51702,1.00,1.00
2016.12.30 14:46:52.575,1.51666,1.51702,1.00,1.00
2016.12.30 14:46:53.955,1.51666,1.51702,1.00,1.00
2016.12.30 14:46:54.435,1.51667,1.51702,1.00,1.00
2016.12.30 14:46:54.587,1.51669,1.51706,1.00,1.00
2016.12.30 14:46:55.091,1.51669,1.51708,1.00,1.00
2016.12.30 14:46:55.142,1.51671,1.51708,1.00,1.00
2016.12.30 14:46:55.454,1.51673,1.51708,1.00,1.00
2016.12.30 14:46:55.555,1.51673,1.51708,1.00,1.00
2016.12.30 14:46:56.385,1.51673,1.51709,1.00,1.00
2016.12.30 14:46:56.590,1.51673,1.51707,1.00,1.00
2016.12.30 14:46:56.798,1.51673,1.51709,1.00,1.00
2016.12.30 14:46:57.239,1.51673,1.5171,1.00,1.00
2016.12.30 14:46:57.290,1.51673,1.51712,1.00,1.00
2016.12.30 14:46:57.340,1.51676,1.51712,1.00,1.00
2016.12.30 14:46:57.391,1.51676,1.51715,1.00,1.00
2016.12.30 14:46:57.441,1.51676,1.51713,1.00,1.00
2016.12.30 14:46:57.636,1.51676,1.51715,1.00,1.00
2016.12.30 14:46:58.159,1.51676,1.51714,1.00,1.00
2016.12.30 14:46:58.741,1.51678,1.51714,1.00,1.00
2016.12.30 14:46:58.954,1.51678,1.51714,1.00,1.00
2016.12.30 14:46:59.278,1.51678,1.51714,1.00,1.00
2016.12.30 14:46:59.465,1.51678,1.51715,1.00,1.00
2016.12.30 14:46:59.666,1.51678,1.51715,1.00,1.00
2016.12.30 14:46:59.868,1.51678,1.51715,1.00,1.00
2016.12.30 14:47:00.565,1.51678,1.51716,1.00,1.00
2016.12.30 14:47:01.141,1.51679,1.51717,1.00,1.00
2016.12.30 14:47:01.696,1.51679,1.51718,1.00,1.00
2016.12.30 14:47:01.947,1.51679,1.51718,1.00,1.00
2016.12.30 14:47:02.039,1.51679,1.51718,1.00,1.00
2016.12.30 14:47:03.775,1.51679,1.51718,1.00,1.00
2016.12.30 14:47:04.242,1.5168,1.51718,1.00,1.00
2016.12.30 14:47:05.353,1.5168,1.51716,1.00,1.00
2016.12.30 14:47:05.889,1.5168,1.51718,1.00,1.00
2016.12.30 14:47:06.639,1.5168,1.51719,2.50,1.00
2016.12.30 14:47:06.690,1.51683,1.5172,1.00,1.00
2016.12.30 14:47:06.791,1.51683,1.51721,1.00,1.00
2016.12.30 14:47:06.842,1.51683,1.51717,1.00,1.00
2016.12.30 14:47:07.094,1.51683,1.51727,1.00,1.00
2016.12.30 14:47:07.195,1.51683,1.51726,1.00,1.50
2016.12.30 14:47:07.497,1.51683,1.5172,1.00,1.00
2016.12.30 14:47:07.847,1.51685,1.51721,1.00,1.00
2016.12.30 14:47:07.948,1.51685,1.51723,1.00,1.00
2016.12.30 14:47:08.049,1.51687,1.51724,1.00,1.00
2016.12.30 14:47:08.151,1.51687,1.51724,1.00,1.00
2016.12.30 14:47:08.352,1.51687,1.51723,1.00,1.00
2016.12.30 14:47:08.748,1.51687,1.51723,1.00,1.00
2016.12.30 14:47:10.014,1.51687,1.51721,1.00,1.00
2016.12.30 14:47:10.860,1.51687,1.5172,1.00,1.00
2016.12.30 14:47:13.399,1.51686,1.51718,1.00,1.00
2016.12.30 14:47:13.500,1.5168,1.51717,1.00,1.00
2016.12.30 14:47:13.602,1.51682,1.51719,1.00,1.00
2016.12.30 14:47:13.652,1.51682,1.51721,1.00,1.00
2016.12.30 14:47:13.856,1.51684,1.51721,1.00,1.00
2016.12.30 14:47:14.165,1.51686,1.51721,1.00,1.00
2016.12.30 14:47:14.266,1.51686,1.51721,1.00,1.00
2016.12.30 14:47:14.836,1.51686,1.51721,1.00,1.00
2016.12.30 14:47:15.236,1.51686,1.51718,1.00,1.00
2016.12.30 14:47:15.600,1.51686,1.51718,1.00,1.00
2016.12.30 14:47:16.164,1.51686,1.51717,1.00,1.00
2016.12.30 14:47:16.365,1.51685,1.51718,1.00,1.00
2016.12.30 14:47:17.165,1.51685,1.51718,1.00,1.00
2016.12.30 14:47:17.655,1.51685,1.51722,1.00,1.00
2016.12.30 14:47:17.705,1.51687,1.51722,1.00,1.00
2016.12.30 14:47:17.960,1.51687,1.51722,1.00,1.00
2016.12.30 14:47:18.062,1.51687,1.51722,1.00,1.00
2016.12.30 14:47:18.112,1.51687,1.51724,1.00,1.00
2016.12.30 14:47:18.579,1.51689,1.51723,1.00,1.00
2016.12.30 14:47:18.734,1.51689,1.51726,1.00,1.00
2016.12.30 14:47:18.885,1.51689,1.51728,1.00,1.00
2016.12.30 14:47:18.989,1.51692,1.51727,1.00,1.00
2016.12.30 14:47:19.691,1.51692,1.51728,1.00,1.00
2016.12.30 14:47:20.013,1.51695,1.51729,1.00,1.00
2016.12.30 14:47:20.114,1.51696,1.51735,1.00,1.00
2016.12.30 14:47:20.165,1.51699,1.51735,1.00,1.00
2016.12.30 14:47:20.714,1.517,1.51736,1.00,1.00
2016.12.30 14:47:21.257,1.517,1.51737,1.00,1.50
2016.12.30 14:47:21.765,1.517,1.51736,1.00,1.00
2016.12.30 14:47:22.739,1.517,1.51737,1.00,1.50
2016.12.30 14:47:23.255,1.517,1.51736,1.00,1.00
2016.12.30 14:47:25.328,1.517,1.51737,1.00,1.50
2016.12.30 14:47:26.244,1.517,1.51736,1.00,1.00
2016.12.30 14:47:27.744,1.517,1.51737,1.00,1.00
2016.12.30 14:47:28.633,1.51701,1.51736,1.00,1.00
2016.12.30 14:47:29.189,1.51705,1.51736,1.00,1.00
2016.12.30 14:47:31.820,1.51705,1.51739,1.00,1.00
2016.12.30 14:47:32.009,1.51706,1.51737,1.00,1.00
2016.12.30 14:47:32.578,1.51708,1.51736,1.00,1.00
2016.12.30 14:47:32.778,1.51708,1.51736,1.00,1.00
2016.12.30 14:47:34.381,1.51708,1.51736,1.00,1.00
2016.12.30 14:47:34.685,1.51708,1.51746,1.00,1.00
2016.12.30 14:47:35.246,1.51708,1.51745,1.00,1.00
2016.12.30 14:47:35.515,1.51708,1.51736,1.00,1.00
2016.12.30 14:47:37.027,1.51708,1.51736,1.00,1.00
2016.12.30 14:47:37.293,1.51708,1.51736,1.00,1.00
2016.12.30 14:47:37.344,1.51708,1.51743,1.00,1.00
2016.12.30 14:47:37.535,1.51708,1.51737,1.00,1.00
2016.12.30 14:47:37.899,1.51708,1.51744,1.00,1.00
2016.12.30 14:47:37.950,1.51708,1.51736,1.00,1.00
2016.12.30 14:47:38.388,1.51711,1.51736,1.00,1.00
2016.12.30 14:47:38.829,1.51711,1.51736,1.00,1.00
2016.12.30 14:47:38.887,1.51711,1.51736,1.00,1.00
2016.12.30 14:47:40.649,1.51711,1.51737,1.00,1.00
2016.12.30 14:47:42.531,1.51711,1.51736,1.00,1.00
2016.12.30 14:47:46.161,1.51711,1.51737,1.00,1.00
2016.12.30 14:47:46.856,1.51711,1.51736,1.00,1.00
2016.12.30 14:47:47.582,1.51711,1.51726,1.00,1.00
2016.12.30 14:47:47.910,1.51711,1.51736,1.00,1.00
2016.12.30 14:47:48.723,1.51711,1.51737,1.00,1.00
2016.12.30 14:47:49.395,1.51711,1.51736,1.00,1.00
2016.12.30 14:47:49.445,1.51711,1.51736,1.00,1.00
2016.12.30 14:47:49.547,1.51711,1.51738,1.00,1.00
2016.12.30 14:47:49.849,1.51715,1.51738,1.00,1.00
2016.12.30 14:47:50.436,1.51716,1.51738,1.00,1.00
2016.12.30 14:47:50.765,1.51716,1.51752,1.00,1.00
2016.12.30 14:47:51.308,1.51717,1.51753,1.00,1.00
2016.12.30 14:47:51.910,1.51717,1.51754,1.00,1.00
2016.12.30 14:47:52.869,1.51717,1.51756,1.00,1.00
2016.12.30 14:47:52.920,1.51723,1.51761,1.00,1.50
2016.12.30 14:47:53.264,1.51734,1.51762,1.00,1.00
2016.12.30 14:47:53.415,1.51734,1.51762,1.00,1.00
2016.12.30 14:47:53.517,1.51733,1.51762,1.00,1.00
2016.12.30 14:47:53.618,1.51728,1.51761,1.00,1.00
2016.12.30 14:47:54.209,1.51728,1.51761,1.00,1.00
2016.12.30 14:47:54.512,1.51728,1.51761,1.00,1.00
2016.12.30 14:47:55.535,1.51728,1.51761,1.00,1.00
2016.12.30 14:47:55.946,1.51726,1.51761,1.00,1.00
2016.12.30 14:47:56.047,1.51724,1.51761,1.00,1.00
2016.12.30 14:47:56.603,1.51724,1.5176,1.00,1.00
2016.12.30 14:47:56.884,1.51723,1.51758,1.00,1.00
2016.12.30 14:47:57.046,1.51723,1.51761,1.00,1.00
2016.12.30 14:47:57.137,1.51723,1.51761,1.00,1.00
2016.12.30 14:47:57.451,1.51724,1.51756,1.00,1.00
2016.12.30 14:47:57.649,1.51724,1.51761,1.00,1.00
2016.12.30 14:47:57.803,1.51724,1.51756,1.00,1.00
2016.12.30 14:47:58.071,1.51724,1.51761,1.00,1.00
2016.12.30 14:47:58.122,1.51722,1.5176,1.00,1.00
2016.12.30 14:47:58.223,1.5172,1.5176,1.00,1.00
2016.12.30 14:47:58.347,1.5172,1.51757,1.00,1.00
2016.12.30 14:47:58.815,1.5172,1.51756,1.00,1.00
2016.12.30 14:47:59.401,1.5172,1.51755,1.00,1.00
2016.12.30 14:47:59.452,1.51719,1.51755,1.00,1.00
2016.12.30 14:47:59.503,1.51719,1.51753,1.00,1.00
2016.12.30 14:47:59.604,1.51719,1.51758,1.00,1.00
2016.12.30 14:47:59.654,1.51719,1.51756,1.00,1.00
2016.12.30 14:48:00.052,1.51719,1.51756,1.00,1.00
2016.12.30 14:48:00.355,1.51719,1.51756,1.00,1.00
2016.12.30 14:48:00.744,1.51722,1.51756,1.00,1.00
2016.12.30 14:48:00.895,1.51722,1.51762,1.00,1.00
2016.12.30 14:48:01.146,1.51723,1.51756,1.00,1.00
2016.12.30 14:48:01.360,1.51724,1.51761,1.00,1.00
2016.12.30 14:48:01.694,1.51724,1.51757,1.00,1.00
2016.12.30 14:48:02.051,1.51724,1.51761,1.00,1.00
2016.12.30 14:48:02.152,1.51723,1.51761,1.00,1.00
2016.12.30 14:48:02.253,1.51726,1.51761,1.00,1.00
2016.12.30 14:48:02.557,1.51734,1.51762,1.00,1.00
2016.12.30 14:48:02.870,1.51734,1.51762,1.00,1.00
2016.12.30 14:48:02.971,1.51734,1.51762,1.00,1.00
2016.12.30 14:48:03.323,1.51734,1.51762,1.00,1.00
2016.12.30 14:48:03.766,1.51734,1.51762,1.00,1.00
2016.12.30 14:48:04.389,1.51734,1.51762,1.00,1.00
2016.12.30 14:48:04.983,1.51734,1.51762,1.00,1.00
2016.12.30 14:48:05.628,1.51732,1.51762,1.00,1.00
2016.12.30 14:48:05.830,1.51728,1.51761,1.00,1.00
2016.12.30 14:48:05.935,1.51728,1.51761,1.00,1.00
2016.12.30 14:48:06.433,1.51728,1.51761,1.00,1.00
2016.12.30 14:48:07.178,1.51729,1.51761,1.00,1.00
2016.12.30 14:48:07.614,1.51729,1.51761,1.00,1.00
2016.12.30 14:48:08.272,1.51729,1.51761,1.00,1.00
2016.12.30 14:48:08.786,1.51729,1.51761,1.00,1.00
2016.12.30 14:48:09.551,1.51728,1.51757,1.00,1.00
2016.12.30 14:48:09.652,1.51728,1.51762,1.00,1.00
2016.12.30 14:48:11.158,1.51728,1.51762,1.00,1.00
2016.12.30 14:48:11.638,1.51728,1.51756,1.00,1.00
2016.12.30 14:48:11.740,1.51728,1.51762,1.00,1.00
2016.12.30 14:48:12.280,1.51728,1.51761,1.00,1.00
2016.12.30 14:48:12.335,1.51728,1.51761,1.00,1.00
2016.12.30 14:48:13.064,1.51728,1.51761,1.00,1.00
2016.12.30 14:48:13.165,1.51728,1.51761,1.00,1.00
2016.12.30 14:48:13.754,1.51726,1.51761,1.00,1.00
2016.12.30 14:48:13.805,1.51726,1.51759,1.00,1.00
2016.12.30 14:48:13.906,1.51726,1.51762,1.00,1.50
2016.12.30 14:48:13.957,1.51726,1.51762,1.00,1.50
2016.12.30 14:48:14.158,1.51726,1.51762,1.00,1.00
2016.12.30 14:48:14.584,1.51728,1.51762,1.00,1.00
2016.12.30 14:48:14.868,1.51728,1.51762,1.00,1.50
2016.12.30 14:48:14.919,1.51728,1.5176,1.00,1.00
2016.12.30 14:48:14.970,1.51728,1.51759,1.00,1.00
2016.12.30 14:48:15.071,1.51726,1.51758,1.00,1.00
2016.12.30 14:48:15.547,1.51723,1.51757,1.00,1.00
2016.12.30 14:48:15.648,1.51723,1.51757,1.00,1.00
2016.12.30 14:48:15.749,1.51723,1.51758,1.00,1.00
2016.12.30 14:48:15.800,1.51723,1.51752,1.00,1.00
2016.12.30 14:48:16.711,1.51723,1.5175,1.00,1.00
2016.12.30 14:48:16.762,1.51722,1.5175,1.00,1.00
2016.12.30 14:48:16.813,1.51722,1.51748,1.00,1.00
2016.12.30 14:48:16.864,1.51719,1.51748,1.00,1.00
2016.12.30 14:48:16.965,1.51719,1.5175,1.00,1.00
2016.12.30 14:48:17.015,1.51719,1.51748,1.00,1.00
2016.12.30 14:48:17.318,1.51719,1.51749,1.00,1.00
2016.12.30 14:48:17.633,1.51728,1.51749,1.00,1.00
2016.12.30 14:48:17.936,1.51732,1.51751,1.00,1.00
2016.12.30 14:48:17.986,1.51732,1.51751,1.00,1.00
2016.12.30 14:48:18.087,1.51732,1.51751,1.00,1.00
2016.12.30 14:48:18.239,1.51732,1.51762,1.00,1.00
2016.12.30 14:48:18.752,1.51734,1.51761,1.00,1.00
2016.12.30 14:48:19.176,1.51734,1.51761,1.00,1.00
2016.12.30 14:48:19.378,1.51732,1.51761,1.00,1.00
2016.12.30 14:48:19.479,1.51732,1.51761,1.00,1.00
2016.12.30 14:48:20.223,1.51732,1.51761,1.00,1.00
2016.12.30 14:48:20.273,1.51732,1.51761,1.00,1.00
2016.12.30 14:48:20.462,1.51732,1.51761,1.00,1.00
2016.12.30 14:48:20.891,1.51732,1.51761,1.00,1.00
2016.12.30 14:48:25.298,1.51728,1.51761,1.00,1.00
2016.12.30 14:48:25.499,1.51728,1.51761,1.00,1.00
2016.12.30 14:48:25.802,1.51733,1.51762,1.00,1.00
2016.12.30 14:48:25.954,1.51733,1.51762,1.00,1.00
2016.12.30 14:48:26.365,1.51733,1.51761,1.00,1.00
2016.12.30 14:48:26.576,1.51733,1.51761,1.00,1.00
2016.12.30 14:48:26.889,1.51735,1.51761,1.00,1.00
2016.12.30 14:48:26.990,1.51727,1.51758,1.00,1.00
2016.12.30 14:48:27.091,1.51724,1.51759,1.00,1.00
2016.12.30 14:48:27.141,1.51724,1.51756,1.00,1.00
2016.12.30 14:48:27.444,1.51728,1.51756,1.00,1.00
2016.12.30 14:48:27.494,1.51728,1.51756,1.00,1.00
2016.12.30 14:48:27.769,1.51728,1.51756,1.00,1.00
2016.12.30 14:48:27.820,1.51728,1.5176,1.00,1.00
2016.12.30 14:48:29.558,1.51728,1.5176,1.00,1.00
2016.12.30 14:48:29.659,1.5173,1.5176,1.00,1.00
2016.12.30 14:48:29.969,1.5173,1.51762,1.00,1.00
2016.12.30 14:48:30.477,1.5173,1.51762,1.00,1.00
2016.12.30 14:48:30.578,1.5173,1.51757,1.00,1.00
2016.12.30 14:48:30.628,1.51728,1.51757,1.00,1.00
2016.12.30 14:48:30.679,1.51728,1.51755,1.00,1.00
2016.12.30 14:48:30.730,1.51724,1.51754,1.00,1.00
2016.12.30 14:48:30.831,1.51724,1.51752,1.00,1.00
2016.12.30 14:48:31.211,1.51727,1.51756,1.00,1.00
2016.12.30 14:48:31.302,1.51727,1.51761,1.00,1.50
2016.12.30 14:48:31.953,1.51727,1.5176,1.00,1.00
2016.12.30 14:48:32.649,1.51728,1.5176,1.00,1.00
2016.12.30 14:48:33.054,1.51728,1.5176,1.00,1.00
2016.12.30 14:48:33.105,1.51728,1.51755,1.00,1.00
2016.12.30 14:48:33.417,1.51723,1.51753,1.00,1.00
2016.12.30 14:48:33.939,1.51722,1.51753,1.00,1.00
2016.12.30 14:48:34.507,1.51721,1.51753,1.00,1.00
2016.12.30 14:48:34.821,1.51721,1.51751,1.00,1.00
2016.12.30 14:48:35.823,1.51719,1.51745,1.00,1.00
2016.12.30 14:48:35.873,1.51719,1.51747,1.00,1.00
2016.12.30 14:48:35.924,1.51719,1.51745,1.00,1.00
2016.12.30 14:48:35.975,1.51719,1.51747,1.00,1.00
2016.12.30 14:48:36.227,1.51713,1.51746,1.00,1.00
2016.12.30 14:48:36.458,1.5172,1.51757,1.00,1.00
2016.12.30 14:48:36.772,1.51724,1.51756,1.00,1.50
2016.12.30 14:48:37.294,1.51724,1.51755,1.00,1.00
2016.12.30 14:48:39.385,1.51724,1.51754,1.00,1.00
2016.12.30 14:48:39.721,1.51727,1.51756,1.00,1.50
2016.12.30 14:48:40.125,1.5173,1.51758,1.00,1.00
2016.12.30 14:48:40.628,1.5173,1.5176,1.00,1.00
2016.12.30 14:48:43.813,1.5173,1.51759,1.00,1.00
2016.12.30 14:48:43.964,1.5173,1.51758,1.00,1.00
2016.12.30 14:48:45.321,1.5173,1.51758,1.00,1.00
2016.12.30 14:48:46.109,1.5173,1.51757,1.00,1.00
2016.12.30 14:48:46.747,1.51729,1.51757,1.00,1.50
2016.12.30 14:48:46.849,1.51729,1.5176,1.00,1.00
2016.12.30 14:48:46.950,1.51729,1.5176,1.00,1.00
2016.12.30 14:48:47.223,1.51729,1.5176,1.00,1.00
2016.12.30 14:48:47.620,1.51729,1.51762,1.00,1.50
2016.12.30 14:48:47.671,1.51729,1.51759,1.00,1.00
2016.12.30 14:48:48.205,1.51728,1.51758,1.00,1.00
2016.12.30 14:48:48.255,1.51726,1.51758,1.00,1.00
2016.12.30 14:48:48.306,1.51726,1.51753,1.00,1.00
2016.12.30 14:48:48.357,1.51723,1.51753,1.00,1.00
2016.12.30 14:48:48.458,1.51723,1.51755,1.00,1.00
2016.12.30 14:48:48.559,1.51723,1.51761,1.00,1.50
2016.12.30 14:48:48.660,1.51723,1.51756,1.00,1.00
2016.12.30 14:48:48.962,1.51723,1.51753,1.00,1.00
2016.12.30 14:48:49.215,1.51723,1.51756,1.00,1.00
2016.12.30 14:48:49.337,1.51723,1.51753,1.00,1.00
2016.12.30 14:48:49.387,1.51723,1.51757,1.00,1.00
2016.12.30 14:48:49.438,1.51724,1.51758,1.00,1.00
2016.12.30 14:48:49.489,1.51724,1.5176,1.00,1.00
2016.12.30 14:48:49.539,1.51724,1.51757,1.00,1.00
2016.12.30 14:48:50.513,1.51724,1.51756,1.00,1.00
2016.12.30 14:48:50.564,1.51722,1.51756,1.00,1.00
2016.12.30 14:48:50.758,1.51717,1.51748,1.00,1.00
2016.12.30 14:48:50.961,1.51712,1.51744,1.00,1.00
2016.12.30 14:48:51.011,1.51712,1.51742,1.00,1.00
2016.12.30 14:48:51.213,1.51712,1.51759,1.00,1.50
2016.12.30 14:48:51.264,1.51714,1.51759,1.00,1.50
2016.12.30 14:48:51.566,1.51714,1.51747,1.00,1.00
2016.12.30 14:48:51.667,1.51714,1.5175,1.00,1.00
2016.12.30 14:48:51.768,1.51716,1.51749,1.00,1.00
2016.12.30 14:48:52.118,1.51719,1.51752,1.00,1.00
2016.12.30 14:48:52.169,1.51719,1.51752,1.00,1.00
2016.12.30 14:48:52.538,1.51719,1.51752,1.00,1.00
2016.12.30 14:48:52.639,1.51717,1.51752,1.00,1.00
2016.12.30 14:48:52.740,1.51717,1.5175,1.00,1.00
2016.12.30 14:48:53.071,1.51717,1.51748,1.00,1.00
2016.12.30 14:48:53.353,1.51717,1.5175,1.00,1.00
2016.12.30 14:48:53.560,1.51717,1.51754,1.00,1.00
2016.12.30 14:48:53.661,1.51717,1.51756,1.00,1.00
2016.12.30 14:48:53.762,1.51717,1.5175,1.00,1.00
2016.12.30 14:48:53.824,1.51717,1.51761,1.00,1.00
2016.12.30 14:48:53.874,1.51714,1.51756,1.00,1.00
2016.12.30 14:48:54.177,1.51714,1.51756,1.00,1.00
2016.12.30 14:48:54.481,1.51715,1.51749,1.00,1.00
2016.12.30 14:48:54.849,1.51715,1.51749,1.00,1.00
2016.12.30 14:48:55.136,1.51715,1.51749,1.00,1.00
2016.12.30 14:48:56.496,1.51715,1.5175,1.00,1.00
2016.12.30 14:48:58.256,1.51719,1.51752,1.00,1.00
2016.12.30 14:48:58.386,1.51719,1.51756,1.00,1.00
2016.12.30 14:48:58.624,1.51719,1.51758,1.00,1.00
2016.12.30 14:48:58.675,1.51721,1.51758,1.00,1.00
2016.12.30 14:48:59.953,1.51721,1.51755,1.00,1.00
2016.12.30 14:49:00.972,1.51721,1.51754,1.00,1.00
2016.12.30 14:49:01.738,1.51713,1.5174,1.00,1.00
2016.12.30 14:49:01.789,1.5171,1.51739,1.00,1.00
2016.12.30 14:49:01.839,1.5171,1.51737,1.00,1.00
2016.12.30 14:49:01.890,1.51704,1.51737,1.50,1.00
2016.12.30 14:49:01.991,1.51704,1.51738,1.00,1.00
2016.12.30 14:49:02.042,1.51704,1.51742,1.00,1.00
2016.12.30 14:49:02.158,1.51707,1.51743,1.00,1.00
2016.12.30 14:49:02.549,1.51707,1.51743,1.00,1.00
2016.12.30 14:49:02.600,1.51707,1.51736,1.00,1.00
2016.12.30 14:49:02.650,1.51702,1.51736,1.50,1.00
2016.12.30 14:49:02.751,1.517,1.51733,1.00,1.00
2016.12.30 14:49:03.151,1.517,1.51739,1.00,1.00
2016.12.30 14:49:03.473,1.51702,1.51739,1.00,1.00
2016.12.30 14:49:03.819,1.51704,1.5174,1.00,1.00
2016.12.30 14:49:04.292,1.51704,1.51738,1.00,1.00
2016.12.30 14:49:04.558,1.51692,1.51723,1.00,1.00
2016.12.30 14:49:04.660,1.51689,1.51727,1.00,1.00
2016.12.30 14:49:04.710,1.51691,1.51728,1.00,1.00
2016.12.30 14:49:05.068,1.51703,1.51737,1.00,1.00
2016.12.30 14:49:05.118,1.51703,1.51741,1.00,1.00
2016.12.30 14:49:05.169,1.51705,1.51741,1.00,1.00
2016.12.30 14:49:05.500,1.51705,1.51741,1.00,1.00
2016.12.30 14:49:08.064,1.51705,1.51742,1.00,1.00
2016.12.30 14:49:09.506,1.51705,1.51742,1.00,1.00
2016.12.30 14:49:10.280,1.51705,1.51742,1.00,1.00
2016.12.30 14:49:10.939,1.51708,1.51742,1.00,1.00
2016.12.30 14:49:12.413,1.51708,1.51744,1.00,1.00
2016.12.30 14:49:12.464,1.51708,1.51746,1.00,1.00
2016.12.30 14:49:12.515,1.51715,1.51745,1.00,1.00
2016.12.30 14:49:12.566,1.51715,1.51748,1.00,1.00
2016.12.30 14:49:12.695,1.51721,1.51747,1.00,1.00
2016.12.30 14:49:12.847,1.51723,1.5176,1.00,1.00
2016.12.30 14:49:13.407,1.51723,1.51761,1.00,1.00
2016.12.30 14:49:14.161,1.51723,1.51761,1.00,1.00
2016.12.30 14:49:14.211,1.51723,1.51758,1.00,1.00
2016.12.30 14:49:14.538,1.51723,1.51756,1.00,1.00
2016.12.30 14:49:15.706,1.51723,1.51757,1.00,1.00
2016.12.30 14:49:15.757,1.51723,1.51759,1.00,1.00
2016.12.30 14:49:15.885,1.51723,1.51759,1.00,1.00
2016.12.30 14:49:16.304,1.51727,1.51761,1.00,1.00
2016.12.30 14:49:16.917,1.51727,1.51761,1.00,1.00
2016.12.30 14:49:17.119,1.51726,1.51761,1.00,1.50
2016.12.30 14:49:17.220,1.51726,1.51761,1.00,1.50
2016.12.30 14:49:17.556,1.51727,1.51762,1.00,1.00
2016.12.30 14:49:18.151,1.51727,1.51761,1.00,1.00
2016.12.30 14:49:18.252,1.51727,1.51761,1.00,1.00
2016.12.30 14:49:18.303,1.51727,1.51759,1.00,1.00
2016.12.30 14:49:18.354,1.51725,1.51759,1.00,1.00
2016.12.30 14:49:18.455,1.51723,1.51756,1.00,1.00
2016.12.30 14:49:18.556,1.51719,1.51753,1.00,1.00
2016.12.30 14:49:18.922,1.51722,1.51761,1.00,1.00
2016.12.30 14:49:19.275,1.51722,1.51759,1.00,1.00
2016.12.30 14:49:19.819,1.51722,1.51758,1.00,1.00
2016.12.30 14:49:20.155,1.51722,1.51761,1.00,1.50
2016.12.30 14:49:20.256,1.51726,1.51761,1.00,1.50
2016.12.30 14:49:20.594,1.51726,1.5176,1.00,1.00
2016.12.30 14:49:20.860,1.51729,1.51762,1.00,1.00
2016.12.30 14:49:21.034,1.51729,1.51762,1.00,1.00
2016.12.30 14:49:21.722,1.51729,1.51762,1.00,1.00
2016.12.30 14:49:21.823,1.51729,1.51762,1.00,1.00
2016.12.30 14:49:22.361,1.51729,1.51761,1.00,1.50
2016.12.30 14:49:22.982,1.51729,1.51762,1.00,1.00
2016.12.30 14:49:23.855,1.51729,1.51761,1.00,1.50
2016.12.30 14:49:24.074,1.51729,1.51761,1.00,1.00
2016.12.30 14:49:24.326,1.51726,1.51761,1.00,1.00
2016.12.30 14:49:24.376,1.51726,1.51759,1.00,1.00
2016.12.30 14:49:24.679,1.51723,1.51756,1.00,1.00
2016.12.30 14:49:24.931,1.51717,1.51753,1.00,1.00
2016.12.30 14:49:24.982,1.51717,1.5175,1.00,1.00
2016.12.30 14:49:25.312,1.51717,1.51745,1.00,1.00
2016.12.30 14:49:25.363,1.51716,1.51745,1.00,1.00
2016.12.30 14:49:25.606,1.51712,1.51744,1.00,1.00
2016.12.30 14:49:27.358,1.51712,1.51743,1.00,1.00
2016.12.30 14:49:27.652,1.51712,1.51744,1.00,1.00
2016.12.30 14:49:27.703,1.51712,1.51747,1.00,1.00
2016.12.30 14:49:27.754,1.51714,1.5175,1.00,1.00
2016.12.30 14:49:27.855,1.51705,1.5175,1.00,2.25
2016.12.30 14:49:27.905,1.51705,1.51747,1.00,1.00
2016.12.30 14:49:28.208,1.51709,1.51742,1.00,1.00
2016.12.30 14:49:28.259,1.51711,1.51745,1.00,1.00
2016.12.30 14:49:28.360,1.51713,1.51756,1.00,1.00
2016.12.30 14:49:28.411,1.51713,1.51749,1.00,1.00
2016.12.30 14:49:28.747,1.51713,1.51745,1.00,1.00
2016.12.30 14:49:29.064,1.5171,1.51741,1.00,1.00
2016.12.30 14:49:29.360,1.51707,1.5174,1.00,1.00
2016.12.30 14:49:29.461,1.51705,1.51741,1.00,1.00
2016.12.30 14:49:30.008,1.51705,1.5174,1.00,1.00
2016.12.30 14:49:30.059,1.51705,1.5174,1.00,1.00
2016.12.30 14:49:30.768,1.51705,1.51742,1.00,1.00
2016.12.30 14:49:30.818,1.51705,1.5174,1.00,1.00
2016.12.30 14:49:31.153,1.51705,1.51742,1.00,1.00
2016.12.30 14:49:33.374,1.51707,1.51742,1.00,1.00
2016.12.30 14:49:33.896,1.51707,1.51741,1.00,1.00
2016.12.30 14:49:34.660,1.51707,1.51747,1.00,1.50
2016.12.30 14:49:34.711,1.51707,1.51743,1.00,1.00
2016.12.30 14:49:34.963,1.51707,1.51742,1.00,1.00
2016.12.30 14:49:35.064,1.51707,1.51743,1.00,1.00
2016.12.30 14:49:35.165,1.51704,1.51754,1.00,1.00
2016.12.30 14:49:35.309,1.51703,1.51747,1.00,1.00
2016.12.30 14:49:35.612,1.51702,1.51742,1.00,1.00
2016.12.30 14:49:35.914,1.51702,1.51734,1.00,1.00
2016.12.30 14:49:35.965,1.51702,1.51736,1.00,1.00
2016.12.30 14:49:36.066,1.51702,1.51736,1.00,1.00
2016.12.30 14:49:37.447,1.51702,1.51737,1.00,1.00
2016.12.30 14:49:37.768,1.51702,1.51737,1.00,1.00
2016.12.30 14:49:37.869,1.51702,1.51736,1.00,1.00
2016.12.30 14:49:38.078,1.51702,1.51738,1.00,1.00
2016.12.30 14:49:38.142,1.51702,1.51738,1.00,1.00
2016.12.30 14:49:38.420,1.51703,1.51741,1.35,1.00
2016.12.30 14:49:38.471,1.5171,1.51743,1.00,1.00
2016.12.30 14:49:38.572,1.51713,1.51749,1.00,1.00
2016.12.30 14:49:38.934,1.51713,1.51746,1.00,1.00
2016.12.30 14:49:40.642,1.51713,1.51745,1.00,1.00
2016.12.30 14:49:40.743,1.51709,1.51745,1.00,1.00
2016.12.30 14:49:40.793,1.51709,1.51743,1.00,1.00
2016.12.30 14:49:40.954,1.51705,1.51743,1.00,1.00
2016.12.30 14:49:41.116,1.51705,1.51745,1.00,1.00
2016.12.30 14:49:41.167,1.51705,1.51745,1.00,1.00
2016.12.30 14:49:41.508,1.51705,1.51746,1.00,1.00
2016.12.30 14:49:42.285,1.51705,1.51746,1.00,1.00
2016.12.30 14:49:42.469,1.51705,1.51746,1.00,1.00
2016.12.30 14:49:42.679,1.51705,1.51746,1.00,1.00
2016.12.30 14:49:43.364,1.51705,1.51745,1.00,1.00
2016.12.30 14:49:43.662,1.51705,1.51743,1.00,1.00
2016.12.30 14:49:43.763,1.51696,1.51744,1.00,1.00
2016.12.30 14:49:43.814,1.51696,1.51729,1.00,1.00
2016.12.30 14:49:43.965,1.51696,1.51733,1.00,1.00
2016.12.30 14:49:44.066,1.51696,1.51731,1.00,1.00
2016.12.30 14:49:44.271,1.51696,1.51731,1.00,1.00
2016.12.30 14:49:45.121,1.51696,1.5173,1.00,1.00
2016.12.30 14:49:45.171,1.51696,1.51732,1.00,1.00
2016.12.30 14:49:45.465,1.51696,1.51735,1.00,1.00
2016.12.30 14:49:45.516,1.51696,1.51737,1.00,1.00
2016.12.30 14:49:45.566,1.51697,1.51738,1.00,1.00
2016.12.30 14:49:46.108,1.51698,1.51738,1.00,1.00
2016.12.30 14:49:46.663,1.51699,1.5174,1.00,1.00
2016.12.30 14:49:46.713,1.51699,1.51738,1.00,1.00
2016.12.30 14:49:46.814,1.51699,1.5174,1.00,1.00
2016.12.30 14:49:46.915,1.51699,1.51738,1.00,1.00
2016.12.30 14:49:47.226,1.517,1.51741,1.00,1.00
2016.12.30 14:49:47.377,1.517,1.51739,1.00,1.00
2016.12.30 14:49:47.478,1.517,1.51741,1.00,1.00
2016.12.30 14:49:47.529,1.517,1.51739,1.00,1.00
2016.12.30 14:49:47.580,1.517,1.51741,1.00,1.00
2016.12.30 14:49:48.650,1.517,1.51737,1.00,1.00
2016.12.30 14:49:48.701,1.51699,1.51736,1.00,1.00
2016.12.30 14:49:48.966,1.51699,1.51736,1.00,1.00
2016.12.30 14:49:49.109,1.51699,1.51739,1.00,1.00
2016.12.30 14:49:49.311,1.51699,1.51737,1.00,1.00
2016.12.30 14:49:49.646,1.517,1.51737,1.50,1.00
2016.12.30 14:49:49.747,1.51701,1.51741,1.00,1.00
2016.12.30 14:49:49.848,1.51701,1.51749,1.00,1.50
2016.12.30 14:49:50.415,1.51702,1.51742,1.50,1.00
2016.12.30 14:49:50.725,1.51702,1.5174,1.00,1.00
2016.12.30 14:49:51.108,1.51702,1.51742,1.00,1.00
2016.12.30 14:49:51.201,1.51702,1.5174,1.00,1.00
2016.12.30 14:49:53.335,1.51702,1.51737,1.00,1.00
2016.12.30 14:49:53.386,1.51702,1.51737,1.00,1.50
2016.12.30 14:49:53.895,1.51702,1.51736,1.00,1.00
2016.12.30 14:49:54.147,1.51702,1.51734,1.00,1.00
2016.12.30 14:49:54.198,1.51694,1.51733,1.00,1.00
2016.12.30 14:49:54.249,1.51694,1.51731,1.00,1.00
2016.12.30 14:49:54.300,1.51694,1.51734,1.00,1.00
2016.12.30 14:49:54.569,1.51694,1.51734,1.00,1.37
2016.12.30 14:49:54.649,1.5169,1.51733,1.00,1.15
2016.12.30 14:49:54.750,1.5169,1.51726,1.00,1.00
2016.12.30 14:49:55.261,1.5169,1.51723,1.00,1.00
2016.12.30 14:49:56.081,1.5169,1.51724,1.00,1.00
2016.12.30 14:49:56.384,1.51683,1.51722,1.00,1.00
2016.12.30 14:49:56.435,1.51683,1.51718,1.00,1.00
2016.12.30 14:49:56.776,1.51681,1.51715,1.00,1.00
2016.12.30 14:49:57.094,1.51679,1.51713,1.00,1.00
2016.12.30 14:49:57.631,1.51679,1.51714,1.00,1.00
2016.12.30 14:49:57.833,1.51679,1.51717,1.00,1.00
2016.12.30 14:49:57.883,1.51679,1.51717,1.00,1.00
2016.12.30 14:49:58.407,1.51679,1.51717,1.00,1.00
2016.12.30 14:49:58.719,1.5168,1.5172,1.00,1.00
2016.12.30 14:49:58.953,1.5168,1.51718,1.00,1.00
2016.12.30 14:49:59.004,1.5168,1.51717,1.50,1.00
2016.12.30 14:49:59.105,1.51681,1.51719,1.00,1.00
2016.12.30 14:49:59.206,1.51681,1.51719,1.00,1.00
2016.12.30 14:49:59.307,1.51681,1.51727,1.00,1.00
2016.12.30 14:49:59.558,1.51681,1.51719,1.00,1.00
2016.12.30 14:50:00.098,1.51681,1.5172,1.00,1.00
2016.12.30 14:50:00.401,1.51679,1.51716,1.00,1.00
2016.12.30 14:50:00.704,1.51673,1.51714,1.00,1.00
2016.12.30 14:50:00.755,1.51672,1.51716,1.00,1.50
2016.12.30 14:50:00.806,1.51668,1.51712,1.00,1.00
2016.12.30 14:50:00.857,1.51668,1.51715,1.00,1.00
2016.12.30 14:50:00.910,1.51666,1.51716,1.00,1.00
2016.12.30 14:50:01.011,1.51666,1.51712,1.00,1.00
2016.12.30 14:50:01.352,1.51666,1.517,1.00,1.00
2016.12.30 14:50:01.512,1.51666,1.517,1.00,1.00
2016.12.30 14:50:02.011,1.51666,1.51704,1.00,1.00
2016.12.30 14:50:02.163,1.51666,1.51697,1.00,1.00
2016.12.30 14:50:02.213,1.51666,1.51701,1.00,1.00
2016.12.30 14:50:02.264,1.51665,1.51701,1.00,1.00
2016.12.30 14:50:02.315,1.51658,1.51701,1.00,1.00
2016.12.30 14:50:02.458,1.51658,1.51696,1.00,1.00
2016.12.30 14:50:02.660,1.51655,1.51696,1.35,1.00
2016.12.30 14:50:02.831,1.51654,1.51687,2.10,1.00
2016.12.30 14:50:02.982,1.51654,1.51706,2.35,1.00
2016.12.30 14:50:03.033,1.51654,1.51691,2.35,1.00
2016.12.30 14:50:03.184,1.51654,1.51693,2.35,1.00
2016.12.30 14:50:03.557,1.51654,1.5169,1.00,1.00
2016.12.30 14:50:03.709,1.51651,1.51686,1.00,1.00
2016.12.30 14:50:03.841,1.51651,1.51691,1.00,1.00
2016.12.30 14:50:03.892,1.51651,1.51697,1.00,1.00
2016.12.30 14:50:03.942,1.51655,1.51697,1.00,1.00
2016.12.30 14:50:04.450,1.51655,1.51698,1.00,1.00
2016.12.30 14:50:04.758,1.51662,1.51686,1.00,1.00
2016.12.30 14:50:04.859,1.51652,1.51681,1.00,1.00
2016.12.30 14:50:04.960,1.51648,1.51687,1.00,1.15
2016.12.30 14:50:05.061,1.51648,1.51686,1.00,1.45
2016.12.30 14:50:05.163,1.51644,1.51694,1.00,1.45
2016.12.30 14:50:05.264,1.51646,1.51697,1.00,1.45
2016.12.30 14:50:05.566,1.5165,1.51686,1.00,1.00
2016.12.30 14:50:05.868,1.51638,1.51676,1.00,1.45
2016.12.30 14:50:05.919,1.51637,1.51676,1.35,1.00
2016.12.30 14:50:06.071,1.51637,1.51669,1.35,1.00
2016.12.30 14:50:06.272,1.51637,1.51672,1.35,1.00
2016.12.30 14:50:06.323,1.51639,1.51672,1.00,1.00
2016.12.30 14:50:06.374,1.51639,1.51676,1.00,1.00
2016.12.30 14:50:06.425,1.51647,1.51679,1.00,1.00
2016.12.30 14:50:06.476,1.51647,1.51684,1.00,1.00
2016.12.30 14:50:06.527,1.51647,1.5169,1.00,1.00
2016.12.30 14:50:06.660,1.51651,1.51694,1.00,1.00
2016.12.30 14:50:06.711,1.51651,1.51696,1.00,1.50
2016.12.30 14:50:07.407,1.51651,1.51687,1.00,1.00
2016.12.30 14:50:07.458,1.51651,1.51687,1.00,1.00
2016.12.30 14:50:07.559,1.51651,1.51687,1.00,1.00
2016.12.30 14:50:07.660,1.51651,1.51693,1.00,1.00
2016.12.30 14:50:07.761,1.51651,1.51695,1.00,1.00
2016.12.30 14:50:08.427,1.51651,1.51695,1.00,1.00
2016.12.30 14:50:08.680,1.51651,1.51698,2.50,1.00
2016.12.30 14:50:08.730,1.51655,1.51698,1.00,1.00
2016.12.30 14:50:09.033,1.51657,1.51696,1.00,1.00
2016.12.30 14:50:09.225,1.51657,1.517,1.00,1.00
2016.12.30 14:50:09.438,1.51657,1.517,1.00,1.00
2016.12.30 14:50:09.743,1.51658,1.51696,1.00,1.00
2016.12.30 14:50:10.061,1.5166,1.51696,1.00,1.00
2016.12.30 14:50:10.455,1.5166,1.51696,1.00,1.00
2016.12.30 14:50:11.327,1.5166,1.51696,1.00,1.00
2016.12.30 14:50:13.242,1.5166,1.51703,1.00,1.00
2016.12.30 14:50:13.343,1.51662,1.51703,1.00,1.00
2016.12.30 14:50:13.590,1.5166,1.51703,1.00,1.00
2016.12.30 14:50:14.227,1.5166,1.51705,1.00,1.00
2016.12.30 14:50:14.278,1.5166,1.51705,1.00,1.00
2016.12.30 14:50:14.429,1.5166,1.51707,1.00,1.50
2016.12.30 14:50:14.480,1.5166,1.51696,1.00,1.00
2016.12.30 14:50:14.613,1.5166,1.51707,1.00,1.50
2016.12.30 14:50:14.899,1.5166,1.51704,1.00,1.00
2016.12.30 14:50:14.950,1.5166,1.51704,1.00,1.00
2016.12.30 14:50:15.101,1.5166,1.51706,1.00,1.50
2016.12.30 14:50:15.152,1.5166,1.51702,1.00,1.00
2016.12.30 14:50:15.253,1.51657,1.51702,1.00,1.00
2016.12.30 14:50:15.455,1.51657,1.51702,1.00,1.00
2016.12.30 14:50:15.968,1.51657,1.51702,1.00,1.00
2016.12.30 14:50:16.705,1.51657,1.51701,1.00,1.00
2016.12.30 14:50:18.537,1.51657,1.51704,1.00,1.00
2016.12.30 14:50:18.789,1.51657,1.51706,1.00,1.00
2016.12.30 14:50:19.160,1.51657,1.51704,1.00,1.00
2016.12.30 14:50:19.261,1.51653,1.51698,1.00,1.00
2016.12.30 14:50:19.362,1.51653,1.51701,1.00,1.00
2016.12.30 14:50:19.484,1.51653,1.51696,1.00,1.00
2016.12.30 14:50:19.789,1.51653,1.51687,1.00,1.00
2016.12.30 14:50:19.840,1.51653,1.51696,1.00,1.00
2016.12.30 14:50:19.891,1.51653,1.51686,1.00,1.00
2016.12.30 14:50:19.941,1.51652,1.51696,1.00,1.50
2016.12.30 14:50:20.042,1.51652,1.51698,2.50,1.00
2016.12.30 14:50:20.093,1.51652,1.51705,2.50,1.00
2016.12.30 14:50:20.144,1.51655,1.51707,1.00,2.25
2016.12.30 14:50:20.446,1.51658,1.51707,1.00,1.00
2016.12.30 14:50:20.773,1.51658,1.51697,1.00,1.00
2016.12.30 14:50:21.281,1.51658,1.51697,1.00,1.00
2016.12.30 14:50:21.450,1.51658,1.51704,1.00,1.00
2016.12.30 14:50:21.551,1.51658,1.51706,1.00,1.00
2016.12.30 14:50:22.312,1.51658,1.51705,1.00,1.00
2016.12.30 14:50:22.463,1.51658,1.51697,1.00,1.00
2016.12.30 14:50:22.659,1.51658,1.51704,1.00,1.00
2016.12.30 14:50:23.304,1.51658,1.51705,1.00,1.00
2016.12.30 14:50:23.355,1.51659,1.51705,1.00,1.00
2016.12.30 14:50:23.658,1.5166,1.51696,1.00,1.00
2016.12.30 14:50:23.805,1.5166,1.51702,1.00,1.00
2016.12.30 14:50:24.007,1.51664,1.51704,1.50,1.00
2016.12.30 14:50:24.058,1.51664,1.51707,2.50,1.00
2016.12.30 14:50:24.523,1.51664,1.51704,1.00,1.00
2016.12.30 14:50:25.153,1.51664,1.51703,1.00,1.00
2016.12.30 14:50:26.017,1.51664,1.51702,1.00,1.00
2016.12.30 14:50:27.119,1.51664,1.51701,1.00,1.00
2016.12.30 14:50:27.423,1.51647,1.51669,1.60,1.00
2016.12.30 14:50:27.524,1.51647,1.51681,1.00,1.00
2016.12.30 14:50:27.575,1.51646,1.51674,1.00,1.00
2016.12.30 14:50:27.726,1.51646,1.51676,1.00,1.00
2016.12.30 14:50:27.878,1.51645,1.51676,1.00,1.00
2016.12.30 14:50:27.979,1.51645,1.51686,1.00,1.00
2016.12.30 14:50:28.130,1.51645,1.51695,1.50,1.00
2016.12.30 14:50:28.181,1.51647,1.51695,1.00,1.00
2016.12.30 14:50:28.530,1.51647,1.51687,1.00,1.00
2016.12.30 14:50:28.722,1.51648,1.51689,1.00,1.00
2016.12.30 14:50:28.873,1.51648,1.51688,1.00,1.00
2016.12.30 14:50:29.152,1.51648,1.51688,1.00,1.00
2016.12.30 14:50:29.902,1.51648,1.51689,1.00,1.00
2016.12.30 14:50:30.289,1.51649,1.51692,2.25,1.00
2016.12.30 14:50:30.593,1.51657,1.51696,1.00,1.00
2016.12.30 14:50:30.644,1.51657,1.51698,1.00,1.00
2016.12.30 14:50:30.745,1.5166,1.51705,1.00,1.00
2016.12.30 14:50:30.795,1.51662,1.51705,1.00,1.00
2016.12.30 14:50:31.174,1.51662,1.51697,1.50,1.00
2016.12.30 14:50:31.225,1.51662,1.51705,1.50,1.00
2016.12.30 14:50:31.277,1.51662,1.51701,1.00,1.00
2016.12.30 14:50:31.637,1.51662,1.51703,1.00,1.00
2016.12.30 14:50:31.789,1.51662,1.51703,2.50,1.00
2016.12.30 14:50:32.091,1.51663,1.51704,1.50,1.00
2016.12.30 14:50:32.530,1.51663,1.51706,2.50,1.00
2016.12.30 14:50:33.003,1.51664,1.51706,2.50,1.00
2016.12.30 14:50:33.258,1.51664,1.51706,2.50,1.00
2016.12.30 14:50:33.589,1.51664,1.51706,2.50,1.00
2016.12.30 14:50:34.668,1.51667,1.51706,1.00,1.00
2016.12.30 14:50:34.961,1.51667,1.51706,1.00,1.00
2016.12.30 14:50:35.859,1.51667,1.51707,1.00,1.00
2016.12.30 14:50:35.957,1.51667,1.51707,1.00,1.00
2016.12.30 14:50:36.509,1.51667,1.51706,1.00,1.00
2016.12.30 14:50:36.963,1.51667,1.51706,1.00,1.00
2016.12.30 14:50:37.263,1.51667,1.51706,1.00,1.00
2016.12.30 14:50:37.379,1.51664,1.51699,1.50,1.00
2016.12.30 14:50:37.480,1.51663,1.51704,1.00,1.00
2016.12.30 14:50:37.531,1.51663,1.51706,1.00,1.00
2016.12.30 14:50:38.039,1.51663,1.51706,1.00,1.00
2016.12.30 14:50:38.089,1.51663,1.51706,1.00,1.00
2016.12.30 14:50:38.365,1.51663,1.51707,1.00,1.00
2016.12.30 14:50:38.890,1.51662,1.51707,1.00,1.00
2016.12.30 14:50:39.260,1.51662,1.51713,1.00,1.50
2016.12.30 14:50:39.769,1.51662,1.51712,1.00,1.00
2016.12.30 14:50:39.820,1.51662,1.51706,1.00,1.00
2016.12.30 14:50:40.273,1.51662,1.51712,1.00,1.00
2016.12.30 14:50:40.789,1.51662,1.51711,1.00,1.00
2016.12.30 14:50:40.840,1.51661,1.51706,1.00,1.00
2016.12.30 14:50:40.891,1.51659,1.51706,1.00,1.00
2016.12.30 14:50:40.992,1.51659,1.51706,1.00,1.00
2016.12.30 14:50:41.383,1.51659,1.51697,1.00,1.00
2016.12.30 14:50:41.670,1.51658,1.51697,1.50,1.00
2016.12.30 14:50:42.171,1.51658,1.51696,1.00,1.00
2016.12.30 14:50:42.609,1.51658,1.51696,1.00,1.00
2016.12.30 14:50:43.154,1.51658,1.51697,1.00,1.00
2016.12.30 14:50:43.874,1.51659,1.51697,1.00,1.00
2016.12.30 14:50:44.205,1.51659,1.51697,1.00,1.00
2016.12.30 14:50:44.733,1.51659,1.51696,1.00,1.00
2016.12.30 14:50:44.783,1.51659,1.51696,1.00,1.00
2016.12.30 14:50:45.086,1.51659,1.51696,1.00,1.00
2016.12.30 14:50:45.258,1.51659,1.51707,1.00,1.00
2016.12.30 14:50:45.410,1.51659,1.51706,1.00,1.00
2016.12.30 14:50:45.692,1.51659,1.51707,1.00,1.00
2016.12.30 14:50:46.178,1.51658,1.51707,1.00,1.00
2016.12.30 14:50:46.694,1.51658,1.51706,1.00,1.00
2016.12.30 14:50:47.468,1.51658,1.51705,1.00,1.00
2016.12.30 14:50:48.098,1.51658,1.51705,1.00,1.00
2016.12.30 14:50:48.501,1.51658,1.51704,1.00,1.00
2016.12.30 14:50:49.034,1.51658,1.51704,1.00,1.00
2016.12.30 14:50:49.212,1.51658,1.51706,1.00,1.00
2016.12.30 14:50:49.313,1.51659,1.51707,1.50,1.00
2016.12.30 14:50:49.615,1.51664,1.51706,1.00,1.00
2016.12.30 14:50:49.786,1.51664,1.51707,1.00,1.00
2016.12.30 14:50:50.231,1.51664,1.51713,2.50,1.00
2016.12.30 14:50:50.282,1.51665,1.51715,1.00,1.00
2016.12.30 14:50:50.585,1.51665,1.51712,1.00,1.00
2016.12.30 14:50:50.686,1.51666,1.51714,1.00,1.00
2016.12.30 14:50:50.737,1.51666,1.51716,1.00,1.50
2016.12.30 14:50:50.888,1.51668,1.51716,1.00,1.00
2016.12.30 14:50:51.194,1.51668,1.51707,1.00,1.00
2016.12.30 14:50:51.345,1.51668,1.51716,1.00,1.00
2016.12.30 14:50:51.547,1.51669,1.51706,1.00,1.00
2016.12.30 14:50:51.648,1.51672,1.51716,1.00,1.00
2016.12.30 14:50:51.910,1.51672,1.51716,1.00,1.00
2016.12.30 14:50:52.207,1.51673,1.51717,1.00,1.00
2016.12.30 14:50:52.378,1.51673,1.51722,1.00,1.00
2016.12.30 14:50:52.889,1.51674,1.51724,1.00,1.00
2016.12.30 14:50:53.110,1.51675,1.51726,1.00,1.00
2016.12.30 14:50:53.211,1.51681,1.51726,1.00,1.00
2016.12.30 14:50:53.262,1.51681,1.51728,1.00,1.00
2016.12.30 14:50:53.313,1.51681,1.51728,1.00,1.00
2016.12.30 14:50:53.414,1.51681,1.51728,1.00,1.00
2016.12.30 14:50:53.565,1.51681,1.51728,1.00,1.00
2016.12.30 14:50:53.715,1.51681,1.5173,1.50,1.00
2016.12.30 14:50:53.916,1.51681,1.51726,1.00,1.00
2016.12.30 14:50:54.295,1.51681,1.51726,1.00,1.00
2016.12.30 14:50:55.230,1.51681,1.51726,1.00,1.00
2016.12.30 14:50:55.331,1.51683,1.51731,1.50,1.00
2016.12.30 14:50:55.756,1.51683,1.51727,1.00,1.00
2016.12.30 14:50:55.939,1.51683,1.51731,1.50,1.00
2016.12.30 14:50:56.790,1.51683,1.51726,1.00,1.00
2016.12.30 14:50:56.891,1.51676,1.51717,1.00,1.00
2016.12.30 14:50:57.039,1.51674,1.51716,1.00,1.00
2016.12.30 14:50:57.141,1.51679,1.51723,1.00,1.00
2016.12.30 14:50:57.242,1.51677,1.51725,1.00,1.00
2016.12.30 14:50:57.293,1.51677,1.51726,1.00,1.00
2016.12.30 14:50:57.595,1.51678,1.51716,1.00,1.00
2016.12.30 14:50:57.696,1.51678,1.51716,1.00,1.00
2016.12.30 14:50:59.411,1.51678,1.51727,1.00,1.50
2016.12.30 14:50:59.601,1.5168,1.51727,1.00,1.00
2016.12.30 14:50:59.933,1.51682,1.51726,1.00,1.00
2016.12.30 14:51:00.600,1.51682,1.51726,1.50,1.00
2016.12.30 14:51:00.710,1.51682,1.51717,1.00,1.00
2016.12.30 14:51:01.477,1.51682,1.51717,1.00,1.00
2016.12.30 14:51:01.814,1.51683,1.51726,1.00,1.00
2016.12.30 14:51:02.016,1.51688,1.51727,1.00,1.00
2016.12.30 14:51:02.341,1.51688,1.51727,1.00,1.00
2016.12.30 14:51:02.886,1.51688,1.51724,1.00,1.00
2016.12.30 14:51:02.936,1.51685,1.5172,1.00,1.00
2016.12.30 14:51:03.063,1.51676,1.51716,1.00,1.00
2016.12.30 14:51:03.114,1.51673,1.51717,1.00,1.00
2016.12.30 14:51:03.499,1.51671,1.51716,1.00,1.50
2016.12.30 14:51:04.303,1.51671,1.51715,1.00,1.00
2016.12.30 14:51:04.867,1.51671,1.51716,1.50,1.00
2016.12.30 14:51:05.019,1.51671,1.51706,1.00,1.00
2016.12.30 14:51:05.070,1.51671,1.51716,1.00,1.00
2016.12.30 14:51:05.121,1.51675,1.51716,1.00,1.00
2016.12.30 14:51:05.636,1.51676,1.51716,1.00,1.00
2016.12.30 14:51:06.220,1.51676,1.51716,1.00,1.00
2016.12.30 14:51:06.457,1.51676,1.51724,1.00,1.00
2016.12.30 14:51:06.821,1.51678,1.51724,1.00,1.00
2016.12.30 14:51:07.156,1.51678,1.51722,1.00,1.00
2016.12.30 14:51:07.517,1.51678,1.51722,1.00,1.00
2016.12.30 14:51:07.888,1.51678,1.51726,1.00,1.50
2016.12.30 14:51:07.939,1.51678,1.51719,1.00,1.00
2016.12.30 14:51:07.990,1.51678,1.51721,1.00,1.00
2016.12.30 14:51:08.041,1.51673,1.51719,1.00,1.00
2016.12.30 14:51:08.092,1.51671,1.51714,1.00,1.00
2016.12.30 14:51:08.243,1.51669,1.51714,1.00,1.00
2016.12.30 14:51:08.344,1.51669,1.51716,1.00,1.00
2016.12.30 14:51:08.395,1.51669,1.51712,1.00,1.00
2016.12.30 14:51:08.445,1.51669,1.51716,1.00,1.00
2016.12.30 14:51:08.647,1.51669,1.51717,1.00,1.00
2016.12.30 14:51:08.748,1.51669,1.51716,1.00,1.00
2016.12.30 14:51:08.849,1.51668,1.51717,1.00,1.00
2016.12.30 14:51:09.023,1.51668,1.51717,1.00,1.00
2016.12.30 14:51:09.592,1.51668,1.51715,1.00,1.00
2016.12.30 14:51:09.984,1.51668,1.51715,1.00,1.00
2016.12.30 14:51:10.374,1.51675,1.51716,1.00,1.00
2016.12.30 14:51:10.861,1.51675,1.5172,1.00,1.00
2016.12.30 14:51:10.912,1.51671,1.51717,1.00,1.00
2016.12.30 14:51:11.249,1.51669,1.51716,1.00,1.00
2016.12.30 14:51:11.614,1.51667,1.51706,1.00,1.00
2016.12.30 14:51:11.665,1.51667,1.51711,1.00,1.00
2016.12.30 14:51:11.716,1.51667,1.51706,1.00,1.00
2016.12.30 14:51:12.115,1.51667,1.51707,1.00,1.00
2016.12.30 14:51:12.456,1.51668,1.51706,1.00,1.00
2016.12.30 14:51:12.557,1.51668,1.51706,1.00,1.00
2016.12.30 14:51:12.658,1.51668,1.51706,1.00,1.00
2016.12.30 14:51:12.860,1.51668,1.51717,1.00,1.00
2016.12.30 14:51:12.910,1.51668,1.51707,1.00,1.00
2016.12.30 14:51:12.961,1.51668,1.51716,1.00,1.00
2016.12.30 14:51:13.062,1.51668,1.51707,1.00,1.50
2016.12.30 14:51:13.408,1.51666,1.51706,1.00,1.00
2016.12.30 14:51:13.952,1.51666,1.51706,1.00,1.50
2016.12.30 14:51:14.961,1.51666,1.51706,1.00,1.50
2016.12.30 14:51:15.638,1.51667,1.51706,1.00,1.00
2016.12.30 14:51:15.739,1.51667,1.51711,1.00,1.00
2016.12.30 14:51:15.840,1.51666,1.51707,1.00,1.00
2016.12.30 14:51:16.382,1.51666,1.51706,1.00,1.00
2016.12.30 14:51:16.433,1.51664,1.51706,1.00,1.00
2016.12.30 14:51:16.967,1.51664,1.51707,1.00,1.00
2016.12.30 14:51:17.541,1.51664,1.51706,1.50,1.00
2016.12.30 14:51:18.533,1.51664,1.51706,1.00,1.00
2016.12.30 14:51:18.944,1.51665,1.51706,1.00,1.00
2016.12.30 14:51:19.145,1.51667,1.5171,1.00,1.00
2016.12.30 14:51:19.673,1.51667,1.51711,1.00,1.00
2016.12.30 14:51:19.842,1.51667,1.5171,1.00,1.00
2016.12.30 14:51:19.933,1.51665,1.5171,1.00,1.00
2016.12.30 14:51:19.984,1.51665,1.51706,1.00,1.00
2016.12.30 14:51:20.337,1.51665,1.51706,1.00,1.50
2016.12.30 14:51:20.844,1.51665,1.51697,1.00,1.00
2016.12.30 14:51:21.096,1.51665,1.51706,1.00,1.00
2016.12.30 14:51:21.147,1.51665,1.51706,1.00,1.00
2016.12.30 14:51:21.416,1.51665,1.51712,1.00,1.00
2016.12.30 14:51:21.467,1.51667,1.51712,1.00,1.50
2016.12.30 14:51:21.736,1.51667,1.51712,1.00,1.00
2016.12.30 14:51:22.238,1.51667,1.51711,1.00,1.00
2016.12.30 14:51:24.642,1.51667,1.51711,1.00,1.00
2016.12.30 14:51:24.824,1.51667,1.51715,1.00,1.00
2016.12.30 14:51:25.497,1.51667,1.51715,1.00,1.00
2016.12.30 14:51:25.548,1.51667,1.51712,1.00,1.00
2016.12.30 14:51:25.957,1.51667,1.5171,1.00,1.00
2016.12.30 14:51:26.007,1.51667,1.51714,1.00,1.00
2016.12.30 14:51:26.633,1.51667,1.51715,1.00,1.50
2016.12.30 14:51:27.254,1.51667,1.51714,1.00,1.00
2016.12.30 14:51:27.355,1.51669,1.51706,1.00,1.00
2016.12.30 14:51:27.658,1.51681,1.51716,1.00,1.00
2016.12.30 14:51:27.759,1.51684,1.51726,1.00,1.87
2016.12.30 14:51:27.882,1.51684,1.51725,1.00,1.00
2016.12.30 14:51:27.934,1.51684,1.51714,1.00,1.00
2016.12.30 14:51:27.984,1.51665,1.51706,1.00,1.00
2016.12.30 14:51:28.488,1.51664,1.51706,1.00,1.00
2016.12.30 14:51:29.257,1.51664,1.51707,1.00,1.00
2016.12.30 14:51:30.112,1.51664,1.51706,1.00,1.00
2016.12.30 14:51:30.163,1.51662,1.51707,1.00,1.00
2016.12.30 14:51:30.264,1.51662,1.51707,1.00,1.00
2016.12.30 14:51:30.945,1.51662,1.51706,1.00,1.00
2016.12.30 14:51:31.249,1.51662,1.51696,1.00,1.00
2016.12.30 14:51:31.350,1.51658,1.51696,1.00,1.00
2016.12.30 14:51:31.401,1.51658,1.51706,1.00,1.50
2016.12.30 14:51:31.452,1.51658,1.51706,1.00,1.00
2016.12.30 14:51:31.792,1.51658,1.51697,1.00,1.00
2016.12.30 14:51:32.079,1.51658,1.51706,1.00,1.00
2016.12.30 14:51:32.180,1.51658,1.51706,1.00,1.00
2016.12.30 14:51:32.230,1.51658,1.51696,1.00,1.00
2016.12.30 14:51:32.281,1.51658,1.51706,1.00,2.25
2016.12.30 14:51:32.382,1.51658,1.51706,1.00,1.00
2016.12.30 14:51:32.705,1.51662,1.51706,1.00,1.00
2016.12.30 14:51:33.230,1.51663,1.51711,1.00,1.00
2016.12.30 14:51:33.331,1.51663,1.51713,1.00,1.00
2016.12.30 14:51:33.443,1.51668,1.51712,1.00,1.50
2016.12.30 14:51:33.872,1.51668,1.51713,1.00,1.00
2016.12.30 14:51:35.166,1.51668,1.51706,1.00,1.00
2016.12.30 14:51:35.410,1.51668,1.51712,1.00,1.00
2016.12.30 14:51:36.062,1.51668,1.51712,1.00,1.50
2016.12.30 14:51:36.364,1.51675,1.51718,1.00,1.00
2016.12.30 14:51:36.676,1.51675,1.51716,1.00,1.00
2016.12.30 14:51:36.777,1.51675,1.51716,1.00,1.00
2016.12.30 14:51:36.878,1.51675,1.51719,1.00,1.00
2016.12.30 14:51:37.130,1.51675,1.51716,1.00,1.00
2016.12.30 14:51:37.751,1.51675,1.51716,1.00,1.00
2016.12.30 14:51:38.054,1.5167,1.51707,1.00,1.00
2016.12.30 14:51:38.390,1.5167,1.51707,1.00,1.00
2016.12.30 14:51:38.890,1.51669,1.51707,1.00,1.00
2016.12.30 14:51:41.270,1.51668,1.51706,1.00,1.00
2016.12.30 14:51:45.371,1.51668,1.51707,1.00,1.00
2016.12.30 14:51:45.472,1.51668,1.51707,1.00,1.00
2016.12.30 14:51:46.075,1.51668,1.51706,1.00,1.00
2016.12.30 14:51:46.714,1.51668,1.51707,1.00,1.00
2016.12.30 14:51:48.759,1.51668,1.51706,1.00,1.00
2016.12.30 14:51:50.178,1.51667,1.51706,1.00,1.00
2016.12.30 14:51:50.485,1.51667,1.51706,1.00,1.00
2016.12.30 14:51:53.854,1.51667,1.51705,1.00,1.00
2016.12.30 14:51:53.905,1.51667,1.51707,1.00,1.00
2016.12.30 14:51:54.110,1.51667,1.51707,1.00,1.00
2016.12.30 14:51:54.485,1.51667,1.51706,1.00,1.00
2016.12.30 14:51:54.587,1.51667,1.5171,1.00,1.00
2016.12.30 14:51:54.688,1.51669,1.51714,1.00,1.00
2016.12.30 14:51:55.211,1.51669,1.51715,1.00,1.50
2016.12.30 14:51:55.261,1.51669,1.5171,1.00,1.00
2016.12.30 14:51:55.312,1.51669,1.51709,1.00,1.00
2016.12.30 14:51:55.514,1.51668,1.51709,1.00,1.00
2016.12.30 14:51:55.565,1.51668,1.51707,1.00,1.00
2016.12.30 14:51:55.868,1.51668,1.51706,1.00,1.00
2016.12.30 14:51:56.444,1.51668,1.51706,1.00,1.00
2016.12.30 14:51:56.726,1.51668,1.51708,1.00,1.00
2016.12.30 14:51:56.872,1.5167,1.51708,1.00,1.00
2016.12.30 14:51:56.923,1.5167,1.51712,1.00,1.00
2016.12.30 14:51:56.974,1.5167,1.51706,1.00,1.00
2016.12.30 14:51:57.025,1.5167,1.51712,1.00,1.00
2016.12.30 14:51:57.076,1.5167,1.51712,1.00,1.00
2016.12.30 14:51:57.328,1.5167,1.51706,1.00,1.00
2016.12.30 14:51:57.379,1.5167,1.51706,1.00,1.00
2016.12.30 14:51:57.873,1.5167,1.51708,1.00,1.00
2016.12.30 14:51:58.075,1.5167,1.51712,1.50,1.00
2016.12.30 14:51:58.382,1.51672,1.51712,1.00,1.00
2016.12.30 14:51:58.991,1.51672,1.51713,1.00,1.00
2016.12.30 14:52:00.428,1.51672,1.51716,1.00,1.50
2016.12.30 14:52:00.932,1.51672,1.51716,1.00,1.50
2016.12.30 14:52:01.033,1.51672,1.51707,1.00,1.00
2016.12.30 14:52:01.084,1.51672,1.51713,1.00,1.00
2016.12.30 14:52:01.382,1.51669,1.51712,1.00,1.00
2016.12.30 14:52:01.900,1.51668,1.51712,1.00,1.00
2016.12.30 14:52:02.102,1.51668,1.51708,1.00,1.00
2016.12.30 14:52:02.483,1.51668,1.51707,1.00,1.50
2016.12.30 14:52:03.064,1.51668,1.51706,1.00,1.00
2016.12.30 14:52:03.231,1.51669,1.51712,1.00,1.00
2016.12.30 14:52:03.332,1.51669,1.51716,1.00,1.00
2016.12.30 14:52:03.634,1.51671,1.51706,1.00,1.00
2016.12.30 14:52:04.123,1.51671,1.51716,1.00,1.00
2016.12.30 14:52:04.307,1.51671,1.51716,1.50,1.00
2016.12.30 14:52:05.210,1.51671,1.51706,1.00,1.00
2016.12.30 14:52:05.260,1.51671,1.51712,1.00,1.00
2016.12.30 14:52:05.311,1.51671,1.5171,1.00,1.00
2016.12.30 14:52:05.522,1.51666,1.51711,1.00,1.00
2016.12.30 14:52:05.789,1.51666,1.51706,1.00,1.00
2016.12.30 14:52:07.725,1.51669,1.51711,1.00,1.00
2016.12.30 14:52:08.244,1.51669,1.5171,1.00,1.00
2016.12.30 14:52:08.518,1.51669,1.51713,1.00,1.00
2016.12.30 14:52:08.636,1.51669,1.51716,1.00,1.00
2016.12.30 14:52:08.997,1.51669,1.51716,2.50,1.00
2016.12.30 14:52:09.390,1.51669,1.51707,1.00,1.00
2016.12.30 14:52:10.453,1.51669,1.51707,1.00,1.00
2016.12.30 14:52:12.571,1.51669,1.51716,1.00,1.50
2016.12.30 14:52:12.622,1.51668,1.51706,1.00,1.00
2016.12.30 14:52:13.339,1.51668,1.51707,1.00,1.00
2016.12.30 14:52:16.249,1.51668,1.51706,1.00,1.00
2016.12.30 14:52:17.176,1.51668,1.51707,1.00,1.00
2016.12.30 14:52:17.479,1.51672,1.51707,1.00,1.00
2016.12.30 14:52:17.530,1.51673,1.51716,1.50,1.00
2016.12.30 14:52:17.581,1.51673,1.51706,1.00,1.00
2016.12.30 14:52:17.632,1.51673,1.51716,2.50,1.00
2016.12.30 14:52:18.157,1.51673,1.51717,2.50,1.00
2016.12.30 14:52:18.458,1.51673,1.51717,2.50,1.00
2016.12.30 14:52:18.710,1.51674,1.51716,1.50,1.00
2016.12.30 14:52:19.334,1.51674,1.51717,1.50,1.00
2016.12.30 14:52:19.952,1.51674,1.51717,1.00,1.00
2016.12.30 14:52:20.002,1.51673,1.51717,2.25,1.00
2016.12.30 14:52:20.530,1.51673,1.51716,2.50,1.00
2016.12.30 14:52:22.026,1.51673,1.51717,2.50,1.00
2016.12.30 14:52:22.817,1.51674,1.51716,1.50,1.00
2016.12.30 14:52:23.447,1.51674,1.51716,2.50,1.00
2016.12.30 14:52:23.863,1.51674,1.51706,1.00,1.00
2016.12.30 14:52:26.765,1.51674,1.51706,1.50,1.00
2016.12.30 14:52:27.411,1.51674,1.51716,1.50,1.00
2016.12.30 14:52:28.765,1.51674,1.51716,1.50,1.00
2016.12.30 14:52:31.499,1.51674,1.51716,1.00,1.00
2016.12.30 14:52:31.827,1.5168,1.51717,1.00,1.00
2016.12.30 14:52:31.878,1.5168,1.51717,1.00,1.00
2016.12.30 14:52:32.163,1.5168,1.51717,1.00,1.00
2016.12.30 14:52:32.473,1.5168,1.51726,1.00,1.00
2016.12.30 14:52:32.524,1.5168,1.51728,1.00,1.00
2016.12.30 14:52:32.574,1.5168,1.51728,1.00,1.00
2016.12.30 14:52:32.927,1.5168,1.51716,1.00,1.00
2016.12.30 14:52:33.251,1.5168,1.51717,1.00,1.00
2016.12.30 14:52:33.352,1.5168,1.51717,1.00,1.00
2016.12.30 14:52:33.553,1.51678,1.51717,1.00,1.00
2016.12.30 14:52:34.249,1.51676,1.51717,1.00,1.00
2016.12.30 14:52:34.750,1.51676,1.51717,1.00,1.00
2016.12.30 14:52:35.794,1.51676,1.51716,1.00,1.00
2016.12.30 14:52:36.056,1.51676,1.51717,1.00,1.00
2016.12.30 14:52:36.258,1.51676,1.51717,1.00,1.00
2016.12.30 14:52:37.138,1.51676,1.51716,1.50,1.00
2016.12.30 14:52:37.189,1.51676,1.51716,1.00,1.00
2016.12.30 14:52:37.996,1.51676,1.51716,1.00,1.00
2016.12.30 14:52:40.642,1.51676,1.51716,1.00,1.00
2016.12.30 14:52:42.088,1.51676,1.51716,1.00,1.00
2016.12.30 14:52:45.509,1.51676,1.51717,1.00,1.00
2016.12.30 14:52:46.911,1.51676,1.51716,1.00,1.00
2016.12.30 14:52:47.553,1.51676,1.51717,1.00,1.00
2016.12.30 14:52:49.088,1.51676,1.51716,1.00,1.00
2016.12.30 14:52:50.254,1.51676,1.51723,1.00,1.00
2016.12.30 14:52:50.305,1.51676,1.51725,1.00,2.25
2016.12.30 14:52:50.476,1.51676,1.51716,1.00,1.00
2016.12.30 14:52:52.969,1.51676,1.51717,1.00,1.00
2016.12.30 14:52:53.071,1.51674,1.51716,1.50,1.00
2016.12.30 14:52:53.172,1.51674,1.51716,1.00,1.00
2016.12.30 14:52:53.679,1.51674,1.51716,1.00,1.00
2016.12.30 14:52:55.350,1.51674,1.51718,1.00,1.00
2016.12.30 14:52:55.501,1.51674,1.51717,1.00,1.00
2016.12.30 14:52:58.509,1.51674,1.51716,2.25,1.00
2016.12.30 14:53:00.148,1.51674,1.51715,1.50,1.00
2016.12.30 14:53:01.307,1.51672,1.51707,1.00,1.00
2016.12.30 14:53:01.826,1.5167,1.51707,1.00,1.00
2016.12.30 14:53:03.007,1.5167,1.51715,1.00,1.00
2016.12.30 14:53:03.473,1.5167,1.51712,1.00,1.00
2016.12.30 14:53:03.625,1.5167,1.51715,2.50,1.00
2016.12.30 14:53:04.253,1.51671,1.51716,1.50,2.25
2016.12.30 14:53:06.256,1.51671,1.51716,2.50,1.50
2016.12.30 14:53:06.530,1.51671,1.51716,1.00,1.00
2016.12.30 14:53:07.131,1.51671,1.51717,2.50,1.00
2016.12.30 14:53:07.505,1.51678,1.51723,1.00,1.00
2016.12.30 14:53:08.296,1.51679,1.51727,1.50,1.50
2016.12.30 14:53:08.448,1.51682,1.51727,1.00,1.00
2016.12.30 14:53:08.549,1.51682,1.51727,1.00,1.00
2016.12.30 14:53:08.750,1.51682,1.51727,1.50,1.00
2016.12.30 14:53:08.938,1.51681,1.51717,1.00,1.00
2016.12.30 14:53:09.763,1.51681,1.51716,1.00,1.00
2016.12.30 14:53:10.017,1.51681,1.51717,1.00,1.00
2016.12.30 14:53:10.068,1.51681,1.51726,1.00,1.00
2016.12.30 14:53:10.118,1.51681,1.51726,1.00,1.00
2016.12.30 14:53:10.611,1.51678,1.51716,1.50,1.00
2016.12.30 14:53:10.712,1.51678,1.51726,1.00,1.00
2016.12.30 14:53:10.915,1.51678,1.51726,1.00,1.00
2016.12.30 14:53:11.017,1.51678,1.51727,1.00,1.50
2016.12.30 14:53:11.370,1.51678,1.51717,1.00,1.00
2016.12.30 14:53:11.619,1.5168,1.51727,2.50,1.50
2016.12.30 14:53:11.931,1.51689,1.5173,1.00,1.00
2016.12.30 14:53:11.982,1.51689,1.51736,1.00,1.00
2016.12.30 14:53:12.033,1.51689,1.51726,1.35,1.00
2016.12.30 14:53:12.134,1.51689,1.51736,1.60,1.00
2016.12.30 14:53:12.285,1.51689,1.51726,1.60,1.00
2016.12.30 14:53:12.537,1.51685,1.51727,1.00,1.00
2016.12.30 14:53:12.840,1.51685,1.51726,1.00,1.00
2016.12.30 14:53:13.306,1.51685,1.51716,1.00,1.00
2016.12.30 14:53:13.515,1.51683,1.51716,1.00,1.00
2016.12.30 14:53:13.793,1.51683,1.51727,1.00,1.00
2016.12.30 14:53:13.844,1.51683,1.51727,1.00,1.00
2016.12.30 14:53:13.945,1.51683,1.51732,1.00,1.50
2016.12.30 14:53:14.046,1.51682,1.51716,1.00,1.00
2016.12.30 14:53:14.148,1.51679,1.51724,1.60,2.25
2016.12.30 14:53:14.249,1.51677,1.51717,2.10,1.00
2016.12.30 14:53:14.350,1.51677,1.51716,1.00,1.00
2016.12.30 14:53:14.528,1.51677,1.51723,1.00,1.00
2016.12.30 14:53:15.350,1.51677,1.51725,1.50,1.00
2016.12.30 14:53:15.451,1.51679,1.51729,1.00,1.00
2016.12.30 14:53:15.703,1.51679,1.51726,1.00,1.00
2016.12.30 14:53:16.306,1.51678,1.51725,1.00,1.00
2016.12.30 14:53:16.420,1.51678,1.51725,1.00,1.00
2016.12.30 14:53:16.920,1.51678,1.51725,1.00,1.00
2016.12.30 14:53:17.352,1.51676,1.51722,1.00,1.00
2016.12.30 14:53:17.809,1.51676,1.51717,1.00,1.00
2016.12.30 14:53:18.199,1.51676,1.51722,1.00,1.00
2016.12.30 14:53:18.710,1.51676,1.51721,1.00,1.00
2016.12.30 14:53:19.327,1.51676,1.51717,1.00,1.00
2016.12.30 14:53:19.602,1.51676,1.51721,1.00,1.00
2016.12.30 14:53:19.653,1.51676,1.51727,1.00,1.00
2016.12.30 14:53:19.754,1.5168,1.51727,1.00,1.00
2016.12.30 14:53:19.956,1.5168,1.51727,1.00,1.00
2016.12.30 14:53:20.158,1.5168,1.51727,1.50,1.00
2016.12.30 14:53:20.503,1.51693,1.51732,2.50,1.00
2016.12.30 14:53:20.554,1.51693,1.51736,2.50,1.00
2016.12.30 14:53:20.755,1.51693,1.5174,1.00,1.00
2016.12.30 14:53:20.857,1.51693,1.51736,1.00,1.00
2016.12.30 14:53:20.958,1.51685,1.51735,1.00,1.00
2016.12.30 14:53:21.159,1.51685,1.51735,1.00,1.00
2016.12.30 14:53:21.535,1.51686,1.51726,1.00,1.00
2016.12.30 14:53:22.752,1.51686,1.51735,1.00,1.00
2016.12.30 14:53:23.263,1.51686,1.51736,1.00,1.50
2016.12.30 14:53:23.765,1.51686,1.51735,1.00,1.00
2016.12.30 14:53:23.930,1.51686,1.51735,1.00,1.00
2016.12.30 14:53:24.244,1.51686,1.51726,1.00,1.00
2016.12.30 14:53:24.345,1.51686,1.51736,1.00,2.25
2016.12.30 14:53:24.536,1.51686,1.51726,1.00,1.00
2016.12.30 14:53:25.456,1.51686,1.51735,1.00,1.00
2016.12.30 14:53:25.765,1.51686,1.51734,1.00,1.50
2016.12.30 14:53:25.866,1.51686,1.51737,1.00,1.00
2016.12.30 14:53:26.169,1.51692,1.51726,1.00,1.00
2016.12.30 14:53:26.270,1.51693,1.51737,1.50,1.00
2016.12.30 14:53:26.622,1.51693,1.51742,1.00,1.00
2016.12.30 14:53:26.673,1.51693,1.51742,1.00,1.00
2016.12.30 14:53:26.774,1.51694,1.51744,1.50,1.50
2016.12.30 14:53:27.277,1.51694,1.51743,1.00,1.00
2016.12.30 14:53:27.656,1.51694,1.51744,2.50,1.00
2016.12.30 14:53:28.106,1.51694,1.51744,1.50,1.00
2016.12.30 14:53:28.207,1.51694,1.51746,2.50,1.00
2016.12.30 14:53:28.654,1.51698,1.51746,1.00,1.00
2016.12.30 14:53:28.856,1.51695,1.51743,1.00,1.50
2016.12.30 14:53:29.642,1.51695,1.51743,1.00,1.00
2016.12.30 14:53:30.608,1.51695,1.51744,1.00,1.50
2016.12.30 14:53:31.027,1.51695,1.51743,1.00,1.00
2016.12.30 14:53:31.078,1.51695,1.51743,1.00,1.00
2016.12.30 14:53:31.280,1.51695,1.51736,1.00,1.00
2016.12.30 14:53:31.484,1.51695,1.51736,1.00,1.00
2016.12.30 14:53:32.009,1.51695,1.51737,1.00,1.00
2016.12.30 14:53:32.438,1.51695,1.51737,1.00,1.00
2016.12.30 14:53:33.368,1.51695,1.51736,1.00,1.00
2016.12.30 14:53:34.250,1.51695,1.51737,1.00,1.00
2016.12.30 14:53:34.351,1.51695,1.51744,1.00,1.00
2016.12.30 14:53:34.912,1.51695,1.51743,1.00,1.00
2016.12.30 14:53:35.074,1.51695,1.51743,1.00,1.00
2016.12.30 14:53:36.692,1.51695,1.51737,1.00,1.00
2016.12.30 14:53:36.743,1.51695,1.51743,1.00,1.00
2016.12.30 14:53:38.733,1.51695,1.51736,1.00,1.00
2016.12.30 14:53:38.885,1.51686,1.51727,1.00,1.00
2016.12.30 14:53:38.936,1.51683,1.51723,1.00,1.00
2016.12.30 14:53:39.037,1.51675,1.51723,1.00,1.50
2016.12.30 14:53:39.159,1.51675,1.51723,1.00,2.25
2016.12.30 14:53:39.471,1.51679,1.51726,1.50,1.00
2016.12.30 14:53:39.572,1.51679,1.5173,1.00,1.00
2016.12.30 14:53:39.673,1.51685,1.5173,1.00,1.00
2016.12.30 14:53:39.724,1.51685,1.51736,1.00,1.00
2016.12.30 14:53:40.604,1.51688,1.51736,1.00,1.00
2016.12.30 14:53:41.202,1.51688,1.51736,1.00,1.50
2016.12.30 14:53:41.253,1.51689,1.51742,1.50,1.50
2016.12.30 14:53:41.303,1.51694,1.51741,1.50,1.00
2016.12.30 14:53:41.405,1.51694,1.51742,2.50,1.00
2016.12.30 14:53:41.920,1.51694,1.51741,2.50,1.00
2016.12.30 14:53:42.458,1.51694,1.51742,1.50,1.00
2016.12.30 14:53:42.860,1.51694,1.51741,2.50,1.00
2016.12.30 14:53:43.491,1.51694,1.51742,1.00,1.00
2016.12.30 14:53:43.983,1.51694,1.51736,2.50,1.00
2016.12.30 14:53:44.034,1.51694,1.51742,1.00,1.00
2016.12.30 14:53:44.336,1.51694,1.51736,2.50,1.00
2016.12.30 14:53:44.552,1.51694,1.51742,1.00,1.00
2016.12.30 14:53:46.233,1.51694,1.51744,2.50,1.00
2016.12.30 14:53:46.352,1.51694,1.51736,2.50,1.00
2016.12.30 14:53:46.453,1.51694,1.51744,1.00,1.00
2016.12.30 14:53:46.634,1.51694,1.51737,1.00,1.00
2016.12.30 14:53:47.322,1.51694,1.51736,2.50,1.00
2016.12.30 14:53:47.949,1.51694,1.51737,1.00,1.00
2016.12.30 14:53:48.174,1.51694,1.51744,1.50,1.00
2016.12.30 14:53:48.275,1.51699,1.51747,1.00,1.00
2016.12.30 14:53:48.589,1.51708,1.51756,1.00,2.25
2016.12.30 14:53:48.897,1.51713,1.51757,1.50,1.00
2016.12.30 14:53:50.149,1.51713,1.51756,1.00,1.00
2016.12.30 14:53:51.103,1.51713,1.51756,2.50,1.00
2016.12.30 14:53:51.220,1.51713,1.51761,1.00,1.50
2016.12.30 14:53:51.734,1.51713,1.51761,1.00,1.50
2016.12.30 14:53:51.785,1.51716,1.51762,1.00,1.00
2016.12.30 14:53:51.886,1.51716,1.51761,1.50,1.00
2016.12.30 14:53:52.037,1.51719,1.51761,1.00,1.00
2016.12.30 14:53:52.138,1.51718,1.51761,1.00,1.00
2016.12.30 14:53:52.189,1.51716,1.51761,1.00,1.00
2016.12.30 14:53:52.750,1.51715,1.51761,1.00,1.00
2016.12.30 14:53:53.252,1.51715,1.51759,1.00,1.00
2016.12.30 14:53:53.303,1.51713,1.51759,1.50,1.00
2016.12.30 14:53:53.949,1.51713,1.51756,1.00,1.00
2016.12.30 14:53:54.087,1.51704,1.51754,1.00,1.00
2016.12.30 14:53:54.952,1.51704,1.51753,1.00,1.50
2016.12.30 14:53:55.271,1.51709,1.51753,1.00,1.00
2016.12.30 14:53:55.322,1.5171,1.51755,1.50,1.00
2016.12.30 14:53:55.423,1.51715,1.51762,1.50,1.00
2016.12.30 14:53:55.524,1.51721,1.51761,1.00,1.00
2016.12.30 14:53:55.653,1.51721,1.51762,1.00,1.00
2016.12.30 14:53:55.785,1.5172,1.51762,1.50,1.00
2016.12.30 14:53:55.836,1.5172,1.51762,1.00,1.00
2016.12.30 14:53:56.239,1.51721,1.51761,1.00,1.00
2016.12.30 14:53:56.340,1.51721,1.51762,1.00,1.00
2016.12.30 14:53:56.391,1.51721,1.51762,1.00,1.00
2016.12.30 14:53:57.229,1.51722,1.51761,1.50,1.00
2016.12.30 14:53:57.993,1.51722,1.51761,1.00,1.00
2016.12.30 14:53:58.534,1.51722,1.51762,1.00,1.00
2016.12.30 14:53:59.568,1.51722,1.51761,1.00,1.00
2016.12.30 14:53:59.920,1.51725,1.51762,1.00,1.00
2016.12.30 14:54:00.226,1.51725,1.51762,1.00,1.00
2016.12.30 14:54:00.766,1.51725,1.51761,1.00,1.00
2016.12.30 14:54:00.917,1.51725,1.51761,1.00,1.00
2016.12.30 14:54:01.606,1.51725,1.51762,1.00,1.00
2016.12.30 14:54:01.933,1.51722,1.51757,1.00,1.00
2016.12.30 14:54:02.035,1.51716,1.51761,1.00,1.00
2016.12.30 14:54:02.136,1.51714,1.51761,1.00,1.00
2016.12.30 14:54:02.920,1.51714,1.51762,1.00,1.00
2016.12.30 14:54:03.141,1.51718,1.51762,1.00,1.00
2016.12.30 14:54:03.489,1.5172,1.51761,1.00,1.00
2016.12.30 14:54:03.640,1.51717,1.51762,1.00,1.00
2016.12.30 14:54:04.172,1.51716,1.51762,1.00,1.00
2016.12.30 14:54:04.223,1.51714,1.51762,1.50,1.00
2016.12.30 14:54:04.302,1.51714,1.5176,1.50,1.00
2016.12.30 14:54:04.605,1.51714,1.51756,1.00,1.00
2016.12.30 14:54:04.908,1.51714,1.51756,1.50,1.00
2016.12.30 14:54:05.009,1.51714,1.51761,1.00,1.00
2016.12.30 14:54:05.110,1.51709,1.51746,1.00,1.00
2016.12.30 14:54:05.211,1.51706,1.51757,1.50,1.00
2016.12.30 14:54:05.262,1.51706,1.51757,1.00,1.00
2016.12.30 14:54:05.550,1.51706,1.51757,1.00,1.00
2016.12.30 14:54:06.094,1.51706,1.51756,1.00,1.00
2016.12.30 14:54:06.603,1.51706,1.51757,1.00,1.00
2016.12.30 14:54:06.906,1.51707,1.51757,1.00,1.00
2016.12.30 14:54:07.236,1.51711,1.51756,1.00,1.00
2016.12.30 14:54:07.287,1.51711,1.5176,1.50,1.00
2016.12.30 14:54:07.337,1.51717,1.51761,1.00,1.00
2016.12.30 14:54:07.740,1.51717,1.51761,1.00,1.00
2016.12.30 14:54:08.005,1.51717,1.51756,1.00,1.00
2016.12.30 14:54:08.107,1.51716,1.51756,1.00,1.00
2016.12.30 14:54:08.158,1.51716,1.51757,1.00,1.00
2016.12.30 14:54:08.209,1.51718,1.51762,1.00,1.00
2016.12.30 14:54:08.494,1.51718,1.51762,1.00,1.00
2016.12.30 14:54:08.545,1.51718,1.51757,1.00,1.00
2016.12.30 14:54:08.746,1.51718,1.51757,1.00,1.00
2016.12.30 14:54:08.797,1.51718,1.51762,1.00,1.00
2016.12.30 14:54:09.124,1.51719,1.51762,1.00,1.00
2016.12.30 14:54:09.427,1.51723,1.51761,1.00,1.00
2016.12.30 14:54:09.984,1.51723,1.51761,1.00,1.00
2016.12.30 14:54:10.554,1.51723,1.51762,1.50,1.00
2016.12.30 14:54:10.916,1.51728,1.51762,1.00,1.00
2016.12.30 14:54:11.017,1.51727,1.51762,1.00,1.00
2016.12.30 14:54:11.282,1.51726,1.51756,1.00,1.00
2016.12.30 14:54:11.333,1.51722,1.51756,1.00,1.00
2016.12.30 14:54:11.534,1.51722,1.51762,1.00,1.00
2016.12.30 14:54:11.736,1.51722,1.51756,1.00,1.00
2016.12.30 14:54:12.918,1.51722,1.51761,1.50,1.00
2016.12.30 14:54:13.215,1.51722,1.51756,1.00,1.00
2016.12.30 14:54:13.507,1.51722,1.51762,1.00,1.00
2016.12.30 14:54:14.156,1.51722,1.51761,1.00,1.00
2016.12.30 14:54:14.257,1.51722,1.51762,1.00,1.00
2016.12.30 14:54:14.843,1.51722,1.51761,1.00,1.00
2016.12.30 14:54:15.140,1.51722,1.51761,1.50,1.00
2016.12.30 14:54:15.564,1.51722,1.51757,1.00,1.00
2016.12.30 14:54:17.655,1.51723,1.51762,1.50,1.00
2016.12.30 14:54:17.706,1.51723,1.51756,1.00,1.00
2016.12.30 14:54:18.124,1.51723,1.51756,1.00,1.00
2016.12.30 14:54:18.455,1.51725,1.51756,1.00,1.00
2016.12.30 14:54:18.505,1.51725,1.51762,1.00,1.00
2016.12.30 14:54:18.657,1.51728,1.51761,1.00,1.00
2016.12.30 14:54:18.859,1.51728,1.51761,1.00,1.00
2016.12.30 14:54:19.073,1.51728,1.51761,1.00,1.00
2016.12.30 14:54:20.054,1.5173,1.51761,1.00,1.00
2016.12.30 14:54:20.573,1.51731,1.51762,1.00,1.00
2016.12.30 14:54:21.124,1.51731,1.51761,1.00,1.00
2016.12.30 14:54:22.042,1.51731,1.51762,1.00,1.00
2016.12.30 14:54:22.345,1.5174,1.51762,1.00,1.00
2016.12.30 14:54:22.465,1.5174,1.51762,1.50,1.00
2016.12.30 14:54:22.566,1.51743,1.51761,1.00,1.00
2016.12.30 14:54:22.831,1.51743,1.51761,1.00,1.00
2016.12.30 14:54:23.266,1.51744,1.51761,1.50,1.00
2016.12.30 14:54:23.948,1.51744,1.51762,1.00,1.00
2016.12.30 14:54:24.547,1.51744,1.51761,2.50,1.00
2016.12.30 14:54:24.976,1.51744,1.51761,1.00,1.00
2016.12.30 14:54:25.027,1.51744,1.51766,1.00,1.00
2016.12.30 14:54:25.262,1.51743,1.51767,1.00,1.00
2016.12.30 14:54:25.363,1.51735,1.51766,1.00,1.00
2016.12.30 14:54:25.464,1.51732,1.51766,1.00,1.00
2016.12.30 14:54:25.565,1.5173,1.51767,1.00,1.00
2016.12.30 14:54:25.616,1.5173,1.51767,1.00,1.00
2016.12.30 14:54:25.927,1.51729,1.51761,1.00,1.00
2016.12.30 14:54:26.271,1.51729,1.51761,1.00,1.00
2016.12.30 14:54:26.797,1.51729,1.51762,1.00,1.00
2016.12.30 14:54:28.233,1.51729,1.51762,1.00,1.00
2016.12.30 14:54:28.949,1.51729,1.51762,1.00,1.00
2016.12.30 14:54:29.678,1.51728,1.51762,1.00,1.00
2016.12.30 14:54:29.779,1.51724,1.51761,1.00,1.00
2016.12.30 14:54:29.981,1.51725,1.51761,1.00,1.00
2016.12.30 14:54:30.283,1.51727,1.51761,1.00,1.00
2016.12.30 14:54:30.385,1.51725,1.51761,1.00,1.00
2016.12.30 14:54:30.903,1.51725,1.51762,1.00,1.00
2016.12.30 14:54:31.447,1.51725,1.51761,1.00,1.00
2016.12.30 14:54:31.683,1.51724,1.51756,1.00,1.00
2016.12.30 14:54:31.734,1.51724,1.51762,1.00,1.00
2016.12.30 14:54:34.140,1.51729,1.51762,1.00,1.00
2016.12.30 14:54:34.475,1.51736,1.51761,1.00,1.00
2016.12.30 14:54:35.397,1.51736,1.51762,1.00,1.00
2016.12.30 14:54:35.625,1.51739,1.51774,3.00,1.00
2016.12.30 14:54:35.689,1.51744,1.51766,1.50,1.00
2016.12.30 14:54:36.149,1.51744,1.51762,2.50,1.00
2016.12.30 14:54:36.451,1.51744,1.51762,1.00,1.00
2016.12.30 14:54:36.990,1.51745,1.51761,1.00,1.00
2016.12.30 14:54:37.670,1.51745,1.51762,1.00,1.00
2016.12.30 14:54:40.692,1.51745,1.51761,1.00,1.00
2016.12.30 14:54:40.957,1.51745,1.51762,1.00,1.00
2016.12.30 14:54:41.466,1.51745,1.51761,1.00,1.00
2016.12.30 14:54:43.053,1.51745,1.51761,1.00,1.00
2016.12.30 14:54:43.997,1.51745,1.51762,1.00,1.00
2016.12.30 14:54:44.576,1.51745,1.51761,1.00,1.00
2016.12.30 14:54:45.579,1.51745,1.51762,1.00,1.00
2016.12.30 14:54:45.680,1.51745,1.51761,1.00,1.00
2016.12.30 14:54:46.319,1.51745,1.51762,1.00,1.00
2016.12.30 14:54:46.848,1.51745,1.51761,1.00,1.00
2016.12.30 14:54:47.162,1.51745,1.51762,1.00,1.00
2016.12.30 14:54:47.372,1.51745,1.51762,1.00,1.00
2016.12.30 14:54:47.787,1.51742,1.51761,1.00,1.00
2016.12.30 14:54:47.888,1.51737,1.51761,1.00,1.00
2016.12.30 14:54:47.989,1.51737,1.51761,1.00,1.00
2016.12.30 14:54:48.148,1.51734,1.51761,1.50,1.00
2016.12.30 14:54:48.253,1.51734,1.51761,1.00,1.00
2016.12.30 14:54:48.304,1.51734,1.51761,1.00,1.00
2016.12.30 14:54:48.355,1.51732,1.51761,1.00,1.00
2016.12.30 14:54:49.617,1.51732,1.51762,1.00,1.00
2016.12.30 14:54:49.950,1.51732,1.51761,1.00,1.00
2016.12.30 14:54:52.082,1.51729,1.51761,1.00,1.00
2016.12.30 14:54:52.184,1.51727,1.51761,1.00,1.00
2016.12.30 14:54:52.234,1.51729,1.51761,1.00,1.00
2016.12.30 14:54:52.285,1.51727,1.51761,1.00,1.00
2016.12.30 14:54:52.716,1.51728,1.51761,1.00,1.00
2016.12.30 14:54:53.018,1.51728,1.51761,1.00,1.00
2016.12.30 14:54:53.069,1.51728,1.51761,1.00,1.00
2016.12.30 14:54:53.636,1.51727,1.51762,1.00,1.00
2016.12.30 14:54:54.814,1.51727,1.51762,1.00,1.00
2016.12.30 14:54:55.909,1.51727,1.51761,1.00,1.00
2016.12.30 14:54:56.068,1.51727,1.51761,1.00,1.00
2016.12.30 14:54:57.049,1.51727,1.51762,1.00,1.00
2016.12.30 14:54:57.914,1.51727,1.51762,1.00,1.00
2016.12.30 14:54:58.418,1.51727,1.51761,1.00,1.00
2016.12.30 14:54:58.891,1.51729,1.51762,1.00,1.00
2016.12.30 14:54:59.579,1.51729,1.51762,1.00,1.00
2016.12.30 14:55:00.494,1.51729,1.51761,1.00,1.00
2016.12.30 14:55:00.595,1.51729,1.51761,1.00,1.00
2016.12.30 14:55:00.790,1.51727,1.51762,1.00,1.00
2016.12.30 14:55:00.992,1.51724,1.51762,1.00,1.50
2016.12.30 14:55:01.212,1.51724,1.51762,1.00,1.50
2016.12.30 14:55:01.728,1.51724,1.51761,1.00,1.00
2016.12.30 14:55:02.121,1.51724,1.51761,2.50,1.00
2016.12.30 14:55:02.424,1.51729,1.51761,1.00,1.00
2016.12.30 14:55:02.873,1.51731,1.51762,1.00,1.00
2016.12.30 14:55:03.404,1.51732,1.51762,1.00,1.00
2016.12.30 14:55:03.940,1.51733,1.51762,1.00,1.00
2016.12.30 14:55:05.216,1.51733,1.51761,1.00,1.00
2016.12.30 14:55:05.870,1.51733,1.51762,1.00,1.00
2016.12.30 14:55:05.921,1.51733,1.51762,1.00,1.00
2016.12.30 14:55:06.315,1.51733,1.51762,1.00,1.00
2016.12.30 14:55:07.133,1.51733,1.51762,1.00,1.00
2016.12.30 14:55:07.669,1.51734,1.51761,1.50,1.00
2016.12.30 14:55:07.972,1.51735,1.51761,1.00,1.00
2016.12.30 14:55:08.224,1.51735,1.51762,1.00,1.00
2016.12.30 14:55:08.823,1.51735,1.51761,1.00,1.00
2016.12.30 14:55:09.025,1.51734,1.51762,1.50,1.00
2016.12.30 14:55:09.595,1.51733,1.51761,1.50,1.00
2016.12.30 14:55:10.532,1.51733,1.51762,1.50,1.00
2016.12.30 14:55:11.036,1.51733,1.51761,1.00,1.00
2016.12.30 14:55:12.921,1.51734,1.51761,1.50,1.00
2016.12.30 14:55:13.225,1.51738,1.51761,1.00,1.00
2016.12.30 14:55:13.757,1.51739,1.51761,1.00,1.00
2016.12.30 14:55:14.274,1.51739,1.51762,1.00,1.00
2016.12.30 14:55:15.034,1.51739,1.51762,1.00,1.00
2016.12.30 14:55:15.407,1.51738,1.51761,1.00,1.00
2016.12.30 14:55:15.508,1.51734,1.51762,1.50,1.00
2016.12.30 14:55:15.910,1.51734,1.51761,1.00,1.00
2016.12.30 14:55:16.426,1.51734,1.51762,1.00,1.00
2016.12.30 14:55:16.970,1.51734,1.51762,1.00,1.00
2016.12.30 14:55:17.321,1.51736,1.51761,1.00,1.00
2016.12.30 14:55:17.866,1.51737,1.51761,1.00,1.00
2016.12.30 14:55:18.800,1.51737,1.51762,1.00,1.00
2016.12.30 14:55:19.802,1.51738,1.51761,2.50,1.00
2016.12.30 14:55:20.221,1.51737,1.51762,1.00,1.00
2016.12.30 14:55:20.322,1.51734,1.51761,1.00,1.00
2016.12.30 14:55:21.103,1.51733,1.51761,1.50,1.00
2016.12.30 14:55:21.305,1.51727,1.51761,1.00,1.00
2016.12.30 14:55:21.406,1.51727,1.51761,1.00,1.00
2016.12.30 14:55:21.725,1.51729,1.51761,1.50,1.00
2016.12.30 14:55:22.188,1.51729,1.51761,1.00,1.00
2016.12.30 14:55:22.289,1.51723,1.51759,1.00,1.00
2016.12.30 14:55:22.441,1.51723,1.51761,1.00,1.00
2016.12.30 14:55:22.542,1.51725,1.51761,1.00,1.00
2016.12.30 14:55:22.643,1.51725,1.51761,1.00,1.00
2016.12.30 14:55:22.744,1.51723,1.51761,1.00,1.00
2016.12.30 14:55:23.117,1.51723,1.51762,1.00,1.00
2016.12.30 14:55:23.692,1.51723,1.51761,1.00,1.00
2016.12.30 14:55:24.266,1.51723,1.51761,1.00,1.00
2016.12.30 14:55:24.816,1.51723,1.51761,1.00,1.00
2016.12.30 14:55:25.358,1.51723,1.51761,1.50,1.50
2016.12.30 14:55:26.015,1.51723,1.51762,1.50,1.00
2016.12.30 14:55:26.065,1.51723,1.51762,2.50,1.00
2016.12.30 14:55:26.367,1.51723,1.51762,2.50,1.00
2016.12.30 14:55:27.017,1.51723,1.51761,2.50,1.00
2016.12.30 14:55:27.767,1.51723,1.51762,2.50,1.00
2016.12.30 14:55:29.259,1.51723,1.51761,1.00,1.00
2016.12.30 14:55:29.562,1.51728,1.51762,1.00,1.00
2016.12.30 14:55:30.148,1.51729,1.51761,1.00,1.00
2016.12.30 14:55:30.734,1.51729,1.51761,1.00,1.00
2016.12.30 14:55:30.836,1.51723,1.51761,1.00,1.00
2016.12.30 14:55:31.340,1.51722,1.5176,1.00,1.00
2016.12.30 14:55:31.885,1.51722,1.51761,1.00,1.00
2016.12.30 14:55:32.033,1.51722,1.51763,1.00,1.00
2016.12.30 14:55:32.324,1.51722,1.51758,1.00,1.00
2016.12.30 14:55:32.475,1.51719,1.51758,1.00,1.00
2016.12.30 14:55:32.828,1.51719,1.51758,1.00,1.00
2016.12.30 14:55:32.980,1.51719,1.5176,1.00,1.00
2016.12.30 14:55:33.131,1.51719,1.5176,1.00,1.00
2016.12.30 14:55:33.245,1.51719,1.51762,1.00,1.00
2016.12.30 14:55:33.913,1.51719,1.51761,1.00,1.00
2016.12.30 14:55:35.232,1.51719,1.51759,1.00,1.00
2016.12.30 14:55:35.282,1.51719,1.51759,1.00,1.00
2016.12.30 14:55:35.434,1.51719,1.51761,1.00,1.00
2016.12.30 14:55:35.535,1.51718,1.51761,1.00,1.00
2016.12.30 14:55:35.737,1.51718,1.51761,1.00,1.00
2016.12.30 14:55:36.238,1.51718,1.51762,1.00,1.00
2016.12.30 14:55:36.587,1.51718,1.51758,1.00,1.00
2016.12.30 14:55:36.893,1.51721,1.51762,1.00,1.00
2016.12.30 14:55:37.199,1.51729,1.51766,1.50,1.00
2016.12.30 14:55:37.788,1.51732,1.51766,1.00,1.00
2016.12.30 14:55:38.069,1.51732,1.51766,1.00,1.00
2016.12.30 14:55:38.170,1.51735,1.51766,1.00,1.00
2016.12.30 14:55:38.493,1.51737,1.51766,1.00,1.00
2016.12.30 14:55:38.544,1.51737,1.51766,1.00,1.00
2016.12.30 14:55:41.338,1.51737,1.51767,1.00,1.00
2016.12.30 14:55:41.389,1.51736,1.51766,1.00,1.00
2016.12.30 14:55:41.490,1.51727,1.51766,1.00,1.00
2016.12.30 14:55:41.646,1.51725,1.51766,1.00,1.00
2016.12.30 14:55:41.953,1.51725,1.51766,1.00,1.00
2016.12.30 14:55:42.054,1.51724,1.51766,1.00,1.00
2016.12.30 14:55:42.155,1.51724,1.51767,1.00,1.00
2016.12.30 14:55:42.464,1.51724,1.51767,1.00,1.50
2016.12.30 14:55:43.053,1.51724,1.51766,1.00,1.00
2016.12.30 14:55:46.040,1.51728,1.51766,1.00,1.00
2016.12.30 14:55:46.343,1.51734,1.51766,1.50,1.00
2016.12.30 14:55:47.094,1.51735,1.51766,1.00,1.00
2016.12.30 14:55:50.634,1.51739,1.51766,1.00,1.00
2016.12.30 14:55:51.270,1.51739,1.51767,1.00,1.00
2016.12.30 14:55:51.452,1.51739,1.51766,1.00,1.00
2016.12.30 14:55:51.755,1.51744,1.51767,1.00,1.00
2016.12.30 14:55:51.863,1.51744,1.51767,1.00,1.00
2016.12.30 14:55:52.581,1.51744,1.51766,1.00,1.00
2016.12.30 14:55:53.090,1.51744,1.51766,1.00,1.00
2016.12.30 14:55:53.140,1.51744,1.51781,1.00,1.00
2016.12.30 14:55:53.692,1.51744,1.51782,1.00,1.00
2016.12.30 14:55:53.839,1.51744,1.51771,1.00,1.00
2016.12.30 14:55:54.649,1.51744,1.51772,1.00,1.00
2016.12.30 14:55:54.980,1.51744,1.51772,1.50,1.00
2016.12.30 14:55:55.232,1.51743,1.51766,1.50,1.00
2016.12.30 14:55:55.297,1.51737,1.51766,1.00,1.00
2016.12.30 14:55:56.202,1.51736,1.51766,1.00,1.00
2016.12.30 14:55:56.316,1.51736,1.51766,1.00,1.00
2016.12.30 14:55:56.619,1.51749,1.51767,1.50,1.00
2016.12.30 14:55:56.670,1.51749,1.51779,1.50,1.00
2016.12.30 14:55:56.771,1.51749,1.51793,2.50,1.00
2016.12.30 14:55:56.830,1.51749,1.51771,2.50,1.00
2016.12.30 14:55:57.356,1.51749,1.51771,1.00,1.00
2016.12.30 14:55:57.469,1.5175,1.51778,1.00,1.00
2016.12.30 14:55:57.521,1.5175,1.51791,1.50,1.00
2016.12.30 14:55:57.572,1.51754,1.51791,2.50,1.00
2016.12.30 14:55:57.674,1.51754,1.51796,1.00,1.00
2016.12.30 14:55:57.825,1.51753,1.51771,1.00,1.00
2016.12.30 14:55:57.875,1.51753,1.51796,1.00,1.50
2016.12.30 14:55:58.301,1.51753,1.51796,1.00,1.00
2016.12.30 14:55:58.639,1.51753,1.51771,1.00,1.00
2016.12.30 14:55:58.968,1.51753,1.51767,1.00,1.00
2016.12.30 14:55:59.058,1.51753,1.51797,1.00,1.00
2016.12.30 14:56:00.119,1.51758,1.51798,1.00,1.00
2016.12.30 14:56:00.169,1.51758,1.518,1.00,1.50
2016.12.30 14:56:00.220,1.51756,1.51797,1.00,1.00
2016.12.30 14:56:00.270,1.51756,1.51768,1.00,1.00
2016.12.30 14:56:00.685,1.51756,1.51796,1.00,1.00
2016.12.30 14:56:00.969,1.51755,1.51796,1.00,1.00
2016.12.30 14:56:01.301,1.51755,1.51796,1.00,1.00
2016.12.30 14:56:01.351,1.51755,1.51799,1.00,1.00
2016.12.30 14:56:01.402,1.51755,1.51799,1.00,1.00
2016.12.30 14:56:01.733,1.51755,1.51795,1.00,1.00
2016.12.30 14:56:01.884,1.51755,1.51795,1.00,1.00
2016.12.30 14:56:01.985,1.51755,1.51797,1.00,1.00
2016.12.30 14:56:02.335,1.51755,1.51793,1.00,1.00
2016.12.30 14:56:02.638,1.51749,1.51767,1.00,1.00
2016.12.30 14:56:02.689,1.51746,1.51767,1.00,1.00
2016.12.30 14:56:02.890,1.51744,1.51766,1.00,1.00
2016.12.30 14:56:03.266,1.51735,1.51767,1.00,1.00
2016.12.30 14:56:03.316,1.51749,1.51766,1.00,1.00
2016.12.30 14:56:03.367,1.51749,1.51779,1.00,1.00
2016.12.30 14:56:03.519,1.51752,1.51778,1.00,1.00
2016.12.30 14:56:03.620,1.51752,1.51796,1.50,1.00
2016.12.30 14:56:04.453,1.51752,1.51795,1.50,1.00
2016.12.30 14:56:05.227,1.51752,1.51794,1.00,1.00
2016.12.30 14:56:06.172,1.51752,1.51793,1.00,1.00
2016.12.30 14:56:07.706,1.51751,1.51766,1.00,1.00
2016.12.30 14:56:08.009,1.51751,1.51766,1.00,1.00
2016.12.30 14:56:08.491,1.5175,1.51766,1.00,1.00
2016.12.30 14:56:08.796,1.51746,1.51766,1.00,1.00
2016.12.30 14:56:08.902,1.51744,1.51767,1.50,1.00
2016.12.30 14:56:09.180,1.51742,1.51767,1.00,1.00
2016.12.30 14:56:09.331,1.5174,1.51767,1.00,1.00
2016.12.30 14:56:09.432,1.51738,1.51766,1.00,1.00
2016.12.30 14:56:09.584,1.51735,1.51766,1.00,1.00
2016.12.30 14:56:09.817,1.51735,1.51766,1.00,1.00
2016.12.30 14:56:10.336,1.51735,1.51767,1.00,1.00
2016.12.30 14:56:10.886,1.51735,1.51766,1.00,1.00
2016.12.30 14:56:11.402,1.51735,1.51766,1.00,1.00
2016.12.30 14:56:12.045,1.51735,1.51767,1.00,1.00
2016.12.30 14:56:12.095,1.51735,1.51767,1.00,1.00
2016.12.30 14:56:12.146,1.51748,1.51766,1.00,1.00
2016.12.30 14:56:12.196,1.51751,1.51783,1.50,1.00
2016.12.30 14:56:12.247,1.51751,1.51793,2.50,1.00
2016.12.30 14:56:12.298,1.51754,1.51794,1.00,1.00
2016.12.30 14:56:12.348,1.51754,1.51799,2.35,1.00
2016.12.30 14:56:12.550,1.51756,1.51796,1.00,1.00
2016.12.30 14:56:12.651,1.51756,1.51796,1.00,1.50
2016.12.30 14:56:12.954,1.51755,1.51796,1.00,1.00
2016.12.30 14:56:13.422,1.51757,1.51799,1.00,1.50
2016.12.30 14:56:13.523,1.51757,1.51797,1.00,1.00
2016.12.30 14:56:13.725,1.5176,1.518,1.00,1.00
2016.12.30 14:56:13.775,1.5176,1.51805,1.00,1.50
2016.12.30 14:56:13.826,1.5176,1.51802,1.00,1.00
2016.12.30 14:56:14.253,1.5176,1.51799,1.00,1.00
2016.12.30 14:56:14.354,1.51758,1.51799,1.00,1.00
2016.12.30 14:56:14.590,1.51759,1.51799,1.00,1.00
2016.12.30 14:56:14.641,1.51759,1.51799,1.00,1.00
2016.12.30 14:56:15.241,1.51759,1.51801,1.00,1.00
2016.12.30 14:56:16.240,1.51759,1.51799,1.00,1.00
2016.12.30 14:56:16.608,1.51759,1.51773,1.00,1.00
2016.12.30 14:56:16.659,1.51758,1.51772,1.00,1.00
2016.12.30 14:56:16.962,1.51758,1.51779,1.00,1.00
2016.12.30 14:56:17.063,1.51758,1.51801,1.00,1.00
2016.12.30 14:56:17.114,1.51758,1.51801,1.00,1.00
2016.12.30 14:56:17.327,1.51758,1.51771,1.00,1.00
2016.12.30 14:56:17.630,1.51758,1.51784,1.00,1.00
2016.12.30 14:56:17.681,1.51758,1.518,1.00,1.00
2016.12.30 14:56:17.961,1.51758,1.51803,1.00,1.00
2016.12.30 14:56:18.263,1.51765,1.51806,1.00,1.00
2016.12.30 14:56:18.589,1.51769,1.5181,1.00,1.00
2016.12.30 14:56:18.741,1.51769,1.51813,1.00,1.00
2016.12.30 14:56:18.791,1.51769,1.51804,1.00,1.00
2016.12.30 14:56:18.865,1.51768,1.51815,1.00,1.37
2016.12.30 14:56:18.966,1.51768,1.51815,1.00,1.00
2016.12.30 14:56:19.227,1.51768,1.51815,1.00,1.00
2016.12.30 14:56:19.630,1.51768,1.51811,1.00,1.00
2016.12.30 14:56:19.681,1.51768,1.51815,1.00,1.50
2016.12.30 14:56:19.782,1.51769,1.51815,1.00,1.00
2016.12.30 14:56:19.833,1.51769,1.51819,1.00,1.00
2016.12.30 14:56:20.085,1.51769,1.51816,1.50,1.00
2016.12.30 14:56:20.326,1.51769,1.51819,1.00,1.00
2016.12.30 14:56:20.728,1.51769,1.51814,1.50,1.00
2016.12.30 14:56:21.655,1.51769,1.51811,1.00,1.00
2016.12.30 14:56:21.756,1.51767,1.51812,1.00,1.00
2016.12.30 14:56:21.857,1.51768,1.51812,1.00,1.00
2016.12.30 14:56:22.009,1.51766,1.51807,1.00,1.00
2016.12.30 14:56:22.211,1.51768,1.51807,1.00,1.00
2016.12.30 14:56:22.262,1.51768,1.51807,1.00,1.00
2016.12.30 14:56:22.787,1.51768,1.51811,1.00,1.00
2016.12.30 14:56:22.837,1.51768,1.51813,1.00,1.00
2016.12.30 14:56:22.938,1.51768,1.51813,1.00,1.00
2016.12.30 14:56:23.133,1.51769,1.51811,1.00,1.00
2016.12.30 14:56:23.456,1.51769,1.51811,1.00,1.00
2016.12.30 14:56:23.557,1.51769,1.51811,1.00,1.00
2016.12.30 14:56:24.551,1.51769,1.5181,1.00,1.00
2016.12.30 14:56:24.854,1.51769,1.51806,1.00,1.00
2016.12.30 14:56:24.944,1.51766,1.51806,1.00,1.00
2016.12.30 14:56:25.045,1.51766,1.51812,1.00,1.50
2016.12.30 14:56:25.146,1.51767,1.51812,1.00,1.00
2016.12.30 14:56:25.348,1.51766,1.51807,1.00,1.00
2016.12.30 14:56:25.449,1.51766,1.51811,1.00,1.00
2016.12.30 14:56:25.652,1.51766,1.51811,1.00,1.00
2016.12.30 14:56:25.979,1.51769,1.51811,1.00,1.00
2016.12.30 14:56:26.030,1.51769,1.51815,1.00,1.00
2016.12.30 14:56:26.232,1.51769,1.51811,1.00,1.00
2016.12.30 14:56:26.831,1.51769,1.5181,1.00,1.00
2016.12.30 14:56:27.172,1.51769,1.51808,1.00,1.00
2016.12.30 14:56:27.223,1.51769,1.5181,1.00,1.00
2016.12.30 14:56:28.164,1.51769,1.5181,1.00,1.00
2016.12.30 14:56:28.642,1.51769,1.5181,1.00,1.00
2016.12.30 14:56:29.368,1.51769,1.51811,1.00,1.00
2016.12.30 14:56:29.419,1.51769,1.51811,1.00,1.00
2016.12.30 14:56:29.917,1.51769,1.51809,1.00,1.00
2016.12.30 14:56:29.967,1.51769,1.51806,1.00,1.00
2016.12.30 14:56:30.068,1.51768,1.51806,1.00,1.00
2016.12.30 14:56:30.632,1.51768,1.51807,1.00,1.00
2016.12.30 14:56:31.805,1.51768,1.51806,1.00,1.00
2016.12.30 14:56:31.856,1.51768,1.51809,1.00,1.00
2016.12.30 14:56:32.166,1.51768,1.5181,1.00,1.00
2016.12.30 14:56:32.766,1.51768,1.5181,1.00,1.00
2016.12.30 14:56:33.071,1.51768,1.51808,1.00,1.00
2016.12.30 14:56:33.335,1.51768,1.51808,1.00,1.00
2016.12.30 14:56:34.289,1.51768,1.51809,1.00,1.00
2016.12.30 14:56:35.110,1.51769,1.51809,1.00,1.00
2016.12.30 14:56:35.211,1.51769,1.51812,1.00,1.00
2016.12.30 14:56:35.375,1.51773,1.51817,1.00,1.00
2016.12.30 14:56:35.879,1.51773,1.51818,2.50,1.00
2016.12.30 14:56:36.395,1.51773,1.51817,2.50,1.00
2016.12.30 14:56:38.120,1.51774,1.51818,1.50,1.00
2016.12.30 14:56:40.311,1.51774,1.51822,2.50,1.00
2016.12.30 14:56:40.384,1.51776,1.51826,1.00,1.00
2016.12.30 14:56:40.486,1.51779,1.51827,1.00,1.50
2016.12.30 14:56:40.819,1.51778,1.51821,1.00,1.00
2016.12.30 14:56:41.134,1.51778,1.51816,1.00,1.00
2016.12.30 14:56:41.286,1.51778,1.51816,1.00,1.00
2016.12.30 14:56:42.020,1.51778,1.51817,1.00,1.50
2016.12.30 14:56:42.242,1.51777,1.51823,1.50,1.50
2016.12.30 14:56:42.294,1.51777,1.51825,1.50,1.00
2016.12.30 14:56:42.614,1.51779,1.51826,2.50,1.00
2016.12.30 14:56:43.290,1.51779,1.51826,1.50,1.00
2016.12.30 14:56:43.810,1.51779,1.51825,1.50,1.00
2016.12.30 14:56:44.164,1.51781,1.51825,1.50,1.00
2016.12.30 14:56:45.252,1.51781,1.51825,2.50,1.00
2016.12.30 14:56:45.598,1.5178,1.51816,1.00,1.00
2016.12.30 14:56:46.190,1.51778,1.51816,1.00,1.00
2016.12.30 14:56:46.694,1.51775,1.51814,1.00,1.00
2016.12.30 14:56:46.796,1.51772,1.51811,1.00,1.00
2016.12.30 14:56:46.897,1.51769,1.51811,1.00,1.00
2016.12.30 14:56:47.301,1.51769,1.51808,1.00,1.00
2016.12.30 14:56:47.707,1.51768,1.51812,1.00,1.00
2016.12.30 14:56:47.808,1.51766,1.51812,1.00,1.00
2016.12.30 14:56:47.858,1.51766,1.51812,1.00,1.00
2016.12.30 14:56:48.161,1.51766,1.51809,1.00,1.00
2016.12.30 14:56:48.490,1.51766,1.51809,1.00,1.00
2016.12.30 14:56:48.834,1.51766,1.51809,1.00,1.00
2016.12.30 14:56:48.985,1.51766,1.51809,1.00,1.00
2016.12.30 14:56:49.562,1.51766,1.51809,1.00,1.00
2016.12.30 14:56:50.561,1.51766,1.51808,1.00,1.00
2016.12.30 14:56:51.106,1.51766,1.51808,1.00,1.00
2016.12.30 14:56:51.207,1.51766,1.51806,1.00,1.00
2016.12.30 14:56:51.395,1.51764,1.51805,1.00,1.00
2016.12.30 14:56:51.910,1.51764,1.51804,1.00,1.00
2016.12.30 14:56:52.111,1.51764,1.51804,1.00,1.00
2016.12.30 14:56:52.324,1.51764,1.51805,1.00,1.00
2016.12.30 14:56:52.476,1.51764,1.51806,1.00,1.00
2016.12.30 14:56:52.826,1.51764,1.51807,1.00,1.50
2016.12.30 14:56:53.267,1.51767,1.51806,1.00,1.00
2016.12.30 14:56:53.889,1.51767,1.51806,1.00,1.00
2016.12.30 14:56:56.527,1.51767,1.51807,1.00,1.00
2016.12.30 14:56:56.910,1.51768,1.51811,1.00,1.00
2016.12.30 14:56:57.342,1.51768,1.51807,1.00,1.00
2016.12.30 14:56:58.061,1.51768,1.51806,1.00,1.00
2016.12.30 14:56:58.112,1.51764,1.51805,1.00,1.00
2016.12.30 14:56:58.370,1.51764,1.51806,1.00,1.00
2016.12.30 14:56:58.673,1.51766,1.51806,1.00,1.00
2016.12.30 14:57:00.174,1.51766,1.51806,1.00,1.00
2016.12.30 14:57:01.274,1.51766,1.51806,1.00,1.00
2016.12.30 14:57:01.758,1.51766,1.51798,1.00,1.00
2016.12.30 14:57:01.808,1.51759,1.51798,1.00,1.00
2016.12.30 14:57:02.061,1.51759,1.51798,1.00,1.00
2016.12.30 14:57:02.220,1.51759,1.51802,1.00,1.50
2016.12.30 14:57:02.736,1.51759,1.518,1.00,1.00
2016.12.30 14:57:03.214,1.51759,1.51794,1.00,1.00
2016.12.30 14:57:03.493,1.51754,1.51794,1.00,1.00
2016.12.30 14:57:03.594,1.51754,1.51797,1.00,1.50
2016.12.30 14:57:04.197,1.51754,1.51796,1.00,1.00
2016.12.30 14:57:04.357,1.51754,1.51794,1.00,1.00
2016.12.30 14:57:04.579,1.51754,1.51794,1.00,1.00
2016.12.30 14:57:04.781,1.51754,1.51796,1.00,1.00
2016.12.30 14:57:04.831,1.51754,1.51771,1.00,1.00
2016.12.30 14:57:04.882,1.51754,1.51778,1.00,1.00
2016.12.30 14:57:04.933,1.51754,1.51789,1.00,1.00
2016.12.30 14:57:05.034,1.51752,1.5179,1.00,1.00
2016.12.30 14:57:05.135,1.5175,1.5179,1.00,1.00
2016.12.30 14:57:05.491,1.5175,1.5179,1.00,1.00
2016.12.30 14:57:05.793,1.5175,1.51766,1.00,1.00
2016.12.30 14:57:05.957,1.5175,1.51766,1.00,1.00
2016.12.30 14:57:07.287,1.5175,1.51766,1.00,1.00
2016.12.30 14:57:07.604,1.5175,1.51779,2.50,1.00
2016.12.30 14:57:07.655,1.5175,1.51791,1.50,1.00
2016.12.30 14:57:07.706,1.5175,1.51795,1.00,1.00
2016.12.30 14:57:07.807,1.51753,1.51794,1.00,1.00
2016.12.30 14:57:07.908,1.51753,1.51793,1.00,1.00
2016.12.30 14:57:08.009,1.51753,1.51789,1.00,1.00
2016.12.30 14:57:08.316,1.5175,1.51767,1.00,1.00
2016.12.30 14:57:08.620,1.5175,1.51767,1.00,1.00
2016.12.30 14:57:09.153,1.5175,1.51766,1.00,1.00
2016.12.30 14:57:09.733,1.5175,1.51778,1.50,1.00
2016.12.30 14:57:09.834,1.51753,1.51778,1.00,1.00
2016.12.30 14:57:10.036,1.51755,1.51796,1.00,1.00
2016.12.30 14:57:10.215,1.51753,1.51769,1.00,1.00
2016.12.30 14:57:10.763,1.51753,1.51767,1.00,1.00
2016.12.30 14:57:11.248,1.51753,1.51784,1.50,1.00
2016.12.30 14:57:11.349,1.51753,1.51796,1.00,1.50
2016.12.30 14:57:11.508,1.51753,1.51779,1.00,1.00
2016.12.30 14:57:11.610,1.51753,1.51793,1.00,1.00
2016.12.30 14:57:12.034,1.51753,1.51796,1.00,1.50
2016.12.30 14:57:13.147,1.51755,1.51794,1.00,1.00
2016.12.30 14:57:13.455,1.51761,1.51807,1.00,1.50
2016.12.30 14:57:13.720,1.51761,1.51807,1.00,1.00
2016.12.30 14:57:13.901,1.51761,1.51807,1.00,1.00
2016.12.30 14:57:14.442,1.51762,1.51806,1.00,1.00
2016.12.30 14:57:14.765,1.51762,1.51799,1.00,1.00
2016.12.30 14:57:14.816,1.51756,1.51798,1.00,1.00
2016.12.30 14:57:14.866,1.51756,1.51796,1.00,1.00
2016.12.30 14:57:15.169,1.51754,1.51768,1.50,1.00
2016.12.30 14:57:15.673,1.51754,1.51766,1.00,1.00
2016.12.30 14:57:15.993,1.51751,1.51766,1.00,1.00
2016.12.30 14:57:16.109,1.51751,1.51766,1.00,1.00
2016.12.30 14:57:16.518,1.51751,1.51766,1.00,1.00
2016.12.30 14:57:16.619,1.51749,1.51766,1.00,1.00
2016.12.30 14:57:16.897,1.51749,1.51766,1.00,1.00
2016.12.30 14:57:17.506,1.51749,1.51767,1.00,1.00
2016.12.30 14:57:19.221,1.51751,1.51766,1.00,1.00
2016.12.30 14:57:19.630,1.51751,1.51766,1.00,1.00
2016.12.30 14:57:19.731,1.51753,1.51766,1.00,1.00
2016.12.30 14:57:20.033,1.51753,1.51767,1.00,1.00
2016.12.30 14:57:20.609,1.51753,1.51766,1.00,1.00
2016.12.30 14:57:20.758,1.51753,1.51778,1.00,1.00
2016.12.30 14:57:20.809,1.51753,1.51802,1.00,1.50
2016.12.30 14:57:21.060,1.51753,1.51772,1.00,1.00
2016.12.30 14:57:21.625,1.51753,1.51767,1.00,1.00
2016.12.30 14:57:22.192,1.51753,1.51766,1.00,1.00
2016.12.30 14:57:22.421,1.51753,1.51766,1.50,1.00
2016.12.30 14:57:22.732,1.51753,1.51778,1.00,1.00
2016.12.30 14:57:22.858,1.51753,1.51766,1.00,1.00
2016.12.30 14:57:23.722,1.51753,1.51766,1.00,1.00
2016.12.30 14:57:24.830,1.51753,1.51766,1.00,1.00
2016.12.30 14:57:25.309,1.51753,1.51778,1.00,1.00
2016.12.30 14:57:25.360,1.51753,1.51778,1.00,1.00
2016.12.30 14:57:25.461,1.51753,1.51795,1.00,1.00
2016.12.30 14:57:25.612,1.51753,1.5177,1.00,1.00
2016.12.30 14:57:25.717,1.51753,1.51769,1.50,1.00
2016.12.30 14:57:26.232,1.51753,1.51767,1.00,1.00
2016.12.30 14:57:26.749,1.51753,1.51767,1.00,1.00
2016.12.30 14:57:26.850,1.51749,1.51767,1.00,1.00
2016.12.30 14:57:26.951,1.51732,1.51766,1.00,1.00
2016.12.30 14:57:27.002,1.5173,1.51767,1.50,1.00
2016.12.30 14:57:27.053,1.51724,1.51766,1.50,2.25
2016.12.30 14:57:27.154,1.51729,1.51766,1.00,1.00
2016.12.30 14:57:27.255,1.51729,1.51766,1.00,1.00
2016.12.30 14:57:27.356,1.51725,1.51766,1.00,1.00
2016.12.30 14:57:27.535,1.51716,1.51757,1.00,1.00
2016.12.30 14:57:28.039,1.51716,1.51757,1.00,1.00
2016.12.30 14:57:28.498,1.51716,1.51757,1.00,1.00
2016.12.30 14:57:28.700,1.51716,1.51761,1.00,1.00
2016.12.30 14:57:28.851,1.51717,1.51765,1.00,1.50
2016.12.30 14:57:28.965,1.51721,1.51765,1.00,1.00
2016.12.30 14:57:29.118,1.51721,1.51765,1.50,1.00
2016.12.30 14:57:29.752,1.51721,1.51766,1.00,1.50
2016.12.30 14:57:30.265,1.51721,1.51766,1.00,1.50
2016.12.30 14:57:30.567,1.51723,1.51767,1.00,1.00
2016.12.30 14:57:30.937,1.51723,1.51766,1.00,1.00
2016.12.30 14:57:31.038,1.51739,1.51766,1.00,1.00
2016.12.30 14:57:31.341,1.51739,1.51766,1.00,1.00
2016.12.30 14:57:32.284,1.51739,1.51766,1.00,1.00
2016.12.30 14:57:33.171,1.51739,1.51767,1.00,1.00
2016.12.30 14:57:33.351,1.51739,1.51767,1.00,1.00
2016.12.30 14:57:33.552,1.51737,1.51766,1.00,1.00
2016.12.30 14:57:34.067,1.51737,1.51767,1.00,1.00
2016.12.30 14:57:34.543,1.51734,1.51767,1.50,1.00
2016.12.30 14:57:35.524,1.51734,1.51766,1.50,1.00
2016.12.30 14:57:36.042,1.51734,1.51767,1.50,1.00
2016.12.30 14:57:36.575,1.51734,1.51766,1.00,1.00
2016.12.30 14:57:37.230,1.51734,1.51767,1.50,1.00
2016.12.30 14:57:37.331,1.51734,1.51767,1.00,1.00
2016.12.30 14:57:37.746,1.51734,1.51767,1.00,1.00
2016.12.30 14:57:38.308,1.51734,1.51767,1.00,1.00
2016.12.30 14:57:38.828,1.51734,1.51766,1.00,1.00
2016.12.30 14:57:39.259,1.51734,1.51766,1.00,1.00
2016.12.30 14:57:39.783,1.51734,1.51766,1.00,1.00
2016.12.30 14:57:40.367,1.51734,1.51766,1.00,1.00
2016.12.30 14:57:40.651,1.51733,1.51767,1.00,1.00
2016.12.30 14:57:41.419,1.51733,1.51766,1.00,1.00
2016.12.30 14:57:42.692,1.51728,1.51766,1.00,1.00
2016.12.30 14:57:42.743,1.51723,1.51764,1.50,1.00
2016.12.30 14:57:42.844,1.51729,1.51765,1.00,1.00
2016.12.30 14:57:43.157,1.51724,1.51765,1.50,1.00
2016.12.30 14:57:43.777,1.51724,1.51763,1.00,1.00
2016.12.30 14:57:44.086,1.51724,1.5176,1.00,1.50
2016.12.30 14:57:44.288,1.51723,1.51763,1.00,1.00
2016.12.30 14:57:44.389,1.51723,1.51762,1.00,1.00
2016.12.30 14:57:44.490,1.51723,1.51762,1.00,1.00
2016.12.30 14:57:45.050,1.5172,1.51762,1.00,1.00
2016.12.30 14:57:45.302,1.5172,1.51766,1.00,1.00
2016.12.30 14:57:45.353,1.51721,1.51766,1.00,2.25
2016.12.30 14:57:45.655,1.51723,1.51767,1.00,1.00
2016.12.30 14:57:45.872,1.51723,1.51767,1.00,1.50
2016.12.30 14:57:46.183,1.51723,1.51766,1.00,1.00
2016.12.30 14:57:47.984,1.51723,1.51766,1.00,1.00
2016.12.30 14:57:48.085,1.51723,1.51766,1.00,1.00
2016.12.30 14:57:48.286,1.51723,1.51766,1.00,1.50
2016.12.30 14:57:48.750,1.51723,1.51764,1.00,1.00
2016.12.30 14:57:48.800,1.51723,1.51766,1.00,1.50
2016.12.30 14:57:49.156,1.51723,1.51766,1.50,1.50
2016.12.30 14:57:49.207,1.51723,1.51764,1.50,1.00
2016.12.30 14:57:49.509,1.51723,1.51761,1.00,1.00
2016.12.30 14:57:49.879,1.51723,1.51757,1.00,1.00
2016.12.30 14:57:51.248,1.51723,1.51757,1.00,1.00
2016.12.30 14:57:51.624,1.51717,1.51756,1.00,1.00
2016.12.30 14:57:51.776,1.51717,1.51746,1.00,1.00
2016.12.30 14:57:52.086,1.51715,1.51746,1.00,1.00
2016.12.30 14:57:52.255,1.51715,1.51756,1.00,1.00
2016.12.30 14:57:52.515,1.51715,1.51757,1.00,1.00
2016.12.30 14:57:52.865,1.5172,1.51765,1.00,1.00
2016.12.30 14:57:53.188,1.5172,1.51765,1.50,1.00
2016.12.30 14:57:53.728,1.5172,1.51764,1.00,1.00
2016.12.30 14:57:55.365,1.5172,1.51764,1.50,1.00
2016.12.30 14:57:55.466,1.51724,1.51767,1.00,2.25
2016.12.30 14:57:55.904,1.51724,1.51766,1.00,1.00
2016.12.30 14:57:59.692,1.51724,1.51766,1.00,1.00
2016.12.30 14:58:00.281,1.51724,1.51766,1.00,1.50
2016.12.30 14:58:00.686,1.51726,1.51766,1.00,1.50
2016.12.30 14:58:00.989,1.51726,1.51762,1.00,1.00
2016.12.30 14:58:01.040,1.51726,1.51759,1.00,1.00
2016.12.30 14:58:01.141,1.51722,1.51756,1.00,1.00
2016.12.30 14:58:01.242,1.51714,1.51756,1.00,1.00
2016.12.30 14:58:01.765,1.51714,1.51755,1.00,1.00
2016.12.30 14:58:02.305,1.51714,1.51756,1.00,1.00
2016.12.30 14:58:02.594,1.51714,1.51756,1.00,1.00
2016.12.30 14:58:02.852,1.51714,1.51758,1.00,1.50
2016.12.30 14:58:02.903,1.51714,1.51761,1.00,2.25
2016.12.30 14:58:02.991,1.5172,1.51761,1.00,1.50
2016.12.30 14:58:03.041,1.5172,1.51766,1.50,1.50
2016.12.30 14:58:03.092,1.51725,1.51766,1.00,1.00
2016.12.30 14:58:03.193,1.51725,1.51766,1.00,1.00
2016.12.30 14:58:04.316,1.51724,1.51766,1.00,1.50
2016.12.30 14:58:05.739,1.51723,1.51766,1.00,1.50
2016.12.30 14:58:06.289,1.51723,1.51765,1.00,1.00
2016.12.30 14:58:07.765,1.51723,1.51765,1.00,2.25
2016.12.30 14:58:08.567,1.51723,1.51762,1.00,1.00
2016.12.30 14:58:08.965,1.51719,1.51757,1.00,1.00
2016.12.30 14:58:09.236,1.51715,1.51757,1.00,1.00
2016.12.30 14:58:09.287,1.51715,1.5176,1.00,1.00
2016.12.30 14:58:09.539,1.51719,1.5176,1.00,1.00
2016.12.30 14:58:11.620,1.51717,1.51756,1.00,1.00
2016.12.30 14:58:11.955,1.51717,1.51756,1.00,1.00
2016.12.30 14:58:12.244,1.51721,1.51766,1.00,1.00
2016.12.30 14:58:12.396,1.51721,1.51766,1.00,1.50
2016.12.30 14:58:12.446,1.51721,1.51761,1.50,1.00
2016.12.30 14:58:12.497,1.51721,1.51767,1.00,1.50
2016.12.30 14:58:12.598,1.51721,1.51767,1.00,1.00
2016.12.30 14:58:13.322,1.51721,1.51767,2.50,1.50
2016.12.30 14:58:13.624,1.51721,1.51766,1.00,2.25
2016.12.30 14:58:14.507,1.51721,1.51765,2.50,1.00
2016.12.30 14:58:16.326,1.51721,1.51765,2.50,1.00
2016.12.30 14:58:16.864,1.51721,1.51762,1.00,1.00
2016.12.30 14:58:16.915,1.51721,1.51764,1.00,1.00
2016.12.30 14:58:16.966,1.51721,1.51766,1.00,1.00
2016.12.30 14:58:17.017,1.51729,1.51766,1.35,1.00
2016.12.30 14:58:17.343,1.51723,1.51764,1.00,1.00
2016.12.30 14:58:17.976,1.51723,1.51763,1.00,1.00
2016.12.30 14:58:18.737,1.51723,1.51763,1.00,1.00
2016.12.30 14:58:18.818,1.51723,1.51759,1.00,1.00
2016.12.30 14:58:18.919,1.51717,1.51754,1.00,1.00
2016.12.30 14:58:19.020,1.51714,1.51754,1.00,1.00
2016.12.30 14:58:19.851,1.51713,1.51754,1.00,1.00
2016.12.30 14:58:20.420,1.51713,1.51753,1.50,1.00
2016.12.30 14:58:21.701,1.51718,1.51753,1.00,1.00
2016.12.30 14:58:21.952,1.51714,1.51753,1.00,1.00
2016.12.30 14:58:23.157,1.51714,1.51755,1.50,1.00
2016.12.30 14:58:23.589,1.51714,1.51751,1.00,1.00
2016.12.30 14:58:23.800,1.51713,1.51754,1.00,1.00
2016.12.30 14:58:23.851,1.51713,1.5176,1.00,1.50
2016.12.30 14:58:23.901,1.51722,1.51761,1.00,1.50
2016.12.30 14:58:24.154,1.51726,1.51767,1.00,1.00
2016.12.30 14:58:24.305,1.51728,1.51766,1.00,1.00
2016.12.30 14:58:25.068,1.51729,1.51766,1.00,1.00
2016.12.30 14:58:25.757,1.51729,1.51767,1.00,1.00
2016.12.30 14:58:26.273,1.51729,1.51766,1.00,1.00
2016.12.30 14:58:26.821,1.51729,1.51767,1.00,1.00
2016.12.30 14:58:27.123,1.51729,1.51766,1.00,1.50
2016.12.30 14:58:27.174,1.51729,1.51766,1.00,1.00
2016.12.30 14:58:27.888,1.5173,1.51766,1.50,1.00
2016.12.30 14:58:28.375,1.5173,1.51766,2.50,1.00
2016.12.30 14:58:29.612,1.51731,1.51766,1.50,1.00
2016.12.30 14:58:30.032,1.51731,1.51767,1.00,1.50
2016.12.30 14:58:30.083,1.51731,1.51763,1.00,1.00
2016.12.30 14:58:30.133,1.51724,1.51763,1.00,1.00
2016.12.30 14:58:30.608,1.51721,1.51756,1.00,1.00
2016.12.30 14:58:30.742,1.51721,1.51762,1.00,1.00
2016.12.30 14:58:30.806,1.51721,1.51756,1.00,1.00
2016.12.30 14:58:31.006,1.51721,1.51762,1.00,1.00
2016.12.30 14:58:31.512,1.51721,1.51763,1.00,1.00
2016.12.30 14:58:32.042,1.51721,1.51763,1.00,1.00
2016.12.30 14:58:32.315,1.51721,1.51756,1.00,1.00
2016.12.30 14:58:32.366,1.51724,1.51765,1.00,1.50
2016.12.30 14:58:32.517,1.51728,1.51766,1.00,1.00
2016.12.30 14:58:32.618,1.51728,1.51766,1.00,1.00
2016.12.30 14:58:32.719,1.51728,1.51767,1.00,1.00
2016.12.30 14:58:32.820,1.51723,1.51766,1.00,1.00
2016.12.30 14:58:33.107,1.51721,1.51761,1.60,1.00
2016.12.30 14:58:33.353,1.51714,1.51756,1.00,1.00
2016.12.30 14:58:33.911,1.51714,1.51755,1.00,1.00
2016.12.30 14:58:33.962,1.51714,1.51757,1.00,1.00
2016.12.30 14:58:34.296,1.51717,1.51756,1.60,1.00
2016.12.30 14:58:34.448,1.51717,1.51756,1.00,1.00
2016.12.30 14:58:34.549,1.51718,1.51761,1.00,1.00
2016.12.30 14:58:34.881,1.51718,1.51757,1.00,1.00
2016.12.30 14:58:35.570,1.51718,1.51756,1.00,1.00
2016.12.30 14:58:35.934,1.51717,1.51756,1.00,1.00
2016.12.30 14:58:36.136,1.51717,1.51757,1.00,1.00
2016.12.30 14:58:36.768,1.51717,1.51757,1.00,1.00
2016.12.30 14:58:37.291,1.51717,1.51756,1.00,1.00
2016.12.30 14:58:38.260,1.51717,1.51761,1.00,1.00
2016.12.30 14:58:38.384,1.51722,1.51765,1.00,1.00
2016.12.30 14:58:38.979,1.51722,1.51766,1.00,1.00
2016.12.30 14:58:39.362,1.51724,1.51766,1.00,1.50
2016.12.30 14:58:39.716,1.51724,1.51766,1.00,1.50
2016.12.30 14:58:40.248,1.51724,1.51766,1.00,1.50
2016.12.30 14:58:41.125,1.51724,1.51765,1.00,1.00
2016.12.30 14:58:41.254,1.51724,1.51765,1.50,1.00
2016.12.30 14:58:42.813,1.51724,1.51766,1.50,2.25
2016.12.30 14:58:43.998,1.51724,1.51758,1.50,1.00
2016.12.30 14:58:44.150,1.51719,1.51761,1.50,1.00
2016.12.30 14:58:44.251,1.51719,1.51764,1.00,1.00
2016.12.30 14:58:44.301,1.51721,1.51767,1.00,1.50
2016.12.30 14:58:44.352,1.51723,1.51766,1.00,1.00
2016.12.30 14:58:44.763,1.51723,1.51766,1.00,1.50
2016.12.30 14:58:45.544,1.51723,1.51766,1.00,1.00
2016.12.30 14:58:46.215,1.51723,1.51766,1.00,2.25
2016.12.30 14:58:48.211,1.51723,1.51767,2.50,1.50
2016.12.30 14:58:48.691,1.51724,1.51766,2.50,1.00
2016.12.30 14:58:53.827,1.51724,1.51767,1.00,1.50
2016.12.30 14:58:54.675,1.51724,1.51765,1.00,1.00
2016.12.30 14:58:54.776,1.51721,1.51762,1.00,1.00
2016.12.30 14:58:54.827,1.51721,1.51758,1.00,1.00
2016.12.30 14:58:54.878,1.51717,1.51758,1.00,1.00
2016.12.30 14:58:55.029,1.51717,1.51754,1.00,1.00
2016.12.30 14:58:55.130,1.51717,1.51759,1.00,1.00
2016.12.30 14:58:55.181,1.51721,1.5176,1.00,1.00
2016.12.30 14:58:55.485,1.51728,1.51766,1.00,1.00
2016.12.30 14:58:55.941,1.5173,1.51766,1.00,1.00
2016.12.30 14:58:56.462,1.5173,1.51766,1.00,1.00
2016.12.30 14:58:56.739,1.5173,1.51765,1.00,1.00
2016.12.30 14:58:56.840,1.51726,1.51758,1.00,1.00
2016.12.30 14:58:56.941,1.51717,1.51754,1.00,1.00
2016.12.30 14:58:57.041,1.51717,1.51754,1.00,1.00
2016.12.30 14:58:57.142,1.51717,1.51754,1.00,1.00
2016.12.30 14:58:57.193,1.51717,1.51759,1.00,1.00
2016.12.30 14:58:57.244,1.51719,1.51759,1.00,1.00
2016.12.30 14:58:57.720,1.51719,1.51756,1.00,1.00
2016.12.30 14:58:58.339,1.51719,1.51755,1.00,1.00
2016.12.30 14:58:59.836,1.51719,1.51753,1.00,1.00
2016.12.30 14:59:00.490,1.51719,1.51755,1.00,1.00
2016.12.30 14:59:01.002,1.51719,1.51756,1.00,1.00
2016.12.30 14:59:01.511,1.51719,1.51755,1.00,1.00
2016.12.30 14:59:02.191,1.51719,1.51756,1.00,1.00
2016.12.30 14:59:02.242,1.51719,1.51754,1.00,1.00
2016.12.30 14:59:02.724,1.51719,1.51752,1.00,1.00
2016.12.30 14:59:03.364,1.51719,1.51753,1.00,1.00
2016.12.30 14:59:04.203,1.51719,1.51756,1.00,1.00
2016.12.30 14:59:04.484,1.51719,1.51758,1.00,1.00
2016.12.30 14:59:04.837,1.51717,1.51755,1.00,1.00
2016.12.30 14:59:04.938,1.51715,1.51752,1.00,1.00
2016.12.30 14:59:05.314,1.51715,1.51752,1.00,1.00
2016.12.30 14:59:05.855,1.51715,1.51752,1.00,1.00
2016.12.30 14:59:05.956,1.51714,1.5175,1.00,1.00
2016.12.30 14:59:06.259,1.51714,1.51747,1.00,1.00
2016.12.30 14:59:06.309,1.5171,1.51745,1.00,1.00
2016.12.30 14:59:06.360,1.51705,1.51745,1.00,1.00
2016.12.30 14:59:06.553,1.51703,1.51744,1.00,1.00
2016.12.30 14:59:06.631,1.51703,1.5174,1.00,1.00
2016.12.30 14:59:07.361,1.51703,1.51737,1.00,1.00
2016.12.30 14:59:07.889,1.51703,1.51738,1.00,1.00
2016.12.30 14:59:08.098,1.51703,1.5174,1.00,1.50
2016.12.30 14:59:08.916,1.51698,1.51737,1.00,1.00
2016.12.30 14:59:09.033,1.51698,1.5174,1.00,1.00
2016.12.30 14:59:09.352,1.51699,1.51738,1.00,1.00
2016.12.30 14:59:10.097,1.51699,1.51739,1.00,1.00
2016.12.30 14:59:11.604,1.51699,1.5174,1.00,1.00
2016.12.30 14:59:11.906,1.51699,1.51737,1.00,1.00
2016.12.30 14:59:12.866,1.51699,1.51737,1.00,1.00
2016.12.30 14:59:12.917,1.51699,1.5174,1.00,1.00
2016.12.30 14:59:13.069,1.51699,1.51742,1.00,1.50
2016.12.30 14:59:13.173,1.51697,1.51737,1.00,1.00
2016.12.30 14:59:13.274,1.51695,1.51737,1.00,1.00
2016.12.30 14:59:13.495,1.51699,1.51735,1.00,1.00
2016.12.30 14:59:15.326,1.51698,1.51735,1.00,1.00
2016.12.30 14:59:15.377,1.51695,1.51735,1.00,1.00
2016.12.30 14:59:15.641,1.51695,1.51735,1.00,1.00
2016.12.30 14:59:15.944,1.51699,1.51735,1.00,1.00
2016.12.30 14:59:16.347,1.51695,1.51735,1.00,1.00
2016.12.30 14:59:16.750,1.51699,1.51735,1.00,1.00
2016.12.30 14:59:17.629,1.51698,1.51735,1.00,1.00
2016.12.30 14:59:18.169,1.51697,1.51736,1.00,1.50
2016.12.30 14:59:18.512,1.51698,1.51736,1.00,1.00
2016.12.30 14:59:18.787,1.51698,1.51736,1.00,1.50
2016.12.30 14:59:19.049,1.51696,1.51736,1.00,1.50
2016.12.30 14:59:19.131,1.51698,1.51735,1.00,1.00
2016.12.30 14:59:19.606,1.51696,1.51735,1.00,1.00
2016.12.30 14:59:20.148,1.51699,1.51735,1.00,1.00
2016.12.30 14:59:20.709,1.51699,1.51736,1.00,1.00
2016.12.30 14:59:21.123,1.51699,1.51739,1.00,1.00
2016.12.30 14:59:21.224,1.51699,1.51733,1.00,1.00
2016.12.30 14:59:21.325,1.51699,1.51736,1.00,1.00
2016.12.30 14:59:21.426,1.51699,1.51741,1.00,1.00
2016.12.30 14:59:21.577,1.517,1.51745,1.00,1.00
2016.12.30 14:59:21.678,1.51704,1.51745,1.00,1.00
2016.12.30 14:59:22.024,1.51708,1.51745,1.00,1.00
2016.12.30 14:59:22.468,1.5171,1.51745,1.00,1.00
2016.12.30 14:59:23.006,1.5171,1.51745,1.00,1.00
2016.12.30 14:59:23.747,1.51711,1.51745,1.00,1.00
2016.12.30 14:59:23.797,1.51711,1.51749,1.00,1.00
2016.12.30 14:59:24.678,1.51712,1.51748,1.00,1.00
2016.12.30 14:59:25.200,1.51712,1.51746,1.00,1.00
2016.12.30 14:59:25.250,1.51712,1.51744,1.00,1.00
2016.12.30 14:59:25.431,1.51712,1.5174,1.00,1.00
2016.12.30 14:59:25.532,1.51709,1.5174,1.00,1.00
2016.12.30 14:59:25.690,1.51709,1.51743,1.00,1.00
2016.12.30 14:59:26.451,1.51709,1.51745,1.00,1.00
2016.12.30 14:59:26.755,1.51709,1.51741,1.00,1.00
2016.12.30 14:59:27.305,1.51709,1.51741,1.00,1.00
2016.12.30 14:59:27.939,1.51709,1.51742,1.00,1.00
2016.12.30 14:59:28.085,1.51709,1.51742,1.00,1.00
2016.12.30 14:59:28.590,1.51709,1.51742,1.00,1.00
2016.12.30 14:59:29.093,1.51709,1.51742,1.00,1.00
2016.12.30 14:59:29.353,1.51709,1.51746,1.00,1.00
2016.12.30 14:59:29.454,1.51709,1.51746,1.00,1.00
2016.12.30 14:59:29.885,1.51709,1.51743,1.00,1.00
2016.12.30 14:59:30.862,1.51709,1.51744,1.00,1.00
2016.12.30 14:59:31.465,1.51709,1.51744,1.00,1.00
2016.12.30 14:59:31.554,1.51707,1.51744,1.00,1.00
2016.12.30 14:59:32.436,1.51707,1.51743,1.00,1.00
2016.12.30 14:59:34.480,1.51706,1.51743,1.00,1.00
2016.12.30 14:59:34.689,1.51705,1.51736,1.00,1.00
2016.12.30 14:59:34.743,1.51705,1.51743,1.00,1.00
2016.12.30 14:59:35.355,1.51705,1.5174,1.00,1.00
2016.12.30 14:59:35.885,1.51711,1.51751,1.00,1.00
2016.12.30 14:59:35.936,1.51711,1.51755,1.00,1.00
2016.12.30 14:59:35.986,1.51717,1.51756,1.00,1.00
2016.12.30 14:59:36.138,1.51717,1.51753,1.00,1.00
2016.12.30 14:59:36.239,1.51715,1.51747,1.00,1.00
2016.12.30 14:59:36.289,1.51712,1.51747,1.00,1.00
2016.12.30 14:59:36.397,1.51707,1.51753,1.00,1.00
2016.12.30 14:59:36.447,1.51707,1.51744,1.00,1.00
2016.12.30 14:59:36.650,1.51713,1.51757,1.00,1.00
2016.12.30 14:59:36.701,1.51713,1.51757,1.00,1.00
2016.12.30 14:59:36.883,1.51713,1.51753,1.00,1.00
2016.12.30 14:59:37.186,1.51713,1.51748,1.00,1.00
2016.12.30 14:59:37.287,1.51713,1.5175,1.00,1.00
2016.12.30 14:59:37.674,1.51713,1.51749,1.00,1.00
2016.12.30 14:59:37.775,1.51713,1.51751,1.00,1.00
2016.12.30 14:59:38.340,1.51713,1.51751,1.00,1.50
2016.12.30 14:59:38.961,1.51713,1.51752,1.00,1.50
2016.12.30 14:59:40.477,1.51713,1.51751,1.00,1.00
2016.12.30 14:59:40.679,1.51713,1.51751,1.00,1.00
2016.12.30 14:59:41.436,1.51713,1.5175,1.00,1.00
2016.12.30 14:59:41.610,1.51711,1.51749,1.00,1.00
2016.12.30 14:59:41.661,1.51711,1.51744,1.00,1.00
2016.12.30 14:59:41.711,1.51704,1.51741,1.00,1.00
2016.12.30 14:59:41.812,1.51704,1.5174,1.00,1.00
2016.12.30 14:59:41.978,1.51705,1.51742,1.00,1.00
2016.12.30 14:59:42.029,1.51708,1.51745,1.00,1.00
2016.12.30 14:59:42.520,1.51708,1.51745,1.00,1.00
2016.12.30 14:59:42.813,1.51708,1.51745,1.00,1.00
2016.12.30 14:59:43.362,1.51708,1.51745,1.00,1.00
2016.12.30 14:59:44.136,1.51709,1.51745,1.00,1.00
2016.12.30 14:59:44.238,1.51714,1.51752,1.00,1.00
2016.12.30 14:59:44.288,1.51716,1.51752,1.00,1.00
2016.12.30 14:59:44.443,1.5172,1.51757,1.00,1.00
2016.12.30 14:59:44.494,1.5172,1.51756,1.00,1.00
2016.12.30 14:59:44.595,1.5172,1.51756,1.00,1.00
2016.12.30 14:59:44.645,1.5172,1.51754,1.00,1.00
2016.12.30 14:59:44.935,1.51719,1.51756,1.00,1.00
2016.12.30 14:59:45.246,1.51718,1.51754,1.00,1.00
2016.12.30 14:59:46.538,1.51718,1.51753,1.00,1.50
2016.12.30 14:59:46.589,1.51711,1.51748,1.00,1.00
2016.12.30 14:59:46.791,1.51711,1.51746,1.00,1.00
2016.12.30 14:59:47.173,1.51711,1.51747,1.00,1.00
2016.12.30 14:59:47.223,1.51711,1.51746,1.00,1.00
2016.12.30 14:59:47.366,1.51711,1.51747,1.00,1.00
2016.12.30 14:59:47.625,1.51711,1.51747,1.00,1.50
2016.12.30 14:59:47.833,1.51711,1.51748,1.00,1.00
2016.12.30 14:59:48.270,1.51711,1.51746,1.00,1.00
2016.12.30 14:59:48.691,1.51711,1.51748,1.00,1.00
2016.12.30 14:59:49.143,1.51711,1.51746,1.00,1.00
2016.12.30 14:59:49.492,1.51711,1.51748,1.00,1.50
2016.12.30 14:59:49.937,1.51711,1.51746,1.00,1.00
2016.12.30 14:59:50.095,1.51711,1.51746,1.00,1.50
2016.12.30 14:59:50.298,1.51711,1.51746,1.00,1.50
2016.12.30 14:59:50.349,1.51711,1.51752,1.50,1.00
2016.12.30 14:59:50.400,1.51714,1.51755,1.00,1.00
2016.12.30 14:59:50.451,1.51714,1.51757,1.00,1.00
2016.12.30 14:59:50.501,1.51716,1.51757,1.00,1.00
2016.12.30 14:59:50.891,1.51718,1.51757,1.00,1.00
2016.12.30 14:59:52.534,1.51719,1.51757,1.00,1.00
2016.12.30 14:59:52.844,1.51719,1.51756,1.00,1.00
2016.12.30 14:59:52.996,1.51719,1.51757,1.00,1.00
2016.12.30 14:59:53.147,1.51719,1.51755,1.00,1.00
2016.12.30 14:59:53.248,1.51719,1.51757,1.00,1.00
2016.12.30 14:59:53.299,1.51719,1.51752,1.00,1.00
2016.12.30 14:59:53.383,1.51718,1.51752,1.00,1.00
2016.12.30 14:59:53.434,1.51718,1.51754,1.00,1.00
2016.12.30 14:59:53.484,1.51718,1.51754,1.00,1.00
2016.12.30 14:59:53.535,1.51718,1.51757,1.00,1.00
2016.12.30 14:59:53.586,1.51718,1.51757,1.00,1.00
2016.12.30 14:59:53.788,1.51718,1.51756,1.00,1.00
2016.12.30 14:59:53.889,1.51716,1.51756,1.00,1.00
2016.12.30 14:59:53.940,1.51716,1.51753,1.00,1.00
2016.12.30 14:59:54.092,1.51714,1.51753,1.00,1.00
2016.12.30 14:59:54.244,1.51714,1.51746,1.00,1.00
2016.12.30 14:59:54.295,1.51711,1.51754,1.00,1.00
2016.12.30 14:59:54.463,1.51711,1.51758,1.00,1.50
2016.12.30 14:59:54.564,1.51711,1.5175,1.00,1.00
2016.12.30 14:59:55.002,1.51711,1.51747,1.00,1.00
2016.12.30 14:59:55.154,1.51711,1.51749,1.50,1.00
2016.12.30 14:59:55.696,1.51711,1.51748,1.00,1.00
2016.12.30 14:59:55.861,1.51711,1.51747,1.00,1.00
2016.12.30 14:59:56.207,1.51711,1.51746,1.00,1.00
2016.12.30 14:59:56.257,1.51711,1.51748,1.00,1.00
2016.12.30 14:59:56.409,1.51711,1.51747,1.00,1.50
2016.12.30 14:59:56.729,1.51711,1.51745,1.00,1.00
2016.12.30 14:59:57.298,1.51711,1.51745,1.00,1.00
2016.12.30 14:59:57.449,1.51711,1.51748,1.00,1.00
2016.12.30 14:59:57.500,1.51712,1.51751,1.00,1.00
2016.12.30 14:59:57.823,1.51714,1.51752,1.00,1.00
2016.12.30 14:59:58.360,1.51714,1.51753,1.00,1.00
2016.12.30 14:59:58.802,1.51714,1.51753,1.00,1.00
2016.12.30 14:59:58.958,1.51714,1.51751,1.00,1.00
2016.12.30 14:59:59.293,1.51714,1.51752,1.00,1.00
2016.12.30 14:59:59.444,1.51717,1.51766,1.00,1.50
2016.12.30 14:59:59.495,1.5172,1.51757,1.00,1.00
2016.12.30 14:59:59.596,1.51717,1.51752,1.00,1.00
2016.12.30 14:59:59.697,1.51716,1.51748,1.00,1.00
