2014.02.27 02:00:01.364,1.64476,1.64508,1.73,1.20
2014.02.27 02:00:01.465,1.64476,1.64512,1.73,1.20
2014.02.27 02:00:01.666,1.64477,1.64512,1.00,1.20
2014.02.27 02:00:03.397,1.64468,1.64503,1.53,1.00
2014.02.27 02:00:03.497,1.64468,1.64503,1.15,1.38
2014.02.27 02:00:03.548,1.64468,1.64503,1.00,1.48
2014.02.27 02:00:03.598,1.64476,1.64506,1.00,1.50
2014.02.27 02:00:03.699,1.64476,1.64506,1.13,1.13
2014.02.27 02:00:04.244,1.64476,1.64514,1.13,3.00
2014.02.27 02:00:34.536,1.64469,1.6449,1.00,2.10
2014.02.27 02:00:34.737,1.6446,1.64481,1.75,1.43
2014.02.27 02:00:34.788,1.64456,1.64479,1.00,1.05
2014.02.27 02:00:34.839,1.6445,1.64479,1.38,1.05
2014.02.27 02:00:34.890,1.6445,1.64486,1.00,1.58
2014.02.27 02:00:34.940,1.64447,1.64485,1.38,1.53
2014.02.27 02:00:35.142,1.64449,1.6449,1.10,1.83
2014.02.27 02:00:35.192,1.64457,1.64481,1.00,1.13
2014.02.27 02:00:35.515,1.64457,1.64476,1.00,1.20
2014.02.27 02:00:35.616,1.64445,1.64476,1.00,1.20
2014.02.27 02:00:35.716,1.64444,1.64475,1.38,1.58
2014.02.27 02:00:35.918,1.64444,1.64476,1.38,1.02
2014.02.27 02:00:36.119,1.64444,1.64483,1.38,1.20
2014.02.27 02:00:36.220,1.64444,1.64484,1.58,1.15
2014.02.27 02:00:37.093,1.64448,1.64489,1.00,2.25
2014.02.27 02:00:43.389,1.64448,1.64489,1.00,1.88
2014.02.27 02:00:43.545,1.64448,1.64489,1.00,2.63
2014.02.27 02:00:44.398,1.64448,1.64489,1.00,2.63
2014.02.27 02:00:44.499,1.64448,1.64489,1.00,2.63
2014.02.27 02:00:45.107,1.64448,1.64489,1.00,2.63
2014.02.27 02:00:45.475,1.64448,1.64489,1.00,2.63
2014.02.27 02:00:45.845,1.64448,1.64489,1.00,2.63
2014.02.27 02:00:46.795,1.64448,1.64489,1.00,1.88
2014.02.27 02:00:46.933,1.64448,1.64489,1.00,1.88
2014.02.27 02:00:48.224,1.64448,1.64489,1.08,1.20
2014.02.27 02:00:48.696,1.64448,1.64483,1.15,1.38
2014.02.27 02:00:49.000,1.64448,1.64474,1.08,1.38
2014.02.27 02:00:49.437,1.64445,1.64473,1.38,1.38
2014.02.27 02:00:49.589,1.64445,1.64473,1.00,1.38
2014.02.27 02:00:49.689,1.64441,1.64473,1.38,1.38
2014.02.27 02:00:50.261,1.64441,1.64473,1.38,1.38
2014.02.27 02:00:50.513,1.6443,1.64473,1.15,1.53
2014.02.27 02:00:50.664,1.6443,1.64475,1.15,1.95
2014.02.27 02:00:50.714,1.6443,1.64475,1.58,1.88
2014.02.27 02:00:50.816,1.6443,1.64479,2.25,1.65
2014.02.27 02:00:50.867,1.6443,1.64479,2.25,1.65
2014.02.27 02:00:51.094,1.6443,1.64475,1.15,1.20
2014.02.27 02:00:51.470,1.6443,1.64475,1.15,1.20
2014.02.27 02:00:51.522,1.6443,1.64475,1.58,1.45
2014.02.27 02:00:51.572,1.6443,1.64479,2.25,1.65
2014.02.27 02:00:52.186,1.6443,1.64479,2.25,1.28
2014.02.27 02:00:54.240,1.64431,1.64479,1.50,1.08
2014.02.27 02:00:54.291,1.64434,1.64479,1.50,1.08
2014.02.27 02:00:57.086,1.6444,1.64479,1.13,1.08
2014.02.27 02:00:57.394,1.64446,1.64487,1.90,1.48
2014.02.27 02:00:59.863,1.64442,1.64477,1.58,1.00
2014.02.27 02:00:59.936,1.64442,1.64477,1.20,1.00
2014.02.27 02:01:00.088,1.64438,1.64478,2.70,1.00
2014.02.27 02:01:00.138,1.64438,1.64478,1.58,1.38
2014.02.27 02:01:00.292,1.64436,1.64478,1.20,1.45
2014.02.27 02:01:00.383,1.64435,1.64478,1.53,1.55
2014.02.27 02:01:01.425,1.64436,1.64476,1.28,1.38
2014.02.27 02:01:15.986,1.64434,1.64469,1.15,1.38
2014.02.27 02:01:16.087,1.64427,1.64469,1.95,1.38
2014.02.27 02:01:16.208,1.64427,1.64464,1.58,1.38
2014.02.27 02:01:16.309,1.64427,1.6446,1.18,1.38
2014.02.27 02:01:16.410,1.64423,1.64461,1.15,1.38
2014.02.27 02:01:16.510,1.6442,1.6446,1.53,1.58
2014.02.27 02:01:17.060,1.64419,1.64457,1.38,1.53
2014.02.27 02:01:17.926,1.64417,1.64456,1.10,1.55
2014.02.27 02:01:25.233,1.64417,1.64452,1.00,1.53
2014.02.27 02:01:30.530,1.64417,1.64452,1.80,1.38
2014.02.27 02:01:30.832,1.64423,1.64453,1.65,1.00
2014.02.27 02:01:30.933,1.64417,1.64452,2.33,1.35
2014.02.27 02:01:31.033,1.64417,1.64452,1.00,2.85
2014.02.27 02:01:40.413,1.64417,1.64452,1.00,3.00
2014.02.27 02:01:40.824,1.64407,1.64452,1.53,3.00
2014.02.27 02:01:41.043,1.64416,1.64452,1.00,3.00
2014.02.27 02:01:41.374,1.64406,1.64452,1.53,3.00
2014.02.27 02:01:41.613,1.64416,1.64452,1.00,2.25
2014.02.27 02:01:44.783,1.64407,1.64452,1.53,3.00
2014.02.27 02:01:45.114,1.64407,1.64446,1.15,1.50
2014.02.27 02:01:45.444,1.64406,1.64446,1.00,1.84
2014.02.27 02:01:48.035,1.64406,1.64445,1.00,1.90
2014.02.27 02:01:52.404,1.64417,1.64445,1.00,1.53
2014.02.27 02:02:00.625,1.64406,1.64449,1.38,1.58
2014.02.27 02:02:01.064,1.64417,1.64449,1.00,1.58
2014.02.27 02:02:02.633,1.64406,1.6445,1.53,1.90
2014.02.27 02:02:02.684,1.64406,1.6445,1.15,1.90
2014.02.27 02:02:02.835,1.64406,1.64446,1.00,1.20
2014.02.27 02:02:05.929,1.64416,1.64447,1.00,1.13
2014.02.27 02:02:05.979,1.64416,1.6445,1.00,1.53
2014.02.27 02:02:06.080,1.64416,1.6445,1.13,1.53
2014.02.27 02:02:06.181,1.64416,1.64457,1.38,1.53
2014.02.27 02:02:06.484,1.64427,1.64463,1.00,2.33
2014.02.27 02:02:06.636,1.64427,1.64463,1.00,2.33
2014.02.27 02:02:07.153,1.64417,1.64463,2.03,3.08
2014.02.27 02:02:11.078,1.64426,1.64463,1.00,2.33
2014.02.27 02:02:11.130,1.64426,1.64463,1.00,2.33
2014.02.27 02:02:22.103,1.64426,1.64468,1.38,1.58
2014.02.27 02:02:25.655,1.64421,1.64464,1.53,1.53
2014.02.27 02:02:26.158,1.64417,1.64454,1.55,1.00
2014.02.27 02:02:26.992,1.64417,1.64462,1.55,1.20
2014.02.27 02:02:27.353,1.64417,1.64453,1.55,1.00
2014.02.27 02:02:28.379,1.64417,1.64462,1.55,1.20
2014.02.27 02:02:29.553,1.64417,1.64454,1.55,1.00
2014.02.27 02:02:30.103,1.64417,1.64462,1.55,1.20
2014.02.27 02:02:30.153,1.64417,1.64462,1.55,1.20
2014.02.27 02:02:30.254,1.64417,1.64462,1.55,1.20
2014.02.27 02:02:30.355,1.64412,1.64453,2.18,1.00
2014.02.27 02:02:30.753,1.64416,1.64455,1.38,1.20
2014.02.27 02:02:31.557,1.64416,1.64457,1.55,1.53
2014.02.27 02:02:45.445,1.64416,1.64457,1.45,1.95
2014.02.27 02:02:45.816,1.64416,1.64457,1.55,1.53
2014.02.27 02:02:48.422,1.64416,1.64457,1.55,1.53
2014.02.27 02:02:50.043,1.6441,1.64454,1.88,1.38
2014.02.27 02:02:54.105,1.6441,1.64443,1.88,1.00
2014.02.27 02:02:54.256,1.6441,1.64443,1.88,1.00
2014.02.27 02:02:54.307,1.6441,1.64454,1.88,1.38
2014.02.27 02:02:54.415,1.64408,1.64454,1.53,1.53
2014.02.27 02:02:55.233,1.6441,1.64454,1.20,1.45
2014.02.27 02:02:55.924,1.64411,1.64454,1.20,1.48
2014.02.27 02:02:56.663,1.64411,1.64444,1.20,1.00
2014.02.27 02:02:56.965,1.64411,1.64434,1.20,1.00
2014.02.27 02:02:57.082,1.64411,1.64443,1.13,1.00
2014.02.27 02:02:57.132,1.64404,1.64443,1.20,1.00
2014.02.27 02:02:58.283,1.64402,1.64443,1.90,1.18
2014.02.27 02:03:02.073,1.64403,1.64443,2.25,1.00
2014.02.27 02:03:04.383,1.64426,1.64454,1.00,1.88
2014.02.27 02:03:04.585,1.64423,1.64454,1.50,1.60
2014.02.27 02:03:04.686,1.64423,1.64454,1.13,1.98
2014.02.27 02:03:04.888,1.64408,1.64453,1.53,1.50
2014.02.27 02:03:05.141,1.64408,1.64443,1.53,1.38
2014.02.27 02:03:05.683,1.64408,1.64443,1.53,1.00
2014.02.27 02:03:05.783,1.64408,1.64453,1.53,1.88
2014.02.27 02:03:05.834,1.64408,1.64453,1.95,1.80
2014.02.27 02:03:06.226,1.6441,1.64453,1.20,1.45
2014.02.27 02:03:07.443,1.6441,1.64457,1.20,1.15
2014.02.27 02:03:08.205,1.6441,1.64457,1.95,1.15
2014.02.27 02:03:11.180,1.64417,1.64457,1.48,1.53
2014.02.27 02:03:11.383,1.6441,1.64453,1.20,1.45
2014.02.27 02:03:12.970,1.64416,1.64457,1.45,1.53
2014.02.27 02:03:14.373,1.64411,1.64453,1.65,1.45
2014.02.27 02:03:14.997,1.64408,1.64453,3.38,1.45
2014.02.27 02:03:16.013,1.64408,1.64453,2.03,1.53
2014.02.27 02:03:18.368,1.64408,1.64444,2.03,1.00
2014.02.27 02:03:18.542,1.64408,1.64453,2.03,1.53
2014.02.27 02:03:18.643,1.64408,1.64451,1.88,1.20
2014.02.27 02:03:27.472,1.64407,1.64451,1.38,1.95
2014.02.27 02:03:27.662,1.64407,1.64451,1.38,1.95
2014.02.27 02:03:33.091,1.64402,1.64433,1.53,1.35
2014.02.27 02:03:33.243,1.64398,1.64433,1.38,2.18
2014.02.27 02:03:33.293,1.64398,1.64433,1.38,1.83
2014.02.27 02:03:33.602,1.64405,1.64436,1.50,1.38
2014.02.27 02:03:33.854,1.64397,1.64432,1.38,1.20
2014.02.27 02:03:33.955,1.64397,1.64432,1.38,1.83
2014.02.27 02:03:34.182,1.64397,1.64431,1.13,1.20
2014.02.27 02:03:34.383,1.64397,1.64432,1.88,1.83
2014.02.27 02:03:34.534,1.64397,1.64436,1.38,1.83
2014.02.27 02:03:34.635,1.64397,1.64433,1.13,1.55
2014.02.27 02:03:34.686,1.64397,1.64432,1.13,1.20
2014.02.27 02:03:35.373,1.64397,1.64436,1.38,2.93
2014.02.27 02:03:35.594,1.64396,1.64434,2.03,1.38
2014.02.27 02:03:35.695,1.64396,1.64434,2.03,1.38
2014.02.27 02:03:36.001,1.64396,1.64434,1.88,1.90
2014.02.27 02:03:36.382,1.64397,1.64436,1.38,1.53
2014.02.27 02:03:36.432,1.64397,1.64436,1.88,1.65
2014.02.27 02:03:36.583,1.64397,1.64434,1.53,1.00
2014.02.27 02:03:36.634,1.64397,1.64434,1.45,1.45
2014.02.27 02:03:36.684,1.64397,1.64434,1.38,1.90
2014.02.27 02:03:36.821,1.64397,1.64423,1.38,1.00
2014.02.27 02:03:37.372,1.64397,1.64437,1.88,1.95
2014.02.27 02:03:37.623,1.64398,1.64443,1.53,1.15
2014.02.27 02:03:43.597,1.64405,1.64443,1.05,1.15
2014.02.27 02:03:51.117,1.64406,1.64448,1.73,1.20
2014.02.27 02:03:57.277,1.64406,1.64449,1.45,1.20
2014.02.27 02:03:57.328,1.64406,1.64451,1.53,1.53
2014.02.27 02:04:00.594,1.64404,1.64443,1.53,1.00
2014.02.27 02:04:00.695,1.64404,1.64443,1.53,1.13
2014.02.27 02:04:05.372,1.64404,1.64443,1.45,1.20
2014.02.27 02:04:05.472,1.64404,1.64443,1.48,1.53
2014.02.27 02:04:05.612,1.64404,1.64443,1.48,1.53
2014.02.27 02:04:05.723,1.64404,1.64443,1.48,1.53
2014.02.27 02:04:07.591,1.64404,1.64443,1.48,1.53
2014.02.27 02:04:13.352,1.64404,1.64434,1.48,1.00
2014.02.27 02:04:17.406,1.64423,1.64444,2.10,1.88
2014.02.27 02:04:17.456,1.64423,1.64444,2.10,1.13
2014.02.27 02:04:17.507,1.64423,1.64444,2.48,1.00
2014.02.27 02:04:17.608,1.6442,1.64444,1.50,1.00
2014.02.27 02:04:17.709,1.6441,1.64438,2.33,1.30
2014.02.27 02:04:17.759,1.6441,1.64438,1.20,1.68
2014.02.27 02:04:17.810,1.64406,1.64438,1.00,1.43
2014.02.27 02:04:17.961,1.64406,1.64437,1.38,1.20
2014.02.27 02:04:18.012,1.64406,1.6444,1.38,1.88
2014.02.27 02:04:18.112,1.64406,1.64444,1.38,1.90
2014.02.27 02:04:18.371,1.64406,1.64444,1.38,1.90
2014.02.27 02:04:18.598,1.64402,1.64443,1.13,1.15
2014.02.27 02:04:18.951,1.64407,1.64447,1.38,1.58
2014.02.27 02:04:19.141,1.64402,1.64444,1.50,1.15
2014.02.27 02:04:27.969,1.64404,1.64447,2.08,1.58
2014.02.27 02:04:32.046,1.64404,1.64448,2.08,1.50
2014.02.27 02:04:34.694,1.64407,1.64448,1.98,1.50
2014.02.27 02:04:34.845,1.64409,1.64453,1.05,2.25
2014.02.27 02:04:40.575,1.64417,1.64458,1.38,1.20
2014.02.27 02:04:40.626,1.64417,1.64458,1.98,1.20
2014.02.27 02:04:40.929,1.64427,1.64464,1.13,1.83
2014.02.27 02:04:42.131,1.64421,1.64464,1.35,1.83
2014.02.27 02:04:42.334,1.64432,1.64464,1.38,1.10
2014.02.27 02:04:42.384,1.64436,1.64475,2.08,1.20
2014.02.27 02:04:42.435,1.64436,1.64476,2.18,1.53
2014.02.27 02:04:42.536,1.64445,1.64481,1.00,1.88
2014.02.27 02:04:42.737,1.64441,1.64473,1.00,1.38
2014.02.27 02:04:42.907,1.64441,1.64473,1.18,1.38
2014.02.27 02:04:43.120,1.64441,1.64473,1.00,1.53
2014.02.27 02:04:44.340,1.64441,1.64463,1.00,1.00
2014.02.27 02:04:49.319,1.64441,1.64473,1.00,1.53
2014.02.27 02:04:49.976,1.64441,1.64473,1.00,1.53
2014.02.27 02:04:52.401,1.64441,1.64464,1.00,1.00
2014.02.27 02:04:52.603,1.64441,1.64473,1.00,1.53
2014.02.27 02:04:52.708,1.64441,1.64473,1.00,1.53
2014.02.27 02:05:01.891,1.64429,1.64473,1.95,1.53
2014.02.27 02:05:02.361,1.64426,1.64473,1.15,1.53
2014.02.27 02:05:02.412,1.64426,1.64454,1.53,1.00
2014.02.27 02:05:02.739,1.64427,1.64454,1.20,1.38
2014.02.27 02:05:04.560,1.64426,1.64454,1.53,1.38
2014.02.27 02:05:05.693,1.64426,1.64464,1.53,1.13
2014.02.27 02:05:14.909,1.64426,1.64464,1.15,1.13
2014.02.27 02:05:19.862,1.64426,1.64464,1.53,1.00
2014.02.27 02:05:20.869,1.64427,1.64472,1.53,1.20
2014.02.27 02:05:22.072,1.64426,1.64464,1.53,1.00
2014.02.27 02:05:22.172,1.64426,1.64464,1.53,1.00
2014.02.27 02:05:28.084,1.64426,1.64464,1.53,1.00
2014.02.27 02:05:29.102,1.64426,1.64464,1.53,1.00
2014.02.27 02:05:29.152,1.64427,1.64473,1.53,1.53
2014.02.27 02:05:29.432,1.64427,1.64473,1.53,1.53
2014.02.27 02:05:31.301,1.64427,1.64473,1.53,1.53
2014.02.27 02:05:31.632,1.64427,1.64473,1.15,1.53
2014.02.27 02:05:31.683,1.64426,1.64463,1.15,1.00
2014.02.27 02:05:45.809,1.64426,1.64463,1.20,1.00
2014.02.27 02:05:56.475,1.64422,1.64453,1.13,1.00
2014.02.27 02:05:56.811,1.64421,1.64453,1.80,1.00
2014.02.27 02:05:57.369,1.64414,1.64454,1.53,1.08
2014.02.27 02:06:00.971,1.64413,1.64454,1.05,1.15
2014.02.27 02:06:01.223,1.64409,1.64454,1.28,1.53
2014.02.27 02:06:01.375,1.64409,1.64452,1.13,1.20
2014.02.27 02:06:03.103,1.64409,1.64444,1.13,1.00
2014.02.27 02:06:04.993,1.64409,1.64444,1.38,1.00
2014.02.27 02:06:05.295,1.64409,1.64444,1.53,1.00
2014.02.27 02:06:06.428,1.64407,1.64444,1.13,1.00
2014.02.27 02:06:08.843,1.64406,1.64444,1.13,1.38
2014.02.27 02:06:09.193,1.64403,1.64444,2.18,1.38
2014.02.27 02:06:09.294,1.64405,1.64444,1.05,1.53
2014.02.27 02:06:11.581,1.64403,1.64433,1.55,1.00
2014.02.27 02:06:12.082,1.64398,1.64433,1.95,1.00
2014.02.27 02:06:17.324,1.64398,1.64433,1.28,1.00
2014.02.27 02:06:17.443,1.64398,1.64433,1.28,1.00
2014.02.27 02:06:19.639,1.64394,1.64433,1.13,1.10
2014.02.27 02:06:19.740,1.64389,1.64433,1.53,1.10
2014.02.27 02:06:24.691,1.64389,1.64433,1.53,1.10
2014.02.27 02:06:24.760,1.64389,1.64433,1.53,1.10
2014.02.27 02:06:25.138,1.64389,1.64434,1.53,1.55
2014.02.27 02:06:25.750,1.64389,1.64434,1.53,1.55
2014.02.27 02:06:25.975,1.64389,1.64434,1.53,1.55
2014.02.27 02:06:26.126,1.64389,1.64434,1.53,1.55
2014.02.27 02:06:30.050,1.64389,1.64423,1.53,1.00
2014.02.27 02:06:30.761,1.64389,1.64423,1.53,1.00
2014.02.27 02:06:31.700,1.64389,1.64434,1.53,1.90
2014.02.27 02:06:31.751,1.64389,1.64434,1.53,1.90
2014.02.27 02:06:31.821,1.64389,1.64434,1.53,1.65
2014.02.27 02:06:33.899,1.64386,1.64432,1.53,1.53
2014.02.27 02:06:40.995,1.64386,1.64429,1.53,1.15
2014.02.27 02:06:41.299,1.64378,1.64403,1.13,1.38
2014.02.27 02:06:41.400,1.64377,1.64403,1.48,1.38
2014.02.27 02:06:41.502,1.64377,1.64403,1.00,1.75
2014.02.27 02:06:41.704,1.64377,1.644,1.00,1.00
2014.02.27 02:06:41.955,1.64377,1.64411,1.38,1.20
2014.02.27 02:06:42.107,1.64377,1.64414,1.38,1.65
2014.02.27 02:06:42.207,1.64377,1.64414,1.53,1.00
2014.02.27 02:06:42.510,1.64377,1.64414,1.00,2.03
2014.02.27 02:06:42.818,1.64377,1.64421,1.15,2.33
2014.02.27 02:06:42.869,1.64377,1.64421,1.15,2.33
2014.02.27 02:06:43.171,1.64377,1.64413,1.00,1.58
2014.02.27 02:06:43.473,1.64378,1.64416,1.18,1.53
2014.02.27 02:06:43.574,1.64378,1.64419,1.18,1.55
2014.02.27 02:06:43.825,1.64378,1.64412,1.00,1.00
2014.02.27 02:06:43.876,1.64378,1.64411,1.60,1.38
2014.02.27 02:06:44.214,1.64397,1.64421,1.00,1.13
2014.02.27 02:06:44.519,1.64397,1.64416,1.00,1.95
2014.02.27 02:06:44.620,1.64377,1.64416,1.60,2.33
2014.02.27 02:06:44.670,1.64377,1.64416,2.48,1.95
2014.02.27 02:06:44.973,1.64384,1.64423,2.63,1.38
2014.02.27 02:06:45.637,1.64384,1.64423,2.63,1.38
2014.02.27 02:06:46.907,1.64384,1.64423,3.00,1.38
2014.02.27 02:06:47.250,1.64384,1.64421,2.25,1.38
2014.02.27 02:06:50.329,1.64379,1.64423,1.50,1.53
2014.02.27 02:06:57.131,1.64386,1.64425,1.00,1.53
2014.02.27 02:06:57.550,1.64379,1.64424,1.50,1.53
2014.02.27 02:06:57.635,1.64379,1.64424,1.50,1.53
2014.02.27 02:06:58.054,1.64387,1.64425,1.98,1.53
2014.02.27 02:06:58.392,1.64378,1.64413,1.90,1.13
2014.02.27 02:06:58.442,1.64378,1.64405,1.08,1.38
2014.02.27 02:06:58.493,1.64377,1.64405,1.50,1.38
2014.02.27 02:06:58.594,1.64378,1.64405,1.00,1.45
2014.02.27 02:06:58.796,1.64377,1.64413,1.58,1.45
2014.02.27 02:06:58.897,1.64377,1.64421,1.15,2.03
2014.02.27 02:06:59.360,1.64381,1.64421,2.48,1.53
2014.02.27 02:06:59.461,1.64381,1.64421,2.85,1.53
2014.02.27 02:06:59.664,1.64387,1.64421,1.80,1.20
2014.02.27 02:06:59.916,1.64387,1.64426,1.50,1.55
2014.02.27 02:07:00.118,1.64388,1.64426,2.18,1.55
2014.02.27 02:07:00.662,1.64392,1.64431,1.05,1.18
2014.02.27 02:07:02.418,1.64392,1.64431,1.05,1.55
2014.02.27 02:07:02.572,1.64393,1.64431,1.30,1.55
2014.02.27 02:07:02.622,1.64393,1.64431,1.30,1.55
2014.02.27 02:07:02.839,1.64393,1.64433,1.45,1.00
2014.02.27 02:07:02.890,1.64395,1.64433,1.13,1.00
2014.02.27 02:07:03.334,1.64395,1.64433,1.13,1.48
2014.02.27 02:07:03.435,1.64398,1.64437,1.05,1.53
2014.02.27 02:07:04.380,1.64397,1.64437,1.68,1.53
2014.02.27 02:07:32.469,1.64397,1.64437,1.75,1.48
2014.02.27 02:07:35.224,1.64388,1.64433,1.83,1.48
2014.02.27 02:07:35.278,1.64388,1.64433,1.58,1.55
2014.02.27 02:07:35.329,1.6438,1.64428,2.18,1.08
2014.02.27 02:07:35.480,1.64378,1.64384,1.00,1.00
2014.02.27 02:07:35.531,1.64377,1.64394,1.00,1.00
2014.02.27 02:07:35.632,1.64377,1.64408,1.00,1.50
2014.02.27 02:07:35.732,1.64377,1.6441,1.00,1.50
2014.02.27 02:07:35.833,1.64377,1.64411,1.00,1.18
2014.02.27 02:07:38.080,1.64377,1.64411,1.00,1.53
2014.02.27 02:07:38.498,1.64377,1.64403,1.00,1.00
2014.02.27 02:07:38.579,1.64377,1.64411,1.00,1.53
2014.02.27 02:07:38.884,1.64377,1.64411,1.00,1.53
2014.02.27 02:07:44.089,1.64377,1.64411,1.00,1.53
2014.02.27 02:07:47.829,1.64377,1.64411,1.00,1.53
2014.02.27 02:07:55.642,1.64377,1.64403,1.00,1.00
2014.02.27 02:07:55.850,1.64377,1.64411,1.00,1.53
2014.02.27 02:07:55.951,1.64378,1.64414,1.00,1.53
2014.02.27 02:07:56.849,1.64378,1.64414,1.00,1.53
2014.02.27 02:07:57.353,1.64378,1.64414,1.00,1.53
2014.02.27 02:07:59.270,1.64378,1.64414,1.00,1.53
2014.02.27 02:07:59.430,1.64377,1.64414,1.15,1.38
2014.02.27 02:07:59.622,1.64377,1.64414,1.15,1.00
2014.02.27 02:08:00.194,1.64377,1.64421,1.15,1.15
2014.02.27 02:08:06.008,1.64381,1.64423,1.00,2.25
2014.02.27 02:08:06.109,1.64381,1.64423,1.15,1.00
2014.02.27 02:08:06.310,1.64381,1.64423,1.18,1.08
2014.02.27 02:08:06.361,1.64381,1.64423,1.18,1.15
2014.02.27 02:08:12.463,1.64378,1.64419,1.18,1.08
2014.02.27 02:08:12.514,1.64378,1.64419,1.10,1.15
2014.02.27 02:08:12.788,1.64386,1.64419,1.00,1.15
2014.02.27 02:08:13.040,1.64386,1.64425,1.60,1.53
2014.02.27 02:08:13.344,1.64382,1.64413,2.55,1.00
2014.02.27 02:08:13.394,1.64378,1.64413,1.53,1.00
2014.02.27 02:08:13.498,1.64378,1.64413,1.15,1.00
2014.02.27 02:08:19.849,1.64378,1.64393,1.08,1.00
2014.02.27 02:08:20.000,1.64377,1.64383,1.00,1.00
2014.02.27 02:08:20.201,1.64357,1.64383,1.50,1.00
2014.02.27 02:08:20.302,1.64352,1.64378,1.50,1.00
2014.02.27 02:08:22.403,1.64352,1.64373,1.50,1.38
2014.02.27 02:08:22.503,1.64347,1.64373,1.50,1.38
2014.02.27 02:08:25.118,1.64347,1.64373,1.50,1.13
2014.02.27 02:08:25.421,1.64343,1.64373,1.50,1.13
2014.02.27 02:08:25.673,1.64343,1.64373,1.50,1.38
2014.02.27 02:08:25.724,1.64337,1.64373,2.10,1.38
2014.02.27 02:08:25.829,1.64332,1.64373,1.80,1.38
2014.02.27 02:08:25.930,1.6436,1.64373,1.00,1.00
2014.02.27 02:08:26.031,1.64337,1.64373,1.13,1.38
2014.02.27 02:08:26.233,1.64336,1.64364,1.13,1.38
2014.02.27 02:08:26.284,1.64337,1.64364,1.13,1.38
2014.02.27 02:08:26.385,1.64359,1.64364,1.00,1.13
2014.02.27 02:08:26.900,1.64337,1.64364,1.13,1.00
2014.02.27 02:08:27.001,1.64337,1.64364,1.13,1.00
2014.02.27 02:08:28.511,1.64338,1.64364,1.20,1.00
2014.02.27 02:08:28.612,1.64343,1.64364,1.08,1.00
2014.02.27 02:08:37.137,1.64343,1.64373,1.20,1.00
2014.02.27 02:08:37.530,1.64337,1.64383,1.95,1.55
2014.02.27 02:08:43.385,1.64336,1.64384,2.25,1.53
2014.02.27 02:08:43.435,1.64364,1.64374,1.00,1.38
2014.02.27 02:08:43.930,1.64364,1.64374,1.00,1.00
2014.02.27 02:08:43.981,1.64359,1.64374,1.00,1.00
2014.02.27 02:08:44.401,1.64355,1.64371,1.00,1.38
2014.02.27 02:08:44.698,1.64355,1.64371,1.00,1.53
2014.02.27 02:08:44.957,1.64333,1.64372,1.38,1.53
2014.02.27 02:08:45.159,1.64326,1.64372,2.25,1.53
2014.02.27 02:08:45.360,1.64336,1.64374,1.58,1.28
2014.02.27 02:08:45.511,1.64336,1.64374,1.53,1.00
2014.02.27 02:08:48.359,1.64337,1.64383,1.53,1.53
2014.02.27 02:08:48.460,1.64337,1.64383,1.53,1.53
2014.02.27 02:08:48.879,1.64339,1.64383,1.88,1.38
2014.02.27 02:08:49.544,1.6434,1.64383,1.20,1.38
2014.02.27 02:08:52.178,1.64339,1.64383,1.88,1.38
2014.02.27 02:08:53.175,1.64345,1.64383,1.15,1.00
2014.02.27 02:08:53.979,1.64345,1.64374,1.15,1.00
2014.02.27 02:08:54.378,1.64345,1.64374,1.53,1.00
2014.02.27 02:08:54.632,1.64345,1.64383,1.53,1.00
2014.02.27 02:08:55.987,1.64346,1.64389,1.55,1.53
2014.02.27 02:08:56.038,1.64346,1.64389,1.95,1.45
2014.02.27 02:08:56.089,1.64346,1.64394,2.63,2.40
2014.02.27 02:09:01.205,1.64346,1.64394,2.63,2.40
2014.02.27 02:09:01.403,1.64346,1.64392,1.28,1.58
2014.02.27 02:09:02.297,1.64346,1.64392,1.15,1.58
2014.02.27 02:09:02.878,1.64345,1.64373,1.15,1.00
2014.02.27 02:09:03.099,1.64345,1.64383,1.15,1.38
2014.02.27 02:09:03.653,1.64345,1.64383,1.10,1.55
2014.02.27 02:09:04.096,1.64339,1.64373,1.53,1.00
2014.02.27 02:09:04.474,1.64332,1.64373,1.20,1.00
2014.02.27 02:09:04.774,1.64336,1.64373,1.53,1.00
2014.02.27 02:09:04.937,1.64336,1.64373,1.53,1.00
2014.02.27 02:09:05.939,1.64331,1.64373,1.20,1.00
2014.02.27 02:09:06.552,1.6433,1.64373,1.65,1.15
2014.02.27 02:09:06.602,1.6433,1.64373,1.65,1.53
2014.02.27 02:09:09.357,1.64327,1.64373,1.83,1.58
2014.02.27 02:09:09.408,1.64332,1.64373,1.50,1.50
2014.02.27 02:09:09.832,1.64332,1.64363,2.25,1.00
2014.02.27 02:09:10.184,1.64332,1.64373,2.25,1.38
2014.02.27 02:09:10.455,1.64337,1.64379,1.15,1.53
2014.02.27 02:09:10.818,1.64337,1.64379,1.58,1.50
2014.02.27 02:09:11.141,1.64336,1.64373,1.50,1.13
2014.02.27 02:09:11.381,1.64332,1.64373,1.53,1.13
2014.02.27 02:09:15.176,1.64337,1.64373,1.20,1.00
2014.02.27 02:09:18.473,1.64335,1.64373,1.50,1.38
2014.02.27 02:09:23.232,1.64335,1.64373,1.50,1.38
2014.02.27 02:09:23.398,1.64332,1.64373,1.15,1.38
2014.02.27 02:09:23.824,1.64336,1.64373,1.83,1.38
2014.02.27 02:09:24.888,1.64338,1.64383,1.15,1.53
2014.02.27 02:09:24.995,1.64342,1.64383,1.15,1.45
2014.02.27 02:09:25.297,1.64342,1.64384,1.58,1.75
2014.02.27 02:09:25.582,1.64342,1.64384,1.15,1.90
2014.02.27 02:09:25.947,1.64342,1.64384,1.15,2.03
2014.02.27 02:09:28.697,1.64342,1.64384,1.15,1.15
2014.02.27 02:09:35.172,1.64342,1.64389,1.15,1.20
2014.02.27 02:09:35.223,1.64342,1.6439,1.15,1.53
2014.02.27 02:09:35.801,1.64349,1.64393,1.00,2.33
2014.02.27 02:09:35.852,1.64349,1.64393,1.15,1.90
2014.02.27 02:09:37.338,1.64349,1.64383,1.15,1.00
2014.02.27 02:09:37.657,1.64349,1.64393,1.53,1.53
2014.02.27 02:09:38.034,1.64353,1.64393,1.95,1.38
2014.02.27 02:09:38.842,1.64353,1.64393,1.58,1.38
2014.02.27 02:09:39.144,1.64353,1.64393,1.58,1.75
2014.02.27 02:09:39.246,1.64353,1.64393,1.15,1.83
2014.02.27 02:09:39.297,1.64348,1.64384,1.83,1.00
2014.02.27 02:09:39.887,1.64348,1.64384,1.83,1.38
2014.02.27 02:09:41.303,1.64348,1.64384,1.15,1.38
2014.02.27 02:09:41.910,1.64348,1.64384,1.28,1.13
2014.02.27 02:09:42.062,1.64349,1.64394,1.20,2.33
2014.02.27 02:09:42.163,1.64349,1.64394,1.50,1.95
2014.02.27 02:09:43.696,1.64349,1.64394,1.88,1.58
2014.02.27 02:09:43.796,1.64349,1.64394,1.50,1.58
2014.02.27 02:09:44.098,1.64349,1.64394,1.50,1.58
2014.02.27 02:09:44.726,1.64349,1.64384,1.50,1.38
2014.02.27 02:09:45.041,1.64349,1.64374,1.50,1.00
2014.02.27 02:09:45.147,1.64348,1.64384,1.15,1.38
2014.02.27 02:09:45.197,1.64348,1.64384,1.58,1.38
2014.02.27 02:09:45.248,1.64348,1.64384,2.25,1.00
2014.02.27 02:09:45.741,1.64351,1.64384,1.83,1.00
2014.02.27 02:09:46.275,1.64354,1.64384,1.50,1.00
2014.02.27 02:09:46.426,1.64349,1.64384,1.50,1.00
2014.02.27 02:09:48.865,1.64349,1.64393,1.50,1.48
2014.02.27 02:09:48.966,1.64349,1.64393,1.50,1.48
2014.02.27 02:09:49.280,1.64349,1.64393,1.50,1.48
2014.02.27 02:09:52.948,1.64358,1.644,1.00,1.20
2014.02.27 02:09:53.049,1.6436,1.644,1.00,1.20
2014.02.27 02:09:53.351,1.64363,1.64393,1.83,1.38
2014.02.27 02:09:53.463,1.64363,1.64393,1.83,1.00
2014.02.27 02:09:54.012,1.64363,1.64403,1.83,1.38
2014.02.27 02:09:54.528,1.64363,1.64403,1.10,1.53
2014.02.27 02:09:56.299,1.64363,1.64403,1.18,1.45
2014.02.27 02:09:56.807,1.64363,1.64403,1.15,1.38
2014.02.27 02:10:00.088,1.64363,1.64403,1.83,1.38
2014.02.27 02:10:00.189,1.64365,1.64403,1.50,1.38
2014.02.27 02:10:00.609,1.64366,1.64403,1.20,1.00
2014.02.27 02:10:01.046,1.64365,1.64403,1.50,1.38
2014.02.27 02:10:01.476,1.64365,1.64403,1.50,1.38
2014.02.27 02:10:05.181,1.64365,1.64393,1.50,1.00
2014.02.27 02:10:05.484,1.64357,1.64393,3.75,1.00
2014.02.27 02:10:05.808,1.64357,1.64394,1.65,1.38
2014.02.27 02:10:05.909,1.64357,1.64394,1.50,1.55
2014.02.27 02:10:06.769,1.64349,1.64394,1.95,1.55
2014.02.27 02:10:06.870,1.64349,1.64394,1.95,1.28
2014.02.27 02:10:07.756,1.64357,1.64398,1.00,1.53
2014.02.27 02:10:08.058,1.64347,1.64392,1.53,1.53
2014.02.27 02:10:09.397,1.64348,1.64392,1.53,1.15
2014.02.27 02:10:09.740,1.64348,1.64392,1.53,1.15
2014.02.27 02:10:10.101,1.6435,1.64394,1.53,1.18
2014.02.27 02:10:10.202,1.64356,1.64394,1.48,1.18
2014.02.27 02:10:10.252,1.64356,1.64394,1.45,1.10
2014.02.27 02:10:12.222,1.64363,1.64394,1.13,1.00
2014.02.27 02:10:12.838,1.64363,1.64403,1.20,1.38
2014.02.27 02:10:12.989,1.64368,1.64403,1.08,1.38
2014.02.27 02:10:13.431,1.64367,1.64393,1.50,1.00
2014.02.27 02:10:14.286,1.64363,1.64393,1.53,1.00
2014.02.27 02:10:16.143,1.64363,1.64393,1.38,1.00
2014.02.27 02:10:17.114,1.64362,1.64393,1.53,1.00
2014.02.27 02:10:21.086,1.64362,1.64404,1.53,1.53
2014.02.27 02:10:21.205,1.64362,1.64404,1.53,1.15
2014.02.27 02:10:24.077,1.64362,1.64404,1.53,1.15
2014.02.27 02:10:26.154,1.64362,1.64404,1.53,1.28
2014.02.27 02:10:28.262,1.64363,1.64404,1.20,1.13
2014.02.27 02:10:40.243,1.64363,1.64404,1.20,1.38
2014.02.27 02:10:41.128,1.64363,1.64394,1.20,1.00
2014.02.27 02:10:41.430,1.64357,1.64384,2.25,1.38
2014.02.27 02:10:42.700,1.64357,1.64402,1.15,1.50
2014.02.27 02:10:47.463,1.64356,1.64402,2.03,1.50
2014.02.27 02:10:47.768,1.64356,1.64402,2.70,1.43
2014.02.27 02:10:48.396,1.64357,1.64402,1.20,1.43
2014.02.27 02:10:52.856,1.64361,1.64402,1.50,1.35
2014.02.27 02:10:53.145,1.64358,1.64402,1.58,1.43
2014.02.27 02:10:54.940,1.64364,1.64408,1.08,1.20
2014.02.27 02:10:55.041,1.64364,1.64408,1.15,1.20
2014.02.27 02:10:55.091,1.64364,1.64411,1.15,2.03
2014.02.27 02:10:55.203,1.64364,1.64413,1.15,1.53
2014.02.27 02:10:56.020,1.64366,1.64413,1.20,1.55
2014.02.27 02:10:56.274,1.64371,1.64413,1.00,1.20
2014.02.27 02:10:56.366,1.64371,1.64413,1.00,1.20
2014.02.27 02:10:56.697,1.64371,1.64418,1.15,1.90
2014.02.27 02:10:59.568,1.64371,1.64418,1.15,1.90
2014.02.27 02:10:59.670,1.64371,1.64414,1.08,2.33
2014.02.27 02:11:01.345,1.64364,1.64411,1.83,1.20
2014.02.27 02:11:01.396,1.64364,1.64411,1.15,1.88
2014.02.27 02:11:02.586,1.6437,1.64411,1.00,1.88
2014.02.27 02:11:02.889,1.64376,1.64414,1.08,1.08
2014.02.27 02:11:02.939,1.64376,1.64418,1.15,1.53
2014.02.27 02:11:02.990,1.64376,1.64418,1.15,1.53
2014.02.27 02:11:03.618,1.64371,1.64416,1.15,1.20
2014.02.27 02:11:08.953,1.64371,1.64416,1.15,1.20
2014.02.27 02:11:12.889,1.64371,1.64416,1.15,1.20
2014.02.27 02:11:13.142,1.64362,1.64403,1.53,1.38
2014.02.27 02:11:13.343,1.64362,1.64403,1.10,1.53
2014.02.27 02:11:13.444,1.64362,1.64403,1.10,1.53
2014.02.27 02:11:14.315,1.64362,1.64403,1.10,1.65
2014.02.27 02:11:15.856,1.64362,1.64403,1.10,1.65
2014.02.27 02:11:16.359,1.64362,1.64403,1.10,1.65
2014.02.27 02:11:16.517,1.64362,1.64403,1.10,1.65
2014.02.27 02:11:16.668,1.64362,1.64403,1.10,1.65
2014.02.27 02:11:18.276,1.64362,1.64403,1.10,1.65
2014.02.27 02:11:23.997,1.64362,1.64403,1.10,1.65
2014.02.27 02:11:25.020,1.64362,1.64403,1.10,1.65
2014.02.27 02:11:26.306,1.64357,1.64403,1.15,1.65
2014.02.27 02:11:26.984,1.64357,1.64403,1.15,1.65
2014.02.27 02:11:28.507,1.64362,1.64403,1.10,1.65
2014.02.27 02:11:31.585,1.64362,1.64403,1.10,1.65
2014.02.27 02:11:31.887,1.64362,1.64393,1.00,1.38
2014.02.27 02:11:31.938,1.64362,1.64393,1.00,1.38
2014.02.27 02:11:32.290,1.64362,1.64401,1.13,1.20
2014.02.27 02:11:32.391,1.64368,1.64403,1.00,1.53
2014.02.27 02:11:32.736,1.64368,1.64403,1.00,1.53
2014.02.27 02:11:32.837,1.64368,1.64411,1.00,1.88
2014.02.27 02:11:32.938,1.64375,1.64411,1.00,1.88
2014.02.27 02:11:33.038,1.6438,1.64403,1.00,1.00
2014.02.27 02:11:37.766,1.6438,1.64404,1.00,1.38
2014.02.27 02:11:38.409,1.6438,1.64404,1.00,1.38
2014.02.27 02:11:39.746,1.6438,1.64404,1.00,1.38
2014.02.27 02:11:39.847,1.64373,1.64404,1.00,1.38
2014.02.27 02:11:40.301,1.64367,1.64404,1.28,1.48
2014.02.27 02:11:40.404,1.6436,1.64394,2.33,1.00
2014.02.27 02:11:40.774,1.6436,1.64384,1.45,1.00
2014.02.27 02:11:40.875,1.6436,1.64393,1.45,1.00
2014.02.27 02:11:43.928,1.6436,1.64393,1.45,1.00
2014.02.27 02:11:44.129,1.6436,1.64393,1.45,1.00
2014.02.27 02:11:44.180,1.6436,1.64383,1.45,1.00
2014.02.27 02:11:44.396,1.6436,1.64394,1.45,1.00
2014.02.27 02:11:45.596,1.6436,1.64376,1.45,1.00
2014.02.27 02:11:45.697,1.64354,1.64374,1.13,1.00
2014.02.27 02:11:45.798,1.64354,1.64385,1.13,1.10
2014.02.27 02:11:45.925,1.64354,1.64392,1.38,1.58
2014.02.27 02:11:46.227,1.64356,1.64394,1.38,1.83
2014.02.27 02:11:46.277,1.64356,1.64394,1.38,1.15
2014.02.27 02:11:46.378,1.64356,1.64394,1.45,1.08
2014.02.27 02:11:46.776,1.64356,1.64394,1.45,1.15
2014.02.27 02:11:46.877,1.64356,1.64394,1.38,1.95
2014.02.27 02:11:47.456,1.64356,1.64394,1.38,1.58
2014.02.27 02:11:48.011,1.64352,1.64394,1.75,1.95
2014.02.27 02:11:48.112,1.64352,1.64394,1.90,1.28
2014.02.27 02:11:48.363,1.64352,1.64383,1.53,1.00
2014.02.27 02:11:48.416,1.64352,1.64383,1.53,1.00
2014.02.27 02:11:48.776,1.64352,1.64383,1.53,1.13
2014.02.27 02:11:48.877,1.64352,1.64383,1.00,1.38
2014.02.27 02:11:49.410,1.64352,1.64383,1.30,1.00
2014.02.27 02:11:49.511,1.64356,1.64383,1.38,1.00
2014.02.27 02:11:49.662,1.64354,1.64383,1.30,1.00
2014.02.27 02:11:50.002,1.64349,1.64383,1.45,1.38
2014.02.27 02:11:50.103,1.64349,1.64383,1.40,1.38
2014.02.27 02:11:51.215,1.64349,1.64383,1.48,1.38
2014.02.27 02:11:52.816,1.64349,1.64383,1.20,1.38
2014.02.27 02:11:52.967,1.64349,1.64383,1.48,1.38
2014.02.27 02:11:53.279,1.64349,1.64383,1.00,1.53
2014.02.27 02:11:55.015,1.64349,1.64383,1.00,1.53
2014.02.27 02:11:57.315,1.64349,1.64383,1.60,1.53
2014.02.27 02:11:57.466,1.64349,1.64387,1.60,1.88
2014.02.27 02:11:58.201,1.64349,1.64393,1.60,1.88
2014.02.27 02:11:58.252,1.64356,1.64393,1.00,1.88
2014.02.27 02:11:58.605,1.64358,1.64397,1.00,1.20
2014.02.27 02:12:00.103,1.64358,1.64393,1.38,1.15
2014.02.27 02:12:00.204,1.64373,1.64393,1.00,1.15
2014.02.27 02:12:00.254,1.64373,1.64393,1.38,1.00
2014.02.27 02:12:00.305,1.64378,1.64402,1.00,1.58
2014.02.27 02:12:00.438,1.64378,1.64404,1.00,1.38
2014.02.27 02:12:00.589,1.64378,1.64404,1.15,1.38
2014.02.27 02:12:00.741,1.64385,1.64413,1.00,1.38
2014.02.27 02:12:00.842,1.64385,1.64413,1.55,1.38
2014.02.27 02:12:00.892,1.644,1.64424,1.00,1.75
2014.02.27 02:12:00.994,1.644,1.64424,1.00,1.00
2014.02.27 02:12:01.095,1.64407,1.64433,1.00,1.53
2014.02.27 02:12:01.296,1.64407,1.64433,1.00,1.00
2014.02.27 02:12:01.448,1.64411,1.64443,1.00,2.33
2014.02.27 02:12:01.498,1.64411,1.64443,1.00,1.65
2014.02.27 02:12:01.700,1.64411,1.64443,1.38,1.50
2014.02.27 02:12:01.750,1.64423,1.64443,1.00,1.50
2014.02.27 02:12:01.886,1.64423,1.64443,1.00,1.13
2014.02.27 02:12:02.330,1.64423,1.64443,1.00,1.38
2014.02.27 02:12:03.616,1.64416,1.64429,1.00,1.00
2014.02.27 02:12:03.867,1.6441,1.64424,1.00,1.00
2014.02.27 02:12:04.957,1.64405,1.64424,1.00,1.00
2014.02.27 02:12:05.158,1.64405,1.64434,1.00,1.98
2014.02.27 02:12:05.209,1.64405,1.64434,1.00,1.98
2014.02.27 02:12:05.360,1.64398,1.64432,1.15,1.35
2014.02.27 02:12:05.410,1.64398,1.64423,1.15,1.38
2014.02.27 02:12:05.511,1.64398,1.64423,1.00,1.38
2014.02.27 02:12:05.624,1.64398,1.64423,1.00,1.00
2014.02.27 02:12:05.784,1.64398,1.64423,1.00,1.38
2014.02.27 02:12:06.616,1.64398,1.64413,1.00,1.00
2014.02.27 02:12:06.836,1.64393,1.64413,1.00,1.00
2014.02.27 02:12:07.588,1.64393,1.64423,1.00,1.53
2014.02.27 02:12:07.917,1.64393,1.64423,1.00,1.38
2014.02.27 02:12:08.925,1.64393,1.64423,1.00,1.38
2014.02.27 02:12:09.177,1.64393,1.64423,1.00,1.13
2014.02.27 02:12:09.378,1.64393,1.64423,1.00,1.38
2014.02.27 02:12:09.738,1.64393,1.64423,1.00,1.38
2014.02.27 02:12:10.396,1.64393,1.64431,1.00,1.20
2014.02.27 02:12:10.447,1.64399,1.64431,1.00,1.20
2014.02.27 02:12:10.548,1.64399,1.64437,1.00,1.58
2014.02.27 02:12:11.859,1.64399,1.64424,1.00,1.00
2014.02.27 02:12:12.010,1.64389,1.64424,1.00,1.85
2014.02.27 02:12:12.060,1.64389,1.64422,1.00,1.50
2014.02.27 02:12:12.111,1.6438,1.64422,1.75,1.58
2014.02.27 02:12:12.345,1.6438,1.64422,1.00,1.58
2014.02.27 02:12:12.454,1.6438,1.64414,1.38,1.00
2014.02.27 02:12:13.657,1.6438,1.64414,1.00,1.38
2014.02.27 02:12:13.758,1.64375,1.64414,1.00,1.53
2014.02.27 02:12:13.808,1.64375,1.64412,1.00,1.20
2014.02.27 02:12:13.959,1.64369,1.64412,1.00,1.20
2014.02.27 02:12:14.010,1.64369,1.64405,1.00,1.13
2014.02.27 02:12:14.864,1.64369,1.64404,1.00,1.45
2014.02.27 02:12:16.696,1.64369,1.64394,1.00,1.00
2014.02.27 02:12:18.784,1.64369,1.64403,1.00,1.48
2014.02.27 02:12:20.254,1.64369,1.64403,1.00,1.48
2014.02.27 02:12:24.434,1.64369,1.64403,1.00,1.48
2014.02.27 02:12:27.151,1.64375,1.64403,1.00,1.48
2014.02.27 02:12:28.085,1.64375,1.64403,1.00,1.10
2014.02.27 02:12:28.137,1.64384,1.6441,1.00,1.20
2014.02.27 02:12:28.439,1.64384,1.64413,1.00,1.38
2014.02.27 02:12:28.649,1.64384,1.64417,1.00,1.38
2014.02.27 02:12:28.800,1.6439,1.64421,1.00,1.20
2014.02.27 02:12:28.951,1.6439,1.64423,1.00,1.50
2014.02.27 02:12:29.203,1.6439,1.64431,1.00,1.68
2014.02.27 02:12:31.474,1.6439,1.64431,1.00,1.95
2014.02.27 02:12:32.927,1.6439,1.64431,1.00,1.95
2014.02.27 02:12:33.345,1.6439,1.64431,1.00,1.20
2014.02.27 02:12:34.924,1.6439,1.64423,1.00,1.13
2014.02.27 02:12:35.874,1.6439,1.64431,1.38,1.20
2014.02.27 02:12:36.135,1.6439,1.64431,1.38,1.20
2014.02.27 02:12:36.314,1.6439,1.64432,1.38,1.88
2014.02.27 02:12:37.259,1.6439,1.64432,1.45,1.20
2014.02.27 02:12:37.310,1.6439,1.64433,1.55,1.53
2014.02.27 02:12:38.364,1.6439,1.64423,1.55,1.00
2014.02.27 02:12:38.414,1.6439,1.64423,1.18,1.38
2014.02.27 02:12:38.854,1.64393,1.64433,2.10,1.53
2014.02.27 02:12:39.005,1.64395,1.64433,1.60,1.53
2014.02.27 02:12:39.207,1.64395,1.64433,2.55,1.45
2014.02.27 02:12:39.285,1.64395,1.64433,2.55,1.45
2014.02.27 02:12:39.985,1.64396,1.64433,1.05,1.38
2014.02.27 02:12:51.495,1.64407,1.64433,1.00,1.38
2014.02.27 02:12:51.599,1.64398,1.64433,1.88,1.38
2014.02.27 02:12:51.700,1.644,1.64433,1.08,1.38
2014.02.27 02:12:51.858,1.64398,1.64433,1.35,1.38
2014.02.27 02:12:52.205,1.64398,1.64433,1.35,1.38
2014.02.27 02:12:52.634,1.64398,1.64433,1.00,1.38
2014.02.27 02:12:52.886,1.64391,1.64423,1.00,1.38
2014.02.27 02:12:52.987,1.64384,1.64423,1.50,1.53
2014.02.27 02:12:53.462,1.6439,1.64423,1.00,1.53
2014.02.27 02:12:54.237,1.64383,1.64423,1.80,1.53
2014.02.27 02:12:58.159,1.6438,1.6442,2.10,1.20
2014.02.27 02:13:10.624,1.64381,1.64422,1.68,1.20
2014.02.27 02:13:10.725,1.6439,1.64423,1.00,1.53
2014.02.27 02:13:11.075,1.6439,1.64423,1.00,1.38
2014.02.27 02:13:11.392,1.64382,1.64414,1.28,1.38
2014.02.27 02:13:11.443,1.64382,1.64414,1.15,1.38
2014.02.27 02:13:11.595,1.64373,1.64414,2.93,1.53
2014.02.27 02:13:11.874,1.64373,1.64414,1.10,1.65
2014.02.27 02:13:12.025,1.64368,1.64404,1.18,1.38
2014.02.27 02:13:12.277,1.64366,1.64404,1.60,1.53
2014.02.27 02:13:12.428,1.64366,1.64404,1.60,1.53
2014.02.27 02:13:12.613,1.64366,1.64404,1.60,1.53
2014.02.27 02:13:12.723,1.64366,1.64404,1.60,1.53
2014.02.27 02:13:13.274,1.64366,1.64404,1.60,1.53
2014.02.27 02:13:13.856,1.64366,1.64404,1.60,1.53
2014.02.27 02:13:13.957,1.64366,1.64404,1.60,1.53
2014.02.27 02:13:15.057,1.64375,1.64408,2.10,1.20
2014.02.27 02:13:15.158,1.64375,1.64412,2.10,2.63
2014.02.27 02:13:16.133,1.64375,1.64412,2.10,2.63
2014.02.27 02:13:16.234,1.6437,1.64412,1.13,2.63
2014.02.27 02:13:19.534,1.64372,1.64412,2.10,2.63
2014.02.27 02:13:19.685,1.64377,1.64412,1.00,1.88
2014.02.27 02:13:19.736,1.64383,1.64412,1.00,1.20
2014.02.27 02:13:19.786,1.64383,1.64416,1.00,1.20
2014.02.27 02:13:20.120,1.64383,1.64423,1.18,1.53
2014.02.27 02:13:21.532,1.64388,1.64423,1.10,1.45
2014.02.27 02:13:24.274,1.64388,1.64433,1.20,3.00
2014.02.27 02:13:30.433,1.64388,1.64423,1.20,1.38
2014.02.27 02:13:35.603,1.64388,1.64433,1.20,3.00
2014.02.27 02:13:35.823,1.64388,1.64423,1.20,1.38
2014.02.27 02:13:36.486,1.64388,1.64414,1.20,1.38
2014.02.27 02:13:36.587,1.64381,1.64414,1.20,1.38
2014.02.27 02:13:37.386,1.64381,1.64414,1.20,1.38
2014.02.27 02:13:39.356,1.64381,1.64414,1.20,1.38
2014.02.27 02:13:39.457,1.64381,1.64423,1.20,1.53
2014.02.27 02:13:39.608,1.64381,1.64423,1.20,1.53
2014.02.27 02:13:39.659,1.64386,1.64426,1.00,1.88
2014.02.27 02:13:39.759,1.64381,1.64423,1.20,1.53
2014.02.27 02:13:39.810,1.64381,1.64423,1.20,1.53
2014.02.27 02:13:41.001,1.64388,1.64414,1.00,1.38
2014.02.27 02:13:41.323,1.64388,1.64423,1.10,1.38
2014.02.27 02:13:42.892,1.64388,1.64423,1.10,1.38
2014.02.27 02:13:42.942,1.64393,1.64423,1.00,1.38
2014.02.27 02:13:45.209,1.64393,1.64438,1.20,1.88
2014.02.27 02:13:48.613,1.64393,1.64438,1.20,1.88
2014.02.27 02:13:51.033,1.64393,1.64438,1.20,1.88
2014.02.27 02:13:51.552,1.64393,1.64438,1.20,2.63
2014.02.27 02:13:54.812,1.64397,1.64437,1.00,1.53
2014.02.27 02:13:54.964,1.64399,1.64438,1.00,1.88
2014.02.27 02:13:55.065,1.64399,1.64443,1.00,2.63
2014.02.27 02:13:55.223,1.64399,1.64443,1.38,2.63
2014.02.27 02:13:56.440,1.64406,1.64443,2.48,2.25
2014.02.27 02:13:56.491,1.64408,1.64443,1.98,1.00
2014.02.27 02:13:56.591,1.64413,1.64443,1.08,1.00
2014.02.27 02:13:56.933,1.64419,1.64453,1.00,1.53
2014.02.27 02:13:57.633,1.64419,1.64453,1.20,1.38
2014.02.27 02:13:58.439,1.64419,1.64443,1.20,1.00
2014.02.27 02:13:58.749,1.64412,1.64443,1.28,1.00
2014.02.27 02:14:04.052,1.64412,1.64453,1.18,1.53
2014.02.27 02:14:04.387,1.64417,1.64453,1.00,1.53
2014.02.27 02:14:05.076,1.64417,1.64453,1.15,1.38
2014.02.27 02:14:06.776,1.64417,1.64453,1.15,1.38
2014.02.27 02:14:07.080,1.64417,1.64453,1.00,1.53
2014.02.27 02:14:09.394,1.64417,1.64453,1.00,1.53
2014.02.27 02:14:09.727,1.64417,1.64453,1.00,1.53
2014.02.27 02:14:10.292,1.64417,1.64453,1.00,1.53
2014.02.27 02:14:26.501,1.64417,1.64453,1.08,1.45
2014.02.27 02:14:27.344,1.64417,1.64453,1.15,1.38
2014.02.27 02:14:27.802,1.64417,1.64453,1.00,1.53
2014.02.27 02:14:35.631,1.64427,1.64457,1.00,1.20
2014.02.27 02:14:35.682,1.64427,1.64458,1.00,1.88
2014.02.27 02:14:35.791,1.64427,1.64463,1.00,2.63
2014.02.27 02:14:36.481,1.64427,1.64463,1.38,2.25
2014.02.27 02:14:36.816,1.64434,1.64463,1.60,2.25
2014.02.27 02:14:37.017,1.64434,1.64473,1.98,2.25
2014.02.27 02:14:37.118,1.64434,1.64473,2.08,1.15
2014.02.27 02:14:37.379,1.64437,1.64473,2.48,1.15
2014.02.27 02:14:37.530,1.64441,1.64484,1.73,1.90
2014.02.27 02:14:37.631,1.64441,1.64474,1.73,1.00
2014.02.27 02:14:37.681,1.64441,1.64474,1.35,1.00
2014.02.27 02:14:37.782,1.64441,1.64474,1.35,1.08
2014.02.27 02:14:38.093,1.64441,1.64474,1.35,1.00
2014.02.27 02:14:38.812,1.64441,1.64482,1.35,1.53
2014.02.27 02:14:39.375,1.64441,1.64474,1.35,1.00
2014.02.27 02:14:43.205,1.64441,1.64474,1.43,1.00
2014.02.27 02:14:43.356,1.64441,1.64483,1.88,1.53
2014.02.27 02:14:44.893,1.64441,1.64473,1.88,1.00
2014.02.27 02:14:45.095,1.64441,1.64473,1.80,1.00
2014.02.27 02:14:49.354,1.6446,1.64473,2.10,1.00
2014.02.27 02:14:49.455,1.6446,1.64484,2.10,2.33
2014.02.27 02:14:49.506,1.64469,1.64484,2.10,1.83
2014.02.27 02:14:49.557,1.64469,1.64484,2.48,1.00
2014.02.27 02:14:49.657,1.64457,1.64484,1.00,1.00
2014.02.27 02:14:49.758,1.64455,1.64484,1.00,1.38
2014.02.27 02:14:49.809,1.64448,1.64484,1.08,1.45
2014.02.27 02:14:49.909,1.64443,1.64474,2.18,1.08
2014.02.27 02:14:50.562,1.64442,1.64474,2.10,1.53
2014.02.27 02:14:50.864,1.64443,1.64483,1.98,1.15
2014.02.27 02:14:50.965,1.64443,1.64483,1.98,1.15
2014.02.27 02:14:51.728,1.64449,1.64487,1.00,1.88
2014.02.27 02:14:51.879,1.64449,1.64493,1.00,1.20
2014.02.27 02:14:51.941,1.64449,1.64493,1.13,1.20
2014.02.27 02:14:53.093,1.64452,1.64493,2.10,1.20
2014.02.27 02:14:53.345,1.64452,1.64494,2.63,1.53
2014.02.27 02:14:56.809,1.64452,1.64494,2.25,1.53
2014.02.27 02:15:00.433,1.64453,1.64494,1.80,1.53
2014.02.27 02:15:01.432,1.64453,1.64493,1.68,1.53
2014.02.27 02:15:02.243,1.64452,1.64484,2.10,1.00
2014.02.27 02:15:09.433,1.64452,1.64484,2.10,1.38
2014.02.27 02:15:10.071,1.64452,1.64484,2.10,1.38
2014.02.27 02:15:12.182,1.64452,1.64484,2.10,1.00
2014.02.27 02:15:12.563,1.64464,1.64484,2.10,1.00
2014.02.27 02:15:12.664,1.64464,1.64493,2.10,1.38
2014.02.27 02:15:12.765,1.64464,1.64493,2.10,1.00
2014.02.27 02:15:12.815,1.64464,1.64483,2.10,1.00
2014.02.27 02:15:13.133,1.64464,1.64501,3.60,1.20
2014.02.27 02:15:13.184,1.64469,1.64502,1.35,1.50
2014.02.27 02:15:13.285,1.64473,1.64502,1.00,1.50
2014.02.27 02:15:13.451,1.64473,1.64504,1.13,1.15
2014.02.27 02:15:13.502,1.64473,1.64504,1.50,1.15
2014.02.27 02:15:13.755,1.64463,1.64503,1.98,1.20
2014.02.27 02:15:15.433,1.64463,1.64504,1.00,1.88
2014.02.27 02:15:16.024,1.64463,1.64503,1.00,1.20
2014.02.27 02:15:16.526,1.64463,1.64503,1.00,1.20
2014.02.27 02:15:18.611,1.64457,1.64502,1.18,1.53
2014.02.27 02:15:18.662,1.64457,1.64498,1.08,1.20
2014.02.27 02:15:18.846,1.64453,1.64496,1.20,1.20
2014.02.27 02:15:19.148,1.64449,1.64494,1.13,2.03
2014.02.27 02:15:19.252,1.64446,1.6449,1.05,1.20
2014.02.27 02:15:19.770,1.64446,1.6449,1.05,1.20
2014.02.27 02:15:20.353,1.64446,1.6449,1.05,1.20
2014.02.27 02:15:21.000,1.64451,1.6449,1.00,1.20
2014.02.27 02:15:21.152,1.64451,1.64495,1.08,1.20
2014.02.27 02:15:22.116,1.64451,1.64495,1.08,1.20
2014.02.27 02:15:23.334,1.64451,1.64495,1.08,1.20
2014.02.27 02:15:23.952,1.64451,1.64495,1.08,1.20
2014.02.27 02:15:25.523,1.64451,1.64493,1.08,1.53
2014.02.27 02:15:25.601,1.64451,1.64493,1.08,1.53
2014.02.27 02:15:25.736,1.64451,1.64493,1.08,1.53
2014.02.27 02:15:29.272,1.64447,1.64493,1.75,1.53
2014.02.27 02:15:29.423,1.64447,1.64489,1.70,1.20
2014.02.27 02:15:35.406,1.64447,1.64489,1.70,1.20
2014.02.27 02:15:39.621,1.64445,1.64483,2.44,1.18
2014.02.27 02:15:39.722,1.64445,1.64483,2.07,1.55
2014.02.27 02:15:40.125,1.64445,1.64483,1.43,1.53
2014.02.27 02:15:40.176,1.64445,1.64483,1.35,1.53
2014.02.27 02:15:48.702,1.64445,1.64483,1.35,1.53
2014.02.27 02:15:49.293,1.64445,1.6448,1.35,1.20
2014.02.27 02:15:51.032,1.64445,1.6448,1.35,1.20
2014.02.27 02:15:51.183,1.64445,1.64483,1.35,1.53
2014.02.27 02:15:51.356,1.64445,1.64483,1.35,1.53
2014.02.27 02:15:51.911,1.64445,1.64483,1.35,1.53
2014.02.27 02:15:52.447,1.64445,1.64483,1.35,1.53
2014.02.27 02:15:57.351,1.64447,1.64485,1.00,1.20
2014.02.27 02:15:57.553,1.64447,1.6449,1.75,1.20
2014.02.27 02:15:58.445,1.64451,1.6449,1.00,1.20
2014.02.27 02:16:00.347,1.6445,1.6449,1.13,1.20
2014.02.27 02:16:01.106,1.64451,1.6449,1.00,1.20
2014.02.27 02:16:03.670,1.64456,1.6449,1.00,1.20
2014.02.27 02:16:03.841,1.64451,1.6449,1.00,1.20
2014.02.27 02:16:04.009,1.64451,1.64493,1.00,1.53
2014.02.27 02:16:04.831,1.6445,1.64493,1.28,1.53
2014.02.27 02:16:04.882,1.6445,1.64493,1.28,1.53
2014.02.27 02:16:05.341,1.64451,1.64493,2.10,1.53
2014.02.27 02:16:07.401,1.64451,1.64493,2.10,1.53
2014.02.27 02:16:14.551,1.64452,1.64493,1.60,1.53
2014.02.27 02:16:14.804,1.64452,1.64493,1.60,1.53
2014.02.27 02:16:16.051,1.64457,1.64493,1.00,1.53
2014.02.27 02:16:16.360,1.64457,1.6449,1.00,1.88
2014.02.27 02:16:16.411,1.64447,1.64483,1.50,1.58
2014.02.27 02:16:17.963,1.64447,1.64483,1.88,1.20
2014.02.27 02:16:18.473,1.64447,1.64483,1.50,1.58
2014.02.27 02:16:20.849,1.64447,1.64483,1.50,1.58
2014.02.27 02:16:21.178,1.64447,1.64473,1.00,1.00
2014.02.27 02:16:24.191,1.64447,1.64483,1.50,1.58
2014.02.27 02:16:24.242,1.64447,1.64483,1.50,1.58
2014.02.27 02:16:24.343,1.64447,1.64483,1.50,1.58
2014.02.27 02:16:27.781,1.64447,1.64483,1.50,1.58
2014.02.27 02:16:27.882,1.64447,1.64483,1.50,1.58
2014.02.27 02:16:27.983,1.64447,1.64483,1.50,1.58
2014.02.27 02:16:28.801,1.64447,1.64483,3.60,1.58
2014.02.27 02:16:28.852,1.64447,1.6449,3.23,1.88
2014.02.27 02:16:29.402,1.64447,1.6449,3.23,1.88
2014.02.27 02:16:31.381,1.6445,1.64494,1.13,2.03
2014.02.27 02:16:31.894,1.64452,1.64494,1.35,2.03
2014.02.27 02:16:32.471,1.64453,1.64494,1.00,2.03
2014.02.27 02:16:39.032,1.64452,1.64494,1.35,2.03
2014.02.27 02:16:39.740,1.64452,1.64494,1.35,2.03
2014.02.27 02:16:39.891,1.64452,1.64484,1.00,1.38
2014.02.27 02:16:39.942,1.64447,1.64484,1.08,1.45
2014.02.27 02:16:40.074,1.64447,1.64484,1.00,1.53
2014.02.27 02:16:43.150,1.64447,1.64484,1.00,1.53
2014.02.27 02:16:45.701,1.64447,1.64484,1.18,1.38
2014.02.27 02:16:58.894,1.64447,1.64483,1.18,1.38
2014.02.27 02:16:59.326,1.6444,1.64483,1.75,1.53
2014.02.27 02:17:23.568,1.64445,1.64483,1.00,1.53
2014.02.27 02:17:23.676,1.6444,1.64483,1.78,1.53
2014.02.27 02:17:34.607,1.64447,1.64484,1.00,1.20
2014.02.27 02:17:34.708,1.64448,1.64493,1.20,2.70
2014.02.27 02:17:34.859,1.64448,1.64493,1.48,2.70
2014.02.27 02:17:35.219,1.64448,1.64493,1.20,1.95
2014.02.27 02:17:35.441,1.64448,1.64493,1.20,1.95
2014.02.27 02:17:37.370,1.64448,1.64483,1.20,1.00
2014.02.27 02:17:37.699,1.64448,1.64474,1.00,1.00
2014.02.27 02:17:39.870,1.64448,1.64484,1.00,1.28
2014.02.27 02:17:53.226,1.6444,1.64484,1.50,1.28
2014.02.27 02:17:58.939,1.6444,1.64484,1.13,1.28
2014.02.27 02:18:06.558,1.6444,1.64484,1.13,1.15
2014.02.27 02:18:06.659,1.6444,1.64484,1.13,1.15
2014.02.27 02:18:08.648,1.6444,1.64484,1.13,1.53
2014.02.27 02:18:08.884,1.6444,1.64484,1.13,1.53
2014.02.27 02:18:09.698,1.6444,1.64484,1.13,1.53
2014.02.27 02:18:10.599,1.6444,1.64484,1.13,1.15
2014.02.27 02:18:12.073,1.6444,1.64484,1.13,1.15
2014.02.27 02:18:12.789,1.6444,1.64484,1.13,1.15
2014.02.27 02:18:16.351,1.64444,1.64484,1.45,1.08
2014.02.27 02:18:16.451,1.64444,1.64484,1.53,1.00
2014.02.27 02:18:17.778,1.6445,1.64484,1.38,1.00
2014.02.27 02:18:17.879,1.6445,1.64484,1.45,1.00
2014.02.27 02:18:18.181,1.6445,1.64473,1.08,1.00
2014.02.27 02:18:18.282,1.64443,1.64473,1.65,1.38
2014.02.27 02:18:19.649,1.64443,1.64473,1.65,1.00
2014.02.27 02:18:19.951,1.64443,1.64484,2.63,1.55
2014.02.27 02:18:20.052,1.64449,1.64484,1.08,1.48
2014.02.27 02:18:20.254,1.64454,1.64493,1.30,1.28
2014.02.27 02:18:20.355,1.64449,1.64493,1.53,1.20
2014.02.27 02:18:20.405,1.64449,1.64493,1.53,1.58
2014.02.27 02:18:20.710,1.64478,1.64493,2.48,1.00
2014.02.27 02:18:20.811,1.64478,1.64504,2.48,1.00
2014.02.27 02:18:20.962,1.64478,1.64504,2.48,1.00
2014.02.27 02:18:21.379,1.64478,1.64504,2.48,1.00
2014.02.27 02:18:21.559,1.64478,1.64514,2.48,1.15
2014.02.27 02:18:21.963,1.6448,1.64514,1.35,1.15
2014.02.27 02:18:22.114,1.64481,1.64514,2.10,1.00
2014.02.27 02:18:22.748,1.64481,1.64513,2.10,1.00
2014.02.27 02:18:24.528,1.64486,1.64523,1.00,1.20
2014.02.27 02:18:25.624,1.64489,1.64523,2.10,1.20
2014.02.27 02:18:25.926,1.64503,1.64524,1.30,1.58
2014.02.27 02:18:25.977,1.64503,1.64524,1.30,1.50
2014.02.27 02:18:26.144,1.64491,1.64524,1.05,1.58
2014.02.27 02:18:26.295,1.64489,1.64524,1.35,1.65
2014.02.27 02:18:26.597,1.64499,1.64534,2.48,1.08
2014.02.27 02:18:26.648,1.64497,1.64534,1.38,1.00
2014.02.27 02:18:26.699,1.64497,1.64534,1.00,1.38
2014.02.27 02:18:26.955,1.64497,1.64534,1.68,1.10
2014.02.27 02:18:29.517,1.64496,1.64534,2.55,1.48
2014.02.27 02:18:29.669,1.64496,1.64534,2.93,1.10
2014.02.27 02:18:29.769,1.64497,1.64534,1.35,1.48
2014.02.27 02:18:29.820,1.64506,1.64541,2.10,1.20
2014.02.27 02:18:29.870,1.64506,1.64543,2.48,1.15
2014.02.27 02:18:29.971,1.64506,1.6454,2.10,1.20
2014.02.27 02:18:30.273,1.64517,1.64539,2.10,1.00
2014.02.27 02:18:30.323,1.64517,1.64543,2.10,1.00
2014.02.27 02:18:30.374,1.64512,1.64534,1.60,1.00
2014.02.27 02:18:30.626,1.64511,1.64543,1.05,1.10
2014.02.27 02:18:30.877,1.64516,1.64543,1.00,1.10
2014.02.27 02:18:31.618,1.64516,1.64543,1.00,1.38
2014.02.27 02:18:31.770,1.64497,1.64542,1.53,1.53
2014.02.27 02:18:31.871,1.64497,1.64536,1.38,1.20
2014.02.27 02:18:32.173,1.64502,1.64543,3.08,1.38
2014.02.27 02:18:32.324,1.64497,1.64535,1.15,1.38
2014.02.27 02:18:32.424,1.64497,1.64529,1.00,1.53
2014.02.27 02:18:33.137,1.64487,1.64529,1.45,1.53
2014.02.27 02:18:33.288,1.64487,1.64523,1.38,1.15
2014.02.27 02:18:34.139,1.64477,1.64523,1.90,2.03
2014.02.27 02:18:34.240,1.64477,1.6452,1.93,1.20
2014.02.27 02:18:34.291,1.64477,1.6452,1.85,1.20
2014.02.27 02:18:34.442,1.6447,1.64513,1.58,1.48
2014.02.27 02:18:34.493,1.64467,1.6451,1.90,1.18
2014.02.27 02:18:34.744,1.64467,1.64513,2.03,1.53
2014.02.27 02:18:35.247,1.64463,1.64502,1.20,1.00
2014.02.27 02:18:35.549,1.64455,1.64502,1.90,1.53
2014.02.27 02:18:36.638,1.64456,1.64502,1.65,1.53
2014.02.27 02:18:36.789,1.64456,1.64496,1.38,1.20
2014.02.27 02:18:37.514,1.64448,1.64493,2.25,1.53
2014.02.27 02:18:40.489,1.64454,1.64493,2.48,1.53
2014.02.27 02:18:41.234,1.64454,1.64488,2.48,1.00
2014.02.27 02:18:41.665,1.64454,1.64488,2.48,1.15
2014.02.27 02:18:43.134,1.64447,1.64488,1.05,1.28
2014.02.27 02:18:43.224,1.64443,1.64481,1.13,1.00
2014.02.27 02:18:43.275,1.64443,1.64471,1.13,1.00
2014.02.27 02:18:43.377,1.64437,1.64471,1.50,1.00
2014.02.27 02:18:43.427,1.64437,1.64471,1.43,1.08
2014.02.27 02:18:43.478,1.64434,1.6447,1.35,1.15
2014.02.27 02:18:43.730,1.64434,1.64466,1.35,1.88
2014.02.27 02:18:43.881,1.64432,1.64466,1.35,2.63
2014.02.27 02:18:43.982,1.64427,1.64461,3.23,1.15
2014.02.27 02:18:44.099,1.64427,1.64461,1.38,1.15
2014.02.27 02:18:44.350,1.64425,1.64461,1.30,1.20
2014.02.27 02:18:44.401,1.64425,1.64464,1.30,1.20
2014.02.27 02:18:44.870,1.64426,1.64466,1.05,1.53
2014.02.27 02:18:46.809,1.64426,1.64454,1.05,1.08
2014.02.27 02:18:46.860,1.64419,1.64454,1.50,1.58
2014.02.27 02:18:46.911,1.64412,1.64449,1.50,1.00
2014.02.27 02:18:47.012,1.64411,1.64449,1.05,1.15
2014.02.27 02:18:47.784,1.64418,1.64454,1.38,1.58
2014.02.27 02:18:48.036,1.64447,1.64483,1.50,1.08
2014.02.27 02:18:48.087,1.6447,1.6449,2.10,1.75
2014.02.27 02:18:48.137,1.6447,1.64498,2.10,1.58
2014.02.27 02:18:48.238,1.6447,1.64502,2.67,1.75
2014.02.27 02:18:48.289,1.6447,1.64503,2.67,1.13
2014.02.27 02:18:48.576,1.64471,1.64503,1.17,1.28
2014.02.27 02:18:49.809,1.64464,1.64503,2.14,1.28
2014.02.27 02:18:49.859,1.64464,1.64494,2.14,1.00
2014.02.27 02:18:49.910,1.64464,1.64494,1.58,1.00
2014.02.27 02:18:50.011,1.6446,1.64494,1.05,1.00
2014.02.27 02:18:50.219,1.64456,1.64494,1.43,1.15
2014.02.27 02:18:54.157,1.64452,1.64494,1.28,1.53
2014.02.27 02:18:54.257,1.64451,1.64493,1.53,1.53
2014.02.27 02:18:54.358,1.64451,1.64484,1.53,1.00
2014.02.27 02:18:54.459,1.64452,1.64484,1.38,1.00
2014.02.27 02:18:54.560,1.64451,1.64484,1.38,1.00
2014.02.27 02:18:54.706,1.64451,1.64493,1.38,1.53
2014.02.27 02:18:56.990,1.64451,1.64483,1.38,1.00
2014.02.27 02:18:57.345,1.6444,1.64483,1.90,1.08
2014.02.27 02:18:57.446,1.64438,1.64473,1.83,1.00
2014.02.27 02:18:57.548,1.64437,1.64473,1.20,1.00
2014.02.27 02:18:57.649,1.64435,1.64473,1.20,1.00
2014.02.27 02:18:59.884,1.64437,1.64483,1.45,1.53
2014.02.27 02:18:59.985,1.64437,1.64483,1.13,1.53
2014.02.27 02:19:00.058,1.64446,1.64483,1.00,1.53
2014.02.27 02:19:00.335,1.64446,1.64483,1.48,1.18
2014.02.27 02:19:01.097,1.64439,1.64483,1.20,1.65
2014.02.27 02:19:01.200,1.64439,1.64483,1.20,1.65
2014.02.27 02:19:01.300,1.64446,1.64483,1.48,1.18
2014.02.27 02:19:05.668,1.64446,1.64488,1.48,1.53
2014.02.27 02:19:06.017,1.64446,1.64488,1.10,1.15
2014.02.27 02:19:06.118,1.64446,1.64488,1.48,1.53
2014.02.27 02:19:06.999,1.64446,1.64488,1.48,1.53
2014.02.27 02:19:08.439,1.64441,1.64483,1.75,1.55
2014.02.27 02:19:08.540,1.64442,1.64483,1.45,1.55
2014.02.27 02:19:10.178,1.64442,1.64483,1.13,1.55
2014.02.27 02:19:10.652,1.64442,1.64483,1.13,1.55
2014.02.27 02:19:14.358,1.64442,1.64483,1.13,1.55
2014.02.27 02:19:14.954,1.64446,1.64488,1.80,1.28
2014.02.27 02:19:15.256,1.64446,1.64488,1.88,1.18
2014.02.27 02:19:15.595,1.64485,1.64504,1.60,1.38
2014.02.27 02:19:15.646,1.64489,1.64504,1.13,1.00
2014.02.27 02:19:15.898,1.64489,1.64514,1.13,1.00
2014.02.27 02:19:16.339,1.64488,1.64524,2.10,1.15
2014.02.27 02:19:16.667,1.64497,1.64528,1.00,1.88
2014.02.27 02:19:17.877,1.64488,1.64523,2.10,1.15
2014.02.27 02:19:18.886,1.64488,1.64513,2.10,1.00
2014.02.27 02:19:21.828,1.64493,1.64513,2.10,1.00
2014.02.27 02:19:21.879,1.64493,1.64524,2.10,1.15
2014.02.27 02:19:22.038,1.64504,1.64524,2.10,1.15
2014.02.27 02:19:22.189,1.64504,1.64524,2.48,1.00
2014.02.27 02:19:22.391,1.64504,1.64524,1.00,1.00
2014.02.27 02:19:22.519,1.64496,1.64524,2.85,1.00
2014.02.27 02:19:22.570,1.64496,1.64521,2.10,1.15
2014.02.27 02:19:22.621,1.64487,1.64521,1.75,1.15
2014.02.27 02:19:22.672,1.64487,1.64521,1.75,1.15
2014.02.27 02:19:22.773,1.64496,1.64523,1.50,1.00
2014.02.27 02:19:22.974,1.64488,1.64523,1.28,1.13
2014.02.27 02:19:23.175,1.64482,1.64524,1.53,1.20
2014.02.27 02:19:23.276,1.64481,1.64524,1.13,1.95
2014.02.27 02:19:23.499,1.64476,1.64524,2.03,2.63
2014.02.27 02:19:23.810,1.64476,1.64519,1.45,1.95
2014.02.27 02:19:24.257,1.64476,1.64518,1.38,1.20
2014.02.27 02:19:24.409,1.6447,1.64513,1.38,1.53
2014.02.27 02:19:24.698,1.64467,1.64511,1.28,1.28
2014.02.27 02:19:34.193,1.64467,1.64511,1.28,1.53
2014.02.27 02:19:36.072,1.64467,1.64511,1.53,1.53
2014.02.27 02:19:37.484,1.64467,1.64511,1.15,1.53
2014.02.27 02:19:40.635,1.64469,1.64511,1.05,1.53
2014.02.27 02:19:43.067,1.64469,1.64511,1.05,1.53
2014.02.27 02:19:46.617,1.64465,1.64494,1.53,1.00
2014.02.27 02:19:47.127,1.64471,1.64494,1.00,1.38
2014.02.27 02:19:52.968,1.64471,1.64494,1.00,1.00
2014.02.27 02:19:55.386,1.64471,1.64503,1.00,1.53
2014.02.27 02:19:55.437,1.64471,1.64503,1.00,1.53
2014.02.27 02:19:55.648,1.64477,1.64506,1.13,1.15
2014.02.27 02:19:55.799,1.64477,1.64512,1.00,1.15
2014.02.27 02:19:55.850,1.64496,1.64512,1.60,1.15
2014.02.27 02:19:56.001,1.64506,1.64519,1.13,1.00
2014.02.27 02:19:56.051,1.64506,1.64514,1.13,1.00
2014.02.27 02:19:56.308,1.64487,1.64505,1.00,1.58
2014.02.27 02:19:56.409,1.64487,1.64505,1.38,1.83
2014.02.27 02:19:56.560,1.64494,1.6451,2.10,1.15
2014.02.27 02:19:56.611,1.64497,1.6451,1.98,1.15
2014.02.27 02:19:56.662,1.64497,1.6451,1.98,1.15
2014.02.27 02:19:56.762,1.64499,1.64517,1.30,1.15
2014.02.27 02:19:56.813,1.64508,1.64517,1.50,1.15
2014.02.27 02:19:56.964,1.6451,1.64523,3.23,1.00
2014.02.27 02:19:57.367,1.6451,1.64532,2.10,1.53
2014.02.27 02:19:57.579,1.64509,1.64532,1.13,1.15
2014.02.27 02:19:57.629,1.64508,1.64532,1.00,3.08
2014.02.27 02:19:57.680,1.64492,1.64532,1.73,3.08
2014.02.27 02:19:57.730,1.64487,1.64516,2.10,1.00
2014.02.27 02:19:58.033,1.64505,1.64532,2.48,1.58
2014.02.27 02:19:58.184,1.64493,1.6453,2.10,1.53
2014.02.27 02:19:58.385,1.64489,1.64514,2.10,1.08
2014.02.27 02:19:58.687,1.64489,1.64504,2.10,1.15
2014.02.27 02:20:03.461,1.64493,1.64507,1.35,1.50
2014.02.27 02:20:03.512,1.64494,1.64515,1.35,1.50
2014.02.27 02:20:03.613,1.64492,1.6452,1.35,1.15
2014.02.27 02:20:03.663,1.64501,1.64522,2.10,1.50
2014.02.27 02:20:05.136,1.64501,1.64517,2.10,1.50
2014.02.27 02:20:06.043,1.64486,1.64517,2.10,1.50
2014.02.27 02:20:06.143,1.64486,1.64517,1.35,1.50
2014.02.27 02:20:07.206,1.64484,1.64516,1.38,1.58
2014.02.27 02:20:07.357,1.64477,1.6451,1.50,1.15
2014.02.27 02:20:07.433,1.64477,1.64505,1.50,1.50
2014.02.27 02:20:10.302,1.64477,1.6451,1.13,3.00
2014.02.27 02:20:10.353,1.64477,1.6451,1.50,3.00
2014.02.27 02:20:10.479,1.64477,1.6451,1.13,2.33
2014.02.27 02:20:10.530,1.64477,1.6451,1.13,1.65
2014.02.27 02:20:10.900,1.64477,1.6451,1.50,1.15
2014.02.27 02:20:12.234,1.64477,1.64516,1.75,1.88
2014.02.27 02:20:12.385,1.6448,1.64518,1.00,1.53
2014.02.27 02:20:12.486,1.6448,1.64518,1.15,1.48
2014.02.27 02:20:13.320,1.6448,1.64518,1.15,1.48
2014.02.27 02:20:13.581,1.6448,1.64518,1.53,1.48
2014.02.27 02:20:13.808,1.6448,1.64518,1.28,1.48
2014.02.27 02:20:14.350,1.6448,1.64518,1.13,1.53
2014.02.27 02:20:14.641,1.64486,1.64518,1.00,1.53
2014.02.27 02:20:14.861,1.64477,1.64518,1.75,1.53
2014.02.27 02:20:15.300,1.64487,1.64518,1.00,1.38
2014.02.27 02:20:15.626,1.64487,1.64518,1.38,1.00
2014.02.27 02:20:15.928,1.64487,1.64518,1.53,1.00
2014.02.27 02:20:17.233,1.64487,1.64525,1.53,1.00
2014.02.27 02:20:25.783,1.64487,1.6453,1.53,1.53
2014.02.27 02:20:26.850,1.64491,1.6453,1.08,1.53
2014.02.27 02:20:27.772,1.64491,1.6453,1.08,1.53
2014.02.27 02:20:27.873,1.64491,1.6453,1.15,1.38
2014.02.27 02:20:27.974,1.64491,1.6453,1.15,1.38
2014.02.27 02:20:28.074,1.64491,1.6453,1.00,1.53
2014.02.27 02:20:30.161,1.64491,1.64532,1.00,1.53
2014.02.27 02:20:38.510,1.64491,1.64528,1.00,1.20
2014.02.27 02:20:38.619,1.64496,1.64528,1.00,1.20
2014.02.27 02:20:39.922,1.64496,1.64529,1.00,1.20
2014.02.27 02:20:43.459,1.64491,1.64529,1.00,1.53
2014.02.27 02:20:43.900,1.64496,1.64529,1.00,1.53
2014.02.27 02:20:45.109,1.64491,1.64529,1.00,1.53
2014.02.27 02:20:46.099,1.64497,1.6453,1.00,1.53
2014.02.27 02:20:46.650,1.64491,1.6453,1.00,1.53
2014.02.27 02:20:47.630,1.64491,1.6453,1.98,1.53
2014.02.27 02:20:47.831,1.645,1.64534,1.50,1.00
2014.02.27 02:20:47.882,1.645,1.64542,1.58,1.20
2014.02.27 02:20:47.982,1.64504,1.6454,1.10,1.45
2014.02.27 02:20:48.234,1.64506,1.64538,1.00,1.20
2014.02.27 02:20:48.387,1.64506,1.64543,1.00,1.53
2014.02.27 02:20:48.439,1.64506,1.64538,1.00,1.45
2014.02.27 02:20:48.741,1.64497,1.64537,1.50,1.95
2014.02.27 02:20:48.893,1.64487,1.64532,1.13,1.95
2014.02.27 02:20:48.994,1.64486,1.64531,1.48,1.20
2014.02.27 02:20:49.619,1.64486,1.64531,1.10,1.20
2014.02.27 02:20:51.270,1.64486,1.64531,1.10,1.20
2014.02.27 02:20:52.173,1.64496,1.64524,1.35,1.88
2014.02.27 02:20:52.275,1.64497,1.6453,1.50,1.75
2014.02.27 02:20:52.376,1.64498,1.64533,1.88,1.48
2014.02.27 02:20:52.728,1.64497,1.64533,2.93,1.50
2014.02.27 02:20:52.779,1.645,1.64533,1.75,1.00
2014.02.27 02:20:52.930,1.64501,1.64533,1.00,1.38
2014.02.27 02:20:53.030,1.64497,1.64533,1.15,1.38
2014.02.27 02:20:53.131,1.64497,1.64533,1.00,1.53
2014.02.27 02:20:53.182,1.64491,1.64533,1.53,1.53
2014.02.27 02:20:53.282,1.64491,1.64533,1.45,1.95
2014.02.27 02:20:53.683,1.64487,1.6453,1.18,1.53
2014.02.27 02:20:53.734,1.64487,1.6453,1.55,1.53
2014.02.27 02:20:53.835,1.64487,1.6453,1.18,1.53
2014.02.27 02:20:54.053,1.64487,1.64531,1.65,1.15
2014.02.27 02:20:54.154,1.64496,1.64531,1.13,1.15
2014.02.27 02:20:54.254,1.64496,1.64531,1.00,1.53
2014.02.27 02:20:54.565,1.64486,1.64529,1.65,1.15
2014.02.27 02:20:56.880,1.64481,1.64529,1.58,1.15
2014.02.27 02:20:57.660,1.64481,1.64529,1.58,1.15
2014.02.27 02:21:00.069,1.64481,1.64529,1.58,1.15
2014.02.27 02:21:00.718,1.6448,1.64529,1.90,1.83
2014.02.27 02:21:00.769,1.6448,1.64527,1.93,1.50
2014.02.27 02:21:00.970,1.6448,1.64524,1.55,1.15
2014.02.27 02:21:01.927,1.6448,1.64523,1.95,1.18
2014.02.27 02:21:01.978,1.6448,1.64523,1.58,1.10
2014.02.27 02:21:02.179,1.64486,1.64532,1.28,1.15
2014.02.27 02:21:02.683,1.64486,1.64534,1.90,1.15
2014.02.27 02:21:03.472,1.64486,1.64534,1.90,1.15
2014.02.27 02:21:04.148,1.64486,1.64535,1.90,2.25
2014.02.27 02:21:04.350,1.64495,1.64541,1.45,1.50
2014.02.27 02:21:04.551,1.64495,1.64534,1.90,1.00
2014.02.27 02:21:04.602,1.64496,1.64544,1.90,3.08
2014.02.27 02:21:04.703,1.64496,1.64544,2.03,2.33
2014.02.27 02:21:05.349,1.64495,1.64533,1.90,1.00
2014.02.27 02:21:05.400,1.64495,1.64533,1.90,1.00
2014.02.27 02:21:09.932,1.64495,1.64533,1.75,1.15
2014.02.27 02:21:10.210,1.64487,1.64533,2.25,1.15
2014.02.27 02:21:10.261,1.64487,1.64527,1.20,1.10
2014.02.27 02:21:10.474,1.64476,1.64522,1.15,2.25
2014.02.27 02:21:10.575,1.6447,1.64515,1.50,1.85
2014.02.27 02:21:10.676,1.64461,1.6451,1.08,1.83
2014.02.27 02:21:10.833,1.64461,1.64506,1.00,1.50
2014.02.27 02:21:11.035,1.64455,1.64502,1.18,1.83
2014.02.27 02:21:11.136,1.64455,1.64499,1.10,1.50
2014.02.27 02:21:18.605,1.64449,1.64492,1.00,1.50
2014.02.27 02:21:23.038,1.64442,1.64491,1.90,1.15
2014.02.27 02:21:23.539,1.64442,1.64491,1.90,1.15
2014.02.27 02:21:23.690,1.6444,1.64483,2.25,1.00
2014.02.27 02:21:23.841,1.64436,1.64483,1.53,1.15
2014.02.27 02:21:25.790,1.64441,1.6449,1.18,1.83
2014.02.27 02:21:25.891,1.64441,1.6449,1.15,1.83
2014.02.27 02:21:29.275,1.64439,1.64483,1.08,1.15
2014.02.27 02:21:29.376,1.64437,1.64483,1.15,1.28
2014.02.27 02:21:33.501,1.64437,1.64484,1.08,3.08
2014.02.27 02:21:33.551,1.64437,1.64479,1.10,1.58
2014.02.27 02:21:33.657,1.64431,1.64474,1.48,1.50
2014.02.27 02:21:34.079,1.64425,1.64473,1.15,1.58
2014.02.27 02:21:37.729,1.64425,1.64471,1.08,1.20
2014.02.27 02:21:37.830,1.64425,1.6447,1.10,1.20
2014.02.27 02:21:41.358,1.64436,1.64471,1.00,1.50
2014.02.27 02:21:41.459,1.64436,1.64474,1.00,1.28
2014.02.27 02:21:41.510,1.64436,1.64472,1.00,1.08
2014.02.27 02:21:41.611,1.64426,1.64472,1.53,1.50
2014.02.27 02:21:41.711,1.64426,1.64472,1.15,2.48
2014.02.27 02:21:41.862,1.64425,1.64472,1.08,2.48
2014.02.27 02:21:41.913,1.64425,1.64467,1.00,1.50
2014.02.27 02:21:44.560,1.64446,1.64467,1.00,1.50
2014.02.27 02:21:44.775,1.64437,1.64473,1.45,1.75
2014.02.27 02:21:44.876,1.64437,1.64473,1.53,1.00
2014.02.27 02:21:44.977,1.64437,1.64473,1.38,1.20
2014.02.27 02:21:45.079,1.64446,1.64481,1.38,1.15
2014.02.27 02:21:45.129,1.64442,1.64473,1.50,1.00
2014.02.27 02:21:45.180,1.64442,1.64473,1.13,1.00
2014.02.27 02:21:45.331,1.64447,1.64476,1.00,1.43
2014.02.27 02:21:45.532,1.64447,1.64483,1.00,2.63
2014.02.27 02:21:45.633,1.64447,1.64483,1.38,2.25
2014.02.27 02:21:46.088,1.64436,1.64474,2.78,1.00
2014.02.27 02:21:46.190,1.64436,1.64474,1.15,1.00
2014.02.27 02:21:46.242,1.64428,1.64474,1.83,1.08
2014.02.27 02:21:46.293,1.64428,1.64474,1.15,1.15
2014.02.27 02:21:46.343,1.64437,1.64477,1.00,2.18
2014.02.27 02:21:46.648,1.64428,1.64474,1.53,1.15
2014.02.27 02:21:46.969,1.64428,1.64473,1.08,1.43
2014.02.27 02:21:47.070,1.64428,1.64472,1.10,1.50
2014.02.27 02:21:50.628,1.64437,1.64472,1.00,1.50
2014.02.27 02:21:50.829,1.64437,1.64477,1.00,2.25
2014.02.27 02:21:50.888,1.64437,1.64477,1.38,2.25
2014.02.27 02:21:51.156,1.64437,1.64477,1.38,2.25
2014.02.27 02:21:51.258,1.64437,1.64477,1.00,2.25
2014.02.27 02:21:51.437,1.64437,1.64477,1.38,2.25
2014.02.27 02:21:51.815,1.64437,1.64477,1.38,2.25
2014.02.27 02:21:51.916,1.64437,1.64476,1.00,2.93
2014.02.27 02:21:52.168,1.64428,1.6447,1.15,1.13
2014.02.27 02:21:52.477,1.64436,1.64471,1.00,2.18
2014.02.27 02:21:52.729,1.64436,1.64471,1.00,1.75
2014.02.27 02:21:52.788,1.64436,1.64471,1.00,1.75
2014.02.27 02:21:52.917,1.64425,1.64471,1.50,1.75
2014.02.27 02:21:55.880,1.6443,1.64472,1.50,2.10
2014.02.27 02:21:55.981,1.6443,1.64476,1.50,1.15
2014.02.27 02:22:04.312,1.64428,1.64477,1.83,1.83
2014.02.27 02:22:04.362,1.64428,1.64477,1.15,2.25
2014.02.27 02:22:08.598,1.64428,1.64476,1.15,1.20
2014.02.27 02:22:08.799,1.64427,1.64465,1.18,1.05
2014.02.27 02:22:08.927,1.64427,1.64465,1.18,1.05
2014.02.27 02:22:09.081,1.64424,1.64461,1.10,1.13
2014.02.27 02:22:09.183,1.64424,1.64467,1.10,2.93
2014.02.27 02:22:09.334,1.64417,1.64462,2.03,1.43
2014.02.27 02:22:09.586,1.64417,1.64466,3.08,2.18
2014.02.27 02:22:09.847,1.64427,1.64466,1.00,2.18
2014.02.27 02:22:10.351,1.64427,1.64466,1.15,1.60
2014.02.27 02:22:25.598,1.64422,1.64467,1.28,2.25
2014.02.27 02:22:26.242,1.64422,1.64461,1.15,1.05
2014.02.27 02:22:28.113,1.64422,1.64461,1.00,1.83
2014.02.27 02:22:28.164,1.64416,1.64454,1.53,1.00
2014.02.27 02:22:33.504,1.64417,1.64461,1.53,1.13
2014.02.27 02:22:34.059,1.64417,1.64459,1.45,1.95
2014.02.27 02:22:34.318,1.64417,1.64459,1.53,1.55
2014.02.27 02:22:39.154,1.64417,1.64459,1.45,1.53
2014.02.27 02:22:40.088,1.64417,1.64456,1.48,1.13
2014.02.27 02:22:45.596,1.64427,1.64456,1.00,1.13
2014.02.27 02:22:45.868,1.64427,1.64458,1.00,1.05
2014.02.27 02:23:07.714,1.64427,1.6446,1.20,1.35
2014.02.27 02:23:07.866,1.64418,1.64459,1.15,1.13
2014.02.27 02:23:08.626,1.64416,1.64455,1.20,1.13
2014.02.27 02:23:09.143,1.64416,1.64455,1.28,1.45
2014.02.27 02:23:09.194,1.64418,1.64455,1.00,1.45
2014.02.27 02:23:09.497,1.64416,1.64455,1.20,1.13
2014.02.27 02:23:10.526,1.64412,1.64454,1.15,1.58
2014.02.27 02:23:11.445,1.64417,1.64455,1.00,1.13
2014.02.27 02:23:14.052,1.64417,1.64455,1.00,1.13
2014.02.27 02:23:14.637,1.64417,1.64447,1.00,1.35
2014.02.27 02:23:15.395,1.64417,1.64453,1.00,1.90
2014.02.27 02:23:16.387,1.64417,1.64456,1.38,1.88
2014.02.27 02:23:16.588,1.64417,1.6446,2.70,1.20
2014.02.27 02:23:16.639,1.64427,1.64461,1.00,1.13
2014.02.27 02:23:16.689,1.64427,1.64466,1.00,1.53
2014.02.27 02:23:17.954,1.64427,1.6447,1.08,1.20
2014.02.27 02:23:18.687,1.64429,1.64474,1.18,1.20
2014.02.27 02:23:18.838,1.64429,1.64476,1.58,1.20
2014.02.27 02:23:18.889,1.64429,1.64478,1.58,1.15
2014.02.27 02:23:20.020,1.64429,1.64478,1.58,1.53
2014.02.27 02:23:20.646,1.64429,1.64478,1.58,1.15
2014.02.27 02:23:22.983,1.64429,1.64478,1.58,1.53
2014.02.27 02:23:24.283,1.64429,1.64478,1.58,1.53
2014.02.27 02:23:26.236,1.64436,1.64483,1.15,1.53
2014.02.27 02:23:26.337,1.64436,1.6448,1.08,1.20
2014.02.27 02:23:26.438,1.64441,1.6448,1.00,1.20
2014.02.27 02:23:26.948,1.64441,1.64484,1.18,1.53
2014.02.27 02:23:27.605,1.64441,1.64484,1.18,1.53
2014.02.27 02:23:27.706,1.64435,1.64482,1.58,1.53
2014.02.27 02:23:27.857,1.64429,1.64478,1.58,1.53
2014.02.27 02:23:33.956,1.64429,1.64478,1.58,1.53
2014.02.27 02:23:35.906,1.64437,1.64478,1.00,1.53
2014.02.27 02:23:36.056,1.64437,1.64478,1.00,1.53
2014.02.27 02:23:38.875,1.64429,1.64478,1.58,1.53
2014.02.27 02:23:39.946,1.64429,1.64478,1.58,1.53
2014.02.27 02:23:40.817,1.64437,1.64478,1.00,1.53
2014.02.27 02:23:41.655,1.64429,1.64478,1.58,1.53
2014.02.27 02:23:41.705,1.64429,1.64478,1.58,1.53
2014.02.27 02:23:41.829,1.64436,1.64481,1.08,1.58
2014.02.27 02:23:42.373,1.64437,1.64483,1.15,2.03
2014.02.27 02:23:42.776,1.64437,1.64483,1.15,2.03
2014.02.27 02:23:43.136,1.64436,1.64474,1.20,1.53
2014.02.27 02:23:44.006,1.64436,1.64474,1.20,1.53
2014.02.27 02:23:45.636,1.64436,1.64473,1.20,1.13
2014.02.27 02:23:45.837,1.6443,1.64469,1.15,1.50
2014.02.27 02:23:45.989,1.6443,1.64471,1.15,1.53
2014.02.27 02:23:46.039,1.64436,1.64474,1.00,1.53
2014.02.27 02:23:46.380,1.64436,1.64474,1.15,1.38
2014.02.27 02:23:48.455,1.64436,1.6448,1.65,1.83
2014.02.27 02:23:50.648,1.64436,1.6448,1.65,1.83
2014.02.27 02:23:52.752,1.64436,1.6448,1.65,1.83
2014.02.27 02:23:53.054,1.6443,1.64479,1.83,1.53
2014.02.27 02:23:53.105,1.6443,1.64478,1.15,1.20
2014.02.27 02:23:53.962,1.64435,1.64478,1.10,1.20
2014.02.27 02:23:54.015,1.64435,1.64478,1.18,1.20
2014.02.27 02:23:54.935,1.64435,1.64482,1.15,1.20
2014.02.27 02:23:56.247,1.6443,1.64474,1.15,1.88
2014.02.27 02:23:56.499,1.6443,1.64474,1.15,1.13
2014.02.27 02:23:56.550,1.64437,1.64473,1.00,1.20
2014.02.27 02:23:56.701,1.64437,1.64477,1.00,1.53
2014.02.27 02:23:56.751,1.64437,1.64477,1.08,1.45
2014.02.27 02:23:57.053,1.64435,1.64483,1.15,1.58
2014.02.27 02:23:57.875,1.64435,1.64483,1.15,1.58
2014.02.27 02:23:58.625,1.6443,1.64479,1.83,1.95
2014.02.27 02:23:58.676,1.6443,1.64474,1.15,1.55
2014.02.27 02:23:58.777,1.64427,1.64471,1.50,1.38
2014.02.27 02:23:58.878,1.64427,1.64471,1.08,1.45
2014.02.27 02:23:58.929,1.64424,1.64471,1.15,1.53
2014.02.27 02:23:59.223,1.64424,1.64471,1.15,1.53
2014.02.27 02:23:59.525,1.64424,1.64471,1.83,1.53
2014.02.27 02:23:59.576,1.64425,1.64471,1.50,1.53
2014.02.27 02:24:03.076,1.64425,1.64463,1.50,1.00
2014.02.27 02:24:03.177,1.64426,1.64471,1.15,2.25
2014.02.27 02:24:03.278,1.64426,1.64471,1.18,2.25
2014.02.27 02:24:03.328,1.64426,1.64471,1.18,2.25
2014.02.27 02:24:03.631,1.64437,1.64466,1.00,1.58
2014.02.27 02:24:03.965,1.64437,1.6447,1.00,1.50
2014.02.27 02:24:04.166,1.64429,1.64471,1.00,1.20
2014.02.27 02:24:04.318,1.64429,1.64476,1.15,1.53
2014.02.27 02:24:04.633,1.64446,1.64476,1.00,1.53
2014.02.27 02:24:05.640,1.64446,1.64476,1.00,1.53
2014.02.27 02:24:07.544,1.64436,1.64476,1.58,1.38
2014.02.27 02:24:07.705,1.64436,1.64476,1.58,1.38
2014.02.27 02:24:07.884,1.64436,1.64476,1.18,1.53
2014.02.27 02:24:08.258,1.64436,1.64476,1.18,1.53
2014.02.27 02:24:08.486,1.64436,1.64476,1.18,1.53
2014.02.27 02:24:08.788,1.64436,1.64476,1.18,1.53
2014.02.27 02:24:09.145,1.64436,1.64476,1.18,1.53
2014.02.27 02:24:09.347,1.64436,1.64476,1.18,1.53
2014.02.27 02:24:09.874,1.64436,1.64476,1.18,1.53
2014.02.27 02:24:10.565,1.64436,1.64481,1.65,1.20
2014.02.27 02:24:12.877,1.64436,1.64474,1.15,1.38
2014.02.27 02:24:14.285,1.64436,1.64474,1.15,1.38
2014.02.27 02:24:14.534,1.64436,1.64474,1.15,1.38
2014.02.27 02:24:14.635,1.64438,1.64474,1.65,1.00
2014.02.27 02:24:14.735,1.64443,1.64474,1.13,1.00
2014.02.27 02:24:14.836,1.64443,1.64474,1.38,1.00
2014.02.27 02:24:15.491,1.64443,1.64474,1.15,1.00
2014.02.27 02:24:15.827,1.64443,1.64473,1.08,1.38
2014.02.27 02:24:15.877,1.64443,1.64473,1.00,1.38
2014.02.27 02:24:16.828,1.64443,1.64483,1.00,1.50
2014.02.27 02:24:17.391,1.64443,1.64483,1.00,1.50
2014.02.27 02:24:17.842,1.64443,1.64484,1.60,1.90
2014.02.27 02:24:18.043,1.64459,1.64493,1.28,1.00
2014.02.27 02:24:18.144,1.64467,1.64503,1.48,1.45
2014.02.27 02:24:18.195,1.64467,1.64503,1.48,1.00
2014.02.27 02:24:18.245,1.64467,1.64503,1.48,1.00
2014.02.27 02:24:18.396,1.64467,1.64503,1.48,1.00
2014.02.27 02:24:19.477,1.64467,1.64503,1.95,1.00
2014.02.27 02:24:20.306,1.64477,1.64512,1.00,1.58
2014.02.27 02:24:20.594,1.64477,1.64513,1.00,2.25
2014.02.27 02:24:20.824,1.64477,1.64509,1.00,1.13
2014.02.27 02:24:20.875,1.64467,1.64504,1.53,1.00
2014.02.27 02:24:21.026,1.64467,1.64504,1.15,1.75
2014.02.27 02:24:21.127,1.64467,1.64504,1.00,1.65
2014.02.27 02:24:26.854,1.64467,1.64506,1.00,1.50
2014.02.27 02:24:27.068,1.64467,1.64503,1.08,1.10
2014.02.27 02:24:27.396,1.64477,1.64506,1.00,1.35
2014.02.27 02:24:27.565,1.64467,1.64506,1.15,1.35
2014.02.27 02:24:27.616,1.64467,1.64507,1.15,1.05
2014.02.27 02:24:28.146,1.64467,1.64506,1.15,1.35
2014.02.27 02:24:28.586,1.64476,1.64506,1.00,1.35
2014.02.27 02:24:28.788,1.64467,1.64507,1.15,1.05
2014.02.27 02:24:28.915,1.64467,1.64506,1.15,1.35
2014.02.27 02:24:29.905,1.64467,1.64506,1.15,1.35
2014.02.27 02:24:31.776,1.64467,1.64506,1.15,1.35
2014.02.27 02:24:31.827,1.64473,1.64512,2.10,1.90
2014.02.27 02:24:31.928,1.64487,1.64516,1.00,1.50
2014.02.27 02:24:32.028,1.64487,1.64523,1.00,1.53
2014.02.27 02:24:32.230,1.64482,1.64529,1.15,1.53
2014.02.27 02:24:32.532,1.64487,1.64534,1.58,1.83
2014.02.27 02:24:32.582,1.64487,1.64534,1.65,1.15
2014.02.27 02:24:32.633,1.64487,1.64534,1.65,1.83
2014.02.27 02:24:32.683,1.64487,1.6453,1.20,1.20
2014.02.27 02:24:32.885,1.64487,1.64523,1.48,1.48
2014.02.27 02:24:33.036,1.64481,1.64514,1.00,1.13
2014.02.27 02:24:33.137,1.64474,1.64513,1.48,1.15
2014.02.27 02:24:33.238,1.6448,1.64513,1.53,1.00
2014.02.27 02:24:33.439,1.6448,1.64513,1.53,1.00
2014.02.27 02:24:34.075,1.6448,1.64504,1.53,1.00
2014.02.27 02:24:34.182,1.6448,1.64514,1.53,1.00
2014.02.27 02:24:34.233,1.6448,1.64514,1.15,1.00
2014.02.27 02:24:34.333,1.6448,1.64514,1.88,1.00
2014.02.27 02:24:34.434,1.6448,1.64514,1.88,1.00
2014.02.27 02:24:34.784,1.6448,1.64514,1.38,1.00
2014.02.27 02:24:38.705,1.6448,1.64514,1.38,1.00
2014.02.27 02:24:40.034,1.6448,1.64524,1.53,1.53
2014.02.27 02:24:40.324,1.6448,1.64514,1.53,1.00
2014.02.27 02:24:40.374,1.6448,1.64514,1.53,1.00
2014.02.27 02:24:41.643,1.6448,1.64524,1.53,1.53
2014.02.27 02:24:42.858,1.64486,1.64529,1.00,2.63
2014.02.27 02:24:43.777,1.6448,1.64524,1.53,1.53
2014.02.27 02:24:44.087,1.6448,1.64524,1.53,1.28
2014.02.27 02:24:44.553,1.64487,1.64529,1.45,1.20
2014.02.27 02:24:44.603,1.64487,1.64532,1.53,1.20
2014.02.27 02:24:45.828,1.64485,1.64524,1.53,1.00
2014.02.27 02:24:49.564,1.64487,1.64532,1.28,1.20
2014.02.27 02:24:50.695,1.64487,1.64532,1.15,1.20
2014.02.27 02:24:50.904,1.64481,1.64528,1.83,1.53
2014.02.27 02:24:50.954,1.64481,1.64528,1.15,1.53
2014.02.27 02:24:51.509,1.64481,1.64528,1.15,1.53
2014.02.27 02:24:53.082,1.64481,1.64523,1.08,1.20
2014.02.27 02:24:53.133,1.64481,1.64522,1.00,1.20
2014.02.27 02:24:56.781,1.64477,1.64522,1.15,1.95
2014.02.27 02:24:56.983,1.64468,1.64513,1.15,1.53
2014.02.27 02:24:57.885,1.64468,1.64514,1.15,1.53
2014.02.27 02:24:58.087,1.64468,1.6451,1.00,1.20
2014.02.27 02:24:58.594,1.64468,1.6451,1.00,1.20
2014.02.27 02:24:58.956,1.64461,1.64504,1.15,1.55
2014.02.27 02:24:59.057,1.64456,1.64503,1.65,1.53
2014.02.27 02:24:59.158,1.64456,1.645,1.18,1.20
2014.02.27 02:24:59.825,1.64456,1.64495,1.00,1.20
2014.02.27 02:25:01.512,1.64448,1.64494,1.15,1.53
2014.02.27 02:25:01.648,1.64448,1.64491,1.00,1.20
2014.02.27 02:25:08.768,1.64448,1.64491,1.00,1.20
2014.02.27 02:25:08.970,1.64448,1.64494,1.15,1.53
2014.02.27 02:25:09.272,1.64448,1.64484,1.15,1.38
2014.02.27 02:25:09.430,1.64448,1.64484,1.00,1.53
2014.02.27 02:25:10.192,1.64448,1.6449,1.00,1.88
2014.02.27 02:25:10.293,1.64451,1.64493,2.18,1.53
2014.02.27 02:25:10.495,1.6447,1.64501,1.65,1.13
2014.02.27 02:25:10.683,1.64473,1.64504,1.30,1.13
2014.02.27 02:25:10.834,1.64473,1.64504,1.45,1.13
2014.02.27 02:25:11.563,1.64473,1.64494,1.05,1.00
2014.02.27 02:25:11.816,1.64463,1.64494,1.15,1.38
2014.02.27 02:25:11.917,1.64463,1.64494,1.18,1.38
2014.02.27 02:25:11.968,1.64463,1.64494,1.18,1.38
2014.02.27 02:25:12.188,1.64457,1.64494,1.58,1.38
2014.02.27 02:25:12.239,1.64457,1.64494,1.15,1.38
2014.02.27 02:25:12.384,1.64457,1.64502,1.15,1.50
2014.02.27 02:25:12.435,1.64457,1.64504,1.15,1.83
2014.02.27 02:25:12.485,1.64462,1.64508,1.15,1.95
2014.02.27 02:25:15.300,1.64462,1.64503,1.08,1.45
2014.02.27 02:25:15.929,1.64462,1.64503,1.00,1.20
2014.02.27 02:25:16.231,1.6447,1.64509,1.50,1.13
2014.02.27 02:25:16.282,1.6447,1.64514,1.58,1.45
2014.02.27 02:25:16.383,1.64479,1.6452,1.13,1.20
2014.02.27 02:25:16.733,1.64474,1.64513,1.90,1.48
2014.02.27 02:25:17.378,1.64474,1.64513,1.72,1.48
2014.02.27 02:25:19.294,1.64474,1.64513,1.65,1.48
2014.02.27 02:25:21.192,1.6448,1.64522,1.00,2.33
2014.02.27 02:25:21.343,1.6448,1.64522,1.08,1.20
2014.02.27 02:25:21.394,1.6448,1.64524,1.15,1.53
2014.02.27 02:25:23.084,1.6448,1.64523,1.08,1.20
2014.02.27 02:25:23.135,1.6448,1.64521,1.00,1.20
2014.02.27 02:25:24.401,1.6448,1.64521,1.00,1.50
2014.02.27 02:25:24.502,1.64473,1.64518,1.13,1.50
2014.02.27 02:25:27.445,1.64465,1.64513,1.95,1.53
2014.02.27 02:25:27.596,1.64465,1.64511,1.28,1.20
2014.02.27 02:25:28.148,1.64465,1.64503,1.18,1.13
2014.02.27 02:25:28.199,1.64465,1.64503,1.08,1.20
2014.02.27 02:25:28.249,1.6446,1.64503,1.08,1.28
2014.02.27 02:25:29.823,1.6446,1.64493,1.08,1.00
2014.02.27 02:25:30.126,1.64454,1.64493,1.18,1.45
2014.02.27 02:25:30.428,1.64454,1.64494,1.00,1.20
2014.02.27 02:25:31.393,1.64454,1.64494,1.00,1.20
2014.02.27 02:25:32.424,1.64454,1.64495,1.00,1.50
2014.02.27 02:25:32.575,1.64454,1.64499,1.18,1.50
2014.02.27 02:25:32.626,1.64454,1.64501,1.58,1.95
2014.02.27 02:25:32.676,1.64454,1.64501,1.58,1.15
2014.02.27 02:25:33.592,1.64454,1.64483,1.58,1.00
2014.02.27 02:25:33.693,1.64454,1.64483,1.08,1.00
2014.02.27 02:25:33.744,1.64454,1.64483,1.00,1.00
2014.02.27 02:25:33.844,1.64454,1.64492,1.00,1.15
2014.02.27 02:25:34.046,1.64454,1.64499,1.08,1.50
2014.02.27 02:25:34.096,1.64454,1.64501,1.15,1.50
2014.02.27 02:25:34.339,1.64454,1.64503,1.58,1.83
2014.02.27 02:25:34.390,1.64454,1.64503,1.58,1.15
2014.02.27 02:25:41.844,1.64459,1.64504,1.15,1.20
2014.02.27 02:25:42.146,1.64459,1.645,1.00,1.88
2014.02.27 02:25:43.763,1.64459,1.64506,1.15,1.20
2014.02.27 02:25:44.592,1.64466,1.64506,1.00,1.20
2014.02.27 02:25:45.124,1.64466,1.64506,1.00,1.20
2014.02.27 02:25:45.713,1.64466,1.64507,1.00,1.50
2014.02.27 02:25:46.206,1.64466,1.6451,1.08,1.58
2014.02.27 02:25:50.131,1.64466,1.64506,1.00,1.50
2014.02.27 02:26:08.122,1.64466,1.64511,1.08,1.50
2014.02.27 02:26:08.474,1.64473,1.64511,1.00,1.50
2014.02.27 02:26:08.525,1.64473,1.64515,1.38,1.50
2014.02.27 02:26:08.575,1.64479,1.64515,1.00,1.50
2014.02.27 02:26:08.676,1.64479,1.64522,1.00,1.50
2014.02.27 02:26:08.727,1.64483,1.6452,1.00,1.08
2014.02.27 02:26:08.777,1.64483,1.64525,1.00,1.53
2014.02.27 02:26:12.433,1.64483,1.64524,1.00,1.53
2014.02.27 02:26:12.684,1.64477,1.64516,1.48,1.20
2014.02.27 02:26:12.735,1.64477,1.64516,1.00,1.88
2014.02.27 02:26:14.193,1.64481,1.64516,1.00,1.88
2014.02.27 02:26:15.602,1.64486,1.64521,1.00,1.20
2014.02.27 02:26:15.652,1.64486,1.64522,1.00,1.50
2014.02.27 02:26:15.803,1.64487,1.64527,1.00,1.20
2014.02.27 02:26:16.382,1.64487,1.64527,1.00,1.20
2014.02.27 02:26:18.032,1.64488,1.64524,2.10,1.53
2014.02.27 02:26:18.334,1.64509,1.64523,1.38,1.00
2014.02.27 02:26:18.536,1.64499,1.64521,1.13,2.48
2014.02.27 02:26:18.637,1.64497,1.64526,1.00,1.58
2014.02.27 02:26:18.687,1.64502,1.64521,1.13,1.53
2014.02.27 02:26:18.888,1.64506,1.64533,1.68,1.00
2014.02.27 02:26:18.939,1.64503,1.64533,1.55,1.38
2014.02.27 02:26:19.190,1.64497,1.64533,2.03,1.38
2014.02.27 02:26:19.840,1.64487,1.64532,1.15,1.53
2014.02.27 02:26:19.948,1.64487,1.64529,1.10,1.20
2014.02.27 02:26:23.391,1.64497,1.64529,1.00,1.20
2014.02.27 02:26:23.612,1.64487,1.64529,1.48,1.20
2014.02.27 02:26:23.753,1.64487,1.64529,1.10,1.20
2014.02.27 02:26:23.904,1.64484,1.64529,1.15,1.20
2014.02.27 02:26:24.055,1.64484,1.64524,1.15,1.45
2014.02.27 02:26:24.206,1.64478,1.64524,1.15,1.53
2014.02.27 02:26:24.439,1.64478,1.64524,1.15,1.53
2014.02.27 02:26:26.098,1.64478,1.6452,1.00,1.20
2014.02.27 02:26:26.709,1.64472,1.64518,1.15,1.53
2014.02.27 02:26:29.034,1.64488,1.64519,2.10,2.03
2014.02.27 02:26:29.286,1.64501,1.64532,1.20,1.00
2014.02.27 02:26:29.437,1.6451,1.64544,1.13,1.38
2014.02.27 02:26:29.488,1.6451,1.64544,1.20,1.38
2014.02.27 02:26:30.024,1.6451,1.64544,1.28,1.38
2014.02.27 02:26:30.943,1.64508,1.64538,1.50,1.38
2014.02.27 02:26:31.095,1.64502,1.64538,1.50,1.38
2014.02.27 02:26:31.297,1.64496,1.64538,1.00,1.95
2014.02.27 02:26:31.720,1.64488,1.64537,1.15,1.53
2014.02.27 02:26:31.871,1.64488,1.64533,1.15,1.88
2014.02.27 02:26:32.123,1.64496,1.64533,1.00,1.50
2014.02.27 02:26:32.375,1.64496,1.64536,1.10,1.15
2014.02.27 02:26:34.117,1.64498,1.64538,1.38,1.15
2014.02.27 02:26:34.420,1.64525,1.64563,1.15,1.67
2014.02.27 02:26:34.471,1.64525,1.64563,1.15,1.00
2014.02.27 02:26:34.623,1.64525,1.64566,1.15,1.45
2014.02.27 02:26:35.153,1.64525,1.64564,1.53,1.00
2014.02.27 02:26:36.088,1.64525,1.64564,1.15,1.00
2014.02.27 02:26:36.189,1.64525,1.64564,1.53,1.00
2014.02.27 02:26:37.083,1.64525,1.64564,1.38,1.15
2014.02.27 02:26:37.961,1.64525,1.64567,1.00,1.20
2014.02.27 02:26:40.902,1.64525,1.64553,1.00,1.00
2014.02.27 02:26:41.104,1.64518,1.64564,1.53,1.53
2014.02.27 02:26:41.255,1.64521,1.64566,1.20,1.28
2014.02.27 02:26:41.356,1.64521,1.64566,1.88,1.28
2014.02.27 02:26:44.568,1.64529,1.64572,1.38,1.50
2014.02.27 02:26:44.619,1.64529,1.64575,1.53,1.15
2014.02.27 02:26:46.403,1.64529,1.64564,1.53,1.00
2014.02.27 02:26:46.454,1.64529,1.64564,1.28,1.38
2014.02.27 02:26:46.605,1.64529,1.64564,1.20,1.38
2014.02.27 02:26:50.390,1.64525,1.64554,1.15,1.13
2014.02.27 02:26:50.541,1.64525,1.64554,1.10,1.13
2014.02.27 02:26:51.081,1.64525,1.64554,1.10,1.38
2014.02.27 02:26:51.474,1.64525,1.64554,1.10,1.38
2014.02.27 02:26:55.071,1.64527,1.64563,1.00,2.03
2014.02.27 02:26:55.222,1.64527,1.64563,1.38,1.53
2014.02.27 02:26:55.472,1.64527,1.64563,1.13,1.53
2014.02.27 02:26:55.700,1.64527,1.64563,1.00,1.53
2014.02.27 02:27:01.780,1.64518,1.64553,1.20,1.38
2014.02.27 02:27:03.252,1.64518,1.6456,1.20,1.48
2014.02.27 02:27:05.442,1.64518,1.64563,1.20,2.03
2014.02.27 02:27:05.593,1.64518,1.64563,1.20,1.53
2014.02.27 02:27:07.352,1.64518,1.64563,1.20,1.53
2014.02.27 02:27:08.082,1.64518,1.64563,1.20,1.53
2014.02.27 02:27:10.818,1.64517,1.64558,2.40,1.45
2014.02.27 02:27:11.815,1.64517,1.64553,1.50,1.20
2014.02.27 02:27:12.591,1.64517,1.64554,1.50,1.50
2014.02.27 02:27:12.895,1.64517,1.64559,1.38,2.63
2014.02.27 02:27:16.232,1.64518,1.64557,1.38,1.20
2014.02.27 02:27:16.433,1.64518,1.64563,1.48,1.20
2014.02.27 02:27:17.122,1.64523,1.64564,1.55,1.53
2014.02.27 02:27:24.660,1.64526,1.64568,1.00,1.58
2014.02.27 02:27:24.811,1.64526,1.64568,1.00,1.58
2014.02.27 02:27:25.540,1.64527,1.64568,1.00,1.58
2014.02.27 02:27:28.871,1.64521,1.64563,1.53,1.55
2014.02.27 02:27:37.198,1.64521,1.64563,1.53,1.55
2014.02.27 02:27:42.581,1.64521,1.64563,1.28,1.53
2014.02.27 02:27:43.122,1.64521,1.64563,1.28,1.53
2014.02.27 02:27:43.173,1.64526,1.64565,1.00,1.20
2014.02.27 02:27:45.017,1.64526,1.64565,1.00,1.20
2014.02.27 02:27:55.240,1.64521,1.64564,1.18,1.53
2014.02.27 02:27:57.422,1.64521,1.64564,1.18,1.53
2014.02.27 02:27:58.861,1.64521,1.64564,1.53,1.53
2014.02.27 02:27:58.912,1.64527,1.64567,1.00,1.50
2014.02.27 02:28:00.500,1.64527,1.64567,1.38,1.50
2014.02.27 02:28:00.676,1.64536,1.64567,1.00,1.50
2014.02.27 02:28:00.830,1.64536,1.64567,1.00,1.50
2014.02.27 02:28:00.881,1.64526,1.64567,1.38,1.50
2014.02.27 02:28:01.096,1.64546,1.64567,1.00,1.50
2014.02.27 02:28:01.348,1.64556,1.64584,1.13,1.50
2014.02.27 02:28:01.399,1.64556,1.64588,1.38,1.95
2014.02.27 02:28:01.449,1.64556,1.64588,1.38,1.28
2014.02.27 02:28:01.841,1.64567,1.64588,1.00,1.28
2014.02.27 02:28:02.082,1.64552,1.64588,1.35,1.28
2014.02.27 02:28:02.283,1.64547,1.64588,1.83,1.48
2014.02.27 02:28:02.334,1.64547,1.64588,1.18,2.03
2014.02.27 02:28:02.385,1.64547,1.64588,1.85,1.95
2014.02.27 02:28:02.436,1.64547,1.64588,1.18,2.03
2014.02.27 02:28:04.823,1.64541,1.64587,1.15,1.45
2014.02.27 02:28:04.874,1.64541,1.64587,1.15,1.20
2014.02.27 02:28:05.281,1.64542,1.64587,2.25,1.20
2014.02.27 02:28:05.533,1.64567,1.64603,1.13,3.75
2014.02.27 02:28:05.684,1.64557,1.64603,2.25,2.40
2014.02.27 02:28:05.860,1.64557,1.64595,1.18,1.75
2014.02.27 02:28:07.301,1.64557,1.64595,1.00,1.90
2014.02.27 02:28:07.889,1.64548,1.64595,1.53,1.53
2014.02.27 02:28:10.517,1.64548,1.64595,1.90,1.53
2014.02.27 02:28:10.820,1.64569,1.64603,1.50,1.08
2014.02.27 02:28:10.871,1.64574,1.64611,1.13,1.00
2014.02.27 02:28:10.973,1.64574,1.64614,1.50,1.15
2014.02.27 02:28:11.124,1.64569,1.64603,2.25,1.00
2014.02.27 02:28:11.174,1.64569,1.64603,2.63,1.00
2014.02.27 02:28:11.300,1.64569,1.64617,2.63,1.90
2014.02.27 02:28:11.912,1.6457,1.64617,1.53,1.53
2014.02.27 02:28:12.755,1.64569,1.64617,2.25,1.53
2014.02.27 02:28:12.963,1.64569,1.64617,2.25,1.53
2014.02.27 02:28:13.063,1.64569,1.64603,2.25,1.00
2014.02.27 02:28:14.397,1.64568,1.64614,1.83,1.95
2014.02.27 02:28:14.497,1.64563,1.64609,1.50,1.90
2014.02.27 02:28:14.652,1.6456,1.64603,1.28,1.55
2014.02.27 02:28:14.803,1.64558,1.64602,1.50,1.85
2014.02.27 02:28:14.854,1.64553,1.64593,1.88,1.00
2014.02.27 02:28:14.904,1.64553,1.64593,1.88,1.38
2014.02.27 02:28:15.005,1.64549,1.64593,1.28,1.53
2014.02.27 02:28:15.056,1.64549,1.64596,1.28,1.53
2014.02.27 02:28:19.030,1.64549,1.64596,1.28,1.53
2014.02.27 02:28:19.202,1.64549,1.64596,1.65,1.53
2014.02.27 02:28:25.305,1.64556,1.64591,1.00,1.08
2014.02.27 02:28:27.294,1.64547,1.64591,2.25,1.15
2014.02.27 02:28:27.957,1.64557,1.64591,1.00,1.15
2014.02.27 02:28:29.929,1.64546,1.64591,1.65,1.53
2014.02.27 02:28:29.980,1.64546,1.64591,1.28,1.90
2014.02.27 02:28:30.031,1.64546,1.64583,1.28,1.00
2014.02.27 02:28:30.371,1.64546,1.64583,1.13,1.15
2014.02.27 02:28:31.145,1.64546,1.64579,1.38,1.58
2014.02.27 02:28:31.880,1.64536,1.64579,1.58,1.95
2014.02.27 02:28:32.031,1.64536,1.64574,1.38,1.95
2014.02.27 02:28:33.634,1.64547,1.64574,1.00,1.95
2014.02.27 02:28:33.846,1.64547,1.64574,1.00,1.53
2014.02.27 02:28:35.059,1.64537,1.64574,1.38,1.55
2014.02.27 02:28:35.699,1.64537,1.64574,1.38,1.55
2014.02.27 02:28:36.249,1.64537,1.64578,1.38,1.90
2014.02.27 02:28:39.389,1.64546,1.64579,1.00,1.58
2014.02.27 02:28:39.543,1.64546,1.64581,1.38,1.20
2014.02.27 02:28:39.659,1.64546,1.64583,1.38,1.28
2014.02.27 02:28:43.201,1.64537,1.64583,1.53,1.65
2014.02.27 02:28:43.352,1.64543,1.64583,1.53,1.00
2014.02.27 02:28:45.426,1.64543,1.64583,1.53,1.00
2014.02.27 02:28:45.628,1.6454,1.64583,1.20,1.38
2014.02.27 02:28:45.678,1.64537,1.64583,2.03,1.53
2014.02.27 02:28:45.779,1.64536,1.64574,1.20,1.00
2014.02.27 02:28:46.300,1.64532,1.64574,1.53,1.38
2014.02.27 02:28:46.710,1.64532,1.64574,1.53,1.38
2014.02.27 02:28:46.760,1.64532,1.64581,1.53,1.53
2014.02.27 02:28:47.249,1.64532,1.64581,1.53,1.53
2014.02.27 02:28:48.108,1.64532,1.64581,1.53,1.65
2014.02.27 02:28:51.129,1.64532,1.64581,1.53,1.90
2014.02.27 02:28:51.479,1.64532,1.64581,1.53,1.53
2014.02.27 02:28:52.078,1.64532,1.64581,1.53,1.53
2014.02.27 02:28:52.380,1.64532,1.64574,1.53,1.75
2014.02.27 02:28:52.431,1.64532,1.64574,1.53,1.75
2014.02.27 02:28:52.749,1.64532,1.64574,1.53,1.38
2014.02.27 02:28:53.285,1.64532,1.64574,1.53,1.75
2014.02.27 02:28:55.829,1.64537,1.64581,1.48,1.90
2014.02.27 02:28:57.729,1.64537,1.64581,1.48,1.90
2014.02.27 02:28:57.830,1.64537,1.64581,1.48,1.90
2014.02.27 02:28:58.031,1.64537,1.64581,1.48,1.90
2014.02.27 02:28:59.169,1.64537,1.64581,1.48,1.90
2014.02.27 02:29:00.271,1.64538,1.64582,1.38,1.58
2014.02.27 02:29:00.371,1.64538,1.64582,1.38,1.58
2014.02.27 02:29:00.573,1.64538,1.64582,1.38,1.58
2014.02.27 02:29:00.673,1.64538,1.64582,1.38,1.58
2014.02.27 02:29:01.826,1.64546,1.64582,1.00,1.58
2014.02.27 02:29:02.001,1.64546,1.64582,1.00,1.58
2014.02.27 02:29:02.472,1.64546,1.64582,1.00,1.58
2014.02.27 02:29:05.410,1.64546,1.64582,1.00,1.58
2014.02.27 02:29:05.762,1.64546,1.64585,1.38,1.53
2014.02.27 02:29:06.403,1.64546,1.64585,1.53,1.55
2014.02.27 02:29:10.140,1.64546,1.6459,1.53,1.53
2014.02.27 02:29:11.165,1.64538,1.64585,1.90,1.90
2014.02.27 02:29:11.708,1.64546,1.64585,1.00,1.90
2014.02.27 02:29:11.809,1.64546,1.64585,1.38,1.90
2014.02.27 02:29:12.367,1.64557,1.6459,1.00,1.90
2014.02.27 02:29:12.468,1.64557,1.64594,1.75,1.58
2014.02.27 02:29:12.519,1.64557,1.64597,1.75,1.90
2014.02.27 02:29:12.673,1.64558,1.64601,1.83,1.58
2014.02.27 02:29:12.724,1.64566,1.64605,1.00,2.33
2014.02.27 02:29:12.925,1.64566,1.64611,1.58,3.00
2014.02.27 02:29:13.140,1.64566,1.64611,1.58,3.00
2014.02.27 02:29:15.077,1.64566,1.64604,1.48,1.45
2014.02.27 02:29:15.394,1.64564,1.64603,1.45,1.53
2014.02.27 02:29:15.445,1.64564,1.64603,1.53,1.55
2014.02.27 02:29:16.205,1.64564,1.64603,1.53,1.55
2014.02.27 02:29:16.668,1.64564,1.64603,1.53,1.55
2014.02.27 02:29:16.870,1.64563,1.64603,1.13,1.55
2014.02.27 02:29:17.169,1.64563,1.64603,1.13,1.55
2014.02.27 02:29:17.421,1.64563,1.64603,1.13,1.55
2014.02.27 02:29:17.633,1.64563,1.64603,1.13,1.58
2014.02.27 02:29:17.835,1.64563,1.64603,1.05,1.58
2014.02.27 02:29:18.836,1.64561,1.64603,2.40,1.83
2014.02.27 02:29:19.088,1.64557,1.64603,2.40,2.25
2014.02.27 02:29:19.278,1.64557,1.64593,2.03,1.38
2014.02.27 02:29:19.429,1.64567,1.64599,1.00,1.88
2014.02.27 02:29:19.918,1.64567,1.64599,1.00,2.25
2014.02.27 02:29:19.969,1.64557,1.64593,1.13,1.53
2014.02.27 02:29:20.399,1.64552,1.64593,1.15,1.53
2014.02.27 02:29:20.600,1.64547,1.6459,1.75,1.58
2014.02.27 02:29:21.458,1.64547,1.6459,1.75,1.58
2014.02.27 02:29:21.810,1.64545,1.6459,1.55,1.58
2014.02.27 02:29:23.339,1.64545,1.6459,1.55,1.58
2014.02.27 02:29:23.490,1.64538,1.64584,1.53,1.90
2014.02.27 02:29:23.770,1.64538,1.64584,1.53,1.90
2014.02.27 02:29:23.924,1.64538,1.64584,1.53,1.90
2014.02.27 02:29:24.443,1.64536,1.6458,1.95,1.90
2014.02.27 02:29:26.310,1.64536,1.6458,1.65,1.53
2014.02.27 02:29:26.411,1.64536,1.6458,1.65,1.53
2014.02.27 02:29:26.669,1.64536,1.6458,1.95,1.53
2014.02.27 02:29:26.958,1.64536,1.6458,1.95,1.53
2014.02.27 02:29:27.068,1.64536,1.6458,1.95,1.53
2014.02.27 02:29:27.290,1.64536,1.6458,1.95,1.90
2014.02.27 02:29:28.892,1.64547,1.6458,1.00,1.90
2014.02.27 02:29:29.194,1.64547,1.64587,1.38,1.58
2014.02.27 02:29:29.381,1.64545,1.64583,1.35,1.15
2014.02.27 02:29:29.968,1.64545,1.64583,1.35,1.15
2014.02.27 02:29:30.019,1.64545,1.64583,1.50,1.00
2014.02.27 02:29:30.149,1.64545,1.64583,1.50,1.00
2014.02.27 02:29:30.200,1.64547,1.64592,1.53,1.65
2014.02.27 02:29:30.410,1.64547,1.64592,1.53,1.90
2014.02.27 02:29:30.775,1.64547,1.64592,1.53,1.90
2014.02.27 02:29:32.898,1.64546,1.64592,1.53,1.90
2014.02.27 02:29:33.427,1.64539,1.64585,1.58,1.53
2014.02.27 02:29:33.697,1.64537,1.64584,1.53,1.58
2014.02.27 02:29:34.889,1.64546,1.64578,1.00,1.13
2014.02.27 02:29:34.989,1.64546,1.64578,1.00,2.93
2014.02.27 02:29:36.131,1.64547,1.64573,1.00,1.65
2014.02.27 02:29:36.232,1.64547,1.64573,1.38,1.28
2014.02.27 02:29:36.383,1.64537,1.64582,1.95,1.83
2014.02.27 02:29:36.484,1.64537,1.64582,1.95,1.15
2014.02.27 02:29:36.651,1.64537,1.64586,2.03,1.90
2014.02.27 02:30:00.531,1.64537,1.64581,1.53,1.90
2014.02.27 02:30:01.431,1.64537,1.64581,1.53,1.90
2014.02.27 02:30:02.367,1.64537,1.64579,1.38,1.58
2014.02.27 02:30:02.583,1.64532,1.64579,1.90,1.58
2014.02.27 02:30:02.633,1.64532,1.64579,1.90,1.58
2014.02.27 02:30:03.114,1.64536,1.64573,1.13,1.20
2014.02.27 02:30:03.679,1.64537,1.64573,1.00,1.20
2014.02.27 02:30:05.660,1.64532,1.64573,1.75,1.95
2014.02.27 02:30:12.311,1.64527,1.64572,1.90,1.53
2014.02.27 02:30:22.100,1.64526,1.64572,1.53,1.53
2014.02.27 02:30:30.811,1.64525,1.64564,1.45,1.45
2014.02.27 02:30:31.347,1.64521,1.64564,1.50,1.53
2014.02.27 02:30:38.599,1.64521,1.64564,1.50,1.28
2014.02.27 02:30:48.390,1.64525,1.64564,1.53,1.13
2014.02.27 02:30:53.596,1.64525,1.64564,1.90,1.38
2014.02.27 02:31:00.168,1.64522,1.64564,1.50,1.53
2014.02.27 02:31:01.849,1.64536,1.64566,1.00,1.53
2014.02.27 02:31:02.000,1.64536,1.64571,1.13,1.53
2014.02.27 02:31:02.370,1.64532,1.64563,1.65,1.00
2014.02.27 02:31:04.150,1.64532,1.64563,1.28,1.38
2014.02.27 02:31:04.302,1.64531,1.64563,1.30,1.38
2014.02.27 02:31:12.136,1.64521,1.64563,1.50,1.53
2014.02.27 02:31:14.909,1.64521,1.64563,1.50,1.53
2014.02.27 02:31:14.959,1.64521,1.64554,1.50,1.00
2014.02.27 02:31:15.278,1.64521,1.64554,1.50,1.00
2014.02.27 02:31:16.156,1.64521,1.64564,1.50,1.53
2014.02.27 02:31:19.459,1.64521,1.64564,1.50,1.90
2014.02.27 02:31:19.614,1.64521,1.64563,1.43,1.58
2014.02.27 02:31:19.664,1.64521,1.64563,1.43,1.58
2014.02.27 02:31:20.203,1.64521,1.64562,1.35,1.58
2014.02.27 02:31:20.729,1.64521,1.64562,1.35,1.58
2014.02.27 02:31:20.839,1.64521,1.64562,1.35,1.58
2014.02.27 02:31:27.021,1.64521,1.64562,1.35,1.58
2014.02.27 02:31:27.121,1.64521,1.64554,1.35,1.38
2014.02.27 02:31:27.222,1.64521,1.64554,1.35,1.53
2014.02.27 02:31:28.430,1.64521,1.64554,1.35,1.28
2014.02.27 02:31:29.058,1.64521,1.64554,1.35,1.53
2014.02.27 02:31:29.108,1.6452,1.64554,1.35,1.53
2014.02.27 02:31:31.643,1.64521,1.64554,1.68,1.53
2014.02.27 02:31:32.158,1.6452,1.64554,1.35,1.53
2014.02.27 02:31:38.678,1.64512,1.64546,1.20,1.00
2014.02.27 02:31:38.829,1.6451,1.64546,1.08,1.08
2014.02.27 02:31:38.880,1.6451,1.64546,1.00,1.18
2014.02.27 02:31:41.409,1.64506,1.64551,1.93,2.33
2014.02.27 02:31:42.159,1.6451,1.64551,1.00,2.33
2014.02.27 02:31:43.880,1.64504,1.64543,1.09,1.00
2014.02.27 02:31:43.981,1.64502,1.64543,2.25,1.50
2014.02.27 02:31:45.709,1.64502,1.64543,2.25,1.50
2014.02.27 02:31:46.579,1.64502,1.64543,2.25,1.50
2014.02.27 02:31:47.466,1.64502,1.64543,2.25,1.50
2014.02.27 02:31:52.629,1.64502,1.64543,2.25,1.50
2014.02.27 02:32:02.450,1.64502,1.64543,1.15,1.85
2014.02.27 02:32:02.859,1.64502,1.64543,1.15,1.85
2014.02.27 02:32:03.010,1.64491,1.64536,1.50,1.83
2014.02.27 02:32:03.060,1.64491,1.64536,1.50,1.83
2014.02.27 02:32:03.111,1.64487,1.64535,1.15,2.25
2014.02.27 02:32:03.212,1.64487,1.64535,1.15,2.25
2014.02.27 02:32:03.564,1.64491,1.64539,1.15,1.58
2014.02.27 02:32:03.865,1.64491,1.6454,1.83,2.33
2014.02.27 02:32:03.915,1.64491,1.64539,1.15,1.58
2014.02.27 02:32:06.090,1.64491,1.64534,1.00,1.58
2014.02.27 02:32:11.375,1.64491,1.64534,1.00,1.20
2014.02.27 02:32:13.274,1.64491,1.64534,1.00,1.58
2014.02.27 02:32:15.899,1.64482,1.64521,2.63,1.13
2014.02.27 02:32:16.201,1.64476,1.64514,1.38,1.88
2014.02.27 02:32:16.503,1.64477,1.64508,1.00,1.15
2014.02.27 02:32:16.805,1.64476,1.64503,1.00,2.25
2014.02.27 02:32:17.991,1.64476,1.64503,1.00,1.15
2014.02.27 02:32:20.465,1.64476,1.64503,1.38,1.15
2014.02.27 02:32:21.517,1.64476,1.64503,1.38,1.15
2014.02.27 02:32:21.888,1.64476,1.64508,1.00,1.50
2014.02.27 02:32:22.015,1.64476,1.6451,1.00,1.15
2014.02.27 02:32:24.862,1.64466,1.64512,1.28,1.20
2014.02.27 02:32:25.028,1.64479,1.64512,2.10,1.20
2014.02.27 02:32:25.281,1.64496,1.64524,1.00,1.53
2014.02.27 02:32:25.382,1.64486,1.64529,1.65,1.53
2014.02.27 02:32:25.648,1.64494,1.64529,1.35,1.95
2014.02.27 02:32:25.756,1.64494,1.64529,1.43,1.10
2014.02.27 02:32:25.856,1.64494,1.64533,1.50,1.58
2014.02.27 02:32:27.740,1.64493,1.64529,1.40,1.38
2014.02.27 02:32:28.050,1.64476,1.64518,1.38,1.20
2014.02.27 02:32:29.377,1.64472,1.64518,1.55,1.20
2014.02.27 02:32:29.689,1.64472,1.64518,1.55,1.20
2014.02.27 02:32:30.050,1.64472,1.64518,1.55,1.20
2014.02.27 02:32:30.553,1.64472,1.64518,1.18,1.20
2014.02.27 02:32:30.890,1.64467,1.64508,1.10,1.53
2014.02.27 02:32:31.192,1.64493,1.64515,1.38,1.75
2014.02.27 02:32:31.292,1.64493,1.64524,1.45,1.00
2014.02.27 02:32:31.343,1.64495,1.64524,2.10,1.00
2014.02.27 02:32:31.393,1.64495,1.64534,2.48,1.53
2014.02.27 02:32:33.086,1.64495,1.64534,1.90,1.38
2014.02.27 02:32:33.137,1.64493,1.64539,1.20,1.90
2014.02.27 02:32:33.188,1.64492,1.64539,2.25,1.90
2014.02.27 02:32:33.339,1.64492,1.64533,1.15,1.90
2014.02.27 02:32:33.490,1.6448,1.64529,1.95,2.33
2014.02.27 02:32:37.601,1.64476,1.64522,1.15,1.28
2014.02.27 02:32:56.528,1.6447,1.64517,1.83,1.65
2014.02.27 02:32:56.579,1.64467,1.64512,1.50,1.58
2014.02.27 02:32:56.629,1.64467,1.6451,1.08,1.13
2014.02.27 02:32:56.680,1.64466,1.64511,1.18,1.50
2014.02.27 02:32:56.780,1.64475,1.64517,1.00,1.20
2014.02.27 02:32:57.275,1.64475,1.64522,1.15,1.90
2014.02.27 02:32:57.585,1.64472,1.64504,1.50,1.00
2014.02.27 02:32:57.787,1.64447,1.6449,1.50,1.00
2014.02.27 02:32:57.837,1.64446,1.6449,1.95,1.50
2014.02.27 02:32:58.144,1.64456,1.6449,1.00,2.25
2014.02.27 02:32:58.427,1.64447,1.64485,1.00,1.15
2014.02.27 02:32:58.630,1.64447,1.64482,1.13,1.50
2014.02.27 02:32:58.932,1.64447,1.64484,1.13,1.83
2014.02.27 02:32:59.067,1.64457,1.64484,1.00,1.15
2014.02.27 02:32:59.319,1.64457,1.6449,1.00,1.50
2014.02.27 02:32:59.673,1.64457,1.64495,1.00,1.53
2014.02.27 02:33:00.380,1.64457,1.64501,1.20,1.53
2014.02.27 02:33:00.576,1.64457,1.64501,1.20,1.53
2014.02.27 02:33:05.581,1.64456,1.64495,1.08,1.58
2014.02.27 02:33:05.883,1.64456,1.6449,1.00,1.28
2014.02.27 02:33:06.656,1.64447,1.6449,1.28,1.28
2014.02.27 02:33:07.529,1.64445,1.6449,1.58,1.18
2014.02.27 02:33:07.630,1.64445,1.6449,1.58,1.10
2014.02.27 02:33:07.680,1.64448,1.64495,1.15,1.53
2014.02.27 02:33:07.982,1.64448,1.64495,1.15,1.53
2014.02.27 02:33:08.441,1.64456,1.64498,1.08,1.20
2014.02.27 02:33:08.492,1.64456,1.645,1.15,1.20
2014.02.27 02:33:09.508,1.64456,1.64501,1.58,2.33
2014.02.27 02:33:09.559,1.64456,1.64501,1.58,1.65
2014.02.27 02:33:10.151,1.64456,1.64501,1.58,1.65
2014.02.27 02:33:12.928,1.64456,1.64501,1.58,1.90
2014.02.27 02:33:13.029,1.64456,1.64501,1.10,2.33
2014.02.27 02:33:14.911,1.64456,1.64501,1.10,2.33
2014.02.27 02:33:15.448,1.64456,1.64496,1.10,1.90
2014.02.27 02:33:15.550,1.64447,1.64494,1.15,1.90
2014.02.27 02:33:15.600,1.64447,1.64494,1.15,1.90
2014.02.27 02:33:17.107,1.64446,1.64491,1.15,1.90
2014.02.27 02:33:17.578,1.64446,1.64491,1.15,1.53
2014.02.27 02:33:17.729,1.64452,1.64491,1.10,1.53
2014.02.27 02:33:17.830,1.64452,1.6449,1.60,1.58
2014.02.27 02:33:17.981,1.64457,1.64503,1.28,1.53
2014.02.27 02:33:18.032,1.64461,1.64504,1.15,1.53
2014.02.27 02:33:18.083,1.64468,1.64504,2.10,1.53
2014.02.27 02:33:18.334,1.64487,1.6452,1.00,1.38
2014.02.27 02:33:18.435,1.64487,1.6452,2.48,1.00
2014.02.27 02:33:18.486,1.64487,1.64523,2.48,1.35
2014.02.27 02:33:18.537,1.64488,1.64523,1.50,1.20
2014.02.27 02:33:18.857,1.64496,1.64533,1.28,1.53
2014.02.27 02:33:19.895,1.64496,1.64533,1.20,1.75
2014.02.27 02:33:19.946,1.64496,1.64533,1.13,1.83
2014.02.27 02:33:20.516,1.64496,1.64533,1.13,1.90
2014.02.27 02:33:20.894,1.64496,1.64534,1.13,1.90
2014.02.27 02:33:20.982,1.64491,1.64533,1.15,1.90
2014.02.27 02:33:21.084,1.64491,1.64526,1.08,1.50
2014.02.27 02:33:21.242,1.64477,1.64516,1.53,1.00
2014.02.27 02:33:21.747,1.64477,1.64526,1.65,2.33
2014.02.27 02:33:21.797,1.64477,1.64526,1.65,2.33
2014.02.27 02:33:22.318,1.64477,1.64526,1.15,2.33
2014.02.27 02:33:22.469,1.64477,1.64526,1.15,2.33
2014.02.27 02:33:23.088,1.64477,1.64526,1.15,2.33
2014.02.27 02:33:27.078,1.64477,1.64526,1.15,1.95
2014.02.27 02:33:28.689,1.64477,1.64526,1.15,2.33
2014.02.27 02:33:30.292,1.64477,1.64526,1.65,2.33
2014.02.27 02:33:30.515,1.64479,1.64526,1.20,2.33
2014.02.27 02:33:30.767,1.64483,1.64519,1.00,1.18
2014.02.27 02:33:30.817,1.64476,1.64525,1.15,2.33
2014.02.27 02:33:31.019,1.64477,1.64525,1.15,2.33
2014.02.27 02:33:31.546,1.64476,1.64525,1.15,2.33
2014.02.27 02:33:31.747,1.64477,1.64525,1.15,2.33
2014.02.27 02:33:32.743,1.64482,1.64526,1.08,1.58
2014.02.27 02:33:32.976,1.64476,1.64525,1.83,2.25
2014.02.27 02:33:33.077,1.64476,1.64525,1.65,2.33
2014.02.27 02:33:34.278,1.64482,1.64526,1.50,1.58
2014.02.27 02:33:34.409,1.64482,1.64531,1.58,1.90
2014.02.27 02:33:35.078,1.64482,1.64531,1.58,1.90
2014.02.27 02:33:35.878,1.64488,1.64523,1.08,1.00
2014.02.27 02:33:36.029,1.64488,1.64533,1.08,1.50
2014.02.27 02:33:36.331,1.64517,1.64553,1.18,1.75
2014.02.27 02:33:36.687,1.64517,1.64553,1.18,1.75
2014.02.27 02:33:37.802,1.64517,1.64553,1.18,1.75
2014.02.27 02:33:38.105,1.64517,1.64553,1.18,1.38
2014.02.27 02:33:38.322,1.64517,1.64553,1.18,1.98
2014.02.27 02:33:38.625,1.64506,1.64544,1.15,1.75
2014.02.27 02:33:39.022,1.645,1.64544,1.53,1.90
2014.02.27 02:33:40.257,1.645,1.64544,1.53,1.90
2014.02.27 02:33:41.137,1.645,1.64544,1.15,1.90
2014.02.27 02:33:42.140,1.645,1.64544,1.53,1.90
2014.02.27 02:33:42.236,1.645,1.64544,1.28,1.90
2014.02.27 02:33:43.375,1.645,1.64544,1.53,1.90
2014.02.27 02:33:45.156,1.64507,1.64547,1.00,1.90
2014.02.27 02:33:45.541,1.64507,1.64547,1.15,1.93
2014.02.27 02:33:45.787,1.64507,1.64547,1.53,1.93
2014.02.27 02:33:48.836,1.64507,1.64547,1.15,1.93
2014.02.27 02:33:57.586,1.64507,1.64549,1.00,2.25
2014.02.27 02:34:01.546,1.64505,1.64543,1.13,1.65
2014.02.27 02:34:02.646,1.64507,1.64549,1.00,2.25
2014.02.27 02:34:16.802,1.64507,1.64546,1.38,1.13
2014.02.27 02:34:17.105,1.6451,1.64549,1.15,1.35
2014.02.27 02:34:17.495,1.64513,1.64549,1.50,1.35
2014.02.27 02:34:18.892,1.64513,1.64549,1.50,1.35
2014.02.27 02:34:23.164,1.64513,1.64549,1.50,1.35
2014.02.27 02:34:23.315,1.64513,1.64548,1.50,1.35
2014.02.27 02:34:28.655,1.64517,1.64548,1.15,1.35
2014.02.27 02:34:30.540,1.64517,1.64546,1.15,1.35
2014.02.27 02:34:30.842,1.64507,1.64546,2.25,1.35
2014.02.27 02:34:37.227,1.64507,1.64546,1.58,1.35
2014.02.27 02:34:37.278,1.64507,1.64546,1.15,1.35
2014.02.27 02:34:41.767,1.64505,1.64544,1.58,2.10
2014.02.27 02:34:48.324,1.645,1.64543,1.20,1.05
2014.02.27 02:34:54.876,1.645,1.64541,1.20,1.73
2014.02.27 02:35:08.318,1.64498,1.64541,1.20,1.88
2014.02.27 02:35:08.851,1.64498,1.64541,1.20,1.88
2014.02.27 02:35:09.794,1.64498,1.64541,1.20,2.25
2014.02.27 02:35:11.394,1.64507,1.64541,1.00,1.50
2014.02.27 02:35:12.319,1.64507,1.64541,1.00,1.13
2014.02.27 02:35:12.784,1.64507,1.64541,1.00,1.13
2014.02.27 02:35:14.585,1.64498,1.64541,2.33,1.13
2014.02.27 02:35:28.383,1.64498,1.64541,1.65,1.05
2014.02.27 02:35:36.343,1.64499,1.64539,1.08,1.83
2014.02.27 02:35:36.767,1.64499,1.64539,1.00,1.90
2014.02.27 02:35:38.629,1.64496,1.64539,1.53,1.90
2014.02.27 02:35:38.830,1.64496,1.64525,1.00,1.00
2014.02.27 02:35:38.881,1.64496,1.6453,1.00,1.43
2014.02.27 02:35:39.054,1.64487,1.64529,1.53,1.83
2014.02.27 02:35:39.104,1.64487,1.64529,1.53,1.83
2014.02.27 02:35:39.155,1.64487,1.64529,1.55,1.90
2014.02.27 02:35:39.255,1.64487,1.64529,1.55,1.90
2014.02.27 02:35:39.306,1.64487,1.64529,1.55,1.90
2014.02.27 02:35:39.407,1.64487,1.64523,1.10,1.58
2014.02.27 02:35:39.961,1.64487,1.64523,1.00,1.65
2014.02.27 02:35:40.815,1.64487,1.64523,1.00,1.65
2014.02.27 02:35:41.475,1.64487,1.64523,1.13,1.65
2014.02.27 02:35:44.334,1.64487,1.64523,1.00,1.65
2014.02.27 02:35:44.563,1.64487,1.64523,1.13,1.65
2014.02.27 02:35:44.815,1.64487,1.64523,1.13,1.65
2014.02.27 02:35:45.764,1.64487,1.64523,1.00,1.65
2014.02.27 02:35:46.312,1.64487,1.64523,1.00,1.65
2014.02.27 02:35:47.308,1.64487,1.64523,1.38,1.65
2014.02.27 02:35:47.462,1.64487,1.64523,1.00,1.65
2014.02.27 02:35:47.633,1.64487,1.64523,1.00,1.65
2014.02.27 02:35:48.073,1.64487,1.64523,1.13,1.65
2014.02.27 02:35:48.644,1.64487,1.64523,1.00,1.65
2014.02.27 02:35:48.946,1.64483,1.64513,1.18,1.38
2014.02.27 02:35:48.997,1.64483,1.64513,1.00,1.13
2014.02.27 02:35:49.596,1.64483,1.64514,1.13,1.73
2014.02.27 02:35:49.748,1.64466,1.64509,2.03,1.43
2014.02.27 02:35:49.986,1.64466,1.64509,1.15,1.43
2014.02.27 02:35:56.146,1.64466,1.64508,1.15,1.43
2014.02.27 02:35:56.653,1.64466,1.64508,1.15,1.43
2014.02.27 02:35:57.187,1.64466,1.64508,1.15,1.43
2014.02.27 02:36:01.204,1.64463,1.64503,1.50,1.75
2014.02.27 02:36:01.356,1.64467,1.64505,1.18,1.83
2014.02.27 02:36:01.457,1.64467,1.64508,1.10,1.50
2014.02.27 02:36:01.905,1.64462,1.64504,1.95,1.75
2014.02.27 02:36:02.056,1.64463,1.64504,1.50,1.75
2014.02.27 02:36:02.394,1.64463,1.64504,1.50,1.75
2014.02.27 02:36:02.924,1.64463,1.64504,1.50,1.75
2014.02.27 02:36:03.509,1.64463,1.64504,1.88,1.75
2014.02.27 02:36:03.733,1.64462,1.64504,1.83,1.83
2014.02.27 02:36:03.784,1.64462,1.64503,1.15,1.85
2014.02.27 02:36:03.936,1.64456,1.64503,2.33,2.33
2014.02.27 02:36:03.986,1.64456,1.64503,1.65,1.90
2014.02.27 02:36:04.115,1.64456,1.64503,2.03,1.90
2014.02.27 02:36:04.216,1.64456,1.64503,1.65,1.90
2014.02.27 02:36:04.317,1.64456,1.64498,1.18,1.90
2014.02.27 02:36:05.453,1.64456,1.64498,1.18,1.90
2014.02.27 02:36:05.894,1.64456,1.64498,1.18,1.90
2014.02.27 02:36:07.983,1.64456,1.64498,1.18,1.90
2014.02.27 02:36:08.135,1.64456,1.64498,1.18,1.90
2014.02.27 02:36:08.387,1.64453,1.64494,1.20,1.80
2014.02.27 02:36:08.689,1.64456,1.64493,1.15,1.10
2014.02.27 02:36:08.791,1.64456,1.64493,1.58,1.00
2014.02.27 02:36:09.093,1.64456,1.64503,2.33,1.90
2014.02.27 02:36:09.853,1.64456,1.64503,2.33,1.90
2014.02.27 02:36:10.411,1.64456,1.64503,2.33,1.90
2014.02.27 02:36:10.728,1.64456,1.64495,1.10,1.90
2014.02.27 02:36:10.893,1.64449,1.64492,1.20,1.35
2014.02.27 02:36:11.195,1.64453,1.64495,1.50,1.50
2014.02.27 02:36:11.926,1.64456,1.64495,1.15,1.75
2014.02.27 02:36:13.082,1.64456,1.64495,1.55,1.58
2014.02.27 02:36:13.133,1.64456,1.64495,1.58,1.65
2014.02.27 02:36:13.657,1.64456,1.64495,1.58,1.65
2014.02.27 02:36:13.708,1.64456,1.64495,1.28,1.53
2014.02.27 02:36:17.333,1.64456,1.64495,1.58,1.53
2014.02.27 02:36:17.772,1.64457,1.64503,1.20,1.90
2014.02.27 02:36:18.900,1.64457,1.64503,1.20,1.90
2014.02.27 02:36:19.244,1.64456,1.645,1.83,1.43
2014.02.27 02:36:19.356,1.64457,1.645,1.20,1.43
2014.02.27 02:36:19.457,1.64456,1.64503,1.15,3.00
2014.02.27 02:36:19.520,1.64456,1.64503,1.15,2.33
2014.02.27 02:36:19.733,1.64459,1.64508,1.53,2.33
2014.02.27 02:36:19.895,1.64461,1.64508,1.20,1.90
2014.02.27 02:36:19.946,1.64461,1.64508,1.95,1.90
2014.02.27 02:36:20.103,1.64467,1.6451,1.53,1.50
2014.02.27 02:36:20.653,1.64467,1.6451,2.03,1.50
2014.02.27 02:36:21.529,1.64467,1.6451,2.03,1.50
2014.02.27 02:36:21.668,1.64467,1.6451,2.03,1.50
2014.02.27 02:36:23.382,1.64467,1.6451,2.03,1.50
2014.02.27 02:36:25.083,1.64467,1.6451,2.03,1.50
2014.02.27 02:36:25.184,1.64467,1.64504,1.53,1.75
2014.02.27 02:36:26.499,1.64467,1.6451,2.03,1.50
2014.02.27 02:36:28.663,1.64467,1.6451,2.03,1.50
2014.02.27 02:36:29.882,1.64467,1.6451,2.03,1.50
2014.02.27 02:36:31.422,1.64467,1.64503,1.53,1.38
2014.02.27 02:36:31.523,1.64467,1.64503,1.15,1.38
2014.02.27 02:36:31.625,1.64467,1.64503,1.00,1.58
2014.02.27 02:36:32.197,1.64467,1.64503,1.00,1.95
2014.02.27 02:36:33.303,1.64467,1.64503,1.00,1.95
2014.02.27 02:36:33.605,1.64458,1.64493,2.25,1.35
2014.02.27 02:36:33.986,1.64458,1.64493,1.50,1.73
2014.02.27 02:36:34.192,1.64458,1.64497,1.50,1.98
2014.02.27 02:36:35.952,1.64458,1.64494,1.50,1.98
2014.02.27 02:36:36.057,1.64454,1.64494,1.15,2.10
2014.02.27 02:36:36.258,1.64457,1.64495,1.55,1.05
2014.02.27 02:36:36.557,1.64457,1.645,1.95,1.50
2014.02.27 02:36:37.133,1.64457,1.645,1.95,1.50
2014.02.27 02:36:37.295,1.64457,1.645,1.28,1.50
2014.02.27 02:36:37.396,1.64457,1.645,1.53,1.50
2014.02.27 02:36:47.802,1.64454,1.64493,1.53,1.38
2014.02.27 02:36:48.015,1.64457,1.645,1.20,1.75
2014.02.27 02:36:52.341,1.64459,1.64501,1.15,1.35
2014.02.27 02:36:55.433,1.64459,1.64501,1.53,1.35
2014.02.27 02:36:55.601,1.64461,1.64501,1.20,1.35
2014.02.27 02:36:57.365,1.64467,1.64501,1.15,1.35
2014.02.27 02:36:58.365,1.64467,1.645,1.15,1.68
2014.02.27 02:37:00.143,1.64467,1.645,1.15,1.68
2014.02.27 02:37:00.782,1.64467,1.645,1.15,1.68
2014.02.27 02:37:01.162,1.64467,1.645,1.15,1.68
2014.02.27 02:37:01.263,1.64467,1.645,1.83,1.68
2014.02.27 02:37:01.464,1.64468,1.64511,1.88,1.35
2014.02.27 02:37:01.552,1.64468,1.64511,1.88,1.35
2014.02.27 02:37:02.103,1.64473,1.64511,1.15,1.35
2014.02.27 02:37:03.423,1.64473,1.64511,1.15,1.35
2014.02.27 02:37:06.997,1.64473,1.64511,1.15,1.35
2014.02.27 02:37:14.093,1.64476,1.6451,1.15,1.35
2014.02.27 02:37:16.791,1.64487,1.6451,1.00,1.35
2014.02.27 02:37:16.993,1.64487,1.64516,1.00,1.35
2014.02.27 02:37:17.145,1.64497,1.64521,1.00,1.85
2014.02.27 02:37:17.195,1.64497,1.64525,1.00,1.53
2014.02.27 02:37:17.296,1.64497,1.64527,1.00,1.13
2014.02.27 02:37:17.397,1.64497,1.64527,1.00,1.13
2014.02.27 02:37:17.599,1.64489,1.64532,1.20,1.58
2014.02.27 02:37:17.649,1.64489,1.64536,1.15,1.90
2014.02.27 02:37:17.951,1.64489,1.64536,1.15,1.53
2014.02.27 02:37:18.052,1.64489,1.64538,1.15,2.70
2014.02.27 02:37:18.203,1.64489,1.64538,1.53,2.70
2014.02.27 02:37:22.552,1.64496,1.64538,1.00,1.95
2014.02.27 02:37:22.703,1.64496,1.64538,1.38,1.20
2014.02.27 02:37:23.005,1.64503,1.64544,1.00,1.90
2014.02.27 02:37:23.337,1.64503,1.64544,1.15,1.90
2014.02.27 02:37:24.094,1.64506,1.64549,1.00,2.25
2014.02.27 02:37:25.673,1.64503,1.64536,1.15,1.35
2014.02.27 02:37:25.902,1.64506,1.64541,1.00,1.75
2014.02.27 02:37:26.844,1.64503,1.64544,1.15,1.53
2014.02.27 02:37:26.921,1.64503,1.64544,1.15,1.53
2014.02.27 02:37:27.212,1.64503,1.64544,1.15,1.53
2014.02.27 02:37:27.882,1.64503,1.64543,1.15,1.53
2014.02.27 02:37:28.971,1.64503,1.64543,1.15,1.53
2014.02.27 02:37:29.072,1.64503,1.64543,1.83,1.38
2014.02.27 02:37:29.208,1.64503,1.64543,1.83,1.38
2014.02.27 02:37:31.943,1.64508,1.64548,1.53,2.03
2014.02.27 02:37:32.157,1.64517,1.64553,1.00,1.50
2014.02.27 02:37:33.163,1.64517,1.64558,1.38,2.03
2014.02.27 02:37:33.264,1.64517,1.64559,1.13,1.20
2014.02.27 02:37:33.365,1.64517,1.64563,1.53,2.33
2014.02.27 02:37:33.466,1.64517,1.64563,1.15,2.70
2014.02.27 02:37:33.566,1.64526,1.64563,1.00,2.70
2014.02.27 02:37:33.870,1.64526,1.64563,2.63,1.08
2014.02.27 02:37:34.525,1.64526,1.64563,3.38,1.00
2014.02.27 02:37:36.792,1.64526,1.64563,3.38,1.00
2014.02.27 02:37:36.995,1.64526,1.64574,3.38,1.53
2014.02.27 02:37:38.649,1.64536,1.64578,1.38,1.50
2014.02.27 02:37:38.750,1.64537,1.64578,1.38,1.88
2014.02.27 02:37:38.921,1.64537,1.64578,1.45,1.20
2014.02.27 02:37:39.022,1.64537,1.64581,1.53,1.53
2014.02.27 02:37:39.432,1.64546,1.64585,1.38,1.50
2014.02.27 02:37:39.533,1.64546,1.64585,1.48,1.20
2014.02.27 02:37:39.584,1.64546,1.64586,1.48,2.03
2014.02.27 02:37:39.943,1.64546,1.64586,1.48,1.53
2014.02.27 02:37:44.567,1.6455,1.6459,1.38,1.50
2014.02.27 02:37:44.718,1.6456,1.64595,1.38,1.15
2014.02.27 02:37:44.869,1.64559,1.64596,1.20,1.13
2014.02.27 02:37:45.371,1.64559,1.64594,1.20,1.38
2014.02.27 02:37:45.473,1.64553,1.64594,1.20,1.38
2014.02.27 02:37:46.334,1.64549,1.64594,1.53,1.53
2014.02.27 02:37:51.411,1.64556,1.64596,1.38,1.15
2014.02.27 02:37:51.512,1.64556,1.64602,1.53,1.53
2014.02.27 02:37:53.361,1.64556,1.64602,1.53,1.53
2014.02.27 02:37:56.103,1.64566,1.64608,1.00,1.53
2014.02.27 02:37:58.316,1.64567,1.64603,1.00,1.88
2014.02.27 02:37:58.452,1.64567,1.64603,1.00,1.88
2014.02.27 02:37:58.781,1.64567,1.64603,1.00,1.53
2014.02.27 02:37:58.886,1.64567,1.64603,1.00,1.90
2014.02.27 02:38:00.112,1.64566,1.64605,1.00,2.25
2014.02.27 02:38:00.212,1.64566,1.64605,1.38,1.88
2014.02.27 02:38:03.941,1.64557,1.64599,1.90,1.53
2014.02.27 02:38:04.143,1.6455,1.64599,2.40,1.95
2014.02.27 02:38:04.678,1.64547,1.64592,1.53,1.53
2014.02.27 02:38:05.135,1.64545,1.64592,1.65,1.53
2014.02.27 02:38:05.285,1.64544,1.64587,1.10,1.95
2014.02.27 02:38:06.050,1.64533,1.64581,1.20,1.58
2014.02.27 02:38:06.101,1.64532,1.64581,2.03,1.58
2014.02.27 02:38:07.982,1.64529,1.64576,1.20,1.18
2014.02.27 02:38:08.033,1.64527,1.64576,1.53,1.15
2014.02.27 02:38:10.512,1.64526,1.64571,1.15,1.15
2014.02.27 02:38:10.852,1.64522,1.64571,1.15,1.53
2014.02.27 02:38:11.171,1.64522,1.64567,1.15,1.20
2014.02.27 02:38:12.353,1.64515,1.64563,1.53,1.20
2014.02.27 02:38:12.897,1.64515,1.64563,1.53,1.20
2014.02.27 02:38:13.530,1.64515,1.64563,1.15,1.20
2014.02.27 02:38:18.883,1.64517,1.64563,1.15,2.33
2014.02.27 02:38:19.135,1.64517,1.64556,1.00,1.53
2014.02.27 02:38:20.161,1.64509,1.64554,1.53,1.28
2014.02.27 02:38:20.463,1.64509,1.64554,1.53,1.53
2014.02.27 02:38:22.350,1.64507,1.6455,1.45,1.45
2014.02.27 02:38:22.913,1.64506,1.6455,1.53,1.53
2014.02.27 02:38:23.433,1.64506,1.64546,1.53,1.05
2014.02.27 02:38:25.080,1.64506,1.6455,1.53,1.65
2014.02.27 02:38:25.396,1.64506,1.6455,1.53,1.28
2014.02.27 02:38:33.291,1.64506,1.6455,1.53,1.15
2014.02.27 02:38:33.442,1.64507,1.64554,1.53,1.53
2014.02.27 02:38:33.884,1.64507,1.64554,1.53,1.53
2014.02.27 02:38:34.312,1.64507,1.64554,1.53,1.15
2014.02.27 02:38:37.251,1.64507,1.64554,1.53,1.28
2014.02.27 02:38:38.721,1.64507,1.64554,1.53,1.90
2014.02.27 02:38:39.451,1.64507,1.64551,1.53,1.05
2014.02.27 02:38:40.460,1.64507,1.64551,1.53,1.05
2014.02.27 02:38:40.770,1.64507,1.64554,1.53,1.53
2014.02.27 02:38:44.179,1.64507,1.64554,1.53,1.53
2014.02.27 02:38:44.525,1.64507,1.64554,1.53,1.90
2014.02.27 02:38:50.501,1.64507,1.64548,1.53,1.30
2014.02.27 02:38:50.904,1.64516,1.64556,1.38,1.53
2014.02.27 02:38:52.465,1.64516,1.64556,1.38,1.53
2014.02.27 02:38:52.791,1.64516,1.64556,1.38,1.28
2014.02.27 02:38:53.090,1.64516,1.64556,1.38,1.53
2014.02.27 02:38:53.630,1.64516,1.64556,1.48,1.53
2014.02.27 02:38:54.323,1.64516,1.64556,1.48,1.28
2014.02.27 02:38:54.675,1.64516,1.6456,1.85,1.50
2014.02.27 02:38:54.726,1.64516,1.64563,1.90,1.15
2014.02.27 02:38:54.827,1.64521,1.64563,1.58,1.00
2014.02.27 02:38:55.071,1.64527,1.64568,1.55,1.65
2014.02.27 02:38:55.769,1.64527,1.64563,1.55,2.48
2014.02.27 02:38:55.870,1.64522,1.64554,1.65,1.00
2014.02.27 02:38:56.090,1.64527,1.64558,1.38,1.30
2014.02.27 02:38:56.191,1.64527,1.64563,1.38,2.63
2014.02.27 02:38:56.528,1.64521,1.64554,1.53,1.00
2014.02.27 02:38:57.619,1.64521,1.64554,1.53,1.00
2014.02.27 02:38:57.670,1.64527,1.64562,1.38,1.13
2014.02.27 02:38:57.871,1.64522,1.64562,1.65,1.13
2014.02.27 02:38:57.972,1.64519,1.64562,1.53,1.13
2014.02.27 02:38:58.072,1.64519,1.64553,1.53,1.00
2014.02.27 02:38:58.173,1.64519,1.64553,1.15,1.00
2014.02.27 02:39:00.703,1.64519,1.64553,1.15,1.38
2014.02.27 02:39:00.854,1.64511,1.64553,1.95,1.38
2014.02.27 02:39:04.020,1.64511,1.64553,1.95,1.98
2014.02.27 02:39:04.533,1.64511,1.6455,1.95,1.35
2014.02.27 02:39:05.279,1.64511,1.6455,1.53,1.50
2014.02.27 02:39:06.444,1.64511,1.64553,1.53,1.90
2014.02.27 02:39:09.278,1.64511,1.64553,1.53,1.53
2014.02.27 02:39:11.843,1.64517,1.64557,1.00,2.63
2014.02.27 02:39:12.172,1.64517,1.64552,1.38,2.63
2014.02.27 02:39:13.906,1.64517,1.64552,1.38,1.28
2014.02.27 02:39:36.869,1.64506,1.64552,1.53,1.28
2014.02.27 02:39:38.368,1.64505,1.64544,1.53,1.00
2014.02.27 02:39:38.549,1.64507,1.64552,1.53,1.28
2014.02.27 02:39:38.782,1.64507,1.64552,1.45,1.95
2014.02.27 02:39:47.458,1.64506,1.64548,1.53,1.18
2014.02.27 02:39:47.899,1.64503,1.64544,1.20,1.00
2014.02.27 02:39:49.110,1.64507,1.64548,1.53,1.18
2014.02.27 02:39:49.457,1.64507,1.64548,1.53,1.18
2014.02.27 02:39:49.629,1.64507,1.64548,1.53,1.18
2014.02.27 02:39:59.640,1.64507,1.64548,1.53,1.18
2014.02.27 02:40:00.078,1.64507,1.64548,1.53,1.18
2014.02.27 02:40:00.189,1.64507,1.64548,1.53,1.18
2014.02.27 02:40:04.590,1.64507,1.64548,1.53,1.18
2014.02.27 02:40:06.460,1.64507,1.64548,1.53,1.18
2014.02.27 02:40:07.971,1.64507,1.64548,1.53,1.18
2014.02.27 02:40:08.763,1.64507,1.64548,1.53,1.20
2014.02.27 02:40:10.238,1.64507,1.64553,1.53,1.65
2014.02.27 02:40:10.656,1.64507,1.64553,1.53,1.65
2014.02.27 02:40:13.981,1.64507,1.64553,1.53,2.03
2014.02.27 02:40:14.082,1.64506,1.64553,1.53,1.53
2014.02.27 02:40:14.183,1.64506,1.64553,1.53,1.53
2014.02.27 02:40:14.387,1.64508,1.64553,1.88,1.58
2014.02.27 02:40:19.250,1.64508,1.64544,1.88,1.00
2014.02.27 02:40:19.362,1.64508,1.64544,1.88,1.00
2014.02.27 02:40:20.235,1.64506,1.64544,1.53,1.00
2014.02.27 02:40:25.336,1.64506,1.64553,1.53,1.95
2014.02.27 02:40:26.398,1.64506,1.64553,1.53,1.58
2014.02.27 02:40:27.910,1.64506,1.64553,1.53,1.58
2014.02.27 02:40:28.391,1.64506,1.64553,1.53,1.58
2014.02.27 02:40:30.581,1.64504,1.64543,2.70,1.00
2014.02.27 02:40:31.248,1.64504,1.64543,2.70,1.00
2014.02.27 02:40:32.889,1.64507,1.64553,1.53,2.70
2014.02.27 02:40:33.551,1.64505,1.64544,1.53,1.00
2014.02.27 02:40:36.698,1.64502,1.64544,1.65,1.18
2014.02.27 02:40:36.749,1.64502,1.64544,1.65,1.18
2014.02.27 02:40:37.809,1.645,1.64544,1.90,1.18
2014.02.27 02:40:41.904,1.645,1.64544,1.55,1.18
2014.02.27 02:40:43.472,1.64507,1.64547,1.53,1.00
2014.02.27 02:40:43.573,1.64507,1.64547,1.53,1.00
2014.02.27 02:40:44.108,1.64507,1.64547,1.53,1.00
2014.02.27 02:40:49.590,1.64504,1.64547,2.25,1.00
2014.02.27 02:40:49.741,1.64504,1.64547,2.25,1.00
2014.02.27 02:40:51.478,1.64504,1.64547,2.25,1.00
2014.02.27 02:40:58.979,1.64508,1.64556,1.53,1.50
2014.02.27 02:41:01.569,1.64508,1.64556,1.53,1.50
2014.02.27 02:41:01.726,1.64504,1.64551,2.63,1.15
2014.02.27 02:41:01.829,1.64504,1.64551,2.63,1.15
2014.02.27 02:41:01.982,1.64504,1.64551,1.95,1.15
2014.02.27 02:41:02.032,1.64504,1.64551,1.53,1.58
2014.02.27 02:41:02.552,1.64504,1.64551,1.53,1.58
2014.02.27 02:41:02.671,1.64504,1.64551,1.53,1.95
2014.02.27 02:41:02.828,1.64504,1.64551,1.53,1.58
2014.02.27 02:41:03.308,1.64504,1.64546,1.38,1.50
2014.02.27 02:41:03.560,1.64516,1.64561,1.53,1.53
2014.02.27 02:41:03.611,1.64514,1.64553,1.53,1.00
2014.02.27 02:41:03.878,1.64514,1.64553,1.53,1.00
2014.02.27 02:41:04.400,1.64517,1.64561,1.53,1.53
2014.02.27 02:41:04.869,1.64517,1.64561,1.53,1.53
2014.02.27 02:41:05.450,1.64517,1.64561,1.53,1.53
2014.02.27 02:41:05.652,1.64517,1.64556,1.38,1.53
2014.02.27 02:41:05.753,1.64517,1.64556,1.38,1.53
2014.02.27 02:41:06.240,1.64508,1.64553,1.58,1.28
2014.02.27 02:41:06.341,1.64508,1.64553,1.58,1.55
2014.02.27 02:41:06.821,1.64507,1.64553,2.40,1.95
2014.02.27 02:41:07.151,1.64507,1.64553,3.75,1.15
2014.02.27 02:41:08.812,1.64517,1.64556,1.38,1.53
2014.02.27 02:41:09.120,1.64507,1.64553,3.75,1.53
2014.02.27 02:41:10.223,1.64507,1.64553,3.75,1.53
2014.02.27 02:41:10.571,1.64507,1.64553,3.75,1.28
2014.02.27 02:41:11.588,1.64516,1.64556,1.38,1.53
2014.02.27 02:41:11.979,1.64516,1.64556,1.38,1.53
2014.02.27 02:41:12.486,1.64514,1.64553,1.65,1.28
2014.02.27 02:41:12.886,1.64507,1.64553,3.75,1.53
2014.02.27 02:41:13.200,1.64509,1.64554,1.15,1.13
2014.02.27 02:41:13.401,1.64503,1.64546,1.20,1.18
2014.02.27 02:41:13.502,1.64499,1.64546,1.53,1.15
2014.02.27 02:41:14.909,1.64497,1.64541,1.20,1.18
2014.02.27 02:41:15.459,1.64497,1.64541,1.53,1.15
2014.02.27 02:41:19.913,1.64489,1.64536,2.03,1.15
2014.02.27 02:41:20.497,1.64497,1.64536,1.38,1.15
2014.02.27 02:41:20.800,1.64493,1.64542,1.95,1.58
2014.02.27 02:41:23.088,1.64493,1.64542,1.95,1.58
2014.02.27 02:41:23.393,1.64493,1.64534,1.13,1.08
2014.02.27 02:41:23.725,1.64489,1.64534,1.53,1.15
2014.02.27 02:41:25.527,1.64494,1.64542,1.53,1.50
2014.02.27 02:41:25.627,1.645,1.64547,1.53,1.15
2014.02.27 02:41:27.198,1.64498,1.64542,1.45,1.15
2014.02.27 02:41:27.248,1.64497,1.64542,1.53,1.15
2014.02.27 02:41:27.540,1.64494,1.64537,1.45,1.18
2014.02.27 02:41:28.148,1.64494,1.64537,1.48,1.15
2014.02.27 02:41:33.442,1.64496,1.64537,1.38,1.15
2014.02.27 02:41:45.210,1.64506,1.6454,1.38,1.50
2014.02.27 02:41:45.512,1.64506,1.64551,1.48,1.50
2014.02.27 02:41:45.624,1.64506,1.64552,1.58,1.83
2014.02.27 02:41:45.725,1.64506,1.64552,2.03,1.15
2014.02.27 02:41:45.887,1.64508,1.64554,2.63,1.15
2014.02.27 02:41:47.422,1.6451,1.64554,1.53,1.15
2014.02.27 02:41:48.279,1.64508,1.64554,3.00,1.15
2014.02.27 02:41:48.581,1.64517,1.64561,1.90,1.28
2014.02.27 02:41:48.883,1.64517,1.64561,2.33,1.00
2014.02.27 02:41:50.043,1.64518,1.64567,1.90,1.15
2014.02.27 02:41:52.678,1.64518,1.64567,1.90,1.15
2014.02.27 02:41:52.899,1.64518,1.64567,1.90,1.15
2014.02.27 02:41:53.050,1.64518,1.64564,1.90,1.58
2014.02.27 02:41:56.123,1.64527,1.64562,1.38,1.15
2014.02.27 02:41:56.665,1.64516,1.64562,1.90,1.15
2014.02.27 02:41:56.858,1.64516,1.64562,1.90,1.15
2014.02.27 02:41:58.537,1.64527,1.64562,1.38,1.15
2014.02.27 02:41:59.068,1.64527,1.64562,1.38,1.15
2014.02.27 02:41:59.219,1.64527,1.64567,1.38,1.15
2014.02.27 02:42:00.067,1.64527,1.64567,1.38,1.15
2014.02.27 02:42:00.378,1.64526,1.64567,1.38,1.15
2014.02.27 02:42:00.539,1.64518,1.64567,2.33,1.83
2014.02.27 02:42:00.851,1.64518,1.64565,1.53,1.50
2014.02.27 02:42:14.923,1.64518,1.64563,1.53,1.58
2014.02.27 02:42:14.973,1.64518,1.64563,1.53,1.15
2014.02.27 02:42:15.124,1.64526,1.64572,1.53,1.15
2014.02.27 02:42:15.427,1.64528,1.64572,1.20,1.18
2014.02.27 02:42:19.868,1.64528,1.64572,1.20,1.18
2014.02.27 02:42:31.983,1.64528,1.64572,1.20,1.55
2014.02.27 02:42:32.134,1.64526,1.64571,1.20,1.13
2014.02.27 02:42:32.455,1.64517,1.64565,1.90,1.15
2014.02.27 02:42:32.763,1.64516,1.64554,2.33,1.00
2014.02.27 02:42:32.814,1.64516,1.64565,3.08,1.53
2014.02.27 02:42:33.016,1.64516,1.64565,2.40,1.83
2014.02.27 02:42:34.088,1.64516,1.64565,2.40,1.83
2014.02.27 02:42:34.138,1.64516,1.64565,2.40,1.15
2014.02.27 02:42:39.439,1.64517,1.64563,1.90,1.53
2014.02.27 02:42:47.087,1.64526,1.64564,1.00,1.53
2014.02.27 02:42:47.289,1.64527,1.64564,1.65,1.13
2014.02.27 02:42:52.347,1.64521,1.64564,1.58,1.20
2014.02.27 02:42:58.908,1.64526,1.64564,1.38,1.53
2014.02.27 02:43:06.959,1.64526,1.64558,1.00,1.38
2014.02.27 02:43:07.267,1.64526,1.64559,1.00,1.20
2014.02.27 02:43:07.368,1.64526,1.64563,1.38,1.53
2014.02.27 02:43:07.519,1.64526,1.64563,1.38,1.28
2014.02.27 02:43:07.569,1.64526,1.64563,1.45,1.20
2014.02.27 02:43:11.241,1.64526,1.6457,1.53,1.13
2014.02.27 02:43:12.423,1.64536,1.6457,1.00,1.13
2014.02.27 02:43:12.726,1.64537,1.64575,1.38,1.20
2014.02.27 02:43:12.776,1.64537,1.6458,1.48,1.20
2014.02.27 02:43:12.877,1.64537,1.64583,1.53,1.53
2014.02.27 02:43:15.477,1.64547,1.64583,1.00,1.53
2014.02.27 02:43:15.848,1.64547,1.64583,1.00,1.53
2014.02.27 02:43:19.006,1.64547,1.64583,1.00,1.53
2014.02.27 02:43:19.621,1.64547,1.64586,1.18,1.13
2014.02.27 02:43:21.296,1.64547,1.64586,1.55,1.13
2014.02.27 02:43:23.387,1.64547,1.64586,1.55,1.13
2014.02.27 02:43:25.148,1.64541,1.64584,1.20,2.08
2014.02.27 02:43:25.366,1.64541,1.64584,1.20,2.08
2014.02.27 02:43:30.845,1.64547,1.64585,1.18,1.13
2014.02.27 02:43:30.896,1.64547,1.64585,1.55,1.13
2014.02.27 02:43:32.228,1.64547,1.64584,1.18,1.05
2014.02.27 02:43:32.296,1.64547,1.64584,1.18,1.05
2014.02.27 02:43:39.318,1.64547,1.64583,1.00,1.13
2014.02.27 02:43:40.107,1.6454,1.64583,1.53,1.88
2014.02.27 02:43:47.074,1.64547,1.64583,1.00,1.13
2014.02.27 02:43:52.428,1.64547,1.64587,1.13,1.90
2014.02.27 02:44:01.493,1.64547,1.64587,1.00,1.53
2014.02.27 02:44:05.918,1.6454,1.64584,1.53,1.53
2014.02.27 02:44:06.019,1.64536,1.64582,1.90,1.53
2014.02.27 02:44:08.596,1.64547,1.64582,1.00,1.53
2014.02.27 02:44:08.850,1.64537,1.64582,1.65,1.53
2014.02.27 02:44:12.336,1.64546,1.64582,1.00,1.53
2014.02.27 02:44:15.659,1.64546,1.64582,1.00,1.53
2014.02.27 02:44:16.215,1.64546,1.64587,1.10,1.53
2014.02.27 02:44:27.295,1.64556,1.64587,1.00,1.53
2014.02.27 02:44:27.446,1.64556,1.64587,1.00,1.53
2014.02.27 02:44:27.498,1.64556,1.64593,1.38,1.20
2014.02.27 02:44:27.599,1.64556,1.64593,1.98,1.20
2014.02.27 02:44:27.910,1.64575,1.64604,1.13,1.38
2014.02.27 02:44:28.703,1.64574,1.64604,1.20,1.38
2014.02.27 02:44:30.206,1.64568,1.64608,1.48,1.50
2014.02.27 02:44:30.257,1.64567,1.64605,1.08,1.45
2014.02.27 02:44:30.769,1.64567,1.64599,1.00,1.20
2014.02.27 02:44:33.126,1.64556,1.64592,1.10,1.05
2014.02.27 02:44:35.476,1.64551,1.64592,1.00,1.88
2014.02.27 02:44:35.577,1.64546,1.64592,1.90,1.88
2014.02.27 02:44:35.678,1.64548,1.64592,1.58,1.80
2014.02.27 02:44:35.999,1.64556,1.64592,1.48,1.48
2014.02.27 02:44:36.050,1.64556,1.64599,1.85,1.20
2014.02.27 02:44:36.248,1.64556,1.646,2.25,1.20
2014.02.27 02:44:38.411,1.64557,1.64594,1.15,1.38
2014.02.27 02:44:38.924,1.64557,1.64594,1.15,1.38
2014.02.27 02:44:40.627,1.64557,1.64594,1.08,1.45
2014.02.27 02:44:40.727,1.64557,1.64594,1.00,1.55
2014.02.27 02:44:43.313,1.64554,1.64594,1.93,1.55
2014.02.27 02:44:43.840,1.64554,1.64594,1.58,1.38
2014.02.27 02:44:47.652,1.64554,1.64594,1.58,1.38
2014.02.27 02:44:48.525,1.64554,1.64594,1.58,1.00
2014.02.27 02:44:48.676,1.6456,1.64603,1.65,1.58
2014.02.27 02:44:48.777,1.6456,1.64604,1.53,1.55
2014.02.27 02:44:49.231,1.6456,1.64604,1.90,1.55
2014.02.27 02:44:49.284,1.64563,1.64604,1.58,1.45
2014.02.27 02:44:50.016,1.64564,1.64604,1.58,1.38
2014.02.27 02:44:52.605,1.64564,1.64604,1.20,1.38
2014.02.27 02:44:52.807,1.6456,1.64604,1.90,1.53
2014.02.27 02:44:54.905,1.6456,1.64594,1.53,1.38
2014.02.27 02:44:55.056,1.6456,1.64594,1.28,1.38
2014.02.27 02:44:55.162,1.6456,1.64604,1.65,1.65
2014.02.27 02:44:57.472,1.6456,1.64594,1.28,1.38
2014.02.27 02:45:00.910,1.6456,1.64603,1.58,1.53
2014.02.27 02:45:00.961,1.64562,1.64603,1.00,1.53
2014.02.27 02:45:02.238,1.64562,1.64603,1.00,1.53
2014.02.27 02:45:02.347,1.6456,1.64603,1.95,1.53
2014.02.27 02:45:03.472,1.64562,1.64603,1.00,1.53
2014.02.27 02:45:04.107,1.64562,1.64603,1.00,1.53
2014.02.27 02:45:04.877,1.6456,1.64603,1.95,1.53
2014.02.27 02:45:09.155,1.6456,1.64593,1.95,1.38
2014.02.27 02:45:09.205,1.64557,1.64593,1.53,1.38
2014.02.27 02:45:09.256,1.64557,1.64593,1.15,1.38
2014.02.27 02:45:09.357,1.64557,1.64593,1.00,1.58
2014.02.27 02:45:10.306,1.64567,1.646,1.00,3.60
2014.02.27 02:45:10.409,1.64567,1.646,1.00,3.60
2014.02.27 02:45:11.627,1.64558,1.64593,1.90,1.38
2014.02.27 02:45:11.878,1.64561,1.64593,1.15,1.38
2014.02.27 02:45:14.617,1.64561,1.64584,1.15,1.00
2014.02.27 02:45:14.819,1.6456,1.64584,1.13,1.00
2014.02.27 02:45:16.394,1.6456,1.64573,1.13,1.00
2014.02.27 02:45:16.445,1.64547,1.64573,1.58,1.38
2014.02.27 02:45:16.546,1.64542,1.64573,1.28,1.38
2014.02.27 02:45:16.647,1.64547,1.64583,1.55,1.38
2014.02.27 02:45:16.749,1.64547,1.64583,1.93,1.88
2014.02.27 02:45:17.052,1.64556,1.64573,1.13,1.00
2014.02.27 02:45:17.786,1.64556,1.64584,1.13,1.55
2014.02.27 02:45:17.889,1.64556,1.64584,1.50,1.18
2014.02.27 02:45:18.327,1.64552,1.64584,1.35,1.18
2014.02.27 02:45:18.846,1.64552,1.64584,1.43,1.00
2014.02.27 02:45:21.967,1.64546,1.64584,1.90,1.00
2014.02.27 02:45:25.069,1.64546,1.64573,1.85,1.00
2014.02.27 02:45:25.220,1.64546,1.64573,1.10,1.00
2014.02.27 02:45:26.221,1.64533,1.64573,1.90,1.00
2014.02.27 02:45:26.367,1.64533,1.64564,1.90,1.00
2014.02.27 02:45:31.246,1.64528,1.64564,1.20,1.00
2014.02.27 02:45:31.346,1.64523,1.64564,2.33,1.00
2014.02.27 02:45:31.397,1.64523,1.64564,1.95,1.38
2014.02.27 02:45:31.649,1.64523,1.64564,1.58,1.53
2014.02.27 02:45:32.597,1.64523,1.64564,1.58,1.15
2014.02.27 02:45:34.640,1.64527,1.64568,1.75,1.20
2014.02.27 02:45:34.741,1.64529,1.64573,1.93,1.95
2014.02.27 02:45:34.853,1.64547,1.64573,1.00,1.13
2014.02.27 02:45:34.903,1.64547,1.64583,1.00,1.90
2014.02.27 02:45:34.954,1.64547,1.64583,1.83,1.45
2014.02.27 02:45:35.105,1.64553,1.64574,1.28,1.00
2014.02.27 02:45:35.306,1.64545,1.64572,1.00,2.03
2014.02.27 02:45:35.357,1.64538,1.64572,1.38,2.03
2014.02.27 02:45:35.407,1.64538,1.64571,1.38,1.50
2014.02.27 02:45:35.659,1.6453,1.64574,2.33,1.45
2014.02.27 02:45:35.709,1.6453,1.64574,1.95,1.45
2014.02.27 02:45:36.061,1.64534,1.64574,2.25,1.38
2014.02.27 02:45:36.299,1.6453,1.64574,1.90,1.55
2014.02.27 02:45:36.463,1.64529,1.64573,1.58,1.45
2014.02.27 02:45:36.584,1.64526,1.64573,1.90,1.53
2014.02.27 02:45:38.585,1.64524,1.64564,1.90,1.00
2014.02.27 02:45:38.692,1.64524,1.64564,1.90,1.38
2014.02.27 02:45:38.893,1.64524,1.64564,1.90,1.00
2014.02.27 02:45:38.949,1.64524,1.64564,1.90,1.00
2014.02.27 02:45:39.346,1.64526,1.64573,1.90,1.53
2014.02.27 02:45:41.106,1.64526,1.64573,1.90,1.53
2014.02.27 02:45:41.785,1.64526,1.64573,1.90,1.53
2014.02.27 02:45:43.285,1.64528,1.64573,2.25,1.53
2014.02.27 02:45:43.807,1.64528,1.64573,2.25,1.53
2014.02.27 02:45:44.635,1.64528,1.64564,2.25,1.00
2014.02.27 02:45:44.922,1.64528,1.64573,1.58,2.40
2014.02.27 02:45:45.023,1.64527,1.64573,1.90,2.03
2014.02.27 02:45:49.108,1.64533,1.64573,1.15,1.58
2014.02.27 02:45:51.516,1.64529,1.64573,1.90,1.58
2014.02.27 02:45:52.176,1.64529,1.64573,1.90,1.58
2014.02.27 02:45:52.894,1.64529,1.64573,1.90,1.58
2014.02.27 02:45:58.474,1.64529,1.64573,1.90,1.20
2014.02.27 02:45:58.525,1.64533,1.64573,1.58,1.10
2014.02.27 02:45:58.860,1.64538,1.64573,1.28,1.00
2014.02.27 02:46:13.125,1.64546,1.64584,1.00,1.90
2014.02.27 02:46:13.226,1.64546,1.64582,1.38,1.20
2014.02.27 02:46:13.276,1.64546,1.64584,1.75,1.53
2014.02.27 02:46:19.754,1.64557,1.64584,1.00,1.38
2014.02.27 02:46:26.314,1.64557,1.64574,1.00,1.00
2014.02.27 02:46:31.841,1.64557,1.64584,1.00,1.38
2014.02.27 02:46:31.891,1.64553,1.64584,1.35,1.00
2014.02.27 02:46:32.804,1.64553,1.64591,1.35,1.53
2014.02.27 02:46:33.439,1.64553,1.64591,1.35,1.53
2014.02.27 02:46:38.874,1.64546,1.64584,2.40,1.00
2014.02.27 02:46:39.175,1.64559,1.64591,1.00,1.53
2014.02.27 02:46:39.294,1.64559,1.64583,1.00,1.00
2014.02.27 02:46:39.602,1.64561,1.64583,1.00,1.38
2014.02.27 02:46:39.703,1.64561,1.64591,1.00,1.53
2014.02.27 02:46:39.856,1.64549,1.64583,1.50,1.00
2014.02.27 02:46:40.371,1.6455,1.64584,1.05,1.38
2014.02.27 02:46:40.712,1.64561,1.64584,1.00,1.00
2014.02.27 02:46:40.914,1.64547,1.64584,1.53,1.38
2014.02.27 02:46:41.165,1.64546,1.64591,1.90,1.53
2014.02.27 02:46:41.266,1.64561,1.64591,1.13,1.53
2014.02.27 02:46:41.568,1.64544,1.64573,2.33,1.00
2014.02.27 02:46:41.618,1.6455,1.64591,1.05,1.53
2014.02.27 02:46:41.719,1.64553,1.64591,1.88,1.53
2014.02.27 02:46:41.770,1.6455,1.64591,1.43,1.53
2014.02.27 02:46:42.806,1.64559,1.64573,1.00,1.00
2014.02.27 02:46:44.355,1.64559,1.64584,1.00,1.38
2014.02.27 02:46:47.544,1.64559,1.64574,1.00,1.00
2014.02.27 02:46:51.173,1.64559,1.64584,1.00,1.38
2014.02.27 02:46:51.245,1.64559,1.64584,1.00,1.38
2014.02.27 02:46:51.355,1.64559,1.64584,1.00,1.38
2014.02.27 02:46:53.005,1.64559,1.64584,1.00,1.38
2014.02.27 02:46:53.159,1.64559,1.64591,1.00,1.53
2014.02.27 02:46:53.360,1.64549,1.6459,1.85,1.20
2014.02.27 02:46:53.461,1.64544,1.6459,1.53,1.20
2014.02.27 02:46:53.572,1.64545,1.64591,1.20,1.53
2014.02.27 02:46:53.875,1.64545,1.64583,1.65,1.58
2014.02.27 02:46:53.934,1.64545,1.64583,1.65,1.58
2014.02.27 02:46:54.171,1.64538,1.64583,3.00,1.58
2014.02.27 02:46:56.003,1.64538,1.64583,3.00,1.58
2014.02.27 02:46:56.343,1.64538,1.64574,1.53,1.38
2014.02.27 02:46:56.496,1.64533,1.64574,1.58,1.38
2014.02.27 02:46:56.659,1.64533,1.64574,1.58,1.38
2014.02.27 02:46:56.759,1.64526,1.64573,2.93,1.53
2014.02.27 02:46:57.531,1.64526,1.64573,2.93,1.53
2014.02.27 02:46:58.835,1.64526,1.64573,2.93,1.53
2014.02.27 02:46:59.407,1.64526,1.64567,2.93,1.00
2014.02.27 02:46:59.709,1.64519,1.64554,1.53,1.38
2014.02.27 02:46:59.760,1.64517,1.64554,1.15,1.38
2014.02.27 02:46:59.861,1.64517,1.64554,1.00,1.53
2014.02.27 02:46:59.961,1.64511,1.64552,1.55,1.53
2014.02.27 02:47:00.163,1.64511,1.64552,1.18,1.53
2014.02.27 02:47:06.065,1.64505,1.64552,1.95,1.53
2014.02.27 02:47:10.867,1.64505,1.64544,1.95,1.00
2014.02.27 02:47:10.917,1.64505,1.64544,1.95,1.00
2014.02.27 02:47:11.068,1.64499,1.64544,1.53,1.18
2014.02.27 02:47:11.270,1.64499,1.64544,1.53,1.55
2014.02.27 02:47:12.694,1.64499,1.64544,1.53,1.55
2014.02.27 02:47:12.946,1.64499,1.64548,1.53,1.53
2014.02.27 02:47:18.684,1.64499,1.64544,1.15,1.55
2014.02.27 02:47:18.785,1.64496,1.64542,1.53,1.53
2014.02.27 02:47:19.533,1.64496,1.64542,1.15,1.53
2014.02.27 02:47:19.634,1.64493,1.64542,1.53,1.53
2014.02.27 02:47:19.735,1.64493,1.64542,1.53,1.53
2014.02.27 02:47:20.278,1.64493,1.64542,1.65,1.53
2014.02.27 02:47:22.044,1.64493,1.64533,1.90,1.13
2014.02.27 02:47:24.354,1.64493,1.64542,1.90,1.53
2014.02.27 02:47:24.956,1.64503,1.64543,1.08,1.45
2014.02.27 02:47:25.007,1.64503,1.64543,1.58,1.38
2014.02.27 02:47:25.208,1.64503,1.64552,2.33,1.53
2014.02.27 02:47:26.722,1.64509,1.64553,1.45,1.95
2014.02.27 02:47:26.823,1.64509,1.64553,1.53,1.20
2014.02.27 02:47:26.923,1.64509,1.64558,1.53,1.28
2014.02.27 02:47:27.735,1.64509,1.64558,1.90,1.15
2014.02.27 02:47:31.328,1.64518,1.64559,1.45,1.20
2014.02.27 02:47:31.379,1.64518,1.64563,1.55,1.20
2014.02.27 02:47:31.631,1.64518,1.64563,1.55,1.20
2014.02.27 02:47:31.934,1.64518,1.64563,1.53,2.03
2014.02.27 02:47:32.983,1.64518,1.64565,1.28,1.53
2014.02.27 02:47:36.752,1.64518,1.64564,1.28,1.53
2014.02.27 02:47:37.936,1.64518,1.64563,1.15,1.20
2014.02.27 02:47:38.280,1.64512,1.64553,1.65,1.53
2014.02.27 02:47:40.225,1.64512,1.64559,1.28,1.88
2014.02.27 02:47:40.275,1.64512,1.64559,1.53,1.88
2014.02.27 02:47:42.014,1.64512,1.64559,1.53,1.88
2014.02.27 02:47:45.373,1.64512,1.64559,1.90,1.88
2014.02.27 02:47:45.686,1.64527,1.64561,1.00,1.53
2014.02.27 02:47:45.948,1.64527,1.64567,1.00,1.53
2014.02.27 02:47:46.328,1.6452,1.64563,1.90,1.53
2014.02.27 02:47:48.198,1.6452,1.64563,1.90,1.53
2014.02.27 02:47:48.249,1.6452,1.64563,1.90,1.53
2014.02.27 02:47:48.450,1.64527,1.64573,2.40,1.53
2014.02.27 02:47:58.742,1.64527,1.64574,1.90,1.95
2014.02.27 02:48:01.643,1.64527,1.64575,1.90,1.50
2014.02.27 02:48:01.794,1.64533,1.64574,1.75,1.20
2014.02.27 02:48:05.213,1.64533,1.64574,1.38,1.20
2014.02.27 02:48:07.024,1.64527,1.64569,1.38,1.50
2014.02.27 02:48:10.713,1.64522,1.64569,1.90,2.63
2014.02.27 02:48:11.152,1.64522,1.64564,1.90,1.15
2014.02.27 02:48:11.455,1.64529,1.64564,1.50,1.00
2014.02.27 02:48:11.963,1.64529,1.64564,1.50,1.00
2014.02.27 02:48:12.600,1.64528,1.64573,1.90,1.20
2014.02.27 02:48:12.701,1.64528,1.64573,1.53,1.20
2014.02.27 02:48:12.802,1.64528,1.64569,1.45,1.20
2014.02.27 02:48:13.234,1.64528,1.64569,1.75,1.50
2014.02.27 02:48:13.412,1.64528,1.64569,1.38,1.88
2014.02.27 02:48:25.275,1.64528,1.64568,1.38,1.20
2014.02.27 02:48:25.526,1.64522,1.64563,1.58,1.53
2014.02.27 02:48:25.778,1.64522,1.64563,1.38,1.53
2014.02.27 02:48:25.879,1.64515,1.6456,1.58,1.20
2014.02.27 02:48:26.382,1.64515,1.64559,1.58,1.20
2014.02.27 02:48:30.902,1.64515,1.64559,1.48,1.20
2014.02.27 02:48:33.994,1.64515,1.64559,1.48,1.20
2014.02.27 02:48:35.200,1.64515,1.64559,1.48,1.20
2014.02.27 02:48:35.843,1.64515,1.64556,1.10,1.53
2014.02.27 02:48:35.894,1.64508,1.64553,1.95,1.55
2014.02.27 02:48:36.220,1.64501,1.64546,1.85,1.20
2014.02.27 02:48:39.533,1.64518,1.64544,2.10,1.53
2014.02.27 02:48:39.684,1.64521,1.64548,1.05,1.38
2014.02.27 02:48:39.785,1.64532,1.64553,1.00,1.50
2014.02.27 02:48:39.885,1.64532,1.64553,1.00,1.18
2014.02.27 02:48:40.037,1.6451,1.6455,1.50,1.65
2014.02.27 02:48:40.238,1.64502,1.64545,1.10,1.20
2014.02.27 02:48:40.357,1.64497,1.6454,1.13,1.53
2014.02.27 02:48:40.407,1.64496,1.64539,1.48,1.83
2014.02.27 02:48:40.794,1.64487,1.64529,1.75,1.50
2014.02.27 02:48:42.578,1.64489,1.64532,1.55,1.15
2014.02.27 02:48:43.128,1.64497,1.64532,1.13,1.15
2014.02.27 02:48:43.693,1.64487,1.64532,1.53,1.15
2014.02.27 02:48:46.442,1.64487,1.64532,1.65,1.15
2014.02.27 02:48:50.380,1.64487,1.64532,1.65,1.15
2014.02.27 02:48:59.282,1.64487,1.64532,1.90,1.15
2014.02.27 02:49:03.311,1.6449,1.64536,1.85,1.50
2014.02.27 02:49:06.362,1.64507,1.6454,1.00,1.88
2014.02.27 02:49:06.463,1.64507,1.64547,1.00,1.20
2014.02.27 02:49:06.652,1.64507,1.64547,1.38,1.20
2014.02.27 02:49:20.847,1.64507,1.64547,1.00,1.20
2014.02.27 02:49:25.864,1.645,1.64548,1.53,1.50
2014.02.27 02:49:25.915,1.645,1.64547,1.15,1.95
2014.02.27 02:49:26.066,1.645,1.64538,1.00,1.15
2014.02.27 02:49:26.393,1.64496,1.64534,1.68,1.50
2014.02.27 02:49:27.081,1.64496,1.64534,1.30,1.50
2014.02.27 02:49:29.691,1.64486,1.64532,1.90,1.53
2014.02.27 02:49:30.099,1.64486,1.64527,1.38,1.20
2014.02.27 02:49:31.545,1.64486,1.64527,1.38,1.20
2014.02.27 02:49:36.241,1.64486,1.64528,1.38,1.88
2014.02.27 02:49:36.686,1.64496,1.64528,1.38,1.50
2014.02.27 02:49:36.787,1.64496,1.64532,1.38,1.58
2014.02.27 02:49:37.644,1.64496,1.64532,1.38,1.58
2014.02.27 02:49:38.331,1.64496,1.64532,1.38,1.58
2014.02.27 02:49:38.881,1.64496,1.64532,1.38,1.95
2014.02.27 02:49:38.991,1.64496,1.64532,1.38,1.95
2014.02.27 02:49:39.211,1.64496,1.64532,1.38,1.95
2014.02.27 02:49:40.009,1.64496,1.64532,1.38,1.95
2014.02.27 02:49:42.621,1.64496,1.64532,1.00,1.95
2014.02.27 02:49:43.103,1.64496,1.64529,1.00,1.20
2014.02.27 02:49:43.651,1.64496,1.64526,1.00,1.50
2014.02.27 02:49:46.401,1.64486,1.64526,1.38,1.50
2014.02.27 02:49:46.602,1.64486,1.64526,1.38,1.50
2014.02.27 02:49:48.730,1.64497,1.64526,1.00,1.50
2014.02.27 02:49:52.140,1.64486,1.64526,1.38,1.50
2014.02.27 02:49:52.951,1.64486,1.64525,1.38,1.20
2014.02.27 02:50:02.200,1.64486,1.64531,1.48,1.20
2014.02.27 02:50:04.072,1.64486,1.64531,1.48,1.20
2014.02.27 02:50:04.950,1.64496,1.64532,1.38,2.63
2014.02.27 02:50:11.942,1.64496,1.64532,1.75,1.20
2014.02.27 02:50:12.193,1.64504,1.64544,1.45,1.45
2014.02.27 02:50:17.939,1.64507,1.64541,1.00,1.13
2014.02.27 02:50:35.030,1.64507,1.64535,1.00,2.48
2014.02.27 02:50:35.332,1.64499,1.6453,1.18,1.35
2014.02.27 02:50:35.383,1.64507,1.64536,1.00,1.85
2014.02.27 02:50:35.433,1.64507,1.64543,1.38,1.95
2014.02.27 02:50:35.534,1.64507,1.64543,1.58,1.38
2014.02.27 02:50:35.685,1.64507,1.64543,1.58,1.00
2014.02.27 02:50:36.368,1.64508,1.6455,1.50,1.13
2014.02.27 02:50:36.419,1.64506,1.6455,1.28,1.50
2014.02.27 02:50:47.419,1.64506,1.6455,1.53,1.50
2014.02.27 02:51:12.541,1.64506,1.64545,1.53,2.63
2014.02.27 02:51:12.793,1.645,1.64533,1.38,1.00
2014.02.27 02:51:12.961,1.64498,1.64541,1.55,1.20
2014.02.27 02:51:13.475,1.64506,1.64541,1.00,1.20
2014.02.27 02:51:15.721,1.64506,1.64541,1.38,1.20
2014.02.27 02:51:15.822,1.64506,1.64546,1.38,1.20
2014.02.27 02:51:15.927,1.64506,1.64546,1.38,1.20
2014.02.27 02:51:16.721,1.64516,1.64546,1.00,1.20
2014.02.27 02:51:17.870,1.64507,1.64541,1.38,1.45
2014.02.27 02:51:17.921,1.64507,1.64541,1.00,1.83
2014.02.27 02:51:18.222,1.64498,1.64533,1.38,1.88
2014.02.27 02:51:18.859,1.64496,1.64538,1.38,3.00
2014.02.27 02:51:22.200,1.64496,1.64538,1.13,3.00
2014.02.27 02:51:22.610,1.64496,1.64531,1.00,1.50
2014.02.27 02:51:25.825,1.64496,1.64528,1.00,1.13
2014.02.27 02:51:26.718,1.64496,1.64533,1.38,2.63
2014.02.27 02:51:26.824,1.64496,1.64532,1.38,1.20
2014.02.27 02:51:27.358,1.64496,1.64532,1.38,1.20
2014.02.27 02:51:29.649,1.64496,1.64532,1.38,1.20
2014.02.27 02:51:30.441,1.64487,1.64532,1.53,1.20
2014.02.27 02:51:38.399,1.64484,1.64523,1.53,1.00
2014.02.27 02:51:43.223,1.64484,1.64523,1.55,1.08
2014.02.27 02:51:45.913,1.64479,1.64523,1.93,1.15
2014.02.27 02:51:46.780,1.64479,1.64523,1.93,1.58
2014.02.27 02:51:59.522,1.64486,1.64524,1.38,1.88
2014.02.27 02:52:05.197,1.64487,1.64523,1.38,1.50
2014.02.27 02:52:05.812,1.64487,1.6452,1.38,1.83
2014.02.27 02:52:12.916,1.64487,1.64521,1.38,1.50
2014.02.27 02:52:13.068,1.64487,1.64525,1.38,1.50
2014.02.27 02:52:13.185,1.64487,1.6453,1.38,2.25
2014.02.27 02:52:24.711,1.64487,1.6453,1.38,2.63
2014.02.27 02:52:28.419,1.64487,1.6453,1.38,2.25
2014.02.27 02:52:33.264,1.64487,1.6453,1.38,2.63
2014.02.27 02:52:43.444,1.64487,1.64528,1.38,1.20
2014.02.27 02:52:53.351,1.64486,1.64528,1.38,1.50
2014.02.27 02:52:58.877,1.64486,1.64528,1.38,1.50
2014.02.27 02:52:59.279,1.64486,1.64528,1.38,1.50
2014.02.27 02:52:59.380,1.64483,1.6453,1.53,1.53
2014.02.27 02:53:00.608,1.64486,1.6453,1.53,1.15
2014.02.27 02:53:01.258,1.64486,1.6453,1.53,1.15
2014.02.27 02:53:02.248,1.64486,1.6453,1.53,1.15
2014.02.27 02:53:02.361,1.64486,1.6453,1.53,1.15
2014.02.27 02:53:02.512,1.64486,1.6453,1.95,1.08
2014.02.27 02:53:02.613,1.64486,1.6453,1.95,1.00
2014.02.27 02:53:03.820,1.64487,1.64534,1.53,1.65
2014.02.27 02:53:10.813,1.64496,1.64534,1.38,1.53
2014.02.27 02:53:10.914,1.64487,1.64533,2.03,1.53
2014.02.27 02:53:11.699,1.64487,1.64533,2.03,1.53
2014.02.27 02:53:13.549,1.64487,1.64524,1.53,1.00
2014.02.27 02:53:13.923,1.64487,1.64534,1.53,2.03
2014.02.27 02:53:13.974,1.64487,1.64531,1.55,1.45
2014.02.27 02:53:15.020,1.64487,1.6453,1.55,1.20
2014.02.27 02:53:20.587,1.64487,1.6453,1.55,1.20
2014.02.27 02:53:23.117,1.64487,1.6453,1.55,1.20
2014.02.27 02:53:23.997,1.64487,1.6453,1.55,1.20
2014.02.27 02:53:26.178,1.64487,1.64534,2.33,2.03
2014.02.27 02:53:26.229,1.64487,1.64534,2.33,1.65
2014.02.27 02:53:26.279,1.6449,1.64534,1.58,1.50
2014.02.27 02:53:27.886,1.6449,1.64534,1.58,1.88
2014.02.27 02:53:28.007,1.64489,1.64534,1.20,1.95
2014.02.27 02:53:28.108,1.64487,1.64532,1.55,1.20
2014.02.27 02:53:28.558,1.64497,1.64534,1.00,1.53
2014.02.27 02:53:34.779,1.64497,1.64534,1.13,1.53
2014.02.27 02:53:34.887,1.64506,1.64534,1.00,1.53
2014.02.27 02:53:34.938,1.64506,1.64534,1.00,1.53
2014.02.27 02:53:35.612,1.64497,1.64538,1.58,1.83
2014.02.27 02:53:36.276,1.64496,1.64538,1.53,1.50
2014.02.27 02:53:36.326,1.64496,1.6454,1.53,1.13
2014.02.27 02:53:36.478,1.64496,1.6454,1.95,1.13
2014.02.27 02:53:36.579,1.64498,1.64542,1.53,1.13
2014.02.27 02:53:37.096,1.64498,1.64546,1.53,1.58
2014.02.27 02:53:48.453,1.64498,1.64546,1.53,1.58
2014.02.27 02:53:48.654,1.64498,1.64544,1.53,1.53
2014.02.27 02:53:48.970,1.64498,1.64544,1.53,1.53
2014.02.27 02:53:55.227,1.64506,1.6454,1.38,1.20
2014.02.27 02:53:57.117,1.64507,1.6454,1.00,1.20
2014.02.27 02:53:57.912,1.64497,1.6454,1.45,1.20
2014.02.27 02:54:04.377,1.64497,1.6454,1.45,1.20
2014.02.27 02:54:11.065,1.64507,1.64541,1.13,1.13
2014.02.27 02:54:15.947,1.64507,1.64547,1.38,1.20
2014.02.27 02:54:16.048,1.64507,1.64547,1.38,1.20
2014.02.27 02:54:17.136,1.64507,1.64547,1.38,1.20
2014.02.27 02:54:20.755,1.64507,1.64548,1.55,1.53
2014.02.27 02:54:21.126,1.64507,1.64544,1.28,1.05
2014.02.27 02:54:21.277,1.64507,1.64544,1.13,1.13
2014.02.27 02:54:29.551,1.64507,1.64542,1.13,1.20
2014.02.27 02:54:30.592,1.64507,1.64542,1.38,1.88
2014.02.27 02:54:49.777,1.64497,1.64541,1.45,1.95
2014.02.27 02:55:01.139,1.64506,1.6454,1.00,1.53
2014.02.27 02:55:01.240,1.64506,1.64535,1.00,1.20
2014.02.27 02:55:01.744,1.64506,1.64536,1.38,1.85
2014.02.27 02:55:01.794,1.64506,1.64536,1.38,1.18
2014.02.27 02:55:13.259,1.64506,1.64541,1.38,1.95
2014.02.27 02:55:15.374,1.64506,1.64541,1.38,1.95
2014.02.27 02:55:21.598,1.64506,1.64541,1.38,1.95
2014.02.27 02:55:21.913,1.64506,1.64541,1.38,1.53
2014.02.27 02:55:22.822,1.64506,1.64541,1.38,1.15
2014.02.27 02:55:22.923,1.64517,1.64541,1.00,1.15
2014.02.27 02:55:23.124,1.64517,1.64551,1.00,2.33
2014.02.27 02:55:23.175,1.64527,1.64551,1.00,2.25
2014.02.27 02:55:23.378,1.64517,1.64556,1.53,1.50
2014.02.27 02:55:23.478,1.64516,1.64556,2.33,1.83
2014.02.27 02:55:23.529,1.64516,1.64556,2.25,1.83
2014.02.27 02:55:23.580,1.64516,1.64548,1.50,1.38
2014.02.27 02:55:23.731,1.64507,1.64548,1.88,1.13
2014.02.27 02:55:23.832,1.64507,1.64539,1.38,1.13
2014.02.27 02:55:24.186,1.64507,1.64536,1.38,1.50
2014.02.27 02:55:25.279,1.64507,1.64539,1.38,2.33
2014.02.27 02:55:25.330,1.64507,1.64539,1.38,1.15
2014.02.27 02:55:25.490,1.64507,1.64541,1.38,1.88
2014.02.27 02:55:31.057,1.64497,1.64541,1.88,1.88
2014.02.27 02:55:31.259,1.64497,1.64537,1.38,1.20
2014.02.27 02:55:31.844,1.64497,1.64536,1.38,1.20
2014.02.27 02:55:31.953,1.64497,1.64536,1.38,1.20
2014.02.27 02:55:32.598,1.64497,1.64536,1.38,1.20
2014.02.27 02:55:34.133,1.64506,1.64536,1.00,1.20
2014.02.27 02:55:34.435,1.64506,1.64537,1.38,1.50
2014.02.27 02:55:35.054,1.64506,1.64536,1.00,1.20
2014.02.27 02:55:35.843,1.64496,1.64536,1.38,1.20
2014.02.27 02:55:51.851,1.64507,1.64534,1.00,1.28
2014.02.27 02:55:52.288,1.64507,1.64534,1.38,1.15
2014.02.27 02:55:54.298,1.64507,1.64534,1.38,1.15
2014.02.27 02:55:54.683,1.64507,1.64534,1.38,1.10
2014.02.27 02:55:56.800,1.64517,1.64541,1.00,1.20
2014.02.27 02:55:56.851,1.64517,1.64548,1.00,1.95
2014.02.27 02:55:56.951,1.64517,1.64548,1.38,1.58
2014.02.27 02:55:57.052,1.64517,1.64549,1.38,1.20
2014.02.27 02:55:57.127,1.64517,1.64553,1.38,2.63
2014.02.27 02:55:57.179,1.64517,1.64553,1.38,1.55
2014.02.27 02:55:57.457,1.64517,1.64553,1.38,1.18
2014.02.27 02:55:57.898,1.64517,1.64557,1.38,1.50
2014.02.27 02:56:01.417,1.64517,1.64557,1.38,1.83
2014.02.27 02:56:05.047,1.64517,1.64557,1.38,1.83
2014.02.27 02:56:05.849,1.64517,1.64557,1.38,1.83
2014.02.27 02:56:07.278,1.64517,1.64551,1.38,1.05
2014.02.27 02:56:07.387,1.64514,1.64551,1.20,1.05
2014.02.27 02:56:08.002,1.64507,1.64549,2.03,1.43
2014.02.27 02:56:08.796,1.64516,1.64549,1.00,1.43
2014.02.27 02:56:09.688,1.64516,1.64555,1.45,1.50
2014.02.27 02:56:29.356,1.64516,1.64555,1.45,1.50
2014.02.27 02:56:30.116,1.64526,1.64555,1.00,1.68
2014.02.27 02:56:32.867,1.64527,1.64559,1.00,1.35
2014.02.27 02:56:34.114,1.64524,1.64559,1.15,1.35
2014.02.27 02:56:35.161,1.64516,1.64558,2.03,1.05
2014.02.27 02:56:37.160,1.64516,1.64555,2.03,1.05
2014.02.27 02:56:37.210,1.64516,1.64555,1.95,1.13
2014.02.27 02:56:38.406,1.64511,1.64553,1.65,1.48
2014.02.27 02:56:38.778,1.64508,1.64549,1.20,1.05
2014.02.27 02:56:38.828,1.64507,1.64549,1.53,1.13
2014.02.27 02:56:43.922,1.64507,1.64542,1.38,1.13
2014.02.27 02:56:43.972,1.64507,1.64542,1.13,1.50
2014.02.27 02:56:44.276,1.64507,1.64542,1.38,1.50
2014.02.27 02:56:48.016,1.64507,1.64542,1.00,1.13
2014.02.27 02:56:49.820,1.645,1.64542,1.53,1.13
2014.02.27 02:56:52.373,1.64506,1.64542,1.00,1.13
2014.02.27 02:56:54.536,1.645,1.64542,1.53,1.13
2014.02.27 02:57:02.606,1.64507,1.64542,1.00,1.13
2014.02.27 02:57:02.857,1.64507,1.64546,1.53,1.05
2014.02.27 02:57:14.218,1.64503,1.64544,1.20,1.20
2014.02.27 02:57:14.268,1.645,1.64544,1.53,1.28
2014.02.27 02:57:16.691,1.645,1.64544,1.45,1.28
2014.02.27 02:57:17.535,1.645,1.64544,1.45,1.95
2014.02.27 02:57:22.156,1.645,1.64534,1.45,1.00
2014.02.27 02:57:22.307,1.645,1.64534,1.45,1.38
2014.02.27 02:57:25.746,1.64495,1.64534,1.53,1.00
2014.02.27 02:57:27.975,1.64495,1.64534,1.53,1.38
2014.02.27 02:57:40.295,1.64495,1.64534,1.53,1.38
2014.02.27 02:57:40.862,1.64495,1.64524,1.53,1.00
2014.02.27 02:57:41.835,1.64495,1.64533,1.53,1.38
2014.02.27 02:57:58.291,1.64495,1.64533,1.53,1.38
2014.02.27 02:58:02.845,1.64495,1.64533,1.53,1.38
2014.02.27 02:58:06.626,1.64495,1.64523,1.53,1.00
2014.02.27 02:58:09.554,1.64492,1.64534,1.20,1.38
2014.02.27 02:58:10.437,1.64492,1.64534,1.20,1.38
2014.02.27 02:58:10.588,1.64493,1.64534,1.53,1.38
2014.02.27 02:58:11.023,1.64497,1.64534,1.20,1.38
2014.02.27 02:58:13.454,1.64497,1.64537,1.95,1.35
2014.02.27 02:58:21.925,1.64499,1.64534,1.55,1.38
2014.02.27 02:58:30.769,1.64499,1.64536,1.55,1.05
2014.02.27 02:58:51.148,1.64499,1.64533,1.53,1.38
2014.02.27 02:59:04.183,1.645,1.64537,1.20,1.35
2014.02.27 02:59:04.233,1.645,1.64536,1.20,1.30
2014.02.27 02:59:04.284,1.64507,1.64536,1.20,1.30
2014.02.27 02:59:04.586,1.64517,1.64553,2.40,1.00
2014.02.27 02:59:04.688,1.64524,1.64554,1.20,1.00
2014.02.27 02:59:05.365,1.64524,1.64553,1.20,1.00
2014.02.27 02:59:05.622,1.64517,1.64553,1.95,1.38
2014.02.27 02:59:28.049,1.64517,1.64553,1.53,1.38
2014.02.27 02:59:47.563,1.64527,1.64556,1.00,1.43
2014.02.27 02:59:54.866,1.64516,1.64556,1.95,1.68
2014.02.27 02:59:55.195,1.64516,1.64553,1.53,1.35
2014.02.27 02:59:55.246,1.64516,1.64553,1.53,1.35
2014.02.27 02:59:55.297,1.64516,1.64553,1.15,1.35
2014.02.27 02:59:55.599,1.64516,1.6455,1.00,1.35
