2014.02.19 14:00:00.497,1.65086,1.65112,1.00,1.28
2014.02.19 14:00:05.386,1.65097,1.65113,1.00,1.28
2014.02.19 14:00:05.789,1.65097,1.65113,1.00,1.13
2014.02.19 14:00:06.045,1.65078,1.65115,1.38,1.48
2014.02.19 14:00:06.198,1.65077,1.65114,1.48,1.38
2014.02.19 14:00:06.917,1.65077,1.65113,1.38,1.20
2014.02.19 14:00:08.474,1.65077,1.65108,1.00,1.20
2014.02.19 14:00:09.378,1.65067,1.65108,1.88,1.95
2014.02.19 14:00:09.429,1.65067,1.65105,1.88,1.20
2014.02.19 14:00:09.631,1.65065,1.65105,1.00,2.70
2014.02.19 14:00:09.732,1.65062,1.65105,1.50,3.45
2014.02.19 14:00:09.783,1.65062,1.65102,1.50,1.20
2014.02.19 14:00:10.086,1.65066,1.65104,1.00,1.20
2014.02.19 14:00:10.137,1.65066,1.65105,1.00,2.03
2014.02.19 14:00:10.188,1.65066,1.65105,1.38,2.03
2014.02.19 14:00:10.390,1.65067,1.65105,1.00,1.53
2014.02.19 14:00:10.441,1.65062,1.65101,1.08,1.08
2014.02.19 14:00:10.543,1.65057,1.65099,1.00,2.33
2014.02.19 14:00:10.644,1.65057,1.65098,1.38,1.50
2014.02.19 14:00:10.795,1.65057,1.65099,1.53,1.65
2014.02.19 14:00:10.947,1.65057,1.65095,1.15,1.10
2014.02.19 14:00:10.998,1.65057,1.65095,1.08,1.75
2014.02.19 14:00:11.150,1.65049,1.65089,1.38,1.15
2014.02.19 14:00:13.737,1.65049,1.65089,1.53,1.18
2014.02.19 14:00:13.889,1.65056,1.65089,1.00,1.18
2014.02.19 14:00:14.091,1.65049,1.65089,1.53,1.18
2014.02.19 14:00:15.788,1.65049,1.65091,1.90,1.15
2014.02.19 14:00:17.017,1.65051,1.65093,1.90,1.15
2014.02.19 14:00:17.068,1.65051,1.65093,1.90,1.00
2014.02.19 14:00:17.349,1.65051,1.65093,1.90,1.00
2014.02.19 14:00:17.785,1.65051,1.65093,1.90,1.15
2014.02.19 14:00:23.586,1.65053,1.65096,1.83,1.65
2014.02.19 14:00:23.637,1.65061,1.65096,1.00,1.65
2014.02.19 14:00:23.987,1.65058,1.65099,1.95,1.15
2014.02.19 14:00:30.062,1.65058,1.65099,1.58,1.53
2014.02.19 14:00:30.485,1.65051,1.65093,1.95,1.53
2014.02.19 14:00:34.094,1.65051,1.65093,1.58,1.53
2014.02.19 14:00:34.491,1.65051,1.65093,1.58,1.53
2014.02.19 14:00:37.787,1.65056,1.65093,1.20,1.15
2014.02.19 14:00:37.838,1.65056,1.65093,1.45,1.08
2014.02.19 14:00:39.215,1.65051,1.65095,1.90,1.58
2014.02.19 14:00:39.367,1.65052,1.6509,1.85,1.18
2014.02.19 14:00:39.989,1.65053,1.65095,1.83,1.65
2014.02.19 14:00:40.252,1.65059,1.65095,1.00,1.65
2014.02.19 14:00:40.405,1.65053,1.65095,1.83,1.65
2014.02.19 14:00:42.320,1.65058,1.65095,1.08,1.58
2014.02.19 14:00:42.371,1.65058,1.65095,1.15,1.50
2014.02.19 14:00:42.985,1.65058,1.65095,3.00,1.00
2014.02.19 14:00:43.445,1.65061,1.65095,1.50,1.00
2014.02.19 14:00:43.546,1.65066,1.65095,1.00,1.00
2014.02.19 14:00:43.647,1.6506,1.65095,1.53,1.00
2014.02.19 14:00:47.636,1.6506,1.65098,1.53,1.00
2014.02.19 14:00:51.175,1.6506,1.65098,1.55,1.10
2014.02.19 14:00:52.047,1.6506,1.65098,1.55,1.10
2014.02.19 14:00:52.201,1.65061,1.65098,1.13,1.00
2014.02.19 14:00:52.352,1.6506,1.65098,1.53,1.00
2014.02.19 14:00:55.000,1.6506,1.65102,1.90,1.10
2014.02.19 14:00:55.303,1.6506,1.65102,1.90,1.10
2014.02.19 14:00:55.997,1.6506,1.65102,1.90,1.10
2014.02.19 14:00:56.807,1.65061,1.65102,1.28,1.10
2014.02.19 14:00:57.110,1.65067,1.65105,1.53,1.00
2014.02.19 14:00:57.413,1.65071,1.65107,1.65,1.00
2014.02.19 14:00:59.497,1.65071,1.65107,1.65,1.00
2014.02.19 14:00:59.598,1.65071,1.65109,1.90,1.00
2014.02.19 14:01:02.533,1.65071,1.65109,1.90,1.00
2014.02.19 14:01:02.635,1.65071,1.65109,1.75,1.15
2014.02.19 14:01:03.240,1.65073,1.65109,1.00,1.53
2014.02.19 14:01:03.391,1.65073,1.65109,1.00,1.53
2014.02.19 14:01:04.491,1.65066,1.65106,1.38,1.15
2014.02.19 14:01:04.592,1.65065,1.65106,2.33,1.95
2014.02.19 14:01:04.794,1.65065,1.65098,1.00,1.00
2014.02.19 14:01:05.635,1.65065,1.65093,1.00,1.00
2014.02.19 14:01:06.001,1.65058,1.65095,1.13,1.88
2014.02.19 14:01:06.794,1.65051,1.65092,2.40,1.15
2014.02.19 14:01:06.844,1.65054,1.65092,1.95,1.15
2014.02.19 14:01:07.373,1.65055,1.65092,1.90,1.00
2014.02.19 14:01:08.102,1.65055,1.65097,1.90,1.15
2014.02.19 14:01:08.516,1.65055,1.65097,1.85,1.58
2014.02.19 14:01:08.769,1.65052,1.65091,1.38,1.15
2014.02.19 14:01:09.072,1.6505,1.65091,1.38,1.28
2014.02.19 14:01:10.505,1.6505,1.65091,1.53,1.28
2014.02.19 14:01:10.706,1.6505,1.65091,1.90,1.28
2014.02.19 14:01:11.009,1.65052,1.65092,2.33,1.28
2014.02.19 14:01:12.012,1.65052,1.65092,2.25,1.20
2014.02.19 14:01:12.064,1.65052,1.65092,2.33,1.13
2014.02.19 14:01:12.267,1.6505,1.6509,2.33,1.20
2014.02.19 14:01:12.430,1.6505,1.6509,2.03,1.20
2014.02.19 14:01:12.480,1.6505,1.65087,1.53,1.00
2014.02.19 14:01:12.531,1.6505,1.65087,1.53,1.00
2014.02.19 14:01:14.116,1.6505,1.65087,1.38,1.18
2014.02.19 14:01:16.554,1.65045,1.65078,1.53,1.00
2014.02.19 14:01:16.857,1.65032,1.65063,1.38,1.75
2014.02.19 14:01:16.908,1.65032,1.65064,1.38,1.00
2014.02.19 14:01:16.959,1.65027,1.65064,1.58,1.00
2014.02.19 14:01:17.211,1.65029,1.6507,1.38,1.53
2014.02.19 14:01:17.362,1.65027,1.6507,2.78,1.20
2014.02.19 14:01:17.413,1.65027,1.6507,2.40,1.20
2014.02.19 14:01:17.464,1.65028,1.6507,1.15,1.58
2014.02.19 14:01:17.565,1.65028,1.6507,1.00,1.95
2014.02.19 14:01:17.817,1.65027,1.6507,2.70,1.28
2014.02.19 14:01:18.073,1.65023,1.65064,1.00,1.15
2014.02.19 14:01:18.200,1.65023,1.65064,1.38,1.15
2014.02.19 14:01:28.100,1.65022,1.65061,1.53,1.00
2014.02.19 14:01:31.664,1.65027,1.65065,1.38,1.15
2014.02.19 14:01:31.766,1.65023,1.65065,2.03,1.15
2014.02.19 14:01:32.846,1.65026,1.65065,1.00,1.28
2014.02.19 14:01:33.425,1.65023,1.65065,1.28,1.15
2014.02.19 14:01:37.963,1.65024,1.65066,1.15,1.08
2014.02.19 14:01:38.529,1.65024,1.65066,1.15,1.15
2014.02.19 14:01:39.801,1.65024,1.65065,1.00,1.20
2014.02.19 14:01:40.554,1.65024,1.65066,1.15,1.18
2014.02.19 14:01:40.784,1.65022,1.65065,1.58,1.53
2014.02.19 14:01:42.249,1.65022,1.65065,1.55,1.08
2014.02.19 14:01:42.299,1.65022,1.65065,1.53,1.00
2014.02.19 14:01:42.449,1.65022,1.65065,1.55,1.08
2014.02.19 14:01:42.501,1.65022,1.65065,1.48,1.15
2014.02.19 14:01:46.489,1.65022,1.65065,1.53,1.28
2014.02.19 14:01:47.710,1.65022,1.65065,1.38,1.58
2014.02.19 14:01:50.919,1.65022,1.65065,1.53,1.28
2014.02.19 14:01:55.241,1.65023,1.65065,1.20,1.08
2014.02.19 14:01:55.292,1.65025,1.65065,1.50,1.00
2014.02.19 14:01:55.494,1.65027,1.65065,1.00,1.18
2014.02.19 14:01:56.038,1.65022,1.65065,2.03,1.18
2014.02.19 14:01:56.745,1.65022,1.65065,2.03,1.15
2014.02.19 14:01:57.006,1.65022,1.65065,2.40,1.18
2014.02.19 14:01:57.208,1.65022,1.65065,2.40,1.15
2014.02.19 14:01:57.259,1.65022,1.65065,2.03,1.15
2014.02.19 14:01:58.268,1.65022,1.65062,1.53,1.08
2014.02.19 14:01:58.739,1.65022,1.65062,1.53,1.15
2014.02.19 14:02:00.964,1.65022,1.65062,1.53,1.00
2014.02.19 14:02:01.278,1.65023,1.65062,1.20,1.10
2014.02.19 14:02:01.331,1.65022,1.65062,1.53,1.10
2014.02.19 14:02:01.483,1.65022,1.65062,1.90,1.08
2014.02.19 14:02:01.752,1.65022,1.65062,1.55,1.15
2014.02.19 14:02:02.904,1.65022,1.65062,1.65,1.15
2014.02.19 14:02:03.005,1.65027,1.65062,1.55,1.00
2014.02.19 14:02:03.056,1.65027,1.6507,2.03,1.65
2014.02.19 14:02:03.107,1.65028,1.6507,1.45,1.58
2014.02.19 14:02:03.158,1.65029,1.6507,1.53,1.00
2014.02.19 14:02:03.674,1.65029,1.6507,1.53,1.00
2014.02.19 14:02:03.977,1.65037,1.65076,1.45,1.18
2014.02.19 14:02:04.028,1.65043,1.65082,1.13,1.15
2014.02.19 14:02:05.437,1.65043,1.65082,1.53,1.10
2014.02.19 14:02:05.739,1.65077,1.65087,1.28,1.00
2014.02.19 14:02:05.790,1.65077,1.65094,1.28,1.38
2014.02.19 14:02:06.022,1.65083,1.65104,1.38,1.38
2014.02.19 14:02:06.074,1.65083,1.65104,1.75,1.00
2014.02.19 14:02:06.178,1.65086,1.65104,1.50,1.00
2014.02.19 14:02:06.623,1.65086,1.65121,1.90,1.38
2014.02.19 14:02:09.040,1.65086,1.65104,1.38,1.00
2014.02.19 14:02:09.399,1.65086,1.65104,1.13,1.00
2014.02.19 14:02:09.703,1.65086,1.65104,1.38,1.00
2014.02.19 14:02:13.911,1.65087,1.65104,1.38,1.00
2014.02.19 14:02:14.239,1.65087,1.65104,1.38,1.00
2014.02.19 14:02:14.303,1.65087,1.65104,1.38,1.00
2014.02.19 14:02:14.414,1.65087,1.65104,1.38,1.00
2014.02.19 14:02:14.566,1.65082,1.65104,1.38,1.00
2014.02.19 14:02:23.683,1.6508,1.65104,1.38,1.00
2014.02.19 14:02:24.188,1.65084,1.65104,1.38,1.00
2014.02.19 14:02:24.239,1.65084,1.65104,1.00,1.00
2014.02.19 14:02:24.780,1.65084,1.65104,1.38,1.00
2014.02.19 14:02:25.214,1.65081,1.65104,1.13,1.00
2014.02.19 14:02:27.313,1.65081,1.65104,1.38,1.00
2014.02.19 14:02:28.013,1.65083,1.65104,1.88,1.00
2014.02.19 14:02:28.547,1.65083,1.65104,2.25,1.00
2014.02.19 14:02:30.711,1.65083,1.65114,2.25,1.95
2014.02.19 14:02:31.021,1.65083,1.65104,3.00,1.00
2014.02.19 14:02:31.286,1.65069,1.65104,1.00,1.50
2014.02.19 14:02:31.653,1.65064,1.65104,1.00,2.25
2014.02.19 14:02:32.058,1.65064,1.65104,1.75,2.25
2014.02.19 14:02:32.160,1.65071,1.65104,1.60,1.50
2014.02.19 14:02:32.210,1.65077,1.65104,1.13,1.50
2014.02.19 14:02:32.513,1.65086,1.65104,1.38,1.00
2014.02.19 14:02:36.702,1.65086,1.65104,1.38,1.00
2014.02.19 14:02:38.950,1.65084,1.65104,1.50,1.00
2014.02.19 14:02:39.152,1.65087,1.65104,1.38,1.00
2014.02.19 14:02:40.845,1.65087,1.65114,1.38,1.15
2014.02.19 14:02:42.471,1.65073,1.65104,1.65,1.00
2014.02.19 14:02:42.624,1.65073,1.65103,1.00,1.75
2014.02.19 14:02:42.675,1.65065,1.65103,1.00,2.25
2014.02.19 14:02:42.725,1.65065,1.65102,1.00,1.83
2014.02.19 14:02:42.776,1.65063,1.65098,1.50,1.50
2014.02.19 14:02:42.877,1.65059,1.65098,1.38,1.50
2014.02.19 14:02:42.978,1.65057,1.65093,1.00,1.50
2014.02.19 14:02:43.130,1.65053,1.65093,1.00,3.00
2014.02.19 14:02:43.231,1.65049,1.65089,1.38,1.15
2014.02.19 14:02:43.282,1.65049,1.65089,1.38,1.58
2014.02.19 14:02:43.718,1.65048,1.65083,1.38,1.15
2014.02.19 14:02:43.770,1.65046,1.65083,1.50,1.15
2014.02.19 14:02:44.790,1.65043,1.65083,2.25,1.15
2014.02.19 14:02:50.294,1.65043,1.65083,1.13,1.83
2014.02.19 14:02:50.606,1.65041,1.65078,1.38,1.15
2014.02.19 14:02:51.152,1.65037,1.65078,1.88,1.15
2014.02.19 14:02:51.303,1.65037,1.65074,1.00,1.15
2014.02.19 14:02:51.871,1.65036,1.65074,1.00,1.65
2014.02.19 14:02:53.112,1.65036,1.65074,1.00,1.58
2014.02.19 14:02:53.414,1.65036,1.6507,1.00,1.50
2014.02.19 14:02:54.212,1.65035,1.6507,1.00,2.25
2014.02.19 14:03:06.098,1.65035,1.65069,1.00,1.18
2014.02.19 14:03:06.332,1.65035,1.65069,1.60,1.18
2014.02.19 14:03:06.635,1.65058,1.65084,1.38,1.50
2014.02.19 14:03:08.226,1.65058,1.65084,1.38,1.18
2014.02.19 14:03:12.413,1.65057,1.65088,1.88,1.50
2014.02.19 14:03:12.565,1.65057,1.65084,1.38,1.15
2014.02.19 14:03:13.416,1.65057,1.65084,1.38,1.15
2014.02.19 14:03:14.934,1.65057,1.6509,1.38,2.33
2014.02.19 14:03:14.985,1.65057,1.6509,1.38,1.95
2014.02.19 14:03:15.758,1.65057,1.6509,1.38,1.95
2014.02.19 14:03:18.032,1.65055,1.65083,1.38,1.10
2014.02.19 14:03:18.402,1.65053,1.65083,1.38,1.18
2014.02.19 14:03:18.503,1.65053,1.65083,1.38,1.15
2014.02.19 14:03:23.923,1.65053,1.65083,1.38,1.00
2014.02.19 14:03:29.054,1.65053,1.65083,1.38,1.00
2014.02.19 14:03:33.101,1.65053,1.65083,1.38,1.00
2014.02.19 14:03:33.573,1.65053,1.65073,1.38,1.00
2014.02.19 14:03:33.898,1.65056,1.65073,1.38,1.00
2014.02.19 14:03:34.122,1.65056,1.65084,1.38,1.15
2014.02.19 14:03:34.223,1.65056,1.65084,1.38,1.15
2014.02.19 14:03:34.575,1.65054,1.65073,1.38,1.00
2014.02.19 14:03:36.332,1.65054,1.65083,1.38,1.15
2014.02.19 14:03:36.486,1.65054,1.65083,1.38,1.58
2014.02.19 14:03:36.790,1.65054,1.65083,1.38,1.15
2014.02.19 14:03:36.891,1.65054,1.65083,1.38,1.15
2014.02.19 14:03:37.403,1.65054,1.65083,1.38,1.15
2014.02.19 14:03:37.562,1.65051,1.65083,1.38,1.15
2014.02.19 14:03:37.764,1.65051,1.65083,1.38,1.28
2014.02.19 14:03:42.151,1.65051,1.65073,1.38,1.00
2014.02.19 14:03:49.351,1.65049,1.65073,1.38,1.00
2014.02.19 14:03:49.521,1.65049,1.65083,1.38,1.15
2014.02.19 14:03:49.572,1.65049,1.65084,1.38,1.58
2014.02.19 14:03:49.774,1.65049,1.65073,1.38,1.00
2014.02.19 14:03:51.182,1.65049,1.65073,1.38,1.00
2014.02.19 14:03:51.695,1.65049,1.65083,1.38,1.15
2014.02.19 14:03:52.197,1.65049,1.65083,1.38,1.18
2014.02.19 14:03:53.163,1.65049,1.65083,1.38,1.18
2014.02.19 14:03:53.726,1.65049,1.65083,1.38,1.18
2014.02.19 14:03:54.272,1.65049,1.65083,1.38,1.18
2014.02.19 14:04:02.023,1.65049,1.65083,1.38,1.15
2014.02.19 14:04:02.532,1.65049,1.65083,1.38,1.15
2014.02.19 14:04:02.835,1.6504,1.65074,1.38,2.25
2014.02.19 14:04:02.986,1.65035,1.65073,1.00,1.95
2014.02.19 14:04:03.037,1.65031,1.65073,1.00,1.95
2014.02.19 14:04:03.188,1.65028,1.65069,1.10,1.15
2014.02.19 14:04:03.239,1.65028,1.65066,1.00,1.50
2014.02.19 14:04:03.290,1.65023,1.65066,1.58,2.25
2014.02.19 14:04:03.491,1.65021,1.65059,1.38,1.50
2014.02.19 14:04:03.694,1.65018,1.65059,1.38,1.50
2014.02.19 14:04:03.795,1.65018,1.65059,1.00,1.50
2014.02.19 14:04:03.896,1.65014,1.65056,2.03,1.15
2014.02.19 14:04:03.998,1.65014,1.65053,1.00,1.53
2014.02.19 14:04:04.099,1.6501,1.65053,1.65,1.53
2014.02.19 14:04:05.092,1.65017,1.65051,1.00,1.15
2014.02.19 14:04:05.764,1.65017,1.65053,1.00,1.10
2014.02.19 14:04:05.915,1.65017,1.6505,1.00,1.00
2014.02.19 14:04:06.117,1.65017,1.65055,1.00,1.15
2014.02.19 14:04:06.218,1.65016,1.65055,1.13,1.58
2014.02.19 14:04:06.622,1.65011,1.65047,1.20,1.10
2014.02.19 14:04:06.673,1.65011,1.65047,1.13,1.18
2014.02.19 14:04:07.111,1.6501,1.65051,1.53,1.15
2014.02.19 14:04:07.613,1.65014,1.65051,1.00,1.15
2014.02.19 14:04:13.946,1.65011,1.65052,1.15,1.15
2014.02.19 14:04:17.312,1.6501,1.65052,1.53,1.10
2014.02.19 14:04:17.710,1.6501,1.65052,1.53,1.08
2014.02.19 14:04:17.760,1.6501,1.65052,1.53,1.15
2014.02.19 14:04:17.962,1.6501,1.65052,1.65,1.18
2014.02.19 14:04:18.265,1.65018,1.65057,1.18,1.15
2014.02.19 14:04:18.518,1.65018,1.65061,1.15,1.15
2014.02.19 14:04:19.165,1.65022,1.65063,1.00,2.40
2014.02.19 14:04:20.251,1.65022,1.6506,1.00,1.20
2014.02.19 14:04:20.504,1.65014,1.6505,1.10,1.20
2014.02.19 14:04:20.605,1.65014,1.6505,1.00,1.28
2014.02.19 14:04:20.655,1.65009,1.6505,1.20,1.28
2014.02.19 14:04:21.604,1.65005,1.65043,2.03,1.20
2014.02.19 14:04:21.941,1.65018,1.65043,1.00,1.28
2014.02.19 14:04:22.143,1.65014,1.65054,1.15,2.40
2014.02.19 14:04:22.244,1.65014,1.65054,2.03,2.03
2014.02.19 14:04:22.546,1.65014,1.65054,1.15,2.40
2014.02.19 14:04:22.648,1.65017,1.65052,1.00,1.00
2014.02.19 14:04:23.164,1.65014,1.65053,2.03,1.95
2014.02.19 14:04:23.266,1.65014,1.65053,1.53,1.95
2014.02.19 14:04:26.701,1.65015,1.65053,1.53,2.40
2014.02.19 14:04:26.752,1.65015,1.65053,1.53,1.95
2014.02.19 14:04:27.427,1.65015,1.65052,1.95,1.00
2014.02.19 14:04:30.050,1.65014,1.65052,2.03,1.38
2014.02.19 14:04:30.790,1.65014,1.65052,2.03,1.38
2014.02.19 14:04:31.450,1.65014,1.65052,2.03,1.38
2014.02.19 14:04:32.111,1.65015,1.65052,1.53,1.38
2014.02.19 14:04:35.001,1.65015,1.65052,1.53,1.13
2014.02.19 14:04:35.154,1.65019,1.65054,1.45,1.50
2014.02.19 14:04:35.550,1.65025,1.65056,1.15,1.75
2014.02.19 14:04:35.904,1.65025,1.65055,1.00,1.50
2014.02.19 14:04:35.955,1.65017,1.65055,2.70,1.50
2014.02.19 14:04:36.006,1.65021,1.65055,1.20,1.50
2014.02.19 14:04:36.057,1.65021,1.65055,1.88,1.13
2014.02.19 14:04:36.290,1.65021,1.6506,1.88,1.38
2014.02.19 14:04:37.276,1.65019,1.6506,1.20,1.38
2014.02.19 14:04:41.600,1.65019,1.65053,1.20,1.00
2014.02.19 14:04:41.802,1.65017,1.65053,1.53,1.00
2014.02.19 14:04:45.022,1.65017,1.65053,1.53,1.00
2014.02.19 14:04:50.102,1.65016,1.65053,1.53,1.08
2014.02.19 14:04:50.605,1.65012,1.65053,2.78,1.18
2014.02.19 14:04:52.273,1.65013,1.65053,1.53,1.18
2014.02.19 14:04:53.480,1.65012,1.65053,2.78,1.18
2014.02.19 14:04:55.134,1.65012,1.65053,2.78,1.18
2014.02.19 14:04:55.185,1.65015,1.65053,1.20,1.00
2014.02.19 14:04:57.924,1.65019,1.65053,1.53,1.00
2014.02.19 14:05:00.121,1.65027,1.65062,1.00,1.48
2014.02.19 14:05:00.455,1.6503,1.65063,1.53,1.00
2014.02.19 14:05:01.884,1.65038,1.65067,1.50,1.13
2014.02.19 14:05:01.935,1.65038,1.65067,1.58,1.13
2014.02.19 14:05:02.300,1.65045,1.65074,1.55,1.00
2014.02.19 14:05:03.637,1.65047,1.65076,1.48,1.00
2014.02.19 14:05:04.159,1.65047,1.65077,1.53,1.00
2014.02.19 14:05:08.689,1.65047,1.65076,1.53,1.00
2014.02.19 14:05:08.992,1.6505,1.65083,1.65,1.00
2014.02.19 14:05:09.347,1.65051,1.65073,2.63,1.00
2014.02.19 14:05:09.600,1.65051,1.65073,1.53,1.00
2014.02.19 14:05:13.886,1.65051,1.65073,1.38,1.00
2014.02.19 14:05:14.411,1.65051,1.65073,1.38,1.00
2014.02.19 14:05:21.310,1.65051,1.65084,1.38,1.13
2014.02.19 14:05:24.579,1.65051,1.65074,1.38,1.00
2014.02.19 14:05:25.982,1.6505,1.65074,1.38,1.00
2014.02.19 14:05:26.083,1.6505,1.65074,1.13,1.00
2014.02.19 14:05:44.701,1.6505,1.65074,1.38,1.00
2014.02.19 14:05:45.370,1.6505,1.65074,1.38,1.00
2014.02.19 14:05:45.421,1.65055,1.65083,1.58,1.00
2014.02.19 14:05:45.930,1.65062,1.65083,1.38,1.00
2014.02.19 14:05:46.031,1.65062,1.65093,1.38,1.50
2014.02.19 14:05:46.132,1.65067,1.65093,1.38,1.50
2014.02.19 14:05:46.234,1.65067,1.65101,1.38,1.15
2014.02.19 14:05:46.646,1.65067,1.65103,1.53,1.00
2014.02.19 14:05:46.958,1.65069,1.65105,1.53,1.00
2014.02.19 14:05:47.468,1.65069,1.65105,1.53,1.00
2014.02.19 14:05:48.343,1.65069,1.65105,1.38,1.18
2014.02.19 14:05:50.962,1.65069,1.65105,2.03,1.00
2014.02.19 14:05:51.884,1.65076,1.65106,1.38,1.00
2014.02.19 14:05:51.985,1.65073,1.6511,1.48,1.00
2014.02.19 14:05:54.394,1.65072,1.65114,1.53,1.08
2014.02.19 14:05:58.629,1.65074,1.65114,1.53,1.08
2014.02.19 14:05:58.730,1.65074,1.65114,1.53,1.08
2014.02.19 14:05:58.932,1.65079,1.6512,1.53,1.65
2014.02.19 14:05:59.920,1.65079,1.6512,1.53,2.03
2014.02.19 14:06:00.021,1.65079,1.65113,1.53,1.00
2014.02.19 14:06:09.989,1.65077,1.65113,1.88,1.18
2014.02.19 14:06:13.907,1.65076,1.65113,1.48,1.18
2014.02.19 14:06:14.008,1.65076,1.65104,1.48,1.00
2014.02.19 14:06:14.524,1.6507,1.65104,1.38,1.00
2014.02.19 14:06:15.052,1.6507,1.65104,1.38,1.00
2014.02.19 14:06:17.048,1.6507,1.65104,1.38,1.00
2014.02.19 14:06:19.024,1.65066,1.65104,1.48,1.08
2014.02.19 14:06:19.310,1.65065,1.65102,1.95,1.10
2014.02.19 14:06:24.189,1.6506,1.65102,1.95,1.45
2014.02.19 14:06:24.290,1.65061,1.65103,1.53,1.53
2014.02.19 14:06:27.038,1.65061,1.65103,1.53,1.10
2014.02.19 14:06:31.908,1.6506,1.65097,1.53,1.00
2014.02.19 14:06:32.212,1.65058,1.65094,1.28,1.00
2014.02.19 14:06:32.414,1.65058,1.65093,1.13,1.10
2014.02.19 14:06:42.420,1.65052,1.65093,1.53,1.10
2014.02.19 14:06:42.471,1.65052,1.65093,1.53,1.15
2014.02.19 14:06:42.773,1.65052,1.65083,1.28,1.38
2014.02.19 14:06:42.824,1.65052,1.65083,1.13,1.38
2014.02.19 14:06:42.926,1.65047,1.65087,1.65,1.55
2014.02.19 14:06:43.229,1.65047,1.65084,1.38,1.53
2014.02.19 14:06:43.481,1.65043,1.65081,1.38,1.28
2014.02.19 14:06:43.582,1.65043,1.65081,1.38,1.53
2014.02.19 14:06:45.844,1.65043,1.65081,1.38,1.53
2014.02.19 14:06:46.148,1.65037,1.65079,1.88,1.88
2014.02.19 14:06:46.451,1.6505,1.65073,1.38,1.00
2014.02.19 14:06:47.229,1.6505,1.65073,1.38,1.00
2014.02.19 14:06:47.632,1.6505,1.65073,1.38,1.00
2014.02.19 14:06:47.683,1.6505,1.65064,1.38,1.00
2014.02.19 14:06:48.421,1.6505,1.65063,1.38,1.00
2014.02.19 14:06:48.623,1.6505,1.65063,1.38,1.00
2014.02.19 14:06:50.320,1.6505,1.65074,1.38,1.00
2014.02.19 14:06:56.136,1.6505,1.65063,1.38,1.00
2014.02.19 14:06:58.783,1.65048,1.65073,1.75,1.00
2014.02.19 14:07:00.570,1.65048,1.65073,1.38,1.00
2014.02.19 14:07:01.227,1.65049,1.65064,1.13,1.00
2014.02.19 14:07:01.530,1.65041,1.65056,1.38,1.00
2014.02.19 14:07:02.052,1.65036,1.65053,1.50,1.00
2014.02.19 14:07:02.771,1.65036,1.65053,1.08,1.00
2014.02.19 14:07:02.874,1.65028,1.65045,1.45,1.00
2014.02.19 14:07:02.924,1.65028,1.65044,1.45,1.00
2014.02.19 14:07:03.076,1.65028,1.65054,1.08,1.00
2014.02.19 14:07:03.227,1.65028,1.65054,1.58,1.00
2014.02.19 14:07:03.565,1.65028,1.65054,1.45,1.00
2014.02.19 14:07:04.092,1.65028,1.65054,2.25,1.00
2014.02.19 14:07:06.068,1.65029,1.65054,1.50,1.00
2014.02.19 14:07:08.488,1.65028,1.65054,1.50,1.00
2014.02.19 14:07:09.718,1.65028,1.65054,1.50,1.00
2014.02.19 14:07:11.698,1.65028,1.65054,1.50,1.00
2014.02.19 14:07:12.687,1.65027,1.65054,1.38,1.00
2014.02.19 14:07:13.448,1.6503,1.65054,1.38,1.00
2014.02.19 14:07:14.287,1.6503,1.65063,1.38,1.65
2014.02.19 14:07:16.298,1.6503,1.65063,1.38,1.65
2014.02.19 14:07:16.753,1.6503,1.65063,1.38,1.65
2014.02.19 14:07:16.854,1.65026,1.65053,1.38,1.00
2014.02.19 14:07:17.527,1.65021,1.65053,1.38,1.58
2014.02.19 14:07:18.187,1.65021,1.65053,1.13,1.95
2014.02.19 14:07:18.288,1.65021,1.65043,1.38,1.10
2014.02.19 14:07:18.519,1.65018,1.65043,1.38,1.10
2014.02.19 14:07:18.620,1.65019,1.65043,1.38,1.08
2014.02.19 14:07:19.379,1.6501,1.65043,1.38,1.58
2014.02.19 14:07:19.532,1.6501,1.65043,1.88,2.25
2014.02.19 14:07:19.633,1.6501,1.65043,1.88,1.15
2014.02.19 14:07:19.835,1.65016,1.65043,1.38,1.08
2014.02.19 14:07:20.390,1.65013,1.65043,1.38,1.15
2014.02.19 14:07:20.878,1.65013,1.65043,1.38,1.15
2014.02.19 14:07:23.016,1.65013,1.65043,1.38,1.10
2014.02.19 14:07:23.729,1.65013,1.65043,1.38,1.10
2014.02.19 14:07:25.018,1.65013,1.65043,1.38,1.10
2014.02.19 14:07:27.566,1.65017,1.65047,1.38,1.08
2014.02.19 14:07:28.214,1.65017,1.65047,1.38,1.08
2014.02.19 14:07:31.161,1.65018,1.65049,1.38,1.15
2014.02.19 14:07:31.212,1.65018,1.65049,1.38,1.18
2014.02.19 14:07:33.301,1.65018,1.65049,1.38,1.10
2014.02.19 14:07:34.899,1.65018,1.65049,1.38,1.10
2014.02.19 14:07:39.940,1.65019,1.6505,1.38,1.13
2014.02.19 14:07:39.991,1.65017,1.6505,1.38,1.13
2014.02.19 14:07:40.145,1.65013,1.65043,1.50,1.13
2014.02.19 14:07:40.297,1.65008,1.65043,1.45,1.20
2014.02.19 14:07:40.958,1.65006,1.65044,1.45,1.53
2014.02.19 14:07:41.265,1.65007,1.65049,1.95,1.15
2014.02.19 14:07:41.316,1.65007,1.65049,2.03,1.15
2014.02.19 14:07:41.947,1.65009,1.65049,1.20,1.00
2014.02.19 14:07:42.278,1.65009,1.65049,1.95,1.13
2014.02.19 14:07:43.917,1.65009,1.65049,1.95,1.00
2014.02.19 14:07:45.064,1.65017,1.65049,1.38,1.00
2014.02.19 14:07:45.417,1.65017,1.65049,1.38,1.18
2014.02.19 14:07:46.308,1.65017,1.65049,1.38,1.00
2014.02.19 14:07:46.409,1.65007,1.65049,1.53,1.28
2014.02.19 14:07:46.661,1.65007,1.65041,1.38,1.00
2014.02.19 14:07:48.860,1.65016,1.65041,1.00,1.00
2014.02.19 14:07:49.163,1.65047,1.65061,1.75,1.38
2014.02.19 14:07:49.214,1.65047,1.65078,1.75,1.00
2014.02.19 14:07:49.315,1.65052,1.65081,1.58,1.08
2014.02.19 14:07:49.466,1.65052,1.65091,1.65,1.38
2014.02.19 14:07:49.867,1.65057,1.65094,1.58,1.38
2014.02.19 14:07:50.684,1.65055,1.65096,1.55,1.83
2014.02.19 14:07:51.778,1.65057,1.65096,1.00,2.03
2014.02.19 14:07:52.586,1.65054,1.65093,2.40,1.00
2014.02.19 14:07:52.993,1.65054,1.65093,2.03,1.38
2014.02.19 14:07:53.145,1.65054,1.65093,1.55,2.03
2014.02.19 14:07:53.393,1.65054,1.65093,1.55,2.03
2014.02.19 14:07:54.019,1.65046,1.65089,1.15,1.28
2014.02.19 14:07:55.579,1.65046,1.65089,1.15,1.53
2014.02.19 14:07:55.756,1.65046,1.65083,1.00,1.10
2014.02.19 14:07:56.472,1.65043,1.65083,1.15,1.10
2014.02.19 14:07:58.111,1.65046,1.65088,1.00,2.03
2014.02.19 14:07:58.161,1.65046,1.65088,1.58,2.03
2014.02.19 14:07:58.212,1.65046,1.65088,1.65,2.03
2014.02.19 14:07:59.854,1.65046,1.65074,1.48,1.00
2014.02.19 14:08:00.280,1.65039,1.65079,1.18,1.55
2014.02.19 14:08:00.432,1.65039,1.65079,1.18,1.18
2014.02.19 14:08:00.484,1.65039,1.65079,1.15,1.00
2014.02.19 14:08:00.808,1.65039,1.65079,1.15,1.38
2014.02.19 14:08:00.960,1.65039,1.65079,1.18,1.55
2014.02.19 14:08:01.928,1.65038,1.65079,1.15,2.03
2014.02.19 14:08:02.338,1.65038,1.65074,1.15,1.00
2014.02.19 14:08:02.642,1.65028,1.65053,1.28,1.00
2014.02.19 14:08:02.743,1.65025,1.65053,1.90,1.00
2014.02.19 14:08:02.910,1.65026,1.6506,1.53,1.13
2014.02.19 14:08:03.011,1.65028,1.65066,1.20,1.00
2014.02.19 14:08:04.068,1.65028,1.65071,1.95,1.48
2014.02.19 14:08:05.223,1.65028,1.65071,1.95,1.10
2014.02.19 14:08:05.697,1.65028,1.65066,1.95,1.00
2014.02.19 14:08:06.745,1.65028,1.65065,1.20,1.00
2014.02.19 14:08:08.177,1.6503,1.6507,1.53,1.00
2014.02.19 14:08:08.228,1.6503,1.6507,1.13,1.53
2014.02.19 14:08:08.388,1.6503,1.65064,1.13,1.00
2014.02.19 14:08:08.738,1.65026,1.65053,1.95,1.00
2014.02.19 14:08:09.092,1.65026,1.65053,1.38,1.00
2014.02.19 14:08:09.294,1.65026,1.65053,1.38,1.00
2014.02.19 14:08:09.395,1.65027,1.6506,1.38,2.48
2014.02.19 14:08:10.717,1.65027,1.6506,1.53,1.88
2014.02.19 14:08:10.818,1.65027,1.6506,1.53,1.00
2014.02.19 14:08:11.020,1.65029,1.65063,1.53,1.00
2014.02.19 14:08:11.566,1.65029,1.65063,1.53,1.00
2014.02.19 14:08:12.057,1.65032,1.65063,1.58,1.00
2014.02.19 14:08:12.562,1.65032,1.65063,1.53,1.00
2014.02.19 14:08:12.864,1.65035,1.65054,1.53,1.00
2014.02.19 14:08:13.027,1.65035,1.65063,1.53,1.00
2014.02.19 14:08:13.108,1.65035,1.65063,1.53,1.00
2014.02.19 14:08:13.481,1.65035,1.65063,1.53,1.00
2014.02.19 14:08:14.174,1.65035,1.65063,1.53,1.00
2014.02.19 14:08:15.217,1.65035,1.65063,1.53,1.00
2014.02.19 14:08:15.469,1.65035,1.65053,1.53,1.00
2014.02.19 14:08:15.570,1.65032,1.65064,1.53,1.00
2014.02.19 14:08:15.671,1.65037,1.65067,1.88,1.50
2014.02.19 14:08:15.723,1.6504,1.65067,1.15,1.00
2014.02.19 14:08:15.773,1.6504,1.65078,1.53,1.00
2014.02.19 14:08:15.824,1.65047,1.6508,1.20,1.00
2014.02.19 14:08:15.875,1.65047,1.65083,1.58,1.00
2014.02.19 14:08:15.976,1.65051,1.65083,1.20,1.00
2014.02.19 14:08:16.128,1.65051,1.65088,1.58,1.00
2014.02.19 14:08:16.229,1.65052,1.65093,1.90,1.00
2014.02.19 14:08:17.055,1.65056,1.65096,1.55,1.18
2014.02.19 14:08:17.106,1.65056,1.65096,1.93,1.18
2014.02.19 14:08:17.822,1.65057,1.65096,1.90,1.08
2014.02.19 14:08:17.873,1.65056,1.65096,3.00,1.00
2014.02.19 14:08:17.923,1.65058,1.65097,1.90,1.00
2014.02.19 14:08:18.024,1.65058,1.65101,1.90,1.20
2014.02.19 14:08:18.392,1.65062,1.65103,1.65,1.00
2014.02.19 14:08:18.699,1.65068,1.65104,1.90,1.00
2014.02.19 14:08:18.750,1.65068,1.6511,1.53,1.00
2014.02.19 14:08:19.097,1.65073,1.65104,1.18,1.00
2014.02.19 14:08:19.627,1.65068,1.65104,1.90,1.38
2014.02.19 14:08:20.146,1.65076,1.65103,1.00,1.13
2014.02.19 14:08:20.619,1.65076,1.65103,1.53,1.00
2014.02.19 14:08:22.838,1.65076,1.65103,1.38,1.00
2014.02.19 14:08:23.092,1.65073,1.65103,1.38,1.00
2014.02.19 14:08:23.317,1.65073,1.65103,1.38,1.00
2014.02.19 14:08:24.421,1.65073,1.65103,1.38,1.00
2014.02.19 14:08:24.522,1.65073,1.65103,1.38,1.08
2014.02.19 14:08:24.624,1.65068,1.65094,1.75,1.00
2014.02.19 14:08:24.826,1.65064,1.65094,1.53,1.00
2014.02.19 14:08:27.333,1.65066,1.65104,1.38,2.03
2014.02.19 14:08:28.247,1.65066,1.65104,1.38,1.65
2014.02.19 14:08:28.337,1.65066,1.65104,1.38,2.03
2014.02.19 14:08:30.537,1.65066,1.65104,1.38,2.03
2014.02.19 14:08:31.197,1.65069,1.65104,1.38,1.15
2014.02.19 14:08:31.298,1.65069,1.65104,1.38,1.15
2014.02.19 14:08:31.889,1.65069,1.65106,1.88,1.15
2014.02.19 14:08:32.041,1.65069,1.65106,2.03,1.10
2014.02.19 14:08:32.092,1.65069,1.65109,1.53,1.53
2014.02.19 14:08:33.507,1.65069,1.65109,2.03,1.15
2014.02.19 14:08:42.787,1.65076,1.65109,1.38,1.15
2014.02.19 14:08:43.167,1.65076,1.65113,1.38,1.20
2014.02.19 14:08:43.268,1.65076,1.65116,1.45,1.53
2014.02.19 14:08:43.369,1.65077,1.65116,1.53,1.00
2014.02.19 14:08:43.622,1.65083,1.65122,1.53,1.20
2014.02.19 14:08:43.824,1.65083,1.65122,1.38,1.15
2014.02.19 14:08:46.086,1.65083,1.65103,1.38,1.00
2014.02.19 14:08:46.137,1.65083,1.65103,1.00,1.00
2014.02.19 14:08:46.339,1.65067,1.65098,1.93,1.00
2014.02.19 14:08:46.441,1.65079,1.65111,1.00,1.83
2014.02.19 14:08:46.491,1.65079,1.65113,1.50,2.25
2014.02.19 14:08:46.542,1.6508,1.65113,1.48,1.58
2014.02.19 14:08:46.945,1.65089,1.65119,1.38,1.18
2014.02.19 14:08:47.046,1.65089,1.65113,1.38,1.00
2014.02.19 14:08:47.456,1.65083,1.65113,1.38,1.00
2014.02.19 14:08:50.869,1.65089,1.65119,1.00,1.15
2014.02.19 14:08:50.972,1.65082,1.65119,1.53,1.00
2014.02.19 14:08:51.201,1.65082,1.65119,1.53,1.00
2014.02.19 14:08:51.928,1.65082,1.65119,1.53,1.00
2014.02.19 14:08:54.121,1.65082,1.65119,1.38,1.15
2014.02.19 14:08:54.171,1.65082,1.65119,1.38,1.15
2014.02.19 14:08:54.273,1.65082,1.65119,1.38,1.15
2014.02.19 14:08:57.110,1.65082,1.65119,1.38,1.15
2014.02.19 14:08:57.575,1.65082,1.65119,1.38,1.15
2014.02.19 14:08:57.676,1.65082,1.65114,1.38,1.08
2014.02.19 14:08:58.885,1.65078,1.65119,1.38,1.65
2014.02.19 14:09:00.708,1.65078,1.65119,1.38,1.65
2014.02.19 14:09:03.774,1.65082,1.65119,1.38,1.15
2014.02.19 14:09:03.963,1.65085,1.65119,1.38,1.15
2014.02.19 14:09:07.056,1.65085,1.65119,1.38,1.15
2014.02.19 14:09:07.526,1.65077,1.65116,1.55,1.08
2014.02.19 14:09:07.678,1.65085,1.65119,1.38,1.08
2014.02.19 14:09:07.830,1.65085,1.65127,1.55,1.15
2014.02.19 14:09:08.376,1.65085,1.65127,1.55,1.15
2014.02.19 14:09:08.477,1.65085,1.65127,1.53,1.08
2014.02.19 14:09:09.702,1.65085,1.65127,1.55,1.15
2014.02.19 14:09:10.269,1.6509,1.65128,1.38,1.15
2014.02.19 14:09:15.116,1.6509,1.65128,1.45,1.08
2014.02.19 14:09:17.286,1.6509,1.65128,1.45,1.08
2014.02.19 14:09:18.177,1.65087,1.65128,2.03,1.65
2014.02.19 14:09:18.227,1.65087,1.65128,1.95,1.65
2014.02.19 14:09:18.566,1.65087,1.65123,1.88,1.53
2014.02.19 14:09:19.043,1.65087,1.65123,1.88,1.20
2014.02.19 14:09:26.565,1.65087,1.65128,2.03,1.20
2014.02.19 14:09:27.173,1.65087,1.65128,2.03,1.18
2014.02.19 14:09:28.586,1.65087,1.65128,2.03,1.15
2014.02.19 14:09:31.286,1.65087,1.65128,1.88,1.83
2014.02.19 14:09:46.246,1.65087,1.65128,1.88,1.83
2014.02.19 14:09:46.549,1.65084,1.65123,1.38,3.75
2014.02.19 14:09:46.944,1.65084,1.65123,1.38,3.75
2014.02.19 14:09:47.465,1.65084,1.65123,1.38,3.75
2014.02.19 14:09:48.337,1.65086,1.65123,1.38,3.00
2014.02.19 14:09:49.772,1.65084,1.65123,1.38,3.75
2014.02.19 14:09:50.877,1.65087,1.65123,1.38,3.00
2014.02.19 14:09:51.426,1.65097,1.65123,1.13,2.25
2014.02.19 14:09:51.527,1.65097,1.65123,1.13,1.15
2014.02.19 14:09:53.735,1.65097,1.65123,1.13,1.20
2014.02.19 14:09:54.658,1.65087,1.65123,1.38,1.18
2014.02.19 14:09:54.760,1.65087,1.6512,1.38,1.15
2014.02.19 14:09:55.113,1.65087,1.6512,1.38,1.15
2014.02.19 14:09:56.227,1.65087,1.65123,1.38,1.18
2014.02.19 14:10:00.115,1.65097,1.65123,1.38,1.10
2014.02.19 14:10:00.419,1.65099,1.65123,1.38,1.00
2014.02.19 14:10:00.995,1.65104,1.65123,1.38,1.00
2014.02.19 14:10:01.096,1.65104,1.65132,1.38,1.15
2014.02.19 14:10:06.980,1.65102,1.65132,1.38,2.25
2014.02.19 14:10:07.647,1.65102,1.65131,1.38,1.58
2014.02.19 14:10:07.899,1.65096,1.65126,1.88,1.15
2014.02.19 14:10:08.001,1.651,1.65126,1.38,1.65
2014.02.19 14:10:08.306,1.651,1.6513,1.38,2.33
2014.02.19 14:10:08.407,1.651,1.6513,1.38,1.65
2014.02.19 14:10:08.957,1.65107,1.6513,1.05,1.65
2014.02.19 14:10:09.469,1.65107,1.6513,1.00,1.10
2014.02.19 14:10:09.756,1.65107,1.65135,1.00,1.20
2014.02.19 14:10:10.285,1.651,1.65135,1.38,1.20
2014.02.19 14:10:11.435,1.651,1.65135,1.38,1.15
2014.02.19 14:10:15.127,1.65102,1.65137,1.38,1.15
2014.02.19 14:10:15.178,1.65099,1.65137,1.38,1.15
2014.02.19 14:10:16.056,1.65099,1.65137,1.38,1.15
2014.02.19 14:10:16.157,1.65095,1.65132,1.53,1.00
2014.02.19 14:10:16.802,1.65096,1.65132,1.38,1.18
2014.02.19 14:10:21.901,1.65099,1.65133,1.38,1.00
2014.02.19 14:10:25.586,1.65097,1.65134,1.55,1.10
2014.02.19 14:10:27.432,1.651,1.65138,1.53,1.65
2014.02.19 14:10:29.305,1.65097,1.65138,2.78,2.03
2014.02.19 14:10:29.834,1.651,1.65138,1.53,1.65
2014.02.19 14:10:30.084,1.65107,1.65138,1.38,1.20
2014.02.19 14:10:30.336,1.65109,1.65143,1.48,1.00
2014.02.19 14:10:30.855,1.65108,1.65147,1.55,1.15
2014.02.19 14:10:31.217,1.65108,1.65147,1.38,1.15
2014.02.19 14:10:31.416,1.6511,1.65149,1.53,1.13
2014.02.19 14:10:32.255,1.65109,1.65149,1.53,1.00
2014.02.19 14:10:33.024,1.65111,1.65149,1.53,1.00
2014.02.19 14:10:33.399,1.65111,1.65149,1.53,1.00
2014.02.19 14:10:33.743,1.65111,1.65149,1.55,1.15
2014.02.19 14:10:34.267,1.65111,1.65149,1.55,1.15
2014.02.19 14:10:34.706,1.65111,1.65149,1.55,1.15
2014.02.19 14:10:35.065,1.65115,1.65153,1.48,1.65
2014.02.19 14:10:35.335,1.65115,1.65144,1.48,1.00
2014.02.19 14:10:35.386,1.65115,1.65144,1.38,1.88
2014.02.19 14:10:35.487,1.65116,1.65144,1.38,1.15
2014.02.19 14:10:35.588,1.65116,1.65144,1.38,1.00
2014.02.19 14:10:35.740,1.65114,1.65144,1.13,1.38
2014.02.19 14:10:36.044,1.65107,1.65144,1.53,1.38
2014.02.19 14:10:36.248,1.65107,1.65144,1.53,1.38
2014.02.19 14:10:36.857,1.65106,1.65137,1.38,1.00
2014.02.19 14:10:37.346,1.65103,1.65124,1.55,1.00
2014.02.19 14:10:37.754,1.65103,1.65133,1.55,1.00
2014.02.19 14:10:38.195,1.65103,1.65124,1.55,1.00
2014.02.19 14:10:44.824,1.65103,1.65133,1.55,1.00
2014.02.19 14:10:44.875,1.65103,1.65133,1.55,1.00
2014.02.19 14:10:45.948,1.65104,1.65133,1.55,1.00
2014.02.19 14:10:46.866,1.65105,1.65133,1.20,1.60
2014.02.19 14:10:47.169,1.65091,1.65114,1.15,1.00
2014.02.19 14:10:47.220,1.65091,1.65114,1.15,1.00
2014.02.19 14:10:47.645,1.65091,1.65121,1.15,1.38
2014.02.19 14:10:47.696,1.6509,1.65124,1.20,1.38
2014.02.19 14:10:47.747,1.65096,1.65124,1.20,1.38
2014.02.19 14:10:48.049,1.65098,1.65124,1.20,1.00
2014.02.19 14:10:48.100,1.65098,1.65134,1.20,2.63
2014.02.19 14:10:48.409,1.65098,1.65134,1.95,1.00
2014.02.19 14:10:48.637,1.65107,1.65134,2.63,1.00
2014.02.19 14:10:48.897,1.65109,1.65147,1.20,1.38
2014.02.19 14:10:48.998,1.65108,1.65147,2.70,1.00
2014.02.19 14:10:49.200,1.65108,1.65144,2.25,1.13
2014.02.19 14:10:50.253,1.65108,1.65144,1.15,1.13
2014.02.19 14:10:50.845,1.65108,1.65133,1.15,1.00
2014.02.19 14:10:52.823,1.65108,1.65144,1.15,1.13
2014.02.19 14:10:53.814,1.65108,1.65134,1.15,1.00
2014.02.19 14:10:54.158,1.65108,1.65144,1.53,1.38
2014.02.19 14:10:54.514,1.65108,1.65134,1.15,1.00
2014.02.19 14:10:57.114,1.65108,1.65144,1.15,1.38
2014.02.19 14:10:57.216,1.65113,1.65144,1.65,1.00
2014.02.19 14:10:57.420,1.65124,1.65154,1.38,1.50
2014.02.19 14:10:57.521,1.65124,1.65154,1.38,1.13
2014.02.19 14:10:57.672,1.65124,1.65154,1.53,1.00
2014.02.19 14:10:58.659,1.65119,1.65153,2.03,1.00
2014.02.19 14:10:58.761,1.65119,1.65153,1.00,1.00
2014.02.19 14:10:59.283,1.65113,1.65153,1.53,1.00
2014.02.19 14:10:59.334,1.65113,1.65143,1.53,1.00
2014.02.19 14:10:59.864,1.65127,1.65154,1.00,1.48
2014.02.19 14:11:00.065,1.65131,1.65163,1.15,1.98
2014.02.19 14:11:00.117,1.65131,1.6516,1.15,1.38
2014.02.19 14:11:00.405,1.65127,1.65153,1.58,1.38
2014.02.19 14:11:00.506,1.65122,1.65153,1.50,1.00
2014.02.19 14:11:01.071,1.65123,1.65164,1.95,1.88
2014.02.19 14:11:01.285,1.65127,1.65164,1.20,1.00
2014.02.19 14:11:01.510,1.65126,1.65164,2.03,1.00
2014.02.19 14:11:03.490,1.65126,1.65161,2.03,1.00
2014.02.19 14:11:03.692,1.65126,1.65164,1.53,1.50
2014.02.19 14:11:03.793,1.65123,1.65161,1.20,1.00
2014.02.19 14:11:04.002,1.65121,1.65161,1.53,1.00
2014.02.19 14:11:04.255,1.65121,1.65161,1.45,1.15
2014.02.19 14:11:04.457,1.65114,1.65155,1.53,1.15
2014.02.19 14:11:12.397,1.65111,1.65154,2.33,1.65
2014.02.19 14:11:12.448,1.65111,1.65154,1.90,1.65
2014.02.19 14:11:12.784,1.65111,1.65154,3.08,1.65
2014.02.19 14:11:13.037,1.65116,1.65156,1.53,1.00
2014.02.19 14:11:13.238,1.65116,1.65156,1.55,1.15
2014.02.19 14:11:13.405,1.65116,1.65156,1.55,1.15
2014.02.19 14:11:13.895,1.65116,1.65156,1.55,1.08
2014.02.19 14:11:14.148,1.65116,1.65157,2.03,1.00
2014.02.19 14:11:14.761,1.65116,1.65157,2.03,1.00
2014.02.19 14:11:15.805,1.65117,1.65157,1.53,1.00
2014.02.19 14:11:16.040,1.65122,1.65162,1.53,1.65
2014.02.19 14:11:16.191,1.65122,1.65162,1.45,1.65
2014.02.19 14:11:16.640,1.65117,1.65153,1.53,1.00
2014.02.19 14:11:17.188,1.65115,1.65153,1.45,1.08
2014.02.19 14:11:17.491,1.6511,1.65143,2.40,1.00
2014.02.19 14:11:18.053,1.6511,1.65143,1.90,1.38
2014.02.19 14:11:18.805,1.6511,1.65143,1.90,1.13
2014.02.19 14:11:20.500,1.6511,1.65151,1.53,1.53
2014.02.19 14:11:20.651,1.65113,1.65153,1.53,1.38
2014.02.19 14:11:20.753,1.65113,1.65153,1.53,1.38
2014.02.19 14:11:21.068,1.65119,1.65154,1.55,1.38
2014.02.19 14:11:21.426,1.65119,1.65154,1.55,1.38
2014.02.19 14:11:23.380,1.65119,1.65154,1.55,1.00
2014.02.19 14:11:25.082,1.65119,1.65154,1.55,1.38
2014.02.19 14:11:27.228,1.65119,1.65154,1.48,1.45
2014.02.19 14:11:27.532,1.6511,1.6515,1.88,1.15
2014.02.19 14:11:28.134,1.6511,1.6515,1.88,1.15
2014.02.19 14:11:28.336,1.6511,1.65143,1.88,1.00
2014.02.19 14:11:28.387,1.6511,1.65143,1.50,1.00
2014.02.19 14:11:33.936,1.65109,1.65143,1.10,1.00
2014.02.19 14:11:33.987,1.65109,1.65143,1.50,1.00
2014.02.19 14:11:37.113,1.65116,1.6515,1.10,1.38
2014.02.19 14:11:37.164,1.65122,1.65154,1.38,1.65
2014.02.19 14:11:37.265,1.65122,1.65154,1.38,1.50
2014.02.19 14:11:37.417,1.65122,1.65154,1.53,1.00
2014.02.19 14:11:38.130,1.65136,1.65162,1.38,1.50
2014.02.19 14:11:38.181,1.65136,1.65162,1.38,1.50
2014.02.19 14:11:38.334,1.65136,1.65168,1.38,1.15
2014.02.19 14:11:39.034,1.65131,1.65168,1.38,1.15
2014.02.19 14:11:39.136,1.65134,1.65168,1.53,1.00
2014.02.19 14:11:39.338,1.65136,1.65172,1.58,1.50
2014.02.19 14:11:39.439,1.65136,1.65172,1.58,1.13
2014.02.19 14:11:39.506,1.65136,1.65172,1.58,1.13
2014.02.19 14:11:40.734,1.65136,1.65172,1.58,1.00
2014.02.19 14:11:41.289,1.65146,1.65172,1.38,1.00
2014.02.19 14:11:41.595,1.65137,1.65172,1.38,1.00
2014.02.19 14:11:41.696,1.65137,1.65175,1.88,1.65
2014.02.19 14:11:43.263,1.65147,1.65175,1.38,1.00
2014.02.19 14:11:43.415,1.65147,1.65179,1.38,1.18
2014.02.19 14:11:44.392,1.65147,1.65175,1.38,1.00
2014.02.19 14:11:44.700,1.65147,1.6518,1.38,1.15
2014.02.19 14:11:45.215,1.65136,1.65176,1.53,1.00
2014.02.19 14:11:45.267,1.65136,1.65176,1.53,1.45
2014.02.19 14:11:47.877,1.65136,1.65176,1.45,2.03
2014.02.19 14:11:51.887,1.65136,1.65174,1.38,1.53
2014.02.19 14:11:53.944,1.65136,1.65171,1.38,1.10
2014.02.19 14:11:56.401,1.65147,1.65171,1.38,1.00
2014.02.19 14:11:56.553,1.65147,1.65177,1.38,1.00
2014.02.19 14:11:56.604,1.65157,1.65177,1.00,1.00
2014.02.19 14:11:56.655,1.65157,1.65183,1.00,1.58
2014.02.19 14:11:56.705,1.65157,1.65183,1.38,1.50
2014.02.19 14:11:56.857,1.65157,1.65185,1.38,1.00
2014.02.19 14:11:58.226,1.65157,1.65188,1.38,1.00
2014.02.19 14:11:58.773,1.65157,1.6519,1.38,1.58
2014.02.19 14:11:58.874,1.65157,1.6519,1.38,1.20
2014.02.19 14:11:59.142,1.65146,1.65186,1.38,2.63
2014.02.19 14:11:59.243,1.65144,1.65182,1.38,1.20
2014.02.19 14:11:59.546,1.6514,1.65175,1.38,1.95
2014.02.19 14:12:00.950,1.6514,1.65175,1.38,1.53
2014.02.19 14:12:03.447,1.65144,1.65175,1.38,1.08
2014.02.19 14:12:03.498,1.65144,1.65175,1.38,1.00
2014.02.19 14:12:03.599,1.65144,1.65175,1.38,1.53
2014.02.19 14:12:06.519,1.65141,1.65173,1.38,1.08
2014.02.19 14:12:06.620,1.65141,1.65174,1.38,1.55
2014.02.19 14:12:06.829,1.65137,1.65174,1.38,1.55
2014.02.19 14:12:08.704,1.65137,1.65174,1.38,1.55
2014.02.19 14:12:08.855,1.65137,1.65173,1.38,1.20
2014.02.19 14:12:09.123,1.65128,1.65163,1.38,1.15
2014.02.19 14:12:11.582,1.65127,1.65163,1.38,2.25
2014.02.19 14:12:13.970,1.65127,1.65157,1.38,1.15
2014.02.19 14:12:14.196,1.65127,1.65157,1.38,1.00
2014.02.19 14:12:14.702,1.65127,1.65157,1.38,1.08
2014.02.19 14:12:16.365,1.6513,1.65157,1.00,1.00
2014.02.19 14:12:16.466,1.65127,1.65163,1.88,2.03
2014.02.19 14:12:16.567,1.65127,1.65162,1.88,1.20
2014.02.19 14:12:17.062,1.65136,1.65162,1.00,1.20
2014.02.19 14:12:21.352,1.65127,1.65162,1.38,1.20
2014.02.19 14:12:22.743,1.65127,1.6516,1.38,1.88
2014.02.19 14:12:23.067,1.65127,1.65158,1.38,1.15
2014.02.19 14:12:23.219,1.65127,1.65154,1.38,1.15
2014.02.19 14:12:23.773,1.65127,1.65154,1.38,1.00
2014.02.19 14:12:25.356,1.65127,1.65158,1.38,1.15
2014.02.19 14:12:25.457,1.65116,1.65156,1.53,1.48
2014.02.19 14:12:25.507,1.65116,1.65156,1.38,1.53
2014.02.19 14:12:26.450,1.65116,1.65156,1.38,1.95
2014.02.19 14:12:26.800,1.65116,1.65154,1.38,1.20
2014.02.19 14:12:29.210,1.65116,1.65152,1.38,1.10
2014.02.19 14:12:34.649,1.65116,1.65152,1.13,1.10
2014.02.19 14:12:47.223,1.65116,1.65152,1.38,1.10
2014.02.19 14:12:48.612,1.65116,1.65152,1.13,1.10
2014.02.19 14:12:49.743,1.65116,1.65152,1.13,1.18
2014.02.19 14:12:50.875,1.65116,1.65152,1.13,1.15
2014.02.19 14:12:50.926,1.6511,1.65152,1.08,1.53
2014.02.19 14:12:51.027,1.6511,1.65152,1.00,1.53
2014.02.19 14:12:51.423,1.6511,1.65152,1.08,1.53
2014.02.19 14:12:51.524,1.65116,1.65152,1.00,1.18
2014.02.19 14:12:51.877,1.65114,1.65152,1.45,1.10
2014.02.19 14:12:53.902,1.65116,1.65152,1.53,1.00
2014.02.19 14:12:55.132,1.65114,1.65152,1.53,1.00
2014.02.19 14:12:55.285,1.65114,1.65152,1.20,1.08
2014.02.19 14:12:55.515,1.65111,1.65151,1.28,1.15
2014.02.19 14:12:55.621,1.65111,1.65151,1.20,1.15
2014.02.19 14:12:55.671,1.65111,1.65151,1.13,1.15
2014.02.19 14:12:56.176,1.6511,1.65151,1.00,1.28
2014.02.19 14:13:02.231,1.65108,1.65148,1.28,1.18
2014.02.19 14:13:09.219,1.65103,1.6514,1.45,1.10
2014.02.19 14:13:09.733,1.65101,1.6514,1.53,1.18
2014.02.19 14:13:20.204,1.65101,1.65136,1.53,1.00
2014.02.19 14:13:20.506,1.65101,1.65134,1.38,1.00
2014.02.19 14:13:23.753,1.65098,1.65134,1.48,1.00
2014.02.19 14:13:32.826,1.65101,1.65141,1.53,1.13
2014.02.19 14:13:33.124,1.65104,1.65141,1.20,1.00
2014.02.19 14:13:40.084,1.65104,1.65144,1.20,1.00
2014.02.19 14:13:44.282,1.65102,1.65144,1.53,1.15
2014.02.19 14:13:44.382,1.65103,1.65144,1.20,1.00
2014.02.19 14:13:46.134,1.65103,1.65143,1.20,1.00
2014.02.19 14:13:46.672,1.65103,1.65144,1.20,1.00
2014.02.19 14:13:51.111,1.65107,1.65144,1.20,1.00
2014.02.19 14:13:52.698,1.65106,1.65144,1.20,1.00
2014.02.19 14:13:52.748,1.65105,1.65144,1.53,1.00
2014.02.19 14:13:54.372,1.65105,1.65144,1.48,1.18
2014.02.19 14:13:56.730,1.65105,1.65144,1.53,1.50
2014.02.19 14:13:59.725,1.65107,1.65144,1.20,1.00
2014.02.19 14:13:59.776,1.65107,1.65148,1.20,1.00
2014.02.19 14:14:00.832,1.65107,1.65143,1.20,1.00
2014.02.19 14:14:01.038,1.65105,1.65143,1.53,1.00
2014.02.19 14:14:02.811,1.65105,1.65148,1.53,1.15
2014.02.19 14:14:05.793,1.65105,1.65148,1.53,2.03
2014.02.19 14:14:06.146,1.65102,1.65142,1.55,1.28
2014.02.19 14:14:12.395,1.65102,1.65142,1.95,1.00
2014.02.19 14:14:12.647,1.65102,1.65143,1.95,1.50
2014.02.19 14:14:14.593,1.65106,1.65147,1.53,1.00
2014.02.19 14:14:14.644,1.65106,1.65147,1.90,1.00
2014.02.19 14:14:26.732,1.65113,1.65147,1.53,1.50
2014.02.19 14:14:26.883,1.65112,1.65152,1.53,1.00
2014.02.19 14:14:35.800,1.65112,1.65152,1.53,1.00
2014.02.19 14:14:37.237,1.65116,1.65152,1.20,1.00
2014.02.19 14:14:37.338,1.65118,1.65158,1.53,1.50
2014.02.19 14:14:38.006,1.65118,1.65158,1.53,1.50
2014.02.19 14:14:44.343,1.65118,1.65158,1.53,1.50
2014.02.19 14:14:45.072,1.6512,1.65158,1.53,1.00
2014.02.19 14:14:47.490,1.6512,1.65158,1.53,1.00
2014.02.19 14:14:48.490,1.6512,1.65158,1.53,1.00
2014.02.19 14:14:52.285,1.6512,1.6516,1.53,1.08
2014.02.19 14:14:57.981,1.6512,1.6516,1.53,1.00
2014.02.19 14:15:00.952,1.6512,1.6516,1.45,1.08
2014.02.19 14:15:01.154,1.65122,1.6516,1.53,1.00
2014.02.19 14:15:03.991,1.65122,1.6516,1.53,1.00
2014.02.19 14:15:05.861,1.65122,1.6516,1.53,1.00
2014.02.19 14:15:06.126,1.65122,1.6516,1.08,1.08
2014.02.19 14:15:06.177,1.65122,1.6516,1.00,1.15
2014.02.19 14:15:06.334,1.65121,1.6516,1.38,1.65
2014.02.19 14:15:06.435,1.65121,1.6516,1.00,1.65
2014.02.19 14:15:06.550,1.65121,1.6516,1.08,1.58
2014.02.19 14:15:06.601,1.65121,1.6516,1.15,1.50
2014.02.19 14:15:08.035,1.65121,1.6516,1.53,1.50
2014.02.19 14:15:08.594,1.65121,1.6516,1.53,1.50
2014.02.19 14:15:10.087,1.65121,1.6516,1.53,1.50
2014.02.19 14:15:10.192,1.65121,1.6516,1.53,1.50
2014.02.19 14:15:10.522,1.65121,1.6516,1.53,1.50
2014.02.19 14:15:11.654,1.65122,1.6516,1.15,1.00
2014.02.19 14:15:11.994,1.65122,1.6516,1.53,1.00
2014.02.19 14:15:12.198,1.65122,1.6516,1.28,1.00
2014.02.19 14:15:12.302,1.65122,1.6516,1.53,1.00
2014.02.19 14:15:12.405,1.65122,1.6516,1.15,1.00
2014.02.19 14:15:12.506,1.65122,1.6516,1.53,1.00
2014.02.19 14:15:12.613,1.65122,1.6516,1.28,1.00
2014.02.19 14:15:12.766,1.65122,1.6516,1.53,1.00
2014.02.19 14:15:12.867,1.65122,1.6516,1.28,1.00
2014.02.19 14:15:12.968,1.65122,1.6516,1.53,1.00
2014.02.19 14:15:13.160,1.65122,1.6516,1.53,1.00
2014.02.19 14:15:13.711,1.65122,1.6516,1.53,1.00
2014.02.19 14:15:13.836,1.65122,1.6516,1.53,1.00
2014.02.19 14:15:16.069,1.65122,1.6516,1.53,1.00
2014.02.19 14:15:16.409,1.65122,1.6516,1.15,1.00
2014.02.19 14:15:16.512,1.65122,1.6516,1.53,1.00
2014.02.19 14:15:16.582,1.65122,1.6516,1.15,1.00
2014.02.19 14:15:16.698,1.65122,1.6516,1.53,1.00
2014.02.19 14:15:17.156,1.65122,1.6516,1.53,1.00
2014.02.19 14:15:17.257,1.65122,1.6516,1.53,1.00
2014.02.19 14:15:17.358,1.65122,1.6516,1.15,1.00
2014.02.19 14:15:17.509,1.65122,1.6516,1.53,1.00
2014.02.19 14:15:18.560,1.65122,1.6516,1.28,1.00
2014.02.19 14:15:18.706,1.65122,1.6516,1.53,1.00
2014.02.19 14:15:18.924,1.65122,1.6516,1.15,1.00
2014.02.19 14:15:19.026,1.65122,1.6516,1.53,1.00
2014.02.19 14:15:23.665,1.65122,1.6516,1.15,1.00
2014.02.19 14:15:23.867,1.65122,1.6516,1.53,1.00
2014.02.19 14:15:25.341,1.65122,1.65162,1.53,1.18
2014.02.19 14:15:25.392,1.65122,1.65162,1.53,1.18
2014.02.19 14:15:25.507,1.65122,1.65162,1.53,1.18
2014.02.19 14:15:25.640,1.65122,1.65162,1.15,1.18
2014.02.19 14:15:26.076,1.65122,1.65162,1.53,1.18
2014.02.19 14:15:26.411,1.65122,1.65162,1.28,1.18
2014.02.19 14:15:26.513,1.65122,1.65162,1.53,1.18
2014.02.19 14:15:29.151,1.65122,1.65162,1.28,1.18
2014.02.19 14:15:29.263,1.65122,1.65162,1.53,1.18
2014.02.19 14:15:29.372,1.65122,1.65162,1.28,1.18
2014.02.19 14:15:29.482,1.65122,1.65162,1.53,1.18
2014.02.19 14:15:29.592,1.65122,1.65162,1.15,1.18
2014.02.19 14:15:30.674,1.65122,1.65159,1.15,1.00
2014.02.19 14:15:33.551,1.65122,1.65159,1.53,1.00
2014.02.19 14:15:33.703,1.65122,1.65159,1.28,1.00
2014.02.19 14:15:35.246,1.65122,1.65159,1.53,1.00
2014.02.19 14:15:36.111,1.65122,1.65159,1.15,1.00
2014.02.19 14:15:36.233,1.65122,1.65159,1.53,1.00
2014.02.19 14:15:36.486,1.65122,1.65161,1.53,1.10
2014.02.19 14:15:36.657,1.65122,1.65161,1.53,1.10
2014.02.19 14:15:37.474,1.65122,1.65161,1.53,1.10
2014.02.19 14:15:37.541,1.65122,1.65161,1.53,1.10
2014.02.19 14:15:37.752,1.65122,1.65161,1.00,1.15
2014.02.19 14:15:40.961,1.65122,1.65161,1.08,1.18
2014.02.19 14:15:41.012,1.65122,1.65161,1.15,1.20
2014.02.19 14:15:42.902,1.65121,1.65161,1.08,1.18
2014.02.19 14:15:43.407,1.65121,1.65161,1.00,1.15
2014.02.19 14:15:43.732,1.65121,1.65161,1.38,1.15
2014.02.19 14:15:43.922,1.65121,1.65161,1.00,1.28
2014.02.19 14:15:45.536,1.65121,1.65161,1.38,1.15
2014.02.19 14:15:45.637,1.65121,1.65161,1.00,1.28
2014.02.19 14:15:45.751,1.65121,1.65161,1.38,1.15
2014.02.19 14:15:46.164,1.65121,1.65161,1.00,1.28
2014.02.19 14:15:46.481,1.65121,1.65161,1.38,1.15
2014.02.19 14:15:46.592,1.65122,1.6516,1.00,1.15
2014.02.19 14:15:46.812,1.65122,1.6516,1.38,1.15
2014.02.19 14:15:47.170,1.65122,1.6516,1.00,1.15
2014.02.19 14:15:47.271,1.65122,1.6516,1.38,1.15
2014.02.19 14:15:47.409,1.65122,1.6516,1.00,1.15
2014.02.19 14:15:47.514,1.65122,1.6516,1.38,1.15
2014.02.19 14:15:47.582,1.65122,1.6516,1.00,1.15
2014.02.19 14:15:47.820,1.65122,1.6516,1.38,1.15
2014.02.19 14:15:48.165,1.65122,1.6516,1.00,1.15
2014.02.19 14:15:48.276,1.65122,1.6516,1.38,1.15
2014.02.19 14:15:48.468,1.65122,1.6516,1.00,1.15
2014.02.19 14:15:48.519,1.65122,1.6516,1.38,1.15
2014.02.19 14:15:48.571,1.65122,1.6516,1.00,1.15
2014.02.19 14:15:48.724,1.65122,1.6516,1.38,1.15
2014.02.19 14:15:48.901,1.65122,1.6516,1.00,1.15
2014.02.19 14:15:49.021,1.65122,1.6516,1.38,1.15
2014.02.19 14:15:49.697,1.65122,1.6516,1.00,1.15
2014.02.19 14:15:50.442,1.65122,1.6516,1.38,1.15
2014.02.19 14:15:50.662,1.65122,1.6516,1.00,1.15
2014.02.19 14:15:55.572,1.65122,1.6516,1.38,1.15
2014.02.19 14:15:55.863,1.65121,1.65161,1.00,1.15
2014.02.19 14:15:55.971,1.65121,1.65161,1.38,1.15
2014.02.19 14:15:56.081,1.65121,1.65161,1.00,1.28
2014.02.19 14:15:56.301,1.65121,1.65161,1.38,1.15
2014.02.19 14:15:57.841,1.65121,1.65161,1.00,1.15
2014.02.19 14:15:57.953,1.65121,1.65161,1.38,1.15
2014.02.19 14:15:58.423,1.65122,1.65161,1.00,2.03
2014.02.19 14:15:59.282,1.65122,1.65161,1.38,1.65
2014.02.19 14:15:59.410,1.65122,1.65161,1.00,2.03
2014.02.19 14:15:59.538,1.65122,1.65161,1.38,1.65
2014.02.19 14:16:01.094,1.65126,1.65161,1.00,1.65
2014.02.19 14:16:04.071,1.65126,1.65161,1.38,1.58
2014.02.19 14:16:04.122,1.65126,1.65161,1.38,1.50
2014.02.19 14:16:04.173,1.65122,1.65161,1.53,1.50
2014.02.19 14:16:04.275,1.65124,1.65161,1.45,1.00
2014.02.19 14:16:04.377,1.65124,1.65167,1.53,1.28
2014.02.19 14:16:05.900,1.65124,1.65167,1.53,1.15
2014.02.19 14:16:06.153,1.65124,1.65167,1.53,1.15
2014.02.19 14:16:07.144,1.65124,1.65167,1.53,1.15
2014.02.19 14:16:07.330,1.65124,1.65167,1.53,1.15
2014.02.19 14:16:08.947,1.65125,1.65167,1.20,1.00
2014.02.19 14:16:09.286,1.65129,1.65171,1.53,1.65
2014.02.19 14:16:10.034,1.65129,1.65171,1.53,1.50
2014.02.19 14:16:13.409,1.6513,1.6517,1.55,1.18
2014.02.19 14:16:13.751,1.6513,1.6517,1.53,1.00
2014.02.19 14:16:14.634,1.65133,1.65174,1.53,1.15
2014.02.19 14:16:14.685,1.65134,1.65174,1.20,1.08
2014.02.19 14:16:14.837,1.65137,1.65177,1.53,1.10
2014.02.19 14:16:18.680,1.65137,1.65177,1.15,1.48
2014.02.19 14:16:18.983,1.65146,1.65183,1.08,2.10
2014.02.19 14:16:19.185,1.65146,1.65183,1.20,1.10
2014.02.19 14:16:19.638,1.65156,1.65185,1.00,1.38
2014.02.19 14:16:20.704,1.65157,1.65185,1.00,1.38
2014.02.19 14:16:23.439,1.65146,1.65185,2.03,1.38
2014.02.19 14:16:26.200,1.65147,1.65185,1.53,1.13
2014.02.19 14:16:27.629,1.65147,1.65185,1.65,1.38
2014.02.19 14:16:30.346,1.65147,1.65185,1.65,1.75
2014.02.19 14:16:31.608,1.65167,1.65183,1.00,1.75
2014.02.19 14:16:31.709,1.65167,1.65185,1.13,1.00
2014.02.19 14:16:31.861,1.65167,1.65191,1.13,1.00
2014.02.19 14:16:32.013,1.65167,1.65198,1.13,1.38
2014.02.19 14:16:51.759,1.65167,1.65195,1.38,1.10
2014.02.19 14:16:51.911,1.65167,1.65195,1.88,1.00
2014.02.19 14:16:52.063,1.65164,1.65184,1.38,1.00
2014.02.19 14:16:52.214,1.65164,1.65184,1.00,1.00
2014.02.19 14:16:52.265,1.65164,1.65193,1.00,1.38
2014.02.19 14:16:52.416,1.65164,1.65193,1.00,1.13
2014.02.19 14:16:52.467,1.65159,1.65193,1.00,1.13
2014.02.19 14:16:52.518,1.65159,1.65193,1.00,1.88
2014.02.19 14:16:52.619,1.65153,1.65188,1.00,1.15
2014.02.19 14:16:52.720,1.65147,1.65186,1.38,1.15
2014.02.19 14:16:52.770,1.65147,1.65186,1.00,1.83
2014.02.19 14:16:53.236,1.65143,1.65179,1.75,1.15
2014.02.19 14:16:53.445,1.65143,1.65179,1.93,1.00
2014.02.19 14:16:54.032,1.65143,1.65179,1.93,1.00
2014.02.19 14:16:54.839,1.65143,1.65179,1.93,1.00
2014.02.19 14:16:55.722,1.65143,1.65179,1.93,1.38
2014.02.19 14:16:58.850,1.6515,1.65179,1.13,1.38
2014.02.19 14:16:59.152,1.65166,1.65186,1.38,1.00
2014.02.19 14:16:59.304,1.65166,1.65193,1.38,1.10
2014.02.19 14:16:59.506,1.65169,1.65194,1.38,1.00
2014.02.19 14:16:59.657,1.65169,1.65202,1.38,1.18
2014.02.19 14:17:00.890,1.65177,1.65209,1.38,2.25
2014.02.19 14:17:00.991,1.65177,1.65209,1.38,1.15
2014.02.19 14:17:01.043,1.65177,1.65204,1.38,1.00
2014.02.19 14:17:01.196,1.65177,1.65213,1.38,4.05
2014.02.19 14:17:01.708,1.65176,1.65213,1.88,2.33
2014.02.19 14:17:01.759,1.65176,1.65213,1.88,1.65
2014.02.19 14:17:11.480,1.65176,1.65212,1.38,1.15
2014.02.19 14:17:12.124,1.65178,1.65212,1.48,1.00
2014.02.19 14:17:12.225,1.65183,1.65212,1.38,1.00
2014.02.19 14:17:13.012,1.6518,1.65212,1.38,1.00
2014.02.19 14:17:18.102,1.6518,1.65212,1.38,1.08
2014.02.19 14:17:18.304,1.65185,1.65212,1.38,1.00
2014.02.19 14:17:18.607,1.65188,1.65212,1.38,1.00
2014.02.19 14:17:19.798,1.65188,1.65212,1.38,1.00
2014.02.19 14:17:20.500,1.65188,1.65212,1.38,1.00
2014.02.19 14:17:21.832,1.65188,1.6522,1.38,1.15
2014.02.19 14:17:28.050,1.65185,1.6522,1.38,1.15
2014.02.19 14:17:28.151,1.65182,1.6522,1.38,1.65
2014.02.19 14:17:28.252,1.65182,1.6522,1.38,2.70
2014.02.19 14:17:28.353,1.65182,1.65216,1.38,1.15
2014.02.19 14:17:28.479,1.65176,1.65216,1.45,1.15
2014.02.19 14:17:29.921,1.65185,1.6522,1.48,2.25
2014.02.19 14:17:29.972,1.65185,1.6522,1.58,1.50
2014.02.19 14:17:30.022,1.65185,1.6522,1.58,1.50
2014.02.19 14:17:30.430,1.65185,1.6522,1.58,1.50
2014.02.19 14:17:30.738,1.65189,1.6522,1.38,1.00
2014.02.19 14:17:30.889,1.65189,1.6522,1.48,1.00
2014.02.19 14:17:30.940,1.65189,1.6522,1.38,1.08
2014.02.19 14:17:31.282,1.65189,1.65222,1.38,1.50
2014.02.19 14:17:31.554,1.65187,1.65217,1.38,1.00
2014.02.19 14:17:32.232,1.65191,1.65217,1.38,1.00
2014.02.19 14:17:32.574,1.65191,1.65217,1.38,1.00
2014.02.19 14:17:32.895,1.65194,1.65224,1.38,1.00
2014.02.19 14:17:33.197,1.65194,1.65224,1.38,1.00
2014.02.19 14:17:33.552,1.65197,1.6523,1.38,1.00
2014.02.19 14:17:33.855,1.65197,1.65236,1.38,1.65
2014.02.19 14:17:33.956,1.65197,1.65236,1.53,1.58
2014.02.19 14:17:34.270,1.65197,1.65236,1.95,1.58
2014.02.19 14:17:34.960,1.65197,1.65236,1.38,2.03
2014.02.19 14:17:35.935,1.65197,1.65236,1.30,2.03
2014.02.19 14:17:37.179,1.65197,1.65235,1.38,1.20
2014.02.19 14:17:37.381,1.65197,1.65236,1.38,2.03
2014.02.19 14:17:37.680,1.65197,1.65236,1.88,2.03
2014.02.19 14:17:37.939,1.65194,1.65233,1.45,1.45
2014.02.19 14:17:38.504,1.65191,1.65233,2.03,1.53
2014.02.19 14:17:38.922,1.65191,1.65233,1.55,1.53
2014.02.19 14:17:40.210,1.65191,1.65229,1.55,1.20
2014.02.19 14:17:40.458,1.65191,1.65229,1.95,1.20
2014.02.19 14:17:40.970,1.65191,1.65224,1.88,1.00
2014.02.19 14:17:41.290,1.65191,1.65229,1.38,1.95
2014.02.19 14:17:44.352,1.6519,1.65224,1.38,1.08
2014.02.19 14:17:44.654,1.65194,1.65224,1.38,1.00
2014.02.19 14:17:44.705,1.65194,1.65229,1.38,1.08
2014.02.19 14:17:44.907,1.65194,1.65229,1.38,1.15
2014.02.19 14:17:45.451,1.65194,1.65229,1.38,1.53
2014.02.19 14:17:46.475,1.652,1.65229,1.28,1.38
2014.02.19 14:17:46.576,1.65201,1.65229,1.38,1.00
2014.02.19 14:17:46.627,1.65201,1.65234,1.38,1.53
2014.02.19 14:17:47.256,1.65197,1.65233,1.53,1.38
2014.02.19 14:17:47.963,1.65197,1.65233,1.53,1.00
2014.02.19 14:17:48.467,1.65195,1.65233,1.58,1.15
2014.02.19 14:17:49.068,1.65201,1.65233,1.38,1.08
2014.02.19 14:17:49.387,1.65201,1.65239,1.38,1.28
2014.02.19 14:17:49.438,1.65201,1.65239,1.38,1.53
2014.02.19 14:17:50.180,1.65196,1.65238,1.38,1.53
2014.02.19 14:17:51.303,1.65191,1.65233,2.03,1.55
2014.02.19 14:17:51.404,1.65192,1.65233,1.20,1.53
2014.02.19 14:17:51.707,1.65191,1.65233,1.90,2.03
2014.02.19 14:17:52.247,1.65191,1.65231,1.90,1.38
2014.02.19 14:17:59.127,1.65191,1.65223,1.93,1.00
2014.02.19 14:18:00.017,1.6519,1.65231,1.75,2.40
2014.02.19 14:18:00.638,1.6519,1.65224,1.38,1.00
2014.02.19 14:18:00.740,1.6519,1.65224,1.38,1.08
2014.02.19 14:18:01.190,1.6519,1.65226,1.38,1.28
2014.02.19 14:18:01.318,1.6519,1.65226,1.38,1.53
2014.02.19 14:18:01.419,1.65186,1.65226,1.38,3.08
2014.02.19 14:18:01.956,1.6518,1.6522,1.55,1.65
2014.02.19 14:18:02.988,1.65186,1.6522,1.38,1.65
2014.02.19 14:18:03.089,1.65186,1.6522,1.38,1.55
2014.02.19 14:18:03.392,1.65186,1.6522,1.38,1.53
2014.02.19 14:18:03.942,1.6518,1.6522,1.88,1.15
2014.02.19 14:18:04.496,1.6518,1.6522,1.88,1.53
2014.02.19 14:18:05.798,1.6518,1.65218,1.88,1.20
2014.02.19 14:18:06.537,1.65176,1.65213,3.00,1.15
2014.02.19 14:18:06.839,1.65176,1.65213,3.00,1.83
2014.02.19 14:18:07.865,1.65176,1.65213,2.63,1.15
2014.02.19 14:18:27.499,1.65176,1.65213,1.38,1.58
2014.02.19 14:18:27.550,1.65176,1.65213,1.38,3.00
2014.02.19 14:18:27.887,1.65175,1.65207,1.38,1.00
2014.02.19 14:18:28.241,1.65175,1.65212,1.53,1.00
2014.02.19 14:18:30.717,1.65176,1.65212,1.53,1.00
2014.02.19 14:18:30.818,1.65176,1.65212,1.38,1.15
2014.02.19 14:18:34.052,1.65176,1.65205,1.38,1.00
2014.02.19 14:18:52.964,1.65177,1.65205,1.38,1.00
2014.02.19 14:18:57.138,1.65196,1.65205,1.00,1.00
2014.02.19 14:18:57.391,1.65196,1.65211,1.38,1.00
2014.02.19 14:18:57.492,1.65196,1.65218,1.38,1.00
2014.02.19 14:18:58.088,1.65207,1.65218,1.00,1.00
2014.02.19 14:18:58.306,1.65196,1.65218,1.38,1.00
2014.02.19 14:18:58.435,1.65196,1.65218,1.38,1.00
2014.02.19 14:18:58.695,1.65196,1.65212,1.38,1.00
2014.02.19 14:18:59.417,1.65196,1.65212,1.00,1.00
2014.02.19 14:19:00.068,1.65187,1.65212,1.38,1.00
2014.02.19 14:19:00.220,1.65178,1.65212,1.83,1.00
2014.02.19 14:19:00.422,1.65177,1.65212,2.63,1.18
2014.02.19 14:19:00.737,1.65208,1.65228,1.38,1.38
2014.02.19 14:19:00.788,1.65208,1.65228,1.38,1.38
2014.02.19 14:19:00.889,1.65208,1.65233,1.38,1.08
2014.02.19 14:19:00.940,1.65208,1.65227,1.38,1.00
2014.02.19 14:19:01.041,1.65208,1.65235,1.38,1.10
2014.02.19 14:19:03.648,1.65208,1.65235,1.00,1.10
2014.02.19 14:19:03.699,1.652,1.65235,1.10,1.10
2014.02.19 14:19:03.749,1.652,1.65235,1.10,1.48
2014.02.19 14:19:03.800,1.65189,1.65229,1.20,1.00
2014.02.19 14:19:03.901,1.65187,1.65228,1.38,1.15
2014.02.19 14:19:04.233,1.65186,1.6522,1.38,1.15
2014.02.19 14:19:04.868,1.65186,1.6522,1.38,1.08
2014.02.19 14:19:05.423,1.65186,1.6522,1.38,1.00
2014.02.19 14:19:06.068,1.65186,1.6522,1.38,1.00
2014.02.19 14:19:09.397,1.65186,1.6522,1.88,1.00
2014.02.19 14:19:10.846,1.65186,1.6522,1.38,1.18
2014.02.19 14:19:10.948,1.65182,1.6522,1.48,1.18
2014.02.19 14:19:10.999,1.65182,1.65217,1.48,1.00
2014.02.19 14:19:11.050,1.65182,1.65215,1.48,1.00
2014.02.19 14:19:11.253,1.65182,1.65214,1.00,1.15
2014.02.19 14:19:11.618,1.65178,1.65208,1.38,1.00
2014.02.19 14:19:14.642,1.65178,1.65214,1.45,1.50
2014.02.19 14:19:14.743,1.65178,1.65214,1.38,1.58
2014.02.19 14:19:15.473,1.6518,1.65214,1.38,1.15
2014.02.19 14:19:16.520,1.65182,1.65214,1.38,1.08
2014.02.19 14:19:16.570,1.65182,1.65214,1.38,1.00
2014.02.19 14:19:16.671,1.65184,1.65214,1.38,1.00
2014.02.19 14:19:17.193,1.65184,1.65214,1.38,1.00
2014.02.19 14:19:17.513,1.65188,1.65219,1.48,1.00
2014.02.19 14:19:17.997,1.65187,1.65219,1.65,1.00
2014.02.19 14:19:18.678,1.65184,1.65219,1.65,1.00
2014.02.19 14:19:18.779,1.65184,1.65219,1.65,1.00
2014.02.19 14:19:20.087,1.65184,1.65219,1.95,1.00
2014.02.19 14:19:20.613,1.65184,1.65219,1.65,1.00
2014.02.19 14:19:20.765,1.65184,1.65219,1.00,1.15
2014.02.19 14:19:21.013,1.6518,1.65215,2.40,1.00
2014.02.19 14:19:22.855,1.65185,1.65215,1.00,1.00
2014.02.19 14:19:23.160,1.65187,1.65215,1.38,1.00
2014.02.19 14:19:23.936,1.65186,1.65215,1.38,1.00
2014.02.19 14:19:24.037,1.65186,1.65223,1.38,1.65
2014.02.19 14:19:24.139,1.65186,1.65217,1.38,1.00
2014.02.19 14:19:24.189,1.65181,1.65217,1.53,1.00
2014.02.19 14:19:24.291,1.65181,1.65217,1.38,1.00
2014.02.19 14:19:24.556,1.65181,1.65217,1.38,1.15
2014.02.19 14:19:24.868,1.65177,1.65211,1.88,1.00
2014.02.19 14:19:26.152,1.65177,1.65206,1.88,1.00
2014.02.19 14:19:28.799,1.65173,1.65206,1.38,1.00
2014.02.19 14:19:29.316,1.65173,1.65206,1.38,1.00
2014.02.19 14:19:31.309,1.65174,1.65206,1.38,1.00
2014.02.19 14:19:32.236,1.65174,1.65206,1.38,1.00
2014.02.19 14:19:34.015,1.65174,1.65206,1.38,1.08
2014.02.19 14:19:34.116,1.6517,1.65206,1.88,1.18
2014.02.19 14:19:35.790,1.65175,1.65206,1.38,1.00
2014.02.19 14:19:35.992,1.6517,1.65206,1.38,1.15
2014.02.19 14:19:46.193,1.6517,1.65206,1.38,1.15
2014.02.19 14:19:48.268,1.65173,1.65202,1.88,1.08
2014.02.19 14:19:48.369,1.65173,1.65207,1.88,1.18
2014.02.19 14:19:48.470,1.65173,1.65207,1.88,1.18
2014.02.19 14:19:48.773,1.65173,1.65204,1.38,1.00
2014.02.19 14:19:49.331,1.65173,1.65204,1.38,1.00
2014.02.19 14:19:50.228,1.6517,1.65204,1.38,1.00
2014.02.19 14:19:50.809,1.6517,1.65204,1.38,1.08
2014.02.19 14:19:51.061,1.6517,1.65204,1.38,1.00
2014.02.19 14:19:51.112,1.6517,1.65204,1.38,1.08
2014.02.19 14:19:51.787,1.6517,1.65201,1.38,1.00
2014.02.19 14:19:51.989,1.6517,1.65201,1.38,1.15
2014.02.19 14:19:52.497,1.6517,1.65201,1.38,1.65
2014.02.19 14:19:55.625,1.6517,1.65204,1.38,1.15
2014.02.19 14:19:55.928,1.65173,1.65205,1.38,1.65
2014.02.19 14:19:57.047,1.6517,1.65205,1.38,1.65
2014.02.19 14:19:57.680,1.6517,1.65204,1.38,1.15
2014.02.19 14:19:57.809,1.6517,1.65204,1.38,1.15
2014.02.19 14:20:00.865,1.6517,1.65203,1.38,1.83
2014.02.19 14:20:01.354,1.65173,1.65202,1.38,1.50
2014.02.19 14:20:01.505,1.65173,1.65205,1.38,1.15
2014.02.19 14:20:01.808,1.65176,1.65205,1.38,1.15
2014.02.19 14:20:02.365,1.65176,1.65205,1.38,1.15
2014.02.19 14:20:04.306,1.65176,1.65205,1.38,1.15
2014.02.19 14:20:08.178,1.65171,1.65205,1.38,1.15
2014.02.19 14:20:08.280,1.65168,1.65205,1.50,1.15
2014.02.19 14:20:09.196,1.65164,1.65205,1.38,1.15
2014.02.19 14:20:09.449,1.65169,1.65205,1.38,1.15
2014.02.19 14:20:09.849,1.65169,1.65205,1.38,1.15
2014.02.19 14:20:10.119,1.65173,1.65214,1.38,1.58
2014.02.19 14:20:10.220,1.65173,1.65214,1.38,1.58
2014.02.19 14:20:10.271,1.65173,1.65214,1.45,1.15
2014.02.19 14:20:10.385,1.65178,1.65214,1.38,1.15
2014.02.19 14:20:11.297,1.65178,1.65214,1.38,1.15
2014.02.19 14:20:13.277,1.65178,1.65214,1.38,1.15
2014.02.19 14:20:13.778,1.65174,1.65214,1.53,1.15
2014.02.19 14:20:16.642,1.65174,1.65214,1.38,1.28
2014.02.19 14:20:19.336,1.65172,1.65213,1.48,1.15
2014.02.19 14:20:19.689,1.65172,1.65211,1.38,1.50
2014.02.19 14:20:20.291,1.65172,1.65211,1.38,1.50
2014.02.19 14:20:22.057,1.65172,1.65211,1.38,1.50
2014.02.19 14:20:22.208,1.65172,1.65213,1.38,1.28
2014.02.19 14:20:23.493,1.65172,1.65214,1.53,2.03
2014.02.19 14:20:24.937,1.65176,1.65214,1.38,1.15
2014.02.19 14:20:25.488,1.65176,1.65214,1.38,1.15
2014.02.19 14:20:26.256,1.65176,1.65214,1.38,2.25
2014.02.19 14:20:26.615,1.65173,1.65204,1.38,1.50
2014.02.19 14:20:27.189,1.65169,1.65204,1.38,2.33
2014.02.19 14:20:28.196,1.65169,1.65204,1.38,2.33
2014.02.19 14:20:30.506,1.65169,1.65204,1.38,2.33
2014.02.19 14:20:30.618,1.65169,1.65204,1.38,2.33
2014.02.19 14:20:30.769,1.65169,1.65204,1.38,2.33
2014.02.19 14:20:30.837,1.65169,1.65204,1.38,2.33
2014.02.19 14:20:32.245,1.6517,1.65204,1.38,1.65
2014.02.19 14:20:32.296,1.6517,1.65204,1.38,1.65
2014.02.19 14:20:32.599,1.65181,1.65204,1.38,1.15
2014.02.19 14:20:32.904,1.65181,1.65209,1.38,1.15
2014.02.19 14:20:33.440,1.65181,1.65209,1.38,1.10
2014.02.19 14:20:34.858,1.65182,1.65214,1.88,1.15
2014.02.19 14:20:34.960,1.65182,1.65214,1.88,1.10
2014.02.19 14:20:35.061,1.65181,1.65219,1.38,1.15
2014.02.19 14:20:35.162,1.65181,1.65219,1.38,2.25
2014.02.19 14:20:35.836,1.65177,1.65213,1.88,1.15
2014.02.19 14:20:35.938,1.65177,1.65217,1.88,1.53
2014.02.19 14:20:36.474,1.65183,1.65217,1.38,1.15
2014.02.19 14:20:37.237,1.65183,1.65217,1.38,1.15
2014.02.19 14:20:43.402,1.65189,1.65217,1.38,1.15
2014.02.19 14:20:43.452,1.65189,1.65217,1.38,1.18
2014.02.19 14:20:43.554,1.65192,1.65221,1.38,1.18
2014.02.19 14:20:43.604,1.65192,1.65221,1.38,1.10
2014.02.19 14:20:43.706,1.65192,1.65226,1.38,1.15
2014.02.19 14:20:53.352,1.65192,1.65214,1.38,1.00
2014.02.19 14:20:53.453,1.65192,1.65214,1.38,1.00
2014.02.19 14:20:53.655,1.65185,1.65213,1.13,1.00
2014.02.19 14:20:53.756,1.6518,1.65213,1.38,1.15
2014.02.19 14:20:54.226,1.6518,1.65213,1.38,1.15
2014.02.19 14:20:55.417,1.6518,1.65218,1.38,1.20
2014.02.19 14:20:55.934,1.6518,1.6522,1.38,1.53
2014.02.19 14:20:56.947,1.6518,1.6522,1.38,1.53
2014.02.19 14:20:57.252,1.65188,1.65223,1.45,1.13
2014.02.19 14:20:57.303,1.65188,1.65227,1.53,1.58
2014.02.19 14:20:57.405,1.65188,1.65227,1.53,1.20
2014.02.19 14:20:58.524,1.65187,1.65221,1.53,1.00
2014.02.19 14:20:58.625,1.65187,1.65219,1.38,1.00
2014.02.19 14:20:58.676,1.65187,1.65219,1.38,1.08
2014.02.19 14:20:58.992,1.65187,1.65219,1.38,1.28
2014.02.19 14:20:59.043,1.65187,1.65219,1.38,1.13
2014.02.19 14:20:59.194,1.6519,1.65222,1.38,1.15
2014.02.19 14:20:59.346,1.65193,1.65227,1.38,1.53
2014.02.19 14:20:59.598,1.6519,1.65227,1.88,1.15
2014.02.19 14:20:59.699,1.6519,1.65227,2.03,1.00
2014.02.19 14:21:00.170,1.6519,1.65227,1.58,1.00
2014.02.19 14:21:00.843,1.652,1.65228,1.38,1.20
2014.02.19 14:21:00.944,1.652,1.65228,1.38,1.00
2014.02.19 14:21:00.995,1.652,1.65237,1.38,1.15
2014.02.19 14:21:01.148,1.652,1.65237,1.38,1.28
2014.02.19 14:21:01.250,1.65197,1.65237,1.88,1.53
2014.02.19 14:21:02.717,1.65197,1.65233,1.38,1.10
2014.02.19 14:21:02.818,1.65197,1.65233,1.38,1.10
2014.02.19 14:21:02.886,1.65197,1.65233,1.00,1.10
2014.02.19 14:21:03.515,1.65199,1.65233,1.00,1.10
2014.02.19 14:21:03.846,1.65203,1.65237,1.00,1.28
2014.02.19 14:21:04.278,1.65203,1.65237,1.38,1.28
2014.02.19 14:21:04.756,1.65203,1.65237,1.38,1.28
2014.02.19 14:21:05.976,1.65205,1.65237,1.38,1.28
2014.02.19 14:21:06.127,1.65199,1.65234,1.38,1.18
2014.02.19 14:21:06.186,1.65199,1.65234,1.38,1.18
2014.02.19 14:21:07.074,1.65199,1.65234,1.38,1.18
2014.02.19 14:21:07.507,1.65196,1.65234,1.38,2.03
2014.02.19 14:21:09.288,1.65196,1.65234,1.38,1.55
2014.02.19 14:21:09.975,1.65196,1.65234,1.38,1.55
2014.02.19 14:21:10.837,1.65196,1.65234,1.38,1.55
2014.02.19 14:21:10.991,1.65196,1.65229,1.38,1.00
2014.02.19 14:21:11.092,1.65191,1.65224,1.58,1.00
2014.02.19 14:21:11.193,1.65191,1.65224,1.58,1.88
2014.02.19 14:21:11.511,1.65185,1.65224,1.38,2.03
2014.02.19 14:21:14.075,1.65187,1.65224,1.38,2.03
2014.02.19 14:21:14.675,1.65187,1.65224,1.38,1.15
2014.02.19 14:21:14.726,1.65194,1.65227,1.38,1.15
2014.02.19 14:21:14.827,1.65194,1.65227,1.38,1.15
2014.02.19 14:21:14.929,1.6519,1.65227,1.38,1.15
2014.02.19 14:21:15.576,1.6519,1.65223,1.38,1.00
2014.02.19 14:21:16.274,1.6519,1.65226,1.38,1.15
2014.02.19 14:21:18.206,1.6519,1.65226,1.38,1.15
2014.02.19 14:21:19.514,1.6519,1.65223,1.38,1.00
2014.02.19 14:21:20.778,1.65188,1.65223,1.38,1.00
2014.02.19 14:21:22.802,1.65191,1.65223,1.38,1.00
2014.02.19 14:21:22.915,1.65188,1.65223,2.25,1.00
2014.02.19 14:21:23.218,1.65193,1.65213,1.00,1.38
2014.02.19 14:21:23.677,1.65188,1.65219,1.00,1.48
2014.02.19 14:21:24.215,1.65187,1.65219,1.00,1.48
2014.02.19 14:21:24.294,1.65187,1.65219,1.13,1.48
2014.02.19 14:21:25.983,1.65186,1.65219,1.88,1.00
2014.02.19 14:21:26.134,1.65188,1.65222,1.55,1.38
2014.02.19 14:21:26.185,1.65188,1.65222,1.55,1.00
2014.02.19 14:21:26.235,1.65194,1.65224,1.13,1.88
2014.02.19 14:21:26.760,1.65193,1.65224,1.88,1.13
2014.02.19 14:21:27.176,1.65189,1.65223,1.48,1.38
2014.02.19 14:21:27.733,1.65189,1.65223,1.48,1.38
2014.02.19 14:21:28.859,1.65189,1.65214,1.38,1.00
2014.02.19 14:21:28.960,1.65189,1.65214,1.00,1.00
2014.02.19 14:21:29.137,1.65189,1.65214,1.00,1.38
2014.02.19 14:21:30.704,1.65189,1.65222,1.38,1.20
2014.02.19 14:21:30.806,1.65189,1.65213,1.38,1.00
2014.02.19 14:21:31.147,1.65189,1.65213,1.00,1.00
2014.02.19 14:21:32.880,1.65184,1.65213,1.58,1.00
2014.02.19 14:21:32.931,1.65184,1.65213,1.20,1.38
2014.02.19 14:21:33.032,1.65181,1.65213,1.00,1.38
2014.02.19 14:21:33.133,1.65173,1.6521,1.13,1.13
2014.02.19 14:21:33.334,1.65177,1.65207,1.00,1.53
2014.02.19 14:21:33.436,1.65177,1.65208,1.38,1.00
2014.02.19 14:21:33.537,1.65177,1.65209,1.53,1.00
2014.02.19 14:21:33.638,1.65177,1.65216,1.53,1.00
2014.02.19 14:21:33.688,1.65179,1.65216,1.65,1.00
2014.02.19 14:21:33.991,1.65193,1.65229,1.38,1.15
2014.02.19 14:21:34.335,1.65207,1.65227,1.00,1.00
2014.02.19 14:21:34.436,1.65207,1.65238,1.08,1.00
2014.02.19 14:21:34.487,1.65207,1.65241,1.95,1.13
2014.02.19 14:21:34.638,1.65212,1.65243,1.20,1.38
2014.02.19 14:21:34.941,1.65217,1.65253,1.93,1.00
2014.02.19 14:21:34.992,1.65222,1.65257,1.75,1.18
2014.02.19 14:21:35.043,1.65222,1.65257,1.83,1.10
2014.02.19 14:21:35.261,1.65222,1.65257,1.90,1.00
2014.02.19 14:21:35.765,1.65222,1.65262,1.48,1.53
2014.02.19 14:21:35.917,1.65216,1.65255,1.53,1.10
2014.02.19 14:21:35.968,1.65216,1.65255,1.18,1.10
2014.02.19 14:21:36.069,1.65216,1.65255,1.00,1.15
2014.02.19 14:21:36.214,1.65212,1.65255,1.08,1.65
2014.02.19 14:21:41.627,1.65212,1.65255,1.53,1.65
2014.02.19 14:21:42.184,1.65212,1.65248,1.28,1.00
2014.02.19 14:21:43.238,1.65212,1.65255,1.53,1.65
2014.02.19 14:21:52.991,1.65212,1.65253,1.65,1.58
2014.02.19 14:21:53.041,1.65212,1.65253,1.65,1.65
2014.02.19 14:22:05.590,1.65216,1.65252,1.00,1.15
2014.02.19 14:22:06.070,1.65209,1.65251,2.03,1.15
2014.02.19 14:22:07.973,1.65209,1.65251,1.48,1.15
2014.02.19 14:22:08.427,1.65208,1.65229,1.08,1.00
2014.02.19 14:22:08.578,1.65196,1.65229,1.28,1.00
2014.02.19 14:22:08.629,1.65196,1.65228,1.00,1.20
2014.02.19 14:22:08.731,1.65189,1.65218,1.13,1.00
2014.02.19 14:22:08.832,1.65187,1.65218,1.00,1.00
2014.02.19 14:22:09.185,1.65179,1.65217,1.15,1.00
2014.02.19 14:22:09.755,1.65179,1.65218,1.15,1.10
2014.02.19 14:22:11.183,1.65179,1.65215,1.15,1.00
2014.02.19 14:22:11.488,1.65179,1.65215,1.00,1.15
2014.02.19 14:22:11.760,1.65177,1.65215,1.00,1.15
2014.02.19 14:22:15.635,1.65186,1.65215,1.00,1.15
2014.02.19 14:22:16.375,1.65186,1.65214,1.00,1.15
2014.02.19 14:22:16.426,1.65177,1.65214,1.50,1.58
2014.02.19 14:22:20.735,1.65169,1.65209,1.28,1.15
2014.02.19 14:22:20.836,1.65169,1.65204,1.28,1.10
2014.02.19 14:22:20.937,1.65167,1.65203,1.38,1.00
2014.02.19 14:22:21.139,1.65167,1.65203,1.43,1.00
2014.02.19 14:22:21.240,1.65167,1.65203,2.03,1.00
2014.02.19 14:22:21.753,1.65167,1.65207,2.78,1.65
2014.02.19 14:22:22.144,1.65167,1.65207,2.25,1.15
2014.02.19 14:22:23.647,1.65167,1.65201,1.13,1.00
2014.02.19 14:22:23.993,1.65167,1.65201,1.00,1.08
2014.02.19 14:22:26.691,1.65167,1.65197,1.00,1.00
2014.02.19 14:22:27.291,1.65167,1.65197,1.00,1.08
2014.02.19 14:22:31.805,1.65176,1.65197,1.00,1.15
2014.02.19 14:22:37.334,1.65177,1.65197,1.00,1.08
2014.02.19 14:22:37.384,1.65177,1.65197,1.00,1.00
2014.02.19 14:22:37.485,1.65177,1.65204,1.00,1.08
2014.02.19 14:22:37.592,1.65177,1.65204,1.00,1.08
2014.02.19 14:22:39.851,1.65176,1.65204,1.13,1.08
2014.02.19 14:22:39.902,1.65176,1.65204,1.00,1.45
2014.02.19 14:22:41.124,1.65176,1.65198,1.00,1.18
2014.02.19 14:22:41.175,1.65176,1.65198,1.00,1.00
2014.02.19 14:22:41.741,1.65176,1.65203,1.00,1.38
2014.02.19 14:22:41.792,1.65176,1.65208,1.38,2.03
2014.02.19 14:22:41.953,1.65176,1.65207,1.00,1.45
2014.02.19 14:22:42.795,1.65176,1.65205,1.00,1.20
2014.02.19 14:22:43.372,1.65176,1.65204,1.00,1.20
2014.02.19 14:22:44.973,1.65176,1.65204,1.38,1.58
2014.02.19 14:22:45.024,1.65176,1.65208,1.38,2.03
2014.02.19 14:22:56.313,1.65176,1.65208,1.13,2.78
2014.02.19 14:22:56.642,1.65177,1.65208,1.38,2.78
2014.02.19 14:22:56.844,1.65176,1.65214,1.38,1.53
2014.02.19 14:22:57.002,1.65176,1.65214,1.38,1.28
2014.02.19 14:22:57.578,1.65176,1.65214,1.50,1.65
2014.02.19 14:22:58.090,1.65176,1.65207,1.38,1.00
2014.02.19 14:22:58.535,1.65177,1.65207,1.13,1.45
2014.02.19 14:22:59.074,1.65177,1.65207,1.13,1.53
2014.02.19 14:23:01.314,1.65177,1.65207,1.13,1.38
2014.02.19 14:23:01.415,1.65177,1.65207,1.38,1.38
2014.02.19 14:23:02.533,1.65187,1.65207,1.00,1.38
2014.02.19 14:23:02.635,1.65176,1.65207,1.38,1.38
2014.02.19 14:23:02.736,1.65176,1.65213,1.38,1.53
2014.02.19 14:23:03.222,1.65176,1.65207,1.38,1.38
2014.02.19 14:23:06.373,1.65186,1.65208,1.00,1.38
2014.02.19 14:23:06.475,1.65186,1.65208,1.00,1.13
2014.02.19 14:23:10.883,1.65197,1.65208,1.00,1.00
2014.02.19 14:23:11.159,1.65197,1.65221,1.00,2.03
2014.02.19 14:23:12.442,1.65207,1.65221,1.00,1.13
2014.02.19 14:23:12.796,1.65207,1.65231,1.00,1.00
2014.02.19 14:23:12.897,1.65217,1.65231,1.00,1.00
2014.02.19 14:23:12.948,1.65217,1.65235,1.00,1.08
2014.02.19 14:23:15.678,1.65217,1.65237,1.00,1.08
2014.02.19 14:23:15.729,1.65217,1.65238,1.00,1.00
2014.02.19 14:23:15.880,1.65217,1.65242,1.00,1.08
2014.02.19 14:23:15.931,1.65217,1.65242,1.00,1.00
2014.02.19 14:23:16.109,1.65217,1.65245,1.00,1.15
2014.02.19 14:23:16.210,1.65206,1.65245,1.10,1.83
2014.02.19 14:23:16.745,1.65206,1.65238,1.00,1.53
2014.02.19 14:23:16.796,1.65206,1.65225,1.00,1.00
2014.02.19 14:23:17.134,1.65197,1.65217,1.00,1.15
2014.02.19 14:23:17.541,1.65187,1.65217,1.38,1.15
2014.02.19 14:23:17.594,1.65196,1.65217,1.00,1.15
2014.02.19 14:23:17.814,1.65186,1.65217,1.38,1.15
2014.02.19 14:23:19.363,1.65186,1.65217,1.38,1.75
2014.02.19 14:23:19.464,1.65186,1.65214,1.00,1.05
2014.02.19 14:23:22.204,1.65186,1.65207,1.00,1.48
2014.02.19 14:23:24.193,1.65186,1.65207,1.00,1.18
2014.02.19 14:23:24.294,1.65186,1.65216,1.00,1.20
2014.02.19 14:23:24.394,1.65186,1.65218,1.38,1.00
2014.02.19 14:23:24.714,1.65186,1.65217,1.38,1.38
2014.02.19 14:23:26.512,1.65186,1.65217,1.38,1.45
2014.02.19 14:23:28.904,1.65186,1.65217,1.00,1.53
2014.02.19 14:23:29.783,1.65186,1.65217,1.38,1.53
2014.02.19 14:23:30.512,1.65186,1.65217,1.38,1.53
2014.02.19 14:23:39.644,1.65186,1.65218,1.38,1.38
2014.02.19 14:23:39.843,1.65197,1.65218,1.00,1.13
2014.02.19 14:23:40.096,1.65197,1.65224,1.00,1.53
2014.02.19 14:23:40.198,1.65197,1.65218,1.00,1.00
2014.02.19 14:23:40.350,1.65197,1.65227,1.00,1.53
2014.02.19 14:23:42.618,1.65186,1.65224,1.65,1.53
2014.02.19 14:23:42.769,1.65186,1.65217,1.38,1.00
2014.02.19 14:23:43.680,1.65186,1.65217,1.13,1.38
2014.02.19 14:23:43.832,1.65186,1.65218,1.38,1.53
2014.02.19 14:23:44.236,1.65186,1.65218,1.38,1.10
2014.02.19 14:23:45.551,1.65186,1.65221,1.50,1.28
2014.02.19 14:23:45.702,1.65186,1.65226,1.75,1.53
2014.02.19 14:23:45.873,1.65196,1.65226,1.00,1.53
2014.02.19 14:23:51.001,1.65196,1.65226,1.00,1.53
2014.02.19 14:23:51.304,1.65186,1.65226,1.38,2.63
2014.02.19 14:23:52.601,1.65196,1.65226,1.00,2.63
2014.02.19 14:23:53.422,1.65196,1.65226,1.00,2.63
2014.02.19 14:23:53.574,1.65196,1.65226,1.00,1.53
2014.02.19 14:23:53.732,1.65186,1.65226,2.25,1.53
2014.02.19 14:23:54.300,1.65196,1.65226,1.13,1.53
2014.02.19 14:23:57.785,1.65197,1.65227,1.00,1.53
2014.02.19 14:23:58.602,1.65197,1.65227,1.00,1.53
2014.02.19 14:23:59.262,1.65197,1.65227,1.00,1.53
2014.02.19 14:24:00.716,1.65197,1.65224,1.00,1.53
2014.02.19 14:24:01.109,1.65197,1.65217,1.00,1.48
2014.02.19 14:24:01.843,1.65197,1.65217,1.00,1.13
2014.02.19 14:24:02.942,1.65205,1.65217,1.00,1.13
2014.02.19 14:24:03.862,1.65206,1.65218,1.00,1.00
2014.02.19 14:24:08.332,1.65196,1.65218,1.00,1.00
2014.02.19 14:24:08.635,1.65196,1.65227,1.00,2.03
2014.02.19 14:24:08.889,1.65187,1.65227,1.53,1.53
2014.02.19 14:24:09.314,1.65186,1.65226,1.38,1.53
2014.02.19 14:24:09.617,1.65186,1.65222,1.45,1.05
2014.02.19 14:24:10.025,1.65187,1.65216,1.38,1.00
2014.02.19 14:24:10.328,1.65177,1.65207,1.00,1.53
2014.02.19 14:24:11.175,1.65177,1.65207,1.00,1.15
2014.02.19 14:24:11.326,1.65177,1.65207,1.00,1.15
2014.02.19 14:24:11.615,1.65177,1.65207,1.00,1.53
2014.02.19 14:24:11.952,1.65177,1.65207,1.00,1.53
2014.02.19 14:24:13.831,1.6517,1.65207,1.38,1.53
2014.02.19 14:24:14.143,1.6517,1.65207,1.38,1.53
2014.02.19 14:24:16.142,1.65177,1.65207,1.00,1.53
2014.02.19 14:24:18.532,1.65177,1.65207,1.13,1.18
2014.02.19 14:24:18.683,1.6517,1.65207,1.55,1.55
2014.02.19 14:24:21.122,1.6517,1.65207,1.55,1.55
2014.02.19 14:24:21.427,1.6517,1.65207,1.38,1.53
2014.02.19 14:24:21.745,1.65167,1.65207,1.48,2.03
2014.02.19 14:24:22.000,1.65167,1.65206,1.38,1.20
2014.02.19 14:24:22.564,1.65167,1.65207,1.48,1.53
2014.02.19 14:24:22.615,1.65167,1.65207,1.48,1.53
2014.02.19 14:24:25.491,1.65167,1.65207,1.48,1.53
2014.02.19 14:24:29.772,1.65167,1.65207,2.03,1.95
2014.02.19 14:24:30.591,1.65169,1.65209,1.95,1.58
2014.02.19 14:24:30.692,1.65165,1.65206,1.58,1.28
2014.02.19 14:24:30.794,1.65165,1.65205,1.20,1.20
2014.02.19 14:24:31.096,1.65157,1.65197,1.75,2.25
2014.02.19 14:24:31.147,1.65157,1.65194,1.50,1.15
2014.02.19 14:24:31.411,1.65151,1.65188,1.55,1.10
2014.02.19 14:24:32.195,1.65151,1.6519,1.48,1.90
2014.02.19 14:24:33.231,1.65151,1.6519,1.48,1.90
2014.02.19 14:24:33.965,1.65151,1.6519,1.38,2.40
2014.02.19 14:24:37.845,1.65151,1.65188,1.38,1.65
2014.02.19 14:24:37.947,1.65151,1.65188,1.38,1.90
2014.02.19 14:24:38.271,1.65147,1.65187,2.70,1.65
2014.02.19 14:24:38.332,1.6515,1.6519,1.38,1.95
2014.02.19 14:24:38.433,1.65157,1.65189,1.38,1.20
2014.02.19 14:24:38.534,1.65157,1.65195,1.38,1.50
2014.02.19 14:24:38.585,1.65157,1.65196,1.38,1.28
2014.02.19 14:24:38.636,1.65157,1.65196,1.75,1.53
2014.02.19 14:24:39.141,1.65159,1.65197,1.58,1.45
2014.02.19 14:24:39.460,1.65159,1.65197,1.50,1.45
2014.02.19 14:24:39.612,1.65159,1.65197,1.50,1.53
2014.02.19 14:24:39.942,1.65157,1.65197,1.00,1.53
2014.02.19 14:24:45.789,1.65154,1.65193,1.75,1.20
2014.02.19 14:24:46.092,1.65149,1.65187,2.25,1.53
2014.02.19 14:24:46.415,1.65149,1.65185,2.25,1.88
2014.02.19 14:24:47.402,1.65149,1.65185,1.38,1.20
2014.02.19 14:24:47.453,1.65149,1.65187,1.38,2.03
2014.02.19 14:24:48.012,1.65149,1.65187,1.75,1.65
2014.02.19 14:24:48.164,1.65148,1.65187,1.75,2.03
2014.02.19 14:24:50.821,1.6515,1.65187,2.25,1.48
2014.02.19 14:24:50.922,1.6515,1.65187,1.88,1.10
2014.02.19 14:24:51.405,1.65152,1.6519,1.75,1.53
2014.02.19 14:24:51.458,1.65152,1.6519,1.75,1.53
2014.02.19 14:24:52.162,1.65152,1.6519,1.38,1.53
2014.02.19 14:24:52.360,1.6515,1.6519,1.75,1.53
2014.02.19 14:24:52.865,1.6515,1.65187,1.75,1.55
2014.02.19 14:24:53.218,1.6515,1.65187,2.33,1.18
2014.02.19 14:24:54.373,1.65151,1.65187,1.50,1.18
2014.02.19 14:24:54.663,1.65152,1.65187,1.38,1.18
2014.02.19 14:24:55.411,1.65151,1.65187,1.50,1.18
2014.02.19 14:24:55.944,1.65151,1.65187,1.50,1.18
2014.02.19 14:24:57.082,1.65151,1.65187,1.50,1.18
2014.02.19 14:24:57.391,1.65148,1.65186,1.50,1.53
2014.02.19 14:24:58.132,1.65148,1.65186,1.50,1.53
2014.02.19 14:24:58.637,1.6515,1.65186,1.50,1.53
2014.02.19 14:24:58.939,1.65146,1.65183,2.40,1.05
2014.02.19 14:24:59.242,1.65156,1.6518,1.00,1.13
2014.02.19 14:24:59.762,1.65156,1.65178,1.00,1.00
2014.02.19 14:25:00.065,1.65156,1.65184,1.00,1.10
2014.02.19 14:25:00.570,1.65149,1.65183,1.38,1.00
2014.02.19 14:25:00.772,1.6515,1.65187,1.90,1.50
2014.02.19 14:25:01.175,1.6515,1.6519,2.40,1.20
2014.02.19 14:25:06.253,1.65156,1.6519,1.38,1.20
2014.02.19 14:25:15.673,1.65157,1.65188,1.38,1.08
2014.02.19 14:25:15.724,1.65157,1.65188,1.38,1.15
2014.02.19 14:25:15.775,1.65157,1.65177,1.38,1.00
2014.02.19 14:25:16.079,1.65157,1.65187,1.38,1.65
2014.02.19 14:25:16.722,1.65157,1.65187,1.38,1.50
2014.02.19 14:25:17.223,1.65149,1.65187,1.65,1.50
2014.02.19 14:25:18.463,1.65149,1.65187,1.65,1.88
2014.02.19 14:25:20.113,1.65149,1.65187,1.65,1.50
2014.02.19 14:25:22.499,1.65157,1.65187,1.38,1.65
2014.02.19 14:25:22.873,1.65157,1.65187,1.38,1.65
2014.02.19 14:25:23.075,1.65157,1.65187,1.38,1.00
2014.02.19 14:25:23.297,1.65157,1.6519,1.38,1.08
2014.02.19 14:25:24.974,1.6515,1.6519,2.03,1.08
2014.02.19 14:25:25.025,1.6515,1.65187,1.88,1.15
2014.02.19 14:25:27.273,1.6515,1.6519,1.38,1.90
2014.02.19 14:25:28.153,1.6515,1.6519,1.38,1.90
2014.02.19 14:25:34.763,1.6515,1.65189,1.38,2.33
2014.02.19 14:25:35.089,1.65147,1.6518,1.38,1.75
2014.02.19 14:25:35.140,1.65147,1.65171,1.00,1.38
2014.02.19 14:25:35.191,1.65141,1.65171,1.00,1.38
2014.02.19 14:25:35.242,1.65135,1.65171,1.10,1.83
2014.02.19 14:25:35.344,1.65135,1.65167,1.00,1.15
2014.02.19 14:25:35.647,1.65137,1.65171,1.38,1.90
2014.02.19 14:25:35.748,1.65137,1.65167,1.38,1.00
2014.02.19 14:25:38.303,1.65136,1.65167,1.88,1.00
2014.02.19 14:25:38.354,1.65136,1.65174,1.88,1.15
2014.02.19 14:25:41.169,1.65136,1.65168,1.88,1.00
2014.02.19 14:25:42.262,1.65136,1.65168,1.38,1.00
2014.02.19 14:25:43.683,1.65137,1.65167,1.00,1.38
2014.02.19 14:25:43.734,1.65137,1.65157,1.00,1.00
2014.02.19 14:25:44.450,1.65137,1.65158,1.00,1.00
2014.02.19 14:25:44.621,1.65126,1.65158,1.38,1.00
2014.02.19 14:25:45.103,1.65123,1.65157,1.38,1.18
2014.02.19 14:25:45.385,1.65116,1.65148,1.88,1.00
2014.02.19 14:25:47.972,1.65116,1.65147,1.38,1.00
2014.02.19 14:25:49.584,1.65113,1.65147,1.48,1.08
2014.02.19 14:25:51.713,1.65117,1.65147,1.38,1.15
2014.02.19 14:25:56.016,1.65117,1.65147,1.38,1.00
2014.02.19 14:25:56.567,1.65121,1.65148,1.38,1.00
2014.02.19 14:25:57.760,1.65121,1.65148,1.38,1.00
2014.02.19 14:25:58.162,1.65121,1.65148,1.88,1.00
2014.02.19 14:25:58.377,1.65122,1.65147,1.38,1.00
2014.02.19 14:25:59.531,1.6512,1.65147,1.38,1.00
2014.02.19 14:26:01.292,1.65121,1.65148,1.38,1.00
2014.02.19 14:26:05.183,1.65121,1.65148,1.95,1.00
2014.02.19 14:26:05.893,1.65127,1.65148,1.00,1.00
2014.02.19 14:26:07.204,1.65127,1.65147,1.00,1.00
2014.02.19 14:26:07.694,1.6513,1.65157,1.38,1.10
2014.02.19 14:26:08.205,1.65133,1.65157,1.38,1.00
2014.02.19 14:26:08.256,1.65134,1.65157,1.38,1.00
2014.02.19 14:26:08.357,1.65134,1.65157,1.38,1.00
2014.02.19 14:26:08.891,1.65137,1.65157,1.13,1.00
2014.02.19 14:26:09.272,1.65138,1.65157,1.38,1.00
2014.02.19 14:26:09.373,1.65138,1.65167,1.55,1.00
2014.02.19 14:26:09.475,1.65138,1.65167,1.55,1.00
2014.02.19 14:26:09.723,1.65138,1.65167,1.55,1.00
2014.02.19 14:26:10.026,1.65147,1.65167,1.38,1.00
2014.02.19 14:26:10.178,1.65147,1.6517,1.38,1.00
2014.02.19 14:26:10.871,1.65147,1.6517,1.05,1.00
2014.02.19 14:26:11.685,1.65147,1.6517,1.38,1.00
2014.02.19 14:26:14.440,1.65141,1.6517,2.03,1.00
2014.02.19 14:26:14.541,1.65142,1.65167,1.38,1.00
2014.02.19 14:26:14.643,1.65142,1.65167,1.00,1.00
2014.02.19 14:26:15.246,1.65137,1.65168,1.55,1.00
2014.02.19 14:26:15.633,1.65137,1.65168,1.55,1.00
2014.02.19 14:26:15.702,1.65142,1.65167,1.38,1.00
2014.02.19 14:26:16.209,1.6514,1.65167,1.38,1.00
2014.02.19 14:26:16.361,1.6514,1.65167,1.38,1.00
2014.02.19 14:26:16.462,1.6514,1.65167,1.88,1.00
2014.02.19 14:26:16.916,1.65138,1.65168,1.45,1.38
2014.02.19 14:26:17.068,1.65137,1.65157,1.38,1.00
2014.02.19 14:26:17.220,1.65137,1.65157,1.38,1.00
2014.02.19 14:26:17.811,1.65137,1.65158,1.38,1.50
2014.02.19 14:26:18.435,1.65137,1.65158,1.38,1.00
2014.02.19 14:26:18.537,1.65137,1.65168,1.38,2.10
2014.02.19 14:26:18.792,1.65137,1.65165,1.38,1.30
2014.02.19 14:26:18.842,1.65137,1.65158,1.38,1.00
2014.02.19 14:26:18.943,1.65137,1.65168,1.38,2.10
2014.02.19 14:26:19.184,1.65136,1.65168,1.48,1.50
2014.02.19 14:26:19.335,1.65137,1.65168,1.38,1.50
2014.02.19 14:26:19.639,1.65142,1.65175,1.48,1.00
2014.02.19 14:26:20.221,1.65142,1.65175,1.48,1.50
2014.02.19 14:26:20.322,1.65143,1.65175,1.38,1.58
2014.02.19 14:26:20.913,1.65144,1.65175,1.38,1.10
2014.02.19 14:26:21.316,1.65146,1.65175,1.00,1.18
2014.02.19 14:26:21.678,1.65138,1.6517,1.38,1.00
2014.02.19 14:26:23.165,1.65136,1.6517,1.38,2.85
2014.02.19 14:26:23.415,1.65136,1.65157,1.00,1.50
2014.02.19 14:26:23.970,1.65136,1.65157,1.38,1.50
2014.02.19 14:26:24.511,1.65147,1.65158,1.00,1.00
2014.02.19 14:26:24.612,1.65137,1.65158,1.38,1.00
2014.02.19 14:26:24.713,1.65137,1.6517,1.38,3.60
2014.02.19 14:26:25.037,1.65137,1.65166,1.38,1.13
2014.02.19 14:26:25.660,1.65137,1.65165,1.38,1.00
2014.02.19 14:26:26.462,1.65137,1.65168,1.38,1.00
2014.02.19 14:26:26.513,1.65137,1.65168,1.38,1.00
2014.02.19 14:26:27.152,1.65137,1.65171,1.53,2.10
2014.02.19 14:26:27.792,1.65137,1.6517,1.53,1.73
2014.02.19 14:26:29.644,1.65146,1.6517,1.13,1.13
2014.02.19 14:26:29.967,1.65146,1.65171,1.38,1.00
2014.02.19 14:26:30.068,1.65146,1.65175,1.38,1.73
2014.02.19 14:26:30.169,1.65141,1.65174,1.55,1.73
2014.02.19 14:26:30.270,1.65141,1.65171,1.55,1.00
2014.02.19 14:26:30.574,1.6515,1.65177,1.38,1.15
2014.02.19 14:26:30.625,1.6515,1.65177,1.38,1.00
2014.02.19 14:26:30.826,1.65145,1.65177,1.58,1.00
2014.02.19 14:26:30.978,1.65148,1.65181,1.55,1.00
2014.02.19 14:26:31.386,1.65149,1.65183,1.48,1.00
2014.02.19 14:26:32.298,1.65153,1.65183,1.38,1.00
2014.02.19 14:26:34.992,1.65151,1.65188,1.38,1.65
2014.02.19 14:26:36.679,1.65151,1.65188,1.38,1.65
2014.02.19 14:26:38.366,1.65157,1.65187,1.13,1.00
2014.02.19 14:26:38.416,1.65157,1.65187,1.38,1.00
2014.02.19 14:26:38.568,1.65157,1.65194,1.55,1.10
2014.02.19 14:26:40.155,1.65177,1.65194,1.00,1.00
2014.02.19 14:26:40.206,1.65177,1.65201,1.38,1.00
2014.02.19 14:26:40.307,1.65177,1.65206,1.38,2.78
2014.02.19 14:26:41.050,1.65177,1.65206,1.38,2.78
2014.02.19 14:26:42.328,1.65171,1.65203,1.38,1.35
2014.02.19 14:26:42.379,1.65171,1.65203,1.00,1.73
2014.02.19 14:26:42.480,1.6516,1.65191,1.00,1.50
2014.02.19 14:26:42.531,1.65158,1.65188,1.00,1.15
2014.02.19 14:26:42.682,1.65155,1.65188,1.00,1.15
2014.02.19 14:26:42.783,1.65151,1.65187,1.00,1.65
2014.02.19 14:26:42.924,1.65151,1.65187,1.00,1.65
2014.02.19 14:26:43.807,1.65152,1.65187,1.00,1.20
2014.02.19 14:26:43.858,1.65155,1.65187,1.00,1.20
2014.02.19 14:26:44.060,1.65157,1.65192,1.00,1.18
2014.02.19 14:26:44.580,1.65159,1.65195,1.00,1.15
2014.02.19 14:26:45.039,1.65159,1.65195,1.00,1.10
2014.02.19 14:26:45.391,1.65157,1.65195,1.10,1.10
2014.02.19 14:26:46.163,1.65157,1.65195,1.48,1.10
2014.02.19 14:26:46.611,1.65159,1.65195,1.38,1.10
2014.02.19 14:26:46.830,1.65167,1.65198,1.13,1.65
2014.02.19 14:26:47.361,1.65167,1.65197,1.00,1.00
2014.02.19 14:26:47.620,1.65167,1.65197,1.00,1.08
2014.02.19 14:26:48.138,1.65167,1.65198,1.38,1.65
2014.02.19 14:26:48.340,1.65167,1.65198,1.38,1.08
2014.02.19 14:26:51.716,1.65167,1.65201,1.38,1.00
2014.02.19 14:26:51.817,1.65167,1.65206,1.88,1.15
2014.02.19 14:26:51.918,1.6517,1.65206,1.38,1.15
2014.02.19 14:26:52.508,1.65168,1.65206,1.38,1.15
2014.02.19 14:26:52.710,1.65174,1.65206,1.38,1.00
2014.02.19 14:26:53.260,1.65172,1.65207,1.48,1.00
2014.02.19 14:26:54.321,1.65172,1.65207,1.48,1.00
2014.02.19 14:26:54.573,1.65172,1.65211,1.48,1.65
2014.02.19 14:26:56.482,1.65172,1.65211,1.48,1.65
2014.02.19 14:26:56.585,1.65172,1.65211,1.38,1.65
2014.02.19 14:26:57.630,1.65177,1.65211,1.38,1.65
2014.02.19 14:26:57.731,1.65177,1.65211,1.45,1.10
2014.02.19 14:26:57.782,1.65177,1.65208,1.45,1.00
2014.02.19 14:26:57.883,1.6517,1.65208,1.58,1.08
2014.02.19 14:26:57.934,1.65169,1.65204,1.93,1.00
2014.02.19 14:26:57.985,1.65169,1.65204,1.93,1.00
2014.02.19 14:26:58.086,1.65169,1.65204,1.13,1.18
2014.02.19 14:26:58.187,1.65168,1.65204,1.75,1.18
2014.02.19 14:26:58.843,1.65186,1.65204,1.00,1.10
2014.02.19 14:26:59.145,1.65186,1.65212,1.38,1.00
2014.02.19 14:26:59.613,1.65186,1.65212,1.38,1.00
2014.02.19 14:27:00.412,1.65186,1.65212,1.38,1.00
2014.02.19 14:27:00.770,1.65187,1.65212,1.38,1.00
2014.02.19 14:27:00.871,1.65186,1.65218,1.38,1.15
2014.02.19 14:27:01.564,1.65186,1.65218,1.38,1.83
2014.02.19 14:27:01.892,1.65184,1.65213,1.38,1.58
2014.02.19 14:27:01.993,1.65169,1.65202,1.13,1.13
2014.02.19 14:27:05.950,1.65157,1.65195,1.88,1.15
2014.02.19 14:27:07.787,1.65157,1.65194,1.38,1.18
2014.02.19 14:27:07.838,1.65157,1.65194,1.38,1.58
2014.02.19 14:27:07.939,1.65154,1.65188,1.38,1.15
2014.02.19 14:27:08.447,1.65151,1.65188,2.03,1.00
2014.02.19 14:27:08.498,1.65152,1.6519,1.55,1.00
2014.02.19 14:27:08.911,1.65154,1.6519,1.38,1.00
2014.02.19 14:27:09.595,1.65154,1.65194,1.88,1.65
2014.02.19 14:27:10.130,1.65154,1.65194,1.38,3.00
2014.02.19 14:27:10.971,1.65152,1.65188,1.38,1.15
2014.02.19 14:27:11.123,1.65151,1.65188,1.38,1.15
2014.02.19 14:27:11.642,1.65147,1.65188,1.38,1.15
2014.02.19 14:27:12.846,1.65148,1.65186,1.38,1.15
2014.02.19 14:27:13.370,1.65149,1.65188,2.03,1.15
2014.02.19 14:27:13.481,1.65149,1.65188,2.03,1.00
2014.02.19 14:27:13.996,1.65149,1.65189,2.03,1.00
2014.02.19 14:27:14.198,1.65152,1.65193,1.93,1.15
2014.02.19 14:27:15.057,1.6515,1.65191,1.75,2.25
2014.02.19 14:27:15.171,1.6515,1.65191,1.90,1.18
2014.02.19 14:27:16.373,1.65149,1.6519,2.40,1.08
2014.02.19 14:27:16.431,1.65149,1.6519,2.40,1.15
2014.02.19 14:27:16.808,1.65149,1.6519,2.40,1.15
2014.02.19 14:27:16.910,1.65147,1.65187,1.75,1.15
2014.02.19 14:27:17.220,1.65147,1.65187,1.38,1.15
2014.02.19 14:27:17.461,1.65148,1.65187,1.93,1.18
2014.02.19 14:27:19.404,1.6515,1.6519,1.53,1.10
2014.02.19 14:27:19.556,1.65151,1.6519,1.93,1.10
2014.02.19 14:27:19.867,1.65156,1.65194,1.38,1.15
2014.02.19 14:27:20.204,1.65157,1.65195,1.48,1.18
2014.02.19 14:27:21.151,1.65157,1.65195,1.48,1.65
2014.02.19 14:27:21.510,1.65156,1.65195,1.38,1.65
2014.02.19 14:27:24.859,1.65159,1.65195,1.38,1.15
2014.02.19 14:27:25.163,1.65164,1.65195,1.38,1.00
2014.02.19 14:27:25.213,1.65164,1.65199,1.38,1.15
2014.02.19 14:27:26.789,1.65166,1.65199,1.38,1.00
2014.02.19 14:27:27.610,1.65166,1.65199,1.75,1.00
2014.02.19 14:27:27.712,1.65166,1.65199,1.13,1.00
2014.02.19 14:27:27.813,1.65162,1.65199,1.75,1.15
2014.02.19 14:27:28.115,1.65166,1.65195,1.00,1.15
2014.02.19 14:27:30.610,1.65157,1.65195,1.48,1.15
2014.02.19 14:27:31.859,1.65167,1.65195,1.00,1.15
2014.02.19 14:27:32.062,1.65166,1.65195,1.00,1.00
2014.02.19 14:27:32.112,1.65166,1.65199,1.45,1.10
2014.02.19 14:27:32.213,1.65166,1.65206,2.03,1.20
2014.02.19 14:27:32.481,1.65167,1.65206,1.53,1.20
2014.02.19 14:27:32.988,1.65168,1.65206,1.58,1.20
2014.02.19 14:27:33.228,1.65168,1.65206,1.38,1.15
2014.02.19 14:27:33.329,1.65167,1.65201,1.38,1.08
2014.02.19 14:27:33.582,1.6516,1.65199,1.48,1.15
2014.02.19 14:27:33.683,1.6516,1.65195,1.38,1.15
2014.02.19 14:27:34.001,1.65167,1.65195,1.00,1.15
2014.02.19 14:27:34.352,1.6516,1.65195,1.38,1.15
2014.02.19 14:27:36.061,1.65158,1.65195,1.53,1.00
2014.02.19 14:27:36.212,1.65158,1.65195,1.53,1.00
2014.02.19 14:27:36.414,1.65158,1.65199,1.90,1.00
2014.02.19 14:27:36.532,1.65159,1.65199,1.65,1.00
2014.02.19 14:27:36.739,1.65158,1.65199,2.40,1.15
2014.02.19 14:27:37.370,1.65158,1.65199,2.40,1.15
2014.02.19 14:27:40.510,1.6516,1.65199,1.75,1.15
2014.02.19 14:27:41.187,1.65158,1.65199,2.78,1.15
2014.02.19 14:27:42.437,1.65158,1.65195,1.93,1.00
2014.02.19 14:27:43.036,1.65158,1.65195,1.93,1.00
2014.02.19 14:27:45.330,1.65158,1.65195,1.93,1.00
2014.02.19 14:27:49.539,1.65158,1.65195,1.75,1.15
2014.02.19 14:27:51.600,1.65158,1.65195,1.58,1.08
2014.02.19 14:27:52.977,1.65158,1.65195,1.90,1.00
2014.02.19 14:28:01.021,1.65158,1.65195,1.53,1.00
2014.02.19 14:28:01.374,1.65158,1.65195,1.90,1.00
2014.02.19 14:28:01.559,1.6516,1.65195,1.20,1.00
2014.02.19 14:28:01.812,1.65158,1.65195,1.65,1.00
2014.02.19 14:28:06.741,1.65157,1.65195,1.88,1.15
2014.02.19 14:28:11.190,1.65159,1.65194,1.95,1.00
2014.02.19 14:28:11.241,1.65167,1.65194,1.00,1.00
2014.02.19 14:28:11.570,1.65167,1.65194,1.38,1.00
2014.02.19 14:28:12.827,1.65167,1.65201,1.38,1.15
2014.02.19 14:28:17.441,1.65169,1.65201,1.53,1.00
2014.02.19 14:28:17.491,1.65169,1.65201,1.53,1.00
2014.02.19 14:28:17.592,1.65168,1.65207,1.38,1.65
2014.02.19 14:28:17.693,1.65168,1.65207,1.38,1.65
2014.02.19 14:28:17.880,1.65168,1.65207,1.38,1.65
2014.02.19 14:28:22.429,1.65168,1.65207,1.38,1.65
2014.02.19 14:28:26.368,1.65176,1.65205,1.00,1.65
2014.02.19 14:28:26.419,1.65176,1.65201,1.00,1.00
2014.02.19 14:28:26.787,1.65176,1.65198,1.00,1.00
2014.02.19 14:28:27.810,1.65176,1.65198,1.38,1.00
2014.02.19 14:28:28.013,1.65167,1.65203,1.38,1.00
2014.02.19 14:28:28.064,1.65176,1.65203,1.00,1.00
2014.02.19 14:28:28.316,1.65169,1.65207,1.88,1.65
2014.02.19 14:28:28.817,1.65169,1.65207,1.88,1.65
2014.02.19 14:28:28.918,1.65169,1.65207,1.88,1.65
2014.02.19 14:28:29.070,1.65169,1.65207,2.40,1.65
2014.02.19 14:28:29.120,1.65169,1.65207,2.40,1.65
2014.02.19 14:28:29.843,1.65176,1.65211,1.38,1.58
2014.02.19 14:28:30.699,1.65176,1.65211,1.38,1.28
2014.02.19 14:28:36.271,1.65177,1.65211,1.38,1.20
2014.02.19 14:28:38.145,1.65177,1.65211,1.48,1.00
2014.02.19 14:28:38.454,1.65177,1.65208,1.53,1.00
2014.02.19 14:28:38.572,1.65177,1.65214,1.53,1.00
2014.02.19 14:28:38.622,1.65177,1.65214,1.53,1.00
2014.02.19 14:28:38.925,1.65187,1.65218,1.13,1.08
2014.02.19 14:28:39.026,1.65187,1.65218,1.38,1.08
2014.02.19 14:28:39.329,1.65187,1.65219,1.38,1.00
2014.02.19 14:28:39.380,1.65187,1.65219,1.38,1.00
2014.02.19 14:28:39.901,1.65187,1.65219,1.38,1.00
2014.02.19 14:28:39.953,1.65182,1.65219,1.95,1.08
2014.02.19 14:28:40.055,1.65182,1.65217,1.38,1.15
2014.02.19 14:28:40.370,1.65181,1.65219,1.00,1.53
2014.02.19 14:28:40.842,1.65179,1.65217,1.58,1.53
2014.02.19 14:28:41.456,1.65179,1.65213,1.38,1.18
2014.02.19 14:28:41.917,1.65186,1.65213,1.00,1.28
2014.02.19 14:28:43.057,1.65179,1.65213,1.75,1.18
2014.02.19 14:28:43.913,1.65179,1.65213,1.75,1.18
2014.02.19 14:28:44.617,1.65179,1.65213,1.50,1.18
2014.02.19 14:28:46.150,1.65179,1.65213,1.75,1.18
2014.02.19 14:28:47.318,1.65181,1.65213,1.00,1.18
2014.02.19 14:28:48.219,1.65179,1.65213,1.38,1.55
2014.02.19 14:28:49.279,1.65187,1.65208,1.00,1.38
2014.02.19 14:28:49.432,1.65187,1.65213,1.00,1.38
2014.02.19 14:28:50.519,1.65187,1.65213,1.00,1.38
2014.02.19 14:28:51.959,1.65176,1.65207,1.65,1.38
2014.02.19 14:28:52.119,1.65176,1.65207,1.13,1.38
2014.02.19 14:28:52.707,1.65176,1.65207,1.13,1.38
2014.02.19 14:28:53.246,1.65176,1.65207,1.38,1.38
2014.02.19 14:28:53.629,1.65176,1.65208,1.38,1.88
2014.02.19 14:28:58.947,1.65176,1.65208,1.00,1.88
2014.02.19 14:29:01.550,1.65176,1.65207,1.38,2.70
2014.02.19 14:29:01.855,1.65176,1.65207,1.00,2.55
2014.02.19 14:29:02.546,1.65176,1.65207,1.00,2.63
2014.02.19 14:29:02.850,1.65169,1.65203,1.13,1.48
2014.02.19 14:29:04.988,1.65167,1.65203,1.10,2.08
2014.02.19 14:29:05.310,1.65167,1.65198,1.00,1.88
2014.02.19 14:29:05.360,1.65165,1.65193,1.00,1.38
2014.02.19 14:29:05.411,1.6516,1.65193,1.45,1.38
2014.02.19 14:29:05.512,1.6516,1.65193,1.13,1.38
2014.02.19 14:29:06.047,1.6516,1.65193,1.38,1.38
2014.02.19 14:29:06.098,1.6516,1.65193,1.38,1.38
2014.02.19 14:29:06.369,1.65167,1.65197,1.38,2.25
2014.02.19 14:29:07.049,1.65167,1.65197,1.38,1.88
2014.02.19 14:29:07.975,1.65167,1.65197,1.38,1.88
2014.02.19 14:29:08.849,1.65167,1.65197,1.38,1.50
2014.02.19 14:29:09.109,1.65167,1.65201,1.38,1.45
2014.02.19 14:29:09.728,1.65167,1.65201,1.48,1.38
2014.02.19 14:29:11.158,1.65167,1.65201,1.48,1.38
2014.02.19 14:29:19.077,1.65167,1.65201,1.48,1.38
2014.02.19 14:29:19.602,1.65167,1.65201,1.00,1.53
2014.02.19 14:29:21.237,1.65164,1.65194,1.38,1.13
2014.02.19 14:29:21.968,1.65164,1.65187,1.00,1.38
2014.02.19 14:29:22.069,1.65157,1.65187,1.18,1.38
2014.02.19 14:29:22.170,1.65159,1.65188,1.38,1.00
2014.02.19 14:29:25.045,1.65157,1.65196,2.03,1.28
2014.02.19 14:29:26.155,1.65157,1.65196,2.03,1.65
2014.02.19 14:29:26.796,1.65157,1.65196,2.03,1.28
2014.02.19 14:29:26.997,1.65157,1.65196,2.03,1.28
2014.02.19 14:29:27.475,1.65157,1.65196,2.03,1.55
2014.02.19 14:29:28.358,1.65157,1.65196,1.18,2.03
2014.02.19 14:29:28.762,1.65159,1.65196,1.48,1.93
2014.02.19 14:29:29.132,1.65156,1.65196,1.53,1.55
2014.02.19 14:29:32.356,1.65156,1.65196,1.53,1.55
2014.02.19 14:29:32.457,1.65159,1.65196,1.48,1.18
2014.02.19 14:29:32.804,1.65167,1.65196,1.00,1.00
2014.02.19 14:29:33.327,1.65163,1.65196,1.38,1.00
2014.02.19 14:29:33.636,1.65166,1.65196,1.00,1.00
2014.02.19 14:29:34.313,1.65166,1.65187,1.00,1.00
2014.02.19 14:29:34.659,1.65163,1.65187,1.13,1.00
2014.02.19 14:29:34.760,1.65159,1.65187,1.13,1.00
2014.02.19 14:29:35.338,1.65157,1.65188,1.38,1.00
2014.02.19 14:29:35.839,1.65157,1.65188,1.00,1.00
2014.02.19 14:29:36.392,1.65157,1.65177,1.00,1.00
2014.02.19 14:29:42.396,1.65157,1.65189,1.00,1.10
2014.02.19 14:29:50.046,1.6515,1.65189,1.48,1.20
2014.02.19 14:29:50.562,1.6515,1.65189,1.48,1.18
2014.02.19 14:29:51.070,1.6515,1.65189,1.38,1.15
2014.02.19 14:29:51.277,1.6515,1.65189,1.38,1.53
2014.02.19 14:29:52.851,1.65147,1.65189,1.53,2.03
2014.02.19 14:29:53.379,1.65147,1.65184,1.53,1.05
2014.02.19 14:29:53.430,1.65147,1.65184,1.45,1.38
2014.02.19 14:29:53.531,1.65146,1.65184,1.00,1.88
2014.02.19 14:29:53.733,1.65146,1.65184,1.38,1.65
2014.02.19 14:29:53.945,1.65146,1.65184,1.45,2.03
2014.02.19 14:29:54.002,1.65146,1.65184,1.53,2.03
2014.02.19 14:29:54.154,1.65146,1.65184,1.08,2.03
2014.02.19 14:29:54.460,1.65146,1.65184,1.55,2.03
2014.02.19 14:29:55.342,1.65146,1.65184,1.55,1.65
2014.02.19 14:29:56.449,1.65146,1.65177,1.55,1.00
2014.02.19 14:29:57.021,1.65143,1.65177,1.38,1.28
2014.02.19 14:29:57.340,1.65141,1.65173,1.38,1.15
2014.02.19 14:29:57.713,1.65141,1.65173,1.38,1.15
2014.02.19 14:29:58.779,1.65141,1.65173,1.38,1.08
2014.02.19 14:29:58.831,1.65141,1.65173,1.38,1.00
2014.02.19 14:29:58.882,1.65141,1.65173,1.38,1.15
2014.02.19 14:30:00.388,1.65141,1.65173,1.38,1.15
2014.02.19 14:30:00.890,1.65141,1.65168,1.38,1.15
2014.02.19 14:30:01.422,1.65141,1.65168,1.38,1.00
2014.02.19 14:30:04.850,1.6514,1.65168,1.38,1.00
2014.02.19 14:30:05.052,1.65134,1.65168,1.38,1.08
2014.02.19 14:30:05.205,1.65134,1.65168,1.38,1.15
2014.02.19 14:30:05.308,1.65138,1.65168,1.38,1.15
2014.02.19 14:30:05.510,1.65138,1.65168,1.38,1.00
2014.02.19 14:30:05.679,1.65134,1.65168,1.38,1.00
2014.02.19 14:30:05.780,1.65137,1.65168,1.38,1.00
2014.02.19 14:30:05.831,1.65137,1.65168,1.38,1.15
2014.02.19 14:30:06.134,1.65138,1.65168,1.38,1.18
2014.02.19 14:30:06.184,1.65138,1.65168,1.38,1.10
2014.02.19 14:30:06.235,1.65138,1.65168,1.38,1.10
2014.02.19 14:30:06.336,1.65138,1.65168,1.38,1.10
2014.02.19 14:30:06.779,1.65138,1.65168,1.88,1.10
2014.02.19 14:30:09.871,1.65138,1.65168,1.38,1.10
2014.02.19 14:30:10.090,1.65138,1.65168,1.38,1.10
2014.02.19 14:30:13.559,1.65137,1.65168,1.38,1.08
2014.02.19 14:30:13.610,1.65135,1.65168,2.33,1.15
2014.02.19 14:30:13.812,1.65131,1.65167,1.38,1.43
2014.02.19 14:30:14.020,1.65135,1.65163,1.13,1.58
2014.02.19 14:30:14.223,1.65128,1.6516,1.38,1.65
2014.02.19 14:30:14.425,1.65128,1.65155,1.38,1.00
2014.02.19 14:30:14.577,1.65128,1.65155,1.38,1.00
2014.02.19 14:30:14.678,1.65128,1.65162,1.38,1.88
2014.02.19 14:30:14.779,1.65128,1.65162,1.38,1.88
2014.02.19 14:30:15.110,1.65128,1.65162,1.38,1.50
2014.02.19 14:30:15.414,1.65131,1.65162,1.38,1.38
2014.02.19 14:30:15.878,1.65128,1.65162,1.38,1.15
2014.02.19 14:30:16.107,1.65128,1.65162,1.38,1.53
2014.02.19 14:30:16.523,1.65128,1.65162,1.38,1.15
2014.02.19 14:30:16.574,1.65128,1.65162,1.38,1.00
2014.02.19 14:30:16.738,1.65128,1.65162,1.38,1.38
2014.02.19 14:30:16.840,1.65128,1.65162,1.38,1.53
2014.02.19 14:30:17.108,1.65127,1.65162,1.38,1.53
2014.02.19 14:30:17.411,1.65121,1.65153,1.38,1.10
2014.02.19 14:30:17.829,1.65121,1.65143,1.38,1.00
2014.02.19 14:30:17.980,1.65122,1.65143,1.38,1.00
2014.02.19 14:30:18.131,1.65122,1.65133,1.38,1.00
2014.02.19 14:30:18.182,1.65122,1.65133,1.00,1.00
2014.02.19 14:30:18.233,1.65108,1.65133,1.88,1.00
2014.02.19 14:30:18.384,1.65107,1.65133,1.00,1.00
2014.02.19 14:30:18.536,1.65104,1.65133,1.00,1.00
2014.02.19 14:30:18.587,1.65116,1.6514,1.00,1.15
2014.02.19 14:30:18.925,1.65121,1.65146,1.38,1.00
2014.02.19 14:30:19.137,1.65121,1.65152,1.38,1.15
2014.02.19 14:30:20.143,1.65121,1.65152,1.38,1.15
2014.02.19 14:30:20.400,1.65121,1.65152,1.38,1.15
2014.02.19 14:30:20.754,1.65122,1.65147,1.88,1.00
2014.02.19 14:30:20.905,1.65123,1.65154,1.38,1.50
2014.02.19 14:30:20.956,1.65123,1.65154,1.38,1.65
2014.02.19 14:30:21.108,1.65121,1.65154,1.38,1.65
2014.02.19 14:30:21.209,1.65121,1.65154,1.38,1.65
2014.02.19 14:30:21.576,1.65127,1.65154,1.38,1.15
2014.02.19 14:30:24.298,1.6512,1.65148,1.38,1.20
2014.02.19 14:30:24.828,1.65127,1.65148,1.38,1.20
2014.02.19 14:30:24.929,1.65124,1.65148,1.38,1.00
2014.02.19 14:30:24.980,1.65124,1.65154,1.38,1.58
2014.02.19 14:30:26.149,1.6512,1.65153,1.38,1.15
2014.02.19 14:30:28.650,1.65126,1.65154,1.38,1.53
2014.02.19 14:30:28.700,1.65115,1.65152,1.45,1.58
2014.02.19 14:30:28.751,1.65114,1.65151,1.00,1.90
2014.02.19 14:30:28.802,1.65111,1.6515,1.00,1.58
2014.02.19 14:30:28.852,1.65111,1.65147,1.00,1.53
2014.02.19 14:30:29.574,1.65111,1.65147,1.00,1.55
2014.02.19 14:30:30.148,1.6511,1.65147,1.00,2.40
2014.02.19 14:30:30.650,1.65105,1.65144,1.15,1.00
2014.02.19 14:30:32.220,1.65105,1.65144,1.15,1.38
2014.02.19 14:30:32.472,1.65105,1.65144,1.00,1.53
2014.02.19 14:30:33.095,1.65105,1.65138,1.00,1.00
2014.02.19 14:30:34.596,1.65105,1.65141,1.00,1.15
2014.02.19 14:30:34.882,1.65105,1.65141,1.08,1.08
2014.02.19 14:30:35.386,1.65105,1.65141,1.15,1.00
2014.02.19 14:30:37.978,1.65105,1.65144,1.15,1.55
2014.02.19 14:30:38.588,1.65101,1.65141,1.15,1.00
2014.02.19 14:30:38.690,1.65101,1.65141,1.18,1.28
2014.02.19 14:30:38.857,1.65101,1.65141,1.10,1.18
2014.02.19 14:30:40.179,1.65101,1.6514,1.13,1.10
2014.02.19 14:30:41.662,1.65101,1.65138,1.13,1.00
2014.02.19 14:30:49.338,1.65101,1.65138,1.20,1.10
2014.02.19 14:30:50.077,1.65101,1.65138,1.28,1.00
2014.02.19 14:30:51.187,1.65104,1.65137,1.10,1.00
2014.02.19 14:30:52.359,1.65104,1.65145,1.10,1.28
2014.02.19 14:30:52.410,1.65104,1.65145,1.08,1.28
2014.02.19 14:30:52.461,1.65104,1.65145,1.28,1.15
2014.02.19 14:30:52.749,1.65109,1.65147,1.00,2.03
2014.02.19 14:30:56.099,1.65109,1.65147,1.15,1.00
2014.02.19 14:30:58.267,1.65109,1.65137,1.15,1.00
2014.02.19 14:30:58.545,1.65109,1.65147,1.15,1.38
2014.02.19 14:31:16.006,1.65109,1.65149,1.08,1.95
2014.02.19 14:31:16.949,1.65109,1.65149,1.00,2.63
2014.02.19 14:31:19.186,1.65109,1.65143,1.00,1.38
2014.02.19 14:31:19.287,1.65106,1.65143,1.00,1.28
2014.02.19 14:31:20.054,1.65102,1.65143,1.65,1.55
2014.02.19 14:31:20.205,1.65102,1.65139,1.15,1.38
2014.02.19 14:31:20.659,1.65098,1.65139,1.18,1.53
2014.02.19 14:31:20.837,1.65098,1.65119,1.18,2.10
2014.02.19 14:31:20.989,1.65093,1.6511,1.00,1.00
2014.02.19 14:31:21.090,1.65085,1.6511,1.58,1.00
2014.02.19 14:31:21.241,1.65087,1.6511,1.20,1.00
2014.02.19 14:31:21.292,1.65087,1.65121,1.20,1.00
2014.02.19 14:31:21.394,1.65097,1.65123,1.00,1.00
2014.02.19 14:31:21.948,1.65097,1.65123,1.18,1.00
2014.02.19 14:31:22.969,1.65097,1.65134,1.18,1.10
2014.02.19 14:31:24.157,1.65097,1.65124,1.18,1.00
2014.02.19 14:31:25.367,1.65097,1.65134,1.18,1.10
2014.02.19 14:31:25.849,1.65097,1.65114,1.18,1.60
2014.02.19 14:31:26.001,1.65088,1.65111,1.00,1.00
2014.02.19 14:31:26.102,1.65088,1.65114,1.00,1.00
2014.02.19 14:31:26.376,1.65089,1.65118,1.15,1.38
2014.02.19 14:31:26.427,1.65092,1.65129,1.08,1.08
2014.02.19 14:31:26.478,1.65092,1.65133,1.15,1.08
2014.02.19 14:31:26.529,1.65096,1.65133,1.28,1.00
2014.02.19 14:31:29.193,1.65096,1.65133,1.28,1.00
2014.02.19 14:31:29.787,1.65096,1.65133,1.95,1.00
2014.02.19 14:31:30.090,1.65087,1.65113,1.75,1.00
2014.02.19 14:31:30.191,1.65087,1.65127,1.90,1.50
2014.02.19 14:31:30.242,1.65094,1.65127,1.13,1.50
2014.02.19 14:31:30.344,1.65099,1.65133,1.15,1.00
2014.02.19 14:31:30.675,1.65099,1.6514,1.15,2.03
2014.02.19 14:31:34.066,1.65099,1.65133,1.15,1.00
2014.02.19 14:31:34.641,1.65099,1.6514,1.15,1.28
2014.02.19 14:31:38.276,1.65099,1.6514,1.10,1.28
2014.02.19 14:31:38.579,1.65097,1.65123,1.08,1.00
2014.02.19 14:31:38.680,1.65093,1.65123,1.10,1.00
2014.02.19 14:31:38.982,1.65093,1.65123,1.00,1.38
2014.02.19 14:31:39.083,1.6509,1.65123,1.00,1.38
2014.02.19 14:31:40.266,1.6509,1.65123,1.00,1.00
2014.02.19 14:31:40.526,1.6509,1.65123,1.08,1.00
2014.02.19 14:31:43.398,1.6509,1.65123,1.00,1.00
2014.02.19 14:31:44.085,1.65087,1.65123,1.15,1.13
2014.02.19 14:31:46.416,1.65091,1.65131,1.00,1.90
2014.02.19 14:31:46.466,1.65091,1.65131,1.15,1.93
2014.02.19 14:31:46.577,1.65091,1.6513,1.15,1.08
2014.02.19 14:31:50.319,1.65091,1.65131,1.15,1.65
2014.02.19 14:31:50.627,1.65091,1.65124,1.15,1.00
2014.02.19 14:31:51.245,1.65091,1.65131,1.15,1.65
2014.02.19 14:31:51.576,1.65091,1.65123,1.15,1.00
2014.02.19 14:31:53.887,1.6509,1.6513,1.15,1.58
2014.02.19 14:31:55.193,1.65094,1.65133,1.08,1.58
2014.02.19 14:31:55.445,1.65098,1.65138,1.38,1.15
2014.02.19 14:31:55.596,1.65098,1.6514,1.53,1.15
2014.02.19 14:31:58.432,1.65098,1.6514,1.15,1.28
2014.02.19 14:31:58.483,1.65098,1.6514,1.08,1.95
2014.02.19 14:31:59.379,1.65098,1.65139,1.00,1.28
2014.02.19 14:32:00.197,1.65098,1.65139,1.08,1.20
2014.02.19 14:32:00.298,1.65098,1.65139,1.15,1.13
2014.02.19 14:32:00.506,1.65098,1.65139,1.15,1.38
2014.02.19 14:32:00.810,1.65096,1.65137,1.15,1.15
2014.02.19 14:32:03.180,1.651,1.65139,1.00,1.15
2014.02.19 14:32:03.281,1.651,1.65139,1.15,1.00
2014.02.19 14:32:04.337,1.65106,1.65139,1.00,1.00
2014.02.19 14:32:04.840,1.65106,1.6514,1.18,1.13
2014.02.19 14:32:05.512,1.65106,1.6514,1.55,1.13
2014.02.19 14:32:14.999,1.65106,1.65146,1.53,1.38
2014.02.19 14:32:15.510,1.65106,1.65145,1.53,1.38
2014.02.19 14:32:16.438,1.65103,1.65145,2.63,1.38
2014.02.19 14:32:18.486,1.65106,1.65145,1.53,1.38
2014.02.19 14:32:26.668,1.65107,1.65145,1.53,1.38
2014.02.19 14:32:37.647,1.65103,1.65144,1.95,1.98
2014.02.19 14:32:37.799,1.65103,1.65141,1.00,1.50
2014.02.19 14:32:38.234,1.65103,1.65141,1.38,1.15
2014.02.19 14:32:38.286,1.65103,1.65141,1.88,1.08
2014.02.19 14:32:38.337,1.65104,1.65141,1.20,1.00
2014.02.19 14:32:39.323,1.65106,1.65145,1.15,1.38
2014.02.19 14:32:42.545,1.65106,1.65145,1.15,1.38
2014.02.19 14:32:45.287,1.65111,1.6515,1.08,1.83
2014.02.19 14:32:45.338,1.65111,1.6515,1.15,1.75
2014.02.19 14:32:45.439,1.65111,1.6515,1.15,1.38
2014.02.19 14:32:45.793,1.65115,1.6515,1.38,1.20
2014.02.19 14:32:46.354,1.65112,1.65153,1.53,1.00
2014.02.19 14:32:46.405,1.65112,1.65153,1.53,1.00
2014.02.19 14:32:46.968,1.65112,1.65155,1.53,1.53
2014.02.19 14:32:47.692,1.65111,1.6515,1.65,1.38
2014.02.19 14:32:47.743,1.65111,1.6515,1.28,1.38
2014.02.19 14:32:47.793,1.65111,1.6515,1.28,1.38
2014.02.19 14:32:47.844,1.65111,1.6515,1.28,1.45
2014.02.19 14:32:47.996,1.65111,1.6515,1.28,1.45
2014.02.19 14:32:48.097,1.65111,1.6515,1.28,1.45
2014.02.19 14:32:48.244,1.65111,1.6515,1.65,1.45
2014.02.19 14:32:48.589,1.65111,1.6515,1.55,1.45
2014.02.19 14:32:48.791,1.65111,1.6515,1.55,1.45
2014.02.19 14:32:49.130,1.65112,1.65153,1.53,1.00
2014.02.19 14:33:00.676,1.65118,1.65127,1.00,1.00
2014.02.19 14:33:00.778,1.65106,1.65123,1.38,1.00
2014.02.19 14:33:00.879,1.65106,1.65116,1.38,1.50
2014.02.19 14:33:01.135,1.65086,1.65103,1.38,1.00
2014.02.19 14:33:01.337,1.65086,1.65102,1.00,1.60
2014.02.19 14:33:01.387,1.65077,1.65102,1.00,1.98
2014.02.19 14:33:01.922,1.65087,1.65102,1.00,1.98
2014.02.19 14:33:02.124,1.65077,1.65102,1.18,1.98
2014.02.19 14:33:02.327,1.65077,1.65103,1.18,1.38
2014.02.19 14:33:02.428,1.65076,1.65103,1.95,1.00
2014.02.19 14:33:02.479,1.65079,1.65106,1.15,1.00
2014.02.19 14:33:02.529,1.65079,1.65108,1.83,1.00
2014.02.19 14:33:02.831,1.6508,1.65107,1.15,1.98
2014.02.19 14:33:03.132,1.65087,1.65103,1.00,1.60
2014.02.19 14:33:03.628,1.65087,1.65103,1.08,1.00
2014.02.19 14:33:03.729,1.65087,1.65114,1.15,1.00
2014.02.19 14:33:03.780,1.65087,1.65121,1.65,1.38
2014.02.19 14:33:03.881,1.65087,1.65108,1.00,1.60
2014.02.19 14:33:03.982,1.6508,1.65101,1.08,1.30
2014.02.19 14:33:04.133,1.65086,1.65101,1.00,1.30
2014.02.19 14:33:05.696,1.65086,1.65106,1.08,1.73
2014.02.19 14:33:05.847,1.65086,1.65106,1.00,1.73
2014.02.19 14:33:05.898,1.65087,1.65106,1.38,1.73
2014.02.19 14:33:06.426,1.65087,1.65106,1.00,1.73
2014.02.19 14:33:06.989,1.65087,1.6511,1.00,2.48
2014.02.19 14:33:08.735,1.65087,1.6511,1.00,1.98
2014.02.19 14:33:10.315,1.65096,1.65111,1.00,1.98
2014.02.19 14:33:10.365,1.65096,1.65111,1.00,1.38
2014.02.19 14:33:10.663,1.65096,1.65121,1.00,3.23
2014.02.19 14:33:11.016,1.65096,1.65116,1.00,1.98
2014.02.19 14:33:11.346,1.65096,1.65115,1.00,2.48
2014.02.19 14:33:11.884,1.65094,1.65115,1.00,2.48
2014.02.19 14:33:11.935,1.65094,1.6512,1.00,1.98
2014.02.19 14:33:11.986,1.65096,1.6512,1.00,1.98
2014.02.19 14:33:12.305,1.65096,1.65116,1.00,1.30
2014.02.19 14:33:12.407,1.65097,1.65121,1.00,1.00
2014.02.19 14:33:12.508,1.65097,1.65134,1.00,1.58
2014.02.19 14:33:12.558,1.65097,1.65134,1.08,1.48
2014.02.19 14:33:12.861,1.65101,1.65137,1.15,1.38
2014.02.19 14:33:13.182,1.65107,1.65138,1.00,1.00
2014.02.19 14:33:13.763,1.65107,1.65138,1.00,1.18
2014.02.19 14:33:14.976,1.65107,1.65138,1.00,1.10
2014.02.19 14:33:15.761,1.65107,1.65138,1.00,1.08
2014.02.19 14:33:16.064,1.65101,1.65115,1.38,1.10
2014.02.19 14:33:16.115,1.65096,1.65121,1.38,2.18
2014.02.19 14:33:16.216,1.65096,1.6512,1.38,1.60
2014.02.19 14:33:16.468,1.65096,1.65114,1.38,1.30
2014.02.19 14:33:19.181,1.65086,1.65114,1.48,1.35
2014.02.19 14:33:19.333,1.65086,1.65103,1.48,1.00
2014.02.19 14:33:19.615,1.65086,1.65103,1.48,1.00
2014.02.19 14:33:21.404,1.6508,1.65114,1.53,1.35
2014.02.19 14:33:22.067,1.6508,1.65104,1.98,1.00
2014.02.19 14:33:25.125,1.6508,1.65104,1.98,1.00
2014.02.19 14:33:25.176,1.65084,1.65113,1.38,1.00
2014.02.19 14:33:25.277,1.6508,1.65113,2.48,1.00
2014.02.19 14:33:25.378,1.6508,1.65104,2.48,1.00
2014.02.19 14:33:26.813,1.6508,1.65104,1.73,1.00
2014.02.19 14:33:27.281,1.6508,1.65093,1.38,1.00
2014.02.19 14:33:27.388,1.65076,1.65093,1.83,1.00
2014.02.19 14:33:28.025,1.6507,1.65104,2.48,2.48
2014.02.19 14:33:28.355,1.6507,1.65094,2.48,1.00
2014.02.19 14:33:28.696,1.6507,1.65094,2.48,1.00
2014.02.19 14:33:35.092,1.65065,1.65094,1.93,1.00
2014.02.19 14:33:35.736,1.65067,1.65094,1.58,1.00
2014.02.19 14:33:35.887,1.65065,1.65084,1.48,1.00
2014.02.19 14:33:36.300,1.65057,1.65073,1.88,1.00
2014.02.19 14:33:36.401,1.65053,1.65083,1.38,1.00
2014.02.19 14:33:36.553,1.65056,1.65083,1.93,1.00
2014.02.19 14:33:36.918,1.65053,1.65083,1.53,1.00
2014.02.19 14:33:37.155,1.65057,1.65086,1.38,1.35
2014.02.19 14:33:37.673,1.65057,1.65086,1.38,1.35
2014.02.19 14:33:38.377,1.65057,1.65086,1.38,1.35
2014.02.19 14:33:38.428,1.65057,1.65083,1.38,2.85
2014.02.19 14:33:38.479,1.65053,1.65074,1.38,1.00
2014.02.19 14:33:38.581,1.65047,1.65075,1.38,1.00
2014.02.19 14:33:38.683,1.65046,1.65072,1.38,1.00
2014.02.19 14:33:38.986,1.65042,1.65072,1.48,1.00
2014.02.19 14:33:39.445,1.65047,1.65078,1.38,1.78
2014.02.19 14:33:39.563,1.65047,1.65081,1.38,1.00
2014.02.19 14:33:39.664,1.65047,1.65081,1.38,1.00
2014.02.19 14:33:39.766,1.65047,1.65083,1.38,1.20
2014.02.19 14:33:40.102,1.65047,1.65083,1.38,1.20
2014.02.19 14:33:41.010,1.65047,1.65083,1.53,1.00
2014.02.19 14:33:41.430,1.65047,1.65083,2.03,1.00
2014.02.19 14:33:42.338,1.65047,1.65073,1.88,1.00
2014.02.19 14:33:42.490,1.65039,1.65059,1.38,1.35
2014.02.19 14:33:42.793,1.65037,1.65059,1.38,1.50
2014.02.19 14:33:43.125,1.65027,1.65059,1.75,1.00
2014.02.19 14:33:43.227,1.6503,1.65063,1.53,1.00
2014.02.19 14:33:43.378,1.6503,1.65063,1.53,1.60
2014.02.19 14:33:43.901,1.65032,1.65063,1.38,1.53
2014.02.19 14:33:44.002,1.65032,1.65073,1.48,1.65
2014.02.19 14:33:44.204,1.65037,1.65073,1.38,1.65
2014.02.19 14:33:44.305,1.6504,1.65073,1.53,1.00
2014.02.19 14:33:46.105,1.6504,1.65063,1.58,1.00
2014.02.19 14:33:46.206,1.65045,1.65074,1.48,1.00
2014.02.19 14:33:46.799,1.65045,1.65074,1.95,1.00
2014.02.19 14:33:47.403,1.65045,1.65063,1.95,1.00
2014.02.19 14:33:48.210,1.65045,1.65074,1.95,1.00
2014.02.19 14:33:48.285,1.65045,1.65064,1.95,1.00
2014.02.19 14:33:49.493,1.65039,1.65074,2.03,1.00
2014.02.19 14:33:49.545,1.65039,1.65074,2.03,1.00
2014.02.19 14:33:50.578,1.65039,1.65063,2.03,1.60
2014.02.19 14:33:51.116,1.65037,1.65063,1.38,1.00
2014.02.19 14:33:51.167,1.65037,1.6507,1.38,1.53
2014.02.19 14:33:51.218,1.6504,1.6507,1.38,1.15
2014.02.19 14:33:51.319,1.65042,1.65079,1.38,1.15
2014.02.19 14:33:51.370,1.65047,1.65079,1.00,1.08
2014.02.19 14:33:51.521,1.65048,1.65083,1.53,1.13
2014.02.19 14:33:51.684,1.65048,1.65089,1.53,1.58
2014.02.19 14:33:51.886,1.65054,1.65089,1.38,1.48
2014.02.19 14:33:51.987,1.65054,1.65093,1.38,2.40
2014.02.19 14:33:52.404,1.65055,1.65098,1.58,1.90
2014.02.19 14:33:56.387,1.65054,1.65093,1.10,1.55
2014.02.19 14:33:56.492,1.65054,1.65093,1.10,1.53
2014.02.19 14:33:56.644,1.65052,1.65093,1.00,1.95
2014.02.19 14:33:57.858,1.6505,1.65088,1.55,1.15
2014.02.19 14:33:57.995,1.6505,1.65078,1.55,1.00
2014.02.19 14:33:58.197,1.65036,1.65074,1.00,1.65
2014.02.19 14:33:58.298,1.65031,1.65067,1.10,1.00
2014.02.19 14:33:58.349,1.65031,1.65067,1.00,1.15
2014.02.19 14:33:58.614,1.65025,1.65061,1.00,1.15
2014.02.19 14:33:58.715,1.65019,1.65061,1.65,1.15
2014.02.19 14:33:59.180,1.65019,1.65061,2.03,1.53
2014.02.19 14:33:59.231,1.65019,1.65061,2.03,1.20
2014.02.19 14:33:59.283,1.65027,1.65061,1.00,1.20
2014.02.19 14:34:00.823,1.65019,1.65061,2.03,1.20
2014.02.19 14:34:01.051,1.65019,1.65061,2.03,1.18
2014.02.19 14:34:01.424,1.65019,1.65055,1.38,1.15
2014.02.19 14:34:01.525,1.65017,1.65055,1.53,1.00
2014.02.19 14:34:02.691,1.65022,1.65063,1.38,1.58
2014.02.19 14:34:02.995,1.65033,1.65068,1.38,1.15
2014.02.19 14:34:03.046,1.65033,1.65068,1.53,1.00
2014.02.19 14:34:03.097,1.65033,1.65074,1.53,1.20
2014.02.19 14:34:03.148,1.65033,1.65074,1.53,1.20
2014.02.19 14:34:03.451,1.65033,1.65074,1.45,1.18
2014.02.19 14:34:04.000,1.65029,1.65071,2.03,1.15
2014.02.19 14:34:06.268,1.65029,1.65071,2.03,1.00
2014.02.19 14:34:07.088,1.65029,1.65071,2.03,1.00
2014.02.19 14:34:08.175,1.65033,1.65071,1.53,1.00
2014.02.19 14:34:08.834,1.6503,1.65071,1.53,1.00
2014.02.19 14:34:09.145,1.65029,1.65068,1.53,1.18
2014.02.19 14:34:09.548,1.65031,1.65068,1.55,1.18
2014.02.19 14:34:09.794,1.65029,1.65068,1.53,1.00
2014.02.19 14:34:10.097,1.65037,1.6507,1.00,1.00
2014.02.19 14:34:10.590,1.65034,1.6507,1.18,1.00
2014.02.19 14:34:11.115,1.65034,1.65068,1.38,1.10
2014.02.19 14:34:11.268,1.65034,1.6507,1.45,1.00
2014.02.19 14:34:11.959,1.65034,1.6507,1.45,1.00
2014.02.19 14:34:16.559,1.65034,1.65066,1.08,1.00
2014.02.19 14:34:22.133,1.65037,1.65066,1.00,1.00
2014.02.19 14:34:22.184,1.65037,1.65071,1.00,1.10
2014.02.19 14:34:25.883,1.65057,1.65071,1.38,1.10
2014.02.19 14:34:25.984,1.65057,1.65081,1.38,1.15
2014.02.19 14:34:26.085,1.65057,1.65081,1.38,1.00
2014.02.19 14:34:26.594,1.65048,1.65082,1.38,1.00
2014.02.19 14:34:26.645,1.65048,1.65082,1.38,1.00
2014.02.19 14:34:26.746,1.65047,1.6508,1.88,1.00
2014.02.19 14:34:27.275,1.65047,1.6508,1.38,1.00
2014.02.19 14:34:27.326,1.65047,1.6508,1.38,1.08
2014.02.19 14:34:27.706,1.65047,1.65075,1.38,1.00
2014.02.19 14:34:33.844,1.65047,1.65075,1.38,1.00
2014.02.19 14:34:35.054,1.65047,1.65075,1.38,1.00
2014.02.19 14:34:35.733,1.65056,1.65075,1.00,1.00
2014.02.19 14:34:35.935,1.65056,1.65081,1.00,1.28
2014.02.19 14:34:36.087,1.65066,1.65085,1.00,1.90
2014.02.19 14:34:36.389,1.65066,1.65085,1.00,1.50
2014.02.19 14:34:36.906,1.65066,1.65085,1.00,1.00
2014.02.19 14:34:37.383,1.65056,1.65089,1.15,2.10
2014.02.19 14:34:37.513,1.65056,1.65089,1.20,2.10
2014.02.19 14:34:37.564,1.65056,1.65089,1.13,2.10
2014.02.19 14:34:37.615,1.65056,1.65089,1.13,2.10
2014.02.19 14:34:39.674,1.65056,1.65089,1.13,2.10
2014.02.19 14:34:39.894,1.65056,1.65089,1.13,2.10
2014.02.19 14:34:40.499,1.65056,1.65089,1.13,2.10
2014.02.19 14:34:40.664,1.65056,1.65089,1.00,2.10
2014.02.19 14:34:41.136,1.65056,1.65089,1.38,2.10
2014.02.19 14:34:41.442,1.65056,1.65089,1.38,2.10
2014.02.19 14:34:43.883,1.65056,1.65088,1.38,1.30
2014.02.19 14:34:43.994,1.65056,1.65089,1.38,2.10
2014.02.19 14:34:44.103,1.65056,1.65088,1.38,1.30
2014.02.19 14:34:44.323,1.65056,1.65089,1.38,2.10
2014.02.19 14:34:45.694,1.65056,1.65089,1.53,1.35
2014.02.19 14:34:46.853,1.65056,1.65089,1.53,1.35
2014.02.19 14:34:48.005,1.65061,1.65089,1.00,1.35
2014.02.19 14:34:49.445,1.65061,1.65088,1.00,1.30
2014.02.19 14:34:50.217,1.65061,1.65088,1.08,1.30
2014.02.19 14:34:50.813,1.65061,1.65092,1.28,1.35
2014.02.19 14:34:53.085,1.65061,1.65094,1.28,3.00
2014.02.19 14:34:53.136,1.65061,1.65094,1.53,2.25
2014.02.19 14:34:53.905,1.65067,1.65094,1.00,1.50
2014.02.19 14:34:56.886,1.65067,1.65094,1.08,1.00
2014.02.19 14:34:57.189,1.65072,1.65094,1.10,1.13
2014.02.19 14:34:58.124,1.65072,1.65094,1.48,1.13
2014.02.19 14:34:58.225,1.65072,1.65104,1.53,1.00
2014.02.19 14:34:58.276,1.65075,1.65104,1.50,1.00
2014.02.19 14:34:59.613,1.65081,1.6511,1.15,1.38
2014.02.19 14:34:59.714,1.65081,1.65116,1.15,1.00
2014.02.19 14:34:59.972,1.65087,1.65116,1.00,1.00
2014.02.19 14:35:04.253,1.65087,1.65116,1.00,1.50
2014.02.19 14:35:06.925,1.65087,1.65116,1.88,1.38
2014.02.19 14:35:06.975,1.65087,1.65116,1.95,1.00
2014.02.19 14:35:07.076,1.6509,1.65123,1.38,1.10
2014.02.19 14:35:07.845,1.65097,1.65123,1.38,1.10
2014.02.19 14:35:07.997,1.651,1.65131,1.38,1.08
2014.02.19 14:35:08.098,1.65095,1.65129,1.00,1.75
2014.02.19 14:35:08.614,1.65095,1.65124,1.00,1.13
2014.02.19 14:35:08.665,1.65095,1.65124,1.00,1.50
2014.02.19 14:35:10.693,1.65095,1.65124,1.00,1.13
2014.02.19 14:35:11.787,1.65095,1.65128,1.15,1.50
2014.02.19 14:35:12.166,1.651,1.65129,1.00,1.75
2014.02.19 14:35:13.832,1.651,1.65129,1.00,1.13
2014.02.19 14:35:14.085,1.651,1.65141,1.18,1.58
2014.02.19 14:35:14.135,1.651,1.65141,1.15,1.50
2014.02.19 14:35:14.686,1.65107,1.65141,1.00,1.38
2014.02.19 14:35:14.910,1.65107,1.65141,1.00,1.75
2014.02.19 14:35:15.797,1.65107,1.65135,1.00,1.38
2014.02.19 14:35:16.559,1.65107,1.65135,1.00,1.38
2014.02.19 14:35:16.919,1.65107,1.65135,1.00,1.13
2014.02.19 14:35:18.906,1.65107,1.6514,1.00,1.93
2014.02.19 14:35:21.246,1.65103,1.65135,1.10,1.75
2014.02.19 14:35:22.048,1.65103,1.65131,1.00,1.00
2014.02.19 14:35:22.560,1.65097,1.65132,1.00,1.95
2014.02.19 14:35:23.484,1.65097,1.65132,1.00,1.95
2014.02.19 14:35:24.012,1.65097,1.65132,1.00,1.90
2014.02.19 14:35:24.074,1.6509,1.65132,1.10,1.90
2014.02.19 14:35:28.155,1.6509,1.65132,1.08,1.83
2014.02.19 14:35:29.469,1.65094,1.6513,1.18,1.50
2014.02.19 14:35:29.772,1.65098,1.65135,1.20,1.50
2014.02.19 14:35:30.293,1.651,1.65135,1.38,1.53
2014.02.19 14:35:30.813,1.65094,1.65133,2.03,1.15
2014.02.19 14:35:31.389,1.65094,1.65133,2.03,1.00
2014.02.19 14:35:31.615,1.65094,1.65133,2.03,1.13
2014.02.19 14:35:32.020,1.65099,1.65133,1.08,1.13
2014.02.19 14:35:33.970,1.65099,1.65134,1.08,1.38
2014.02.19 14:35:34.071,1.65099,1.65134,1.00,1.38
2014.02.19 14:35:34.334,1.65099,1.65134,1.00,1.38
2014.02.19 14:35:34.734,1.65099,1.65134,1.00,1.38
2014.02.19 14:35:35.664,1.65099,1.65137,1.00,1.93
2014.02.19 14:35:36.652,1.65099,1.65137,1.00,1.93
2014.02.19 14:35:37.431,1.65099,1.65137,1.00,1.93
2014.02.19 14:35:40.006,1.65093,1.6513,1.15,1.38
2014.02.19 14:35:40.412,1.65093,1.6513,1.15,1.38
2014.02.19 14:35:40.964,1.65093,1.6513,1.15,1.38
2014.02.19 14:35:42.205,1.65093,1.65125,1.15,1.38
2014.02.19 14:35:42.356,1.65085,1.65125,1.18,1.55
2014.02.19 14:35:43.526,1.65085,1.65121,1.18,1.38
2014.02.19 14:35:45.507,1.65085,1.65121,1.18,1.13
2014.02.19 14:35:45.658,1.65085,1.65123,1.15,1.38
2014.02.19 14:35:45.709,1.65085,1.65123,1.15,1.13
2014.02.19 14:35:45.760,1.65085,1.65123,1.15,1.13
2014.02.19 14:35:46.294,1.65085,1.65123,1.15,1.38
2014.02.19 14:35:46.748,1.65085,1.65123,1.15,1.38
2014.02.19 14:35:46.849,1.65085,1.65128,1.65,1.65
2014.02.19 14:35:47.000,1.65085,1.65128,1.65,1.20
2014.02.19 14:35:47.609,1.65086,1.65128,1.88,1.00
2014.02.19 14:35:49.255,1.65095,1.65131,1.10,1.10
2014.02.19 14:35:50.268,1.65095,1.65131,1.10,1.48
2014.02.19 14:35:50.319,1.65095,1.65131,1.00,1.53
2014.02.19 14:35:50.370,1.6509,1.65131,1.10,1.53
2014.02.19 14:35:52.441,1.65089,1.65127,1.18,1.00
2014.02.19 14:35:52.822,1.65089,1.65127,1.18,1.38
2014.02.19 14:35:53.931,1.65089,1.65127,1.18,1.38
2014.02.19 14:35:54.234,1.65081,1.65119,1.18,1.10
2014.02.19 14:36:01.013,1.65088,1.6512,1.00,1.45
2014.02.19 14:36:06.295,1.65088,1.65116,1.00,1.00
2014.02.19 14:36:07.103,1.65095,1.65122,1.00,1.48
2014.02.19 14:36:07.205,1.651,1.65133,1.00,1.53
2014.02.19 14:36:07.477,1.651,1.65133,1.53,1.00
2014.02.19 14:36:08.142,1.65107,1.65142,1.38,1.15
2014.02.19 14:36:08.992,1.65107,1.65142,1.38,1.53
2014.02.19 14:36:10.584,1.65107,1.65142,1.38,1.53
2014.02.19 14:36:11.348,1.65107,1.65142,1.13,1.53
2014.02.19 14:36:11.864,1.65107,1.65142,1.15,1.38
2014.02.19 14:36:11.915,1.65112,1.65142,1.00,1.00
2014.02.19 14:36:11.966,1.65112,1.65142,1.15,1.00
2014.02.19 14:36:12.168,1.65119,1.6515,1.15,1.48
2014.02.19 14:36:12.320,1.65119,1.65156,1.15,1.38
2014.02.19 14:36:13.435,1.65119,1.65154,1.15,1.38
2014.02.19 14:36:13.536,1.65119,1.65154,1.00,1.48
2014.02.19 14:36:18.286,1.65119,1.65152,1.00,1.38
2014.02.19 14:36:18.597,1.65111,1.6515,1.15,1.55
2014.02.19 14:36:19.440,1.65111,1.65146,1.15,1.73
2014.02.19 14:36:19.500,1.65111,1.65143,1.00,1.38
2014.02.19 14:36:19.652,1.65107,1.65143,1.08,1.48
2014.02.19 14:36:19.703,1.65105,1.65143,1.65,1.58
2014.02.19 14:36:20.866,1.65105,1.65143,1.65,1.58
2014.02.19 14:36:21.843,1.65105,1.65144,2.03,1.38
2014.02.19 14:36:22.385,1.65105,1.65144,1.65,1.88
2014.02.19 14:36:22.711,1.65105,1.65144,1.65,1.53
2014.02.19 14:36:23.219,1.65105,1.65144,1.65,1.90
2014.02.19 14:36:23.760,1.65105,1.65141,2.03,1.00
2014.02.19 14:36:24.090,1.65105,1.65141,2.03,1.00
2014.02.19 14:36:24.495,1.65108,1.65144,1.53,1.13
2014.02.19 14:36:25.324,1.65108,1.65144,1.53,1.00
2014.02.19 14:36:34.530,1.65105,1.65137,1.55,1.00
2014.02.19 14:36:34.832,1.65098,1.65113,1.00,1.00
2014.02.19 14:36:35.541,1.65094,1.65113,1.38,1.00
2014.02.19 14:36:36.732,1.65094,1.65124,1.38,1.00
2014.02.19 14:36:38.363,1.65092,1.65124,1.38,1.00
2014.02.19 14:36:38.414,1.65092,1.65113,1.38,1.00
2014.02.19 14:36:38.932,1.65092,1.65113,1.38,1.00
2014.02.19 14:36:39.547,1.65091,1.65113,1.38,1.00
2014.02.19 14:36:40.419,1.65091,1.65113,1.38,1.00
2014.02.19 14:36:40.521,1.65087,1.65113,1.38,1.00
2014.02.19 14:36:41.158,1.65083,1.65113,1.45,1.00
2014.02.19 14:36:41.616,1.6509,1.65113,1.38,1.00
2014.02.19 14:36:41.717,1.65087,1.65114,1.38,1.00
2014.02.19 14:36:42.441,1.65087,1.65114,1.48,1.00
2014.02.19 14:36:42.495,1.65087,1.65114,1.48,1.00
2014.02.19 14:36:42.581,1.65087,1.65123,1.95,1.48
2014.02.19 14:36:44.301,1.65087,1.65123,1.95,1.10
2014.02.19 14:36:44.503,1.65087,1.65123,1.95,1.20
2014.02.19 14:36:44.605,1.65087,1.65114,1.48,1.00
2014.02.19 14:36:44.724,1.65087,1.65114,1.48,1.00
2014.02.19 14:36:45.054,1.65087,1.65114,1.48,1.00
2014.02.19 14:36:45.271,1.65087,1.65114,1.48,1.00
2014.02.19 14:36:45.602,1.65087,1.65123,1.95,1.48
2014.02.19 14:36:45.893,1.65083,1.65113,1.53,1.00
2014.02.19 14:36:47.136,1.65083,1.65113,1.55,1.00
2014.02.19 14:36:47.381,1.65088,1.65113,1.00,1.00
2014.02.19 14:36:47.432,1.65088,1.65124,1.00,1.65
2014.02.19 14:36:47.483,1.65088,1.65124,1.38,1.65
2014.02.19 14:36:47.684,1.65081,1.65113,1.00,1.53
2014.02.19 14:36:47.785,1.65081,1.65113,1.00,1.53
2014.02.19 14:36:47.887,1.65074,1.65103,1.13,1.00
2014.02.19 14:36:49.193,1.65068,1.65103,1.38,1.10
2014.02.19 14:36:49.832,1.65068,1.65103,1.00,1.10
2014.02.19 14:36:50.897,1.65066,1.65103,1.00,1.10
2014.02.19 14:36:51.232,1.65064,1.65103,1.20,1.18
2014.02.19 14:36:51.901,1.65064,1.65103,1.13,1.58
2014.02.19 14:36:52.965,1.65064,1.65103,1.20,1.15
2014.02.19 14:36:53.016,1.65064,1.65103,1.20,1.15
2014.02.19 14:36:58.028,1.65064,1.65103,1.15,1.00
2014.02.19 14:36:58.330,1.65072,1.65112,1.18,1.53
2014.02.19 14:36:58.645,1.65077,1.65112,1.00,1.53
2014.02.19 14:37:00.308,1.65077,1.65112,1.00,1.53
2014.02.19 14:37:00.359,1.65072,1.65112,1.18,1.65
2014.02.19 14:37:00.981,1.65072,1.65112,1.18,1.58
2014.02.19 14:37:02.312,1.65077,1.65114,1.10,1.45
2014.02.19 14:37:02.363,1.65077,1.65114,1.45,1.00
2014.02.19 14:37:02.968,1.65082,1.65113,1.10,1.00
2014.02.19 14:37:03.278,1.6508,1.65113,1.00,1.20
2014.02.19 14:37:03.379,1.6508,1.65113,1.00,1.48
2014.02.19 14:37:03.429,1.65076,1.65113,1.18,1.48
2014.02.19 14:37:03.530,1.65076,1.65113,1.18,1.20
2014.02.19 14:37:04.124,1.65076,1.65113,1.18,1.58
2014.02.19 14:37:04.174,1.65076,1.65113,1.18,1.85
2014.02.19 14:37:04.479,1.65077,1.65113,1.00,1.90
2014.02.19 14:37:04.695,1.65077,1.65108,1.00,1.00
2014.02.19 14:37:04.833,1.65073,1.65113,1.10,2.40
2014.02.19 14:37:05.368,1.65073,1.65113,1.10,2.40
2014.02.19 14:37:06.011,1.65073,1.65113,1.10,2.40
2014.02.19 14:37:06.373,1.65073,1.65104,1.00,1.00
2014.02.19 14:37:06.811,1.65073,1.65111,1.20,1.90
2014.02.19 14:37:06.912,1.65073,1.65113,1.20,2.40
2014.02.19 14:37:08.344,1.65073,1.65103,1.20,1.00
2014.02.19 14:37:09.683,1.65077,1.65103,1.00,1.00
2014.02.19 14:37:20.581,1.65077,1.65114,1.10,1.55
2014.02.19 14:37:21.790,1.65077,1.65104,1.10,1.00
2014.02.19 14:37:21.900,1.65077,1.65114,1.10,1.55
2014.02.19 14:37:22.244,1.65077,1.65104,1.10,1.00
2014.02.19 14:37:23.201,1.65072,1.65104,1.28,1.00
2014.02.19 14:37:28.821,1.65067,1.65104,1.53,1.00
2014.02.19 14:37:29.998,1.65067,1.65102,1.53,1.00
2014.02.19 14:37:30.302,1.65058,1.65094,1.45,1.10
2014.02.19 14:37:30.403,1.65058,1.65094,1.95,1.00
2014.02.19 14:37:34.360,1.6506,1.65094,1.53,1.00
2014.02.19 14:37:38.413,1.65063,1.65083,1.38,1.00
2014.02.19 14:37:38.464,1.65063,1.65083,1.38,1.00
2014.02.19 14:37:38.754,1.65059,1.65093,1.38,1.00
2014.02.19 14:37:38.978,1.65059,1.65093,1.38,1.00
2014.02.19 14:37:40.097,1.6506,1.65093,1.45,1.00
2014.02.19 14:37:47.862,1.65059,1.65101,1.53,1.53
2014.02.19 14:37:50.441,1.65066,1.65106,1.95,1.38
2014.02.19 14:37:50.705,1.65068,1.65103,1.53,1.00
2014.02.19 14:37:50.829,1.65068,1.6511,1.53,2.03
2014.02.19 14:37:52.380,1.65068,1.65103,1.53,1.00
2014.02.19 14:37:57.851,1.65071,1.65103,1.20,1.00
2014.02.19 14:37:57.901,1.65076,1.65107,1.15,1.00
2014.02.19 14:37:57.952,1.65076,1.65107,1.53,1.00
2014.02.19 14:37:58.053,1.65086,1.6511,1.00,1.38
2014.02.19 14:37:58.154,1.65076,1.65116,1.08,1.53
2014.02.19 14:37:58.205,1.65076,1.65116,1.00,1.53
2014.02.19 14:37:58.306,1.6507,1.6511,1.95,1.18
2014.02.19 14:37:58.508,1.6507,1.6511,1.13,1.15
2014.02.19 14:38:00.350,1.6507,1.6511,1.38,1.15
2014.02.19 14:38:00.614,1.65071,1.6511,1.53,1.00
2014.02.19 14:38:01.488,1.6507,1.6511,1.18,1.08
2014.02.19 14:38:01.538,1.6507,1.6511,1.10,1.15
2014.02.19 14:38:04.277,1.65065,1.65103,1.90,1.00
2014.02.19 14:38:04.580,1.65062,1.65103,1.55,1.15
2014.02.19 14:38:05.814,1.6506,1.65099,1.53,1.18
2014.02.19 14:38:05.965,1.65063,1.65103,1.53,1.20
2014.02.19 14:38:06.680,1.65066,1.65103,1.38,1.20
2014.02.19 14:38:06.809,1.65068,1.65103,1.38,1.20
2014.02.19 14:38:07.031,1.65068,1.65103,1.38,1.20
2014.02.19 14:38:09.199,1.65066,1.65103,1.38,1.20
2014.02.19 14:38:09.350,1.65066,1.65103,1.00,1.20
2014.02.19 14:38:09.401,1.65066,1.651,1.00,1.00
2014.02.19 14:38:09.603,1.65059,1.65095,1.20,1.18
2014.02.19 14:38:11.181,1.65059,1.65095,1.20,1.10
2014.02.19 14:38:13.800,1.65057,1.65095,1.58,1.20
2014.02.19 14:38:15.100,1.65058,1.65094,1.38,1.00
2014.02.19 14:38:15.201,1.65058,1.65093,1.13,1.38
2014.02.19 14:38:15.504,1.65051,1.65092,1.38,1.20
2014.02.19 14:38:19.372,1.6505,1.65092,1.48,1.95
2014.02.19 14:38:19.960,1.65048,1.65089,1.55,1.53
2014.02.19 14:38:20.912,1.65048,1.65089,1.55,1.53
2014.02.19 14:38:21.222,1.65047,1.65083,1.38,1.48
2014.02.19 14:38:21.324,1.65045,1.65083,1.58,1.95
2014.02.19 14:38:21.627,1.65038,1.6508,2.78,1.53
2014.02.19 14:38:21.728,1.65038,1.65079,1.38,1.88
2014.02.19 14:38:22.500,1.65035,1.65074,1.30,1.53
2014.02.19 14:38:23.190,1.65036,1.65076,1.30,1.53
2014.02.19 14:38:23.304,1.65036,1.65076,1.30,1.53
2014.02.19 14:38:23.905,1.65036,1.65076,1.30,1.53
2014.02.19 14:38:24.521,1.65036,1.65076,1.38,1.53
2014.02.19 14:38:24.840,1.65034,1.65074,1.58,1.53
2014.02.19 14:38:25.179,1.65033,1.65072,1.53,1.58
2014.02.19 14:38:25.432,1.65037,1.65072,1.53,1.00
2014.02.19 14:38:25.735,1.65039,1.65072,1.53,1.00
2014.02.19 14:38:26.152,1.65039,1.65072,1.53,1.00
2014.02.19 14:38:26.532,1.65039,1.65076,1.53,1.00
2014.02.19 14:38:26.591,1.65039,1.65076,1.53,1.00
2014.02.19 14:38:26.642,1.65042,1.6508,1.53,1.00
2014.02.19 14:38:27.173,1.65044,1.6508,1.53,1.00
2014.02.19 14:38:28.929,1.65047,1.65085,1.55,1.10
2014.02.19 14:38:34.039,1.65049,1.65085,1.20,1.00
2014.02.19 14:38:34.342,1.65052,1.6509,1.50,1.00
2014.02.19 14:38:34.919,1.65057,1.6509,1.53,1.00
2014.02.19 14:38:34.970,1.65057,1.65095,1.90,1.13
2014.02.19 14:38:35.021,1.65057,1.65095,2.33,1.13
2014.02.19 14:38:35.324,1.65071,1.65103,1.20,1.00
2014.02.19 14:38:35.425,1.65071,1.6511,1.20,1.38
2014.02.19 14:38:35.526,1.65071,1.6511,1.20,1.00
2014.02.19 14:38:35.922,1.65077,1.6511,1.45,1.00
2014.02.19 14:38:37.791,1.65078,1.6511,1.45,1.00
2014.02.19 14:38:40.097,1.65077,1.65118,1.88,1.53
2014.02.19 14:38:40.535,1.65077,1.65118,2.63,1.53
2014.02.19 14:38:40.829,1.65077,1.65118,1.88,1.53
2014.02.19 14:38:41.254,1.65077,1.65118,1.88,1.53
2014.02.19 14:38:41.891,1.65077,1.65118,2.70,1.38
2014.02.19 14:38:43.030,1.65077,1.65118,3.45,1.38
2014.02.19 14:38:43.333,1.65077,1.65118,3.45,1.38
2014.02.19 14:38:45.081,1.65081,1.65118,1.88,1.38
2014.02.19 14:38:45.132,1.65081,1.65121,3.38,1.38
2014.02.19 14:38:45.234,1.65087,1.65125,1.53,1.48
2014.02.19 14:38:45.336,1.65087,1.65125,1.53,1.13
2014.02.19 14:38:45.862,1.65088,1.65128,2.63,1.88
2014.02.19 14:38:48.403,1.65096,1.65133,1.53,1.38
2014.02.19 14:38:48.555,1.65096,1.65137,1.53,1.88
2014.02.19 14:38:51.514,1.651,1.65137,1.53,1.00
2014.02.19 14:38:51.816,1.65108,1.65143,1.53,1.38
2014.02.19 14:38:51.919,1.65108,1.65143,1.53,1.00
2014.02.19 14:38:52.153,1.65108,1.65143,2.63,1.38
2014.02.19 14:38:52.457,1.65108,1.65143,1.15,1.38
2014.02.19 14:38:52.558,1.65108,1.65147,1.58,1.00
2014.02.19 14:38:53.250,1.65108,1.65147,2.25,1.38
2014.02.19 14:38:54.902,1.6511,1.65148,1.28,1.00
2014.02.19 14:38:54.953,1.6511,1.65148,1.95,1.00
2014.02.19 14:38:56.120,1.65117,1.65155,1.15,1.38
2014.02.19 14:38:57.154,1.65114,1.65154,1.53,1.38
2014.02.19 14:38:58.690,1.65116,1.65153,1.20,1.38
2014.02.19 14:39:02.270,1.65114,1.65153,1.95,1.38
2014.02.19 14:39:02.371,1.65114,1.65152,1.15,1.50
2014.02.19 14:39:02.572,1.6511,1.65151,1.88,1.00
2014.02.19 14:39:03.274,1.6512,1.65155,1.18,1.88
2014.02.19 14:39:04.176,1.6512,1.65154,1.15,1.38
2014.02.19 14:39:04.755,1.6512,1.65155,1.15,1.88
2014.02.19 14:39:06.697,1.6512,1.65155,1.15,1.50
2014.02.19 14:39:13.958,1.6512,1.65153,1.15,1.00
2014.02.19 14:39:14.261,1.6512,1.65153,1.15,1.00
2014.02.19 14:39:14.413,1.6512,1.6515,1.00,1.00
2014.02.19 14:39:14.464,1.65114,1.6515,1.53,1.00
2014.02.19 14:39:14.565,1.65114,1.65151,2.63,1.00
2014.02.19 14:39:14.674,1.65114,1.65153,2.63,1.00
2014.02.19 14:39:15.294,1.65114,1.65148,2.63,1.00
2014.02.19 14:39:15.497,1.65113,1.65144,1.10,1.00
2014.02.19 14:39:15.750,1.65106,1.65134,1.95,1.00
2014.02.19 14:39:16.182,1.65106,1.65143,1.20,1.00
2014.02.19 14:39:16.679,1.65102,1.65143,1.20,1.00
2014.02.19 14:39:16.732,1.65101,1.65135,1.15,1.00
2014.02.19 14:39:16.935,1.65096,1.65135,1.15,1.00
2014.02.19 14:39:17.087,1.65096,1.65133,1.15,1.00
2014.02.19 14:39:17.390,1.65097,1.65133,1.50,1.38
2014.02.19 14:39:17.695,1.65097,1.65133,1.50,1.38
2014.02.19 14:39:17.954,1.65096,1.65131,1.15,1.38
2014.02.19 14:39:18.753,1.65096,1.65131,1.10,1.38
2014.02.19 14:39:19.238,1.65096,1.65124,1.10,1.00
2014.02.19 14:39:19.743,1.65089,1.65124,1.15,1.00
2014.02.19 14:39:19.996,1.65089,1.65124,1.00,1.10
2014.02.19 14:39:20.214,1.65089,1.65114,1.00,1.00
2014.02.19 14:39:20.626,1.65089,1.65114,1.15,1.00
2014.02.19 14:39:21.329,1.65089,1.65124,1.15,1.00
2014.02.19 14:39:21.380,1.65089,1.65122,1.15,1.00
2014.02.19 14:39:21.684,1.65089,1.65121,1.83,1.00
2014.02.19 14:39:21.735,1.65089,1.65121,1.15,1.00
2014.02.19 14:39:21.786,1.65089,1.65125,1.15,1.00
2014.02.19 14:39:22.320,1.65089,1.65124,1.15,1.00
2014.02.19 14:39:23.694,1.6509,1.65124,1.88,1.50
2014.02.19 14:39:23.997,1.65094,1.65126,1.15,1.00
2014.02.19 14:39:24.199,1.65095,1.65126,1.20,1.00
2014.02.19 14:39:24.526,1.651,1.65124,1.15,1.00
2014.02.19 14:39:25.325,1.651,1.65133,1.15,1.00
2014.02.19 14:39:26.573,1.651,1.6513,1.15,1.00
2014.02.19 14:39:26.957,1.65088,1.65123,1.38,1.10
2014.02.19 14:39:28.300,1.65088,1.6513,1.45,1.15
2014.02.19 14:39:28.600,1.65088,1.6513,1.55,1.18
2014.02.19 14:39:28.778,1.65088,1.6513,1.53,1.10
2014.02.19 14:39:29.597,1.65088,1.65124,1.53,1.00
2014.02.19 14:39:31.137,1.65088,1.6513,1.53,1.10
2014.02.19 14:39:33.447,1.65092,1.65124,1.48,1.00
2014.02.19 14:39:35.540,1.65092,1.6513,1.48,1.10
2014.02.19 14:39:36.887,1.6509,1.6513,1.53,1.10
2014.02.19 14:39:37.007,1.6509,1.6513,1.15,1.10
2014.02.19 14:39:37.058,1.65087,1.65124,2.78,1.00
2014.02.19 14:39:37.210,1.65087,1.65123,1.65,1.00
2014.02.19 14:39:37.260,1.65085,1.65122,1.20,1.15
2014.02.19 14:39:38.134,1.65082,1.65122,2.03,1.15
2014.02.19 14:39:40.631,1.65082,1.65122,2.03,1.15
2014.02.19 14:39:42.947,1.65082,1.65118,1.53,1.00
2014.02.19 14:39:44.448,1.65082,1.65113,1.53,1.00
2014.02.19 14:39:44.889,1.65082,1.65118,1.53,1.00
2014.02.19 14:39:45.415,1.65082,1.65118,1.38,1.08
2014.02.19 14:39:46.928,1.65082,1.65118,1.00,1.08
2014.02.19 14:39:47.498,1.65082,1.65109,1.00,1.00
2014.02.19 14:39:47.808,1.65072,1.65109,1.20,1.38
2014.02.19 14:39:47.918,1.65072,1.65109,1.20,1.00
2014.02.19 14:39:50.309,1.65077,1.65113,1.53,1.00
2014.02.19 14:40:02.288,1.65077,1.65115,1.53,1.00
2014.02.19 14:40:02.389,1.65077,1.65115,1.53,1.00
2014.02.19 14:40:03.061,1.65077,1.65116,1.53,1.00
2014.02.19 14:40:05.109,1.65077,1.65116,1.53,1.00
2014.02.19 14:40:06.818,1.65077,1.65114,1.53,1.00
2014.02.19 14:40:07.337,1.65077,1.65114,1.48,1.18
2014.02.19 14:40:09.050,1.65077,1.65114,1.53,1.00
2014.02.19 14:40:09.160,1.65077,1.65114,1.48,1.18
2014.02.19 14:40:09.931,1.65077,1.65114,1.53,1.00
2014.02.19 14:40:10.609,1.65077,1.65114,1.53,1.00
2014.02.19 14:40:11.547,1.65077,1.65116,1.53,1.00
2014.02.19 14:40:12.522,1.65077,1.65116,1.53,1.00
2014.02.19 14:40:13.055,1.65077,1.65118,2.03,1.18
2014.02.19 14:40:13.511,1.65077,1.65118,2.40,1.18
2014.02.19 14:40:15.269,1.65077,1.65118,3.15,1.18
2014.02.19 14:40:16.058,1.65077,1.65114,1.65,1.00
2014.02.19 14:40:16.955,1.65077,1.65118,1.65,1.65
2014.02.19 14:40:19.560,1.65079,1.65118,1.53,1.18
2014.02.19 14:40:21.624,1.65075,1.65116,2.33,1.00
2014.02.19 14:40:22.598,1.65075,1.65114,1.95,1.00
2014.02.19 14:40:23.659,1.65075,1.65113,2.33,1.00
2014.02.19 14:40:25.098,1.65075,1.65116,1.95,1.00
2014.02.19 14:40:28.096,1.65075,1.65116,1.90,1.18
2014.02.19 14:40:29.188,1.65075,1.65116,1.83,1.18
2014.02.19 14:40:32.684,1.65076,1.65112,1.45,1.08
2014.02.19 14:40:33.744,1.65076,1.65112,1.53,1.00
2014.02.19 14:40:35.229,1.65078,1.65114,1.45,1.10
2014.02.19 14:40:35.532,1.65085,1.65116,1.55,1.00
2014.02.19 14:40:35.633,1.65085,1.6512,1.53,1.00
2014.02.19 14:40:35.784,1.65085,1.6512,1.53,1.00
2014.02.19 14:40:42.623,1.65087,1.6512,1.53,1.00
2014.02.19 14:40:44.859,1.65087,1.65126,1.88,1.50
2014.02.19 14:40:45.597,1.65086,1.65126,2.03,1.00
2014.02.19 14:40:45.698,1.65089,1.6513,1.53,1.15
2014.02.19 14:40:45.749,1.65092,1.65134,1.45,1.15
2014.02.19 14:40:45.800,1.65092,1.65134,1.53,1.15
2014.02.19 14:40:45.851,1.65092,1.65134,1.53,1.15
2014.02.19 14:40:45.952,1.65092,1.65134,1.53,1.15
2014.02.19 14:40:47.851,1.65092,1.65134,1.45,1.95
2014.02.19 14:40:47.902,1.65092,1.65134,1.38,2.63
2014.02.19 14:40:48.054,1.65089,1.65129,1.38,1.15
2014.02.19 14:40:48.155,1.65089,1.65129,1.53,1.00
2014.02.19 14:40:48.689,1.65092,1.65133,1.95,1.50
2014.02.19 14:40:50.859,1.65092,1.65129,1.20,1.00
2014.02.19 14:40:50.961,1.6509,1.65129,1.53,1.13
2014.02.19 14:40:51.112,1.65087,1.65128,1.50,1.38
2014.02.19 14:40:51.213,1.65085,1.65128,1.95,1.45
2014.02.19 14:40:51.264,1.65085,1.65123,1.20,1.00
2014.02.19 14:40:51.416,1.65082,1.65123,2.03,1.00
2014.02.19 14:40:51.618,1.65083,1.65123,1.88,1.00
2014.02.19 14:40:51.669,1.65086,1.65127,1.15,1.88
2014.02.19 14:40:52.787,1.65083,1.65124,1.88,1.00
2014.02.19 14:40:52.939,1.65082,1.65124,1.65,1.28
2014.02.19 14:40:56.170,1.65083,1.65124,1.20,1.95
2014.02.19 14:40:56.439,1.65082,1.65124,1.53,1.95
2014.02.19 14:41:11.165,1.65086,1.65124,1.15,1.20
2014.02.19 14:41:12.141,1.65086,1.65124,1.15,1.50
2014.02.19 14:41:16.064,1.65086,1.65121,1.15,1.00
2014.02.19 14:41:18.338,1.65097,1.65121,1.00,1.00
2014.02.19 14:41:18.591,1.65097,1.65125,1.00,1.38
2014.02.19 14:41:20.098,1.65086,1.65125,1.50,1.38
2014.02.19 14:41:20.250,1.65096,1.65125,1.15,1.38
2014.02.19 14:41:20.351,1.65088,1.65125,1.20,1.38
2014.02.19 14:41:24.352,1.65088,1.65125,1.50,1.38
2014.02.19 14:41:24.403,1.65089,1.65125,1.50,1.38
2014.02.19 14:41:28.756,1.65085,1.65125,1.50,1.38
2014.02.19 14:41:29.674,1.65085,1.65123,1.50,1.00
2014.02.19 14:41:29.725,1.65084,1.65123,1.15,1.00
2014.02.19 14:41:31.067,1.65084,1.65125,1.15,1.38
2014.02.19 14:41:31.278,1.65085,1.65123,1.50,1.00
2014.02.19 14:41:31.916,1.65085,1.65125,1.50,1.38
2014.02.19 14:41:32.991,1.65086,1.65125,1.50,1.38
2014.02.19 14:41:33.299,1.65087,1.65125,1.50,1.38
2014.02.19 14:41:33.350,1.65087,1.65125,1.50,1.38
2014.02.19 14:41:35.784,1.65086,1.65125,1.15,1.38
2014.02.19 14:41:39.090,1.65084,1.65125,1.15,1.38
2014.02.19 14:41:39.545,1.65087,1.65125,1.50,1.38
2014.02.19 14:41:40.106,1.65096,1.65125,1.00,1.38
2014.02.19 14:41:40.157,1.65096,1.65125,1.00,1.38
2014.02.19 14:41:40.207,1.65096,1.65125,1.08,1.38
2014.02.19 14:41:40.409,1.65106,1.6513,1.00,1.00
2014.02.19 14:41:40.510,1.65106,1.65134,1.00,1.88
2014.02.19 14:41:40.662,1.65106,1.65133,1.08,1.38
2014.02.19 14:41:40.964,1.65117,1.65138,1.00,1.00
2014.02.19 14:41:41.116,1.65104,1.65144,2.63,2.25
2014.02.19 14:41:41.217,1.65104,1.65141,2.25,1.00
2014.02.19 14:41:44.477,1.65104,1.65143,1.83,1.38
2014.02.19 14:41:44.528,1.65104,1.65144,1.15,1.38
2014.02.19 14:41:45.149,1.65104,1.65144,1.15,1.38
2014.02.19 14:41:46.546,1.65104,1.65144,1.83,1.38
2014.02.19 14:41:49.397,1.65117,1.65146,1.00,1.38
2014.02.19 14:41:49.806,1.65116,1.6515,1.15,1.88
2014.02.19 14:41:50.197,1.65116,1.6515,1.53,1.38
2014.02.19 14:41:50.450,1.6512,1.65155,1.95,1.50
2014.02.19 14:41:51.354,1.65121,1.65154,1.20,1.00
2014.02.19 14:41:53.741,1.6512,1.65155,2.25,1.13
2014.02.19 14:41:54.209,1.6512,1.65161,2.63,1.00
2014.02.19 14:41:54.406,1.6512,1.65161,1.28,1.10
2014.02.19 14:41:58.450,1.65121,1.65162,1.20,1.88
2014.02.19 14:42:04.272,1.6512,1.65161,1.95,1.13
2014.02.19 14:42:04.474,1.6512,1.65161,1.15,1.38
2014.02.19 14:42:04.833,1.65119,1.65158,1.20,1.38
2014.02.19 14:42:05.487,1.65127,1.65162,1.53,1.88
2014.02.19 14:42:05.908,1.65116,1.65156,1.15,1.38
2014.02.19 14:42:10.514,1.65116,1.65157,1.83,1.38
2014.02.19 14:42:10.766,1.65118,1.65157,1.50,1.38
2014.02.19 14:42:10.918,1.65121,1.65157,1.15,1.00
2014.02.19 14:42:11.019,1.65121,1.65157,1.83,1.00
2014.02.19 14:42:11.175,1.65125,1.65163,1.15,1.38
2014.02.19 14:42:11.580,1.65125,1.65163,1.83,1.38
2014.02.19 14:42:12.153,1.65126,1.65163,1.50,1.38
2014.02.19 14:42:16.609,1.65125,1.65163,1.83,1.38
2014.02.19 14:42:16.660,1.65125,1.65163,1.15,1.38
2014.02.19 14:42:17.246,1.65125,1.65163,1.15,1.38
2014.02.19 14:42:22.675,1.65121,1.6516,1.15,1.38
2014.02.19 14:42:23.118,1.65121,1.6516,1.15,1.38
2014.02.19 14:42:23.685,1.65121,1.6516,1.58,1.38
2014.02.19 14:42:24.216,1.65121,1.6516,1.58,1.38
2014.02.19 14:42:24.317,1.65116,1.65158,2.33,1.38
2014.02.19 14:42:26.178,1.65116,1.65158,1.15,1.53
2014.02.19 14:42:27.342,1.65122,1.65157,1.18,1.13
2014.02.19 14:42:27.645,1.65115,1.65154,1.50,1.13
2014.02.19 14:42:27.696,1.65113,1.65154,2.63,1.13
2014.02.19 14:42:28.464,1.65113,1.65154,1.15,1.28
2014.02.19 14:42:28.565,1.65113,1.65152,1.95,1.00
2014.02.19 14:42:28.767,1.65113,1.65152,1.28,1.00
2014.02.19 14:42:34.560,1.65114,1.65152,1.53,1.00
2014.02.19 14:42:35.358,1.65114,1.65152,1.53,1.00
2014.02.19 14:42:38.673,1.65114,1.65152,1.53,1.00
2014.02.19 14:42:44.566,1.65116,1.65156,1.53,1.10
2014.02.19 14:42:45.071,1.65119,1.65155,1.08,1.00
2014.02.19 14:42:45.693,1.65118,1.65159,1.18,1.15
2014.02.19 14:42:52.542,1.65119,1.65158,1.15,1.00
2014.02.19 14:42:52.844,1.65137,1.65159,1.00,1.00
2014.02.19 14:42:53.651,1.65137,1.65162,1.00,1.38
2014.02.19 14:42:55.436,1.65127,1.65162,1.15,1.38
2014.02.19 14:42:55.486,1.65127,1.65162,1.15,1.38
2014.02.19 14:42:55.638,1.65125,1.65162,1.10,1.55
2014.02.19 14:42:56.144,1.65122,1.65159,1.15,1.38
2014.02.19 14:43:00.938,1.65118,1.65159,1.15,1.53
2014.02.19 14:43:01.192,1.65116,1.65155,1.10,1.53
2014.02.19 14:43:03.565,1.65112,1.65144,1.53,1.00
2014.02.19 14:43:03.679,1.65112,1.65144,1.38,1.00
2014.02.19 14:43:03.932,1.65108,1.65144,1.53,1.38
2014.02.19 14:43:05.478,1.65108,1.65144,1.48,1.08
2014.02.19 14:43:06.573,1.65108,1.65144,1.48,1.08
2014.02.19 14:43:07.094,1.65104,1.65144,1.53,1.08
2014.02.19 14:43:09.800,1.65101,1.65141,1.88,1.08
2014.02.19 14:43:09.953,1.65096,1.65138,3.90,1.53
2014.02.19 14:43:10.004,1.65096,1.65138,3.83,1.95
2014.02.19 14:43:10.206,1.65096,1.65133,1.00,1.55
2014.02.19 14:43:15.534,1.65096,1.65138,1.08,2.03
2014.02.19 14:43:20.962,1.65096,1.65138,1.08,2.03
2014.02.19 14:43:21.014,1.65096,1.65138,1.00,2.03
2014.02.19 14:43:35.427,1.6509,1.65133,1.15,2.03
2014.02.19 14:43:40.856,1.6509,1.65124,1.15,1.00
2014.02.19 14:43:40.991,1.6509,1.65124,1.15,1.00
2014.02.19 14:43:41.442,1.6509,1.65124,1.15,1.38
2014.02.19 14:43:41.544,1.65087,1.65124,1.28,1.38
2014.02.19 14:43:43.674,1.65087,1.65124,1.28,1.38
2014.02.19 14:43:47.825,1.65087,1.65124,1.18,1.38
2014.02.19 14:43:48.403,1.65087,1.65124,1.15,1.38
2014.02.19 14:43:50.095,1.65085,1.65124,1.50,1.88
2014.02.19 14:43:50.146,1.65085,1.65119,1.00,2.03
2014.02.19 14:43:50.197,1.65077,1.65119,2.33,2.70
2014.02.19 14:43:50.735,1.65069,1.65111,1.90,1.20
2014.02.19 14:43:51.122,1.65069,1.65111,1.90,1.20
2014.02.19 14:43:54.386,1.65077,1.65111,1.00,1.20
2014.02.19 14:43:55.962,1.65077,1.65109,1.00,1.00
2014.02.19 14:43:57.244,1.65069,1.65109,1.53,1.00
2014.02.19 14:43:57.496,1.65069,1.65109,2.03,1.08
2014.02.19 14:43:57.547,1.65069,1.65109,2.03,1.15
2014.02.19 14:43:57.698,1.65069,1.65109,1.53,1.08
2014.02.19 14:43:57.749,1.65069,1.65109,1.53,1.00
2014.02.19 14:44:00.383,1.65069,1.65109,1.55,1.08
2014.02.19 14:44:00.463,1.65069,1.65109,1.55,1.15
2014.02.19 14:44:06.411,1.65067,1.65109,1.53,1.08
2014.02.19 14:44:07.082,1.65067,1.65109,1.53,1.00
2014.02.19 14:44:07.513,1.65067,1.65107,1.53,1.00
2014.02.19 14:44:07.772,1.65067,1.65107,1.53,1.18
2014.02.19 14:44:08.185,1.65064,1.65104,2.03,1.18
2014.02.19 14:44:08.337,1.65059,1.65098,1.55,1.65
2014.02.19 14:44:08.441,1.65059,1.65098,1.18,2.03
2014.02.19 14:44:08.543,1.65053,1.65092,2.03,1.28
2014.02.19 14:44:08.644,1.65059,1.65092,1.15,1.00
2014.02.19 14:44:08.947,1.65059,1.65098,1.95,1.38
2014.02.19 14:44:11.290,1.65061,1.65102,2.03,1.18
2014.02.19 14:44:11.341,1.65066,1.65102,1.15,1.00
2014.02.19 14:44:16.073,1.65064,1.65101,1.20,1.00
2014.02.19 14:44:16.376,1.65071,1.65108,1.15,1.00
2014.02.19 14:44:17.104,1.65072,1.65108,1.20,1.00
2014.02.19 14:44:17.205,1.65074,1.65113,2.25,1.13
2014.02.19 14:44:17.256,1.65074,1.65113,2.25,1.38
2014.02.19 14:44:17.676,1.65074,1.65112,1.50,1.38
2014.02.19 14:44:18.182,1.65074,1.65112,1.50,1.38
2014.02.19 14:44:18.604,1.65074,1.65112,1.50,1.38
2014.02.19 14:44:18.705,1.65079,1.65115,2.25,1.38
2014.02.19 14:44:19.467,1.65079,1.65119,2.25,1.38
2014.02.19 14:44:19.976,1.65087,1.65119,1.00,1.38
2014.02.19 14:44:20.135,1.65087,1.65119,1.00,1.38
2014.02.19 14:44:20.994,1.65079,1.65119,2.63,1.38
2014.02.19 14:44:22.289,1.65084,1.65119,1.50,1.38
2014.02.19 14:44:22.703,1.65082,1.65119,1.20,1.38
2014.02.19 14:44:23.057,1.65081,1.65119,1.15,1.38
2014.02.19 14:44:25.198,1.65081,1.65119,1.15,1.38
2014.02.19 14:44:27.402,1.65081,1.6512,1.65,1.38
2014.02.19 14:44:28.515,1.65081,1.6512,1.15,1.38
2014.02.19 14:44:29.969,1.65078,1.65111,1.08,1.00
2014.02.19 14:44:30.019,1.65077,1.65111,1.15,1.00
2014.02.19 14:44:30.171,1.65073,1.6511,1.20,1.38
2014.02.19 14:44:30.222,1.65072,1.6511,1.65,1.38
2014.02.19 14:44:30.424,1.65072,1.65103,1.28,1.38
2014.02.19 14:44:30.726,1.65067,1.65103,1.53,1.38
2014.02.19 14:44:31.054,1.65067,1.65101,2.40,1.38
2014.02.19 14:44:31.106,1.65077,1.65101,1.00,1.38
2014.02.19 14:44:31.207,1.65077,1.65101,1.00,1.38
2014.02.19 14:44:32.401,1.65077,1.65101,1.00,1.38
2014.02.19 14:44:32.904,1.65077,1.65101,1.00,1.38
2014.02.19 14:44:35.795,1.65077,1.65101,1.00,1.38
2014.02.19 14:44:36.352,1.65077,1.65101,1.00,1.38
2014.02.19 14:44:37.074,1.65077,1.65101,1.00,1.38
2014.02.19 14:44:41.437,1.65077,1.65099,1.00,1.38
2014.02.19 14:44:42.774,1.65077,1.65099,1.00,1.98
2014.02.19 14:44:42.976,1.65067,1.65095,1.00,1.73
2014.02.19 14:44:43.747,1.65067,1.65095,1.00,1.73
2014.02.19 14:44:44.941,1.65068,1.65101,1.00,1.53
2014.02.19 14:44:44.992,1.65068,1.65101,1.00,1.55
2014.02.19 14:44:45.093,1.65076,1.65097,1.00,1.38
2014.02.19 14:44:45.194,1.65076,1.65103,1.00,1.38
2014.02.19 14:44:45.396,1.65076,1.65106,1.00,1.00
2014.02.19 14:44:45.447,1.65076,1.65109,1.00,1.28
2014.02.19 14:44:45.990,1.65076,1.65109,1.10,1.00
2014.02.19 14:44:46.136,1.65076,1.65111,1.10,1.13
2014.02.19 14:44:47.470,1.65073,1.65111,1.00,1.00
2014.02.19 14:44:47.521,1.65073,1.65111,1.00,1.58
2014.02.19 14:44:47.572,1.65068,1.6511,1.15,1.38
2014.02.19 14:44:47.623,1.65076,1.6511,1.00,1.38
2014.02.19 14:44:47.724,1.65076,1.65111,1.00,1.38
2014.02.19 14:44:47.826,1.65076,1.65111,1.10,1.38
2014.02.19 14:44:47.927,1.65072,1.65113,1.28,1.38
2014.02.19 14:44:48.028,1.65072,1.65113,1.13,1.53
2014.02.19 14:44:48.803,1.65072,1.6511,1.38,1.48
2014.02.19 14:44:49.990,1.65075,1.6511,1.00,1.48
2014.02.19 14:44:50.313,1.65077,1.6511,1.88,1.00
2014.02.19 14:44:50.364,1.65077,1.6511,1.50,1.38
2014.02.19 14:44:50.466,1.65069,1.6511,1.53,1.88
2014.02.19 14:44:50.769,1.65068,1.6511,1.53,2.03
2014.02.19 14:44:51.120,1.65068,1.6511,1.55,2.03
2014.02.19 14:44:52.342,1.65068,1.6511,1.55,2.03
2014.02.19 14:44:52.957,1.65068,1.65105,1.53,1.00
2014.02.19 14:44:53.517,1.65067,1.65105,1.00,1.18
2014.02.19 14:44:54.119,1.65067,1.65105,1.08,1.08
2014.02.19 14:44:55.106,1.65067,1.65105,1.15,1.00
2014.02.19 14:44:55.440,1.65072,1.65106,1.15,1.13
2014.02.19 14:44:55.799,1.65067,1.65106,1.15,1.00
2014.02.19 14:44:57.109,1.65067,1.65106,1.18,1.18
2014.02.19 14:44:57.414,1.65067,1.65106,1.18,1.55
2014.02.19 14:44:57.866,1.65067,1.65106,1.00,1.95
2014.02.19 14:44:59.285,1.65067,1.651,1.00,1.10
2014.02.19 14:45:02.931,1.65061,1.651,1.53,1.00
2014.02.19 14:45:03.758,1.65067,1.651,1.15,1.00
2014.02.19 14:45:03.910,1.65067,1.65104,1.53,1.00
2014.02.19 14:45:06.255,1.65067,1.65104,1.45,1.08
2014.02.19 14:45:06.766,1.65067,1.65104,1.38,1.15
2014.02.19 14:45:12.434,1.65067,1.65108,1.53,2.03
2014.02.19 14:45:13.005,1.65067,1.65104,1.53,1.00
2014.02.19 14:45:13.106,1.65067,1.65104,1.53,1.00
2014.02.19 14:45:13.157,1.65067,1.65108,1.53,2.03
2014.02.19 14:45:13.916,1.65067,1.65108,1.38,2.03
2014.02.19 14:45:15.233,1.65067,1.65102,1.38,1.00
2014.02.19 14:45:22.268,1.65065,1.65102,1.45,1.08
2014.02.19 14:45:22.912,1.65065,1.65102,1.38,1.15
2014.02.19 14:45:26.174,1.65065,1.65102,1.48,1.18
2014.02.19 14:45:28.924,1.65066,1.65102,1.38,1.18
2014.02.19 14:45:29.025,1.65066,1.65102,1.53,1.00
2014.02.19 14:45:29.704,1.65066,1.65102,1.53,1.00
2014.02.19 14:45:30.223,1.65066,1.65102,1.53,1.00
2014.02.19 14:45:30.790,1.65066,1.65102,1.53,1.00
2014.02.19 14:45:32.404,1.65067,1.65102,1.55,1.00
2014.02.19 14:45:36.189,1.65067,1.65102,1.38,1.15
2014.02.19 14:45:36.290,1.65067,1.65102,1.38,1.00
2014.02.19 14:45:37.056,1.65069,1.65102,1.20,1.00
2014.02.19 14:45:37.107,1.65069,1.6511,1.28,1.28
2014.02.19 14:45:38.993,1.65065,1.65108,1.95,1.28
2014.02.19 14:45:39.044,1.65065,1.65108,1.28,1.28
2014.02.19 14:45:40.399,1.65065,1.65108,1.20,1.95
2014.02.19 14:45:40.560,1.65065,1.65108,1.28,1.28
2014.02.19 14:45:42.454,1.65066,1.65103,1.08,1.18
2014.02.19 14:45:42.555,1.65062,1.65103,1.28,1.15
2014.02.19 14:45:43.154,1.65061,1.65103,1.53,1.15
2014.02.19 14:45:48.774,1.65061,1.65103,1.53,1.15
2014.02.19 14:45:50.363,1.65066,1.65104,1.00,1.65
2014.02.19 14:45:50.413,1.65066,1.65104,1.10,1.65
2014.02.19 14:46:02.156,1.65061,1.65101,1.53,1.00
2014.02.19 14:46:02.263,1.65061,1.65101,1.55,1.18
2014.02.19 14:46:04.954,1.65061,1.65101,1.53,1.08
2014.02.19 14:46:05.055,1.65065,1.65102,1.15,1.00
2014.02.19 14:46:05.636,1.65065,1.65103,1.15,1.00
2014.02.19 14:46:06.685,1.65065,1.65104,1.15,1.20
2014.02.19 14:46:08.547,1.65061,1.65103,1.53,1.00
2014.02.19 14:46:13.263,1.65065,1.65104,1.28,1.28
2014.02.19 14:46:14.233,1.65065,1.65104,1.28,1.20
2014.02.19 14:46:14.851,1.65065,1.65106,1.53,1.48
2014.02.19 14:46:14.953,1.65065,1.65106,1.53,1.10
2014.02.19 14:46:16.403,1.65066,1.65106,1.95,1.00
2014.02.19 14:46:16.706,1.6507,1.65109,1.50,1.75
2014.02.19 14:46:16.757,1.65068,1.65109,1.65,1.75
2014.02.19 14:46:17.267,1.6507,1.65109,1.15,1.50
2014.02.19 14:46:21.693,1.6507,1.65111,1.15,1.75
2014.02.19 14:46:29.997,1.6507,1.65111,1.20,2.03
2014.02.19 14:46:30.854,1.65069,1.65111,1.15,2.78
2014.02.19 14:46:36.494,1.65069,1.65105,1.15,1.00
2014.02.19 14:46:36.646,1.65065,1.65104,1.15,1.08
2014.02.19 14:46:38.739,1.65065,1.65104,1.15,1.95
2014.02.19 14:46:38.841,1.65065,1.65104,1.00,2.40
2014.02.19 14:46:38.891,1.6506,1.65093,1.45,1.00
2014.02.19 14:46:39.417,1.6506,1.65093,1.53,1.38
2014.02.19 14:46:40.014,1.65056,1.65093,1.53,1.38
2014.02.19 14:46:40.543,1.65056,1.65093,1.53,1.38
2014.02.19 14:46:40.863,1.65056,1.65093,1.53,1.38
2014.02.19 14:46:41.368,1.65052,1.65093,1.38,3.53
2014.02.19 14:46:41.966,1.65052,1.65088,1.53,1.13
2014.02.19 14:46:42.195,1.65052,1.65092,1.38,1.95
2014.02.19 14:46:42.802,1.65052,1.65092,1.38,1.95
2014.02.19 14:46:42.961,1.65052,1.65092,1.58,1.53
2014.02.19 14:46:53.198,1.6505,1.6509,1.38,1.20
2014.02.19 14:46:53.505,1.65047,1.65084,1.38,1.15
2014.02.19 14:46:54.465,1.65047,1.65088,1.53,2.03
2014.02.19 14:46:55.011,1.65047,1.65088,1.53,1.88
2014.02.19 14:46:57.254,1.65052,1.65087,1.48,1.00
2014.02.19 14:46:58.102,1.65048,1.65088,1.53,1.88
2014.02.19 14:47:04.123,1.65048,1.65084,1.48,1.10
2014.02.19 14:47:06.679,1.65048,1.65084,1.48,1.18
2014.02.19 14:47:07.224,1.65047,1.65082,1.38,1.15
2014.02.19 14:47:11.531,1.65047,1.65082,1.38,1.15
2014.02.19 14:47:11.633,1.65043,1.65082,2.03,1.53
2014.02.19 14:47:11.684,1.65043,1.65082,1.95,1.53
2014.02.19 14:47:11.887,1.6504,1.6508,1.38,1.88
2014.02.19 14:47:12.571,1.65036,1.65078,1.38,1.53
2014.02.19 14:47:13.118,1.65038,1.65076,1.38,1.15
2014.02.19 14:47:14.157,1.65036,1.65078,1.38,2.03
2014.02.19 14:47:17.522,1.65036,1.65078,1.38,1.53
2014.02.19 14:47:19.605,1.65036,1.65078,1.53,1.53
2014.02.19 14:47:26.695,1.65037,1.65073,1.53,1.38
2014.02.19 14:47:30.833,1.65036,1.65064,1.95,1.00
2014.02.19 14:47:31.647,1.65032,1.65064,1.20,1.00
2014.02.19 14:47:32.422,1.65032,1.65064,1.20,1.00
2014.02.19 14:47:33.172,1.65032,1.65064,1.20,1.00
2014.02.19 14:47:35.043,1.65031,1.65064,1.55,1.00
2014.02.19 14:47:35.194,1.65031,1.65064,1.48,1.38
2014.02.19 14:47:35.245,1.65031,1.65053,1.38,1.00
2014.02.19 14:47:35.296,1.65031,1.65053,1.38,1.00
2014.02.19 14:47:35.603,1.65031,1.65064,1.38,1.53
2014.02.19 14:47:35.805,1.65028,1.65064,1.38,1.53
2014.02.19 14:47:36.001,1.65028,1.65054,1.38,1.00
2014.02.19 14:47:42.058,1.65023,1.65044,1.68,1.00
2014.02.19 14:47:42.457,1.65023,1.65044,1.68,1.00
2014.02.19 14:47:42.821,1.65023,1.65054,1.68,1.00
2014.02.19 14:47:43.040,1.65023,1.65044,1.68,1.00
2014.02.19 14:47:46.341,1.65023,1.65053,1.68,1.00
2014.02.19 14:47:46.410,1.65023,1.65053,1.68,1.00
2014.02.19 14:47:49.524,1.65023,1.65053,1.68,1.00
2014.02.19 14:47:49.625,1.65022,1.65053,1.75,1.00
2014.02.19 14:47:50.731,1.65022,1.65053,1.38,1.00
2014.02.19 14:47:56.531,1.65022,1.65053,1.38,1.00
2014.02.19 14:47:59.132,1.65022,1.65053,1.38,1.00
2014.02.19 14:48:02.761,1.65022,1.65053,1.38,1.00
2014.02.19 14:48:03.531,1.65022,1.65053,1.38,1.00
2014.02.19 14:48:04.702,1.65027,1.65063,1.38,2.03
2014.02.19 14:48:04.853,1.65027,1.65063,1.88,1.65
2014.02.19 14:48:05.156,1.65037,1.65068,1.38,1.00
2014.02.19 14:48:05.722,1.65037,1.6507,1.38,1.15
2014.02.19 14:48:06.391,1.65037,1.6507,1.38,1.15
2014.02.19 14:48:07.350,1.65037,1.6507,1.38,1.15
2014.02.19 14:48:07.760,1.65037,1.65066,1.38,1.00
2014.02.19 14:48:08.090,1.65028,1.65064,1.88,1.15
2014.02.19 14:48:08.734,1.65026,1.65062,2.48,1.15
2014.02.19 14:48:09.941,1.65026,1.65059,1.38,1.15
2014.02.19 14:48:10.251,1.65026,1.65059,1.38,1.58
2014.02.19 14:48:11.045,1.65026,1.65059,1.38,1.58
2014.02.19 14:48:11.440,1.65026,1.65059,1.38,1.15
2014.02.19 14:48:11.742,1.65026,1.65059,1.38,1.53
2014.02.19 14:48:12.841,1.65022,1.65054,1.50,1.88
2014.02.19 14:48:13.153,1.65019,1.65054,1.38,2.03
2014.02.19 14:48:13.584,1.65018,1.65054,1.38,2.70
2014.02.19 14:48:15.360,1.65016,1.65054,3.23,2.33
2014.02.19 14:48:15.461,1.65024,1.65054,1.38,1.00
2014.02.19 14:48:15.512,1.65027,1.65056,1.38,1.18
2014.02.19 14:48:15.613,1.65027,1.65056,1.00,1.15
2014.02.19 14:48:16.340,1.65021,1.65044,1.38,1.00
2014.02.19 14:48:17.453,1.65021,1.65053,1.38,1.15
2014.02.19 14:48:17.706,1.65021,1.65053,1.38,1.15
2014.02.19 14:48:18.139,1.65024,1.65053,1.38,1.00
2014.02.19 14:48:18.240,1.65025,1.65053,2.48,1.00
2014.02.19 14:48:18.558,1.65027,1.65061,2.48,1.15
2014.02.19 14:48:20.308,1.65027,1.65061,2.48,1.15
2014.02.19 14:48:22.488,1.65037,1.65061,1.38,1.00
2014.02.19 14:48:23.073,1.65037,1.65068,1.38,1.48
2014.02.19 14:48:25.412,1.65046,1.65068,1.13,1.00
2014.02.19 14:48:25.463,1.65046,1.6507,1.13,1.00
2014.02.19 14:48:25.514,1.65046,1.65074,1.38,1.00
2014.02.19 14:48:25.615,1.65046,1.65074,1.38,1.00
2014.02.19 14:48:25.666,1.65046,1.65077,1.38,1.38
2014.02.19 14:48:25.716,1.65046,1.65078,1.38,1.00
2014.02.19 14:48:25.956,1.65046,1.65078,1.38,1.00
2014.02.19 14:48:26.089,1.65042,1.65073,1.13,1.00
2014.02.19 14:48:26.836,1.65046,1.65078,1.38,1.15
2014.02.19 14:48:26.937,1.65046,1.65078,1.38,1.00
2014.02.19 14:48:27.089,1.65044,1.65073,1.38,1.00
2014.02.19 14:48:27.376,1.65047,1.65078,1.38,1.00
2014.02.19 14:48:27.438,1.65047,1.65081,1.38,1.00
2014.02.19 14:48:27.489,1.65047,1.65081,1.38,1.00
2014.02.19 14:48:29.541,1.65047,1.65083,1.38,1.50
2014.02.19 14:48:30.042,1.65047,1.65083,1.38,1.88
2014.02.19 14:48:31.496,1.65047,1.65083,1.38,1.88
2014.02.19 14:48:33.329,1.65056,1.65083,1.00,1.38
2014.02.19 14:48:33.682,1.65047,1.65083,1.38,1.00
2014.02.19 14:48:34.117,1.65047,1.65085,1.53,1.00
2014.02.19 14:48:35.151,1.65047,1.65089,1.53,2.03
2014.02.19 14:48:41.961,1.65048,1.65086,1.58,1.58
2014.02.19 14:48:42.062,1.65048,1.65083,1.38,1.28
2014.02.19 14:48:42.723,1.65046,1.65081,1.38,1.15
2014.02.19 14:48:42.824,1.65041,1.65077,1.38,1.58
2014.02.19 14:48:43.367,1.65037,1.65073,1.48,1.20
2014.02.19 14:48:43.418,1.65037,1.6507,1.48,1.00
2014.02.19 14:48:43.570,1.65037,1.6507,1.38,1.55
2014.02.19 14:48:43.641,1.65037,1.6507,1.38,1.55
2014.02.19 14:48:43.842,1.65031,1.65065,1.58,1.00
2014.02.19 14:48:44.364,1.65029,1.65065,1.48,1.18
2014.02.19 14:48:47.162,1.6503,1.65064,1.38,1.10
2014.02.19 14:48:47.560,1.65032,1.65064,1.38,1.10
2014.02.19 14:48:47.624,1.65032,1.65065,1.38,1.18
2014.02.19 14:48:50.944,1.65032,1.65065,1.88,1.18
2014.02.19 14:48:51.911,1.65034,1.65068,1.38,1.65
2014.02.19 14:48:52.113,1.65037,1.65068,1.88,1.50
2014.02.19 14:48:52.899,1.6504,1.65068,1.38,1.00
2014.02.19 14:48:55.019,1.65038,1.65068,1.38,1.00
2014.02.19 14:48:55.382,1.65035,1.65068,1.38,1.13
2014.02.19 14:48:59.346,1.65035,1.65068,1.38,1.00
2014.02.19 14:48:59.649,1.65038,1.65068,1.38,1.00
2014.02.19 14:49:00.070,1.65038,1.65068,1.38,1.00
2014.02.19 14:49:00.423,1.65037,1.65068,1.38,1.00
2014.02.19 14:49:00.524,1.65034,1.65068,1.38,1.00
2014.02.19 14:49:01.171,1.65034,1.65068,1.38,1.00
2014.02.19 14:49:02.839,1.65034,1.65068,1.38,1.08
2014.02.19 14:49:03.148,1.65034,1.65068,1.38,1.15
2014.02.19 14:49:03.597,1.65031,1.65068,1.38,1.53
2014.02.19 14:49:03.961,1.65031,1.65067,1.38,1.53
2014.02.19 14:49:06.377,1.65033,1.65067,1.38,1.20
2014.02.19 14:49:06.911,1.65035,1.65068,1.38,1.15
2014.02.19 14:49:07.792,1.65035,1.65063,1.38,1.00
2014.02.19 14:49:10.319,1.65035,1.65068,1.38,1.15
2014.02.19 14:49:10.890,1.65035,1.65071,1.38,1.28
2014.02.19 14:49:11.571,1.65042,1.65073,1.45,1.38
2014.02.19 14:49:12.133,1.65042,1.65073,1.45,1.38
2014.02.19 14:49:14.090,1.65042,1.65073,1.45,1.13
2014.02.19 14:49:14.996,1.65042,1.65073,1.45,1.00
2014.02.19 14:49:17.173,1.65042,1.65073,1.45,1.13
2014.02.19 14:49:20.899,1.65047,1.65073,1.00,1.13
2014.02.19 14:49:24.810,1.65047,1.65073,1.00,1.38
2014.02.19 14:49:25.231,1.65047,1.65073,1.00,1.38
2014.02.19 14:49:26.818,1.65037,1.65073,2.03,1.38
2014.02.19 14:49:28.470,1.65046,1.65073,1.00,1.38
2014.02.19 14:49:29.088,1.65046,1.65073,1.00,1.38
2014.02.19 14:49:36.078,1.65037,1.65077,2.03,1.38
2014.02.19 14:49:36.321,1.65037,1.65077,2.03,1.38
2014.02.19 14:49:42.429,1.65037,1.65074,1.53,1.38
2014.02.19 14:49:42.980,1.65037,1.65073,1.53,1.38
2014.02.19 14:49:43.081,1.65037,1.65073,1.53,1.38
2014.02.19 14:49:43.132,1.65037,1.65073,1.53,1.38
2014.02.19 14:49:43.330,1.65037,1.65073,1.53,1.38
2014.02.19 14:49:43.766,1.65037,1.65073,1.53,1.38
2014.02.19 14:49:43.969,1.65037,1.65073,1.53,1.38
2014.02.19 14:49:44.022,1.65037,1.65073,1.53,1.38
2014.02.19 14:49:45.400,1.65037,1.65073,1.53,1.38
2014.02.19 14:49:47.094,1.65037,1.65073,1.53,1.38
2014.02.19 14:49:52.150,1.65037,1.65073,1.53,1.38
2014.02.19 14:49:58.921,1.65037,1.65077,1.53,1.48
2014.02.19 14:49:59.480,1.65037,1.65077,1.95,1.38
2014.02.19 14:50:00.590,1.65037,1.65077,1.90,1.80
2014.02.19 14:50:00.909,1.65031,1.65071,1.58,1.53
2014.02.19 14:50:00.961,1.65029,1.65068,1.53,1.48
2014.02.19 14:50:01.740,1.65029,1.65068,1.53,1.48
2014.02.19 14:50:02.043,1.65035,1.65064,1.50,1.00
2014.02.19 14:50:02.194,1.65037,1.65075,1.75,1.15
2014.02.19 14:50:02.346,1.65043,1.65075,1.53,1.00
2014.02.19 14:50:02.397,1.65043,1.65082,1.53,1.10
2014.02.19 14:50:02.499,1.65043,1.65082,1.53,1.10
2014.02.19 14:50:03.647,1.65046,1.65085,1.48,1.15
2014.02.19 14:50:06.354,1.65049,1.65083,1.48,1.10
2014.02.19 14:50:06.710,1.65049,1.65083,1.48,1.00
2014.02.19 14:50:07.578,1.65049,1.65083,1.48,1.00
2014.02.19 14:50:08.684,1.65049,1.65083,1.53,1.00
2014.02.19 14:50:10.149,1.65049,1.65073,1.53,1.00
2014.02.19 14:50:10.324,1.65041,1.65073,1.53,1.00
2014.02.19 14:50:10.727,1.65041,1.65073,1.90,1.00
2014.02.19 14:50:11.324,1.65041,1.65082,1.53,1.55
2014.02.19 14:50:12.100,1.65041,1.65082,1.90,1.55
2014.02.19 14:50:12.808,1.65044,1.65083,1.90,1.38
2014.02.19 14:50:18.369,1.65045,1.65084,1.58,1.38
2014.02.19 14:50:23.773,1.65051,1.6509,1.20,1.48
2014.02.19 14:50:23.924,1.65051,1.65084,1.58,1.00
2014.02.19 14:50:24.075,1.65064,1.65092,1.00,1.38
2014.02.19 14:50:24.126,1.65057,1.65092,1.93,1.00
2014.02.19 14:50:24.227,1.65057,1.65097,1.55,1.28
2014.02.19 14:50:25.029,1.65057,1.65097,2.33,1.13
2014.02.19 14:50:36.830,1.65077,1.65098,1.00,1.38
2014.02.19 14:50:37.961,1.65066,1.65098,1.50,1.38
2014.02.19 14:50:38.012,1.65066,1.65098,1.50,1.38
2014.02.19 14:50:39.879,1.65066,1.65098,1.38,1.38
2014.02.19 14:50:42.082,1.65066,1.65099,1.38,1.38
2014.02.19 14:50:42.301,1.65066,1.65099,1.38,1.38
2014.02.19 14:50:42.852,1.65066,1.65099,1.38,1.38
2014.02.19 14:50:44.425,1.65066,1.65099,1.38,1.38
2014.02.19 14:50:44.475,1.65076,1.65099,1.00,1.38
2014.02.19 14:50:44.861,1.65076,1.65103,1.13,1.88
2014.02.19 14:50:46.929,1.65076,1.65108,1.38,1.75
2014.02.19 14:50:57.685,1.65077,1.65105,1.00,1.95
2014.02.19 14:50:57.951,1.65077,1.65105,1.00,1.53
2014.02.19 14:51:00.371,1.65077,1.65105,1.00,1.53
2014.02.19 14:51:00.523,1.65087,1.65106,1.00,1.45
2014.02.19 14:51:00.624,1.65087,1.65106,1.00,1.00
2014.02.19 14:51:03.260,1.65087,1.6511,1.00,1.53
2014.02.19 14:51:03.907,1.65087,1.6511,1.00,1.53
2014.02.19 14:51:04.909,1.65087,1.6511,1.00,1.53
2014.02.19 14:51:05.429,1.65087,1.6511,1.00,1.53
2014.02.19 14:51:05.580,1.65077,1.6511,1.38,1.53
2014.02.19 14:51:06.347,1.65077,1.6511,1.00,1.53
2014.02.19 14:51:06.890,1.65077,1.6511,1.13,1.53
2014.02.19 14:51:07.526,1.65077,1.6511,1.00,1.53
2014.02.19 14:51:08.105,1.65069,1.6511,1.55,1.53
2014.02.19 14:51:08.319,1.65069,1.6511,1.55,1.53
2014.02.19 14:51:08.650,1.65077,1.65107,1.00,1.38
2014.02.19 14:51:09.810,1.65077,1.65107,1.00,1.38
2014.02.19 14:51:11.448,1.65077,1.65107,1.00,1.38
2014.02.19 14:51:13.711,1.65077,1.65107,1.00,1.38
2014.02.19 14:51:14.520,1.65077,1.65107,1.00,1.38
2014.02.19 14:51:15.768,1.65077,1.65107,1.00,1.45
2014.02.19 14:51:19.191,1.65077,1.65111,1.50,1.53
2014.02.19 14:51:19.583,1.65097,1.65112,1.00,1.00
2014.02.19 14:51:19.634,1.65087,1.65122,1.50,1.15
2014.02.19 14:51:19.747,1.65087,1.65124,1.58,1.55
2014.02.19 14:51:19.898,1.65082,1.6512,1.90,1.00
2014.02.19 14:51:19.949,1.65082,1.6512,1.48,1.15
2014.02.19 14:51:20.252,1.65077,1.6512,2.03,1.15
2014.02.19 14:51:23.387,1.65077,1.6512,2.03,1.53
2014.02.19 14:51:23.707,1.65077,1.6512,2.03,1.28
2014.02.19 14:51:24.232,1.65077,1.6512,2.03,1.53
2014.02.19 14:51:27.029,1.65077,1.6512,2.03,1.15
2014.02.19 14:51:28.997,1.65077,1.6512,2.03,1.15
2014.02.19 14:51:29.913,1.65077,1.6512,2.03,1.15
2014.02.19 14:51:36.607,1.65087,1.6512,1.00,1.15
2014.02.19 14:51:36.901,1.65087,1.65124,1.53,1.00
2014.02.19 14:51:37.206,1.65106,1.65138,1.13,1.53
2014.02.19 14:51:37.689,1.65106,1.65138,1.38,1.48
2014.02.19 14:51:37.790,1.65106,1.65138,1.38,1.20
2014.02.19 14:51:38.504,1.65097,1.65138,1.95,1.38
2014.02.19 14:51:38.706,1.65096,1.65138,2.03,1.38
2014.02.19 14:51:38.807,1.65096,1.65138,1.95,1.53
2014.02.19 14:51:39.099,1.65096,1.65135,1.95,1.45
2014.02.19 14:51:41.990,1.65096,1.65135,1.48,1.08
2014.02.19 14:51:45.948,1.65096,1.65135,1.48,1.08
2014.02.19 14:51:46.481,1.65096,1.65131,1.48,1.00
2014.02.19 14:51:47.156,1.65096,1.65131,1.38,1.08
2014.02.19 14:51:48.151,1.6509,1.65131,2.03,1.08
2014.02.19 14:51:48.469,1.6509,1.65131,1.75,1.53
2014.02.19 14:51:50.519,1.65094,1.65131,1.38,1.55
2014.02.19 14:51:51.075,1.6509,1.65131,1.53,1.55
2014.02.19 14:51:52.148,1.6509,1.65131,1.53,1.55
2014.02.19 14:51:56.393,1.6509,1.6513,1.45,1.13
2014.02.19 14:52:01.066,1.65086,1.65126,1.53,1.53
2014.02.19 14:52:01.217,1.65086,1.65126,1.90,1.08
2014.02.19 14:52:01.268,1.65086,1.65126,2.33,1.00
2014.02.19 14:52:01.404,1.65088,1.65128,1.53,1.00
2014.02.19 14:52:03.270,1.65088,1.65128,1.53,1.00
2014.02.19 14:52:03.371,1.65088,1.65128,1.53,1.00
2014.02.19 14:52:03.481,1.65088,1.65128,1.53,1.00
2014.02.19 14:52:05.209,1.65088,1.65128,1.53,1.00
2014.02.19 14:52:06.287,1.65097,1.65128,1.45,1.00
2014.02.19 14:52:06.339,1.65106,1.65134,1.00,1.88
2014.02.19 14:52:06.552,1.65106,1.65139,1.38,1.15
2014.02.19 14:52:07.370,1.65106,1.65139,1.00,1.15
2014.02.19 14:52:07.890,1.65097,1.65139,2.03,1.15
2014.02.19 14:52:07.941,1.65097,1.65138,1.28,1.28
2014.02.19 14:52:07.991,1.65097,1.65138,1.20,1.28
2014.02.19 14:52:08.042,1.65097,1.65134,1.20,1.18
2014.02.19 14:52:08.093,1.65097,1.65134,1.20,1.15
2014.02.19 14:52:08.719,1.65097,1.65134,1.13,1.15
2014.02.19 14:52:09.766,1.65097,1.65128,1.13,1.00
2014.02.19 14:52:10.102,1.65087,1.65128,1.53,1.15
2014.02.19 14:52:10.153,1.65087,1.65128,1.53,1.53
2014.02.19 14:52:15.450,1.65096,1.65123,1.00,1.38
2014.02.19 14:52:16.170,1.65096,1.65123,1.00,1.00
2014.02.19 14:52:17.458,1.65096,1.65123,1.38,1.10
2014.02.19 14:52:17.845,1.65096,1.65123,1.38,1.18
2014.02.19 14:52:21.157,1.65087,1.65122,1.38,1.08
2014.02.19 14:52:25.129,1.65087,1.65122,1.13,1.45
2014.02.19 14:52:25.331,1.65076,1.65113,1.90,1.00
2014.02.19 14:52:25.488,1.65076,1.65113,1.08,1.45
2014.02.19 14:52:25.589,1.65076,1.65113,1.00,1.53
2014.02.19 14:52:26.409,1.65076,1.65113,1.38,1.28
2014.02.19 14:52:26.460,1.65076,1.65113,1.45,1.08
2014.02.19 14:52:26.510,1.65076,1.65113,1.53,1.00
2014.02.19 14:52:30.133,1.65076,1.65114,1.53,1.13
2014.02.19 14:52:33.577,1.65086,1.65114,1.00,1.13
2014.02.19 14:52:37.077,1.65086,1.65117,1.00,1.00
2014.02.19 14:52:37.771,1.65086,1.6512,1.00,1.00
2014.02.19 14:52:38.496,1.65086,1.6512,1.18,1.00
2014.02.19 14:52:46.247,1.65086,1.6512,1.10,1.10
2014.02.19 14:52:46.817,1.65086,1.65119,1.00,1.50
2014.02.19 14:52:48.339,1.65086,1.65119,1.00,1.58
2014.02.19 14:52:49.263,1.65078,1.65119,1.58,1.65
2014.02.19 14:52:49.889,1.65077,1.65114,1.53,1.00
2014.02.19 14:52:50.221,1.65077,1.65114,1.38,1.53
2014.02.19 14:52:57.360,1.65086,1.65114,1.00,2.03
2014.02.19 14:52:58.367,1.65077,1.65114,1.38,2.03
2014.02.19 14:53:04.408,1.65086,1.65114,1.00,2.03
2014.02.19 14:53:04.974,1.65086,1.65114,1.00,2.70
2014.02.19 14:53:05.075,1.65076,1.65113,1.38,1.20
2014.02.19 14:53:05.176,1.65076,1.6511,1.00,1.53
2014.02.19 14:53:05.618,1.65068,1.6511,1.15,1.53
2014.02.19 14:53:09.509,1.65069,1.6511,1.15,1.48
2014.02.19 14:53:09.812,1.65086,1.6511,1.00,1.10
2014.02.19 14:53:10.616,1.65076,1.6511,1.55,1.00
2014.02.19 14:53:10.667,1.65076,1.6511,2.03,1.00
2014.02.19 14:53:10.768,1.65076,1.65114,2.03,1.10
2014.02.19 14:53:10.819,1.65076,1.65114,1.88,1.15
2014.02.19 14:53:10.928,1.65076,1.65114,1.88,1.15
2014.02.19 14:53:18.499,1.65079,1.65114,1.00,1.15
2014.02.19 14:53:18.801,1.65097,1.65119,1.00,1.08
2014.02.19 14:53:19.056,1.65097,1.65121,1.00,1.00
2014.02.19 14:53:19.733,1.65097,1.65121,1.38,1.00
2014.02.19 14:53:20.051,1.65097,1.65121,1.00,1.08
2014.02.19 14:53:20.161,1.65086,1.65121,1.38,1.53
2014.02.19 14:53:20.212,1.65086,1.65117,1.38,1.08
2014.02.19 14:53:20.377,1.65086,1.65117,1.38,1.53
2014.02.19 14:53:20.735,1.65076,1.65117,1.38,1.53
2014.02.19 14:53:20.786,1.65076,1.65117,1.00,1.90
2014.02.19 14:53:21.743,1.65076,1.65117,1.38,1.90
2014.02.19 14:53:21.995,1.65087,1.65117,1.00,1.13
2014.02.19 14:53:22.931,1.65076,1.65117,1.53,1.13
2014.02.19 14:53:26.032,1.65076,1.65117,1.48,1.28
2014.02.19 14:53:26.810,1.65079,1.65117,1.53,1.28
2014.02.19 14:53:27.400,1.65086,1.65116,1.00,1.00
2014.02.19 14:53:28.827,1.65077,1.65116,2.03,1.00
2014.02.19 14:53:30.475,1.65087,1.65116,1.00,1.00
2014.02.19 14:53:31.067,1.65077,1.65116,1.45,1.20
2014.02.19 14:53:31.598,1.65077,1.65116,1.88,1.15
2014.02.19 14:53:31.649,1.65087,1.65116,1.00,1.15
2014.02.19 14:53:31.861,1.65087,1.65122,1.00,1.53
2014.02.19 14:53:32.063,1.65097,1.65122,1.00,1.38
2014.02.19 14:53:32.114,1.65097,1.65122,1.00,1.38
2014.02.19 14:53:32.265,1.65097,1.65129,1.00,1.00
2014.02.19 14:53:33.871,1.65097,1.65132,1.10,1.00
2014.02.19 14:53:38.734,1.65097,1.65132,1.00,1.15
2014.02.19 14:53:38.885,1.65092,1.65131,1.58,1.15
2014.02.19 14:53:38.935,1.65092,1.65131,1.00,1.95
2014.02.19 14:53:39.087,1.65086,1.65128,1.15,1.53
2014.02.19 14:53:44.761,1.65085,1.65124,1.08,1.28
2014.02.19 14:53:45.647,1.65085,1.65124,1.00,1.28
2014.02.19 14:53:46.539,1.65085,1.65121,1.00,1.08
2014.02.19 14:53:46.792,1.65076,1.65113,1.00,2.03
2014.02.19 14:53:47.545,1.65071,1.65113,1.28,2.78
2014.02.19 14:53:47.995,1.65069,1.65108,1.48,1.15
2014.02.19 14:53:49.393,1.65069,1.65103,1.48,1.00
2014.02.19 14:53:49.546,1.65063,1.65102,1.53,1.28
2014.02.19 14:53:49.748,1.65063,1.65102,1.53,1.55
2014.02.19 14:53:49.977,1.65063,1.65102,1.53,1.55
2014.02.19 14:53:53.266,1.65063,1.65102,1.53,1.55
2014.02.19 14:53:54.815,1.65063,1.65103,1.53,2.03
2014.02.19 14:53:54.966,1.65063,1.65103,1.15,2.03
2014.02.19 14:53:55.248,1.65061,1.65103,1.10,1.53
2014.02.19 14:54:03.605,1.65059,1.65093,1.15,1.00
2014.02.19 14:54:06.796,1.65059,1.65098,1.53,1.38
2014.02.19 14:54:08.666,1.65059,1.65094,2.03,1.00
2014.02.19 14:54:08.820,1.65059,1.65101,2.03,1.53
2014.02.19 14:54:08.921,1.65059,1.65094,2.03,1.00
2014.02.19 14:54:11.272,1.65059,1.65094,1.65,1.00
2014.02.19 14:54:11.854,1.65059,1.65094,1.65,1.00
2014.02.19 14:54:12.396,1.65059,1.651,1.65,1.38
2014.02.19 14:54:12.846,1.65059,1.65093,1.65,1.00
2014.02.19 14:54:15.481,1.65059,1.65093,1.65,1.13
2014.02.19 14:54:15.774,1.65059,1.65093,1.65,1.38
2014.02.19 14:54:16.027,1.65056,1.65096,1.65,1.55
2014.02.19 14:54:16.078,1.65056,1.65092,1.15,1.38
2014.02.19 14:54:16.280,1.65053,1.65092,1.18,1.45
2014.02.19 14:54:16.884,1.65053,1.65089,1.18,1.38
2014.02.19 14:54:17.130,1.65058,1.65089,2.18,1.38
2014.02.19 14:54:17.331,1.65071,1.65093,1.38,1.00
2014.02.19 14:54:17.432,1.65074,1.65093,1.00,1.00
2014.02.19 14:54:17.596,1.6508,1.65102,1.00,1.38
2014.02.19 14:54:17.697,1.65078,1.65103,1.30,1.50
2014.02.19 14:54:17.798,1.65074,1.65103,2.85,1.38
2014.02.19 14:54:18.100,1.65076,1.65103,2.10,1.00
2014.02.19 14:54:18.151,1.65076,1.65094,2.10,1.00
2014.02.19 14:54:22.547,1.65076,1.65094,2.85,1.00
2014.02.19 14:54:22.648,1.65076,1.65094,2.10,1.00
2014.02.19 14:54:23.078,1.65076,1.65103,1.98,1.00
2014.02.19 14:54:23.179,1.65076,1.65103,2.08,1.00
2014.02.19 14:54:23.708,1.65076,1.65103,1.05,1.00
2014.02.19 14:54:26.248,1.65073,1.65103,1.75,1.00
2014.02.19 14:54:26.872,1.65076,1.65111,1.50,1.53
2014.02.19 14:54:27.451,1.65073,1.65103,1.75,1.00
2014.02.19 14:54:27.670,1.65071,1.65092,1.35,1.00
2014.02.19 14:54:27.986,1.65068,1.65083,2.10,1.00
2014.02.19 14:54:28.043,1.65068,1.65083,1.00,1.00
2014.02.19 14:54:28.334,1.65062,1.65083,1.00,1.00
2014.02.19 14:54:28.494,1.65066,1.65094,1.00,1.88
2014.02.19 14:54:28.605,1.65062,1.65083,1.00,1.00
2014.02.19 14:54:28.908,1.65064,1.65083,1.00,1.00
2014.02.19 14:54:29.375,1.65067,1.65093,1.13,1.18
2014.02.19 14:54:30.051,1.65064,1.65084,1.00,1.00
2014.02.19 14:54:30.556,1.65068,1.65084,1.00,1.00
2014.02.19 14:54:30.606,1.65068,1.65098,1.60,1.53
2014.02.19 14:54:30.657,1.6507,1.65098,1.35,1.15
2014.02.19 14:54:30.808,1.65071,1.65103,1.73,1.15
2014.02.19 14:54:31.405,1.65071,1.65103,1.35,1.53
2014.02.19 14:54:31.721,1.65071,1.65103,1.35,1.95
2014.02.19 14:54:32.755,1.65071,1.65103,1.35,1.53
2014.02.19 14:54:33.055,1.65071,1.65103,1.35,1.53
2014.02.19 14:54:33.641,1.65072,1.65103,1.00,1.38
2014.02.19 14:54:33.702,1.65072,1.65103,1.05,1.00
2014.02.19 14:54:34.933,1.65072,1.65107,1.13,1.15
2014.02.19 14:54:35.640,1.65072,1.65111,1.38,1.20
2014.02.19 14:54:35.741,1.65072,1.65112,1.48,1.88
2014.02.19 14:54:35.792,1.65072,1.65112,1.48,1.65
2014.02.19 14:54:36.095,1.65072,1.65107,1.38,1.18
2014.02.19 14:54:36.396,1.65072,1.65103,1.38,1.00
2014.02.19 14:54:36.446,1.65072,1.65103,1.38,1.38
2014.02.19 14:54:36.497,1.65072,1.65103,1.38,1.53
2014.02.19 14:54:36.805,1.65065,1.65094,1.50,1.00
2014.02.19 14:54:37.107,1.65065,1.65094,1.13,1.38
2014.02.19 14:54:38.071,1.65065,1.65094,1.38,1.38
2014.02.19 14:54:38.607,1.65062,1.65094,1.98,1.38
2014.02.19 14:54:38.827,1.65063,1.65094,1.68,1.38
2014.02.19 14:54:39.562,1.65063,1.65094,1.68,1.38
2014.02.19 14:54:39.848,1.65063,1.65099,1.35,1.53
2014.02.19 14:54:40.185,1.65072,1.65102,1.38,1.18
2014.02.19 14:54:40.956,1.65072,1.65095,1.38,1.13
2014.02.19 14:54:41.259,1.65072,1.65094,1.00,1.58
2014.02.19 14:54:41.646,1.65062,1.65094,1.73,1.48
2014.02.19 14:54:42.595,1.65062,1.65094,1.73,1.20
2014.02.19 14:54:43.717,1.65062,1.65094,1.65,1.48
2014.02.19 14:54:44.775,1.65062,1.65094,2.10,1.20
2014.02.19 14:54:48.186,1.65062,1.65094,1.73,1.48
2014.02.19 14:54:48.658,1.65067,1.65093,1.00,1.38
2014.02.19 14:54:51.425,1.65067,1.65096,1.00,1.55
2014.02.19 14:54:51.477,1.65067,1.65096,1.00,1.53
2014.02.19 14:54:51.780,1.65046,1.65081,1.00,1.53
2014.02.19 14:54:51.830,1.65057,1.65077,1.00,1.53
2014.02.19 14:54:51.932,1.65057,1.65081,1.00,1.00
2014.02.19 14:54:52.032,1.65062,1.65082,1.00,1.00
2014.02.19 14:54:52.405,1.6505,1.65082,1.13,1.38
2014.02.19 14:54:52.459,1.65043,1.65082,2.63,1.95
2014.02.19 14:54:54.583,1.65055,1.6508,2.10,1.53
2014.02.19 14:54:54.835,1.65077,1.65097,1.00,1.83
2014.02.19 14:54:55.167,1.65077,1.65097,1.00,1.30
2014.02.19 14:54:55.749,1.65077,1.65097,1.00,1.00
2014.02.19 14:54:57.784,1.65077,1.65102,1.00,1.20
2014.02.19 14:54:57.885,1.65072,1.65102,1.38,1.10
2014.02.19 14:54:57.986,1.65072,1.65106,1.38,1.18
2014.02.19 14:54:59.295,1.65072,1.65106,1.38,1.18
2014.02.19 14:55:01.862,1.65072,1.65094,1.00,1.00
2014.02.19 14:55:02.546,1.65066,1.65094,1.38,1.00
2014.02.19 14:55:02.647,1.65066,1.651,1.13,1.98
2014.02.19 14:55:03.156,1.65066,1.65093,1.00,1.38
2014.02.19 14:55:05.187,1.65059,1.65094,1.10,1.95
2014.02.19 14:55:05.349,1.65056,1.65094,1.13,2.03
2014.02.19 14:55:12.096,1.65067,1.65092,1.00,1.38
2014.02.19 14:55:12.199,1.65067,1.65092,1.00,1.13
2014.02.19 14:55:13.877,1.65062,1.65084,1.00,1.38
2014.02.19 14:55:13.927,1.65056,1.65084,1.15,1.38
2014.02.19 14:55:13.978,1.65056,1.65092,1.58,1.45
2014.02.19 14:55:14.029,1.65056,1.65092,1.00,1.53
2014.02.19 14:55:14.079,1.65067,1.65092,1.00,1.53
2014.02.19 14:55:14.180,1.65067,1.65093,1.00,1.45
2014.02.19 14:55:14.231,1.65067,1.65093,1.00,1.38
2014.02.19 14:55:14.836,1.65062,1.65083,1.88,1.00
2014.02.19 14:55:14.992,1.65062,1.65083,1.00,1.00
2014.02.19 14:55:15.093,1.6506,1.65083,1.00,1.00
2014.02.19 14:55:15.195,1.65052,1.65083,1.15,1.38
2014.02.19 14:55:15.296,1.65051,1.65083,1.15,1.38
2014.02.19 14:55:15.398,1.65049,1.65083,1.00,1.53
2014.02.19 14:55:15.608,1.65057,1.65086,1.00,1.53
2014.02.19 14:55:15.881,1.65052,1.65083,1.38,1.20
2014.02.19 14:55:16.430,1.65052,1.65083,1.38,1.13
2014.02.19 14:55:16.531,1.65057,1.65091,1.08,1.45
2014.02.19 14:55:16.834,1.65077,1.65102,1.00,1.38
2014.02.19 14:55:16.986,1.65077,1.65107,1.83,1.00
2014.02.19 14:55:17.087,1.65077,1.65115,1.93,2.03
2014.02.19 14:55:17.188,1.65077,1.65115,1.55,1.55
2014.02.19 14:55:17.690,1.65077,1.65115,1.18,1.55
2014.02.19 14:55:19.705,1.65077,1.65115,1.10,1.55
2014.02.19 14:55:21.057,1.65077,1.65115,1.08,1.45
2014.02.19 14:55:21.619,1.65077,1.65115,1.08,1.45
2014.02.19 14:55:22.051,1.65077,1.65118,1.28,2.18
2014.02.19 14:55:22.152,1.6508,1.65118,1.55,1.05
2014.02.19 14:55:22.253,1.6508,1.65119,2.33,1.43
2014.02.19 14:55:23.213,1.65087,1.65119,1.10,1.05
2014.02.19 14:55:23.768,1.65087,1.65123,1.18,1.90
2014.02.19 14:55:23.970,1.65087,1.65123,1.10,1.90
2014.02.19 14:55:26.830,1.65087,1.65121,1.10,1.50
2014.02.19 14:55:26.947,1.65087,1.65123,1.18,1.28
2014.02.19 14:55:27.273,1.65087,1.65117,1.15,1.00
2014.02.19 14:55:27.324,1.65087,1.65117,1.00,1.10
2014.02.19 14:55:27.475,1.65087,1.65117,1.00,1.58
2014.02.19 14:55:27.576,1.65086,1.65117,1.00,1.50
2014.02.19 14:55:27.678,1.65097,1.65122,1.00,1.95
2014.02.19 14:55:27.880,1.65086,1.65125,1.95,1.00
2014.02.19 14:55:27.987,1.65086,1.65127,1.15,1.55
2014.02.19 14:55:28.391,1.65086,1.65127,2.33,1.00
2014.02.19 14:55:28.441,1.65089,1.6513,1.28,1.18
2014.02.19 14:55:29.332,1.65088,1.65124,1.53,1.50
2014.02.19 14:55:29.382,1.65088,1.65124,1.45,1.50
2014.02.19 14:55:29.433,1.65083,1.65121,1.53,1.38
2014.02.19 14:55:29.635,1.65083,1.65123,1.65,1.53
2014.02.19 14:55:29.837,1.65083,1.65123,1.65,1.38
2014.02.19 14:55:30.291,1.65086,1.65124,1.15,1.13
2014.02.19 14:55:30.443,1.65086,1.65128,1.65,1.48
2014.02.19 14:55:30.645,1.65086,1.65128,1.65,1.48
2014.02.19 14:55:31.412,1.65087,1.65128,1.15,1.10
2014.02.19 14:55:31.714,1.65088,1.65128,1.88,1.00
2014.02.19 14:55:34.916,1.6509,1.65128,1.65,1.00
2014.02.19 14:55:35.017,1.6509,1.65132,3.15,1.00
2014.02.19 14:55:35.526,1.65096,1.65132,1.88,1.00
2014.02.19 14:55:36.146,1.65091,1.65132,1.50,1.00
2014.02.19 14:55:36.405,1.65096,1.65136,1.15,1.75
2014.02.19 14:55:36.506,1.65099,1.65134,1.08,1.00
2014.02.19 14:55:36.808,1.651,1.65142,1.50,1.38
2014.02.19 14:55:37.227,1.65103,1.65142,1.15,1.00
2014.02.19 14:55:37.429,1.65102,1.65142,1.58,1.38
2014.02.19 14:55:37.480,1.65102,1.65142,1.15,1.45
2014.02.19 14:55:37.531,1.65102,1.65142,1.18,1.55
2014.02.19 14:55:37.632,1.65102,1.65128,1.18,1.00
2014.02.19 14:55:37.783,1.65097,1.65126,1.58,1.00
2014.02.19 14:55:37.935,1.65087,1.65123,1.53,1.00
2014.02.19 14:55:38.037,1.65087,1.65123,1.45,1.58
2014.02.19 14:55:38.289,1.65078,1.65119,1.08,1.53
2014.02.19 14:55:41.726,1.65078,1.65119,1.08,1.53
2014.02.19 14:55:52.615,1.65078,1.65115,1.08,1.45
2014.02.19 14:55:55.257,1.65078,1.65115,1.08,1.45
2014.02.19 14:55:58.056,1.65078,1.65115,1.08,1.45
2014.02.19 14:55:58.358,1.65078,1.65116,1.15,1.38
2014.02.19 14:55:58.677,1.65087,1.65116,1.00,1.38
2014.02.19 14:56:01.603,1.65078,1.65116,1.15,1.38
2014.02.19 14:56:01.655,1.65078,1.65116,1.15,1.38
2014.02.19 14:56:01.857,1.65078,1.65116,1.15,1.38
2014.02.19 14:56:02.881,1.65078,1.65116,1.15,1.38
2014.02.19 14:56:08.866,1.65078,1.65112,1.15,1.00
2014.02.19 14:56:09.018,1.65078,1.6511,1.15,1.00
2014.02.19 14:56:09.068,1.65071,1.65107,1.20,1.00
2014.02.19 14:56:09.119,1.6507,1.65107,1.45,1.08
2014.02.19 14:56:09.271,1.65065,1.65105,1.65,1.48
2014.02.19 14:56:10.647,1.65065,1.65105,2.33,1.38
2014.02.19 14:56:10.698,1.65065,1.65105,2.33,1.38
2014.02.19 14:56:11.028,1.65065,1.65105,2.33,1.38
2014.02.19 14:56:12.305,1.65067,1.6511,1.15,1.48
2014.02.19 14:56:20.225,1.65067,1.65103,1.15,1.38
2014.02.19 14:56:20.979,1.65067,1.65103,1.15,1.38
2014.02.19 14:56:21.335,1.65067,1.65103,1.18,1.38
2014.02.19 14:56:23.692,1.65067,1.65106,1.18,1.45
2014.02.19 14:56:24.072,1.65075,1.65107,1.18,1.00
2014.02.19 14:56:24.126,1.65086,1.65115,1.00,1.50
2014.02.19 14:56:24.228,1.65086,1.6512,1.08,1.45
2014.02.19 14:56:24.614,1.65086,1.6512,1.15,1.38
2014.02.19 14:56:27.632,1.65086,1.65121,1.10,1.38
2014.02.19 14:56:28.629,1.65086,1.65128,1.08,1.83
2014.02.19 14:56:28.680,1.65086,1.65126,1.15,1.15
2014.02.19 14:56:28.731,1.65088,1.65126,1.50,1.00
2014.02.19 14:56:28.882,1.65088,1.65128,2.25,1.00
2014.02.19 14:56:30.835,1.6509,1.6513,1.28,1.00
2014.02.19 14:56:31.350,1.65096,1.6513,1.00,1.00
2014.02.19 14:56:32.384,1.65096,1.65134,1.00,1.15
2014.02.19 14:56:32.435,1.65096,1.65134,1.65,1.00
2014.02.19 14:56:32.746,1.65096,1.65138,3.83,1.00
2014.02.19 14:56:34.147,1.65096,1.65117,2.40,1.00
2014.02.19 14:56:34.248,1.65096,1.65117,2.33,2.33
2014.02.19 14:56:34.301,1.6508,1.65115,1.55,1.00
2014.02.19 14:56:34.453,1.65079,1.65111,1.15,1.38
2014.02.19 14:56:34.503,1.65079,1.65111,1.00,1.38
2014.02.19 14:56:34.705,1.65071,1.65111,1.15,1.38
2014.02.19 14:56:37.489,1.65071,1.65111,1.15,1.38
2014.02.19 14:56:38.054,1.65071,1.65111,1.15,1.38
2014.02.19 14:56:38.357,1.65087,1.65116,1.00,1.38
2014.02.19 14:56:38.459,1.65087,1.65116,1.45,1.00
2014.02.19 14:56:38.510,1.65091,1.6513,1.18,1.45
2014.02.19 14:56:38.712,1.65097,1.65137,1.15,1.08
2014.02.19 14:56:38.814,1.651,1.65141,1.15,2.03
2014.02.19 14:56:38.865,1.651,1.65141,1.83,1.95
2014.02.19 14:56:39.427,1.65104,1.65141,1.15,1.13
2014.02.19 14:56:44.828,1.65104,1.65144,1.15,1.13
2014.02.19 14:56:48.422,1.65104,1.65134,1.15,1.00
2014.02.19 14:56:48.725,1.65087,1.65125,1.13,1.53
2014.02.19 14:56:48.979,1.65089,1.65119,1.83,1.00
2014.02.19 14:56:49.030,1.65089,1.6513,1.83,1.00
2014.02.19 14:56:49.433,1.65097,1.65133,1.10,1.10
2014.02.19 14:56:49.534,1.65097,1.65138,1.65,1.58
2014.02.19 14:56:49.686,1.65104,1.65141,1.18,1.00
2014.02.19 14:56:49.737,1.65104,1.65144,2.25,1.50
2014.02.19 14:56:52.157,1.65107,1.65149,1.15,1.55
2014.02.19 14:56:52.258,1.65107,1.65149,1.15,1.55
2014.02.19 14:56:52.665,1.65107,1.65149,1.15,1.55
2014.02.19 14:56:53.235,1.65111,1.65149,1.50,1.38
2014.02.19 14:56:53.437,1.65117,1.65156,1.53,1.13
2014.02.19 14:56:53.538,1.6512,1.6516,2.63,1.75
2014.02.19 14:56:53.791,1.6512,1.6516,1.53,1.95
2014.02.19 14:56:54.515,1.6512,1.6516,1.15,1.85
2014.02.19 14:56:56.433,1.6512,1.65159,1.08,1.20
2014.02.19 14:56:56.483,1.6512,1.65159,1.00,1.28
2014.02.19 14:56:58.071,1.6512,1.6516,1.00,1.90
2014.02.19 14:56:58.579,1.65121,1.6516,1.00,1.53
2014.02.19 14:56:58.630,1.65121,1.6516,1.15,1.20
2014.02.19 14:56:59.345,1.65121,1.6516,1.28,1.45
2014.02.19 14:56:59.647,1.65109,1.65141,1.38,1.10
2014.02.19 14:56:59.749,1.65099,1.65141,2.55,1.95
2014.02.19 14:57:00.296,1.651,1.65137,1.48,1.55
2014.02.19 14:57:00.821,1.651,1.65137,1.48,1.55
2014.02.19 14:57:00.872,1.651,1.65137,1.10,1.55
2014.02.19 14:57:02.074,1.651,1.65134,1.10,1.00
2014.02.19 14:57:02.435,1.65107,1.65137,1.00,1.55
2014.02.19 14:57:02.626,1.651,1.65137,1.10,1.55
2014.02.19 14:57:02.845,1.65107,1.65137,1.00,1.55
2014.02.19 14:57:03.063,1.651,1.65137,1.10,1.55
2014.02.19 14:57:03.832,1.651,1.65136,1.10,1.48
2014.02.19 14:57:03.985,1.65096,1.65136,1.00,1.53
2014.02.19 14:57:04.385,1.65096,1.65131,1.00,1.38
2014.02.19 14:57:05.109,1.65091,1.65131,1.15,1.38
2014.02.19 14:57:05.632,1.65088,1.65129,2.33,1.75
2014.02.19 14:57:08.670,1.65088,1.65129,1.65,1.93
2014.02.19 14:57:10.701,1.65088,1.65129,1.65,1.93
2014.02.19 14:57:10.771,1.65088,1.65129,1.65,1.90
2014.02.19 14:57:16.632,1.65088,1.65113,1.50,1.38
2014.02.19 14:57:16.784,1.65077,1.65109,1.18,1.38
2014.02.19 14:57:16.885,1.65087,1.65109,1.00,1.38
2014.02.19 14:57:17.283,1.65094,1.65109,1.00,1.00
2014.02.19 14:57:29.163,1.65087,1.65109,1.00,1.38
2014.02.19 14:57:31.504,1.65087,1.65107,1.00,1.38
2014.02.19 14:57:32.463,1.65087,1.65107,1.00,1.38
2014.02.19 14:57:32.933,1.65097,1.65107,1.00,1.38
2014.02.19 14:57:33.164,1.65086,1.65107,1.00,1.00
2014.02.19 14:57:33.923,1.65086,1.65107,1.00,1.38
2014.02.19 14:57:34.815,1.65087,1.65107,1.00,1.38
2014.02.19 14:57:54.500,1.65077,1.65103,1.88,1.00
2014.02.19 14:57:54.601,1.65087,1.65107,1.00,1.00
2014.02.19 14:57:55.235,1.65096,1.65106,1.00,1.00
2014.02.19 14:57:55.739,1.65094,1.65106,1.00,1.58
2014.02.19 14:57:55.941,1.65072,1.65093,1.00,1.28
2014.02.19 14:57:55.992,1.65067,1.65086,1.15,1.30
2014.02.19 14:57:56.093,1.65067,1.65086,1.00,1.30
2014.02.19 14:57:56.144,1.65082,1.65097,1.00,1.08
2014.02.19 14:57:56.194,1.65086,1.65101,1.00,1.50
2014.02.19 14:57:56.681,1.65086,1.65106,1.00,1.00
2014.02.19 14:57:57.361,1.65076,1.65104,1.48,1.00
2014.02.19 14:57:57.710,1.65076,1.65104,1.53,1.00
2014.02.19 14:58:00.899,1.65076,1.65104,1.90,1.00
2014.02.19 14:58:01.404,1.65079,1.65104,1.88,1.00
2014.02.19 14:58:01.765,1.65079,1.65104,1.88,1.00
2014.02.19 14:58:05.873,1.65079,1.65104,1.88,1.00
2014.02.19 14:58:05.974,1.65079,1.65094,1.88,1.00
2014.02.19 14:58:07.124,1.65078,1.65094,1.95,1.00
2014.02.19 14:58:08.942,1.65079,1.65104,1.75,1.00
2014.02.19 14:58:09.992,1.65086,1.65111,1.00,1.38
2014.02.19 14:58:10.823,1.65086,1.65111,1.00,1.00
2014.02.19 14:58:10.875,1.65079,1.65104,1.75,1.00
2014.02.19 14:58:12.803,1.65079,1.65104,1.75,1.00
2014.02.19 14:58:13.595,1.65079,1.65104,1.13,1.00
2014.02.19 14:58:13.853,1.65079,1.65094,1.13,1.00
2014.02.19 14:58:15.053,1.65079,1.65104,1.13,1.00
2014.02.19 14:58:15.383,1.65079,1.65093,1.13,1.00
2014.02.19 14:58:19.792,1.65073,1.65092,1.95,1.00
2014.02.19 14:58:20.611,1.65073,1.65093,1.53,1.00
2014.02.19 14:58:21.105,1.65077,1.65103,1.38,1.00
2014.02.19 14:58:21.726,1.65077,1.65103,2.40,1.00
2014.02.19 14:58:21.785,1.65087,1.65107,1.00,1.00
2014.02.19 14:58:22.093,1.65077,1.65103,2.40,1.00
2014.02.19 14:58:22.394,1.65077,1.65103,2.40,1.00
2014.02.19 14:58:22.884,1.65081,1.65103,1.00,1.00
2014.02.19 14:58:22.935,1.65086,1.65107,1.00,1.00
2014.02.19 14:58:23.036,1.65081,1.65103,1.00,1.00
2014.02.19 14:58:23.188,1.65077,1.65103,1.75,1.00
2014.02.19 14:58:23.289,1.65077,1.65103,1.38,1.00
2014.02.19 14:58:23.390,1.65076,1.65105,1.48,1.00
2014.02.19 14:58:23.542,1.6508,1.65112,1.48,1.38
2014.02.19 14:58:23.643,1.6508,1.65112,1.85,1.00
2014.02.19 14:58:23.795,1.65084,1.65122,1.53,1.38
2014.02.19 14:58:24.062,1.6508,1.65122,1.53,1.88
2014.02.19 14:58:24.365,1.6508,1.65114,1.83,1.38
2014.02.19 14:58:24.416,1.65081,1.65114,1.00,1.38
2014.02.19 14:58:24.668,1.65086,1.65118,1.00,1.55
2014.02.19 14:58:24.719,1.65086,1.65118,1.00,1.55
2014.02.19 14:58:25.848,1.65086,1.65117,1.00,1.13
2014.02.19 14:58:25.899,1.6508,1.65104,1.90,1.35
2014.02.19 14:58:25.949,1.65077,1.65091,1.20,1.13
2014.02.19 14:58:26.000,1.65076,1.65091,1.00,1.13
2014.02.19 14:58:26.152,1.65076,1.65094,1.00,1.38
2014.02.19 14:58:26.661,1.65076,1.65094,1.00,1.13
2014.02.19 14:58:27.502,1.65067,1.65093,1.00,1.00
2014.02.19 14:58:28.151,1.65067,1.65093,1.38,1.00
2014.02.19 14:58:30.845,1.65077,1.65098,1.00,1.00
2014.02.19 14:58:40.491,1.65066,1.65094,1.38,1.00
2014.02.19 14:58:40.592,1.65066,1.65094,1.38,1.00
2014.02.19 14:58:41.096,1.65069,1.65094,1.85,1.00
2014.02.19 14:58:41.147,1.65069,1.65094,1.85,1.00
2014.02.19 14:58:41.352,1.65069,1.65094,1.85,1.00
2014.02.19 14:58:41.516,1.65069,1.65104,1.85,1.00
2014.02.19 14:58:41.920,1.65069,1.65104,1.90,1.00
2014.02.19 14:58:42.172,1.65069,1.65104,1.90,1.00
2014.02.19 14:58:42.476,1.65073,1.65097,1.45,1.50
2014.02.19 14:58:42.678,1.65073,1.65093,1.08,1.13
2014.02.19 14:58:42.930,1.65073,1.65094,1.00,1.38
2014.02.19 14:58:42.981,1.65053,1.6509,1.58,1.38
2014.02.19 14:58:43.032,1.65053,1.6509,1.58,1.38
2014.02.19 14:58:43.083,1.65049,1.6509,1.20,1.38
2014.02.19 14:58:43.184,1.65046,1.65084,1.15,1.00
2014.02.19 14:58:43.405,1.65042,1.65084,1.53,1.18
2014.02.19 14:58:45.406,1.6504,1.65079,1.08,1.10
2014.02.19 14:58:45.507,1.6504,1.65079,1.10,1.18
2014.02.19 14:58:45.575,1.6504,1.65079,1.10,1.55
2014.02.19 14:58:46.235,1.6504,1.65074,1.10,1.38
2014.02.19 14:58:46.772,1.6504,1.65074,1.15,1.38
2014.02.19 14:58:52.503,1.6504,1.65074,1.15,1.38
2014.02.19 14:58:53.321,1.6504,1.65079,1.53,1.88
2014.02.19 14:58:54.079,1.6504,1.65079,1.15,1.88
2014.02.19 14:58:55.398,1.65047,1.65079,1.00,1.38
2014.02.19 14:58:55.500,1.65047,1.65079,1.83,1.38
2014.02.19 14:58:55.602,1.65057,1.65079,1.00,1.38
2014.02.19 14:58:55.703,1.65057,1.65079,1.13,1.00
2014.02.19 14:58:55.855,1.65051,1.65085,2.40,1.00
2014.02.19 14:58:56.057,1.65058,1.65097,1.20,1.88
2014.02.19 14:58:56.108,1.65058,1.65097,1.65,1.00
2014.02.19 14:58:56.370,1.65058,1.65099,1.90,1.20
2014.02.19 14:58:58.168,1.65058,1.65099,1.90,1.10
2014.02.19 14:59:01.253,1.65058,1.65099,1.53,1.10
2014.02.19 14:59:01.393,1.65061,1.65099,1.48,1.10
2014.02.19 14:59:04.279,1.65061,1.65099,1.48,1.10
2014.02.19 14:59:04.597,1.65058,1.65093,1.90,1.00
2014.02.19 14:59:04.800,1.65058,1.65093,1.00,1.45
2014.02.19 14:59:04.859,1.65054,1.65084,1.48,1.13
2014.02.19 14:59:05.011,1.65052,1.65084,1.08,1.13
2014.02.19 14:59:05.062,1.65052,1.65084,1.00,1.13
2014.02.19 14:59:05.582,1.65049,1.6509,1.45,1.53
2014.02.19 14:59:06.521,1.65049,1.6509,1.45,1.53
2014.02.19 14:59:13.836,1.65049,1.65083,1.45,1.00
2014.02.19 14:59:14.563,1.65049,1.6509,1.45,1.53
2014.02.19 14:59:15.447,1.65049,1.6509,1.20,1.53
2014.02.19 14:59:20.178,1.65047,1.65084,1.45,1.20
2014.02.19 14:59:22.381,1.65047,1.65083,1.38,1.53
2014.02.19 14:59:22.742,1.65046,1.65074,1.38,1.00
2014.02.19 14:59:24.061,1.65046,1.65083,1.38,1.53
2014.02.19 14:59:24.445,1.65046,1.65074,1.38,1.00
2014.02.19 14:59:25.472,1.65042,1.65074,1.53,1.00
2014.02.19 14:59:25.573,1.65042,1.65074,1.00,1.00
2014.02.19 14:59:26.626,1.65042,1.65074,1.08,1.00
2014.02.19 14:59:27.153,1.65042,1.65074,1.15,1.00
2014.02.19 14:59:28.621,1.65042,1.65084,2.70,1.45
2014.02.19 14:59:28.672,1.65043,1.65084,1.20,1.08
2014.02.19 14:59:28.723,1.65048,1.65084,1.58,1.00
2014.02.19 14:59:28.775,1.65051,1.65089,1.65,1.00
2014.02.19 14:59:28.826,1.65051,1.65089,1.65,1.00
2014.02.19 14:59:28.877,1.65051,1.65094,2.40,2.70
2014.02.19 14:59:29.792,1.65051,1.65094,2.40,1.95
2014.02.19 14:59:33.234,1.65051,1.65094,2.40,1.58
2014.02.19 14:59:33.335,1.65055,1.65094,1.65,1.00
2014.02.19 14:59:33.386,1.65055,1.65097,1.90,1.10
2014.02.19 14:59:33.437,1.65058,1.65097,1.58,1.00
2014.02.19 14:59:33.488,1.65059,1.65099,1.65,1.00
2014.02.19 14:59:33.690,1.65064,1.65104,1.65,1.15
2014.02.19 14:59:34.803,1.65064,1.65104,1.65,1.00
2014.02.19 14:59:35.108,1.65071,1.6511,1.58,1.50
2014.02.19 14:59:38.032,1.65074,1.65111,1.53,1.75
2014.02.19 14:59:38.512,1.65074,1.65111,1.53,1.50
2014.02.19 14:59:38.663,1.65076,1.65115,1.65,2.03
2014.02.19 14:59:38.715,1.65076,1.65115,1.90,2.03
2014.02.19 14:59:38.765,1.65076,1.65115,1.90,2.03
2014.02.19 14:59:41.385,1.65078,1.65115,1.85,1.28
2014.02.19 14:59:41.487,1.65078,1.65116,1.90,1.50
2014.02.19 14:59:41.933,1.65078,1.65114,1.90,1.00
2014.02.19 14:59:43.811,1.65078,1.65114,1.90,1.00
2014.02.19 14:59:44.978,1.65078,1.65114,1.90,1.00
2014.02.19 14:59:45.572,1.65078,1.65114,1.65,1.13
2014.02.19 14:59:45.673,1.65078,1.65114,1.53,1.38
2014.02.19 14:59:46.826,1.65078,1.65103,1.28,1.00
2014.02.19 14:59:47.184,1.65081,1.65103,1.53,1.00
2014.02.19 14:59:47.692,1.65081,1.65103,1.90,1.00
2014.02.19 14:59:48.303,1.65081,1.65103,1.90,1.00
2014.02.19 14:59:48.412,1.65081,1.65103,1.90,1.00
2014.02.19 14:59:49.356,1.65081,1.65113,1.90,1.00
2014.02.19 14:59:49.406,1.65075,1.65113,3.00,1.38
2014.02.19 14:59:49.559,1.65075,1.65113,3.00,1.38
2014.02.19 14:59:49.761,1.65083,1.65113,1.00,1.38
2014.02.19 14:59:50.333,1.65083,1.65113,1.00,1.38
2014.02.19 14:59:50.636,1.65071,1.65104,1.85,1.00
2014.02.19 14:59:50.788,1.65071,1.65104,1.10,1.00
2014.02.19 14:59:52.828,1.65067,1.65104,1.00,1.65
2014.02.19 14:59:52.929,1.65063,1.65102,1.38,1.15
2014.02.19 14:59:53.238,1.65058,1.65093,1.15,1.38
2014.02.19 14:59:53.372,1.65058,1.65093,1.15,1.38
2014.02.19 14:59:53.914,1.65058,1.65093,1.38,1.38
2014.02.19 14:59:55.123,1.65058,1.65093,1.38,1.38
2014.02.19 14:59:55.645,1.65058,1.65093,1.00,1.38
2014.02.19 14:59:56.023,1.65058,1.65093,1.38,1.38
2014.02.19 14:59:56.540,1.65053,1.65084,1.28,1.00
2014.02.19 14:59:56.602,1.6505,1.65084,1.20,1.38
2014.02.19 14:59:56.703,1.65049,1.65084,1.53,1.38
2014.02.19 14:59:57.542,1.65049,1.65084,1.53,1.38
2014.02.19 14:59:57.694,1.65054,1.65093,1.53,1.08
2014.02.19 14:59:57.745,1.65054,1.65093,1.53,1.00
2014.02.19 14:59:57.795,1.65056,1.65093,1.20,1.00
2014.02.19 14:59:58.162,1.65058,1.65093,1.20,1.00
2014.02.19 14:59:58.519,1.65054,1.65093,3.38,1.00
2014.02.19 14:59:59.244,1.65054,1.65093,3.38,1.00
