2012.01.06 03:00:01.141,1.6366,1.63712,2.10,1.50
2012.01.06 03:00:11.028,1.6366,1.63712,1.35,1.50
2012.01.06 03:00:11.219,1.63667,1.63717,1.35,2.25
2012.01.06 03:00:11.819,1.63666,1.63717,1.35,2.25
2012.01.06 03:00:11.888,1.63664,1.63717,1.35,2.25
2012.01.06 03:00:12.471,1.63665,1.63717,1.35,2.25
2012.01.06 03:00:13.045,1.63666,1.63717,1.35,2.25
2012.01.06 03:00:13.288,1.63663,1.63717,1.35,2.25
2012.01.06 03:00:20.742,1.63663,1.63717,2.10,1.50
2012.01.06 03:00:40.550,1.63666,1.63717,2.10,1.50
2012.01.06 03:00:40.621,1.63669,1.63722,2.25,1.35
2012.01.06 03:00:40.691,1.63672,1.63725,2.10,1.35
2012.01.06 03:00:44.321,1.63659,1.63712,2.10,1.35
2012.01.06 03:00:44.639,1.63658,1.63711,2.10,1.35
2012.01.06 03:00:44.831,1.63668,1.63712,1.50,1.35
2012.01.06 03:00:44.962,1.63668,1.63726,1.50,2.25
2012.01.06 03:00:45.209,1.63668,1.63726,2.25,1.50
2012.01.06 03:00:45.341,1.63675,1.63731,2.10,2.85
2012.01.06 03:00:45.408,1.63673,1.63731,1.50,2.25
2012.01.06 03:00:45.718,1.63682,1.6374,1.50,2.25
2012.01.06 03:00:48.193,1.63682,1.6374,1.50,2.25
2012.01.06 03:00:55.709,1.63682,1.6374,2.25,1.50
2012.01.06 03:00:56.717,1.63682,1.6374,1.50,2.25
2012.01.06 03:01:04.008,1.63682,1.6374,1.50,2.25
2012.01.06 03:01:04.200,1.63682,1.6374,1.50,2.25
2012.01.06 03:01:04.390,1.63682,1.6374,1.50,2.25
2012.01.06 03:01:04.741,1.63682,1.6374,1.50,2.25
2012.01.06 03:01:04.808,1.63682,1.6374,1.50,2.25
2012.01.06 03:01:05.098,1.63676,1.63734,2.25,2.25
2012.01.06 03:01:06.575,1.6367,1.63726,2.25,1.50
2012.01.06 03:01:08.191,1.63665,1.6372,2.10,1.50
2012.01.06 03:01:08.262,1.63662,1.6372,2.25,1.50
2012.01.06 03:01:08.451,1.63662,1.6372,2.25,1.50
2012.01.06 03:01:08.996,1.63662,1.6372,2.25,1.50
2012.01.06 03:01:19.259,1.6367,1.63728,2.25,1.50
2012.01.06 03:01:19.570,1.63666,1.6372,1.35,1.50
2012.01.06 03:01:22.519,1.63671,1.63727,2.25,1.50
2012.01.06 03:01:24.922,1.63671,1.63727,1.50,2.25
2012.01.06 03:01:25.202,1.63671,1.63727,2.25,1.50
2012.01.06 03:01:25.429,1.63671,1.63727,1.50,2.25
2012.01.06 03:01:25.937,1.63671,1.63727,2.25,1.50
2012.01.06 03:01:26.624,1.63671,1.63727,1.50,2.25
2012.01.06 03:01:26.751,1.63671,1.63727,2.25,1.50
2012.01.06 03:01:26.999,1.63682,1.63735,1.35,3.60
2012.01.06 03:01:27.130,1.63677,1.63734,1.50,2.10
2012.01.06 03:01:27.200,1.63667,1.63725,1.50,2.25
2012.01.06 03:01:27.968,1.63662,1.63718,2.10,1.50
2012.01.06 03:01:32.261,1.6366,1.63718,1.50,2.25
2012.01.06 03:01:32.693,1.63653,1.63709,3.60,1.50
2012.01.06 03:01:32.998,1.63646,1.63704,2.25,1.50
2012.01.06 03:01:39.770,1.63646,1.63704,2.25,1.50
2012.01.06 03:01:40.187,1.63646,1.63704,2.25,1.50
2012.01.06 03:01:40.469,1.63646,1.63704,2.25,1.50
2012.01.06 03:01:41.709,1.63646,1.63704,2.25,1.50
2012.01.06 03:01:49.918,1.63646,1.63704,2.25,1.50
2012.01.06 03:01:51.081,1.63646,1.63704,2.25,2.25
2012.01.06 03:01:51.339,1.63646,1.63704,2.25,1.50
2012.01.06 03:01:51.854,1.63652,1.6371,2.25,1.50
2012.01.06 03:01:52.961,1.63649,1.63699,2.10,1.50
2012.01.06 03:01:53.228,1.63648,1.63699,1.35,1.50
2012.01.06 03:01:54.227,1.63648,1.63699,2.10,1.50
2012.01.06 03:01:54.429,1.63648,1.63699,1.35,1.50
2012.01.06 03:01:54.981,1.63648,1.63699,1.35,2.25
2012.01.06 03:01:59.820,1.63648,1.63699,1.35,1.50
2012.01.06 03:02:00.257,1.63649,1.63701,1.50,1.35
2012.01.06 03:02:00.329,1.63649,1.63701,1.50,2.10
2012.01.06 03:02:02.718,1.63648,1.63696,1.35,2.25
2012.01.06 03:02:02.790,1.63638,1.63696,1.50,2.25
2012.01.06 03:02:03.351,1.63638,1.63696,1.50,2.25
2012.01.06 03:02:03.899,1.63638,1.63696,2.25,1.50
2012.01.06 03:02:04.092,1.6365,1.63708,1.50,3.60
2012.01.06 03:02:04.573,1.6365,1.63708,1.50,2.25
2012.01.06 03:02:09.337,1.63657,1.63713,1.50,2.25
2012.01.06 03:02:09.408,1.63657,1.63713,1.50,2.25
2012.01.06 03:02:09.537,1.63657,1.63712,1.50,2.10
2012.01.06 03:02:10.029,1.63648,1.63706,1.50,2.25
2012.01.06 03:02:12.019,1.63648,1.63706,1.50,2.25
2012.01.06 03:02:14.361,1.63656,1.63712,1.50,2.25
2012.01.06 03:02:17.689,1.63656,1.63712,2.25,1.50
2012.01.06 03:02:17.763,1.63663,1.63716,1.50,2.10
2012.01.06 03:03:06.727,1.63663,1.63721,2.25,2.20
2012.01.06 03:03:06.789,1.63675,1.63724,1.35,1.83
2012.01.06 03:03:06.946,1.63675,1.63724,1.35,1.45
2012.01.06 03:03:07.479,1.63675,1.63724,1.35,1.45
2012.01.06 03:03:07.548,1.63673,1.63724,2.85,1.45
2012.01.06 03:03:09.682,1.63673,1.63727,2.25,2.05
2012.01.06 03:03:10.401,1.63673,1.63727,2.25,2.05
2012.01.06 03:03:13.066,1.63676,1.63728,2.10,1.08
2012.01.06 03:03:15.381,1.63674,1.63724,2.10,2.20
2012.01.06 03:03:17.048,1.63674,1.63724,2.10,2.20
2012.01.06 03:03:17.897,1.63676,1.63731,2.10,2.20
2012.01.06 03:03:17.969,1.63676,1.63731,1.35,2.95
2012.01.06 03:03:18.877,1.6368,1.6373,1.50,1.45
2012.01.06 03:03:34.367,1.6368,1.63732,1.50,1.08
2012.01.06 03:03:34.441,1.6368,1.63728,1.50,1.45
2012.01.06 03:03:35.063,1.63672,1.63723,1.50,1.45
2012.01.06 03:03:45.442,1.63672,1.63721,1.50,1.45
2012.01.06 03:03:45.870,1.63666,1.63718,1.50,1.45
2012.01.06 03:03:46.573,1.63673,1.63718,1.50,1.45
2012.01.06 03:03:46.643,1.63673,1.63721,1.50,1.08
2012.01.06 03:03:46.901,1.63673,1.63723,1.50,1.13
2012.01.06 03:03:47.961,1.63673,1.63721,1.50,1.45
2012.01.06 03:03:48.339,1.63667,1.63719,1.50,1.45
2012.01.06 03:03:49.927,1.63667,1.63714,1.50,1.83
2012.01.06 03:03:52.197,1.63667,1.63714,1.50,1.13
2012.01.06 03:03:52.259,1.63667,1.63723,2.25,2.95
2012.01.06 03:03:52.335,1.63674,1.63728,1.50,1.45
2012.01.06 03:03:52.651,1.6368,1.6373,1.50,1.08
2012.01.06 03:03:53.171,1.6368,1.63731,1.50,1.08
2012.01.06 03:03:53.480,1.63686,1.63735,1.50,1.45
2012.01.06 03:03:53.553,1.63686,1.63736,1.50,1.45
2012.01.06 03:03:54.077,1.63687,1.63735,1.35,1.45
2012.01.06 03:03:54.209,1.63687,1.63733,1.35,1.45
2012.01.06 03:03:56.259,1.63686,1.63733,1.35,1.45
2012.01.06 03:03:56.579,1.63682,1.63727,1.35,2.95
2012.01.06 03:03:56.828,1.63677,1.63727,2.10,2.58
2012.01.06 03:03:56.962,1.63673,1.63725,1.35,1.13
2012.01.06 03:03:57.382,1.63677,1.63724,1.35,1.08
2012.01.06 03:03:57.703,1.63687,1.63732,1.35,1.08
2012.01.06 03:03:58.030,1.6369,1.63731,1.35,1.08
2012.01.06 03:03:58.738,1.63688,1.63734,1.35,1.45
2012.01.06 03:03:58.809,1.63688,1.63735,1.35,1.45
2012.01.06 03:03:59.617,1.63703,1.6375,1.35,1.45
2012.01.06 03:03:59.882,1.637,1.63751,1.35,1.50
2012.01.06 03:04:00.898,1.637,1.63751,1.35,2.20
2012.01.06 03:04:00.971,1.63698,1.63751,1.35,3.55
2012.01.06 03:04:01.099,1.63698,1.63749,1.35,1.45
2012.01.06 03:04:01.172,1.63693,1.63744,1.50,2.10
2012.01.06 03:04:01.832,1.63693,1.63744,1.50,2.80
2012.01.06 03:04:02.731,1.63693,1.63744,2.25,2.05
2012.01.06 03:04:03.464,1.63695,1.63744,1.35,2.95
2012.01.06 03:04:06.709,1.63695,1.63744,1.35,2.95
2012.01.06 03:04:11.736,1.63695,1.63744,1.35,2.95
2012.01.06 03:04:14.619,1.63695,1.63744,1.35,2.95
2012.01.06 03:04:15.048,1.63699,1.63744,1.35,2.95
2012.01.06 03:04:15.554,1.637,1.63744,1.35,1.45
2012.01.06 03:04:16.138,1.637,1.63744,1.35,1.45
2012.01.06 03:04:26.455,1.63699,1.63752,1.35,1.50
2012.01.06 03:04:27.001,1.63696,1.63752,2.10,1.50
2012.01.06 03:04:27.212,1.63696,1.63752,1.35,2.25
2012.01.06 03:04:41.387,1.63698,1.63748,1.35,1.45
2012.01.06 03:04:42.088,1.637,1.63749,1.35,1.45
2012.01.06 03:04:46.737,1.63699,1.63749,1.35,1.45
2012.01.06 03:04:47.509,1.63696,1.63749,1.35,1.45
2012.01.06 03:04:48.416,1.63693,1.63746,1.35,2.25
2012.01.06 03:04:56.493,1.63693,1.63746,1.35,2.95
2012.01.06 03:04:57.137,1.63695,1.63746,1.35,2.95
2012.01.06 03:04:57.452,1.63699,1.63741,1.35,1.45
2012.01.06 03:04:59.246,1.63699,1.63742,1.35,1.08
2012.01.06 03:04:59.762,1.63698,1.63742,1.35,1.08
2012.01.06 03:05:00.418,1.63698,1.6374,1.35,1.45
2012.01.06 03:05:00.487,1.63698,1.63742,1.35,1.08
2012.01.06 03:05:01.033,1.63699,1.63742,1.35,1.08
2012.01.06 03:05:01.445,1.63699,1.6374,1.35,1.45
2012.01.06 03:05:05.280,1.63699,1.63742,1.35,1.08
2012.01.06 03:05:10.681,1.63699,1.6374,1.35,1.45
2012.01.06 03:05:11.450,1.63699,1.63742,1.35,1.08
2012.01.06 03:05:13.932,1.63699,1.6374,1.35,1.45
2012.01.06 03:05:16.184,1.63699,1.6374,1.35,1.45
2012.01.06 03:05:18.443,1.63699,1.6374,1.35,1.45
2012.01.06 03:05:24.847,1.63696,1.63739,1.35,1.45
2012.01.06 03:05:25.533,1.63698,1.63739,1.35,1.45
2012.01.06 03:05:25.857,1.637,1.63739,1.35,1.45
2012.01.06 03:05:28.309,1.63699,1.6374,1.35,1.45
2012.01.06 03:05:30.249,1.63695,1.6374,1.35,1.45
2012.01.06 03:05:30.410,1.637,1.63741,1.35,1.45
2012.01.06 03:05:30.658,1.63697,1.63741,1.35,1.45
2012.01.06 03:05:34.150,1.63696,1.63741,1.35,1.45
2012.01.06 03:05:34.261,1.63698,1.63741,1.35,1.45
2012.01.06 03:05:35.938,1.63693,1.63737,1.35,1.45
2012.01.06 03:06:10.909,1.63697,1.63734,1.35,1.45
2012.01.06 03:06:15.691,1.63697,1.63734,1.35,1.45
2012.01.06 03:06:16.528,1.63697,1.63734,1.35,1.45
2012.01.06 03:06:21.557,1.637,1.63738,1.35,1.45
2012.01.06 03:06:25.082,1.63695,1.63738,1.35,1.45
2012.01.06 03:06:28.216,1.63695,1.63738,1.35,1.45
2012.01.06 03:06:28.518,1.63695,1.63738,1.35,1.45
2012.01.06 03:06:28.709,1.63695,1.63731,1.35,1.45
2012.01.06 03:06:35.243,1.63695,1.63732,1.35,1.08
2012.01.06 03:06:35.370,1.63698,1.63733,1.35,1.08
2012.01.06 03:06:41.617,1.63698,1.63734,1.35,1.13
2012.01.06 03:06:41.677,1.63698,1.63735,1.35,1.45
2012.01.06 03:06:45.800,1.63704,1.63742,1.35,1.45
2012.01.06 03:06:46.348,1.63703,1.63742,1.35,1.45
2012.01.06 03:06:49.687,1.63703,1.63742,1.35,1.45
2012.01.06 03:06:56.024,1.63703,1.63743,1.35,1.45
2012.01.06 03:06:56.154,1.63706,1.63745,1.50,1.45
2012.01.06 03:06:56.541,1.63695,1.63749,1.65,1.13
2012.01.06 03:06:56.613,1.637,1.63746,1.50,1.45
2012.01.06 03:06:56.921,1.63717,1.63753,1.35,1.45
2012.01.06 03:06:58.117,1.63716,1.63754,1.35,1.45
2012.01.06 03:07:00.579,1.63717,1.63754,1.35,1.45
2012.01.06 03:07:22.929,1.63719,1.63757,1.35,1.45
2012.01.06 03:07:23.572,1.63717,1.63756,1.35,1.45
2012.01.06 03:07:26.472,1.63706,1.6375,1.35,1.13
2012.01.06 03:07:26.961,1.63708,1.63748,1.35,1.45
2012.01.06 03:07:27.273,1.63708,1.63748,1.35,1.45
2012.01.06 03:07:27.924,1.63708,1.63748,1.35,1.45
2012.01.06 03:07:32.821,1.63708,1.63748,1.35,1.45
2012.01.06 03:07:34.193,1.63708,1.63748,1.35,1.45
2012.01.06 03:07:36.977,1.63708,1.63749,1.35,1.45
2012.01.06 03:07:37.947,1.63692,1.63741,1.35,1.13
2012.01.06 03:07:38.703,1.63692,1.6374,1.35,1.45
2012.01.06 03:07:42.082,1.63693,1.63739,1.35,1.45
2012.01.06 03:07:42.615,1.63693,1.63739,1.35,1.45
2012.01.06 03:07:43.438,1.63693,1.63739,1.35,1.45
2012.01.06 03:07:44.032,1.63692,1.63739,1.35,1.45
2012.01.06 03:07:44.821,1.63692,1.63739,1.35,1.45
2012.01.06 03:07:46.609,1.63692,1.63739,1.35,1.45
2012.01.06 03:07:48.161,1.63692,1.63739,1.35,1.45
2012.01.06 03:07:49.669,1.63692,1.63735,1.35,1.45
2012.01.06 03:07:52.528,1.63692,1.63735,1.35,1.45
2012.01.06 03:07:52.658,1.63692,1.63735,1.35,1.45
2012.01.06 03:07:54.215,1.63692,1.63734,1.35,1.45
2012.01.06 03:07:54.816,1.63692,1.63734,1.35,1.45
2012.01.06 03:07:55.420,1.63692,1.63734,1.35,1.45
2012.01.06 03:07:55.708,1.63692,1.63734,1.35,1.45
2012.01.06 03:08:02.464,1.63692,1.63735,1.35,1.45
2012.01.06 03:08:11.308,1.63687,1.63737,1.35,1.45
2012.01.06 03:08:19.530,1.63688,1.63738,1.35,1.45
2012.01.06 03:08:30.119,1.63687,1.63737,1.35,1.45
2012.01.06 03:08:30.463,1.63687,1.63737,1.35,1.45
2012.01.06 03:08:30.760,1.63687,1.63737,1.35,1.45
2012.01.06 03:08:32.039,1.63688,1.63737,1.35,1.45
2012.01.06 03:08:35.891,1.63688,1.63737,1.35,1.45
2012.01.06 03:08:46.619,1.63688,1.63741,1.35,1.08
2012.01.06 03:08:47.256,1.63688,1.63743,1.35,1.73
2012.01.06 03:08:47.319,1.63695,1.63743,1.50,1.35
2012.01.06 03:08:47.687,1.63703,1.63749,1.35,1.45
2012.01.06 03:08:51.692,1.63703,1.6375,1.35,1.08
2012.01.06 03:08:51.818,1.63703,1.63749,1.35,1.45
2012.01.06 03:08:57.990,1.63702,1.63748,1.35,1.45
2012.01.06 03:08:58.254,1.637,1.63744,1.35,2.10
2012.01.06 03:08:58.767,1.63699,1.63743,1.35,1.35
2012.01.06 03:08:59.392,1.637,1.63744,1.35,1.45
2012.01.06 03:08:59.472,1.63708,1.63752,1.35,1.35
2012.01.06 03:08:59.784,1.63717,1.63761,1.35,2.10
2012.01.06 03:09:00.091,1.63721,1.63764,1.35,2.25
2012.01.06 03:09:00.748,1.63719,1.63763,1.35,2.10
2012.01.06 03:09:01.393,1.63719,1.63763,1.35,2.10
2012.01.06 03:09:02.053,1.63719,1.63763,1.35,2.10
2012.01.06 03:09:03.342,1.63719,1.63757,1.35,1.50
2012.01.06 03:09:03.410,1.63713,1.63757,1.35,3.60
2012.01.06 03:09:06.640,1.63702,1.63754,1.35,2.10
2012.01.06 03:09:06.949,1.63706,1.63755,1.35,2.10
2012.01.06 03:09:07.260,1.63704,1.63754,1.35,2.10
2012.01.06 03:09:09.658,1.63702,1.63755,1.35,2.10
2012.01.06 03:09:12.118,1.63703,1.63755,1.35,2.10
2012.01.06 03:09:13.042,1.63703,1.63752,1.35,1.50
2012.01.06 03:09:14.241,1.63703,1.63752,1.35,2.20
2012.01.06 03:09:15.378,1.63703,1.63752,1.35,2.20
2012.01.06 03:09:16.239,1.63703,1.63752,1.35,1.50
2012.01.06 03:09:16.309,1.63705,1.63754,1.50,1.13
2012.01.06 03:09:16.618,1.63707,1.6376,1.35,1.45
2012.01.06 03:09:19.459,1.63712,1.6376,1.35,1.45
2012.01.06 03:09:29.688,1.63712,1.63761,1.35,2.20
2012.01.06 03:09:33.683,1.63712,1.63761,1.35,2.95
2012.01.06 03:09:48.459,1.63716,1.6376,1.50,1.45
2012.01.06 03:09:48.769,1.63728,1.63769,1.35,1.45
2012.01.06 03:09:50.288,1.63727,1.63769,1.35,1.45
2012.01.06 03:09:58.218,1.63716,1.63767,1.50,1.13
2012.01.06 03:09:58.348,1.63712,1.63763,1.35,1.45
2012.01.06 03:10:27.137,1.63712,1.63764,1.35,3.33
2012.01.06 03:10:30.012,1.63712,1.63764,1.35,2.95
2012.01.06 03:10:31.858,1.63711,1.63764,1.73,2.95
2012.01.06 03:10:34.950,1.63711,1.63762,1.73,1.45
2012.01.06 03:10:37.030,1.63706,1.63757,2.85,2.10
2012.01.06 03:10:46.229,1.63706,1.63755,1.35,1.45
2012.01.06 03:10:46.299,1.637,1.63746,1.50,2.10
2012.01.06 03:10:46.370,1.63696,1.63742,1.35,1.50
2012.01.06 03:10:46.500,1.63687,1.63736,1.13,1.35
2012.01.06 03:10:46.690,1.63687,1.63732,1.13,1.50
2012.01.06 03:10:47.829,1.63686,1.63732,2.10,1.50
2012.01.06 03:10:48.018,1.63674,1.6373,2.25,1.35
2012.01.06 03:10:48.330,1.63669,1.63727,3.98,1.88
2012.01.06 03:10:50.681,1.63685,1.63727,1.35,1.50
2012.01.06 03:10:51.283,1.63685,1.63727,2.10,1.50
2012.01.06 03:10:51.758,1.63685,1.63732,2.10,2.20
2012.01.06 03:10:52.338,1.63685,1.63732,2.10,2.20
2012.01.06 03:10:54.158,1.63686,1.63734,2.63,1.08
2012.01.06 03:10:54.458,1.63695,1.63742,1.35,1.50
2012.01.06 03:10:55.859,1.63695,1.63742,2.10,1.50
2012.01.06 03:10:56.171,1.63707,1.63754,1.35,1.75
2012.01.06 03:10:56.240,1.63707,1.63754,1.35,1.75
2012.01.06 03:10:56.811,1.63707,1.63754,1.35,1.75
2012.01.06 03:10:57.730,1.63707,1.63754,1.35,1.75
2012.01.06 03:10:59.259,1.63707,1.63754,1.35,1.45
2012.01.06 03:11:11.201,1.63707,1.63754,1.35,1.45
2012.01.06 03:11:14.829,1.63707,1.63754,1.35,1.45
2012.01.06 03:11:20.957,1.63707,1.63754,1.35,1.45
2012.01.06 03:11:29.250,1.63699,1.63752,1.50,1.35
2012.01.06 03:11:29.318,1.63693,1.63751,2.25,1.50
2012.01.06 03:11:29.380,1.63693,1.63751,2.25,1.88
2012.01.06 03:11:29.693,1.63693,1.63748,1.50,1.83
2012.01.06 03:11:33.771,1.63685,1.63735,2.10,1.50
2012.01.06 03:11:34.239,1.63685,1.63735,2.10,1.50
2012.01.06 03:11:36.108,1.63685,1.63735,2.10,2.20
2012.01.06 03:11:37.179,1.63696,1.63746,2.10,2.58
2012.01.06 03:11:37.787,1.63696,1.63746,2.10,2.58
2012.01.06 03:11:38.808,1.63696,1.63745,2.10,1.08
2012.01.06 03:11:38.931,1.63698,1.63745,1.35,1.08
2012.01.06 03:11:40.581,1.63692,1.63745,2.10,1.08
2012.01.06 03:11:41.181,1.63692,1.63745,2.10,1.08
2012.01.06 03:11:41.743,1.63692,1.63745,2.10,1.08
2012.01.06 03:11:44.680,1.63692,1.63745,2.10,1.08
2012.01.06 03:11:45.625,1.63697,1.63746,1.50,2.58
2012.01.06 03:11:45.959,1.63717,1.63764,1.35,1.45
2012.01.06 03:11:46.538,1.63717,1.63764,1.35,1.45
2012.01.06 03:11:47.559,1.63717,1.63764,1.35,1.45
2012.01.06 03:11:47.692,1.6371,1.63751,1.88,1.35
2012.01.06 03:11:47.761,1.6371,1.63751,1.50,1.65
2012.01.06 03:11:47.892,1.63691,1.63748,2.10,1.50
2012.01.06 03:11:48.158,1.63691,1.63748,2.10,1.88
2012.01.06 03:11:48.230,1.63691,1.63746,1.35,1.13
2012.01.06 03:11:50.719,1.63691,1.63743,1.35,1.45
2012.01.06 03:11:52.620,1.63691,1.63743,2.10,1.45
2012.01.06 03:11:52.929,1.63716,1.6376,1.35,1.45
2012.01.06 03:11:54.699,1.63709,1.63752,1.50,1.35
2012.01.06 03:11:54.890,1.63709,1.63752,1.50,1.95
2012.01.06 03:11:54.958,1.6369,1.63745,2.10,1.50
2012.01.06 03:11:55.940,1.6369,1.63745,1.35,2.25
2012.01.06 03:11:56.140,1.63689,1.63738,1.50,1.35
2012.01.06 03:11:56.554,1.63685,1.63736,2.10,1.50
2012.01.06 03:11:57.723,1.63685,1.63736,2.10,2.20
2012.01.06 03:11:58.120,1.63685,1.63734,1.35,1.45
2012.01.06 03:11:58.479,1.63685,1.6373,1.35,1.50
2012.01.06 03:11:58.670,1.63672,1.6373,2.25,3.23
2012.01.06 03:11:58.798,1.63672,1.6373,2.25,4.30
2012.01.06 03:11:59.109,1.63672,1.63728,2.25,1.08
2012.01.06 03:11:59.668,1.6368,1.6373,1.13,3.55
2012.01.06 03:11:59.740,1.6368,1.6373,1.13,2.85
2012.01.06 03:12:00.200,1.63685,1.63734,2.10,1.08
2012.01.06 03:12:00.272,1.63685,1.63734,2.10,1.08
2012.01.06 03:12:00.579,1.63706,1.63736,1.13,1.50
2012.01.06 03:12:00.849,1.63717,1.63764,1.35,1.45
2012.01.06 03:12:00.979,1.6371,1.63758,1.88,2.10
2012.01.06 03:12:01.230,1.6371,1.63758,1.88,1.35
2012.01.06 03:12:01.299,1.63707,1.63757,1.73,2.20
2012.01.06 03:12:02.158,1.63707,1.63755,1.35,1.08
2012.01.06 03:12:02.228,1.63707,1.63755,1.35,1.83
2012.01.06 03:12:02.421,1.63694,1.63745,1.05,1.50
2012.01.06 03:12:02.632,1.63691,1.63745,2.10,1.50
2012.01.06 03:12:07.270,1.63691,1.63745,2.10,2.20
2012.01.06 03:12:07.736,1.63702,1.63745,2.10,1.50
2012.01.06 03:12:07.805,1.63702,1.63757,2.10,1.08
2012.01.06 03:12:08.438,1.63702,1.63754,1.35,1.45
2012.01.06 03:12:08.700,1.63702,1.63757,2.10,1.08
2012.01.06 03:12:09.084,1.63702,1.63757,2.10,1.08
2012.01.06 03:12:09.155,1.63702,1.6375,1.35,1.08
2012.01.06 03:12:09.222,1.637,1.63749,1.50,1.08
2012.01.06 03:12:09.709,1.63698,1.63749,1.35,1.08
2012.01.06 03:12:10.406,1.63698,1.63749,1.35,1.08
2012.01.06 03:12:10.923,1.63698,1.63749,1.35,1.08
2012.01.06 03:12:19.388,1.63698,1.6375,1.35,2.20
2012.01.06 03:12:28.957,1.63698,1.6375,1.35,2.20
2012.01.06 03:12:30.674,1.63698,1.6375,2.10,2.20
2012.01.06 03:12:30.739,1.63698,1.6375,1.35,2.20
2012.01.06 03:12:31.073,1.63698,1.6375,2.10,2.20
2012.01.06 03:12:32.672,1.63698,1.6375,1.35,2.20
2012.01.06 03:12:35.472,1.63698,1.6375,1.35,2.20
2012.01.06 03:12:48.468,1.63698,1.6375,1.35,2.20
2012.01.06 03:12:48.880,1.63705,1.63748,1.50,1.08
2012.01.06 03:12:49.070,1.63705,1.63752,1.50,1.35
2012.01.06 03:12:49.138,1.63714,1.63753,1.35,1.45
2012.01.06 03:12:57.612,1.63714,1.63756,1.35,1.08
2012.01.06 03:12:58.820,1.63714,1.63756,1.35,1.08
2012.01.06 03:13:00.833,1.63714,1.63756,1.35,1.08
2012.01.06 03:13:00.959,1.63712,1.63755,1.35,1.08
2012.01.06 03:13:01.033,1.63718,1.63755,1.35,1.08
2012.01.06 03:13:19.858,1.63718,1.63757,1.35,1.08
2012.01.06 03:13:36.851,1.63718,1.63762,1.35,2.20
2012.01.06 03:13:37.463,1.63718,1.63762,1.35,2.20
2012.01.06 03:13:42.504,1.63717,1.63762,1.35,2.85
2012.01.06 03:13:42.629,1.63715,1.63762,1.35,2.85
2012.01.06 03:13:43.022,1.63717,1.63762,1.35,2.85
2012.01.06 03:13:47.399,1.63716,1.63762,1.35,1.50
2012.01.06 03:13:52.060,1.63715,1.63762,1.35,2.85
2012.01.06 03:14:00.919,1.63715,1.63761,1.35,1.08
2012.01.06 03:14:05.677,1.63715,1.63761,1.35,1.08
2012.01.06 03:14:13.599,1.63715,1.63762,1.35,2.43
2012.01.06 03:14:13.729,1.6372,1.63763,1.35,1.45
2012.01.06 03:14:17.340,1.6372,1.63763,1.35,1.45
2012.01.06 03:14:17.761,1.63715,1.63762,1.35,2.05
2012.01.06 03:14:21.041,1.63722,1.63765,1.35,1.08
2012.01.06 03:14:21.171,1.63717,1.63762,1.35,2.05
2012.01.06 03:14:27.768,1.63717,1.63762,1.35,2.05
2012.01.06 03:14:41.897,1.63717,1.63762,1.35,2.05
2012.01.06 03:14:44.191,1.63717,1.63758,1.35,1.45
2012.01.06 03:14:44.652,1.63721,1.63758,1.35,1.45
2012.01.06 03:14:46.168,1.63714,1.6377,2.10,1.45
2012.01.06 03:14:46.233,1.63707,1.63762,1.13,2.25
2012.01.06 03:14:46.364,1.63711,1.63757,1.35,2.10
2012.01.06 03:14:46.433,1.63711,1.63757,1.35,1.35
2012.01.06 03:14:46.561,1.63722,1.63762,1.35,2.20
2012.01.06 03:14:47.736,1.63722,1.63766,1.35,1.08
2012.01.06 03:14:48.593,1.63717,1.63763,1.35,2.80
2012.01.06 03:14:49.203,1.63717,1.63763,1.35,2.10
2012.01.06 03:14:52.508,1.63715,1.63764,1.35,2.10
2012.01.06 03:14:52.691,1.63718,1.63763,1.35,1.35
2012.01.06 03:14:52.939,1.63716,1.63764,1.35,2.10
2012.01.06 03:14:54.583,1.63716,1.63764,1.35,2.10
2012.01.06 03:14:55.183,1.63716,1.63764,1.35,2.10
2012.01.06 03:14:57.317,1.63716,1.63764,1.35,2.10
2012.01.06 03:14:57.985,1.63722,1.63768,1.35,1.50
2012.01.06 03:15:03.815,1.63722,1.63769,2.10,1.35
2012.01.06 03:15:03.943,1.63722,1.63769,1.35,1.35
2012.01.06 03:15:04.014,1.6373,1.63775,1.35,2.10
2012.01.06 03:15:04.262,1.63734,1.63778,1.35,2.85
2012.01.06 03:15:04.602,1.63731,1.63778,1.35,2.85
2012.01.06 03:15:05.512,1.63731,1.63778,1.35,3.45
2012.01.06 03:15:06.052,1.63725,1.6377,1.35,1.35
2012.01.06 03:15:06.590,1.63722,1.63769,1.35,1.35
2012.01.06 03:15:06.661,1.63722,1.63769,1.35,2.10
2012.01.06 03:15:06.793,1.63716,1.63763,1.35,2.70
2012.01.06 03:15:07.330,1.63715,1.6376,1.35,1.35
2012.01.06 03:15:07.863,1.63715,1.63758,1.35,1.50
2012.01.06 03:15:08.410,1.63716,1.63758,1.35,1.50
2012.01.06 03:15:10.840,1.6371,1.63754,1.35,1.35
2012.01.06 03:15:10.969,1.63716,1.63758,1.35,1.50
2012.01.06 03:15:12.284,1.63716,1.63758,1.35,2.25
2012.01.06 03:15:12.994,1.63717,1.63758,1.35,2.25
2012.01.06 03:15:13.590,1.63716,1.63758,1.35,2.25
2012.01.06 03:15:14.429,1.63716,1.6375,1.35,1.50
2012.01.06 03:15:14.562,1.63705,1.6375,1.35,1.50
2012.01.06 03:15:14.773,1.63705,1.63755,1.35,2.10
2012.01.06 03:15:14.901,1.63716,1.63759,1.35,2.25
2012.01.06 03:15:15.039,1.63716,1.63759,1.35,1.50
2012.01.06 03:15:17.870,1.63715,1.63759,1.35,1.50
2012.01.06 03:15:18.610,1.63722,1.63759,1.35,1.50
2012.01.06 03:15:18.961,1.63721,1.63764,1.35,2.10
2012.01.06 03:15:19.031,1.63721,1.63764,1.35,2.10
2012.01.06 03:15:19.163,1.63721,1.63759,1.35,1.50
2012.01.06 03:15:19.230,1.63716,1.63759,1.35,2.85
2012.01.06 03:15:19.732,1.63714,1.63758,1.35,1.35
2012.01.06 03:15:24.462,1.63714,1.63758,1.35,2.10
2012.01.06 03:15:24.719,1.63714,1.63758,1.35,1.35
2012.01.06 03:15:25.590,1.63714,1.63754,1.35,1.50
2012.01.06 03:15:25.841,1.63709,1.63754,1.35,2.25
2012.01.06 03:15:26.572,1.63709,1.63754,1.35,1.50
2012.01.06 03:15:27.170,1.63709,1.63755,1.35,1.35
2012.01.06 03:15:27.242,1.63721,1.63764,1.35,2.25
2012.01.06 03:15:31.249,1.63721,1.63764,1.35,2.25
2012.01.06 03:15:31.981,1.63721,1.63764,1.35,2.25
2012.01.06 03:15:32.051,1.63709,1.63755,1.35,1.35
2012.01.06 03:15:32.654,1.63709,1.63754,1.35,1.50
2012.01.06 03:15:34.070,1.63709,1.63742,1.35,1.50
2012.01.06 03:15:34.139,1.637,1.63742,2.10,1.50
2012.01.06 03:15:34.270,1.6371,1.63742,1.35,1.50
2012.01.06 03:15:34.341,1.6371,1.63754,1.35,3.60
2012.01.06 03:15:36.110,1.6371,1.63754,1.35,2.85
2012.01.06 03:15:36.362,1.63705,1.63749,1.35,1.35
2012.01.06 03:15:36.612,1.63708,1.63754,1.35,2.85
2012.01.06 03:15:37.340,1.6371,1.63754,1.35,2.85
2012.01.06 03:15:37.660,1.63721,1.63763,1.35,2.25
2012.01.06 03:15:37.791,1.6371,1.63754,1.35,1.35
2012.01.06 03:15:40.133,1.63721,1.63764,1.35,2.25
2012.01.06 03:15:40.321,1.6371,1.63755,1.35,2.10
2012.01.06 03:15:40.453,1.63715,1.63761,1.35,2.10
2012.01.06 03:15:41.322,1.63714,1.63758,1.35,2.25
2012.01.06 03:15:43.181,1.63714,1.63758,1.35,1.50
2012.01.06 03:15:45.061,1.63714,1.63758,1.35,2.25
2012.01.06 03:15:45.370,1.63717,1.63758,1.35,2.25
2012.01.06 03:15:46.760,1.63717,1.63758,1.35,1.50
2012.01.06 03:15:46.830,1.63717,1.63749,1.35,1.50
2012.01.06 03:15:46.899,1.63707,1.63749,2.10,1.50
2012.01.06 03:15:49.451,1.63707,1.63749,1.35,2.25
2012.01.06 03:15:50.222,1.63707,1.63749,1.35,1.50
2012.01.06 03:15:51.862,1.63707,1.63749,1.35,2.25
2012.01.06 03:15:52.660,1.63696,1.63742,1.35,1.35
2012.01.06 03:15:52.920,1.63696,1.63739,1.35,1.50
2012.01.06 03:15:54.232,1.63696,1.63739,2.85,1.50
2012.01.06 03:15:54.573,1.63708,1.63739,1.35,1.50
2012.01.06 03:15:54.639,1.63708,1.63752,1.35,1.35
2012.01.06 03:15:54.781,1.63708,1.63752,1.35,2.25
2012.01.06 03:15:54.852,1.63696,1.63739,2.10,1.50
2012.01.06 03:15:55.103,1.63696,1.6373,2.10,1.50
2012.01.06 03:15:55.846,1.63696,1.6373,1.50,1.50
2012.01.06 03:15:56.158,1.63713,1.6373,1.35,1.50
2012.01.06 03:15:56.410,1.63713,1.63754,1.35,2.25
2012.01.06 03:15:56.820,1.63702,1.63744,1.73,1.50
2012.01.06 03:16:06.080,1.63707,1.63744,1.35,1.50
2012.01.06 03:16:07.302,1.63699,1.63743,1.35,1.35
2012.01.06 03:16:07.378,1.63698,1.63741,1.35,1.35
2012.01.06 03:16:07.735,1.63698,1.63739,1.35,1.50
2012.01.06 03:16:07.799,1.63695,1.63739,1.35,1.50
2012.01.06 03:16:08.300,1.63695,1.63728,1.35,1.50
2012.01.06 03:16:08.369,1.63685,1.63728,2.10,1.50
2012.01.06 03:16:08.620,1.63695,1.63738,1.35,1.50
2012.01.06 03:16:08.964,1.63695,1.63738,2.10,1.50
2012.01.06 03:16:09.288,1.63699,1.63738,1.35,1.50
2012.01.06 03:16:12.919,1.63699,1.63738,1.35,2.25
2012.01.06 03:16:14.732,1.63699,1.63731,1.35,1.50
2012.01.06 03:16:14.862,1.6369,1.63731,1.35,1.50
2012.01.06 03:16:21.622,1.6369,1.63731,2.10,1.50
2012.01.06 03:16:21.751,1.6369,1.63734,2.10,1.35
2012.01.06 03:16:21.880,1.63699,1.63741,1.35,1.50
2012.01.06 03:16:24.443,1.63711,1.63741,1.35,1.50
2012.01.06 03:16:25.151,1.63711,1.63752,1.35,1.50
2012.01.06 03:16:25.224,1.63707,1.63752,1.35,1.50
2012.01.06 03:16:25.806,1.63707,1.63751,1.35,1.35
2012.01.06 03:16:30.617,1.63707,1.63751,1.35,2.10
2012.01.06 03:16:35.311,1.63707,1.63737,1.35,1.50
2012.01.06 03:16:35.441,1.63693,1.63737,1.35,2.85
2012.01.06 03:16:35.571,1.63695,1.63737,1.35,1.50
2012.01.06 03:16:35.763,1.63691,1.63735,1.35,1.35
2012.01.06 03:16:36.297,1.63689,1.63735,1.35,1.35
2012.01.06 03:16:36.949,1.63688,1.63734,1.35,1.35
2012.01.06 03:16:39.993,1.63692,1.63734,1.35,1.35
2012.01.06 03:16:40.485,1.63698,1.63744,1.35,2.85
2012.01.06 03:16:41.571,1.63686,1.63737,2.25,1.35
2012.01.06 03:16:41.879,1.63699,1.63743,2.10,1.35
2012.01.06 03:16:41.948,1.63699,1.63743,1.35,1.35
2012.01.06 03:16:42.212,1.63686,1.63737,2.25,1.35
2012.01.06 03:16:42.520,1.6368,1.63734,2.25,1.35
2012.01.06 03:16:43.216,1.6368,1.63734,2.25,1.35
2012.01.06 03:16:43.520,1.63678,1.63731,2.10,1.50
2012.01.06 03:16:44.255,1.63675,1.63718,2.48,1.35
2012.01.06 03:16:44.766,1.63675,1.63718,2.48,1.35
2012.01.06 03:16:45.011,1.6368,1.63724,2.10,1.35
2012.01.06 03:16:45.080,1.6368,1.63726,2.10,1.35
2012.01.06 03:16:45.587,1.6368,1.63726,1.35,1.35
2012.01.06 03:16:45.713,1.6368,1.63722,1.35,1.50
2012.01.06 03:16:45.840,1.63675,1.63721,2.10,1.35
2012.01.06 03:16:45.982,1.63674,1.63719,2.10,1.35
2012.01.06 03:16:47.122,1.63673,1.63717,2.10,1.35
2012.01.06 03:16:47.688,1.63668,1.63712,2.10,1.35
2012.01.06 03:16:47.758,1.63665,1.6371,2.10,1.35
2012.01.06 03:16:48.286,1.63665,1.63709,2.10,1.50
2012.01.06 03:16:48.882,1.63665,1.63709,2.10,1.50
2012.01.06 03:16:49.273,1.63669,1.63712,1.35,1.35
2012.01.06 03:16:49.340,1.63673,1.63726,2.10,1.35
2012.01.06 03:16:50.199,1.63675,1.63728,2.10,1.50
2012.01.06 03:16:50.693,1.63675,1.63728,2.10,1.50
2012.01.06 03:16:51.240,1.63674,1.63727,2.10,1.35
2012.01.06 03:16:51.980,1.63674,1.63716,2.10,1.50
2012.01.06 03:16:52.292,1.63669,1.63713,2.10,1.35
2012.01.06 03:16:53.109,1.6368,1.63724,2.10,1.35
2012.01.06 03:16:54.152,1.6368,1.63724,1.35,2.70
2012.01.06 03:16:54.710,1.6368,1.63724,2.10,1.95
2012.01.06 03:16:54.840,1.63673,1.63727,2.10,1.50
2012.01.06 03:16:54.969,1.63678,1.63731,2.10,1.35
2012.01.06 03:16:56.151,1.63686,1.63742,2.25,1.50
2012.01.06 03:17:00.029,1.63686,1.63742,2.25,1.50
2012.01.06 03:17:00.216,1.63686,1.63742,2.25,1.50
2012.01.06 03:17:00.983,1.63696,1.63752,2.25,1.50
2012.01.06 03:17:01.542,1.63696,1.63752,2.25,3.55
2012.01.06 03:17:01.930,1.63689,1.63747,2.25,1.50
2012.01.06 03:17:02.584,1.63689,1.63747,2.25,2.20
2012.01.06 03:17:03.654,1.63689,1.63747,2.25,2.20
2012.01.06 03:17:04.486,1.63689,1.63747,2.25,2.20
2012.01.06 03:17:05.750,1.63689,1.63746,1.50,1.45
2012.01.06 03:17:08.911,1.63689,1.63747,2.25,1.50
2012.01.06 03:17:10.441,1.63689,1.63747,1.50,2.25
2012.01.06 03:17:11.001,1.63689,1.63747,2.25,1.50
2012.01.06 03:17:12.218,1.63689,1.63747,1.50,2.25
2012.01.06 03:17:18.213,1.63689,1.63747,2.25,1.50
2012.01.06 03:17:18.397,1.63689,1.63747,1.50,2.25
2012.01.06 03:17:23.934,1.63689,1.63747,2.25,1.50
2012.01.06 03:17:25.540,1.63689,1.63747,1.50,2.25
2012.01.06 03:17:26.133,1.63689,1.63747,2.25,1.50
2012.01.06 03:17:26.494,1.63698,1.6375,1.50,2.10
2012.01.06 03:17:26.701,1.63698,1.63751,1.50,1.35
2012.01.06 03:17:26.770,1.63698,1.63753,1.50,2.80
2012.01.06 03:17:26.903,1.63698,1.63734,1.50,1.35
2012.01.06 03:17:27.452,1.63687,1.63734,2.25,1.35
2012.01.06 03:17:28.012,1.63687,1.63734,2.25,1.35
2012.01.06 03:17:30.531,1.63678,1.63734,3.60,1.35
2012.01.06 03:17:30.834,1.63678,1.6373,2.25,1.35
2012.01.06 03:17:30.965,1.63691,1.63736,2.10,1.50
2012.01.06 03:17:33.100,1.63691,1.63737,2.10,1.35
2012.01.06 03:17:37.080,1.63689,1.63733,2.10,1.35
2012.01.06 03:17:37.816,1.63685,1.6373,2.10,1.35
2012.01.06 03:17:38.962,1.63685,1.63729,2.10,1.35
2012.01.06 03:17:39.029,1.63685,1.63729,2.10,1.35
2012.01.06 03:17:39.743,1.63685,1.6373,2.10,1.35
2012.01.06 03:17:42.620,1.63685,1.6373,2.10,1.35
2012.01.06 03:17:42.799,1.63688,1.63732,2.10,1.35
2012.01.06 03:17:44.449,1.63684,1.63731,2.10,1.35
2012.01.06 03:17:46.799,1.63688,1.63732,2.10,1.35
2012.01.06 03:17:50.651,1.63684,1.63731,2.10,1.35
2012.01.06 03:17:51.271,1.63684,1.63731,1.35,1.35
2012.01.06 03:17:52.369,1.6369,1.63737,1.35,2.25
2012.01.06 03:17:52.501,1.6369,1.63744,2.10,3.55
2012.01.06 03:17:53.278,1.63694,1.63744,2.25,1.35
2012.01.06 03:18:00.155,1.63696,1.63744,1.13,1.35
2012.01.06 03:18:00.400,1.63706,1.63751,2.10,1.35
2012.01.06 03:18:00.649,1.63708,1.63751,1.35,1.35
2012.01.06 03:18:11.101,1.6371,1.63754,1.35,1.35
2012.01.06 03:18:11.611,1.63709,1.63755,1.35,2.85
2012.01.06 03:18:16.150,1.63713,1.63755,1.35,1.50
2012.01.06 03:18:27.243,1.63713,1.63756,1.35,1.35
2012.01.06 03:18:27.551,1.63713,1.63756,2.10,1.35
2012.01.06 03:18:27.974,1.63713,1.63759,2.10,1.35
2012.01.06 03:18:28.160,1.63717,1.63763,1.35,1.35
2012.01.06 03:18:54.403,1.63718,1.63764,1.35,1.35
2012.01.06 03:18:54.531,1.63722,1.63765,1.35,1.35
2012.01.06 03:18:55.040,1.63722,1.63766,1.35,1.50
2012.01.06 03:18:55.353,1.6372,1.63765,2.10,1.35
2012.01.06 03:18:56.862,1.6372,1.63765,1.35,1.35
2012.01.06 03:18:57.254,1.6372,1.63765,2.10,1.35
2012.01.06 03:18:57.441,1.63724,1.63766,1.35,1.50
2012.01.06 03:18:58.175,1.63724,1.63766,1.35,2.25
2012.01.06 03:18:58.240,1.63724,1.63766,1.35,1.50
2012.01.06 03:19:01.931,1.63727,1.63766,1.35,1.50
2012.01.06 03:19:09.887,1.63727,1.63766,1.35,2.25
2012.01.06 03:19:16.515,1.63727,1.63766,1.35,1.50
2012.01.06 03:19:22.261,1.63727,1.63771,1.35,1.35
2012.01.06 03:19:22.571,1.63731,1.63772,1.35,1.50
2012.01.06 03:19:23.102,1.6373,1.63772,1.35,1.50
2012.01.06 03:19:23.173,1.6373,1.63779,1.35,2.10
2012.01.06 03:19:23.421,1.63732,1.63776,1.35,2.10
2012.01.06 03:19:23.918,1.6373,1.63777,1.35,2.10
2012.01.06 03:19:24.170,1.63731,1.63778,1.35,2.10
2012.01.06 03:19:25.431,1.63731,1.63776,1.35,2.10
2012.01.06 03:19:25.620,1.6372,1.63765,1.35,2.10
2012.01.06 03:19:26.362,1.6372,1.63764,1.73,2.10
2012.01.06 03:19:26.431,1.6373,1.63768,1.35,1.50
2012.01.06 03:19:26.620,1.6373,1.63775,1.35,2.10
2012.01.06 03:19:32.100,1.6373,1.63775,1.73,2.10
2012.01.06 03:19:32.169,1.63731,1.63775,2.63,1.35
2012.01.06 03:19:32.430,1.6374,1.63786,1.35,1.35
2012.01.06 03:19:32.500,1.6374,1.63786,1.35,2.10
2012.01.06 03:19:32.573,1.6373,1.63775,1.73,2.10
2012.01.06 03:20:02.163,1.6373,1.63775,1.35,2.10
2012.01.06 03:20:02.293,1.6372,1.63765,1.50,2.10
2012.01.06 03:20:02.821,1.63719,1.63765,1.35,2.10
2012.01.06 03:20:04.422,1.63719,1.63765,1.35,1.35
2012.01.06 03:20:05.060,1.63719,1.63765,2.10,1.35
2012.01.06 03:20:05.130,1.63719,1.63765,1.35,1.35
2012.01.06 03:20:05.441,1.63719,1.63765,2.10,1.35
2012.01.06 03:20:05.513,1.63731,1.63774,1.35,1.35
2012.01.06 03:20:06.122,1.63731,1.63774,1.35,2.10
2012.01.06 03:20:06.372,1.63719,1.63765,1.35,2.10
2012.01.06 03:20:06.504,1.63731,1.63768,1.35,1.50
2012.01.06 03:20:06.694,1.63731,1.63774,1.35,1.35
2012.01.06 03:20:10.449,1.6374,1.63779,1.35,1.50
2012.01.06 03:20:10.521,1.6374,1.63786,1.35,2.10
2012.01.06 03:20:16.198,1.6374,1.63786,1.35,2.10
2012.01.06 03:20:16.473,1.6374,1.63786,1.35,2.10
2012.01.06 03:20:21.973,1.6374,1.63786,1.35,2.10
2012.01.06 03:20:22.357,1.6374,1.63786,1.35,2.10
2012.01.06 03:20:52.770,1.63733,1.63774,1.50,1.35
2012.01.06 03:20:52.840,1.63731,1.63774,1.35,1.35
2012.01.06 03:20:58.239,1.63733,1.63774,1.50,1.35
2012.01.06 03:20:58.431,1.6374,1.63786,1.35,2.10
2012.01.06 03:20:59.933,1.6374,1.63786,1.35,2.10
2012.01.06 03:21:00.368,1.63733,1.63774,1.50,2.10
2012.01.06 03:21:00.489,1.63733,1.63774,1.50,1.35
2012.01.06 03:21:00.852,1.63731,1.63774,1.35,1.35
2012.01.06 03:21:03.073,1.63736,1.63779,1.35,1.50
2012.01.06 03:21:03.264,1.63729,1.63773,1.95,1.35
2012.01.06 03:21:21.145,1.63731,1.63779,1.35,2.85
2012.01.06 03:21:21.229,1.63734,1.63792,1.50,2.25
2012.01.06 03:21:21.293,1.63727,1.63783,2.85,2.25
2012.01.06 03:21:21.736,1.63742,1.63783,1.35,1.50
2012.01.06 03:21:21.982,1.63736,1.63783,2.10,1.50
2012.01.06 03:21:22.411,1.63737,1.63791,2.10,1.50
2012.01.06 03:21:22.546,1.63746,1.63791,2.10,1.50
2012.01.06 03:21:23.120,1.63748,1.63791,1.35,1.50
2012.01.06 03:21:23.193,1.63756,1.638,1.35,1.35
2012.01.06 03:21:23.713,1.63756,1.638,1.35,2.10
2012.01.06 03:21:24.224,1.63755,1.63799,1.35,2.10
2012.01.06 03:21:25.931,1.63755,1.63801,1.35,1.35
2012.01.06 03:21:26.419,1.63755,1.63801,1.35,2.10
2012.01.06 03:21:26.955,1.63755,1.63801,1.35,1.35
2012.01.06 03:21:27.240,1.63755,1.63799,1.35,1.35
2012.01.06 03:21:27.553,1.63755,1.63799,1.35,2.10
2012.01.06 03:21:36.711,1.63755,1.63799,1.35,1.35
2012.01.06 03:21:38.535,1.63756,1.63804,1.35,3.60
2012.01.06 03:21:38.907,1.63769,1.63811,1.35,2.25
2012.01.06 03:21:39.031,1.63769,1.63813,1.35,2.10
2012.01.06 03:21:43.964,1.63769,1.63813,1.35,2.10
2012.01.06 03:21:46.882,1.63769,1.63813,1.35,2.10
2012.01.06 03:21:47.651,1.63769,1.63813,1.35,2.10
2012.01.06 03:21:50.305,1.63764,1.6381,1.35,2.10
2012.01.06 03:21:50.373,1.63764,1.6381,1.35,1.35
2012.01.06 03:21:50.441,1.63764,1.6381,1.35,2.10
2012.01.06 03:21:50.753,1.63768,1.63814,1.35,2.10
2012.01.06 03:21:55.918,1.63772,1.63817,1.35,2.10
2012.01.06 03:21:56.221,1.63772,1.63817,1.35,2.10
2012.01.06 03:21:56.784,1.63772,1.63802,1.35,2.25
2012.01.06 03:21:57.188,1.63755,1.63802,1.35,2.25
2012.01.06 03:21:57.380,1.6375,1.63797,1.35,2.10
2012.01.06 03:21:57.783,1.63755,1.63806,1.35,2.25
2012.01.06 03:21:57.970,1.63755,1.6381,1.35,2.10
2012.01.06 03:21:58.502,1.63762,1.6381,1.50,2.10
2012.01.06 03:21:58.830,1.63769,1.63815,1.35,1.35
2012.01.06 03:22:00.981,1.63769,1.63815,1.35,1.35
2012.01.06 03:22:01.791,1.63768,1.63814,1.50,2.10
2012.01.06 03:22:01.860,1.63768,1.63811,1.50,1.35
2012.01.06 03:22:02.269,1.63766,1.63811,1.35,2.10
2012.01.06 03:22:03.882,1.63765,1.6381,1.35,2.10
2012.01.06 03:22:03.952,1.63762,1.63809,1.35,2.10
2012.01.06 03:22:04.597,1.63761,1.63806,1.35,2.10
2012.01.06 03:22:04.667,1.63755,1.63802,1.35,2.10
2012.01.06 03:22:05.492,1.63755,1.63802,1.35,2.10
2012.01.06 03:22:06.874,1.63755,1.63802,1.35,2.10
2012.01.06 03:22:07.005,1.63755,1.63802,2.70,1.35
2012.01.06 03:22:07.075,1.63765,1.63804,1.50,2.10
2012.01.06 03:22:07.643,1.63775,1.6382,1.35,2.10
2012.01.06 03:22:07.737,1.63773,1.6382,1.35,2.10
2012.01.06 03:22:08.053,1.63772,1.63819,1.35,2.10
2012.01.06 03:22:08.184,1.63766,1.63811,1.35,2.10
2012.01.06 03:22:08.381,1.63765,1.63811,1.50,2.10
2012.01.06 03:22:08.750,1.63765,1.63811,1.50,2.10
2012.01.06 03:22:09.752,1.63772,1.63819,1.35,2.10
2012.01.06 03:22:09.824,1.63765,1.6381,2.85,2.10
2012.01.06 03:22:12.015,1.63756,1.63807,1.35,3.60
2012.01.06 03:22:12.145,1.63757,1.63807,1.35,2.10
2012.01.06 03:22:12.501,1.63774,1.63813,1.35,2.25
2012.01.06 03:22:13.164,1.63774,1.63821,1.35,2.10
2012.01.06 03:22:13.235,1.63774,1.63821,1.73,2.10
2012.01.06 03:22:13.543,1.63787,1.63832,1.35,2.10
2012.01.06 03:22:14.125,1.63788,1.63833,1.35,2.10
2012.01.06 03:22:14.194,1.63786,1.63833,1.35,2.10
2012.01.06 03:22:15.113,1.63787,1.63834,1.35,2.10
2012.01.06 03:22:15.682,1.63787,1.63834,1.73,2.10
2012.01.06 03:22:15.755,1.63791,1.63834,1.50,2.10
2012.01.06 03:22:15.882,1.63796,1.63841,1.35,2.10
2012.01.06 03:22:16.622,1.63797,1.63842,1.35,2.10
2012.01.06 03:22:17.431,1.63798,1.63813,1.35,1.35
2012.01.06 03:22:17.506,1.6379,1.63813,1.50,1.35
2012.01.06 03:22:17.692,1.6376,1.63818,1.50,2.25
2012.01.06 03:22:18.440,1.63751,1.63807,1.50,2.25
2012.01.06 03:22:18.513,1.63746,1.63802,1.13,1.50
2012.01.06 03:22:19.151,1.63751,1.63807,1.50,2.25
2012.01.06 03:22:19.703,1.63745,1.63799,1.13,1.50
2012.01.06 03:22:20.162,1.63745,1.63792,1.13,1.50
2012.01.06 03:22:20.553,1.63747,1.63792,1.13,1.50
2012.01.06 03:22:21.130,1.63736,1.63792,2.25,1.50
2012.01.06 03:22:21.262,1.6373,1.63784,2.10,1.35
2012.01.06 03:22:22.176,1.63733,1.63785,2.10,1.50
2012.01.06 03:22:22.881,1.6373,1.63784,2.10,1.35
2012.01.06 03:22:24.223,1.63737,1.63792,1.13,1.50
2012.01.06 03:22:24.294,1.63736,1.63792,1.13,1.50
2012.01.06 03:22:25.023,1.63734,1.63792,2.25,1.50
2012.01.06 03:22:25.099,1.63728,1.63784,1.50,2.25
2012.01.06 03:22:25.430,1.63728,1.63784,2.25,1.50
2012.01.06 03:22:25.503,1.63728,1.63784,1.50,2.25
2012.01.06 03:22:26.064,1.63728,1.63784,1.88,2.25
2012.01.06 03:22:26.253,1.63728,1.63784,1.88,2.25
2012.01.06 03:22:26.622,1.63721,1.63774,1.50,2.10
2012.01.06 03:22:27.075,1.63714,1.63765,1.13,2.85
2012.01.06 03:22:27.202,1.63712,1.63765,1.73,2.25
2012.01.06 03:22:27.396,1.63714,1.63772,2.63,1.50
2012.01.06 03:22:27.523,1.63721,1.63777,1.50,2.25
2012.01.06 03:22:27.897,1.63721,1.63777,2.25,1.50
2012.01.06 03:22:28.202,1.63716,1.63772,1.13,1.50
2012.01.06 03:22:28.624,1.63716,1.63769,1.13,1.35
2012.01.06 03:22:28.691,1.63714,1.63769,2.25,1.35
2012.01.06 03:22:29.382,1.63712,1.63766,2.10,1.50
2012.01.06 03:22:30.612,1.63716,1.63766,1.50,1.50
2012.01.06 03:22:30.923,1.63734,1.63769,1.50,1.35
2012.01.06 03:22:30.991,1.63741,1.63786,1.35,2.10
2012.01.06 03:22:31.674,1.6374,1.63787,1.35,2.10
2012.01.06 03:22:32.043,1.63738,1.63783,1.35,2.70
2012.01.06 03:22:32.232,1.63738,1.63783,1.35,2.70
2012.01.06 03:22:32.422,1.63739,1.63783,1.35,1.35
2012.01.06 03:22:32.492,1.63737,1.63774,1.35,1.35
2012.01.06 03:22:32.564,1.63734,1.63766,1.50,1.65
2012.01.06 03:22:32.753,1.6372,1.63765,1.50,1.35
2012.01.06 03:22:32.941,1.6372,1.63761,1.50,1.35
2012.01.06 03:22:33.012,1.63711,1.63761,1.50,1.35
2012.01.06 03:22:33.086,1.63711,1.63766,1.50,2.10
2012.01.06 03:22:33.272,1.63711,1.63766,2.25,1.35
2012.01.06 03:22:33.818,1.63713,1.63768,2.10,1.35
2012.01.06 03:22:33.888,1.63712,1.63769,2.10,2.85
2012.01.06 03:22:34.374,1.63712,1.63769,2.10,2.85
2012.01.06 03:22:34.504,1.63711,1.63761,2.25,1.35
2012.01.06 03:22:34.633,1.63711,1.63766,2.25,1.35
2012.01.06 03:22:34.701,1.63711,1.63769,2.25,2.85
2012.01.06 03:22:34.830,1.63711,1.63766,2.25,1.35
2012.01.06 03:22:35.158,1.63711,1.63761,2.25,1.35
2012.01.06 03:22:35.566,1.63705,1.63759,3.60,1.35
2012.01.06 03:22:36.127,1.63724,1.63759,2.25,1.35
2012.01.06 03:22:36.202,1.63739,1.63786,1.35,1.35
2012.01.06 03:22:36.270,1.63739,1.63784,1.35,1.35
2012.01.06 03:22:37.043,1.63737,1.63782,1.35,1.35
2012.01.06 03:22:37.111,1.63738,1.63785,1.35,2.10
2012.01.06 03:22:37.243,1.63736,1.63783,1.35,1.35
2012.01.06 03:22:37.372,1.63734,1.63781,2.85,1.35
2012.01.06 03:22:37.723,1.63733,1.63776,1.35,1.35
2012.01.06 03:22:38.335,1.63733,1.63776,1.35,1.95
2012.01.06 03:22:38.410,1.63722,1.63766,1.35,1.35
2012.01.06 03:22:38.484,1.63724,1.63766,2.25,1.35
2012.01.06 03:22:38.734,1.63733,1.63777,1.50,1.35
2012.01.06 03:22:38.801,1.63741,1.63785,1.35,1.35
2012.01.06 03:22:40.832,1.63742,1.63788,1.35,2.25
2012.01.06 03:22:41.142,1.63747,1.6379,1.35,1.05
2012.01.06 03:22:41.452,1.63748,1.63794,1.35,2.70
2012.01.06 03:22:42.162,1.63747,1.63793,1.35,1.35
2012.01.06 03:22:42.753,1.63747,1.63794,1.35,1.35
2012.01.06 03:22:43.490,1.63748,1.63794,1.35,2.70
2012.01.06 03:22:43.621,1.63748,1.63793,1.35,2.70
2012.01.06 03:22:44.141,1.63746,1.63793,1.35,1.35
2012.01.06 03:22:45.166,1.63727,1.63783,1.50,3.45
2012.01.06 03:22:46.010,1.63727,1.63783,1.50,1.50
2012.01.06 03:22:46.221,1.63727,1.63783,2.25,1.50
2012.01.06 03:22:46.482,1.63727,1.63783,2.25,2.25
2012.01.06 03:22:46.673,1.63734,1.63783,1.13,1.50
2012.01.06 03:22:47.042,1.63735,1.63791,2.25,1.50
2012.01.06 03:22:47.472,1.63735,1.63791,2.25,1.50
2012.01.06 03:22:47.795,1.63753,1.63791,1.35,1.50
2012.01.06 03:22:48.305,1.63753,1.638,1.35,1.50
2012.01.06 03:22:49.113,1.63751,1.638,1.35,1.50
2012.01.06 03:22:49.935,1.6375,1.638,1.35,1.50
2012.01.06 03:22:50.331,1.63746,1.638,2.10,2.85
2012.01.06 03:22:51.163,1.63746,1.63795,2.10,1.50
2012.01.06 03:22:52.044,1.63746,1.63795,2.10,1.50
2012.01.06 03:22:53.261,1.63748,1.63795,1.35,1.50
2012.01.06 03:22:54.071,1.6375,1.63795,1.35,1.50
2012.01.06 03:22:54.380,1.63753,1.638,2.10,1.50
2012.01.06 03:22:55.771,1.63752,1.638,2.10,1.50
2012.01.06 03:22:56.570,1.63751,1.638,2.10,1.50
2012.01.06 03:22:59.014,1.63747,1.638,2.10,1.50
2012.01.06 03:22:59.707,1.63746,1.638,2.10,2.85
2012.01.06 03:22:59.883,1.63746,1.638,2.10,2.85
2012.01.06 03:23:06.359,1.63745,1.63798,2.10,1.35
2012.01.06 03:23:06.730,1.63745,1.63789,2.10,1.50
2012.01.06 03:23:07.146,1.63741,1.63784,1.13,1.35
2012.01.06 03:23:09.451,1.6374,1.63784,1.35,1.35
2012.01.06 03:23:13.497,1.63742,1.63785,1.35,1.35
2012.01.06 03:23:13.802,1.63742,1.63788,2.10,1.35
2012.01.06 03:23:14.053,1.63747,1.63793,1.35,1.95
2012.01.06 03:23:14.644,1.63748,1.63795,1.35,1.35
2012.01.06 03:23:15.306,1.63747,1.63795,1.35,1.35
2012.01.06 03:23:15.968,1.63747,1.63795,2.10,1.35
2012.01.06 03:23:16.186,1.63747,1.63795,1.35,1.35
2012.01.06 03:23:16.404,1.63747,1.63795,2.10,1.35
2012.01.06 03:23:18.691,1.63747,1.63795,2.10,1.35
2012.01.06 03:23:18.935,1.63748,1.63796,2.10,1.50
2012.01.06 03:23:19.444,1.63748,1.63796,1.35,1.50
2012.01.06 03:23:20.369,1.63749,1.63793,1.35,1.35
2012.01.06 03:23:25.201,1.63749,1.63793,2.10,1.35
2012.01.06 03:23:28.456,1.63743,1.63789,2.10,1.35
2012.01.06 03:23:28.524,1.63743,1.63789,2.10,1.35
2012.01.06 03:23:37.182,1.63743,1.63789,1.35,1.35
2012.01.06 03:23:37.384,1.63743,1.63789,2.10,1.35
2012.01.06 03:23:39.029,1.63743,1.63789,2.10,1.35
2012.01.06 03:23:39.209,1.63743,1.63789,2.10,1.35
2012.01.06 03:23:40.650,1.63743,1.63789,2.10,1.35
2012.01.06 03:23:40.722,1.63743,1.63789,1.35,1.35
2012.01.06 03:23:40.803,1.63743,1.63789,2.10,1.35
2012.01.06 03:23:41.173,1.63743,1.63789,2.10,1.35
2012.01.06 03:23:43.153,1.63743,1.63789,2.10,1.35
2012.01.06 03:23:45.301,1.63743,1.63789,2.10,1.35
2012.01.06 03:23:46.405,1.63743,1.63789,2.10,1.35
2012.01.06 03:23:46.563,1.63743,1.63789,2.10,1.35
2012.01.06 03:23:46.637,1.63756,1.63802,2.10,1.35
2012.01.06 03:23:46.761,1.63748,1.63794,1.35,1.35
2012.01.06 03:23:47.177,1.63756,1.63798,1.35,1.50
2012.01.06 03:23:47.314,1.63749,1.63793,1.35,1.35
2012.01.06 03:23:49.484,1.6375,1.63795,1.35,1.35
2012.01.06 03:23:49.921,1.63749,1.63793,1.35,1.35
2012.01.06 03:24:05.513,1.63745,1.63789,2.10,1.35
2012.01.06 03:24:07.753,1.63745,1.63789,1.35,1.35
2012.01.06 03:24:07.920,1.63745,1.63789,2.10,1.35
2012.01.06 03:24:09.480,1.63745,1.63789,2.10,1.35
2012.01.06 03:24:09.623,1.63745,1.63789,2.10,1.35
2012.01.06 03:24:09.842,1.63745,1.63789,2.10,1.35
2012.01.06 03:24:10.182,1.63745,1.63789,1.35,1.35
2012.01.06 03:24:12.173,1.63745,1.63789,2.10,1.35
2012.01.06 03:24:12.902,1.63744,1.63788,2.10,1.35
2012.01.06 03:24:13.031,1.6375,1.63793,2.10,1.50
2012.01.06 03:24:13.181,1.6375,1.63803,2.10,1.50
2012.01.06 03:24:13.741,1.6375,1.63803,2.10,1.35
2012.01.06 03:24:17.163,1.6375,1.63803,2.10,1.35
2012.01.06 03:24:17.760,1.6375,1.63803,2.10,1.35
2012.01.06 03:24:18.153,1.6375,1.63803,2.10,1.35
2012.01.06 03:24:19.064,1.6375,1.63803,2.10,1.35
2012.01.06 03:24:19.940,1.63755,1.63804,2.10,1.50
2012.01.06 03:24:25.690,1.63749,1.63804,2.10,2.85
2012.01.06 03:24:26.690,1.63749,1.63804,1.35,3.60
2012.01.06 03:24:29.311,1.63749,1.63804,2.10,2.85
2012.01.06 03:24:33.459,1.63749,1.63802,2.10,1.35
2012.01.06 03:24:34.435,1.63749,1.63802,2.10,1.35
2012.01.06 03:24:37.186,1.63749,1.63802,2.10,1.35
2012.01.06 03:24:43.829,1.63749,1.63804,2.10,2.85
2012.01.06 03:24:49.240,1.63748,1.638,2.25,1.35
2012.01.06 03:24:49.441,1.63755,1.63804,2.10,1.50
2012.01.06 03:25:13.354,1.63754,1.63807,2.10,1.35
2012.01.06 03:25:30.370,1.63754,1.63799,2.10,1.50
2012.01.06 03:25:30.441,1.63754,1.63799,1.35,1.50
2012.01.06 03:25:30.569,1.63748,1.63794,1.35,1.35
2012.01.06 03:25:32.141,1.63754,1.63799,1.35,1.50
2012.01.06 03:25:32.606,1.63754,1.63807,2.10,1.35
2012.01.06 03:25:33.460,1.63754,1.63807,1.35,2.10
2012.01.06 03:25:33.590,1.63752,1.63793,1.50,2.10
2012.01.06 03:25:33.800,1.63749,1.63793,1.35,2.10
2012.01.06 03:25:34.461,1.63754,1.63798,1.35,1.50
2012.01.06 03:25:34.590,1.63754,1.63807,1.35,2.10
2012.01.06 03:25:34.723,1.63754,1.63807,2.10,1.35
2012.01.06 03:25:35.740,1.6377,1.63808,1.35,1.50
2012.01.06 03:25:35.870,1.6377,1.63814,1.35,2.10
2012.01.06 03:25:37.170,1.6377,1.63814,1.35,2.10
2012.01.06 03:25:37.301,1.6376,1.63804,1.35,2.10
2012.01.06 03:25:37.490,1.6376,1.63804,1.35,1.35
2012.01.06 03:25:37.619,1.63753,1.63808,2.10,2.85
2012.01.06 03:25:41.254,1.63769,1.63808,1.35,1.50
2012.01.06 03:25:41.320,1.63769,1.63815,1.35,2.10
2012.01.06 03:25:43.432,1.63769,1.6381,1.35,1.50
2012.01.06 03:25:43.681,1.6376,1.63804,1.35,1.35
2012.01.06 03:25:44.260,1.6376,1.63806,1.35,1.35
2012.01.06 03:25:50.460,1.63763,1.63806,1.50,1.35
2012.01.06 03:25:50.770,1.63771,1.63816,1.35,2.10
2012.01.06 03:25:56.539,1.6377,1.63814,1.35,2.10
2012.01.06 03:26:02.490,1.6377,1.63814,1.35,2.10
2012.01.06 03:26:05.423,1.6377,1.63814,1.35,1.35
2012.01.06 03:26:07.719,1.6377,1.63807,1.35,1.50
2012.01.06 03:26:07.907,1.63759,1.63805,1.50,1.35
2012.01.06 03:26:22.056,1.63758,1.63802,1.35,1.35
2012.01.06 03:26:28.342,1.63761,1.63805,1.35,2.10
2012.01.06 03:26:28.863,1.63757,1.63803,1.35,2.10
2012.01.06 03:26:33.923,1.63761,1.63805,1.35,2.10
2012.01.06 03:26:43.609,1.63762,1.63806,1.35,2.10
2012.01.06 03:27:07.660,1.63762,1.63806,1.73,2.10
2012.01.06 03:27:08.155,1.63765,1.63806,1.50,2.10
2012.01.06 03:27:08.225,1.63759,1.63811,1.88,2.10
2012.01.06 03:27:11.551,1.63759,1.63811,1.50,2.10
2012.01.06 03:27:11.682,1.63756,1.63809,1.35,2.25
2012.01.06 03:27:12.316,1.63755,1.63809,1.35,3.60
2012.01.06 03:27:15.399,1.63753,1.63794,1.50,1.35
2012.01.06 03:27:15.521,1.63751,1.63794,1.35,2.10
2012.01.06 03:27:24.451,1.63751,1.63797,1.35,2.10
2012.01.06 03:27:24.652,1.63736,1.63789,1.50,2.10
2012.01.06 03:27:24.781,1.63736,1.63789,2.25,1.35
2012.01.06 03:27:25.090,1.63724,1.6378,2.25,1.50
2012.01.06 03:27:25.163,1.63724,1.6378,2.25,1.50
2012.01.06 03:27:27.917,1.63724,1.6378,2.25,1.50
2012.01.06 03:27:29.920,1.63731,1.63787,2.25,1.50
2012.01.06 03:28:17.357,1.63725,1.63781,2.25,1.50
2012.01.06 03:28:27.952,1.63725,1.63781,1.50,1.50
2012.01.06 03:28:43.643,1.63725,1.63781,1.88,1.50
2012.01.06 03:28:43.972,1.63729,1.63781,1.13,1.50
2012.01.06 03:28:44.162,1.63738,1.63794,2.25,1.50
2012.01.06 03:28:44.941,1.63738,1.63794,1.50,2.25
2012.01.06 03:28:45.311,1.63743,1.63801,1.50,2.25
2012.01.06 03:28:46.683,1.63743,1.63801,2.25,1.50
2012.01.06 03:28:47.238,1.63743,1.63801,2.25,1.50
2012.01.06 03:28:47.424,1.63743,1.63801,2.25,1.50
2012.01.06 03:28:47.733,1.63743,1.63801,2.25,1.50
2012.01.06 03:28:48.472,1.63752,1.63807,2.10,2.85
2012.01.06 03:28:51.844,1.63752,1.63807,2.10,2.85
2012.01.06 03:28:54.642,1.63752,1.63807,2.10,2.85
2012.01.06 03:28:54.923,1.63752,1.63807,2.10,2.85
2012.01.06 03:28:55.414,1.63752,1.63807,2.10,2.85
2012.01.06 03:28:55.692,1.63752,1.63807,2.10,2.85
2012.01.06 03:28:58.343,1.63752,1.63807,2.10,2.85
2012.01.06 03:28:59.036,1.63752,1.63807,2.10,2.85
2012.01.06 03:29:11.694,1.63752,1.63807,2.10,2.85
2012.01.06 03:29:11.915,1.63752,1.63807,2.10,2.85
2012.01.06 03:29:16.272,1.63752,1.63807,2.10,2.85
2012.01.06 03:29:16.702,1.63752,1.63807,2.10,2.85
2012.01.06 03:29:17.502,1.63751,1.63806,2.25,1.35
2012.01.06 03:29:17.692,1.63751,1.63806,2.25,1.35
2012.01.06 03:29:33.673,1.63753,1.63807,2.10,2.85
2012.01.06 03:29:40.054,1.63751,1.63803,2.25,1.35
2012.01.06 03:29:40.374,1.63753,1.63806,2.10,1.35
2012.01.06 03:29:46.206,1.63753,1.63806,2.10,1.35
2012.01.06 03:29:49.806,1.63753,1.63794,2.10,1.50
2012.01.06 03:29:49.874,1.63753,1.63801,2.10,1.50
2012.01.06 03:29:50.391,1.63753,1.63801,2.10,1.50
2012.01.06 03:29:50.471,1.63743,1.63794,2.25,1.35
2012.01.06 03:29:50.782,1.63743,1.63792,2.25,1.35
2012.01.06 03:29:50.971,1.63743,1.63799,2.25,1.35
2012.01.06 03:29:51.463,1.63743,1.63798,2.25,1.35
2012.01.06 03:29:51.532,1.63743,1.63796,2.25,1.35
2012.01.06 03:29:51.667,1.63739,1.63791,1.35,1.50
2012.01.06 03:29:51.735,1.63735,1.63788,3.60,1.35
2012.01.06 03:29:52.044,1.6373,1.63774,2.10,1.35
2012.01.06 03:29:53.605,1.63728,1.63774,2.10,1.35
2012.01.06 03:29:53.961,1.63725,1.6377,1.35,1.35
2012.01.06 03:29:54.032,1.63729,1.63778,2.10,1.50
2012.01.06 03:29:54.222,1.63734,1.63784,2.25,1.50
2012.01.06 03:29:54.940,1.63734,1.63785,2.25,1.35
2012.01.06 03:29:55.445,1.63734,1.63784,2.25,1.35
2012.01.06 03:29:56.376,1.63734,1.63788,2.25,1.35
2012.01.06 03:29:59.192,1.63735,1.63788,2.10,1.35
2012.01.06 03:29:59.509,1.63736,1.6379,2.10,1.50
2012.01.06 03:29:59.632,1.63736,1.6379,2.10,1.50
2012.01.06 03:29:59.823,1.63736,1.6379,2.10,1.50
2012.01.06 03:30:00.133,1.6374,1.63793,2.25,1.35
2012.01.06 03:30:00.598,1.63749,1.63803,2.10,2.85
2012.01.06 03:30:00.903,1.63746,1.63803,2.10,1.50
2012.01.06 03:30:02.216,1.63746,1.63795,2.10,1.50
2012.01.06 03:30:02.286,1.63739,1.63792,3.60,1.35
2012.01.06 03:30:02.533,1.63741,1.63794,2.10,1.35
2012.01.06 03:30:03.206,1.63749,1.63803,2.10,1.50
2012.01.06 03:30:08.351,1.63754,1.63807,2.10,1.35
2012.01.06 03:30:09.003,1.63754,1.63808,2.10,1.35
2012.01.06 03:30:09.542,1.63753,1.63807,2.10,1.35
2012.01.06 03:30:09.822,1.63753,1.63807,2.10,1.35
2012.01.06 03:30:10.073,1.63747,1.63802,1.13,1.35
2012.01.06 03:30:10.664,1.63747,1.63801,1.13,1.35
2012.01.06 03:30:12.242,1.63745,1.63801,2.25,1.35
2012.01.06 03:30:13.751,1.63745,1.63801,2.25,1.35
2012.01.06 03:30:16.472,1.63745,1.63794,2.25,1.35
2012.01.06 03:30:17.342,1.6374,1.63793,2.25,1.35
2012.01.06 03:30:17.686,1.6374,1.63794,2.25,1.35
2012.01.06 03:30:18.332,1.63747,1.638,2.25,1.35
2012.01.06 03:30:19.036,1.63747,1.63801,2.25,1.35
2012.01.06 03:30:23.402,1.63747,1.63801,2.25,1.35
2012.01.06 03:30:23.530,1.63747,1.63797,2.25,1.35
2012.01.06 03:30:23.725,1.63747,1.63799,2.25,1.35
2012.01.06 03:30:23.795,1.63747,1.63799,2.25,1.35
2012.01.06 03:30:24.211,1.63747,1.63801,2.25,1.35
2012.01.06 03:30:24.402,1.63747,1.638,2.25,1.35
2012.01.06 03:30:24.831,1.63747,1.63797,2.25,1.35
2012.01.06 03:30:26.213,1.6374,1.63798,3.60,2.85
2012.01.06 03:30:26.583,1.6374,1.6379,2.25,1.35
2012.01.06 03:30:26.711,1.6374,1.63797,3.98,1.35
2012.01.06 03:30:26.781,1.6374,1.63797,3.98,1.35
2012.01.06 03:30:26.852,1.6374,1.63797,3.98,1.35
2012.01.06 03:30:27.495,1.63741,1.63798,2.10,1.50
2012.01.06 03:30:35.271,1.63741,1.63797,2.10,1.35
2012.01.06 03:30:37.667,1.63741,1.63797,2.10,1.35
2012.01.06 03:30:38.512,1.63744,1.63798,2.10,2.85
2012.01.06 03:30:44.601,1.63744,1.63798,2.10,2.85
2012.01.06 03:30:44.970,1.63748,1.63798,1.35,1.50
2012.01.06 03:30:47.675,1.63748,1.63798,2.10,1.50
2012.01.06 03:31:04.477,1.63746,1.63798,2.10,1.50
2012.01.06 03:31:05.011,1.6374,1.63797,3.60,1.35
2012.01.06 03:31:10.590,1.63741,1.63796,2.10,1.35
2012.01.06 03:31:14.542,1.6374,1.63794,3.60,1.35
2012.01.06 03:31:16.743,1.6374,1.63797,3.60,1.35
2012.01.06 03:31:18.839,1.63742,1.63798,2.10,2.85
2012.01.06 03:31:19.052,1.63741,1.63796,2.10,1.35
2012.01.06 03:31:19.660,1.63742,1.63798,2.10,2.85
2012.01.06 03:31:20.926,1.6374,1.63797,3.60,1.35
2012.01.06 03:31:37.004,1.63739,1.63795,2.10,1.35
2012.01.06 03:31:40.909,1.63741,1.63796,2.10,1.35
2012.01.06 03:31:43.419,1.63739,1.63795,1.13,1.35
2012.01.06 03:31:44.163,1.63739,1.63795,1.13,1.35
2012.01.06 03:31:46.451,1.63739,1.63795,1.13,1.35
2012.01.06 03:31:50.662,1.63737,1.63791,2.10,1.50
2012.01.06 03:31:57.942,1.63737,1.63791,2.10,1.50
2012.01.06 03:32:12.872,1.63743,1.63797,2.10,3.55
2012.01.06 03:32:13.120,1.63744,1.63797,2.10,2.20
2012.01.06 03:32:13.312,1.63744,1.63797,2.10,1.50
2012.01.06 03:32:22.289,1.63744,1.63797,2.10,1.50
2012.01.06 03:32:25.819,1.63744,1.63797,2.10,1.50
2012.01.06 03:32:37.982,1.63744,1.63797,2.10,1.50
2012.01.06 03:32:39.743,1.63744,1.63797,1.35,2.95
2012.01.06 03:32:45.360,1.63742,1.63797,1.35,2.95
2012.01.06 03:32:45.424,1.63742,1.63797,2.10,2.20
2012.01.06 03:32:45.793,1.63742,1.63797,1.35,2.25
2012.01.06 03:32:45.982,1.63744,1.63797,1.35,2.95
2012.01.06 03:32:46.833,1.63744,1.63797,2.10,2.20
2012.01.06 03:32:47.760,1.63744,1.63797,1.35,2.25
2012.01.06 03:32:48.593,1.63744,1.63797,2.10,2.20
2012.01.06 03:32:49.010,1.63744,1.63797,1.35,2.95
2012.01.06 03:32:50.800,1.63744,1.63797,2.10,2.20
2012.01.06 03:32:51.140,1.63744,1.63797,1.35,2.95
2012.01.06 03:33:00.802,1.63744,1.63797,2.10,2.20
2012.01.06 03:33:01.023,1.63744,1.63797,1.35,2.95
2012.01.06 03:33:12.413,1.63744,1.63797,1.35,2.25
2012.01.06 03:33:18.463,1.63744,1.63797,1.35,1.45
2012.01.06 03:33:21.213,1.63744,1.63799,2.10,1.08
2012.01.06 03:33:23.990,1.63744,1.63797,2.10,1.08
2012.01.06 03:33:29.793,1.63742,1.63797,2.10,1.08
2012.01.06 03:33:33.319,1.63742,1.63797,2.10,1.08
2012.01.06 03:33:33.872,1.63742,1.63797,2.10,1.08
2012.01.06 03:33:34.593,1.63742,1.63797,2.10,1.08
2012.01.06 03:33:36.469,1.63742,1.63795,2.10,1.08
2012.01.06 03:33:37.022,1.63742,1.63792,2.10,2.20
2012.01.06 03:33:38.031,1.63742,1.63792,2.10,2.20
2012.01.06 03:33:49.585,1.63734,1.63788,3.98,1.35
2012.01.06 03:33:49.893,1.63734,1.63786,1.13,1.50
2012.01.06 03:33:50.427,1.63735,1.63786,2.10,1.50
2012.01.06 03:33:54.372,1.63736,1.63786,2.10,1.50
2012.01.06 03:33:54.642,1.63736,1.63786,2.10,1.50
2012.01.06 03:33:55.260,1.63735,1.63786,2.10,1.50
2012.01.06 03:33:57.722,1.63735,1.63786,2.10,1.50
2012.01.06 03:33:59.272,1.63735,1.63786,2.10,1.50
2012.01.06 03:33:59.702,1.63735,1.63786,2.10,1.50
2012.01.06 03:34:03.633,1.63735,1.63786,2.10,1.50
2012.01.06 03:34:20.743,1.63736,1.63786,2.10,1.50
2012.01.06 03:34:20.961,1.63736,1.63786,2.10,1.50
2012.01.06 03:34:27.614,1.63736,1.63786,2.10,1.50
2012.01.06 03:34:27.832,1.63736,1.63786,2.10,1.50
2012.01.06 03:34:29.263,1.63736,1.63786,2.10,1.50
2012.01.06 03:34:29.471,1.63736,1.63786,2.10,1.50
2012.01.06 03:34:29.715,1.63736,1.63786,2.10,1.50
2012.01.06 03:34:29.964,1.63736,1.63786,2.10,1.50
2012.01.06 03:34:39.272,1.63736,1.63786,2.10,1.50
2012.01.06 03:34:50.154,1.63736,1.63791,2.10,1.35
2012.01.06 03:34:55.212,1.63736,1.63791,2.10,2.05
2012.01.06 03:34:56.444,1.63736,1.63791,2.10,2.05
2012.01.06 03:34:56.709,1.63736,1.63791,2.10,2.05
2012.01.06 03:34:57.315,1.63736,1.63791,2.10,2.43
2012.01.06 03:34:58.201,1.63734,1.6379,2.10,2.05
2012.01.06 03:34:58.331,1.63734,1.6379,2.10,2.05
2012.01.06 03:34:59.233,1.63734,1.6379,2.10,2.05
2012.01.06 03:34:59.422,1.63729,1.63784,1.13,1.08
2012.01.06 03:34:59.751,1.63729,1.63777,1.13,1.35
2012.01.06 03:35:00.062,1.63729,1.63777,1.13,2.43
2012.01.06 03:35:00.861,1.63721,1.63773,2.10,1.50
2012.01.06 03:35:09.175,1.63721,1.63773,2.10,1.50
2012.01.06 03:35:10.060,1.63721,1.63773,2.10,2.20
2012.01.06 03:35:12.014,1.63728,1.63774,2.10,1.08
2012.01.06 03:35:12.427,1.63723,1.63774,1.13,1.08
2012.01.06 03:35:13.908,1.63723,1.63774,1.13,1.08
2012.01.06 03:35:16.169,1.63721,1.63774,2.10,1.08
2012.01.06 03:35:17.791,1.63721,1.63774,2.10,1.08
2012.01.06 03:35:18.401,1.63721,1.63774,2.10,1.08
2012.01.06 03:35:20.344,1.63721,1.63774,2.10,1.08
2012.01.06 03:35:21.095,1.63721,1.63775,2.10,1.08
2012.01.06 03:35:29.910,1.63721,1.63774,2.10,1.08
2012.01.06 03:35:31.946,1.63721,1.63774,2.10,1.08
2012.01.06 03:35:33.021,1.63721,1.63777,2.10,2.05
2012.01.06 03:35:33.675,1.63721,1.63777,2.10,2.05
2012.01.06 03:35:34.740,1.63721,1.63777,2.10,2.05
2012.01.06 03:35:35.980,1.63721,1.63777,2.10,2.05
2012.01.06 03:35:44.821,1.63721,1.63777,2.10,2.05
2012.01.06 03:35:45.210,1.63721,1.63777,2.10,2.05
2012.01.06 03:35:45.725,1.63721,1.63775,2.10,1.08
2012.01.06 03:35:47.967,1.63721,1.63775,2.10,1.08
2012.01.06 03:35:48.685,1.63721,1.63775,2.10,1.08
2012.01.06 03:35:50.953,1.63721,1.63774,2.10,1.08
2012.01.06 03:35:51.327,1.6372,1.63772,2.25,1.08
2012.01.06 03:35:52.129,1.63721,1.63772,2.10,1.08
2012.01.06 03:35:56.591,1.63721,1.63772,2.10,1.08
2012.01.06 03:35:56.726,1.6372,1.63772,2.25,1.08
2012.01.06 03:35:57.202,1.6372,1.63772,2.25,1.08
2012.01.06 03:35:58.230,1.6372,1.63772,2.25,1.08
2012.01.06 03:36:06.885,1.63721,1.63772,2.10,1.08
2012.01.06 03:36:13.670,1.63722,1.63773,2.10,1.08
2012.01.06 03:36:14.184,1.63722,1.63775,2.10,2.05
2012.01.06 03:36:16.109,1.63722,1.63775,2.10,2.05
2012.01.06 03:36:18.300,1.63722,1.63775,2.10,2.05
2012.01.06 03:36:23.337,1.63722,1.63775,2.10,2.05
2012.01.06 03:36:41.791,1.63722,1.63775,2.10,2.05
2012.01.06 03:36:48.727,1.63722,1.63775,2.10,2.05
2012.01.06 03:36:51.400,1.63722,1.63775,2.10,2.05
2012.01.06 03:36:52.852,1.63722,1.63772,2.10,1.08
2012.01.06 03:36:55.950,1.6372,1.63773,2.10,1.08
2012.01.06 03:36:58.105,1.6372,1.63773,2.10,1.08
2012.01.06 03:36:59.314,1.6372,1.63764,2.10,1.50
2012.01.06 03:36:59.387,1.6372,1.63764,2.10,1.50
2012.01.06 03:36:59.513,1.6371,1.63763,2.63,2.05
2012.01.06 03:36:59.585,1.6371,1.63765,3.98,2.43
2012.01.06 03:37:00.306,1.63711,1.63764,2.10,2.05
2012.01.06 03:37:03.747,1.63711,1.63764,2.10,2.05
2012.01.06 03:37:05.290,1.63711,1.63764,2.10,2.05
2012.01.06 03:37:05.841,1.63711,1.63761,2.10,1.50
2012.01.06 03:37:10.441,1.63711,1.63761,2.10,2.20
2012.01.06 03:37:17.891,1.63711,1.63761,2.10,2.20
2012.01.06 03:37:18.425,1.63711,1.63761,2.10,2.20
2012.01.06 03:37:27.536,1.63707,1.63761,2.10,2.20
2012.01.06 03:37:28.126,1.63707,1.63761,2.10,2.20
2012.01.06 03:37:29.900,1.63707,1.63761,2.10,2.20
2012.01.06 03:37:34.205,1.63707,1.63761,2.10,2.20
2012.01.06 03:37:40.551,1.63707,1.63761,2.10,2.58
2012.01.06 03:37:48.004,1.63707,1.63761,2.10,2.58
2012.01.06 03:37:48.381,1.63707,1.63761,2.10,2.58
2012.01.06 03:37:48.614,1.637,1.63752,1.13,2.85
2012.01.06 03:37:48.958,1.637,1.6375,1.13,1.35
2012.01.06 03:37:49.264,1.63696,1.6375,2.25,1.08
2012.01.06 03:37:50.741,1.63696,1.6375,3.60,2.43
2012.01.06 03:38:00.713,1.63696,1.63748,2.25,2.05
2012.01.06 03:38:01.343,1.63696,1.6375,3.60,2.43
2012.01.06 03:38:02.016,1.63696,1.6375,3.60,2.43
2012.01.06 03:38:04.058,1.63698,1.63751,2.10,1.08
2012.01.06 03:38:06.471,1.63702,1.63752,2.10,1.50
2012.01.06 03:38:08.557,1.63702,1.63752,2.10,1.50
2012.01.06 03:38:12.063,1.63702,1.63752,2.10,2.20
2012.01.06 03:38:12.442,1.63702,1.63752,2.10,2.20
2012.01.06 03:38:40.393,1.63702,1.63752,2.10,2.20
2012.01.06 03:38:40.465,1.63702,1.63752,2.10,2.20
2012.01.06 03:38:41.218,1.63697,1.63752,2.10,3.55
2012.01.06 03:38:44.782,1.63697,1.63752,2.10,3.55
2012.01.06 03:38:47.101,1.63697,1.63752,2.10,3.55
2012.01.06 03:38:49.009,1.63697,1.63752,2.10,2.05
2012.01.06 03:38:49.296,1.63697,1.63752,2.10,2.05
2012.01.06 03:38:53.698,1.63697,1.63752,2.10,2.43
2012.01.06 03:38:54.230,1.63697,1.63752,2.10,2.43
2012.01.06 03:38:57.880,1.63697,1.63752,2.10,2.43
2012.01.06 03:38:58.097,1.63697,1.63752,2.10,2.43
2012.01.06 03:38:58.721,1.63697,1.63752,2.10,2.43
2012.01.06 03:39:00.020,1.63697,1.63752,2.10,2.43
2012.01.06 03:39:05.738,1.63697,1.63752,2.10,2.43
2012.01.06 03:39:07.489,1.63697,1.63752,2.10,2.05
2012.01.06 03:39:07.610,1.63701,1.63756,2.10,2.43
2012.01.06 03:39:09.619,1.63703,1.63756,2.10,2.43
2012.01.06 03:39:18.609,1.63703,1.63756,2.10,2.43
2012.01.06 03:39:24.469,1.63703,1.63756,2.10,2.05
2012.01.06 03:39:25.888,1.63703,1.63756,2.10,2.05
2012.01.06 03:39:29.859,1.63703,1.63756,2.10,2.05
2012.01.06 03:39:32.407,1.63704,1.63756,2.25,2.05
2012.01.06 03:39:32.535,1.63708,1.63757,2.10,1.08
2012.01.06 03:39:32.785,1.63708,1.63759,1.35,1.08
2012.01.06 03:39:33.322,1.63708,1.63759,1.35,1.08
2012.01.06 03:39:33.398,1.63708,1.63759,2.10,1.08
2012.01.06 03:39:34.780,1.63708,1.6376,2.10,2.58
2012.01.06 03:39:34.842,1.63708,1.6376,2.10,1.50
2012.01.06 03:39:35.223,1.63708,1.6376,1.35,1.50
2012.01.06 03:39:35.837,1.63707,1.6376,1.35,2.85
2012.01.06 03:39:42.092,1.63707,1.6376,2.10,1.50
2012.01.06 03:39:47.307,1.63707,1.6376,1.35,1.50
2012.01.06 03:39:47.553,1.63707,1.6376,2.10,1.50
2012.01.06 03:39:50.444,1.63709,1.6376,1.35,1.50
2012.01.06 03:39:55.562,1.63709,1.6376,1.35,2.25
2012.01.06 03:40:06.142,1.63709,1.6376,1.35,2.20
2012.01.06 03:40:06.742,1.63709,1.6376,1.35,2.20
2012.01.06 03:40:07.400,1.63709,1.6376,1.35,2.20
2012.01.06 03:40:08.099,1.63709,1.6376,1.35,2.20
2012.01.06 03:40:08.601,1.63709,1.6376,1.35,2.20
2012.01.06 03:40:09.521,1.63709,1.6376,1.35,2.20
2012.01.06 03:40:10.152,1.63709,1.6376,1.35,2.20
2012.01.06 03:40:11.212,1.63709,1.6376,1.35,2.58
2012.01.06 03:40:14.521,1.63709,1.6376,1.35,2.58
2012.01.06 03:40:15.077,1.63709,1.6376,1.35,2.58
2012.01.06 03:40:18.716,1.63709,1.6376,2.10,2.58
2012.01.06 03:40:19.616,1.63709,1.6376,2.10,2.58
2012.01.06 03:40:23.513,1.63709,1.6376,2.10,2.58
2012.01.06 03:40:24.111,1.63709,1.6376,2.10,2.58
2012.01.06 03:40:27.404,1.63709,1.6376,1.35,2.58
2012.01.06 03:40:27.471,1.63709,1.6376,2.10,2.58
2012.01.06 03:40:28.371,1.63709,1.6376,2.10,2.58
2012.01.06 03:40:32.080,1.63709,1.6376,2.10,2.20
2012.01.06 03:40:34.178,1.63709,1.63761,2.10,1.08
2012.01.06 03:40:36.154,1.63709,1.63761,2.10,1.08
2012.01.06 03:40:40.331,1.63709,1.63759,1.35,1.08
2012.01.06 03:40:40.501,1.63706,1.63759,2.10,1.08
2012.01.06 03:40:48.351,1.63706,1.63759,2.10,1.08
2012.01.06 03:40:59.928,1.63706,1.63759,2.10,1.08
2012.01.06 03:41:00.432,1.63706,1.63759,2.10,1.08
2012.01.06 03:41:00.959,1.63707,1.63759,1.35,1.08
2012.01.06 03:41:01.679,1.63707,1.63759,1.35,1.08
2012.01.06 03:41:12.660,1.63707,1.63757,2.10,1.08
2012.01.06 03:41:14.770,1.63707,1.63757,2.10,1.08
2012.01.06 03:41:17.392,1.63707,1.63754,1.35,1.45
2012.01.06 03:41:24.839,1.63707,1.63757,1.35,1.08
2012.01.06 03:41:24.959,1.63707,1.63757,1.35,1.08
2012.01.06 03:41:30.101,1.63707,1.63759,1.35,1.08
2012.01.06 03:41:32.930,1.63707,1.63759,1.73,1.08
2012.01.06 03:41:33.170,1.6371,1.63759,1.35,1.08
2012.01.06 03:41:33.584,1.63712,1.63759,1.35,1.08
2012.01.06 03:41:34.322,1.63712,1.63759,1.35,1.08
2012.01.06 03:41:36.310,1.63712,1.63763,1.35,1.08
2012.01.06 03:41:38.259,1.63712,1.63763,1.35,1.08
2012.01.06 03:41:49.153,1.63712,1.63759,1.35,1.45
2012.01.06 03:41:53.222,1.63712,1.63763,1.35,1.08
2012.01.06 03:41:53.445,1.63712,1.6376,1.35,1.45
2012.01.06 03:41:54.437,1.63712,1.63763,1.35,1.83
2012.01.06 03:41:59.750,1.63712,1.63763,1.35,1.83
2012.01.06 03:42:14.760,1.63712,1.63763,1.35,1.83
2012.01.06 03:42:30.098,1.63712,1.63763,1.35,1.83
2012.01.06 03:42:43.021,1.63712,1.63763,1.35,1.83
2012.01.06 03:42:59.950,1.63712,1.63763,1.35,1.08
2012.01.06 03:43:14.830,1.63712,1.63763,1.35,1.08
2012.01.06 03:43:21.602,1.63712,1.63763,1.35,1.08
2012.01.06 03:43:43.590,1.63712,1.63763,1.35,1.08
2012.01.06 03:43:43.651,1.63714,1.63762,1.35,1.08
2012.01.06 03:43:44.291,1.63715,1.63762,1.35,1.08
2012.01.06 03:43:44.797,1.63715,1.63762,1.35,1.08
2012.01.06 03:43:46.590,1.63715,1.63762,1.35,1.08
2012.01.06 03:43:46.923,1.63713,1.63762,1.35,1.08
2012.01.06 03:43:48.514,1.63713,1.63764,1.35,1.08
2012.01.06 03:43:55.559,1.63713,1.63764,1.35,1.08
2012.01.06 03:43:59.799,1.63713,1.63764,1.35,1.08
2012.01.06 03:44:59.921,1.63713,1.63764,2.10,1.08
2012.01.06 03:45:00.141,1.63713,1.63764,1.35,1.83
2012.01.06 03:45:29.824,1.63713,1.63764,1.35,1.83
2012.01.06 03:45:59.780,1.63713,1.63764,1.35,1.83
2012.01.06 03:46:00.429,1.63713,1.63764,1.35,1.08
2012.01.06 03:46:02.372,1.63713,1.63764,2.10,1.08
2012.01.06 03:46:02.702,1.63713,1.63763,1.35,1.45
2012.01.06 03:46:12.030,1.63713,1.63763,1.35,1.45
2012.01.06 03:46:14.850,1.63713,1.63763,1.35,1.45
2012.01.06 03:46:15.914,1.63713,1.63763,1.35,1.45
2012.01.06 03:46:16.633,1.63713,1.63763,1.35,1.45
2012.01.06 03:46:17.143,1.63713,1.63763,1.35,1.45
2012.01.06 03:46:17.211,1.63711,1.63763,1.35,1.45
2012.01.06 03:46:19.259,1.63711,1.63766,2.10,2.43
2012.01.06 03:46:28.437,1.6371,1.63762,2.10,1.08
2012.01.06 03:46:28.863,1.6371,1.63761,2.10,1.08
2012.01.06 03:46:29.800,1.6371,1.63761,2.10,1.08
2012.01.06 03:46:37.001,1.6371,1.63761,2.10,1.08
2012.01.06 03:46:38.649,1.6371,1.63761,2.10,1.08
2012.01.06 03:46:55.571,1.6371,1.63762,1.35,1.08
2012.01.06 03:46:56.621,1.6371,1.63762,1.35,1.08
2012.01.06 03:47:04.452,1.6371,1.63758,1.35,1.45
2012.01.06 03:47:07.652,1.6371,1.6376,1.35,1.08
2012.01.06 03:47:14.861,1.6371,1.6376,1.35,1.08
2012.01.06 03:47:16.456,1.6371,1.63757,1.35,1.45
2012.01.06 03:47:23.779,1.6371,1.6376,1.35,1.08
2012.01.06 03:47:28.665,1.6371,1.63761,2.10,1.08
2012.01.06 03:47:28.818,1.6371,1.63761,1.35,1.08
2012.01.06 03:47:36.839,1.6371,1.63761,2.10,1.08
2012.01.06 03:47:44.929,1.6371,1.63761,2.10,1.08
2012.01.06 03:47:54.050,1.6371,1.63765,2.48,2.43
2012.01.06 03:47:54.892,1.63717,1.63765,1.35,1.08
2012.01.06 03:47:55.409,1.63717,1.63763,1.35,1.45
2012.01.06 03:47:56.701,1.63717,1.63765,1.73,1.08
2012.01.06 03:47:58.553,1.63718,1.63764,1.73,1.45
2012.01.06 03:47:58.657,1.63718,1.63765,1.73,1.13
2012.01.06 03:47:59.090,1.63718,1.63766,1.73,1.45
2012.01.06 03:48:05.963,1.63718,1.63769,1.73,1.08
2012.01.06 03:48:06.153,1.63718,1.63767,1.73,1.45
2012.01.06 03:48:07.462,1.63718,1.63767,1.35,1.45
2012.01.06 03:48:07.980,1.63717,1.63766,3.23,1.45
2012.01.06 03:48:09.172,1.63717,1.63764,2.85,1.45
2012.01.06 03:48:09.542,1.63712,1.63762,1.13,1.08
2012.01.06 03:48:09.781,1.63708,1.63762,1.73,1.08
2012.01.06 03:48:10.202,1.63708,1.63763,1.73,2.48
2012.01.06 03:48:10.493,1.63708,1.63763,1.73,2.48
2012.01.06 03:48:10.562,1.63708,1.63763,1.73,2.48
2012.01.06 03:48:11.872,1.63711,1.63763,1.35,1.13
2012.01.06 03:48:12.485,1.63711,1.63764,2.10,3.23
2012.01.06 03:48:15.389,1.63711,1.63763,1.35,1.13
2012.01.06 03:48:17.284,1.63711,1.63764,2.10,3.23
2012.01.06 03:48:19.794,1.63711,1.63764,2.10,1.88
2012.01.06 03:48:20.906,1.63714,1.63763,1.35,1.13
2012.01.06 03:48:21.403,1.63716,1.63763,1.35,1.13
2012.01.06 03:48:22.028,1.63716,1.63763,1.35,1.13
2012.01.06 03:48:23.824,1.63716,1.63763,1.35,1.13
2012.01.06 03:48:24.322,1.63715,1.63763,1.73,1.13
2012.01.06 03:48:25.423,1.63715,1.63763,1.35,1.13
2012.01.06 03:48:26.178,1.63716,1.63763,1.35,1.13
2012.01.06 03:48:30.243,1.63716,1.6376,1.35,1.08
2012.01.06 03:48:31.890,1.63716,1.63761,1.35,1.08
2012.01.06 03:48:32.192,1.63714,1.63763,1.50,1.45
2012.01.06 03:48:33.103,1.63712,1.63763,1.73,1.45
2012.01.06 03:48:35.484,1.6371,1.63763,1.73,1.83
2012.01.06 03:48:36.033,1.63714,1.63763,1.35,1.83
2012.01.06 03:48:37.222,1.63714,1.63763,1.35,1.83
2012.01.06 03:48:37.922,1.63714,1.63763,1.35,1.83
2012.01.06 03:48:39.552,1.63712,1.63763,1.73,1.83
2012.01.06 03:48:40.855,1.63712,1.63763,1.73,1.83
2012.01.06 03:48:42.054,1.63711,1.63763,1.73,1.83
2012.01.06 03:48:43.463,1.63711,1.63763,1.73,1.83
2012.01.06 03:48:43.897,1.63711,1.63759,1.73,1.08
2012.01.06 03:48:45.012,1.63711,1.63759,1.73,1.08
2012.01.06 03:48:52.945,1.63711,1.63759,2.48,1.08
2012.01.06 03:48:53.217,1.63711,1.63759,1.73,1.08
2012.01.06 03:48:54.570,1.63711,1.63759,1.73,1.08
2012.01.06 03:48:57.431,1.63711,1.63759,1.73,1.08
2012.01.06 03:49:01.739,1.63711,1.63758,1.73,1.45
2012.01.06 03:49:07.405,1.63711,1.63759,2.48,1.08
2012.01.06 03:49:08.756,1.63711,1.63758,1.73,1.45
2012.01.06 03:49:10.977,1.63711,1.6376,1.73,1.08
2012.01.06 03:49:11.041,1.63711,1.6376,1.73,1.08
2012.01.06 03:49:14.901,1.63713,1.63762,1.73,1.08
2012.01.06 03:49:18.491,1.63713,1.63762,1.73,1.08
2012.01.06 03:49:31.791,1.63713,1.63763,1.73,1.83
2012.01.06 03:49:32.415,1.63715,1.63763,1.35,1.83
2012.01.06 03:49:34.181,1.63715,1.63763,1.35,1.83
2012.01.06 03:49:34.798,1.63712,1.63763,1.73,1.83
2012.01.06 03:49:35.530,1.63713,1.63759,1.35,1.45
2012.01.06 03:49:35.721,1.63713,1.63763,1.35,1.83
2012.01.06 03:49:38.500,1.63713,1.63763,1.35,1.83
2012.01.06 03:49:40.334,1.6371,1.63763,1.73,1.45
2012.01.06 03:49:40.401,1.6371,1.63763,1.73,1.45
2012.01.06 03:49:44.737,1.6371,1.63763,1.73,1.45
2012.01.06 03:49:45.431,1.6371,1.63763,1.73,1.83
2012.01.06 03:49:45.744,1.63718,1.63763,1.35,1.83
2012.01.06 03:49:46.335,1.63717,1.63763,1.50,1.45
2012.01.06 03:49:51.621,1.63717,1.63767,1.88,1.45
2012.01.06 03:49:52.455,1.63718,1.63766,1.35,1.45
2012.01.06 03:50:00.344,1.63718,1.63766,1.73,1.45
2012.01.06 03:50:05.060,1.63718,1.63766,1.73,1.45
2012.01.06 03:50:20.064,1.63718,1.63767,1.73,1.45
2012.01.06 03:50:33.171,1.63717,1.63764,1.88,1.45
2012.01.06 03:50:35.691,1.63717,1.63766,1.88,1.08
2012.01.06 03:50:38.063,1.63717,1.63766,1.88,1.08
2012.01.06 03:50:40.263,1.63717,1.63765,1.88,1.08
2012.01.06 03:50:44.436,1.63723,1.6377,1.50,2.05
2012.01.06 03:50:44.745,1.63725,1.63771,1.35,1.45
2012.01.06 03:50:45.116,1.63718,1.63762,1.35,1.35
2012.01.06 03:50:45.303,1.63724,1.63774,1.35,2.25
2012.01.06 03:50:45.849,1.63718,1.63763,2.25,2.10
2012.01.06 03:50:46.152,1.63715,1.63771,1.88,2.25
2012.01.06 03:50:46.246,1.63715,1.63771,1.88,2.25
2012.01.06 03:50:46.314,1.63715,1.63771,1.88,2.25
2012.01.06 03:50:46.623,1.63724,1.6377,1.73,2.10
2012.01.06 03:50:47.133,1.63724,1.6377,1.73,2.10
2012.01.06 03:50:47.205,1.63727,1.63771,1.35,2.10
2012.01.06 03:50:53.992,1.63727,1.63771,1.35,2.10
2012.01.06 03:50:54.286,1.63722,1.63769,1.73,2.10
2012.01.06 03:50:57.805,1.63726,1.63772,1.35,2.10
2012.01.06 03:50:57.932,1.63728,1.63772,1.35,2.10
2012.01.06 03:50:58.646,1.63729,1.63773,1.35,2.70
2012.01.06 03:50:59.405,1.63729,1.63773,1.73,2.70
2012.01.06 03:51:06.178,1.63728,1.63773,1.35,1.35
2012.01.06 03:51:18.285,1.63733,1.63777,1.35,2.10
2012.01.06 03:51:18.869,1.63737,1.63784,1.35,2.85
2012.01.06 03:51:18.934,1.63735,1.63783,3.23,2.10
2012.01.06 03:51:28.671,1.63732,1.63778,1.35,3.60
2012.01.06 03:51:28.760,1.63727,1.63777,1.73,2.10
2012.01.06 03:51:29.184,1.63722,1.63768,1.35,2.10
2012.01.06 03:51:29.315,1.63718,1.63764,1.35,2.10
2012.01.06 03:51:31.127,1.63718,1.63764,1.35,2.10
2012.01.06 03:51:31.253,1.63724,1.6377,1.35,1.35
2012.01.06 03:51:31.326,1.63726,1.63771,1.35,1.50
2012.01.06 03:51:31.633,1.63727,1.63773,1.35,2.10
2012.01.06 03:51:31.704,1.63721,1.63768,1.88,2.10
2012.01.06 03:51:31.773,1.63719,1.63768,1.73,1.35
2012.01.06 03:51:31.963,1.63719,1.63764,1.73,1.35
2012.01.06 03:51:32.907,1.63719,1.63764,1.35,1.35
2012.01.06 03:51:32.994,1.63734,1.6378,2.10,1.35
2012.01.06 03:51:33.124,1.63739,1.63784,1.35,2.25
2012.01.06 03:51:33.194,1.63744,1.63784,1.35,2.25
2012.01.06 03:51:33.263,1.6374,1.63784,1.35,2.25
2012.01.06 03:51:33.870,1.63739,1.63783,1.35,1.35
2012.01.06 03:51:48.554,1.63739,1.63783,1.35,2.10
2012.01.06 03:51:48.742,1.63731,1.63781,1.50,2.10
2012.01.06 03:51:49.013,1.63732,1.63786,1.35,2.10
2012.01.06 03:51:49.082,1.6374,1.63785,1.35,2.10
2012.01.06 03:52:08.274,1.63742,1.63787,1.35,2.10
2012.01.06 03:52:08.971,1.63743,1.63786,1.35,2.10
2012.01.06 03:52:09.037,1.6374,1.63785,1.35,2.10
2012.01.06 03:52:14.513,1.63739,1.63783,1.35,2.10
2012.01.06 03:52:16.406,1.63734,1.6378,1.50,2.10
2012.01.06 03:52:16.863,1.63733,1.6378,1.35,1.35
2012.01.06 03:52:16.934,1.63739,1.63783,1.35,2.10
2012.01.06 03:52:46.082,1.63733,1.63781,2.10,1.35
2012.01.06 03:52:46.212,1.63732,1.63781,1.35,1.35
2012.01.06 03:52:55.063,1.63732,1.63782,1.35,1.35
2012.01.06 03:52:57.751,1.63731,1.6378,1.73,1.35
2012.01.06 03:52:58.945,1.63731,1.6378,1.73,1.35
2012.01.06 03:52:59.357,1.63739,1.63783,1.35,1.35
2012.01.06 03:52:59.873,1.63739,1.63784,1.35,1.50
2012.01.06 03:53:00.408,1.63741,1.63785,1.35,1.35
2012.01.06 03:53:00.947,1.63741,1.63785,1.35,2.10
2012.01.06 03:53:03.265,1.6374,1.63785,1.35,2.10
2012.01.06 03:53:08.839,1.6374,1.63785,1.35,1.35
2012.01.06 03:53:59.653,1.6374,1.63785,2.10,1.35
2012.01.06 03:53:59.783,1.63742,1.63787,2.10,1.35
2012.01.06 03:54:01.405,1.63746,1.63787,1.35,1.35
2012.01.06 03:54:01.844,1.63751,1.63787,1.50,1.35
2012.01.06 03:54:01.958,1.6376,1.63804,1.35,2.10
2012.01.06 03:54:02.033,1.63767,1.63807,1.35,2.25
2012.01.06 03:54:02.397,1.63767,1.63807,1.35,1.50
2012.01.06 03:54:02.527,1.63756,1.63806,1.35,1.35
2012.01.06 03:54:02.596,1.63756,1.63802,1.35,1.50
2012.01.06 03:54:02.904,1.63766,1.63811,1.35,1.50
2012.01.06 03:54:15.414,1.63765,1.6381,1.35,1.35
2012.01.06 03:54:15.727,1.6377,1.63811,1.35,2.25
2012.01.06 03:54:15.796,1.6377,1.63811,1.35,1.50
2012.01.06 03:54:15.868,1.6377,1.63816,1.35,2.10
2012.01.06 03:54:16.539,1.63771,1.63817,1.35,2.10
2012.01.06 03:54:23.663,1.63772,1.63818,1.35,2.10
2012.01.06 03:54:26.217,1.63772,1.63818,1.35,2.10
2012.01.06 03:54:26.661,1.63772,1.63818,1.35,2.10
2012.01.06 03:54:27.174,1.63772,1.63818,1.35,2.10
2012.01.06 03:54:27.646,1.63772,1.63818,1.35,2.10
2012.01.06 03:54:27.980,1.63772,1.63818,1.35,2.10
2012.01.06 03:54:28.646,1.63772,1.63818,1.35,2.10
2012.01.06 03:54:28.977,1.6377,1.63816,1.35,2.10
2012.01.06 03:54:33.523,1.63767,1.63813,1.35,1.35
2012.01.06 03:54:35.792,1.63748,1.638,1.35,1.35
2012.01.06 03:54:36.313,1.63747,1.638,1.95,1.35
2012.01.06 03:54:36.451,1.63748,1.638,1.35,1.35
2012.01.06 03:54:41.452,1.63748,1.63795,1.35,1.50
2012.01.06 03:54:46.350,1.63745,1.63789,2.10,1.35
2012.01.06 03:54:49.965,1.63748,1.63795,2.10,1.50
2012.01.06 03:54:52.583,1.63748,1.63799,2.10,1.35
2012.01.06 03:54:54.874,1.63748,1.63799,2.10,1.35
2012.01.06 03:54:54.948,1.63748,1.63799,2.10,1.35
2012.01.06 03:54:55.136,1.6376,1.63804,1.35,1.35
2012.01.06 03:54:58.494,1.63763,1.63807,1.35,1.35
2012.01.06 03:54:59.916,1.63763,1.63807,2.10,1.35
2012.01.06 03:55:04.333,1.63763,1.63807,1.35,1.35
2012.01.06 03:55:04.764,1.63758,1.63804,1.35,1.35
2012.01.06 03:55:05.963,1.63758,1.63801,1.35,1.35
2012.01.06 03:55:12.055,1.63756,1.638,2.10,1.35
2012.01.06 03:55:13.124,1.63757,1.63802,2.10,1.35
2012.01.06 03:55:17.415,1.63754,1.638,2.10,1.35
2012.01.06 03:55:17.966,1.63758,1.63801,1.35,1.35
2012.01.06 03:55:38.432,1.63758,1.63801,2.10,1.35
2012.01.06 03:55:38.874,1.63758,1.63801,1.35,1.35
2012.01.06 03:55:41.282,1.63758,1.63801,2.10,1.35
2012.01.06 03:55:42.095,1.63759,1.63803,2.10,1.35
2012.01.06 03:55:51.593,1.63758,1.63802,1.13,1.35
2012.01.06 03:55:52.333,1.63758,1.63804,2.48,1.35
2012.01.06 03:55:53.033,1.63758,1.63802,1.13,1.35
2012.01.06 03:55:53.192,1.63757,1.63802,2.48,1.35
2012.01.06 03:55:53.386,1.63765,1.63809,1.35,1.35
2012.01.06 03:55:53.457,1.63767,1.63813,1.35,2.10
2012.01.06 03:56:10.548,1.63768,1.63814,1.35,2.10
2012.01.06 03:56:10.612,1.63768,1.63814,1.35,2.10
2012.01.06 03:56:10.854,1.63756,1.63808,2.48,1.50
2012.01.06 03:56:13.903,1.63756,1.63808,1.50,1.50
2012.01.06 03:56:13.973,1.63754,1.63808,2.10,1.50
2012.01.06 03:56:14.108,1.63754,1.63798,2.10,1.50
2012.01.06 03:56:14.673,1.63749,1.63804,2.10,1.35
2012.01.06 03:56:15.155,1.63749,1.63804,1.35,2.10
2012.01.06 03:56:17.183,1.63758,1.63804,1.50,1.35
2012.01.06 03:56:17.514,1.63764,1.63808,1.35,1.35
2012.01.06 03:56:19.264,1.6375,1.63802,1.35,1.35
2012.01.06 03:56:28.723,1.63749,1.63802,1.35,1.35
2012.01.06 03:56:28.855,1.63746,1.638,2.63,1.35
2012.01.06 03:56:29.733,1.6376,1.63804,1.35,1.35
2012.01.06 03:56:31.483,1.63764,1.63808,1.35,1.35
2012.01.06 03:56:31.945,1.63762,1.63808,1.35,1.35
2012.01.06 03:56:42.804,1.6376,1.63804,1.35,1.35
2012.01.06 03:56:46.782,1.6376,1.63804,1.35,2.10
2012.01.06 03:57:00.411,1.63759,1.63803,1.35,2.10
2012.01.06 03:57:00.777,1.63758,1.63801,1.35,1.35
2012.01.06 03:57:01.463,1.63748,1.63793,1.65,1.35
2012.01.06 03:57:01.536,1.63748,1.63793,1.35,1.35
2012.01.06 03:57:01.845,1.63747,1.63791,1.35,1.35
2012.01.06 03:57:02.413,1.63745,1.63791,2.10,1.35
2012.01.06 03:57:48.397,1.63745,1.63791,1.35,1.35
2012.01.06 03:57:48.967,1.63745,1.63791,2.10,1.35
2012.01.06 03:57:49.943,1.63745,1.63791,1.35,1.35
2012.01.06 03:57:50.195,1.63745,1.63791,1.35,2.10
2012.01.06 03:57:50.514,1.63748,1.6379,1.35,2.25
2012.01.06 03:57:50.583,1.63734,1.63789,2.18,2.10
2012.01.06 03:57:51.302,1.63738,1.63789,1.13,2.10
2012.01.06 03:57:51.425,1.63739,1.63789,1.35,1.35
2012.01.06 03:57:51.615,1.63749,1.6379,1.35,1.50
2012.01.06 03:57:55.498,1.63749,1.63792,1.35,1.35
2012.01.06 03:57:55.566,1.63749,1.63795,1.35,1.35
2012.01.06 03:57:55.736,1.63751,1.63795,1.35,1.35
2012.01.06 03:57:56.052,1.63749,1.63795,1.35,1.35
2012.01.06 03:57:56.645,1.63751,1.63796,1.35,1.50
2012.01.06 03:57:57.177,1.63751,1.63795,1.35,1.35
2012.01.06 03:57:57.483,1.63753,1.63796,1.35,1.50
2012.01.06 03:57:58.517,1.63752,1.63796,1.35,2.85
2012.01.06 03:57:59.385,1.63752,1.63796,1.35,3.60
2012.01.06 03:57:59.692,1.63752,1.63788,1.35,1.50
2012.01.06 03:57:59.822,1.63737,1.63788,3.23,1.50
2012.01.06 03:57:59.892,1.6374,1.63788,1.73,1.50
2012.01.06 03:58:00.646,1.63737,1.63788,2.48,1.50
2012.01.06 03:58:01.194,1.6374,1.63788,1.73,1.50
2012.01.06 03:58:02.664,1.63738,1.63788,1.73,1.50
2012.01.06 03:58:02.917,1.63738,1.63788,1.73,2.25
2012.01.06 03:58:03.834,1.63738,1.63788,1.73,1.50
2012.01.06 03:58:12.719,1.63738,1.63788,1.73,2.25
2012.01.06 03:58:13.546,1.63737,1.6378,1.88,1.35
2012.01.06 03:58:13.832,1.63733,1.63777,1.35,2.10
2012.01.06 03:58:14.405,1.63732,1.6378,1.35,2.10
2012.01.06 03:58:14.473,1.63732,1.6378,1.35,1.35
2012.01.06 03:58:20.043,1.63732,1.63779,1.35,1.35
2012.01.06 03:58:21.001,1.6373,1.63779,3.23,1.35
2012.01.06 03:58:23.844,1.6373,1.63779,3.23,1.35
2012.01.06 03:58:24.163,1.63737,1.63783,1.35,1.35
2012.01.06 03:58:50.624,1.63735,1.63779,1.35,1.35
2012.01.06 03:59:30.763,1.63735,1.63779,2.10,1.35
2012.01.06 03:59:37.857,1.63735,1.63779,1.35,1.35
2012.01.06 03:59:37.924,1.63729,1.63776,1.95,1.35
2012.01.06 03:59:38.443,1.63726,1.63776,1.13,1.35
2012.01.06 03:59:41.104,1.63731,1.63775,2.10,1.35
2012.01.06 03:59:43.586,1.63734,1.6378,2.10,1.35
