2012.01.26 21:00:01.298,1.59941,1.59994,1.43,0.75
2012.01.26 21:00:01.364,1.59941,1.59983,1.43,0.75
2012.01.26 21:00:01.474,1.59941,1.59994,1.43,0.75
2012.01.26 21:00:04.997,1.59943,1.59994,0.73,0.75
2012.01.26 21:00:07.430,1.59944,1.59983,0.73,0.75
2012.01.26 21:00:07.552,1.59935,1.59983,0.60,0.75
2012.01.26 21:00:07.679,1.59942,1.59983,1.43,0.75
2012.01.26 21:00:07.799,1.59936,1.59983,1.43,0.75
2012.01.26 21:00:08.159,1.59938,1.59983,1.43,0.75
2012.01.26 21:00:08.386,1.59938,1.59994,1.43,0.75
2012.01.26 21:00:08.982,1.59938,1.59984,1.43,0.75
2012.01.26 21:00:09.373,1.59933,1.59984,0.73,0.75
2012.01.26 21:00:09.500,1.59937,1.59984,1.43,0.75
2012.01.26 21:00:09.620,1.59932,1.59984,1.43,0.75
2012.01.26 21:00:09.685,1.59936,1.59984,1.43,0.75
2012.01.26 21:00:11.152,1.59936,1.59973,1.43,0.75
2012.01.26 21:00:14.822,1.59936,1.59984,1.43,0.75
2012.01.26 21:00:15.010,1.59936,1.59974,1.43,0.75
2012.01.26 21:00:16.445,1.59931,1.59974,1.43,0.75
2012.01.26 21:00:18.072,1.59935,1.59974,1.43,0.75
2012.01.26 21:00:18.872,1.59942,1.59974,1.43,0.75
2012.01.26 21:00:18.945,1.59942,1.59984,1.43,0.75
2012.01.26 21:00:19.892,1.59938,1.59984,1.43,0.75
2012.01.26 21:00:21.400,1.59938,1.59973,1.43,0.75
2012.01.26 21:00:21.641,1.59929,1.59973,1.43,0.75
2012.01.26 21:00:23.442,1.59931,1.59973,1.43,0.75
2012.01.26 21:00:24.904,1.59931,1.59983,1.43,0.75
2012.01.26 21:00:25.181,1.59931,1.59974,1.43,0.75
2012.01.26 21:00:32.485,1.59939,1.59974,1.43,0.75
2012.01.26 21:00:33.571,1.5994,1.59974,1.43,0.75
2012.01.26 21:00:33.763,1.5993,1.59974,0.73,0.75
2012.01.26 21:00:33.833,1.59921,1.59974,1.43,0.75
2012.01.26 21:00:33.901,1.59926,1.59984,0.75,0.75
2012.01.26 21:00:34.051,1.59926,1.59979,0.75,0.15
2012.01.26 21:00:34.482,1.59926,1.59984,0.75,0.75
2012.01.26 21:00:43.500,1.59937,1.59986,0.75,0.15
2012.01.26 21:00:44.946,1.59926,1.59984,0.75,0.75
2012.01.26 21:00:48.631,1.59936,1.59986,0.75,0.30
2012.01.26 21:00:51.461,1.59927,1.59983,0.75,0.75
2012.01.26 21:00:51.928,1.59936,1.59986,0.75,0.30
2012.01.26 21:00:54.033,1.59936,1.59987,0.75,0.30
2012.01.26 21:00:54.901,1.59936,1.59986,0.75,0.15
2012.01.26 21:00:59.440,1.59936,1.59987,0.75,0.30
2012.01.26 21:01:00.719,1.59936,1.59986,0.75,0.15
2012.01.26 21:01:05.115,1.59929,1.5999,2.18,1.05
2012.01.26 21:01:05.429,1.59946,1.60013,2.18,1.53
2012.01.26 21:01:05.497,1.59946,1.60013,2.18,1.53
2012.01.26 21:01:07.338,1.5994,1.60013,1.48,1.05
2012.01.26 21:01:13.242,1.59936,1.60013,1.48,1.53
2012.01.26 21:01:14.940,1.59937,1.60013,1.48,1.53
2012.01.26 21:01:15.603,1.59949,1.60014,2.18,1.80
2012.01.26 21:01:16.458,1.59949,1.60013,2.18,1.05
2012.01.26 21:01:17.434,1.59949,1.60013,2.18,1.53
2012.01.26 21:01:18.049,1.59947,1.60013,2.18,1.53
2012.01.26 21:01:19.553,1.59947,1.60013,2.18,1.53
2012.01.26 21:01:20.523,1.59947,1.60013,2.18,1.53
2012.01.26 21:01:21.971,1.59947,1.60014,2.18,1.80
2012.01.26 21:01:22.525,1.59947,1.60013,2.18,1.53
2012.01.26 21:01:23.476,1.59947,1.60011,1.43,1.05
2012.01.26 21:01:24.404,1.59943,1.60011,2.18,1.05
2012.01.26 21:01:28.819,1.59949,1.60011,1.43,1.05
2012.01.26 21:01:33.495,1.59944,1.60011,2.91,1.05
2012.01.26 21:01:46.113,1.59949,1.60012,1.43,1.05
2012.01.26 21:01:47.449,1.59949,1.60013,2.18,1.65
2012.01.26 21:01:49.452,1.5996,1.60013,1.43,1.05
2012.01.26 21:01:51.232,1.5996,1.6002,2.18,1.08
2012.01.26 21:01:51.642,1.5996,1.60013,1.43,1.20
2012.01.26 21:01:51.895,1.59958,1.60013,1.43,1.20
2012.01.26 21:01:52.510,1.59954,1.60013,2.18,1.20
2012.01.26 21:01:54.625,1.59954,1.60011,1.43,1.05
2012.01.26 21:01:54.962,1.59948,1.60011,1.43,1.05
2012.01.26 21:02:01.172,1.59948,1.60012,1.43,1.05
2012.01.26 21:02:09.702,1.59916,1.60006,1.43,1.50
2012.01.26 21:02:09.779,1.59916,1.60011,2.16,1.53
2012.01.26 21:02:09.915,1.5993,1.60011,1.43,1.68
2012.01.26 21:02:10.161,1.59911,1.59997,1.43,1.05
2012.01.26 21:02:14.223,1.59913,1.59997,1.50,1.05
2012.01.26 21:02:14.792,1.59929,1.59997,1.43,1.05
2012.01.26 21:02:16.025,1.59929,1.59997,1.43,1.05
2012.01.26 21:02:16.705,1.59929,1.59997,2.16,1.05
2012.01.26 21:02:20.210,1.59929,1.59997,2.16,1.05
2012.01.26 21:02:21.209,1.59929,1.59997,2.16,1.05
2012.01.26 21:02:21.835,1.59924,1.59996,2.16,1.05
2012.01.26 21:02:22.639,1.59924,1.59996,2.16,1.05
2012.01.26 21:02:25.280,1.59924,1.59996,1.43,1.05
2012.01.26 21:02:38.579,1.59924,1.59996,2.18,1.05
2012.01.26 21:02:38.762,1.59924,1.59996,1.43,1.05
2012.01.26 21:02:38.900,1.59926,1.59996,2.18,1.05
2012.01.26 21:02:44.475,1.59926,1.59996,1.43,1.05
2012.01.26 21:02:47.445,1.59926,1.59996,2.18,1.05
2012.01.26 21:02:51.022,1.59926,1.59997,1.43,1.05
2012.01.26 21:02:51.753,1.59925,1.59997,1.43,1.05
2012.01.26 21:02:52.702,1.59924,1.59997,1.43,1.05
2012.01.26 21:03:03.691,1.59924,1.59996,1.43,1.05
2012.01.26 21:03:09.581,1.59925,1.59994,1.43,2.18
2012.01.26 21:03:12.521,1.59926,1.59995,1.43,2.33
2012.01.26 21:03:20.981,1.59928,1.59992,1.43,1.05
2012.01.26 21:03:40.753,1.59928,1.59991,1.43,1.05
2012.01.26 21:03:41.746,1.59929,1.59992,1.43,1.05
2012.01.26 21:03:43.842,1.59948,1.59992,1.43,1.05
2012.01.26 21:03:43.993,1.59939,1.59992,2.16,1.05
2012.01.26 21:03:44.751,1.59939,1.59991,2.16,1.05
2012.01.26 21:03:44.821,1.59949,1.59991,1.43,1.05
2012.01.26 21:03:48.221,1.59958,1.59994,1.43,1.05
2012.01.26 21:03:48.292,1.59958,1.60017,1.43,1.43
2012.01.26 21:03:50.604,1.59936,1.59997,1.48,1.05
2012.01.26 21:03:50.672,1.59925,1.59997,1.43,1.05
2012.01.26 21:03:50.744,1.59922,1.59996,1.35,1.05
2012.01.26 21:03:50.915,1.59911,1.59996,2.10,1.05
2012.01.26 21:03:50.982,1.59911,1.59996,1.43,1.05
2012.01.26 21:03:54.424,1.59911,1.60002,2.18,1.08
2012.01.26 21:03:55.161,1.59929,1.60004,2.18,1.83
2012.01.26 21:03:56.431,1.59929,1.59997,1.43,1.05
2012.01.26 21:03:56.975,1.59928,1.59997,1.43,1.05
2012.01.26 21:03:57.962,1.59928,1.59997,1.43,1.05
2012.01.26 21:03:58.032,1.5993,1.59996,1.43,1.05
2012.01.26 21:04:04.123,1.59929,1.59997,1.43,1.05
2012.01.26 21:04:05.759,1.59928,1.59997,1.43,1.05
2012.01.26 21:04:14.105,1.59928,1.59997,1.43,1.05
2012.01.26 21:04:14.172,1.59926,1.59997,1.43,1.05
2012.01.26 21:04:16.583,1.59945,1.59997,1.43,1.05
2012.01.26 21:04:16.903,1.59936,1.59997,2.16,1.05
2012.01.26 21:04:17.411,1.59936,1.59997,1.43,1.05
2012.01.26 21:04:17.601,1.59932,1.59997,1.43,1.05
2012.01.26 21:04:18.702,1.59927,1.5999,2.16,1.35
2012.01.26 21:04:21.347,1.59927,1.59974,2.16,1.13
2012.01.26 21:04:21.673,1.59905,1.59974,1.35,1.45
2012.01.26 21:04:22.881,1.59902,1.59976,1.48,1.05
2012.01.26 21:04:33.272,1.599,1.59977,2.91,1.08
2012.01.26 21:04:40.401,1.599,1.59974,2.18,1.20
2012.01.26 21:04:44.402,1.599,1.59974,2.91,1.20
2012.01.26 21:04:49.122,1.599,1.59974,2.91,1.20
2012.01.26 21:04:49.643,1.59917,1.59974,1.43,1.20
2012.01.26 21:04:51.092,1.59917,1.59981,1.43,1.73
2012.01.26 21:04:51.266,1.59921,1.59981,1.43,1.73
2012.01.26 21:04:51.606,1.59931,1.59981,1.43,1.05
2012.01.26 21:04:51.936,1.59931,1.59984,1.43,1.35
2012.01.26 21:04:52.001,1.59931,1.59984,2.16,1.05
2012.01.26 21:04:52.075,1.59931,1.59998,2.16,1.50
2012.01.26 21:04:52.201,1.59942,1.59998,1.43,1.50
2012.01.26 21:04:54.133,1.59941,1.59998,1.43,1.50
2012.01.26 21:04:54.842,1.59939,1.59998,1.43,1.50
2012.01.26 21:04:55.005,1.59941,1.59998,1.43,1.50
2012.01.26 21:04:56.053,1.59941,1.60004,2.16,1.13
2012.01.26 21:04:56.431,1.5995,1.60003,1.43,1.13
2012.01.26 21:04:56.951,1.5995,1.60003,1.43,1.13
2012.01.26 21:04:57.024,1.59926,1.60003,1.13,1.28
2012.01.26 21:04:57.155,1.59922,1.60002,1.43,1.43
2012.01.26 21:04:57.701,1.59921,1.59992,1.43,2.18
2012.01.26 21:04:57.957,1.59922,1.60001,1.43,1.05
2012.01.26 21:04:58.142,1.59904,1.59996,2.16,1.35
2012.01.26 21:04:58.711,1.59907,1.59996,1.48,1.35
2012.01.26 21:05:00.082,1.59907,1.59996,1.48,1.20
2012.01.26 21:05:02.162,1.59908,1.60003,1.48,1.73
2012.01.26 21:05:03.189,1.59904,1.60003,2.18,2.20
2012.01.26 21:05:03.701,1.59904,1.60003,2.18,1.73
2012.01.26 21:05:07.384,1.59904,1.60003,2.18,2.20
2012.01.26 21:05:08.194,1.59904,1.59996,2.18,1.20
2012.01.26 21:05:08.714,1.59904,1.59996,2.18,1.05
2012.01.26 21:05:09.639,1.59889,1.59992,2.18,1.43
2012.01.26 21:05:09.763,1.5989,1.59994,2.18,2.33
2012.01.26 21:05:09.893,1.59889,1.59992,2.18,1.43
2012.01.26 21:05:10.188,1.59891,1.59995,2.18,2.33
2012.01.26 21:05:10.906,1.59891,1.59995,2.18,2.33
2012.01.26 21:05:12.798,1.59891,1.59995,2.18,2.33
2012.01.26 21:05:13.516,1.59883,1.59993,2.18,1.58
2012.01.26 21:05:13.689,1.59883,1.59993,2.18,1.95
2012.01.26 21:05:14.111,1.59886,1.59983,1.48,1.50
2012.01.26 21:05:14.941,1.59886,1.59991,1.48,1.13
2012.01.26 21:05:15.432,1.59886,1.59983,1.48,1.50
2012.01.26 21:05:15.934,1.59887,1.59983,1.48,1.50
2012.01.26 21:05:22.424,1.59891,1.59979,1.13,1.50
2012.01.26 21:05:22.734,1.59908,1.59987,2.18,1.50
2012.01.26 21:05:25.437,1.59926,1.59987,1.43,1.50
2012.01.26 21:05:26.954,1.59926,1.59993,2.18,1.50
2012.01.26 21:05:42.402,1.59926,1.59993,2.18,1.50
2012.01.26 21:05:42.474,1.59926,1.59993,2.18,1.50
2012.01.26 21:05:42.684,1.59907,1.59986,2.18,1.50
2012.01.26 21:06:07.708,1.59907,1.59992,2.18,1.08
2012.01.26 21:06:09.624,1.59907,1.59987,2.18,1.68
2012.01.26 21:06:09.805,1.59907,1.59992,2.18,1.08
2012.01.26 21:06:10.322,1.59909,1.59992,2.18,1.08
2012.01.26 21:06:10.456,1.59909,1.59987,2.18,1.05
2012.01.26 21:06:14.174,1.59927,1.59986,1.43,1.05
2012.01.26 21:06:14.322,1.59927,1.59994,1.43,1.35
2012.01.26 21:06:14.857,1.59922,1.59994,2.18,1.35
2012.01.26 21:06:18.223,1.59922,1.59996,2.18,1.45
2012.01.26 21:06:18.291,1.59922,1.59994,2.18,1.35
2012.01.26 21:06:18.369,1.59922,1.59986,1.43,1.05
2012.01.26 21:06:18.747,1.59922,1.59993,2.18,1.35
2012.01.26 21:06:19.711,1.59922,1.59986,2.18,1.05
2012.01.26 21:06:45.763,1.5994,1.60007,1.43,1.05
2012.01.26 21:06:46.685,1.59939,1.60007,1.43,1.05
2012.01.26 21:06:50.032,1.59939,1.59994,1.43,1.13
2012.01.26 21:06:50.783,1.59937,1.59987,1.43,1.50
2012.01.26 21:06:51.844,1.59937,1.59993,2.18,1.88
2012.01.26 21:06:52.603,1.59937,1.59988,1.43,1.50
2012.01.26 21:06:52.913,1.59923,1.59978,2.18,1.15
2012.01.26 21:07:03.441,1.59923,1.59981,2.18,1.15
2012.01.26 21:07:08.828,1.59923,1.59981,2.18,1.15
2012.01.26 21:07:08.895,1.59923,1.5998,2.18,1.15
2012.01.26 21:07:09.085,1.59917,1.5998,2.18,1.15
2012.01.26 21:07:09.154,1.59916,1.59973,2.18,1.13
2012.01.26 21:07:12.323,1.59921,1.59972,2.18,1.13
2012.01.26 21:07:15.592,1.59921,1.59973,2.18,1.13
2012.01.26 21:07:16.203,1.59921,1.59973,2.18,1.13
2012.01.26 21:07:26.681,1.59921,1.59974,2.18,1.13
2012.01.26 21:07:26.992,1.59927,1.59973,2.18,1.13
2012.01.26 21:07:27.631,1.59927,1.59976,2.18,1.13
2012.01.26 21:07:27.782,1.59927,1.59981,2.18,1.15
2012.01.26 21:07:32.144,1.59927,1.59987,2.18,1.08
2012.01.26 21:07:33.571,1.59927,1.59987,2.18,1.08
2012.01.26 21:07:40.262,1.59928,1.59986,2.18,1.08
2012.01.26 21:07:42.473,1.59928,1.59986,2.18,1.45
2012.01.26 21:07:42.605,1.59928,1.59984,1.43,1.68
2012.01.26 21:07:42.733,1.59917,1.59984,2.18,1.68
2012.01.26 21:07:45.736,1.59917,1.59987,2.18,1.45
2012.01.26 21:07:47.203,1.59918,1.59987,2.18,1.45
2012.01.26 21:07:50.374,1.59918,1.59987,2.18,1.45
2012.01.26 21:07:55.677,1.59918,1.59985,2.18,1.30
2012.01.26 21:07:56.392,1.59918,1.59986,2.18,1.30
2012.01.26 21:07:57.510,1.59918,1.59984,2.18,1.35
2012.01.26 21:07:57.650,1.59917,1.59984,2.18,1.35
2012.01.26 21:08:00.223,1.59917,1.59984,2.18,1.35
2012.01.26 21:08:02.970,1.59917,1.59984,2.18,1.35
2012.01.26 21:08:05.640,1.59917,1.59984,2.18,1.35
2012.01.26 21:08:12.520,1.59916,1.59984,2.18,1.35
2012.01.26 21:08:30.569,1.59919,1.59984,2.18,1.35
2012.01.26 21:08:40.209,1.59921,1.59984,2.18,1.35
2012.01.26 21:08:42.671,1.59921,1.59984,2.18,1.35
2012.01.26 21:08:50.197,1.59921,1.59984,2.18,1.35
2012.01.26 21:08:57.554,1.59916,1.59987,1.43,2.50
2012.01.26 21:08:59.544,1.5992,1.59987,1.43,1.08
2012.01.26 21:09:15.980,1.5992,1.59987,2.18,1.08
2012.01.26 21:09:18.398,1.5992,1.59984,2.18,1.35
2012.01.26 21:09:18.674,1.5992,1.59988,2.18,1.08
2012.01.26 21:09:18.892,1.5992,1.59983,2.18,1.35
2012.01.26 21:09:27.592,1.5992,1.59983,2.18,1.35
2012.01.26 21:09:29.125,1.59904,1.59975,2.18,2.18
2012.01.26 21:09:32.962,1.59906,1.59973,2.18,1.50
2012.01.26 21:09:33.784,1.59906,1.59973,2.18,1.50
2012.01.26 21:09:45.057,1.59909,1.59973,2.18,1.50
2012.01.26 21:09:45.577,1.59909,1.59975,2.18,1.13
2012.01.26 21:09:45.703,1.59909,1.59973,2.18,1.50
2012.01.26 21:09:47.294,1.5991,1.59973,2.18,1.50
2012.01.26 21:09:47.426,1.5991,1.59975,2.18,1.13
2012.01.26 21:09:48.039,1.59909,1.59975,2.18,1.13
2012.01.26 21:09:48.545,1.59904,1.59975,2.18,2.55
2012.01.26 21:09:50.421,1.59904,1.59973,2.18,1.50
2012.01.26 21:09:51.697,1.59904,1.59975,2.18,2.55
2012.01.26 21:09:52.973,1.59904,1.59975,2.18,2.18
2012.01.26 21:09:53.512,1.59905,1.59973,2.18,1.50
2012.01.26 21:09:58.017,1.59905,1.59974,2.18,2.18
2012.01.26 21:09:58.087,1.59905,1.59974,2.18,2.18
2012.01.26 21:10:00.304,1.59906,1.59975,2.18,2.55
2012.01.26 21:10:06.853,1.59906,1.59974,2.18,1.50
2012.01.26 21:10:09.004,1.59905,1.59974,2.18,1.50
2012.01.26 21:10:16.773,1.59906,1.59974,2.18,1.50
2012.01.26 21:10:25.175,1.59906,1.59975,2.18,1.13
2012.01.26 21:10:26.126,1.59906,1.59975,2.18,1.13
2012.01.26 21:10:27.573,1.59901,1.59976,2.18,1.15
2012.01.26 21:10:32.287,1.59901,1.59975,2.18,1.13
2012.01.26 21:10:32.853,1.59896,1.59975,2.18,1.13
2012.01.26 21:10:39.151,1.59896,1.59975,2.18,1.15
2012.01.26 21:10:57.586,1.59896,1.59976,2.18,1.15
2012.01.26 21:11:05.574,1.59882,1.59967,2.18,1.13
2012.01.26 21:11:05.642,1.59882,1.59968,2.18,2.58
2012.01.26 21:11:05.956,1.59882,1.59968,2.18,2.58
2012.01.26 21:11:09.032,1.5988,1.59966,2.18,2.18
2012.01.26 21:11:09.654,1.5988,1.59966,2.18,2.20
2012.01.26 21:11:10.532,1.5988,1.59966,2.18,2.58
2012.01.26 21:11:11.846,1.5988,1.59966,2.18,2.55
2012.01.26 21:11:13.611,1.5988,1.59965,2.18,1.13
2012.01.26 21:11:15.952,1.5988,1.59966,2.18,2.20
2012.01.26 21:11:17.977,1.5988,1.59965,2.18,1.13
2012.01.26 21:11:18.104,1.5988,1.59966,2.18,2.18
2012.01.26 21:11:18.413,1.59891,1.59968,2.18,1.13
2012.01.26 21:11:18.548,1.59891,1.59968,2.18,1.13
2012.01.26 21:11:19.514,1.59891,1.59968,2.18,1.15
2012.01.26 21:11:19.704,1.59881,1.59968,2.18,1.15
2012.01.26 21:11:21.140,1.59881,1.59968,2.18,1.15
2012.01.26 21:11:22.592,1.59881,1.59968,2.18,1.15
2012.01.26 21:11:22.844,1.59879,1.59965,2.18,2.55
2012.01.26 21:11:23.889,1.59873,1.59956,2.18,1.08
2012.01.26 21:11:29.119,1.59873,1.59957,2.18,1.08
2012.01.26 21:11:30.383,1.59878,1.59956,2.18,1.08
2012.01.26 21:11:31.163,1.59878,1.59957,2.18,1.08
2012.01.26 21:11:33.004,1.59878,1.59957,2.18,1.08
2012.01.26 21:11:38.505,1.59878,1.59957,2.18,1.08
2012.01.26 21:11:38.704,1.59878,1.59962,2.18,1.13
2012.01.26 21:11:39.104,1.59878,1.59964,2.18,2.18
2012.01.26 21:11:39.464,1.59878,1.59964,2.18,2.18
2012.01.26 21:11:39.534,1.5988,1.59964,1.48,2.18
2012.01.26 21:11:40.213,1.59895,1.59966,2.18,2.18
2012.01.26 21:11:40.957,1.59895,1.59966,2.18,2.18
2012.01.26 21:11:42.619,1.59895,1.59963,2.18,1.50
2012.01.26 21:11:43.043,1.5988,1.59963,1.48,1.50
2012.01.26 21:11:43.173,1.59877,1.59963,2.18,1.50
2012.01.26 21:11:44.787,1.59873,1.59961,2.18,2.18
2012.01.26 21:11:47.718,1.59872,1.59958,2.18,1.43
2012.01.26 21:11:48.135,1.59872,1.59958,2.18,2.18
2012.01.26 21:11:48.326,1.59872,1.59954,2.18,1.50
2012.01.26 21:11:51.143,1.59872,1.59958,2.18,2.18
2012.01.26 21:11:52.135,1.59872,1.59953,2.18,1.50
2012.01.26 21:11:52.283,1.59872,1.59958,2.18,2.18
2012.01.26 21:11:53.493,1.59872,1.5996,2.18,2.18
2012.01.26 21:12:00.384,1.59872,1.5996,2.18,2.18
2012.01.26 21:12:12.531,1.59872,1.5996,2.18,2.18
2012.01.26 21:12:16.792,1.59874,1.5996,2.18,2.18
2012.01.26 21:12:17.572,1.59876,1.59964,2.18,2.93
2012.01.26 21:12:19.252,1.59877,1.59964,2.18,1.50
2012.01.26 21:12:29.504,1.59877,1.59964,2.18,1.50
2012.01.26 21:12:30.574,1.59877,1.59964,2.18,1.50
2012.01.26 21:12:30.644,1.59883,1.59966,2.18,1.35
2012.01.26 21:12:31.386,1.59883,1.59964,2.18,1.50
2012.01.26 21:12:32.497,1.59883,1.59964,2.18,1.50
2012.01.26 21:12:33.138,1.59883,1.59966,2.18,1.35
2012.01.26 21:12:35.593,1.59883,1.59964,2.18,1.50
2012.01.26 21:12:36.288,1.59883,1.59964,2.18,1.50
2012.01.26 21:12:38.742,1.59879,1.59964,2.18,1.50
2012.01.26 21:12:39.594,1.59881,1.59964,2.18,1.50
2012.01.26 21:12:41.896,1.59881,1.59964,2.18,1.50
2012.01.26 21:12:44.894,1.59878,1.59964,2.18,1.50
2012.01.26 21:12:44.963,1.59878,1.59937,2.18,1.13
2012.01.26 21:12:45.491,1.59878,1.59937,2.18,1.13
2012.01.26 21:12:46.642,1.59878,1.59936,2.18,1.13
2012.01.26 21:12:47.072,1.59878,1.59944,2.18,1.13
2012.01.26 21:12:47.602,1.59882,1.59944,2.18,1.13
2012.01.26 21:12:48.952,1.59882,1.59951,2.18,1.13
2012.01.26 21:12:51.616,1.59872,1.59947,2.18,1.13
2012.01.26 21:12:57.272,1.59872,1.59941,2.18,1.13
2012.01.26 21:12:57.978,1.59872,1.59941,2.18,1.13
2012.01.26 21:13:10.493,1.59872,1.59943,2.18,1.13
2012.01.26 21:13:12.672,1.59872,1.59943,2.18,1.13
2012.01.26 21:13:15.044,1.59872,1.59943,2.18,1.13
2012.01.26 21:13:15.475,1.59862,1.59954,2.18,1.50
2012.01.26 21:13:17.006,1.59861,1.59947,2.18,1.43
2012.01.26 21:13:19.633,1.59862,1.5995,2.18,2.18
2012.01.26 21:13:22.629,1.59858,1.59944,2.18,1.43
2012.01.26 21:13:22.753,1.59858,1.59944,2.18,2.18
2012.01.26 21:13:22.823,1.59858,1.59944,2.18,1.43
2012.01.26 21:13:26.076,1.59858,1.59944,2.18,2.18
2012.01.26 21:13:26.303,1.59858,1.59944,2.18,1.43
2012.01.26 21:13:28.332,1.59858,1.59944,2.18,2.18
2012.01.26 21:13:33.116,1.59858,1.59944,2.18,2.93
2012.01.26 21:13:40.382,1.59858,1.59944,2.18,2.18
2012.01.26 21:13:41.003,1.59858,1.59944,2.18,1.43
2012.01.26 21:13:42.178,1.59862,1.59949,2.18,2.18
2012.01.26 21:13:43.632,1.59867,1.59952,2.18,1.50
2012.01.26 21:13:44.008,1.59866,1.59952,2.18,2.18
2012.01.26 21:13:44.352,1.59862,1.59948,2.18,1.43
2012.01.26 21:13:47.954,1.59862,1.5995,2.18,2.18
2012.01.26 21:13:48.443,1.59862,1.5995,2.18,2.18
2012.01.26 21:13:48.773,1.59861,1.59932,2.18,1.43
2012.01.26 21:13:50.603,1.59861,1.59944,2.18,1.53
2012.01.26 21:13:50.672,1.59862,1.5995,1.48,2.18
2012.01.26 21:13:51.454,1.59863,1.59951,1.48,1.43
2012.01.26 21:13:51.705,1.59863,1.5995,1.48,1.50
2012.01.26 21:13:52.712,1.59864,1.59951,2.18,1.43
2012.01.26 21:13:53.578,1.59864,1.59951,2.18,1.43
2012.01.26 21:13:54.094,1.59864,1.59951,2.18,1.43
2012.01.26 21:13:55.604,1.59863,1.59951,2.18,1.43
2012.01.26 21:13:55.927,1.59865,1.59951,2.18,1.43
2012.01.26 21:13:56.449,1.59863,1.59951,2.18,1.43
2012.01.26 21:13:57.952,1.59863,1.59951,2.18,1.43
2012.01.26 21:13:59.968,1.59863,1.59949,2.18,1.50
2012.01.26 21:14:00.845,1.59861,1.59951,2.18,2.85
2012.01.26 21:14:02.155,1.59861,1.59951,2.18,2.85
2012.01.26 21:14:02.700,1.59863,1.59951,2.18,1.43
2012.01.26 21:14:03.692,1.59867,1.59953,2.18,2.18
2012.01.26 21:14:07.793,1.59863,1.59953,2.18,2.18
2012.01.26 21:14:08.654,1.59866,1.59952,2.18,2.18
2012.01.26 21:14:20.332,1.59866,1.59952,2.18,2.18
2012.01.26 21:14:24.843,1.59866,1.59952,2.18,1.43
2012.01.26 21:14:30.514,1.59868,1.59952,1.48,2.18
2012.01.26 21:14:32.147,1.59868,1.59956,2.91,2.18
2012.01.26 21:14:33.169,1.59868,1.59953,1.48,1.43
2012.01.26 21:14:34.235,1.59868,1.59953,1.48,2.18
2012.01.26 21:14:47.474,1.59869,1.59954,1.48,2.18
2012.01.26 21:14:52.958,1.59867,1.59954,1.48,2.18
2012.01.26 21:14:53.274,1.59867,1.59954,1.48,2.18
2012.01.26 21:15:02.242,1.59865,1.59953,2.18,2.18
2012.01.26 21:15:03.714,1.59869,1.59953,1.48,1.43
2012.01.26 21:15:14.194,1.59867,1.59953,1.48,2.18
2012.01.26 21:15:15.463,1.59862,1.59948,2.91,1.43
2012.01.26 21:15:15.533,1.59863,1.59952,2.18,1.43
2012.01.26 21:15:16.075,1.59863,1.59953,2.18,1.43
2012.01.26 21:15:16.728,1.59866,1.59952,2.18,1.43
2012.01.26 21:15:49.893,1.59869,1.59955,2.91,2.18
2012.01.26 21:15:51.380,1.59871,1.59958,1.48,1.43
2012.01.26 21:15:51.444,1.59875,1.59962,2.18,2.18
2012.01.26 21:15:52.134,1.59876,1.59963,2.18,1.50
2012.01.26 21:15:52.694,1.59876,1.5996,2.18,1.50
2012.01.26 21:15:59.242,1.59876,1.59964,2.18,2.93
2012.01.26 21:16:00.352,1.59876,1.59964,2.18,2.93
2012.01.26 21:16:05.793,1.59876,1.59962,2.18,1.50
2012.01.26 21:16:14.153,1.59876,1.59964,2.18,2.93
2012.01.26 21:16:30.075,1.59876,1.59956,2.18,1.13
2012.01.26 21:16:30.206,1.59855,1.59949,2.18,1.43
2012.01.26 21:16:30.397,1.59855,1.5995,2.18,2.18
2012.01.26 21:16:31.238,1.59854,1.5995,2.18,2.18
2012.01.26 21:16:32.403,1.59854,1.59948,2.18,1.50
2012.01.26 21:16:33.234,1.59855,1.59943,2.18,2.18
2012.01.26 21:16:34.257,1.59852,1.59941,2.18,2.18
2012.01.26 21:16:34.995,1.59852,1.59939,2.18,1.50
2012.01.26 21:16:35.514,1.5985,1.59934,2.18,1.50
2012.01.26 21:16:36.110,1.5985,1.59934,2.18,1.50
2012.01.26 21:16:37.794,1.5985,1.59938,2.18,2.18
2012.01.26 21:16:39.154,1.59852,1.59942,2.18,2.18
2012.01.26 21:16:39.804,1.59852,1.59942,2.18,2.18
2012.01.26 21:16:40.756,1.59855,1.59944,2.18,1.50
2012.01.26 21:16:42.209,1.59855,1.59944,2.18,1.50
2012.01.26 21:16:47.165,1.59861,1.59945,2.18,1.50
2012.01.26 21:16:49.835,1.59861,1.59949,2.18,2.18
2012.01.26 21:16:50.833,1.59861,1.5995,2.18,2.18
2012.01.26 21:16:54.249,1.59861,1.59944,2.18,1.50
2012.01.26 21:17:07.434,1.59875,1.59954,2.18,1.50
2012.01.26 21:17:12.948,1.59877,1.59956,2.18,1.50
2012.01.26 21:17:13.199,1.59877,1.59962,2.18,1.50
2012.01.26 21:17:13.329,1.59889,1.59962,1.43,1.50
2012.01.26 21:17:13.937,1.59878,1.59969,1.48,1.50
2012.01.26 21:17:24.355,1.59886,1.59963,1.50,1.50
2012.01.26 21:17:25.107,1.59894,1.59965,1.48,2.18
2012.01.26 21:17:25.295,1.59889,1.59966,1.11,2.18
2012.01.26 21:17:26.038,1.59891,1.5997,1.11,2.18
2012.01.26 21:17:26.413,1.59891,1.5997,1.11,2.18
2012.01.26 21:17:31.724,1.59887,1.5997,1.48,2.18
2012.01.26 21:17:32.243,1.59887,1.5997,1.48,2.18
2012.01.26 21:17:35.524,1.59887,1.59964,1.48,2.18
2012.01.26 21:17:38.226,1.59887,1.59964,1.48,2.18
2012.01.26 21:17:43.061,1.59887,1.59964,1.48,2.18
2012.01.26 21:17:43.612,1.59887,1.59964,1.48,2.18
2012.01.26 21:17:43.734,1.59882,1.59956,1.48,1.53
2012.01.26 21:18:26.038,1.59876,1.59946,2.18,1.43
2012.01.26 21:18:26.805,1.59876,1.59946,2.18,2.18
2012.01.26 21:18:32.366,1.59876,1.59946,2.18,1.43
2012.01.26 21:18:37.804,1.59878,1.59946,1.48,2.18
2012.01.26 21:18:50.694,1.59877,1.59946,1.48,2.18
2012.01.26 21:18:57.702,1.59877,1.59946,1.48,2.18
2012.01.26 21:18:59.572,1.59876,1.59946,2.18,2.18
2012.01.26 21:19:01.169,1.59879,1.59946,1.48,2.18
2012.01.26 21:19:03.167,1.59877,1.59946,1.48,2.18
2012.01.26 21:19:03.282,1.59879,1.59946,1.48,2.18
2012.01.26 21:19:05.591,1.59877,1.59946,1.48,2.18
2012.01.26 21:19:08.259,1.59878,1.59946,1.48,2.18
2012.01.26 21:19:20.682,1.59894,1.59946,1.13,1.43
2012.01.26 21:19:20.995,1.59903,1.59967,1.11,2.18
2012.01.26 21:19:21.127,1.59902,1.59967,1.11,2.18
2012.01.26 21:19:21.476,1.59901,1.59971,1.11,2.18
2012.01.26 21:19:21.609,1.59915,1.59981,1.43,1.53
2012.01.26 21:19:21.675,1.59915,1.59982,2.16,1.50
2012.01.26 21:19:22.452,1.59913,1.59982,1.11,2.18
2012.01.26 21:19:22.844,1.59917,1.59983,1.48,2.18
2012.01.26 21:19:22.914,1.59914,1.59983,1.11,2.18
2012.01.26 21:19:23.947,1.59916,1.59983,1.48,2.18
2012.01.26 21:19:24.023,1.59914,1.59983,1.11,2.18
2012.01.26 21:19:24.347,1.59916,1.59976,1.11,2.18
2012.01.26 21:19:25.020,1.59925,1.59995,2.16,2.18
2012.01.26 21:19:26.117,1.59927,1.59995,1.48,2.18
2012.01.26 21:19:26.184,1.59927,1.59995,1.48,2.18
2012.01.26 21:19:26.467,1.59932,1.60004,1.43,2.18
2012.01.26 21:19:26.596,1.59932,1.60004,1.43,2.18
2012.01.26 21:19:27.457,1.59934,1.60006,1.43,1.50
2012.01.26 21:19:27.530,1.59932,1.60005,1.43,1.50
2012.01.26 21:19:28.307,1.59932,1.60005,1.43,1.50
2012.01.26 21:19:28.438,1.59932,1.60005,1.43,1.50
2012.01.26 21:19:28.627,1.59942,1.60001,1.43,1.50
2012.01.26 21:19:28.815,1.59928,1.59999,1.43,2.18
2012.01.26 21:19:28.885,1.59933,1.60001,1.43,1.50
2012.01.26 21:19:30.236,1.59937,1.60001,1.43,1.50
2012.01.26 21:19:30.562,1.59937,1.6,1.43,1.50
2012.01.26 21:19:30.633,1.59931,1.6,1.43,1.50
2012.01.26 21:19:32.860,1.59931,1.60001,1.43,2.93
2012.01.26 21:19:33.598,1.59926,1.59993,2.18,1.50
2012.01.26 21:19:33.724,1.59931,1.59994,1.43,1.50
2012.01.26 21:19:33.858,1.5992,1.59994,1.43,2.18
2012.01.26 21:19:34.048,1.59911,1.59988,2.18,1.50
2012.01.26 21:19:37.294,1.59911,1.59988,1.43,1.50
2012.01.26 21:19:37.372,1.59907,1.59976,2.18,2.93
2012.01.26 21:19:44.094,1.59905,1.59973,2.18,1.50
2012.01.26 21:19:44.804,1.59905,1.59969,2.18,1.50
2012.01.26 21:19:58.498,1.59887,1.59959,2.18,2.18
2012.01.26 21:20:01.366,1.59887,1.59955,2.18,1.50
2012.01.26 21:20:04.175,1.59886,1.59959,2.18,2.18
2012.01.26 21:20:04.409,1.59887,1.59955,2.18,1.50
2012.01.26 21:20:04.585,1.59887,1.59959,2.18,2.18
2012.01.26 21:20:04.855,1.59887,1.59954,2.18,1.50
2012.01.26 21:20:05.295,1.59887,1.59959,2.18,2.18
2012.01.26 21:20:05.761,1.59887,1.59954,2.18,1.50
2012.01.26 21:20:05.952,1.59887,1.59955,2.18,2.18
2012.01.26 21:20:06.938,1.59887,1.59955,2.18,2.93
2012.01.26 21:20:07.925,1.59887,1.59955,2.18,2.18
2012.01.26 21:20:08.053,1.59887,1.59955,2.18,2.93
2012.01.26 21:20:12.327,1.59884,1.59955,2.18,2.18
2012.01.26 21:20:12.883,1.59884,1.59953,2.18,1.43
2012.01.26 21:20:12.952,1.59884,1.59953,2.18,2.18
2012.01.26 21:20:14.395,1.59884,1.59947,2.18,1.50
2012.01.26 21:20:14.587,1.5987,1.59947,1.35,1.53
2012.01.26 21:20:20.383,1.59867,1.59947,2.18,1.53
2012.01.26 21:20:21.697,1.59868,1.59945,2.18,2.20
2012.01.26 21:20:22.753,1.59868,1.59945,2.18,2.20
2012.01.26 21:20:22.908,1.59868,1.59943,2.18,1.50
2012.01.26 21:20:24.675,1.59868,1.59943,2.18,1.50
2012.01.26 21:20:25.775,1.59876,1.59954,2.18,1.53
2012.01.26 21:20:25.881,1.59876,1.59954,2.18,1.50
2012.01.26 21:20:28.197,1.59876,1.59951,2.18,1.50
2012.01.26 21:20:35.559,1.59876,1.59953,2.18,1.50
2012.01.26 21:20:40.733,1.59876,1.59953,2.18,1.50
2012.01.26 21:20:41.278,1.59876,1.59953,2.18,1.50
2012.01.26 21:20:42.173,1.5988,1.59954,2.18,1.50
2012.01.26 21:20:42.834,1.59881,1.59954,2.18,1.50
2012.01.26 21:20:44.304,1.59884,1.59952,2.18,1.50
2012.01.26 21:20:45.007,1.59878,1.59948,2.18,1.53
2012.01.26 21:20:48.593,1.59871,1.59946,2.18,1.43
2012.01.26 21:20:48.664,1.59871,1.59946,2.18,2.93
2012.01.26 21:21:12.472,1.59879,1.59948,2.18,1.43
2012.01.26 21:21:18.082,1.59888,1.59956,2.18,1.50
2012.01.26 21:21:23.575,1.59878,1.59949,2.18,2.18
2012.01.26 21:21:29.282,1.5988,1.5995,2.18,1.43
2012.01.26 21:21:30.483,1.59883,1.59956,2.18,2.18
2012.01.26 21:21:58.584,1.59887,1.59963,2.18,2.95
2012.01.26 21:21:58.894,1.59887,1.5996,2.18,1.50
2012.01.26 21:22:00.503,1.59889,1.59964,1.50,2.95
2012.01.26 21:22:00.693,1.59897,1.59974,2.18,2.95
2012.01.26 21:22:02.474,1.59897,1.59974,2.18,2.95
2012.01.26 21:22:02.994,1.59896,1.59974,2.18,1.53
2012.01.26 21:22:04.925,1.59896,1.59964,2.18,1.50
2012.01.26 21:22:05.234,1.5988,1.59946,1.48,1.43
2012.01.26 21:22:05.429,1.59886,1.59963,2.18,1.50
2012.01.26 21:22:05.654,1.59877,1.59954,2.18,1.50
2012.01.26 21:22:09.385,1.59892,1.59952,1.43,1.50
2012.01.26 21:22:12.534,1.59877,1.59953,2.18,1.50
2012.01.26 21:22:13.433,1.59877,1.59953,2.18,1.50
2012.01.26 21:22:14.943,1.59877,1.59951,2.18,1.50
2012.01.26 21:22:15.372,1.59868,1.59945,2.18,2.20
2012.01.26 21:22:16.426,1.59868,1.59943,2.18,1.53
2012.01.26 21:22:16.654,1.59867,1.59936,2.18,1.43
2012.01.26 21:22:21.975,1.59868,1.59943,2.18,1.53
2012.01.26 21:22:22.586,1.59868,1.59943,2.18,1.50
2012.01.26 21:22:24.686,1.59868,1.59941,2.18,1.53
2012.01.26 21:22:33.926,1.59868,1.59941,2.18,1.53
2012.01.26 21:22:38.115,1.59868,1.59945,2.18,2.18
2012.01.26 21:22:39.502,1.59871,1.59947,2.18,2.20
2012.01.26 21:22:39.572,1.59871,1.59947,2.18,2.95
2012.01.26 21:22:40.263,1.59871,1.59947,2.18,1.43
2012.01.26 21:22:42.234,1.59874,1.59948,2.18,2.20
2012.01.26 21:22:46.432,1.59874,1.59948,2.18,2.95
2012.01.26 21:22:47.500,1.59867,1.59946,2.18,1.53
2012.01.26 21:22:53.960,1.59867,1.59946,2.18,1.53
2012.01.26 21:22:58.073,1.59872,1.59947,1.48,2.95
2012.01.26 21:23:00.550,1.59873,1.59947,1.48,2.95
2012.01.26 21:23:01.682,1.59872,1.59947,1.48,2.95
2012.01.26 21:23:04.783,1.59872,1.59947,1.48,2.95
2012.01.26 21:23:10.719,1.5987,1.59947,2.91,2.95
2012.01.26 21:23:19.568,1.5987,1.59947,2.91,2.95
2012.01.26 21:23:20.530,1.5987,1.59947,2.91,2.95
2012.01.26 21:23:27.649,1.59871,1.59947,1.48,2.95
2012.01.26 21:23:31.809,1.5987,1.59947,2.18,2.95
2012.01.26 21:23:35.464,1.59875,1.59949,2.18,2.20
2012.01.26 21:23:41.220,1.59875,1.59949,2.18,2.20
2012.01.26 21:23:42.220,1.59875,1.59949,2.18,2.20
2012.01.26 21:23:49.432,1.59875,1.59949,2.18,1.43
2012.01.26 21:23:49.653,1.59875,1.59949,2.18,1.43
2012.01.26 21:23:49.723,1.59875,1.59949,2.18,1.43
2012.01.26 21:23:49.872,1.59875,1.59949,2.18,1.43
2012.01.26 21:24:12.991,1.59877,1.59948,2.18,1.43
2012.01.26 21:24:14.777,1.59877,1.59949,2.18,1.43
2012.01.26 21:24:21.204,1.59879,1.59948,2.18,1.43
2012.01.26 21:24:28.952,1.59877,1.59949,2.91,1.43
2012.01.26 21:24:32.252,1.59875,1.59942,1.48,1.43
2012.01.26 21:24:33.106,1.59881,1.59949,2.18,1.43
2012.01.26 21:24:35.125,1.5989,1.59953,2.18,1.53
2012.01.26 21:24:36.414,1.59885,1.59956,2.18,2.18
2012.01.26 21:24:42.503,1.59885,1.59956,2.18,1.43
2012.01.26 21:24:47.882,1.59886,1.59966,2.18,1.50
2012.01.26 21:24:49.131,1.59886,1.59975,2.18,1.43
2012.01.26 21:24:54.447,1.59886,1.59975,2.18,2.18
2012.01.26 21:24:54.753,1.59886,1.59955,2.18,1.43
2012.01.26 21:24:55.183,1.59886,1.59975,2.18,2.18
2012.01.26 21:24:56.095,1.59886,1.59975,2.18,1.43
2012.01.26 21:24:56.764,1.59884,1.59972,2.18,1.43
2012.01.26 21:25:04.295,1.59885,1.59972,2.18,1.43
2012.01.26 21:25:04.802,1.59884,1.59972,2.18,1.43
2012.01.26 21:25:06.343,1.59884,1.59972,2.18,1.43
2012.01.26 21:25:07.864,1.59884,1.59973,2.18,1.43
2012.01.26 21:25:31.984,1.59885,1.59972,2.18,1.43
2012.01.26 21:26:07.894,1.59884,1.59972,1.43,1.43
2012.01.26 21:26:18.935,1.59884,1.59972,2.18,1.43
2012.01.26 21:26:45.673,1.59893,1.59972,1.48,1.43
2012.01.26 21:26:56.261,1.59894,1.59973,1.48,1.43
2012.01.26 21:27:02.653,1.59894,1.59973,1.48,1.43
2012.01.26 21:27:02.723,1.59894,1.59973,1.48,1.43
2012.01.26 21:27:02.794,1.59894,1.59984,1.48,1.43
2012.01.26 21:27:05.637,1.59895,1.59984,1.48,2.18
2012.01.26 21:27:05.975,1.59888,1.59973,1.48,1.43
2012.01.26 21:27:19.364,1.5989,1.59974,1.48,1.43
2012.01.26 21:27:30.946,1.59905,1.59974,1.48,1.43
2012.01.26 21:27:31.573,1.599,1.59985,1.48,1.43
2012.01.26 21:27:32.164,1.59901,1.59985,1.48,2.18
2012.01.26 21:27:32.291,1.59901,1.59986,1.48,1.43
2012.01.26 21:27:32.725,1.59901,1.59986,1.48,2.18
2012.01.26 21:27:42.206,1.59907,1.59988,1.48,1.43
2012.01.26 21:27:42.274,1.59907,1.59997,1.48,2.18
2012.01.26 21:27:42.464,1.59906,1.59989,1.48,1.43
2012.01.26 21:27:42.785,1.59907,1.59989,1.48,2.18
2012.01.26 21:27:49.284,1.59906,1.59992,1.48,2.18
2012.01.26 21:27:50.464,1.59901,1.59988,1.48,1.43
2012.01.26 21:27:52.242,1.599,1.59988,1.48,2.18
2012.01.26 21:27:53.252,1.599,1.59988,1.48,2.18
2012.01.26 21:27:56.895,1.59897,1.59988,1.48,2.18
2012.01.26 21:27:59.452,1.59897,1.59988,1.48,2.18
2012.01.26 21:28:00.893,1.599,1.59989,1.48,2.18
2012.01.26 21:28:06.133,1.59906,1.59988,1.48,2.18
2012.01.26 21:28:13.943,1.59905,1.59988,1.48,2.18
2012.01.26 21:28:49.973,1.59902,1.59968,1.48,1.43
2012.01.26 21:29:17.134,1.59901,1.59971,2.18,1.43
2012.01.26 21:29:50.618,1.59901,1.59971,1.43,1.43
2012.01.26 21:29:52.222,1.59901,1.59971,2.18,2.18
2012.01.26 21:29:53.340,1.59901,1.59971,2.18,1.43
2012.01.26 21:30:01.762,1.59901,1.59971,2.18,2.18
2012.01.26 21:30:03.509,1.59901,1.59971,2.18,1.43
2012.01.26 21:30:09.441,1.59891,1.59961,2.18,1.43
2012.01.26 21:30:10.111,1.59881,1.59965,2.18,1.43
2012.01.26 21:30:10.687,1.59881,1.59966,2.18,1.43
2012.01.26 21:30:12.777,1.59881,1.59966,2.18,1.43
2012.01.26 21:30:16.936,1.59893,1.59966,2.18,2.18
2012.01.26 21:30:17.806,1.59893,1.59966,2.18,1.43
2012.01.26 21:30:17.995,1.59913,1.59983,1.43,2.18
2012.01.26 21:30:18.405,1.59913,1.59983,2.18,2.18
2012.01.26 21:30:32.723,1.59913,1.59983,1.43,2.18
2012.01.26 21:30:33.286,1.59913,1.59983,2.18,2.18
2012.01.26 21:31:50.142,1.59913,1.59983,1.43,2.18
2012.01.26 21:31:52.933,1.59913,1.59983,2.18,2.18
2012.01.26 21:31:53.263,1.59913,1.59983,1.43,2.18
2012.01.26 21:32:11.426,1.59913,1.59983,2.18,2.18
2012.01.26 21:32:11.695,1.59913,1.59983,1.43,2.18
2012.01.26 21:32:17.486,1.59916,1.59988,1.43,2.18
2012.01.26 21:32:25.083,1.59915,1.59987,1.43,2.18
2012.01.26 21:32:28.142,1.59915,1.59987,1.43,2.18
2012.01.26 21:32:28.394,1.59878,1.59985,2.18,2.18
2012.01.26 21:32:28.937,1.59866,1.59983,1.43,2.18
2012.01.26 21:32:41.678,1.59863,1.59983,1.35,2.55
2012.01.26 21:32:50.924,1.59866,1.59983,1.43,2.55
2012.01.26 21:33:10.454,1.59866,1.59983,1.43,2.18
2012.01.26 21:33:11.211,1.59866,1.59983,1.43,2.18
2012.01.26 21:33:11.715,1.59866,1.59983,1.43,2.18
2012.01.26 21:33:25.687,1.59866,1.59983,1.43,2.18
2012.01.26 21:33:25.954,1.59866,1.59983,1.43,2.18
2012.01.26 21:33:31.953,1.5986,1.59983,1.43,2.18
2012.01.26 21:33:32.641,1.5986,1.59983,2.18,2.18
2012.01.26 21:33:36.904,1.5986,1.59983,1.43,2.18
2012.01.26 21:33:40.203,1.5986,1.59983,2.18,2.18
2012.01.26 21:33:41.367,1.59853,1.59974,2.18,1.43
2012.01.26 21:33:42.136,1.59859,1.59973,1.43,1.43
2012.01.26 21:33:42.684,1.59859,1.59974,2.18,1.43
2012.01.26 21:33:44.714,1.59859,1.59973,1.43,1.43
2012.01.26 21:33:47.413,1.59859,1.59974,2.18,1.43
2012.01.26 21:33:59.023,1.59859,1.59973,1.43,1.43
2012.01.26 21:33:59.334,1.59864,1.59981,1.43,1.13
2012.01.26 21:33:59.932,1.59863,1.59985,2.10,1.13
2012.01.26 21:34:11.194,1.59863,1.59983,2.48,1.13
2012.01.26 21:34:11.580,1.59883,1.59987,1.43,2.85
2012.01.26 21:34:21.320,1.59879,1.59986,1.43,2.18
2012.01.26 21:34:34.803,1.59878,1.59985,1.43,2.18
2012.01.26 21:34:40.908,1.59878,1.59985,1.80,2.18
2012.01.26 21:34:40.975,1.59879,1.59985,1.13,2.18
2012.01.26 21:34:41.673,1.59897,1.59985,1.43,2.18
2012.01.26 21:34:44.507,1.59878,1.5998,2.18,1.43
2012.01.26 21:34:44.579,1.59861,1.5998,1.13,1.43
2012.01.26 21:34:49.725,1.59861,1.59981,1.13,1.35
2012.01.26 21:34:49.855,1.59859,1.5998,1.43,1.43
2012.01.26 21:34:49.925,1.59856,1.59977,1.43,1.43
2012.01.26 21:34:50.056,1.5986,1.59981,2.18,1.35
2012.01.26 21:34:53.712,1.5986,1.59953,2.18,1.05
2012.01.26 21:34:54.043,1.59856,1.59928,2.18,1.43
2012.01.26 21:34:54.676,1.5985,1.59924,2.18,1.43
2012.01.26 21:34:55.225,1.5985,1.59924,2.18,1.43
2012.01.26 21:34:55.906,1.5985,1.59924,2.18,2.18
2012.01.26 21:34:56.035,1.5985,1.59924,2.18,2.93
2012.01.26 21:34:56.362,1.59841,1.59915,2.18,2.20
2012.01.26 21:34:57.966,1.59844,1.59916,2.18,1.43
2012.01.26 21:35:02.955,1.5984,1.5991,2.18,1.43
2012.01.26 21:35:05.688,1.5984,1.5991,2.18,2.20
2012.01.26 21:35:06.306,1.59828,1.59899,2.18,1.43
2012.01.26 21:35:06.372,1.59827,1.59899,2.18,1.43
2012.01.26 21:35:07.317,1.59833,1.59905,2.18,1.43
2012.01.26 21:35:07.431,1.59833,1.59905,2.18,1.43
2012.01.26 21:35:07.555,1.59833,1.59905,2.18,1.43
2012.01.26 21:35:09.401,1.59836,1.59907,2.18,1.43
2012.01.26 21:35:10.088,1.59838,1.59906,2.18,1.43
2012.01.26 21:35:11.606,1.59841,1.59911,2.18,2.20
2012.01.26 21:35:12.131,1.59841,1.59911,2.18,1.43
2012.01.26 21:35:14.520,1.59847,1.59917,2.18,1.43
2012.01.26 21:35:16.828,1.59845,1.59914,2.18,1.43
2012.01.26 21:35:17.384,1.59845,1.59914,2.18,1.43
2012.01.26 21:35:17.920,1.59848,1.59916,2.18,2.95
2012.01.26 21:35:18.599,1.59848,1.59916,2.18,1.43
2012.01.26 21:35:21.822,1.59859,1.59927,2.18,1.43
2012.01.26 21:35:31.979,1.59859,1.59927,2.18,2.18
2012.01.26 21:35:32.048,1.59859,1.59924,2.18,1.50
2012.01.26 21:35:32.416,1.59839,1.59917,1.13,1.53
2012.01.26 21:35:32.544,1.59839,1.59916,1.13,1.53
2012.01.26 21:35:33.144,1.59854,1.59925,2.18,2.20
2012.01.26 21:35:41.415,1.59854,1.59925,2.18,2.18
2012.01.26 21:35:41.745,1.59854,1.59925,2.18,1.43
2012.01.26 21:35:52.763,1.59854,1.59925,2.18,1.43
2012.01.26 21:35:52.837,1.59867,1.59936,2.18,2.18
2012.01.26 21:35:53.435,1.59854,1.59927,2.18,2.95
2012.01.26 21:35:54.608,1.59853,1.59926,2.18,1.43
2012.01.26 21:36:00.134,1.59853,1.59926,2.18,2.95
2012.01.26 21:36:04.835,1.59832,1.59922,2.18,1.53
2012.01.26 21:36:05.519,1.59832,1.59921,2.18,1.53
2012.01.26 21:36:06.813,1.59837,1.59922,1.48,1.53
2012.01.26 21:36:20.912,1.59841,1.59922,2.18,1.53
2012.01.26 21:36:23.692,1.59841,1.59922,2.18,1.53
2012.01.26 21:36:27.753,1.59841,1.59922,2.18,1.53
2012.01.26 21:36:31.623,1.59841,1.59922,2.18,1.53
2012.01.26 21:36:53.588,1.59841,1.59922,1.43,1.53
2012.01.26 21:37:15.439,1.59841,1.59924,1.43,1.43
2012.01.26 21:37:16.110,1.5984,1.59923,1.43,1.43
2012.01.26 21:37:16.732,1.5984,1.59921,2.18,1.43
2012.01.26 21:37:18.321,1.5984,1.59918,2.18,1.43
2012.01.26 21:37:18.722,1.5984,1.59911,2.18,1.43
2012.01.26 21:37:22.402,1.59841,1.59913,2.18,1.43
2012.01.26 21:37:28.202,1.59841,1.59913,2.18,1.43
2012.01.26 21:37:29.173,1.59841,1.59913,2.18,1.43
2012.01.26 21:37:35.172,1.59823,1.59894,1.48,1.43
2012.01.26 21:37:35.243,1.59821,1.59894,2.18,2.18
2012.01.26 21:37:35.492,1.59821,1.59894,2.18,1.43
2012.01.26 21:37:37.674,1.59821,1.59894,2.18,2.10
2012.01.26 21:37:37.986,1.59792,1.59865,2.18,2.18
2012.01.26 21:37:38.636,1.59803,1.59875,2.18,1.43
2012.01.26 21:37:42.413,1.59813,1.59903,2.18,1.43
2012.01.26 21:37:59.645,1.59813,1.59903,2.18,2.18
2012.01.26 21:38:22.667,1.59811,1.59883,2.18,2.18
2012.01.26 21:38:22.984,1.59802,1.59873,2.18,1.43
2012.01.26 21:38:36.629,1.59802,1.59873,2.18,1.43
2012.01.26 21:38:36.962,1.59803,1.59871,2.18,1.43
2012.01.26 21:38:41.163,1.59803,1.59871,2.18,1.43
2012.01.26 21:38:41.384,1.59792,1.59862,2.18,1.43
2012.01.26 21:38:58.142,1.59783,1.59852,2.18,1.43
2012.01.26 21:38:58.214,1.59783,1.59852,2.18,1.43
2012.01.26 21:39:04.433,1.59783,1.59852,2.18,1.43
2012.01.26 21:39:04.566,1.59792,1.59862,2.18,1.43
2012.01.26 21:39:11.563,1.59791,1.59861,2.18,1.43
2012.01.26 21:39:12.555,1.59788,1.59859,2.18,1.43
2012.01.26 21:39:13.814,1.59788,1.59856,2.18,1.43
2012.01.26 21:39:14.695,1.59788,1.59856,2.18,1.43
2012.01.26 21:39:16.776,1.59785,1.59854,2.18,1.43
2012.01.26 21:39:17.741,1.59792,1.59866,2.18,1.43
2012.01.26 21:39:18.976,1.59792,1.59866,1.43,1.43
2012.01.26 21:39:19.042,1.59792,1.59866,1.43,2.10
2012.01.26 21:39:19.165,1.59736,1.5986,1.43,1.43
2012.01.26 21:39:19.326,1.59736,1.59854,1.43,1.05
2012.01.26 21:39:19.633,1.59708,1.59834,1.35,1.28
2012.01.26 21:39:20.884,1.59708,1.59836,1.35,1.35
2012.01.26 21:39:25.185,1.59708,1.59834,1.35,1.43
2012.01.26 21:39:25.965,1.59708,1.59836,1.35,1.35
2012.01.26 21:39:26.327,1.59708,1.59849,1.35,1.05
2012.01.26 21:39:26.716,1.59727,1.59848,1.35,1.13
2012.01.26 21:39:27.942,1.59727,1.59853,1.35,1.43
2012.01.26 21:39:28.005,1.59717,1.59848,1.35,1.05
2012.01.26 21:39:28.072,1.59715,1.59841,1.35,1.35
2012.01.26 21:39:28.202,1.59807,1.59841,0.75,1.35
2012.01.26 21:39:28.334,1.59781,1.59846,1.43,1.05
2012.01.26 21:39:28.407,1.59811,1.59863,1.11,1.50
2012.01.26 21:39:28.653,1.59792,1.59899,1.86,1.43
2012.01.26 21:39:30.475,1.59793,1.59884,1.86,1.35
2012.01.26 21:39:31.155,1.59793,1.59884,1.48,1.35
2012.01.26 21:39:31.224,1.59784,1.59874,1.13,1.50
2012.01.26 21:39:34.219,1.59784,1.59862,1.13,1.53
2012.01.26 21:39:35.052,1.59784,1.59861,1.86,1.53
2012.01.26 21:39:49.652,1.59784,1.59861,1.13,1.53
2012.01.26 21:39:52.584,1.59784,1.59861,1.13,1.53
2012.01.26 21:39:53.105,1.59784,1.59861,1.86,1.53
2012.01.26 21:39:59.383,1.59784,1.59865,1.48,1.53
2012.01.26 21:39:59.442,1.59784,1.59867,1.48,1.53
2012.01.26 21:40:00.873,1.59788,1.59866,1.13,1.53
2012.01.26 21:40:11.883,1.59788,1.59866,1.48,1.53
2012.01.26 21:40:12.270,1.59783,1.59862,1.86,1.53
2012.01.26 21:40:23.624,1.59785,1.59861,1.48,1.53
2012.01.26 21:40:28.617,1.59785,1.59864,1.48,1.53
2012.01.26 21:40:28.683,1.59785,1.59867,1.48,1.53
2012.01.26 21:40:29.600,1.59784,1.59866,1.86,1.53
2012.01.26 21:40:30.925,1.59793,1.59872,1.13,1.53
2012.01.26 21:40:32.366,1.59793,1.59872,1.86,1.53
2012.01.26 21:40:35.485,1.59794,1.59878,2.23,1.53
2012.01.26 21:40:36.888,1.59794,1.59878,2.23,1.53
2012.01.26 21:40:39.904,1.59794,1.59878,2.23,1.53
2012.01.26 21:40:40.224,1.59803,1.59887,2.23,2.28
2012.01.26 21:40:42.055,1.59814,1.59878,1.43,1.53
2012.01.26 21:40:42.987,1.59814,1.59886,1.43,1.53
2012.01.26 21:40:43.114,1.59805,1.59876,1.43,2.18
2012.01.26 21:40:43.866,1.59805,1.59876,2.18,2.18
2012.01.26 21:40:44.114,1.59786,1.59856,2.18,1.43
2012.01.26 21:40:44.243,1.59786,1.59856,1.43,1.43
2012.01.26 21:40:44.918,1.59731,1.59837,1.35,1.35
2012.01.26 21:40:45.046,1.59717,1.59836,1.35,1.35
2012.01.26 21:40:45.798,1.59717,1.59837,1.35,1.35
2012.01.26 21:40:46.412,1.59717,1.59843,1.35,1.35
2012.01.26 21:40:51.687,1.59698,1.59841,1.35,1.35
2012.01.26 21:40:51.756,1.59698,1.59824,1.35,1.35
2012.01.26 21:40:59.945,1.59698,1.59823,1.35,1.43
2012.01.26 21:41:00.282,1.59698,1.59823,1.35,1.43
2012.01.26 21:41:03.606,1.59698,1.59824,1.35,1.43
2012.01.26 21:41:03.923,1.59749,1.59853,1.13,1.35
2012.01.26 21:41:04.557,1.59749,1.59851,1.86,1.43
2012.01.26 21:41:04.629,1.59694,1.59819,1.35,1.28
2012.01.26 21:41:05.753,1.59694,1.5982,1.35,1.35
2012.01.26 21:41:06.004,1.59694,1.59819,1.35,1.43
2012.01.26 21:41:06.714,1.59694,1.5982,1.35,1.35
2012.01.26 21:41:10.396,1.59695,1.5982,1.43,1.35
2012.01.26 21:41:10.463,1.59724,1.59841,1.13,1.13
2012.01.26 21:41:10.653,1.59738,1.59843,1.13,1.05
2012.01.26 21:41:11.716,1.59747,1.59841,1.11,1.13
2012.01.26 21:41:12.663,1.59747,1.59843,1.48,1.43
2012.01.26 21:41:12.974,1.59753,1.59843,1.86,1.43
2012.01.26 21:41:21.964,1.59753,1.59843,1.86,1.43
2012.01.26 21:41:23.774,1.59753,1.59848,1.86,1.53
2012.01.26 21:41:24.976,1.59753,1.59842,1.86,1.13
2012.01.26 21:41:25.418,1.59753,1.59837,1.86,1.53
2012.01.26 21:41:25.982,1.59753,1.59836,1.86,1.53
2012.01.26 21:41:26.050,1.59753,1.59837,1.86,1.53
2012.01.26 21:41:26.176,1.59753,1.59836,1.86,1.53
2012.01.26 21:41:26.505,1.59753,1.59836,1.11,1.53
2012.01.26 21:41:26.947,1.59753,1.59836,1.86,1.53
2012.01.26 21:41:27.015,1.59753,1.59836,1.11,1.53
2012.01.26 21:41:27.935,1.59753,1.59836,1.86,1.53
2012.01.26 21:41:28.100,1.59753,1.59836,1.86,1.53
2012.01.26 21:41:28.216,1.59753,1.59836,1.11,1.53
2012.01.26 21:41:28.380,1.59753,1.59836,1.86,1.53
2012.01.26 21:41:28.504,1.59752,1.59838,1.11,1.53
2012.01.26 21:41:28.834,1.59753,1.59838,1.13,1.53
2012.01.26 21:41:29.833,1.59753,1.59838,1.13,1.53
2012.01.26 21:41:29.975,1.59759,1.59839,1.11,1.53
2012.01.26 21:41:30.545,1.59759,1.59838,1.11,1.53
2012.01.26 21:41:32.490,1.59758,1.59845,1.11,1.53
2012.01.26 21:41:38.326,1.59759,1.59847,1.86,1.43
2012.01.26 21:41:38.523,1.59758,1.59847,1.11,1.43
2012.01.26 21:41:40.802,1.59758,1.59847,1.11,1.43
2012.01.26 21:41:42.259,1.59761,1.59847,1.11,1.43
2012.01.26 21:41:43.146,1.59762,1.59847,1.48,1.43
2012.01.26 21:41:43.755,1.59761,1.59847,1.11,1.43
2012.01.26 21:41:44.293,1.59754,1.59847,1.86,1.43
2012.01.26 21:42:05.264,1.59746,1.59847,1.48,1.43
2012.01.26 21:42:05.394,1.59743,1.59845,1.50,1.53
2012.01.26 21:42:07.786,1.5974,1.59844,1.86,1.53
2012.01.26 21:42:08.439,1.5974,1.59844,1.86,1.53
2012.01.26 21:42:30.026,1.59741,1.59844,1.86,1.53
2012.01.26 21:42:30.584,1.59742,1.59844,1.48,1.53
2012.01.26 21:42:31.012,1.59742,1.59844,1.48,1.53
2012.01.26 21:42:35.222,1.59741,1.59843,1.86,1.13
2012.01.26 21:43:06.667,1.59754,1.59852,1.48,1.53
2012.01.26 21:43:07.878,1.59754,1.59852,1.48,1.53
2012.01.26 21:43:11.863,1.59759,1.59835,1.35,1.53
2012.01.26 21:43:11.998,1.59766,1.59854,1.05,1.53
2012.01.26 21:43:12.065,1.59772,1.59883,1.41,1.43
2012.01.26 21:43:14.075,1.59764,1.59883,1.05,1.43
2012.01.26 21:43:14.895,1.59766,1.59883,1.50,1.43
2012.01.26 21:43:15.702,1.59811,1.59882,1.43,2.18
2012.01.26 21:43:16.278,1.59812,1.59881,1.43,2.18
2012.01.26 21:43:16.716,1.59812,1.59881,1.43,2.18
2012.01.26 21:43:16.785,1.59821,1.59891,1.43,1.53
2012.01.26 21:43:17.944,1.59821,1.59892,1.43,2.18
2012.01.26 21:43:18.106,1.59811,1.59882,1.43,2.18
2012.01.26 21:43:23.938,1.59811,1.59882,1.43,2.18
2012.01.26 21:43:25.918,1.59811,1.59882,1.43,2.18
2012.01.26 21:43:33.636,1.59795,1.59872,1.43,1.53
2012.01.26 21:43:33.769,1.59795,1.59872,2.18,1.53
2012.01.26 21:43:36.918,1.59795,1.59872,1.43,1.53
2012.01.26 21:43:44.957,1.59794,1.59871,1.43,2.28
2012.01.26 21:43:46.349,1.59786,1.59868,2.18,2.18
2012.01.26 21:43:50.939,1.59788,1.59863,1.50,1.53
2012.01.26 21:43:51.104,1.598,1.59869,1.43,2.18
2012.01.26 21:43:58.477,1.598,1.59869,1.43,2.18
2012.01.26 21:43:58.704,1.598,1.59869,1.43,2.18
2012.01.26 21:44:00.268,1.598,1.59869,1.43,2.18
2012.01.26 21:44:00.575,1.59803,1.59873,1.43,2.95
2012.01.26 21:44:02.717,1.59803,1.59873,1.43,2.95
2012.01.26 21:44:02.924,1.59814,1.59882,1.43,2.18
2012.01.26 21:44:05.886,1.59804,1.59872,1.43,2.18
2012.01.26 21:44:15.699,1.59804,1.59872,1.43,2.18
2012.01.26 21:44:29.904,1.59799,1.5987,1.43,2.18
2012.01.26 21:44:31.428,1.59799,1.5987,1.43,2.18
2012.01.26 21:44:34.178,1.59784,1.59861,2.18,1.50
2012.01.26 21:44:38.958,1.59783,1.59862,2.18,1.53
2012.01.26 21:44:42.377,1.59783,1.59861,2.18,1.50
2012.01.26 21:44:47.618,1.59792,1.59874,2.18,2.18
2012.01.26 21:44:51.234,1.59792,1.59874,2.18,2.18
2012.01.26 21:44:52.801,1.59792,1.59874,2.18,2.18
2012.01.26 21:44:54.528,1.59792,1.59874,2.18,2.18
2012.01.26 21:44:54.968,1.59792,1.59874,2.18,2.18
2012.01.26 21:44:56.067,1.59792,1.59874,2.18,2.18
2012.01.26 21:44:59.255,1.59792,1.59874,2.18,2.18
2012.01.26 21:45:00.006,1.5981,1.59884,1.43,2.18
2012.01.26 21:45:00.697,1.59802,1.59873,2.18,2.18
2012.01.26 21:45:03.460,1.59773,1.5984,1.43,2.10
2012.01.26 21:45:03.529,1.5977,1.59831,1.35,1.13
2012.01.26 21:45:03.596,1.59699,1.59821,1.43,1.28
2012.01.26 21:45:03.726,1.59696,1.59821,1.35,1.28
2012.01.26 21:45:03.857,1.59678,1.59812,1.35,1.28
2012.01.26 21:45:03.925,1.59678,1.59806,1.35,1.35
2012.01.26 21:45:04.629,1.59696,1.59824,1.35,1.35
2012.01.26 21:45:19.904,1.5968,1.59808,1.35,1.35
2012.01.26 21:45:23.206,1.5968,1.5985,1.35,1.35
2012.01.26 21:45:23.396,1.59728,1.59853,1.43,2.10
2012.01.26 21:45:23.648,1.59725,1.59764,1.35,0.75
2012.01.26 21:45:23.855,1.59706,1.59791,1.43,1.43
2012.01.26 21:45:23.928,1.59669,1.59791,1.43,1.43
2012.01.26 21:45:23.996,1.59669,1.59793,1.43,1.35
2012.01.26 21:45:24.677,1.59726,1.5985,2.10,1.43
2012.01.26 21:45:27.994,1.59699,1.59821,1.43,1.43
2012.01.26 21:45:29.185,1.59715,1.59789,2.18,1.43
2012.01.26 21:45:30.523,1.59715,1.59789,2.18,2.18
2012.01.26 21:45:30.948,1.59715,1.59789,2.18,2.18
2012.01.26 21:45:31.196,1.59714,1.59778,1.50,1.43
2012.01.26 21:45:31.397,1.59715,1.59789,2.18,2.18
2012.01.26 21:45:31.871,1.59715,1.59789,2.18,2.18
2012.01.26 21:45:32.186,1.59695,1.59769,2.18,1.43
2012.01.26 21:45:32.377,1.59715,1.59789,2.18,2.18
2012.01.26 21:45:37.195,1.59715,1.59789,2.18,1.43
2012.01.26 21:45:39.676,1.59715,1.59789,2.18,2.18
2012.01.26 21:45:40.114,1.59715,1.59789,2.18,1.43
2012.01.26 21:45:40.427,1.59725,1.59798,2.18,2.18
2012.01.26 21:45:40.609,1.59725,1.59798,2.18,2.18
2012.01.26 21:45:49.607,1.59724,1.59808,1.50,1.53
2012.01.26 21:45:51.175,1.59723,1.59773,1.48,1.50
2012.01.26 21:45:51.534,1.59717,1.59738,0.75,1.35
2012.01.26 21:45:56.575,1.59688,1.59773,1.50,1.53
2012.01.26 21:45:56.644,1.59688,1.59773,2.23,1.53
2012.01.26 21:45:57.500,1.59689,1.59773,1.48,1.53
2012.01.26 21:45:58.636,1.59689,1.59777,1.48,1.53
2012.01.26 21:45:58.943,1.59708,1.59793,2.23,1.53
2012.01.26 21:45:59.534,1.59709,1.59792,1.48,1.53
2012.01.26 21:46:00.476,1.59713,1.59792,1.50,1.53
2012.01.26 21:46:01.440,1.59716,1.59801,1.48,1.50
2012.01.26 21:46:01.785,1.59709,1.59762,1.50,1.43
2012.01.26 21:46:03.866,1.59712,1.5978,2.18,2.18
2012.01.26 21:46:07.487,1.59714,1.5978,1.50,1.43
2012.01.26 21:46:07.625,1.59721,1.59791,2.18,2.18
2012.01.26 21:46:09.935,1.59726,1.59797,1.43,2.18
2012.01.26 21:46:11.887,1.59726,1.59797,2.18,2.18
2012.01.26 21:46:13.053,1.59733,1.59803,1.43,2.18
2012.01.26 21:46:13.446,1.59733,1.59803,1.43,2.18
2012.01.26 21:46:13.514,1.59733,1.59803,2.18,2.18
2012.01.26 21:46:14.234,1.59744,1.59812,1.43,2.18
2012.01.26 21:46:17.205,1.59723,1.59794,2.18,2.18
2012.01.26 21:46:19.585,1.59723,1.59794,2.18,2.18
2012.01.26 21:46:20.606,1.59723,1.59794,2.18,2.18
2012.01.26 21:46:24.753,1.59719,1.59777,2.23,1.43
2012.01.26 21:46:27.369,1.59719,1.59777,2.23,2.18
2012.01.26 21:46:27.558,1.59709,1.59744,2.16,1.50
2012.01.26 21:46:27.624,1.59611,1.59743,1.35,1.15
2012.01.26 21:46:28.971,1.59606,1.59743,1.48,1.53
2012.01.26 21:46:29.210,1.59585,1.59739,1.35,1.50
2012.01.26 21:46:33.272,1.59527,1.59579,1.35,0.75
2012.01.26 21:46:33.573,1.59533,1.59574,1.35,0.75
2012.01.26 21:46:33.705,1.59549,1.59675,1.35,1.35
2012.01.26 21:46:33.895,1.5955,1.59724,1.35,1.35
2012.01.26 21:46:33.963,1.59598,1.59724,1.35,1.35
2012.01.26 21:46:34.599,1.59549,1.59677,1.35,1.35
2012.01.26 21:46:35.441,1.59552,1.59677,1.43,1.35
2012.01.26 21:46:35.775,1.59523,1.59648,1.43,1.35
2012.01.26 21:46:37.163,1.59523,1.59648,1.43,1.35
2012.01.26 21:46:37.292,1.59536,1.59677,1.43,1.35
2012.01.26 21:46:37.352,1.59552,1.59689,1.35,1.35
2012.01.26 21:46:37.412,1.59561,1.59689,1.35,1.35
2012.01.26 21:46:37.471,1.59532,1.59687,1.35,1.35
2012.01.26 21:46:37.530,1.59532,1.59658,1.35,1.35
2012.01.26 21:46:38.021,1.59534,1.59672,1.35,1.35
2012.01.26 21:46:38.081,1.59546,1.59672,1.35,1.35
2012.01.26 21:46:38.930,1.59547,1.59672,1.43,1.35
2012.01.26 21:46:39.232,1.59603,1.59728,1.35,1.43
2012.01.26 21:46:40.423,1.59606,1.59728,1.43,1.43
2012.01.26 21:46:42.503,1.59586,1.59708,1.43,1.43
2012.01.26 21:46:42.674,1.59586,1.59708,1.43,1.43
2012.01.26 21:46:42.953,1.59583,1.59654,1.35,1.13
2012.01.26 21:46:43.618,1.59571,1.59639,1.86,1.53
2012.01.26 21:46:44.229,1.59571,1.59639,1.11,1.53
2012.01.26 21:46:44.447,1.59571,1.59639,1.86,1.53
2012.01.26 21:46:45.938,1.59571,1.59639,1.11,1.53
2012.01.26 21:46:46.159,1.59572,1.59639,1.13,1.53
2012.01.26 21:46:46.294,1.59571,1.59634,1.48,1.50
2012.01.26 21:46:46.961,1.59563,1.59629,1.11,1.53
2012.01.26 21:46:47.264,1.59556,1.59593,1.13,1.43
2012.01.26 21:46:47.336,1.59556,1.59603,1.13,1.43
2012.01.26 21:46:47.406,1.59557,1.59603,1.86,1.43
2012.01.26 21:46:47.908,1.59567,1.59603,1.13,1.43
2012.01.26 21:46:48.360,1.59615,1.59668,1.11,2.18
2012.01.26 21:46:48.542,1.59621,1.59668,1.43,1.43
2012.01.26 21:46:48.662,1.59644,1.59668,1.48,1.43
2012.01.26 21:46:48.721,1.59644,1.59743,1.48,1.43
2012.01.26 21:46:50.815,1.59648,1.59658,1.11,0.75
2012.01.26 21:46:50.934,1.59618,1.59653,1.35,1.13
2012.01.26 21:46:51.002,1.59567,1.59653,1.43,1.13
2012.01.26 21:46:51.062,1.59564,1.59653,1.50,1.13
2012.01.26 21:46:53.825,1.59567,1.59653,1.43,1.13
2012.01.26 21:46:53.891,1.59567,1.59653,1.43,1.13
2012.01.26 21:46:53.953,1.59563,1.59653,2.16,1.13
2012.01.26 21:46:56.385,1.59563,1.59623,1.48,1.50
2012.01.26 21:46:56.665,1.59522,1.59602,1.86,1.53
2012.01.26 21:46:56.732,1.59522,1.596,1.48,1.53
2012.01.26 21:46:56.885,1.59522,1.5957,1.48,2.10
2012.01.26 21:46:56.953,1.59503,1.5957,1.48,2.10
2012.01.26 21:46:57.072,1.59446,1.5957,1.35,2.10
2012.01.26 21:46:57.137,1.59444,1.5957,1.35,2.10
2012.01.26 21:46:57.989,1.59444,1.59589,1.35,1.53
2012.01.26 21:46:59.690,1.59408,1.59589,1.48,1.90
2012.01.26 21:47:00.219,1.5938,1.59588,1.86,1.53
2012.01.26 21:47:01.229,1.5938,1.59588,1.11,1.15
2012.01.26 21:47:01.290,1.5938,1.59588,1.48,0.78
2012.01.26 21:47:01.350,1.59605,1.59648,1.11,1.53
2012.01.26 21:47:02.790,1.59596,1.59658,1.11,1.53
2012.01.26 21:47:03.300,1.59485,1.59803,1.11,1.90
2012.01.26 21:47:03.360,1.59485,1.59647,1.78,0.68
2012.01.26 21:47:03.660,1.59531,1.59657,1.35,1.35
2012.01.26 21:47:06.671,1.59508,1.59655,2.46,1.35
2012.01.26 21:47:06.731,1.59508,1.59636,2.46,1.35
2012.01.26 21:47:06.836,1.5951,1.59653,1.35,1.35
2012.01.26 21:47:06.901,1.59525,1.59653,1.35,1.35
2012.01.26 21:47:06.962,1.59528,1.5965,1.43,1.43
2012.01.26 21:47:07.274,1.59523,1.59636,1.11,1.35
2012.01.26 21:47:07.341,1.59567,1.59693,1.05,1.43
2012.01.26 21:47:07.401,1.5958,1.59706,1.35,1.35
2012.01.26 21:47:10.168,1.59582,1.59706,1.43,1.35
2012.01.26 21:47:10.291,1.59611,1.59739,1.35,1.35
2012.01.26 21:47:10.451,1.59625,1.59664,1.35,0.75
2012.01.26 21:47:10.571,1.59611,1.59664,1.35,0.75
2012.01.26 21:47:11.282,1.5959,1.59701,1.11,1.43
2012.01.26 21:47:12.873,1.59576,1.59701,2.10,1.43
2012.01.26 21:47:15.462,1.59579,1.59701,1.73,1.43
2012.01.26 21:47:15.821,1.59599,1.59721,1.43,1.43
2012.01.26 21:47:40.905,1.59581,1.59736,1.43,1.88
2012.01.26 21:47:46.407,1.59579,1.59663,1.13,0.75
2012.01.26 21:47:48.602,1.59579,1.59736,1.13,1.13
2012.01.26 21:47:59.041,1.59575,1.59732,1.13,1.13
2012.01.26 21:47:59.701,1.59575,1.59732,1.13,1.13
2012.01.26 21:48:01.705,1.59575,1.5965,1.13,1.13
2012.01.26 21:48:02.001,1.59534,1.5965,1.86,1.13
2012.01.26 21:48:02.449,1.59534,1.5965,2.61,1.13
2012.01.26 21:48:02.951,1.59565,1.59651,1.13,1.53
2012.01.26 21:48:03.131,1.59565,1.59697,1.13,1.13
2012.01.26 21:48:04.368,1.59596,1.59666,2.18,2.18
2012.01.26 21:48:04.973,1.59596,1.59666,1.43,2.18
2012.01.26 21:48:05.034,1.59574,1.59665,1.43,2.18
2012.01.26 21:48:05.342,1.59564,1.59665,1.13,2.18
2012.01.26 21:48:05.402,1.59572,1.59665,1.35,2.18
2012.01.26 21:48:07.244,1.59558,1.59665,1.43,1.43
2012.01.26 21:48:07.313,1.59555,1.59663,1.43,1.43
2012.01.26 21:48:07.492,1.59553,1.59662,1.35,1.43
2012.01.26 21:48:07.654,1.59555,1.59662,1.35,1.43
2012.01.26 21:48:08.277,1.59579,1.59662,1.35,1.43
2012.01.26 21:48:17.262,1.59555,1.59662,1.43,1.43
2012.01.26 21:48:18.294,1.59555,1.59663,1.43,1.43
2012.01.26 21:48:21.076,1.59555,1.59662,1.43,1.43
2012.01.26 21:48:21.385,1.59555,1.59662,1.43,1.43
2012.01.26 21:48:21.960,1.59585,1.59666,1.43,2.18
2012.01.26 21:48:26.451,1.59585,1.59666,1.43,1.43
2012.01.26 21:48:31.665,1.59585,1.59666,1.80,2.18
2012.01.26 21:48:33.482,1.59594,1.59666,1.13,1.43
2012.01.26 21:48:34.366,1.59596,1.59667,2.18,1.43
2012.01.26 21:48:39.387,1.59598,1.59673,1.43,2.18
2012.01.26 21:48:41.587,1.59598,1.59666,1.43,1.43
2012.01.26 21:48:42.226,1.59598,1.59666,1.43,1.43
2012.01.26 21:48:42.295,1.59598,1.59666,1.43,1.43
2012.01.26 21:48:45.116,1.59603,1.59677,2.55,2.18
2012.01.26 21:48:46.184,1.59603,1.59677,2.55,2.18
2012.01.26 21:48:56.193,1.59604,1.59676,2.18,2.18
2012.01.26 21:48:57.611,1.59602,1.59665,1.13,1.43
2012.01.26 21:48:57.915,1.59582,1.59665,1.35,1.43
2012.01.26 21:48:58.046,1.59566,1.59662,1.43,1.43
2012.01.26 21:48:58.115,1.59555,1.59662,1.43,1.43
2012.01.26 21:48:58.396,1.59566,1.59662,1.43,1.43
2012.01.26 21:48:58.676,1.59556,1.59662,1.43,1.43
2012.01.26 21:48:59.245,1.59553,1.59662,1.35,1.43
2012.01.26 21:48:59.592,1.59576,1.59661,1.35,1.43
2012.01.26 21:48:59.832,1.59564,1.59664,1.35,2.18
2012.01.26 21:49:02.233,1.59565,1.59664,1.43,1.43
2012.01.26 21:49:03.184,1.59565,1.59664,1.43,1.43
2012.01.26 21:49:03.735,1.59565,1.59664,1.43,1.43
2012.01.26 21:49:03.955,1.59565,1.59664,1.43,1.43
2012.01.26 21:49:05.452,1.59565,1.59679,1.43,1.43
2012.01.26 21:49:07.659,1.59565,1.59679,1.43,2.18
2012.01.26 21:49:08.394,1.59552,1.59643,2.18,1.43
2012.01.26 21:49:09.437,1.59552,1.59642,2.18,1.43
2012.01.26 21:49:11.712,1.59552,1.59643,2.18,1.43
2012.01.26 21:49:13.353,1.59564,1.59679,1.43,2.10
2012.01.26 21:49:13.416,1.59565,1.59679,1.43,1.43
2012.01.26 21:49:13.968,1.59565,1.5968,1.43,1.43
2012.01.26 21:49:16.783,1.59565,1.5968,1.43,1.43
2012.01.26 21:49:17.484,1.59556,1.59669,2.18,1.43
2012.01.26 21:49:18.176,1.59555,1.59642,2.18,1.43
2012.01.26 21:49:21.676,1.59555,1.59642,2.18,1.43
2012.01.26 21:49:22.493,1.59557,1.59643,2.18,1.43
2012.01.26 21:49:26.304,1.59555,1.59643,2.18,1.43
2012.01.26 21:49:30.144,1.59555,1.59643,2.18,1.43
2012.01.26 21:49:30.212,1.59555,1.59643,2.18,1.43
2012.01.26 21:49:30.393,1.59557,1.5966,2.18,1.43
2012.01.26 21:49:43.894,1.59557,1.5966,2.18,1.43
2012.01.26 21:50:01.796,1.59576,1.5966,1.43,2.10
2012.01.26 21:50:03.726,1.5958,1.59657,1.35,1.43
2012.01.26 21:50:04.668,1.5958,1.59658,1.35,1.35
2012.01.26 21:50:14.185,1.5958,1.59657,1.35,1.43
2012.01.26 21:50:22.208,1.59571,1.59658,1.35,1.43
2012.01.26 21:50:22.273,1.59569,1.5966,1.35,2.18
2012.01.26 21:50:26.765,1.59557,1.5966,2.18,2.18
2012.01.26 21:50:32.174,1.59557,1.5966,2.18,1.43
2012.01.26 21:50:35.921,1.59566,1.5966,1.13,2.18
2012.01.26 21:50:36.254,1.59576,1.59661,2.18,1.43
2012.01.26 21:50:38.382,1.59576,1.59661,2.18,2.18
2012.01.26 21:50:38.761,1.59603,1.59673,1.43,2.18
2012.01.26 21:50:40.973,1.59603,1.59673,2.18,2.18
2012.01.26 21:50:42.145,1.59603,1.59673,1.43,2.18
2012.01.26 21:50:42.942,1.59557,1.5966,2.18,2.18
2012.01.26 21:50:43.686,1.59557,1.5966,2.18,2.18
2012.01.26 21:50:46.491,1.59557,1.5966,2.18,2.18
2012.01.26 21:50:46.702,1.59556,1.59642,1.43,1.43
2012.01.26 21:50:46.762,1.59525,1.59641,1.35,1.43
2012.01.26 21:50:48.651,1.59518,1.59641,2.18,2.55
2012.01.26 21:50:48.970,1.59518,1.59622,2.18,1.43
2012.01.26 21:50:51.701,1.59518,1.59622,2.18,1.80
2012.01.26 21:50:52.149,1.59517,1.59603,2.18,1.43
2012.01.26 21:50:56.333,1.59517,1.59603,2.18,1.43
2012.01.26 21:50:56.391,1.5952,1.59659,2.18,2.18
2012.01.26 21:50:56.451,1.5952,1.59659,2.18,1.43
2012.01.26 21:50:59.604,1.59546,1.59659,1.13,1.43
2012.01.26 21:50:59.961,1.59557,1.5966,2.18,2.18
2012.01.26 21:51:06.731,1.59557,1.5966,2.18,2.18
2012.01.26 21:51:08.272,1.59555,1.59643,2.18,2.18
2012.01.26 21:51:08.593,1.59554,1.59625,2.18,1.43
2012.01.26 21:51:11.431,1.59556,1.59661,2.18,2.18
2012.01.26 21:51:22.713,1.59556,1.59661,2.18,2.18
2012.01.26 21:51:26.722,1.59556,1.59661,2.18,2.18
2012.01.26 21:51:31.964,1.59546,1.59659,2.18,2.18
2012.01.26 21:51:34.981,1.59552,1.59659,2.18,2.18
2012.01.26 21:51:35.354,1.59552,1.59659,2.18,2.18
2012.01.26 21:51:41.673,1.5955,1.59642,2.18,1.43
2012.01.26 21:51:44.643,1.5955,1.59642,2.18,2.18
2012.01.26 21:51:52.942,1.5955,1.59642,2.18,2.18
2012.01.26 21:51:53.005,1.5955,1.59642,2.18,2.18
2012.01.26 21:51:53.195,1.59546,1.59616,2.18,1.43
2012.01.26 21:51:57.942,1.59537,1.59605,2.18,1.43
2012.01.26 21:52:03.144,1.59548,1.59633,2.18,1.43
2012.01.26 21:52:03.202,1.59548,1.59633,2.18,2.18
2012.01.26 21:52:03.625,1.59555,1.59626,2.18,1.43
2012.01.26 21:52:05.475,1.59555,1.59626,2.18,2.18
2012.01.26 21:52:05.663,1.59537,1.59605,2.18,1.43
2012.01.26 21:52:06.283,1.59526,1.59597,2.18,1.43
2012.01.26 21:52:11.164,1.59517,1.59587,2.18,2.18
2012.01.26 21:52:11.342,1.59517,1.59587,2.18,1.43
2012.01.26 21:52:11.893,1.59526,1.59597,2.18,1.43
2012.01.26 21:52:18.364,1.59526,1.59597,2.18,1.43
2012.01.26 21:52:18.422,1.59517,1.59587,2.18,1.43
2012.01.26 21:52:19.137,1.59526,1.59597,2.18,1.43
2012.01.26 21:52:20.184,1.59507,1.59577,2.18,1.43
2012.01.26 21:52:20.962,1.59507,1.59577,2.18,1.43
2012.01.26 21:52:21.143,1.59518,1.59586,2.18,1.43
2012.01.26 21:52:40.917,1.59518,1.59586,2.18,1.43
2012.01.26 21:52:42.172,1.59519,1.59589,2.18,1.43
2012.01.26 21:52:42.344,1.59519,1.59589,2.18,1.43
2012.01.26 21:52:42.592,1.59532,1.59635,2.18,2.18
2012.01.26 21:52:42.715,1.59532,1.59635,1.43,2.18
2012.01.26 21:52:42.785,1.59522,1.59635,1.13,2.18
2012.01.26 21:52:42.972,1.59522,1.59635,1.13,2.18
2012.01.26 21:52:43.298,1.59532,1.59635,2.18,2.18
2012.01.26 21:52:46.661,1.5953,1.59598,2.18,1.43
2012.01.26 21:52:47.012,1.5953,1.59598,2.18,2.18
2012.01.26 21:52:47.449,1.5953,1.59598,2.18,1.43
2012.01.26 21:52:47.732,1.5953,1.59598,2.18,1.43
2012.01.26 21:52:48.704,1.59511,1.59597,2.18,1.43
2012.01.26 21:53:02.939,1.59511,1.59597,1.43,2.18
2012.01.26 21:53:03.059,1.59507,1.59569,1.13,2.18
2012.01.26 21:53:03.120,1.59501,1.59569,2.18,2.18
2012.01.26 21:53:09.441,1.59504,1.59573,2.18,1.43
2012.01.26 21:53:09.681,1.59514,1.59602,2.18,1.43
2012.01.26 21:53:11.360,1.59533,1.59603,2.18,1.43
2012.01.26 21:53:11.424,1.59533,1.59603,2.18,1.43
2012.01.26 21:53:11.611,1.59536,1.59638,2.18,1.35
2012.01.26 21:53:12.422,1.59536,1.59639,2.18,1.43
2012.01.26 21:53:16.584,1.59536,1.59639,2.18,2.18
2012.01.26 21:53:17.193,1.59536,1.59639,1.43,1.43
2012.01.26 21:53:17.378,1.59527,1.59713,1.50,1.50
2012.01.26 21:53:17.440,1.59513,1.59704,1.13,1.50
2012.01.26 21:53:18.069,1.59518,1.5976,1.11,1.13
2012.01.26 21:53:21.037,1.59519,1.59613,1.86,0.75
2012.01.26 21:53:21.345,1.59512,1.59656,1.13,1.88
2012.01.26 21:53:27.639,1.59512,1.59656,1.13,1.88
2012.01.26 21:53:28.845,1.59517,1.5967,1.48,1.35
2012.01.26 21:53:29.173,1.59505,1.59662,1.86,1.88
2012.01.26 21:53:29.961,1.59509,1.59624,1.13,1.13
2012.01.26 21:53:34.610,1.59531,1.59602,2.18,1.43
2012.01.26 21:53:34.965,1.59531,1.59602,1.43,2.18
2012.01.26 21:53:35.089,1.59512,1.59582,2.18,1.43
2012.01.26 21:53:36.926,1.59542,1.59613,2.18,2.18
2012.01.26 21:53:38.440,1.59542,1.59613,2.18,1.43
2012.01.26 21:53:38.560,1.59563,1.59631,2.18,2.18
2012.01.26 21:53:39.381,1.59552,1.59622,2.18,1.43
2012.01.26 21:53:39.440,1.59552,1.59622,2.18,2.18
2012.01.26 21:53:39.562,1.59533,1.59603,2.18,2.18
2012.01.26 21:53:52.624,1.59533,1.59603,2.18,1.43
2012.01.26 21:53:53.103,1.5952,1.59588,2.18,1.43
2012.01.26 21:53:53.573,1.5952,1.59588,2.18,1.43
2012.01.26 21:53:53.912,1.59526,1.59606,2.18,1.43
2012.01.26 21:53:53.974,1.59526,1.59606,2.18,2.18
2012.01.26 21:53:54.320,1.59526,1.59606,2.18,1.43
2012.01.26 21:53:55.990,1.59524,1.59597,2.18,1.43
2012.01.26 21:53:59.190,1.59524,1.59597,2.18,1.43
2012.01.26 21:53:59.320,1.59529,1.59599,2.18,1.43
2012.01.26 21:53:59.441,1.59532,1.59601,2.18,1.43
2012.01.26 21:53:59.851,1.59536,1.59604,2.18,2.18
2012.01.26 21:53:59.911,1.59536,1.59604,2.18,1.43
2012.01.26 21:54:01.933,1.59536,1.59604,2.18,2.18
2012.01.26 21:54:04.482,1.59536,1.59604,2.18,1.43
2012.01.26 21:54:05.020,1.59533,1.59603,2.18,1.43
2012.01.26 21:54:05.080,1.59533,1.59603,2.18,1.43
2012.01.26 21:54:07.130,1.59533,1.59603,2.18,1.43
2012.01.26 21:54:07.252,1.59539,1.59609,2.18,1.43
2012.01.26 21:54:19.842,1.59542,1.5961,2.18,1.43
2012.01.26 21:54:20.279,1.5954,1.59608,2.18,1.43
2012.01.26 21:54:23.153,1.5954,1.59608,1.43,1.43
2012.01.26 21:54:23.221,1.5954,1.59608,2.10,1.43
2012.01.26 21:54:23.457,1.59537,1.59774,1.05,1.28
2012.01.26 21:54:23.517,1.59524,1.59774,1.05,1.28
2012.01.26 21:54:23.578,1.59516,1.59774,1.50,1.13
2012.01.26 21:54:26.649,1.59518,1.59776,1.11,1.13
2012.01.26 21:54:27.479,1.59529,1.59776,1.48,1.13
2012.01.26 21:54:28.501,1.59509,1.59668,2.23,1.88
2012.01.26 21:54:28.559,1.59509,1.59668,2.23,1.13
2012.01.26 21:54:28.618,1.59542,1.59727,1.05,1.05
2012.01.26 21:54:37.989,1.59538,1.5977,1.13,1.13
2012.01.26 21:54:47.719,1.59529,1.59642,1.13,1.13
2012.01.26 21:54:58.186,1.59529,1.59642,1.13,1.13
2012.01.26 21:54:59.102,1.59529,1.59642,1.13,1.13
2012.01.26 21:55:23.198,1.59505,1.59662,1.48,1.50
2012.01.26 21:55:26.903,1.59505,1.59662,1.48,1.50
2012.01.26 21:55:27.509,1.5951,1.59663,1.48,1.13
2012.01.26 21:55:30.007,1.59542,1.59713,1.13,0.75
2012.01.26 21:55:35.206,1.5953,1.59782,1.11,1.88
2012.01.26 21:55:35.327,1.59515,1.59713,1.48,0.75
2012.01.26 21:55:35.415,1.59514,1.59805,1.11,1.13
2012.01.26 21:55:35.685,1.59506,1.59827,1.11,1.13
2012.01.26 21:55:38.189,1.59596,1.59754,0.75,0.75
2012.01.26 21:55:43.862,1.59571,1.59821,1.86,1.88
2012.01.26 21:55:45.669,1.59592,1.59664,1.86,0.75
2012.01.26 21:55:48.418,1.59573,1.59644,1.86,0.75
2012.01.26 21:55:54.909,1.59563,1.59721,1.11,1.50
2012.01.26 21:55:55.095,1.59508,1.59708,1.86,1.88
2012.01.26 21:55:58.647,1.59508,1.59708,1.13,1.13
2012.01.26 21:55:58.720,1.59508,1.59708,1.13,1.13
2012.01.26 21:56:00.409,1.59508,1.59708,1.86,1.88
2012.01.26 21:56:05.696,1.59553,1.59691,1.13,1.50
2012.01.26 21:56:08.655,1.59553,1.59633,1.86,0.75
2012.01.26 21:56:09.933,1.59553,1.59634,1.11,0.75
2012.01.26 21:56:09.997,1.59588,1.59669,1.43,2.18
2012.01.26 21:56:11.678,1.59596,1.59675,1.43,2.18
2012.01.26 21:56:11.738,1.59596,1.59675,1.43,2.18
2012.01.26 21:56:11.798,1.59585,1.59666,2.18,2.18
2012.01.26 21:56:11.858,1.59585,1.59666,2.18,2.18
2012.01.26 21:56:15.690,1.59583,1.59664,2.18,2.18
2012.01.26 21:56:18.588,1.59546,1.59637,1.13,2.18
2012.01.26 21:56:18.707,1.59523,1.59637,2.18,1.43
2012.01.26 21:56:18.927,1.59523,1.59656,2.18,2.18
2012.01.26 21:56:20.149,1.59523,1.59656,2.18,2.18
2012.01.26 21:56:22.009,1.59529,1.59662,2.18,2.18
2012.01.26 21:56:25.696,1.59559,1.59676,2.18,2.18
2012.01.26 21:56:30.348,1.59558,1.59638,2.18,1.43
2012.01.26 21:56:31.027,1.59558,1.59638,2.18,2.18
2012.01.26 21:56:42.749,1.59557,1.59636,2.18,2.18
2012.01.26 21:56:42.928,1.59563,1.59645,2.18,1.43
2012.01.26 21:56:43.092,1.59568,1.59664,2.18,2.18
2012.01.26 21:56:45.159,1.59568,1.59664,2.18,1.43
2012.01.26 21:56:45.671,1.59568,1.59664,2.18,2.18
2012.01.26 21:56:52.728,1.59568,1.59663,2.18,2.18
2012.01.26 21:56:54.042,1.59568,1.59651,2.18,1.43
2012.01.26 21:56:56.906,1.59568,1.59651,1.43,2.18
2012.01.26 21:56:57.703,1.59558,1.59641,2.18,2.18
2012.01.26 21:56:59.488,1.59558,1.59641,2.18,2.18
2012.01.26 21:57:01.321,1.59556,1.59637,2.18,2.18
2012.01.26 21:57:03.018,1.59556,1.59637,2.18,2.18
2012.01.26 21:57:03.234,1.59554,1.59635,2.18,2.18
2012.01.26 21:57:03.306,1.59554,1.59635,2.18,2.18
2012.01.26 21:57:03.857,1.59556,1.59635,2.18,2.18
2012.01.26 21:57:07.147,1.59566,1.59645,2.18,2.18
2012.01.26 21:57:08.515,1.59546,1.59645,2.18,2.18
2012.01.26 21:57:08.639,1.59546,1.59645,2.18,2.18
2012.01.26 21:57:09.062,1.59547,1.59644,2.18,2.18
2012.01.26 21:57:10.668,1.59562,1.59659,2.18,2.18
2012.01.26 21:57:12.129,1.59562,1.59659,1.43,2.18
2012.01.26 21:57:12.368,1.59562,1.59659,1.43,2.18
2012.01.26 21:57:12.429,1.59534,1.59648,2.18,2.18
2012.01.26 21:57:20.998,1.5952,1.59601,2.18,1.43
2012.01.26 21:57:24.709,1.59522,1.59601,2.18,1.43
2012.01.26 21:57:25.501,1.59522,1.59601,2.18,1.43
2012.01.26 21:57:25.570,1.59534,1.59648,2.18,2.18
2012.01.26 21:57:27.010,1.59534,1.59648,2.18,2.18
2012.01.26 21:57:32.957,1.59534,1.59648,2.18,2.18
2012.01.26 21:57:33.739,1.59533,1.59629,2.18,2.18
2012.01.26 21:57:54.020,1.59534,1.59648,2.18,2.18
2012.01.26 21:58:00.630,1.59534,1.59648,2.18,2.18
2012.01.26 21:58:01.001,1.59522,1.59601,2.18,1.43
2012.01.26 21:58:03.768,1.59522,1.59601,1.43,1.43
2012.01.26 21:58:03.888,1.59457,1.59589,2.18,1.43
2012.01.26 21:58:03.949,1.59557,1.59589,0.75,1.43
2012.01.26 21:58:04.188,1.59541,1.59623,1.86,0.75
2012.01.26 21:58:06.640,1.59544,1.59624,1.11,0.75
2012.01.26 21:58:06.758,1.5944,1.59663,1.86,1.88
2012.01.26 21:58:06.907,1.5944,1.59663,1.86,1.88
2012.01.26 21:58:07.449,1.59441,1.59662,1.48,1.50
2012.01.26 21:58:09.429,1.59441,1.59662,1.48,1.50
2012.01.26 21:58:10.877,1.59447,1.59634,1.86,1.88
2012.01.26 21:58:12.446,1.59556,1.59634,0.75,1.88
2012.01.26 21:58:15.919,1.59507,1.59664,1.86,1.88
2012.01.26 21:58:19.188,1.59514,1.59671,1.48,1.50
2012.01.26 21:58:19.498,1.59533,1.59686,1.13,1.50
2012.01.26 21:58:21.303,1.59562,1.59643,2.18,2.18
2012.01.26 21:58:21.410,1.59562,1.59643,2.18,2.18
2012.01.26 21:58:26.908,1.59568,1.59665,1.43,2.18
2012.01.26 21:58:27.788,1.59563,1.59662,2.18,2.18
2012.01.26 21:58:28.177,1.59563,1.59661,2.18,1.35
2012.01.26 21:58:28.537,1.59543,1.59624,2.18,1.43
2012.01.26 21:58:28.597,1.59553,1.59634,2.18,2.18
2012.01.26 21:58:30.048,1.59583,1.59662,1.43,2.18
2012.01.26 21:58:30.168,1.59583,1.59662,1.43,2.18
2012.01.26 21:58:30.744,1.59564,1.59661,2.18,2.18
2012.01.26 21:58:35.949,1.59582,1.59663,1.43,2.18
2012.01.26 21:58:36.719,1.59582,1.59663,1.43,2.18
2012.01.26 21:58:36.779,1.59573,1.59652,1.43,2.18
2012.01.26 21:58:39.043,1.59582,1.59643,1.43,2.18
2012.01.26 21:58:43.349,1.59582,1.59643,1.43,2.18
2012.01.26 21:58:44.909,1.59564,1.59661,2.18,2.18
2012.01.26 21:58:45.458,1.59569,1.59656,1.43,2.18
2012.01.26 21:58:50.192,1.59569,1.59656,1.43,2.18
2012.01.26 21:58:52.894,1.59568,1.59638,1.43,2.18
2012.01.26 21:58:53.558,1.59569,1.59656,1.43,2.18
2012.01.26 21:59:00.969,1.59567,1.5962,1.43,1.43
2012.01.26 21:59:01.691,1.59567,1.59613,1.43,0.75
2012.01.26 21:59:19.681,1.59567,1.59603,1.43,0.75
2012.01.26 21:59:19.741,1.59567,1.59614,1.43,0.75
2012.01.26 21:59:20.170,1.59567,1.59604,1.43,0.75
2012.01.26 21:59:23.732,1.59567,1.59614,1.43,0.75
2012.01.26 21:59:26.282,1.59569,1.59614,1.43,0.75
2012.01.26 21:59:28.829,1.59569,1.59603,1.43,0.75
2012.01.26 21:59:30.573,1.59567,1.59603,1.43,0.75
2012.01.26 21:59:34.241,1.59567,1.59594,1.43,0.75
2012.01.26 21:59:34.573,1.59567,1.59604,1.43,0.75
2012.01.26 21:59:36.288,1.59567,1.59594,1.43,0.75
2012.01.26 21:59:36.931,1.59567,1.59604,1.43,0.75
2012.01.26 21:59:42.210,1.59567,1.59594,1.43,0.75
2012.01.26 21:59:48.258,1.59567,1.59603,1.43,0.75
2012.01.26 21:59:49.097,1.59575,1.59603,1.43,0.75
2012.01.26 21:59:49.672,1.5957,1.59603,1.43,0.75
2012.01.26 21:59:57.921,1.5957,1.59594,1.43,0.75
2012.01.26 21:59:58.038,1.59479,1.59594,1.43,0.75
2012.01.26 21:59:59.459,1.59479,1.59524,1.43,0.75
2012.01.26 21:59:59.518,1.59474,1.59524,1.43,0.75
