2013.05.02 09:00:00.893,1.55494,1.55526,2.25,1.28
2013.05.02 09:00:01.194,1.55501,1.55526,1.50,1.28
2013.05.02 09:00:01.497,1.55503,1.55533,2.25,1.28
2013.05.02 09:00:01.861,1.55496,1.5553,1.28,2.25
2013.05.02 09:00:02.048,1.55496,1.55523,1.28,1.50
2013.05.02 09:00:02.176,1.55487,1.55516,1.13,1.28
2013.05.02 09:00:02.314,1.55486,1.55516,2.25,1.28
2013.05.02 09:00:15.073,1.5549,1.55516,1.13,1.28
2013.05.02 09:00:15.433,1.55492,1.55518,2.25,1.05
2013.05.02 09:00:16.182,1.55495,1.55518,2.25,1.05
2013.05.02 09:00:20.096,1.55492,1.55518,1.69,1.05
2013.05.02 09:00:22.004,1.55491,1.55518,2.25,1.05
2013.05.02 09:00:22.172,1.55492,1.55522,1.69,1.05
2013.05.02 09:00:25.031,1.55491,1.55522,2.44,1.05
2013.05.02 09:00:25.092,1.55488,1.55519,2.44,1.28
2013.05.02 09:00:25.533,1.55486,1.55514,2.25,1.28
2013.05.02 09:00:27.574,1.55483,1.55514,2.25,1.28
2013.05.02 09:00:29.001,1.55483,1.55514,2.25,1.28
2013.05.02 09:00:31.862,1.55485,1.55514,2.25,1.28
2013.05.02 09:00:34.223,1.5548,1.55514,2.44,1.28
2013.05.02 09:00:34.661,1.55476,1.55509,2.22,1.50
2013.05.02 09:00:43.454,1.55471,1.55506,2.44,2.78
2013.05.02 09:00:44.182,1.5547,1.55504,1.28,2.25
2013.05.02 09:00:44.782,1.55471,1.55498,3.00,1.28
2013.05.02 09:00:45.239,1.55471,1.55505,3.19,1.50
2013.05.02 09:00:48.422,1.55471,1.55505,3.19,1.50
2013.05.02 09:00:49.992,1.55472,1.55505,1.69,1.50
2013.05.02 09:00:50.052,1.55472,1.55505,1.69,1.50
2013.05.02 09:00:50.171,1.55475,1.55506,2.25,1.35
2013.05.02 09:00:52.606,1.55476,1.55506,1.50,1.35
2013.05.02 09:00:53.032,1.5548,1.55506,1.50,1.28
2013.05.02 09:00:53.572,1.55482,1.55513,2.25,1.28
2013.05.02 09:00:53.633,1.55482,1.55513,2.25,1.28
2013.05.02 09:00:53.695,1.55486,1.55513,2.25,1.28
2013.05.02 09:00:53.882,1.55482,1.55513,2.25,1.28
2013.05.02 09:00:55.883,1.55481,1.55513,2.44,1.28
2013.05.02 09:00:56.602,1.55481,1.55513,2.25,1.28
2013.05.02 09:00:57.341,1.55483,1.55513,2.25,1.28
2013.05.02 09:01:07.569,1.55483,1.55513,2.25,2.03
2013.05.02 09:01:07.872,1.5548,1.55506,2.25,1.28
2013.05.02 09:01:08.392,1.5548,1.55506,1.88,1.28
2013.05.02 09:01:08.612,1.55482,1.55508,2.25,1.05
2013.05.02 09:01:10.154,1.55482,1.55506,2.25,1.28
2013.05.02 09:01:10.221,1.5548,1.55506,1.88,1.28
2013.05.02 09:01:10.582,1.55476,1.55506,2.25,1.28
2013.05.02 09:01:10.643,1.5548,1.55506,1.88,1.28
2013.05.02 09:01:11.571,1.55476,1.55506,2.25,1.35
2013.05.02 09:01:11.891,1.55477,1.55506,1.13,1.35
2013.05.02 09:01:13.253,1.55477,1.55506,1.13,1.28
2013.05.02 09:01:13.869,1.55476,1.55506,2.25,1.28
2013.05.02 09:01:14.142,1.55485,1.55506,2.25,1.28
2013.05.02 09:01:14.203,1.55485,1.55513,2.25,1.80
2013.05.02 09:01:15.792,1.55491,1.55513,2.25,1.05
2013.05.02 09:01:16.033,1.55491,1.55522,2.25,1.05
2013.05.02 09:01:26.021,1.55488,1.55522,2.25,1.05
2013.05.02 09:01:26.081,1.55488,1.55516,2.25,1.50
2013.05.02 09:01:26.141,1.55485,1.55516,2.25,1.50
2013.05.02 09:01:26.201,1.55485,1.55513,2.25,1.05
2013.05.02 09:01:26.952,1.55485,1.55508,2.25,1.05
2013.05.02 09:01:27.903,1.55489,1.55508,2.25,1.05
2013.05.02 09:01:28.219,1.55485,1.55508,2.25,1.05
2013.05.02 09:01:31.671,1.55488,1.55508,2.25,1.05
2013.05.02 09:01:32.221,1.55488,1.55514,2.25,1.80
2013.05.02 09:01:34.202,1.55491,1.55514,2.25,1.05
2013.05.02 09:01:34.321,1.55491,1.5552,2.25,1.13
2013.05.02 09:01:36.072,1.55502,1.5552,1.50,1.05
2013.05.02 09:01:36.432,1.55491,1.55517,2.63,1.28
2013.05.02 09:01:36.497,1.55491,1.5552,2.63,1.05
2013.05.02 09:01:37.491,1.55491,1.55516,2.63,1.28
2013.05.02 09:01:37.552,1.55491,1.55516,2.63,1.80
2013.05.02 09:01:39.062,1.55483,1.55514,2.63,2.03
2013.05.02 09:01:39.123,1.55483,1.55506,2.63,1.05
2013.05.02 09:01:39.747,1.55481,1.55504,1.88,1.28
2013.05.02 09:01:40.332,1.55481,1.55504,1.50,1.28
2013.05.02 09:01:45.516,1.55483,1.55506,2.25,1.05
2013.05.02 09:01:49.746,1.55486,1.55506,2.25,1.05
2013.05.02 09:01:50.683,1.55494,1.55506,2.25,1.05
2013.05.02 09:01:50.804,1.55489,1.55506,2.25,1.05
2013.05.02 09:01:51.165,1.55489,1.55514,2.25,1.28
2013.05.02 09:01:52.523,1.55495,1.55514,2.25,1.28
2013.05.02 09:01:52.763,1.55492,1.55515,2.25,1.28
2013.05.02 09:01:52.882,1.55492,1.55509,2.25,1.05
2013.05.02 09:01:52.942,1.55489,1.55509,2.25,1.05
2013.05.02 09:01:53.708,1.55486,1.55509,2.25,1.05
2013.05.02 09:01:56.431,1.55488,1.55509,2.25,1.05
2013.05.02 09:01:58.083,1.55485,1.55509,2.25,1.05
2013.05.02 09:01:58.382,1.55483,1.55509,2.25,1.05
2013.05.02 09:01:58.503,1.5548,1.55504,1.50,1.28
2013.05.02 09:01:58.562,1.5548,1.55504,1.50,2.55
2013.05.02 09:01:58.941,1.55476,1.55504,2.25,2.55
2013.05.02 09:01:59.181,1.55474,1.55503,2.25,1.28
2013.05.02 09:01:59.362,1.55474,1.55502,2.25,1.05
2013.05.02 09:01:59.793,1.55474,1.55497,2.25,1.05
2013.05.02 09:02:06.623,1.55474,1.55503,2.25,1.80
2013.05.02 09:02:07.683,1.55464,1.55503,1.13,1.80
2013.05.02 09:02:07.742,1.55464,1.55503,1.13,1.80
2013.05.02 09:02:08.101,1.55474,1.55497,2.25,1.05
2013.05.02 09:02:08.226,1.55464,1.55497,1.13,1.05
2013.05.02 09:02:08.700,1.55459,1.55497,1.13,1.05
2013.05.02 09:02:09.049,1.55459,1.55501,1.65,1.05
2013.05.02 09:02:09.111,1.55461,1.55503,1.43,2.03
2013.05.02 09:02:12.993,1.55461,1.55503,1.50,1.28
2013.05.02 09:02:13.412,1.55464,1.55503,1.28,1.28
2013.05.02 09:02:14.292,1.55464,1.55503,2.40,1.28
2013.05.02 09:02:14.822,1.55472,1.55511,1.28,1.28
2013.05.02 09:02:18.683,1.55464,1.55504,2.93,1.28
2013.05.02 09:02:19.051,1.55464,1.55504,1.80,1.28
2013.05.02 09:02:20.729,1.55464,1.55504,1.80,1.28
2013.05.02 09:02:21.499,1.55464,1.55504,1.80,1.28
2013.05.02 09:02:21.938,1.55464,1.55504,1.80,1.28
2013.05.02 09:02:23.293,1.55464,1.55504,1.80,1.28
2013.05.02 09:02:23.352,1.55465,1.55505,1.58,1.28
2013.05.02 09:02:23.653,1.55472,1.5551,1.28,1.28
2013.05.02 09:02:23.965,1.55477,1.55511,1.05,1.13
2013.05.02 09:02:25.184,1.55481,1.55514,1.50,1.50
2013.05.02 09:02:26.721,1.55479,1.55512,1.28,1.50
2013.05.02 09:02:28.803,1.55479,1.55509,1.28,1.50
2013.05.02 09:02:28.982,1.55473,1.55505,1.28,1.58
2013.05.02 09:02:29.042,1.5547,1.55495,1.05,1.50
2013.05.02 09:02:29.221,1.5547,1.55495,1.05,1.50
2013.05.02 09:02:29.282,1.55465,1.55495,1.05,1.50
2013.05.02 09:02:29.341,1.55463,1.55495,1.05,1.50
2013.05.02 09:02:38.741,1.55465,1.55494,1.28,1.50
2013.05.02 09:02:38.926,1.55472,1.55504,1.28,1.13
2013.05.02 09:02:39.111,1.55478,1.55504,1.05,1.13
2013.05.02 09:02:41.882,1.5548,1.55516,2.78,1.58
2013.05.02 09:02:41.943,1.55481,1.55516,1.50,1.50
2013.05.02 09:02:42.002,1.5549,1.55518,2.25,1.35
2013.05.02 09:02:42.662,1.55485,1.55519,2.25,1.28
2013.05.02 09:02:42.903,1.55482,1.55519,2.25,2.78
2013.05.02 09:02:43.632,1.55482,1.55519,2.25,3.15
2013.05.02 09:02:43.692,1.5548,1.55518,1.43,1.20
2013.05.02 09:02:45.183,1.5548,1.55518,1.05,1.20
2013.05.02 09:02:45.247,1.55482,1.55518,2.25,1.20
2013.05.02 09:02:45.552,1.55486,1.55519,1.05,2.25
2013.05.02 09:02:45.792,1.55484,1.55513,2.03,1.28
2013.05.02 09:02:45.852,1.55484,1.55513,1.50,1.28
2013.05.02 09:02:45.912,1.55482,1.55513,2.25,1.28
2013.05.02 09:02:45.973,1.55475,1.55513,1.05,1.28
2013.05.02 09:02:46.391,1.55477,1.55514,1.58,1.28
2013.05.02 09:02:48.771,1.55482,1.55518,1.80,1.13
2013.05.02 09:02:49.581,1.55482,1.55519,1.80,1.13
2013.05.02 09:02:51.933,1.55482,1.5552,1.80,1.73
2013.05.02 09:02:52.783,1.55482,1.5552,1.80,1.35
2013.05.02 09:02:58.003,1.55482,1.55515,1.80,1.50
2013.05.02 09:02:58.422,1.55482,1.55515,1.80,1.50
2013.05.02 09:03:00.752,1.55484,1.55519,1.28,1.50
2013.05.02 09:03:04.012,1.55486,1.5552,2.25,1.28
2013.05.02 09:03:06.071,1.55484,1.55518,2.78,1.50
2013.05.02 09:03:12.402,1.55493,1.55525,1.28,1.13
2013.05.02 09:03:13.794,1.55494,1.5553,2.25,1.35
2013.05.02 09:03:14.003,1.55492,1.55524,1.05,2.25
2013.05.02 09:03:14.123,1.55495,1.5553,2.25,2.85
2013.05.02 09:03:16.492,1.55495,1.5553,2.25,2.78
2013.05.02 09:03:16.552,1.55492,1.55525,1.05,2.25
2013.05.02 09:03:16.972,1.55489,1.55524,2.25,2.78
2013.05.02 09:03:17.093,1.55487,1.55521,1.50,2.25
2013.05.02 09:03:31.233,1.55484,1.55515,1.05,1.50
2013.05.02 09:03:31.291,1.55484,1.55515,1.05,1.50
2013.05.02 09:03:36.837,1.55484,1.55515,1.05,1.50
2013.05.02 09:03:36.982,1.55483,1.55515,1.05,1.50
2013.05.02 09:03:48.266,1.55483,1.55515,1.05,1.50
2013.05.02 09:03:49.793,1.55483,1.55515,1.05,1.50
2013.05.02 09:03:50.464,1.55484,1.55518,2.78,1.88
2013.05.02 09:03:57.143,1.55485,1.55518,1.28,1.50
2013.05.02 09:04:03.472,1.55484,1.55515,1.05,1.50
2013.05.02 09:04:13.782,1.55484,1.55515,1.05,1.50
2013.05.02 09:04:15.562,1.55484,1.55515,1.05,1.50
2013.05.02 09:04:17.237,1.55483,1.55515,1.05,1.50
2013.05.02 09:04:18.578,1.55482,1.55515,1.28,1.50
2013.05.02 09:04:20.922,1.55482,1.55515,1.28,1.50
2013.05.02 09:04:21.840,1.55483,1.55518,2.78,1.28
2013.05.02 09:04:25.948,1.55483,1.55518,2.78,1.28
2013.05.02 09:04:26.452,1.5548,1.55513,1.05,1.50
2013.05.02 09:04:34.494,1.55483,1.55518,2.78,1.28
2013.05.02 09:04:34.852,1.55483,1.55518,2.78,1.28
2013.05.02 09:04:37.223,1.55484,1.55518,1.50,1.28
2013.05.02 09:04:37.343,1.55488,1.55521,1.28,2.33
2013.05.02 09:04:40.554,1.55492,1.55528,1.50,2.25
2013.05.02 09:04:40.885,1.55492,1.55528,1.50,2.25
2013.05.02 09:04:45.267,1.55492,1.55528,1.50,2.25
2013.05.02 09:04:46.944,1.55492,1.55528,1.50,2.25
2013.05.02 09:04:55.251,1.55494,1.55529,2.25,1.28
2013.05.02 09:04:55.730,1.55496,1.55529,1.50,1.28
2013.05.02 09:04:56.033,1.55503,1.55533,1.05,1.13
2013.05.02 09:04:56.332,1.55504,1.55539,1.28,1.50
2013.05.02 09:05:16.464,1.55494,1.55527,1.28,2.25
2013.05.02 09:05:19.252,1.55493,1.55525,1.05,2.25
2013.05.02 09:05:25.753,1.55493,1.55528,1.80,2.25
2013.05.02 09:05:34.613,1.55496,1.5553,1.28,2.25
2013.05.02 09:05:37.058,1.55497,1.5553,1.28,2.25
2013.05.02 09:05:38.004,1.55498,1.5553,1.05,2.25
2013.05.02 09:05:57.261,1.55494,1.55528,1.05,2.25
2013.05.02 09:06:07.755,1.55496,1.55531,1.28,2.25
2013.05.02 09:06:17.312,1.55494,1.55527,1.28,2.25
2013.05.02 09:06:28.382,1.55494,1.55527,1.28,2.25
2013.05.02 09:06:29.658,1.55494,1.55527,1.28,2.25
2013.05.02 09:06:37.282,1.55492,1.55527,2.78,2.25
2013.05.02 09:06:39.885,1.55492,1.55527,2.78,2.25
2013.05.02 09:06:58.512,1.55492,1.55524,2.25,1.28
2013.05.02 09:06:58.571,1.55492,1.55523,2.25,1.05
2013.05.02 09:06:59.562,1.55488,1.5552,2.25,1.28
2013.05.02 09:06:59.803,1.55485,1.5552,2.78,1.28
2013.05.02 09:07:21.593,1.55488,1.55518,2.25,1.28
2013.05.02 09:07:22.185,1.55492,1.5552,2.25,1.05
2013.05.02 09:07:36.404,1.55492,1.55518,2.25,1.28
2013.05.02 09:07:36.537,1.55488,1.55518,2.25,1.28
2013.05.02 09:07:36.722,1.55485,1.55518,2.25,1.28
2013.05.02 09:07:38.073,1.55488,1.55518,2.25,1.28
2013.05.02 09:07:38.623,1.55488,1.5552,2.25,1.05
2013.05.02 09:07:39.535,1.55488,1.55518,2.25,1.28
2013.05.02 09:07:41.343,1.55486,1.55518,2.25,1.28
2013.05.02 09:07:41.903,1.55484,1.55513,2.25,1.28
2013.05.02 09:07:42.143,1.55484,1.55506,2.25,1.28
2013.05.02 09:07:42.263,1.55477,1.55506,1.13,1.28
2013.05.02 09:07:42.464,1.55474,1.55506,2.25,1.28
2013.05.02 09:07:43.394,1.55474,1.55506,2.25,1.35
2013.05.02 09:07:47.333,1.55474,1.55506,2.25,1.35
2013.05.02 09:07:47.401,1.55471,1.55506,2.25,2.85
2013.05.02 09:07:53.042,1.55471,1.55506,2.25,2.85
2013.05.02 09:07:53.162,1.55474,1.55506,2.25,1.35
2013.05.02 09:07:56.095,1.55474,1.55506,2.25,1.35
2013.05.02 09:07:56.212,1.5547,1.55506,2.25,1.28
2013.05.02 09:07:56.681,1.5547,1.55506,2.25,1.28
2013.05.02 09:08:06.656,1.5547,1.55503,2.25,1.28
2013.05.02 09:08:08.073,1.55467,1.55503,2.25,1.28
2013.05.02 09:08:09.353,1.55467,1.55503,2.25,1.35
2013.05.02 09:08:10.401,1.55467,1.55503,2.25,1.35
2013.05.02 09:08:11.935,1.5547,1.55503,2.25,1.35
2013.05.02 09:08:12.592,1.5547,1.55503,2.25,1.28
2013.05.02 09:08:12.652,1.55467,1.55503,3.94,1.28
2013.05.02 09:08:13.092,1.55467,1.55503,3.94,1.28
2013.05.02 09:08:13.152,1.5547,1.55503,2.25,1.28
2013.05.02 09:08:14.023,1.5547,1.55503,2.25,1.28
2013.05.02 09:08:14.463,1.5547,1.55503,2.25,1.28
2013.05.02 09:08:16.882,1.55468,1.55503,1.69,1.28
2013.05.02 09:08:17.268,1.5547,1.55503,2.25,1.28
2013.05.02 09:08:18.751,1.5547,1.55503,2.25,1.28
2013.05.02 09:08:23.512,1.5547,1.55504,2.25,1.28
2013.05.02 09:08:24.743,1.55471,1.55504,2.25,1.28
2013.05.02 09:08:26.035,1.55477,1.55504,2.25,1.28
2013.05.02 09:08:30.992,1.55475,1.55509,2.78,1.50
2013.05.02 09:08:31.172,1.5547,1.55505,2.25,1.28
2013.05.02 09:08:31.292,1.55474,1.55505,2.25,1.28
2013.05.02 09:08:37.801,1.55474,1.55505,2.25,1.28
2013.05.02 09:08:37.924,1.55469,1.55504,1.28,2.25
2013.05.02 09:08:38.043,1.55471,1.55505,2.25,2.40
2013.05.02 09:08:40.962,1.55469,1.55504,1.28,2.25
2013.05.02 09:08:44.463,1.55465,1.55498,2.25,1.28
2013.05.02 09:08:45.122,1.55467,1.55498,2.25,1.35
2013.05.02 09:08:59.624,1.55467,1.555,2.33,1.05
2013.05.02 09:08:59.753,1.55481,1.55505,1.50,1.28
2013.05.02 09:09:00.492,1.55481,1.55512,2.25,1.28
2013.05.02 09:09:01.032,1.55481,1.55512,2.44,1.28
2013.05.02 09:09:08.892,1.55475,1.5551,1.28,1.50
2013.05.02 09:09:12.443,1.5548,1.55512,1.50,1.65
2013.05.02 09:09:15.033,1.55476,1.55509,1.28,1.50
2013.05.02 09:09:15.273,1.55477,1.55511,2.25,1.50
2013.05.02 09:09:16.367,1.55475,1.5551,1.28,1.50
2013.05.02 09:09:18.633,1.55474,1.55505,2.78,1.28
2013.05.02 09:09:18.903,1.55477,1.55505,2.25,1.28
2013.05.02 09:09:23.502,1.55474,1.55505,2.25,1.28
2013.05.02 09:09:23.626,1.5547,1.55505,2.78,1.28
2013.05.02 09:09:23.694,1.5547,1.55505,2.78,1.28
2013.05.02 09:09:27.482,1.5547,1.55503,1.28,2.25
2013.05.02 09:09:27.803,1.55471,1.55505,2.25,2.03
2013.05.02 09:09:27.922,1.55469,1.55504,1.28,2.25
2013.05.02 09:09:39.352,1.55467,1.55502,2.25,1.28
2013.05.02 09:09:53.653,1.55471,1.555,2.25,1.28
2013.05.02 09:09:54.813,1.55471,1.55503,2.25,1.05
2013.05.02 09:09:54.933,1.55477,1.55503,2.25,1.05
2013.05.02 09:09:56.523,1.5548,1.55507,1.50,1.28
2013.05.02 09:09:57.979,1.55477,1.55507,2.25,1.28
2013.05.02 09:09:58.068,1.55474,1.55507,2.25,1.28
2013.05.02 09:09:59.173,1.55471,1.55506,1.35,1.50
2013.05.02 09:09:59.295,1.55471,1.55504,1.28,2.03
2013.05.02 09:09:59.633,1.5547,1.555,2.33,1.28
2013.05.02 09:10:16.142,1.5547,1.555,2.33,1.28
2013.05.02 09:10:16.202,1.55466,1.55499,1.50,1.50
2013.05.02 09:10:17.863,1.55466,1.55493,1.50,1.28
2013.05.02 09:10:20.293,1.55462,1.55493,2.25,1.28
2013.05.02 09:10:20.414,1.5546,1.55493,2.25,1.28
2013.05.02 09:10:20.534,1.55463,1.55493,2.25,1.28
2013.05.02 09:10:30.923,1.55471,1.55494,2.25,1.80
2013.05.02 09:10:31.465,1.55471,1.55499,2.25,1.13
2013.05.02 09:10:31.532,1.55469,1.55499,2.25,1.13
2013.05.02 09:10:39.353,1.55465,1.55494,2.25,1.28
2013.05.02 09:10:43.673,1.55468,1.55494,2.25,1.28
2013.05.02 09:10:49.722,1.55466,1.55494,2.25,1.28
2013.05.02 09:10:53.503,1.55462,1.55494,2.25,1.28
2013.05.02 09:10:53.564,1.55462,1.55494,2.25,1.28
2013.05.02 09:10:53.624,1.55461,1.55494,1.50,2.03
2013.05.02 09:10:54.593,1.55457,1.55492,1.80,1.50
2013.05.02 09:10:56.405,1.55457,1.5549,1.80,1.50
2013.05.02 09:10:56.643,1.55455,1.55485,1.13,1.28
2013.05.02 09:11:03.507,1.55456,1.55485,2.25,1.28
2013.05.02 09:11:09.195,1.55451,1.55485,1.20,1.28
2013.05.02 09:11:09.502,1.55451,1.55483,1.13,1.28
2013.05.02 09:11:09.803,1.5545,1.5548,1.13,1.28
2013.05.02 09:11:10.242,1.55448,1.5548,2.63,1.28
2013.05.02 09:11:10.832,1.55451,1.5548,2.25,1.28
2013.05.02 09:11:13.492,1.55448,1.55483,2.78,2.25
2013.05.02 09:11:14.890,1.55448,1.55483,2.78,1.50
2013.05.02 09:11:15.474,1.5545,1.55486,2.25,2.03
2013.05.02 09:11:16.825,1.55457,1.55486,2.25,1.28
2013.05.02 09:11:17.123,1.55457,1.55487,2.25,1.05
2013.05.02 09:11:17.243,1.55459,1.55487,2.25,1.05
2013.05.02 09:11:19.744,1.55459,1.55486,2.25,1.28
2013.05.02 09:11:19.803,1.55457,1.55486,2.33,1.28
2013.05.02 09:11:19.864,1.55454,1.55486,2.63,1.28
2013.05.02 09:11:20.193,1.55452,1.55485,1.20,1.50
2013.05.02 09:11:21.021,1.55451,1.55485,2.33,1.50
2013.05.02 09:11:26.252,1.55448,1.55484,1.28,2.25
2013.05.02 09:11:28.043,1.55448,1.55484,1.28,2.33
2013.05.02 09:11:28.969,1.55448,1.55484,1.28,2.33
2013.05.02 09:11:29.782,1.55454,1.55486,2.25,1.35
2013.05.02 09:11:29.842,1.55454,1.55486,2.25,1.28
2013.05.02 09:11:37.913,1.5545,1.55484,2.25,1.28
2013.05.02 09:11:38.092,1.55447,1.55484,2.25,2.85
2013.05.02 09:11:38.485,1.55447,1.55484,3.00,2.85
2013.05.02 09:11:40.623,1.5545,1.55484,2.25,1.28
2013.05.02 09:11:40.683,1.5545,1.55484,2.25,1.28
2013.05.02 09:11:40.805,1.55447,1.55484,3.00,2.78
2013.05.02 09:11:40.922,1.55454,1.55484,2.25,1.28
2013.05.02 09:11:41.734,1.5545,1.55484,2.25,1.28
2013.05.02 09:11:42.413,1.55456,1.55484,2.25,1.28
2013.05.02 09:11:42.533,1.55447,1.55484,3.00,2.78
2013.05.02 09:11:43.162,1.55454,1.55484,2.25,1.28
2013.05.02 09:11:52.172,1.55457,1.55484,2.25,1.28
2013.05.02 09:11:52.412,1.55453,1.55484,2.25,1.28
2013.05.02 09:11:52.653,1.55451,1.55484,2.25,1.35
2013.05.02 09:11:52.712,1.55448,1.55483,3.19,2.33
2013.05.02 09:11:53.213,1.5545,1.55484,2.25,1.28
2013.05.02 09:11:53.273,1.55455,1.55484,2.25,1.28
2013.05.02 09:11:53.333,1.55456,1.5549,1.50,3.00
2013.05.02 09:11:53.512,1.5546,1.5549,2.25,1.13
2013.05.02 09:11:53.813,1.55456,1.55488,3.00,1.28
2013.05.02 09:11:54.172,1.55453,1.55488,2.25,1.28
2013.05.02 09:11:55.153,1.55452,1.55485,1.28,1.50
2013.05.02 09:11:57.897,1.5545,1.55484,1.05,2.25
2013.05.02 09:11:58.084,1.55447,1.55479,2.25,1.28
2013.05.02 09:11:59.443,1.55447,1.55479,3.00,1.28
2013.05.02 09:12:09.856,1.55447,1.55479,1.69,1.28
2013.05.02 09:12:09.912,1.55447,1.55482,1.69,1.05
2013.05.02 09:12:09.972,1.55449,1.55487,1.28,1.28
2013.05.02 09:12:10.332,1.55457,1.5549,2.25,1.05
2013.05.02 09:12:10.801,1.55457,1.55487,2.25,1.28
2013.05.02 09:12:12.522,1.55457,1.5549,3.00,1.05
2013.05.02 09:12:12.642,1.55465,1.5549,2.25,1.05
2013.05.02 09:12:12.703,1.55465,1.55494,2.25,1.50
2013.05.02 09:12:12.763,1.55458,1.55492,1.28,2.25
2013.05.02 09:12:12.943,1.55457,1.5549,3.00,1.05
2013.05.02 09:12:13.763,1.55461,1.5549,1.50,1.05
2013.05.02 09:12:15.163,1.55466,1.5549,2.25,1.05
2013.05.02 09:12:15.404,1.55457,1.5549,1.50,1.05
2013.05.02 09:12:15.642,1.55456,1.55489,2.25,1.28
2013.05.02 09:12:18.054,1.55455,1.55488,2.25,1.50
2013.05.02 09:12:18.173,1.55451,1.55484,1.28,1.28
2013.05.02 09:12:18.234,1.55446,1.55479,1.50,1.50
2013.05.02 09:12:18.868,1.55446,1.55476,1.20,1.28
2013.05.02 09:12:18.952,1.55446,1.55476,1.13,1.28
2013.05.02 09:12:21.027,1.55446,1.55478,1.28,1.28
2013.05.02 09:12:22.714,1.55446,1.55479,1.28,1.50
2013.05.02 09:12:23.134,1.55438,1.55471,1.88,2.25
2013.05.02 09:12:23.193,1.55438,1.55468,1.05,1.50
2013.05.02 09:12:28.763,1.55438,1.55467,1.05,1.50
2013.05.02 09:12:29.312,1.55438,1.55463,1.05,1.50
2013.05.02 09:12:29.923,1.55438,1.55463,1.05,3.00
2013.05.02 09:12:30.429,1.55438,1.55465,1.05,1.50
2013.05.02 09:12:32.466,1.55438,1.55462,1.05,1.50
2013.05.02 09:12:32.593,1.55429,1.55462,1.80,1.50
2013.05.02 09:12:45.103,1.55422,1.55457,1.28,1.50
2013.05.02 09:12:55.232,1.55422,1.55457,2.03,1.50
2013.05.02 09:12:55.643,1.55428,1.55457,1.05,1.50
2013.05.02 09:12:56.429,1.55426,1.55457,1.28,1.50
2013.05.02 09:12:56.499,1.55422,1.55457,1.28,1.50
2013.05.02 09:12:57.733,1.55421,1.55451,2.25,1.28
2013.05.02 09:12:57.854,1.5542,1.55451,1.13,1.28
2013.05.02 09:12:58.693,1.5542,1.55454,1.65,3.00
2013.05.02 09:12:58.933,1.55421,1.55457,2.25,1.50
2013.05.02 09:13:16.463,1.55424,1.55458,1.50,1.28
2013.05.02 09:13:16.582,1.55421,1.55457,2.25,1.50
2013.05.02 09:13:16.942,1.55424,1.55458,1.50,1.28
2013.05.02 09:13:17.274,1.55428,1.55458,2.25,1.28
2013.05.02 09:13:17.925,1.55427,1.55459,3.00,1.05
2013.05.02 09:13:18.114,1.55427,1.55458,2.25,1.28
2013.05.02 09:13:18.234,1.55424,1.55458,1.50,1.28
2013.05.02 09:13:18.584,1.55424,1.55459,2.25,1.80
2013.05.02 09:13:18.943,1.55436,1.55468,1.50,1.05
2013.05.02 09:13:19.312,1.55442,1.55468,2.25,1.05
2013.05.02 09:13:19.373,1.55442,1.55474,2.25,1.28
2013.05.02 09:13:20.004,1.55438,1.55474,2.25,2.03
2013.05.02 09:13:20.124,1.55436,1.55471,3.90,2.25
2013.05.02 09:13:20.483,1.55442,1.55474,2.25,1.28
2013.05.02 09:13:21.013,1.55442,1.55474,2.25,1.28
2013.05.02 09:13:23.070,1.55445,1.55474,2.25,1.28
2013.05.02 09:13:23.504,1.55447,1.55474,2.25,1.28
2013.05.02 09:13:23.802,1.55451,1.55482,2.25,1.05
2013.05.02 09:13:23.863,1.55446,1.5548,1.50,2.78
2013.05.02 09:13:24.169,1.55445,1.55479,2.25,1.50
2013.05.02 09:13:25.404,1.55442,1.55477,1.28,1.50
2013.05.02 09:13:25.622,1.55445,1.55479,2.25,1.50
2013.05.02 09:13:40.895,1.55442,1.55477,1.28,1.50
2013.05.02 09:13:40.964,1.55442,1.55477,1.28,1.50
2013.05.02 09:13:41.204,1.55439,1.55472,2.25,1.28
2013.05.02 09:13:41.663,1.55441,1.55472,2.25,1.28
2013.05.02 09:13:41.784,1.55439,1.55472,2.25,1.28
2013.05.02 09:13:41.844,1.55439,1.55473,2.25,2.03
2013.05.02 09:13:41.906,1.55442,1.55473,2.25,1.28
2013.05.02 09:13:42.545,1.55442,1.55476,2.78,1.50
2013.05.02 09:13:43.603,1.55442,1.55476,2.85,1.50
2013.05.02 09:13:44.293,1.5545,1.55483,2.78,1.13
2013.05.02 09:13:44.386,1.55455,1.55483,2.25,1.13
2013.05.02 09:13:45.264,1.55455,1.55485,2.25,1.28
2013.05.02 09:13:45.625,1.55455,1.55485,2.25,1.28
2013.05.02 09:13:45.743,1.55449,1.55484,1.28,2.25
2013.05.02 09:13:45.863,1.55455,1.55485,2.25,1.28
2013.05.02 09:13:45.984,1.55449,1.55484,1.28,2.25
2013.05.02 09:13:46.044,1.55449,1.55484,1.28,2.25
2013.05.02 09:13:46.164,1.55454,1.55485,2.25,1.28
2013.05.02 09:13:46.823,1.5545,1.55485,2.78,1.28
2013.05.02 09:13:46.963,1.55455,1.55485,2.25,1.28
2013.05.02 09:13:47.083,1.55451,1.55485,2.25,2.03
2013.05.02 09:13:47.143,1.55455,1.55485,2.25,1.28
2013.05.02 09:13:48.703,1.5545,1.55485,3.53,1.28
2013.05.02 09:13:48.823,1.55454,1.55485,2.25,1.28
2013.05.02 09:13:50.372,1.55455,1.55489,1.28,1.13
2013.05.02 09:13:51.023,1.55454,1.55483,1.05,1.50
2013.05.02 09:13:51.084,1.5545,1.55483,1.50,1.50
2013.05.02 09:13:51.264,1.55448,1.55483,2.25,2.25
2013.05.02 09:13:54.413,1.55451,1.55485,2.25,2.03
2013.05.02 09:13:54.652,1.55448,1.55483,2.25,2.25
2013.05.02 09:13:55.074,1.55446,1.55479,1.28,1.50
2013.05.02 09:14:01.523,1.55442,1.55477,2.03,2.03
2013.05.02 09:14:02.223,1.55444,1.55477,2.25,1.28
2013.05.02 09:14:02.568,1.55446,1.5548,1.05,1.58
2013.05.02 09:14:02.883,1.55448,1.55483,2.78,2.70
2013.05.02 09:14:05.039,1.55446,1.55476,1.05,1.50
2013.05.02 09:14:13.284,1.55445,1.55478,2.25,1.35
2013.05.02 09:14:13.344,1.55441,1.55477,2.25,1.58
2013.05.02 09:14:13.464,1.55441,1.55477,2.25,1.58
2013.05.02 09:14:13.915,1.55436,1.5547,1.65,1.28
2013.05.02 09:14:14.361,1.55435,1.5547,2.78,1.28
2013.05.02 09:14:31.823,1.55442,1.5547,2.25,1.28
2013.05.02 09:14:31.943,1.55435,1.55467,1.05,1.50
2013.05.02 09:14:32.063,1.55439,1.55467,1.05,1.50
2013.05.02 09:14:34.165,1.55439,1.55471,1.05,2.33
2013.05.02 09:14:34.295,1.55441,1.55477,2.78,1.58
2013.05.02 09:14:34.595,1.5544,1.55474,1.28,1.50
2013.05.02 09:14:36.517,1.5544,1.55474,1.28,1.50
2013.05.02 09:14:37.297,1.55441,1.55477,2.78,1.58
2013.05.02 09:14:39.394,1.55448,1.55478,2.25,1.28
2013.05.02 09:14:39.513,1.55445,1.55478,2.25,1.28
2013.05.02 09:14:43.893,1.55447,1.55478,2.25,1.28
2013.05.02 09:14:46.045,1.55447,1.5548,3.00,1.05
2013.05.02 09:14:47.693,1.55447,1.55478,2.25,1.28
2013.05.02 09:14:49.548,1.5545,1.5548,2.25,1.05
2013.05.02 09:14:49.734,1.55454,1.55485,2.25,1.28
2013.05.02 09:14:49.854,1.55456,1.55485,2.25,1.28
2013.05.02 09:14:50.704,1.55454,1.55485,2.25,1.28
2013.05.02 09:14:50.954,1.55457,1.55485,2.25,1.28
2013.05.02 09:14:56.357,1.55454,1.55485,2.25,1.28
2013.05.02 09:14:57.015,1.55456,1.55485,2.25,1.28
2013.05.02 09:15:09.804,1.55461,1.55488,1.50,1.28
2013.05.02 09:15:10.382,1.55457,1.55488,1.13,1.28
2013.05.02 09:15:12.473,1.55457,1.55492,1.80,1.50
2013.05.02 09:15:14.544,1.55451,1.55484,2.63,1.88
2013.05.02 09:15:14.604,1.55448,1.5548,1.13,2.25
2013.05.02 09:15:14.913,1.55448,1.55479,1.13,1.50
2013.05.02 09:15:15.384,1.55445,1.55479,2.78,1.50
2013.05.02 09:15:20.337,1.55442,1.55477,1.80,1.50
2013.05.02 09:15:20.674,1.55441,1.55475,2.25,1.28
2013.05.02 09:15:23.463,1.55444,1.55475,2.25,1.28
2013.05.02 09:15:36.383,1.55441,1.55474,1.50,1.50
2013.05.02 09:15:36.503,1.55441,1.55474,1.50,1.50
2013.05.02 09:15:37.266,1.55436,1.55468,1.13,2.10
2013.05.02 09:15:37.394,1.55433,1.55468,1.50,2.10
2013.05.02 09:15:37.953,1.55431,1.55464,1.28,1.50
2013.05.02 09:15:38.013,1.55434,1.55467,1.50,1.50
2013.05.02 09:15:39.813,1.55435,1.55468,2.25,1.35
2013.05.02 09:15:40.112,1.55433,1.55468,1.50,2.10
2013.05.02 09:15:40.993,1.55435,1.55468,2.25,1.35
2013.05.02 09:15:47.632,1.55433,1.55468,2.25,2.10
2013.05.02 09:15:48.354,1.55433,1.55468,1.50,2.03
2013.05.02 09:15:49.564,1.55433,1.55468,1.88,2.03
2013.05.02 09:15:50.573,1.55436,1.55468,1.13,2.03
2013.05.02 09:15:54.165,1.55435,1.55468,1.13,2.03
2013.05.02 09:15:56.824,1.55437,1.55468,1.13,1.50
2013.05.02 09:16:01.030,1.55435,1.55468,1.13,1.50
2013.05.02 09:16:04.437,1.55434,1.55468,1.13,1.50
2013.05.02 09:16:12.524,1.55436,1.55468,1.13,1.50
2013.05.02 09:16:14.284,1.55434,1.55468,1.13,1.50
2013.05.02 09:16:18.595,1.55433,1.55468,2.03,1.50
2013.05.02 09:16:22.253,1.55433,1.55468,2.40,1.50
2013.05.02 09:16:25.183,1.55433,1.55468,2.40,1.50
2013.05.02 09:16:26.754,1.55435,1.5547,2.63,1.35
2013.05.02 09:16:28.763,1.55434,1.55467,1.88,1.50
2013.05.02 09:16:33.062,1.55434,1.55467,1.50,1.50
2013.05.02 09:16:35.184,1.55434,1.55467,2.63,1.50
2013.05.02 09:16:35.545,1.55439,1.55474,1.28,1.50
2013.05.02 09:16:36.484,1.55442,1.55476,2.25,1.50
2013.05.02 09:16:38.342,1.55439,1.55471,1.65,2.25
2013.05.02 09:16:38.704,1.55439,1.5547,1.88,1.28
2013.05.02 09:16:39.864,1.55433,1.55468,2.03,2.25
2013.05.02 09:16:40.415,1.5543,1.55464,1.88,1.28
2013.05.02 09:16:45.192,1.5543,1.55464,1.13,1.28
2013.05.02 09:16:45.435,1.55429,1.55464,2.63,1.28
2013.05.02 09:16:46.594,1.55429,1.55464,2.63,1.28
2013.05.02 09:16:50.592,1.55429,1.55464,2.63,1.28
2013.05.02 09:16:51.093,1.55428,1.55463,1.13,1.50
2013.05.02 09:16:54.743,1.5543,1.55464,2.25,2.03
2013.05.02 09:16:55.653,1.55427,1.55463,2.63,1.50
2013.05.02 09:16:56.873,1.55425,1.55458,3.00,1.50
2013.05.02 09:16:57.174,1.55423,1.55456,1.13,2.03
2013.05.02 09:17:00.603,1.55422,1.55456,2.25,2.10
2013.05.02 09:17:15.535,1.55423,1.55456,1.50,1.35
2013.05.02 09:17:15.715,1.55428,1.55462,2.25,1.28
2013.05.02 09:17:16.265,1.55429,1.55463,2.25,1.05
2013.05.02 09:17:16.913,1.55429,1.55462,2.25,1.28
2013.05.02 09:17:16.973,1.55424,1.55462,1.05,1.28
2013.05.02 09:17:17.715,1.55424,1.55462,2.18,1.28
2013.05.02 09:17:18.808,1.55424,1.55462,1.43,1.28
2013.05.02 09:17:21.025,1.55424,1.55462,1.43,1.28
2013.05.02 09:17:33.904,1.5543,1.55463,2.25,1.05
2013.05.02 09:17:33.964,1.55431,1.55463,1.50,1.05
2013.05.02 09:17:34.286,1.55435,1.55464,1.05,1.50
2013.05.02 09:17:34.846,1.55435,1.55464,1.05,1.50
2013.05.02 09:17:36.623,1.55435,1.55463,1.43,2.25
2013.05.02 09:17:36.743,1.55435,1.55473,1.43,1.28
2013.05.02 09:17:36.803,1.55439,1.55475,1.58,1.28
2013.05.02 09:17:39.683,1.55444,1.55484,1.43,1.28
2013.05.02 09:17:39.984,1.55442,1.55477,1.65,1.28
2013.05.02 09:17:40.523,1.55442,1.55468,1.13,1.28
2013.05.02 09:17:41.073,1.55432,1.55468,1.13,1.28
2013.05.02 09:17:42.265,1.55432,1.55468,1.13,1.28
2013.05.02 09:17:44.304,1.55432,1.55468,1.13,1.28
2013.05.02 09:17:44.957,1.55428,1.55468,2.18,1.47
2013.05.02 09:17:46.345,1.55428,1.55468,1.05,1.47
2013.05.02 09:17:46.904,1.55432,1.55464,1.28,2.25
2013.05.02 09:17:46.963,1.55432,1.55464,1.28,2.25
2013.05.02 09:17:47.023,1.55437,1.55468,2.78,1.28
2013.05.02 09:17:47.413,1.55439,1.55472,1.28,1.13
2013.05.02 09:17:47.534,1.55445,1.55479,1.28,1.28
2013.05.02 09:17:49.595,1.55448,1.55484,1.05,2.25
2013.05.02 09:17:49.714,1.55453,1.55486,2.25,1.28
2013.05.02 09:17:50.966,1.55452,1.55486,1.13,1.28
2013.05.02 09:17:51.385,1.55454,1.55486,2.25,1.28
2013.05.02 09:17:52.269,1.55458,1.55486,2.25,1.28
2013.05.02 09:17:54.847,1.55453,1.55479,2.25,1.28
2013.05.02 09:17:55.171,1.55453,1.55481,2.25,1.05
2013.05.02 09:17:56.096,1.55455,1.55481,2.25,1.05
2013.05.02 09:17:56.164,1.55455,1.55484,2.25,1.69
2013.05.02 09:17:57.024,1.55455,1.55484,2.25,1.50
2013.05.02 09:17:59.064,1.55458,1.55484,2.25,1.50
2013.05.02 09:18:04.375,1.55454,1.55485,2.25,1.28
2013.05.02 09:18:05.894,1.5545,1.55484,1.28,3.19
2013.05.02 09:18:06.073,1.5545,1.55484,1.28,3.19
2013.05.02 09:18:06.134,1.55452,1.55481,2.25,1.05
2013.05.02 09:18:06.463,1.55454,1.55481,2.25,1.05
2013.05.02 09:18:06.713,1.55457,1.55486,2.25,1.28
2013.05.02 09:18:09.323,1.55457,1.55486,2.33,1.47
2013.05.02 09:18:12.334,1.55455,1.55486,2.33,1.47
2013.05.02 09:18:16.163,1.55449,1.55482,1.43,1.24
2013.05.02 09:18:16.404,1.55452,1.55481,2.33,1.47
2013.05.02 09:18:16.523,1.55452,1.55482,2.33,1.24
2013.05.02 09:18:16.643,1.55452,1.55482,2.33,1.24
2013.05.02 09:18:21.233,1.55452,1.5548,2.33,1.47
2013.05.02 09:18:21.594,1.55445,1.55473,1.20,1.47
2013.05.02 09:18:22.083,1.55444,1.55473,1.20,1.47
2013.05.02 09:18:24.893,1.55447,1.55473,1.50,1.47
2013.05.02 09:18:26.525,1.55443,1.55473,1.20,1.47
2013.05.02 09:18:26.643,1.55443,1.55473,1.20,1.47
2013.05.02 09:18:27.933,1.55444,1.55473,1.95,1.47
2013.05.02 09:18:28.373,1.55446,1.55473,1.50,1.47
2013.05.02 09:18:28.925,1.55446,1.55475,2.25,1.24
2013.05.02 09:18:31.195,1.55446,1.55475,2.33,1.24
2013.05.02 09:18:31.313,1.55446,1.55481,2.25,1.99
2013.05.02 09:18:31.374,1.55456,1.55481,2.25,1.24
2013.05.02 09:18:31.493,1.55442,1.55481,1.50,1.24
2013.05.02 09:18:32.013,1.55441,1.55475,1.20,1.24
2013.05.02 09:18:32.253,1.55458,1.55475,2.25,1.24
2013.05.02 09:18:32.377,1.55458,1.55481,2.25,1.24
2013.05.02 09:18:33.099,1.55456,1.55481,2.25,1.24
2013.05.02 09:18:33.678,1.5545,1.55481,1.13,1.24
2013.05.02 09:18:33.804,1.5545,1.55481,1.20,1.24
2013.05.02 09:18:34.140,1.55447,1.55479,1.20,1.47
2013.05.02 09:18:35.173,1.5545,1.55481,1.20,1.24
2013.05.02 09:18:35.944,1.55449,1.55481,2.33,1.24
2013.05.02 09:18:37.600,1.55449,1.55481,2.33,1.24
2013.05.02 09:18:37.848,1.55453,1.55481,2.25,1.24
2013.05.02 09:18:38.153,1.55455,1.55481,2.25,1.05
2013.05.02 09:18:38.214,1.55449,1.55481,1.20,1.05
2013.05.02 09:18:41.101,1.55448,1.55481,2.25,1.05
2013.05.02 09:18:41.704,1.55451,1.55481,2.25,1.05
2013.05.02 09:18:41.963,1.55451,1.55484,2.25,1.28
2013.05.02 09:18:42.023,1.55455,1.55486,2.25,1.47
2013.05.02 09:18:44.354,1.55454,1.55487,1.05,1.50
2013.05.02 09:18:45.150,1.55458,1.55492,2.25,1.50
2013.05.02 09:18:45.215,1.55456,1.5549,1.28,2.25
2013.05.02 09:18:47.744,1.55454,1.55486,1.05,1.50
2013.05.02 09:18:47.993,1.5545,1.55484,1.13,3.00
2013.05.02 09:18:48.924,1.55449,1.55484,2.63,3.00
2013.05.02 09:18:49.294,1.55451,1.55485,2.25,1.28
2013.05.02 09:18:50.304,1.55454,1.55485,2.25,1.28
2013.05.02 09:18:56.943,1.55456,1.55491,1.50,1.50
2013.05.02 09:19:11.763,1.55457,1.55493,3.00,1.50
2013.05.02 09:19:15.663,1.55457,1.55493,3.00,2.03
2013.05.02 09:19:16.784,1.55454,1.55485,1.35,2.25
2013.05.02 09:19:17.926,1.55448,1.55484,2.25,2.10
2013.05.02 09:19:18.308,1.55448,1.55484,2.25,2.03
2013.05.02 09:19:18.554,1.55455,1.55484,2.25,1.28
2013.05.02 09:19:19.124,1.55452,1.55483,1.05,1.50
2013.05.02 09:19:19.184,1.55449,1.55483,2.25,1.50
2013.05.02 09:19:20.206,1.55451,1.55485,2.25,1.28
2013.05.02 09:19:20.333,1.55449,1.55483,2.25,1.50
2013.05.02 09:19:20.574,1.55457,1.5549,1.50,1.50
2013.05.02 09:19:21.344,1.55458,1.55493,2.25,3.53
2013.05.02 09:19:23.313,1.55456,1.55485,1.28,2.25
2013.05.02 09:19:24.076,1.55449,1.55484,1.65,1.50
2013.05.02 09:19:25.064,1.55451,1.55486,2.25,1.28
2013.05.02 09:19:25.245,1.55457,1.55493,2.25,2.03
2013.05.02 09:19:25.544,1.55464,1.55494,2.25,1.65
2013.05.02 09:19:25.604,1.55463,1.55494,1.28,1.13
2013.05.02 09:19:25.726,1.55461,1.55493,1.05,2.25
2013.05.02 09:19:26.694,1.55461,1.55491,1.05,1.50
2013.05.02 09:19:26.755,1.55457,1.55491,1.05,1.50
2013.05.02 09:19:26.816,1.55456,1.55488,2.03,2.25
2013.05.02 09:19:27.674,1.55458,1.55492,2.25,1.35
2013.05.02 09:19:27.793,1.55458,1.55492,2.25,1.28
2013.05.02 09:19:28.634,1.55459,1.55492,1.13,1.28
2013.05.02 09:19:28.695,1.55462,1.55494,2.25,1.28
2013.05.02 09:19:28.822,1.55458,1.55493,1.13,1.28
2013.05.02 09:19:29.574,1.55457,1.5549,1.65,1.50
2013.05.02 09:19:29.694,1.55457,1.5549,1.28,1.50
2013.05.02 09:19:29.815,1.55456,1.55488,1.65,2.25
2013.05.02 09:19:30.760,1.55456,1.55485,1.65,2.25
2013.05.02 09:19:31.358,1.55454,1.55484,1.05,1.50
2013.05.02 09:19:31.807,1.55456,1.55491,2.48,1.50
2013.05.02 09:19:32.391,1.55457,1.55493,3.98,1.28
2013.05.02 09:19:33.614,1.55458,1.55493,1.88,1.28
2013.05.02 09:19:34.304,1.55462,1.55494,2.25,1.28
2013.05.02 09:19:34.944,1.55459,1.55491,1.13,1.50
2013.05.02 09:19:35.063,1.55459,1.55486,1.13,1.50
2013.05.02 09:19:35.665,1.55459,1.55484,1.13,3.00
2013.05.02 09:19:36.345,1.55454,1.55484,1.43,3.00
2013.05.02 09:19:36.524,1.55457,1.5549,1.28,1.50
2013.05.02 09:19:38.394,1.55458,1.55493,1.13,1.28
2013.05.02 09:19:39.945,1.55458,1.55493,1.88,1.28
2013.05.02 09:19:42.690,1.55458,1.55493,1.13,1.28
2013.05.02 09:19:47.043,1.55458,1.55494,2.18,3.00
2013.05.02 09:19:48.048,1.55459,1.55494,1.65,3.00
2013.05.02 09:19:48.354,1.55467,1.55499,1.28,2.25
2013.05.02 09:19:48.655,1.55468,1.55497,1.05,2.25
2013.05.02 09:19:48.784,1.5547,1.55503,1.28,1.50
2013.05.02 09:19:49.323,1.55471,1.55503,1.13,3.00
2013.05.02 09:19:49.382,1.55471,1.55511,1.13,2.03
2013.05.02 09:19:49.504,1.55473,1.55507,2.25,1.50
2013.05.02 09:19:50.475,1.55471,1.55504,1.88,1.50
2013.05.02 09:19:51.123,1.55471,1.55504,1.88,1.50
2013.05.02 09:19:51.566,1.55468,1.55497,1.13,2.25
2013.05.02 09:19:51.623,1.55465,1.55497,1.50,2.25
2013.05.02 09:19:52.814,1.55468,1.55503,1.50,3.53
2013.05.02 09:19:52.933,1.55466,1.55498,1.13,2.25
2013.05.02 09:19:52.995,1.55466,1.555,1.13,2.25
2013.05.02 09:19:55.453,1.55468,1.55503,1.50,3.53
2013.05.02 09:19:55.635,1.55469,1.55503,2.25,1.28
2013.05.02 09:19:56.294,1.5547,1.55503,1.13,1.28
2013.05.02 09:19:56.783,1.55468,1.55503,2.63,3.53
2013.05.02 09:19:56.845,1.55468,1.55503,1.88,3.53
2013.05.02 09:19:57.614,1.55467,1.55498,1.13,2.25
2013.05.02 09:19:58.093,1.55467,1.55498,1.28,2.25
2013.05.02 09:19:58.598,1.5547,1.55498,1.05,2.25
2013.05.02 09:20:01.134,1.5547,1.55497,1.05,1.50
2013.05.02 09:20:01.543,1.5547,1.55498,1.05,2.25
2013.05.02 09:20:01.834,1.55472,1.55498,1.28,2.25
2013.05.02 09:20:03.928,1.5547,1.55498,1.05,2.25
2013.05.02 09:20:04.634,1.55465,1.55498,2.40,2.25
2013.05.02 09:20:04.813,1.55465,1.55491,2.40,1.50
2013.05.02 09:20:05.126,1.55462,1.55488,2.18,2.25
2013.05.02 09:20:06.134,1.55465,1.55488,1.28,2.25
2013.05.02 09:20:06.254,1.55465,1.55493,1.28,2.25
2013.05.02 09:20:32.974,1.55463,1.55497,1.50,2.25
2013.05.02 09:20:33.394,1.55466,1.55497,1.13,2.25
2013.05.02 09:20:33.923,1.55467,1.55497,1.28,2.25
2013.05.02 09:20:38.256,1.55467,1.55497,1.65,2.25
2013.05.02 09:20:38.614,1.55467,1.55493,2.03,2.25
2013.05.02 09:20:38.678,1.55476,1.55506,2.25,1.28
2013.05.02 09:20:38.745,1.55477,1.55507,1.50,1.05
2013.05.02 09:20:38.985,1.55477,1.55513,2.03,3.00
2013.05.02 09:20:39.044,1.55477,1.55509,1.28,2.25
2013.05.02 09:20:39.864,1.55478,1.5551,1.65,2.25
2013.05.02 09:20:40.256,1.55483,1.55514,1.05,1.50
2013.05.02 09:20:42.328,1.55485,1.55517,1.28,1.50
2013.05.02 09:20:44.283,1.55485,1.55518,2.03,1.50
2013.05.02 09:20:44.464,1.55486,1.5552,2.78,2.25
2013.05.02 09:20:44.584,1.55491,1.55524,1.05,3.00
2013.05.02 09:20:44.646,1.55491,1.55518,1.05,1.50
2013.05.02 09:20:45.403,1.55486,1.55515,1.13,1.50
2013.05.02 09:20:45.583,1.55485,1.55515,1.28,1.50
2013.05.02 09:20:46.355,1.55488,1.55515,1.13,1.50
2013.05.02 09:20:46.534,1.55489,1.55521,1.05,2.25
2013.05.02 09:20:47.083,1.55489,1.55519,1.05,2.25
2013.05.02 09:20:47.503,1.55489,1.55517,1.43,1.50
2013.05.02 09:20:50.235,1.55489,1.55518,1.43,2.25
2013.05.02 09:20:50.297,1.55489,1.55521,1.43,2.25
2013.05.02 09:20:50.604,1.55489,1.55524,2.18,1.50
2013.05.02 09:20:51.684,1.55492,1.55524,1.65,1.50
2013.05.02 09:20:52.582,1.5549,1.55524,1.65,1.50
2013.05.02 09:20:53.687,1.55492,1.55524,1.65,1.50
2013.05.02 09:20:55.795,1.55491,1.55524,1.65,1.50
2013.05.02 09:20:56.224,1.55491,1.5552,1.13,2.25
2013.05.02 09:20:56.525,1.55491,1.55518,1.13,1.50
2013.05.02 09:20:57.237,1.55485,1.55518,1.65,1.50
2013.05.02 09:20:58.665,1.55486,1.55518,1.13,1.50
2013.05.02 09:20:59.353,1.55486,1.55519,1.88,2.25
2013.05.02 09:20:59.774,1.55486,1.55519,2.40,2.25
2013.05.02 09:21:00.621,1.55491,1.55521,1.43,2.25
2013.05.02 09:21:01.122,1.55492,1.55521,1.65,2.25
2013.05.02 09:21:03.787,1.55491,1.55524,1.43,1.50
2013.05.02 09:21:03.914,1.55491,1.55524,1.43,1.50
2013.05.02 09:21:04.393,1.55491,1.55524,1.43,1.50
2013.05.02 09:21:04.653,1.55493,1.55524,1.28,1.50
2013.05.02 09:21:05.019,1.55498,1.55526,1.05,1.50
2013.05.02 09:21:05.144,1.55498,1.55526,1.05,1.50
2013.05.02 09:21:05.264,1.55492,1.55521,2.48,2.25
2013.05.02 09:21:05.638,1.55492,1.5552,1.65,1.50
2013.05.02 09:21:05.826,1.55484,1.55512,1.05,2.25
2013.05.02 09:21:05.945,1.55485,1.55521,2.03,2.25
2013.05.02 09:21:07.254,1.55485,1.5552,2.03,1.50
2013.05.02 09:21:09.965,1.55484,1.55518,1.05,2.25
2013.05.02 09:21:12.523,1.55488,1.55523,2.25,1.28
2013.05.02 09:21:12.762,1.55491,1.55523,2.33,1.28
2013.05.02 09:21:13.608,1.55491,1.55524,2.33,1.80
2013.05.02 09:21:14.124,1.55492,1.55525,1.80,1.50
2013.05.02 09:21:14.363,1.555,1.55534,2.25,3.38
2013.05.02 09:21:14.604,1.55503,1.55534,1.05,1.50
2013.05.02 09:21:18.624,1.55504,1.55537,1.65,1.50
2013.05.02 09:21:19.567,1.55506,1.55541,1.88,2.03
2013.05.02 09:21:20.204,1.55507,1.55541,1.88,1.28
2013.05.02 09:21:22.784,1.55507,1.55541,1.13,2.03
2013.05.02 09:21:23.143,1.55508,1.55538,1.05,1.50
2013.05.02 09:21:43.229,1.55508,1.55537,1.05,1.50
2013.05.02 09:21:45.808,1.55507,1.55533,1.05,3.00
2013.05.02 09:21:45.994,1.55501,1.55533,1.20,3.00
2013.05.02 09:21:46.054,1.55499,1.55533,1.65,3.00
2013.05.02 09:21:46.657,1.555,1.55535,1.65,1.50
2013.05.02 09:21:47.163,1.555,1.55533,1.65,3.00
2013.05.02 09:21:47.734,1.55501,1.55534,1.13,1.50
2013.05.02 09:21:50.371,1.55502,1.55534,1.13,1.50
2013.05.02 09:21:51.654,1.55504,1.55534,1.13,1.50
2013.05.02 09:21:56.353,1.55504,1.55532,1.13,2.25
2013.05.02 09:21:56.550,1.55499,1.55532,1.28,2.25
2013.05.02 09:21:58.424,1.55501,1.55534,1.58,1.50
2013.05.02 09:22:11.075,1.55507,1.55535,1.28,2.25
2013.05.02 09:22:11.254,1.55508,1.55545,2.25,2.85
2013.05.02 09:22:11.374,1.55507,1.55536,1.28,2.25
2013.05.02 09:22:12.156,1.55506,1.55535,1.05,1.50
2013.05.02 09:22:19.243,1.55507,1.55537,1.05,1.50
2013.05.02 09:22:20.074,1.55507,1.55533,1.05,2.25
2013.05.02 09:22:20.135,1.55507,1.55539,1.05,2.25
2013.05.02 09:22:20.195,1.55507,1.55539,1.05,2.33
2013.05.02 09:22:20.315,1.55507,1.55538,1.05,2.25
2013.05.02 09:22:20.876,1.55507,1.55538,1.05,2.25
2013.05.02 09:22:23.163,1.55507,1.55541,1.05,1.50
2013.05.02 09:22:24.253,1.55507,1.55538,2.18,2.25
2013.05.02 09:22:24.673,1.55508,1.55538,1.28,1.50
2013.05.02 09:22:25.953,1.55508,1.55538,1.65,2.25
2013.05.02 09:22:26.610,1.55508,1.55538,1.65,2.25
2013.05.02 09:22:29.793,1.55508,1.55535,1.28,1.50
2013.05.02 09:22:30.630,1.55508,1.55541,1.28,1.58
2013.05.02 09:22:31.053,1.55508,1.55533,1.28,3.00
2013.05.02 09:22:31.354,1.55507,1.55532,1.05,1.50
2013.05.02 09:22:31.416,1.55507,1.55533,1.05,2.25
2013.05.02 09:22:31.613,1.55507,1.5553,1.05,2.25
2013.05.02 09:22:31.734,1.55504,1.55538,1.50,1.28
2013.05.02 09:22:31.853,1.55508,1.55539,1.05,1.50
2013.05.02 09:22:32.094,1.5551,1.5554,1.47,2.25
2013.05.02 09:22:32.154,1.55516,1.55548,2.25,1.28
2013.05.02 09:22:32.514,1.55524,1.55558,1.05,1.50
2013.05.02 09:22:32.873,1.55531,1.55562,1.05,1.50
2013.05.02 09:22:33.084,1.55531,1.55562,1.05,1.50
2013.05.02 09:22:33.653,1.55531,1.55563,1.05,2.25
2013.05.02 09:22:34.503,1.55531,1.55561,1.05,2.25
2013.05.02 09:22:36.117,1.55531,1.5556,1.05,1.50
2013.05.02 09:22:36.243,1.55534,1.55569,2.25,1.50
2013.05.02 09:22:36.363,1.55531,1.55564,1.05,3.00
2013.05.02 09:22:36.603,1.55531,1.55561,1.05,2.25
2013.05.02 09:22:37.183,1.55531,1.5556,1.05,1.50
2013.05.02 09:22:37.933,1.55531,1.55564,1.05,1.50
2013.05.02 09:22:39.674,1.55531,1.55557,1.05,1.50
2013.05.02 09:22:40.034,1.55527,1.55557,2.03,1.50
2013.05.02 09:22:40.554,1.55527,1.55557,1.28,1.50
2013.05.02 09:22:41.563,1.55527,1.55557,1.28,1.50
2013.05.02 09:22:41.920,1.55531,1.55557,1.05,1.50
2013.05.02 09:22:42.864,1.55526,1.55557,1.05,1.50
2013.05.02 09:22:42.923,1.55526,1.55557,1.05,1.50
2013.05.02 09:22:46.064,1.55526,1.55557,1.05,1.50
2013.05.02 09:22:46.243,1.55526,1.5556,1.05,1.58
2013.05.02 09:22:46.724,1.55527,1.55558,1.28,1.50
2013.05.02 09:22:48.804,1.55527,1.55559,1.28,1.50
2013.05.02 09:22:49.654,1.55526,1.55551,1.05,1.50
2013.05.02 09:22:50.353,1.5552,1.55551,1.13,1.50
2013.05.02 09:22:50.523,1.55516,1.55551,3.87,1.50
2013.05.02 09:22:50.824,1.55516,1.55551,2.74,1.50
2013.05.02 09:22:51.063,1.55516,1.55542,1.05,2.25
2013.05.02 09:22:53.755,1.55516,1.55541,1.05,1.50
2013.05.02 09:22:55.905,1.55516,1.55542,1.80,2.25
2013.05.02 09:22:56.616,1.55516,1.55541,1.05,1.50
2013.05.02 09:22:58.153,1.55516,1.55545,1.05,2.25
2013.05.02 09:23:00.694,1.55516,1.55545,1.05,2.25
2013.05.02 09:23:02.274,1.55516,1.55539,1.05,2.25
2013.05.02 09:23:02.335,1.55516,1.55537,1.05,2.25
2013.05.02 09:23:02.513,1.5551,1.55537,1.05,2.25
2013.05.02 09:23:06.444,1.5551,1.55536,1.05,1.50
2013.05.02 09:23:06.564,1.5551,1.55541,1.05,2.25
2013.05.02 09:23:06.625,1.5551,1.55533,1.05,2.25
2013.05.02 09:23:14.364,1.5551,1.55536,1.05,1.50
2013.05.02 09:23:21.313,1.55506,1.55536,1.05,1.50
2013.05.02 09:23:21.374,1.55503,1.55536,1.05,1.50
2013.05.02 09:23:21.494,1.55501,1.55535,1.28,1.28
2013.05.02 09:23:21.554,1.555,1.55535,2.63,1.28
2013.05.02 09:23:21.772,1.555,1.55535,2.63,1.28
2013.05.02 09:23:22.623,1.55503,1.55536,1.28,1.50
2013.05.02 09:23:36.613,1.55507,1.55538,1.28,1.50
2013.05.02 09:23:37.708,1.5551,1.55538,1.05,1.50
2013.05.02 09:23:38.723,1.55513,1.55547,2.78,1.58
2013.05.02 09:23:38.963,1.55513,1.55547,2.78,1.58
2013.05.02 09:23:41.424,1.5551,1.55537,1.05,1.50
2013.05.02 09:23:43.714,1.5551,1.55531,1.05,1.50
2013.05.02 09:23:43.907,1.55505,1.55531,1.05,1.50
2013.05.02 09:23:44.038,1.55507,1.55533,1.28,1.50
2013.05.02 09:23:44.166,1.55507,1.55536,1.28,2.25
2013.05.02 09:23:46.624,1.55505,1.55535,1.05,1.50
2013.05.02 09:23:48.354,1.55507,1.55535,1.28,1.50
2013.05.02 09:23:48.536,1.55507,1.55542,3.19,2.25
2013.05.02 09:23:48.607,1.55507,1.5554,2.44,1.50
2013.05.02 09:23:48.924,1.55509,1.55544,3.19,2.78
2013.05.02 09:23:49.366,1.55509,1.55544,3.19,2.78
2013.05.02 09:23:50.084,1.55511,1.55544,1.80,2.25
2013.05.02 09:23:51.464,1.55511,1.55544,1.80,2.25
2013.05.02 09:23:53.414,1.55513,1.55544,1.28,1.50
2013.05.02 09:23:53.665,1.55512,1.55544,1.47,2.25
2013.05.02 09:23:54.425,1.55513,1.55544,1.28,1.50
2013.05.02 09:23:54.674,1.55511,1.55544,2.07,2.25
2013.05.02 09:23:55.463,1.55513,1.55544,1.28,1.50
2013.05.02 09:23:55.684,1.55512,1.55544,1.28,2.25
2013.05.02 09:23:55.865,1.55513,1.55544,1.28,1.50
2013.05.02 09:23:57.184,1.55511,1.55544,1.88,2.25
2013.05.02 09:23:57.913,1.55513,1.55544,1.28,1.50
2013.05.02 09:24:02.434,1.55519,1.55553,2.25,1.80
2013.05.02 09:24:02.614,1.5552,1.55554,1.28,3.00
2013.05.02 09:24:08.434,1.55519,1.55544,1.80,2.25
2013.05.02 09:24:09.093,1.55521,1.55544,1.28,1.50
2013.05.02 09:24:14.593,1.55519,1.55544,1.80,2.25
2013.05.02 09:24:23.330,1.55518,1.55544,1.05,1.50
2013.05.02 09:24:36.736,1.55518,1.55547,1.05,2.25
2013.05.02 09:24:36.805,1.55518,1.55551,1.05,2.25
2013.05.02 09:24:41.938,1.55518,1.5555,1.05,1.50
2013.05.02 09:24:46.776,1.55518,1.55544,1.28,1.50
2013.05.02 09:24:48.144,1.55517,1.55545,1.80,2.25
2013.05.02 09:24:49.134,1.55519,1.55545,1.28,2.25
2013.05.02 09:24:49.194,1.55519,1.55553,2.03,2.25
2013.05.02 09:24:49.377,1.55519,1.55552,1.28,1.50
2013.05.02 09:24:49.986,1.55513,1.55545,1.47,2.25
2013.05.02 09:24:57.750,1.55512,1.55543,1.05,1.50
2013.05.02 09:24:57.818,1.55512,1.55539,1.05,2.25
2013.05.02 09:24:58.125,1.55512,1.55536,1.05,1.50
2013.05.02 09:24:58.489,1.55513,1.55537,1.28,2.25
2013.05.02 09:25:01.333,1.55507,1.55537,1.65,2.25
2013.05.02 09:25:01.454,1.55507,1.5554,1.65,2.25
2013.05.02 09:25:01.514,1.55507,1.55536,1.65,2.25
2013.05.02 09:25:02.422,1.55507,1.55536,1.65,2.25
2013.05.02 09:25:03.194,1.55507,1.5553,1.28,1.50
2013.05.02 09:25:03.375,1.55505,1.5553,1.28,1.50
2013.05.02 09:25:05.944,1.55499,1.55534,1.28,2.25
2013.05.02 09:25:06.364,1.55503,1.55536,1.50,1.28
2013.05.02 09:25:06.909,1.55506,1.55537,1.28,2.25
2013.05.02 09:25:09.406,1.55505,1.55536,1.05,1.50
2013.05.02 09:25:09.674,1.55506,1.55537,1.28,2.25
2013.05.02 09:25:11.214,1.5551,1.55544,2.25,2.10
2013.05.02 09:25:11.393,1.55512,1.55544,1.05,1.50
2013.05.02 09:25:12.294,1.55519,1.55557,1.05,1.13
2013.05.02 09:25:12.473,1.55519,1.55557,1.05,1.13
2013.05.02 09:25:13.913,1.55519,1.55558,1.43,1.28
2013.05.02 09:25:16.605,1.55519,1.55558,1.43,1.28
2013.05.02 09:25:17.348,1.55528,1.55559,2.25,1.05
2013.05.02 09:25:17.654,1.55528,1.55563,2.25,1.13
2013.05.02 09:25:17.834,1.55527,1.55561,1.28,2.25
2013.05.02 09:25:19.738,1.55527,1.5556,1.28,1.50
2013.05.02 09:25:20.075,1.55523,1.55557,1.13,1.28
2013.05.02 09:25:20.493,1.5552,1.55554,2.78,2.03
2013.05.02 09:25:20.853,1.55513,1.55548,2.78,1.50
2013.05.02 09:25:21.598,1.55515,1.5555,2.25,1.28
2013.05.02 09:25:23.250,1.55517,1.55551,1.50,1.05
2013.05.02 09:25:25.115,1.55523,1.55551,2.25,1.05
2013.05.02 09:25:25.234,1.55518,1.55551,1.28,1.50
2013.05.02 09:25:25.354,1.55519,1.55553,1.28,1.50
2013.05.02 09:25:25.474,1.55522,1.55557,2.25,1.28
2013.05.02 09:25:26.845,1.55523,1.55558,1.50,1.28
2013.05.02 09:25:31.227,1.55522,1.55557,2.25,1.28
2013.05.02 09:25:31.720,1.55519,1.55554,1.28,1.50
2013.05.02 09:25:33.257,1.55523,1.55558,1.50,1.28
2013.05.02 09:25:33.873,1.55522,1.55557,2.25,1.28
2013.05.02 09:25:34.055,1.55519,1.55554,1.28,1.50
2013.05.02 09:25:34.114,1.55517,1.55552,1.80,1.50
2013.05.02 09:25:34.682,1.55519,1.55554,2.78,3.00
2013.05.02 09:25:35.184,1.55517,1.55552,1.80,1.50
2013.05.02 09:25:44.054,1.55517,1.55548,1.05,2.25
2013.05.02 09:25:45.210,1.55516,1.55548,1.28,2.25
2013.05.02 09:25:46.622,1.55514,1.55548,2.10,2.25
2013.05.02 09:25:49.565,1.55516,1.55551,3.08,1.50
2013.05.02 09:25:49.985,1.55519,1.55553,2.25,1.28
2013.05.02 09:25:50.286,1.55524,1.55557,1.50,1.65
2013.05.02 09:26:01.954,1.55528,1.5556,1.50,1.05
2013.05.02 09:26:02.014,1.55528,1.55563,1.50,1.50
2013.05.02 09:26:02.073,1.55526,1.5556,2.03,2.25
2013.05.02 09:26:02.658,1.55526,1.55561,1.28,2.25
2013.05.02 09:26:03.006,1.55529,1.55564,1.50,3.00
2013.05.02 09:26:07.436,1.55534,1.55565,2.25,1.28
2013.05.02 09:26:07.493,1.55526,1.55559,1.35,2.25
2013.05.02 09:26:07.554,1.5553,1.55565,2.25,1.28
2013.05.02 09:26:07.853,1.55528,1.55564,1.50,1.50
2013.05.02 09:26:08.314,1.5553,1.55565,2.25,1.28
2013.05.02 09:26:12.275,1.55531,1.55566,1.50,1.28
2013.05.02 09:26:12.814,1.5553,1.55565,2.25,1.28
2013.05.02 09:26:12.874,1.55534,1.55565,2.25,1.28
2013.05.02 09:26:13.353,1.55535,1.55569,1.50,2.25
2013.05.02 09:26:15.024,1.55536,1.55571,3.00,1.28
2013.05.02 09:26:16.353,1.55535,1.55569,1.50,2.25
2013.05.02 09:26:16.836,1.55534,1.55567,1.28,2.25
2013.05.02 09:26:19.216,1.55535,1.55569,1.50,2.25
2013.05.02 09:26:19.337,1.55536,1.55571,3.00,1.28
2013.05.02 09:26:19.885,1.55536,1.55572,3.00,2.18
2013.05.02 09:26:23.004,1.55534,1.5557,2.03,2.25
2013.05.02 09:26:23.485,1.55534,1.55569,1.28,1.50
2013.05.02 09:26:28.066,1.55533,1.55564,1.05,1.50
2013.05.02 09:26:28.125,1.55528,1.55563,1.50,1.28
2013.05.02 09:26:28.184,1.55526,1.5556,2.78,2.25
2013.05.02 09:26:29.617,1.55526,1.55551,1.28,1.50
2013.05.02 09:26:29.687,1.5552,1.55554,1.88,2.25
2013.05.02 09:26:30.575,1.55519,1.55552,1.28,1.50
2013.05.02 09:26:36.924,1.55517,1.55552,2.55,1.50
2013.05.02 09:26:39.823,1.55517,1.55549,1.80,2.25
2013.05.02 09:26:40.127,1.55517,1.55552,2.55,1.50
2013.05.02 09:26:44.523,1.55517,1.55549,1.80,2.25
2013.05.02 09:26:46.810,1.55519,1.55549,1.28,2.25
2013.05.02 09:26:47.174,1.55531,1.55559,2.25,2.25
2013.05.02 09:26:47.234,1.55532,1.55559,1.50,1.43
2013.05.02 09:26:47.395,1.55532,1.55565,1.50,1.20
2013.05.02 09:26:47.454,1.55531,1.55565,2.78,1.13
2013.05.02 09:26:47.743,1.55532,1.55567,1.50,1.13
2013.05.02 09:26:48.960,1.55532,1.55568,1.50,2.25
2013.05.02 09:26:49.664,1.55537,1.55568,1.80,2.25
2013.05.02 09:26:54.742,1.55537,1.55567,1.05,1.50
2013.05.02 09:26:57.164,1.55537,1.55567,1.05,1.50
2013.05.02 09:26:57.343,1.55531,1.55562,1.47,2.25
2013.05.02 09:26:57.764,1.55535,1.55568,2.25,1.28
2013.05.02 09:26:59.393,1.5553,1.55561,1.05,2.25
2013.05.02 09:26:59.574,1.55527,1.55559,1.13,1.28
2013.05.02 09:26:59.905,1.55526,1.55559,1.88,2.03
2013.05.02 09:27:00.974,1.55526,1.55559,1.50,2.03
2013.05.02 09:27:01.474,1.55521,1.55551,1.05,1.50
2013.05.02 09:27:05.923,1.55521,1.55551,1.05,2.25
2013.05.02 09:27:06.043,1.55518,1.55551,1.50,2.25
2013.05.02 09:27:06.652,1.55517,1.55551,1.47,2.25
2013.05.02 09:27:06.894,1.55517,1.55551,2.22,1.50
2013.05.02 09:27:07.403,1.55526,1.55553,1.58,1.28
2013.05.02 09:27:08.853,1.55526,1.55554,2.33,1.28
2013.05.02 09:27:09.156,1.55523,1.55551,2.10,1.50
2013.05.02 09:27:09.457,1.5552,1.55551,2.37,2.25
2013.05.02 09:27:09.709,1.55526,1.55559,2.25,2.03
2013.05.02 09:27:09.894,1.55526,1.55559,2.25,2.33
2013.05.02 09:27:10.534,1.55522,1.55553,2.25,1.28
2013.05.02 09:27:12.034,1.55522,1.55552,2.25,1.58
2013.05.02 09:27:12.094,1.55522,1.55553,2.25,1.28
2013.05.02 09:27:12.154,1.55521,1.55548,1.69,1.28
2013.05.02 09:27:12.513,1.55524,1.55557,1.50,2.03
2013.05.02 09:27:12.693,1.55523,1.55557,2.25,2.03
2013.05.02 09:27:13.095,1.55523,1.55557,2.25,2.03
2013.05.02 09:27:13.673,1.55523,1.55557,3.19,2.03
2013.05.02 09:27:16.454,1.55523,1.55557,3.19,2.03
2013.05.02 09:27:18.044,1.55524,1.55557,1.50,2.03
2013.05.02 09:27:18.677,1.55537,1.55558,1.58,1.05
2013.05.02 09:27:18.750,1.55537,1.55565,1.88,1.13
2013.05.02 09:27:18.925,1.55537,1.55569,1.88,1.13
2013.05.02 09:27:19.974,1.55537,1.55571,1.88,1.50
2013.05.02 09:27:21.474,1.55539,1.55571,1.47,2.25
2013.05.02 09:27:21.954,1.55534,1.55566,2.33,1.28
2013.05.02 09:27:22.185,1.55536,1.55568,1.58,1.05
2013.05.02 09:27:22.306,1.55541,1.55573,2.25,2.33
2013.05.02 09:27:22.368,1.55544,1.55573,2.25,1.28
2013.05.02 09:27:22.926,1.55544,1.55573,2.25,1.28
2013.05.02 09:27:23.154,1.55535,1.55568,1.88,1.50
2013.05.02 09:27:23.395,1.55536,1.55568,1.47,2.25
2013.05.02 09:27:23.464,1.55535,1.55566,1.05,1.50
2013.05.02 09:27:23.791,1.55543,1.55573,2.25,1.28
2013.05.02 09:27:26.683,1.55543,1.55573,2.25,1.28
2013.05.02 09:27:26.745,1.55543,1.55573,2.33,1.28
2013.05.02 09:27:31.304,1.55538,1.55573,1.43,2.03
2013.05.02 09:27:36.203,1.55538,1.55573,1.58,2.03
2013.05.02 09:27:36.454,1.55537,1.55573,3.19,2.03
2013.05.02 09:27:37.225,1.55538,1.55573,1.69,2.03
2013.05.02 09:27:39.192,1.55537,1.55571,1.69,1.50
2013.05.02 09:27:39.256,1.55539,1.55571,1.02,1.50
2013.05.02 09:27:45.724,1.55544,1.55575,1.50,1.28
2013.05.02 09:27:46.114,1.55546,1.55579,1.35,1.88
2013.05.02 09:27:46.634,1.55546,1.55579,2.10,1.50
2013.05.02 09:27:46.944,1.55554,1.5558,1.28,2.25
2013.05.02 09:27:57.945,1.55552,1.55579,1.05,1.50
2013.05.02 09:27:58.204,1.55554,1.5558,1.28,2.25
2013.05.02 09:27:58.654,1.55552,1.55579,1.05,1.50
2013.05.02 09:27:59.334,1.55546,1.55579,1.28,1.50
2013.05.02 09:28:02.204,1.55546,1.55579,1.35,1.50
2013.05.02 09:28:02.325,1.55547,1.55582,2.85,2.25
2013.05.02 09:28:02.384,1.55548,1.55582,1.43,2.25
2013.05.02 09:28:02.445,1.55553,1.55584,2.33,1.28
2013.05.02 09:28:02.625,1.55554,1.55588,1.58,2.25
2013.05.02 09:28:02.805,1.55556,1.55591,3.00,3.15
2013.05.02 09:28:04.974,1.55554,1.55589,1.58,2.25
2013.05.02 09:28:05.475,1.55553,1.55588,2.10,1.50
2013.05.02 09:28:07.272,1.55558,1.55593,2.25,1.80
2013.05.02 09:28:07.514,1.55557,1.55592,1.50,2.03
2013.05.02 09:28:07.636,1.55558,1.55591,2.25,1.28
2013.05.02 09:28:07.946,1.55561,1.55586,2.33,1.50
2013.05.02 09:28:08.304,1.55558,1.55579,2.25,1.05
2013.05.02 09:28:08.933,1.55556,1.55579,2.25,1.05
2013.05.02 09:28:09.234,1.55548,1.55577,1.69,1.28
2013.05.02 09:28:09.294,1.55548,1.55573,1.69,1.28
2013.05.02 09:28:09.634,1.55546,1.55572,1.50,1.80
2013.05.02 09:28:09.695,1.55538,1.55572,1.32,1.80
2013.05.02 09:28:10.426,1.55538,1.55572,1.32,1.80
2013.05.02 09:28:12.554,1.55534,1.55572,1.32,1.80
2013.05.02 09:28:13.594,1.55532,1.55569,1.47,1.28
2013.05.02 09:28:13.895,1.5553,1.55561,1.32,1.05
2013.05.02 09:28:14.434,1.55541,1.55561,2.25,1.05
2013.05.02 09:28:14.925,1.55544,1.55561,2.25,1.05
2013.05.02 09:28:17.161,1.55538,1.55561,2.25,1.05
2013.05.02 09:28:27.745,1.55539,1.55564,1.50,1.28
2013.05.02 09:28:27.804,1.55539,1.55568,1.50,1.05
2013.05.02 09:28:28.074,1.55542,1.55573,2.22,2.25
2013.05.02 09:28:36.924,1.55547,1.5558,2.25,1.05
2013.05.02 09:28:36.984,1.55548,1.5558,1.50,1.05
2013.05.02 09:28:37.167,1.55548,1.55582,1.28,2.63
2013.05.02 09:28:37.294,1.55547,1.55574,1.80,2.25
2013.05.02 09:28:43.254,1.55541,1.55574,2.03,2.25
2013.05.02 09:28:47.893,1.55541,1.55574,2.03,2.25
2013.05.02 09:28:48.215,1.5555,1.55583,1.50,2.25
2013.05.02 09:28:49.246,1.55553,1.55573,1.05,2.25
2013.05.02 09:28:49.424,1.55547,1.55573,1.28,2.25
2013.05.02 09:28:50.755,1.55547,1.5557,1.28,1.50
2013.05.02 09:28:53.684,1.55547,1.5557,1.28,1.50
2013.05.02 09:28:53.744,1.55553,1.55579,1.28,2.25
2013.05.02 09:28:54.674,1.55552,1.55579,1.05,2.25
2013.05.02 09:28:54.794,1.55552,1.55571,1.05,1.50
2013.05.02 09:28:54.917,1.55545,1.55579,2.03,2.33
2013.05.02 09:28:54.976,1.55545,1.55578,2.03,1.50
2013.05.02 09:28:55.045,1.55545,1.55573,1.28,2.25
2013.05.02 09:28:57.705,1.55544,1.55571,1.28,2.25
2013.05.02 09:28:57.946,1.55544,1.55574,1.28,2.25
2013.05.02 09:29:00.916,1.55543,1.55573,1.05,1.50
2013.05.02 09:29:01.214,1.55538,1.55573,1.28,2.25
2013.05.02 09:29:01.668,1.55538,1.55573,1.88,1.50
2013.05.02 09:29:01.984,1.55538,1.55573,1.80,1.58
2013.05.02 09:29:02.344,1.55542,1.55572,1.50,1.05
2013.05.02 09:29:07.155,1.55542,1.55569,1.50,1.28
2013.05.02 09:29:07.214,1.55537,1.55566,1.13,1.50
2013.05.02 09:29:07.394,1.55537,1.55559,1.13,2.25
2013.05.02 09:29:07.944,1.55533,1.55566,1.65,1.50
2013.05.02 09:29:08.005,1.55539,1.55566,1.05,1.50
2013.05.02 09:29:08.494,1.55539,1.55567,1.05,2.25
2013.05.02 09:29:10.885,1.55539,1.55566,1.05,1.50
2013.05.02 09:29:11.065,1.55532,1.55566,3.15,1.50
2013.05.02 09:29:11.124,1.55532,1.55561,2.63,1.05
2013.05.02 09:29:16.984,1.55535,1.55566,1.05,1.50
2013.05.02 09:29:25.445,1.55535,1.5555,1.05,2.25
2013.05.02 09:29:25.564,1.55525,1.5555,1.13,2.25
2013.05.02 09:29:25.686,1.55523,1.55553,1.50,1.50
2013.05.02 09:29:25.745,1.55523,1.55557,1.50,1.28
2013.05.02 09:29:25.985,1.55523,1.55558,1.50,2.40
2013.05.02 09:29:26.044,1.55532,1.5556,2.25,1.43
2013.05.02 09:29:26.685,1.55527,1.55558,1.50,1.65
2013.05.02 09:29:28.954,1.55526,1.55557,2.25,1.28
2013.05.02 09:29:29.074,1.55524,1.55558,1.50,1.28
2013.05.02 09:29:29.316,1.55529,1.55558,2.25,1.28
2013.05.02 09:29:30.814,1.55526,1.55557,3.00,1.28
2013.05.02 09:29:32.444,1.55526,1.55544,2.25,1.50
2013.05.02 09:29:32.504,1.55517,1.55543,1.13,3.00
2013.05.02 09:29:32.683,1.55526,1.55549,1.50,1.28
2013.05.02 09:29:33.184,1.55526,1.55552,1.50,1.05
2013.05.02 09:29:34.385,1.55529,1.55552,2.25,1.05
2013.05.02 09:29:36.203,1.55532,1.55552,2.25,1.05
2013.05.02 09:29:36.394,1.55532,1.55557,2.25,1.28
2013.05.02 09:29:40.933,1.55528,1.55557,2.25,1.28
2013.05.02 09:29:41.235,1.55527,1.55557,1.50,1.28
2013.05.02 09:29:41.356,1.55528,1.55557,2.25,1.28
2013.05.02 09:29:41.664,1.55532,1.55557,2.25,1.28
2013.05.02 09:29:42.204,1.55532,1.55558,2.25,1.05
2013.05.02 09:29:43.834,1.55525,1.55558,1.50,2.55
2013.05.02 09:29:44.075,1.55532,1.55558,2.25,1.05
2013.05.02 09:29:44.973,1.55528,1.55558,2.25,1.05
2013.05.02 09:29:49.247,1.55529,1.55558,2.25,1.05
2013.05.02 09:29:55.145,1.55531,1.55558,1.50,1.05
2013.05.02 09:29:55.327,1.55536,1.55563,1.50,1.28
2013.05.02 09:29:55.447,1.55538,1.55563,2.25,1.28
2013.05.02 09:30:02.515,1.55535,1.55564,2.25,1.28
2013.05.02 09:30:03.449,1.55537,1.55564,2.25,1.28
2013.05.02 09:30:03.575,1.55534,1.55564,2.25,1.28
2013.05.02 09:30:03.934,1.55538,1.55564,2.25,1.28
2013.05.02 09:30:05.324,1.55535,1.55564,2.25,1.28
2013.05.02 09:30:05.694,1.55527,1.55563,1.73,1.28
2013.05.02 09:30:05.754,1.55531,1.55563,2.25,1.28
2013.05.02 09:30:06.555,1.55532,1.55566,1.50,1.05
2013.05.02 09:30:07.055,1.55526,1.55563,1.35,1.28
2013.05.02 09:30:07.116,1.55527,1.55561,1.35,2.25
2013.05.02 09:30:07.474,1.55526,1.55558,3.08,1.05
2013.05.02 09:30:08.094,1.55528,1.55558,2.33,1.05
2013.05.02 09:30:08.797,1.55526,1.55558,3.08,1.05
2013.05.02 09:30:09.314,1.55524,1.5555,1.50,1.05
2013.05.02 09:30:09.924,1.55522,1.5555,2.25,1.05
2013.05.02 09:30:12.875,1.55526,1.5555,2.25,1.05
2013.05.02 09:30:15.314,1.55526,1.55555,3.00,1.80
2013.05.02 09:30:15.374,1.55526,1.55558,3.00,1.05
2013.05.02 09:30:16.194,1.55525,1.55558,1.50,2.55
2013.05.02 09:30:18.204,1.55523,1.55555,2.25,1.28
2013.05.02 09:30:18.265,1.55516,1.55541,2.18,2.25
2013.05.02 09:30:18.324,1.55516,1.5554,1.13,1.50
2013.05.02 09:30:18.384,1.55512,1.55539,1.65,1.50
2013.05.02 09:30:19.255,1.55508,1.55539,1.50,1.50
2013.05.02 09:30:19.437,1.55505,1.55532,1.28,2.25
2013.05.02 09:30:21.245,1.55503,1.55533,1.13,1.58
2013.05.02 09:30:21.835,1.55499,1.55532,1.28,2.33
2013.05.02 09:30:22.660,1.55499,1.55531,1.28,2.25
2013.05.02 09:30:22.785,1.555,1.55533,1.50,1.50
2013.05.02 09:30:23.634,1.55499,1.55531,1.28,2.78
2013.05.02 09:30:24.404,1.555,1.55531,1.50,1.05
2013.05.02 09:30:25.395,1.55496,1.55529,1.50,1.28
2013.05.02 09:30:25.575,1.55496,1.5553,1.50,2.03
2013.05.02 09:30:25.697,1.55493,1.55528,2.33,2.25
2013.05.02 09:30:30.876,1.55493,1.55526,2.33,1.50
2013.05.02 09:30:31.114,1.55486,1.55518,1.65,2.25
2013.05.02 09:30:31.424,1.55486,1.55517,1.13,1.05
2013.05.02 09:30:36.415,1.55483,1.55511,1.50,2.93
2013.05.02 09:30:36.774,1.55483,1.55508,1.50,1.28
2013.05.02 09:30:36.834,1.55483,1.55511,1.50,1.05
2013.05.02 09:30:36.954,1.55483,1.55517,1.50,1.43
2013.05.02 09:30:37.915,1.55483,1.55517,1.50,1.05
2013.05.02 09:30:37.974,1.55482,1.5551,1.50,1.50
2013.05.02 09:30:38.661,1.55479,1.55511,1.84,2.25
2013.05.02 09:30:39.224,1.55479,1.55511,1.65,2.44
2013.05.02 09:30:40.424,1.55479,1.55511,1.28,2.44
2013.05.02 09:30:42.034,1.55479,1.55511,1.28,2.44
2013.05.02 09:30:42.670,1.55475,1.5551,1.50,1.47
2013.05.02 09:30:44.164,1.55484,1.55511,1.50,1.24
2013.05.02 09:30:44.414,1.55484,1.55511,1.50,1.05
2013.05.02 09:30:48.123,1.55476,1.555,1.20,2.25
2013.05.02 09:30:48.184,1.55476,1.555,1.13,2.25
2013.05.02 09:30:48.304,1.55473,1.555,1.28,2.44
2013.05.02 09:30:48.675,1.55483,1.55503,2.25,1.24
2013.05.02 09:30:48.795,1.55483,1.55508,2.25,1.05
2013.05.02 09:30:49.374,1.55484,1.55508,1.50,1.05
2013.05.02 09:30:49.564,1.55492,1.55515,2.25,1.58
2013.05.02 09:30:49.624,1.55492,1.55517,2.25,1.28
2013.05.02 09:30:53.145,1.55492,1.55519,1.50,1.05
2013.05.02 09:30:53.744,1.55486,1.55517,2.25,1.28
2013.05.02 09:30:55.825,1.5549,1.55517,2.25,1.47
2013.05.02 09:30:56.185,1.55479,1.55512,1.50,1.50
2013.05.02 09:30:56.245,1.55479,1.55512,1.43,1.50
2013.05.02 09:30:56.303,1.55477,1.55509,2.48,1.28
2013.05.02 09:30:57.154,1.55475,1.55508,1.50,1.69
2013.05.02 09:30:57.395,1.55492,1.55509,2.25,1.47
2013.05.02 09:30:57.694,1.55484,1.55515,2.25,1.84
2013.05.02 09:30:57.754,1.55484,1.55515,2.25,1.84
2013.05.02 09:30:59.534,1.55485,1.55516,1.50,1.24
2013.05.02 09:31:02.245,1.55485,1.55516,1.50,1.24
2013.05.02 09:31:03.925,1.55484,1.55512,2.25,1.32
2013.05.02 09:31:03.985,1.55477,1.55492,1.13,1.50
2013.05.02 09:31:04.044,1.55471,1.55492,1.58,1.69
2013.05.02 09:31:04.105,1.55466,1.55492,1.28,1.69
2013.05.02 09:31:04.405,1.55461,1.55492,1.13,2.44
2013.05.02 09:31:05.104,1.5546,1.55494,1.28,2.44
2013.05.02 09:31:05.306,1.55461,1.55495,2.25,1.47
2013.05.02 09:31:05.445,1.55464,1.55495,1.50,1.47
2013.05.02 09:31:05.997,1.55466,1.55495,1.50,1.47
2013.05.02 09:31:06.354,1.5546,1.55494,1.28,1.69
2013.05.02 09:31:11.156,1.55458,1.55489,2.25,1.47
2013.05.02 09:31:11.225,1.55456,1.55489,3.08,1.47
2013.05.02 09:31:12.474,1.55453,1.55484,1.28,1.50
2013.05.02 09:31:16.893,1.55453,1.55484,2.25,1.80
2013.05.02 09:31:19.034,1.55456,1.55484,3.00,1.80
2013.05.02 09:31:19.154,1.55459,1.55484,2.25,1.80
2013.05.02 09:31:19.742,1.55456,1.55489,1.58,1.50
2013.05.02 09:31:22.275,1.55456,1.55489,1.58,1.69
2013.05.02 09:31:28.974,1.55456,1.5549,1.58,1.28
2013.05.02 09:31:29.655,1.55456,1.5549,1.50,1.47
2013.05.02 09:31:30.275,1.55456,1.55484,1.50,1.28
2013.05.02 09:31:30.915,1.55452,1.55483,1.58,2.78
2013.05.02 09:31:30.976,1.55448,1.55483,1.20,3.53
2013.05.02 09:31:31.422,1.55447,1.55483,2.25,3.72
2013.05.02 09:31:31.489,1.55447,1.55483,1.50,3.72
2013.05.02 09:31:32.033,1.55447,1.55483,1.50,2.97
2013.05.02 09:31:32.584,1.55447,1.55483,1.50,3.72
2013.05.02 09:31:34.114,1.55447,1.55482,1.50,1.50
2013.05.02 09:31:34.419,1.55447,1.55477,1.50,1.05
2013.05.02 09:31:37.394,1.55446,1.55474,2.25,1.28
2013.05.02 09:31:39.264,1.55446,1.55473,2.25,1.50
2013.05.02 09:31:39.625,1.5544,1.55466,2.63,1.28
2013.05.02 09:31:39.804,1.5544,1.55469,2.63,1.05
2013.05.02 09:31:39.864,1.5544,1.55466,2.63,1.28
2013.05.02 09:31:40.116,1.5544,1.55469,2.63,1.05
2013.05.02 09:31:41.544,1.55442,1.55469,1.50,1.05
2013.05.02 09:31:42.483,1.5544,1.55466,2.25,1.28
2013.05.02 09:31:43.745,1.55442,1.55469,1.50,1.05
2013.05.02 09:31:44.186,1.5544,1.55466,2.25,1.28
2013.05.02 09:31:45.484,1.55431,1.55466,2.70,1.28
2013.05.02 09:31:45.605,1.55431,1.55466,2.63,1.28
2013.05.02 09:31:46.275,1.55432,1.55467,1.50,1.28
2013.05.02 09:31:48.203,1.55434,1.55466,2.25,1.28
2013.05.02 09:31:48.434,1.55431,1.55466,2.25,1.28
2013.05.02 09:31:48.674,1.55434,1.55466,2.25,1.28
2013.05.02 09:31:48.989,1.55435,1.55469,1.50,1.05
2013.05.02 09:31:49.305,1.55432,1.55466,2.25,2.03
2013.05.02 09:31:49.545,1.5543,1.55464,1.28,3.00
2013.05.02 09:31:49.665,1.55432,1.55466,2.25,2.03
2013.05.02 09:31:49.966,1.55435,1.55461,1.50,1.05
2013.05.02 09:31:50.147,1.55429,1.55464,2.03,1.50
2013.05.02 09:31:50.515,1.55429,1.55461,1.28,2.25
2013.05.02 09:31:50.816,1.55423,1.55459,2.03,2.25
2013.05.02 09:31:50.876,1.55429,1.55461,1.50,1.05
2013.05.02 09:31:51.235,1.55429,1.55459,1.50,1.58
2013.05.02 09:31:51.535,1.55422,1.55454,1.50,1.05
2013.05.02 09:31:51.864,1.5542,1.55453,2.25,1.28
2013.05.02 09:31:52.046,1.55416,1.55446,1.50,1.05
2013.05.02 09:31:52.405,1.55417,1.55446,1.50,1.05
2013.05.02 09:31:52.705,1.55411,1.55446,1.50,1.80
2013.05.02 09:31:53.064,1.55409,1.55443,2.03,2.25
2013.05.02 09:31:53.607,1.55412,1.55445,1.50,1.28
2013.05.02 09:31:53.726,1.55417,1.55446,3.00,1.05
2013.05.02 09:31:54.145,1.5541,1.55444,2.25,1.28
2013.05.02 09:31:54.266,1.55407,1.55441,1.80,2.25
2013.05.02 09:31:54.625,1.55405,1.55439,2.25,1.05
2013.05.02 09:31:54.748,1.55408,1.55439,2.25,1.05
2013.05.02 09:31:55.184,1.55405,1.55439,2.25,1.05
2013.05.02 09:31:55.485,1.55407,1.55439,2.25,1.05
2013.05.02 09:31:55.967,1.55406,1.55439,2.25,1.80
2013.05.02 09:31:56.764,1.55408,1.55439,2.25,1.05
2013.05.02 09:31:56.886,1.55405,1.55439,2.25,1.05
2013.05.02 09:31:57.124,1.55407,1.55439,2.25,1.05
2013.05.02 09:31:57.244,1.55406,1.55439,2.25,1.80
2013.05.02 09:31:57.784,1.55405,1.55438,2.25,1.28
2013.05.02 09:31:58.336,1.55402,1.55437,1.50,1.50
2013.05.02 09:31:58.397,1.55402,1.55438,2.25,1.28
2013.05.02 09:31:59.458,1.55402,1.55437,1.50,1.50
2013.05.02 09:31:59.536,1.55405,1.55438,2.25,1.28
2013.05.02 09:31:59.814,1.55406,1.55439,1.50,1.80
2013.05.02 09:32:00.235,1.5541,1.55439,2.25,1.05
2013.05.02 09:32:00.356,1.5541,1.55443,2.25,1.50
2013.05.02 09:32:00.417,1.55407,1.55441,1.35,2.25
2013.05.02 09:32:00.534,1.55408,1.55443,2.25,3.75
2013.05.02 09:32:00.835,1.55403,1.55432,1.13,2.25
2013.05.02 09:32:01.305,1.55403,1.55435,1.13,2.25
2013.05.02 09:32:01.544,1.55403,1.55432,1.13,2.25
2013.05.02 09:32:02.625,1.55401,1.55434,1.28,2.25
2013.05.02 09:32:02.834,1.55401,1.55432,1.28,2.25
2013.05.02 09:32:03.875,1.55398,1.55432,1.88,2.25
2013.05.02 09:32:03.936,1.55399,1.55434,1.28,1.50
2013.05.02 09:32:04.174,1.55398,1.55431,1.88,2.25
2013.05.02 09:32:05.464,1.55398,1.55429,1.05,1.50
2013.05.02 09:32:05.524,1.55394,1.55429,1.50,1.50
2013.05.02 09:32:05.644,1.55393,1.55429,1.28,2.25
2013.05.02 09:32:05.823,1.55396,1.55431,1.50,1.28
2013.05.02 09:32:06.262,1.55395,1.55428,1.50,1.50
2013.05.02 09:32:07.225,1.55398,1.55433,2.25,1.88
2013.05.02 09:32:07.345,1.55402,1.55433,2.25,1.28
2013.05.02 09:32:07.404,1.55402,1.55436,2.25,2.03
2013.05.02 09:32:07.465,1.55399,1.55434,1.88,1.50
2013.05.02 09:32:07.824,1.55399,1.55431,1.13,2.25
2013.05.02 09:32:08.254,1.554,1.55433,1.28,1.50
2013.05.02 09:32:08.374,1.55399,1.55431,1.05,2.25
2013.05.02 09:32:08.544,1.55399,1.55434,1.80,1.50
2013.05.02 09:32:09.238,1.55399,1.55432,1.05,2.25
2013.05.02 09:32:09.426,1.554,1.55433,1.28,1.50
2013.05.02 09:32:09.764,1.55399,1.55431,1.05,2.25
2013.05.02 09:32:10.125,1.554,1.55433,1.28,1.50
2013.05.02 09:32:13.975,1.55401,1.55436,2.85,1.28
2013.05.02 09:32:14.666,1.55399,1.55433,2.78,2.03
2013.05.02 09:32:14.725,1.55396,1.55431,2.10,1.28
2013.05.02 09:32:14.844,1.55399,1.55432,2.25,1.05
2013.05.02 09:32:15.094,1.55396,1.55431,2.18,1.28
2013.05.02 09:32:15.604,1.55399,1.55432,2.25,1.05
2013.05.02 09:32:15.725,1.55397,1.55431,1.50,2.78
2013.05.02 09:32:15.908,1.55399,1.55432,2.25,1.05
2013.05.02 09:32:16.275,1.55397,1.55431,1.50,2.78
2013.05.02 09:32:16.965,1.55395,1.55428,1.88,1.50
2013.05.02 09:32:17.026,1.55395,1.55428,1.88,1.50
2013.05.02 09:32:17.265,1.55396,1.5543,2.25,1.50
2013.05.02 09:32:17.744,1.55396,1.55431,3.00,2.78
2013.05.02 09:32:17.924,1.55399,1.55432,2.25,1.05
2013.05.02 09:32:17.987,1.554,1.55434,1.28,3.00
2013.05.02 09:32:18.056,1.55399,1.55431,1.05,2.25
2013.05.02 09:32:18.256,1.55399,1.55434,1.80,1.50
2013.05.02 09:32:19.355,1.55401,1.55436,2.78,1.28
2013.05.02 09:32:19.594,1.55399,1.55431,1.05,2.25
2013.05.02 09:32:19.924,1.55399,1.55434,1.80,1.50
2013.05.02 09:32:22.564,1.554,1.55434,1.28,3.00
2013.05.02 09:32:24.536,1.55399,1.55432,1.05,2.25
2013.05.02 09:32:24.844,1.554,1.55434,1.28,3.00
2013.05.02 09:32:25.455,1.55399,1.55431,1.05,2.25
2013.05.02 09:32:28.066,1.55399,1.55434,1.80,1.50
2013.05.02 09:32:29.474,1.55402,1.55436,2.25,2.03
2013.05.02 09:32:29.804,1.554,1.55434,1.28,3.00
2013.05.02 09:32:38.741,1.55402,1.55436,2.25,2.03
2013.05.02 09:32:45.428,1.55403,1.55436,1.50,1.28
2013.05.02 09:32:48.348,1.55403,1.55436,1.58,1.28
2013.05.02 09:32:48.924,1.55403,1.55436,1.58,1.28
2013.05.02 09:32:49.676,1.55403,1.55436,1.58,1.28
2013.05.02 09:32:49.751,1.55407,1.55437,1.80,2.25
2013.05.02 09:32:50.307,1.55407,1.5544,1.80,2.25
2013.05.02 09:32:50.555,1.55407,1.55437,1.80,2.25
2013.05.02 09:32:52.895,1.55407,1.55436,1.05,1.50
2013.05.02 09:32:53.584,1.55403,1.55436,2.03,1.50
2013.05.02 09:32:53.766,1.55403,1.55436,1.28,1.50
2013.05.02 09:32:59.394,1.55403,1.55437,2.10,2.25
2013.05.02 09:32:59.936,1.55403,1.55436,1.28,1.50
2013.05.02 09:33:03.135,1.55403,1.55436,2.03,1.50
2013.05.02 09:33:16.004,1.55406,1.55437,1.28,2.25
2013.05.02 09:33:20.315,1.55416,1.55437,1.35,2.25
2013.05.02 09:33:20.615,1.55433,1.55451,1.50,1.13
2013.05.02 09:33:20.674,1.55433,1.55454,1.50,1.13
2013.05.02 09:33:20.794,1.55423,1.55457,2.33,1.28
2013.05.02 09:33:21.216,1.55419,1.55449,1.50,1.50
2013.05.02 09:33:21.274,1.55419,1.55449,1.43,1.50
2013.05.02 09:33:24.255,1.55419,1.55457,1.13,1.65
2013.05.02 09:33:39.781,1.55415,1.55454,1.20,1.28
2013.05.02 09:33:39.845,1.55413,1.55452,1.43,1.05
2013.05.02 09:33:40.206,1.55421,1.55452,2.25,1.05
2013.05.02 09:33:40.715,1.55418,1.55452,2.25,1.80
2013.05.02 09:33:41.824,1.5542,1.55452,2.25,1.05
2013.05.02 09:33:41.944,1.55418,1.55452,2.25,1.80
2013.05.02 09:33:42.126,1.55419,1.55452,1.35,1.28
2013.05.02 09:33:42.186,1.55421,1.55456,1.28,1.50
2013.05.02 09:33:42.764,1.5542,1.55454,2.25,1.28
2013.05.02 09:33:47.585,1.55418,1.55451,2.25,1.05
2013.05.02 09:33:47.885,1.5542,1.55451,2.25,1.05
2013.05.02 09:33:53.775,1.55421,1.55451,1.50,1.05
2013.05.02 09:33:53.898,1.55424,1.55457,1.50,1.05
2013.05.02 09:33:57.795,1.55427,1.55457,3.00,1.05
2013.05.02 09:33:57.915,1.55429,1.55457,2.25,1.05
2013.05.02 09:34:03.724,1.55427,1.55457,1.50,1.05
2013.05.02 09:34:04.385,1.5543,1.55457,2.33,1.05
2013.05.02 09:34:11.905,1.55427,1.55456,2.33,1.28
2013.05.02 09:34:12.025,1.55414,1.55453,1.65,2.03
2013.05.02 09:34:12.699,1.55414,1.55451,1.13,1.05
2013.05.02 09:34:13.346,1.55417,1.55456,1.28,1.05
2013.05.02 09:34:13.404,1.55418,1.55457,1.05,1.05
2013.05.02 09:34:22.455,1.55419,1.55457,1.28,1.05
2013.05.02 09:34:23.404,1.55418,1.55456,1.05,1.28
2013.05.02 09:34:23.524,1.55418,1.55443,1.05,2.25
2013.05.02 09:34:33.268,1.55417,1.55443,1.80,2.25
2013.05.02 09:34:33.876,1.55417,1.55443,1.28,2.25
2013.05.02 09:35:11.506,1.55414,1.55441,1.05,2.25
2013.05.02 09:35:11.625,1.55411,1.55441,1.47,2.25
2013.05.02 09:35:11.686,1.55409,1.55441,1.47,2.25
2013.05.02 09:35:11.820,1.55407,1.55441,1.28,2.25
2013.05.02 09:35:12.305,1.55407,1.55438,1.28,2.25
2013.05.02 09:35:12.668,1.55407,1.55435,1.28,2.25
2013.05.02 09:35:16.546,1.55407,1.55437,1.28,2.25
2013.05.02 09:35:16.666,1.55407,1.55441,1.28,2.25
2013.05.02 09:35:17.242,1.55407,1.5544,1.28,2.25
2013.05.02 09:35:18.985,1.55409,1.55443,1.28,3.00
2013.05.02 09:35:19.785,1.5541,1.55445,2.25,1.28
2013.05.02 09:35:20.433,1.55416,1.55447,1.28,2.25
2013.05.02 09:35:20.746,1.55416,1.55443,1.28,2.25
2013.05.02 09:35:34.386,1.55416,1.55449,2.78,1.50
2013.05.02 09:35:34.625,1.55417,1.55452,1.50,1.28
2013.05.02 09:35:34.747,1.55424,1.55453,1.28,2.25
2013.05.02 09:35:34.817,1.55424,1.55456,1.28,1.50
2013.05.02 09:35:36.156,1.55424,1.55458,2.03,2.25
2013.05.02 09:35:37.587,1.55421,1.55452,1.05,2.25
2013.05.02 09:35:37.647,1.55417,1.55452,3.00,2.25
2013.05.02 09:35:37.886,1.55416,1.55449,2.48,1.50
2013.05.02 09:35:38.665,1.55416,1.55453,1.73,1.28
2013.05.02 09:35:44.625,1.5542,1.55453,2.25,1.28
2013.05.02 09:35:44.745,1.55417,1.55452,3.00,2.25
2013.05.02 09:35:45.116,1.55418,1.55452,1.50,2.25
2013.05.02 09:35:48.975,1.55417,1.55452,2.25,2.25
2013.05.02 09:35:49.160,1.55416,1.5545,1.35,1.50
2013.05.02 09:35:57.546,1.55416,1.55453,1.28,1.28
2013.05.02 09:35:57.789,1.55407,1.55443,3.45,1.50
2013.05.02 09:35:57.856,1.55407,1.5544,1.13,2.25
2013.05.02 09:35:58.215,1.55407,1.55438,1.13,2.25
2013.05.02 09:35:59.497,1.55408,1.55443,2.25,3.00
2013.05.02 09:35:59.625,1.55406,1.55437,1.28,2.25
2013.05.02 09:36:04.816,1.55406,1.55441,1.28,2.25
2013.05.02 09:36:06.648,1.55406,1.55438,1.28,2.25
2013.05.02 09:36:16.206,1.55406,1.55435,1.28,2.25
2013.05.02 09:36:34.676,1.55404,1.55435,1.28,2.25
2013.05.02 09:36:34.934,1.5541,1.55442,1.50,1.65
2013.05.02 09:36:36.132,1.55411,1.55444,1.28,2.25
2013.05.02 09:36:37.347,1.55411,1.55442,1.28,2.25
2013.05.02 09:36:38.530,1.5541,1.55442,1.80,2.25
2013.05.02 09:36:40.204,1.55411,1.55442,1.28,2.25
2013.05.02 09:36:48.016,1.55415,1.55445,1.43,2.25
2013.05.02 09:36:48.138,1.55416,1.5545,3.08,1.05
2013.05.02 09:36:48.208,1.55418,1.55453,1.05,2.25
2013.05.02 09:36:48.279,1.55419,1.55453,1.28,2.25
2013.05.02 09:36:48.706,1.55421,1.55456,1.58,1.65
2013.05.02 09:36:49.506,1.55419,1.55452,1.28,2.25
2013.05.02 09:36:49.976,1.55419,1.55452,1.65,2.25
2013.05.02 09:36:50.036,1.55431,1.55457,1.35,1.05
2013.05.02 09:36:50.097,1.55437,1.55459,2.10,2.25
2013.05.02 09:36:50.605,1.5544,1.55469,1.43,2.63
2013.05.02 09:36:50.678,1.55445,1.5548,1.47,2.25
2013.05.02 09:36:51.665,1.55446,1.55483,1.50,1.80
2013.05.02 09:36:51.906,1.55454,1.5549,2.25,2.18
2013.05.02 09:36:52.086,1.55452,1.55487,1.50,2.25
2013.05.02 09:36:52.205,1.55452,1.5549,1.50,2.18
2013.05.02 09:36:52.846,1.55454,1.5549,1.20,1.05
2013.05.02 09:36:55.931,1.55453,1.55489,1.58,2.78
2013.05.02 09:36:56.905,1.55457,1.55489,1.28,2.25
2013.05.02 09:36:57.496,1.55457,1.55488,1.28,2.25
2013.05.02 09:36:58.695,1.55458,1.55488,1.28,2.25
2013.05.02 09:36:58.815,1.55458,1.55492,1.28,2.25
2013.05.02 09:36:59.265,1.55457,1.55492,1.28,2.25
2013.05.02 09:37:00.189,1.55457,1.5549,1.50,1.28
2013.05.02 09:37:00.494,1.55452,1.55483,1.28,2.25
2013.05.02 09:37:01.197,1.55449,1.55483,1.43,3.00
2013.05.02 09:37:01.798,1.55449,1.55477,1.05,2.25
2013.05.02 09:37:02.045,1.55445,1.55477,2.03,2.25
2013.05.02 09:37:02.227,1.5545,1.55483,2.25,1.80
2013.05.02 09:37:02.465,1.55447,1.55482,3.00,2.78
2013.05.02 09:37:03.326,1.55449,1.55483,2.33,1.80
2013.05.02 09:37:03.575,1.5545,1.55483,1.58,1.05
2013.05.02 09:37:03.995,1.55445,1.5548,1.28,2.25
2013.05.02 09:37:04.116,1.55445,1.55477,1.28,1.50
2013.05.02 09:37:06.186,1.55445,1.5548,1.28,2.25
2013.05.02 09:37:19.045,1.55445,1.55476,1.28,1.50
2013.05.02 09:37:35.565,1.55443,1.55473,1.28,2.33
2013.05.02 09:37:35.625,1.55441,1.55473,1.05,3.08
2013.05.02 09:37:35.689,1.55441,1.5547,1.05,2.25
2013.05.02 09:37:35.937,1.55437,1.55468,1.50,2.25
2013.05.02 09:37:42.606,1.55436,1.5547,2.03,2.33
2013.05.02 09:37:43.689,1.55438,1.55473,2.25,3.00
2013.05.02 09:37:43.875,1.55439,1.55473,1.50,2.25
2013.05.02 09:37:43.935,1.55443,1.55475,1.50,1.05
2013.05.02 09:37:44.054,1.55443,1.55476,2.03,1.58
2013.05.02 09:37:44.355,1.55445,1.55478,1.50,1.13
2013.05.02 09:37:47.255,1.55445,1.55479,1.58,2.25
2013.05.02 09:37:47.615,1.55446,1.55479,1.50,2.25
2013.05.02 09:37:50.669,1.55444,1.55478,2.63,1.50
2013.05.02 09:37:51.016,1.55443,1.5547,1.28,2.25
2013.05.02 09:37:52.297,1.55443,1.55477,1.35,2.25
2013.05.02 09:37:52.861,1.55447,1.55477,1.05,2.25
2013.05.02 09:37:52.925,1.55449,1.55482,1.47,2.25
2013.05.02 09:37:53.496,1.5545,1.55482,1.69,2.25
2013.05.02 09:37:54.467,1.5545,1.55486,2.82,2.25
2013.05.02 09:37:56.086,1.55456,1.55486,1.28,2.25
2013.05.02 09:37:57.686,1.55456,1.55482,1.28,2.25
2013.05.02 09:38:01.407,1.55456,1.55485,1.28,2.25
2013.05.02 09:38:02.949,1.55452,1.55483,1.50,2.25
2013.05.02 09:38:15.745,1.55449,1.55483,1.28,3.00
2013.05.02 09:38:17.716,1.55451,1.55483,1.28,2.25
2013.05.02 09:38:22.006,1.55449,1.5548,1.28,2.25
2013.05.02 09:38:22.986,1.5545,1.5548,1.05,2.25
2013.05.02 09:38:23.595,1.5545,1.55482,1.05,2.25
2013.05.02 09:38:23.960,1.5545,1.55484,1.80,1.50
2013.05.02 09:38:24.087,1.5545,1.55482,1.05,2.25
2013.05.02 09:38:25.387,1.55452,1.55482,1.28,2.25
2013.05.02 09:38:27.504,1.5545,1.55482,1.05,2.25
2013.05.02 09:38:27.685,1.55452,1.55482,1.28,2.25
2013.05.02 09:38:37.995,1.5545,1.55481,1.05,1.50
2013.05.02 09:38:43.148,1.5545,1.55481,1.05,1.50
2013.05.02 09:38:58.925,1.55445,1.55478,2.10,1.50
2013.05.02 09:38:58.986,1.55445,1.55478,1.28,1.50
2013.05.02 09:38:59.045,1.55443,1.5547,1.05,2.25
2013.05.02 09:38:59.404,1.55443,1.55469,1.05,1.50
2013.05.02 09:39:04.059,1.55443,1.55473,1.05,3.00
2013.05.02 09:39:04.365,1.55449,1.55476,1.28,1.50
2013.05.02 09:39:19.956,1.5545,1.55484,2.93,1.50
2013.05.02 09:39:24.441,1.55452,1.55484,1.28,1.50
2013.05.02 09:39:25.139,1.55453,1.55484,1.28,1.50
2013.05.02 09:39:25.908,1.55455,1.55484,1.05,1.50
2013.05.02 09:39:28.156,1.55457,1.55488,1.28,2.25
2013.05.02 09:39:28.275,1.55461,1.55493,2.25,1.28
2013.05.02 09:39:28.335,1.55459,1.55492,1.50,1.28
2013.05.02 09:39:28.396,1.55463,1.55493,1.05,1.50
2013.05.02 09:39:30.986,1.55463,1.55492,1.05,1.50
2013.05.02 09:39:32.475,1.55459,1.55492,1.50,1.50
2013.05.02 09:39:33.997,1.55461,1.55496,2.25,1.28
2013.05.02 09:39:34.056,1.55461,1.55496,2.25,1.28
2013.05.02 09:39:34.116,1.55459,1.55494,1.50,3.00
2013.05.02 09:39:34.578,1.55459,1.55492,1.50,1.50
2013.05.02 09:39:35.725,1.55459,1.55494,1.50,3.00
2013.05.02 09:39:40.131,1.55459,1.55492,1.50,1.50
2013.05.02 09:39:41.607,1.55459,1.55492,1.88,1.50
2013.05.02 09:39:41.994,1.55459,1.55493,1.88,1.50
2013.05.02 09:39:42.435,1.55459,1.55492,1.88,1.50
2013.05.02 09:39:44.816,1.55459,1.55492,1.50,1.50
2013.05.02 09:39:45.376,1.55457,1.55491,1.13,1.50
2013.05.02 09:39:47.276,1.55457,1.55491,1.13,1.50
2013.05.02 09:39:51.569,1.55457,1.55491,1.13,1.50
2013.05.02 09:39:52.435,1.55457,1.55491,1.65,1.50
2013.05.02 09:39:54.166,1.55459,1.55491,1.05,1.50
2013.05.02 09:40:01.355,1.55459,1.55493,1.50,1.50
2013.05.02 09:40:04.577,1.5546,1.55493,1.65,1.50
2013.05.02 09:40:04.661,1.5546,1.55494,1.65,1.50
2013.05.02 09:40:07.957,1.5546,1.55493,1.65,1.50
2013.05.02 09:40:11.545,1.5546,1.55493,1.65,1.50
2013.05.02 09:40:12.787,1.5546,1.55493,2.18,1.50
2013.05.02 09:40:14.521,1.55464,1.55493,1.05,1.50
2013.05.02 09:40:16.656,1.55464,1.55497,1.05,1.50
2013.05.02 09:40:18.235,1.55468,1.55496,1.28,1.50
2013.05.02 09:40:18.955,1.55468,1.55496,1.28,1.50
2013.05.02 09:40:19.036,1.55465,1.55496,1.28,1.50
2013.05.02 09:40:38.256,1.55466,1.55496,1.13,1.50
2013.05.02 09:40:38.375,1.55464,1.55493,2.18,1.50
2013.05.02 09:40:39.285,1.55465,1.55493,1.43,1.50
2013.05.02 09:40:49.465,1.55465,1.55494,1.05,3.00
2013.05.02 09:40:49.986,1.55465,1.55496,1.05,1.50
2013.05.02 09:40:51.592,1.55465,1.55496,1.43,1.50
2013.05.02 09:40:53.217,1.5547,1.55496,1.13,1.50
2013.05.02 09:40:53.758,1.55472,1.55496,1.05,1.50
2013.05.02 09:40:57.017,1.55472,1.55502,2.18,1.50
2013.05.02 09:40:58.135,1.55472,1.55502,1.05,1.50
2013.05.02 09:40:58.195,1.55473,1.55502,1.28,1.50
2013.05.02 09:40:58.436,1.55484,1.5551,1.05,1.50
2013.05.02 09:40:58.615,1.55477,1.5551,3.08,1.50
2013.05.02 09:40:58.676,1.55477,1.5551,2.03,1.50
2013.05.02 09:40:58.796,1.55475,1.55501,1.05,1.50
2013.05.02 09:40:58.855,1.55472,1.55501,1.80,1.50
2013.05.02 09:41:00.687,1.55472,1.55501,1.05,1.50
2013.05.02 09:41:00.865,1.55465,1.55497,1.05,1.50
2013.05.02 09:41:11.226,1.55465,1.55493,1.05,1.50
2013.05.02 09:41:12.874,1.55465,1.55493,1.05,1.50
2013.05.02 09:41:13.867,1.55465,1.55493,1.05,1.50
2013.05.02 09:41:20.995,1.55465,1.55496,1.05,1.50
2013.05.02 09:41:25.307,1.55465,1.55496,1.05,1.50
2013.05.02 09:41:26.397,1.55465,1.55494,1.05,3.00
2013.05.02 09:41:27.117,1.55465,1.55496,1.05,1.50
2013.05.02 09:41:41.516,1.55466,1.55496,1.05,1.50
2013.05.02 09:41:53.206,1.55466,1.55493,1.05,2.25
2013.05.02 09:41:56.968,1.55466,1.55492,1.05,1.50
2013.05.02 09:41:57.096,1.55458,1.5549,1.43,2.25
2013.05.02 09:42:00.995,1.55459,1.55493,1.28,2.25
2013.05.02 09:42:02.796,1.55459,1.55492,1.65,1.50
2013.05.02 09:42:03.846,1.55459,1.55493,1.65,2.25
2013.05.02 09:42:06.739,1.55459,1.55492,1.65,1.58
2013.05.02 09:42:06.926,1.5546,1.55494,1.28,3.00
2013.05.02 09:42:06.986,1.55466,1.55494,1.05,3.00
2013.05.02 09:42:08.066,1.55466,1.55497,1.05,1.50
2013.05.02 09:42:26.305,1.55468,1.55499,1.28,1.50
2013.05.02 09:42:26.610,1.55472,1.55499,1.05,1.50
2013.05.02 09:42:30.179,1.55472,1.55505,1.05,1.50
2013.05.02 09:42:33.807,1.55478,1.55511,2.25,1.28
2013.05.02 09:42:33.929,1.55475,1.55507,1.28,1.50
2013.05.02 09:42:46.385,1.55472,1.55505,1.05,1.50
2013.05.02 09:42:47.196,1.55472,1.55497,1.05,1.50
2013.05.02 09:42:58.096,1.55472,1.55493,1.05,3.00
2013.05.02 09:42:58.156,1.55463,1.55493,1.05,3.00
2013.05.02 09:43:00.505,1.55463,1.55496,1.80,1.50
2013.05.02 09:43:08.011,1.55463,1.55496,1.28,1.50
2013.05.02 09:43:08.091,1.55456,1.55491,2.18,2.25
2013.05.02 09:43:09.182,1.55456,1.55486,1.05,1.50
2013.05.02 09:43:12.356,1.55458,1.55493,2.03,1.50
2013.05.02 09:43:12.536,1.55458,1.55493,2.03,1.50
2013.05.02 09:43:13.223,1.55458,1.55493,2.03,1.50
2013.05.02 09:43:21.475,1.55463,1.55493,1.05,1.50
2013.05.02 09:43:31.887,1.55456,1.55487,1.43,1.50
2013.05.02 09:43:56.966,1.55455,1.55482,1.05,2.25
2013.05.02 09:43:57.640,1.55455,1.55481,1.05,1.50
2013.05.02 09:44:01.187,1.55449,1.55475,1.05,1.50
2013.05.02 09:44:01.315,1.55443,1.55475,1.65,1.50
2013.05.02 09:44:01.477,1.55443,1.55475,1.28,1.50
2013.05.02 09:44:01.566,1.55443,1.55475,1.28,1.50
2013.05.02 09:44:02.167,1.55442,1.55475,1.05,1.50
2013.05.02 09:44:02.784,1.55444,1.55475,1.13,1.50
2013.05.02 09:44:02.853,1.55445,1.55475,1.43,1.50
2013.05.02 09:44:14.695,1.55449,1.55472,1.05,1.50
2013.05.02 09:44:14.817,1.55445,1.55472,1.09,1.50
2013.05.02 09:44:15.326,1.55443,1.55472,1.05,1.50
2013.05.02 09:44:31.264,1.55443,1.55473,1.05,2.33
2013.05.02 09:44:31.387,1.55443,1.55474,1.05,1.50
2013.05.02 09:44:31.569,1.55445,1.55474,1.28,1.50
2013.05.02 09:44:31.876,1.55451,1.55484,1.05,1.88
2013.05.02 09:44:32.057,1.55451,1.55484,1.05,1.95
2013.05.02 09:44:48.878,1.55451,1.5548,1.05,1.50
2013.05.02 09:44:52.265,1.55452,1.5548,1.05,1.50
2013.05.02 09:44:56.816,1.55452,1.55482,1.05,2.25
2013.05.02 09:44:56.935,1.55452,1.55484,1.05,1.50
2013.05.02 09:44:59.276,1.55452,1.55484,1.05,1.50
2013.05.02 09:45:00.276,1.55452,1.55484,1.05,1.50
2013.05.02 09:45:01.465,1.55452,1.55484,1.05,1.50
2013.05.02 09:45:04.424,1.55452,1.55484,1.05,1.50
2013.05.02 09:45:09.476,1.55457,1.5549,1.50,2.85
2013.05.02 09:45:10.267,1.55459,1.5549,1.05,2.33
2013.05.02 09:45:26.888,1.55451,1.55486,2.25,1.28
2013.05.02 09:45:31.616,1.55452,1.55486,2.03,1.28
2013.05.02 09:45:31.976,1.55454,1.55487,1.05,1.50
2013.05.02 09:45:43.167,1.55456,1.55491,2.03,1.50
2013.05.02 09:45:43.227,1.55462,1.55494,2.25,1.28
2013.05.02 09:45:43.777,1.55463,1.55496,1.28,2.48
2013.05.02 09:46:03.936,1.55463,1.55496,1.28,2.10
2013.05.02 09:46:10.138,1.55467,1.55496,1.50,1.35
2013.05.02 09:46:10.857,1.55464,1.55497,1.05,1.50
2013.05.02 09:46:15.637,1.55464,1.55497,1.05,1.50
2013.05.02 09:46:16.707,1.55458,1.5549,1.35,2.33
2013.05.02 09:46:16.777,1.55456,1.55486,1.05,1.50
2013.05.02 09:46:34.567,1.55458,1.55494,1.28,3.00
2013.05.02 09:46:34.686,1.55458,1.55494,2.03,3.00
2013.05.02 09:46:35.760,1.55463,1.55494,1.05,3.00
2013.05.02 09:46:42.156,1.55463,1.55497,1.13,1.50
2013.05.02 09:46:55.042,1.55465,1.55497,1.28,1.50
2013.05.02 09:46:55.495,1.55467,1.55497,1.05,1.50
2013.05.02 09:46:55.796,1.55468,1.55501,2.10,1.50
2013.05.02 09:46:55.856,1.5547,1.55505,1.43,1.50
2013.05.02 09:46:56.396,1.55469,1.55503,1.20,1.50
2013.05.02 09:46:56.456,1.55476,1.55502,1.05,1.50
2013.05.02 09:46:56.756,1.55468,1.55498,1.05,1.50
2013.05.02 09:47:05.388,1.55468,1.55498,1.05,2.25
2013.05.02 09:47:16.546,1.55467,1.55498,1.28,2.25
2013.05.02 09:47:31.706,1.5547,1.55504,2.25,1.50
2013.05.02 09:47:35.057,1.55471,1.55504,1.50,1.50
2013.05.02 09:47:36.195,1.55468,1.55503,2.25,2.25
2013.05.02 09:47:36.836,1.55468,1.55501,2.03,1.50
2013.05.02 09:47:37.557,1.55469,1.55503,1.28,3.00
2013.05.02 09:47:49.877,1.55468,1.55501,2.03,1.50
2013.05.02 09:47:52.238,1.55469,1.55503,1.28,3.00
2013.05.02 09:47:53.966,1.55468,1.55503,2.03,3.00
2013.05.02 09:47:56.836,1.55469,1.55503,1.05,3.00
2013.05.02 09:48:05.618,1.55468,1.55501,1.50,1.28
2013.05.02 09:48:05.677,1.55468,1.555,1.50,1.28
2013.05.02 09:48:05.737,1.55463,1.55496,1.28,1.50
2013.05.02 09:48:06.276,1.55462,1.55491,1.05,2.25
2013.05.02 09:48:06.397,1.55457,1.55491,1.13,2.25
2013.05.02 09:48:07.709,1.55456,1.55491,3.53,2.25
2013.05.02 09:48:08.499,1.55459,1.55494,2.25,3.53
2013.05.02 09:48:11.457,1.55459,1.5549,2.25,1.58
2013.05.02 09:48:11.576,1.55455,1.55485,1.05,1.50
2013.05.02 09:48:11.699,1.5545,1.55485,1.28,1.50
2013.05.02 09:48:12.130,1.55449,1.55483,1.80,2.33
2013.05.02 09:48:12.777,1.55451,1.55484,1.28,1.58
2013.05.02 09:48:19.571,1.55451,1.55484,2.03,1.58
2013.05.02 09:48:20.290,1.55451,1.55484,1.28,1.58
2013.05.02 09:48:20.767,1.55447,1.55476,1.28,1.50
2013.05.02 09:48:20.887,1.55442,1.55476,1.28,2.25
2013.05.02 09:48:21.008,1.55445,1.55478,1.50,1.28
2013.05.02 09:48:21.557,1.5545,1.55481,2.25,1.05
2013.05.02 09:48:21.631,1.5545,1.55483,2.25,2.03
2013.05.02 09:48:21.756,1.5545,1.55483,2.25,1.50
2013.05.02 09:48:21.816,1.55447,1.55479,1.28,2.25
2013.05.02 09:48:22.212,1.55449,1.55483,1.28,3.75
2013.05.02 09:48:24.556,1.55447,1.5548,1.28,2.25
2013.05.02 09:48:25.961,1.55446,1.55479,1.80,1.50
2013.05.02 09:48:26.520,1.55448,1.55483,1.28,1.58
2013.05.02 09:48:26.766,1.55447,1.55473,1.28,2.25
2013.05.02 09:48:27.426,1.55447,1.55476,1.28,2.25
2013.05.02 09:48:29.587,1.55446,1.55474,1.05,1.50
2013.05.02 09:48:29.649,1.55442,1.55468,1.58,2.25
2013.05.02 09:48:29.717,1.55439,1.55468,1.05,2.25
2013.05.02 09:48:29.777,1.55439,1.55464,1.05,2.25
2013.05.02 09:48:29.897,1.55437,1.55464,1.13,2.25
2013.05.02 09:48:30.196,1.55435,1.55462,1.28,2.25
2013.05.02 09:48:31.372,1.55435,1.5547,2.03,1.13
2013.05.02 09:48:32.196,1.55435,1.55471,2.03,3.15
2013.05.02 09:48:32.437,1.55435,1.55471,2.03,3.15
2013.05.02 09:48:32.687,1.55437,1.55471,1.43,3.15
2013.05.02 09:48:33.262,1.55435,1.55471,2.22,2.78
2013.05.02 09:48:33.385,1.55438,1.55472,2.25,1.28
2013.05.02 09:48:34.835,1.55439,1.55472,1.50,1.28
2013.05.02 09:48:35.195,1.55438,1.55472,2.93,1.28
2013.05.02 09:48:35.404,1.55439,1.55472,1.58,1.28
2013.05.02 09:48:35.915,1.55439,1.55472,1.58,1.28
2013.05.02 09:48:36.206,1.55438,1.55472,2.93,1.28
2013.05.02 09:48:36.266,1.55438,1.55472,2.85,1.28
2013.05.02 09:48:36.403,1.55439,1.55472,1.50,1.28
2013.05.02 09:48:36.950,1.55438,1.55472,2.93,1.28
2013.05.02 09:48:37.196,1.55439,1.55472,1.58,1.28
2013.05.02 09:48:37.607,1.55438,1.55472,2.93,1.28
2013.05.02 09:48:37.965,1.55439,1.55472,1.58,1.28
2013.05.02 09:48:38.157,1.55438,1.55472,2.93,1.28
2013.05.02 09:48:38.396,1.55439,1.55472,1.50,1.28
2013.05.02 09:48:38.925,1.55438,1.55472,2.93,1.28
2013.05.02 09:48:39.046,1.55439,1.55472,1.58,1.28
2013.05.02 09:48:39.285,1.55437,1.5547,1.43,2.25
2013.05.02 09:48:39.406,1.55436,1.5547,1.69,2.25
2013.05.02 09:48:40.065,1.55437,1.55473,3.00,2.55
2013.05.02 09:48:41.656,1.55439,1.55473,1.58,1.80
2013.05.02 09:48:41.731,1.55443,1.55476,1.50,2.25
2013.05.02 09:48:41.797,1.55442,1.55476,1.28,2.25
2013.05.02 09:48:41.857,1.55441,1.55472,1.05,1.58
2013.05.02 09:48:41.975,1.55437,1.55465,1.28,2.25
2013.05.02 09:48:42.276,1.55429,1.55458,1.28,2.25
2013.05.02 09:48:42.520,1.55427,1.55458,1.05,2.25
2013.05.02 09:48:42.716,1.55427,1.55456,1.05,2.25
2013.05.02 09:48:43.017,1.55429,1.55459,1.35,2.25
2013.05.02 09:48:45.497,1.55429,1.55462,1.28,2.25
2013.05.02 09:48:48.267,1.55427,1.55462,2.55,2.25
2013.05.02 09:48:48.327,1.55431,1.55467,2.25,2.03
2013.05.02 09:48:48.448,1.55429,1.55464,2.78,3.00
2013.05.02 09:48:48.567,1.55429,1.55462,1.28,2.25
2013.05.02 09:48:49.059,1.55427,1.55462,2.55,2.25
2013.05.02 09:48:49.127,1.55429,1.55465,2.03,2.25
2013.05.02 09:48:49.438,1.55429,1.55458,1.28,2.25
2013.05.02 09:48:52.737,1.55427,1.55458,1.80,2.25
2013.05.02 09:48:55.227,1.55429,1.55458,1.28,2.25
2013.05.02 09:48:55.286,1.55429,1.55462,1.28,2.63
2013.05.02 09:48:57.365,1.55429,1.55463,2.78,1.50
2013.05.02 09:48:57.857,1.55429,1.55464,2.78,3.00
2013.05.02 09:48:57.921,1.5543,1.55464,1.50,2.25
2013.05.02 09:48:58.227,1.55429,1.55463,1.28,2.25
2013.05.02 09:48:59.597,1.55427,1.55459,1.05,2.25
2013.05.02 09:48:59.716,1.55427,1.55456,1.05,2.25
2013.05.02 09:48:59.897,1.55424,1.55456,1.50,2.25
2013.05.02 09:49:00.137,1.55424,1.55458,2.25,2.25
2013.05.02 09:49:00.327,1.55427,1.5546,1.50,1.80
2013.05.02 09:49:00.686,1.55424,1.55458,2.25,2.25
2013.05.02 09:49:01.200,1.55424,1.55457,1.50,2.25
2013.05.02 09:49:02.536,1.55424,1.55458,1.50,2.25
2013.05.02 09:49:03.656,1.55427,1.5546,1.50,1.80
2013.05.02 09:49:04.186,1.55427,1.55462,2.03,2.25
2013.05.02 09:49:05.877,1.55428,1.55462,1.28,2.25
2013.05.02 09:49:06.937,1.55436,1.55466,1.50,1.28
2013.05.02 09:49:07.186,1.55435,1.55462,1.28,2.25
2013.05.02 09:49:07.312,1.55436,1.55467,1.50,1.13
2013.05.02 09:49:07.887,1.55435,1.55467,2.78,1.13
2013.05.02 09:49:08.362,1.55436,1.55469,1.50,1.13
2013.05.02 09:49:08.487,1.55435,1.55463,1.28,2.25
2013.05.02 09:49:09.189,1.55426,1.55463,2.78,3.00
2013.05.02 09:49:13.355,1.55426,1.55461,2.03,1.50
2013.05.02 09:49:13.785,1.55426,1.55454,1.50,2.10
2013.05.02 09:49:13.906,1.55426,1.55455,1.50,1.13
2013.05.02 09:49:14.846,1.55422,1.55455,3.53,1.13
2013.05.02 09:49:15.835,1.55427,1.55454,1.50,1.65
2013.05.02 09:49:20.227,1.55427,1.55453,1.50,1.05
2013.05.02 09:49:20.586,1.55407,1.55435,1.13,3.00
2013.05.02 09:49:20.706,1.55404,1.55428,1.05,1.50
2013.05.02 09:49:20.826,1.55395,1.55428,2.18,1.50
2013.05.02 09:49:21.197,1.55398,1.55433,2.03,1.13
2013.05.02 09:49:21.618,1.55396,1.55433,1.28,2.63
2013.05.02 09:49:21.682,1.55398,1.55434,2.78,2.40
2013.05.02 09:49:21.866,1.554,1.55434,1.28,2.40
2013.05.02 09:49:22.257,1.55402,1.55434,1.05,1.88
2013.05.02 09:49:23.726,1.55402,1.55434,1.05,1.50
2013.05.02 09:49:28.047,1.55402,1.55434,1.05,1.50
2013.05.02 09:49:29.257,1.55402,1.55434,1.05,1.50
2013.05.02 09:49:31.516,1.55402,1.55432,1.13,2.25
2013.05.02 09:49:31.578,1.55402,1.55433,1.13,1.50
2013.05.02 09:49:31.937,1.55405,1.55438,2.33,1.50
2013.05.02 09:49:33.436,1.55409,1.5544,1.05,2.25
2013.05.02 09:49:33.497,1.55409,1.55449,1.05,1.43
2013.05.02 09:49:34.375,1.55411,1.55449,1.28,1.43
2013.05.02 09:49:36.691,1.55411,1.55449,1.28,1.43
2013.05.02 09:49:39.896,1.55413,1.55453,1.28,2.18
2013.05.02 09:49:40.369,1.55416,1.55453,1.05,1.65
2013.05.02 09:49:41.771,1.55416,1.55453,1.05,1.65
2013.05.02 09:49:43.906,1.55407,1.55446,1.50,1.05
2013.05.02 09:49:43.966,1.55405,1.55446,1.20,1.05
2013.05.02 09:49:45.996,1.55407,1.55449,1.28,1.28
2013.05.02 09:49:46.056,1.55409,1.5545,1.05,1.28
2013.05.02 09:49:46.598,1.55409,1.55452,1.05,1.05
2013.05.02 09:49:52.706,1.55409,1.5545,1.05,1.28
2013.05.02 09:49:53.016,1.55414,1.55448,2.25,1.50
2013.05.02 09:49:53.337,1.55418,1.55448,1.05,1.50
2013.05.02 09:49:54.886,1.55412,1.55445,1.20,1.50
2013.05.02 09:49:59.906,1.55414,1.55448,2.25,1.50
2013.05.02 09:50:00.027,1.5541,1.55443,1.13,3.00
2013.05.02 09:50:01.968,1.5541,1.55442,1.13,1.50
2013.05.02 09:50:05.740,1.5541,1.55438,1.13,1.50
2013.05.02 09:50:06.246,1.5541,1.55444,1.13,3.00
2013.05.02 09:50:11.707,1.55411,1.55444,2.10,1.50
2013.05.02 09:50:12.449,1.5541,1.55444,1.13,3.00
2013.05.02 09:50:15.708,1.55408,1.55443,2.25,1.50
2013.05.02 09:50:16.825,1.55408,1.55444,2.25,3.00
2013.05.02 09:50:17.636,1.55408,1.55443,1.88,1.50
2013.05.02 09:50:19.497,1.5541,1.55445,2.10,1.50
2013.05.02 09:50:20.925,1.55408,1.55444,1.88,3.00
2013.05.02 09:50:22.396,1.55408,1.55443,1.88,1.50
2013.05.02 09:50:23.726,1.55408,1.55443,1.80,1.50
2013.05.02 09:50:33.916,1.55408,1.55443,1.80,1.50
2013.05.02 09:50:33.980,1.55417,1.55448,2.25,1.28
2013.05.02 09:50:38.516,1.55419,1.55447,2.25,1.28
2013.05.02 09:50:38.637,1.55417,1.55447,2.25,1.28
2013.05.02 09:50:39.176,1.5541,1.55443,1.43,1.50
2013.05.02 09:50:39.297,1.55408,1.55441,1.65,1.28
2013.05.02 09:50:39.417,1.55407,1.5544,3.38,1.05
2013.05.02 09:50:43.048,1.55407,1.55437,2.63,1.28
2013.05.02 09:50:56.797,1.55411,1.55437,1.50,1.28
2013.05.02 09:50:56.917,1.55407,1.55437,2.25,1.28
2013.05.02 09:50:59.896,1.55407,1.55439,2.25,1.05
2013.05.02 09:51:00.016,1.55411,1.55439,1.50,1.05
2013.05.02 09:51:00.076,1.55407,1.55439,2.25,1.05
2013.05.02 09:51:01.077,1.55407,1.55437,2.25,1.28
2013.05.02 09:51:01.407,1.55411,1.55437,1.50,1.28
2013.05.02 09:51:01.517,1.55411,1.55439,1.50,1.05
2013.05.02 09:51:02.675,1.55411,1.55437,1.50,1.28
2013.05.02 09:51:10.425,1.55408,1.55437,2.25,1.28
2013.05.02 09:51:10.728,1.5541,1.55439,1.50,1.05
2013.05.02 09:51:16.386,1.55401,1.55437,4.13,1.28
2013.05.02 09:51:16.446,1.554,1.55426,1.65,1.50
2013.05.02 09:51:16.567,1.55394,1.55426,1.65,1.50
2013.05.02 09:51:16.686,1.55391,1.5542,1.05,1.50
2013.05.02 09:51:17.226,1.55382,1.55414,1.13,1.28
2013.05.02 09:51:17.787,1.55383,1.55414,2.25,1.28
2013.05.02 09:51:23.876,1.55388,1.55414,2.25,1.28
2013.05.02 09:51:24.236,1.55388,1.55418,2.33,1.13
2013.05.02 09:51:24.743,1.55388,1.55418,2.33,1.13
2013.05.02 09:51:25.856,1.55388,1.55422,2.33,1.05
2013.05.02 09:51:29.357,1.55395,1.55422,2.25,1.05
2013.05.02 09:51:30.010,1.55397,1.55422,2.25,1.05
2013.05.02 09:51:31.318,1.55394,1.55422,2.25,1.05
2013.05.02 09:51:32.858,1.55394,1.5542,2.25,1.28
2013.05.02 09:51:32.977,1.55386,1.5542,3.00,2.03
2013.05.02 09:51:33.156,1.55386,1.5542,2.25,2.03
2013.05.02 09:51:33.547,1.55385,1.5542,2.03,2.03
2013.05.02 09:51:34.546,1.55385,1.5542,2.85,2.03
2013.05.02 09:51:36.407,1.55383,1.55418,1.80,1.50
2013.05.02 09:51:44.086,1.55383,1.55416,1.28,1.28
2013.05.02 09:51:45.767,1.55383,1.55416,1.50,1.28
2013.05.02 09:51:46.007,1.55387,1.55416,1.13,1.28
2013.05.02 09:51:46.188,1.55394,1.55422,2.25,1.13
2013.05.02 09:51:48.027,1.55388,1.55422,1.88,1.50
2013.05.02 09:51:49.048,1.55388,1.55422,1.88,1.50
2013.05.02 09:51:50.337,1.55394,1.55423,2.25,1.28
2013.05.02 09:51:57.337,1.55395,1.55429,1.50,1.28
2013.05.02 09:51:59.538,1.55394,1.55429,2.78,1.28
2013.05.02 09:52:04.732,1.55392,1.55425,2.03,1.50
2013.05.02 09:52:22.379,1.55394,1.55429,2.78,1.28
2013.05.02 09:52:24.177,1.55387,1.55419,1.35,1.50
2013.05.02 09:52:24.416,1.55386,1.55415,2.03,1.50
2013.05.02 09:52:24.476,1.55385,1.5541,1.05,1.50
2013.05.02 09:52:24.936,1.55381,1.5541,1.13,1.50
2013.05.02 09:52:25.486,1.55386,1.55415,1.50,2.03
2013.05.02 09:52:25.861,1.55387,1.5542,2.25,1.13
2013.05.02 09:52:26.237,1.55385,1.55417,1.05,1.50
2013.05.02 09:52:26.442,1.55382,1.55415,1.50,1.28
2013.05.02 09:52:28.656,1.55392,1.55415,1.50,1.28
2013.05.02 09:52:29.206,1.55385,1.55417,1.95,1.50
2013.05.02 09:52:29.266,1.55385,1.55417,1.13,1.50
2013.05.02 09:52:30.126,1.55382,1.55414,1.50,1.28
2013.05.02 09:52:30.186,1.55382,1.55414,1.50,1.28
2013.05.02 09:52:30.247,1.55376,1.55409,2.22,2.25
2013.05.02 09:52:30.366,1.55376,1.55409,2.97,1.50
2013.05.02 09:52:30.426,1.55383,1.55414,1.50,1.28
2013.05.02 09:52:30.786,1.55376,1.55408,2.22,2.25
2013.05.02 09:52:50.196,1.55377,1.55408,1.05,2.25
2013.05.02 09:52:52.206,1.55377,1.55398,1.05,1.50
2013.05.02 09:52:52.387,1.55368,1.55398,1.43,1.50
2013.05.02 09:52:54.178,1.55368,1.55399,1.13,2.25
2013.05.02 09:52:54.236,1.55373,1.55407,2.25,1.28
2013.05.02 09:52:55.297,1.55373,1.55407,2.93,1.28
2013.05.02 09:52:56.119,1.55373,1.55407,2.85,1.28
2013.05.02 09:53:02.127,1.55375,1.55408,2.03,2.25
2013.05.02 09:53:08.719,1.55377,1.55412,1.05,2.25
2013.05.02 09:53:08.838,1.55379,1.55414,2.03,1.50
2013.05.02 09:53:09.397,1.55382,1.55416,2.44,1.50
2013.05.02 09:53:22.222,1.55383,1.55416,1.28,1.50
2013.05.02 09:53:22.998,1.55383,1.55414,1.28,1.50
2013.05.02 09:53:23.428,1.55382,1.55412,2.25,1.05
2013.05.02 09:53:23.897,1.55385,1.55412,2.25,1.05
2013.05.02 09:53:31.398,1.55382,1.55412,2.25,1.05
2013.05.02 09:53:37.847,1.55385,1.55412,2.25,1.05
2013.05.02 09:53:38.196,1.55385,1.55415,2.25,1.28
2013.05.02 09:53:41.186,1.55382,1.55415,2.25,1.28
2013.05.02 09:53:49.477,1.55382,1.55414,2.33,1.50
2013.05.02 09:53:49.538,1.55387,1.55414,2.25,1.50
2013.05.02 09:53:49.717,1.55381,1.55414,2.33,1.50
2013.05.02 09:53:50.528,1.55384,1.55414,2.25,1.50
2013.05.02 09:54:13.507,1.55385,1.5542,1.28,2.40
2013.05.02 09:54:14.948,1.55388,1.5542,2.25,1.28
2013.05.02 09:54:21.257,1.55388,1.55413,2.25,1.13
2013.05.02 09:54:21.558,1.55385,1.55413,1.28,1.13
2013.05.02 09:54:22.361,1.55385,1.5542,1.28,2.40
2013.05.02 09:54:31.218,1.55385,1.55419,1.28,1.13
2013.05.02 09:54:32.917,1.55385,1.55418,1.28,1.13
2013.05.02 09:54:33.757,1.55387,1.55418,2.25,2.18
2013.05.02 09:54:34.188,1.55387,1.55418,2.25,1.43
2013.05.02 09:54:36.478,1.55385,1.55417,2.25,1.65
2013.05.02 09:54:43.150,1.55385,1.55418,2.25,2.18
2013.05.02 09:54:43.686,1.55382,1.55416,2.33,1.13
2013.05.02 09:54:44.408,1.55382,1.55416,2.25,1.13
2013.05.02 09:54:46.356,1.55382,1.55416,2.25,1.88
2013.05.02 09:54:51.977,1.55382,1.55416,2.25,1.13
2013.05.02 09:54:53.187,1.55382,1.55417,2.25,2.78
2013.05.02 09:55:01.668,1.55382,1.55416,2.78,1.88
2013.05.02 09:55:05.260,1.55382,1.55416,2.78,1.88
2013.05.02 09:55:10.328,1.55382,1.55411,2.78,1.13
2013.05.02 09:55:10.568,1.55373,1.55411,1.13,1.65
2013.05.02 09:55:11.360,1.55376,1.5541,2.78,1.50
2013.05.02 09:55:13.033,1.55381,1.5541,2.25,1.13
2013.05.02 09:55:13.276,1.5538,1.5541,1.50,1.13
2013.05.02 09:55:13.568,1.5538,1.55407,1.50,1.13
2013.05.02 09:55:13.876,1.5538,1.55407,2.03,1.13
2013.05.02 09:55:14.178,1.55376,1.55407,1.35,1.13
2013.05.02 09:55:14.237,1.55375,1.55407,2.33,1.13
2013.05.02 09:55:14.832,1.55375,1.55407,2.25,1.13
2013.05.02 09:55:15.217,1.55375,1.55407,2.33,1.13
2013.05.02 09:55:15.547,1.55381,1.55407,1.80,1.13
2013.05.02 09:55:19.170,1.55376,1.5541,1.28,1.13
2013.05.02 09:55:19.297,1.55374,1.55403,1.05,2.25
2013.05.02 09:55:20.136,1.55377,1.55403,1.28,1.50
2013.05.02 09:55:20.211,1.55374,1.55399,1.05,2.25
2013.05.02 09:55:26.287,1.55374,1.55398,1.05,1.13
2013.05.02 09:55:28.007,1.55376,1.55402,1.28,2.63
2013.05.02 09:55:31.965,1.55376,1.55401,1.28,1.13
2013.05.02 09:55:33.607,1.55376,1.55402,1.28,1.50
2013.05.02 09:55:34.157,1.55374,1.55405,1.13,1.13
2013.05.02 09:55:35.089,1.55374,1.5541,1.13,1.13
2013.05.02 09:55:35.328,1.55381,1.5541,1.05,1.13
2013.05.02 09:55:37.298,1.55381,1.55417,1.05,1.13
2013.05.02 09:55:44.228,1.55381,1.55415,1.05,1.13
2013.05.02 09:55:45.498,1.55384,1.55415,1.28,1.13
2013.05.02 09:55:45.857,1.55389,1.55417,1.05,1.13
2013.05.02 09:55:46.878,1.55389,1.55427,1.05,1.65
2013.05.02 09:55:53.479,1.55389,1.55427,1.05,1.65
2013.05.02 09:55:54.418,1.55395,1.55427,1.05,1.13
2013.05.02 09:55:55.689,1.55395,1.55427,1.05,1.13
2013.05.02 09:55:56.748,1.55395,1.55429,1.05,1.13
2013.05.02 09:55:57.846,1.55395,1.55427,1.05,1.13
2013.05.02 09:56:05.154,1.55395,1.5543,1.05,1.13
2013.05.02 09:56:09.168,1.55395,1.55429,1.05,1.13
2013.05.02 09:56:10.188,1.55395,1.55427,1.05,1.13
2013.05.02 09:56:15.090,1.55395,1.55427,1.05,1.13
2013.05.02 09:56:16.865,1.55397,1.55431,1.05,1.13
2013.05.02 09:56:18.736,1.55397,1.55427,1.05,1.13
2013.05.02 09:56:22.377,1.55397,1.55433,1.05,1.13
2013.05.02 09:56:23.251,1.55397,1.55436,1.13,1.65
2013.05.02 09:56:26.208,1.55397,1.55434,1.13,1.13
2013.05.02 09:56:33.576,1.55397,1.55436,1.88,1.65
2013.05.02 09:56:33.696,1.55397,1.55436,1.88,1.65
2013.05.02 09:56:36.508,1.55397,1.55435,1.80,1.13
2013.05.02 09:56:44.317,1.55397,1.55433,1.80,1.13
2013.05.02 09:56:46.197,1.55397,1.55421,1.80,2.25
2013.05.02 09:56:46.256,1.55397,1.55421,1.28,2.25
2013.05.02 09:56:46.317,1.55397,1.55424,1.28,3.00
2013.05.02 09:56:46.378,1.55389,1.55424,1.05,3.00
2013.05.02 09:56:46.437,1.55392,1.55424,1.28,2.25
2013.05.02 09:56:46.966,1.55389,1.55423,1.05,1.50
2013.05.02 09:56:47.306,1.55387,1.55423,3.00,2.55
2013.05.02 09:56:48.462,1.55392,1.55427,1.28,2.25
2013.05.02 09:56:49.059,1.55397,1.55427,1.80,2.25
2013.05.02 09:56:50.080,1.55397,1.55426,1.05,1.50
2013.05.02 09:56:52.778,1.55397,1.5543,1.05,1.50
2013.05.02 09:56:53.697,1.55397,1.5543,1.05,2.33
2013.05.02 09:56:53.756,1.55395,1.55429,1.28,1.28
2013.05.02 09:56:53.817,1.55393,1.55429,2.25,1.28
2013.05.02 09:57:01.469,1.55395,1.5543,1.50,2.55
2013.05.02 09:57:01.538,1.55392,1.55426,1.50,2.25
2013.05.02 09:57:01.599,1.55391,1.55425,2.78,2.25
2013.05.02 09:57:01.657,1.55391,1.55423,2.25,1.80
2013.05.02 09:57:01.958,1.55386,1.55418,2.25,1.05
2013.05.02 09:57:02.290,1.55388,1.55418,2.25,1.05
2013.05.02 09:57:02.699,1.55391,1.55418,2.25,1.05
2013.05.02 09:57:04.514,1.55392,1.55418,1.50,1.05
2013.05.02 09:57:04.578,1.55395,1.55424,1.50,1.05
2013.05.02 09:57:07.063,1.55393,1.55424,2.25,1.80
2013.05.02 09:57:07.249,1.55397,1.55424,2.25,1.80
2013.05.02 09:57:24.377,1.55397,1.55428,2.25,1.28
2013.05.02 09:57:25.051,1.55397,1.55429,2.25,1.05
2013.05.02 09:57:45.268,1.55397,1.55429,2.25,1.05
2013.05.02 09:58:05.342,1.55397,1.5543,2.25,1.05
2013.05.02 09:58:06.619,1.55397,1.55426,2.25,1.28
2013.05.02 09:58:06.702,1.55394,1.55423,2.25,1.50
2013.05.02 09:58:07.198,1.55396,1.55427,1.50,1.05
2013.05.02 09:58:18.197,1.55393,1.55425,2.25,1.28
2013.05.02 09:58:19.378,1.55395,1.55427,1.50,1.05
2013.05.02 09:58:21.148,1.55397,1.55427,3.00,1.05
2013.05.02 09:58:21.658,1.55397,1.55425,2.25,1.28
2013.05.02 09:58:24.658,1.55397,1.55427,2.25,1.05
2013.05.02 09:58:25.697,1.55396,1.55427,1.50,1.05
2013.05.02 09:58:26.417,1.55394,1.55425,2.25,1.28
2013.05.02 09:58:27.824,1.55394,1.55423,2.25,1.28
2013.05.02 09:58:28.009,1.55387,1.55419,1.35,1.28
2013.05.02 09:58:28.075,1.55386,1.55418,2.25,1.05
2013.05.02 09:58:28.141,1.55386,1.55418,2.25,1.05
2013.05.02 09:58:29.897,1.55386,1.55418,2.25,1.05
2013.05.02 09:58:30.547,1.55388,1.55418,2.25,1.05
2013.05.02 09:58:31.389,1.55393,1.55418,2.25,1.05
2013.05.02 09:58:31.689,1.55397,1.55425,3.00,1.05
2013.05.02 09:58:44.078,1.55396,1.55425,1.58,1.05
2013.05.02 09:58:45.768,1.55397,1.55425,3.08,1.05
2013.05.02 09:58:48.579,1.55394,1.55424,2.33,1.28
2013.05.02 09:58:50.918,1.55394,1.55424,2.33,1.28
2013.05.02 09:58:50.978,1.55388,1.55423,2.33,2.25
2013.05.02 09:58:51.038,1.55388,1.55423,2.25,2.25
2013.05.02 09:58:51.219,1.55388,1.55422,2.25,2.33
2013.05.02 09:58:51.337,1.55386,1.55415,1.69,1.28
2013.05.02 09:58:52.398,1.55386,1.55415,1.50,1.28
2013.05.02 09:58:54.248,1.55386,1.55418,2.25,1.05
2013.05.02 09:58:54.858,1.55387,1.55418,2.25,1.05
2013.05.02 09:58:55.099,1.55391,1.55424,2.25,1.65
2013.05.02 09:58:55.747,1.55388,1.55422,2.25,1.28
2013.05.02 09:58:55.868,1.55386,1.55422,1.28,2.78
2013.05.02 09:58:57.572,1.55388,1.55422,2.25,1.28
2013.05.02 09:58:58.142,1.55386,1.55421,2.78,2.25
2013.05.02 09:59:07.899,1.55388,1.55422,2.25,1.28
2013.05.02 09:59:08.217,1.55388,1.55422,2.25,2.03
2013.05.02 09:59:10.848,1.55386,1.55416,1.50,1.28
2013.05.02 09:59:20.660,1.55387,1.55416,2.25,1.28
2013.05.02 09:59:23.897,1.55385,1.55416,1.50,1.28
2013.05.02 09:59:31.047,1.55385,1.55414,1.50,1.28
2013.05.02 09:59:31.877,1.55388,1.55414,2.25,1.28
2013.05.02 09:59:33.220,1.55388,1.55419,2.25,1.28
2013.05.02 09:59:33.939,1.55391,1.55419,2.25,1.28
2013.05.02 09:59:34.249,1.55394,1.55419,2.25,1.28
2013.05.02 09:59:34.368,1.55394,1.55421,2.25,1.05
2013.05.02 09:59:37.468,1.55397,1.55421,2.25,1.05
2013.05.02 09:59:37.647,1.55397,1.55426,2.25,1.28
2013.05.02 09:59:42.067,1.55394,1.55426,2.25,1.28
2013.05.02 09:59:44.148,1.55397,1.55426,2.25,1.28
2013.05.02 09:59:49.447,1.55393,1.55426,2.33,1.28
2013.05.02 09:59:52.209,1.55393,1.55426,2.33,1.28
2013.05.02 09:59:57.160,1.55393,1.55426,2.25,1.28
2013.05.02 09:59:57.387,1.55397,1.55426,2.25,1.28
