2014.07.08 14:00:00.758,1.5471,1.54752,1.05,1.00
2014.07.08 14:00:01.024,1.5471,1.54756,1.05,1.73
2014.07.08 14:00:01.327,1.54713,1.54756,1.00,1.60
2014.07.08 14:00:01.717,1.54713,1.54758,1.05,3.00
2014.07.08 14:00:02.173,1.5472,1.54755,1.00,1.00
2014.07.08 14:00:02.375,1.54722,1.54759,1.50,1.38
2014.07.08 14:00:02.884,1.54722,1.54757,1.00,1.00
2014.07.08 14:00:03.710,1.54722,1.54751,1.00,1.00
2014.07.08 14:00:03.812,1.54722,1.54753,1.00,1.00
2014.07.08 14:00:04.015,1.54722,1.54757,1.00,1.00
2014.07.08 14:00:04.907,1.54722,1.54759,1.50,1.00
2014.07.08 14:00:05.441,1.54722,1.54759,1.88,1.00
2014.07.08 14:00:05.734,1.54728,1.54759,1.00,1.00
2014.07.08 14:00:06.040,1.54726,1.54753,1.00,1.00
2014.07.08 14:00:06.142,1.54722,1.54753,1.00,1.50
2014.07.08 14:00:06.243,1.54722,1.54749,1.00,1.00
2014.07.08 14:00:06.395,1.5472,1.54749,1.00,1.00
2014.07.08 14:00:06.978,1.54719,1.54749,1.00,1.00
2014.07.08 14:00:07.775,1.54719,1.54751,1.00,1.00
2014.07.08 14:00:08.759,1.54719,1.54751,1.38,1.00
2014.07.08 14:00:11.374,1.54719,1.5475,1.38,1.00
2014.07.08 14:00:13.614,1.54719,1.54752,1.38,1.00
2014.07.08 14:00:13.816,1.54728,1.5476,1.00,1.00
2014.07.08 14:00:13.867,1.54728,1.5476,1.38,1.00
2014.07.08 14:00:14.019,1.54728,1.54762,1.38,1.50
2014.07.08 14:00:14.936,1.54731,1.54763,1.00,1.00
2014.07.08 14:00:15.813,1.54731,1.54762,1.13,1.00
2014.07.08 14:00:16.333,1.54731,1.54763,1.13,1.00
2014.07.08 14:00:17.336,1.54731,1.54765,1.13,1.00
2014.07.08 14:00:17.841,1.54731,1.54766,1.13,1.00
2014.07.08 14:00:19.569,1.54731,1.54765,1.13,1.00
2014.07.08 14:00:19.946,1.5473,1.5476,1.38,1.00
2014.07.08 14:00:20.098,1.5473,1.54763,1.00,1.00
2014.07.08 14:00:20.941,1.5473,1.54759,1.00,1.00
2014.07.08 14:00:20.993,1.54727,1.54759,1.00,1.00
2014.07.08 14:00:21.772,1.54727,1.54761,1.00,1.00
2014.07.08 14:00:22.195,1.54735,1.54768,1.00,1.00
2014.07.08 14:00:22.506,1.54737,1.5477,1.00,1.00
2014.07.08 14:00:22.608,1.54738,1.54773,1.50,1.88
2014.07.08 14:00:22.759,1.5474,1.54774,1.00,1.00
2014.07.08 14:00:23.266,1.54739,1.54774,1.00,1.00
2014.07.08 14:00:23.575,1.54741,1.54774,1.00,1.00
2014.07.08 14:00:24.627,1.54739,1.54774,1.00,1.00
2014.07.08 14:00:24.829,1.54741,1.54774,1.00,1.00
2014.07.08 14:00:25.385,1.54742,1.54774,1.00,1.00
2014.07.08 14:00:25.947,1.54738,1.54774,1.50,1.00
2014.07.08 14:00:29.743,1.54741,1.54775,1.00,1.00
2014.07.08 14:00:30.046,1.54745,1.54777,1.00,1.00
2014.07.08 14:00:30.605,1.54745,1.54778,1.00,1.50
2014.07.08 14:00:32.646,1.54745,1.54779,1.00,2.25
2014.07.08 14:00:32.996,1.54745,1.54777,1.00,1.00
2014.07.08 14:00:33.320,1.5475,1.54781,1.00,1.50
2014.07.08 14:00:33.966,1.5475,1.5478,1.00,1.00
2014.07.08 14:00:34.481,1.5475,1.54781,1.00,1.00
2014.07.08 14:00:35.537,1.5475,1.54782,1.00,1.50
2014.07.08 14:00:37.914,1.5475,1.54783,1.00,1.00
2014.07.08 14:00:38.449,1.5475,1.54784,1.00,2.25
2014.07.08 14:00:38.913,1.54754,1.54784,1.00,1.50
2014.07.08 14:00:44.408,1.54757,1.54785,1.00,1.50
2014.07.08 14:00:44.660,1.54757,1.54788,1.00,1.00
2014.07.08 14:00:44.762,1.54757,1.5479,1.00,1.00
2014.07.08 14:00:44.964,1.54757,1.54787,1.00,1.00
2014.07.08 14:00:45.332,1.54757,1.54789,1.00,1.50
2014.07.08 14:00:45.646,1.54757,1.54786,1.00,1.00
2014.07.08 14:00:46.401,1.54757,1.54785,1.00,1.00
2014.07.08 14:00:46.553,1.54752,1.54785,1.30,1.00
2014.07.08 14:00:47.084,1.54752,1.54784,1.30,1.00
2014.07.08 14:00:47.611,1.54752,1.54786,1.30,1.00
2014.07.08 14:00:48.151,1.54752,1.54786,1.30,1.00
2014.07.08 14:00:48.617,1.54752,1.54783,1.30,1.00
2014.07.08 14:00:49.123,1.54752,1.54783,1.00,1.00
2014.07.08 14:00:49.173,1.54755,1.54785,1.00,1.00
2014.07.08 14:00:55.218,1.54755,1.54786,1.00,1.00
2014.07.08 14:00:55.743,1.54754,1.54786,1.00,1.00
2014.07.08 14:00:56.394,1.54755,1.54786,1.00,1.00
2014.07.08 14:00:56.622,1.54752,1.54785,1.00,1.00
2014.07.08 14:00:57.078,1.5475,1.54784,1.80,1.00
2014.07.08 14:00:57.585,1.54749,1.54785,1.80,1.50
2014.07.08 14:00:58.759,1.54749,1.54784,1.80,1.00
2014.07.08 14:00:59.376,1.5475,1.54785,1.05,2.25
2014.07.08 14:01:00.401,1.54753,1.54785,1.00,2.25
2014.07.08 14:01:00.732,1.54763,1.54785,1.00,2.25
2014.07.08 14:01:01.461,1.54763,1.54783,1.00,1.00
2014.07.08 14:01:02.916,1.54763,1.54784,1.00,1.00
2014.07.08 14:01:04.899,1.54764,1.54784,1.00,1.00
2014.07.08 14:01:05.214,1.54763,1.54781,1.00,1.00
2014.07.08 14:01:06.223,1.54763,1.54782,1.00,1.00
2014.07.08 14:01:06.742,1.54763,1.54781,1.00,1.00
2014.07.08 14:01:06.994,1.54753,1.54778,1.00,1.00
2014.07.08 14:01:07.045,1.54753,1.54771,1.00,1.00
2014.07.08 14:01:07.651,1.54753,1.54772,1.00,1.50
2014.07.08 14:01:08.262,1.54753,1.54773,1.00,1.00
2014.07.08 14:01:08.414,1.54753,1.54776,1.00,1.00
2014.07.08 14:01:10.282,1.54753,1.54778,1.00,2.25
2014.07.08 14:01:10.950,1.54764,1.54778,1.00,2.25
2014.07.08 14:01:11.181,1.54754,1.5478,1.00,1.50
2014.07.08 14:01:11.231,1.54754,1.54776,1.00,1.00
2014.07.08 14:01:11.911,1.54754,1.54772,1.00,1.00
2014.07.08 14:01:12.013,1.54754,1.54774,1.00,1.00
2014.07.08 14:01:12.164,1.54744,1.54771,1.00,1.00
2014.07.08 14:01:12.217,1.54744,1.54765,1.00,1.00
2014.07.08 14:01:12.537,1.54744,1.54761,1.00,1.00
2014.07.08 14:01:12.589,1.54733,1.54761,1.00,1.00
2014.07.08 14:01:13.139,1.54733,1.5476,1.00,1.00
2014.07.08 14:01:17.232,1.54733,1.54759,1.00,1.00
2014.07.08 14:01:17.457,1.54734,1.54761,1.00,1.00
2014.07.08 14:01:17.709,1.54733,1.54758,1.00,1.00
2014.07.08 14:01:17.811,1.54727,1.54758,1.00,1.00
2014.07.08 14:01:17.988,1.54726,1.54756,1.00,1.00
2014.07.08 14:01:19.731,1.54726,1.54755,1.00,1.00
2014.07.08 14:01:20.192,1.54724,1.54755,1.00,1.50
2014.07.08 14:01:21.360,1.54724,1.54756,1.00,1.00
2014.07.08 14:01:25.573,1.54724,1.54755,1.00,1.00
2014.07.08 14:01:25.877,1.54724,1.5475,1.00,1.00
2014.07.08 14:01:26.381,1.54724,1.54749,1.00,1.00
2014.07.08 14:01:26.431,1.54724,1.54755,1.00,1.00
2014.07.08 14:01:26.482,1.54724,1.54752,1.00,1.00
2014.07.08 14:01:26.861,1.54734,1.54752,1.00,1.00
2014.07.08 14:01:27.289,1.54734,1.54749,1.00,1.00
2014.07.08 14:01:27.390,1.54724,1.54749,1.00,1.00
2014.07.08 14:01:29.580,1.54724,1.54748,1.00,1.00
2014.07.08 14:01:29.631,1.54724,1.54746,1.00,1.00
2014.07.08 14:01:29.936,1.54715,1.54743,1.00,1.00
2014.07.08 14:01:30.037,1.54723,1.54746,1.00,1.50
2014.07.08 14:01:30.415,1.54734,1.54745,1.00,1.00
2014.07.08 14:01:30.466,1.54734,1.54751,1.00,1.00
2014.07.08 14:01:30.672,1.54734,1.54754,1.00,1.00
2014.07.08 14:01:30.874,1.54744,1.54756,1.00,1.13
2014.07.08 14:01:32.416,1.54744,1.54759,1.00,1.00
2014.07.08 14:01:34.408,1.54743,1.54759,1.00,1.00
2014.07.08 14:01:34.509,1.54743,1.54763,1.00,1.50
2014.07.08 14:01:34.812,1.54743,1.54766,1.00,1.50
2014.07.08 14:01:34.863,1.54752,1.54766,1.00,1.50
2014.07.08 14:01:34.964,1.54754,1.54768,1.00,1.50
2014.07.08 14:01:35.267,1.54754,1.5477,1.00,1.00
2014.07.08 14:01:35.785,1.54754,1.54771,1.00,1.00
2014.07.08 14:01:36.423,1.54754,1.54773,1.00,1.00
2014.07.08 14:01:36.625,1.5476,1.54773,1.00,1.00
2014.07.08 14:01:37.171,1.5476,1.54772,1.00,1.00
2014.07.08 14:01:37.383,1.54753,1.54772,1.00,1.00
2014.07.08 14:01:37.434,1.54753,1.5477,1.00,1.00
2014.07.08 14:01:38.319,1.54753,1.54771,1.00,1.00
2014.07.08 14:01:38.748,1.54753,1.54769,1.00,1.00
2014.07.08 14:01:39.140,1.54754,1.54769,1.00,1.00
2014.07.08 14:01:39.453,1.5474,1.54767,1.00,1.00
2014.07.08 14:01:39.504,1.54752,1.54767,1.00,1.00
2014.07.08 14:01:39.767,1.54754,1.54769,1.00,1.00
2014.07.08 14:01:39.818,1.54752,1.54769,1.00,1.00
2014.07.08 14:01:39.869,1.54755,1.54771,1.00,1.00
2014.07.08 14:01:40.527,1.54759,1.54768,1.00,1.00
2014.07.08 14:01:40.579,1.54753,1.54768,1.00,1.00
2014.07.08 14:01:41.071,1.54753,1.54766,1.00,1.00
2014.07.08 14:01:41.862,1.54753,1.54765,1.00,1.00
2014.07.08 14:01:42.192,1.54737,1.54766,1.50,1.00
2014.07.08 14:01:42.311,1.54754,1.54766,1.00,1.00
2014.07.08 14:01:42.412,1.54754,1.5477,1.00,1.00
2014.07.08 14:01:42.463,1.54754,1.54768,1.00,1.00
2014.07.08 14:01:42.566,1.54754,1.5477,1.00,1.00
2014.07.08 14:01:42.617,1.54754,1.54775,1.00,1.00
2014.07.08 14:01:42.668,1.54764,1.54778,1.00,1.00
2014.07.08 14:01:42.920,1.54764,1.5478,1.00,1.50
2014.07.08 14:01:43.092,1.5477,1.5478,1.00,1.00
2014.07.08 14:01:43.244,1.54774,1.54783,1.00,1.00
2014.07.08 14:01:43.791,1.54774,1.54784,1.00,1.00
2014.07.08 14:01:43.984,1.54774,1.54787,1.00,1.00
2014.07.08 14:01:44.343,1.54764,1.54787,1.00,1.00
2014.07.08 14:01:44.394,1.54764,1.54785,1.00,1.00
2014.07.08 14:01:44.859,1.54758,1.54785,1.00,1.00
2014.07.08 14:01:44.910,1.54755,1.54783,1.00,1.00
2014.07.08 14:01:45.484,1.54754,1.54782,1.50,1.00
2014.07.08 14:01:47.784,1.54754,1.54779,1.00,1.00
2014.07.08 14:01:48.123,1.54753,1.54773,1.00,1.00
2014.07.08 14:01:48.174,1.54746,1.54773,1.00,1.00
2014.07.08 14:01:48.326,1.54743,1.54773,1.88,1.00
2014.07.08 14:01:48.831,1.54743,1.54773,1.50,1.00
2014.07.08 14:01:49.634,1.54743,1.54771,1.50,1.00
2014.07.08 14:01:50.167,1.54743,1.5477,1.00,1.00
2014.07.08 14:01:50.741,1.54744,1.5477,1.00,1.00
2014.07.08 14:01:51.501,1.54744,1.54769,1.00,1.00
2014.07.08 14:01:52.521,1.54744,1.54768,1.00,1.00
2014.07.08 14:01:52.824,1.54744,1.5476,1.00,1.00
2014.07.08 14:01:52.875,1.54733,1.5476,1.50,1.00
2014.07.08 14:01:52.976,1.54733,1.54757,1.50,1.00
2014.07.08 14:01:53.128,1.54728,1.54757,1.00,1.00
2014.07.08 14:01:53.640,1.54728,1.54756,1.00,1.00
2014.07.08 14:01:53.691,1.54734,1.54756,1.00,1.00
2014.07.08 14:01:53.971,1.54734,1.54758,1.00,1.00
2014.07.08 14:01:55.226,1.54733,1.54758,1.00,1.00
2014.07.08 14:01:55.741,1.54734,1.54758,1.00,1.00
2014.07.08 14:01:56.262,1.54734,1.54757,1.00,1.00
2014.07.08 14:01:57.997,1.54734,1.54756,1.00,1.00
2014.07.08 14:01:58.048,1.54724,1.54756,1.00,1.00
2014.07.08 14:01:58.149,1.54724,1.54752,1.00,1.00
2014.07.08 14:01:58.666,1.54723,1.54751,1.50,1.00
2014.07.08 14:01:59.577,1.54723,1.54752,1.50,1.00
2014.07.08 14:01:59.974,1.54723,1.5475,1.50,1.00
2014.07.08 14:02:01.428,1.54723,1.54752,1.00,1.00
2014.07.08 14:02:01.665,1.54723,1.5475,1.00,1.00
2014.07.08 14:02:01.960,1.54723,1.54752,1.50,1.00
2014.07.08 14:02:02.639,1.54723,1.54753,1.50,2.25
2014.07.08 14:02:05.452,1.54724,1.54756,1.00,1.50
2014.07.08 14:02:05.655,1.54726,1.54756,1.00,1.00
2014.07.08 14:02:05.980,1.54734,1.54755,1.00,1.00
2014.07.08 14:02:06.233,1.54725,1.54755,1.00,1.00
2014.07.08 14:02:07.867,1.54725,1.54757,1.00,1.50
2014.07.08 14:02:08.410,1.54725,1.54756,1.00,1.00
2014.07.08 14:02:08.981,1.54724,1.54754,1.00,1.00
2014.07.08 14:02:09.516,1.54724,1.54753,1.00,1.00
2014.07.08 14:02:10.748,1.54725,1.54753,1.00,1.00
2014.07.08 14:02:10.900,1.54725,1.54755,1.00,1.00
2014.07.08 14:02:15.045,1.54724,1.54755,1.00,1.50
2014.07.08 14:02:18.336,1.54724,1.54754,1.00,1.00
2014.07.08 14:02:18.437,1.54724,1.54752,1.00,1.00
2014.07.08 14:02:19.832,1.54724,1.54749,1.00,1.00
2014.07.08 14:02:21.033,1.54723,1.54749,1.00,1.00
2014.07.08 14:02:21.733,1.54723,1.54752,1.00,1.00
2014.07.08 14:02:22.151,1.54725,1.54754,1.00,1.00
2014.07.08 14:02:22.353,1.54725,1.54756,1.00,1.00
2014.07.08 14:02:22.404,1.54723,1.54758,1.00,1.50
2014.07.08 14:02:22.454,1.54733,1.54758,1.00,1.50
2014.07.08 14:02:23.117,1.54734,1.54758,1.00,1.00
2014.07.08 14:02:24.136,1.54734,1.54756,1.00,1.00
2014.07.08 14:02:24.565,1.54724,1.54755,1.00,1.50
2014.07.08 14:02:24.941,1.54723,1.54753,1.00,1.00
2014.07.08 14:02:25.442,1.54723,1.54752,1.00,1.00
2014.07.08 14:02:25.985,1.54724,1.54752,1.00,1.00
2014.07.08 14:02:26.585,1.54724,1.54751,1.00,1.00
2014.07.08 14:02:27.126,1.54724,1.54752,1.00,1.00
2014.07.08 14:02:27.542,1.54724,1.54748,1.00,1.00
2014.07.08 14:02:27.593,1.54718,1.54748,1.50,1.00
2014.07.08 14:02:27.796,1.54715,1.54744,1.00,1.00
2014.07.08 14:02:28.395,1.54716,1.54745,1.00,1.00
2014.07.08 14:02:29.356,1.54723,1.54745,1.00,1.00
2014.07.08 14:02:29.457,1.54723,1.54748,1.00,1.00
2014.07.08 14:02:30.180,1.54723,1.5475,1.00,1.50
2014.07.08 14:02:30.848,1.54723,1.54748,1.00,1.00
2014.07.08 14:02:31.159,1.54716,1.54747,1.00,1.00
2014.07.08 14:02:31.310,1.54716,1.54745,1.00,1.00
2014.07.08 14:02:31.650,1.54724,1.54745,1.00,1.00
2014.07.08 14:02:32.066,1.54724,1.54747,1.00,1.00
2014.07.08 14:02:33.313,1.54716,1.54747,1.00,1.00
2014.07.08 14:02:33.464,1.54723,1.54747,1.00,1.00
2014.07.08 14:02:34.579,1.54723,1.54745,1.00,1.00
2014.07.08 14:02:35.349,1.54723,1.54744,1.00,1.00
2014.07.08 14:02:35.614,1.54714,1.54743,1.00,1.00
2014.07.08 14:02:36.138,1.54714,1.54742,1.00,1.00
2014.07.08 14:02:36.825,1.54714,1.54743,1.00,1.00
2014.07.08 14:02:37.031,1.54714,1.54741,1.00,1.00
2014.07.08 14:02:38.702,1.54724,1.54741,1.00,1.00
2014.07.08 14:02:40.229,1.54724,1.54743,1.00,1.00
2014.07.08 14:02:40.482,1.54723,1.54745,1.00,1.50
2014.07.08 14:02:40.684,1.54723,1.54748,1.00,1.00
2014.07.08 14:02:40.785,1.54723,1.5475,1.00,1.50
2014.07.08 14:02:40.836,1.54733,1.5475,1.00,1.50
2014.07.08 14:02:40.937,1.54724,1.5475,1.00,1.50
2014.07.08 14:02:41.734,1.54734,1.5475,1.00,1.00
2014.07.08 14:02:42.019,1.54734,1.54755,1.00,1.50
2014.07.08 14:02:42.831,1.54724,1.54755,1.00,1.50
2014.07.08 14:02:42.953,1.54724,1.54752,1.00,1.00
2014.07.08 14:02:45.836,1.54734,1.54752,1.00,1.00
2014.07.08 14:02:47.210,1.54734,1.54753,1.00,1.50
2014.07.08 14:02:47.563,1.54723,1.54753,1.00,1.50
2014.07.08 14:02:50.748,1.54734,1.54753,1.00,1.50
2014.07.08 14:02:50.899,1.54724,1.54753,1.00,1.50
2014.07.08 14:02:59.100,1.54733,1.54753,1.00,1.50
2014.07.08 14:02:59.978,1.54723,1.54753,1.00,1.50
2014.07.08 14:03:00.870,1.54734,1.54753,1.00,1.00
2014.07.08 14:03:01.338,1.54744,1.54757,1.00,1.00
2014.07.08 14:03:01.540,1.54744,1.54761,1.00,1.00
2014.07.08 14:03:03.172,1.54734,1.54761,1.00,1.00
2014.07.08 14:03:06.142,1.54744,1.54761,1.00,1.00
2014.07.08 14:03:11.064,1.54744,1.54763,1.00,1.00
2014.07.08 14:03:11.115,1.54743,1.54766,1.00,1.50
2014.07.08 14:03:11.317,1.54752,1.54766,1.00,1.50
2014.07.08 14:03:12.176,1.54753,1.54768,1.00,1.05
2014.07.08 14:03:12.328,1.54753,1.54773,1.00,1.50
2014.07.08 14:03:12.429,1.54759,1.54773,1.00,1.50
2014.07.08 14:03:12.634,1.54754,1.54773,1.00,1.00
2014.07.08 14:03:13.168,1.54754,1.54776,1.00,1.00
2014.07.08 14:03:15.885,1.54754,1.54773,1.00,1.00
2014.07.08 14:03:16.188,1.54754,1.54768,1.00,1.00
2014.07.08 14:03:16.289,1.54743,1.54768,1.00,1.00
2014.07.08 14:03:16.880,1.54743,1.54766,1.00,1.00
2014.07.08 14:03:17.849,1.54753,1.54766,1.00,1.00
2014.07.08 14:03:20.250,1.54743,1.54766,1.00,1.00
2014.07.08 14:03:20.770,1.54743,1.54765,1.00,1.00
2014.07.08 14:03:21.743,1.54743,1.5477,1.00,1.00
2014.07.08 14:03:21.895,1.54754,1.5477,1.00,1.00
2014.07.08 14:03:21.946,1.54754,1.54772,1.00,1.00
2014.07.08 14:03:22.484,1.54754,1.54769,1.00,1.00
2014.07.08 14:03:22.687,1.54744,1.54767,1.00,1.00
2014.07.08 14:03:22.738,1.54744,1.5477,1.00,1.00
2014.07.08 14:03:23.378,1.54744,1.54772,1.00,1.30
2014.07.08 14:03:23.671,1.54753,1.54772,1.00,1.05
2014.07.08 14:03:24.165,1.54754,1.54774,1.00,1.00
2014.07.08 14:03:24.367,1.54754,1.5478,1.00,1.00
2014.07.08 14:03:24.418,1.54754,1.54777,1.00,1.00
2014.07.08 14:03:24.822,1.54754,1.54773,1.00,1.00
2014.07.08 14:03:24.873,1.54743,1.54773,1.50,1.00
2014.07.08 14:03:24.951,1.54753,1.54773,1.00,1.00
2014.07.08 14:03:25.388,1.54753,1.54775,1.00,1.00
2014.07.08 14:03:26.632,1.54743,1.54775,1.50,1.00
2014.07.08 14:03:27.592,1.54744,1.54775,1.00,1.00
2014.07.08 14:03:28.124,1.54744,1.54777,1.00,1.50
2014.07.08 14:03:28.646,1.54745,1.54781,1.00,1.50
2014.07.08 14:03:28.697,1.54754,1.54781,1.00,1.50
2014.07.08 14:03:28.984,1.54745,1.54781,1.00,1.50
2014.07.08 14:03:29.176,1.54744,1.54777,1.50,1.00
2014.07.08 14:03:33.150,1.54744,1.54775,1.00,1.00
2014.07.08 14:03:33.457,1.54744,1.54767,1.00,1.00
2014.07.08 14:03:33.808,1.54743,1.54765,1.00,1.00
2014.07.08 14:03:34.220,1.54734,1.54765,1.00,1.00
2014.07.08 14:03:34.632,1.54744,1.54765,1.00,1.00
2014.07.08 14:03:34.848,1.54734,1.54765,1.00,1.00
2014.07.08 14:03:35.378,1.54734,1.54763,1.00,1.00
2014.07.08 14:03:35.894,1.54734,1.54762,1.00,1.00
2014.07.08 14:03:39.915,1.54744,1.54762,1.00,1.00
2014.07.08 14:03:40.140,1.54734,1.54762,1.00,1.50
2014.07.08 14:03:40.349,1.54743,1.54762,1.00,1.50
2014.07.08 14:03:40.814,1.54733,1.54762,1.00,1.50
2014.07.08 14:03:41.597,1.54744,1.54762,1.00,1.50
2014.07.08 14:03:42.894,1.54743,1.54762,1.00,1.50
2014.07.08 14:03:43.565,1.54743,1.54764,1.00,1.00
2014.07.08 14:03:44.333,1.54744,1.54764,1.00,1.00
2014.07.08 14:03:44.859,1.54743,1.54764,1.00,1.00
2014.07.08 14:03:49.564,1.54743,1.54765,1.00,1.00
2014.07.08 14:03:49.665,1.54744,1.54767,1.00,1.50
2014.07.08 14:03:49.868,1.54743,1.54764,1.00,1.00
2014.07.08 14:03:50.383,1.54744,1.54764,1.00,1.00
2014.07.08 14:03:54.193,1.54744,1.54765,1.00,1.00
2014.07.08 14:03:54.496,1.54744,1.5477,1.00,1.00
2014.07.08 14:03:55.047,1.54743,1.5477,1.00,1.00
2014.07.08 14:03:55.786,1.54744,1.5477,1.00,1.00
2014.07.08 14:03:55.988,1.54753,1.5477,1.00,1.00
2014.07.08 14:03:56.633,1.54744,1.5477,1.00,1.00
2014.07.08 14:03:57.287,1.54754,1.5477,1.00,1.00
2014.07.08 14:03:58.720,1.54744,1.5477,1.00,1.00
2014.07.08 14:04:00.146,1.54754,1.5477,1.00,1.00
2014.07.08 14:04:03.141,1.54753,1.5477,1.00,1.00
2014.07.08 14:04:03.560,1.54754,1.54774,1.00,1.00
2014.07.08 14:04:03.913,1.54743,1.54774,1.00,1.00
2014.07.08 14:04:04.238,1.54743,1.5477,1.00,1.00
2014.07.08 14:04:04.591,1.54744,1.54768,1.00,1.00
2014.07.08 14:04:05.096,1.54744,1.54769,1.00,1.50
2014.07.08 14:04:05.247,1.54744,1.54771,1.00,1.50
2014.07.08 14:04:11.021,1.54744,1.54769,1.00,1.00
2014.07.08 14:04:11.526,1.54744,1.54767,1.00,1.00
2014.07.08 14:04:11.946,1.54744,1.54769,1.00,1.00
2014.07.08 14:04:12.952,1.54743,1.54768,1.00,1.00
2014.07.08 14:04:13.537,1.54744,1.54767,1.00,1.00
2014.07.08 14:04:13.814,1.54744,1.54769,1.00,1.50
2014.07.08 14:04:13.865,1.54754,1.54769,1.00,1.50
2014.07.08 14:04:14.169,1.54754,1.54771,1.00,1.50
2014.07.08 14:04:15.943,1.54743,1.54771,1.00,1.50
2014.07.08 14:04:16.257,1.54753,1.54771,1.00,1.00
2014.07.08 14:04:17.241,1.54744,1.54771,1.00,1.50
2014.07.08 14:04:17.480,1.54754,1.54771,1.00,1.50
2014.07.08 14:04:17.905,1.54743,1.54771,1.00,1.50
2014.07.08 14:04:20.321,1.54754,1.54771,1.00,1.50
2014.07.08 14:04:20.680,1.54744,1.54771,1.00,1.50
2014.07.08 14:04:22.092,1.54754,1.54771,1.00,1.50
2014.07.08 14:04:23.397,1.54743,1.54771,1.00,1.50
2014.07.08 14:04:23.499,1.54743,1.54769,1.00,1.00
2014.07.08 14:04:24.102,1.54754,1.54769,1.00,1.00
2014.07.08 14:04:26.664,1.54754,1.5477,1.00,1.00
2014.07.08 14:04:26.917,1.54754,1.54773,1.00,1.00
2014.07.08 14:04:27.454,1.54754,1.54774,1.00,1.00
2014.07.08 14:04:31.001,1.54753,1.54774,1.00,1.00
2014.07.08 14:04:31.660,1.54754,1.54774,1.00,1.00
2014.07.08 14:04:32.391,1.54754,1.54777,1.00,1.05
2014.07.08 14:04:32.442,1.54763,1.54777,1.00,1.05
2014.07.08 14:04:32.896,1.54763,1.54784,1.00,2.10
2014.07.08 14:04:33.199,1.54773,1.54788,1.00,1.00
2014.07.08 14:04:33.618,1.54773,1.54786,1.00,1.00
2014.07.08 14:04:34.577,1.54773,1.54784,1.00,1.00
2014.07.08 14:04:34.628,1.54764,1.54784,1.00,1.00
2014.07.08 14:04:35.422,1.54763,1.54784,1.00,1.00
2014.07.08 14:04:35.790,1.54763,1.5478,1.00,1.00
2014.07.08 14:04:36.093,1.54754,1.54775,1.00,1.00
2014.07.08 14:04:36.347,1.54754,1.54773,1.00,1.00
2014.07.08 14:04:36.600,1.54754,1.54776,1.00,1.00
2014.07.08 14:04:36.803,1.54754,1.5478,1.00,1.00
2014.07.08 14:04:36.854,1.54764,1.5478,1.00,1.00
2014.07.08 14:04:37.367,1.54764,1.54784,1.00,1.50
2014.07.08 14:04:37.914,1.54763,1.54784,1.00,1.50
2014.07.08 14:04:39.052,1.54764,1.54786,1.00,1.00
2014.07.08 14:04:39.257,1.54774,1.54786,1.00,1.00
2014.07.08 14:04:39.359,1.54774,1.54791,1.00,1.50
2014.07.08 14:04:41.838,1.54774,1.5479,1.00,1.00
2014.07.08 14:04:42.070,1.54779,1.54797,1.00,1.30
2014.07.08 14:04:42.374,1.54793,1.54805,1.00,1.50
2014.07.08 14:04:42.424,1.54793,1.54818,1.00,1.00
2014.07.08 14:04:42.475,1.5479,1.54817,1.00,1.00
2014.07.08 14:04:42.681,1.54794,1.54824,1.00,1.00
2014.07.08 14:04:42.782,1.54794,1.54819,1.00,1.00
2014.07.08 14:04:43.085,1.54794,1.54815,1.00,1.00
2014.07.08 14:04:43.137,1.54784,1.54815,1.00,1.00
2014.07.08 14:04:43.238,1.54794,1.54815,1.00,1.00
2014.07.08 14:04:43.799,1.54794,1.54812,1.00,1.00
2014.07.08 14:04:44.235,1.54794,1.54815,1.00,1.00
2014.07.08 14:04:44.919,1.54794,1.54812,1.00,1.00
2014.07.08 14:04:46.137,1.54794,1.54816,1.00,1.00
2014.07.08 14:04:46.187,1.54794,1.54814,1.00,1.00
2014.07.08 14:04:46.491,1.54803,1.54821,1.00,1.00
2014.07.08 14:04:46.593,1.54794,1.54821,1.00,1.00
2014.07.08 14:04:46.796,1.54803,1.54821,1.00,1.00
2014.07.08 14:04:47.313,1.54803,1.5482,1.00,1.00
2014.07.08 14:04:47.414,1.54803,1.54822,1.00,1.05
2014.07.08 14:04:48.097,1.54803,1.54821,1.00,1.00
2014.07.08 14:04:48.148,1.54803,1.54819,1.00,1.00
2014.07.08 14:04:48.669,1.54804,1.54819,1.00,1.00
2014.07.08 14:04:48.922,1.54804,1.54826,1.00,1.50
2014.07.08 14:04:49.023,1.54804,1.54823,1.00,1.00
2014.07.08 14:04:50.470,1.54804,1.54822,1.00,1.00
2014.07.08 14:04:50.647,1.54794,1.5482,1.00,1.00
2014.07.08 14:04:50.804,1.54794,1.54818,1.00,1.00
2014.07.08 14:04:51.157,1.54793,1.54815,1.00,1.00
2014.07.08 14:04:51.460,1.54804,1.54816,1.00,1.00
2014.07.08 14:04:51.561,1.54804,1.54823,1.00,1.50
2014.07.08 14:04:52.013,1.54804,1.54819,1.00,1.00
2014.07.08 14:04:52.948,1.54794,1.54819,1.00,1.50
2014.07.08 14:04:53.200,1.54794,1.54814,1.00,1.00
2014.07.08 14:04:53.706,1.54794,1.54813,1.00,1.00
2014.07.08 14:04:53.757,1.54794,1.54816,1.00,1.00
2014.07.08 14:04:54.376,1.54793,1.54816,1.00,1.00
2014.07.08 14:04:56.148,1.54794,1.54816,1.00,1.50
2014.07.08 14:04:58.499,1.54794,1.54814,1.00,1.00
2014.07.08 14:04:58.601,1.54787,1.54816,1.00,1.00
2014.07.08 14:04:58.807,1.54785,1.54815,1.00,1.00
2014.07.08 14:04:59.059,1.54785,1.54813,1.00,1.00
2014.07.08 14:04:59.431,1.54783,1.54811,1.00,1.00
2014.07.08 14:04:59.742,1.54793,1.54811,1.00,1.00
2014.07.08 14:05:00.238,1.54793,1.54809,1.00,1.00
2014.07.08 14:05:00.339,1.54783,1.54809,1.00,1.00
2014.07.08 14:05:00.845,1.54784,1.54808,1.00,1.00
2014.07.08 14:05:00.895,1.54778,1.548,1.00,1.00
2014.07.08 14:05:00.996,1.54778,1.54802,1.00,1.00
2014.07.08 14:05:01.047,1.54774,1.54805,1.50,1.00
2014.07.08 14:05:01.199,1.54774,1.54803,1.00,1.00
2014.07.08 14:05:01.353,1.54765,1.54798,1.00,1.00
2014.07.08 14:05:01.454,1.54774,1.54798,1.00,1.50
2014.07.08 14:05:01.729,1.54773,1.548,1.00,1.50
2014.07.08 14:05:01.880,1.54768,1.54796,1.50,1.00
2014.07.08 14:05:03.075,1.54773,1.54797,1.00,1.00
2014.07.08 14:05:03.378,1.54773,1.54799,1.00,1.00
2014.07.08 14:05:04.059,1.54768,1.54796,1.00,1.00
2014.07.08 14:05:04.570,1.54769,1.54796,1.00,1.00
2014.07.08 14:05:04.621,1.54774,1.548,1.00,1.00
2014.07.08 14:05:05.604,1.54773,1.548,1.00,1.00
2014.07.08 14:05:06.130,1.54774,1.548,1.00,1.00
2014.07.08 14:05:06.641,1.54774,1.54801,1.00,1.50
2014.07.08 14:05:08.128,1.54774,1.54802,1.00,1.00
2014.07.08 14:05:08.461,1.54784,1.54802,1.00,1.00
2014.07.08 14:05:11.696,1.54777,1.54802,1.00,1.00
2014.07.08 14:05:13.095,1.54784,1.54802,1.00,1.00
2014.07.08 14:05:13.339,1.54777,1.54802,1.00,1.00
2014.07.08 14:05:14.199,1.54777,1.54807,1.00,1.50
2014.07.08 14:05:14.300,1.54784,1.54807,1.00,1.00
2014.07.08 14:05:14.843,1.54784,1.54808,1.00,1.88
2014.07.08 14:05:15.379,1.54784,1.54809,1.00,1.80
2014.07.08 14:05:15.430,1.54778,1.5481,1.00,1.30
2014.07.08 14:05:15.582,1.54778,1.54811,1.00,1.50
2014.07.08 14:05:15.633,1.54783,1.54811,1.00,1.50
2014.07.08 14:05:16.169,1.54784,1.54811,1.00,1.00
2014.07.08 14:05:19.367,1.54784,1.5481,1.00,1.00
2014.07.08 14:05:20.011,1.54779,1.5481,1.00,1.00
2014.07.08 14:05:20.670,1.54784,1.5481,1.00,1.00
2014.07.08 14:05:21.991,1.54779,1.5481,1.00,1.00
2014.07.08 14:05:22.431,1.54784,1.5481,1.00,1.00
2014.07.08 14:05:23.354,1.54779,1.5481,1.00,1.00
2014.07.08 14:05:23.478,1.54779,1.54808,1.00,1.00
2014.07.08 14:05:23.859,1.54784,1.54808,1.00,1.00
2014.07.08 14:05:24.633,1.54783,1.54808,1.00,1.00
2014.07.08 14:05:25.150,1.54784,1.54808,1.00,1.00
2014.07.08 14:05:25.606,1.54775,1.54808,1.00,1.50
2014.07.08 14:05:26.418,1.54775,1.54807,1.00,1.00
2014.07.08 14:05:26.621,1.54775,1.54803,1.00,1.00
2014.07.08 14:05:26.722,1.54774,1.54806,1.00,1.00
2014.07.08 14:05:27.261,1.54773,1.54807,1.00,1.00
2014.07.08 14:05:29.355,1.54774,1.54807,1.00,1.00
2014.07.08 14:05:30.350,1.54773,1.54807,1.00,1.00
2014.07.08 14:05:31.348,1.54774,1.54807,1.00,1.00
2014.07.08 14:05:31.889,1.54773,1.54807,1.00,1.00
2014.07.08 14:05:32.470,1.54773,1.54801,1.00,1.00
2014.07.08 14:05:32.571,1.54768,1.54801,1.50,1.00
2014.07.08 14:05:32.976,1.54768,1.54797,1.00,1.00
2014.07.08 14:05:33.027,1.54765,1.54797,1.00,1.00
2014.07.08 14:05:33.539,1.54766,1.54797,1.00,1.00
2014.07.08 14:05:34.968,1.54768,1.54797,1.00,1.00
2014.07.08 14:05:35.429,1.54769,1.54801,1.00,1.00
2014.07.08 14:05:35.934,1.54769,1.548,1.00,1.00
2014.07.08 14:05:38.872,1.5477,1.54804,1.00,1.00
2014.07.08 14:05:39.074,1.54773,1.54804,1.00,1.00
2014.07.08 14:05:40.491,1.54774,1.54804,1.00,1.00
2014.07.08 14:05:40.804,1.54771,1.54804,1.00,1.00
2014.07.08 14:05:41.007,1.54773,1.54804,1.00,1.50
2014.07.08 14:05:41.334,1.5477,1.548,1.00,1.00
2014.07.08 14:05:41.666,1.54772,1.548,1.00,1.00
2014.07.08 14:05:41.822,1.5477,1.548,1.00,1.00
2014.07.08 14:05:42.343,1.54773,1.548,1.00,1.00
2014.07.08 14:05:42.495,1.54775,1.54804,1.00,1.00
2014.07.08 14:05:42.707,1.54773,1.54805,1.50,1.88
2014.07.08 14:05:42.909,1.54783,1.54804,1.00,1.00
2014.07.08 14:05:43.011,1.54783,1.54806,1.00,1.13
2014.07.08 14:05:43.408,1.54777,1.54806,1.00,1.50
2014.07.08 14:05:44.007,1.54774,1.54797,1.00,1.00
2014.07.08 14:05:44.310,1.54773,1.54793,1.00,1.00
2014.07.08 14:05:44.411,1.54773,1.54801,1.00,1.00
2014.07.08 14:05:44.563,1.54776,1.54803,1.00,1.00
2014.07.08 14:05:44.613,1.54776,1.54806,1.00,1.00
2014.07.08 14:05:44.715,1.54778,1.5481,1.00,1.00
2014.07.08 14:05:44.765,1.54786,1.54812,1.00,1.00
2014.07.08 14:05:44.942,1.54786,1.54816,1.00,1.00
2014.07.08 14:05:45.448,1.54785,1.54817,1.00,1.13
2014.07.08 14:05:46.834,1.54785,1.54806,1.00,1.00
2014.07.08 14:05:48.619,1.54785,1.54812,1.00,1.00
2014.07.08 14:05:49.039,1.54785,1.54816,1.00,2.25
2014.07.08 14:05:50.350,1.54785,1.54812,1.00,1.00
2014.07.08 14:05:50.617,1.54778,1.5481,1.50,1.00
2014.07.08 14:05:50.819,1.54778,1.54807,1.50,1.00
2014.07.08 14:05:52.344,1.54778,1.54808,1.00,1.00
2014.07.08 14:05:52.883,1.54778,1.54807,1.00,1.00
2014.07.08 14:05:54.579,1.54776,1.5481,1.00,1.00
2014.07.08 14:05:54.688,1.54776,1.54807,1.00,1.13
2014.07.08 14:05:54.991,1.54774,1.54807,1.00,1.88
2014.07.08 14:05:55.514,1.54773,1.54806,1.50,1.00
2014.07.08 14:05:55.716,1.54773,1.54804,1.50,1.00
2014.07.08 14:05:57.100,1.54774,1.54804,1.00,1.00
2014.07.08 14:05:57.643,1.54773,1.54804,1.50,1.00
2014.07.08 14:06:00.259,1.54774,1.54804,1.00,1.00
2014.07.08 14:06:00.309,1.54774,1.54807,1.00,2.63
2014.07.08 14:06:00.425,1.54774,1.54804,1.00,1.00
2014.07.08 14:06:00.959,1.54773,1.54804,1.00,1.00
2014.07.08 14:06:04.710,1.54773,1.54801,1.00,1.00
2014.07.08 14:06:04.963,1.54774,1.54804,1.00,1.00
2014.07.08 14:06:05.366,1.54773,1.54801,1.00,1.00
2014.07.08 14:06:05.467,1.54773,1.54803,1.00,1.00
2014.07.08 14:06:06.395,1.54773,1.54801,1.00,1.00
2014.07.08 14:06:06.901,1.54773,1.54801,1.00,1.68
2014.07.08 14:06:07.779,1.54773,1.54801,1.00,1.00
2014.07.08 14:06:14.183,1.54773,1.54798,1.00,1.00
2014.07.08 14:06:14.698,1.54774,1.54798,1.00,1.00
2014.07.08 14:06:14.904,1.54769,1.54798,1.00,1.00
2014.07.08 14:06:15.006,1.54774,1.54798,1.00,1.00
2014.07.08 14:06:15.056,1.54774,1.548,1.00,1.00
2014.07.08 14:06:15.600,1.54774,1.54789,1.00,1.00
2014.07.08 14:06:15.954,1.54774,1.54787,1.00,1.00
2014.07.08 14:06:16.566,1.54764,1.54787,1.00,1.00
2014.07.08 14:06:16.718,1.54764,1.5479,1.00,1.00
2014.07.08 14:06:16.769,1.54764,1.54792,1.00,1.00
2014.07.08 14:06:16.921,1.54765,1.54797,1.00,1.00
2014.07.08 14:06:17.224,1.54769,1.54798,1.00,1.00
2014.07.08 14:06:17.375,1.54769,1.54801,1.00,1.00
2014.07.08 14:06:17.728,1.54773,1.54806,1.00,1.00
2014.07.08 14:06:17.981,1.54777,1.54809,1.00,1.00
2014.07.08 14:06:18.032,1.54777,1.54811,1.00,1.13
2014.07.08 14:06:18.234,1.54774,1.54811,2.25,1.13
2014.07.08 14:06:19.612,1.54778,1.54812,1.00,2.63
2014.07.08 14:06:20.617,1.54778,1.54809,1.00,1.00
2014.07.08 14:06:20.920,1.54774,1.54797,1.00,1.00
2014.07.08 14:06:21.021,1.54774,1.548,1.00,1.00
2014.07.08 14:06:21.223,1.54774,1.54797,1.00,1.00
2014.07.08 14:06:22.148,1.54773,1.54797,1.00,1.00
2014.07.08 14:06:22.837,1.54773,1.54801,1.00,1.00
2014.07.08 14:06:22.938,1.54773,1.54803,1.00,1.35
2014.07.08 14:06:23.238,1.54774,1.54808,1.50,1.43
2014.07.08 14:06:23.292,1.54777,1.5481,1.00,2.55
2014.07.08 14:06:23.494,1.54777,1.5481,1.00,1.00
2014.07.08 14:06:24.071,1.54784,1.5481,1.00,1.50
2014.07.08 14:06:24.407,1.54776,1.5481,1.00,1.50
2014.07.08 14:06:24.458,1.54776,1.54808,1.00,1.13
2014.07.08 14:06:24.761,1.54774,1.54805,1.00,1.00
2014.07.08 14:06:27.594,1.54783,1.54799,1.00,1.00
2014.07.08 14:06:27.696,1.54783,1.54803,1.00,1.00
2014.07.08 14:06:27.797,1.54783,1.54807,1.00,1.00
2014.07.08 14:06:27.898,1.54784,1.54804,1.00,1.00
2014.07.08 14:06:28.050,1.54774,1.54804,1.50,1.00
2014.07.08 14:06:28.101,1.54774,1.548,1.50,1.00
2014.07.08 14:06:28.203,1.54774,1.54804,1.50,1.00
2014.07.08 14:06:28.455,1.54783,1.54804,1.00,1.50
2014.07.08 14:06:29.011,1.54783,1.54805,1.00,1.50
2014.07.08 14:06:30.857,1.54773,1.54805,1.00,1.50
2014.07.08 14:06:31.124,1.54784,1.54805,1.00,1.50
2014.07.08 14:06:31.693,1.54784,1.54804,1.00,1.00
2014.07.08 14:06:32.506,1.54773,1.54804,1.00,1.00
2014.07.08 14:06:33.056,1.54773,1.54802,1.00,1.00
2014.07.08 14:06:33.979,1.54773,1.548,1.00,1.00
2014.07.08 14:06:37.127,1.54773,1.54801,1.00,1.00
2014.07.08 14:06:37.672,1.54773,1.548,1.00,1.00
2014.07.08 14:06:38.243,1.54773,1.54804,1.00,1.50
2014.07.08 14:06:38.473,1.54773,1.54802,1.00,1.00
2014.07.08 14:06:41.349,1.54783,1.54802,1.00,1.00
2014.07.08 14:06:43.412,1.54783,1.54801,1.00,1.00
2014.07.08 14:06:45.295,1.54773,1.54801,1.00,1.00
2014.07.08 14:06:45.396,1.54773,1.54798,1.00,1.00
2014.07.08 14:06:47.722,1.54773,1.54797,1.00,1.00
2014.07.08 14:06:51.891,1.54783,1.54797,1.00,1.00
2014.07.08 14:06:53.886,1.54774,1.54797,1.00,1.00
2014.07.08 14:06:55.057,1.54774,1.54802,1.00,1.00
2014.07.08 14:06:55.178,1.54774,1.54799,1.00,1.00
2014.07.08 14:06:55.724,1.54774,1.54798,1.00,1.00
2014.07.08 14:06:58.154,1.54784,1.54798,1.00,1.00
2014.07.08 14:06:58.357,1.54774,1.54798,1.00,1.00
2014.07.08 14:06:59.396,1.54783,1.54798,1.00,1.00
2014.07.08 14:06:59.603,1.54783,1.54803,1.00,1.00
2014.07.08 14:06:59.755,1.54783,1.54805,1.00,1.43
2014.07.08 14:07:01.060,1.54784,1.54805,1.00,1.00
2014.07.08 14:07:01.262,1.54783,1.54803,1.00,1.00
2014.07.08 14:07:01.546,1.54774,1.548,1.00,1.00
2014.07.08 14:07:02.315,1.54783,1.548,1.00,1.00
2014.07.08 14:07:03.189,1.54783,1.54804,1.00,1.50
2014.07.08 14:07:03.706,1.54783,1.54805,1.00,1.00
2014.07.08 14:07:04.263,1.54784,1.54805,1.00,1.00
2014.07.08 14:07:04.718,1.54783,1.54812,1.00,2.10
2014.07.08 14:07:04.869,1.54793,1.54812,1.00,1.50
2014.07.08 14:07:05.055,1.54793,1.54817,1.00,1.00
2014.07.08 14:07:08.639,1.54793,1.54818,1.00,1.00
2014.07.08 14:07:09.186,1.54794,1.54818,1.00,1.00
2014.07.08 14:07:11.660,1.54793,1.54818,1.00,1.00
2014.07.08 14:07:12.327,1.54794,1.54818,1.00,1.00
2014.07.08 14:07:15.741,1.54787,1.54816,1.00,1.00
2014.07.08 14:07:16.248,1.54787,1.54817,1.00,1.00
2014.07.08 14:07:21.480,1.54786,1.54816,1.00,1.00
2014.07.08 14:07:23.646,1.54786,1.54814,1.00,1.00
2014.07.08 14:07:24.269,1.54783,1.54814,1.50,1.00
2014.07.08 14:07:25.863,1.54781,1.54807,1.00,1.00
2014.07.08 14:07:26.015,1.54783,1.54814,1.00,1.50
2014.07.08 14:07:26.597,1.54784,1.54814,1.00,1.50
2014.07.08 14:07:27.430,1.5478,1.54807,1.00,1.00
2014.07.08 14:07:27.617,1.54783,1.54814,1.00,1.50
2014.07.08 14:07:28.202,1.54783,1.54811,1.00,1.00
2014.07.08 14:07:31.815,1.54779,1.54807,1.00,1.00
2014.07.08 14:07:32.347,1.54784,1.54811,1.00,1.00
2014.07.08 14:07:32.710,1.54779,1.54806,1.00,1.00
2014.07.08 14:07:33.116,1.54784,1.54811,1.00,1.00
2014.07.08 14:07:33.686,1.54779,1.54806,1.00,1.00
2014.07.08 14:07:33.928,1.54783,1.54811,1.00,1.00
2014.07.08 14:07:34.155,1.54779,1.54806,1.00,1.00
2014.07.08 14:07:34.546,1.54783,1.54811,1.00,1.00
2014.07.08 14:07:34.888,1.54779,1.54807,1.00,1.00
2014.07.08 14:07:35.340,1.54774,1.54807,1.00,1.00
2014.07.08 14:07:35.441,1.54774,1.54805,1.00,1.00
2014.07.08 14:07:39.421,1.54776,1.54807,1.00,1.00
2014.07.08 14:07:39.949,1.54777,1.54807,1.00,1.50
2014.07.08 14:07:40.544,1.54777,1.54806,1.00,1.00
2014.07.08 14:07:40.861,1.54784,1.54807,1.00,1.00
2014.07.08 14:07:51.735,1.54777,1.54807,1.00,1.50
2014.07.08 14:07:51.815,1.54784,1.54807,1.00,1.00
2014.07.08 14:07:52.344,1.54783,1.54807,1.00,1.00
2014.07.08 14:07:53.139,1.54784,1.54807,1.00,1.00
2014.07.08 14:07:53.551,1.54784,1.5481,1.00,1.00
2014.07.08 14:07:53.602,1.54784,1.54812,1.00,1.00
2014.07.08 14:07:53.873,1.54794,1.54812,1.00,1.00
2014.07.08 14:07:53.924,1.54794,1.54817,1.00,1.00
2014.07.08 14:07:58.796,1.54786,1.54816,1.00,1.00
2014.07.08 14:07:59.450,1.54786,1.54817,1.00,1.50
2014.07.08 14:07:59.967,1.54786,1.54816,1.00,1.00
2014.07.08 14:08:00.275,1.54784,1.54817,1.00,1.50
2014.07.08 14:08:00.837,1.54785,1.54817,1.00,1.50
2014.07.08 14:08:03.392,1.54785,1.54816,1.00,1.00
2014.07.08 14:08:04.467,1.54785,1.54817,1.00,1.50
2014.07.08 14:08:05.127,1.54785,1.54816,1.00,1.00
2014.07.08 14:08:07.264,1.54785,1.54817,1.00,1.50
2014.07.08 14:08:08.645,1.54794,1.54817,1.00,1.00
2014.07.08 14:08:09.426,1.54785,1.54816,1.00,1.00
2014.07.08 14:08:09.643,1.54783,1.54817,1.50,1.50
2014.07.08 14:08:10.158,1.54783,1.54816,1.00,1.50
2014.07.08 14:08:10.677,1.54784,1.54816,1.00,2.25
2014.07.08 14:08:11.329,1.54783,1.54816,1.00,1.50
2014.07.08 14:08:12.058,1.54784,1.54816,1.00,2.25
2014.07.08 14:08:12.644,1.54783,1.54816,1.00,1.50
2014.07.08 14:08:13.185,1.54784,1.54816,1.00,2.25
2014.07.08 14:08:14.033,1.54783,1.54816,1.00,1.50
2014.07.08 14:08:14.541,1.54784,1.54816,1.00,2.25
2014.07.08 14:08:15.059,1.54783,1.54816,1.00,1.00
2014.07.08 14:08:15.362,1.54784,1.54812,1.00,1.00
2014.07.08 14:08:15.914,1.54783,1.54812,1.00,1.00
2014.07.08 14:08:18.881,1.54784,1.54812,1.00,1.00
2014.07.08 14:08:19.404,1.54783,1.54812,1.00,1.00
2014.07.08 14:08:20.085,1.54784,1.54812,1.00,1.00
2014.07.08 14:08:20.908,1.54783,1.54812,1.00,1.00
2014.07.08 14:08:21.266,1.54784,1.54809,1.00,1.00
2014.07.08 14:08:21.317,1.54776,1.54807,1.00,1.00
2014.07.08 14:08:21.858,1.54775,1.54806,1.00,1.00
2014.07.08 14:08:22.764,1.54783,1.54809,1.00,1.00
2014.07.08 14:08:23.168,1.54775,1.54806,1.00,1.00
2014.07.08 14:08:23.522,1.54784,1.54808,1.00,1.00
2014.07.08 14:08:24.061,1.54783,1.54809,1.00,1.50
2014.07.08 14:08:25.807,1.54784,1.54809,1.00,1.00
2014.07.08 14:08:26.116,1.54784,1.54805,1.00,1.00
2014.07.08 14:08:26.818,1.54783,1.54805,1.00,1.00
2014.07.08 14:08:26.869,1.54783,1.54808,1.00,1.00
2014.07.08 14:08:27.021,1.54783,1.54803,1.00,1.00
2014.07.08 14:08:27.071,1.54783,1.54807,1.00,1.00
2014.07.08 14:08:27.718,1.54784,1.54807,1.00,1.00
2014.07.08 14:08:32.314,1.54783,1.54807,1.00,1.00
2014.07.08 14:08:32.997,1.54783,1.54808,1.00,1.00
2014.07.08 14:08:38.994,1.54784,1.54808,1.00,1.00
2014.07.08 14:08:39.045,1.54784,1.54817,1.50,1.50
2014.07.08 14:08:39.146,1.54784,1.54813,1.50,1.00
2014.07.08 14:08:39.247,1.54784,1.54815,1.50,1.00
2014.07.08 14:08:39.449,1.54786,1.54816,1.00,1.00
2014.07.08 14:08:39.764,1.54794,1.54818,1.00,1.35
2014.07.08 14:08:40.545,1.54787,1.54816,1.00,1.00
2014.07.08 14:08:41.319,1.54793,1.54821,1.00,2.10
2014.07.08 14:08:41.638,1.54793,1.5481,1.00,1.00
2014.07.08 14:08:41.891,1.54784,1.54809,1.00,1.00
2014.07.08 14:08:42.145,1.54783,1.54807,1.00,1.00
2014.07.08 14:08:42.764,1.54783,1.54809,1.00,1.00
2014.07.08 14:08:43.066,1.54783,1.54807,1.00,1.00
2014.07.08 14:08:43.422,1.54784,1.5481,1.00,1.00
2014.07.08 14:08:43.587,1.54777,1.54807,1.50,1.00
2014.07.08 14:08:43.739,1.54779,1.54807,1.00,1.00
2014.07.08 14:08:44.067,1.54784,1.54811,1.00,1.00
2014.07.08 14:08:45.566,1.54794,1.54811,1.00,1.00
2014.07.08 14:08:45.667,1.54794,1.54817,1.00,1.38
2014.07.08 14:08:45.919,1.54803,1.54817,1.00,1.00
2014.07.08 14:08:45.970,1.54803,1.5482,1.00,1.00
2014.07.08 14:08:46.122,1.54793,1.5482,1.00,1.00
2014.07.08 14:08:46.274,1.54793,1.54823,1.00,1.38
2014.07.08 14:08:46.325,1.54804,1.54823,1.00,1.38
2014.07.08 14:08:46.770,1.54804,1.54825,1.00,1.00
2014.07.08 14:08:49.469,1.54804,1.54829,1.00,1.20
2014.07.08 14:08:51.624,1.54804,1.54826,1.00,1.00
2014.07.08 14:08:51.826,1.54794,1.54823,1.00,1.00
2014.07.08 14:08:52.318,1.54793,1.54826,1.00,1.00
2014.07.08 14:08:52.419,1.54796,1.54827,1.00,1.13
2014.07.08 14:08:53.816,1.54804,1.54828,1.00,1.00
2014.07.08 14:08:54.253,1.54796,1.54827,1.00,1.00
2014.07.08 14:08:55.677,1.54804,1.54828,1.00,1.00
2014.07.08 14:08:56.489,1.54804,1.54827,1.00,1.00
2014.07.08 14:08:56.875,1.54795,1.54826,1.00,1.00
2014.07.08 14:08:56.983,1.54803,1.54828,1.00,1.00
2014.07.08 14:08:58.245,1.54803,1.54829,1.00,1.65
2014.07.08 14:08:58.761,1.54803,1.54828,1.00,1.00
2014.07.08 14:08:59.266,1.54803,1.54829,1.00,1.35
2014.07.08 14:09:00.325,1.54803,1.54827,1.00,1.00
2014.07.08 14:09:00.787,1.54803,1.54829,1.00,2.40
2014.07.08 14:09:00.973,1.54803,1.54827,1.00,1.00
2014.07.08 14:09:01.241,1.54803,1.54829,1.00,2.10
2014.07.08 14:09:01.393,1.54796,1.5482,1.00,1.00
2014.07.08 14:09:01.695,1.54795,1.54818,1.00,1.00
2014.07.08 14:09:01.998,1.54795,1.54815,1.00,1.00
2014.07.08 14:09:02.048,1.54791,1.54815,1.00,1.00
2014.07.08 14:09:02.296,1.54784,1.54817,1.00,1.00
2014.07.08 14:09:02.817,1.54784,1.54816,1.00,1.00
2014.07.08 14:09:03.677,1.54784,1.5481,1.50,1.00
2014.07.08 14:09:04.041,1.54784,1.54806,1.00,1.00
2014.07.08 14:09:04.143,1.54775,1.54806,1.00,1.50
2014.07.08 14:09:04.691,1.54774,1.54806,1.00,1.50
2014.07.08 14:09:04.943,1.54774,1.54801,1.00,1.00
2014.07.08 14:09:05.245,1.54774,1.54796,1.00,1.00
2014.07.08 14:09:05.346,1.54768,1.54796,1.05,1.00
2014.07.08 14:09:05.599,1.54765,1.54796,1.00,1.00
2014.07.08 14:09:05.700,1.54763,1.54796,1.00,1.00
2014.07.08 14:09:06.613,1.54763,1.54794,1.00,1.00
2014.07.08 14:09:06.944,1.54763,1.54796,1.00,1.00
2014.07.08 14:09:07.519,1.54763,1.54797,1.50,2.25
2014.07.08 14:09:07.772,1.54773,1.54797,1.00,1.00
2014.07.08 14:09:07.874,1.54773,1.54799,1.00,1.00
2014.07.08 14:09:08.076,1.54773,1.54803,1.00,1.00
2014.07.08 14:09:08.596,1.54774,1.54802,1.00,1.00
2014.07.08 14:09:09.154,1.54774,1.54801,1.00,1.00
2014.07.08 14:09:09.256,1.54773,1.54798,1.00,1.00
2014.07.08 14:09:09.610,1.54773,1.54802,1.00,1.00
2014.07.08 14:09:10.404,1.54774,1.54802,1.00,1.00
2014.07.08 14:09:10.871,1.54772,1.54797,1.00,1.00
2014.07.08 14:09:10.972,1.54769,1.54797,1.00,1.00
2014.07.08 14:09:11.393,1.54774,1.548,1.00,1.00
2014.07.08 14:09:15.714,1.54774,1.54801,1.00,1.00
2014.07.08 14:09:17.995,1.54768,1.54797,1.30,1.00
2014.07.08 14:09:18.147,1.54774,1.54801,1.00,1.00
2014.07.08 14:09:18.859,1.54774,1.548,1.00,1.00
2014.07.08 14:09:19.079,1.54774,1.54802,1.00,1.00
2014.07.08 14:09:23.022,1.54774,1.54801,1.00,1.00
2014.07.08 14:09:23.773,1.54774,1.54802,1.00,1.00
2014.07.08 14:09:24.128,1.54774,1.54805,1.00,1.00
2014.07.08 14:09:28.768,1.54774,1.54806,1.00,1.00
2014.07.08 14:09:28.850,1.54776,1.54806,1.00,1.00
2014.07.08 14:09:29.356,1.54776,1.54807,1.00,1.00
2014.07.08 14:09:29.897,1.54784,1.54809,1.00,1.00
2014.07.08 14:09:30.351,1.54776,1.54807,1.50,1.00
2014.07.08 14:09:34.529,1.54784,1.54808,1.00,1.00
2014.07.08 14:09:35.620,1.54784,1.54809,1.00,1.00
2014.07.08 14:09:36.549,1.54784,1.54811,1.00,1.50
2014.07.08 14:09:37.063,1.54784,1.5481,1.00,1.00
2014.07.08 14:09:37.664,1.54784,1.54809,1.00,1.00
2014.07.08 14:09:46.863,1.54784,1.54808,1.00,1.00
2014.07.08 14:09:48.145,1.54776,1.54807,1.05,1.00
2014.07.08 14:09:48.351,1.54775,1.54805,1.30,1.00
2014.07.08 14:09:48.675,1.54784,1.54805,1.00,1.00
2014.07.08 14:09:48.726,1.54774,1.54805,1.30,1.00
2014.07.08 14:09:51.946,1.54774,1.54805,1.30,1.00
2014.07.08 14:09:52.300,1.54774,1.54801,1.00,1.00
2014.07.08 14:09:52.451,1.54769,1.54797,1.00,1.00
2014.07.08 14:09:52.664,1.54774,1.548,1.00,1.00
2014.07.08 14:09:55.294,1.54774,1.54795,1.00,1.00
2014.07.08 14:09:57.191,1.54774,1.54797,1.00,1.00
2014.07.08 14:09:59.009,1.54774,1.54799,1.00,1.00
2014.07.08 14:09:59.112,1.54774,1.54801,1.00,1.50
2014.07.08 14:10:00.104,1.54784,1.54801,1.00,1.50
2014.07.08 14:10:00.205,1.54774,1.54803,1.00,1.00
2014.07.08 14:10:00.745,1.54774,1.54804,1.00,1.00
2014.07.08 14:10:00.976,1.54783,1.54805,1.00,1.00
2014.07.08 14:10:01.077,1.54783,1.54809,1.00,1.00
2014.07.08 14:10:01.181,1.54783,1.54811,1.00,1.50
2014.07.08 14:10:02.696,1.54783,1.54806,1.00,1.00
2014.07.08 14:10:02.797,1.54783,1.54808,1.00,1.00
2014.07.08 14:10:02.898,1.54779,1.54807,1.05,1.00
2014.07.08 14:10:03.201,1.54774,1.54805,1.30,1.00
2014.07.08 14:10:03.252,1.54774,1.54805,1.00,1.00
2014.07.08 14:10:03.404,1.54769,1.54799,1.00,1.00
2014.07.08 14:10:03.556,1.54764,1.54795,1.00,1.00
2014.07.08 14:10:03.708,1.54764,1.54797,1.00,1.00
2014.07.08 14:10:04.232,1.54764,1.54796,1.00,1.00
2014.07.08 14:10:04.732,1.54761,1.54796,1.50,1.50
2014.07.08 14:10:04.783,1.54761,1.54794,1.00,1.00
2014.07.08 14:10:05.086,1.54756,1.54786,1.00,1.50
2014.07.08 14:10:05.538,1.54754,1.54786,1.00,2.25
2014.07.08 14:10:06.139,1.54754,1.54785,1.00,1.00
2014.07.08 14:10:06.190,1.54754,1.54783,1.00,1.00
2014.07.08 14:10:09.117,1.54764,1.54783,1.00,1.00
2014.07.08 14:10:09.218,1.54764,1.54787,1.00,1.00
2014.07.08 14:10:09.723,1.54764,1.54786,1.00,1.00
2014.07.08 14:10:09.875,1.54755,1.54786,1.00,1.00
2014.07.08 14:10:09.926,1.54755,1.54789,1.00,1.00
2014.07.08 14:10:10.643,1.54763,1.54789,1.00,1.00
2014.07.08 14:10:12.079,1.54755,1.54789,1.00,1.00
2014.07.08 14:10:12.463,1.54755,1.54787,1.00,1.00
2014.07.08 14:10:12.803,1.54754,1.54784,1.00,1.00
2014.07.08 14:10:14.141,1.54754,1.54783,1.00,1.00
2014.07.08 14:10:14.660,1.54754,1.54784,1.00,1.50
2014.07.08 14:10:17.127,1.54754,1.54782,1.00,1.00
2014.07.08 14:10:17.436,1.54753,1.54778,1.00,1.00
2014.07.08 14:10:18.997,1.54753,1.54775,1.00,1.00
2014.07.08 14:10:20.364,1.54764,1.54775,1.00,1.00
2014.07.08 14:10:20.664,1.54753,1.54775,1.00,1.00
2014.07.08 14:10:22.077,1.54753,1.54777,1.00,1.00
2014.07.08 14:10:22.178,1.54753,1.54779,1.00,1.50
2014.07.08 14:10:25.067,1.54764,1.54779,1.00,1.50
2014.07.08 14:10:25.394,1.54753,1.54779,1.00,1.00
2014.07.08 14:10:25.498,1.54753,1.54781,1.00,1.00
2014.07.08 14:10:25.650,1.54764,1.54781,1.00,1.00
2014.07.08 14:10:25.701,1.54764,1.54786,1.00,1.00
2014.07.08 14:10:25.802,1.54754,1.54786,1.00,1.00
2014.07.08 14:10:25.903,1.54756,1.5479,1.00,1.00
2014.07.08 14:10:26.223,1.54757,1.54792,1.00,1.50
2014.07.08 14:10:26.817,1.54764,1.54792,1.00,1.50
2014.07.08 14:10:27.163,1.54757,1.54792,1.00,1.50
2014.07.08 14:10:30.973,1.54758,1.54791,1.00,1.00
2014.07.08 14:10:34.377,1.54757,1.54792,1.00,1.50
2014.07.08 14:10:34.803,1.54759,1.54792,1.00,1.00
2014.07.08 14:10:35.121,1.54763,1.54793,1.00,1.00
2014.07.08 14:10:35.687,1.54763,1.54795,1.00,1.50
2014.07.08 14:10:35.839,1.54774,1.54795,1.00,1.50
2014.07.08 14:10:37.525,1.54764,1.54795,1.00,1.50
2014.07.08 14:10:37.733,1.54764,1.54793,1.00,1.00
2014.07.08 14:10:41.629,1.54764,1.54795,1.00,1.50
2014.07.08 14:10:46.063,1.54774,1.54795,1.00,1.50
2014.07.08 14:10:47.163,1.54764,1.54795,1.00,1.50
2014.07.08 14:10:47.825,1.54774,1.54795,1.00,1.50
2014.07.08 14:10:48.384,1.54764,1.54795,1.00,1.50
2014.07.08 14:10:48.730,1.54774,1.54795,1.00,1.50
2014.07.08 14:10:49.082,1.54763,1.54795,1.00,1.50
2014.07.08 14:10:52.495,1.54774,1.54795,1.00,1.50
2014.07.08 14:10:52.682,1.54764,1.54795,1.00,1.50
2014.07.08 14:10:54.342,1.54773,1.54795,1.00,1.00
2014.07.08 14:10:54.392,1.54773,1.54799,1.00,1.50
2014.07.08 14:10:54.982,1.54773,1.54801,1.00,1.00
2014.07.08 14:10:55.083,1.54773,1.54804,1.50,1.38
2014.07.08 14:10:55.441,1.54784,1.54804,1.00,1.00
2014.07.08 14:10:55.746,1.54773,1.54804,1.00,1.00
2014.07.08 14:10:55.899,1.54784,1.54804,1.00,1.00
2014.07.08 14:10:57.942,1.54774,1.54804,1.00,1.00
2014.07.08 14:11:01.308,1.54779,1.54806,1.00,1.00
2014.07.08 14:11:01.611,1.54784,1.54811,1.00,1.00
2014.07.08 14:11:01.914,1.54784,1.54806,1.00,1.00
2014.07.08 14:11:04.875,1.54774,1.54806,1.00,1.50
2014.07.08 14:11:05.882,1.54773,1.54806,1.00,1.00
2014.07.08 14:11:11.503,1.54774,1.54806,1.00,1.50
2014.07.08 14:11:12.029,1.54774,1.54805,1.00,1.00
2014.07.08 14:11:15.852,1.54779,1.54805,1.00,1.00
2014.07.08 14:11:16.155,1.54783,1.54808,1.00,1.00
2014.07.08 14:11:16.205,1.54783,1.54813,1.00,1.00
2014.07.08 14:11:16.422,1.54783,1.54815,1.00,1.50
2014.07.08 14:11:16.836,1.54782,1.54806,1.00,1.00
2014.07.08 14:11:19.536,1.54781,1.54806,1.00,1.00
2014.07.08 14:11:23.498,1.54784,1.54815,1.00,2.25
2014.07.08 14:11:24.584,1.54794,1.54815,1.00,2.25
2014.07.08 14:11:24.741,1.54794,1.54817,1.00,1.50
2014.07.08 14:11:25.226,1.54789,1.54817,1.00,1.50
2014.07.08 14:11:25.327,1.54793,1.54817,1.00,1.00
2014.07.08 14:11:27.127,1.54794,1.54825,1.00,1.00
2014.07.08 14:11:28.854,1.54793,1.54817,1.00,1.00
2014.07.08 14:11:30.206,1.54794,1.54825,1.00,1.00
2014.07.08 14:11:31.282,1.54793,1.54816,1.00,1.00
2014.07.08 14:11:32.151,1.54793,1.54825,1.50,1.00
2014.07.08 14:11:32.794,1.54793,1.54817,1.50,1.00
2014.07.08 14:11:32.845,1.5479,1.54817,1.00,1.50
2014.07.08 14:11:32.997,1.5479,1.54815,1.00,1.00
2014.07.08 14:11:33.148,1.54783,1.54815,1.05,1.00
2014.07.08 14:11:33.663,1.54784,1.54815,1.50,1.00
2014.07.08 14:11:37.072,1.54787,1.54815,1.00,1.50
2014.07.08 14:11:37.907,1.54794,1.54815,1.00,1.50
2014.07.08 14:11:39.124,1.54784,1.54815,1.00,1.50
2014.07.08 14:11:39.424,1.54784,1.54812,1.00,1.00
2014.07.08 14:11:39.950,1.54783,1.54812,1.00,1.00
2014.07.08 14:11:41.725,1.54784,1.54812,1.00,1.00
2014.07.08 14:11:45.247,1.54784,1.54809,1.00,1.00
2014.07.08 14:11:47.322,1.54784,1.54806,1.00,1.00
2014.07.08 14:11:52.051,1.54784,1.54808,1.00,1.00
2014.07.08 14:11:52.381,1.54784,1.54805,1.00,1.00
2014.07.08 14:11:54.816,1.54783,1.54805,1.00,1.00
2014.07.08 14:11:55.807,1.54784,1.54805,1.00,1.00
2014.07.08 14:11:56.472,1.54783,1.54805,1.00,1.00
2014.07.08 14:11:58.551,1.54784,1.54805,1.00,1.00
2014.07.08 14:11:59.339,1.54794,1.54806,1.00,1.00
2014.07.08 14:12:00.865,1.54784,1.54806,1.00,1.00
2014.07.08 14:12:03.767,1.54794,1.54806,1.00,1.00
2014.07.08 14:12:03.868,1.54794,1.54809,1.00,1.00
2014.07.08 14:12:04.409,1.54794,1.54808,1.00,1.00
2014.07.08 14:12:04.605,1.54784,1.54808,1.00,1.00
2014.07.08 14:12:04.971,1.54784,1.54806,1.00,1.00
2014.07.08 14:12:06.289,1.54784,1.54803,1.00,1.00
2014.07.08 14:12:08.437,1.54784,1.54806,1.00,1.00
2014.07.08 14:12:09.678,1.54794,1.54806,1.00,1.00
2014.07.08 14:12:09.780,1.54794,1.54815,1.00,1.00
2014.07.08 14:12:09.936,1.54804,1.54815,1.00,1.00
2014.07.08 14:12:09.987,1.54804,1.54821,1.00,1.38
2014.07.08 14:12:10.239,1.54794,1.54821,1.00,1.38
2014.07.08 14:12:10.340,1.54804,1.54821,1.00,1.38
2014.07.08 14:12:10.655,1.54794,1.54819,1.00,1.00
2014.07.08 14:12:11.163,1.54794,1.54822,1.00,1.38
2014.07.08 14:12:11.264,1.54794,1.54822,1.00,1.00
2014.07.08 14:12:11.689,1.54804,1.54823,1.00,1.00
2014.07.08 14:12:12.194,1.54804,1.54822,1.00,1.00
2014.07.08 14:12:13.083,1.54793,1.54822,1.00,1.00
2014.07.08 14:12:13.184,1.54793,1.54818,1.00,1.00
2014.07.08 14:12:13.962,1.54793,1.54816,1.00,1.00
2014.07.08 14:12:14.846,1.54803,1.54816,1.00,1.00
2014.07.08 14:12:14.947,1.54803,1.54818,1.00,1.00
2014.07.08 14:12:15.149,1.54803,1.54823,1.00,1.00
2014.07.08 14:12:18.226,1.54803,1.54827,1.00,1.00
2014.07.08 14:12:18.329,1.54803,1.54829,1.00,1.00
2014.07.08 14:12:18.698,1.54803,1.54827,1.00,1.00
2014.07.08 14:12:22.531,1.54813,1.54827,1.00,1.00
2014.07.08 14:12:26.375,1.54813,1.54825,1.00,1.00
2014.07.08 14:12:26.426,1.54804,1.54825,1.00,1.00
2014.07.08 14:12:26.579,1.54804,1.54823,1.00,1.00
2014.07.08 14:12:27.111,1.54804,1.54822,1.00,1.00
2014.07.08 14:12:28.581,1.54803,1.54822,1.00,1.00
2014.07.08 14:12:29.097,1.54803,1.54821,1.00,1.00
2014.07.08 14:12:29.222,1.54803,1.54824,1.00,1.00
2014.07.08 14:12:29.374,1.54813,1.54824,1.00,1.00
2014.07.08 14:12:30.907,1.54813,1.54824,1.00,1.00
2014.07.08 14:12:33.101,1.54813,1.54824,1.00,1.00
2014.07.08 14:12:35.085,1.54804,1.54824,1.00,1.00
2014.07.08 14:12:35.620,1.54813,1.54824,1.00,1.00
2014.07.08 14:12:38.814,1.54803,1.54824,1.00,1.00
2014.07.08 14:12:38.969,1.54813,1.54824,1.00,1.00
2014.07.08 14:12:45.853,1.54813,1.54824,1.00,1.00
2014.07.08 14:12:49.718,1.54804,1.54824,1.00,1.00
2014.07.08 14:12:50.251,1.54813,1.54824,1.00,1.00
2014.07.08 14:12:50.910,1.54813,1.54827,1.00,1.00
2014.07.08 14:12:51.216,1.54813,1.54831,1.00,1.00
2014.07.08 14:12:51.551,1.54813,1.54833,1.00,1.00
2014.07.08 14:12:51.860,1.54813,1.54831,1.00,1.00
2014.07.08 14:12:52.396,1.54813,1.54832,1.00,1.00
2014.07.08 14:12:52.701,1.54823,1.54832,1.00,1.00
2014.07.08 14:12:52.891,1.54814,1.54832,1.00,1.00
2014.07.08 14:12:53.621,1.54814,1.54835,1.00,1.00
2014.07.08 14:12:54.323,1.54823,1.54835,1.00,1.00
2014.07.08 14:12:55.093,1.54814,1.54835,1.00,1.00
2014.07.08 14:12:55.648,1.54813,1.54835,1.00,1.00
2014.07.08 14:12:58.289,1.54813,1.54839,1.00,1.00
2014.07.08 14:12:58.340,1.54823,1.54839,1.00,1.00
2014.07.08 14:12:58.492,1.54823,1.54852,1.00,1.75
2014.07.08 14:12:58.686,1.54833,1.54852,1.00,1.75
2014.07.08 14:12:58.737,1.54833,1.54852,1.00,1.00
2014.07.08 14:12:59.002,1.54826,1.54853,1.00,1.00
2014.07.08 14:12:59.153,1.54833,1.54853,1.00,1.00
2014.07.08 14:13:01.632,1.54826,1.54853,1.00,1.00
2014.07.08 14:13:01.960,1.54834,1.54853,1.00,1.00
2014.07.08 14:13:03.735,1.54843,1.54853,1.00,1.00
2014.07.08 14:13:03.786,1.54843,1.54857,1.00,1.00
2014.07.08 14:13:03.837,1.5484,1.54857,1.00,1.00
2014.07.08 14:13:03.938,1.54836,1.54857,1.00,1.00
2014.07.08 14:13:03.989,1.54836,1.54863,1.00,1.00
2014.07.08 14:13:04.090,1.54844,1.54863,1.00,1.00
2014.07.08 14:13:04.192,1.54844,1.54868,1.00,1.00
2014.07.08 14:13:04.394,1.54836,1.54867,1.00,1.00
2014.07.08 14:13:04.646,1.54839,1.54866,1.00,1.00
2014.07.08 14:13:05.178,1.54839,1.54867,1.00,1.50
2014.07.08 14:13:06.336,1.54835,1.54862,1.00,1.00
2014.07.08 14:13:06.641,1.54841,1.54862,1.00,1.00
2014.07.08 14:13:07.096,1.54841,1.54866,1.00,1.00
2014.07.08 14:13:07.604,1.54841,1.54867,1.00,1.00
2014.07.08 14:13:08.599,1.54843,1.54868,1.00,1.00
2014.07.08 14:13:11.110,1.54853,1.54868,1.00,1.00
2014.07.08 14:13:11.162,1.54853,1.5487,1.00,1.00
2014.07.08 14:13:11.364,1.54853,1.54875,1.00,1.00
2014.07.08 14:13:12.119,1.54853,1.54874,1.00,1.00
2014.07.08 14:13:14.699,1.54853,1.54872,1.00,1.00
2014.07.08 14:13:14.936,1.54853,1.54874,1.00,1.00
2014.07.08 14:13:15.242,1.54853,1.54871,1.00,1.00
2014.07.08 14:13:15.755,1.54853,1.5487,1.00,1.00
2014.07.08 14:13:18.302,1.54853,1.54868,1.00,1.00
2014.07.08 14:13:21.921,1.54844,1.54868,1.00,1.00
2014.07.08 14:13:22.102,1.54854,1.54868,1.00,1.00
2014.07.08 14:13:24.406,1.54844,1.54868,1.00,1.00
2014.07.08 14:13:25.418,1.54853,1.54868,1.00,1.00
2014.07.08 14:13:27.371,1.54843,1.54868,1.00,1.00
2014.07.08 14:13:27.590,1.54853,1.54868,1.00,1.00
2014.07.08 14:13:28.308,1.54853,1.5487,1.00,1.00
2014.07.08 14:13:28.662,1.54853,1.54872,1.00,1.00
2014.07.08 14:13:28.864,1.54853,1.5487,1.00,1.00
2014.07.08 14:13:31.379,1.54854,1.5487,1.00,1.00
2014.07.08 14:13:31.622,1.54853,1.54872,1.00,1.00
2014.07.08 14:13:31.825,1.54854,1.54883,1.00,1.00
2014.07.08 14:13:31.926,1.54863,1.54883,1.00,1.00
2014.07.08 14:13:32.030,1.54863,1.54886,1.00,1.00
2014.07.08 14:13:32.496,1.54863,1.54883,1.00,1.00
2014.07.08 14:13:32.698,1.54863,1.54887,1.00,1.50
2014.07.08 14:13:32.900,1.54854,1.54887,1.00,1.50
2014.07.08 14:13:32.951,1.54854,1.54881,1.00,1.00
2014.07.08 14:13:33.459,1.5485,1.54878,1.00,1.00
2014.07.08 14:13:33.911,1.54845,1.54876,1.00,1.00
2014.07.08 14:13:34.830,1.54847,1.54876,1.00,1.00
2014.07.08 14:13:36.209,1.54846,1.54876,1.00,1.00
2014.07.08 14:13:37.235,1.54847,1.54876,1.00,1.00
2014.07.08 14:13:37.539,1.54853,1.54883,1.00,1.50
2014.07.08 14:13:37.991,1.54854,1.54885,1.00,1.00
2014.07.08 14:13:38.295,1.54851,1.54877,1.00,1.00
2014.07.08 14:13:38.396,1.54853,1.54885,1.00,1.00
2014.07.08 14:13:38.606,1.54851,1.54876,1.00,1.00
2014.07.08 14:13:39.066,1.54849,1.54876,1.00,1.00
2014.07.08 14:13:39.218,1.54847,1.54876,1.50,1.00
2014.07.08 14:13:39.527,1.54849,1.54876,1.00,1.00
2014.07.08 14:13:42.549,1.54849,1.54877,1.00,1.00
2014.07.08 14:13:42.921,1.54852,1.54876,1.00,1.00
2014.07.08 14:13:43.129,1.54849,1.54876,1.50,1.00
2014.07.08 14:13:43.585,1.54849,1.54867,1.50,1.00
2014.07.08 14:13:44.241,1.54849,1.54877,1.50,1.00
2014.07.08 14:13:44.661,1.54849,1.54866,1.50,1.00
2014.07.08 14:13:45.082,1.54852,1.54877,1.00,1.00
2014.07.08 14:13:45.238,1.54858,1.54877,1.00,1.00
2014.07.08 14:13:45.646,1.54858,1.54887,1.00,1.00
2014.07.08 14:13:45.750,1.54855,1.54886,1.00,1.00
2014.07.08 14:13:46.053,1.54858,1.54886,1.00,1.00
2014.07.08 14:13:46.104,1.54862,1.54892,1.00,1.00
2014.07.08 14:13:46.546,1.54864,1.54892,1.00,1.00
2014.07.08 14:13:46.918,1.54864,1.54896,1.00,1.00
2014.07.08 14:13:47.618,1.54864,1.54887,1.00,1.00
2014.07.08 14:13:47.770,1.54862,1.54887,1.00,1.00
2014.07.08 14:13:47.871,1.54862,1.54895,1.00,1.00
2014.07.08 14:13:48.436,1.54862,1.54896,1.50,2.25
2014.07.08 14:13:50.378,1.54865,1.54886,1.00,1.00
2014.07.08 14:13:50.479,1.54862,1.54886,1.50,1.00
2014.07.08 14:13:50.530,1.5486,1.54886,1.00,1.00
2014.07.08 14:13:51.053,1.54859,1.54886,1.00,1.00
2014.07.08 14:13:52.658,1.54857,1.54886,1.00,1.00
2014.07.08 14:13:52.910,1.54856,1.54877,1.50,1.00
2014.07.08 14:13:53.011,1.54851,1.54877,2.25,1.00
2014.07.08 14:13:53.249,1.54854,1.54885,1.00,1.50
2014.07.08 14:13:53.653,1.54857,1.54885,1.00,1.00
2014.07.08 14:13:54.230,1.54857,1.54886,1.00,1.00
2014.07.08 14:13:54.729,1.54859,1.54886,1.00,1.00
2014.07.08 14:13:56.159,1.54862,1.54886,1.00,1.00
2014.07.08 14:13:56.311,1.54864,1.54892,1.00,1.00
2014.07.08 14:13:58.058,1.54863,1.54892,1.00,1.00
2014.07.08 14:14:00.449,1.54863,1.54895,2.25,1.00
2014.07.08 14:14:00.500,1.54867,1.54895,1.00,1.00
2014.07.08 14:14:01.052,1.54866,1.54895,1.00,1.00
2014.07.08 14:14:01.380,1.54874,1.54896,1.00,1.00
2014.07.08 14:14:01.481,1.54866,1.54896,1.00,1.00
2014.07.08 14:14:01.582,1.5487,1.54896,1.00,1.00
2014.07.08 14:14:02.120,1.54869,1.54897,1.00,1.50
2014.07.08 14:14:03.049,1.54874,1.54897,1.00,1.00
2014.07.08 14:14:03.469,1.54864,1.54892,1.00,1.00
2014.07.08 14:14:03.671,1.54868,1.54896,1.00,1.50
2014.07.08 14:14:03.974,1.54863,1.54895,1.00,1.00
2014.07.08 14:14:04.428,1.54865,1.54895,1.00,1.00
2014.07.08 14:14:04.680,1.54863,1.54895,1.00,1.00
2014.07.08 14:14:04.731,1.54865,1.54895,1.00,1.00
2014.07.08 14:14:04.941,1.54863,1.54895,1.00,1.50
2014.07.08 14:14:04.992,1.54868,1.54895,1.00,1.50
2014.07.08 14:14:05.446,1.54863,1.54894,1.50,1.00
2014.07.08 14:14:05.950,1.54864,1.54895,1.50,1.00
2014.07.08 14:14:07.959,1.54866,1.54895,1.00,1.50
2014.07.08 14:14:08.179,1.54864,1.54895,1.00,1.50
2014.07.08 14:14:08.684,1.54864,1.54896,1.50,1.00
2014.07.08 14:14:09.135,1.54864,1.54887,1.00,1.00
2014.07.08 14:14:09.237,1.54862,1.54887,1.00,1.00
2014.07.08 14:14:09.629,1.5486,1.54887,1.00,1.00
2014.07.08 14:14:10.293,1.54858,1.54887,1.00,1.00
2014.07.08 14:14:10.647,1.54861,1.54887,1.00,1.00
2014.07.08 14:14:12.201,1.54857,1.54887,1.00,1.00
2014.07.08 14:14:20.720,1.54857,1.54886,1.00,1.00
2014.07.08 14:14:20.872,1.5486,1.54886,1.00,1.00
2014.07.08 14:14:21.379,1.54859,1.54886,1.00,1.00
2014.07.08 14:14:22.534,1.5486,1.54886,1.00,1.00
2014.07.08 14:14:22.686,1.54864,1.54892,1.00,1.00
2014.07.08 14:14:22.888,1.54858,1.54886,1.00,1.00
2014.07.08 14:14:23.488,1.54861,1.54886,1.00,1.00
2014.07.08 14:14:24.270,1.54859,1.54886,1.00,1.00
2014.07.08 14:14:24.422,1.54863,1.54893,1.00,1.00
2014.07.08 14:14:24.473,1.54863,1.54887,1.00,1.00
2014.07.08 14:14:24.675,1.54856,1.54886,1.00,1.00
2014.07.08 14:14:24.827,1.54854,1.54886,1.50,1.00
2014.07.08 14:14:25.348,1.54853,1.54887,2.25,1.50
2014.07.08 14:14:25.844,1.54856,1.54887,1.00,1.50
2014.07.08 14:14:26.706,1.54855,1.54887,1.00,1.50
2014.07.08 14:14:33.188,1.54854,1.54887,1.00,1.50
2014.07.08 14:14:33.498,1.54857,1.54886,1.00,1.00
2014.07.08 14:14:37.237,1.54854,1.54886,1.00,1.00
2014.07.08 14:14:38.341,1.54854,1.54877,1.00,1.00
2014.07.08 14:14:38.443,1.54852,1.54877,1.00,1.00
2014.07.08 14:14:38.544,1.54854,1.54881,1.00,1.00
2014.07.08 14:14:38.746,1.54854,1.54878,1.00,1.00
2014.07.08 14:14:39.636,1.54846,1.54877,1.00,1.00
2014.07.08 14:14:39.878,1.54849,1.54877,1.00,1.00
2014.07.08 14:14:41.685,1.54846,1.54877,1.00,1.00
2014.07.08 14:14:42.263,1.54847,1.54877,1.00,1.00
2014.07.08 14:14:43.891,1.54854,1.54878,1.00,1.00
2014.07.08 14:14:45.971,1.54854,1.54877,1.00,1.00
2014.07.08 14:14:46.556,1.54854,1.54878,1.00,1.00
2014.07.08 14:14:48.174,1.54854,1.54876,1.00,1.00
2014.07.08 14:14:48.389,1.54854,1.54878,1.00,1.00
2014.07.08 14:14:48.440,1.5485,1.54876,1.00,1.00
2014.07.08 14:14:48.592,1.54847,1.54876,1.00,1.50
2014.07.08 14:14:48.806,1.5485,1.54876,1.00,1.00
2014.07.08 14:14:49.118,1.54854,1.54877,1.00,1.00
2014.07.08 14:14:49.749,1.54854,1.54878,1.00,1.00
2014.07.08 14:14:51.512,1.54854,1.54876,1.00,1.00
2014.07.08 14:14:51.666,1.54854,1.54878,1.00,1.00
2014.07.08 14:14:53.433,1.54854,1.54876,1.00,1.00
2014.07.08 14:14:53.738,1.54854,1.54878,1.00,1.00
2014.07.08 14:14:55.095,1.54854,1.54876,1.00,1.00
2014.07.08 14:14:55.299,1.54854,1.54878,1.00,1.00
2014.07.08 14:14:58.366,1.54854,1.54877,1.00,1.00
2014.07.08 14:14:58.885,1.54854,1.54878,1.00,1.00
2014.07.08 14:14:59.441,1.54854,1.54877,1.00,1.00
2014.07.08 14:14:59.962,1.54854,1.54878,1.00,1.00
2014.07.08 14:15:00.013,1.54854,1.54876,1.00,1.00
2014.07.08 14:15:00.318,1.54854,1.54878,1.00,1.00
2014.07.08 14:15:00.859,1.54854,1.54881,1.00,1.50
2014.07.08 14:15:03.214,1.54854,1.54877,1.00,1.00
2014.07.08 14:15:03.427,1.54854,1.54881,1.00,1.00
2014.07.08 14:15:03.780,1.54854,1.54885,1.50,1.00
2014.07.08 14:15:03.982,1.54857,1.54886,1.00,1.50
2014.07.08 14:15:04.312,1.54855,1.54884,1.00,1.00
2014.07.08 14:15:04.648,1.54863,1.54886,1.00,1.00
2014.07.08 14:15:04.997,1.54863,1.54882,1.00,1.00
2014.07.08 14:15:05.053,1.54855,1.54882,1.00,1.00
2014.07.08 14:15:05.176,1.54855,1.54884,1.00,1.00
2014.07.08 14:15:05.396,1.54853,1.54882,1.50,1.00
2014.07.08 14:15:05.924,1.54854,1.54883,1.00,1.00
2014.07.08 14:15:07.284,1.54857,1.54887,1.00,2.25
2014.07.08 14:15:07.335,1.54863,1.54887,1.00,1.00
2014.07.08 14:15:07.587,1.54863,1.54889,1.00,1.50
2014.07.08 14:15:08.052,1.54863,1.54892,1.00,1.00
2014.07.08 14:15:08.475,1.5486,1.54887,1.00,1.00
2014.07.08 14:15:08.576,1.54864,1.54892,1.00,1.00
2014.07.08 14:15:14.399,1.54864,1.54891,1.00,1.00
2014.07.08 14:15:14.663,1.54864,1.54893,1.50,1.50
2014.07.08 14:15:15.417,1.54864,1.54891,1.00,1.00
2014.07.08 14:15:15.720,1.54864,1.54893,1.50,1.00
2014.07.08 14:15:16.135,1.54874,1.54893,1.00,1.00
2014.07.08 14:15:16.186,1.54874,1.54895,1.00,1.35
2014.07.08 14:15:16.559,1.54865,1.54895,1.00,1.35
2014.07.08 14:15:16.671,1.54874,1.54895,1.00,1.35
2014.07.08 14:15:17.000,1.54863,1.54891,1.00,1.00
2014.07.08 14:15:17.161,1.54864,1.54896,1.00,2.10
2014.07.08 14:15:17.685,1.54865,1.54895,1.00,1.35
2014.07.08 14:15:18.582,1.54873,1.54896,1.00,2.10
2014.07.08 14:15:18.684,1.54866,1.54896,1.00,2.85
2014.07.08 14:15:19.410,1.54866,1.54896,1.00,1.50
2014.07.08 14:15:19.461,1.54868,1.54898,1.00,1.00
2014.07.08 14:15:19.764,1.54873,1.54899,1.00,1.00
2014.07.08 14:15:19.889,1.54874,1.54901,1.00,1.00
2014.07.08 14:15:20.041,1.54874,1.54903,1.00,1.00
2014.07.08 14:15:20.244,1.54875,1.54905,1.00,1.50
2014.07.08 14:15:21.558,1.54874,1.549,1.00,1.00
2014.07.08 14:15:22.027,1.54873,1.54904,1.00,1.00
2014.07.08 14:15:22.237,1.54876,1.54905,1.00,1.00
2014.07.08 14:15:22.540,1.54871,1.54903,1.50,1.00
2014.07.08 14:15:23.067,1.54872,1.54902,1.00,1.00
2014.07.08 14:15:26.789,1.54872,1.54897,1.00,1.00
2014.07.08 14:15:26.941,1.54868,1.54897,1.00,1.00
2014.07.08 14:15:27.194,1.54866,1.54897,1.50,1.50
2014.07.08 14:15:27.962,1.54871,1.54897,1.00,1.00
2014.07.08 14:15:28.886,1.54871,1.54896,1.00,1.00
2014.07.08 14:15:28.936,1.54869,1.54896,1.00,1.00
2014.07.08 14:15:29.138,1.54866,1.54895,1.00,1.00
2014.07.08 14:15:29.357,1.54868,1.54896,1.00,1.00
2014.07.08 14:15:29.666,1.54868,1.54886,1.00,1.00
2014.07.08 14:15:29.717,1.54866,1.54886,1.00,1.00
2014.07.08 14:15:31.857,1.54866,1.5489,1.00,1.00
2014.07.08 14:15:32.130,1.54866,1.54892,1.00,1.00
2014.07.08 14:15:32.648,1.54866,1.54891,1.00,1.00
2014.07.08 14:15:35.076,1.54866,1.54892,1.00,1.00
2014.07.08 14:15:35.478,1.54866,1.54887,1.00,1.00
2014.07.08 14:15:36.803,1.54866,1.54892,1.00,1.00
2014.07.08 14:15:37.240,1.54866,1.54887,1.00,1.00
2014.07.08 14:15:38.779,1.54866,1.54892,1.00,1.00
2014.07.08 14:15:39.421,1.54863,1.54892,1.00,1.00
2014.07.08 14:15:39.574,1.54863,1.5489,1.00,1.00
2014.07.08 14:15:39.675,1.54858,1.54886,1.00,1.00
2014.07.08 14:15:39.826,1.54854,1.54884,1.80,1.00
2014.07.08 14:15:40.129,1.54854,1.5488,1.30,1.00
2014.07.08 14:15:40.715,1.54854,1.54881,1.30,1.00
2014.07.08 14:15:44.714,1.54854,1.54881,1.00,1.00
2014.07.08 14:15:44.815,1.54848,1.54876,1.00,1.00
2014.07.08 14:15:44.900,1.54845,1.54876,1.00,1.00
2014.07.08 14:15:44.951,1.54844,1.54872,1.00,1.00
2014.07.08 14:15:45.383,1.54841,1.54866,1.00,1.00
2014.07.08 14:15:45.848,1.54843,1.54867,1.00,1.00
2014.07.08 14:15:46.040,1.54843,1.5487,1.00,1.00
2014.07.08 14:15:46.194,1.54841,1.54866,1.00,1.00
2014.07.08 14:15:46.375,1.54844,1.5487,1.00,1.00
2014.07.08 14:15:46.881,1.54843,1.5487,1.00,1.00
2014.07.08 14:15:46.932,1.54845,1.54872,1.00,1.00
2014.07.08 14:15:47.147,1.54845,1.54874,1.00,1.00
2014.07.08 14:15:47.200,1.54854,1.54874,1.00,1.00
2014.07.08 14:15:47.608,1.54854,1.54876,1.00,1.00
2014.07.08 14:15:47.922,1.54854,1.54874,1.00,1.00
2014.07.08 14:15:53.740,1.54854,1.54871,1.00,1.00
2014.07.08 14:15:53.864,1.54844,1.54871,1.00,1.00
2014.07.08 14:15:54.176,1.54854,1.54872,1.00,1.00
2014.07.08 14:15:54.705,1.54854,1.54873,1.00,1.00
2014.07.08 14:15:55.181,1.54843,1.54874,1.50,1.00
2014.07.08 14:15:55.745,1.54843,1.54873,1.50,1.00
2014.07.08 14:15:56.212,1.54843,1.54871,1.50,1.00
2014.07.08 14:15:57.046,1.54843,1.54869,1.50,1.00
2014.07.08 14:16:00.489,1.54843,1.54871,1.00,1.00
2014.07.08 14:16:01.029,1.54843,1.54872,1.00,1.00
2014.07.08 14:16:01.534,1.54844,1.54873,1.00,1.00
2014.07.08 14:16:01.585,1.54845,1.54875,1.00,1.00
2014.07.08 14:16:02.349,1.54844,1.54876,1.50,2.25
2014.07.08 14:16:05.419,1.54845,1.54875,1.00,1.00
2014.07.08 14:16:06.398,1.54853,1.54875,1.00,1.00
2014.07.08 14:16:09.066,1.54853,1.54874,1.00,1.00
2014.07.08 14:16:09.698,1.54853,1.54873,1.00,1.00
2014.07.08 14:16:09.900,1.54843,1.54869,1.50,1.00
2014.07.08 14:16:10.536,1.54844,1.54869,1.00,1.00
2014.07.08 14:16:17.527,1.54844,1.54873,1.00,1.60
2014.07.08 14:16:17.578,1.54843,1.54873,1.00,1.00
2014.07.08 14:16:17.848,1.5485,1.54876,1.00,1.13
2014.07.08 14:16:18.152,1.54854,1.5488,1.50,1.00
2014.07.08 14:16:18.456,1.54864,1.54886,1.00,1.00
2014.07.08 14:16:19.877,1.54857,1.54886,1.00,1.00
2014.07.08 14:16:20.171,1.54855,1.54884,1.00,1.00
2014.07.08 14:16:20.506,1.54851,1.54876,1.00,1.00
2014.07.08 14:16:20.557,1.54853,1.54882,1.00,1.00
2014.07.08 14:16:21.212,1.54854,1.54881,1.00,1.00
2014.07.08 14:16:28.183,1.54854,1.54883,1.00,1.00
2014.07.08 14:16:28.689,1.54854,1.54884,1.50,1.00
2014.07.08 14:16:29.352,1.54854,1.54883,1.50,1.00
2014.07.08 14:16:32.283,1.54854,1.54881,1.00,1.00
2014.07.08 14:16:32.799,1.54853,1.54881,1.50,1.00
2014.07.08 14:16:34.966,1.54854,1.54881,1.00,2.10
2014.07.08 14:16:35.471,1.54854,1.54879,1.00,1.00
2014.07.08 14:16:36.000,1.54853,1.54881,1.00,1.60
2014.07.08 14:16:36.643,1.54854,1.54881,1.00,1.60
2014.07.08 14:16:37.312,1.54853,1.54881,1.00,1.60
2014.07.08 14:16:38.688,1.54853,1.54878,1.00,1.00
2014.07.08 14:16:38.941,1.54853,1.5488,1.00,1.35
2014.07.08 14:16:41.680,1.54854,1.5488,1.00,1.35
2014.07.08 14:16:49.248,1.54853,1.54882,1.00,1.60
2014.07.08 14:16:49.774,1.54853,1.54879,1.00,1.00
2014.07.08 14:16:49.976,1.54853,1.54874,1.00,1.00
2014.07.08 14:16:50.027,1.54844,1.54874,1.00,1.60
2014.07.08 14:16:50.279,1.54843,1.54871,1.00,1.00
2014.07.08 14:16:50.582,1.54848,1.54877,1.00,2.85
2014.07.08 14:16:50.835,1.54854,1.54881,1.00,1.00
2014.07.08 14:16:51.475,1.54854,1.54882,1.00,1.35
2014.07.08 14:16:57.043,1.54854,1.54884,1.00,1.35
2014.07.08 14:16:57.447,1.54863,1.54888,1.00,2.10
2014.07.08 14:16:57.599,1.54863,1.5489,1.00,1.88
2014.07.08 14:16:57.752,1.54863,1.54891,1.00,1.35
2014.07.08 14:16:57.856,1.54874,1.5489,1.00,1.00
2014.07.08 14:16:58.058,1.54874,1.54901,1.00,1.50
2014.07.08 14:16:58.109,1.54884,1.54901,1.00,1.50
2014.07.08 14:16:58.403,1.54875,1.54901,1.00,1.00
2014.07.08 14:16:58.454,1.54879,1.54907,1.00,1.00
2014.07.08 14:16:58.657,1.54884,1.5491,1.00,1.00
2014.07.08 14:16:58.859,1.54884,1.54913,1.00,1.00
2014.07.08 14:16:59.385,1.54884,1.54912,1.00,1.00
2014.07.08 14:16:59.537,1.54884,1.54915,1.00,1.00
2014.07.08 14:16:59.638,1.54893,1.54915,1.00,1.00
2014.07.08 14:17:00.379,1.54893,1.54913,1.00,1.35
2014.07.08 14:17:00.430,1.54884,1.54913,1.00,1.35
2014.07.08 14:17:00.946,1.54884,1.54912,1.00,1.00
2014.07.08 14:17:01.472,1.54884,1.54913,1.00,1.35
2014.07.08 14:17:01.928,1.54881,1.54906,1.00,1.00
2014.07.08 14:17:02.444,1.5488,1.54906,1.00,1.00
2014.07.08 14:17:03.043,1.5488,1.54905,1.00,1.00
2014.07.08 14:17:03.613,1.5488,1.54906,1.00,1.00
2014.07.08 14:17:06.100,1.54884,1.5491,1.00,1.00
2014.07.08 14:17:06.320,1.5488,1.54907,1.00,1.00
2014.07.08 14:17:07.625,1.54873,1.54903,1.50,1.00
2014.07.08 14:17:07.676,1.54873,1.54901,1.00,1.00
2014.07.08 14:17:07.979,1.54869,1.54895,1.00,1.00
2014.07.08 14:17:08.282,1.54862,1.54886,1.00,1.00
2014.07.08 14:17:08.332,1.54862,1.5489,1.00,1.00
2014.07.08 14:17:08.433,1.54862,1.54886,1.00,1.00
2014.07.08 14:17:08.484,1.54857,1.54886,1.50,1.00
2014.07.08 14:17:08.837,1.54857,1.54884,1.00,1.60
2014.07.08 14:17:09.147,1.54845,1.54871,1.00,1.00
2014.07.08 14:17:09.200,1.54843,1.54871,1.00,1.00
2014.07.08 14:17:09.301,1.5484,1.54871,1.00,1.00
2014.07.08 14:17:10.421,1.54843,1.54871,1.00,1.00
2014.07.08 14:17:11.018,1.54843,1.54873,1.00,1.00
2014.07.08 14:17:11.169,1.54848,1.54873,1.00,1.00
2014.07.08 14:17:11.220,1.54848,1.54876,1.00,1.00
2014.07.08 14:17:11.728,1.54848,1.54875,1.00,1.00
2014.07.08 14:17:11.779,1.54848,1.54877,1.00,1.00
2014.07.08 14:17:12.039,1.54853,1.54878,1.00,1.00
2014.07.08 14:17:12.141,1.54853,1.5488,1.00,1.00
2014.07.08 14:17:12.192,1.54859,1.5488,1.00,1.00
2014.07.08 14:17:12.356,1.54859,1.54887,1.00,1.50
2014.07.08 14:17:12.869,1.54859,1.54884,1.00,1.00
2014.07.08 14:17:12.920,1.54856,1.54884,1.00,1.00
2014.07.08 14:17:17.325,1.54853,1.54884,1.50,1.00
2014.07.08 14:17:17.628,1.54854,1.54881,1.00,1.00
2014.07.08 14:17:22.627,1.54855,1.54881,1.00,1.00
2014.07.08 14:17:22.677,1.54855,1.54884,1.00,1.00
2014.07.08 14:17:22.728,1.54858,1.54884,1.00,1.00
2014.07.08 14:17:23.074,1.54863,1.54889,1.00,1.00
2014.07.08 14:17:23.447,1.54868,1.5489,1.00,1.00
2014.07.08 14:17:23.548,1.54868,1.54897,1.00,1.00
2014.07.08 14:17:23.599,1.54873,1.54897,1.00,1.00
2014.07.08 14:17:23.802,1.54873,1.54902,1.00,1.00
2014.07.08 14:17:23.903,1.54873,1.54904,1.00,1.00
2014.07.08 14:17:25.558,1.54873,1.54902,1.00,1.00
2014.07.08 14:17:25.761,1.54873,1.54905,1.00,1.00
2014.07.08 14:17:25.811,1.54876,1.54905,1.00,1.00
2014.07.08 14:17:25.913,1.54871,1.54905,1.00,1.00
2014.07.08 14:17:26.191,1.54871,1.54902,1.00,1.00
2014.07.08 14:17:26.498,1.54867,1.54886,1.00,1.00
2014.07.08 14:17:26.889,1.54867,1.54896,1.00,1.50
2014.07.08 14:17:27.210,1.54871,1.54896,1.00,1.00
2014.07.08 14:17:28.955,1.54869,1.54896,1.00,1.00
2014.07.08 14:17:29.460,1.54869,1.54897,1.00,1.00
2014.07.08 14:17:29.718,1.54866,1.54897,1.00,1.00
2014.07.08 14:17:29.819,1.54866,1.54895,1.00,1.00
2014.07.08 14:17:30.155,1.54866,1.54886,1.00,1.00
2014.07.08 14:17:31.926,1.54862,1.54886,1.00,1.00
2014.07.08 14:17:32.451,1.54862,1.54887,1.00,1.00
2014.07.08 14:17:33.551,1.54864,1.54887,1.00,1.00
2014.07.08 14:17:33.602,1.54864,1.54892,1.00,1.00
2014.07.08 14:17:33.806,1.54864,1.54895,1.00,1.00
2014.07.08 14:17:35.504,1.54864,1.54886,1.00,1.00
2014.07.08 14:17:36.146,1.54862,1.54886,1.00,1.00
2014.07.08 14:17:36.352,1.54862,1.54892,1.00,1.00
2014.07.08 14:17:37.941,1.54862,1.54894,1.00,1.00
2014.07.08 14:17:38.400,1.54862,1.54892,1.00,1.00
2014.07.08 14:17:38.602,1.54858,1.54891,1.00,1.00
2014.07.08 14:17:38.703,1.54855,1.54886,1.00,1.00
2014.07.08 14:17:41.198,1.54855,1.54888,1.00,1.00
2014.07.08 14:17:41.419,1.54858,1.54889,1.00,1.00
2014.07.08 14:17:41.723,1.54858,1.54886,1.00,1.00
2014.07.08 14:17:42.951,1.54858,1.54891,1.00,1.00
2014.07.08 14:17:43.104,1.54858,1.54887,1.00,1.00
2014.07.08 14:17:43.543,1.54858,1.54891,1.00,1.00
2014.07.08 14:17:44.628,1.54862,1.54891,1.00,1.00
2014.07.08 14:17:44.780,1.54862,1.54893,1.00,1.00
2014.07.08 14:17:44.881,1.54862,1.54895,1.00,1.00
2014.07.08 14:17:52.431,1.5486,1.54894,1.00,1.00
2014.07.08 14:17:55.280,1.54863,1.54894,1.00,1.00
2014.07.08 14:17:55.654,1.54868,1.54902,1.00,3.38
2014.07.08 14:17:55.807,1.54873,1.54902,1.00,1.88
2014.07.08 14:17:56.536,1.54873,1.54905,1.00,1.38
2014.07.08 14:17:57.129,1.54873,1.54905,1.00,1.00
2014.07.08 14:18:01.808,1.5487,1.54904,1.00,1.00
2014.07.08 14:18:02.013,1.5487,1.54901,1.00,1.00
2014.07.08 14:18:02.919,1.5487,1.54903,1.00,1.00
2014.07.08 14:18:03.263,1.5487,1.54901,1.00,1.00
2014.07.08 14:18:03.414,1.5487,1.54904,1.00,1.50
2014.07.08 14:18:03.905,1.5487,1.54899,1.00,1.00
2014.07.08 14:18:04.210,1.54865,1.54897,1.00,1.00
2014.07.08 14:18:05.874,1.54865,1.54898,1.00,1.00
2014.07.08 14:18:05.924,1.54867,1.54898,1.00,1.00
2014.07.08 14:18:06.501,1.54867,1.54899,1.00,1.00
2014.07.08 14:18:08.072,1.54867,1.54897,1.00,1.00
2014.07.08 14:18:13.043,1.54867,1.54899,1.00,1.00
2014.07.08 14:18:13.355,1.54867,1.54897,1.00,1.00
2014.07.08 14:18:13.736,1.5487,1.54897,1.00,1.00
2014.07.08 14:18:13.938,1.54873,1.54901,1.00,1.00
2014.07.08 14:18:14.040,1.54873,1.54903,1.00,1.50
2014.07.08 14:18:15.002,1.54873,1.54897,1.00,1.00
2014.07.08 14:18:15.052,1.5487,1.54897,1.00,1.00
2014.07.08 14:18:19.802,1.54867,1.54897,1.00,1.00
2014.07.08 14:18:20.306,1.54867,1.54896,1.00,1.00
2014.07.08 14:18:20.811,1.54867,1.54895,1.00,1.00
2014.07.08 14:18:24.297,1.54861,1.54891,1.00,1.00
2014.07.08 14:18:24.347,1.54861,1.54886,1.00,1.00
2014.07.08 14:18:24.499,1.54858,1.54884,1.00,1.00
2014.07.08 14:18:24.886,1.54858,1.54876,1.00,1.00
2014.07.08 14:18:25.502,1.54853,1.54876,1.00,1.00
2014.07.08 14:18:26.896,1.54854,1.54886,1.00,1.50
2014.07.08 14:18:28.990,1.54853,1.54885,1.50,1.00
2014.07.08 14:18:30.518,1.54868,1.54885,1.00,1.00
2014.07.08 14:18:30.619,1.54868,1.54892,1.00,1.00
2014.07.08 14:18:30.721,1.54872,1.54892,1.00,1.00
2014.07.08 14:18:30.873,1.5488,1.54904,1.00,1.00
2014.07.08 14:18:30.974,1.5488,1.54906,1.00,1.00
2014.07.08 14:18:31.076,1.5488,1.54896,1.00,1.00
2014.07.08 14:18:31.127,1.54878,1.54896,1.00,1.00
2014.07.08 14:18:31.281,1.5487,1.54896,1.00,1.00
2014.07.08 14:18:31.433,1.54868,1.54895,1.00,1.00
2014.07.08 14:18:31.938,1.54868,1.54896,1.00,1.00
2014.07.08 14:18:32.077,1.54868,1.54898,1.00,1.35
2014.07.08 14:18:32.178,1.54868,1.54901,1.50,1.50
2014.07.08 14:18:32.229,1.54872,1.54901,1.00,1.00
2014.07.08 14:18:32.403,1.54872,1.54903,1.00,1.50
2014.07.08 14:18:33.386,1.54874,1.54903,1.00,1.50
2014.07.08 14:18:34.608,1.54874,1.549,1.00,1.00
2014.07.08 14:18:34.941,1.54874,1.54903,1.00,1.00
2014.07.08 14:18:37.678,1.54872,1.54897,1.00,1.00
2014.07.08 14:18:38.997,1.54873,1.54904,1.00,1.50
2014.07.08 14:18:39.236,1.54872,1.54896,1.00,1.00
2014.07.08 14:18:40.416,1.54874,1.54902,1.00,1.00
2014.07.08 14:18:45.026,1.54874,1.54904,1.00,1.00
2014.07.08 14:18:45.548,1.54874,1.54905,1.00,1.50
2014.07.08 14:18:46.286,1.54874,1.54903,1.00,1.00
2014.07.08 14:18:52.239,1.54874,1.54904,1.00,1.00
2014.07.08 14:18:52.789,1.54874,1.54903,1.00,1.00
2014.07.08 14:18:53.304,1.54874,1.54904,1.00,1.00
2014.07.08 14:18:54.299,1.54874,1.54905,1.00,1.00
2014.07.08 14:18:55.308,1.54874,1.54906,1.50,1.50
2014.07.08 14:18:56.353,1.54876,1.54906,1.00,1.50
2014.07.08 14:18:56.876,1.54876,1.54907,1.00,1.50
2014.07.08 14:18:57.178,1.54876,1.54905,1.00,1.00
2014.07.08 14:18:57.871,1.54876,1.54906,1.00,1.00
2014.07.08 14:18:58.915,1.54876,1.54905,1.00,1.00
2014.07.08 14:18:59.456,1.54876,1.54906,1.00,1.00
2014.07.08 14:19:00.024,1.54876,1.54905,1.00,1.00
2014.07.08 14:19:01.351,1.54875,1.54905,1.00,1.00
2014.07.08 14:19:04.895,1.54874,1.54903,1.00,1.00
2014.07.08 14:19:05.232,1.54873,1.54897,1.00,1.00
2014.07.08 14:19:08.719,1.54871,1.54896,1.00,1.00
2014.07.08 14:19:12.007,1.54873,1.54895,1.00,1.00
2014.07.08 14:19:12.109,1.54867,1.54895,1.00,1.00
2014.07.08 14:19:12.363,1.54867,1.54892,1.00,1.00
2014.07.08 14:19:12.680,1.54863,1.54888,1.00,1.00
2014.07.08 14:19:13.296,1.54863,1.54889,1.00,1.00
2014.07.08 14:19:14.670,1.54863,1.54891,1.00,1.00
2014.07.08 14:19:14.872,1.54866,1.54891,1.00,1.00
2014.07.08 14:19:14.923,1.54866,1.54893,1.00,1.00
2014.07.08 14:19:15.205,1.54863,1.54892,1.00,1.00
2014.07.08 14:19:15.589,1.54863,1.54895,1.00,1.50
2014.07.08 14:19:16.128,1.54864,1.54895,1.00,1.00
2014.07.08 14:19:19.389,1.54863,1.54895,1.00,1.00
2014.07.08 14:19:19.674,1.54863,1.54897,1.50,1.00
2014.07.08 14:19:19.879,1.54867,1.54897,1.00,1.00
2014.07.08 14:19:21.390,1.54865,1.54897,1.00,1.00
2014.07.08 14:19:21.794,1.54865,1.54895,1.00,1.00
2014.07.08 14:19:23.288,1.54865,1.54896,1.00,1.00
2014.07.08 14:19:23.603,1.54868,1.54896,1.00,1.00
2014.07.08 14:19:23.912,1.54874,1.54901,1.00,1.00
2014.07.08 14:19:26.455,1.54868,1.54896,1.00,1.00
2014.07.08 14:19:27.089,1.54868,1.54897,1.00,1.00
2014.07.08 14:19:27.191,1.54874,1.54898,1.00,1.00
2014.07.08 14:19:27.838,1.54868,1.54897,1.00,1.00
2014.07.08 14:19:29.036,1.5487,1.54897,1.00,1.00
2014.07.08 14:19:29.538,1.5487,1.54896,1.00,1.00
2014.07.08 14:19:36.234,1.54865,1.54893,1.00,1.00
2014.07.08 14:19:36.286,1.54861,1.5489,1.13,1.00
2014.07.08 14:19:36.337,1.5486,1.54886,1.38,1.00
2014.07.08 14:19:36.562,1.54854,1.54886,1.00,1.50
2014.07.08 14:19:36.612,1.54854,1.54886,1.00,2.10
2014.07.08 14:19:37.048,1.54849,1.54877,1.00,1.00
2014.07.08 14:19:37.847,1.54853,1.54878,1.00,1.00
2014.07.08 14:19:39.186,1.54854,1.54878,1.00,1.00
2014.07.08 14:19:39.550,1.54854,1.54881,1.00,1.00
2014.07.08 14:19:39.752,1.54856,1.54881,1.00,1.00
2014.07.08 14:19:39.905,1.54856,1.54884,1.00,1.00
2014.07.08 14:19:40.443,1.54856,1.54882,1.00,1.35
2014.07.08 14:19:40.754,1.54854,1.54879,1.00,1.00
2014.07.08 14:19:40.906,1.54854,1.54881,1.00,1.00
2014.07.08 14:19:41.456,1.54854,1.54882,1.00,1.35
2014.07.08 14:19:41.659,1.54855,1.54884,1.00,1.00
2014.07.08 14:19:41.710,1.54864,1.54884,1.00,1.00
2014.07.08 14:19:42.266,1.54854,1.54884,1.00,1.00
2014.07.08 14:19:42.771,1.54854,1.54881,1.00,1.00
2014.07.08 14:19:43.109,1.54854,1.54879,1.00,1.00
2014.07.08 14:19:43.160,1.54854,1.54881,1.00,1.00
2014.07.08 14:19:43.912,1.54853,1.54881,1.00,1.00
2014.07.08 14:19:44.013,1.54853,1.54883,1.00,1.00
2014.07.08 14:19:44.164,1.54853,1.54885,1.00,1.00
2014.07.08 14:19:44.479,1.54853,1.54887,1.00,1.00
2014.07.08 14:19:46.416,1.54853,1.54886,1.00,1.00
2014.07.08 14:19:46.624,1.54853,1.54884,1.00,1.00
2014.07.08 14:19:47.634,1.54852,1.54884,1.00,1.00
2014.07.08 14:19:50.359,1.54852,1.54884,1.00,1.60
2014.07.08 14:19:50.704,1.54849,1.54876,1.50,1.00
2014.07.08 14:19:52.054,1.54849,1.54877,1.00,1.00
2014.07.08 14:19:52.589,1.54849,1.54876,1.00,1.00
2014.07.08 14:19:56.345,1.54849,1.54877,1.00,1.00
2014.07.08 14:19:56.446,1.54846,1.54877,1.00,1.00
2014.07.08 14:19:57.734,1.54846,1.54876,1.00,1.00
2014.07.08 14:19:58.247,1.54846,1.54875,1.00,1.00
2014.07.08 14:20:00.380,1.54846,1.54874,1.00,1.00
2014.07.08 14:20:00.637,1.54843,1.54874,1.05,1.00
2014.07.08 14:20:01.145,1.54843,1.54871,1.00,1.00
2014.07.08 14:20:01.195,1.54841,1.54871,1.00,1.00
2014.07.08 14:20:01.297,1.54837,1.54871,1.50,1.50
2014.07.08 14:20:01.347,1.54837,1.54869,1.00,1.00
2014.07.08 14:20:01.730,1.5484,1.54869,1.00,1.00
2014.07.08 14:20:03.301,1.5484,1.54867,1.00,1.00
2014.07.08 14:20:03.855,1.5484,1.54866,1.00,1.00
2014.07.08 14:20:06.115,1.5484,1.54867,1.00,1.00
2014.07.08 14:20:07.339,1.54836,1.54867,1.00,1.00
2014.07.08 14:20:09.484,1.5484,1.54866,1.00,1.00
2014.07.08 14:20:10.567,1.54837,1.54866,1.00,1.00
2014.07.08 14:20:10.683,1.54837,1.54864,1.00,1.00
2014.07.08 14:20:10.788,1.54835,1.54864,1.00,1.00
2014.07.08 14:20:10.889,1.54835,1.54859,1.00,1.00
2014.07.08 14:20:11.092,1.54839,1.54865,1.00,1.00
2014.07.08 14:20:11.376,1.54836,1.54865,1.00,1.00
2014.07.08 14:20:14.428,1.54834,1.54862,1.00,1.00
2014.07.08 14:20:14.731,1.54834,1.5486,1.00,1.00
2014.07.08 14:20:15.314,1.5484,1.54864,1.00,1.00
2014.07.08 14:20:15.415,1.54836,1.54864,1.00,1.00
2014.07.08 14:20:15.617,1.54836,1.54866,1.00,1.00
2014.07.08 14:20:16.612,1.5484,1.54866,1.00,1.00
2014.07.08 14:20:16.916,1.54844,1.54868,1.00,1.00
2014.07.08 14:20:17.157,1.54843,1.5487,1.00,1.00
2014.07.08 14:20:17.460,1.54854,1.5487,1.00,1.00
2014.07.08 14:20:17.713,1.54854,1.54875,1.00,1.00
2014.07.08 14:20:17.915,1.54854,1.54877,1.00,1.00
2014.07.08 14:20:18.467,1.54854,1.54887,1.00,1.00
2014.07.08 14:20:18.669,1.54856,1.54888,1.00,1.00
2014.07.08 14:20:19.076,1.54856,1.54884,1.00,1.00
2014.07.08 14:20:19.379,1.54858,1.54884,1.00,1.00
2014.07.08 14:20:19.701,1.54853,1.54882,1.50,1.00
2014.07.08 14:20:20.237,1.54853,1.54876,1.00,1.00
2014.07.08 14:20:20.883,1.54854,1.54882,1.00,1.00
2014.07.08 14:20:21.236,1.54853,1.54877,1.00,1.00
2014.07.08 14:20:21.987,1.54853,1.54876,1.00,1.00
2014.07.08 14:20:22.068,1.54854,1.54882,1.00,1.00
2014.07.08 14:20:22.730,1.54854,1.54881,1.00,1.00
2014.07.08 14:20:24.389,1.54853,1.54877,1.00,1.00
2014.07.08 14:20:27.105,1.54846,1.54862,1.00,1.00
2014.07.08 14:20:27.157,1.54844,1.54858,1.43,1.00
2014.07.08 14:20:27.208,1.54842,1.54866,2.18,1.00
2014.07.08 14:20:27.360,1.54842,1.54866,1.50,1.00
2014.07.08 14:20:27.512,1.54838,1.54864,1.35,1.00
2014.07.08 14:20:27.614,1.54841,1.54866,1.60,1.00
2014.07.08 14:20:28.360,1.54841,1.54875,1.00,1.00
2014.07.08 14:20:31.459,1.54841,1.54873,1.00,1.00
2014.07.08 14:20:31.762,1.54844,1.54873,1.00,1.00
2014.07.08 14:20:32.167,1.54843,1.54871,1.00,1.00
2014.07.08 14:20:32.380,1.54843,1.54873,1.00,1.00
2014.07.08 14:20:32.737,1.54844,1.54875,1.00,1.00
2014.07.08 14:20:34.158,1.54844,1.54876,1.00,1.00
2014.07.08 14:20:34.209,1.5485,1.54876,1.00,1.00
2014.07.08 14:20:34.713,1.5485,1.54877,1.00,1.50
2014.07.08 14:20:34.916,1.54845,1.54876,1.00,1.00
2014.07.08 14:20:35.624,1.54845,1.54874,1.00,1.00
2014.07.08 14:20:36.792,1.54845,1.54871,1.00,1.00
2014.07.08 14:20:37.095,1.54842,1.54867,1.00,1.00
2014.07.08 14:20:37.399,1.54844,1.54868,1.00,1.00
2014.07.08 14:20:37.732,1.54842,1.54866,1.00,1.00
2014.07.08 14:20:38.126,1.54843,1.54868,1.00,1.00
2014.07.08 14:20:39.461,1.54843,1.54867,1.00,1.00
2014.07.08 14:20:44.409,1.54844,1.54867,1.00,1.00
2014.07.08 14:20:45.938,1.54838,1.54867,1.00,1.50
2014.07.08 14:20:46.039,1.54838,1.54863,1.00,1.00
2014.07.08 14:20:48.443,1.54838,1.54862,1.00,1.00
2014.07.08 14:20:53.832,1.54848,1.54862,1.00,1.00
2014.07.08 14:20:53.882,1.54848,1.54865,1.00,1.00
2014.07.08 14:20:53.933,1.54846,1.54865,1.00,1.00
2014.07.08 14:20:54.100,1.54854,1.54865,1.00,1.00
2014.07.08 14:20:54.213,1.54854,1.54877,1.00,1.00
2014.07.08 14:20:54.314,1.54846,1.54876,1.35,1.00
2014.07.08 14:20:54.644,1.54846,1.54873,1.00,1.00
2014.07.08 14:20:54.745,1.54841,1.54873,1.00,1.00
2014.07.08 14:20:54.946,1.54841,1.5487,1.00,1.00
2014.07.08 14:20:55.257,1.54845,1.5487,1.00,1.00
2014.07.08 14:20:55.308,1.54845,1.54873,1.00,1.00
2014.07.08 14:20:55.510,1.54845,1.54875,1.00,1.00
2014.07.08 14:20:55.864,1.54853,1.54875,1.00,1.00
2014.07.08 14:20:56.066,1.54848,1.54875,1.00,1.00
2014.07.08 14:20:56.117,1.54844,1.54875,1.50,1.00
2014.07.08 14:20:56.168,1.54844,1.54872,1.50,1.00
2014.07.08 14:20:56.370,1.54844,1.54876,2.10,1.00
2014.07.08 14:20:56.724,1.54844,1.54872,1.00,1.00
2014.07.08 14:20:57.228,1.54843,1.54872,1.50,1.00
2014.07.08 14:20:58.673,1.54843,1.5487,1.00,1.00
2014.07.08 14:20:58.724,1.54839,1.5487,1.00,1.00
2014.07.08 14:20:58.926,1.54844,1.5487,1.00,1.00
2014.07.08 14:20:59.027,1.54844,1.54873,1.00,1.00
2014.07.08 14:20:59.259,1.54839,1.5487,1.00,1.00
2014.07.08 14:20:59.816,1.54839,1.54869,1.00,1.00
2014.07.08 14:21:02.977,1.54839,1.54871,1.00,1.00
2014.07.08 14:21:05.826,1.54839,1.54873,1.00,1.00
2014.07.08 14:21:06.180,1.54843,1.54873,1.00,1.00
2014.07.08 14:21:06.433,1.54839,1.54873,1.00,1.00
2014.07.08 14:21:06.584,1.54843,1.54873,1.00,1.00
2014.07.08 14:21:07.390,1.54843,1.54875,1.50,1.00
2014.07.08 14:21:07.647,1.54844,1.54877,1.00,1.00
2014.07.08 14:21:07.849,1.54844,1.54875,1.00,1.00
2014.07.08 14:21:08.051,1.54844,1.54877,1.00,1.00
2014.07.08 14:21:09.363,1.54844,1.54878,1.00,1.00
2014.07.08 14:21:09.415,1.54855,1.54876,1.00,1.00
2014.07.08 14:21:09.719,1.5485,1.54876,2.25,1.00
2014.07.08 14:21:09.770,1.5485,1.54876,2.63,1.00
2014.07.08 14:21:09.972,1.54858,1.54886,1.50,1.00
2014.07.08 14:21:10.224,1.54855,1.54886,1.00,1.50
2014.07.08 14:21:10.577,1.54858,1.54886,1.00,1.00
2014.07.08 14:21:10.849,1.54863,1.54896,1.50,1.00
2014.07.08 14:21:10.951,1.54863,1.54893,1.50,1.00
2014.07.08 14:21:11.264,1.54863,1.54889,1.00,1.00
2014.07.08 14:21:11.569,1.54863,1.54886,1.00,1.00
2014.07.08 14:21:11.870,1.54857,1.54884,1.00,1.00
2014.07.08 14:21:12.122,1.54857,1.54888,1.00,1.00
2014.07.08 14:21:12.656,1.54857,1.54887,1.00,1.00
2014.07.08 14:21:15.388,1.54857,1.54886,1.00,1.00
2014.07.08 14:21:16.046,1.54859,1.54886,1.00,1.00
2014.07.08 14:21:16.248,1.54855,1.54886,1.50,1.00
2014.07.08 14:21:17.446,1.54855,1.54887,1.00,1.00
2014.07.08 14:21:20.516,1.54855,1.54886,1.00,1.00
2014.07.08 14:21:21.085,1.54855,1.5489,1.00,1.00
2014.07.08 14:21:21.237,1.54855,1.54886,1.00,1.00
2014.07.08 14:21:21.489,1.5485,1.54885,1.00,1.00
2014.07.08 14:21:21.674,1.5485,1.54882,1.00,1.00
2014.07.08 14:21:27.755,1.54853,1.54886,1.00,1.50
2014.07.08 14:21:27.968,1.54855,1.54886,1.00,1.00
2014.07.08 14:21:28.223,1.54855,1.54889,1.00,1.00
2014.07.08 14:21:28.725,1.54855,1.54887,1.00,1.00
2014.07.08 14:21:30.353,1.54855,1.54885,1.00,1.00
2014.07.08 14:21:30.694,1.54853,1.54883,1.00,1.00
2014.07.08 14:21:30.908,1.54849,1.54882,1.00,1.00
2014.07.08 14:21:31.060,1.54848,1.54874,1.00,1.00
2014.07.08 14:21:31.587,1.54848,1.54873,1.00,1.00
2014.07.08 14:21:33.329,1.54848,1.54867,1.00,1.00
2014.07.08 14:21:34.167,1.54848,1.54873,1.00,1.00
2014.07.08 14:21:35.560,1.54848,1.54875,1.00,1.00
2014.07.08 14:21:36.369,1.54848,1.54866,1.00,1.00
2014.07.08 14:21:37.148,1.54848,1.54876,1.00,1.00
2014.07.08 14:21:39.915,1.54848,1.54877,1.00,1.00
2014.07.08 14:21:40.831,1.54844,1.54876,1.00,1.00
2014.07.08 14:21:41.083,1.54844,1.54873,1.00,1.00
2014.07.08 14:21:41.390,1.54844,1.54867,1.00,1.00
2014.07.08 14:21:42.316,1.54841,1.54867,1.00,1.00
2014.07.08 14:21:45.164,1.54841,1.54866,1.00,1.00
2014.07.08 14:21:45.532,1.54841,1.54857,1.00,1.00
2014.07.08 14:21:46.154,1.54841,1.54866,1.00,1.00
2014.07.08 14:21:54.674,1.54831,1.54865,1.68,1.50
2014.07.08 14:21:54.826,1.54831,1.54865,1.00,1.88
2014.07.08 14:21:54.877,1.54831,1.54856,1.00,1.00
2014.07.08 14:21:54.978,1.54828,1.54856,1.00,1.00
2014.07.08 14:21:55.496,1.54827,1.54856,1.00,1.00
2014.07.08 14:21:55.753,1.54827,1.54847,1.00,1.00
2014.07.08 14:21:57.042,1.54827,1.54856,1.00,1.50
2014.07.08 14:21:59.624,1.54827,1.54853,1.00,1.00
2014.07.08 14:21:59.927,1.54821,1.54846,1.00,1.00
2014.07.08 14:22:02.893,1.54819,1.54846,1.00,1.00
2014.07.08 14:22:03.414,1.54819,1.54845,1.00,1.00
2014.07.08 14:22:03.755,1.54819,1.54847,1.00,1.50
2014.07.08 14:22:11.900,1.54819,1.54846,1.00,1.00
2014.07.08 14:22:15.047,1.54821,1.54846,1.00,1.00
2014.07.08 14:22:18.209,1.54821,1.54847,1.00,1.00
2014.07.08 14:22:20.892,1.54817,1.54847,1.00,1.00
2014.07.08 14:22:24.889,1.54817,1.54846,1.00,1.00
2014.07.08 14:22:28.142,1.54817,1.54847,1.00,1.00
2014.07.08 14:22:28.692,1.54817,1.54846,1.00,1.00
2014.07.08 14:22:29.192,1.5482,1.54846,1.00,1.00
2014.07.08 14:22:30.826,1.54817,1.54846,1.00,1.00
2014.07.08 14:22:35.953,1.54817,1.54847,1.00,1.50
2014.07.08 14:22:36.113,1.54815,1.54846,1.00,1.00
2014.07.08 14:22:42.103,1.54815,1.54847,1.50,1.00
2014.07.08 14:22:42.155,1.54821,1.54847,1.00,1.00
2014.07.08 14:22:42.257,1.54821,1.54852,1.00,1.00
2014.07.08 14:22:42.359,1.54821,1.54847,1.00,1.00
2014.07.08 14:22:44.676,1.54821,1.54848,1.00,1.00
2014.07.08 14:22:44.784,1.54818,1.54846,1.00,1.00
2014.07.08 14:22:48.618,1.54818,1.54845,1.00,1.00
2014.07.08 14:22:50.945,1.54818,1.54843,1.00,1.00
2014.07.08 14:22:51.449,1.54818,1.54844,1.00,1.00
2014.07.08 14:22:57.813,1.54812,1.54844,1.00,1.00
2014.07.08 14:22:59.517,1.54812,1.54846,1.00,1.00
2014.07.08 14:22:59.945,1.54815,1.54846,1.00,1.00
2014.07.08 14:23:02.792,1.54815,1.54847,1.00,1.00
2014.07.08 14:23:03.342,1.54815,1.54846,1.00,1.00
2014.07.08 14:23:03.665,1.54815,1.54836,1.00,1.00
2014.07.08 14:23:03.968,1.54814,1.54826,1.00,1.00
2014.07.08 14:23:04.073,1.54812,1.54826,1.00,1.00
2014.07.08 14:23:04.668,1.54812,1.54837,1.00,1.00
2014.07.08 14:23:05.133,1.54813,1.54826,1.00,1.00
2014.07.08 14:23:05.392,1.5481,1.54826,1.50,1.00
2014.07.08 14:23:05.746,1.54803,1.54826,1.50,1.00
2014.07.08 14:23:06.049,1.54801,1.54826,1.00,1.00
2014.07.08 14:23:06.150,1.54799,1.54826,1.00,1.00
2014.07.08 14:23:06.504,1.54801,1.54826,1.00,1.00
2014.07.08 14:23:07.005,1.54801,1.54827,1.00,1.00
2014.07.08 14:23:07.580,1.54801,1.54826,1.00,1.00
2014.07.08 14:23:09.664,1.548,1.54826,1.00,1.00
2014.07.08 14:23:10.443,1.54801,1.54826,1.00,1.00
2014.07.08 14:23:10.756,1.54804,1.54834,1.00,1.00
2014.07.08 14:23:10.907,1.54805,1.54836,1.50,1.00
2014.07.08 14:23:11.446,1.54805,1.54837,1.50,1.00
2014.07.08 14:23:12.340,1.54809,1.54837,1.00,1.00
2014.07.08 14:23:12.642,1.54814,1.54844,1.00,1.05
2014.07.08 14:23:13.173,1.54814,1.54844,1.00,1.30
2014.07.08 14:23:13.689,1.54814,1.54844,1.00,1.05
2014.07.08 14:23:14.122,1.54824,1.54844,1.00,1.05
2014.07.08 14:23:14.774,1.54824,1.54847,1.00,1.30
2014.07.08 14:23:14.976,1.54824,1.54848,1.00,1.00
2014.07.08 14:23:15.078,1.54824,1.54854,1.00,1.00
2014.07.08 14:23:15.129,1.54834,1.54854,1.00,1.00
2014.07.08 14:23:15.381,1.54834,1.5486,1.00,1.50
2014.07.08 14:23:18.533,1.54834,1.54864,1.00,1.00
2014.07.08 14:23:19.238,1.54834,1.54863,1.00,1.00
2014.07.08 14:23:19.769,1.54834,1.54864,1.00,1.50
2014.07.08 14:23:20.069,1.54843,1.54864,1.00,1.00
2014.07.08 14:23:20.171,1.54843,1.54868,1.00,1.00
2014.07.08 14:23:20.575,1.54843,1.5487,1.00,1.00
2014.07.08 14:23:21.655,1.54843,1.54871,1.00,1.43
2014.07.08 14:23:22.619,1.54844,1.54871,1.00,1.05
2014.07.08 14:23:25.430,1.54844,1.54872,1.00,1.05
2014.07.08 14:23:25.977,1.54844,1.54872,1.00,1.30
2014.07.08 14:23:27.871,1.54843,1.54874,1.00,1.80
2014.07.08 14:23:28.409,1.54844,1.54874,1.00,1.80
2014.07.08 14:23:28.913,1.54843,1.54874,1.00,1.80
2014.07.08 14:23:31.961,1.54838,1.54867,1.50,1.00
2014.07.08 14:23:32.012,1.54836,1.54867,3.00,1.00
2014.07.08 14:23:32.214,1.54843,1.54871,1.00,1.50
2014.07.08 14:23:32.727,1.54844,1.54871,1.00,1.50
2014.07.08 14:23:34.360,1.54843,1.54871,1.00,1.05
2014.07.08 14:23:37.883,1.54844,1.54873,1.00,1.80
2014.07.08 14:23:38.210,1.54853,1.54873,1.00,1.80
2014.07.08 14:23:41.156,1.54853,1.54873,1.00,1.80
2014.07.08 14:23:42.944,1.54843,1.54873,1.00,1.80
2014.07.08 14:23:47.561,1.54853,1.54873,1.00,1.80
2014.07.08 14:23:48.224,1.54843,1.54873,1.00,1.80
2014.07.08 14:23:49.432,1.54844,1.54873,1.00,1.80
2014.07.08 14:23:49.940,1.54844,1.54873,1.00,1.80
2014.07.08 14:23:55.151,1.54844,1.54873,1.00,1.80
2014.07.08 14:23:56.944,1.54844,1.54871,1.00,1.00
2014.07.08 14:23:59.461,1.54853,1.54871,1.00,1.05
2014.07.08 14:24:04.954,1.54853,1.5487,1.00,1.00
2014.07.08 14:24:05.490,1.54854,1.54871,1.00,1.00
2014.07.08 14:24:11.590,1.54853,1.54871,1.00,1.00
2014.07.08 14:24:11.798,1.54844,1.54871,1.00,1.00
2014.07.08 14:24:12.109,1.54854,1.54871,1.00,1.00
2014.07.08 14:24:12.714,1.54854,1.54872,1.00,1.00
2014.07.08 14:24:13.017,1.54854,1.54877,1.00,1.00
2014.07.08 14:24:13.118,1.54854,1.54883,1.00,1.00
2014.07.08 14:24:13.639,1.54864,1.54884,1.00,1.50
2014.07.08 14:24:13.892,1.54864,1.54886,1.00,1.00
2014.07.08 14:24:14.663,1.54857,1.54886,1.00,1.50
2014.07.08 14:24:15.867,1.54863,1.54886,1.00,1.00
2014.07.08 14:24:21.550,1.54857,1.54886,1.00,1.50
2014.07.08 14:24:22.245,1.54864,1.54886,1.00,1.00
2014.07.08 14:24:24.788,1.54857,1.54886,1.00,1.50
2014.07.08 14:24:31.931,1.54855,1.54884,1.00,1.00
2014.07.08 14:24:32.270,1.54853,1.54881,1.00,1.00
2014.07.08 14:24:33.161,1.54853,1.54882,1.00,1.00
2014.07.08 14:24:36.335,1.54854,1.54882,1.00,1.00
2014.07.08 14:24:42.135,1.54853,1.54882,1.00,1.00
2014.07.08 14:24:42.652,1.54854,1.54882,1.00,1.00
2014.07.08 14:24:43.821,1.54853,1.54882,1.00,1.00
2014.07.08 14:24:45.341,1.54854,1.54883,1.00,1.00
2014.07.08 14:24:50.410,1.54854,1.54882,1.00,1.00
2014.07.08 14:24:50.612,1.54852,1.54881,1.00,1.00
2014.07.08 14:24:50.764,1.54849,1.54881,1.00,1.00
2014.07.08 14:24:50.923,1.54849,1.54878,1.00,1.00
2014.07.08 14:24:50.974,1.54847,1.54878,1.00,1.00
2014.07.08 14:24:57.828,1.5485,1.54878,1.00,1.00
2014.07.08 14:24:57.931,1.5485,1.54881,1.00,1.00
2014.07.08 14:24:57.981,1.54854,1.54881,1.00,1.00
2014.07.08 14:24:58.134,1.54855,1.54885,1.00,1.00
2014.07.08 14:24:58.336,1.54858,1.54887,1.00,1.00
2014.07.08 14:25:01.389,1.54855,1.54884,1.00,1.00
2014.07.08 14:25:01.954,1.54854,1.54883,1.00,1.38
2014.07.08 14:25:02.257,1.54849,1.54876,1.00,1.00
2014.07.08 14:25:02.409,1.54846,1.54876,1.00,1.50
2014.07.08 14:25:03.818,1.54853,1.54876,1.00,1.00
2014.07.08 14:25:03.970,1.54853,1.54878,1.00,1.00
2014.07.08 14:25:04.497,1.54853,1.54879,1.00,1.00
2014.07.08 14:25:06.871,1.5485,1.54876,1.00,1.00
2014.07.08 14:25:07.890,1.54847,1.54876,1.00,1.00
2014.07.08 14:25:08.402,1.54847,1.54875,1.00,1.00
2014.07.08 14:25:08.453,1.54845,1.54875,1.00,1.50
2014.07.08 14:25:10.314,1.54848,1.54877,1.00,1.00
2014.07.08 14:25:14.944,1.54849,1.54879,1.00,1.00
2014.07.08 14:25:15.256,1.54854,1.54879,1.00,1.00
2014.07.08 14:25:15.788,1.54853,1.54879,1.00,1.00
2014.07.08 14:25:15.839,1.54851,1.54879,1.00,1.00
2014.07.08 14:25:15.940,1.54854,1.54879,1.00,1.00
2014.07.08 14:25:15.991,1.54854,1.54882,1.00,1.00
2014.07.08 14:25:16.551,1.54853,1.54883,1.00,1.00
2014.07.08 14:25:21.772,1.54851,1.54883,1.00,1.50
2014.07.08 14:25:21.974,1.5485,1.54879,1.00,1.00
2014.07.08 14:25:22.292,1.54854,1.54883,1.00,1.00
2014.07.08 14:25:25.793,1.54852,1.54883,1.00,1.00
2014.07.08 14:25:26.397,1.54851,1.54883,1.00,1.50
2014.07.08 14:25:26.601,1.54854,1.54879,1.00,1.00
2014.07.08 14:25:26.702,1.5485,1.54879,1.00,1.00
2014.07.08 14:25:27.782,1.54847,1.54881,1.50,1.00
2014.07.08 14:25:30.640,1.54849,1.5488,1.00,1.00
2014.07.08 14:25:33.510,1.54851,1.5488,1.00,1.00
2014.07.08 14:25:33.770,1.54848,1.54881,1.00,1.00
2014.07.08 14:25:37.722,1.54851,1.54881,1.00,1.00
2014.07.08 14:25:39.686,1.54848,1.54881,1.00,1.00
2014.07.08 14:25:44.610,1.54847,1.54881,1.00,1.50
2014.07.08 14:25:45.441,1.54846,1.54878,1.00,1.00
2014.07.08 14:25:45.962,1.54845,1.54878,1.00,1.00
2014.07.08 14:25:47.416,1.54846,1.5488,1.00,1.00
2014.07.08 14:25:47.466,1.54846,1.5488,1.38,1.00
2014.07.08 14:25:47.770,1.54864,1.54884,1.00,1.00
2014.07.08 14:25:47.820,1.54864,1.54891,1.00,1.00
2014.07.08 14:25:48.022,1.54864,1.54897,1.00,1.00
2014.07.08 14:25:48.124,1.54874,1.54897,1.00,1.00
2014.07.08 14:25:48.275,1.54874,1.54901,1.00,1.00
2014.07.08 14:25:48.376,1.54874,1.54904,1.00,1.00
2014.07.08 14:25:48.528,1.54874,1.54906,1.00,1.50
2014.07.08 14:25:49.067,1.54873,1.54906,1.00,1.00
2014.07.08 14:25:49.561,1.54876,1.54906,1.00,1.00
2014.07.08 14:25:50.073,1.54876,1.54905,1.00,1.00
2014.07.08 14:25:50.930,1.54873,1.54905,1.00,1.88
2014.07.08 14:25:51.032,1.54873,1.549,1.00,1.00
2014.07.08 14:25:51.439,1.54869,1.5489,1.00,1.00
2014.07.08 14:25:52.098,1.5486,1.54891,1.00,1.00
2014.07.08 14:25:52.550,1.54867,1.54894,1.00,1.00
2014.07.08 14:25:52.854,1.54874,1.54898,1.00,1.00
2014.07.08 14:25:53.009,1.54874,1.549,1.00,1.50
2014.07.08 14:25:57.940,1.5487,1.54896,1.00,1.00
2014.07.08 14:26:00.244,1.54874,1.549,1.00,1.00
2014.07.08 14:26:00.574,1.54874,1.54902,1.00,1.00
2014.07.08 14:26:01.463,1.54868,1.54896,1.50,1.00
2014.07.08 14:26:01.972,1.54867,1.54896,1.00,1.00
2014.07.08 14:26:02.159,1.54865,1.54897,1.00,1.50
2014.07.08 14:26:02.212,1.54863,1.54896,1.00,1.00
2014.07.08 14:26:02.414,1.54863,1.54892,1.00,1.00
2014.07.08 14:26:02.566,1.54859,1.54892,1.00,1.00
2014.07.08 14:26:03.465,1.54858,1.54892,1.00,1.00
2014.07.08 14:26:03.673,1.54857,1.5489,1.00,1.00
2014.07.08 14:26:04.097,1.54863,1.5489,1.00,1.00
2014.07.08 14:26:08.277,1.54857,1.5489,1.00,1.00
2014.07.08 14:26:12.846,1.54862,1.5489,1.00,1.00
2014.07.08 14:26:13.151,1.54863,1.54894,1.00,1.00
2014.07.08 14:26:13.252,1.54865,1.54897,1.00,1.00
2014.07.08 14:26:18.080,1.54865,1.54896,1.00,1.00
2014.07.08 14:26:18.182,1.54865,1.54894,1.00,1.00
2014.07.08 14:26:18.436,1.5486,1.54894,1.00,1.00
2014.07.08 14:26:18.487,1.54858,1.54889,1.00,1.00
2014.07.08 14:26:19.840,1.54873,1.54889,1.00,1.00
2014.07.08 14:26:19.890,1.54873,1.54895,1.00,1.13
2014.07.08 14:26:20.042,1.54866,1.54895,1.00,1.00
2014.07.08 14:26:20.143,1.54866,1.54897,1.00,1.00
2014.07.08 14:26:20.647,1.54866,1.54896,1.00,1.00
2014.07.08 14:26:20.698,1.54864,1.54894,1.00,1.50
2014.07.08 14:26:20.850,1.5486,1.54894,1.00,1.50
2014.07.08 14:26:20.901,1.54858,1.54891,1.00,1.00
2014.07.08 14:26:21.669,1.54858,1.5489,1.00,1.00
2014.07.08 14:26:24.367,1.54856,1.54888,1.00,1.00
2014.07.08 14:26:24.894,1.54874,1.54894,1.00,1.00
2014.07.08 14:26:25.096,1.54874,1.54897,1.00,1.00
2014.07.08 14:26:25.403,1.54874,1.54894,1.00,1.00
2014.07.08 14:26:25.504,1.54874,1.54897,1.00,1.00
2014.07.08 14:26:25.656,1.54884,1.549,1.00,1.38
2014.07.08 14:26:25.858,1.54884,1.54903,1.00,1.30
2014.07.08 14:26:26.350,1.54873,1.54903,1.00,1.30
2014.07.08 14:26:30.200,1.54884,1.54903,1.00,1.30
2014.07.08 14:26:31.161,1.54874,1.54903,1.00,1.30
2014.07.08 14:26:31.628,1.54884,1.54903,1.00,1.30
2014.07.08 14:26:31.831,1.54874,1.54903,1.00,1.30
2014.07.08 14:26:31.983,1.54874,1.54906,1.00,1.00
2014.07.08 14:26:32.134,1.54874,1.54908,1.50,1.50
2014.07.08 14:26:33.140,1.54883,1.54908,1.00,1.50
2014.07.08 14:26:33.789,1.54874,1.54908,1.00,1.50
2014.07.08 14:26:46.560,1.54874,1.54904,1.00,1.00
2014.07.08 14:26:47.560,1.54871,1.54904,1.00,1.00
2014.07.08 14:26:51.023,1.54871,1.54902,1.00,1.00
2014.07.08 14:26:51.473,1.54871,1.5489,1.00,1.00
2014.07.08 14:26:51.524,1.54868,1.5489,1.00,1.00
2014.07.08 14:26:51.726,1.54864,1.54889,1.00,1.00
2014.07.08 14:26:52.048,1.54864,1.54893,1.00,1.00
2014.07.08 14:26:52.250,1.54865,1.54896,1.00,1.00
2014.07.08 14:26:52.402,1.54869,1.54901,1.00,1.80
2014.07.08 14:26:52.453,1.54869,1.54901,1.00,1.00
2014.07.08 14:26:52.503,1.54871,1.54903,1.00,1.13
2014.07.08 14:26:54.357,1.5487,1.54903,1.00,1.50
2014.07.08 14:27:09.409,1.54869,1.54903,1.00,1.50
2014.07.08 14:27:14.639,1.54873,1.54903,1.00,1.50
2014.07.08 14:27:17.352,1.54869,1.54903,1.00,1.50
2014.07.08 14:27:17.785,1.54874,1.54903,1.00,1.50
2014.07.08 14:27:19.742,1.54874,1.54898,1.00,1.00
2014.07.08 14:27:19.898,1.54864,1.54896,1.50,1.00
2014.07.08 14:27:20.742,1.54866,1.54898,1.00,1.00
2014.07.08 14:27:21.045,1.54873,1.54895,1.00,1.00
2014.07.08 14:27:21.648,1.54873,1.54901,1.00,1.00
2014.07.08 14:27:22.179,1.54873,1.54902,1.00,1.50
2014.07.08 14:27:29.548,1.54869,1.54902,1.50,1.00
2014.07.08 14:27:32.113,1.54874,1.54902,1.00,1.00
2014.07.08 14:27:33.446,1.54869,1.54902,1.50,1.00
2014.07.08 14:27:34.725,1.54866,1.549,1.00,1.00
2014.07.08 14:27:35.904,1.54869,1.54902,1.00,1.50
2014.07.08 14:27:36.434,1.54868,1.54902,1.00,1.50
2014.07.08 14:27:36.778,1.5487,1.549,1.00,1.00
2014.07.08 14:27:45.090,1.54874,1.549,1.00,1.00
2014.07.08 14:27:53.671,1.5487,1.549,1.00,1.00
2014.07.08 14:27:53.722,1.54866,1.54897,1.50,1.00
2014.07.08 14:27:55.325,1.54874,1.54897,1.00,1.00
2014.07.08 14:27:57.039,1.54874,1.54898,1.00,1.00
2014.07.08 14:27:57.359,1.54874,1.549,1.00,1.00
2014.07.08 14:28:09.327,1.54874,1.54903,1.00,1.50
2014.07.08 14:28:09.770,1.54874,1.54906,1.00,1.50
2014.07.08 14:28:09.871,1.54874,1.54904,1.00,1.00
2014.07.08 14:28:10.174,1.54874,1.54897,1.00,1.00
2014.07.08 14:28:10.376,1.54864,1.54894,1.50,1.50
2014.07.08 14:28:10.427,1.54864,1.54892,1.00,1.00
2014.07.08 14:28:14.027,1.54863,1.54892,1.00,1.00
2014.07.08 14:28:14.486,1.54864,1.54894,1.00,1.00
2014.07.08 14:28:14.871,1.54874,1.54894,1.00,1.00
2014.07.08 14:28:14.987,1.54864,1.54894,1.00,1.00
2014.07.08 14:28:15.556,1.54874,1.54894,1.00,1.00
2014.07.08 14:28:15.675,1.54864,1.54894,1.50,1.00
2014.07.08 14:28:15.777,1.54874,1.54894,1.00,1.00
2014.07.08 14:28:17.727,1.54864,1.54894,1.50,1.00
2014.07.08 14:28:18.804,1.54864,1.54893,1.00,1.00
2014.07.08 14:28:19.325,1.54864,1.54892,1.00,1.00
2014.07.08 14:28:19.427,1.54864,1.54883,1.00,1.00
2014.07.08 14:28:19.856,1.54855,1.54883,1.00,1.00
2014.07.08 14:28:20.109,1.54854,1.5488,1.00,1.00
2014.07.08 14:28:20.469,1.54854,1.54877,1.00,1.00
2014.07.08 14:28:21.016,1.54853,1.54877,1.00,1.00
2014.07.08 14:28:24.126,1.54847,1.54876,1.00,1.00
2014.07.08 14:28:24.416,1.54844,1.54876,1.50,1.50
2014.07.08 14:28:24.517,1.54844,1.54873,1.50,1.00
2014.07.08 14:28:25.135,1.54854,1.54873,1.00,1.00
2014.07.08 14:28:25.185,1.54854,1.54875,1.00,1.00
2014.07.08 14:28:29.861,1.54845,1.54874,1.00,1.13
2014.07.08 14:28:29.913,1.54843,1.54867,1.00,1.00
2014.07.08 14:28:30.620,1.54836,1.54866,1.00,1.00
2014.07.08 14:28:37.436,1.54836,1.54867,1.00,1.50
2014.07.08 14:28:39.196,1.54836,1.54866,1.00,1.00
2014.07.08 14:28:42.708,1.54837,1.54866,1.00,1.00
2014.07.08 14:28:42.759,1.54839,1.54866,1.00,1.00
2014.07.08 14:28:43.062,1.54842,1.54866,1.00,1.00
2014.07.08 14:28:43.359,1.54844,1.54872,1.00,1.00
2014.07.08 14:28:45.557,1.54842,1.54867,1.00,1.00
2014.07.08 14:28:45.915,1.54844,1.54872,1.00,1.00
2014.07.08 14:28:46.220,1.54842,1.54867,1.00,1.00
2014.07.08 14:28:46.767,1.54843,1.54872,1.00,1.00
2014.07.08 14:28:47.406,1.54843,1.54871,1.00,1.00
2014.07.08 14:28:47.930,1.54843,1.54872,1.00,1.00
2014.07.08 14:28:52.046,1.54844,1.54872,1.00,1.00
2014.07.08 14:28:52.593,1.54844,1.54873,1.50,1.00
2014.07.08 14:28:55.949,1.54844,1.54866,1.00,1.00
2014.07.08 14:28:56.734,1.54844,1.54869,1.50,1.00
2014.07.08 14:29:01.887,1.54844,1.54873,1.50,1.50
2014.07.08 14:29:02.396,1.54843,1.5487,1.00,1.00
2014.07.08 14:29:02.707,1.54843,1.54866,1.00,1.00
2014.07.08 14:29:02.808,1.54844,1.54869,1.00,1.00
2014.07.08 14:29:03.162,1.5484,1.54867,1.00,1.00
2014.07.08 14:29:05.073,1.54841,1.54867,1.00,1.00
2014.07.08 14:29:05.616,1.54843,1.54871,1.00,1.50
2014.07.08 14:29:11.894,1.54844,1.54867,1.00,1.00
2014.07.08 14:29:12.265,1.54841,1.54867,1.00,1.00
2014.07.08 14:29:12.522,1.54844,1.54868,1.00,1.00
2014.07.08 14:29:21.783,1.54844,1.5487,1.00,1.00
2014.07.08 14:29:22.290,1.54844,1.54871,1.00,1.00
2014.07.08 14:29:25.175,1.54846,1.54871,1.00,1.00
2014.07.08 14:29:27.709,1.54846,1.54875,1.00,1.00
2014.07.08 14:29:29.387,1.54845,1.54875,1.00,1.50
2014.07.08 14:29:29.488,1.54845,1.54866,1.00,1.00
2014.07.08 14:29:29.690,1.54842,1.54866,1.00,1.00
2014.07.08 14:29:30.193,1.54843,1.54871,1.00,1.50
2014.07.08 14:29:30.244,1.54843,1.54868,1.00,1.00
2014.07.08 14:29:30.599,1.54839,1.54866,1.00,1.00
2014.07.08 14:29:30.651,1.54839,1.54864,1.00,1.00
2014.07.08 14:29:30.804,1.54834,1.54864,1.50,1.50
2014.07.08 14:29:30.956,1.54834,1.54858,1.00,1.00
2014.07.08 14:29:31.116,1.54831,1.54858,1.00,1.00
2014.07.08 14:29:36.196,1.54831,1.5486,1.00,1.00
2014.07.08 14:29:38.879,1.54833,1.5486,1.00,1.00
2014.07.08 14:29:38.980,1.54831,1.5486,1.00,1.00
2014.07.08 14:29:39.515,1.54832,1.54861,1.00,1.50
2014.07.08 14:29:41.172,1.54833,1.54861,1.00,1.50
2014.07.08 14:29:43.116,1.54834,1.54863,1.00,1.00
2014.07.08 14:29:43.218,1.54835,1.54866,1.00,1.00
2014.07.08 14:29:46.295,1.54838,1.54866,1.00,1.00
2014.07.08 14:29:49.381,1.54838,1.54867,1.00,1.00
2014.07.08 14:29:52.895,1.54837,1.54868,1.00,1.00
2014.07.08 14:29:57.747,1.54836,1.54866,1.00,1.00
2014.07.08 14:29:58.254,1.54835,1.54866,1.00,1.00
2014.07.08 14:29:58.557,1.54834,1.5486,1.00,1.00
2014.07.08 14:29:59.067,1.54834,1.54861,1.00,1.00
2014.07.08 14:30:01.706,1.54834,1.54862,1.00,1.00
2014.07.08 14:30:04.473,1.54834,1.54863,2.25,1.00
2014.07.08 14:30:06.176,1.54835,1.54865,1.00,1.00
2014.07.08 14:30:22.145,1.54836,1.54867,1.00,1.00
2014.07.08 14:30:22.347,1.54843,1.54867,1.00,1.00
2014.07.08 14:30:22.669,1.54853,1.54867,1.00,1.00
2014.07.08 14:30:22.720,1.54853,1.5487,1.00,1.00
2014.07.08 14:30:22.922,1.54854,1.54873,1.00,1.00
2014.07.08 14:30:22.973,1.54854,1.54879,1.00,1.00
2014.07.08 14:30:23.074,1.54864,1.54879,1.00,1.00
2014.07.08 14:30:23.361,1.54864,1.54883,1.00,1.00
2014.07.08 14:30:23.411,1.54873,1.54883,1.00,1.00
2014.07.08 14:30:23.563,1.54873,1.54899,1.00,1.00
2014.07.08 14:30:25.389,1.54871,1.54899,1.00,1.00
2014.07.08 14:30:26.749,1.54868,1.54896,1.00,1.00
2014.07.08 14:30:26.851,1.54868,1.54899,1.00,1.50
2014.07.08 14:30:26.903,1.54868,1.54896,1.00,1.00
2014.07.08 14:30:28.524,1.54868,1.54897,1.00,1.00
2014.07.08 14:30:29.051,1.54869,1.54898,1.00,1.50
2014.07.08 14:30:32.384,1.54867,1.54898,1.00,1.50
2014.07.08 14:30:32.698,1.54869,1.54898,1.00,1.50
2014.07.08 14:30:38.559,1.54868,1.54897,1.00,1.00
2014.07.08 14:30:38.967,1.54868,1.54895,1.00,1.00
2014.07.08 14:30:39.518,1.54867,1.54895,1.00,1.00
2014.07.08 14:30:46.410,1.54874,1.54895,1.00,1.00
2014.07.08 14:30:48.276,1.54867,1.54895,1.00,1.00
2014.07.08 14:30:48.428,1.54865,1.54895,1.00,1.50
2014.07.08 14:30:48.580,1.54873,1.54895,1.00,1.50
2014.07.08 14:30:48.847,1.54867,1.54895,1.00,1.00
2014.07.08 14:30:48.949,1.54874,1.54895,1.00,1.00
2014.07.08 14:30:49.000,1.54874,1.54898,1.00,1.00
2014.07.08 14:31:01.584,1.5487,1.54898,1.00,1.00
2014.07.08 14:31:01.685,1.54867,1.54898,1.00,1.00
2014.07.08 14:31:02.933,1.54864,1.54892,1.50,1.00
2014.07.08 14:31:03.236,1.54864,1.54888,1.00,1.00
2014.07.08 14:31:03.590,1.54864,1.54886,1.00,1.00
2014.07.08 14:31:04.987,1.54863,1.54886,1.00,1.00
2014.07.08 14:31:05.707,1.54863,1.54885,1.00,1.00
2014.07.08 14:31:06.284,1.54874,1.54885,1.00,1.00
2014.07.08 14:31:07.388,1.54864,1.54885,1.00,1.00
2014.07.08 14:31:12.776,1.54873,1.54885,1.00,1.00
2014.07.08 14:31:12.886,1.54863,1.54885,1.00,1.00
2014.07.08 14:31:13.999,1.54863,1.54884,1.00,1.00
2014.07.08 14:31:16.084,1.54853,1.54881,1.00,1.00
2014.07.08 14:31:16.352,1.54853,1.54878,1.00,1.00
2014.07.08 14:31:17.457,1.54853,1.54881,1.00,1.50
2014.07.08 14:31:19.365,1.54853,1.54879,1.00,1.00
2014.07.08 14:31:20.015,1.54853,1.54878,1.00,1.00
2014.07.08 14:31:20.066,1.5485,1.54876,1.00,1.00
2014.07.08 14:31:20.117,1.54844,1.54875,1.50,1.00
2014.07.08 14:31:20.167,1.54853,1.54875,1.00,1.00
2014.07.08 14:31:20.319,1.54844,1.54873,1.00,1.00
2014.07.08 14:31:23.166,1.54846,1.54874,1.00,1.00
2014.07.08 14:31:23.469,1.54854,1.54874,1.00,1.00
2014.07.08 14:31:26.337,1.54863,1.54874,1.00,1.00
2014.07.08 14:31:27.038,1.54863,1.54875,1.00,1.50
2014.07.08 14:31:29.447,1.54863,1.54877,1.00,1.00
2014.07.08 14:31:29.699,1.54863,1.54882,1.00,1.00
2014.07.08 14:31:30.511,1.54864,1.54882,1.00,1.00
2014.07.08 14:31:34.968,1.54863,1.54882,1.00,1.00
2014.07.08 14:31:35.498,1.54864,1.54882,1.00,1.00
2014.07.08 14:31:38.594,1.54863,1.54882,1.00,1.00
2014.07.08 14:31:39.399,1.54864,1.54882,1.00,1.00
2014.07.08 14:31:40.135,1.54864,1.54884,1.00,1.00
2014.07.08 14:31:40.666,1.54864,1.54885,1.00,1.00
2014.07.08 14:31:42.546,1.54864,1.54886,1.00,1.00
2014.07.08 14:31:42.748,1.54863,1.54888,1.00,1.00
2014.07.08 14:31:43.332,1.54864,1.54887,1.00,1.00
2014.07.08 14:31:43.898,1.54863,1.54887,1.00,1.00
2014.07.08 14:31:43.999,1.54863,1.54889,1.00,1.00
2014.07.08 14:31:44.534,1.54864,1.54889,1.00,1.00
2014.07.08 14:31:45.083,1.54863,1.54889,1.00,1.00
2014.07.08 14:31:45.587,1.54864,1.54889,1.00,1.00
2014.07.08 14:31:46.313,1.54864,1.54886,1.00,1.00
2014.07.08 14:31:47.188,1.54864,1.54887,1.00,1.00
2014.07.08 14:31:48.399,1.54864,1.54886,1.00,1.00
2014.07.08 14:31:56.247,1.54865,1.54887,1.00,1.00
2014.07.08 14:31:56.551,1.54874,1.54895,1.00,1.00
2014.07.08 14:31:57.098,1.54874,1.54896,1.00,1.00
2014.07.08 14:31:57.711,1.54873,1.54896,1.00,1.00
2014.07.08 14:32:04.309,1.54874,1.54896,1.00,1.50
2014.07.08 14:32:04.879,1.54873,1.54896,1.00,1.50
2014.07.08 14:32:05.233,1.54873,1.54894,1.00,1.00
2014.07.08 14:32:05.714,1.54865,1.54894,1.00,1.00
2014.07.08 14:32:13.196,1.54873,1.54894,1.00,1.00
2014.07.08 14:32:18.828,1.54873,1.54893,1.00,1.00
2014.07.08 14:32:19.938,1.54864,1.54893,1.00,1.00
2014.07.08 14:32:20.124,1.54874,1.54893,1.00,1.00
2014.07.08 14:32:24.645,1.54874,1.54894,1.00,1.00
2014.07.08 14:32:25.186,1.54874,1.54895,1.00,1.00
2014.07.08 14:32:28.873,1.54877,1.54895,1.00,1.00
2014.07.08 14:32:28.925,1.54877,1.54899,1.00,1.00
2014.07.08 14:32:28.977,1.54884,1.54899,1.00,1.00
2014.07.08 14:32:29.179,1.54883,1.54901,1.00,1.00
2014.07.08 14:32:29.382,1.54884,1.54906,1.00,1.50
2014.07.08 14:32:29.584,1.54884,1.54903,1.00,1.00
2014.07.08 14:32:30.125,1.54883,1.54903,1.00,1.00
2014.07.08 14:32:30.176,1.54873,1.54903,1.00,1.00
2014.07.08 14:32:31.357,1.54874,1.54903,1.00,1.00
2014.07.08 14:32:32.392,1.54878,1.54903,2.25,1.00
2014.07.08 14:32:32.697,1.54883,1.54904,1.00,1.00
2014.07.08 14:32:32.747,1.54883,1.54911,1.00,1.00
2014.07.08 14:32:33.656,1.54894,1.54911,1.00,1.00
2014.07.08 14:32:36.855,1.54884,1.54911,1.00,1.00
2014.07.08 14:32:37.066,1.54893,1.54911,1.00,1.00
2014.07.08 14:32:38.314,1.54894,1.54911,1.00,1.00
2014.07.08 14:32:40.520,1.54884,1.54911,1.00,1.00
2014.07.08 14:32:41.143,1.54894,1.54911,1.00,1.00
2014.07.08 14:32:41.345,1.54894,1.54913,1.00,1.00
2014.07.08 14:32:45.725,1.54894,1.54912,1.00,1.00
2014.07.08 14:32:46.485,1.54894,1.54911,1.00,1.00
2014.07.08 14:32:48.067,1.54893,1.54911,1.00,1.00
2014.07.08 14:32:48.593,1.54894,1.54911,1.00,1.00
2014.07.08 14:32:51.195,1.54894,1.54911,1.00,2.10
2014.07.08 14:32:51.298,1.54884,1.54911,1.00,2.10
2014.07.08 14:32:51.551,1.54884,1.54905,1.00,1.00
2014.07.08 14:32:51.874,1.54893,1.54905,1.00,1.00
2014.07.08 14:32:52.076,1.54883,1.54905,1.00,1.00
2014.07.08 14:32:52.466,1.54894,1.54905,1.00,1.00
2014.07.08 14:32:53.176,1.54894,1.54907,1.00,1.00
2014.07.08 14:32:53.595,1.54883,1.54907,1.00,1.00
2014.07.08 14:32:53.852,1.54883,1.54904,1.00,1.00
2014.07.08 14:32:56.476,1.54893,1.54904,1.00,1.00
2014.07.08 14:32:56.527,1.54893,1.54907,1.00,1.00
2014.07.08 14:32:57.070,1.54893,1.5491,1.00,1.00
2014.07.08 14:32:57.607,1.54894,1.5491,1.00,1.00
2014.07.08 14:32:58.135,1.54893,1.5491,1.00,1.00
2014.07.08 14:32:58.654,1.54893,1.54909,1.00,1.00
2014.07.08 14:33:01.042,1.54894,1.54909,1.00,1.00
2014.07.08 14:33:05.994,1.54884,1.54909,1.00,1.00
2014.07.08 14:33:06.366,1.54893,1.54909,1.00,1.00
2014.07.08 14:33:06.897,1.54893,1.54908,1.00,1.00
2014.07.08 14:33:07.782,1.54884,1.54908,1.00,1.00
2014.07.08 14:33:07.833,1.54884,1.54906,1.00,1.00
2014.07.08 14:33:08.137,1.54893,1.54903,1.00,1.00
2014.07.08 14:33:08.856,1.54884,1.54903,1.00,1.00
2014.07.08 14:33:09.773,1.54894,1.54903,1.00,1.00
2014.07.08 14:33:09.824,1.54894,1.54905,1.00,1.00
2014.07.08 14:33:09.875,1.54884,1.54905,1.00,1.00
2014.07.08 14:33:10.039,1.54884,1.54913,1.00,1.00
2014.07.08 14:33:10.090,1.54894,1.54913,1.00,1.00
2014.07.08 14:33:10.397,1.54894,1.54911,1.00,1.00
2014.07.08 14:33:10.550,1.54884,1.54908,1.00,1.35
2014.07.08 14:33:10.601,1.54884,1.54903,1.00,1.00
2014.07.08 14:33:10.906,1.54883,1.549,1.00,1.00
2014.07.08 14:33:11.209,1.54883,1.54896,1.00,1.00
2014.07.08 14:33:11.361,1.54883,1.549,1.00,1.00
2014.07.08 14:33:11.613,1.54874,1.549,1.00,1.00
2014.07.08 14:33:11.714,1.54884,1.549,1.00,1.00
2014.07.08 14:33:12.496,1.54883,1.549,1.00,1.00
2014.07.08 14:33:15.563,1.54873,1.549,1.00,1.00
2014.07.08 14:33:15.665,1.54873,1.54903,1.00,1.00
2014.07.08 14:33:15.715,1.54883,1.54903,1.00,1.00
2014.07.08 14:33:15.867,1.54883,1.54906,1.00,1.50
2014.07.08 14:33:18.176,1.54883,1.54903,1.00,1.00
2014.07.08 14:33:18.846,1.54884,1.54903,1.00,1.00
2014.07.08 14:33:19.173,1.54883,1.54901,1.00,1.00
2014.07.08 14:33:19.678,1.54884,1.54901,1.00,1.00
2014.07.08 14:33:19.934,1.54874,1.54901,1.00,1.00
2014.07.08 14:33:20.928,1.54883,1.54901,1.00,1.00
2014.07.08 14:33:21.224,1.54874,1.54901,1.00,1.00
2014.07.08 14:33:24.247,1.54874,1.549,1.00,1.00
2014.07.08 14:33:26.393,1.54883,1.549,1.00,1.00
2014.07.08 14:33:27.599,1.54883,1.54901,1.00,1.00
2014.07.08 14:33:28.129,1.54884,1.54901,1.00,1.00
2014.07.08 14:33:30.323,1.54883,1.54901,1.00,1.00
2014.07.08 14:33:33.229,1.54884,1.54901,1.00,1.00
2014.07.08 14:33:34.302,1.54884,1.54904,1.00,1.00
2014.07.08 14:33:34.403,1.54873,1.54904,1.50,1.00
2014.07.08 14:33:34.753,1.54883,1.54904,1.00,1.00
2014.07.08 14:33:35.525,1.54873,1.54904,2.25,1.00
2014.07.08 14:33:36.304,1.54883,1.54904,1.00,1.00
2014.07.08 14:33:38.628,1.54874,1.54904,1.00,1.00
2014.07.08 14:33:38.844,1.54884,1.54901,1.00,1.00
2014.07.08 14:33:42.238,1.54873,1.54901,1.50,1.00
2014.07.08 14:33:42.346,1.54884,1.54901,1.00,1.00
2014.07.08 14:33:42.813,1.54874,1.54901,1.00,1.00
2014.07.08 14:33:43.923,1.54884,1.54901,1.00,1.00
2014.07.08 14:33:44.104,1.54873,1.54901,1.50,1.00
2014.07.08 14:33:44.670,1.54874,1.54901,1.00,1.00
2014.07.08 14:33:45.297,1.54873,1.54901,1.50,1.00
2014.07.08 14:33:45.814,1.54874,1.54901,1.00,1.00
2014.07.08 14:33:45.865,1.54874,1.54904,1.00,1.00
2014.07.08 14:33:46.234,1.54874,1.54901,1.00,1.00
2014.07.08 14:33:46.537,1.54883,1.54908,1.00,1.00
2014.07.08 14:33:46.638,1.54878,1.54906,1.00,1.00
2014.07.08 14:33:46.901,1.54884,1.54908,1.00,1.00
2014.07.08 14:33:47.658,1.54877,1.54906,2.25,1.50
2014.07.08 14:33:47.709,1.54875,1.54906,1.00,1.50
2014.07.08 14:33:49.123,1.54876,1.54906,1.00,1.50
2014.07.08 14:33:49.174,1.54884,1.54908,1.00,1.50
2014.07.08 14:33:50.526,1.54876,1.54907,1.00,1.00
2014.07.08 14:33:50.584,1.54875,1.54904,1.00,1.00
2014.07.08 14:33:50.887,1.54884,1.54904,1.00,1.00
2014.07.08 14:33:50.938,1.54884,1.54909,1.00,1.60
2014.07.08 14:33:51.140,1.54884,1.54906,1.00,1.00
2014.07.08 14:33:51.444,1.54884,1.54902,1.00,1.00
2014.07.08 14:33:51.596,1.54874,1.549,1.00,1.50
2014.07.08 14:33:52.112,1.54874,1.54899,1.00,1.00
2014.07.08 14:33:52.619,1.54873,1.54899,1.00,1.00
2014.07.08 14:33:53.364,1.54874,1.54899,1.00,1.00
2014.07.08 14:33:54.377,1.54874,1.54897,1.00,1.00
2014.07.08 14:33:54.680,1.54873,1.54899,1.00,1.00
2014.07.08 14:33:54.883,1.54883,1.549,1.00,1.00
2014.07.08 14:33:55.135,1.54883,1.54903,1.00,1.00
2014.07.08 14:33:55.343,1.54883,1.54901,1.00,1.00
2014.07.08 14:33:56.230,1.54883,1.54904,1.00,1.50
2014.07.08 14:33:58.188,1.54884,1.54904,1.00,1.50
2014.07.08 14:33:59.825,1.54884,1.54902,1.00,1.00
2014.07.08 14:34:00.180,1.54883,1.549,1.00,1.00
2014.07.08 14:34:02.036,1.54874,1.549,1.00,1.00
2014.07.08 14:34:02.912,1.54884,1.549,1.00,1.00
2014.07.08 14:34:04.128,1.54884,1.54898,1.00,1.00
2014.07.08 14:34:04.279,1.54873,1.54898,1.00,1.00
2014.07.08 14:34:04.380,1.54884,1.54898,1.00,1.00
2014.07.08 14:34:04.482,1.54884,1.549,1.00,1.50
2014.07.08 14:34:06.558,1.54883,1.549,1.00,1.50
2014.07.08 14:34:09.018,1.54883,1.54902,1.00,1.00
2014.07.08 14:34:10.482,1.54883,1.54901,1.00,1.00
2014.07.08 14:34:12.822,1.54874,1.54901,1.00,1.00
2014.07.08 14:34:13.253,1.54883,1.549,1.00,1.00
2014.07.08 14:34:13.361,1.54874,1.549,1.00,1.00
2014.07.08 14:34:14.365,1.54873,1.549,1.00,1.00
2014.07.08 14:34:14.617,1.54884,1.549,1.00,1.50
2014.07.08 14:34:15.148,1.54884,1.54899,1.00,1.00
2014.07.08 14:34:15.459,1.54874,1.54898,1.00,1.50
2014.07.08 14:34:15.914,1.54884,1.54901,1.00,1.00
2014.07.08 14:34:16.424,1.54883,1.54905,1.00,1.00
2014.07.08 14:34:16.940,1.54884,1.54905,1.00,1.00
2014.07.08 14:34:18.873,1.54893,1.54905,1.00,1.00
2014.07.08 14:34:19.281,1.54894,1.54909,1.00,1.30
2014.07.08 14:34:19.390,1.54883,1.54909,1.00,1.30
2014.07.08 14:34:19.643,1.54893,1.54909,1.00,1.00
2014.07.08 14:34:20.077,1.54884,1.54909,1.00,1.00
2014.07.08 14:34:21.264,1.54884,1.54911,1.00,1.00
2014.07.08 14:34:22.284,1.54893,1.54911,1.00,1.00
2014.07.08 14:34:22.843,1.54894,1.54915,1.00,1.00
2014.07.08 14:34:23.197,1.54894,1.54923,1.00,1.00
2014.07.08 14:34:23.247,1.54893,1.5492,1.00,1.00
2014.07.08 14:34:23.632,1.54889,1.5492,1.00,1.50
2014.07.08 14:34:23.684,1.54887,1.54919,1.00,1.00
2014.07.08 14:34:24.223,1.54887,1.54918,1.00,1.00
2014.07.08 14:34:24.671,1.54885,1.54914,1.00,1.00
2014.07.08 14:34:24.985,1.54887,1.54916,1.00,1.00
2014.07.08 14:34:29.090,1.54884,1.54915,1.50,1.00
2014.07.08 14:34:30.519,1.54883,1.54913,1.00,1.00
2014.07.08 14:34:37.605,1.54894,1.54913,1.00,1.00
2014.07.08 14:34:37.813,1.54894,1.54915,1.00,1.00
2014.07.08 14:34:38.118,1.54885,1.54915,1.00,1.50
2014.07.08 14:34:38.421,1.54883,1.54913,1.50,1.00
2014.07.08 14:34:39.501,1.54884,1.54913,1.00,1.00
2014.07.08 14:34:40.105,1.54883,1.54913,1.00,1.00
2014.07.08 14:34:40.612,1.54882,1.54913,1.00,1.00
2014.07.08 14:34:41.042,1.54884,1.54913,1.00,1.00
2014.07.08 14:34:44.232,1.54882,1.54913,1.00,1.00
2014.07.08 14:34:44.797,1.54885,1.54914,1.00,1.00
2014.07.08 14:34:45.120,1.54884,1.54912,1.00,1.00
2014.07.08 14:34:45.427,1.54894,1.54915,1.00,1.50
2014.07.08 14:34:45.579,1.54884,1.54915,1.50,1.50
2014.07.08 14:34:45.680,1.54884,1.54912,1.00,1.00
2014.07.08 14:34:45.991,1.54894,1.54915,1.00,1.50
2014.07.08 14:34:46.473,1.54894,1.54917,1.00,1.50
2014.07.08 14:34:48.154,1.54894,1.54915,1.00,1.00
2014.07.08 14:34:48.706,1.54893,1.54915,1.00,1.00
2014.07.08 14:34:54.402,1.54893,1.54917,1.00,1.50
2014.07.08 14:34:55.019,1.54886,1.54916,1.00,1.00
2014.07.08 14:34:55.171,1.54893,1.54917,1.00,1.00
2014.07.08 14:34:55.812,1.5489,1.54916,1.00,1.00
2014.07.08 14:34:56.328,1.5489,1.54917,1.00,1.00
2014.07.08 14:34:56.900,1.54888,1.54917,1.00,1.50
2014.07.08 14:34:57.246,1.54884,1.54915,1.00,1.00
2014.07.08 14:34:58.757,1.54894,1.54915,1.00,1.00
2014.07.08 14:34:58.987,1.54884,1.54915,1.50,1.00
2014.07.08 14:35:01.531,1.54884,1.54912,1.00,1.00
2014.07.08 14:35:01.837,1.54886,1.54916,1.00,1.50
2014.07.08 14:35:01.988,1.54884,1.54915,1.00,1.00
2014.07.08 14:35:02.190,1.54886,1.54915,1.00,1.00
2014.07.08 14:35:03.043,1.54886,1.54917,1.00,2.25
2014.07.08 14:35:03.279,1.54894,1.54917,1.00,2.25
2014.07.08 14:35:04.146,1.54886,1.54917,1.00,1.50
2014.07.08 14:35:07.138,1.54885,1.54916,1.00,1.00
2014.07.08 14:35:07.189,1.54885,1.54914,1.00,1.00
2014.07.08 14:35:07.493,1.54882,1.54912,1.00,1.00
2014.07.08 14:35:07.696,1.54884,1.54913,1.50,1.00
2014.07.08 14:35:08.986,1.54885,1.54914,1.00,1.50
2014.07.08 14:35:10.234,1.54886,1.54914,1.00,1.00
2014.07.08 14:35:11.209,1.54886,1.54915,1.00,1.00
2014.07.08 14:35:14.413,1.54888,1.54917,1.00,2.25
2014.07.08 14:35:15.044,1.54888,1.54916,1.00,1.00
2014.07.08 14:35:15.916,1.54889,1.54916,1.00,1.00
2014.07.08 14:35:16.418,1.54889,1.54917,1.00,1.00
2014.07.08 14:35:17.343,1.54886,1.54917,1.00,2.25
2014.07.08 14:35:18.013,1.54888,1.54917,1.00,1.00
2014.07.08 14:35:20.415,1.54887,1.54917,1.00,1.00
2014.07.08 14:35:39.363,1.54887,1.54919,1.00,1.00
2014.07.08 14:35:41.999,1.54886,1.54916,1.00,1.00
2014.07.08 14:35:54.394,1.54888,1.54918,1.00,1.00
2014.07.08 14:35:57.933,1.54887,1.54918,1.00,1.00
2014.07.08 14:36:03.426,1.54886,1.54913,1.00,1.00
2014.07.08 14:36:03.477,1.54884,1.54913,1.00,1.00
2014.07.08 14:36:04.067,1.54883,1.54914,1.00,1.00
2014.07.08 14:36:04.521,1.54882,1.54912,1.50,1.00
2014.07.08 14:36:14.623,1.5488,1.54912,1.00,1.00
2014.07.08 14:36:14.674,1.5488,1.54909,1.00,1.00
2014.07.08 14:36:14.979,1.5487,1.54896,1.00,1.00
2014.07.08 14:36:15.131,1.54865,1.54896,1.00,1.50
2014.07.08 14:36:15.993,1.54864,1.54895,1.50,1.00
2014.07.08 14:36:16.636,1.54874,1.54895,1.00,1.00
2014.07.08 14:36:16.889,1.54864,1.54895,1.50,1.00
2014.07.08 14:36:17.092,1.54874,1.54895,1.00,1.00
2014.07.08 14:36:22.167,1.54874,1.54891,1.00,1.00
2014.07.08 14:36:22.320,1.54864,1.54891,1.00,1.00
2014.07.08 14:36:22.857,1.54863,1.54891,1.00,1.00
2014.07.08 14:36:23.419,1.54863,1.5489,1.00,1.00
2014.07.08 14:36:25.664,1.54864,1.5489,1.00,1.00
2014.07.08 14:36:29.273,1.54863,1.5489,1.00,1.00
2014.07.08 14:36:29.857,1.54864,1.5489,1.00,1.00
2014.07.08 14:36:36.248,1.54864,1.54893,1.00,1.00
2014.07.08 14:36:38.175,1.54874,1.54893,1.00,1.00
2014.07.08 14:36:38.534,1.54873,1.54895,1.00,1.00
2014.07.08 14:36:38.696,1.54873,1.54899,1.00,1.00
2014.07.08 14:36:39.227,1.54874,1.54899,1.00,1.00
2014.07.08 14:36:40.593,1.54873,1.54899,1.00,1.00
2014.07.08 14:36:41.180,1.54873,1.54901,1.00,1.00
2014.07.08 14:36:41.898,1.54874,1.54901,1.00,1.00
2014.07.08 14:36:44.186,1.54874,1.54898,1.00,1.00
2014.07.08 14:36:44.692,1.54873,1.54902,1.00,1.00
2014.07.08 14:36:46.507,1.54874,1.54902,1.00,1.00
2014.07.08 14:36:46.992,1.54873,1.54899,1.00,1.00
2014.07.08 14:36:47.094,1.54873,1.54902,1.00,1.00
2014.07.08 14:36:48.292,1.54874,1.54902,1.00,1.00
2014.07.08 14:36:48.343,1.54874,1.54898,1.00,1.00
2014.07.08 14:36:48.646,1.54874,1.54902,1.00,1.00
2014.07.08 14:36:51.570,1.54873,1.54902,1.00,1.00
2014.07.08 14:37:00.085,1.54873,1.54904,1.00,1.00
2014.07.08 14:37:00.237,1.54874,1.54906,1.50,1.50
2014.07.08 14:37:01.281,1.54874,1.54902,1.00,1.00
2014.07.08 14:37:05.110,1.54883,1.54902,1.00,1.00
2014.07.08 14:37:06.571,1.54874,1.54902,1.00,1.00
2014.07.08 14:37:06.723,1.54875,1.54905,1.00,1.00
2014.07.08 14:37:07.846,1.54883,1.54905,1.00,1.00
2014.07.08 14:37:08.317,1.54875,1.54905,1.00,1.00
2014.07.08 14:37:08.526,1.54884,1.54905,1.00,1.00
2014.07.08 14:37:11.179,1.54875,1.54905,1.00,1.00
2014.07.08 14:37:11.381,1.54884,1.54905,1.00,1.00
2014.07.08 14:37:14.674,1.54873,1.54905,1.50,1.00
2014.07.08 14:37:16.730,1.54873,1.54901,1.50,1.00
2014.07.08 14:37:17.850,1.54874,1.54901,1.00,1.00
2014.07.08 14:37:25.370,1.54873,1.54901,1.00,1.00
2014.07.08 14:37:28.752,1.54873,1.549,1.00,1.00
2014.07.08 14:37:30.638,1.54874,1.549,1.00,1.00
2014.07.08 14:37:38.643,1.54873,1.549,1.00,1.00
2014.07.08 14:37:43.391,1.54874,1.549,1.00,1.00
2014.07.08 14:37:44.493,1.54871,1.54897,1.00,1.00
2014.07.08 14:37:45.135,1.54874,1.549,1.00,1.00
2014.07.08 14:37:54.332,1.54874,1.54904,1.00,1.00
2014.07.08 14:37:55.472,1.5487,1.54897,1.00,1.00
2014.07.08 14:37:55.849,1.54874,1.54904,1.00,1.00
2014.07.08 14:38:02.660,1.5487,1.54896,1.00,1.00
2014.07.08 14:38:02.982,1.54873,1.54904,1.00,1.00
2014.07.08 14:38:05.529,1.5487,1.54897,1.00,1.00
2014.07.08 14:38:05.833,1.54874,1.549,1.00,1.00
2014.07.08 14:38:06.035,1.54864,1.54896,1.00,1.00
2014.07.08 14:38:06.566,1.54863,1.54896,1.50,1.00
2014.07.08 14:38:07.573,1.54873,1.54896,1.00,1.00
2014.07.08 14:38:07.941,1.54864,1.54896,1.00,1.50
2014.07.08 14:38:12.219,1.54874,1.54896,1.00,1.00
2014.07.08 14:38:13.210,1.54874,1.549,1.00,1.00
2014.07.08 14:38:13.465,1.54876,1.54907,1.00,1.30
2014.07.08 14:38:13.516,1.54877,1.5491,1.00,1.00
2014.07.08 14:38:13.668,1.54884,1.54911,1.00,1.00
2014.07.08 14:38:14.236,1.54884,1.54912,1.00,1.50
2014.07.08 14:38:14.401,1.54879,1.54912,1.00,1.50
2014.07.08 14:38:19.388,1.54878,1.54911,1.00,1.00
2014.07.08 14:38:20.605,1.54877,1.5491,1.00,1.00
2014.07.08 14:38:20.958,1.54875,1.54909,1.00,1.00
2014.07.08 14:38:21.353,1.54877,1.54909,1.00,1.00
2014.07.08 14:38:23.321,1.54877,1.54907,1.00,1.00
2014.07.08 14:38:23.894,1.54877,1.54909,1.00,1.00
2014.07.08 14:38:23.945,1.54878,1.54911,1.00,1.00
2014.07.08 14:38:24.447,1.54879,1.54912,1.00,1.00
2014.07.08 14:38:24.549,1.54881,1.54914,1.00,1.00
2014.07.08 14:38:25.751,1.54877,1.5491,1.00,1.35
2014.07.08 14:38:26.095,1.54876,1.54907,1.50,1.00
2014.07.08 14:38:27.870,1.54876,1.54906,1.50,1.00
2014.07.08 14:38:29.392,1.54876,1.54907,1.50,1.00
2014.07.08 14:38:34.455,1.54877,1.54907,1.00,1.00
2014.07.08 14:38:35.210,1.54878,1.54907,1.00,1.00
2014.07.08 14:38:36.129,1.54878,1.54912,1.00,1.60
2014.07.08 14:38:36.230,1.5488,1.54912,1.00,1.60
2014.07.08 14:38:37.880,1.5488,1.54907,1.00,1.00
2014.07.08 14:38:38.388,1.5488,1.54906,1.00,1.00
2014.07.08 14:38:38.931,1.5488,1.54907,1.00,1.00
2014.07.08 14:38:40.298,1.5488,1.54906,1.00,1.00
2014.07.08 14:38:41.081,1.5488,1.54907,1.00,1.00
2014.07.08 14:38:41.138,1.54878,1.54907,1.00,1.00
2014.07.08 14:38:42.058,1.54878,1.54912,1.00,1.60
2014.07.08 14:38:44.002,1.54878,1.54908,1.00,1.00
2014.07.08 14:38:44.053,1.54875,1.54906,1.00,1.00
2014.07.08 14:38:44.256,1.54877,1.54906,1.00,1.00
2014.07.08 14:38:44.674,1.54874,1.54906,1.00,1.00
2014.07.08 14:38:45.197,1.54873,1.54906,1.50,1.00
2014.07.08 14:38:45.648,1.54875,1.54907,1.00,1.50
2014.07.08 14:38:46.218,1.54875,1.54906,1.00,1.00
2014.07.08 14:38:48.093,1.54873,1.54906,1.50,1.50
2014.07.08 14:38:48.194,1.54873,1.54904,1.00,1.00
2014.07.08 14:38:48.397,1.54874,1.54906,1.00,1.00
2014.07.08 14:38:48.943,1.54873,1.54905,1.00,1.00
2014.07.08 14:38:49.554,1.54874,1.54905,1.00,1.00
2014.07.08 14:38:50.059,1.54874,1.54906,1.00,1.00
2014.07.08 14:38:50.161,1.54877,1.54906,1.00,1.00
2014.07.08 14:38:51.726,1.54876,1.54906,1.00,1.00
2014.07.08 14:38:52.286,1.54876,1.54907,1.00,1.00
2014.07.08 14:38:52.592,1.54884,1.54908,1.00,1.00
2014.07.08 14:38:52.797,1.54884,1.5491,1.00,1.50
2014.07.08 14:38:53.276,1.54876,1.54906,1.00,1.00
2014.07.08 14:38:55.029,1.54879,1.54906,1.00,1.00
2014.07.08 14:38:58.104,1.54898,1.5491,1.00,1.00
2014.07.08 14:38:58.207,1.54894,1.54917,2.25,1.00
2014.07.08 14:38:58.257,1.54901,1.54917,1.05,1.00
2014.07.08 14:38:58.511,1.54903,1.54926,1.00,1.00
2014.07.08 14:38:58.662,1.54897,1.54926,1.00,1.00
2014.07.08 14:38:58.713,1.54895,1.54926,1.00,1.00
2014.07.08 14:39:00.607,1.54894,1.54925,1.00,1.00
2014.07.08 14:39:00.910,1.54893,1.54923,1.00,1.00
2014.07.08 14:39:01.223,1.54888,1.54916,1.00,1.00
2014.07.08 14:39:01.325,1.54893,1.54923,1.00,1.00
2014.07.08 14:39:02.057,1.54894,1.54923,1.00,1.00
2014.07.08 14:39:02.411,1.54887,1.54916,1.00,1.00
2014.07.08 14:39:02.600,1.54893,1.54923,1.00,1.00
2014.07.08 14:39:03.381,1.54887,1.54917,1.00,1.00
2014.07.08 14:39:04.037,1.54893,1.54923,1.00,1.00
2014.07.08 14:39:04.734,1.54888,1.54917,1.00,1.00
2014.07.08 14:39:05.273,1.54887,1.54917,1.80,1.00
2014.07.08 14:39:05.677,1.54884,1.54916,1.00,1.00
2014.07.08 14:39:06.819,1.54883,1.54917,2.25,1.00
2014.07.08 14:39:07.324,1.54884,1.54917,1.00,1.50
2014.07.08 14:39:07.425,1.54886,1.54917,1.00,1.00
2014.07.08 14:39:07.930,1.54887,1.54917,1.00,1.00
2014.07.08 14:39:08.448,1.54888,1.54917,1.00,1.00
2014.07.08 14:39:08.861,1.54886,1.54917,1.00,1.00
2014.07.08 14:39:09.877,1.54888,1.54907,1.00,1.00
2014.07.08 14:39:10.079,1.54873,1.54905,1.50,1.50
2014.07.08 14:39:10.282,1.54874,1.54903,1.00,1.00
2014.07.08 14:39:10.657,1.54868,1.54896,1.00,1.00
2014.07.08 14:39:10.859,1.54864,1.54896,1.00,2.10
2014.07.08 14:39:11.751,1.54864,1.54893,1.00,1.00
2014.07.08 14:39:12.054,1.5486,1.54887,1.00,1.00
2014.07.08 14:39:12.156,1.54858,1.54886,1.00,1.00
2014.07.08 14:39:12.387,1.54858,1.54892,1.00,2.10
2014.07.08 14:39:12.612,1.5486,1.54887,1.00,1.00
2014.07.08 14:39:12.764,1.54863,1.54893,1.50,1.00
2014.07.08 14:39:12.915,1.54865,1.54893,1.00,1.00
2014.07.08 14:39:13.219,1.54874,1.54899,1.00,1.00
2014.07.08 14:39:13.320,1.5487,1.54897,1.00,1.00
2014.07.08 14:39:13.371,1.54868,1.54897,1.00,1.00
2014.07.08 14:39:13.942,1.54866,1.54897,1.00,1.00
2014.07.08 14:39:16.032,1.54865,1.54897,1.00,1.00
2014.07.08 14:39:17.141,1.54874,1.54899,1.00,1.50
2014.07.08 14:39:19.814,1.54874,1.549,1.00,1.00
2014.07.08 14:39:20.168,1.54875,1.54906,1.00,1.00
2014.07.08 14:39:20.371,1.54875,1.54907,1.00,2.10
2014.07.08 14:39:20.422,1.54873,1.54902,1.00,1.00
2014.07.08 14:39:21.750,1.54873,1.549,1.00,1.00
2014.07.08 14:39:23.860,1.54874,1.549,1.00,1.00
2014.07.08 14:39:23.911,1.54874,1.54902,1.00,1.00
2014.07.08 14:39:24.063,1.54884,1.54902,1.00,1.00
2014.07.08 14:39:24.164,1.54884,1.54906,1.00,1.00
2014.07.08 14:39:24.231,1.54884,1.54909,1.00,1.35
2014.07.08 14:39:27.153,1.54877,1.54906,1.00,1.00
2014.07.08 14:39:27.757,1.54876,1.54906,1.00,1.00
2014.07.08 14:39:31.643,1.54874,1.54906,1.00,1.00
2014.07.08 14:39:34.600,1.54874,1.54905,1.00,1.00
2014.07.08 14:39:35.945,1.54874,1.54906,1.00,1.00
2014.07.08 14:39:36.470,1.54874,1.54905,1.00,1.00
2014.07.08 14:39:38.907,1.54883,1.54905,1.00,1.00
2014.07.08 14:39:39.159,1.54874,1.54905,1.00,1.00
2014.07.08 14:39:41.191,1.54883,1.54905,1.00,1.00
2014.07.08 14:39:43.133,1.54874,1.54905,1.00,1.00
2014.07.08 14:39:52.310,1.54874,1.54906,1.00,1.50
2014.07.08 14:39:52.520,1.54874,1.54904,1.50,1.00
2014.07.08 14:39:53.166,1.54874,1.54905,1.00,1.00
2014.07.08 14:39:55.247,1.54876,1.54905,1.00,1.00
2014.07.08 14:39:55.782,1.54876,1.54906,1.50,1.50
2014.07.08 14:39:56.398,1.54876,1.54905,1.00,1.00
2014.07.08 14:39:58.237,1.54874,1.54905,1.00,1.00
2014.07.08 14:40:04.946,1.54874,1.54904,1.00,1.00
2014.07.08 14:40:06.115,1.54874,1.54902,1.00,1.00
2014.07.08 14:40:06.418,1.5487,1.54896,1.30,1.00
2014.07.08 14:40:06.520,1.54867,1.54896,1.00,1.00
2014.07.08 14:40:06.722,1.54864,1.54894,1.05,1.00
2014.07.08 14:40:06.924,1.5486,1.54891,1.30,1.00
2014.07.08 14:40:06.975,1.5486,1.54891,1.00,1.00
2014.07.08 14:40:07.485,1.5486,1.54889,1.00,1.00
2014.07.08 14:40:08.897,1.5486,1.54886,1.00,1.00
2014.07.08 14:40:10.685,1.54856,1.54882,1.00,1.00
2014.07.08 14:40:10.888,1.54846,1.54875,1.50,1.00
2014.07.08 14:40:11.876,1.54851,1.54876,1.00,1.00
2014.07.08 14:40:11.977,1.54847,1.54876,1.00,1.00
2014.07.08 14:40:12.129,1.54852,1.54875,1.00,2.10
2014.07.08 14:40:12.331,1.54844,1.54871,1.00,1.60
2014.07.08 14:40:12.433,1.54839,1.54867,1.38,1.00
2014.07.08 14:40:12.534,1.54839,1.54867,1.00,1.00
2014.07.08 14:40:13.060,1.54839,1.54871,1.00,1.60
2014.07.08 14:40:13.238,1.54841,1.54872,1.00,1.00
2014.07.08 14:40:14.215,1.54846,1.54875,1.00,1.50
2014.07.08 14:40:14.537,1.54841,1.54867,1.00,1.00
2014.07.08 14:40:14.588,1.54841,1.5487,1.00,1.00
2014.07.08 14:40:16.891,1.54841,1.54872,1.00,1.50
2014.07.08 14:40:18.506,1.54841,1.54868,1.00,1.00
2014.07.08 14:40:19.038,1.54841,1.54867,1.00,1.00
2014.07.08 14:40:20.939,1.54841,1.54871,1.00,1.00
2014.07.08 14:40:22.166,1.54838,1.54868,1.00,1.00
2014.07.08 14:40:22.488,1.54841,1.54866,1.00,1.00
2014.07.08 14:40:22.640,1.54841,1.54871,1.00,1.00
2014.07.08 14:40:23.130,1.54841,1.54867,1.00,1.00
2014.07.08 14:40:25.100,1.54844,1.54867,1.00,1.00
2014.07.08 14:40:25.639,1.54844,1.5487,1.00,1.00
2014.07.08 14:40:25.791,1.54844,1.54872,1.00,1.00
2014.07.08 14:40:25.842,1.54841,1.54872,1.00,1.00
2014.07.08 14:40:26.350,1.54841,1.5487,1.00,1.50
2014.07.08 14:40:26.654,1.54843,1.5487,1.00,1.00
2014.07.08 14:40:26.949,1.5484,1.5487,1.00,1.50
2014.07.08 14:40:29.326,1.54843,1.5487,1.00,1.00
2014.07.08 14:40:29.578,1.54845,1.54874,1.00,1.00
2014.07.08 14:40:30.211,1.54843,1.54872,1.00,1.00
2014.07.08 14:40:36.358,1.54844,1.54873,1.00,1.00
2014.07.08 14:40:39.019,1.54842,1.54872,1.00,1.00
2014.07.08 14:40:39.120,1.54839,1.54868,1.00,1.00
2014.07.08 14:40:39.630,1.54838,1.54869,1.00,1.00
2014.07.08 14:40:39.948,1.54842,1.54873,1.00,1.50
2014.07.08 14:40:41.713,1.54842,1.5487,1.00,1.00
2014.07.08 14:40:42.218,1.54841,1.5487,1.00,1.50
2014.07.08 14:40:43.970,1.54842,1.5487,1.00,1.00
2014.07.08 14:40:46.186,1.54844,1.5487,1.00,1.00
2014.07.08 14:40:46.288,1.54842,1.5487,1.00,1.00
2014.07.08 14:40:46.397,1.54839,1.5487,1.00,1.50
2014.07.08 14:40:46.599,1.54838,1.54867,1.00,1.00
2014.07.08 14:40:46.919,1.54844,1.54867,1.00,1.35
2014.07.08 14:40:47.223,1.54844,1.54865,1.00,1.50
2014.07.08 14:40:47.526,1.54844,1.54862,1.00,1.00
2014.07.08 14:40:47.628,1.54833,1.54861,1.00,1.00
2014.07.08 14:40:47.831,1.54843,1.54861,1.00,1.00
2014.07.08 14:40:51.605,1.54833,1.54861,1.00,1.00
2014.07.08 14:41:00.237,1.54836,1.54863,1.00,1.00
2014.07.08 14:41:00.600,1.54843,1.54871,1.00,1.60
2014.07.08 14:41:00.811,1.54837,1.54863,1.00,1.00
2014.07.08 14:41:00.912,1.54834,1.54863,1.00,1.00
2014.07.08 14:41:01.266,1.54834,1.54861,1.00,1.00
2014.07.08 14:41:02.244,1.54834,1.5486,1.00,1.00
2014.07.08 14:41:03.861,1.54834,1.54858,1.00,1.00
2014.07.08 14:41:14.592,1.54829,1.54856,1.00,1.00
2014.07.08 14:41:15.205,1.5483,1.54856,1.00,1.00
2014.07.08 14:41:15.795,1.54829,1.54856,1.00,1.00
2014.07.08 14:41:17.551,1.5483,1.54856,1.00,1.00
2014.07.08 14:41:22.098,1.54829,1.54856,1.00,1.50
2014.07.08 14:41:22.402,1.54826,1.54856,1.00,1.00
2014.07.08 14:41:22.654,1.54825,1.54854,1.00,1.00
2014.07.08 14:41:28.254,1.54825,1.54856,1.00,1.00
2014.07.08 14:41:28.456,1.54831,1.54857,1.00,1.00
2014.07.08 14:41:28.892,1.54833,1.5486,1.00,1.00
2014.07.08 14:41:28.968,1.54831,1.54856,1.00,1.00
2014.07.08 14:41:29.019,1.54828,1.54856,1.00,1.00
2014.07.08 14:41:30.327,1.54827,1.54856,1.00,1.00
2014.07.08 14:41:33.820,1.54834,1.54857,1.00,1.00
2014.07.08 14:41:33.972,1.54834,1.5486,1.00,1.50
2014.07.08 14:41:35.525,1.54834,1.54858,1.00,1.00
2014.07.08 14:41:35.627,1.54833,1.54861,1.00,1.00
2014.07.08 14:41:35.728,1.54835,1.54861,1.00,1.00
2014.07.08 14:41:35.830,1.5484,1.54867,1.00,1.05
2014.07.08 14:41:36.769,1.5484,1.54867,1.00,1.30
2014.07.08 14:41:37.277,1.5484,1.54867,1.00,1.05
2014.07.08 14:41:37.379,1.54837,1.54866,1.00,1.00
2014.07.08 14:41:37.581,1.54835,1.54865,1.00,1.00
2014.07.08 14:41:38.089,1.54834,1.54865,1.00,1.50
2014.07.08 14:41:43.651,1.54834,1.54863,1.00,1.00
2014.07.08 14:41:45.355,1.54833,1.54863,1.00,1.00
2014.07.08 14:41:46.382,1.54834,1.54863,1.00,1.00
2014.07.08 14:41:52.097,1.54834,1.54862,1.00,1.00
2014.07.08 14:41:52.572,1.54834,1.5486,1.00,1.00
2014.07.08 14:41:52.622,1.5483,1.54857,1.00,1.00
2014.07.08 14:41:54.163,1.54833,1.5486,1.00,1.50
2014.07.08 14:41:54.626,1.5483,1.54857,1.00,1.00
2014.07.08 14:41:55.629,1.5483,1.54856,1.00,1.00
2014.07.08 14:41:58.371,1.54834,1.5486,1.00,1.00
2014.07.08 14:41:58.573,1.54835,1.54865,1.00,1.50
2014.07.08 14:41:58.674,1.54844,1.54865,1.00,1.00
2014.07.08 14:41:58.826,1.5484,1.54866,1.00,1.00
2014.07.08 14:41:58.928,1.54843,1.54869,1.00,1.00
2014.07.08 14:41:59.432,1.54844,1.54869,1.00,1.00
2014.07.08 14:42:03.178,1.54841,1.54866,1.00,1.00
2014.07.08 14:42:05.096,1.54843,1.5487,1.00,1.00
2014.07.08 14:42:05.616,1.54843,1.54869,1.00,1.00
2014.07.08 14:42:09.588,1.54839,1.54866,1.00,1.00
2014.07.08 14:42:09.667,1.54843,1.54869,1.00,1.00
2014.07.08 14:42:13.408,1.54838,1.54867,1.00,1.00
2014.07.08 14:42:15.636,1.54839,1.54867,1.00,1.00
2014.07.08 14:42:16.172,1.54838,1.54866,1.00,1.00
2014.07.08 14:42:16.425,1.54834,1.54865,1.00,1.00
2014.07.08 14:42:16.595,1.54834,1.54863,1.00,1.00
2014.07.08 14:42:17.577,1.54832,1.54856,1.00,1.00
2014.07.08 14:42:18.867,1.54832,1.54857,1.00,1.00
2014.07.08 14:42:18.970,1.5483,1.54857,1.00,1.00
2014.07.08 14:42:19.072,1.54825,1.54856,1.50,1.50
2014.07.08 14:42:19.123,1.54825,1.54856,1.50,2.10
2014.07.08 14:42:20.062,1.54825,1.54846,1.00,1.00
2014.07.08 14:42:20.616,1.54825,1.54854,1.00,2.10
2014.07.08 14:42:21.315,1.54825,1.54847,1.00,1.00
2014.07.08 14:42:21.375,1.54825,1.54854,1.00,1.35
2014.07.08 14:42:21.925,1.54825,1.54847,1.00,1.00
2014.07.08 14:42:22.629,1.54825,1.54854,1.00,1.35
2014.07.08 14:42:29.185,1.54826,1.54855,1.00,1.00
2014.07.08 14:42:29.732,1.54825,1.54856,1.00,1.50
2014.07.08 14:42:33.433,1.54825,1.54853,1.00,1.00
2014.07.08 14:42:33.937,1.54824,1.54853,1.00,1.50
2014.07.08 14:42:38.007,1.54823,1.54853,1.00,1.50
2014.07.08 14:42:40.509,1.54824,1.54854,1.00,1.00
2014.07.08 14:42:41.616,1.54833,1.54854,1.00,1.00
2014.07.08 14:42:42.054,1.54824,1.54854,1.50,1.00
2014.07.08 14:42:44.555,1.54828,1.54854,1.00,1.00
2014.07.08 14:42:44.895,1.54834,1.54854,1.00,1.00
2014.07.08 14:42:44.946,1.54834,1.54857,1.00,1.00
2014.07.08 14:42:44.997,1.54834,1.54861,1.00,1.00
2014.07.08 14:42:45.150,1.54844,1.54861,1.00,1.00
2014.07.08 14:42:45.251,1.54844,1.54871,1.00,1.50
2014.07.08 14:42:45.403,1.54853,1.54871,1.00,1.50
2014.07.08 14:42:45.454,1.54853,1.54875,1.00,1.00
2014.07.08 14:42:46.169,1.54847,1.54875,1.00,1.00
2014.07.08 14:42:48.307,1.54844,1.54875,1.00,1.00
2014.07.08 14:42:48.650,1.54842,1.54871,1.00,1.00
2014.07.08 14:42:49.113,1.54844,1.54875,1.00,1.50
2014.07.08 14:42:49.634,1.54845,1.54875,1.00,1.00
2014.07.08 14:42:50.147,1.54844,1.54875,1.00,1.00
2014.07.08 14:42:50.198,1.54842,1.54873,1.00,1.00
2014.07.08 14:42:50.748,1.54844,1.54873,1.00,1.00
2014.07.08 14:42:51.256,1.54843,1.54872,1.00,1.00
2014.07.08 14:42:52.290,1.54843,1.54873,1.00,1.00
2014.07.08 14:42:53.023,1.54843,1.5487,1.00,1.00
2014.07.08 14:42:53.542,1.54843,1.54871,1.00,1.00
2014.07.08 14:42:54.125,1.54843,1.5487,1.00,1.00
2014.07.08 14:42:59.282,1.54843,1.54869,1.00,1.00
2014.07.08 14:43:03.012,1.54843,1.5487,1.00,1.00
2014.07.08 14:43:03.552,1.54844,1.5487,1.00,1.00
2014.07.08 14:43:04.317,1.54844,1.54871,1.00,1.00
2014.07.08 14:43:05.855,1.54844,1.54873,1.00,1.00
2014.07.08 14:43:08.187,1.54844,1.54874,1.00,1.00
2014.07.08 14:43:17.878,1.54844,1.54875,1.00,1.50
2014.07.08 14:43:18.382,1.54844,1.54874,1.50,1.00
2014.07.08 14:43:23.367,1.54843,1.54873,1.50,1.00
2014.07.08 14:43:23.873,1.54841,1.54872,1.00,1.00
2014.07.08 14:43:23.923,1.54843,1.54872,1.00,1.00
2014.07.08 14:43:24.176,1.5484,1.54871,1.00,1.00
2014.07.08 14:43:24.378,1.54839,1.54869,1.00,1.00
2014.07.08 14:43:25.976,1.54839,1.54866,1.00,1.00
2014.07.08 14:43:26.027,1.54837,1.54866,1.00,1.00
2014.07.08 14:43:26.298,1.54839,1.54871,1.00,1.00
2014.07.08 14:43:26.957,1.54838,1.5487,1.00,1.00
2014.07.08 14:43:27.059,1.54844,1.5487,1.00,1.00
2014.07.08 14:43:27.598,1.54844,1.54871,1.00,1.00
2014.07.08 14:43:32.212,1.54844,1.54873,1.00,2.25
2014.07.08 14:43:38.419,1.54843,1.54873,1.50,2.25
2014.07.08 14:43:39.106,1.54843,1.54869,1.00,1.00
2014.07.08 14:43:39.208,1.5484,1.54869,1.00,1.00
2014.07.08 14:43:39.757,1.54838,1.54869,1.00,1.00
2014.07.08 14:43:40.269,1.54843,1.5487,1.00,1.00
2014.07.08 14:43:40.320,1.54843,1.54872,1.00,1.00
2014.07.08 14:43:40.371,1.54841,1.54872,1.00,1.00
2014.07.08 14:43:42.568,1.54853,1.54872,1.00,1.00
2014.07.08 14:43:43.095,1.54853,1.54883,1.00,1.38
2014.07.08 14:43:43.347,1.54853,1.54883,1.50,1.00
2014.07.08 14:43:43.398,1.54856,1.54886,1.00,1.30
2014.07.08 14:43:43.640,1.54853,1.54884,2.25,1.05
2014.07.08 14:43:45.840,1.54853,1.54884,2.85,1.05
2014.07.08 14:43:46.094,1.54859,1.5489,1.80,1.00
2014.07.08 14:43:46.145,1.54863,1.54893,1.00,1.00
2014.07.08 14:43:46.397,1.54856,1.54888,1.00,1.00
2014.07.08 14:43:48.144,1.54856,1.54885,1.00,1.00
2014.07.08 14:43:48.447,1.54854,1.5488,1.00,1.00
2014.07.08 14:43:48.700,1.54854,1.54882,1.00,1.50
2014.07.08 14:43:49.643,1.54853,1.54882,1.00,1.00
2014.07.08 14:43:53.088,1.54854,1.54883,1.00,1.50
2014.07.08 14:43:53.595,1.54853,1.54882,1.00,1.00
2014.07.08 14:43:53.646,1.54849,1.54879,1.00,1.00
2014.07.08 14:43:55.193,1.54852,1.54881,1.00,1.00
2014.07.08 14:43:59.164,1.54854,1.54883,1.00,2.25
2014.07.08 14:44:00.134,1.54851,1.54883,1.00,2.25
2014.07.08 14:44:00.185,1.54851,1.54881,1.00,1.00
2014.07.08 14:44:00.488,1.54849,1.54878,1.00,1.00
2014.07.08 14:44:00.690,1.54843,1.54873,1.50,1.00
2014.07.08 14:44:04.013,1.54844,1.54875,1.00,1.50
2014.07.08 14:44:08.653,1.54845,1.54875,1.00,1.50
2014.07.08 14:44:08.807,1.54843,1.54875,1.00,1.00
2014.07.08 14:44:27.982,1.54848,1.54877,1.00,1.50
2014.07.08 14:44:28.285,1.54853,1.54884,1.00,1.00
2014.07.08 14:44:28.537,1.54855,1.54884,1.00,1.00
2014.07.08 14:44:31.175,1.54854,1.54884,1.00,1.00
2014.07.08 14:44:34.677,1.54852,1.54884,1.00,1.00
2014.07.08 14:44:34.930,1.54854,1.54884,1.00,1.00
2014.07.08 14:44:35.081,1.5485,1.54884,1.00,1.50
2014.07.08 14:44:39.410,1.54849,1.54883,1.00,1.00
2014.07.08 14:44:39.461,1.54849,1.5488,1.00,1.00
2014.07.08 14:44:39.613,1.54846,1.54879,1.50,1.00
2014.07.08 14:44:40.193,1.54848,1.5488,1.00,1.00
2014.07.08 14:44:40.445,1.54846,1.54879,1.00,1.00
2014.07.08 14:44:40.695,1.54853,1.54879,1.00,1.00
2014.07.08 14:44:42.187,1.54854,1.54879,1.00,1.00
2014.07.08 14:44:42.439,1.54846,1.5488,1.50,1.50
2014.07.08 14:44:42.603,1.54849,1.54882,1.50,1.00
2014.07.08 14:44:42.913,1.54854,1.54882,1.00,1.00
2014.07.08 14:44:43.216,1.54854,1.54876,1.00,1.00
2014.07.08 14:44:43.418,1.54845,1.54876,1.00,1.50
2014.07.08 14:44:43.520,1.54844,1.54874,1.00,1.00
2014.07.08 14:44:44.100,1.54844,1.54873,1.00,1.00
2014.07.08 14:44:46.876,1.54844,1.54874,1.00,1.50
2014.07.08 14:44:53.210,1.54843,1.54874,1.00,1.00
2014.07.08 14:44:55.916,1.54843,1.54871,1.00,1.00
2014.07.08 14:44:58.160,1.54848,1.54875,1.00,1.00
2014.07.08 14:44:58.212,1.54848,1.54877,1.00,1.50
2014.07.08 14:44:58.263,1.5485,1.54877,1.00,1.00
2014.07.08 14:44:58.414,1.5485,1.54882,1.50,1.00
2014.07.08 14:44:58.667,1.54854,1.54886,1.00,1.00
2014.07.08 14:44:59.844,1.54856,1.54886,1.00,1.00
2014.07.08 14:45:02.004,1.54856,1.5489,1.50,2.25
2014.07.08 14:45:06.493,1.54863,1.5489,1.00,1.50
2014.07.08 14:45:06.646,1.54856,1.5489,1.50,1.50
2014.07.08 14:45:11.038,1.54863,1.5489,1.00,1.50
2014.07.08 14:45:11.358,1.54856,1.5489,1.50,1.00
2014.07.08 14:45:13.103,1.54864,1.5489,1.00,1.00
2014.07.08 14:45:13.204,1.54856,1.5489,1.50,1.00
2014.07.08 14:45:13.314,1.54864,1.5489,1.00,1.00
2014.07.08 14:45:14.212,1.54856,1.5489,1.50,1.00
2014.07.08 14:45:15.150,1.5486,1.5489,1.00,1.00
2014.07.08 14:45:15.379,1.54858,1.5489,1.00,1.00
2014.07.08 14:45:15.513,1.54864,1.5489,1.00,1.00
2014.07.08 14:45:16.502,1.54858,1.5489,1.00,1.00
2014.07.08 14:45:21.454,1.54864,1.5489,1.00,1.00
2014.07.08 14:45:24.776,1.54858,1.5489,1.00,1.00
2014.07.08 14:45:24.863,1.54863,1.5489,1.00,1.00
2014.07.08 14:45:26.866,1.54856,1.5489,1.00,1.00
2014.07.08 14:45:27.074,1.54863,1.5489,1.00,1.00
2014.07.08 14:45:28.603,1.54856,1.5489,1.00,1.00
2014.07.08 14:45:31.564,1.54859,1.5489,1.00,1.00
2014.07.08 14:45:31.868,1.54855,1.54885,1.00,1.00
2014.07.08 14:45:38.190,1.54855,1.54887,1.00,1.00
2014.07.08 14:45:38.520,1.54857,1.54888,1.00,1.50
2014.07.08 14:45:42.246,1.54863,1.54888,1.00,1.50
2014.07.08 14:45:42.384,1.54857,1.54888,1.00,1.50
2014.07.08 14:45:43.177,1.54865,1.54888,1.00,1.00
2014.07.08 14:45:43.227,1.54865,1.5489,1.00,1.00
2014.07.08 14:45:43.379,1.54874,1.5489,1.00,1.00
2014.07.08 14:45:43.480,1.54874,1.54893,1.00,1.00
2014.07.08 14:45:43.581,1.54864,1.54893,1.00,1.00
2014.07.08 14:45:43.935,1.54862,1.54892,1.00,1.00
2014.07.08 14:45:44.812,1.54862,1.54889,1.00,1.00
2014.07.08 14:45:45.014,1.54863,1.54891,1.00,1.00
2014.07.08 14:45:45.273,1.54864,1.54896,1.00,1.50
2014.07.08 14:45:45.374,1.54873,1.54896,1.00,1.00
2014.07.08 14:45:47.675,1.54868,1.54896,1.00,1.50
2014.07.08 14:45:55.931,1.54873,1.54896,1.00,1.00
2014.07.08 14:45:59.075,1.54868,1.54896,1.00,1.00
2014.07.08 14:46:03.449,1.54863,1.54896,1.50,1.00
2014.07.08 14:46:04.885,1.54865,1.54896,1.00,1.00
2014.07.08 14:46:05.391,1.54865,1.54897,1.00,1.50
2014.07.08 14:46:09.609,1.5487,1.54897,1.00,1.50
2014.07.08 14:46:16.418,1.54868,1.54897,1.00,1.50
2014.07.08 14:46:18.571,1.54874,1.54897,1.00,1.00
2014.07.08 14:46:21.203,1.54868,1.54896,1.00,1.00
2014.07.08 14:46:22.845,1.54873,1.54897,1.00,1.00
2014.07.08 14:46:27.895,1.5487,1.54896,1.00,1.00
2014.07.08 14:46:28.113,1.54874,1.54897,1.00,1.00
2014.07.08 14:46:38.112,1.54874,1.54904,1.00,1.05
2014.07.08 14:46:38.636,1.5487,1.54896,1.00,1.00
2014.07.08 14:46:38.744,1.54874,1.54904,1.00,1.05
2014.07.08 14:46:39.280,1.54874,1.54904,1.00,1.30
2014.07.08 14:46:39.952,1.54873,1.54904,1.00,1.80
2014.07.08 14:46:40.537,1.54874,1.54904,1.00,1.80
2014.07.08 14:46:44.716,1.54874,1.54904,1.00,1.80
2014.07.08 14:46:45.783,1.5487,1.54896,1.50,1.00
2014.07.08 14:46:46.147,1.54874,1.54904,1.00,1.80
2014.07.08 14:46:47.042,1.54874,1.54901,1.00,1.00
2014.07.08 14:46:48.123,1.5487,1.54896,1.00,1.00
2014.07.08 14:46:50.029,1.54867,1.54896,1.00,1.00
2014.07.08 14:46:55.888,1.54873,1.54899,1.00,1.00
2014.07.08 14:46:56.406,1.54867,1.54896,1.00,1.00
2014.07.08 14:46:56.514,1.54874,1.54899,1.00,1.00
2014.07.08 14:46:56.625,1.54867,1.54896,1.00,1.00
2014.07.08 14:46:57.420,1.54874,1.549,1.00,1.00
2014.07.08 14:46:57.933,1.54874,1.54901,1.00,2.10
2014.07.08 14:47:01.410,1.54874,1.54899,1.00,1.00
2014.07.08 14:47:04.028,1.54866,1.54896,1.00,1.00
2014.07.08 14:47:12.160,1.54866,1.54897,1.00,1.00
2014.07.08 14:47:12.791,1.54866,1.54896,1.00,1.00
2014.07.08 14:47:15.110,1.54866,1.54897,1.00,1.00
2014.07.08 14:47:16.480,1.54866,1.54894,1.00,1.35
2014.07.08 14:47:16.783,1.54864,1.54892,1.00,1.00
2014.07.08 14:47:17.654,1.54863,1.54892,1.00,1.00
2014.07.08 14:47:19.648,1.54864,1.54892,1.00,1.00
2014.07.08 14:47:22.622,1.54863,1.54892,1.00,1.00
2014.07.08 14:47:25.995,1.54864,1.54892,1.00,1.50
2014.07.08 14:47:26.509,1.54863,1.54892,1.00,1.00
2014.07.08 14:47:30.199,1.54858,1.54887,1.50,1.00
2014.07.08 14:47:31.352,1.54857,1.54887,1.00,1.00
2014.07.08 14:47:34.930,1.5486,1.54887,1.00,1.00
2014.07.08 14:47:37.147,1.54856,1.54887,1.00,1.50
2014.07.08 14:47:37.248,1.54854,1.54884,1.00,1.00
2014.07.08 14:47:38.684,1.54857,1.54886,1.00,1.50
2014.07.08 14:47:44.643,1.54864,1.54886,1.00,1.00
2014.07.08 14:47:45.069,1.54857,1.54886,1.00,1.00
2014.07.08 14:47:48.169,1.54857,1.54882,1.00,1.00
2014.07.08 14:47:48.472,1.54854,1.54877,1.00,1.00
2014.07.08 14:47:48.674,1.54845,1.54877,1.00,1.50
2014.07.08 14:47:48.791,1.54843,1.54872,2.55,1.00
2014.07.08 14:47:49.306,1.54843,1.54872,1.00,1.00
2014.07.08 14:47:50.307,1.54844,1.54872,1.00,1.00
2014.07.08 14:47:50.358,1.54846,1.54875,1.00,1.50
2014.07.08 14:47:50.560,1.54848,1.5488,1.00,1.00
2014.07.08 14:47:50.813,1.54853,1.54881,1.00,1.13
2014.07.08 14:47:51.321,1.54853,1.54882,1.00,1.00
2014.07.08 14:47:55.406,1.54854,1.54882,1.00,1.00
2014.07.08 14:48:00.161,1.54863,1.54886,1.00,1.00
2014.07.08 14:48:00.566,1.54867,1.54887,1.00,1.00
2014.07.08 14:48:02.010,1.54866,1.54887,1.00,1.00
2014.07.08 14:48:02.212,1.54866,1.54895,1.00,1.00
2014.07.08 14:48:02.415,1.54866,1.54886,1.00,1.00
2014.07.08 14:48:02.516,1.54863,1.54886,1.00,1.00
2014.07.08 14:48:07.954,1.54859,1.54886,1.00,1.00
2014.07.08 14:48:10.988,1.54861,1.54886,1.00,1.00
2014.07.08 14:48:18.328,1.5486,1.54886,1.00,1.00
2014.07.08 14:48:20.907,1.5486,1.54887,1.00,1.00
2014.07.08 14:48:21.008,1.54858,1.54887,1.00,1.50
2014.07.08 14:48:21.545,1.54858,1.54886,1.00,1.00
2014.07.08 14:48:22.879,1.54858,1.54887,1.00,1.50
2014.07.08 14:48:30.787,1.54858,1.54886,1.00,1.00
2014.07.08 14:48:31.150,1.54858,1.54883,1.00,1.00
2014.07.08 14:48:31.200,1.54854,1.54883,1.50,1.00
2014.07.08 14:48:31.402,1.54854,1.54878,1.00,1.00
2014.07.08 14:48:31.453,1.54846,1.54875,1.30,1.00
2014.07.08 14:48:31.656,1.54846,1.54873,1.00,1.00
2014.07.08 14:48:31.881,1.54838,1.54868,1.00,1.00
2014.07.08 14:48:31.983,1.54837,1.54865,1.00,1.00
2014.07.08 14:48:32.255,1.54834,1.54863,1.50,1.00
2014.07.08 14:48:32.457,1.54834,1.54861,1.50,1.00
2014.07.08 14:48:49.281,1.54834,1.54859,1.00,1.00
2014.07.08 14:48:55.318,1.54834,1.54857,1.00,1.00
2014.07.08 14:48:56.042,1.54828,1.54856,1.00,1.00
2014.07.08 14:48:56.592,1.54827,1.54857,1.00,1.50
2014.07.08 14:48:57.592,1.54827,1.54856,1.00,1.00
2014.07.08 14:48:58.374,1.54827,1.54857,1.00,1.50
2014.07.08 14:49:01.913,1.54834,1.54857,1.00,1.00
2014.07.08 14:49:02.268,1.54834,1.54862,1.00,1.00
2014.07.08 14:49:02.794,1.54834,1.54863,1.50,1.00
2014.07.08 14:49:02.895,1.54835,1.54865,1.00,1.00
2014.07.08 14:49:03.433,1.54836,1.54866,1.00,2.25
2014.07.08 14:49:04.019,1.54835,1.54866,1.00,1.50
2014.07.08 14:49:12.022,1.5484,1.54866,1.00,1.50
2014.07.08 14:49:19.090,1.54841,1.54866,1.00,1.00
2014.07.08 14:49:19.595,1.54841,1.54867,1.00,1.00
2014.07.08 14:49:19.855,1.54838,1.54866,1.00,1.50
2014.07.08 14:49:19.908,1.54838,1.54856,1.00,1.00
2014.07.08 14:49:20.062,1.54834,1.54856,1.00,1.00
2014.07.08 14:49:20.265,1.54829,1.54856,1.00,1.00
2014.07.08 14:49:20.799,1.54824,1.54855,1.80,1.50
2014.07.08 14:49:22.537,1.54824,1.54855,1.80,1.50
2014.07.08 14:49:24.965,1.54824,1.54855,1.50,1.50
2014.07.08 14:49:29.906,1.54824,1.54846,1.00,1.00
2014.07.08 14:49:32.015,1.54824,1.54855,1.50,1.50
2014.07.08 14:49:32.801,1.54824,1.54853,1.50,1.00
2014.07.08 14:49:33.121,1.54824,1.54846,1.00,1.00
2014.07.08 14:49:33.179,1.54824,1.54853,1.50,1.00
2014.07.08 14:49:34.316,1.54824,1.54846,1.00,1.00
2014.07.08 14:49:34.735,1.54824,1.54853,1.50,1.00
2014.07.08 14:49:37.281,1.54824,1.54851,1.50,1.00
2014.07.08 14:49:40.660,1.5482,1.54847,1.00,1.00
2014.07.08 14:49:41.649,1.54823,1.54851,1.00,1.50
2014.07.08 14:49:45.059,1.54822,1.54846,1.00,1.00
2014.07.08 14:49:45.390,1.54824,1.54851,1.00,1.00
2014.07.08 14:49:45.610,1.54822,1.54847,1.00,1.00
2014.07.08 14:49:45.793,1.5482,1.54847,1.00,1.00
2014.07.08 14:49:46.304,1.5482,1.54846,1.00,1.00
2014.07.08 14:49:55.109,1.5482,1.54847,1.00,1.00
2014.07.08 14:49:55.262,1.54822,1.54847,1.00,1.00
2014.07.08 14:50:01.379,1.54818,1.54847,1.00,1.00
2014.07.08 14:50:02.264,1.54821,1.54846,1.00,1.00
2014.07.08 14:50:02.580,1.54824,1.54846,1.50,1.00
2014.07.08 14:50:03.165,1.54826,1.54846,1.00,1.00
2014.07.08 14:50:03.368,1.54827,1.54856,1.00,1.00
2014.07.08 14:50:14.253,1.54827,1.54846,1.50,1.00
2014.07.08 14:50:23.482,1.54828,1.54846,1.00,1.00
2014.07.08 14:50:23.584,1.54828,1.54857,1.00,1.00
2014.07.08 14:50:23.635,1.54832,1.54857,1.00,1.00
2014.07.08 14:50:23.938,1.54837,1.54856,1.00,1.00
2014.07.08 14:50:24.089,1.54833,1.54856,1.00,1.00
2014.07.08 14:50:24.292,1.54836,1.54856,1.00,1.00
2014.07.08 14:50:26.914,1.54837,1.54856,1.00,1.00
2014.07.08 14:50:30.015,1.54838,1.54856,1.00,1.00
2014.07.08 14:50:36.498,1.5484,1.54856,1.00,1.00
2014.07.08 14:50:36.692,1.5484,1.54866,1.00,1.00
2014.07.08 14:50:37.685,1.54842,1.54866,1.00,1.00
2014.07.08 14:50:38.219,1.54842,1.54867,1.00,1.00
2014.07.08 14:50:39.263,1.5484,1.54867,1.00,1.00
2014.07.08 14:50:40.761,1.54839,1.54867,1.50,1.00
2014.07.08 14:50:44.984,1.5484,1.54867,1.00,1.00
2014.07.08 14:50:45.471,1.5484,1.54856,1.00,1.00
2014.07.08 14:50:46.007,1.54841,1.54856,1.00,1.00
2014.07.08 14:50:46.339,1.54841,1.54866,1.00,1.00
2014.07.08 14:50:49.087,1.54841,1.54856,1.00,1.00
2014.07.08 14:50:49.745,1.54841,1.54867,1.00,1.00
2014.07.08 14:50:53.631,1.54841,1.54857,1.00,1.00
2014.07.08 14:50:56.687,1.5484,1.54857,1.00,1.00
2014.07.08 14:50:56.739,1.54838,1.54857,1.00,1.00
2014.07.08 14:50:58.148,1.54839,1.54857,1.00,1.00
2014.07.08 14:51:05.360,1.54839,1.54866,1.00,1.00
2014.07.08 14:51:11.069,1.54839,1.54857,1.00,1.00
2014.07.08 14:51:13.525,1.5484,1.54857,1.00,1.00
2014.07.08 14:51:15.378,1.54836,1.54857,1.00,1.00
2014.07.08 14:51:15.581,1.54835,1.54866,1.00,1.88
2014.07.08 14:51:15.632,1.54829,1.54859,1.00,1.80
2014.07.08 14:51:15.683,1.54826,1.54859,1.00,1.80
2014.07.08 14:51:15.939,1.54824,1.54859,1.50,2.55
2014.07.08 14:51:16.092,1.54824,1.54855,1.00,1.00
2014.07.08 14:51:16.605,1.54824,1.54854,1.00,1.00
2014.07.08 14:51:17.369,1.54822,1.54846,1.00,1.00
2014.07.08 14:51:17.521,1.5482,1.54846,1.00,1.00
2014.07.08 14:51:18.135,1.54823,1.54854,1.00,1.50
2014.07.08 14:51:19.305,1.54824,1.54854,1.00,1.50
2014.07.08 14:51:22.192,1.54823,1.54854,1.00,1.50
2014.07.08 14:51:22.395,1.54823,1.54848,1.00,1.00
2014.07.08 14:51:22.496,1.54818,1.54846,1.00,1.00
2014.07.08 14:51:22.597,1.54816,1.54846,1.00,1.00
2014.07.08 14:51:22.698,1.54814,1.54846,1.50,1.00
2014.07.08 14:51:23.619,1.54814,1.54847,1.00,1.00
2014.07.08 14:51:25.434,1.54813,1.54844,1.50,1.00
2014.07.08 14:51:25.817,1.54813,1.54846,1.50,1.00
2014.07.08 14:51:26.326,1.54814,1.54846,1.00,1.50
2014.07.08 14:51:31.437,1.54824,1.54846,1.00,1.00
2014.07.08 14:51:33.339,1.54824,1.54851,1.00,1.00
2014.07.08 14:51:33.592,1.54831,1.54856,1.00,1.00
2014.07.08 14:51:33.643,1.54834,1.54861,1.00,1.00
2014.07.08 14:51:34.941,1.54834,1.54863,1.00,1.00
2014.07.08 14:51:38.492,1.54834,1.54866,1.00,1.80
2014.07.08 14:51:39.025,1.54834,1.54866,1.00,1.50
2014.07.08 14:51:42.114,1.54836,1.54866,1.00,1.50
2014.07.08 14:51:42.452,1.54835,1.54856,1.00,1.00
2014.07.08 14:51:42.553,1.54835,1.54866,1.00,1.50
2014.07.08 14:51:43.122,1.54834,1.54865,1.00,1.00
2014.07.08 14:51:45.066,1.54834,1.54863,1.00,1.00
2014.07.08 14:52:00.474,1.54832,1.54856,1.00,1.00
2014.07.08 14:52:02.462,1.54828,1.54856,1.00,1.00
2014.07.08 14:52:02.563,1.54826,1.54856,1.00,1.00
2014.07.08 14:52:02.614,1.54826,1.54853,1.00,1.00
2014.07.08 14:52:02.908,1.54824,1.54853,1.50,1.00
2014.07.08 14:52:07.063,1.54823,1.54848,1.00,1.00
2014.07.08 14:52:07.366,1.54823,1.54845,1.00,1.00
2014.07.08 14:52:07.416,1.54815,1.54845,1.00,1.00
2014.07.08 14:52:07.619,1.54824,1.54845,1.00,1.00
2014.07.08 14:52:07.780,1.54824,1.54848,1.00,1.50
2014.07.08 14:52:12.151,1.54824,1.54853,1.00,1.30
2014.07.08 14:52:12.324,1.54833,1.54853,1.00,1.30
2014.07.08 14:52:14.057,1.54833,1.54854,1.00,1.30
2014.07.08 14:52:14.108,1.54823,1.54854,1.50,1.30
2014.07.08 14:52:16.424,1.54834,1.54854,1.00,1.80
2014.07.08 14:52:18.180,1.54824,1.54854,1.00,1.80
2014.07.08 14:52:18.810,1.54823,1.54854,1.00,1.80
2014.07.08 14:52:21.597,1.54824,1.54854,1.00,1.80
2014.07.08 14:52:24.450,1.54833,1.54854,1.00,1.80
2014.07.08 14:52:24.804,1.54833,1.54855,1.00,1.00
2014.07.08 14:52:24.905,1.54824,1.54856,1.00,1.50
2014.07.08 14:52:25.006,1.54833,1.54858,1.00,2.25
2014.07.08 14:52:29.141,1.54833,1.54861,1.00,1.30
2014.07.08 14:52:29.293,1.54834,1.54865,1.00,1.50
2014.07.08 14:52:29.822,1.54833,1.54861,1.00,1.00
2014.07.08 14:52:31.143,1.54829,1.54856,1.00,1.00
2014.07.08 14:52:33.992,1.54833,1.54861,1.00,1.00
2014.07.08 14:52:34.450,1.54829,1.54856,1.00,1.00
2014.07.08 14:52:35.649,1.54829,1.54855,1.00,1.00
2014.07.08 14:52:35.700,1.54827,1.54855,1.00,1.00
2014.07.08 14:52:35.751,1.54827,1.54852,1.00,1.00
2014.07.08 14:52:36.003,1.54815,1.54849,1.00,1.00
2014.07.08 14:52:36.104,1.54814,1.54847,1.50,1.00
2014.07.08 14:52:36.513,1.54813,1.54843,1.00,1.00
2014.07.08 14:52:36.665,1.54814,1.54845,1.00,1.00
2014.07.08 14:52:38.212,1.54813,1.54845,1.00,1.50
2014.07.08 14:52:40.185,1.54815,1.54845,1.00,1.00
2014.07.08 14:52:40.689,1.54816,1.54845,1.00,1.00
2014.07.08 14:52:44.019,1.54815,1.54845,1.00,1.00
2014.07.08 14:52:44.394,1.54813,1.54845,1.50,1.00
2014.07.08 14:52:45.430,1.54813,1.54837,1.00,1.00
2014.07.08 14:52:46.336,1.54813,1.54836,1.00,1.00
2014.07.08 14:52:46.589,1.54811,1.54836,1.00,1.00
2014.07.08 14:52:46.690,1.54813,1.54845,1.00,1.35
2014.07.08 14:52:46.791,1.54811,1.54836,1.00,1.00
2014.07.08 14:52:46.892,1.54813,1.54847,1.00,1.50
2014.07.08 14:52:47.548,1.54814,1.54847,1.00,1.00
2014.07.08 14:52:48.086,1.54815,1.54848,1.00,1.00
2014.07.08 14:52:48.673,1.54816,1.54849,1.00,1.00
2014.07.08 14:52:49.192,1.54817,1.54849,1.00,1.00
2014.07.08 14:52:49.444,1.54819,1.54852,1.50,1.50
2014.07.08 14:52:53.259,1.54819,1.54851,1.00,1.00
2014.07.08 14:52:56.343,1.54819,1.54849,1.00,1.00
2014.07.08 14:53:02.378,1.54819,1.5485,1.00,1.00
2014.07.08 14:53:10.992,1.54819,1.54849,1.00,1.00
2014.07.08 14:53:11.194,1.54819,1.54851,1.00,1.00
2014.07.08 14:53:11.396,1.54824,1.54851,1.00,1.00
2014.07.08 14:53:12.167,1.54819,1.54851,1.00,1.00
2014.07.08 14:53:12.607,1.54823,1.54851,1.00,1.00
2014.07.08 14:53:12.760,1.54816,1.54848,1.00,1.00
2014.07.08 14:53:12.979,1.54814,1.54848,2.25,1.00
2014.07.08 14:53:16.082,1.54817,1.54849,1.00,1.00
2014.07.08 14:53:16.285,1.54817,1.54851,1.50,1.50
2014.07.08 14:53:19.421,1.54823,1.54851,1.00,1.50
2014.07.08 14:53:20.016,1.54817,1.54851,1.50,1.50
2014.07.08 14:53:23.420,1.54824,1.54851,1.00,1.50
2014.07.08 14:53:31.356,1.54824,1.54853,1.00,1.00
2014.07.08 14:53:35.588,1.54823,1.54853,1.00,1.00
2014.07.08 14:53:56.639,1.54824,1.54853,1.00,1.00
2014.07.08 14:53:58.356,1.54824,1.54856,1.00,2.25
2014.07.08 14:54:06.074,1.54834,1.54858,1.00,1.00
2014.07.08 14:54:06.176,1.54824,1.54853,1.00,1.00
2014.07.08 14:54:06.726,1.54826,1.54856,1.00,1.50
2014.07.08 14:54:06.881,1.54834,1.54856,1.00,1.00
2014.07.08 14:54:06.983,1.54834,1.54862,1.00,1.00
2014.07.08 14:54:07.611,1.54843,1.54862,1.00,1.00
2014.07.08 14:54:07.712,1.54843,1.54866,1.00,1.50
2014.07.08 14:54:09.812,1.54835,1.54866,1.00,1.50
2014.07.08 14:54:10.142,1.54833,1.54865,1.00,1.00
2014.07.08 14:54:10.756,1.54833,1.54864,1.00,1.00
2014.07.08 14:54:10.859,1.54833,1.54862,1.00,1.00
2014.07.08 14:54:14.330,1.54833,1.54857,1.00,1.00
2014.07.08 14:54:20.368,1.54834,1.54857,1.00,1.00
2014.07.08 14:54:20.726,1.54834,1.54854,1.00,1.00
2014.07.08 14:54:23.459,1.54834,1.54857,1.00,1.00
2014.07.08 14:54:23.998,1.54833,1.54857,1.00,1.00
2014.07.08 14:54:26.527,1.54826,1.54856,1.00,1.00
2014.07.08 14:54:26.679,1.54834,1.54857,1.00,1.00
2014.07.08 14:54:27.624,1.54826,1.54856,1.00,1.00
2014.07.08 14:54:28.153,1.54825,1.54856,1.00,1.00
2014.07.08 14:54:28.205,1.54833,1.54857,1.00,1.00
2014.07.08 14:54:30.615,1.54824,1.54856,1.00,1.00
2014.07.08 14:54:31.705,1.54833,1.54857,1.00,1.00
2014.07.08 14:54:32.210,1.54833,1.5486,1.00,2.25
2014.07.08 14:54:32.576,1.5483,1.54857,1.00,1.00
2014.07.08 14:54:32.929,1.54828,1.54857,1.00,1.00
2014.07.08 14:54:34.229,1.5483,1.54857,1.00,1.00
2014.07.08 14:54:34.458,1.54827,1.54857,1.00,1.00
2014.07.08 14:54:34.965,1.54826,1.54858,1.00,1.00
2014.07.08 14:54:35.499,1.54826,1.54857,1.00,1.00
2014.07.08 14:54:37.537,1.54826,1.54858,1.00,1.00
2014.07.08 14:54:37.896,1.54826,1.5486,1.50,1.00
2014.07.08 14:54:38.318,1.54826,1.54857,1.00,1.00
2014.07.08 14:54:38.420,1.54824,1.54856,1.00,1.00
2014.07.08 14:54:38.723,1.54824,1.54852,1.00,1.00
2014.07.08 14:54:39.400,1.54824,1.54855,1.00,1.00
2014.07.08 14:54:40.273,1.54823,1.54855,1.00,1.00
2014.07.08 14:54:40.323,1.54826,1.54857,1.50,1.00
2014.07.08 14:54:40.627,1.54828,1.54857,1.00,1.00
2014.07.08 14:54:49.674,1.54826,1.54856,1.00,1.00
2014.07.08 14:54:49.883,1.54824,1.54856,1.50,1.00
2014.07.08 14:54:50.500,1.54824,1.54857,1.00,1.50
2014.07.08 14:54:51.004,1.54825,1.54857,1.50,1.00
2014.07.08 14:54:53.034,1.54825,1.54856,1.50,1.00
2014.07.08 14:54:54.713,1.54824,1.54856,1.00,1.00
2014.07.08 14:54:55.446,1.54827,1.54856,1.00,1.00
2014.07.08 14:54:58.900,1.54834,1.54862,1.00,1.00
2014.07.08 14:54:59.001,1.54827,1.54856,1.50,1.00
2014.07.08 14:54:59.304,1.54834,1.5486,1.00,1.00
2014.07.08 14:54:59.557,1.54834,1.54863,1.00,1.50
2014.07.08 14:55:00.063,1.54834,1.54864,1.00,1.00
2014.07.08 14:55:00.516,1.54834,1.54866,1.00,1.50
2014.07.08 14:55:02.743,1.54833,1.54866,1.00,2.25
2014.07.08 14:55:02.945,1.54835,1.54866,1.00,1.50
2014.07.08 14:55:04.816,1.54834,1.54866,1.00,1.00
2014.07.08 14:55:05.119,1.54837,1.54869,1.00,1.00
2014.07.08 14:55:05.422,1.54837,1.54865,1.00,1.00
2014.07.08 14:55:05.573,1.54834,1.54865,1.50,1.00
2014.07.08 14:55:06.175,1.54835,1.54867,1.00,1.00
2014.07.08 14:55:06.377,1.54844,1.54869,1.00,1.00
2014.07.08 14:55:07.283,1.54844,1.54873,1.00,1.00
2014.07.08 14:55:07.586,1.54853,1.54876,1.00,1.00
2014.07.08 14:55:07.789,1.54853,1.54878,1.00,1.00
2014.07.08 14:55:07.840,1.54851,1.54876,1.00,1.00
2014.07.08 14:55:08.399,1.5485,1.54876,1.00,1.00
2014.07.08 14:55:08.804,1.54844,1.54876,2.25,1.00
2014.07.08 14:55:08.855,1.54844,1.54878,2.25,1.00
2014.07.08 14:55:09.105,1.54844,1.54876,1.50,1.00
2014.07.08 14:55:09.461,1.54844,1.54873,1.00,1.00
2014.07.08 14:55:10.090,1.54844,1.54869,1.00,1.00
2014.07.08 14:55:10.502,1.54844,1.54874,1.00,1.00
2014.07.08 14:55:10.603,1.54854,1.54875,1.00,1.00
2014.07.08 14:55:10.755,1.54854,1.54881,1.00,1.00
2014.07.08 14:55:11.190,1.54854,1.54884,1.00,1.00
2014.07.08 14:55:13.122,1.54864,1.54887,1.00,1.00
2014.07.08 14:55:13.223,1.54864,1.5489,1.00,1.50
2014.07.08 14:55:13.324,1.54864,1.54892,1.00,1.00
2014.07.08 14:55:13.907,1.54862,1.54892,1.00,1.00
2014.07.08 14:55:13.958,1.5486,1.54892,1.00,1.00
2014.07.08 14:55:14.109,1.5486,1.54887,1.00,1.00
2014.07.08 14:55:14.653,1.54859,1.54887,1.00,1.50
2014.07.08 14:55:14.827,1.54856,1.54887,1.00,1.50
2014.07.08 14:55:17.215,1.54864,1.54887,1.00,1.00
2014.07.08 14:55:17.316,1.54856,1.54887,1.00,1.50
2014.07.08 14:55:17.852,1.54855,1.54887,1.00,1.50
2014.07.08 14:55:19.681,1.54857,1.54887,1.00,1.50
2014.07.08 14:55:20.117,1.54863,1.54887,1.00,1.00
2014.07.08 14:55:20.416,1.54854,1.54886,1.50,1.00
2014.07.08 14:55:20.646,1.54863,1.54887,1.00,1.00
2014.07.08 14:55:21.002,1.54863,1.54893,1.00,1.00
2014.07.08 14:55:21.520,1.54863,1.54892,1.00,1.00
2014.07.08 14:55:21.672,1.54857,1.54893,1.00,1.50
2014.07.08 14:55:21.874,1.54864,1.54887,1.00,1.00
2014.07.08 14:55:22.406,1.54864,1.54886,1.00,1.00
2014.07.08 14:55:25.159,1.54863,1.54888,1.00,1.00
2014.07.08 14:55:25.411,1.54863,1.54893,1.50,1.00
2014.07.08 14:55:25.754,1.54865,1.54893,1.00,1.00
2014.07.08 14:55:26.059,1.54874,1.54893,1.00,1.00
2014.07.08 14:55:26.161,1.54874,1.54897,1.00,1.00
2014.07.08 14:55:28.368,1.54865,1.54896,1.00,1.00
2014.07.08 14:55:30.420,1.54865,1.54893,1.00,1.00
2014.07.08 14:55:30.572,1.54863,1.54893,1.50,1.00
2014.07.08 14:55:31.666,1.54862,1.54887,1.00,1.00
2014.07.08 14:55:32.170,1.54861,1.54887,1.00,1.00
2014.07.08 14:55:32.474,1.54873,1.54895,1.00,1.00
2014.07.08 14:55:32.524,1.54863,1.54897,2.25,1.00
2014.07.08 14:55:32.676,1.54874,1.54898,1.00,1.00
2014.07.08 14:55:33.087,1.54874,1.54904,1.00,1.00
2014.07.08 14:55:33.448,1.54874,1.54906,1.00,1.00
2014.07.08 14:55:35.615,1.54874,1.54907,1.00,1.35
2014.07.08 14:55:38.503,1.54876,1.54906,1.00,1.00
2014.07.08 14:55:39.117,1.54877,1.54906,1.00,1.00
2014.07.08 14:55:40.324,1.54877,1.54907,1.50,1.00
2014.07.08 14:55:40.860,1.54877,1.54906,1.00,1.00
2014.07.08 14:55:41.400,1.54877,1.54907,1.00,1.00
2014.07.08 14:55:41.906,1.54875,1.54907,1.00,1.00
2014.07.08 14:55:42.367,1.54878,1.54906,1.00,1.00
2014.07.08 14:55:42.720,1.54884,1.54911,1.00,1.00
2014.07.08 14:55:43.725,1.54884,1.54913,1.00,1.00
2014.07.08 14:55:44.100,1.54888,1.54913,1.00,1.00
2014.07.08 14:55:44.150,1.54888,1.54917,1.00,1.30
2014.07.08 14:55:44.252,1.54884,1.54917,3.60,1.00
2014.07.08 14:55:44.303,1.54894,1.5492,1.00,1.50
2014.07.08 14:55:44.858,1.54885,1.54919,1.00,1.00
2014.07.08 14:55:45.828,1.54893,1.54919,1.00,1.00
2014.07.08 14:55:45.879,1.54893,1.54922,1.00,1.13
2014.07.08 14:55:46.081,1.54893,1.54926,1.50,1.00
2014.07.08 14:55:46.705,1.54894,1.54926,2.25,1.00
2014.07.08 14:55:47.193,1.54894,1.54917,1.50,1.00
2014.07.08 14:55:49.457,1.54894,1.54926,2.25,1.00
2014.07.08 14:55:50.718,1.54897,1.54926,1.00,1.00
2014.07.08 14:55:55.853,1.54898,1.54926,1.00,1.00
2014.07.08 14:55:59.799,1.54898,1.54916,1.00,1.00
2014.07.08 14:55:59.951,1.54898,1.54927,1.00,1.00
2014.07.08 14:56:01.997,1.54898,1.54917,1.00,1.00
2014.07.08 14:56:03.647,1.54898,1.54926,1.00,1.00
2014.07.08 14:56:04.983,1.54897,1.54926,1.00,1.00
2014.07.08 14:56:06.064,1.54897,1.54916,1.00,1.00
2014.07.08 14:56:10.355,1.54897,1.54927,1.00,1.50
2014.07.08 14:56:10.798,1.54897,1.54916,1.00,1.00
2014.07.08 14:56:10.950,1.54895,1.54916,1.00,1.00
2014.07.08 14:56:11.154,1.54885,1.54916,1.00,1.00
2014.07.08 14:56:11.406,1.54883,1.54916,1.00,1.00
2014.07.08 14:56:11.457,1.54883,1.54913,1.00,1.00
2014.07.08 14:56:13.061,1.54882,1.54913,1.00,1.00
2014.07.08 14:56:14.607,1.54883,1.54913,1.00,1.00
2014.07.08 14:56:14.815,1.54881,1.54913,1.00,1.00
2014.07.08 14:56:16.865,1.54881,1.54904,1.00,1.00
2014.07.08 14:56:17.017,1.54866,1.54898,1.00,1.00
2014.07.08 14:56:17.532,1.54865,1.54898,1.00,1.50
2014.07.08 14:56:19.083,1.54866,1.54898,1.00,1.00
2014.07.08 14:56:22.688,1.54867,1.54899,1.00,1.00
2014.07.08 14:56:25.096,1.54867,1.54896,1.00,1.00
2014.07.08 14:56:26.428,1.54867,1.54899,1.00,1.00
2014.07.08 14:56:27.430,1.5487,1.54899,1.00,1.00
2014.07.08 14:56:27.481,1.5487,1.54902,1.00,1.00
2014.07.08 14:56:27.532,1.54872,1.54902,1.00,1.00
2014.07.08 14:56:27.683,1.54872,1.54905,1.50,1.00
2014.07.08 14:56:28.037,1.5487,1.54905,1.00,1.50
2014.07.08 14:56:28.550,1.54871,1.54905,1.00,1.00
2014.07.08 14:56:29.074,1.5487,1.54904,1.50,1.00
2014.07.08 14:56:29.883,1.54872,1.54905,1.00,1.50
2014.07.08 14:56:30.406,1.54873,1.54905,1.00,1.50
2014.07.08 14:56:30.457,1.54873,1.54907,1.00,1.00
2014.07.08 14:56:31.358,1.54875,1.54907,1.00,1.00
2014.07.08 14:56:31.662,1.54884,1.54912,1.00,1.50
2014.07.08 14:56:32.975,1.54884,1.5491,1.00,1.00
2014.07.08 14:56:39.933,1.54884,1.54908,1.00,1.00
2014.07.08 14:56:39.984,1.54875,1.54906,1.35,1.00
2014.07.08 14:56:40.035,1.54875,1.54904,1.00,1.00
2014.07.08 14:56:40.339,1.54874,1.54901,1.00,1.00
2014.07.08 14:56:42.874,1.54874,1.54904,1.00,1.00
2014.07.08 14:56:43.408,1.54873,1.54905,1.00,1.00
2014.07.08 14:56:49.470,1.54873,1.54906,1.00,1.00
2014.07.08 14:56:49.724,1.54884,1.54907,1.00,1.00
2014.07.08 14:56:49.775,1.54884,1.54911,1.00,1.50
2014.07.08 14:56:49.826,1.54876,1.54906,1.00,1.00
2014.07.08 14:56:50.332,1.54875,1.54906,1.50,1.00
2014.07.08 14:56:52.885,1.54883,1.54911,1.00,1.50
2014.07.08 14:56:53.441,1.54883,1.54914,1.00,2.25
2014.07.08 14:56:59.380,1.54879,1.54906,1.00,1.00
2014.07.08 14:56:59.582,1.54877,1.54906,1.00,1.00
2014.07.08 14:56:59.814,1.54883,1.5491,1.00,1.00
2014.07.08 14:57:03.204,1.54883,1.54911,1.00,1.50
2014.07.08 14:57:05.410,1.54894,1.54911,1.00,1.00
2014.07.08 14:57:05.511,1.54894,1.54914,1.00,1.00
2014.07.08 14:57:05.663,1.54894,1.54917,1.00,1.00
2014.07.08 14:57:05.764,1.54894,1.5492,1.00,1.00
2014.07.08 14:57:06.502,1.54894,1.54918,1.00,1.00
2014.07.08 14:57:06.685,1.54894,1.54921,1.00,1.00
2014.07.08 14:57:07.070,1.54894,1.54922,1.60,1.50
2014.07.08 14:57:07.222,1.54904,1.54928,1.00,1.00
2014.07.08 14:57:07.474,1.54904,1.54932,1.00,1.00
2014.07.08 14:57:07.626,1.549,1.54932,1.50,1.00
2014.07.08 14:57:07.677,1.549,1.5493,1.50,1.00
2014.07.08 14:57:07.727,1.54895,1.54928,1.50,1.00
2014.07.08 14:57:08.291,1.54894,1.54928,1.50,1.50
2014.07.08 14:57:08.718,1.54894,1.54925,1.50,1.00
2014.07.08 14:57:09.987,1.54894,1.54928,1.50,1.50
2014.07.08 14:57:19.047,1.54894,1.54925,1.00,1.00
2014.07.08 14:57:19.351,1.54894,1.54922,1.00,1.00
2014.07.08 14:57:20.776,1.54894,1.54921,1.00,1.00
2014.07.08 14:57:22.460,1.54894,1.54923,1.00,1.00
2014.07.08 14:57:22.763,1.54894,1.54925,1.00,1.00
2014.07.08 14:57:23.307,1.54893,1.54925,1.00,1.00
2014.07.08 14:57:23.815,1.54894,1.54925,1.00,1.00
2014.07.08 14:57:24.857,1.54894,1.54927,1.00,1.00
2014.07.08 14:57:24.908,1.54904,1.54927,1.00,1.00
2014.07.08 14:57:25.059,1.54904,1.54929,1.00,1.50
2014.07.08 14:57:26.353,1.54914,1.54929,1.00,1.50
2014.07.08 14:57:26.404,1.54914,1.54933,1.00,1.00
2014.07.08 14:57:26.606,1.54914,1.54939,1.00,1.80
2014.07.08 14:57:26.858,1.54913,1.5494,1.00,1.00
2014.07.08 14:57:27.376,1.54913,1.54941,1.00,1.00
2014.07.08 14:57:28.008,1.54913,1.5494,1.00,1.50
2014.07.08 14:57:28.529,1.54914,1.5494,1.00,1.00
2014.07.08 14:57:28.843,1.54914,1.54943,1.00,1.00
2014.07.08 14:57:28.905,1.54924,1.54943,1.00,1.00
2014.07.08 14:57:29.236,1.54913,1.54942,1.00,1.00
2014.07.08 14:57:30.671,1.54924,1.54942,1.00,1.50
2014.07.08 14:57:30.883,1.54913,1.54942,1.00,1.00
2014.07.08 14:57:31.035,1.54924,1.54942,1.00,1.00
2014.07.08 14:57:31.564,1.54914,1.54941,1.00,1.00
2014.07.08 14:57:31.910,1.54914,1.54939,1.00,1.00
2014.07.08 14:57:32.213,1.54914,1.54936,1.00,1.50
2014.07.08 14:57:32.896,1.54913,1.54934,1.00,1.00
2014.07.08 14:57:33.098,1.54903,1.5493,1.00,1.00
2014.07.08 14:57:33.300,1.54903,1.54928,1.00,1.00
2014.07.08 14:57:34.728,1.54903,1.54931,1.00,1.50
2014.07.08 14:57:35.373,1.54906,1.54931,1.00,1.00
2014.07.08 14:57:35.722,1.54914,1.54935,1.00,1.00
2014.07.08 14:57:35.772,1.54904,1.54935,1.00,1.00
2014.07.08 14:57:36.282,1.54903,1.54935,1.00,1.50
2014.07.08 14:57:36.434,1.54913,1.54935,1.00,1.50
2014.07.08 14:57:36.958,1.54904,1.54935,1.50,1.00
2014.07.08 14:57:37.286,1.54904,1.54933,1.00,1.00
2014.07.08 14:57:37.589,1.54904,1.54931,1.00,1.00
2014.07.08 14:57:37.841,1.54903,1.54933,1.00,1.00
2014.07.08 14:57:38.405,1.54904,1.54929,1.00,1.00
2014.07.08 14:57:40.474,1.54903,1.54929,1.00,1.00
2014.07.08 14:57:43.507,1.54903,1.54932,1.00,1.00
2014.07.08 14:57:43.820,1.54903,1.54934,1.00,1.00
2014.07.08 14:57:44.321,1.54904,1.54936,1.00,1.00
2014.07.08 14:57:50.654,1.54904,1.54937,1.00,1.50
2014.07.08 14:57:51.845,1.54907,1.54937,1.00,1.50
2014.07.08 14:57:52.148,1.54914,1.54928,1.00,1.00
2014.07.08 14:57:52.350,1.54914,1.54933,1.00,1.00
2014.07.08 14:57:52.451,1.54913,1.54938,1.00,1.00
2014.07.08 14:57:52.552,1.54913,1.5494,1.00,1.00
2014.07.08 14:57:52.603,1.54913,1.54942,1.00,1.50
2014.07.08 14:57:53.102,1.54913,1.54946,1.00,1.80
2014.07.08 14:57:53.154,1.54923,1.54946,1.00,1.50
2014.07.08 14:57:53.359,1.54914,1.54946,1.35,2.25
2014.07.08 14:57:54.234,1.54913,1.54945,1.60,1.00
2014.07.08 14:57:54.993,1.54917,1.54946,1.00,1.80
2014.07.08 14:57:55.523,1.54915,1.54946,1.00,1.80
2014.07.08 14:57:56.055,1.54914,1.54946,1.50,1.80
2014.07.08 14:57:56.394,1.54914,1.54947,2.10,1.30
2014.07.08 14:57:56.546,1.54914,1.54947,2.10,1.00
2014.07.08 14:57:56.798,1.54914,1.54947,1.50,1.00
2014.07.08 14:57:57.659,1.54914,1.54946,2.25,1.00
2014.07.08 14:57:57.813,1.54914,1.54946,2.85,1.00
2014.07.08 14:57:58.121,1.54921,1.54946,1.00,1.00
2014.07.08 14:57:58.222,1.54914,1.54946,2.25,1.00
2014.07.08 14:58:03.464,1.54914,1.54944,1.00,1.00
2014.07.08 14:58:03.766,1.54924,1.54947,1.00,1.05
2014.07.08 14:58:03.918,1.54923,1.54957,2.25,1.80
2014.07.08 14:58:04.463,1.54923,1.54957,1.50,1.80
2014.07.08 14:58:05.682,1.54924,1.54956,1.00,1.30
2014.07.08 14:58:09.299,1.54924,1.54954,1.00,1.05
2014.07.08 14:58:09.845,1.5492,1.54947,1.00,1.00
2014.07.08 14:58:09.977,1.54917,1.54947,2.10,1.00
2014.07.08 14:58:10.080,1.5492,1.54947,1.00,1.00
2014.07.08 14:58:10.182,1.54924,1.54952,1.35,1.00
2014.07.08 14:58:10.434,1.54924,1.54956,2.10,1.00
2014.07.08 14:58:10.838,1.54934,1.54958,1.00,1.50
2014.07.08 14:58:10.939,1.54924,1.54956,2.10,1.00
2014.07.08 14:58:13.073,1.54924,1.54956,1.50,1.50
2014.07.08 14:58:18.354,1.54924,1.54956,2.85,1.00
2014.07.08 14:58:18.656,1.54934,1.5496,1.00,1.00
2014.07.08 14:58:19.513,1.54934,1.54962,1.00,1.00
2014.07.08 14:58:20.265,1.54929,1.54957,1.60,1.00
2014.07.08 14:58:20.487,1.54934,1.54962,1.00,1.00
2014.07.08 14:58:21.517,1.54934,1.54963,1.00,1.50
2014.07.08 14:58:25.649,1.54928,1.54956,1.80,1.00
2014.07.08 14:58:25.751,1.54924,1.54956,1.73,1.00
2014.07.08 14:58:26.295,1.54925,1.54956,1.50,1.00
2014.07.08 14:58:26.447,1.54927,1.54956,1.00,1.00
2014.07.08 14:58:26.750,1.54934,1.5496,1.00,1.00
2014.07.08 14:58:27.161,1.54934,1.54962,1.00,1.00
2014.07.08 14:58:27.212,1.54944,1.54962,1.00,1.00
2014.07.08 14:58:27.474,1.54944,1.54966,1.00,1.00
2014.07.08 14:58:28.082,1.54934,1.54966,1.60,1.50
2014.07.08 14:58:28.133,1.54934,1.54959,1.60,1.00
2014.07.08 14:58:28.234,1.54934,1.54964,1.60,1.00
2014.07.08 14:58:28.336,1.54934,1.54961,1.60,1.00
2014.07.08 14:58:28.487,1.54929,1.54956,1.00,1.00
2014.07.08 14:58:28.639,1.54934,1.54957,1.00,1.00
2014.07.08 14:58:28.791,1.54934,1.54959,1.00,1.00
2014.07.08 14:58:28.842,1.54933,1.54959,1.60,1.00
2014.07.08 14:58:29.095,1.54933,1.54961,1.60,1.00
2014.07.08 14:58:29.493,1.54944,1.54961,1.00,1.00
2014.07.08 14:58:29.595,1.54933,1.54961,1.60,1.00
2014.07.08 14:58:29.797,1.54934,1.54961,2.10,1.00
2014.07.08 14:58:30.100,1.54943,1.54961,1.00,1.00
2014.07.08 14:58:30.584,1.54934,1.54961,1.60,1.00
2014.07.08 14:58:32.247,1.54934,1.54961,1.00,1.00
2014.07.08 14:58:34.721,1.54934,1.54966,1.00,1.50
2014.07.08 14:58:36.244,1.54934,1.54963,1.00,1.00
2014.07.08 14:58:36.497,1.54926,1.54956,1.05,1.00
2014.07.08 14:58:36.742,1.54934,1.54958,1.00,1.00
2014.07.08 14:58:37.285,1.54933,1.54958,1.00,1.00
2014.07.08 14:58:37.828,1.54934,1.54958,1.00,1.00
2014.07.08 14:58:38.345,1.54934,1.5496,1.00,1.50
2014.07.08 14:58:39.499,1.54934,1.54963,1.00,1.00
2014.07.08 14:58:39.600,1.54936,1.54963,1.00,1.00
2014.07.08 14:58:39.651,1.54936,1.54966,1.00,1.43
2014.07.08 14:58:39.702,1.54934,1.54966,2.25,1.43
2014.07.08 14:58:41.481,1.54932,1.54957,1.00,1.00
2014.07.08 14:58:41.532,1.54927,1.54957,1.95,1.00
2014.07.08 14:58:41.583,1.54933,1.54961,1.00,1.00
2014.07.08 14:58:42.093,1.54934,1.54961,1.00,1.00
2014.07.08 14:58:43.357,1.54934,1.54966,1.00,1.80
2014.07.08 14:58:43.610,1.54936,1.54967,1.00,1.30
2014.07.08 14:58:43.660,1.54936,1.54967,1.00,1.00
2014.07.08 14:58:44.177,1.54936,1.54966,1.00,1.50
2014.07.08 14:58:45.323,1.54934,1.54963,1.00,1.00
2014.07.08 14:58:45.424,1.54934,1.54966,1.00,2.25
2014.07.08 14:58:46.001,1.54934,1.54965,1.00,1.00
2014.07.08 14:58:49.128,1.54934,1.54966,1.00,1.50
2014.07.08 14:58:49.439,1.54934,1.54963,1.00,1.50
2014.07.08 14:58:49.832,1.54929,1.54956,1.00,1.00
2014.07.08 14:58:50.185,1.54933,1.54962,1.00,1.00
2014.07.08 14:58:50.236,1.54933,1.54965,1.00,1.00
2014.07.08 14:58:53.161,1.54934,1.54965,1.00,1.05
2014.07.08 14:58:53.414,1.54938,1.54966,1.00,1.00
2014.07.08 14:58:53.565,1.54944,1.54973,1.00,1.00
2014.07.08 14:58:54.092,1.54944,1.54972,1.00,1.00
2014.07.08 14:58:54.302,1.54944,1.5497,1.00,1.00
2014.07.08 14:58:54.353,1.54939,1.54966,1.00,1.00
2014.07.08 14:58:56.708,1.54937,1.54966,1.00,1.00
2014.07.08 14:58:56.853,1.54934,1.54966,2.25,1.00
2014.07.08 14:58:57.189,1.54938,1.54966,1.00,1.00
2014.07.08 14:58:57.290,1.54935,1.54966,1.00,1.00
2014.07.08 14:58:59.245,1.54934,1.54966,1.00,2.25
2014.07.08 14:58:59.649,1.54944,1.54966,1.00,1.00
2014.07.08 14:58:59.700,1.54944,1.54969,1.00,1.00
2014.07.08 14:59:00.550,1.54944,1.54972,1.00,1.00
2014.07.08 14:59:00.760,1.54944,1.54974,1.00,1.50
2014.07.08 14:59:02.226,1.54943,1.5497,1.60,1.00
2014.07.08 14:59:02.328,1.54943,1.54972,1.60,1.50
2014.07.08 14:59:02.378,1.54938,1.54966,1.88,1.00
2014.07.08 14:59:02.429,1.54934,1.54962,1.00,1.00
2014.07.08 14:59:02.747,1.54934,1.54965,1.00,1.00
2014.07.08 14:59:02.797,1.54934,1.54963,1.00,1.00
2014.07.08 14:59:02.848,1.54934,1.54965,1.00,1.50
2014.07.08 14:59:03.000,1.54934,1.54963,1.00,1.00
2014.07.08 14:59:03.303,1.54934,1.54961,1.00,1.50
2014.07.08 14:59:04.348,1.54937,1.54963,1.00,1.00
2014.07.08 14:59:04.399,1.54937,1.54965,1.00,1.00
2014.07.08 14:59:04.450,1.54935,1.54965,1.00,1.00
2014.07.08 14:59:04.804,1.54944,1.54965,1.00,1.00
2014.07.08 14:59:04.906,1.54933,1.54965,1.50,1.00
2014.07.08 14:59:05.057,1.54935,1.54967,1.00,1.50
2014.07.08 14:59:05.460,1.54943,1.54969,1.00,1.00
2014.07.08 14:59:05.562,1.54936,1.54966,1.00,1.00
2014.07.08 14:59:05.869,1.54939,1.54966,1.00,1.00
2014.07.08 14:59:06.172,1.54943,1.54974,1.00,1.50
2014.07.08 14:59:06.885,1.54945,1.54974,1.00,1.00
2014.07.08 14:59:07.409,1.54946,1.54974,1.00,1.00
2014.07.08 14:59:08.051,1.54945,1.54974,1.00,1.00
2014.07.08 14:59:09.178,1.54945,1.54976,1.00,1.05
2014.07.08 14:59:09.279,1.54943,1.54976,1.50,1.00
2014.07.08 14:59:09.481,1.54946,1.54976,1.00,1.00
2014.07.08 14:59:09.987,1.54947,1.54977,1.00,1.00
2014.07.08 14:59:10.291,1.54952,1.54976,1.00,1.00
2014.07.08 14:59:10.695,1.54949,1.54977,1.50,1.00
2014.07.08 14:59:10.957,1.54951,1.54977,1.00,1.00
2014.07.08 14:59:11.291,1.54951,1.54974,1.00,1.00
2014.07.08 14:59:11.392,1.54948,1.54974,1.00,1.00
2014.07.08 14:59:11.443,1.54948,1.54977,1.00,1.00
2014.07.08 14:59:12.791,1.54949,1.54977,1.00,1.00
2014.07.08 14:59:13.146,1.54951,1.54976,1.00,1.00
2014.07.08 14:59:14.473,1.54946,1.54976,1.00,1.50
2014.07.08 14:59:16.044,1.54946,1.54973,1.00,1.00
2014.07.08 14:59:16.095,1.54944,1.54973,1.00,1.00
2014.07.08 14:59:16.145,1.54943,1.54966,1.00,1.00
2014.07.08 14:59:16.247,1.54944,1.54973,1.00,1.00
2014.07.08 14:59:18.311,1.54943,1.54973,1.00,1.00
2014.07.08 14:59:19.873,1.54944,1.54973,1.00,1.00
2014.07.08 14:59:22.514,1.54945,1.54976,1.00,1.00
2014.07.08 14:59:23.026,1.54945,1.54977,1.00,1.00
2014.07.08 14:59:23.379,1.54945,1.54966,1.00,1.00
2014.07.08 14:59:23.429,1.54943,1.54966,1.00,1.00
2014.07.08 14:59:23.707,1.54944,1.54975,1.00,1.00
2014.07.08 14:59:24.214,1.54945,1.54975,1.00,1.00
2014.07.08 14:59:24.366,1.54945,1.54967,1.00,1.00
2014.07.08 14:59:24.468,1.54943,1.54967,1.00,1.00
2014.07.08 14:59:24.803,1.54943,1.54975,1.50,1.00
2014.07.08 14:59:24.955,1.54947,1.54977,1.00,1.00
2014.07.08 14:59:25.259,1.54949,1.54976,1.00,1.00
2014.07.08 14:59:25.663,1.54951,1.54976,1.00,1.00
2014.07.08 14:59:25.966,1.54954,1.54976,1.00,1.00
2014.07.08 14:59:26.121,1.54954,1.54984,1.00,1.00
2014.07.08 14:59:26.172,1.54954,1.54986,1.00,1.00
2014.07.08 14:59:26.347,1.54954,1.54977,1.00,1.00
2014.07.08 14:59:26.929,1.54954,1.54986,1.00,1.00
2014.07.08 14:59:28.099,1.54949,1.54982,1.00,1.00
2014.07.08 14:59:28.251,1.54949,1.54977,1.00,1.00
2014.07.08 14:59:28.352,1.54949,1.54982,1.00,1.00
2014.07.08 14:59:30.322,1.54948,1.54976,1.00,1.00
2014.07.08 14:59:30.619,1.54944,1.54976,1.00,1.50
2014.07.08 14:59:30.842,1.54947,1.54976,1.00,1.50
2014.07.08 14:59:31.063,1.54944,1.54976,1.00,1.50
2014.07.08 14:59:31.830,1.54946,1.54976,1.00,1.50
2014.07.08 14:59:32.133,1.54943,1.54967,1.00,1.00
2014.07.08 14:59:32.285,1.5494,1.54966,1.00,1.00
2014.07.08 14:59:32.840,1.5494,1.54967,1.00,1.00
2014.07.08 14:59:33.483,1.54938,1.54967,1.00,1.00
2014.07.08 14:59:33.734,1.54935,1.54957,1.00,1.00
2014.07.08 14:59:33.835,1.54935,1.54966,1.00,1.00
2014.07.08 14:59:33.938,1.54938,1.54956,1.00,1.00
2014.07.08 14:59:34.795,1.54933,1.54956,1.00,1.00
2014.07.08 14:59:34.845,1.54933,1.54958,1.50,2.10
2014.07.08 14:59:35.148,1.54919,1.54935,1.30,1.00
2014.07.08 14:59:35.200,1.54919,1.54937,1.30,1.00
2014.07.08 14:59:35.453,1.54919,1.54937,1.00,3.30
2014.07.08 14:59:35.655,1.54918,1.54943,1.00,1.50
2014.07.08 14:59:35.756,1.54918,1.54947,1.00,1.00
2014.07.08 14:59:35.959,1.54919,1.5495,1.00,1.00
2014.07.08 14:59:36.060,1.5492,1.54953,1.00,1.00
2014.07.08 14:59:36.262,1.54923,1.54953,1.00,1.00
2014.07.08 14:59:36.600,1.54921,1.54936,1.00,1.00
2014.07.08 14:59:36.803,1.54916,1.54946,1.00,1.00
2014.07.08 14:59:36.856,1.54916,1.54944,1.00,1.00
2014.07.08 14:59:37.159,1.54916,1.5494,1.00,1.00
2014.07.08 14:59:37.462,1.54914,1.54938,1.00,1.00
2014.07.08 14:59:37.563,1.54914,1.54941,1.00,1.00
2014.07.08 14:59:38.256,1.54908,1.54936,1.00,1.00
2014.07.08 14:59:38.362,1.54913,1.54941,1.00,1.00
2014.07.08 14:59:39.233,1.54908,1.54936,1.00,1.00
2014.07.08 14:59:39.722,1.54906,1.54935,1.00,1.00
2014.07.08 14:59:39.874,1.54903,1.54935,1.50,1.00
2014.07.08 14:59:41.331,1.54904,1.54935,1.00,1.00
2014.07.08 14:59:42.305,1.54907,1.54936,1.00,1.50
2014.07.08 14:59:42.609,1.54915,1.54936,1.00,1.00
2014.07.08 14:59:43.182,1.54917,1.54945,1.00,1.00
2014.07.08 14:59:43.284,1.54917,1.54937,1.00,1.00
2014.07.08 14:59:43.739,1.54915,1.54937,1.00,1.00
2014.07.08 14:59:43.949,1.54916,1.54945,1.00,1.00
2014.07.08 14:59:44.861,1.54924,1.54945,1.00,1.00
2014.07.08 14:59:46.162,1.54917,1.54945,1.00,1.00
2014.07.08 14:59:46.465,1.54916,1.54941,1.00,1.00
2014.07.08 14:59:46.683,1.54914,1.54941,1.00,1.00
2014.07.08 14:59:46.914,1.54911,1.54936,1.00,1.00
2014.07.08 14:59:47.065,1.54913,1.54941,1.00,1.00
2014.07.08 14:59:47.192,1.54913,1.54945,1.00,1.50
2014.07.08 14:59:47.449,1.54915,1.54945,1.00,1.00
2014.07.08 14:59:47.955,1.54916,1.54945,1.00,1.00
2014.07.08 14:59:48.344,1.54918,1.54945,1.00,1.00
2014.07.08 14:59:48.547,1.54918,1.54947,1.00,1.00
2014.07.08 14:59:48.698,1.54924,1.54948,1.00,1.00
2014.07.08 14:59:49.784,1.54923,1.54954,1.00,1.13
2014.07.08 14:59:50.353,1.54924,1.54954,1.00,1.00
2014.07.08 14:59:50.858,1.54923,1.54954,1.00,1.00
2014.07.08 14:59:51.254,1.54924,1.54951,1.00,1.00
2014.07.08 14:59:52.669,1.54918,1.54947,1.00,1.00
2014.07.08 14:59:52.722,1.54918,1.54945,1.00,1.00
2014.07.08 14:59:53.076,1.54924,1.54946,1.00,1.00
2014.07.08 14:59:53.329,1.54918,1.54943,1.00,1.00
2014.07.08 14:59:53.430,1.54914,1.54943,1.50,1.00
2014.07.08 14:59:53.802,1.54914,1.5494,1.00,1.00
2014.07.08 14:59:54.105,1.54914,1.54946,1.50,1.35
2014.07.08 14:59:54.206,1.54923,1.54945,1.00,1.50
2014.07.08 14:59:54.409,1.54918,1.54945,1.00,1.00
2014.07.08 14:59:54.510,1.54924,1.54945,1.00,1.00
2014.07.08 14:59:54.642,1.54918,1.54945,1.00,1.00
2014.07.08 14:59:54.743,1.54916,1.54945,1.00,1.00
2014.07.08 14:59:54.844,1.54916,1.54942,1.00,1.00
2014.07.08 14:59:54.945,1.54914,1.54942,1.00,1.00
2014.07.08 14:59:56.042,1.54913,1.54942,1.00,1.00
2014.07.08 14:59:56.861,1.54924,1.54942,1.00,1.00
2014.07.08 14:59:56.912,1.54924,1.54946,1.00,1.05
2014.07.08 14:59:56.963,1.54924,1.54949,1.00,1.50
2014.07.08 14:59:57.165,1.54917,1.54946,1.00,1.00
2014.07.08 14:59:57.266,1.5492,1.54946,1.00,1.00
2014.07.08 14:59:57.480,1.54914,1.54946,1.50,1.00
2014.07.08 14:59:57.632,1.54923,1.54949,1.00,1.00
2014.07.08 14:59:57.835,1.54918,1.54947,1.00,1.00
2014.07.08 14:59:57.936,1.54924,1.54949,1.00,1.00
2014.07.08 14:59:58.379,1.54933,1.54954,1.00,1.00
2014.07.08 14:59:58.581,1.54933,1.54958,1.00,1.00
2014.07.08 14:59:58.811,1.54927,1.54956,1.00,1.00
2014.07.08 14:59:59.064,1.54929,1.54956,1.00,1.00
2014.07.08 14:59:59.166,1.54935,1.54963,1.00,1.00
2014.07.08 14:59:59.671,1.54936,1.54963,1.00,1.00
