2012.11.12 11:00:00.814,1.5569,1.55722,1.73,1.73
2012.11.12 11:00:01.361,1.5569,1.55723,1.73,2.09
2012.11.12 11:00:04.273,1.5569,1.55721,1.50,1.52
2012.11.12 11:00:04.393,1.5569,1.55722,1.73,1.73
2012.11.12 11:00:04.514,1.5569,1.55722,1.73,1.73
2012.11.12 11:00:05.371,1.55689,1.55721,1.73,1.73
2012.11.12 11:00:10.097,1.55689,1.55721,1.73,1.73
2012.11.12 11:00:11.631,1.55689,1.55721,1.73,1.73
2012.11.12 11:00:11.811,1.55682,1.55715,1.73,1.73
2012.11.12 11:00:23.851,1.55675,1.55711,1.73,1.73
2012.11.12 11:00:24.552,1.55675,1.5571,1.73,2.07
2012.11.12 11:00:24.911,1.55675,1.5571,1.73,1.73
2012.11.12 11:00:25.481,1.55675,1.5571,1.73,1.98
2012.11.12 11:00:40.670,1.55675,1.5571,1.73,1.23
2012.11.12 11:00:40.932,1.55683,1.55716,1.73,2.70
2012.11.12 11:00:41.171,1.55687,1.55718,1.14,1.50
2012.11.12 11:00:46.362,1.55691,1.55725,1.35,1.73
2012.11.12 11:00:46.483,1.5569,1.55726,1.43,1.73
2012.11.12 11:00:57.381,1.55696,1.5573,1.73,2.36
2012.11.12 11:00:57.942,1.55696,1.55729,1.73,1.45
2012.11.12 11:01:03.491,1.55692,1.55725,1.73,1.58
2012.11.12 11:01:03.611,1.55689,1.55721,1.73,1.73
2012.11.12 11:01:03.731,1.55689,1.55721,1.73,1.73
2012.11.12 11:01:04.271,1.55689,1.55721,1.73,1.73
2012.11.12 11:01:08.821,1.55689,1.5572,1.73,1.54
2012.11.12 11:01:08.982,1.55682,1.55716,1.73,1.73
2012.11.12 11:01:20.106,1.55682,1.55716,1.73,1.73
2012.11.12 11:01:20.222,1.5569,1.55723,1.73,1.73
2012.11.12 11:01:20.401,1.5569,1.55723,1.73,1.73
2012.11.12 11:01:21.038,1.5569,1.55723,1.73,1.73
2012.11.12 11:01:26.156,1.55691,1.55723,1.71,1.73
2012.11.12 11:01:27.529,1.55691,1.55723,1.71,1.73
2012.11.12 11:01:31.160,1.55691,1.55723,1.71,1.73
2012.11.12 11:01:38.660,1.55701,1.55732,1.73,2.27
2012.11.12 11:01:38.782,1.55695,1.55727,1.35,1.73
2012.11.12 11:01:38.841,1.55696,1.55727,1.23,1.50
2012.11.12 11:01:39.183,1.55699,1.55733,1.29,1.73
2012.11.12 11:01:39.721,1.557,1.55733,1.29,1.73
2012.11.12 11:01:40.001,1.557,1.55731,1.29,1.50
2012.11.12 11:01:40.061,1.55699,1.55731,1.73,1.73
2012.11.12 11:01:40.624,1.55699,1.55731,1.73,1.73
2012.11.12 11:01:40.951,1.55699,1.55734,1.73,3.23
2012.11.12 11:01:41.071,1.55706,1.5574,1.73,1.73
2012.11.12 11:01:41.131,1.55706,1.55738,1.73,2.18
2012.11.12 11:01:41.311,1.55706,1.5574,1.73,1.73
2012.11.12 11:01:43.601,1.55701,1.55732,1.73,1.73
2012.11.12 11:01:49.255,1.55696,1.55726,1.29,1.50
2012.11.12 11:01:49.311,1.55694,1.55726,1.73,1.73
2012.11.12 11:01:50.713,1.55704,1.55737,1.73,1.73
2012.11.12 11:01:58.812,1.55704,1.55737,1.73,1.73
2012.11.12 11:02:01.082,1.55704,1.55737,1.73,1.73
2012.11.12 11:02:13.631,1.55704,1.55736,1.73,1.73
2012.11.12 11:02:13.752,1.55704,1.55736,1.73,1.73
2012.11.12 11:02:13.845,1.55704,1.55736,1.73,1.73
2012.11.12 11:02:17.272,1.55704,1.55736,1.73,1.73
2012.11.12 11:02:17.391,1.55704,1.55736,1.73,1.73
2012.11.12 11:02:20.142,1.55704,1.55734,1.73,2.48
2012.11.12 11:02:20.562,1.55704,1.55731,1.50,2.48
2012.11.12 11:02:20.911,1.55704,1.55733,1.50,1.47
2012.11.12 11:02:21.091,1.55704,1.55736,1.73,1.73
2012.11.12 11:02:23.167,1.55704,1.55736,1.73,1.73
2012.11.12 11:02:24.722,1.55711,1.55742,1.73,1.73
2012.11.12 11:02:24.841,1.55711,1.55742,1.73,1.73
2012.11.12 11:02:24.962,1.55711,1.55742,1.73,1.73
2012.11.12 11:02:25.301,1.55711,1.55742,1.73,1.50
2012.11.12 11:02:25.661,1.55711,1.55742,1.50,1.73
2012.11.12 11:02:32.762,1.55711,1.55742,1.73,1.50
2012.11.12 11:02:34.272,1.55717,1.55742,1.50,1.38
2012.11.12 11:02:34.511,1.55717,1.55751,1.73,3.45
2012.11.12 11:02:37.973,1.55717,1.55747,1.73,2.93
2012.11.12 11:02:38.091,1.55712,1.55743,1.50,2.27
2012.11.12 11:02:38.151,1.55712,1.55743,1.73,1.73
2012.11.12 11:02:38.907,1.55712,1.55743,1.73,1.73
2012.11.12 11:02:51.952,1.55712,1.55747,1.73,1.43
2012.11.12 11:02:52.253,1.55719,1.5575,1.73,1.73
2012.11.12 11:02:52.372,1.55719,1.5575,1.73,1.73
2012.11.12 11:02:52.902,1.55719,1.5575,1.50,2.38
2012.11.12 11:02:53.103,1.55712,1.55744,1.73,1.73
2012.11.12 11:02:53.222,1.55714,1.55746,1.29,1.50
2012.11.12 11:02:53.663,1.55712,1.55745,1.73,1.73
2012.11.12 11:02:54.552,1.55714,1.55746,1.54,2.25
2012.11.12 11:02:55.063,1.55714,1.55744,1.59,1.50
2012.11.12 11:02:56.403,1.55719,1.55752,1.73,1.73
2012.11.12 11:02:56.971,1.55719,1.55752,1.73,1.73
2012.11.12 11:02:57.722,1.55719,1.55752,1.73,1.73
2012.11.12 11:02:57.903,1.55719,1.55752,2.07,1.73
2012.11.12 11:02:58.204,1.5573,1.55759,1.52,1.50
2012.11.12 11:02:58.262,1.5573,1.55759,1.52,1.50
2012.11.12 11:02:58.782,1.55727,1.55759,1.73,1.50
2012.11.12 11:02:58.902,1.5573,1.55759,1.54,1.50
2012.11.12 11:02:59.431,1.5573,1.55761,1.54,1.50
2012.11.12 11:03:01.302,1.5573,1.55762,1.41,2.25
2012.11.12 11:03:01.603,1.5573,1.55762,1.63,1.50
2012.11.12 11:03:01.723,1.5573,1.55762,1.59,1.50
2012.11.12 11:03:01.902,1.55728,1.55762,1.47,1.73
2012.11.12 11:03:02.439,1.5573,1.55762,1.63,1.50
2012.11.12 11:03:02.612,1.5573,1.55762,1.41,1.73
2012.11.12 11:03:02.791,1.5573,1.55762,1.36,1.50
2012.11.12 11:03:02.911,1.5573,1.55762,1.59,1.73
2012.11.12 11:03:03.281,1.55734,1.55767,1.73,1.73
2012.11.12 11:03:03.642,1.5574,1.55772,1.73,1.29
2012.11.12 11:03:03.762,1.5574,1.55773,1.73,1.73
2012.11.12 11:03:05.581,1.55743,1.55773,1.47,1.50
2012.11.12 11:03:05.701,1.5574,1.55773,1.73,1.73
2012.11.12 11:03:05.761,1.5574,1.55771,1.73,2.03
2012.11.12 11:03:05.830,1.5574,1.55773,1.73,1.73
2012.11.12 11:03:06.271,1.5574,1.55772,1.73,2.93
2012.11.12 11:03:06.731,1.5574,1.55773,1.73,1.73
2012.11.12 11:03:06.791,1.55742,1.55773,1.43,1.50
2012.11.12 11:03:07.102,1.5574,1.55773,2.18,1.73
2012.11.12 11:03:07.163,1.5574,1.55773,1.73,1.73
2012.11.12 11:03:07.222,1.55742,1.55773,1.56,1.50
2012.11.12 11:03:07.461,1.5574,1.55772,1.73,1.95
2012.11.12 11:03:08.071,1.5574,1.55773,1.73,1.73
2012.11.12 11:03:08.131,1.5574,1.55773,1.73,1.73
2012.11.12 11:03:09.673,1.5575,1.55775,1.50,2.18
2012.11.12 11:03:09.733,1.5575,1.5578,1.73,2.70
2012.11.12 11:03:10.176,1.55748,1.55775,1.56,1.50
2012.11.12 11:03:10.244,1.55748,1.5578,1.98,1.73
2012.11.12 11:03:13.731,1.55749,1.5578,1.38,1.50
2012.11.12 11:03:13.851,1.55749,1.5578,1.38,1.50
2012.11.12 11:03:13.971,1.55748,1.5578,2.31,1.73
2012.11.12 11:03:14.492,1.55748,1.5578,2.31,1.73
2012.11.12 11:03:14.853,1.55741,1.55774,1.71,1.50
2012.11.12 11:03:14.975,1.55741,1.55774,1.71,1.50
2012.11.12 11:03:15.081,1.55741,1.55774,1.49,1.50
2012.11.12 11:03:15.147,1.55741,1.55771,1.42,2.93
2012.11.12 11:03:15.392,1.55739,1.55767,1.13,1.73
2012.11.12 11:03:15.572,1.55739,1.55767,1.13,1.73
2012.11.12 11:03:15.723,1.55739,1.55767,1.74,1.50
2012.11.12 11:03:16.041,1.55732,1.55767,2.11,1.73
2012.11.12 11:03:16.161,1.55732,1.55767,2.11,1.73
2012.11.12 11:03:16.221,1.55734,1.55767,1.50,1.50
2012.11.12 11:03:16.912,1.55742,1.55775,1.50,1.73
2012.11.12 11:03:17.653,1.55742,1.55775,1.63,1.50
2012.11.12 11:03:18.298,1.55741,1.55775,1.45,1.65
2012.11.12 11:03:19.167,1.5574,1.55775,1.73,1.65
2012.11.12 11:03:19.711,1.5574,1.55775,2.09,1.73
2012.11.12 11:03:22.264,1.5574,1.55775,2.29,1.73
2012.11.12 11:03:26.123,1.5574,1.55775,1.73,1.73
2012.11.12 11:03:26.244,1.5574,1.55775,1.73,1.73
2012.11.12 11:03:26.301,1.55742,1.55775,1.34,1.50
2012.11.12 11:03:26.661,1.55735,1.55769,1.34,1.50
2012.11.12 11:03:26.842,1.55735,1.55769,1.38,1.50
2012.11.12 11:03:26.901,1.55735,1.55768,1.38,1.50
2012.11.12 11:03:26.961,1.55734,1.55768,1.73,1.73
2012.11.12 11:03:28.513,1.55734,1.55768,1.73,1.73
2012.11.12 11:03:28.872,1.55735,1.55768,1.25,1.73
2012.11.12 11:03:29.292,1.55733,1.55768,1.73,1.73
2012.11.12 11:03:30.357,1.55733,1.55766,1.73,1.73
2012.11.12 11:03:30.722,1.55733,1.55766,1.73,1.73
2012.11.12 11:03:31.281,1.55733,1.55766,1.73,1.73
2012.11.12 11:03:31.732,1.55733,1.55766,1.73,1.73
2012.11.12 11:03:32.271,1.55733,1.55766,1.73,1.73
2012.11.12 11:03:32.601,1.55733,1.55766,1.73,1.73
2012.11.12 11:03:32.721,1.55733,1.55766,1.73,1.73
2012.11.12 11:03:33.831,1.55733,1.55766,1.73,1.73
2012.11.12 11:03:34.671,1.55733,1.55766,1.73,1.73
2012.11.12 11:03:34.731,1.55733,1.55766,1.73,1.73
2012.11.12 11:03:34.911,1.55733,1.55766,1.73,1.73
2012.11.12 11:03:35.031,1.55733,1.55766,1.73,1.73
2012.11.12 11:03:35.371,1.55733,1.55766,1.73,1.73
2012.11.12 11:03:35.611,1.55733,1.55766,1.73,1.73
2012.11.12 11:03:39.872,1.55736,1.55767,1.73,1.73
2012.11.12 11:03:40.231,1.55742,1.55773,1.73,1.73
2012.11.12 11:03:40.351,1.55742,1.55773,1.50,2.11
2012.11.12 11:03:40.532,1.55742,1.55773,1.73,1.73
2012.11.12 11:03:40.591,1.55742,1.55773,1.73,1.73
2012.11.12 11:03:40.891,1.55735,1.55767,1.73,1.73
2012.11.12 11:03:41.422,1.55735,1.55767,1.73,1.50
2012.11.12 11:03:41.543,1.55735,1.55767,1.73,1.73
2012.11.12 11:03:41.791,1.55735,1.55767,2.09,1.73
2012.11.12 11:03:42.062,1.55735,1.55767,1.73,1.73
2012.11.12 11:03:42.891,1.55735,1.55767,1.73,1.73
2012.11.12 11:03:43.341,1.55735,1.55767,1.73,1.73
2012.11.12 11:03:49.074,1.55735,1.55767,1.73,1.50
2012.11.12 11:03:49.191,1.55735,1.55767,1.73,1.73
2012.11.12 11:03:49.402,1.55735,1.55767,2.36,1.73
2012.11.12 11:03:49.849,1.55735,1.55767,1.73,1.73
2012.11.12 11:03:50.541,1.55735,1.55767,2.25,1.73
2012.11.12 11:03:50.663,1.55735,1.55767,1.73,1.73
2012.11.12 11:03:51.172,1.55735,1.55767,1.73,1.73
2012.11.12 11:03:51.951,1.55735,1.55768,2.18,1.73
2012.11.12 11:03:56.222,1.55735,1.55768,1.73,1.73
2012.11.12 11:04:03.885,1.55736,1.5577,1.73,1.73
2012.11.12 11:04:06.188,1.55736,1.5577,1.73,1.73
2012.11.12 11:04:09.842,1.55736,1.5577,1.73,1.73
2012.11.12 11:04:12.934,1.55736,1.55772,1.73,2.02
2012.11.12 11:04:17.452,1.55742,1.5577,1.50,1.25
2012.11.12 11:04:17.571,1.55742,1.55771,1.50,1.58
2012.11.12 11:04:27.125,1.55742,1.55776,1.73,1.47
2012.11.12 11:04:27.197,1.55748,1.55776,1.50,1.47
2012.11.12 11:04:27.657,1.55748,1.55782,1.73,1.14
2012.11.12 11:04:28.132,1.55748,1.55784,1.73,1.97
2012.11.12 11:04:28.716,1.55748,1.55784,1.73,1.73
2012.11.12 11:04:29.942,1.55748,1.55785,1.73,1.42
2012.11.12 11:04:30.184,1.55751,1.55783,1.73,1.73
2012.11.12 11:04:30.243,1.5575,1.55783,1.73,1.73
2012.11.12 11:04:31.422,1.5575,1.55783,1.73,1.73
2012.11.12 11:04:31.799,1.55757,1.5579,1.73,1.73
2012.11.12 11:04:32.682,1.55757,1.5579,2.29,1.50
2012.11.12 11:04:32.804,1.55757,1.55793,2.29,1.73
2012.11.12 11:04:32.923,1.55765,1.55798,1.73,1.73
2012.11.12 11:04:33.622,1.55765,1.55798,1.73,1.73
2012.11.12 11:04:34.102,1.55771,1.55806,1.73,2.09
2012.11.12 11:04:34.282,1.55771,1.55806,1.73,1.73
2012.11.12 11:04:34.604,1.55771,1.55806,1.73,1.73
2012.11.12 11:04:35.382,1.55771,1.55806,1.73,1.73
2012.11.12 11:04:35.541,1.55771,1.55806,1.73,1.73
2012.11.12 11:04:35.721,1.55771,1.55806,1.73,1.73
2012.11.12 11:04:35.842,1.55771,1.55808,1.73,1.73
2012.11.12 11:04:36.142,1.55778,1.5581,1.73,1.17
2012.11.12 11:04:36.695,1.55778,1.5581,1.73,1.17
2012.11.12 11:04:37.273,1.55778,1.5581,1.73,1.17
2012.11.12 11:04:37.811,1.55778,1.5581,1.73,1.17
2012.11.12 11:04:38.563,1.55778,1.55809,1.73,2.63
2012.11.12 11:04:38.622,1.55778,1.55809,1.73,2.63
2012.11.12 11:04:39.021,1.55778,1.5581,1.73,1.17
2012.11.12 11:04:39.561,1.55778,1.5581,1.73,1.17
2012.11.12 11:04:39.681,1.55778,1.5581,1.73,1.17
2012.11.12 11:04:40.284,1.55781,1.55813,1.25,1.69
2012.11.12 11:04:40.642,1.55761,1.55794,1.73,1.73
2012.11.12 11:04:40.762,1.55761,1.55794,1.73,1.73
2012.11.12 11:04:41.122,1.5576,1.55794,1.05,1.73
2012.11.12 11:04:41.382,1.55761,1.55796,1.22,1.73
2012.11.12 11:04:41.921,1.5577,1.55796,1.65,1.73
2012.11.12 11:04:42.268,1.55774,1.55799,1.97,1.50
2012.11.12 11:04:44.197,1.55783,1.55801,1.45,1.35
2012.11.12 11:04:44.408,1.55782,1.55807,1.50,1.58
2012.11.12 11:04:45.057,1.55773,1.55809,1.16,1.13
2012.11.12 11:04:46.407,1.55773,1.55812,1.45,1.65
2012.11.12 11:04:46.612,1.55766,1.55803,1.15,1.50
2012.11.12 11:04:46.937,1.55766,1.55799,1.15,1.35
2012.11.12 11:04:47.274,1.55766,1.55789,1.15,1.50
2012.11.12 11:04:47.398,1.55756,1.55781,1.29,1.50
2012.11.12 11:04:47.735,1.55745,1.55782,1.60,1.50
2012.11.12 11:04:48.045,1.55745,1.55779,1.38,1.73
2012.11.12 11:04:48.162,1.55745,1.55779,1.36,1.50
2012.11.12 11:04:48.335,1.55745,1.55779,1.13,1.73
2012.11.12 11:04:49.643,1.55744,1.55779,1.43,1.73
2012.11.12 11:04:49.979,1.55744,1.55779,1.43,1.73
2012.11.12 11:04:50.521,1.55745,1.55779,1.16,1.73
2012.11.12 11:04:51.609,1.5575,1.55786,1.73,1.73
2012.11.12 11:04:52.632,1.5575,1.55787,1.73,1.17
2012.11.12 11:04:52.941,1.5575,1.55784,1.73,2.70
2012.11.12 11:04:53.181,1.5575,1.55786,1.73,1.88
2012.11.12 11:04:53.242,1.5575,1.55784,1.73,2.93
2012.11.12 11:04:53.302,1.5575,1.55784,1.73,2.93
2012.11.12 11:04:53.482,1.5575,1.55778,1.50,3.15
2012.11.12 11:04:53.721,1.5575,1.55779,1.50,1.73
2012.11.12 11:04:53.901,1.55749,1.55779,1.55,1.50
2012.11.12 11:04:54.022,1.55749,1.55781,1.55,1.73
2012.11.12 11:04:56.121,1.55754,1.55786,1.73,1.73
2012.11.12 11:04:56.882,1.55754,1.55786,1.73,1.73
2012.11.12 11:04:57.183,1.55754,1.55786,1.73,1.73
2012.11.12 11:04:57.361,1.55755,1.55786,1.35,1.50
2012.11.12 11:04:58.961,1.55755,1.55786,1.35,1.50
2012.11.12 11:04:59.022,1.55754,1.55786,1.73,1.73
2012.11.12 11:04:59.442,1.55754,1.55786,1.73,1.73
2012.11.12 11:04:59.623,1.55754,1.55786,1.73,1.73
2012.11.12 11:04:59.745,1.55754,1.55786,1.73,1.95
2012.11.12 11:05:00.251,1.55754,1.55786,1.73,1.73
2012.11.12 11:05:00.782,1.55754,1.55786,1.73,2.09
2012.11.12 11:05:04.341,1.55754,1.55784,1.73,2.40
2012.11.12 11:05:04.541,1.55754,1.55786,1.73,2.84
2012.11.12 11:05:05.121,1.55754,1.55784,1.73,2.63
2012.11.12 11:05:05.586,1.5575,1.55779,1.73,1.73
2012.11.12 11:05:05.702,1.55744,1.55773,1.45,1.50
2012.11.12 11:05:05.883,1.55741,1.55773,1.73,1.73
2012.11.12 11:05:06.003,1.55741,1.55773,1.73,3.75
2012.11.12 11:05:06.512,1.55741,1.55773,1.73,4.14
2012.11.12 11:05:08.311,1.55741,1.55774,1.73,2.48
2012.11.12 11:05:11.062,1.55741,1.55773,1.73,1.50
2012.11.12 11:05:11.611,1.55741,1.55774,1.73,1.73
2012.11.12 11:05:11.792,1.55749,1.55782,1.63,1.50
2012.11.12 11:05:12.101,1.55749,1.55781,1.63,1.50
2012.11.12 11:05:12.403,1.55741,1.55776,1.63,1.50
2012.11.12 11:05:12.582,1.55741,1.55776,1.56,1.73
2012.11.12 11:05:12.722,1.55741,1.55775,1.45,1.50
2012.11.12 11:05:12.912,1.55741,1.55776,1.27,2.25
2012.11.12 11:05:13.152,1.55741,1.55774,1.73,1.73
2012.11.12 11:05:13.271,1.55748,1.55778,1.52,1.50
2012.11.12 11:05:13.512,1.55745,1.5578,1.47,1.73
2012.11.12 11:05:13.948,1.55748,1.55782,1.73,2.48
2012.11.12 11:05:14.131,1.55748,1.55782,1.73,2.48
2012.11.12 11:05:14.252,1.55751,1.55782,1.23,1.50
2012.11.12 11:05:15.571,1.55755,1.55787,1.23,1.50
2012.11.12 11:05:17.211,1.55761,1.55788,1.23,1.50
2012.11.12 11:05:17.271,1.55761,1.55793,1.23,1.50
2012.11.12 11:05:18.291,1.55761,1.55793,1.23,1.50
2012.11.12 11:05:19.185,1.55756,1.55787,1.23,1.50
2012.11.12 11:05:19.302,1.55756,1.55787,1.23,1.50
2012.11.12 11:05:19.542,1.55756,1.55787,1.43,1.50
2012.11.12 11:05:19.602,1.55756,1.55787,1.43,1.50
2012.11.12 11:05:19.663,1.55755,1.55787,2.11,1.73
2012.11.12 11:05:21.002,1.55756,1.55788,1.56,1.50
2012.11.12 11:05:21.322,1.55761,1.55791,1.73,3.15
2012.11.12 11:05:21.561,1.55754,1.55786,1.73,1.73
2012.11.12 11:05:21.621,1.55754,1.55784,1.73,2.70
2012.11.12 11:05:21.802,1.55745,1.55778,1.73,1.73
2012.11.12 11:05:22.672,1.55745,1.5578,1.73,1.73
2012.11.12 11:05:23.152,1.55752,1.55783,1.50,1.34
2012.11.12 11:05:24.912,1.55752,1.55785,1.73,1.92
2012.11.12 11:05:25.032,1.55752,1.55783,1.50,1.38
2012.11.12 11:05:25.092,1.55745,1.55778,1.73,1.73
2012.11.12 11:05:25.641,1.55754,1.55785,1.73,1.52
2012.11.12 11:05:26.002,1.55755,1.55787,1.56,1.50
2012.11.12 11:05:26.893,1.55755,1.5579,1.56,1.73
2012.11.12 11:05:26.952,1.55761,1.55794,1.73,1.73
2012.11.12 11:05:27.893,1.55761,1.55794,1.73,1.73
2012.11.12 11:05:27.954,1.55761,1.55794,1.73,1.73
2012.11.12 11:05:28.952,1.55761,1.55794,1.73,1.73
2012.11.12 11:05:31.202,1.55761,1.55794,1.73,1.73
2012.11.12 11:05:31.643,1.55769,1.55796,1.73,1.36
2012.11.12 11:05:31.765,1.55769,1.55798,1.73,1.17
2012.11.12 11:05:32.172,1.55758,1.55792,1.36,2.25
2012.11.12 11:05:32.293,1.55758,1.55792,1.34,2.48
2012.11.12 11:05:33.712,1.55758,1.5579,1.34,1.50
2012.11.12 11:05:34.071,1.55758,1.5579,1.51,1.50
2012.11.12 11:05:34.132,1.55758,1.5579,1.31,1.50
2012.11.12 11:05:34.686,1.55758,1.5579,1.31,1.50
2012.11.12 11:05:36.171,1.55758,1.5579,1.53,1.50
2012.11.12 11:05:36.352,1.55749,1.55786,2.26,1.73
2012.11.12 11:05:36.652,1.55749,1.55783,2.26,1.73
2012.11.12 11:05:36.800,1.55749,1.55783,1.73,1.73
2012.11.12 11:05:38.444,1.55749,1.55783,1.73,1.73
2012.11.12 11:05:39.044,1.55749,1.55783,1.73,1.73
2012.11.12 11:05:39.723,1.55752,1.55783,1.73,1.73
2012.11.12 11:05:40.282,1.55753,1.55786,1.73,1.73
2012.11.12 11:05:40.942,1.55753,1.55786,1.73,1.73
2012.11.12 11:05:41.283,1.55748,1.55781,1.47,1.73
2012.11.12 11:05:41.343,1.55746,1.55779,1.73,1.73
2012.11.12 11:05:41.822,1.55746,1.55779,1.73,1.73
2012.11.12 11:05:42.322,1.55753,1.55784,1.50,1.45
2012.11.12 11:05:42.562,1.55744,1.55775,1.73,1.73
2012.11.12 11:05:43.125,1.5575,1.55782,1.73,1.73
2012.11.12 11:05:43.652,1.5575,1.55784,1.73,1.73
2012.11.12 11:05:43.832,1.55752,1.55784,1.22,1.50
2012.11.12 11:05:46.122,1.5575,1.55782,1.73,1.73
2012.11.12 11:05:46.681,1.55757,1.5579,1.73,1.73
2012.11.12 11:05:47.112,1.55757,1.55788,1.73,2.40
2012.11.12 11:05:48.114,1.55753,1.55783,1.73,1.73
2012.11.12 11:05:48.234,1.5575,1.55781,1.50,1.34
2012.11.12 11:05:48.292,1.55743,1.55777,1.73,1.73
2012.11.12 11:05:48.532,1.55743,1.55775,1.73,1.73
2012.11.12 11:05:48.982,1.55743,1.55775,1.73,1.73
2012.11.12 11:05:50.543,1.55745,1.55775,1.27,1.69
2012.11.12 11:05:50.663,1.55753,1.55775,1.50,1.17
2012.11.12 11:05:51.072,1.55753,1.55774,1.50,3.08
2012.11.12 11:05:51.985,1.55753,1.55783,1.50,1.36
2012.11.12 11:05:52.234,1.55743,1.55777,1.73,2.11
2012.11.12 11:05:52.359,1.55745,1.55777,1.29,1.88
2012.11.12 11:05:52.674,1.55745,1.55777,1.45,1.69
2012.11.12 11:05:53.032,1.55745,1.55777,1.38,1.69
2012.11.12 11:05:53.957,1.55752,1.55784,1.63,1.69
2012.11.12 11:05:54.262,1.5576,1.55791,1.63,1.69
2012.11.12 11:05:54.562,1.5576,1.55791,1.20,1.50
2012.11.12 11:05:54.741,1.55758,1.55791,2.38,1.50
2012.11.12 11:05:55.261,1.5576,1.55791,1.54,1.50
2012.11.12 11:05:55.797,1.55759,1.55791,1.23,1.73
2012.11.12 11:05:56.321,1.5576,1.55791,1.50,1.50
2012.11.12 11:05:58.212,1.5576,1.55791,1.50,1.50
2012.11.12 11:05:58.513,1.55754,1.55786,1.41,1.50
2012.11.12 11:06:01.192,1.55754,1.55784,1.41,1.50
2012.11.12 11:06:01.251,1.55754,1.55786,1.41,1.50
2012.11.12 11:06:01.552,1.55754,1.55785,1.23,1.50
2012.11.12 11:06:01.673,1.55754,1.55785,1.61,1.50
2012.11.12 11:06:01.912,1.55754,1.55784,1.61,1.50
2012.11.12 11:06:02.031,1.55751,1.55784,1.73,1.73
2012.11.12 11:06:02.652,1.55745,1.55778,2.13,1.73
2012.11.12 11:06:02.833,1.55741,1.55773,1.34,1.50
2012.11.12 11:06:03.492,1.55754,1.55785,1.50,1.63
2012.11.12 11:06:03.556,1.55755,1.55787,1.61,1.50
2012.11.12 11:06:03.677,1.55754,1.55787,1.73,1.73
2012.11.12 11:06:03.743,1.55763,1.55794,1.50,1.13
2012.11.12 11:06:03.862,1.55756,1.55789,1.73,1.73
2012.11.12 11:06:05.762,1.55756,1.55789,1.73,1.73
2012.11.12 11:06:06.122,1.55756,1.55789,1.73,1.73
2012.11.12 11:06:07.522,1.55756,1.55789,1.73,1.73
2012.11.12 11:06:09.002,1.55756,1.55789,1.50,1.73
2012.11.12 11:06:09.651,1.55756,1.55789,1.50,1.73
2012.11.12 11:06:09.982,1.55756,1.55789,1.73,1.73
2012.11.12 11:06:10.341,1.55757,1.5579,1.37,1.50
2012.11.12 11:06:10.582,1.55764,1.55794,1.73,1.36
2012.11.12 11:06:10.642,1.55765,1.55796,1.39,2.11
2012.11.12 11:06:11.001,1.55765,1.55795,1.39,3.08
2012.11.12 11:06:11.322,1.55764,1.55786,1.50,3.15
2012.11.12 11:06:11.464,1.55764,1.55794,1.50,2.27
2012.11.12 11:06:11.583,1.55759,1.5579,1.50,1.73
2012.11.12 11:06:11.643,1.55757,1.5579,1.73,1.73
2012.11.12 11:06:14.441,1.55757,1.5579,1.73,1.73
2012.11.12 11:06:14.584,1.55757,1.5579,1.73,1.73
2012.11.12 11:06:16.571,1.55757,1.5579,1.73,1.73
2012.11.12 11:06:17.751,1.55757,1.5579,1.73,1.73
2012.11.12 11:06:17.872,1.55757,1.5579,1.73,1.73
2012.11.12 11:06:18.116,1.55757,1.55789,1.73,1.88
2012.11.12 11:06:18.443,1.55759,1.5579,1.41,1.73
2012.11.12 11:06:18.622,1.55764,1.55797,1.73,3.83
2012.11.12 11:06:19.971,1.55764,1.55792,1.50,1.50
2012.11.12 11:06:20.211,1.55756,1.55787,1.73,1.73
2012.11.12 11:06:20.871,1.55756,1.55787,1.73,1.73
2012.11.12 11:06:21.234,1.55762,1.55795,1.73,1.73
2012.11.12 11:06:21.292,1.55762,1.55796,1.73,1.73
2012.11.12 11:06:21.352,1.55769,1.558,1.73,1.73
2012.11.12 11:06:21.992,1.55769,1.558,1.65,1.73
2012.11.12 11:06:22.968,1.55769,1.558,1.73,1.73
2012.11.12 11:06:24.673,1.55771,1.558,1.73,1.73
2012.11.12 11:06:25.033,1.55775,1.55807,2.32,1.17
2012.11.12 11:06:25.581,1.55775,1.55807,2.32,1.17
2012.11.12 11:06:27.374,1.55775,1.55808,2.32,1.73
2012.11.12 11:06:27.492,1.55776,1.55808,1.31,1.50
2012.11.12 11:06:28.701,1.55776,1.55808,1.31,1.50
2012.11.12 11:06:29.901,1.55775,1.55808,1.73,1.73
2012.11.12 11:06:30.371,1.55775,1.55808,1.73,1.73
2012.11.12 11:06:30.744,1.55776,1.55808,1.39,1.50
2012.11.12 11:06:31.301,1.55776,1.55808,1.39,1.50
2012.11.12 11:06:32.631,1.55776,1.55809,1.39,2.25
2012.11.12 11:06:32.752,1.55775,1.55808,1.73,1.73
2012.11.12 11:06:32.811,1.55775,1.55808,1.73,1.73
2012.11.12 11:06:32.991,1.55776,1.55808,1.37,1.50
2012.11.12 11:06:33.212,1.55775,1.55808,1.73,1.73
2012.11.12 11:06:33.273,1.55775,1.55808,1.73,1.73
2012.11.12 11:06:34.092,1.55776,1.55808,1.34,1.50
2012.11.12 11:06:34.152,1.55776,1.55809,1.34,1.50
2012.11.12 11:06:34.691,1.55776,1.55809,1.63,1.50
2012.11.12 11:06:35.312,1.55775,1.55809,1.73,2.48
2012.11.12 11:06:35.371,1.55775,1.55808,1.73,1.73
2012.11.12 11:06:35.896,1.55775,1.55808,1.73,1.73
2012.11.12 11:06:36.191,1.55775,1.55808,1.73,1.73
2012.11.12 11:06:36.755,1.55775,1.55808,1.73,1.73
2012.11.12 11:06:37.303,1.55775,1.55808,1.73,1.73
2012.11.12 11:06:40.422,1.55775,1.55808,1.73,1.73
2012.11.12 11:06:40.482,1.55775,1.55808,1.73,1.73
2012.11.12 11:06:40.547,1.55775,1.55806,1.73,1.80
2012.11.12 11:06:40.612,1.55775,1.55805,1.50,1.43
2012.11.12 11:06:41.212,1.55775,1.55802,1.50,1.80
2012.11.12 11:06:41.682,1.55775,1.55805,1.50,1.43
2012.11.12 11:06:41.803,1.55775,1.55807,1.73,1.17
2012.11.12 11:06:41.923,1.55775,1.55807,1.73,1.17
2012.11.12 11:06:42.223,1.55775,1.55806,1.73,2.85
2012.11.12 11:06:43.613,1.55775,1.55806,1.73,2.85
2012.11.12 11:06:43.871,1.55765,1.55797,2.07,1.50
2012.11.12 11:06:45.136,1.55772,1.55803,1.73,1.17
2012.11.12 11:06:45.207,1.55772,1.55803,1.73,2.63
2012.11.12 11:06:45.513,1.55772,1.55803,1.73,2.63
2012.11.12 11:06:48.982,1.55772,1.55803,1.73,1.17
2012.11.12 11:06:49.042,1.55772,1.55804,1.73,1.92
2012.11.12 11:06:49.163,1.55775,1.55804,1.27,1.69
2012.11.12 11:06:49.283,1.55772,1.55804,2.31,1.92
2012.11.12 11:06:50.973,1.55772,1.55804,2.31,1.73
2012.11.12 11:06:51.103,1.55773,1.55804,1.20,1.50
2012.11.12 11:06:51.431,1.55772,1.55804,1.73,1.73
2012.11.12 11:06:51.672,1.55772,1.55799,1.73,1.88
2012.11.12 11:06:51.852,1.55763,1.55796,1.73,1.73
2012.11.12 11:06:53.012,1.55756,1.55787,1.73,1.50
2012.11.12 11:06:53.072,1.55756,1.55787,1.50,1.73
2012.11.12 11:06:53.313,1.55762,1.55793,1.73,1.73
2012.11.12 11:06:54.912,1.55762,1.55793,1.73,1.73
2012.11.12 11:07:01.094,1.55762,1.55789,1.73,2.63
2012.11.12 11:07:03.992,1.55762,1.55793,1.73,2.70
2012.11.12 11:07:04.172,1.55762,1.55791,1.50,1.56
2012.11.12 11:07:08.461,1.55757,1.55786,1.73,1.73
2012.11.12 11:07:08.521,1.55755,1.55786,1.73,1.73
2012.11.12 11:07:11.195,1.55755,1.55786,1.73,3.60
2012.11.12 11:07:12.071,1.55755,1.55786,1.73,1.73
2012.11.12 11:07:12.254,1.55755,1.55786,1.73,1.73
2012.11.12 11:07:12.373,1.55755,1.55786,1.50,1.95
2012.11.12 11:07:12.732,1.55755,1.55783,1.50,1.45
2012.11.12 11:07:15.772,1.55755,1.55786,1.73,1.73
2012.11.12 11:07:16.143,1.55755,1.55786,1.73,2.93
2012.11.12 11:07:16.415,1.55755,1.55784,1.50,1.32
2012.11.12 11:07:19.542,1.55755,1.55783,1.50,1.80
2012.11.12 11:07:19.722,1.55755,1.55783,1.73,1.80
2012.11.12 11:07:19.782,1.55755,1.55786,1.73,1.73
2012.11.12 11:07:20.336,1.55755,1.55786,1.73,1.73
2012.11.12 11:07:20.403,1.55755,1.55786,1.73,1.73
2012.11.12 11:07:20.833,1.55746,1.55773,1.61,2.03
2012.11.12 11:07:20.893,1.55744,1.55773,1.73,2.25
2012.11.12 11:07:20.952,1.55744,1.55776,1.73,1.73
2012.11.12 11:07:21.013,1.55744,1.55773,1.50,1.50
2012.11.12 11:07:21.432,1.55744,1.55776,1.50,1.29
2012.11.12 11:07:21.554,1.55747,1.55778,1.61,1.50
2012.11.12 11:07:21.672,1.55747,1.55779,1.34,1.50
2012.11.12 11:07:22.032,1.55757,1.55782,1.29,1.50
2012.11.12 11:07:22.125,1.55761,1.55791,1.59,1.50
2012.11.12 11:07:22.183,1.55761,1.55792,1.59,1.50
2012.11.12 11:07:22.423,1.55767,1.55802,1.59,1.73
2012.11.12 11:07:22.482,1.55775,1.55807,1.73,1.73
2012.11.12 11:07:22.963,1.55775,1.55806,1.73,2.70
2012.11.12 11:07:23.506,1.55775,1.55804,1.50,1.63
2012.11.12 11:07:24.053,1.55775,1.55805,1.50,1.63
2012.11.12 11:07:25.294,1.55775,1.55806,1.73,3.34
2012.11.12 11:07:25.821,1.55775,1.55806,1.73,1.17
2012.11.12 11:07:27.345,1.55775,1.55806,1.73,1.17
2012.11.12 11:07:30.042,1.55775,1.55806,1.73,1.17
2012.11.12 11:07:31.151,1.55775,1.55803,1.73,2.63
2012.11.12 11:07:35.632,1.55775,1.55803,1.73,2.63
2012.11.12 11:07:35.762,1.55775,1.55806,1.73,1.17
2012.11.12 11:07:36.622,1.55775,1.55806,1.73,1.17
2012.11.12 11:07:38.722,1.55775,1.55806,1.73,1.17
2012.11.12 11:07:41.235,1.55775,1.55804,1.73,2.48
2012.11.12 11:07:41.733,1.55775,1.55806,1.73,1.17
2012.11.12 11:07:43.642,1.55775,1.55806,1.73,1.17
2012.11.12 11:07:43.764,1.55775,1.55806,1.73,1.17
2012.11.12 11:07:44.122,1.55775,1.55805,1.50,1.45
2012.11.12 11:07:47.242,1.5577,1.55801,1.73,1.73
2012.11.12 11:07:47.302,1.55768,1.55801,1.73,1.73
2012.11.12 11:07:47.423,1.55768,1.55799,1.50,1.45
2012.11.12 11:07:47.782,1.55774,1.55799,1.50,1.45
2012.11.12 11:07:48.072,1.55774,1.55804,1.50,1.25
2012.11.12 11:07:48.192,1.55774,1.55806,1.73,1.17
2012.11.12 11:07:48.953,1.55774,1.55806,1.73,1.17
2012.11.12 11:07:49.012,1.55774,1.55806,1.73,1.17
2012.11.12 11:07:50.403,1.55774,1.55807,1.73,2.71
2012.11.12 11:07:51.084,1.55774,1.55801,1.73,3.00
2012.11.12 11:07:51.431,1.55774,1.55807,1.73,2.71
2012.11.12 11:07:53.751,1.55774,1.55807,1.73,2.11
2012.11.12 11:07:55.393,1.55774,1.55807,1.73,2.51
2012.11.12 11:07:56.941,1.55774,1.55806,1.73,3.27
2012.11.12 11:07:57.242,1.55774,1.55801,1.50,2.33
2012.11.12 11:07:57.363,1.55768,1.558,1.73,1.73
2012.11.12 11:07:57.864,1.55768,1.55798,1.50,1.23
2012.11.12 11:07:59.482,1.55768,1.55797,1.50,2.93
2012.11.12 11:07:59.842,1.55768,1.558,1.73,1.73
2012.11.12 11:08:00.082,1.55769,1.558,1.73,1.73
2012.11.12 11:08:00.441,1.55775,1.55802,1.50,1.17
2012.11.12 11:08:01.243,1.55775,1.55809,1.50,1.60
2012.11.12 11:08:01.423,1.5579,1.55815,1.73,1.17
2012.11.12 11:08:01.542,1.5579,1.5581,1.50,1.17
2012.11.12 11:08:02.772,1.55786,1.55817,1.50,1.20
2012.11.12 11:08:03.836,1.55777,1.55814,1.73,1.73
2012.11.12 11:08:04.074,1.55783,1.55811,1.50,1.32
2012.11.12 11:08:04.194,1.55783,1.55815,1.50,1.38
2012.11.12 11:08:04.865,1.55783,1.55816,1.73,1.73
2012.11.12 11:08:06.102,1.55783,1.55816,1.73,1.73
2012.11.12 11:08:06.163,1.55785,1.55816,1.73,1.73
2012.11.12 11:08:06.223,1.55791,1.55821,1.50,1.36
2012.11.12 11:08:06.403,1.55791,1.55823,1.73,1.73
2012.11.12 11:08:07.233,1.55791,1.55822,1.73,2.03
2012.11.12 11:08:07.472,1.55785,1.55817,1.73,1.73
2012.11.12 11:08:07.891,1.55785,1.55817,1.73,1.73
2012.11.12 11:08:08.057,1.55785,1.55817,1.50,1.73
2012.11.12 11:08:10.792,1.55785,1.55817,1.73,1.73
2012.11.12 11:08:11.266,1.55785,1.55816,1.73,1.95
2012.11.12 11:08:12.322,1.55785,1.55817,1.73,1.73
2012.11.12 11:08:12.382,1.55785,1.55817,1.73,1.73
2012.11.12 11:08:12.442,1.55785,1.55818,1.73,2.48
2012.11.12 11:08:12.502,1.55785,1.55818,1.73,2.48
2012.11.12 11:08:12.741,1.55785,1.55817,1.73,1.50
2012.11.12 11:08:13.113,1.55785,1.55817,1.73,1.73
2012.11.12 11:08:14.471,1.55785,1.55818,1.73,2.48
2012.11.12 11:08:14.892,1.55785,1.55817,1.73,1.50
2012.11.12 11:08:15.012,1.55785,1.55817,1.50,1.73
2012.11.12 11:08:16.992,1.55785,1.55817,1.73,1.73
2012.11.12 11:08:21.921,1.55785,1.55817,1.73,1.73
2012.11.12 11:08:22.403,1.55785,1.55817,1.73,1.50
2012.11.12 11:08:22.593,1.55785,1.55817,1.73,1.50
2012.11.12 11:08:22.893,1.55785,1.55817,1.73,1.73
2012.11.12 11:08:31.550,1.55785,1.55812,1.73,3.15
2012.11.12 11:08:32.979,1.55785,1.55817,1.73,1.95
2012.11.12 11:08:33.232,1.55785,1.55812,1.73,2.70
2012.11.12 11:08:33.411,1.55779,1.5581,1.73,1.73
2012.11.12 11:08:36.822,1.55779,1.55802,1.50,1.54
2012.11.12 11:08:37.062,1.55771,1.558,1.50,1.54
2012.11.12 11:08:38.301,1.55771,1.55803,1.73,1.73
2012.11.12 11:08:38.492,1.55778,1.5581,1.73,2.84
2012.11.12 11:08:41.128,1.55778,1.55803,1.73,3.00
2012.11.12 11:08:41.252,1.55778,1.5581,1.73,1.34
2012.11.12 11:08:41.371,1.55778,1.55811,1.73,1.73
2012.11.12 11:08:41.431,1.55785,1.55817,1.50,3.67
2012.11.12 11:08:42.482,1.55781,1.55807,1.50,1.61
2012.11.12 11:08:42.542,1.55778,1.55807,1.50,1.61
2012.11.12 11:08:42.932,1.55778,1.5581,1.73,1.73
2012.11.12 11:08:43.542,1.55778,1.5581,1.73,3.08
2012.11.12 11:08:43.854,1.55778,1.55806,1.50,1.47
2012.11.12 11:08:44.153,1.55769,1.55801,1.73,1.73
2012.11.12 11:08:44.562,1.55769,1.55801,1.50,2.34
2012.11.12 11:08:44.667,1.55769,1.55801,1.73,1.73
2012.11.12 11:08:46.002,1.55769,1.55801,1.50,1.95
2012.11.12 11:08:47.233,1.55769,1.55801,1.73,1.73
2012.11.12 11:08:47.824,1.55769,1.558,1.73,1.38
2012.11.12 11:08:49.484,1.55769,1.55801,1.73,1.73
2012.11.12 11:08:49.842,1.55769,1.55798,1.50,1.23
2012.11.12 11:08:50.344,1.55764,1.55793,1.73,1.73
2012.11.12 11:08:50.462,1.55762,1.55793,1.73,1.73
2012.11.12 11:08:50.581,1.55762,1.55794,1.73,1.36
2012.11.12 11:08:50.701,1.55769,1.55803,1.73,1.73
2012.11.12 11:08:50.972,1.55769,1.55799,1.73,2.40
2012.11.12 11:08:52.512,1.55769,1.55803,1.73,3.75
2012.11.12 11:08:52.692,1.55769,1.558,1.73,1.50
2012.11.12 11:08:53.662,1.55759,1.55793,1.61,1.73
2012.11.12 11:08:53.722,1.55759,1.55791,1.61,1.73
2012.11.12 11:08:53.992,1.55758,1.55791,1.73,1.73
2012.11.12 11:08:54.413,1.55758,1.55791,1.73,1.73
2012.11.12 11:08:54.473,1.55758,1.55791,1.73,1.73
2012.11.12 11:08:54.594,1.55758,1.55792,2.36,1.73
2012.11.12 11:08:55.133,1.55766,1.55798,1.73,1.73
2012.11.12 11:08:55.492,1.55766,1.55798,1.73,1.73
2012.11.12 11:08:57.383,1.55765,1.55797,1.73,1.73
2012.11.12 11:08:57.652,1.55765,1.55797,1.73,1.73
2012.11.12 11:08:59.532,1.55764,1.55797,1.73,1.73
2012.11.12 11:08:59.772,1.55764,1.55797,1.73,1.73
2012.11.12 11:08:59.832,1.55764,1.55797,1.73,1.73
2012.11.12 11:09:00.683,1.55764,1.55797,1.73,1.73
2012.11.12 11:09:01.146,1.55764,1.55797,1.73,3.90
2012.11.12 11:09:05.842,1.55764,1.55797,1.73,3.90
2012.11.12 11:09:05.920,1.55764,1.55797,1.73,3.90
2012.11.12 11:09:06.873,1.55764,1.55797,1.73,1.73
2012.11.12 11:09:07.064,1.55764,1.55797,1.73,1.73
2012.11.12 11:09:11.562,1.55771,1.55804,1.73,1.73
2012.11.12 11:09:12.083,1.55771,1.55804,1.73,1.73
2012.11.12 11:09:16.412,1.55771,1.55804,1.50,2.38
2012.11.12 11:09:18.172,1.55771,1.55804,1.73,1.73
2012.11.12 11:09:18.232,1.55771,1.55804,1.73,1.73
2012.11.12 11:09:18.292,1.55771,1.55804,1.73,1.73
2012.11.12 11:09:18.893,1.55771,1.55804,1.73,1.73
2012.11.12 11:09:19.232,1.55762,1.55793,1.43,1.50
2012.11.12 11:09:19.363,1.55769,1.55801,1.73,1.73
2012.11.12 11:09:20.978,1.55769,1.55801,1.73,3.00
2012.11.12 11:09:21.110,1.55769,1.55797,1.73,1.65
2012.11.12 11:09:21.181,1.55769,1.55797,1.50,1.88
2012.11.12 11:09:21.731,1.55762,1.55794,1.50,1.73
2012.11.12 11:09:22.284,1.55762,1.55794,1.73,1.73
2012.11.12 11:09:27.358,1.55762,1.55794,1.73,3.38
2012.11.12 11:09:27.602,1.55754,1.55786,1.73,1.73
2012.11.12 11:09:29.131,1.55755,1.55787,1.01,1.73
2012.11.12 11:09:31.164,1.55755,1.55786,1.26,1.50
2012.11.12 11:09:31.222,1.55754,1.55786,1.73,1.73
2012.11.12 11:09:31.342,1.55754,1.55786,1.73,1.73
2012.11.12 11:09:31.464,1.55754,1.55786,1.73,1.73
2012.11.12 11:09:33.214,1.55754,1.55786,1.73,1.73
2012.11.12 11:09:33.333,1.55754,1.55786,1.73,1.73
2012.11.12 11:09:33.694,1.55764,1.55792,1.50,1.59
2012.11.12 11:09:33.872,1.55764,1.55796,1.73,1.73
2012.11.12 11:09:34.052,1.55764,1.55798,2.21,3.38
2012.11.12 11:09:34.363,1.5577,1.55802,1.73,1.50
2012.11.12 11:09:35.472,1.5577,1.55801,1.73,2.25
2012.11.12 11:09:35.532,1.5577,1.55801,1.73,2.48
2012.11.12 11:09:35.593,1.55763,1.55795,1.73,1.73
2012.11.12 11:09:36.151,1.55761,1.55795,2.00,1.73
2012.11.12 11:09:36.273,1.55761,1.55795,2.00,3.83
2012.11.12 11:09:36.392,1.55761,1.55795,1.50,3.83
2012.11.12 11:09:36.832,1.55761,1.55787,1.50,1.56
2012.11.12 11:09:37.333,1.55762,1.55795,1.41,1.73
2012.11.12 11:09:37.392,1.55762,1.55794,1.41,1.73
2012.11.12 11:09:37.451,1.55761,1.55794,1.73,1.73
2012.11.12 11:09:37.812,1.55761,1.55795,2.00,1.73
2012.11.12 11:09:41.081,1.55761,1.55793,2.00,1.50
2012.11.12 11:09:41.782,1.55761,1.55793,1.73,3.00
2012.11.12 11:09:43.204,1.55755,1.55788,1.73,1.73
2012.11.12 11:09:43.326,1.55748,1.55779,1.23,1.50
2012.11.12 11:09:43.444,1.55747,1.55779,1.73,1.73
2012.11.12 11:09:43.504,1.55747,1.55779,1.73,1.73
2012.11.12 11:09:44.047,1.55747,1.55779,1.73,1.73
2012.11.12 11:09:44.742,1.55749,1.5578,1.20,1.50
2012.11.12 11:09:45.254,1.55754,1.55786,1.73,1.73
2012.11.12 11:09:45.883,1.55757,1.55786,1.73,1.73
2012.11.12 11:09:46.194,1.55762,1.55789,1.50,1.32
2012.11.12 11:09:46.311,1.55762,1.55793,1.50,1.73
2012.11.12 11:09:46.612,1.55754,1.55787,1.73,1.73
2012.11.12 11:09:47.073,1.55758,1.55789,1.59,1.50
2012.11.12 11:09:47.132,1.55761,1.55793,1.73,1.73
2012.11.12 11:09:50.502,1.55761,1.55796,1.73,1.73
2012.11.12 11:09:50.742,1.55769,1.55802,1.50,2.34
2012.11.12 11:09:50.802,1.55769,1.55802,1.73,1.73
2012.11.12 11:09:51.112,1.55769,1.558,1.73,2.48
2012.11.12 11:09:51.613,1.5577,1.558,1.27,1.73
2012.11.12 11:09:51.673,1.5577,1.55803,1.27,2.25
2012.11.12 11:09:51.793,1.5577,1.55802,1.27,1.50
2012.11.12 11:09:51.853,1.55769,1.55801,1.73,1.52
2012.11.12 11:09:52.392,1.55763,1.55795,1.73,1.73
2012.11.12 11:09:52.452,1.55765,1.55794,1.52,1.50
2012.11.12 11:09:52.572,1.55763,1.55794,1.65,1.73
2012.11.12 11:09:52.752,1.55763,1.55794,1.50,1.73
2012.11.12 11:09:59.042,1.55763,1.55794,1.50,1.17
2012.11.12 11:09:59.350,1.55768,1.55797,1.25,1.69
2012.11.12 11:09:59.532,1.55763,1.55793,1.73,1.17
2012.11.12 11:09:59.964,1.55762,1.55793,1.57,1.50
2012.11.12 11:10:00.711,1.55762,1.55795,2.32,1.73
2012.11.12 11:10:00.952,1.55762,1.55795,2.32,1.73
2012.11.12 11:10:01.255,1.55762,1.55792,2.32,2.25
2012.11.12 11:10:01.492,1.55762,1.55795,1.73,1.73
2012.11.12 11:10:01.672,1.55762,1.55795,1.73,1.73
2012.11.12 11:10:01.732,1.55762,1.55795,1.73,1.73
2012.11.12 11:10:01.852,1.55762,1.55795,1.73,1.73
2012.11.12 11:10:02.022,1.55762,1.55795,1.73,1.73
2012.11.12 11:10:02.322,1.55762,1.55795,1.73,1.73
2012.11.12 11:10:02.862,1.55762,1.55795,1.73,1.73
2012.11.12 11:10:04.642,1.55762,1.55795,1.73,1.73
2012.11.12 11:10:05.258,1.5577,1.55788,1.50,2.85
2012.11.12 11:10:05.327,1.5577,1.55794,1.50,3.15
2012.11.12 11:10:05.393,1.5577,1.55796,1.50,1.32
2012.11.12 11:10:05.581,1.5577,1.55802,1.50,2.36
2012.11.12 11:10:05.647,1.55772,1.55802,1.20,1.50
2012.11.12 11:10:05.962,1.55791,1.55811,1.73,1.65
2012.11.12 11:10:06.023,1.55791,1.55815,1.73,1.88
2012.11.12 11:10:06.382,1.55791,1.55817,1.73,2.48
2012.11.12 11:10:06.622,1.55783,1.55815,1.73,1.73
2012.11.12 11:10:07.386,1.55783,1.55815,1.73,1.73
2012.11.12 11:10:07.622,1.55783,1.55815,1.73,1.73
2012.11.12 11:10:07.924,1.55789,1.55822,1.73,1.73
2012.11.12 11:10:08.292,1.55789,1.55822,1.73,1.73
2012.11.12 11:10:10.793,1.55789,1.55817,1.73,2.40
2012.11.12 11:10:10.914,1.55783,1.55816,1.73,1.73
2012.11.12 11:10:11.152,1.55783,1.55808,1.73,2.85
2012.11.12 11:10:11.316,1.55783,1.55808,1.73,2.85
2012.11.12 11:10:11.432,1.55784,1.55808,1.73,2.85
2012.11.12 11:10:11.661,1.55782,1.55808,1.73,2.85
2012.11.12 11:10:15.453,1.55792,1.55808,1.50,2.85
2012.11.12 11:10:15.513,1.55792,1.55819,1.50,2.67
2012.11.12 11:10:16.019,1.55792,1.55818,1.50,3.08
2012.11.12 11:10:16.488,1.55792,1.55818,1.73,2.85
2012.11.12 11:10:16.947,1.55792,1.55824,1.73,1.73
2012.11.12 11:10:17.073,1.558,1.55826,1.73,2.18
2012.11.12 11:10:17.192,1.558,1.55826,1.73,2.18
2012.11.12 11:10:17.733,1.558,1.55827,1.73,2.18
2012.11.12 11:10:19.183,1.558,1.55825,1.73,2.18
2012.11.12 11:10:19.303,1.558,1.55825,1.73,2.40
2012.11.12 11:10:20.164,1.558,1.55825,1.73,2.03
2012.11.12 11:10:20.342,1.558,1.55831,1.73,1.73
2012.11.12 11:10:20.743,1.558,1.55831,1.73,3.00
2012.11.12 11:10:21.195,1.558,1.55823,1.73,1.65
2012.11.12 11:10:22.372,1.558,1.55823,1.73,1.65
2012.11.12 11:10:22.433,1.558,1.55831,1.73,1.73
2012.11.12 11:10:22.552,1.55802,1.55831,1.73,3.83
2012.11.12 11:10:22.792,1.55802,1.55831,1.73,1.73
2012.11.12 11:10:22.852,1.55807,1.55834,1.50,1.95
2012.11.12 11:10:23.217,1.55807,1.55834,1.73,1.95
2012.11.12 11:10:23.415,1.55807,1.55836,1.73,2.48
2012.11.12 11:10:24.183,1.55801,1.55832,1.36,2.93
2012.11.12 11:10:24.303,1.55799,1.55832,1.73,3.15
2012.11.12 11:10:26.042,1.55799,1.55832,1.73,1.73
2012.11.12 11:10:26.304,1.55799,1.55832,1.73,1.73
2012.11.12 11:10:31.103,1.55799,1.55826,1.73,2.70
2012.11.12 11:10:32.322,1.55799,1.55831,1.73,1.95
2012.11.12 11:10:32.732,1.55799,1.55831,1.73,1.95
2012.11.12 11:10:32.973,1.55808,1.55837,1.50,1.32
2012.11.12 11:10:33.033,1.55808,1.5584,1.73,1.73
2012.11.12 11:10:37.483,1.55808,1.55837,1.73,1.73
2012.11.12 11:10:37.662,1.55808,1.55837,1.73,1.73
2012.11.12 11:10:39.091,1.55808,1.55838,1.73,2.63
2012.11.12 11:10:40.102,1.55808,1.55839,1.73,1.34
2012.11.12 11:10:40.162,1.55808,1.5584,1.73,1.73
2012.11.12 11:10:40.282,1.55808,1.55839,1.73,1.56
2012.11.12 11:10:40.626,1.55808,1.5584,1.73,1.73
2012.11.12 11:10:40.974,1.55808,1.55838,1.50,1.34
2012.11.12 11:10:41.313,1.55807,1.55835,1.73,2.78
2012.11.12 11:10:42.292,1.55807,1.5584,1.73,3.00
2012.11.12 11:10:43.263,1.55807,1.55841,1.73,1.73
2012.11.12 11:10:47.674,1.55807,1.55841,1.73,1.73
2012.11.12 11:10:47.855,1.55807,1.55838,1.73,1.36
2012.11.12 11:10:48.202,1.55815,1.55838,1.50,1.36
2012.11.12 11:10:48.373,1.55815,1.55844,1.50,3.00
2012.11.12 11:10:49.592,1.55815,1.55843,1.50,1.36
2012.11.12 11:10:50.204,1.55815,1.55842,1.50,2.63
2012.11.12 11:10:51.087,1.55815,1.55836,1.50,3.15
2012.11.12 11:10:51.942,1.55815,1.55843,1.50,1.36
2012.11.12 11:10:52.002,1.55815,1.55846,1.73,2.63
2012.11.12 11:10:52.513,1.55815,1.55847,1.73,2.70
2012.11.12 11:10:55.852,1.55815,1.55847,1.73,3.30
2012.11.12 11:10:56.442,1.55815,1.55846,1.73,3.15
2012.11.12 11:11:00.494,1.55815,1.55846,1.73,2.63
2012.11.12 11:11:00.552,1.55815,1.55847,1.73,1.73
2012.11.12 11:11:00.912,1.55815,1.55842,1.50,1.59
2012.11.12 11:11:01.272,1.55808,1.55835,1.73,3.08
2012.11.12 11:11:05.692,1.55808,1.5584,1.73,1.73
2012.11.12 11:11:10.122,1.55808,1.5584,1.73,1.73
2012.11.12 11:11:10.242,1.55809,1.5584,1.41,1.50
2012.11.12 11:11:11.113,1.55809,1.5584,1.41,1.50
2012.11.12 11:11:13.404,1.55808,1.5584,1.73,1.73
2012.11.12 11:11:13.968,1.55815,1.55844,1.73,1.88
2012.11.12 11:11:21.071,1.55815,1.55836,1.73,2.33
2012.11.12 11:11:26.292,1.55807,1.55836,1.73,2.33
2012.11.12 11:11:26.632,1.558,1.55829,1.50,1.63
2012.11.12 11:11:27.827,1.558,1.55832,1.73,1.73
2012.11.12 11:11:28.632,1.55793,1.55825,1.73,1.73
2012.11.12 11:11:31.141,1.55793,1.55822,1.73,1.80
2012.11.12 11:11:32.594,1.55793,1.55825,1.95,1.73
2012.11.12 11:11:33.805,1.55793,1.55825,1.95,1.73
2012.11.12 11:11:34.102,1.55793,1.55824,1.73,2.70
2012.11.12 11:11:34.628,1.55793,1.55824,1.73,2.70
2012.11.12 11:11:35.582,1.55793,1.55825,1.73,1.73
2012.11.12 11:11:35.766,1.55793,1.55825,1.73,1.73
2012.11.12 11:11:36.263,1.55807,1.55834,1.50,1.61
2012.11.12 11:11:36.446,1.55807,1.55838,1.50,2.85
2012.11.12 11:11:38.943,1.55807,1.55831,1.73,2.85
2012.11.12 11:11:39.252,1.55801,1.55829,1.32,1.50
2012.11.12 11:11:39.373,1.55792,1.55825,1.73,1.73
2012.11.12 11:11:40.372,1.55794,1.55825,1.73,1.73
2012.11.12 11:11:40.552,1.558,1.55832,1.73,2.00
2012.11.12 11:11:40.616,1.558,1.55832,1.73,1.73
2012.11.12 11:11:41.162,1.558,1.55828,1.73,2.63
2012.11.12 11:11:42.712,1.558,1.55832,1.73,1.73
2012.11.12 11:11:43.540,1.558,1.55832,1.73,1.73
2012.11.12 11:11:43.842,1.558,1.55833,1.73,1.73
2012.11.12 11:11:44.323,1.558,1.55833,1.73,1.73
2012.11.12 11:11:45.173,1.558,1.55833,1.73,1.73
2012.11.12 11:11:45.652,1.558,1.55833,1.73,1.73
2012.11.12 11:11:46.344,1.558,1.55833,1.73,1.73
2012.11.12 11:11:47.474,1.558,1.55832,1.73,1.73
2012.11.12 11:11:48.883,1.558,1.55832,1.73,1.73
2012.11.12 11:11:48.944,1.558,1.55832,1.73,1.73
2012.11.12 11:11:51.065,1.558,1.55831,1.73,1.95
2012.11.12 11:11:52.095,1.558,1.55832,1.73,1.73
2012.11.12 11:11:52.601,1.558,1.55832,1.73,1.73
2012.11.12 11:11:52.872,1.558,1.55832,1.73,1.73
2012.11.12 11:11:53.113,1.558,1.55832,2.27,1.50
2012.11.12 11:11:53.472,1.55801,1.55832,1.36,1.50
2012.11.12 11:11:53.775,1.55795,1.55826,1.26,1.50
2012.11.12 11:11:54.133,1.55791,1.55824,1.73,1.73
2012.11.12 11:11:54.272,1.55791,1.55824,1.73,1.73
2012.11.12 11:11:54.513,1.55791,1.55824,1.73,1.73
2012.11.12 11:11:54.632,1.55791,1.55824,1.73,2.09
2012.11.12 11:11:56.242,1.55791,1.55824,1.73,1.73
2012.11.12 11:11:58.152,1.55791,1.55824,1.73,1.73
2012.11.12 11:11:58.392,1.55791,1.55824,1.98,1.50
2012.11.12 11:11:58.896,1.558,1.55832,1.73,1.73
2012.11.12 11:11:59.623,1.558,1.55832,1.73,1.73
2012.11.12 11:11:59.684,1.558,1.55831,1.50,1.41
2012.11.12 11:12:00.443,1.55793,1.55823,1.73,1.73
2012.11.12 11:12:00.794,1.55793,1.55823,1.73,1.73
2012.11.12 11:12:01.114,1.5579,1.5582,1.50,1.61
2012.11.12 11:12:01.374,1.55786,1.55816,1.73,1.73
2012.11.12 11:12:01.572,1.55786,1.55816,1.50,1.50
2012.11.12 11:12:02.025,1.55787,1.55819,1.50,1.50
2012.11.12 11:12:02.146,1.55793,1.55824,1.73,1.73
2012.11.12 11:12:02.266,1.55795,1.55824,1.20,1.50
2012.11.12 11:12:02.383,1.55793,1.55824,2.36,1.50
2012.11.12 11:12:02.959,1.55793,1.55825,2.36,1.50
2012.11.12 11:12:04.069,1.55793,1.55824,2.36,1.50
2012.11.12 11:12:04.205,1.55793,1.55824,2.36,1.50
2012.11.12 11:12:04.403,1.55793,1.55824,1.73,1.73
2012.11.12 11:12:06.990,1.55793,1.55824,1.73,1.73
2012.11.12 11:12:07.296,1.55793,1.55824,1.73,1.73
2012.11.12 11:12:07.903,1.55793,1.55824,1.50,1.73
2012.11.12 11:12:08.425,1.55787,1.55818,1.73,1.73
2012.11.12 11:12:08.486,1.55785,1.55818,1.73,2.11
2012.11.12 11:12:09.193,1.55785,1.55815,1.73,2.33
2012.11.12 11:12:09.624,1.55785,1.55813,1.50,2.93
2012.11.12 11:12:11.224,1.55785,1.55805,1.50,2.33
2012.11.12 11:12:11.982,1.55785,1.55816,1.50,1.38
2012.11.12 11:12:12.102,1.55785,1.55818,1.73,1.73
2012.11.12 11:12:12.943,1.55785,1.55818,1.73,1.73
2012.11.12 11:12:13.064,1.55786,1.55818,1.32,1.73
2012.11.12 11:12:13.183,1.55793,1.55825,1.73,1.73
2012.11.12 11:12:13.362,1.55793,1.55826,1.73,2.18
2012.11.12 11:12:13.895,1.558,1.55825,1.50,2.70
2012.11.12 11:12:15.462,1.55789,1.5582,1.34,2.03
2012.11.12 11:12:15.522,1.55789,1.5582,1.34,2.03
2012.11.12 11:12:15.583,1.55788,1.55822,1.73,1.73
2012.11.12 11:12:15.702,1.55788,1.55821,1.73,1.95
2012.11.12 11:12:17.082,1.55788,1.55821,2.19,1.95
2012.11.12 11:12:17.526,1.55797,1.55824,1.73,1.73
2012.11.12 11:12:19.622,1.55797,1.55826,1.73,2.85
2012.11.12 11:12:19.682,1.55797,1.55826,1.73,2.85
2012.11.12 11:12:21.164,1.55797,1.55828,1.73,1.73
2012.11.12 11:12:21.859,1.55797,1.55828,1.73,1.73
2012.11.12 11:12:22.372,1.55797,1.55828,1.73,1.73
2012.11.12 11:12:22.954,1.55797,1.55828,1.50,1.73
2012.11.12 11:12:29.072,1.5579,1.55822,1.73,1.73
2012.11.12 11:12:34.493,1.5579,1.55823,1.73,1.73
2012.11.12 11:12:34.792,1.55806,1.55838,1.73,2.19
2012.11.12 11:12:35.354,1.55806,1.55839,1.73,1.50
2012.11.12 11:12:35.592,1.55806,1.55838,1.73,2.87
2012.11.12 11:12:35.899,1.558,1.55832,1.50,1.73
2012.11.12 11:12:35.966,1.55799,1.55832,1.50,1.73
2012.11.12 11:12:37.764,1.55799,1.55832,1.50,1.73
2012.11.12 11:12:38.292,1.55799,1.55832,1.50,1.73
2012.11.12 11:12:38.353,1.55799,1.55832,1.73,1.73
2012.11.12 11:12:38.722,1.55799,1.55832,2.11,1.73
2012.11.12 11:12:41.069,1.55799,1.55828,2.11,1.50
2012.11.12 11:12:42.212,1.55799,1.55832,1.73,1.73
2012.11.12 11:12:45.075,1.55799,1.55832,2.36,1.73
2012.11.12 11:12:45.621,1.55799,1.55832,2.36,1.73
2012.11.12 11:12:45.772,1.55799,1.55832,1.73,1.73
2012.11.12 11:12:47.883,1.55799,1.55832,2.20,1.73
2012.11.12 11:12:48.102,1.55799,1.55832,1.73,1.73
2012.11.12 11:12:48.230,1.55799,1.55832,1.73,1.73
2012.11.12 11:12:49.322,1.55799,1.55832,1.73,1.73
2012.11.12 11:12:50.144,1.55805,1.55836,1.73,3.15
2012.11.12 11:12:50.205,1.55805,1.55837,1.73,1.73
2012.11.12 11:12:53.452,1.55805,1.55837,1.73,1.73
2012.11.12 11:12:57.925,1.55805,1.55837,1.73,1.73
2012.11.12 11:12:59.613,1.55805,1.55837,1.73,1.73
2012.11.12 11:12:59.734,1.55797,1.55828,1.73,1.50
2012.11.12 11:13:00.143,1.55798,1.55829,1.20,1.50
2012.11.12 11:13:00.912,1.55804,1.55836,1.73,1.73
2012.11.12 11:13:01.033,1.55804,1.55836,1.73,1.73
2012.11.12 11:13:01.406,1.55804,1.55836,1.73,1.73
2012.11.12 11:13:01.893,1.55804,1.55836,1.73,1.73
2012.11.12 11:13:02.133,1.55805,1.55836,1.63,1.50
2012.11.12 11:13:04.294,1.55805,1.55838,1.63,1.73
2012.11.12 11:13:04.663,1.55808,1.55838,1.41,1.50
2012.11.12 11:13:04.843,1.55811,1.5584,1.41,1.50
2012.11.12 11:13:05.082,1.55811,1.55843,2.20,1.95
2012.11.12 11:13:05.382,1.55804,1.55836,1.73,1.73
2012.11.12 11:13:05.604,1.55804,1.55836,1.73,1.73
2012.11.12 11:13:06.662,1.55805,1.55836,1.43,1.50
2012.11.12 11:13:06.722,1.55805,1.55836,1.43,1.50
2012.11.12 11:13:06.938,1.55805,1.55836,1.43,1.50
2012.11.12 11:13:07.002,1.55804,1.55836,1.73,1.73
2012.11.12 11:13:07.063,1.55804,1.55836,1.73,1.73
2012.11.12 11:13:07.182,1.55804,1.55836,1.73,1.73
2012.11.12 11:13:07.242,1.55804,1.55836,2.25,1.50
2012.11.12 11:13:07.622,1.55811,1.5584,1.73,3.00
2012.11.12 11:13:07.936,1.55804,1.55837,1.73,1.73
2012.11.12 11:13:07.992,1.55804,1.55835,1.73,1.73
2012.11.12 11:13:08.667,1.55804,1.55835,1.73,1.73
2012.11.12 11:13:08.843,1.55804,1.55835,1.50,2.25
2012.11.12 11:13:09.203,1.55794,1.55826,1.73,1.73
2012.11.12 11:13:15.851,1.55794,1.55826,1.73,1.73
2012.11.12 11:13:16.511,1.55794,1.55826,1.73,1.73
2012.11.12 11:13:18.453,1.55794,1.55829,1.73,2.34
2012.11.12 11:13:18.783,1.55801,1.55834,1.73,1.73
2012.11.12 11:13:25.473,1.55794,1.55827,1.73,2.48
2012.11.12 11:13:25.804,1.55794,1.55825,1.73,1.73
2012.11.12 11:13:25.923,1.55794,1.55825,1.73,1.73
2012.11.12 11:13:25.996,1.55794,1.55825,1.73,1.73
2012.11.12 11:13:26.172,1.55794,1.55825,1.73,1.73
2012.11.12 11:13:26.532,1.55794,1.55825,1.73,1.73
2012.11.12 11:13:26.907,1.558,1.55833,1.73,1.73
2012.11.12 11:13:27.022,1.55802,1.55833,1.36,1.50
2012.11.12 11:13:27.943,1.55802,1.55833,1.50,1.50
2012.11.12 11:13:28.482,1.55802,1.55832,1.36,1.50
2012.11.12 11:13:28.542,1.55802,1.55832,1.54,1.50
2012.11.12 11:13:28.723,1.55802,1.55832,1.61,1.50
2012.11.12 11:13:30.082,1.55802,1.55832,1.61,1.50
2012.11.12 11:13:30.143,1.55802,1.55832,1.25,1.50
2012.11.12 11:13:30.833,1.55811,1.5584,1.38,1.50
2012.11.12 11:13:31.278,1.55811,1.5584,1.38,1.50
2012.11.12 11:13:31.433,1.55811,1.5584,1.38,1.50
2012.11.12 11:13:31.501,1.55809,1.5584,1.45,1.50
2012.11.12 11:13:35.062,1.55809,1.5584,1.45,1.50
2012.11.12 11:13:35.124,1.55808,1.5584,1.73,1.73
2012.11.12 11:13:35.922,1.55808,1.55839,1.73,2.55
2012.11.12 11:13:35.982,1.55808,1.55839,1.50,2.87
2012.11.12 11:13:36.042,1.55801,1.55835,1.73,1.73
2012.11.12 11:13:36.342,1.55796,1.55828,2.07,1.50
2012.11.12 11:13:36.523,1.55796,1.55828,1.73,1.73
2012.11.12 11:13:37.204,1.55788,1.55821,1.73,1.73
2012.11.12 11:13:43.363,1.55794,1.55827,1.73,1.73
2012.11.12 11:13:44.313,1.55791,1.55827,1.59,1.73
2012.11.12 11:13:49.332,1.55788,1.55824,1.73,1.73
2012.11.12 11:13:49.453,1.55793,1.55825,1.73,1.73
2012.11.12 11:13:50.035,1.55793,1.55825,1.73,1.73
2012.11.12 11:13:50.194,1.55793,1.55825,1.73,1.73
2012.11.12 11:13:53.823,1.55793,1.55828,1.73,2.48
2012.11.12 11:13:54.132,1.55793,1.55825,1.73,1.73
2012.11.12 11:13:55.464,1.55793,1.55828,1.73,1.73
2012.11.12 11:13:55.583,1.55793,1.55828,2.04,1.73
2012.11.12 11:13:56.842,1.55793,1.55825,2.09,1.73
2012.11.12 11:13:57.202,1.55788,1.55821,1.41,1.50
2012.11.12 11:13:57.513,1.55788,1.55821,1.29,1.50
2012.11.12 11:13:57.822,1.55793,1.55827,1.73,1.73
2012.11.12 11:13:58.323,1.55793,1.55827,1.73,1.73
2012.11.12 11:14:03.767,1.55793,1.55827,1.73,1.73
2012.11.12 11:14:03.835,1.55793,1.55827,1.73,1.73
2012.11.12 11:14:04.074,1.55793,1.55827,1.73,1.73
2012.11.12 11:14:04.253,1.55793,1.55827,1.73,1.73
2012.11.12 11:14:04.552,1.55793,1.55827,1.73,1.73
2012.11.12 11:14:04.802,1.55793,1.55828,2.25,1.73
2012.11.12 11:14:07.702,1.55793,1.55826,2.25,1.73
2012.11.12 11:14:07.769,1.55793,1.55826,2.25,1.73
2012.11.12 11:14:07.894,1.55793,1.55826,1.73,1.73
2012.11.12 11:14:08.664,1.55799,1.55831,1.73,1.73
2012.11.12 11:14:11.136,1.55799,1.55825,1.73,3.00
2012.11.12 11:14:11.503,1.55799,1.55831,1.73,3.60
2012.11.12 11:14:12.164,1.55799,1.5583,1.50,1.36
2012.11.12 11:14:12.383,1.55795,1.55824,1.73,1.73
2012.11.12 11:14:12.502,1.55792,1.55824,1.73,1.73
2012.11.12 11:14:13.326,1.55792,1.55824,1.73,1.73
2012.11.12 11:14:13.833,1.55792,1.55824,1.73,1.73
2012.11.12 11:14:14.532,1.55792,1.55824,1.73,1.73
2012.11.12 11:14:14.592,1.55792,1.55824,1.73,1.73
2012.11.12 11:14:14.653,1.55792,1.55824,1.73,1.73
2012.11.12 11:14:14.973,1.55795,1.55826,1.73,1.73
2012.11.12 11:14:15.213,1.55795,1.55826,1.58,1.73
2012.11.12 11:14:15.333,1.558,1.55833,1.58,1.73
2012.11.12 11:14:15.452,1.558,1.55833,1.58,1.73
2012.11.12 11:14:16.073,1.558,1.55833,1.73,1.73
2012.11.12 11:14:16.312,1.558,1.55833,1.73,1.73
2012.11.12 11:14:16.864,1.558,1.55833,1.73,1.73
2012.11.12 11:14:18.629,1.558,1.55833,1.73,1.73
2012.11.12 11:14:18.956,1.558,1.55833,1.73,1.73
2012.11.12 11:14:20.413,1.558,1.55835,1.96,1.73
2012.11.12 11:14:21.196,1.55807,1.55836,1.73,2.70
2012.11.12 11:14:22.174,1.55807,1.55839,1.73,2.48
2012.11.12 11:14:22.783,1.558,1.55833,2.07,1.50
2012.11.12 11:14:22.903,1.558,1.55833,1.73,1.73
2012.11.12 11:14:23.676,1.558,1.55833,1.73,1.73
2012.11.12 11:14:24.103,1.558,1.55833,1.73,1.73
2012.11.12 11:14:24.677,1.558,1.55833,1.73,1.73
2012.11.12 11:14:25.504,1.558,1.55833,1.73,1.73
2012.11.12 11:14:26.202,1.558,1.55833,1.73,1.73
2012.11.12 11:14:26.443,1.558,1.55833,2.09,1.73
2012.11.12 11:14:26.802,1.55807,1.5584,2.09,1.73
2012.11.12 11:14:26.863,1.55807,1.5584,1.73,1.73
2012.11.12 11:14:27.043,1.55807,1.5584,1.73,1.73
2012.11.12 11:14:30.037,1.55807,1.5584,1.73,1.73
2012.11.12 11:14:30.104,1.55807,1.5584,1.73,1.73
2012.11.12 11:14:30.312,1.55807,1.55842,1.73,1.73
2012.11.12 11:14:31.252,1.55815,1.55841,1.50,3.00
2012.11.12 11:14:31.463,1.55815,1.55846,1.50,1.73
2012.11.12 11:14:31.582,1.55815,1.55846,1.73,1.73
2012.11.12 11:14:31.822,1.55815,1.55846,1.50,1.95
2012.11.12 11:14:34.064,1.55815,1.55845,1.50,2.25
2012.11.12 11:14:34.394,1.55815,1.55836,1.50,2.25
2012.11.12 11:14:34.633,1.55801,1.55833,1.73,1.73
2012.11.12 11:14:35.535,1.55801,1.5584,2.31,2.48
2012.11.12 11:14:36.119,1.55809,1.5584,1.73,1.73
2012.11.12 11:14:37.154,1.55819,1.55845,1.50,1.34
2012.11.12 11:14:37.215,1.55819,1.55848,1.73,1.58
2012.11.12 11:14:37.453,1.55812,1.55845,1.73,1.73
2012.11.12 11:14:37.922,1.55812,1.55845,1.73,1.73
2012.11.12 11:14:41.436,1.55812,1.55845,1.73,1.73
2012.11.12 11:14:41.754,1.55812,1.55844,1.73,1.73
2012.11.12 11:14:42.917,1.55812,1.55844,1.73,1.73
2012.11.12 11:14:43.113,1.55812,1.55845,1.73,1.73
2012.11.12 11:14:44.177,1.55812,1.55845,1.73,1.73
2012.11.12 11:14:44.293,1.55813,1.55845,1.63,1.73
2012.11.12 11:14:47.593,1.55813,1.55851,1.63,1.73
2012.11.12 11:14:47.953,1.55818,1.55851,1.73,1.73
2012.11.12 11:14:48.073,1.55818,1.55851,1.73,1.73
2012.11.12 11:14:55.847,1.55818,1.55851,1.73,1.73
2012.11.12 11:14:56.994,1.55818,1.55851,1.73,1.73
2012.11.12 11:14:57.861,1.55818,1.55851,1.73,1.73
2012.11.12 11:14:58.732,1.55812,1.55846,1.73,1.73
2012.11.12 11:14:59.093,1.55822,1.55854,1.59,1.50
2012.11.12 11:14:59.393,1.55821,1.55853,1.73,1.73
2012.11.12 11:15:00.343,1.55821,1.55853,1.73,1.73
2012.11.12 11:15:00.463,1.55821,1.55853,1.73,1.73
2012.11.12 11:15:00.943,1.55821,1.55852,1.73,1.73
2012.11.12 11:15:01.183,1.55821,1.55851,1.50,1.32
2012.11.12 11:15:01.303,1.55821,1.55852,1.73,1.73
2012.11.12 11:15:02.622,1.55821,1.55852,1.73,1.73
2012.11.12 11:15:06.102,1.55821,1.55852,1.73,3.45
2012.11.12 11:15:06.417,1.55814,1.55845,1.73,1.73
2012.11.12 11:15:06.543,1.55812,1.55845,1.73,1.73
2012.11.12 11:15:06.823,1.55812,1.55845,1.73,1.73
2012.11.12 11:15:07.345,1.55812,1.55845,1.58,1.73
2012.11.12 11:15:08.179,1.55812,1.55845,1.58,1.73
2012.11.12 11:15:09.238,1.55812,1.55845,1.73,1.73
2012.11.12 11:15:09.492,1.55812,1.55845,1.73,1.73
2012.11.12 11:15:10.126,1.55812,1.55845,1.73,1.73
2012.11.12 11:15:11.594,1.55812,1.55845,1.73,1.73
2012.11.12 11:15:14.134,1.55812,1.55845,1.73,1.73
2012.11.12 11:15:14.504,1.55812,1.55845,1.73,1.73
2012.11.12 11:15:17.293,1.55812,1.55845,1.73,1.73
2012.11.12 11:15:21.423,1.5582,1.55852,1.73,2.34
2012.11.12 11:15:22.563,1.55819,1.55846,1.50,1.61
2012.11.12 11:15:22.683,1.55819,1.5585,1.73,1.73
2012.11.12 11:15:22.743,1.55819,1.5585,1.73,1.73
2012.11.12 11:15:22.803,1.55819,1.5585,1.50,1.73
2012.11.12 11:15:25.022,1.55811,1.55844,1.73,1.73
2012.11.12 11:15:25.322,1.55811,1.55844,1.73,1.73
2012.11.12 11:15:25.652,1.55811,1.55844,1.73,1.73
2012.11.12 11:15:26.098,1.55811,1.55844,1.73,1.73
2012.11.12 11:15:26.402,1.55818,1.55846,1.50,1.29
2012.11.12 11:15:26.522,1.55812,1.55844,1.73,1.73
2012.11.12 11:15:26.702,1.55812,1.55844,1.73,1.73
2012.11.12 11:15:27.103,1.55812,1.55844,1.73,1.73
2012.11.12 11:15:29.269,1.55812,1.55845,1.73,1.73
2012.11.12 11:15:30.334,1.55818,1.55843,1.50,1.27
2012.11.12 11:15:30.594,1.55809,1.55842,1.73,1.73
2012.11.12 11:15:30.793,1.55809,1.55842,1.73,1.73
2012.11.12 11:15:31.313,1.55812,1.55842,1.73,1.73
2012.11.12 11:15:31.494,1.55819,1.55851,1.73,1.73
2012.11.12 11:15:32.003,1.55819,1.55851,1.73,1.73
2012.11.12 11:15:32.123,1.55826,1.55855,1.50,2.70
2012.11.12 11:15:33.024,1.55826,1.55857,1.50,1.47
2012.11.12 11:15:33.633,1.55818,1.5585,1.73,1.73
2012.11.12 11:15:33.693,1.55818,1.5585,1.73,1.73
2012.11.12 11:15:34.120,1.55825,1.55857,1.73,2.20
2012.11.12 11:15:34.242,1.55825,1.55857,1.73,1.73
2012.11.12 11:15:35.993,1.55825,1.55857,1.73,1.73
2012.11.12 11:15:36.412,1.55825,1.55857,1.73,1.73
2012.11.12 11:15:37.822,1.55827,1.55857,1.63,1.50
2012.11.12 11:15:42.536,1.55827,1.55857,1.63,1.50
2012.11.12 11:15:43.123,1.55824,1.55855,1.36,1.50
2012.11.12 11:15:43.242,1.5582,1.55852,1.52,1.50
2012.11.12 11:15:44.663,1.55821,1.55853,1.52,1.50
2012.11.12 11:15:44.794,1.55826,1.55859,1.73,1.73
2012.11.12 11:15:45.343,1.55826,1.55859,1.73,1.73
2012.11.12 11:15:45.912,1.55826,1.55859,1.73,1.73
2012.11.12 11:15:46.563,1.55826,1.55859,1.73,1.73
2012.11.12 11:15:46.882,1.55826,1.55859,2.11,1.73
2012.11.12 11:15:47.062,1.55826,1.55859,2.11,1.73
2012.11.12 11:15:47.326,1.55826,1.55859,1.73,1.73
2012.11.12 11:15:47.883,1.55826,1.55859,1.65,1.73
2012.11.12 11:15:48.282,1.55826,1.55859,1.65,1.73
2012.11.12 11:15:48.702,1.55826,1.55859,1.73,1.73
2012.11.12 11:15:51.104,1.55826,1.55859,1.73,1.73
2012.11.12 11:15:51.685,1.55826,1.55859,2.08,1.50
2012.11.12 11:15:52.902,1.55826,1.55859,2.08,1.50
2012.11.12 11:15:52.962,1.55826,1.55859,1.73,1.73
2012.11.12 11:15:53.472,1.55827,1.55859,1.48,1.73
2012.11.12 11:15:53.992,1.55826,1.55859,2.12,1.73
2012.11.12 11:15:55.736,1.55826,1.55859,2.12,1.73
2012.11.12 11:15:57.133,1.55826,1.55859,2.12,1.73
2012.11.12 11:15:57.252,1.55826,1.55859,2.12,1.73
2012.11.12 11:15:59.443,1.55826,1.55855,1.37,1.50
2012.11.12 11:15:59.576,1.5582,1.55854,1.41,1.73
2012.11.12 11:15:59.922,1.55819,1.55853,1.28,1.73
2012.11.12 11:16:01.453,1.55818,1.55853,1.73,1.73
2012.11.12 11:16:05.974,1.5582,1.55854,1.37,1.50
2012.11.12 11:16:06.154,1.55824,1.55857,1.37,2.25
2012.11.12 11:16:06.995,1.55828,1.55861,1.73,1.73
2012.11.12 11:16:07.342,1.55828,1.55861,1.73,1.73
2012.11.12 11:16:07.582,1.55828,1.55861,1.73,1.73
2012.11.12 11:16:07.904,1.55828,1.55861,1.73,1.73
2012.11.12 11:16:08.023,1.55828,1.55861,1.73,1.73
2012.11.12 11:16:08.142,1.55828,1.55863,1.73,1.73
2012.11.12 11:16:09.363,1.55836,1.55865,1.50,1.43
2012.11.12 11:16:18.843,1.55829,1.55861,1.73,1.73
2012.11.12 11:16:26.313,1.55829,1.55862,1.73,1.73
2012.11.12 11:16:27.153,1.55837,1.55867,1.50,1.47
2012.11.12 11:16:27.662,1.55837,1.55866,1.50,1.61
2012.11.12 11:16:27.722,1.55837,1.55869,1.50,1.73
2012.11.12 11:16:28.253,1.55837,1.55866,1.50,1.43
2012.11.12 11:16:28.937,1.55837,1.55869,1.50,1.73
2012.11.12 11:16:29.064,1.55837,1.55869,1.73,1.73
2012.11.12 11:16:29.408,1.55837,1.55869,1.73,2.36
2012.11.12 11:16:30.077,1.5583,1.55863,1.73,1.73
2012.11.12 11:16:31.214,1.55831,1.55865,1.73,1.73
2012.11.12 11:16:31.514,1.55842,1.55872,1.50,1.23
2012.11.12 11:16:32.013,1.55833,1.55867,1.73,1.73
2012.11.12 11:16:35.203,1.55833,1.55867,1.73,1.73
2012.11.12 11:16:37.332,1.55833,1.55867,1.73,1.73
2012.11.12 11:16:38.065,1.55833,1.55867,1.73,1.73
2012.11.12 11:16:40.993,1.55833,1.55867,1.73,1.73
2012.11.12 11:16:41.243,1.55828,1.55859,1.73,1.73
2012.11.12 11:16:41.364,1.55828,1.55861,1.73,2.48
2012.11.12 11:16:42.031,1.55835,1.55867,1.73,1.73
2012.11.12 11:16:49.774,1.55835,1.55867,1.73,1.73
2012.11.12 11:16:52.213,1.55835,1.55867,1.73,1.73
2012.11.12 11:16:52.814,1.55841,1.55874,1.73,1.73
2012.11.12 11:16:54.035,1.55841,1.55874,1.73,1.73
2012.11.12 11:16:54.369,1.55841,1.55874,1.73,1.73
2012.11.12 11:16:54.968,1.55841,1.55874,1.73,1.73
2012.11.12 11:16:55.272,1.55841,1.55874,1.50,2.20
2012.11.12 11:16:55.333,1.55841,1.55874,1.65,1.73
2012.11.12 11:16:55.844,1.55841,1.55874,1.65,1.73
2012.11.12 11:16:55.983,1.55841,1.55874,1.65,1.73
2012.11.12 11:17:05.015,1.55841,1.55874,1.73,1.73
2012.11.12 11:17:05.134,1.55841,1.55874,1.73,1.73
2012.11.12 11:17:05.373,1.55841,1.55874,1.73,1.73
2012.11.12 11:17:07.883,1.55841,1.55874,1.73,1.73
2012.11.12 11:17:08.684,1.55848,1.5588,1.73,1.73
2012.11.12 11:17:09.203,1.55848,1.5588,1.73,1.73
2012.11.12 11:17:15.192,1.55848,1.5588,1.73,1.73
2012.11.12 11:17:15.372,1.55848,1.5588,1.73,1.73
2012.11.12 11:17:26.382,1.55848,1.5588,1.73,1.73
2012.11.12 11:17:26.502,1.55848,1.5588,1.73,1.73
2012.11.12 11:17:29.603,1.55846,1.5588,1.73,1.73
2012.11.12 11:17:31.986,1.55843,1.55872,1.73,1.73
2012.11.12 11:17:32.046,1.55841,1.55872,1.73,1.73
2012.11.12 11:17:32.972,1.55841,1.55874,1.73,1.73
2012.11.12 11:17:33.033,1.55842,1.55874,1.29,1.50
2012.11.12 11:17:33.705,1.55848,1.5588,1.73,1.73
2012.11.12 11:17:33.942,1.55848,1.5588,1.73,1.73
2012.11.12 11:17:34.182,1.55848,1.5588,1.73,1.73
2012.11.12 11:17:34.251,1.55848,1.5588,1.73,1.73
2012.11.12 11:17:35.704,1.55848,1.5588,1.73,1.73
2012.11.12 11:17:36.693,1.55841,1.55871,1.58,1.50
2012.11.12 11:17:36.813,1.55839,1.55871,1.73,1.73
2012.11.12 11:17:37.312,1.55839,1.55873,1.73,1.73
2012.11.12 11:17:37.442,1.55839,1.55873,1.98,1.73
2012.11.12 11:17:37.793,1.55853,1.55883,1.50,3.66
2012.11.12 11:17:37.913,1.55853,1.55885,1.73,1.73
2012.11.12 11:17:40.753,1.55853,1.55882,1.73,2.10
2012.11.12 11:17:40.873,1.55847,1.55879,1.73,1.73
2012.11.12 11:17:40.994,1.55847,1.55879,1.73,1.73
2012.11.12 11:17:41.361,1.55847,1.55879,1.73,1.73
2012.11.12 11:17:41.543,1.55847,1.55879,1.65,1.73
2012.11.12 11:17:43.143,1.55848,1.5588,1.73,1.73
2012.11.12 11:17:43.442,1.55854,1.55886,1.73,1.73
2012.11.12 11:17:44.144,1.55854,1.55886,1.73,1.73
2012.11.12 11:17:44.527,1.55848,1.55878,1.25,1.50
2012.11.12 11:17:44.670,1.55846,1.55878,1.73,1.73
2012.11.12 11:17:44.806,1.55846,1.55878,1.73,1.73
2012.11.12 11:17:52.093,1.55846,1.55878,1.73,1.73
2012.11.12 11:17:53.905,1.55846,1.55878,1.73,1.73
2012.11.12 11:17:54.263,1.55858,1.55887,1.50,1.50
2012.11.12 11:17:54.922,1.55861,1.5589,1.73,1.50
2012.11.12 11:17:55.799,1.55861,1.55893,1.73,1.73
2012.11.12 11:17:57.733,1.55861,1.55893,1.73,1.73
2012.11.12 11:17:58.723,1.55861,1.55893,1.73,1.73
2012.11.12 11:17:58.963,1.55861,1.55893,1.73,1.73
2012.11.12 11:18:00.777,1.55861,1.55893,1.73,1.73
2012.11.12 11:18:01.025,1.55861,1.55893,1.73,3.83
2012.11.12 11:18:01.262,1.55861,1.55893,1.73,1.73
2012.11.12 11:18:04.063,1.55861,1.55885,1.73,1.73
2012.11.12 11:18:04.242,1.55851,1.55885,1.50,1.56
2012.11.12 11:18:04.303,1.55843,1.55877,1.73,1.73
2012.11.12 11:18:04.424,1.55844,1.55876,1.35,1.73
2012.11.12 11:18:04.603,1.55851,1.55876,1.35,1.73
2012.11.12 11:18:04.929,1.55866,1.55881,1.35,1.54
2012.11.12 11:18:05.066,1.55878,1.5591,1.26,1.65
2012.11.12 11:18:05.245,1.55873,1.5591,1.50,1.41
2012.11.12 11:18:05.305,1.55875,1.55912,1.50,1.73
2012.11.12 11:18:05.425,1.55882,1.55912,1.26,1.50
2012.11.12 11:18:05.742,1.55882,1.55912,1.34,1.50
2012.11.12 11:18:06.454,1.55882,1.55914,1.34,1.50
2012.11.12 11:18:07.683,1.55887,1.55921,1.73,1.73
2012.11.12 11:18:07.743,1.55888,1.55921,1.17,1.73
2012.11.12 11:18:08.202,1.55887,1.55921,1.73,2.48
2012.11.12 11:18:11.142,1.55887,1.5592,1.73,1.73
2012.11.12 11:18:11.654,1.55887,1.5592,1.73,1.73
2012.11.12 11:18:11.773,1.55887,1.5592,1.73,1.73
2012.11.12 11:18:11.893,1.55887,1.5592,1.73,1.73
2012.11.12 11:18:12.394,1.55887,1.55914,1.73,1.73
2012.11.12 11:18:12.461,1.55878,1.55909,1.25,1.50
2012.11.12 11:18:12.584,1.55884,1.55915,1.73,1.73
2012.11.12 11:18:16.115,1.55884,1.55914,1.50,2.03
2012.11.12 11:18:16.173,1.55877,1.55909,1.73,1.73
2012.11.12 11:18:20.413,1.55877,1.5591,1.73,2.48
2012.11.12 11:18:20.593,1.55878,1.5591,1.24,1.50
2012.11.12 11:18:21.096,1.55884,1.55918,1.73,1.73
2012.11.12 11:18:24.774,1.55891,1.55923,1.41,1.50
2012.11.12 11:18:24.893,1.55889,1.55923,1.73,1.73
2012.11.12 11:18:25.403,1.55889,1.55923,1.73,1.73
2012.11.12 11:18:25.524,1.55889,1.55914,1.73,1.95
2012.11.12 11:18:25.647,1.55882,1.55912,1.50,2.33
2012.11.12 11:18:25.773,1.55882,1.55914,1.73,1.73
2012.11.12 11:18:25.862,1.55882,1.55913,1.50,1.27
2012.11.12 11:18:26.094,1.55882,1.55914,1.73,1.73
2012.11.12 11:18:26.152,1.55882,1.55914,1.73,1.73
2012.11.12 11:18:26.710,1.55882,1.55914,1.73,1.73
2012.11.12 11:18:28.305,1.55885,1.55914,1.50,1.73
2012.11.12 11:18:28.446,1.55884,1.55917,1.73,1.73
2012.11.12 11:18:28.504,1.55884,1.55917,1.73,1.73
2012.11.12 11:18:28.745,1.55884,1.55917,1.73,3.83
2012.11.12 11:18:28.864,1.55884,1.55917,1.73,1.73
2012.11.12 11:18:28.923,1.55884,1.55917,1.73,1.73
2012.11.12 11:18:29.284,1.55885,1.55917,1.73,2.93
2012.11.12 11:18:30.953,1.55885,1.55918,1.73,3.51
2012.11.12 11:18:32.322,1.55885,1.55918,1.73,1.73
2012.11.12 11:18:32.693,1.55885,1.55918,1.73,1.73
2012.11.12 11:18:33.462,1.55885,1.55918,1.73,1.73
2012.11.12 11:18:34.123,1.55885,1.55918,1.73,1.73
2012.11.12 11:18:34.303,1.55885,1.55917,1.73,1.73
2012.11.12 11:18:34.683,1.55885,1.55918,1.73,1.73
2012.11.12 11:18:35.443,1.55885,1.55918,1.73,1.73
2012.11.12 11:18:38.413,1.55885,1.55916,1.50,1.61
2012.11.12 11:18:38.472,1.55885,1.55913,1.50,2.55
2012.11.12 11:18:38.592,1.55885,1.55916,1.50,1.61
2012.11.12 11:18:38.772,1.55885,1.55918,1.73,1.73
2012.11.12 11:18:41.472,1.55885,1.55918,1.73,1.73
2012.11.12 11:18:41.713,1.55885,1.55916,1.73,2.85
2012.11.12 11:18:41.832,1.55885,1.55916,1.73,2.85
2012.11.12 11:18:42.013,1.55885,1.55914,1.73,2.48
2012.11.12 11:18:43.673,1.55885,1.55912,1.50,3.00
2012.11.12 11:18:46.973,1.55885,1.55916,1.50,1.38
2012.11.12 11:18:47.092,1.55885,1.55918,1.73,1.73
2012.11.12 11:18:49.292,1.55884,1.55916,1.73,1.73
2012.11.12 11:18:50.242,1.55884,1.55916,1.73,1.73
2012.11.12 11:18:50.594,1.55875,1.55907,1.20,2.25
2012.11.12 11:18:50.923,1.5588,1.55911,1.73,1.73
2012.11.12 11:18:52.464,1.5588,1.55911,1.73,1.73
2012.11.12 11:18:53.363,1.5588,1.55911,1.73,1.73
2012.11.12 11:18:53.543,1.55871,1.55909,1.73,1.25
2012.11.12 11:18:56.164,1.55871,1.55912,1.73,1.45
2012.11.12 11:18:56.499,1.55873,1.55915,1.40,1.38
2012.11.12 11:19:01.505,1.55876,1.55921,1.19,2.34
2012.11.12 11:19:01.833,1.55874,1.55915,1.73,1.27
2012.11.12 11:19:03.724,1.55874,1.55919,1.56,1.56
2012.11.12 11:19:03.784,1.55874,1.55916,1.56,1.80
2012.11.12 11:19:05.972,1.55868,1.55914,1.41,1.73
2012.11.12 11:19:06.324,1.55868,1.55914,1.56,1.73
2012.11.12 11:19:08.220,1.55869,1.55913,1.23,1.54
2012.11.12 11:19:11.323,1.55866,1.55909,1.36,1.32
2012.11.12 11:19:11.443,1.55868,1.55913,1.27,1.36
2012.11.12 11:19:11.803,1.55873,1.55915,1.50,1.23
2012.11.12 11:19:13.014,1.5587,1.55915,1.96,1.73
2012.11.12 11:19:13.765,1.55873,1.55922,2.07,1.73
2012.11.12 11:19:16.244,1.55873,1.55921,1.32,2.78
2012.11.12 11:19:16.363,1.55873,1.55922,1.32,1.92
2012.11.12 11:19:16.423,1.55873,1.55915,1.29,1.56
2012.11.12 11:19:16.543,1.55873,1.55918,1.34,1.59
2012.11.12 11:19:18.964,1.55873,1.55915,1.61,1.63
2012.11.12 11:19:34.463,1.55872,1.55914,2.21,2.55
2012.11.12 11:19:34.522,1.55872,1.55913,1.58,1.20
2012.11.12 11:19:36.203,1.5588,1.55913,1.35,1.20
2012.11.12 11:19:36.503,1.55872,1.55916,1.21,1.27
2012.11.12 11:19:36.803,1.55881,1.55916,1.13,1.27
2012.11.12 11:19:36.986,1.5587,1.55916,1.51,1.27
2012.11.12 11:19:37.104,1.5587,1.55919,1.62,1.73
2012.11.12 11:19:37.464,1.55863,1.55897,1.45,1.50
2012.11.12 11:19:37.854,1.55863,1.55897,1.45,1.50
2012.11.12 11:19:37.912,1.55862,1.55897,1.73,2.13
2012.11.12 11:19:37.972,1.55863,1.55896,1.73,1.73
2012.11.12 11:19:38.283,1.55863,1.55897,1.73,2.48
2012.11.12 11:19:38.463,1.55863,1.55897,1.73,2.48
2012.11.12 11:19:39.003,1.55863,1.55895,1.73,1.50
2012.11.12 11:19:39.532,1.55863,1.55897,1.73,2.48
2012.11.12 11:19:40.052,1.55863,1.55897,1.98,2.48
2012.11.12 11:19:41.228,1.55863,1.55895,1.73,1.73
2012.11.12 11:19:57.373,1.55859,1.55895,1.52,1.73
2012.11.12 11:19:57.893,1.55855,1.5589,1.73,1.73
2012.11.12 11:20:08.404,1.55862,1.55894,1.73,1.73
2012.11.12 11:20:08.524,1.55862,1.55894,1.73,1.73
2012.11.12 11:20:08.645,1.55855,1.55888,1.73,2.48
2012.11.12 11:20:13.262,1.55855,1.55887,1.73,1.73
2012.11.12 11:20:13.591,1.55855,1.55887,1.73,1.50
2012.11.12 11:20:13.884,1.55855,1.55887,1.73,1.73
2012.11.12 11:20:21.713,1.55855,1.55887,1.73,1.73
2012.11.12 11:20:22.144,1.55855,1.55887,1.50,1.73
2012.11.12 11:20:22.265,1.55855,1.55887,1.73,1.73
2012.11.12 11:20:32.603,1.55851,1.55884,1.73,1.73
2012.11.12 11:20:39.823,1.55851,1.55883,1.73,1.50
2012.11.12 11:20:40.143,1.55851,1.55883,1.73,1.73
2012.11.12 11:20:41.488,1.55851,1.55883,1.73,1.50
2012.11.12 11:20:41.557,1.55851,1.55884,1.73,1.73
2012.11.12 11:20:42.733,1.55851,1.55884,1.73,1.73
2012.11.12 11:20:43.334,1.55851,1.55883,1.50,1.73
2012.11.12 11:20:45.764,1.55851,1.55883,1.73,1.73
2012.11.12 11:20:46.279,1.55846,1.5588,1.25,1.73
2012.11.12 11:21:05.383,1.55845,1.5588,1.63,1.73
2012.11.12 11:21:06.004,1.55847,1.55878,1.73,1.50
2012.11.12 11:21:06.124,1.55847,1.55878,1.73,1.73
2012.11.12 11:21:13.174,1.55839,1.55874,1.20,1.73
2012.11.12 11:21:13.233,1.55839,1.55872,1.20,1.50
2012.11.12 11:21:13.353,1.55838,1.55872,1.73,1.73
2012.11.12 11:21:14.256,1.55838,1.55872,1.73,1.73
2012.11.12 11:21:21.307,1.55838,1.55872,1.73,1.73
2012.11.12 11:21:21.753,1.55838,1.55872,1.73,1.73
2012.11.12 11:21:23.070,1.55838,1.55872,1.73,1.73
2012.11.12 11:21:23.313,1.55838,1.55872,1.73,1.73
2012.11.12 11:21:23.503,1.55838,1.55872,1.73,1.73
2012.11.12 11:21:23.878,1.55838,1.55872,1.73,1.73
2012.11.12 11:21:30.033,1.55838,1.55872,1.73,1.73
2012.11.12 11:21:32.304,1.55838,1.55874,1.73,1.73
2012.11.12 11:21:34.213,1.55833,1.55869,1.73,1.73
2012.11.12 11:21:35.793,1.55833,1.55869,1.73,2.04
2012.11.12 11:21:37.893,1.55833,1.55869,1.73,1.73
2012.11.12 11:21:38.543,1.55833,1.55869,1.73,1.73
2012.11.12 11:21:42.334,1.55833,1.55872,1.73,1.73
2012.11.12 11:21:42.513,1.5584,1.55875,1.73,1.73
2012.11.12 11:21:43.863,1.55836,1.55872,1.73,1.73
2012.11.12 11:21:48.324,1.55836,1.55868,1.45,1.50
2012.11.12 11:21:51.742,1.55838,1.55873,1.45,1.92
2012.11.12 11:21:51.803,1.55841,1.55873,1.73,1.17
2012.11.12 11:21:53.714,1.55841,1.55873,1.73,1.17
2012.11.12 11:21:54.313,1.55841,1.55873,1.73,1.73
2012.11.12 11:21:55.784,1.55834,1.55868,2.00,1.73
2012.11.12 11:22:03.603,1.5584,1.55873,1.73,1.17
2012.11.12 11:22:03.663,1.5584,1.55873,1.73,1.17
2012.11.12 11:22:06.543,1.5584,1.55875,1.73,2.63
2012.11.12 11:22:07.973,1.5584,1.55874,1.73,1.17
2012.11.12 11:22:12.484,1.55835,1.55868,1.47,1.50
2012.11.12 11:22:12.725,1.55835,1.55868,1.45,2.48
2012.11.12 11:22:12.914,1.55832,1.55868,2.34,2.48
2012.11.12 11:22:13.478,1.55839,1.55869,1.73,1.17
2012.11.12 11:22:15.055,1.55841,1.55872,1.45,1.13
2012.11.12 11:22:15.263,1.55839,1.55872,1.73,1.36
2012.11.12 11:22:16.223,1.55839,1.55872,2.25,1.49
2012.11.12 11:22:16.590,1.55847,1.55883,1.45,1.73
2012.11.12 11:22:16.655,1.55847,1.55883,2.20,1.73
2012.11.12 11:22:16.715,1.55847,1.55881,2.20,1.17
2012.11.12 11:22:16.839,1.55847,1.55883,2.20,1.73
2012.11.12 11:22:24.519,1.5585,1.55883,2.36,1.50
2012.11.12 11:22:24.591,1.55853,1.55883,1.34,2.25
2012.11.12 11:22:24.655,1.55847,1.55882,1.73,1.73
2012.11.12 11:22:25.147,1.55844,1.5588,1.73,1.73
2012.11.12 11:22:25.346,1.55843,1.55877,1.73,1.73
2012.11.12 11:22:28.874,1.55843,1.55876,1.73,1.73
2012.11.12 11:22:29.206,1.55843,1.55877,1.73,1.73
2012.11.12 11:22:36.693,1.55843,1.55877,1.73,2.26
2012.11.12 11:22:37.233,1.55843,1.55876,1.73,2.34
2012.11.12 11:22:39.902,1.55843,1.55876,1.73,1.73
2012.11.12 11:22:40.083,1.55835,1.5587,1.13,1.73
2012.11.12 11:22:42.163,1.55834,1.5587,1.73,1.73
2012.11.12 11:22:49.153,1.55834,1.5587,2.09,1.73
2012.11.12 11:23:00.305,1.55834,1.55867,1.34,2.25
2012.11.12 11:23:00.967,1.55831,1.55863,1.34,1.50
2012.11.12 11:23:09.006,1.55836,1.55872,1.41,1.69
2012.11.12 11:23:09.065,1.55839,1.55872,1.41,1.69
2012.11.12 11:23:09.124,1.55838,1.55872,1.56,1.92
2012.11.12 11:23:09.363,1.55839,1.55872,1.45,1.69
2012.11.12 11:23:09.483,1.55839,1.55872,1.38,1.69
2012.11.12 11:23:09.562,1.55838,1.55872,1.38,1.92
2012.11.12 11:23:11.243,1.55836,1.55869,1.73,1.73
2012.11.12 11:23:11.483,1.55828,1.55863,1.73,2.09
2012.11.12 11:23:11.843,1.55828,1.5586,1.98,1.50
2012.11.12 11:23:12.348,1.55828,1.55863,1.98,2.48
2012.11.12 11:23:12.693,1.55831,1.55863,1.34,2.48
2012.11.12 11:23:21.493,1.55828,1.55863,1.73,1.98
2012.11.12 11:23:22.743,1.55828,1.55863,1.73,1.73
2012.11.12 11:23:25.473,1.55836,1.55864,1.50,1.17
2012.11.12 11:23:30.794,1.55825,1.5586,1.73,1.73
2012.11.12 11:23:31.493,1.55825,1.55858,1.73,1.73
2012.11.12 11:23:31.779,1.55825,1.55858,1.73,1.73
2012.11.12 11:23:39.854,1.55825,1.55858,1.50,2.38
2012.11.12 11:23:40.909,1.55825,1.55857,1.50,1.59
2012.11.12 11:23:43.878,1.55825,1.55858,1.50,2.20
2012.11.12 11:23:46.223,1.55825,1.5586,1.73,2.48
2012.11.12 11:23:47.206,1.55825,1.55858,1.73,1.73
2012.11.12 11:23:47.993,1.55827,1.5586,1.38,1.73
2012.11.12 11:23:48.968,1.55826,1.5586,1.43,1.73
2012.11.12 11:23:50.414,1.55825,1.5586,1.73,2.48
2012.11.12 11:23:55.174,1.55825,1.55858,1.73,1.73
2012.11.12 11:23:55.294,1.5582,1.55849,1.73,1.73
2012.11.12 11:23:55.354,1.55818,1.55849,1.73,1.73
2012.11.12 11:23:56.194,1.55821,1.55851,1.23,1.50
2012.11.12 11:23:56.554,1.55832,1.55864,1.73,1.73
2012.11.12 11:23:56.734,1.55835,1.55865,2.25,1.20
2012.11.12 11:23:56.913,1.55839,1.55873,1.73,1.73
2012.11.12 11:23:56.973,1.55829,1.55862,1.41,1.50
2012.11.12 11:23:57.214,1.55836,1.55866,1.56,1.50
2012.11.12 11:23:57.274,1.55833,1.55866,1.73,1.73
2012.11.12 11:23:58.263,1.55836,1.55868,1.95,1.73
2012.11.12 11:23:58.383,1.55842,1.55874,1.73,1.73
2012.11.12 11:24:05.623,1.55836,1.5587,1.20,1.73
2012.11.12 11:24:20.791,1.55838,1.5587,1.50,1.65
2012.11.12 11:24:24.703,1.55835,1.5587,1.73,1.73
2012.11.12 11:24:31.483,1.55836,1.55871,1.41,1.73
2012.11.12 11:24:31.604,1.55835,1.55871,1.73,1.73
2012.11.12 11:24:31.724,1.55835,1.55871,1.73,1.73
2012.11.12 11:24:32.543,1.55835,1.55869,1.73,1.73
2012.11.12 11:24:36.353,1.55835,1.55869,1.73,1.73
2012.11.12 11:24:37.103,1.55835,1.55869,1.73,1.73
2012.11.12 11:24:37.433,1.55835,1.55869,1.73,1.73
2012.11.12 11:24:37.973,1.55832,1.55863,1.34,2.25
2012.11.12 11:24:40.664,1.55836,1.55869,1.73,1.73
2012.11.12 11:24:40.723,1.55836,1.55869,1.73,1.73
2012.11.12 11:24:40.843,1.55836,1.55869,1.73,1.73
2012.11.12 11:24:40.964,1.55838,1.55869,1.47,1.50
2012.11.12 11:24:41.743,1.55837,1.5587,1.50,1.17
2012.11.12 11:24:42.273,1.55836,1.55869,1.73,1.73
2012.11.12 11:24:48.533,1.55838,1.55869,1.38,1.17
2012.11.12 11:24:48.773,1.55836,1.55868,1.73,1.17
2012.11.12 11:25:00.185,1.55836,1.55867,1.50,1.17
2012.11.12 11:25:00.723,1.55836,1.55869,1.32,1.13
2012.11.12 11:25:01.275,1.55842,1.55873,1.32,1.13
2012.11.12 11:25:01.793,1.55843,1.55875,1.45,1.50
2012.11.12 11:25:03.503,1.55848,1.55881,1.73,1.73
2012.11.12 11:25:10.278,1.55848,1.55881,2.22,1.73
2012.11.12 11:25:12.845,1.55848,1.55881,1.73,1.73
2012.11.12 11:25:15.443,1.55848,1.55881,1.73,1.73
2012.11.12 11:25:22.773,1.55848,1.5588,1.73,1.25
2012.11.12 11:25:23.333,1.55841,1.55874,1.73,1.73
2012.11.12 11:25:27.674,1.55841,1.55873,1.73,1.17
2012.11.12 11:25:28.444,1.55841,1.55873,1.73,1.36
2012.11.12 11:25:33.725,1.55836,1.55873,1.73,1.36
2012.11.12 11:25:34.084,1.55842,1.55873,1.52,1.88
2012.11.12 11:25:34.143,1.55842,1.55873,1.52,1.13
2012.11.12 11:25:46.707,1.55847,1.55879,2.25,1.13
2012.11.12 11:25:47.084,1.55847,1.5588,2.25,1.13
2012.11.12 11:25:48.804,1.55847,1.5588,1.50,1.13
2012.11.12 11:25:48.935,1.55843,1.55875,1.23,1.50
2012.11.12 11:25:50.634,1.55846,1.5588,1.73,1.17
2012.11.12 11:25:50.754,1.55848,1.5588,1.34,1.17
2012.11.12 11:25:53.274,1.55848,1.55881,1.61,1.13
2012.11.12 11:25:56.183,1.55848,1.55881,1.61,1.13
2012.11.12 11:25:56.633,1.55857,1.55887,1.43,1.13
2012.11.12 11:25:57.594,1.55857,1.5589,1.43,1.92
2012.11.12 11:25:57.653,1.55857,1.5589,1.43,1.73
2012.11.12 11:25:57.773,1.55857,1.5589,1.43,1.92
2012.11.12 11:26:01.465,1.55854,1.55887,1.73,1.36
2012.11.12 11:26:01.983,1.55854,1.55887,1.73,1.36
2012.11.12 11:26:02.223,1.55854,1.5589,1.73,1.73
2012.11.12 11:26:02.422,1.55853,1.55887,1.45,1.73
2012.11.12 11:26:02.774,1.55849,1.55882,2.20,1.50
2012.11.12 11:26:04.333,1.55853,1.55887,1.45,1.73
2012.11.12 11:26:04.393,1.55854,1.5589,1.73,1.73
2012.11.12 11:26:24.866,1.55859,1.55892,1.73,1.73
2012.11.12 11:26:31.146,1.55859,1.55892,1.73,1.73
2012.11.12 11:26:41.809,1.55859,1.55892,1.73,2.48
2012.11.12 11:26:43.157,1.55859,1.55892,1.73,1.73
2012.11.12 11:26:46.765,1.55857,1.55891,1.52,1.73
2012.11.12 11:26:49.704,1.55866,1.55898,1.73,1.26
2012.11.12 11:26:49.884,1.55866,1.55899,1.73,1.36
2012.11.12 11:26:50.003,1.55866,1.55899,1.73,1.36
2012.11.12 11:26:50.554,1.55866,1.55899,1.73,1.36
2012.11.12 11:26:52.254,1.55866,1.55899,1.73,1.36
2012.11.12 11:26:52.792,1.55866,1.55899,1.73,1.36
2012.11.12 11:26:52.856,1.55866,1.55899,1.73,1.36
2012.11.12 11:26:54.324,1.55866,1.55899,1.73,1.36
2012.11.12 11:26:54.444,1.55866,1.55899,1.73,1.36
2012.11.12 11:26:55.452,1.55866,1.55899,1.73,1.36
2012.11.12 11:26:57.504,1.55866,1.55899,1.73,1.36
2012.11.12 11:27:06.873,1.55866,1.55899,1.73,1.36
2012.11.12 11:27:06.947,1.55866,1.55899,1.73,1.36
2012.11.12 11:27:07.854,1.55866,1.55899,1.73,1.36
2012.11.12 11:27:07.974,1.55866,1.55899,1.73,1.36
2012.11.12 11:27:09.974,1.55865,1.55898,1.32,1.92
2012.11.12 11:27:10.213,1.55865,1.55898,1.32,1.73
2012.11.12 11:27:13.136,1.55863,1.55898,1.73,1.73
2012.11.12 11:27:27.745,1.55863,1.55896,1.50,3.09
2012.11.12 11:27:27.863,1.55857,1.55889,1.73,1.73
2012.11.12 11:27:27.984,1.55851,1.55883,1.73,1.41
2012.11.12 11:27:28.104,1.55843,1.55879,1.73,1.73
2012.11.12 11:27:32.793,1.55843,1.55879,1.73,2.09
2012.11.12 11:27:32.935,1.55843,1.55879,1.73,1.73
2012.11.12 11:27:35.604,1.55851,1.55882,1.73,1.73
2012.11.12 11:27:36.144,1.55851,1.55884,1.73,1.73
2012.11.12 11:27:37.284,1.55851,1.55884,1.73,1.73
2012.11.12 11:27:54.554,1.55851,1.55884,1.73,1.73
2012.11.12 11:28:02.566,1.55851,1.55884,1.41,1.73
2012.11.12 11:28:13.074,1.55851,1.55884,1.27,2.10
2012.11.12 11:28:13.256,1.55842,1.55877,1.73,1.63
2012.11.12 11:28:13.616,1.55845,1.55878,1.25,1.50
2012.11.12 11:28:13.975,1.55849,1.55884,2.48,1.73
2012.11.12 11:28:14.274,1.55853,1.55888,2.27,1.17
2012.11.12 11:28:14.633,1.55852,1.55888,1.73,1.73
2012.11.12 11:28:18.823,1.55844,1.55877,1.43,1.50
2012.11.12 11:28:18.883,1.55843,1.55877,2.36,1.73
2012.11.12 11:28:24.454,1.55844,1.55881,1.73,1.17
2012.11.12 11:28:24.694,1.55853,1.55882,1.27,1.13
2012.11.12 11:28:26.438,1.55851,1.55884,1.73,1.73
2012.11.12 11:28:26.764,1.55847,1.55877,1.34,1.50
2012.11.12 11:28:30.374,1.55851,1.55886,1.73,1.73
2012.11.12 11:28:30.433,1.55853,1.55886,1.34,1.73
2012.11.12 11:28:31.094,1.55851,1.55886,2.48,1.73
2012.11.12 11:28:31.213,1.55853,1.55886,1.36,1.50
2012.11.12 11:28:31.724,1.55853,1.55886,1.20,1.73
2012.11.12 11:28:31.784,1.55851,1.55886,1.73,1.73
2012.11.12 11:28:32.474,1.55851,1.55886,1.73,1.73
2012.11.12 11:28:33.574,1.55851,1.55886,2.22,1.73
2012.11.12 11:28:35.003,1.55845,1.55878,1.47,1.50
2012.11.12 11:28:35.356,1.55844,1.55878,1.73,1.73
2012.11.12 11:28:35.483,1.55845,1.55878,1.52,1.73
2012.11.12 11:28:38.544,1.55847,1.55882,2.27,1.73
2012.11.12 11:28:38.904,1.55853,1.55884,1.27,1.50
2012.11.12 11:28:39.145,1.55853,1.55884,1.45,1.73
2012.11.12 11:28:39.265,1.55846,1.55878,1.45,1.50
2012.11.12 11:28:39.595,1.55851,1.55885,1.73,1.92
2012.11.12 11:28:39.716,1.55853,1.55885,1.23,1.92
2012.11.12 11:28:43.924,1.55853,1.55885,1.59,1.69
2012.11.12 11:28:44.574,1.55852,1.55885,1.47,1.92
2012.11.12 11:28:45.904,1.55851,1.55885,1.73,1.92
2012.11.12 11:28:46.454,1.55845,1.55877,1.47,1.73
2012.11.12 11:28:47.074,1.55844,1.55877,1.73,1.73
2012.11.12 11:28:47.434,1.55844,1.55877,1.73,1.73
2012.11.12 11:28:47.855,1.55844,1.55877,1.73,1.73
2012.11.12 11:29:07.634,1.5584,1.55877,1.73,1.73
2012.11.12 11:29:08.184,1.55839,1.55872,2.00,1.73
2012.11.12 11:29:14.914,1.55844,1.55878,1.73,1.73
2012.11.12 11:29:15.461,1.55844,1.5588,2.48,1.73
2012.11.12 11:29:16.194,1.55844,1.5588,1.73,1.73
2012.11.12 11:29:25.104,1.55844,1.5588,1.73,1.73
2012.11.12 11:29:25.224,1.55838,1.55871,1.73,1.73
2012.11.12 11:29:31.816,1.55841,1.55871,2.33,1.73
2012.11.12 11:29:31.934,1.55854,1.55889,1.73,1.73
2012.11.12 11:29:32.235,1.55852,1.55889,1.73,1.73
2012.11.12 11:29:32.793,1.55849,1.55882,2.22,1.50
2012.11.12 11:29:33.397,1.5585,1.55882,1.27,1.73
2012.11.12 11:29:48.654,1.55854,1.55882,1.59,1.50
2012.11.12 11:29:48.924,1.55857,1.55889,1.73,1.73
2012.11.12 11:29:49.524,1.55857,1.55889,1.73,1.73
2012.11.12 11:29:49.854,1.5585,1.55882,1.54,1.73
2012.11.12 11:29:50.357,1.55849,1.55882,2.04,1.50
2012.11.12 11:29:50.575,1.55856,1.55889,1.73,1.73
2012.11.12 11:29:50.739,1.55856,1.55889,1.73,1.73
2012.11.12 11:29:52.353,1.55856,1.55889,1.73,1.73
2012.11.12 11:29:55.124,1.55854,1.55889,1.73,1.73
2012.11.12 11:29:55.475,1.5585,1.55882,2.22,1.73
2012.11.12 11:29:56.395,1.55853,1.5589,1.73,1.73
2012.11.12 11:29:56.454,1.55857,1.55892,1.73,1.73
2012.11.12 11:30:04.605,1.55853,1.5589,2.34,1.73
2012.11.12 11:30:04.845,1.55852,1.55885,1.73,1.73
2012.11.12 11:30:05.444,1.55858,1.55893,1.73,1.32
2012.11.12 11:30:07.350,1.55853,1.55893,2.48,1.32
2012.11.12 11:30:27.555,1.55851,1.55887,2.48,1.73
2012.11.12 11:30:38.803,1.55851,1.55882,2.09,1.50
2012.11.12 11:30:39.324,1.55849,1.55882,3.11,1.73
2012.11.12 11:30:39.445,1.55849,1.55882,2.48,1.73
2012.11.12 11:30:40.844,1.55849,1.55882,1.73,1.73
2012.11.12 11:30:41.727,1.55849,1.55882,1.73,1.73
2012.11.12 11:30:42.815,1.55849,1.55882,1.73,1.73
2012.11.12 11:30:44.426,1.55844,1.55876,1.73,1.50
2012.11.12 11:30:46.543,1.55842,1.55876,2.48,1.73
2012.11.12 11:30:46.953,1.55843,1.55876,1.59,1.50
2012.11.12 11:30:57.435,1.55847,1.55876,1.54,1.50
2012.11.12 11:30:57.553,1.5585,1.55884,1.73,1.73
2012.11.12 11:31:00.314,1.55852,1.55884,1.34,1.50
2012.11.12 11:31:00.434,1.5585,1.55884,1.73,1.73
2012.11.12 11:31:01.964,1.55855,1.55884,1.56,1.50
2012.11.12 11:31:02.774,1.55856,1.55889,1.56,1.50
2012.11.12 11:31:02.894,1.55856,1.55892,2.31,1.73
2012.11.12 11:31:04.684,1.55859,1.55892,1.29,1.50
2012.11.12 11:31:04.803,1.55859,1.55892,1.36,1.73
2012.11.12 11:31:10.159,1.55862,1.55892,1.29,1.50
2012.11.12 11:31:15.315,1.55859,1.55892,1.73,1.73
2012.11.12 11:31:20.209,1.55856,1.55883,1.47,1.50
2012.11.12 11:31:20.455,1.55852,1.55883,1.29,1.50
2012.11.12 11:31:20.814,1.5585,1.55883,2.27,1.50
2012.11.12 11:31:25.644,1.55849,1.55883,1.73,1.73
2012.11.12 11:31:26.184,1.55849,1.55882,1.73,1.50
2012.11.12 11:31:27.772,1.55849,1.55883,1.73,1.73
2012.11.12 11:31:49.324,1.5584,1.55879,3.04,1.73
2012.11.12 11:31:54.564,1.5584,1.55872,1.73,1.50
2012.11.12 11:32:00.515,1.55837,1.55871,1.73,1.54
2012.11.12 11:32:02.064,1.55832,1.55864,1.73,1.73
2012.11.12 11:32:04.156,1.5583,1.55864,2.48,1.73
2012.11.12 11:32:05.464,1.5583,1.55864,2.48,1.73
2012.11.12 11:32:12.724,1.5583,1.55862,1.50,1.27
2012.11.12 11:32:12.964,1.5583,1.55864,1.73,1.73
2012.11.12 11:32:24.634,1.5583,1.55863,2.27,1.50
2012.11.12 11:32:35.064,1.55829,1.55863,1.59,1.73
2012.11.12 11:32:37.188,1.5583,1.55863,1.38,1.50
2012.11.12 11:32:37.544,1.55843,1.55874,1.36,1.50
2012.11.12 11:32:37.629,1.55843,1.55876,1.36,1.50
2012.11.12 11:32:38.247,1.55843,1.55874,1.36,1.50
2012.11.12 11:32:38.583,1.55839,1.55868,1.27,1.50
2012.11.12 11:32:39.434,1.55841,1.55874,2.02,1.73
2012.11.12 11:32:47.825,1.55845,1.55874,1.32,1.50
2012.11.12 11:32:56.875,1.55845,1.55874,1.41,1.50
2012.11.12 11:32:57.511,1.55845,1.55874,1.27,1.50
2012.11.12 11:32:59.597,1.55845,1.55874,2.02,1.50
2012.11.12 11:33:02.454,1.55845,1.55876,1.73,1.50
2012.11.12 11:33:05.374,1.55845,1.55876,2.36,1.50
2012.11.12 11:33:09.158,1.55845,1.55876,2.27,1.50
2012.11.12 11:33:09.515,1.55844,1.55876,1.31,1.50
2012.11.12 11:33:09.575,1.55842,1.55877,2.48,2.02
2012.11.12 11:33:09.695,1.55842,1.55868,1.43,1.50
2012.11.12 11:33:14.124,1.55843,1.55875,1.43,1.50
2012.11.12 11:33:14.304,1.5585,1.55875,1.61,1.50
2012.11.12 11:33:17.055,1.55851,1.55882,1.61,1.50
2012.11.12 11:33:17.175,1.55852,1.55882,1.36,1.50
2012.11.12 11:33:21.347,1.55858,1.55892,1.73,1.73
2012.11.12 11:33:21.468,1.55859,1.55892,1.54,1.73
2012.11.12 11:33:21.825,1.55856,1.55884,1.54,1.50
2012.11.12 11:33:25.135,1.55853,1.55884,1.41,1.50
2012.11.12 11:33:28.937,1.55853,1.55884,1.63,1.50
2012.11.12 11:33:29.504,1.55852,1.55884,1.52,1.73
2012.11.12 11:33:37.505,1.55847,1.55879,1.52,1.50
2012.11.12 11:33:37.745,1.55845,1.55879,1.61,1.73
2012.11.12 11:33:38.297,1.55843,1.55879,3.00,1.73
2012.11.12 11:33:39.289,1.55845,1.55879,1.59,1.73
2012.11.12 11:33:40.064,1.55849,1.55879,1.56,1.50
2012.11.12 11:33:40.306,1.55846,1.55879,1.47,1.50
2012.11.12 11:33:40.674,1.55845,1.55879,1.29,1.73
2012.11.12 11:33:47.194,1.55843,1.55879,2.77,1.73
2012.11.12 11:33:47.267,1.55839,1.55871,1.73,1.73
2012.11.12 11:33:47.384,1.55843,1.55877,1.73,1.25
2012.11.12 11:33:47.685,1.55846,1.55879,1.73,1.73
2012.11.12 11:33:48.471,1.55844,1.55879,1.73,1.73
2012.11.12 11:33:51.155,1.55843,1.55876,2.25,1.73
2012.11.12 11:33:52.655,1.55843,1.55872,1.50,1.50
2012.11.12 11:34:03.250,1.5582,1.55851,1.73,1.73
2012.11.12 11:34:03.766,1.5582,1.55851,1.73,1.73
2012.11.12 11:34:04.245,1.5582,1.55853,2.27,1.50
2012.11.12 11:34:04.776,1.55821,1.55853,1.29,1.73
2012.11.12 11:34:05.578,1.55821,1.55855,2.04,2.48
2012.11.12 11:34:06.369,1.55821,1.55855,1.73,2.48
2012.11.12 11:34:07.315,1.55823,1.55854,1.56,1.50
2012.11.12 11:34:09.626,1.55823,1.55854,1.29,1.50
2012.11.12 11:34:11.164,1.55823,1.55853,1.29,1.50
2012.11.12 11:34:17.184,1.5583,1.55858,1.45,2.33
2012.11.12 11:34:17.244,1.5583,1.55859,1.45,1.50
2012.11.12 11:34:17.424,1.55828,1.55859,1.73,1.50
2012.11.12 11:34:21.036,1.55828,1.55859,1.73,1.50
2012.11.12 11:34:21.174,1.55828,1.55859,1.73,1.50
2012.11.12 11:34:31.064,1.55828,1.55859,1.73,1.50
2012.11.12 11:34:31.166,1.55828,1.55859,1.73,2.63
2012.11.12 11:34:35.565,1.55828,1.55859,1.73,1.50
2012.11.12 11:34:35.625,1.55825,1.55855,1.43,1.50
2012.11.12 11:34:35.685,1.55822,1.55853,1.43,1.50
2012.11.12 11:34:35.805,1.5582,1.55853,1.73,1.73
2012.11.12 11:34:37.074,1.5582,1.55853,1.73,1.73
2012.11.12 11:34:37.480,1.55822,1.55853,1.50,1.50
2012.11.12 11:34:39.225,1.5582,1.55853,1.73,1.73
2012.11.12 11:34:39.731,1.5582,1.55853,1.73,1.73
2012.11.12 11:34:41.028,1.5582,1.55852,1.73,2.18
2012.11.12 11:34:44.467,1.5582,1.55853,1.73,1.73
2012.11.12 11:34:44.645,1.55822,1.55853,1.63,1.50
2012.11.12 11:34:51.144,1.55822,1.55853,1.63,1.50
2012.11.12 11:34:54.504,1.55822,1.55854,1.63,1.50
2012.11.12 11:34:54.924,1.55822,1.55853,1.63,1.50
2012.11.12 11:34:54.984,1.55821,1.55853,1.43,1.50
2012.11.12 11:34:55.454,1.55821,1.55853,1.43,1.50
2012.11.12 11:34:56.005,1.55821,1.55852,1.43,1.50
2012.11.12 11:34:58.385,1.55822,1.55853,1.45,2.25
2012.11.12 11:35:01.155,1.55822,1.55851,1.45,1.50
2012.11.12 11:35:05.344,1.55822,1.55851,1.45,1.50
2012.11.12 11:35:05.535,1.55821,1.55851,1.29,1.50
2012.11.12 11:35:07.796,1.55822,1.55852,1.23,1.50
2012.11.12 11:35:09.154,1.55822,1.55852,1.52,1.50
2012.11.12 11:35:11.134,1.55822,1.55851,1.52,1.50
2012.11.12 11:35:13.665,1.55822,1.55851,1.52,1.50
2012.11.12 11:35:13.925,1.55822,1.55851,1.48,1.50
2012.11.12 11:35:15.794,1.55821,1.55851,1.48,1.50
2012.11.12 11:35:17.094,1.55826,1.55857,2.10,1.50
2012.11.12 11:35:17.454,1.55826,1.55857,2.10,1.50
2012.11.12 11:35:17.964,1.55826,1.55857,2.10,1.50
2012.11.12 11:35:18.507,1.55826,1.55857,2.10,1.50
2012.11.12 11:35:19.082,1.55826,1.55857,2.10,1.50
2012.11.12 11:35:20.375,1.55826,1.55857,2.10,1.50
2012.11.12 11:35:20.824,1.55826,1.55857,2.10,1.50
2012.11.12 11:35:21.340,1.55826,1.55857,2.10,1.50
2012.11.12 11:35:29.814,1.55826,1.55857,1.73,1.73
2012.11.12 11:35:30.184,1.55826,1.55857,1.73,1.73
2012.11.12 11:35:30.740,1.55826,1.55857,1.73,1.73
2012.11.12 11:35:31.076,1.55826,1.55852,1.73,1.88
2012.11.12 11:35:34.634,1.55833,1.55852,1.50,1.88
2012.11.12 11:35:34.695,1.55835,1.55862,1.13,1.41
2012.11.12 11:35:34.814,1.55836,1.55865,1.52,1.50
2012.11.12 11:35:36.104,1.55836,1.55866,1.52,1.50
2012.11.12 11:35:36.416,1.55836,1.55866,1.57,1.50
2012.11.12 11:35:36.945,1.55842,1.55872,1.48,1.50
2012.11.12 11:35:37.294,1.55842,1.55872,1.48,1.50
2012.11.12 11:35:41.164,1.55842,1.55872,1.48,2.40
2012.11.12 11:35:42.125,1.55842,1.55872,1.48,1.50
2012.11.12 11:35:42.305,1.5584,1.55872,1.31,1.50
2012.11.12 11:35:45.315,1.5584,1.55872,1.31,1.50
2012.11.12 11:35:45.614,1.55846,1.55879,1.73,1.73
2012.11.12 11:35:51.035,1.55846,1.55879,1.73,1.73
2012.11.12 11:35:51.394,1.55841,1.5587,1.41,1.50
2012.11.12 11:35:51.815,1.5584,1.5587,1.45,1.50
2012.11.12 11:35:51.955,1.55838,1.5587,2.25,1.50
2012.11.12 11:35:55.685,1.55838,1.5587,2.25,1.50
2012.11.12 11:35:56.164,1.55834,1.55863,1.35,1.50
2012.11.12 11:35:56.284,1.55834,1.55863,1.35,1.50
2012.11.12 11:35:57.080,1.55834,1.55863,1.35,1.50
2012.11.12 11:36:01.004,1.55834,1.55863,1.35,1.50
2012.11.12 11:36:01.124,1.55834,1.55855,1.35,1.50
2012.11.12 11:36:02.530,1.55834,1.55863,1.35,1.50
2012.11.12 11:36:05.134,1.55834,1.55863,1.35,1.50
2012.11.12 11:36:05.623,1.55834,1.55863,1.35,1.50
2012.11.12 11:36:08.483,1.55834,1.55863,1.35,1.50
2012.11.12 11:36:10.356,1.55832,1.55863,1.73,1.73
2012.11.12 11:36:10.474,1.55834,1.55863,1.38,1.50
2012.11.12 11:36:11.070,1.55834,1.55863,1.38,1.50
2012.11.12 11:36:11.386,1.55834,1.55858,1.16,2.03
2012.11.12 11:36:20.034,1.55832,1.55866,1.73,3.68
2012.11.12 11:36:20.154,1.55828,1.55859,1.73,1.73
2012.11.12 11:36:20.334,1.55828,1.55859,2.27,1.50
2012.11.12 11:36:20.719,1.55826,1.55859,2.02,1.73
2012.11.12 11:36:21.144,1.55826,1.55858,2.02,3.08
2012.11.12 11:36:27.075,1.55826,1.55859,2.02,1.73
2012.11.12 11:36:27.196,1.55826,1.55859,1.73,1.73
2012.11.12 11:36:29.915,1.55826,1.55859,1.73,1.73
2012.11.12 11:36:29.975,1.55821,1.5585,1.73,1.50
2012.11.12 11:36:30.134,1.55819,1.5585,2.10,1.73
2012.11.12 11:36:31.530,1.55819,1.5585,2.10,1.73
2012.11.12 11:36:40.983,1.55819,1.5585,2.10,1.73
2012.11.12 11:36:41.104,1.55819,1.5585,2.10,2.48
2012.11.12 11:36:45.645,1.55819,1.5585,1.73,1.73
2012.11.12 11:36:45.765,1.55819,1.5585,1.73,1.73
2012.11.12 11:36:45.885,1.55819,1.5585,1.73,1.73
2012.11.12 11:36:51.114,1.55814,1.55845,2.20,1.88
2012.11.12 11:36:53.413,1.55814,1.55846,2.20,1.73
2012.11.12 11:36:53.715,1.55815,1.55846,1.52,1.50
2012.11.12 11:37:01.125,1.55815,1.55846,1.52,1.50
2012.11.12 11:37:04.144,1.55815,1.55846,1.52,1.50
2012.11.12 11:37:04.205,1.55814,1.55846,1.73,1.73
2012.11.12 11:37:04.414,1.55814,1.55847,1.73,2.48
2012.11.12 11:37:04.536,1.55815,1.55847,1.27,2.25
2012.11.12 11:37:06.525,1.55815,1.55846,1.50,1.50
2012.11.12 11:37:09.535,1.55822,1.55852,1.25,1.50
2012.11.12 11:37:09.595,1.55822,1.55852,1.25,1.50
2012.11.12 11:37:10.335,1.55814,1.55844,1.62,1.50
2012.11.12 11:37:10.394,1.55814,1.55844,1.98,1.50
2012.11.12 11:37:11.129,1.55814,1.55843,1.98,1.50
2012.11.12 11:37:15.192,1.55814,1.55843,1.61,1.50
2012.11.12 11:37:16.044,1.55814,1.55843,1.61,1.50
2012.11.12 11:37:16.105,1.55811,1.55843,1.73,1.73
2012.11.12 11:37:21.086,1.55811,1.55842,1.73,2.93
2012.11.12 11:37:23.626,1.55811,1.55843,1.73,1.73
2012.11.12 11:37:29.002,1.55811,1.55843,1.73,1.73
2012.11.12 11:37:31.114,1.55809,1.55841,2.00,1.50
2012.11.12 11:37:39.194,1.5581,1.55841,1.58,1.50
2012.11.12 11:37:41.106,1.5581,1.55841,1.58,1.50
2012.11.12 11:37:43.796,1.55819,1.55849,1.45,1.50
2012.11.12 11:37:46.602,1.55819,1.55849,1.45,1.50
2012.11.12 11:37:46.935,1.55817,1.55849,1.73,1.50
2012.11.12 11:37:47.605,1.55817,1.55849,1.73,1.73
2012.11.12 11:37:51.529,1.55817,1.55849,1.73,1.73
2012.11.12 11:37:57.462,1.55817,1.55849,1.73,1.73
2012.11.12 11:37:57.705,1.55817,1.55849,1.73,1.73
2012.11.12 11:37:57.766,1.55817,1.55849,1.73,1.73
2012.11.12 11:38:00.575,1.5581,1.55841,1.54,2.33
2012.11.12 11:38:00.875,1.55802,1.55832,1.50,1.52
2012.11.12 11:38:01.115,1.55802,1.55829,1.50,2.10
2012.11.12 11:38:01.235,1.55796,1.55827,1.73,1.73
2012.11.12 11:38:01.294,1.55794,1.55823,1.50,1.43
2012.11.12 11:38:11.155,1.55794,1.55821,1.50,1.95
2012.11.12 11:38:11.275,1.55794,1.55823,1.50,1.43
2012.11.12 11:38:11.555,1.55796,1.55823,1.50,1.43
2012.11.12 11:38:11.796,1.55803,1.5583,1.50,1.20
2012.11.12 11:38:12.267,1.55795,1.55827,1.73,1.73
2012.11.12 11:38:13.005,1.55795,1.55827,1.73,1.73
2012.11.12 11:38:13.125,1.55795,1.55828,1.73,2.48
2012.11.12 11:38:13.245,1.55796,1.55828,1.20,2.25
2012.11.12 11:38:13.485,1.55795,1.55827,1.73,1.35
2012.11.12 11:38:13.546,1.55793,1.55827,1.50,2.10
2012.11.12 11:38:13.905,1.55788,1.55822,1.52,1.50
2012.11.12 11:38:14.215,1.55788,1.5582,1.52,1.50
2012.11.12 11:38:14.398,1.55786,1.5582,1.73,1.73
2012.11.12 11:38:14.986,1.55786,1.5582,1.73,1.73
2012.11.12 11:38:15.356,1.55786,1.5582,1.73,1.73
2012.11.12 11:38:15.474,1.55786,1.5582,1.73,1.73
2012.11.12 11:38:15.795,1.55786,1.55819,1.73,2.25
2012.11.12 11:38:16.154,1.55778,1.55814,1.73,2.13
2012.11.12 11:38:16.214,1.55778,1.55812,1.73,1.73
2012.11.12 11:38:21.114,1.55778,1.55809,1.73,2.78
2012.11.12 11:38:24.835,1.55778,1.55809,1.73,2.78
2012.11.12 11:38:25.364,1.55778,1.5581,1.73,1.32
2012.11.12 11:38:25.878,1.55778,1.55808,1.50,1.54
2012.11.12 11:38:27.494,1.55778,1.558,1.50,1.88
2012.11.12 11:38:27.554,1.55771,1.558,1.73,1.88
2012.11.12 11:38:27.734,1.55773,1.55806,2.85,1.73
2012.11.12 11:38:27.882,1.55784,1.55817,1.73,1.73
2012.11.12 11:38:28.005,1.55784,1.55817,1.50,1.36
2012.11.12 11:38:28.206,1.55784,1.5582,1.73,1.54
2012.11.12 11:38:28.266,1.55784,1.55817,1.73,1.73
2012.11.12 11:38:28.684,1.55783,1.55815,2.48,1.73
2012.11.12 11:38:29.784,1.55782,1.55815,1.73,2.36
2012.11.12 11:38:30.144,1.55775,1.55807,1.73,1.73
2012.11.12 11:38:30.406,1.55775,1.55807,1.73,1.73
2012.11.12 11:38:52.336,1.55779,1.55811,1.73,1.36
2012.11.12 11:38:52.455,1.55779,1.55813,1.73,1.73
2012.11.12 11:38:52.843,1.55779,1.55812,1.50,1.52
2012.11.12 11:38:53.235,1.55779,1.55813,1.73,1.73
2012.11.12 11:38:55.295,1.55779,1.55812,1.50,1.34
2012.11.12 11:38:57.499,1.55779,1.55813,1.73,1.73
2012.11.12 11:38:58.004,1.55779,1.55813,1.73,1.50
2012.11.12 11:38:58.784,1.55779,1.55813,1.73,1.73
2012.11.12 11:39:09.116,1.55779,1.55812,1.50,1.30
2012.11.12 11:39:09.926,1.55779,1.55813,1.73,1.73
2012.11.12 11:39:10.744,1.55779,1.55814,1.73,1.73
2012.11.12 11:39:13.264,1.55779,1.55813,1.73,1.73
2012.11.12 11:39:13.905,1.55779,1.55814,1.73,1.73
2012.11.12 11:39:15.604,1.55779,1.55814,1.98,1.73
2012.11.12 11:39:16.104,1.55779,1.55814,1.73,1.73
2012.11.12 11:39:21.558,1.55779,1.55813,1.73,1.63
2012.11.12 11:39:21.875,1.55767,1.55799,1.56,1.50
2012.11.12 11:39:22.057,1.55766,1.55798,1.50,1.29
2012.11.12 11:39:22.175,1.55766,1.55798,1.50,2.29
2012.11.12 11:39:22.295,1.55766,1.55798,1.50,2.11
2012.11.12 11:39:23.585,1.55766,1.55799,1.50,2.22
2012.11.12 11:39:23.706,1.55766,1.55799,1.73,1.73
2012.11.12 11:39:24.507,1.5576,1.55793,1.32,1.73
2012.11.12 11:39:24.626,1.55755,1.5579,1.73,2.48
2012.11.12 11:39:24.872,1.55755,1.55789,1.73,1.73
2012.11.12 11:39:24.995,1.55755,1.55789,1.73,1.73
2012.11.12 11:39:30.935,1.55755,1.55789,1.73,2.20
2012.11.12 11:39:35.084,1.55757,1.55789,1.73,2.20
2012.11.12 11:39:35.228,1.55762,1.55794,1.73,1.73
2012.11.12 11:39:35.734,1.55762,1.55797,2.33,1.73
2012.11.12 11:39:35.800,1.55772,1.55801,1.20,1.50
2012.11.12 11:39:35.864,1.55772,1.55803,1.20,1.50
2012.11.12 11:39:35.924,1.55771,1.55803,1.73,1.73
2012.11.12 11:39:35.985,1.55766,1.55796,1.56,1.50
2012.11.12 11:39:36.225,1.55759,1.55789,1.13,1.73
2012.11.12 11:39:36.654,1.55757,1.55789,2.02,1.73
2012.11.12 11:39:41.125,1.55757,1.55788,2.02,2.03
2012.11.12 11:39:46.939,1.55757,1.55789,2.02,1.73
2012.11.12 11:39:47.595,1.55757,1.55789,1.73,1.73
2012.11.12 11:39:49.686,1.55757,1.55789,1.73,1.73
2012.11.12 11:39:51.135,1.55757,1.55789,1.73,1.73
2012.11.12 11:40:09.685,1.55759,1.55792,1.73,1.73
2012.11.12 11:40:09.805,1.55759,1.55792,1.73,1.73
2012.11.12 11:40:09.925,1.55752,1.55778,1.34,1.50
2012.11.12 11:40:10.106,1.55746,1.55778,1.51,1.50
2012.11.12 11:40:10.227,1.55745,1.55778,1.34,1.50
2012.11.12 11:40:10.285,1.55758,1.55792,1.73,2.16
2012.11.12 11:40:10.645,1.55758,1.55792,1.73,1.41
2012.11.12 11:40:11.015,1.55761,1.55794,1.73,1.73
2012.11.12 11:40:11.265,1.55761,1.55794,1.73,1.73
2012.11.12 11:40:12.034,1.55761,1.55794,1.73,2.55
2012.11.12 11:40:12.165,1.55753,1.55784,1.73,1.73
2012.11.12 11:40:15.005,1.55752,1.55784,1.73,1.73
2012.11.12 11:40:15.245,1.55745,1.55776,1.73,1.73
2012.11.12 11:40:17.337,1.55745,1.55776,1.50,1.73
2012.11.12 11:40:17.975,1.55745,1.55773,1.50,1.36
2012.11.12 11:40:19.984,1.55745,1.55776,1.50,1.73
2012.11.12 11:40:31.275,1.55745,1.55774,1.50,1.20
2012.11.12 11:40:31.335,1.55738,1.55769,1.73,1.73
2012.11.12 11:40:31.395,1.55737,1.55769,1.73,1.73
2012.11.12 11:40:31.975,1.5574,1.55776,1.41,1.73
2012.11.12 11:40:32.034,1.55745,1.55778,1.73,1.73
2012.11.12 11:40:34.976,1.55745,1.55779,1.73,1.73
2012.11.12 11:40:37.335,1.55752,1.55784,1.73,1.73
2012.11.12 11:40:41.286,1.55752,1.55785,2.04,1.50
2012.11.12 11:40:41.974,1.55752,1.55784,2.04,1.50
2012.11.12 11:40:42.035,1.55752,1.55784,1.73,1.73
2012.11.12 11:40:43.265,1.55752,1.55783,1.50,1.63
2012.11.12 11:40:43.824,1.55752,1.55784,1.73,1.73
2012.11.12 11:40:45.175,1.55752,1.55784,1.73,1.73
2012.11.12 11:40:45.536,1.55752,1.5578,1.50,2.55
2012.11.12 11:40:47.718,1.55747,1.55777,1.73,1.73
2012.11.12 11:40:47.777,1.55745,1.55777,1.73,1.73
2012.11.12 11:40:47.895,1.55745,1.55777,1.73,1.73
2012.11.12 11:40:51.095,1.55745,1.55779,1.73,1.73
2012.11.12 11:40:56.384,1.55745,1.55777,1.73,1.45
2012.11.12 11:40:57.455,1.55745,1.55779,1.73,2.48
2012.11.12 11:40:57.945,1.55745,1.55779,1.73,1.73
2012.11.12 11:40:59.415,1.55747,1.55782,1.73,1.73
2012.11.12 11:40:59.975,1.55755,1.55787,1.73,1.73
2012.11.12 11:41:00.626,1.55755,1.55784,1.50,1.47
2012.11.12 11:41:04.554,1.55746,1.55782,1.73,1.73
2012.11.12 11:41:04.795,1.55746,1.5578,1.50,1.36
2012.11.12 11:41:06.555,1.5574,1.55773,1.73,1.73
2012.11.12 11:41:06.615,1.5574,1.55773,1.73,1.73
2012.11.12 11:41:06.855,1.55746,1.5578,1.73,1.73
2012.11.12 11:41:08.396,1.55739,1.55772,1.73,1.73
2012.11.12 11:41:08.755,1.55745,1.55777,1.50,1.43
2012.11.12 11:41:10.855,1.5574,1.55773,1.73,2.93
2012.11.12 11:41:10.986,1.5574,1.55772,1.50,1.50
2012.11.12 11:41:16.855,1.5574,1.55773,1.73,2.48
2012.11.12 11:41:17.525,1.55746,1.55778,1.73,1.73
2012.11.12 11:41:18.755,1.55746,1.55779,1.73,1.73
2012.11.12 11:41:18.815,1.55749,1.55779,1.73,1.73
2012.11.12 11:41:19.225,1.55754,1.55783,1.50,1.52
2012.11.12 11:41:21.225,1.55747,1.5578,1.73,2.48
2012.11.12 11:41:22.666,1.55737,1.5577,2.36,1.50
2012.11.12 11:41:22.856,1.55735,1.55765,1.50,1.36
2012.11.12 11:41:23.305,1.55735,1.55759,1.50,1.52
2012.11.12 11:41:23.425,1.55728,1.55759,1.50,1.52
2012.11.12 11:41:23.485,1.55728,1.55761,1.73,1.73
2012.11.12 11:41:27.788,1.55728,1.55761,1.73,1.98
2012.11.12 11:41:28.447,1.55728,1.5576,1.50,1.98
2012.11.12 11:41:28.689,1.55729,1.5576,1.73,1.73
2012.11.12 11:41:28.805,1.55734,1.55762,1.63,1.50
2012.11.12 11:41:28.926,1.55734,1.55766,2.38,1.73
2012.11.12 11:41:31.085,1.55734,1.55766,2.38,1.73
2012.11.12 11:41:32.356,1.55734,1.55766,2.38,1.73
2012.11.12 11:41:32.417,1.55734,1.55766,1.73,1.73
2012.11.12 11:41:32.815,1.55734,1.55766,1.73,1.73
2012.11.12 11:41:33.192,1.55734,1.55766,2.34,1.73
2012.11.12 11:41:37.351,1.55734,1.55766,2.34,1.73
2012.11.12 11:41:37.419,1.55734,1.55766,1.73,1.73
2012.11.12 11:41:37.487,1.5573,1.55759,1.73,1.50
2012.11.12 11:41:37.546,1.55727,1.55759,2.25,1.50
2012.11.12 11:41:37.666,1.55727,1.55759,1.73,1.73
2012.11.12 11:41:37.807,1.55727,1.55759,1.73,1.73
2012.11.12 11:41:37.865,1.55727,1.55759,1.73,1.73
2012.11.12 11:41:37.925,1.55727,1.55759,1.73,1.73
2012.11.12 11:41:39.234,1.55727,1.55759,1.73,1.65
2012.11.12 11:41:39.797,1.55727,1.55759,1.73,1.73
2012.11.12 11:41:41.145,1.55727,1.55759,1.73,1.73
2012.11.12 11:41:46.270,1.55723,1.55754,1.29,1.50
2012.11.12 11:41:46.617,1.55723,1.55752,1.50,1.50
2012.11.12 11:41:46.736,1.55723,1.55752,1.63,1.50
2012.11.12 11:41:49.906,1.55723,1.55752,1.63,1.50
2012.11.12 11:41:50.025,1.55721,1.55752,1.73,1.73
2012.11.12 11:41:51.091,1.55721,1.55752,1.73,1.73
2012.11.12 11:41:51.416,1.55715,1.55745,1.52,1.50
2012.11.12 11:41:51.596,1.55712,1.55745,1.73,1.73
2012.11.12 11:41:52.368,1.55715,1.55747,1.50,1.73
2012.11.12 11:41:53.815,1.55721,1.55753,1.73,1.73
2012.11.12 11:41:54.673,1.55722,1.55754,1.45,1.50
2012.11.12 11:41:55.696,1.55722,1.55754,1.41,2.48
2012.11.12 11:41:56.166,1.55721,1.55753,1.73,1.73
2012.11.12 11:41:56.347,1.55721,1.55753,1.73,1.73
2012.11.12 11:41:56.901,1.55713,1.55745,1.73,1.73
2012.11.12 11:41:57.185,1.55713,1.55745,1.73,1.73
2012.11.12 11:41:58.065,1.55713,1.55746,1.73,1.73
2012.11.12 11:42:01.195,1.55713,1.55745,1.73,1.73
2012.11.12 11:42:02.295,1.55713,1.55745,1.73,1.73
2012.11.12 11:42:02.655,1.55722,1.55755,1.73,2.48
2012.11.12 11:42:03.945,1.55722,1.55759,1.73,1.73
2012.11.12 11:42:04.065,1.5573,1.55762,1.79,1.50
2012.11.12 11:42:04.477,1.5573,1.55762,1.79,1.50
2012.11.12 11:42:04.655,1.5573,1.55762,1.27,1.50
2012.11.12 11:42:11.205,1.5573,1.55762,1.27,3.00
2012.11.12 11:42:18.226,1.55721,1.55753,2.09,1.73
2012.11.12 11:42:18.348,1.55721,1.55748,1.34,1.50
2012.11.12 11:42:18.585,1.55713,1.55746,1.73,1.73
2012.11.12 11:42:18.705,1.55714,1.55746,1.52,1.50
2012.11.12 11:42:19.045,1.55714,1.55745,1.52,1.50
2012.11.12 11:42:21.132,1.55714,1.55745,1.52,1.50
2012.11.12 11:42:22.037,1.55714,1.55746,1.52,1.50
2012.11.12 11:42:27.779,1.5572,1.55752,1.32,1.50
2012.11.12 11:42:29.728,1.5572,1.55752,1.27,1.50
2012.11.12 11:42:29.905,1.55728,1.5576,1.27,1.50
2012.11.12 11:42:30.026,1.55728,1.5576,1.41,1.50
2012.11.12 11:42:34.126,1.55734,1.55767,1.73,1.73
2012.11.12 11:42:34.526,1.55736,1.55767,1.34,1.50
2012.11.12 11:42:35.099,1.55735,1.55767,1.32,1.50
2012.11.12 11:42:39.155,1.55736,1.55768,1.41,1.88
2012.11.12 11:42:39.215,1.55736,1.55767,1.41,1.50
2012.11.12 11:42:39.846,1.55736,1.55767,1.47,1.50
2012.11.12 11:42:40.927,1.55742,1.55774,1.47,1.50
2012.11.12 11:42:46.316,1.55742,1.55774,1.47,1.50
2012.11.12 11:42:47.535,1.55742,1.55774,1.63,1.50
2012.11.12 11:42:48.334,1.55742,1.55774,1.63,1.50
2012.11.12 11:42:48.985,1.55742,1.55774,1.54,1.50
2012.11.12 11:42:51.165,1.55742,1.55774,1.52,1.50
2012.11.12 11:42:56.106,1.55742,1.55774,1.52,1.50
2012.11.12 11:42:56.167,1.55742,1.55774,1.34,1.50
2012.11.12 11:42:56.226,1.55742,1.55774,1.34,1.50
2012.11.12 11:42:56.566,1.55742,1.55774,1.32,1.50
2012.11.12 11:42:56.626,1.55742,1.55774,1.32,1.50
2012.11.12 11:43:01.887,1.55744,1.55773,1.32,1.50
2012.11.12 11:43:02.126,1.55744,1.55773,1.32,1.50
2012.11.12 11:43:02.245,1.55744,1.55767,1.32,1.50
2012.11.12 11:43:02.307,1.55734,1.55766,1.73,1.73
2012.11.12 11:43:02.366,1.55742,1.55767,1.61,1.50
2012.11.12 11:43:02.486,1.5574,1.55773,1.73,1.73
2012.11.12 11:43:02.675,1.5574,1.55771,1.73,1.65
2012.11.12 11:43:03.066,1.55735,1.55767,1.59,1.50
2012.11.12 11:43:04.607,1.55734,1.55767,2.25,1.73
2012.11.12 11:43:18.996,1.55734,1.55767,2.25,1.73
2012.11.12 11:43:19.237,1.55742,1.55773,2.20,1.50
2012.11.12 11:43:19.595,1.55735,1.55768,1.73,2.48
2012.11.12 11:43:19.807,1.55735,1.55767,1.73,1.73
2012.11.12 11:43:20.186,1.55735,1.55767,2.34,1.50
2012.11.12 11:43:20.626,1.55735,1.55765,1.73,2.10
2012.11.12 11:43:20.746,1.55728,1.5576,1.88,1.73
2012.11.12 11:43:21.285,1.55728,1.5576,1.73,1.73
2012.11.12 11:43:22.435,1.55728,1.5576,1.73,1.73
2012.11.12 11:43:22.495,1.55728,1.5576,1.73,1.73
2012.11.12 11:43:42.657,1.55726,1.55758,1.41,1.50
2012.11.12 11:43:43.234,1.55726,1.55758,1.41,1.50
2012.11.12 11:43:45.995,1.55726,1.55758,1.25,1.50
2012.11.12 11:43:46.578,1.55731,1.55761,1.27,1.50
2012.11.12 11:43:46.695,1.55733,1.55764,1.27,1.50
2012.11.12 11:43:47.342,1.55731,1.55761,1.27,1.50
2012.11.12 11:43:47.465,1.55726,1.55758,1.23,1.50
2012.11.12 11:43:47.645,1.55726,1.55758,1.23,1.50
2012.11.12 11:43:47.706,1.55726,1.55758,1.34,1.50
2012.11.12 11:43:47.825,1.55725,1.55758,1.73,1.73
2012.11.12 11:43:48.406,1.5572,1.55752,1.36,1.50
2012.11.12 11:43:51.826,1.55729,1.55759,1.73,3.15
2012.11.12 11:43:51.887,1.55729,1.55759,1.50,3.15
2012.11.12 11:43:51.946,1.55729,1.55757,1.50,2.40
2012.11.12 11:43:52.608,1.55729,1.55759,1.50,3.08
2012.11.12 11:43:52.725,1.55729,1.55761,1.50,2.69
2012.11.12 11:43:53.160,1.55729,1.55762,1.73,3.08
2012.11.12 11:44:01.122,1.55729,1.55761,1.73,2.10
2012.11.12 11:44:11.126,1.55729,1.55762,1.73,3.45
2012.11.12 11:44:21.198,1.55728,1.55758,1.73,1.73
2012.11.12 11:44:21.746,1.55734,1.55765,1.47,1.50
2012.11.12 11:44:29.747,1.55734,1.5576,1.47,1.50
2012.11.12 11:44:29.925,1.55725,1.55757,1.73,1.73
2012.11.12 11:44:30.225,1.55728,1.55757,1.45,1.50
2012.11.12 11:44:30.440,1.55725,1.55757,1.73,1.73
2012.11.12 11:44:32.965,1.55725,1.55757,1.73,1.73
2012.11.12 11:44:33.315,1.55733,1.55764,1.43,1.50
2012.11.12 11:44:36.046,1.55733,1.55762,1.43,2.85
2012.11.12 11:44:36.407,1.5573,1.55762,1.73,1.73
2012.11.12 11:44:36.465,1.5573,1.55762,1.73,1.73
2012.11.12 11:44:36.765,1.5573,1.55762,1.73,1.73
2012.11.12 11:44:41.046,1.5573,1.55762,1.73,1.73
2012.11.12 11:44:41.286,1.5573,1.55762,1.73,1.73
2012.11.12 11:44:41.647,1.5573,1.55762,1.73,1.73
2012.11.12 11:44:41.766,1.5573,1.55762,1.73,1.73
2012.11.12 11:44:41.826,1.5573,1.55762,1.73,1.73
2012.11.12 11:44:42.006,1.5573,1.55762,1.73,1.50
2012.11.12 11:44:43.357,1.5573,1.55762,2.29,1.50
2012.11.12 11:44:43.686,1.5573,1.55757,1.54,1.50
2012.11.12 11:44:43.868,1.55722,1.55757,1.73,1.73
2012.11.12 11:44:43.925,1.55722,1.55757,1.73,1.73
2012.11.12 11:44:44.045,1.55726,1.55757,1.36,1.50
2012.11.12 11:44:44.105,1.55725,1.55757,1.45,2.48
2012.11.12 11:44:44.345,1.55727,1.55757,1.50,1.50
2012.11.12 11:44:44.536,1.55723,1.55754,1.50,1.50
2012.11.12 11:44:44.658,1.55727,1.5576,1.50,1.73
2012.11.12 11:44:44.716,1.55727,1.5576,1.50,1.73
2012.11.12 11:44:45.016,1.55726,1.5576,1.73,1.73
2012.11.12 11:44:46.558,1.55726,1.55759,1.73,3.00
2012.11.12 11:44:46.677,1.55726,1.55758,1.73,2.63
2012.11.12 11:44:46.795,1.55726,1.55756,1.73,1.80
2012.11.12 11:44:47.065,1.55719,1.55752,1.73,1.73
2012.11.12 11:44:47.136,1.55719,1.55751,1.73,2.40
2012.11.12 11:44:47.318,1.55715,1.55746,1.73,1.73
2012.11.12 11:44:47.489,1.55714,1.55746,1.73,1.73
2012.11.12 11:44:47.805,1.55714,1.55747,1.73,1.73
2012.11.12 11:44:48.195,1.5572,1.55752,1.73,1.73
2012.11.12 11:44:48.541,1.5572,1.55751,1.73,1.80
2012.11.12 11:44:51.155,1.5572,1.55752,1.73,1.73
2012.11.12 11:44:51.698,1.5572,1.55752,1.73,1.73
2012.11.12 11:44:52.317,1.5572,1.55752,1.73,1.73
2012.11.12 11:44:52.442,1.5572,1.55752,1.73,1.73
2012.11.12 11:44:53.576,1.5572,1.55752,1.73,1.73
2012.11.12 11:44:53.696,1.55722,1.55752,1.52,1.50
2012.11.12 11:44:54.005,1.5572,1.55752,1.73,1.73
2012.11.12 11:44:54.543,1.5572,1.55752,1.73,1.73
2012.11.12 11:44:55.116,1.5572,1.55752,1.73,1.73
2012.11.12 11:44:55.476,1.55713,1.55745,1.73,3.60
2012.11.12 11:44:55.536,1.55713,1.55745,1.73,4.35
2012.11.12 11:44:55.779,1.55707,1.55739,1.73,1.73
2012.11.12 11:44:55.967,1.55707,1.55739,1.73,1.73
2012.11.12 11:44:56.449,1.55707,1.55745,1.73,1.73
2012.11.12 11:44:56.567,1.55713,1.55745,1.50,1.73
2012.11.12 11:44:57.290,1.55715,1.55747,1.73,1.73
2012.11.12 11:44:58.248,1.55715,1.55747,1.73,1.73
2012.11.12 11:44:58.426,1.55717,1.55749,1.56,1.50
2012.11.12 11:44:59.416,1.55715,1.55749,1.73,1.73
2012.11.12 11:45:00.042,1.55715,1.55747,1.50,2.38
2012.11.12 11:45:00.286,1.55705,1.55739,1.73,1.73
2012.11.12 11:45:00.787,1.55705,1.55739,1.73,2.22
2012.11.12 11:45:02.787,1.55697,1.5573,1.73,1.73
2012.11.12 11:45:03.396,1.55705,1.55736,1.73,1.73
2012.11.12 11:45:03.636,1.55698,1.55732,1.73,1.73
2012.11.12 11:45:03.816,1.55698,1.55728,1.50,1.41
2012.11.12 11:45:04.455,1.55698,1.55732,1.73,1.65
2012.11.12 11:45:05.637,1.55698,1.55734,1.73,2.48
2012.11.12 11:45:07.146,1.55698,1.55732,1.73,2.33
2012.11.12 11:45:07.207,1.55692,1.55725,1.73,1.73
2012.11.12 11:45:07.326,1.55692,1.55725,1.73,1.73
2012.11.12 11:45:07.866,1.55691,1.55726,2.22,1.73
2012.11.12 11:45:08.418,1.55699,1.5573,1.73,1.73
2012.11.12 11:45:08.874,1.55699,1.55732,1.73,1.73
2012.11.12 11:45:09.187,1.5569,1.55725,2.48,1.73
2012.11.12 11:45:09.495,1.55693,1.55725,2.38,1.50
2012.11.12 11:45:10.173,1.55697,1.55733,1.45,1.50
2012.11.12 11:45:10.236,1.55699,1.55733,1.45,1.50
2012.11.12 11:45:10.857,1.55699,1.55733,1.54,1.73
2012.11.12 11:45:11.662,1.55698,1.55733,1.25,2.48
2012.11.12 11:45:12.657,1.55697,1.55733,1.73,1.73
2012.11.12 11:45:15.586,1.55697,1.55731,1.73,1.73
2012.11.12 11:45:15.712,1.55697,1.55732,1.73,1.73
2012.11.12 11:45:16.409,1.55694,1.55726,1.25,2.25
2012.11.12 11:45:16.526,1.55697,1.55731,1.73,1.73
2012.11.12 11:45:16.586,1.55697,1.55731,1.73,1.73
2012.11.12 11:45:16.706,1.55697,1.55731,1.73,1.73
2012.11.12 11:45:17.038,1.55697,1.55731,1.73,1.73
2012.11.12 11:45:17.356,1.5569,1.55722,1.61,1.73
2012.11.12 11:45:17.676,1.55691,1.55721,1.23,1.50
2012.11.12 11:45:17.737,1.55689,1.55721,1.73,1.73
2012.11.12 11:45:18.526,1.55689,1.5572,1.73,1.73
2012.11.12 11:45:19.781,1.55689,1.5572,1.73,1.73
2012.11.12 11:45:20.085,1.55689,1.55722,2.29,1.73
2012.11.12 11:45:20.605,1.55689,1.55722,1.73,1.73
2012.11.12 11:45:20.727,1.55682,1.55715,1.73,1.73
2012.11.12 11:45:21.079,1.5568,1.55716,1.73,1.25
2012.11.12 11:45:21.151,1.55686,1.55719,1.73,1.36
2012.11.12 11:45:21.347,1.55686,1.55721,1.73,1.73
2012.11.12 11:45:22.697,1.55686,1.55723,1.73,1.45
2012.11.12 11:45:24.615,1.55688,1.55723,1.73,2.20
2012.11.12 11:45:24.676,1.55685,1.5572,1.73,1.23
2012.11.12 11:45:26.375,1.55688,1.5572,1.50,1.23
2012.11.12 11:45:27.099,1.55691,1.55721,1.50,1.37
2012.11.12 11:45:27.158,1.55685,1.55719,1.73,1.52
2012.11.12 11:45:27.458,1.55685,1.55717,1.50,1.32
2012.11.12 11:45:28.136,1.55677,1.55712,1.73,1.73
2012.11.12 11:45:29.427,1.55677,1.55709,1.50,1.27
2012.11.12 11:45:29.676,1.55677,1.5571,1.73,1.73
2012.11.12 11:45:31.327,1.55677,1.55712,1.73,1.73
2012.11.12 11:45:31.686,1.55667,1.55699,1.32,1.50
2012.11.12 11:45:32.255,1.55664,1.55699,1.50,1.73
2012.11.12 11:45:32.577,1.55663,1.55699,1.73,1.73
2012.11.12 11:45:33.245,1.55665,1.55699,1.32,1.73
2012.11.12 11:45:33.832,1.55664,1.55699,1.25,1.58
2012.11.12 11:45:34.177,1.55663,1.55699,1.73,1.58
2012.11.12 11:45:35.046,1.55665,1.55699,1.52,1.58
2012.11.12 11:45:35.595,1.55664,1.55699,1.61,1.73
2012.11.12 11:45:36.716,1.55667,1.55703,1.20,1.73
2012.11.12 11:45:36.776,1.55671,1.55704,1.73,1.73
2012.11.12 11:45:37.279,1.55676,1.55704,1.59,1.50
2012.11.12 11:45:37.456,1.55678,1.55711,2.48,1.73
2012.11.12 11:45:37.516,1.55678,1.55709,1.73,1.73
2012.11.12 11:45:37.819,1.55679,1.55709,1.54,1.50
2012.11.12 11:45:38.198,1.55672,1.55704,1.54,1.50
2012.11.12 11:45:38.487,1.5567,1.55705,1.52,2.48
2012.11.12 11:45:38.546,1.5567,1.55702,1.52,1.50
2012.11.12 11:45:39.211,1.55665,1.55697,1.52,1.50
2012.11.12 11:45:39.395,1.55664,1.55697,1.73,1.73
2012.11.12 11:45:39.851,1.55665,1.55697,1.29,1.50
2012.11.12 11:45:40.192,1.55665,1.55697,1.47,1.50
2012.11.12 11:45:40.746,1.55664,1.55697,1.73,1.73
2012.11.12 11:45:40.869,1.55664,1.55697,1.73,1.73
2012.11.12 11:45:40.926,1.55664,1.55697,1.73,1.73
2012.11.12 11:45:41.531,1.55664,1.55696,1.73,1.73
2012.11.12 11:45:42.315,1.55664,1.55696,1.73,1.73
2012.11.12 11:45:42.376,1.55664,1.55696,1.73,1.73
2012.11.12 11:45:44.732,1.55664,1.55696,2.04,1.73
2012.11.12 11:45:45.576,1.55664,1.55696,2.04,1.73
2012.11.12 11:45:45.636,1.55664,1.55696,1.73,1.73
2012.11.12 11:45:49.583,1.55664,1.55696,1.73,1.73
2012.11.12 11:45:49.997,1.55655,1.55688,2.36,1.73
2012.11.12 11:45:56.615,1.55662,1.55695,1.73,1.73
2012.11.12 11:45:56.796,1.55656,1.55695,1.34,2.48
2012.11.12 11:45:56.917,1.55654,1.55687,2.25,1.50
2012.11.12 11:45:59.457,1.55652,1.55681,1.50,1.50
2012.11.12 11:45:59.577,1.55646,1.55681,1.73,1.73
2012.11.12 11:46:00.325,1.55648,1.55681,1.63,1.73
2012.11.12 11:46:00.626,1.55649,1.55681,1.85,1.50
2012.11.12 11:46:00.957,1.55657,1.55698,1.27,1.73
2012.11.12 11:46:01.496,1.55668,1.55701,1.73,1.73
2012.11.12 11:46:01.558,1.55668,1.55701,1.73,1.73
2012.11.12 11:46:01.958,1.55673,1.55707,1.73,1.73
2012.11.12 11:46:02.136,1.55666,1.55699,1.73,1.73
2012.11.12 11:46:03.169,1.55666,1.55699,1.73,1.73
2012.11.12 11:46:04.065,1.55666,1.55699,1.73,1.73
2012.11.12 11:46:05.047,1.55667,1.55702,1.56,2.48
2012.11.12 11:46:05.665,1.55674,1.55706,1.73,1.73
2012.11.12 11:46:05.726,1.55674,1.55706,1.73,1.73
2012.11.12 11:46:07.375,1.55674,1.55707,2.27,1.73
2012.11.12 11:46:07.809,1.55675,1.55707,1.56,1.50
2012.11.12 11:46:08.345,1.55674,1.55707,2.34,1.73
2012.11.12 11:46:10.136,1.55674,1.55706,1.73,1.73
2012.11.12 11:46:12.136,1.55674,1.55706,1.73,1.73
2012.11.12 11:46:16.046,1.55667,1.557,1.59,1.50
2012.11.12 11:46:16.107,1.55666,1.557,1.73,1.73
2012.11.12 11:46:26.746,1.55667,1.557,1.50,1.50
2012.11.12 11:46:27.047,1.55676,1.55707,1.47,1.50
2012.11.12 11:46:27.356,1.55673,1.55699,1.47,1.50
2012.11.12 11:46:27.598,1.5566,1.55692,2.63,1.65
2012.11.12 11:46:28.768,1.5566,1.55692,1.73,1.73
2012.11.12 11:46:29.987,1.5566,1.55692,1.73,2.33
2012.11.12 11:46:30.051,1.5566,1.55689,1.50,1.23
2012.11.12 11:46:30.535,1.5565,1.55681,2.25,1.73
2012.11.12 11:46:30.596,1.5565,1.55681,2.25,1.73
2012.11.12 11:46:30.716,1.55649,1.55681,1.73,1.73
2012.11.12 11:46:30.955,1.55652,1.55681,1.54,1.50
2012.11.12 11:46:31.097,1.55658,1.5569,1.73,1.73
2012.11.12 11:46:31.278,1.55664,1.55695,1.50,1.36
2012.11.12 11:46:31.816,1.55664,1.55697,1.54,2.48
2012.11.12 11:46:31.996,1.55665,1.55697,1.50,1.73
2012.11.12 11:46:32.056,1.55663,1.55696,1.73,1.73
2012.11.12 11:46:32.185,1.55663,1.55695,1.73,1.73
2012.11.12 11:46:32.545,1.55663,1.55687,1.50,1.50
2012.11.12 11:46:32.917,1.55663,1.55685,1.50,1.56
2012.11.12 11:46:33.216,1.55654,1.55685,1.50,2.31
2012.11.12 11:46:37.185,1.55654,1.55685,1.73,1.73
2012.11.12 11:46:38.442,1.55654,1.55685,1.73,1.73
2012.11.12 11:46:38.511,1.55646,1.55681,2.25,1.73
2012.11.12 11:46:38.611,1.55649,1.55681,1.36,1.50
2012.11.12 11:46:39.477,1.55646,1.55681,1.73,1.73
2012.11.12 11:46:41.541,1.55646,1.55673,1.73,2.63
2012.11.12 11:46:42.107,1.55648,1.55673,1.61,2.63
2012.11.12 11:46:45.646,1.55655,1.55684,1.73,2.10
2012.11.12 11:46:45.767,1.55655,1.55686,1.73,1.73
2012.11.12 11:46:46.645,1.55655,1.55685,1.73,2.33
2012.11.12 11:46:46.766,1.55649,1.55681,1.25,1.50
2012.11.12 11:46:47.006,1.55647,1.55681,2.18,1.73
2012.11.12 11:46:47.757,1.55647,1.55681,1.73,1.73
2012.11.12 11:46:47.816,1.55647,1.55679,1.73,2.78
2012.11.12 11:46:51.147,1.55647,1.55674,1.73,2.18
2012.11.12 11:46:52.125,1.55647,1.55681,1.73,1.73
2012.11.12 11:46:52.185,1.55649,1.55681,1.61,1.50
2012.11.12 11:46:52.306,1.55649,1.55681,1.41,1.50
2012.11.12 11:46:52.546,1.55649,1.55681,1.45,1.50
2012.11.12 11:46:53.101,1.55649,1.55681,1.45,1.50
2012.11.12 11:46:53.226,1.55649,1.55681,1.45,1.50
2012.11.12 11:46:53.775,1.55648,1.55681,1.41,1.73
2012.11.12 11:46:54.517,1.55647,1.55681,1.73,1.73
2012.11.12 11:46:55.947,1.55648,1.55681,1.32,1.73
2012.11.12 11:46:57.876,1.55648,1.5568,1.32,2.25
2012.11.12 11:46:57.997,1.55647,1.5568,1.73,2.25
2012.11.12 11:46:58.866,1.55647,1.55681,1.73,1.73
2012.11.12 11:46:58.929,1.55647,1.55681,1.73,1.73
2012.11.12 11:46:58.987,1.55648,1.55681,1.43,1.73
2012.11.12 11:46:59.288,1.55636,1.55667,1.73,1.73
2012.11.12 11:46:59.407,1.55644,1.55673,1.73,3.00
2012.11.12 11:46:59.766,1.5565,1.55673,1.73,2.78
2012.11.12 11:46:59.946,1.5565,1.55678,1.73,2.40
2012.11.12 11:47:00.488,1.5565,1.55677,1.73,2.33
2012.11.12 11:47:00.996,1.5565,1.55678,1.73,3.00
2012.11.12 11:47:01.178,1.5565,1.55678,1.73,3.00
2012.11.12 11:47:01.235,1.5565,1.55681,1.73,1.80
2012.11.12 11:47:01.337,1.5565,1.55682,1.73,1.73
2012.11.12 11:47:01.599,1.55652,1.55682,1.43,1.50
2012.11.12 11:47:02.776,1.55652,1.55682,1.47,1.50
2012.11.12 11:47:03.816,1.55651,1.55682,1.63,1.50
2012.11.12 11:47:04.636,1.55651,1.55682,1.63,3.53
2012.11.12 11:47:09.048,1.55652,1.55682,1.43,3.53
2012.11.12 11:47:10.356,1.55652,1.55682,1.43,1.50
2012.11.12 11:47:10.416,1.55652,1.55682,1.36,1.50
2012.11.12 11:47:10.726,1.55656,1.55679,1.73,1.58
2012.11.12 11:47:10.846,1.55651,1.55681,1.36,2.93
2012.11.12 11:47:10.907,1.55651,1.55681,1.41,2.93
2012.11.12 11:47:10.993,1.55649,1.55681,1.73,3.15
2012.11.12 11:47:11.056,1.55649,1.55677,1.73,2.40
2012.11.12 11:47:11.474,1.55649,1.5567,1.73,1.95
2012.11.12 11:47:12.487,1.55649,1.55675,1.73,2.70
2012.11.12 11:47:14.666,1.55643,1.55675,1.32,2.70
2012.11.12 11:47:14.725,1.55643,1.55676,1.32,1.50
2012.11.12 11:47:14.787,1.55651,1.55677,1.11,1.50
2012.11.12 11:47:15.088,1.55644,1.55669,1.47,1.73
2012.11.12 11:47:15.385,1.55644,1.55674,1.47,1.50
2012.11.12 11:47:15.531,1.55642,1.55674,1.65,1.73
2012.11.12 11:47:15.666,1.5564,1.5567,1.23,1.50
2012.11.12 11:47:16.077,1.5564,1.5567,1.23,1.50
2012.11.12 11:47:16.200,1.55635,1.5567,1.73,1.73
2012.11.12 11:47:16.446,1.55635,1.5567,1.73,1.73
2012.11.12 11:47:16.629,1.55633,1.55663,1.31,1.50
2012.11.12 11:47:18.286,1.55635,1.55671,1.73,1.73
2012.11.12 11:47:18.346,1.55635,1.55668,1.73,1.73
2012.11.12 11:47:18.776,1.55635,1.55668,1.73,1.73
2012.11.12 11:47:19.036,1.55635,1.55668,1.73,1.73
2012.11.12 11:47:19.096,1.55638,1.55668,1.55,1.50
2012.11.12 11:47:19.278,1.55643,1.55676,1.73,1.73
2012.11.12 11:47:19.338,1.55643,1.55676,2.11,1.73
2012.11.12 11:47:19.396,1.55648,1.55678,1.57,1.50
2012.11.12 11:47:19.756,1.55646,1.55673,1.57,2.93
2012.11.12 11:47:20.046,1.55643,1.55673,1.73,3.15
2012.11.12 11:47:20.289,1.55643,1.55672,1.73,1.95
2012.11.12 11:47:20.525,1.55636,1.55669,1.65,1.73
2012.11.12 11:47:20.585,1.55636,1.55667,1.65,3.08
2012.11.12 11:47:20.896,1.55636,1.55669,1.65,3.53
2012.11.12 11:47:21.017,1.55636,1.55665,1.65,2.25
2012.11.12 11:47:21.326,1.55639,1.55669,1.35,1.50
2012.11.12 11:47:21.789,1.55637,1.55669,1.24,1.73
2012.11.12 11:47:22.535,1.55637,1.55669,1.24,3.90
2012.11.12 11:47:31.155,1.55637,1.55661,1.24,2.48
2012.11.12 11:47:32.493,1.55637,1.55668,1.24,2.48
2012.11.12 11:47:32.956,1.55636,1.55668,1.73,2.63
2012.11.12 11:47:34.596,1.55636,1.55661,1.73,2.03
2012.11.12 11:47:34.948,1.55625,1.55654,1.49,1.50
2012.11.12 11:47:35.167,1.55624,1.55654,1.37,1.50
2012.11.12 11:47:35.465,1.55632,1.55662,1.20,1.50
2012.11.12 11:47:35.945,1.55636,1.55669,1.73,1.73
2012.11.12 11:47:36.005,1.55638,1.55669,1.49,1.50
2012.11.12 11:47:39.027,1.55636,1.55665,1.73,2.78
2012.11.12 11:47:39.345,1.5563,1.55659,1.19,1.50
2012.11.12 11:47:39.466,1.55629,1.55659,1.43,1.50
2012.11.12 11:47:40.516,1.55629,1.55659,1.43,1.50
2012.11.12 11:47:40.876,1.5563,1.55659,1.55,1.50
2012.11.12 11:47:41.568,1.5563,1.55659,1.55,1.50
2012.11.12 11:47:42.075,1.5563,1.55659,1.55,1.50
2012.11.12 11:47:42.337,1.55635,1.55668,1.73,1.73
2012.11.12 11:47:42.725,1.55641,1.55674,1.73,3.15
2012.11.12 11:47:43.133,1.55641,1.55674,1.73,3.15
2012.11.12 11:47:43.775,1.55641,1.55671,1.73,2.03
2012.11.12 11:47:44.043,1.55641,1.55673,1.73,2.40
2012.11.12 11:47:44.275,1.55641,1.55674,1.73,1.73
2012.11.12 11:47:44.396,1.55641,1.55674,1.73,1.73
2012.11.12 11:47:44.946,1.55641,1.55674,2.11,1.50
2012.11.12 11:47:45.299,1.55644,1.55674,1.56,1.50
2012.11.12 11:47:45.476,1.55644,1.55674,1.56,1.50
2012.11.12 11:47:45.937,1.55641,1.55674,1.73,1.73
2012.11.12 11:47:46.117,1.55644,1.55674,1.20,1.50
2012.11.12 11:47:46.176,1.55644,1.55674,1.20,1.50
2012.11.12 11:47:46.297,1.55644,1.55674,1.63,1.50
2012.11.12 11:47:46.537,1.55643,1.55673,1.43,2.85
2012.11.12 11:47:46.596,1.55643,1.55666,1.20,1.88
2012.11.12 11:47:46.657,1.55641,1.55666,1.73,1.88
2012.11.12 11:47:47.147,1.55638,1.55668,1.63,2.25
2012.11.12 11:47:47.456,1.55636,1.55668,1.73,2.48
2012.11.12 11:47:47.576,1.55636,1.55667,1.73,2.40
2012.11.12 11:47:47.636,1.55636,1.55663,1.73,2.03
2012.11.12 11:47:47.816,1.55628,1.55661,1.73,1.73
2012.11.12 11:47:48.055,1.55628,1.55661,1.73,1.73
2012.11.12 11:47:48.175,1.55628,1.55661,1.73,3.60
2012.11.12 11:47:48.483,1.55628,1.55645,1.73,2.03
2012.11.12 11:47:49.213,1.55628,1.55661,1.73,2.70
2012.11.12 11:47:49.466,1.55628,1.55645,1.73,1.58
2012.11.12 11:47:51.097,1.55628,1.55649,1.73,1.50
2012.11.12 11:47:51.656,1.55628,1.55661,1.73,1.73
2012.11.12 11:47:51.776,1.55628,1.55661,1.73,1.73
2012.11.12 11:47:52.842,1.55628,1.55651,1.73,1.95
2012.11.12 11:47:54.096,1.5563,1.55661,1.73,1.73
2012.11.12 11:47:54.217,1.55634,1.55667,1.73,1.73
2012.11.12 11:47:54.283,1.55634,1.55667,1.73,1.73
2012.11.12 11:47:54.348,1.55635,1.55661,1.67,2.33
2012.11.12 11:47:54.408,1.55637,1.55668,1.73,1.73
2012.11.12 11:47:54.465,1.55644,1.55668,1.43,1.50
2012.11.12 11:47:54.765,1.55647,1.55677,1.38,1.50
2012.11.12 11:47:55.006,1.55645,1.55677,1.59,1.73
2012.11.12 11:47:56.247,1.55641,1.5567,1.45,1.50
2012.11.12 11:47:57.337,1.55646,1.55678,1.73,1.73
2012.11.12 11:47:57.915,1.55646,1.55678,1.73,1.73
2012.11.12 11:47:57.975,1.55647,1.55678,1.29,1.50
2012.11.12 11:47:58.035,1.55647,1.55678,1.29,1.50
2012.11.12 11:47:58.217,1.55647,1.55678,1.20,1.50
2012.11.12 11:47:58.560,1.55647,1.55678,1.20,1.50
2012.11.12 11:47:58.675,1.55646,1.55678,1.73,1.73
2012.11.12 11:47:59.757,1.55646,1.55678,1.73,1.73
2012.11.12 11:48:00.025,1.55646,1.55678,1.73,1.73
2012.11.12 11:48:00.471,1.55647,1.55678,1.54,1.50
2012.11.12 11:48:00.796,1.55647,1.55678,1.54,1.50
2012.11.12 11:48:00.916,1.55647,1.55678,1.54,1.50
2012.11.12 11:48:01.036,1.55646,1.55678,1.73,1.73
2012.11.12 11:48:01.101,1.55646,1.55669,1.73,2.93
2012.11.12 11:48:03.727,1.55646,1.55678,1.73,1.73
2012.11.12 11:48:05.395,1.55646,1.55678,1.73,1.73
2012.11.12 11:48:05.845,1.55647,1.55678,1.38,1.50
2012.11.12 11:48:08.155,1.55647,1.55678,1.32,1.50
2012.11.12 11:48:09.146,1.55654,1.5568,1.50,1.50
2012.11.12 11:48:09.266,1.55654,1.55685,1.50,1.50
2012.11.12 11:48:09.386,1.55654,1.55685,1.45,1.50
2012.11.12 11:48:09.706,1.55654,1.55685,1.23,1.50
2012.11.12 11:48:09.826,1.55654,1.55685,1.38,1.50
2012.11.12 11:48:11.055,1.55654,1.55685,1.38,1.50
2012.11.12 11:48:11.730,1.55654,1.55685,1.52,1.50
2012.11.12 11:48:12.536,1.55654,1.55685,1.27,1.50
2012.11.12 11:48:12.596,1.55654,1.55685,1.27,1.50
2012.11.12 11:48:15.487,1.55654,1.55685,1.27,1.50
2012.11.12 11:48:15.546,1.55654,1.55685,1.27,1.50
2012.11.12 11:48:15.996,1.55654,1.55685,1.27,1.50
2012.11.12 11:48:16.535,1.55654,1.55685,1.27,1.50
2012.11.12 11:48:17.556,1.55654,1.55685,1.20,1.50
2012.11.12 11:48:17.856,1.55654,1.55685,1.20,1.50
2012.11.12 11:48:18.076,1.55654,1.55679,1.20,2.25
2012.11.12 11:48:19.097,1.55654,1.55686,1.56,1.50
2012.11.12 11:48:19.216,1.55664,1.55695,1.34,1.50
2012.11.12 11:48:19.276,1.55663,1.55695,1.73,1.73
2012.11.12 11:48:21.061,1.55663,1.55695,1.73,1.73
2012.11.12 11:48:21.376,1.55663,1.55695,2.20,1.50
2012.11.12 11:48:21.757,1.55664,1.55695,1.23,1.50
2012.11.12 11:48:22.276,1.55664,1.55695,1.43,1.50
2012.11.12 11:48:22.686,1.55664,1.55695,1.41,1.50
2012.11.12 11:48:22.807,1.55664,1.55695,1.25,1.50
2012.11.12 11:48:23.606,1.55664,1.55695,1.25,1.50
2012.11.12 11:48:24.027,1.55663,1.55695,2.27,1.50
2012.11.12 11:48:24.146,1.55663,1.55695,1.73,1.73
2012.11.12 11:48:24.498,1.55663,1.55695,1.73,1.73
2012.11.12 11:48:24.982,1.55656,1.55689,1.23,1.50
2012.11.12 11:48:25.109,1.55657,1.55689,1.56,1.50
2012.11.12 11:48:26.730,1.55666,1.55691,1.61,1.50
2012.11.12 11:48:26.910,1.55666,1.55697,2.36,1.50
2012.11.12 11:48:26.981,1.55668,1.55697,1.47,1.50
2012.11.12 11:48:27.126,1.55668,1.55697,1.34,1.50
2012.11.12 11:48:28.636,1.55668,1.55697,1.32,1.50
2012.11.12 11:48:28.996,1.55666,1.55696,1.73,3.15
2012.11.12 11:48:29.306,1.55657,1.55691,1.73,1.73
2012.11.12 11:48:29.656,1.55657,1.55691,1.73,1.73
2012.11.12 11:48:29.958,1.55657,1.55691,1.73,1.73
2012.11.12 11:48:30.041,1.55656,1.55685,1.41,1.50
2012.11.12 11:48:30.358,1.55652,1.55685,1.43,1.50
2012.11.12 11:48:31.148,1.55652,1.55682,1.43,1.50
2012.11.12 11:48:31.456,1.55661,1.55693,1.43,1.73
2012.11.12 11:48:31.698,1.55662,1.55694,1.38,1.50
2012.11.12 11:48:32.055,1.5567,1.55699,1.25,1.50
2012.11.12 11:48:32.356,1.5567,1.557,1.25,1.50
2012.11.12 11:48:32.416,1.55667,1.557,1.25,1.50
2012.11.12 11:48:32.596,1.55661,1.55692,1.73,1.50
2012.11.12 11:48:32.656,1.55661,1.55692,1.73,1.50
2012.11.12 11:48:32.717,1.55661,1.55692,1.73,1.73
2012.11.12 11:48:32.836,1.55661,1.55692,1.73,1.50
2012.11.12 11:48:33.366,1.55661,1.55692,1.73,1.50
2012.11.12 11:48:33.546,1.55661,1.55692,1.73,1.65
2012.11.12 11:48:36.327,1.55663,1.55692,1.41,1.50
2012.11.12 11:48:36.448,1.55668,1.55699,1.73,1.50
2012.11.12 11:48:37.056,1.55668,1.55699,1.73,1.50
2012.11.12 11:48:37.117,1.55661,1.55693,1.73,1.50
2012.11.12 11:48:37.176,1.55661,1.55693,1.73,1.50
2012.11.12 11:48:37.715,1.55661,1.55693,1.73,1.50
2012.11.12 11:48:38.956,1.55661,1.55693,1.73,1.73
2012.11.12 11:48:39.874,1.55661,1.55693,1.73,1.50
2012.11.12 11:48:40.386,1.55661,1.55693,1.73,1.50
2012.11.12 11:48:41.018,1.55661,1.55693,1.73,1.50
2012.11.12 11:48:41.136,1.55661,1.55693,1.73,1.73
2012.11.12 11:48:41.556,1.55661,1.55683,1.73,2.63
2012.11.12 11:48:41.676,1.55661,1.55693,2.38,1.73
2012.11.12 11:48:44.968,1.55662,1.55694,1.73,1.73
2012.11.12 11:48:45.087,1.55668,1.55699,1.73,1.73
2012.11.12 11:48:45.682,1.55669,1.55699,1.54,1.50
2012.11.12 11:48:45.751,1.55668,1.55699,1.50,3.60
2012.11.12 11:48:46.121,1.5566,1.55692,1.73,1.73
2012.11.12 11:48:46.457,1.5566,1.55692,2.27,1.50
2012.11.12 11:48:49.207,1.55663,1.55692,1.38,1.50
2012.11.12 11:48:49.266,1.55666,1.55695,1.38,1.50
2012.11.12 11:48:49.327,1.55667,1.55699,1.73,1.73
2012.11.12 11:48:50.336,1.55667,1.55699,1.73,1.73
2012.11.12 11:48:50.906,1.55667,1.55699,1.73,1.73
2012.11.12 11:48:51.146,1.55667,1.55695,1.73,2.93
2012.11.12 11:48:51.505,1.55674,1.55695,1.50,2.93
2012.11.12 11:48:51.928,1.55674,1.55695,1.73,2.93
2012.11.12 11:48:52.556,1.55674,1.55707,1.73,1.73
2012.11.12 11:48:54.106,1.55674,1.55706,1.73,2.03
2012.11.12 11:48:54.347,1.55668,1.55699,1.73,1.73
2012.11.12 11:48:54.886,1.55668,1.55699,1.73,1.73
2012.11.12 11:48:55.457,1.55668,1.55701,1.73,1.73
2012.11.12 11:48:55.777,1.55675,1.55707,1.73,2.10
2012.11.12 11:48:56.628,1.55668,1.55699,1.73,1.73
2012.11.12 11:48:56.746,1.55668,1.55699,1.73,1.73
2012.11.12 11:48:57.106,1.55674,1.55707,1.73,1.73
2012.11.12 11:48:57.166,1.55674,1.55707,1.73,1.73
2012.11.12 11:49:01.109,1.55674,1.55693,1.73,1.80
2012.11.12 11:49:02.767,1.55674,1.55707,1.73,1.73
2012.11.12 11:49:03.086,1.55674,1.55707,1.73,1.73
2012.11.12 11:49:11.126,1.55674,1.55692,1.73,2.10
2012.11.12 11:49:14.528,1.55674,1.55706,1.73,2.10
2012.11.12 11:49:14.589,1.55674,1.55706,1.73,2.10
2012.11.12 11:49:15.667,1.5567,1.55696,1.32,1.50
2012.11.12 11:49:15.847,1.55663,1.55695,1.73,3.53
2012.11.12 11:49:16.217,1.55663,1.55695,1.73,1.73
2012.11.12 11:49:16.340,1.55663,1.55695,1.73,1.73
2012.11.12 11:49:16.398,1.55663,1.55695,1.73,1.73
2012.11.12 11:49:16.457,1.55665,1.55695,1.43,1.50
2012.11.12 11:49:16.898,1.55671,1.55701,1.50,3.36
2012.11.12 11:49:17.139,1.55673,1.55704,1.41,1.50
2012.11.12 11:49:17.377,1.55679,1.55711,1.73,1.73
2012.11.12 11:49:17.507,1.5568,1.55711,1.27,1.50
2012.11.12 11:49:17.927,1.55686,1.55711,1.27,1.50
2012.11.12 11:49:18.419,1.55688,1.55719,1.36,1.50
2012.11.12 11:49:19.449,1.55688,1.55719,1.36,1.50
2012.11.12 11:49:19.631,1.55688,1.55719,1.25,1.50
2012.11.12 11:49:21.167,1.55688,1.55721,1.25,2.48
2012.11.12 11:49:21.727,1.55688,1.55721,1.63,2.25
2012.11.12 11:49:21.848,1.55688,1.55721,1.63,2.25
2012.11.12 11:49:21.967,1.55689,1.55721,1.06,2.25
2012.11.12 11:49:22.027,1.55694,1.55726,1.50,1.50
2012.11.12 11:49:22.158,1.55702,1.55732,1.25,1.50
2012.11.12 11:49:24.619,1.55709,1.55739,1.25,1.50
2012.11.12 11:49:24.738,1.5571,1.55739,1.47,1.50
2012.11.12 11:49:25.098,1.5571,1.55741,1.45,2.25
2012.11.12 11:49:25.458,1.55705,1.55736,1.35,1.50
2012.11.12 11:49:25.638,1.55703,1.55736,1.50,1.50
2012.11.12 11:49:25.757,1.55705,1.55736,1.31,1.50
2012.11.12 11:49:25.887,1.55703,1.55733,1.23,1.50
2012.11.12 11:49:26.007,1.557,1.55733,1.73,1.73
2012.11.12 11:49:26.497,1.55696,1.55728,1.38,1.50
2012.11.12 11:49:26.858,1.55693,1.55717,1.20,1.50
2012.11.12 11:49:27.268,1.55692,1.55722,1.73,1.58
2012.11.12 11:49:27.947,1.55687,1.55718,1.34,1.73
2012.11.12 11:49:31.020,1.55689,1.55721,1.73,2.93
2012.11.12 11:49:31.139,1.55687,1.55718,1.34,1.73
2012.11.12 11:49:31.397,1.55684,1.55716,1.34,1.50
2012.11.12 11:49:31.521,1.55682,1.55716,1.73,1.73
2012.11.12 11:49:31.638,1.55682,1.55716,1.73,1.73
2012.11.12 11:49:31.845,1.55682,1.55716,1.73,1.73
2012.11.12 11:49:33.564,1.55689,1.55722,1.73,1.73
2012.11.12 11:49:35.688,1.55683,1.55716,1.73,1.73
2012.11.12 11:49:35.808,1.55683,1.55716,1.73,1.73
2012.11.12 11:49:36.369,1.55683,1.55716,1.98,1.50
2012.11.12 11:49:37.318,1.55683,1.55715,1.98,1.35
2012.11.12 11:49:37.437,1.55684,1.55715,1.73,1.50
2012.11.12 11:49:37.557,1.55684,1.55717,1.73,1.73
2012.11.12 11:49:37.679,1.55679,1.5571,1.32,1.50
2012.11.12 11:49:38.017,1.55683,1.55717,2.07,1.73
2012.11.12 11:49:38.889,1.5569,1.55723,2.11,1.73
2012.11.12 11:49:39.067,1.55696,1.55729,1.98,1.58
2012.11.12 11:49:39.128,1.55696,1.55729,1.73,1.58
2012.11.12 11:49:40.127,1.55696,1.55724,1.50,2.33
2012.11.12 11:49:40.188,1.55684,1.55715,1.45,1.35
2012.11.12 11:49:40.697,1.55684,1.55715,1.45,2.10
2012.11.12 11:49:40.879,1.55679,1.55711,1.50,1.50
2012.11.12 11:49:40.939,1.55677,1.55708,1.50,1.50
2012.11.12 11:49:41.237,1.55677,1.55711,2.36,1.73
2012.11.12 11:49:42.388,1.55677,1.55711,1.73,1.73
2012.11.12 11:49:43.208,1.55677,1.55711,1.73,1.73
2012.11.12 11:49:43.328,1.55678,1.55711,1.23,1.73
2012.11.12 11:49:43.668,1.5568,1.55716,1.54,1.73
2012.11.12 11:49:43.728,1.55683,1.55718,1.73,1.73
2012.11.12 11:49:44.997,1.55685,1.55718,1.23,1.50
2012.11.12 11:49:45.237,1.55683,1.55718,1.73,1.73
2012.11.12 11:49:48.067,1.55683,1.55718,2.02,1.73
2012.11.12 11:49:51.507,1.55689,1.55722,1.43,1.50
2012.11.12 11:49:51.567,1.55691,1.55724,1.73,1.73
2012.11.12 11:49:51.628,1.55691,1.55724,1.73,1.73
2012.11.12 11:49:51.900,1.55691,1.55724,1.73,1.73
2012.11.12 11:49:53.546,1.5569,1.55724,1.43,1.73
2012.11.12 11:49:53.940,1.55683,1.55714,1.63,1.50
2012.11.12 11:49:54.073,1.55683,1.55718,2.38,1.73
2012.11.12 11:49:54.198,1.55685,1.5572,1.73,1.73
2012.11.12 11:49:56.498,1.55685,1.5572,1.73,1.73
2012.11.12 11:49:57.429,1.55681,1.55713,1.63,1.50
2012.11.12 11:49:57.550,1.55678,1.55713,1.73,1.73
2012.11.12 11:49:57.748,1.55686,1.55717,1.47,1.50
2012.11.12 11:49:58.331,1.55687,1.55719,1.73,1.73
2012.11.12 11:49:58.448,1.55688,1.55719,1.52,1.50
2012.11.12 11:49:59.567,1.55688,1.55719,1.32,1.50
2012.11.12 11:50:00.657,1.55687,1.55719,1.73,1.50
2012.11.12 11:50:02.308,1.55687,1.55719,1.38,1.50
2012.11.12 11:50:02.967,1.55685,1.55719,1.73,1.73
2012.11.12 11:50:03.027,1.55681,1.55712,1.73,1.50
2012.11.12 11:50:03.380,1.55681,1.55712,1.61,1.50
2012.11.12 11:50:03.617,1.5567,1.55704,1.73,1.56
2012.11.12 11:50:04.778,1.55671,1.55705,1.95,1.73
2012.11.12 11:50:07.009,1.55672,1.55705,1.25,1.50
2012.11.12 11:50:09.888,1.55671,1.55705,1.73,1.73
2012.11.12 11:50:10.157,1.55671,1.55705,1.73,1.73
2012.11.12 11:50:10.597,1.55671,1.55705,1.73,1.73
2012.11.12 11:50:12.139,1.55672,1.55705,2.34,1.73
2012.11.12 11:50:12.378,1.55671,1.55704,1.73,1.73
2012.11.12 11:50:12.617,1.55671,1.55698,1.73,1.35
2012.11.12 11:50:13.037,1.55664,1.55697,1.73,1.73
2012.11.12 11:50:13.158,1.55664,1.55696,1.50,1.52
2012.11.12 11:50:13.281,1.5566,1.55695,1.73,1.52
2012.11.12 11:50:13.826,1.55657,1.55692,1.73,1.73
2012.11.12 11:50:17.247,1.55657,1.55692,2.16,1.73
2012.11.12 11:50:17.457,1.55657,1.55692,1.73,1.73
2012.11.12 11:50:19.884,1.55657,1.55692,1.73,2.48
2012.11.12 11:50:21.257,1.55657,1.55689,1.50,1.25
2012.11.12 11:50:21.327,1.55657,1.5569,1.73,1.73
2012.11.12 11:50:21.508,1.55657,1.55689,1.73,1.41
2012.11.12 11:50:21.687,1.55647,1.55689,3.09,1.41
2012.11.12 11:50:21.807,1.55646,1.55679,1.73,1.73
2012.11.12 11:50:22.978,1.55646,1.55686,1.73,2.48
2012.11.12 11:50:23.097,1.5565,1.55687,1.20,1.73
2012.11.12 11:50:23.340,1.55645,1.55679,1.73,1.73
2012.11.12 11:50:24.378,1.55645,1.55679,1.73,1.73
2012.11.12 11:50:25.547,1.55647,1.55679,1.43,1.50
2012.11.12 11:50:25.847,1.5565,1.55679,1.36,1.50
2012.11.12 11:50:25.909,1.55655,1.55688,1.36,1.73
2012.11.12 11:50:30.167,1.55655,1.55688,1.56,1.50
2012.11.12 11:50:31.017,1.55655,1.55688,2.31,1.50
2012.11.12 11:50:41.008,1.55653,1.55688,1.73,2.48
2012.11.12 11:50:41.247,1.5565,1.55686,1.63,2.48
2012.11.12 11:50:41.547,1.55646,1.55678,1.73,1.73
2012.11.12 11:50:43.428,1.55648,1.55681,1.23,1.73
2012.11.12 11:50:43.757,1.55649,1.55681,1.45,1.50
2012.11.12 11:50:46.807,1.55646,1.55679,1.73,1.73
2012.11.12 11:50:46.927,1.55641,1.55679,1.73,1.73
2012.11.12 11:50:48.668,1.55641,1.55674,1.77,2.25
2012.11.12 11:50:48.925,1.5566,1.55691,1.27,1.65
2012.11.12 11:50:49.457,1.5566,1.55691,1.27,1.65
2012.11.12 11:50:49.517,1.5566,1.55691,1.27,1.50
2012.11.12 11:50:50.565,1.5566,1.55689,1.27,1.50
2012.11.12 11:50:50.808,1.55654,1.55683,1.73,1.50
2012.11.12 11:50:51.129,1.55653,1.55683,1.63,1.50
2012.11.12 11:50:51.188,1.55652,1.55683,1.73,1.50
2012.11.12 11:50:58.698,1.55652,1.55683,1.73,1.50
2012.11.12 11:51:00.607,1.55652,1.55683,1.73,1.50
2012.11.12 11:51:00.667,1.55654,1.55683,1.56,1.50
2012.11.12 11:51:01.197,1.55654,1.55683,1.56,1.50
2012.11.12 11:51:05.272,1.55652,1.55683,1.73,1.73
2012.11.12 11:51:05.866,1.55652,1.55683,1.73,1.73
2012.11.12 11:51:08.957,1.55652,1.55683,1.73,1.73
2012.11.12 11:51:09.080,1.55652,1.55683,1.73,1.73
2012.11.12 11:51:09.142,1.55652,1.55685,1.73,1.73
2012.11.12 11:51:09.998,1.5566,1.55689,1.73,2.85
2012.11.12 11:51:10.058,1.5566,1.55691,1.73,2.85
2012.11.12 11:51:10.119,1.5566,1.55691,1.73,2.85
2012.11.12 11:51:10.387,1.5566,1.55693,1.73,1.73
2012.11.12 11:51:10.447,1.5566,1.55696,1.73,1.52
2012.11.12 11:51:10.698,1.55672,1.55704,1.45,1.50
2012.11.12 11:51:10.757,1.55672,1.55706,2.20,1.73
2012.11.12 11:51:10.937,1.55679,1.55712,1.73,1.73
2012.11.12 11:51:10.997,1.55681,1.55712,1.61,1.50
2012.11.12 11:51:11.517,1.55686,1.55718,1.73,1.73
2012.11.12 11:51:15.892,1.55686,1.55718,1.50,1.73
2012.11.12 11:51:18.634,1.55686,1.55718,1.65,1.73
2012.11.12 11:51:19.625,1.55686,1.55718,1.73,1.73
2012.11.12 11:51:31.007,1.55686,1.55718,1.73,1.73
2012.11.12 11:51:33.218,1.55688,1.55719,1.20,1.50
2012.11.12 11:51:33.397,1.55689,1.55721,1.20,1.73
2012.11.12 11:51:33.457,1.55692,1.55726,1.73,1.73
2012.11.12 11:51:33.817,1.55694,1.55728,1.23,2.25
2012.11.12 11:51:33.945,1.55698,1.55728,1.23,1.50
2012.11.12 11:51:36.488,1.55699,1.55735,1.73,1.73
2012.11.12 11:51:41.688,1.55699,1.55732,1.73,1.73
2012.11.12 11:51:41.808,1.55693,1.55726,1.73,1.73
2012.11.12 11:51:45.108,1.55693,1.55726,1.73,1.73
2012.11.12 11:51:50.178,1.55693,1.55725,1.73,1.63
2012.11.12 11:51:51.068,1.55693,1.55726,1.73,1.73
2012.11.12 11:51:51.608,1.55696,1.55727,1.49,1.50
2012.11.12 11:51:51.847,1.55702,1.55728,1.49,1.50
2012.11.12 11:51:52.039,1.55702,1.55727,1.49,1.50
2012.11.12 11:51:52.397,1.55694,1.55725,1.49,1.50
2012.11.12 11:51:52.708,1.55692,1.55721,1.26,1.50
2012.11.12 11:51:53.098,1.55689,1.55721,2.25,1.50
2012.11.12 11:51:53.219,1.55682,1.55716,1.73,1.73
2012.11.12 11:51:53.278,1.55682,1.55715,1.73,1.73
2012.11.12 11:52:01.708,1.55684,1.55715,1.38,1.50
2012.11.12 11:52:01.768,1.55688,1.55721,1.73,1.73
2012.11.12 11:52:11.544,1.55688,1.55721,1.73,1.73
2012.11.12 11:52:12.567,1.55688,1.55721,1.73,1.73
2012.11.12 11:52:15.589,1.55688,1.55721,1.73,1.73
2012.11.12 11:52:19.137,1.55688,1.55721,1.73,1.73
2012.11.12 11:52:27.507,1.55688,1.55719,1.73,1.73
2012.11.12 11:52:33.539,1.55688,1.55719,1.56,1.50
2012.11.12 11:52:33.659,1.55695,1.55728,1.73,1.73
2012.11.12 11:52:34.035,1.55695,1.55728,1.73,1.73
2012.11.12 11:52:35.607,1.55695,1.55728,1.73,1.73
2012.11.12 11:52:40.519,1.55701,1.55728,1.47,1.50
2012.11.12 11:52:40.708,1.55698,1.55735,1.58,1.73
2012.11.12 11:52:41.067,1.55703,1.55735,2.34,1.73
2012.11.12 11:52:41.608,1.55711,1.55743,1.63,1.50
2012.11.12 11:52:41.973,1.55704,1.55735,1.52,1.50
2012.11.12 11:52:42.097,1.55703,1.55735,1.73,1.73
2012.11.12 11:52:43.848,1.55703,1.55735,2.27,1.50
2012.11.12 11:52:47.818,1.55697,1.55734,1.73,1.73
2012.11.12 11:52:47.997,1.55695,1.55729,1.73,1.73
2012.11.12 11:52:48.319,1.55695,1.55729,1.73,1.73
2012.11.12 11:52:50.087,1.55698,1.55732,1.73,1.20
2012.11.12 11:52:50.207,1.55697,1.55732,1.73,1.20
2012.11.12 11:52:50.991,1.55694,1.55729,1.73,1.65
2012.11.12 11:52:51.694,1.55694,1.55729,2.48,1.73
2012.11.12 11:52:53.207,1.55697,1.55729,1.73,1.73
2012.11.12 11:52:53.328,1.557,1.55729,1.50,1.50
2012.11.12 11:52:53.810,1.55701,1.55737,1.73,1.73
2012.11.12 11:52:54.715,1.55701,1.55737,1.95,1.73
2012.11.12 11:52:55.045,1.55701,1.55737,2.27,1.73
2012.11.12 11:52:56.855,1.55701,1.55737,1.73,1.73
2012.11.12 11:53:01.858,1.55696,1.55728,1.47,1.50
2012.11.12 11:53:01.919,1.55696,1.55728,1.73,1.73
2012.11.12 11:53:02.109,1.55695,1.55728,1.73,1.73
2012.11.12 11:53:02.637,1.55693,1.55728,1.73,1.73
2012.11.12 11:53:10.719,1.55689,1.55721,2.36,1.50
2012.11.12 11:53:11.407,1.55689,1.55721,2.25,1.50
2012.11.12 11:53:11.468,1.55689,1.55721,1.73,1.73
2012.11.12 11:53:11.648,1.55687,1.55721,1.73,1.73
2012.11.12 11:53:12.041,1.55687,1.55721,1.73,1.73
2012.11.12 11:53:13.574,1.55688,1.55722,1.73,1.73
2012.11.12 11:53:14.458,1.5569,1.55722,1.63,1.73
2012.11.12 11:53:23.448,1.55696,1.55727,1.41,1.50
2012.11.12 11:53:24.538,1.55699,1.55727,1.50,1.50
2012.11.12 11:53:24.840,1.55699,1.55734,1.50,1.73
2012.11.12 11:53:24.898,1.55703,1.55736,1.41,1.50
2012.11.12 11:53:25.695,1.55701,1.55736,1.73,1.73
2012.11.12 11:53:26.067,1.55696,1.55728,1.73,1.73
2012.11.12 11:53:26.677,1.55695,1.55728,2.48,1.73
2012.11.12 11:53:29.628,1.55706,1.55738,1.50,1.36
2012.11.12 11:53:29.687,1.55706,1.55738,1.50,1.36
2012.11.12 11:53:29.868,1.55701,1.55732,1.73,1.73
2012.11.12 11:53:29.928,1.55701,1.55732,1.73,1.73
2012.11.12 11:53:30.647,1.55699,1.55732,2.48,1.73
2012.11.12 11:53:36.259,1.55699,1.5573,2.25,1.38
2012.11.12 11:53:36.318,1.55691,1.55725,1.73,1.38
2012.11.12 11:53:36.617,1.55699,1.55727,1.50,1.38
2012.11.12 11:53:36.677,1.55701,1.55732,1.59,1.50
2012.11.12 11:53:36.797,1.55701,1.55727,1.59,1.50
2012.11.12 11:53:36.857,1.55701,1.55729,1.59,1.50
2012.11.12 11:53:40.137,1.55705,1.55734,1.73,1.73
2012.11.12 11:53:40.198,1.55705,1.55736,2.20,1.50
2012.11.12 11:53:40.386,1.55703,1.55736,1.73,1.73
2012.11.12 11:53:41.427,1.55702,1.55734,1.73,1.73
2012.11.12 11:53:41.960,1.557,1.55724,1.50,1.50
2012.11.12 11:53:44.098,1.55704,1.55737,1.73,1.73
2012.11.12 11:53:44.158,1.55707,1.55729,1.20,1.50
2012.11.12 11:53:46.818,1.55698,1.55729,1.73,1.73
2012.11.12 11:53:47.417,1.55698,1.55729,1.73,1.73
2012.11.12 11:53:47.658,1.55685,1.55717,1.73,1.73
2012.11.12 11:53:47.719,1.55692,1.55725,1.50,2.22
2012.11.12 11:53:48.293,1.55692,1.55725,2.25,2.22
2012.11.12 11:53:48.597,1.55693,1.55725,1.73,1.73
2012.11.12 11:53:48.920,1.55694,1.55725,1.56,1.50
2012.11.12 11:53:49.038,1.55693,1.55725,1.73,1.73
2012.11.12 11:53:51.198,1.55693,1.55725,1.73,1.73
2012.11.12 11:53:53.567,1.55694,1.55725,1.23,1.50
2012.11.12 11:54:00.159,1.55695,1.55725,1.38,1.50
2012.11.12 11:54:00.398,1.55699,1.55732,1.73,1.73
2012.11.12 11:54:00.698,1.557,1.55732,1.73,1.73
2012.11.12 11:54:10.158,1.55699,1.55732,2.48,1.73
2012.11.12 11:54:11.088,1.55692,1.55723,1.54,1.50
2012.11.12 11:54:11.148,1.55692,1.55723,1.50,2.29
2012.11.12 11:54:11.268,1.55692,1.55723,1.73,1.73
2012.11.12 11:54:12.111,1.55693,1.55726,1.73,1.73
2012.11.12 11:54:12.267,1.55693,1.55726,1.73,1.73
2012.11.12 11:54:16.887,1.55693,1.55726,1.73,1.73
2012.11.12 11:54:20.858,1.55693,1.55726,1.73,1.73
2012.11.12 11:54:20.988,1.55693,1.55726,1.73,1.73
2012.11.12 11:54:21.110,1.55699,1.55732,1.73,1.73
2012.11.12 11:54:58.857,1.55698,1.55732,1.73,1.52
2012.11.12 11:54:59.919,1.55698,1.55733,1.73,1.73
2012.11.12 11:55:00.798,1.55698,1.55734,1.73,1.73
2012.11.12 11:55:07.218,1.55699,1.55732,1.73,1.73
2012.11.12 11:55:08.557,1.55702,1.55735,1.27,1.50
2012.11.12 11:55:10.638,1.55694,1.55726,1.65,1.50
2012.11.12 11:55:10.758,1.55692,1.55726,1.52,1.73
2012.11.12 11:55:11.738,1.55694,1.55726,1.43,1.50
2012.11.12 11:55:11.997,1.55701,1.55732,1.43,1.50
2012.11.12 11:55:15.497,1.55699,1.55732,1.73,1.73
2012.11.12 11:55:15.797,1.55701,1.55732,1.36,1.50
2012.11.12 11:55:16.448,1.55701,1.55732,1.50,1.50
2012.11.12 11:55:17.889,1.55699,1.55732,1.73,1.73
2012.11.12 11:55:18.428,1.55699,1.5573,1.73,1.73
2012.11.12 11:55:20.911,1.55699,1.55732,1.73,2.48
2012.11.12 11:55:23.998,1.55701,1.55732,1.43,1.50
2012.11.12 11:55:38.848,1.55697,1.55731,1.73,1.73
2012.11.12 11:55:39.148,1.55697,1.55731,1.73,1.73
2012.11.12 11:55:41.777,1.55697,1.55726,1.50,1.47
2012.11.12 11:55:41.837,1.55689,1.55724,1.73,1.73
2012.11.12 11:55:42.017,1.55691,1.55724,1.61,1.73
2012.11.12 11:55:43.199,1.55694,1.55724,1.61,1.50
2012.11.12 11:55:43.379,1.55697,1.55731,1.61,1.73
2012.11.12 11:55:43.439,1.55695,1.55731,1.73,1.73
2012.11.12 11:55:43.799,1.55689,1.55724,1.73,1.52
2012.11.12 11:55:44.252,1.55688,1.55721,1.73,1.73
2012.11.12 11:55:44.318,1.55688,1.55721,1.73,1.73
2012.11.12 11:55:44.900,1.55688,1.55721,1.73,1.73
2012.11.12 11:55:45.648,1.55688,1.5572,2.48,1.61
2012.11.12 11:55:45.829,1.55688,1.55721,3.11,1.50
2012.11.12 11:55:46.007,1.55688,1.55721,1.73,1.73
2012.11.12 11:55:46.257,1.55688,1.55721,1.73,1.73
2012.11.12 11:55:48.061,1.55688,1.55721,1.73,1.73
2012.11.12 11:55:50.150,1.55689,1.55721,1.73,1.73
2012.11.12 11:55:50.507,1.55694,1.55726,1.50,1.20
2012.11.12 11:55:50.920,1.55687,1.55721,1.73,1.73
2012.11.12 11:55:51.038,1.55687,1.5572,1.50,1.43
2012.11.12 11:55:51.168,1.55687,1.5572,1.50,1.32
2012.11.12 11:55:51.349,1.55681,1.55714,1.73,1.73
2012.11.12 11:55:51.588,1.55682,1.55714,1.73,1.73
2012.11.12 11:55:53.029,1.55682,1.55714,1.73,1.73
2012.11.12 11:56:16.942,1.55687,1.55719,1.73,1.73
2012.11.12 11:56:19.158,1.55687,1.55719,1.73,1.73
2012.11.12 11:56:25.450,1.55687,1.5572,1.73,1.73
2012.11.12 11:56:25.928,1.55683,1.55711,1.23,1.50
2012.11.12 11:56:27.009,1.55679,1.55711,1.27,1.50
2012.11.12 11:56:29.099,1.55679,1.55711,1.41,1.50
2012.11.12 11:56:32.657,1.55685,1.5572,2.16,2.48
2012.11.12 11:56:38.290,1.55685,1.55717,2.16,1.73
2012.11.12 11:56:38.546,1.55685,1.55715,1.41,1.50
2012.11.12 11:56:38.629,1.55673,1.55709,1.73,1.73
2012.11.12 11:56:39.069,1.55676,1.55709,1.61,1.50
2012.11.12 11:56:39.738,1.55681,1.55716,2.16,1.73
2012.11.12 11:56:39.871,1.55681,1.55716,1.73,1.73
2012.11.12 11:56:49.758,1.55684,1.55716,1.45,1.50
2012.11.12 11:56:59.398,1.55684,1.55716,1.45,1.50
2012.11.12 11:57:02.994,1.55684,1.55717,1.20,1.50
2012.11.12 11:57:13.562,1.55687,1.55718,1.27,1.50
2012.11.12 11:57:13.619,1.5569,1.55722,2.00,1.50
2012.11.12 11:57:14.147,1.5569,1.55721,1.73,1.73
2012.11.12 11:57:14.678,1.5569,1.55721,1.73,1.73
2012.11.12 11:57:14.797,1.5569,1.55723,2.36,1.73
2012.11.12 11:57:15.119,1.55697,1.55729,1.73,1.73
2012.11.12 11:57:15.303,1.55697,1.55729,1.73,1.73
2012.11.12 11:57:20.946,1.55697,1.55729,1.73,1.73
2012.11.12 11:57:28.758,1.55697,1.55729,1.73,1.73
2012.11.12 11:57:29.067,1.55698,1.55729,1.52,1.50
2012.11.12 11:57:35.147,1.55698,1.55731,2.27,1.50
2012.11.12 11:57:42.929,1.55698,1.5573,1.73,1.73
2012.11.12 11:57:46.347,1.55698,1.5573,1.73,1.73
2012.11.12 11:57:51.278,1.55698,1.5573,1.73,1.73
2012.11.12 11:57:51.639,1.55698,1.55727,1.36,1.50
2012.11.12 11:57:51.820,1.55695,1.55725,1.23,1.50
2012.11.12 11:57:57.808,1.55692,1.55726,1.73,1.73
2012.11.12 11:57:59.438,1.55695,1.55727,1.41,1.50
2012.11.12 11:58:00.973,1.55695,1.55727,1.63,1.50
2012.11.12 11:58:03.790,1.55704,1.55736,1.73,1.73
2012.11.12 11:58:03.971,1.55704,1.55736,1.73,1.50
2012.11.12 11:58:04.088,1.55704,1.55736,1.73,1.73
2012.11.12 11:58:04.868,1.55704,1.55736,1.73,1.73
2012.11.12 11:58:13.418,1.55704,1.55736,1.73,1.73
2012.11.12 11:58:18.060,1.55695,1.55731,1.73,1.73
2012.11.12 11:58:18.118,1.55695,1.55728,1.73,1.73
2012.11.12 11:58:18.299,1.55695,1.55728,1.73,1.73
2012.11.12 11:58:18.611,1.55695,1.55728,1.73,1.32
2012.11.12 11:58:18.738,1.55695,1.55729,2.16,1.73
2012.11.12 11:58:19.648,1.55695,1.55728,2.16,1.73
2012.11.12 11:58:19.968,1.55695,1.55728,1.73,1.73
2012.11.12 11:58:21.188,1.55695,1.55728,1.73,1.73
2012.11.12 11:58:23.329,1.55695,1.55728,1.73,1.73
2012.11.12 11:58:24.368,1.55695,1.55731,1.73,1.73
2012.11.12 11:58:24.489,1.55705,1.55737,1.73,1.73
2012.11.12 11:58:25.998,1.55697,1.55732,1.73,1.73
2012.11.12 11:58:28.281,1.55698,1.55732,1.38,2.48
2012.11.12 11:58:40.378,1.557,1.55732,1.27,1.50
2012.11.12 11:58:40.498,1.55705,1.55736,1.73,1.73
2012.11.12 11:58:46.509,1.55707,1.55738,1.43,1.50
2012.11.12 11:58:46.747,1.55705,1.55738,1.73,1.73
2012.11.12 11:58:48.341,1.55705,1.55738,1.73,1.73
2012.11.12 11:58:51.479,1.55705,1.55736,1.73,1.73
2012.11.12 11:58:51.689,1.55705,1.55736,1.73,1.73
2012.11.12 11:59:03.059,1.55697,1.55735,1.34,1.73
2012.11.12 11:59:03.708,1.55697,1.55733,1.34,1.73
2012.11.12 11:59:03.768,1.557,1.55735,1.73,2.48
2012.11.12 11:59:08.988,1.55702,1.55734,1.38,1.73
2012.11.12 11:59:23.848,1.55702,1.55734,1.65,1.50
2012.11.12 11:59:24.429,1.55702,1.55735,1.65,1.73
2012.11.12 11:59:24.992,1.55702,1.55735,2.10,1.73
2012.11.12 11:59:28.778,1.55703,1.55737,1.22,1.73
2012.11.12 11:59:29.378,1.55702,1.55737,2.32,1.73
2012.11.12 11:59:32.008,1.55703,1.55737,1.22,1.73
2012.11.12 11:59:32.068,1.55703,1.5574,1.22,1.73
2012.11.12 11:59:32.128,1.5571,1.55744,1.73,1.73
2012.11.12 11:59:32.449,1.5571,1.55744,2.34,1.73
2012.11.12 11:59:32.571,1.5571,1.55744,1.73,1.73
2012.11.12 11:59:32.821,1.55708,1.5574,1.61,1.73
2012.11.12 11:59:32.938,1.55704,1.55736,1.97,1.73
2012.11.12 11:59:33.638,1.55704,1.55736,1.97,1.73
2012.11.12 11:59:33.758,1.55704,1.55736,1.73,1.73
2012.11.12 11:59:37.498,1.55704,1.55736,1.73,1.73
2012.11.12 11:59:37.678,1.55704,1.55736,1.73,1.73
2012.11.12 11:59:40.069,1.55698,1.55731,1.41,1.73
2012.11.12 11:59:40.248,1.55698,1.55736,1.41,1.73
2012.11.12 11:59:40.309,1.55702,1.55736,1.59,1.73
2012.11.12 11:59:40.549,1.55698,1.55734,1.50,1.73
2012.11.12 11:59:40.610,1.55698,1.55731,1.50,1.50
2012.11.12 11:59:40.669,1.55698,1.55734,1.73,1.73
2012.11.12 11:59:40.788,1.55703,1.55735,1.73,1.73
2012.11.12 11:59:40.968,1.55703,1.55735,1.73,1.73
2012.11.12 11:59:49.979,1.55688,1.55724,1.73,1.73
2012.11.12 11:59:52.402,1.55688,1.55724,1.73,1.73
2012.11.12 11:59:52.759,1.55692,1.55724,1.59,1.50
2012.11.12 11:59:53.119,1.55711,1.55744,1.20,1.50
2012.11.12 11:59:53.598,1.55709,1.55744,1.73,1.73
2012.11.12 11:59:55.540,1.55706,1.55744,1.54,2.48
2012.11.12 11:59:55.599,1.55702,1.55737,1.73,1.73
2012.11.12 11:59:57.988,1.55705,1.55737,1.29,1.50
2012.11.12 11:59:59.550,1.55708,1.55741,1.73,1.73
2012.11.12 11:59:59.978,1.55712,1.55747,1.59,1.73
