2012.11.21 04:00:00.344,1.56907,1.56938,1.56,1.50
2012.11.21 04:00:01.465,1.56907,1.56938,1.41,1.50
2012.11.21 04:00:01.770,1.56913,1.56945,1.73,1.73
2012.11.21 04:00:01.994,1.56915,1.56945,1.34,1.50
2012.11.21 04:00:02.534,1.56915,1.56945,1.34,1.50
2012.11.21 04:00:03.054,1.56913,1.56945,1.73,1.73
2012.11.21 04:00:03.524,1.56906,1.56939,2.00,1.50
2012.11.21 04:00:04.230,1.56906,1.56939,2.22,1.50
2012.11.21 04:00:06.665,1.56906,1.56934,1.47,2.25
2012.11.21 04:00:06.724,1.56903,1.56934,1.54,2.25
2012.11.21 04:00:06.905,1.56898,1.56932,2.27,1.50
2012.11.21 04:00:08.184,1.56894,1.56925,2.38,1.50
2012.11.21 04:00:09.374,1.56905,1.56934,1.50,1.73
2012.11.21 04:00:09.434,1.56906,1.56939,1.50,1.73
2012.11.21 04:00:09.666,1.56907,1.56939,1.52,1.50
2012.11.21 04:00:10.024,1.56907,1.56939,1.27,1.50
2012.11.21 04:00:10.145,1.56907,1.56939,1.25,1.50
2012.11.21 04:00:10.557,1.56916,1.56945,1.52,1.50
2012.11.21 04:00:10.684,1.56912,1.56945,1.50,1.73
2012.11.21 04:00:11.108,1.56905,1.56937,1.38,1.50
2012.11.21 04:00:11.344,1.56902,1.56937,1.73,1.73
2012.11.21 04:00:11.476,1.56904,1.56937,1.23,1.50
2012.11.21 04:00:11.540,1.56902,1.56937,1.73,1.73
2012.11.21 04:00:11.904,1.56902,1.56932,1.27,1.50
2012.11.21 04:00:12.024,1.56899,1.56932,1.63,1.73
2012.11.21 04:00:12.496,1.56896,1.5693,2.16,1.50
2012.11.21 04:00:12.735,1.56902,1.56936,1.73,1.73
2012.11.21 04:00:12.855,1.56902,1.56936,1.73,1.73
2012.11.21 04:00:12.916,1.56902,1.56936,1.73,1.73
2012.11.21 04:00:13.274,1.56902,1.56934,1.50,2.00
2012.11.21 04:00:13.334,1.56902,1.56934,1.50,1.25
2012.11.21 04:00:13.934,1.56901,1.56936,1.73,1.73
2012.11.21 04:00:14.329,1.56901,1.56934,1.50,1.61
2012.11.21 04:00:14.854,1.56894,1.56929,1.73,1.73
2012.11.21 04:00:19.884,1.56887,1.5691,1.47,1.50
2012.11.21 04:00:19.944,1.56887,1.56913,1.47,1.50
2012.11.21 04:00:20.003,1.56887,1.56914,1.47,2.25
2012.11.21 04:00:20.485,1.56882,1.56914,1.36,2.25
2012.11.21 04:00:20.600,1.5688,1.5691,1.50,1.56
2012.11.21 04:00:21.158,1.56875,1.56907,1.50,1.73
2012.11.21 04:00:21.227,1.56873,1.56907,1.50,1.73
2012.11.21 04:00:21.863,1.56873,1.56907,1.65,1.73
2012.11.21 04:00:22.944,1.56873,1.56907,1.73,2.25
2012.11.21 04:00:23.603,1.56875,1.56904,1.50,1.45
2012.11.21 04:00:23.664,1.56883,1.56913,1.50,1.73
2012.11.21 04:00:23.965,1.56883,1.56919,1.73,1.73
2012.11.21 04:00:24.323,1.56883,1.56919,1.73,1.73
2012.11.21 04:00:25.315,1.56883,1.56908,1.73,1.50
2012.11.21 04:00:25.436,1.56883,1.56905,1.50,1.73
2012.11.21 04:00:25.497,1.56883,1.56908,1.50,1.63
2012.11.21 04:00:25.553,1.56883,1.56905,1.50,1.32
2012.11.21 04:00:25.614,1.56876,1.56905,1.50,1.32
2012.11.21 04:00:26.034,1.56869,1.56904,1.73,1.73
2012.11.21 04:00:26.154,1.56869,1.56902,1.73,1.50
2012.11.21 04:00:26.274,1.56859,1.56897,1.73,1.73
2012.11.21 04:00:26.394,1.56859,1.56894,1.73,2.48
2012.11.21 04:00:26.904,1.56859,1.56893,1.73,1.73
2012.11.21 04:00:27.384,1.56859,1.56893,1.50,1.56
2012.11.21 04:00:27.504,1.56859,1.56894,1.73,1.73
2012.11.21 04:00:27.834,1.56843,1.56884,1.73,2.07
2012.11.21 04:00:27.954,1.56845,1.56884,1.34,1.73
2012.11.21 04:00:28.138,1.56843,1.56884,1.73,1.73
2012.11.21 04:00:28.254,1.5685,1.56889,1.73,1.73
2012.11.21 04:00:28.348,1.5685,1.56889,1.73,1.73
2012.11.21 04:00:28.474,1.5685,1.56888,1.73,1.73
2012.11.21 04:00:28.775,1.56845,1.56877,1.63,1.50
2012.11.21 04:00:28.835,1.56837,1.56875,1.20,1.73
2012.11.21 04:00:28.895,1.56836,1.56875,1.20,1.73
2012.11.21 04:00:28.954,1.56834,1.56875,1.73,1.73
2012.11.21 04:00:29.274,1.56834,1.56869,1.50,1.41
2012.11.21 04:00:29.543,1.56828,1.56869,1.73,2.16
2012.11.21 04:00:30.046,1.56828,1.56869,1.73,2.31
2012.11.21 04:00:30.164,1.56821,1.56864,1.61,1.29
2012.11.21 04:00:30.283,1.5682,1.56861,1.73,1.36
2012.11.21 04:00:30.761,1.56823,1.56866,1.52,1.73
2012.11.21 04:00:30.834,1.56832,1.56864,1.50,1.61
2012.11.21 04:00:31.924,1.56832,1.56873,1.73,1.73
2012.11.21 04:00:32.344,1.5684,1.5688,1.43,1.73
2012.11.21 04:00:32.704,1.56861,1.56884,1.50,1.59
2012.11.21 04:00:32.770,1.56867,1.56899,1.59,1.50
2012.11.21 04:00:33.134,1.56861,1.56899,1.59,1.50
2012.11.21 04:00:33.195,1.56854,1.5689,1.73,1.73
2012.11.21 04:00:33.494,1.56859,1.5689,1.20,1.50
2012.11.21 04:00:33.837,1.5686,1.56899,1.50,1.73
2012.11.21 04:00:34.056,1.5686,1.56899,1.54,1.73
2012.11.21 04:00:34.995,1.56859,1.56899,2.07,1.73
2012.11.21 04:00:35.415,1.56859,1.56898,1.73,1.29
2012.11.21 04:00:35.784,1.56859,1.56895,1.73,1.41
2012.11.21 04:00:36.332,1.56859,1.56895,1.73,1.38
2012.11.21 04:00:37.205,1.56859,1.56895,1.73,1.61
2012.11.21 04:00:37.997,1.56856,1.56891,1.73,1.73
2012.11.21 04:00:38.236,1.56856,1.56891,1.73,1.73
2012.11.21 04:00:38.594,1.56854,1.56885,1.50,1.59
2012.11.21 04:00:39.074,1.56848,1.56883,1.73,1.73
2012.11.21 04:00:40.310,1.56848,1.56879,1.50,1.47
2012.11.21 04:00:41.845,1.56841,1.56877,1.73,1.73
2012.11.21 04:00:42.144,1.56841,1.56877,1.73,1.73
2012.11.21 04:00:42.604,1.56841,1.56877,1.73,2.02
2012.11.21 04:00:42.914,1.56841,1.56873,1.50,1.59
2012.11.21 04:00:44.934,1.56834,1.56869,1.73,1.73
2012.11.21 04:00:45.055,1.56834,1.56867,1.50,1.45
2012.11.21 04:00:45.414,1.56834,1.56864,1.50,1.34
2012.11.21 04:00:45.744,1.56834,1.56862,1.50,1.38
2012.11.21 04:00:47.539,1.56836,1.56869,1.73,1.73
2012.11.21 04:00:47.605,1.56836,1.56872,1.73,1.73
2012.11.21 04:00:48.284,1.56841,1.56871,1.50,1.32
2012.11.21 04:00:49.003,1.56841,1.56877,1.73,2.02
2012.11.21 04:00:49.065,1.56841,1.56871,1.73,1.73
2012.11.21 04:00:49.554,1.56832,1.56865,1.50,1.73
2012.11.21 04:00:49.673,1.56834,1.56865,1.50,1.73
2012.11.21 04:00:50.137,1.56839,1.56863,1.50,1.59
2012.11.21 04:00:50.844,1.56839,1.56869,1.50,1.29
2012.11.21 04:00:51.231,1.56839,1.56861,1.50,1.50
2012.11.21 04:00:51.581,1.56838,1.5686,1.50,1.43
2012.11.21 04:00:52.125,1.56832,1.56857,1.50,1.54
2012.11.21 04:00:53.314,1.56826,1.56858,1.50,1.73
2012.11.21 04:00:53.375,1.56824,1.56858,1.73,1.73
2012.11.21 04:00:53.914,1.56824,1.56852,1.50,1.32
2012.11.21 04:00:55.017,1.56824,1.56852,1.50,1.32
2012.11.21 04:00:55.135,1.56824,1.56852,1.50,1.32
2012.11.21 04:00:55.258,1.56824,1.56852,1.50,1.32
2012.11.21 04:00:55.327,1.56822,1.56852,1.50,1.32
2012.11.21 04:00:55.874,1.56822,1.56851,1.50,1.63
2012.11.21 04:00:55.994,1.56818,1.56851,1.50,1.63
2012.11.21 04:00:56.119,1.56818,1.56851,1.50,1.63
2012.11.21 04:00:56.766,1.56818,1.56843,1.50,1.59
2012.11.21 04:00:57.404,1.56818,1.56847,1.50,1.38
2012.11.21 04:00:57.991,1.56812,1.56846,1.50,1.73
2012.11.21 04:00:58.054,1.5681,1.56846,1.73,1.73
2012.11.21 04:00:58.115,1.5681,1.56846,1.73,1.73
2012.11.21 04:00:58.417,1.56801,1.5683,1.50,1.73
2012.11.21 04:00:58.899,1.56801,1.56832,1.50,1.47
2012.11.21 04:00:58.966,1.56801,1.56832,1.50,1.47
2012.11.21 04:00:59.027,1.56801,1.56835,1.50,1.38
2012.11.21 04:00:59.445,1.56814,1.56838,1.50,1.59
2012.11.21 04:00:59.505,1.56814,1.56841,1.50,1.73
2012.11.21 04:01:00.044,1.56814,1.56842,1.50,1.23
2012.11.21 04:01:00.384,1.56811,1.56842,1.50,1.25
2012.11.21 04:01:01.245,1.56811,1.56845,1.73,1.73
2012.11.21 04:01:01.604,1.56818,1.56845,1.50,1.61
2012.11.21 04:01:01.934,1.56822,1.56845,1.50,1.27
2012.11.21 04:01:03.794,1.5682,1.56847,1.50,1.47
2012.11.21 04:01:04.655,1.5682,1.56842,1.50,1.61
2012.11.21 04:01:05.050,1.56825,1.56847,1.50,1.63
2012.11.21 04:01:05.654,1.56825,1.56847,1.50,1.43
2012.11.21 04:01:05.775,1.56832,1.56856,1.50,1.20
2012.11.21 04:01:06.884,1.56832,1.56852,1.50,1.27
2012.11.21 04:01:08.124,1.56825,1.56852,1.50,1.27
2012.11.21 04:01:08.755,1.56826,1.56861,1.73,1.73
2012.11.21 04:01:08.874,1.56825,1.56861,1.73,1.73
2012.11.21 04:01:09.115,1.56818,1.56852,1.73,1.29
2012.11.21 04:01:09.294,1.56818,1.56852,1.73,1.29
2012.11.21 04:01:09.654,1.56818,1.56839,1.50,1.34
2012.11.21 04:01:09.895,1.56824,1.56856,1.50,1.41
2012.11.21 04:01:10.134,1.56831,1.56856,1.50,1.41
2012.11.21 04:01:11.547,1.56826,1.56862,1.73,1.73
2012.11.21 04:01:11.688,1.56826,1.56855,1.50,1.56
2012.11.21 04:01:11.952,1.56826,1.56855,1.50,1.56
2012.11.21 04:01:12.755,1.56826,1.56855,1.50,1.63
2012.11.21 04:01:13.114,1.56826,1.5685,1.50,1.36
2012.11.21 04:01:13.416,1.56819,1.56845,1.50,1.50
2012.11.21 04:01:13.475,1.56819,1.56845,1.50,1.50
2012.11.21 04:01:13.998,1.56819,1.56845,1.50,1.50
2012.11.21 04:01:14.185,1.56819,1.56849,1.50,1.41
2012.11.21 04:01:14.530,1.56819,1.56845,1.50,1.47
2012.11.21 04:01:14.835,1.56814,1.56844,1.50,1.20
2012.11.21 04:01:14.895,1.56812,1.56844,1.50,1.41
2012.11.21 04:01:15.445,1.56812,1.56834,1.50,1.50
2012.11.21 04:01:15.564,1.56812,1.56839,1.50,1.20
2012.11.21 04:01:16.165,1.56811,1.56833,1.50,1.25
2012.11.21 04:01:16.287,1.56812,1.56838,1.50,1.63
2012.11.21 04:01:16.465,1.56806,1.56833,1.50,1.73
2012.11.21 04:01:16.584,1.56799,1.56832,1.73,1.73
2012.11.21 04:01:16.704,1.56798,1.56833,1.73,2.48
2012.11.21 04:01:17.114,1.56798,1.56832,1.73,1.73
2012.11.21 04:01:17.174,1.56798,1.56832,1.73,2.48
2012.11.21 04:01:17.355,1.56798,1.56832,1.73,2.48
2012.11.21 04:01:17.476,1.56798,1.56824,1.50,1.34
2012.11.21 04:01:17.845,1.56798,1.56817,1.50,1.20
2012.11.21 04:01:18.145,1.56791,1.56824,1.50,2.20
2012.11.21 04:01:18.267,1.56791,1.56824,1.50,1.32
2012.11.21 04:01:20.065,1.56797,1.56824,2.25,1.49
2012.11.21 04:01:20.924,1.56797,1.56828,2.25,1.33
2012.11.21 04:01:21.224,1.56793,1.56825,1.73,1.65
2012.11.21 04:01:21.284,1.5679,1.56824,1.50,1.43
2012.11.21 04:01:21.935,1.56793,1.56817,1.50,1.43
2012.11.21 04:01:21.999,1.5679,1.56817,1.50,1.43
2012.11.21 04:01:23.033,1.56787,1.56816,1.50,1.73
2012.11.21 04:01:23.398,1.56788,1.56814,1.50,1.36
2012.11.21 04:01:24.119,1.56793,1.56818,1.50,1.27
2012.11.21 04:01:24.186,1.56798,1.5683,1.50,1.34
2012.11.21 04:01:24.444,1.56799,1.56838,1.20,1.73
2012.11.21 04:01:24.804,1.56814,1.56845,1.50,1.65
2012.11.21 04:01:25.492,1.56821,1.56855,1.73,1.45
2012.11.21 04:01:25.557,1.56824,1.56855,1.50,2.20
2012.11.21 04:01:26.324,1.56813,1.56846,1.50,1.61
2012.11.21 04:01:26.393,1.56819,1.5685,1.50,1.59
2012.11.21 04:01:26.454,1.56819,1.56854,1.50,1.23
2012.11.21 04:01:26.654,1.56819,1.56855,1.73,2.29
2012.11.21 04:01:27.101,1.56814,1.56851,1.73,1.73
2012.11.21 04:01:27.604,1.56821,1.56854,1.50,1.52
2012.11.21 04:01:28.394,1.56821,1.56855,1.73,1.23
2012.11.21 04:01:28.615,1.56821,1.56856,1.73,1.73
2012.11.21 04:01:30.515,1.56823,1.56858,1.73,1.73
2012.11.21 04:01:30.754,1.56827,1.56863,1.73,1.73
2012.11.21 04:01:31.200,1.56836,1.56871,1.73,1.73
2012.11.21 04:01:31.515,1.56836,1.56874,1.73,1.73
2012.11.21 04:01:31.984,1.56837,1.56869,1.73,1.73
2012.11.21 04:01:32.044,1.56836,1.56869,1.73,1.73
2012.11.21 04:01:32.104,1.56836,1.56867,1.50,1.34
2012.11.21 04:01:32.424,1.56824,1.56861,2.00,1.73
2012.11.21 04:01:32.664,1.56824,1.56858,1.50,1.54
2012.11.21 04:01:32.784,1.56824,1.56861,1.73,2.38
2012.11.21 04:01:34.235,1.56823,1.56854,1.73,1.73
2012.11.21 04:01:36.914,1.56821,1.56854,1.73,1.73
2012.11.21 04:01:38.454,1.56823,1.56854,1.73,1.73
2012.11.21 04:01:38.514,1.56828,1.56862,1.50,1.52
2012.11.21 04:01:38.634,1.56828,1.56863,1.73,1.73
2012.11.21 04:01:38.876,1.5683,1.56864,1.50,2.34
2012.11.21 04:01:38.936,1.5683,1.56864,1.73,1.73
2012.11.21 04:01:39.175,1.56837,1.56871,1.73,1.73
2012.11.21 04:01:41.024,1.56837,1.56871,1.73,1.73
2012.11.21 04:01:41.578,1.56837,1.56871,1.73,1.73
2012.11.21 04:01:44.264,1.56837,1.56873,1.73,1.73
2012.11.21 04:01:44.466,1.56843,1.56878,1.73,1.73
2012.11.21 04:01:44.705,1.56836,1.56872,1.73,1.73
2012.11.21 04:01:44.764,1.56837,1.56873,1.73,1.73
2012.11.21 04:01:45.064,1.56832,1.56866,1.32,1.50
2012.11.21 04:01:45.665,1.56837,1.56866,1.23,1.50
2012.11.21 04:01:46.247,1.56831,1.56866,1.73,1.73
2012.11.21 04:01:46.646,1.56826,1.56859,1.73,1.73
2012.11.21 04:01:47.004,1.56834,1.56868,1.73,1.73
2012.11.21 04:01:47.894,1.56834,1.56868,2.13,1.50
2012.11.21 04:01:48.013,1.56827,1.56863,1.73,1.73
2012.11.21 04:01:49.573,1.56829,1.56865,1.73,1.73
2012.11.21 04:01:49.754,1.56829,1.56857,1.50,1.34
2012.11.21 04:01:49.816,1.56822,1.56854,1.50,1.73
2012.11.21 04:01:49.935,1.56814,1.56849,1.73,1.73
2012.11.21 04:01:49.995,1.56814,1.56849,1.73,1.73
2012.11.21 04:01:50.329,1.56817,1.5685,1.73,1.23
2012.11.21 04:01:50.455,1.56821,1.56855,1.73,1.73
2012.11.21 04:01:50.694,1.56825,1.56856,1.25,1.50
2012.11.21 04:01:50.815,1.56827,1.56857,2.48,1.50
2012.11.21 04:01:51.084,1.56829,1.56861,1.73,1.73
2012.11.21 04:01:51.265,1.56835,1.56871,1.98,2.48
2012.11.21 04:01:51.965,1.56835,1.56871,1.98,1.73
2012.11.21 04:01:52.144,1.56839,1.56871,1.41,1.50
2012.11.21 04:01:52.844,1.56837,1.56862,1.41,1.50
2012.11.21 04:01:53.024,1.56827,1.56862,2.48,1.73
2012.11.21 04:01:54.144,1.56821,1.56856,1.73,1.73
2012.11.21 04:01:54.474,1.56821,1.56856,1.73,1.73
2012.11.21 04:01:56.034,1.56823,1.56856,1.20,1.73
2012.11.21 04:01:58.455,1.56826,1.56856,1.61,1.50
2012.11.21 04:01:58.816,1.56835,1.56871,1.73,2.48
2012.11.21 04:02:05.635,1.56835,1.56871,1.73,2.48
2012.11.21 04:02:06.507,1.56835,1.56871,1.73,2.48
2012.11.21 04:02:06.948,1.56835,1.56871,2.34,2.48
2012.11.21 04:02:07.485,1.56835,1.56871,1.73,1.73
2012.11.21 04:02:08.725,1.56835,1.56871,2.16,1.73
2012.11.21 04:02:09.229,1.56835,1.56871,1.73,2.48
2012.11.21 04:02:12.573,1.56842,1.56874,1.73,1.73
2012.11.21 04:02:14.684,1.56836,1.56871,2.48,1.73
2012.11.21 04:02:15.838,1.56836,1.56872,2.48,1.73
2012.11.21 04:02:16.728,1.56836,1.56872,2.48,1.73
2012.11.21 04:02:19.513,1.56836,1.56872,2.48,1.73
2012.11.21 04:02:19.814,1.56836,1.56865,1.50,1.73
2012.11.21 04:02:19.874,1.56836,1.56869,2.25,1.52
2012.11.21 04:02:19.994,1.56836,1.56871,2.48,1.73
2012.11.21 04:02:20.544,1.56836,1.56871,2.48,1.73
2012.11.21 04:02:21.523,1.56836,1.56872,2.48,1.73
2012.11.21 04:02:21.854,1.56836,1.56871,2.48,1.73
2012.11.21 04:02:22.224,1.56836,1.56871,2.48,1.73
2012.11.21 04:02:26.164,1.56837,1.56872,1.61,1.50
2012.11.21 04:02:26.284,1.56844,1.56876,1.73,1.73
2012.11.21 04:02:26.565,1.56846,1.56877,1.73,1.73
2012.11.21 04:02:26.924,1.56846,1.56878,1.73,1.73
2012.11.21 04:02:27.694,1.56844,1.56877,1.73,2.48
2012.11.21 04:02:28.196,1.56846,1.56879,1.73,1.73
2012.11.21 04:02:29.524,1.56846,1.56879,1.73,1.73
2012.11.21 04:02:30.493,1.56847,1.5688,1.73,1.73
2012.11.21 04:02:30.794,1.56849,1.56884,1.73,1.73
2012.11.21 04:02:31.034,1.56849,1.56883,1.73,1.73
2012.11.21 04:02:31.154,1.56849,1.56883,1.73,1.73
2012.11.21 04:02:32.579,1.56849,1.56882,1.73,1.27
2012.11.21 04:02:32.644,1.56843,1.56879,1.73,2.48
2012.11.21 04:02:34.011,1.56844,1.56879,1.27,1.73
2012.11.21 04:02:41.443,1.56843,1.56879,1.73,1.73
2012.11.21 04:02:42.463,1.56843,1.56877,1.73,1.73
2012.11.21 04:02:42.774,1.56837,1.56871,1.25,1.50
2012.11.21 04:02:42.894,1.56836,1.56871,1.73,1.73
2012.11.21 04:02:43.074,1.56836,1.56871,1.73,1.73
2012.11.21 04:02:43.496,1.56842,1.56876,1.73,1.73
2012.11.21 04:02:44.146,1.56835,1.5687,1.73,1.73
2012.11.21 04:02:44.915,1.56837,1.5687,1.59,1.50
2012.11.21 04:02:45.594,1.56835,1.5687,2.05,1.73
2012.11.21 04:02:47.833,1.56837,1.5687,1.52,1.73
2012.11.21 04:02:48.074,1.56845,1.56877,1.73,1.73
2012.11.21 04:02:48.704,1.56845,1.56879,1.73,2.48
2012.11.21 04:02:49.574,1.56845,1.56876,1.73,1.73
2012.11.21 04:02:49.983,1.56842,1.56875,1.73,1.73
2012.11.21 04:02:53.084,1.56837,1.56872,1.73,1.73
2012.11.21 04:02:53.205,1.56837,1.5687,1.73,1.73
2012.11.21 04:02:53.964,1.56837,1.5687,1.73,1.73
2012.11.21 04:02:55.593,1.56842,1.56873,1.73,1.73
2012.11.21 04:02:55.834,1.56837,1.56871,1.73,1.73
2012.11.21 04:02:55.894,1.56837,1.56871,1.73,1.73
2012.11.21 04:02:56.214,1.56837,1.56866,1.73,1.73
2012.11.21 04:02:56.453,1.56827,1.56864,1.73,1.73
2012.11.21 04:02:56.695,1.56828,1.56864,1.47,2.48
2012.11.21 04:02:56.814,1.56827,1.56864,1.73,2.48
2012.11.21 04:02:57.361,1.56823,1.56858,1.73,1.73
2012.11.21 04:02:58.094,1.56823,1.56858,1.73,1.73
2012.11.21 04:02:58.457,1.56823,1.56856,1.73,1.73
2012.11.21 04:02:58.814,1.56812,1.56847,1.73,1.73
2012.11.21 04:02:59.087,1.56815,1.5685,1.73,1.73
2012.11.21 04:02:59.526,1.56816,1.5685,1.56,1.50
2012.11.21 04:02:59.645,1.5682,1.56854,1.73,1.73
2012.11.21 04:03:00.794,1.56827,1.56856,1.39,1.50
2012.11.21 04:03:02.438,1.56826,1.56856,1.38,1.50
2012.11.21 04:03:02.614,1.56826,1.56856,1.44,1.50
2012.11.21 04:03:03.704,1.56827,1.56863,1.73,1.73
2012.11.21 04:03:04.066,1.56837,1.56871,1.42,2.25
2012.11.21 04:03:04.140,1.56836,1.56871,2.13,2.48
2012.11.21 04:03:04.645,1.56837,1.56871,1.59,1.50
2012.11.21 04:03:04.704,1.56829,1.56863,1.48,1.50
2012.11.21 04:03:04.945,1.56828,1.56863,1.73,1.73
2012.11.21 04:03:05.569,1.56827,1.56863,1.73,2.48
2012.11.21 04:03:12.006,1.56826,1.56857,1.36,1.50
2012.11.21 04:03:12.425,1.56827,1.56862,1.73,1.73
2012.11.21 04:03:12.484,1.56828,1.56863,1.73,1.73
2012.11.21 04:03:12.999,1.56836,1.56864,1.41,1.50
2012.11.21 04:03:13.704,1.56836,1.56871,2.16,1.73
2012.11.21 04:03:13.764,1.56836,1.56871,1.50,1.73
2012.11.21 04:03:14.734,1.56837,1.56871,1.65,1.73
2012.11.21 04:03:15.734,1.56836,1.56871,1.65,1.73
2012.11.21 04:03:16.305,1.5683,1.56865,1.73,1.73
2012.11.21 04:03:19.154,1.56832,1.56865,1.21,1.50
2012.11.21 04:03:19.363,1.5683,1.56865,1.98,1.73
2012.11.21 04:03:19.944,1.56836,1.56865,1.43,1.50
2012.11.21 04:03:20.067,1.56838,1.56872,1.43,1.50
2012.11.21 04:03:20.185,1.56838,1.56872,1.73,1.73
2012.11.21 04:03:20.315,1.56838,1.56873,1.19,1.73
2012.11.21 04:03:20.434,1.56837,1.56873,2.20,1.73
2012.11.21 04:03:26.244,1.56846,1.56882,2.08,1.73
2012.11.21 04:03:26.303,1.56852,1.56886,1.73,1.73
2012.11.21 04:03:26.364,1.56858,1.56891,1.50,1.52
2012.11.21 04:03:26.484,1.56858,1.56894,1.73,2.48
2012.11.21 04:03:26.544,1.56858,1.56894,1.73,1.73
2012.11.21 04:03:26.728,1.56867,1.56903,2.48,1.73
2012.11.21 04:03:27.916,1.56867,1.56902,1.73,1.73
2012.11.21 04:03:28.274,1.56867,1.56899,1.50,1.47
2012.11.21 04:03:28.335,1.5686,1.56894,1.73,1.73
2012.11.21 04:03:31.704,1.5686,1.56894,1.73,1.73
2012.11.21 04:03:31.764,1.56851,1.56889,1.73,1.73
2012.11.21 04:03:31.824,1.56851,1.56887,1.73,1.73
2012.11.21 04:03:32.004,1.56851,1.56887,1.73,1.73
2012.11.21 04:03:32.163,1.56849,1.56883,1.36,1.73
2012.11.21 04:03:32.404,1.56847,1.5688,1.73,1.54
2012.11.21 04:03:32.524,1.56847,1.56881,1.73,1.73
2012.11.21 04:03:32.714,1.56847,1.56881,1.65,1.73
2012.11.21 04:03:33.525,1.56847,1.56881,1.93,1.50
2012.11.21 04:03:33.878,1.56845,1.56879,1.73,1.73
2012.11.21 04:03:34.514,1.56838,1.56874,1.73,1.73
2012.11.21 04:03:34.754,1.56846,1.56881,1.73,1.73
2012.11.21 04:03:35.064,1.56852,1.56887,1.73,1.73
2012.11.21 04:03:35.404,1.56852,1.56887,1.73,1.73
2012.11.21 04:03:35.764,1.56847,1.56881,1.59,1.73
2012.11.21 04:03:35.885,1.56846,1.56881,2.48,1.73
2012.11.21 04:03:36.064,1.56852,1.56885,1.50,1.95
2012.11.21 04:03:36.245,1.56853,1.56887,1.73,1.73
2012.11.21 04:03:36.485,1.56856,1.56887,1.73,1.73
2012.11.21 04:03:36.925,1.5686,1.56893,1.50,1.23
2012.11.21 04:03:37.425,1.56856,1.56889,1.50,2.36
2012.11.21 04:03:37.485,1.56854,1.56888,1.73,1.73
2012.11.21 04:03:37.545,1.56852,1.56886,1.73,1.73
2012.11.21 04:03:37.665,1.56852,1.56886,1.73,1.73
2012.11.21 04:03:38.108,1.56852,1.56882,1.50,1.54
2012.11.21 04:03:39.694,1.56852,1.56886,1.73,1.73
2012.11.21 04:03:39.819,1.56854,1.56888,1.73,1.73
2012.11.21 04:03:40.445,1.56852,1.56886,1.73,1.73
2012.11.21 04:03:40.964,1.56854,1.56888,1.73,1.73
2012.11.21 04:03:41.539,1.56859,1.56893,1.73,1.73
2012.11.21 04:03:42.494,1.56861,1.56895,1.73,1.73
2012.11.21 04:03:42.614,1.56861,1.56895,1.73,1.73
2012.11.21 04:03:44.364,1.56856,1.56888,1.25,1.50
2012.11.21 04:03:44.485,1.56854,1.56888,1.73,1.73
2012.11.21 04:03:44.725,1.56854,1.56888,1.73,1.73
2012.11.21 04:03:44.904,1.56852,1.56886,1.73,1.73
2012.11.21 04:03:45.405,1.56852,1.56886,1.73,1.73
2012.11.21 04:03:45.724,1.56852,1.56886,1.73,1.73
2012.11.21 04:03:46.283,1.56854,1.56888,1.73,1.73
2012.11.21 04:03:48.254,1.56854,1.56888,1.73,2.16
2012.11.21 04:03:48.697,1.56846,1.56881,1.73,1.73
2012.11.21 04:03:48.899,1.56846,1.56881,1.73,1.73
2012.11.21 04:03:51.444,1.56845,1.56879,1.73,1.73
2012.11.21 04:03:51.944,1.56846,1.56881,1.73,1.73
2012.11.21 04:03:52.833,1.56846,1.56881,1.73,1.73
2012.11.21 04:03:53.037,1.56846,1.56881,1.73,1.73
2012.11.21 04:03:53.305,1.56839,1.56874,1.73,2.48
2012.11.21 04:03:54.055,1.56839,1.56874,1.73,2.48
2012.11.21 04:03:58.194,1.56839,1.56874,2.00,2.48
2012.11.21 04:03:58.744,1.5684,1.56874,2.25,1.50
2012.11.21 04:04:00.774,1.56847,1.56883,1.73,2.48
2012.11.21 04:04:00.835,1.56847,1.56883,1.73,2.48
2012.11.21 04:04:00.954,1.56847,1.56883,1.73,2.48
2012.11.21 04:04:01.134,1.56847,1.5688,1.50,1.34
2012.11.21 04:04:01.575,1.56839,1.56873,1.63,1.73
2012.11.21 04:04:01.804,1.56837,1.56873,2.48,1.73
2012.11.21 04:04:01.864,1.56837,1.56873,2.48,1.73
2012.11.21 04:04:02.974,1.56837,1.56873,2.48,1.73
2012.11.21 04:04:03.327,1.56837,1.56873,2.48,1.73
2012.11.21 04:04:03.684,1.56831,1.56865,1.73,1.73
2012.11.21 04:04:04.004,1.56831,1.56865,1.73,1.73
2012.11.21 04:04:04.326,1.56831,1.56865,1.50,2.25
2012.11.21 04:04:04.505,1.56833,1.56867,1.73,1.73
2012.11.21 04:04:05.177,1.56839,1.56874,1.73,1.50
2012.11.21 04:04:05.294,1.5684,1.56875,1.32,1.73
2012.11.21 04:04:06.724,1.56847,1.56884,1.73,1.73
2012.11.21 04:04:06.844,1.56852,1.56886,1.73,1.73
2012.11.21 04:04:06.965,1.56852,1.56886,1.73,1.73
2012.11.21 04:04:07.574,1.56854,1.56888,1.65,1.73
2012.11.21 04:04:08.649,1.56854,1.56888,1.73,1.73
2012.11.21 04:04:09.546,1.56852,1.56886,1.73,1.73
2012.11.21 04:04:10.134,1.56852,1.56886,1.73,1.73
2012.11.21 04:04:10.978,1.56852,1.56886,1.73,1.73
2012.11.21 04:04:11.884,1.56852,1.56886,1.65,1.73
2012.11.21 04:04:13.215,1.56852,1.56886,1.73,1.73
2012.11.21 04:04:13.716,1.56852,1.56886,1.73,1.73
2012.11.21 04:04:14.034,1.56852,1.56886,1.73,1.73
2012.11.21 04:04:14.384,1.56852,1.56886,1.73,1.73
2012.11.21 04:04:14.694,1.56852,1.56884,1.50,1.25
2012.11.21 04:04:14.894,1.56852,1.56886,1.73,1.73
2012.11.21 04:04:15.014,1.56852,1.56886,1.73,1.73
2012.11.21 04:04:15.364,1.56859,1.56894,1.73,1.73
2012.11.21 04:04:15.425,1.56859,1.56894,1.73,1.73
2012.11.21 04:04:15.544,1.56859,1.56894,1.73,1.73
2012.11.21 04:04:15.984,1.56859,1.56894,1.73,1.73
2012.11.21 04:04:16.344,1.56851,1.56886,1.73,1.38
2012.11.21 04:04:16.655,1.56844,1.56877,1.73,1.34
2012.11.21 04:04:16.774,1.56844,1.5688,1.73,1.73
2012.11.21 04:04:16.953,1.56846,1.56882,1.73,1.73
2012.11.21 04:04:17.134,1.56846,1.56884,1.73,1.73
2012.11.21 04:04:17.332,1.56853,1.56887,1.73,2.48
2012.11.21 04:04:19.176,1.56854,1.56888,1.73,1.73
2012.11.21 04:04:19.235,1.56854,1.56888,1.73,1.73
2012.11.21 04:04:19.676,1.56859,1.56895,1.73,1.73
2012.11.21 04:04:22.445,1.56859,1.56895,1.73,1.73
2012.11.21 04:04:22.924,1.5686,1.56897,1.61,1.73
2012.11.21 04:04:23.045,1.56867,1.56904,1.73,2.48
2012.11.21 04:04:23.164,1.56867,1.56904,1.73,2.48
2012.11.21 04:04:24.684,1.56867,1.56904,1.73,2.79
2012.11.21 04:04:25.725,1.56862,1.56897,1.73,1.73
2012.11.21 04:04:26.254,1.56862,1.56897,1.73,1.73
2012.11.21 04:04:26.894,1.56861,1.56896,2.38,1.73
2012.11.21 04:04:26.954,1.56861,1.56896,1.73,2.09
2012.11.21 04:04:27.276,1.56856,1.56891,1.73,1.73
2012.11.21 04:04:27.754,1.56853,1.56888,1.73,1.73
2012.11.21 04:04:28.184,1.56856,1.56888,1.50,1.36
2012.11.21 04:04:28.425,1.56847,1.56883,1.73,2.86
2012.11.21 04:04:28.794,1.5684,1.56873,1.50,1.73
2012.11.21 04:04:29.304,1.56846,1.56875,1.50,1.54
2012.11.21 04:04:31.975,1.56847,1.56882,1.73,1.73
2012.11.21 04:04:32.094,1.56847,1.56882,1.73,1.73
2012.11.21 04:04:32.415,1.56855,1.56889,1.73,1.61
2012.11.21 04:04:32.474,1.56855,1.56891,1.73,2.48
2012.11.21 04:04:32.684,1.56854,1.56888,1.56,1.73
2012.11.21 04:04:33.075,1.56852,1.56885,1.73,1.32
2012.11.21 04:04:33.136,1.56852,1.56888,1.73,1.73
2012.11.21 04:04:33.319,1.56852,1.56888,1.73,1.73
2012.11.21 04:04:33.624,1.56855,1.56891,1.73,1.73
2012.11.21 04:04:34.054,1.56855,1.56891,1.73,1.73
2012.11.21 04:04:35.295,1.5686,1.56895,2.31,1.73
2012.11.21 04:04:35.356,1.5686,1.56895,1.73,1.73
2012.11.21 04:04:35.904,1.5686,1.56895,1.73,1.73
2012.11.21 04:04:36.925,1.5686,1.56893,1.73,1.50
2012.11.21 04:04:37.234,1.56861,1.56895,1.50,1.50
2012.11.21 04:04:37.294,1.56864,1.56896,1.25,1.50
2012.11.21 04:04:37.727,1.56872,1.569,1.32,1.50
2012.11.21 04:04:38.044,1.5688,1.56907,2.07,1.50
2012.11.21 04:04:39.374,1.5688,1.56916,2.07,1.73
2012.11.21 04:04:40.196,1.5688,1.56915,2.07,1.73
2012.11.21 04:04:40.554,1.56867,1.56902,1.73,2.34
2012.11.21 04:04:42.155,1.56857,1.56893,2.48,2.48
2012.11.21 04:04:42.274,1.56857,1.56893,2.48,2.48
2012.11.21 04:04:42.514,1.56857,1.56893,2.48,2.48
2012.11.21 04:04:42.635,1.56857,1.56893,2.48,2.25
2012.11.21 04:04:43.184,1.56857,1.56893,2.48,2.25
2012.11.21 04:04:43.664,1.56857,1.56893,2.48,2.40
2012.11.21 04:04:44.013,1.56858,1.56893,2.20,1.65
2012.11.21 04:04:44.334,1.56857,1.56893,2.48,2.40
2012.11.21 04:04:44.684,1.56858,1.56893,1.29,2.48
2012.11.21 04:04:45.984,1.56857,1.56893,2.48,2.48
2012.11.21 04:04:46.286,1.56857,1.56893,2.48,2.71
2012.11.21 04:04:46.344,1.56857,1.56893,2.48,2.48
2012.11.21 04:04:46.584,1.56858,1.56893,1.73,1.73
2012.11.21 04:04:46.704,1.56865,1.56899,1.73,1.73
2012.11.21 04:04:47.017,1.56865,1.56899,1.73,1.73
2012.11.21 04:04:47.074,1.56866,1.56901,1.73,1.73
2012.11.21 04:04:47.254,1.56871,1.56907,1.73,2.48
2012.11.21 04:04:47.555,1.56871,1.56906,1.73,1.55
2012.11.21 04:04:47.857,1.56866,1.56903,2.48,1.55
2012.11.21 04:04:47.915,1.56866,1.56902,1.73,1.73
2012.11.21 04:04:48.454,1.56861,1.56895,1.73,1.73
2012.11.21 04:04:50.814,1.56865,1.56895,1.52,1.50
2012.11.21 04:04:50.934,1.56861,1.56895,1.73,1.73
2012.11.21 04:04:51.135,1.56864,1.56895,1.61,1.50
2012.11.21 04:04:51.438,1.56866,1.56903,1.73,1.73
2012.11.21 04:04:53.534,1.56866,1.56903,1.73,2.07
2012.11.21 04:04:53.657,1.56866,1.56903,1.73,1.73
2012.11.21 04:04:53.775,1.56866,1.56903,1.73,1.73
2012.11.21 04:04:54.354,1.56866,1.56903,1.73,2.38
2012.11.21 04:04:59.175,1.56864,1.56895,1.73,1.73
2012.11.21 04:04:59.294,1.56868,1.56903,2.38,1.73
2012.11.21 04:04:59.414,1.56867,1.56903,1.73,2.77
2012.11.21 04:05:02.394,1.56867,1.569,1.50,1.47
2012.11.21 04:05:02.644,1.56867,1.56903,1.73,2.84
2012.11.21 04:05:03.166,1.56859,1.56895,1.73,1.73
2012.11.21 04:05:03.284,1.56859,1.56894,1.73,1.73
2012.11.21 04:05:03.344,1.56859,1.56893,1.73,1.56
2012.11.21 04:05:03.584,1.56855,1.56889,1.73,1.73
2012.11.21 04:05:03.645,1.56855,1.56889,1.73,1.73
2012.11.21 04:05:03.826,1.56862,1.56894,1.73,1.73
2012.11.21 04:05:04.038,1.56864,1.56897,1.38,1.73
2012.11.21 04:05:04.094,1.56867,1.569,1.73,1.73
2012.11.21 04:05:04.215,1.56867,1.569,1.73,1.73
2012.11.21 04:05:04.694,1.56859,1.56894,1.50,1.47
2012.11.21 04:05:04.754,1.56857,1.5689,1.50,1.47
2012.11.21 04:05:04.814,1.56856,1.5689,2.25,1.47
2012.11.21 04:05:04.935,1.56856,1.56884,1.50,1.25
2012.11.21 04:05:05.115,1.56849,1.56877,1.50,1.25
2012.11.21 04:05:07.053,1.5685,1.56877,1.50,1.25
2012.11.21 04:05:07.604,1.5685,1.56877,1.50,1.25
2012.11.21 04:05:10.195,1.56843,1.56875,1.73,1.73
2012.11.21 04:05:10.254,1.56843,1.56875,1.73,1.73
2012.11.21 04:05:10.374,1.56843,1.56875,1.73,1.73
2012.11.21 04:05:10.768,1.5685,1.56884,1.73,2.84
2012.11.21 04:05:12.904,1.5685,1.56884,1.73,2.84
2012.11.21 04:05:12.986,1.5685,1.56884,1.73,2.48
2012.11.21 04:05:13.496,1.5685,1.56884,1.73,2.73
2012.11.21 04:05:13.994,1.56847,1.56884,1.73,2.73
2012.11.21 04:05:15.326,1.56845,1.56878,1.73,1.73
2012.11.21 04:05:18.556,1.56848,1.56881,1.73,1.73
2012.11.21 04:05:18.906,1.56846,1.56875,1.50,1.65
2012.11.21 04:05:19.424,1.56841,1.56874,1.73,1.15
2012.11.21 04:05:19.544,1.56841,1.56875,1.50,1.65
2012.11.21 04:05:21.614,1.56839,1.56875,1.73,1.73
2012.11.21 04:05:21.744,1.56839,1.56874,1.50,1.35
2012.11.21 04:05:23.565,1.56839,1.56875,1.73,2.12
2012.11.21 04:05:25.755,1.56841,1.56875,1.73,2.12
2012.11.21 04:05:28.744,1.56841,1.56877,2.48,1.73
2012.11.21 04:05:34.214,1.56841,1.56875,1.73,1.73
2012.11.21 04:05:34.334,1.56837,1.56874,1.73,2.28
2012.11.21 04:05:37.434,1.56837,1.56872,1.73,1.73
2012.11.21 04:05:37.765,1.56837,1.56869,1.50,1.41
2012.11.21 04:05:38.468,1.56837,1.56871,1.50,1.48
2012.11.21 04:05:41.034,1.56837,1.56872,1.73,1.27
2012.11.21 04:05:41.276,1.56833,1.56867,1.73,1.73
2012.11.21 04:05:43.194,1.56831,1.56866,2.13,1.73
2012.11.21 04:05:43.254,1.56831,1.56865,1.73,1.20
2012.11.21 04:05:44.255,1.56827,1.56861,1.73,1.73
2012.11.21 04:05:44.554,1.56826,1.5686,1.50,1.50
2012.11.21 04:05:45.085,1.56817,1.56853,1.73,1.73
2012.11.21 04:05:45.145,1.56817,1.56853,1.73,1.73
2012.11.21 04:05:45.762,1.56817,1.56853,1.73,1.65
2012.11.21 04:05:47.224,1.56817,1.56846,1.50,1.37
2012.11.21 04:05:47.404,1.5681,1.56844,1.73,1.73
2012.11.21 04:05:49.499,1.56818,1.56853,1.73,1.73
2012.11.21 04:05:49.814,1.56811,1.56845,1.73,1.57
2012.11.21 04:05:50.714,1.56811,1.56845,1.73,1.57
2012.11.21 04:05:51.467,1.56818,1.56846,1.50,1.33
2012.11.21 04:05:53.382,1.56818,1.56847,1.50,1.50
2012.11.21 04:05:56.184,1.56818,1.56844,1.50,1.44
2012.11.21 04:05:58.024,1.56818,1.56853,1.73,1.73
2012.11.21 04:05:58.085,1.56823,1.56854,1.50,1.29
2012.11.21 04:05:58.265,1.56823,1.56856,1.73,1.73
2012.11.21 04:05:58.725,1.56823,1.56853,1.50,1.32
2012.11.21 04:05:58.825,1.56823,1.56858,1.73,1.44
2012.11.21 04:05:59.034,1.56823,1.56853,1.73,1.73
2012.11.21 04:05:59.556,1.56826,1.56853,1.50,2.55
2012.11.21 04:06:03.745,1.56818,1.56849,1.73,2.40
2012.11.21 04:06:03.925,1.56818,1.56846,1.50,1.73
2012.11.21 04:06:04.315,1.56818,1.56848,1.50,2.40
2012.11.21 04:06:05.144,1.56818,1.5684,1.73,2.25
2012.11.21 04:06:06.685,1.56826,1.56853,1.50,1.73
2012.11.21 04:06:06.864,1.5683,1.56854,1.50,1.34
2012.11.21 04:06:06.925,1.5683,1.56862,2.02,1.50
2012.11.21 04:06:08.554,1.5683,1.56862,1.27,3.38
2012.11.21 04:06:08.674,1.56829,1.56862,1.59,1.50
2012.11.21 04:06:08.996,1.5683,1.56862,1.73,1.50
2012.11.21 04:06:09.055,1.56836,1.56863,1.73,1.50
2012.11.21 04:06:09.115,1.56836,1.56863,1.73,1.50
2012.11.21 04:06:10.222,1.56836,1.5687,1.73,2.55
2012.11.21 04:06:10.846,1.56836,1.56865,1.73,2.55
2012.11.21 04:06:11.375,1.56836,1.56863,1.73,1.50
2012.11.21 04:06:12.164,1.56836,1.56863,1.73,1.50
2012.11.21 04:06:12.284,1.56836,1.56867,1.73,2.55
2012.11.21 04:06:12.404,1.56836,1.5687,1.73,3.23
2012.11.21 04:06:12.685,1.56836,1.56868,1.73,1.80
2012.11.21 04:06:14.515,1.56836,1.56863,1.73,1.73
2012.11.21 04:06:14.856,1.56836,1.56863,1.73,1.73
2012.11.21 04:06:15.293,1.56836,1.56858,1.73,1.43
2012.11.21 04:06:15.886,1.56836,1.56858,1.73,2.18
2012.11.21 04:06:22.136,1.56836,1.56858,1.50,2.40
2012.11.21 04:06:22.195,1.56836,1.56861,1.50,2.10
2012.11.21 04:06:22.256,1.56827,1.56861,1.73,2.85
2012.11.21 04:06:24.922,1.56827,1.56864,1.73,2.48
2012.11.21 04:06:27.375,1.56826,1.56864,1.73,2.48
2012.11.21 04:06:27.614,1.5682,1.56854,1.73,1.73
2012.11.21 04:06:27.675,1.56822,1.56856,1.73,1.73
2012.11.21 04:06:27.734,1.56823,1.56856,1.45,1.50
2012.11.21 04:06:27.925,1.56827,1.56862,1.73,2.48
2012.11.21 04:06:28.483,1.56827,1.56862,2.48,1.73
2012.11.21 04:06:29.386,1.56827,1.56862,1.73,2.48
2012.11.21 04:06:29.685,1.56827,1.56862,2.48,1.73
2012.11.21 04:06:29.924,1.56827,1.56859,2.25,1.26
2012.11.21 04:06:30.235,1.56827,1.56862,2.48,1.73
2012.11.21 04:06:30.474,1.56827,1.56859,2.25,1.20
2012.11.21 04:06:30.894,1.56833,1.56862,1.50,1.20
2012.11.21 04:06:31.134,1.56833,1.56863,1.50,2.18
2012.11.21 04:06:31.254,1.56828,1.56862,1.73,2.48
2012.11.21 04:06:31.925,1.56828,1.56854,1.50,2.02
2012.11.21 04:06:31.986,1.56823,1.56854,1.50,2.02
2012.11.21 04:06:32.944,1.56823,1.56853,1.73,1.73
2012.11.21 04:06:33.064,1.56823,1.56853,1.50,1.73
2012.11.21 04:06:33.975,1.56823,1.56853,1.73,1.73
2012.11.21 04:06:34.095,1.56823,1.56853,1.50,2.29
2012.11.21 04:06:37.756,1.56823,1.56853,1.73,1.73
2012.11.21 04:06:38.434,1.56823,1.56853,1.50,1.73
2012.11.21 04:06:41.714,1.56825,1.56858,1.50,1.56
2012.11.21 04:06:41.834,1.56825,1.56859,1.73,1.73
2012.11.21 04:06:41.965,1.56833,1.56864,1.73,1.73
2012.11.21 04:06:42.025,1.56833,1.56864,1.73,1.73
2012.11.21 04:06:42.834,1.56833,1.56864,1.50,1.56
2012.11.21 04:06:43.395,1.56833,1.56865,1.73,1.73
2012.11.21 04:06:45.456,1.56831,1.56864,1.73,1.73
2012.11.21 04:06:45.634,1.5683,1.56864,1.59,1.73
2012.11.21 04:06:46.485,1.56829,1.56863,1.73,1.73
2012.11.21 04:06:46.883,1.56836,1.56864,2.25,2.36
2012.11.21 04:06:47.274,1.56836,1.56863,1.50,1.73
2012.11.21 04:06:47.394,1.56836,1.56864,1.50,1.73
2012.11.21 04:06:48.754,1.56836,1.5687,2.48,1.73
2012.11.21 04:06:49.064,1.56831,1.56863,1.73,2.48
2012.11.21 04:06:49.124,1.56825,1.56858,1.36,1.50
2012.11.21 04:06:49.684,1.56825,1.56858,1.36,1.50
2012.11.21 04:06:50.426,1.56824,1.56858,2.13,1.73
2012.11.21 04:06:50.665,1.56824,1.56858,2.13,1.73
2012.11.21 04:06:54.225,1.56836,1.56864,1.50,1.73
2012.11.21 04:06:54.584,1.56837,1.56873,1.73,1.73
2012.11.21 04:06:54.824,1.56837,1.56872,1.73,1.73
2012.11.21 04:06:55.766,1.56837,1.56866,1.50,1.73
2012.11.21 04:06:58.879,1.5683,1.56863,1.73,1.73
2012.11.21 04:06:59.064,1.56824,1.56857,1.73,1.73
2012.11.21 04:07:00.146,1.56817,1.56849,2.48,1.73
2012.11.21 04:07:00.265,1.56817,1.56846,1.50,1.73
2012.11.21 04:07:01.334,1.56817,1.56849,1.73,1.73
2012.11.21 04:07:01.455,1.56817,1.56849,1.73,2.48
2012.11.21 04:07:01.635,1.56817,1.56849,1.73,1.73
2012.11.21 04:07:02.185,1.56817,1.56849,1.73,1.73
2012.11.21 04:07:03.664,1.56817,1.56847,1.73,1.73
2012.11.21 04:07:07.584,1.56817,1.56847,1.73,1.73
2012.11.21 04:07:08.954,1.56817,1.56851,1.73,2.48
2012.11.21 04:07:10.954,1.56817,1.56851,1.73,1.73
2012.11.21 04:07:11.075,1.56817,1.5685,1.73,1.73
2012.11.21 04:07:11.585,1.56816,1.56849,1.73,1.73
2012.11.21 04:07:12.345,1.56817,1.5685,1.73,1.73
2012.11.21 04:07:12.925,1.56817,1.5685,1.73,1.73
2012.11.21 04:07:13.635,1.56823,1.56853,1.50,2.09
2012.11.21 04:07:14.227,1.56826,1.56862,1.73,1.73
2012.11.21 04:07:14.345,1.56829,1.56863,1.73,1.73
2012.11.21 04:07:14.665,1.56829,1.56864,2.29,2.48
2012.11.21 04:07:15.425,1.56829,1.56864,1.73,2.48
2012.11.21 04:07:19.134,1.56836,1.5687,2.48,1.73
2012.11.21 04:07:20.115,1.56838,1.5687,1.73,1.73
2012.11.21 04:07:20.356,1.56847,1.56879,1.27,1.50
2012.11.21 04:07:20.695,1.56845,1.56879,1.73,1.73
2012.11.21 04:07:22.884,1.56845,1.56879,1.50,3.02
2012.11.21 04:07:23.855,1.56846,1.56879,1.73,1.73
2012.11.21 04:07:25.760,1.56846,1.5688,1.73,1.73
2012.11.21 04:07:26.519,1.56844,1.56879,1.73,1.73
2012.11.21 04:07:29.646,1.56846,1.5688,1.73,1.73
2012.11.21 04:07:30.005,1.56846,1.56881,1.73,1.73
2012.11.21 04:07:30.127,1.56845,1.5688,1.73,1.73
2012.11.21 04:07:30.504,1.56845,1.56877,1.73,1.73
2012.11.21 04:07:30.865,1.56838,1.56873,1.73,1.73
2012.11.21 04:07:32.184,1.56836,1.56873,2.48,1.73
2012.11.21 04:07:32.935,1.56836,1.56871,1.73,1.73
2012.11.21 04:07:33.055,1.56836,1.56868,1.50,1.73
2012.11.21 04:07:33.235,1.56836,1.56865,1.50,1.36
2012.11.21 04:07:34.395,1.56837,1.56871,1.73,1.73
2012.11.21 04:07:34.835,1.56831,1.56866,1.73,1.73
2012.11.21 04:07:35.545,1.56838,1.56873,1.73,2.48
2012.11.21 04:07:35.605,1.56838,1.56873,1.73,2.48
2012.11.21 04:07:35.725,1.56838,1.56873,1.73,2.48
2012.11.21 04:07:39.585,1.56841,1.56873,1.73,1.73
2012.11.21 04:07:39.904,1.56841,1.56873,1.73,1.73
2012.11.21 04:07:41.388,1.56841,1.56873,1.73,1.73
2012.11.21 04:07:44.774,1.56841,1.56873,1.73,1.73
2012.11.21 04:07:44.835,1.56838,1.56873,1.73,2.48
2012.11.21 04:07:45.015,1.56838,1.5687,1.50,1.34
2012.11.21 04:07:45.074,1.56837,1.56868,1.50,1.73
2012.11.21 04:07:45.324,1.56834,1.56868,1.73,1.73
2012.11.21 04:07:48.632,1.56835,1.56869,1.59,1.73
2012.11.21 04:07:49.015,1.56834,1.56869,1.73,1.73
2012.11.21 04:07:49.136,1.56834,1.56869,1.73,1.73
2012.11.21 04:07:49.494,1.56831,1.56866,1.73,1.73
2012.11.21 04:07:49.795,1.56831,1.56866,1.73,2.11
2012.11.21 04:07:50.034,1.56831,1.56866,1.73,1.73
2012.11.21 04:07:51.319,1.56831,1.56866,1.73,2.34
2012.11.21 04:07:51.686,1.56834,1.56866,1.50,1.59
2012.11.21 04:07:51.865,1.56831,1.56866,1.73,2.34
2012.11.21 04:07:51.984,1.56831,1.56866,1.73,2.34
2012.11.21 04:07:52.224,1.56828,1.56862,1.38,1.73
2012.11.21 04:07:52.754,1.56836,1.56871,1.73,1.73
2012.11.21 04:07:52.934,1.56836,1.56871,1.73,1.73
2012.11.21 04:07:53.705,1.56836,1.56871,1.73,1.95
2012.11.21 04:07:54.665,1.56836,1.56871,1.73,1.73
2012.11.21 04:07:55.144,1.56841,1.56874,1.73,1.29
2012.11.21 04:07:55.474,1.56841,1.56874,1.50,1.23
2012.11.21 04:07:55.876,1.56835,1.5687,1.73,1.73
2012.11.21 04:07:56.826,1.56835,1.5687,1.73,1.73
2012.11.21 04:08:00.331,1.56836,1.56874,1.73,1.73
2012.11.21 04:08:01.465,1.56841,1.56874,1.73,1.32
2012.11.21 04:08:04.646,1.56846,1.56876,1.50,1.59
2012.11.21 04:08:04.705,1.56847,1.56884,1.73,2.36
2012.11.21 04:08:10.434,1.56847,1.56883,1.73,1.28
2012.11.21 04:08:17.305,1.56847,1.56883,1.50,1.50
2012.11.21 04:08:18.124,1.56847,1.56883,1.50,2.23
2012.11.21 04:08:21.056,1.56843,1.56875,1.50,2.23
2012.11.21 04:08:21.118,1.5684,1.56875,1.73,2.23
2012.11.21 04:08:21.236,1.56843,1.56875,1.50,1.48
2012.11.21 04:08:21.594,1.56835,1.56867,1.50,1.36
2012.11.21 04:08:28.717,1.56835,1.56867,1.50,1.36
2012.11.21 04:08:28.835,1.56835,1.5687,2.48,1.73
2012.11.21 04:08:29.014,1.56845,1.56878,1.50,1.61
2012.11.21 04:08:29.285,1.56845,1.56877,1.50,1.45
2012.11.21 04:08:35.916,1.56853,1.56884,1.50,1.45
2012.11.21 04:08:35.979,1.56856,1.56888,1.50,2.22
2012.11.21 04:08:36.395,1.56856,1.5689,1.73,1.27
2012.11.21 04:08:38.974,1.56864,1.56894,1.50,1.27
2012.11.21 04:08:39.154,1.56867,1.56894,1.50,1.27
2012.11.21 04:08:39.334,1.56869,1.56897,1.50,1.47
2012.11.21 04:08:39.910,1.56869,1.56893,1.50,1.29
2012.11.21 04:08:40.154,1.56862,1.56887,1.50,1.29
2012.11.21 04:08:41.564,1.56862,1.56893,1.50,1.12
2012.11.21 04:08:42.514,1.56862,1.56893,1.50,1.36
2012.11.21 04:08:45.525,1.56855,1.5689,1.50,1.36
2012.11.21 04:08:48.144,1.56855,1.5689,1.73,1.30
2012.11.21 04:08:48.384,1.56855,1.5689,1.50,1.32
2012.11.21 04:08:52.745,1.56853,1.56887,1.50,1.32
2012.11.21 04:08:52.806,1.56853,1.56883,1.50,1.45
2012.11.21 04:08:53.244,1.56853,1.56884,1.50,1.41
2012.11.21 04:08:53.544,1.56853,1.56883,1.50,1.32
2012.11.21 04:08:53.835,1.56853,1.56884,1.50,1.49
2012.11.21 04:08:54.156,1.56853,1.56883,1.50,1.18
2012.11.21 04:08:56.304,1.56855,1.5689,1.50,1.75
2012.11.21 04:08:56.425,1.56855,1.5689,1.50,1.22
2012.11.21 04:08:58.665,1.56855,1.5689,1.50,1.34
2012.11.21 04:08:58.725,1.56853,1.56883,1.50,1.34
2012.11.21 04:08:59.255,1.56847,1.56881,1.50,2.09
2012.11.21 04:08:59.314,1.56847,1.56873,2.25,1.29
2012.11.21 04:08:59.434,1.56847,1.56881,3.04,1.73
2012.11.21 04:08:59.494,1.56851,1.56883,1.73,1.73
2012.11.21 04:08:59.674,1.56854,1.56884,1.50,1.41
2012.11.21 04:09:00.035,1.56854,1.56874,1.50,1.47
2012.11.21 04:09:00.367,1.56847,1.56873,1.50,1.36
2012.11.21 04:09:00.605,1.56839,1.56871,1.50,1.36
2012.11.21 04:09:02.165,1.56846,1.56872,1.50,1.29
2012.11.21 04:09:02.745,1.56846,1.56881,2.25,1.29
2012.11.21 04:09:03.044,1.56847,1.56881,1.50,1.29
2012.11.21 04:09:03.164,1.56847,1.56874,1.50,1.36
2012.11.21 04:09:03.525,1.56841,1.56873,1.50,2.29
2012.11.21 04:09:03.765,1.56839,1.56868,1.50,1.25
2012.11.21 04:09:03.824,1.56836,1.56865,1.50,1.73
2012.11.21 04:09:03.885,1.56833,1.56865,1.73,1.73
2012.11.21 04:09:04.074,1.56833,1.56865,1.50,2.22
2012.11.21 04:09:04.604,1.56833,1.56865,1.50,1.73
2012.11.21 04:09:04.785,1.56836,1.56867,1.73,1.73
2012.11.21 04:09:05.027,1.56837,1.56872,1.50,1.54
2012.11.21 04:09:05.085,1.56834,1.56866,1.50,1.36
2012.11.21 04:09:05.145,1.56834,1.56868,1.50,2.16
2012.11.21 04:09:05.858,1.56834,1.56867,1.73,1.45
2012.11.21 04:09:06.037,1.56834,1.56866,1.50,1.23
2012.11.21 04:09:06.215,1.56834,1.56868,1.73,1.73
2012.11.21 04:09:06.275,1.56834,1.56868,1.73,1.73
2012.11.21 04:09:06.454,1.56842,1.56876,1.73,1.73
2012.11.21 04:09:06.520,1.56842,1.56875,1.50,1.52
2012.11.21 04:09:06.825,1.56846,1.56882,2.25,1.56
2012.11.21 04:09:06.945,1.56846,1.56882,2.48,1.36
2012.11.21 04:09:07.004,1.56846,1.56882,2.25,1.34
2012.11.21 04:09:07.124,1.56846,1.56882,2.48,1.20
2012.11.21 04:09:07.365,1.56846,1.56882,2.25,1.27
2012.11.21 04:09:07.725,1.56842,1.56874,2.25,1.20
2012.11.21 04:09:08.254,1.56842,1.56875,2.25,1.20
2012.11.21 04:09:08.569,1.56842,1.56876,2.48,1.73
2012.11.21 04:09:08.816,1.56846,1.56876,1.73,1.73
2012.11.21 04:09:09.054,1.56847,1.56876,1.73,1.73
2012.11.21 04:09:09.175,1.56846,1.56876,1.73,1.73
2012.11.21 04:09:11.475,1.56843,1.56876,1.73,1.73
2012.11.21 04:09:12.664,1.56843,1.56875,1.50,1.45
2012.11.21 04:09:12.916,1.56842,1.56874,1.50,1.73
2012.11.21 04:09:13.508,1.56842,1.56874,1.50,1.98
2012.11.21 04:09:13.585,1.56835,1.56869,1.50,2.34
2012.11.21 04:09:13.836,1.56834,1.56863,1.50,1.45
2012.11.21 04:09:14.195,1.56835,1.56868,1.50,1.45
2012.11.21 04:09:14.435,1.56834,1.56864,1.50,1.54
2012.11.21 04:09:14.736,1.56834,1.56864,1.50,1.27
2012.11.21 04:09:14.974,1.56827,1.56862,1.50,1.27
2012.11.21 04:09:15.596,1.56822,1.56853,1.50,1.20
2012.11.21 04:09:15.657,1.56819,1.56853,1.50,1.20
2012.11.21 04:09:15.837,1.56823,1.56855,1.73,1.73
2012.11.21 04:09:16.015,1.56827,1.56861,1.73,1.73
2012.11.21 04:09:16.657,1.56833,1.56866,2.25,1.59
2012.11.21 04:09:16.955,1.56833,1.56868,2.48,1.73
2012.11.21 04:09:17.374,1.56835,1.5687,1.73,1.73
2012.11.21 04:09:17.555,1.56836,1.56874,1.73,2.48
2012.11.21 04:09:17.675,1.5684,1.56874,2.48,1.73
2012.11.21 04:09:17.798,1.56843,1.56876,1.73,1.73
2012.11.21 04:09:18.046,1.56847,1.56876,1.73,1.73
2012.11.21 04:09:18.175,1.56847,1.56876,1.73,1.73
2012.11.21 04:09:18.819,1.56847,1.56876,1.73,1.73
2012.11.21 04:09:19.294,1.56847,1.56883,2.48,1.73
2012.11.21 04:09:19.354,1.5685,1.56883,1.73,1.73
2012.11.21 04:09:19.474,1.5685,1.56881,1.73,1.73
2012.11.21 04:09:19.654,1.56836,1.56868,1.73,1.73
2012.11.21 04:09:19.774,1.56836,1.56868,1.73,1.73
2012.11.21 04:09:19.895,1.56836,1.56868,1.73,1.73
2012.11.21 04:09:20.195,1.56837,1.56868,1.73,1.73
2012.11.21 04:09:20.254,1.56837,1.56868,1.73,1.73
2012.11.21 04:09:22.436,1.56837,1.56866,1.73,1.73
2012.11.21 04:09:22.737,1.56834,1.56868,1.73,1.73
2012.11.21 04:09:22.856,1.56834,1.56866,1.50,1.32
2012.11.21 04:09:22.974,1.56834,1.56868,1.50,2.00
2012.11.21 04:09:23.095,1.56836,1.56868,1.73,1.73
2012.11.21 04:09:23.291,1.56836,1.5687,1.73,1.73
2012.11.21 04:09:25.204,1.56842,1.56876,1.50,1.50
2012.11.21 04:09:25.265,1.56845,1.56877,1.56,2.25
2012.11.21 04:09:25.384,1.56851,1.56884,1.73,1.73
2012.11.21 04:09:26.156,1.56851,1.56885,1.73,1.73
2012.11.21 04:09:26.695,1.56851,1.56885,1.73,1.65
2012.11.21 04:09:27.492,1.56857,1.56891,1.50,1.46
2012.11.21 04:09:27.710,1.56857,1.5689,1.50,1.46
2012.11.21 04:09:28.174,1.56857,1.56891,1.50,1.46
2012.11.21 04:09:29.958,1.56857,1.5689,1.50,1.46
2012.11.21 04:09:31.054,1.56857,1.56891,1.50,1.46
2012.11.21 04:09:33.284,1.56856,1.5689,2.25,1.46
2012.11.21 04:09:33.684,1.56851,1.56886,1.73,1.73
2012.11.21 04:09:33.804,1.56851,1.56886,1.73,1.73
2012.11.21 04:09:35.905,1.56851,1.56886,1.73,1.73
2012.11.21 04:09:36.254,1.56851,1.56886,1.73,1.73
2012.11.21 04:09:38.386,1.56851,1.56886,2.20,1.73
2012.11.21 04:09:40.005,1.56857,1.56893,1.73,1.73
2012.11.21 04:09:43.084,1.56858,1.56893,1.73,2.48
2012.11.21 04:09:43.616,1.56858,1.56893,1.73,2.48
2012.11.21 04:09:48.695,1.56857,1.56892,2.48,1.73
2012.11.21 04:09:48.814,1.56857,1.56892,2.48,1.73
2012.11.21 04:09:48.875,1.56857,1.56892,2.48,1.73
2012.11.21 04:09:49.236,1.56858,1.56893,1.73,2.48
2012.11.21 04:09:51.695,1.56858,1.56893,1.73,2.48
2012.11.21 04:09:55.326,1.56867,1.56903,1.73,2.48
2012.11.21 04:09:55.446,1.56867,1.56902,1.73,1.63
2012.11.21 04:09:56.056,1.5686,1.56894,1.73,1.73
2012.11.21 04:09:57.035,1.5686,1.56894,1.73,1.73
2012.11.21 04:09:57.156,1.56866,1.56902,1.73,1.73
2012.11.21 04:09:57.215,1.56867,1.56902,1.29,1.73
2012.11.21 04:09:57.279,1.56871,1.56902,1.34,1.50
2012.11.21 04:09:58.497,1.56871,1.56902,1.34,1.50
2012.11.21 04:09:59.075,1.56871,1.56902,1.34,1.50
2012.11.21 04:10:00.467,1.56866,1.56902,1.73,1.73
2012.11.21 04:10:00.978,1.56865,1.56893,1.54,1.50
2012.11.21 04:10:01.035,1.56856,1.5689,1.50,1.25
2012.11.21 04:10:01.154,1.56856,1.56892,1.73,1.73
2012.11.21 04:10:02.167,1.56856,1.56892,2.48,1.73
2012.11.21 04:10:02.566,1.56864,1.56897,1.73,1.73
2012.11.21 04:10:05.725,1.56856,1.56892,1.73,1.73
2012.11.21 04:10:05.784,1.56856,1.56889,1.50,1.52
2012.11.21 04:10:06.674,1.56857,1.56892,1.73,1.73
2012.11.21 04:10:07.294,1.56857,1.56892,2.48,1.73
2012.11.21 04:10:07.795,1.56857,1.56892,1.73,1.73
2012.11.21 04:10:07.915,1.56857,1.56892,1.73,1.73
2012.11.21 04:10:08.154,1.56854,1.56888,1.73,1.32
2012.11.21 04:10:08.624,1.56848,1.56884,1.73,1.73
2012.11.21 04:10:11.614,1.56848,1.56884,2.48,1.73
2012.11.21 04:10:11.734,1.56848,1.56884,2.48,1.73
2012.11.21 04:10:12.042,1.56853,1.56884,1.23,1.50
2012.11.21 04:10:19.804,1.56856,1.56892,1.73,1.73
2012.11.21 04:10:39.564,1.56853,1.56888,2.73,1.73
2012.11.21 04:10:41.355,1.56859,1.56888,1.32,1.50
2012.11.21 04:10:42.975,1.56856,1.56888,1.73,1.73
2012.11.21 04:10:43.156,1.56859,1.56888,1.27,1.50
2012.11.21 04:10:43.494,1.56855,1.56888,2.02,1.73
2012.11.21 04:10:44.595,1.5686,1.56891,1.73,1.73
2012.11.21 04:10:44.714,1.5686,1.56893,1.73,1.73
2012.11.21 04:10:45.803,1.5686,1.56893,1.73,1.73
2012.11.21 04:10:47.036,1.56861,1.56893,1.73,1.50
2012.11.21 04:10:47.346,1.56865,1.56893,1.63,1.50
2012.11.21 04:10:47.525,1.56866,1.569,1.73,1.73
2012.11.21 04:10:47.592,1.56866,1.56902,1.73,1.73
2012.11.21 04:11:04.565,1.56866,1.56902,1.73,1.73
2012.11.21 04:11:04.685,1.56866,1.56902,1.73,1.73
2012.11.21 04:11:04.997,1.56866,1.569,1.50,1.95
2012.11.21 04:11:05.071,1.56866,1.56901,1.73,2.00
2012.11.21 04:11:05.197,1.56866,1.569,1.50,2.20
2012.11.21 04:11:05.435,1.5686,1.56894,1.73,2.48
2012.11.21 04:11:05.555,1.56857,1.56893,1.73,1.63
2012.11.21 04:11:14.757,1.5686,1.56892,1.50,1.73
2012.11.21 04:11:14.817,1.5686,1.56892,1.73,1.73
2012.11.21 04:11:14.943,1.56857,1.56892,2.48,2.18
2012.11.21 04:11:24.349,1.56857,1.56893,2.48,2.48
2012.11.21 04:11:24.543,1.56857,1.56893,2.48,2.48
2012.11.21 04:11:25.055,1.5686,1.56894,1.73,1.73
2012.11.21 04:11:25.409,1.5686,1.56894,1.73,1.73
2012.11.21 04:11:25.696,1.56857,1.56893,1.73,1.73
2012.11.21 04:11:30.145,1.56857,1.56894,1.73,1.73
2012.11.21 04:11:30.496,1.5686,1.56895,1.73,2.48
2012.11.21 04:11:30.805,1.56857,1.56894,1.73,2.48
2012.11.21 04:11:30.925,1.56857,1.56892,1.73,1.73
2012.11.21 04:11:31.168,1.56865,1.56892,1.73,1.73
2012.11.21 04:11:31.705,1.56867,1.569,1.95,1.50
2012.11.21 04:11:32.006,1.56876,1.5691,1.73,1.73
2012.11.21 04:11:33.708,1.56876,1.56909,1.73,1.73
2012.11.21 04:11:33.766,1.56874,1.56909,1.73,1.73
2012.11.21 04:11:36.876,1.5687,1.56904,1.27,1.50
2012.11.21 04:11:39.495,1.5687,1.56904,1.27,1.50
2012.11.21 04:11:40.126,1.56872,1.56904,1.35,1.50
2012.11.21 04:11:40.185,1.56884,1.56915,1.50,1.43
2012.11.21 04:11:40.304,1.56889,1.56918,1.56,1.50
2012.11.21 04:11:40.424,1.56884,1.56919,2.48,2.48
2012.11.21 04:11:40.484,1.56883,1.56919,1.73,2.48
2012.11.21 04:11:41.034,1.56877,1.56911,2.34,1.50
2012.11.21 04:11:41.364,1.56877,1.56905,1.59,1.50
2012.11.21 04:11:41.424,1.56871,1.56905,1.20,1.73
2012.11.21 04:11:42.414,1.56871,1.56905,1.20,1.73
2012.11.21 04:11:43.995,1.56886,1.56914,1.50,1.23
2012.11.21 04:11:44.054,1.5689,1.5692,1.20,3.30
2012.11.21 04:11:44.334,1.5689,1.56922,1.20,1.50
2012.11.21 04:11:47.495,1.5689,1.56922,1.20,1.50
2012.11.21 04:11:48.874,1.56894,1.56926,1.73,2.48
2012.11.21 04:11:48.934,1.56894,1.56926,1.73,2.48
2012.11.21 04:11:49.284,1.56899,1.56926,1.29,1.50
2012.11.21 04:11:49.345,1.56896,1.56926,1.56,1.50
2012.11.21 04:11:52.066,1.56896,1.56926,1.56,1.50
2012.11.21 04:11:52.205,1.56896,1.56926,1.56,1.50
2012.11.21 04:11:52.454,1.56894,1.56926,1.73,1.73
2012.11.21 04:11:55.315,1.56894,1.56926,1.73,2.63
2012.11.21 04:11:55.540,1.56894,1.56926,1.73,1.73
2012.11.21 04:11:56.312,1.56894,1.56923,1.73,1.73
2012.11.21 04:11:56.695,1.56886,1.5692,2.18,1.73
2012.11.21 04:11:56.754,1.56886,1.5692,1.73,1.98
2012.11.21 04:11:57.115,1.56884,1.56914,1.73,3.60
2012.11.21 04:11:57.475,1.56877,1.56911,1.50,1.41
2012.11.21 04:11:58.526,1.5687,1.56904,1.73,1.73
2012.11.21 04:11:58.585,1.5687,1.56903,1.50,1.59
2012.11.21 04:12:00.054,1.5687,1.56906,1.73,1.73
2012.11.21 04:12:00.905,1.5687,1.56906,1.73,1.73
2012.11.21 04:12:01.355,1.5687,1.569,1.73,1.50
2012.11.21 04:12:01.535,1.56861,1.56891,1.50,1.38
2012.11.21 04:12:02.725,1.56863,1.56891,1.50,1.38
2012.11.21 04:12:02.845,1.56863,1.56897,1.73,1.73
2012.11.21 04:12:04.005,1.56861,1.56893,1.73,3.68
2012.11.21 04:12:04.064,1.56861,1.5689,1.50,1.54
2012.11.21 04:12:05.704,1.56855,1.56888,1.73,1.73
2012.11.21 04:12:06.855,1.56857,1.56888,1.73,1.73
2012.11.21 04:12:07.035,1.56857,1.56888,2.36,1.50
2012.11.21 04:12:10.275,1.56857,1.56888,1.61,1.50
2012.11.21 04:12:10.335,1.56856,1.56888,1.73,1.73
2012.11.21 04:12:12.594,1.56857,1.56883,1.50,1.73
2012.11.21 04:12:12.924,1.56857,1.56883,1.50,1.73
2012.11.21 04:12:13.230,1.56855,1.56877,1.50,1.73
2012.11.21 04:12:13.295,1.56847,1.56877,2.48,1.73
2012.11.21 04:12:13.806,1.56847,1.56877,1.73,1.73
2012.11.21 04:12:14.564,1.56847,1.56874,2.48,1.50
2012.11.21 04:12:14.810,1.56847,1.56873,2.25,1.73
2012.11.21 04:12:14.935,1.56847,1.56873,2.48,1.73
2012.11.21 04:12:15.425,1.56847,1.56878,1.73,1.73
2012.11.21 04:12:15.748,1.56847,1.56882,1.73,1.73
2012.11.21 04:12:16.082,1.5685,1.56882,1.61,1.50
2012.11.21 04:12:16.284,1.5685,1.56882,1.61,1.50
2012.11.21 04:12:18.565,1.56856,1.56884,1.73,1.50
2012.11.21 04:12:19.126,1.56856,1.56884,1.73,1.50
2012.11.21 04:12:19.187,1.56856,1.56884,1.73,1.73
2012.11.21 04:12:19.245,1.56856,1.56884,1.73,1.73
2012.11.21 04:12:20.995,1.56856,1.56884,1.73,1.73
2012.11.21 04:12:22.865,1.56848,1.56882,2.02,2.40
2012.11.21 04:12:22.985,1.56845,1.56876,1.59,1.50
2012.11.21 04:12:23.105,1.56841,1.56876,1.73,1.73
2012.11.21 04:12:23.285,1.56843,1.56876,1.09,1.73
2012.11.21 04:12:23.407,1.56836,1.5687,1.09,1.73
2012.11.21 04:12:23.585,1.56836,1.56867,1.09,1.73
2012.11.21 04:12:24.155,1.56834,1.56864,1.30,1.73
2012.11.21 04:12:24.585,1.56833,1.56864,1.04,1.73
2012.11.21 04:12:25.185,1.56833,1.56862,1.15,1.73
2012.11.21 04:12:25.545,1.56828,1.56854,1.15,1.73
2012.11.21 04:12:28.215,1.5682,1.56853,1.73,1.73
2012.11.21 04:12:28.521,1.5682,1.5685,1.73,1.73
2012.11.21 04:12:29.335,1.5682,1.56853,1.65,1.73
2012.11.21 04:12:29.697,1.5682,1.56849,1.73,1.73
2012.11.21 04:12:30.341,1.56814,1.56849,1.73,2.48
2012.11.21 04:12:31.315,1.56814,1.56849,1.73,1.73
2012.11.21 04:12:31.618,1.56814,1.56849,1.73,1.73
2012.11.21 04:12:31.736,1.56814,1.56848,1.73,1.73
2012.11.21 04:12:32.805,1.56809,1.56841,1.73,1.73
2012.11.21 04:12:32.866,1.56807,1.56841,1.50,2.29
2012.11.21 04:12:33.104,1.56807,1.56841,1.73,1.73
2012.11.21 04:12:33.417,1.56799,1.56834,2.15,1.73
2012.11.21 04:12:33.714,1.56801,1.56834,1.31,1.50
2012.11.21 04:12:35.944,1.56811,1.5684,1.45,1.50
2012.11.21 04:12:36.005,1.56811,1.56843,1.45,1.50
2012.11.21 04:12:36.383,1.56811,1.56846,1.45,1.50
2012.11.21 04:12:36.576,1.56815,1.5685,1.73,1.73
2012.11.21 04:12:36.635,1.56817,1.56852,1.25,1.50
2012.11.21 04:12:36.695,1.56815,1.56852,1.73,1.73
2012.11.21 04:12:36.935,1.56817,1.56852,1.41,2.25
2012.11.21 04:12:37.023,1.56816,1.56852,1.73,2.48
2012.11.21 04:12:37.388,1.56815,1.5685,2.02,1.73
2012.11.21 04:12:37.505,1.56809,1.56846,1.73,1.73
2012.11.21 04:12:37.685,1.56814,1.56847,1.43,1.50
2012.11.21 04:12:38.425,1.5681,1.56846,1.43,1.50
2012.11.21 04:12:39.065,1.5681,1.56847,1.43,1.50
2012.11.21 04:12:40.006,1.56816,1.56852,1.73,1.73
2012.11.21 04:12:40.139,1.56816,1.5685,1.73,1.73
2012.11.21 04:12:40.266,1.56816,1.56849,1.73,2.07
2012.11.21 04:12:40.325,1.56808,1.56843,1.73,1.73
2012.11.21 04:12:40.445,1.56808,1.56846,1.73,1.73
2012.11.21 04:12:40.505,1.56811,1.56846,1.52,1.50
2012.11.21 04:12:40.746,1.56808,1.56843,1.73,1.73
2012.11.21 04:12:40.955,1.56811,1.56843,1.25,1.50
2012.11.21 04:12:41.505,1.56808,1.56843,1.73,1.73
2012.11.21 04:12:41.746,1.56811,1.56843,1.45,1.50
2012.11.21 04:12:50.365,1.56811,1.56846,1.02,1.50
2012.11.21 04:12:51.495,1.56811,1.56846,1.37,1.50
2012.11.21 04:12:51.816,1.56816,1.56852,1.65,1.73
2012.11.21 04:12:55.356,1.56817,1.56852,2.24,1.73
2012.11.21 04:12:55.476,1.56817,1.56852,1.73,1.73
2012.11.21 04:12:55.615,1.56817,1.56852,1.73,1.73
2012.11.21 04:12:55.959,1.56816,1.56851,1.73,1.73
2012.11.21 04:12:56.475,1.56816,1.56852,1.73,1.73
2012.11.21 04:12:56.534,1.56816,1.56852,1.73,1.73
2012.11.21 04:12:57.425,1.56806,1.56837,1.73,1.73
2012.11.21 04:12:57.726,1.56802,1.56832,1.50,1.38
2012.11.21 04:12:58.026,1.56798,1.56834,1.57,1.73
2012.11.21 04:12:58.545,1.56798,1.56834,2.32,1.73
2012.11.21 04:12:58.725,1.56796,1.56832,1.73,1.27
2012.11.21 04:12:58.908,1.56798,1.56833,1.50,1.27
2012.11.21 04:13:00.150,1.568,1.56834,1.63,1.65
2012.11.21 04:13:00.841,1.56805,1.56837,1.73,1.73
2012.11.21 04:13:02.577,1.56805,1.5684,1.73,1.73
2012.11.21 04:13:02.637,1.56805,1.56843,1.73,2.48
2012.11.21 04:13:04.625,1.56813,1.56844,1.50,1.55
2012.11.21 04:13:04.685,1.56813,1.56847,1.73,1.73
2012.11.21 04:13:04.805,1.56815,1.56847,1.20,1.50
2012.11.21 04:13:04.865,1.56816,1.5685,1.73,1.73
2012.11.21 04:13:05.275,1.56822,1.56854,1.38,1.50
2012.11.21 04:13:05.335,1.56822,1.56856,1.38,1.73
2012.11.21 04:13:06.156,1.56828,1.56863,1.73,1.22
2012.11.21 04:13:06.355,1.5683,1.56863,2.63,1.22
2012.11.21 04:13:06.536,1.56847,1.56886,2.29,1.65
2012.11.21 04:13:06.804,1.56847,1.56881,1.54,1.50
2012.11.21 04:13:07.105,1.56846,1.56879,1.73,1.73
2012.11.21 04:13:07.165,1.56846,1.56879,2.48,1.73
2012.11.21 04:13:07.964,1.5684,1.56874,1.52,1.73
2012.11.21 04:13:08.147,1.56836,1.56868,1.73,1.73
2012.11.21 04:13:08.208,1.56836,1.56868,1.73,1.73
2012.11.21 04:13:08.447,1.56834,1.56866,1.73,1.73
2012.11.21 04:13:09.197,1.56832,1.56866,1.73,1.73
2012.11.21 04:13:09.515,1.56832,1.56866,2.31,1.73
2012.11.21 04:13:09.575,1.56834,1.56866,1.73,1.73
2012.11.21 04:13:09.695,1.56837,1.56866,1.73,1.50
2012.11.21 04:13:09.995,1.56838,1.56874,1.73,1.73
2012.11.21 04:13:10.056,1.5684,1.56876,1.73,1.73
2012.11.21 04:13:10.236,1.56856,1.56883,1.34,1.50
2012.11.21 04:13:10.295,1.56856,1.56885,1.34,1.50
2012.11.21 04:13:10.696,1.56849,1.56883,2.48,1.73
2012.11.21 04:13:10.815,1.56851,1.56883,1.56,1.73
2012.11.21 04:13:11.258,1.56849,1.56883,1.73,1.73
2012.11.21 04:13:12.296,1.56851,1.56883,1.45,1.73
2012.11.21 04:13:13.415,1.56851,1.56883,1.25,1.50
2012.11.21 04:13:13.855,1.56857,1.56885,1.56,1.50
2012.11.21 04:13:14.095,1.56854,1.56885,1.32,1.50
2012.11.21 04:13:14.215,1.56857,1.56893,1.73,2.48
2012.11.21 04:13:14.275,1.56858,1.56893,1.25,2.48
2012.11.21 04:13:14.756,1.56857,1.56893,1.73,2.48
2012.11.21 04:13:14.936,1.56857,1.56893,1.73,2.48
2012.11.21 04:13:15.055,1.56857,1.56893,1.73,2.48
2012.11.21 04:13:15.784,1.56855,1.5689,1.73,1.73
2012.11.21 04:13:16.415,1.56855,1.5689,1.73,1.73
2012.11.21 04:13:16.594,1.56847,1.56882,2.48,1.73
2012.11.21 04:13:17.135,1.56842,1.56876,2.48,1.73
2012.11.21 04:13:17.374,1.56842,1.56876,1.73,1.73
2012.11.21 04:13:18.125,1.56845,1.56878,1.61,1.73
2012.11.21 04:13:18.485,1.56842,1.56876,1.73,1.73
2012.11.21 04:13:18.696,1.5684,1.56876,1.73,1.73
2012.11.21 04:13:19.324,1.56841,1.56876,1.43,1.73
2012.11.21 04:13:20.075,1.56842,1.56876,1.73,1.73
2012.11.21 04:13:21.435,1.56848,1.56883,1.73,1.73
2012.11.21 04:13:21.556,1.56849,1.56883,2.02,1.50
2012.11.21 04:13:21.676,1.56847,1.56883,2.73,1.73
2012.11.21 04:13:22.094,1.56842,1.56875,1.73,1.73
2012.11.21 04:13:22.166,1.56842,1.56875,1.73,1.73
2012.11.21 04:13:22.238,1.56842,1.56875,1.73,1.73
2012.11.21 04:13:22.765,1.56842,1.56875,1.73,1.73
2012.11.21 04:13:22.825,1.56841,1.56875,1.73,1.73
2012.11.21 04:13:23.236,1.56842,1.56875,1.73,1.73
2012.11.21 04:13:23.339,1.56842,1.56875,1.73,1.73
2012.11.21 04:13:26.145,1.56842,1.56875,1.73,1.73
2012.11.21 04:13:27.404,1.56846,1.56877,1.73,1.73
2012.11.21 04:13:27.707,1.56843,1.56877,2.27,1.50
2012.11.21 04:13:28.235,1.56842,1.56877,1.27,1.50
2012.11.21 04:13:30.875,1.56842,1.56875,1.27,1.50
2012.11.21 04:13:30.935,1.5684,1.56875,1.73,1.73
2012.11.21 04:13:31.055,1.5684,1.56875,1.73,1.73
2012.11.21 04:13:31.175,1.56836,1.56867,1.73,1.73
2012.11.21 04:13:34.113,1.56836,1.56867,1.73,1.73
2012.11.21 04:13:41.088,1.56837,1.56873,1.73,2.16
2012.11.21 04:13:41.206,1.56843,1.56879,1.73,1.73
2012.11.21 04:13:41.695,1.56837,1.56872,2.48,1.50
2012.11.21 04:13:42.116,1.56832,1.56865,1.73,1.73
2012.11.21 04:13:42.356,1.56831,1.56865,1.73,1.73
2012.11.21 04:13:43.323,1.56832,1.56866,1.73,1.73
2012.11.21 04:13:43.565,1.56832,1.56866,2.79,1.50
2012.11.21 04:13:44.026,1.56831,1.56865,1.73,1.73
2012.11.21 04:13:44.609,1.56831,1.56865,1.73,1.73
2012.11.21 04:13:46.005,1.56831,1.56865,1.73,1.73
2012.11.21 04:13:46.245,1.56832,1.56866,1.73,1.73
2012.11.21 04:13:46.566,1.56832,1.56866,1.23,1.50
2012.11.21 04:13:46.987,1.56831,1.56865,2.48,1.73
2012.11.21 04:13:47.406,1.56831,1.56865,1.73,1.73
2012.11.21 04:13:47.835,1.56833,1.56866,1.63,1.50
2012.11.21 04:13:49.105,1.56832,1.56865,1.63,1.50
2012.11.21 04:13:49.284,1.56831,1.56865,1.50,1.73
2012.11.21 04:13:50.415,1.56831,1.56865,1.73,1.50
2012.11.21 04:13:51.339,1.56831,1.56865,1.73,1.50
2012.11.21 04:13:51.635,1.56829,1.56859,1.50,1.73
2012.11.21 04:13:51.695,1.56823,1.56859,2.48,1.73
2012.11.21 04:13:52.903,1.56823,1.56858,2.48,1.41
2012.11.21 04:13:55.126,1.56825,1.56859,1.73,1.73
2012.11.21 04:13:56.695,1.56831,1.56863,1.73,1.73
2012.11.21 04:13:56.854,1.56831,1.56863,1.73,1.73
2012.11.21 04:13:57.366,1.56832,1.56865,1.73,1.73
2012.11.21 04:14:00.325,1.56837,1.56872,2.48,1.25
2012.11.21 04:14:00.626,1.56836,1.56866,1.50,1.73
2012.11.21 04:14:00.805,1.56836,1.56866,1.73,1.50
2012.11.21 04:14:00.986,1.56837,1.56873,2.48,2.48
2012.11.21 04:14:01.106,1.56837,1.56873,2.48,2.48
2012.11.21 04:14:01.466,1.56837,1.56872,1.73,1.73
2012.11.21 04:14:01.832,1.56837,1.56871,1.50,1.29
2012.11.21 04:14:08.256,1.56832,1.56864,1.73,1.73
2012.11.21 04:14:12.156,1.56829,1.56863,1.73,1.59
2012.11.21 04:14:12.516,1.56829,1.56863,1.50,1.27
2012.11.21 04:14:12.575,1.56829,1.56863,1.73,1.36
2012.11.21 04:14:12.856,1.56829,1.56863,1.50,1.38
2012.11.21 04:14:13.276,1.56829,1.56863,1.73,2.20
2012.11.21 04:14:14.346,1.56829,1.5686,1.50,1.27
2012.11.21 04:14:14.586,1.56829,1.56863,1.73,2.04
2012.11.21 04:14:15.056,1.56829,1.56861,1.50,1.29
2012.11.21 04:14:19.359,1.56829,1.56864,1.73,1.73
2012.11.21 04:14:19.477,1.56829,1.56864,2.48,2.22
2012.11.21 04:14:19.985,1.56829,1.56863,1.73,1.73
2012.11.21 04:14:20.305,1.56829,1.56861,1.50,1.63
2012.11.21 04:14:24.485,1.56829,1.56863,1.73,1.73
2012.11.21 04:14:24.605,1.56832,1.56863,1.73,1.73
2012.11.21 04:14:24.965,1.56836,1.5687,1.73,1.38
2012.11.21 04:14:28.176,1.56836,1.56868,1.50,1.41
2012.11.21 04:14:28.670,1.56833,1.56864,2.48,1.73
2012.11.21 04:14:28.725,1.56833,1.56864,1.73,1.73
2012.11.21 04:14:29.416,1.56833,1.56864,1.73,1.73
2012.11.21 04:14:31.316,1.56833,1.56864,1.73,1.73
2012.11.21 04:14:32.255,1.56837,1.56864,2.78,1.73
2012.11.21 04:14:32.436,1.56844,1.56876,1.73,1.73
2012.11.21 04:14:32.495,1.56843,1.56876,1.73,1.73
2012.11.21 04:14:32.905,1.56843,1.56876,2.31,1.73
2012.11.21 04:14:33.216,1.56842,1.56872,1.50,1.50
2012.11.21 04:14:33.665,1.56835,1.56869,1.73,1.73
2012.11.21 04:14:36.892,1.56835,1.56869,1.50,1.34
2012.11.21 04:14:37.196,1.56825,1.56861,1.73,1.73
2012.11.21 04:14:37.256,1.56825,1.56858,1.50,1.45
2012.11.21 04:14:37.620,1.56825,1.56855,1.50,1.23
2012.11.21 04:14:37.745,1.56825,1.56861,1.73,1.73
2012.11.21 04:14:38.195,1.56825,1.56861,2.48,1.73
2012.11.21 04:14:38.576,1.56827,1.56861,1.73,1.73
2012.11.21 04:14:39.180,1.56827,1.56861,1.65,1.73
2012.11.21 04:14:39.766,1.56827,1.56861,1.73,1.73
2012.11.21 04:14:40.169,1.56825,1.56855,1.50,1.32
2012.11.21 04:14:40.356,1.56819,1.56854,1.73,1.73
2012.11.21 04:14:41.026,1.56818,1.56854,2.48,1.73
2012.11.21 04:14:41.085,1.56818,1.56852,1.73,1.47
2012.11.21 04:14:41.145,1.56818,1.56852,1.73,1.47
2012.11.21 04:14:41.325,1.56818,1.56854,1.73,1.73
2012.11.21 04:14:41.904,1.5682,1.56854,1.73,1.73
2012.11.21 04:14:42.245,1.5682,1.56854,1.73,1.73
2012.11.21 04:14:42.365,1.5682,1.56854,1.73,1.73
2012.11.21 04:14:42.485,1.5682,1.56854,1.73,1.73
2012.11.21 04:14:42.545,1.5682,1.56854,1.73,1.73
2012.11.21 04:14:42.665,1.56823,1.56854,1.73,1.73
2012.11.21 04:14:42.787,1.56823,1.56854,1.73,1.73
2012.11.21 04:14:43.895,1.56827,1.56862,1.73,2.38
2012.11.21 04:14:44.820,1.56819,1.56854,1.73,2.48
2012.11.21 04:14:45.765,1.56824,1.56857,1.73,1.34
2012.11.21 04:14:47.236,1.56824,1.56856,1.50,1.63
2012.11.21 04:14:47.488,1.56825,1.56857,1.50,1.52
2012.11.21 04:14:47.546,1.56831,1.56864,1.50,1.59
2012.11.21 04:14:47.785,1.56831,1.56866,1.73,1.73
2012.11.21 04:14:47.906,1.56831,1.56863,1.50,1.34
2012.11.21 04:14:48.086,1.56825,1.56861,1.73,1.73
2012.11.21 04:14:48.146,1.56825,1.56859,1.50,1.59
2012.11.21 04:14:48.386,1.56827,1.56861,1.73,1.73
2012.11.21 04:14:48.507,1.56827,1.56862,2.48,1.61
2012.11.21 04:14:48.846,1.56838,1.56868,1.50,1.61
2012.11.21 04:14:49.025,1.56838,1.56868,1.50,1.61
2012.11.21 04:14:50.926,1.56836,1.56866,1.50,1.73
2012.11.21 04:14:51.047,1.56832,1.56866,1.73,1.73
2012.11.21 04:14:51.106,1.56832,1.56866,1.73,1.73
2012.11.21 04:14:51.225,1.56831,1.56866,1.73,1.73
2012.11.21 04:14:51.286,1.56831,1.56857,1.50,1.63
2012.11.21 04:14:51.405,1.56831,1.56861,1.50,1.52
2012.11.21 04:14:51.526,1.56832,1.56864,1.50,1.23
2012.11.21 04:14:51.896,1.56831,1.56864,2.25,1.23
2012.11.21 04:14:53.135,1.56837,1.56867,1.50,1.52
2012.11.21 04:14:55.995,1.56837,1.56867,1.50,1.52
2012.11.21 04:14:56.635,1.56837,1.56863,1.50,1.52
2012.11.21 04:14:56.975,1.56829,1.56863,1.73,1.52
2012.11.21 04:15:02.869,1.56829,1.56857,1.50,1.23
2012.11.21 04:15:03.959,1.56829,1.56855,1.50,1.61
2012.11.21 04:15:04.265,1.56822,1.56854,1.50,1.63
2012.11.21 04:15:05.135,1.56822,1.56856,1.50,1.23
2012.11.21 04:15:05.615,1.56822,1.56852,1.50,1.52
2012.11.21 04:15:05.676,1.56815,1.56849,1.73,1.73
2012.11.21 04:15:05.857,1.56815,1.5684,1.50,1.38
2012.11.21 04:15:06.395,1.56815,1.56839,1.50,1.43
2012.11.21 04:15:07.386,1.56815,1.56848,1.73,1.25
2012.11.21 04:15:07.526,1.56808,1.56843,1.73,1.73
2012.11.21 04:15:07.647,1.56809,1.56843,1.73,1.73
2012.11.21 04:15:07.707,1.56809,1.56843,1.73,1.98
2012.11.21 04:15:07.825,1.56808,1.56843,1.73,1.73
2012.11.21 04:15:08.005,1.56812,1.56845,1.73,1.73
2012.11.21 04:15:08.316,1.56809,1.56843,1.73,1.73
2012.11.21 04:15:08.585,1.56815,1.56847,1.50,1.25
2012.11.21 04:15:08.825,1.56815,1.56846,1.50,1.73
2012.11.21 04:15:08.945,1.56822,1.56853,1.50,1.56
2012.11.21 04:15:09.067,1.56822,1.56847,1.50,1.41
2012.11.21 04:15:09.535,1.56822,1.5685,1.50,1.52
2012.11.21 04:15:09.715,1.56822,1.56852,1.50,1.56
2012.11.21 04:15:10.826,1.56822,1.5684,1.50,1.47
2012.11.21 04:15:11.126,1.56819,1.56844,1.50,1.47
2012.11.21 04:15:11.187,1.56817,1.56844,1.50,1.20
2012.11.21 04:15:11.245,1.56817,1.56847,1.50,1.59
2012.11.21 04:15:11.875,1.56817,1.56847,1.50,1.47
2012.11.21 04:15:12.426,1.56817,1.5685,1.50,1.27
2012.11.21 04:15:12.485,1.56823,1.5685,1.50,1.27
2012.11.21 04:15:12.805,1.56817,1.56848,1.50,1.41
2012.11.21 04:15:13.686,1.56807,1.56842,1.73,1.73
2012.11.21 04:15:13.805,1.56807,1.56838,1.50,1.59
2012.11.21 04:15:16.386,1.56807,1.56838,1.50,1.59
2012.11.21 04:15:17.425,1.56808,1.56838,1.50,1.29
2012.11.21 04:15:17.607,1.56808,1.56821,1.50,1.41
2012.11.21 04:15:17.727,1.56781,1.5681,1.50,1.50
2012.11.21 04:15:18.086,1.56781,1.56798,1.50,1.45
2012.11.21 04:15:18.727,1.56753,1.56793,1.38,1.73
2012.11.21 04:15:18.796,1.5675,1.56781,1.50,1.14
2012.11.21 04:15:19.426,1.56752,1.56784,1.50,1.14
2012.11.21 04:15:20.449,1.56747,1.56786,1.73,1.41
2012.11.21 04:15:20.791,1.56747,1.56783,1.50,1.48
2012.11.21 04:15:20.856,1.56751,1.56786,1.73,1.73
2012.11.21 04:15:21.696,1.56747,1.56788,1.60,1.73
2012.11.21 04:15:21.817,1.56756,1.56796,1.50,1.50
2012.11.21 04:15:22.136,1.56761,1.56799,1.50,1.50
2012.11.21 04:15:22.316,1.56743,1.56796,1.50,1.50
2012.11.21 04:15:22.375,1.56741,1.56787,1.50,1.50
2012.11.21 04:15:22.435,1.56735,1.56784,1.50,1.50
2012.11.21 04:15:22.796,1.56724,1.56752,1.50,1.50
2012.11.21 04:15:23.117,1.56725,1.56752,1.50,1.50
2012.11.21 04:15:23.240,1.56725,1.56748,1.50,1.50
2012.11.21 04:15:23.651,1.56722,1.56752,2.18,1.57
2012.11.21 04:15:23.718,1.56709,1.56753,1.41,1.73
2012.11.21 04:15:24.535,1.56706,1.56754,1.27,1.73
2012.11.21 04:15:25.813,1.56712,1.56754,1.27,1.73
2012.11.21 04:15:25.879,1.56713,1.56753,1.47,1.73
2012.11.21 04:15:26.005,1.56717,1.56755,1.61,1.73
2012.11.21 04:15:26.245,1.56715,1.5676,1.45,1.25
2012.11.21 04:15:26.545,1.56714,1.56756,1.73,1.34
2012.11.21 04:15:26.788,1.56706,1.56753,1.73,1.73
2012.11.21 04:15:26.906,1.56706,1.56747,1.73,1.73
2012.11.21 04:15:27.555,1.56699,1.56743,1.73,1.38
2012.11.21 04:15:27.796,1.56713,1.56747,1.73,1.73
2012.11.21 04:15:28.445,1.56713,1.56755,2.09,2.29
2012.11.21 04:15:28.865,1.56714,1.56755,1.32,1.73
2012.11.21 04:15:29.626,1.56714,1.56755,1.73,2.18
2012.11.21 04:15:29.865,1.56714,1.56755,2.31,1.73
2012.11.21 04:15:29.925,1.56716,1.56755,1.56,1.73
2012.11.21 04:15:30.346,1.56717,1.56753,1.50,2.15
2012.11.21 04:15:30.466,1.56715,1.56753,1.50,2.15
2012.11.21 04:15:30.676,1.56713,1.56742,2.25,1.52
2012.11.21 04:15:31.036,1.56715,1.56754,1.73,2.34
2012.11.21 04:15:31.095,1.56717,1.56754,1.73,2.34
2012.11.21 04:15:31.648,1.56725,1.56754,1.50,1.59
2012.11.21 04:15:32.691,1.56718,1.56734,1.50,1.56
2012.11.21 04:15:32.815,1.56718,1.56738,1.50,1.36
2012.11.21 04:15:32.876,1.56718,1.56742,1.50,1.59
2012.11.21 04:15:32.939,1.56704,1.56741,1.73,1.73
2012.11.21 04:15:33.007,1.56704,1.56741,1.73,1.73
2012.11.21 04:15:33.326,1.56711,1.56741,1.58,1.73
2012.11.21 04:15:33.630,1.56721,1.56748,2.34,1.50
2012.11.21 04:15:33.756,1.56721,1.56747,1.73,1.73
2012.11.21 04:15:33.996,1.56713,1.56746,1.73,1.73
2012.11.21 04:15:34.235,1.56706,1.5674,1.13,1.73
2012.11.21 04:15:34.355,1.56704,1.5674,1.73,1.73
2012.11.21 04:15:34.597,1.56704,1.5674,1.73,1.73
2012.11.21 04:15:34.716,1.56704,1.5674,1.73,1.73
2012.11.21 04:15:35.197,1.56704,1.56738,1.50,1.38
2012.11.21 04:15:35.318,1.56704,1.5674,1.73,1.73
2012.11.21 04:15:35.657,1.56704,1.5674,1.73,1.73
2012.11.21 04:15:36.036,1.56704,1.5674,1.73,1.73
2012.11.21 04:15:36.235,1.56712,1.56741,1.50,1.41
2012.11.21 04:15:36.295,1.56712,1.56748,1.73,2.02
2012.11.21 04:15:36.687,1.56712,1.56748,1.73,1.73
2012.11.21 04:15:36.754,1.56712,1.56748,1.73,1.73
2012.11.21 04:15:37.895,1.56712,1.56749,1.73,1.45
2012.11.21 04:15:38.140,1.56712,1.56747,1.73,1.73
2012.11.21 04:15:38.265,1.56713,1.56747,1.20,1.73
2012.11.21 04:15:38.635,1.56712,1.56747,1.73,1.73
2012.11.21 04:15:38.756,1.56712,1.56747,1.73,1.73
2012.11.21 04:15:39.060,1.56719,1.56753,1.73,1.73
2012.11.21 04:15:39.368,1.56712,1.56743,1.06,1.50
2012.11.21 04:15:39.486,1.56707,1.56743,1.73,1.73
2012.11.21 04:15:39.665,1.56707,1.56742,1.73,1.54
2012.11.21 04:15:40.243,1.56708,1.56742,1.73,1.73
2012.11.21 04:15:40.314,1.56707,1.56742,1.73,1.73
2012.11.21 04:15:40.867,1.56707,1.56742,2.33,1.73
2012.11.21 04:15:41.515,1.56707,1.56742,1.65,1.73
2012.11.21 04:15:41.816,1.56707,1.56742,1.65,1.73
2012.11.21 04:15:42.216,1.567,1.56734,1.65,1.73
2012.11.21 04:15:42.277,1.567,1.56729,1.50,1.34
2012.11.21 04:15:42.517,1.56695,1.56724,1.50,1.27
2012.11.21 04:15:42.577,1.56693,1.56724,1.50,1.27
2012.11.21 04:15:42.696,1.56693,1.56725,1.50,1.61
2012.11.21 04:15:42.880,1.56693,1.56727,1.73,1.73
2012.11.21 04:15:43.196,1.56687,1.56723,2.08,1.73
2012.11.21 04:15:43.756,1.56694,1.56728,1.73,1.73
2012.11.21 04:15:45.052,1.56696,1.56732,1.73,1.47
2012.11.21 04:15:45.612,1.56699,1.56733,1.50,1.47
2012.11.21 04:15:46.565,1.56691,1.56725,1.73,1.43
2012.11.21 04:15:46.746,1.56693,1.56727,1.50,1.43
2012.11.21 04:15:47.096,1.56693,1.56727,1.73,1.45
2012.11.21 04:15:47.256,1.56693,1.56729,1.73,1.73
2012.11.21 04:15:47.495,1.567,1.56734,1.50,1.27
2012.11.21 04:15:48.036,1.567,1.56734,1.73,1.52
2012.11.21 04:15:48.688,1.56708,1.56744,1.73,2.00
2012.11.21 04:15:49.159,1.56696,1.56734,1.73,2.07
2012.11.21 04:15:49.228,1.56692,1.56727,1.73,1.73
2012.11.21 04:15:49.406,1.56692,1.56727,1.73,1.73
2012.11.21 04:15:49.766,1.56686,1.56721,2.04,1.50
2012.11.21 04:15:49.825,1.56686,1.56721,1.73,1.73
2012.11.21 04:15:49.947,1.56686,1.56721,2.13,1.73
2012.11.21 04:15:50.277,1.56686,1.56721,1.73,1.73
2012.11.21 04:15:50.826,1.56686,1.56721,1.73,2.34
2012.11.21 04:15:52.047,1.56686,1.56721,1.73,1.65
2012.11.21 04:15:52.566,1.5669,1.56725,1.73,2.18
2012.11.21 04:15:53.006,1.56692,1.56725,1.43,1.73
2012.11.21 04:15:53.315,1.56698,1.56732,2.36,1.73
2012.11.21 04:15:53.376,1.567,1.56734,1.73,1.73
2012.11.21 04:15:53.436,1.56708,1.56743,1.73,1.73
2012.11.21 04:15:54.969,1.56709,1.56743,1.27,1.50
2012.11.21 04:15:55.325,1.56713,1.56748,1.73,1.73
2012.11.21 04:15:56.366,1.56721,1.56754,1.50,1.43
2012.11.21 04:15:56.906,1.56715,1.56748,1.73,1.73
2012.11.21 04:15:56.967,1.56709,1.5674,1.27,1.50
2012.11.21 04:15:57.028,1.56717,1.56746,1.27,1.50
2012.11.21 04:15:57.087,1.5671,1.56744,1.50,1.99
2012.11.21 04:15:58.886,1.56709,1.56744,1.73,1.73
2012.11.21 04:15:59.006,1.56706,1.56744,1.73,1.73
2012.11.21 04:15:59.066,1.56709,1.56744,1.73,1.73
2012.11.21 04:16:00.466,1.56712,1.56745,1.50,1.34
2012.11.21 04:16:00.766,1.56717,1.56753,1.73,1.73
2012.11.21 04:16:00.826,1.56718,1.56754,1.73,1.73
2012.11.21 04:16:01.005,1.56725,1.5676,1.73,1.65
2012.11.21 04:16:01.186,1.56724,1.5676,1.73,1.65
2012.11.21 04:16:01.366,1.56716,1.56752,1.73,1.65
2012.11.21 04:16:01.426,1.56716,1.56752,2.22,1.65
2012.11.21 04:16:01.906,1.56723,1.56758,1.73,1.65
2012.11.21 04:16:02.287,1.56729,1.56764,1.73,1.73
2012.11.21 04:16:02.632,1.56729,1.56764,1.73,1.73
2012.11.21 04:16:03.116,1.56724,1.56757,1.73,1.73
2012.11.21 04:16:03.417,1.56723,1.56744,1.50,2.27
2012.11.21 04:16:03.805,1.56708,1.56743,1.73,1.73
2012.11.21 04:16:03.926,1.56706,1.56743,1.73,1.73
2012.11.21 04:16:04.596,1.56706,1.56743,1.73,1.73
2012.11.21 04:16:04.915,1.56712,1.56747,1.73,1.73
2012.11.21 04:16:05.156,1.56712,1.5675,1.73,1.73
2012.11.21 04:16:06.327,1.56715,1.5675,1.73,1.73
2012.11.21 04:16:06.885,1.56715,1.5675,1.73,1.50
2012.11.21 04:16:07.618,1.56712,1.5675,1.73,1.50
2012.11.21 04:16:07.886,1.56712,1.5675,2.31,1.65
2012.11.21 04:16:08.598,1.56715,1.5675,1.73,1.50
2012.11.21 04:16:08.957,1.56716,1.5675,1.63,1.50
2012.11.21 04:16:09.023,1.56715,1.5675,1.73,1.50
2012.11.21 04:16:09.206,1.56715,1.5675,1.73,1.73
2012.11.21 04:16:09.793,1.56712,1.56747,1.73,2.01
2012.11.21 04:16:10.117,1.56713,1.56744,1.50,1.28
2012.11.21 04:16:10.419,1.56713,1.56747,1.73,1.30
2012.11.21 04:16:10.729,1.56716,1.5675,1.73,1.20
2012.11.21 04:16:11.226,1.56723,1.56754,1.50,1.41
2012.11.21 04:16:11.586,1.56723,1.56755,1.50,1.04
2012.11.21 04:16:12.276,1.56723,1.56757,1.73,1.16
2012.11.21 04:16:12.518,1.56724,1.56759,1.73,1.65
2012.11.21 04:16:12.776,1.56729,1.56764,1.73,1.65
2012.11.21 04:16:13.377,1.56727,1.56763,1.73,1.65
2012.11.21 04:16:13.863,1.56716,1.56746,1.59,1.50
2012.11.21 04:16:14.046,1.56718,1.56753,1.59,1.50
2012.11.21 04:16:14.211,1.56717,1.56753,2.48,1.73
2012.11.21 04:16:14.586,1.56717,1.56753,2.48,1.50
2012.11.21 04:16:14.647,1.56717,1.56753,2.48,1.50
2012.11.21 04:16:15.366,1.56717,1.56753,1.73,1.50
2012.11.21 04:16:15.728,1.56726,1.5676,1.73,1.65
2012.11.21 04:16:16.027,1.56731,1.56767,1.73,1.65
2012.11.21 04:16:16.146,1.56733,1.56767,1.29,1.50
2012.11.21 04:16:16.506,1.56736,1.56767,1.56,1.50
2012.11.21 04:16:16.686,1.56734,1.56767,1.54,1.50
2012.11.21 04:16:18.456,1.56731,1.56759,1.50,1.09
2012.11.21 04:16:18.516,1.56721,1.56756,1.73,1.73
2012.11.21 04:16:18.765,1.56721,1.56756,1.73,1.73
2012.11.21 04:16:20.026,1.56721,1.56758,2.27,1.73
2012.11.21 04:16:20.207,1.56727,1.56758,1.61,1.50
2012.11.21 04:16:20.385,1.56729,1.56764,1.73,1.73
2012.11.21 04:16:23.105,1.56729,1.56765,1.73,1.73
2012.11.21 04:16:23.175,1.56729,1.56761,1.50,1.21
2012.11.21 04:16:24.736,1.56724,1.56756,1.73,1.73
2012.11.21 04:16:25.246,1.56722,1.56756,1.73,1.73
2012.11.21 04:16:25.855,1.56723,1.56756,1.41,1.50
2012.11.21 04:16:26.117,1.56723,1.56758,1.41,1.73
2012.11.21 04:16:26.235,1.56728,1.56766,1.73,1.73
2012.11.21 04:16:26.415,1.56728,1.56766,1.73,1.73
2012.11.21 04:16:26.845,1.56729,1.56766,1.34,1.73
2012.11.21 04:16:27.745,1.5673,1.56766,1.50,1.50
2012.11.21 04:16:27.865,1.56735,1.56773,1.73,1.73
2012.11.21 04:16:29.286,1.56735,1.5677,1.73,1.73
2012.11.21 04:16:29.405,1.56735,1.5677,1.73,1.73
2012.11.21 04:16:29.481,1.56735,1.5677,1.73,1.73
2012.11.21 04:16:31.095,1.56736,1.56773,1.73,1.73
2012.11.21 04:16:31.215,1.56736,1.56773,1.73,2.02
2012.11.21 04:16:31.636,1.56736,1.56773,1.73,1.73
2012.11.21 04:16:33.086,1.56736,1.56773,1.73,1.73
2012.11.21 04:16:33.647,1.56736,1.56773,1.73,1.98
2012.11.21 04:16:36.526,1.56736,1.56773,1.73,1.73
2012.11.21 04:16:36.765,1.56736,1.56773,1.73,1.73
2012.11.21 04:16:37.347,1.56736,1.56771,1.73,1.25
2012.11.21 04:16:37.707,1.56729,1.56763,1.73,1.73
2012.11.21 04:16:37.896,1.56729,1.56763,1.73,1.73
2012.11.21 04:16:38.256,1.56729,1.56757,1.50,1.36
2012.11.21 04:16:38.476,1.56729,1.56763,1.73,1.73
2012.11.21 04:16:40.637,1.56731,1.56764,1.50,1.29
2012.11.21 04:16:40.758,1.56731,1.56765,1.73,1.73
2012.11.21 04:16:41.408,1.56736,1.5677,2.48,1.54
2012.11.21 04:16:41.746,1.56737,1.56772,1.41,1.73
2012.11.21 04:16:43.475,1.56737,1.56774,1.61,1.73
2012.11.21 04:16:43.790,1.56736,1.56766,1.61,1.50
2012.11.21 04:16:44.097,1.56743,1.56766,1.59,1.50
2012.11.21 04:16:44.230,1.56743,1.56774,1.59,1.50
2012.11.21 04:16:44.746,1.56744,1.56774,1.25,1.50
2012.11.21 04:16:44.805,1.56739,1.56774,1.73,1.73
2012.11.21 04:16:44.926,1.56739,1.56774,1.73,1.73
2012.11.21 04:16:45.285,1.56744,1.56777,1.50,2.38
2012.11.21 04:16:45.346,1.56736,1.56774,2.48,2.48
2012.11.21 04:16:46.686,1.56736,1.56774,2.48,2.48
2012.11.21 04:16:50.298,1.56736,1.56774,2.48,1.73
2012.11.21 04:16:50.476,1.56737,1.56773,1.73,1.73
2012.11.21 04:16:50.836,1.56737,1.56773,1.73,1.98
2012.11.21 04:16:51.196,1.56729,1.56764,1.73,1.73
2012.11.21 04:16:51.315,1.56727,1.56763,1.73,1.23
2012.11.21 04:16:51.441,1.56726,1.56762,1.73,1.23
2012.11.21 04:16:52.045,1.56719,1.56755,1.73,1.73
2012.11.21 04:16:53.046,1.56719,1.56755,1.73,1.73
2012.11.21 04:16:54.445,1.56721,1.56757,1.73,1.73
2012.11.21 04:16:54.687,1.56723,1.56757,1.23,1.50
2012.11.21 04:16:55.046,1.56698,1.56729,1.73,1.73
2012.11.21 04:16:55.166,1.56695,1.56729,1.73,1.73
2012.11.21 04:16:55.416,1.56694,1.56727,1.25,1.50
2012.11.21 04:16:55.475,1.56693,1.56727,1.73,1.73
2012.11.21 04:16:57.412,1.56695,1.56729,1.73,2.07
2012.11.21 04:16:58.066,1.56695,1.56729,1.73,1.73
2012.11.21 04:16:58.320,1.56699,1.56734,1.73,1.73
2012.11.21 04:16:58.850,1.56694,1.56729,1.73,1.73
2012.11.21 04:16:59.206,1.56694,1.56729,1.73,1.73
2012.11.21 04:16:59.856,1.56694,1.56729,1.73,1.73
2012.11.21 04:17:00.220,1.56688,1.5672,1.23,1.50
2012.11.21 04:17:00.606,1.56685,1.5672,2.13,1.73
2012.11.21 04:17:02.286,1.56686,1.5672,1.43,1.73
2012.11.21 04:17:03.216,1.56686,1.5672,1.52,1.50
2012.11.21 04:17:04.036,1.56693,1.56724,1.73,1.73
2012.11.21 04:17:04.096,1.56693,1.56724,1.73,1.50
2012.11.21 04:17:04.335,1.56693,1.56727,1.73,1.73
2012.11.21 04:17:04.395,1.56697,1.56727,1.23,1.50
2012.11.21 04:17:04.705,1.56697,1.56733,1.98,1.73
2012.11.21 04:17:04.856,1.56698,1.56733,1.32,1.50
2012.11.21 04:17:05.275,1.56704,1.56734,1.59,1.50
2012.11.21 04:17:06.856,1.56697,1.56734,1.61,2.48
2012.11.21 04:17:07.140,1.56698,1.56734,1.52,2.48
2012.11.21 04:17:07.317,1.56696,1.56734,2.48,2.48
2012.11.21 04:17:08.285,1.56698,1.56734,1.63,2.48
2012.11.21 04:17:08.409,1.56696,1.56734,2.48,2.48
2012.11.21 04:17:09.325,1.56696,1.56734,2.48,2.48
2012.11.21 04:17:09.753,1.56691,1.56724,1.54,1.50
2012.11.21 04:17:10.876,1.56689,1.56724,1.73,1.73
2012.11.21 04:17:11.025,1.56687,1.56724,1.63,2.48
2012.11.21 04:17:11.385,1.56686,1.56724,2.22,2.48
2012.11.21 04:17:11.696,1.56688,1.56724,1.23,2.48
2012.11.21 04:17:12.492,1.5669,1.56725,1.73,1.73
2012.11.21 04:17:12.795,1.56685,1.5672,2.29,1.73
2012.11.21 04:17:14.218,1.56686,1.5672,1.25,1.50
2012.11.21 04:17:14.466,1.5669,1.56726,1.73,1.73
2012.11.21 04:17:14.695,1.56691,1.56726,1.27,1.73
2012.11.21 04:17:15.165,1.5669,1.56726,1.73,1.73
2012.11.21 04:17:17.925,1.5669,1.56726,1.73,1.73
2012.11.21 04:17:18.286,1.5669,1.56725,1.73,1.34
2012.11.21 04:17:18.777,1.5669,1.56726,1.73,1.73
2012.11.21 04:17:20.378,1.56687,1.56726,1.73,1.73
2012.11.21 04:17:20.615,1.56671,1.56707,1.50,1.23
2012.11.21 04:17:21.095,1.56671,1.567,1.50,1.50
2012.11.21 04:17:21.396,1.56671,1.56706,1.73,1.73
2012.11.21 04:17:21.586,1.56678,1.56709,1.50,1.20
2012.11.21 04:17:21.886,1.56678,1.56713,1.73,1.73
2012.11.21 04:17:21.945,1.5668,1.56713,1.73,1.73
2012.11.21 04:17:22.066,1.56687,1.56723,2.48,2.48
2012.11.21 04:17:22.425,1.56688,1.56723,1.23,2.25
2012.11.21 04:17:22.727,1.56696,1.5673,1.73,1.73
2012.11.21 04:17:22.856,1.56696,1.5673,1.73,1.73
2012.11.21 04:17:26.055,1.56696,1.5673,1.73,1.73
2012.11.21 04:17:27.917,1.56702,1.56737,1.73,1.73
2012.11.21 04:17:28.185,1.56706,1.56737,1.25,1.50
2012.11.21 04:17:28.307,1.56704,1.56737,1.61,1.73
2012.11.21 04:17:28.546,1.56706,1.56737,1.29,1.50
2012.11.21 04:17:28.725,1.56703,1.56737,1.25,1.50
2012.11.21 04:17:28.985,1.56703,1.56737,1.25,1.50
2012.11.21 04:17:29.165,1.5671,1.56744,1.73,1.73
2012.11.21 04:17:29.225,1.56703,1.56737,1.25,1.50
2012.11.21 04:17:29.505,1.56703,1.56737,1.25,1.50
2012.11.21 04:17:32.235,1.56704,1.56737,1.61,1.73
2012.11.21 04:17:33.306,1.56706,1.56737,1.47,1.50
2012.11.21 04:17:34.727,1.56702,1.56736,1.73,1.73
2012.11.21 04:17:34.905,1.56702,1.56736,1.73,1.73
2012.11.21 04:17:34.966,1.56702,1.56736,1.73,1.73
2012.11.21 04:17:35.026,1.56702,1.56733,1.73,1.50
2012.11.21 04:17:35.445,1.56698,1.56733,1.63,1.50
2012.11.21 04:17:35.566,1.56697,1.56733,1.73,1.73
2012.11.21 04:17:35.925,1.567,1.56736,1.73,1.73
2012.11.21 04:17:35.987,1.56706,1.56736,1.34,1.50
2012.11.21 04:17:37.848,1.567,1.56736,2.48,1.73
2012.11.21 04:17:37.995,1.56704,1.56736,1.61,1.50
2012.11.21 04:17:38.115,1.567,1.56736,2.02,1.73
2012.11.21 04:17:38.296,1.567,1.56736,1.73,1.73
2012.11.21 04:17:38.416,1.567,1.56736,1.73,1.73
2012.11.21 04:17:38.846,1.567,1.56736,1.73,1.73
2012.11.21 04:17:39.417,1.56698,1.56734,1.73,1.73
2012.11.21 04:17:39.776,1.56691,1.56725,1.73,1.73
2012.11.21 04:17:40.171,1.56691,1.56725,1.73,1.73
2012.11.21 04:17:40.718,1.56694,1.56726,1.34,1.50
2012.11.21 04:17:41.685,1.56692,1.56726,1.73,1.73
2012.11.21 04:17:41.997,1.56692,1.56726,1.73,1.73
2012.11.21 04:17:42.115,1.56691,1.56725,1.73,1.73
2012.11.21 04:17:42.552,1.56692,1.56725,1.38,1.73
2012.11.21 04:17:42.676,1.56691,1.56725,1.73,1.73
2012.11.21 04:17:43.496,1.56693,1.56726,1.59,1.50
2012.11.21 04:17:45.446,1.56697,1.56733,2.48,1.73
2012.11.21 04:17:46.352,1.56694,1.56727,1.73,1.50
2012.11.21 04:17:46.776,1.56697,1.56732,1.73,1.73
2012.11.21 04:17:47.478,1.56698,1.56733,1.73,1.73
2012.11.21 04:17:49.657,1.56701,1.56735,1.73,1.73
2012.11.21 04:17:50.017,1.56706,1.56741,1.73,1.73
2012.11.21 04:17:50.195,1.56706,1.56741,2.13,1.73
2012.11.21 04:17:50.736,1.56707,1.56741,1.45,1.73
2012.11.21 04:17:51.095,1.56706,1.56741,1.73,1.73
2012.11.21 04:17:51.341,1.56705,1.5674,1.73,1.73
2012.11.21 04:17:51.407,1.56705,1.5674,1.73,1.73
2012.11.21 04:17:51.658,1.56705,1.5674,1.73,1.73
2012.11.21 04:17:54.575,1.56697,1.56733,2.48,1.73
2012.11.21 04:17:54.936,1.56698,1.56733,1.56,1.73
2012.11.21 04:17:58.616,1.56697,1.56733,2.48,1.73
2012.11.21 04:18:01.795,1.567,1.56735,1.73,1.73
2012.11.21 04:18:02.209,1.56703,1.56735,1.59,1.50
2012.11.21 04:18:02.283,1.56707,1.56742,2.25,1.73
2012.11.21 04:18:05.725,1.56707,1.56742,1.73,1.73
2012.11.21 04:18:05.845,1.56707,1.56739,1.73,1.73
2012.11.21 04:18:05.966,1.56698,1.56734,1.47,2.48
2012.11.21 04:18:06.025,1.56699,1.56734,1.29,2.48
2012.11.21 04:18:06.346,1.56696,1.56734,2.48,2.48
2012.11.21 04:18:07.556,1.56698,1.56734,1.50,2.48
2012.11.21 04:18:14.035,1.56704,1.56734,1.56,1.50
2012.11.21 04:18:15.697,1.56706,1.5674,1.73,1.73
2012.11.21 04:18:15.936,1.56706,1.5674,2.34,1.50
2012.11.21 04:18:16.437,1.56706,1.56738,2.34,1.50
2012.11.21 04:18:17.032,1.56706,1.56731,1.59,1.50
2012.11.21 04:18:17.886,1.56703,1.56731,1.63,1.50
2012.11.21 04:18:21.776,1.56697,1.56731,1.23,1.73
2012.11.21 04:18:22.235,1.56696,1.56731,1.73,1.73
2012.11.21 04:18:28.086,1.56697,1.56731,1.73,1.73
2012.11.21 04:18:35.267,1.56701,1.56733,1.32,1.50
2012.11.21 04:18:35.648,1.56706,1.56739,1.41,1.50
2012.11.21 04:18:35.826,1.56706,1.56736,1.41,1.50
2012.11.21 04:18:36.244,1.56706,1.56732,1.41,1.50
2012.11.21 04:18:36.306,1.56703,1.56732,1.56,1.50
2012.11.21 04:18:36.428,1.56707,1.56732,1.56,1.50
2012.11.21 04:18:36.607,1.56707,1.56738,1.36,1.50
2012.11.21 04:18:38.345,1.56711,1.56747,1.73,1.73
2012.11.21 04:18:38.856,1.56709,1.56745,1.73,1.73
2012.11.21 04:18:40.569,1.56711,1.56745,1.73,1.73
2012.11.21 04:18:40.757,1.56717,1.56751,1.73,1.73
2012.11.21 04:18:41.235,1.56717,1.56753,2.48,3.23
2012.11.21 04:18:42.846,1.56717,1.5675,1.73,1.73
2012.11.21 04:18:42.965,1.56717,1.5675,1.73,1.73
2012.11.21 04:18:43.966,1.56709,1.56744,1.73,1.73
2012.11.21 04:18:44.205,1.56712,1.56745,1.45,1.50
2012.11.21 04:18:46.227,1.56718,1.56751,1.52,1.50
2012.11.21 04:18:46.348,1.56717,1.56751,1.73,1.73
2012.11.21 04:18:46.468,1.56718,1.56751,1.54,1.50
2012.11.21 04:18:46.986,1.56717,1.56751,1.54,1.50
2012.11.21 04:18:51.386,1.56714,1.56746,1.27,1.50
2012.11.21 04:18:51.975,1.56713,1.56746,1.54,1.73
2012.11.21 04:19:00.965,1.56714,1.56746,1.32,1.50
2012.11.21 04:19:03.262,1.56712,1.56746,1.23,1.73
2012.11.21 04:19:05.376,1.56715,1.56746,1.25,1.50
2012.11.21 04:19:05.496,1.56716,1.56752,2.48,1.73
2012.11.21 04:19:11.738,1.56718,1.56752,1.52,1.50
2012.11.21 04:19:18.246,1.56718,1.56752,1.73,1.73
2012.11.21 04:19:18.454,1.56723,1.56752,1.25,1.50
2012.11.21 04:19:18.758,1.56727,1.56759,1.47,1.50
2012.11.21 04:19:18.817,1.56725,1.56759,1.73,1.73
2012.11.21 04:19:19.096,1.56727,1.56759,1.25,1.50
2012.11.21 04:19:20.686,1.56725,1.56757,1.25,1.50
2012.11.21 04:19:20.747,1.56723,1.56757,1.73,1.73
2012.11.21 04:19:21.068,1.56716,1.56749,2.48,1.73
2012.11.21 04:19:21.247,1.56717,1.56749,2.34,1.50
2012.11.21 04:19:21.876,1.56717,1.56749,1.25,1.50
2012.11.21 04:19:22.308,1.56716,1.56749,2.48,1.73
2012.11.21 04:19:22.427,1.56717,1.56749,1.27,1.50
2012.11.21 04:19:22.546,1.56716,1.56749,1.73,1.73
2012.11.21 04:19:23.304,1.56715,1.56749,1.27,1.73
2012.11.21 04:19:23.428,1.56716,1.56749,1.63,1.50
2012.11.21 04:19:24.026,1.56716,1.56749,1.73,1.73
2012.11.21 04:19:24.088,1.56717,1.56749,1.36,1.50
2012.11.21 04:19:24.237,1.56716,1.56749,1.73,1.73
2012.11.21 04:19:24.416,1.56709,1.56743,1.25,1.73
2012.11.21 04:19:24.596,1.56705,1.5674,1.73,1.73
2012.11.21 04:19:24.718,1.56708,1.56743,1.54,1.73
2012.11.21 04:19:25.986,1.56715,1.56749,1.73,1.73
2012.11.21 04:19:26.047,1.56716,1.56749,1.50,1.50
2012.11.21 04:19:28.076,1.5672,1.56756,1.73,2.48
2012.11.21 04:19:28.669,1.5672,1.56755,1.73,1.73
2012.11.21 04:19:31.166,1.5672,1.56751,1.50,1.36
2012.11.21 04:19:31.345,1.56714,1.56748,1.73,1.73
2012.11.21 04:19:31.537,1.56717,1.56751,1.73,1.73
2012.11.21 04:19:32.620,1.56717,1.56751,2.20,1.50
2012.11.21 04:19:32.926,1.56722,1.56751,1.36,1.50
2012.11.21 04:19:33.257,1.56726,1.56751,1.29,1.50
2012.11.21 04:19:33.537,1.56726,1.56756,1.29,1.50
2012.11.21 04:19:33.596,1.56726,1.56757,1.29,1.50
2012.11.21 04:19:34.376,1.56726,1.56757,1.36,1.50
2012.11.21 04:19:34.488,1.56726,1.56757,1.47,1.50
2012.11.21 04:19:34.852,1.56726,1.56757,1.43,1.50
2012.11.21 04:19:35.155,1.56727,1.56757,1.81,1.50
2012.11.21 04:19:35.216,1.5673,1.56764,1.73,1.73
2012.11.21 04:19:35.717,1.5673,1.56764,2.13,1.50
2012.11.21 04:19:35.958,1.56733,1.56764,1.23,1.50
2012.11.21 04:19:36.197,1.56738,1.56773,2.00,1.73
2012.11.21 04:19:36.256,1.5674,1.56773,1.23,1.73
2012.11.21 04:19:37.576,1.56744,1.56773,1.50,2.25
2012.11.21 04:19:40.051,1.5674,1.56773,1.98,2.48
2012.11.21 04:19:40.478,1.56745,1.56773,1.63,1.50
2012.11.21 04:19:40.776,1.56746,1.56781,1.73,1.73
2012.11.21 04:19:41.468,1.56746,1.56779,1.73,1.73
2012.11.21 04:19:41.826,1.56744,1.56773,1.63,2.25
2012.11.21 04:19:42.176,1.56738,1.56773,1.73,1.73
2012.11.21 04:19:44.576,1.56743,1.56773,1.38,2.25
2012.11.21 04:19:44.802,1.56739,1.56773,2.27,2.25
2012.11.21 04:19:45.146,1.56739,1.56773,1.61,2.25
2012.11.21 04:19:45.636,1.56743,1.56773,1.61,2.25
2012.11.21 04:19:46.316,1.56746,1.56773,1.47,1.50
2012.11.21 04:19:46.437,1.5674,1.56765,1.45,1.50
2012.11.21 04:19:46.556,1.56736,1.56765,1.32,1.50
2012.11.21 04:19:46.856,1.56734,1.56765,1.73,1.50
2012.11.21 04:19:47.176,1.56734,1.56765,1.73,1.73
2012.11.21 04:19:48.106,1.56731,1.56765,2.34,1.73
2012.11.21 04:19:48.226,1.56731,1.56765,1.73,1.73
2012.11.21 04:19:48.286,1.5673,1.56763,1.73,1.73
2012.11.21 04:19:48.621,1.56725,1.56758,1.41,1.73
2012.11.21 04:19:48.805,1.56723,1.56758,1.73,1.73
2012.11.21 04:19:49.136,1.56723,1.56758,1.73,1.73
2012.11.21 04:19:49.675,1.56723,1.56758,1.73,1.65
2012.11.21 04:19:50.068,1.56723,1.56757,1.73,1.65
2012.11.21 04:19:50.248,1.56715,1.56751,1.73,1.65
2012.11.21 04:19:50.646,1.56717,1.56753,1.73,2.48
2012.11.21 04:19:50.766,1.56717,1.56753,2.09,2.48
2012.11.21 04:19:51.835,1.56726,1.56753,1.29,1.50
2012.11.21 04:19:52.015,1.56727,1.56761,1.29,1.58
2012.11.21 04:19:53.376,1.56727,1.56759,1.29,1.50
2012.11.21 04:19:53.716,1.56737,1.56769,1.59,1.50
2012.11.21 04:19:54.427,1.56737,1.56771,1.41,1.65
2012.11.21 04:19:54.985,1.56737,1.56771,1.34,1.58
2012.11.21 04:19:55.177,1.56735,1.56769,1.34,1.50
2012.11.21 04:19:55.236,1.56733,1.56769,1.73,1.58
2012.11.21 04:19:55.754,1.56733,1.56769,1.73,1.73
2012.11.21 04:19:56.446,1.56728,1.56764,2.09,1.73
2012.11.21 04:19:56.956,1.56736,1.56771,1.73,1.29
2012.11.21 04:19:57.016,1.56737,1.56772,1.32,1.73
2012.11.21 04:19:57.315,1.56735,1.56765,1.73,1.73
2012.11.21 04:19:58.378,1.56736,1.56771,1.73,1.73
2012.11.21 04:19:58.496,1.56737,1.56772,1.63,1.50
2012.11.21 04:19:58.886,1.56742,1.56772,1.56,1.50
2012.11.21 04:19:58.946,1.56743,1.56777,1.73,1.73
2012.11.21 04:19:59.007,1.56741,1.56774,1.73,1.73
2012.11.21 04:19:59.126,1.56736,1.56767,1.73,1.50
2012.11.21 04:19:59.246,1.56732,1.56764,1.32,1.50
2012.11.21 04:19:59.376,1.56726,1.5676,1.29,1.50
2012.11.21 04:19:59.499,1.56726,1.5676,1.45,1.50
2012.11.21 04:19:59.916,1.56725,1.5676,1.73,1.73
2012.11.21 04:20:01.409,1.56722,1.56757,1.95,1.73
2012.11.21 04:20:01.527,1.56722,1.56756,1.73,1.73
2012.11.21 04:20:02.008,1.56733,1.56764,1.32,1.50
2012.11.21 04:20:02.066,1.56733,1.56767,1.32,1.50
2012.11.21 04:20:02.316,1.56736,1.56768,1.32,1.50
2012.11.21 04:20:03.846,1.56736,1.56768,1.32,1.50
2012.11.21 04:20:04.461,1.56733,1.56756,1.38,1.50
2012.11.21 04:20:05.656,1.56729,1.56764,1.22,1.50
2012.11.21 04:20:07.445,1.56729,1.56764,1.49,1.50
2012.11.21 04:20:07.816,1.56729,1.56764,1.49,1.50
2012.11.21 04:20:11.456,1.56729,1.56764,1.45,1.73
2012.11.21 04:20:11.516,1.56726,1.56757,1.45,1.50
2012.11.21 04:20:12.207,1.56729,1.56764,1.49,1.73
2012.11.21 04:20:12.266,1.5673,1.56764,1.43,1.50
2012.11.21 04:20:12.807,1.56737,1.56765,1.41,1.50
2012.11.21 04:20:13.126,1.56728,1.56756,1.41,1.50
2012.11.21 04:20:13.466,1.56728,1.56756,1.25,1.50
2012.11.21 04:20:13.998,1.56727,1.56756,1.36,1.50
2012.11.21 04:20:15.806,1.56728,1.56763,1.36,1.50
2012.11.21 04:20:17.667,1.56736,1.56764,1.43,1.50
2012.11.21 04:20:17.787,1.56738,1.56774,1.52,2.48
2012.11.21 04:20:21.566,1.56739,1.56774,1.52,2.25
2012.11.21 04:20:23.166,1.56744,1.56774,1.61,2.25
2012.11.21 04:20:23.526,1.56746,1.56779,1.73,1.58
2012.11.21 04:20:23.907,1.56738,1.56772,2.34,1.50
2012.11.21 04:20:24.087,1.56738,1.56774,1.59,2.33
2012.11.21 04:20:24.688,1.56739,1.56774,1.45,2.25
2012.11.21 04:20:25.046,1.56747,1.5678,1.50,1.50
2012.11.21 04:20:28.927,1.5675,1.5678,1.47,1.50
2012.11.21 04:20:29.406,1.5675,1.5678,1.20,1.50
2012.11.21 04:20:29.539,1.5675,1.5678,1.38,1.50
2012.11.21 04:20:30.767,1.56756,1.56789,2.04,1.50
2012.11.21 04:20:30.832,1.56758,1.56789,1.27,1.50
2012.11.21 04:20:31.076,1.56755,1.56789,1.43,1.50
2012.11.21 04:20:31.516,1.56753,1.56787,1.20,1.50
2012.11.21 04:20:31.946,1.56751,1.56787,1.73,1.65
2012.11.21 04:20:32.588,1.56753,1.56787,1.20,1.50
2012.11.21 04:20:33.116,1.56753,1.56787,1.52,1.50
2012.11.21 04:20:34.687,1.56754,1.56787,1.20,1.50
2012.11.21 04:20:34.746,1.56759,1.56788,1.50,1.17
2012.11.21 04:20:36.327,1.56752,1.56788,1.73,1.92
2012.11.21 04:20:37.869,1.56746,1.5678,1.73,1.73
2012.11.21 04:20:37.997,1.56746,1.5678,1.50,2.22
2012.11.21 04:20:38.356,1.56744,1.56772,1.50,1.24
2012.11.21 04:20:38.428,1.56744,1.56773,1.50,1.99
2012.11.21 04:20:38.488,1.5674,1.56773,1.50,2.02
2012.11.21 04:20:38.606,1.56744,1.56773,1.20,1.50
2012.11.21 04:20:39.478,1.5674,1.56773,1.36,1.50
2012.11.21 04:20:39.597,1.56739,1.56773,1.73,1.73
2012.11.21 04:20:39.717,1.56739,1.56773,1.73,1.73
2012.11.21 04:20:43.039,1.56739,1.56773,1.73,1.73
2012.11.21 04:20:43.156,1.56746,1.5678,1.50,1.50
2012.11.21 04:20:43.521,1.56746,1.56781,1.73,1.73
2012.11.21 04:20:44.256,1.56746,1.56781,2.48,1.73
2012.11.21 04:20:44.436,1.56747,1.56782,1.73,1.73
2012.11.21 04:20:45.677,1.56746,1.56781,1.73,1.73
2012.11.21 04:20:46.036,1.56746,1.56775,1.50,1.54
2012.11.21 04:20:46.097,1.56738,1.56774,1.73,1.73
2012.11.21 04:20:46.820,1.56738,1.56774,1.73,1.73
2012.11.21 04:20:47.656,1.56738,1.56774,1.73,1.73
2012.11.21 04:20:47.966,1.56738,1.56774,1.73,1.73
2012.11.21 04:20:48.227,1.56738,1.56776,1.73,1.73
2012.11.21 04:20:49.409,1.56747,1.5678,1.73,1.73
2012.11.21 04:20:49.528,1.56747,1.56782,1.73,1.73
2012.11.21 04:20:49.887,1.56755,1.56788,1.73,1.73
2012.11.21 04:20:51.117,1.56755,1.5679,1.73,1.73
2012.11.21 04:20:51.176,1.56757,1.56793,1.73,2.48
2012.11.21 04:20:51.696,1.56759,1.56794,1.73,2.88
2012.11.21 04:20:51.816,1.56759,1.56794,1.73,1.73
2012.11.21 04:20:51.937,1.56759,1.56794,1.73,2.20
2012.11.21 04:20:52.176,1.56759,1.56794,1.73,1.65
2012.11.21 04:20:52.297,1.56759,1.56793,1.73,1.65
2012.11.21 04:20:52.908,1.56759,1.56793,1.73,1.65
2012.11.21 04:20:57.788,1.56759,1.56794,1.73,1.73
2012.11.21 04:20:57.846,1.56766,1.56799,1.50,1.51
2012.11.21 04:20:58.156,1.56766,1.56795,1.50,1.27
2012.11.21 04:20:58.496,1.56759,1.56793,1.50,1.53
2012.11.21 04:20:58.618,1.56759,1.56793,1.50,1.53
2012.11.21 04:20:59.577,1.56759,1.56793,1.73,1.19
2012.11.21 04:21:00.898,1.56759,1.56793,1.50,1.20
2012.11.21 04:21:01.297,1.56759,1.56786,1.50,1.34
2012.11.21 04:21:01.416,1.56759,1.56789,1.50,1.44
2012.11.21 04:21:04.946,1.56759,1.56795,1.73,1.73
2012.11.21 04:21:05.483,1.56761,1.56795,1.73,1.73
2012.11.21 04:21:09.007,1.56759,1.56795,1.73,1.73
2012.11.21 04:21:09.887,1.56761,1.56797,1.73,1.73
2012.11.21 04:21:10.225,1.56766,1.56797,1.73,1.73
2012.11.21 04:21:10.347,1.56767,1.56801,1.73,1.73
2012.11.21 04:21:11.207,1.56769,1.56803,1.73,1.73
2012.11.21 04:21:11.716,1.56767,1.56803,2.48,2.48
2012.11.21 04:21:13.786,1.56769,1.56803,1.73,1.73
2012.11.21 04:21:13.906,1.56769,1.56803,1.73,1.73
2012.11.21 04:21:19.499,1.56775,1.56803,1.23,1.50
2012.11.21 04:21:19.906,1.56776,1.56808,1.73,1.73
2012.11.21 04:21:20.006,1.56776,1.5681,1.73,1.73
2012.11.21 04:21:20.316,1.56778,1.56813,1.45,1.50
2012.11.21 04:21:20.376,1.56782,1.56817,1.73,1.73
2012.11.21 04:21:20.496,1.56778,1.56813,2.20,1.50
2012.11.21 04:21:23.346,1.56777,1.56803,1.20,1.50
2012.11.21 04:21:23.407,1.56767,1.56803,3.13,1.73
2012.11.21 04:21:24.660,1.56777,1.5681,1.61,1.73
2012.11.21 04:21:25.866,1.56775,1.5681,1.73,1.95
2012.11.21 04:21:28.489,1.56767,1.56801,1.73,1.73
2012.11.21 04:21:28.958,1.56773,1.56801,1.45,1.50
2012.11.21 04:21:29.407,1.56775,1.56809,1.73,1.73
2012.11.21 04:21:30.947,1.5678,1.56814,1.73,1.73
2012.11.21 04:21:31.187,1.5678,1.56813,1.73,1.27
2012.11.21 04:21:31.306,1.5678,1.56814,1.73,2.48
2012.11.21 04:21:31.426,1.5678,1.56814,1.50,2.79
2012.11.21 04:21:36.347,1.5678,1.56814,1.73,1.73
2012.11.21 04:21:37.959,1.56782,1.56814,1.73,1.73
2012.11.21 04:21:38.016,1.56787,1.56817,2.48,1.73
2012.11.21 04:21:38.518,1.56781,1.56814,2.09,1.50
2012.11.21 04:21:38.579,1.56778,1.56814,1.73,2.20
2012.11.21 04:21:40.606,1.56776,1.56806,1.73,1.73
2012.11.21 04:21:40.847,1.56771,1.56806,1.73,1.73
2012.11.21 04:21:40.968,1.56769,1.56801,1.50,1.47
2012.11.21 04:21:41.087,1.56769,1.56798,1.50,1.56
2012.11.21 04:21:41.148,1.56766,1.56797,1.50,1.73
2012.11.21 04:21:41.209,1.56763,1.56797,1.73,1.73
2012.11.21 04:21:49.156,1.56763,1.56797,1.73,1.73
2012.11.21 04:21:49.668,1.56763,1.56797,1.73,1.73
2012.11.21 04:21:49.786,1.56763,1.56797,1.73,1.73
2012.11.21 04:21:49.906,1.56763,1.56797,1.73,1.73
2012.11.21 04:21:50.386,1.56763,1.56793,1.73,1.50
2012.11.21 04:21:50.746,1.56756,1.56784,1.50,1.02
2012.11.21 04:21:50.987,1.56761,1.56794,1.34,1.73
2012.11.21 04:21:51.047,1.56762,1.56794,1.73,1.73
2012.11.21 04:21:51.228,1.56766,1.56794,1.50,1.50
2012.11.21 04:21:51.287,1.56763,1.56794,1.63,1.50
2012.11.21 04:21:51.576,1.56762,1.56794,1.73,1.58
2012.11.21 04:21:51.636,1.56762,1.56793,1.73,1.58
2012.11.21 04:21:52.006,1.56761,1.56788,1.34,1.50
2012.11.21 04:21:53.238,1.56764,1.56788,1.38,1.50
2012.11.21 04:21:53.717,1.56766,1.56795,1.59,1.50
2012.11.21 04:21:53.776,1.56766,1.56796,1.59,1.50
2012.11.21 04:21:54.046,1.56761,1.56795,1.73,1.73
2012.11.21 04:21:55.217,1.56756,1.56789,2.27,1.50
2012.11.21 04:21:56.997,1.56756,1.56789,1.73,1.73
2012.11.21 04:21:57.339,1.56757,1.56787,1.73,1.50
2012.11.21 04:21:57.716,1.56763,1.56789,1.73,1.73
2012.11.21 04:21:57.776,1.56763,1.56789,2.31,1.50
2012.11.21 04:21:58.716,1.56763,1.56801,3.06,1.73
2012.11.21 04:21:58.776,1.56772,1.56801,1.73,1.73
2012.11.21 04:21:58.836,1.56773,1.56801,1.61,1.50
2012.11.21 04:21:59.466,1.56773,1.56799,1.61,1.50
2012.11.21 04:21:59.526,1.56766,1.56792,2.55,1.73
2012.11.21 04:21:59.707,1.56766,1.56792,3.30,1.73
2012.11.21 04:21:59.826,1.56764,1.56792,1.73,1.50
2012.11.21 04:22:04.210,1.56758,1.5679,1.52,1.50
2012.11.21 04:22:04.326,1.56757,1.5679,2.48,1.73
2012.11.21 04:22:04.928,1.56758,1.56792,1.73,1.73
2012.11.21 04:22:04.991,1.56758,1.56792,2.11,1.50
2012.11.21 04:22:07.637,1.56758,1.56792,1.73,1.73
2012.11.21 04:22:08.326,1.56757,1.56792,1.73,1.73
2012.11.21 04:22:08.647,1.56756,1.5679,1.73,1.73
2012.11.21 04:22:08.831,1.56756,1.56788,1.50,1.45
2012.11.21 04:22:08.898,1.56748,1.56783,1.73,1.73
2012.11.21 04:22:09.417,1.56743,1.56777,2.48,1.73
2012.11.21 04:22:12.276,1.56742,1.56775,1.73,1.50
2012.11.21 04:22:14.386,1.56742,1.56775,1.73,2.25
2012.11.21 04:22:14.626,1.56735,1.5677,1.73,1.73
2012.11.21 04:22:14.746,1.56735,1.56769,1.73,1.23
2012.11.21 04:22:15.047,1.56735,1.56766,1.50,1.38
2012.11.21 04:22:15.468,1.56735,1.56763,1.50,1.27
2012.11.21 04:22:15.648,1.56735,1.5677,1.73,1.73
2012.11.21 04:22:16.637,1.56735,1.5677,1.73,1.73
2012.11.21 04:22:17.237,1.56736,1.5677,1.73,1.73
2012.11.21 04:22:17.595,1.56742,1.56777,1.73,1.73
2012.11.21 04:22:18.517,1.56742,1.56776,1.50,1.41
2012.11.21 04:22:18.906,1.56737,1.5677,1.73,1.73
2012.11.21 04:22:19.606,1.56737,1.5677,1.73,1.73
2012.11.21 04:22:19.727,1.56737,1.5677,1.73,1.73
2012.11.21 04:22:20.740,1.56738,1.5677,2.48,1.73
2012.11.21 04:22:20.856,1.56743,1.56775,1.50,1.61
2012.11.21 04:22:25.006,1.56736,1.56767,1.50,1.59
2012.11.21 04:22:25.626,1.56733,1.56768,1.73,1.73
2012.11.21 04:22:28.466,1.56736,1.56769,1.73,1.61
2012.11.21 04:22:28.586,1.56736,1.56771,1.73,1.73
2012.11.21 04:22:31.637,1.56735,1.56768,1.36,1.50
2012.11.21 04:22:31.760,1.56733,1.56768,1.73,1.73
2012.11.21 04:22:34.848,1.56731,1.56763,1.73,1.73
2012.11.21 04:22:35.088,1.56727,1.56763,2.48,1.73
2012.11.21 04:22:35.147,1.56727,1.56761,2.48,1.32
2012.11.21 04:22:35.756,1.56727,1.56761,1.73,1.73
2012.11.21 04:22:36.159,1.56727,1.56761,1.73,1.73
2012.11.21 04:22:36.397,1.56727,1.56761,1.73,1.58
2012.11.21 04:22:39.739,1.56728,1.56764,1.73,2.48
2012.11.21 04:22:39.797,1.56728,1.56764,1.73,2.48
2012.11.21 04:22:39.916,1.56728,1.56764,1.73,2.48
2012.11.21 04:22:40.447,1.56733,1.56769,1.73,2.48
2012.11.21 04:22:42.456,1.56735,1.56769,1.73,1.73
2012.11.21 04:22:42.840,1.56737,1.56771,2.07,1.50
2012.11.21 04:22:48.006,1.56743,1.56778,1.73,1.73
2012.11.21 04:22:48.066,1.56747,1.56784,1.32,1.73
2012.11.21 04:22:48.126,1.56748,1.56784,1.73,1.73
2012.11.21 04:22:49.207,1.56748,1.56784,1.73,1.73
2012.11.21 04:22:49.562,1.5675,1.56784,1.34,1.50
2012.11.21 04:22:51.227,1.5675,1.56784,2.09,1.50
2012.11.21 04:22:51.407,1.5675,1.56784,1.63,1.50
2012.11.21 04:22:51.868,1.56748,1.56784,2.25,1.73
2012.11.21 04:22:52.147,1.5675,1.56784,1.41,1.73
2012.11.21 04:22:54.737,1.5675,1.56784,1.41,1.73
2012.11.21 04:22:55.546,1.56748,1.56784,1.73,1.73
2012.11.21 04:22:58.477,1.56754,1.56784,1.25,1.50
2012.11.21 04:23:18.040,1.56755,1.56789,1.73,1.73
2012.11.21 04:23:24.147,1.56755,1.56789,1.73,1.73
2012.11.21 04:23:30.167,1.56762,1.56796,1.73,1.73
2012.11.21 04:23:33.196,1.56762,1.56796,1.73,1.73
2012.11.21 04:23:33.656,1.56762,1.56796,1.73,1.73
2012.11.21 04:23:33.786,1.56762,1.56796,1.73,1.73
2012.11.21 04:23:44.146,1.56762,1.56797,1.73,1.73
2012.11.21 04:23:47.857,1.56764,1.56791,1.50,1.27
2012.11.21 04:23:47.977,1.56757,1.56791,1.73,1.27
2012.11.21 04:23:48.217,1.56757,1.56793,1.50,1.73
2012.11.21 04:23:48.577,1.56759,1.56793,1.73,1.73
2012.11.21 04:23:48.878,1.56763,1.56798,1.73,1.73
2012.11.21 04:23:49.197,1.56763,1.56796,1.50,1.50
2012.11.21 04:23:53.147,1.56763,1.56792,1.50,1.36
2012.11.21 04:23:53.266,1.56758,1.56792,1.73,1.73
2012.11.21 04:23:54.197,1.56758,1.56786,1.50,1.47
2012.11.21 04:23:57.486,1.56758,1.56793,1.73,2.48
2012.11.21 04:24:03.806,1.56758,1.56793,1.73,2.48
2012.11.21 04:24:04.166,1.56759,1.56793,2.20,2.48
2012.11.21 04:24:04.286,1.56759,1.56793,1.73,2.48
2012.11.21 04:24:06.141,1.56758,1.56793,1.73,2.48
2012.11.21 04:24:06.207,1.56764,1.56796,1.50,1.32
2012.11.21 04:24:06.266,1.56764,1.56798,1.50,1.98
2012.11.21 04:24:06.636,1.56764,1.56798,1.73,1.73
2012.11.21 04:24:07.087,1.56764,1.56798,1.73,1.73
2012.11.21 04:24:07.616,1.56766,1.568,1.73,1.73
2012.11.21 04:24:09.156,1.56764,1.56797,1.73,1.61
2012.11.21 04:24:17.586,1.56764,1.56796,1.73,1.73
2012.11.21 04:24:17.646,1.56757,1.56792,1.73,1.73
2012.11.21 04:24:17.827,1.56757,1.56792,1.73,2.04
2012.11.21 04:24:17.947,1.56757,1.56788,1.50,1.63
2012.11.21 04:24:18.196,1.5675,1.56785,1.73,1.73
2012.11.21 04:24:18.316,1.56751,1.56785,1.73,1.73
2012.11.21 04:24:18.577,1.5675,1.56785,1.73,1.73
2012.11.21 04:24:18.636,1.56757,1.56789,1.50,1.61
2012.11.21 04:24:18.696,1.56757,1.56791,1.73,1.56
2012.11.21 04:24:18.886,1.56757,1.56792,2.22,2.48
2012.11.21 04:24:18.956,1.56757,1.56792,2.22,1.73
2012.11.21 04:24:19.777,1.56757,1.56792,1.73,1.73
2012.11.21 04:24:20.078,1.56757,1.56791,1.73,1.56
2012.11.21 04:24:21.255,1.56757,1.56792,1.73,2.93
2012.11.21 04:24:21.376,1.56757,1.56792,1.73,2.40
2012.11.21 04:24:26.196,1.56757,1.56792,1.73,1.73
2012.11.21 04:24:26.256,1.56752,1.56784,1.73,1.50
2012.11.21 04:24:26.375,1.56734,1.56768,1.50,1.34
2012.11.21 04:24:26.436,1.56734,1.5677,1.73,2.17
2012.11.21 04:24:28.086,1.56736,1.56768,1.73,1.50
2012.11.21 04:24:36.416,1.56744,1.56775,1.73,1.73
2012.11.21 04:24:36.536,1.56745,1.56775,2.20,1.50
2012.11.21 04:24:38.456,1.56751,1.56784,1.73,2.48
2012.11.21 04:24:38.517,1.56751,1.56784,2.13,2.25
2012.11.21 04:24:39.646,1.56756,1.5679,1.73,1.73
2012.11.21 04:24:42.290,1.56749,1.56784,3.09,1.73
2012.11.21 04:24:42.776,1.56751,1.56784,1.29,1.50
2012.11.21 04:24:42.896,1.56749,1.56784,1.73,1.73
2012.11.21 04:24:43.136,1.56751,1.56784,1.61,1.50
2012.11.21 04:24:43.436,1.56749,1.56784,1.73,1.73
2012.11.21 04:24:44.016,1.56749,1.56784,1.73,1.73
2012.11.21 04:24:44.197,1.56749,1.56782,1.73,1.73
2012.11.21 04:24:44.316,1.56749,1.56782,1.73,1.73
2012.11.21 04:24:44.879,1.56749,1.56784,1.73,1.73
2012.11.21 04:24:45.606,1.56749,1.56784,1.73,1.73
2012.11.21 04:24:45.857,1.56751,1.56784,1.61,1.50
2012.11.21 04:24:48.767,1.56749,1.56784,2.04,1.73
2012.11.21 04:24:49.075,1.56749,1.56784,2.04,1.73
2012.11.21 04:24:51.336,1.56749,1.56784,2.04,1.73
2012.11.21 04:24:52.066,1.56751,1.56784,1.61,1.50
2012.11.21 04:24:53.816,1.56752,1.56784,1.45,1.50
2012.11.21 04:24:54.118,1.56757,1.56786,1.52,1.50
2012.11.21 04:24:54.240,1.56758,1.56793,1.52,2.48
2012.11.21 04:24:54.536,1.56759,1.56793,1.50,2.25
2012.11.21 04:24:55.218,1.56759,1.56793,1.50,2.25
2012.11.21 04:24:55.537,1.56758,1.56793,1.50,2.25
2012.11.21 04:24:55.597,1.56758,1.56793,1.34,2.48
2012.11.21 04:24:55.848,1.56758,1.5679,1.34,1.50
2012.11.21 04:24:59.587,1.56757,1.5679,2.02,1.50
2012.11.21 04:24:59.787,1.56758,1.5679,2.18,1.50
2012.11.21 04:25:01.837,1.56762,1.56797,1.73,1.73
2012.11.21 04:25:02.037,1.56762,1.56797,1.73,1.73
2012.11.21 04:25:02.157,1.56756,1.56791,2.48,1.73
2012.11.21 04:25:02.278,1.56757,1.56791,2.20,1.50
2012.11.21 04:25:02.516,1.56754,1.56788,1.73,1.73
2012.11.21 04:25:02.817,1.56752,1.56782,1.73,1.73
2012.11.21 04:25:03.438,1.56747,1.56782,2.20,1.73
2012.11.21 04:25:03.947,1.56748,1.56784,1.25,1.73
2012.11.21 04:25:04.158,1.56746,1.56778,1.25,1.50
2012.11.21 04:25:04.338,1.56741,1.56775,1.54,1.50
2012.11.21 04:25:04.459,1.56741,1.56775,1.54,1.50
2012.11.21 04:25:04.637,1.56733,1.56771,1.73,1.73
2012.11.21 04:25:05.098,1.56733,1.56771,1.73,1.73
2012.11.21 04:25:05.219,1.56733,1.56768,1.73,1.73
2012.11.21 04:25:05.339,1.56741,1.56777,1.73,1.65
2012.11.21 04:25:05.647,1.56741,1.56774,1.50,1.24
2012.11.21 04:25:05.886,1.56741,1.56773,1.50,1.31
2012.11.21 04:25:06.429,1.56741,1.56773,1.50,1.52
2012.11.21 04:25:06.730,1.56737,1.56769,1.73,1.73
2012.11.21 04:25:06.787,1.56734,1.56769,1.73,1.73
2012.11.21 04:25:07.437,1.56734,1.56764,1.50,1.51
2012.11.21 04:25:08.083,1.56734,1.56769,1.73,1.73
2012.11.21 04:25:09.496,1.56734,1.56769,1.73,1.73
2012.11.21 04:25:09.896,1.56734,1.56769,1.73,1.73
2012.11.21 04:25:09.956,1.56736,1.56769,2.31,1.73
2012.11.21 04:25:10.377,1.56742,1.56775,1.73,1.73
2012.11.21 04:25:10.897,1.56742,1.56775,1.73,1.73
2012.11.21 04:25:11.510,1.56751,1.56784,1.73,1.73
2012.11.21 04:25:18.438,1.56751,1.56784,1.95,1.50
2012.11.21 04:25:21.607,1.56751,1.56784,1.73,1.73
2012.11.21 04:25:21.727,1.56752,1.56784,1.20,1.50
2012.11.21 04:25:24.097,1.56756,1.5679,1.73,1.73
2012.11.21 04:25:24.286,1.56758,1.5679,1.73,1.73
2012.11.21 04:25:24.587,1.56765,1.56797,1.73,1.73
2012.11.21 04:25:44.149,1.56758,1.56792,1.27,1.73
2012.11.21 04:25:44.447,1.56756,1.5679,1.73,1.73
2012.11.21 04:25:44.567,1.56756,1.5679,1.73,1.73
2012.11.21 04:25:47.397,1.56756,1.5679,1.73,1.73
2012.11.21 04:25:48.697,1.56756,1.5679,1.73,1.73
2012.11.21 04:25:48.758,1.56756,1.5679,1.73,1.73
2012.11.21 04:26:01.188,1.56756,1.5679,2.48,1.73
2012.11.21 04:26:01.547,1.56764,1.56796,1.73,1.73
2012.11.21 04:26:01.857,1.56764,1.56795,1.50,1.43
2012.11.21 04:26:04.186,1.56762,1.56792,1.50,1.73
2012.11.21 04:26:04.247,1.56758,1.56792,1.73,1.73
2012.11.21 04:26:04.308,1.56758,1.56789,1.50,1.50
2012.11.21 04:26:04.617,1.56762,1.56793,1.50,1.34
2012.11.21 04:26:04.961,1.56756,1.56793,2.48,1.34
2012.11.21 04:26:05.097,1.56773,1.56802,1.50,1.45
2012.11.21 04:26:07.759,1.56768,1.56801,1.73,1.73
2012.11.21 04:26:07.877,1.56767,1.568,1.50,1.27
2012.11.21 04:26:08.357,1.56759,1.56795,1.73,1.73
2012.11.21 04:26:08.421,1.56759,1.56795,1.73,1.73
2012.11.21 04:26:09.238,1.56759,1.56795,1.73,1.73
2012.11.21 04:26:10.338,1.56759,1.56795,1.73,1.73
2012.11.21 04:26:11.219,1.56759,1.56795,1.65,1.73
2012.11.21 04:26:11.559,1.56768,1.56802,1.65,1.73
2012.11.21 04:26:11.918,1.56768,1.56802,1.65,1.73
2012.11.21 04:26:12.421,1.56768,1.56802,1.65,1.73
2012.11.21 04:26:12.557,1.56764,1.56795,1.65,1.73
2012.11.21 04:26:12.887,1.56764,1.56795,1.98,1.50
2012.11.21 04:26:13.247,1.56761,1.56795,1.95,1.50
2012.11.21 04:26:13.367,1.56756,1.56787,1.73,1.73
2012.11.21 04:26:13.426,1.56753,1.56786,1.73,1.61
2012.11.21 04:26:13.546,1.56753,1.5678,1.50,1.36
2012.11.21 04:26:13.787,1.56746,1.5678,1.73,2.11
2012.11.21 04:26:14.489,1.56747,1.5678,1.73,1.73
2012.11.21 04:26:14.562,1.56755,1.56789,2.48,1.23
2012.11.21 04:26:14.747,1.56757,1.5679,1.73,1.73
2012.11.21 04:26:15.095,1.56763,1.56794,1.50,1.61
2012.11.21 04:26:15.217,1.56763,1.56794,1.50,1.61
2012.11.21 04:26:15.782,1.56763,1.56796,1.73,1.73
2012.11.21 04:26:17.898,1.56763,1.56798,1.73,2.00
2012.11.21 04:26:18.017,1.56763,1.56795,1.50,1.54
2012.11.21 04:26:26.470,1.5677,1.56795,1.50,1.54
2012.11.21 04:26:26.596,1.5677,1.56805,1.73,1.73
2012.11.21 04:26:26.656,1.5677,1.56805,1.73,1.73
2012.11.21 04:26:27.077,1.5677,1.56805,1.73,1.73
2012.11.21 04:26:27.517,1.56774,1.56805,1.20,1.50
2012.11.21 04:26:35.658,1.56782,1.56812,1.38,1.50
2012.11.21 04:26:35.836,1.56779,1.56812,1.73,1.73
2012.11.21 04:26:36.618,1.56785,1.56819,2.48,1.73
2012.11.21 04:26:38.277,1.56785,1.56819,1.73,1.73
2012.11.21 04:26:38.837,1.56785,1.56819,1.73,1.73
2012.11.21 04:26:39.186,1.56785,1.56819,1.73,1.73
2012.11.21 04:26:41.927,1.56785,1.56819,1.73,1.73
2012.11.21 04:26:42.047,1.56785,1.56819,1.73,1.73
2012.11.21 04:26:45.677,1.56785,1.56819,2.95,1.50
2012.11.21 04:26:45.976,1.56785,1.56819,2.48,1.73
2012.11.21 04:26:46.768,1.56787,1.56819,1.73,1.50
2012.11.21 04:26:47.135,1.56785,1.56819,1.73,2.36
2012.11.21 04:26:48.167,1.56785,1.56819,2.48,2.36
2012.11.21 04:26:48.287,1.56786,1.56819,1.36,1.73
2012.11.21 04:26:48.677,1.56785,1.56819,1.73,1.73
2012.11.21 04:26:50.966,1.56787,1.5682,1.50,1.34
2012.11.21 04:26:51.087,1.56796,1.56827,1.56,1.50
2012.11.21 04:26:51.146,1.56795,1.56827,2.31,1.50
2012.11.21 04:26:51.456,1.56795,1.56822,1.34,1.50
2012.11.21 04:26:51.577,1.56786,1.5682,1.38,1.73
2012.11.21 04:26:51.738,1.56785,1.5682,2.48,1.73
2012.11.21 04:26:53.767,1.56792,1.56826,1.73,2.25
2012.11.21 04:26:58.447,1.56792,1.56826,1.73,1.73
2012.11.21 04:27:04.769,1.56792,1.56826,1.73,1.73
2012.11.21 04:27:04.886,1.56792,1.56826,2.48,1.73
2012.11.21 04:27:05.437,1.56792,1.56826,1.73,1.73
2012.11.21 04:27:05.871,1.56792,1.56826,1.73,1.73
2012.11.21 04:27:06.176,1.56798,1.56833,1.73,1.73
2012.11.21 04:27:06.527,1.56798,1.56834,1.73,1.73
2012.11.21 04:27:06.587,1.56798,1.56834,1.73,1.73
2012.11.21 04:27:06.827,1.56802,1.56834,1.50,1.50
2012.11.21 04:27:07.356,1.56807,1.5684,1.73,1.73
2012.11.21 04:27:07.422,1.56807,1.5684,1.73,1.73
2012.11.21 04:27:07.786,1.56807,1.5684,1.73,1.73
2012.11.21 04:27:07.907,1.56807,1.5684,1.73,1.73
2012.11.21 04:27:08.086,1.56807,1.5684,1.73,1.73
2012.11.21 04:27:09.017,1.56808,1.5684,1.73,1.50
2012.11.21 04:27:15.657,1.56807,1.5684,1.73,1.73
2012.11.21 04:27:16.142,1.56807,1.5684,1.73,1.73
2012.11.21 04:27:16.328,1.56807,1.5684,1.73,1.73
2012.11.21 04:27:16.871,1.56807,1.5684,1.73,1.73
2012.11.21 04:27:17.207,1.56807,1.5684,1.73,1.73
2012.11.21 04:27:17.608,1.56807,1.5684,1.73,1.73
2012.11.21 04:27:20.749,1.56807,1.5684,1.73,1.73
2012.11.21 04:27:20.807,1.56807,1.5684,1.73,1.73
2012.11.21 04:27:22.550,1.56807,1.5683,1.50,1.61
2012.11.21 04:27:22.668,1.56799,1.5683,1.50,1.61
2012.11.21 04:27:22.773,1.56799,1.56833,1.73,2.36
2012.11.21 04:27:24.113,1.56799,1.5683,1.50,1.38
2012.11.21 04:27:25.457,1.56799,1.5683,1.50,1.38
2012.11.21 04:27:25.906,1.56799,1.5683,1.50,1.38
2012.11.21 04:27:26.097,1.56799,1.56833,1.73,2.04
2012.11.21 04:27:29.478,1.56793,1.56826,1.73,1.73
2012.11.21 04:27:29.598,1.56791,1.56826,1.73,2.04
2012.11.21 04:27:29.777,1.56791,1.5682,1.50,1.20
2012.11.21 04:27:29.836,1.56791,1.56826,1.73,2.13
2012.11.21 04:27:30.197,1.56791,1.56826,1.73,1.73
2012.11.21 04:27:32.357,1.56791,1.56826,1.73,1.73
2012.11.21 04:27:33.644,1.56791,1.56826,1.65,1.73
2012.11.21 04:27:43.927,1.56791,1.56824,1.73,1.47
2012.11.21 04:27:44.826,1.56791,1.5682,1.50,1.20
2012.11.21 04:27:45.072,1.56783,1.56817,1.73,1.73
2012.11.21 04:27:45.198,1.56784,1.56817,1.73,1.73
2012.11.21 04:27:45.631,1.5679,1.56821,1.50,1.20
2012.11.21 04:27:45.997,1.5679,1.5682,1.50,1.34
2012.11.21 04:27:46.116,1.5679,1.56823,1.73,1.73
2012.11.21 04:27:46.238,1.5679,1.5682,1.50,1.32
2012.11.21 04:27:46.356,1.5679,1.56823,1.73,1.73
2012.11.21 04:27:46.547,1.5679,1.5682,1.50,1.41
2012.11.21 04:27:46.897,1.5679,1.56823,1.73,1.73
2012.11.21 04:27:47.722,1.5679,1.56823,1.73,1.73
2012.11.21 04:27:50.188,1.5679,1.56823,1.73,1.73
2012.11.21 04:27:50.249,1.56792,1.56825,1.73,1.73
2012.11.21 04:27:50.371,1.56795,1.56826,1.73,1.58
2012.11.21 04:27:50.499,1.56795,1.56826,1.73,1.58
2012.11.21 04:27:50.864,1.56795,1.5683,1.73,1.73
2012.11.21 04:27:51.238,1.56795,1.5683,1.73,1.73
2012.11.21 04:27:53.437,1.56795,1.5683,1.73,1.73
2012.11.21 04:27:55.336,1.56795,1.5683,1.73,1.73
2012.11.21 04:27:55.466,1.56795,1.5683,1.73,1.73
2012.11.21 04:27:55.656,1.56795,1.5683,1.73,1.73
2012.11.21 04:27:58.347,1.56795,1.5683,1.73,1.73
2012.11.21 04:27:58.788,1.56802,1.56837,1.73,2.48
2012.11.21 04:27:58.970,1.56802,1.56837,1.73,2.22
2012.11.21 04:27:59.027,1.56802,1.56837,1.73,1.73
2012.11.21 04:27:59.111,1.56802,1.56837,1.73,1.73
2012.11.21 04:27:59.467,1.56802,1.56837,1.73,1.73
2012.11.21 04:28:01.947,1.56802,1.56837,1.73,1.73
2012.11.21 04:28:02.066,1.56802,1.56836,1.50,1.45
2012.11.21 04:28:05.366,1.56795,1.56831,2.48,1.73
2012.11.21 04:28:05.448,1.56795,1.56831,2.48,1.73
2012.11.21 04:28:06.768,1.56795,1.56831,2.48,1.73
2012.11.21 04:28:09.507,1.56795,1.5683,1.73,1.27
2012.11.21 04:28:09.891,1.56795,1.56827,1.50,1.27
2012.11.21 04:28:10.200,1.56795,1.56827,1.50,2.13
2012.11.21 04:28:10.257,1.56789,1.56824,1.73,1.73
2012.11.21 04:28:10.322,1.56789,1.56823,1.73,1.29
2012.11.21 04:28:14.756,1.56789,1.56821,1.50,1.50
2012.11.21 04:28:14.817,1.5679,1.56821,1.50,1.50
2012.11.21 04:28:14.937,1.56795,1.5683,1.73,1.73
2012.11.21 04:28:15.757,1.56795,1.5683,1.73,1.73
2012.11.21 04:28:15.818,1.56789,1.56822,1.73,1.73
2012.11.21 04:28:15.879,1.56796,1.56824,1.50,1.73
2012.11.21 04:28:16.118,1.56798,1.56825,2.04,1.50
2012.11.21 04:28:16.657,1.56799,1.56834,1.73,1.73
2012.11.21 04:28:17.780,1.56799,1.56834,1.73,1.73
2012.11.21 04:28:17.899,1.56799,1.56834,2.36,1.73
2012.11.21 04:28:18.317,1.56803,1.56834,1.63,1.50
2012.11.21 04:28:18.657,1.56806,1.56835,1.32,1.50
2012.11.21 04:28:21.237,1.56808,1.56842,2.07,1.50
2012.11.21 04:28:22.398,1.56809,1.56842,1.34,1.65
2012.11.21 04:28:22.456,1.56809,1.56843,1.34,2.40
2012.11.21 04:28:23.599,1.56816,1.56849,1.73,1.65
2012.11.21 04:28:23.934,1.56817,1.56849,1.20,1.50
2012.11.21 04:28:24.497,1.56815,1.56849,1.73,1.73
2012.11.21 04:28:24.617,1.56811,1.56844,2.09,1.50
2012.11.21 04:28:24.677,1.5681,1.56842,1.73,1.73
2012.11.21 04:28:27.858,1.56808,1.56842,1.73,1.73
2012.11.21 04:28:30.299,1.56808,1.56842,1.73,1.73
2012.11.21 04:28:30.668,1.56808,1.56842,1.73,1.73
2012.11.21 04:28:30.786,1.56808,1.56838,1.50,1.40
2012.11.21 04:28:30.967,1.56803,1.56836,1.73,1.73
2012.11.21 04:28:31.027,1.56802,1.56836,1.73,1.73
2012.11.21 04:28:31.327,1.56802,1.56836,1.73,1.73
2012.11.21 04:28:31.777,1.56802,1.56836,1.73,1.73
2012.11.21 04:28:32.346,1.56802,1.56835,1.73,1.28
2012.11.21 04:28:33.037,1.56802,1.56836,1.73,1.73
2012.11.21 04:28:34.030,1.56797,1.5683,1.65,1.73
2012.11.21 04:28:38.547,1.56796,1.5683,2.14,1.50
2012.11.21 04:28:38.607,1.56797,1.56832,1.39,1.73
2012.11.21 04:28:39.657,1.568,1.56832,1.19,1.50
2012.11.21 04:28:40.249,1.56805,1.56838,1.65,1.50
2012.11.21 04:28:40.776,1.56806,1.56838,1.73,1.73
2012.11.21 04:28:43.828,1.5681,1.56841,1.19,1.50
2012.11.21 04:28:44.067,1.56807,1.56841,1.23,1.73
2012.11.21 04:28:44.317,1.56813,1.56844,1.73,1.73
2012.11.21 04:28:44.497,1.56814,1.56846,1.73,1.73
2012.11.21 04:28:44.679,1.56814,1.56849,2.48,1.73
2012.11.21 04:28:45.051,1.56816,1.56849,1.32,1.50
2012.11.21 04:28:45.657,1.56821,1.56854,1.32,1.50
2012.11.21 04:28:45.717,1.56821,1.56855,1.32,1.50
2012.11.21 04:28:46.587,1.56821,1.56855,1.32,1.50
2012.11.21 04:28:46.708,1.56819,1.56855,1.65,2.48
2012.11.21 04:28:46.947,1.56819,1.56855,1.99,1.73
2012.11.21 04:28:47.388,1.56825,1.56857,1.15,1.50
2012.11.21 04:28:47.813,1.56822,1.56857,1.30,1.73
2012.11.21 04:28:47.938,1.56821,1.56857,1.73,1.73
2012.11.21 04:28:48.677,1.56819,1.56855,1.73,2.48
2012.11.21 04:28:50.308,1.56821,1.56855,1.34,1.50
2012.11.21 04:28:50.667,1.56828,1.56863,1.18,1.50
2012.11.21 04:28:51.027,1.56828,1.56863,2.07,1.50
2012.11.21 04:28:51.270,1.56828,1.56863,1.33,1.50
2012.11.21 04:28:52.597,1.56831,1.56864,1.33,1.50
2012.11.21 04:28:52.837,1.56837,1.5687,1.38,1.50
2012.11.21 04:28:52.957,1.56841,1.56876,1.45,1.73
2012.11.21 04:28:53.627,1.5684,1.56876,1.73,1.73
2012.11.21 04:28:53.748,1.56837,1.56871,1.41,1.73
2012.11.21 04:28:54.087,1.56835,1.56868,1.52,1.50
2012.11.21 04:28:54.486,1.56833,1.56869,1.73,1.73
2012.11.21 04:28:54.547,1.56833,1.56869,1.73,1.73
2012.11.21 04:28:58.357,1.56833,1.56869,1.73,2.13
2012.11.21 04:28:58.706,1.56833,1.56869,1.73,1.73
2012.11.21 04:28:59.397,1.56833,1.56869,1.73,2.38
2012.11.21 04:28:59.597,1.56833,1.56869,1.73,2.38
2012.11.21 04:29:01.417,1.56833,1.56867,1.73,1.73
2012.11.21 04:29:03.429,1.56826,1.5686,1.73,1.73
2012.11.21 04:29:03.548,1.56826,1.5686,1.73,2.38
2012.11.21 04:29:04.057,1.56819,1.56854,1.73,1.73
2012.11.21 04:29:05.378,1.56819,1.56854,1.58,1.73
2012.11.21 04:29:06.088,1.56819,1.56854,1.58,1.73
2012.11.21 04:29:06.267,1.56819,1.56854,1.58,1.73
2012.11.21 04:29:06.389,1.56819,1.56854,1.73,1.73
2012.11.21 04:29:06.509,1.56819,1.5685,1.50,1.27
2012.11.21 04:29:06.627,1.56819,1.56841,1.50,1.54
2012.11.21 04:29:06.748,1.56812,1.56841,1.50,1.54
2012.11.21 04:29:06.867,1.56806,1.56838,1.73,1.73
2012.11.21 04:29:06.928,1.56806,1.56838,1.73,1.73
2012.11.21 04:29:07.049,1.56804,1.56838,1.73,1.73
2012.11.21 04:29:07.168,1.56804,1.56838,1.73,2.00
2012.11.21 04:29:07.288,1.56806,1.56838,1.73,1.73
2012.11.21 04:29:07.650,1.56811,1.56841,1.50,1.32
2012.11.21 04:29:07.887,1.56811,1.56844,1.73,1.38
2012.11.21 04:29:09.064,1.56811,1.56846,1.73,1.73
2012.11.21 04:29:12.927,1.56811,1.56846,1.73,1.73
2012.11.21 04:29:14.457,1.56799,1.56836,1.73,1.50
2012.11.21 04:29:14.577,1.56792,1.5682,1.50,1.47
2012.11.21 04:29:14.652,1.56792,1.56824,1.50,1.47
2012.11.21 04:29:14.718,1.56794,1.56824,1.50,1.47
2012.11.21 04:29:14.780,1.56794,1.56824,1.50,1.47
2012.11.21 04:29:14.837,1.56794,1.56826,1.98,1.50
2012.11.21 04:29:19.917,1.568,1.56833,1.73,1.73
2012.11.21 04:29:20.197,1.568,1.56833,1.73,1.73
2012.11.21 04:29:21.908,1.56801,1.56834,1.59,1.73
2012.11.21 04:29:22.346,1.56801,1.56833,1.59,1.50
2012.11.21 04:29:22.467,1.568,1.56833,1.73,1.73
2012.11.21 04:29:22.587,1.568,1.56833,1.65,1.73
2012.11.21 04:29:25.148,1.568,1.56834,1.73,1.73
2012.11.21 04:29:29.917,1.56798,1.56833,1.50,1.73
2012.11.21 04:29:30.097,1.5679,1.56819,1.50,1.38
2012.11.21 04:29:30.887,1.5679,1.56819,1.50,1.38
2012.11.21 04:29:31.332,1.5679,1.56826,1.73,1.73
2012.11.21 04:29:31.656,1.5679,1.56828,2.48,1.73
2012.11.21 04:29:32.400,1.56797,1.56833,1.73,1.54
2012.11.21 04:29:32.458,1.56788,1.56818,1.61,1.50
2012.11.21 04:29:32.517,1.56777,1.56811,1.73,1.61
2012.11.21 04:29:32.697,1.56786,1.56813,1.50,2.36
2012.11.21 04:29:32.757,1.56787,1.56821,1.28,1.73
2012.11.21 04:29:32.997,1.56786,1.56821,1.73,2.09
2012.11.21 04:29:34.196,1.56786,1.56821,1.73,1.73
2012.11.21 04:29:35.137,1.56787,1.56821,1.73,1.73
2012.11.21 04:29:35.258,1.56798,1.56827,1.95,1.41
2012.11.21 04:29:35.377,1.56794,1.56827,3.68,1.41
2012.11.21 04:29:35.499,1.56802,1.56827,1.50,1.41
2012.11.21 04:29:35.858,1.56809,1.56842,1.73,1.73
2012.11.21 04:29:35.918,1.56809,1.56841,1.73,1.73
2012.11.21 04:29:35.979,1.56809,1.56841,1.92,1.50
2012.11.21 04:29:36.056,1.56809,1.56841,1.65,1.73
2012.11.21 04:29:36.297,1.56809,1.56841,2.02,1.50
2012.11.21 04:29:36.657,1.56813,1.56841,1.65,1.50
2012.11.21 04:29:37.243,1.56815,1.56849,1.73,1.73
2012.11.21 04:29:40.359,1.56815,1.56849,1.73,1.73
2012.11.21 04:29:40.537,1.56816,1.56849,3.15,1.73
2012.11.21 04:29:40.868,1.56818,1.56849,1.47,1.50
2012.11.21 04:29:40.928,1.5682,1.56851,1.17,1.50
2012.11.21 04:29:41.003,1.56824,1.56854,1.73,1.50
2012.11.21 04:29:41.067,1.56824,1.56856,1.73,1.73
2012.11.21 04:29:41.189,1.56826,1.56856,1.41,1.50
2012.11.21 04:29:41.554,1.56822,1.56856,1.73,1.73
2012.11.21 04:29:42.058,1.56816,1.56849,1.73,1.73
2012.11.21 04:29:42.496,1.56809,1.56837,1.50,1.50
2012.11.21 04:29:42.617,1.56809,1.56834,1.50,1.50
2012.11.21 04:29:42.736,1.56802,1.56836,1.73,1.50
2012.11.21 04:29:42.917,1.56802,1.56836,1.73,2.48
2012.11.21 04:29:43.157,1.56802,1.56836,1.73,1.73
2012.11.21 04:29:43.277,1.56802,1.56836,1.73,1.73
2012.11.21 04:29:43.669,1.56802,1.56833,1.73,1.73
2012.11.21 04:29:43.849,1.56802,1.56832,1.50,1.63
2012.11.21 04:29:43.907,1.56794,1.56829,1.65,1.73
2012.11.21 04:29:44.647,1.56794,1.56826,1.50,1.34
2012.11.21 04:29:45.186,1.56794,1.56825,1.73,1.73
2012.11.21 04:29:45.768,1.56794,1.56822,1.50,1.73
2012.11.21 04:29:45.827,1.56794,1.56822,1.50,1.73
2012.11.21 04:29:46.078,1.56794,1.56821,1.50,1.73
2012.11.21 04:29:46.809,1.56786,1.56821,1.65,1.73
2012.11.21 04:29:46.988,1.56786,1.56821,1.65,2.48
2012.11.21 04:29:47.287,1.56779,1.56812,1.65,1.73
2012.11.21 04:29:47.409,1.56779,1.56812,1.73,2.20
2012.11.21 04:29:47.716,1.56779,1.56809,1.50,1.73
2012.11.21 04:29:48.908,1.5677,1.56806,1.73,2.48
2012.11.21 04:29:49.057,1.5677,1.56806,1.73,2.48
2012.11.21 04:29:49.237,1.56776,1.56806,1.73,1.73
2012.11.21 04:29:49.297,1.56776,1.56804,1.50,1.45
2012.11.21 04:29:49.357,1.56776,1.56806,2.01,1.50
2012.11.21 04:29:50.096,1.56777,1.56812,1.01,1.73
2012.11.21 04:29:50.217,1.56785,1.56815,1.58,1.73
2012.11.21 04:29:50.457,1.56793,1.56823,1.50,1.52
2012.11.21 04:29:51.580,1.56793,1.56825,1.65,1.73
2012.11.21 04:29:51.917,1.56793,1.56824,1.65,1.73
2012.11.21 04:29:51.978,1.56793,1.56827,1.65,1.73
2012.11.21 04:29:52.037,1.56793,1.56827,1.65,1.73
2012.11.21 04:29:52.177,1.56794,1.56828,1.65,1.73
2012.11.21 04:29:52.967,1.568,1.56831,1.73,1.73
2012.11.21 04:29:53.290,1.568,1.56835,1.73,2.48
2012.11.21 04:29:54.468,1.56801,1.56835,1.22,2.48
2012.11.21 04:29:54.617,1.568,1.56834,1.73,1.73
2012.11.21 04:29:54.738,1.568,1.56834,1.73,1.73
2012.11.21 04:29:55.061,1.56801,1.56834,1.50,1.54
2012.11.21 04:29:55.358,1.56801,1.56835,1.73,1.73
2012.11.21 04:29:55.478,1.56801,1.56835,1.73,1.73
2012.11.21 04:29:55.599,1.56801,1.56835,1.73,1.73
2012.11.21 04:29:55.717,1.568,1.56835,2.48,1.73
2012.11.21 04:29:56.137,1.56801,1.56835,1.73,1.73
2012.11.21 04:29:56.557,1.56801,1.56835,1.73,1.73
2012.11.21 04:29:56.737,1.56801,1.56835,1.73,1.73
2012.11.21 04:29:56.796,1.56801,1.56835,1.73,1.73
2012.11.21 04:29:57.019,1.56801,1.56835,1.73,1.73
2012.11.21 04:29:57.137,1.56801,1.56835,1.73,1.73
2012.11.21 04:29:59.046,1.568,1.56835,1.73,1.73
2012.11.21 04:29:59.108,1.568,1.56835,1.73,1.73
2012.11.21 04:29:59.459,1.568,1.56835,1.73,1.73
2012.11.21 04:29:59.776,1.568,1.56835,1.73,1.73
2012.11.21 04:30:00.348,1.56793,1.56828,1.73,1.73
2012.11.21 04:30:00.628,1.56793,1.56826,1.58,1.54
2012.11.21 04:30:01.617,1.56793,1.56827,1.73,1.20
2012.11.21 04:30:02.632,1.56793,1.56827,1.73,1.20
2012.11.21 04:30:03.569,1.56794,1.56826,1.50,1.32
2012.11.21 04:30:03.686,1.56794,1.56827,1.50,1.25
2012.11.21 04:30:03.927,1.56794,1.56828,1.50,1.73
2012.11.21 04:30:04.287,1.56797,1.56828,1.10,1.50
2012.11.21 04:30:04.832,1.56796,1.56828,1.07,1.50
2012.11.21 04:30:05.537,1.56798,1.56834,1.65,1.73
2012.11.21 04:30:05.597,1.568,1.56834,1.65,1.73
2012.11.21 04:30:05.657,1.56803,1.56834,1.65,1.73
2012.11.21 04:30:05.777,1.56803,1.56834,1.65,1.73
2012.11.21 04:30:05.838,1.56803,1.56834,1.73,1.73
2012.11.21 04:30:06.199,1.56808,1.56834,1.73,1.50
2012.11.21 04:30:06.527,1.5681,1.56844,1.73,1.73
2012.11.21 04:30:08.817,1.56812,1.56846,1.65,1.73
2012.11.21 04:30:08.877,1.56816,1.56846,1.50,1.73
2012.11.21 04:30:08.937,1.56821,1.56857,2.65,2.48
2012.11.21 04:30:09.628,1.56824,1.56857,1.41,1.73
2012.11.21 04:30:10.720,1.56823,1.56857,1.73,1.73
2012.11.21 04:30:10.970,1.56821,1.56857,1.73,1.73
2012.11.21 04:30:11.988,1.56821,1.56857,1.73,1.73
2012.11.21 04:30:12.492,1.56822,1.56857,1.65,1.73
2012.11.21 04:30:12.807,1.56821,1.56857,1.65,1.73
2012.11.21 04:30:13.287,1.56816,1.56849,1.73,1.73
2012.11.21 04:30:17.248,1.56817,1.56851,2.00,1.50
2012.11.21 04:30:17.367,1.56822,1.56857,1.73,1.73
2012.11.21 04:30:17.727,1.56824,1.56857,1.39,1.73
2012.11.21 04:30:19.529,1.56827,1.56857,1.43,1.50
2012.11.21 04:30:20.277,1.56827,1.56859,1.43,1.50
2012.11.21 04:30:20.397,1.56823,1.56857,2.30,1.50
2012.11.21 04:30:20.601,1.56823,1.56857,1.73,1.73
2012.11.21 04:30:20.957,1.56823,1.56857,1.73,1.73
2012.11.21 04:30:21.077,1.56818,1.56851,1.42,1.73
2012.11.21 04:30:21.408,1.56815,1.56849,2.21,1.73
2012.11.21 04:30:23.649,1.56815,1.56849,1.73,1.73
2012.11.21 04:30:27.178,1.56813,1.56849,1.73,1.73
2012.11.21 04:30:27.298,1.56813,1.56849,1.73,1.73
2012.11.21 04:30:27.757,1.56809,1.56842,1.73,1.73
2012.11.21 04:30:28.538,1.56808,1.56842,1.73,1.73
2012.11.21 04:30:28.599,1.56808,1.56836,1.50,1.45
2012.11.21 04:30:30.487,1.56808,1.56842,1.50,1.45
2012.11.21 04:30:30.548,1.56809,1.56842,1.50,1.45
2012.11.21 04:30:30.610,1.56816,1.5685,1.73,1.73
2012.11.21 04:30:30.671,1.56816,1.56854,3.23,2.09
2012.11.21 04:30:30.998,1.56826,1.56854,1.50,1.34
2012.11.21 04:30:31.358,1.56826,1.56862,1.73,1.73
2012.11.21 04:30:32.523,1.56833,1.56864,1.50,1.25
2012.11.21 04:30:32.848,1.56839,1.56874,1.73,2.29
2012.11.21 04:30:34.977,1.56839,1.5687,1.50,1.61
2012.11.21 04:30:37.517,1.56839,1.56874,1.73,2.11
2012.11.21 04:30:37.948,1.56839,1.56874,1.73,1.73
2012.11.21 04:30:39.425,1.56839,1.56874,1.73,1.73
2012.11.21 04:30:39.880,1.56839,1.56874,1.73,1.73
2012.11.21 04:30:40.536,1.56839,1.56874,1.73,1.73
2012.11.21 04:30:44.588,1.5684,1.56874,1.73,1.73
2012.11.21 04:30:44.647,1.56846,1.56881,1.65,2.11
2012.11.21 04:30:44.978,1.56848,1.56881,1.65,1.73
2012.11.21 04:30:45.434,1.56848,1.5688,1.50,1.54
2012.11.21 04:30:45.558,1.56846,1.56881,1.73,1.73
2012.11.21 04:30:45.677,1.56846,1.56881,1.73,2.34
2012.11.21 04:30:49.267,1.56846,1.56876,1.50,1.32
2012.11.21 04:30:49.636,1.56846,1.56876,1.50,1.32
2012.11.21 04:30:49.997,1.56839,1.56874,1.73,2.11
2012.11.21 04:30:50.487,1.56842,1.56874,1.50,1.73
2012.11.21 04:30:50.547,1.56842,1.56874,2.25,1.73
2012.11.21 04:30:50.729,1.56849,1.56884,1.73,1.73
2012.11.21 04:30:50.848,1.56855,1.5689,1.73,1.73
2012.11.21 04:30:52.517,1.56855,1.5689,1.73,1.73
2012.11.21 04:30:52.637,1.56855,1.5689,1.73,1.73
2012.11.21 04:30:55.731,1.56855,1.5689,1.65,1.73
2012.11.21 04:30:57.667,1.56855,1.5689,1.73,1.73
2012.11.21 04:30:59.888,1.56855,1.5689,1.73,1.73
2012.11.21 04:31:00.518,1.56855,1.5689,1.73,1.73
2012.11.21 04:31:00.578,1.56855,1.56883,1.50,1.56
2012.11.21 04:31:00.637,1.5685,1.56882,1.73,1.73
2012.11.21 04:31:01.038,1.56848,1.56882,1.73,1.73
2012.11.21 04:31:02.167,1.56848,1.56882,1.73,1.73
2012.11.21 04:31:02.351,1.56848,1.56878,1.50,1.36
2012.11.21 04:31:02.647,1.56839,1.56873,1.73,1.73
2012.11.21 04:31:05.977,1.56834,1.56867,1.73,1.73
2012.11.21 04:31:09.197,1.56834,1.56867,1.73,1.73
2012.11.21 04:31:09.557,1.56828,1.5686,1.73,1.73
2012.11.21 04:31:09.710,1.56828,1.56862,1.73,1.73
2012.11.21 04:31:09.767,1.56831,1.56862,2.33,1.73
2012.11.21 04:31:09.889,1.56839,1.56872,1.73,1.73
2012.11.21 04:31:10.257,1.56839,1.56872,1.73,1.73
2012.11.21 04:31:10.500,1.5684,1.56874,1.73,1.73
2012.11.21 04:31:10.798,1.5684,1.56874,1.73,1.73
2012.11.21 04:31:10.977,1.56839,1.56872,1.73,1.73
2012.11.21 04:31:11.397,1.56838,1.56872,1.73,2.07
2012.11.21 04:31:11.517,1.56838,1.56872,1.73,1.73
2012.11.21 04:31:18.507,1.56838,1.56872,1.73,1.73
2012.11.21 04:31:19.257,1.56838,1.56872,1.73,1.73
2012.11.21 04:31:19.938,1.56838,1.56874,1.73,1.73
2012.11.21 04:31:22.408,1.56838,1.56872,1.73,1.73
2012.11.21 04:31:23.489,1.56838,1.56872,1.73,1.73
2012.11.21 04:31:29.129,1.56838,1.56872,1.73,1.73
2012.11.21 04:31:29.368,1.56831,1.56865,1.73,1.73
2012.11.21 04:31:29.728,1.56831,1.56865,1.73,1.73
2012.11.21 04:31:29.849,1.56832,1.56865,1.73,1.73
2012.11.21 04:31:33.508,1.56838,1.56873,1.73,1.73
2012.11.21 04:31:35.507,1.56838,1.56873,1.73,1.73
2012.11.21 04:31:35.567,1.56838,1.56873,1.73,1.73
2012.11.21 04:31:40.999,1.56838,1.56873,1.73,1.73
2012.11.21 04:31:50.109,1.56832,1.56864,1.73,1.73
2012.11.21 04:31:50.177,1.56831,1.56864,1.73,1.73
2012.11.21 04:31:50.719,1.5683,1.56864,1.73,1.73
2012.11.21 04:31:53.187,1.5683,1.56864,1.73,1.73
2012.11.21 04:31:53.627,1.5683,1.56861,1.50,1.43
2012.11.21 04:31:55.040,1.5683,1.56861,1.50,1.43
2012.11.21 04:32:02.268,1.5683,1.56864,1.73,1.73
2012.11.21 04:32:03.178,1.5683,1.56864,1.73,1.73
2012.11.21 04:32:03.367,1.56832,1.56864,1.73,1.73
2012.11.21 04:32:03.548,1.56838,1.56871,1.73,1.73
2012.11.21 04:32:03.787,1.56838,1.56871,1.73,1.73
2012.11.21 04:32:04.107,1.56838,1.56871,1.73,1.73
2012.11.21 04:32:06.012,1.56838,1.56871,1.73,1.73
2012.11.21 04:32:07.399,1.56838,1.56871,1.73,1.73
2012.11.21 04:32:09.687,1.56831,1.56864,1.23,1.50
2012.11.21 04:32:09.867,1.56826,1.56862,2.48,1.73
2012.11.21 04:32:10.560,1.56826,1.56862,1.73,1.73
2012.11.21 04:32:11.336,1.56826,1.56862,1.73,1.73
2012.11.21 04:32:12.697,1.56826,1.56862,1.73,2.25
2012.11.21 04:32:14.897,1.56827,1.56861,1.73,1.73
2012.11.21 04:32:16.857,1.56827,1.56861,1.73,1.73
2012.11.21 04:32:17.162,1.56821,1.56855,1.73,1.73
2012.11.21 04:32:17.230,1.56819,1.56855,1.73,1.73
2012.11.21 04:32:23.378,1.56819,1.56855,1.73,1.73
2012.11.21 04:32:28.577,1.56819,1.56855,1.73,1.73
2012.11.21 04:32:33.678,1.56819,1.56855,1.73,1.73
2012.11.21 04:32:35.749,1.56819,1.56855,1.73,1.73
2012.11.21 04:32:36.107,1.56813,1.56847,1.73,1.73
2012.11.21 04:32:37.927,1.56813,1.56847,1.73,1.73
2012.11.21 04:32:38.047,1.56813,1.56847,1.73,1.73
2012.11.21 04:32:43.824,1.56813,1.56847,1.73,1.73
2012.11.21 04:32:48.709,1.56816,1.56847,1.73,1.73
2012.11.21 04:32:48.828,1.56819,1.56854,2.48,1.73
2012.11.21 04:32:49.188,1.56822,1.56854,1.73,1.50
2012.11.21 04:32:49.251,1.56822,1.56854,1.73,1.73
2012.11.21 04:32:50.024,1.56828,1.56862,1.73,1.73
2012.11.21 04:32:50.147,1.56828,1.56862,1.73,1.73
2012.11.21 04:32:50.541,1.56828,1.56862,2.76,1.73
2012.11.21 04:32:50.820,1.56828,1.56862,1.73,1.73
2012.11.21 04:32:51.257,1.56828,1.56862,1.73,1.73
2012.11.21 04:32:51.318,1.56828,1.56862,1.73,1.73
2012.11.21 04:32:52.549,1.56828,1.56862,1.73,1.73
2012.11.21 04:32:52.727,1.56828,1.56862,1.73,1.73
2012.11.21 04:32:52.969,1.56823,1.56855,1.73,1.73
2012.11.21 04:32:55.357,1.5682,1.56855,1.73,1.73
2012.11.21 04:32:55.780,1.5682,1.56855,1.73,1.73
2012.11.21 04:32:56.108,1.56816,1.56847,1.73,1.73
2012.11.21 04:32:56.348,1.56816,1.56847,1.73,1.73
2012.11.21 04:32:57.013,1.56816,1.56847,1.73,1.50
2012.11.21 04:32:59.148,1.56815,1.56847,1.73,1.73
2012.11.21 04:32:59.507,1.56816,1.56847,1.73,1.73
2012.11.21 04:33:00.780,1.56814,1.56847,1.73,1.73
2012.11.21 04:33:02.287,1.56814,1.56847,1.73,1.73
2012.11.21 04:33:02.347,1.56814,1.56847,1.73,1.73
2012.11.21 04:33:03.537,1.56814,1.56847,1.73,1.73
2012.11.21 04:33:04.623,1.56816,1.56847,1.73,1.73
2012.11.21 04:33:04.819,1.56832,1.56864,1.26,1.50
2012.11.21 04:33:05.087,1.56831,1.56864,1.73,1.73
2012.11.21 04:33:07.479,1.56826,1.56859,1.73,1.73
2012.11.21 04:33:08.948,1.56826,1.56856,1.73,1.73
2012.11.21 04:33:09.007,1.56826,1.56856,1.73,1.73
2012.11.21 04:33:09.699,1.56822,1.56856,1.73,1.73
2012.11.21 04:33:09.878,1.56817,1.5685,2.48,1.73
2012.11.21 04:33:09.998,1.56822,1.56857,1.73,1.73
2012.11.21 04:33:10.178,1.56825,1.56857,1.73,1.73
2012.11.21 04:33:10.357,1.56826,1.56857,1.73,1.73
2012.11.21 04:33:10.722,1.56826,1.56857,1.73,1.73
2012.11.21 04:33:12.428,1.56825,1.56857,1.73,1.73
2012.11.21 04:33:12.549,1.56822,1.56857,2.38,1.73
2012.11.21 04:33:12.608,1.56822,1.56856,1.73,1.52
2012.11.21 04:33:12.668,1.56822,1.56857,1.73,1.73
2012.11.21 04:33:13.028,1.56817,1.56851,2.48,1.73
2012.11.21 04:33:13.510,1.56826,1.56858,1.50,1.73
2012.11.21 04:33:13.568,1.56826,1.56858,1.73,1.73
2012.11.21 04:33:14.448,1.56823,1.56858,1.73,1.73
2012.11.21 04:33:14.978,1.56817,1.56853,2.48,1.73
2012.11.21 04:33:17.382,1.56817,1.56851,2.48,1.73
2012.11.21 04:33:17.661,1.56817,1.56853,2.48,1.73
2012.11.21 04:33:20.868,1.56817,1.56851,1.73,1.73
2012.11.21 04:33:20.929,1.56817,1.56851,1.73,1.73
2012.11.21 04:33:21.300,1.56817,1.56851,1.73,1.73
2012.11.21 04:33:21.360,1.56817,1.56849,1.50,1.61
2012.11.21 04:33:21.807,1.5682,1.56851,1.52,1.50
2012.11.21 04:33:22.055,1.56817,1.56851,1.73,1.73
2012.11.21 04:33:22.577,1.5681,1.56845,1.73,1.73
2012.11.21 04:33:22.969,1.5681,1.56845,1.73,1.73
2012.11.21 04:33:23.237,1.5681,1.56845,1.73,1.73
2012.11.21 04:33:23.358,1.5681,1.56845,1.73,1.73
2012.11.21 04:33:25.177,1.56813,1.56847,1.41,1.73
2012.11.21 04:33:25.237,1.5681,1.56847,2.25,1.73
2012.11.21 04:33:25.797,1.56817,1.56852,1.73,1.73
2012.11.21 04:33:25.918,1.5681,1.56845,1.73,1.73
2012.11.21 04:33:26.217,1.5681,1.56845,1.73,1.73
2012.11.21 04:33:27.498,1.5681,1.56845,1.73,1.73
2012.11.21 04:33:27.576,1.5681,1.56845,1.73,1.73
2012.11.21 04:33:28.017,1.5681,1.56845,1.73,1.73
2012.11.21 04:33:28.688,1.5681,1.56845,1.73,1.73
2012.11.21 04:33:29.048,1.5681,1.56845,2.88,1.73
2012.11.21 04:33:31.698,1.5681,1.56845,2.88,1.73
2012.11.21 04:33:32.728,1.5681,1.56845,2.48,1.73
2012.11.21 04:33:36.217,1.56811,1.56845,1.73,1.73
2012.11.21 04:33:36.577,1.56813,1.56845,2.95,1.50
2012.11.21 04:33:36.937,1.56811,1.56845,1.29,1.50
2012.11.21 04:33:37.177,1.56805,1.56839,1.73,1.73
2012.11.21 04:33:37.330,1.56805,1.56837,1.73,1.73
2012.11.21 04:33:38.150,1.56805,1.56837,1.73,1.73
2012.11.21 04:33:38.388,1.56803,1.56837,1.73,2.25
2012.11.21 04:33:40.037,1.56803,1.56837,1.73,2.25
2012.11.21 04:33:40.277,1.56803,1.56837,2.29,1.50
2012.11.21 04:33:41.908,1.56803,1.56837,1.73,1.73
2012.11.21 04:33:42.309,1.56804,1.56837,1.63,1.73
2012.11.21 04:33:42.428,1.56804,1.56837,1.63,1.73
2012.11.21 04:33:42.677,1.56803,1.56837,1.73,1.73
2012.11.21 04:33:43.068,1.56803,1.56837,1.73,1.73
2012.11.21 04:33:43.697,1.56803,1.56837,1.73,1.73
2012.11.21 04:33:43.758,1.56803,1.56837,2.31,1.50
2012.11.21 04:33:44.267,1.56803,1.56837,2.31,1.50
2012.11.21 04:33:44.448,1.56803,1.56837,1.73,1.73
2012.11.21 04:33:44.507,1.56803,1.56837,1.73,1.73
2012.11.21 04:33:44.828,1.56803,1.56837,1.73,1.73
2012.11.21 04:33:44.959,1.56803,1.56837,1.73,1.73
2012.11.21 04:33:45.017,1.56803,1.56837,2.18,1.50
2012.11.21 04:33:45.908,1.56803,1.56837,1.73,1.73
2012.11.21 04:33:46.171,1.56803,1.56837,1.73,1.73
2012.11.21 04:33:48.326,1.56804,1.56837,1.20,1.73
2012.11.21 04:33:49.007,1.56798,1.5683,2.38,1.73
2012.11.21 04:33:49.127,1.56796,1.5683,1.73,1.73
2012.11.21 04:33:49.249,1.56798,1.5683,1.54,1.73
2012.11.21 04:33:49.553,1.56798,1.5683,1.50,1.50
2012.11.21 04:33:49.634,1.56798,1.5683,1.27,1.73
2012.11.21 04:33:59.649,1.56803,1.56838,1.73,1.73
2012.11.21 04:34:00.868,1.56803,1.56838,2.20,1.73
2012.11.21 04:34:00.928,1.56803,1.56838,2.20,1.73
2012.11.21 04:34:01.108,1.56804,1.56838,1.29,1.50
2012.11.21 04:34:02.778,1.56804,1.56838,1.29,1.50
2012.11.21 04:34:03.119,1.56811,1.56845,1.73,1.73
2012.11.21 04:34:03.888,1.56811,1.56845,1.50,1.73
2012.11.21 04:34:04.068,1.56803,1.56841,1.73,1.73
2012.11.21 04:34:04.128,1.56803,1.56839,1.73,1.73
2012.11.21 04:34:05.937,1.56803,1.56839,2.16,1.73
2012.11.21 04:34:06.297,1.56805,1.56839,2.20,1.73
2012.11.21 04:34:06.947,1.56805,1.56839,1.73,1.73
2012.11.21 04:34:08.247,1.56805,1.56839,1.95,1.50
2012.11.21 04:34:08.981,1.56805,1.56839,1.73,1.73
2012.11.21 04:34:09.758,1.56805,1.56839,1.73,1.73
2012.11.21 04:34:20.848,1.56805,1.56839,1.73,1.73
2012.11.21 04:34:21.359,1.56805,1.56839,1.95,1.50
2012.11.21 04:34:21.922,1.56803,1.56839,2.48,1.73
2012.11.21 04:34:34.098,1.56803,1.56837,1.98,1.50
2012.11.21 04:34:34.457,1.56803,1.56837,1.73,1.73
2012.11.21 04:34:34.698,1.56803,1.56837,1.73,1.73
2012.11.21 04:34:34.758,1.56805,1.56837,2.20,1.50
2012.11.21 04:34:35.077,1.56805,1.56837,1.73,1.73
2012.11.21 04:34:35.363,1.56803,1.56837,1.73,1.73
2012.11.21 04:34:35.963,1.56803,1.56837,1.73,1.73
2012.11.21 04:34:37.785,1.56803,1.56837,1.73,1.73
2012.11.21 04:34:38.240,1.56805,1.56837,1.73,1.73
2012.11.21 04:34:38.558,1.56811,1.56837,1.73,1.50
2012.11.21 04:34:39.678,1.56811,1.56843,1.50,1.23
2012.11.21 04:34:44.778,1.56804,1.56838,1.73,1.73
2012.11.21 04:34:45.288,1.56804,1.56837,1.73,1.73
2012.11.21 04:34:48.808,1.56804,1.56838,1.73,1.73
2012.11.21 04:35:05.068,1.56806,1.56841,1.73,1.73
2012.11.21 04:35:05.129,1.56806,1.56841,1.73,1.73
2012.11.21 04:35:05.667,1.56806,1.5684,1.73,1.73
2012.11.21 04:35:08.717,1.56806,1.56841,1.73,2.48
2012.11.21 04:35:10.039,1.56806,1.56841,1.73,1.73
2012.11.21 04:35:10.160,1.56809,1.56841,1.73,1.73
2012.11.21 04:35:10.398,1.56817,1.56852,1.73,1.73
2012.11.21 04:35:10.760,1.56818,1.56852,1.43,1.73
2012.11.21 04:35:11.738,1.56818,1.56853,1.29,1.50
2012.11.21 04:35:11.918,1.56825,1.5686,1.73,1.73
2012.11.21 04:35:12.159,1.56826,1.5686,1.45,1.50
2012.11.21 04:35:12.519,1.56825,1.56856,1.73,1.73
2012.11.21 04:35:13.058,1.5682,1.56856,1.73,1.73
2012.11.21 04:35:13.468,1.5682,1.56856,1.73,1.73
2012.11.21 04:35:13.528,1.56822,1.56856,2.02,1.50
2012.11.21 04:35:13.708,1.5682,1.56849,1.50,1.52
2012.11.21 04:35:13.770,1.56815,1.56849,1.73,2.27
2012.11.21 04:35:13.887,1.56813,1.56849,1.73,3.02
2012.11.21 04:35:14.968,1.56806,1.56838,1.61,1.50
2012.11.21 04:35:15.109,1.56806,1.56838,1.61,1.50
2012.11.21 04:35:16.399,1.56801,1.56836,1.73,1.73
2012.11.21 04:35:16.460,1.56801,1.56835,1.73,1.73
2012.11.21 04:35:16.782,1.56801,1.56836,1.73,2.48
2012.11.21 04:35:17.087,1.56801,1.56829,1.73,1.73
2012.11.21 04:35:17.637,1.56801,1.56829,1.50,1.73
2012.11.21 04:35:18.208,1.56801,1.56833,1.50,1.41
2012.11.21 04:35:18.268,1.56801,1.56835,1.73,1.73
2012.11.21 04:35:21.793,1.56801,1.56834,1.73,1.73
2012.11.21 04:35:22.859,1.56801,1.56836,1.73,1.73
2012.11.21 04:35:22.998,1.56801,1.56835,1.73,1.73
2012.11.21 04:35:23.118,1.56801,1.56836,1.73,2.48
2012.11.21 04:35:23.538,1.56801,1.56836,1.73,1.73
2012.11.21 04:35:25.497,1.56802,1.56836,1.27,1.50
2012.11.21 04:35:30.198,1.56801,1.56836,1.73,1.73
2012.11.21 04:35:36.938,1.56803,1.56838,2.11,1.73
2012.11.21 04:35:40.098,1.56803,1.56838,1.73,1.73
2012.11.21 04:35:45.158,1.56804,1.56838,1.73,1.73
2012.11.21 04:35:45.278,1.5681,1.56842,1.50,1.23
2012.11.21 04:35:45.458,1.56804,1.56838,1.50,1.54
2012.11.21 04:35:45.517,1.56802,1.56834,1.50,1.54
2012.11.21 04:35:46.587,1.56802,1.56838,1.73,1.73
2012.11.21 04:35:49.187,1.56802,1.56838,1.73,2.48
2012.11.21 04:35:49.699,1.56802,1.56838,1.73,1.73
2012.11.21 04:35:50.440,1.56802,1.56838,1.73,1.73
2012.11.21 04:35:54.469,1.56802,1.56838,1.73,1.73
2012.11.21 04:35:55.148,1.56802,1.56835,1.73,1.73
2012.11.21 04:35:55.268,1.56802,1.56837,1.73,1.73
2012.11.21 04:35:56.023,1.56802,1.56838,1.73,2.25
2012.11.21 04:35:56.998,1.56802,1.56833,1.73,1.50
2012.11.21 04:35:57.060,1.56802,1.56833,1.73,1.65
2012.11.21 04:36:01.909,1.56798,1.56832,1.73,1.73
2012.11.21 04:36:01.970,1.56794,1.56824,1.50,1.50
2012.11.21 04:36:02.229,1.56794,1.56828,1.50,1.47
2012.11.21 04:36:02.289,1.56794,1.5683,1.73,2.48
2012.11.21 04:36:02.348,1.56794,1.56829,1.73,1.73
2012.11.21 04:36:05.169,1.56794,1.56829,1.50,1.73
2012.11.21 04:36:05.287,1.56794,1.56823,1.50,1.73
2012.11.21 04:36:05.958,1.56794,1.56829,1.73,1.73
2012.11.21 04:36:08.188,1.56795,1.56829,1.73,1.73
2012.11.21 04:36:08.368,1.56795,1.5683,1.73,1.73
2012.11.21 04:36:08.487,1.56793,1.56823,1.73,1.73
2012.11.21 04:36:09.458,1.56793,1.5682,1.73,1.50
2012.11.21 04:36:10.007,1.56801,1.56828,1.73,1.73
2012.11.21 04:36:10.707,1.56801,1.56828,1.73,1.73
2012.11.21 04:36:11.137,1.56801,1.56836,1.73,1.73
2012.11.21 04:36:14.967,1.56801,1.56834,1.73,1.73
2012.11.21 04:36:15.087,1.56801,1.56834,1.73,2.38
2012.11.21 04:36:21.395,1.56799,1.5683,1.50,1.61
2012.11.21 04:36:21.578,1.56793,1.56825,1.50,1.73
2012.11.21 04:36:23.007,1.56787,1.56821,1.73,1.73
2012.11.21 04:36:23.537,1.56787,1.56821,1.73,2.48
2012.11.21 04:36:23.718,1.56787,1.56821,1.73,2.48
2012.11.21 04:36:23.838,1.56787,1.56821,1.73,1.73
2012.11.21 04:36:24.117,1.56787,1.56821,1.73,1.73
2012.11.21 04:36:24.183,1.56793,1.56822,1.50,1.61
2012.11.21 04:36:24.492,1.56787,1.56809,1.50,1.29
2012.11.21 04:36:24.564,1.5678,1.56808,1.50,1.73
2012.11.21 04:36:25.668,1.5678,1.56806,1.50,1.61
2012.11.21 04:36:25.728,1.5678,1.56809,1.73,1.73
2012.11.21 04:36:25.908,1.5678,1.56809,1.73,1.73
2012.11.21 04:36:28.900,1.56788,1.56813,1.50,1.73
2012.11.21 04:36:30.723,1.56788,1.5681,1.50,1.73
2012.11.21 04:36:31.247,1.56788,1.56813,1.50,1.73
2012.11.21 04:36:31.381,1.56788,1.56813,1.50,1.73
2012.11.21 04:36:32.817,1.5678,1.56813,1.73,1.73
2012.11.21 04:36:33.639,1.5678,1.5681,1.73,1.73
2012.11.21 04:36:34.278,1.5678,1.56814,1.73,2.48
2012.11.21 04:36:34.397,1.5678,1.56814,1.73,2.48
2012.11.21 04:36:34.517,1.5678,1.56814,1.73,2.48
2012.11.21 04:36:35.512,1.5678,1.56814,1.73,2.48
2012.11.21 04:36:35.579,1.5678,1.56814,1.73,2.48
2012.11.21 04:36:38.656,1.5678,1.56813,1.73,1.73
2012.11.21 04:36:42.527,1.56781,1.56814,1.52,1.50
2012.11.21 04:36:42.767,1.5678,1.56814,1.73,2.48
2012.11.21 04:36:44.307,1.5678,1.56814,1.73,2.48
2012.11.21 04:36:45.034,1.5678,1.56814,1.73,1.73
2012.11.21 04:36:45.098,1.5678,1.56814,1.73,1.73
2012.11.21 04:36:45.277,1.5678,1.56813,1.73,1.73
2012.11.21 04:36:46.388,1.56774,1.56808,1.73,1.73
2012.11.21 04:36:46.928,1.56773,1.56808,1.73,2.48
2012.11.21 04:36:48.610,1.56773,1.56807,1.73,1.73
2012.11.21 04:36:49.157,1.56774,1.56806,1.73,1.73
2012.11.21 04:36:49.458,1.56772,1.56803,1.50,1.20
2012.11.21 04:36:49.519,1.56774,1.56803,1.50,1.20
2012.11.21 04:36:49.893,1.56778,1.56803,1.50,1.20
2012.11.21 04:36:51.314,1.56778,1.56808,1.73,1.73
2012.11.21 04:36:51.608,1.56778,1.56808,1.73,1.73
2012.11.21 04:36:52.798,1.56778,1.56812,1.73,1.73
2012.11.21 04:36:55.447,1.56778,1.56813,1.73,1.73
2012.11.21 04:36:56.018,1.56786,1.56814,1.50,1.73
2012.11.21 04:37:00.357,1.56786,1.56812,1.50,1.73
2012.11.21 04:37:00.477,1.56778,1.56812,1.73,1.73
2012.11.21 04:37:00.657,1.56778,1.56811,1.73,1.20
2012.11.21 04:37:00.778,1.56779,1.56811,1.50,1.20
2012.11.21 04:37:01.077,1.56777,1.56811,1.73,1.25
2012.11.21 04:37:01.717,1.56777,1.56811,1.73,1.25
2012.11.21 04:37:02.548,1.56771,1.56801,1.50,1.63
2012.11.21 04:37:02.607,1.56771,1.56801,1.50,1.63
2012.11.21 04:37:03.987,1.56771,1.568,1.50,1.61
2012.11.21 04:37:04.237,1.56764,1.568,1.73,1.61
2012.11.21 04:37:06.028,1.56764,1.568,1.73,1.61
2012.11.21 04:37:06.639,1.56764,1.56796,1.50,1.34
2012.11.21 04:37:06.760,1.56757,1.56789,1.50,1.41
2012.11.21 04:37:06.999,1.56757,1.56786,1.50,1.32
2012.11.21 04:37:07.538,1.56757,1.56792,2.48,1.73
2012.11.21 04:37:08.008,1.56765,1.56799,1.73,2.36
2012.11.21 04:37:08.116,1.56765,1.56799,1.73,2.36
2012.11.21 04:37:10.927,1.56759,1.56794,1.73,1.73
2012.11.21 04:37:12.253,1.56766,1.56799,2.48,1.61
2012.11.21 04:37:12.958,1.56766,1.56799,1.73,1.61
2012.11.21 04:37:13.278,1.56758,1.56794,1.73,1.73
2012.11.21 04:37:13.398,1.56758,1.5679,1.50,1.59
2012.11.21 04:37:13.758,1.56758,1.56787,1.50,1.23
2012.11.21 04:37:14.409,1.56745,1.56781,2.48,1.73
2012.11.21 04:37:14.467,1.56745,1.56777,2.25,1.61
2012.11.21 04:37:15.128,1.56745,1.56777,1.50,1.61
2012.11.21 04:37:15.368,1.56745,1.56768,1.50,1.32
2012.11.21 04:37:15.607,1.56745,1.56778,1.50,1.41
2012.11.21 04:37:16.141,1.56745,1.56778,1.50,1.41
2012.11.21 04:37:17.078,1.56745,1.56778,1.50,2.20
2012.11.21 04:37:17.202,1.56737,1.56771,1.73,1.73
2012.11.21 04:37:17.389,1.56744,1.56778,1.73,2.20
2012.11.21 04:37:17.718,1.56751,1.56778,1.50,1.45
2012.11.21 04:37:17.778,1.56751,1.56786,1.73,1.73
2012.11.21 04:37:20.807,1.56745,1.5678,1.50,1.73
2012.11.21 04:37:20.867,1.56745,1.56778,1.50,1.23
2012.11.21 04:37:21.410,1.56745,1.56778,1.50,1.23
2012.11.21 04:37:21.528,1.56745,1.5678,2.48,1.73
2012.11.21 04:37:21.837,1.56747,1.56781,1.50,1.50
2012.11.21 04:37:24.479,1.56751,1.56786,1.73,1.73
2012.11.21 04:37:24.677,1.56751,1.56786,1.73,1.73
2012.11.21 04:37:27.757,1.56751,1.56786,1.73,1.73
2012.11.21 04:37:30.548,1.56751,1.56786,1.73,1.73
2012.11.21 04:37:30.608,1.56758,1.56793,1.73,1.73
2012.11.21 04:37:30.992,1.56758,1.56777,1.27,1.50
2012.11.21 04:37:31.119,1.56751,1.56783,1.59,1.50
2012.11.21 04:37:31.299,1.56758,1.56786,1.38,1.50
2012.11.21 04:37:31.477,1.56758,1.56792,2.13,1.73
2012.11.21 04:37:31.778,1.56767,1.56799,1.73,1.73
2012.11.21 04:37:31.898,1.56764,1.56798,1.23,1.50
2012.11.21 04:37:31.958,1.56762,1.56797,1.73,1.73
2012.11.21 04:37:32.927,1.56762,1.56797,1.73,2.48
2012.11.21 04:37:33.467,1.56756,1.56791,2.48,1.73
2012.11.21 04:37:33.768,1.56758,1.56791,2.16,1.50
2012.11.21 04:37:33.888,1.56763,1.56797,1.73,1.73
2012.11.21 04:37:34.729,1.56765,1.56797,1.20,1.50
2012.11.21 04:37:34.924,1.56765,1.56797,1.73,1.50
2012.11.21 04:37:35.287,1.56764,1.56797,1.73,1.73
2012.11.21 04:37:35.587,1.56763,1.56797,2.48,1.73
2012.11.21 04:37:36.097,1.56763,1.56797,2.48,1.73
2012.11.21 04:37:36.768,1.56763,1.56797,1.73,1.73
2012.11.21 04:37:37.719,1.56763,1.56797,1.73,1.73
2012.11.21 04:37:37.897,1.56763,1.56797,1.73,2.18
2012.11.21 04:37:38.018,1.56763,1.56797,1.73,2.18
2012.11.21 04:37:38.137,1.56755,1.5679,1.73,1.73
2012.11.21 04:37:38.259,1.56755,1.5679,1.73,1.73
2012.11.21 04:37:41.117,1.56755,1.5679,1.73,1.73
2012.11.21 04:37:43.302,1.56755,1.5679,1.73,2.11
2012.11.21 04:37:43.617,1.56748,1.56783,1.73,1.73
2012.11.21 04:37:43.738,1.56748,1.56783,1.73,1.73
2012.11.21 04:37:45.818,1.56748,1.56783,1.73,1.73
2012.11.21 04:37:45.942,1.56741,1.56777,1.73,1.73
2012.11.21 04:37:46.940,1.56741,1.56772,1.50,1.50
2012.11.21 04:37:47.058,1.56732,1.56766,1.73,1.73
2012.11.21 04:37:47.118,1.56731,1.56766,1.73,1.73
2012.11.21 04:37:47.179,1.56731,1.56766,1.73,1.73
2012.11.21 04:37:48.027,1.56731,1.56766,1.73,1.73
2012.11.21 04:37:49.778,1.56724,1.5676,2.29,1.73
2012.11.21 04:37:49.900,1.56724,1.5676,1.73,1.73
2012.11.21 04:37:50.077,1.56724,1.56758,1.73,2.13
2012.11.21 04:37:50.197,1.56724,1.5676,1.73,1.73
2012.11.21 04:37:50.318,1.56724,1.5676,1.73,1.73
2012.11.21 04:37:50.588,1.56725,1.5676,1.59,1.73
2012.11.21 04:37:52.317,1.56731,1.56766,1.73,1.73
2012.11.21 04:37:52.441,1.56731,1.56766,1.73,2.48
2012.11.21 04:37:56.558,1.56727,1.56759,1.73,1.73
2012.11.21 04:37:56.678,1.56727,1.56759,1.50,2.07
2012.11.21 04:37:56.739,1.56724,1.56758,1.73,1.73
2012.11.21 04:37:57.108,1.56718,1.56752,1.73,1.73
2012.11.21 04:37:58.268,1.56718,1.56752,1.73,1.73
2012.11.21 04:38:06.032,1.56718,1.56752,1.73,1.73
2012.11.21 04:38:06.818,1.56718,1.56752,2.48,1.73
2012.11.21 04:38:07.180,1.56725,1.56759,1.73,1.73
2012.11.21 04:38:07.373,1.56725,1.56759,1.73,1.73
2012.11.21 04:38:09.368,1.56725,1.56759,1.73,1.73
2012.11.21 04:38:09.607,1.56717,1.56755,1.73,1.73
2012.11.21 04:38:10.016,1.56717,1.56752,1.73,1.73
2012.11.21 04:38:10.125,1.56717,1.56752,1.73,1.73
2012.11.21 04:38:10.638,1.56717,1.56752,2.09,1.50
2012.11.21 04:38:10.997,1.56721,1.56752,1.20,1.50
2012.11.21 04:38:11.237,1.56725,1.5676,1.73,1.73
2012.11.21 04:38:11.414,1.56725,1.5676,1.73,1.73
2012.11.21 04:38:13.310,1.56725,1.5676,1.73,1.73
2012.11.21 04:38:13.367,1.56725,1.5676,1.73,1.73
2012.11.21 04:38:13.428,1.56725,1.5676,1.73,1.73
2012.11.21 04:38:13.669,1.56725,1.5676,1.73,1.73
2012.11.21 04:38:13.868,1.56725,1.5676,1.73,1.73
2012.11.21 04:38:15.317,1.56725,1.5676,1.73,1.73
2012.11.21 04:38:15.627,1.56725,1.5676,2.18,1.73
2012.11.21 04:38:16.017,1.56725,1.5676,2.18,1.73
2012.11.21 04:38:16.197,1.56725,1.5676,1.73,3.13
2012.11.21 04:38:16.822,1.56725,1.5676,1.73,2.48
2012.11.21 04:38:18.958,1.56725,1.5676,1.73,2.48
2012.11.21 04:38:19.018,1.56725,1.5676,1.73,2.48
2012.11.21 04:38:21.291,1.56725,1.5676,1.73,1.73
2012.11.21 04:38:25.198,1.56727,1.5676,1.73,1.73
2012.11.21 04:38:25.557,1.56732,1.56765,1.50,1.29
2012.11.21 04:38:28.258,1.56732,1.56762,1.50,1.34
2012.11.21 04:38:28.317,1.56727,1.56761,2.48,1.73
2012.11.21 04:38:28.438,1.56727,1.56761,1.73,1.73
2012.11.21 04:38:31.128,1.56727,1.56758,1.50,1.61
2012.11.21 04:38:31.188,1.56727,1.56761,1.73,2.48
2012.11.21 04:38:31.307,1.56727,1.56761,1.73,2.48
2012.11.21 04:38:31.667,1.56727,1.56761,1.73,2.48
2012.11.21 04:38:32.600,1.56727,1.5676,2.48,1.73
2012.11.21 04:38:33.158,1.56727,1.56761,2.48,2.48
2012.11.21 04:38:33.518,1.56727,1.56758,1.50,1.56
2012.11.21 04:38:33.579,1.56727,1.56761,1.73,1.73
2012.11.21 04:38:34.098,1.56727,1.56761,2.48,1.73
2012.11.21 04:38:35.817,1.56727,1.56761,1.73,1.73
2012.11.21 04:38:35.878,1.56727,1.56759,1.50,1.47
2012.11.21 04:38:38.339,1.56727,1.5676,1.50,1.59
2012.11.21 04:38:38.399,1.56727,1.56761,1.73,1.73
2012.11.21 04:38:38.460,1.56727,1.56761,2.48,1.73
2012.11.21 04:38:38.518,1.56727,1.56761,2.48,1.73
2012.11.21 04:38:38.817,1.56727,1.56761,2.48,1.73
2012.11.21 04:38:39.927,1.56727,1.56762,2.48,1.73
2012.11.21 04:38:41.968,1.56727,1.56761,1.73,1.73
2012.11.21 04:38:47.767,1.56727,1.56761,1.73,1.73
2012.11.21 04:38:48.168,1.56727,1.5676,1.73,1.27
2012.11.21 04:38:48.628,1.56723,1.56758,1.73,1.73
2012.11.21 04:38:49.157,1.56723,1.56757,1.50,2.18
2012.11.21 04:38:51.768,1.56723,1.56758,2.34,1.73
2012.11.21 04:38:58.438,1.56723,1.56758,1.73,1.73
2012.11.21 04:38:58.797,1.56723,1.56758,1.73,1.73
2012.11.21 04:39:00.007,1.56723,1.56758,1.73,1.73
2012.11.21 04:39:00.728,1.56723,1.56756,1.73,1.95
2012.11.21 04:39:08.449,1.56723,1.56755,1.73,1.73
2012.11.21 04:39:14.238,1.56723,1.56756,1.61,1.73
2012.11.21 04:39:14.519,1.56722,1.56756,1.73,1.73
2012.11.21 04:39:14.638,1.56722,1.56756,1.73,1.73
2012.11.21 04:39:14.818,1.56725,1.56756,1.29,1.50
2012.11.21 04:39:14.998,1.56722,1.56756,2.07,1.50
2012.11.21 04:39:18.087,1.56729,1.56763,1.73,1.73
2012.11.21 04:39:28.330,1.56729,1.56763,1.73,1.73
2012.11.21 04:39:28.528,1.56729,1.56763,1.73,1.73
2012.11.21 04:39:28.769,1.56737,1.56769,1.29,1.50
2012.11.21 04:39:29.978,1.56738,1.56769,1.50,1.50
2012.11.21 04:39:31.028,1.56735,1.56769,2.11,1.73
2012.11.21 04:39:31.488,1.56735,1.56769,1.73,1.73
2012.11.21 04:39:31.548,1.56735,1.56769,1.73,1.73
2012.11.21 04:39:31.898,1.56735,1.56769,2.09,1.73
2012.11.21 04:39:32.018,1.56735,1.56769,2.09,1.73
2012.11.21 04:39:38.737,1.56735,1.56769,1.73,1.73
2012.11.21 04:39:39.098,1.56738,1.56769,1.34,1.50
2012.11.21 04:39:42.848,1.56735,1.56769,1.73,1.73
2012.11.21 04:39:43.159,1.56735,1.56769,1.73,2.48
2012.11.21 04:39:43.218,1.56735,1.56769,1.73,2.48
2012.11.21 04:39:45.010,1.56735,1.56769,1.73,2.48
2012.11.21 04:39:45.501,1.56735,1.56769,1.73,2.48
2012.11.21 04:39:52.748,1.56738,1.56769,1.38,1.50
2012.11.21 04:39:53.048,1.56735,1.56769,1.73,1.73
2012.11.21 04:40:07.319,1.56735,1.56769,1.73,1.73
2012.11.21 04:40:07.378,1.56735,1.56769,1.73,1.73
2012.11.21 04:40:08.018,1.56735,1.56768,1.73,1.38
2012.11.21 04:40:08.918,1.56731,1.56767,1.73,1.73
2012.11.21 04:40:11.638,1.56731,1.56767,1.73,1.73
2012.11.21 04:40:11.898,1.56731,1.56767,1.73,1.73
2012.11.21 04:40:13.669,1.56731,1.56767,1.73,1.73
2012.11.21 04:40:14.038,1.56731,1.56765,1.73,1.73
2012.11.21 04:40:16.688,1.56731,1.56767,1.73,1.73
2012.11.21 04:40:35.898,1.56733,1.56767,1.73,1.73
2012.11.21 04:40:36.018,1.56733,1.56767,1.73,1.73
2012.11.21 04:40:36.338,1.56735,1.56767,1.23,1.50
2012.11.21 04:40:37.028,1.56735,1.56769,1.98,1.73
2012.11.21 04:40:37.808,1.56739,1.56775,1.73,2.48
2012.11.21 04:40:37.928,1.56739,1.56775,1.73,2.48
2012.11.21 04:40:38.197,1.56739,1.56775,1.73,1.73
2012.11.21 04:40:45.018,1.56739,1.56773,1.73,1.73
2012.11.21 04:40:45.387,1.56741,1.56773,1.23,1.50
2012.11.21 04:41:03.968,1.56744,1.56774,1.73,1.50
2012.11.21 04:41:04.269,1.56747,1.56778,1.32,1.50
2012.11.21 04:41:04.388,1.56747,1.56782,2.04,1.50
2012.11.21 04:41:04.568,1.56753,1.56783,1.29,1.50
2012.11.21 04:41:12.158,1.56747,1.56777,1.29,1.50
2012.11.21 04:41:12.219,1.56742,1.56777,1.73,1.73
2012.11.21 04:41:12.520,1.56741,1.56772,1.73,1.73
2012.11.21 04:41:12.640,1.56741,1.56773,1.73,1.73
2012.11.21 04:41:12.699,1.5675,1.56777,1.50,2.29
2012.11.21 04:41:12.759,1.5675,1.56777,1.73,1.73
2012.11.21 04:41:13.057,1.5675,1.56783,1.73,2.48
2012.11.21 04:41:13.447,1.5675,1.56783,1.73,2.48
2012.11.21 04:41:14.892,1.5675,1.56783,1.73,2.48
2012.11.21 04:41:18.718,1.5675,1.56778,1.73,1.50
2012.11.21 04:41:18.778,1.5675,1.56777,1.73,1.73
2012.11.21 04:41:19.400,1.5675,1.56774,1.73,1.50
2012.11.21 04:41:19.521,1.5675,1.56774,1.73,1.50
2012.11.21 04:41:23.749,1.5675,1.56774,1.73,1.50
2012.11.21 04:41:23.987,1.56741,1.56774,2.02,1.50
2012.11.21 04:41:24.048,1.56741,1.56774,1.73,1.73
2012.11.21 04:41:24.621,1.56741,1.56774,1.73,1.73
2012.11.21 04:41:25.359,1.56744,1.56774,1.73,1.73
2012.11.21 04:41:25.418,1.56748,1.56774,1.50,1.73
2012.11.21 04:41:25.947,1.56748,1.56774,1.50,1.73
2012.11.21 04:41:26.547,1.56748,1.56774,1.50,1.73
2012.11.21 04:41:29.120,1.56748,1.56774,1.50,1.73
2012.11.21 04:41:31.099,1.56748,1.56774,1.50,1.73
2012.11.21 04:41:42.259,1.56748,1.56774,1.50,1.73
2012.11.21 04:41:42.378,1.56741,1.56774,1.73,1.73
2012.11.21 04:41:43.138,1.56743,1.56773,1.50,1.73
2012.11.21 04:41:43.261,1.56743,1.56777,1.73,2.48
2012.11.21 04:41:43.378,1.56741,1.56777,1.73,2.48
2012.11.21 04:41:43.558,1.56741,1.5677,1.73,1.73
2012.11.21 04:41:43.678,1.56741,1.56769,1.50,1.36
2012.11.21 04:41:43.798,1.56741,1.56776,1.73,1.73
2012.11.21 04:41:44.098,1.56741,1.56776,1.73,1.73
2012.11.21 04:41:49.972,1.56741,1.56777,1.73,2.48
2012.11.21 04:41:52.439,1.56741,1.56777,1.73,2.48
2012.11.21 04:42:04.898,1.56741,1.56776,1.73,1.73
2012.11.21 04:42:05.018,1.56741,1.56772,1.50,1.45
2012.11.21 04:42:05.588,1.56741,1.56775,1.73,1.36
2012.11.21 04:42:05.909,1.56741,1.56776,1.73,1.73
2012.11.21 04:42:06.168,1.56741,1.56776,1.73,2.48
2012.11.21 04:42:08.668,1.56741,1.56776,1.73,2.75
2012.11.21 04:42:08.879,1.56741,1.56776,1.73,2.48
2012.11.21 04:42:10.488,1.56748,1.56781,1.73,1.73
2012.11.21 04:42:10.730,1.56748,1.56783,2.31,2.48
2012.11.21 04:42:10.849,1.56748,1.56783,1.73,1.73
2012.11.21 04:42:11.048,1.56748,1.56783,1.73,1.73
2012.11.21 04:42:11.564,1.56748,1.56783,1.73,2.48
2012.11.21 04:42:12.959,1.56748,1.56781,1.73,1.50
2012.11.21 04:42:18.768,1.56748,1.56783,1.73,1.73
2012.11.21 04:42:19.069,1.56748,1.56783,1.73,1.73
2012.11.21 04:42:19.188,1.56748,1.56783,1.73,1.73
2012.11.21 04:42:19.429,1.56748,1.56783,1.73,1.73
2012.11.21 04:42:23.610,1.56748,1.56783,1.73,1.73
2012.11.21 04:42:23.787,1.56751,1.56786,1.54,1.73
2012.11.21 04:42:30.008,1.56756,1.5679,1.73,1.73
2012.11.21 04:42:30.368,1.56758,1.56798,1.73,1.73
2012.11.21 04:42:30.428,1.56762,1.56798,1.73,1.73
2012.11.21 04:42:30.488,1.56762,1.56798,1.73,1.73
2012.11.21 04:42:30.894,1.56763,1.56798,1.45,1.73
2012.11.21 04:42:31.018,1.56762,1.56798,1.73,1.73
2012.11.21 04:42:35.238,1.56768,1.56803,1.73,1.73
2012.11.21 04:42:35.859,1.56768,1.56803,1.73,1.73
2012.11.21 04:42:36.338,1.56768,1.56803,1.73,1.73
2012.11.21 04:42:46.718,1.56768,1.56804,1.73,1.73
2012.11.21 04:42:47.019,1.56768,1.56802,1.73,1.73
2012.11.21 04:42:47.540,1.56768,1.56802,1.73,1.73
2012.11.21 04:42:49.686,1.56768,1.568,1.50,1.43
2012.11.21 04:42:49.987,1.56768,1.56798,1.50,1.73
2012.11.21 04:42:50.108,1.56761,1.56794,1.73,1.73
2012.11.21 04:42:50.168,1.56761,1.56794,1.73,1.73
2012.11.21 04:42:50.288,1.56763,1.56794,1.73,1.73
2012.11.21 04:42:50.348,1.56768,1.56802,1.73,1.73
2012.11.21 04:42:50.469,1.56768,1.56802,1.73,2.48
2012.11.21 04:42:50.844,1.56768,1.56798,1.50,1.50
2012.11.21 04:42:50.908,1.56768,1.568,1.50,1.43
2012.11.21 04:42:51.108,1.56768,1.56802,1.73,1.73
2012.11.21 04:42:52.120,1.56768,1.56802,1.73,1.73
2012.11.21 04:42:52.709,1.56767,1.56789,1.50,1.61
2012.11.21 04:42:52.768,1.56756,1.56789,1.50,1.61
2012.11.21 04:42:52.830,1.56754,1.56789,1.50,1.61
2012.11.21 04:42:53.308,1.56754,1.56783,1.50,1.52
2012.11.21 04:42:53.369,1.56756,1.56784,1.50,1.52
2012.11.21 04:42:53.427,1.56756,1.5679,2.16,1.50
2012.11.21 04:42:53.491,1.56756,1.5679,2.16,1.50
2012.11.21 04:42:53.618,1.56756,1.5679,2.16,1.50
2012.11.21 04:42:53.919,1.5675,1.56782,1.78,1.50
2012.11.21 04:42:53.979,1.5675,1.56782,1.88,1.32
2012.11.21 04:42:54.101,1.5675,1.56785,1.85,1.73
2012.11.21 04:42:54.159,1.5675,1.56782,1.85,1.50
2012.11.21 04:42:54.518,1.56747,1.56775,1.50,1.52
2012.11.21 04:42:56.359,1.56747,1.56776,1.50,1.52
2012.11.21 04:42:56.538,1.5675,1.56784,1.23,1.50
2012.11.21 04:42:58.899,1.5675,1.56782,1.23,1.50
2012.11.21 04:42:59.079,1.56747,1.56782,1.73,1.73
2012.11.21 04:43:00.828,1.56747,1.56781,1.73,1.73
2012.11.21 04:43:01.188,1.56748,1.56783,1.20,1.73
2012.11.21 04:43:06.259,1.56754,1.56786,1.73,1.50
2012.11.21 04:43:06.698,1.56754,1.56792,1.73,1.73
2012.11.21 04:43:07.178,1.56754,1.5679,1.73,1.73
2012.11.21 04:43:13.448,1.56754,1.56792,1.73,1.73
2012.11.21 04:43:14.458,1.56754,1.5679,1.73,1.73
2012.11.21 04:43:15.014,1.56754,1.5679,1.73,2.48
2012.11.21 04:43:21.598,1.56754,1.56789,1.73,1.73
2012.11.21 04:43:32.050,1.56753,1.56787,1.73,1.73
2012.11.21 04:43:32.228,1.56753,1.56787,1.73,1.73
2012.11.21 04:43:32.288,1.56753,1.56787,1.73,1.73
2012.11.21 04:43:32.648,1.56753,1.56787,1.73,1.73
2012.11.21 04:43:35.018,1.56753,1.56781,1.73,3.15
2012.11.21 04:43:36.658,1.56753,1.56784,1.73,1.73
2012.11.21 04:43:37.200,1.56753,1.56784,1.73,1.73
2012.11.21 04:43:37.509,1.56753,1.56778,1.73,1.73
2012.11.21 04:43:39.508,1.56753,1.56775,1.50,1.73
2012.11.21 04:43:39.748,1.56746,1.56773,1.73,1.73
2012.11.21 04:43:40.299,1.56746,1.56773,1.73,1.73
2012.11.21 04:43:40.902,1.56746,1.56773,1.73,1.73
2012.11.21 04:43:40.970,1.56746,1.56773,1.73,1.50
2012.11.21 04:43:41.090,1.56746,1.56775,1.73,1.73
2012.11.21 04:43:41.328,1.56747,1.56775,1.73,1.73
2012.11.21 04:43:41.785,1.56753,1.56775,1.50,1.73
2012.11.21 04:43:42.098,1.56744,1.56773,1.73,1.73
2012.11.21 04:43:42.758,1.56744,1.56773,1.73,1.73
2012.11.21 04:43:43.218,1.56746,1.56773,1.73,1.73
2012.11.21 04:43:43.620,1.56752,1.56776,1.73,1.50
2012.11.21 04:43:44.439,1.56752,1.56783,1.73,1.73
2012.11.21 04:43:44.932,1.56752,1.5678,1.73,2.10
2012.11.21 04:43:45.258,1.56752,1.56783,1.73,1.73
2012.11.21 04:43:46.528,1.56752,1.56774,1.73,1.50
2012.11.21 04:43:47.139,1.56752,1.56774,1.50,1.50
2012.11.21 04:43:59.540,1.56747,1.56774,1.73,1.50
2012.11.21 04:43:59.640,1.56746,1.56774,1.73,1.50
2012.11.21 04:44:06.535,1.56746,1.56773,1.73,1.50
2012.11.21 04:44:07.520,1.56746,1.56773,1.73,1.50
2012.11.21 04:44:09.198,1.56747,1.5678,1.73,1.73
2012.11.21 04:44:09.438,1.56747,1.5678,1.73,1.73
2012.11.21 04:44:12.489,1.56746,1.56774,1.73,1.50
2012.11.21 04:44:13.809,1.56747,1.5678,1.73,1.73
2012.11.21 04:44:14.905,1.56747,1.56775,1.73,2.48
2012.11.21 04:44:17.868,1.56746,1.5678,1.73,1.73
2012.11.21 04:44:18.048,1.56747,1.56781,1.61,1.50
2012.11.21 04:44:18.168,1.56753,1.56787,1.35,2.48
2012.11.21 04:44:18.232,1.56754,1.56787,1.03,2.25
2012.11.21 04:44:22.509,1.56759,1.56793,1.73,2.48
2012.11.21 04:44:24.708,1.56759,1.56785,1.73,1.50
2012.11.21 04:44:24.948,1.56759,1.56784,1.73,1.50
2012.11.21 04:44:25.139,1.56759,1.56784,1.73,1.50
2012.11.21 04:44:25.338,1.56759,1.56784,1.73,1.50
2012.11.21 04:44:29.079,1.56762,1.56792,1.59,1.80
2012.11.21 04:44:29.139,1.56762,1.56793,1.59,1.50
2012.11.21 04:44:29.259,1.56765,1.56795,1.38,1.50
2012.11.21 04:44:29.318,1.56766,1.568,1.73,1.73
2012.11.21 04:44:29.499,1.56766,1.568,2.48,1.73
2012.11.21 04:44:29.619,1.56768,1.568,1.23,1.50
2012.11.21 04:44:32.098,1.56768,1.568,1.23,1.50
2012.11.21 04:44:32.159,1.56766,1.568,2.48,1.73
2012.11.21 04:44:32.339,1.56766,1.568,1.73,1.73
2012.11.21 04:44:32.891,1.56766,1.568,1.73,1.73
2012.11.21 04:44:33.888,1.56766,1.56794,1.73,1.50
2012.11.21 04:44:34.008,1.56766,1.56789,1.50,1.73
2012.11.21 04:44:34.187,1.56758,1.56789,1.73,1.73
2012.11.21 04:44:34.982,1.56758,1.56784,1.73,1.50
2012.11.21 04:44:35.688,1.56758,1.56787,1.73,1.73
2012.11.21 04:44:44.928,1.56758,1.56784,1.73,1.50
2012.11.21 04:44:49.068,1.56758,1.56789,1.73,1.88
2012.11.21 04:44:49.128,1.56758,1.56794,1.73,2.48
2012.11.21 04:44:49.754,1.56765,1.56794,1.73,1.73
2012.11.21 04:44:51.290,1.56765,1.56794,1.73,1.73
2012.11.21 04:44:51.800,1.56765,1.56794,1.73,1.73
2012.11.21 04:45:04.809,1.56765,1.56794,1.73,1.73
2012.11.21 04:45:04.929,1.56765,1.56794,1.73,2.48
2012.11.21 04:45:07.609,1.56765,1.56794,1.73,2.25
2012.11.21 04:45:07.669,1.56765,1.56794,1.73,1.50
2012.11.21 04:45:09.120,1.56765,1.56797,1.50,1.73
2012.11.21 04:45:09.250,1.56765,1.56797,1.50,1.73
2012.11.21 04:45:10.110,1.56769,1.56797,1.73,1.73
2012.11.21 04:45:14.958,1.56769,1.56794,1.73,1.50
2012.11.21 04:45:16.889,1.56769,1.56794,1.73,1.50
2012.11.21 04:45:17.948,1.56769,1.56794,1.73,1.50
2012.11.21 04:45:18.008,1.56769,1.56794,1.73,1.73
2012.11.21 04:45:18.468,1.56769,1.56794,1.73,1.73
2012.11.21 04:45:21.144,1.56769,1.56794,1.73,1.73
2012.11.21 04:45:21.678,1.56761,1.56794,1.73,1.73
2012.11.21 04:45:22.582,1.56761,1.56794,1.73,1.73
2012.11.21 04:45:22.761,1.56768,1.56794,1.73,1.50
2012.11.21 04:45:24.899,1.56768,1.56794,1.73,1.50
2012.11.21 04:45:29.728,1.56768,1.56795,1.73,1.73
2012.11.21 04:45:29.789,1.56768,1.56796,1.73,1.50
2012.11.21 04:45:32.558,1.56768,1.56804,1.73,2.48
2012.11.21 04:45:33.068,1.56768,1.56797,1.73,1.50
2012.11.21 04:45:34.030,1.56768,1.56804,1.73,2.48
2012.11.21 04:45:34.135,1.56768,1.56804,1.73,2.48
2012.11.21 04:45:34.949,1.56768,1.56799,1.73,2.85
2012.11.21 04:45:38.910,1.56768,1.56804,1.73,2.48
2012.11.21 04:45:39.939,1.56768,1.56795,1.73,1.50
2012.11.21 04:45:41.501,1.56768,1.56803,1.73,1.73
2012.11.21 04:45:43.518,1.56771,1.56795,1.73,1.50
2012.11.21 04:45:50.529,1.56771,1.56803,1.73,1.73
2012.11.21 04:45:52.175,1.56771,1.56801,1.73,1.73
2012.11.21 04:45:53.491,1.56771,1.56803,1.73,1.73
2012.11.21 04:45:58.498,1.56771,1.568,1.73,1.73
2012.11.21 04:45:59.059,1.56771,1.56803,1.73,1.73
2012.11.21 04:46:04.724,1.56771,1.568,1.73,1.73
2012.11.21 04:46:09.699,1.56771,1.56804,1.73,1.73
2012.11.21 04:46:10.258,1.56774,1.56804,1.73,1.73
2012.11.21 04:46:10.334,1.56778,1.56804,1.73,1.50
2012.11.21 04:46:17.658,1.56778,1.56804,1.73,1.50
2012.11.21 04:46:18.008,1.56778,1.56804,1.73,1.50
2012.11.21 04:46:18.129,1.56778,1.56804,1.73,1.50
2012.11.21 04:46:18.588,1.56778,1.56804,1.73,1.50
2012.11.21 04:46:18.648,1.56778,1.56804,1.73,1.50
2012.11.21 04:46:19.045,1.56778,1.56804,1.73,1.73
2012.11.21 04:46:19.168,1.56778,1.56804,1.73,1.50
2012.11.21 04:46:19.433,1.56778,1.56803,1.73,1.73
2012.11.21 04:46:20.175,1.56771,1.56803,1.73,1.73
2012.11.21 04:46:20.519,1.56771,1.56803,1.73,1.73
2012.11.21 04:46:20.724,1.56771,1.56803,1.73,1.73
2012.11.21 04:46:21.838,1.56771,1.56803,1.73,1.73
2012.11.21 04:46:22.229,1.56771,1.56804,2.34,1.50
2012.11.21 04:46:22.797,1.56772,1.56804,1.50,1.50
2012.11.21 04:46:23.238,1.56771,1.56803,1.73,1.73
2012.11.21 04:46:24.018,1.56771,1.56803,1.73,1.73
2012.11.21 04:46:24.635,1.56771,1.56803,1.73,1.73
2012.11.21 04:46:24.979,1.56772,1.56803,1.25,1.50
2012.11.21 04:46:34.888,1.56771,1.56803,2.13,1.50
2012.11.21 04:46:35.368,1.56771,1.56803,1.73,1.73
2012.11.21 04:46:35.767,1.56772,1.56803,1.63,1.50
2012.11.21 04:46:37.439,1.56771,1.56803,1.65,1.73
2012.11.21 04:46:37.558,1.56771,1.56803,1.96,1.50
2012.11.21 04:46:45.068,1.56773,1.56803,1.73,1.50
2012.11.21 04:46:46.668,1.56774,1.56808,1.73,1.73
2012.11.21 04:46:46.970,1.56782,1.56809,1.45,1.50
2012.11.21 04:46:47.088,1.5678,1.56803,1.73,1.50
2012.11.21 04:46:47.208,1.56778,1.56803,1.35,1.50
2012.11.21 04:46:54.921,1.56774,1.56803,1.73,1.50
2012.11.21 04:47:00.391,1.56774,1.56805,1.73,1.73
2012.11.21 04:47:00.748,1.56774,1.56805,1.73,1.50
2012.11.21 04:47:03.778,1.56774,1.56803,1.73,1.50
2012.11.21 04:47:03.898,1.56774,1.56803,1.73,1.73
2012.11.21 04:47:04.212,1.56774,1.56805,1.73,1.50
2012.11.21 04:47:08.021,1.56772,1.56803,2.12,1.50
2012.11.21 04:47:08.529,1.56781,1.56805,1.73,1.73
2012.11.21 04:47:09.713,1.56776,1.56805,1.73,1.73
2012.11.21 04:47:10.998,1.5678,1.56804,1.50,1.73
2012.11.21 04:47:11.559,1.5678,1.56806,1.73,1.73
2012.11.21 04:47:12.759,1.5678,1.56806,1.73,1.50
2012.11.21 04:47:16.789,1.5678,1.56808,1.73,1.50
2012.11.21 04:47:19.828,1.5678,1.56813,1.73,1.73
2012.11.21 04:47:21.849,1.5678,1.56811,1.73,1.50
2012.11.21 04:47:25.288,1.5678,1.56813,1.73,1.73
2012.11.21 04:47:34.258,1.56781,1.56813,1.73,1.50
2012.11.21 04:47:34.438,1.56781,1.56814,1.73,1.50
2012.11.21 04:47:34.908,1.56781,1.56813,1.73,1.50
2012.11.21 04:47:35.919,1.56781,1.56813,1.73,1.73
2012.11.21 04:47:35.980,1.56781,1.56813,1.73,1.73
2012.11.21 04:47:40.586,1.56781,1.56813,1.73,1.73
2012.11.21 04:47:41.128,1.56788,1.56814,1.73,1.73
2012.11.21 04:47:41.189,1.56788,1.56814,1.73,1.50
2012.11.21 04:47:41.309,1.56788,1.56814,1.73,1.50
2012.11.21 04:47:42.228,1.56788,1.56813,1.73,1.50
2012.11.21 04:47:42.480,1.56788,1.56813,1.73,1.50
2012.11.21 04:47:42.660,1.5678,1.56813,1.73,1.73
2012.11.21 04:47:44.999,1.56787,1.56816,1.59,1.50
2012.11.21 04:47:45.548,1.56796,1.56824,1.73,1.73
2012.11.21 04:47:45.769,1.56796,1.56824,1.73,1.50
2012.11.21 04:47:46.266,1.56796,1.56824,1.73,1.50
2012.11.21 04:47:48.131,1.56796,1.56823,1.73,1.95
2012.11.21 04:47:48.308,1.56788,1.56818,1.50,2.55
2012.11.21 04:47:48.788,1.56787,1.56808,1.50,1.73
2012.11.21 04:47:49.338,1.56779,1.56808,1.73,1.73
2012.11.21 04:47:51.379,1.56779,1.56806,1.73,1.73
2012.11.21 04:47:51.499,1.56779,1.56806,1.73,1.73
2012.11.21 04:47:56.721,1.56772,1.568,1.73,1.50
2012.11.21 04:48:03.369,1.56771,1.56793,1.73,1.50
2012.11.21 04:48:03.495,1.56771,1.56793,1.73,1.50
2012.11.21 04:48:03.619,1.56771,1.56795,1.73,1.50
2012.11.21 04:48:03.929,1.56771,1.568,1.73,1.50
2012.11.21 04:48:10.979,1.56771,1.56806,1.73,2.48
2012.11.21 04:48:15.378,1.56771,1.56797,1.50,1.13
2012.11.21 04:48:15.498,1.56759,1.56793,2.00,1.73
2012.11.21 04:48:15.698,1.56768,1.56796,1.34,1.50
2012.11.21 04:48:17.239,1.56769,1.56801,1.45,1.50
2012.11.21 04:48:17.299,1.56769,1.56803,1.45,1.50
2012.11.21 04:48:23.299,1.56769,1.56801,1.45,1.50
2012.11.21 04:48:24.629,1.56769,1.56801,1.54,1.50
2012.11.21 04:48:28.858,1.56766,1.56801,2.48,1.73
2012.11.21 04:48:29.339,1.56768,1.56801,1.20,1.50
2012.11.21 04:48:30.958,1.56766,1.56801,2.48,1.73
2012.11.21 04:48:31.078,1.56768,1.56801,1.61,1.50
2012.11.21 04:48:41.549,1.56769,1.56803,1.73,1.73
2012.11.21 04:48:42.259,1.56769,1.56802,2.09,1.73
2012.11.21 04:49:01.658,1.56766,1.56802,2.48,1.73
2012.11.21 04:49:01.798,1.56768,1.56802,1.32,1.50
2012.11.21 04:49:03.850,1.56766,1.56801,2.48,1.73
2012.11.21 04:49:11.999,1.56766,1.56799,2.48,1.73
2012.11.21 04:49:12.729,1.56768,1.56802,1.27,1.73
2012.11.21 04:49:15.658,1.56766,1.56802,2.48,1.73
2012.11.21 04:49:15.788,1.56768,1.56802,1.61,1.73
2012.11.21 04:49:17.549,1.56771,1.56804,1.73,2.48
2012.11.21 04:49:17.791,1.56774,1.56804,1.27,1.50
2012.11.21 04:49:17.909,1.56776,1.56805,1.73,1.50
2012.11.21 04:49:30.379,1.56776,1.56804,1.73,1.73
2012.11.21 04:49:32.163,1.56774,1.56803,1.73,1.73
2012.11.21 04:49:35.029,1.56774,1.56806,1.73,1.73
2012.11.21 04:49:39.149,1.56774,1.56806,1.73,1.73
2012.11.21 04:49:39.208,1.56774,1.56808,2.23,2.25
2012.11.21 04:49:41.815,1.56772,1.56808,1.73,2.48
2012.11.21 04:49:42.690,1.56772,1.56805,1.73,1.73
2012.11.21 04:49:44.389,1.56772,1.56803,1.73,1.73
2012.11.21 04:49:45.349,1.56772,1.56804,1.65,1.73
2012.11.21 04:49:46.887,1.56772,1.56804,1.73,1.73
2012.11.21 04:49:56.031,1.56772,1.56799,1.73,1.50
2012.11.21 04:50:01.539,1.56771,1.56802,1.73,1.73
2012.11.21 04:50:02.432,1.56771,1.568,1.73,1.73
2012.11.21 04:50:03.001,1.56771,1.568,1.73,1.73
2012.11.21 04:50:07.999,1.56771,1.56798,1.73,1.73
2012.11.21 04:50:09.998,1.56771,1.56802,1.73,1.73
2012.11.21 04:50:10.118,1.56771,1.56802,1.73,1.73
2012.11.21 04:50:11.241,1.56773,1.56803,1.73,1.73
2012.11.21 04:50:11.420,1.56773,1.56805,1.73,1.73
2012.11.21 04:50:11.720,1.56773,1.56804,1.73,1.73
2012.11.21 04:50:12.258,1.56773,1.56805,1.73,1.73
2012.11.21 04:50:12.318,1.56773,1.56805,1.73,1.73
2012.11.21 04:50:12.843,1.56773,1.56803,1.73,1.73
2012.11.21 04:50:13.198,1.56771,1.56801,1.73,1.73
2012.11.21 04:50:13.501,1.56765,1.568,1.56,1.73
2012.11.21 04:50:15.680,1.56764,1.568,2.22,1.73
2012.11.21 04:50:16.672,1.56765,1.568,1.35,1.73
2012.11.21 04:50:21.309,1.56766,1.568,1.73,2.48
2012.11.21 04:50:25.929,1.56766,1.56794,1.65,1.50
2012.11.21 04:50:26.108,1.56763,1.56794,1.14,3.00
2012.11.21 04:50:26.348,1.56766,1.56796,1.65,1.73
2012.11.21 04:50:27.090,1.56766,1.56796,1.73,1.50
2012.11.21 04:50:27.958,1.56767,1.56802,2.48,1.73
2012.11.21 04:50:28.019,1.56772,1.56803,2.19,1.50
2012.11.21 04:50:29.730,1.5678,1.56803,1.73,1.50
2012.11.21 04:50:30.118,1.5678,1.56805,1.73,1.50
2012.11.21 04:50:35.580,1.5678,1.56813,1.73,1.35
2012.11.21 04:50:36.118,1.5678,1.56813,1.73,1.35
2012.11.21 04:50:40.030,1.5678,1.56804,1.73,1.50
2012.11.21 04:50:47.329,1.56777,1.56806,1.73,1.50
2012.11.21 04:50:47.448,1.56777,1.56811,1.73,1.73
2012.11.21 04:50:47.509,1.56778,1.56811,1.46,1.50
2012.11.21 04:50:51.800,1.56778,1.56809,1.46,2.25
2012.11.21 04:50:52.120,1.56778,1.56799,1.46,1.50
2012.11.21 04:50:52.238,1.56769,1.56799,1.38,1.50
2012.11.21 04:50:58.240,1.56768,1.56802,1.73,1.73
2012.11.21 04:51:12.650,1.56768,1.56794,1.73,1.50
2012.11.21 04:51:12.709,1.56768,1.56794,1.50,1.73
2012.11.21 04:51:21.118,1.56761,1.56794,1.73,1.73
2012.11.21 04:51:46.835,1.56761,1.5679,1.73,1.73
2012.11.21 04:51:49.680,1.56761,1.5679,1.73,1.73
2012.11.21 04:51:50.057,1.56756,1.56785,1.73,1.73
2012.11.21 04:51:50.713,1.56756,1.56785,1.65,1.73
2012.11.21 04:51:51.820,1.56756,1.56785,1.73,1.73
2012.11.21 04:51:56.310,1.56756,1.5679,1.73,1.73
2012.11.21 04:51:56.799,1.56748,1.56783,1.73,1.73
2012.11.21 04:51:57.039,1.56748,1.56777,1.50,2.36
2012.11.21 04:52:00.340,1.5674,1.56775,1.73,1.73
2012.11.21 04:52:00.399,1.5674,1.56775,1.73,1.73
2012.11.21 04:52:00.759,1.56747,1.56782,2.98,1.73
2012.11.21 04:52:01.199,1.5675,1.56783,1.73,1.50
2012.11.21 04:52:02.179,1.56749,1.56784,1.73,2.48
2012.11.21 04:52:02.659,1.56758,1.56784,1.50,1.73
2012.11.21 04:52:06.638,1.56751,1.56783,1.73,1.73
2012.11.21 04:52:10.109,1.56751,1.56783,1.73,1.73
2012.11.21 04:52:10.580,1.56751,1.56784,1.73,1.73
2012.11.21 04:52:14.899,1.56751,1.56782,1.73,1.73
2012.11.21 04:52:15.019,1.56754,1.56782,1.73,1.73
2012.11.21 04:52:15.081,1.56752,1.56782,1.73,1.73
2012.11.21 04:52:15.259,1.56752,1.56782,1.73,1.50
2012.11.21 04:52:15.549,1.56752,1.56786,1.73,1.73
2012.11.21 04:52:18.639,1.5676,1.56783,1.50,1.73
2012.11.21 04:52:18.760,1.5675,1.56783,2.27,1.73
2012.11.21 04:52:19.633,1.5675,1.56784,1.73,1.73
2012.11.21 04:52:21.529,1.56752,1.56784,1.73,1.73
2012.11.21 04:52:21.708,1.56754,1.56785,1.50,1.73
2012.11.21 04:52:21.829,1.56747,1.56781,2.10,1.73
2012.11.21 04:52:24.009,1.56753,1.56785,1.73,1.73
2012.11.21 04:52:24.250,1.56747,1.56782,2.10,1.73
2012.11.21 04:52:24.429,1.56746,1.56782,1.95,1.73
2012.11.21 04:52:24.609,1.56746,1.5678,1.73,1.25
2012.11.21 04:52:25.069,1.56746,1.56778,1.50,2.09
2012.11.21 04:52:27.039,1.56748,1.56778,1.50,2.09
2012.11.21 04:52:27.158,1.56744,1.56778,1.73,2.09
2012.11.21 04:52:28.868,1.56744,1.56778,1.73,2.11
2012.11.21 04:52:29.978,1.56746,1.56778,1.50,1.36
2012.11.21 04:52:30.300,1.56747,1.56778,1.50,1.36
2012.11.21 04:52:30.359,1.56747,1.56779,1.73,1.73
2012.11.21 04:52:32.464,1.56749,1.56779,1.50,1.73
2012.11.21 04:52:32.708,1.56743,1.56778,1.73,2.29
2012.11.21 04:52:34.039,1.56743,1.56778,1.73,1.73
2012.11.21 04:52:34.099,1.56743,1.56778,1.73,1.73
2012.11.21 04:52:34.158,1.56743,1.56779,1.73,2.48
2012.11.21 04:52:34.219,1.56747,1.56779,1.50,2.48
2012.11.21 04:52:34.338,1.56744,1.56779,1.73,2.48
2012.11.21 04:52:39.391,1.56747,1.56779,1.50,2.48
2012.11.21 04:52:39.831,1.56753,1.56779,1.50,1.73
2012.11.21 04:52:40.069,1.56767,1.56797,1.73,1.50
2012.11.21 04:52:40.308,1.56765,1.56794,1.73,1.73
2012.11.21 04:52:40.368,1.56765,1.56794,1.73,1.73
2012.11.21 04:52:40.489,1.56754,1.56788,1.73,1.73
2012.11.21 04:52:42.813,1.56754,1.56786,1.73,1.73
2012.11.21 04:52:45.439,1.56754,1.56786,1.73,1.73
2012.11.21 04:52:45.909,1.56754,1.56784,1.50,1.73
2012.11.21 04:52:45.969,1.5675,1.56784,1.73,2.48
2012.11.21 04:52:46.509,1.56747,1.56784,1.73,3.23
2012.11.21 04:52:48.849,1.56747,1.56784,1.73,3.23
2012.11.21 04:52:49.849,1.56747,1.56784,1.73,1.73
2012.11.21 04:52:54.639,1.56747,1.56784,1.73,1.73
2012.11.21 04:52:54.981,1.56747,1.56784,1.73,1.73
2012.11.21 04:52:56.029,1.56747,1.56784,2.36,1.73
2012.11.21 04:52:56.479,1.56749,1.56784,1.56,1.73
2012.11.21 04:52:57.469,1.56747,1.56784,1.73,1.73
2012.11.21 04:53:07.800,1.56749,1.56784,1.36,1.73
2012.11.21 04:53:09.129,1.56747,1.56784,2.44,1.73
2012.11.21 04:53:09.489,1.5675,1.56784,1.23,1.73
2012.11.21 04:53:10.259,1.5675,1.56785,1.23,1.73
2012.11.21 04:53:10.439,1.56747,1.56782,2.85,1.73
2012.11.21 04:53:12.480,1.56747,1.56783,2.85,2.48
2012.11.21 04:53:12.653,1.5675,1.56783,1.73,1.73
2012.11.21 04:53:12.716,1.56748,1.56783,1.73,1.73
2012.11.21 04:53:18.869,1.56747,1.56779,1.35,1.73
2012.11.21 04:53:19.173,1.56742,1.56776,1.73,1.73
2012.11.21 04:53:19.239,1.56742,1.56776,1.73,1.73
2012.11.21 04:53:27.568,1.56742,1.56776,1.73,1.73
2012.11.21 04:53:30.790,1.56742,1.56773,1.73,1.73
2012.11.21 04:53:31.029,1.56735,1.5677,1.73,1.73
2012.11.21 04:53:31.089,1.56742,1.56776,1.50,1.36
2012.11.21 04:53:31.449,1.56742,1.56777,1.73,1.73
2012.11.21 04:53:32.000,1.56742,1.56777,1.73,1.73
2012.11.21 04:53:40.170,1.56744,1.56777,1.29,1.73
2012.11.21 04:53:40.290,1.56742,1.56777,1.73,1.73
2012.11.21 04:53:45.379,1.56744,1.56777,1.45,1.73
2012.11.21 04:53:45.809,1.56742,1.56777,1.73,1.73
2012.11.21 04:53:54.365,1.56738,1.56772,1.50,1.50
2012.11.21 04:53:54.549,1.56733,1.56764,1.50,1.43
2012.11.21 04:53:54.729,1.5673,1.56764,1.73,1.43
2012.11.21 04:53:57.939,1.56729,1.56758,1.35,1.73
2012.11.21 04:54:05.699,1.56723,1.56758,1.73,1.73
2012.11.21 04:54:06.539,1.56723,1.56758,1.73,1.73
2012.11.21 04:54:06.660,1.56723,1.56754,1.73,1.73
2012.11.21 04:54:07.705,1.56724,1.56754,1.73,1.73
2012.11.21 04:54:07.830,1.56724,1.56754,1.73,1.73
2012.11.21 04:54:15.610,1.56719,1.5675,1.38,1.50
2012.11.21 04:54:15.790,1.56719,1.5675,1.61,1.50
2012.11.21 04:54:21.679,1.56723,1.56755,1.73,1.73
2012.11.21 04:54:21.920,1.56715,1.56751,1.73,1.73
2012.11.21 04:54:22.500,1.56709,1.56743,1.73,2.48
2012.11.21 04:54:24.990,1.56709,1.56743,2.27,1.73
2012.11.21 04:54:40.659,1.56708,1.56743,1.73,1.73
2012.11.21 04:54:41.229,1.56708,1.56743,1.73,2.48
2012.11.21 04:54:45.035,1.56699,1.5673,1.45,1.50
2012.11.21 04:54:45.103,1.56698,1.5673,1.73,1.73
2012.11.21 04:54:45.231,1.56698,1.5673,1.73,1.73
2012.11.21 04:54:45.590,1.56696,1.56728,1.73,1.73
2012.11.21 04:54:45.649,1.56696,1.56727,1.50,1.45
2012.11.21 04:54:46.189,1.56688,1.56722,1.73,1.73
2012.11.21 04:54:46.249,1.56688,1.56722,1.73,1.73
2012.11.21 04:54:49.359,1.5669,1.56723,1.73,1.73
2012.11.21 04:54:49.719,1.56695,1.56729,1.73,1.73
2012.11.21 04:54:50.349,1.56695,1.56729,1.73,1.73
2012.11.21 04:54:50.659,1.56695,1.56729,1.73,1.73
2012.11.21 04:54:50.839,1.56695,1.56729,1.73,1.73
2012.11.21 04:54:51.079,1.56687,1.56723,1.73,1.73
2012.11.21 04:54:52.761,1.56687,1.56721,1.73,1.73
2012.11.21 04:54:53.348,1.56687,1.56723,1.73,1.73
2012.11.21 04:54:53.469,1.56687,1.56723,1.73,1.73
2012.11.21 04:54:54.099,1.56689,1.56723,1.73,1.73
2012.11.21 04:54:54.430,1.56687,1.56723,1.73,1.73
2012.11.21 04:54:54.669,1.56689,1.56723,1.73,1.73
2012.11.21 04:54:55.110,1.56689,1.56723,1.73,2.48
2012.11.21 04:54:55.170,1.56687,1.56723,1.73,2.48
2012.11.21 04:54:55.619,1.56689,1.56723,1.73,1.73
2012.11.21 04:54:55.740,1.56696,1.56731,1.73,2.48
2012.11.21 04:54:55.800,1.56697,1.56731,1.73,1.73
2012.11.21 04:54:56.101,1.56697,1.56731,1.73,1.73
2012.11.21 04:54:56.459,1.56697,1.56724,1.73,1.73
2012.11.21 04:54:56.933,1.56697,1.56724,1.50,1.73
2012.11.21 04:54:58.480,1.56697,1.56723,2.48,1.50
2012.11.21 04:54:58.740,1.56697,1.56727,1.50,2.48
2012.11.21 04:54:59.039,1.56697,1.56727,2.48,1.73
2012.11.21 04:54:59.159,1.56697,1.56731,1.73,1.73
2012.11.21 04:54:59.279,1.567,1.56731,1.54,1.50
2012.11.21 04:54:59.340,1.56702,1.56736,1.73,1.73
2012.11.21 04:54:59.800,1.56707,1.56741,1.73,1.73
2012.11.21 04:54:59.872,1.56707,1.56741,1.73,1.73
2012.11.21 04:55:00.050,1.56709,1.56743,1.73,1.73
2012.11.21 04:55:02.229,1.56716,1.56744,1.73,1.50
2012.11.21 04:55:04.070,1.56716,1.56752,2.48,1.73
2012.11.21 04:55:04.669,1.56716,1.56746,1.73,1.50
2012.11.21 04:55:04.729,1.56716,1.56746,1.73,1.73
2012.11.21 04:55:06.989,1.56709,1.56739,1.73,1.50
2012.11.21 04:55:07.050,1.56709,1.56739,1.50,1.73
2012.11.21 04:55:07.399,1.56703,1.56738,2.10,1.73
2012.11.21 04:55:08.746,1.56703,1.56738,2.10,1.73
2012.11.21 04:55:19.659,1.56707,1.5674,1.73,1.73
2012.11.21 04:55:19.779,1.56711,1.56744,1.73,1.73
2012.11.21 04:55:22.969,1.56711,1.56744,1.73,1.73
2012.11.21 04:55:23.300,1.56711,1.56744,1.73,1.73
2012.11.21 04:55:23.496,1.56711,1.56743,1.50,1.27
2012.11.21 04:55:23.619,1.56704,1.56738,1.73,1.73
2012.11.21 04:55:24.835,1.56704,1.56738,1.73,1.73
2012.11.21 04:55:25.020,1.56707,1.56741,1.73,2.48
2012.11.21 04:55:25.840,1.56707,1.56741,1.73,1.73
2012.11.21 04:55:26.139,1.56714,1.56746,1.35,1.73
2012.11.21 04:55:26.320,1.56715,1.56749,1.73,1.73
2012.11.21 04:55:26.500,1.56716,1.56752,1.73,1.73
2012.11.21 04:55:26.680,1.56719,1.56754,1.73,2.48
2012.11.21 04:55:28.059,1.56719,1.56754,1.73,2.48
2012.11.21 04:55:28.360,1.56727,1.56757,1.35,1.73
2012.11.21 04:55:28.809,1.56727,1.56757,1.35,1.50
2012.11.21 04:55:32.051,1.56727,1.5676,2.10,1.73
2012.11.21 04:55:32.171,1.56727,1.56761,2.85,1.73
2012.11.21 04:55:32.529,1.56721,1.56754,1.73,1.73
2012.11.21 04:55:33.860,1.56721,1.56754,1.35,1.73
2012.11.21 04:55:35.549,1.5672,1.56754,1.73,2.20
2012.11.21 04:55:36.020,1.5672,1.56752,1.50,1.19
2012.11.21 04:55:36.329,1.5672,1.56754,1.73,1.73
2012.11.21 04:55:36.449,1.5672,1.56749,1.73,1.73
2012.11.21 04:55:36.761,1.5672,1.56751,1.50,1.43
2012.11.21 04:55:36.879,1.5672,1.56753,1.73,1.73
2012.11.21 04:55:38.164,1.5672,1.56753,1.73,1.50
2012.11.21 04:55:38.389,1.5672,1.56753,1.73,1.50
2012.11.21 04:55:38.709,1.5672,1.56751,1.50,1.28
2012.11.21 04:55:39.179,1.5672,1.56753,1.73,1.65
2012.11.21 04:55:40.210,1.5672,1.56753,1.73,1.50
2012.11.21 04:55:41.377,1.5672,1.56753,1.73,1.73
2012.11.21 04:55:45.362,1.56724,1.56755,1.13,1.98
2012.11.21 04:55:45.661,1.56728,1.56763,1.73,1.73
2012.11.21 04:55:45.970,1.56728,1.56764,1.73,3.08
2012.11.21 04:55:46.480,1.56734,1.56766,1.73,1.58
2012.11.21 04:55:47.158,1.56734,1.56766,1.73,1.73
2012.11.21 04:55:48.950,1.56734,1.56766,1.50,1.73
2012.11.21 04:55:55.239,1.56728,1.56764,1.73,2.48
2012.11.21 04:55:55.299,1.56727,1.56763,1.73,1.73
2012.11.21 04:56:00.471,1.56728,1.56763,1.73,1.73
2012.11.21 04:56:00.591,1.56736,1.56768,1.73,1.73
2012.11.21 04:56:04.574,1.5674,1.56773,1.73,1.73
2012.11.21 04:56:05.061,1.56742,1.56778,1.73,2.48
2012.11.21 04:56:05.180,1.56743,1.56778,1.56,2.48
2012.11.21 04:56:05.540,1.56747,1.56778,1.52,1.50
2012.11.21 04:56:05.730,1.56749,1.56783,1.52,1.73
2012.11.21 04:56:06.400,1.56756,1.56785,1.36,1.50
2012.11.21 04:56:06.581,1.56758,1.56792,1.36,1.73
2012.11.21 04:56:06.705,1.56756,1.5677,1.14,1.50
2012.11.21 04:56:06.891,1.56735,1.56768,1.35,2.48
2012.11.21 04:56:06.952,1.56737,1.56768,1.35,2.48
2012.11.21 04:56:07.190,1.56737,1.56762,1.13,1.73
2012.11.21 04:56:07.730,1.56727,1.56762,1.73,1.73
2012.11.21 04:56:08.891,1.56726,1.56756,1.73,1.50
2012.11.21 04:56:09.196,1.56726,1.56756,1.50,1.73
2012.11.21 04:56:09.560,1.56719,1.56754,1.73,2.48
2012.11.21 04:56:10.200,1.56719,1.56753,1.73,1.73
2012.11.21 04:56:16.078,1.56719,1.56753,1.73,1.73
2012.11.21 04:56:20.590,1.56719,1.56753,1.73,1.73
2012.11.21 04:56:23.279,1.56719,1.56753,1.73,1.73
2012.11.21 04:56:29.555,1.56719,1.56754,1.73,2.48
2012.11.21 04:56:39.019,1.56716,1.56752,2.48,2.10
2012.11.21 04:56:39.309,1.56716,1.56744,1.50,1.73
2012.11.21 04:56:39.549,1.56719,1.5675,1.50,1.36
2012.11.21 04:56:39.670,1.56722,1.56753,1.50,1.73
2012.11.21 04:56:55.299,1.56722,1.56753,1.50,1.73
2012.11.21 04:56:55.547,1.56722,1.56753,1.73,1.73
2012.11.21 04:57:01.490,1.56726,1.56759,1.73,1.73
2012.11.21 04:57:01.640,1.56726,1.56759,1.73,1.73
2012.11.21 04:57:02.147,1.56726,1.56759,1.73,1.73
2012.11.21 04:57:02.509,1.56726,1.56759,1.73,1.73
2012.11.21 04:57:03.362,1.56726,1.56759,1.73,1.73
2012.11.21 04:57:03.599,1.56724,1.56754,1.73,1.50
2012.11.21 04:57:03.729,1.56724,1.56756,1.73,1.73
2012.11.21 04:57:04.579,1.56724,1.56755,1.73,1.73
2012.11.21 04:57:06.349,1.56724,1.56749,1.73,1.50
2012.11.21 04:57:06.472,1.56714,1.56748,1.50,1.34
2012.11.21 04:57:06.709,1.56714,1.56749,1.73,1.73
2012.11.21 04:57:08.319,1.56712,1.56744,1.73,1.73
2012.11.21 04:57:08.379,1.56712,1.56744,1.73,1.73
2012.11.21 04:57:08.770,1.56719,1.56744,1.50,1.73
2012.11.21 04:57:09.331,1.56719,1.56754,1.73,1.73
2012.11.21 04:57:10.180,1.56719,1.56754,1.73,1.73
2012.11.21 04:57:12.649,1.56719,1.56754,1.73,2.00
2012.11.21 04:57:23.210,1.56719,1.56754,1.73,1.73
2012.11.21 04:57:36.810,1.56722,1.56756,1.73,1.73
2012.11.21 04:57:36.932,1.56728,1.56763,1.73,2.48
2012.11.21 04:57:37.380,1.56728,1.56763,2.00,1.73
2012.11.21 04:57:37.560,1.56737,1.56771,1.73,1.73
2012.11.21 04:57:37.759,1.56737,1.56771,1.73,1.73
2012.11.21 04:57:37.823,1.56737,1.56771,1.73,1.73
2012.11.21 04:57:38.380,1.56737,1.56771,1.73,1.73
2012.11.21 04:57:40.333,1.56736,1.56767,1.73,1.73
2012.11.21 04:57:40.405,1.56736,1.56767,1.73,1.73
2012.11.21 04:57:46.699,1.56737,1.56772,1.73,1.73
2012.11.21 04:57:46.819,1.56739,1.56772,1.45,1.73
2012.11.21 04:57:46.891,1.56737,1.56771,1.45,1.50
2012.11.21 04:57:47.009,1.56736,1.5677,1.73,1.73
2012.11.21 04:57:57.569,1.56733,1.56763,1.73,1.73
2012.11.21 04:57:57.689,1.56732,1.56763,1.73,1.73
2012.11.21 04:57:58.044,1.56732,1.56763,1.50,2.29
2012.11.21 04:58:01.519,1.56732,1.56763,1.73,1.73
2012.11.21 04:58:17.499,1.5673,1.56763,1.73,1.73
2012.11.21 04:58:33.810,1.56736,1.56765,1.50,1.32
2012.11.21 04:58:33.870,1.56736,1.56767,1.73,1.73
2012.11.21 04:58:36.788,1.56736,1.56771,1.73,2.00
2012.11.21 04:58:44.540,1.56737,1.56774,1.59,2.48
2012.11.21 04:58:45.079,1.56746,1.56778,1.73,1.73
2012.11.21 04:58:52.460,1.56746,1.56774,1.50,1.73
2012.11.21 04:58:52.847,1.56746,1.56774,1.50,1.73
2012.11.21 04:58:55.606,1.56746,1.56774,1.50,1.73
2012.11.21 04:58:55.729,1.56746,1.56774,1.73,1.73
2012.11.21 04:59:14.199,1.56744,1.56775,1.73,1.73
2012.11.21 04:59:25.600,1.56744,1.56775,1.73,1.73
2012.11.21 04:59:27.479,1.56744,1.56777,1.73,1.73
2012.11.21 04:59:29.930,1.56744,1.56774,1.73,1.73
2012.11.21 04:59:30.242,1.56744,1.5677,1.73,1.73
2012.11.21 04:59:30.324,1.56744,1.56774,1.73,1.73
2012.11.21 04:59:30.390,1.56744,1.56773,1.50,1.41
2012.11.21 04:59:30.509,1.56744,1.56774,1.73,1.73
2012.11.21 04:59:34.590,1.56744,1.56777,1.73,1.73
2012.11.21 04:59:37.889,1.56744,1.56775,1.73,1.73
2012.11.21 04:59:45.547,1.56743,1.56775,1.73,1.73
2012.11.21 04:59:46.870,1.56741,1.56769,1.73,1.73
2012.11.21 04:59:47.445,1.56741,1.56768,1.50,1.73
2012.11.21 04:59:53.979,1.56741,1.56774,1.73,1.73
2012.11.21 04:59:54.520,1.56741,1.56774,1.73,1.73
2012.11.21 04:59:55.024,1.56741,1.56777,1.73,1.73
2012.11.21 04:59:55.939,1.56741,1.56777,1.73,1.73
2012.11.21 04:59:56.120,1.56735,1.5677,1.73,1.73
