2012.11.23 15:00:00.103,1.57845,1.57878,1.50,1.73
2012.11.23 15:00:00.162,1.57843,1.57876,1.73,1.50
2012.11.23 15:00:00.460,1.57845,1.57876,1.50,1.50
2012.11.23 15:00:00.581,1.57845,1.57876,1.50,1.73
2012.11.23 15:00:00.700,1.57845,1.57874,1.50,1.35
2012.11.23 15:00:00.761,1.57843,1.57874,1.50,1.58
2012.11.23 15:00:00.831,1.57837,1.57873,2.25,1.73
2012.11.23 15:00:00.891,1.57837,1.57869,1.50,1.73
2012.11.23 15:00:01.312,1.57837,1.57869,1.50,1.73
2012.11.23 15:00:02.041,1.57837,1.57869,1.50,1.73
2012.11.23 15:00:03.983,1.57837,1.57869,1.73,1.50
2012.11.23 15:00:04.340,1.57837,1.57869,1.73,1.50
2012.11.23 15:00:04.762,1.57837,1.57869,1.73,1.50
2012.11.23 15:00:05.010,1.57843,1.57875,1.73,1.50
2012.11.23 15:00:05.191,1.57847,1.57879,1.50,1.13
2012.11.23 15:00:05.251,1.57849,1.57881,1.50,1.28
2012.11.23 15:00:05.372,1.57849,1.57883,1.50,3.08
2012.11.23 15:00:05.912,1.57843,1.57876,1.73,1.73
2012.11.23 15:00:07.591,1.57843,1.57876,1.73,1.50
2012.11.23 15:00:08.433,1.57842,1.5787,1.61,1.50
2012.11.23 15:00:08.552,1.57838,1.5787,1.73,1.50
2012.11.23 15:00:09.682,1.57837,1.57867,1.73,1.50
2012.11.23 15:00:10.062,1.57837,1.57867,1.73,1.50
2012.11.23 15:00:10.194,1.57837,1.57867,1.73,1.50
2012.11.23 15:00:10.311,1.5783,1.57863,2.09,2.25
2012.11.23 15:00:11.230,1.5783,1.57863,2.09,1.50
2012.11.23 15:00:11.352,1.57836,1.57867,1.73,1.50
2012.11.23 15:00:11.721,1.57829,1.57858,1.34,1.50
2012.11.23 15:00:11.781,1.57828,1.57858,1.50,1.73
2012.11.23 15:00:12.282,1.57827,1.57858,1.50,1.73
2012.11.23 15:00:12.401,1.57819,1.57852,1.73,1.50
2012.11.23 15:00:12.580,1.57825,1.57858,1.50,1.73
2012.11.23 15:00:13.080,1.57814,1.57842,1.73,1.50
2012.11.23 15:00:13.140,1.57815,1.57849,1.50,1.73
2012.11.23 15:00:15.071,1.57815,1.57849,1.73,1.73
2012.11.23 15:00:15.130,1.57816,1.57854,1.73,1.73
2012.11.23 15:00:15.731,1.57821,1.57854,1.50,1.73
2012.11.23 15:00:16.633,1.57822,1.57854,1.50,1.73
2012.11.23 15:00:17.221,1.57822,1.57854,1.73,1.50
2012.11.23 15:00:17.601,1.57827,1.57861,1.50,1.73
2012.11.23 15:00:17.660,1.57826,1.57854,1.50,1.73
2012.11.23 15:00:17.930,1.5782,1.57854,1.50,1.73
2012.11.23 15:00:20.101,1.5782,1.57854,1.73,1.73
2012.11.23 15:00:20.623,1.57823,1.57856,1.73,1.73
2012.11.23 15:00:20.740,1.57823,1.57853,1.73,1.50
2012.11.23 15:00:20.800,1.57823,1.57853,1.50,1.73
2012.11.23 15:00:21.111,1.57823,1.57853,1.73,1.50
2012.11.23 15:00:21.412,1.57828,1.57859,1.73,1.50
2012.11.23 15:00:21.473,1.57828,1.57859,1.50,1.73
2012.11.23 15:00:22.071,1.5782,1.57854,1.50,2.48
2012.11.23 15:00:22.533,1.5782,1.57854,1.73,2.25
2012.11.23 15:00:27.681,1.5782,1.57853,1.50,1.73
2012.11.23 15:00:28.150,1.5782,1.57853,1.50,2.33
2012.11.23 15:00:28.211,1.5782,1.57853,1.73,2.10
2012.11.23 15:00:28.933,1.5782,1.57853,1.73,2.48
2012.11.23 15:00:29.470,1.5782,1.57853,1.73,1.88
2012.11.23 15:00:31.622,1.5782,1.57853,1.50,1.73
2012.11.23 15:00:32.171,1.57821,1.57853,1.50,1.73
2012.11.23 15:00:32.350,1.57821,1.57853,1.73,1.50
2012.11.23 15:00:32.662,1.57827,1.57854,1.50,1.50
2012.11.23 15:00:33.631,1.57826,1.57853,1.50,1.50
2012.11.23 15:00:34.303,1.57827,1.57859,2.25,1.73
2012.11.23 15:00:34.861,1.57821,1.57853,1.73,1.50
2012.11.23 15:00:37.123,1.57827,1.57859,2.25,1.73
2012.11.23 15:00:37.240,1.57828,1.5786,1.50,1.73
2012.11.23 15:00:39.169,1.57828,1.57859,1.73,1.50
2012.11.23 15:00:39.525,1.5782,1.57852,1.73,1.50
2012.11.23 15:00:40.034,1.5782,1.57852,1.73,1.50
2012.11.23 15:00:40.401,1.5782,1.57852,1.73,1.50
2012.11.23 15:00:42.630,1.57827,1.57858,1.73,1.50
2012.11.23 15:00:42.692,1.57827,1.5786,1.73,1.50
2012.11.23 15:00:42.950,1.57827,1.5786,1.73,1.50
2012.11.23 15:00:44.112,1.57827,1.5786,2.11,1.50
2012.11.23 15:00:44.291,1.57827,1.57859,1.73,1.50
2012.11.23 15:00:45.231,1.57827,1.5786,1.73,1.73
2012.11.23 15:00:46.582,1.57827,1.5786,1.73,1.50
2012.11.23 15:00:47.710,1.57827,1.5786,1.50,1.73
2012.11.23 15:00:48.016,1.57834,1.57863,1.50,1.73
2012.11.23 15:00:48.142,1.57834,1.57867,1.50,2.48
2012.11.23 15:00:49.142,1.57834,1.57865,1.50,1.73
2012.11.23 15:00:49.261,1.57834,1.57863,1.50,1.73
2012.11.23 15:00:49.461,1.57827,1.57863,1.50,3.23
2012.11.23 15:00:49.773,1.57827,1.57863,1.73,2.48
2012.11.23 15:00:50.403,1.57827,1.57861,1.50,1.73
2012.11.23 15:00:50.521,1.57827,1.57863,1.58,3.23
2012.11.23 15:00:50.881,1.57827,1.57862,1.50,1.73
2012.11.23 15:00:51.531,1.57827,1.57862,1.58,1.73
2012.11.23 15:00:51.831,1.57827,1.57863,1.58,3.23
2012.11.23 15:00:52.374,1.57827,1.57863,1.50,3.23
2012.11.23 15:00:53.110,1.57827,1.57863,1.73,2.48
2012.11.23 15:00:54.501,1.57828,1.57863,1.73,1.50
2012.11.23 15:00:54.862,1.57833,1.57866,1.73,2.48
2012.11.23 15:00:55.221,1.57833,1.57863,1.50,1.73
2012.11.23 15:00:55.601,1.57833,1.57863,1.50,1.73
2012.11.23 15:00:56.171,1.57833,1.57863,1.50,1.73
2012.11.23 15:00:57.218,1.57829,1.57858,1.50,1.73
2012.11.23 15:00:57.674,1.57827,1.57858,2.40,1.73
2012.11.23 15:00:58.721,1.57827,1.57858,2.48,1.73
2012.11.23 15:01:00.561,1.57827,1.57854,1.50,1.50
2012.11.23 15:01:01.193,1.57822,1.57852,1.73,1.50
2012.11.23 15:01:01.971,1.57827,1.5786,2.25,1.73
2012.11.23 15:01:02.663,1.57827,1.5786,2.25,1.73
2012.11.23 15:01:04.231,1.57827,1.5786,2.25,2.63
2012.11.23 15:01:04.351,1.57827,1.57852,1.50,1.50
2012.11.23 15:01:04.411,1.57821,1.5785,1.65,1.50
2012.11.23 15:01:04.530,1.57821,1.57849,1.50,1.73
2012.11.23 15:01:04.590,1.57816,1.57846,1.50,1.50
2012.11.23 15:01:04.650,1.57814,1.57846,2.40,1.50
2012.11.23 15:01:04.890,1.57814,1.57844,1.65,1.50
2012.11.23 15:01:05.200,1.57812,1.57843,1.50,1.73
2012.11.23 15:01:05.575,1.57812,1.57843,1.50,2.04
2012.11.23 15:01:05.791,1.57807,1.57839,2.25,1.73
2012.11.23 15:01:06.101,1.57807,1.57839,2.25,1.73
2012.11.23 15:01:06.161,1.57807,1.57839,1.50,1.73
2012.11.23 15:01:06.221,1.57807,1.57839,2.25,1.73
2012.11.23 15:01:06.557,1.57812,1.57843,1.50,1.73
2012.11.23 15:01:07.680,1.57814,1.57843,1.50,1.73
2012.11.23 15:01:07.800,1.57814,1.57843,1.73,1.50
2012.11.23 15:01:07.861,1.57814,1.57843,1.73,1.50
2012.11.23 15:01:07.920,1.57812,1.57844,1.73,1.50
2012.11.23 15:01:07.981,1.57812,1.57844,1.50,1.73
2012.11.23 15:01:09.613,1.57812,1.57843,1.50,1.73
2012.11.23 15:01:10.421,1.57812,1.57843,1.50,1.73
2012.11.23 15:01:11.716,1.57807,1.57838,1.73,1.50
2012.11.23 15:01:11.863,1.57807,1.57837,1.73,1.50
2012.11.23 15:01:12.181,1.57807,1.57833,1.73,1.50
2012.11.23 15:01:12.241,1.57807,1.57833,1.50,1.73
2012.11.23 15:01:12.604,1.57801,1.57833,1.73,1.50
2012.11.23 15:01:12.902,1.57799,1.57833,1.65,2.25
2012.11.23 15:01:12.961,1.57799,1.57833,1.65,2.48
2012.11.23 15:01:13.218,1.57801,1.57833,1.65,1.73
2012.11.23 15:01:13.400,1.57801,1.57835,1.65,2.33
2012.11.23 15:01:13.601,1.57801,1.57835,1.65,2.10
2012.11.23 15:01:14.143,1.57801,1.57835,1.73,2.10
2012.11.23 15:01:15.941,1.57801,1.57833,1.65,1.50
2012.11.23 15:01:16.301,1.57792,1.57822,1.50,1.73
2012.11.23 15:01:16.361,1.57789,1.57822,1.50,1.73
2012.11.23 15:01:17.121,1.57789,1.57822,1.73,1.73
2012.11.23 15:01:17.181,1.57792,1.57822,1.50,1.73
2012.11.23 15:01:17.510,1.57792,1.57825,1.73,2.25
2012.11.23 15:01:17.822,1.57799,1.57829,1.50,1.50
2012.11.23 15:01:17.881,1.57799,1.57831,1.73,1.65
2012.11.23 15:01:18.143,1.57797,1.57831,2.48,1.65
2012.11.23 15:01:18.321,1.57797,1.57831,2.25,1.88
2012.11.23 15:01:18.653,1.57797,1.57831,2.25,1.88
2012.11.23 15:01:19.371,1.57797,1.57831,2.25,1.88
2012.11.23 15:01:20.332,1.57799,1.57832,1.73,1.50
2012.11.23 15:01:22.817,1.57799,1.57831,1.73,1.50
2012.11.23 15:01:22.880,1.57797,1.57826,1.73,1.50
2012.11.23 15:01:22.945,1.57794,1.57824,1.32,1.50
2012.11.23 15:01:23.013,1.57792,1.57824,1.73,1.50
2012.11.23 15:01:23.071,1.57792,1.57822,1.73,1.65
2012.11.23 15:01:23.251,1.57791,1.57813,1.50,1.50
2012.11.23 15:01:23.370,1.57784,1.57813,1.73,1.50
2012.11.23 15:01:23.901,1.57784,1.57813,1.73,1.50
2012.11.23 15:01:24.750,1.57784,1.5781,1.50,1.50
2012.11.23 15:01:25.111,1.57777,1.57809,1.73,1.50
2012.11.23 15:01:25.170,1.57776,1.57804,1.73,1.50
2012.11.23 15:01:25.231,1.57771,1.57804,1.36,2.25
2012.11.23 15:01:25.290,1.57769,1.57802,1.73,1.50
2012.11.23 15:01:25.350,1.57769,1.57802,1.73,1.50
2012.11.23 15:01:25.530,1.57765,1.57795,1.50,1.73
2012.11.23 15:01:25.771,1.57766,1.57796,1.59,1.50
2012.11.23 15:01:26.070,1.57772,1.57804,1.59,1.50
2012.11.23 15:01:26.644,1.57771,1.57803,1.59,1.50
2012.11.23 15:01:26.830,1.5777,1.57803,1.73,2.25
2012.11.23 15:01:27.282,1.57765,1.57796,1.73,1.50
2012.11.23 15:01:27.404,1.57765,1.57796,1.73,1.50
2012.11.23 15:01:27.582,1.57767,1.57803,1.73,2.48
2012.11.23 15:01:27.771,1.57765,1.57798,1.73,1.50
2012.11.23 15:01:27.832,1.57765,1.57798,1.65,1.50
2012.11.23 15:01:28.132,1.5777,1.57803,1.65,2.25
2012.11.23 15:01:28.641,1.5777,1.57803,1.65,1.50
2012.11.23 15:01:28.974,1.5777,1.57803,1.73,1.50
2012.11.23 15:01:29.341,1.57768,1.57803,1.36,1.50
2012.11.23 15:01:29.661,1.57771,1.57798,1.25,1.50
2012.11.23 15:01:29.721,1.57769,1.57798,1.27,1.50
2012.11.23 15:01:31.450,1.57764,1.57798,1.57,1.50
2012.11.23 15:01:31.691,1.57767,1.57802,1.73,1.50
2012.11.23 15:01:32.001,1.57783,1.57816,1.59,1.50
2012.11.23 15:01:33.391,1.57787,1.5782,1.73,1.50
2012.11.23 15:01:33.691,1.57787,1.57818,1.73,1.50
2012.11.23 15:01:34.000,1.5779,1.5782,1.52,1.50
2012.11.23 15:01:34.312,1.57793,1.5782,1.23,1.50
2012.11.23 15:01:34.741,1.57787,1.57823,1.73,2.25
2012.11.23 15:01:34.861,1.57787,1.57823,1.73,1.50
2012.11.23 15:01:34.981,1.57784,1.57823,2.00,2.25
2012.11.23 15:01:35.285,1.57782,1.57815,1.36,1.50
2012.11.23 15:01:35.830,1.57783,1.57815,1.34,1.50
2012.11.23 15:01:35.891,1.57781,1.57815,1.29,1.50
2012.11.23 15:01:35.951,1.57777,1.57815,2.13,1.50
2012.11.23 15:01:36.502,1.57778,1.57815,1.49,1.50
2012.11.23 15:01:37.610,1.57777,1.57815,1.98,1.50
2012.11.23 15:01:37.731,1.57782,1.57815,1.36,1.50
2012.11.23 15:01:38.281,1.57781,1.57815,1.38,1.50
2012.11.23 15:01:39.180,1.57783,1.57815,1.20,1.50
2012.11.23 15:01:39.940,1.57777,1.57814,1.95,1.50
2012.11.23 15:01:40.728,1.57783,1.57815,1.20,1.50
2012.11.23 15:01:40.802,1.57781,1.57815,1.36,1.50
2012.11.23 15:01:41.372,1.57777,1.57814,2.11,1.50
2012.11.23 15:01:41.918,1.57785,1.57817,1.73,1.50
2012.11.23 15:01:41.984,1.57791,1.57822,1.50,1.73
2012.11.23 15:01:42.161,1.57791,1.57823,1.73,1.50
2012.11.23 15:01:42.221,1.57796,1.57823,1.44,1.50
2012.11.23 15:01:42.580,1.578,1.57823,1.41,1.50
2012.11.23 15:01:42.641,1.57803,1.57834,1.73,1.50
2012.11.23 15:01:43.161,1.57796,1.57832,1.56,1.50
2012.11.23 15:01:43.584,1.57799,1.57834,1.73,1.50
2012.11.23 15:01:43.704,1.57799,1.57838,1.73,1.50
2012.11.23 15:01:43.831,1.57802,1.57838,1.73,1.50
2012.11.23 15:01:43.932,1.57799,1.57837,1.73,1.50
2012.11.23 15:01:43.991,1.57796,1.57832,1.73,1.50
2012.11.23 15:01:44.333,1.57805,1.57832,1.23,1.50
2012.11.23 15:01:44.451,1.57797,1.57832,1.73,1.50
2012.11.23 15:01:44.692,1.57797,1.5783,1.73,1.50
2012.11.23 15:01:44.871,1.57797,1.57825,1.73,1.50
2012.11.23 15:01:45.231,1.57792,1.57825,1.73,1.50
2012.11.23 15:01:45.531,1.57792,1.57825,1.73,1.50
2012.11.23 15:01:46.032,1.57792,1.57825,1.65,1.50
2012.11.23 15:01:46.594,1.57792,1.57825,1.65,2.25
2012.11.23 15:01:47.221,1.57795,1.57825,1.28,1.50
2012.11.23 15:01:47.522,1.57792,1.57825,1.73,1.50
2012.11.23 15:01:47.580,1.57792,1.57823,1.73,1.50
2012.11.23 15:01:47.941,1.57784,1.57817,1.73,1.50
2012.11.23 15:01:48.300,1.57787,1.57817,1.20,1.50
2012.11.23 15:01:48.481,1.57792,1.57824,1.73,1.50
2012.11.23 15:01:49.049,1.57795,1.57827,1.73,1.50
2012.11.23 15:01:51.271,1.57795,1.57827,2.32,1.50
2012.11.23 15:01:51.820,1.578,1.57827,1.22,1.50
2012.11.23 15:01:52.000,1.57816,1.57844,1.20,1.65
2012.11.23 15:01:52.180,1.5782,1.57854,1.63,1.80
2012.11.23 15:01:53.001,1.5782,1.57854,1.63,1.50
2012.11.23 15:01:54.200,1.5782,1.57856,1.63,1.50
2012.11.23 15:01:54.507,1.57825,1.57858,1.73,2.25
2012.11.23 15:01:54.574,1.57823,1.57853,1.73,1.50
2012.11.23 15:01:54.631,1.5782,1.57852,1.73,1.50
2012.11.23 15:01:54.751,1.5782,1.57852,1.50,1.73
2012.11.23 15:01:54.991,1.5782,1.57852,2.25,1.50
2012.11.23 15:01:57.152,1.5782,1.57852,2.16,1.50
2012.11.23 15:01:58.710,1.5782,1.57852,1.73,1.50
2012.11.23 15:02:00.672,1.57824,1.57852,1.73,1.50
2012.11.23 15:02:00.802,1.57835,1.57864,1.50,1.50
2012.11.23 15:02:01.976,1.57828,1.57861,1.73,1.50
2012.11.23 15:02:03.111,1.57826,1.57858,1.73,1.50
2012.11.23 15:02:03.481,1.57826,1.57858,1.73,1.50
2012.11.23 15:02:04.061,1.57826,1.57858,1.73,1.50
2012.11.23 15:02:05.391,1.57847,1.57866,1.50,1.73
2012.11.23 15:02:05.451,1.57847,1.57869,1.50,2.32
2012.11.23 15:02:05.571,1.57836,1.57869,2.34,1.50
2012.11.23 15:02:05.814,1.57842,1.57869,1.36,1.50
2012.11.23 15:02:06.051,1.57847,1.5788,1.73,1.50
2012.11.23 15:02:06.118,1.57847,1.57879,1.73,1.50
2012.11.23 15:02:06.420,1.57847,1.57879,2.38,1.50
2012.11.23 15:02:06.788,1.57847,1.5788,1.73,1.50
2012.11.23 15:02:07.700,1.57847,1.57879,1.73,1.50
2012.11.23 15:02:07.771,1.57847,1.57879,1.50,1.73
2012.11.23 15:02:08.011,1.57847,1.57879,1.73,1.50
2012.11.23 15:02:08.480,1.57847,1.5788,1.73,1.73
2012.11.23 15:02:08.780,1.57847,1.5788,1.73,1.50
2012.11.23 15:02:09.474,1.57849,1.57882,1.50,1.73
2012.11.23 15:02:09.790,1.57849,1.57882,1.73,1.50
2012.11.23 15:02:11.010,1.57849,1.57882,1.73,1.50
2012.11.23 15:02:11.372,1.57847,1.5788,2.79,1.50
2012.11.23 15:02:11.670,1.57847,1.5788,2.48,1.50
2012.11.23 15:02:13.561,1.57842,1.57873,1.50,1.50
2012.11.23 15:02:14.481,1.57837,1.57867,1.25,1.50
2012.11.23 15:02:14.941,1.57831,1.57864,1.73,1.50
2012.11.23 15:02:15.141,1.57828,1.57863,1.35,1.50
2012.11.23 15:02:17.490,1.57827,1.5786,1.73,1.50
2012.11.23 15:02:18.360,1.57827,1.5786,2.02,1.50
2012.11.23 15:02:20.033,1.57835,1.57866,1.73,1.50
2012.11.23 15:02:23.391,1.57833,1.57866,1.73,1.50
2012.11.23 15:02:23.750,1.57819,1.57851,1.50,1.73
2012.11.23 15:02:23.811,1.57819,1.57851,1.50,1.73
2012.11.23 15:02:23.871,1.57818,1.57851,1.73,1.73
2012.11.23 15:02:24.231,1.57822,1.57854,1.50,2.48
2012.11.23 15:02:24.290,1.57816,1.57854,1.73,3.23
2012.11.23 15:02:24.760,1.5782,1.57854,1.50,2.25
2012.11.23 15:02:25.052,1.57816,1.57854,1.73,1.50
2012.11.23 15:02:25.118,1.57814,1.57846,1.73,1.50
2012.11.23 15:02:25.542,1.57813,1.57845,1.50,1.50
2012.11.23 15:02:25.721,1.57813,1.57845,1.50,1.73
2012.11.23 15:02:26.180,1.57814,1.57846,1.73,1.50
2012.11.23 15:02:26.461,1.57814,1.57846,1.73,1.50
2012.11.23 15:02:27.142,1.57814,1.57846,1.73,1.50
2012.11.23 15:02:29.239,1.57816,1.57854,1.73,2.48
2012.11.23 15:02:29.300,1.57819,1.57854,1.50,2.48
2012.11.23 15:02:29.481,1.57815,1.57847,1.73,1.50
2012.11.23 15:02:29.842,1.57815,1.57847,1.73,1.50
2012.11.23 15:02:30.643,1.57815,1.57847,1.73,1.50
2012.11.23 15:02:33.212,1.57816,1.57854,1.73,2.48
2012.11.23 15:02:33.283,1.5782,1.57854,1.50,2.48
2012.11.23 15:02:33.671,1.5782,1.57853,1.50,1.73
2012.11.23 15:02:33.990,1.5782,1.57846,1.50,1.58
2012.11.23 15:02:34.170,1.57814,1.57844,1.50,1.73
2012.11.23 15:02:34.716,1.57814,1.57844,1.50,1.73
2012.11.23 15:02:35.376,1.57814,1.57844,1.50,1.73
2012.11.23 15:02:36.871,1.57812,1.57844,1.50,1.73
2012.11.23 15:02:37.051,1.57804,1.57835,1.50,1.73
2012.11.23 15:02:37.111,1.57806,1.57838,1.50,1.73
2012.11.23 15:02:37.260,1.57806,1.57838,1.73,1.50
2012.11.23 15:02:37.381,1.57803,1.57835,1.73,1.50
2012.11.23 15:02:37.570,1.57803,1.57835,1.50,1.73
2012.11.23 15:02:37.700,1.57806,1.57838,1.73,1.50
2012.11.23 15:02:37.941,1.57803,1.57835,1.73,1.50
2012.11.23 15:02:38.362,1.57811,1.57843,1.50,1.73
2012.11.23 15:02:38.480,1.5781,1.57844,1.50,2.48
2012.11.23 15:02:38.541,1.5781,1.57844,1.73,2.25
2012.11.23 15:02:38.906,1.57811,1.57844,1.73,2.25
2012.11.23 15:02:39.150,1.5781,1.57843,1.73,1.50
2012.11.23 15:02:43.241,1.57806,1.57837,1.73,1.50
2012.11.23 15:02:43.423,1.57806,1.57837,1.73,1.50
2012.11.23 15:02:43.481,1.57806,1.57837,1.73,1.50
2012.11.23 15:02:43.721,1.57812,1.57842,1.50,1.73
2012.11.23 15:02:43.781,1.57812,1.57844,1.50,1.73
2012.11.23 15:02:44.043,1.57812,1.57844,1.73,1.50
2012.11.23 15:02:44.281,1.57809,1.57844,1.73,1.73
2012.11.23 15:02:47.807,1.57806,1.57842,1.73,1.50
2012.11.23 15:02:48.111,1.57804,1.57836,1.73,1.50
2012.11.23 15:02:49.763,1.57804,1.57836,1.73,1.73
2012.11.23 15:02:50.952,1.57804,1.57836,1.73,1.50
2012.11.23 15:02:51.070,1.57804,1.57836,1.73,1.73
2012.11.23 15:02:51.920,1.57805,1.57837,1.73,1.73
2012.11.23 15:02:52.040,1.57805,1.57837,1.73,1.50
2012.11.23 15:02:52.221,1.57805,1.57837,1.50,1.73
2012.11.23 15:02:52.386,1.57804,1.57836,1.73,1.50
2012.11.23 15:02:53.490,1.57798,1.57833,1.73,1.50
2012.11.23 15:02:53.550,1.57797,1.5783,1.73,1.50
2012.11.23 15:02:56.601,1.57802,1.5783,1.73,1.50
2012.11.23 15:02:56.951,1.57804,1.5783,1.73,1.50
2012.11.23 15:02:57.534,1.57804,1.5783,1.73,1.50
2012.11.23 15:02:57.653,1.57802,1.5783,1.25,1.50
2012.11.23 15:02:57.771,1.57798,1.5783,1.73,1.50
2012.11.23 15:02:59.741,1.57805,1.5783,1.73,1.50
2012.11.23 15:03:00.801,1.57806,1.57834,1.73,1.50
2012.11.23 15:03:01.402,1.57806,1.57834,1.73,1.50
2012.11.23 15:03:01.521,1.57801,1.57834,1.50,1.73
2012.11.23 15:03:01.580,1.57797,1.57828,1.73,1.50
2012.11.23 15:03:02.160,1.57795,1.57827,1.73,1.50
2012.11.23 15:03:02.280,1.57795,1.57827,1.50,1.73
2012.11.23 15:03:02.460,1.57789,1.57819,1.73,1.50
2012.11.23 15:03:03.471,1.57796,1.57829,1.50,1.73
2012.11.23 15:03:03.530,1.57797,1.57829,1.50,1.50
2012.11.23 15:03:04.283,1.57797,1.57829,1.73,1.50
2012.11.23 15:03:04.919,1.57797,1.57829,1.73,1.50
2012.11.23 15:03:05.151,1.57796,1.57829,1.73,1.50
2012.11.23 15:03:05.210,1.57794,1.57826,1.73,1.50
2012.11.23 15:03:05.331,1.57794,1.57826,1.50,1.73
2012.11.23 15:03:08.545,1.57796,1.57826,1.50,1.73
2012.11.23 15:03:08.621,1.57797,1.57829,1.50,1.73
2012.11.23 15:03:08.741,1.57797,1.57829,1.73,1.50
2012.11.23 15:03:10.211,1.57795,1.57826,1.73,1.50
2012.11.23 15:03:10.347,1.57795,1.57826,1.73,1.50
2012.11.23 15:03:10.771,1.5779,1.57821,1.73,1.50
2012.11.23 15:03:12.741,1.57796,1.57828,1.73,1.73
2012.11.23 15:03:12.861,1.57796,1.57828,2.48,1.50
2012.11.23 15:03:13.350,1.57795,1.57826,1.73,1.50
2012.11.23 15:03:13.571,1.57795,1.57826,1.73,1.50
2012.11.23 15:03:14.710,1.57795,1.57826,1.50,1.73
2012.11.23 15:03:14.832,1.57789,1.57822,1.65,1.73
2012.11.23 15:03:14.893,1.57789,1.57822,1.65,1.50
2012.11.23 15:03:15.240,1.57789,1.57822,1.65,1.50
2012.11.23 15:03:15.731,1.57795,1.57822,1.50,1.50
2012.11.23 15:03:16.670,1.57789,1.57822,1.73,1.50
2012.11.23 15:03:18.023,1.57789,1.57822,1.73,1.50
2012.11.23 15:03:19.420,1.57789,1.57822,1.73,1.50
2012.11.23 15:03:19.979,1.57789,1.57822,1.65,1.73
2012.11.23 15:03:20.104,1.57794,1.57822,1.50,1.73
2012.11.23 15:03:24.298,1.57796,1.57822,1.73,1.50
2012.11.23 15:03:24.616,1.57797,1.57822,1.73,1.50
2012.11.23 15:03:24.934,1.57797,1.57822,1.73,1.50
2012.11.23 15:03:31.114,1.57797,1.57827,1.65,1.50
2012.11.23 15:03:31.171,1.57797,1.57828,1.65,1.50
2012.11.23 15:03:34.252,1.57797,1.57828,1.73,1.50
2012.11.23 15:03:34.971,1.57797,1.57828,1.65,1.50
2012.11.23 15:03:35.480,1.57797,1.57828,1.65,1.50
2012.11.23 15:03:37.935,1.57797,1.57828,1.73,1.50
2012.11.23 15:03:38.111,1.57797,1.57828,1.73,1.50
2012.11.23 15:03:38.482,1.57806,1.57828,1.73,1.50
2012.11.23 15:03:39.001,1.57796,1.57828,2.48,1.50
2012.11.23 15:03:40.242,1.57796,1.57828,2.48,1.50
2012.11.23 15:03:44.987,1.57796,1.57828,2.48,1.50
2012.11.23 15:03:46.861,1.57802,1.57828,1.50,1.50
2012.11.23 15:03:46.981,1.57815,1.57836,1.50,1.73
2012.11.23 15:03:47.041,1.57815,1.57846,1.73,1.50
2012.11.23 15:03:47.230,1.57817,1.57853,1.73,1.73
2012.11.23 15:03:50.002,1.57819,1.5785,1.50,1.73
2012.11.23 15:03:50.361,1.57816,1.57842,1.50,1.50
2012.11.23 15:03:50.421,1.57816,1.57842,1.50,1.50
2012.11.23 15:03:50.752,1.57816,1.57842,2.15,1.50
2012.11.23 15:03:50.811,1.57816,1.57842,1.73,1.50
2012.11.23 15:03:51.405,1.57816,1.57842,1.73,1.50
2012.11.23 15:03:51.641,1.57819,1.57842,1.26,1.50
2012.11.23 15:03:51.820,1.57822,1.57842,1.73,1.50
2012.11.23 15:03:51.941,1.57822,1.57849,1.73,1.50
2012.11.23 15:03:52.661,1.57826,1.57849,1.73,1.50
2012.11.23 15:03:53.021,1.57817,1.57849,1.73,1.50
2012.11.23 15:03:53.141,1.57817,1.57849,1.73,1.50
2012.11.23 15:03:53.662,1.57817,1.57842,1.73,1.50
2012.11.23 15:03:54.280,1.57809,1.57842,1.73,1.73
2012.11.23 15:03:54.460,1.5781,1.57842,1.50,1.73
2012.11.23 15:03:54.791,1.57815,1.57842,1.73,1.50
2012.11.23 15:03:55.151,1.57803,1.57833,1.50,1.73
2012.11.23 15:03:55.210,1.57807,1.57835,1.50,1.73
2012.11.23 15:03:55.390,1.57807,1.57835,1.50,1.50
2012.11.23 15:03:55.831,1.57813,1.57843,1.73,1.50
2012.11.23 15:03:56.371,1.57824,1.57857,1.73,1.73
2012.11.23 15:03:56.671,1.57818,1.57854,1.73,2.48
2012.11.23 15:03:57.030,1.57818,1.57848,1.73,1.50
2012.11.23 15:03:58.650,1.57817,1.57848,1.73,1.50
2012.11.23 15:03:58.711,1.57823,1.57848,1.50,1.50
2012.11.23 15:03:59.070,1.57833,1.57855,1.50,1.50
2012.11.23 15:03:59.192,1.57826,1.57855,1.73,1.50
2012.11.23 15:03:59.251,1.57826,1.57855,1.50,1.73
2012.11.23 15:04:01.724,1.57835,1.57863,1.73,1.50
2012.11.23 15:04:02.633,1.57838,1.57863,1.73,1.50
2012.11.23 15:04:02.694,1.57838,1.5787,2.48,1.50
2012.11.23 15:04:03.052,1.57836,1.5787,3.23,1.50
2012.11.23 15:04:03.173,1.57838,1.5787,1.73,1.50
2012.11.23 15:04:03.588,1.57843,1.5787,1.73,1.50
2012.11.23 15:04:03.770,1.57838,1.5787,1.73,1.50
2012.11.23 15:04:04.071,1.57838,1.5787,1.73,1.50
2012.11.23 15:04:04.771,1.57846,1.5787,1.50,1.50
2012.11.23 15:04:08.113,1.57844,1.5787,1.73,1.50
2012.11.23 15:04:08.942,1.57843,1.5787,1.73,1.50
2012.11.23 15:04:10.592,1.57845,1.57877,1.50,1.73
2012.11.23 15:04:12.591,1.57845,1.57877,1.73,1.50
2012.11.23 15:04:14.012,1.57845,1.57877,1.73,1.73
2012.11.23 15:04:15.544,1.57845,1.57877,1.50,1.73
2012.11.23 15:04:15.671,1.57843,1.57875,1.50,1.73
2012.11.23 15:04:15.868,1.57843,1.57875,1.50,1.73
2012.11.23 15:04:18.661,1.57845,1.57877,1.50,1.73
2012.11.23 15:04:19.380,1.57845,1.57877,1.73,1.73
2012.11.23 15:04:20.223,1.57843,1.57875,1.73,1.73
2012.11.23 15:04:21.321,1.57843,1.57875,1.50,1.73
2012.11.23 15:04:25.842,1.57843,1.57875,1.50,1.73
2012.11.23 15:04:25.962,1.57835,1.57869,1.73,1.50
2012.11.23 15:04:26.081,1.57835,1.57869,1.73,1.50
2012.11.23 15:04:26.642,1.57835,1.57869,1.73,1.73
2012.11.23 15:04:26.761,1.57835,1.57869,1.73,1.73
2012.11.23 15:04:27.071,1.57828,1.57861,1.73,1.73
2012.11.23 15:04:27.473,1.57831,1.57861,1.50,1.73
2012.11.23 15:04:28.241,1.57831,1.57861,1.73,1.50
2012.11.23 15:04:29.742,1.57828,1.57854,1.73,1.50
2012.11.23 15:04:29.921,1.57823,1.57853,2.03,1.50
2012.11.23 15:04:30.101,1.57821,1.57853,1.50,1.73
2012.11.23 15:04:30.281,1.57819,1.57848,1.50,1.73
2012.11.23 15:04:30.827,1.57816,1.57848,1.73,1.50
2012.11.23 15:04:30.951,1.57816,1.57848,2.02,1.50
2012.11.23 15:04:31.131,1.57825,1.57856,1.73,1.73
2012.11.23 15:04:35.610,1.57818,1.57853,1.65,1.50
2012.11.23 15:04:35.671,1.57818,1.57852,1.65,1.50
2012.11.23 15:04:36.403,1.57817,1.57849,2.40,1.50
2012.11.23 15:04:36.472,1.57817,1.57849,2.25,1.73
2012.11.23 15:04:36.591,1.57817,1.57849,1.50,1.73
2012.11.23 15:04:36.831,1.57811,1.57842,1.50,1.73
2012.11.23 15:04:37.131,1.57809,1.57842,1.50,1.73
2012.11.23 15:04:38.098,1.57809,1.57844,1.50,2.48
2012.11.23 15:04:38.341,1.57809,1.57844,1.65,2.48
2012.11.23 15:04:38.692,1.57809,1.57842,1.65,1.50
2012.11.23 15:04:39.435,1.57809,1.57842,1.50,1.50
2012.11.23 15:04:39.621,1.57811,1.57842,1.50,1.50
2012.11.23 15:04:40.041,1.57809,1.57842,1.50,1.73
2012.11.23 15:04:43.540,1.57805,1.57836,1.73,1.50
2012.11.23 15:04:43.721,1.57805,1.57836,1.65,1.50
2012.11.23 15:04:43.961,1.57802,1.57836,1.65,1.73
2012.11.23 15:04:46.222,1.57804,1.57836,1.73,1.50
2012.11.23 15:04:49.080,1.57805,1.57839,2.48,1.73
2012.11.23 15:04:49.613,1.57805,1.57836,1.73,1.50
2012.11.23 15:04:49.673,1.57804,1.57836,1.73,1.73
2012.11.23 15:04:49.791,1.57804,1.57836,1.73,1.50
2012.11.23 15:04:50.341,1.57804,1.57836,1.73,1.73
2012.11.23 15:04:50.463,1.57803,1.57836,1.73,1.50
2012.11.23 15:04:50.681,1.57802,1.57836,2.48,1.73
2012.11.23 15:04:53.723,1.57805,1.57839,1.50,1.73
2012.11.23 15:04:54.270,1.57805,1.57839,1.73,1.73
2012.11.23 15:04:55.843,1.57805,1.57839,1.73,1.73
2012.11.23 15:04:57.362,1.57804,1.57836,1.73,1.73
2012.11.23 15:04:58.151,1.57805,1.57838,1.50,1.58
2012.11.23 15:04:58.211,1.57805,1.57838,2.48,1.35
2012.11.23 15:05:01.182,1.57799,1.57832,1.73,1.50
2012.11.23 15:05:01.241,1.57805,1.57838,1.73,2.10
2012.11.23 15:05:01.301,1.57804,1.57837,1.50,1.73
2012.11.23 15:05:01.372,1.57805,1.57838,1.50,2.60
2012.11.23 15:05:01.921,1.57801,1.57831,1.73,1.50
2012.11.23 15:05:02.991,1.57807,1.5784,1.50,1.73
2012.11.23 15:05:04.121,1.57807,1.5784,1.73,1.73
2012.11.23 15:05:04.441,1.57807,1.5784,1.50,1.73
2012.11.23 15:05:04.824,1.57805,1.57837,1.73,1.73
2012.11.23 15:05:08.251,1.57807,1.5784,1.73,1.73
2012.11.23 15:05:09.402,1.57805,1.57837,1.73,1.50
2012.11.23 15:05:11.553,1.57801,1.57834,1.73,1.50
2012.11.23 15:05:11.616,1.578,1.57834,1.73,2.25
2012.11.23 15:05:14.113,1.57802,1.57834,1.73,1.50
2012.11.23 15:05:14.171,1.57805,1.57839,1.50,1.73
2012.11.23 15:05:20.271,1.57805,1.57839,1.50,1.73
2012.11.23 15:05:23.184,1.57805,1.57839,1.50,1.73
2012.11.23 15:05:25.021,1.57802,1.57834,1.73,1.73
2012.11.23 15:05:25.081,1.578,1.57834,1.73,1.73
2012.11.23 15:05:25.871,1.57802,1.57835,1.73,1.73
2012.11.23 15:05:26.231,1.57807,1.57843,1.73,1.73
2012.11.23 15:05:26.464,1.57808,1.57843,1.73,1.73
2012.11.23 15:05:27.101,1.57808,1.57843,1.50,1.73
2012.11.23 15:05:27.751,1.57808,1.57841,1.50,1.58
2012.11.23 15:05:28.910,1.57808,1.57842,1.50,1.58
2012.11.23 15:05:29.091,1.57808,1.57842,1.73,1.58
2012.11.23 15:05:29.621,1.57808,1.57844,1.73,2.48
2012.11.23 15:05:29.861,1.57808,1.57844,1.50,2.48
2012.11.23 15:05:30.223,1.5781,1.57843,1.50,1.73
2012.11.23 15:05:30.340,1.5781,1.57843,1.73,1.50
2012.11.23 15:05:30.849,1.57817,1.57848,1.50,1.73
2012.11.23 15:05:30.911,1.57807,1.57843,1.73,1.50
2012.11.23 15:05:30.971,1.57807,1.5784,1.50,1.73
2012.11.23 15:05:32.441,1.57807,1.57843,1.73,1.73
2012.11.23 15:05:33.094,1.57808,1.57843,1.73,1.50
2012.11.23 15:05:34.354,1.57807,1.57843,1.73,1.73
2012.11.23 15:05:35.741,1.57807,1.57843,1.73,1.73
2012.11.23 15:05:35.801,1.57807,1.57843,1.50,1.73
2012.11.23 15:05:38.210,1.57807,1.57843,1.50,1.73
2012.11.23 15:05:41.091,1.57807,1.57841,1.73,1.58
2012.11.23 15:05:42.452,1.57807,1.57843,1.50,1.73
2012.11.23 15:05:42.571,1.57807,1.57843,1.73,1.73
2012.11.23 15:05:42.631,1.57807,1.57843,1.50,1.73
2012.11.23 15:05:44.160,1.57807,1.5784,1.50,1.73
2012.11.23 15:05:46.511,1.57807,1.57843,2.48,2.48
2012.11.23 15:05:47.851,1.57807,1.5784,1.73,1.73
2012.11.23 15:05:48.912,1.57807,1.57841,2.48,1.58
2012.11.23 15:05:51.110,1.57807,1.5784,1.73,1.73
2012.11.23 15:05:51.339,1.57806,1.57839,1.73,1.50
2012.11.23 15:05:51.971,1.57807,1.5784,2.48,1.73
2012.11.23 15:05:52.503,1.57809,1.5784,2.30,1.50
2012.11.23 15:05:52.944,1.57816,1.57845,1.73,1.50
2012.11.23 15:05:53.481,1.57816,1.57847,2.48,1.50
2012.11.23 15:05:53.541,1.57817,1.57847,1.29,1.50
2012.11.23 15:05:53.720,1.5782,1.57853,1.73,1.50
2012.11.23 15:05:59.451,1.57827,1.57861,1.73,1.73
2012.11.23 15:05:59.722,1.57827,1.57861,1.73,1.50
2012.11.23 15:06:01.570,1.57827,1.57861,2.30,1.50
2012.11.23 15:06:02.141,1.57827,1.57861,1.73,1.50
2012.11.23 15:06:02.881,1.57827,1.57861,1.73,1.50
2012.11.23 15:06:03.265,1.57826,1.5786,1.73,1.50
2012.11.23 15:06:03.621,1.57823,1.57855,1.73,1.50
2012.11.23 15:06:03.829,1.57823,1.57855,1.73,1.50
2012.11.23 15:06:04.651,1.5782,1.57854,1.73,1.50
2012.11.23 15:06:06.754,1.5782,1.57852,1.73,1.50
2012.11.23 15:06:06.826,1.5782,1.57846,1.50,1.35
2012.11.23 15:06:07.072,1.57812,1.57844,1.73,1.50
2012.11.23 15:06:07.253,1.57811,1.57843,1.73,1.50
2012.11.23 15:06:07.316,1.57814,1.57843,1.73,1.50
2012.11.23 15:06:07.623,1.57817,1.57843,1.73,1.50
2012.11.23 15:06:08.042,1.57817,1.57843,1.73,1.50
2012.11.23 15:06:10.361,1.57817,1.57848,2.48,1.50
2012.11.23 15:06:10.481,1.57817,1.57849,2.48,1.50
2012.11.23 15:06:12.842,1.57817,1.57849,2.48,1.50
2012.11.23 15:06:13.201,1.57817,1.57849,2.48,1.50
2012.11.23 15:06:15.441,1.57821,1.57849,1.73,1.50
2012.11.23 15:06:15.751,1.57826,1.57849,1.73,1.50
2012.11.23 15:06:16.171,1.57824,1.57849,1.50,1.50
2012.11.23 15:06:16.231,1.57817,1.57849,2.48,1.50
2012.11.23 15:06:16.751,1.57817,1.57849,2.48,1.50
2012.11.23 15:06:21.555,1.57821,1.57853,1.73,1.73
2012.11.23 15:06:21.611,1.57826,1.57858,1.50,1.73
2012.11.23 15:06:21.731,1.57821,1.57853,1.73,2.48
2012.11.23 15:06:25.241,1.57821,1.57853,1.73,2.48
2012.11.23 15:06:26.635,1.57821,1.57853,1.73,2.25
2012.11.23 15:06:27.531,1.57821,1.57853,1.73,2.25
2012.11.23 15:06:28.923,1.57821,1.57853,1.73,2.25
2012.11.23 15:06:31.181,1.57827,1.57853,1.50,1.50
2012.11.23 15:06:31.301,1.57827,1.5786,2.48,1.50
2012.11.23 15:06:32.171,1.57826,1.57858,1.73,1.50
2012.11.23 15:06:32.291,1.57821,1.57853,1.73,1.50
2012.11.23 15:06:32.362,1.57819,1.57852,1.73,1.50
2012.11.23 15:06:37.833,1.57824,1.57852,1.73,1.50
2012.11.23 15:06:38.012,1.57828,1.57859,1.73,1.50
2012.11.23 15:06:39.222,1.57826,1.57857,1.73,1.50
2012.11.23 15:06:39.342,1.57826,1.57857,1.50,1.73
2012.11.23 15:06:43.232,1.5782,1.57852,1.73,1.50
2012.11.23 15:06:43.471,1.5782,1.57852,1.73,1.50
2012.11.23 15:06:44.975,1.5782,1.57852,1.73,1.50
2012.11.23 15:06:45.761,1.5782,1.57852,1.73,1.50
2012.11.23 15:06:48.651,1.57819,1.57852,1.73,1.73
2012.11.23 15:06:49.211,1.5782,1.57852,1.73,1.73
2012.11.23 15:06:49.396,1.57821,1.57853,1.73,1.50
2012.11.23 15:06:49.913,1.57824,1.57857,1.50,1.58
2012.11.23 15:06:56.572,1.57821,1.57853,2.48,1.50
2012.11.23 15:06:56.691,1.57821,1.57853,1.73,1.50
2012.11.23 15:06:57.201,1.57819,1.57853,1.73,1.73
2012.11.23 15:06:57.772,1.57818,1.57853,1.73,1.73
2012.11.23 15:06:57.893,1.57817,1.57846,1.50,1.73
2012.11.23 15:06:58.132,1.57821,1.5785,1.50,1.73
2012.11.23 15:06:58.190,1.57821,1.57852,1.50,1.73
2012.11.23 15:06:58.726,1.57821,1.57852,1.73,1.50
2012.11.23 15:06:59.230,1.57821,1.57852,1.73,1.50
2012.11.23 15:06:59.741,1.57821,1.57852,1.73,1.50
2012.11.23 15:07:02.081,1.57819,1.57852,1.73,1.50
2012.11.23 15:07:02.391,1.57822,1.57852,1.45,1.50
2012.11.23 15:07:02.831,1.57819,1.57852,1.73,1.50
2012.11.23 15:07:04.871,1.5783,1.57861,1.50,1.28
2012.11.23 15:07:05.051,1.57832,1.57866,2.40,2.25
2012.11.23 15:07:05.171,1.57832,1.57864,1.65,1.50
2012.11.23 15:07:05.231,1.5783,1.57864,2.40,1.73
2012.11.23 15:07:06.911,1.57832,1.57866,1.50,1.73
2012.11.23 15:07:07.031,1.57832,1.57866,1.73,1.50
2012.11.23 15:07:07.211,1.57832,1.57866,1.50,1.73
2012.11.23 15:07:07.613,1.5783,1.57864,1.50,1.73
2012.11.23 15:07:08.761,1.57828,1.57857,1.73,1.50
2012.11.23 15:07:08.822,1.57827,1.57857,1.73,1.50
2012.11.23 15:07:09.001,1.57819,1.57854,1.73,1.50
2012.11.23 15:07:09.121,1.57818,1.57851,1.73,1.73
2012.11.23 15:07:09.180,1.57822,1.57851,1.73,1.50
2012.11.23 15:07:09.771,1.57826,1.57858,1.73,1.50
2012.11.23 15:07:09.832,1.57826,1.5786,1.73,1.73
2012.11.23 15:07:13.561,1.57827,1.5786,1.73,1.73
2012.11.23 15:07:13.882,1.57839,1.57871,2.48,1.50
2012.11.23 15:07:14.281,1.57837,1.57871,1.73,1.73
2012.11.23 15:07:14.723,1.57836,1.57869,1.73,1.50
2012.11.23 15:07:15.081,1.57831,1.57863,1.73,1.50
2012.11.23 15:07:16.811,1.57836,1.57871,1.73,1.73
2012.11.23 15:07:17.632,1.57838,1.57871,1.65,1.73
2012.11.23 15:07:17.960,1.57838,1.57871,2.00,1.50
2012.11.23 15:07:18.301,1.57837,1.57871,1.65,1.73
2012.11.23 15:07:19.211,1.5783,1.57861,1.73,1.50
2012.11.23 15:07:19.272,1.5783,1.57861,1.50,1.73
2012.11.23 15:07:19.758,1.57826,1.57854,1.73,1.50
2012.11.23 15:07:21.641,1.57824,1.57854,1.73,1.50
2012.11.23 15:07:21.702,1.57821,1.57854,1.50,1.73
2012.11.23 15:07:21.941,1.57821,1.57854,1.65,1.73
2012.11.23 15:07:22.361,1.57824,1.57854,1.50,1.73
2012.11.23 15:07:22.732,1.5783,1.57863,2.40,1.73
2012.11.23 15:07:23.418,1.5783,1.57863,2.48,1.50
2012.11.23 15:07:23.891,1.57838,1.57865,1.50,1.73
2012.11.23 15:07:24.011,1.57841,1.57871,1.38,1.50
2012.11.23 15:07:24.250,1.57839,1.5787,1.38,1.50
2012.11.23 15:07:24.311,1.57831,1.57864,1.73,1.73
2012.11.23 15:07:28.191,1.57826,1.57859,1.50,1.73
2012.11.23 15:07:28.251,1.57825,1.57857,1.50,1.73
2012.11.23 15:07:28.766,1.57825,1.57857,1.50,1.73
2012.11.23 15:07:29.401,1.57825,1.57857,2.48,1.50
2012.11.23 15:07:33.072,1.57825,1.57859,2.48,1.73
2012.11.23 15:07:33.192,1.57839,1.57864,1.50,1.58
2012.11.23 15:07:33.252,1.57839,1.5787,1.73,1.50
2012.11.23 15:07:34.661,1.57837,1.57868,1.73,1.50
2012.11.23 15:07:34.781,1.57837,1.57868,1.50,1.73
2012.11.23 15:07:34.841,1.57833,1.57863,1.73,1.50
2012.11.23 15:07:35.510,1.57831,1.57863,1.88,2.25
2012.11.23 15:07:37.851,1.57831,1.57863,2.48,1.50
2012.11.23 15:07:37.971,1.57836,1.57869,2.48,1.73
2012.11.23 15:07:41.941,1.57838,1.57869,1.73,1.50
2012.11.23 15:07:42.322,1.57842,1.57878,1.73,1.50
2012.11.23 15:07:42.382,1.57845,1.57878,1.73,1.50
2012.11.23 15:07:42.691,1.57842,1.57875,1.73,1.50
2012.11.23 15:07:42.751,1.57841,1.57873,1.23,1.50
2012.11.23 15:07:42.813,1.57837,1.5787,1.73,1.50
2012.11.23 15:07:43.191,1.57837,1.57868,1.73,1.50
2012.11.23 15:07:43.250,1.57837,1.57868,1.50,1.73
2012.11.23 15:07:43.371,1.57835,1.57868,1.50,1.73
2012.11.23 15:07:43.961,1.57822,1.57853,1.88,1.73
2012.11.23 15:07:44.531,1.57826,1.57859,1.50,1.73
2012.11.23 15:07:44.592,1.57829,1.57862,1.73,1.50
2012.11.23 15:07:44.711,1.57832,1.57862,1.73,1.50
2012.11.23 15:07:44.771,1.57836,1.57868,1.50,1.73
2012.11.23 15:07:44.831,1.57836,1.57869,2.25,1.73
2012.11.23 15:07:44.951,1.57836,1.57869,2.48,1.50
2012.11.23 15:07:47.180,1.57836,1.57868,1.50,1.73
2012.11.23 15:07:47.241,1.57828,1.57864,2.40,2.48
2012.11.23 15:07:47.691,1.57833,1.57864,1.65,1.50
2012.11.23 15:07:47.932,1.57837,1.57869,1.65,1.50
2012.11.23 15:07:47.992,1.57837,1.57871,2.40,1.50
2012.11.23 15:07:48.293,1.57837,1.57871,2.40,1.73
2012.11.23 15:07:50.482,1.57837,1.57869,1.73,1.73
2012.11.23 15:07:50.781,1.57828,1.5786,1.73,1.50
2012.11.23 15:07:51.213,1.57826,1.57858,2.25,1.73
2012.11.23 15:07:51.533,1.57826,1.57857,2.25,1.27
2012.11.23 15:07:51.651,1.57826,1.57854,1.50,1.73
2012.11.23 15:07:51.711,1.57816,1.57849,1.73,1.50
2012.11.23 15:07:51.891,1.57815,1.57848,1.73,1.73
2012.11.23 15:07:52.131,1.57815,1.57844,1.50,1.73
2012.11.23 15:07:52.585,1.57809,1.57842,1.50,1.73
2012.11.23 15:07:52.879,1.57809,1.57842,3.45,1.73
2012.11.23 15:07:53.062,1.57816,1.57847,2.48,1.50
2012.11.23 15:07:53.121,1.57816,1.57847,1.73,1.50
2012.11.23 15:07:53.183,1.57815,1.57847,1.50,1.73
2012.11.23 15:07:53.307,1.57815,1.57847,1.50,1.73
2012.11.23 15:07:53.671,1.5781,1.57842,1.73,1.73
2012.11.23 15:07:54.307,1.5781,1.57842,1.73,1.73
2012.11.23 15:07:56.012,1.5781,1.57842,1.73,1.73
2012.11.23 15:07:57.091,1.5781,1.57842,1.73,1.73
2012.11.23 15:07:57.972,1.57813,1.57842,1.50,1.73
2012.11.23 15:07:58.331,1.57817,1.57846,2.48,1.35
2012.11.23 15:07:59.306,1.57817,1.57849,2.40,1.73
2012.11.23 15:07:59.372,1.57817,1.57849,1.50,1.73
2012.11.23 15:07:59.732,1.57812,1.57844,1.50,1.73
2012.11.23 15:07:59.791,1.57808,1.57842,1.65,1.73
2012.11.23 15:08:03.542,1.57808,1.57842,1.73,1.73
2012.11.23 15:08:04.640,1.57814,1.57842,1.50,1.50
2012.11.23 15:08:05.171,1.57808,1.57842,1.73,1.50
2012.11.23 15:08:11.851,1.57808,1.57842,1.73,1.50
2012.11.23 15:08:11.993,1.57815,1.57848,1.50,1.73
2012.11.23 15:08:12.332,1.5781,1.57842,1.73,1.73
2012.11.23 15:08:15.413,1.57809,1.57842,1.73,1.50
2012.11.23 15:08:16.807,1.5781,1.57842,2.48,1.50
2012.11.23 15:08:17.111,1.57816,1.5785,1.73,1.50
2012.11.23 15:08:17.171,1.57814,1.57844,1.50,1.73
2012.11.23 15:08:17.231,1.57816,1.57848,1.50,1.73
2012.11.23 15:08:19.920,1.57818,1.57848,1.50,1.73
2012.11.23 15:08:21.031,1.57816,1.57848,1.50,1.73
2012.11.23 15:08:23.682,1.57808,1.57844,1.65,1.73
2012.11.23 15:08:23.801,1.57808,1.57842,1.65,1.73
2012.11.23 15:08:24.111,1.57811,1.57844,1.50,1.73
2012.11.23 15:08:28.432,1.57813,1.57843,1.50,1.73
2012.11.23 15:08:28.965,1.57813,1.57843,1.73,1.50
2012.11.23 15:08:30.412,1.57817,1.57845,1.73,1.50
2012.11.23 15:08:30.730,1.5782,1.57853,1.73,1.50
2012.11.23 15:08:32.704,1.5782,1.57853,2.34,1.50
2012.11.23 15:08:32.786,1.5782,1.57853,1.73,1.50
2012.11.23 15:08:32.951,1.57817,1.57853,1.50,2.48
2012.11.23 15:08:34.851,1.5782,1.57853,1.50,2.48
2012.11.23 15:08:35.102,1.5782,1.57853,1.73,2.25
2012.11.23 15:08:35.221,1.5782,1.57853,1.73,2.25
2012.11.23 15:08:35.731,1.5782,1.57853,1.73,2.25
2012.11.23 15:08:36.671,1.57821,1.57853,1.73,1.50
2012.11.23 15:08:36.731,1.57825,1.57856,1.50,1.73
2012.11.23 15:08:39.000,1.57819,1.57852,1.73,1.50
2012.11.23 15:08:39.121,1.57819,1.57852,1.73,1.73
2012.11.23 15:08:44.132,1.57817,1.57848,1.73,1.35
2012.11.23 15:08:44.311,1.57806,1.57839,1.50,1.73
2012.11.23 15:08:45.081,1.57806,1.57839,1.73,1.50
2012.11.23 15:08:45.401,1.57807,1.57842,1.73,1.73
2012.11.23 15:08:49.692,1.57822,1.57851,1.50,1.44
2012.11.23 15:08:49.811,1.57822,1.57854,1.73,1.50
2012.11.23 15:08:49.992,1.57816,1.57848,1.73,1.50
2012.11.23 15:08:50.231,1.57814,1.57846,1.73,1.50
2012.11.23 15:08:50.482,1.57806,1.57841,1.73,1.50
2012.11.23 15:08:50.602,1.57806,1.57841,1.73,1.50
2012.11.23 15:08:51.053,1.57813,1.57846,1.73,1.73
2012.11.23 15:08:51.582,1.57816,1.57849,1.50,1.73
2012.11.23 15:08:56.321,1.57813,1.57846,1.73,1.73
2012.11.23 15:08:57.931,1.57813,1.57846,1.73,1.50
2012.11.23 15:08:58.691,1.57822,1.57849,1.50,1.50
2012.11.23 15:08:59.006,1.57827,1.5786,2.13,1.50
2012.11.23 15:08:59.061,1.57827,1.57861,2.88,1.50
2012.11.23 15:08:59.432,1.57826,1.57854,1.38,1.50
2012.11.23 15:08:59.551,1.57822,1.57854,1.73,1.50
2012.11.23 15:08:59.671,1.57816,1.57851,2.25,1.73
2012.11.23 15:09:05.281,1.57814,1.57847,1.73,1.50
2012.11.23 15:09:08.551,1.57814,1.57849,1.73,1.73
2012.11.23 15:09:09.054,1.57814,1.57849,1.73,1.50
2012.11.23 15:09:09.201,1.57814,1.57849,1.50,1.73
2012.11.23 15:09:09.262,1.57812,1.57847,1.50,1.73
2012.11.23 15:09:09.681,1.57812,1.57846,1.50,1.58
2012.11.23 15:09:09.921,1.57805,1.57839,1.50,1.73
2012.11.23 15:09:10.552,1.57805,1.57836,1.50,1.59
2012.11.23 15:09:10.673,1.57798,1.57831,1.73,1.73
2012.11.23 15:09:11.151,1.57798,1.57829,1.73,1.50
2012.11.23 15:09:11.244,1.57798,1.57831,1.73,1.50
2012.11.23 15:09:12.531,1.57807,1.57839,1.50,1.73
2012.11.23 15:09:13.077,1.57798,1.57832,1.65,1.73
2012.11.23 15:09:15.271,1.57798,1.57832,1.73,1.73
2012.11.23 15:09:15.331,1.57798,1.5783,1.73,1.73
2012.11.23 15:09:15.812,1.57792,1.57824,1.73,1.73
2012.11.23 15:09:16.365,1.57792,1.57824,1.73,1.50
2012.11.23 15:09:19.714,1.57792,1.57824,1.73,1.50
2012.11.23 15:09:27.632,1.57789,1.57824,1.73,2.25
2012.11.23 15:09:27.698,1.57789,1.57824,1.73,2.48
2012.11.23 15:09:27.764,1.57789,1.57824,1.50,2.48
2012.11.23 15:09:28.107,1.57795,1.57828,1.50,1.73
2012.11.23 15:09:30.291,1.5779,1.57823,1.50,1.73
2012.11.23 15:09:32.041,1.5779,1.57823,1.73,1.50
2012.11.23 15:09:32.161,1.5779,1.57823,1.73,1.50
2012.11.23 15:09:34.302,1.57796,1.57828,1.50,1.73
2012.11.23 15:09:36.067,1.57788,1.57824,1.73,1.73
2012.11.23 15:09:36.131,1.57788,1.57823,1.73,1.73
2012.11.23 15:09:36.311,1.57788,1.57823,1.73,1.73
2012.11.23 15:09:36.631,1.5779,1.57824,1.73,1.73
2012.11.23 15:09:36.981,1.57795,1.57828,1.50,2.33
2012.11.23 15:09:39.752,1.57788,1.57824,1.73,1.73
2012.11.23 15:09:40.173,1.5779,1.57825,1.73,1.73
2012.11.23 15:09:40.532,1.57797,1.57833,2.48,1.73
2012.11.23 15:09:41.253,1.57797,1.57831,1.73,1.73
2012.11.23 15:09:44.662,1.57797,1.57833,2.48,1.73
2012.11.23 15:09:45.994,1.57797,1.57833,2.48,1.73
2012.11.23 15:09:46.077,1.57797,1.57833,2.48,1.73
2012.11.23 15:09:46.752,1.57797,1.57833,2.48,1.73
2012.11.23 15:09:46.993,1.57797,1.57833,2.48,1.73
2012.11.23 15:09:48.173,1.57807,1.57839,1.50,1.73
2012.11.23 15:09:48.532,1.57803,1.57833,1.73,1.50
2012.11.23 15:09:48.651,1.578,1.57833,1.73,1.50
2012.11.23 15:09:49.182,1.578,1.57833,1.50,1.73
2012.11.23 15:09:49.551,1.578,1.57833,1.73,1.73
2012.11.23 15:09:54.017,1.57803,1.57833,1.73,1.50
2012.11.23 15:09:54.622,1.57806,1.57839,1.73,1.73
2012.11.23 15:10:01.241,1.57807,1.57841,1.50,1.73
2012.11.23 15:10:01.301,1.57807,1.57841,1.50,1.73
2012.11.23 15:10:02.161,1.57806,1.57839,1.73,1.73
2012.11.23 15:10:03.217,1.57807,1.57842,1.50,1.73
2012.11.23 15:10:03.401,1.57807,1.57842,1.73,1.73
2012.11.23 15:10:03.521,1.57807,1.57842,1.50,2.48
2012.11.23 15:10:03.595,1.57807,1.57842,1.50,2.48
2012.11.23 15:10:03.711,1.57807,1.5784,1.73,1.50
2012.11.23 15:10:03.831,1.57807,1.5784,1.50,1.73
2012.11.23 15:10:05.031,1.57807,1.57843,1.50,2.48
2012.11.23 15:10:05.433,1.57813,1.57845,1.50,1.73
2012.11.23 15:10:08.641,1.57813,1.57843,1.50,1.73
2012.11.23 15:10:08.761,1.57813,1.57846,1.50,1.73
2012.11.23 15:10:09.052,1.57813,1.57844,1.50,1.73
2012.11.23 15:10:10.962,1.57813,1.57846,1.50,1.73
2012.11.23 15:10:11.081,1.57813,1.57846,1.50,1.73
2012.11.23 15:10:13.992,1.57807,1.57843,1.73,1.73
2012.11.23 15:10:14.051,1.578,1.57837,1.56,1.50
2012.11.23 15:10:15.794,1.57804,1.57841,1.73,2.25
2012.11.23 15:10:15.851,1.57804,1.57841,1.73,1.50
2012.11.23 15:10:18.156,1.57804,1.57841,1.73,1.73
2012.11.23 15:10:18.661,1.57804,1.57841,1.73,1.50
2012.11.23 15:10:21.442,1.57804,1.57843,1.73,1.50
2012.11.23 15:10:22.213,1.57804,1.57843,1.73,2.25
2012.11.23 15:10:22.471,1.57814,1.57848,1.50,1.13
2012.11.23 15:10:22.802,1.57814,1.57849,1.73,1.50
2012.11.23 15:10:22.874,1.57816,1.57851,1.73,1.73
2012.11.23 15:10:23.811,1.57816,1.57851,1.73,1.73
2012.11.23 15:10:24.472,1.57816,1.57849,1.50,1.73
2012.11.23 15:10:24.861,1.57809,1.57844,1.73,1.73
2012.11.23 15:10:25.362,1.57807,1.57844,2.48,1.73
2012.11.23 15:10:32.476,1.57807,1.57844,2.48,1.73
2012.11.23 15:10:32.602,1.57807,1.57844,2.48,1.73
2012.11.23 15:10:32.722,1.57807,1.57844,2.48,1.73
2012.11.23 15:10:33.082,1.57807,1.57844,2.48,1.73
2012.11.23 15:10:33.762,1.57807,1.57844,2.48,1.73
2012.11.23 15:10:36.221,1.57807,1.57844,2.25,2.48
2012.11.23 15:10:36.573,1.57799,1.57836,1.73,1.73
2012.11.23 15:10:36.851,1.57807,1.57843,1.73,1.73
2012.11.23 15:10:38.631,1.57806,1.57841,1.73,1.73
2012.11.23 15:10:38.752,1.57806,1.57841,1.73,1.73
2012.11.23 15:10:39.162,1.57807,1.57843,1.73,1.73
2012.11.23 15:10:39.222,1.57807,1.57843,1.73,1.73
2012.11.23 15:10:43.392,1.57809,1.57844,1.73,1.73
2012.11.23 15:10:44.014,1.57818,1.57853,1.73,1.50
2012.11.23 15:10:44.131,1.57822,1.57853,1.47,1.50
2012.11.23 15:10:44.551,1.57824,1.57853,1.59,1.50
2012.11.23 15:10:45.608,1.57824,1.57853,1.59,2.25
2012.11.23 15:10:46.633,1.57825,1.57853,1.73,1.50
2012.11.23 15:10:47.387,1.57825,1.5786,1.73,1.50
2012.11.23 15:10:48.171,1.57824,1.57858,1.59,1.50
2012.11.23 15:10:48.231,1.57823,1.57858,1.73,1.73
2012.11.23 15:10:48.292,1.57816,1.57853,2.97,1.50
2012.11.23 15:10:48.611,1.57816,1.57851,2.97,1.50
2012.11.23 15:10:48.792,1.57808,1.57843,1.50,1.73
2012.11.23 15:10:51.211,1.57801,1.57835,1.73,1.50
2012.11.23 15:10:52.371,1.57801,1.57835,1.73,1.50
2012.11.23 15:10:52.943,1.57805,1.57836,1.61,1.50
2012.11.23 15:10:53.253,1.57802,1.57835,1.61,1.50
2012.11.23 15:10:53.432,1.578,1.57835,1.50,1.73
2012.11.23 15:10:53.552,1.578,1.57835,1.50,1.73
2012.11.23 15:10:54.191,1.578,1.57834,1.50,1.73
2012.11.23 15:10:54.312,1.578,1.57834,1.50,1.73
2012.11.23 15:10:55.824,1.578,1.57834,1.73,1.73
2012.11.23 15:10:58.143,1.57803,1.57837,1.73,1.73
2012.11.23 15:10:58.592,1.57808,1.57843,1.73,2.48
2012.11.23 15:11:00.232,1.57808,1.57841,1.73,1.50
2012.11.23 15:11:00.292,1.57808,1.57841,1.50,1.73
2012.11.23 15:11:00.353,1.57807,1.5784,1.50,1.73
2012.11.23 15:11:00.692,1.57801,1.57834,1.73,2.25
2012.11.23 15:11:00.971,1.57801,1.57834,1.73,2.25
2012.11.23 15:11:01.033,1.57801,1.57834,1.50,2.48
2012.11.23 15:11:02.092,1.57801,1.57834,1.73,2.25
2012.11.23 15:11:02.381,1.57807,1.57839,1.73,2.25
2012.11.23 15:11:02.441,1.57807,1.57839,1.73,1.50
2012.11.23 15:11:03.763,1.57807,1.57839,1.73,1.50
2012.11.23 15:11:03.883,1.57806,1.57838,1.73,1.50
2012.11.23 15:11:04.182,1.57799,1.57833,1.73,1.50
2012.11.23 15:11:05.312,1.57799,1.57833,1.98,1.50
2012.11.23 15:11:05.671,1.57799,1.57833,1.73,1.73
2012.11.23 15:11:05.732,1.57799,1.57833,1.73,1.73
2012.11.23 15:11:06.797,1.57799,1.57833,1.73,1.73
2012.11.23 15:11:07.252,1.57799,1.57834,1.73,2.48
2012.11.23 15:11:07.431,1.57811,1.57834,1.59,1.50
2012.11.23 15:11:08.266,1.57823,1.57846,1.50,1.65
2012.11.23 15:11:08.345,1.57814,1.57846,1.73,1.50
2012.11.23 15:11:08.662,1.57811,1.57838,1.59,1.50
2012.11.23 15:11:08.841,1.57806,1.57838,2.48,1.50
2012.11.23 15:11:09.021,1.57802,1.57832,1.56,1.50
2012.11.23 15:11:09.261,1.57797,1.57832,1.73,1.50
2012.11.23 15:11:09.622,1.57796,1.57832,1.73,1.50
2012.11.23 15:11:10.142,1.57793,1.57823,1.41,1.50
2012.11.23 15:11:10.601,1.5779,1.57823,1.73,1.50
2012.11.23 15:11:11.422,1.57816,1.5784,1.50,1.63
2012.11.23 15:11:11.481,1.57816,1.57843,1.73,1.65
2012.11.23 15:11:11.541,1.57816,1.57846,1.73,1.65
2012.11.23 15:11:11.601,1.57816,1.57848,1.73,1.65
2012.11.23 15:11:11.962,1.57816,1.57838,1.23,1.50
2012.11.23 15:11:12.023,1.57816,1.57844,1.73,1.65
2012.11.23 15:11:12.083,1.57817,1.57846,1.50,1.65
2012.11.23 15:11:12.141,1.57819,1.57849,1.50,1.50
2012.11.23 15:11:12.202,1.57819,1.57851,1.50,1.50
2012.11.23 15:11:13.192,1.57819,1.57851,2.48,2.25
2012.11.23 15:11:14.112,1.57826,1.57855,1.29,1.50
2012.11.23 15:11:14.232,1.57837,1.57863,1.50,1.50
2012.11.23 15:11:14.741,1.5783,1.57862,1.73,1.50
2012.11.23 15:11:14.802,1.5783,1.57862,1.73,1.50
2012.11.23 15:11:14.921,1.5783,1.57862,1.73,1.50
2012.11.23 15:11:17.122,1.5783,1.57862,1.65,1.50
2012.11.23 15:11:20.192,1.5783,1.57863,1.73,1.50
2012.11.23 15:11:20.507,1.57831,1.57863,1.59,1.50
2012.11.23 15:11:20.633,1.5783,1.57863,1.73,1.50
2012.11.23 15:11:21.732,1.5783,1.57862,1.73,1.50
2012.11.23 15:11:21.854,1.5783,1.57862,1.73,1.50
2012.11.23 15:11:21.912,1.57836,1.57864,1.50,1.73
2012.11.23 15:11:21.983,1.57836,1.57864,1.50,1.73
2012.11.23 15:11:22.331,1.57836,1.57864,1.73,1.50
2012.11.23 15:11:24.151,1.57838,1.5787,1.73,1.50
2012.11.23 15:11:24.774,1.57838,1.57868,1.73,1.50
2012.11.23 15:11:25.131,1.57836,1.57864,1.73,1.50
2012.11.23 15:11:28.102,1.57831,1.57864,1.73,2.25
2012.11.23 15:11:28.462,1.57829,1.57861,2.08,1.50
2012.11.23 15:11:28.522,1.57829,1.57861,1.73,1.73
2012.11.23 15:11:29.174,1.57828,1.57864,1.73,2.48
2012.11.23 15:11:29.292,1.57831,1.57864,1.73,2.25
2012.11.23 15:11:29.611,1.57826,1.57853,1.73,1.50
2012.11.23 15:11:30.056,1.57829,1.57853,1.45,1.50
2012.11.23 15:11:30.965,1.57833,1.57861,1.73,1.50
2012.11.23 15:11:31.203,1.57842,1.57867,1.65,1.50
2012.11.23 15:11:31.264,1.5784,1.57874,1.65,2.25
2012.11.23 15:11:31.742,1.57842,1.57874,2.20,2.25
2012.11.23 15:11:32.522,1.57846,1.57874,1.73,2.25
2012.11.23 15:11:32.874,1.57848,1.57874,1.73,1.50
2012.11.23 15:11:33.101,1.57843,1.57874,1.19,2.25
2012.11.23 15:11:33.221,1.57836,1.57874,1.73,2.25
2012.11.23 15:11:33.282,1.57836,1.57874,1.73,2.25
2012.11.23 15:11:33.402,1.57836,1.57864,1.50,1.50
2012.11.23 15:11:34.082,1.57834,1.57867,1.73,1.73
2012.11.23 15:11:34.202,1.57827,1.57863,1.73,1.50
2012.11.23 15:11:34.384,1.57827,1.57863,1.73,1.50
2012.11.23 15:11:34.917,1.57833,1.5786,1.73,1.50
2012.11.23 15:11:35.161,1.57826,1.57859,1.73,1.50
2012.11.23 15:11:36.422,1.57827,1.57859,1.73,1.50
2012.11.23 15:11:36.736,1.57829,1.5786,1.19,1.50
2012.11.23 15:11:37.932,1.57829,1.57859,1.19,1.50
2012.11.23 15:11:38.052,1.57826,1.57859,1.73,1.50
2012.11.23 15:11:38.422,1.57826,1.5786,1.73,1.73
2012.11.23 15:11:38.893,1.57833,1.57865,1.73,1.50
2012.11.23 15:11:39.252,1.57836,1.57867,2.22,1.50
2012.11.23 15:11:39.921,1.57836,1.57867,1.98,1.50
2012.11.23 15:11:40.500,1.57837,1.57867,1.29,1.50
2012.11.23 15:11:41.201,1.57837,1.57865,1.29,1.50
2012.11.23 15:11:41.321,1.57833,1.57865,1.73,1.50
2012.11.23 15:11:41.882,1.57833,1.57865,1.73,1.50
2012.11.23 15:11:42.222,1.5784,1.5787,1.73,1.50
2012.11.23 15:11:42.308,1.5784,1.57873,1.73,2.25
2012.11.23 15:11:43.249,1.57837,1.57873,2.48,2.25
2012.11.23 15:11:43.611,1.57833,1.57864,1.73,1.50
2012.11.23 15:11:43.792,1.57836,1.57866,1.73,1.50
2012.11.23 15:11:44.791,1.57833,1.57864,1.73,1.50
2012.11.23 15:11:45.153,1.57831,1.57864,1.73,1.50
2012.11.23 15:11:45.941,1.5783,1.57863,1.73,1.50
2012.11.23 15:11:46.296,1.5783,1.57864,1.73,1.50
2012.11.23 15:11:46.652,1.57826,1.57858,2.38,1.50
2012.11.23 15:11:46.832,1.57817,1.5785,1.73,1.73
2012.11.23 15:11:47.501,1.57816,1.57844,1.73,1.50
2012.11.23 15:11:48.042,1.57812,1.57844,1.73,1.50
2012.11.23 15:11:48.663,1.5782,1.57853,1.73,1.50
2012.11.23 15:11:48.961,1.5782,1.57851,1.73,1.50
2012.11.23 15:11:49.022,1.57818,1.57851,1.50,1.73
2012.11.23 15:11:49.142,1.57813,1.57838,1.50,1.35
2012.11.23 15:11:49.262,1.57801,1.57833,2.10,1.50
2012.11.23 15:11:49.702,1.57806,1.57833,1.73,1.50
2012.11.23 15:11:49.954,1.57807,1.57833,1.73,1.50
2012.11.23 15:11:50.258,1.57807,1.57833,1.73,1.50
2012.11.23 15:11:50.322,1.57807,1.57833,1.73,1.50
2012.11.23 15:11:50.384,1.57807,1.57833,1.73,1.50
2012.11.23 15:11:50.442,1.57801,1.57833,1.73,1.50
2012.11.23 15:11:50.502,1.57799,1.57833,2.93,1.50
2012.11.23 15:11:50.973,1.578,1.57833,1.73,1.73
2012.11.23 15:11:53.461,1.578,1.57833,2.48,1.50
2012.11.23 15:11:53.761,1.578,1.57833,1.73,1.73
2012.11.23 15:11:54.303,1.578,1.57833,1.73,1.50
2012.11.23 15:11:54.602,1.57801,1.57834,1.73,2.25
2012.11.23 15:11:54.661,1.57801,1.57834,1.73,2.25
2012.11.23 15:11:55.234,1.578,1.57834,1.73,2.25
2012.11.23 15:12:01.981,1.578,1.57834,1.50,2.48
2012.11.23 15:12:02.482,1.57801,1.57834,1.50,2.25
2012.11.23 15:12:02.602,1.578,1.57834,1.50,2.25
2012.11.23 15:12:02.663,1.578,1.57834,1.50,2.48
2012.11.23 15:12:03.021,1.578,1.57833,1.50,1.73
2012.11.23 15:12:08.792,1.578,1.57833,1.50,1.73
2012.11.23 15:12:08.852,1.57794,1.57825,1.73,1.50
2012.11.23 15:12:09.092,1.57792,1.57825,1.50,1.73
2012.11.23 15:12:09.529,1.57792,1.57825,1.73,1.73
2012.11.23 15:12:11.654,1.57792,1.57825,1.73,1.73
2012.11.23 15:12:11.972,1.57793,1.57825,1.73,1.50
2012.11.23 15:12:12.462,1.57792,1.57825,1.73,1.50
2012.11.23 15:12:13.181,1.57795,1.57825,1.50,1.50
2012.11.23 15:12:13.602,1.57799,1.57832,1.50,1.63
2012.11.23 15:12:14.115,1.57793,1.57825,1.50,1.73
2012.11.23 15:12:14.362,1.57795,1.57825,1.73,1.50
2012.11.23 15:12:15.523,1.57796,1.57828,1.73,1.73
2012.11.23 15:12:15.582,1.578,1.57834,1.50,2.48
2012.11.23 15:12:16.413,1.57804,1.57834,1.35,2.85
2012.11.23 15:12:16.772,1.57827,1.57854,1.73,2.48
2012.11.23 15:12:16.890,1.57827,1.57854,1.73,1.50
2012.11.23 15:12:17.594,1.57827,1.57859,3.23,1.50
2012.11.23 15:12:18.251,1.57822,1.57853,1.32,1.50
2012.11.23 15:12:18.369,1.5782,1.57853,2.48,1.50
2012.11.23 15:12:18.624,1.57823,1.57853,1.73,1.50
2012.11.23 15:12:18.927,1.57823,1.57853,1.73,1.50
2012.11.23 15:12:19.328,1.57821,1.57853,1.73,1.50
2012.11.23 15:12:19.512,1.57823,1.57853,1.50,1.50
2012.11.23 15:12:19.822,1.57822,1.57853,1.73,1.50
2012.11.23 15:12:19.892,1.57822,1.57853,1.73,1.73
2012.11.23 15:12:21.815,1.57822,1.57853,1.73,1.50
2012.11.23 15:12:22.381,1.57821,1.57853,1.73,1.50
2012.11.23 15:12:23.791,1.57823,1.57853,1.73,1.50
2012.11.23 15:12:26.961,1.57814,1.57849,1.23,1.88
2012.11.23 15:12:27.021,1.57813,1.57847,1.50,2.22
2012.11.23 15:12:27.561,1.57813,1.57847,1.50,1.73
2012.11.23 15:12:27.801,1.57809,1.57839,1.73,1.73
2012.11.23 15:12:27.981,1.57808,1.57839,1.73,1.73
2012.11.23 15:12:30.851,1.57809,1.57839,1.50,1.73
2012.11.23 15:12:30.971,1.57809,1.57842,1.73,1.50
2012.11.23 15:12:31.091,1.57814,1.57846,1.73,1.73
2012.11.23 15:12:31.725,1.57814,1.57846,1.50,1.73
2012.11.23 15:12:31.853,1.57814,1.57846,1.73,1.50
2012.11.23 15:12:32.255,1.57814,1.57846,1.73,1.50
2012.11.23 15:12:33.143,1.57816,1.57848,1.73,1.50
2012.11.23 15:12:34.173,1.57816,1.57848,1.73,1.50
2012.11.23 15:12:34.411,1.57821,1.57854,1.73,1.73
2012.11.23 15:12:40.461,1.57816,1.57853,1.73,1.50
2012.11.23 15:12:40.521,1.57816,1.57849,1.73,1.50
2012.11.23 15:12:40.641,1.57807,1.57839,1.54,1.50
2012.11.23 15:12:40.761,1.57805,1.57839,1.50,1.73
2012.11.23 15:12:42.571,1.57807,1.57839,1.73,1.50
2012.11.23 15:12:42.631,1.57807,1.57839,1.73,1.50
2012.11.23 15:12:42.891,1.57807,1.57839,1.73,1.73
2012.11.23 15:12:44.031,1.57807,1.57839,1.73,1.73
2012.11.23 15:12:44.211,1.57805,1.57839,1.73,1.73
2012.11.23 15:12:44.271,1.57805,1.57839,1.50,1.73
2012.11.23 15:12:47.291,1.578,1.57831,1.73,1.50
2012.11.23 15:12:47.917,1.57796,1.57825,1.73,1.50
2012.11.23 15:12:48.102,1.578,1.57832,1.50,1.73
2012.11.23 15:12:48.466,1.57809,1.57834,1.52,1.50
2012.11.23 15:12:48.535,1.57809,1.57839,1.52,1.50
2012.11.23 15:12:49.311,1.57807,1.57839,1.73,1.50
2012.11.23 15:12:49.932,1.57806,1.57838,1.50,1.73
2012.11.23 15:12:51.382,1.57806,1.57838,2.48,1.73
2012.11.23 15:12:53.251,1.57806,1.57838,2.48,1.50
2012.11.23 15:12:53.592,1.57811,1.57841,1.73,1.50
2012.11.23 15:12:53.772,1.57816,1.57848,1.73,1.50
2012.11.23 15:12:54.753,1.57816,1.57848,2.40,1.50
2012.11.23 15:12:54.932,1.57826,1.57854,1.50,1.50
2012.11.23 15:12:55.112,1.57826,1.57854,2.25,1.50
2012.11.23 15:12:55.352,1.57826,1.57854,1.50,1.50
2012.11.23 15:12:55.412,1.57826,1.57858,1.50,1.73
2012.11.23 15:12:55.812,1.57825,1.57858,1.50,1.65
2012.11.23 15:12:56.716,1.57819,1.5785,1.50,1.65
2012.11.23 15:12:57.031,1.57825,1.57858,1.50,2.16
2012.11.23 15:12:57.455,1.5782,1.57851,1.50,1.73
2012.11.23 15:12:57.513,1.57819,1.57851,1.50,1.73
2012.11.23 15:13:07.422,1.57819,1.57852,1.50,1.73
2012.11.23 15:13:07.481,1.5782,1.57852,1.50,1.73
2012.11.23 15:13:07.601,1.5782,1.57852,1.73,1.50
2012.11.23 15:13:08.136,1.5782,1.57851,1.73,1.50
2012.11.23 15:13:08.682,1.57817,1.57847,1.73,1.50
2012.11.23 15:13:08.742,1.57817,1.57847,1.73,1.50
2012.11.23 15:13:08.802,1.57817,1.57847,1.73,1.50
2012.11.23 15:13:08.982,1.57813,1.57845,2.48,1.50
2012.11.23 15:13:09.102,1.57815,1.57845,1.73,1.50
2012.11.23 15:13:09.282,1.57812,1.57845,2.48,2.25
2012.11.23 15:13:11.921,1.57812,1.57843,1.65,1.50
2012.11.23 15:13:12.653,1.57812,1.57843,1.73,1.50
2012.11.23 15:13:14.461,1.57812,1.57843,1.65,1.50
2012.11.23 15:13:14.665,1.57812,1.57843,1.65,1.50
2012.11.23 15:13:15.721,1.57812,1.57843,1.73,1.50
2012.11.23 15:13:17.241,1.57807,1.57837,1.73,1.50
2012.11.23 15:13:17.301,1.57807,1.57837,1.50,1.73
2012.11.23 15:13:17.935,1.57806,1.57837,1.50,1.73
2012.11.23 15:13:18.154,1.57804,1.57837,1.50,1.73
2012.11.23 15:13:19.211,1.57806,1.57837,1.50,1.73
2012.11.23 15:13:20.003,1.57804,1.57837,1.50,1.73
2012.11.23 15:13:20.362,1.57798,1.5783,1.50,1.73
2012.11.23 15:13:20.542,1.57798,1.5783,1.50,1.73
2012.11.23 15:13:20.602,1.57798,1.57831,1.50,1.73
2012.11.23 15:13:20.661,1.57806,1.57838,1.50,1.73
2012.11.23 15:13:20.781,1.57806,1.57844,1.73,1.73
2012.11.23 15:13:20.971,1.57806,1.57844,1.73,1.73
2012.11.23 15:13:21.331,1.57813,1.57845,1.50,1.88
2012.11.23 15:13:23.474,1.57813,1.57845,1.73,1.50
2012.11.23 15:13:24.181,1.57813,1.57845,1.50,1.73
2012.11.23 15:13:24.302,1.57813,1.57845,1.73,1.73
2012.11.23 15:13:26.961,1.57813,1.57845,1.50,1.73
2012.11.23 15:13:30.872,1.57813,1.57845,1.50,1.73
2012.11.23 15:13:36.512,1.57813,1.57845,1.50,1.73
2012.11.23 15:13:37.062,1.57804,1.57837,1.73,1.50
2012.11.23 15:13:45.542,1.57804,1.57837,1.73,1.50
2012.11.23 15:13:45.603,1.57806,1.57839,1.73,1.73
2012.11.23 15:13:45.782,1.57806,1.57839,1.73,1.50
2012.11.23 15:13:46.642,1.57804,1.57837,1.73,1.50
2012.11.23 15:13:46.988,1.57804,1.57837,1.73,1.50
2012.11.23 15:13:47.111,1.57804,1.57837,1.73,1.73
2012.11.23 15:13:49.436,1.57806,1.57839,1.50,1.73
2012.11.23 15:13:49.631,1.57806,1.57839,1.73,1.50
2012.11.23 15:13:49.938,1.57804,1.57837,1.73,1.50
2012.11.23 15:13:50.211,1.57804,1.57837,1.73,1.73
2012.11.23 15:13:50.961,1.57804,1.57837,1.50,1.73
2012.11.23 15:13:51.044,1.57804,1.57837,1.50,1.73
2012.11.23 15:13:51.941,1.57804,1.57837,1.73,1.50
2012.11.23 15:13:52.183,1.57804,1.57837,1.73,1.73
2012.11.23 15:13:52.302,1.57804,1.57837,1.50,1.73
2012.11.23 15:13:52.382,1.57804,1.57837,1.50,1.73
2012.11.23 15:13:55.524,1.57797,1.57834,1.73,1.73
2012.11.23 15:13:55.582,1.57796,1.57829,2.48,1.50
2012.11.23 15:13:56.321,1.57796,1.57829,2.48,1.50
2012.11.23 15:13:56.442,1.57796,1.57828,1.50,1.73
2012.11.23 15:13:56.701,1.57789,1.57824,1.73,2.48
2012.11.23 15:13:56.765,1.57789,1.57824,1.73,2.25
2012.11.23 15:13:57.562,1.57797,1.57829,1.73,1.73
2012.11.23 15:13:57.801,1.57797,1.57831,2.48,1.73
2012.11.23 15:13:58.143,1.57797,1.57831,2.48,1.50
2012.11.23 15:13:59.002,1.57797,1.57831,2.48,1.73
2012.11.23 15:13:59.571,1.57797,1.57831,2.25,1.73
2012.11.23 15:13:59.902,1.57806,1.57836,1.50,1.50
2012.11.23 15:13:59.965,1.57807,1.57842,1.73,1.50
2012.11.23 15:14:00.022,1.5781,1.57843,1.73,1.73
2012.11.23 15:14:00.802,1.5781,1.57843,1.73,1.50
2012.11.23 15:14:01.152,1.5781,1.57842,1.73,1.50
2012.11.23 15:14:01.511,1.57801,1.57833,1.32,2.25
2012.11.23 15:14:01.632,1.57798,1.57833,1.73,2.48
2012.11.23 15:14:08.412,1.57798,1.5783,1.73,1.50
2012.11.23 15:14:08.531,1.57792,1.57821,1.50,1.73
2012.11.23 15:14:08.592,1.57789,1.57821,1.73,1.73
2012.11.23 15:14:08.652,1.57799,1.5783,1.50,1.73
2012.11.23 15:14:08.902,1.57799,1.57831,1.50,1.45
2012.11.23 15:14:08.961,1.57799,1.57832,1.73,1.73
2012.11.23 15:14:09.023,1.57804,1.57838,1.50,2.33
2012.11.23 15:14:09.515,1.57806,1.57838,1.50,1.73
2012.11.23 15:14:09.702,1.5781,1.57841,1.50,1.28
2012.11.23 15:14:10.042,1.5781,1.57843,1.73,1.13
2012.11.23 15:14:10.681,1.5781,1.57846,1.73,1.73
2012.11.23 15:14:10.801,1.5781,1.57844,1.50,1.61
2012.11.23 15:14:14.132,1.5781,1.57846,1.50,1.73
2012.11.23 15:14:14.252,1.5781,1.57846,1.50,1.73
2012.11.23 15:14:15.762,1.5781,1.57846,1.50,1.73
2012.11.23 15:14:15.882,1.5781,1.57846,1.50,1.73
2012.11.23 15:14:18.893,1.5781,1.57846,1.50,2.04
2012.11.23 15:14:19.194,1.57804,1.57835,1.50,2.09
2012.11.23 15:14:19.663,1.57789,1.57824,1.73,1.50
2012.11.23 15:14:19.740,1.57798,1.57833,1.73,1.73
2012.11.23 15:14:20.046,1.57804,1.57836,1.50,1.73
2012.11.23 15:14:20.173,1.57804,1.57836,1.50,1.73
2012.11.23 15:14:21.552,1.57806,1.5784,1.73,1.73
2012.11.23 15:14:21.851,1.57804,1.57839,1.73,1.50
2012.11.23 15:14:22.382,1.57804,1.57837,1.50,1.73
2012.11.23 15:14:24.951,1.57804,1.57839,1.50,2.48
2012.11.23 15:14:25.071,1.57799,1.5783,1.50,1.73
2012.11.23 15:14:25.131,1.57796,1.5783,1.50,1.73
2012.11.23 15:14:25.192,1.57797,1.57833,1.50,2.48
2012.11.23 15:14:25.251,1.57797,1.57833,1.73,1.50
2012.11.23 15:14:28.115,1.57803,1.57833,1.50,1.73
2012.11.23 15:14:28.531,1.57803,1.57837,1.73,2.48
2012.11.23 15:14:30.121,1.57803,1.57835,1.73,1.73
2012.11.23 15:14:30.362,1.57797,1.57829,1.50,1.73
2012.11.23 15:14:30.481,1.57797,1.57831,1.73,1.50
2012.11.23 15:14:34.103,1.57802,1.57836,1.73,1.50
2012.11.23 15:14:34.502,1.57802,1.57836,1.73,1.73
2012.11.23 15:14:35.431,1.57802,1.57836,1.50,1.73
2012.11.23 15:14:36.512,1.57802,1.57833,1.50,1.59
2012.11.23 15:14:36.942,1.57797,1.57828,1.50,1.73
2012.11.23 15:14:37.002,1.57797,1.57828,1.50,2.27
2012.11.23 15:14:37.802,1.57795,1.57826,1.50,1.73
2012.11.23 15:14:39.062,1.57796,1.57828,1.73,1.50
2012.11.23 15:14:39.122,1.57796,1.57828,1.73,1.50
2012.11.23 15:14:39.471,1.578,1.57834,1.73,1.50
2012.11.23 15:14:39.595,1.578,1.57834,1.73,1.50
2012.11.23 15:14:39.712,1.578,1.57834,1.73,1.73
2012.11.23 15:14:41.942,1.578,1.57834,1.50,1.73
2012.11.23 15:14:42.011,1.578,1.57834,1.73,1.73
2012.11.23 15:14:44.105,1.57796,1.57834,1.73,2.48
2012.11.23 15:14:44.466,1.57792,1.57822,1.50,1.29
2012.11.23 15:14:44.651,1.57792,1.57824,1.50,1.29
2012.11.23 15:14:45.217,1.57794,1.57827,1.50,1.88
2012.11.23 15:14:45.293,1.57796,1.57829,1.73,1.13
2012.11.23 15:14:45.483,1.578,1.57834,1.50,2.48
2012.11.23 15:14:45.602,1.578,1.57834,1.73,2.48
2012.11.23 15:14:46.699,1.578,1.57834,1.73,2.25
2012.11.23 15:14:48.395,1.578,1.57834,1.73,2.25
2012.11.23 15:14:48.983,1.578,1.57834,1.73,2.25
2012.11.23 15:14:49.563,1.57807,1.57838,1.50,1.73
2012.11.23 15:14:50.272,1.57807,1.5784,2.48,1.73
2012.11.23 15:14:50.452,1.57807,1.57838,1.73,1.50
2012.11.23 15:14:51.231,1.57806,1.57834,1.50,1.73
2012.11.23 15:14:51.652,1.578,1.57832,1.73,1.50
2012.11.23 15:14:52.022,1.578,1.57832,1.50,1.73
2012.11.23 15:14:52.142,1.578,1.57832,1.73,1.73
2012.11.23 15:14:52.202,1.57799,1.57831,1.73,1.73
2012.11.23 15:14:52.651,1.578,1.57832,1.73,1.73
2012.11.23 15:14:53.405,1.57799,1.57831,1.73,1.50
2012.11.23 15:14:53.891,1.57799,1.57831,1.50,1.73
2012.11.23 15:14:53.952,1.578,1.57832,1.50,1.73
2012.11.23 15:14:54.560,1.578,1.57832,1.58,1.50
2012.11.23 15:14:55.013,1.57807,1.57839,2.25,1.73
2012.11.23 15:14:55.441,1.57808,1.5784,1.50,1.73
2012.11.23 15:14:55.502,1.57808,1.5784,1.73,1.50
2012.11.23 15:14:55.801,1.57814,1.57846,1.73,1.73
2012.11.23 15:14:56.210,1.57812,1.57846,1.50,1.73
2012.11.23 15:14:56.457,1.57812,1.57846,1.73,1.73
2012.11.23 15:14:56.526,1.57811,1.57844,1.73,1.73
2012.11.23 15:14:56.832,1.57813,1.57844,1.73,1.50
2012.11.23 15:14:57.191,1.57816,1.57846,1.73,1.50
2012.11.23 15:14:57.315,1.57816,1.57846,1.73,1.50
2012.11.23 15:14:57.372,1.57816,1.57839,1.73,1.50
2012.11.23 15:14:57.431,1.57816,1.57844,1.73,1.50
2012.11.23 15:14:57.671,1.5781,1.57842,1.50,1.73
2012.11.23 15:14:57.731,1.5781,1.57842,1.50,1.73
2012.11.23 15:14:58.248,1.57809,1.57842,1.50,1.73
2012.11.23 15:14:58.791,1.57807,1.57833,1.50,1.50
2012.11.23 15:14:58.912,1.57807,1.57833,1.50,1.50
2012.11.23 15:14:59.432,1.57812,1.57844,1.50,1.73
2012.11.23 15:14:59.732,1.57818,1.57852,1.50,1.73
2012.11.23 15:15:00.153,1.57806,1.57839,2.48,1.50
2012.11.23 15:15:00.211,1.57806,1.57836,2.48,1.50
2012.11.23 15:15:00.272,1.57806,1.57836,2.25,1.73
2012.11.23 15:15:00.905,1.57807,1.57836,1.73,1.50
2012.11.23 15:15:01.815,1.57807,1.57836,1.73,1.50
2012.11.23 15:15:02.012,1.57807,1.57836,1.50,1.73
2012.11.23 15:15:02.324,1.57807,1.57836,1.50,1.50
2012.11.23 15:15:02.462,1.57807,1.57836,1.50,1.50
2012.11.23 15:15:02.792,1.57807,1.57836,1.50,1.73
2012.11.23 15:15:02.991,1.57807,1.57836,1.50,1.50
2012.11.23 15:15:03.521,1.57807,1.57836,1.50,1.50
2012.11.23 15:15:04.138,1.57807,1.57836,1.50,1.50
2012.11.23 15:15:04.651,1.57806,1.57836,1.73,1.50
2012.11.23 15:15:07.223,1.57806,1.57836,1.50,1.73
2012.11.23 15:15:07.344,1.57806,1.57836,1.73,1.50
2012.11.23 15:15:09.982,1.57804,1.57836,2.48,1.50
2012.11.23 15:15:10.845,1.57801,1.57833,1.73,2.25
2012.11.23 15:15:11.731,1.57804,1.57833,1.73,2.25
2012.11.23 15:15:11.852,1.57806,1.57833,1.73,2.25
2012.11.23 15:15:12.401,1.57802,1.57833,3.04,1.50
2012.11.23 15:15:12.536,1.57802,1.57833,1.73,1.50
2012.11.23 15:15:13.953,1.57802,1.57833,1.73,1.50
2012.11.23 15:15:14.072,1.57796,1.57834,1.73,2.48
2012.11.23 15:15:14.191,1.57796,1.57833,1.50,1.52
2012.11.23 15:15:14.253,1.57787,1.57818,1.73,1.50
2012.11.23 15:15:14.611,1.57787,1.57818,1.73,1.50
2012.11.23 15:15:14.922,1.57788,1.57818,1.24,1.50
2012.11.23 15:15:15.284,1.57787,1.57818,1.73,1.50
2012.11.23 15:15:15.701,1.57785,1.57807,1.55,1.50
2012.11.23 15:15:15.824,1.5778,1.57807,1.13,1.50
2012.11.23 15:15:15.942,1.57784,1.57807,1.34,1.50
2012.11.23 15:15:16.063,1.57785,1.57813,1.30,1.50
2012.11.23 15:15:16.414,1.57785,1.57814,1.30,1.50
2012.11.23 15:15:16.741,1.57791,1.57822,1.22,1.50
2012.11.23 15:15:17.454,1.57791,1.57818,1.22,1.50
2012.11.23 15:15:18.023,1.57793,1.57818,1.41,1.50
2012.11.23 15:15:18.185,1.57783,1.57818,1.94,1.50
2012.11.23 15:15:18.642,1.57783,1.57815,1.19,1.50
2012.11.23 15:15:18.766,1.57783,1.57815,1.19,1.50
2012.11.23 15:15:19.570,1.57784,1.57821,1.15,1.50
2012.11.23 15:15:19.932,1.57787,1.57823,1.65,1.50
2012.11.23 15:15:20.052,1.57793,1.57823,1.37,1.50
2012.11.23 15:15:20.243,1.57794,1.57825,1.65,1.50
2012.11.23 15:15:20.623,1.57794,1.57827,1.65,1.50
2012.11.23 15:15:21.001,1.57787,1.5782,1.73,1.50
2012.11.23 15:15:21.183,1.57795,1.57823,1.50,1.50
2012.11.23 15:15:21.242,1.57797,1.57827,1.73,1.50
2012.11.23 15:15:21.422,1.57797,1.57829,1.73,1.50
2012.11.23 15:15:21.482,1.57797,1.57829,2.18,1.50
2012.11.23 15:15:21.853,1.57803,1.57834,1.43,1.50
2012.11.23 15:15:24.932,1.5781,1.57841,1.73,1.50
2012.11.23 15:15:25.273,1.5781,1.57843,1.73,1.50
2012.11.23 15:15:25.792,1.57812,1.57843,1.73,2.25
2012.11.23 15:15:25.911,1.5781,1.57843,1.73,1.50
2012.11.23 15:15:25.972,1.5781,1.57841,1.73,1.50
2012.11.23 15:15:26.321,1.5781,1.57843,1.73,2.25
2012.11.23 15:15:26.442,1.5781,1.57841,1.73,1.50
2012.11.23 15:15:26.624,1.5781,1.57843,1.50,2.48
2012.11.23 15:15:26.743,1.5781,1.57843,1.73,2.25
2012.11.23 15:15:27.325,1.57809,1.57843,1.73,2.48
2012.11.23 15:15:27.857,1.57809,1.57843,1.73,2.25
2012.11.23 15:15:28.042,1.57809,1.57843,1.73,2.25
2012.11.23 15:15:28.161,1.57809,1.57843,1.73,2.25
2012.11.23 15:15:28.282,1.57809,1.57841,1.73,1.50
2012.11.23 15:15:29.021,1.57809,1.57841,1.73,1.73
2012.11.23 15:15:29.463,1.57801,1.57835,1.73,1.50
2012.11.23 15:15:30.541,1.57801,1.57835,1.73,1.73
2012.11.23 15:15:31.214,1.57801,1.57835,1.50,1.73
2012.11.23 15:15:31.534,1.57801,1.57835,1.73,1.50
2012.11.23 15:15:32.073,1.57801,1.57835,1.73,2.25
2012.11.23 15:15:32.131,1.57789,1.57821,1.25,1.50
2012.11.23 15:15:32.191,1.57789,1.57821,1.25,1.50
2012.11.23 15:15:32.255,1.57787,1.57821,1.88,1.50
2012.11.23 15:15:32.731,1.57787,1.57823,2.48,1.50
2012.11.23 15:15:32.792,1.57789,1.57823,1.41,1.50
2012.11.23 15:15:33.121,1.57787,1.57823,2.48,1.50
2012.11.23 15:15:33.457,1.57794,1.57826,1.73,1.50
2012.11.23 15:15:35.182,1.57789,1.57823,1.56,1.50
2012.11.23 15:15:35.362,1.57787,1.57823,1.73,1.73
2012.11.23 15:15:35.482,1.57791,1.57824,1.65,1.50
2012.11.23 15:15:35.579,1.57791,1.57824,1.65,1.50
2012.11.23 15:15:36.951,1.57794,1.57827,2.48,1.50
2012.11.23 15:15:37.192,1.57794,1.57827,1.73,1.50
2012.11.23 15:15:37.673,1.57793,1.57825,1.73,1.50
2012.11.23 15:15:38.812,1.57787,1.5782,1.59,1.50
2012.11.23 15:15:39.113,1.57786,1.5782,1.73,1.73
2012.11.23 15:15:39.354,1.57791,1.57824,1.50,1.50
2012.11.23 15:15:39.414,1.57792,1.57824,1.73,1.50
2012.11.23 15:15:39.922,1.57792,1.57824,1.73,1.50
2012.11.23 15:15:39.982,1.57792,1.57824,1.50,1.73
2012.11.23 15:15:40.178,1.57792,1.57824,1.50,2.48
2012.11.23 15:15:40.504,1.57792,1.57823,1.50,1.58
2012.11.23 15:15:40.922,1.57792,1.57813,1.50,1.50
2012.11.23 15:15:41.402,1.57792,1.57823,1.50,1.73
2012.11.23 15:15:41.859,1.5779,1.57817,1.50,1.50
2012.11.23 15:15:42.365,1.57787,1.57818,1.50,1.73
2012.11.23 15:15:42.431,1.57786,1.57817,1.50,1.73
2012.11.23 15:15:42.673,1.57787,1.57822,1.50,1.73
2012.11.23 15:15:42.992,1.5779,1.57823,1.73,1.73
2012.11.23 15:15:43.173,1.5779,1.57823,1.73,2.48
2012.11.23 15:15:43.503,1.5779,1.57823,1.73,2.48
2012.11.23 15:15:44.042,1.57787,1.57823,1.73,3.23
2012.11.23 15:15:44.402,1.57783,1.57816,1.73,1.50
2012.11.23 15:15:44.621,1.57783,1.57816,1.73,1.50
2012.11.23 15:15:44.742,1.57783,1.57816,1.73,1.73
2012.11.23 15:15:45.112,1.57781,1.57814,1.73,1.73
2012.11.23 15:15:45.174,1.57776,1.57814,2.10,2.48
2012.11.23 15:15:45.547,1.57776,1.57811,2.10,1.50
2012.11.23 15:15:49.044,1.57782,1.57814,1.73,1.73
2012.11.23 15:15:49.102,1.57776,1.5781,2.10,1.50
2012.11.23 15:15:49.453,1.57769,1.578,1.25,1.50
2012.11.23 15:15:49.573,1.57768,1.578,1.73,1.50
2012.11.23 15:15:49.632,1.57763,1.5779,1.38,1.50
2012.11.23 15:15:49.752,1.57766,1.57797,1.73,1.50
2012.11.23 15:15:50.214,1.57766,1.57797,1.73,1.50
2012.11.23 15:15:50.332,1.57766,1.57797,1.73,2.25
2012.11.23 15:15:51.165,1.57766,1.57797,1.73,1.50
2012.11.23 15:15:52.392,1.57773,1.57804,1.73,1.73
2012.11.23 15:15:54.692,1.57773,1.57804,1.73,1.50
2012.11.23 15:15:54.814,1.57773,1.57804,1.73,1.50
2012.11.23 15:15:56.330,1.57773,1.57803,1.73,1.50
2012.11.23 15:15:56.632,1.57771,1.57797,1.50,1.50
2012.11.23 15:15:57.169,1.57773,1.57804,1.50,1.50
2012.11.23 15:15:57.353,1.57773,1.57804,1.73,1.50
2012.11.23 15:15:59.654,1.57773,1.57804,1.73,2.25
2012.11.23 15:16:02.381,1.57776,1.57805,1.35,1.50
2012.11.23 15:16:02.442,1.5778,1.57809,1.50,1.73
2012.11.23 15:16:02.501,1.5778,1.57814,1.50,1.73
2012.11.23 15:16:02.561,1.5778,1.57814,1.73,1.50
2012.11.23 15:16:03.222,1.57778,1.57812,1.73,2.25
2012.11.23 15:16:03.282,1.57778,1.57812,1.73,2.48
2012.11.23 15:16:03.402,1.57778,1.57812,1.73,2.25
2012.11.23 15:16:04.482,1.57776,1.57804,1.35,1.50
2012.11.23 15:16:05.021,1.5778,1.57811,1.50,1.73
2012.11.23 15:16:05.322,1.5778,1.57811,1.73,1.50
2012.11.23 15:16:05.383,1.57782,1.57813,1.73,1.50
2012.11.23 15:16:05.643,1.57787,1.57821,1.50,1.73
2012.11.23 15:16:05.703,1.57787,1.57823,1.73,1.50
2012.11.23 15:16:05.822,1.57787,1.57821,1.73,1.50
2012.11.23 15:16:06.363,1.57787,1.5782,1.73,1.73
2012.11.23 15:16:06.672,1.57787,1.57814,1.73,1.50
2012.11.23 15:16:06.923,1.57787,1.5782,2.48,1.50
2012.11.23 15:16:07.103,1.57787,1.5782,2.48,1.50
2012.11.23 15:16:07.274,1.57787,1.57817,1.73,1.50
2012.11.23 15:16:07.393,1.57784,1.57815,1.73,1.50
2012.11.23 15:16:08.262,1.57787,1.57817,1.50,1.73
2012.11.23 15:16:08.337,1.57789,1.57823,1.50,2.48
2012.11.23 15:16:09.001,1.57789,1.57823,1.50,2.48
2012.11.23 15:16:09.121,1.57784,1.57817,1.73,2.25
2012.11.23 15:16:09.393,1.57787,1.5782,1.50,1.73
2012.11.23 15:16:09.451,1.57789,1.57821,1.50,1.73
2012.11.23 15:16:09.512,1.57789,1.57821,1.73,1.73
2012.11.23 15:16:10.013,1.57789,1.57822,1.73,1.50
2012.11.23 15:16:10.079,1.57792,1.57822,1.73,1.50
2012.11.23 15:16:10.383,1.57792,1.57824,2.11,2.25
2012.11.23 15:16:10.562,1.57789,1.57823,1.73,1.50
2012.11.23 15:16:13.401,1.57787,1.57821,1.73,1.73
2012.11.23 15:16:13.523,1.57784,1.57815,1.73,1.50
2012.11.23 15:16:13.704,1.57784,1.57815,1.73,1.50
2012.11.23 15:16:13.912,1.57789,1.57821,1.73,1.73
2012.11.23 15:16:14.421,1.57789,1.57822,1.73,1.73
2012.11.23 15:16:15.252,1.57789,1.57821,1.73,1.73
2012.11.23 15:16:15.511,1.57789,1.57821,1.73,1.73
2012.11.23 15:16:17.336,1.57789,1.57823,1.73,1.73
2012.11.23 15:16:17.592,1.57789,1.57823,1.73,1.50
2012.11.23 15:16:18.546,1.57796,1.57826,1.73,1.73
2012.11.23 15:16:19.613,1.5779,1.57823,1.73,1.50
2012.11.23 15:16:21.612,1.5779,1.57823,1.73,1.50
2012.11.23 15:16:22.044,1.5779,1.57823,1.73,1.73
2012.11.23 15:16:23.104,1.5779,1.57823,1.73,1.73
2012.11.23 15:16:24.092,1.5779,1.57823,1.50,2.48
2012.11.23 15:16:24.397,1.57787,1.57818,1.50,1.73
2012.11.23 15:16:24.701,1.57786,1.57817,1.50,1.73
2012.11.23 15:16:24.912,1.57784,1.57815,1.73,1.50
2012.11.23 15:16:24.978,1.57784,1.57815,1.50,1.73
2012.11.23 15:16:25.961,1.5778,1.57814,1.35,1.50
2012.11.23 15:16:26.023,1.57777,1.57811,1.35,1.50
2012.11.23 15:16:27.472,1.57776,1.57811,1.73,1.50
2012.11.23 15:16:27.982,1.57775,1.57809,1.73,1.73
2012.11.23 15:16:30.362,1.57775,1.57809,1.73,1.50
2012.11.23 15:16:35.043,1.57776,1.57811,1.73,1.50
2012.11.23 15:16:35.284,1.57783,1.57815,1.73,1.65
2012.11.23 15:16:35.935,1.57783,1.57815,1.73,1.65
2012.11.23 15:16:36.054,1.57783,1.57815,1.73,1.65
2012.11.23 15:16:38.113,1.57783,1.57815,1.73,1.50
2012.11.23 15:16:38.667,1.57786,1.57817,1.73,1.35
2012.11.23 15:16:40.673,1.57791,1.57819,1.73,1.50
2012.11.23 15:16:40.732,1.57793,1.57823,1.73,2.25
2012.11.23 15:16:41.054,1.57791,1.57823,1.73,2.25
2012.11.23 15:16:41.354,1.57793,1.57823,1.73,2.25
2012.11.23 15:16:41.762,1.57793,1.57823,1.73,1.50
2012.11.23 15:16:44.643,1.57793,1.57823,1.73,1.50
2012.11.23 15:16:45.763,1.57797,1.57829,2.48,1.50
2012.11.23 15:16:46.325,1.57797,1.57829,2.40,1.50
2012.11.23 15:16:47.019,1.57797,1.57829,2.40,1.50
2012.11.23 15:16:48.882,1.57793,1.57823,1.73,1.50
2012.11.23 15:16:49.002,1.57793,1.57823,1.73,1.50
2012.11.23 15:16:49.332,1.57793,1.57823,1.73,1.50
2012.11.23 15:16:49.651,1.5779,1.57823,1.73,1.50
2012.11.23 15:16:53.152,1.57793,1.57823,1.73,1.50
2012.11.23 15:16:53.612,1.57796,1.57824,1.50,1.50
2012.11.23 15:16:53.971,1.57798,1.57828,1.73,1.50
2012.11.23 15:16:54.472,1.57798,1.57824,1.73,1.50
2012.11.23 15:16:54.595,1.57793,1.57823,1.73,1.50
2012.11.23 15:16:54.663,1.57793,1.57823,1.73,1.50
2012.11.23 15:16:55.163,1.57793,1.57824,2.48,1.50
2012.11.23 15:16:55.342,1.57793,1.57824,1.73,1.50
2012.11.23 15:16:55.943,1.57793,1.57824,1.73,1.50
2012.11.23 15:16:56.007,1.57793,1.57824,1.73,1.50
2012.11.23 15:16:56.362,1.57793,1.57824,1.73,1.50
2012.11.23 15:16:59.211,1.57793,1.57824,1.73,1.50
2012.11.23 15:16:59.437,1.57793,1.57824,1.73,1.50
2012.11.23 15:17:00.244,1.57793,1.57824,1.73,1.50
2012.11.23 15:17:00.770,1.57797,1.5783,1.73,2.25
2012.11.23 15:17:02.423,1.57797,1.5783,1.73,1.73
2012.11.23 15:17:02.783,1.57795,1.57824,1.27,1.50
2012.11.23 15:17:04.963,1.57795,1.57826,1.27,1.50
2012.11.23 15:17:05.222,1.578,1.5783,1.73,1.50
2012.11.23 15:17:05.282,1.578,1.57833,1.73,2.25
2012.11.23 15:17:05.836,1.57802,1.57832,1.59,1.50
2012.11.23 15:17:06.908,1.57792,1.57824,1.32,1.50
2012.11.23 15:17:06.977,1.57792,1.57824,1.32,2.25
2012.11.23 15:17:07.173,1.57798,1.5783,1.73,1.50
2012.11.23 15:17:07.234,1.57798,1.5783,1.73,1.50
2012.11.23 15:17:09.528,1.57798,1.57828,1.73,1.50
2012.11.23 15:17:10.201,1.57791,1.57825,1.73,1.50
2012.11.23 15:17:10.442,1.57791,1.57825,1.73,2.25
2012.11.23 15:17:10.802,1.57799,1.57823,1.73,1.50
2012.11.23 15:17:11.000,1.57794,1.57825,1.73,1.50
2012.11.23 15:17:11.122,1.57792,1.57825,1.73,1.50
2012.11.23 15:17:11.302,1.57794,1.57825,1.73,1.50
2012.11.23 15:17:11.362,1.57795,1.57825,1.50,1.50
2012.11.23 15:17:11.702,1.57806,1.57827,1.59,1.50
2012.11.23 15:17:11.762,1.57806,1.57832,1.59,1.50
2012.11.23 15:17:11.824,1.57806,1.57833,1.59,1.50
2012.11.23 15:17:12.016,1.57806,1.57837,2.34,1.50
2012.11.23 15:17:12.203,1.57806,1.57836,1.73,1.50
2012.11.23 15:17:13.083,1.57805,1.57838,1.73,1.50
2012.11.23 15:17:13.642,1.57805,1.57837,1.73,1.50
2012.11.23 15:17:13.988,1.57812,1.57837,1.50,1.50
2012.11.23 15:17:14.446,1.57812,1.57847,1.50,1.73
2012.11.23 15:17:14.883,1.57814,1.57834,1.63,1.50
2012.11.23 15:17:14.950,1.57811,1.57833,1.50,1.50
2012.11.23 15:17:15.272,1.57798,1.57832,1.73,1.50
2012.11.23 15:17:15.474,1.57808,1.57831,1.50,1.50
2012.11.23 15:17:15.895,1.57801,1.57827,1.50,1.50
2012.11.23 15:17:16.195,1.57801,1.5783,1.50,1.73
2012.11.23 15:17:16.493,1.57798,1.57826,1.50,1.50
2012.11.23 15:17:16.694,1.57795,1.57826,1.73,1.50
2012.11.23 15:17:16.751,1.57792,1.57826,1.73,1.50
2012.11.23 15:17:16.872,1.57792,1.57826,1.73,1.50
2012.11.23 15:17:17.458,1.57792,1.57826,1.73,1.50
2012.11.23 15:17:17.524,1.57792,1.57826,1.73,1.50
2012.11.23 15:17:17.581,1.57792,1.57826,1.73,1.50
2012.11.23 15:17:18.693,1.57789,1.57819,1.34,1.50
2012.11.23 15:17:19.163,1.57789,1.57822,1.34,1.50
2012.11.23 15:17:21.982,1.57789,1.57819,1.34,1.50
2012.11.23 15:17:22.042,1.57787,1.57819,2.22,1.50
2012.11.23 15:17:22.162,1.57795,1.57828,1.73,1.50
2012.11.23 15:17:22.661,1.57787,1.5782,2.02,1.50
2012.11.23 15:17:23.121,1.57786,1.57812,1.27,1.50
2012.11.23 15:17:23.182,1.5778,1.57812,1.73,1.50
2012.11.23 15:17:23.542,1.57779,1.57811,1.73,1.50
2012.11.23 15:17:24.288,1.57779,1.57811,1.73,1.50
2012.11.23 15:17:24.792,1.57779,1.57811,1.73,1.50
2012.11.23 15:17:25.093,1.57779,1.57809,1.65,1.50
2012.11.23 15:17:25.158,1.57779,1.57809,1.65,1.50
2012.11.23 15:17:25.230,1.57772,1.578,1.65,1.50
2012.11.23 15:17:25.681,1.57772,1.578,1.73,1.50
2012.11.23 15:17:26.373,1.57772,1.578,1.73,1.50
2012.11.23 15:17:26.892,1.57772,1.57804,1.73,1.73
2012.11.23 15:17:27.312,1.57773,1.57805,1.73,1.73
2012.11.23 15:17:27.416,1.57773,1.57805,1.73,1.50
2012.11.23 15:17:27.793,1.57773,1.57805,1.73,1.50
2012.11.23 15:17:28.341,1.57773,1.57805,1.73,1.50
2012.11.23 15:17:28.892,1.57772,1.57805,1.73,2.48
2012.11.23 15:17:29.732,1.57767,1.57797,1.73,1.50
2012.11.23 15:17:30.040,1.57772,1.57803,1.73,1.50
2012.11.23 15:17:30.422,1.57772,1.57803,1.73,1.50
2012.11.23 15:17:30.781,1.57779,1.57812,1.73,1.50
2012.11.23 15:17:31.652,1.57779,1.57812,1.73,1.50
2012.11.23 15:17:31.932,1.57779,1.57803,1.50,1.73
2012.11.23 15:17:32.293,1.57766,1.57797,1.50,1.50
2012.11.23 15:17:35.892,1.57757,1.57791,1.73,1.50
2012.11.23 15:17:36.321,1.57765,1.57797,1.73,2.25
2012.11.23 15:17:39.652,1.57765,1.57797,1.73,1.50
2012.11.23 15:17:39.772,1.57765,1.57797,1.73,1.50
2012.11.23 15:17:44.824,1.57765,1.57797,1.73,1.50
2012.11.23 15:17:45.336,1.57767,1.57797,1.73,1.50
2012.11.23 15:17:45.392,1.57767,1.57797,1.73,1.50
2012.11.23 15:17:45.752,1.57767,1.57799,1.73,1.50
2012.11.23 15:17:46.133,1.57773,1.57806,1.50,2.48
2012.11.23 15:17:46.588,1.57767,1.57801,2.48,1.50
2012.11.23 15:17:47.025,1.57767,1.578,1.73,1.50
2012.11.23 15:17:47.145,1.57767,1.578,1.50,1.73
2012.11.23 15:17:47.647,1.57767,1.57801,1.73,2.48
2012.11.23 15:17:47.715,1.57767,1.57804,1.73,1.73
2012.11.23 15:17:48.452,1.57775,1.57806,1.73,1.13
2012.11.23 15:17:50.557,1.57768,1.57802,1.73,1.50
2012.11.23 15:17:50.697,1.57767,1.57802,1.73,1.73
2012.11.23 15:17:51.143,1.57767,1.57802,1.73,1.50
2012.11.23 15:17:51.690,1.57767,1.57802,1.73,1.50
2012.11.23 15:17:51.992,1.57775,1.57808,1.73,1.50
2012.11.23 15:17:52.332,1.57775,1.57808,1.73,1.50
2012.11.23 15:17:52.822,1.57776,1.57808,1.73,1.50
2012.11.23 15:17:53.002,1.57783,1.57814,1.50,1.73
2012.11.23 15:17:53.122,1.57783,1.57814,1.73,1.50
2012.11.23 15:17:53.863,1.57783,1.57814,1.73,1.50
2012.11.23 15:17:54.042,1.57783,1.57814,1.50,1.73
2012.11.23 15:17:54.222,1.57783,1.57814,1.73,1.50
2012.11.23 15:17:54.632,1.57783,1.57814,1.73,1.50
2012.11.23 15:17:54.872,1.57775,1.57808,1.73,1.50
2012.11.23 15:17:55.962,1.57775,1.57808,1.73,1.50
2012.11.23 15:17:57.632,1.57775,1.57808,1.73,1.73
2012.11.23 15:18:00.446,1.57768,1.57801,1.73,1.50
2012.11.23 15:18:03.302,1.57768,1.57801,1.73,1.50
2012.11.23 15:18:03.602,1.57768,1.57801,1.73,1.73
2012.11.23 15:18:03.725,1.57768,1.57801,1.73,1.50
2012.11.23 15:18:03.962,1.57768,1.57801,1.73,1.73
2012.11.23 15:18:04.302,1.57768,1.57801,1.73,1.73
2012.11.23 15:18:04.542,1.57768,1.57801,1.73,1.50
2012.11.23 15:18:06.243,1.57768,1.57801,1.73,1.73
2012.11.23 15:18:06.482,1.57768,1.57801,1.73,1.73
2012.11.23 15:18:06.544,1.57761,1.57794,1.73,1.73
2012.11.23 15:18:07.204,1.57761,1.57794,1.73,1.73
2012.11.23 15:18:07.322,1.57761,1.57794,1.73,1.50
2012.11.23 15:18:08.701,1.57762,1.57794,1.73,1.50
2012.11.23 15:18:08.943,1.57766,1.57803,1.73,1.50
2012.11.23 15:18:09.393,1.57768,1.57803,1.73,1.50
2012.11.23 15:18:09.842,1.57768,1.57803,1.73,1.73
2012.11.23 15:18:10.972,1.57768,1.57803,1.73,1.50
2012.11.23 15:18:11.151,1.57775,1.57807,1.73,1.50
2012.11.23 15:18:14.443,1.57775,1.57807,1.50,1.73
2012.11.23 15:18:15.042,1.5777,1.57804,1.73,1.73
2012.11.23 15:18:15.102,1.57768,1.57801,1.73,1.73
2012.11.23 15:18:15.703,1.57768,1.57801,1.73,1.73
2012.11.23 15:18:16.043,1.57768,1.57801,1.73,1.50
2012.11.23 15:18:17.853,1.57768,1.57799,1.73,1.50
2012.11.23 15:18:18.212,1.57768,1.57799,1.50,1.73
2012.11.23 15:18:18.392,1.57762,1.57794,1.73,1.50
2012.11.23 15:18:18.452,1.5776,1.57794,1.73,1.50
2012.11.23 15:18:18.572,1.5776,1.57794,1.73,1.50
2012.11.23 15:18:18.979,1.57748,1.57779,1.47,1.50
2012.11.23 15:18:19.183,1.57749,1.57781,1.47,1.50
2012.11.23 15:18:19.747,1.57754,1.57787,1.73,2.25
2012.11.23 15:18:20.172,1.57754,1.57787,1.73,1.50
2012.11.23 15:18:20.294,1.57761,1.57794,1.50,1.73
2012.11.23 15:18:20.652,1.57761,1.57794,1.73,1.50
2012.11.23 15:18:20.832,1.57761,1.57794,1.73,1.50
2012.11.23 15:18:21.013,1.57761,1.57794,1.73,1.50
2012.11.23 15:18:21.319,1.57768,1.57801,1.73,1.50
2012.11.23 15:18:21.833,1.57768,1.57801,1.73,1.50
2012.11.23 15:18:22.992,1.57768,1.57801,1.73,1.50
2012.11.23 15:18:24.662,1.57768,1.57801,1.73,1.73
2012.11.23 15:18:25.144,1.57768,1.57801,1.73,1.50
2012.11.23 15:18:25.203,1.57768,1.57803,1.73,1.50
2012.11.23 15:18:26.183,1.57768,1.57801,1.73,1.50
2012.11.23 15:18:26.691,1.57768,1.57803,1.73,2.25
2012.11.23 15:18:27.161,1.5777,1.57803,1.73,2.25
2012.11.23 15:18:27.463,1.57768,1.57801,2.18,1.50
2012.11.23 15:18:29.481,1.5777,1.57801,1.56,1.50
2012.11.23 15:18:30.012,1.57768,1.57801,1.73,1.50
2012.11.23 15:18:32.453,1.57769,1.57801,1.34,1.50
2012.11.23 15:18:33.252,1.57775,1.57807,1.73,1.50
2012.11.23 15:18:33.432,1.57776,1.57807,1.73,1.50
2012.11.23 15:18:37.702,1.57776,1.5781,1.73,1.50
2012.11.23 15:18:38.253,1.57776,1.57807,2.48,1.50
2012.11.23 15:18:38.313,1.57776,1.57807,1.73,1.50
2012.11.23 15:18:38.434,1.57777,1.57809,1.73,1.50
2012.11.23 15:18:38.612,1.57777,1.57813,1.73,1.50
2012.11.23 15:18:38.672,1.57782,1.57816,1.73,1.73
2012.11.23 15:18:38.973,1.57784,1.57816,1.63,1.50
2012.11.23 15:18:39.542,1.57775,1.57811,1.73,1.50
2012.11.23 15:18:39.762,1.57777,1.57813,1.73,1.50
2012.11.23 15:18:39.882,1.57777,1.57811,1.73,1.50
2012.11.23 15:18:40.235,1.57784,1.57815,1.63,1.50
2012.11.23 15:18:41.683,1.57784,1.57815,1.54,1.50
2012.11.23 15:18:42.453,1.57783,1.57815,2.16,1.50
2012.11.23 15:18:43.866,1.57783,1.57815,2.36,1.50
2012.11.23 15:18:43.931,1.57784,1.57815,1.73,1.50
2012.11.23 15:18:43.993,1.57784,1.57815,1.73,1.50
2012.11.23 15:18:44.353,1.57786,1.57814,1.73,1.50
2012.11.23 15:18:44.676,1.57786,1.57806,1.34,1.50
2012.11.23 15:18:44.741,1.57774,1.57806,1.13,1.73
2012.11.23 15:18:45.069,1.57773,1.57805,1.13,1.73
2012.11.23 15:18:45.421,1.57772,1.57805,1.73,1.73
2012.11.23 15:18:45.602,1.57772,1.57805,1.73,1.50
2012.11.23 15:18:46.391,1.57772,1.57805,1.73,1.73
2012.11.23 15:18:46.671,1.57773,1.57805,1.63,1.50
2012.11.23 15:18:46.732,1.57773,1.57805,1.63,1.50
2012.11.23 15:18:48.873,1.57772,1.57805,1.73,1.50
2012.11.23 15:18:49.112,1.5778,1.57813,1.50,1.73
2012.11.23 15:18:51.181,1.57772,1.57804,1.73,1.50
2012.11.23 15:18:51.421,1.57772,1.57804,1.50,1.73
2012.11.23 15:18:51.482,1.57772,1.57804,1.50,1.73
2012.11.23 15:18:51.602,1.57767,1.57796,1.73,1.50
2012.11.23 15:18:51.661,1.57767,1.57796,1.73,1.50
2012.11.23 15:18:52.014,1.57772,1.57804,1.73,1.50
2012.11.23 15:18:52.567,1.57772,1.57804,1.73,1.50
2012.11.23 15:18:53.002,1.57773,1.57804,1.50,1.50
2012.11.23 15:18:53.061,1.57773,1.57804,1.50,1.50
2012.11.23 15:18:53.431,1.57772,1.57804,1.73,1.50
2012.11.23 15:18:54.641,1.57772,1.57804,1.73,1.50
2012.11.23 15:18:55.951,1.57772,1.57804,1.73,1.50
2012.11.23 15:18:56.892,1.57772,1.57804,1.73,1.50
2012.11.23 15:18:57.175,1.57772,1.57804,1.73,1.50
2012.11.23 15:18:57.814,1.57772,1.57804,1.73,1.50
2012.11.23 15:18:59.672,1.57773,1.57804,1.29,1.50
2012.11.23 15:18:59.913,1.57772,1.57804,1.73,1.50
2012.11.23 15:19:00.172,1.57774,1.57804,1.73,1.50
2012.11.23 15:19:02.645,1.57772,1.57804,1.73,1.50
2012.11.23 15:19:02.837,1.57772,1.57804,1.73,1.50
2012.11.23 15:19:03.101,1.57774,1.57804,1.73,1.50
2012.11.23 15:19:03.755,1.57772,1.57804,1.73,1.50
2012.11.23 15:19:03.813,1.57772,1.57804,1.73,1.50
2012.11.23 15:19:04.303,1.57772,1.57804,1.73,1.50
2012.11.23 15:19:04.421,1.57772,1.57804,1.73,1.50
2012.11.23 15:19:04.542,1.57768,1.57797,1.73,1.50
2012.11.23 15:19:05.132,1.57767,1.57797,2.16,1.50
2012.11.23 15:19:05.452,1.57768,1.57797,1.61,1.50
2012.11.23 15:19:05.631,1.57773,1.57805,1.73,1.73
2012.11.23 15:19:11.833,1.57767,1.57796,1.73,1.50
2012.11.23 15:19:12.082,1.57767,1.57796,1.73,1.50
2012.11.23 15:19:12.202,1.57767,1.57796,1.73,1.50
2012.11.23 15:19:12.594,1.57772,1.57804,1.73,1.50
2012.11.23 15:19:13.512,1.57772,1.57804,1.73,1.73
2012.11.23 15:19:13.631,1.57772,1.57804,1.73,1.50
2012.11.23 15:19:14.120,1.57774,1.57804,1.73,1.50
2012.11.23 15:19:14.207,1.57774,1.57804,1.73,1.50
2012.11.23 15:19:15.110,1.57772,1.57804,1.73,1.50
2012.11.23 15:19:17.691,1.57774,1.57804,1.73,1.50
2012.11.23 15:19:19.000,1.57776,1.57806,1.73,1.50
2012.11.23 15:19:19.122,1.57792,1.57814,1.50,1.13
2012.11.23 15:19:19.302,1.57792,1.57823,1.73,1.65
2012.11.23 15:19:19.423,1.5779,1.57823,1.73,1.65
2012.11.23 15:19:19.542,1.57782,1.57814,1.50,1.73
2012.11.23 15:19:19.823,1.57776,1.57808,1.73,1.50
2012.11.23 15:19:19.882,1.57774,1.57808,1.73,1.50
2012.11.23 15:19:20.062,1.57774,1.57808,1.50,1.73
2012.11.23 15:19:20.683,1.57767,1.578,1.73,1.73
2012.11.23 15:19:20.743,1.57767,1.578,1.73,1.73
2012.11.23 15:19:20.862,1.57767,1.578,1.73,1.73
2012.11.23 15:19:21.853,1.57767,1.578,1.50,1.73
2012.11.23 15:19:23.119,1.57762,1.57794,1.73,1.50
2012.11.23 15:19:23.182,1.5776,1.57794,1.73,1.50
2012.11.23 15:19:23.711,1.5776,1.57794,1.50,1.73
2012.11.23 15:19:29.080,1.57754,1.57787,1.73,1.73
2012.11.23 15:19:29.148,1.57754,1.57787,1.73,1.50
2012.11.23 15:19:29.452,1.57759,1.57792,1.50,1.73
2012.11.23 15:19:29.511,1.57759,1.5779,1.50,1.73
2012.11.23 15:19:33.912,1.57751,1.57783,1.73,1.50
2012.11.23 15:19:34.268,1.57751,1.57783,1.73,1.50
2012.11.23 15:19:36.819,1.57751,1.57786,1.73,1.50
2012.11.23 15:19:39.426,1.5775,1.57783,1.73,1.50
2012.11.23 15:19:39.555,1.5775,1.57782,1.73,1.73
2012.11.23 15:19:40.163,1.5775,1.57783,1.73,1.73
2012.11.23 15:19:40.223,1.5775,1.57783,1.73,1.50
2012.11.23 15:19:40.632,1.57757,1.57789,1.50,1.73
2012.11.23 15:19:42.823,1.57757,1.57789,1.73,1.73
2012.11.23 15:19:42.946,1.57752,1.57782,1.73,1.50
2012.11.23 15:19:43.072,1.5775,1.57782,1.73,1.50
2012.11.23 15:19:43.235,1.5775,1.57783,1.73,1.73
2012.11.23 15:19:43.702,1.5775,1.57783,1.73,1.50
2012.11.23 15:19:44.110,1.5775,1.57783,1.73,1.50
2012.11.23 15:19:44.462,1.5775,1.57782,1.50,1.73
2012.11.23 15:19:45.582,1.5775,1.57783,1.73,1.73
2012.11.23 15:19:45.823,1.5775,1.57783,1.73,1.50
2012.11.23 15:19:46.272,1.5775,1.57783,1.73,1.73
2012.11.23 15:19:46.451,1.5775,1.57782,1.73,1.50
2012.11.23 15:19:49.482,1.57743,1.57775,1.73,1.50
2012.11.23 15:19:50.682,1.57749,1.57782,1.50,1.73
2012.11.23 15:19:50.991,1.57742,1.57774,1.73,1.50
2012.11.23 15:19:51.293,1.57742,1.57773,1.32,1.50
2012.11.23 15:19:51.761,1.57741,1.57773,1.47,1.50
2012.11.23 15:19:52.246,1.57747,1.57778,1.73,1.50
2012.11.23 15:19:52.784,1.57747,1.57778,1.73,1.50
2012.11.23 15:19:53.142,1.57739,1.57771,1.29,1.50
2012.11.23 15:19:53.262,1.57738,1.57771,1.73,1.50
2012.11.23 15:19:53.683,1.57738,1.57771,1.73,1.50
2012.11.23 15:19:53.766,1.57738,1.57771,1.73,1.50
2012.11.23 15:19:53.942,1.57738,1.57771,1.73,1.50
2012.11.23 15:19:54.406,1.57738,1.57771,1.73,1.50
2012.11.23 15:19:56.033,1.57738,1.57771,1.73,1.50
2012.11.23 15:19:56.172,1.57738,1.57771,1.73,1.50
2012.11.23 15:19:56.562,1.57738,1.57771,1.73,1.50
2012.11.23 15:19:56.766,1.57738,1.57771,1.73,1.50
2012.11.23 15:19:56.893,1.57738,1.57771,1.73,1.50
2012.11.23 15:19:57.224,1.57738,1.57771,1.73,1.50
2012.11.23 15:19:58.692,1.57738,1.57771,1.73,1.50
2012.11.23 15:19:59.016,1.57738,1.57771,1.73,1.50
2012.11.23 15:19:59.542,1.57738,1.57771,1.73,1.50
2012.11.23 15:20:00.163,1.57738,1.57772,1.73,1.50
2012.11.23 15:20:00.224,1.57746,1.57778,1.50,1.73
2012.11.23 15:20:00.695,1.57746,1.57778,1.73,1.50
2012.11.23 15:20:01.893,1.5774,1.57771,1.73,1.50
2012.11.23 15:20:02.531,1.57739,1.57769,1.29,1.50
2012.11.23 15:20:02.600,1.57741,1.57774,1.73,1.50
2012.11.23 15:20:02.842,1.57742,1.57774,1.73,1.50
2012.11.23 15:20:03.279,1.57744,1.57773,1.73,1.50
2012.11.23 15:20:03.616,1.57737,1.57768,2.13,1.50
2012.11.23 15:20:03.911,1.57737,1.5777,2.20,1.50
2012.11.23 15:20:04.687,1.57742,1.5777,1.56,1.50
2012.11.23 15:20:05.073,1.57744,1.57774,1.73,1.50
2012.11.23 15:20:05.504,1.57746,1.57774,1.73,1.50
2012.11.23 15:20:08.434,1.57751,1.57783,1.73,1.50
2012.11.23 15:20:08.733,1.5774,1.57773,1.13,1.50
2012.11.23 15:20:08.855,1.5774,1.57773,1.13,1.50
2012.11.23 15:20:08.983,1.5774,1.57773,1.13,1.50
2012.11.23 15:20:09.396,1.57748,1.57779,1.73,1.73
2012.11.23 15:20:09.883,1.57739,1.57773,1.73,1.73
2012.11.23 15:20:10.003,1.57739,1.57773,1.73,1.50
2012.11.23 15:20:11.963,1.57739,1.57773,1.73,1.73
2012.11.23 15:20:12.473,1.57739,1.57773,1.73,1.73
2012.11.23 15:20:12.714,1.57748,1.57781,1.50,1.73
2012.11.23 15:20:12.952,1.57748,1.57782,1.50,1.73
2012.11.23 15:20:13.263,1.57748,1.57782,1.73,1.50
2012.11.23 15:20:13.604,1.57748,1.57781,1.73,1.50
2012.11.23 15:20:13.722,1.57748,1.57781,1.50,1.73
2012.11.23 15:20:14.151,1.57748,1.57782,1.50,1.73
2012.11.23 15:20:14.271,1.57748,1.57782,1.73,1.50
2012.11.23 15:20:14.453,1.57746,1.57782,1.73,1.50
2012.11.23 15:20:14.693,1.57749,1.57782,1.50,1.73
2012.11.23 15:20:14.992,1.57749,1.57784,1.50,1.73
2012.11.23 15:20:15.122,1.57749,1.57782,1.50,1.73
2012.11.23 15:20:16.133,1.57749,1.57782,1.50,2.00
2012.11.23 15:20:16.672,1.57749,1.57781,1.73,1.50
2012.11.23 15:20:16.746,1.57748,1.57774,1.50,1.32
2012.11.23 15:20:16.813,1.57742,1.57774,1.50,1.32
2012.11.23 15:20:16.872,1.57739,1.57768,1.50,1.73
2012.11.23 15:20:16.932,1.57737,1.57768,1.50,1.73
2012.11.23 15:20:17.352,1.57737,1.57768,1.50,1.73
2012.11.23 15:20:18.362,1.57737,1.57768,1.50,1.73
2012.11.23 15:20:22.692,1.57737,1.57768,1.73,1.50
2012.11.23 15:20:22.752,1.57737,1.57768,2.48,1.50
2012.11.23 15:20:23.032,1.57737,1.57768,2.48,1.50
2012.11.23 15:20:23.963,1.57737,1.57768,1.73,1.50
2012.11.23 15:20:24.323,1.57738,1.57768,1.36,1.50
2012.11.23 15:20:24.403,1.57737,1.57768,1.73,1.50
2012.11.23 15:20:24.722,1.57737,1.5777,2.48,1.73
2012.11.23 15:20:24.782,1.57737,1.5777,2.84,1.50
2012.11.23 15:20:24.964,1.57737,1.57773,2.84,1.50
2012.11.23 15:20:25.022,1.57743,1.57776,1.73,1.50
2012.11.23 15:20:25.662,1.57743,1.57776,1.73,1.50
2012.11.23 15:20:26.023,1.57743,1.57776,2.27,1.50
2012.11.23 15:20:26.152,1.57743,1.57776,1.73,1.50
2012.11.23 15:20:26.376,1.57743,1.57776,1.65,1.50
2012.11.23 15:20:26.733,1.57741,1.57769,1.14,1.50
2012.11.23 15:20:26.972,1.57738,1.57769,1.50,1.73
2012.11.23 15:20:30.312,1.5773,1.57762,1.50,1.73
2012.11.23 15:20:31.562,1.57738,1.57766,1.50,1.47
2012.11.23 15:20:32.213,1.5773,1.57763,1.50,1.73
2012.11.23 15:20:34.833,1.5773,1.57763,1.73,1.50
2012.11.23 15:20:38.734,1.5773,1.57763,1.73,1.73
2012.11.23 15:20:39.242,1.57727,1.57756,1.73,1.50
2012.11.23 15:20:39.302,1.57727,1.57756,1.50,1.73
2012.11.23 15:20:39.362,1.57723,1.57753,2.48,1.50
2012.11.23 15:20:39.702,1.57719,1.57748,1.73,1.50
2012.11.23 15:20:40.070,1.57717,1.57748,2.48,1.50
2012.11.23 15:20:43.491,1.57723,1.57756,1.73,1.50
2012.11.23 15:20:43.932,1.57718,1.5775,2.25,1.50
2012.11.23 15:20:44.196,1.57717,1.5775,2.48,1.73
2012.11.23 15:20:44.513,1.57717,1.5775,2.48,1.50
2012.11.23 15:20:44.572,1.57718,1.57751,1.73,1.50
2012.11.23 15:20:45.153,1.57727,1.57753,1.73,1.50
2012.11.23 15:20:45.212,1.57727,1.57756,1.73,1.50
2012.11.23 15:20:47.572,1.57727,1.57756,1.73,1.50
2012.11.23 15:20:47.883,1.57732,1.57758,1.50,1.35
2012.11.23 15:20:49.802,1.57727,1.57758,1.73,2.10
2012.11.23 15:20:53.093,1.57727,1.57758,1.73,1.50
2012.11.23 15:20:53.665,1.57727,1.57758,1.73,1.50
2012.11.23 15:20:54.023,1.5773,1.57758,1.73,1.50
2012.11.23 15:20:54.382,1.57741,1.57769,1.50,1.58
2012.11.23 15:20:54.442,1.57741,1.57769,1.50,1.58
2012.11.23 15:20:54.535,1.57735,1.57765,1.50,1.73
2012.11.23 15:20:54.654,1.57735,1.57762,1.50,1.38
2012.11.23 15:20:54.716,1.57733,1.57762,1.50,1.38
2012.11.23 15:20:54.783,1.57733,1.57762,1.50,1.41
2012.11.23 15:20:55.024,1.57725,1.5776,1.73,1.50
2012.11.23 15:20:55.142,1.57725,1.5776,1.73,1.50
2012.11.23 15:20:55.324,1.57728,1.57757,1.50,1.73
2012.11.23 15:20:55.382,1.57728,1.57757,1.50,1.73
2012.11.23 15:20:55.753,1.57732,1.57759,1.50,1.29
2012.11.23 15:20:56.343,1.57732,1.57764,1.50,1.73
2012.11.23 15:20:57.002,1.57732,1.57758,1.50,2.01
2012.11.23 15:20:57.062,1.57724,1.57757,1.50,1.73
2012.11.23 15:20:57.362,1.57724,1.57757,1.50,1.73
2012.11.23 15:21:01.804,1.57724,1.57757,1.73,1.73
2012.11.23 15:21:01.982,1.57724,1.5776,1.73,1.73
2012.11.23 15:21:02.104,1.57726,1.57758,1.50,1.73
2012.11.23 15:21:03.503,1.57726,1.57753,1.50,1.73
2012.11.23 15:21:04.043,1.57726,1.57758,1.50,2.48
2012.11.23 15:21:04.743,1.57719,1.57754,1.25,1.50
2012.11.23 15:21:04.863,1.57718,1.57751,1.73,1.50
2012.11.23 15:21:04.982,1.57719,1.57754,1.73,2.25
2012.11.23 15:21:05.042,1.57719,1.57754,1.73,1.50
2012.11.23 15:21:05.812,1.57725,1.5776,1.73,1.73
2012.11.23 15:21:06.153,1.57733,1.57765,1.50,1.73
2012.11.23 15:21:06.592,1.57733,1.57762,1.50,1.73
2012.11.23 15:21:06.653,1.5773,1.57762,1.50,1.73
2012.11.23 15:21:07.336,1.5773,1.57764,1.50,1.73
2012.11.23 15:21:08.077,1.5773,1.57764,1.50,1.73
2012.11.23 15:21:08.158,1.5773,1.57762,1.50,1.73
2012.11.23 15:21:09.112,1.57724,1.57755,1.50,1.73
2012.11.23 15:21:09.737,1.57724,1.57755,1.50,1.73
2012.11.23 15:21:10.074,1.57724,1.57755,1.50,1.73
2012.11.23 15:21:12.685,1.57724,1.57757,1.50,1.73
2012.11.23 15:21:16.089,1.57729,1.57765,1.73,2.48
2012.11.23 15:21:17.193,1.57731,1.57763,1.73,1.50
2012.11.23 15:21:17.252,1.57729,1.57763,1.73,1.50
2012.11.23 15:21:20.592,1.57731,1.57763,1.50,1.73
2012.11.23 15:21:20.655,1.57731,1.57764,1.50,1.73
2012.11.23 15:21:20.751,1.57731,1.57764,1.73,1.50
2012.11.23 15:21:21.053,1.57729,1.57763,1.73,1.73
2012.11.23 15:21:23.044,1.57729,1.57765,1.73,1.73
2012.11.23 15:21:24.107,1.57729,1.57761,1.50,1.52
2012.11.23 15:21:24.582,1.57729,1.57763,1.50,1.73
2012.11.23 15:21:27.003,1.57729,1.57765,1.50,1.73
2012.11.23 15:21:27.183,1.57737,1.57766,1.50,1.73
2012.11.23 15:21:27.702,1.57732,1.57763,1.50,1.73
2012.11.23 15:21:27.763,1.5773,1.57763,1.50,1.73
2012.11.23 15:21:28.233,1.5773,1.57763,1.50,1.73
2012.11.23 15:21:28.413,1.5773,1.57764,1.73,1.50
2012.11.23 15:21:28.593,1.5773,1.57765,2.48,1.50
2012.11.23 15:21:28.922,1.57738,1.57767,1.50,1.73
2012.11.23 15:21:29.234,1.57738,1.57767,1.50,1.73
2012.11.23 15:21:30.413,1.57738,1.57764,1.50,1.50
2012.11.23 15:21:30.535,1.57727,1.57757,1.50,1.73
2012.11.23 15:21:31.263,1.57729,1.57763,1.50,1.73
2012.11.23 15:21:31.383,1.57734,1.57763,1.50,1.50
2012.11.23 15:21:31.886,1.57736,1.57764,1.73,1.50
2012.11.23 15:21:32.193,1.57747,1.5778,1.50,1.73
2012.11.23 15:21:37.071,1.57743,1.57773,1.73,1.73
2012.11.23 15:21:37.772,1.57749,1.57783,1.50,1.36
2012.11.23 15:21:37.833,1.57756,1.57788,1.50,1.73
2012.11.23 15:21:38.952,1.57748,1.57784,1.73,2.48
2012.11.23 15:21:39.863,1.57748,1.57782,1.73,1.50
2012.11.23 15:21:39.922,1.57748,1.57782,1.50,1.73
2012.11.23 15:21:40.313,1.57744,1.57775,1.50,1.73
2012.11.23 15:21:40.682,1.57743,1.57775,1.73,1.73
2012.11.23 15:21:41.543,1.57735,1.57767,1.50,1.73
2012.11.23 15:21:41.602,1.57735,1.57767,1.50,1.73
2012.11.23 15:21:42.632,1.5773,1.5776,1.50,1.73
2012.11.23 15:21:42.694,1.57728,1.5776,1.50,1.73
2012.11.23 15:21:45.962,1.57728,1.57759,1.50,1.34
2012.11.23 15:21:46.081,1.57728,1.5776,1.50,1.73
2012.11.23 15:21:47.623,1.57721,1.57753,1.73,1.73
2012.11.23 15:21:51.432,1.57716,1.57748,1.50,1.73
2012.11.23 15:21:51.492,1.57715,1.57748,1.50,1.73
2012.11.23 15:21:52.073,1.57725,1.57752,1.50,1.45
2012.11.23 15:21:52.193,1.57716,1.57749,2.48,1.50
2012.11.23 15:21:52.253,1.57717,1.57749,1.73,1.50
2012.11.23 15:21:52.613,1.57712,1.57744,1.35,1.50
2012.11.23 15:21:52.672,1.57711,1.57744,1.35,1.50
2012.11.23 15:21:52.733,1.57711,1.57744,1.35,1.50
2012.11.23 15:21:52.972,1.57711,1.57744,1.35,1.50
2012.11.23 15:21:53.032,1.57711,1.57744,1.35,1.50
2012.11.23 15:21:55.052,1.5771,1.57744,1.73,1.73
2012.11.23 15:21:55.172,1.5771,1.57744,2.48,1.73
2012.11.23 15:21:55.234,1.57715,1.57744,1.13,1.73
2012.11.23 15:21:57.262,1.57716,1.57744,1.73,1.50
2012.11.23 15:21:57.652,1.5771,1.57744,1.73,1.73
2012.11.23 15:21:59.315,1.57712,1.57744,1.73,1.73
2012.11.23 15:21:59.833,1.57715,1.57744,1.73,1.50
2012.11.23 15:22:01.246,1.57704,1.57737,1.13,1.50
2012.11.23 15:22:01.329,1.57702,1.57731,1.13,1.50
2012.11.23 15:22:01.392,1.57699,1.57731,1.13,1.73
2012.11.23 15:22:02.132,1.57697,1.57731,1.73,1.50
2012.11.23 15:22:03.264,1.57697,1.57731,1.73,1.50
2012.11.23 15:22:03.632,1.57697,1.57731,1.73,1.73
2012.11.23 15:22:03.692,1.57696,1.57733,1.73,1.73
2012.11.23 15:22:04.036,1.57701,1.57738,1.73,1.50
2012.11.23 15:22:04.733,1.57701,1.57738,1.88,1.50
2012.11.23 15:22:04.912,1.57701,1.57738,1.88,1.50
2012.11.23 15:22:05.672,1.57701,1.57738,1.65,1.73
2012.11.23 15:22:06.033,1.57701,1.57738,1.88,1.50
2012.11.23 15:22:07.723,1.57701,1.57738,1.73,1.50
2012.11.23 15:22:07.782,1.57701,1.57738,1.50,1.73
2012.11.23 15:22:07.913,1.577,1.57738,1.50,1.73
2012.11.23 15:22:08.251,1.57701,1.57738,1.50,1.73
2012.11.23 15:22:11.303,1.57704,1.57738,3.90,1.73
2012.11.23 15:22:11.421,1.57717,1.57752,1.50,1.02
2012.11.23 15:22:11.481,1.57717,1.57752,1.65,1.02
2012.11.23 15:22:11.602,1.5772,1.57756,2.31,1.50
2012.11.23 15:22:11.663,1.57715,1.57749,1.71,1.50
2012.11.23 15:22:11.842,1.57707,1.57744,1.73,1.73
2012.11.23 15:22:13.882,1.57707,1.57744,1.73,1.73
2012.11.23 15:22:14.003,1.57707,1.57744,1.73,1.73
2012.11.23 15:22:14.243,1.57707,1.57744,1.73,1.50
2012.11.23 15:22:14.783,1.57714,1.57745,1.50,1.50
2012.11.23 15:22:15.292,1.57714,1.57745,1.73,1.50
2012.11.23 15:22:15.988,1.57715,1.57746,1.73,1.50
2012.11.23 15:22:17.444,1.57714,1.57745,1.73,1.50
2012.11.23 15:22:18.061,1.57714,1.57745,1.50,1.50
2012.11.23 15:22:20.195,1.57714,1.57745,1.50,1.50
2012.11.23 15:22:20.708,1.57716,1.57746,1.73,1.50
2012.11.23 15:22:21.503,1.57714,1.57745,2.25,1.50
2012.11.23 15:22:21.742,1.57707,1.57743,1.73,1.73
2012.11.23 15:22:22.055,1.57706,1.57742,2.48,1.73
2012.11.23 15:22:22.502,1.57706,1.57744,2.48,2.48
2012.11.23 15:22:23.990,1.57706,1.57744,2.48,2.48
2012.11.23 15:22:24.056,1.57706,1.57744,2.48,2.48
2012.11.23 15:22:26.442,1.57702,1.57738,1.73,1.50
2012.11.23 15:22:26.839,1.577,1.57736,1.88,1.50
2012.11.23 15:22:27.142,1.57707,1.57736,1.20,1.50
2012.11.23 15:22:28.973,1.57706,1.57742,2.48,1.50
2012.11.23 15:22:29.092,1.57706,1.57742,1.73,1.50
2012.11.23 15:22:29.282,1.57706,1.57742,2.48,1.50
2012.11.23 15:22:29.462,1.5771,1.57744,1.73,1.73
2012.11.23 15:22:29.522,1.57713,1.57744,1.47,1.50
2012.11.23 15:22:29.962,1.5771,1.57744,1.50,1.50
2012.11.23 15:22:30.262,1.57714,1.57744,1.63,1.50
2012.11.23 15:22:30.502,1.57714,1.57751,2.38,1.50
2012.11.23 15:22:31.542,1.57714,1.57748,1.63,1.50
2012.11.23 15:22:31.843,1.57714,1.57748,1.63,1.50
2012.11.23 15:22:32.082,1.57707,1.5774,1.73,1.50
2012.11.23 15:22:34.442,1.57704,1.5774,1.98,1.50
2012.11.23 15:22:34.621,1.57704,1.5774,1.73,1.73
2012.11.23 15:22:37.340,1.57704,1.5774,1.73,1.73
2012.11.23 15:22:37.523,1.577,1.57735,1.73,1.50
2012.11.23 15:22:37.583,1.577,1.57733,1.50,1.73
2012.11.23 15:22:40.062,1.577,1.57733,1.73,1.50
2012.11.23 15:22:40.618,1.57696,1.57728,1.50,1.73
2012.11.23 15:22:41.077,1.57695,1.57727,1.73,1.50
2012.11.23 15:22:41.183,1.57696,1.57727,1.73,1.50
2012.11.23 15:22:42.009,1.57702,1.57734,1.50,1.73
2012.11.23 15:22:42.423,1.57696,1.57728,1.73,1.50
2012.11.23 15:22:42.664,1.57697,1.57729,1.73,1.50
2012.11.23 15:22:43.043,1.57704,1.57733,2.25,1.73
2012.11.23 15:22:43.415,1.57708,1.5774,1.50,1.73
2012.11.23 15:22:43.534,1.57708,1.5774,1.73,1.50
2012.11.23 15:22:45.483,1.57708,1.5774,1.73,1.50
2012.11.23 15:22:53.044,1.57712,1.57744,1.73,2.48
2012.11.23 15:22:53.224,1.57715,1.57744,1.73,2.25
2012.11.23 15:22:53.642,1.57715,1.57744,1.73,1.50
2012.11.23 15:22:53.822,1.57716,1.57749,1.73,1.50
2012.11.23 15:22:55.122,1.57716,1.57749,1.73,1.73
2012.11.23 15:22:55.635,1.57716,1.57749,1.73,1.50
2012.11.23 15:22:56.203,1.57716,1.5775,1.73,1.50
2012.11.23 15:22:58.162,1.57724,1.57753,1.35,1.73
2012.11.23 15:22:58.465,1.57734,1.57766,1.73,1.65
2012.11.23 15:22:58.813,1.57734,1.57767,1.73,1.05
2012.11.23 15:22:59.184,1.57734,1.57766,1.73,1.65
2012.11.23 15:22:59.253,1.57736,1.57766,1.73,1.65
2012.11.23 15:23:00.114,1.57742,1.57774,1.73,1.50
2012.11.23 15:23:00.726,1.57744,1.57776,1.73,1.50
2012.11.23 15:23:01.212,1.57744,1.57776,1.73,1.50
2012.11.23 15:23:01.333,1.57744,1.57776,1.50,1.73
2012.11.23 15:23:01.653,1.57744,1.57776,1.65,1.73
2012.11.23 15:23:02.294,1.57744,1.57776,2.40,1.50
2012.11.23 15:23:02.442,1.57744,1.57776,2.48,1.50
2012.11.23 15:23:02.802,1.57744,1.57776,1.50,1.73
2012.11.23 15:23:03.113,1.57742,1.57776,1.50,1.73
2012.11.23 15:23:07.173,1.57742,1.57776,1.73,1.50
2012.11.23 15:23:07.292,1.57744,1.57776,1.73,1.50
2012.11.23 15:23:08.002,1.57746,1.57778,1.73,1.50
2012.11.23 15:23:08.182,1.57744,1.57775,1.73,1.50
2012.11.23 15:23:09.662,1.57744,1.57775,2.48,1.50
2012.11.23 15:23:10.124,1.57742,1.57775,1.73,1.50
2012.11.23 15:23:10.664,1.57742,1.57775,1.73,1.73
2012.11.23 15:23:12.064,1.57741,1.57774,1.73,1.50
2012.11.23 15:23:13.651,1.57741,1.57774,1.73,1.50
2012.11.23 15:23:13.984,1.57748,1.5778,1.73,1.50
2012.11.23 15:23:20.642,1.57741,1.57773,1.73,1.50
2012.11.23 15:23:20.764,1.57741,1.57773,1.73,2.25
2012.11.23 15:23:20.823,1.57737,1.57767,1.73,1.50
2012.11.23 15:23:20.887,1.57735,1.57767,1.73,1.50
2012.11.23 15:23:21.473,1.57735,1.57767,1.73,1.50
2012.11.23 15:23:22.051,1.57736,1.57769,2.01,1.50
2012.11.23 15:23:22.692,1.57742,1.57775,1.73,1.50
2012.11.23 15:23:22.753,1.57742,1.57775,1.73,1.50
2012.11.23 15:23:26.003,1.57736,1.57767,2.11,1.50
2012.11.23 15:23:27.644,1.57742,1.57776,1.73,1.73
2012.11.23 15:23:27.884,1.57744,1.57776,1.73,1.50
2012.11.23 15:23:28.133,1.57742,1.57776,1.73,1.73
2012.11.23 15:23:28.383,1.57744,1.57776,1.73,1.73
2012.11.23 15:23:28.623,1.57744,1.57776,1.73,1.50
2012.11.23 15:23:28.932,1.57747,1.57776,1.52,1.50
2012.11.23 15:23:29.503,1.57754,1.57784,1.50,1.13
2012.11.23 15:23:30.492,1.5775,1.5778,1.50,1.73
2012.11.23 15:23:30.553,1.57748,1.5778,1.50,1.73
2012.11.23 15:23:31.003,1.57748,1.5778,1.50,1.73
2012.11.23 15:23:31.617,1.57741,1.57771,1.73,1.50
2012.11.23 15:23:31.684,1.5774,1.57771,1.73,1.50
2012.11.23 15:23:32.599,1.57737,1.57767,1.54,1.50
2012.11.23 15:23:32.785,1.57732,1.5776,1.73,1.50
2012.11.23 15:23:32.904,1.57723,1.57753,1.73,1.50
2012.11.23 15:23:33.023,1.5772,1.57753,1.50,1.73
2012.11.23 15:23:33.353,1.57715,1.57744,1.73,1.50
2012.11.23 15:23:33.413,1.57713,1.57744,1.73,1.50
2012.11.23 15:23:33.472,1.57713,1.57744,1.73,1.50
2012.11.23 15:23:34.066,1.57707,1.57739,1.50,1.73
2012.11.23 15:23:34.122,1.57707,1.57738,1.50,1.73
2012.11.23 15:23:34.692,1.57707,1.57739,1.50,1.73
2012.11.23 15:23:35.403,1.57703,1.57732,1.73,1.50
2012.11.23 15:23:35.523,1.577,1.57732,1.50,1.73
2012.11.23 15:23:36.173,1.577,1.57729,1.50,1.73
2012.11.23 15:23:36.292,1.57688,1.57718,1.50,1.73
2012.11.23 15:23:36.352,1.57687,1.57717,1.73,1.73
2012.11.23 15:23:36.413,1.57679,1.57704,1.73,1.50
2012.11.23 15:23:36.592,1.57673,1.57704,1.65,1.73
2012.11.23 15:23:36.952,1.57675,1.57704,1.50,1.73
2012.11.23 15:23:37.153,1.57679,1.57709,1.50,1.50
2012.11.23 15:23:37.333,1.57679,1.57713,1.50,1.73
2012.11.23 15:23:37.713,1.57672,1.5771,1.73,1.73
2012.11.23 15:23:37.894,1.57674,1.5771,1.50,1.73
2012.11.23 15:23:38.212,1.57674,1.5771,2.31,1.50
2012.11.23 15:23:38.332,1.57679,1.57713,1.73,1.50
2012.11.23 15:23:38.392,1.57681,1.57716,1.73,1.88
2012.11.23 15:23:38.452,1.57679,1.57708,1.73,1.65
2012.11.23 15:23:38.512,1.57662,1.57698,1.73,1.73
2012.11.23 15:23:38.692,1.57654,1.57691,1.73,1.73
2012.11.23 15:23:38.752,1.57655,1.57691,1.73,1.73
2012.11.23 15:23:38.872,1.57653,1.57691,1.73,1.73
2012.11.23 15:23:38.932,1.57655,1.57693,1.73,1.50
2012.11.23 15:23:39.053,1.57664,1.57697,1.13,1.73
2012.11.23 15:23:39.483,1.57662,1.57694,1.73,1.50
2012.11.23 15:23:39.665,1.57662,1.57696,1.73,1.73
2012.11.23 15:23:39.723,1.57654,1.5769,2.38,1.50
2012.11.23 15:23:39.842,1.57661,1.57695,1.73,1.73
2012.11.23 15:23:40.482,1.57661,1.57694,1.73,2.25
2012.11.23 15:23:40.842,1.57654,1.57697,1.59,1.73
2012.11.23 15:23:41.202,1.57652,1.577,1.59,1.73
2012.11.23 15:23:41.382,1.57666,1.57696,1.50,1.54
2012.11.23 15:23:41.503,1.57659,1.57694,1.73,1.50
2012.11.23 15:23:41.922,1.57656,1.57693,1.73,1.50
2012.11.23 15:23:42.655,1.57656,1.57693,2.48,1.50
2012.11.23 15:23:42.728,1.57667,1.57699,1.73,1.50
2012.11.23 15:23:42.792,1.57667,1.57702,1.73,1.73
2012.11.23 15:23:42.983,1.57665,1.57699,1.73,1.50
2012.11.23 15:23:43.342,1.57665,1.57695,1.50,1.38
2012.11.23 15:23:43.522,1.57656,1.57693,1.73,2.25
2012.11.23 15:23:43.585,1.57656,1.57692,1.73,1.50
2012.11.23 15:23:43.702,1.57656,1.57692,1.50,1.73
2012.11.23 15:23:43.893,1.57656,1.57693,1.50,1.73
2012.11.23 15:23:44.042,1.57656,1.57693,1.73,1.50
2012.11.23 15:23:44.402,1.57664,1.57693,1.61,2.25
2012.11.23 15:23:44.702,1.57663,1.57694,1.73,1.50
2012.11.23 15:23:44.962,1.57663,1.577,1.73,1.73
2012.11.23 15:23:45.473,1.57656,1.57696,2.48,1.73
2012.11.23 15:23:45.654,1.57656,1.57696,2.48,1.73
2012.11.23 15:23:45.775,1.57656,1.57696,2.25,2.04
2012.11.23 15:23:45.973,1.57656,1.57693,1.50,1.73
2012.11.23 15:23:46.033,1.57653,1.5769,1.56,1.50
2012.11.23 15:23:46.212,1.57649,1.57689,1.73,1.73
2012.11.23 15:23:47.093,1.5765,1.5769,1.73,1.73
2012.11.23 15:23:47.482,1.5765,1.57689,1.73,1.73
2012.11.23 15:23:47.843,1.57658,1.57695,1.73,1.73
2012.11.23 15:23:48.182,1.5766,1.57697,1.73,1.50
2012.11.23 15:23:48.618,1.57658,1.57695,1.73,1.50
2012.11.23 15:23:48.743,1.57658,1.57695,1.50,1.85
2012.11.23 15:23:48.863,1.57652,1.5769,1.73,1.73
2012.11.23 15:23:49.163,1.57664,1.577,1.50,1.50
2012.11.23 15:23:49.222,1.57667,1.57703,1.50,2.25
2012.11.23 15:23:49.282,1.57667,1.57703,1.50,1.50
2012.11.23 15:23:49.523,1.57674,1.57713,1.73,2.40
2012.11.23 15:23:49.947,1.57679,1.57717,1.73,1.88
2012.11.23 15:23:50.072,1.57673,1.57707,1.73,1.65
2012.11.23 15:23:50.862,1.5767,1.57703,1.23,1.50
2012.11.23 15:23:50.922,1.57667,1.57702,1.23,1.50
2012.11.23 15:23:51.042,1.57664,1.57702,1.73,1.73
2012.11.23 15:23:51.286,1.57664,1.57702,1.29,1.50
2012.11.23 15:23:51.962,1.57663,1.57702,1.73,1.73
2012.11.23 15:23:52.662,1.57664,1.57702,1.73,1.50
2012.11.23 15:23:54.558,1.57667,1.57703,1.73,1.50
2012.11.23 15:23:54.743,1.57671,1.5771,1.73,1.50
2012.11.23 15:23:54.862,1.57671,1.5771,1.73,1.73
2012.11.23 15:23:55.412,1.57666,1.57703,2.25,1.50
2012.11.23 15:23:56.424,1.57666,1.57704,2.25,1.50
2012.11.23 15:23:56.662,1.57675,1.57709,1.36,1.50
2012.11.23 15:23:56.801,1.57674,1.57709,2.48,1.73
2012.11.23 15:23:57.203,1.57667,1.57704,1.73,1.50
2012.11.23 15:23:57.523,1.5768,1.5771,1.59,1.50
2012.11.23 15:23:57.582,1.5768,1.5771,1.59,1.50
2012.11.23 15:23:57.702,1.57671,1.57708,1.73,1.50
2012.11.23 15:23:58.002,1.5767,1.57704,1.73,1.50
2012.11.23 15:23:58.302,1.57673,1.57711,1.73,1.50
2012.11.23 15:23:58.573,1.57673,1.57709,1.73,1.50
2012.11.23 15:23:58.824,1.57667,1.57703,1.73,2.25
2012.11.23 15:23:59.150,1.57667,1.57701,1.73,1.50
2012.11.23 15:23:59.273,1.57667,1.57701,1.73,1.50
2012.11.23 15:23:59.393,1.57668,1.57701,1.73,1.50
2012.11.23 15:23:59.692,1.57672,1.57709,2.48,1.50
2012.11.23 15:23:59.932,1.5767,1.57704,1.41,2.25
2012.11.23 15:24:01.452,1.57672,1.57704,1.73,1.50
2012.11.23 15:24:01.572,1.5768,1.57713,1.56,1.50
2012.11.23 15:24:01.702,1.57678,1.57713,1.27,1.50
2012.11.23 15:24:05.362,1.57674,1.57711,2.02,1.50
2012.11.23 15:24:05.839,1.57674,1.57711,1.38,1.50
2012.11.23 15:24:05.925,1.57672,1.57711,1.73,1.50
2012.11.23 15:24:07.473,1.57676,1.57711,1.73,1.50
2012.11.23 15:24:07.593,1.57677,1.57711,1.54,1.50
2012.11.23 15:24:09.655,1.57677,1.57711,1.54,1.50
2012.11.23 15:24:09.773,1.57674,1.57711,1.73,1.50
2012.11.23 15:24:11.943,1.57672,1.57711,1.73,1.50
2012.11.23 15:24:12.003,1.57672,1.57711,1.50,1.73
2012.11.23 15:24:12.365,1.57669,1.57705,1.73,1.73
2012.11.23 15:24:12.664,1.57661,1.57693,1.73,1.73
2012.11.23 15:24:13.962,1.57664,1.57694,1.50,1.73
2012.11.23 15:24:14.193,1.57661,1.57696,2.18,1.50
2012.11.23 15:24:14.655,1.57662,1.57695,1.73,1.73
2012.11.23 15:24:15.173,1.57662,1.57693,1.50,1.34
2012.11.23 15:24:15.362,1.57662,1.57693,1.50,1.34
2012.11.23 15:24:15.423,1.57657,1.57686,1.50,1.73
2012.11.23 15:24:15.542,1.57654,1.57686,1.50,1.73
2012.11.23 15:24:15.603,1.57654,1.57686,1.73,1.50
2012.11.23 15:24:17.442,1.57658,1.57694,1.73,1.73
2012.11.23 15:24:17.503,1.57658,1.57695,1.73,1.73
2012.11.23 15:24:17.564,1.57666,1.57697,2.48,1.50
2012.11.23 15:24:17.922,1.5767,1.57701,1.56,1.50
2012.11.23 15:24:19.284,1.57673,1.57701,1.73,1.50
2012.11.23 15:24:19.343,1.57676,1.57703,1.73,2.25
2012.11.23 15:24:19.403,1.57677,1.57703,1.73,2.25
2012.11.23 15:24:19.763,1.57677,1.5771,2.36,1.50
2012.11.23 15:24:20.123,1.57687,1.57713,1.73,2.25
2012.11.23 15:24:20.302,1.57689,1.57716,1.52,1.50
2012.11.23 15:24:20.544,1.57687,1.57716,2.02,1.50
2012.11.23 15:24:20.665,1.57689,1.57716,1.59,1.50
2012.11.23 15:24:20.973,1.57694,1.57716,1.73,1.50
2012.11.23 15:24:21.603,1.57687,1.57724,1.73,1.50
2012.11.23 15:24:21.962,1.57687,1.57711,1.73,1.50
2012.11.23 15:24:22.024,1.57687,1.57713,1.73,1.50
2012.11.23 15:24:22.085,1.57687,1.57721,2.09,1.50
2012.11.23 15:24:22.503,1.57685,1.57721,1.73,1.73
2012.11.23 15:24:22.953,1.57683,1.57721,2.48,1.73
2012.11.23 15:24:23.455,1.57687,1.5773,1.73,1.73
2012.11.23 15:24:23.633,1.5769,1.5773,1.73,1.73
2012.11.23 15:24:23.876,1.57693,1.57725,1.41,1.50
2012.11.23 15:24:24.011,1.57689,1.57731,1.73,1.73
2012.11.23 15:24:24.583,1.57687,1.57731,1.73,1.73
2012.11.23 15:24:24.666,1.57687,1.57731,1.73,1.73
2012.11.23 15:24:25.143,1.57686,1.57731,3.13,1.73
2012.11.23 15:24:25.202,1.57686,1.57731,2.38,1.73
2012.11.23 15:24:25.263,1.57686,1.57728,1.73,1.52
2012.11.23 15:24:25.563,1.57687,1.57726,1.50,1.73
2012.11.23 15:24:26.098,1.57687,1.57726,1.73,1.73
2012.11.23 15:24:26.403,1.57691,1.57726,1.73,1.50
2012.11.23 15:24:26.789,1.57692,1.57724,1.50,1.50
2012.11.23 15:24:27.093,1.57686,1.57724,1.50,1.50
2012.11.23 15:24:27.363,1.57684,1.57724,1.73,1.73
2012.11.23 15:24:27.887,1.57686,1.57724,1.54,1.50
2012.11.23 15:24:28.424,1.57695,1.57727,1.50,1.73
2012.11.23 15:24:29.703,1.57683,1.5772,2.18,1.50
2012.11.23 15:24:30.003,1.57682,1.5772,1.73,1.73
2012.11.23 15:24:30.123,1.57682,1.5772,1.73,1.73
2012.11.23 15:24:30.288,1.57682,1.5772,1.73,1.73
2012.11.23 15:24:30.532,1.57678,1.57713,1.28,1.50
2012.11.23 15:24:30.803,1.57681,1.57713,1.73,1.50
2012.11.23 15:24:31.205,1.57684,1.57713,2.25,1.50
2012.11.23 15:24:32.105,1.57687,1.57713,1.61,1.50
2012.11.23 15:24:32.654,1.57687,1.57719,1.73,1.50
2012.11.23 15:24:33.012,1.57689,1.57719,1.34,1.50
2012.11.23 15:24:33.444,1.5769,1.57719,1.34,1.50
2012.11.23 15:24:33.574,1.57692,1.57726,1.34,1.50
2012.11.23 15:24:34.445,1.57694,1.57726,1.73,1.50
2012.11.23 15:24:34.893,1.57696,1.57726,2.29,1.50
2012.11.23 15:24:35.313,1.57698,1.57735,1.36,1.50
2012.11.23 15:24:35.784,1.57694,1.57724,1.73,1.50
2012.11.23 15:24:36.164,1.57694,1.57724,1.36,1.50
2012.11.23 15:24:36.712,1.57696,1.5773,1.73,1.50
2012.11.23 15:24:37.404,1.57696,1.5773,2.31,1.50
2012.11.23 15:24:37.943,1.577,1.5773,1.61,1.50
2012.11.23 15:24:38.533,1.57703,1.57734,1.73,1.50
2012.11.23 15:24:38.593,1.57703,1.57734,1.73,1.50
2012.11.23 15:24:38.837,1.57706,1.57734,1.73,1.50
2012.11.23 15:24:38.963,1.57702,1.57735,1.73,1.50
2012.11.23 15:24:39.273,1.57702,1.57735,1.73,1.50
2012.11.23 15:24:39.333,1.57702,1.57735,1.73,1.50
2012.11.23 15:24:39.393,1.57702,1.57735,1.73,1.50
2012.11.23 15:24:39.819,1.57702,1.57735,1.73,1.50
2012.11.23 15:24:40.367,1.57702,1.57735,1.73,1.50
2012.11.23 15:24:40.674,1.57695,1.57727,1.73,1.50
2012.11.23 15:24:40.733,1.57695,1.57727,1.73,1.50
2012.11.23 15:24:41.573,1.57698,1.57727,1.73,1.50
2012.11.23 15:24:41.894,1.57701,1.57734,1.50,1.73
2012.11.23 15:24:43.604,1.57695,1.57727,1.73,1.50
2012.11.23 15:24:44.162,1.57689,1.57723,1.73,1.73
2012.11.23 15:24:44.403,1.57689,1.57721,1.73,1.50
2012.11.23 15:24:44.585,1.57689,1.57721,2.36,1.50
2012.11.23 15:24:44.646,1.57689,1.57721,1.73,1.50
2012.11.23 15:24:46.107,1.57689,1.57721,1.73,1.50
2012.11.23 15:24:46.213,1.57689,1.57721,1.73,1.73
2012.11.23 15:24:46.892,1.57689,1.57721,1.73,1.50
2012.11.23 15:24:47.243,1.57696,1.57728,1.50,1.73
2012.11.23 15:24:47.463,1.57688,1.57721,1.73,1.50
2012.11.23 15:24:47.793,1.57688,1.57721,1.73,1.50
2012.11.23 15:24:48.463,1.57689,1.57721,1.73,1.50
2012.11.23 15:24:48.653,1.57688,1.57721,1.73,1.50
2012.11.23 15:24:49.114,1.57688,1.57721,1.73,1.50
2012.11.23 15:24:50.163,1.57688,1.57721,2.48,1.50
2012.11.23 15:24:50.531,1.57688,1.57721,1.73,1.50
2012.11.23 15:24:50.663,1.57688,1.57721,1.73,1.50
2012.11.23 15:24:51.432,1.57685,1.57717,1.73,1.50
2012.11.23 15:24:52.210,1.57686,1.57719,1.73,1.50
2012.11.23 15:24:53.648,1.5769,1.57725,1.73,1.50
2012.11.23 15:24:57.562,1.57692,1.57725,1.65,1.50
2012.11.23 15:24:58.189,1.57693,1.57725,1.73,1.50
2012.11.23 15:24:58.843,1.57693,1.57723,1.73,1.50
2012.11.23 15:24:59.143,1.57684,1.57717,1.73,2.25
2012.11.23 15:24:59.608,1.57686,1.57717,1.73,1.50
2012.11.23 15:24:59.844,1.57686,1.57719,1.73,1.50
2012.11.23 15:25:00.432,1.57684,1.57717,1.73,1.50
2012.11.23 15:25:01.674,1.57687,1.57718,1.73,1.73
2012.11.23 15:25:01.975,1.57687,1.57717,1.26,1.50
2012.11.23 15:25:02.526,1.57684,1.57717,2.48,1.73
2012.11.23 15:25:03.644,1.57687,1.57717,1.73,1.50
2012.11.23 15:25:03.823,1.57687,1.57717,1.50,1.73
2012.11.23 15:25:04.922,1.57684,1.57713,1.73,1.35
2012.11.23 15:25:04.983,1.57678,1.57709,1.73,1.73
2012.11.23 15:25:05.243,1.57678,1.57709,1.50,2.48
2012.11.23 15:25:05.362,1.57671,1.577,1.73,1.50
2012.11.23 15:25:05.920,1.57669,1.57702,1.73,1.50
2012.11.23 15:25:05.984,1.57672,1.57703,1.56,1.50
2012.11.23 15:25:06.173,1.57671,1.57703,1.73,1.50
2012.11.23 15:25:06.353,1.57671,1.577,1.73,1.50
2012.11.23 15:25:06.713,1.57674,1.57683,1.50,1.35
2012.11.23 15:25:06.924,1.57675,1.57696,1.50,1.73
2012.11.23 15:25:07.104,1.57659,1.57692,1.73,1.73
2012.11.23 15:25:08.315,1.57649,1.57684,1.20,1.50
2012.11.23 15:25:08.836,1.57649,1.57684,1.20,1.50
2012.11.23 15:25:08.982,1.57649,1.57684,1.20,1.50
2012.11.23 15:25:09.043,1.57647,1.57684,1.73,1.73
2012.11.23 15:25:09.603,1.57644,1.57674,1.73,1.50
2012.11.23 15:25:10.224,1.57628,1.5766,1.50,1.50
2012.11.23 15:25:10.541,1.57626,1.5766,1.73,1.50
2012.11.23 15:25:11.073,1.57634,1.57657,1.73,1.50
2012.11.23 15:25:11.665,1.57634,1.57657,1.73,1.50
2012.11.23 15:25:11.723,1.57636,1.57657,1.59,1.50
2012.11.23 15:25:12.033,1.57643,1.57669,1.73,1.50
2012.11.23 15:25:12.093,1.57643,1.57669,1.73,1.50
2012.11.23 15:25:12.653,1.57649,1.57678,1.20,1.65
2012.11.23 15:25:14.474,1.57649,1.57679,1.20,1.50
2012.11.23 15:25:14.532,1.57647,1.57679,1.73,1.50
2012.11.23 15:25:14.924,1.5765,1.57677,1.45,1.50
2012.11.23 15:25:15.803,1.57647,1.57672,1.73,1.50
2012.11.23 15:25:15.864,1.57647,1.57679,1.73,1.50
2012.11.23 15:25:15.924,1.57642,1.57672,1.41,1.50
2012.11.23 15:25:15.982,1.5764,1.57672,1.73,1.50
2012.11.23 15:25:16.043,1.5764,1.57672,1.73,1.50
2012.11.23 15:25:16.553,1.57633,1.57667,1.73,2.25
2012.11.23 15:25:17.122,1.57642,1.57672,1.73,1.50
2012.11.23 15:25:17.434,1.57642,1.57674,2.00,1.50
2012.11.23 15:25:17.993,1.57643,1.57674,1.36,1.50
2012.11.23 15:25:19.252,1.57647,1.57678,1.73,1.50
2012.11.23 15:25:19.714,1.57647,1.57679,1.73,1.50
2012.11.23 15:25:19.773,1.57647,1.57679,1.73,1.50
2012.11.23 15:25:19.834,1.57647,1.57681,1.73,2.25
2012.11.23 15:25:20.077,1.57647,1.57681,1.73,1.50
2012.11.23 15:25:20.285,1.57654,1.57688,1.73,1.73
2012.11.23 15:25:20.413,1.57648,1.5768,1.73,1.50
2012.11.23 15:25:20.473,1.57651,1.57681,1.41,1.50
2012.11.23 15:25:22.013,1.5765,1.57685,1.73,1.50
2012.11.23 15:25:22.133,1.5765,1.57683,1.73,1.50
2012.11.23 15:25:23.700,1.57652,1.57682,1.65,1.50
2012.11.23 15:25:24.280,1.57657,1.57684,1.50,1.50
2012.11.23 15:25:25.103,1.57657,1.57687,1.50,1.58
2012.11.23 15:25:25.163,1.57657,1.57689,1.50,1.58
2012.11.23 15:25:25.522,1.57657,1.57687,1.50,1.58
2012.11.23 15:25:28.023,1.5765,1.57679,1.73,1.35
2012.11.23 15:25:28.152,1.5765,1.57679,1.50,1.35
2012.11.23 15:25:29.583,1.57643,1.57678,1.65,1.35
2012.11.23 15:25:30.243,1.5765,1.57678,1.73,1.35
2012.11.23 15:25:30.717,1.57649,1.57682,1.73,1.65
2012.11.23 15:25:33.123,1.57651,1.57684,1.38,1.50
2012.11.23 15:25:33.184,1.57651,1.57684,1.38,1.50
2012.11.23 15:25:33.244,1.57658,1.57686,1.73,1.50
2012.11.23 15:25:33.603,1.57658,1.57683,1.73,2.10
2012.11.23 15:25:33.663,1.57658,1.57688,1.73,1.50
2012.11.23 15:25:33.722,1.57658,1.57688,1.73,1.50
2012.11.23 15:25:34.023,1.57667,1.57696,1.73,1.50
2012.11.23 15:25:34.365,1.57676,1.57696,1.73,1.50
2012.11.23 15:25:34.829,1.5767,1.57696,1.65,1.50
2012.11.23 15:25:34.900,1.57669,1.57691,1.50,1.50
2012.11.23 15:25:35.942,1.57651,1.57684,1.73,1.50
2012.11.23 15:25:36.609,1.5767,1.57698,1.73,1.50
2012.11.23 15:25:36.673,1.57675,1.57698,1.50,1.50
2012.11.23 15:25:36.915,1.57675,1.57698,1.50,1.50
2012.11.23 15:25:37.223,1.57677,1.57706,1.50,1.73
2012.11.23 15:25:37.284,1.57677,1.57706,2.25,1.73
2012.11.23 15:25:37.615,1.57688,1.57714,1.50,1.50
2012.11.23 15:25:38.043,1.57688,1.57717,1.73,1.50
2012.11.23 15:25:38.484,1.5768,1.57712,1.73,1.50
2012.11.23 15:25:38.544,1.5768,1.57712,1.73,1.50
2012.11.23 15:25:39.130,1.5768,1.57709,1.73,1.50
2012.11.23 15:25:39.573,1.5768,1.57708,1.73,1.50
2012.11.23 15:25:40.023,1.57682,1.57713,1.29,2.25
2012.11.23 15:25:40.142,1.57683,1.57713,1.73,2.25
2012.11.23 15:25:40.262,1.57683,1.57713,1.73,2.25
2012.11.23 15:25:40.573,1.57687,1.57713,1.73,1.50
2012.11.23 15:25:40.801,1.57687,1.57713,2.48,1.50
2012.11.23 15:25:40.923,1.57688,1.57721,1.34,1.50
2012.11.23 15:25:41.905,1.57689,1.5772,1.73,1.50
2012.11.23 15:25:42.188,1.57689,1.5772,1.73,1.50
2012.11.23 15:25:42.543,1.5769,1.5772,1.27,1.50
2012.11.23 15:25:42.912,1.57689,1.57719,1.73,1.50
2012.11.23 15:25:43.033,1.57689,1.5772,1.73,1.50
2012.11.23 15:25:43.482,1.57689,1.5772,1.73,1.50
2012.11.23 15:25:43.774,1.57689,1.5772,1.73,1.50
2012.11.23 15:25:44.816,1.57682,1.57713,1.73,2.48
2012.11.23 15:25:44.933,1.57682,1.57713,1.73,1.50
2012.11.23 15:25:46.493,1.57687,1.57715,1.73,1.50
2012.11.23 15:25:47.656,1.57687,1.5771,1.50,1.50
2012.11.23 15:25:47.979,1.57684,1.5771,1.73,1.50
2012.11.23 15:25:48.472,1.57681,1.5771,1.50,1.50
2012.11.23 15:25:50.753,1.57673,1.57694,1.29,1.50
2012.11.23 15:25:50.933,1.57679,1.57712,1.73,1.50
2012.11.23 15:25:51.233,1.57679,1.57712,1.50,1.73
2012.11.23 15:25:51.295,1.57671,1.57704,1.73,1.73
2012.11.23 15:25:51.353,1.57671,1.57704,1.73,1.50
2012.11.23 15:25:51.713,1.57671,1.57701,1.50,1.54
2012.11.23 15:25:52.313,1.57663,1.57695,1.50,1.73
2012.11.23 15:25:52.621,1.57654,1.57688,1.50,1.73
2012.11.23 15:25:52.684,1.57654,1.57688,1.50,1.73
2012.11.23 15:25:53.125,1.57654,1.57688,1.50,1.73
2012.11.23 15:25:53.304,1.57654,1.57688,1.73,1.50
2012.11.23 15:25:53.645,1.57662,1.57694,1.50,1.73
2012.11.23 15:25:54.074,1.57656,1.57688,1.50,1.73
2012.11.23 15:25:54.718,1.57656,1.57688,1.73,1.50
2012.11.23 15:25:54.962,1.57656,1.57688,1.50,1.73
2012.11.23 15:25:55.246,1.57656,1.57688,1.50,1.73
2012.11.23 15:25:55.362,1.57656,1.57688,1.50,1.73
2012.11.23 15:25:56.923,1.57656,1.57688,1.73,1.50
2012.11.23 15:25:57.042,1.57656,1.57688,1.73,1.50
2012.11.23 15:25:58.473,1.57662,1.57696,1.73,1.50
2012.11.23 15:25:58.822,1.57662,1.57696,1.73,1.73
2012.11.23 15:25:59.745,1.57661,1.57697,1.50,1.73
2012.11.23 15:26:00.352,1.57668,1.57701,1.50,1.58
2012.11.23 15:26:00.414,1.57663,1.57695,1.73,1.50
2012.11.23 15:26:00.533,1.57661,1.57696,1.73,1.73
2012.11.23 15:26:00.593,1.57661,1.57694,1.50,1.73
2012.11.23 15:26:01.163,1.57661,1.57694,1.50,1.73
2012.11.23 15:26:01.283,1.57661,1.57696,1.73,1.50
2012.11.23 15:26:01.597,1.57669,1.57701,1.73,1.65
2012.11.23 15:26:01.724,1.5767,1.57701,1.36,1.65
2012.11.23 15:26:02.334,1.5767,1.57701,1.36,1.50
2012.11.23 15:26:02.664,1.57682,1.57708,1.73,1.43
2012.11.23 15:26:02.724,1.57682,1.57715,1.73,1.73
2012.11.23 15:26:02.784,1.57675,1.57711,1.73,1.65
2012.11.23 15:26:03.474,1.57681,1.57716,1.50,1.73
2012.11.23 15:26:03.951,1.57681,1.57716,1.50,1.73
2012.11.23 15:26:04.594,1.5769,1.57721,1.50,1.73
2012.11.23 15:26:04.955,1.57692,1.57721,1.29,1.50
2012.11.23 15:26:05.015,1.5769,1.57721,1.73,1.50
2012.11.23 15:26:05.133,1.5769,1.57721,1.73,1.50
2012.11.23 15:26:05.673,1.57682,1.57717,1.65,1.50
2012.11.23 15:26:05.735,1.57682,1.57715,1.65,1.50
2012.11.23 15:26:06.093,1.57682,1.57715,1.65,1.50
2012.11.23 15:26:06.213,1.57682,1.57715,1.65,1.50
2012.11.23 15:26:06.776,1.57682,1.57715,1.73,1.50
2012.11.23 15:26:06.903,1.57682,1.57715,1.73,1.50
2012.11.23 15:26:07.023,1.57682,1.57715,1.65,1.50
2012.11.23 15:26:07.661,1.57682,1.57715,1.65,1.50
2012.11.23 15:26:08.373,1.57682,1.57715,1.65,1.73
2012.11.23 15:26:08.493,1.57682,1.57715,1.65,1.50
2012.11.23 15:26:09.343,1.57689,1.57721,1.73,1.35
2012.11.23 15:26:10.643,1.57683,1.57717,1.50,1.73
2012.11.23 15:26:10.832,1.57683,1.57715,1.50,1.73
2012.11.23 15:26:11.813,1.57683,1.57715,1.50,1.73
2012.11.23 15:26:11.933,1.57676,1.57709,1.50,1.73
2012.11.23 15:26:13.373,1.57676,1.57709,1.73,1.50
2012.11.23 15:26:13.494,1.57676,1.57709,1.73,1.50
2012.11.23 15:26:13.635,1.57676,1.57709,1.73,1.50
2012.11.23 15:26:13.694,1.57676,1.57709,1.50,1.73
2012.11.23 15:26:14.223,1.57676,1.57709,1.50,1.73
2012.11.23 15:26:14.283,1.57676,1.57709,1.73,1.50
2012.11.23 15:26:16.232,1.57676,1.57712,1.73,1.73
2012.11.23 15:26:16.713,1.57686,1.57715,1.50,1.50
2012.11.23 15:26:16.892,1.57684,1.57705,1.02,1.50
2012.11.23 15:26:17.257,1.57676,1.57705,1.50,1.50
2012.11.23 15:26:17.582,1.57676,1.57705,1.73,1.50
2012.11.23 15:26:17.704,1.57676,1.57705,1.50,1.50
2012.11.23 15:26:17.763,1.57673,1.57705,2.48,1.50
2012.11.23 15:26:18.353,1.57676,1.57702,1.50,1.35
2012.11.23 15:26:18.695,1.57673,1.57702,2.25,1.58
2012.11.23 15:26:19.083,1.57673,1.57702,2.25,1.58
2012.11.23 15:26:19.267,1.57664,1.57694,1.50,1.73
2012.11.23 15:26:20.114,1.57669,1.57701,1.73,1.50
2012.11.23 15:26:20.194,1.57669,1.57701,1.73,1.50
2012.11.23 15:26:20.252,1.57669,1.57701,1.50,1.50
2012.11.23 15:26:20.533,1.57669,1.57701,1.50,1.50
2012.11.23 15:26:20.653,1.57669,1.57701,1.73,1.50
2012.11.23 15:26:22.002,1.57669,1.57701,1.73,1.50
2012.11.23 15:26:22.183,1.57669,1.57701,1.73,1.50
2012.11.23 15:26:22.679,1.57669,1.577,1.73,1.50
2012.11.23 15:26:22.863,1.57667,1.57695,1.21,1.50
2012.11.23 15:26:23.643,1.57666,1.57703,1.21,1.50
2012.11.23 15:26:23.703,1.57665,1.57691,1.50,1.73
2012.11.23 15:26:23.763,1.5766,1.57691,1.50,1.73
2012.11.23 15:26:28.844,1.57658,1.57677,1.73,1.50
2012.11.23 15:26:29.084,1.57647,1.5768,1.73,1.73
2012.11.23 15:26:29.203,1.57653,1.57686,1.73,1.73
2012.11.23 15:26:29.263,1.57662,1.57686,1.50,1.73
2012.11.23 15:26:29.857,1.57662,1.57689,1.73,1.50
2012.11.23 15:26:29.925,1.57669,1.57694,1.73,1.50
2012.11.23 15:26:30.374,1.57663,1.57694,2.48,2.25
2012.11.23 15:26:30.793,1.57663,1.57693,1.73,1.50
2012.11.23 15:26:31.333,1.57663,1.57692,1.73,1.50
2012.11.23 15:26:31.742,1.57665,1.57694,1.73,2.25
2012.11.23 15:26:31.804,1.57665,1.57694,1.73,1.50
2012.11.23 15:26:32.306,1.5767,1.57698,1.73,1.50
2012.11.23 15:26:33.614,1.5767,1.57702,1.73,1.73
2012.11.23 15:26:33.673,1.5767,1.57702,1.73,1.50
2012.11.23 15:26:33.732,1.5767,1.57703,1.73,2.25
2012.11.23 15:26:34.318,1.57678,1.57706,1.73,1.50
2012.11.23 15:26:35.089,1.5767,1.57704,1.73,1.50
2012.11.23 15:26:35.153,1.5767,1.57704,1.73,1.50
2012.11.23 15:26:35.336,1.5767,1.57704,1.73,1.50
2012.11.23 15:26:35.654,1.5767,1.57704,1.73,1.50
2012.11.23 15:26:36.014,1.5767,1.57704,1.73,1.50
2012.11.23 15:26:36.664,1.5767,1.57704,2.18,1.50
2012.11.23 15:26:37.243,1.5767,1.57704,1.73,1.50
2012.11.23 15:26:37.569,1.57679,1.57711,1.38,1.50
2012.11.23 15:26:37.995,1.57678,1.57711,1.50,1.73
2012.11.23 15:26:38.054,1.57671,1.57703,1.50,1.73
2012.11.23 15:26:38.636,1.57671,1.57702,1.50,1.58
2012.11.23 15:26:39.394,1.57671,1.57704,1.50,2.48
2012.11.23 15:26:39.514,1.57671,1.57704,1.73,2.25
2012.11.23 15:26:40.043,1.57673,1.57705,1.73,1.50
2012.11.23 15:26:40.103,1.57673,1.57705,1.50,1.73
2012.11.23 15:26:43.713,1.57667,1.57698,1.73,1.50
2012.11.23 15:26:44.234,1.57667,1.57698,1.50,1.50
2012.11.23 15:26:45.142,1.57667,1.57698,1.50,1.50
2012.11.23 15:26:48.865,1.57667,1.57697,1.50,1.32
2012.11.23 15:26:49.344,1.57667,1.57698,1.50,1.73
2012.11.23 15:26:50.253,1.57667,1.57698,1.50,1.73
2012.11.23 15:26:50.593,1.57667,1.57698,1.50,1.73
2012.11.23 15:26:52.809,1.57661,1.57693,1.50,1.73
2012.11.23 15:26:52.873,1.5766,1.57693,1.73,1.73
2012.11.23 15:26:53.533,1.5766,1.57694,1.50,2.48
2012.11.23 15:26:53.593,1.5766,1.57694,1.73,2.25
2012.11.23 15:26:54.161,1.57661,1.57694,1.73,1.50
2012.11.23 15:26:54.466,1.57667,1.577,1.50,2.33
2012.11.23 15:26:55.753,1.57661,1.57694,1.73,1.50
2012.11.23 15:26:56.393,1.57661,1.57694,1.73,1.50
2012.11.23 15:26:56.653,1.57661,1.57694,1.73,1.50
2012.11.23 15:26:58.434,1.57661,1.57694,1.73,1.50
2012.11.23 15:26:58.554,1.57661,1.57694,1.73,1.50
2012.11.23 15:26:58.613,1.57661,1.57695,1.73,1.50
2012.11.23 15:27:00.894,1.57668,1.577,1.50,1.73
2012.11.23 15:27:01.084,1.57668,1.577,1.50,1.73
2012.11.23 15:27:01.323,1.57668,1.577,1.73,1.50
2012.11.23 15:27:01.884,1.57669,1.577,1.73,1.50
2012.11.23 15:27:02.234,1.57667,1.577,1.73,1.50
2012.11.23 15:27:03.243,1.57667,1.577,2.48,1.50
2012.11.23 15:27:03.363,1.57668,1.577,1.45,1.50
2012.11.23 15:27:03.542,1.57676,1.57708,1.73,1.50
2012.11.23 15:27:04.246,1.57676,1.57708,1.73,1.50
2012.11.23 15:27:05.151,1.57675,1.57708,1.73,1.50
2012.11.23 15:27:05.336,1.57675,1.57708,1.50,1.73
2012.11.23 15:27:05.454,1.57675,1.57704,1.50,1.58
2012.11.23 15:27:05.695,1.57664,1.57696,1.73,1.50
2012.11.23 15:27:06.210,1.57666,1.57696,1.73,1.50
2012.11.23 15:27:06.393,1.57672,1.57704,1.50,1.73
2012.11.23 15:27:06.633,1.57672,1.57704,1.50,1.73
2012.11.23 15:27:06.693,1.57672,1.57704,1.73,1.50
2012.11.23 15:27:07.042,1.57678,1.5771,1.73,1.58
2012.11.23 15:27:07.653,1.57681,1.57711,1.50,1.58
2012.11.23 15:27:07.772,1.57686,1.57715,2.48,1.50
2012.11.23 15:27:08.742,1.57686,1.57717,2.25,1.73
2012.11.23 15:27:08.803,1.57686,1.57717,1.50,1.73
2012.11.23 15:27:09.616,1.57686,1.57719,1.73,2.25
2012.11.23 15:27:10.318,1.57686,1.57719,2.48,1.50
2012.11.23 15:27:12.346,1.57686,1.57714,2.48,1.35
2012.11.23 15:27:12.463,1.57686,1.57713,1.73,1.35
2012.11.23 15:27:12.524,1.57678,1.57711,1.73,1.73
2012.11.23 15:27:14.726,1.57672,1.57705,1.73,1.50
2012.11.23 15:27:15.026,1.57679,1.5771,2.18,1.50
2012.11.23 15:27:15.582,1.57685,1.57717,1.73,1.50
2012.11.23 15:27:16.093,1.57688,1.57717,1.59,1.50
2012.11.23 15:27:16.325,1.57687,1.57717,2.13,1.50
2012.11.23 15:27:16.682,1.57694,1.57721,1.73,1.35
2012.11.23 15:27:17.103,1.57689,1.57713,1.20,1.50
2012.11.23 15:27:17.163,1.57681,1.57711,1.20,1.50
2012.11.23 15:27:17.284,1.57679,1.57711,1.73,1.50
2012.11.23 15:27:17.524,1.57681,1.57711,1.73,1.50
2012.11.23 15:27:17.883,1.57682,1.57713,1.50,1.73
2012.11.23 15:27:17.942,1.57682,1.57711,1.50,1.50
2012.11.23 15:27:18.133,1.57682,1.57711,1.50,1.50
2012.11.23 15:27:18.193,1.5768,1.57711,1.73,1.50
2012.11.23 15:27:18.635,1.57682,1.57713,1.50,1.73
2012.11.23 15:27:18.753,1.57686,1.57714,1.50,1.50
2012.11.23 15:27:18.816,1.57686,1.57719,1.73,1.50
2012.11.23 15:27:19.623,1.57685,1.57719,1.73,1.50
2012.11.23 15:27:20.045,1.57679,1.57708,1.73,1.50
2012.11.23 15:27:20.754,1.57676,1.57708,2.48,1.50
2012.11.23 15:27:24.543,1.57684,1.57716,1.73,1.73
2012.11.23 15:27:25.672,1.57678,1.5771,1.73,1.50
2012.11.23 15:27:26.219,1.57676,1.5771,2.48,1.50
2012.11.23 15:27:28.852,1.57678,1.57712,1.73,1.50
2012.11.23 15:27:28.973,1.57683,1.57714,1.73,1.50
2012.11.23 15:27:29.032,1.57685,1.57717,1.73,1.50
2012.11.23 15:27:29.376,1.57683,1.57717,1.73,1.50
2012.11.23 15:27:29.953,1.57678,1.5771,1.73,1.50
2012.11.23 15:27:30.523,1.57679,1.5771,1.73,1.50
2012.11.23 15:27:30.988,1.57693,1.57725,1.73,1.73
2012.11.23 15:27:31.053,1.57693,1.57725,1.73,1.50
2012.11.23 15:27:31.296,1.57694,1.57725,1.73,1.50
2012.11.23 15:27:31.413,1.57691,1.57725,1.73,1.50
2012.11.23 15:27:31.923,1.57699,1.5773,1.50,1.73
2012.11.23 15:27:32.234,1.57692,1.57724,1.73,1.50
2012.11.23 15:27:32.414,1.57692,1.57717,1.50,1.73
2012.11.23 15:27:32.604,1.57683,1.57717,1.50,1.73
2012.11.23 15:27:32.664,1.57683,1.57717,1.50,2.27
2012.11.23 15:27:33.002,1.57683,1.57714,1.73,1.50
2012.11.23 15:27:33.643,1.57683,1.57714,1.73,1.50
2012.11.23 15:27:34.174,1.57691,1.57723,1.50,1.73
2012.11.23 15:27:34.294,1.57691,1.57723,1.50,1.73
2012.11.23 15:27:34.713,1.57684,1.57717,1.73,1.50
2012.11.23 15:27:34.773,1.57684,1.57716,1.73,1.50
2012.11.23 15:27:35.193,1.57684,1.57715,1.73,1.50
2012.11.23 15:27:35.493,1.5769,1.57718,1.50,1.50
2012.11.23 15:27:35.675,1.57699,1.57726,1.50,1.13
2012.11.23 15:27:35.854,1.57701,1.5773,1.73,1.05
2012.11.23 15:27:36.327,1.57701,1.57732,1.73,1.73
2012.11.23 15:27:36.394,1.57699,1.5773,1.73,1.50
2012.11.23 15:27:36.753,1.57706,1.57731,1.50,1.50
2012.11.23 15:27:36.814,1.57706,1.57734,2.25,1.73
2012.11.23 15:27:36.874,1.57706,1.57734,2.48,1.50
2012.11.23 15:27:36.993,1.57706,1.57739,2.48,1.50
2012.11.23 15:27:37.254,1.57708,1.57741,1.73,1.50
2012.11.23 15:27:37.316,1.57717,1.57743,1.50,2.16
2012.11.23 15:27:37.445,1.57719,1.57749,1.50,1.73
2012.11.23 15:27:37.563,1.57722,1.57751,1.50,1.58
2012.11.23 15:27:38.247,1.57725,1.57752,1.50,1.58
2012.11.23 15:27:38.383,1.57725,1.57747,1.50,1.50
2012.11.23 15:27:38.506,1.57725,1.57752,1.50,1.35
2012.11.23 15:27:38.564,1.57725,1.57751,1.50,2.18
2012.11.23 15:27:39.183,1.57725,1.57741,1.50,1.65
2012.11.23 15:27:39.387,1.57694,1.57722,1.49,1.50
2012.11.23 15:27:39.455,1.57693,1.57722,1.50,1.50
2012.11.23 15:27:39.515,1.57686,1.57722,1.73,3.00
2012.11.23 15:27:39.633,1.57686,1.57722,1.73,3.23
2012.11.23 15:27:39.989,1.57686,1.57721,1.73,1.73
2012.11.23 15:27:40.233,1.57686,1.57721,1.73,1.73
2012.11.23 15:27:40.293,1.57693,1.57722,1.50,2.48
2012.11.23 15:27:40.723,1.57685,1.57715,1.50,1.73
2012.11.23 15:27:41.033,1.57675,1.57703,1.73,1.35
2012.11.23 15:27:41.403,1.57675,1.57701,1.50,2.33
2012.11.23 15:27:41.763,1.57672,1.57693,1.50,2.33
2012.11.23 15:27:41.823,1.57669,1.57687,1.50,1.19
2012.11.23 15:27:41.944,1.57648,1.57682,1.13,1.50
2012.11.23 15:27:42.183,1.57655,1.5768,1.73,2.48
2012.11.23 15:27:42.303,1.57656,1.57684,1.43,1.50
2012.11.23 15:27:42.543,1.57653,1.57682,1.73,1.50
2012.11.23 15:27:42.843,1.57663,1.57687,1.50,1.65
2012.11.23 15:27:43.733,1.57663,1.57684,1.65,1.50
2012.11.23 15:27:44.034,1.57663,1.57685,1.50,1.88
2012.11.23 15:27:44.127,1.57655,1.57685,1.50,1.88
2012.11.23 15:27:44.254,1.57655,1.57685,1.50,1.88
2012.11.23 15:27:44.314,1.57655,1.57683,1.50,2.63
2012.11.23 15:27:44.675,1.57655,1.57684,1.50,1.73
2012.11.23 15:27:44.794,1.57655,1.57684,1.50,1.73
2012.11.23 15:27:45.342,1.57655,1.57684,1.73,1.50
2012.11.23 15:27:45.643,1.57655,1.57683,1.50,1.50
2012.11.23 15:27:46.003,1.57655,1.57683,1.73,1.50
2012.11.23 15:27:46.545,1.57659,1.57679,1.50,1.73
2012.11.23 15:27:46.604,1.57657,1.57679,1.50,1.73
2012.11.23 15:27:46.883,1.57648,1.57676,1.73,1.50
2012.11.23 15:27:46.944,1.57646,1.57674,1.73,1.35
2012.11.23 15:27:47.515,1.57646,1.57665,1.73,1.35
2012.11.23 15:27:47.833,1.57638,1.57656,1.50,1.50
2012.11.23 15:27:47.893,1.57638,1.57665,1.50,1.35
2012.11.23 15:27:47.952,1.57638,1.57665,1.50,1.35
2012.11.23 15:27:48.133,1.57637,1.57656,1.50,2.85
2012.11.23 15:27:48.440,1.57624,1.57656,2.25,3.45
2012.11.23 15:27:48.564,1.5763,1.57658,1.50,1.13
2012.11.23 15:27:48.626,1.5763,1.57658,1.50,1.88
2012.11.23 15:27:48.743,1.57637,1.57658,1.50,1.73
2012.11.23 15:27:50.410,1.57636,1.57658,1.50,1.50
2012.11.23 15:27:50.475,1.57631,1.57658,1.73,1.50
2012.11.23 15:27:50.713,1.57631,1.57658,1.50,1.73
2012.11.23 15:27:50.892,1.57633,1.57662,1.73,1.50
2012.11.23 15:27:51.257,1.57638,1.57662,1.50,1.50
2012.11.23 15:27:52.353,1.57638,1.57665,1.50,1.73
2012.11.23 15:27:52.715,1.57638,1.57666,1.50,1.73
2012.11.23 15:27:53.013,1.57638,1.57669,1.73,1.50
2012.11.23 15:27:53.253,1.57644,1.57671,1.50,1.88
2012.11.23 15:27:53.524,1.5764,1.57671,1.73,1.65
2012.11.23 15:27:53.584,1.5764,1.57671,1.73,1.65
2012.11.23 15:27:53.958,1.57652,1.57674,1.50,1.50
2012.11.23 15:27:54.262,1.57652,1.57675,1.50,1.50
2012.11.23 15:27:55.393,1.57652,1.57674,1.50,1.50
2012.11.23 15:27:55.453,1.57647,1.57674,1.50,1.50
2012.11.23 15:27:55.843,1.57647,1.57673,1.50,1.35
2012.11.23 15:27:56.144,1.5764,1.5766,1.73,1.50
2012.11.23 15:27:56.205,1.57638,1.5766,1.73,1.50
2012.11.23 15:27:56.400,1.5764,1.57661,1.73,1.50
2012.11.23 15:27:56.896,1.57653,1.57683,2.25,1.13
2012.11.23 15:27:57.033,1.57661,1.57683,1.50,1.13
2012.11.23 15:27:57.273,1.57661,1.57688,1.50,1.73
2012.11.23 15:27:58.322,1.57661,1.57688,1.50,1.73
2012.11.23 15:27:58.683,1.57669,1.57694,1.50,1.50
2012.11.23 15:27:59.228,1.57669,1.57694,1.50,1.50
2012.11.23 15:27:59.643,1.57669,1.57694,1.50,1.73
2012.11.23 15:27:59.824,1.57661,1.57684,1.50,1.50
2012.11.23 15:27:59.965,1.57661,1.57684,1.50,1.73
2012.11.23 15:28:00.068,1.57661,1.57684,1.50,1.73
2012.11.23 15:28:00.602,1.57661,1.57688,1.50,1.73
2012.11.23 15:28:00.846,1.57661,1.57693,1.50,2.10
2012.11.23 15:28:01.263,1.57662,1.57693,1.50,2.10
2012.11.23 15:28:01.603,1.57668,1.57698,1.50,1.65
2012.11.23 15:28:02.953,1.57668,1.577,1.50,1.73
2012.11.23 15:28:03.282,1.57671,1.57703,1.50,2.48
2012.11.23 15:28:03.403,1.57671,1.57703,1.73,2.25
2012.11.23 15:28:03.663,1.57668,1.577,1.73,1.50
2012.11.23 15:28:03.893,1.57668,1.577,1.73,1.50
2012.11.23 15:28:04.314,1.57668,1.57697,1.50,1.58
2012.11.23 15:28:04.503,1.57658,1.57687,1.50,1.73
2012.11.23 15:28:04.563,1.57655,1.57687,1.73,1.50
2012.11.23 15:28:04.713,1.57655,1.5769,1.73,1.73
2012.11.23 15:28:05.333,1.57656,1.57688,1.73,1.50
2012.11.23 15:28:06.053,1.57648,1.57684,1.73,1.73
2012.11.23 15:28:06.545,1.57648,1.57681,1.73,1.50
2012.11.23 15:28:06.602,1.57648,1.57681,1.73,1.50
2012.11.23 15:28:07.693,1.57651,1.57684,1.50,2.48
2012.11.23 15:28:07.756,1.5765,1.57684,1.52,2.25
2012.11.23 15:28:08.192,1.5765,1.57684,2.27,2.25
2012.11.23 15:28:08.585,1.57656,1.57684,1.20,2.25
2012.11.23 15:28:08.703,1.57649,1.57683,1.47,1.50
2012.11.23 15:28:09.123,1.57649,1.57682,1.47,1.50
2012.11.23 15:28:09.424,1.57649,1.57677,1.47,1.50
2012.11.23 15:28:09.486,1.57648,1.57677,1.47,1.50
2012.11.23 15:28:09.663,1.57642,1.57674,1.73,1.50
2012.11.23 15:28:10.406,1.5764,1.57675,1.73,1.50
2012.11.23 15:28:11.173,1.57647,1.57673,1.73,1.50
2012.11.23 15:28:11.292,1.57642,1.57672,1.50,1.73
2012.11.23 15:28:11.353,1.57639,1.57672,1.73,1.73
2012.11.23 15:28:11.413,1.57642,1.57673,1.50,1.73
2012.11.23 15:28:11.473,1.57647,1.57673,1.61,1.50
2012.11.23 15:28:11.833,1.57647,1.5768,2.48,1.50
2012.11.23 15:28:12.435,1.57647,1.5768,1.73,1.50
2012.11.23 15:28:12.496,1.57647,1.5768,1.73,1.73
2012.11.23 15:28:13.384,1.57647,1.5768,1.50,1.73
2012.11.23 15:28:13.883,1.57642,1.57672,1.50,1.73
2012.11.23 15:28:13.943,1.57639,1.57672,1.50,1.73
2012.11.23 15:28:14.003,1.57639,1.57672,1.50,1.73
2012.11.23 15:28:14.243,1.57635,1.57666,1.50,1.73
2012.11.23 15:28:14.312,1.57633,1.57666,1.50,1.73
2012.11.23 15:28:14.623,1.57635,1.57666,1.50,1.73
2012.11.23 15:28:14.682,1.57635,1.57666,1.73,1.73
2012.11.23 15:28:14.863,1.57636,1.57668,1.50,1.73
2012.11.23 15:28:15.643,1.57641,1.57675,1.50,1.73
2012.11.23 15:28:16.376,1.5764,1.57673,1.50,1.73
2012.11.23 15:28:20.543,1.5764,1.57673,1.73,1.73
2012.11.23 15:28:20.723,1.5764,1.57671,1.50,1.63
2012.11.23 15:28:20.783,1.5764,1.57673,1.50,1.73
2012.11.23 15:28:22.895,1.57643,1.57676,1.50,1.73
2012.11.23 15:28:23.074,1.57657,1.57686,1.73,1.50
2012.11.23 15:28:23.254,1.57663,1.57694,1.50,1.50
2012.11.23 15:28:23.633,1.57663,1.57695,1.50,1.50
2012.11.23 15:28:25.105,1.57663,1.57695,1.73,1.50
2012.11.23 15:28:25.348,1.57657,1.57691,2.48,1.73
2012.11.23 15:28:25.412,1.57657,1.57689,1.73,1.50
2012.11.23 15:28:25.777,1.57657,1.57689,1.50,1.73
2012.11.23 15:28:26.796,1.57649,1.57681,1.73,1.73
2012.11.23 15:28:26.854,1.57648,1.57681,1.73,1.73
2012.11.23 15:28:28.423,1.57661,1.57694,1.50,2.03
2012.11.23 15:28:28.617,1.57661,1.57694,1.73,1.50
2012.11.23 15:28:29.495,1.57661,1.57694,1.73,1.50
2012.11.23 15:28:31.654,1.57664,1.57694,1.73,1.50
2012.11.23 15:28:32.012,1.57669,1.57701,1.73,1.50
2012.11.23 15:28:32.252,1.57669,1.57701,1.73,1.50
2012.11.23 15:28:32.493,1.57661,1.57694,1.50,1.73
2012.11.23 15:28:32.753,1.57652,1.57688,1.50,1.50
2012.11.23 15:28:33.754,1.57657,1.57693,1.50,2.48
2012.11.23 15:28:33.814,1.57658,1.57692,1.73,1.73
2012.11.23 15:28:34.173,1.57655,1.57684,1.50,1.73
2012.11.23 15:28:34.248,1.57653,1.57683,1.50,1.50
2012.11.23 15:28:34.714,1.57657,1.57687,1.50,1.73
2012.11.23 15:28:35.106,1.57657,1.57687,1.50,1.73
2012.11.23 15:28:35.284,1.57654,1.57687,1.50,1.73
2012.11.23 15:28:36.065,1.57657,1.5769,1.50,1.73
2012.11.23 15:28:38.143,1.57657,1.5769,1.50,1.73
2012.11.23 15:28:38.754,1.57657,1.5769,1.50,1.73
2012.11.23 15:28:39.083,1.57666,1.57695,1.50,2.16
2012.11.23 15:28:39.617,1.57672,1.57705,1.58,1.73
2012.11.23 15:28:40.173,1.57669,1.57703,1.73,1.73
2012.11.23 15:28:41.434,1.57669,1.57702,1.73,1.73
2012.11.23 15:28:41.493,1.57666,1.57694,1.50,1.73
2012.11.23 15:28:41.613,1.5766,1.57694,1.73,1.73
2012.11.23 15:28:42.023,1.57662,1.57696,1.18,1.50
2012.11.23 15:28:42.382,1.57653,1.57684,1.50,1.38
2012.11.23 15:28:42.503,1.57647,1.57682,1.65,1.73
2012.11.23 15:28:43.174,1.57648,1.57684,1.50,2.88
2012.11.23 15:28:43.294,1.57648,1.57684,1.50,2.48
2012.11.23 15:28:43.414,1.57648,1.57684,1.73,2.25
2012.11.23 15:28:43.713,1.57656,1.57684,1.50,1.50
2012.11.23 15:28:45.623,1.57662,1.57693,1.50,1.73
2012.11.23 15:28:45.684,1.57664,1.57696,1.50,1.88
2012.11.23 15:28:46.593,1.57667,1.57696,1.73,1.50
2012.11.23 15:28:46.924,1.5767,1.57702,1.73,2.25
2012.11.23 15:28:47.325,1.57667,1.57696,1.73,1.50
2012.11.23 15:28:47.685,1.57665,1.57696,1.73,1.50
2012.11.23 15:28:49.084,1.57667,1.57696,1.73,1.50
2012.11.23 15:28:49.827,1.57657,1.5769,1.73,1.50
2012.11.23 15:28:49.904,1.57657,1.57688,1.50,1.73
2012.11.23 15:28:50.759,1.57657,1.57688,1.50,1.73
2012.11.23 15:28:51.357,1.57652,1.57684,1.50,2.48
2012.11.23 15:28:51.874,1.5765,1.57682,1.73,1.73
2012.11.23 15:28:55.476,1.57639,1.57671,1.50,1.98
2012.11.23 15:28:56.360,1.57636,1.57666,1.73,1.50
2012.11.23 15:28:56.604,1.57641,1.57674,1.73,2.25
2012.11.23 15:28:56.845,1.57647,1.5768,1.73,1.50
2012.11.23 15:28:56.964,1.57647,1.5768,1.73,1.50
2012.11.23 15:28:57.726,1.57633,1.57667,1.73,1.50
2012.11.23 15:28:57.783,1.57633,1.57667,1.73,1.50
2012.11.23 15:28:57.904,1.57633,1.57667,2.40,1.50
2012.11.23 15:28:58.483,1.57636,1.5767,1.65,1.50
2012.11.23 15:28:59.473,1.57633,1.57666,1.73,1.50
2012.11.23 15:29:00.057,1.57635,1.57668,1.73,1.50
2012.11.23 15:29:00.373,1.57658,1.5769,1.50,1.73
2012.11.23 15:29:00.493,1.57656,1.57685,1.65,1.50
2012.11.23 15:29:01.043,1.57657,1.57692,2.40,1.50
2012.11.23 15:29:01.573,1.57657,1.57692,2.48,1.73
2012.11.23 15:29:01.777,1.57647,1.57682,1.43,1.50
2012.11.23 15:29:04.663,1.57645,1.57682,1.37,1.50
2012.11.23 15:29:04.757,1.57646,1.57682,1.32,1.50
2012.11.23 15:29:05.434,1.57655,1.57682,1.57,1.50
2012.11.23 15:29:05.794,1.57657,1.57695,2.04,1.50
2012.11.23 15:29:08.263,1.57657,1.57695,1.73,1.50
2012.11.23 15:29:09.143,1.57663,1.57696,1.50,1.50
2012.11.23 15:29:10.473,1.57666,1.57696,1.29,1.50
2012.11.23 15:29:10.624,1.57667,1.57702,1.54,1.50
2012.11.23 15:29:10.743,1.57666,1.57699,1.73,1.50
2012.11.23 15:29:11.421,1.57664,1.57701,1.73,2.25
2012.11.23 15:29:11.875,1.57664,1.57698,1.73,1.50
2012.11.23 15:29:11.934,1.57664,1.57698,1.73,1.73
2012.11.23 15:29:12.396,1.57664,1.57699,2.48,1.50
2012.11.23 15:29:12.764,1.57667,1.57699,1.73,1.50
2012.11.23 15:29:13.066,1.57659,1.57694,1.50,1.73
2012.11.23 15:29:13.424,1.57654,1.57687,1.65,1.50
2012.11.23 15:29:13.482,1.57652,1.57687,1.65,1.50
2012.11.23 15:29:13.663,1.57652,1.57686,1.65,1.50
2012.11.23 15:29:13.902,1.57654,1.57689,1.65,1.50
2012.11.23 15:29:14.092,1.57656,1.57689,1.65,1.50
2012.11.23 15:29:14.451,1.5766,1.57688,1.65,1.50
2012.11.23 15:29:14.517,1.5766,1.57688,1.50,1.73
2012.11.23 15:29:16.073,1.5766,1.57693,1.50,1.73
2012.11.23 15:29:16.313,1.57653,1.57689,1.73,1.73
2012.11.23 15:29:16.374,1.57655,1.57691,1.50,1.73
2012.11.23 15:29:16.617,1.57655,1.57691,1.73,1.50
2012.11.23 15:29:17.202,1.57655,1.57691,1.98,1.50
2012.11.23 15:29:17.663,1.57655,1.57689,1.23,1.50
2012.11.23 15:29:17.946,1.57653,1.57689,1.73,1.50
2012.11.23 15:29:18.393,1.57653,1.57689,1.73,1.73
2012.11.23 15:29:18.705,1.57653,1.57689,1.73,1.73
2012.11.23 15:29:19.303,1.57653,1.57689,1.73,1.50
2012.11.23 15:29:19.733,1.57655,1.57689,1.23,1.50
2012.11.23 15:29:20.003,1.57653,1.57686,1.50,1.61
2012.11.23 15:29:20.064,1.57653,1.57686,1.50,1.61
2012.11.23 15:29:20.245,1.57645,1.57681,1.73,1.73
2012.11.23 15:29:20.810,1.57642,1.57674,1.73,1.50
2012.11.23 15:29:21.460,1.5764,1.57672,1.73,1.50
2012.11.23 15:29:21.802,1.57636,1.57665,1.50,1.35
2012.11.23 15:29:22.114,1.57636,1.57648,1.27,1.35
2012.11.23 15:29:22.234,1.57611,1.57644,1.73,2.25
2012.11.23 15:29:22.293,1.5761,1.57638,1.23,1.35
2012.11.23 15:29:22.354,1.57602,1.57635,1.73,1.73
2012.11.23 15:29:22.903,1.57602,1.57632,1.73,1.50
2012.11.23 15:29:23.623,1.57595,1.57623,1.50,1.58
2012.11.23 15:29:24.744,1.57593,1.57623,1.13,2.85
2012.11.23 15:29:24.805,1.57589,1.57621,1.36,2.25
2012.11.23 15:29:24.923,1.57589,1.57618,1.36,1.50
2012.11.23 15:29:25.283,1.57578,1.57609,1.36,1.35
2012.11.23 15:29:25.403,1.57583,1.57612,1.86,1.65
2012.11.23 15:29:25.583,1.57586,1.57624,1.36,2.33
2012.11.23 15:29:25.643,1.57586,1.57625,1.36,1.73
2012.11.23 15:29:25.785,1.57586,1.57625,1.36,1.73
2012.11.23 15:29:25.844,1.57586,1.57625,1.60,1.50
2012.11.23 15:29:26.153,1.57591,1.57628,1.36,1.50
2012.11.23 15:29:26.921,1.57587,1.57627,1.15,1.73
2012.11.23 15:29:28.343,1.57594,1.57629,1.92,1.58
2012.11.23 15:29:28.644,1.57597,1.57639,1.73,1.58
2012.11.23 15:29:28.992,1.57605,1.57637,1.50,1.73
2012.11.23 15:29:29.393,1.57606,1.57639,1.50,1.58
2012.11.23 15:29:29.512,1.57606,1.57639,1.73,1.35
2012.11.23 15:29:30.342,1.57605,1.57637,1.73,1.50
2012.11.23 15:29:30.855,1.57605,1.57637,1.73,1.50
2012.11.23 15:29:31.103,1.57605,1.57637,1.73,1.73
2012.11.23 15:29:31.473,1.57608,1.5764,1.50,1.73
2012.11.23 15:29:31.594,1.57616,1.57647,1.73,1.50
2012.11.23 15:29:31.653,1.57617,1.57647,1.41,1.50
2012.11.23 15:29:31.892,1.57616,1.57647,1.73,1.50
2012.11.23 15:29:32.014,1.57616,1.57649,1.73,1.50
2012.11.23 15:29:32.922,1.57617,1.57653,1.73,2.25
2012.11.23 15:29:32.983,1.57622,1.57653,1.73,1.50
2012.11.23 15:29:33.122,1.57622,1.57653,1.73,1.50
2012.11.23 15:29:33.677,1.57605,1.57653,2.11,1.73
2012.11.23 15:29:33.806,1.57607,1.57653,1.32,1.73
2012.11.23 15:29:34.330,1.57611,1.57653,1.32,1.73
2012.11.23 15:29:35.952,1.57614,1.57648,1.73,1.50
2012.11.23 15:29:36.734,1.57611,1.57643,1.32,1.50
2012.11.23 15:29:36.794,1.57607,1.57641,1.73,1.50
2012.11.23 15:29:36.913,1.57606,1.57639,1.73,1.50
2012.11.23 15:29:37.213,1.57599,1.57633,1.50,1.73
2012.11.23 15:29:37.273,1.57599,1.57632,1.50,2.33
2012.11.23 15:29:37.453,1.57593,1.57624,1.92,1.50
2012.11.23 15:29:39.424,1.57593,1.57624,2.11,1.50
2012.11.23 15:29:40.763,1.57596,1.57624,1.17,1.50
2012.11.23 15:29:41.086,1.57607,1.57633,1.73,1.50
2012.11.23 15:29:41.577,1.57613,1.57643,1.50,1.73
2012.11.23 15:29:41.824,1.57611,1.57645,1.50,1.88
2012.11.23 15:29:42.064,1.57611,1.57645,1.73,1.73
2012.11.23 15:29:42.314,1.57611,1.57645,1.73,1.50
2012.11.23 15:29:44.643,1.57613,1.57645,1.73,1.50
2012.11.23 15:29:50.444,1.57611,1.57645,1.73,1.50
2012.11.23 15:29:50.587,1.57611,1.57645,1.73,1.50
2012.11.23 15:29:50.833,1.57611,1.57645,1.73,1.73
2012.11.23 15:29:51.840,1.57596,1.57634,2.48,1.73
2012.11.23 15:29:51.905,1.57596,1.57632,2.48,1.50
2012.11.23 15:29:52.203,1.57596,1.5763,1.73,1.50
2012.11.23 15:29:52.263,1.5759,1.57621,1.88,1.50
2012.11.23 15:29:52.851,1.5759,1.57621,1.73,1.73
2012.11.23 15:29:53.585,1.5759,1.57621,1.73,1.50
2012.11.23 15:29:54.249,1.57586,1.57615,1.36,1.50
2012.11.23 15:29:55.154,1.57584,1.57615,1.36,1.50
2012.11.23 15:29:55.345,1.57586,1.57615,1.13,1.73
2012.11.23 15:29:55.463,1.57586,1.57615,1.36,1.50
2012.11.23 15:29:55.703,1.57586,1.57606,1.36,1.50
2012.11.23 15:29:56.122,1.57581,1.57614,1.69,2.48
2012.11.23 15:29:56.183,1.57581,1.57614,1.50,2.48
2012.11.23 15:29:56.773,1.57582,1.57614,1.17,2.25
2012.11.23 15:29:57.792,1.57588,1.57622,1.54,1.50
2012.11.23 15:29:59.333,1.57587,1.57622,1.79,1.50
2012.11.23 15:29:59.453,1.57588,1.57622,1.20,1.50
2012.11.23 15:30:00.433,1.57587,1.57622,1.73,1.50
2012.11.23 15:30:00.943,1.57587,1.57619,1.73,1.50
2012.11.23 15:30:01.303,1.57579,1.57613,1.73,1.50
2012.11.23 15:30:01.363,1.57581,1.57615,1.73,1.73
2012.11.23 15:30:01.424,1.57584,1.57615,1.41,1.50
2012.11.23 15:30:01.484,1.57587,1.57622,1.73,1.50
2012.11.23 15:30:01.543,1.57587,1.57622,2.06,1.50
2012.11.23 15:30:01.845,1.57588,1.57622,1.21,1.50
2012.11.23 15:30:02.194,1.57586,1.5762,1.73,1.50
2012.11.23 15:30:02.663,1.57588,1.57622,1.73,1.50
2012.11.23 15:30:02.723,1.57592,1.57622,1.24,1.50
2012.11.23 15:30:02.844,1.57596,1.57625,1.73,1.65
2012.11.23 15:30:03.022,1.57597,1.57625,1.98,1.50
2012.11.23 15:30:03.142,1.57604,1.57635,1.73,1.50
2012.11.23 15:30:03.262,1.57606,1.57635,1.41,1.50
2012.11.23 15:30:03.503,1.57604,1.57635,1.73,1.50
2012.11.23 15:30:04.337,1.5761,1.57642,1.73,1.50
2012.11.23 15:30:04.406,1.57607,1.57638,1.38,1.50
2012.11.23 15:30:04.523,1.57612,1.57642,1.73,1.50
2012.11.23 15:30:04.585,1.57612,1.57644,1.73,2.25
2012.11.23 15:30:04.802,1.57612,1.57644,1.73,2.25
2012.11.23 15:30:04.862,1.5761,1.57642,1.73,1.50
2012.11.23 15:30:05.434,1.5761,1.57642,1.73,1.50
2012.11.23 15:30:06.224,1.57615,1.57644,1.54,1.50
2012.11.23 15:30:06.343,1.57617,1.5765,1.73,1.50
2012.11.23 15:30:06.788,1.57618,1.5765,1.50,1.73
2012.11.23 15:30:07.309,1.57611,1.57643,1.73,1.50
2012.11.23 15:30:07.913,1.57617,1.57649,1.73,1.50
2012.11.23 15:30:08.415,1.57611,1.57643,1.73,2.25
2012.11.23 15:30:10.123,1.57611,1.57643,1.73,2.25
2012.11.23 15:30:10.183,1.5761,1.57642,1.73,1.50
2012.11.23 15:30:11.634,1.57611,1.57643,1.73,1.50
2012.11.23 15:30:11.994,1.57617,1.57649,1.73,1.50
2012.11.23 15:30:12.313,1.57618,1.57649,1.50,1.50
2012.11.23 15:30:13.448,1.57617,1.57649,1.73,1.50
2012.11.23 15:30:13.722,1.57617,1.57649,1.73,1.50
2012.11.23 15:30:17.074,1.57617,1.57649,2.48,1.50
2012.11.23 15:30:17.312,1.57617,1.57649,3.11,1.50
2012.11.23 15:30:18.423,1.57618,1.57649,1.56,1.50
2012.11.23 15:30:18.598,1.57618,1.57649,1.25,1.50
2012.11.23 15:30:19.123,1.57618,1.57649,1.25,1.50
2012.11.23 15:30:19.873,1.57617,1.57649,1.73,1.50
2012.11.23 15:30:22.512,1.57617,1.57649,1.73,1.50
2012.11.23 15:30:28.153,1.57611,1.57643,1.73,1.50
2012.11.23 15:30:28.214,1.57611,1.57643,1.98,1.50
2012.11.23 15:30:28.542,1.57614,1.57643,1.43,1.50
2012.11.23 15:30:28.603,1.57616,1.57644,1.73,1.50
2012.11.23 15:30:28.663,1.57616,1.57647,1.73,1.50
2012.11.23 15:30:28.724,1.57615,1.57644,1.73,1.50
2012.11.23 15:30:29.183,1.5761,1.57641,1.63,1.50
2012.11.23 15:30:29.291,1.57609,1.57641,1.32,1.50
2012.11.23 15:30:29.963,1.5761,1.57643,1.73,2.25
2012.11.23 15:30:30.084,1.57617,1.57643,1.61,2.25
2012.11.23 15:30:30.145,1.57618,1.57649,2.36,1.50
2012.11.23 15:30:30.854,1.57618,1.57649,2.36,1.50
2012.11.23 15:30:30.973,1.57611,1.57644,1.73,1.50
2012.11.23 15:30:31.214,1.57611,1.57644,1.73,1.50
2012.11.23 15:30:31.332,1.57611,1.57644,1.73,1.73
2012.11.23 15:30:31.997,1.5761,1.57642,1.73,1.50
2012.11.23 15:30:32.913,1.5761,1.57642,1.73,1.50
2012.11.23 15:30:33.224,1.5761,1.57644,1.73,1.50
2012.11.23 15:30:35.245,1.5761,1.57642,1.73,1.50
2012.11.23 15:30:35.423,1.5761,1.57642,1.73,1.50
2012.11.23 15:30:36.604,1.57605,1.57637,1.73,1.50
2012.11.23 15:30:37.173,1.57605,1.57637,1.73,1.50
2012.11.23 15:30:37.293,1.57607,1.57637,1.20,1.50
2012.11.23 15:30:38.883,1.57608,1.57638,1.20,1.50
2012.11.23 15:30:39.526,1.57614,1.57644,1.73,2.25
2012.11.23 15:30:39.582,1.57614,1.57644,1.73,1.50
2012.11.23 15:30:40.033,1.57617,1.57647,1.27,1.50
2012.11.23 15:30:40.093,1.57619,1.57653,1.27,1.50
2012.11.23 15:30:40.153,1.57625,1.57657,1.73,1.50
2012.11.23 15:30:40.219,1.57625,1.57657,1.73,1.50
2012.11.23 15:30:40.343,1.57625,1.57657,1.73,2.25
2012.11.23 15:30:43.050,1.5762,1.57653,1.59,1.50
2012.11.23 15:30:43.403,1.57618,1.57649,1.59,1.50
2012.11.23 15:30:44.093,1.57618,1.57649,1.27,1.50
2012.11.23 15:30:44.644,1.57618,1.57649,1.30,1.50
2012.11.23 15:30:46.787,1.57618,1.57653,1.35,1.50
2012.11.23 15:30:46.858,1.57623,1.57655,1.73,1.50
2012.11.23 15:30:47.223,1.57618,1.5765,1.35,1.50
2012.11.23 15:30:47.283,1.57617,1.57648,1.73,1.50
2012.11.23 15:30:47.764,1.57617,1.57648,1.73,1.50
2012.11.23 15:30:48.334,1.57617,1.57648,1.65,1.50
2012.11.23 15:30:48.694,1.57615,1.57648,1.65,1.50
2012.11.23 15:30:48.933,1.57615,1.57648,1.65,1.73
2012.11.23 15:30:49.454,1.57615,1.57648,1.73,1.50
2012.11.23 15:30:50.157,1.57608,1.57642,1.73,1.50
2012.11.23 15:30:50.404,1.57608,1.57642,1.73,1.50
2012.11.23 15:30:52.868,1.57607,1.57635,1.43,1.50
2012.11.23 15:30:53.002,1.57608,1.57637,1.43,1.50
2012.11.23 15:30:53.805,1.57611,1.57645,1.73,1.50
2012.11.23 15:30:54.793,1.57614,1.57645,1.73,1.50
2012.11.23 15:30:55.443,1.57611,1.57645,2.24,1.50
2012.11.23 15:30:55.563,1.57611,1.57638,1.73,1.50
2012.11.23 15:30:55.623,1.576,1.57634,1.30,1.50
2012.11.23 15:30:55.933,1.57596,1.57628,2.05,1.50
2012.11.23 15:30:56.174,1.57596,1.57628,1.73,1.50
2012.11.23 15:30:56.382,1.57589,1.57623,1.22,1.50
2012.11.23 15:30:57.238,1.57588,1.57622,1.22,1.50
2012.11.23 15:30:57.944,1.57587,1.57622,2.48,1.73
2012.11.23 15:30:58.779,1.57578,1.57613,1.50,1.73
2012.11.23 15:30:58.857,1.57557,1.57589,1.92,1.73
2012.11.23 15:30:58.923,1.57556,1.57592,1.73,1.73
2012.11.23 15:30:59.043,1.57562,1.57596,1.73,1.50
2012.11.23 15:30:59.593,1.57562,1.57596,1.50,1.73
2012.11.23 15:30:59.674,1.57556,1.57589,1.73,1.50
2012.11.23 15:31:00.343,1.57555,1.57589,1.73,1.50
2012.11.23 15:31:00.883,1.57556,1.57589,1.73,1.50
2012.11.23 15:31:02.354,1.57555,1.57583,1.73,1.50
2012.11.23 15:31:03.905,1.57549,1.5758,1.27,1.50
2012.11.23 15:31:04.693,1.57548,1.5758,1.25,1.50
2012.11.23 15:31:05.953,1.57553,1.57587,1.73,1.50
2012.11.23 15:31:06.132,1.57555,1.57587,1.50,1.50
2012.11.23 15:31:07.623,1.57559,1.57595,1.73,1.50
2012.11.23 15:31:07.683,1.57561,1.57595,1.25,1.50
2012.11.23 15:31:08.435,1.57562,1.57596,1.73,1.50
2012.11.23 15:31:08.794,1.57562,1.57596,1.73,1.50
2012.11.23 15:31:10.119,1.57559,1.57592,1.20,1.50
2012.11.23 15:31:10.614,1.57564,1.57598,1.73,1.50
2012.11.23 15:31:13.994,1.57564,1.57598,1.73,1.50
2012.11.23 15:31:14.113,1.57564,1.57598,1.73,1.50
2012.11.23 15:31:15.153,1.57564,1.57598,1.73,1.50
2012.11.23 15:31:16.108,1.57564,1.57598,1.73,1.50
2012.11.23 15:31:16.994,1.57564,1.57598,1.73,1.50
2012.11.23 15:31:17.304,1.5756,1.57592,1.23,1.50
2012.11.23 15:31:17.684,1.57561,1.57592,1.47,1.50
2012.11.23 15:31:19.953,1.57566,1.57599,1.73,1.50
2012.11.23 15:31:21.934,1.57566,1.57599,1.50,1.50
2012.11.23 15:31:21.995,1.57567,1.57599,1.73,1.50
2012.11.23 15:31:22.053,1.57573,1.57605,1.50,1.73
2012.11.23 15:31:22.923,1.57567,1.57599,1.73,1.50
2012.11.23 15:31:23.323,1.57572,1.57603,1.50,1.73
2012.11.23 15:31:23.557,1.57566,1.57597,1.73,1.50
2012.11.23 15:31:23.826,1.57565,1.57597,1.73,1.50
2012.11.23 15:31:24.033,1.57565,1.57597,1.73,1.50
2012.11.23 15:31:24.093,1.57565,1.57597,1.73,1.50
2012.11.23 15:31:24.213,1.57565,1.57598,1.73,1.50
2012.11.23 15:31:24.334,1.57565,1.57597,1.73,1.50
2012.11.23 15:31:24.534,1.57565,1.57598,1.73,1.50
2012.11.23 15:31:24.593,1.57565,1.57597,1.73,1.50
2012.11.23 15:31:25.064,1.57565,1.57597,1.50,1.50
2012.11.23 15:31:25.314,1.57565,1.57597,1.50,1.73
2012.11.23 15:31:25.435,1.57565,1.57598,1.73,1.50
2012.11.23 15:31:25.494,1.57565,1.57597,1.73,1.50
2012.11.23 15:31:25.623,1.57565,1.57597,1.73,1.50
2012.11.23 15:31:26.173,1.57565,1.57597,1.73,1.50
2012.11.23 15:31:26.303,1.57565,1.57597,1.73,1.50
2012.11.23 15:31:27.155,1.57566,1.57598,1.73,1.50
2012.11.23 15:31:27.815,1.57572,1.57604,1.73,1.73
2012.11.23 15:31:28.357,1.57572,1.57604,1.50,1.73
2012.11.23 15:31:28.854,1.57572,1.57604,1.50,1.73
2012.11.23 15:31:29.235,1.57577,1.5761,1.50,1.52
2012.11.23 15:31:29.294,1.57577,1.57611,1.50,1.73
2012.11.23 15:31:30.035,1.57577,1.57611,1.73,1.73
2012.11.23 15:31:30.594,1.57577,1.57611,1.73,1.73
2012.11.23 15:31:30.774,1.57577,1.57611,1.73,1.73
2012.11.23 15:31:31.657,1.57572,1.57604,1.73,1.50
2012.11.23 15:31:31.725,1.57571,1.57603,1.73,1.50
2012.11.23 15:31:31.863,1.57571,1.57603,1.73,1.50
2012.11.23 15:31:32.103,1.57571,1.57603,1.73,1.50
2012.11.23 15:31:32.493,1.57577,1.57603,1.23,1.50
2012.11.23 15:31:33.925,1.57579,1.57612,1.73,1.50
2012.11.23 15:31:34.283,1.57578,1.57611,1.73,1.50
2012.11.23 15:31:34.703,1.57578,1.57611,1.50,1.73
2012.11.23 15:31:34.883,1.57569,1.57604,1.73,2.25
2012.11.23 15:31:35.433,1.57574,1.57604,1.73,1.50
2012.11.23 15:31:35.552,1.57576,1.57604,1.20,1.50
2012.11.23 15:31:35.673,1.57579,1.57611,1.20,1.50
2012.11.23 15:31:36.142,1.57584,1.57617,1.20,1.50
2012.11.23 15:31:37.584,1.57585,1.57617,1.26,1.50
2012.11.23 15:31:38.157,1.57585,1.57616,1.26,1.50
2012.11.23 15:31:38.226,1.57583,1.57616,1.50,1.73
2012.11.23 15:31:38.445,1.57576,1.57608,1.73,1.50
2012.11.23 15:31:40.563,1.57576,1.57608,1.73,1.73
2012.11.23 15:31:41.124,1.57567,1.57604,1.73,1.73
2012.11.23 15:31:41.513,1.57566,1.576,2.48,1.50
2012.11.23 15:31:41.633,1.57572,1.57606,1.73,1.73
2012.11.23 15:31:42.663,1.57572,1.57604,1.73,1.73
2012.11.23 15:31:43.023,1.57566,1.57591,1.73,1.50
2012.11.23 15:31:43.384,1.57566,1.57593,1.50,1.50
2012.11.23 15:31:43.583,1.57558,1.57591,1.73,1.50
2012.11.23 15:31:46.014,1.57561,1.57591,1.73,1.50
2012.11.23 15:31:46.528,1.57566,1.57597,1.73,2.25
2012.11.23 15:31:47.128,1.57559,1.5759,1.73,1.50
2012.11.23 15:31:50.695,1.57554,1.57584,1.17,1.50
2012.11.23 15:31:50.753,1.5755,1.57584,1.73,1.50
2012.11.23 15:31:55.344,1.57552,1.57584,1.28,1.50
2012.11.23 15:31:55.653,1.57547,1.57578,1.70,1.50
2012.11.23 15:31:56.032,1.57547,1.57574,1.36,1.50
2012.11.23 15:31:56.663,1.57547,1.57574,1.17,1.50
2012.11.23 15:31:56.965,1.57546,1.57567,1.17,1.50
2012.11.23 15:31:57.263,1.57539,1.57574,1.61,2.25
2012.11.23 15:32:03.865,1.57536,1.57574,1.24,2.25
2012.11.23 15:32:04.682,1.57536,1.57573,1.99,1.50
2012.11.23 15:32:09.383,1.57537,1.57566,1.24,1.50
2012.11.23 15:32:09.563,1.5753,1.57565,1.22,1.50
2012.11.23 15:32:10.314,1.57537,1.57566,1.24,1.50
2012.11.23 15:32:13.643,1.57529,1.57565,1.73,1.50
2012.11.23 15:32:14.237,1.57526,1.57559,1.76,1.50
2012.11.23 15:32:14.653,1.57526,1.57559,1.57,1.50
2012.11.23 15:32:15.753,1.57529,1.57564,1.36,1.50
2012.11.23 15:32:15.872,1.57527,1.57564,1.36,1.50
2012.11.23 15:32:16.186,1.57526,1.57552,3.05,1.50
2012.11.23 15:32:16.713,1.57526,1.5756,3.80,1.50
2012.11.23 15:32:16.773,1.57526,1.57562,3.80,1.50
2012.11.23 15:32:16.953,1.57526,1.57556,3.05,1.50
2012.11.23 15:32:17.312,1.57526,1.57554,1.72,1.50
2012.11.23 15:32:18.133,1.57516,1.57547,1.08,1.50
2012.11.23 15:32:18.656,1.57519,1.57547,1.41,1.50
2012.11.23 15:32:18.955,1.57519,1.57547,1.41,1.50
2012.11.23 15:32:19.314,1.57505,1.57541,1.73,1.73
2012.11.23 15:32:19.433,1.57506,1.57541,1.17,1.73
2012.11.23 15:32:19.756,1.57507,1.57541,1.36,1.50
2012.11.23 15:32:20.544,1.57507,1.57541,1.81,1.50
2012.11.23 15:32:21.132,1.57511,1.57543,1.36,2.25
2012.11.23 15:32:21.373,1.57508,1.57543,1.73,2.25
2012.11.23 15:32:22.645,1.57508,1.57543,1.73,2.25
2012.11.23 15:32:24.425,1.57521,1.57552,1.50,1.73
2012.11.23 15:32:24.543,1.57515,1.57544,1.73,1.50
2012.11.23 15:32:24.835,1.57512,1.57544,1.73,1.50
2012.11.23 15:32:25.665,1.57512,1.57544,1.73,1.50
2012.11.23 15:32:25.740,1.57516,1.57544,1.17,1.50
2012.11.23 15:32:26.283,1.57516,1.5754,1.36,1.50
2012.11.23 15:32:26.804,1.57516,1.57542,1.36,1.50
2012.11.23 15:32:27.175,1.57526,1.57558,1.73,1.50
2012.11.23 15:32:27.703,1.57526,1.57557,1.73,1.50
2012.11.23 15:32:30.193,1.57526,1.57558,2.31,1.50
2012.11.23 15:32:33.383,1.57533,1.57564,1.73,1.50
2012.11.23 15:32:33.623,1.57526,1.57557,1.73,1.50
2012.11.23 15:32:35.273,1.57532,1.57565,1.73,1.73
2012.11.23 15:32:36.344,1.57536,1.57568,1.50,1.73
2012.11.23 15:32:36.653,1.57537,1.57569,1.50,1.73
2012.11.23 15:32:36.843,1.57537,1.57569,1.73,1.50
2012.11.23 15:32:36.904,1.57542,1.57575,1.73,1.73
2012.11.23 15:32:37.437,1.57537,1.57573,1.73,1.50
2012.11.23 15:32:38.021,1.57532,1.57568,1.73,1.50
2012.11.23 15:32:38.443,1.57532,1.57569,1.73,1.50
2012.11.23 15:32:38.504,1.57532,1.57569,2.11,1.50
2012.11.23 15:32:40.073,1.57537,1.57572,2.48,1.50
2012.11.23 15:32:42.403,1.57537,1.57572,2.48,1.50
2012.11.23 15:32:43.248,1.57537,1.57572,2.48,1.50
2012.11.23 15:32:45.536,1.57538,1.57573,1.73,1.50
2012.11.23 15:32:45.774,1.57538,1.57573,1.73,1.73
2012.11.23 15:32:46.253,1.57538,1.57573,1.73,1.50
2012.11.23 15:32:46.375,1.57538,1.57573,1.73,1.73
2012.11.23 15:32:47.141,1.57538,1.57573,1.73,1.50
2012.11.23 15:32:47.413,1.57538,1.57573,1.73,1.73
2012.11.23 15:32:48.216,1.5754,1.57573,1.73,1.73
2012.11.23 15:32:48.404,1.57538,1.57573,1.73,1.73
2012.11.23 15:32:49.973,1.5754,1.57573,1.73,1.73
2012.11.23 15:32:50.342,1.57547,1.57577,2.38,1.50
2012.11.23 15:32:50.402,1.57548,1.57579,1.73,1.50
2012.11.23 15:32:50.463,1.57555,1.57579,1.54,1.50
2012.11.23 15:32:51.009,1.5755,1.57579,1.38,1.50
2012.11.23 15:32:51.445,1.57547,1.57579,1.36,1.50
2012.11.23 15:32:51.565,1.57546,1.57579,1.73,1.50
2012.11.23 15:32:52.365,1.57547,1.57579,1.47,1.50
2012.11.23 15:32:52.703,1.57547,1.57579,1.43,1.50
2012.11.23 15:32:52.824,1.57554,1.57586,1.65,1.50
2012.11.23 15:32:52.886,1.57554,1.57586,1.65,1.50
2012.11.23 15:32:53.369,1.57554,1.57586,1.73,1.50
2012.11.23 15:32:53.436,1.57555,1.57587,1.73,1.50
2012.11.23 15:32:55.157,1.57555,1.57587,1.73,1.50
2012.11.23 15:32:56.083,1.57555,1.57587,1.73,1.50
2012.11.23 15:32:56.263,1.57555,1.57587,1.73,1.50
2012.11.23 15:32:56.605,1.57554,1.57586,1.73,1.50
2012.11.23 15:32:56.876,1.57547,1.57584,1.73,1.50
2012.11.23 15:32:57.233,1.57548,1.57581,1.51,1.50
2012.11.23 15:32:57.368,1.57547,1.57581,1.73,1.50
2012.11.23 15:32:57.814,1.57548,1.57581,1.26,1.50
2012.11.23 15:32:58.384,1.57547,1.57581,1.73,1.50
2012.11.23 15:32:58.504,1.57549,1.57584,1.52,1.50
2012.11.23 15:32:58.563,1.57553,1.57585,1.73,1.50
2012.11.23 15:32:59.293,1.57553,1.57585,1.73,1.50
2012.11.23 15:32:59.352,1.57553,1.57585,1.73,1.50
2012.11.23 15:33:02.352,1.57553,1.57585,1.73,1.50
2012.11.23 15:33:03.563,1.57553,1.57585,1.73,1.50
2012.11.23 15:33:06.703,1.57552,1.57585,1.73,1.50
2012.11.23 15:33:07.224,1.57547,1.57584,1.73,1.50
2012.11.23 15:33:07.284,1.57547,1.57584,1.73,1.73
2012.11.23 15:33:08.493,1.57547,1.5758,1.47,1.50
2012.11.23 15:33:09.433,1.57554,1.57585,1.73,1.50
2012.11.23 15:33:10.033,1.57554,1.57585,1.73,1.50
2012.11.23 15:33:10.243,1.57554,1.57585,1.73,1.50
2012.11.23 15:33:11.023,1.57552,1.57584,1.73,1.50
2012.11.23 15:33:11.384,1.57546,1.5758,1.73,1.50
2012.11.23 15:33:11.741,1.57546,1.5758,1.73,1.50
2012.11.23 15:33:12.243,1.57546,1.5758,1.73,1.50
2012.11.23 15:33:12.583,1.57544,1.57577,1.50,1.73
2012.11.23 15:33:12.767,1.57544,1.57577,1.73,1.50
2012.11.23 15:33:12.953,1.57553,1.57583,1.73,1.50
2012.11.23 15:33:13.293,1.57554,1.57585,1.73,1.50
2012.11.23 15:33:13.742,1.57553,1.57583,1.50,1.54
2012.11.23 15:33:14.347,1.57551,1.57579,1.20,1.50
2012.11.23 15:33:14.603,1.57556,1.57583,1.73,1.50
2012.11.23 15:33:14.723,1.57556,1.57586,1.73,1.50
2012.11.23 15:33:14.963,1.57554,1.57586,1.73,1.50
2012.11.23 15:33:15.084,1.57554,1.57586,1.50,1.73
2012.11.23 15:33:18.106,1.57547,1.57579,1.73,1.50
2012.11.23 15:33:18.790,1.57547,1.57582,1.73,1.73
2012.11.23 15:33:19.783,1.57547,1.57579,1.50,1.73
2012.11.23 15:33:20.243,1.57547,1.57582,1.73,1.73
2012.11.23 15:33:21.844,1.57547,1.57582,1.73,1.50
2012.11.23 15:33:22.173,1.57547,1.57579,1.73,1.50
2012.11.23 15:33:22.684,1.57547,1.57582,2.48,1.73
2012.11.23 15:33:23.563,1.57547,1.57579,1.73,1.50
2012.11.23 15:33:25.963,1.57547,1.57582,2.48,1.73
2012.11.23 15:33:26.083,1.57547,1.57582,2.48,1.50
2012.11.23 15:33:26.155,1.57547,1.57582,2.48,1.73
2012.11.23 15:33:30.973,1.57547,1.57583,2.48,1.73
2012.11.23 15:33:31.153,1.57554,1.57586,1.73,1.50
2012.11.23 15:33:31.393,1.57557,1.57589,1.50,1.73
2012.11.23 15:33:31.908,1.57557,1.57589,2.27,1.50
2012.11.23 15:33:32.215,1.57573,1.57602,1.50,1.73
2012.11.23 15:33:32.413,1.57558,1.57594,2.27,1.50
2012.11.23 15:33:32.713,1.57558,1.57594,1.52,1.50
2012.11.23 15:33:32.953,1.57558,1.57595,2.27,1.50
2012.11.23 15:33:33.253,1.57569,1.57601,1.20,1.50
2012.11.23 15:33:34.197,1.57574,1.57606,1.73,1.50
2012.11.23 15:33:34.254,1.57576,1.57606,1.63,1.50
2012.11.23 15:33:34.614,1.57571,1.57606,2.48,1.50
2012.11.23 15:33:34.914,1.57569,1.57601,1.61,1.50
2012.11.23 15:33:35.100,1.57568,1.57601,1.50,1.73
2012.11.23 15:33:35.503,1.57561,1.57594,1.73,2.25
2012.11.23 15:33:35.853,1.57561,1.57594,1.73,2.25
2012.11.23 15:33:36.185,1.57561,1.57594,1.73,2.25
2012.11.23 15:33:39.153,1.57563,1.57594,1.73,1.50
2012.11.23 15:33:40.496,1.57561,1.57593,1.73,1.50
2012.11.23 15:33:43.363,1.57561,1.57594,1.73,1.50
2012.11.23 15:33:43.543,1.57561,1.57594,1.73,1.50
2012.11.23 15:33:43.783,1.57559,1.57594,1.73,1.50
2012.11.23 15:33:43.903,1.57559,1.57594,1.73,1.50
2012.11.23 15:33:44.394,1.57559,1.57594,1.73,1.50
2012.11.23 15:33:48.003,1.57553,1.57587,1.73,1.50
2012.11.23 15:33:48.495,1.57553,1.57587,1.73,1.50
2012.11.23 15:33:48.684,1.57554,1.57588,1.73,1.73
2012.11.23 15:33:49.005,1.57562,1.57594,1.73,1.50
2012.11.23 15:33:49.124,1.57559,1.57592,1.73,1.50
2012.11.23 15:33:49.523,1.57562,1.57593,1.73,1.50
2012.11.23 15:33:50.803,1.57559,1.57592,1.73,1.50
2012.11.23 15:33:51.153,1.57557,1.57585,1.73,1.50
2012.11.23 15:33:51.455,1.57554,1.57585,1.73,1.50
2012.11.23 15:33:52.233,1.57554,1.57585,1.73,1.50
2012.11.23 15:33:55.414,1.57553,1.57585,1.73,1.50
2012.11.23 15:33:55.593,1.57553,1.57585,1.73,1.73
2012.11.23 15:33:58.853,1.57553,1.57585,1.73,1.50
2012.11.23 15:33:58.973,1.57553,1.57585,1.73,1.73
2012.11.23 15:33:59.124,1.57553,1.57585,1.73,1.50
2012.11.23 15:33:59.485,1.57554,1.57586,1.73,1.50
2012.11.23 15:33:59.815,1.57563,1.57592,1.23,1.50
2012.11.23 15:33:59.878,1.57563,1.57593,1.23,1.50
2012.11.23 15:34:00.063,1.57567,1.57599,1.73,1.50
2012.11.23 15:34:00.583,1.57567,1.57599,1.73,1.50
2012.11.23 15:34:00.827,1.57559,1.57593,1.73,1.50
2012.11.23 15:34:01.264,1.57559,1.57592,1.73,1.50
2012.11.23 15:34:02.625,1.57559,1.57594,1.73,2.25
2012.11.23 15:34:02.684,1.57559,1.57594,1.73,2.25
2012.11.23 15:34:03.114,1.57566,1.57599,1.50,1.73
2012.11.23 15:34:03.434,1.57558,1.57594,1.73,1.50
2012.11.23 15:34:03.793,1.57558,1.57591,1.73,1.73
2012.11.23 15:34:05.686,1.57549,1.57583,1.73,1.50
2012.11.23 15:34:05.924,1.57549,1.57583,1.73,1.50
2012.11.23 15:34:06.043,1.57549,1.57583,1.73,1.50
2012.11.23 15:34:06.823,1.5755,1.57583,1.73,1.50
2012.11.23 15:34:12.814,1.5755,1.57583,2.13,1.50
2012.11.23 15:34:13.212,1.57553,1.57585,1.29,1.50
2012.11.23 15:34:13.716,1.5755,1.57584,1.73,1.50
2012.11.23 15:34:13.816,1.57552,1.57584,1.36,1.50
2012.11.23 15:34:13.947,1.57557,1.57593,2.48,2.25
2012.11.23 15:34:14.135,1.57557,1.57593,2.48,2.25
2012.11.23 15:34:14.255,1.57557,1.57593,2.48,2.25
2012.11.23 15:34:14.494,1.57557,1.57591,1.73,1.50
2012.11.23 15:34:17.756,1.57557,1.57591,1.73,1.73
2012.11.23 15:34:18.423,1.5755,1.57584,1.73,1.50
2012.11.23 15:34:19.404,1.5755,1.57584,1.73,1.50
2012.11.23 15:34:19.465,1.57546,1.5758,1.73,1.50
2012.11.23 15:34:19.893,1.57548,1.57582,1.73,1.50
2012.11.23 15:34:21.178,1.57546,1.57581,1.73,1.50
2012.11.23 15:34:21.244,1.57545,1.5758,1.73,1.50
2012.11.23 15:34:21.463,1.57551,1.57585,1.73,1.73
2012.11.23 15:34:21.884,1.57546,1.5758,1.73,1.50
2012.11.23 15:34:22.714,1.57546,1.5758,1.73,1.73
2012.11.23 15:34:22.834,1.57546,1.5758,1.73,1.50
2012.11.23 15:34:23.315,1.57545,1.57578,1.73,1.73
2012.11.23 15:34:23.675,1.57539,1.57572,1.73,1.50
2012.11.23 15:34:23.736,1.57539,1.57572,1.73,2.25
2012.11.23 15:34:24.414,1.57539,1.57572,1.73,1.73
2012.11.23 15:34:24.533,1.57539,1.57573,1.73,2.48
2012.11.23 15:34:26.064,1.57532,1.57564,1.73,1.50
2012.11.23 15:34:26.367,1.57531,1.57557,1.32,1.50
2012.11.23 15:34:26.604,1.57525,1.57555,1.61,1.50
2012.11.23 15:34:26.725,1.57523,1.57555,1.73,1.73
2012.11.23 15:34:26.844,1.57523,1.57555,1.50,1.73
2012.11.23 15:34:26.963,1.57523,1.57555,1.50,1.73
2012.11.23 15:34:27.843,1.57525,1.57555,1.50,1.73
2012.11.23 15:34:28.197,1.57525,1.57555,1.73,1.50
2012.11.23 15:34:29.380,1.57525,1.57555,1.73,1.50
2012.11.23 15:34:29.817,1.57527,1.57557,1.73,1.50
2012.11.23 15:34:30.073,1.57527,1.57557,1.73,1.50
2012.11.23 15:34:30.254,1.57533,1.57563,1.50,1.58
2012.11.23 15:34:30.743,1.57528,1.57559,1.52,1.50
2012.11.23 15:34:30.864,1.57534,1.57565,1.73,1.50
2012.11.23 15:34:30.924,1.57534,1.57566,1.73,1.50
2012.11.23 15:34:31.045,1.5754,1.57573,1.50,3.08
2012.11.23 15:34:31.105,1.5754,1.57573,1.73,2.85
2012.11.23 15:34:32.003,1.5754,1.57573,1.73,2.85
2012.11.23 15:34:33.151,1.5754,1.57573,1.73,2.25
2012.11.23 15:34:33.493,1.57548,1.57574,1.50,1.50
2012.11.23 15:34:33.853,1.5754,1.57573,1.73,1.50
2012.11.23 15:34:34.153,1.5754,1.57567,1.73,1.50
2012.11.23 15:34:34.465,1.57541,1.57573,1.73,1.73
2012.11.23 15:34:34.526,1.57541,1.57573,1.73,1.73
2012.11.23 15:34:34.646,1.57546,1.57574,1.73,1.50
2012.11.23 15:34:35.415,1.57547,1.57575,1.73,1.50
2012.11.23 15:34:35.952,1.57547,1.57573,1.73,1.50
2012.11.23 15:34:36.253,1.57547,1.57573,1.50,1.50
2012.11.23 15:34:36.313,1.57547,1.57573,1.50,1.50
2012.11.23 15:34:38.135,1.57546,1.57572,1.50,1.50
2012.11.23 15:34:41.400,1.57538,1.5757,1.73,1.50
2012.11.23 15:34:41.673,1.57538,1.57571,1.73,2.25
2012.11.23 15:34:43.363,1.57546,1.57571,1.50,1.50
2012.11.23 15:34:49.716,1.57547,1.57576,1.50,1.73
2012.11.23 15:34:49.954,1.57547,1.57577,1.73,1.50
2012.11.23 15:34:50.253,1.57547,1.57578,2.48,1.50
2012.11.23 15:34:51.614,1.57548,1.57579,1.73,1.50
2012.11.23 15:34:51.676,1.5756,1.5759,1.50,2.34
2012.11.23 15:34:51.794,1.5756,1.57593,1.73,2.25
2012.11.23 15:34:51.915,1.57558,1.5759,1.34,1.50
2012.11.23 15:34:52.035,1.57557,1.57585,1.73,1.50
2012.11.23 15:34:52.264,1.57552,1.57584,1.73,1.50
2012.11.23 15:34:52.384,1.57552,1.57582,1.73,1.50
2012.11.23 15:34:52.503,1.57552,1.57577,1.50,1.50
2012.11.23 15:34:52.582,1.57554,1.57583,1.50,1.73
2012.11.23 15:34:52.646,1.57554,1.57583,1.50,1.73
2012.11.23 15:34:52.943,1.57552,1.57581,1.50,1.73
2012.11.23 15:34:53.493,1.57543,1.57574,1.50,2.48
2012.11.23 15:34:53.613,1.57543,1.57574,1.73,1.50
2012.11.23 15:34:53.803,1.57549,1.57575,1.50,1.50
2012.11.23 15:34:55.444,1.57557,1.57588,1.73,1.50
2012.11.23 15:34:55.733,1.57556,1.57584,1.73,1.50
2012.11.23 15:34:55.974,1.57556,1.57584,1.73,1.50
2012.11.23 15:34:56.033,1.57556,1.57584,1.73,1.50
2012.11.23 15:34:56.154,1.57556,1.57585,1.73,1.50
2012.11.23 15:34:56.215,1.57551,1.57583,1.73,1.50
2012.11.23 15:34:56.274,1.57561,1.57589,1.50,1.73
2012.11.23 15:34:56.334,1.57561,1.57592,1.50,1.73
2012.11.23 15:34:56.405,1.57561,1.57592,1.73,1.50
2012.11.23 15:34:56.683,1.57561,1.57592,1.73,1.50
2012.11.23 15:34:56.803,1.57559,1.57591,1.73,1.50
2012.11.23 15:34:57.234,1.57554,1.57577,1.59,1.50
2012.11.23 15:34:57.293,1.57553,1.57577,1.50,1.50
2012.11.23 15:34:57.353,1.57547,1.57577,1.73,1.50
2012.11.23 15:34:57.533,1.57547,1.57579,2.02,1.50
2012.11.23 15:34:57.853,1.57554,1.57586,1.73,1.50
2012.11.23 15:34:58.033,1.57554,1.57583,1.73,1.50
2012.11.23 15:34:58.095,1.57554,1.57585,1.73,1.50
2012.11.23 15:34:58.216,1.57555,1.57587,1.73,1.50
2012.11.23 15:34:58.730,1.57554,1.57585,1.73,1.50
2012.11.23 15:34:58.973,1.57554,1.57583,1.73,1.50
2012.11.23 15:34:59.352,1.57554,1.57583,1.73,1.50
2012.11.23 15:34:59.413,1.57554,1.57583,1.73,1.50
2012.11.23 15:35:00.233,1.57554,1.57583,1.50,1.73
2012.11.23 15:35:02.114,1.57547,1.5758,1.73,1.50
2012.11.23 15:35:02.653,1.57547,1.5758,1.73,1.50
2012.11.23 15:35:03.675,1.57547,1.57575,1.73,2.85
2012.11.23 15:35:04.236,1.5754,1.57573,1.73,4.50
2012.11.23 15:35:04.656,1.5754,1.57571,1.73,1.73
2012.11.23 15:35:04.984,1.5754,1.57573,1.73,2.48
2012.11.23 15:35:09.116,1.5754,1.57573,1.73,2.48
2012.11.23 15:35:09.465,1.5754,1.57573,1.73,2.25
2012.11.23 15:35:11.323,1.5754,1.57573,1.73,2.48
2012.11.23 15:35:12.405,1.5754,1.57573,1.73,2.25
2012.11.23 15:35:13.328,1.5754,1.57573,1.73,2.25
2012.11.23 15:35:13.405,1.5754,1.57573,1.73,2.25
2012.11.23 15:35:14.074,1.5754,1.57573,1.73,2.25
2012.11.23 15:35:16.064,1.5754,1.57573,1.73,2.25
2012.11.23 15:35:16.424,1.5754,1.57573,1.73,2.25
2012.11.23 15:35:17.635,1.5754,1.57573,1.73,2.25
2012.11.23 15:35:18.614,1.5754,1.57573,1.73,2.25
2012.11.23 15:35:21.834,1.57543,1.57577,1.50,1.73
2012.11.23 15:35:25.062,1.57541,1.57573,1.73,1.50
2012.11.23 15:35:25.123,1.57539,1.57573,1.73,1.50
2012.11.23 15:35:25.774,1.57539,1.57573,1.73,1.50
2012.11.23 15:35:25.894,1.57539,1.57573,1.73,1.50
2012.11.23 15:35:26.193,1.57539,1.57573,1.73,1.73
2012.11.23 15:35:26.744,1.57539,1.57573,1.73,1.50
2012.11.23 15:35:27.014,1.57539,1.57573,1.73,1.73
2012.11.23 15:35:27.204,1.57539,1.57573,1.73,1.50
2012.11.23 15:35:29.533,1.57539,1.57573,1.73,1.50
2012.11.23 15:35:33.034,1.57539,1.57573,1.73,1.50
2012.11.23 15:35:33.274,1.57539,1.57573,1.73,1.73
2012.11.23 15:35:33.813,1.57539,1.57573,1.73,1.73
2012.11.23 15:35:34.479,1.57539,1.57573,1.73,1.50
2012.11.23 15:35:34.885,1.57539,1.57572,1.73,1.50
2012.11.23 15:35:35.244,1.57539,1.57572,1.73,1.50
2012.11.23 15:35:37.663,1.57539,1.57572,1.73,1.50
2012.11.23 15:35:37.726,1.57539,1.57572,1.73,1.50
2012.11.23 15:35:38.094,1.57533,1.57565,1.73,1.50
2012.11.23 15:35:42.113,1.57533,1.57565,1.73,1.50
2012.11.23 15:35:42.533,1.5754,1.57573,1.73,2.48
2012.11.23 15:35:42.593,1.57537,1.57569,1.73,1.50
2012.11.23 15:35:42.653,1.57532,1.57564,1.73,1.50
2012.11.23 15:35:43.934,1.57532,1.57564,1.73,1.50
2012.11.23 15:35:44.264,1.57539,1.57564,1.20,1.50
2012.11.23 15:35:44.844,1.57532,1.57564,1.73,1.50
2012.11.23 15:35:45.037,1.57531,1.57564,1.73,2.25
2012.11.23 15:35:45.225,1.57526,1.57563,2.13,1.50
2012.11.23 15:35:45.403,1.57532,1.57564,1.73,1.50
2012.11.23 15:35:45.646,1.57532,1.57564,1.73,2.25
2012.11.23 15:35:46.004,1.57532,1.57563,1.50,1.58
2012.11.23 15:35:46.164,1.57524,1.57554,1.73,1.50
2012.11.23 15:35:46.284,1.57533,1.57566,1.73,1.50
2012.11.23 15:35:46.644,1.57541,1.57571,1.50,1.13
2012.11.23 15:35:46.704,1.57543,1.57573,1.50,1.13
2012.11.23 15:35:46.895,1.57543,1.57574,1.73,1.65
2012.11.23 15:35:47.527,1.57537,1.57568,1.73,1.50
2012.11.23 15:35:48.673,1.57537,1.57566,1.73,1.50
2012.11.23 15:35:48.734,1.57528,1.57562,1.73,1.50
2012.11.23 15:35:48.914,1.57528,1.57562,1.73,1.50
2012.11.23 15:35:49.034,1.57529,1.57564,1.73,1.50
2012.11.23 15:35:49.623,1.57534,1.57567,1.73,1.73
2012.11.23 15:35:49.984,1.57541,1.57574,1.50,2.48
2012.11.23 15:35:50.043,1.57543,1.57574,1.73,2.25
2012.11.23 15:35:51.008,1.57536,1.57567,1.43,1.50
2012.11.23 15:35:51.073,1.57535,1.57567,1.73,1.50
2012.11.23 15:35:51.593,1.57535,1.57567,1.73,1.50
2012.11.23 15:35:52.152,1.57532,1.57564,1.73,1.50
2012.11.23 15:35:52.794,1.57532,1.57564,1.73,1.50
2012.11.23 15:35:54.574,1.57532,1.57564,1.73,1.50
2012.11.23 15:35:55.105,1.57535,1.57567,1.73,1.50
2012.11.23 15:35:56.374,1.57537,1.57573,1.73,1.73
2012.11.23 15:35:56.434,1.57542,1.57574,1.73,1.50
2012.11.23 15:35:56.734,1.57536,1.5757,1.73,1.50
2012.11.23 15:35:57.246,1.57536,1.5757,1.73,1.73
2012.11.23 15:35:57.646,1.57537,1.57573,1.73,1.73
2012.11.23 15:35:58.294,1.57537,1.57573,1.73,1.73
2012.11.23 15:35:58.614,1.57541,1.57567,1.50,1.73
2012.11.23 15:35:58.938,1.57533,1.57562,1.50,1.73
2012.11.23 15:35:59.003,1.57531,1.57562,1.50,1.73
2012.11.23 15:35:59.684,1.57533,1.57564,1.50,1.73
2012.11.23 15:35:59.743,1.57533,1.57564,1.73,1.50
2012.11.23 15:36:00.504,1.57538,1.57572,1.73,1.73
2012.11.23 15:36:00.845,1.57538,1.57572,1.73,1.50
2012.11.23 15:36:01.423,1.57538,1.57572,1.73,1.73
2012.11.23 15:36:01.484,1.57538,1.57572,1.73,1.50
2012.11.23 15:36:02.443,1.57538,1.57574,1.73,2.33
2012.11.23 15:36:02.804,1.57544,1.57577,1.73,1.50
2012.11.23 15:36:04.997,1.57546,1.57579,1.73,1.73
2012.11.23 15:36:05.566,1.57546,1.57579,1.50,2.00
2012.11.23 15:36:05.835,1.57544,1.57577,1.73,1.50
2012.11.23 15:36:08.704,1.57544,1.57577,1.73,1.50
2012.11.23 15:36:09.121,1.57546,1.57579,1.73,1.50
2012.11.23 15:36:17.823,1.57546,1.57579,1.73,1.50
2012.11.23 15:36:17.886,1.57546,1.57579,1.73,1.50
2012.11.23 15:36:20.094,1.57546,1.57579,1.73,1.50
2012.11.23 15:36:20.244,1.57546,1.57584,1.73,1.73
2012.11.23 15:36:20.303,1.57556,1.57588,1.50,2.48
2012.11.23 15:36:20.894,1.57547,1.57584,1.73,1.73
2012.11.23 15:36:21.163,1.57547,1.57584,1.73,1.73
2012.11.23 15:36:21.223,1.57547,1.57582,1.73,1.73
2012.11.23 15:36:23.284,1.57547,1.57582,1.73,1.50
2012.11.23 15:36:24.604,1.57547,1.57582,1.73,1.73
2012.11.23 15:36:24.937,1.57547,1.57582,1.73,1.50
2012.11.23 15:36:31.543,1.57547,1.57582,1.50,1.73
2012.11.23 15:36:31.935,1.57547,1.57579,1.50,2.48
2012.11.23 15:36:33.278,1.57547,1.57579,2.48,1.73
2012.11.23 15:36:34.934,1.57554,1.57584,1.50,1.73
2012.11.23 15:36:36.263,1.57556,1.57587,1.50,2.48
2012.11.23 15:36:40.354,1.57554,1.57587,1.73,1.73
2012.11.23 15:36:40.653,1.57556,1.57587,1.50,1.73
2012.11.23 15:36:41.153,1.57561,1.57589,1.50,1.73
2012.11.23 15:36:41.333,1.57557,1.57588,1.50,1.73
2012.11.23 15:36:41.393,1.57556,1.57588,1.73,1.73
2012.11.23 15:36:41.453,1.57557,1.57589,1.50,2.48
2012.11.23 15:36:43.243,1.57557,1.57586,1.73,1.50
2012.11.23 15:36:43.303,1.57557,1.57586,1.50,1.50
2012.11.23 15:36:43.699,1.57557,1.57586,1.73,1.50
2012.11.23 15:36:44.625,1.57557,1.57583,1.73,3.00
2012.11.23 15:36:44.805,1.57544,1.57571,2.55,1.50
2012.11.23 15:36:45.103,1.57537,1.57568,2.48,2.25
2012.11.23 15:36:46.607,1.57537,1.57566,2.48,1.50
2012.11.23 15:36:46.934,1.57537,1.57566,2.48,1.50
2012.11.23 15:36:48.543,1.57537,1.57563,1.73,1.50
2012.11.23 15:36:49.068,1.57538,1.57568,1.73,1.50
2012.11.23 15:36:50.674,1.57544,1.57574,1.50,1.73
2012.11.23 15:36:50.734,1.57544,1.57577,1.50,1.73
2012.11.23 15:36:50.794,1.57544,1.57577,1.73,1.50
2012.11.23 15:36:51.103,1.57544,1.57574,1.73,1.50
2012.11.23 15:36:51.444,1.57544,1.57577,1.50,1.73
2012.11.23 15:36:51.563,1.57544,1.57577,1.73,1.50
2012.11.23 15:36:52.554,1.57543,1.57576,1.73,2.48
2012.11.23 15:36:53.323,1.57543,1.57576,1.73,2.25
2012.11.23 15:36:54.934,1.57543,1.57573,1.73,3.60
2012.11.23 15:36:55.753,1.57546,1.57573,1.54,2.85
2012.11.23 15:36:55.814,1.57546,1.57576,1.54,1.50
2012.11.23 15:36:55.934,1.57549,1.57576,1.73,1.50
2012.11.23 15:36:56.243,1.57551,1.57583,1.73,1.50
2012.11.23 15:36:57.544,1.57551,1.57583,1.73,1.50
2012.11.23 15:37:01.139,1.57551,1.57583,1.73,1.50
2012.11.23 15:37:02.055,1.57549,1.57583,1.73,2.25
2012.11.23 15:37:02.719,1.57549,1.57583,1.73,2.25
2012.11.23 15:37:03.253,1.57549,1.57583,1.73,2.25
2012.11.23 15:37:03.314,1.57549,1.57583,1.73,2.25
2012.11.23 15:37:03.553,1.57551,1.57583,1.73,1.50
2012.11.23 15:37:04.214,1.57551,1.57583,1.73,1.50
2012.11.23 15:37:04.774,1.57551,1.57583,1.73,1.50
2012.11.23 15:37:05.084,1.57551,1.57582,1.73,2.33
2012.11.23 15:37:08.114,1.57547,1.57578,1.73,1.50
2012.11.23 15:37:09.904,1.57552,1.57583,1.73,1.50
2012.11.23 15:37:10.575,1.57552,1.57583,1.73,1.50
2012.11.23 15:37:11.139,1.5755,1.57583,1.73,1.50
2012.11.23 15:37:11.966,1.5755,1.57583,1.73,1.50
2012.11.23 15:37:12.957,1.5755,1.57583,1.73,1.50
2012.11.23 15:37:13.274,1.5755,1.57583,1.73,1.50
2012.11.23 15:37:13.776,1.57546,1.57575,1.73,1.50
2012.11.23 15:37:13.895,1.57546,1.57575,1.13,1.50
2012.11.23 15:37:13.955,1.57547,1.57575,1.13,1.50
2012.11.23 15:37:14.073,1.57547,1.57575,1.13,1.50
2012.11.23 15:37:14.195,1.57551,1.57577,1.50,1.50
2012.11.23 15:37:14.434,1.57551,1.57584,1.73,1.50
2012.11.23 15:37:15.045,1.57556,1.57581,1.47,1.50
2012.11.23 15:37:15.746,1.57556,1.57584,1.47,2.25
2012.11.23 15:37:16.044,1.57551,1.57582,1.73,1.50
2012.11.23 15:37:17.185,1.57551,1.57581,1.73,1.50
2012.11.23 15:37:21.484,1.57551,1.57581,1.73,1.50
2012.11.23 15:37:21.708,1.57553,1.57581,1.50,1.50
2012.11.23 15:37:22.114,1.57553,1.57584,1.50,2.25
2012.11.23 15:37:22.633,1.57557,1.57584,1.25,1.50
2012.11.23 15:37:23.654,1.57557,1.57588,2.00,1.50
2012.11.23 15:37:24.774,1.57557,1.57588,2.00,1.50
2012.11.23 15:37:25.010,1.57557,1.5759,2.00,1.50
2012.11.23 15:37:29.094,1.57558,1.5759,1.25,1.50
2012.11.23 15:37:29.455,1.57565,1.57595,2.22,1.50
2012.11.23 15:37:29.514,1.57565,1.57598,2.22,1.50
2012.11.23 15:37:30.154,1.57565,1.57595,1.73,1.50
2012.11.23 15:37:30.275,1.57565,1.57598,1.73,1.50
2012.11.23 15:37:30.723,1.57565,1.57595,1.73,1.50
2012.11.23 15:37:30.964,1.57562,1.57585,1.14,1.50
2012.11.23 15:37:31.024,1.57556,1.57585,1.50,1.73
2012.11.23 15:37:31.083,1.57556,1.57584,1.50,1.50
2012.11.23 15:37:31.609,1.5755,1.57583,1.73,1.50
2012.11.23 15:37:32.173,1.5755,1.57582,1.50,1.73
2012.11.23 15:37:32.474,1.57549,1.57582,1.73,1.73
2012.11.23 15:37:32.773,1.57541,1.57574,1.73,1.50
2012.11.23 15:37:33.026,1.57548,1.57581,1.50,1.73
2012.11.23 15:37:33.324,1.57548,1.57581,1.50,1.73
2012.11.23 15:37:33.386,1.57548,1.57581,1.73,1.50
2012.11.23 15:37:33.984,1.57542,1.57575,2.02,1.50
2012.11.23 15:37:34.234,1.57548,1.5758,1.73,1.50
2012.11.23 15:37:34.979,1.57548,1.5758,1.73,1.73
2012.11.23 15:37:35.194,1.57548,1.5758,1.73,1.73
2012.11.23 15:37:38.624,1.57548,1.57583,1.73,2.48
2012.11.23 15:37:38.685,1.57551,1.57583,1.50,3.23
2012.11.23 15:37:39.043,1.57551,1.57583,1.73,2.25
2012.11.23 15:37:39.794,1.57552,1.57583,1.41,2.25
2012.11.23 15:37:40.123,1.57556,1.57583,1.56,1.50
2012.11.23 15:37:40.323,1.57558,1.57589,1.73,1.50
2012.11.23 15:37:41.693,1.57558,1.57587,1.73,1.50
2012.11.23 15:37:42.044,1.57551,1.57583,1.41,1.50
2012.11.23 15:37:42.142,1.57551,1.57583,1.41,1.50
2012.11.23 15:37:42.724,1.5755,1.57583,1.73,1.50
2012.11.23 15:37:46.062,1.5755,1.57583,1.73,1.50
2012.11.23 15:37:47.383,1.57552,1.57583,1.50,2.25
2012.11.23 15:37:48.014,1.57549,1.57581,1.58,1.50
2012.11.23 15:37:48.674,1.57548,1.57581,1.73,1.73
2012.11.23 15:37:50.383,1.57548,1.57581,1.73,1.73
2012.11.23 15:37:50.899,1.57548,1.57581,1.73,1.73
2012.11.23 15:37:53.814,1.57548,1.57575,1.73,1.50
2012.11.23 15:37:55.905,1.5755,1.57581,1.50,1.73
2012.11.23 15:37:56.162,1.5755,1.57581,2.09,1.50
2012.11.23 15:37:56.711,1.5755,1.57583,2.09,1.50
2012.11.23 15:37:57.425,1.5755,1.5758,1.34,1.50
2012.11.23 15:37:57.546,1.57544,1.57573,1.73,1.50
2012.11.23 15:37:57.963,1.57543,1.57568,1.56,1.50
2012.11.23 15:37:58.084,1.57542,1.57567,1.73,1.50
2012.11.23 15:37:58.380,1.57535,1.57567,1.13,1.50
2012.11.23 15:37:59.264,1.57536,1.57568,1.73,1.50
2012.11.23 15:38:00.243,1.57536,1.57568,1.73,1.50
2012.11.23 15:38:01.494,1.57536,1.57568,2.48,1.50
2012.11.23 15:38:01.613,1.57541,1.57574,1.50,2.48
2012.11.23 15:38:01.733,1.57541,1.57574,1.73,2.25
2012.11.23 15:38:01.793,1.57541,1.57574,1.73,2.25
2012.11.23 15:38:02.136,1.57541,1.57574,1.73,2.25
2012.11.23 15:38:02.593,1.5755,1.57574,1.50,1.50
2012.11.23 15:38:04.438,1.5755,1.57575,1.73,1.50
2012.11.23 15:38:11.802,1.57544,1.57577,1.73,1.50
2012.11.23 15:38:12.504,1.57545,1.57577,1.47,1.50
2012.11.23 15:38:13.533,1.57546,1.57577,1.59,1.50
2012.11.23 15:38:13.650,1.57546,1.57577,1.54,1.50
2012.11.23 15:38:13.773,1.57546,1.57577,1.34,1.50
2012.11.23 15:38:14.083,1.57544,1.57577,1.73,1.50
2012.11.23 15:38:14.743,1.57546,1.57577,1.41,1.50
2012.11.23 15:38:15.494,1.57543,1.57576,1.73,1.50
2012.11.23 15:38:15.553,1.57539,1.57574,2.18,1.50
2012.11.23 15:38:16.104,1.57539,1.57568,1.63,1.50
2012.11.23 15:38:16.164,1.57537,1.57568,1.73,1.50
2012.11.23 15:38:16.224,1.57536,1.57567,1.73,1.50
2012.11.23 15:38:16.538,1.57533,1.57565,1.43,1.50
2012.11.23 15:38:16.845,1.57536,1.57565,1.25,1.50
2012.11.23 15:38:17.154,1.57536,1.57565,1.56,1.50
2012.11.23 15:38:17.364,1.57538,1.57569,1.56,1.50
2012.11.23 15:38:17.424,1.57538,1.5757,1.56,1.50
2012.11.23 15:38:18.125,1.57538,1.5757,1.34,1.50
2012.11.23 15:38:19.866,1.57537,1.5757,1.73,1.50
2012.11.23 15:38:19.925,1.57531,1.57564,2.13,1.50
2012.11.23 15:38:20.668,1.57531,1.57561,2.38,1.50
2012.11.23 15:38:20.853,1.57531,1.57561,1.73,1.50
2012.11.23 15:38:20.913,1.57531,1.57561,1.73,1.50
2012.11.23 15:38:21.464,1.57528,1.57561,1.73,1.50
2012.11.23 15:38:23.334,1.57528,1.57561,1.73,1.50
2012.11.23 15:38:23.513,1.57528,1.57561,1.73,1.50
2012.11.23 15:38:23.875,1.57523,1.57556,2.11,2.25
2012.11.23 15:38:24.004,1.57531,1.57563,1.73,1.50
2012.11.23 15:38:24.334,1.57533,1.57564,1.58,1.50
2012.11.23 15:38:24.396,1.57533,1.57565,2.33,1.50
2012.11.23 15:38:24.454,1.57541,1.57567,1.50,1.50
2012.11.23 15:38:24.514,1.57541,1.57571,1.73,1.50
2012.11.23 15:38:24.994,1.57537,1.57573,1.73,2.25
2012.11.23 15:38:25.055,1.57534,1.57566,1.73,1.50
2012.11.23 15:38:29.197,1.57532,1.57564,1.73,1.50
2012.11.23 15:38:29.264,1.57532,1.57564,1.73,1.50
2012.11.23 15:38:29.325,1.57532,1.57564,1.73,1.50
2012.11.23 15:38:29.444,1.57526,1.57564,2.22,1.50
2012.11.23 15:38:29.504,1.57526,1.57564,1.73,1.73
2012.11.23 15:38:29.744,1.57526,1.57564,1.73,1.50
2012.11.23 15:38:29.925,1.57526,1.57558,1.73,1.50
2012.11.23 15:38:30.104,1.57526,1.57563,1.73,1.50
2012.11.23 15:38:30.163,1.57528,1.57564,1.73,1.50
2012.11.23 15:38:30.405,1.57528,1.57563,1.73,1.50
2012.11.23 15:38:30.464,1.57528,1.57563,1.50,1.73
2012.11.23 15:38:30.645,1.5752,1.57555,1.73,1.50
2012.11.23 15:38:30.763,1.57517,1.5755,1.73,1.50
2012.11.23 15:38:30.823,1.57517,1.5755,1.73,1.50
2012.11.23 15:38:30.884,1.57523,1.57557,1.50,1.73
2012.11.23 15:38:30.943,1.57523,1.57557,1.73,1.50
2012.11.23 15:38:31.244,1.57528,1.57559,1.45,1.50
2012.11.23 15:38:31.484,1.57524,1.57557,1.73,1.50
2012.11.23 15:38:31.653,1.57518,1.57549,1.36,1.50
2012.11.23 15:38:31.713,1.57517,1.57549,1.73,1.50
2012.11.23 15:38:32.216,1.57516,1.57549,2.48,1.50
2012.11.23 15:38:32.405,1.57522,1.57555,1.73,1.73
2012.11.23 15:38:32.584,1.57522,1.57555,1.73,1.50
2012.11.23 15:38:33.724,1.57525,1.57558,1.73,1.50
2012.11.23 15:38:34.025,1.57527,1.57563,1.73,1.73
2012.11.23 15:38:34.383,1.5752,1.57554,1.73,1.50
2012.11.23 15:38:35.166,1.57523,1.57556,1.73,1.73
2012.11.23 15:38:35.523,1.57529,1.57564,1.73,2.25
2012.11.23 15:38:36.164,1.57529,1.57564,1.73,2.48
2012.11.23 15:38:36.804,1.5753,1.57564,1.38,2.25
2012.11.23 15:38:37.043,1.57529,1.57564,1.73,2.25
2012.11.23 15:38:37.904,1.57532,1.57564,1.73,1.50
2012.11.23 15:38:38.084,1.57538,1.57571,1.73,1.50
2012.11.23 15:38:39.904,1.57543,1.57572,1.58,1.50
2012.11.23 15:38:40.204,1.57547,1.57571,1.36,1.50
2012.11.23 15:38:40.324,1.57551,1.57584,1.73,2.25
2012.11.23 15:38:42.673,1.57551,1.57584,1.73,2.25
2012.11.23 15:38:42.733,1.57546,1.57584,2.48,2.25
2012.11.23 15:38:43.214,1.57547,1.57584,1.47,1.50
2012.11.23 15:38:43.463,1.57546,1.57583,2.48,1.50
2012.11.23 15:38:43.523,1.57551,1.57583,1.73,1.50
2012.11.23 15:38:43.652,1.57546,1.57583,1.73,2.25
2012.11.23 15:38:43.994,1.57546,1.57579,1.73,1.50
2012.11.23 15:38:44.323,1.57546,1.57579,2.31,1.50
2012.11.23 15:38:44.784,1.57546,1.57579,1.73,1.50
2012.11.23 15:38:44.844,1.57546,1.57579,2.16,1.50
2012.11.23 15:38:44.963,1.5755,1.57584,1.73,1.50
2012.11.23 15:38:45.093,1.5755,1.57584,1.73,1.50
2012.11.23 15:38:48.345,1.5755,1.57583,1.73,1.50
2012.11.23 15:38:49.494,1.57545,1.57576,1.73,1.50
2012.11.23 15:38:50.794,1.57546,1.57578,1.73,1.50
2012.11.23 15:38:51.004,1.57546,1.57578,1.73,1.50
2012.11.23 15:38:51.063,1.57546,1.57584,1.73,2.48
2012.11.23 15:38:51.125,1.57551,1.57584,1.73,1.50
2012.11.23 15:38:51.184,1.57552,1.57584,2.70,1.50
2012.11.23 15:38:53.643,1.5756,1.57584,2.25,1.50
2012.11.23 15:38:54.053,1.57552,1.57584,1.73,1.50
2012.11.23 15:38:54.918,1.5756,1.57584,1.65,1.50
2012.11.23 15:38:58.863,1.5756,1.57584,1.65,1.50
2012.11.23 15:38:59.128,1.5755,1.57579,2.63,1.50
2012.11.23 15:38:59.526,1.5755,1.57577,2.63,1.50
2012.11.23 15:38:59.583,1.57546,1.57577,1.73,1.50
2012.11.23 15:39:00.459,1.57546,1.57577,3.38,1.50
2012.11.23 15:39:00.527,1.57546,1.57579,4.13,1.50
2012.11.23 15:39:00.714,1.57549,1.57579,2.18,1.50
2012.11.23 15:39:01.484,1.57553,1.57584,1.73,1.50
2012.11.23 15:39:01.543,1.57556,1.57585,1.50,1.73
2012.11.23 15:39:01.603,1.5755,1.57578,2.78,1.50
2012.11.23 15:39:02.603,1.57551,1.57578,2.78,1.50
2012.11.23 15:39:05.016,1.57548,1.57578,2.55,1.50
2012.11.23 15:39:07.664,1.57548,1.57576,2.55,1.50
2012.11.23 15:39:07.783,1.57546,1.57576,1.73,1.50
2012.11.23 15:39:11.193,1.57546,1.57576,1.73,1.50
2012.11.23 15:39:11.259,1.57546,1.57576,1.50,1.73
2012.11.23 15:39:11.673,1.57537,1.57569,3.90,1.73
2012.11.23 15:39:11.733,1.57545,1.57569,2.78,1.73
2012.11.23 15:39:11.855,1.57546,1.57577,1.73,1.50
2012.11.23 15:39:11.916,1.57549,1.57577,2.40,1.50
2012.11.23 15:39:11.977,1.57549,1.57578,2.40,1.50
2012.11.23 15:39:12.584,1.57551,1.57578,2.93,1.50
2012.11.23 15:39:12.944,1.57553,1.57583,2.18,1.50
2012.11.23 15:39:13.183,1.57553,1.57584,2.18,1.50
2012.11.23 15:39:13.814,1.57557,1.57584,1.73,1.50
2012.11.23 15:39:14.723,1.57567,1.57593,1.50,1.73
2012.11.23 15:39:14.964,1.5756,1.57593,1.50,1.73
2012.11.23 15:39:15.204,1.57558,1.57593,1.50,1.73
2012.11.23 15:39:16.284,1.57553,1.57585,1.73,1.50
2012.11.23 15:39:17.958,1.57552,1.57585,1.73,1.50
2012.11.23 15:39:18.545,1.5756,1.57591,1.50,1.73
2012.11.23 15:39:18.664,1.5756,1.57593,1.73,2.25
2012.11.23 15:39:18.963,1.5756,1.57591,1.73,1.50
2012.11.23 15:39:19.083,1.5756,1.57591,1.50,1.73
2012.11.23 15:39:19.143,1.5756,1.57593,1.50,2.48
2012.11.23 15:39:19.204,1.5756,1.57593,1.73,2.25
2012.11.23 15:39:19.524,1.5756,1.57591,1.50,1.73
2012.11.23 15:39:19.935,1.5756,1.57593,1.50,2.48
2012.11.23 15:39:19.994,1.5756,1.57593,1.73,2.25
2012.11.23 15:39:20.113,1.5756,1.57591,1.73,1.50
2012.11.23 15:39:20.173,1.5756,1.57591,1.50,1.73
2012.11.23 15:39:20.414,1.57559,1.57591,1.50,1.73
2012.11.23 15:39:22.133,1.57558,1.57593,2.25,2.48
2012.11.23 15:39:22.254,1.57558,1.57593,2.48,2.25
2012.11.23 15:39:24.255,1.57565,1.57598,2.48,1.73
2012.11.23 15:39:24.874,1.57565,1.57598,2.48,1.73
2012.11.23 15:39:25.054,1.57559,1.57591,1.50,1.73
2012.11.23 15:39:25.594,1.57559,1.57591,1.50,1.73
2012.11.23 15:39:26.673,1.57559,1.57591,1.50,1.73
2012.11.23 15:39:27.375,1.57561,1.57592,1.50,1.73
2012.11.23 15:39:27.557,1.57566,1.57592,1.73,1.50
2012.11.23 15:39:27.803,1.57567,1.57596,1.50,1.50
2012.11.23 15:39:31.543,1.57567,1.57596,1.50,1.50
2012.11.23 15:39:31.725,1.57572,1.57604,1.73,1.50
2012.11.23 15:39:31.844,1.57572,1.57604,1.73,1.50
2012.11.23 15:39:31.905,1.57572,1.57604,1.73,1.50
2012.11.23 15:39:31.964,1.57572,1.57604,1.50,1.73
2012.11.23 15:39:32.624,1.57572,1.57604,1.50,1.73
2012.11.23 15:39:32.692,1.57568,1.57598,1.80,1.50
2012.11.23 15:39:32.835,1.5757,1.57598,2.33,1.50
2012.11.23 15:39:36.923,1.57574,1.57604,1.73,1.50
2012.11.23 15:39:38.835,1.57574,1.57604,1.73,1.50
2012.11.23 15:39:39.073,1.57574,1.57604,1.73,1.50
2012.11.23 15:39:44.926,1.57574,1.57604,1.73,1.50
2012.11.23 15:39:46.653,1.57574,1.57604,1.73,1.50
2012.11.23 15:39:46.773,1.57566,1.57596,2.18,1.50
2012.11.23 15:39:46.833,1.57566,1.57596,1.73,1.50
2012.11.23 15:39:46.894,1.57567,1.57596,2.63,1.50
2012.11.23 15:39:47.134,1.57566,1.57596,1.73,1.50
2012.11.23 15:39:47.818,1.57566,1.57596,3.83,1.50
2012.11.23 15:39:49.774,1.57566,1.57596,1.73,1.50
2012.11.23 15:39:49.954,1.57568,1.57596,3.00,1.50
2012.11.23 15:39:50.314,1.57566,1.57596,3.23,1.50
2012.11.23 15:39:54.719,1.57566,1.57594,3.23,1.50
2012.11.23 15:39:55.035,1.57565,1.57591,2.48,1.50
2012.11.23 15:39:56.264,1.57565,1.57591,1.58,1.50
2012.11.23 15:39:56.676,1.57563,1.57591,1.58,1.50
2012.11.23 15:39:57.595,1.57565,1.57591,1.35,1.50
2012.11.23 15:40:00.355,1.57563,1.57591,1.58,1.50
2012.11.23 15:40:00.714,1.57565,1.57591,1.35,1.50
2012.11.23 15:40:01.544,1.57565,1.57591,1.35,1.50
2012.11.23 15:40:02.395,1.57563,1.57591,1.58,1.50
2012.11.23 15:40:04.985,1.57572,1.57591,1.58,1.50
2012.11.23 15:40:05.633,1.57565,1.57591,1.35,1.50
2012.11.23 15:40:05.753,1.57564,1.57591,2.48,1.50
2012.11.23 15:40:05.814,1.57564,1.57594,2.48,2.25
2012.11.23 15:40:06.155,1.57563,1.57594,1.73,2.25
2012.11.23 15:40:06.274,1.57564,1.57594,2.55,2.25
2012.11.23 15:40:06.575,1.57586,1.57615,1.73,1.50
2012.11.23 15:40:06.634,1.57584,1.57615,1.34,1.50
2012.11.23 15:40:06.814,1.57576,1.57603,1.50,1.50
2012.11.23 15:40:06.936,1.57574,1.57601,1.88,1.50
2012.11.23 15:40:07.114,1.57568,1.57594,1.50,1.50
2012.11.23 15:40:07.234,1.57565,1.57594,3.08,1.50
2012.11.23 15:40:10.296,1.57566,1.57594,2.93,1.50
2012.11.23 15:40:11.113,1.57564,1.57594,2.33,1.50
2012.11.23 15:40:14.313,1.57565,1.57594,3.08,1.50
2012.11.23 15:40:14.764,1.57563,1.57594,3.83,1.50
2012.11.23 15:40:14.914,1.57573,1.57594,2.40,1.50
2012.11.23 15:40:15.154,1.57569,1.57596,2.03,1.73
2012.11.23 15:40:15.274,1.57571,1.57596,2.33,1.73
2012.11.23 15:40:15.705,1.57567,1.57594,2.13,1.50
2012.11.23 15:40:16.267,1.57567,1.57595,1.50,1.50
2012.11.23 15:40:18.065,1.57567,1.57595,1.50,1.50
2012.11.23 15:40:19.404,1.57567,1.57595,2.25,1.50
2012.11.23 15:40:19.964,1.57567,1.57595,1.50,1.50
2012.11.23 15:40:20.628,1.5757,1.57593,1.50,1.50
2012.11.23 15:40:20.813,1.57567,1.57593,1.50,1.50
2012.11.23 15:40:20.936,1.57567,1.57593,1.50,1.50
2012.11.23 15:40:21.384,1.57568,1.57593,1.50,1.50
2012.11.23 15:40:21.954,1.57567,1.57592,1.50,1.50
2012.11.23 15:40:22.074,1.57567,1.57592,1.50,1.50
2012.11.23 15:40:22.194,1.5756,1.57592,2.48,1.50
2012.11.23 15:40:22.314,1.5756,1.57592,2.25,1.73
2012.11.23 15:40:25.244,1.5757,1.57592,2.10,1.73
2012.11.23 15:40:25.804,1.5756,1.57592,1.50,1.73
2012.11.23 15:40:27.313,1.57561,1.57592,2.55,1.50
2012.11.23 15:40:27.614,1.57566,1.57593,1.80,1.50
2012.11.23 15:40:27.864,1.57562,1.57593,1.73,1.50
2012.11.23 15:40:27.927,1.57562,1.57593,1.50,1.73
2012.11.23 15:40:27.985,1.57562,1.57593,1.50,1.73
2012.11.23 15:40:28.504,1.57561,1.57593,1.50,1.73
2012.11.23 15:40:29.414,1.5756,1.57588,2.55,1.50
2012.11.23 15:40:29.489,1.57558,1.57588,1.95,1.50
2012.11.23 15:40:30.264,1.5756,1.57588,2.33,1.50
2012.11.23 15:40:30.715,1.57564,1.57593,2.85,1.73
2012.11.23 15:40:30.790,1.57562,1.57588,2.78,1.50
2012.11.23 15:40:31.057,1.57562,1.57586,2.78,1.50
2012.11.23 15:40:31.115,1.57557,1.57586,1.73,1.50
2012.11.23 15:40:31.375,1.57557,1.57586,2.48,1.73
2012.11.23 15:40:31.564,1.57557,1.57588,2.48,1.73
2012.11.23 15:40:32.207,1.57558,1.57588,3.00,1.73
2012.11.23 15:40:32.758,1.5756,1.57588,2.63,1.73
2012.11.23 15:40:33.424,1.57559,1.57588,3.08,1.50
2012.11.23 15:40:34.331,1.5756,1.57588,2.55,1.50
2012.11.23 15:40:34.898,1.57566,1.57588,2.93,1.50
2012.11.23 15:40:35.584,1.57567,1.57588,1.95,1.50
2012.11.23 15:40:35.813,1.57557,1.57588,1.73,1.50
2012.11.23 15:40:38.636,1.57558,1.57588,1.58,1.73
2012.11.23 15:40:38.754,1.57557,1.57588,1.50,1.73
2012.11.23 15:40:38.874,1.57557,1.57588,1.50,1.73
2012.11.23 15:40:42.814,1.57557,1.57588,2.78,1.73
2012.11.23 15:40:44.384,1.57557,1.57588,1.73,1.50
2012.11.23 15:40:44.685,1.57558,1.57588,2.70,1.50
2012.11.23 15:40:45.270,1.57557,1.57588,3.38,1.50
2012.11.23 15:40:47.394,1.57559,1.57588,1.95,1.50
2012.11.23 15:40:47.815,1.57557,1.57588,3.45,1.50
2012.11.23 15:40:50.074,1.57558,1.57588,2.03,1.50
2012.11.23 15:40:50.367,1.57558,1.57586,2.03,1.50
2012.11.23 15:40:51.450,1.57558,1.57587,1.50,1.73
2012.11.23 15:40:51.768,1.57567,1.57592,1.50,1.47
2012.11.23 15:40:52.065,1.57567,1.57598,1.73,1.50
2012.11.23 15:40:52.618,1.57569,1.57598,2.18,1.50
2012.11.23 15:40:54.969,1.57583,1.57599,2.55,1.50
2012.11.23 15:40:55.215,1.57583,1.57603,2.55,1.50
2012.11.23 15:40:55.335,1.57583,1.57604,2.55,1.50
2012.11.23 15:40:59.954,1.57572,1.57604,3.53,1.50
2012.11.23 15:41:00.074,1.57574,1.57604,1.73,1.50
2012.11.23 15:41:00.417,1.57578,1.57604,2.70,1.50
2012.11.23 15:41:01.090,1.57577,1.57603,2.63,1.50
2012.11.23 15:41:02.374,1.57574,1.57603,2.03,1.50
2012.11.23 15:41:02.495,1.57576,1.57603,1.80,1.50
2012.11.23 15:41:03.494,1.57575,1.57603,2.18,1.50
2012.11.23 15:41:03.734,1.57573,1.57603,1.73,1.50
2012.11.23 15:41:04.929,1.57584,1.57603,1.80,1.50
2012.11.23 15:41:06.909,1.57575,1.57603,2.55,1.50
2012.11.23 15:41:14.974,1.57573,1.57603,1.73,1.50
2012.11.23 15:41:15.034,1.57585,1.57603,1.65,1.50
2012.11.23 15:41:15.914,1.57573,1.57603,1.73,1.50
2012.11.23 15:41:16.634,1.57573,1.57603,1.73,1.50
2012.11.23 15:41:17.093,1.57576,1.57603,3.00,1.50
2012.11.23 15:41:17.395,1.5758,1.57611,2.10,1.50
2012.11.23 15:41:17.514,1.57578,1.57611,1.73,1.50
2012.11.23 15:41:17.835,1.57578,1.57611,1.73,1.50
2012.11.23 15:41:17.967,1.57578,1.57611,1.73,1.50
2012.11.23 15:41:18.086,1.57576,1.57604,1.73,1.50
2012.11.23 15:41:18.385,1.57574,1.57604,2.10,1.50
2012.11.23 15:41:18.507,1.57572,1.57604,2.85,1.73
2012.11.23 15:41:24.400,1.57575,1.57597,2.40,1.50
2012.11.23 15:41:24.944,1.5758,1.57597,1.73,1.50
2012.11.23 15:41:26.453,1.57569,1.57597,2.33,1.50
2012.11.23 15:41:27.084,1.57569,1.57594,1.73,1.50
2012.11.23 15:41:27.145,1.57566,1.57591,1.58,1.50
2012.11.23 15:41:27.384,1.57564,1.57591,1.65,1.50
2012.11.23 15:41:27.629,1.57562,1.57591,2.70,1.50
2012.11.23 15:41:27.804,1.57564,1.57591,2.40,1.50
2012.11.23 15:41:29.662,1.57568,1.57591,2.93,1.50
2012.11.23 15:41:30.264,1.57565,1.57591,1.58,1.50
2012.11.23 15:41:30.644,1.57563,1.57591,2.55,1.50
2012.11.23 15:41:30.745,1.57563,1.57591,2.55,1.50
2012.11.23 15:41:31.468,1.57562,1.57587,2.25,1.50
2012.11.23 15:41:32.294,1.57563,1.57587,2.40,1.50
2012.11.23 15:41:33.127,1.57565,1.57587,1.95,1.50
2012.11.23 15:41:33.444,1.57569,1.57587,2.93,1.50
2012.11.23 15:41:33.795,1.57572,1.57588,2.33,1.50
2012.11.23 15:41:34.284,1.57569,1.57587,2.33,1.50
2012.11.23 15:41:35.010,1.57572,1.57588,2.48,1.50
2012.11.23 15:41:35.194,1.57573,1.57594,2.25,1.50
2012.11.23 15:41:36.574,1.57574,1.57599,2.93,1.50
2012.11.23 15:41:39.408,1.57579,1.57599,2.85,1.50
2012.11.23 15:41:39.474,1.57579,1.57601,2.85,1.73
2012.11.23 15:41:39.654,1.57579,1.57604,2.85,1.73
2012.11.23 15:41:39.727,1.57575,1.57604,2.55,1.73
2012.11.23 15:41:39.919,1.57575,1.57604,2.55,1.73
2012.11.23 15:41:39.985,1.57575,1.57604,2.78,1.50
2012.11.23 15:41:40.104,1.5758,1.57604,2.25,1.50
2012.11.23 15:41:40.464,1.57578,1.57604,2.33,1.73
2012.11.23 15:41:40.792,1.57574,1.57604,2.03,1.73
2012.11.23 15:41:40.854,1.57579,1.57604,2.40,1.73
2012.11.23 15:41:40.984,1.57579,1.57604,2.63,1.50
2012.11.23 15:41:41.104,1.57574,1.57604,1.88,1.50
2012.11.23 15:41:41.165,1.57574,1.57604,1.65,1.73
2012.11.23 15:41:41.496,1.57579,1.57604,2.85,1.50
2012.11.23 15:41:41.601,1.57574,1.57604,2.70,1.50
2012.11.23 15:41:41.725,1.57574,1.57604,2.48,1.73
2012.11.23 15:41:41.964,1.57576,1.57604,2.70,1.50
2012.11.23 15:41:42.164,1.57574,1.57604,1.95,1.73
2012.11.23 15:41:43.833,1.57574,1.57604,1.95,1.73
2012.11.23 15:41:43.905,1.57579,1.57604,2.25,1.73
2012.11.23 15:41:44.084,1.57579,1.57604,2.33,1.50
2012.11.23 15:41:44.144,1.57574,1.57604,1.73,1.50
2012.11.23 15:41:45.235,1.57578,1.57604,2.25,1.73
2012.11.23 15:41:50.804,1.57569,1.57594,2.70,1.50
2012.11.23 15:41:50.864,1.57569,1.57589,2.70,1.50
2012.11.23 15:41:51.044,1.57569,1.57593,2.70,1.73
2012.11.23 15:41:51.610,1.5757,1.57594,2.03,1.73
2012.11.23 15:41:51.906,1.57572,1.57594,2.03,1.73
2012.11.23 15:41:52.025,1.57567,1.57594,2.63,1.73
2012.11.23 15:41:52.256,1.57567,1.57594,2.63,1.73
2012.11.23 15:41:53.770,1.5757,1.57594,2.18,1.73
2012.11.23 15:41:54.254,1.57567,1.57594,2.10,1.73
2012.11.23 15:41:54.375,1.57567,1.57594,2.10,1.73
2012.11.23 15:41:54.434,1.57564,1.57594,1.73,1.73
2012.11.23 15:41:54.494,1.57564,1.57594,1.73,1.73
2012.11.23 15:41:54.555,1.57568,1.57594,2.03,1.73
2012.11.23 15:41:55.262,1.57568,1.57594,1.88,1.73
2012.11.23 15:41:55.599,1.57574,1.57594,2.63,1.73
2012.11.23 15:41:55.724,1.57574,1.57601,2.63,1.73
2012.11.23 15:41:55.965,1.5757,1.57601,2.63,1.50
2012.11.23 15:41:56.084,1.5757,1.57603,2.40,1.73
2012.11.23 15:41:56.204,1.57578,1.57603,2.33,1.73
2012.11.23 15:41:56.587,1.57578,1.57603,2.33,1.50
2012.11.23 15:41:57.428,1.57578,1.57604,2.33,1.73
2012.11.23 15:41:57.566,1.57584,1.57606,1.73,1.50
2012.11.23 15:41:57.854,1.57588,1.57614,2.18,2.48
2012.11.23 15:41:58.404,1.57585,1.57614,2.25,2.48
2012.11.23 15:41:58.464,1.57585,1.57612,2.25,1.50
2012.11.23 15:41:58.583,1.57577,1.57606,2.40,1.50
2012.11.23 15:41:59.134,1.57577,1.57605,2.18,1.73
2012.11.23 15:42:00.715,1.57574,1.57605,3.30,1.73
2012.11.23 15:42:00.895,1.5758,1.57605,2.48,1.73
2012.11.23 15:42:01.134,1.5758,1.57606,2.48,1.50
2012.11.23 15:42:01.364,1.57577,1.57606,2.33,1.50
2012.11.23 15:42:01.606,1.57577,1.57605,2.10,1.73
2012.11.23 15:42:01.914,1.57573,1.57599,2.03,1.50
2012.11.23 15:42:02.244,1.57577,1.57599,1.73,1.50
2012.11.23 15:42:02.424,1.57573,1.57599,2.85,1.50
2012.11.23 15:42:02.484,1.57573,1.57598,2.85,1.50
2012.11.23 15:42:02.845,1.57578,1.57599,2.18,1.50
2012.11.23 15:42:03.024,1.57576,1.57604,2.10,1.73
2012.11.23 15:42:03.084,1.57573,1.57604,3.00,1.73
2012.11.23 15:42:03.336,1.57575,1.57604,2.10,1.73
2012.11.23 15:42:03.694,1.57582,1.57608,2.48,1.50
2012.11.23 15:42:03.995,1.57578,1.57608,2.18,1.50
2012.11.23 15:42:04.235,1.57576,1.57608,1.73,1.50
2012.11.23 15:42:04.415,1.57576,1.57606,1.73,1.50
2012.11.23 15:42:04.844,1.57581,1.57603,1.58,1.73
2012.11.23 15:42:04.964,1.57576,1.57601,1.65,1.50
2012.11.23 15:42:07.143,1.57577,1.57601,2.70,1.50
2012.11.23 15:42:08.734,1.57578,1.57601,1.65,1.50
2012.11.23 15:42:10.015,1.57578,1.57601,1.65,1.73
2012.11.23 15:42:10.136,1.57578,1.57601,1.95,1.50
2012.11.23 15:42:13.443,1.57578,1.57607,1.95,1.73
2012.11.23 15:42:14.955,1.57582,1.57607,2.33,1.73
2012.11.23 15:42:15.555,1.57582,1.57603,2.33,1.73
2012.11.23 15:42:15.614,1.57577,1.57603,1.50,1.73
2012.11.23 15:42:16.024,1.57577,1.57603,1.50,1.73
2012.11.23 15:42:16.584,1.57574,1.57602,2.70,1.73
2012.11.23 15:42:18.895,1.57577,1.57602,1.73,1.50
2012.11.23 15:42:19.204,1.57577,1.57602,1.50,1.50
2012.11.23 15:42:19.565,1.57581,1.57609,2.33,1.73
2012.11.23 15:42:19.747,1.57587,1.5761,1.50,1.50
2012.11.23 15:42:19.806,1.57584,1.57609,2.55,1.50
2012.11.23 15:42:19.984,1.57586,1.5761,1.50,1.50
2012.11.23 15:42:20.104,1.57586,1.5761,1.50,1.50
2012.11.23 15:42:20.224,1.57581,1.57609,2.03,1.73
2012.11.23 15:42:20.574,1.57578,1.57609,2.70,1.73
2012.11.23 15:42:22.940,1.5758,1.57609,2.85,1.73
2012.11.23 15:42:23.484,1.5758,1.57609,2.85,1.73
2012.11.23 15:42:24.964,1.5758,1.5761,3.08,1.50
2012.11.23 15:42:25.146,1.57582,1.5761,2.25,1.73
2012.11.23 15:42:25.264,1.57577,1.57609,2.25,1.73
2012.11.23 15:42:25.524,1.57577,1.57602,1.50,1.50
2012.11.23 15:42:25.696,1.57577,1.57602,1.50,1.73
2012.11.23 15:42:25.815,1.57575,1.57602,1.50,1.73
2012.11.23 15:42:25.934,1.57575,1.57601,1.50,1.59
2012.11.23 15:42:26.264,1.57569,1.57598,1.50,1.59
2012.11.23 15:42:26.383,1.57569,1.57598,1.50,1.59
2012.11.23 15:42:26.624,1.57563,1.57593,2.78,1.73
2012.11.23 15:42:26.814,1.57563,1.57592,2.78,1.73
2012.11.23 15:42:27.635,1.57563,1.57594,2.78,2.48
2012.11.23 15:42:27.754,1.57563,1.57594,2.78,2.48
2012.11.23 15:42:27.990,1.57566,1.57594,2.18,2.48
2012.11.23 15:42:28.294,1.5757,1.57594,1.95,2.25
2012.11.23 15:42:28.594,1.5757,1.57598,1.95,1.50
2012.11.23 15:42:29.206,1.57569,1.57598,3.30,1.50
2012.11.23 15:42:29.325,1.57569,1.57598,1.73,1.50
2012.11.23 15:42:29.445,1.57566,1.57594,3.68,2.25
2012.11.23 15:42:33.544,1.5757,1.57594,2.10,2.25
2012.11.23 15:42:34.175,1.5757,1.57598,2.18,1.50
2012.11.23 15:42:34.295,1.57576,1.57601,1.50,1.73
2012.11.23 15:42:34.356,1.57576,1.57604,2.25,1.73
2012.11.23 15:42:34.414,1.57576,1.57609,2.48,1.73
2012.11.23 15:42:34.860,1.57579,1.57609,2.25,1.73
2012.11.23 15:42:35.364,1.57587,1.57609,1.65,1.73
2012.11.23 15:42:35.429,1.57576,1.57609,1.73,1.73
2012.11.23 15:42:35.734,1.57576,1.57609,1.50,2.09
2012.11.23 15:42:36.340,1.57576,1.57609,1.50,2.09
2012.11.23 15:42:37.464,1.57576,1.57609,1.50,1.73
2012.11.23 15:42:37.524,1.57576,1.57609,1.50,1.73
2012.11.23 15:42:37.584,1.57576,1.57609,1.50,1.73
2012.11.23 15:42:37.922,1.57576,1.57609,1.50,1.73
2012.11.23 15:42:38.324,1.57571,1.57602,1.50,1.73
2012.11.23 15:42:38.649,1.57571,1.57602,2.55,1.73
2012.11.23 15:42:39.824,1.57571,1.57603,2.63,1.73
2012.11.23 15:42:42.285,1.57576,1.57604,1.50,1.50
2012.11.23 15:42:42.348,1.57578,1.57609,1.50,1.73
2012.11.23 15:42:43.055,1.57578,1.57609,1.50,1.73
2012.11.23 15:42:44.947,1.57579,1.57609,1.80,1.73
2012.11.23 15:42:45.604,1.57578,1.57609,1.50,1.73
2012.11.23 15:42:46.355,1.57578,1.57609,1.50,1.73
2012.11.23 15:42:48.014,1.57578,1.57609,1.50,1.73
2012.11.23 15:42:48.074,1.57578,1.57609,1.50,1.73
2012.11.23 15:42:48.594,1.57572,1.576,1.65,1.73
2012.11.23 15:42:48.662,1.57571,1.576,1.50,1.73
2012.11.23 15:42:50.196,1.57571,1.576,1.50,1.73
2012.11.23 15:42:50.704,1.57564,1.57594,1.50,1.73
2012.11.23 15:42:51.984,1.5757,1.57594,1.95,1.73
2012.11.23 15:42:52.576,1.57571,1.57602,1.50,1.73
2012.11.23 15:42:53.485,1.57571,1.57602,2.63,1.73
2012.11.23 15:42:53.664,1.57577,1.57603,1.50,2.48
2012.11.23 15:42:53.811,1.5758,1.57603,1.58,2.48
2012.11.23 15:42:54.058,1.57577,1.57603,1.50,2.25
2012.11.23 15:42:54.603,1.57577,1.57603,1.50,1.50
2012.11.23 15:42:54.793,1.57577,1.57603,1.50,1.50
2012.11.23 15:42:55.047,1.57591,1.57623,1.73,1.73
2012.11.23 15:42:55.164,1.57591,1.57623,1.50,2.31
2012.11.23 15:42:55.525,1.57591,1.57616,1.50,1.73
2012.11.23 15:42:56.734,1.57589,1.57616,1.58,1.50
2012.11.23 15:42:57.550,1.5759,1.57616,2.85,1.50
2012.11.23 15:42:58.266,1.57587,1.57616,3.00,1.50
2012.11.23 15:42:59.276,1.57587,1.57615,3.00,1.50
2012.11.23 15:43:01.364,1.57587,1.57613,3.00,2.25
2012.11.23 15:43:04.855,1.57593,1.57613,1.80,2.25
2012.11.23 15:43:12.404,1.57585,1.57613,2.55,2.25
2012.11.23 15:43:12.464,1.57581,1.57613,1.73,2.25
2012.11.23 15:43:12.644,1.57581,1.57613,1.50,2.48
2012.11.23 15:43:13.635,1.57581,1.57613,1.73,2.48
2012.11.23 15:43:14.015,1.57585,1.57613,2.18,2.48
2012.11.23 15:43:14.373,1.57587,1.57613,2.03,2.25
2012.11.23 15:43:14.494,1.57584,1.57613,3.00,2.25
2012.11.23 15:43:14.614,1.57582,1.57613,2.55,2.25
2012.11.23 15:43:14.734,1.57584,1.57613,2.40,2.25
2012.11.23 15:43:15.126,1.57591,1.57613,2.93,2.25
2012.11.23 15:43:17.694,1.57583,1.57613,1.80,2.48
2012.11.23 15:43:17.934,1.57585,1.57613,2.10,2.25
2012.11.23 15:43:18.246,1.57588,1.57613,1.88,2.25
2012.11.23 15:43:18.665,1.57581,1.57613,1.73,2.25
2012.11.23 15:43:19.784,1.57579,1.57613,3.83,2.25
2012.11.23 15:43:22.205,1.57578,1.57604,1.34,1.50
2012.11.23 15:43:22.324,1.57576,1.57604,1.73,1.50
2012.11.23 15:43:23.405,1.57576,1.57604,1.73,1.50
2012.11.23 15:43:23.465,1.57573,1.57604,1.73,1.50
2012.11.23 15:43:23.855,1.57568,1.57597,2.70,1.50
2012.11.23 15:43:24.364,1.57575,1.57604,1.50,1.50
2012.11.23 15:43:24.485,1.57575,1.57604,1.50,1.50
2012.11.23 15:43:24.605,1.57575,1.57604,1.50,1.50
2012.11.23 15:43:24.965,1.57575,1.57604,1.50,1.73
2012.11.23 15:43:28.099,1.57575,1.57604,1.50,1.50
2012.11.23 15:43:30.124,1.57575,1.576,1.50,1.50
2012.11.23 15:43:30.244,1.57567,1.57597,2.48,1.50
2012.11.23 15:43:34.972,1.57567,1.57594,1.65,1.50
2012.11.23 15:43:39.855,1.57575,1.57598,1.50,1.50
2012.11.23 15:43:40.044,1.57586,1.57608,1.50,1.73
2012.11.23 15:43:40.344,1.57583,1.57608,2.18,1.50
2012.11.23 15:43:40.524,1.57577,1.57608,1.73,1.50
2012.11.23 15:43:41.495,1.57575,1.57606,1.73,1.50
2012.11.23 15:43:41.802,1.57571,1.576,2.78,1.50
2012.11.23 15:43:43.744,1.57573,1.576,2.85,1.50
2012.11.23 15:43:43.954,1.5757,1.576,3.48,1.50
2012.11.23 15:43:44.365,1.5758,1.576,1.73,1.50
2012.11.23 15:43:44.727,1.57579,1.576,1.50,1.50
2012.11.23 15:43:44.846,1.57582,1.57609,1.43,1.50
2012.11.23 15:43:44.906,1.57578,1.57609,2.25,1.50
2012.11.23 15:43:44.965,1.57577,1.57609,1.65,1.50
2012.11.23 15:43:45.566,1.57577,1.57609,1.65,1.50
2012.11.23 15:43:46.134,1.57577,1.57609,1.73,1.50
2012.11.23 15:43:46.773,1.57577,1.57609,1.73,1.50
2012.11.23 15:43:46.834,1.57575,1.57604,1.73,1.50
2012.11.23 15:43:47.074,1.57571,1.57602,3.72,1.50
2012.11.23 15:43:48.100,1.57573,1.57602,1.95,1.50
2012.11.23 15:43:50.248,1.5757,1.57602,2.28,1.50
2012.11.23 15:43:51.285,1.57569,1.57602,2.48,1.50
2012.11.23 15:43:51.714,1.57571,1.57602,1.53,1.50
2012.11.23 15:43:51.835,1.5757,1.57602,1.13,1.50
2012.11.23 15:43:52.284,1.5757,1.57601,1.13,1.50
2012.11.23 15:43:52.344,1.5757,1.57602,1.13,1.50
2012.11.23 15:43:52.825,1.5757,1.57602,1.73,1.50
2012.11.23 15:43:53.178,1.5757,1.57602,1.73,1.50
2012.11.23 15:43:53.787,1.5757,1.57601,1.73,1.50
2012.11.23 15:43:54.101,1.57567,1.576,2.23,1.50
2012.11.23 15:43:55.626,1.57571,1.57602,1.73,1.50
2012.11.23 15:43:55.683,1.57571,1.57603,1.73,1.50
2012.11.23 15:43:58.764,1.57574,1.57603,1.73,1.50
2012.11.23 15:43:58.945,1.57577,1.57609,2.48,1.73
2012.11.23 15:43:59.244,1.57577,1.57609,1.73,1.73
2012.11.23 15:43:59.424,1.5757,1.57603,1.73,2.25
2012.11.23 15:44:00.105,1.5757,1.57603,2.22,2.25
2012.11.23 15:44:03.194,1.5757,1.57603,1.73,2.25
2012.11.23 15:44:08.437,1.57574,1.57603,1.73,1.50
2012.11.23 15:44:08.496,1.5758,1.57603,1.35,1.50
2012.11.23 15:44:08.616,1.5758,1.57609,1.58,1.50
2012.11.23 15:44:08.796,1.57585,1.57609,1.43,1.50
2012.11.23 15:44:08.916,1.57585,1.57614,1.43,1.50
2012.11.23 15:44:09.094,1.57583,1.57614,1.73,1.50
2012.11.23 15:44:09.535,1.5758,1.57613,1.73,1.50
2012.11.23 15:44:09.884,1.57579,1.57608,1.20,1.50
2012.11.23 15:44:10.454,1.57583,1.57612,1.73,1.50
2012.11.23 15:44:10.515,1.57583,1.57613,1.73,1.50
2012.11.23 15:44:11.296,1.57585,1.57614,1.73,1.50
2012.11.23 15:44:11.414,1.57585,1.57616,2.48,1.50
2012.11.23 15:44:11.476,1.57585,1.57616,1.73,1.50
2012.11.23 15:44:12.164,1.57584,1.57616,1.73,1.50
2012.11.23 15:44:12.714,1.57584,1.57616,1.73,1.50
2012.11.23 15:44:12.835,1.57585,1.57613,1.73,1.50
2012.11.23 15:44:13.177,1.57585,1.57616,1.73,1.50
2012.11.23 15:44:13.584,1.57579,1.57611,1.25,1.50
2012.11.23 15:44:13.720,1.57578,1.57611,1.73,1.50
2012.11.23 15:44:14.494,1.57578,1.5761,1.73,1.50
2012.11.23 15:44:16.663,1.57578,1.5761,3.23,1.50
2012.11.23 15:44:17.126,1.57586,1.5761,1.95,1.50
2012.11.23 15:44:17.573,1.57578,1.5761,1.73,1.50
2012.11.23 15:44:18.185,1.57578,1.5761,1.73,1.50
2012.11.23 15:44:20.592,1.57578,1.5761,1.73,1.50
2012.11.23 15:44:21.684,1.57578,1.57609,1.73,1.50
2012.11.23 15:44:21.804,1.57578,1.57609,1.73,1.50
2012.11.23 15:44:22.104,1.57572,1.57604,2.80,2.25
2012.11.23 15:44:22.335,1.57572,1.57604,2.33,2.25
2012.11.23 15:44:23.414,1.57572,1.57603,1.58,1.50
2012.11.23 15:44:24.061,1.57573,1.57604,1.73,2.25
2012.11.23 15:44:24.185,1.57571,1.57602,2.48,1.50
2012.11.23 15:44:24.244,1.57571,1.57602,2.25,1.73
2012.11.23 15:44:24.304,1.57571,1.57596,1.50,1.50
2012.11.23 15:44:24.365,1.57567,1.57597,1.73,1.50
2012.11.23 15:44:24.424,1.57567,1.57597,1.73,1.50
2012.11.23 15:44:24.865,1.57567,1.57597,1.73,1.50
2012.11.23 15:44:25.844,1.57575,1.57603,1.73,1.50
2012.11.23 15:44:26.026,1.57577,1.57609,1.50,1.73
2012.11.23 15:44:26.564,1.5757,1.57603,1.73,2.25
2012.11.23 15:44:26.974,1.5757,1.57603,1.73,2.25
2012.11.23 15:44:27.905,1.5757,1.576,1.73,1.50
2012.11.23 15:44:28.086,1.5757,1.576,1.73,1.50
2012.11.23 15:44:28.676,1.57567,1.57594,1.58,1.50
2012.11.23 15:44:30.385,1.5757,1.57595,1.73,1.50
2012.11.23 15:44:30.924,1.57569,1.57598,1.73,1.50
2012.11.23 15:44:32.105,1.57576,1.5761,1.50,1.73
2012.11.23 15:44:32.224,1.57566,1.57602,2.85,1.73
2012.11.23 15:44:32.554,1.5757,1.57602,2.48,1.50
2012.11.23 15:44:32.734,1.57576,1.57604,1.73,1.50
2012.11.23 15:44:32.794,1.57576,1.57604,1.73,1.50
2012.11.23 15:44:33.294,1.57582,1.57613,1.73,1.50
2012.11.23 15:44:33.939,1.57582,1.57613,1.50,1.73
2012.11.23 15:44:34.005,1.57582,1.57613,1.50,1.73
2012.11.23 15:44:34.325,1.57582,1.57613,1.50,1.73
2012.11.23 15:44:34.458,1.57582,1.57614,1.50,1.73
2012.11.23 15:44:34.801,1.57582,1.57614,1.73,1.73
2012.11.23 15:44:35.598,1.57582,1.57614,1.73,1.73
2012.11.23 15:44:37.104,1.57582,1.57613,1.73,1.50
2012.11.23 15:44:37.415,1.57576,1.5761,2.85,1.50
2012.11.23 15:44:37.806,1.5758,1.57613,1.73,1.50
2012.11.23 15:44:38.764,1.57587,1.5762,1.73,1.50
2012.11.23 15:44:38.824,1.57588,1.5762,1.73,1.50
2012.11.23 15:44:38.884,1.57588,1.5762,1.73,1.50
2012.11.23 15:44:38.945,1.57588,1.57619,1.73,1.50
2012.11.23 15:44:39.286,1.5758,1.57613,1.73,1.50
2012.11.23 15:44:40.626,1.5758,1.57613,1.73,1.50
2012.11.23 15:44:42.446,1.57581,1.57613,1.73,1.50
2012.11.23 15:44:42.684,1.5758,1.57613,1.73,1.50
2012.11.23 15:44:43.978,1.57579,1.57613,3.08,1.50
2012.11.23 15:44:44.434,1.57575,1.57607,1.61,1.50
2012.11.23 15:44:44.494,1.57572,1.57607,3.00,1.50
2012.11.23 15:44:44.554,1.57577,1.57607,1.88,1.50
2012.11.23 15:44:44.625,1.57577,1.57609,2.63,1.73
2012.11.23 15:44:44.864,1.57578,1.57607,2.03,1.50
2012.11.23 15:44:44.924,1.57577,1.57602,1.73,1.50
2012.11.23 15:44:46.335,1.57577,1.57609,1.73,1.50
2012.11.23 15:44:48.075,1.57577,1.57609,1.73,1.50
2012.11.23 15:44:48.712,1.57577,1.57609,1.73,1.50
2012.11.23 15:44:51.614,1.57577,1.57609,3.83,1.50
2012.11.23 15:44:52.567,1.57577,1.57609,1.73,1.50
2012.11.23 15:44:54.974,1.57577,1.57609,3.83,1.50
2012.11.23 15:44:55.993,1.57581,1.57613,1.73,1.50
2012.11.23 15:44:56.734,1.57581,1.57613,1.73,1.50
2012.11.23 15:44:59.055,1.57581,1.57613,1.73,2.25
2012.11.23 15:44:59.442,1.57577,1.57606,1.73,1.50
2012.11.23 15:44:59.755,1.57578,1.57606,1.73,1.50
2012.11.23 15:45:00.356,1.57577,1.57606,2.93,1.50
2012.11.23 15:45:00.979,1.57578,1.57606,2.03,1.50
2012.11.23 15:45:01.564,1.57579,1.57606,2.18,1.50
2012.11.23 15:45:01.625,1.57581,1.57612,1.73,1.50
2012.11.23 15:45:01.685,1.5758,1.57613,1.73,2.25
2012.11.23 15:45:01.806,1.57578,1.57607,2.93,1.50
2012.11.23 15:45:01.924,1.57575,1.57605,2.10,1.50
2012.11.23 15:45:02.342,1.57574,1.57605,1.73,1.50
2012.11.23 15:45:02.785,1.57576,1.57605,2.70,1.50
2012.11.23 15:45:03.182,1.57576,1.57605,2.55,1.73
2012.11.23 15:45:03.494,1.57572,1.57598,2.70,1.73
2012.11.23 15:45:03.854,1.5758,1.57599,2.85,1.73
2012.11.23 15:45:03.915,1.5758,1.576,2.85,1.73
2012.11.23 15:45:04.275,1.5758,1.57605,2.85,1.50
2012.11.23 15:45:04.935,1.57587,1.57605,1.50,1.50
2012.11.23 15:45:06.484,1.5758,1.57605,1.95,1.73
2012.11.23 15:45:06.604,1.57587,1.57605,2.93,1.73
2012.11.23 15:45:06.729,1.57587,1.57606,2.93,1.73
2012.11.23 15:45:06.978,1.57587,1.57613,2.93,1.50
2012.11.23 15:45:08.264,1.57588,1.57613,2.78,1.50
2012.11.23 15:45:10.224,1.57591,1.57613,2.25,1.50
2012.11.23 15:45:10.526,1.57595,1.57619,2.93,1.50
2012.11.23 15:45:10.586,1.57591,1.57622,2.18,1.50
2012.11.23 15:45:11.034,1.57595,1.57622,2.78,1.73
2012.11.23 15:45:11.094,1.57593,1.57622,2.03,1.73
2012.11.23 15:45:12.609,1.57595,1.57622,1.80,1.73
2012.11.23 15:45:14.964,1.57602,1.57622,2.48,1.73
2012.11.23 15:45:21.634,1.5759,1.57622,1.73,1.73
2012.11.23 15:45:22.890,1.5759,1.57619,1.73,1.50
2012.11.23 15:45:22.955,1.5759,1.57619,1.73,1.50
2012.11.23 15:45:23.195,1.57589,1.57619,1.50,1.73
2012.11.23 15:45:23.255,1.57589,1.57612,1.50,1.56
2012.11.23 15:45:23.435,1.57586,1.57612,1.50,1.56
2012.11.23 15:45:23.813,1.57581,1.57612,1.50,1.56
2012.11.23 15:45:23.934,1.57581,1.57613,3.15,1.73
2012.11.23 15:45:24.484,1.57581,1.57614,3.15,2.48
2012.11.23 15:45:24.554,1.57586,1.57614,1.73,2.25
2012.11.23 15:45:25.135,1.57585,1.57614,1.88,2.25
2012.11.23 15:45:25.212,1.57598,1.57614,2.85,2.25
2012.11.23 15:45:25.696,1.57585,1.57613,3.08,1.50
2012.11.23 15:45:25.756,1.57588,1.57613,1.50,1.50
2012.11.23 15:45:25.934,1.57584,1.57614,2.40,1.73
2012.11.23 15:45:25.995,1.57583,1.57614,1.50,1.73
2012.11.23 15:45:26.055,1.57583,1.57614,1.50,1.73
2012.11.23 15:45:26.375,1.57588,1.57614,2.70,1.50
2012.11.23 15:45:28.835,1.57588,1.57614,1.88,1.50
2012.11.23 15:45:28.896,1.57586,1.57614,2.40,1.50
2012.11.23 15:45:29.014,1.57583,1.57614,1.73,1.50
2012.11.23 15:45:29.406,1.57589,1.57609,2.40,1.50
2012.11.23 15:45:29.527,1.57589,1.57613,2.40,1.50
2012.11.23 15:45:29.644,1.57597,1.57623,1.88,1.73
2012.11.23 15:45:30.164,1.57598,1.57627,1.50,1.73
2012.11.23 15:45:32.475,1.57599,1.57627,2.63,1.73
2012.11.23 15:45:32.540,1.57598,1.57627,1.50,1.73
2012.11.23 15:45:32.995,1.57597,1.57624,2.93,1.50
2012.11.23 15:45:34.565,1.57595,1.57623,2.10,1.73
2012.11.23 15:45:34.684,1.57592,1.57623,2.63,1.73
2012.11.23 15:45:34.984,1.57602,1.57623,2.78,1.73
2012.11.23 15:45:37.279,1.57595,1.57623,2.33,1.73
2012.11.23 15:45:37.605,1.57591,1.57623,1.50,1.73
2012.11.23 15:45:37.664,1.5759,1.5762,1.73,1.50
2012.11.23 15:45:37.724,1.57591,1.5762,1.50,1.50
2012.11.23 15:45:37.845,1.57593,1.5762,1.73,1.73
2012.11.23 15:45:37.964,1.57593,1.57623,1.73,2.97
2012.11.23 15:45:38.024,1.57593,1.57623,1.73,2.48
2012.11.23 15:45:40.145,1.57594,1.57623,2.10,2.25
2012.11.23 15:45:42.116,1.57592,1.57623,1.80,2.48
2012.11.23 15:45:44.745,1.57591,1.57623,2.93,2.48
2012.11.23 15:45:44.869,1.57595,1.57623,2.48,2.48
2012.11.23 15:45:45.435,1.57603,1.57623,1.73,2.48
2012.11.23 15:45:46.315,1.57594,1.57623,2.40,2.48
2012.11.23 15:45:46.377,1.57591,1.57616,1.50,1.50
2012.11.23 15:45:46.435,1.57585,1.57614,1.88,1.50
2012.11.23 15:45:46.495,1.57585,1.57614,1.65,1.73
2012.11.23 15:45:46.856,1.57595,1.57621,2.48,1.73
2012.11.23 15:45:46.975,1.57593,1.57621,2.63,1.73
2012.11.23 15:45:47.095,1.57595,1.57621,1.88,1.73
2012.11.23 15:45:47.394,1.5759,1.57621,1.50,1.73
2012.11.23 15:45:47.455,1.5759,1.57615,1.50,1.50
2012.11.23 15:45:48.464,1.57588,1.57613,2.25,1.73
2012.11.23 15:45:51.144,1.5759,1.57613,2.78,1.73
2012.11.23 15:45:51.278,1.57583,1.57613,2.18,1.73
2012.11.23 15:45:52.072,1.57584,1.57613,1.58,1.73
2012.11.23 15:45:53.235,1.57587,1.57613,1.50,1.50
2012.11.23 15:45:53.296,1.57588,1.5762,3.30,1.73
2012.11.23 15:45:53.535,1.57588,1.5762,3.30,1.73
2012.11.23 15:45:53.655,1.57591,1.5762,2.18,1.50
2012.11.23 15:45:54.826,1.57593,1.5762,2.63,1.50
2012.11.23 15:45:55.829,1.57588,1.5762,1.73,1.50
2012.11.23 15:45:56.075,1.57588,1.5762,1.50,1.73
2012.11.23 15:45:56.604,1.57588,1.5762,1.50,1.73
2012.11.23 15:45:57.194,1.57596,1.57626,1.50,1.20
2012.11.23 15:45:57.715,1.57587,1.57619,1.50,1.73
2012.11.23 15:46:00.105,1.57587,1.57616,1.50,1.73
2012.11.23 15:46:00.225,1.57587,1.57616,1.50,1.73
2012.11.23 15:46:00.414,1.57588,1.57616,2.18,1.73
2012.11.23 15:46:00.474,1.57588,1.57618,2.18,1.73
2012.11.23 15:46:01.555,1.57588,1.57616,2.18,1.50
2012.11.23 15:46:01.914,1.57588,1.57616,2.63,1.73
2012.11.23 15:46:02.174,1.57587,1.57616,1.50,1.73
2012.11.23 15:46:02.736,1.57587,1.57616,1.50,1.73
2012.11.23 15:46:03.194,1.57586,1.57616,1.50,1.73
2012.11.23 15:46:03.508,1.57587,1.57616,1.50,1.73
2012.11.23 15:46:03.854,1.57593,1.57614,2.55,1.36
2012.11.23 15:46:04.033,1.57587,1.57614,1.50,1.59
2012.11.23 15:46:04.606,1.57585,1.57614,1.50,1.59
2012.11.23 15:46:04.998,1.57592,1.57614,1.50,1.36
2012.11.23 15:46:05.765,1.57585,1.57614,1.50,1.59
2012.11.23 15:46:06.215,1.57585,1.57614,1.50,1.59
2012.11.23 15:46:06.454,1.57585,1.57616,1.50,1.73
2012.11.23 15:46:06.575,1.57585,1.57614,1.50,1.43
2012.11.23 15:46:06.885,1.57585,1.57614,1.50,1.43
2012.11.23 15:46:06.982,1.57585,1.57616,1.50,1.73
2012.11.23 15:46:08.135,1.57593,1.57616,1.58,1.73
2012.11.23 15:46:09.124,1.57585,1.57616,1.50,1.73
2012.11.23 15:46:09.184,1.57583,1.57607,1.50,1.50
2012.11.23 15:46:09.245,1.57577,1.57607,1.50,1.73
2012.11.23 15:46:09.663,1.57577,1.5761,1.50,2.02
2012.11.23 15:46:09.724,1.57579,1.5761,2.18,2.02
2012.11.23 15:46:09.784,1.57579,1.5761,2.18,1.73
2012.11.23 15:46:09.844,1.57577,1.5761,1.73,1.73
2012.11.23 15:46:09.904,1.57584,1.57614,1.50,1.73
2012.11.23 15:46:09.964,1.57584,1.57615,1.50,1.73
2012.11.23 15:46:10.174,1.57584,1.57614,1.50,1.63
2012.11.23 15:46:10.234,1.57584,1.57615,1.50,1.73
2012.11.23 15:46:10.763,1.57584,1.57615,1.50,1.73
2012.11.23 15:46:11.004,1.57593,1.57615,2.78,1.73
2012.11.23 15:46:11.220,1.57584,1.57615,1.50,1.73
2012.11.23 15:46:12.554,1.57586,1.57615,1.80,1.73
2012.11.23 15:46:12.753,1.57586,1.57615,1.80,1.73
2012.11.23 15:46:13.195,1.57584,1.57615,1.73,1.73
2012.11.23 15:46:14.235,1.57584,1.57615,1.73,1.73
2012.11.23 15:46:14.354,1.57585,1.57615,2.48,1.73
2012.11.23 15:46:14.414,1.57584,1.57615,1.50,1.73
2012.11.23 15:46:14.944,1.57584,1.57615,1.50,1.73
2012.11.23 15:46:15.284,1.57584,1.57615,1.50,1.73
2012.11.23 15:46:16.164,1.57585,1.57615,1.65,1.73
2012.11.23 15:46:16.284,1.57584,1.57615,1.50,1.73
2012.11.23 15:46:16.484,1.57584,1.57615,1.50,1.73
2012.11.23 15:46:16.604,1.57584,1.57615,1.50,1.73
2012.11.23 15:46:16.784,1.57584,1.57615,1.50,1.73
2012.11.23 15:46:16.904,1.57584,1.57615,1.50,1.73
2012.11.23 15:46:17.180,1.57584,1.57615,1.50,1.73
2012.11.23 15:46:17.305,1.57584,1.57615,1.50,1.73
2012.11.23 15:46:17.825,1.57591,1.57623,1.50,1.73
2012.11.23 15:46:21.177,1.57595,1.57615,2.93,1.73
2012.11.23 15:46:24.924,1.57592,1.57615,2.70,1.73
2012.11.23 15:46:25.164,1.57585,1.57615,2.25,1.73
2012.11.23 15:46:25.765,1.57585,1.57615,1.73,1.50
2012.11.23 15:46:27.237,1.57591,1.57622,1.50,1.73
2012.11.23 15:46:27.427,1.57591,1.57624,1.73,2.25
2012.11.23 15:46:27.604,1.57591,1.57624,3.00,2.25
2012.11.23 15:46:31.414,1.57591,1.57624,1.73,2.25
2012.11.23 15:46:32.140,1.57591,1.57624,1.50,2.48
2012.11.23 15:46:34.854,1.57589,1.57624,3.53,2.48
2012.11.23 15:46:35.405,1.5759,1.57623,1.73,1.50
2012.11.23 15:46:36.475,1.57593,1.57623,2.18,1.50
2012.11.23 15:46:38.525,1.57599,1.57624,1.50,1.50
2012.11.23 15:46:39.136,1.57593,1.57621,2.18,1.50
2012.11.23 15:46:39.394,1.57589,1.57621,2.70,1.73
2012.11.23 15:46:39.754,1.57592,1.57621,3.00,1.50
2012.11.23 15:46:42.645,1.57597,1.57623,1.50,1.50
2012.11.23 15:46:42.736,1.57597,1.57626,1.50,1.73
2012.11.23 15:46:44.726,1.57592,1.57622,3.00,1.50
2012.11.23 15:46:45.126,1.57598,1.57622,2.63,1.50
2012.11.23 15:46:51.305,1.57597,1.57622,2.93,1.50
2012.11.23 15:46:51.425,1.57597,1.57623,3.90,1.50
2012.11.23 15:46:51.545,1.57602,1.57627,2.18,1.50
2012.11.23 15:46:51.905,1.57604,1.57633,1.73,1.50
2012.11.23 15:46:52.205,1.57606,1.57637,1.73,1.50
2012.11.23 15:46:54.794,1.57606,1.57637,1.73,1.50
2012.11.23 15:46:55.439,1.57613,1.57637,2.40,1.50
2012.11.23 15:46:55.911,1.57606,1.57637,1.73,1.50
2012.11.23 15:46:57.196,1.57602,1.57632,1.95,1.50
2012.11.23 15:46:57.555,1.57599,1.57631,1.73,1.50
2012.11.23 15:46:58.095,1.57599,1.57632,1.73,1.50
2012.11.23 15:46:58.155,1.5761,1.57632,2.70,1.50
2012.11.23 15:46:58.454,1.576,1.57632,2.03,1.50
2012.11.23 15:46:58.575,1.576,1.57631,2.03,1.50
2012.11.23 15:46:58.965,1.57599,1.57631,1.73,1.50
2012.11.23 15:46:59.443,1.576,1.57631,2.70,1.50
2012.11.23 15:46:59.665,1.576,1.57632,2.70,1.73
2012.11.23 15:47:00.369,1.57601,1.57632,1.95,1.50
2012.11.23 15:47:00.774,1.57607,1.57632,2.25,1.50
2012.11.23 15:47:00.894,1.57605,1.57638,1.63,1.50
2012.11.23 15:47:00.954,1.57605,1.57636,1.50,1.61
2012.11.23 15:47:01.015,1.57605,1.57636,1.50,1.61
2012.11.23 15:47:01.195,1.57603,1.5763,2.78,1.73
2012.11.23 15:47:01.255,1.57603,1.5763,3.00,1.50
2012.11.23 15:47:02.034,1.57604,1.57633,1.73,1.50
2012.11.23 15:47:03.139,1.57609,1.57633,2.33,1.50
2012.11.23 15:47:03.445,1.57613,1.57634,2.55,1.50
2012.11.23 15:47:03.505,1.57608,1.57634,1.50,1.50
2012.11.23 15:47:03.744,1.57608,1.57634,1.50,1.50
2012.11.23 15:47:04.389,1.57604,1.57634,2.40,1.50
2012.11.23 15:47:04.678,1.57603,1.57634,1.73,1.50
2012.11.23 15:47:04.917,1.57607,1.57634,2.55,1.50
2012.11.23 15:47:06.064,1.57603,1.57634,1.50,1.73
2012.11.23 15:47:06.304,1.57601,1.57634,1.65,1.73
2012.11.23 15:47:06.979,1.576,1.57634,3.45,1.73
2012.11.23 15:47:07.044,1.57602,1.57634,1.50,1.73
2012.11.23 15:47:07.884,1.57602,1.57634,1.50,1.73
2012.11.23 15:47:08.274,1.57602,1.57634,1.50,1.73
2012.11.23 15:47:08.746,1.57597,1.57626,1.73,1.50
2012.11.23 15:47:08.805,1.57597,1.57626,1.50,1.73
2012.11.23 15:47:09.164,1.57593,1.57622,2.18,1.50
2012.11.23 15:47:09.697,1.57592,1.57622,1.80,1.50
2012.11.23 15:47:09.754,1.57596,1.57625,1.50,1.50
2012.11.23 15:47:09.934,1.57595,1.57625,1.50,1.50
2012.11.23 15:47:09.994,1.57596,1.57625,1.50,1.50
2012.11.23 15:47:10.117,1.57596,1.57625,1.50,2.13
2012.11.23 15:47:10.174,1.57596,1.57625,1.50,2.13
2012.11.23 15:47:10.234,1.57596,1.57625,1.50,1.73
2012.11.23 15:47:11.704,1.57596,1.57625,1.50,1.73
2012.11.23 15:47:12.234,1.57596,1.57625,1.73,1.50
2012.11.23 15:47:12.785,1.57596,1.57625,1.73,1.50
2012.11.23 15:47:13.335,1.57596,1.57625,1.73,1.50
2012.11.23 15:47:13.636,1.57596,1.57628,3.23,1.73
2012.11.23 15:47:14.091,1.57603,1.57634,1.50,1.73
2012.11.23 15:47:14.226,1.57603,1.57634,1.50,1.73
2012.11.23 15:47:14.925,1.57605,1.57634,2.63,1.73
2012.11.23 15:47:15.658,1.57603,1.57634,1.50,1.73
2012.11.23 15:47:15.729,1.57603,1.57632,1.50,1.73
2012.11.23 15:47:15.799,1.57597,1.57627,2.25,1.73
2012.11.23 15:47:16.283,1.57596,1.57628,1.50,1.73
2012.11.23 15:47:16.343,1.57596,1.57628,1.50,1.73
2012.11.23 15:47:16.403,1.57596,1.57628,1.50,1.73
2012.11.23 15:47:16.920,1.57596,1.57628,1.50,1.73
2012.11.23 15:47:22.966,1.57592,1.57623,2.33,2.48
2012.11.23 15:47:23.964,1.57592,1.57623,2.33,2.48
2012.11.23 15:47:24.175,1.57592,1.57623,2.33,2.48
2012.11.23 15:47:24.887,1.57592,1.57621,1.58,1.50
2012.11.23 15:47:24.944,1.5759,1.57621,1.95,1.50
2012.11.23 15:47:25.004,1.57589,1.57621,1.73,1.50
2012.11.23 15:47:25.123,1.5759,1.57621,1.65,1.73
2012.11.23 15:47:25.183,1.5759,1.57623,1.65,3.13
2012.11.23 15:47:25.303,1.5759,1.57623,1.88,2.48
2012.11.23 15:47:26.534,1.57592,1.57623,1.58,2.48
2012.11.23 15:47:26.655,1.57589,1.57623,1.73,2.48
2012.11.23 15:47:26.714,1.57589,1.57621,1.73,1.50
2012.11.23 15:47:26.774,1.57589,1.57621,1.73,1.50
2012.11.23 15:47:26.954,1.57589,1.57621,1.50,1.73
2012.11.23 15:47:27.504,1.57589,1.57621,1.50,1.73
2012.11.23 15:47:28.094,1.57583,1.57614,1.73,1.73
2012.11.23 15:47:28.214,1.57583,1.57614,1.50,1.73
2012.11.23 15:47:29.026,1.57583,1.57614,1.50,1.73
2012.11.23 15:47:30.254,1.57583,1.57614,1.50,1.73
2012.11.23 15:47:30.434,1.57583,1.57614,1.50,1.73
2012.11.23 15:47:30.855,1.57577,1.57608,1.73,1.50
2012.11.23 15:47:30.915,1.57577,1.57606,1.73,1.50
2012.11.23 15:47:31.218,1.57579,1.57606,2.33,1.73
2012.11.23 15:47:31.350,1.57579,1.57608,2.55,1.50
2012.11.23 15:47:32.705,1.5758,1.57608,3.08,1.50
2012.11.23 15:47:33.205,1.57577,1.57606,1.73,1.50
2012.11.23 15:47:33.565,1.57577,1.57608,2.48,1.50
2012.11.23 15:47:33.684,1.5758,1.57608,2.18,1.50
2012.11.23 15:47:33.984,1.57577,1.57606,2.20,1.50
2012.11.23 15:47:34.044,1.57577,1.57606,1.73,1.50
2012.11.23 15:47:34.325,1.57577,1.57606,3.45,1.50
2012.11.23 15:47:35.036,1.57583,1.57616,1.73,1.73
2012.11.23 15:47:35.107,1.57578,1.57604,2.70,1.50
2012.11.23 15:47:35.234,1.57573,1.57603,4.50,1.50
2012.11.23 15:47:35.414,1.5758,1.57611,1.73,1.50
2012.11.23 15:47:35.655,1.5758,1.57611,1.73,1.50
2012.11.23 15:47:35.714,1.5758,1.57609,1.73,1.50
2012.11.23 15:47:36.034,1.57592,1.57611,2.70,1.50
2012.11.23 15:47:36.774,1.57592,1.57623,3.45,1.50
2012.11.23 15:47:37.885,1.57592,1.57623,2.11,1.50
2012.11.23 15:47:37.946,1.57585,1.57616,1.50,1.73
2012.11.23 15:47:38.064,1.57585,1.57616,1.50,1.73
2012.11.23 15:47:38.124,1.57585,1.57616,1.50,1.73
2012.11.23 15:47:38.184,1.57585,1.57616,2.48,1.73
2012.11.23 15:47:38.605,1.57587,1.57618,1.73,1.50
2012.11.23 15:47:38.726,1.57587,1.57618,1.73,1.50
2012.11.23 15:47:38.855,1.57585,1.57616,1.73,1.50
2012.11.23 15:47:39.217,1.57593,1.57624,1.73,1.73
2012.11.23 15:47:39.880,1.57592,1.57624,1.73,1.50
2012.11.23 15:47:39.944,1.57592,1.57624,1.73,1.50
2012.11.23 15:47:40.005,1.57592,1.57624,1.50,1.73
2012.11.23 15:47:44.056,1.57586,1.57617,1.73,1.50
2012.11.23 15:47:44.174,1.57586,1.57617,1.73,1.50
2012.11.23 15:47:44.655,1.57585,1.57617,2.25,1.73
2012.11.23 15:47:45.685,1.5758,1.5761,1.50,1.73
2012.11.23 15:47:47.854,1.5758,1.5761,1.73,1.50
2012.11.23 15:47:49.578,1.5758,1.5761,1.73,1.50
2012.11.23 15:47:49.650,1.57572,1.57603,1.50,1.73
2012.11.23 15:47:50.075,1.57572,1.57603,1.50,1.73
2012.11.23 15:47:50.169,1.57576,1.57605,1.50,1.73
2012.11.23 15:47:50.785,1.57579,1.5761,1.50,1.73
2012.11.23 15:47:52.164,1.57581,1.5761,1.50,1.73
2012.11.23 15:47:53.055,1.57588,1.57617,1.50,1.36
2012.11.23 15:47:53.174,1.57581,1.57612,1.73,1.50
2012.11.23 15:47:53.294,1.57581,1.57612,1.50,1.73
2012.11.23 15:47:56.385,1.57581,1.57614,1.50,2.48
2012.11.23 15:47:56.574,1.57581,1.57614,1.50,2.48
2012.11.23 15:47:56.738,1.57581,1.57614,1.73,2.25
2012.11.23 15:47:57.375,1.5758,1.57614,1.73,2.25
2012.11.23 15:47:57.494,1.5758,1.57612,1.73,1.50
2012.11.23 15:47:57.734,1.5758,1.57612,1.50,1.73
2012.11.23 15:47:57.895,1.5758,1.57614,1.50,2.48
2012.11.23 15:47:57.962,1.57581,1.57614,1.50,2.48
2012.11.23 15:47:58.024,1.57581,1.57614,1.73,2.48
2012.11.23 15:48:04.901,1.57581,1.57614,1.73,2.48
2012.11.23 15:48:09.187,1.57581,1.57614,1.50,2.48
2012.11.23 15:48:10.084,1.57582,1.57614,1.50,2.48
2012.11.23 15:48:11.468,1.57582,1.57614,1.50,2.48
2012.11.23 15:48:11.824,1.57582,1.57614,1.50,2.48
2012.11.23 15:48:12.184,1.57587,1.57614,1.73,1.50
2012.11.23 15:48:14.514,1.57589,1.57621,1.73,1.73
2012.11.23 15:48:14.892,1.57589,1.57621,1.73,1.73
2012.11.23 15:48:15.344,1.57589,1.5762,1.50,1.73
2012.11.23 15:48:15.667,1.57586,1.57614,2.93,1.50
2012.11.23 15:48:16.315,1.57586,1.57616,3.68,1.50
2012.11.23 15:48:16.594,1.5759,1.57622,1.50,1.73
2012.11.23 15:48:21.694,1.5759,1.57622,1.50,1.73
2012.11.23 15:48:22.251,1.5759,1.57622,1.73,1.73
2012.11.23 15:48:22.555,1.5759,1.57622,1.50,1.73
2012.11.23 15:48:22.874,1.5759,1.57622,1.50,1.73
2012.11.23 15:48:22.996,1.5759,1.57622,1.50,1.73
2012.11.23 15:48:24.966,1.57596,1.57622,2.33,1.73
2012.11.23 15:48:25.624,1.57593,1.57622,2.25,1.73
2012.11.23 15:48:26.174,1.57592,1.57622,2.48,1.50
2012.11.23 15:48:29.539,1.5759,1.57622,1.50,1.73
2012.11.23 15:48:29.784,1.5759,1.57621,1.50,1.73
2012.11.23 15:48:29.904,1.5759,1.57622,2.48,1.73
2012.11.23 15:48:33.224,1.57591,1.57622,1.95,1.73
2012.11.23 15:48:34.147,1.57591,1.5762,1.95,1.73
2012.11.23 15:48:34.843,1.57589,1.5762,2.25,1.73
2012.11.23 15:48:34.964,1.57598,1.5762,2.55,1.73
2012.11.23 15:48:36.074,1.57593,1.5762,2.33,1.73
2012.11.23 15:48:37.795,1.57597,1.5762,2.93,1.50
2012.11.23 15:48:39.101,1.57594,1.5762,3.15,1.50
2012.11.23 15:48:40.473,1.57596,1.57627,1.50,1.73
2012.11.23 15:48:41.664,1.57596,1.57627,2.25,1.73
2012.11.23 15:48:41.724,1.57596,1.57627,2.25,1.73
2012.11.23 15:48:41.964,1.57596,1.57627,1.50,1.73
2012.11.23 15:48:42.217,1.5759,1.57621,1.50,1.73
2012.11.23 15:48:42.524,1.57582,1.57613,1.50,2.48
2012.11.23 15:48:44.963,1.57582,1.57613,1.50,2.48
2012.11.23 15:48:45.785,1.57582,1.57611,1.50,1.50
2012.11.23 15:48:45.844,1.57582,1.57613,1.50,1.73
2012.11.23 15:48:45.965,1.57582,1.57611,1.50,1.50
2012.11.23 15:48:46.085,1.57582,1.57611,1.50,1.50
2012.11.23 15:48:46.145,1.57574,1.57606,2.93,1.50
2012.11.23 15:48:46.265,1.57573,1.57603,1.73,1.50
2012.11.23 15:48:46.505,1.5758,1.57607,1.50,2.31
2012.11.23 15:48:46.626,1.5758,1.57607,1.50,1.73
2012.11.23 15:48:46.806,1.5758,1.57611,1.50,1.73
2012.11.23 15:48:47.133,1.5758,1.57613,1.73,2.48
2012.11.23 15:48:47.767,1.5758,1.57613,1.73,2.48
2012.11.23 15:48:48.079,1.57578,1.5761,2.25,1.41
2012.11.23 15:48:48.497,1.57568,1.57597,2.85,1.50
2012.11.23 15:48:49.054,1.57567,1.57597,2.70,1.50
2012.11.23 15:48:49.175,1.57573,1.57603,1.50,1.73
2012.11.23 15:48:49.235,1.57573,1.57603,1.50,1.73
2012.11.23 15:48:49.355,1.57573,1.57603,1.50,1.73
2012.11.23 15:48:49.475,1.57571,1.57598,1.73,1.50
2012.11.23 15:48:49.535,1.57571,1.57598,1.50,1.73
2012.11.23 15:48:49.715,1.57567,1.57596,1.50,1.73
2012.11.23 15:48:50.253,1.57567,1.57596,1.50,1.50
2012.11.23 15:48:50.314,1.57567,1.57596,1.50,1.50
2012.11.23 15:48:52.737,1.57567,1.57596,1.50,1.73
2012.11.23 15:48:52.855,1.57567,1.57596,1.50,1.73
2012.11.23 15:48:53.304,1.57567,1.57596,1.50,1.73
2012.11.23 15:48:53.425,1.57558,1.57587,1.05,1.50
2012.11.23 15:48:53.546,1.57561,1.57587,2.78,1.50
2012.11.23 15:48:54.334,1.57564,1.57595,1.73,1.50
2012.11.23 15:48:54.474,1.57564,1.57595,1.50,1.73
2012.11.23 15:48:54.559,1.57564,1.57595,1.50,1.73
2012.11.23 15:48:54.804,1.57564,1.57595,1.50,1.73
2012.11.23 15:48:54.964,1.57564,1.57595,3.08,1.73
2012.11.23 15:48:55.504,1.57564,1.57595,3.08,1.73
2012.11.23 15:48:55.565,1.57564,1.57595,1.50,1.73
2012.11.23 15:48:55.685,1.57557,1.57587,1.73,1.50
2012.11.23 15:48:55.999,1.57558,1.57587,2.70,1.73
2012.11.23 15:48:56.564,1.57557,1.57587,3.08,1.73
2012.11.23 15:48:57.324,1.57564,1.57594,1.50,1.73
2012.11.23 15:48:57.444,1.57564,1.57594,1.50,1.73
2012.11.23 15:48:57.775,1.57565,1.57594,1.58,1.73
2012.11.23 15:48:57.945,1.57565,1.57592,1.58,1.50
2012.11.23 15:49:04.976,1.5756,1.57592,3.38,1.50
2012.11.23 15:49:06.176,1.5756,1.57592,1.50,1.73
2012.11.23 15:49:06.235,1.57556,1.57583,1.73,1.50
2012.11.23 15:49:06.355,1.5756,1.57591,1.50,1.73
2012.11.23 15:49:08.146,1.5756,1.57591,1.50,1.73
2012.11.23 15:49:08.864,1.5756,1.57591,1.73,1.50
2012.11.23 15:49:10.545,1.5756,1.57591,1.73,1.50
2012.11.23 15:49:14.860,1.57569,1.57591,2.48,1.50
2012.11.23 15:49:15.845,1.57564,1.57591,1.88,1.50
2012.11.23 15:49:17.884,1.57569,1.57591,1.95,1.50
2012.11.23 15:49:17.944,1.57567,1.57591,2.93,1.50
2012.11.23 15:49:19.526,1.57566,1.57591,2.78,1.50
2012.11.23 15:49:23.405,1.57566,1.57589,2.40,1.50
2012.11.23 15:49:24.396,1.57566,1.57591,2.40,1.50
2012.11.23 15:49:25.016,1.57573,1.57591,2.78,1.50
2012.11.23 15:49:25.244,1.57566,1.57591,1.88,1.50
2012.11.23 15:49:26.068,1.57567,1.57591,2.85,1.50
2012.11.23 15:49:26.695,1.57567,1.57593,2.85,1.50
2012.11.23 15:49:31.494,1.57566,1.57593,2.63,1.50
2012.11.23 15:49:34.754,1.57564,1.57593,1.73,1.73
2012.11.23 15:49:34.874,1.57569,1.57593,2.18,1.73
2012.11.23 15:49:34.994,1.57561,1.57593,1.50,1.73
2012.11.23 15:49:35.174,1.57561,1.5759,1.50,1.73
2012.11.23 15:49:35.724,1.5756,1.57586,2.93,1.50
2012.11.23 15:49:37.074,1.5756,1.57585,2.93,1.50
2012.11.23 15:49:38.477,1.57564,1.57591,2.03,1.73
2012.11.23 15:49:38.534,1.57564,1.57593,2.03,2.48
2012.11.23 15:49:39.017,1.5756,1.57593,2.70,2.48
2012.11.23 15:49:39.135,1.5756,1.57591,2.70,1.73
2012.11.23 15:49:41.974,1.57562,1.57591,2.03,1.50
2012.11.23 15:49:42.765,1.57562,1.57593,2.03,2.25
2012.11.23 15:49:44.942,1.57564,1.57593,1.58,2.25
2012.11.23 15:49:45.294,1.57571,1.57592,1.65,1.73
2012.11.23 15:49:45.356,1.5756,1.57591,1.73,1.73
2012.11.23 15:49:46.560,1.5756,1.57591,1.50,1.73
2012.11.23 15:49:48.586,1.5756,1.57591,3.15,1.73
2012.11.23 15:49:54.926,1.5757,1.57592,1.58,1.73
2012.11.23 15:49:58.794,1.57562,1.57588,3.15,1.50
2012.11.23 15:49:59.096,1.57564,1.57588,2.55,1.50
2012.11.23 15:49:59.156,1.57564,1.5759,2.55,1.50
2012.11.23 15:49:59.215,1.57566,1.5759,2.10,1.50
2012.11.23 15:49:59.274,1.57566,1.57595,2.10,1.50
2012.11.23 15:49:59.824,1.57565,1.57595,2.03,1.73
2012.11.23 15:50:00.773,1.57564,1.57595,1.50,1.73
2012.11.23 15:50:00.994,1.57564,1.57593,1.50,1.50
2012.11.23 15:50:01.413,1.57565,1.57591,2.25,1.50
2012.11.23 15:50:01.715,1.57568,1.57594,1.65,1.50
2012.11.23 15:50:01.934,1.57571,1.57594,1.50,1.50
2012.11.23 15:50:02.454,1.57571,1.57596,1.50,1.50
2012.11.23 15:50:03.138,1.57573,1.57603,1.50,1.73
2012.11.23 15:50:03.205,1.57571,1.57603,1.50,1.73
2012.11.23 15:50:03.564,1.5757,1.57595,1.73,1.50
2012.11.23 15:50:05.006,1.57563,1.57588,1.88,1.50
2012.11.23 15:50:05.124,1.5756,1.57588,2.55,1.50
2012.11.23 15:50:05.246,1.57562,1.57583,2.78,1.50
2012.11.23 15:50:05.367,1.57562,1.57589,2.78,1.50
2012.11.23 15:50:05.966,1.57567,1.57596,1.50,1.73
2012.11.23 15:50:07.164,1.57563,1.57587,1.88,1.50
2012.11.23 15:50:09.027,1.5756,1.57587,2.40,1.50
2012.11.23 15:50:09.232,1.5756,1.57583,2.18,1.50
2012.11.23 15:50:09.297,1.57563,1.57589,1.95,1.50
2012.11.23 15:50:09.946,1.57558,1.57589,1.73,1.50
2012.11.23 15:50:10.005,1.57562,1.57589,2.93,1.50
2012.11.23 15:50:10.128,1.57558,1.5759,3.00,1.50
2012.11.23 15:50:10.256,1.57558,1.57589,3.00,1.73
2012.11.23 15:50:10.495,1.57557,1.57581,1.73,1.50
2012.11.23 15:50:10.556,1.57557,1.57581,1.73,1.50
2012.11.23 15:50:10.676,1.57557,1.57581,1.50,1.50
2012.11.23 15:50:11.450,1.57558,1.57581,2.85,1.50
2012.11.23 15:50:11.514,1.57558,1.57588,2.85,1.73
2012.11.23 15:50:11.694,1.57557,1.57588,1.50,1.73
2012.11.23 15:50:12.401,1.57557,1.57588,1.50,1.73
2012.11.23 15:50:12.746,1.57555,1.57582,1.80,1.50
2012.11.23 15:50:14.926,1.57561,1.57582,2.33,1.50
2012.11.23 15:50:17.274,1.57551,1.57582,1.88,1.50
2012.11.23 15:50:18.655,1.57554,1.57582,2.18,1.50
2012.11.23 15:50:23.264,1.57552,1.57582,2.18,1.73
2012.11.23 15:50:24.947,1.57563,1.57582,2.70,1.73
2012.11.23 15:50:28.365,1.57553,1.57579,1.05,1.50
2012.11.23 15:50:28.484,1.57549,1.57579,1.50,1.73
2012.11.23 15:50:34.732,1.57545,1.57573,1.50,1.73
2012.11.23 15:50:35.108,1.57554,1.57574,1.50,1.73
2012.11.23 15:50:37.491,1.57542,1.57574,3.08,1.73
2012.11.23 15:50:38.434,1.57541,1.57574,2.93,1.73
2012.11.23 15:50:38.494,1.57541,1.57574,1.73,1.73
2012.11.23 15:50:38.555,1.57541,1.57574,1.50,1.73
2012.11.23 15:50:38.890,1.57541,1.57573,1.50,1.73
2012.11.23 15:50:42.814,1.5754,1.57564,2.55,1.73
2012.11.23 15:50:43.294,1.57526,1.57555,1.50,1.73
2012.11.23 15:50:43.895,1.57526,1.57555,2.78,1.50
2012.11.23 15:50:43.954,1.57536,1.57557,1.50,1.50
2012.11.23 15:50:44.394,1.57526,1.57555,4.13,1.50
2012.11.23 15:50:44.950,1.57535,1.57555,2.48,1.50
2012.11.23 15:50:45.754,1.57537,1.57557,1.50,1.50
2012.11.23 15:50:46.437,1.57533,1.57555,2.33,1.50
2012.11.23 15:50:46.494,1.57529,1.57555,2.78,1.50
2012.11.23 15:50:49.274,1.57537,1.57557,1.50,1.50
2012.11.23 15:50:49.564,1.57537,1.57557,1.50,1.50
2012.11.23 15:50:50.274,1.57537,1.57557,1.50,1.50
2012.11.23 15:50:51.244,1.57528,1.57555,1.80,1.50
2012.11.23 15:50:51.865,1.57537,1.57557,1.50,1.50
2012.11.23 15:50:51.994,1.57537,1.57557,1.50,1.50
2012.11.23 15:50:53.966,1.57537,1.57557,1.50,1.50
2012.11.23 15:50:54.105,1.57537,1.57557,1.50,1.50
2012.11.23 15:50:55.014,1.57537,1.57557,3.38,1.50
2012.11.23 15:50:56.555,1.57537,1.57557,1.50,1.50
2012.11.23 15:50:57.144,1.57529,1.57555,2.85,1.50
2012.11.23 15:50:57.265,1.57526,1.57555,1.50,1.73
2012.11.23 15:51:01.324,1.57526,1.57555,1.50,1.73
2012.11.23 15:51:01.951,1.57526,1.57555,1.50,1.73
2012.11.23 15:51:02.655,1.57524,1.57555,1.50,1.73
2012.11.23 15:51:04.975,1.57529,1.57555,2.03,1.73
2012.11.23 15:51:06.797,1.57525,1.57555,2.18,1.73
2012.11.23 15:51:07.485,1.57525,1.57555,2.18,1.73
2012.11.23 15:51:11.165,1.57532,1.57557,1.50,1.73
2012.11.23 15:51:11.286,1.57532,1.57561,2.78,1.73
2012.11.23 15:51:11.926,1.57532,1.57563,2.78,1.73
2012.11.23 15:51:14.915,1.5754,1.57571,1.50,2.18
2012.11.23 15:51:15.034,1.57539,1.57571,1.50,2.18
2012.11.23 15:51:15.676,1.57539,1.57571,1.50,1.73
2012.11.23 15:51:17.925,1.57532,1.57564,1.50,2.48
2012.11.23 15:51:18.115,1.57532,1.57562,1.73,1.50
2012.11.23 15:51:18.234,1.5753,1.57562,2.25,1.73
2012.11.23 15:51:18.354,1.57527,1.57556,1.50,1.73
2012.11.23 15:51:18.414,1.57524,1.57556,2.25,1.73
2012.11.23 15:51:18.664,1.57523,1.57555,1.73,1.73
2012.11.23 15:51:18.844,1.57516,1.57547,1.50,1.73
2012.11.23 15:51:19.165,1.57518,1.57549,1.50,1.73
2012.11.23 15:51:19.596,1.57516,1.57547,1.73,1.50
2012.11.23 15:51:19.786,1.57516,1.57547,1.50,1.73
2012.11.23 15:51:20.367,1.57518,1.57549,1.50,1.73
2012.11.23 15:51:20.564,1.57518,1.57549,1.73,1.50
2012.11.23 15:51:20.745,1.57516,1.57547,1.50,1.73
2012.11.23 15:51:23.395,1.57517,1.57549,1.50,1.73
2012.11.23 15:51:25.655,1.57516,1.57547,1.73,1.50
2012.11.23 15:51:26.185,1.57516,1.57547,1.50,1.73
2012.11.23 15:51:27.269,1.57517,1.57549,1.50,1.73
2012.11.23 15:51:31.474,1.57517,1.57549,1.50,1.73
2012.11.23 15:51:31.894,1.57517,1.57549,1.50,1.73
2012.11.23 15:51:32.427,1.57517,1.57553,1.50,1.73
2012.11.23 15:51:32.784,1.57517,1.5755,1.50,1.73
2012.11.23 15:51:42.956,1.57516,1.57549,1.50,1.73
2012.11.23 15:51:44.454,1.57517,1.5755,1.50,1.73
2012.11.23 15:51:46.310,1.57534,1.5755,1.50,1.50
2012.11.23 15:51:46.556,1.57536,1.57565,1.73,1.50
2012.11.23 15:51:47.104,1.57534,1.57565,1.73,1.50
2012.11.23 15:51:47.285,1.57532,1.57565,2.48,1.50
2012.11.23 15:51:47.406,1.57532,1.57565,2.48,1.73
2012.11.23 15:51:47.845,1.57536,1.57565,1.73,1.50
2012.11.23 15:51:48.155,1.57536,1.57565,1.73,1.50
2012.11.23 15:51:48.545,1.57539,1.57574,2.48,2.48
2012.11.23 15:51:48.664,1.57536,1.57567,1.73,1.50
2012.11.23 15:51:49.216,1.57536,1.57568,1.73,1.50
2012.11.23 15:51:49.395,1.57535,1.57568,1.73,1.50
2012.11.23 15:51:49.515,1.57535,1.57568,1.73,1.73
2012.11.23 15:51:50.231,1.57533,1.57566,2.48,1.50
2012.11.23 15:51:50.934,1.57533,1.57566,2.48,1.73
2012.11.23 15:51:51.524,1.57535,1.57568,1.73,1.73
2012.11.23 15:51:51.765,1.57536,1.57572,2.25,1.73
2012.11.23 15:51:51.886,1.5754,1.57574,1.73,2.48
2012.11.23 15:51:52.645,1.57542,1.57574,1.50,1.73
2012.11.23 15:51:52.963,1.57541,1.57574,1.50,1.73
2012.11.23 15:51:53.714,1.57541,1.57574,1.50,1.73
2012.11.23 15:51:54.905,1.57545,1.57574,1.50,1.50
2012.11.23 15:51:55.274,1.57542,1.57574,1.50,1.73
2012.11.23 15:51:55.397,1.57537,1.57569,1.73,1.50
2012.11.23 15:51:56.184,1.57537,1.57569,2.48,1.50
2012.11.23 15:51:56.306,1.57545,1.57574,1.50,1.73
2012.11.23 15:51:56.655,1.57545,1.57574,1.50,1.73
2012.11.23 15:51:56.777,1.57545,1.57574,1.50,1.73
2012.11.23 15:51:59.555,1.57545,1.57577,1.73,1.73
2012.11.23 15:51:59.615,1.57552,1.57583,1.50,1.73
2012.11.23 15:52:00.546,1.57552,1.57584,1.65,1.50
2012.11.23 15:52:02.725,1.5755,1.57583,1.58,1.50
2012.11.23 15:52:02.800,1.57547,1.57583,1.58,3.00
2012.11.23 15:52:02.867,1.57545,1.57578,1.58,1.73
2012.11.23 15:52:03.474,1.57543,1.57576,1.73,1.50
2012.11.23 15:52:03.594,1.57537,1.57567,1.73,1.73
2012.11.23 15:52:04.344,1.57536,1.57567,1.65,1.73
2012.11.23 15:52:04.526,1.57528,1.57562,1.50,1.73
2012.11.23 15:52:04.585,1.57526,1.5756,1.65,1.73
2012.11.23 15:52:04.645,1.57524,1.57555,1.65,1.50
2012.11.23 15:52:05.827,1.57524,1.57553,1.73,1.35
2012.11.23 15:52:06.184,1.57516,1.57543,1.50,1.63
2012.11.23 15:52:06.305,1.57516,1.57547,1.73,1.50
2012.11.23 15:52:06.655,1.57516,1.57547,1.50,1.73
2012.11.23 15:52:07.025,1.57514,1.57544,1.50,1.43
2012.11.23 15:52:07.385,1.57516,1.57544,1.50,1.43
2012.11.23 15:52:07.505,1.57511,1.57543,2.25,1.73
2012.11.23 15:52:07.690,1.57511,1.57544,2.48,1.50
2012.11.23 15:52:11.796,1.57514,1.57544,1.23,1.50
2012.11.23 15:52:11.865,1.57517,1.57551,1.73,1.73
2012.11.23 15:52:12.249,1.57517,1.57551,1.73,1.73
2012.11.23 15:52:12.614,1.57517,1.5755,1.73,1.73
2012.11.23 15:52:12.855,1.57517,1.57551,1.73,1.73
2012.11.23 15:52:13.055,1.57513,1.57545,1.73,1.50
2012.11.23 15:52:16.696,1.57513,1.57545,1.73,1.50
2012.11.23 15:52:18.965,1.57513,1.57545,1.73,1.50
2012.11.23 15:52:19.335,1.57513,1.57545,1.73,1.50
2012.11.23 15:52:21.146,1.5751,1.57543,2.48,1.50
2012.11.23 15:52:23.626,1.5751,1.57542,1.73,2.25
2012.11.23 15:52:23.744,1.5751,1.57542,1.50,2.48
2012.11.23 15:52:23.864,1.57504,1.57534,1.50,1.73
2012.11.23 15:52:23.984,1.57501,1.57534,1.73,1.73
2012.11.23 15:52:24.044,1.57501,1.57534,1.50,1.73
2012.11.23 15:52:25.337,1.57501,1.57534,1.73,1.50
2012.11.23 15:52:25.515,1.57504,1.57537,1.50,1.73
2012.11.23 15:52:28.885,1.57507,1.57543,1.50,2.48
2012.11.23 15:52:29.005,1.57504,1.57537,1.73,1.73
2012.11.23 15:52:29.556,1.57506,1.57537,1.73,1.50
2012.11.23 15:52:29.674,1.57504,1.57537,1.73,1.50
2012.11.23 15:52:29.735,1.57502,1.57535,1.73,1.50
2012.11.23 15:52:30.036,1.57502,1.57535,1.50,1.73
2012.11.23 15:52:30.335,1.57498,1.5753,1.13,1.73
2012.11.23 15:52:33.386,1.57497,1.5753,1.50,1.73
2012.11.23 15:52:35.954,1.57497,1.57527,1.50,1.73
2012.11.23 15:52:36.457,1.57489,1.57521,1.50,1.73
2012.11.23 15:52:37.204,1.57494,1.57527,1.50,2.48
2012.11.23 15:52:37.750,1.57494,1.57518,1.50,1.34
2012.11.23 15:52:37.830,1.57482,1.57515,1.73,1.50
2012.11.23 15:52:37.956,1.57482,1.57515,1.73,1.50
2012.11.23 15:52:38.335,1.57489,1.57524,2.94,1.50
2012.11.23 15:52:38.726,1.57497,1.57532,2.48,1.73
2012.11.23 15:52:39.526,1.57497,1.57532,1.73,1.73
2012.11.23 15:52:39.895,1.57492,1.57525,1.73,1.50
2012.11.23 15:52:40.266,1.57489,1.57524,1.73,1.73
2012.11.23 15:52:40.886,1.57489,1.57524,1.73,1.73
2012.11.23 15:52:46.954,1.57493,1.57524,1.50,1.73
2012.11.23 15:52:47.255,1.57497,1.57531,1.50,1.20
2012.11.23 15:52:47.634,1.57499,1.57532,1.73,1.50
2012.11.23 15:52:48.391,1.57501,1.57532,1.36,1.50
2012.11.23 15:52:53.614,1.57506,1.5754,1.73,1.50
2012.11.23 15:52:55.874,1.57504,1.5754,1.73,1.50
2012.11.23 15:52:56.003,1.57501,1.57532,1.65,1.50
2012.11.23 15:52:57.244,1.57501,1.57532,2.25,1.50
2012.11.23 15:52:58.095,1.57506,1.57538,1.73,1.50
2012.11.23 15:52:58.155,1.57506,1.57538,1.50,1.73
2012.11.23 15:52:58.274,1.57506,1.57538,1.50,2.48
2012.11.23 15:52:58.396,1.57506,1.57538,1.73,2.48
2012.11.23 15:52:58.514,1.57506,1.57537,1.73,1.73
2012.11.23 15:52:59.015,1.57498,1.57532,1.73,1.50
2012.11.23 15:53:00.044,1.57498,1.57532,1.73,1.50
2012.11.23 15:53:02.744,1.57493,1.57526,1.73,1.50
2012.11.23 15:53:03.084,1.57497,1.57533,2.48,2.48
2012.11.23 15:53:03.324,1.57497,1.57533,2.25,2.25
2012.11.23 15:53:03.445,1.57499,1.57533,1.50,1.50
2012.11.23 15:53:04.725,1.57496,1.57524,1.32,1.50
2012.11.23 15:53:04.906,1.57491,1.57524,1.73,1.50
2012.11.23 15:53:07.484,1.57491,1.57524,2.40,1.50
2012.11.23 15:53:07.664,1.57496,1.5753,2.40,1.73
2012.11.23 15:53:07.724,1.57496,1.5753,2.40,1.73
2012.11.23 15:53:08.175,1.57496,1.57526,1.65,1.50
2012.11.23 15:53:08.297,1.57489,1.57523,1.05,2.48
2012.11.23 15:53:08.415,1.57491,1.57523,1.50,1.73
2012.11.23 15:53:08.535,1.57491,1.57523,1.50,1.73
2012.11.23 15:53:09.834,1.57488,1.57523,1.73,1.73
2012.11.23 15:53:09.954,1.57483,1.57516,1.73,1.50
2012.11.23 15:53:10.014,1.57483,1.57516,1.73,1.50
2012.11.23 15:53:10.325,1.57486,1.57516,1.73,1.50
2012.11.23 15:53:10.446,1.57489,1.57522,1.73,1.50
2012.11.23 15:53:10.566,1.57492,1.57522,1.73,1.50
2012.11.23 15:53:11.314,1.57489,1.57522,1.73,1.50
2012.11.23 15:53:12.986,1.57489,1.57522,1.50,2.48
2012.11.23 15:53:13.296,1.57483,1.57514,1.73,1.50
2012.11.23 15:53:13.354,1.57483,1.57514,1.73,1.50
2012.11.23 15:53:13.595,1.57481,1.57513,1.73,1.50
2012.11.23 15:53:13.924,1.57481,1.57513,1.73,1.73
2012.11.23 15:53:14.385,1.57483,1.57514,1.50,1.73
2012.11.23 15:53:16.715,1.57483,1.57514,2.48,1.50
2012.11.23 15:53:17.112,1.57489,1.57514,2.85,1.50
2012.11.23 15:53:17.235,1.57508,1.57541,1.73,1.65
2012.11.23 15:53:17.414,1.57506,1.57541,1.73,1.65
2012.11.23 15:53:17.474,1.57506,1.57541,1.50,1.73
2012.11.23 15:53:18.025,1.57507,1.57541,1.73,1.73
2012.11.23 15:53:18.144,1.57507,1.57541,1.50,1.73
2012.11.23 15:53:18.325,1.57505,1.57533,1.73,1.50
2012.11.23 15:53:19.333,1.57506,1.57539,1.50,1.73
2012.11.23 15:53:19.458,1.5751,1.57539,1.50,1.73
2012.11.23 15:53:19.695,1.57506,1.57539,1.73,1.73
2012.11.23 15:53:20.944,1.57502,1.57532,1.73,1.50
2012.11.23 15:53:21.245,1.57497,1.57529,1.73,1.50
2012.11.23 15:53:21.364,1.57497,1.57526,1.73,1.50
2012.11.23 15:53:21.704,1.57494,1.57526,1.73,1.50
2012.11.23 15:53:22.035,1.57497,1.57532,2.48,1.73
2012.11.23 15:53:22.357,1.57497,1.57532,2.48,1.73
2012.11.23 15:53:22.704,1.5749,1.57524,2.48,1.50
2012.11.23 15:53:28.284,1.57497,1.57531,1.50,1.73
2012.11.23 15:53:29.305,1.57497,1.57531,1.50,1.73
2012.11.23 15:53:29.546,1.57497,1.57531,1.73,1.50
2012.11.23 15:53:29.605,1.57505,1.57534,1.50,1.73
2012.11.23 15:53:29.666,1.57505,1.57536,1.50,1.73
2012.11.23 15:53:31.415,1.57503,1.57534,1.50,1.73
2012.11.23 15:53:31.656,1.57496,1.57534,1.73,2.48
2012.11.23 15:53:31.894,1.57496,1.57531,1.73,1.73
2012.11.23 15:53:32.484,1.57496,1.57531,2.25,1.73
2012.11.23 15:53:32.604,1.57496,1.57531,2.48,1.50
2012.11.23 15:53:32.965,1.57499,1.57531,1.73,1.50
2012.11.23 15:53:33.024,1.57505,1.57537,1.50,1.73
2012.11.23 15:53:36.285,1.57498,1.57531,2.48,1.50
2012.11.23 15:53:36.604,1.57498,1.57531,1.73,1.50
2012.11.23 15:53:36.664,1.57498,1.57531,1.73,1.73
2012.11.23 15:53:37.645,1.57498,1.57531,1.73,1.50
2012.11.23 15:53:37.951,1.575,1.57531,1.73,1.50
2012.11.23 15:53:40.382,1.57506,1.57538,1.50,1.73
2012.11.23 15:53:40.946,1.57498,1.57529,1.73,1.50
2012.11.23 15:53:41.934,1.57495,1.57524,2.00,1.50
2012.11.23 15:53:42.054,1.57487,1.57518,2.25,1.73
2012.11.23 15:53:42.235,1.57483,1.57513,2.10,2.48
2012.11.23 15:53:42.475,1.57479,1.57509,1.50,1.34
2012.11.23 15:53:42.775,1.57472,1.57504,2.40,1.73
2012.11.23 15:53:42.834,1.57472,1.57504,2.25,1.73
2012.11.23 15:53:44.141,1.57475,1.57507,1.50,1.73
2012.11.23 15:53:44.701,1.57476,1.57509,1.50,1.34
2012.11.23 15:53:44.773,1.5748,1.57512,1.50,1.23
2012.11.23 15:53:45.255,1.5748,1.57513,1.50,1.73
2012.11.23 15:53:45.573,1.5748,1.57512,1.50,1.73
2012.11.23 15:53:46.098,1.57474,1.57506,1.50,1.73
2012.11.23 15:53:46.180,1.57469,1.575,1.50,1.73
2012.11.23 15:53:47.975,1.57469,1.575,1.50,1.73
2012.11.23 15:53:48.317,1.57467,1.57498,2.25,1.73
2012.11.23 15:53:49.155,1.57476,1.57506,1.50,1.59
2012.11.23 15:53:49.334,1.57476,1.57508,1.50,1.73
2012.11.23 15:53:51.494,1.57476,1.57508,1.50,1.73
2012.11.23 15:53:54.375,1.57476,1.57508,1.50,1.73
2012.11.23 15:53:54.754,1.57476,1.57508,1.73,1.50
2012.11.23 15:53:54.821,1.57476,1.57508,1.50,1.73
2012.11.23 15:54:01.021,1.57477,1.57515,1.50,1.14
2012.11.23 15:54:01.234,1.57476,1.57515,1.50,1.14
2012.11.23 15:54:01.355,1.57477,1.57515,1.50,2.86
2012.11.23 15:54:01.705,1.57494,1.57515,2.40,1.73
2012.11.23 15:54:01.965,1.57482,1.57515,1.50,1.73
2012.11.23 15:54:05.634,1.57483,1.57516,1.50,1.73
2012.11.23 15:54:05.756,1.57483,1.57516,1.73,1.50
2012.11.23 15:54:05.935,1.57482,1.57515,1.73,1.50
2012.11.23 15:54:06.345,1.57482,1.57515,1.50,1.73
2012.11.23 15:54:08.715,1.57477,1.5751,1.50,1.73
2012.11.23 15:54:10.612,1.57477,1.5751,1.50,1.73
2012.11.23 15:54:10.854,1.57481,1.57514,1.50,1.43
2012.11.23 15:54:10.915,1.57481,1.57515,1.50,1.73
2012.11.23 15:54:11.034,1.57481,1.57515,1.50,1.73
2012.11.23 15:54:11.468,1.57481,1.57514,1.50,1.63
2012.11.23 15:54:13.525,1.57483,1.57515,1.50,1.63
2012.11.23 15:54:13.587,1.57483,1.57517,1.50,1.73
2012.11.23 15:54:15.937,1.57481,1.57515,1.50,1.73
2012.11.23 15:54:17.156,1.57483,1.57517,1.50,1.73
2012.11.23 15:54:20.135,1.57481,1.57515,1.50,1.73
2012.11.23 15:54:20.445,1.57477,1.57508,1.50,1.73
2012.11.23 15:54:21.066,1.57477,1.5751,1.73,1.73
2012.11.23 15:54:22.166,1.57476,1.57508,1.73,1.73
2012.11.23 15:54:23.428,1.57471,1.57502,1.73,1.50
2012.11.23 15:54:23.636,1.57475,1.57507,1.73,1.73
2012.11.23 15:54:23.893,1.57475,1.57507,1.50,1.73
2012.11.23 15:54:23.960,1.57475,1.57507,1.50,1.73
2012.11.23 15:54:27.222,1.57475,1.57507,1.50,1.73
2012.11.23 15:54:27.537,1.57473,1.57507,1.50,1.73
2012.11.23 15:54:27.756,1.57475,1.57507,1.50,1.73
2012.11.23 15:54:28.315,1.57475,1.57509,1.50,1.73
2012.11.23 15:54:28.375,1.57475,1.57509,1.50,1.73
2012.11.23 15:54:28.495,1.57475,1.57509,1.73,1.73
2012.11.23 15:54:28.929,1.57484,1.57513,1.50,1.73
2012.11.23 15:54:28.984,1.57484,1.57514,1.50,1.73
2012.11.23 15:54:32.726,1.57481,1.57513,1.50,1.73
2012.11.23 15:54:32.955,1.57484,1.57516,1.50,1.73
2012.11.23 15:54:33.198,1.57489,1.57523,1.50,1.73
2012.11.23 15:54:33.374,1.57489,1.57523,1.50,1.73
2012.11.23 15:54:33.494,1.57486,1.57517,1.50,1.73
2012.11.23 15:54:33.614,1.57484,1.57515,1.50,1.73
2012.11.23 15:54:34.155,1.57486,1.57517,1.73,1.73
2012.11.23 15:54:34.454,1.57486,1.57524,2.48,1.73
2012.11.23 15:54:35.331,1.57491,1.57524,1.50,2.48
2012.11.23 15:54:37.834,1.57491,1.57524,1.73,1.73
2012.11.23 15:54:38.380,1.57491,1.57524,1.73,2.48
2012.11.23 15:54:44.666,1.57491,1.57524,1.50,2.48
2012.11.23 15:54:45.016,1.57485,1.57517,1.50,1.73
2012.11.23 15:54:45.385,1.57479,1.57512,1.73,1.73
2012.11.23 15:54:45.550,1.57477,1.5751,1.73,1.50
2012.11.23 15:54:46.336,1.57477,1.5751,1.50,1.73
2012.11.23 15:54:46.455,1.57476,1.57504,1.50,1.73
2012.11.23 15:54:47.166,1.57472,1.57504,1.50,1.73
2012.11.23 15:54:47.224,1.5747,1.57503,1.73,1.73
2012.11.23 15:54:48.159,1.57472,1.57504,1.50,1.73
2012.11.23 15:54:51.635,1.57472,1.57504,1.50,1.73
2012.11.23 15:54:51.876,1.57466,1.57495,1.73,1.50
2012.11.23 15:54:56.153,1.57466,1.57495,1.73,1.50
2012.11.23 15:54:56.666,1.57466,1.57495,1.50,1.73
2012.11.23 15:54:56.847,1.57466,1.57495,1.50,1.73
2012.11.23 15:54:57.608,1.57466,1.57495,1.50,1.73
2012.11.23 15:54:58.025,1.57466,1.57498,1.50,1.73
2012.11.23 15:54:58.984,1.57472,1.57504,1.73,2.25
2012.11.23 15:54:59.496,1.57472,1.57504,1.50,2.48
2012.11.23 15:55:00.454,1.57471,1.57503,1.50,1.73
2012.11.23 15:55:00.765,1.57466,1.57496,1.73,1.50
2012.11.23 15:55:00.825,1.57466,1.57496,1.50,1.73
2012.11.23 15:55:00.945,1.57463,1.57496,1.73,1.73
2012.11.23 15:55:01.567,1.5746,1.57489,1.50,1.50
2012.11.23 15:55:01.627,1.57457,1.57489,1.73,1.50
2012.11.23 15:55:05.016,1.57457,1.57489,1.73,1.50
2012.11.23 15:55:05.945,1.5745,1.57472,1.61,1.50
2012.11.23 15:55:06.005,1.5744,1.57472,1.73,1.50
2012.11.23 15:55:06.285,1.57441,1.57472,1.73,1.50
2012.11.23 15:55:06.819,1.57447,1.57483,1.50,1.73
2012.11.23 15:55:07.125,1.5745,1.57484,1.73,1.73
2012.11.23 15:55:07.245,1.57454,1.57487,1.50,1.73
2012.11.23 15:55:22.435,1.57454,1.57487,1.73,1.50
2012.11.23 15:55:27.055,1.57454,1.57489,2.48,1.73
2012.11.23 15:55:32.698,1.57458,1.57493,1.73,1.73
2012.11.23 15:55:33.287,1.57458,1.57493,1.73,1.50
2012.11.23 15:55:35.435,1.57458,1.57492,2.48,1.50
2012.11.23 15:55:35.494,1.57458,1.57492,2.48,1.73
2012.11.23 15:55:36.045,1.57458,1.5749,1.50,1.73
2012.11.23 15:55:36.165,1.57451,1.57483,1.73,1.50
2012.11.23 15:55:37.196,1.57454,1.57484,1.50,1.73
2012.11.23 15:55:37.575,1.57454,1.57484,1.73,1.50
2012.11.23 15:55:41.434,1.57451,1.57483,2.27,1.50
2012.11.23 15:55:41.520,1.57451,1.57483,1.50,1.73
2012.11.23 15:55:41.584,1.57444,1.57475,1.50,1.73
2012.11.23 15:55:42.185,1.57443,1.57475,1.65,1.73
2012.11.23 15:55:42.246,1.57444,1.57475,1.65,1.50
2012.11.23 15:55:42.614,1.57451,1.57482,1.65,1.50
2012.11.23 15:55:42.794,1.57446,1.57476,1.50,1.73
2012.11.23 15:55:42.855,1.57444,1.57476,1.50,1.73
2012.11.23 15:55:42.975,1.57444,1.57476,1.65,1.50
2012.11.23 15:55:44.695,1.57443,1.57476,1.73,1.50
2012.11.23 15:55:44.815,1.57443,1.57476,1.73,1.50
2012.11.23 15:55:45.527,1.57443,1.57476,1.73,1.50
2012.11.23 15:55:46.764,1.57443,1.57476,1.73,1.50
2012.11.23 15:55:47.346,1.57443,1.57476,1.73,1.50
2012.11.23 15:55:48.325,1.57443,1.57476,1.73,1.73
2012.11.23 15:55:58.851,1.57443,1.57476,1.50,1.73
2012.11.23 15:55:59.125,1.57446,1.57476,1.35,1.73
2012.11.23 15:55:59.485,1.57466,1.57496,1.65,1.50
2012.11.23 15:55:59.727,1.57472,1.57505,1.65,1.73
2012.11.23 15:55:59.845,1.57472,1.57505,1.73,1.50
2012.11.23 15:56:01.264,1.57478,1.57511,1.73,1.50
2012.11.23 15:56:01.954,1.57478,1.5751,1.73,1.50
2012.11.23 15:56:02.477,1.57478,1.5751,1.73,1.73
2012.11.23 15:56:02.997,1.57471,1.57504,1.13,1.50
2012.11.23 15:56:05.115,1.5747,1.57504,1.73,1.73
2012.11.23 15:56:05.818,1.5747,1.57504,1.73,1.50
2012.11.23 15:56:06.065,1.5747,1.57504,1.73,1.50
2012.11.23 15:56:06.616,1.5747,1.57504,1.65,1.50
2012.11.23 15:56:09.925,1.57466,1.57503,2.10,1.50
2012.11.23 15:56:10.226,1.57456,1.57486,1.08,1.50
2012.11.23 15:56:10.345,1.57455,1.57486,1.13,1.50
2012.11.23 15:56:12.245,1.57456,1.57486,1.13,1.50
2012.11.23 15:56:12.485,1.57461,1.57494,1.50,2.48
2012.11.23 15:56:12.605,1.57459,1.57494,1.65,2.25
2012.11.23 15:56:12.796,1.57461,1.57494,1.65,2.25
2012.11.23 15:56:13.215,1.57461,1.57494,1.50,2.48
2012.11.23 15:56:13.724,1.57461,1.57494,1.73,2.48
2012.11.23 15:56:14.232,1.57461,1.57494,1.50,2.40
2012.11.23 15:56:15.650,1.57461,1.57494,1.73,2.25
2012.11.23 15:56:16.655,1.57461,1.57494,1.50,2.48
2012.11.23 15:56:17.606,1.57463,1.57494,1.50,1.73
2012.11.23 15:56:17.786,1.57476,1.57507,1.73,1.50
2012.11.23 15:56:18.516,1.57467,1.57504,1.73,1.73
2012.11.23 15:56:18.574,1.57467,1.57503,1.73,1.73
2012.11.23 15:56:19.136,1.57467,1.57503,1.73,1.73
2012.11.23 15:56:22.755,1.57467,1.57503,1.73,1.50
2012.11.23 15:56:23.287,1.57467,1.57503,1.73,1.73
2012.11.23 15:56:25.467,1.5747,1.57504,1.50,1.73
2012.11.23 15:56:25.895,1.57476,1.57507,1.50,1.24
2012.11.23 15:56:26.075,1.57468,1.57501,1.50,1.73
2012.11.23 15:56:27.396,1.57462,1.57496,1.73,1.50
2012.11.23 15:56:28.595,1.5746,1.57494,1.73,1.50
2012.11.23 15:56:28.949,1.57455,1.57488,1.73,1.50
2012.11.23 15:56:31.265,1.57455,1.57488,1.65,1.50
2012.11.23 15:56:31.606,1.57456,1.57488,1.65,1.50
2012.11.23 15:56:31.945,1.57457,1.57488,1.47,1.50
2012.11.23 15:56:32.275,1.57455,1.57488,1.50,1.73
2012.11.23 15:56:32.677,1.57457,1.57492,1.50,1.73
2012.11.23 15:56:33.036,1.57462,1.5749,1.50,1.73
2012.11.23 15:56:33.275,1.57447,1.57482,1.50,1.73
2012.11.23 15:56:33.335,1.57447,1.57482,1.73,1.73
2012.11.23 15:56:33.584,1.57448,1.57483,1.50,1.73
2012.11.23 15:56:33.706,1.57447,1.57481,2.48,1.73
2012.11.23 15:56:33.885,1.57448,1.57483,1.50,1.73
2012.11.23 15:56:34.066,1.57447,1.5748,1.73,1.73
2012.11.23 15:56:34.385,1.57448,1.5748,1.50,1.73
2012.11.23 15:56:34.705,1.57456,1.57486,1.65,1.50
2012.11.23 15:56:38.788,1.57453,1.57484,1.73,1.73
2012.11.23 15:56:40.224,1.5745,1.57481,1.73,1.50
2012.11.23 15:56:40.465,1.57447,1.57479,1.73,1.73
2012.11.23 15:56:40.586,1.57444,1.57474,2.48,1.50
2012.11.23 15:56:42.255,1.57444,1.57474,2.48,1.50
2012.11.23 15:56:42.725,1.57444,1.57474,2.48,1.50
2012.11.23 15:56:45.738,1.57451,1.57482,1.73,1.73
2012.11.23 15:56:46.095,1.57451,1.57483,1.73,2.48
2012.11.23 15:56:46.637,1.57451,1.57483,1.73,2.25
2012.11.23 15:56:47.636,1.5745,1.57482,1.73,1.50
2012.11.23 15:56:48.086,1.57451,1.57483,1.73,2.48
2012.11.23 15:56:48.456,1.57458,1.57491,1.50,1.73
2012.11.23 15:56:48.815,1.5746,1.57493,2.25,2.48
2012.11.23 15:56:48.935,1.57462,1.57493,1.73,2.25
2012.11.23 15:56:49.055,1.57462,1.57493,1.73,2.25
2012.11.23 15:56:49.114,1.57467,1.57499,1.73,1.50
2012.11.23 15:56:49.686,1.57465,1.57499,1.73,2.10
2012.11.23 15:56:49.805,1.57458,1.57489,1.73,1.50
2012.11.23 15:56:51.137,1.5746,1.57491,1.73,1.50
2012.11.23 15:56:51.849,1.57458,1.57489,1.73,1.50
2012.11.23 15:56:54.575,1.57458,1.57491,1.73,1.50
2012.11.23 15:56:57.216,1.57467,1.57498,1.50,1.73
2012.11.23 15:56:58.355,1.57466,1.57497,1.50,1.73
2012.11.23 15:56:58.536,1.57456,1.57488,1.50,2.22
2012.11.23 15:56:58.655,1.57457,1.57488,1.50,2.22
2012.11.23 15:56:58.925,1.57463,1.57493,1.50,1.73
2012.11.23 15:56:58.985,1.57464,1.57494,1.50,1.73
2012.11.23 15:56:59.165,1.57464,1.57494,1.50,2.07
2012.11.23 15:56:59.786,1.57464,1.57495,1.50,1.73
2012.11.23 15:57:00.755,1.57464,1.57496,1.50,1.73
2012.11.23 15:57:01.522,1.57464,1.57496,1.50,1.73
2012.11.23 15:57:02.257,1.57463,1.57496,1.50,1.73
2012.11.23 15:57:02.795,1.57467,1.57497,1.50,1.73
2012.11.23 15:57:03.157,1.57471,1.57504,1.73,1.50
2012.11.23 15:57:03.436,1.57471,1.57504,1.50,1.73
2012.11.23 15:57:03.495,1.57473,1.57504,1.50,1.73
2012.11.23 15:57:04.236,1.57473,1.57506,1.50,1.73
2012.11.23 15:57:04.799,1.57473,1.57506,1.73,1.50
2012.11.23 15:57:05.347,1.57481,1.57512,1.50,1.73
2012.11.23 15:57:05.407,1.57481,1.57513,1.73,1.50
2012.11.23 15:57:05.646,1.57479,1.57513,1.73,1.73
2012.11.23 15:57:06.706,1.57475,1.57505,1.73,1.50
2012.11.23 15:57:07.201,1.5746,1.57493,1.73,1.73
2012.11.23 15:57:08.395,1.57461,1.57493,1.73,1.73
2012.11.23 15:57:08.900,1.57467,1.57499,1.50,1.73
2012.11.23 15:57:08.964,1.57467,1.57499,1.73,1.50
2012.11.23 15:57:10.645,1.57467,1.57499,1.73,1.73
2012.11.23 15:57:12.065,1.57467,1.57499,1.50,1.73
2012.11.23 15:57:12.749,1.5746,1.57494,1.50,1.73
2012.11.23 15:57:12.816,1.57458,1.57494,1.50,2.48
2012.11.23 15:57:15.585,1.57458,1.57494,1.50,2.48
2012.11.23 15:57:15.672,1.57458,1.57494,1.73,2.48
2012.11.23 15:57:15.797,1.57458,1.57494,1.50,2.48
2012.11.23 15:57:18.135,1.57458,1.57491,1.50,1.50
2012.11.23 15:57:19.475,1.57454,1.57486,1.50,1.73
2012.11.23 15:57:20.125,1.5746,1.57491,1.35,1.50
2012.11.23 15:57:20.484,1.57474,1.57504,1.73,1.13
2012.11.23 15:57:20.545,1.57475,1.57506,1.73,1.13
2012.11.23 15:57:20.616,1.57475,1.57508,1.73,1.50
2012.11.23 15:57:20.795,1.57481,1.57514,1.50,1.73
2012.11.23 15:57:21.646,1.57474,1.57509,1.73,1.50
2012.11.23 15:57:22.015,1.57474,1.57514,1.73,1.73
2012.11.23 15:57:22.546,1.57481,1.57515,1.50,1.73
2012.11.23 15:57:22.905,1.57474,1.57504,1.50,1.73
2012.11.23 15:57:23.554,1.57467,1.57499,2.40,1.73
2012.11.23 15:57:23.788,1.57467,1.57499,1.50,1.73
2012.11.23 15:57:24.366,1.57467,1.57499,1.50,1.73
2012.11.23 15:57:24.810,1.57467,1.57499,1.73,1.50
2012.11.23 15:57:26.246,1.57466,1.57498,1.73,1.50
2012.11.23 15:57:26.305,1.57458,1.57492,1.50,1.20
2012.11.23 15:57:26.365,1.5746,1.57492,1.50,1.20
2012.11.23 15:57:26.627,1.57468,1.57501,1.73,1.50
2012.11.23 15:57:26.865,1.57476,1.57505,1.50,1.73
2012.11.23 15:57:27.645,1.57474,1.57505,1.50,2.48
2012.11.23 15:57:27.826,1.57466,1.57501,2.25,1.73
2012.11.23 15:57:29.455,1.57466,1.57501,2.25,1.73
2012.11.23 15:57:29.967,1.57462,1.57493,1.73,1.50
2012.11.23 15:57:32.685,1.57454,1.57487,1.95,1.50
2012.11.23 15:57:32.745,1.57454,1.57485,1.95,1.50
2012.11.23 15:57:32.924,1.57454,1.57487,1.95,1.50
2012.11.23 15:57:33.435,1.57461,1.57494,1.50,1.73
2012.11.23 15:57:35.855,1.57461,1.57494,1.50,3.23
2012.11.23 15:57:36.154,1.57453,1.57485,1.50,1.73
2012.11.23 15:57:36.596,1.57453,1.57487,1.50,1.73
2012.11.23 15:57:36.656,1.57453,1.57487,1.73,1.50
2012.11.23 15:57:37.326,1.5746,1.57493,1.50,2.48
2012.11.23 15:57:37.386,1.5746,1.57492,1.50,1.41
2012.11.23 15:57:37.547,1.57458,1.57493,1.50,1.73
2012.11.23 15:57:38.579,1.5746,1.57493,1.50,1.73
2012.11.23 15:57:38.756,1.57473,1.57501,1.73,1.50
2012.11.23 15:57:38.875,1.57479,1.5751,1.73,1.50
2012.11.23 15:57:38.935,1.57477,1.57508,1.73,1.50
2012.11.23 15:57:38.997,1.57477,1.57502,1.50,1.25
2012.11.23 15:57:39.055,1.57468,1.57501,1.50,1.73
2012.11.23 15:57:39.176,1.57464,1.57494,1.50,1.50
2012.11.23 15:57:39.425,1.57464,1.57497,1.50,1.73
2012.11.23 15:57:39.685,1.57464,1.57494,1.50,1.50
2012.11.23 15:57:40.225,1.57469,1.57503,1.50,1.73
2012.11.23 15:57:40.585,1.5747,1.57503,1.65,1.73
2012.11.23 15:57:40.645,1.5747,1.57503,1.50,1.73
2012.11.23 15:57:40.885,1.57469,1.57503,1.50,2.48
2012.11.23 15:57:41.865,1.57469,1.57503,1.50,2.48
2012.11.23 15:57:41.985,1.57467,1.57502,1.50,1.73
2012.11.23 15:57:42.236,1.57463,1.57495,1.73,1.73
2012.11.23 15:57:42.980,1.57463,1.57495,1.50,1.73
2012.11.23 15:57:45.226,1.57462,1.57494,1.50,1.73
2012.11.23 15:57:45.286,1.57462,1.57494,1.50,2.04
2012.11.23 15:57:45.811,1.57457,1.57493,1.50,2.04
2012.11.23 15:57:45.878,1.57456,1.57489,1.50,1.73
2012.11.23 15:57:48.367,1.57455,1.57487,1.50,1.73
2012.11.23 15:57:49.896,1.57456,1.57489,1.50,1.73
2012.11.23 15:57:50.215,1.57455,1.57487,1.50,2.11
2012.11.23 15:57:50.426,1.57447,1.57481,1.50,1.73
2012.11.23 15:57:50.855,1.57449,1.57484,1.50,1.73
2012.11.23 15:57:51.155,1.57468,1.57494,1.73,1.35
2012.11.23 15:57:51.604,1.57461,1.57493,1.73,1.50
2012.11.23 15:57:51.905,1.57461,1.57493,1.50,1.73
2012.11.23 15:57:52.815,1.57461,1.57493,1.50,1.73
2012.11.23 15:57:53.355,1.57461,1.57493,1.65,1.50
2012.11.23 15:57:53.982,1.57461,1.57493,1.73,1.50
2012.11.23 15:57:54.475,1.57465,1.57501,1.73,1.50
2012.11.23 15:57:54.595,1.57468,1.57501,2.48,1.50
2012.11.23 15:57:54.655,1.57468,1.57501,2.48,1.50
2012.11.23 15:57:54.774,1.57474,1.57505,1.50,1.50
2012.11.23 15:57:56.205,1.57474,1.57507,1.73,1.50
2012.11.23 15:57:57.159,1.57486,1.57515,1.44,1.50
2012.11.23 15:57:57.216,1.57482,1.57515,1.73,1.50
2012.11.23 15:57:57.545,1.57482,1.57515,1.73,1.50
2012.11.23 15:57:57.914,1.57482,1.57515,1.73,1.73
2012.11.23 15:57:57.975,1.57482,1.57515,1.73,1.50
2012.11.23 15:57:58.545,1.57482,1.57515,1.73,1.73
2012.11.23 15:57:58.665,1.57482,1.57515,1.73,1.50
2012.11.23 15:57:58.975,1.57482,1.57515,1.73,1.73
2012.11.23 15:57:59.758,1.57488,1.57521,1.50,1.73
2012.11.23 15:58:00.128,1.57488,1.57521,1.73,1.73
2012.11.23 15:58:00.385,1.57489,1.57521,1.50,1.73
2012.11.23 15:58:00.916,1.57489,1.57521,1.73,1.50
2012.11.23 15:58:02.406,1.57489,1.57521,1.73,1.50
2012.11.23 15:58:03.356,1.57488,1.57521,1.73,1.50
2012.11.23 15:58:03.665,1.57488,1.57521,1.50,1.73
2012.11.23 15:58:06.616,1.57489,1.57521,1.50,1.73
2012.11.23 15:58:06.746,1.57489,1.57521,1.73,1.50
2012.11.23 15:58:06.925,1.57498,1.57531,1.50,1.25
2012.11.23 15:58:07.045,1.57491,1.57523,1.73,1.73
2012.11.23 15:58:07.105,1.57489,1.57523,1.73,1.73
2012.11.23 15:58:08.134,1.57491,1.57523,1.50,1.73
2012.11.23 15:58:08.636,1.57489,1.57523,1.73,2.48
2012.11.23 15:58:08.814,1.57489,1.57523,1.73,1.73
2012.11.23 15:58:08.934,1.57501,1.57534,1.50,1.73
2012.11.23 15:58:08.995,1.57501,1.57534,1.50,1.73
2012.11.23 15:58:09.114,1.57496,1.57528,1.73,1.50
2012.11.23 15:58:10.446,1.57496,1.57526,1.50,1.73
2012.11.23 15:58:11.097,1.57496,1.57526,1.50,2.48
2012.11.23 15:58:12.156,1.57494,1.57522,1.50,1.59
2012.11.23 15:58:12.885,1.57487,1.57515,1.50,1.73
2012.11.23 15:58:13.225,1.57486,1.57518,1.73,1.50
2012.11.23 15:58:13.344,1.57492,1.57524,1.50,1.73
2012.11.23 15:58:13.645,1.57492,1.5752,1.50,1.38
2012.11.23 15:58:14.005,1.57484,1.57518,1.73,1.73
2012.11.23 15:58:14.365,1.57484,1.57518,1.73,1.50
2012.11.23 15:58:14.885,1.57493,1.57525,1.50,1.73
2012.11.23 15:58:15.192,1.57494,1.57526,1.73,1.50
2012.11.23 15:58:15.436,1.57501,1.57533,1.50,1.73
2012.11.23 15:58:16.207,1.57498,1.57533,1.73,1.73
2012.11.23 15:58:17.205,1.57498,1.57532,1.65,1.73
2012.11.23 15:58:17.736,1.57497,1.57529,1.28,1.50
2012.11.23 15:58:18.565,1.57496,1.57529,1.28,2.25
2012.11.23 15:58:18.624,1.57497,1.57528,2.03,1.50
2012.11.23 15:58:18.684,1.57497,1.57529,2.03,1.50
2012.11.23 15:58:20.905,1.57498,1.57531,1.65,1.50
2012.11.23 15:58:21.026,1.5751,1.57542,1.50,1.73
2012.11.23 15:58:21.145,1.57507,1.57533,1.65,1.50
2012.11.23 15:58:21.325,1.57498,1.57531,1.50,1.73
2012.11.23 15:58:21.785,1.57498,1.57531,1.73,1.50
2012.11.23 15:58:21.845,1.57497,1.57522,1.13,1.50
2012.11.23 15:58:22.025,1.57498,1.57529,1.73,1.50
2012.11.23 15:58:22.145,1.57497,1.57529,1.13,1.50
2012.11.23 15:58:22.264,1.57497,1.57527,1.13,1.50
2012.11.23 15:58:22.325,1.57497,1.57529,1.13,1.50
2012.11.23 15:58:22.445,1.57505,1.57536,1.50,2.48
2012.11.23 15:58:22.505,1.57505,1.57536,1.50,1.73
2012.11.23 15:58:22.564,1.57502,1.57536,1.73,1.73
2012.11.23 15:58:22.765,1.57503,1.57536,1.73,1.73
2012.11.23 15:58:23.556,1.57507,1.57542,1.50,2.48
2012.11.23 15:58:23.954,1.5752,1.5755,1.50,1.73
2012.11.23 15:58:24.326,1.5752,1.57552,1.73,1.50
2012.11.23 15:58:24.599,1.57517,1.57549,1.73,1.50
2012.11.23 15:58:25.087,1.57513,1.57544,1.73,1.50
2012.11.23 15:58:25.205,1.57513,1.57546,1.73,1.73
2012.11.23 15:58:26.295,1.57513,1.57543,1.65,1.50
2012.11.23 15:58:26.666,1.57513,1.57543,1.50,1.73
2012.11.23 15:58:27.357,1.57513,1.57546,1.50,1.73
2012.11.23 15:58:27.596,1.57518,1.57546,1.20,1.50
2012.11.23 15:58:28.155,1.57517,1.57543,1.20,1.50
2012.11.23 15:58:28.395,1.57513,1.57543,2.25,1.73
2012.11.23 15:58:28.664,1.57513,1.57546,2.25,1.73
2012.11.23 15:58:28.788,1.57515,1.57546,1.73,1.50
2012.11.23 15:58:29.666,1.57515,1.57546,1.73,1.50
2012.11.23 15:58:30.157,1.57515,1.57546,1.73,1.50
2012.11.23 15:58:30.275,1.57521,1.57554,1.50,2.48
2012.11.23 15:58:30.436,1.57521,1.57549,1.50,1.50
2012.11.23 15:58:30.767,1.57514,1.57547,1.73,1.73
2012.11.23 15:58:31.591,1.57514,1.57547,1.73,1.73
2012.11.23 15:58:31.775,1.57521,1.57554,1.73,1.50
2012.11.23 15:58:31.894,1.5752,1.57553,1.73,1.50
2012.11.23 15:58:32.015,1.5752,1.57545,1.50,1.73
2012.11.23 15:58:32.365,1.57514,1.57545,1.50,2.48
2012.11.23 15:58:32.875,1.57514,1.57545,1.50,1.73
2012.11.23 15:58:34.305,1.57514,1.57547,1.65,1.50
2012.11.23 15:58:34.425,1.57514,1.57545,1.50,2.48
2012.11.23 15:58:34.875,1.57508,1.5754,1.73,1.73
2012.11.23 15:58:43.065,1.57514,1.57545,1.50,1.73
2012.11.23 15:58:43.195,1.57514,1.57545,1.73,1.50
2012.11.23 15:58:43.945,1.57514,1.57546,1.73,1.50
2012.11.23 15:58:49.015,1.57522,1.57553,1.50,1.73
2012.11.23 15:58:54.496,1.57522,1.57553,1.50,1.73
2012.11.23 15:58:55.700,1.57522,1.57553,1.50,2.48
2012.11.23 15:58:57.134,1.57519,1.57553,1.50,2.48
2012.11.23 15:58:58.648,1.57515,1.57547,1.73,1.73
2012.11.23 15:58:58.825,1.57522,1.57551,1.73,1.50
2012.11.23 15:58:58.885,1.57522,1.57554,1.73,1.50
2012.11.23 15:59:01.545,1.57522,1.57551,1.73,1.50
2012.11.23 15:59:01.975,1.57522,1.57551,1.73,1.50
2012.11.23 15:59:02.245,1.57522,1.57551,1.50,1.50
2012.11.23 15:59:02.365,1.57519,1.57548,1.58,1.50
2012.11.23 15:59:02.425,1.57522,1.57554,1.50,1.73
2012.11.23 15:59:02.855,1.57515,1.57549,1.73,1.50
2012.11.23 15:59:03.455,1.57523,1.57554,1.50,1.73
2012.11.23 15:59:05.296,1.57514,1.57546,1.73,1.50
2012.11.23 15:59:06.426,1.57517,1.57546,1.73,1.50
2012.11.23 15:59:06.605,1.57517,1.57545,2.07,1.50
2012.11.23 15:59:06.725,1.57514,1.57545,1.50,1.73
2012.11.23 15:59:06.905,1.57521,1.57553,1.50,2.22
2012.11.23 15:59:07.025,1.57516,1.57546,1.50,1.73
2012.11.23 15:59:07.616,1.57516,1.57548,1.50,1.73
2012.11.23 15:59:07.795,1.57516,1.57548,1.65,1.50
2012.11.23 15:59:09.047,1.57516,1.57548,1.73,1.50
2012.11.23 15:59:09.168,1.57518,1.57548,1.58,1.50
2012.11.23 15:59:09.285,1.57523,1.57556,1.73,1.50
2012.11.23 15:59:09.866,1.5753,1.57559,1.73,1.50
2012.11.23 15:59:09.988,1.57523,1.57555,1.73,1.50
2012.11.23 15:59:12.395,1.57523,1.57555,1.73,1.50
2012.11.23 15:59:12.455,1.57524,1.57565,1.73,1.73
2012.11.23 15:59:12.515,1.5754,1.57572,1.50,1.45
2012.11.23 15:59:12.576,1.5754,1.57573,2.09,1.50
2012.11.23 15:59:12.696,1.57531,1.57565,1.38,2.25
2012.11.23 15:59:12.756,1.57537,1.57563,1.38,2.25
2012.11.23 15:59:12.816,1.5753,1.57557,1.35,1.50
2012.11.23 15:59:13.815,1.57528,1.57557,1.36,1.50
2012.11.23 15:59:14.755,1.57524,1.57557,1.73,1.50
2012.11.23 15:59:21.585,1.57531,1.57562,1.73,1.50
2012.11.23 15:59:21.645,1.57531,1.57563,1.73,1.50
2012.11.23 15:59:25.266,1.57531,1.57563,1.73,1.50
2012.11.23 15:59:25.625,1.57532,1.57563,1.56,1.50
2012.11.23 15:59:26.020,1.57531,1.57563,1.73,1.50
2012.11.23 15:59:28.101,1.57538,1.57571,1.73,1.50
2012.11.23 15:59:28.597,1.57538,1.57571,1.73,1.50
2012.11.23 15:59:28.716,1.57551,1.57582,1.50,2.10
2012.11.23 15:59:28.776,1.57551,1.57582,1.50,2.85
2012.11.23 15:59:28.836,1.57542,1.57572,1.63,1.50
2012.11.23 15:59:28.895,1.57549,1.5758,1.27,1.50
2012.11.23 15:59:29.075,1.57547,1.5758,2.48,1.73
2012.11.23 15:59:29.199,1.57547,1.5758,2.25,2.48
2012.11.23 15:59:29.565,1.57536,1.57567,1.88,1.50
2012.11.23 15:59:29.685,1.57541,1.57574,1.73,1.50
2012.11.23 15:59:30.905,1.57541,1.57574,1.73,1.73
2012.11.23 15:59:31.565,1.57541,1.57574,1.73,1.73
2012.11.23 15:59:32.247,1.57541,1.57574,1.50,1.73
2012.11.23 15:59:32.606,1.57541,1.57574,1.73,1.50
2012.11.23 15:59:33.425,1.57551,1.5758,1.50,2.48
2012.11.23 15:59:33.605,1.57551,1.57582,1.50,1.73
2012.11.23 15:59:33.665,1.57551,1.57582,1.50,1.73
2012.11.23 15:59:34.025,1.57551,1.57582,1.73,1.50
2012.11.23 15:59:34.448,1.57551,1.57582,1.73,1.73
2012.11.23 15:59:35.591,1.57551,1.57582,1.73,1.50
2012.11.23 15:59:36.546,1.57568,1.576,1.73,1.50
2012.11.23 15:59:37.895,1.57568,1.57603,1.73,1.73
2012.11.23 15:59:37.956,1.57594,1.57611,1.50,1.25
2012.11.23 15:59:38.076,1.5758,1.57614,2.31,1.50
2012.11.23 15:59:38.316,1.57588,1.57617,1.73,1.50
2012.11.23 15:59:38.796,1.57588,1.57619,1.73,1.50
2012.11.23 15:59:38.915,1.57588,1.57617,1.73,1.50
2012.11.23 15:59:39.466,1.57583,1.57614,1.73,1.50
2012.11.23 15:59:39.846,1.57584,1.57614,1.73,1.50
2012.11.23 15:59:40.025,1.57589,1.57622,2.02,1.50
2012.11.23 15:59:40.205,1.57589,1.57622,2.02,1.50
2012.11.23 15:59:40.396,1.57589,1.57622,1.73,1.73
2012.11.23 15:59:40.677,1.57596,1.57624,1.50,1.73
2012.11.23 15:59:40.735,1.57605,1.57637,1.73,1.50
2012.11.23 15:59:40.795,1.57605,1.57634,1.73,1.50
2012.11.23 15:59:40.975,1.57603,1.57628,1.50,1.50
2012.11.23 15:59:41.155,1.57597,1.57628,1.50,1.73
2012.11.23 15:59:41.532,1.57606,1.57638,1.73,2.25
2012.11.23 15:59:41.715,1.57606,1.57637,1.73,1.50
2012.11.23 15:59:41.775,1.57606,1.57635,1.73,1.50
2012.11.23 15:59:41.835,1.57606,1.57635,1.50,1.73
2012.11.23 15:59:41.895,1.57606,1.57635,1.73,1.50
2012.11.23 15:59:42.255,1.57603,1.57629,1.73,1.50
2012.11.23 15:59:42.495,1.576,1.5763,1.56,1.50
2012.11.23 15:59:42.555,1.57598,1.5763,1.50,2.48
2012.11.23 15:59:42.617,1.57598,1.5763,1.50,2.48
2012.11.23 15:59:43.133,1.57598,1.5763,1.50,2.48
2012.11.23 15:59:43.555,1.57596,1.5763,1.73,1.50
2012.11.23 15:59:43.925,1.57594,1.57623,2.33,1.50
2012.11.23 15:59:43.986,1.57607,1.57635,1.32,1.50
2012.11.23 15:59:44.666,1.57614,1.57645,1.73,1.50
2012.11.23 15:59:44.937,1.57614,1.57643,1.73,1.50
2012.11.23 15:59:45.255,1.57605,1.57637,1.73,1.50
2012.11.23 15:59:46.316,1.57601,1.5763,1.13,1.50
2012.11.23 15:59:46.496,1.57599,1.5763,1.05,1.73
2012.11.23 15:59:46.899,1.57597,1.5763,2.48,1.73
2012.11.23 15:59:48.807,1.57599,1.5763,1.35,1.73
2012.11.23 15:59:49.108,1.57613,1.57632,1.47,1.50
2012.11.23 15:59:49.166,1.57613,1.57634,1.47,1.50
2012.11.23 15:59:49.286,1.57609,1.57633,1.50,1.50
2012.11.23 15:59:49.406,1.57603,1.57635,1.50,1.73
2012.11.23 15:59:49.477,1.57601,1.57633,1.50,1.73
2012.11.23 15:59:49.715,1.57594,1.57628,1.50,1.73
2012.11.23 15:59:50.226,1.57594,1.57627,1.50,1.73
2012.11.23 15:59:50.946,1.57594,1.57627,1.50,1.73
2012.11.23 15:59:51.308,1.57596,1.5763,1.65,1.73
2012.11.23 15:59:51.805,1.57604,1.57637,1.65,1.73
2012.11.23 15:59:51.925,1.57604,1.57637,2.33,1.73
2012.11.23 15:59:52.507,1.5762,1.57647,1.50,1.23
2012.11.23 15:59:52.686,1.5762,1.57652,1.50,3.23
2012.11.23 15:59:53.236,1.5762,1.57649,1.50,1.73
2012.11.23 15:59:53.595,1.57632,1.57663,1.73,1.65
2012.11.23 15:59:53.780,1.57632,1.57657,1.50,1.13
2012.11.23 15:59:53.846,1.57626,1.57657,2.25,2.63
2012.11.23 15:59:54.205,1.57613,1.57644,1.73,1.50
2012.11.23 15:59:54.687,1.57611,1.57643,1.50,1.73
2012.11.23 15:59:54.985,1.57606,1.57636,1.73,1.50
2012.11.23 15:59:55.225,1.57606,1.57638,1.73,1.73
2012.11.23 15:59:55.405,1.57606,1.57636,1.73,1.50
2012.11.23 15:59:55.525,1.57606,1.5764,1.73,1.73
2012.11.23 15:59:55.706,1.57606,1.57637,1.73,1.50
2012.11.23 15:59:56.045,1.57607,1.57632,1.50,1.73
2012.11.23 15:59:56.225,1.57597,1.5763,1.50,1.73
2012.11.23 15:59:56.396,1.57597,1.57639,1.50,1.56
2012.11.23 15:59:56.515,1.57614,1.57649,1.73,2.48
2012.11.23 15:59:56.635,1.57605,1.57646,1.27,1.50
2012.11.23 15:59:57.090,1.57605,1.57636,1.27,1.50
2012.11.23 15:59:57.159,1.57597,1.57629,1.73,1.50
2012.11.23 15:59:57.495,1.57597,1.57629,1.73,1.50
2012.11.23 15:59:57.825,1.57604,1.57637,1.73,1.50
2012.11.23 15:59:58.095,1.57604,1.57637,1.73,1.50
2012.11.23 15:59:58.455,1.57613,1.57643,1.73,1.50
2012.11.23 15:59:58.685,1.57613,1.57645,1.73,1.50
2012.11.23 15:59:59.185,1.57613,1.57643,1.73,1.50
2012.11.23 15:59:59.686,1.57613,1.57643,1.73,2.25
2012.11.23 15:59:59.946,1.57618,1.57651,1.50,1.73
