2018.01.05 10:00:00.075,1.68377,1.68419,1.00,1.00
2018.01.05 10:00:00.406,1.68356,1.68396,1.00,1.00
2018.01.05 10:00:00.470,1.68349,1.68398,1.00,1.00
2018.01.05 10:00:00.521,1.68346,1.68398,1.00,1.00
2018.01.05 10:00:00.573,1.68348,1.68398,1.00,1.00
2018.01.05 10:00:00.675,1.68342,1.68401,1.67,2.25
2018.01.05 10:00:00.828,1.68342,1.68396,1.50,1.00
2018.01.05 10:00:01.178,1.68351,1.68402,1.00,1.00
2018.01.05 10:00:01.485,1.68349,1.68395,1.00,1.00
2018.01.05 10:00:01.809,1.6835,1.68384,1.00,1.00
2018.01.05 10:00:02.011,1.68349,1.68396,1.50,1.00
2018.01.05 10:00:02.113,1.6835,1.68384,1.50,1.00
2018.01.05 10:00:02.215,1.68358,1.68397,1.00,1.00
2018.01.05 10:00:02.455,1.68357,1.68387,1.00,1.00
2018.01.05 10:00:02.507,1.68358,1.68392,1.00,1.00
2018.01.05 10:00:02.661,1.68362,1.68391,1.00,1.00
2018.01.05 10:00:02.764,1.68359,1.68389,1.00,1.00
2018.01.05 10:00:02.977,1.68362,1.68389,1.00,1.00
2018.01.05 10:00:03.029,1.68363,1.68391,1.00,1.00
2018.01.05 10:00:03.080,1.68363,1.68384,1.00,1.00
2018.01.05 10:00:03.284,1.68354,1.68384,1.00,1.00
2018.01.05 10:00:03.335,1.68354,1.68382,1.00,1.00
2018.01.05 10:00:03.591,1.68353,1.68387,1.00,1.00
2018.01.05 10:00:03.995,1.68354,1.68389,1.00,1.00
2018.01.05 10:00:04.051,1.68361,1.68388,1.00,1.00
2018.01.05 10:00:04.803,1.68361,1.68385,1.00,1.00
2018.01.05 10:00:04.969,1.68357,1.68388,1.00,1.00
2018.01.05 10:00:05.071,1.68359,1.68388,1.00,1.00
2018.01.05 10:00:05.225,1.68358,1.68392,1.00,1.00
2018.01.05 10:00:05.276,1.68359,1.68387,1.00,1.00
2018.01.05 10:00:05.429,1.68359,1.68389,1.00,1.00
2018.01.05 10:00:05.531,1.68364,1.68392,1.00,1.00
2018.01.05 10:00:05.869,1.68364,1.68388,1.00,1.00
2018.01.05 10:00:06.075,1.68365,1.68391,1.00,1.00
2018.01.05 10:00:06.578,1.68364,1.68391,1.00,1.00
2018.01.05 10:00:07.063,1.68365,1.68393,1.00,1.00
2018.01.05 10:00:07.615,1.68365,1.68394,1.50,1.12
2018.01.05 10:00:07.768,1.68372,1.68398,1.00,1.37
2018.01.05 10:00:07.820,1.68371,1.68398,1.00,1.12
2018.01.05 10:00:07.922,1.68369,1.68395,1.00,1.00
2018.01.05 10:00:07.973,1.68365,1.68396,1.50,1.00
2018.01.05 10:00:08.127,1.68365,1.68393,1.50,1.00
2018.01.05 10:00:08.555,1.68372,1.68393,1.00,1.00
2018.01.05 10:00:08.905,1.68372,1.68397,1.00,1.00
2018.01.05 10:00:09.523,1.68367,1.68397,1.00,1.00
2018.01.05 10:00:09.679,1.68367,1.68399,1.00,1.12
2018.01.05 10:00:09.821,1.68369,1.68399,1.00,1.00
2018.01.05 10:00:10.178,1.68368,1.68397,1.00,1.00
2018.01.05 10:00:10.961,1.68367,1.68399,1.50,1.00
2018.01.05 10:00:11.063,1.68369,1.68401,1.00,1.00
2018.01.05 10:00:11.420,1.68369,1.68399,1.00,1.00
2018.01.05 10:00:11.763,1.68367,1.68399,1.00,1.00
2018.01.05 10:00:11.865,1.68368,1.68401,1.00,1.00
2018.01.05 10:00:12.018,1.68369,1.68405,1.00,1.00
2018.01.05 10:00:12.120,1.68373,1.68406,1.00,1.00
2018.01.05 10:00:12.443,1.68373,1.68403,1.00,1.00
2018.01.05 10:00:12.644,1.68373,1.68407,1.00,1.00
2018.01.05 10:00:13.160,1.68374,1.68408,1.00,1.00
2018.01.05 10:00:13.636,1.68375,1.6841,1.00,1.00
2018.01.05 10:00:13.994,1.68373,1.68409,1.50,1.00
2018.01.05 10:00:14.250,1.68383,1.6841,1.00,1.00
2018.01.05 10:00:14.412,1.68384,1.68413,1.00,1.00
2018.01.05 10:00:14.467,1.68385,1.68415,1.00,1.00
2018.01.05 10:00:14.628,1.68385,1.68417,1.00,1.00
2018.01.05 10:00:14.731,1.68388,1.6842,1.00,1.00
2018.01.05 10:00:15.039,1.68385,1.68418,1.00,1.00
2018.01.05 10:00:15.090,1.68383,1.68415,1.00,1.00
2018.01.05 10:00:15.406,1.68389,1.68416,1.00,1.00
2018.01.05 10:00:15.458,1.68388,1.68418,1.00,1.00
2018.01.05 10:00:16.374,1.68388,1.68419,1.00,1.00
2018.01.05 10:00:16.629,1.68389,1.68422,1.50,1.50
2018.01.05 10:00:16.834,1.68395,1.68425,1.00,1.00
2018.01.05 10:00:16.938,1.68394,1.68428,1.50,1.00
2018.01.05 10:00:17.104,1.68401,1.68429,1.00,1.00
2018.01.05 10:00:17.257,1.68398,1.6843,1.00,1.00
2018.01.05 10:00:17.359,1.68396,1.68429,1.00,1.50
2018.01.05 10:00:17.462,1.68403,1.6843,1.00,1.00
2018.01.05 10:00:17.513,1.68401,1.6843,1.00,1.00
2018.01.05 10:00:17.564,1.68402,1.68437,1.50,1.00
2018.01.05 10:00:17.878,1.68406,1.68437,1.00,1.50
2018.01.05 10:00:18.183,1.68405,1.68429,1.00,1.00
2018.01.05 10:00:18.234,1.68406,1.68432,1.00,1.50
2018.01.05 10:00:19.016,1.68406,1.68431,1.00,1.00
2018.01.05 10:00:19.332,1.68402,1.68431,1.00,1.00
2018.01.05 10:00:19.383,1.68406,1.68431,1.00,1.00
2018.01.05 10:00:19.434,1.68406,1.68433,1.00,1.50
2018.01.05 10:00:19.654,1.68402,1.68433,1.00,1.50
2018.01.05 10:00:19.791,1.684,1.68433,1.00,1.50
2018.01.05 10:00:19.843,1.68403,1.68433,1.00,1.00
2018.01.05 10:00:19.894,1.68401,1.68434,1.00,1.00
2018.01.05 10:00:20.268,1.68405,1.68435,1.00,1.00
2018.01.05 10:00:20.473,1.68402,1.68434,1.00,1.00
2018.01.05 10:00:20.636,1.68402,1.68429,1.00,1.00
2018.01.05 10:00:20.689,1.68394,1.68429,1.00,1.00
2018.01.05 10:00:20.842,1.68391,1.68427,2.25,1.00
2018.01.05 10:00:20.894,1.68392,1.68424,1.00,1.00
2018.01.05 10:00:21.352,1.68392,1.68422,1.00,1.00
2018.01.05 10:00:21.687,1.68388,1.68422,1.00,1.00
2018.01.05 10:00:21.998,1.68387,1.68419,1.00,1.00
2018.01.05 10:00:22.220,1.68385,1.68419,1.00,1.00
2018.01.05 10:00:22.276,1.68378,1.68415,1.50,1.50
2018.01.05 10:00:22.327,1.68379,1.68413,1.00,1.00
2018.01.05 10:00:22.633,1.68381,1.68415,1.00,1.00
2018.01.05 10:00:23.157,1.68384,1.68416,1.50,1.00
2018.01.05 10:00:23.492,1.68386,1.68417,1.00,1.00
2018.01.05 10:00:23.543,1.68383,1.68415,1.00,1.00
2018.01.05 10:00:23.866,1.68383,1.68417,1.00,1.00
2018.01.05 10:00:23.970,1.68383,1.68415,1.50,1.00
2018.01.05 10:00:24.277,1.68383,1.68413,1.00,1.00
2018.01.05 10:00:24.482,1.68384,1.68415,1.00,1.00
2018.01.05 10:00:25.015,1.68385,1.68418,1.00,1.00
2018.01.05 10:00:25.168,1.68383,1.68415,1.00,1.00
2018.01.05 10:00:25.919,1.68384,1.68412,1.00,1.00
2018.01.05 10:00:26.255,1.68385,1.68415,1.00,1.00
2018.01.05 10:00:26.358,1.68388,1.68418,1.00,1.00
2018.01.05 10:00:26.663,1.6839,1.68418,1.00,1.00
2018.01.05 10:00:26.908,1.68389,1.68421,1.00,1.00
2018.01.05 10:00:27.080,1.68389,1.68419,1.00,1.00
2018.01.05 10:00:27.880,1.68389,1.68421,1.00,1.00
2018.01.05 10:00:28.517,1.68389,1.68419,1.00,1.00
2018.01.05 10:00:28.825,1.68392,1.68421,1.00,1.00
2018.01.05 10:00:29.595,1.68393,1.68421,1.00,1.00
2018.01.05 10:00:29.927,1.68402,1.68431,1.00,1.00
2018.01.05 10:00:30.146,1.68396,1.68427,1.00,1.00
2018.01.05 10:00:30.197,1.68396,1.68422,1.00,1.00
2018.01.05 10:00:30.251,1.68393,1.68422,1.00,1.00
2018.01.05 10:00:30.415,1.68397,1.68422,1.00,1.00
2018.01.05 10:00:30.467,1.68397,1.68424,1.00,1.00
2018.01.05 10:00:30.856,1.68397,1.68427,1.00,1.00
2018.01.05 10:00:31.009,1.68397,1.68425,1.00,1.00
2018.01.05 10:00:31.193,1.68395,1.68426,1.50,1.00
2018.01.05 10:00:31.702,1.68396,1.68426,1.00,1.00
2018.01.05 10:00:31.999,1.68397,1.68424,1.00,1.00
2018.01.05 10:00:32.548,1.68396,1.68423,1.00,1.50
2018.01.05 10:00:32.651,1.68387,1.68419,1.00,1.00
2018.01.05 10:00:32.702,1.68386,1.68417,1.50,1.00
2018.01.05 10:00:32.948,1.68383,1.68415,1.00,1.50
2018.01.05 10:00:33.053,1.68385,1.68415,1.00,1.50
2018.01.05 10:00:33.389,1.68389,1.68418,1.00,1.50
2018.01.05 10:00:33.440,1.68387,1.68418,1.50,1.50
2018.01.05 10:00:33.880,1.6839,1.6842,1.00,1.00
2018.01.05 10:00:33.983,1.6839,1.68422,1.50,1.00
2018.01.05 10:00:34.034,1.68394,1.68423,1.00,1.00
2018.01.05 10:00:34.340,1.68398,1.68425,1.00,1.00
2018.01.05 10:00:34.546,1.68394,1.68424,1.00,1.00
2018.01.05 10:00:34.787,1.68395,1.68419,1.00,1.00
2018.01.05 10:00:34.838,1.68392,1.68426,1.50,1.00
2018.01.05 10:00:34.890,1.684,1.68427,1.00,1.00
2018.01.05 10:00:35.095,1.68401,1.6843,1.00,1.00
2018.01.05 10:00:35.237,1.68404,1.68429,1.00,1.00
2018.01.05 10:00:35.289,1.68405,1.68433,1.00,1.00
2018.01.05 10:00:35.340,1.68405,1.6843,1.50,1.00
2018.01.05 10:00:35.391,1.68406,1.68435,1.00,1.00
2018.01.05 10:00:35.596,1.68405,1.68432,1.00,1.50
2018.01.05 10:00:35.699,1.684,1.6843,1.50,1.50
2018.01.05 10:00:36.128,1.68399,1.68428,1.00,1.00
2018.01.05 10:00:36.550,1.684,1.68431,1.00,1.00
2018.01.05 10:00:36.940,1.68399,1.68435,1.50,1.12
2018.01.05 10:00:37.094,1.684,1.68431,1.00,1.00
2018.01.05 10:00:37.196,1.68394,1.68429,1.00,1.00
2018.01.05 10:00:37.248,1.68397,1.68427,1.00,1.00
2018.01.05 10:00:37.640,1.68402,1.68426,1.00,1.00
2018.01.05 10:00:37.692,1.68403,1.68432,1.00,1.00
2018.01.05 10:00:37.743,1.68401,1.68432,1.00,1.00
2018.01.05 10:00:38.292,1.68402,1.68433,1.00,1.00
2018.01.05 10:00:38.395,1.68397,1.68431,2.25,1.00
2018.01.05 10:00:38.638,1.68397,1.68428,1.00,1.00
2018.01.05 10:00:39.109,1.68397,1.68426,1.00,1.00
2018.01.05 10:00:39.381,1.68395,1.68425,1.50,1.00
2018.01.05 10:00:39.433,1.68398,1.68424,1.00,1.00
2018.01.05 10:00:39.484,1.68396,1.68425,1.00,1.00
2018.01.05 10:00:39.665,1.68397,1.68427,1.00,1.00
2018.01.05 10:00:40.029,1.68396,1.68425,1.00,1.00
2018.01.05 10:00:40.335,1.68398,1.68427,1.00,1.00
2018.01.05 10:00:41.202,1.68397,1.68426,1.00,1.00
2018.01.05 10:00:41.509,1.68403,1.68429,1.00,1.00
2018.01.05 10:00:41.779,1.68401,1.68429,1.50,1.00
2018.01.05 10:00:42.035,1.68399,1.68429,1.00,1.50
2018.01.05 10:00:42.763,1.68399,1.68428,1.00,1.00
2018.01.05 10:00:43.317,1.68399,1.68427,1.00,1.00
2018.01.05 10:00:44.676,1.68395,1.68423,1.00,1.50
2018.01.05 10:00:45.016,1.68395,1.68421,1.00,1.00
2018.01.05 10:00:45.355,1.68398,1.68426,1.00,1.00
2018.01.05 10:00:47.628,1.684,1.68426,1.00,1.00
2018.01.05 10:00:51.087,1.68399,1.68426,1.00,1.00
2018.01.05 10:00:51.646,1.684,1.68426,1.00,1.00
2018.01.05 10:00:52.167,1.68398,1.68426,1.00,1.00
2018.01.05 10:00:52.913,1.68398,1.68424,1.00,1.00
2018.01.05 10:00:53.424,1.68397,1.68424,1.00,1.00
2018.01.05 10:00:54.050,1.68397,1.68423,1.00,1.00
2018.01.05 10:00:54.258,1.68395,1.68422,1.50,1.00
2018.01.05 10:00:54.775,1.68395,1.68421,1.00,1.00
2018.01.05 10:00:54.928,1.68396,1.68419,1.00,1.00
2018.01.05 10:00:55.171,1.68399,1.68423,1.00,1.00
2018.01.05 10:00:56.009,1.68399,1.68425,1.00,1.00
2018.01.05 10:00:56.227,1.684,1.68423,1.00,1.00
2018.01.05 10:00:56.579,1.68403,1.68423,1.00,1.00
2018.01.05 10:00:56.632,1.68402,1.68429,1.00,1.00
2018.01.05 10:00:56.736,1.68404,1.68431,1.00,1.00
2018.01.05 10:00:57.043,1.68407,1.68431,1.00,1.00
2018.01.05 10:00:57.626,1.68406,1.68431,1.50,1.00
2018.01.05 10:00:57.925,1.68407,1.68434,1.00,1.00
2018.01.05 10:00:57.977,1.6841,1.68437,1.00,1.00
2018.01.05 10:00:59.087,1.68411,1.68437,1.00,1.00
2018.01.05 10:00:59.291,1.68406,1.68437,1.00,1.00
2018.01.05 10:00:59.445,1.6841,1.68437,1.00,1.00
2018.01.05 10:00:59.752,1.68403,1.68429,1.00,1.00
2018.01.05 10:00:59.825,1.684,1.68429,1.00,1.00
2018.01.05 10:01:00.787,1.68405,1.68433,1.00,1.50
2018.01.05 10:01:00.940,1.68401,1.6843,1.50,1.00
2018.01.05 10:01:01.043,1.68401,1.68427,1.00,1.00
2018.01.05 10:01:01.094,1.68402,1.68431,1.00,1.00
2018.01.05 10:01:01.234,1.68415,1.68432,1.00,1.00
2018.01.05 10:01:01.286,1.68415,1.68438,1.00,1.00
2018.01.05 10:01:01.490,1.68417,1.68442,1.00,1.00
2018.01.05 10:01:01.592,1.6841,1.68435,1.00,1.00
2018.01.05 10:01:01.643,1.68411,1.68438,1.50,1.00
2018.01.05 10:01:01.794,1.68415,1.68442,1.50,1.50
2018.01.05 10:01:02.087,1.6841,1.68438,1.00,1.00
2018.01.05 10:01:02.291,1.68412,1.6844,1.00,1.00
2018.01.05 10:01:02.597,1.68411,1.68438,1.50,1.00
2018.01.05 10:01:03.116,1.68411,1.68439,1.00,1.50
2018.01.05 10:01:04.325,1.68411,1.68438,1.50,1.00
2018.01.05 10:01:04.642,1.68413,1.68442,1.00,1.00
2018.01.05 10:01:05.245,1.68414,1.68442,1.00,1.00
2018.01.05 10:01:05.594,1.68417,1.68443,1.00,1.00
2018.01.05 10:01:05.697,1.68417,1.68445,1.00,1.00
2018.01.05 10:01:06.201,1.68417,1.68446,1.00,1.00
2018.01.05 10:01:06.688,1.68415,1.68443,1.00,1.00
2018.01.05 10:01:07.334,1.68416,1.68443,1.00,1.00
2018.01.05 10:01:07.849,1.68415,1.68444,1.00,1.00
2018.01.05 10:01:08.191,1.68411,1.68438,1.50,1.00
2018.01.05 10:01:08.909,1.68414,1.68441,1.00,1.00
2018.01.05 10:01:08.960,1.68415,1.68443,1.00,1.00
2018.01.05 10:01:09.217,1.68417,1.68444,1.00,1.00
2018.01.05 10:01:09.319,1.6842,1.68449,1.00,1.00
2018.01.05 10:01:09.421,1.68419,1.68446,1.00,1.00
2018.01.05 10:01:09.625,1.68421,1.6845,1.00,1.00
2018.01.05 10:01:09.678,1.68423,1.68452,1.00,1.50
2018.01.05 10:01:10.005,1.68421,1.6845,1.00,1.50
2018.01.05 10:01:10.312,1.68423,1.6845,1.00,1.00
2018.01.05 10:01:10.836,1.68424,1.6845,1.00,1.00
2018.01.05 10:01:11.373,1.68423,1.6845,1.00,1.00
2018.01.05 10:01:11.694,1.68425,1.68452,1.00,1.00
2018.01.05 10:01:11.848,1.68428,1.68456,1.00,1.00
2018.01.05 10:01:11.951,1.68432,1.68456,1.00,1.00
2018.01.05 10:01:12.003,1.68429,1.68458,1.50,1.00
2018.01.05 10:01:12.567,1.68429,1.68459,1.50,1.00
2018.01.05 10:01:12.879,1.68429,1.68457,1.00,1.00
2018.01.05 10:01:13.452,1.68429,1.68455,1.00,1.00
2018.01.05 10:01:13.813,1.68427,1.68455,1.00,1.50
2018.01.05 10:01:14.361,1.68426,1.68454,1.00,1.50
2018.01.05 10:01:14.647,1.68425,1.6845,1.00,1.00
2018.01.05 10:01:15.187,1.68425,1.68449,1.00,1.50
2018.01.05 10:01:15.688,1.68424,1.68449,1.00,1.00
2018.01.05 10:01:15.873,1.68417,1.68443,1.87,1.00
2018.01.05 10:01:16.381,1.68417,1.68442,1.00,1.00
2018.01.05 10:01:16.928,1.68413,1.68441,1.00,1.00
2018.01.05 10:01:17.689,1.68412,1.68441,1.00,1.00
2018.01.05 10:01:18.114,1.68414,1.68441,1.00,1.00
2018.01.05 10:01:18.438,1.68413,1.68439,1.00,1.00
2018.01.05 10:01:18.715,1.68413,1.68441,1.00,1.00
2018.01.05 10:01:19.532,1.68412,1.68439,1.50,1.00
2018.01.05 10:01:19.789,1.68413,1.68441,1.00,1.00
2018.01.05 10:01:20.305,1.68412,1.68442,1.50,1.00
2018.01.05 10:01:20.863,1.68412,1.68441,1.50,1.00
2018.01.05 10:01:21.373,1.68412,1.6844,1.50,1.00
2018.01.05 10:01:22.204,1.68411,1.6844,1.50,1.50
2018.01.05 10:01:22.999,1.68413,1.68442,1.00,1.00
2018.01.05 10:01:23.390,1.68413,1.6844,1.00,1.00
2018.01.05 10:01:23.443,1.68413,1.68443,1.50,1.00
2018.01.05 10:01:23.838,1.68415,1.68444,1.00,1.50
2018.01.05 10:01:24.477,1.68415,1.68443,1.00,1.00
2018.01.05 10:01:25.200,1.68413,1.68442,1.00,1.00
2018.01.05 10:01:25.254,1.68411,1.68441,1.00,1.00
2018.01.05 10:01:25.653,1.68416,1.68441,1.00,1.00
2018.01.05 10:01:25.754,1.68411,1.68441,1.00,1.00
2018.01.05 10:01:26.255,1.68412,1.68442,1.00,1.00
2018.01.05 10:01:26.895,1.68409,1.6844,1.50,1.00
2018.01.05 10:01:27.809,1.6841,1.6844,1.00,1.50
2018.01.05 10:01:28.436,1.6841,1.68438,1.00,1.50
2018.01.05 10:01:28.488,1.68408,1.68438,1.50,1.50
2018.01.05 10:01:28.738,1.68409,1.68436,1.00,1.00
2018.01.05 10:01:31.319,1.68408,1.68434,1.00,1.00
2018.01.05 10:01:31.421,1.68406,1.68433,1.50,1.00
2018.01.05 10:01:31.928,1.68407,1.68434,1.00,1.00
2018.01.05 10:01:32.902,1.68405,1.68434,1.50,1.00
2018.01.05 10:01:33.359,1.68407,1.68434,1.00,1.00
2018.01.05 10:01:33.850,1.68405,1.68432,1.00,1.00
2018.01.05 10:01:34.120,1.68406,1.68435,1.00,1.00
2018.01.05 10:01:34.906,1.68405,1.68431,1.00,1.00
2018.01.05 10:01:35.133,1.68406,1.68433,1.00,1.00
2018.01.05 10:01:35.188,1.68408,1.68436,1.00,1.00
2018.01.05 10:01:36.728,1.68408,1.68437,1.00,1.00
2018.01.05 10:01:36.876,1.68408,1.68434,1.00,1.00
2018.01.05 10:01:36.979,1.68409,1.68436,1.00,1.50
2018.01.05 10:01:37.324,1.68407,1.68436,1.00,1.50
2018.01.05 10:01:38.249,1.68404,1.68433,1.00,1.00
2018.01.05 10:01:38.568,1.68403,1.6843,2.25,1.00
2018.01.05 10:01:39.536,1.684,1.68427,1.00,1.00
2018.01.05 10:01:39.902,1.684,1.68422,1.00,1.00
2018.01.05 10:01:39.954,1.68396,1.68422,1.00,1.00
2018.01.05 10:01:40.214,1.68395,1.68414,1.00,1.00
2018.01.05 10:01:40.266,1.68386,1.68415,1.00,1.25
2018.01.05 10:01:40.317,1.68389,1.68418,1.00,1.19
2018.01.05 10:01:40.420,1.68391,1.6842,1.69,1.19
2018.01.05 10:01:40.581,1.68391,1.6842,1.87,1.19
2018.01.05 10:01:41.089,1.68391,1.6842,1.87,1.19
2018.01.05 10:01:41.595,1.68392,1.6842,1.25,1.19
2018.01.05 10:01:42.139,1.68391,1.6842,2.62,1.19
2018.01.05 10:01:42.870,1.68391,1.6842,1.87,1.25
2018.01.05 10:01:43.234,1.68394,1.68421,1.00,1.19
2018.01.05 10:01:43.719,1.68392,1.68421,1.87,1.19
2018.01.05 10:01:44.322,1.68393,1.68421,1.00,1.19
2018.01.05 10:01:44.725,1.68396,1.68421,1.00,1.19
2018.01.05 10:01:45.182,1.68398,1.68421,1.00,1.19
2018.01.05 10:01:45.742,1.68398,1.68419,1.00,1.00
2018.01.05 10:01:45.793,1.68394,1.68419,1.00,1.00
2018.01.05 10:01:46.380,1.68392,1.68419,1.44,1.25
2018.01.05 10:01:46.799,1.68394,1.68423,1.00,1.69
2018.01.05 10:01:46.998,1.68394,1.68421,1.00,1.19
2018.01.05 10:01:47.351,1.68385,1.68412,1.19,1.00
2018.01.05 10:01:47.536,1.68385,1.68414,1.19,1.87
2018.01.05 10:01:48.252,1.68387,1.68414,1.25,1.19
2018.01.05 10:01:48.759,1.68387,1.68414,1.00,1.25
2018.01.05 10:01:49.291,1.68388,1.68415,1.00,1.19
2018.01.05 10:01:49.342,1.68389,1.68416,1.00,1.25
2018.01.05 10:01:50.002,1.68389,1.68416,1.25,1.19
2018.01.05 10:01:50.264,1.68384,1.68414,1.50,1.00
2018.01.05 10:01:50.325,1.68389,1.68413,1.00,1.00
2018.01.05 10:01:50.695,1.68385,1.68414,1.00,1.19
2018.01.05 10:01:50.746,1.68385,1.68414,1.19,1.25
2018.01.05 10:01:50.849,1.68388,1.68414,1.00,1.19
2018.01.05 10:01:51.115,1.68386,1.68413,1.00,1.19
2018.01.05 10:01:51.655,1.68386,1.68413,1.00,1.19
2018.01.05 10:01:52.257,1.68385,1.68412,1.19,1.24
2018.01.05 10:01:52.309,1.68385,1.68412,1.25,1.18
2018.01.05 10:01:52.899,1.68386,1.68413,1.00,1.24
2018.01.05 10:01:52.950,1.68389,1.68413,1.00,1.18
2018.01.05 10:01:53.580,1.68389,1.68414,1.00,1.68
2018.01.05 10:01:53.864,1.68386,1.68413,1.69,1.18
2018.01.05 10:01:54.018,1.68388,1.68414,1.00,1.24
2018.01.05 10:01:54.531,1.68391,1.68414,1.00,1.00
2018.01.05 10:01:54.684,1.68393,1.68419,1.50,1.18
2018.01.05 10:01:55.554,1.68393,1.68419,1.00,1.00
2018.01.05 10:01:55.736,1.68393,1.68418,1.00,1.18
2018.01.05 10:01:55.961,1.68384,1.6841,2.44,1.00
2018.01.05 10:01:56.015,1.68381,1.6841,1.25,1.18
2018.01.05 10:01:56.068,1.68379,1.68406,3.00,1.18
2018.01.05 10:01:56.891,1.68379,1.68406,1.00,1.18
2018.01.05 10:01:57.688,1.68379,1.68406,1.00,1.18
2018.01.05 10:01:58.739,1.68378,1.68403,1.00,1.00
2018.01.05 10:01:58.790,1.68374,1.68402,1.25,1.18
2018.01.05 10:01:58.892,1.68374,1.684,1.00,1.18
2018.01.05 10:01:58.944,1.68372,1.684,1.00,1.24
2018.01.05 10:01:59.758,1.68371,1.684,1.00,1.18
2018.01.05 10:02:00.981,1.68371,1.684,1.25,1.18
2018.01.05 10:02:01.614,1.6837,1.68398,1.00,1.24
2018.01.05 10:02:01.728,1.68374,1.68402,1.25,1.18
2018.01.05 10:02:01.830,1.68376,1.68406,1.69,1.31
2018.01.05 10:02:01.933,1.68379,1.68408,1.87,1.24
2018.01.05 10:02:02.436,1.68379,1.68409,1.19,1.24
2018.01.05 10:02:03.759,1.68379,1.68409,1.69,1.43
2018.01.05 10:02:04.293,1.68373,1.68402,1.87,1.00
2018.01.05 10:02:04.344,1.68373,1.684,1.12,1.18
2018.01.05 10:02:04.873,1.68372,1.684,1.25,1.24
2018.01.05 10:02:05.341,1.68368,1.68395,2.44,1.00
2018.01.05 10:02:05.596,1.68365,1.68395,1.19,1.68
2018.01.05 10:02:06.604,1.68364,1.68395,1.44,1.68
2018.01.05 10:02:06.656,1.68365,1.68395,1.19,1.24
2018.01.05 10:02:07.114,1.68363,1.68392,1.87,1.19
2018.01.05 10:02:07.166,1.68363,1.68392,1.87,1.25
2018.01.05 10:02:07.713,1.68363,1.68392,1.87,1.25
2018.01.05 10:02:08.311,1.68363,1.68393,1.69,1.69
2018.01.05 10:02:09.095,1.68363,1.68393,1.25,1.69
2018.01.05 10:02:09.616,1.68363,1.6839,1.19,1.00
2018.01.05 10:02:10.124,1.68363,1.6839,1.25,1.19
2018.01.05 10:02:10.731,1.68362,1.68392,1.19,1.19
2018.01.05 10:02:10.834,1.6836,1.6839,2.06,1.19
2018.01.05 10:02:11.494,1.6836,1.6839,1.19,1.19
2018.01.05 10:02:12.359,1.6836,1.6839,1.19,1.19
2018.01.05 10:02:13.282,1.68359,1.68387,1.37,1.00
2018.01.05 10:02:13.540,1.68354,1.68384,1.87,1.19
2018.01.05 10:02:13.745,1.68356,1.68386,1.44,1.19
2018.01.05 10:02:13.999,1.6836,1.68386,1.00,1.19
2018.01.05 10:02:14.466,1.68361,1.68389,1.25,1.19
2018.01.05 10:02:14.744,1.68361,1.68389,1.00,1.19
2018.01.05 10:02:15.253,1.68362,1.68389,1.00,1.19
2018.01.05 10:02:15.304,1.6836,1.68389,1.12,1.19
2018.01.05 10:02:15.805,1.6836,1.68389,1.87,1.19
2018.01.05 10:02:15.857,1.68359,1.68384,1.00,1.19
2018.01.05 10:02:16.215,1.68356,1.68384,1.87,1.19
2018.01.05 10:02:16.600,1.6836,1.68384,1.00,1.19
2018.01.05 10:02:16.911,1.6836,1.68386,1.00,1.19
2018.01.05 10:02:17.924,1.6836,1.68386,1.00,1.19
2018.01.05 10:02:18.464,1.6836,1.68386,1.00,1.19
2018.01.05 10:02:18.690,1.68356,1.68386,1.87,1.19
2018.01.05 10:02:18.793,1.68358,1.68388,1.25,1.19
2018.01.05 10:02:18.844,1.68362,1.68389,1.00,1.19
2018.01.05 10:02:19.545,1.68362,1.68389,1.00,1.25
2018.01.05 10:02:19.913,1.68361,1.68387,1.00,1.19
2018.01.05 10:02:20.307,1.68363,1.68387,1.00,1.19
2018.01.05 10:02:21.139,1.68359,1.68387,1.69,1.25
2018.01.05 10:02:21.768,1.6836,1.68387,1.25,1.19
2018.01.05 10:02:22.350,1.68358,1.68387,1.44,1.19
2018.01.05 10:02:24.845,1.68358,1.68387,1.00,1.19
2018.01.05 10:02:25.323,1.6836,1.68387,1.00,1.19
2018.01.05 10:02:25.785,1.68358,1.68387,1.00,1.19
2018.01.05 10:02:27.381,1.68359,1.68387,1.00,1.19
2018.01.05 10:02:28.304,1.68359,1.68387,1.00,1.25
2018.01.05 10:02:29.145,1.68359,1.68387,1.25,1.19
2018.01.05 10:02:31.941,1.68359,1.68387,1.50,1.19
2018.01.05 10:02:32.782,1.68358,1.68386,1.87,1.25
2018.01.05 10:02:33.427,1.68356,1.68387,2.62,1.19
2018.01.05 10:02:34.282,1.68358,1.68387,1.87,1.19
2018.01.05 10:02:34.333,1.6836,1.68388,1.25,1.25
2018.01.05 10:02:34.899,1.6836,1.68388,1.19,1.19
2018.01.05 10:02:36.368,1.6836,1.68388,1.25,1.25
2018.01.05 10:02:37.242,1.6836,1.68388,1.19,1.37
2018.01.05 10:02:37.355,1.68355,1.68389,1.19,1.87
2018.01.05 10:02:37.420,1.68355,1.68386,1.19,1.00
2018.01.05 10:02:37.729,1.68356,1.68385,1.69,1.19
2018.01.05 10:02:38.435,1.68356,1.68385,1.19,1.25
2018.01.05 10:02:38.741,1.68352,1.6838,1.19,1.19
2018.01.05 10:02:39.389,1.68352,1.6838,1.44,1.25
2018.01.05 10:02:39.939,1.68352,1.6838,1.25,1.25
2018.01.05 10:02:40.538,1.68352,1.6838,1.69,1.19
2018.01.05 10:02:40.852,1.68355,1.68383,1.12,1.19
2018.01.05 10:02:41.463,1.68355,1.68383,1.25,1.19
2018.01.05 10:02:41.993,1.68355,1.68383,1.25,1.25
2018.01.05 10:02:42.294,1.68353,1.6838,1.00,1.19
2018.01.05 10:02:42.880,1.68354,1.6838,1.00,1.19
2018.01.05 10:02:42.932,1.68355,1.68385,1.25,1.37
2018.01.05 10:02:42.983,1.68359,1.68386,1.00,1.19
2018.01.05 10:02:43.165,1.68364,1.68392,2.44,1.19
2018.01.05 10:02:44.050,1.68365,1.68393,1.19,1.19
2018.01.05 10:02:44.329,1.68366,1.68397,1.19,1.50
2018.01.05 10:02:44.381,1.68364,1.6839,1.00,1.44
2018.01.05 10:02:44.655,1.68365,1.68393,1.19,1.37
2018.01.05 10:02:45.320,1.68365,1.68393,1.25,1.44
2018.01.05 10:02:45.627,1.68363,1.6839,1.00,1.44
2018.01.05 10:02:46.144,1.68363,1.6839,1.00,1.12
2018.01.05 10:02:46.664,1.68364,1.6839,1.00,1.19
2018.01.05 10:02:46.818,1.68361,1.68389,1.00,1.37
2018.01.05 10:02:47.770,1.68359,1.68387,2.25,1.25
2018.01.05 10:02:48.645,1.6836,1.68387,1.25,1.37
2018.01.05 10:02:49.101,1.68363,1.68391,1.19,1.12
2018.01.05 10:02:49.203,1.68365,1.68397,1.69,1.87
2018.01.05 10:02:49.711,1.68365,1.68398,1.69,1.56
2018.01.05 10:02:49.909,1.68369,1.68398,1.00,1.56
2018.01.05 10:02:50.311,1.68372,1.68399,1.00,1.37
2018.01.05 10:02:50.464,1.68372,1.68401,1.00,1.37
2018.01.05 10:02:51.778,1.68372,1.68401,1.00,1.37
2018.01.05 10:02:51.940,1.68373,1.68401,1.00,1.44
2018.01.05 10:02:52.438,1.68376,1.68403,1.00,1.44
2018.01.05 10:02:53.912,1.68376,1.68403,1.00,1.37
2018.01.05 10:02:55.207,1.68373,1.68401,1.00,1.37
2018.01.05 10:02:55.952,1.68373,1.684,1.00,1.25
2018.01.05 10:02:56.245,1.68373,1.684,1.00,1.37
2018.01.05 10:02:56.817,1.68373,1.684,1.00,1.44
2018.01.05 10:02:57.805,1.68373,1.684,1.00,1.37
2018.01.05 10:02:57.917,1.68373,1.68403,1.00,1.37
2018.01.05 10:02:58.019,1.68374,1.68404,1.19,1.44
2018.01.05 10:02:58.342,1.68379,1.68407,1.00,1.56
2018.01.05 10:02:58.546,1.6838,1.68409,1.00,1.44
2018.01.05 10:02:59.082,1.6838,1.6841,1.50,1.44
2018.01.05 10:02:59.632,1.68381,1.6841,1.00,1.25
2018.01.05 10:03:00.154,1.68381,1.6841,1.25,1.81
2018.01.05 10:03:00.496,1.68372,1.68399,1.00,1.12
2018.01.05 10:03:00.598,1.68376,1.68406,1.25,2.25
2018.01.05 10:03:00.878,1.68379,1.68407,1.25,1.19
2018.01.05 10:03:01.184,1.68381,1.68409,1.00,1.44
2018.01.05 10:03:01.743,1.68381,1.68405,1.00,1.37
2018.01.05 10:03:01.793,1.68375,1.68401,1.00,1.44
2018.01.05 10:03:02.294,1.68374,1.68401,1.69,1.19
2018.01.05 10:03:02.842,1.68374,1.68401,1.69,1.25
2018.01.05 10:03:03.522,1.68374,1.68401,1.25,1.19
2018.01.05 10:03:04.755,1.68374,1.68402,1.19,1.19
2018.01.05 10:03:06.446,1.68373,1.68402,1.69,1.12
2018.01.05 10:03:06.497,1.68373,1.684,1.25,1.25
2018.01.05 10:03:07.137,1.68378,1.68405,1.00,1.37
2018.01.05 10:03:07.239,1.68381,1.68409,1.25,1.37
2018.01.05 10:03:07.918,1.68382,1.68409,1.00,1.44
2018.01.05 10:03:08.264,1.68381,1.68403,1.25,1.00
2018.01.05 10:03:08.315,1.68376,1.68403,1.25,1.44
2018.01.05 10:03:08.857,1.68373,1.684,2.44,1.44
2018.01.05 10:03:09.391,1.68374,1.684,1.19,1.44
2018.01.05 10:03:09.922,1.68374,1.68402,1.25,1.50
2018.01.05 10:03:10.594,1.68375,1.68402,1.00,1.44
2018.01.05 10:03:10.747,1.68376,1.68402,1.25,1.12
2018.01.05 10:03:10.799,1.68377,1.68405,1.25,1.19
2018.01.05 10:03:11.003,1.6838,1.68408,1.25,1.44
2018.01.05 10:03:11.375,1.68382,1.68408,1.00,1.19
2018.01.05 10:03:11.708,1.68382,1.68406,1.00,1.19
2018.01.05 10:03:12.792,1.68388,1.68416,1.00,1.37
2018.01.05 10:03:12.996,1.68389,1.68419,1.25,1.69
2018.01.05 10:03:13.500,1.68389,1.68419,1.19,1.50
2018.01.05 10:03:13.749,1.68389,1.68417,1.19,1.56
2018.01.05 10:03:13.964,1.68382,1.6841,1.69,1.37
2018.01.05 10:03:14.175,1.68382,1.68409,1.00,1.37
2018.01.05 10:03:14.278,1.68382,1.68409,1.00,1.37
2018.01.05 10:03:14.800,1.68382,1.68409,1.00,1.37
2018.01.05 10:03:15.120,1.68382,1.6841,1.25,1.44
2018.01.05 10:03:15.699,1.68382,1.6841,1.19,1.44
2018.01.05 10:03:16.236,1.68382,1.6841,1.19,1.37
2018.01.05 10:03:16.287,1.68385,1.68412,1.00,1.50
2018.01.05 10:03:16.338,1.68385,1.68412,1.00,1.44
2018.01.05 10:03:16.392,1.68384,1.68411,1.25,1.37
2018.01.05 10:03:17.159,1.68382,1.68409,1.69,1.44
2018.01.05 10:03:17.704,1.68382,1.68409,1.50,1.25
2018.01.05 10:03:18.607,1.68382,1.68409,1.69,1.19
2018.01.05 10:03:18.932,1.68383,1.68412,1.25,1.19
2018.01.05 10:03:18.983,1.68386,1.68411,1.00,1.25
2018.01.05 10:03:19.685,1.68391,1.68419,1.00,1.75
2018.01.05 10:03:19.737,1.68391,1.68419,1.69,1.44
2018.01.05 10:03:19.895,1.68392,1.68424,1.19,2.25
2018.01.05 10:03:20.404,1.68392,1.68419,1.25,1.25
2018.01.05 10:03:20.710,1.68387,1.68414,1.19,1.25
2018.01.05 10:03:21.035,1.68387,1.68414,1.25,1.37
2018.01.05 10:03:21.575,1.68387,1.68414,1.00,1.37
2018.01.05 10:03:24.202,1.68389,1.68419,1.19,1.37
2018.01.05 10:03:24.253,1.68393,1.68419,1.00,1.37
2018.01.05 10:03:24.566,1.68393,1.68415,1.00,1.19
2018.01.05 10:03:24.820,1.68392,1.68417,1.00,1.25
2018.01.05 10:03:25.366,1.68393,1.68418,1.00,1.37
2018.01.05 10:03:25.418,1.68392,1.68418,1.00,1.12
2018.01.05 10:03:25.761,1.68395,1.68423,1.00,1.37
2018.01.05 10:03:25.812,1.68395,1.68423,1.19,1.12
2018.01.05 10:03:25.863,1.68396,1.68426,1.56,1.25
2018.01.05 10:03:26.070,1.68397,1.68432,2.10,2.06
2018.01.05 10:03:26.121,1.684,1.68432,1.00,2.06
2018.01.05 10:03:26.464,1.68397,1.68428,1.19,2.25
2018.01.05 10:03:26.812,1.68397,1.68428,1.19,1.25
2018.01.05 10:03:27.017,1.68397,1.68423,1.00,1.50
2018.01.05 10:03:27.069,1.68393,1.68421,1.50,1.44
2018.01.05 10:03:27.492,1.68391,1.68422,1.00,1.25
2018.01.05 10:03:27.543,1.68393,1.68424,1.00,1.69
2018.01.05 10:03:27.849,1.6839,1.68419,1.00,1.19
2018.01.05 10:03:28.188,1.68395,1.68423,1.00,1.87
2018.01.05 10:03:28.517,1.68392,1.68422,1.19,1.37
2018.01.05 10:03:28.569,1.68391,1.68419,1.50,1.44
2018.01.05 10:03:28.874,1.68388,1.68418,1.37,1.37
2018.01.05 10:03:29.178,1.6839,1.68418,1.19,1.37
2018.01.05 10:03:29.685,1.6839,1.68418,1.25,1.12
2018.01.05 10:03:29.889,1.68388,1.68418,1.25,1.44
2018.01.05 10:03:30.093,1.68388,1.68416,1.69,1.19
2018.01.05 10:03:30.864,1.68388,1.68416,1.25,1.25
2018.01.05 10:03:31.297,1.68386,1.68414,1.69,1.25
2018.01.05 10:03:31.617,1.68386,1.68416,1.19,1.37
2018.01.05 10:03:32.107,1.68385,1.68411,1.50,1.25
2018.01.05 10:03:32.623,1.68385,1.68411,1.50,1.19
2018.01.05 10:03:32.830,1.68395,1.68424,1.69,1.37
2018.01.05 10:03:33.476,1.68395,1.68424,1.19,1.37
2018.01.05 10:03:33.797,1.68397,1.68425,1.19,1.19
2018.01.05 10:03:34.139,1.68391,1.68421,1.44,1.19
2018.01.05 10:03:34.649,1.68391,1.68418,1.00,1.25
2018.01.05 10:03:35.195,1.68391,1.68418,1.50,1.19
2018.01.05 10:03:35.699,1.6839,1.68417,3.00,1.19
2018.01.05 10:03:36.248,1.6839,1.68417,1.25,1.19
2018.01.05 10:03:36.299,1.6839,1.68418,1.87,1.25
2018.01.05 10:03:36.498,1.68393,1.68421,1.50,1.19
2018.01.05 10:03:36.703,1.68392,1.6842,1.00,1.19
2018.01.05 10:03:37.231,1.68393,1.6842,1.00,1.25
2018.01.05 10:03:37.771,1.68391,1.6842,1.25,1.19
2018.01.05 10:03:38.363,1.68392,1.6842,1.25,1.19
2018.01.05 10:03:39.436,1.68395,1.68425,1.25,1.69
2018.01.05 10:03:39.488,1.68399,1.68428,1.25,1.87
2018.01.05 10:03:39.940,1.68401,1.6843,1.19,1.37
2018.01.05 10:03:40.486,1.68399,1.68427,2.44,1.44
2018.01.05 10:03:40.851,1.68394,1.68421,1.25,1.19
2018.01.05 10:03:41.694,1.68394,1.6842,1.50,1.19
2018.01.05 10:03:42.263,1.68394,1.6842,1.50,1.25
2018.01.05 10:03:43.427,1.68396,1.68421,1.00,1.19
2018.01.05 10:03:43.896,1.68391,1.68396,1.00,1.25
2018.01.05 10:03:43.947,1.68379,1.68388,1.00,1.00
2018.01.05 10:03:43.999,1.68374,1.68388,1.00,1.13
2018.01.05 10:03:44.051,1.6836,1.68389,1.25,1.19
2018.01.05 10:03:44.102,1.68362,1.68389,1.00,1.37
2018.01.05 10:03:44.205,1.6836,1.68391,1.25,1.44
2018.01.05 10:03:44.541,1.6836,1.68393,1.31,1.37
2018.01.05 10:03:44.976,1.68364,1.68393,1.19,1.19
2018.01.05 10:03:45.289,1.68367,1.68394,1.00,1.19
2018.01.05 10:03:46.111,1.68367,1.68395,1.00,1.19
2018.01.05 10:03:46.694,1.68365,1.68395,1.37,1.19
2018.01.05 10:03:47.381,1.68365,1.68395,1.31,1.19
2018.01.05 10:03:47.898,1.68371,1.68399,1.00,2.25
2018.01.05 10:03:48.202,1.68377,1.68406,1.25,1.19
2018.01.05 10:03:48.723,1.68377,1.68406,1.25,1.19
2018.01.05 10:03:49.224,1.68377,1.68406,1.38,1.38
2018.01.05 10:03:49.755,1.68377,1.68406,1.13,1.13
2018.01.05 10:03:50.132,1.68378,1.68406,1.13,1.38
2018.01.05 10:03:50.763,1.68378,1.68406,1.00,1.44
2018.01.05 10:03:51.313,1.68378,1.68406,1.31,1.38
2018.01.05 10:03:51.823,1.68378,1.68406,1.00,1.44
2018.01.05 10:03:52.894,1.68378,1.68406,1.31,1.38
2018.01.05 10:03:53.955,1.68379,1.68407,1.63,1.88
2018.01.05 10:03:54.108,1.68382,1.68411,1.25,1.88
2018.01.05 10:03:54.953,1.68382,1.68411,1.38,1.63
2018.01.05 10:03:55.073,1.68382,1.68412,1.63,1.88
2018.01.05 10:03:55.125,1.68385,1.68413,1.38,1.38
2018.01.05 10:03:55.329,1.68391,1.68417,1.25,1.00
2018.01.05 10:03:55.381,1.68391,1.68419,1.00,1.25
2018.01.05 10:03:55.834,1.68392,1.68418,1.38,1.00
2018.01.05 10:03:55.936,1.68396,1.68424,1.25,1.87
2018.01.05 10:03:56.090,1.68396,1.68424,1.38,1.12
2018.01.05 10:03:56.601,1.68396,1.68424,1.38,2.06
2018.01.05 10:03:57.173,1.68396,1.68424,1.38,2.06
2018.01.05 10:03:57.224,1.68396,1.68424,1.25,2.06
2018.01.05 10:03:57.327,1.68391,1.68419,1.38,1.25
2018.01.05 10:03:57.431,1.68388,1.68417,1.19,1.31
2018.01.05 10:03:57.567,1.68387,1.68415,1.38,1.50
2018.01.05 10:03:58.098,1.68389,1.68417,1.37,1.38
2018.01.05 10:03:58.675,1.68389,1.68417,1.19,1.44
2018.01.05 10:03:59.209,1.68388,1.68415,1.44,1.38
2018.01.05 10:03:59.261,1.68388,1.68415,1.25,1.44
2018.01.05 10:03:59.859,1.68387,1.68415,1.25,1.38
2018.01.05 10:04:00.666,1.68387,1.68415,1.25,1.25
2018.01.05 10:04:00.768,1.68388,1.68416,1.38,1.38
2018.01.05 10:04:01.146,1.6839,1.68419,1.38,2.63
2018.01.05 10:04:01.198,1.68391,1.68419,1.38,1.38
2018.01.05 10:04:01.301,1.68392,1.68421,1.56,1.38
2018.01.05 10:04:01.404,1.68393,1.68423,2.06,1.38
2018.01.05 10:04:01.952,1.68393,1.68423,1.38,1.44
2018.01.05 10:04:02.157,1.68395,1.68421,1.56,1.00
2018.01.05 10:04:02.261,1.68397,1.68425,1.63,1.38
2018.01.05 10:04:02.857,1.68397,1.68422,1.19,1.00
2018.01.05 10:04:03.398,1.68397,1.68421,1.44,1.00
2018.01.05 10:04:03.841,1.68395,1.68419,1.56,1.00
2018.01.05 10:04:03.893,1.68393,1.68417,1.56,1.00
2018.01.05 10:04:03.944,1.68394,1.6842,1.63,1.00
2018.01.05 10:04:03.996,1.68394,1.68418,1.44,1.00
2018.01.05 10:04:04.524,1.68393,1.68417,1.63,1.00
2018.01.05 10:04:05.438,1.68393,1.68417,1.56,1.00
2018.01.05 10:04:07.349,1.68393,1.68417,1.63,1.00
2018.01.05 10:04:07.567,1.68392,1.68416,1.38,1.00
2018.01.05 10:04:08.076,1.68391,1.68418,1.87,1.19
2018.01.05 10:04:08.303,1.68391,1.68415,1.44,1.00
2018.01.05 10:04:08.354,1.68391,1.68418,1.44,1.19
2018.01.05 10:04:08.873,1.68391,1.68418,1.38,1.19
2018.01.05 10:04:09.585,1.68388,1.68417,2.06,1.00
2018.01.05 10:04:09.636,1.68388,1.68417,1.25,1.63
2018.01.05 10:04:09.687,1.68389,1.68411,1.00,1.19
2018.01.05 10:04:09.739,1.68384,1.68411,1.56,1.19
2018.01.05 10:04:10.001,1.68382,1.68412,1.44,1.38
2018.01.05 10:04:10.523,1.68382,1.68412,1.37,1.69
2018.01.05 10:04:11.036,1.68385,1.68413,1.38,1.69
2018.01.05 10:04:11.624,1.68387,1.68412,1.25,1.25
2018.01.05 10:04:11.676,1.68387,1.68417,1.56,1.44
2018.01.05 10:04:11.832,1.68392,1.6842,1.56,1.50
2018.01.05 10:04:12.209,1.68394,1.68422,1.63,1.19
2018.01.05 10:04:12.311,1.68399,1.68427,1.25,1.19
2018.01.05 10:04:12.762,1.684,1.68426,1.00,1.19
2018.01.05 10:04:13.288,1.68399,1.68426,1.31,1.19
2018.01.05 10:04:13.792,1.684,1.68426,1.00,1.19
2018.01.05 10:04:14.576,1.68399,1.68426,1.13,1.19
2018.01.05 10:04:14.627,1.684,1.68427,1.63,1.19
2018.01.05 10:04:14.730,1.68404,1.6843,1.00,1.19
2018.01.05 10:04:14.782,1.68403,1.68432,1.88,1.19
2018.01.05 10:04:15.457,1.68404,1.68432,1.88,1.18
2018.01.05 10:04:16.053,1.68404,1.68433,1.87,1.18
2018.01.05 10:04:16.274,1.68404,1.68431,1.69,1.24
2018.01.05 10:04:16.551,1.68404,1.68431,2.06,1.18
2018.01.05 10:04:16.756,1.68404,1.68433,2.06,1.18
2018.01.05 10:04:16.807,1.68404,1.68433,3.19,1.43
2018.01.05 10:04:17.310,1.68405,1.68434,1.44,1.18
2018.01.05 10:04:17.618,1.68407,1.68435,2.06,1.43
2018.01.05 10:04:17.669,1.6841,1.68438,1.25,1.68
2018.01.05 10:04:18.199,1.6841,1.68438,1.44,1.18
2018.01.05 10:04:18.704,1.6841,1.68438,1.38,1.18
2018.01.05 10:04:20.124,1.6841,1.6844,1.38,1.43
2018.01.05 10:04:20.659,1.68411,1.68441,1.00,1.43
2018.01.05 10:04:20.824,1.68411,1.68441,1.63,1.62
2018.01.05 10:04:21.325,1.68414,1.68441,1.00,1.56
2018.01.05 10:04:21.721,1.68414,1.68443,1.38,2.06
2018.01.05 10:04:22.157,1.68415,1.68443,1.25,2.06
2018.01.05 10:04:22.413,1.68408,1.68435,1.38,1.00
2018.01.05 10:04:22.515,1.68407,1.68433,1.38,1.00
2018.01.05 10:04:22.567,1.68404,1.68433,1.25,1.56
2018.01.05 10:04:22.758,1.68399,1.68427,1.19,1.00
2018.01.05 10:04:22.810,1.68402,1.6843,1.00,1.37
2018.01.05 10:04:23.353,1.68404,1.6843,1.00,1.43
2018.01.05 10:04:23.508,1.68398,1.68425,1.88,1.24
2018.01.05 10:04:24.512,1.68397,1.68426,1.56,1.18
2018.01.05 10:04:24.563,1.68397,1.68426,1.44,1.24
2018.01.05 10:04:25.085,1.68397,1.68426,1.38,1.43
2018.01.05 10:04:25.614,1.68397,1.68426,1.44,1.24
2018.01.05 10:04:26.042,1.68394,1.68423,2.06,1.18
2018.01.05 10:04:26.591,1.68394,1.68424,1.56,1.18
2018.01.05 10:04:27.009,1.68396,1.68424,1.13,1.68
2018.01.05 10:04:27.348,1.68394,1.68422,1.56,1.00
2018.01.05 10:04:27.657,1.68394,1.6842,1.63,1.00
2018.01.05 10:04:27.947,1.68394,1.68423,1.56,1.18
2018.01.05 10:04:28.252,1.68398,1.68425,1.63,1.24
2018.01.05 10:04:28.612,1.684,1.68427,1.38,1.13
2018.01.05 10:04:28.918,1.68406,1.68433,1.25,1.62
2018.01.05 10:04:29.021,1.68398,1.68426,1.44,1.56
2018.01.05 10:04:29.225,1.68398,1.68425,1.25,1.13
2018.01.05 10:04:29.794,1.68398,1.68425,1.44,1.62
2018.01.05 10:04:30.295,1.68398,1.68425,1.25,1.00
2018.01.05 10:04:30.805,1.68397,1.68425,1.38,1.56
2018.01.05 10:04:31.254,1.68397,1.68421,1.00,1.00
2018.01.05 10:04:31.408,1.68393,1.68419,1.25,1.19
2018.01.05 10:04:31.459,1.68395,1.68423,1.38,1.37
2018.01.05 10:04:31.768,1.68397,1.68426,1.38,1.38
2018.01.05 10:04:31.819,1.68397,1.68424,1.38,1.63
2018.01.05 10:04:32.057,1.68393,1.68421,1.88,1.38
2018.01.05 10:04:32.108,1.68393,1.68421,1.44,1.31
2018.01.05 10:04:32.666,1.68393,1.68421,1.38,1.56
2018.01.05 10:04:33.130,1.68393,1.6842,1.25,1.63
2018.01.05 10:04:33.456,1.68393,1.6842,1.44,1.56
2018.01.05 10:04:33.559,1.68393,1.6842,1.00,1.44
2018.01.05 10:04:34.079,1.68393,1.6842,1.44,1.56
2018.01.05 10:04:34.767,1.68393,1.68421,1.88,1.56
2018.01.05 10:04:35.137,1.68391,1.68417,1.44,1.63
2018.01.05 10:04:35.361,1.6839,1.68418,1.44,1.12
2018.01.05 10:04:35.590,1.6839,1.68418,1.38,1.56
2018.01.05 10:04:36.268,1.6839,1.68418,1.38,1.56
2018.01.05 10:04:36.784,1.68391,1.68418,1.25,1.44
2018.01.05 10:04:36.836,1.68396,1.68419,1.00,1.38
2018.01.05 10:04:37.142,1.68398,1.68423,1.38,1.38
2018.01.05 10:04:37.638,1.68397,1.68425,1.44,1.88
2018.01.05 10:04:37.995,1.68396,1.68424,1.38,2.06
2018.01.05 10:04:38.101,1.68395,1.68423,1.44,1.63
2018.01.05 10:04:38.435,1.68392,1.68419,1.88,1.25
2018.01.05 10:04:38.612,1.6839,1.68418,1.88,1.44
2018.01.05 10:04:39.556,1.6839,1.68417,1.50,1.31
2018.01.05 10:04:40.005,1.68388,1.68416,1.88,1.63
2018.01.05 10:04:40.108,1.68386,1.68413,2.81,1.38
2018.01.05 10:04:40.333,1.68387,1.68417,1.69,1.44
2018.01.05 10:04:40.384,1.68389,1.68418,1.25,1.37
2018.01.05 10:04:40.889,1.68389,1.68418,1.44,1.56
2018.01.05 10:04:41.626,1.68392,1.6842,1.38,2.06
2018.01.05 10:04:41.678,1.68392,1.6842,1.25,1.87
2018.01.05 10:04:41.729,1.68392,1.68419,1.00,1.38
2018.01.05 10:04:42.094,1.68392,1.68422,1.63,1.38
2018.01.05 10:04:42.606,1.68394,1.68422,1.44,1.44
2018.01.05 10:04:43.147,1.68394,1.68422,1.25,1.44
2018.01.05 10:04:43.708,1.68394,1.68422,1.44,1.63
2018.01.05 10:04:44.405,1.68394,1.68422,1.25,1.44
2018.01.05 10:04:44.945,1.68394,1.68422,1.44,1.44
2018.01.05 10:04:45.549,1.68394,1.68422,1.25,1.44
2018.01.05 10:04:46.203,1.68393,1.68422,2.06,1.44
2018.01.05 10:04:46.305,1.68394,1.68422,1.13,1.25
2018.01.05 10:04:46.874,1.68394,1.68422,2.63,1.44
2018.01.05 10:04:47.026,1.68394,1.68427,1.00,1.44
2018.01.05 10:04:47.549,1.68395,1.68424,1.38,1.56
2018.01.05 10:04:48.186,1.68394,1.68424,1.88,1.31
2018.01.05 10:04:48.703,1.68394,1.68424,1.38,1.56
2018.01.05 10:04:49.212,1.68394,1.68424,1.44,1.31
2018.01.05 10:04:50.130,1.68394,1.68424,1.88,1.56
2018.01.05 10:04:50.484,1.68393,1.6842,1.38,1.00
2018.01.05 10:04:50.535,1.68389,1.68421,2.63,1.56
2018.01.05 10:04:51.434,1.68392,1.68421,1.25,1.31
2018.01.05 10:04:51.587,1.68392,1.68421,1.00,1.44
2018.01.05 10:04:52.115,1.68392,1.68421,1.25,1.31
2018.01.05 10:04:52.319,1.68389,1.6842,1.88,1.44
2018.01.05 10:04:52.778,1.6839,1.68419,1.50,1.44
2018.01.05 10:04:53.843,1.68391,1.6842,1.44,1.31
2018.01.05 10:04:54.008,1.68392,1.68422,1.38,1.63
2018.01.05 10:04:54.111,1.68395,1.68424,1.38,1.00
2018.01.05 10:04:54.251,1.68401,1.68431,1.44,2.06
2018.01.05 10:04:54.762,1.684,1.6843,1.44,1.63
2018.01.05 10:04:55.108,1.684,1.68429,1.19,1.56
2018.01.05 10:04:55.160,1.68397,1.68427,1.69,1.81
2018.01.05 10:04:55.211,1.68395,1.68423,1.88,1.38
2018.01.05 10:04:55.518,1.68398,1.68426,1.38,1.56
2018.01.05 10:04:56.201,1.68398,1.68426,1.38,1.56
2018.01.05 10:04:56.724,1.68399,1.68428,1.38,1.56
2018.01.05 10:04:56.775,1.684,1.68427,1.38,1.88
2018.01.05 10:04:56.829,1.684,1.68427,1.44,1.56
2018.01.05 10:04:56.884,1.68402,1.6843,1.44,1.63
2018.01.05 10:04:57.144,1.68406,1.68431,1.25,1.38
2018.01.05 10:04:57.196,1.68404,1.68431,1.19,1.38
2018.01.05 10:04:57.247,1.68404,1.68432,1.19,1.69
2018.01.05 10:04:57.299,1.68402,1.68431,1.19,2.25
2018.01.05 10:04:57.350,1.68402,1.68429,1.19,1.38
2018.01.05 10:04:57.453,1.68399,1.68426,1.88,1.56
2018.01.05 10:04:58.089,1.68399,1.68426,1.25,1.63
2018.01.05 10:04:58.609,1.68398,1.68427,1.38,2.25
2018.01.05 10:04:59.100,1.68397,1.68427,2.63,1.37
2018.01.05 10:04:59.285,1.68402,1.68427,1.00,1.63
2018.01.05 10:04:59.851,1.68398,1.68428,1.38,1.63
2018.01.05 10:05:00.352,1.68398,1.68428,1.38,2.06
2018.01.05 10:05:00.557,1.68393,1.6842,1.25,1.44
2018.01.05 10:05:00.866,1.68394,1.68423,1.38,1.56
2018.01.05 10:05:01.423,1.68394,1.68423,1.88,1.63
2018.01.05 10:05:02.005,1.68394,1.68423,1.19,1.44
2018.01.05 10:05:02.490,1.68395,1.68423,1.25,1.25
2018.01.05 10:05:02.593,1.68395,1.68423,1.88,1.38
2018.01.05 10:05:03.288,1.68395,1.68423,1.69,1.25
2018.01.05 10:05:03.339,1.68395,1.68423,2.06,1.19
2018.01.05 10:05:04.471,1.68395,1.68423,1.88,1.13
2018.01.05 10:05:06.176,1.68395,1.68423,2.06,1.38
2018.01.05 10:05:07.233,1.68395,1.68423,1.44,1.25
2018.01.05 10:05:07.749,1.68397,1.68425,1.13,1.56
2018.01.05 10:05:08.072,1.68398,1.68428,1.13,1.63
2018.01.05 10:05:08.124,1.68401,1.68429,1.00,1.19
2018.01.05 10:05:08.642,1.68399,1.68429,1.88,1.44
2018.01.05 10:05:09.145,1.68399,1.68429,1.88,1.56
2018.01.05 10:05:09.248,1.68399,1.68429,1.19,1.44
2018.01.05 10:05:09.299,1.68399,1.68427,1.37,1.19
2018.01.05 10:05:09.846,1.68399,1.68427,1.56,1.19
2018.01.05 10:05:10.543,1.68399,1.68427,1.31,1.25
2018.01.05 10:05:11.056,1.68399,1.68428,1.31,1.13
2018.01.05 10:05:11.417,1.684,1.68428,1.44,1.44
2018.01.05 10:05:11.468,1.684,1.68428,1.31,1.25
2018.01.05 10:05:11.971,1.68399,1.68427,1.56,1.13
2018.01.05 10:05:12.492,1.68399,1.68427,1.38,1.25
2018.01.05 10:05:13.143,1.68416,1.68437,1.00,1.25
2018.01.05 10:05:13.195,1.68426,1.6845,1.00,1.19
2018.01.05 10:05:13.246,1.68432,1.68455,1.25,1.00
2018.01.05 10:05:13.298,1.68432,1.68465,2.06,1.00
2018.01.05 10:05:13.351,1.68436,1.6847,1.00,2.44
2018.01.05 10:05:13.402,1.68436,1.68467,1.00,1.56
2018.01.05 10:05:13.504,1.68427,1.68459,1.00,1.00
2018.01.05 10:05:13.556,1.68427,1.68452,1.25,1.25
2018.01.05 10:05:13.609,1.68425,1.68451,1.25,1.00
2018.01.05 10:05:13.786,1.68421,1.68449,1.19,1.00
2018.01.05 10:05:14.041,1.68421,1.68449,1.19,1.19
2018.01.05 10:05:14.745,1.68421,1.68449,1.25,1.25
2018.01.05 10:05:15.503,1.68421,1.68449,1.19,1.19
2018.01.05 10:05:15.664,1.68418,1.68448,1.44,1.19
2018.01.05 10:05:16.166,1.68418,1.68448,2.06,1.19
2018.01.05 10:05:16.707,1.68418,1.68448,1.63,1.19
2018.01.05 10:05:17.226,1.68418,1.68448,1.56,1.19
2018.01.05 10:05:17.786,1.68418,1.68448,1.56,1.19
2018.01.05 10:05:18.401,1.68418,1.68448,1.56,1.19
2018.01.05 10:05:19.639,1.68418,1.68448,1.88,1.44
2018.01.05 10:05:20.510,1.68418,1.68446,2.06,1.25
2018.01.05 10:05:20.754,1.68418,1.68446,2.06,1.25
2018.01.05 10:05:21.792,1.68418,1.68446,2.06,1.19
2018.01.05 10:05:22.735,1.68418,1.68446,1.63,1.19
2018.01.05 10:05:23.337,1.68418,1.68446,1.38,1.19
2018.01.05 10:05:24.445,1.68418,1.68446,1.63,1.19
2018.01.05 10:05:24.547,1.68418,1.68446,1.25,1.19
2018.01.05 10:05:25.346,1.68418,1.68446,1.31,1.19
2018.01.05 10:05:25.867,1.68418,1.68446,1.25,1.19
2018.01.05 10:05:28.134,1.68416,1.68443,1.63,1.19
2018.01.05 10:05:28.632,1.68416,1.68445,1.63,1.44
2018.01.05 10:05:29.167,1.68415,1.68445,1.56,1.38
2018.01.05 10:05:29.842,1.68418,1.68446,1.44,1.38
2018.01.05 10:05:30.414,1.68418,1.68446,1.44,1.38
2018.01.05 10:05:30.926,1.68418,1.68446,1.56,1.38
2018.01.05 10:05:31.336,1.68417,1.68447,1.38,1.56
2018.01.05 10:05:31.387,1.68417,1.68447,1.38,1.63
2018.01.05 10:05:31.489,1.68416,1.68444,1.88,1.63
2018.01.05 10:05:32.505,1.68416,1.68444,1.88,1.63
2018.01.05 10:05:35.447,1.68416,1.68444,1.69,1.19
2018.01.05 10:05:36.008,1.68416,1.68444,1.88,1.38
2018.01.05 10:05:36.460,1.68418,1.68446,1.00,1.44
2018.01.05 10:05:36.995,1.68416,1.68446,1.37,1.44
2018.01.05 10:05:37.225,1.68415,1.68444,2.06,1.44
2018.01.05 10:05:37.343,1.68415,1.68444,1.31,1.13
2018.01.05 10:05:37.394,1.68411,1.68439,2.44,1.00
2018.01.05 10:05:37.701,1.68414,1.68444,2.06,1.44
2018.01.05 10:05:38.239,1.68414,1.68444,2.06,1.19
2018.01.05 10:05:38.644,1.68414,1.68444,2.06,1.38
2018.01.05 10:05:38.996,1.68414,1.68441,1.00,1.44
2018.01.05 10:05:39.337,1.68411,1.68441,1.63,1.44
2018.01.05 10:05:39.838,1.68411,1.68441,1.25,1.19
2018.01.05 10:05:40.344,1.68411,1.68441,1.44,1.38
2018.01.05 10:05:40.867,1.68411,1.68441,1.63,1.38
2018.01.05 10:05:41.875,1.68411,1.68441,1.63,1.38
2018.01.05 10:05:42.446,1.68411,1.68441,1.56,1.38
2018.01.05 10:05:42.497,1.68411,1.68441,1.31,1.38
2018.01.05 10:05:43.022,1.68411,1.68439,1.63,1.25
2018.01.05 10:05:44.138,1.68412,1.68439,1.63,1.44
2018.01.05 10:05:44.782,1.68412,1.68439,1.25,1.13
2018.01.05 10:05:45.324,1.68412,1.68439,1.44,1.38
2018.01.05 10:05:47.547,1.68411,1.68439,1.25,1.13
2018.01.05 10:05:48.056,1.68411,1.68439,1.31,1.38
2018.01.05 10:05:48.678,1.68411,1.68439,1.63,1.38
2018.01.05 10:05:49.809,1.68411,1.68439,2.06,1.13
2018.01.05 10:05:50.115,1.68413,1.68441,1.63,1.19
2018.01.05 10:05:50.167,1.68414,1.68443,2.06,1.19
2018.01.05 10:05:50.219,1.68416,1.68444,2.06,1.38
2018.01.05 10:05:50.549,1.68416,1.68441,1.25,1.38
2018.01.05 10:05:50.923,1.68415,1.68443,1.88,1.38
2018.01.05 10:05:51.247,1.68415,1.68443,1.88,1.44
2018.01.05 10:05:51.400,1.68415,1.68443,1.38,1.44
2018.01.05 10:05:51.622,1.68417,1.68442,1.25,1.38
2018.01.05 10:05:52.142,1.68415,1.68442,1.44,1.44
2018.01.05 10:05:52.614,1.68416,1.68444,1.38,1.44
2018.01.05 10:05:52.818,1.68417,1.68445,2.63,1.19
2018.01.05 10:05:53.365,1.68418,1.68447,1.69,1.38
2018.01.05 10:05:53.467,1.68418,1.68447,1.88,1.38
2018.01.05 10:05:54.237,1.68418,1.68447,1.44,1.44
2018.01.05 10:05:54.298,1.68418,1.68447,1.69,1.38
2018.01.05 10:05:54.349,1.68418,1.68447,1.38,1.38
2018.01.05 10:05:54.671,1.68423,1.68451,1.69,1.19
2018.01.05 10:05:54.773,1.68429,1.68457,1.69,1.44
2018.01.05 10:05:54.824,1.68424,1.68451,1.00,1.38
2018.01.05 10:05:55.323,1.68425,1.68453,1.37,1.38
2018.01.05 10:05:55.629,1.68428,1.68455,1.19,1.38
2018.01.05 10:05:56.128,1.68425,1.68452,1.19,1.38
2018.01.05 10:05:56.332,1.68424,1.68452,1.69,1.13
2018.01.05 10:05:56.485,1.68424,1.6845,1.00,1.25
2018.01.05 10:05:57.105,1.68424,1.6845,1.25,1.19
2018.01.05 10:05:57.623,1.68424,1.6845,1.00,1.13
2018.01.05 10:05:57.946,1.68424,1.6845,1.00,1.44
2018.01.05 10:05:58.834,1.68424,1.68452,1.56,1.38
2018.01.05 10:05:58.987,1.68425,1.68455,1.88,1.19
2018.01.05 10:05:59.038,1.68424,1.68449,1.69,1.00
2018.01.05 10:05:59.090,1.68421,1.68449,1.69,1.44
2018.01.05 10:05:59.243,1.68421,1.68449,1.63,1.56
2018.01.05 10:05:59.773,1.68425,1.68452,1.63,1.31
2018.01.05 10:06:00.314,1.68425,1.68452,1.25,1.50
2018.01.05 10:06:01.104,1.68425,1.68452,1.00,1.13
2018.01.05 10:06:02.286,1.68425,1.68452,1.87,1.19
2018.01.05 10:06:02.339,1.68432,1.68458,1.00,1.00
2018.01.05 10:06:02.390,1.68435,1.6846,1.00,1.62
2018.01.05 10:06:02.442,1.68435,1.68463,1.37,1.38
2018.01.05 10:06:02.647,1.68436,1.68465,1.25,1.38
2018.01.05 10:06:02.902,1.68437,1.68465,1.00,1.56
2018.01.05 10:06:03.055,1.68425,1.68452,1.25,1.25
2018.01.05 10:06:03.357,1.68425,1.6845,1.12,1.00
2018.01.05 10:06:03.877,1.68423,1.6845,1.63,1.19
2018.01.05 10:06:04.186,1.68423,1.6845,1.13,1.25
2018.01.05 10:06:04.608,1.68426,1.68453,1.00,1.19
2018.01.05 10:06:04.659,1.68427,1.68456,1.44,1.25
2018.01.05 10:06:04.789,1.68432,1.68456,1.00,1.00
2018.01.05 10:06:04.841,1.68434,1.68463,1.25,1.38
2018.01.05 10:06:05.211,1.68435,1.68465,1.00,1.19
2018.01.05 10:06:05.713,1.68436,1.68465,1.00,1.44
2018.01.05 10:06:05.896,1.68437,1.68465,1.19,1.75
2018.01.05 10:06:05.999,1.6843,1.68458,1.00,1.63
2018.01.05 10:06:06.050,1.68426,1.68451,1.00,1.25
2018.01.05 10:06:06.101,1.68425,1.68453,1.69,1.25
2018.01.05 10:06:06.679,1.68425,1.68453,1.63,1.19
2018.01.05 10:06:07.334,1.68425,1.68453,1.13,1.25
2018.01.05 10:06:07.792,1.68423,1.68452,1.88,1.19
2018.01.05 10:06:08.425,1.68424,1.68452,1.44,1.19
2018.01.05 10:06:09.755,1.68423,1.68452,1.44,1.44
2018.01.05 10:06:11.008,1.68423,1.68452,1.25,1.19
2018.01.05 10:06:11.532,1.68424,1.68452,1.25,1.19
2018.01.05 10:06:11.635,1.68426,1.68454,1.13,1.19
2018.01.05 10:06:11.686,1.68431,1.68457,1.00,1.31
2018.01.05 10:06:11.738,1.68432,1.6846,1.00,1.19
2018.01.05 10:06:12.243,1.68433,1.6846,1.25,1.44
2018.01.05 10:06:12.843,1.68432,1.6846,1.50,1.13
2018.01.05 10:06:12.895,1.68433,1.68457,1.00,1.25
2018.01.05 10:06:12.946,1.68426,1.68453,1.50,1.25
2018.01.05 10:06:13.380,1.68424,1.6845,1.88,1.00
2018.01.05 10:06:13.442,1.68423,1.6845,1.44,1.37
2018.01.05 10:06:13.975,1.68421,1.68451,1.38,1.56
2018.01.05 10:06:14.344,1.68422,1.68451,1.25,1.31
2018.01.05 10:06:14.608,1.68423,1.68453,1.44,2.06
2018.01.05 10:06:15.372,1.68423,1.68453,1.38,1.56
2018.01.05 10:06:16.183,1.68423,1.68453,1.19,1.37
2018.01.05 10:06:16.736,1.68424,1.68451,1.25,1.44
2018.01.05 10:06:17.086,1.6842,1.6845,1.38,1.37
2018.01.05 10:06:17.279,1.6842,1.6845,1.63,1.44
2018.01.05 10:06:17.432,1.68424,1.68452,1.44,1.31
2018.01.05 10:06:17.534,1.68423,1.68449,1.25,1.19
2018.01.05 10:06:18.200,1.68423,1.68449,1.00,1.25
2018.01.05 10:06:18.408,1.68427,1.68455,1.88,1.12
2018.01.05 10:06:18.569,1.68432,1.68461,1.00,1.56
2018.01.05 10:06:19.114,1.68432,1.68461,1.13,1.56
2018.01.05 10:06:19.432,1.68424,1.68454,2.06,1.63
2018.01.05 10:06:19.586,1.68422,1.6845,1.19,1.37
2018.01.05 10:06:20.048,1.68422,1.6845,1.19,1.56
2018.01.05 10:06:20.099,1.6842,1.68446,1.25,1.19
2018.01.05 10:06:21.097,1.68418,1.68446,2.06,1.25
2018.01.05 10:06:22.185,1.68419,1.68446,1.38,1.38
2018.01.05 10:06:22.848,1.68417,1.68445,1.63,1.38
2018.01.05 10:06:23.355,1.68417,1.68445,1.13,1.13
2018.01.05 10:06:23.508,1.68418,1.68444,1.25,1.19
2018.01.05 10:06:23.611,1.68419,1.68447,1.25,1.44
2018.01.05 10:06:24.177,1.68419,1.68447,1.44,1.38
2018.01.05 10:06:25.316,1.68419,1.68447,1.25,1.44
2018.01.05 10:06:25.704,1.68422,1.6845,1.44,1.56
2018.01.05 10:06:26.212,1.68422,1.6845,1.19,1.56
2018.01.05 10:06:26.558,1.6842,1.68447,1.25,1.38
2018.01.05 10:06:27.117,1.6842,1.68447,1.44,1.63
2018.01.05 10:06:27.625,1.6842,1.68447,1.25,1.44
2018.01.05 10:06:27.990,1.68422,1.68449,1.19,1.56
2018.01.05 10:06:28.041,1.6842,1.68447,1.25,1.56
2018.01.05 10:06:28.092,1.68422,1.68451,1.38,1.63
2018.01.05 10:06:28.341,1.6842,1.68448,1.69,1.44
2018.01.05 10:06:29.074,1.6842,1.68448,1.19,1.38
2018.01.05 10:06:30.468,1.6842,1.68448,1.25,1.44
2018.01.05 10:06:31.119,1.6842,1.68448,1.19,1.38
2018.01.05 10:06:31.651,1.6842,1.68448,1.25,1.31
2018.01.05 10:06:32.170,1.6842,1.68448,1.44,1.38
2018.01.05 10:06:32.675,1.6842,1.68449,1.19,2.06
2018.01.05 10:06:33.259,1.6842,1.68449,1.19,1.88
2018.01.05 10:06:33.846,1.68421,1.68449,1.25,1.88
2018.01.05 10:06:34.088,1.68419,1.68447,1.00,1.88
2018.01.05 10:06:34.393,1.68423,1.68449,1.00,1.69
2018.01.05 10:06:34.910,1.6842,1.68449,1.19,1.69
2018.01.05 10:06:34.961,1.6842,1.6845,1.19,1.31
2018.01.05 10:06:35.483,1.68422,1.6845,1.00,1.63
2018.01.05 10:06:36.238,1.68422,1.6845,1.25,1.56
2018.01.05 10:06:36.420,1.68418,1.68445,1.00,1.13
2018.01.05 10:06:37.723,1.68418,1.68445,1.25,1.38
2018.01.05 10:06:38.295,1.68418,1.68445,1.00,1.13
2018.01.05 10:06:38.569,1.68422,1.6845,1.00,1.38
2018.01.05 10:06:38.908,1.68423,1.68452,1.19,1.56
2018.01.05 10:06:39.647,1.6842,1.6845,1.88,1.56
2018.01.05 10:06:40.194,1.6842,1.6845,1.44,1.56
2018.01.05 10:06:40.704,1.6842,1.6845,1.38,1.56
2018.01.05 10:06:41.255,1.6842,1.6845,1.38,1.38
2018.01.05 10:06:42.824,1.6842,1.6845,1.63,1.38
2018.01.05 10:06:43.635,1.6842,1.6845,1.44,1.88
2018.01.05 10:06:44.166,1.6842,1.6845,1.88,1.50
2018.01.05 10:06:47.561,1.68421,1.68451,1.38,1.75
2018.01.05 10:06:48.748,1.68421,1.68451,1.38,2.25
2018.01.05 10:06:49.784,1.68421,1.68451,1.38,2.25
2018.01.05 10:06:50.039,1.68427,1.68454,1.00,1.88
2018.01.05 10:06:50.090,1.68426,1.68456,1.88,1.63
2018.01.05 10:06:50.358,1.6843,1.68457,1.00,1.63
2018.01.05 10:06:51.906,1.6843,1.68457,1.25,2.06
2018.01.05 10:06:51.957,1.68427,1.68456,1.38,1.63
2018.01.05 10:06:52.376,1.68426,1.68454,1.69,2.06
2018.01.05 10:06:52.677,1.68426,1.68452,1.00,1.63
2018.01.05 10:06:53.218,1.68427,1.68452,1.00,1.56
2018.01.05 10:06:54.106,1.68427,1.6845,1.00,1.44
2018.01.05 10:06:54.613,1.68426,1.6845,1.00,1.25
2018.01.05 10:06:54.967,1.68423,1.6845,1.13,1.25
2018.01.05 10:06:55.556,1.68423,1.6845,1.63,1.44
2018.01.05 10:06:56.062,1.68423,1.6845,1.13,1.25
2018.01.05 10:06:56.572,1.68423,1.6845,1.44,1.44
2018.01.05 10:06:58.186,1.68421,1.68451,2.62,1.19
2018.01.05 10:06:58.735,1.68421,1.68451,2.06,1.38
2018.01.05 10:07:00.246,1.68421,1.68451,1.88,1.63
2018.01.05 10:07:00.807,1.68418,1.68447,1.88,1.44
2018.01.05 10:07:00.961,1.68419,1.68449,1.25,1.19
2018.01.05 10:07:01.122,1.68419,1.68446,1.44,1.00
2018.01.05 10:07:01.623,1.68419,1.68446,1.13,1.00
2018.01.05 10:07:02.177,1.68419,1.68446,1.44,1.19
2018.01.05 10:07:02.682,1.68419,1.68447,1.25,1.38
2018.01.05 10:07:03.293,1.68419,1.68447,1.38,1.38
2018.01.05 10:07:03.512,1.68417,1.68445,2.06,1.13
2018.01.05 10:07:03.563,1.68417,1.68443,1.00,1.63
2018.01.05 10:07:03.615,1.68414,1.68441,1.88,1.44
2018.01.05 10:07:04.173,1.68412,1.68442,1.88,1.63
2018.01.05 10:07:06.345,1.68412,1.68441,1.44,1.38
2018.01.05 10:07:06.499,1.6841,1.68437,1.25,1.13
2018.01.05 10:07:07.039,1.6841,1.68434,1.00,1.38
2018.01.05 10:07:07.090,1.68406,1.68433,1.25,1.44
2018.01.05 10:07:07.677,1.68406,1.68433,1.44,1.38
2018.01.05 10:07:08.325,1.68406,1.68433,1.38,1.44
2018.01.05 10:07:08.536,1.68406,1.68433,1.63,1.38
2018.01.05 10:07:08.589,1.68404,1.68434,2.81,1.38
2018.01.05 10:07:09.278,1.68404,1.68434,2.06,1.38
2018.01.05 10:07:09.484,1.68404,1.68434,2.81,1.38
2018.01.05 10:07:10.018,1.68404,1.68434,2.81,1.38
2018.01.05 10:07:13.003,1.68404,1.68432,2.81,1.13
2018.01.05 10:07:13.623,1.68404,1.68432,2.62,1.19
2018.01.05 10:07:14.123,1.68412,1.68435,1.63,1.00
2018.01.05 10:07:14.176,1.68412,1.6844,1.31,1.38
2018.01.05 10:07:15.435,1.6841,1.68437,1.50,1.13
2018.01.05 10:07:15.486,1.68411,1.68434,1.00,1.00
2018.01.05 10:07:15.794,1.68405,1.68433,1.38,1.81
2018.01.05 10:07:15.947,1.68406,1.68433,1.25,1.12
2018.01.05 10:07:16.513,1.68405,1.68435,1.63,1.75
2018.01.05 10:07:17.504,1.68404,1.68433,1.44,1.38
2018.01.05 10:07:17.793,1.68403,1.68432,1.38,1.69
2018.01.05 10:07:19.091,1.68402,1.68432,2.81,1.50
2018.01.05 10:07:19.905,1.68402,1.68432,3.38,2.00
2018.01.05 10:07:20.317,1.68403,1.68429,1.00,1.38
2018.01.05 10:07:20.855,1.68401,1.68428,1.44,1.38
2018.01.05 10:07:21.462,1.684,1.68428,1.73,1.13
2018.01.05 10:07:21.980,1.684,1.68428,1.73,1.38
2018.01.05 10:07:22.031,1.684,1.68428,1.25,1.31
2018.01.05 10:07:22.182,1.684,1.68427,1.25,1.44
2018.01.05 10:07:22.917,1.68399,1.68429,1.38,1.56
2018.01.05 10:07:24.373,1.68399,1.68429,1.38,1.94
2018.01.05 10:07:25.578,1.68399,1.68429,1.38,2.06
2018.01.05 10:07:26.323,1.684,1.68429,1.38,2.44
2018.01.05 10:07:26.609,1.68402,1.6843,1.63,1.44
2018.01.05 10:07:27.213,1.68402,1.68432,1.56,1.38
2018.01.05 10:07:27.367,1.68405,1.68433,1.31,1.44
2018.01.05 10:07:27.828,1.68403,1.68431,1.88,1.38
2018.01.05 10:07:30.264,1.68403,1.68429,1.44,1.38
2018.01.05 10:07:31.623,1.68402,1.68429,1.44,1.88
2018.01.05 10:07:32.492,1.68403,1.6843,1.44,1.38
2018.01.05 10:07:32.543,1.68403,1.6843,1.38,1.44
2018.01.05 10:07:32.907,1.68405,1.68432,1.63,1.44
2018.01.05 10:07:33.896,1.68405,1.68429,1.38,1.00
2018.01.05 10:07:34.162,1.68405,1.68432,1.38,1.31
2018.01.05 10:07:35.141,1.68405,1.68432,1.13,1.25
2018.01.05 10:07:35.684,1.68405,1.68433,1.38,1.50
2018.01.05 10:07:36.610,1.68405,1.6843,1.38,1.00
2018.01.05 10:07:37.504,1.68405,1.68432,1.38,1.31
2018.01.05 10:07:37.606,1.68403,1.6843,1.44,1.50
2018.01.05 10:07:38.114,1.68403,1.6843,1.44,1.25
2018.01.05 10:07:38.324,1.68401,1.68429,2.63,1.00
2018.01.05 10:07:38.758,1.68402,1.68426,1.38,1.00
2018.01.05 10:07:38.860,1.68401,1.68428,1.38,1.13
2018.01.05 10:07:39.217,1.68402,1.68431,1.56,1.44
2018.01.05 10:07:39.269,1.68403,1.68433,1.88,1.25
2018.01.05 10:07:39.320,1.68404,1.68435,1.63,1.00
2018.01.05 10:07:39.371,1.68406,1.68434,2.06,1.25
2018.01.05 10:07:40.273,1.68406,1.68433,1.63,1.00
2018.01.05 10:07:40.814,1.68406,1.68432,1.00,1.88
2018.01.05 10:07:41.385,1.68405,1.68432,1.25,1.88
2018.01.05 10:07:42.402,1.68405,1.68432,1.25,1.25
2018.01.05 10:07:42.921,1.68405,1.68432,1.13,1.44
2018.01.05 10:07:43.423,1.68405,1.68432,1.44,1.44
2018.01.05 10:07:44.015,1.68406,1.68433,1.31,1.38
2018.01.05 10:07:44.748,1.68405,1.68433,2.06,1.38
2018.01.05 10:07:45.306,1.68406,1.68433,1.63,1.38
2018.01.05 10:07:46.825,1.68405,1.68433,2.06,1.44
2018.01.05 10:07:47.703,1.68406,1.68433,1.13,1.88
2018.01.05 10:07:48.519,1.68406,1.68433,1.56,1.38
2018.01.05 10:07:49.065,1.68406,1.68433,1.31,1.44
2018.01.05 10:07:49.274,1.68409,1.68438,1.13,1.38
2018.01.05 10:07:49.539,1.68411,1.68437,1.00,1.56
2018.01.05 10:07:49.794,1.68406,1.68434,1.13,1.63
2018.01.05 10:07:50.323,1.68405,1.68434,1.38,2.06
2018.01.05 10:07:50.580,1.68405,1.68432,1.25,2.25
2018.01.05 10:07:50.995,1.68401,1.68431,2.63,1.63
2018.01.05 10:07:52.466,1.68401,1.68431,1.56,1.38
2018.01.05 10:07:53.005,1.68401,1.6843,2.81,1.38
2018.01.05 10:07:53.056,1.68403,1.6843,1.13,1.25
2018.01.05 10:07:53.983,1.68403,1.68429,1.38,1.25
2018.01.05 10:07:56.765,1.68402,1.68429,1.44,1.00
2018.01.05 10:07:57.455,1.68403,1.6843,1.38,1.44
2018.01.05 10:07:58.197,1.68403,1.68431,1.19,2.62
2018.01.05 10:07:58.758,1.68403,1.68431,1.88,2.81
2018.01.05 10:07:59.295,1.68403,1.6843,1.69,1.25
2018.01.05 10:07:59.966,1.68403,1.68431,1.19,3.38
2018.01.05 10:08:00.505,1.68403,1.68431,1.44,1.44
2018.01.05 10:08:02.601,1.68403,1.68431,1.44,2.63
2018.01.05 10:08:03.019,1.68406,1.68432,1.00,1.38
2018.01.05 10:08:03.177,1.68407,1.68437,1.13,2.06
2018.01.05 10:08:03.432,1.68407,1.68437,1.13,1.88
2018.01.05 10:08:04.009,1.68407,1.68436,1.38,1.88
2018.01.05 10:08:04.314,1.6841,1.68437,1.44,1.69
2018.01.05 10:08:04.928,1.6841,1.68437,1.25,1.44
2018.01.05 10:08:07.436,1.68411,1.68438,1.13,1.56
2018.01.05 10:08:08.046,1.6841,1.68438,1.25,2.06
2018.01.05 10:08:08.198,1.68405,1.68434,1.69,1.44
2018.01.05 10:08:09.225,1.68406,1.68433,1.38,1.44
2018.01.05 10:08:09.727,1.68405,1.68435,1.88,2.25
2018.01.05 10:08:10.280,1.68406,1.68434,1.19,1.69
2018.01.05 10:08:10.332,1.68403,1.68431,1.19,1.38
2018.01.05 10:08:10.383,1.68397,1.68423,1.00,1.38
2018.01.05 10:08:10.434,1.68395,1.68422,1.00,1.19
2018.01.05 10:08:10.899,1.68392,1.68421,2.06,1.38
2018.01.05 10:08:11.220,1.68397,1.68425,1.69,1.44
2018.01.05 10:08:11.766,1.68397,1.68427,1.69,1.19
2018.01.05 10:08:12.304,1.68398,1.68427,1.31,1.88
2018.01.05 10:08:13.078,1.68398,1.68427,1.25,1.88
2018.01.05 10:08:14.014,1.68398,1.68427,1.31,2.25
2018.01.05 10:08:16.045,1.68404,1.68428,1.00,1.19
2018.01.05 10:08:16.148,1.68405,1.68432,1.88,1.13
2018.01.05 10:08:16.199,1.68407,1.68435,1.44,1.50
2018.01.05 10:08:16.747,1.68408,1.68435,1.00,1.44
2018.01.05 10:08:17.054,1.68401,1.68429,1.88,1.69
2018.01.05 10:08:17.208,1.68396,1.68424,1.13,1.44
2018.01.05 10:08:17.320,1.68396,1.68424,1.63,1.44
2018.01.05 10:08:17.833,1.68399,1.68424,1.00,1.44
2018.01.05 10:08:18.423,1.68397,1.68424,1.38,1.44
2018.01.05 10:08:18.936,1.68396,1.68424,3.38,1.38
2018.01.05 10:08:20.786,1.68397,1.68424,1.69,1.31
2018.01.05 10:08:21.294,1.68397,1.68424,1.88,1.56
2018.01.05 10:08:22.637,1.68398,1.68428,1.88,1.56
2018.01.05 10:08:22.790,1.68406,1.68433,1.00,1.44
2018.01.05 10:08:23.425,1.68406,1.68433,1.13,2.25
2018.01.05 10:08:23.476,1.68403,1.68429,2.44,1.44
2018.01.05 10:08:23.732,1.68395,1.68424,1.38,1.63
2018.01.05 10:08:23.988,1.68396,1.68423,2.06,1.38
2018.01.05 10:08:24.163,1.68396,1.68424,1.31,1.38
2018.01.05 10:08:24.628,1.68398,1.68426,1.88,1.50
2018.01.05 10:08:28.488,1.68398,1.68426,2.63,1.44
2018.01.05 10:08:28.822,1.68401,1.68429,1.44,1.63
2018.01.05 10:08:29.376,1.68401,1.68429,1.44,1.31
2018.01.05 10:08:29.682,1.68399,1.68425,1.44,1.38
2018.01.05 10:08:33.327,1.68398,1.68425,2.63,1.44
2018.01.05 10:08:34.443,1.68399,1.68427,1.44,2.25
2018.01.05 10:08:34.596,1.68402,1.6843,1.25,1.38
2018.01.05 10:08:34.650,1.68398,1.68425,1.69,1.44
2018.01.05 10:08:34.752,1.68401,1.68425,1.00,1.31
2018.01.05 10:08:34.803,1.68399,1.68425,1.25,1.38
2018.01.05 10:08:34.957,1.68405,1.68427,1.00,1.25
2018.01.05 10:08:35.008,1.68399,1.68427,1.63,1.38
2018.01.05 10:08:35.059,1.68402,1.68429,1.13,1.44
2018.01.05 10:08:35.111,1.68405,1.68425,1.00,1.19
2018.01.05 10:08:35.162,1.684,1.68427,1.00,1.75
2018.01.05 10:08:35.214,1.684,1.68428,1.88,1.38
2018.01.05 10:08:35.521,1.68409,1.68435,1.25,1.00
2018.01.05 10:08:35.623,1.68406,1.68431,1.00,1.38
2018.01.05 10:08:35.675,1.68404,1.68431,1.25,1.44
2018.01.05 10:08:36.559,1.68404,1.68431,1.44,1.38
2018.01.05 10:08:37.369,1.68406,1.68431,1.13,1.38
2018.01.05 10:08:37.421,1.68407,1.68435,1.63,1.38
2018.01.05 10:08:37.853,1.68407,1.68431,1.13,1.00
2018.01.05 10:08:38.402,1.68408,1.68431,1.00,1.00
2018.01.05 10:08:40.242,1.68405,1.68428,1.87,1.00
2018.01.05 10:08:40.294,1.68405,1.68428,1.87,1.00
2018.01.05 10:08:40.794,1.68406,1.6843,1.87,1.00
2018.01.05 10:08:41.335,1.68408,1.6843,1.25,1.00
2018.01.05 10:08:41.387,1.68409,1.68433,1.88,1.00
2018.01.05 10:08:41.438,1.68412,1.68436,1.91,1.00
2018.01.05 10:08:41.490,1.68415,1.68439,1.69,1.00
2018.01.05 10:08:42.674,1.68415,1.68436,1.19,1.00
2018.01.05 10:08:42.920,1.68401,1.68425,1.88,1.00
2018.01.05 10:08:43.493,1.68401,1.68425,1.38,1.00
2018.01.05 10:08:45.771,1.68403,1.68427,1.69,1.00
2018.01.05 10:08:45.823,1.68403,1.68427,2.06,1.00
2018.01.05 10:08:46.409,1.68403,1.68429,2.81,1.25
2018.01.05 10:08:47.254,1.68407,1.68431,1.25,1.00
2018.01.05 10:08:47.561,1.6841,1.68434,1.91,1.00
2018.01.05 10:08:47.819,1.68413,1.68438,2.06,1.44
2018.01.05 10:08:48.023,1.68414,1.68438,1.38,1.00
2018.01.05 10:08:48.075,1.68414,1.6844,1.38,1.25
2018.01.05 10:08:48.316,1.68414,1.68435,1.00,1.00
2018.01.05 10:08:48.368,1.68408,1.68433,2.06,1.00
2018.01.05 10:08:48.674,1.68408,1.68431,1.44,1.00
2018.01.05 10:08:48.777,1.68408,1.68434,1.63,1.00
2018.01.05 10:08:49.318,1.6841,1.68434,1.13,1.00
2018.01.05 10:08:50.108,1.6841,1.68434,1.19,1.00
2018.01.05 10:08:50.882,1.6841,1.68436,1.19,1.69
2018.01.05 10:08:52.735,1.6841,1.68436,1.44,1.69
2018.01.05 10:08:53.145,1.68409,1.68433,1.38,1.00
2018.01.05 10:08:53.584,1.68407,1.68433,1.63,1.00
2018.01.05 10:08:53.636,1.68407,1.68432,1.69,1.00
2018.01.05 10:08:53.687,1.68408,1.68432,1.44,1.00
2018.01.05 10:08:54.222,1.68408,1.68433,1.38,1.00
2018.01.05 10:08:54.528,1.68416,1.68439,1.05,1.00
2018.01.05 10:08:54.812,1.68408,1.68434,2.06,1.00
2018.01.05 10:08:55.122,1.68408,1.68429,1.50,1.00
2018.01.05 10:08:55.280,1.68411,1.68433,1.00,1.00
2018.01.05 10:08:55.810,1.6841,1.68433,2.44,1.00
2018.01.05 10:08:56.708,1.68412,1.68434,1.00,1.00
2018.01.05 10:08:57.014,1.68412,1.68432,1.00,1.00
2018.01.05 10:08:57.173,1.6841,1.68432,1.00,1.00
2018.01.05 10:08:57.730,1.68411,1.68432,1.00,1.00
2018.01.05 10:08:58.340,1.68411,1.68433,1.00,1.25
2018.01.05 10:08:59.053,1.6841,1.68433,1.00,1.25
2018.01.05 10:08:59.155,1.68407,1.68433,1.38,1.25
2018.01.05 10:08:59.701,1.68406,1.68432,1.38,1.00
2018.01.05 10:09:00.789,1.68405,1.68434,1.38,1.13
2018.01.05 10:09:00.928,1.68412,1.68437,1.60,1.75
2018.01.05 10:09:00.980,1.6841,1.68433,1.00,1.44
2018.01.05 10:09:01.031,1.68409,1.68437,1.88,1.44
2018.01.05 10:09:01.082,1.68411,1.68437,1.25,1.44
2018.01.05 10:09:01.134,1.68412,1.6844,1.30,2.06
2018.01.05 10:09:01.185,1.68415,1.68445,1.13,1.56
2018.01.05 10:09:01.390,1.68415,1.68441,1.38,1.00
2018.01.05 10:09:01.942,1.68418,1.68443,1.00,1.88
2018.01.05 10:09:02.248,1.68407,1.68431,1.25,1.00
2018.01.05 10:09:02.757,1.68406,1.6843,3.38,1.00
2018.01.05 10:09:03.297,1.68406,1.6843,1.38,1.00
2018.01.05 10:09:03.942,1.68406,1.6843,1.44,1.00
2018.01.05 10:09:05.190,1.68407,1.6843,1.31,1.00
2018.01.05 10:09:05.242,1.68409,1.68433,2.06,1.00
2018.01.05 10:09:05.294,1.68415,1.6844,1.38,1.00
2018.01.05 10:09:05.346,1.68416,1.68442,1.38,1.00
2018.01.05 10:09:05.398,1.68416,1.68444,1.38,1.00
2018.01.05 10:09:05.500,1.68416,1.68442,1.38,1.00
2018.01.05 10:09:06.264,1.68416,1.68441,1.38,1.00
2018.01.05 10:09:07.143,1.68416,1.68442,1.88,1.00
2018.01.05 10:09:07.645,1.68416,1.68443,1.88,1.00
2018.01.05 10:09:08.162,1.68419,1.68444,1.19,1.69
2018.01.05 10:09:08.679,1.68419,1.68443,1.25,1.00
2018.01.05 10:09:09.224,1.68419,1.68443,1.19,1.00
2018.01.05 10:09:09.604,1.68418,1.68441,1.25,1.00
2018.01.05 10:09:09.910,1.68419,1.68441,1.19,1.00
2018.01.05 10:09:10.565,1.68419,1.68443,1.19,1.50
2018.01.05 10:09:11.081,1.68419,1.68442,1.25,1.00
2018.01.05 10:09:11.618,1.68419,1.68443,1.38,1.00
2018.01.05 10:09:12.216,1.68419,1.68442,1.13,1.00
2018.01.05 10:09:12.370,1.68414,1.68441,1.38,1.00
2018.01.05 10:09:12.422,1.68414,1.68439,1.38,1.00
2018.01.05 10:09:13.063,1.68414,1.68439,1.44,1.50
2018.01.05 10:09:13.600,1.68415,1.68439,1.38,1.00
2018.01.05 10:09:14.996,1.68417,1.68441,1.13,1.50
2018.01.05 10:09:15.047,1.68418,1.68442,1.38,1.00
2018.01.05 10:09:17.700,1.68417,1.68441,1.38,1.00
2018.01.05 10:09:18.356,1.68417,1.68441,1.44,1.00
2018.01.05 10:09:18.522,1.68417,1.68443,1.44,1.00
2018.01.05 10:09:19.064,1.68417,1.68443,1.38,1.00
2018.01.05 10:09:19.217,1.68421,1.68448,1.13,1.94
2018.01.05 10:09:19.562,1.68422,1.68447,1.38,1.38
2018.01.05 10:09:20.105,1.68423,1.68447,1.13,1.25
2018.01.05 10:09:20.915,1.68422,1.68446,1.38,1.44
2018.01.05 10:09:21.404,1.68422,1.68448,1.38,1.44
2018.01.05 10:09:21.953,1.68423,1.68448,1.38,1.31
2018.01.05 10:09:22.611,1.6842,1.68446,1.13,1.63
2018.01.05 10:09:23.086,1.6842,1.68444,1.38,1.38
2018.01.05 10:09:23.606,1.68419,1.68445,1.44,1.50
2018.01.05 10:09:24.154,1.68418,1.68444,1.44,1.63
2018.01.05 10:09:24.205,1.68417,1.68444,1.88,1.44
2018.01.05 10:09:24.797,1.68418,1.68444,1.44,1.44
2018.01.05 10:09:25.780,1.68417,1.68444,1.25,2.06
2018.01.05 10:09:27.124,1.68417,1.68442,1.25,1.00
2018.01.05 10:09:27.580,1.68419,1.68445,1.44,1.31
2018.01.05 10:09:27.890,1.68416,1.68441,2.25,1.00
2018.01.05 10:09:28.292,1.68418,1.68443,1.00,1.88
2018.01.05 10:09:28.395,1.68419,1.68447,1.13,1.50
2018.01.05 10:09:28.972,1.68419,1.68443,1.38,1.00
2018.01.05 10:09:29.278,1.68419,1.68447,1.38,2.44
2018.01.05 10:09:29.877,1.6842,1.68444,1.13,1.00
2018.01.05 10:09:30.752,1.6842,1.68446,1.13,1.31
2018.01.05 10:09:32.236,1.68419,1.68445,1.25,1.88
2018.01.05 10:09:32.741,1.68417,1.68444,1.44,2.06
2018.01.05 10:09:33.163,1.68416,1.68444,1.88,1.56
2018.01.05 10:09:33.675,1.68417,1.68444,1.25,1.31
2018.01.05 10:09:34.476,1.68416,1.68444,2.63,2.44
2018.01.05 10:09:35.102,1.68417,1.68444,1.88,1.25
2018.01.05 10:09:35.306,1.68417,1.68443,1.25,1.81
2018.01.05 10:09:35.846,1.68416,1.68442,2.44,1.44
2018.01.05 10:09:36.324,1.68417,1.68444,1.69,1.44
2018.01.05 10:09:36.856,1.68416,1.68444,2.63,1.56
2018.01.05 10:09:37.519,1.68416,1.68443,1.69,1.13
2018.01.05 10:09:37.572,1.68415,1.6844,1.00,1.38
2018.01.05 10:09:37.623,1.68411,1.68439,1.44,1.38
2018.01.05 10:09:37.777,1.6841,1.68435,1.44,1.00
2018.01.05 10:09:37.830,1.68409,1.68435,1.00,1.44
2018.01.05 10:09:38.338,1.68408,1.68435,1.88,1.88
2018.01.05 10:09:38.770,1.68408,1.68435,1.88,1.00
2018.01.05 10:09:39.095,1.6841,1.68435,1.25,1.00
2018.01.05 10:09:39.638,1.6841,1.68436,1.44,1.25
2018.01.05 10:09:40.055,1.68413,1.68436,1.25,1.00
2018.01.05 10:09:40.157,1.68413,1.68441,1.38,1.88
2018.01.05 10:09:40.690,1.68413,1.68441,1.63,1.44
2018.01.05 10:09:41.216,1.68414,1.68438,1.25,1.25
2018.01.05 10:09:42.078,1.68412,1.68439,1.88,1.00
2018.01.05 10:09:42.638,1.68413,1.68438,1.88,1.00
2018.01.05 10:09:43.837,1.68412,1.68439,1.63,1.00
2018.01.05 10:09:44.041,1.68411,1.68437,1.13,1.00
2018.01.05 10:09:45.518,1.6841,1.68436,1.00,1.25
2018.01.05 10:09:46.095,1.6841,1.68437,1.25,1.88
2018.01.05 10:09:47.618,1.68409,1.68434,1.44,1.00
2018.01.05 10:09:48.734,1.68409,1.68434,1.00,1.00
2018.01.05 10:09:49.472,1.68408,1.68434,1.25,1.00
2018.01.05 10:09:49.690,1.68407,1.68432,1.00,1.00
2018.01.05 10:09:49.893,1.68406,1.68435,1.88,1.44
2018.01.05 10:09:50.444,1.68407,1.68434,1.00,1.25
2018.01.05 10:09:50.509,1.68407,1.68434,1.38,1.25
2018.01.05 10:09:50.845,1.68397,1.68423,1.50,1.38
2018.01.05 10:09:51.259,1.68397,1.68424,1.00,1.19
2018.01.05 10:09:51.803,1.68395,1.68423,1.13,1.25
2018.01.05 10:09:52.065,1.68395,1.68421,1.13,1.00
2018.01.05 10:09:52.168,1.68395,1.68424,1.13,1.69
2018.01.05 10:09:52.367,1.68395,1.68422,1.25,2.25
2018.01.05 10:09:52.872,1.68395,1.68422,2.06,1.88
2018.01.05 10:09:53.128,1.68399,1.68429,1.00,1.38
2018.01.05 10:09:53.180,1.68399,1.68429,1.63,1.44
2018.01.05 10:09:53.231,1.684,1.68425,1.00,1.44
2018.01.05 10:09:53.283,1.68398,1.68425,1.25,1.25
2018.01.05 10:09:53.385,1.68397,1.68425,1.31,1.38
2018.01.05 10:09:54.181,1.68396,1.68424,2.25,1.25
2018.01.05 10:09:54.920,1.68397,1.68424,1.50,1.44
2018.01.05 10:09:55.784,1.68398,1.68425,1.00,1.44
2018.01.05 10:09:55.938,1.68398,1.68427,1.25,1.69
2018.01.05 10:09:55.989,1.68396,1.68425,1.25,1.50
2018.01.05 10:09:56.340,1.68398,1.68424,1.00,1.38
2018.01.05 10:09:56.391,1.68396,1.68424,2.25,1.44
2018.01.05 10:09:56.646,1.68397,1.68424,1.38,1.25
2018.01.05 10:09:56.975,1.68397,1.68422,1.38,1.00
2018.01.05 10:09:57.027,1.68396,1.68422,1.88,1.25
2018.01.05 10:09:57.712,1.68394,1.68421,1.38,1.00
2018.01.05 10:09:58.231,1.68394,1.6842,1.88,1.00
2018.01.05 10:09:58.582,1.68394,1.68423,1.63,1.25
2018.01.05 10:09:58.634,1.68395,1.68422,2.06,1.25
2018.01.05 10:09:58.938,1.68394,1.68423,1.56,1.38
2018.01.05 10:09:59.465,1.68396,1.68424,1.00,1.44
2018.01.05 10:09:59.567,1.68396,1.68424,1.88,1.25
2018.01.05 10:09:59.788,1.6839,1.68419,1.13,1.38
2018.01.05 10:09:59.891,1.6839,1.68419,2.63,1.38
2018.01.05 10:10:00.510,1.6839,1.68418,2.81,1.25
2018.01.05 10:10:00.879,1.68392,1.6842,1.63,1.44
2018.01.05 10:10:00.931,1.68395,1.68423,2.06,1.44
2018.01.05 10:10:01.439,1.68394,1.68421,1.56,1.00
2018.01.05 10:10:01.993,1.68394,1.68421,1.63,1.44
2018.01.05 10:10:02.534,1.68393,1.68421,3.00,1.44
2018.01.05 10:10:02.756,1.68393,1.68423,2.62,1.19
2018.01.05 10:10:02.807,1.68393,1.68423,1.87,1.19
2018.01.05 10:10:02.909,1.68392,1.68423,2.62,1.19
2018.01.05 10:10:03.427,1.68392,1.68423,2.81,1.50
2018.01.05 10:10:04.766,1.68393,1.68423,1.88,1.88
2018.01.05 10:10:05.589,1.68393,1.68423,2.06,2.25
2018.01.05 10:10:06.511,1.68393,1.68423,1.88,2.25
2018.01.05 10:10:07.162,1.68393,1.68423,2.06,2.44
2018.01.05 10:10:07.537,1.68393,1.68423,1.69,2.25
2018.01.05 10:10:09.214,1.68393,1.68423,1.63,2.25
2018.01.05 10:10:10.001,1.68393,1.68423,1.63,2.25
2018.01.05 10:10:10.206,1.68395,1.68423,1.38,1.75
2018.01.05 10:10:10.806,1.68395,1.68423,1.38,1.75
2018.01.05 10:10:10.858,1.68399,1.68426,1.00,1.38
2018.01.05 10:10:10.910,1.68408,1.68428,1.00,1.69
2018.01.05 10:10:10.962,1.68408,1.68432,1.25,1.50
2018.01.05 10:10:11.014,1.68407,1.68437,1.13,1.56
2018.01.05 10:10:11.370,1.68409,1.68437,1.00,1.88
2018.01.05 10:10:11.961,1.68407,1.68437,1.38,1.75
2018.01.05 10:10:13.318,1.68408,1.68438,1.00,2.25
2018.01.05 10:10:16.896,1.68405,1.68435,1.38,1.56
2018.01.05 10:10:17.871,1.68405,1.68434,1.44,1.63
2018.01.05 10:10:18.913,1.68405,1.68434,1.38,1.19
2018.01.05 10:10:19.417,1.68405,1.68435,1.13,1.69
2018.01.05 10:10:20.730,1.68405,1.68435,1.38,1.56
2018.01.05 10:10:22.341,1.68405,1.68435,1.13,1.31
2018.01.05 10:10:23.708,1.68404,1.68433,2.06,1.00
2018.01.05 10:10:24.370,1.68406,1.68436,2.06,1.38
2018.01.05 10:10:24.915,1.68408,1.68435,1.13,1.44
2018.01.05 10:10:26.907,1.68408,1.68435,1.00,1.25
2018.01.05 10:10:27.832,1.68413,1.68439,1.88,1.00
2018.01.05 10:10:27.935,1.68414,1.68446,1.00,1.75
2018.01.05 10:10:27.988,1.68414,1.68447,1.38,2.44
2018.01.05 10:10:28.141,1.68413,1.68445,1.19,1.37
2018.01.05 10:10:28.244,1.68411,1.68444,1.69,2.62
2018.01.05 10:10:28.694,1.68411,1.68443,1.88,2.06
2018.01.05 10:10:29.254,1.68411,1.68441,1.88,1.63
2018.01.05 10:10:32.693,1.68411,1.68439,1.44,1.63
2018.01.05 10:10:33.327,1.6841,1.68439,1.38,1.50
2018.01.05 10:10:34.598,1.68409,1.68439,1.88,1.63
2018.01.05 10:10:35.264,1.68408,1.68437,1.38,1.38
2018.01.05 10:10:35.605,1.68407,1.68437,1.63,1.38
2018.01.05 10:10:35.707,1.6841,1.68437,1.00,1.63
2018.01.05 10:10:35.928,1.68408,1.68437,1.25,1.63
2018.01.05 10:10:36.668,1.68417,1.6844,1.00,1.50
2018.01.05 10:10:36.719,1.68411,1.6844,1.00,1.56
2018.01.05 10:10:36.922,1.68409,1.68437,1.38,1.38
2018.01.05 10:10:36.972,1.68409,1.6844,1.88,1.56
2018.01.05 10:10:37.503,1.68409,1.6844,1.13,2.06
2018.01.05 10:10:37.727,1.68409,1.68439,1.88,1.56
2018.01.05 10:10:38.229,1.68408,1.68438,1.88,1.38
2018.01.05 10:10:38.753,1.68409,1.68438,1.25,2.06
2018.01.05 10:10:40.015,1.68409,1.68438,1.00,1.56
2018.01.05 10:10:40.117,1.68406,1.68438,2.06,2.06
2018.01.05 10:10:40.892,1.68406,1.68438,2.63,1.56
2018.01.05 10:10:41.905,1.68406,1.68438,2.63,2.06
2018.01.05 10:10:42.261,1.68407,1.68438,1.63,1.38
2018.01.05 10:10:42.312,1.68408,1.68438,1.25,1.44
2018.01.05 10:10:42.487,1.68408,1.68438,2.06,1.25
2018.01.05 10:10:43.210,1.68408,1.68438,2.25,1.25
2018.01.05 10:10:43.313,1.68407,1.68439,1.31,1.38
2018.01.05 10:10:43.771,1.68402,1.68433,1.75,1.00
2018.01.05 10:10:43.823,1.68405,1.68433,1.44,1.25
2018.01.05 10:10:43.883,1.68402,1.68431,1.00,1.44
2018.01.05 10:10:43.935,1.68402,1.6843,1.38,1.19
2018.01.05 10:10:44.102,1.68402,1.6843,1.00,1.38
2018.01.05 10:10:44.155,1.68398,1.68427,1.38,1.13
2018.01.05 10:10:44.214,1.68397,1.68424,1.31,1.00
2018.01.05 10:10:44.324,1.684,1.68429,1.00,1.13
2018.01.05 10:10:44.376,1.68403,1.68432,1.00,2.44
2018.01.05 10:10:44.428,1.68402,1.68432,1.19,1.13
2018.01.05 10:10:44.479,1.68402,1.68433,1.25,1.81
2018.01.05 10:10:44.986,1.68403,1.68432,1.88,1.63
2018.01.05 10:10:45.088,1.68403,1.68433,2.06,1.50
2018.01.05 10:10:45.242,1.68405,1.68433,1.38,1.81
2018.01.05 10:10:45.585,1.68405,1.68433,1.38,1.56
2018.01.05 10:10:46.337,1.68403,1.6843,1.38,1.38
2018.01.05 10:10:46.873,1.68403,1.6843,1.38,1.38
2018.01.05 10:10:49.653,1.68403,1.68428,1.88,1.44
2018.01.05 10:10:50.183,1.68403,1.68428,1.88,1.25
2018.01.05 10:10:52.153,1.68403,1.68429,1.88,1.00
2018.01.05 10:10:52.542,1.68402,1.68424,1.00,1.38
2018.01.05 10:10:52.732,1.68391,1.68423,1.38,1.75
2018.01.05 10:10:52.987,1.6839,1.68418,2.63,1.44
2018.01.05 10:10:53.544,1.6839,1.68418,2.63,1.31
2018.01.05 10:10:53.862,1.68389,1.68417,3.38,1.63
2018.01.05 10:10:54.866,1.68392,1.68424,1.44,2.25
2018.01.05 10:10:54.918,1.68391,1.68419,1.44,1.00
2018.01.05 10:10:55.071,1.6839,1.68418,2.44,1.13
2018.01.05 10:10:55.331,1.6839,1.68415,1.69,1.00
2018.01.05 10:10:56.175,1.68389,1.68416,1.25,1.25
2018.01.05 10:10:56.706,1.6839,1.68416,1.50,1.25
2018.01.05 10:10:57.413,1.6839,1.68416,2.63,1.31
2018.01.05 10:10:57.723,1.68391,1.68417,1.88,1.56
2018.01.05 10:10:57.825,1.68391,1.68417,1.88,1.00
2018.01.05 10:10:58.093,1.68391,1.68415,1.69,1.00
2018.01.05 10:10:58.659,1.68391,1.68417,1.44,1.25
2018.01.05 10:10:59.175,1.68391,1.68418,1.44,1.13
2018.01.05 10:10:59.756,1.68394,1.68424,1.25,3.56
2018.01.05 10:10:59.808,1.68394,1.68424,1.00,1.81
2018.01.05 10:10:59.969,1.68393,1.6842,1.88,1.00
2018.01.05 10:11:00.496,1.68394,1.68419,1.00,1.00
2018.01.05 10:11:01.014,1.68386,1.68419,1.56,1.44
2018.01.05 10:11:01.066,1.68386,1.68414,2.63,1.25
2018.01.05 10:11:01.274,1.68387,1.68416,1.13,1.00
2018.01.05 10:11:01.789,1.68388,1.68416,1.13,1.25
2018.01.05 10:11:02.336,1.68388,1.68417,1.00,1.25
2018.01.05 10:11:02.909,1.68388,1.68416,1.50,1.00
2018.01.05 10:11:03.448,1.68388,1.68416,2.06,1.00
2018.01.05 10:11:04.100,1.68388,1.68416,1.56,1.00
2018.01.05 10:11:04.616,1.68389,1.68418,1.56,1.00
2018.01.05 10:11:04.973,1.68392,1.68421,1.56,1.25
2018.01.05 10:11:05.126,1.68394,1.68423,2.81,1.00
2018.01.05 10:11:05.228,1.68392,1.68424,2.06,2.06
2018.01.05 10:11:05.382,1.68392,1.68424,1.44,1.69
2018.01.05 10:11:05.562,1.68393,1.68424,1.87,1.19
2018.01.05 10:11:06.067,1.68393,1.68425,1.31,1.75
2018.01.05 10:11:06.373,1.68391,1.68423,3.38,2.06
2018.01.05 10:11:06.937,1.68393,1.68422,1.00,1.38
2018.01.05 10:11:07.611,1.68391,1.68416,1.12,1.00
2018.01.05 10:11:07.662,1.68391,1.68421,1.25,1.44
2018.01.05 10:11:08.394,1.68391,1.68422,2.06,1.38
2018.01.05 10:11:10.388,1.68396,1.68425,1.38,1.38
2018.01.05 10:11:10.440,1.68397,1.68426,1.19,1.31
2018.01.05 10:11:10.491,1.68399,1.68426,1.19,1.00
2018.01.05 10:11:10.542,1.68401,1.68432,1.00,1.56
2018.01.05 10:11:11.152,1.68401,1.68428,1.19,1.25
2018.01.05 10:11:14.442,1.68401,1.6843,1.13,1.25
2018.01.05 10:11:14.493,1.68404,1.68435,1.38,1.38
2018.01.05 10:11:14.544,1.68406,1.68436,1.38,1.88
2018.01.05 10:11:15.085,1.68406,1.68436,1.88,1.25
2018.01.05 10:11:15.616,1.68408,1.68435,1.00,1.00
2018.01.05 10:11:16.214,1.68407,1.68441,1.88,2.06
2018.01.05 10:11:16.729,1.68408,1.68438,1.13,1.13
2018.01.05 10:11:17.495,1.68408,1.68438,1.00,1.25
2018.01.05 10:11:17.547,1.68408,1.68438,1.13,1.56
2018.01.05 10:11:17.921,1.6841,1.68439,1.00,1.31
2018.01.05 10:11:18.659,1.68409,1.6844,1.00,2.06
2018.01.05 10:11:19.236,1.68404,1.68437,1.56,1.00
2018.01.05 10:11:19.338,1.68408,1.68438,1.44,1.44
2018.01.05 10:11:19.696,1.68409,1.68439,1.38,2.44
2018.01.05 10:11:19.966,1.68411,1.68445,1.37,2.81
2018.01.05 10:11:20.018,1.68411,1.68445,2.62,3.00
2018.01.05 10:11:20.634,1.68413,1.68445,1.38,2.63
2018.01.05 10:11:20.736,1.68415,1.68446,1.69,1.19
2018.01.05 10:11:20.915,1.68415,1.68446,2.06,1.38
2018.01.05 10:11:21.436,1.68414,1.68446,2.06,1.69
2018.01.05 10:11:22.489,1.68414,1.68446,2.06,1.38
2018.01.05 10:11:23.263,1.68414,1.68446,2.06,1.63
2018.01.05 10:11:24.138,1.68416,1.68446,1.13,1.38
2018.01.05 10:11:25.408,1.68416,1.68446,1.38,1.88
2018.01.05 10:11:26.842,1.68416,1.68448,1.13,1.63
2018.01.05 10:11:27.186,1.68418,1.68446,1.50,1.44
2018.01.05 10:11:27.553,1.68419,1.68449,1.25,1.38
2018.01.05 10:11:28.096,1.68418,1.68448,1.25,1.63
2018.01.05 10:11:28.655,1.68419,1.68447,1.25,1.56
2018.01.05 10:11:28.885,1.68417,1.68448,1.56,1.38
2018.01.05 10:11:29.463,1.68421,1.6845,1.50,1.38
2018.01.05 10:11:29.515,1.68421,1.6845,1.19,1.31
2018.01.05 10:11:29.617,1.68423,1.68455,1.44,1.56
2018.01.05 10:11:29.670,1.68424,1.68458,1.56,1.44
2018.01.05 10:11:29.772,1.68431,1.68459,1.13,1.44
2018.01.05 10:11:30.134,1.68434,1.68461,1.00,1.81
2018.01.05 10:11:30.530,1.68434,1.68458,1.00,1.44
2018.01.05 10:11:30.745,1.68431,1.68458,2.63,1.44
2018.01.05 10:11:31.161,1.68431,1.68459,1.13,1.25
2018.01.05 10:11:31.212,1.68431,1.68458,1.13,1.44
2018.01.05 10:11:31.315,1.68426,1.68456,4.88,1.00
2018.01.05 10:11:31.417,1.6843,1.68456,1.00,1.00
2018.01.05 10:11:31.665,1.68427,1.68456,1.25,1.00
2018.01.05 10:11:32.106,1.6843,1.68456,1.00,1.25
2018.01.05 10:11:32.540,1.68431,1.68463,1.00,1.56
2018.01.05 10:11:32.592,1.68433,1.68466,1.25,1.75
2018.01.05 10:11:32.938,1.6843,1.6846,2.63,1.56
2018.01.05 10:11:34.715,1.68427,1.68453,1.00,1.94
2018.01.05 10:11:34.766,1.68421,1.68453,1.44,1.94
2018.01.05 10:11:35.376,1.6842,1.68451,1.88,1.50
2018.01.05 10:11:35.834,1.6842,1.68448,1.88,1.00
2018.01.05 10:11:36.128,1.6842,1.68451,1.88,1.50
2018.01.05 10:11:36.179,1.68427,1.68454,1.00,1.75
2018.01.05 10:11:36.231,1.68423,1.68452,1.73,1.44
2018.01.05 10:11:36.283,1.68423,1.68451,1.00,1.38
2018.01.05 10:11:36.335,1.68423,1.68454,1.25,2.06
2018.01.05 10:11:36.387,1.68426,1.68454,1.00,2.06
2018.01.05 10:11:36.913,1.68426,1.68454,2.06,1.25
2018.01.05 10:11:37.166,1.68429,1.68462,1.88,2.81
2018.01.05 10:11:37.218,1.6843,1.68459,1.44,1.81
2018.01.05 10:11:37.701,1.68426,1.68456,1.25,1.50
2018.01.05 10:11:37.753,1.68426,1.68454,1.25,1.00
2018.01.05 10:11:38.060,1.68428,1.6846,1.25,1.81
2018.01.05 10:11:38.659,1.68426,1.68453,1.44,1.38
2018.01.05 10:11:38.711,1.68427,1.68455,1.44,1.63
2018.01.05 10:11:38.762,1.68427,1.68455,1.44,1.13
2018.01.05 10:11:39.019,1.6843,1.68458,1.00,1.38
2018.01.05 10:11:39.073,1.68427,1.68461,3.75,1.88
2018.01.05 10:11:39.125,1.6843,1.68464,1.50,2.06
2018.01.05 10:11:39.502,1.68428,1.68455,1.69,1.75
2018.01.05 10:11:39.553,1.68426,1.68454,1.25,1.75
2018.01.05 10:11:39.707,1.68425,1.68449,1.44,1.25
2018.01.05 10:11:40.013,1.68423,1.6845,1.38,1.63
2018.01.05 10:11:40.597,1.68423,1.68451,1.88,1.63
2018.01.05 10:11:41.329,1.68423,1.6845,1.44,1.63
2018.01.05 10:11:43.914,1.68422,1.68448,1.13,1.63
2018.01.05 10:11:44.152,1.68417,1.68447,2.63,1.38
2018.01.05 10:11:44.674,1.68417,1.68446,1.88,1.38
2018.01.05 10:11:45.259,1.68418,1.68445,1.44,1.44
2018.01.05 10:11:45.507,1.68419,1.68447,1.38,1.63
2018.01.05 10:11:46.013,1.68418,1.68444,1.38,1.00
2018.01.05 10:11:46.327,1.68418,1.68444,1.38,1.63
2018.01.05 10:11:46.453,1.68417,1.68444,1.88,1.44
2018.01.05 10:11:48.464,1.68417,1.68445,2.63,1.63
2018.01.05 10:11:49.017,1.68417,1.68445,1.69,1.25
2018.01.05 10:11:49.374,1.68417,1.68443,1.25,1.00
2018.01.05 10:11:50.283,1.68417,1.68444,1.25,1.00
2018.01.05 10:11:50.588,1.68425,1.6845,1.00,1.44
2018.01.05 10:11:50.639,1.68425,1.68454,1.00,2.06
2018.01.05 10:11:51.303,1.68426,1.6845,1.00,1.00
2018.01.05 10:11:51.904,1.68425,1.68451,1.00,1.25
2018.01.05 10:11:52.397,1.68427,1.68454,1.38,1.88
2018.01.05 10:11:52.448,1.68427,1.68454,1.13,1.00
2018.01.05 10:11:52.601,1.6843,1.68454,1.00,1.00
2018.01.05 10:11:53.117,1.68429,1.68455,1.00,1.25
2018.01.05 10:11:54.736,1.6843,1.68454,1.00,1.00
2018.01.05 10:11:55.317,1.68429,1.68455,1.00,1.25
2018.01.05 10:11:55.858,1.6843,1.68454,1.00,1.25
2018.01.05 10:11:56.011,1.68424,1.6845,1.69,1.00
2018.01.05 10:11:56.539,1.68424,1.6845,1.44,1.00
2018.01.05 10:11:56.909,1.68423,1.68452,1.88,1.13
2018.01.05 10:11:56.961,1.68423,1.68452,1.25,1.69
2018.01.05 10:11:57.493,1.68423,1.68449,1.25,1.00
2018.01.05 10:11:57.948,1.68423,1.68454,1.12,1.37
2018.01.05 10:11:58.483,1.68423,1.68454,1.31,1.56
2018.01.05 10:11:59.150,1.68422,1.68452,1.44,1.63
2018.01.05 10:11:59.943,1.68422,1.68452,1.38,2.25
2018.01.05 10:12:00.560,1.68421,1.68452,1.88,1.44
2018.01.05 10:12:00.963,1.68427,1.68456,1.25,1.56
2018.01.05 10:12:01.371,1.68425,1.68455,1.00,1.56
2018.01.05 10:12:01.883,1.68424,1.68456,1.63,1.75
2018.01.05 10:12:02.477,1.68425,1.68456,1.88,2.25
2018.01.05 10:12:03.424,1.68425,1.68456,1.38,1.75
2018.01.05 10:12:03.649,1.68428,1.68456,1.25,1.38
2018.01.05 10:12:04.011,1.68426,1.68458,1.38,2.06
2018.01.05 10:12:04.114,1.68424,1.68453,1.00,1.69
2018.01.05 10:12:04.643,1.68421,1.68451,1.88,1.44
2018.01.05 10:12:05.185,1.68422,1.68452,1.56,1.44
2018.01.05 10:12:07.526,1.68422,1.68449,2.06,1.00
2018.01.05 10:12:08.291,1.68418,1.68447,1.00,1.75
2018.01.05 10:12:08.445,1.68407,1.68439,1.50,1.38
2018.01.05 10:12:08.496,1.68407,1.68437,1.38,1.38
2018.01.05 10:12:08.598,1.68404,1.68438,2.06,2.06
2018.01.05 10:12:08.745,1.68404,1.68436,3.00,1.38
2018.01.05 10:12:08.797,1.68403,1.68432,1.38,1.81
2018.01.05 10:12:08.850,1.68403,1.68434,1.63,1.44
2018.01.05 10:12:09.005,1.68405,1.68436,1.63,1.88
2018.01.05 10:12:09.360,1.68405,1.68434,2.81,1.25
2018.01.05 10:12:09.875,1.68405,1.68435,1.63,1.13
2018.01.05 10:12:10.187,1.68403,1.68432,2.06,1.44
2018.01.05 10:12:10.763,1.68403,1.68432,1.63,1.38
2018.01.05 10:12:10.814,1.68403,1.68433,1.25,1.19
2018.01.05 10:12:11.332,1.68403,1.68433,1.44,1.38
2018.01.05 10:12:11.864,1.68403,1.68433,1.56,1.38
2018.01.05 10:12:14.309,1.68407,1.68434,1.00,1.38
2018.01.05 10:12:14.853,1.68407,1.68435,1.13,1.63
2018.01.05 10:12:15.562,1.68406,1.68435,1.13,1.63
2018.01.05 10:12:15.919,1.68407,1.68437,1.38,2.06
2018.01.05 10:12:16.808,1.68407,1.68436,1.88,1.38
2018.01.05 10:12:17.313,1.68407,1.68436,1.69,1.44
2018.01.05 10:12:18.501,1.68407,1.68438,1.88,1.31
2018.01.05 10:12:18.603,1.68411,1.68438,1.44,1.44
2018.01.05 10:12:18.655,1.68414,1.68441,1.00,1.31
2018.01.05 10:12:19.164,1.68414,1.68443,1.88,1.56
2018.01.05 10:12:19.713,1.68414,1.68443,1.88,2.25
2018.01.05 10:12:20.218,1.68414,1.68443,1.13,2.06
2018.01.05 10:12:20.724,1.68415,1.68443,1.00,2.06
2018.01.05 10:12:21.435,1.68415,1.68443,1.13,1.50
2018.01.05 10:12:21.501,1.68408,1.68428,1.00,1.44
2018.01.05 10:12:21.552,1.68405,1.68428,1.00,1.56
2018.01.05 10:12:21.604,1.68399,1.68428,1.31,1.31
2018.01.05 10:12:21.656,1.68399,1.68429,1.56,1.56
2018.01.05 10:12:22.217,1.68399,1.68429,1.56,1.88
2018.01.05 10:12:22.595,1.684,1.68429,1.56,1.69
2018.01.05 10:12:23.316,1.684,1.68429,1.56,1.44
2018.01.05 10:12:25.244,1.684,1.68431,1.56,1.38
2018.01.05 10:12:26.228,1.684,1.68432,1.56,2.25
2018.01.05 10:12:26.361,1.68398,1.68428,1.63,1.63
2018.01.05 10:12:26.929,1.68399,1.68427,1.88,1.38
2018.01.05 10:12:27.502,1.68397,1.68427,1.56,1.38
2018.01.05 10:12:28.649,1.68396,1.68424,1.44,1.00
2018.01.05 10:12:28.751,1.68394,1.68423,1.13,1.44
2018.01.05 10:12:28.853,1.68391,1.68422,1.63,1.38
2018.01.05 10:12:29.203,1.68394,1.68421,1.00,1.44
2018.01.05 10:12:29.554,1.68396,1.68422,1.13,1.44
2018.01.05 10:12:30.153,1.68396,1.68422,1.13,1.69
2018.01.05 10:12:30.679,1.68396,1.68421,1.00,1.00
2018.01.05 10:12:31.128,1.68396,1.68423,1.00,1.69
2018.01.05 10:12:31.635,1.68396,1.68422,1.13,1.25
2018.01.05 10:12:32.277,1.68396,1.68423,1.00,1.25
2018.01.05 10:12:32.869,1.68396,1.68422,1.13,1.25
2018.01.05 10:12:33.114,1.68393,1.68422,1.56,1.88
2018.01.05 10:12:33.351,1.68396,1.68424,1.25,1.38
2018.01.05 10:12:33.505,1.68398,1.68428,1.38,2.06
2018.01.05 10:12:33.956,1.68395,1.68425,1.63,1.63
2018.01.05 10:12:34.521,1.68396,1.68424,1.38,1.38
2018.01.05 10:12:35.047,1.68397,1.68424,1.44,1.44
2018.01.05 10:12:36.130,1.68395,1.68424,1.38,2.25
2018.01.05 10:12:36.436,1.68392,1.68423,1.38,2.06
2018.01.05 10:12:36.890,1.68391,1.6842,1.38,1.63
2018.01.05 10:12:37.493,1.68391,1.68419,1.38,1.63
2018.01.05 10:12:38.468,1.68391,1.6842,1.44,2.06
2018.01.05 10:12:39.078,1.68389,1.68418,1.38,1.31
2018.01.05 10:12:39.129,1.6839,1.68419,1.13,1.44
2018.01.05 10:12:39.404,1.68392,1.6842,1.00,1.38
2018.01.05 10:12:39.948,1.68392,1.68421,1.63,1.88
2018.01.05 10:12:40.988,1.68392,1.68421,1.44,1.69
2018.01.05 10:12:41.494,1.68392,1.68421,1.13,1.38
2018.01.05 10:12:42.182,1.68392,1.68421,1.38,2.06
2018.01.05 10:12:42.794,1.68392,1.68421,1.13,1.56
2018.01.05 10:12:43.924,1.68392,1.68421,1.44,2.06
2018.01.05 10:12:44.820,1.68392,1.68421,1.44,2.06
2018.01.05 10:12:45.148,1.68392,1.68421,1.25,2.06
2018.01.05 10:12:45.199,1.68393,1.68421,1.44,1.56
2018.01.05 10:12:45.740,1.68393,1.68421,1.25,1.63
2018.01.05 10:12:46.272,1.68393,1.68422,1.44,2.06
2018.01.05 10:12:47.813,1.6839,1.6842,1.38,1.31
2018.01.05 10:12:47.864,1.6839,1.6842,1.38,1.56
2018.01.05 10:12:48.560,1.6839,1.6842,1.25,2.06
2018.01.05 10:12:49.105,1.6839,1.68419,1.38,1.75
2018.01.05 10:12:49.410,1.6839,1.68417,1.44,1.38
2018.01.05 10:12:49.461,1.68388,1.68418,1.38,1.56
2018.01.05 10:12:49.513,1.68388,1.68417,1.44,1.63
2018.01.05 10:12:49.984,1.68388,1.68416,1.44,1.63
2018.01.05 10:12:51.521,1.68388,1.68417,1.13,1.56
2018.01.05 10:12:51.864,1.68388,1.68417,1.13,1.63
2018.01.05 10:12:52.432,1.68388,1.68417,1.38,2.06
2018.01.05 10:12:53.582,1.68386,1.68417,1.38,2.06
2018.01.05 10:12:54.264,1.68387,1.68415,1.44,1.31
2018.01.05 10:12:54.786,1.68391,1.68417,1.00,2.06
2018.01.05 10:12:54.837,1.68391,1.68421,1.44,2.81
2018.01.05 10:12:55.348,1.68392,1.68421,1.38,1.56
2018.01.05 10:12:55.785,1.68393,1.68421,1.38,1.56
2018.01.05 10:12:57.063,1.68393,1.6842,1.44,1.63
2018.01.05 10:12:57.495,1.68389,1.68417,1.38,1.38
2018.01.05 10:12:58.020,1.68389,1.68417,1.25,2.06
2018.01.05 10:12:59.321,1.68389,1.68417,1.25,2.06
2018.01.05 10:12:59.525,1.68389,1.68416,1.44,2.25
2018.01.05 10:13:00.846,1.68387,1.68416,1.73,2.25
2018.01.05 10:13:01.697,1.68387,1.68416,1.73,2.25
2018.01.05 10:13:02.464,1.68387,1.68415,1.73,1.50
2018.01.05 10:13:03.251,1.68387,1.68416,1.73,1.50
2018.01.05 10:13:03.983,1.68387,1.68414,1.73,1.00
2018.01.05 10:13:04.523,1.68387,1.68414,1.38,1.25
2018.01.05 10:13:05.015,1.68387,1.68412,1.00,1.31
2018.01.05 10:13:05.117,1.68382,1.68413,2.25,1.81
2018.01.05 10:13:05.333,1.68387,1.68413,1.19,1.25
2018.01.05 10:13:05.849,1.68387,1.68414,1.56,1.31
2018.01.05 10:13:06.115,1.68387,1.68414,1.31,1.00
2018.01.05 10:13:06.717,1.68387,1.68417,1.81,1.87
2018.01.05 10:13:07.277,1.68387,1.68417,1.69,2.81
2018.01.05 10:13:08.079,1.68387,1.68417,1.31,2.63
2018.01.05 10:13:08.614,1.68388,1.68415,1.00,1.44
2018.01.05 10:13:09.286,1.68389,1.68417,1.00,1.88
2018.01.05 10:13:09.338,1.68391,1.68419,1.13,1.88
2018.01.05 10:13:09.863,1.68391,1.68419,1.38,1.38
2018.01.05 10:13:10.975,1.68391,1.68419,1.13,1.13
2018.01.05 10:13:12.147,1.68392,1.6842,1.13,1.38
2018.01.05 10:13:13.212,1.68392,1.6842,1.88,1.38
2018.01.05 10:13:17.847,1.68392,1.6842,1.88,1.44
2018.01.05 10:13:18.000,1.68393,1.6842,1.63,1.38
2018.01.05 10:13:18.187,1.68397,1.68424,1.25,1.44
2018.01.05 10:13:18.713,1.68398,1.68425,1.88,1.38
2018.01.05 10:13:19.003,1.68395,1.68423,1.88,1.44
2018.01.05 10:13:19.106,1.68398,1.68426,1.00,2.63
2018.01.05 10:13:19.158,1.68398,1.68426,1.25,1.88
2018.01.05 10:13:19.855,1.68398,1.68426,1.44,2.63
2018.01.05 10:13:20.364,1.68399,1.68426,1.25,1.88
2018.01.05 10:13:20.678,1.68396,1.68424,1.56,1.38
2018.01.05 10:13:21.451,1.68396,1.68424,1.63,1.44
2018.01.05 10:13:21.655,1.68395,1.68422,1.69,1.19
2018.01.05 10:13:21.757,1.68392,1.6842,1.19,1.19
2018.01.05 10:13:22.290,1.68391,1.68421,1.56,1.88
2018.01.05 10:13:22.596,1.6839,1.68417,1.25,1.31
2018.01.05 10:13:22.903,1.68383,1.68411,1.56,1.44
2018.01.05 10:13:23.197,1.68386,1.68414,2.06,1.44
2018.01.05 10:13:27.717,1.68388,1.68416,2.06,1.38
2018.01.05 10:13:27.768,1.68389,1.68417,1.44,1.44
2018.01.05 10:13:28.285,1.68389,1.68417,1.38,1.38
2018.01.05 10:13:29.073,1.68389,1.68417,1.13,1.31
2018.01.05 10:13:29.563,1.68386,1.68414,1.88,1.38
2018.01.05 10:13:29.614,1.68386,1.68414,1.88,1.44
2018.01.05 10:13:30.336,1.68388,1.68415,1.00,1.44
2018.01.05 10:13:30.893,1.68388,1.68415,1.13,1.63
2018.01.05 10:13:32.005,1.68388,1.68415,1.00,1.25
2018.01.05 10:13:32.557,1.68388,1.68415,1.13,1.63
2018.01.05 10:13:38.181,1.68385,1.68412,1.88,1.00
2018.01.05 10:13:38.232,1.68383,1.68412,1.38,1.63
2018.01.05 10:13:38.284,1.68382,1.68411,1.63,1.38
2018.01.05 10:13:38.814,1.68382,1.68409,1.38,1.44
2018.01.05 10:13:39.704,1.6838,1.6841,1.44,1.38
2018.01.05 10:13:39.797,1.6838,1.68407,1.44,1.00
2018.01.05 10:13:40.397,1.6838,1.68408,1.25,1.38
2018.01.05 10:13:40.920,1.6838,1.68408,1.44,1.88
2018.01.05 10:13:42.251,1.68378,1.68406,1.44,1.38
2018.01.05 10:13:42.765,1.68376,1.68406,2.63,1.63
2018.01.05 10:13:43.374,1.68376,1.68406,1.88,1.38
2018.01.05 10:13:45.141,1.68378,1.68407,1.00,1.38
2018.01.05 10:13:45.510,1.68378,1.68407,2.06,1.38
2018.01.05 10:13:45.612,1.68378,1.68405,1.44,1.38
2018.01.05 10:13:46.147,1.68376,1.68405,1.38,1.63
2018.01.05 10:13:46.664,1.68376,1.68405,1.38,1.56
2018.01.05 10:13:47.563,1.68376,1.68405,1.38,1.38
2018.01.05 10:13:49.157,1.68376,1.68404,1.38,1.38
2018.01.05 10:13:51.176,1.68376,1.68404,1.44,1.38
2018.01.05 10:13:51.329,1.68375,1.68402,1.44,1.38
2018.01.05 10:13:51.455,1.68372,1.68402,2.81,1.38
2018.01.05 10:13:52.105,1.68372,1.68402,3.00,1.38
2018.01.05 10:13:53.011,1.68375,1.68403,1.63,1.38
2018.01.05 10:13:53.626,1.68375,1.68403,1.50,1.44
2018.01.05 10:13:54.676,1.68375,1.68403,1.69,1.38
2018.01.05 10:13:55.870,1.68375,1.68402,1.63,1.25
2018.01.05 10:13:56.327,1.68375,1.68403,2.44,1.38
2018.01.05 10:13:56.379,1.6838,1.68407,1.50,1.44
2018.01.05 10:13:56.583,1.68382,1.68408,1.00,1.38
2018.01.05 10:13:56.634,1.68383,1.6841,1.25,1.38
2018.01.05 10:13:56.686,1.68386,1.68413,1.00,1.38
2018.01.05 10:13:56.738,1.68384,1.68412,2.00,1.44
2018.01.05 10:13:57.278,1.68384,1.68411,1.44,1.25
2018.01.05 10:13:57.715,1.68383,1.68408,1.50,1.00
2018.01.05 10:13:57.766,1.68383,1.68409,2.25,1.00
2018.01.05 10:13:57.818,1.68381,1.68409,1.38,1.63
2018.01.05 10:13:57.870,1.6838,1.68408,2.25,1.38
2018.01.05 10:13:58.358,1.68383,1.68411,1.50,1.44
2018.01.05 10:13:58.867,1.68384,1.68411,1.31,1.38
2018.01.05 10:13:59.582,1.68384,1.68411,1.25,1.44
2018.01.05 10:13:59.874,1.68382,1.68408,1.31,1.25
2018.01.05 10:14:00.404,1.68382,1.6841,1.25,1.44
2018.01.05 10:14:00.730,1.68383,1.68411,1.81,1.38
2018.01.05 10:14:01.798,1.68381,1.68407,1.94,1.00
2018.01.05 10:14:02.364,1.68379,1.68408,1.75,1.38
2018.01.05 10:14:02.415,1.68379,1.68408,1.75,1.38
2018.01.05 10:14:03.159,1.68379,1.68408,1.94,1.38
2018.01.05 10:14:04.881,1.68383,1.68407,1.00,1.13
2018.01.05 10:14:04.933,1.68383,1.68411,2.25,1.38
2018.01.05 10:14:05.476,1.68383,1.68411,3.00,1.44
2018.01.05 10:14:06.259,1.68384,1.68411,1.56,1.38
2018.01.05 10:14:06.412,1.68383,1.6841,1.69,1.25
2018.01.05 10:14:07.053,1.68384,1.6841,1.81,1.38
2018.01.05 10:14:07.223,1.68386,1.68414,1.81,1.63
2018.01.05 10:14:07.325,1.68385,1.6841,1.38,1.00
2018.01.05 10:14:07.376,1.68383,1.6841,2.25,1.50
2018.01.05 10:14:07.520,1.68385,1.68413,1.50,1.56
2018.01.05 10:14:07.728,1.68383,1.6841,2.63,1.13
2018.01.05 10:14:08.541,1.68383,1.68411,1.44,1.63
2018.01.05 10:14:09.199,1.68383,1.68411,1.25,1.38
2018.01.05 10:14:15.567,1.68383,1.68411,1.38,1.63
2018.01.05 10:14:15.918,1.68382,1.68407,1.00,1.38
2018.01.05 10:14:16.021,1.6838,1.68406,1.25,1.63
2018.01.05 10:14:16.389,1.68378,1.68402,1.00,1.31
2018.01.05 10:14:16.494,1.68371,1.684,1.88,1.31
2018.01.05 10:14:16.901,1.68369,1.68398,2.63,1.44
2018.01.05 10:14:17.284,1.68365,1.68393,1.38,1.56
2018.01.05 10:14:18.099,1.68366,1.68393,1.25,1.38
2018.01.05 10:14:18.475,1.68363,1.68392,1.38,1.63
2018.01.05 10:14:18.680,1.68363,1.6839,1.25,1.31
2018.01.05 10:14:19.274,1.68363,1.6839,1.44,1.38
2018.01.05 10:14:20.020,1.68362,1.68389,2.63,1.38
2018.01.05 10:14:22.287,1.68361,1.68386,1.25,1.31
2018.01.05 10:14:22.524,1.6836,1.68388,1.38,1.81
2018.01.05 10:14:23.345,1.6836,1.68388,1.38,2.06
2018.01.05 10:14:23.786,1.68357,1.68387,2.81,1.56
2018.01.05 10:14:24.336,1.68357,1.68387,1.88,1.56
2018.01.05 10:14:25.045,1.68358,1.68385,1.44,1.81
2018.01.05 10:14:25.097,1.68358,1.68386,1.00,1.75
2018.01.05 10:14:25.149,1.68353,1.68385,1.50,1.56
2018.01.05 10:14:25.251,1.68355,1.68383,1.88,2.25
2018.01.05 10:14:25.773,1.68355,1.68382,1.44,1.25
2018.01.05 10:14:26.305,1.68355,1.68382,1.25,1.88
2018.01.05 10:14:26.844,1.68355,1.68382,1.88,1.50
2018.01.05 10:14:27.925,1.68355,1.68382,1.88,1.25
2018.01.05 10:14:28.613,1.68356,1.68382,1.00,1.44
2018.01.05 10:14:29.193,1.68355,1.68383,1.25,1.88
2018.01.05 10:14:29.744,1.68356,1.6838,1.00,1.00
2018.01.05 10:14:30.000,1.68357,1.68384,1.88,1.25
2018.01.05 10:14:30.578,1.68359,1.68384,1.44,1.44
2018.01.05 10:14:31.467,1.68359,1.68385,1.38,1.50
2018.01.05 10:14:32.939,1.68359,1.68386,1.13,1.88
2018.01.05 10:14:33.676,1.68359,1.68386,1.38,1.50
2018.01.05 10:14:35.087,1.68359,1.68388,1.88,1.31
2018.01.05 10:14:35.309,1.68359,1.68386,1.44,1.38
2018.01.05 10:14:35.618,1.68358,1.68385,1.44,1.63
2018.01.05 10:14:36.079,1.68357,1.68384,1.25,1.31
2018.01.05 10:14:36.628,1.68358,1.68386,1.00,1.38
2018.01.05 10:14:37.022,1.68361,1.68386,1.25,1.38
2018.01.05 10:14:37.126,1.68363,1.68391,1.13,1.38
2018.01.05 10:14:37.177,1.68363,1.68392,1.13,1.31
2018.01.05 10:14:37.679,1.68362,1.68392,1.63,1.63
2018.01.05 10:14:38.246,1.68363,1.68392,1.44,2.06
2018.01.05 10:14:38.824,1.68362,1.68391,1.38,1.56
2018.01.05 10:14:39.285,1.68355,1.68384,2.63,1.50
2018.01.05 10:14:39.438,1.68355,1.68383,1.13,1.44
2018.01.05 10:14:39.591,1.68361,1.68388,1.69,2.63
2018.01.05 10:14:39.846,1.68358,1.68385,1.00,1.44
2018.01.05 10:14:39.897,1.68355,1.68382,1.38,1.00
2018.01.05 10:14:40.407,1.68354,1.68382,1.75,1.38
2018.01.05 10:14:40.904,1.68353,1.68382,2.06,1.38
2018.01.05 10:14:43.255,1.68351,1.68378,1.44,1.38
2018.01.05 10:14:43.357,1.68351,1.68378,1.63,1.44
2018.01.05 10:14:43.927,1.68351,1.68378,2.06,1.38
2018.01.05 10:14:44.236,1.68351,1.68375,1.56,1.00
2018.01.05 10:14:44.391,1.68351,1.68375,2.06,1.00
2018.01.05 10:14:45.156,1.68351,1.68375,1.63,1.00
2018.01.05 10:14:45.754,1.68349,1.68372,1.81,1.00
2018.01.05 10:14:45.957,1.68347,1.68372,2.25,1.00
2018.01.05 10:14:46.263,1.68344,1.68371,1.38,1.00
2018.01.05 10:14:46.699,1.68343,1.68367,1.63,1.00
2018.01.05 10:14:47.648,1.68343,1.68367,1.44,1.00
2018.01.05 10:14:48.196,1.68341,1.68367,3.56,1.00
2018.01.05 10:14:48.738,1.68342,1.68366,2.06,1.00
2018.01.05 10:14:49.275,1.6834,1.68365,1.31,1.00
2018.01.05 10:14:50.320,1.6834,1.68365,1.56,1.00
2018.01.05 10:14:50.921,1.6834,1.68365,1.31,1.00
2018.01.05 10:14:51.137,1.68342,1.68366,1.31,1.00
2018.01.05 10:14:53.725,1.68342,1.6837,1.31,1.44
2018.01.05 10:14:54.547,1.68342,1.68371,1.56,1.38
2018.01.05 10:14:54.753,1.68342,1.68372,1.56,1.38
2018.01.05 10:14:57.551,1.68343,1.68372,1.63,1.88
2018.01.05 10:14:58.100,1.68342,1.6837,2.06,1.38
2018.01.05 10:14:59.221,1.68342,1.6837,1.31,1.13
2018.01.05 10:14:59.525,1.68341,1.68369,1.63,1.44
2018.01.05 10:15:00.314,1.68342,1.6837,1.81,1.38
2018.01.05 10:15:01.064,1.68341,1.68369,1.44,1.13
2018.01.05 10:15:01.576,1.68341,1.68369,1.38,1.38
2018.01.05 10:15:02.082,1.68341,1.68369,1.44,1.13
2018.01.05 10:15:02.602,1.68341,1.68369,2.25,1.19
2018.01.05 10:15:03.098,1.68343,1.68371,1.56,1.38
2018.01.05 10:15:04.594,1.68343,1.68371,1.63,1.13
2018.01.05 10:15:05.744,1.68343,1.68371,1.56,1.38
2018.01.05 10:15:08.146,1.68343,1.68373,1.56,1.88
2018.01.05 10:15:12.601,1.68343,1.68372,1.56,1.88
2018.01.05 10:15:12.949,1.68349,1.68377,1.31,1.88
2018.01.05 10:15:13.276,1.68349,1.68379,1.56,1.56
2018.01.05 10:15:13.831,1.68349,1.68379,2.06,2.06
2018.01.05 10:15:14.414,1.68351,1.68379,1.31,1.38
2018.01.05 10:15:17.245,1.68351,1.68379,1.25,1.44
2018.01.05 10:15:17.765,1.68349,1.68377,1.56,1.54
2018.01.05 10:15:17.867,1.68346,1.68373,1.13,2.63
2018.01.05 10:15:18.420,1.68346,1.68372,1.44,1.31
2018.01.05 10:15:19.083,1.68346,1.68373,1.25,1.88
2018.01.05 10:15:19.559,1.68345,1.68372,1.88,1.38
2018.01.05 10:15:20.144,1.68345,1.68373,1.19,1.88
2018.01.05 10:15:20.981,1.68345,1.68372,1.88,2.63
2018.01.05 10:15:21.306,1.68345,1.68367,1.00,1.25
2018.01.05 10:15:21.876,1.68344,1.68367,1.35,1.13
2018.01.05 10:15:22.312,1.68339,1.68367,1.88,2.06
2018.01.05 10:15:23.927,1.68339,1.68367,1.44,2.81
2018.01.05 10:15:25.730,1.68339,1.68365,1.44,1.63
2018.01.05 10:15:25.782,1.68336,1.68362,1.69,1.00
2018.01.05 10:15:25.884,1.68337,1.68362,1.00,1.88
2018.01.05 10:15:25.989,1.68332,1.68362,2.25,1.88
2018.01.05 10:15:26.091,1.68332,1.68359,1.88,1.44
2018.01.05 10:15:26.292,1.68332,1.68359,1.88,1.25
2018.01.05 10:15:26.825,1.68332,1.68359,1.88,1.44
2018.01.05 10:15:27.366,1.68332,1.68359,2.06,1.38
2018.01.05 10:15:28.002,1.68332,1.6836,1.88,1.44
2018.01.05 10:15:28.897,1.68333,1.68364,1.88,2.06
2018.01.05 10:15:29.873,1.68334,1.68364,1.31,1.25
2018.01.05 10:15:30.449,1.68334,1.68364,1.69,1.25
2018.01.05 10:15:30.964,1.68334,1.68364,1.94,1.44
2018.01.05 10:15:31.777,1.68333,1.68365,2.00,2.06
2018.01.05 10:15:32.305,1.68333,1.68364,1.94,1.13
2018.01.05 10:15:32.852,1.68335,1.68363,1.56,1.00
2018.01.05 10:15:33.393,1.68333,1.68365,2.44,2.25
2018.01.05 10:15:33.963,1.68336,1.68364,1.44,1.13
2018.01.05 10:15:35.121,1.68336,1.68364,1.50,1.38
2018.01.05 10:15:36.238,1.68336,1.68364,1.31,1.13
2018.01.05 10:15:37.405,1.68337,1.68364,1.19,1.38
2018.01.05 10:15:37.608,1.68336,1.68363,1.25,1.00
2018.01.05 10:15:37.659,1.68336,1.68364,1.38,1.88
2018.01.05 10:15:38.958,1.68334,1.68365,1.56,2.06
2018.01.05 10:15:39.427,1.68339,1.68367,1.25,1.00
2018.01.05 10:15:39.770,1.6834,1.68369,1.44,1.25
2018.01.05 10:15:40.887,1.68341,1.6837,1.38,1.25
2018.01.05 10:15:44.201,1.68341,1.68372,1.13,1.31
2018.01.05 10:15:44.506,1.68345,1.68375,1.00,1.69
2018.01.05 10:15:45.029,1.68345,1.68373,1.50,1.00
2018.01.05 10:15:45.356,1.68346,1.68374,1.38,1.88
2018.01.05 10:15:46.096,1.68346,1.68374,1.44,1.44
2018.01.05 10:15:46.802,1.68347,1.68374,1.13,1.38
2018.01.05 10:15:47.415,1.68346,1.68375,1.38,1.44
2018.01.05 10:15:47.858,1.68344,1.68372,1.13,1.50
2018.01.05 10:15:48.185,1.68342,1.68369,1.44,1.13
2018.01.05 10:15:48.532,1.68341,1.68369,1.25,1.13
2018.01.05 10:15:49.639,1.6834,1.6837,3.00,1.38
2018.01.05 10:15:50.093,1.6834,1.68371,1.38,1.56
2018.01.05 10:15:50.196,1.68338,1.68368,1.44,1.75
2018.01.05 10:15:50.298,1.68336,1.68367,2.63,1.56
2018.01.05 10:15:50.826,1.68338,1.68365,1.88,1.25
2018.01.05 10:15:51.088,1.68339,1.6837,1.00,1.56
2018.01.05 10:15:51.252,1.68339,1.6837,1.38,1.56
2018.01.05 10:15:51.406,1.68339,1.68369,1.88,1.25
2018.01.05 10:15:51.610,1.68339,1.68367,2.63,1.00
2018.01.05 10:15:52.036,1.68339,1.68372,1.87,2.81
2018.01.05 10:15:52.594,1.68339,1.68372,2.06,2.06
2018.01.05 10:15:53.988,1.68339,1.68372,1.87,1.44
2018.01.05 10:15:54.039,1.68339,1.68372,2.06,1.38
2018.01.05 10:15:54.091,1.68342,1.68373,1.00,1.56
2018.01.05 10:15:55.305,1.68337,1.68368,2.63,2.06
2018.01.05 10:15:55.910,1.68337,1.68364,1.88,1.00
2018.01.05 10:15:56.761,1.68339,1.6837,1.13,1.81
2018.01.05 10:15:57.265,1.68339,1.6837,1.38,1.63
2018.01.05 10:15:57.773,1.68339,1.68369,1.25,1.44
2018.01.05 10:15:58.554,1.68337,1.68367,2.25,1.44
2018.01.05 10:15:58.658,1.68337,1.68368,2.25,1.25
2018.01.05 10:15:59.396,1.68339,1.68367,1.25,1.00
2018.01.05 10:16:00.157,1.68338,1.68368,1.50,1.31
2018.01.05 10:16:01.104,1.6834,1.6837,1.31,1.31
2018.01.05 10:16:01.206,1.68341,1.68372,1.44,1.88
2018.01.05 10:16:01.516,1.68341,1.68371,1.44,1.50
2018.01.05 10:16:03.005,1.68341,1.68371,1.25,1.25
2018.01.05 10:16:03.561,1.68341,1.68371,1.38,1.88
2018.01.05 10:16:05.317,1.68341,1.68369,1.44,1.56
2018.01.05 10:16:05.686,1.6834,1.68367,1.38,1.63
2018.01.05 10:16:07.334,1.6834,1.68364,1.19,1.38
2018.01.05 10:16:07.835,1.68342,1.68364,1.13,1.00
2018.01.05 10:16:07.887,1.68343,1.68366,1.19,1.25
2018.01.05 10:16:07.938,1.68342,1.68368,1.00,1.63
2018.01.05 10:16:08.564,1.68342,1.68363,1.00,1.00
2018.01.05 10:16:08.615,1.68333,1.68359,1.12,1.38
2018.01.05 10:16:08.667,1.68336,1.68363,1.44,1.25
2018.01.05 10:16:08.820,1.68341,1.68363,1.00,1.25
2018.01.05 10:16:09.177,1.6834,1.68366,1.13,1.25
2018.01.05 10:16:09.228,1.6834,1.68368,1.13,1.69
2018.01.05 10:16:09.772,1.68341,1.68367,1.13,1.25
2018.01.05 10:16:10.126,1.68337,1.68365,1.69,1.38
2018.01.05 10:16:10.228,1.6834,1.68368,1.63,1.00
2018.01.05 10:16:10.279,1.68343,1.68368,1.56,1.00
2018.01.05 10:16:10.381,1.68343,1.6837,1.56,1.25
2018.01.05 10:16:11.536,1.68342,1.6837,1.56,1.38
2018.01.05 10:16:11.588,1.68342,1.68369,1.31,1.63
2018.01.05 10:16:11.742,1.68343,1.68371,1.25,1.44
2018.01.05 10:16:11.896,1.68345,1.68372,1.38,1.00
2018.01.05 10:16:11.947,1.68345,1.68377,1.38,1.69
2018.01.05 10:16:12.205,1.68345,1.68376,3.38,1.44
2018.01.05 10:16:12.319,1.6835,1.68378,1.31,1.44
2018.01.05 10:16:12.370,1.68351,1.68379,1.63,1.88
2018.01.05 10:16:13.116,1.6835,1.68379,2.06,1.88
2018.01.05 10:16:13.803,1.68351,1.68379,1.31,1.38
2018.01.05 10:16:14.237,1.68347,1.68374,1.63,1.38
2018.01.05 10:16:14.289,1.68347,1.68373,1.56,1.00
2018.01.05 10:16:14.341,1.68349,1.68377,1.13,1.38
2018.01.05 10:16:14.650,1.68352,1.6838,1.75,1.88
2018.01.05 10:16:15.223,1.68352,1.6838,2.25,1.38
2018.01.05 10:16:15.949,1.68352,1.6838,2.06,1.44
2018.01.05 10:16:16.101,1.68352,1.6838,1.50,1.38
2018.01.05 10:16:16.867,1.68352,1.6838,1.25,1.44
2018.01.05 10:16:17.493,1.68352,1.6838,1.50,1.88
2018.01.05 10:16:17.676,1.6835,1.68377,1.81,1.38
2018.01.05 10:16:17.806,1.6835,1.68377,1.25,1.44
2018.01.05 10:16:18.483,1.68349,1.68377,1.88,1.38
2018.01.05 10:16:18.800,1.68348,1.68376,3.19,1.13
2018.01.05 10:16:19.403,1.68348,1.68376,3.19,1.38
2018.01.05 10:16:22.417,1.68348,1.68376,3.00,1.88
2018.01.05 10:16:23.426,1.68348,1.68376,2.25,1.88
2018.01.05 10:16:26.843,1.68348,1.68374,1.75,1.00
2018.01.05 10:16:27.421,1.68348,1.68375,1.50,1.00
2018.01.05 10:16:28.053,1.68348,1.68376,2.44,1.88
2018.01.05 10:16:28.603,1.6835,1.68376,1.00,1.38
2018.01.05 10:16:30.297,1.68349,1.68376,1.00,1.88
2018.01.05 10:16:31.009,1.6835,1.68376,1.00,1.38
2018.01.05 10:16:33.609,1.68349,1.68376,1.00,1.88
2018.01.05 10:16:34.405,1.68348,1.68376,1.75,1.88
2018.01.05 10:16:37.276,1.68348,1.68376,2.00,1.13
2018.01.05 10:16:38.574,1.68348,1.68376,1.94,1.88
2018.01.05 10:16:39.203,1.68348,1.68376,2.25,1.88
2018.01.05 10:16:39.743,1.68348,1.68376,2.25,1.88
2018.01.05 10:16:41.364,1.68348,1.68376,2.25,1.69
2018.01.05 10:16:41.943,1.68348,1.68376,1.75,1.13
2018.01.05 10:16:44.065,1.6835,1.6838,1.75,2.63
2018.01.05 10:16:44.269,1.68351,1.68378,1.50,1.19
2018.01.05 10:16:45.071,1.68351,1.68378,1.81,1.63
2018.01.05 10:16:47.355,1.68347,1.68377,1.81,1.19
2018.01.05 10:16:48.595,1.68347,1.68377,1.81,1.19
2018.01.05 10:16:51.063,1.68347,1.68377,1.75,1.19
2018.01.05 10:16:51.267,1.68354,1.68381,1.37,1.19
2018.01.05 10:16:51.737,1.68358,1.6838,1.00,1.19
2018.01.05 10:16:51.790,1.68353,1.6838,1.00,1.25
2018.01.05 10:16:51.945,1.68353,1.6838,1.37,1.25
2018.01.05 10:16:52.254,1.6835,1.68378,1.56,1.19
2018.01.05 10:16:52.458,1.68348,1.68376,1.50,1.25
2018.01.05 10:16:53.011,1.68348,1.68376,1.75,1.19
2018.01.05 10:16:55.073,1.68347,1.68375,1.75,1.19
2018.01.05 10:16:56.981,1.68347,1.68375,1.62,1.25
2018.01.05 10:16:57.033,1.68346,1.68373,1.62,1.19
2018.01.05 10:16:57.414,1.68342,1.68371,1.75,1.19
2018.01.05 10:16:58.106,1.68342,1.68371,1.81,1.19
2018.01.05 10:16:58.457,1.68343,1.68369,1.56,1.19
2018.01.05 10:16:58.509,1.68345,1.68372,1.81,1.19
2018.01.05 10:16:59.065,1.68345,1.68372,1.81,1.19
2018.01.05 10:16:59.510,1.68345,1.68373,1.81,1.25
2018.01.05 10:17:00.423,1.68348,1.68376,1.31,1.19
2018.01.05 10:17:00.475,1.68348,1.68378,1.75,1.19
2018.01.05 10:17:01.100,1.68351,1.68379,1.31,1.19
2018.01.05 10:17:01.152,1.68351,1.68379,1.50,1.25
2018.01.05 10:17:02.451,1.68351,1.68379,1.75,1.19
2018.01.05 10:17:02.766,1.68349,1.68377,1.81,1.19
2018.01.05 10:17:02.818,1.68348,1.68375,1.12,1.25
2018.01.05 10:17:02.972,1.68349,1.68377,1.50,1.25
2018.01.05 10:17:03.530,1.68348,1.68376,2.25,1.25
2018.01.05 10:17:04.777,1.68348,1.68378,1.62,1.19
2018.01.05 10:17:05.350,1.68353,1.68383,1.25,2.44
2018.01.05 10:17:05.401,1.68355,1.68383,1.19,1.00
2018.01.05 10:17:05.452,1.68355,1.68386,1.19,1.87
2018.01.05 10:17:05.554,1.68358,1.68386,1.00,1.25
2018.01.05 10:17:06.058,1.68358,1.68385,1.25,1.00
2018.01.05 10:17:06.593,1.68358,1.68386,1.25,1.00
2018.01.05 10:17:08.401,1.68358,1.68387,1.00,1.00
2018.01.05 10:17:09.087,1.68358,1.68386,1.25,1.00
2018.01.05 10:17:09.682,1.68357,1.68387,1.00,1.00
2018.01.05 10:17:09.991,1.6836,1.68393,1.19,1.87
2018.01.05 10:17:10.737,1.68358,1.68389,1.69,1.12
2018.01.05 10:17:11.044,1.68358,1.68389,1.19,1.37
2018.01.05 10:17:13.203,1.68358,1.68385,1.25,1.19
2018.01.05 10:17:13.580,1.68358,1.68388,1.00,1.44
2018.01.05 10:17:13.632,1.68358,1.68383,1.00,1.25
2018.01.05 10:17:13.922,1.68358,1.68388,1.00,1.87
2018.01.05 10:17:14.032,1.68358,1.68384,1.00,1.00
2018.01.05 10:17:15.292,1.68357,1.68384,1.00,1.50
2018.01.05 10:17:16.064,1.68358,1.68377,1.00,1.00
2018.01.05 10:17:16.115,1.68348,1.68374,1.25,1.25
2018.01.05 10:17:16.642,1.68347,1.68374,1.25,1.00
2018.01.05 10:17:17.323,1.68346,1.68374,1.12,1.25
2018.01.05 10:17:17.658,1.68344,1.68371,1.44,1.19
2018.01.05 10:17:17.710,1.68344,1.68371,1.25,1.25
2018.01.05 10:17:20.220,1.68343,1.68371,1.50,1.19
2018.01.05 10:17:22.947,1.68343,1.68371,1.19,1.25
2018.01.05 10:17:23.499,1.68341,1.68371,1.75,1.19
2018.01.05 10:17:24.051,1.68341,1.68371,1.75,1.19
2018.01.05 10:17:24.275,1.68347,1.6837,1.00,1.69
2018.01.05 10:17:24.326,1.68348,1.68373,1.00,1.00
2018.01.05 10:17:24.675,1.68347,1.68378,1.00,1.12
2018.01.05 10:17:24.778,1.68348,1.68379,1.69,1.00
2018.01.05 10:17:25.148,1.68352,1.68379,1.00,1.25
2018.01.05 10:17:25.771,1.68351,1.68378,1.00,1.00
2018.01.05 10:17:26.516,1.68352,1.68381,1.00,1.19
2018.01.05 10:17:26.823,1.6835,1.68377,1.25,1.25
2018.01.05 10:17:27.435,1.68349,1.68377,1.69,1.00
2018.01.05 10:17:27.984,1.6835,1.68377,1.25,1.19
2018.01.05 10:17:28.551,1.68349,1.68377,1.25,1.25
2018.01.05 10:17:29.103,1.68349,1.68377,1.50,1.19
2018.01.05 10:17:29.442,1.68348,1.68378,2.25,1.25
2018.01.05 10:17:29.752,1.68349,1.68377,1.50,1.19
2018.01.05 10:17:30.485,1.68349,1.68377,1.37,1.25
2018.01.05 10:17:32.407,1.68349,1.68377,1.81,1.19
2018.01.05 10:17:33.013,1.68349,1.68377,1.81,1.19
2018.01.05 10:17:33.705,1.68349,1.68378,1.75,1.19
2018.01.05 10:17:34.249,1.68349,1.68378,1.81,1.25
2018.01.05 10:17:34.718,1.68352,1.68377,1.37,1.19
2018.01.05 10:17:35.908,1.68352,1.68377,1.00,1.25
2018.01.05 10:17:36.342,1.68352,1.68375,1.00,1.00
2018.01.05 10:17:36.393,1.68347,1.68373,1.00,1.19
2018.01.05 10:17:36.445,1.68346,1.6837,1.00,1.00
2018.01.05 10:17:36.598,1.68343,1.68369,1.12,1.19
2018.01.05 10:17:39.139,1.68341,1.68369,1.31,1.44
2018.01.05 10:17:39.241,1.68339,1.68369,1.69,1.37
2018.01.05 10:17:40.210,1.68338,1.68368,1.00,1.37
2018.01.05 10:17:40.553,1.68336,1.68368,1.69,1.37
2018.01.05 10:17:40.605,1.68335,1.68366,1.31,1.37
2018.01.05 10:17:41.583,1.68335,1.68366,1.25,1.87
2018.01.05 10:17:42.948,1.68335,1.68366,1.19,1.87
2018.01.05 10:17:43.202,1.68333,1.68363,1.00,1.37
2018.01.05 10:17:43.407,1.68334,1.68363,1.19,1.25
2018.01.05 10:17:43.716,1.68321,1.6835,1.75,1.00
2018.01.05 10:17:44.349,1.68321,1.6835,1.56,1.19
2018.01.05 10:17:44.985,1.68321,1.6835,1.31,1.19
2018.01.05 10:17:45.261,1.68321,1.6835,1.75,1.19
2018.01.05 10:17:45.798,1.68331,1.68356,1.25,1.00
2018.01.05 10:17:45.849,1.68332,1.68353,1.00,1.25
2018.01.05 10:17:45.900,1.68328,1.68355,1.25,1.44
2018.01.05 10:17:45.952,1.6833,1.68358,1.00,1.25
2018.01.05 10:17:46.521,1.6833,1.68358,1.25,1.37
2018.01.05 10:17:47.055,1.68326,1.68353,1.69,1.25
2018.01.05 10:17:47.107,1.68322,1.68351,1.69,1.19
2018.01.05 10:17:47.625,1.68322,1.68351,1.44,1.19
2018.01.05 10:17:48.148,1.68321,1.68351,1.44,1.19
2018.01.05 10:17:48.720,1.6832,1.68348,1.37,1.00
2018.01.05 10:17:48.971,1.6832,1.68348,1.12,1.25
2018.01.05 10:17:49.993,1.6832,1.68348,1.50,1.19
2018.01.05 10:17:52.991,1.68321,1.68348,1.00,1.25
2018.01.05 10:17:53.531,1.68321,1.68348,1.31,1.37
2018.01.05 10:17:53.582,1.68317,1.68341,1.56,1.00
2018.01.05 10:17:53.737,1.68304,1.68332,1.87,1.68
2018.01.05 10:17:54.904,1.68304,1.68331,1.24,1.00
2018.01.05 10:17:55.006,1.68302,1.68331,1.36,1.68
2018.01.05 10:17:55.376,1.68302,1.68327,1.31,1.18
2018.01.05 10:17:55.925,1.68302,1.68327,1.00,1.16
2018.01.05 10:17:57.149,1.68302,1.68328,1.00,1.16
2018.01.05 10:17:57.411,1.68292,1.68319,1.00,1.16
2018.01.05 10:17:58.037,1.6829,1.68319,2.61,1.16
2018.01.05 10:17:58.446,1.68291,1.68321,1.36,1.66
2018.01.05 10:17:59.241,1.68292,1.68321,1.36,1.16
2018.01.05 10:17:59.725,1.68293,1.68322,1.42,1.21
2018.01.05 10:17:59.929,1.68295,1.68323,1.36,1.66
2018.01.05 10:18:00.093,1.68296,1.68326,1.36,2.41
2018.01.05 10:18:00.196,1.68295,1.68323,1.18,1.16
2018.01.05 10:18:00.299,1.68294,1.68322,1.24,1.16
2018.01.05 10:18:01.216,1.68292,1.6832,1.42,1.21
2018.01.05 10:18:01.729,1.68292,1.6832,2.99,1.16
2018.01.05 10:18:01.781,1.68296,1.68318,1.24,1.00
2018.01.05 10:18:02.131,1.68296,1.68316,1.86,1.00
2018.01.05 10:18:02.655,1.68297,1.68316,1.42,1.00
2018.01.05 10:18:03.461,1.68296,1.68316,1.86,1.00
2018.01.05 10:18:04.008,1.68298,1.68317,1.25,1.00
2018.01.05 10:18:04.431,1.68297,1.68315,1.86,1.00
2018.01.05 10:18:04.534,1.68294,1.68313,1.43,1.00
2018.01.05 10:18:04.688,1.68291,1.68312,1.11,1.00
2018.01.05 10:18:05.046,1.68285,1.68306,1.36,1.00
2018.01.05 10:18:05.254,1.68262,1.68287,1.00,1.59
2018.01.05 10:18:05.306,1.68257,1.68284,1.24,1.50
2018.01.05 10:18:05.714,1.68264,1.68284,1.23,1.00
2018.01.05 10:18:05.765,1.68265,1.68288,1.00,1.00
2018.01.05 10:18:05.817,1.68265,1.68288,1.36,1.00
2018.01.05 10:18:06.053,1.68265,1.68293,1.36,1.21
2018.01.05 10:18:06.504,1.68265,1.68291,1.42,1.00
2018.01.05 10:18:06.780,1.68265,1.68293,1.42,1.00
2018.01.05 10:18:07.100,1.68265,1.68291,1.51,1.00
2018.01.05 10:18:07.513,1.68267,1.68294,1.42,1.00
2018.01.05 10:18:08.018,1.68267,1.68294,1.36,1.00
2018.01.05 10:18:09.247,1.68267,1.68294,1.25,1.12
2018.01.05 10:18:09.401,1.68267,1.68292,1.43,1.00
2018.01.05 10:18:09.868,1.68263,1.68289,1.37,1.00
2018.01.05 10:18:09.919,1.68263,1.68289,1.37,1.12
2018.01.05 10:18:10.544,1.68263,1.68289,1.11,1.00
2018.01.05 10:18:10.647,1.68258,1.68284,1.00,1.25
2018.01.05 10:18:11.017,1.68251,1.68277,1.49,1.24
2018.01.05 10:18:11.413,1.68254,1.68277,1.00,1.00
2018.01.05 10:18:11.464,1.68255,1.68279,1.00,1.12
2018.01.05 10:18:11.983,1.68255,1.68278,1.00,1.00
2018.01.05 10:18:12.651,1.68255,1.68281,1.00,1.25
2018.01.05 10:18:14.647,1.68257,1.68284,1.00,1.25
2018.01.05 10:18:14.798,1.68261,1.68286,1.00,1.00
2018.01.05 10:18:14.849,1.68259,1.68288,1.00,1.86
2018.01.05 10:18:14.901,1.68254,1.6828,1.00,1.00
2018.01.05 10:18:14.953,1.68251,1.6828,1.00,1.11
2018.01.05 10:18:15.004,1.68252,1.68274,1.00,1.00
2018.01.05 10:18:15.056,1.68252,1.68279,1.00,1.00
2018.01.05 10:18:15.692,1.68255,1.68281,1.00,1.50
2018.01.05 10:18:16.465,1.68254,1.68281,1.00,1.00
2018.01.05 10:18:16.831,1.68258,1.68284,1.00,1.17
2018.01.05 10:18:16.984,1.6826,1.68287,1.00,1.00
2018.01.05 10:18:17.239,1.68255,1.68284,1.25,1.42
2018.01.05 10:18:17.654,1.68261,1.68283,1.00,1.00
2018.01.05 10:18:17.859,1.68261,1.68286,1.00,1.00
2018.01.05 10:18:18.318,1.6826,1.68283,1.00,1.00
2018.01.05 10:18:18.654,1.6826,1.68286,1.00,1.50
2018.01.05 10:18:18.808,1.68262,1.68286,1.00,1.00
2018.01.05 10:18:19.711,1.68263,1.68286,1.00,1.00
2018.01.05 10:18:19.813,1.68266,1.6829,1.00,1.00
2018.01.05 10:18:19.916,1.68266,1.68292,1.50,1.00
2018.01.05 10:18:20.428,1.68266,1.68294,1.69,1.17
2018.01.05 10:18:20.895,1.68266,1.68295,1.69,1.67
2018.01.05 10:18:22.488,1.68266,1.68295,1.88,1.67
2018.01.05 10:18:23.277,1.68266,1.68295,1.38,1.67
2018.01.05 10:18:23.875,1.68267,1.68295,1.63,1.17
2018.01.05 10:18:24.141,1.68265,1.6829,1.44,1.23
2018.01.05 10:18:24.345,1.68261,1.68288,1.26,1.17
2018.01.05 10:18:24.499,1.68257,1.68286,1.57,1.17
2018.01.05 10:18:24.551,1.68259,1.68287,1.38,1.23
2018.01.05 10:18:24.602,1.68259,1.68284,1.19,1.00
2018.01.05 10:18:24.654,1.68256,1.68284,2.26,1.23
2018.01.05 10:18:24.933,1.68251,1.68258,1.00,1.00
2018.01.05 10:18:25.089,1.68229,1.68254,1.00,1.69
2018.01.05 10:18:25.191,1.68223,1.68253,1.25,1.00
2018.01.05 10:18:25.345,1.68225,1.68248,1.00,1.00
2018.01.05 10:18:25.684,1.68228,1.68252,1.00,1.23
2018.01.05 10:18:25.960,1.68228,1.68254,1.00,1.00
2018.01.05 10:18:26.464,1.68228,1.68255,1.12,1.23
2018.01.05 10:18:26.653,1.68239,1.68262,1.19,1.00
2018.01.05 10:18:26.705,1.68239,1.68268,1.44,1.17
2018.01.05 10:18:26.858,1.68237,1.68265,1.44,1.17
2018.01.05 10:18:26.910,1.68239,1.68268,1.37,1.23
2018.01.05 10:18:27.742,1.68239,1.68269,1.37,1.17
2018.01.05 10:18:27.793,1.68239,1.68269,1.44,1.17
2018.01.05 10:18:28.462,1.68239,1.68269,1.19,1.42
2018.01.05 10:18:28.964,1.68239,1.68269,1.37,1.17
2018.01.05 10:18:29.628,1.68244,1.6827,1.19,1.00
2018.01.05 10:18:29.833,1.68248,1.68276,1.19,1.37
2018.01.05 10:18:30.774,1.68248,1.68276,1.25,1.69
2018.01.05 10:18:31.407,1.68248,1.68276,1.19,1.69
2018.01.05 10:18:31.984,1.68248,1.68276,1.25,1.69
2018.01.05 10:18:32.763,1.68248,1.68276,1.19,1.69
2018.01.05 10:18:33.392,1.6825,1.68276,1.25,1.00
2018.01.05 10:18:33.443,1.68255,1.68282,1.00,1.37
2018.01.05 10:18:33.999,1.68255,1.68283,1.50,1.44
2018.01.05 10:18:34.533,1.68255,1.68283,1.19,1.37
2018.01.05 10:18:35.048,1.68255,1.68283,1.25,1.44
2018.01.05 10:18:35.414,1.68255,1.6828,1.19,1.00
2018.01.05 10:18:35.585,1.68259,1.68286,1.31,1.25
2018.01.05 10:18:35.636,1.68263,1.68287,1.00,1.44
2018.01.05 10:18:35.687,1.68261,1.68289,1.00,1.19
2018.01.05 10:18:35.739,1.68258,1.68285,1.00,1.44
2018.01.05 10:18:36.263,1.68257,1.68284,1.19,1.44
2018.01.05 10:18:37.447,1.68257,1.68284,1.25,1.25
2018.01.05 10:18:37.768,1.68258,1.68286,1.19,1.12
2018.01.05 10:18:38.743,1.68258,1.68286,1.19,1.25
2018.01.05 10:18:39.083,1.68261,1.68287,1.25,1.25
2018.01.05 10:18:40.518,1.68261,1.68289,1.00,1.44
2018.01.05 10:18:40.873,1.68257,1.68286,1.25,1.44
2018.01.05 10:18:40.976,1.68254,1.68282,1.25,1.25
2018.01.05 10:18:41.648,1.68254,1.68282,1.44,1.19
2018.01.05 10:18:41.947,1.68258,1.68288,1.19,1.56
2018.01.05 10:18:41.998,1.68257,1.68285,1.37,1.31
2018.01.05 10:18:42.512,1.68257,1.68287,1.56,1.44
2018.01.05 10:18:43.107,1.6826,1.68288,1.25,2.06
2018.01.05 10:18:43.164,1.68259,1.68287,1.62,1.00
2018.01.05 10:18:43.674,1.68259,1.68287,1.13,1.25
2018.01.05 10:18:43.726,1.68265,1.6829,1.00,1.81
2018.01.05 10:18:43.778,1.68261,1.68288,1.25,1.37
2018.01.05 10:18:43.829,1.68258,1.68284,1.25,1.00
2018.01.05 10:18:44.143,1.68259,1.68287,3.19,1.25
2018.01.05 10:18:44.572,1.68259,1.68289,1.00,2.06
2018.01.05 10:18:44.776,1.68259,1.68289,1.25,2.06
2018.01.05 10:18:45.301,1.6826,1.68287,1.25,1.37
2018.01.05 10:18:45.598,1.68257,1.68285,1.19,1.13
2018.01.05 10:18:45.959,1.68256,1.68283,1.13,1.44
2018.01.05 10:18:46.353,1.68264,1.68285,1.19,1.00
2018.01.05 10:18:46.405,1.68263,1.68288,1.69,1.00
2018.01.05 10:18:46.507,1.68263,1.68288,1.00,1.62
2018.01.05 10:18:46.558,1.68261,1.68288,1.25,1.00
2018.01.05 10:18:46.758,1.6826,1.68286,1.25,1.31
2018.01.05 10:18:47.296,1.68259,1.68286,1.19,2.06
2018.01.05 10:18:48.891,1.68259,1.68285,1.25,1.12
2018.01.05 10:18:50.084,1.68257,1.68286,1.19,1.37
2018.01.05 10:18:50.391,1.68254,1.6828,1.00,1.25
2018.01.05 10:18:51.012,1.68255,1.68282,1.25,1.44
2018.01.05 10:18:51.696,1.68255,1.68282,1.19,1.37
2018.01.05 10:18:52.343,1.68255,1.68282,1.25,1.44
2018.01.05 10:18:52.866,1.68255,1.6828,1.25,1.00
2018.01.05 10:18:53.629,1.68255,1.6828,1.19,1.25
2018.01.05 10:18:54.258,1.68255,1.6828,1.25,1.00
2018.01.05 10:18:54.360,1.68253,1.6828,1.25,1.50
2018.01.05 10:18:55.023,1.68253,1.6828,1.69,1.87
2018.01.05 10:18:56.345,1.68253,1.6828,1.25,1.25
2018.01.05 10:18:56.881,1.68253,1.6828,1.69,1.44
2018.01.05 10:18:57.181,1.68254,1.68281,1.25,1.12
2018.01.05 10:18:57.732,1.68252,1.68281,1.44,1.37
2018.01.05 10:18:58.167,1.68252,1.68281,1.19,1.12
2018.01.05 10:18:58.676,1.68252,1.68281,1.44,1.37
2018.01.05 10:18:59.372,1.68252,1.68281,1.19,1.44
2018.01.05 10:19:00.071,1.68252,1.68281,1.19,1.37
2018.01.05 10:19:00.593,1.68253,1.6828,1.44,1.12
2018.01.05 10:19:01.383,1.68253,1.6828,1.19,1.00
2018.01.05 10:19:01.520,1.68253,1.6828,2.06,1.25
2018.01.05 10:19:01.571,1.68253,1.6828,1.25,1.00
2018.01.05 10:19:02.080,1.68253,1.6828,1.69,1.12
2018.01.05 10:19:02.922,1.68253,1.6828,1.25,1.00
2018.01.05 10:19:03.518,1.68253,1.6828,1.25,1.44
2018.01.05 10:19:03.672,1.68249,1.68276,1.31,1.25
2018.01.05 10:19:03.723,1.68251,1.6828,1.25,1.44
2018.01.05 10:19:03.781,1.68252,1.68281,1.69,1.19
2018.01.05 10:19:03.941,1.68255,1.68281,1.00,1.25
2018.01.05 10:19:04.593,1.68255,1.68281,1.25,1.44
2018.01.05 10:19:04.818,1.68254,1.68283,1.25,1.31
2018.01.05 10:19:06.228,1.68254,1.68283,1.19,1.56
2018.01.05 10:19:06.734,1.68254,1.68283,1.25,1.63
2018.01.05 10:19:07.252,1.68254,1.68283,1.19,1.75
2018.01.05 10:19:07.873,1.68254,1.68283,1.25,1.31
2018.01.05 10:19:08.128,1.68256,1.68283,1.25,1.00
2018.01.05 10:19:08.404,1.68259,1.68288,1.25,1.38
2018.01.05 10:19:08.455,1.68262,1.68289,1.25,1.13
2018.01.05 10:19:08.558,1.68265,1.68293,1.25,1.25
2018.01.05 10:19:08.711,1.68265,1.68293,1.25,1.63
2018.01.05 10:19:09.119,1.68265,1.68293,1.25,1.13
2018.01.05 10:19:09.434,1.68267,1.68293,1.00,1.44
2018.01.05 10:19:09.640,1.68266,1.68294,1.00,1.00
2018.01.05 10:19:09.697,1.68267,1.68296,1.19,1.44
2018.01.05 10:19:10.008,1.68263,1.6829,1.69,1.25
2018.01.05 10:19:10.354,1.68266,1.68295,2.44,1.19
2018.01.05 10:19:10.558,1.68268,1.68297,1.19,1.38
2018.01.05 10:19:11.082,1.68268,1.68297,1.37,1.38
2018.01.05 10:19:11.776,1.68273,1.683,1.00,1.19
2018.01.05 10:19:11.827,1.68273,1.683,1.87,1.25
2018.01.05 10:19:12.031,1.68274,1.6829,1.25,1.00
2018.01.05 10:19:12.082,1.68272,1.68292,1.00,1.00
2018.01.05 10:19:12.193,1.68265,1.68291,1.00,1.00
2018.01.05 10:19:12.244,1.6826,1.6829,1.50,1.00
2018.01.05 10:19:12.296,1.68258,1.68289,1.25,1.12
2018.01.05 10:19:12.575,1.68257,1.68284,1.19,1.00
2018.01.05 10:19:13.228,1.68257,1.68284,1.19,1.19
2018.01.05 10:19:13.331,1.68256,1.68285,1.69,1.25
2018.01.05 10:19:13.680,1.68256,1.68285,2.44,1.44
2018.01.05 10:19:15.502,1.68256,1.68285,2.44,1.19
2018.01.05 10:19:16.045,1.68256,1.68285,2.62,1.19
2018.01.05 10:19:17.402,1.68257,1.68285,1.25,1.19
2018.01.05 10:19:18.109,1.68257,1.68285,1.19,1.44
2018.01.05 10:19:19.212,1.68257,1.68285,1.81,1.19
2018.01.05 10:19:19.314,1.68259,1.68286,1.12,1.25
2018.01.05 10:19:19.677,1.6826,1.68287,1.56,1.19
2018.01.05 10:19:20.248,1.68261,1.68288,1.12,1.19
2018.01.05 10:19:20.762,1.68261,1.68288,1.62,1.19
2018.01.05 10:19:23.670,1.68261,1.68288,1.12,1.25
2018.01.05 10:19:24.137,1.6826,1.68287,1.56,1.19
2018.01.05 10:19:24.775,1.6826,1.68289,1.81,1.19
2018.01.05 10:19:27.421,1.6826,1.68289,1.69,1.37
2018.01.05 10:19:27.950,1.6826,1.68289,1.19,1.37
2018.01.05 10:19:29.119,1.6826,1.68289,1.31,1.19
2018.01.05 10:19:29.719,1.68262,1.68288,1.25,1.25
2018.01.05 10:19:32.323,1.68261,1.6829,1.25,1.19
2018.01.05 10:19:33.842,1.68261,1.6829,1.31,1.44
2018.01.05 10:19:33.943,1.68263,1.6829,1.25,1.25
2018.01.05 10:19:34.938,1.68263,1.6829,1.19,1.12
2018.01.05 10:19:35.916,1.68263,1.6829,1.25,1.00
2018.01.05 10:19:36.956,1.68258,1.68281,1.56,1.00
2018.01.05 10:19:37.008,1.68252,1.68278,2.06,1.19
2018.01.05 10:19:37.060,1.68251,1.68278,1.12,1.19
2018.01.05 10:19:37.220,1.68251,1.6828,1.00,1.19
2018.01.05 10:19:37.271,1.68249,1.68274,1.37,1.00
2018.01.05 10:19:37.323,1.68248,1.68274,1.00,1.19
2018.01.05 10:19:37.722,1.68242,1.68269,1.25,1.25
2018.01.05 10:19:37.927,1.68246,1.68269,1.00,1.19
2018.01.05 10:19:38.089,1.68247,1.68272,1.00,1.00
2018.01.05 10:19:39.105,1.68246,1.68272,1.00,1.25
2018.01.05 10:19:39.207,1.68246,1.68277,1.12,1.25
2018.01.05 10:19:39.542,1.68244,1.68273,2.25,1.00
2018.01.05 10:19:39.746,1.68249,1.68279,1.69,1.25
2018.01.05 10:19:39.951,1.6825,1.68279,1.69,1.37
2018.01.05 10:19:40.117,1.6825,1.68279,1.25,1.12
2018.01.05 10:19:40.383,1.6825,1.68279,1.19,1.37
2018.01.05 10:19:40.434,1.68248,1.68275,1.00,1.25
2018.01.05 10:19:40.788,1.68247,1.68274,1.37,1.19
2018.01.05 10:19:40.890,1.68247,1.68274,1.12,1.25
2018.01.05 10:19:41.043,1.68245,1.68274,1.50,1.25
2018.01.05 10:19:41.095,1.68245,1.68272,1.00,1.25
2018.01.05 10:19:41.416,1.68241,1.68268,1.87,1.19
2018.01.05 10:19:42.190,1.68241,1.68268,1.88,1.13
2018.01.05 10:19:44.263,1.68242,1.68268,1.25,1.19
2018.01.05 10:19:44.458,1.68247,1.68274,1.25,1.00
2018.01.05 10:19:44.510,1.6825,1.68277,1.19,1.25
2018.01.05 10:19:44.714,1.68249,1.68276,1.25,1.13
2018.01.05 10:19:45.240,1.68247,1.68276,1.88,1.63
2018.01.05 10:19:45.549,1.68251,1.68278,1.25,1.25
2018.01.05 10:19:46.058,1.68252,1.68278,1.25,1.19
2018.01.05 10:19:46.110,1.68248,1.68274,1.25,1.38
2018.01.05 10:19:46.314,1.68244,1.68273,2.06,1.13
2018.01.05 10:19:46.570,1.68244,1.68269,1.25,1.25
2018.01.05 10:19:46.988,1.68245,1.68272,1.31,1.13
2018.01.05 10:19:47.664,1.68245,1.68272,1.56,1.38
2018.01.05 10:19:48.204,1.68247,1.68274,1.56,1.38
2018.01.05 10:19:48.968,1.68248,1.68275,2.81,1.13
2018.01.05 10:19:49.334,1.68249,1.68276,1.63,1.25
2018.01.05 10:19:49.776,1.68247,1.68273,1.63,1.19
2018.01.05 10:19:50.344,1.68247,1.68273,1.25,1.24
2018.01.05 10:19:51.366,1.68247,1.68271,1.44,1.00
2018.01.05 10:19:51.468,1.68245,1.68271,1.13,1.24
2018.01.05 10:19:51.571,1.68246,1.68273,2.06,1.37
2018.01.05 10:19:51.877,1.68249,1.68275,1.38,1.43
2018.01.05 10:19:51.988,1.68249,1.68275,1.38,1.43
2018.01.05 10:19:52.683,1.68249,1.68275,1.38,1.24
2018.01.05 10:19:53.345,1.6825,1.68275,1.38,1.37
2018.01.05 10:19:53.946,1.68248,1.68275,2.06,1.37
2018.01.05 10:19:54.353,1.68248,1.68274,1.25,1.00
2018.01.05 10:19:54.684,1.68249,1.68274,1.38,1.12
2018.01.05 10:19:55.344,1.68249,1.68274,1.38,1.18
2018.01.05 10:19:56.079,1.68249,1.68274,1.38,1.24
2018.01.05 10:19:56.698,1.68249,1.68274,1.38,1.18
2018.01.05 10:19:57.200,1.68249,1.68274,1.44,1.24
2018.01.05 10:19:58.147,1.68249,1.68274,1.38,1.18
2018.01.05 10:19:58.248,1.68248,1.68274,1.25,1.24
2018.01.05 10:19:58.754,1.68246,1.68274,1.38,1.18
2018.01.05 10:19:59.305,1.68246,1.68272,1.69,1.12
2018.01.05 10:20:00.411,1.68249,1.68276,1.25,1.24
2018.01.05 10:20:01.331,1.68249,1.68276,1.44,1.18
2018.01.05 10:20:01.864,1.68249,1.68276,1.12,1.18
2018.01.05 10:20:02.462,1.68248,1.68275,1.37,1.18
2018.01.05 10:20:03.460,1.68249,1.68276,1.37,1.18
2018.01.05 10:20:04.145,1.68247,1.68276,1.25,1.24
2018.01.05 10:20:04.789,1.68247,1.68276,1.44,1.19
2018.01.05 10:20:06.249,1.68247,1.68277,2.25,1.19
2018.01.05 10:20:07.345,1.68247,1.68277,2.06,1.25
2018.01.05 10:20:08.876,1.68247,1.68277,2.25,1.19
2018.01.05 10:20:09.448,1.68249,1.68277,1.31,1.19
2018.01.05 10:20:10.323,1.68249,1.68277,1.25,1.25
2018.01.05 10:20:10.559,1.68247,1.68274,2.25,1.19
2018.01.05 10:20:10.865,1.68248,1.68274,2.06,1.19
2018.01.05 10:20:11.198,1.68248,1.68274,2.06,1.19
2018.01.05 10:20:11.707,1.68249,1.68275,1.31,1.00
2018.01.05 10:20:13.555,1.68249,1.68275,1.25,1.00
2018.01.05 10:20:14.511,1.68249,1.68277,1.25,1.19
2018.01.05 10:20:16.466,1.68249,1.68277,1.31,1.19
2018.01.05 10:20:16.982,1.68249,1.68277,1.56,1.19
2018.01.05 10:20:17.637,1.68249,1.68277,1.81,1.19
2018.01.05 10:20:18.546,1.68249,1.68277,1.56,1.19
2018.01.05 10:20:19.083,1.68249,1.68277,1.31,1.19
2018.01.05 10:20:19.968,1.68249,1.68275,2.06,1.00
2018.01.05 10:20:22.409,1.68249,1.68278,2.06,1.19
2018.01.05 10:20:22.460,1.68252,1.68279,1.25,1.25
2018.01.05 10:20:22.511,1.68254,1.68281,1.44,1.25
2018.01.05 10:20:22.874,1.68255,1.68281,1.81,1.25
2018.01.05 10:20:23.384,1.68255,1.68281,1.31,1.00
2018.01.05 10:20:23.905,1.68256,1.68282,1.31,1.25
2018.01.05 10:20:24.255,1.68258,1.68285,2.25,1.19
2018.01.05 10:20:25.095,1.68258,1.68285,1.81,1.19
2018.01.05 10:20:25.638,1.68258,1.68285,1.31,1.19
2018.01.05 10:20:26.024,1.68259,1.68284,1.31,1.25
2018.01.05 10:20:26.076,1.68259,1.68286,1.25,1.19
2018.01.05 10:20:26.846,1.6826,1.68286,1.00,1.19
2018.01.05 10:20:26.898,1.6826,1.68287,1.25,1.25
2018.01.05 10:20:26.949,1.6826,1.68285,1.25,1.00
2018.01.05 10:20:28.147,1.6826,1.68285,1.25,1.19
2018.01.05 10:20:28.846,1.6826,1.68285,1.00,1.00
2018.01.05 10:20:29.593,1.6826,1.68285,1.25,1.19
2018.01.05 10:20:29.644,1.6826,1.68287,1.00,1.19
2018.01.05 10:20:29.696,1.6826,1.68284,1.00,1.00
2018.01.05 10:20:30.199,1.68259,1.68284,1.25,1.00
2018.01.05 10:20:30.746,1.68259,1.68285,1.25,1.00
2018.01.05 10:20:31.757,1.68259,1.68287,1.44,1.25
2018.01.05 10:20:32.404,1.6826,1.68287,1.50,1.19
2018.01.05 10:20:34.050,1.6826,1.68285,1.19,1.19
2018.01.05 10:20:34.828,1.68259,1.68286,2.25,1.19
2018.01.05 10:20:35.370,1.68259,1.68286,2.25,1.00
2018.01.05 10:20:36.694,1.68261,1.68286,1.00,1.00
2018.01.05 10:20:37.020,1.6826,1.68286,1.31,1.19
2018.01.05 10:20:37.290,1.68261,1.68286,1.00,1.00
2018.01.05 10:20:37.659,1.68273,1.68294,1.00,1.19
2018.01.05 10:20:37.764,1.6827,1.68298,2.66,1.19
2018.01.05 10:20:38.196,1.68271,1.68298,1.30,1.19
2018.01.05 10:20:38.658,1.6827,1.68295,1.00,1.44
2018.01.05 10:20:38.880,1.68269,1.68298,1.81,1.25
2018.01.05 10:20:39.034,1.68275,1.68304,2.06,1.25
2018.01.05 10:20:39.085,1.68276,1.68304,1.81,1.19
2018.01.05 10:20:39.136,1.68275,1.68304,3.00,1.19
2018.01.05 10:20:39.239,1.68278,1.68307,1.31,1.37
2018.01.05 10:20:39.451,1.68277,1.68303,1.00,1.00
2018.01.05 10:20:39.755,1.68278,1.68307,1.69,1.19
2018.01.05 10:20:40.421,1.68279,1.68308,1.69,1.37
2018.01.05 10:20:40.952,1.68279,1.68306,1.69,1.44
2018.01.05 10:20:43.673,1.68279,1.68305,1.19,1.44
2018.01.05 10:20:43.724,1.68277,1.68302,1.25,1.00
2018.01.05 10:20:44.055,1.68277,1.683,1.00,1.00
2018.01.05 10:20:44.705,1.68277,1.683,1.19,1.00
2018.01.05 10:20:46.514,1.68278,1.68301,1.19,1.00
2018.01.05 10:20:46.899,1.68282,1.68303,1.25,1.00
2018.01.05 10:20:47.535,1.68282,1.68303,1.19,1.00
2018.01.05 10:20:48.300,1.68282,1.68304,1.19,1.00
2018.01.05 10:20:48.608,1.68282,1.68301,1.19,1.00
2018.01.05 10:20:49.128,1.6828,1.68301,1.25,1.00
2018.01.05 10:20:49.621,1.68282,1.68302,1.25,1.00
2018.01.05 10:20:49.673,1.68282,1.68304,1.25,1.00
2018.01.05 10:20:50.226,1.68281,1.68304,1.25,1.00
2018.01.05 10:20:50.278,1.68282,1.68305,1.19,1.00
2018.01.05 10:20:50.431,1.68282,1.68307,1.19,1.00
2018.01.05 10:20:50.635,1.68282,1.68305,1.19,1.00
2018.01.05 10:20:51.291,1.68284,1.68305,1.19,1.00
2018.01.05 10:20:51.343,1.6828,1.68304,1.25,1.00
2018.01.05 10:20:51.449,1.68282,1.68307,1.25,1.00
2018.01.05 10:20:51.501,1.68284,1.68307,1.00,1.00
2018.01.05 10:20:52.923,1.68283,1.68307,1.50,1.00
2018.01.05 10:20:53.241,1.68285,1.68307,1.19,1.00
2018.01.05 10:20:53.397,1.68283,1.68307,1.50,1.00
2018.01.05 10:20:53.564,1.68285,1.68311,2.06,1.00
2018.01.05 10:20:53.869,1.68285,1.68312,1.75,1.69
2018.01.05 10:20:54.569,1.68287,1.68312,1.37,1.00
2018.01.05 10:20:55.349,1.68289,1.68312,1.56,1.00
2018.01.05 10:20:56.406,1.68289,1.68312,1.31,1.00
2018.01.05 10:20:57.002,1.68289,1.68314,1.75,1.00
2018.01.05 10:20:59.262,1.68289,1.68314,1.50,1.00
2018.01.05 10:20:59.364,1.68291,1.68317,1.44,1.00
2018.01.05 10:20:59.416,1.68288,1.68317,1.75,1.50
2018.01.05 10:20:59.468,1.6829,1.68317,1.50,1.00
2018.01.05 10:20:59.519,1.68291,1.68315,1.00,1.00
2018.01.05 10:20:59.828,1.68287,1.68312,1.00,1.00
2018.01.05 10:21:00.305,1.68287,1.68314,1.00,1.25
2018.01.05 10:21:01.060,1.68286,1.68313,1.25,1.00
2018.01.05 10:21:02.424,1.68286,1.68313,1.25,1.19
2018.01.05 10:21:03.686,1.68283,1.68312,1.31,1.19
2018.01.05 10:21:03.793,1.68285,1.68312,1.31,1.19
2018.01.05 10:21:04.252,1.68287,1.68312,1.00,1.00
2018.01.05 10:21:04.639,1.68287,1.68314,2.06,1.00
2018.01.05 10:21:04.691,1.68287,1.68314,2.06,1.25
2018.01.05 10:21:05.080,1.68285,1.68312,1.56,1.00
2018.01.05 10:21:05.132,1.68284,1.68311,1.19,1.00
2018.01.05 10:21:05.183,1.68284,1.68311,1.31,1.37
2018.01.05 10:21:05.947,1.68279,1.68305,1.56,1.00
2018.01.05 10:21:06.304,1.68281,1.68306,1.19,1.00
2018.01.05 10:21:06.508,1.68283,1.68309,1.25,1.12
2018.01.05 10:21:06.709,1.68282,1.68306,1.25,1.00
2018.01.05 10:21:06.760,1.68282,1.68308,1.25,1.25
2018.01.05 10:21:07.118,1.6828,1.68305,1.25,1.00
2018.01.05 10:21:07.169,1.68277,1.68304,1.44,1.25
2018.01.05 10:21:09.493,1.68278,1.68305,1.19,1.69
2018.01.05 10:21:10.042,1.68277,1.68305,1.44,1.69
2018.01.05 10:21:13.337,1.68277,1.68305,1.50,1.69
2018.01.05 10:21:14.279,1.68278,1.68305,1.12,1.00
2018.01.05 10:21:14.330,1.68278,1.68305,1.75,1.25
2018.01.05 10:21:14.913,1.68278,1.68307,1.75,1.69
2018.01.05 10:21:15.714,1.68279,1.68308,1.50,1.69
2018.01.05 10:21:18.833,1.68279,1.68308,1.75,1.69
2018.01.05 10:21:19.140,1.68279,1.68306,1.56,1.25
2018.01.05 10:21:19.191,1.68279,1.68306,1.56,1.19
2018.01.05 10:21:20.356,1.68279,1.68306,1.62,1.25
2018.01.05 10:21:22.157,1.68276,1.68304,1.81,1.19
2018.01.05 10:21:22.209,1.68276,1.683,1.00,1.25
2018.01.05 10:21:22.260,1.68274,1.68301,1.25,1.19
2018.01.05 10:21:22.867,1.68275,1.68301,1.25,1.19
2018.01.05 10:21:23.236,1.68274,1.68301,1.25,1.25
2018.01.05 10:21:23.407,1.68273,1.68299,1.00,1.25
2018.01.05 10:21:23.959,1.68271,1.68299,1.12,1.25
2018.01.05 10:21:24.422,1.68275,1.68303,1.00,1.44
2018.01.05 10:21:24.525,1.68275,1.68303,1.44,1.25
2018.01.05 10:21:24.576,1.68278,1.68305,1.44,1.19
2018.01.05 10:21:24.729,1.68278,1.68307,1.56,1.44
2018.01.05 10:21:25.678,1.68278,1.68308,1.25,1.69
2018.01.05 10:21:26.206,1.68278,1.68308,1.50,1.87
2018.01.05 10:21:26.558,1.68284,1.68311,1.19,1.00
2018.01.05 10:21:26.865,1.68287,1.68313,1.00,1.37
2018.01.05 10:21:26.916,1.68287,1.68315,1.31,1.37
2018.01.05 10:21:27.069,1.68288,1.68317,1.00,1.00
2018.01.05 10:21:29.470,1.68286,1.68314,1.31,1.00
2018.01.05 10:21:29.778,1.68286,1.6831,1.00,1.19
2018.01.05 10:21:30.025,1.68282,1.68305,1.25,1.00
2018.01.05 10:21:30.077,1.68274,1.68302,1.81,1.19
2018.01.05 10:21:30.435,1.6827,1.683,1.75,1.19
2018.01.05 10:21:31.158,1.6827,1.683,1.75,1.19
2018.01.05 10:21:33.307,1.6827,1.683,1.75,1.19
2018.01.05 10:21:34.756,1.68273,1.683,1.31,1.19
2018.01.05 10:21:34.910,1.68273,1.683,1.00,1.25
2018.01.05 10:21:35.727,1.6827,1.68299,1.81,1.19
2018.01.05 10:21:36.292,1.6827,1.68299,1.75,1.19
2018.01.05 10:21:37.343,1.6827,1.68299,1.50,1.19
2018.01.05 10:21:37.394,1.68272,1.683,1.31,1.00
2018.01.05 10:21:38.753,1.68272,1.68302,1.50,1.69
2018.01.05 10:21:39.287,1.68272,1.68302,1.75,1.69
2018.01.05 10:21:39.631,1.68272,1.68302,1.12,1.69
2018.01.05 10:21:44.116,1.68272,1.68302,1.37,1.69
2018.01.05 10:21:44.788,1.68271,1.68301,1.50,1.19
2018.01.05 10:21:45.491,1.68271,1.68301,1.19,1.19
2018.01.05 10:21:46.063,1.68271,1.68301,1.50,1.19
2018.01.05 10:21:46.635,1.68271,1.68301,1.37,1.19
2018.01.05 10:21:50.457,1.68271,1.683,1.50,1.19
2018.01.05 10:21:53.136,1.68272,1.68301,1.37,1.19
2018.01.05 10:21:54.043,1.68272,1.68301,1.44,1.19
2018.01.05 10:21:54.551,1.68272,1.68299,1.19,1.25
2018.01.05 10:21:56.364,1.68272,1.68299,1.31,1.00
2018.01.05 10:21:57.227,1.68272,1.683,1.31,1.25
2018.01.05 10:21:57.785,1.68274,1.683,1.25,1.25
2018.01.05 10:21:58.814,1.68276,1.683,1.56,1.00
2018.01.05 10:21:58.866,1.68274,1.68302,1.56,1.25
2018.01.05 10:21:58.917,1.68274,1.68302,1.56,1.00
2018.01.05 10:21:59.468,1.68274,1.68302,1.56,1.12
2018.01.05 10:22:00.445,1.68274,1.68302,1.62,1.25
2018.01.05 10:22:00.548,1.68274,1.68302,1.56,1.37
2018.01.05 10:22:00.968,1.68272,1.683,1.31,1.87
2018.01.05 10:22:01.452,1.6827,1.68298,1.56,1.00
2018.01.05 10:22:01.718,1.6827,1.68298,1.56,1.37
2018.01.05 10:22:02.227,1.6827,1.68298,1.31,1.44
2018.01.05 10:22:02.556,1.68271,1.68299,1.56,1.87
2018.01.05 10:22:03.073,1.68269,1.68299,1.56,1.87
2018.01.05 10:22:03.405,1.68266,1.68295,1.56,1.87
2018.01.05 10:22:03.958,1.68266,1.68294,1.62,1.25
2018.01.05 10:22:04.507,1.68267,1.68294,1.50,1.69
2018.01.05 10:22:07.246,1.68266,1.68294,1.25,1.69
2018.01.05 10:22:07.567,1.6826,1.6829,1.75,1.19
2018.01.05 10:22:07.669,1.6826,1.68289,1.37,1.25
2018.01.05 10:22:08.182,1.6826,1.68287,1.44,1.25
2018.01.05 10:22:08.545,1.68261,1.68288,1.37,1.25
2018.01.05 10:22:09.057,1.68261,1.68289,1.44,1.25
2018.01.05 10:22:09.367,1.6826,1.68288,1.75,1.69
2018.01.05 10:22:09.943,1.68261,1.68288,1.75,1.25
2018.01.05 10:22:10.471,1.68263,1.68287,1.25,1.00
2018.01.05 10:22:11.633,1.68261,1.68287,1.12,1.00
2018.01.05 10:22:11.735,1.68262,1.68287,1.50,1.00
2018.01.05 10:22:12.151,1.68261,1.68289,1.50,1.25
2018.01.05 10:22:12.960,1.68259,1.68289,1.75,1.69
2018.01.05 10:22:13.062,1.68261,1.68289,1.50,1.69
2018.01.05 10:22:13.568,1.68262,1.68289,2.25,1.25
2018.01.05 10:22:14.166,1.68262,1.6829,2.25,1.25
2018.01.05 10:22:14.685,1.68262,1.6829,2.25,1.25
2018.01.05 10:22:16.799,1.68263,1.68292,1.00,1.69
2018.01.05 10:22:17.315,1.68262,1.68292,2.25,1.19
2018.01.05 10:22:17.856,1.68262,1.68292,2.25,1.19
2018.01.05 10:22:19.199,1.68263,1.68292,1.00,1.19
2018.01.05 10:22:21.507,1.68261,1.6829,1.44,1.19
2018.01.05 10:22:22.213,1.68261,1.68289,2.25,1.19
2018.01.05 10:22:23.793,1.68264,1.68291,1.44,1.00
2018.01.05 10:22:23.946,1.68264,1.68293,3.00,1.19
2018.01.05 10:22:24.469,1.68266,1.68294,1.44,1.69
2018.01.05 10:22:25.325,1.68266,1.68293,1.50,1.25
2018.01.05 10:22:25.853,1.68266,1.68293,1.50,1.25
2018.01.05 10:22:26.162,1.68269,1.68296,1.44,1.19
2018.01.05 10:22:26.473,1.68273,1.68301,1.50,1.19
2018.01.05 10:22:26.907,1.68273,1.68301,1.50,1.25
2018.01.05 10:22:27.091,1.68273,1.68301,1.25,1.19
2018.01.05 10:22:27.972,1.68274,1.68301,1.00,1.19
2018.01.05 10:22:28.643,1.68273,1.68301,1.25,1.19
2018.01.05 10:22:29.661,1.68274,1.68301,1.00,1.19
2018.01.05 10:22:30.567,1.68274,1.68301,1.00,1.19
2018.01.05 10:22:31.074,1.68273,1.68301,1.00,1.19
2018.01.05 10:22:31.613,1.68274,1.68301,1.00,1.19
2018.01.05 10:22:32.435,1.68273,1.68301,1.00,1.19
2018.01.05 10:22:34.340,1.68273,1.68302,1.25,1.69
2018.01.05 10:22:35.270,1.68274,1.68302,1.00,1.69
2018.01.05 10:22:35.539,1.68269,1.68297,1.25,1.25
2018.01.05 10:22:35.590,1.68268,1.68296,1.31,1.19
2018.01.05 10:22:36.134,1.68268,1.68296,1.25,1.25
2018.01.05 10:22:36.831,1.68268,1.68295,1.25,1.00
2018.01.05 10:22:37.483,1.68268,1.68295,1.19,1.25
2018.01.05 10:22:38.686,1.68268,1.68295,1.00,1.25
2018.01.05 10:22:40.102,1.68266,1.68295,2.25,1.25
2018.01.05 10:22:41.254,1.68266,1.68294,1.25,1.25
2018.01.05 10:22:41.845,1.68266,1.68293,1.25,1.00
2018.01.05 10:22:44.348,1.68266,1.68294,1.12,1.69
2018.01.05 10:22:45.927,1.68265,1.68293,1.25,1.44
2018.01.05 10:22:46.241,1.68262,1.68289,1.19,1.25
2018.01.05 10:22:46.973,1.68262,1.68289,1.00,1.00
2018.01.05 10:22:47.542,1.68263,1.6829,1.12,1.25
2018.01.05 10:22:48.061,1.68262,1.6829,1.37,1.25
2018.01.05 10:22:48.723,1.68264,1.68291,1.44,1.69
2018.01.05 10:22:50.042,1.68264,1.68292,1.50,1.19
2018.01.05 10:22:50.746,1.68264,1.68292,1.50,1.19
2018.01.05 10:22:51.326,1.68264,1.68292,1.50,1.19
2018.01.05 10:22:51.533,1.68262,1.68289,1.00,1.25
2018.01.05 10:22:52.240,1.68263,1.6829,1.25,1.25
2018.01.05 10:22:52.900,1.68264,1.68291,1.00,1.25
2018.01.05 10:22:53.440,1.68263,1.68291,1.87,1.19
2018.01.05 10:22:54.895,1.68262,1.68289,1.25,1.00
2018.01.05 10:22:54.948,1.68262,1.6829,1.37,1.25
2018.01.05 10:22:55.484,1.68265,1.68292,1.12,1.69
2018.01.05 10:23:00.106,1.68264,1.68292,1.87,1.69
2018.01.05 10:23:00.586,1.68267,1.68293,1.37,1.00
2018.01.05 10:23:00.689,1.68267,1.68295,1.12,2.44
2018.01.05 10:23:01.377,1.68268,1.68294,1.12,1.25
2018.01.05 10:23:02.066,1.68268,1.68295,1.25,1.00
2018.01.05 10:23:02.617,1.68268,1.68294,2.25,1.00
2018.01.05 10:23:02.669,1.6827,1.68296,1.37,1.00
2018.01.05 10:23:02.929,1.6827,1.68298,1.44,1.00
2018.01.05 10:23:03.684,1.68271,1.68298,1.44,1.25
2018.01.05 10:23:04.357,1.68271,1.68298,1.12,1.19
2018.01.05 10:23:04.890,1.68268,1.68297,1.50,1.19
2018.01.05 10:23:05.450,1.68268,1.68297,1.87,2.44
2018.01.05 10:23:05.763,1.68268,1.68294,1.25,1.25
2018.01.05 10:23:06.258,1.68263,1.68292,1.62,1.19
2018.01.05 10:23:06.464,1.68262,1.68289,1.12,1.25
2018.01.05 10:23:06.918,1.68263,1.6829,1.31,1.19
2018.01.05 10:23:07.236,1.68263,1.6829,1.50,1.69
2018.01.05 10:23:07.474,1.68263,1.6829,1.12,1.69
2018.01.05 10:23:14.163,1.68263,1.68288,1.31,1.19
2018.01.05 10:23:14.878,1.68263,1.68288,1.25,1.00
2018.01.05 10:23:15.519,1.68262,1.68289,2.25,1.19
2018.01.05 10:23:15.851,1.6827,1.68293,1.00,1.19
2018.01.05 10:23:16.587,1.6827,1.68293,1.00,1.25
2018.01.05 10:23:17.240,1.68271,1.68293,1.00,1.25
2018.01.05 10:23:17.791,1.6827,1.68293,1.00,1.25
2018.01.05 10:23:18.300,1.68271,1.68294,1.00,1.19
2018.01.05 10:23:18.738,1.68264,1.68287,1.19,1.00
2018.01.05 10:23:18.892,1.68247,1.68272,1.56,1.19
2018.01.05 10:23:18.996,1.68245,1.68272,1.56,1.25
2018.01.05 10:23:19.047,1.68246,1.68275,1.56,1.37
2018.01.05 10:23:19.099,1.68246,1.68275,1.75,1.37
2018.01.05 10:23:20.284,1.68249,1.68276,1.31,1.25
2018.01.05 10:23:21.847,1.68249,1.68276,1.50,1.25
2018.01.05 10:23:22.518,1.68249,1.68276,1.75,1.19
2018.01.05 10:23:23.474,1.68249,1.68276,1.81,1.19
2018.01.05 10:23:24.888,1.68248,1.68276,1.62,1.25
2018.01.05 10:23:26.268,1.68253,1.6828,1.00,1.25
2018.01.05 10:23:26.607,1.68256,1.6828,1.00,1.25
2018.01.05 10:23:27.135,1.68255,1.68282,1.00,1.19
2018.01.05 10:23:28.253,1.68256,1.68282,1.00,1.44
2018.01.05 10:23:28.803,1.68255,1.68282,1.12,1.44
2018.01.05 10:23:29.095,1.68252,1.68279,1.19,1.25
2018.01.05 10:23:29.261,1.68251,1.68278,1.00,1.00
2018.01.05 10:23:29.466,1.68247,1.68277,1.75,1.19
2018.01.05 10:23:29.986,1.68247,1.68277,1.75,1.19
2018.01.05 10:23:30.540,1.6825,1.68278,1.81,1.25
2018.01.05 10:23:31.163,1.6825,1.6828,1.50,1.19
2018.01.05 10:23:31.591,1.68253,1.68281,1.25,1.19
2018.01.05 10:23:32.075,1.68253,1.68283,1.50,1.19
2018.01.05 10:23:32.680,1.68253,1.68283,1.69,1.19
2018.01.05 10:23:33.079,1.68255,1.68283,1.37,1.19
2018.01.05 10:23:33.851,1.68255,1.68283,1.12,1.25
2018.01.05 10:23:34.308,1.68257,1.68285,1.44,1.19
2018.01.05 10:23:34.739,1.68258,1.68288,1.37,1.19
2018.01.05 10:23:34.842,1.68258,1.68288,1.75,1.19
2018.01.05 10:23:35.699,1.68259,1.68288,1.50,1.19
2018.01.05 10:23:36.329,1.68261,1.68288,1.37,1.25
2018.01.05 10:23:36.878,1.68263,1.68292,1.37,1.19
2018.01.05 10:23:36.980,1.68265,1.68292,1.44,1.25
2018.01.05 10:23:37.081,1.68263,1.68291,1.54,1.25
2018.01.05 10:23:37.583,1.68263,1.6829,1.69,1.00
2018.01.05 10:23:38.090,1.68262,1.68292,1.87,1.19
2018.01.05 10:23:39.359,1.68264,1.68292,1.50,1.19
2018.01.05 10:23:39.853,1.68263,1.68291,1.25,1.25
2018.01.05 10:23:39.903,1.68263,1.68289,1.25,1.00
2018.01.05 10:23:40.194,1.68264,1.68291,1.12,1.25
2018.01.05 10:23:40.250,1.68263,1.68289,1.00,1.00
2018.01.05 10:23:40.935,1.68263,1.6829,1.50,1.25
2018.01.05 10:23:41.705,1.68263,1.6829,1.69,1.37
2018.01.05 10:23:42.396,1.68262,1.68288,1.50,1.25
2018.01.05 10:23:43.790,1.68263,1.68288,1.00,1.19
2018.01.05 10:23:44.433,1.68262,1.68288,1.50,1.25
2018.01.05 10:23:46.074,1.68263,1.68288,1.00,1.25
2018.01.05 10:23:46.658,1.68262,1.68286,1.00,1.25
2018.01.05 10:23:47.424,1.68263,1.68286,1.00,1.25
2018.01.05 10:23:48.150,1.68262,1.68286,1.00,1.25
2018.01.05 10:23:48.854,1.68262,1.68286,1.00,1.19
2018.01.05 10:23:49.007,1.68262,1.68289,1.25,1.19
2018.01.05 10:23:49.427,1.68262,1.68285,1.00,1.00
2018.01.05 10:23:51.280,1.68258,1.68283,1.00,1.25
2018.01.05 10:23:51.484,1.68261,1.68283,1.00,1.19
2018.01.05 10:23:52.201,1.68261,1.68283,1.00,1.25
2018.01.05 10:23:52.667,1.68257,1.6828,1.00,1.25
2018.01.05 10:23:52.718,1.68253,1.6828,1.19,1.25
2018.01.05 10:23:52.923,1.68249,1.68275,1.94,1.00
2018.01.05 10:23:52.975,1.68246,1.68275,1.75,1.19
2018.01.05 10:23:53.077,1.68246,1.68275,1.75,1.19
2018.01.05 10:23:53.602,1.68247,1.68275,1.81,1.19
2018.01.05 10:23:53.930,1.68244,1.68273,1.50,1.19
2018.01.05 10:23:54.084,1.68243,1.68274,1.75,1.19
2018.01.05 10:23:54.405,1.68244,1.68271,1.00,1.25
2018.01.05 10:23:54.955,1.68243,1.68272,1.25,1.19
2018.01.05 10:23:55.467,1.68244,1.68272,1.00,1.19
2018.01.05 10:23:55.984,1.68244,1.68272,1.25,1.44
2018.01.05 10:23:56.520,1.68244,1.68272,1.00,1.19
2018.01.05 10:23:57.062,1.68244,1.68273,1.00,1.19
2018.01.05 10:23:57.948,1.68244,1.68273,1.44,1.19
2018.01.05 10:23:58.128,1.6825,1.68274,1.00,1.25
2018.01.05 10:23:58.436,1.68254,1.68278,1.00,1.19
2018.01.05 10:23:59.096,1.68254,1.68278,1.00,1.19
2018.01.05 10:24:00.098,1.68254,1.68278,1.00,1.25
2018.01.05 10:24:00.149,1.68253,1.68278,1.00,1.44
2018.01.05 10:24:00.414,1.68247,1.68273,1.00,1.25
2018.01.05 10:24:01.278,1.68247,1.68273,1.12,1.44
2018.01.05 10:24:02.241,1.68247,1.68273,1.12,1.19
2018.01.05 10:24:03.049,1.68247,1.68273,1.00,1.37
2018.01.05 10:24:03.569,1.68246,1.68272,1.12,1.37
2018.01.05 10:24:04.322,1.68246,1.68272,1.00,1.37
2018.01.05 10:24:04.815,1.68248,1.68272,1.00,1.25
2018.01.05 10:24:09.978,1.68248,1.68274,1.00,1.87
2018.01.05 10:24:12.812,1.68248,1.68274,1.00,1.87
2018.01.05 10:24:16.848,1.68243,1.68274,2.06,1.87
2018.01.05 10:24:17.599,1.68243,1.68274,2.25,1.87
2018.01.05 10:24:18.300,1.68245,1.68274,1.19,2.62
2018.01.05 10:24:18.351,1.6824,1.6827,1.56,1.00
2018.01.05 10:24:18.402,1.68239,1.68268,1.56,1.37
2018.01.05 10:24:19.004,1.68238,1.68267,1.31,1.25
2018.01.05 10:24:19.605,1.68238,1.68267,1.31,1.25
2018.01.05 10:24:20.506,1.68238,1.68267,2.06,1.44
2018.01.05 10:24:21.503,1.68237,1.68266,2.06,1.25
2018.01.05 10:24:21.656,1.68237,1.68265,1.12,1.19
2018.01.05 10:24:22.238,1.68238,1.68266,1.69,1.19
2018.01.05 10:24:25.908,1.68238,1.68267,1.62,1.44
2018.01.05 10:24:27.210,1.6824,1.68267,2.10,1.44
2018.01.05 10:24:27.518,1.68262,1.68289,1.00,1.87
2018.01.05 10:24:28.215,1.68263,1.68289,1.00,1.87
2018.01.05 10:24:28.604,1.68263,1.68287,1.00,1.25
2018.01.05 10:24:29.202,1.68262,1.68287,1.00,1.25
2018.01.05 10:24:29.762,1.68263,1.68287,1.00,1.69
2018.01.05 10:24:31.260,1.68263,1.68288,1.00,1.19
2018.01.05 10:24:32.277,1.68262,1.68288,1.00,1.19
2018.01.05 10:24:32.999,1.68263,1.68288,1.00,1.37
2018.01.05 10:24:33.600,1.68262,1.68288,1.00,1.37
2018.01.05 10:24:34.844,1.68262,1.68288,1.00,1.37
2018.01.05 10:24:36.031,1.6826,1.68282,1.00,1.00
2018.01.05 10:24:36.236,1.68253,1.68279,1.00,1.44
2018.01.05 10:24:36.289,1.68249,1.68277,1.69,1.44
2018.01.05 10:24:36.567,1.68249,1.68274,1.00,1.25
2018.01.05 10:24:37.096,1.68249,1.68274,1.00,1.19
2018.01.05 10:24:37.393,1.68249,1.68275,1.00,1.25
2018.01.05 10:24:37.445,1.68248,1.68279,2.47,1.87
2018.01.05 10:24:38.074,1.68248,1.68278,1.35,1.44
2018.01.05 10:24:38.609,1.68249,1.68278,1.00,1.37
2018.01.05 10:24:39.125,1.6825,1.68279,1.12,1.25
2018.01.05 10:24:39.741,1.68249,1.68282,1.69,1.87
2018.01.05 10:24:39.893,1.68249,1.68282,1.69,1.37
2018.01.05 10:24:40.433,1.6825,1.68282,1.19,1.37
2018.01.05 10:24:41.287,1.68252,1.68282,1.25,1.37
2018.01.05 10:24:41.708,1.68253,1.68283,1.00,1.19
2018.01.05 10:24:41.810,1.68255,1.68284,1.00,1.44
2018.01.05 10:24:42.149,1.68257,1.68287,1.44,1.62
2018.01.05 10:24:42.390,1.68258,1.68289,1.25,1.56
2018.01.05 10:24:42.667,1.68259,1.68289,1.69,1.44
2018.01.05 10:24:43.367,1.68259,1.6829,1.19,1.44
2018.01.05 10:24:43.975,1.68258,1.6829,1.31,1.87
2018.01.05 10:24:44.282,1.68257,1.68287,1.69,1.44
2018.01.05 10:24:45.162,1.68258,1.68288,1.25,1.12
2018.01.05 10:24:47.642,1.68258,1.68288,1.25,1.44
2018.01.05 10:24:47.966,1.68259,1.68289,1.19,1.37
2018.01.05 10:24:48.510,1.6826,1.68292,1.31,1.87
2018.01.05 10:24:48.918,1.6826,1.68291,1.19,1.44
2018.01.05 10:24:49.763,1.68259,1.68288,1.81,1.19
2018.01.05 10:24:50.313,1.6826,1.68289,1.25,1.19
2018.01.05 10:24:52.051,1.68259,1.68289,1.16,1.19
2018.01.05 10:24:52.614,1.68259,1.68287,1.91,1.25
2018.01.05 10:24:53.053,1.68259,1.68287,1.16,1.19
2018.01.05 10:24:55.068,1.68259,1.68288,2.66,1.44
2018.01.05 10:24:56.534,1.68259,1.68288,2.47,1.25
2018.01.05 10:24:57.126,1.68258,1.68287,1.62,1.37
2018.01.05 10:24:57.633,1.68258,1.68286,1.00,1.37
2018.01.05 10:24:58.004,1.68253,1.68282,1.37,1.44
2018.01.05 10:24:58.166,1.68253,1.68282,1.00,1.12
2018.01.05 10:24:58.218,1.68252,1.68281,1.12,1.44
2018.01.05 10:24:58.809,1.68252,1.68282,1.62,1.37
2018.01.05 10:24:59.551,1.68251,1.68282,1.56,1.44
2018.01.05 10:25:00.052,1.68251,1.68282,1.79,1.44
2018.01.05 10:25:00.154,1.68254,1.68283,1.00,1.37
2018.01.05 10:25:01.088,1.68254,1.68283,1.25,1.44
2018.01.05 10:25:01.191,1.68256,1.68285,1.54,1.87
2018.01.05 10:25:04.632,1.68254,1.68286,1.19,2.62
2018.01.05 10:25:07.247,1.68254,1.68285,1.44,1.37
2018.01.05 10:25:07.509,1.68256,1.68286,2.47,1.50
2018.01.05 10:25:08.169,1.68256,1.68288,2.47,1.31
2018.01.05 10:25:08.322,1.68259,1.68289,1.25,1.87
2018.01.05 10:25:09.080,1.68259,1.68289,1.19,1.87
2018.01.05 10:25:12.027,1.6826,1.68289,1.91,1.87
2018.01.05 10:25:12.129,1.68263,1.68289,1.00,1.44
2018.01.05 10:25:12.713,1.68262,1.6829,1.00,1.44
2018.01.05 10:25:13.087,1.68263,1.68289,1.56,1.00
2018.01.05 10:25:14.419,1.68263,1.68291,1.69,1.19
2018.01.05 10:25:15.446,1.68263,1.68292,1.69,1.19
2018.01.05 10:25:15.795,1.68265,1.68294,1.31,1.37
2018.01.05 10:25:16.469,1.68262,1.68295,1.31,1.87
2018.01.05 10:25:16.520,1.68259,1.68285,1.31,1.00
2018.01.05 10:25:16.573,1.68256,1.68284,2.06,1.00
2018.01.05 10:25:16.698,1.68256,1.68284,1.37,1.37
2018.01.05 10:25:16.750,1.68252,1.68281,1.25,1.37
2018.01.05 10:25:17.008,1.68251,1.68277,1.19,1.00
2018.01.05 10:25:17.060,1.6825,1.68277,1.00,1.44
2018.01.05 10:25:17.417,1.68246,1.68275,1.69,1.44
2018.01.05 10:25:19.671,1.68247,1.68277,1.19,1.37
2018.01.05 10:25:20.128,1.68246,1.68274,1.25,1.00
2018.01.05 10:25:20.288,1.68242,1.6827,1.19,1.44
2018.01.05 10:25:20.490,1.68239,1.68268,1.19,1.25
2018.01.05 10:25:21.100,1.68239,1.68268,1.25,1.87
2018.01.05 10:25:23.344,1.68239,1.68268,1.19,1.37
2018.01.05 10:25:24.073,1.68239,1.68268,1.25,1.44
2018.01.05 10:25:24.294,1.68239,1.6827,1.19,1.87
2018.01.05 10:25:25.111,1.6824,1.68268,1.25,1.19
2018.01.05 10:25:25.162,1.68241,1.68269,1.25,1.00
2018.01.05 10:25:25.851,1.6824,1.68269,1.25,1.25
2018.01.05 10:25:27.084,1.6824,1.68269,1.37,1.19
2018.01.05 10:25:27.609,1.6824,1.68269,1.44,1.25
2018.01.05 10:25:28.206,1.68242,1.6827,1.05,1.19
2018.01.05 10:25:28.766,1.68242,1.6827,1.72,1.19
2018.01.05 10:25:29.721,1.68242,1.6827,1.72,1.19
2018.01.05 10:25:30.125,1.68242,1.68273,2.85,1.87
2018.01.05 10:25:30.586,1.68242,1.68273,1.25,2.62
2018.01.05 10:25:30.637,1.68239,1.68269,1.25,1.44
2018.01.05 10:25:30.689,1.68238,1.68267,1.19,1.37
2018.01.05 10:25:31.663,1.68238,1.68267,1.25,1.37
2018.01.05 10:25:32.008,1.68239,1.68268,1.00,1.19
2018.01.05 10:25:32.667,1.68238,1.68268,1.69,1.44
2018.01.05 10:25:33.577,1.68238,1.68268,1.44,1.19
2018.01.05 10:25:34.650,1.6824,1.68269,1.00,1.19
2018.01.05 10:25:35.036,1.68241,1.68269,1.44,1.19
2018.01.05 10:25:35.089,1.68241,1.6827,1.44,1.19
2018.01.05 10:25:36.060,1.68241,1.68271,1.44,1.19
2018.01.05 10:25:37.160,1.68241,1.6827,1.37,1.19
2018.01.05 10:25:37.697,1.68241,1.6827,1.37,1.19
2018.01.05 10:25:38.489,1.68242,1.6827,1.69,1.19
2018.01.05 10:25:38.591,1.68245,1.68275,1.25,2.44
2018.01.05 10:25:38.696,1.68247,1.68275,1.00,1.44
2018.01.05 10:25:39.017,1.68249,1.68277,1.50,1.19
2018.01.05 10:25:39.527,1.68248,1.68279,1.31,1.37
2018.01.05 10:25:39.857,1.68246,1.68276,2.06,1.37
2018.01.05 10:25:40.120,1.6824,1.68269,1.25,1.37
2018.01.05 10:25:40.172,1.68238,1.68268,1.19,1.37
2018.01.05 10:25:41.160,1.68238,1.68268,1.19,1.37
2018.01.05 10:25:41.664,1.68238,1.68266,1.25,1.44
2018.01.05 10:25:42.215,1.68237,1.68266,1.69,1.19
2018.01.05 10:25:42.723,1.68237,1.68267,1.69,1.19
2018.01.05 10:25:43.254,1.68239,1.68267,2.66,1.19
2018.01.05 10:25:44.401,1.68239,1.68267,1.35,1.25
2018.01.05 10:25:44.707,1.6824,1.68268,2.25,1.19
2018.01.05 10:25:45.170,1.68242,1.6827,1.30,1.69
2018.01.05 10:25:46.251,1.68242,1.68271,1.42,1.19
2018.01.05 10:25:47.153,1.68242,1.68271,2.10,1.19
2018.01.05 10:25:47.927,1.6824,1.6827,1.87,1.19
2018.01.05 10:25:50.260,1.68239,1.6827,1.87,1.69
2018.01.05 10:25:50.795,1.68239,1.6827,1.87,1.69
2018.01.05 10:25:50.920,1.68243,1.6827,1.00,1.25
2018.01.05 10:25:51.226,1.68246,1.68276,1.81,1.87
2018.01.05 10:25:51.728,1.68246,1.68276,1.81,1.87
2018.01.05 10:25:51.872,1.68246,1.68276,1.50,1.69
2018.01.05 10:25:52.397,1.68246,1.68276,1.50,1.19
2018.01.05 10:25:53.480,1.68246,1.68276,1.75,1.19
2018.01.05 10:25:54.026,1.68246,1.68275,1.50,1.19
2018.01.05 10:25:54.449,1.68246,1.68275,1.75,1.19
2018.01.05 10:25:54.614,1.68246,1.68275,1.50,1.19
2018.01.05 10:25:54.784,1.68244,1.68272,1.75,1.19
2018.01.05 10:25:54.836,1.68242,1.68271,1.91,1.19
2018.01.05 10:25:54.888,1.68241,1.68268,2.10,1.25
2018.01.05 10:25:55.042,1.6824,1.68268,4.54,1.25
2018.01.05 10:25:55.697,1.68242,1.68269,1.12,1.19
2018.01.05 10:25:55.952,1.68239,1.68269,5.44,1.19
2018.01.05 10:25:56.678,1.68239,1.68268,5.44,1.19
2018.01.05 10:25:57.564,1.6824,1.68268,3.94,1.19
2018.01.05 10:25:58.069,1.68242,1.68268,1.00,1.19
2018.01.05 10:25:58.829,1.68242,1.68268,1.00,1.19
2018.01.05 10:25:59.375,1.68242,1.68268,1.50,1.19
2018.01.05 10:26:00.253,1.6824,1.68269,2.44,1.19
2018.01.05 10:26:00.721,1.6824,1.68269,1.25,1.19
2018.01.05 10:26:01.256,1.68238,1.68268,1.37,1.19
2018.01.05 10:26:02.637,1.68238,1.68267,1.12,1.19
2018.01.05 10:26:03.251,1.68237,1.68267,1.87,1.19
2018.01.05 10:26:03.647,1.68242,1.68268,1.00,1.25
2018.01.05 10:26:04.761,1.68242,1.68269,1.00,1.25
2018.01.05 10:26:05.341,1.6824,1.68269,1.75,1.19
2018.01.05 10:26:06.092,1.6824,1.68269,1.37,1.19
2018.01.05 10:26:06.604,1.6824,1.68268,1.00,1.25
2018.01.05 10:26:07.706,1.68238,1.68269,1.44,1.69
2018.01.05 10:26:09.371,1.68238,1.68269,2.85,1.69
2018.01.05 10:26:09.876,1.68238,1.68269,2.10,1.19
2018.01.05 10:26:10.199,1.68238,1.68269,2.10,1.19
2018.01.05 10:26:10.729,1.6824,1.68269,1.75,1.19
2018.01.05 10:26:11.299,1.68244,1.6827,1.00,1.69
2018.01.05 10:26:14.129,1.68247,1.68271,1.00,1.25
2018.01.05 10:26:14.788,1.68247,1.68272,1.00,1.69
2018.01.05 10:26:14.891,1.68249,1.68273,1.00,1.69
2018.01.05 10:26:15.433,1.68251,1.68275,1.00,1.19
2018.01.05 10:26:15.790,1.68248,1.68274,1.12,1.44
2018.01.05 10:26:16.435,1.68248,1.68274,1.00,1.19
2018.01.05 10:26:16.692,1.68245,1.68271,1.12,1.19
2018.01.05 10:26:17.240,1.68244,1.68269,1.00,1.19
2018.01.05 10:26:17.748,1.68244,1.68269,1.00,1.44
2018.01.05 10:26:18.052,1.68246,1.68269,1.00,1.25
2018.01.05 10:26:19.859,1.68243,1.68268,1.00,1.00
2018.01.05 10:26:20.029,1.68243,1.68266,1.00,1.00
2018.01.05 10:26:20.185,1.68237,1.68262,1.37,1.25
2018.01.05 10:26:20.778,1.68237,1.68262,1.12,1.25
2018.01.05 10:26:21.037,1.68237,1.68262,1.37,1.19
2018.01.05 10:26:21.547,1.68237,1.68262,1.37,1.19
2018.01.05 10:26:22.094,1.68239,1.68263,1.12,1.19
2018.01.05 10:26:22.274,1.68242,1.68265,1.00,1.69
2018.01.05 10:26:22.428,1.68239,1.68264,1.12,1.19
2018.01.05 10:26:22.973,1.68239,1.68262,1.00,1.25
2018.01.05 10:26:23.528,1.68239,1.68262,1.00,1.19
2018.01.05 10:26:25.197,1.68241,1.68263,1.00,1.19
2018.01.05 10:26:25.248,1.68241,1.68263,1.00,1.25
2018.01.05 10:26:25.842,1.68241,1.68264,1.00,1.87
2018.01.05 10:26:27.160,1.68241,1.68263,1.00,1.12
2018.01.05 10:26:27.777,1.6824,1.68263,1.00,1.87
2018.01.05 10:26:28.325,1.6824,1.68263,1.00,1.25
2018.01.05 10:26:30.278,1.6824,1.68263,1.00,1.69
2018.01.05 10:26:32.434,1.6824,1.68263,1.00,1.25
2018.01.05 10:26:34.752,1.6824,1.68263,1.00,1.69
2018.01.05 10:26:34.854,1.68238,1.68263,1.12,1.69
2018.01.05 10:26:35.719,1.68239,1.68263,1.00,1.19
2018.01.05 10:26:35.778,1.68239,1.68264,1.00,1.69
2018.01.05 10:26:37.177,1.68238,1.68263,1.00,1.69
2018.01.05 10:26:37.719,1.68238,1.68263,1.00,1.69
2018.01.05 10:26:38.098,1.6824,1.68263,1.00,1.69
2018.01.05 10:26:38.542,1.68238,1.68263,1.00,1.69
2018.01.05 10:26:38.593,1.68238,1.68263,1.00,2.62
2018.01.05 10:26:39.472,1.68238,1.68263,1.00,1.69
2018.01.05 10:26:42.193,1.68238,1.68263,1.00,2.44
2018.01.05 10:26:42.494,1.6824,1.68263,1.00,2.44
2018.01.05 10:26:43.516,1.68235,1.68262,1.25,1.25
2018.01.05 10:26:44.550,1.68238,1.68265,1.19,1.69
2018.01.05 10:26:44.653,1.6824,1.68267,1.00,1.25
2018.01.05 10:26:45.316,1.6824,1.68267,1.25,1.19
2018.01.05 10:26:46.131,1.6824,1.68267,1.25,1.25
2018.01.05 10:26:48.359,1.68237,1.68264,1.37,1.00
2018.01.05 10:26:48.410,1.68237,1.68264,1.44,1.00
2018.01.05 10:26:48.952,1.68239,1.68266,1.25,1.19
2018.01.05 10:26:49.003,1.68239,1.68268,1.37,1.19
2018.01.05 10:26:49.527,1.68241,1.68266,1.00,1.25
2018.01.05 10:26:50.080,1.68239,1.68266,1.50,1.25
2018.01.05 10:26:50.892,1.68238,1.68266,2.10,1.19
2018.01.05 10:26:51.300,1.68239,1.68266,1.81,1.19
2018.01.05 10:26:52.086,1.68239,1.68266,1.81,1.19
2018.01.05 10:26:53.483,1.68238,1.68266,1.75,1.19
2018.01.05 10:26:53.993,1.68238,1.68266,1.44,1.19
2018.01.05 10:26:54.197,1.68237,1.68264,1.12,1.00
2018.01.05 10:26:54.249,1.68235,1.68262,2.85,1.25
2018.01.05 10:26:55.133,1.68236,1.68263,1.12,1.25
2018.01.05 10:26:55.274,1.68237,1.68266,1.12,1.25
2018.01.05 10:27:00.372,1.68235,1.68267,3.60,1.69
2018.01.05 10:27:05.508,1.68235,1.68267,2.85,1.19
2018.01.05 10:27:05.559,1.68238,1.68268,1.00,1.19
2018.01.05 10:27:06.070,1.68238,1.68269,1.87,1.69
2018.01.05 10:27:06.604,1.68238,1.68269,1.31,1.69
2018.01.05 10:27:07.199,1.68238,1.68269,1.81,1.25
2018.01.05 10:27:09.534,1.68238,1.68269,1.50,1.19
2018.01.05 10:27:10.155,1.68238,1.68269,1.50,1.25
2018.01.05 10:27:11.022,1.68239,1.6827,1.37,1.87
2018.01.05 10:27:12.484,1.68239,1.6827,1.50,1.69
2018.01.05 10:27:17.192,1.68241,1.68271,2.25,1.00
2018.01.05 10:27:17.707,1.68242,1.68271,1.00,1.56
2018.01.05 10:27:17.809,1.68239,1.6827,2.25,1.00
2018.01.05 10:27:18.314,1.6824,1.6827,1.12,1.31
2018.01.05 10:27:19.780,1.68239,1.6827,1.12,1.25
2018.01.05 10:27:20.428,1.68239,1.68269,1.87,1.00
2018.01.05 10:27:23.018,1.68239,1.6827,1.50,1.37
2018.01.05 10:27:25.323,1.68239,1.68267,1.50,1.00
2018.01.05 10:27:26.012,1.6824,1.68267,1.00,1.44
2018.01.05 10:27:28.994,1.68239,1.68267,1.50,1.12
2018.01.05 10:27:29.531,1.68238,1.68267,1.25,1.44
2018.01.05 10:27:29.728,1.68234,1.68261,1.00,1.44
2018.01.05 10:27:30.245,1.68233,1.68261,1.12,1.44
2018.01.05 10:27:30.967,1.68233,1.68261,1.00,1.44
2018.01.05 10:27:33.425,1.68234,1.68261,1.00,1.37
2018.01.05 10:27:35.106,1.6823,1.68257,1.31,1.44
2018.01.05 10:27:35.159,1.68228,1.68253,1.50,1.37
2018.01.05 10:27:35.211,1.68225,1.68253,1.69,1.25
2018.01.05 10:27:35.968,1.68225,1.68253,1.19,1.44
2018.01.05 10:27:36.503,1.68224,1.68253,2.66,1.44
2018.01.05 10:27:37.642,1.68225,1.68253,1.00,1.19
2018.01.05 10:27:38.214,1.68224,1.68253,2.29,1.19
2018.01.05 10:27:39.621,1.68225,1.68253,1.00,1.19
2018.01.05 10:27:40.398,1.68225,1.68253,1.19,1.44
2018.01.05 10:27:50.880,1.68224,1.68253,2.29,1.19
2018.01.05 10:27:54.963,1.68224,1.68253,2.47,1.19
2018.01.05 10:28:00.790,1.68224,1.68253,2.29,1.19
2018.01.05 10:28:01.401,1.68224,1.68253,2.47,1.19
2018.01.05 10:28:03.103,1.68225,1.68253,1.25,1.19
2018.01.05 10:28:04.950,1.68226,1.68253,1.00,1.19
2018.01.05 10:28:05.899,1.68225,1.68253,1.19,1.25
2018.01.05 10:28:06.454,1.68225,1.68253,1.54,1.25
2018.01.05 10:28:07.020,1.68225,1.68253,1.54,1.44
2018.01.05 10:28:07.754,1.68225,1.68253,1.05,1.25
2018.01.05 10:28:10.024,1.68224,1.68253,2.29,1.44
2018.01.05 10:28:10.663,1.68225,1.68252,1.54,1.19
2018.01.05 10:28:11.420,1.68225,1.68252,1.54,1.19
2018.01.05 10:28:15.478,1.68224,1.68252,1.85,1.25
2018.01.05 10:28:16.125,1.68225,1.68252,1.54,1.19
2018.01.05 10:28:16.650,1.68224,1.68252,1.72,1.25
2018.01.05 10:28:16.761,1.68225,1.68252,1.30,1.19
2018.01.05 10:28:20.034,1.68225,1.68251,2.47,1.25
2018.01.05 10:28:22.258,1.68225,1.68252,2.29,1.25
2018.01.05 10:28:22.795,1.68225,1.68252,2.47,1.19
2018.01.05 10:28:24.493,1.68225,1.68252,2.29,1.25
2018.01.05 10:28:25.305,1.68225,1.68252,1.72,1.19
2018.01.05 10:28:26.593,1.68225,1.68252,1.54,1.25
2018.01.05 10:28:27.793,1.68221,1.68247,1.37,1.00
2018.01.05 10:28:27.844,1.68217,1.68246,3.79,1.25
2018.01.05 10:28:28.586,1.68217,1.68246,2.25,1.19
2018.01.05 10:28:30.137,1.68222,1.6825,1.37,1.19
2018.01.05 10:28:30.361,1.68221,1.68247,1.31,1.19
2018.01.05 10:28:32.039,1.68223,1.6825,1.12,1.25
2018.01.05 10:28:32.142,1.6822,1.68247,1.12,1.25
2018.01.05 10:28:32.517,1.68221,1.68248,1.72,1.19
2018.01.05 10:28:32.824,1.6822,1.68245,1.25,1.25
2018.01.05 10:28:33.697,1.68221,1.68245,1.00,1.00
2018.01.05 10:28:33.749,1.68219,1.68245,2.06,1.00
2018.01.05 10:28:34.641,1.6822,1.68245,1.00,1.00
2018.01.05 10:28:34.994,1.68221,1.6825,1.50,1.19
2018.01.05 10:28:35.638,1.68221,1.6825,1.75,1.19
2018.01.05 10:28:36.169,1.6822,1.68249,2.06,1.19
2018.01.05 10:28:36.221,1.68218,1.68245,1.87,1.00
2018.01.05 10:28:36.566,1.68221,1.68248,1.31,1.19
2018.01.05 10:28:36.668,1.68218,1.68244,1.19,1.25
2018.01.05 10:28:37.215,1.68215,1.68244,2.25,1.19
2018.01.05 10:28:37.266,1.68223,1.6825,2.25,1.19
2018.01.05 10:28:37.474,1.68231,1.68256,1.54,1.44
2018.01.05 10:28:37.526,1.68231,1.6826,2.29,1.44
2018.01.05 10:28:38.512,1.68233,1.68261,1.19,1.44
2018.01.05 10:28:39.235,1.68233,1.68261,1.69,1.44
2018.01.05 10:28:41.463,1.68233,1.68258,1.19,1.00
2018.01.05 10:28:42.060,1.68232,1.68262,1.69,1.37
2018.01.05 10:28:44.284,1.6823,1.68261,1.38,1.56
2018.01.05 10:28:44.335,1.68228,1.68256,2.44,1.00
2018.01.05 10:28:44.387,1.68226,1.68256,1.75,1.31
2018.01.05 10:28:44.696,1.68233,1.6826,1.00,1.38
2018.01.05 10:28:44.748,1.68233,1.6826,1.00,1.44
2018.01.05 10:28:45.004,1.68233,1.68257,1.00,1.31
2018.01.05 10:28:45.106,1.68226,1.68254,1.25,1.37
2018.01.05 10:28:45.158,1.68223,1.68252,1.37,1.19
2018.01.05 10:28:45.278,1.68223,1.68252,1.50,1.19
2018.01.05 10:28:45.381,1.68226,1.68255,2.81,1.44
2018.01.05 10:28:45.688,1.68229,1.68256,1.25,1.31
2018.01.05 10:28:46.331,1.68229,1.68256,1.44,1.56
2018.01.05 10:28:46.434,1.68224,1.68251,1.00,1.44
2018.01.05 10:28:46.588,1.68226,1.68253,1.88,1.38
2018.01.05 10:28:46.690,1.68225,1.68253,1.31,1.38
2018.01.05 10:28:47.001,1.68226,1.68255,1.88,1.38
2018.01.05 10:28:47.723,1.68226,1.68255,1.38,1.44
2018.01.05 10:28:48.517,1.68226,1.68255,2.25,1.38
2018.01.05 10:28:53.306,1.68227,1.68255,1.00,1.38
2018.01.05 10:28:53.698,1.68225,1.68252,1.75,1.38
2018.01.05 10:28:53.800,1.68224,1.68251,1.81,1.44
2018.01.05 10:28:53.902,1.68226,1.68254,1.38,1.31
2018.01.05 10:28:54.431,1.68228,1.68255,1.13,1.38
2018.01.05 10:28:54.483,1.68228,1.68255,1.38,1.44
2018.01.05 10:28:55.211,1.68228,1.68255,1.13,1.69
2018.01.05 10:28:55.766,1.68228,1.68255,1.38,1.88
2018.01.05 10:28:57.984,1.68228,1.68254,1.13,1.00
2018.01.05 10:28:58.554,1.68228,1.68255,1.19,1.19
2018.01.05 10:29:01.804,1.68228,1.68255,1.25,1.31
2018.01.05 10:29:04.482,1.68228,1.68254,1.25,1.00
2018.01.05 10:29:05.121,1.68225,1.68254,1.88,1.88
2018.01.05 10:29:06.226,1.68225,1.68254,1.88,1.38
2018.01.05 10:29:09.846,1.68225,1.68254,1.56,1.38
2018.01.05 10:29:10.587,1.68227,1.68254,1.63,1.38
2018.01.05 10:29:11.158,1.68229,1.68254,1.44,1.38
2018.01.05 10:29:11.210,1.68229,1.68255,1.25,1.44
2018.01.05 10:29:11.739,1.68229,1.68255,1.13,1.38
2018.01.05 10:29:13.285,1.68228,1.68257,1.19,1.00
2018.01.05 10:29:13.338,1.6823,1.6826,1.19,1.87
2018.01.05 10:29:13.899,1.6823,1.6826,1.19,1.25
2018.01.05 10:29:14.624,1.6823,1.6826,1.19,1.44
2018.01.05 10:29:15.154,1.6823,1.6826,1.19,1.25
2018.01.05 10:29:15.843,1.68232,1.6826,1.25,1.50
2018.01.05 10:29:16.408,1.68232,1.6826,1.19,2.06
2018.01.05 10:29:17.197,1.68232,1.6826,1.25,1.50
2018.01.05 10:29:20.082,1.68232,1.6826,1.19,2.06
2018.01.05 10:29:20.134,1.68229,1.6826,1.87,2.06
2018.01.05 10:29:21.545,1.68229,1.68258,1.87,1.00
2018.01.05 10:29:21.597,1.68229,1.68258,1.87,1.19
2018.01.05 10:29:22.948,1.68229,1.68258,1.87,1.19
2018.01.05 10:29:24.578,1.68231,1.68258,1.12,1.25
2018.01.05 10:29:25.604,1.68233,1.68259,1.25,1.00
2018.01.05 10:29:26.178,1.68233,1.6826,1.25,1.25
2018.01.05 10:29:29.677,1.68233,1.6826,1.37,1.19
2018.01.05 10:29:29.780,1.68236,1.68262,1.00,1.25
2018.01.05 10:29:30.556,1.68234,1.68259,1.00,1.19
2018.01.05 10:29:31.117,1.68235,1.68258,1.00,1.25
2018.01.05 10:29:32.025,1.68235,1.68258,1.00,1.19
2018.01.05 10:29:32.746,1.68234,1.68258,1.00,1.19
2018.01.05 10:29:32.849,1.68234,1.6826,1.00,1.19
2018.01.05 10:29:33.240,1.68234,1.68262,2.29,1.00
2018.01.05 10:29:33.746,1.68235,1.68262,1.75,1.00
2018.01.05 10:29:33.907,1.68224,1.68252,1.44,1.25
2018.01.05 10:29:33.961,1.68223,1.6825,2.25,1.00
2018.01.05 10:29:34.388,1.68223,1.68249,1.81,1.25
2018.01.05 10:29:35.181,1.68224,1.68251,1.50,1.69
2018.01.05 10:29:35.685,1.68224,1.68251,1.25,1.69
2018.01.05 10:29:36.223,1.68224,1.68251,1.50,1.69
2018.01.05 10:29:36.275,1.68224,1.68251,1.81,1.69
2018.01.05 10:29:36.530,1.68236,1.68265,1.69,1.87
2018.01.05 10:29:36.696,1.68236,1.6826,1.69,1.00
2018.01.05 10:29:36.753,1.68229,1.68257,1.56,1.19
2018.01.05 10:29:36.857,1.68231,1.6826,1.31,1.00
2018.01.05 10:29:36.909,1.68234,1.6826,1.00,1.50
2018.01.05 10:29:37.417,1.68231,1.68262,1.50,2.62
2018.01.05 10:29:37.622,1.6823,1.68259,2.06,1.00
2018.01.05 10:29:38.146,1.68231,1.68261,1.00,1.44
2018.01.05 10:29:38.474,1.68233,1.68261,1.25,1.00
2018.01.05 10:29:39.177,1.68233,1.68262,1.00,1.00
2018.01.05 10:29:39.629,1.68233,1.68259,1.00,1.25
2018.01.05 10:29:40.177,1.68233,1.68259,1.00,1.19
2018.01.05 10:29:40.280,1.68233,1.68263,2.06,1.19
2018.01.05 10:29:40.637,1.68237,1.68264,1.25,1.87
2018.01.05 10:29:42.808,1.68237,1.68264,1.00,1.25
2018.01.05 10:29:43.338,1.68237,1.68265,1.19,1.19
2018.01.05 10:29:43.952,1.68237,1.68265,1.25,1.12
2018.01.05 10:29:44.528,1.68237,1.68264,1.00,1.12
2018.01.05 10:29:45.134,1.68237,1.68263,1.00,1.25
2018.01.05 10:29:45.655,1.68236,1.68263,1.25,1.50
2018.01.05 10:29:46.839,1.68236,1.68263,1.19,1.12
2018.01.05 10:29:47.414,1.68236,1.68263,1.19,1.31
2018.01.05 10:29:47.714,1.68233,1.68265,1.00,1.62
2018.01.05 10:29:48.311,1.68233,1.68265,1.00,1.31
2018.01.05 10:29:48.892,1.68232,1.68265,2.44,2.06
2018.01.05 10:29:48.944,1.68228,1.68254,1.87,1.19
2018.01.05 10:29:48.995,1.68226,1.68252,1.50,1.25
2018.01.05 10:29:49.534,1.68224,1.68251,1.75,1.25
2018.01.05 10:29:49.695,1.68227,1.68256,1.37,1.25
2018.01.05 10:29:49.797,1.6823,1.68259,1.44,1.19
2018.01.05 10:29:50.152,1.68233,1.6826,1.19,1.25
2018.01.05 10:29:50.306,1.68235,1.68265,1.69,1.25
2018.01.05 10:29:50.436,1.68232,1.6826,1.19,1.19
2018.01.05 10:29:50.956,1.68232,1.6826,1.25,1.19
2018.01.05 10:29:51.262,1.68227,1.68254,1.37,1.19
2018.01.05 10:29:52.133,1.68225,1.68254,2.62,1.00
2018.01.05 10:29:52.389,1.68229,1.68256,1.00,1.25
2018.01.05 10:29:52.994,1.68228,1.68255,1.12,1.00
2018.01.05 10:29:53.098,1.6823,1.68257,1.00,1.19
2018.01.05 10:29:53.149,1.6823,1.68257,1.25,1.25
2018.01.05 10:29:53.661,1.6823,1.68257,1.44,1.19
2018.01.05 10:29:55.734,1.68229,1.68256,1.12,1.00
2018.01.05 10:29:56.043,1.68231,1.68257,1.00,1.00
2018.01.05 10:29:56.390,1.68231,1.6826,1.87,1.19
2018.01.05 10:29:57.369,1.68231,1.68258,1.19,1.00
2018.01.05 10:29:57.904,1.68231,1.68258,1.19,1.25
2018.01.05 10:29:58.455,1.68227,1.68254,1.31,1.00
2018.01.05 10:29:58.507,1.68226,1.68251,1.37,1.00
2018.01.05 10:29:58.558,1.68221,1.68247,1.00,1.19
2018.01.05 10:29:59.067,1.6822,1.68247,2.10,1.44
2018.01.05 10:29:59.583,1.6822,1.68247,1.35,1.19
2018.01.05 10:30:00.090,1.6822,1.68247,2.29,1.19
2018.01.05 10:30:00.595,1.6822,1.68249,3.22,1.19
2018.01.05 10:30:01.148,1.6822,1.6825,2.47,1.19
2018.01.05 10:30:01.693,1.68221,1.6825,1.12,1.19
2018.01.05 10:30:04.575,1.68217,1.68245,1.19,1.25
2018.01.05 10:30:04.626,1.68214,1.68242,1.12,1.00
2018.01.05 10:30:04.856,1.68216,1.68243,1.19,1.19
2018.01.05 10:30:05.437,1.68217,1.68244,1.00,1.25
2018.01.05 10:30:06.427,1.68216,1.68243,1.12,1.19
2018.01.05 10:30:07.081,1.68216,1.68243,1.00,1.25
2018.01.05 10:30:07.689,1.68216,1.68245,1.09,1.19
2018.01.05 10:30:07.741,1.68216,1.68245,1.25,1.19
2018.01.05 10:30:08.612,1.68214,1.68242,1.19,1.00
2018.01.05 10:30:08.664,1.68214,1.68242,1.25,1.25
2018.01.05 10:30:08.715,1.68216,1.68243,1.25,1.44
2018.01.05 10:30:09.236,1.68219,1.68248,1.31,1.19
2018.01.05 10:30:09.681,1.68222,1.68251,1.81,1.87
2018.01.05 10:30:10.018,1.68225,1.68252,1.31,1.25
2018.01.05 10:30:10.603,1.68225,1.68252,1.16,1.69
2018.01.05 10:30:11.212,1.68225,1.68252,1.16,1.25
2018.01.05 10:30:11.719,1.68227,1.68251,1.22,1.00
2018.01.05 10:30:12.223,1.68227,1.68252,1.22,1.00
2018.01.05 10:30:13.344,1.68227,1.68251,1.22,1.00
2018.01.05 10:30:14.297,1.68223,1.6825,1.16,1.25
2018.01.05 10:30:14.454,1.68225,1.68252,1.16,3.37
2018.01.05 10:30:14.505,1.6822,1.68247,1.16,1.00
2018.01.05 10:30:14.658,1.68218,1.68245,1.16,1.00
2018.01.05 10:30:15.287,1.68218,1.68245,1.16,1.00
2018.01.05 10:30:15.793,1.68218,1.68246,1.16,1.12
2018.01.05 10:30:16.353,1.68218,1.68245,1.16,1.25
2018.01.05 10:30:17.495,1.68215,1.68242,1.16,1.25
2018.01.05 10:30:17.952,1.68218,1.68245,1.29,1.25
2018.01.05 10:30:19.689,1.68214,1.68241,1.54,1.19
2018.01.05 10:30:20.345,1.68219,1.68243,1.00,1.19
2018.01.05 10:30:20.396,1.68216,1.68243,1.00,1.25
2018.01.05 10:30:20.499,1.68216,1.68241,1.00,1.00
2018.01.05 10:30:20.550,1.68212,1.68239,1.16,1.25
2018.01.05 10:30:21.054,1.68212,1.68239,1.22,1.00
2018.01.05 10:30:21.707,1.68211,1.68238,1.22,1.50
2018.01.05 10:30:21.758,1.68207,1.68233,1.16,1.00
2018.01.05 10:30:21.860,1.68206,1.68233,1.16,1.50
2018.01.05 10:30:21.963,1.68214,1.6824,1.05,1.69
2018.01.05 10:30:22.014,1.68215,1.68242,1.78,1.00
2018.01.05 10:30:22.066,1.68221,1.68243,1.22,1.00
2018.01.05 10:30:22.118,1.68221,1.6825,1.22,1.37
2018.01.05 10:30:22.766,1.68221,1.6825,1.00,1.19
2018.01.05 10:30:23.414,1.68221,1.6825,1.22,1.19
2018.01.05 10:30:23.567,1.68224,1.68251,1.16,1.19
2018.01.05 10:30:24.489,1.68224,1.68253,1.25,1.87
2018.01.05 10:30:25.128,1.68224,1.68253,1.19,1.87
2018.01.05 10:30:25.410,1.68219,1.68249,1.25,1.25
2018.01.05 10:30:25.974,1.68219,1.68248,1.19,1.69
2018.01.05 10:30:26.127,1.68218,1.68248,1.69,1.00
2018.01.05 10:30:26.659,1.68219,1.68247,1.25,1.25
2018.01.05 10:30:27.266,1.68218,1.68248,1.87,1.25
2018.01.05 10:30:27.798,1.68219,1.68247,1.00,1.25
2018.01.05 10:30:28.353,1.68219,1.68249,1.25,1.87
2018.01.05 10:30:28.613,1.68224,1.68249,1.00,1.25
2018.01.05 10:30:28.664,1.68224,1.68253,1.25,1.37
2018.01.05 10:30:28.868,1.68227,1.68254,1.25,1.25
2018.01.05 10:30:29.418,1.68229,1.68256,1.19,1.87
2018.01.05 10:30:29.617,1.68229,1.68256,1.25,1.50
2018.01.05 10:30:30.229,1.68229,1.68256,1.44,1.69
2018.01.05 10:30:30.733,1.68229,1.68256,1.12,1.00
2018.01.05 10:30:32.139,1.68233,1.68256,1.25,1.00
2018.01.05 10:30:32.190,1.68233,1.68259,1.44,1.25
2018.01.05 10:30:32.395,1.68241,1.68265,1.25,1.00
2018.01.05 10:30:32.590,1.68243,1.68274,1.25,1.25
2018.01.05 10:30:33.533,1.68244,1.68275,1.25,1.37
2018.01.05 10:30:34.232,1.68245,1.68274,1.25,1.37
2018.01.05 10:30:34.826,1.68245,1.68274,1.44,1.19
2018.01.05 10:30:35.259,1.6825,1.68277,1.25,1.19
2018.01.05 10:30:36.063,1.6825,1.68277,1.44,1.19
2018.01.05 10:30:36.937,1.6825,1.68277,1.37,1.19
2018.01.05 10:30:36.989,1.68254,1.68281,1.00,1.19
2018.01.05 10:30:37.534,1.68253,1.68282,1.44,1.19
2018.01.05 10:30:38.024,1.68251,1.6828,1.19,1.19
2018.01.05 10:30:38.536,1.68252,1.68279,1.12,1.19
2018.01.05 10:30:39.047,1.68252,1.68279,1.44,1.25
2018.01.05 10:30:39.885,1.68252,1.68279,1.25,1.00
2018.01.05 10:30:40.038,1.68252,1.68285,1.00,2.25
2018.01.05 10:30:40.602,1.68252,1.68283,1.12,1.56
2018.01.05 10:30:41.147,1.68251,1.68283,1.12,1.19
2018.01.05 10:30:41.664,1.68253,1.68283,1.37,1.19
2018.01.05 10:30:42.173,1.68254,1.68284,1.19,1.87
2018.01.05 10:30:43.309,1.68255,1.68282,1.25,1.44
2018.01.05 10:30:44.338,1.68255,1.68282,1.19,1.25
2018.01.05 10:30:44.389,1.68253,1.6828,1.25,1.25
2018.01.05 10:30:45.172,1.68251,1.68278,1.44,1.00
2018.01.05 10:30:45.226,1.68249,1.68281,1.50,1.19
2018.01.05 10:30:45.330,1.68246,1.68277,1.12,1.00
2018.01.05 10:30:46.168,1.68245,1.68277,2.44,1.00
2018.01.05 10:30:46.828,1.68246,1.68277,1.25,1.25
2018.01.05 10:30:47.251,1.68246,1.68275,1.00,1.19
2018.01.05 10:30:47.353,1.68243,1.68275,1.87,1.19
2018.01.05 10:30:47.760,1.68244,1.68277,1.44,1.19
2018.01.05 10:30:48.275,1.68245,1.68277,1.44,1.25
2018.01.05 10:30:48.428,1.68246,1.68273,1.25,1.00
2018.01.05 10:30:50.714,1.68246,1.68273,1.44,1.25
2018.01.05 10:30:51.718,1.68246,1.68273,1.25,1.25
2018.01.05 10:30:54.057,1.68246,1.68273,1.44,1.25
2018.01.05 10:30:55.368,1.68246,1.68279,1.12,1.12
2018.01.05 10:30:55.934,1.68246,1.68279,1.44,1.25
2018.01.05 10:30:56.467,1.68246,1.68279,1.37,1.19
2018.01.05 10:30:59.130,1.68246,1.68279,1.12,1.87
2018.01.05 10:31:00.102,1.68246,1.68279,1.37,2.25
2018.01.05 10:31:00.852,1.68247,1.68279,1.44,2.25
2018.01.05 10:31:03.149,1.68248,1.68279,1.12,2.25
2018.01.05 10:31:03.609,1.68245,1.68278,1.87,1.31
2018.01.05 10:31:03.663,1.68245,1.68272,1.00,1.00
2018.01.05 10:31:03.767,1.68239,1.68272,1.69,1.37
2018.01.05 10:31:03.870,1.6824,1.68273,1.87,1.19
2018.01.05 10:31:04.065,1.68246,1.68277,1.25,1.00
2018.01.05 10:31:04.704,1.68246,1.68278,1.87,1.44
2018.01.05 10:31:04.806,1.68246,1.68274,1.25,1.00
2018.01.05 10:31:05.711,1.68246,1.68274,1.12,1.19
2018.01.05 10:31:06.269,1.68246,1.68274,1.44,1.25
2018.01.05 10:31:08.705,1.68244,1.68276,1.37,1.19
2018.01.05 10:31:08.808,1.68242,1.68275,1.87,1.69
2018.01.05 10:31:08.860,1.68242,1.6827,1.00,1.25
2018.01.05 10:31:09.113,1.6823,1.6826,1.25,1.19
2018.01.05 10:31:09.651,1.68231,1.6826,1.00,1.19
2018.01.05 10:31:10.267,1.68231,1.6826,1.44,1.25
2018.01.05 10:31:10.818,1.68231,1.68262,1.37,1.19
2018.01.05 10:31:10.976,1.68232,1.68263,1.37,1.69
2018.01.05 10:31:11.560,1.68233,1.68264,1.25,1.69
2018.01.05 10:31:11.728,1.68234,1.68264,1.44,2.44
2018.01.05 10:31:12.084,1.68236,1.68266,1.44,1.19
2018.01.05 10:31:12.753,1.68236,1.68266,1.44,1.25
2018.01.05 10:31:13.059,1.68239,1.68269,1.87,1.69
2018.01.05 10:31:13.568,1.68239,1.68267,1.19,1.50
2018.01.05 10:31:13.904,1.68237,1.68266,1.12,1.69
2018.01.05 10:31:14.007,1.68239,1.68266,1.00,1.00
2018.01.05 10:31:15.168,1.68238,1.68265,1.00,1.00
2018.01.05 10:31:15.888,1.68238,1.68267,1.37,1.31
2018.01.05 10:31:16.520,1.68239,1.68267,1.12,1.19
2018.01.05 10:31:17.062,1.68239,1.68267,1.25,1.25
2018.01.05 10:31:18.167,1.68239,1.68267,1.44,1.19
2018.01.05 10:31:18.699,1.68239,1.68267,1.25,1.25
2018.01.05 10:31:20.165,1.6824,1.68268,1.00,1.12
2018.01.05 10:31:20.391,1.68238,1.68269,1.25,1.44
2018.01.05 10:31:21.393,1.68238,1.68269,1.44,1.12
2018.01.05 10:31:22.255,1.68238,1.6827,1.25,1.84
2018.01.05 10:31:22.307,1.6824,1.68269,1.37,1.65
2018.01.05 10:31:22.513,1.68237,1.68267,1.87,1.00
2018.01.05 10:31:23.052,1.68238,1.68269,1.25,1.15
2018.01.05 10:31:23.234,1.68241,1.68273,1.87,1.65
2018.01.05 10:31:24.443,1.68241,1.68273,2.62,1.15
2018.01.05 10:31:27.941,1.68244,1.68276,1.44,1.84
2018.01.05 10:31:28.145,1.68244,1.68275,1.87,1.27
2018.01.05 10:31:28.299,1.6825,1.68279,1.35,1.15
2018.01.05 10:31:28.836,1.68251,1.68278,1.25,1.20
2018.01.05 10:31:29.486,1.68253,1.6828,1.44,1.15
2018.01.05 10:31:29.793,1.68245,1.68272,1.87,1.00
2018.01.05 10:31:29.987,1.68251,1.68278,1.00,1.15
2018.01.05 10:31:30.039,1.68254,1.68282,1.44,1.20
2018.01.05 10:31:30.563,1.68255,1.68284,1.00,1.15
2018.01.05 10:31:30.996,1.68251,1.68278,1.87,1.20
2018.01.05 10:31:31.329,1.68253,1.6828,1.25,1.20
2018.01.05 10:31:31.380,1.68253,1.68282,1.37,1.27
2018.01.05 10:31:31.687,1.68251,1.6828,1.44,1.52
2018.01.05 10:31:32.396,1.68251,1.68278,1.44,1.20
2018.01.05 10:31:32.723,1.68248,1.68275,1.37,1.20
2018.01.05 10:31:33.330,1.68248,1.68274,1.37,1.00
2018.01.05 10:31:34.074,1.68248,1.68276,1.37,1.15
2018.01.05 10:31:35.356,1.6825,1.68276,1.12,1.20
2018.01.05 10:31:35.905,1.6825,1.68276,1.44,1.20
2018.01.05 10:31:36.814,1.68249,1.68276,1.87,1.00
2018.01.05 10:31:38.215,1.68249,1.68277,1.87,1.19
2018.01.05 10:31:38.764,1.68251,1.68278,1.37,2.44
2018.01.05 10:31:39.020,1.68256,1.68283,1.00,1.25
2018.01.05 10:31:39.791,1.68256,1.68285,1.44,1.87
2018.01.05 10:31:40.667,1.68256,1.68285,1.25,1.69
2018.01.05 10:31:41.317,1.68256,1.68285,1.87,1.69
2018.01.05 10:31:42.484,1.68256,1.68284,1.87,1.19
2018.01.05 10:31:43.022,1.68256,1.68285,1.87,1.69
2018.01.05 10:31:43.528,1.68256,1.68283,1.00,1.25
2018.01.05 10:31:44.043,1.68256,1.68283,1.12,1.19
2018.01.05 10:31:45.189,1.68257,1.68283,1.00,1.19
2018.01.05 10:31:45.742,1.68256,1.68283,1.25,1.19
2018.01.05 10:31:46.172,1.68256,1.68284,1.25,1.69
2018.01.05 10:31:46.914,1.68256,1.68284,1.19,2.06
2018.01.05 10:31:47.105,1.68255,1.68284,1.25,1.69
2018.01.05 10:31:47.318,1.68258,1.68287,1.25,1.25
2018.01.05 10:31:47.370,1.68261,1.68288,1.25,1.31
2018.01.05 10:31:47.793,1.68259,1.68285,1.25,1.00
2018.01.05 10:31:48.458,1.68258,1.68285,1.25,1.00
2018.01.05 10:31:49.282,1.68258,1.68285,1.44,1.25
2018.01.05 10:31:49.827,1.68258,1.68285,1.25,1.25
2018.01.05 10:31:50.043,1.68257,1.68282,1.00,1.00
2018.01.05 10:31:50.146,1.68252,1.68279,1.19,1.00
2018.01.05 10:31:50.362,1.68248,1.68275,1.37,1.00
2018.01.05 10:31:50.413,1.68248,1.68275,1.37,1.19
2018.01.05 10:31:51.405,1.68248,1.68275,1.25,1.25
2018.01.05 10:31:52.266,1.68247,1.68274,1.37,1.25
2018.01.05 10:31:52.317,1.68247,1.68274,1.25,1.25
2018.01.05 10:31:53.029,1.68246,1.68273,1.44,1.00
2018.01.05 10:31:54.700,1.68246,1.68272,1.87,1.00
2018.01.05 10:31:55.201,1.68246,1.68273,1.37,1.69
2018.01.05 10:31:55.874,1.68246,1.68273,1.19,1.25
2018.01.05 10:31:56.552,1.68246,1.68273,1.25,1.25
2018.01.05 10:32:01.722,1.68244,1.68273,1.37,1.19
2018.01.05 10:32:04.134,1.68244,1.68273,1.37,1.25
2018.01.05 10:32:05.478,1.68244,1.68273,1.37,1.19
2018.01.05 10:32:08.357,1.68246,1.68273,1.44,1.25
2018.01.05 10:32:08.799,1.6825,1.68279,1.37,2.06
2018.01.05 10:32:09.715,1.68251,1.6828,1.12,2.81
2018.01.05 10:32:09.781,1.68251,1.68279,1.37,1.31
2018.01.05 10:32:10.938,1.68249,1.68278,1.37,1.31
2018.01.05 10:32:11.690,1.68249,1.68278,1.37,1.31
2018.01.05 10:32:13.581,1.68251,1.68278,1.44,1.56
2018.01.05 10:32:14.334,1.68251,1.68278,1.25,1.25
2018.01.05 10:32:14.913,1.68249,1.68276,1.37,1.25
2018.01.05 10:32:15.553,1.68249,1.68276,1.44,1.00
2018.01.05 10:32:16.311,1.68249,1.68276,1.37,1.25
2018.01.05 10:32:17.664,1.68249,1.68276,1.44,1.00
2018.01.05 10:32:18.180,1.68249,1.68276,1.37,1.25
2018.01.05 10:32:18.520,1.68247,1.68276,1.25,1.19
2018.01.05 10:32:18.572,1.68247,1.68276,1.37,1.25
2018.01.05 10:32:18.623,1.68247,1.68274,1.37,1.19
2018.01.05 10:32:19.046,1.68249,1.68276,1.25,1.25
2018.01.05 10:32:19.148,1.68247,1.68274,1.44,1.00
2018.01.05 10:32:19.846,1.68247,1.68273,1.19,1.00
2018.01.05 10:32:20.370,1.68246,1.68273,1.00,1.25
2018.01.05 10:32:21.018,1.68246,1.68273,1.19,1.25
2018.01.05 10:32:21.917,1.68246,1.68273,1.12,1.00
2018.01.05 10:32:22.232,1.68243,1.68272,1.87,1.19
2018.01.05 10:32:22.437,1.6824,1.68269,1.87,1.25
2018.01.05 10:32:22.591,1.6824,1.68267,1.12,1.00
2018.01.05 10:32:23.418,1.6824,1.68267,1.37,1.25
2018.01.05 10:32:24.070,1.6824,1.68267,1.37,1.19
2018.01.05 10:32:24.661,1.6824,1.68267,1.44,1.25
2018.01.05 10:32:25.211,1.6824,1.68267,1.37,1.19
2018.01.05 10:32:25.833,1.6824,1.68267,1.37,1.19
2018.01.05 10:32:26.329,1.68243,1.68269,1.44,1.25
2018.01.05 10:32:26.674,1.68245,1.68272,1.44,1.44
2018.01.05 10:32:27.184,1.68245,1.68272,1.25,1.25
2018.01.05 10:32:27.593,1.68245,1.68272,1.37,1.25
2018.01.05 10:32:28.137,1.68246,1.68273,1.37,1.19
2018.01.05 10:32:28.240,1.68247,1.68276,1.37,1.19
2018.01.05 10:32:29.081,1.68247,1.68276,1.44,1.19
2018.01.05 10:32:29.602,1.68247,1.68276,1.37,1.19
2018.01.05 10:32:30.499,1.68248,1.68276,1.25,1.69
2018.01.05 10:32:31.033,1.68248,1.68274,1.25,1.25
2018.01.05 10:32:32.654,1.68251,1.68276,1.37,1.00
2018.01.05 10:32:33.515,1.68251,1.68276,1.12,1.00
2018.01.05 10:32:36.415,1.68251,1.68276,1.37,1.00
2018.01.05 10:32:37.587,1.68249,1.68275,1.69,1.25
2018.01.05 10:32:37.845,1.68248,1.68273,1.25,1.00
2018.01.05 10:32:38.227,1.68246,1.68273,1.25,1.00
2018.01.05 10:32:38.761,1.68245,1.68272,1.37,1.25
2018.01.05 10:32:38.867,1.68245,1.68272,1.00,1.19
2018.01.05 10:32:38.918,1.68243,1.68271,1.25,1.19
2018.01.05 10:32:39.121,1.68244,1.68272,1.44,1.31
2018.01.05 10:32:39.643,1.68244,1.68269,1.00,1.25
2018.01.05 10:32:40.131,1.6824,1.68269,1.87,1.00
2018.01.05 10:32:40.669,1.6824,1.68269,1.87,1.25
2018.01.05 10:32:40.778,1.6824,1.68268,1.25,1.00
2018.01.05 10:32:40.998,1.6824,1.6827,1.00,1.50
2018.01.05 10:32:42.363,1.6824,1.6827,1.44,1.69
2018.01.05 10:32:43.161,1.6824,1.6827,1.69,1.00
2018.01.05 10:32:44.449,1.6824,1.6827,1.87,1.25
2018.01.05 10:32:44.704,1.68243,1.68272,1.25,1.00
2018.01.05 10:32:45.012,1.68232,1.6826,1.37,1.19
2018.01.05 10:32:45.116,1.6824,1.68269,1.37,1.69
2018.01.05 10:32:45.274,1.68245,1.68273,1.44,1.00
2018.01.05 10:32:45.427,1.68245,1.68275,1.25,1.25
2018.01.05 10:32:46.144,1.68245,1.68275,1.44,1.69
2018.01.05 10:32:47.069,1.68245,1.68275,1.25,2.06
2018.01.05 10:32:47.594,1.68245,1.68275,1.44,2.25
2018.01.05 10:32:48.165,1.68245,1.68275,1.25,2.06
2018.01.05 10:32:48.715,1.68245,1.68275,1.44,2.06
2018.01.05 10:32:49.085,1.68245,1.68271,1.19,1.19
2018.01.05 10:32:49.137,1.68244,1.68271,1.00,1.19
2018.01.05 10:32:51.140,1.68245,1.68271,1.00,1.19
2018.01.05 10:32:51.862,1.68244,1.68271,1.00,1.19
2018.01.05 10:32:52.391,1.68245,1.68271,1.25,1.19
2018.01.05 10:32:52.493,1.68244,1.68271,1.25,1.25
2018.01.05 10:32:53.234,1.68245,1.68271,1.25,1.19
2018.01.05 10:32:55.598,1.68244,1.68271,1.87,1.25
2018.01.05 10:32:56.027,1.68245,1.68276,1.44,2.06
2018.01.05 10:32:56.181,1.68244,1.68276,1.37,2.06
2018.01.05 10:32:56.753,1.68245,1.68276,1.37,1.69
2018.01.05 10:32:57.112,1.68244,1.68276,1.44,1.69
2018.01.05 10:32:57.163,1.68243,1.68263,1.25,1.00
2018.01.05 10:32:57.267,1.68238,1.68259,1.00,1.00
2018.01.05 10:32:57.319,1.68235,1.68264,1.44,1.87
2018.01.05 10:32:57.371,1.68238,1.68265,1.87,1.37
2018.01.05 10:32:57.572,1.68239,1.68266,1.25,1.00
2018.01.05 10:32:57.776,1.68239,1.68266,1.37,1.25
2018.01.05 10:32:58.408,1.68239,1.68268,1.37,1.19
2018.01.05 10:32:58.940,1.68239,1.68268,1.37,1.19
2018.01.05 10:32:59.195,1.68238,1.68265,1.12,1.19
2018.01.05 10:32:59.348,1.68234,1.6826,1.25,1.19
2018.01.05 10:32:59.921,1.68233,1.6826,1.25,1.25
2018.01.05 10:33:03.580,1.68232,1.68259,1.37,1.25
2018.01.05 10:33:04.383,1.68232,1.68261,1.44,1.19
2018.01.05 10:33:04.892,1.68232,1.68261,1.37,1.19
2018.01.05 10:33:05.541,1.68237,1.68264,1.00,1.19
2018.01.05 10:33:05.592,1.68239,1.68266,1.00,1.00
2018.01.05 10:33:06.173,1.6824,1.68266,1.00,1.25
2018.01.05 10:33:06.744,1.6824,1.68265,1.25,1.00
2018.01.05 10:33:07.557,1.6824,1.68266,1.12,1.00
2018.01.05 10:33:08.233,1.6824,1.68265,1.25,1.00
2018.01.05 10:33:08.839,1.6824,1.68266,1.25,1.00
2018.01.05 10:33:08.941,1.68236,1.68265,1.87,1.69
2018.01.05 10:33:09.581,1.68236,1.68265,1.44,1.69
2018.01.05 10:33:09.884,1.68235,1.68261,1.44,1.25
2018.01.05 10:33:10.435,1.68239,1.6827,1.44,1.44
2018.01.05 10:33:10.537,1.68237,1.68269,2.62,1.25
2018.01.05 10:33:11.043,1.68237,1.68268,1.69,1.25
2018.01.05 10:33:11.631,1.68238,1.68268,1.25,1.50
2018.01.05 10:33:11.964,1.68235,1.68268,1.19,1.87
2018.01.05 10:33:12.337,1.68234,1.68264,1.25,1.19
2018.01.05 10:33:12.944,1.68233,1.68264,1.00,1.44
2018.01.05 10:33:13.323,1.68234,1.68265,1.44,1.50
2018.01.05 10:33:13.527,1.68235,1.68266,1.44,2.06
2018.01.05 10:33:13.883,1.68236,1.68265,1.37,1.00
2018.01.05 10:33:13.934,1.68235,1.68265,1.37,1.00
2018.01.05 10:33:14.688,1.68235,1.68265,1.37,1.00
2018.01.05 10:33:15.226,1.68235,1.68265,1.19,1.00
2018.01.05 10:33:15.765,1.68236,1.68266,1.25,1.00
2018.01.05 10:33:16.682,1.68236,1.68266,1.19,1.25
2018.01.05 10:33:17.017,1.68234,1.68266,1.87,1.87
2018.01.05 10:33:17.483,1.68236,1.68268,1.37,1.25
2018.01.05 10:33:17.636,1.68234,1.68268,1.44,1.87
2018.01.05 10:33:17.785,1.68234,1.68268,1.87,2.25
2018.01.05 10:33:20.435,1.68235,1.68266,1.19,1.12
2018.01.05 10:33:20.776,1.68233,1.68262,1.37,1.25
2018.01.05 10:33:21.096,1.68232,1.68261,2.62,1.19
2018.01.05 10:33:21.689,1.68232,1.68261,1.44,1.19
2018.01.05 10:33:23.208,1.68233,1.68264,1.25,2.06
2018.01.05 10:33:23.259,1.68235,1.68265,1.44,1.25
2018.01.05 10:33:24.070,1.68235,1.68265,1.37,1.19
2018.01.05 10:33:24.640,1.68235,1.68265,1.37,1.25
2018.01.05 10:33:25.490,1.68236,1.68265,1.37,1.25
2018.01.05 10:33:26.035,1.68236,1.68265,1.25,1.00
2018.01.05 10:33:26.344,1.68236,1.68263,1.44,1.25
2018.01.05 10:33:27.073,1.68236,1.68263,1.25,1.00
2018.01.05 10:33:28.599,1.68236,1.68263,1.19,1.25
2018.01.05 10:33:30.064,1.68236,1.68263,1.25,1.00
2018.01.05 10:33:30.779,1.68234,1.68263,1.44,1.19
2018.01.05 10:33:31.881,1.68235,1.68264,1.25,1.19
2018.01.05 10:33:32.420,1.68235,1.68264,1.37,1.19
2018.01.05 10:33:33.426,1.68235,1.68264,1.12,1.19
2018.01.05 10:33:34.173,1.68235,1.68264,1.37,1.19
2018.01.05 10:33:34.920,1.68235,1.68264,1.12,1.19
2018.01.05 10:33:35.610,1.68235,1.68262,1.37,1.25
2018.01.05 10:33:36.578,1.68237,1.68265,1.19,1.25
2018.01.05 10:33:37.194,1.68237,1.68265,1.87,1.19
2018.01.05 10:33:37.462,1.68237,1.68265,1.25,1.25
2018.01.05 10:33:37.535,1.68237,1.68265,1.87,1.19
2018.01.05 10:33:37.813,1.68239,1.68267,1.25,1.25
2018.01.05 10:33:38.433,1.68239,1.68267,1.44,1.19
2018.01.05 10:33:40.199,1.68239,1.68267,1.25,1.25
2018.01.05 10:33:41.238,1.68239,1.68267,1.44,1.25
2018.01.05 10:33:42.311,1.68239,1.68267,1.37,1.19
2018.01.05 10:33:43.794,1.68239,1.68267,1.44,1.25
2018.01.05 10:33:44.403,1.68239,1.68267,1.12,1.25
2018.01.05 10:33:44.516,1.68241,1.68263,1.00,1.00
2018.01.05 10:33:45.118,1.68241,1.68263,1.19,1.00
2018.01.05 10:33:46.935,1.68241,1.68263,1.19,1.00
2018.01.05 10:33:47.479,1.68241,1.68263,1.19,1.00
2018.01.05 10:33:48.110,1.68241,1.68263,1.19,1.00
2018.01.05 10:33:50.690,1.68239,1.68264,1.19,1.00
2018.01.05 10:33:51.375,1.68239,1.68264,1.37,1.00
2018.01.05 10:33:52.201,1.68239,1.68264,1.44,1.00
2018.01.05 10:33:54.515,1.68239,1.68264,1.19,1.00
2018.01.05 10:33:54.912,1.68239,1.68261,1.19,1.00
2018.01.05 10:33:56.098,1.6824,1.68263,1.19,1.00
2018.01.05 10:33:57.616,1.6824,1.68263,1.19,1.00
2018.01.05 10:33:58.710,1.68242,1.68265,1.19,1.00
2018.01.05 10:33:58.761,1.68242,1.68267,1.44,1.00
2018.01.05 10:33:58.813,1.68243,1.68269,1.19,1.50
2018.01.05 10:33:58.936,1.68244,1.68267,1.44,1.00
2018.01.05 10:33:59.150,1.68244,1.68269,1.19,1.00
2018.01.05 10:33:59.730,1.68244,1.68269,1.44,1.00
2018.01.05 10:34:00.267,1.68242,1.68265,1.19,1.00
2018.01.05 10:34:00.318,1.68241,1.68264,1.19,1.00
2018.01.05 10:34:00.848,1.68238,1.68263,1.19,1.00
2018.01.05 10:34:05.106,1.6824,1.68263,1.19,1.00
2018.01.05 10:34:05.807,1.68239,1.68262,1.44,1.00
2018.01.05 10:34:06.377,1.68238,1.68261,1.37,1.00
2018.01.05 10:34:06.538,1.68235,1.68258,1.44,1.00
2018.01.05 10:34:07.058,1.68237,1.6826,1.44,1.00
2018.01.05 10:34:07.576,1.68238,1.68261,1.44,1.00
2018.01.05 10:34:08.137,1.68238,1.68261,1.19,1.00
2018.01.05 10:34:10.179,1.68238,1.68261,1.44,1.00
2018.01.05 10:34:10.281,1.68239,1.68264,1.19,1.00
2018.01.05 10:34:11.127,1.68238,1.6826,1.37,1.00
2018.01.05 10:34:11.178,1.68238,1.6826,1.37,1.00
2018.01.05 10:34:11.705,1.68238,1.6826,1.19,1.00
2018.01.05 10:34:12.242,1.68238,1.6826,1.44,1.00
2018.01.05 10:34:12.761,1.68238,1.6826,1.19,1.00
2018.01.05 10:34:16.484,1.68236,1.68258,1.37,1.00
2018.01.05 10:34:19.209,1.68236,1.68258,1.37,1.00
2018.01.05 10:34:19.909,1.68237,1.68259,1.44,1.00
2018.01.05 10:34:20.537,1.68237,1.68259,1.44,1.00
2018.01.05 10:34:21.092,1.68237,1.68259,1.37,1.00
2018.01.05 10:34:21.420,1.68237,1.68262,1.37,1.00
2018.01.05 10:34:21.523,1.68238,1.68262,1.37,1.00
2018.01.05 10:34:21.625,1.68237,1.68261,1.37,1.00
2018.01.05 10:34:22.232,1.68236,1.6826,1.37,1.00
2018.01.05 10:34:22.486,1.68236,1.6826,1.87,1.00
2018.01.05 10:34:23.119,1.68236,1.6826,1.37,1.00
2018.01.05 10:34:23.171,1.68234,1.68259,1.44,1.00
2018.01.05 10:34:25.235,1.68234,1.68258,1.37,1.00
2018.01.05 10:34:26.157,1.68235,1.68257,1.44,1.00
2018.01.05 10:34:26.606,1.68234,1.68258,1.44,1.00
2018.01.05 10:34:27.264,1.68234,1.68258,1.37,1.00
2018.01.05 10:34:30.301,1.68234,1.68258,1.69,1.00
2018.01.05 10:34:31.787,1.68234,1.68258,1.87,1.00
2018.01.05 10:34:32.297,1.68234,1.68258,1.69,1.00
2018.01.05 10:34:32.676,1.68235,1.68261,1.87,1.00
2018.01.05 10:34:32.778,1.68239,1.68264,1.37,1.00
2018.01.05 10:34:33.294,1.68239,1.68264,1.37,1.00
2018.01.05 10:34:33.721,1.68239,1.68264,1.37,1.00
2018.01.05 10:34:33.959,1.6824,1.68266,1.37,1.00
2018.01.05 10:34:35.016,1.6824,1.68266,1.44,1.00
2018.01.05 10:34:35.678,1.68241,1.68266,1.44,1.00
2018.01.05 10:34:35.780,1.68241,1.68265,1.19,1.00
2018.01.05 10:34:35.933,1.6824,1.68263,1.19,1.00
2018.01.05 10:34:37.084,1.68236,1.68258,1.37,1.00
2018.01.05 10:34:37.135,1.68232,1.68256,1.37,1.00
2018.01.05 10:34:37.187,1.6823,1.68253,1.44,1.00
2018.01.05 10:34:37.497,1.68225,1.68252,1.87,1.00
2018.01.05 10:34:37.700,1.68223,1.68248,1.37,1.00
2018.01.05 10:34:37.869,1.68222,1.68247,1.37,1.00
2018.01.05 10:34:38.924,1.68222,1.68247,1.37,1.37
2018.01.05 10:34:39.556,1.68222,1.68247,1.37,1.00
2018.01.05 10:34:39.607,1.68222,1.68249,1.37,1.12
2018.01.05 10:34:41.161,1.68222,1.68249,1.37,1.00
2018.01.05 10:34:41.682,1.68222,1.6825,1.37,1.00
2018.01.05 10:34:42.300,1.68222,1.6825,1.37,1.00
2018.01.05 10:34:42.515,1.68222,1.68248,1.37,1.00
2018.01.05 10:34:43.098,1.68222,1.68248,1.37,1.00
2018.01.05 10:34:43.728,1.68222,1.68248,1.37,1.00
2018.01.05 10:34:44.129,1.68222,1.6825,1.37,1.00
2018.01.05 10:34:44.736,1.68222,1.6825,1.37,1.00
2018.01.05 10:34:45.472,1.68224,1.6825,1.44,1.00
2018.01.05 10:34:45.524,1.68223,1.68247,1.44,1.00
2018.01.05 10:34:46.019,1.68223,1.68248,1.37,1.00
2018.01.05 10:34:46.070,1.68225,1.6825,1.37,1.00
2018.01.05 10:34:46.594,1.68222,1.68245,1.69,1.00
2018.01.05 10:34:47.162,1.68223,1.68245,1.19,1.00
2018.01.05 10:34:47.713,1.68223,1.68245,1.25,1.00
2018.01.05 10:34:48.857,1.68223,1.68246,1.87,1.00
2018.01.05 10:34:48.908,1.68225,1.6825,1.37,1.00
2018.01.05 10:34:48.959,1.68226,1.68252,1.37,1.00
2018.01.05 10:34:49.627,1.68225,1.68248,1.12,1.00
2018.01.05 10:34:50.227,1.68225,1.68248,1.37,1.00
2018.01.05 10:34:50.834,1.68225,1.68248,1.12,1.00
2018.01.05 10:34:51.134,1.68227,1.68252,1.19,1.00
2018.01.05 10:34:52.255,1.68227,1.68253,1.37,1.12
2018.01.05 10:34:53.093,1.68226,1.68252,1.37,1.00
2018.01.05 10:34:53.306,1.68223,1.68249,1.43,1.00
2018.01.05 10:34:53.684,1.68224,1.68253,1.12,1.62
2018.01.05 10:34:54.135,1.68226,1.68255,1.37,1.56
2018.01.05 10:34:54.389,1.68226,1.68255,1.37,1.37
2018.01.05 10:34:54.542,1.6823,1.68255,1.37,1.00
2018.01.05 10:34:54.765,1.68246,1.68275,1.18,1.00
2018.01.05 10:34:55.533,1.68246,1.68276,1.24,1.50
2018.01.05 10:34:56.081,1.68246,1.68276,1.37,1.25
2018.01.05 10:34:56.608,1.68247,1.68276,1.18,1.19
2018.01.05 10:34:57.018,1.68249,1.68277,1.18,1.00
2018.01.05 10:34:57.289,1.68251,1.68279,1.24,1.00
2018.01.05 10:34:58.141,1.68252,1.68276,1.18,1.00
2018.01.05 10:34:58.710,1.68252,1.68276,1.18,1.00
2018.01.05 10:34:59.835,1.68252,1.68279,1.18,1.00
2018.01.05 10:35:00.037,1.68262,1.68282,1.00,1.00
2018.01.05 10:35:00.359,1.68284,1.68303,1.00,1.00
2018.01.05 10:35:04.135,1.68283,1.68302,1.00,1.00
2018.01.05 10:35:04.388,1.68279,1.683,1.00,1.00
2018.01.05 10:35:04.441,1.68281,1.683,1.00,1.00
2018.01.05 10:35:04.741,1.68281,1.68302,1.00,1.00
2018.01.05 10:35:05.791,1.68281,1.68303,1.00,1.00
2018.01.05 10:35:07.055,1.68285,1.68304,1.00,1.00
2018.01.05 10:35:07.209,1.68292,1.68312,1.25,1.00
2018.01.05 10:35:07.260,1.68291,1.6831,1.00,1.00
2018.01.05 10:35:07.311,1.68296,1.68317,1.00,1.00
2018.01.05 10:35:07.362,1.68299,1.68318,1.00,1.00
2018.01.05 10:35:07.414,1.68303,1.68323,1.00,1.00
2018.01.05 10:35:07.560,1.68305,1.68326,1.00,1.00
2018.01.05 10:35:07.663,1.68306,1.68329,1.00,1.00
2018.01.05 10:35:09.018,1.68308,1.68329,1.00,1.00
2018.01.05 10:35:10.396,1.6831,1.68331,1.00,1.00
2018.01.05 10:35:10.928,1.68309,1.6833,1.00,1.00
2018.01.05 10:35:11.698,1.68309,1.68329,1.00,1.00
2018.01.05 10:35:12.005,1.68313,1.68333,1.00,1.00
2018.01.05 10:35:12.107,1.68313,1.68335,1.00,1.00
2018.01.05 10:35:16.325,1.68312,1.68334,1.00,1.00
2018.01.05 10:35:16.539,1.68316,1.68335,1.00,1.00
2018.01.05 10:35:17.058,1.68313,1.68335,1.00,1.00
2018.01.05 10:35:17.605,1.68314,1.68336,1.00,1.00
2018.01.05 10:35:18.194,1.68315,1.68334,1.00,1.00
2018.01.05 10:35:19.061,1.68315,1.68335,1.00,1.00
2018.01.05 10:35:20.358,1.68315,1.68336,1.00,1.00
2018.01.05 10:35:20.864,1.68318,1.68337,1.00,1.00
2018.01.05 10:35:21.769,1.68316,1.68338,1.00,1.00
2018.01.05 10:35:22.865,1.68316,1.68336,1.00,1.00
2018.01.05 10:35:23.171,1.68314,1.68334,1.00,1.00
2018.01.05 10:35:25.102,1.68314,1.68337,1.00,1.25
2018.01.05 10:35:25.727,1.68316,1.68339,1.00,1.19
2018.01.05 10:35:25.878,1.68319,1.68342,1.00,1.19
2018.01.05 10:35:26.632,1.68319,1.68342,1.00,1.25
2018.01.05 10:35:27.144,1.6832,1.68343,1.00,1.19
2018.01.05 10:35:27.577,1.68318,1.68341,1.00,1.00
2018.01.05 10:35:28.125,1.68318,1.68341,1.00,1.19
2018.01.05 10:35:28.697,1.68318,1.68341,1.00,1.25
2018.01.05 10:35:31.127,1.6832,1.68345,1.00,1.19
2018.01.05 10:35:31.676,1.68319,1.68344,1.00,1.25
2018.01.05 10:35:31.871,1.68321,1.68346,1.00,1.19
2018.01.05 10:35:32.178,1.68324,1.68347,1.00,1.25
2018.01.05 10:35:32.482,1.68322,1.68347,1.00,1.19
2018.01.05 10:35:33.023,1.68322,1.68345,1.00,1.19
2018.01.05 10:35:33.787,1.68322,1.68345,1.00,1.25
2018.01.05 10:35:34.424,1.68322,1.68345,1.00,1.19
2018.01.05 10:35:35.022,1.68322,1.68345,1.00,1.25
2018.01.05 10:35:36.557,1.68324,1.68346,1.00,1.25
2018.01.05 10:35:36.739,1.68322,1.68345,1.00,1.00
2018.01.05 10:35:36.791,1.68321,1.68344,1.00,1.19
2018.01.05 10:35:37.209,1.68324,1.68346,1.00,1.25
2018.01.05 10:35:37.311,1.68322,1.68347,1.00,1.69
2018.01.05 10:35:37.412,1.68321,1.68344,1.00,1.25
2018.01.05 10:35:37.719,1.68324,1.68347,1.00,1.69
2018.01.05 10:35:38.237,1.68324,1.68346,1.00,1.00
2018.01.05 10:35:40.023,1.68324,1.68349,1.00,2.06
2018.01.05 10:35:40.953,1.68324,1.68349,1.00,1.19
2018.01.05 10:35:41.681,1.68324,1.68349,1.00,1.87
2018.01.05 10:35:46.078,1.68326,1.68349,1.00,1.44
2018.01.05 10:35:46.742,1.68326,1.68349,1.00,1.44
2018.01.05 10:35:47.394,1.68326,1.68349,1.00,1.25
2018.01.05 10:35:49.247,1.68326,1.6835,1.00,1.19
2018.01.05 10:35:49.784,1.68326,1.68351,1.00,1.87
2018.01.05 10:35:51.015,1.68326,1.68349,1.00,1.19
2018.01.05 10:35:53.987,1.68326,1.68349,1.00,1.25
2018.01.05 10:35:54.912,1.68326,1.68349,1.00,1.19
2018.01.05 10:35:57.031,1.68326,1.68349,1.00,1.25
2018.01.05 10:35:58.120,1.68325,1.68347,1.00,1.00
2018.01.05 10:36:01.950,1.68325,1.68344,1.00,1.00
2018.01.05 10:36:02.001,1.68324,1.68346,1.00,1.00
2018.01.05 10:36:02.505,1.68325,1.68346,1.00,1.00
2018.01.05 10:36:04.483,1.68325,1.68347,1.00,1.00
2018.01.05 10:36:06.862,1.68326,1.68345,1.00,1.00
2018.01.05 10:36:08.063,1.68326,1.68346,1.00,1.00
2018.01.05 10:36:09.465,1.68327,1.68347,1.00,1.00
2018.01.05 10:36:14.934,1.68333,1.68356,1.00,1.37
2018.01.05 10:36:15.465,1.68333,1.68356,1.00,1.44
2018.01.05 10:36:15.994,1.68334,1.68357,1.00,1.19
2018.01.05 10:36:21.557,1.68334,1.68357,1.00,1.25
2018.01.05 10:36:21.919,1.68338,1.68359,1.00,1.19
2018.01.05 10:36:22.250,1.68352,1.68374,1.19,1.00
2018.01.05 10:36:22.353,1.68351,1.68374,1.00,1.00
2018.01.05 10:36:22.732,1.68351,1.68377,1.69,1.69
2018.01.05 10:36:23.253,1.68351,1.68377,1.00,1.69
2018.01.05 10:36:24.426,1.6835,1.68377,2.44,1.00
2018.01.05 10:36:24.984,1.68351,1.68377,1.25,1.12
2018.01.05 10:36:25.873,1.6835,1.68378,1.69,1.87
2018.01.05 10:36:26.374,1.68351,1.68378,1.69,1.19
2018.01.05 10:36:28.856,1.6835,1.68378,1.25,1.25
2018.01.05 10:36:29.361,1.68351,1.68378,1.25,1.19
2018.01.05 10:36:30.923,1.68351,1.68378,1.25,1.25
2018.01.05 10:36:32.387,1.68351,1.68378,1.44,1.19
2018.01.05 10:36:37.762,1.68351,1.68379,1.25,1.69
2018.01.05 10:36:39.345,1.68351,1.68379,1.44,1.69
2018.01.05 10:36:41.401,1.68353,1.68383,1.44,2.06
2018.01.05 10:36:41.452,1.68356,1.68382,1.12,1.25
2018.01.05 10:36:41.916,1.68357,1.68382,1.19,1.00
2018.01.05 10:36:42.589,1.68371,1.68386,1.00,1.00
2018.01.05 10:36:42.640,1.68371,1.68397,1.19,1.00
2018.01.05 10:36:42.692,1.68369,1.68393,1.00,1.50
2018.01.05 10:36:42.743,1.68365,1.68393,1.69,2.06
2018.01.05 10:36:42.845,1.68372,1.68396,1.00,1.19
2018.01.05 10:36:42.897,1.68373,1.68398,1.19,1.00
2018.01.05 10:36:42.948,1.6837,1.68398,1.25,1.25
2018.01.05 10:36:43.050,1.68376,1.684,1.44,1.00
2018.01.05 10:36:43.102,1.68377,1.68404,1.44,1.37
2018.01.05 10:36:43.153,1.68377,1.68407,1.12,2.06
2018.01.05 10:36:43.894,1.68377,1.68405,1.19,1.19
2018.01.05 10:36:44.507,1.68377,1.68405,1.69,1.25
2018.01.05 10:36:45.074,1.68379,1.68408,1.00,2.04
2018.01.05 10:36:45.244,1.68361,1.68391,1.69,1.25
2018.01.05 10:36:45.296,1.68362,1.68389,1.19,1.00
2018.01.05 10:36:46.081,1.68362,1.68389,1.25,1.69
2018.01.05 10:36:46.614,1.68362,1.68389,1.19,1.69
2018.01.05 10:36:48.256,1.68362,1.68388,1.12,1.00
2018.01.05 10:36:48.892,1.68362,1.68388,1.44,1.25
2018.01.05 10:36:49.692,1.68362,1.68388,1.25,1.00
2018.01.05 10:36:51.114,1.6836,1.68388,1.37,1.19
2018.01.05 10:36:52.049,1.68361,1.68388,1.37,1.25
2018.01.05 10:36:52.357,1.68362,1.68392,1.44,1.19
2018.01.05 10:36:52.511,1.68365,1.68395,1.37,3.00
2018.01.05 10:36:52.787,1.68384,1.68412,1.00,1.19
2018.01.05 10:36:53.716,1.68383,1.68411,1.25,1.69
2018.01.05 10:36:54.319,1.68383,1.68411,1.19,1.69
2018.01.05 10:36:54.825,1.68383,1.68411,1.25,1.87
2018.01.05 10:36:55.795,1.68381,1.6841,1.25,1.25
2018.01.05 10:36:56.445,1.68381,1.6841,1.19,1.19
2018.01.05 10:36:57.724,1.68381,1.6841,1.25,1.25
2018.01.05 10:36:57.963,1.68382,1.68412,1.19,1.44
2018.01.05 10:36:58.469,1.68384,1.68411,1.19,1.00
2018.01.05 10:37:00.373,1.68384,1.68412,1.25,1.00
2018.01.05 10:37:02.760,1.68384,1.68412,1.18,1.00
2018.01.05 10:37:03.104,1.68383,1.68404,1.18,1.00
2018.01.05 10:37:03.156,1.68378,1.68398,1.00,1.00
2018.01.05 10:37:03.208,1.68371,1.68398,1.12,1.25
2018.01.05 10:37:03.667,1.68372,1.684,1.18,1.19
2018.01.05 10:37:04.094,1.68374,1.68403,1.18,1.25
2018.01.05 10:37:04.641,1.68374,1.68403,1.18,1.19
2018.01.05 10:37:06.076,1.68372,1.68403,1.18,1.69
2018.01.05 10:37:06.665,1.68371,1.684,1.18,1.00
2018.01.05 10:37:07.040,1.68365,1.68392,1.18,1.00
2018.01.05 10:37:07.193,1.68363,1.68391,1.68,1.25
2018.01.05 10:37:07.245,1.68366,1.68394,1.18,1.25
2018.01.05 10:37:07.296,1.68367,1.68397,1.18,1.00
2018.01.05 10:37:07.863,1.68369,1.68398,1.18,1.00
2018.01.05 10:37:08.364,1.68369,1.68399,1.24,1.00
2018.01.05 10:37:08.889,1.68368,1.68399,1.68,1.00
2018.01.05 10:37:09.044,1.68368,1.68396,2.43,1.00
2018.01.05 10:37:09.554,1.68368,1.68396,1.68,1.00
2018.01.05 10:37:10.286,1.68368,1.68399,2.62,1.00
2018.01.05 10:37:10.337,1.68365,1.68394,1.37,1.19
2018.01.05 10:37:10.389,1.68368,1.68398,1.18,1.19
2018.01.05 10:37:10.964,1.68368,1.68398,1.18,1.19
2018.01.05 10:37:11.567,1.68368,1.68397,1.24,1.19
2018.01.05 10:37:12.073,1.68367,1.68397,1.68,1.25
2018.01.05 10:37:12.124,1.68368,1.68396,1.00,1.19
2018.01.05 10:37:12.566,1.68368,1.68398,1.10,1.25
2018.01.05 10:37:13.612,1.68368,1.68398,1.14,1.00
2018.01.05 10:37:14.991,1.68366,1.68394,1.00,1.00
2018.01.05 10:37:15.620,1.68364,1.68395,1.14,1.69
2018.01.05 10:37:16.310,1.68364,1.68395,1.60,1.69
2018.01.05 10:37:16.816,1.68364,1.68395,1.60,1.31
2018.01.05 10:37:18.616,1.68364,1.68396,1.11,1.19
2018.01.05 10:37:19.346,1.68364,1.68396,1.79,1.31
2018.01.05 10:37:20.710,1.68364,1.68391,1.11,1.00
2018.01.05 10:37:20.762,1.68363,1.68391,1.14,1.00
2018.01.05 10:37:20.814,1.68364,1.68394,1.11,1.00
2018.01.05 10:37:21.496,1.68364,1.68396,1.14,1.31
2018.01.05 10:37:22.250,1.68364,1.68396,1.61,1.74
2018.01.05 10:37:22.936,1.68364,1.68393,1.00,1.18
2018.01.05 10:37:23.809,1.68363,1.68393,1.00,1.24
2018.01.05 10:37:24.322,1.68361,1.68393,1.14,1.24
2018.01.05 10:37:24.586,1.68359,1.68392,1.80,1.49
2018.01.05 10:37:24.935,1.68359,1.68387,1.00,1.24
2018.01.05 10:37:25.442,1.68358,1.68385,1.36,1.00
2018.01.05 10:37:25.944,1.68358,1.68385,1.05,1.24
2018.01.05 10:37:26.469,1.68358,1.68386,1.61,1.24
2018.01.05 10:37:26.727,1.68359,1.68389,1.11,1.18
2018.01.05 10:37:27.179,1.68364,1.68395,1.44,2.05
2018.01.05 10:37:27.546,1.68354,1.68383,1.37,1.68
2018.01.05 10:37:27.748,1.68352,1.68379,1.37,1.24
2018.01.05 10:37:28.913,1.68352,1.68379,1.44,1.00
2018.01.05 10:37:31.632,1.68353,1.68379,1.37,1.24
2018.01.05 10:37:34.128,1.68352,1.68379,1.44,1.12
2018.01.05 10:37:34.495,1.68364,1.68382,1.19,1.00
2018.01.05 10:37:34.638,1.68356,1.68383,2.62,1.18
2018.01.05 10:37:35.005,1.68357,1.68386,1.19,1.18
2018.01.05 10:37:35.698,1.68359,1.68386,1.25,1.24
2018.01.05 10:37:36.119,1.6836,1.68387,1.19,1.18
2018.01.05 10:37:36.710,1.6836,1.68387,1.25,1.24
2018.01.05 10:37:37.226,1.6836,1.68387,1.19,1.25
2018.01.05 10:37:37.846,1.6836,1.68387,1.25,1.00
2018.01.05 10:37:38.445,1.68362,1.68389,1.00,1.19
2018.01.05 10:37:38.598,1.6836,1.68387,2.44,1.25
2018.01.05 10:37:38.902,1.68364,1.6839,1.25,1.19
2018.01.05 10:37:39.003,1.68367,1.68396,1.87,1.44
2018.01.05 10:37:39.504,1.68367,1.68396,1.87,1.19
2018.01.05 10:37:41.574,1.68369,1.68397,1.44,1.19
2018.01.05 10:37:42.317,1.6837,1.68399,1.25,1.00
2018.01.05 10:37:42.953,1.6837,1.68398,1.19,1.00
2018.01.05 10:37:44.263,1.6837,1.68399,1.19,1.25
2018.01.05 10:37:44.368,1.68369,1.68396,1.00,1.25
2018.01.05 10:37:44.521,1.68366,1.68394,1.00,1.25
2018.01.05 10:37:45.274,1.68367,1.68394,1.00,1.19
2018.01.05 10:37:47.115,1.68366,1.68394,1.00,1.19
2018.01.05 10:37:47.166,1.68363,1.68394,1.25,1.19
2018.01.05 10:37:47.979,1.68362,1.68393,1.87,1.25
2018.01.05 10:37:48.176,1.68363,1.68393,1.12,1.19
2018.01.05 10:37:49.691,1.68362,1.68393,1.12,1.19
2018.01.05 10:37:51.121,1.68363,1.68392,1.00,1.25
2018.01.05 10:37:51.472,1.68367,1.68392,1.00,1.00
2018.01.05 10:37:51.525,1.68367,1.68394,1.25,1.69
2018.01.05 10:37:52.083,1.68367,1.68392,1.00,1.25
2018.01.05 10:37:52.592,1.68367,1.68394,1.25,1.19
2018.01.05 10:37:53.127,1.68366,1.68394,1.25,1.25
2018.01.05 10:37:55.408,1.68367,1.68394,1.25,1.19
2018.01.05 10:38:00.915,1.68366,1.68394,1.69,1.25
2018.01.05 10:38:02.348,1.68368,1.68397,1.00,2.81
2018.01.05 10:38:02.699,1.68372,1.684,1.37,1.00
2018.01.05 10:38:03.220,1.68372,1.68401,1.37,2.25
2018.01.05 10:38:04.049,1.68371,1.68401,1.37,1.37
2018.01.05 10:38:04.929,1.68371,1.68401,1.37,1.37
2018.01.05 10:38:14.138,1.68371,1.68401,1.44,1.37
2018.01.05 10:38:14.962,1.68371,1.68402,1.37,2.06
2018.01.05 10:38:15.719,1.68371,1.68402,1.25,2.06
2018.01.05 10:38:16.616,1.68371,1.68402,1.87,2.25
2018.01.05 10:38:17.117,1.68371,1.68401,1.87,1.62
2018.01.05 10:38:17.693,1.68371,1.68401,1.87,1.37
2018.01.05 10:38:20.398,1.68371,1.68401,1.87,1.37
2018.01.05 10:38:20.511,1.68371,1.68401,1.87,1.12
2018.01.05 10:38:26.309,1.68371,1.68404,1.37,2.81
2018.01.05 10:38:26.512,1.68373,1.68404,1.44,2.25
2018.01.05 10:38:26.665,1.68375,1.68404,1.00,1.19
2018.01.05 10:38:26.717,1.68376,1.68404,1.44,1.25
2018.01.05 10:38:27.320,1.68377,1.68406,1.25,1.31
2018.01.05 10:38:27.853,1.68377,1.68406,1.37,1.56
2018.01.05 10:38:29.530,1.68377,1.68406,1.12,1.31
2018.01.05 10:38:31.703,1.68378,1.68406,1.00,1.31
2018.01.05 10:38:32.550,1.68378,1.68406,1.12,1.56
2018.01.05 10:38:33.285,1.68378,1.68407,1.44,2.06
2018.01.05 10:38:34.207,1.68378,1.68407,1.25,1.69
2018.01.05 10:38:39.421,1.68378,1.68407,1.25,2.06
2018.01.05 10:38:40.090,1.68378,1.68407,1.25,2.06
2018.01.05 10:38:42.381,1.68378,1.68405,1.19,1.00
2018.01.05 10:38:44.949,1.68378,1.68407,1.25,2.25
2018.01.05 10:38:46.462,1.68378,1.68407,1.19,2.25
2018.01.05 10:38:47.426,1.68378,1.68406,1.25,1.19
2018.01.05 10:38:50.245,1.68378,1.68406,1.25,1.37
2018.01.05 10:38:50.449,1.68376,1.68405,1.00,1.31
2018.01.05 10:38:51.074,1.68377,1.68405,1.00,1.44
2018.01.05 10:38:51.290,1.68376,1.68407,1.19,1.31
2018.01.05 10:38:51.840,1.68376,1.68407,1.19,1.94
2018.01.05 10:38:52.890,1.68377,1.68407,1.19,2.44
2018.01.05 10:38:53.042,1.68377,1.68407,1.25,2.44
2018.01.05 10:38:53.093,1.68377,1.68407,1.19,2.44
2018.01.05 10:38:53.246,1.68377,1.68407,1.25,2.44
2018.01.05 10:38:53.592,1.68377,1.68407,1.19,2.44
2018.01.05 10:38:53.717,1.68377,1.68407,1.12,2.25
2018.01.05 10:38:55.165,1.68377,1.68407,1.44,2.25
2018.01.05 10:38:56.520,1.68376,1.68406,1.37,1.81
2018.01.05 10:38:57.077,1.68377,1.68406,1.44,1.25
2018.01.05 10:39:00.378,1.68375,1.68406,1.37,1.31
2018.01.05 10:39:00.430,1.68374,1.68403,1.37,1.25
2018.01.05 10:39:00.818,1.68377,1.68409,1.37,2.25
2018.01.05 10:39:01.570,1.68377,1.68409,1.37,2.06
2018.01.05 10:39:02.120,1.68378,1.68407,1.44,1.12
2018.01.05 10:39:02.699,1.68378,1.68407,1.87,1.31
2018.01.05 10:39:03.225,1.6838,1.6841,1.44,1.56
2018.01.05 10:39:03.726,1.68381,1.6841,1.37,1.56
2018.01.05 10:39:04.284,1.68381,1.6841,1.44,1.56
2018.01.05 10:39:05.274,1.68381,1.6841,1.44,1.56
2018.01.05 10:39:06.208,1.68381,1.6841,1.25,1.56
2018.01.05 10:39:08.409,1.68381,1.6841,1.37,1.56
2018.01.05 10:39:09.442,1.68381,1.6841,1.44,1.56
2018.01.05 10:39:10.733,1.6838,1.68408,1.37,1.62
2018.01.05 10:39:11.243,1.68379,1.68408,1.37,1.56
2018.01.05 10:39:11.345,1.68379,1.68406,1.25,1.25
2018.01.05 10:39:11.447,1.68377,1.68406,1.37,1.56
2018.01.05 10:39:11.760,1.68375,1.68403,1.87,1.19
2018.01.05 10:39:13.420,1.68375,1.68403,1.87,1.31
2018.01.05 10:39:14.479,1.68375,1.68403,1.87,1.56
2018.01.05 10:39:19.524,1.68375,1.68403,1.87,1.31
2018.01.05 10:39:20.413,1.68375,1.68403,1.87,1.19
2018.01.05 10:39:21.748,1.68375,1.68402,1.44,1.19
2018.01.05 10:39:21.963,1.68377,1.68405,1.37,1.31
2018.01.05 10:39:22.508,1.68378,1.68405,1.87,1.25
2018.01.05 10:39:22.559,1.68378,1.68405,1.25,1.19
2018.01.05 10:39:22.661,1.68377,1.68404,1.25,1.31
2018.01.05 10:39:23.273,1.68374,1.68402,2.62,1.19
2018.01.05 10:39:23.588,1.68386,1.68413,1.00,1.75
2018.01.05 10:39:23.640,1.68388,1.68415,1.25,1.31
2018.01.05 10:39:23.743,1.68388,1.68419,1.69,2.25
2018.01.05 10:39:24.278,1.68388,1.68419,1.00,2.25
2018.01.05 10:39:24.811,1.68388,1.68419,1.69,2.25
2018.01.05 10:39:25.346,1.68389,1.6842,1.19,2.25
2018.01.05 10:39:26.808,1.6839,1.6842,1.19,2.25
2018.01.05 10:39:27.622,1.68394,1.68421,1.00,1.50
2018.01.05 10:39:27.821,1.68396,1.68425,1.25,1.69
2018.01.05 10:39:27.876,1.6839,1.68416,1.19,1.31
2018.01.05 10:39:27.927,1.68392,1.68417,1.25,1.00
2018.01.05 10:39:27.979,1.68385,1.68411,1.19,1.19
2018.01.05 10:39:28.081,1.68388,1.68416,1.25,1.56
2018.01.05 10:39:28.133,1.68386,1.68412,1.00,1.19
2018.01.05 10:39:28.185,1.68385,1.68415,2.62,1.12
2018.01.05 10:39:28.713,1.68385,1.68415,1.19,1.25
2018.01.05 10:39:28.765,1.68385,1.68415,1.19,1.19
2018.01.05 10:39:29.435,1.68385,1.68415,1.19,1.19
2018.01.05 10:39:30.037,1.68385,1.68415,1.19,1.19
2018.01.05 10:39:31.288,1.68384,1.68414,2.06,1.19
2018.01.05 10:39:32.496,1.68386,1.68414,1.25,1.25
2018.01.05 10:39:32.808,1.68384,1.68414,1.69,1.37
2018.01.05 10:39:33.039,1.68386,1.68414,1.19,1.00
2018.01.05 10:39:33.141,1.68389,1.68417,1.25,1.37
2018.01.05 10:39:33.294,1.68389,1.6842,1.25,2.44
2018.01.05 10:39:33.447,1.68389,1.6842,1.25,2.25
2018.01.05 10:39:33.925,1.68388,1.6842,1.25,1.81
2018.01.05 10:39:34.467,1.68388,1.68417,1.25,1.00
2018.01.05 10:39:34.519,1.68386,1.68415,1.19,1.75
2018.01.05 10:39:34.672,1.68386,1.68415,1.19,1.50
2018.01.05 10:39:34.785,1.68386,1.68415,1.19,2.25
2018.01.05 10:39:35.411,1.68386,1.68415,1.19,2.06
2018.01.05 10:39:35.994,1.68386,1.68412,1.25,1.00
2018.01.05 10:39:40.744,1.68384,1.68408,1.87,1.00
2018.01.05 10:39:40.796,1.68382,1.68412,1.25,2.44
2018.01.05 10:39:40.847,1.68379,1.68406,1.25,1.56
2018.01.05 10:39:41.305,1.68375,1.68403,1.19,1.25
2018.01.05 10:39:41.474,1.68375,1.68403,1.19,1.87
2018.01.05 10:39:42.133,1.68376,1.68404,1.19,1.69
2018.01.05 10:39:42.260,1.68376,1.68404,1.25,1.69
2018.01.05 10:39:43.261,1.68376,1.68404,1.19,1.87
2018.01.05 10:39:43.365,1.68374,1.68404,1.19,1.87
2018.01.05 10:39:43.416,1.68373,1.68401,1.19,1.31
2018.01.05 10:39:43.468,1.68372,1.68401,1.19,1.12
2018.01.05 10:39:43.519,1.68372,1.68398,1.19,1.00
2018.01.05 10:39:43.959,1.68372,1.68398,1.20,1.00
2018.01.05 10:39:44.813,1.68372,1.68398,1.15,1.00
2018.01.05 10:39:45.814,1.68372,1.68399,1.00,1.25
2018.01.05 10:39:47.848,1.68372,1.68398,1.09,1.25
2018.01.05 10:39:50.894,1.68372,1.68399,1.40,1.25
2018.01.05 10:39:50.997,1.68375,1.68399,1.00,1.25
2018.01.05 10:39:51.167,1.68375,1.68402,1.20,1.25
2018.01.05 10:39:51.485,1.68372,1.68398,1.20,1.00
2018.01.05 10:39:51.692,1.68368,1.68395,1.00,1.25
2018.01.05 10:39:52.324,1.68369,1.68396,1.00,1.19
2018.01.05 10:39:53.222,1.68369,1.68396,1.20,1.25
2018.01.05 10:39:53.858,1.68369,1.68397,1.15,1.69
2018.01.05 10:39:54.848,1.68369,1.68397,1.34,1.25
2018.01.05 10:39:55.389,1.68369,1.68398,1.40,1.25
2018.01.05 10:39:56.040,1.68369,1.68399,1.34,3.19
2018.01.05 10:39:56.092,1.68367,1.68397,1.40,1.25
2018.01.05 10:39:56.765,1.68368,1.68398,1.40,1.19
2018.01.05 10:39:56.816,1.68369,1.68399,1.15,3.19
2018.01.05 10:39:56.867,1.68369,1.68398,1.09,1.19
2018.01.05 10:39:57.645,1.68368,1.68397,1.20,1.00
2018.01.05 10:39:58.564,1.68367,1.68398,1.20,1.69
2018.01.05 10:39:58.829,1.68369,1.68398,1.00,1.69
2018.01.05 10:39:59.375,1.68369,1.68398,1.44,1.69
2018.01.05 10:39:59.880,1.68367,1.68398,1.37,1.69
2018.01.05 10:40:00.464,1.68369,1.68398,1.44,1.69
2018.01.05 10:40:00.978,1.68369,1.68397,1.25,1.44
2018.01.05 10:40:01.394,1.68371,1.68397,1.25,1.00
2018.01.05 10:40:02.248,1.68371,1.68396,1.19,1.00
2018.01.05 10:40:04.125,1.68371,1.68396,1.25,1.00
2018.01.05 10:40:04.915,1.68368,1.68395,1.44,1.00
2018.01.05 10:40:04.967,1.68368,1.68395,1.37,1.00
2018.01.05 10:40:06.064,1.68368,1.68395,1.12,1.00
2018.01.05 10:40:06.894,1.68368,1.68395,1.37,1.00
2018.01.05 10:40:06.997,1.68374,1.68397,1.37,1.00
2018.01.05 10:40:07.048,1.68377,1.684,1.00,1.00
2018.01.05 10:40:07.518,1.68371,1.68396,1.25,1.00
2018.01.05 10:40:07.569,1.6837,1.68393,1.19,1.00
2018.01.05 10:40:07.672,1.68368,1.68393,1.25,1.00
2018.01.05 10:40:07.927,1.68366,1.68391,1.69,1.00
2018.01.05 10:40:08.430,1.68365,1.6839,1.25,1.00
2018.01.05 10:40:10.406,1.68363,1.68389,1.19,1.00
2018.01.05 10:40:10.458,1.68362,1.68387,1.69,1.50
2018.01.05 10:40:10.561,1.68361,1.68386,1.69,1.00
2018.01.05 10:40:11.033,1.6836,1.68384,1.19,1.00
2018.01.05 10:40:11.084,1.68358,1.68383,1.69,1.00
2018.01.05 10:40:11.928,1.68358,1.68383,1.25,1.00
2018.01.05 10:40:12.441,1.68358,1.68383,1.54,1.00
2018.01.05 10:40:12.944,1.68358,1.68383,1.00,1.00
2018.01.05 10:40:17.416,1.68356,1.68383,1.00,1.00
2018.01.05 10:40:17.696,1.68356,1.6838,1.00,1.00
2018.01.05 10:40:17.798,1.68354,1.6838,1.50,1.00
2018.01.05 10:40:18.467,1.68356,1.6838,1.00,1.00
2018.01.05 10:40:19.333,1.68358,1.68381,1.00,1.00
2018.01.05 10:40:20.924,1.6836,1.68383,1.00,1.00
2018.01.05 10:40:21.473,1.6836,1.68384,1.00,1.00
2018.01.05 10:40:22.369,1.68361,1.68384,1.00,1.00
2018.01.05 10:40:23.675,1.68361,1.68385,1.00,1.00
2018.01.05 10:40:24.006,1.68362,1.68383,1.00,1.00
2018.01.05 10:40:24.531,1.68362,1.68384,1.00,1.00
2018.01.05 10:40:25.117,1.68362,1.68385,1.00,1.00
2018.01.05 10:40:26.303,1.68362,1.68384,1.00,1.00
2018.01.05 10:40:26.927,1.68359,1.68384,1.00,1.00
2018.01.05 10:40:28.607,1.68359,1.68384,1.19,1.00
2018.01.05 10:40:29.744,1.68357,1.68383,1.19,1.00
2018.01.05 10:40:29.846,1.68355,1.68383,1.69,1.00
2018.01.05 10:40:30.579,1.68355,1.68383,1.69,1.00
2018.01.05 10:40:30.717,1.68356,1.68379,1.00,1.00
2018.01.05 10:40:31.624,1.68356,1.6838,1.25,1.50
2018.01.05 10:40:32.155,1.68355,1.68379,1.19,1.00
2018.01.05 10:40:32.519,1.68354,1.68379,1.25,1.00
2018.01.05 10:40:33.062,1.68353,1.68379,1.25,1.50
2018.01.05 10:40:33.615,1.68353,1.68379,1.19,1.50
2018.01.05 10:40:36.177,1.68352,1.6838,1.19,1.00
2018.01.05 10:40:36.842,1.68353,1.68379,1.19,1.00
2018.01.05 10:40:37.400,1.68352,1.6838,1.19,1.00
2018.01.05 10:40:37.458,1.68352,1.6838,1.19,1.00
2018.01.05 10:40:38.234,1.68354,1.68379,1.00,1.00
2018.01.05 10:40:38.548,1.68355,1.68379,1.19,1.00
2018.01.05 10:40:39.181,1.68356,1.6838,1.00,1.00
2018.01.05 10:40:43.980,1.68356,1.6838,1.19,1.00
2018.01.05 10:40:44.409,1.68359,1.68379,1.00,1.00
2018.01.05 10:40:44.461,1.68358,1.68384,1.00,1.00
2018.01.05 10:40:45.029,1.68359,1.68384,1.00,1.69
2018.01.05 10:40:46.586,1.68358,1.68385,1.00,1.69
2018.01.05 10:40:47.254,1.68358,1.68384,1.00,1.00
2018.01.05 10:40:48.111,1.68359,1.68384,1.00,1.69
2018.01.05 10:40:51.378,1.68358,1.68385,1.00,2.44
2018.01.05 10:40:52.223,1.68357,1.68384,2.25,1.00
2018.01.05 10:40:52.860,1.68357,1.68384,1.69,1.87
2018.01.05 10:40:53.397,1.68357,1.68385,1.00,1.87
2018.01.05 10:40:54.759,1.68357,1.68384,1.69,1.81
2018.01.05 10:40:55.500,1.68357,1.68384,1.50,1.25
2018.01.05 10:40:57.114,1.68357,1.68384,2.44,1.44
2018.01.05 10:40:59.144,1.68357,1.68384,2.44,1.25
2018.01.05 10:40:59.904,1.68357,1.68384,2.44,1.44
2018.01.05 10:41:00.106,1.68357,1.68381,2.44,1.00
2018.01.05 10:41:00.649,1.68357,1.68381,1.19,1.00
2018.01.05 10:41:01.311,1.68355,1.68381,1.25,1.00
2018.01.05 10:41:01.362,1.68355,1.68383,1.69,1.25
2018.01.05 10:41:01.609,1.6836,1.68388,1.00,1.37
2018.01.05 10:41:02.136,1.6836,1.68388,1.19,1.44
2018.01.05 10:41:02.676,1.68357,1.68389,1.69,1.50
2018.01.05 10:41:04.264,1.68357,1.68388,1.69,1.25
2018.01.05 10:41:06.288,1.68357,1.68388,1.69,1.00
2018.01.05 10:41:06.967,1.68357,1.68388,1.19,1.31
2018.01.05 10:41:07.019,1.68356,1.68387,1.69,1.37
2018.01.05 10:41:08.037,1.68354,1.68386,1.19,1.25
2018.01.05 10:41:08.342,1.68351,1.68382,1.19,1.44
2018.01.05 10:41:08.393,1.68349,1.6838,1.00,1.44
2018.01.05 10:41:08.496,1.68351,1.68379,1.00,1.44
2018.01.05 10:41:08.825,1.68348,1.68375,1.19,1.50
2018.01.05 10:41:09.132,1.68348,1.68372,1.00,1.00
2018.01.05 10:41:09.753,1.68348,1.68373,1.25,1.00
2018.01.05 10:41:10.275,1.68348,1.68372,1.25,1.00
2018.01.05 10:41:11.983,1.68344,1.68372,1.19,1.00
2018.01.05 10:41:12.085,1.68344,1.68372,1.25,1.00
2018.01.05 10:41:13.547,1.68344,1.68372,1.19,1.00
2018.01.05 10:41:14.543,1.68344,1.68373,1.19,1.00
2018.01.05 10:41:15.134,1.68344,1.68372,1.19,1.00
2018.01.05 10:41:16.347,1.68344,1.68372,1.12,1.00
2018.01.05 10:41:16.500,1.68345,1.68373,1.37,1.00
2018.01.05 10:41:17.161,1.68346,1.68372,1.00,1.00
2018.01.05 10:41:17.970,1.68347,1.68372,1.00,1.00
2018.01.05 10:41:18.022,1.68348,1.68376,1.00,1.00
2018.01.05 10:41:18.602,1.68348,1.68376,1.44,1.00
2018.01.05 10:41:22.417,1.6835,1.68376,1.00,1.00
2018.01.05 10:41:22.469,1.68351,1.6838,1.25,1.00
2018.01.05 10:41:22.834,1.68351,1.68381,1.44,1.25
2018.01.05 10:41:23.218,1.68352,1.68383,1.25,1.25
2018.01.05 10:41:23.269,1.68353,1.68383,1.19,1.25
2018.01.05 10:41:23.477,1.68357,1.68387,1.25,1.00
2018.01.05 10:41:23.723,1.68359,1.6839,1.25,2.06
2018.01.05 10:41:24.406,1.68359,1.6839,1.19,2.44
2018.01.05 10:41:25.067,1.68359,1.68389,1.25,1.25
2018.01.05 10:41:25.619,1.68359,1.68389,1.69,1.25
2018.01.05 10:41:25.671,1.68358,1.68389,1.25,1.25
2018.01.05 10:41:26.175,1.68356,1.68385,1.69,1.00
2018.01.05 10:41:26.227,1.68356,1.68386,1.25,1.50
2018.01.05 10:41:27.048,1.68355,1.68385,1.25,1.00
2018.01.05 10:41:27.784,1.68355,1.68386,1.25,1.87
2018.01.05 10:41:28.097,1.68355,1.68386,1.69,2.44
2018.01.05 10:41:28.148,1.68354,1.68385,2.44,1.25
2018.01.05 10:41:29.346,1.68355,1.68385,1.12,1.69
2018.01.05 10:41:30.974,1.68354,1.68385,1.00,2.44
2018.01.05 10:41:31.026,1.68345,1.68373,1.25,1.37
2018.01.05 10:41:31.078,1.68343,1.68367,1.00,1.00
2018.01.05 10:41:31.129,1.68339,1.68365,1.25,1.00
2018.01.05 10:41:31.334,1.68336,1.68365,1.12,1.25
2018.01.05 10:41:31.928,1.68335,1.68364,1.19,1.12
2018.01.05 10:41:32.460,1.68332,1.68362,2.62,1.00
2018.01.05 10:41:32.999,1.68332,1.68362,1.87,1.69
2018.01.05 10:41:33.639,1.68332,1.68362,1.37,1.69
2018.01.05 10:41:34.160,1.68333,1.68361,1.44,1.00
2018.01.05 10:41:34.693,1.68331,1.68361,1.87,1.25
2018.01.05 10:41:34.847,1.68333,1.6836,1.25,1.50
2018.01.05 10:41:35.393,1.68334,1.68359,1.12,1.00
2018.01.05 10:41:35.842,1.68347,1.68375,1.69,1.56
2018.01.05 10:41:36.046,1.68348,1.68376,1.00,1.31
2018.01.05 10:41:36.357,1.68344,1.68368,1.00,1.25
2018.01.05 10:41:36.408,1.68343,1.68371,1.69,1.37
2018.01.05 10:41:36.945,1.68343,1.68371,1.12,1.25
2018.01.05 10:41:37.494,1.68343,1.68371,1.37,1.19
2018.01.05 10:41:38.044,1.68344,1.68371,1.25,1.25
2018.01.05 10:41:38.095,1.68344,1.68371,1.37,1.25
2018.01.05 10:41:38.604,1.68345,1.68372,1.37,1.25
2018.01.05 10:41:39.350,1.68346,1.68373,1.12,1.00
2018.01.05 10:41:39.678,1.68348,1.68377,1.37,1.00
2018.01.05 10:41:39.730,1.68351,1.68382,1.37,1.25
2018.01.05 10:41:40.926,1.68355,1.68385,1.44,1.69
2018.01.05 10:41:41.292,1.68361,1.68386,1.00,1.00
2018.01.05 10:41:41.855,1.68359,1.68385,1.44,1.00
2018.01.05 10:41:43.074,1.68359,1.68385,1.87,1.00
2018.01.05 10:41:43.784,1.6836,1.68385,1.87,1.00
2018.01.05 10:41:44.133,1.68358,1.68386,1.69,1.00
2018.01.05 10:41:44.634,1.68358,1.68385,1.25,1.00
2018.01.05 10:41:45.380,1.68359,1.68385,1.00,1.00
2018.01.05 10:41:45.534,1.68361,1.6839,1.25,2.06
2018.01.05 10:41:46.036,1.68361,1.6839,1.44,1.69
2018.01.05 10:41:46.585,1.68361,1.6839,1.12,1.50
2018.01.05 10:41:46.789,1.68362,1.6839,1.31,1.00
2018.01.05 10:41:51.651,1.6836,1.6839,1.87,1.00
2018.01.05 10:41:52.175,1.6836,1.6839,2.06,1.00
2018.01.05 10:41:53.053,1.6836,1.68389,2.06,1.00
2018.01.05 10:41:54.042,1.68361,1.68389,1.56,1.00
2018.01.05 10:41:57.231,1.68363,1.68389,1.44,1.00
2018.01.05 10:41:57.854,1.68363,1.6839,1.25,1.00
2018.01.05 10:41:58.106,1.68358,1.68388,1.50,1.00
2018.01.05 10:41:58.723,1.68358,1.68388,1.12,1.62
2018.01.05 10:42:00.141,1.68358,1.68388,1.00,1.25
2018.01.05 10:42:01.728,1.68358,1.68388,1.25,1.81
2018.01.05 10:42:01.924,1.68359,1.68387,1.37,1.25
2018.01.05 10:42:02.427,1.68359,1.68388,1.87,1.25
2018.01.05 10:42:03.152,1.6836,1.68389,1.37,1.69
2018.01.05 10:42:03.287,1.6836,1.68387,1.25,1.25
2018.01.05 10:42:04.637,1.6836,1.68387,1.87,1.00
2018.01.05 10:42:05.336,1.6836,1.68387,1.87,1.25
2018.01.05 10:42:05.439,1.6836,1.68386,1.00,1.19
2018.01.05 10:42:05.592,1.68354,1.68381,1.12,1.25
2018.01.05 10:42:05.645,1.68352,1.6838,1.37,1.19
2018.01.05 10:42:05.864,1.68359,1.68391,1.44,1.00
2018.01.05 10:42:05.915,1.68362,1.68394,1.44,1.00
2018.01.05 10:42:06.469,1.68363,1.68395,1.25,1.12
2018.01.05 10:42:06.816,1.68367,1.68394,1.25,1.25
2018.01.05 10:42:07.349,1.6837,1.68396,1.00,1.19
2018.01.05 10:42:07.452,1.68371,1.68396,1.00,1.00
2018.01.05 10:42:07.966,1.68371,1.68395,1.87,1.00
2018.01.05 10:42:08.813,1.68372,1.68395,1.00,1.00
2018.01.05 10:42:09.525,1.68372,1.68398,1.00,1.19
2018.01.05 10:42:09.576,1.68372,1.68395,1.00,1.25
2018.01.05 10:42:09.628,1.68368,1.68395,1.87,1.69
2018.01.05 10:42:10.146,1.68368,1.68395,1.87,1.19
2018.01.05 10:42:11.236,1.68368,1.68395,1.87,1.69
2018.01.05 10:42:12.113,1.68368,1.68395,1.87,1.69
2018.01.05 10:42:14.738,1.6837,1.68396,1.37,1.00
2018.01.05 10:42:15.153,1.6837,1.68395,1.25,1.00
2018.01.05 10:42:15.746,1.68369,1.68395,1.25,1.25
2018.01.05 10:42:16.300,1.68369,1.68396,1.00,1.69
2018.01.05 10:42:17.002,1.68366,1.68395,1.87,1.69
2018.01.05 10:42:17.556,1.68366,1.68395,1.87,1.69
2018.01.05 10:42:18.484,1.68369,1.68395,1.00,1.25
2018.01.05 10:42:19.218,1.68369,1.68395,1.25,1.69
2018.01.05 10:42:21.392,1.68366,1.68395,1.87,1.69
2018.01.05 10:42:22.376,1.68366,1.68395,1.87,1.69
2018.01.05 10:42:25.368,1.68366,1.68394,1.69,1.25
2018.01.05 10:42:25.767,1.68369,1.68395,1.25,1.00
2018.01.05 10:42:34.515,1.68369,1.68386,1.00,1.00
2018.01.05 10:42:34.566,1.68355,1.6838,1.00,1.00
2018.01.05 10:42:34.618,1.68353,1.6838,1.25,1.00
2018.01.05 10:42:34.669,1.68351,1.68378,1.37,1.19
2018.01.05 10:42:34.720,1.68356,1.68383,1.25,1.25
2018.01.05 10:42:34.771,1.6835,1.68381,1.87,1.19
2018.01.05 10:42:34.874,1.6835,1.68381,1.37,1.19
2018.01.05 10:42:35.348,1.68353,1.68384,1.44,1.87
2018.01.05 10:42:36.795,1.68361,1.6839,1.87,1.25
2018.01.05 10:42:37.324,1.68361,1.6839,1.87,1.00
2018.01.05 10:42:37.983,1.68361,1.6839,1.87,1.00
2018.01.05 10:42:38.235,1.68363,1.68395,1.44,1.19
2018.01.05 10:42:38.778,1.68363,1.68395,1.44,1.25
2018.01.05 10:42:38.915,1.68367,1.68396,1.00,1.54
2018.01.05 10:42:39.236,1.68368,1.68396,1.37,1.19
2018.01.05 10:42:39.978,1.68367,1.68394,1.87,1.25
2018.01.05 10:42:40.029,1.6837,1.68397,1.25,1.25
2018.01.05 10:42:40.820,1.6837,1.68397,1.25,1.19
2018.01.05 10:42:41.351,1.6837,1.68397,1.44,1.19
2018.01.05 10:42:42.198,1.68368,1.68396,1.44,1.25
2018.01.05 10:42:42.422,1.68368,1.68394,1.25,1.19
2018.01.05 10:42:42.524,1.68365,1.68394,1.19,1.19
2018.01.05 10:42:42.626,1.68361,1.68392,1.87,1.19
2018.01.05 10:42:42.728,1.68361,1.68392,1.87,1.19
2018.01.05 10:42:43.481,1.68361,1.68389,1.12,1.00
2018.01.05 10:42:43.635,1.68362,1.68389,1.44,1.00
2018.01.05 10:42:43.941,1.68363,1.6839,1.87,1.00
2018.01.05 10:42:44.533,1.68365,1.68389,1.44,1.00
2018.01.05 10:42:45.734,1.68365,1.6839,1.87,1.00
2018.01.05 10:42:46.284,1.68365,1.6839,1.00,1.00
2018.01.05 10:42:46.925,1.68362,1.68389,1.87,1.00
2018.01.05 10:42:47.640,1.68363,1.68389,1.37,1.00
2018.01.05 10:42:47.895,1.68361,1.68388,1.25,1.25
2018.01.05 10:42:48.397,1.68361,1.68388,1.44,1.19
2018.01.05 10:42:48.835,1.68361,1.6839,1.44,1.00
2018.01.05 10:42:49.577,1.68361,1.6839,1.25,1.00
2018.01.05 10:42:50.221,1.68361,1.6839,2.62,1.00
2018.01.05 10:42:50.893,1.68361,1.68389,1.12,1.00
2018.01.05 10:42:51.720,1.68361,1.68389,1.44,1.00
2018.01.05 10:42:52.505,1.68361,1.6839,1.12,1.69
2018.01.05 10:42:55.321,1.6836,1.6839,1.87,1.50
2018.01.05 10:42:55.576,1.68361,1.68389,1.44,1.00
2018.01.05 10:42:55.896,1.68361,1.68392,1.37,1.19
2018.01.05 10:42:56.400,1.68361,1.68393,1.44,1.19
2018.01.05 10:42:57.065,1.68361,1.68393,1.87,1.19
2018.01.05 10:42:57.794,1.68362,1.6839,1.44,1.25
2018.01.05 10:42:58.333,1.68362,1.6839,1.69,1.00
2018.01.05 10:42:58.999,1.68363,1.68389,1.00,1.19
2018.01.05 10:42:59.203,1.68364,1.6839,1.25,1.00
2018.01.05 10:42:59.429,1.68362,1.68389,1.87,1.19
2018.01.05 10:43:00.011,1.68362,1.68389,1.69,1.25
2018.01.05 10:43:00.993,1.68362,1.68389,1.87,1.19
2018.01.05 10:43:01.339,1.68362,1.68391,1.87,1.19
2018.01.05 10:43:01.492,1.68364,1.68391,1.37,1.19
2018.01.05 10:43:01.594,1.68367,1.68394,1.44,1.19
2018.01.05 10:43:01.740,1.68366,1.68393,1.44,1.19
2018.01.05 10:43:01.841,1.68367,1.68394,1.44,1.19
2018.01.05 10:43:02.196,1.68368,1.68397,1.87,1.19
2018.01.05 10:43:03.121,1.68369,1.68398,1.44,1.19
2018.01.05 10:43:03.173,1.6837,1.68399,1.37,2.44
2018.01.05 10:43:03.614,1.6837,1.68397,1.00,1.19
2018.01.05 10:43:04.165,1.68368,1.68397,2.06,1.19
2018.01.05 10:43:04.692,1.68368,1.68395,1.87,1.19
2018.01.05 10:43:04.844,1.68371,1.68399,1.25,1.19
2018.01.05 10:43:06.295,1.68371,1.68399,1.44,1.19
2018.01.05 10:43:08.439,1.68371,1.68397,1.25,1.00
2018.01.05 10:43:10.980,1.6837,1.68397,1.25,1.00
2018.01.05 10:43:11.132,1.68368,1.68395,1.25,1.19
2018.01.05 10:43:11.676,1.68368,1.68395,1.00,1.25
2018.01.05 10:43:12.241,1.68368,1.68394,1.25,1.25
2018.01.05 10:43:12.768,1.68364,1.68391,1.87,1.19
2018.01.05 10:43:13.272,1.68364,1.68391,1.12,1.25
2018.01.05 10:43:13.842,1.68364,1.68391,1.19,1.19
2018.01.05 10:43:14.746,1.68364,1.68391,1.25,1.25
2018.01.05 10:43:15.424,1.68364,1.68392,1.19,1.19
2018.01.05 10:43:20.829,1.68364,1.68392,1.12,1.25
2018.01.05 10:43:21.185,1.68366,1.68395,1.37,1.19
2018.01.05 10:43:21.815,1.68365,1.68394,1.37,1.19
2018.01.05 10:43:22.334,1.68365,1.68394,1.44,1.19
2018.01.05 10:43:22.794,1.68365,1.68394,1.19,1.25
2018.01.05 10:43:23.144,1.68364,1.68391,1.19,1.25
2018.01.05 10:43:23.246,1.68363,1.6839,1.00,1.25
2018.01.05 10:43:24.338,1.68361,1.68389,1.19,1.25
2018.01.05 10:43:24.441,1.68358,1.68387,1.69,1.25
2018.01.05 10:43:25.046,1.68361,1.6839,1.00,1.69
2018.01.05 10:43:25.097,1.6836,1.6839,1.44,1.00
2018.01.05 10:43:25.149,1.6836,1.68391,1.69,1.00
2018.01.05 10:43:25.688,1.68359,1.68391,2.62,1.12
2018.01.05 10:43:26.717,1.6836,1.68393,1.00,2.25
2018.01.05 10:43:26.819,1.6836,1.68386,1.44,1.25
2018.01.05 10:43:27.013,1.68358,1.68387,1.87,1.25
2018.01.05 10:43:27.115,1.68362,1.68389,1.12,1.00
2018.01.05 10:43:27.218,1.68363,1.68392,1.37,1.00
2018.01.05 10:43:28.214,1.68363,1.68395,1.37,1.69
2018.01.05 10:43:29.407,1.68363,1.68395,1.12,1.69
2018.01.05 10:43:30.743,1.68369,1.68396,1.25,1.00
2018.01.05 10:43:31.049,1.68367,1.68396,1.44,1.19
2018.01.05 10:43:31.624,1.68367,1.68396,1.37,1.69
2018.01.05 10:43:31.675,1.68364,1.68393,1.87,1.69
2018.01.05 10:43:31.879,1.68372,1.68395,1.00,1.00
2018.01.05 10:43:31.931,1.68372,1.68399,1.25,1.00
2018.01.05 10:43:31.982,1.68375,1.68402,1.00,2.06
2018.01.05 10:43:32.291,1.68373,1.68404,1.69,2.62
2018.01.05 10:43:32.888,1.68373,1.68402,1.25,1.37
2018.01.05 10:43:33.005,1.68375,1.68403,1.25,1.87
2018.01.05 10:43:33.548,1.68374,1.68405,1.19,1.44
2018.01.05 10:43:33.855,1.68373,1.68402,1.25,1.44
2018.01.05 10:43:34.405,1.68373,1.68403,1.25,1.50
2018.01.05 10:43:34.937,1.68372,1.68403,1.25,1.37
2018.01.05 10:43:35.491,1.68373,1.68402,1.69,1.00
2018.01.05 10:43:35.544,1.68374,1.68402,1.00,1.44
2018.01.05 10:43:35.646,1.68369,1.68393,1.00,1.19
2018.01.05 10:43:35.748,1.68365,1.68392,1.19,1.00
2018.01.05 10:43:35.975,1.68363,1.68391,1.44,1.19
2018.01.05 10:43:36.561,1.68364,1.68391,1.50,1.25
2018.01.05 10:43:36.933,1.68367,1.68393,1.25,1.19
2018.01.05 10:43:37.345,1.68367,1.68395,1.00,1.19
2018.01.05 10:43:37.849,1.68366,1.68394,1.25,1.19
2018.01.05 10:43:38.923,1.68367,1.68392,1.25,1.25
2018.01.05 10:43:39.024,1.68362,1.6839,1.19,1.44
2018.01.05 10:43:39.598,1.68366,1.68394,1.00,1.37
2018.01.05 10:43:39.650,1.68368,1.68397,1.19,1.00
2018.01.05 10:43:39.810,1.68368,1.684,1.69,1.25
2018.01.05 10:43:39.964,1.6837,1.684,1.19,1.25
2018.01.05 10:43:40.612,1.6837,1.68401,1.19,1.25
2018.01.05 10:43:41.256,1.6837,1.68402,1.19,1.25
2018.01.05 10:43:41.725,1.68373,1.68403,1.00,1.87
2018.01.05 10:43:42.543,1.68373,1.68403,1.00,1.69
2018.01.05 10:43:42.867,1.68369,1.68397,1.25,1.19
2018.01.05 10:43:43.348,1.68369,1.68399,1.19,1.00
2018.01.05 10:43:43.450,1.68371,1.68399,1.19,1.25
2018.01.05 10:43:43.841,1.68373,1.68401,1.25,1.25
2018.01.05 10:43:44.217,1.68374,1.68402,1.19,1.19
2018.01.05 10:43:44.742,1.68374,1.68402,1.44,1.25
2018.01.05 10:43:45.067,1.68379,1.68408,1.37,1.00
2018.01.05 10:43:45.644,1.68379,1.68409,1.37,1.00
2018.01.05 10:43:45.747,1.68379,1.68409,1.37,1.00
2018.01.05 10:43:46.254,1.68379,1.68411,1.37,1.19
2018.01.05 10:43:47.340,1.68379,1.68411,1.37,1.19
2018.01.05 10:43:47.701,1.68382,1.68412,1.25,1.24
2018.01.05 10:43:47.804,1.68379,1.68403,1.25,1.00
2018.01.05 10:43:47.855,1.68376,1.68403,1.00,1.24
2018.01.05 10:43:47.907,1.68374,1.68401,1.00,1.18
2018.01.05 10:43:48.462,1.68372,1.68401,1.37,1.18
2018.01.05 10:43:48.771,1.6837,1.68398,1.25,1.00
2018.01.05 10:43:48.956,1.68369,1.68397,1.19,1.18
2018.01.05 10:43:49.785,1.6837,1.68401,1.25,1.87
2018.01.05 10:43:50.253,1.68371,1.68401,1.19,1.50
2018.01.05 10:43:50.591,1.68376,1.68404,1.25,1.18
2018.01.05 10:43:50.847,1.68377,1.68407,1.44,1.18
2018.01.05 10:43:51.859,1.68378,1.68407,1.25,1.24
2018.01.05 10:43:51.962,1.68376,1.68405,1.37,1.00
2018.01.05 10:43:52.769,1.68376,1.68405,1.87,1.18
2018.01.05 10:43:53.553,1.68376,1.68405,1.44,1.24
2018.01.05 10:43:54.000,1.68374,1.68405,1.87,1.18
2018.01.05 10:43:54.532,1.68375,1.68405,1.37,1.18
2018.01.05 10:43:55.615,1.68375,1.68407,1.44,1.18
2018.01.05 10:43:56.987,1.68373,1.68402,1.37,1.00
2018.01.05 10:43:57.140,1.68371,1.68398,1.00,1.00
2018.01.05 10:43:57.890,1.68368,1.68394,1.37,1.00
2018.01.05 10:43:57.941,1.68366,1.68394,1.44,1.18
2018.01.05 10:43:57.993,1.68366,1.68394,1.25,1.18
2018.01.05 10:43:58.044,1.68369,1.68397,1.25,1.24
2018.01.05 10:43:58.096,1.68369,1.68399,1.37,1.00
2018.01.05 10:43:58.147,1.68372,1.68399,1.12,1.00
2018.01.05 10:43:58.574,1.68372,1.68401,1.69,1.24
2018.01.05 10:43:59.295,1.68372,1.68401,1.44,1.18
2018.01.05 10:43:59.347,1.68372,1.68404,1.37,1.68
2018.01.05 10:44:00.237,1.68372,1.68404,1.44,1.68
2018.01.05 10:44:00.670,1.68372,1.68404,1.37,1.74
2018.01.05 10:44:01.158,1.68372,1.68404,1.12,1.30
2018.01.05 10:44:02.595,1.68372,1.68404,1.37,1.81
2018.01.05 10:44:03.491,1.68371,1.68404,1.37,1.31
2018.01.05 10:44:05.283,1.68371,1.68404,1.37,1.56
2018.01.05 10:44:05.575,1.68371,1.68404,1.37,1.31
2018.01.05 10:44:06.871,1.6837,1.68403,1.37,1.00
2018.01.05 10:44:07.098,1.6837,1.68403,1.37,1.31
2018.01.05 10:44:10.132,1.68371,1.68403,1.25,1.50
2018.01.05 10:44:10.235,1.68369,1.68398,1.25,1.19
2018.01.05 10:44:10.493,1.68371,1.68402,1.87,1.25
2018.01.05 10:44:11.024,1.68371,1.68402,2.62,1.19
2018.01.05 10:44:12.387,1.68371,1.68404,1.87,1.56
2018.01.05 10:44:13.109,1.68371,1.68404,1.87,1.56
2018.01.05 10:44:14.045,1.68372,1.68404,1.44,1.19
2018.01.05 10:44:14.096,1.68375,1.68406,1.44,1.56
2018.01.05 10:44:14.147,1.68376,1.68406,1.44,1.00
2018.01.05 10:44:14.657,1.68377,1.68407,1.44,1.69
2018.01.05 10:44:15.292,1.68377,1.68407,1.12,1.00
2018.01.05 10:44:15.830,1.68377,1.68408,1.37,1.31
2018.01.05 10:44:16.168,1.6837,1.68397,2.44,1.00
2018.01.05 10:44:16.424,1.68373,1.68402,1.25,1.12
2018.01.05 10:44:16.641,1.68378,1.68407,1.44,1.25
2018.01.05 10:44:17.465,1.68378,1.68408,1.25,1.25
2018.01.05 10:44:18.390,1.68378,1.68408,1.37,1.19
2018.01.05 10:44:21.177,1.68378,1.68408,1.44,1.25
2018.01.05 10:44:21.683,1.68378,1.68408,1.37,1.19
2018.01.05 10:44:21.955,1.68379,1.6841,1.12,1.25
2018.01.05 10:44:22.006,1.68379,1.6841,1.37,1.19
2018.01.05 10:44:23.478,1.68379,1.6841,1.44,1.25
2018.01.05 10:44:24.313,1.68377,1.6841,1.87,1.19
2018.01.05 10:44:24.516,1.68376,1.68408,1.37,1.00
2018.01.05 10:44:24.568,1.68376,1.68406,1.44,1.25
2018.01.05 10:44:29.636,1.68375,1.68407,1.37,1.19
2018.01.05 10:44:30.728,1.68378,1.68408,1.00,1.00
2018.01.05 10:44:31.305,1.68378,1.68408,1.44,1.25
2018.01.05 10:44:31.685,1.68376,1.68409,1.37,1.69
2018.01.05 10:44:32.535,1.68376,1.68409,1.37,2.62
2018.01.05 10:44:32.693,1.68379,1.68404,1.00,1.00
2018.01.05 10:44:33.199,1.68377,1.68405,1.37,1.00
2018.01.05 10:44:33.301,1.68377,1.68407,1.12,1.00
2018.01.05 10:44:36.930,1.68377,1.68406,1.12,1.00
2018.01.05 10:44:37.879,1.68378,1.68407,1.00,1.69
2018.01.05 10:44:38.487,1.68378,1.68407,1.44,1.69
2018.01.05 10:44:39.844,1.68378,1.68407,1.25,1.69
2018.01.05 10:44:41.019,1.68377,1.68406,1.44,1.00
2018.01.05 10:44:41.525,1.68376,1.68406,1.44,1.19
2018.01.05 10:44:41.873,1.68374,1.68403,2.62,1.00
2018.01.05 10:44:42.524,1.68374,1.68403,1.19,1.25
2018.01.05 10:44:43.510,1.68374,1.68403,1.69,1.19
2018.01.05 10:44:44.282,1.68374,1.68403,1.44,1.19
2018.01.05 10:44:45.027,1.68374,1.68403,2.44,1.25
2018.01.05 10:44:45.680,1.68375,1.68403,1.25,1.19
2018.01.05 10:44:46.640,1.68374,1.68403,2.44,1.25
2018.01.05 10:44:48.144,1.68375,1.68403,1.44,1.19
2018.01.05 10:44:48.370,1.68374,1.68403,1.25,1.25
2018.01.05 10:44:48.895,1.68376,1.68407,1.44,1.19
2018.01.05 10:44:49.224,1.68377,1.68408,1.37,1.19
2018.01.05 10:44:49.275,1.6838,1.68409,1.44,1.19
2018.01.05 10:44:49.585,1.68385,1.68413,1.00,1.19
2018.01.05 10:44:49.636,1.68385,1.68414,1.25,1.00
2018.01.05 10:44:49.739,1.68387,1.68416,1.00,1.69
2018.01.05 10:44:50.245,1.68387,1.68416,1.00,1.69
2018.01.05 10:44:50.635,1.68386,1.68415,1.44,1.50
2018.01.05 10:44:51.740,1.68386,1.68415,1.25,1.31
2018.01.05 10:44:52.308,1.68384,1.68414,1.44,1.00
2018.01.05 10:44:53.056,1.68384,1.68414,1.37,1.25
2018.01.05 10:44:53.468,1.68382,1.6841,1.87,1.00
2018.01.05 10:44:53.520,1.68382,1.6841,1.12,1.25
2018.01.05 10:44:54.404,1.68381,1.6841,1.25,1.25
2018.01.05 10:44:55.218,1.68382,1.6841,1.25,1.19
2018.01.05 10:44:55.270,1.68382,1.68406,1.25,1.00
2018.01.05 10:44:59.400,1.68381,1.68406,1.12,1.00
2018.01.05 10:45:00.127,1.68381,1.68406,1.37,1.00
2018.01.05 10:45:01.675,1.68381,1.68406,1.25,1.00
2018.01.05 10:45:02.253,1.6838,1.68405,1.69,1.00
2018.01.05 10:45:07.784,1.6838,1.68407,1.19,1.00
2018.01.05 10:45:09.213,1.68378,1.68404,1.19,1.00
2018.01.05 10:45:09.520,1.68373,1.684,1.25,1.56
2018.01.05 10:45:09.571,1.68371,1.68396,1.37,1.00
2018.01.05 10:45:09.622,1.68368,1.68394,1.87,1.00
2018.01.05 10:45:10.124,1.68368,1.68394,1.37,1.00
2018.01.05 10:45:10.664,1.68368,1.68394,1.37,1.00
2018.01.05 10:45:11.232,1.68368,1.68394,1.37,1.00
2018.01.05 10:45:11.519,1.68377,1.68403,1.19,1.50
2018.01.05 10:45:12.464,1.6838,1.68403,1.00,1.00
2018.01.05 10:45:13.411,1.6838,1.68403,1.19,1.00
2018.01.05 10:45:14.644,1.6838,1.68403,1.25,1.00
2018.01.05 10:45:15.366,1.6838,1.68403,1.44,1.00
2018.01.05 10:45:15.417,1.68379,1.68408,1.37,1.00
2018.01.05 10:45:17.130,1.68379,1.68408,1.37,1.00
2018.01.05 10:45:17.511,1.68379,1.68406,1.37,1.00
2018.01.05 10:45:18.101,1.68379,1.68406,1.44,1.00
2018.01.05 10:45:22.020,1.68379,1.68407,1.44,1.00
2018.01.05 10:45:23.721,1.6838,1.68407,1.37,1.00
2018.01.05 10:45:24.362,1.6838,1.68407,1.37,1.00
2018.01.05 10:45:26.088,1.6838,1.68407,1.44,1.00
2018.01.05 10:45:27.528,1.68378,1.68407,1.87,1.00
2018.01.05 10:45:27.579,1.68378,1.68407,1.87,1.00
2018.01.05 10:45:35.084,1.68381,1.68406,1.00,1.00
2018.01.05 10:45:35.135,1.68381,1.68406,1.37,1.00
2018.01.05 10:45:36.235,1.68381,1.68406,1.44,1.00
2018.01.05 10:45:37.752,1.68381,1.68406,1.37,1.00
2018.01.05 10:45:38.339,1.68381,1.68406,1.25,1.00
2018.01.05 10:45:39.590,1.68381,1.68406,1.19,1.00
2018.01.05 10:45:40.688,1.68382,1.68406,1.44,1.00
2018.01.05 10:45:42.507,1.68382,1.68407,1.44,1.00
2018.01.05 10:45:43.052,1.68382,1.68407,1.37,1.00
2018.01.05 10:45:43.578,1.68386,1.6841,1.44,1.00
2018.01.05 10:45:43.961,1.68387,1.68411,1.87,1.00
2018.01.05 10:45:44.572,1.68387,1.68411,1.87,1.00
2018.01.05 10:45:45.130,1.68387,1.68411,1.87,1.00
2018.01.05 10:45:46.916,1.68387,1.68411,1.87,1.00
2018.01.05 10:45:51.635,1.68387,1.68411,1.25,1.00
2018.01.05 10:45:52.181,1.68385,1.6841,1.87,1.00
2018.01.05 10:45:52.386,1.68392,1.68416,1.25,1.00
2018.01.05 10:45:52.698,1.6839,1.68414,1.37,1.50
2018.01.05 10:45:53.269,1.68391,1.68415,1.44,1.00
2018.01.05 10:45:54.225,1.68391,1.68414,1.87,1.00
2018.01.05 10:45:55.091,1.68392,1.68415,1.44,1.00
2018.01.05 10:45:56.112,1.68392,1.68419,1.19,1.00
2018.01.05 10:45:56.638,1.68393,1.68419,1.44,1.00
2018.01.05 10:45:56.973,1.68392,1.68419,1.00,1.19
2018.01.05 10:45:57.487,1.6839,1.68419,1.87,1.69
2018.01.05 10:45:58.003,1.6839,1.68418,1.87,1.19
2018.01.05 10:45:58.142,1.6839,1.68415,1.44,1.00
2018.01.05 10:45:59.714,1.68389,1.68415,1.87,1.00
2018.01.05 10:46:04.617,1.6839,1.68415,1.37,1.00
2018.01.05 10:46:07.161,1.6839,1.68415,1.12,1.00
2018.01.05 10:46:09.584,1.6839,1.68415,1.37,1.00
2018.01.05 10:46:12.619,1.68387,1.68415,1.87,1.00
2018.01.05 10:46:13.326,1.68387,1.68415,1.87,1.00
2018.01.05 10:46:14.102,1.68386,1.68414,1.19,1.25
2018.01.05 10:46:14.354,1.68386,1.68414,1.19,1.62
2018.01.05 10:46:15.020,1.68386,1.68414,1.19,1.62
2018.01.05 10:46:20.251,1.68386,1.68412,1.25,1.37
2018.01.05 10:46:22.178,1.68385,1.68411,1.25,1.12
2018.01.05 10:46:24.420,1.68385,1.68416,1.25,1.81
2018.01.05 10:46:26.183,1.68385,1.68416,1.19,1.75
2018.01.05 10:46:26.417,1.68384,1.68413,1.00,1.56
2018.01.05 10:46:27.052,1.68384,1.68414,1.00,2.06
2018.01.05 10:46:27.597,1.68384,1.68414,1.00,2.25
2018.01.05 10:46:28.475,1.68383,1.68414,1.00,2.25
2018.01.05 10:46:30.318,1.68384,1.68414,1.00,2.25
2018.01.05 10:46:31.009,1.68384,1.68413,1.00,1.56
2018.01.05 10:46:31.544,1.68384,1.68413,1.00,1.56
2018.01.05 10:46:32.098,1.68383,1.68413,1.00,1.50
2018.01.05 10:46:32.655,1.68383,1.68414,1.00,2.06
2018.01.05 10:46:32.877,1.68385,1.68413,1.44,1.00
2018.01.05 10:46:33.768,1.68385,1.68414,1.25,1.00
2018.01.05 10:46:34.315,1.68385,1.68413,1.44,1.12
2018.01.05 10:46:35.037,1.68385,1.68413,1.37,1.12
2018.01.05 10:46:39.822,1.68386,1.68416,1.69,1.00
2018.01.05 10:46:39.874,1.68387,1.68418,1.44,1.56
2018.01.05 10:46:39.925,1.68389,1.6842,1.44,2.06
2018.01.05 10:46:39.977,1.68391,1.68422,1.37,3.00
2018.01.05 10:46:40.390,1.68391,1.68418,1.37,1.19
2018.01.05 10:46:40.493,1.68391,1.68418,1.25,1.25
2018.01.05 10:46:40.788,1.68394,1.6842,1.00,1.19
2018.01.05 10:46:40.943,1.68398,1.68424,1.00,1.19
2018.01.05 10:46:41.045,1.68395,1.68417,1.00,1.31
2018.01.05 10:46:41.153,1.6839,1.68417,1.87,1.31
2018.01.05 10:46:41.204,1.68386,1.68412,1.37,1.00
2018.01.05 10:46:41.256,1.68386,1.68412,1.19,1.50
2018.01.05 10:46:41.308,1.68382,1.68411,1.37,1.19
2018.01.05 10:46:41.563,1.68379,1.68406,1.44,1.00
2018.01.05 10:46:42.428,1.68379,1.68406,1.37,1.62
2018.01.05 10:46:42.956,1.68377,1.68406,1.37,1.31
2018.01.05 10:46:43.708,1.68376,1.68405,1.37,1.31
2018.01.05 10:46:44.580,1.68376,1.68405,1.37,1.31
2018.01.05 10:46:48.071,1.68376,1.68405,1.37,1.31
2018.01.05 10:46:48.300,1.68377,1.68406,1.37,1.31
2018.01.05 10:46:48.644,1.68377,1.68404,1.37,1.31
2018.01.05 10:46:51.240,1.68377,1.68404,1.44,1.25
2018.01.05 10:46:52.356,1.68378,1.68404,1.44,1.00
2018.01.05 10:46:53.657,1.68378,1.68404,1.37,1.31
2018.01.05 10:46:57.598,1.68378,1.68404,1.44,1.00
2018.01.05 10:46:58.379,1.68379,1.68406,1.37,1.19
2018.01.05 10:46:58.708,1.68382,1.68409,1.37,1.69
2018.01.05 10:46:58.977,1.68384,1.6841,1.12,1.25
2018.01.05 10:46:59.196,1.68385,1.68412,1.19,1.44
2018.01.05 10:46:59.755,1.68385,1.68413,1.37,1.50
2018.01.05 10:47:00.372,1.68385,1.68413,1.44,1.25
2018.01.05 10:47:01.415,1.68385,1.68413,1.37,1.31
2018.01.05 10:47:03.412,1.68385,1.68414,1.37,1.56
2018.01.05 10:47:07.248,1.68385,1.68412,1.12,1.31
2018.01.05 10:47:08.049,1.68386,1.68413,1.00,1.56
2018.01.05 10:47:12.300,1.68386,1.68413,1.44,1.56
2018.01.05 10:47:14.684,1.68386,1.68413,1.25,1.62
2018.01.05 10:47:15.205,1.68386,1.68413,1.44,1.56
2018.01.05 10:47:17.866,1.68385,1.68412,1.37,1.62
2018.01.05 10:47:18.386,1.68385,1.68412,1.37,1.62
2018.01.05 10:47:18.488,1.68395,1.68416,1.25,1.00
2018.01.05 10:47:18.539,1.68397,1.68424,1.00,1.62
2018.01.05 10:47:18.591,1.68393,1.68422,2.62,1.19
2018.01.05 10:47:18.744,1.68397,1.68426,1.00,1.50
2018.01.05 10:47:18.796,1.68398,1.68426,1.37,1.00
2018.01.05 10:47:19.050,1.68398,1.68428,1.25,1.69
2018.01.05 10:47:20.526,1.68398,1.68428,2.62,1.69
2018.01.05 10:47:22.164,1.68398,1.68428,1.69,1.69
2018.01.05 10:47:22.311,1.68399,1.68427,1.19,1.19
2018.01.05 10:47:23.526,1.68399,1.68427,1.25,1.25
2018.01.05 10:47:27.698,1.684,1.6843,1.00,1.69
2018.01.05 10:47:28.252,1.684,1.6843,1.44,2.06
2018.01.05 10:47:28.422,1.684,1.6843,1.25,1.50
2018.01.05 10:47:28.638,1.684,1.6843,1.37,1.69
2018.01.05 10:47:34.949,1.68403,1.6843,1.19,1.50
2018.01.05 10:47:35.151,1.68401,1.6843,1.25,1.19
2018.01.05 10:47:35.852,1.68401,1.6843,1.19,1.19
2018.01.05 10:47:37.304,1.68401,1.68433,1.19,1.50
2018.01.05 10:47:37.847,1.68401,1.68433,1.87,1.44
2018.01.05 10:47:38.446,1.68403,1.68432,1.19,1.25
2018.01.05 10:47:38.968,1.68403,1.68432,1.19,1.19
2018.01.05 10:47:39.594,1.68403,1.68431,1.25,1.00
2018.01.05 10:47:42.798,1.68402,1.68431,1.19,1.19
2018.01.05 10:47:45.984,1.68402,1.68431,1.44,1.19
2018.01.05 10:47:47.000,1.68406,1.68432,1.44,1.25
2018.01.05 10:47:47.514,1.68407,1.68431,1.19,1.00
2018.01.05 10:47:48.041,1.68406,1.68432,1.19,1.00
2018.01.05 10:47:48.495,1.68402,1.68427,1.19,1.00
2018.01.05 10:47:49.015,1.68402,1.68427,1.19,1.00
2018.01.05 10:47:49.524,1.68402,1.68427,1.19,1.00
2018.01.05 10:47:50.467,1.68402,1.68427,1.19,1.00
2018.01.05 10:47:50.518,1.68401,1.68426,1.19,1.00
2018.01.05 10:47:52.321,1.68402,1.68427,1.25,1.00
2018.01.05 10:48:00.271,1.68402,1.68427,1.19,1.00
2018.01.05 10:48:04.197,1.68401,1.68426,1.19,1.00
2018.01.05 10:48:04.744,1.68401,1.68426,1.25,1.00
2018.01.05 10:48:05.123,1.68398,1.68422,1.19,1.00
2018.01.05 10:48:05.175,1.68396,1.68422,1.19,1.00
2018.01.05 10:48:05.708,1.68396,1.68423,1.37,1.00
2018.01.05 10:48:06.113,1.68395,1.68422,1.19,1.00
2018.01.05 10:48:07.350,1.68395,1.6842,1.19,1.00
2018.01.05 10:48:10.929,1.68395,1.6842,1.19,1.00
2018.01.05 10:48:12.816,1.68395,1.6842,1.69,1.00
2018.01.05 10:48:13.348,1.68395,1.68419,1.69,1.00
2018.01.05 10:48:14.405,1.68395,1.68419,1.69,1.00
2018.01.05 10:48:14.954,1.68395,1.68419,1.44,1.00
2018.01.05 10:48:17.729,1.68395,1.68419,1.87,1.00
2018.01.05 10:48:18.215,1.68396,1.68421,1.00,1.00
2018.01.05 10:48:18.266,1.68398,1.68422,1.44,1.00
2018.01.05 10:48:22.538,1.68399,1.68424,1.44,1.00
2018.01.05 10:48:27.837,1.68399,1.68422,1.44,1.00
2018.01.05 10:48:28.525,1.68399,1.68422,1.25,1.00
2018.01.05 10:48:31.498,1.68399,1.68422,1.19,1.00
2018.01.05 10:48:32.435,1.68399,1.68423,1.19,1.00
2018.01.05 10:48:35.302,1.68399,1.68425,1.44,1.00
2018.01.05 10:48:36.236,1.68399,1.68425,1.37,1.00
2018.01.05 10:48:37.410,1.684,1.68423,1.37,1.00
2018.01.05 10:48:37.819,1.68399,1.68425,1.37,1.00
2018.01.05 10:48:38.964,1.684,1.68425,1.12,1.00
2018.01.05 10:48:39.595,1.684,1.68426,2.62,1.00
2018.01.05 10:48:39.646,1.68402,1.68426,1.87,1.00
2018.01.05 10:48:40.219,1.68402,1.68426,1.87,1.00
2018.01.05 10:48:41.882,1.68402,1.68426,1.69,1.00
2018.01.05 10:48:43.031,1.68403,1.68426,1.25,1.00
2018.01.05 10:48:45.913,1.68402,1.68426,1.25,1.00
2018.01.05 10:48:47.018,1.68402,1.68426,1.44,1.00
2018.01.05 10:48:51.733,1.68403,1.68426,1.44,1.00
2018.01.05 10:48:52.468,1.68403,1.68426,1.87,1.00
2018.01.05 10:48:53.389,1.68403,1.68426,1.37,1.00
2018.01.05 10:48:55.998,1.68404,1.68428,1.25,1.00
2018.01.05 10:48:56.056,1.68405,1.68429,1.37,1.00
2018.01.05 10:48:56.164,1.68406,1.68431,1.37,1.00
2018.01.05 10:48:57.098,1.68407,1.68431,1.87,1.00
2018.01.05 10:48:57.611,1.68407,1.68432,1.44,1.00
2018.01.05 10:48:58.115,1.68406,1.68431,1.87,1.00
2018.01.05 10:48:59.085,1.68406,1.68431,1.87,1.00
2018.01.05 10:48:59.906,1.68406,1.68431,1.37,1.00
2018.01.05 10:49:00.056,1.68404,1.68427,1.37,1.00
2018.01.05 10:49:00.107,1.68404,1.68427,1.25,1.00
2018.01.05 10:49:00.643,1.68404,1.68425,1.25,1.00
2018.01.05 10:49:02.689,1.68403,1.68425,1.72,1.00
2018.01.05 10:49:05.587,1.68404,1.68425,1.00,1.00
2018.01.05 10:49:06.075,1.68401,1.68425,1.69,1.00
2018.01.05 10:49:06.126,1.684,1.68423,1.87,1.00
2018.01.05 10:49:06.228,1.68399,1.68422,1.25,1.00
2018.01.05 10:49:06.801,1.68399,1.68423,1.19,1.00
2018.01.05 10:49:07.227,1.68398,1.68423,1.25,1.00
2018.01.05 10:49:07.278,1.68398,1.68421,1.69,1.00
2018.01.05 10:49:07.696,1.68397,1.68419,1.35,1.00
2018.01.05 10:49:09.950,1.68397,1.68417,1.35,1.00
2018.01.05 10:49:10.001,1.68392,1.68418,1.31,1.00
2018.01.05 10:49:10.053,1.68392,1.68416,2.62,1.00
2018.01.05 10:49:10.854,1.68393,1.68416,1.87,1.00
2018.01.05 10:49:11.477,1.68395,1.68417,1.25,1.00
2018.01.05 10:49:12.003,1.68394,1.68421,1.44,1.19
2018.01.05 10:49:12.054,1.68392,1.68421,1.19,1.19
2018.01.05 10:49:12.156,1.68391,1.68415,1.25,1.00
2018.01.05 10:49:12.258,1.68387,1.68416,4.12,1.19
2018.01.05 10:49:13.169,1.68387,1.68415,3.37,1.19
2018.01.05 10:49:13.712,1.68387,1.68415,1.69,1.25
2018.01.05 10:49:14.269,1.68387,1.68415,3.37,1.19
2018.01.05 10:49:16.745,1.68387,1.68415,2.62,1.19
2018.01.05 10:49:17.377,1.68391,1.68417,1.37,1.25
2018.01.05 10:49:17.588,1.68394,1.6842,1.00,1.19
2018.01.05 10:49:17.949,1.68394,1.68422,1.37,1.19
2018.01.05 10:49:18.388,1.68394,1.68422,1.37,1.25
2018.01.05 10:49:18.898,1.68394,1.68422,1.37,1.19
2018.01.05 10:49:19.759,1.68394,1.68422,1.87,1.25
2018.01.05 10:49:22.806,1.68395,1.68422,1.87,1.19
2018.01.05 10:49:22.958,1.68399,1.68427,1.44,1.25
2018.01.05 10:49:23.494,1.68399,1.68428,3.22,1.19
2018.01.05 10:49:24.029,1.68399,1.68428,3.22,1.19
2018.01.05 10:49:24.991,1.68399,1.68428,2.47,1.25
2018.01.05 10:49:25.573,1.68399,1.68428,3.22,1.19
2018.01.05 10:49:27.997,1.68399,1.68428,2.47,1.19
2018.01.05 10:49:30.947,1.68399,1.68428,2.47,1.19
2018.01.05 10:49:32.191,1.68399,1.68428,3.22,1.19
2018.01.05 10:49:33.072,1.68401,1.68427,1.37,1.25
2018.01.05 10:49:35.031,1.68401,1.68427,1.12,1.00
2018.01.05 10:49:38.292,1.68401,1.68427,1.37,1.25
2018.01.05 10:49:40.700,1.68401,1.68427,1.25,1.00
2018.01.05 10:49:41.294,1.68401,1.68427,1.44,1.25
2018.01.05 10:49:43.752,1.68401,1.68427,1.37,1.25
2018.01.05 10:49:46.061,1.68401,1.68427,1.87,1.00
2018.01.05 10:49:49.008,1.68401,1.68427,1.69,1.00
2018.01.05 10:49:52.560,1.68401,1.68429,1.12,1.19
2018.01.05 10:49:53.772,1.68402,1.68429,1.25,1.19
2018.01.05 10:49:58.058,1.68402,1.68429,1.25,1.25
2018.01.05 10:49:59.406,1.68403,1.68429,1.25,1.25
2018.01.05 10:50:00.394,1.68403,1.6843,1.12,1.25
2018.01.05 10:50:00.939,1.68403,1.6843,1.87,1.19
2018.01.05 10:50:03.129,1.68403,1.6843,1.25,1.25
2018.01.05 10:50:03.652,1.68402,1.68429,1.69,1.25
2018.01.05 10:50:03.703,1.68402,1.68429,1.69,1.00
2018.01.05 10:50:04.259,1.68401,1.68429,1.69,1.50
2018.01.05 10:50:04.810,1.68401,1.68428,1.69,1.31
2018.01.05 10:50:05.448,1.68401,1.68428,1.25,1.25
2018.01.05 10:50:05.997,1.68401,1.68429,1.69,1.31
2018.01.05 10:50:06.504,1.68401,1.68429,1.19,1.25
2018.01.05 10:50:07.591,1.684,1.68428,2.29,1.00
2018.01.05 10:50:07.642,1.684,1.68428,2.29,1.19
2018.01.05 10:50:08.148,1.68401,1.68428,1.12,1.19
2018.01.05 10:50:08.783,1.68401,1.68427,1.87,1.25
2018.01.05 10:50:10.946,1.684,1.68429,3.22,1.19
2018.01.05 10:50:11.807,1.68402,1.68429,1.37,1.19
2018.01.05 10:50:12.186,1.68406,1.68429,1.00,1.19
2018.01.05 10:50:13.098,1.68406,1.68428,1.00,1.19
2018.01.05 10:50:13.670,1.68409,1.68433,1.50,1.25
2018.01.05 10:50:14.501,1.6841,1.68433,1.50,1.00
2018.01.05 10:50:16.103,1.68409,1.68433,1.50,1.00
2018.01.05 10:50:16.783,1.6841,1.68433,1.00,1.25
2018.01.05 10:50:29.381,1.68409,1.68434,1.00,1.19
2018.01.05 10:50:30.417,1.68408,1.68433,1.35,1.19
2018.01.05 10:50:30.519,1.68405,1.6843,1.50,1.19
2018.01.05 10:50:31.027,1.68404,1.68428,1.00,1.00
2018.01.05 10:50:31.627,1.68403,1.68428,1.00,1.00
2018.01.05 10:50:37.700,1.68403,1.68429,1.00,1.25
2018.01.05 10:50:38.598,1.68403,1.68428,1.00,1.00
2018.01.05 10:50:39.166,1.68403,1.68428,1.50,1.19
2018.01.05 10:50:40.507,1.68404,1.68428,1.00,1.25
2018.01.05 10:50:42.063,1.68403,1.68428,1.00,1.25
2018.01.05 10:50:42.851,1.68404,1.68428,1.00,1.25
2018.01.05 10:50:43.408,1.68403,1.68429,1.00,1.19
2018.01.05 10:50:46.014,1.68404,1.68429,1.50,1.19
2018.01.05 10:50:48.176,1.68406,1.68429,1.00,1.19
2018.01.05 10:50:52.731,1.68405,1.68429,1.00,1.00
2018.01.05 10:50:53.232,1.68406,1.68429,1.00,1.25
2018.01.05 10:50:54.453,1.68405,1.68429,1.00,1.00
2018.01.05 10:50:55.122,1.68405,1.68431,1.00,1.19
2018.01.05 10:50:55.624,1.68406,1.6843,1.00,1.44
2018.01.05 10:50:56.236,1.68406,1.68426,1.00,1.00
2018.01.05 10:50:56.972,1.68405,1.68426,1.00,1.00
2018.01.05 10:50:57.748,1.68406,1.68426,1.00,1.00
2018.01.05 10:50:58.645,1.68406,1.68425,1.00,1.00
2018.01.05 10:50:59.396,1.68405,1.68425,1.00,1.00
2018.01.05 10:50:59.844,1.68404,1.68423,1.00,1.00
2018.01.05 10:51:00.931,1.68403,1.68423,1.00,1.00
2018.01.05 10:51:01.283,1.68399,1.68419,1.00,1.00
2018.01.05 10:51:01.569,1.68398,1.68422,1.50,1.19
2018.01.05 10:51:02.094,1.68398,1.68422,1.00,1.25
2018.01.05 10:51:02.763,1.68397,1.68422,1.50,1.25
2018.01.05 10:51:03.424,1.68398,1.68422,1.00,1.25
2018.01.05 10:51:07.327,1.68397,1.68422,1.50,1.25
2018.01.05 10:51:07.378,1.68397,1.6842,1.00,1.00
2018.01.05 10:51:07.908,1.68398,1.68421,1.00,1.44
2018.01.05 10:51:08.990,1.68397,1.68421,1.00,1.25
2018.01.05 10:51:09.570,1.68398,1.68421,1.00,1.19
2018.01.05 10:51:10.753,1.68398,1.68421,1.00,1.37
2018.01.05 10:51:11.254,1.68397,1.68421,1.00,1.44
2018.01.05 10:51:17.026,1.68398,1.6842,1.00,1.19
2018.01.05 10:51:18.159,1.68397,1.6842,1.00,1.25
2018.01.05 10:51:19.785,1.68397,1.68416,1.00,1.00
2018.01.05 10:51:19.836,1.68397,1.68421,1.00,1.19
2018.01.05 10:51:20.397,1.68398,1.6842,1.00,1.37
2018.01.05 10:51:20.499,1.68392,1.68417,1.50,1.00
2018.01.05 10:51:21.795,1.68392,1.68417,1.50,1.44
2018.01.05 10:51:21.950,1.68393,1.68416,1.50,1.37
2018.01.05 10:51:22.809,1.68393,1.68416,1.00,1.12
2018.01.05 10:51:23.809,1.68393,1.68416,1.50,1.37
2018.01.05 10:51:34.068,1.68393,1.68419,1.00,1.37
2018.01.05 10:51:34.725,1.68392,1.6842,1.00,1.87
2018.01.05 10:51:35.337,1.68393,1.68421,1.19,1.87
2018.01.05 10:51:35.873,1.68397,1.68421,1.00,1.37
2018.01.05 10:51:37.845,1.68396,1.6842,1.00,1.37
2018.01.05 10:51:38.543,1.68397,1.6842,1.00,1.37
2018.01.05 10:51:39.345,1.68397,1.6842,1.00,1.44
2018.01.05 10:51:43.645,1.68395,1.6842,1.00,1.25
2018.01.05 10:51:44.267,1.68395,1.6842,1.00,1.19
2018.01.05 10:51:44.318,1.68395,1.68421,1.00,1.25
2018.01.05 10:51:44.857,1.68395,1.68422,1.25,1.25
2018.01.05 10:51:45.410,1.68395,1.68422,1.19,1.31
2018.01.05 10:51:46.068,1.68395,1.68422,1.25,1.25
2018.01.05 10:51:46.753,1.68395,1.68422,1.69,1.31
2018.01.05 10:51:47.780,1.68395,1.68422,1.69,1.25
2018.01.05 10:51:49.100,1.68395,1.68422,1.69,1.44
2018.01.05 10:51:52.204,1.68395,1.68422,1.69,1.44
2018.01.05 10:51:54.880,1.68395,1.68421,1.69,1.00
2018.01.05 10:51:56.279,1.68395,1.68421,1.19,1.25
2018.01.05 10:52:00.420,1.68395,1.68421,1.19,1.44
2018.01.05 10:52:00.472,1.68394,1.68421,1.69,1.37
2018.01.05 10:52:01.017,1.68393,1.6842,2.44,1.37
2018.01.05 10:52:01.481,1.68394,1.6842,1.00,1.25
2018.01.05 10:52:02.011,1.68394,1.6842,1.25,1.44
2018.01.05 10:52:02.616,1.68394,1.6842,1.00,1.19
2018.01.05 10:52:02.668,1.68394,1.6842,1.25,1.25
2018.01.05 10:52:02.928,1.68393,1.68419,1.69,1.19
2018.01.05 10:52:03.502,1.68394,1.68418,1.00,1.25
2018.01.05 10:52:03.553,1.68392,1.68418,1.69,1.00
2018.01.05 10:52:03.777,1.68393,1.68419,1.19,1.25
2018.01.05 10:52:03.829,1.68392,1.68419,1.69,1.25
2018.01.05 10:52:04.427,1.68393,1.68419,1.25,1.19
2018.01.05 10:52:04.530,1.68393,1.68416,1.00,1.44
2018.01.05 10:52:04.581,1.6839,1.68416,1.00,1.19
2018.01.05 10:52:04.859,1.6839,1.68414,1.00,1.19
2018.01.05 10:52:05.376,1.68389,1.68414,1.00,1.25
2018.01.05 10:52:07.915,1.68389,1.68417,2.44,1.19
2018.01.05 10:52:08.904,1.68392,1.68418,1.00,1.19
2018.01.05 10:52:09.388,1.68392,1.68415,1.00,1.00
2018.01.05 10:52:09.439,1.68389,1.68415,1.69,1.25
2018.01.05 10:52:10.784,1.6839,1.68415,1.00,1.25
2018.01.05 10:52:17.581,1.6839,1.68417,1.50,1.19
2018.01.05 10:52:17.684,1.68391,1.68418,1.19,1.19
2018.01.05 10:52:18.207,1.68393,1.68418,1.00,1.19
2018.01.05 10:52:18.739,1.68392,1.68418,1.00,1.25
2018.01.05 10:52:20.898,1.68393,1.68418,1.00,1.37
2018.01.05 10:52:22.422,1.68392,1.68418,1.00,1.12
2018.01.05 10:52:23.820,1.68393,1.68419,1.00,1.37
2018.01.05 10:52:29.398,1.68392,1.68419,1.00,1.19
2018.01.05 10:52:29.705,1.68393,1.68422,1.69,2.62
2018.01.05 10:52:30.532,1.68393,1.68422,1.19,1.44
2018.01.05 10:52:31.085,1.68393,1.68422,1.69,1.19
2018.01.05 10:52:31.641,1.68393,1.68422,1.19,1.19
2018.01.05 10:52:33.438,1.68393,1.68421,1.69,1.44
2018.01.05 10:52:34.226,1.68393,1.68421,1.19,1.25
2018.01.05 10:52:34.920,1.68396,1.68421,1.00,1.44
2018.01.05 10:52:37.303,1.68395,1.68421,1.69,1.00
2018.01.05 10:52:37.889,1.68395,1.6842,1.25,1.00
2018.01.05 10:52:40.420,1.68396,1.6842,1.00,1.25
2018.01.05 10:52:41.372,1.68395,1.6842,1.00,1.25
2018.01.05 10:52:41.474,1.68392,1.6842,1.25,1.12
2018.01.05 10:52:42.000,1.68392,1.6842,1.19,1.19
2018.01.05 10:52:42.624,1.68392,1.6842,1.25,1.25
2018.01.05 10:52:43.282,1.68392,1.68422,1.19,1.44
2018.01.05 10:52:43.398,1.68393,1.68422,1.19,1.37
2018.01.05 10:52:43.776,1.68398,1.68422,1.00,1.19
2018.01.05 10:52:44.768,1.68397,1.68422,1.00,1.19
2018.01.05 10:52:45.506,1.68398,1.68422,1.00,1.37
2018.01.05 10:52:46.011,1.68397,1.68422,1.00,1.37
2018.01.05 10:52:47.180,1.68398,1.68422,1.00,1.50
2018.01.05 10:52:49.121,1.68393,1.6842,1.25,1.00
2018.01.05 10:52:52.387,1.68393,1.6842,1.69,1.31
2018.01.05 10:52:52.920,1.68392,1.68421,1.19,1.25
2018.01.05 10:52:52.971,1.68393,1.68421,1.25,1.19
2018.01.05 10:52:55.285,1.68401,1.68421,1.00,1.19
2018.01.05 10:52:55.821,1.68401,1.68421,1.00,1.19
2018.01.05 10:52:57.272,1.684,1.68421,1.00,1.25
2018.01.05 10:52:58.189,1.68401,1.68421,1.00,1.25
2018.01.05 10:52:58.970,1.68397,1.68421,1.00,1.00
2018.01.05 10:52:59.539,1.68398,1.68421,1.00,1.25
2018.01.05 10:53:00.016,1.68395,1.68417,1.25,1.00
2018.01.05 10:53:00.543,1.68399,1.68419,1.00,1.19
2018.01.05 10:53:01.078,1.684,1.68421,1.00,1.37
2018.01.05 10:53:04.662,1.684,1.68422,1.00,1.25
2018.01.05 10:53:07.546,1.684,1.68421,1.00,1.00
2018.01.05 10:53:08.171,1.684,1.68422,1.00,1.87
2018.01.05 10:53:09.575,1.68399,1.68421,1.00,1.25
2018.01.05 10:53:13.407,1.68399,1.6842,1.00,1.00
2018.01.05 10:53:14.660,1.684,1.6842,1.00,1.25
2018.01.05 10:53:14.836,1.68398,1.68421,1.00,1.87
2018.01.05 10:53:15.679,1.68397,1.68421,1.00,1.37
2018.01.05 10:53:17.567,1.68398,1.68421,1.00,1.87
2018.01.05 10:53:17.620,1.68396,1.68417,1.00,1.19
2018.01.05 10:53:18.630,1.68396,1.6842,1.00,1.19
2018.01.05 10:53:19.291,1.68395,1.6842,1.00,1.19
2018.01.05 10:53:21.361,1.68396,1.6842,1.00,1.19
2018.01.05 10:53:22.433,1.68395,1.6842,1.00,1.19
2018.01.05 10:53:22.912,1.68395,1.68417,1.00,1.25
2018.01.05 10:53:23.290,1.68392,1.68417,1.00,1.19
2018.01.05 10:53:23.883,1.68392,1.68417,1.00,1.69
2018.01.05 10:53:27.092,1.68392,1.68416,1.50,1.19
2018.01.05 10:53:27.753,1.68392,1.68416,1.00,1.00
2018.01.05 10:53:28.056,1.68392,1.68413,1.50,1.00
2018.01.05 10:53:28.741,1.68392,1.68412,1.50,1.00
2018.01.05 10:53:31.502,1.68392,1.68414,1.50,1.00
2018.01.05 10:53:31.867,1.68392,1.68416,1.87,1.00
2018.01.05 10:53:32.382,1.68392,1.68416,1.87,1.00
2018.01.05 10:53:32.688,1.68396,1.68415,1.00,1.00
2018.01.05 10:53:33.426,1.68396,1.68416,1.00,1.00
2018.01.05 10:53:39.237,1.68396,1.68419,1.00,1.25
2018.01.05 10:53:44.374,1.68392,1.6842,1.19,1.19
2018.01.05 10:53:48.536,1.68392,1.6842,1.19,1.19
2018.01.05 10:53:55.221,1.68391,1.68418,1.69,1.00
2018.01.05 10:53:55.547,1.6839,1.68417,3.19,1.00
2018.01.05 10:53:56.180,1.68391,1.6842,1.25,1.19
2018.01.05 10:53:56.282,1.68391,1.6842,1.69,1.19
2018.01.05 10:53:58.597,1.68392,1.68421,1.19,1.19
2018.01.05 10:53:58.855,1.68394,1.68423,1.19,1.19
2018.01.05 10:53:58.957,1.68395,1.68423,1.19,1.25
2018.01.05 10:54:01.201,1.68395,1.68423,1.69,1.19
2018.01.05 10:54:07.385,1.68395,1.68423,1.19,1.12
2018.01.05 10:54:07.852,1.68398,1.68424,1.19,1.12
2018.01.05 10:54:08.190,1.68397,1.68422,1.25,1.25
2018.01.05 10:54:08.669,1.68388,1.68414,1.69,1.25
2018.01.05 10:54:08.772,1.68374,1.68404,1.87,1.31
2018.01.05 10:54:09.305,1.68373,1.68404,1.62,1.56
2018.01.05 10:54:09.825,1.68373,1.68404,1.62,1.62
2018.01.05 10:54:10.034,1.68373,1.68404,1.44,1.00
2018.01.05 10:54:10.190,1.68373,1.68404,1.62,1.25
2018.01.05 10:54:10.734,1.68373,1.68404,1.37,1.00
2018.01.05 10:54:11.642,1.68373,1.68404,1.62,1.25
2018.01.05 10:54:12.184,1.68373,1.68404,1.19,1.12
2018.01.05 10:54:12.631,1.68374,1.68401,1.25,1.00
2018.01.05 10:54:13.562,1.68373,1.68401,1.12,1.00
2018.01.05 10:54:13.913,1.6837,1.68397,1.25,1.00
2018.01.05 10:54:13.967,1.68368,1.68397,1.25,1.00
2018.01.05 10:54:14.025,1.6837,1.68397,1.00,1.00
2018.01.05 10:54:14.347,1.68369,1.68395,1.25,1.00
2018.01.05 10:54:14.866,1.6837,1.68395,1.00,1.00
2018.01.05 10:54:15.404,1.68369,1.68395,1.00,1.00
2018.01.05 10:54:15.829,1.68369,1.68398,1.00,1.69
2018.01.05 10:54:16.536,1.6837,1.684,1.44,1.31
2018.01.05 10:54:16.689,1.68373,1.68402,1.00,1.00
2018.01.05 10:54:17.378,1.68373,1.68401,1.44,1.37
2018.01.05 10:54:17.889,1.68374,1.68401,1.00,1.12
2018.01.05 10:54:18.623,1.68373,1.68401,1.25,1.12
2018.01.05 10:54:19.741,1.68374,1.68401,1.00,1.12
2018.01.05 10:54:20.488,1.68373,1.68401,1.25,1.12
2018.01.05 10:54:21.034,1.68374,1.68401,1.00,1.12
2018.01.05 10:54:22.136,1.68373,1.68401,1.25,1.12
2018.01.05 10:54:22.713,1.68374,1.68401,1.00,1.12
2018.01.05 10:54:23.404,1.68374,1.68401,1.25,1.37
2018.01.05 10:54:25.314,1.68373,1.68401,1.44,1.00
2018.01.05 10:54:26.247,1.68374,1.68401,1.25,1.60
2018.01.05 10:54:26.532,1.68367,1.68394,1.25,1.25
2018.01.05 10:54:28.136,1.68366,1.68391,1.44,1.00
2018.01.05 10:54:28.659,1.68367,1.68391,1.44,1.00
2018.01.05 10:54:29.786,1.68367,1.68391,1.25,1.00
2018.01.05 10:54:30.895,1.68366,1.68391,1.25,1.00
2018.01.05 10:54:31.244,1.68366,1.68388,1.00,1.00
2018.01.05 10:54:31.853,1.68367,1.68387,1.00,1.00
2018.01.05 10:54:33.231,1.68367,1.68386,1.00,1.00
2018.01.05 10:54:34.046,1.68367,1.68385,1.00,1.00
2018.01.05 10:54:34.097,1.68361,1.68384,1.69,1.00
2018.01.05 10:54:34.401,1.68365,1.68388,1.25,1.00
2018.01.05 10:54:34.453,1.68366,1.68392,1.25,1.00
2018.01.05 10:54:34.555,1.6837,1.68395,1.00,1.00
2018.01.05 10:54:35.059,1.68371,1.68395,1.25,1.00
2018.01.05 10:54:35.512,1.68372,1.68396,1.19,1.00
2018.01.05 10:54:36.054,1.68373,1.68397,1.00,1.50
2018.01.05 10:54:36.575,1.68373,1.68397,1.19,1.50
2018.01.05 10:54:38.181,1.68371,1.68397,1.69,1.50
2018.01.05 10:54:38.899,1.68371,1.68397,1.25,1.50
2018.01.05 10:54:40.023,1.68371,1.68397,1.69,1.00
2018.01.05 10:54:40.586,1.68371,1.68397,1.25,1.00
2018.01.05 10:54:41.483,1.68371,1.68397,1.69,1.00
2018.01.05 10:54:43.637,1.6837,1.68397,2.44,1.50
2018.01.05 10:54:49.306,1.68371,1.68397,1.25,1.50
2018.01.05 10:54:51.546,1.68368,1.68397,1.69,1.50
2018.01.05 10:54:52.076,1.6837,1.68397,1.19,1.50
2018.01.05 10:54:52.292,1.68368,1.68395,1.25,1.00
2018.01.05 10:54:52.848,1.68368,1.68395,1.19,1.00
2018.01.05 10:54:53.425,1.68368,1.68394,1.25,1.00
2018.01.05 10:54:54.141,1.68368,1.68393,1.25,1.00
2018.01.05 10:54:54.661,1.68368,1.68393,1.19,1.00
2018.01.05 10:54:57.147,1.68368,1.68393,1.25,1.00
2018.01.05 10:54:58.098,1.68368,1.68393,1.19,1.00
2018.01.05 10:54:58.617,1.68367,1.68394,1.19,1.00
2018.01.05 10:54:58.719,1.68367,1.68397,1.25,2.06
2018.01.05 10:55:00.486,1.68367,1.68397,1.25,2.25
2018.01.05 10:55:01.476,1.68367,1.68397,1.00,1.69
2018.01.05 10:55:02.359,1.68367,1.68397,1.25,1.87
2018.01.05 10:55:05.234,1.68367,1.68397,1.00,1.50
2018.01.05 10:55:05.779,1.68367,1.68398,1.00,1.69
2018.01.05 10:55:06.579,1.68368,1.68398,1.00,1.69
2018.01.05 10:55:07.856,1.68368,1.68397,1.25,1.00
2018.01.05 10:55:08.217,1.68369,1.68398,1.19,1.25
2018.01.05 10:55:08.593,1.68369,1.68401,1.19,1.87
2018.01.05 10:55:13.602,1.68372,1.68401,1.87,1.00
2018.01.05 10:55:13.705,1.68376,1.68406,1.31,1.25
2018.01.05 10:55:13.933,1.68377,1.68407,1.56,1.00
2018.01.05 10:55:13.988,1.68378,1.6841,1.25,1.19
2018.01.05 10:55:14.142,1.68382,1.68411,1.00,1.25
2018.01.05 10:55:14.299,1.6838,1.68411,1.25,1.69
2018.01.05 10:55:14.844,1.6838,1.6841,1.25,1.50
2018.01.05 10:55:15.447,1.6838,1.6841,1.19,1.25
2018.01.05 10:55:19.674,1.6838,1.6841,1.19,1.00
2018.01.05 10:55:20.492,1.6838,1.6841,1.19,1.00
2018.01.05 10:55:20.941,1.68383,1.68411,1.00,1.12
2018.01.05 10:55:21.044,1.68384,1.68415,1.00,1.31
2018.01.05 10:55:21.723,1.68384,1.68415,1.25,1.50
2018.01.05 10:55:22.215,1.68384,1.68415,1.25,1.25
2018.01.05 10:55:22.724,1.68384,1.68415,1.19,1.44
2018.01.05 10:55:23.351,1.68384,1.68415,1.25,1.50
2018.01.05 10:55:23.866,1.68384,1.68415,1.00,1.25
2018.01.05 10:55:24.596,1.68384,1.68415,1.19,1.44
2018.01.05 10:55:25.236,1.68384,1.68415,1.19,1.12
2018.01.05 10:55:28.437,1.68383,1.68415,1.44,1.87
2018.01.05 10:55:29.337,1.68383,1.68414,1.00,1.00
2018.01.05 10:55:29.943,1.68383,1.68415,1.25,1.00
2018.01.05 10:55:30.478,1.68383,1.68415,1.44,1.12
2018.01.05 10:55:31.573,1.68386,1.68417,2.44,1.25
2018.01.05 10:55:31.879,1.68387,1.68417,1.00,1.37
2018.01.05 10:55:32.646,1.68387,1.68417,1.00,1.19
2018.01.05 10:55:33.270,1.68387,1.68417,1.00,1.25
2018.01.05 10:55:34.036,1.68386,1.68417,1.25,1.50
2018.01.05 10:55:34.490,1.68387,1.68417,1.69,1.25
2018.01.05 10:55:34.642,1.68387,1.68419,1.25,1.87
2018.01.05 10:55:34.799,1.68386,1.68418,1.69,1.50
2018.01.05 10:55:35.337,1.68386,1.68417,1.25,1.50
2018.01.05 10:55:36.507,1.68386,1.68417,1.00,1.44
2018.01.05 10:55:37.632,1.68387,1.68417,1.00,1.44
2018.01.05 10:55:38.133,1.68387,1.68418,1.00,1.37
2018.01.05 10:55:38.670,1.68387,1.68417,1.69,1.44
2018.01.05 10:55:38.999,1.6839,1.6842,1.50,1.69
2018.01.05 10:55:39.515,1.68391,1.68421,1.00,1.69
2018.01.05 10:55:40.060,1.68391,1.68421,1.69,1.12
2018.01.05 10:55:40.613,1.68391,1.68421,1.25,1.00
2018.01.05 10:55:41.296,1.68391,1.68421,1.87,1.25
2018.01.05 10:55:41.829,1.68392,1.68422,1.25,1.00
2018.01.05 10:55:42.453,1.68392,1.68422,1.19,1.25
2018.01.05 10:55:45.312,1.68392,1.68422,1.25,1.00
2018.01.05 10:55:46.088,1.68392,1.68422,1.19,1.25
2018.01.05 10:55:47.274,1.68392,1.68422,1.25,1.00
2018.01.05 10:55:48.771,1.68391,1.68422,1.87,1.25
2018.01.05 10:55:49.286,1.68391,1.68422,1.87,1.19
2018.01.05 10:55:50.685,1.68391,1.68422,1.25,1.25
2018.01.05 10:55:51.332,1.68391,1.68422,1.69,1.50
2018.01.05 10:55:52.436,1.68391,1.68422,1.25,1.12
2018.01.05 10:55:53.478,1.68391,1.68422,1.69,1.87
2018.01.05 10:55:54.173,1.68391,1.68422,1.25,1.12
2018.01.05 10:55:54.377,1.68392,1.68422,1.19,1.50
2018.01.05 10:55:55.013,1.68392,1.68422,1.25,1.25
2018.01.05 10:55:55.737,1.68392,1.68422,1.19,1.50
2018.01.05 10:55:55.789,1.68391,1.68421,1.25,1.44
2018.01.05 10:55:56.529,1.68389,1.68419,1.69,1.00
2018.01.05 10:55:58.157,1.6839,1.6842,1.69,2.25
2018.01.05 10:55:59.076,1.6839,1.6842,1.00,1.87
2018.01.05 10:56:01.139,1.68389,1.6842,1.25,1.87
2018.01.05 10:56:01.191,1.68394,1.68421,1.00,1.69
2018.01.05 10:56:01.429,1.684,1.68429,1.00,1.19
2018.01.05 10:56:01.633,1.68405,1.68434,1.19,1.75
2018.01.05 10:56:01.786,1.68405,1.68434,1.25,1.44
2018.01.05 10:56:02.332,1.68405,1.68434,1.19,1.50
2018.01.05 10:56:02.789,1.68404,1.68434,1.25,2.06
2018.01.05 10:56:03.292,1.68404,1.68435,1.69,1.81
2018.01.05 10:56:04.014,1.68404,1.68435,1.19,1.12
2018.01.05 10:56:04.269,1.68406,1.68435,1.19,1.31
2018.01.05 10:56:05.470,1.68406,1.68436,1.25,1.31
2018.01.05 10:56:07.424,1.68406,1.68436,1.19,2.25
2018.01.05 10:56:08.361,1.68404,1.68437,1.69,2.25
2018.01.05 10:56:08.997,1.68404,1.68436,1.87,1.62
2018.01.05 10:56:10.566,1.68405,1.68436,1.12,2.06
2018.01.05 10:56:11.529,1.68406,1.68436,1.00,1.62
2018.01.05 10:56:12.438,1.68405,1.68437,1.25,2.62
2018.01.05 10:56:12.918,1.68405,1.68436,1.44,1.00
2018.01.05 10:56:13.682,1.68406,1.68436,1.25,1.00
2018.01.05 10:56:16.834,1.68408,1.68441,1.19,1.50
2018.01.05 10:56:16.885,1.68411,1.68441,1.25,1.12
2018.01.05 10:56:17.246,1.68412,1.68443,1.19,1.44
2018.01.05 10:56:17.349,1.68411,1.68443,1.25,1.69
2018.01.05 10:56:18.008,1.6841,1.68442,1.69,1.00
2018.01.05 10:56:21.389,1.68411,1.68442,1.19,1.25
2018.01.05 10:56:23.341,1.68411,1.6844,1.19,1.00
2018.01.05 10:56:24.279,1.68411,1.6844,1.25,1.25
2018.01.05 10:56:25.340,1.68412,1.6844,1.19,1.44
2018.01.05 10:56:27.852,1.68412,1.6844,1.25,1.25
2018.01.05 10:56:28.568,1.68411,1.68439,1.69,1.00
2018.01.05 10:56:28.620,1.68407,1.68437,3.19,1.12
2018.01.05 10:56:29.127,1.68408,1.68438,1.25,1.00
2018.01.05 10:56:29.935,1.68408,1.68438,1.19,1.25
2018.01.05 10:56:30.167,1.68407,1.68438,2.44,1.00
2018.01.05 10:56:33.525,1.68408,1.68438,1.00,1.00
2018.01.05 10:56:33.577,1.68411,1.68439,1.00,1.00
2018.01.05 10:56:34.254,1.68411,1.6844,1.25,1.00
2018.01.05 10:56:34.573,1.68407,1.68434,1.25,1.87
2018.01.05 10:56:34.625,1.68404,1.6843,1.25,1.00
2018.01.05 10:56:35.768,1.68404,1.68431,1.00,1.31
2018.01.05 10:56:35.819,1.68401,1.68426,1.25,1.00
2018.01.05 10:56:36.363,1.68401,1.68426,1.19,1.00
2018.01.05 10:56:38.371,1.68401,1.68426,1.25,1.00
2018.01.05 10:56:38.966,1.684,1.68426,1.25,1.00
2018.01.05 10:56:39.470,1.684,1.68427,1.00,1.69
2018.01.05 10:56:40.094,1.684,1.68426,1.87,1.25
2018.01.05 10:56:41.051,1.684,1.68427,1.00,1.69
2018.01.05 10:56:41.789,1.684,1.68426,1.00,1.00
2018.01.05 10:56:43.295,1.68402,1.68428,1.25,1.25
2018.01.05 10:56:43.753,1.68398,1.68427,1.69,1.19
2018.01.05 10:56:44.263,1.68398,1.68425,1.19,1.00
2018.01.05 10:56:45.044,1.68398,1.68425,1.25,1.00
2018.01.05 10:56:45.586,1.68398,1.68425,1.19,1.25
2018.01.05 10:56:46.163,1.68398,1.68425,1.25,1.25
2018.01.05 10:56:46.876,1.68398,1.68425,1.19,1.19
2018.01.05 10:56:48.400,1.68398,1.68425,1.25,1.25
2018.01.05 10:56:48.913,1.68398,1.68425,1.25,1.19
2018.01.05 10:56:49.336,1.68399,1.68426,1.00,1.25
2018.01.05 10:56:50.518,1.68399,1.68428,1.25,1.69
2018.01.05 10:56:50.673,1.68399,1.68426,1.25,1.19
2018.01.05 10:56:51.211,1.684,1.68428,1.00,1.37
2018.01.05 10:56:51.263,1.68401,1.68429,1.25,1.25
2018.01.05 10:56:51.314,1.68401,1.68429,1.25,2.44
2018.01.05 10:56:51.366,1.68401,1.6843,1.19,1.69
2018.01.05 10:56:51.519,1.684,1.68427,1.25,1.25
2018.01.05 10:56:52.522,1.684,1.68429,1.19,1.19
2018.01.05 10:56:53.451,1.684,1.68427,1.00,1.25
2018.01.05 10:56:55.083,1.684,1.68427,1.12,1.19
2018.01.05 10:56:55.135,1.68404,1.68431,1.25,1.31
2018.01.05 10:56:55.770,1.68404,1.68431,1.00,1.25
2018.01.05 10:56:57.237,1.68404,1.68431,1.25,1.31
2018.01.05 10:56:58.721,1.68404,1.68431,1.00,1.25
2018.01.05 10:56:59.075,1.68403,1.6843,1.00,1.31
2018.01.05 10:56:59.674,1.68403,1.6843,1.25,1.56
2018.01.05 10:57:00.233,1.68403,1.6843,1.00,1.87
2018.01.05 10:57:00.610,1.68406,1.68431,1.19,1.00
2018.01.05 10:57:00.712,1.68406,1.68435,1.19,1.37
2018.01.05 10:57:01.579,1.68405,1.68434,1.19,1.37
2018.01.05 10:57:01.630,1.68406,1.68433,1.25,1.00
2018.01.05 10:57:01.682,1.68403,1.6843,1.69,1.00
2018.01.05 10:57:01.733,1.68403,1.6843,1.25,1.19
2018.01.05 10:57:01.786,1.68401,1.68429,1.25,1.69
2018.01.05 10:57:02.304,1.684,1.68427,1.19,1.00
2018.01.05 10:57:02.897,1.684,1.68427,1.69,1.19
2018.01.05 10:57:03.833,1.684,1.68427,1.25,1.00
2018.01.05 10:57:04.633,1.684,1.68427,1.69,1.25
2018.01.05 10:57:07.169,1.684,1.68427,1.25,1.00
2018.01.05 10:57:07.834,1.684,1.68427,1.69,1.25
2018.01.05 10:57:08.385,1.684,1.68428,1.19,1.25
2018.01.05 10:57:08.541,1.68405,1.68431,1.00,1.19
2018.01.05 10:57:08.721,1.68402,1.68432,1.25,1.69
2018.01.05 10:57:08.823,1.68404,1.68432,1.00,1.25
2018.01.05 10:57:09.378,1.68404,1.68435,1.44,1.69
2018.01.05 10:57:10.133,1.68404,1.68435,1.44,1.69
2018.01.05 10:57:10.660,1.68404,1.68435,1.19,1.69
2018.01.05 10:57:11.314,1.68404,1.68435,1.19,1.87
2018.01.05 10:57:11.794,1.68403,1.68434,1.19,2.25
2018.01.05 10:57:13.256,1.68403,1.68434,1.25,1.87
2018.01.05 10:57:13.656,1.68404,1.68431,1.00,1.00
2018.01.05 10:57:13.912,1.68404,1.68434,1.19,1.62
2018.01.05 10:57:14.047,1.68404,1.68435,1.25,2.06
2018.01.05 10:57:14.441,1.68404,1.68435,1.19,2.25
2018.01.05 10:57:14.731,1.68404,1.68435,1.25,1.31
2018.01.05 10:57:15.348,1.68404,1.68435,1.19,1.50
2018.01.05 10:57:15.541,1.68406,1.68435,1.37,1.00
2018.01.05 10:57:15.847,1.68409,1.68438,1.25,1.69
2018.01.05 10:57:16.355,1.68409,1.68438,1.12,1.25
2018.01.05 10:57:18.719,1.68409,1.68438,1.37,1.19
2018.01.05 10:57:19.458,1.68409,1.68438,1.25,1.25
2018.01.05 10:57:20.192,1.68409,1.68437,1.44,1.25
2018.01.05 10:57:23.475,1.68411,1.68438,1.19,1.19
2018.01.05 10:57:29.357,1.68411,1.68438,1.12,1.25
2018.01.05 10:57:30.213,1.68411,1.6844,1.37,1.19
2018.01.05 10:57:30.512,1.68414,1.6844,1.25,1.25
2018.01.05 10:57:31.747,1.68414,1.68439,1.25,1.00
2018.01.05 10:57:33.802,1.68411,1.68438,1.44,1.00
2018.01.05 10:57:34.806,1.68411,1.68438,1.44,1.19
2018.01.05 10:57:35.776,1.68411,1.68438,1.00,1.25
2018.01.05 10:57:35.934,1.68409,1.68436,1.25,1.00
2018.01.05 10:57:38.346,1.68409,1.68436,1.44,1.00
2018.01.05 10:57:39.448,1.68409,1.68436,1.37,1.19
2018.01.05 10:57:39.801,1.68406,1.68433,1.87,1.00
2018.01.05 10:57:40.322,1.68405,1.68432,1.44,1.00
2018.01.05 10:57:41.406,1.68409,1.68437,1.37,1.69
2018.01.05 10:57:44.316,1.6841,1.68437,1.12,1.50
2018.01.05 10:57:44.683,1.68415,1.6844,1.44,1.00
2018.01.05 10:57:45.295,1.68417,1.6844,1.25,1.00
2018.01.05 10:57:45.912,1.68417,1.6844,1.37,1.00
2018.01.05 10:57:46.080,1.68418,1.68444,1.44,1.25
2018.01.05 10:57:47.031,1.68418,1.68445,1.12,1.69
2018.01.05 10:57:48.233,1.68418,1.68444,1.12,1.00
2018.01.05 10:57:48.387,1.68418,1.68444,1.37,1.00
2018.01.05 10:57:49.166,1.68418,1.68444,1.44,1.00
2018.01.05 10:57:51.145,1.68418,1.68444,1.37,1.00
2018.01.05 10:57:51.768,1.68419,1.68444,1.37,1.00
2018.01.05 10:57:52.127,1.68421,1.68448,1.44,1.25
2018.01.05 10:57:52.179,1.68421,1.6845,1.37,1.69
2018.01.05 10:57:52.720,1.68423,1.6845,1.12,1.19
2018.01.05 10:57:52.772,1.68421,1.68447,1.37,1.25
2018.01.05 10:57:53.027,1.68423,1.68449,1.44,1.25
2018.01.05 10:57:53.611,1.68423,1.68448,1.37,1.00
2018.01.05 10:57:54.431,1.68423,1.68449,1.44,1.25
2018.01.05 10:57:55.459,1.68423,1.68448,1.25,1.00
2018.01.05 10:57:55.995,1.68421,1.68448,1.44,1.19
2018.01.05 10:57:56.485,1.6842,1.68447,1.25,1.25
2018.01.05 10:57:57.111,1.6842,1.68447,1.44,1.19
2018.01.05 10:57:57.713,1.68422,1.68448,1.19,1.25
2018.01.05 10:57:58.225,1.6842,1.68447,1.37,1.00
2018.01.05 10:57:58.802,1.68423,1.68448,1.12,1.00
2018.01.05 10:57:58.853,1.6842,1.68446,1.25,1.00
2018.01.05 10:57:59.584,1.68419,1.68446,1.12,1.19
2018.01.05 10:58:00.088,1.68418,1.68445,1.69,1.69
2018.01.05 10:58:00.634,1.68416,1.68445,1.87,1.69
2018.01.05 10:58:02.157,1.68418,1.68445,1.19,1.69
2018.01.05 10:58:04.048,1.68418,1.68445,1.00,1.69
2018.01.05 10:58:08.551,1.68419,1.68445,1.00,1.25
2018.01.05 10:58:08.602,1.68419,1.68445,1.37,1.00
2018.01.05 10:58:10.347,1.68419,1.68446,1.37,1.69
2018.01.05 10:58:11.474,1.68419,1.68445,1.37,1.00
2018.01.05 10:58:12.013,1.68419,1.68446,1.37,1.69
2018.01.05 10:58:12.563,1.68419,1.68445,1.37,1.00
2018.01.05 10:58:12.615,1.68422,1.68448,1.44,1.25
2018.01.05 10:58:13.155,1.68424,1.68451,1.25,1.69
2018.01.05 10:58:13.578,1.68424,1.68451,1.37,1.25
2018.01.05 10:58:15.733,1.68424,1.6845,1.37,1.00
2018.01.05 10:58:15.785,1.68422,1.6845,1.44,2.44
2018.01.05 10:58:15.836,1.68423,1.68446,1.44,1.00
2018.01.05 10:58:16.473,1.68423,1.68447,1.44,1.00
2018.01.05 10:58:17.017,1.68423,1.68446,1.44,1.00
2018.01.05 10:58:17.633,1.68423,1.68447,1.44,1.00
2018.01.05 10:58:17.788,1.68419,1.68447,2.62,1.19
2018.01.05 10:58:18.323,1.68421,1.68446,1.25,1.00
2018.01.05 10:58:18.958,1.68421,1.68446,1.44,1.00
2018.01.05 10:58:19.986,1.68421,1.68446,1.25,1.00
2018.01.05 10:58:22.768,1.6842,1.68447,1.44,1.69
2018.01.05 10:58:23.275,1.6842,1.68446,1.44,1.00
2018.01.05 10:58:24.446,1.68419,1.68447,1.87,1.25
2018.01.05 10:58:25.905,1.68419,1.68446,1.37,1.00
2018.01.05 10:58:26.557,1.68419,1.68446,1.37,1.00
2018.01.05 10:58:27.678,1.68419,1.68446,1.37,1.25
2018.01.05 10:58:28.324,1.68419,1.68446,1.44,1.69
2018.01.05 10:58:29.088,1.68417,1.68446,1.87,1.69
2018.01.05 10:58:33.573,1.68417,1.68446,1.87,1.69
2018.01.05 10:58:34.110,1.68417,1.68446,1.87,1.69
2018.01.05 10:58:38.080,1.68417,1.68446,1.37,1.19
2018.01.05 10:58:41.970,1.68417,1.68446,1.37,1.25
2018.01.05 10:58:44.071,1.68417,1.68446,1.44,1.69
2018.01.05 10:58:45.602,1.68417,1.68446,1.44,1.69
2018.01.05 10:58:49.236,1.68418,1.68446,1.37,1.19
2018.01.05 10:58:50.136,1.68418,1.68446,1.25,1.25
2018.01.05 10:58:50.187,1.68421,1.68447,1.00,1.19
2018.01.05 10:58:50.555,1.68421,1.68448,1.12,1.50
2018.01.05 10:58:52.091,1.68421,1.68448,1.37,1.69
2018.01.05 10:58:52.198,1.6843,1.68456,1.19,1.25
2018.01.05 10:58:52.508,1.68426,1.68455,1.37,1.44
2018.01.05 10:58:53.108,1.68426,1.68455,1.19,1.25
2018.01.05 10:58:53.191,1.68426,1.68455,1.25,1.44
2018.01.05 10:58:54.053,1.68425,1.68454,1.69,1.44
2018.01.05 10:58:54.914,1.68425,1.68454,1.69,1.44
2018.01.05 10:58:55.509,1.68425,1.68454,1.69,1.44
2018.01.05 10:58:55.611,1.68429,1.68456,1.00,1.44
2018.01.05 10:58:55.943,1.68428,1.68453,1.69,1.00
2018.01.05 10:58:56.096,1.6843,1.68457,1.25,1.25
2018.01.05 10:58:56.352,1.68434,1.6846,1.00,1.37
2018.01.05 10:58:56.404,1.68434,1.68462,1.00,1.37
2018.01.05 10:58:56.632,1.68434,1.68462,1.25,1.44
2018.01.05 10:58:57.165,1.68434,1.68462,1.19,1.37
2018.01.05 10:58:57.594,1.68435,1.68463,1.19,1.62
2018.01.05 10:58:57.851,1.68435,1.68464,1.25,1.87
2018.01.05 10:58:58.005,1.68428,1.68455,1.19,1.25
2018.01.05 10:58:58.214,1.68423,1.68451,1.00,1.00
2018.01.05 10:58:59.700,1.68422,1.68451,1.19,1.85
2018.01.05 10:58:59.751,1.68422,1.68447,1.19,1.00
2018.01.05 10:58:59.802,1.6842,1.6845,1.37,1.60
2018.01.05 10:58:59.854,1.6842,1.68444,1.37,1.00
2018.01.05 10:59:00.385,1.6842,1.68445,1.12,1.00
2018.01.05 10:59:00.944,1.6842,1.68445,1.37,1.00
2018.01.05 10:59:01.551,1.6842,1.68444,1.44,1.00
2018.01.05 10:59:03.056,1.68421,1.68444,1.37,1.00
2018.01.05 10:59:03.564,1.68421,1.68445,1.37,1.00
2018.01.05 10:59:04.212,1.68424,1.6845,1.00,1.00
2018.01.05 10:59:04.418,1.68424,1.6845,1.37,1.00
2018.01.05 10:59:05.134,1.68421,1.6845,1.87,1.00
2018.01.05 10:59:05.185,1.68421,1.6845,1.87,1.25
2018.01.05 10:59:05.739,1.68421,1.68451,1.37,2.44
2018.01.05 10:59:06.554,1.68424,1.68451,1.00,1.69
2018.01.05 10:59:06.605,1.68425,1.68453,1.25,1.69
2018.01.05 10:59:07.156,1.68426,1.68454,1.00,1.69
2018.01.05 10:59:08.670,1.68425,1.68453,1.37,1.25
2018.01.05 10:59:13.258,1.68426,1.68454,1.25,1.69
2018.01.05 10:59:13.764,1.68426,1.68453,1.25,1.69
2018.01.05 10:59:14.554,1.68423,1.68453,1.37,1.69
2018.01.05 10:59:15.814,1.68423,1.68451,1.37,1.00
2018.01.05 10:59:16.453,1.68423,1.68451,1.44,1.00
2018.01.05 10:59:16.997,1.68423,1.68451,1.37,1.00
2018.01.05 10:59:18.496,1.68423,1.68451,1.19,1.00
2018.01.05 10:59:19.196,1.68423,1.68451,1.19,1.00
2018.01.05 10:59:20.359,1.68422,1.68451,1.12,1.00
2018.01.05 10:59:20.492,1.68422,1.68453,1.00,2.62
2018.01.05 10:59:24.357,1.68422,1.68451,1.00,1.00
2018.01.05 10:59:26.437,1.68422,1.68453,1.44,1.19
2018.01.05 10:59:27.245,1.68422,1.68451,1.25,1.00
2018.01.05 10:59:27.737,1.68429,1.68456,1.00,1.19
2018.01.05 10:59:27.789,1.68429,1.68458,1.44,1.12
2018.01.05 10:59:29.195,1.68429,1.68456,1.69,1.25
2018.01.05 10:59:35.414,1.6843,1.68457,1.00,1.25
2018.01.05 10:59:35.808,1.68432,1.68457,1.00,1.25
2018.01.05 10:59:35.859,1.68432,1.68459,1.50,1.00
2018.01.05 10:59:37.117,1.68431,1.68459,1.25,1.69
2018.01.05 10:59:37.654,1.68429,1.68459,1.69,1.19
2018.01.05 10:59:38.022,1.68428,1.68459,1.25,1.69
2018.01.05 10:59:39.428,1.68428,1.68459,1.25,1.25
2018.01.05 10:59:42.127,1.68428,1.68459,1.25,1.44
2018.01.05 10:59:42.936,1.68428,1.68455,1.25,1.00
2018.01.05 10:59:43.696,1.68432,1.68454,1.00,1.25
2018.01.05 10:59:43.747,1.68432,1.68458,1.00,1.00
2018.01.05 10:59:45.042,1.68432,1.68455,1.25,1.00
2018.01.05 10:59:46.062,1.68432,1.68456,1.00,1.00
2018.01.05 10:59:49.942,1.68432,1.68455,1.25,1.00
2018.01.05 10:59:50.494,1.68432,1.68456,1.25,1.00
2018.01.05 10:59:52.025,1.68432,1.68455,1.25,1.00
2018.01.05 10:59:52.341,1.68432,1.68459,1.25,1.19
2018.01.05 10:59:52.447,1.68435,1.68462,1.37,1.19
2018.01.05 10:59:52.656,1.68437,1.68466,1.19,1.19
2018.01.05 10:59:52.758,1.6844,1.68469,1.19,2.06
2018.01.05 10:59:52.963,1.68444,1.68472,1.25,1.25
2018.01.05 10:59:53.576,1.68444,1.68472,1.19,1.19
2018.01.05 10:59:54.190,1.68446,1.68473,1.00,1.19
2018.01.05 10:59:54.242,1.68443,1.68473,1.69,1.00
2018.01.05 10:59:54.293,1.68446,1.68473,1.25,1.19
2018.01.05 10:59:54.550,1.68439,1.68467,1.19,1.25
2018.01.05 10:59:55.128,1.68438,1.68466,1.19,1.25
2018.01.05 10:59:55.205,1.68438,1.68466,1.19,1.19
2018.01.05 10:59:56.175,1.68438,1.68466,1.25,1.25
2018.01.05 10:59:57.716,1.68438,1.68466,1.19,1.19
2018.01.05 10:59:58.281,1.68438,1.68466,1.25,1.25
2018.01.05 10:59:58.434,1.68437,1.68465,1.19,1.19
2018.01.05 10:59:59.005,1.68437,1.68465,1.25,1.25
2018.01.05 10:59:59.700,1.68436,1.68464,1.19,1.25
