2011.10.24 19:00:01.196,1.7233,1.72384,2.03,1.28
2011.10.24 19:00:01.757,1.72312,1.72378,1.50,1.50
2011.10.24 19:00:01.982,1.72305,1.72376,1.50,1.28
2011.10.24 19:00:02.103,1.72304,1.72368,1.50,1.50
2011.10.24 19:00:08.192,1.72297,1.72366,1.50,1.28
2011.10.24 19:00:08.754,1.72294,1.7236,1.50,1.50
2011.10.24 19:00:09.426,1.72301,1.72369,1.28,1.28
2011.10.24 19:00:09.545,1.72308,1.72374,1.50,1.50
2011.10.24 19:00:09.774,1.72301,1.72372,1.28,1.50
2011.10.24 19:00:09.892,1.72299,1.72365,1.50,1.50
2011.10.24 19:00:11.635,1.72302,1.72371,1.28,1.50
2011.10.24 19:00:11.752,1.72309,1.72373,1.50,1.50
2011.10.24 19:00:15.479,1.72309,1.72359,1.50,1.28
2011.10.24 19:00:16.204,1.723,1.72359,1.28,2.03
2011.10.24 19:00:16.327,1.72296,1.72359,1.50,2.03
2011.10.24 19:00:17.454,1.723,1.72364,1.28,2.03
2011.10.24 19:00:17.574,1.72306,1.72364,1.50,1.28
2011.10.24 19:00:17.693,1.72306,1.7236,1.50,1.28
2011.10.24 19:00:20.233,1.72298,1.7236,1.50,2.03
2011.10.24 19:00:20.463,1.72298,1.72356,1.50,1.28
2011.10.24 19:00:20.803,1.72298,1.72361,1.50,2.03
2011.10.24 19:00:31.743,1.72292,1.72354,2.03,1.35
2011.10.24 19:00:31.866,1.72292,1.7235,1.28,1.13
2011.10.24 19:00:31.987,1.72286,1.72351,1.50,1.13
2011.10.24 19:00:32.765,1.72286,1.72335,1.50,1.35
2011.10.24 19:00:32.884,1.72248,1.72311,1.50,1.50
2011.10.24 19:00:33.004,1.72241,1.723,1.28,1.50
2011.10.24 19:00:33.580,1.7226,1.72323,1.88,1.61
2011.10.24 19:00:33.695,1.72275,1.72334,1.28,1.50
2011.10.24 19:00:33.816,1.72279,1.72343,1.50,1.50
2011.10.24 19:00:33.933,1.72279,1.72342,1.50,1.13
2011.10.24 19:00:34.273,1.72267,1.72331,1.50,1.50
2011.10.24 19:00:37.552,1.72267,1.7233,1.50,1.50
2011.10.24 19:00:38.125,1.72275,1.72332,1.50,1.13
2011.10.24 19:00:39.123,1.72275,1.72332,1.50,1.13
2011.10.24 19:00:39.832,1.72275,1.72333,1.50,1.13
2011.10.24 19:00:40.608,1.72283,1.72333,1.50,1.13
2011.10.24 19:00:41.124,1.72283,1.72332,1.50,1.13
2011.10.24 19:00:42.598,1.72283,1.72333,1.50,1.13
2011.10.24 19:00:43.370,1.72288,1.72332,1.28,1.13
2011.10.24 19:00:44.062,1.72295,1.72333,1.50,1.13
2011.10.24 19:00:44.365,1.72313,1.72334,1.50,1.13
2011.10.24 19:00:44.978,1.72313,1.72359,1.50,1.13
2011.10.24 19:00:45.452,1.72313,1.72359,1.50,1.73
2011.10.24 19:00:45.573,1.72313,1.72349,1.50,1.50
2011.10.24 19:00:46.025,1.72298,1.72349,1.50,1.50
2011.10.24 19:00:46.583,1.72298,1.72349,1.50,1.50
2011.10.24 19:00:48.205,1.72298,1.72348,1.50,1.50
2011.10.24 19:00:50.375,1.72292,1.72349,1.28,1.50
2011.10.24 19:00:50.495,1.72289,1.72349,1.50,1.50
2011.10.24 19:00:51.207,1.72282,1.72342,1.50,1.50
2011.10.24 19:00:51.333,1.72267,1.72308,1.50,1.13
2011.10.24 19:00:51.832,1.72267,1.72309,1.50,1.13
2011.10.24 19:00:52.659,1.72266,1.72294,2.25,2.10
2011.10.24 19:00:52.887,1.72254,1.72294,1.50,2.25
2011.10.24 19:00:53.006,1.72235,1.72296,1.50,1.13
2011.10.24 19:00:53.233,1.72234,1.72297,1.50,1.13
2011.10.24 19:00:57.812,1.72223,1.72289,1.50,1.50
2011.10.24 19:01:00.665,1.72226,1.72289,1.88,1.50
2011.10.24 19:01:00.898,1.72233,1.72297,1.50,1.50
2011.10.24 19:01:01.237,1.72221,1.72285,2.15,1.50
2011.10.24 19:01:01.355,1.72221,1.72285,1.40,1.50
2011.10.24 19:01:02.026,1.72219,1.72283,2.15,1.13
2011.10.24 19:01:02.252,1.72211,1.72274,1.40,2.10
2011.10.24 19:01:02.818,1.72211,1.72274,1.40,2.25
2011.10.24 19:01:03.155,1.72237,1.72284,2.10,1.28
2011.10.24 19:01:03.276,1.7225,1.72286,1.35,2.03
2011.10.24 19:01:03.395,1.7225,1.72312,1.35,1.05
2011.10.24 19:01:04.035,1.72249,1.72312,1.50,1.35
2011.10.24 19:01:04.154,1.7224,1.72304,1.50,1.50
2011.10.24 19:01:05.493,1.72242,1.72304,1.50,1.50
2011.10.24 19:01:05.619,1.72259,1.72325,1.50,1.50
2011.10.24 19:01:05.736,1.72251,1.72315,1.50,1.50
2011.10.24 19:01:08.083,1.72243,1.72314,1.28,2.03
2011.10.24 19:01:08.206,1.72239,1.72305,1.50,1.50
2011.10.24 19:01:08.828,1.72242,1.72305,1.50,1.50
2011.10.24 19:01:09.657,1.72239,1.72305,1.50,1.50
2011.10.24 19:01:11.542,1.72242,1.72305,1.50,1.50
2011.10.24 19:01:11.883,1.72256,1.7232,1.50,1.50
2011.10.24 19:01:16.805,1.72248,1.72317,1.50,1.28
2011.10.24 19:01:16.931,1.72246,1.7231,1.50,1.50
2011.10.24 19:01:19.033,1.72258,1.72322,1.50,1.50
2011.10.24 19:01:27.633,1.72264,1.72331,1.28,1.28
2011.10.24 19:01:27.755,1.72271,1.72335,1.50,1.50
2011.10.24 19:01:44.534,1.72286,1.72344,1.13,1.28
2011.10.24 19:01:44.653,1.7229,1.72356,1.50,2.25
2011.10.24 19:01:45.063,1.7228,1.72344,1.50,1.88
2011.10.24 19:01:48.708,1.7229,1.72353,1.50,2.03
2011.10.24 19:01:54.298,1.72299,1.72359,1.50,1.13
2011.10.24 19:01:58.252,1.72299,1.7236,1.50,2.03
2011.10.24 19:01:58.914,1.72299,1.7236,1.50,1.28
2011.10.24 19:01:59.577,1.72299,1.72363,1.50,1.50
2011.10.24 19:02:01.481,1.72312,1.72365,1.50,1.65
2011.10.24 19:02:01.830,1.72312,1.72366,1.50,1.13
2011.10.24 19:02:02.495,1.72304,1.72366,1.50,1.88
2011.10.24 19:02:03.254,1.72297,1.72363,1.28,1.13
2011.10.24 19:02:03.372,1.72294,1.7236,1.50,1.50
2011.10.24 19:02:05.129,1.72302,1.72363,1.28,1.13
2011.10.24 19:02:05.248,1.7231,1.72366,1.50,1.13
2011.10.24 19:02:05.936,1.72299,1.72363,1.50,1.13
2011.10.24 19:02:08.725,1.72302,1.72367,1.28,1.50
2011.10.24 19:02:08.846,1.72309,1.72371,1.50,1.13
2011.10.24 19:02:09.254,1.72272,1.72325,1.03,1.13
2011.10.24 19:02:09.928,1.7228,1.7234,1.50,2.10
2011.10.24 19:02:10.045,1.72264,1.72327,2.03,1.13
2011.10.24 19:02:10.273,1.72265,1.72329,1.50,1.50
2011.10.24 19:02:10.501,1.72263,1.72329,1.50,1.50
2011.10.24 19:02:11.065,1.72266,1.72329,1.35,1.50
2011.10.24 19:02:11.294,1.72263,1.72329,1.50,1.50
2011.10.24 19:02:11.412,1.72263,1.72327,1.50,1.50
2011.10.24 19:02:11.533,1.72253,1.7231,1.28,1.50
2011.10.24 19:02:11.655,1.72244,1.7231,1.50,1.50
2011.10.24 19:02:12.250,1.72247,1.72308,1.35,1.13
2011.10.24 19:02:12.383,1.72264,1.72317,1.50,1.01
2011.10.24 19:02:12.507,1.72266,1.72324,1.35,2.25
2011.10.24 19:02:12.630,1.72282,1.72328,1.05,1.05
2011.10.24 19:02:12.965,1.72286,1.72347,1.65,1.13
2011.10.24 19:02:13.083,1.72281,1.72342,1.40,1.28
2011.10.24 19:02:13.203,1.72275,1.72335,1.93,1.50
2011.10.24 19:02:14.079,1.72294,1.72342,2.03,1.28
2011.10.24 19:02:14.211,1.72299,1.72363,1.50,1.50
2011.10.24 19:02:16.503,1.72292,1.72361,1.28,2.10
2011.10.24 19:02:16.624,1.72288,1.72351,1.50,1.28
2011.10.24 19:02:17.406,1.7229,1.72361,1.50,1.88
2011.10.24 19:02:17.528,1.72298,1.72362,1.50,1.50
2011.10.24 19:02:19.823,1.7229,1.72352,1.78,1.50
2011.10.24 19:02:21.576,1.7229,1.72349,1.40,1.28
2011.10.24 19:02:22.881,1.7229,1.72349,1.40,1.28
2011.10.24 19:02:23.442,1.7229,1.72349,1.40,1.28
2011.10.24 19:02:23.862,1.7229,1.72347,1.40,1.28
2011.10.24 19:02:25.261,1.7229,1.72349,1.40,1.28
2011.10.24 19:02:27.222,1.72297,1.72349,1.50,1.28
2011.10.24 19:02:27.566,1.72297,1.72359,1.50,1.28
2011.10.24 19:02:27.685,1.72289,1.72353,1.40,1.50
2011.10.24 19:02:28.326,1.72289,1.72353,1.40,1.50
2011.10.24 19:02:28.446,1.72289,1.72349,1.40,1.28
2011.10.24 19:02:29.162,1.72289,1.72353,1.40,1.50
2011.10.24 19:02:29.284,1.72281,1.72343,1.40,1.50
2011.10.24 19:02:29.518,1.72279,1.72343,1.50,1.50
2011.10.24 19:02:29.636,1.72281,1.7235,1.50,1.28
2011.10.24 19:02:29.756,1.72288,1.72353,1.50,1.50
2011.10.24 19:02:30.938,1.72288,1.7235,1.50,1.28
2011.10.24 19:02:31.464,1.72288,1.72349,1.50,1.28
2011.10.24 19:02:32.702,1.72288,1.72351,1.50,2.03
2011.10.24 19:02:33.042,1.72288,1.72348,1.50,1.28
2011.10.24 19:02:37.091,1.72288,1.72354,1.50,1.50
2011.10.24 19:02:42.022,1.72288,1.72345,1.50,1.13
2011.10.24 19:02:42.142,1.72272,1.72335,1.13,1.50
2011.10.24 19:02:46.647,1.72273,1.7234,1.28,1.13
2011.10.24 19:02:46.764,1.7228,1.72344,1.50,1.13
2011.10.24 19:02:47.104,1.7228,1.72346,1.50,1.50
2011.10.24 19:02:48.455,1.72292,1.72355,1.50,2.78
2011.10.24 19:02:48.794,1.72287,1.72348,1.13,1.50
2011.10.24 19:02:49.026,1.72299,1.72361,1.40,1.50
2011.10.24 19:02:49.450,1.72299,1.72363,1.40,1.50
2011.10.24 19:02:49.785,1.72302,1.72364,2.03,1.73
2011.10.24 19:02:49.904,1.72307,1.72367,1.50,2.40
2011.10.24 19:02:51.005,1.72307,1.72364,1.50,1.28
2011.10.24 19:02:51.593,1.72307,1.72363,1.50,1.28
2011.10.24 19:02:54.534,1.723,1.72363,1.40,2.03
2011.10.24 19:02:54.652,1.72299,1.72362,1.78,1.50
2011.10.24 19:02:55.183,1.72299,1.72362,1.13,1.50
2011.10.24 19:02:55.298,1.72299,1.72357,1.13,1.28
2011.10.24 19:02:56.642,1.72299,1.72357,1.13,2.03
2011.10.24 19:02:56.986,1.72285,1.72347,1.40,1.50
2011.10.24 19:02:57.734,1.72285,1.72347,1.40,1.50
2011.10.24 19:03:01.443,1.72285,1.72347,1.40,2.78
2011.10.24 19:03:02.477,1.72285,1.72346,1.40,2.03
2011.10.24 19:03:03.404,1.72285,1.72347,1.40,1.50
2011.10.24 19:03:03.744,1.72285,1.72329,1.40,1.35
2011.10.24 19:03:03.862,1.72276,1.72316,1.28,1.28
2011.10.24 19:03:03.982,1.72253,1.72316,1.50,2.03
2011.10.24 19:03:04.564,1.72253,1.72315,1.50,1.28
2011.10.24 19:03:05.121,1.72253,1.72314,1.50,1.28
2011.10.24 19:03:06.282,1.72253,1.72313,1.50,1.28
2011.10.24 19:03:07.282,1.72253,1.72308,1.50,1.28
2011.10.24 19:03:07.875,1.72254,1.72308,1.50,1.28
2011.10.24 19:03:08.102,1.72278,1.7234,2.78,2.03
2011.10.24 19:03:08.226,1.72279,1.7234,1.40,1.28
2011.10.24 19:03:08.456,1.72278,1.72331,1.03,1.50
2011.10.24 19:03:08.792,1.72268,1.72328,1.40,1.28
2011.10.24 19:03:09.334,1.72268,1.72327,1.40,1.28
2011.10.24 19:03:10.211,1.72268,1.72326,1.40,1.28
2011.10.24 19:03:11.833,1.72266,1.7232,1.03,1.50
2011.10.24 19:03:12.435,1.72267,1.7232,1.40,1.50
2011.10.24 19:03:12.557,1.72274,1.72334,1.40,2.40
2011.10.24 19:03:12.895,1.72274,1.72334,1.40,2.03
2011.10.24 19:03:13.553,1.72274,1.72334,1.40,2.18
2011.10.24 19:03:14.224,1.72274,1.72334,1.40,2.03
2011.10.24 19:03:15.760,1.72274,1.72334,1.40,2.03
2011.10.24 19:03:16.344,1.72267,1.72327,1.03,1.50
2011.10.24 19:03:16.793,1.72265,1.72323,1.78,1.28
2011.10.24 19:03:18.255,1.72265,1.72323,1.78,1.28
2011.10.24 19:03:19.483,1.72264,1.72322,1.40,1.28
2011.10.24 19:03:19.604,1.72262,1.72317,1.03,1.50
2011.10.24 19:03:21.129,1.72262,1.72317,1.03,1.50
2011.10.24 19:03:22.279,1.72262,1.72311,1.03,1.50
2011.10.24 19:03:22.905,1.72263,1.72321,1.03,1.50
2011.10.24 19:03:23.855,1.72263,1.72318,1.03,1.28
2011.10.24 19:03:24.850,1.72257,1.72317,1.40,1.28
2011.10.24 19:03:24.968,1.72256,1.72313,1.40,1.28
2011.10.24 19:03:25.084,1.72257,1.72319,1.93,1.13
2011.10.24 19:03:25.687,1.72257,1.7232,1.93,1.88
2011.10.24 19:03:27.922,1.72257,1.7232,1.40,1.88
2011.10.24 19:03:28.180,1.72256,1.7232,1.88,1.88
2011.10.24 19:03:34.432,1.72254,1.7232,2.78,2.78
2011.10.24 19:03:34.553,1.72254,1.72307,1.28,1.50
2011.10.24 19:03:34.676,1.72248,1.72307,1.25,1.50
2011.10.24 19:03:34.797,1.72253,1.72317,3.15,1.50
2011.10.24 19:03:35.673,1.72254,1.72317,1.50,1.50
2011.10.24 19:03:39.615,1.72254,1.72313,1.50,1.28
2011.10.24 19:03:39.736,1.72253,1.72313,1.50,1.28
2011.10.24 19:03:39.857,1.72253,1.72308,1.50,1.28
2011.10.24 19:03:41.625,1.72246,1.72308,1.40,2.63
2011.10.24 19:03:43.722,1.72245,1.723,1.40,1.28
2011.10.24 19:03:43.843,1.72245,1.72305,1.40,1.28
2011.10.24 19:03:43.964,1.72245,1.72308,1.40,1.35
2011.10.24 19:03:46.673,1.7225,1.72309,1.28,2.63
2011.10.24 19:03:47.014,1.72258,1.72319,1.50,1.28
2011.10.24 19:03:50.650,1.72267,1.72329,1.50,1.50
2011.10.24 19:03:50.984,1.72276,1.72339,1.50,1.50
2011.10.24 19:03:54.134,1.72276,1.72339,1.50,1.50
2011.10.24 19:03:55.065,1.72276,1.72339,1.50,1.50
2011.10.24 19:03:55.426,1.72277,1.72339,1.50,1.50
2011.10.24 19:03:55.652,1.7229,1.72351,1.50,1.28
2011.10.24 19:03:58.772,1.72285,1.72342,1.03,1.50
2011.10.24 19:03:59.459,1.72278,1.7234,1.40,1.13
2011.10.24 19:04:00.033,1.72278,1.7234,1.40,1.13
2011.10.24 19:04:02.065,1.72278,1.7234,1.40,1.13
2011.10.24 19:04:02.662,1.72278,1.7234,1.40,1.13
2011.10.24 19:04:03.235,1.72278,1.7234,1.40,1.13
2011.10.24 19:04:04.301,1.72278,1.7234,1.40,1.13
2011.10.24 19:04:06.814,1.72278,1.7234,1.40,1.13
2011.10.24 19:04:08.290,1.72258,1.72324,1.50,1.50
2011.10.24 19:04:08.733,1.72261,1.7233,1.50,2.55
2011.10.24 19:04:08.857,1.72285,1.72347,1.50,1.50
2011.10.24 19:04:09.087,1.72284,1.72333,1.50,1.65
2011.10.24 19:04:09.208,1.72269,1.72331,1.50,1.13
2011.10.24 19:04:10.802,1.72269,1.72333,1.50,1.50
2011.10.24 19:04:11.725,1.72271,1.72333,1.50,1.50
2011.10.24 19:04:12.005,1.72269,1.72333,1.50,1.50
2011.10.24 19:04:19.515,1.72269,1.7233,1.50,1.28
2011.10.24 19:04:19.743,1.72262,1.7232,1.13,2.03
2011.10.24 19:04:20.248,1.72256,1.72319,2.25,1.50
2011.10.24 19:04:20.368,1.72255,1.72309,1.50,1.28
2011.10.24 19:04:23.038,1.72255,1.72308,1.50,1.28
2011.10.24 19:04:23.264,1.72255,1.72319,1.50,1.50
2011.10.24 19:04:23.843,1.72255,1.72308,1.50,1.28
2011.10.24 19:04:24.653,1.72255,1.72309,1.50,1.28
2011.10.24 19:04:24.774,1.72255,1.72319,1.50,1.50
2011.10.24 19:04:26.885,1.72255,1.72317,1.50,1.28
2011.10.24 19:04:27.007,1.72246,1.72308,2.00,1.50
2011.10.24 19:04:28.044,1.72245,1.72308,2.38,1.50
2011.10.24 19:04:28.384,1.72247,1.72311,1.35,2.03
2011.10.24 19:04:28.506,1.72253,1.72311,1.50,1.28
2011.10.24 19:04:28.624,1.72253,1.72319,1.50,1.50
2011.10.24 19:04:29.578,1.72253,1.72312,1.50,1.28
2011.10.24 19:04:29.694,1.72253,1.72319,1.50,2.78
2011.10.24 19:04:30.693,1.72253,1.72314,1.50,1.28
2011.10.24 19:04:30.811,1.72253,1.72319,1.50,2.78
2011.10.24 19:04:32.859,1.72253,1.72314,1.50,1.28
2011.10.24 19:04:35.452,1.72253,1.72318,1.50,2.03
2011.10.24 19:04:38.356,1.72253,1.72315,1.50,1.28
2011.10.24 19:04:38.692,1.72253,1.72313,1.50,1.28
2011.10.24 19:04:38.812,1.72245,1.72307,1.50,2.03
2011.10.24 19:04:40.377,1.72246,1.72308,1.50,1.50
2011.10.24 19:04:40.711,1.72257,1.7232,1.35,2.78
2011.10.24 19:04:40.943,1.72257,1.7232,2.40,2.78
2011.10.24 19:04:41.063,1.72265,1.7232,1.20,1.28
2011.10.24 19:04:41.182,1.72265,1.72327,1.20,1.50
2011.10.24 19:04:42.541,1.7227,1.72328,1.28,1.50
2011.10.24 19:04:47.882,1.72278,1.72341,1.50,1.50
2011.10.24 19:04:48.551,1.72279,1.72342,1.35,1.50
2011.10.24 19:04:49.104,1.72282,1.72343,1.28,2.03
2011.10.24 19:04:49.333,1.72274,1.72333,1.05,1.35
2011.10.24 19:04:49.456,1.72271,1.72333,1.05,1.35
2011.10.24 19:04:49.998,1.72271,1.72334,1.05,1.50
2011.10.24 19:04:56.745,1.7227,1.72334,1.50,1.50
2011.10.24 19:05:08.504,1.7226,1.72324,1.50,1.50
2011.10.24 19:05:20.475,1.72277,1.72332,1.50,1.28
2011.10.24 19:05:21.037,1.72277,1.72339,1.50,1.50
2011.10.24 19:05:21.833,1.72278,1.72339,1.05,1.50
2011.10.24 19:05:24.212,1.72278,1.72339,1.05,1.50
2011.10.24 19:05:24.336,1.72269,1.72333,2.33,1.50
2011.10.24 19:05:24.567,1.72269,1.72328,1.35,1.28
2011.10.24 19:05:29.714,1.72269,1.72331,1.35,2.03
2011.10.24 19:05:30.052,1.72269,1.72329,1.35,1.28
2011.10.24 19:05:31.283,1.72269,1.7233,1.35,1.28
2011.10.24 19:05:31.906,1.72269,1.72333,1.35,1.50
2011.10.24 19:05:34.333,1.72259,1.72323,2.68,1.50
2011.10.24 19:05:34.672,1.72249,1.72312,1.40,1.50
2011.10.24 19:05:36.223,1.72249,1.72312,1.40,1.50
2011.10.24 19:05:37.493,1.72249,1.72312,1.40,1.50
2011.10.24 19:05:38.297,1.72248,1.72312,1.50,1.50
2011.10.24 19:05:38.414,1.72248,1.72311,1.50,1.35
2011.10.24 19:05:38.754,1.72248,1.72304,1.50,1.28
2011.10.24 19:05:40.623,1.72248,1.72299,1.50,1.28
2011.10.24 19:05:41.564,1.72244,1.72299,1.40,1.28
2011.10.24 19:05:41.687,1.72241,1.72298,1.40,1.28
2011.10.24 19:05:42.022,1.72241,1.72303,1.40,2.78
2011.10.24 19:05:42.682,1.72241,1.72302,1.40,2.03
2011.10.24 19:05:43.951,1.72241,1.72302,1.40,2.03
2011.10.24 19:05:44.667,1.72241,1.72299,1.40,1.28
2011.10.24 19:05:45.928,1.72241,1.72299,1.40,1.28
2011.10.24 19:05:46.545,1.72241,1.723,1.40,1.28
2011.10.24 19:05:47.509,1.72241,1.723,1.40,1.28
2011.10.24 19:05:48.374,1.72239,1.723,1.50,1.28
2011.10.24 19:05:48.495,1.72244,1.723,1.28,1.28
2011.10.24 19:05:48.614,1.72251,1.72309,1.50,1.28
2011.10.24 19:05:48.846,1.72261,1.7232,1.50,2.03
2011.10.24 19:05:51.134,1.72261,1.72322,1.50,2.40
2011.10.24 19:05:52.024,1.72267,1.72322,1.50,2.03
2011.10.24 19:05:52.255,1.72269,1.72334,1.50,2.03
2011.10.24 19:05:54.536,1.72272,1.72334,1.50,2.03
2011.10.24 19:05:54.873,1.72279,1.72334,1.50,1.28
2011.10.24 19:05:58.097,1.72279,1.72329,1.50,1.28
2011.10.24 19:05:58.216,1.7227,1.72329,1.50,1.28
2011.10.24 19:05:58.557,1.7227,1.72323,1.50,1.28
2011.10.24 19:06:02.575,1.7227,1.72333,1.50,2.03
2011.10.24 19:06:18.258,1.7228,1.72343,1.50,1.13
2011.10.24 19:06:28.574,1.72281,1.72344,1.50,1.50
2011.10.24 19:06:44.759,1.72287,1.72352,1.50,1.50
2011.10.24 19:06:44.877,1.72289,1.72353,1.50,1.50
2011.10.24 19:06:53.233,1.72289,1.72338,1.50,1.35
2011.10.24 19:06:53.465,1.7224,1.72304,1.50,1.50
2011.10.24 19:06:53.584,1.7224,1.72304,1.50,1.50
2011.10.24 19:06:53.706,1.72248,1.72308,1.50,1.28
2011.10.24 19:06:54.742,1.7225,1.72313,1.05,1.35
2011.10.24 19:06:54.973,1.72256,1.72314,1.35,1.50
2011.10.24 19:06:55.209,1.72263,1.72324,1.35,1.50
2011.10.24 19:06:58.254,1.72263,1.72327,1.35,2.78
2011.10.24 19:06:59.905,1.72263,1.72324,1.35,1.43
2011.10.24 19:07:00.244,1.72255,1.72317,1.25,1.50
2011.10.24 19:07:00.896,1.72255,1.72317,1.25,1.50
2011.10.24 19:07:05.712,1.7226,1.72317,1.25,1.50
2011.10.24 19:07:06.275,1.7226,1.72317,1.25,1.50
2011.10.24 19:07:06.896,1.7226,1.72317,1.25,1.50
2011.10.24 19:07:07.565,1.72257,1.7231,1.03,1.28
2011.10.24 19:07:08.124,1.72251,1.72314,1.50,1.35
2011.10.24 19:07:08.686,1.72243,1.72308,1.35,1.50
2011.10.24 19:07:09.029,1.72264,1.72313,2.10,1.28
2011.10.24 19:07:09.143,1.72264,1.72326,2.25,1.05
2011.10.24 19:07:09.270,1.72248,1.72309,1.70,1.35
2011.10.24 19:07:09.383,1.72248,1.72309,1.05,1.50
2011.10.24 19:07:11.554,1.72246,1.72308,1.50,1.35
2011.10.24 19:07:14.782,1.72246,1.72306,1.50,1.35
2011.10.24 19:07:15.451,1.72237,1.72302,1.50,1.50
2011.10.24 19:07:18.234,1.72238,1.72302,2.10,1.50
2011.10.24 19:07:18.358,1.72246,1.7231,1.50,2.93
2011.10.24 19:07:18.835,1.72247,1.7231,1.35,1.65
2011.10.24 19:07:19.069,1.72256,1.7232,1.50,1.50
2011.10.24 19:07:19.183,1.72254,1.72317,2.03,1.28
2011.10.24 19:07:19.306,1.72254,1.72311,1.28,1.50
2011.10.24 19:07:19.423,1.72248,1.72311,1.13,1.50
2011.10.24 19:07:24.316,1.72248,1.72311,1.50,1.50
2011.10.24 19:07:25.465,1.72249,1.72311,1.65,1.50
2011.10.24 19:07:26.497,1.72247,1.72311,1.50,1.50
2011.10.24 19:07:29.815,1.72238,1.72302,1.40,1.50
2011.10.24 19:07:30.963,1.72238,1.72302,1.40,1.50
2011.10.24 19:07:31.193,1.72238,1.72302,2.03,1.50
2011.10.24 19:07:31.925,1.72242,1.72302,1.13,1.50
2011.10.24 19:07:32.385,1.72247,1.72309,1.50,1.50
2011.10.24 19:07:39.072,1.72247,1.72309,1.50,1.50
2011.10.24 19:07:40.149,1.72247,1.72309,1.50,1.50
2011.10.24 19:07:42.562,1.72247,1.72309,1.50,1.50
2011.10.24 19:07:48.311,1.72247,1.72311,1.50,1.50
2011.10.24 19:07:56.264,1.72247,1.72309,1.50,1.13
2011.10.24 19:07:56.604,1.72247,1.72308,1.50,1.35
2011.10.24 19:07:56.725,1.72238,1.72301,1.40,1.35
2011.10.24 19:08:18.568,1.72228,1.72294,1.50,1.50
2011.10.24 19:08:30.648,1.72228,1.72291,1.50,1.13
2011.10.24 19:08:30.982,1.72217,1.7228,2.15,1.50
2011.10.24 19:08:33.621,1.72217,1.7228,2.15,1.50
2011.10.24 19:08:34.599,1.7222,1.72286,1.40,2.55
2011.10.24 19:08:34.715,1.72225,1.72286,1.50,1.28
2011.10.24 19:08:34.832,1.72225,1.72291,1.50,1.50
2011.10.24 19:08:38.214,1.72232,1.72291,1.13,1.80
2011.10.24 19:08:38.334,1.72238,1.723,1.80,1.13
2011.10.24 19:08:38.934,1.72238,1.72302,1.80,1.50
2011.10.24 19:08:42.774,1.72244,1.72306,1.28,1.35
2011.10.24 19:08:42.893,1.7225,1.72308,1.50,1.35
2011.10.24 19:08:45.811,1.7225,1.72311,1.50,1.13
2011.10.24 19:08:46.362,1.7225,1.72311,1.50,1.13
2011.10.24 19:08:48.363,1.7225,1.72313,1.50,1.98
2011.10.24 19:08:48.484,1.7225,1.72313,1.50,1.61
2011.10.24 19:08:54.756,1.7226,1.72314,1.50,1.23
2011.10.24 19:08:55.735,1.7226,1.72322,1.50,1.35
2011.10.24 19:08:58.322,1.7226,1.72323,1.50,1.35
2011.10.24 19:08:59.024,1.7226,1.72324,1.50,1.50
2011.10.24 19:08:59.256,1.72254,1.72321,2.03,1.35
2011.10.24 19:08:59.379,1.72252,1.72315,1.40,1.50
2011.10.24 19:09:00.474,1.72249,1.72303,1.03,1.35
2011.10.24 19:09:01.031,1.72251,1.72314,1.40,3.23
2011.10.24 19:09:07.175,1.7225,1.72305,1.40,1.35
2011.10.24 19:09:08.423,1.72241,1.72305,1.50,1.35
2011.10.24 19:09:08.987,1.72241,1.72301,1.50,1.28
2011.10.24 19:09:09.106,1.72241,1.72299,1.50,2.25
2011.10.24 19:09:09.230,1.72232,1.72294,1.40,1.35
2011.10.24 19:09:09.348,1.72241,1.72297,2.18,1.50
2011.10.24 19:09:09.934,1.72243,1.72309,2.93,2.25
2011.10.24 19:09:11.856,1.72256,1.72313,1.50,2.03
2011.10.24 19:09:12.375,1.72245,1.72309,1.50,1.50
2011.10.24 19:09:15.048,1.72236,1.723,1.50,1.50
2011.10.24 19:09:19.424,1.72228,1.72293,2.03,1.13
2011.10.24 19:09:19.938,1.72223,1.72289,2.15,1.50
2011.10.24 19:09:21.624,1.72226,1.72289,1.35,1.50
2011.10.24 19:09:21.968,1.72233,1.72299,2.03,2.03
2011.10.24 19:09:22.084,1.72231,1.72295,1.88,1.50
2011.10.24 19:09:25.687,1.72233,1.72295,1.35,1.50
2011.10.24 19:09:25.914,1.7224,1.72302,1.50,1.58
2011.10.24 19:09:26.035,1.7224,1.72283,1.50,1.28
2011.10.24 19:09:26.155,1.72216,1.72279,1.40,1.50
2011.10.24 19:09:26.924,1.72216,1.72279,1.40,1.50
2011.10.24 19:09:27.466,1.72216,1.72279,1.40,1.50
2011.10.24 19:09:28.265,1.72216,1.72279,1.40,1.50
2011.10.24 19:09:28.491,1.72213,1.72279,2.78,1.50
2011.10.24 19:09:31.644,1.72216,1.72279,1.13,1.50
2011.10.24 19:09:31.766,1.72228,1.72291,1.50,1.28
2011.10.24 19:09:32.324,1.72228,1.72294,1.50,2.63
2011.10.24 19:09:32.445,1.72228,1.72292,1.50,1.50
2011.10.24 19:09:32.564,1.72208,1.72271,1.40,1.50
2011.10.24 19:09:33.423,1.72208,1.72271,1.40,1.50
2011.10.24 19:09:34.357,1.72208,1.72271,1.40,1.50
2011.10.24 19:09:35.454,1.72208,1.72271,1.40,1.50
2011.10.24 19:09:38.381,1.72207,1.72271,1.50,1.50
2011.10.24 19:09:39.132,1.72207,1.72269,1.50,1.28
2011.10.24 19:09:40.360,1.72207,1.72269,1.50,1.88
2011.10.24 19:09:49.206,1.72207,1.7227,1.50,1.50
2011.10.24 19:09:52.332,1.72206,1.72262,1.28,1.50
2011.10.24 19:09:52.454,1.722,1.72262,2.10,1.50
2011.10.24 19:09:52.903,1.72204,1.72269,2.63,1.05
2011.10.24 19:09:53.024,1.72209,1.72271,1.50,2.51
2011.10.24 19:09:53.974,1.72209,1.72271,1.50,1.65
2011.10.24 19:09:54.922,1.72209,1.72271,1.50,2.21
2011.10.24 19:09:57.030,1.72204,1.72269,1.35,1.05
2011.10.24 19:09:57.145,1.72199,1.72263,1.50,1.50
2011.10.24 19:10:00.367,1.72199,1.72255,1.50,1.13
2011.10.24 19:10:00.491,1.72185,1.72247,1.40,1.35
2011.10.24 19:10:00.826,1.72185,1.72244,1.40,1.35
2011.10.24 19:10:01.486,1.72182,1.7224,1.93,1.50
2011.10.24 19:10:01.607,1.72187,1.72249,1.40,1.35
2011.10.24 19:10:08.726,1.72187,1.72244,1.40,1.35
2011.10.24 19:10:08.859,1.72186,1.72247,1.50,1.35
2011.10.24 19:10:08.983,1.72193,1.72247,1.13,1.35
2011.10.24 19:10:09.105,1.72198,1.7226,1.50,1.13
2011.10.24 19:10:10.915,1.72199,1.72261,1.73,1.50
2011.10.24 19:10:11.459,1.72207,1.7227,1.50,1.50
2011.10.24 19:10:12.343,1.72207,1.72262,1.50,1.35
2011.10.24 19:10:13.145,1.72198,1.7226,1.50,1.50
2011.10.24 19:10:14.447,1.72186,1.72247,1.13,1.50
2011.10.24 19:10:16.185,1.72188,1.72246,2.25,1.50
2011.10.24 19:10:16.522,1.72204,1.72266,1.50,1.50
2011.10.24 19:10:16.862,1.7224,1.72278,1.50,1.50
2011.10.24 19:10:16.984,1.72234,1.72278,1.50,1.50
2011.10.24 19:10:17.731,1.72216,1.72278,1.13,1.50
2011.10.24 19:10:17.851,1.72213,1.72278,1.40,1.50
2011.10.24 19:10:18.946,1.72214,1.72278,2.15,1.50
2011.10.24 19:10:19.283,1.72221,1.72287,1.50,1.50
2011.10.24 19:10:26.319,1.72212,1.72274,1.50,1.28
2011.10.24 19:10:26.662,1.72212,1.72276,1.50,2.03
2011.10.24 19:10:27.634,1.72227,1.7229,1.50,1.50
2011.10.24 19:10:30.019,1.72227,1.7229,1.50,1.50
2011.10.24 19:10:30.664,1.72227,1.7229,1.50,1.50
2011.10.24 19:10:31.233,1.72227,1.7229,1.50,1.50
2011.10.24 19:10:32.351,1.72237,1.72296,1.50,2.03
2011.10.24 19:10:32.465,1.72237,1.72303,1.50,1.50
2011.10.24 19:10:36.466,1.72228,1.72294,1.50,1.50
2011.10.24 19:10:36.809,1.72221,1.72284,1.28,2.03
2011.10.24 19:10:36.929,1.72218,1.72282,1.50,2.03
2011.10.24 19:10:48.771,1.72204,1.7227,1.88,1.50
2011.10.24 19:10:53.364,1.72214,1.72278,1.50,1.50
2011.10.24 19:10:54.755,1.72205,1.72259,1.13,1.28
2011.10.24 19:10:55.094,1.72204,1.72259,1.50,1.28
2011.10.24 19:10:56.918,1.72205,1.72259,1.35,1.28
2011.10.24 19:10:57.050,1.72216,1.7228,1.50,1.50
2011.10.24 19:10:57.538,1.72225,1.72291,1.50,1.50
2011.10.24 19:11:02.623,1.72235,1.723,1.28,1.28
2011.10.24 19:11:02.745,1.72241,1.72307,1.50,1.50
2011.10.24 19:11:04.425,1.72253,1.72314,1.50,1.28
2011.10.24 19:11:04.776,1.72262,1.72328,1.50,1.50
2011.10.24 19:11:13.008,1.72272,1.72336,1.50,1.50
2011.10.24 19:11:26.576,1.72264,1.72335,1.50,1.28
2011.10.24 19:11:26.693,1.72262,1.72328,1.50,1.50
2011.10.24 19:11:34.635,1.72258,1.72326,1.05,1.50
2011.10.24 19:11:34.756,1.72256,1.72318,1.05,1.50
2011.10.24 19:11:35.515,1.72256,1.72318,1.05,1.50
2011.10.24 19:11:36.253,1.7231,1.72318,1.28,1.50
2011.10.24 19:11:36.374,1.7231,1.72364,1.28,1.65
2011.10.24 19:11:36.496,1.7231,1.72358,1.28,1.50
2011.10.24 19:11:36.724,1.72298,1.72354,1.58,1.65
2011.10.24 19:11:36.847,1.72298,1.72345,1.28,1.13
2011.10.24 19:11:36.965,1.72282,1.72342,1.50,1.28
2011.10.24 19:11:37.084,1.72279,1.72342,1.05,2.03
2011.10.24 19:11:37.205,1.72276,1.72339,1.20,2.10
2011.10.24 19:11:37.325,1.72262,1.72326,1.50,1.50
2011.10.24 19:11:37.884,1.7231,1.72326,1.28,1.50
2011.10.24 19:11:38.117,1.7231,1.72364,1.28,1.65
2011.10.24 19:11:38.236,1.72311,1.72365,1.28,2.03
2011.10.24 19:11:39.128,1.72311,1.72365,1.43,2.03
2011.10.24 19:11:39.249,1.72316,1.72367,1.35,1.50
2011.10.24 19:11:39.369,1.72316,1.72369,1.35,1.50
2011.10.24 19:11:39.492,1.72312,1.72367,1.28,1.35
2011.10.24 19:11:39.612,1.72314,1.72359,1.28,1.50
2011.10.24 19:11:39.728,1.72303,1.72357,1.28,2.03
2011.10.24 19:11:39.847,1.72299,1.72347,1.25,2.03
2011.10.24 19:11:40.677,1.72298,1.72346,1.25,1.28
2011.10.24 19:11:42.218,1.72298,1.72345,1.25,1.28
2011.10.24 19:11:45.875,1.72289,1.72345,2.53,1.28
2011.10.24 19:11:46.677,1.72289,1.72345,2.53,1.28
2011.10.24 19:11:47.235,1.7229,1.72344,1.93,2.03
2011.10.24 19:11:48.823,1.7229,1.72344,1.28,2.03
2011.10.24 19:11:49.587,1.7229,1.72344,1.65,2.03
2011.10.24 19:11:49.708,1.72292,1.72344,1.50,1.28
2011.10.24 19:11:49.940,1.72299,1.72355,2.25,2.03
2011.10.24 19:11:50.056,1.72311,1.72356,1.28,1.50
2011.10.24 19:11:50.179,1.72303,1.72356,1.28,1.50
2011.10.24 19:11:50.403,1.72298,1.72356,1.65,2.25
2011.10.24 19:11:51.004,1.72298,1.72356,1.28,2.25
2011.10.24 19:11:51.237,1.72294,1.72354,2.03,2.03
2011.10.24 19:11:54.992,1.72292,1.72346,2.78,1.28
2011.10.24 19:11:56.533,1.72295,1.72354,1.28,2.03
2011.10.24 19:11:57.252,1.72293,1.72348,2.03,1.28
2011.10.24 19:11:57.732,1.72295,1.72354,1.28,2.03
2011.10.24 19:11:59.774,1.72294,1.72347,2.03,1.28
2011.10.24 19:11:59.892,1.72294,1.72355,2.03,2.03
2011.10.24 19:12:00.122,1.72296,1.72355,1.28,2.03
2011.10.24 19:12:03.595,1.72298,1.72356,1.28,2.78
2011.10.24 19:12:04.184,1.72298,1.72354,1.28,2.48
2011.10.24 19:12:04.525,1.72292,1.72346,3.15,1.28
2011.10.24 19:12:04.645,1.72302,1.72356,1.28,2.03
2011.10.24 19:12:10.826,1.72302,1.72358,3.15,1.28
2011.10.24 19:12:10.949,1.72315,1.72368,1.28,2.03
2011.10.24 19:12:11.069,1.72306,1.7236,1.28,2.03
2011.10.24 19:12:11.298,1.72303,1.72357,1.28,1.28
2011.10.24 19:12:12.003,1.72302,1.72359,1.28,1.28
2011.10.24 19:12:12.120,1.72311,1.72371,2.03,1.50
2011.10.24 19:12:12.565,1.72309,1.72359,1.50,1.28
2011.10.24 19:12:12.908,1.72326,1.72371,1.28,1.50
2011.10.24 19:12:13.031,1.72315,1.72371,1.28,2.78
2011.10.24 19:12:13.258,1.72312,1.72369,1.28,2.40
2011.10.24 19:12:13.378,1.72309,1.72363,1.28,2.78
2011.10.24 19:12:13.967,1.72296,1.7235,1.28,1.28
2011.10.24 19:12:14.193,1.72293,1.72357,2.78,1.35
2011.10.24 19:12:14.773,1.72294,1.72358,2.03,2.03
2011.10.24 19:12:15.116,1.72293,1.7235,1.50,1.28
2011.10.24 19:12:15.665,1.72295,1.7235,1.50,1.28
2011.10.24 19:12:15.784,1.72303,1.72364,1.50,1.50
2011.10.24 19:12:16.876,1.72313,1.72371,1.50,2.03
2011.10.24 19:12:17.229,1.72313,1.72356,1.50,1.28
2011.10.24 19:12:17.347,1.723,1.72354,1.28,1.28
2011.10.24 19:12:17.464,1.72297,1.72351,2.78,1.28
2011.10.24 19:12:17.696,1.72307,1.72361,1.28,2.03
2011.10.24 19:12:18.258,1.72297,1.72353,2.78,1.88
2011.10.24 19:12:19.453,1.72288,1.72346,1.50,1.28
2011.10.24 19:12:19.573,1.72298,1.72359,1.50,2.03
2011.10.24 19:12:20.155,1.72298,1.72359,1.50,2.03
2011.10.24 19:12:20.703,1.72298,1.72358,1.50,2.03
2011.10.24 19:12:21.264,1.72298,1.7236,1.50,1.50
2011.10.24 19:12:22.702,1.72298,1.7236,1.50,1.50
2011.10.24 19:12:22.818,1.72288,1.72345,2.03,1.28
2011.10.24 19:12:23.640,1.72288,1.72344,2.03,1.28
2011.10.24 19:12:25.033,1.72286,1.72339,2.78,1.28
2011.10.24 19:12:27.845,1.72286,1.72338,1.50,1.28
2011.10.24 19:12:29.785,1.72296,1.72358,1.50,2.51
2011.10.24 19:12:29.905,1.72296,1.72358,1.50,2.40
2011.10.24 19:12:30.547,1.72296,1.72355,1.50,2.03
2011.10.24 19:12:30.886,1.72296,1.72356,1.50,1.28
2011.10.24 19:12:33.307,1.72289,1.72353,1.50,1.50
2011.10.24 19:12:33.533,1.72288,1.7235,2.03,2.03
2011.10.24 19:12:33.770,1.7229,1.72347,1.13,1.28
2011.10.24 19:12:33.889,1.72297,1.72361,1.50,1.50
2011.10.24 19:12:34.995,1.72297,1.72361,1.50,1.50
2011.10.24 19:12:35.947,1.72309,1.72371,1.50,1.50
2011.10.24 19:12:37.003,1.72309,1.72371,1.50,1.50
2011.10.24 19:12:37.125,1.723,1.72362,1.50,1.50
2011.10.24 19:12:37.682,1.723,1.72362,1.50,1.50
2011.10.24 19:12:38.552,1.723,1.72364,1.50,1.50
2011.10.24 19:12:44.785,1.7231,1.72371,1.50,1.28
2011.10.24 19:12:45.288,1.7231,1.72374,1.50,1.50
2011.10.24 19:12:48.348,1.7232,1.7238,1.50,1.28
2011.10.24 19:12:48.686,1.72311,1.72368,1.50,1.28
2011.10.24 19:12:50.110,1.72304,1.72373,1.28,2.03
2011.10.24 19:12:50.226,1.723,1.72363,1.50,1.13
2011.10.24 19:12:50.345,1.723,1.72358,1.50,1.28
2011.10.24 19:12:50.993,1.723,1.72359,1.50,1.28
2011.10.24 19:12:51.336,1.72292,1.7235,1.50,1.28
2011.10.24 19:12:51.454,1.72291,1.7235,1.50,1.28
2011.10.24 19:12:51.975,1.72291,1.72351,1.50,1.28
2011.10.24 19:12:52.836,1.72291,1.7235,2.78,1.28
2011.10.24 19:12:54.045,1.72291,1.72352,2.78,1.28
2011.10.24 19:12:54.764,1.72292,1.72355,2.03,1.50
2011.10.24 19:12:57.505,1.72291,1.7235,1.50,1.28
2011.10.24 19:12:58.224,1.72291,1.72348,1.50,1.28
2011.10.24 19:12:58.791,1.72291,1.7235,1.50,1.28
2011.10.24 19:13:00.415,1.72296,1.72352,1.28,1.28
2011.10.24 19:13:00.533,1.72296,1.72355,1.28,1.50
2011.10.24 19:13:02.394,1.72292,1.72355,2.03,1.50
2011.10.24 19:13:04.334,1.72293,1.72355,1.28,1.50
2011.10.24 19:13:05.268,1.72292,1.72355,2.03,1.50
2011.10.24 19:13:05.380,1.72291,1.7235,1.50,1.28
2011.10.24 19:13:06.122,1.72291,1.72351,1.50,1.28
2011.10.24 19:13:07.485,1.72291,1.72349,1.50,1.28
2011.10.24 19:13:08.063,1.72291,1.72348,1.50,1.28
2011.10.24 19:13:08.183,1.72291,1.7235,1.50,1.28
2011.10.24 19:13:17.452,1.72292,1.72351,2.03,1.28
2011.10.24 19:13:21.883,1.72291,1.7235,1.50,1.28
2011.10.24 19:13:23.405,1.72291,1.72339,1.50,1.28
2011.10.24 19:13:23.526,1.72281,1.72339,2.68,1.28
2011.10.24 19:13:23.644,1.72281,1.72337,1.40,1.28
2011.10.24 19:13:24.125,1.72281,1.72345,1.40,1.50
2011.10.24 19:13:24.357,1.72282,1.72345,1.35,1.50
2011.10.24 19:13:24.704,1.72301,1.72365,1.50,1.61
2011.10.24 19:13:26.304,1.72301,1.72365,1.50,1.50
2011.10.24 19:13:27.493,1.72301,1.72367,1.50,1.50
2011.10.24 19:13:33.566,1.72292,1.72356,1.50,1.50
2011.10.24 19:13:33.903,1.72301,1.72365,1.50,1.50
2011.10.24 19:13:36.296,1.72292,1.7236,1.28,1.28
2011.10.24 19:13:36.417,1.72289,1.72352,1.13,1.50
2011.10.24 19:13:36.646,1.72296,1.72362,1.50,1.50
2011.10.24 19:13:55.775,1.72298,1.72364,2.03,2.03
2011.10.24 19:13:55.899,1.72307,1.72369,1.50,1.50
2011.10.24 19:13:56.741,1.72307,1.72369,1.50,1.50
2011.10.24 19:13:59.975,1.72316,1.72382,1.50,1.50
2011.10.24 19:14:03.118,1.72327,1.72391,1.50,1.50
2011.10.24 19:14:08.658,1.72336,1.724,1.50,1.50
2011.10.24 19:14:09.424,1.72336,1.724,1.50,1.50
2011.10.24 19:14:09.537,1.72318,1.72379,1.13,1.28
2011.10.24 19:14:09.656,1.72317,1.72379,1.50,1.65
2011.10.24 19:14:09.884,1.72308,1.72372,1.50,1.50
2011.10.24 19:14:14.238,1.72297,1.72359,1.50,1.28
2011.10.24 19:14:14.576,1.72298,1.72364,1.28,1.13
2011.10.24 19:14:14.805,1.72305,1.72367,1.50,1.13
2011.10.24 19:14:14.924,1.72305,1.72369,1.50,1.50
2011.10.24 19:14:15.680,1.72305,1.72369,1.50,1.50
2011.10.24 19:14:16.405,1.72315,1.72377,1.50,1.50
2011.10.24 19:14:16.963,1.72315,1.72377,1.50,1.50
2011.10.24 19:14:17.554,1.72315,1.72373,1.50,2.03
2011.10.24 19:14:18.250,1.72315,1.72373,1.50,2.03
2011.10.24 19:14:19.086,1.72315,1.72374,1.50,2.03
2011.10.24 19:14:19.677,1.72315,1.72372,1.50,2.03
2011.10.24 19:14:20.284,1.72315,1.72372,1.50,2.03
2011.10.24 19:14:21.263,1.72305,1.72369,1.50,1.50
2011.10.24 19:14:26.134,1.72305,1.72369,1.50,1.50
2011.10.24 19:14:26.713,1.72305,1.72371,1.50,1.50
2011.10.24 19:14:27.396,1.72296,1.72358,1.28,1.28
2011.10.24 19:14:27.514,1.7229,1.72352,1.28,1.50
2011.10.24 19:14:27.746,1.7229,1.72349,1.28,1.13
2011.10.24 19:14:28.086,1.72278,1.72325,1.28,1.50
2011.10.24 19:14:28.203,1.72268,1.72325,1.28,1.50
2011.10.24 19:14:31.252,1.7227,1.72325,1.28,1.50
2011.10.24 19:14:34.318,1.72263,1.72317,1.28,1.28
2011.10.24 19:14:34.970,1.72259,1.72317,2.78,1.28
2011.10.24 19:14:36.754,1.7226,1.72323,2.03,2.03
2011.10.24 19:14:37.818,1.72259,1.72317,2.78,1.28
2011.10.24 19:14:37.936,1.72259,1.72325,1.50,1.50
2011.10.24 19:14:39.885,1.72259,1.72318,1.50,1.28
2011.10.24 19:14:40.223,1.7225,1.72316,1.50,3.15
2011.10.24 19:14:41.334,1.72256,1.72315,1.28,1.13
2011.10.24 19:14:41.563,1.7225,1.72315,1.50,2.03
2011.10.24 19:14:41.795,1.72256,1.72316,1.28,1.88
2011.10.24 19:14:43.184,1.7225,1.72315,1.50,2.03
2011.10.24 19:14:43.305,1.72256,1.72313,1.28,1.28
2011.10.24 19:14:43.423,1.7225,1.72313,2.78,1.28
2011.10.24 19:14:43.986,1.72256,1.72316,1.28,1.88
2011.10.24 19:14:45.267,1.72256,1.72314,1.28,1.50
2011.10.24 19:14:45.607,1.72292,1.72306,1.13,2.03
2011.10.24 19:14:45.727,1.72301,1.72342,1.28,1.61
2011.10.24 19:14:46.317,1.72301,1.72347,1.28,1.13
2011.10.24 19:14:46.453,1.72298,1.72362,1.50,1.50
2011.10.24 19:14:47.878,1.72291,1.72346,2.03,1.28
2011.10.24 19:14:47.996,1.72291,1.72339,1.28,1.50
2011.10.24 19:14:48.115,1.7228,1.72338,1.28,2.03
2011.10.24 19:14:49.756,1.72281,1.72338,1.28,2.03
2011.10.24 19:14:50.688,1.72278,1.72334,1.28,1.28
2011.10.24 19:14:51.190,1.72278,1.72332,1.28,1.28
2011.10.24 19:14:53.916,1.72278,1.72323,1.28,1.35
2011.10.24 19:14:54.037,1.72274,1.72326,1.28,1.50
2011.10.24 19:14:54.154,1.72283,1.7233,1.35,1.28
2011.10.24 19:14:54.784,1.72284,1.72343,1.20,1.50
2011.10.24 19:14:55.015,1.72283,1.72326,1.05,1.28
2011.10.24 19:14:55.249,1.72273,1.72314,2.25,1.28
2011.10.24 19:14:55.366,1.7228,1.72335,1.28,2.03
2011.10.24 19:14:55.486,1.72284,1.72336,1.80,1.28
2011.10.24 19:14:55.605,1.72285,1.72343,1.35,1.13
2011.10.24 19:14:55.724,1.72287,1.72347,1.28,1.50
2011.10.24 19:14:56.604,1.72287,1.72347,1.28,1.50
2011.10.24 19:14:57.827,1.72287,1.72347,2.03,1.50
2011.10.24 19:14:58.702,1.72287,1.72348,2.03,1.50
2011.10.24 19:15:04.371,1.72284,1.72348,1.50,1.50
2011.10.24 19:15:05.597,1.72297,1.72357,1.50,1.13
2011.10.24 19:15:05.936,1.72303,1.72361,1.28,1.50
2011.10.24 19:15:06.167,1.723,1.72361,1.28,1.50
2011.10.24 19:15:07.029,1.723,1.72361,1.28,1.50
2011.10.24 19:15:08.245,1.723,1.72361,1.28,1.50
2011.10.24 19:15:08.583,1.72297,1.72363,1.50,1.50
2011.10.24 19:15:23.415,1.723,1.72363,1.28,1.50
2011.10.24 19:15:24.874,1.72297,1.72363,2.25,1.50
2011.10.24 19:15:34.654,1.72308,1.72363,1.28,1.50
2011.10.24 19:15:35.269,1.72316,1.72376,1.13,1.50
2011.10.24 19:15:35.386,1.72329,1.72392,1.50,1.50
2011.10.24 19:15:36.029,1.72329,1.72392,1.50,1.50
2011.10.24 19:15:36.584,1.72329,1.72392,1.50,1.50
2011.10.24 19:15:38.462,1.72317,1.72381,1.50,1.88
2011.10.24 19:15:38.577,1.72308,1.72374,1.50,1.50
2011.10.24 19:15:43.697,1.72311,1.72376,1.28,1.50
2011.10.24 19:15:44.034,1.72327,1.72393,1.50,1.50
2011.10.24 19:15:52.020,1.72317,1.72383,1.50,1.50
2011.10.24 19:16:00.324,1.72306,1.7237,1.50,1.50
2011.10.24 19:16:03.675,1.72317,1.72381,1.50,1.50
2011.10.24 19:16:23.644,1.72317,1.7238,1.50,1.50
2011.10.24 19:16:23.874,1.72306,1.7236,1.50,1.28
2011.10.24 19:16:29.735,1.72292,1.72356,1.50,1.50
2011.10.24 19:16:29.854,1.72292,1.72349,1.50,1.28
2011.10.24 19:16:30.552,1.72302,1.72358,1.50,1.28
2011.10.24 19:16:30.883,1.72302,1.72352,1.50,1.28
2011.10.24 19:16:31.114,1.72302,1.72357,1.50,1.28
2011.10.24 19:16:31.234,1.72302,1.72349,1.50,1.28
2011.10.24 19:16:31.356,1.72292,1.72348,1.50,1.28
2011.10.24 19:16:31.864,1.72292,1.72347,1.50,1.28
2011.10.24 19:16:40.992,1.72292,1.72348,1.50,1.28
2011.10.24 19:17:06.625,1.72284,1.72348,1.50,2.78
2011.10.24 19:17:06.745,1.72284,1.72346,1.50,1.50
2011.10.24 19:17:07.085,1.72284,1.72333,1.50,1.28
2011.10.24 19:17:07.425,1.72275,1.72334,1.40,1.28
2011.10.24 19:17:08.484,1.72276,1.72333,1.40,1.28
2011.10.24 19:17:14.145,1.72274,1.72334,1.50,1.28
2011.10.24 19:17:19.174,1.72274,1.72333,1.50,1.28
2011.10.24 19:17:28.999,1.72274,1.72332,1.50,1.13
2011.10.24 19:17:29.566,1.72264,1.72328,1.50,1.50
2011.10.24 19:17:29.683,1.72258,1.72318,1.40,2.03
2011.10.24 19:17:35.458,1.72258,1.7232,1.35,1.50
2011.10.24 19:17:35.577,1.72264,1.7233,1.50,1.50
2011.10.24 19:17:35.696,1.72275,1.72341,1.50,1.50
2011.10.24 19:17:36.035,1.72285,1.72347,1.50,1.50
2011.10.24 19:17:37.501,1.72285,1.72347,1.50,1.50
2011.10.24 19:17:38.186,1.72285,1.72347,1.50,1.50
2011.10.24 19:17:38.523,1.72294,1.72357,1.50,1.50
2011.10.24 19:17:38.633,1.72294,1.72358,1.50,1.50
2011.10.24 19:17:44.523,1.72294,1.72356,1.50,2.03
2011.10.24 19:17:45.944,1.72285,1.7235,1.28,1.13
2011.10.24 19:17:46.065,1.72282,1.72346,1.50,1.50
2011.10.24 19:17:48.056,1.72282,1.72336,1.50,1.28
2011.10.24 19:17:48.506,1.72272,1.72337,1.50,2.03
2011.10.24 19:17:49.499,1.72274,1.72337,1.28,1.28
2011.10.24 19:17:49.833,1.72281,1.72345,1.50,1.50
2011.10.24 19:17:52.118,1.72281,1.72345,1.50,1.50
2011.10.24 19:17:52.574,1.72293,1.72356,1.50,2.78
2011.10.24 19:17:53.463,1.72293,1.72356,1.50,1.50
2011.10.24 19:17:53.806,1.72303,1.72362,1.50,1.13
2011.10.24 19:17:54.475,1.72303,1.72362,1.50,1.13
2011.10.24 19:17:57.046,1.72303,1.72367,1.50,2.78
2011.10.24 19:18:00.843,1.72306,1.72373,1.28,1.50
2011.10.24 19:18:00.954,1.72313,1.72376,1.50,1.13
2011.10.24 19:18:06.418,1.72322,1.72385,1.50,1.50
2011.10.24 19:18:06.975,1.72322,1.72384,1.50,1.50
2011.10.24 19:18:07.705,1.72322,1.72385,1.50,1.50
2011.10.24 19:18:08.395,1.72322,1.72385,1.50,1.50
2011.10.24 19:18:08.625,1.72322,1.72386,1.50,1.50
2011.10.24 19:18:12.305,1.72319,1.72385,1.13,1.50
2011.10.24 19:18:12.428,1.72317,1.72377,1.13,1.50
2011.10.24 19:18:12.949,1.72317,1.72376,1.13,1.35
2011.10.24 19:18:13.288,1.72314,1.72358,1.50,1.28
2011.10.24 19:18:13.407,1.72283,1.72349,1.50,1.50
2011.10.24 19:18:13.745,1.72283,1.72337,1.50,1.28
2011.10.24 19:18:13.977,1.72269,1.72333,1.50,1.50
2011.10.24 19:18:14.577,1.72255,1.72321,1.50,1.50
2011.10.24 19:18:14.698,1.72255,1.72315,1.50,1.28
2011.10.24 19:18:15.485,1.72255,1.72316,1.50,1.28
2011.10.24 19:18:15.847,1.72255,1.72319,1.50,1.13
2011.10.24 19:18:16.376,1.72255,1.72319,1.50,1.13
2011.10.24 19:18:19.704,1.72255,1.72316,1.50,1.28
2011.10.24 19:18:20.044,1.72255,1.72319,1.50,1.13
2011.10.24 19:18:24.707,1.72256,1.72321,1.13,1.50
2011.10.24 19:18:24.824,1.72268,1.72321,1.28,1.50
2011.10.24 19:18:25.167,1.72271,1.72335,1.50,1.50
2011.10.24 19:18:25.696,1.72271,1.72329,1.50,1.13
2011.10.24 19:18:25.820,1.7225,1.72312,1.93,1.50
2011.10.24 19:18:26.745,1.7225,1.72312,1.40,1.50
2011.10.24 19:18:27.314,1.72249,1.72312,2.15,1.50
2011.10.24 19:18:28.767,1.7225,1.72312,2.03,1.50
2011.10.24 19:18:30.854,1.7225,1.72312,1.40,1.50
2011.10.24 19:18:33.829,1.7225,1.72312,1.40,1.50
2011.10.24 19:18:38.565,1.72249,1.72312,2.15,1.50
2011.10.24 19:18:39.357,1.72261,1.72312,1.03,1.50
2011.10.24 19:18:40.785,1.72261,1.7231,1.03,2.03
2011.10.24 19:18:41.890,1.72261,1.7231,1.03,2.03
2011.10.24 19:18:43.640,1.72261,1.72303,1.03,1.28
2011.10.24 19:18:46.259,1.7226,1.72303,1.03,2.03
2011.10.24 19:18:46.889,1.7226,1.72302,1.03,1.50
2011.10.24 19:18:48.698,1.72251,1.72302,1.03,1.50
2011.10.24 19:18:53.449,1.72251,1.72302,1.40,1.50
2011.10.24 19:18:57.534,1.72252,1.72308,1.40,1.28
2011.10.24 19:18:57.659,1.72252,1.72312,1.40,2.03
2011.10.24 19:18:58.222,1.72252,1.72303,1.40,1.50
2011.10.24 19:18:58.654,1.72256,1.72303,1.03,1.50
2011.10.24 19:19:01.034,1.72256,1.72303,1.03,1.50
2011.10.24 19:19:01.295,1.72268,1.72316,1.50,1.28
2011.10.24 19:19:01.416,1.72274,1.72332,1.65,1.50
2011.10.24 19:19:01.540,1.72255,1.72309,1.03,1.50
2011.10.24 19:19:02.220,1.72255,1.72309,1.03,2.93
2011.10.24 19:19:04.383,1.72256,1.72308,1.03,3.00
2011.10.24 19:19:09.197,1.72253,1.72309,1.28,2.78
2011.10.24 19:19:09.816,1.72251,1.72306,2.30,1.28
2011.10.24 19:19:10.841,1.72251,1.72306,2.30,1.28
2011.10.24 19:19:11.933,1.72251,1.72305,1.03,1.28
2011.10.24 19:19:14.533,1.72251,1.72304,1.03,1.28
2011.10.24 19:19:15.615,1.7224,1.72294,1.93,1.28
2011.10.24 19:19:15.957,1.72237,1.72287,1.03,1.50
2011.10.24 19:19:16.756,1.72237,1.72287,1.03,1.50
2011.10.24 19:19:18.536,1.72235,1.72287,1.65,1.50
2011.10.24 19:19:18.654,1.72235,1.72287,1.28,1.50
2011.10.24 19:19:23.223,1.72236,1.72287,1.28,1.50
2011.10.24 19:19:23.344,1.7223,1.72287,1.03,1.50
2011.10.24 19:19:24.525,1.72229,1.72283,2.30,1.28
2011.10.24 19:19:24.976,1.72231,1.72275,3.13,1.50
2011.10.24 19:19:25.098,1.72257,1.72289,1.03,1.50
2011.10.24 19:19:25.808,1.72234,1.72289,1.70,1.50
2011.10.24 19:19:25.931,1.72226,1.72289,1.50,1.50
2011.10.24 19:19:26.597,1.72231,1.72295,1.13,1.28
2011.10.24 19:19:26.717,1.72233,1.72297,1.50,1.50
2011.10.24 19:19:27.058,1.72235,1.72305,1.28,1.28
2011.10.24 19:19:27.175,1.72244,1.72308,1.50,1.50
2011.10.24 19:19:28.430,1.72236,1.72307,1.28,2.03
2011.10.24 19:19:28.552,1.72236,1.72298,1.28,1.50
2011.10.24 19:19:29.639,1.72234,1.72298,1.50,1.50
2011.10.24 19:19:33.589,1.72238,1.72298,1.28,1.50
2011.10.24 19:19:37.840,1.72244,1.7231,1.50,1.50
2011.10.24 19:19:49.270,1.72244,1.72299,1.28,1.50
2011.10.24 19:19:49.388,1.72235,1.72299,1.50,1.50
2011.10.24 19:19:50.344,1.72237,1.72299,1.28,1.50
2011.10.24 19:19:53.874,1.72243,1.72307,1.28,1.13
2011.10.24 19:19:53.996,1.72251,1.72312,1.50,1.35
2011.10.24 19:19:54.228,1.72243,1.72307,1.50,1.13
2011.10.24 19:19:54.347,1.72241,1.72307,1.50,1.88
2011.10.24 19:20:00.699,1.72244,1.72313,1.28,1.13
2011.10.24 19:20:00.820,1.72251,1.72315,1.50,1.13
2011.10.24 19:20:01.158,1.72251,1.72316,1.50,2.13
2011.10.24 19:20:03.025,1.72251,1.72315,1.50,1.50
2011.10.24 19:20:03.395,1.72243,1.72314,1.50,2.03
2011.10.24 19:20:03.516,1.72242,1.72306,1.50,1.50
2011.10.24 19:20:06.885,1.72251,1.72314,1.50,1.50
2011.10.24 19:20:07.117,1.72251,1.72314,1.50,2.03
2011.10.24 19:20:09.878,1.72251,1.72314,1.50,1.88
2011.10.24 19:20:10.217,1.72232,1.72296,1.50,1.50
2011.10.24 19:20:16.078,1.72225,1.72291,1.50,1.13
2011.10.24 19:20:16.196,1.72224,1.72288,1.40,1.50
2011.10.24 19:20:28.000,1.72236,1.72298,1.50,1.50
2011.10.24 19:20:28.345,1.72244,1.72308,1.50,1.50
2011.10.24 19:20:28.685,1.72244,1.7231,1.50,1.50
2011.10.24 19:20:34.358,1.72244,1.72308,1.50,1.13
2011.10.24 19:20:35.095,1.72244,1.72308,1.50,1.13
2011.10.24 19:20:36.057,1.72236,1.723,1.50,1.50
2011.10.24 19:20:59.507,1.72236,1.72288,1.50,1.28
2011.10.24 19:20:59.624,1.72226,1.72288,1.50,2.03
2011.10.24 19:21:01.514,1.72219,1.72286,1.28,1.28
2011.10.24 19:21:01.629,1.72214,1.72277,1.50,1.50
2011.10.24 19:21:02.066,1.72217,1.72283,1.50,1.50
2011.10.24 19:21:02.188,1.72221,1.72285,1.50,1.50
2011.10.24 19:21:03.645,1.72213,1.72277,2.03,1.50
2011.10.24 19:21:03.765,1.72213,1.72277,2.78,1.50
2011.10.24 19:21:06.008,1.72212,1.72277,2.03,1.50
2011.10.24 19:21:06.346,1.72213,1.72277,2.78,1.50
2011.10.24 19:21:07.908,1.72216,1.72283,1.50,1.50
2011.10.24 19:21:08.024,1.7222,1.72286,1.50,1.50
2011.10.24 19:21:30.155,1.72223,1.7229,1.28,1.13
2011.10.24 19:21:30.274,1.7223,1.72294,1.50,1.13
2011.10.24 19:21:31.318,1.7223,1.72294,1.50,1.13
2011.10.24 19:21:32.635,1.7223,1.72296,1.50,1.50
2011.10.24 19:21:35.556,1.72222,1.72291,1.50,1.28
2011.10.24 19:21:36.458,1.7222,1.72284,1.50,1.50
2011.10.24 19:21:41.824,1.7222,1.7228,1.50,1.28
2011.10.24 19:21:42.165,1.72222,1.7228,1.50,1.28
2011.10.24 19:21:42.707,1.72222,1.72283,1.13,1.50
2011.10.24 19:21:43.049,1.7223,1.72294,1.50,1.50
2011.10.24 19:21:43.167,1.72247,1.72309,1.13,1.50
2011.10.24 19:21:43.289,1.72251,1.72311,1.03,1.50
2011.10.24 19:21:43.625,1.72253,1.72311,1.03,1.50
2011.10.24 19:21:43.746,1.72255,1.72318,1.13,1.50
2011.10.24 19:21:43.865,1.72256,1.72319,1.50,1.50
2011.10.24 19:21:53.594,1.72265,1.72327,1.50,1.50
2011.10.24 19:21:53.716,1.72265,1.72329,1.50,1.50
2011.10.24 19:21:53.838,1.72265,1.72329,1.50,1.50
2011.10.24 19:21:58.694,1.72272,1.72329,1.03,1.50
2011.10.24 19:22:00.324,1.72272,1.72329,1.03,1.50
2011.10.24 19:22:01.456,1.72272,1.72329,1.03,1.50
2011.10.24 19:22:03.725,1.72272,1.72329,1.03,1.50
2011.10.24 19:22:05.187,1.72272,1.72329,1.03,1.50
2011.10.24 19:22:05.526,1.72274,1.72329,1.03,1.50
2011.10.24 19:22:06.905,1.72275,1.72329,1.03,1.50
2011.10.24 19:22:07.282,1.72275,1.72336,1.03,1.50
2011.10.24 19:22:07.398,1.72275,1.72338,1.03,1.50
2011.10.24 19:22:07.880,1.72274,1.72329,1.03,1.50
2011.10.24 19:22:08.595,1.72274,1.72329,1.03,1.50
2011.10.24 19:22:09.153,1.72274,1.72329,1.03,1.50
2011.10.24 19:22:09.777,1.72276,1.72338,1.13,1.50
2011.10.24 19:22:15.084,1.72276,1.72338,1.50,1.50
2011.10.24 19:22:16.302,1.72276,1.72338,1.50,1.50
2011.10.24 19:22:16.746,1.72275,1.72328,1.40,1.50
2011.10.24 19:22:16.865,1.72275,1.72336,1.40,1.50
2011.10.24 19:22:16.985,1.72274,1.72338,2.15,1.50
2011.10.24 19:22:17.659,1.72275,1.72338,1.40,1.50
2011.10.24 19:22:19.606,1.72278,1.72338,1.03,1.50
2011.10.24 19:22:20.995,1.72279,1.72338,1.03,1.50
2011.10.24 19:22:22.577,1.72278,1.72338,1.03,1.50
2011.10.24 19:22:23.345,1.72278,1.72338,1.03,1.50
2011.10.24 19:22:25.535,1.72278,1.72336,1.03,2.03
2011.10.24 19:22:25.876,1.72278,1.72327,1.03,1.50
2011.10.24 19:22:27.986,1.72278,1.72338,1.03,1.50
2011.10.24 19:22:29.246,1.72279,1.72338,1.03,1.50
2011.10.24 19:22:29.915,1.7228,1.72335,1.03,1.50
2011.10.24 19:22:31.133,1.7228,1.72327,1.03,1.50
2011.10.24 19:22:31.467,1.7228,1.72327,1.03,1.50
2011.10.24 19:22:31.973,1.72275,1.72327,1.03,1.50
2011.10.24 19:22:32.556,1.72275,1.72327,1.03,1.50
2011.10.24 19:22:36.199,1.7228,1.72341,1.40,2.78
2011.10.24 19:22:37.528,1.72279,1.72341,1.40,1.50
2011.10.24 19:22:37.646,1.7228,1.72332,1.40,1.50
2011.10.24 19:22:45.234,1.72276,1.72332,1.03,1.50
2011.10.24 19:22:45.794,1.72276,1.72332,1.03,1.50
2011.10.24 19:22:48.847,1.72275,1.72332,1.03,1.50
2011.10.24 19:22:51.315,1.72275,1.72328,1.03,1.28
2011.10.24 19:22:53.664,1.72274,1.7232,1.03,1.50
2011.10.24 19:22:54.749,1.72274,1.7232,1.03,1.50
2011.10.24 19:22:55.335,1.72268,1.7232,1.03,1.50
2011.10.24 19:22:58.765,1.72268,1.7232,1.03,1.50
2011.10.24 19:23:00.085,1.72268,1.7232,1.03,1.50
2011.10.24 19:23:01.394,1.72268,1.7232,1.03,1.50
2011.10.24 19:23:03.294,1.72268,1.7232,1.03,1.50
2011.10.24 19:23:08.116,1.72269,1.7232,1.03,1.50
2011.10.24 19:23:08.672,1.72269,1.7232,1.03,1.50
2011.10.24 19:23:09.244,1.7227,1.7232,1.03,1.50
2011.10.24 19:23:15.614,1.72275,1.7232,1.03,1.50
2011.10.24 19:23:16.814,1.72275,1.72327,1.03,1.50
2011.10.24 19:23:16.937,1.72274,1.72329,1.03,1.50
2011.10.24 19:23:18.746,1.72276,1.72329,1.03,1.50
2011.10.24 19:23:27.584,1.72283,1.72329,1.03,1.50
2011.10.24 19:23:31.565,1.72283,1.72329,1.03,1.50
2011.10.24 19:23:33.634,1.72284,1.72329,1.03,1.50
2011.10.24 19:23:41.184,1.72283,1.72329,1.03,1.50
2011.10.24 19:23:43.707,1.72284,1.72329,1.03,1.50
2011.10.24 19:23:46.849,1.72275,1.72329,1.93,1.50
2011.10.24 19:23:46.967,1.72276,1.72336,1.40,2.78
2011.10.24 19:23:47.415,1.72276,1.72332,2.68,1.28
2011.10.24 19:23:47.537,1.72277,1.72338,1.93,1.50
2011.10.24 19:23:47.655,1.72277,1.72327,1.93,1.50
2011.10.24 19:23:47.776,1.72277,1.72334,1.93,1.50
2011.10.24 19:23:47.894,1.72274,1.72337,1.40,2.78
2011.10.24 19:23:48.684,1.72274,1.72336,1.40,2.03
2011.10.24 19:23:48.803,1.72271,1.72336,1.50,2.03
2011.10.24 19:23:49.556,1.72271,1.7233,1.50,1.28
2011.10.24 19:23:50.693,1.72275,1.72327,1.28,1.50
2011.10.24 19:23:55.580,1.72276,1.72327,1.28,1.50
2011.10.24 19:23:58.764,1.72265,1.72327,1.03,1.50
2011.10.24 19:24:00.023,1.72269,1.72327,1.03,1.50
2011.10.24 19:24:01.303,1.72269,1.72327,1.03,1.50
2011.10.24 19:24:01.526,1.72274,1.72327,1.28,1.50
2011.10.24 19:24:09.915,1.72266,1.72327,1.40,1.50
2011.10.24 19:24:15.078,1.72264,1.72327,1.78,1.50
2011.10.24 19:24:18.553,1.72275,1.72327,1.28,1.50
2011.10.24 19:24:20.906,1.72276,1.72327,1.28,1.50
2011.10.24 19:24:25.678,1.72276,1.72325,1.28,1.28
2011.10.24 19:24:25.798,1.72266,1.72319,2.30,1.50
2011.10.24 19:24:26.026,1.72269,1.72333,1.50,1.50
2011.10.24 19:24:26.145,1.72271,1.72335,1.50,1.50
2011.10.24 19:24:28.722,1.72271,1.72335,1.50,1.50
2011.10.24 19:24:38.905,1.7228,1.72335,1.03,1.50
2011.10.24 19:24:42.421,1.72283,1.72335,1.65,1.50
2011.10.24 19:24:43.296,1.72283,1.72332,1.65,1.28
2011.10.24 19:24:43.746,1.72266,1.72321,1.93,1.28
2011.10.24 19:24:43.977,1.72267,1.72323,1.93,2.03
2011.10.24 19:24:46.097,1.7228,1.72317,1.03,1.50
2011.10.24 19:24:46.216,1.7228,1.72325,1.03,1.50
2011.10.24 19:24:46.338,1.7228,1.72327,1.03,1.50
2011.10.24 19:24:47.152,1.7228,1.72327,1.03,1.50
2011.10.24 19:24:47.736,1.7228,1.72325,1.03,1.28
2011.10.24 19:24:48.624,1.7228,1.72318,1.03,1.50
2011.10.24 19:24:49.258,1.72275,1.72318,1.03,1.50
2011.10.24 19:24:49.937,1.72275,1.7232,1.03,1.28
2011.10.24 19:24:50.055,1.72275,1.72326,1.03,2.03
2011.10.24 19:24:52.026,1.72277,1.72328,2.03,1.50
2011.10.24 19:24:55.994,1.72276,1.72325,1.40,1.28
2011.10.24 19:24:58.722,1.72275,1.72325,1.40,1.28
2011.10.24 19:24:59.269,1.7228,1.72325,1.03,1.28
2011.10.24 19:25:00.279,1.7228,1.72311,1.03,1.50
2011.10.24 19:25:03.165,1.7228,1.72311,1.03,1.50
2011.10.24 19:25:04.716,1.72265,1.72311,1.03,1.50
2011.10.24 19:25:08.213,1.72265,1.72311,1.03,1.50
2011.10.24 19:25:08.723,1.72265,1.72311,1.03,1.50
2011.10.24 19:25:18.055,1.72265,1.72311,1.03,1.50
2011.10.24 19:25:18.997,1.72267,1.72297,1.03,1.50
2011.10.24 19:25:21.876,1.72256,1.72297,1.03,1.50
2011.10.24 19:25:22.706,1.72256,1.72297,1.03,1.50
2011.10.24 19:25:23.602,1.72256,1.72297,1.03,1.50
2011.10.24 19:25:24.175,1.72256,1.72297,1.03,1.50
2011.10.24 19:25:25.249,1.72256,1.72297,1.03,1.50
2011.10.24 19:25:26.497,1.72256,1.72292,1.03,1.28
2011.10.24 19:25:26.615,1.72256,1.72297,1.03,1.50
2011.10.24 19:25:28.884,1.72252,1.72297,1.03,1.50
2011.10.24 19:25:30.835,1.72252,1.7231,1.40,1.88
2011.10.24 19:25:31.179,1.72252,1.72305,1.40,1.28
2011.10.24 19:25:32.013,1.72255,1.7231,2.03,1.50
2011.10.24 19:25:33.352,1.72252,1.7231,1.03,2.78
2011.10.24 19:25:34.162,1.72253,1.72304,1.03,1.28
2011.10.24 19:25:34.505,1.72252,1.72301,1.03,1.50
2011.10.24 19:25:38.849,1.72252,1.72299,1.03,2.03
2011.10.24 19:25:39.588,1.72255,1.72301,1.03,1.50
2011.10.24 19:25:47.394,1.72255,1.72301,1.03,1.50
2011.10.24 19:25:48.734,1.72255,1.72301,1.03,1.50
2011.10.24 19:25:59.152,1.72257,1.72301,1.03,1.50
2011.10.24 19:26:01.384,1.72257,1.72301,1.03,1.50
2011.10.24 19:26:02.105,1.72257,1.72301,1.03,1.50
2011.10.24 19:26:03.240,1.72257,1.72301,1.03,1.50
2011.10.24 19:26:04.831,1.72257,1.72301,1.03,1.50
2011.10.24 19:26:11.033,1.72257,1.72301,1.03,1.50
2011.10.24 19:26:15.832,1.72257,1.72301,1.03,1.50
2011.10.24 19:26:16.384,1.72257,1.72301,1.03,1.50
2011.10.24 19:26:16.947,1.72257,1.72301,1.03,1.50
2011.10.24 19:26:17.700,1.72257,1.72301,1.03,1.50
2011.10.24 19:26:18.565,1.72257,1.72298,1.03,1.28
2011.10.24 19:26:19.026,1.72249,1.723,1.03,2.03
2011.10.24 19:26:19.587,1.72249,1.72292,1.03,1.28
2011.10.24 19:26:20.138,1.7225,1.72292,1.03,1.28
2011.10.24 19:26:21.196,1.7225,1.72293,1.03,1.28
2011.10.24 19:26:21.754,1.7225,1.72292,1.03,1.28
2011.10.24 19:26:22.263,1.7225,1.72292,1.03,1.28
2011.10.24 19:26:22.847,1.7225,1.72292,1.03,1.28
2011.10.24 19:26:22.967,1.7225,1.72295,1.03,1.28
2011.10.24 19:26:24.184,1.7225,1.72295,1.03,1.28
2011.10.24 19:26:24.414,1.7225,1.72293,1.03,2.03
2011.10.24 19:26:24.648,1.7225,1.723,1.03,1.05
2011.10.24 19:26:25.636,1.7225,1.72302,1.03,1.50
2011.10.24 19:26:27.156,1.72249,1.72302,1.03,1.50
2011.10.24 19:26:28.671,1.72251,1.72302,1.03,1.50
2011.10.24 19:26:29.515,1.72253,1.72302,1.03,1.50
2011.10.24 19:26:30.029,1.72253,1.72297,1.03,1.28
2011.10.24 19:26:30.996,1.72253,1.72298,1.03,1.28
2011.10.24 19:26:31.336,1.72253,1.723,1.03,2.03
2011.10.24 19:26:32.638,1.72253,1.723,1.03,3.00
2011.10.24 19:26:32.869,1.72253,1.72302,1.03,1.80
2011.10.24 19:26:33.223,1.72253,1.723,1.03,1.50
2011.10.24 19:26:33.803,1.72253,1.72303,1.03,2.03
2011.10.24 19:26:34.492,1.72253,1.72303,1.03,2.03
2011.10.24 19:26:37.935,1.72253,1.72302,1.03,2.10
2011.10.24 19:26:38.279,1.72247,1.72294,1.93,1.50
2011.10.24 19:26:39.207,1.72241,1.7229,1.03,1.28
2011.10.24 19:26:39.336,1.72242,1.72294,1.93,1.50
2011.10.24 19:26:39.566,1.72241,1.7229,1.03,1.28
2011.10.24 19:26:39.904,1.72241,1.72293,1.03,2.03
2011.10.24 19:26:40.452,1.72241,1.72291,1.03,1.28
2011.10.24 19:26:40.899,1.72241,1.72279,1.03,1.28
2011.10.24 19:26:41.239,1.72241,1.72289,1.03,1.28
2011.10.24 19:26:41.359,1.72241,1.72293,1.03,2.03
2011.10.24 19:26:41.476,1.72249,1.72297,1.28,1.35
2011.10.24 19:26:41.599,1.72249,1.72304,1.28,2.63
2011.10.24 19:26:42.204,1.7228,1.72331,1.35,1.80
2011.10.24 19:26:42.440,1.72301,1.72356,1.03,1.50
2011.10.24 19:26:48.305,1.72303,1.72354,1.03,1.50
2011.10.24 19:26:48.540,1.72303,1.72345,1.03,1.50
2011.10.24 19:26:49.241,1.72303,1.72354,1.03,2.25
2011.10.24 19:26:49.835,1.72303,1.72354,1.03,1.50
2011.10.24 19:26:51.576,1.72303,1.72354,1.03,1.50
2011.10.24 19:26:53.764,1.72303,1.72354,1.03,2.25
2011.10.24 19:26:55.844,1.72303,1.72354,1.03,2.25
2011.10.24 19:26:56.638,1.72303,1.72345,1.03,1.50
2011.10.24 19:26:57.452,1.72304,1.72345,1.03,1.50
2011.10.24 19:26:57.799,1.72359,1.72409,1.93,1.50
2011.10.24 19:26:58.484,1.72359,1.72409,1.93,1.50
2011.10.24 19:26:59.848,1.72359,1.72409,1.93,1.50
2011.10.24 19:27:00.837,1.72353,1.72407,1.93,1.20
2011.10.24 19:27:01.563,1.7236,1.7242,2.30,1.50
2011.10.24 19:27:02.140,1.7236,1.72417,1.03,2.40
2011.10.24 19:27:02.262,1.72353,1.72405,1.03,2.03
2011.10.24 19:27:02.382,1.72348,1.72406,2.15,1.28
2011.10.24 19:27:02.498,1.72351,1.72414,1.13,1.50
2011.10.24 19:27:02.898,1.72351,1.72414,1.50,1.50
2011.10.24 19:27:03.238,1.72387,1.72438,1.03,1.50
2011.10.24 19:27:04.507,1.72387,1.72438,1.03,1.50
2011.10.24 19:27:06.061,1.72383,1.72429,1.03,1.50
2011.10.24 19:27:06.706,1.72383,1.72429,1.03,1.50
2011.10.24 19:27:07.521,1.72383,1.72429,1.03,1.50
2011.10.24 19:27:08.086,1.72382,1.72429,1.03,1.50
2011.10.24 19:27:09.585,1.72382,1.72429,1.03,1.50
2011.10.24 19:27:10.430,1.72382,1.72429,1.03,1.50
2011.10.24 19:27:11.215,1.72382,1.72429,1.03,1.50
2011.10.24 19:27:12.335,1.72382,1.72429,1.03,1.50
2011.10.24 19:27:12.696,1.7237,1.72429,1.33,1.50
2011.10.24 19:27:14.895,1.72365,1.72429,2.10,1.50
2011.10.24 19:27:15.344,1.72368,1.72429,1.33,1.50
2011.10.24 19:27:15.468,1.72365,1.72429,1.93,1.50
2011.10.24 19:27:16.649,1.72365,1.72429,1.93,1.50
2011.10.24 19:27:17.794,1.72365,1.72429,1.33,1.50
2011.10.24 19:27:18.795,1.72365,1.72429,1.33,1.50
2011.10.24 19:27:21.036,1.72376,1.72432,1.50,1.28
2011.10.24 19:27:21.157,1.72378,1.7244,1.28,1.50
2011.10.24 19:27:21.660,1.7239,1.7244,1.28,1.50
2011.10.24 19:27:21.779,1.7239,1.72451,1.28,1.50
2011.10.24 19:27:22.755,1.7239,1.72451,2.25,1.50
2011.10.24 19:27:22.878,1.72401,1.72463,2.03,1.50
2011.10.24 19:27:22.996,1.72391,1.72454,1.35,1.50
2011.10.24 19:27:23.690,1.72391,1.72454,1.73,1.50
2011.10.24 19:27:25.421,1.72391,1.72451,1.33,1.13
2011.10.24 19:27:25.754,1.72391,1.72451,1.33,1.50
2011.10.24 19:27:26.286,1.72391,1.72452,1.33,1.05
2011.10.24 19:27:26.875,1.72391,1.72454,1.33,1.50
2011.10.24 19:27:28.596,1.72391,1.72454,1.70,1.50
2011.10.24 19:27:28.727,1.72397,1.72463,1.50,1.50
2011.10.24 19:27:30.235,1.72397,1.72455,1.50,1.28
2011.10.24 19:27:30.575,1.72394,1.72455,1.18,1.13
2011.10.24 19:27:36.576,1.72397,1.72456,2.45,1.50
2011.10.24 19:27:37.220,1.72401,1.72465,1.35,1.80
2011.10.24 19:27:39.189,1.72399,1.72465,1.50,1.80
2011.10.24 19:27:50.093,1.72401,1.72465,1.35,1.80
2011.10.24 19:27:54.105,1.72405,1.72465,1.88,1.50
2011.10.24 19:27:58.818,1.7241,1.72471,2.03,1.50
2011.10.24 19:27:59.386,1.72408,1.72474,2.10,1.50
2011.10.24 19:28:10.097,1.72415,1.72474,1.28,1.50
2011.10.24 19:28:12.436,1.72416,1.72474,1.28,1.50
2011.10.24 19:28:12.665,1.72417,1.72478,1.50,1.13
2011.10.24 19:28:13.196,1.72419,1.72478,1.35,1.13
2011.10.24 19:28:13.321,1.72417,1.72476,1.50,1.35
2011.10.24 19:28:13.440,1.72417,1.72475,1.50,1.05
2011.10.24 19:28:13.555,1.72411,1.72472,1.28,1.05
2011.10.24 19:28:13.788,1.7242,1.72482,2.10,1.50
2011.10.24 19:28:14.636,1.7242,1.72482,2.10,1.50
2011.10.24 19:28:15.214,1.7242,1.72482,1.50,1.50
2011.10.24 19:28:17.541,1.7242,1.72482,1.50,1.50
2011.10.24 19:28:17.768,1.72411,1.72475,1.50,1.50
2011.10.24 19:28:19.309,1.72403,1.72465,1.33,1.50
2011.10.24 19:28:19.868,1.72414,1.72475,1.50,1.13
2011.10.24 19:28:19.989,1.72412,1.72469,1.28,1.50
2011.10.24 19:28:20.109,1.72404,1.72459,1.18,1.50
2011.10.24 19:28:20.634,1.72396,1.72459,1.33,1.50
2011.10.24 19:28:21.815,1.72396,1.72459,1.33,1.50
2011.10.24 19:28:22.169,1.72405,1.72469,2.08,1.50
2011.10.24 19:28:22.966,1.72405,1.72467,2.08,1.13
2011.10.24 19:28:25.048,1.72405,1.72465,1.33,1.13
2011.10.24 19:28:25.171,1.72397,1.7246,1.33,1.88
2011.10.24 19:28:25.850,1.72397,1.7246,1.33,1.88
2011.10.24 19:28:26.607,1.72397,1.7246,1.33,2.25
2011.10.24 19:28:26.852,1.72405,1.7246,2.68,2.25
2011.10.24 19:28:27.191,1.72418,1.72481,1.35,1.50
2011.10.24 19:28:29.388,1.72416,1.72478,2.03,1.28
2011.10.24 19:28:29.506,1.72407,1.72471,1.50,1.50
2011.10.24 19:28:31.215,1.72407,1.72469,1.50,2.40
2011.10.24 19:28:31.884,1.72407,1.72469,1.50,1.13
2011.10.24 19:28:33.746,1.72409,1.72469,1.35,1.13
2011.10.24 19:28:34.086,1.72415,1.72478,1.50,1.28
2011.10.24 19:28:34.645,1.72415,1.72481,1.50,1.50
2011.10.24 19:28:39.796,1.72415,1.72476,1.50,1.28
2011.10.24 19:28:40.025,1.72415,1.72481,1.50,1.50
2011.10.24 19:28:45.487,1.72415,1.72476,1.50,1.28
2011.10.24 19:28:46.666,1.72415,1.72476,1.50,2.03
2011.10.24 19:28:48.963,1.72415,1.72476,1.50,1.28
2011.10.24 19:28:50.727,1.72408,1.72464,1.28,1.13
2011.10.24 19:28:50.847,1.72394,1.72459,1.13,1.50
2011.10.24 19:28:52.527,1.72408,1.72469,1.50,1.13
2011.10.24 19:28:52.757,1.72408,1.72472,1.50,1.50
2011.10.24 19:28:53.675,1.72409,1.72472,1.13,1.50
2011.10.24 19:28:54.016,1.72412,1.72472,1.28,1.50
2011.10.24 19:28:55.166,1.72417,1.7248,1.50,1.13
2011.10.24 19:29:05.505,1.72417,1.72477,1.50,1.28
2011.10.24 19:29:06.895,1.72417,1.72481,1.50,1.50
2011.10.24 19:29:11.489,1.72402,1.72465,2.03,1.50
2011.10.24 19:29:16.278,1.7241,1.72466,1.50,1.28
2011.10.24 19:29:16.505,1.7241,1.72474,1.50,1.50
2011.10.24 19:29:26.278,1.72401,1.72461,1.28,1.50
2011.10.24 19:29:26.396,1.72395,1.72461,1.50,1.50
2011.10.24 19:29:33.200,1.72399,1.7246,1.28,1.13
2011.10.24 19:29:33.318,1.72408,1.72465,1.50,2.03
2011.10.24 19:29:33.921,1.72417,1.7248,1.50,1.50
2011.10.24 19:29:34.448,1.72417,1.7248,1.50,1.50
2011.10.24 19:29:38.324,1.72417,1.7248,1.50,1.50
2011.10.24 19:29:38.944,1.72417,1.72483,1.50,2.63
2011.10.24 19:29:39.945,1.72417,1.72477,1.50,1.28
2011.10.24 19:29:44.214,1.72417,1.72483,1.50,2.25
2011.10.24 19:29:44.616,1.72417,1.72477,1.50,1.28
2011.10.24 19:29:45.615,1.72427,1.72484,1.50,1.13
2011.10.24 19:29:47.366,1.72427,1.72483,1.50,1.13
2011.10.24 19:29:48.875,1.72427,1.72488,1.50,1.28
2011.10.24 19:29:52.770,1.72427,1.7249,1.50,1.13
2011.10.24 19:29:54.778,1.72426,1.72483,1.28,1.50
2011.10.24 19:29:54.897,1.72417,1.72483,1.50,1.50
2011.10.24 19:30:08.115,1.72419,1.72487,1.50,1.13
2011.10.24 19:30:08.240,1.72427,1.72488,1.50,1.13
2011.10.24 19:30:08.798,1.72427,1.72491,1.50,1.50
2011.10.24 19:30:09.498,1.72427,1.72493,1.50,1.50
2011.10.24 19:30:13.683,1.72429,1.72498,1.50,1.13
2011.10.24 19:30:14.200,1.72439,1.72499,2.03,1.13
2011.10.24 19:30:14.448,1.72441,1.725,1.28,1.50
2011.10.24 19:30:17.050,1.72441,1.725,2.03,1.50
2011.10.24 19:30:17.276,1.7245,1.72511,1.55,1.50
2011.10.24 19:30:17.400,1.72457,1.72518,1.50,1.28
2011.10.24 19:30:17.522,1.72458,1.72522,1.88,1.50
2011.10.24 19:30:17.748,1.72463,1.72522,1.28,1.50
2011.10.24 19:30:18.336,1.72463,1.72529,2.03,1.28
2011.10.24 19:30:18.438,1.72466,1.72532,1.50,2.25
2011.10.24 19:30:20.910,1.72466,1.7253,1.50,2.40
2011.10.24 19:30:22.171,1.72466,1.72529,1.50,1.65
2011.10.24 19:30:23.628,1.72458,1.7252,1.33,1.50
2011.10.24 19:30:24.558,1.72458,1.7252,1.33,1.50
2011.10.24 19:30:25.415,1.72458,1.7252,1.33,1.50
2011.10.24 19:30:26.216,1.72458,1.7252,1.33,1.50
2011.10.24 19:30:27.357,1.72458,1.7252,1.33,1.50
2011.10.24 19:30:28.966,1.72456,1.7252,1.50,1.50
2011.10.24 19:30:39.637,1.72456,1.72518,1.50,2.10
2011.10.24 19:30:39.979,1.72447,1.72513,2.03,1.50
2011.10.24 19:30:40.099,1.72446,1.7251,1.50,1.50
2011.10.24 19:30:52.019,1.72446,1.72504,1.50,1.13
2011.10.24 19:30:52.361,1.72448,1.72503,1.28,2.03
2011.10.24 19:30:52.481,1.72457,1.72521,1.50,1.50
2011.10.24 19:30:56.519,1.72459,1.72521,1.50,1.50
2011.10.24 19:30:56.858,1.72469,1.72529,1.28,1.13
2011.10.24 19:30:57.591,1.72466,1.72529,1.50,1.13
2011.10.24 19:30:58.265,1.7246,1.72514,1.28,1.50
2011.10.24 19:30:58.486,1.72461,1.72524,1.50,1.50
2011.10.24 19:30:58.950,1.72461,1.72527,1.50,1.50
2011.10.24 19:31:00.468,1.72461,1.72523,1.50,1.13
2011.10.24 19:31:01.310,1.72455,1.72521,1.28,1.13
2011.10.24 19:31:01.438,1.72451,1.72515,1.50,1.50
2011.10.24 19:31:17.081,1.72444,1.72502,1.28,1.13
2011.10.24 19:31:17.206,1.7243,1.72493,1.33,1.50
2011.10.24 19:31:17.444,1.72432,1.7249,1.18,1.13
2011.10.24 19:31:18.001,1.72464,1.72499,2.03,1.28
2011.10.24 19:31:18.122,1.72472,1.72536,1.50,1.13
2011.10.24 19:31:29.046,1.72472,1.72536,1.50,1.88
2011.10.24 19:31:29.493,1.72472,1.72531,1.50,1.13
2011.10.24 19:31:32.187,1.72472,1.72531,1.50,1.13
2011.10.24 19:31:33.388,1.72472,1.72531,1.50,1.13
2011.10.24 19:31:34.003,1.72472,1.7253,1.50,1.13
2011.10.24 19:31:35.548,1.72472,1.72536,1.50,1.50
2011.10.24 19:31:38.737,1.72483,1.72539,1.50,1.13
2011.10.24 19:31:39.097,1.72483,1.72546,1.50,1.88
2011.10.24 19:31:40.097,1.72483,1.72546,1.50,1.88
2011.10.24 19:31:42.728,1.72475,1.72544,1.28,1.88
2011.10.24 19:31:42.851,1.72474,1.72538,1.50,1.50
2011.10.24 19:31:42.973,1.72474,1.72537,1.50,1.50
2011.10.24 19:31:43.307,1.72474,1.72534,1.50,1.13
2011.10.24 19:31:44.351,1.72474,1.72538,1.50,1.50
2011.10.24 19:31:45.507,1.72474,1.72537,1.50,2.78
2011.10.24 19:31:46.009,1.72466,1.72534,1.28,1.50
2011.10.24 19:31:46.127,1.72465,1.72529,1.50,1.50
2011.10.24 19:31:48.208,1.72457,1.72528,1.28,1.88
2011.10.24 19:31:48.329,1.72456,1.7252,2.08,1.50
2011.10.24 19:31:53.559,1.72459,1.72523,1.28,2.03
2011.10.24 19:31:53.678,1.72466,1.72529,1.50,1.13
2011.10.24 19:32:01.707,1.72468,1.72537,1.50,1.28
2011.10.24 19:32:01.826,1.72474,1.72539,1.50,1.13
2011.10.24 19:32:09.046,1.72474,1.72537,1.50,1.13
2011.10.24 19:32:10.786,1.72474,1.72537,1.50,1.13
2011.10.24 19:32:11.143,1.72474,1.72537,1.50,1.13
2011.10.24 19:32:16.100,1.72477,1.72537,1.50,1.13
2011.10.24 19:32:17.738,1.72484,1.72539,1.50,1.13
2011.10.24 19:32:18.615,1.72472,1.72536,1.50,1.50
2011.10.24 19:32:19.057,1.72472,1.72533,1.50,1.13
2011.10.24 19:32:21.045,1.72472,1.72534,1.50,1.13
2011.10.24 19:32:21.389,1.72485,1.72545,1.50,1.13
2011.10.24 19:32:22.556,1.72485,1.72545,1.50,1.13
2011.10.24 19:32:26.446,1.72485,1.72545,1.50,1.13
2011.10.24 19:32:29.056,1.72485,1.72546,1.50,1.13
2011.10.24 19:32:29.635,1.72485,1.72546,1.50,1.13
2011.10.24 19:32:30.007,1.72475,1.72537,1.50,1.13
2011.10.24 19:32:30.717,1.72475,1.72537,1.50,1.73
2011.10.24 19:32:33.468,1.72475,1.72537,1.50,1.13
2011.10.24 19:32:34.073,1.72475,1.72537,1.50,1.13
2011.10.24 19:32:34.440,1.72486,1.72548,1.50,1.13
2011.10.24 19:32:36.580,1.72486,1.72548,1.50,1.13
2011.10.24 19:32:38.838,1.72478,1.72543,1.13,1.28
2011.10.24 19:32:38.957,1.72475,1.72535,1.85,1.13
2011.10.24 19:32:39.189,1.72472,1.72534,1.35,1.50
2011.10.24 19:32:39.749,1.72471,1.72534,1.50,2.10
2011.10.24 19:32:40.331,1.72481,1.72543,1.50,1.13
2011.10.24 19:32:45.330,1.72481,1.72544,1.50,1.13
2011.10.24 19:32:46.233,1.72482,1.72544,1.50,1.13
2011.10.24 19:32:46.566,1.72489,1.72547,1.50,1.50
2011.10.24 19:32:47.799,1.7248,1.72541,1.28,1.13
2011.10.24 19:32:47.919,1.72478,1.72537,1.28,1.50
2011.10.24 19:32:48.153,1.72478,1.72528,1.28,1.50
2011.10.24 19:32:48.269,1.72465,1.72523,1.33,1.13
2011.10.24 19:32:48.388,1.72464,1.72518,2.03,1.13
2011.10.24 19:32:48.945,1.72472,1.72518,1.50,1.13
2011.10.24 19:32:49.061,1.72472,1.72532,1.50,1.46
2011.10.24 19:32:50.615,1.72472,1.72532,1.50,1.28
2011.10.24 19:32:52.038,1.72472,1.72532,1.50,1.13
2011.10.24 19:32:52.400,1.72473,1.72532,1.35,1.13
2011.10.24 19:32:52.738,1.72482,1.72532,1.35,1.13
2011.10.24 19:32:59.045,1.72483,1.72547,1.05,1.88
2011.10.24 19:33:07.006,1.72486,1.72547,1.13,1.50
2011.10.24 19:33:07.680,1.72494,1.72549,2.63,1.13
2011.10.24 19:33:07.820,1.72475,1.72535,1.65,1.88
2011.10.24 19:33:07.941,1.72475,1.72535,1.35,1.88
2011.10.24 19:33:09.026,1.72475,1.7253,1.35,1.13
2011.10.24 19:33:09.856,1.72475,1.7253,1.35,1.13
2011.10.24 19:33:10.639,1.72473,1.7253,1.50,1.13
2011.10.24 19:33:11.388,1.72473,1.7253,1.50,1.13
2011.10.24 19:33:12.398,1.72473,1.72531,1.50,1.13
2011.10.24 19:33:13.299,1.72475,1.7253,1.35,1.13
2011.10.24 19:33:14.622,1.72476,1.72535,1.35,1.50
2011.10.24 19:33:14.958,1.72483,1.72541,1.50,1.13
2011.10.24 19:33:15.936,1.72483,1.72541,1.50,1.13
2011.10.24 19:33:17.899,1.72483,1.72541,1.50,1.13
2011.10.24 19:33:18.457,1.72483,1.72542,1.50,1.13
2011.10.24 19:33:18.859,1.72491,1.72553,1.50,1.13
2011.10.24 19:33:18.976,1.72491,1.72553,1.50,1.13
2011.10.24 19:33:22.059,1.72491,1.72553,1.50,1.13
2011.10.24 19:33:22.808,1.72491,1.72553,1.50,1.13
2011.10.24 19:33:23.487,1.72491,1.72553,1.50,1.13
2011.10.24 19:33:24.057,1.72491,1.72554,1.50,1.88
2011.10.24 19:33:26.239,1.72491,1.72554,1.50,1.88
2011.10.24 19:33:27.177,1.72494,1.72554,1.13,1.50
2011.10.24 19:33:27.517,1.72504,1.72567,1.50,1.50
2011.10.24 19:33:27.857,1.72515,1.72568,1.50,1.13
2011.10.24 19:33:28.432,1.72515,1.72568,1.50,1.13
2011.10.24 19:33:28.997,1.72515,1.72569,1.50,1.13
2011.10.24 19:33:29.117,1.72515,1.72575,1.50,1.35
2011.10.24 19:33:31.829,1.72515,1.72576,1.50,1.13
2011.10.24 19:33:32.499,1.72515,1.72576,1.50,1.13
2011.10.24 19:33:39.285,1.72515,1.72579,1.50,1.50
2011.10.24 19:33:55.868,1.72515,1.72577,1.50,1.88
2011.10.24 19:33:55.986,1.72515,1.72577,1.50,2.48
2011.10.24 19:33:56.660,1.72505,1.72567,1.05,1.13
2011.10.24 19:33:56.888,1.72503,1.72569,1.50,1.50
2011.10.24 19:33:57.487,1.72505,1.72569,1.35,1.50
2011.10.24 19:33:59.229,1.72505,1.72569,1.50,1.50
2011.10.24 19:34:00.290,1.72503,1.72569,2.78,1.50
2011.10.24 19:34:05.509,1.72505,1.72569,1.50,1.50
2011.10.24 19:34:06.182,1.72503,1.72569,1.88,1.50
2011.10.24 19:34:16.207,1.72503,1.72567,1.50,1.13
2011.10.24 19:34:17.388,1.72503,1.72567,1.50,1.13
2011.10.24 19:34:19.096,1.72503,1.72567,1.50,1.13
2011.10.24 19:34:19.327,1.72503,1.72566,1.50,1.13
2011.10.24 19:34:21.528,1.72503,1.72567,1.50,1.13
2011.10.24 19:34:22.358,1.72503,1.72567,1.50,1.50
2011.10.24 19:34:23.291,1.72494,1.7256,1.50,1.50
2011.10.24 19:34:23.519,1.72501,1.7256,1.28,1.50
2011.10.24 19:34:23.906,1.72506,1.72569,1.50,1.13
2011.10.24 19:34:26.137,1.72506,1.7257,1.50,1.88
2011.10.24 19:34:30.767,1.72506,1.72568,1.50,1.35
2011.10.24 19:34:34.436,1.72506,1.72568,1.50,1.35
2011.10.24 19:34:40.199,1.72506,1.72568,1.50,1.73
2011.10.24 19:34:40.918,1.72502,1.72558,1.28,1.73
2011.10.24 19:34:41.148,1.72495,1.72556,1.50,1.35
2011.10.24 19:34:41.942,1.72495,1.72558,1.50,1.13
2011.10.24 19:34:42.176,1.72495,1.72561,1.50,2.03
2011.10.24 19:34:42.961,1.72495,1.72558,1.50,1.13
2011.10.24 19:34:43.187,1.72495,1.72561,1.50,1.80
2011.10.24 19:34:43.417,1.72495,1.72558,1.50,1.13
2011.10.24 19:34:45.327,1.72495,1.72558,1.50,1.88
2011.10.24 19:34:53.958,1.72495,1.72558,1.50,1.13
2011.10.24 19:34:54.297,1.72495,1.72558,1.50,2.10
2011.10.24 19:34:54.845,1.72495,1.72558,1.50,1.50
2011.10.24 19:35:03.657,1.72495,1.72555,1.50,1.13
2011.10.24 19:35:03.887,1.72486,1.72552,2.78,1.50
2011.10.24 19:35:04.959,1.72496,1.72552,3.15,1.50
2011.10.24 19:35:05.080,1.72519,1.72583,1.50,1.13
2011.10.24 19:35:06.259,1.72519,1.72583,1.50,1.13
2011.10.24 19:35:06.997,1.72519,1.72578,1.50,1.13
2011.10.24 19:35:07.117,1.7251,1.72571,1.33,1.13
2011.10.24 19:35:08.257,1.7251,1.72571,1.33,1.13
2011.10.24 19:35:08.382,1.7251,1.72569,1.33,1.50
2011.10.24 19:35:09.108,1.72507,1.72569,1.50,1.50
2011.10.24 19:35:14.988,1.72507,1.72568,1.50,1.50
2011.10.24 19:35:16.216,1.72507,1.72568,1.50,1.13
2011.10.24 19:35:21.684,1.72499,1.72564,1.50,1.13
2011.10.24 19:35:22.138,1.72496,1.72562,1.50,1.50
2011.10.24 19:35:22.259,1.72489,1.72552,1.33,1.50
2011.10.24 19:35:24.459,1.72491,1.72556,1.28,1.13
2011.10.24 19:35:24.580,1.72498,1.72557,1.35,1.28
2011.10.24 19:35:24.808,1.72498,1.72563,2.63,1.50
2011.10.24 19:35:26.205,1.72497,1.7256,1.50,1.13
2011.10.24 19:35:26.759,1.72497,1.7256,1.50,1.73
2011.10.24 19:35:29.234,1.72497,1.72563,2.78,1.50
2011.10.24 19:35:46.639,1.72502,1.72565,1.28,1.13
2011.10.24 19:35:46.758,1.72511,1.72574,1.50,2.96
2011.10.24 19:35:46.988,1.72533,1.72585,1.50,1.31
2011.10.24 19:35:47.108,1.72533,1.72593,1.50,1.35
2011.10.24 19:35:47.341,1.72528,1.72586,1.28,1.13
2011.10.24 19:35:47.457,1.72523,1.72586,1.50,1.13
2011.10.24 19:35:47.688,1.72518,1.72576,1.85,1.50
2011.10.24 19:35:48.274,1.72513,1.72576,1.33,1.50
2011.10.24 19:35:49.098,1.72512,1.72576,1.50,1.50
2011.10.24 19:35:53.888,1.72521,1.72584,1.50,1.88
2011.10.24 19:35:54.447,1.72521,1.72584,1.50,1.88
2011.10.24 19:35:58.818,1.72521,1.72584,1.50,1.88
2011.10.24 19:35:58.943,1.72532,1.72596,1.50,1.50
2011.10.24 19:35:59.177,1.72532,1.72597,1.50,1.13
2011.10.24 19:36:04.234,1.72523,1.72587,1.50,1.50
2011.10.24 19:36:08.135,1.72523,1.72586,1.50,1.50
2011.10.24 19:36:08.469,1.72514,1.72577,1.33,1.65
2011.10.24 19:36:09.039,1.72521,1.72582,1.33,1.05
2011.10.24 19:36:09.166,1.72517,1.72579,1.33,1.50
2011.10.24 19:36:09.291,1.72515,1.72579,1.50,1.50
2011.10.24 19:36:09.411,1.72527,1.72589,1.50,1.13
2011.10.24 19:36:09.884,1.72534,1.72593,1.28,1.50
2011.10.24 19:36:12.163,1.72541,1.72605,1.50,1.50
2011.10.24 19:36:12.940,1.72541,1.72607,2.78,1.50
2011.10.24 19:36:13.720,1.72543,1.72607,1.50,1.50
2011.10.24 19:36:15.649,1.72541,1.72607,3.38,1.50
2011.10.24 19:36:15.879,1.72541,1.72605,2.10,1.50
2011.10.24 19:36:16.636,1.72541,1.72607,1.50,1.88
2011.10.24 19:36:20.108,1.72543,1.72607,1.13,1.50
2011.10.24 19:36:26.161,1.72541,1.72602,1.13,1.28
2011.10.24 19:36:26.280,1.72535,1.72594,1.28,1.50
2011.10.24 19:36:27.130,1.72533,1.72594,1.18,1.50
2011.10.24 19:36:27.681,1.72533,1.72594,1.55,1.50
2011.10.24 19:36:29.258,1.72536,1.72594,1.33,1.50
2011.10.24 19:36:31.396,1.72533,1.72594,3.20,1.50
2011.10.24 19:36:33.937,1.72531,1.72594,2.08,1.50
2011.10.24 19:36:34.374,1.72542,1.72594,1.28,1.50
2011.10.24 19:36:34.489,1.72547,1.72611,1.50,1.80
2011.10.24 19:36:35.487,1.72547,1.72613,1.50,1.50
2011.10.24 19:36:37.499,1.72542,1.72601,1.65,1.50
2011.10.24 19:36:37.617,1.72537,1.72601,1.50,1.50
2011.10.24 19:36:39.544,1.72542,1.72601,1.28,1.50
2011.10.24 19:36:40.616,1.72537,1.72601,2.08,1.50
2011.10.24 19:36:41.558,1.72542,1.72601,1.28,1.50
2011.10.24 19:36:41.788,1.72537,1.72601,1.50,1.50
2011.10.24 19:36:50.787,1.72546,1.72609,1.50,1.68
2011.10.24 19:36:51.016,1.72546,1.7261,1.50,1.50
2011.10.24 19:37:03.108,1.72553,1.72612,1.28,1.50
2011.10.24 19:37:03.818,1.72548,1.72612,1.50,1.50
2011.10.24 19:37:09.798,1.72556,1.72612,1.28,1.50
2011.10.24 19:37:09.918,1.72557,1.72621,1.50,1.50
2011.10.24 19:37:13.557,1.72558,1.72621,3.00,1.50
2011.10.24 19:37:13.898,1.72569,1.72628,1.28,1.50
2011.10.24 19:37:14.640,1.72569,1.72628,1.28,1.50
2011.10.24 19:37:15.198,1.72565,1.72628,1.50,1.50
2011.10.24 19:37:18.577,1.72565,1.72627,1.50,1.83
2011.10.24 19:37:18.917,1.72549,1.72612,1.50,1.50
2011.10.24 19:37:19.257,1.72557,1.72612,1.28,1.50
2011.10.24 19:37:19.376,1.72559,1.72623,1.50,1.50
2011.10.24 19:37:23.812,1.72559,1.72621,1.50,1.28
2011.10.24 19:37:24.749,1.72559,1.72623,1.50,1.50
2011.10.24 19:37:26.488,1.72559,1.72623,1.80,1.50
2011.10.24 19:37:26.608,1.72568,1.7263,1.50,1.13
2011.10.24 19:37:27.729,1.72568,1.72632,1.50,2.25
2011.10.24 19:37:29.360,1.7256,1.72624,2.03,1.28
2011.10.24 19:37:29.869,1.7256,1.72616,1.28,1.50
2011.10.24 19:37:29.993,1.72553,1.72616,1.33,1.50
2011.10.24 19:37:32.225,1.72552,1.72612,1.33,1.28
2011.10.24 19:37:32.777,1.72541,1.72604,1.33,1.50
2011.10.24 19:37:33.777,1.7255,1.72612,1.33,1.73
2011.10.24 19:37:34.427,1.7255,1.72612,1.33,2.10
2011.10.24 19:37:34.562,1.7255,1.72611,1.33,1.35
2011.10.24 19:37:35.127,1.72541,1.72604,1.33,1.50
2011.10.24 19:37:37.174,1.72541,1.72604,1.33,1.50
2011.10.24 19:37:37.728,1.72541,1.72604,1.33,1.50
2011.10.24 19:37:38.289,1.72541,1.72604,1.33,1.50
2011.10.24 19:37:38.769,1.72551,1.72614,1.33,1.50
2011.10.24 19:37:38.997,1.72558,1.72623,1.70,1.28
2011.10.24 19:37:39.227,1.72562,1.72626,1.50,1.50
2011.10.24 19:37:41.447,1.72557,1.72625,1.13,2.03
2011.10.24 19:37:41.568,1.72555,1.72616,1.28,1.50
2011.10.24 19:37:42.169,1.72553,1.72613,1.33,1.13
2011.10.24 19:37:42.507,1.72542,1.72605,1.33,1.50
2011.10.24 19:37:42.757,1.72553,1.72615,1.33,2.25
2011.10.24 19:37:43.329,1.72542,1.72605,1.33,1.50
2011.10.24 19:37:43.858,1.72551,1.72615,1.33,1.50
2011.10.24 19:37:45.653,1.72556,1.72615,1.28,1.50
2011.10.24 19:37:45.767,1.72556,1.72615,1.65,1.50
2011.10.24 19:37:45.889,1.72561,1.72627,1.50,1.50
2011.10.24 19:37:46.227,1.72556,1.72617,1.28,1.50
2011.10.24 19:37:46.777,1.72561,1.72626,1.50,1.50
2011.10.24 19:37:47.880,1.72561,1.72625,1.50,1.13
2011.10.24 19:37:48.107,1.72553,1.72616,1.33,1.50
2011.10.24 19:37:49.259,1.72552,1.72616,1.50,1.50
2011.10.24 19:37:50.257,1.72552,1.72616,1.50,2.10
2011.10.24 19:37:50.799,1.72552,1.72616,1.50,1.65
2011.10.24 19:37:52.348,1.72545,1.72608,1.85,1.50
2011.10.24 19:37:59.246,1.72544,1.72608,2.03,1.50
2011.10.24 19:38:01.919,1.72544,1.72608,2.40,1.50
2011.10.24 19:38:02.478,1.72546,1.72608,1.13,1.50
2011.10.24 19:38:02.819,1.72556,1.72617,1.28,1.50
2011.10.24 19:38:03.428,1.72545,1.72612,2.03,1.65
2011.10.24 19:38:03.656,1.72545,1.72606,1.28,1.50
2011.10.24 19:38:04.148,1.72543,1.72606,2.03,1.50
2011.10.24 19:38:05.279,1.72535,1.72593,2.23,1.50
2011.10.24 19:38:06.102,1.72533,1.72593,1.85,1.50
2011.10.24 19:38:07.851,1.72533,1.72593,1.85,1.50
2011.10.24 19:38:09.078,1.72533,1.72593,1.28,1.50
2011.10.24 19:38:11.761,1.72544,1.72601,1.28,1.50
2011.10.24 19:38:12.397,1.72544,1.72601,1.28,1.50
2011.10.24 19:38:14.771,1.72534,1.72594,1.28,1.50
2011.10.24 19:38:14.888,1.72534,1.72583,1.28,1.50
2011.10.24 19:38:15.230,1.72533,1.72593,1.28,1.50
2011.10.24 19:38:15.708,1.72544,1.72593,1.28,1.50
2011.10.24 19:38:16.048,1.72533,1.72593,1.65,1.50
2011.10.24 19:38:17.469,1.72535,1.72593,1.13,1.50
2011.10.24 19:38:18.153,1.72539,1.72602,1.50,1.50
2011.10.24 19:38:18.368,1.72546,1.72602,1.28,1.50
2011.10.24 19:38:19.067,1.72547,1.72602,2.03,1.50
2011.10.24 19:38:21.330,1.72547,1.72603,2.03,1.50
2011.10.24 19:38:29.258,1.72546,1.72603,1.85,1.50
2011.10.24 19:38:30.810,1.72549,1.72603,1.28,1.50
2011.10.24 19:38:32.642,1.72548,1.72603,1.28,1.50
2011.10.24 19:38:33.513,1.72549,1.72603,1.28,1.50
2011.10.24 19:38:34.867,1.72548,1.72603,1.28,1.50
2011.10.24 19:38:38.730,1.72559,1.72603,1.28,1.50
2011.10.24 19:38:39.298,1.72559,1.7262,1.28,1.50
2011.10.24 19:38:39.419,1.72565,1.7262,1.28,1.50
2011.10.24 19:38:40.073,1.72548,1.72608,1.85,1.50
2011.10.24 19:38:42.448,1.72549,1.72608,1.85,1.50
2011.10.24 19:38:45.682,1.72549,1.72607,1.85,1.13
2011.10.24 19:38:45.801,1.72537,1.72599,2.45,1.50
2011.10.24 19:38:46.609,1.72549,1.72608,2.60,1.28
2011.10.24 19:38:46.728,1.72549,1.72611,2.60,1.50
2011.10.24 19:38:47.241,1.72549,1.72611,1.33,1.50
2011.10.24 19:38:47.664,1.72549,1.72609,1.33,1.50
2011.10.24 19:38:49.082,1.72549,1.72609,1.33,1.50
2011.10.24 19:38:49.417,1.72547,1.72602,2.78,1.13
2011.10.24 19:38:50.381,1.72556,1.72603,1.28,1.13
2011.10.24 19:38:50.717,1.72568,1.72617,1.28,1.13
2011.10.24 19:38:51.057,1.72554,1.72606,1.28,1.50
2011.10.24 19:38:51.178,1.72554,1.72603,1.50,1.13
2011.10.24 19:38:51.407,1.72559,1.72603,1.28,1.13
2011.10.24 19:38:51.636,1.72548,1.72603,1.28,1.13
2011.10.24 19:38:53.391,1.72548,1.72603,1.65,1.13
2011.10.24 19:38:53.946,1.72557,1.72603,1.50,1.13
2011.10.24 19:38:54.661,1.72558,1.72602,2.03,1.13
2011.10.24 19:38:56.343,1.7256,1.72603,1.28,1.13
2011.10.24 19:38:56.459,1.72545,1.72602,1.28,1.13
2011.10.24 19:38:56.798,1.72547,1.72602,1.28,1.13
2011.10.24 19:38:57.551,1.72551,1.72602,1.50,1.13
2011.10.24 19:38:58.692,1.72556,1.72602,1.28,1.13
2011.10.24 19:38:59.206,1.72556,1.72602,1.28,1.13
2011.10.24 19:39:02.117,1.72556,1.72613,1.28,1.13
2011.10.24 19:39:02.240,1.72556,1.72615,1.28,1.50
2011.10.24 19:39:03.071,1.72551,1.72613,1.50,1.13
2011.10.24 19:39:03.629,1.72551,1.72613,1.50,1.13
2011.10.24 19:39:03.858,1.72537,1.726,1.33,1.50
2011.10.24 19:39:04.437,1.72537,1.726,2.60,1.50
2011.10.24 19:39:04.557,1.72537,1.72599,2.60,1.50
2011.10.24 19:39:05.011,1.72536,1.72591,1.33,1.13
2011.10.24 19:39:05.239,1.72526,1.72585,1.65,1.50
2011.10.24 19:39:05.359,1.72535,1.7259,1.28,1.13
2011.10.24 19:39:05.698,1.72547,1.72591,1.28,1.13
2011.10.24 19:39:08.166,1.72545,1.72591,1.28,1.13
2011.10.24 19:39:08.411,1.72547,1.72591,1.28,1.13
2011.10.24 19:39:09.060,1.72547,1.72596,1.28,1.13
2011.10.24 19:39:10.068,1.72547,1.72596,1.28,1.13
2011.10.24 19:39:15.126,1.72547,1.72596,1.28,1.13
2011.10.24 19:39:15.375,1.72547,1.72596,1.28,1.13
2011.10.24 19:39:17.355,1.72533,1.72593,1.85,1.50
2011.10.24 19:39:17.942,1.72533,1.72591,1.85,1.50
2011.10.24 19:39:18.067,1.72527,1.72589,1.50,2.03
2011.10.24 19:39:18.288,1.72527,1.72589,1.50,2.03
2011.10.24 19:39:18.520,1.72517,1.72576,1.28,1.50
2011.10.24 19:39:19.468,1.72516,1.72576,2.60,1.50
2011.10.24 19:39:19.991,1.72516,1.72576,2.60,1.50
2011.10.24 19:39:21.132,1.72516,1.72576,2.60,1.50
2011.10.24 19:39:23.441,1.72516,1.72576,2.60,1.50
2011.10.24 19:39:26.011,1.7251,1.72567,1.28,1.88
2011.10.24 19:39:26.127,1.72507,1.72567,2.03,1.88
2011.10.24 19:39:27.107,1.72506,1.72567,2.03,1.88
2011.10.24 19:39:27.617,1.72507,1.72567,2.25,1.88
2011.10.24 19:39:27.982,1.72536,1.72585,1.50,1.13
2011.10.24 19:39:28.210,1.7253,1.72586,1.28,1.13
2011.10.24 19:39:29.126,1.7253,1.72585,1.28,1.13
2011.10.24 19:39:29.687,1.72533,1.72579,1.28,1.13
2011.10.24 19:39:30.027,1.72531,1.72579,1.28,1.13
2011.10.24 19:39:34.678,1.72531,1.72579,1.28,1.13
2011.10.24 19:39:34.800,1.72527,1.72579,1.50,1.13
2011.10.24 19:39:35.357,1.7252,1.72579,1.28,1.13
2011.10.24 19:39:35.907,1.7252,1.72579,1.28,1.13
2011.10.24 19:39:39.247,1.7252,1.72579,1.28,1.13
2011.10.24 19:39:40.109,1.7252,1.72579,1.28,1.13
2011.10.24 19:39:40.668,1.72517,1.72578,1.50,1.50
2011.10.24 19:39:41.568,1.72517,1.72578,1.50,1.50
2011.10.24 19:39:43.853,1.7251,1.72567,1.28,1.13
2011.10.24 19:39:43.969,1.72508,1.72567,1.28,1.13
2011.10.24 19:39:45.317,1.72508,1.72567,1.28,1.13
2011.10.24 19:39:46.041,1.72505,1.72567,1.50,1.13
2011.10.24 19:39:47.036,1.72505,1.72567,1.50,1.13
2011.10.24 19:39:48.991,1.72506,1.72567,2.78,1.13
2011.10.24 19:39:49.220,1.72509,1.72567,1.28,1.50
2011.10.24 19:39:49.811,1.72508,1.72568,1.28,1.50
2011.10.24 19:39:50.438,1.72509,1.72567,1.65,1.50
2011.10.24 19:39:50.557,1.72515,1.72568,1.50,1.13
2011.10.24 19:39:50.873,1.72518,1.72569,1.28,1.13
2011.10.24 19:39:53.484,1.72518,1.72567,1.28,2.10
2011.10.24 19:39:53.823,1.72483,1.72533,1.65,1.88
2011.10.24 19:39:53.946,1.72504,1.72534,1.13,1.13
2011.10.24 19:39:54.064,1.72501,1.72556,1.50,2.03
2011.10.24 19:39:54.180,1.72507,1.72563,1.28,1.13
2011.10.24 19:39:54.408,1.72504,1.72552,2.03,1.13
2011.10.24 19:39:55.295,1.72502,1.72552,2.03,1.13
2011.10.24 19:39:55.909,1.72506,1.72551,1.28,1.13
2011.10.24 19:39:56.027,1.72501,1.72551,2.78,1.13
2011.10.24 19:39:57.117,1.72512,1.72563,1.28,1.13
2011.10.24 19:39:57.351,1.72522,1.72581,1.28,1.50
2011.10.24 19:39:57.471,1.72515,1.72575,1.33,1.13
2011.10.24 19:39:57.808,1.72501,1.72558,1.28,1.50
2011.10.24 19:40:00.069,1.72496,1.72549,1.50,1.13
2011.10.24 19:40:00.302,1.72496,1.72549,1.28,1.50
2011.10.24 19:40:00.418,1.72496,1.72549,1.28,1.50
2011.10.24 19:40:00.538,1.72492,1.72549,1.28,1.50
2011.10.24 19:40:01.043,1.72492,1.72549,1.28,1.50
2011.10.24 19:40:02.259,1.72492,1.72549,1.28,2.25
2011.10.24 19:40:03.607,1.72496,1.72549,1.28,2.25
2011.10.24 19:40:03.951,1.72501,1.72549,1.28,1.50
2011.10.24 19:40:04.291,1.72509,1.72558,1.50,1.13
2011.10.24 19:40:04.523,1.72509,1.7255,1.50,1.13
2011.10.24 19:40:04.641,1.72504,1.7255,1.28,1.13
2011.10.24 19:40:04.760,1.72494,1.7255,1.28,1.88
2011.10.24 19:40:05.888,1.72493,1.7255,1.28,1.88
2011.10.24 19:40:07.317,1.72493,1.7255,1.28,1.88
2011.10.24 19:40:09.251,1.72493,1.7254,1.28,1.13
2011.10.24 19:40:11.828,1.72493,1.72541,1.28,1.13
2011.10.24 19:40:13.457,1.72493,1.72541,1.28,1.13
2011.10.24 19:40:17.087,1.72492,1.72541,1.28,1.13
2011.10.24 19:40:18.497,1.72492,1.72541,1.28,1.13
2011.10.24 19:40:19.268,1.72492,1.72543,1.28,1.13
2011.10.24 19:40:19.528,1.72488,1.72543,1.50,1.13
2011.10.24 19:40:20.398,1.72488,1.72543,1.50,1.13
2011.10.24 19:40:22.817,1.72488,1.72543,1.50,1.13
2011.10.24 19:40:28.116,1.72488,1.72543,1.50,1.13
2011.10.24 19:40:28.890,1.72491,1.72543,1.28,1.13
2011.10.24 19:40:29.129,1.72494,1.72543,1.28,1.13
2011.10.24 19:40:29.891,1.72494,1.72541,1.28,1.13
2011.10.24 19:40:30.337,1.72496,1.72542,1.28,1.13
2011.10.24 19:40:32.620,1.72496,1.7255,2.03,1.50
2011.10.24 19:40:32.860,1.72495,1.72549,1.28,1.50
2011.10.24 19:40:34.769,1.72495,1.72529,1.28,1.13
2011.10.24 19:40:34.998,1.72462,1.7252,1.85,1.13
2011.10.24 19:40:36.160,1.72452,1.72508,1.28,1.13
2011.10.24 19:40:36.530,1.72452,1.72509,1.65,1.50
2011.10.24 19:40:36.868,1.72463,1.72509,1.28,1.50
2011.10.24 19:40:37.619,1.72452,1.72508,1.28,1.88
2011.10.24 19:40:39.387,1.72452,1.7251,1.28,1.50
2011.10.24 19:40:41.737,1.72454,1.7251,1.28,1.50
2011.10.24 19:40:42.079,1.72463,1.72518,1.28,1.50
2011.10.24 19:40:43.391,1.72462,1.72518,1.28,1.50
2011.10.24 19:40:44.253,1.72463,1.72518,1.28,1.50
2011.10.24 19:40:45.405,1.72464,1.72518,1.28,1.50
2011.10.24 19:40:49.620,1.72456,1.72517,1.85,1.50
2011.10.24 19:40:49.739,1.72455,1.72514,1.33,2.10
2011.10.24 19:40:50.082,1.72442,1.72504,1.33,1.88
2011.10.24 19:40:50.199,1.72439,1.72502,1.50,1.50
2011.10.24 19:40:51.026,1.72448,1.72502,1.28,1.50
2011.10.24 19:40:52.058,1.72452,1.72514,1.13,1.50
2011.10.24 19:40:53.003,1.72453,1.72514,1.13,1.50
2011.10.24 19:40:53.504,1.7246,1.72514,1.28,1.50
2011.10.24 19:40:54.085,1.72454,1.72503,1.28,1.50
2011.10.24 19:40:54.202,1.72449,1.72501,1.28,1.13
2011.10.24 19:40:54.323,1.72441,1.72501,1.50,1.13
2011.10.24 19:40:54.879,1.72442,1.72501,2.03,1.13
2011.10.24 19:40:55.109,1.72442,1.72492,1.28,1.50
2011.10.24 19:40:55.230,1.72442,1.72501,1.28,1.50
2011.10.24 19:40:56.190,1.72444,1.72501,1.28,2.25
2011.10.24 19:40:56.527,1.72448,1.72508,1.28,1.50
2011.10.24 19:40:56.940,1.72452,1.72508,1.28,1.50
2011.10.24 19:40:57.518,1.72451,1.72508,1.28,1.50
2011.10.24 19:40:58.252,1.72452,1.72508,1.28,1.50
2011.10.24 19:40:59.319,1.72445,1.72508,1.50,1.50
2011.10.24 19:40:59.444,1.72439,1.72501,1.28,1.50
2011.10.24 19:40:59.597,1.72435,1.72501,1.50,1.50
2011.10.24 19:41:01.396,1.72444,1.72501,1.28,1.50
2011.10.24 19:41:02.031,1.72444,1.72506,2.03,1.20
2011.10.24 19:41:02.149,1.72446,1.72509,2.25,1.68
2011.10.24 19:41:02.269,1.72448,1.72509,2.03,1.50
2011.10.24 19:41:02.871,1.72446,1.72509,1.50,1.50
2011.10.24 19:41:03.209,1.72446,1.72504,1.50,1.88
2011.10.24 19:41:03.661,1.72446,1.72494,1.50,1.35
2011.10.24 19:41:03.789,1.72422,1.72484,2.60,1.13
2011.10.24 19:41:04.440,1.72422,1.72484,2.60,1.13
2011.10.24 19:41:04.778,1.72421,1.7248,1.50,1.13
2011.10.24 19:41:04.899,1.72412,1.72472,1.28,1.50
2011.10.24 19:41:05.020,1.72412,1.72461,1.28,1.50
2011.10.24 19:41:05.138,1.724,1.72461,1.28,1.50
2011.10.24 19:41:05.260,1.72406,1.72468,1.50,1.13
2011.10.24 19:41:05.869,1.72406,1.72468,1.50,2.10
2011.10.24 19:41:06.620,1.72406,1.72463,2.03,1.13
2011.10.24 19:41:06.738,1.72396,1.72457,2.60,1.50
2011.10.24 19:41:07.397,1.72404,1.72465,1.50,1.65
2011.10.24 19:41:07.544,1.72395,1.72447,1.28,1.13
2011.10.24 19:41:07.657,1.72385,1.72447,1.70,1.13
2011.10.24 19:41:08.438,1.72385,1.72447,1.33,1.13
2011.10.24 19:41:08.999,1.72386,1.72447,1.70,1.13
2011.10.24 19:41:09.341,1.72383,1.72444,1.50,1.13
2011.10.24 19:41:09.463,1.72377,1.72436,1.33,1.50
2011.10.24 19:41:09.581,1.72377,1.72436,1.70,1.50
2011.10.24 19:41:10.183,1.72384,1.72447,1.50,1.50
2011.10.24 19:41:10.666,1.72386,1.72448,1.28,1.50
2011.10.24 19:41:10.791,1.72394,1.72451,1.50,1.28
2011.10.24 19:41:10.911,1.72394,1.72457,1.50,1.88
2011.10.24 19:41:11.031,1.72397,1.72457,1.88,1.50
2011.10.24 19:41:11.751,1.72395,1.72457,2.18,1.50
2011.10.24 19:41:11.871,1.72403,1.72457,1.28,1.50
2011.10.24 19:41:12.501,1.72401,1.72457,1.28,1.50
2011.10.24 19:41:13.600,1.72401,1.72457,2.03,1.50
2011.10.24 19:41:13.968,1.7241,1.72458,1.13,1.50
2011.10.24 19:41:14.199,1.72434,1.7249,1.50,1.13
2011.10.24 19:41:14.813,1.72437,1.7249,1.28,1.13
2011.10.24 19:41:15.367,1.72434,1.7249,3.15,1.13
2011.10.24 19:41:16.689,1.72436,1.72489,1.50,1.13
2011.10.24 19:41:17.467,1.72436,1.72489,1.50,1.13
2011.10.24 19:41:19.359,1.72436,1.72495,1.50,1.13
2011.10.24 19:41:21.079,1.72436,1.72495,1.50,1.13
2011.10.24 19:41:22.306,1.72436,1.72495,1.50,1.13
2011.10.24 19:41:24.726,1.72436,1.72495,1.50,1.13
2011.10.24 19:41:25.445,1.72436,1.72495,1.50,1.13
2011.10.24 19:41:25.929,1.72444,1.72506,1.50,2.40
2011.10.24 19:41:26.499,1.72436,1.72498,1.50,1.50
2011.10.24 19:41:28.038,1.72436,1.72498,1.50,1.50
2011.10.24 19:41:29.356,1.72436,1.72498,1.50,1.13
2011.10.24 19:41:29.920,1.72436,1.72498,1.50,1.13
2011.10.24 19:41:30.374,1.72429,1.72496,1.28,1.13
2011.10.24 19:41:30.487,1.72427,1.72491,1.50,1.50
2011.10.24 19:41:30.813,1.72429,1.72496,1.28,1.13
2011.10.24 19:41:30.929,1.72438,1.725,1.50,1.50
2011.10.24 19:41:31.047,1.72438,1.725,1.50,1.88
2011.10.24 19:41:31.637,1.72446,1.725,1.50,1.13
2011.10.24 19:41:32.197,1.72446,1.72508,1.50,1.13
2011.10.24 19:41:34.128,1.72446,1.72508,1.50,2.03
2011.10.24 19:41:34.978,1.72446,1.72508,1.50,2.03
2011.10.24 19:41:37.547,1.72452,1.72512,1.28,2.78
2011.10.24 19:41:39.280,1.72459,1.72519,1.50,1.13
2011.10.24 19:41:40.641,1.72459,1.72519,1.50,1.13
2011.10.24 19:41:40.762,1.72452,1.72511,1.28,1.13
2011.10.24 19:41:40.882,1.72445,1.7251,1.50,1.13
2011.10.24 19:41:41.006,1.72431,1.72466,1.33,2.78
2011.10.24 19:41:41.125,1.72416,1.72465,1.50,1.50
2011.10.24 19:41:41.240,1.72416,1.72466,1.50,2.03
2011.10.24 19:41:42.078,1.72416,1.72479,1.50,1.50
2011.10.24 19:41:42.759,1.72419,1.72479,1.28,1.50
2011.10.24 19:41:42.878,1.72428,1.72492,1.50,1.50
2011.10.24 19:41:43.428,1.7243,1.72492,1.28,1.50
2011.10.24 19:41:45.098,1.72428,1.72492,2.78,1.50
2011.10.24 19:41:45.409,1.72432,1.72492,1.28,1.50
2011.10.24 19:41:46.790,1.72434,1.72492,1.28,1.50
2011.10.24 19:41:48.328,1.72434,1.72492,2.03,1.50
2011.10.24 19:41:49.236,1.72437,1.72499,1.50,1.50
2011.10.24 19:41:49.570,1.72434,1.72491,1.28,1.50
2011.10.24 19:41:49.688,1.72428,1.72491,2.03,1.50
2011.10.24 19:41:49.919,1.72433,1.72491,1.28,1.50
2011.10.24 19:41:50.258,1.72437,1.72501,1.50,1.50
2011.10.24 19:42:27.739,1.72427,1.72492,2.03,1.50
2011.10.24 19:42:30.010,1.72432,1.72492,1.28,1.50
2011.10.24 19:42:30.349,1.72437,1.72498,1.50,1.13
2011.10.24 19:42:39.118,1.72437,1.72499,1.50,1.50
2011.10.24 19:42:39.772,1.72437,1.72499,1.50,1.50
2011.10.24 19:42:40.597,1.72437,1.72498,1.50,2.03
2011.10.24 19:42:48.915,1.72437,1.72499,1.50,1.50
2011.10.24 19:42:50.368,1.72437,1.72499,1.50,1.50
2011.10.24 19:42:52.655,1.72437,1.72501,1.50,1.50
2011.10.24 19:42:53.233,1.7245,1.72509,1.50,1.65
2011.10.24 19:42:53.956,1.72442,1.72505,1.50,1.13
2011.10.24 19:42:54.070,1.72439,1.72505,1.50,1.88
2011.10.24 19:42:58.194,1.72458,1.72513,1.50,2.03
2011.10.24 19:42:59.267,1.72458,1.72519,1.50,1.13
2011.10.24 19:43:01.491,1.72457,1.72513,1.28,2.25
2011.10.24 19:43:01.611,1.72449,1.72512,1.50,1.50
2011.10.24 19:43:02.214,1.72426,1.72492,1.50,1.50
2011.10.24 19:43:03.824,1.72437,1.72501,1.50,1.50
2011.10.24 19:43:05.190,1.72425,1.72491,1.50,1.50
2011.10.24 19:43:05.527,1.72401,1.72465,1.13,1.50
2011.10.24 19:43:06.127,1.72399,1.72465,1.50,1.50
2011.10.24 19:43:06.438,1.72399,1.72463,1.50,1.13
2011.10.24 19:43:06.670,1.72388,1.72454,1.50,1.50
2011.10.24 19:43:07.121,1.72381,1.72445,1.28,1.35
2011.10.24 19:43:07.239,1.72373,1.72437,1.50,1.50
2011.10.24 19:43:07.751,1.72364,1.72433,1.28,1.28
2011.10.24 19:43:07.879,1.72361,1.72425,1.50,1.50
2011.10.24 19:43:08.880,1.72371,1.72437,1.50,1.50
2011.10.24 19:43:09.510,1.72381,1.72445,1.50,1.50
2011.10.24 19:43:10.724,1.72369,1.72433,1.50,1.50
2011.10.24 19:43:33.944,1.72358,1.72424,1.50,1.50
2011.10.24 19:43:38.778,1.72361,1.7243,1.28,2.78
2011.10.24 19:43:39.322,1.72368,1.7243,1.50,2.03
2011.10.24 19:43:40.289,1.72375,1.72432,1.28,1.50
2011.10.24 19:43:40.943,1.72371,1.72432,1.28,1.50
2011.10.24 19:43:43.370,1.7237,1.72432,2.03,1.50
2011.10.24 19:44:00.907,1.72377,1.72435,2.03,1.13
2011.10.24 19:44:01.238,1.72361,1.72425,1.50,1.50
2011.10.24 19:44:08.011,1.72371,1.72435,1.50,2.25
2011.10.24 19:44:08.131,1.72371,1.72435,1.50,1.50
2011.10.24 19:44:09.498,1.72365,1.72428,1.28,1.50
2011.10.24 19:44:10.162,1.72363,1.72428,2.03,1.50
2011.10.24 19:44:19.447,1.72362,1.72426,1.50,1.13
2011.10.24 19:44:24.129,1.72363,1.72428,2.03,1.50
2011.10.24 19:44:24.249,1.72363,1.72426,2.03,1.13
2011.10.24 19:44:26.049,1.72362,1.72427,1.50,2.03
2011.10.24 19:44:27.457,1.72365,1.72428,1.28,1.50
2011.10.24 19:44:27.880,1.72365,1.72429,2.03,1.50
2011.10.24 19:44:27.998,1.72371,1.72433,1.50,1.50
2011.10.24 19:44:29.009,1.72385,1.72435,1.50,1.13
2011.10.24 19:44:29.492,1.72377,1.72443,2.03,1.50
2011.10.24 19:44:29.608,1.72375,1.72439,1.50,1.50
2011.10.24 19:44:30.672,1.72375,1.72438,1.50,1.50
2011.10.24 19:44:35.558,1.72375,1.72439,1.50,1.50
2011.10.24 19:44:42.347,1.72376,1.72439,1.13,1.50
2011.10.24 19:44:42.808,1.72379,1.72444,1.13,1.50
2011.10.24 19:44:42.928,1.72386,1.72447,1.50,1.50
2011.10.24 19:44:45.417,1.72379,1.72444,1.65,1.50
2011.10.24 19:44:45.538,1.72374,1.72436,1.50,1.50
2011.10.24 19:44:45.661,1.7238,1.72439,1.13,2.03
2011.10.24 19:44:45.888,1.72385,1.72439,1.50,1.28
2011.10.24 19:44:46.007,1.72385,1.72447,1.50,1.50
2011.10.24 19:44:48.740,1.72387,1.72447,1.33,1.50
2011.10.24 19:44:48.860,1.72387,1.72449,1.33,1.50
2011.10.24 19:44:49.447,1.72387,1.72449,1.70,1.50
2011.10.24 19:44:49.798,1.72387,1.72447,1.70,1.50
2011.10.24 19:44:50.360,1.72387,1.72449,1.70,1.50
2011.10.24 19:44:51.031,1.72387,1.72449,1.70,1.50
2011.10.24 19:44:53.265,1.72387,1.72449,1.70,1.50
2011.10.24 19:44:53.838,1.72387,1.72449,1.70,1.50
2011.10.24 19:44:54.379,1.72387,1.72447,1.70,1.50
2011.10.24 19:44:55.071,1.72387,1.72447,1.70,1.50
2011.10.24 19:44:55.869,1.72384,1.72437,1.33,1.50
2011.10.24 19:44:57.129,1.72377,1.72437,1.33,2.78
2011.10.24 19:44:57.688,1.72377,1.72437,1.33,1.50
2011.10.24 19:44:58.769,1.7237,1.72424,1.33,2.03
2011.10.24 19:44:59.329,1.7237,1.72424,1.33,1.28
2011.10.24 19:44:59.873,1.72367,1.72424,1.70,1.28
2011.10.24 19:45:00.460,1.72366,1.72421,1.33,1.50
2011.10.24 19:45:01.361,1.72367,1.72428,1.33,1.13
2011.10.24 19:45:01.590,1.72368,1.72427,1.33,1.50
2011.10.24 19:45:01.709,1.72368,1.72428,1.33,1.13
2011.10.24 19:45:02.493,1.72368,1.72429,1.33,1.13
2011.10.24 19:45:03.599,1.72369,1.7243,1.33,1.50
2011.10.24 19:45:03.762,1.72369,1.72429,1.33,1.50
2011.10.24 19:45:04.321,1.72368,1.72426,1.33,2.03
2011.10.24 19:45:05.500,1.72369,1.72426,1.33,2.03
2011.10.24 19:45:05.624,1.72369,1.72429,1.33,1.13
2011.10.24 19:45:06.113,1.72369,1.72429,1.33,1.88
2011.10.24 19:45:06.450,1.72369,1.72421,1.33,1.50
2011.10.24 19:45:08.365,1.72368,1.72421,1.33,1.50
2011.10.24 19:45:08.517,1.72388,1.72437,1.33,1.28
2011.10.24 19:45:08.739,1.72381,1.72437,1.13,1.28
2011.10.24 19:45:08.859,1.72378,1.72441,1.13,1.50
2011.10.24 19:45:09.380,1.72378,1.72441,1.70,1.50
2011.10.24 19:45:09.901,1.72383,1.72444,1.33,1.50
2011.10.24 19:45:10.021,1.72385,1.72448,1.50,1.50
2011.10.24 19:45:10.190,1.72385,1.72449,1.50,1.50
2011.10.24 19:45:12.716,1.72385,1.72448,1.50,1.50
2011.10.24 19:45:13.051,1.72378,1.7244,1.70,1.50
2011.10.24 19:45:17.507,1.72378,1.7244,1.70,1.50
2011.10.24 19:45:18.669,1.72378,1.72435,1.70,1.28
2011.10.24 19:45:19.008,1.7238,1.7244,1.33,1.50
2011.10.24 19:45:23.043,1.72378,1.7244,1.33,1.50
2011.10.24 19:45:25.081,1.72378,1.7244,1.33,2.78
2011.10.24 19:45:25.197,1.72378,1.72438,1.33,1.50
2011.10.24 19:45:27.262,1.72378,1.7244,1.33,2.78
2011.10.24 19:45:27.818,1.7238,1.7244,1.85,1.50
2011.10.24 19:45:29.628,1.72399,1.7245,1.50,1.28
2011.10.24 19:45:30.188,1.72399,1.72462,1.50,2.10
2011.10.24 19:45:31.685,1.72399,1.72461,1.50,1.50
2011.10.24 19:45:32.020,1.72385,1.72448,1.50,1.50
2011.10.24 19:45:32.434,1.72384,1.72448,1.50,1.50
2011.10.24 19:45:36.183,1.72382,1.72446,1.33,2.03
2011.10.24 19:45:36.587,1.72376,1.72438,1.70,1.50
2011.10.24 19:45:36.931,1.72376,1.72439,1.33,1.50
2011.10.24 19:45:37.729,1.72376,1.72438,1.33,1.50
2011.10.24 19:45:37.848,1.72376,1.72439,1.33,1.50
2011.10.24 19:45:38.412,1.72376,1.72439,1.33,1.50
2011.10.24 19:45:38.529,1.72376,1.72438,1.33,1.50
2011.10.24 19:45:39.483,1.72375,1.72436,1.50,2.03
2011.10.24 19:45:47.939,1.72375,1.72434,1.50,1.50
2011.10.24 19:45:48.058,1.72363,1.72424,1.28,1.88
2011.10.24 19:45:48.178,1.72361,1.72424,1.33,3.15
2011.10.24 19:45:48.939,1.72365,1.7243,2.03,1.28
2011.10.24 19:45:49.062,1.72369,1.72433,1.50,1.50
2011.10.24 19:45:49.529,1.72372,1.72434,1.13,2.03
2011.10.24 19:45:50.361,1.72376,1.72435,1.28,1.50
2011.10.24 19:45:50.703,1.7238,1.72444,1.50,1.50
2011.10.24 19:45:51.300,1.7238,1.72444,3.15,1.50
2011.10.24 19:45:51.420,1.72382,1.72444,1.50,1.50
2011.10.24 19:45:52.379,1.72389,1.72446,1.33,1.50
2011.10.24 19:45:52.910,1.72388,1.72444,1.33,1.13
2011.10.24 19:45:53.414,1.72388,1.72444,2.60,1.13
2011.10.24 19:45:53.971,1.72389,1.72446,1.33,2.25
2011.10.24 19:45:55.462,1.72389,1.72446,1.33,1.50
2011.10.24 19:45:56.353,1.72389,1.72446,1.33,1.50
2011.10.24 19:45:56.690,1.72394,1.72454,1.33,2.63
2011.10.24 19:45:57.467,1.72394,1.72454,1.33,2.25
2011.10.24 19:45:59.761,1.724,1.72454,1.33,1.50
2011.10.24 19:46:00.290,1.72401,1.72461,1.70,1.13
2011.10.24 19:46:00.908,1.72401,1.72461,1.70,1.13
2011.10.24 19:46:03.333,1.72401,1.72451,1.70,2.03
2011.10.24 19:46:03.824,1.724,1.72448,1.33,1.50
2011.10.24 19:46:03.934,1.724,1.72459,1.33,1.50
2011.10.24 19:46:04.378,1.72405,1.72465,1.70,1.50
2011.10.24 19:46:04.636,1.72403,1.72463,1.70,1.28
2011.10.24 19:46:06.289,1.724,1.72443,1.33,1.50
2011.10.24 19:46:06.411,1.72385,1.72445,1.33,1.50
2011.10.24 19:46:08.009,1.72394,1.72456,1.70,2.78
2011.10.24 19:46:08.129,1.72394,1.72457,1.70,1.50
2011.10.24 19:46:08.249,1.72405,1.72463,1.33,1.28
2011.10.24 19:46:08.479,1.72406,1.72467,1.50,1.13
2011.10.24 19:46:09.390,1.72406,1.72469,1.50,1.50
2011.10.24 19:46:10.042,1.72412,1.72469,1.33,1.50
2011.10.24 19:46:10.589,1.72412,1.72469,1.33,1.50
2011.10.24 19:46:12.608,1.72412,1.72469,1.33,1.50
2011.10.24 19:46:13.212,1.72412,1.72469,1.33,1.50
2011.10.24 19:46:13.550,1.72412,1.72446,1.33,1.05
2011.10.24 19:46:14.898,1.72381,1.72423,1.28,1.13
2011.10.24 19:46:15.055,1.72361,1.72424,2.78,1.13
2011.10.24 19:46:20.103,1.72372,1.72429,1.50,1.35
2011.10.24 19:46:20.439,1.72372,1.72435,1.50,1.50
2011.10.24 19:46:22.057,1.72372,1.72435,1.50,1.50
2011.10.24 19:46:23.677,1.72372,1.72435,1.50,1.50
2011.10.24 19:46:24.762,1.72372,1.72435,1.50,1.50
2011.10.24 19:46:25.298,1.72376,1.72435,1.28,1.50
2011.10.24 19:46:27.529,1.72402,1.72464,1.50,1.88
2011.10.24 19:46:27.978,1.72402,1.7246,1.50,2.03
2011.10.24 19:46:28.100,1.72393,1.72451,1.50,1.28
2011.10.24 19:46:28.701,1.72386,1.72448,1.33,1.35
2011.10.24 19:46:28.818,1.72385,1.72447,1.33,1.35
2011.10.24 19:46:29.419,1.72384,1.72447,1.50,1.35
2011.10.24 19:46:29.860,1.72379,1.72436,1.28,1.35
2011.10.24 19:46:29.981,1.72374,1.72436,1.50,1.35
2011.10.24 19:46:31.778,1.72374,1.72433,1.50,1.13
2011.10.24 19:46:32.018,1.72347,1.72405,1.65,1.88
2011.10.24 19:46:32.251,1.72343,1.72405,1.50,1.88
2011.10.24 19:46:34.672,1.72339,1.72398,2.03,1.28
2011.10.24 19:46:34.790,1.72339,1.72397,2.03,1.13
2011.10.24 19:46:34.912,1.72339,1.72402,1.50,1.50
2011.10.24 19:46:35.033,1.72339,1.72401,1.50,2.78
2011.10.24 19:46:35.368,1.72331,1.7239,1.85,1.50
2011.10.24 19:46:36.034,1.72332,1.7239,1.85,1.50
2011.10.24 19:46:36.152,1.72337,1.72399,1.33,1.35
2011.10.24 19:46:36.700,1.72336,1.72394,1.33,1.50
2011.10.24 19:46:38.119,1.7233,1.72392,1.33,1.50
2011.10.24 19:46:39.239,1.72337,1.72396,1.33,2.03
2011.10.24 19:46:39.359,1.72341,1.72403,1.50,1.35
2011.10.24 19:46:39.482,1.72364,1.72405,2.10,1.50
2011.10.24 19:46:39.603,1.72374,1.72409,1.35,1.13
2011.10.24 19:46:39.722,1.72376,1.72442,1.50,1.50
2011.10.24 19:46:41.028,1.72379,1.72449,1.28,1.28
2011.10.24 19:46:41.150,1.72388,1.72454,1.50,1.50
2011.10.24 19:46:41.712,1.72381,1.72428,1.28,1.13
2011.10.24 19:46:41.833,1.72362,1.72426,1.50,1.13
2011.10.24 19:46:43.349,1.72366,1.72428,1.28,1.50
2011.10.24 19:46:43.802,1.72366,1.72433,2.03,1.50
2011.10.24 19:46:43.924,1.72371,1.72435,3.15,1.50
2011.10.24 19:46:44.449,1.72371,1.72427,2.40,1.13
2011.10.24 19:46:45.094,1.72355,1.72415,1.33,1.50
2011.10.24 19:46:45.207,1.72353,1.72415,1.33,1.50
2011.10.24 19:46:46.021,1.72362,1.72425,1.50,1.88
2011.10.24 19:46:46.140,1.72362,1.72425,1.50,1.13
2011.10.24 19:46:48.841,1.72362,1.72425,1.50,1.50
2011.10.24 19:46:51.018,1.72365,1.72426,1.28,1.50
2011.10.24 19:46:51.134,1.72371,1.72434,1.50,2.78
2011.10.24 19:46:53.693,1.72371,1.72437,1.50,1.50
2011.10.24 19:46:55.582,1.72374,1.72443,1.28,2.25
2011.10.24 19:46:55.696,1.7238,1.72443,1.50,1.50
2011.10.24 19:46:59.007,1.72389,1.72452,1.50,1.50
2011.10.24 19:47:00.587,1.72389,1.72452,1.50,1.50
2011.10.24 19:47:01.362,1.72381,1.72452,1.50,2.03
2011.10.24 19:47:01.477,1.72379,1.72444,1.50,1.50
2011.10.24 19:47:03.808,1.72379,1.72443,1.50,1.50
2011.10.24 19:47:04.365,1.72379,1.72444,1.50,1.50
2011.10.24 19:47:11.545,1.72381,1.72443,1.13,1.50
2011.10.24 19:47:12.246,1.7237,1.72434,1.50,1.50
2011.10.24 19:47:12.460,1.72381,1.72445,1.13,1.50
2011.10.24 19:47:13.059,1.72381,1.72442,1.13,1.28
2011.10.24 19:47:13.888,1.72381,1.72442,1.13,1.28
2011.10.24 19:47:14.010,1.72385,1.72443,1.33,1.50
2011.10.24 19:47:15.452,1.72384,1.72444,1.33,1.50
2011.10.24 19:47:15.750,1.72384,1.72443,1.33,1.50
2011.10.24 19:47:17.207,1.72384,1.72443,1.33,1.50
2011.10.24 19:47:17.848,1.72385,1.72443,1.33,1.50
2011.10.24 19:47:18.960,1.72384,1.72443,1.33,1.50
2011.10.24 19:47:23.391,1.72372,1.72431,1.33,1.50
2011.10.24 19:47:23.998,1.72372,1.72431,1.33,1.50
2011.10.24 19:47:24.118,1.72377,1.72431,1.33,1.50
2011.10.24 19:47:26.251,1.72382,1.72444,1.13,1.50
2011.10.24 19:47:26.373,1.72382,1.72444,1.50,2.25
2011.10.24 19:47:26.490,1.72382,1.72442,1.50,1.50
2011.10.24 19:47:27.101,1.72382,1.72442,1.50,2.78
2011.10.24 19:47:27.381,1.72382,1.72442,1.50,2.03
2011.10.24 19:47:29.214,1.72382,1.72442,1.50,2.03
2011.10.24 19:47:29.656,1.72382,1.72442,1.50,2.78
2011.10.24 19:47:29.996,1.72382,1.72443,1.50,1.50
2011.10.24 19:47:30.869,1.72382,1.72443,1.50,1.50
2011.10.24 19:47:34.376,1.72382,1.72443,1.50,1.50
2011.10.24 19:47:36.439,1.72382,1.72443,1.70,1.50
2011.10.24 19:47:37.204,1.72382,1.72443,2.08,1.50
2011.10.24 19:47:37.715,1.72382,1.72443,1.70,1.50
2011.10.24 19:47:38.020,1.72391,1.72447,1.50,1.28
2011.10.24 19:47:38.141,1.72391,1.72452,1.50,1.28
2011.10.24 19:47:38.258,1.72391,1.72455,1.50,1.50
2011.10.24 19:47:45.607,1.72391,1.72457,1.50,2.78
2011.10.24 19:47:45.837,1.72391,1.72455,1.50,1.50
2011.10.24 19:47:49.077,1.72391,1.72457,1.50,1.50
2011.10.24 19:47:49.311,1.72391,1.72455,1.50,1.50
2011.10.24 19:47:56.146,1.72391,1.72457,1.50,1.50
2011.10.24 19:47:56.768,1.72401,1.72464,1.50,1.50
2011.10.24 19:48:01.969,1.72393,1.72452,1.28,1.13
2011.10.24 19:48:02.090,1.72389,1.72449,1.65,1.50
2011.10.24 19:48:09.338,1.72386,1.72449,1.33,1.50
2011.10.24 19:48:09.459,1.72384,1.72449,1.33,1.50
2011.10.24 19:48:12.290,1.72403,1.72455,1.50,2.03
2011.10.24 19:48:12.407,1.72404,1.72466,1.13,2.25
2011.10.24 19:48:13.729,1.72404,1.72466,1.13,2.25
2011.10.24 19:48:14.826,1.72404,1.72466,1.13,2.25
2011.10.24 19:48:15.490,1.72404,1.72466,1.13,2.25
2011.10.24 19:48:19.526,1.72404,1.72466,2.08,1.50
2011.10.24 19:48:25.416,1.72404,1.72466,1.70,1.50
2011.10.24 19:48:29.436,1.72407,1.72466,1.33,1.50
2011.10.24 19:48:29.558,1.72413,1.7247,1.13,2.03
2011.10.24 19:48:29.677,1.72413,1.72474,1.13,2.03
2011.10.24 19:48:38.520,1.72413,1.72471,1.13,1.28
2011.10.24 19:48:39.372,1.72414,1.72471,1.33,1.28
2011.10.24 19:48:39.960,1.72414,1.72471,1.70,1.28
2011.10.24 19:48:40.301,1.72405,1.72463,1.33,2.03
2011.10.24 19:48:41.031,1.72405,1.72456,1.33,2.03
2011.10.24 19:48:42.147,1.72405,1.72455,1.33,2.03
2011.10.24 19:48:44.066,1.72405,1.72455,1.33,2.03
2011.10.24 19:48:44.630,1.72405,1.72455,1.33,2.03
2011.10.24 19:48:47.974,1.72405,1.72456,1.33,2.03
2011.10.24 19:48:48.088,1.72393,1.72449,1.65,1.50
2011.10.24 19:48:48.208,1.72387,1.72449,1.50,1.50
2011.10.24 19:48:48.437,1.72393,1.72447,1.13,1.28
2011.10.24 19:48:48.667,1.72401,1.72462,1.50,2.03
2011.10.24 19:48:49.321,1.72401,1.72446,1.50,1.28
2011.10.24 19:48:49.547,1.72384,1.72445,1.50,2.03
2011.10.24 19:48:50.447,1.72384,1.72447,1.50,2.03
2011.10.24 19:48:51.580,1.72386,1.72454,1.28,2.78
2011.10.24 19:48:51.696,1.72393,1.72454,1.50,2.03
2011.10.24 19:49:07.410,1.72396,1.72454,1.28,2.03
2011.10.24 19:49:11.848,1.72394,1.72454,1.50,2.03
2011.10.24 19:49:13.650,1.72394,1.72447,1.50,1.28
2011.10.24 19:49:13.878,1.72385,1.72447,1.50,1.28
2011.10.24 19:49:14.278,1.72387,1.72453,1.28,1.88
2011.10.24 19:49:14.396,1.72393,1.72453,1.50,1.13
2011.10.24 19:49:18.339,1.72393,1.72448,1.50,2.03
2011.10.24 19:49:19.188,1.72385,1.72444,1.50,2.03
2011.10.24 19:49:23.652,1.72385,1.7244,1.50,2.03
2011.10.24 19:49:29.939,1.72385,1.72441,1.50,1.28
2011.10.24 19:49:30.057,1.72385,1.72441,1.50,2.03
2011.10.24 19:49:30.610,1.72385,1.72441,1.50,1.28
2011.10.24 19:49:31.099,1.72385,1.72441,1.50,2.03
2011.10.24 19:49:31.379,1.72385,1.72441,1.50,1.28
2011.10.24 19:49:32.932,1.72398,1.72441,1.50,1.28
2011.10.24 19:49:33.478,1.72398,1.72453,1.50,1.50
2011.10.24 19:49:33.806,1.72392,1.72452,1.50,1.50
2011.10.24 19:49:33.928,1.7239,1.72452,1.50,1.50
2011.10.24 19:49:36.429,1.72396,1.72454,1.33,1.50
2011.10.24 19:49:39.586,1.72395,1.72454,1.33,1.50
2011.10.24 19:49:40.477,1.72395,1.72454,1.33,1.50
2011.10.24 19:49:40.597,1.724,1.72463,1.70,1.50
2011.10.24 19:49:40.719,1.72401,1.72463,1.33,1.50
2011.10.24 19:49:46.274,1.7241,1.72473,1.50,1.50
2011.10.24 19:49:47.089,1.7241,1.72468,1.13,1.13
2011.10.24 19:49:47.322,1.7241,1.72455,1.13,1.28
2011.10.24 19:49:47.440,1.72401,1.72455,1.28,1.28
2011.10.24 19:49:47.997,1.724,1.72455,1.33,1.28
2011.10.24 19:49:48.121,1.724,1.72462,1.33,2.25
2011.10.24 19:49:48.968,1.724,1.72462,1.33,1.88
2011.10.24 19:49:49.508,1.724,1.72462,1.70,1.88
2011.10.24 19:49:50.682,1.72402,1.72462,1.33,1.88
2011.10.24 19:49:50.798,1.72402,1.72462,1.33,1.50
2011.10.24 19:49:51.682,1.72402,1.72464,1.33,1.50
2011.10.24 19:49:52.328,1.72402,1.72462,1.33,1.50
2011.10.24 19:49:52.671,1.72396,1.72454,1.33,3.53
2011.10.24 19:49:52.788,1.72396,1.72451,1.33,1.28
2011.10.24 19:49:58.269,1.72395,1.72444,1.33,2.25
2011.10.24 19:49:59.536,1.72395,1.72444,1.33,1.50
2011.10.24 19:50:00.309,1.72395,1.72444,1.33,2.25
2011.10.24 19:50:01.505,1.72396,1.72444,1.33,2.25
2011.10.24 19:50:09.587,1.7239,1.72444,1.33,1.50
2011.10.24 19:50:12.428,1.7239,1.72453,1.33,1.50
2011.10.24 19:50:15.676,1.72389,1.72453,2.08,1.50
2011.10.24 19:50:16.447,1.72389,1.72453,2.08,1.50
2011.10.24 19:50:17.009,1.72389,1.72453,2.08,1.50
2011.10.24 19:50:18.686,1.72389,1.72453,2.08,1.50
2011.10.24 19:50:19.486,1.72395,1.72453,1.33,1.50
2011.10.24 19:50:20.078,1.72399,1.72453,1.33,1.50
2011.10.24 19:50:20.669,1.72399,1.72453,1.33,1.50
2011.10.24 19:50:21.896,1.72399,1.72453,1.33,1.50
2011.10.24 19:50:23.096,1.72399,1.72462,2.08,1.50
2011.10.24 19:50:23.218,1.72406,1.72462,1.33,1.50
2011.10.24 19:50:24.887,1.72403,1.72462,1.33,1.50
2011.10.24 19:50:29.965,1.7241,1.72462,1.33,1.50
2011.10.24 19:50:33.248,1.72399,1.72462,2.98,1.50
2011.10.24 19:50:34.861,1.72399,1.72462,2.98,1.50
2011.10.24 19:50:38.088,1.72401,1.72462,2.23,1.50
2011.10.24 19:50:38.649,1.72401,1.72462,2.23,1.50
2011.10.24 19:50:39.391,1.72401,1.72462,2.23,1.50
2011.10.24 19:50:44.709,1.72414,1.72478,1.50,2.78
2011.10.24 19:50:45.736,1.72416,1.72478,1.28,1.50
2011.10.24 19:50:47.627,1.72416,1.72478,2.03,1.50
2011.10.24 19:50:47.970,1.7242,1.72478,1.35,1.50
2011.10.24 19:50:48.087,1.72424,1.72489,1.35,1.50
2011.10.24 19:50:49.557,1.72426,1.72489,1.70,1.50
2011.10.24 19:50:55.069,1.72426,1.72488,1.70,1.13
2011.10.24 19:50:55.970,1.72426,1.72488,1.70,1.13
2011.10.24 19:50:57.036,1.72426,1.72489,1.70,1.88
2011.10.24 19:50:57.720,1.72426,1.72489,1.70,1.50
2011.10.24 19:50:58.897,1.72426,1.72489,1.70,1.50
2011.10.24 19:50:59.464,1.72426,1.72489,1.70,1.50
2011.10.24 19:51:01.967,1.72426,1.72489,1.70,1.50
2011.10.24 19:51:02.536,1.72426,1.72489,1.70,1.50
2011.10.24 19:51:03.185,1.72426,1.72489,1.70,1.50
2011.10.24 19:51:04.178,1.72426,1.72489,1.70,1.50
2011.10.24 19:51:04.698,1.72426,1.72489,2.98,1.50
2011.10.24 19:51:05.206,1.72426,1.72489,1.70,1.50
2011.10.24 19:51:06.945,1.72426,1.72489,1.70,1.50
2011.10.24 19:51:08.171,1.72426,1.72489,1.70,1.50
2011.10.24 19:51:08.948,1.72426,1.72489,1.70,1.50
2011.10.24 19:51:09.557,1.72427,1.72489,1.33,1.50
2011.10.24 19:51:10.178,1.72428,1.72489,1.33,1.50
2011.10.24 19:51:10.757,1.72428,1.72489,1.33,1.50
2011.10.24 19:51:11.327,1.72428,1.72489,1.33,1.50
2011.10.24 19:51:13.334,1.72428,1.72489,1.33,1.50
2011.10.24 19:51:14.107,1.72435,1.72489,1.18,1.50
2011.10.24 19:51:14.228,1.72436,1.72497,1.18,1.50
2011.10.24 19:51:17.161,1.72435,1.72495,1.33,1.13
2011.10.24 19:51:17.706,1.72435,1.72493,1.33,1.13
2011.10.24 19:51:18.028,1.72436,1.72491,2.08,1.28
2011.10.24 19:51:18.372,1.72465,1.72518,1.13,1.13
2011.10.24 19:51:18.706,1.72468,1.72528,1.28,1.50
2011.10.24 19:51:19.597,1.72468,1.7253,1.28,1.50
2011.10.24 19:51:20.371,1.72468,1.72537,2.55,1.50
2011.10.24 19:51:20.491,1.72475,1.72539,1.50,1.50
2011.10.24 19:51:21.727,1.72471,1.72535,2.03,1.13
2011.10.24 19:51:21.847,1.72471,1.72531,1.28,1.50
2011.10.24 19:51:21.969,1.72477,1.72534,1.50,1.28
2011.10.24 19:51:22.088,1.72477,1.72539,1.50,1.50
2011.10.24 19:51:23.008,1.7247,1.72539,2.03,1.28
2011.10.24 19:51:23.127,1.72467,1.72531,1.50,1.50
2011.10.24 19:51:26.911,1.72457,1.72519,1.33,1.50
2011.10.24 19:51:27.907,1.72457,1.72519,1.33,1.50
2011.10.24 19:51:29.435,1.72455,1.72519,1.50,1.50
2011.10.24 19:51:32.559,1.72459,1.72523,1.28,2.40
2011.10.24 19:51:32.683,1.72466,1.72528,1.50,1.50
2011.10.24 19:51:35.026,1.72459,1.72528,1.50,2.03
2011.10.24 19:51:35.148,1.72462,1.72522,1.28,1.50
2011.10.24 19:51:36.330,1.72467,1.72528,1.50,2.03
2011.10.24 19:51:36.448,1.72471,1.72534,1.50,1.50
2011.10.24 19:51:39.577,1.72471,1.72535,2.78,1.50
2011.10.24 19:51:40.142,1.72473,1.72535,1.28,1.50
2011.10.24 19:51:40.661,1.72471,1.72535,1.50,1.50
2011.10.24 19:51:41.000,1.72459,1.72522,1.33,1.50
2011.10.24 19:51:41.922,1.72458,1.72522,1.33,1.50
2011.10.24 19:51:42.800,1.72458,1.72522,1.33,1.50
2011.10.24 19:51:43.957,1.72458,1.72522,1.33,1.50
2011.10.24 19:51:45.329,1.72458,1.72522,1.33,1.50
2011.10.24 19:51:47.169,1.72458,1.72522,1.70,1.50
2011.10.24 19:51:48.377,1.72458,1.72522,2.98,1.50
2011.10.24 19:51:49.468,1.72458,1.72522,2.98,1.50
2011.10.24 19:51:53.465,1.72458,1.72522,2.98,1.50
2011.10.24 19:51:54.371,1.72458,1.72522,1.70,1.50
2011.10.24 19:51:55.939,1.72466,1.72529,1.28,1.28
2011.10.24 19:51:56.060,1.72478,1.72534,1.13,2.03
2011.10.24 19:51:56.288,1.72478,1.7254,1.13,2.03
2011.10.24 19:51:58.709,1.72475,1.72541,1.50,1.88
2011.10.24 19:52:03.958,1.72472,1.72532,2.03,1.28
2011.10.24 19:52:04.079,1.72472,1.72534,2.78,1.13
2011.10.24 19:52:04.199,1.72472,1.72532,1.50,1.28
2011.10.24 19:52:04.319,1.72472,1.72534,1.50,1.13
2011.10.24 19:52:06.158,1.72468,1.72525,1.33,1.28
2011.10.24 19:52:06.279,1.72463,1.72516,1.85,1.50
2011.10.24 19:52:06.509,1.72472,1.72521,1.50,1.13
2011.10.24 19:52:07.152,1.72472,1.72538,1.50,1.50
2011.10.24 19:52:07.660,1.72472,1.72535,1.50,1.50
2011.10.24 19:52:07.780,1.72472,1.7253,1.50,1.35
2011.10.24 19:52:07.897,1.72461,1.72524,1.50,1.35
2011.10.24 19:52:08.017,1.72455,1.72522,1.28,1.13
2011.10.24 19:52:08.139,1.72452,1.72515,1.50,1.65
2011.10.24 19:52:19.716,1.72452,1.72515,1.50,1.28
2011.10.24 19:52:20.469,1.72452,1.72514,1.50,1.28
2011.10.24 19:52:20.718,1.72452,1.72516,1.50,2.40
2011.10.24 19:52:25.389,1.72452,1.72516,1.50,3.15
2011.10.24 19:52:26.146,1.72452,1.72515,1.50,1.28
2011.10.24 19:52:28.258,1.72452,1.72516,1.50,1.13
2011.10.24 19:52:32.311,1.72456,1.72521,2.03,1.50
2011.10.24 19:52:32.895,1.72474,1.72536,1.50,1.50
2011.10.24 19:52:33.888,1.72467,1.72527,1.28,1.50
2011.10.24 19:52:34.015,1.72463,1.72525,1.50,1.50
2011.10.24 19:52:35.576,1.72463,1.72525,1.50,1.50
2011.10.24 19:52:37.218,1.72463,1.72525,1.50,1.50
2011.10.24 19:52:39.718,1.72463,1.72527,1.50,1.50
2011.10.24 19:52:47.599,1.72455,1.72526,1.50,1.28
2011.10.24 19:52:47.719,1.72453,1.72519,1.50,1.50
2011.10.24 19:53:07.507,1.72437,1.72501,1.50,1.50
2011.10.24 19:53:14.853,1.72439,1.72501,1.13,1.50
2011.10.24 19:53:14.973,1.72447,1.72508,1.50,1.28
2011.10.24 19:53:15.087,1.72447,1.72513,2.78,1.50
2011.10.24 19:53:30.662,1.7245,1.72513,1.50,1.50
2011.10.24 19:53:30.783,1.72463,1.72524,1.50,2.03
2011.10.24 19:53:31.119,1.72463,1.72527,1.50,2.25
2011.10.24 19:53:32.260,1.72463,1.72526,1.50,1.88
2011.10.24 19:53:33.278,1.72463,1.72526,1.50,1.88
2011.10.24 19:53:33.891,1.72463,1.72526,1.50,1.50
2011.10.24 19:53:34.227,1.72466,1.72527,1.28,2.25
2011.10.24 19:53:35.659,1.72463,1.72526,1.50,1.50
2011.10.24 19:53:54.717,1.72471,1.72537,1.50,2.25
2011.10.24 19:53:58.989,1.72475,1.72537,1.28,2.25
2011.10.24 19:53:59.523,1.72471,1.72537,2.78,1.50
2011.10.24 19:54:12.759,1.72471,1.72534,1.50,1.50
2011.10.24 19:54:12.990,1.72463,1.72527,1.88,1.50
2011.10.24 19:54:18.051,1.72466,1.72527,1.28,1.50
2011.10.24 19:54:18.422,1.72466,1.72536,2.03,2.03
2011.10.24 19:54:19.045,1.72472,1.72538,1.50,1.50
2011.10.24 19:54:42.618,1.72484,1.72548,1.50,1.88
2011.10.24 19:55:02.299,1.72484,1.72547,1.50,1.50
2011.10.24 19:55:03.640,1.72484,1.72548,1.50,1.50
2011.10.24 19:55:04.792,1.72484,1.72547,1.50,1.50
2011.10.24 19:55:05.237,1.72484,1.72547,1.50,1.13
2011.10.24 19:55:05.937,1.72484,1.72545,1.50,1.13
2011.10.24 19:55:08.351,1.72484,1.72547,1.50,1.13
2011.10.24 19:55:09.247,1.72484,1.72545,1.50,1.13
2011.10.24 19:55:09.482,1.7247,1.72527,1.28,1.50
2011.10.24 19:55:09.600,1.72463,1.72527,1.88,1.88
2011.10.24 19:55:11.550,1.72463,1.72525,1.88,1.88
2011.10.24 19:55:13.330,1.72463,1.72525,1.50,1.88
2011.10.24 19:55:13.562,1.72455,1.72515,1.33,1.50
2011.10.24 19:55:14.888,1.72455,1.72515,1.33,1.50
2011.10.24 19:55:15.417,1.72455,1.72515,1.33,1.50
2011.10.24 19:55:19.544,1.72452,1.72515,1.50,1.50
2011.10.24 19:55:20.289,1.7244,1.72504,1.70,1.50
2011.10.24 19:55:20.627,1.72444,1.72511,1.33,1.50
2011.10.24 19:55:20.749,1.72448,1.72513,1.50,1.13
2011.10.24 19:55:22.949,1.72444,1.72511,1.33,1.28
2011.10.24 19:55:23.070,1.72442,1.72503,1.33,1.50
2011.10.24 19:55:23.799,1.72443,1.72504,1.85,1.50
2011.10.24 19:55:24.731,1.72443,1.72504,1.85,1.50
2011.10.24 19:55:26.439,1.72445,1.72511,1.28,1.28
2011.10.24 19:55:26.565,1.72454,1.72518,1.50,1.50
2011.10.24 19:55:27.067,1.72463,1.72525,1.50,1.88
2011.10.24 19:55:27.907,1.72463,1.72525,1.50,1.50
2011.10.24 19:55:29.303,1.72463,1.72525,1.50,1.50
2011.10.24 19:55:29.637,1.72463,1.72527,1.50,1.50
2011.10.24 19:55:30.580,1.72473,1.72537,1.50,1.88
2011.10.24 19:55:32.468,1.72475,1.72537,1.28,1.50
2011.10.24 19:55:42.209,1.72477,1.72537,1.28,1.50
2011.10.24 19:55:42.910,1.72481,1.72537,1.28,1.50
2011.10.24 19:55:45.526,1.72478,1.72537,1.28,1.50
2011.10.24 19:55:53.989,1.72476,1.72537,1.28,1.50
2011.10.24 19:55:59.593,1.72477,1.72537,1.28,1.50
2011.10.24 19:56:01.314,1.72473,1.72537,1.50,1.50
2011.10.24 19:56:06.348,1.72465,1.72534,1.33,1.28
2011.10.24 19:56:06.466,1.72463,1.72527,1.33,1.50
2011.10.24 19:56:09.680,1.72461,1.72527,1.50,1.50
2011.10.24 19:56:12.410,1.72461,1.72525,1.50,2.78
2011.10.24 19:56:12.530,1.7245,1.72514,1.50,1.50
2011.10.24 19:56:12.761,1.72446,1.72509,2.03,1.13
2011.10.24 19:56:12.881,1.72446,1.72502,1.28,1.50
2011.10.24 19:56:12.999,1.72439,1.72502,1.33,1.50
2011.10.24 19:56:13.799,1.72439,1.72502,1.33,1.50
2011.10.24 19:56:15.490,1.72444,1.72502,1.28,1.50
2011.10.24 19:56:16.690,1.72441,1.72502,2.23,1.50
2011.10.24 19:56:16.809,1.72446,1.7251,1.50,1.50
2011.10.24 19:56:17.837,1.72448,1.7251,1.28,1.50
2011.10.24 19:56:20.390,1.72446,1.7251,1.50,1.50
2011.10.24 19:56:21.570,1.72448,1.7251,1.28,1.50
2011.10.24 19:56:23.460,1.72448,1.72502,1.28,1.50
2011.10.24 19:56:23.577,1.72437,1.72502,2.03,1.50
2011.10.24 19:56:28.817,1.72436,1.72467,1.33,1.28
2011.10.24 19:56:28.943,1.72395,1.72458,1.50,1.50
2011.10.24 19:56:29.100,1.72394,1.72458,1.50,1.50
2011.10.24 19:56:32.541,1.72395,1.72464,1.28,1.50
2011.10.24 19:56:32.661,1.72403,1.72466,1.50,2.63
2011.10.24 19:56:34.007,1.72398,1.72455,1.28,1.50
2011.10.24 19:56:34.127,1.72389,1.72455,2.78,1.50
2011.10.24 19:56:35.909,1.72389,1.72452,2.78,1.50
2011.10.24 19:56:36.028,1.72389,1.72452,2.78,1.13
2011.10.24 19:56:36.149,1.72389,1.72442,1.28,1.50
2011.10.24 19:56:36.267,1.72379,1.72442,2.98,1.50
2011.10.24 19:56:36.721,1.72393,1.72442,1.28,1.50
2011.10.24 19:56:36.839,1.72393,1.72455,1.28,1.50
2011.10.24 19:56:40.608,1.72393,1.7245,1.28,1.28
2011.10.24 19:56:40.841,1.72388,1.72449,1.13,1.13
2011.10.24 19:56:40.959,1.72387,1.72447,1.50,1.13
2011.10.24 19:56:41.408,1.72387,1.7245,1.50,1.13
2011.10.24 19:56:42.012,1.72397,1.72453,1.28,1.50
2011.10.24 19:56:42.139,1.72405,1.72471,1.50,1.50
2011.10.24 19:56:48.611,1.72404,1.72461,1.28,1.50
2011.10.24 19:56:49.000,1.72397,1.72461,1.50,1.50
2011.10.24 19:56:50.104,1.72403,1.72461,1.28,1.50
2011.10.24 19:56:50.549,1.72403,1.72468,2.03,1.50
2011.10.24 19:56:50.667,1.72406,1.7247,1.50,1.50
2011.10.24 19:56:55.311,1.72392,1.72457,1.33,1.50
2011.10.24 19:56:56.283,1.72391,1.72454,1.33,1.28
2011.10.24 19:56:57.428,1.72385,1.72445,1.33,1.50
2011.10.24 19:56:59.749,1.72382,1.72445,1.50,1.50
2011.10.24 19:57:00.968,1.72382,1.72448,1.50,1.50
2011.10.24 19:57:11.375,1.72394,1.7246,1.50,2.78
2011.10.24 19:57:14.320,1.72394,1.72458,1.50,1.50
2011.10.24 19:57:17.463,1.7239,1.72447,1.13,1.28
2011.10.24 19:57:17.579,1.72375,1.72439,1.50,1.50
2011.10.24 19:57:18.910,1.72383,1.72439,1.28,1.50
2011.10.24 19:57:20.497,1.72384,1.72448,1.50,1.50
2011.10.24 19:57:23.910,1.72384,1.72446,2.78,1.50
2011.10.24 19:57:30.248,1.72384,1.72448,1.50,1.50
2011.10.24 19:57:32.172,1.72384,1.72446,1.50,1.50
2011.10.24 19:57:34.820,1.72384,1.72448,1.50,1.50
2011.10.24 19:57:39.609,1.72386,1.72448,1.50,1.50
2011.10.24 19:57:39.852,1.72419,1.72483,1.50,1.50
2011.10.24 19:57:39.971,1.72418,1.72459,1.28,1.50
2011.10.24 19:57:40.087,1.72397,1.72459,1.33,1.50
2011.10.24 19:57:42.190,1.72397,1.72457,1.33,1.50
2011.10.24 19:57:43.699,1.72397,1.72459,1.33,1.50
2011.10.24 19:57:43.817,1.72395,1.72459,2.78,1.50
2011.10.24 19:57:44.384,1.72395,1.72457,1.50,1.50
2011.10.24 19:57:45.708,1.72395,1.72457,1.50,1.50
2011.10.24 19:57:46.159,1.72395,1.72457,1.50,1.50
2011.10.24 19:57:47.959,1.72395,1.72457,1.50,1.50
2011.10.24 19:57:49.058,1.72395,1.72457,1.50,1.50
2011.10.24 19:57:49.761,1.72379,1.72443,1.50,1.50
2011.10.24 19:58:02.297,1.72389,1.72454,1.50,1.50
2011.10.24 19:58:05.438,1.72389,1.72452,1.50,1.50
2011.10.24 19:58:14.297,1.72378,1.72443,3.15,1.50
2011.10.24 19:58:16.270,1.72382,1.72444,1.28,1.50
2011.10.24 19:58:19.349,1.72384,1.72444,1.28,1.50
2011.10.24 19:58:19.681,1.72388,1.72444,1.28,1.50
2011.10.24 19:58:22.404,1.72453,1.72487,1.35,1.46
2011.10.24 19:58:22.630,1.72487,1.72549,1.50,1.50
2011.10.24 19:58:22.754,1.72468,1.72528,1.50,1.50
2011.10.24 19:58:22.869,1.72466,1.7253,1.50,1.50
2011.10.24 19:58:22.987,1.7246,1.72528,1.13,1.50
2011.10.24 19:58:23.217,1.72458,1.72522,1.13,1.50
2011.10.24 19:58:25.194,1.72458,1.72522,1.13,1.50
2011.10.24 19:58:26.489,1.72453,1.72512,1.33,1.35
2011.10.24 19:58:26.608,1.72447,1.7251,1.48,1.50
2011.10.24 19:58:29.660,1.72447,1.7251,1.20,1.50
2011.10.24 19:58:30.457,1.72447,1.7251,1.58,1.50
2011.10.24 19:58:31.989,1.72447,1.7251,1.20,1.50
2011.10.24 19:58:34.857,1.72448,1.7251,1.20,1.50
2011.10.24 19:58:35.092,1.72507,1.72569,1.50,1.50
2011.10.24 19:58:35.327,1.72507,1.72571,1.50,1.50
2011.10.24 19:58:42.425,1.72507,1.72569,1.50,1.50
2011.10.24 19:58:42.645,1.72507,1.72571,1.50,1.50
2011.10.24 19:58:42.864,1.72507,1.72569,1.50,1.50
2011.10.24 19:58:43.202,1.72478,1.72535,1.28,1.28
2011.10.24 19:58:43.319,1.72473,1.72526,1.58,1.50
2011.10.24 19:58:43.848,1.72473,1.72526,1.28,1.50
2011.10.24 19:58:45.783,1.72467,1.72526,1.28,1.50
2011.10.24 19:58:46.010,1.72469,1.72526,1.28,1.50
2011.10.24 19:58:47.759,1.72469,1.72525,1.28,1.50
2011.10.24 19:58:48.758,1.72469,1.72526,1.28,1.50
2011.10.24 19:58:48.988,1.72469,1.72525,1.28,1.50
2011.10.24 19:58:49.459,1.72469,1.72526,1.28,1.50
2011.10.24 19:58:49.807,1.72469,1.72525,1.28,1.50
2011.10.24 19:58:50.037,1.72469,1.72526,1.28,1.50
2011.10.24 19:58:50.171,1.72469,1.72525,1.28,1.50
2011.10.24 19:58:51.078,1.72464,1.72525,1.28,1.50
2011.10.24 19:58:52.548,1.72464,1.72526,1.28,1.50
2011.10.24 19:59:00.020,1.72465,1.72526,1.28,1.50
2011.10.24 19:59:01.022,1.72466,1.72526,1.65,1.50
2011.10.24 19:59:02.126,1.72467,1.72526,1.33,1.50
2011.10.24 19:59:03.968,1.72472,1.72534,1.13,1.50
2011.10.24 19:59:06.321,1.72472,1.72534,1.13,1.50
2011.10.24 19:59:08.766,1.72472,1.72534,1.13,1.50
2011.10.24 19:59:13.899,1.72472,1.72534,1.13,1.50
2011.10.24 19:59:15.882,1.72474,1.72535,1.65,1.50
2011.10.24 19:59:17.106,1.72481,1.72543,1.50,1.50
2011.10.24 19:59:17.676,1.72481,1.72543,1.50,1.50
2011.10.24 19:59:17.788,1.72481,1.72543,1.50,1.50
2011.10.24 19:59:18.167,1.72481,1.72544,1.50,1.50
2011.10.24 19:59:18.687,1.72481,1.72542,1.50,1.50
2011.10.24 19:59:18.807,1.72481,1.72543,1.50,1.50
2011.10.24 19:59:18.929,1.72481,1.72542,1.50,1.50
2011.10.24 19:59:20.189,1.72481,1.72545,1.50,1.50
2011.10.24 19:59:21.100,1.72481,1.72545,1.50,1.50
2011.10.24 19:59:21.732,1.72481,1.72545,1.50,1.50
2011.10.24 19:59:21.956,1.72481,1.72545,1.50,1.50
2011.10.24 19:59:27.851,1.72481,1.72545,1.50,1.50
2011.10.24 19:59:27.970,1.72481,1.72545,1.50,1.50
2011.10.24 19:59:29.181,1.72481,1.72545,1.50,1.50
2011.10.24 19:59:29.911,1.72481,1.72545,1.50,1.50
2011.10.24 19:59:31.160,1.72481,1.72545,1.50,1.50
2011.10.24 19:59:31.379,1.72481,1.72545,1.50,1.50
2011.10.24 19:59:31.714,1.72481,1.72545,1.50,1.50
2011.10.24 19:59:31.880,1.72481,1.72545,1.50,1.50
2011.10.24 19:59:32.152,1.72481,1.72545,1.50,1.50
2011.10.24 19:59:32.855,1.72481,1.72545,1.50,1.50
2011.10.24 19:59:37.256,1.72481,1.72545,1.50,1.50
2011.10.24 19:59:37.431,1.72481,1.72545,1.50,1.50
2011.10.24 19:59:40.183,1.72481,1.72545,1.50,1.50
2011.10.24 19:59:41.578,1.72481,1.72545,1.50,1.50
2011.10.24 19:59:41.921,1.72445,1.72509,1.50,1.50
2011.10.24 19:59:42.149,1.72443,1.72509,1.50,1.50
2011.10.24 19:59:45.045,1.72434,1.725,1.50,1.50
2011.10.24 19:59:46.476,1.72434,1.72498,1.50,1.50
2011.10.24 19:59:47.646,1.72434,1.72498,1.50,1.50
2011.10.24 19:59:49.221,1.72434,1.72498,1.50,1.50
2011.10.24 19:59:50.374,1.72431,1.72493,1.13,1.28
2011.10.24 19:59:50.490,1.72423,1.72484,2.03,1.88
2011.10.24 19:59:51.059,1.7242,1.72484,1.13,1.88
2011.10.24 19:59:51.186,1.7242,1.72484,1.70,1.88
2011.10.24 19:59:51.674,1.725,1.72509,0.75,1.28
2011.10.24 19:59:51.788,1.72505,1.72532,1.13,1.28
2011.10.24 19:59:52.018,1.72505,1.72568,1.50,1.50
2011.10.24 19:59:52.250,1.72506,1.72569,1.35,1.50
2011.10.24 19:59:52.769,1.72516,1.72579,1.50,1.50
2011.10.24 19:59:53.290,1.72516,1.72579,1.50,1.50
2011.10.24 19:59:53.729,1.72516,1.72579,1.50,1.50
2011.10.24 19:59:54.590,1.72516,1.72579,1.50,1.50
2011.10.24 19:59:55.036,1.72517,1.72579,1.50,1.50
2011.10.24 19:59:55.749,1.7251,1.7257,1.35,1.50
2011.10.24 19:59:56.088,1.7251,1.72569,1.35,1.50
