2015.07.29 23:00:00.309,1.65,1.65076,1.00,1.00
2015.07.29 23:00:00.360,1.65,1.65075,1.75,1.12
2015.07.29 23:00:00.696,1.65004,1.65076,1.37,1.37
2015.07.29 23:00:00.899,1.64999,1.65076,1.75,1.87
2015.07.29 23:00:01.000,1.64999,1.65076,1.75,1.87
2015.07.29 23:00:01.208,1.65001,1.65076,1.37,1.37
2015.07.29 23:00:01.760,1.65002,1.65076,1.37,1.37
2015.07.29 23:00:01.810,1.65002,1.65076,1.50,1.50
2015.07.29 23:00:02.004,1.65003,1.65076,1.75,1.37
2015.07.29 23:00:08.944,1.64999,1.65074,2.25,1.00
2015.07.29 23:00:09.480,1.65001,1.65076,2.25,1.37
2015.07.29 23:00:11.063,1.65001,1.65073,1.75,1.00
2015.07.29 23:00:12.037,1.65003,1.65076,1.75,1.37
2015.07.29 23:00:12.863,1.64999,1.65074,1.75,1.00
2015.07.29 23:00:13.476,1.65002,1.65076,2.25,1.37
2015.07.29 23:00:13.857,1.65003,1.65073,1.75,1.00
2015.07.29 23:00:14.815,1.64998,1.65073,3.00,1.50
2015.07.29 23:00:14.880,1.64998,1.65073,3.00,1.50
2015.07.29 23:00:15.248,1.64999,1.6507,1.75,1.00
2015.07.29 23:00:15.349,1.64999,1.65074,1.75,1.00
2015.07.29 23:00:15.671,1.64999,1.65076,1.75,1.50
2015.07.29 23:00:16.297,1.64999,1.65073,2.25,1.00
2015.07.29 23:00:16.627,1.64996,1.65071,2.25,1.50
2015.07.29 23:00:16.728,1.64996,1.65074,3.75,1.50
2015.07.29 23:00:16.779,1.64996,1.65071,3.00,1.00
2015.07.29 23:00:16.880,1.65,1.65074,1.75,1.00
2015.07.29 23:00:16.980,1.65,1.65076,2.25,2.25
2015.07.29 23:00:18.812,1.65003,1.65076,1.75,1.50
2015.07.29 23:00:19.147,1.64998,1.65073,2.25,1.00
2015.07.29 23:00:19.792,1.65002,1.65074,1.75,1.00
2015.07.29 23:00:19.843,1.65002,1.65077,1.75,1.50
2015.07.29 23:00:20.249,1.65,1.65075,1.75,1.00
2015.07.29 23:00:20.564,1.65001,1.65072,1.75,1.00
2015.07.29 23:00:20.650,1.65002,1.65076,1.75,1.00
2015.07.29 23:00:22.606,1.65002,1.65073,1.75,1.00
2015.07.29 23:00:23.106,1.65001,1.65074,1.75,1.12
2015.07.29 23:00:23.207,1.65002,1.65072,1.75,1.00
2015.07.29 23:00:23.358,1.65002,1.65077,1.75,1.87
2015.07.29 23:00:23.409,1.65002,1.65074,1.75,1.00
2015.07.29 23:00:23.711,1.65003,1.65077,1.75,2.25
2015.07.29 23:00:25.128,1.65007,1.65076,1.75,1.00
2015.07.29 23:00:26.574,1.65013,1.65086,1.75,1.37
2015.07.29 23:00:26.625,1.65016,1.65086,1.37,1.75
2015.07.29 23:00:26.969,1.6501,1.65076,1.75,1.37
2015.07.29 23:00:27.335,1.65009,1.65076,2.25,1.00
2015.07.29 23:00:30.444,1.65008,1.65076,2.25,1.37
2015.07.29 23:00:30.779,1.65008,1.65076,2.25,1.00
2015.07.29 23:00:30.949,1.65008,1.65076,1.75,1.37
2015.07.29 23:00:31.767,1.65007,1.65076,2.25,1.00
2015.07.29 23:00:32.679,1.65009,1.65076,2.25,1.00
2015.07.29 23:00:32.865,1.65009,1.65076,2.25,1.37
2015.07.29 23:00:35.925,1.65009,1.65077,1.75,1.00
2015.07.29 23:00:37.101,1.65008,1.65077,2.25,1.50
2015.07.29 23:00:37.186,1.65008,1.65077,2.25,1.00
2015.07.29 23:00:37.400,1.65008,1.65077,2.25,1.37
2015.07.29 23:00:37.488,1.65008,1.65077,2.25,1.37
2015.07.29 23:00:37.601,1.65008,1.65077,2.25,1.50
2015.07.29 23:00:37.828,1.65008,1.65077,2.25,1.37
2015.07.29 23:00:37.991,1.65008,1.65077,2.25,1.50
2015.07.29 23:00:38.392,1.65009,1.65077,2.25,1.12
2015.07.29 23:00:39.396,1.65009,1.65077,1.50,1.00
2015.07.29 23:00:39.497,1.65009,1.65082,1.87,1.75
2015.07.29 23:00:39.701,1.65008,1.65077,1.75,1.37
2015.07.29 23:00:39.852,1.65008,1.65082,1.75,1.37
2015.07.29 23:00:39.904,1.65008,1.65082,1.37,1.50
2015.07.29 23:00:40.055,1.65009,1.65083,1.75,2.25
2015.07.29 23:00:40.156,1.65009,1.65077,1.75,1.37
2015.07.29 23:00:40.257,1.65009,1.65082,1.37,1.50
2015.07.29 23:00:40.522,1.65009,1.65082,1.75,1.75
2015.07.29 23:00:40.623,1.65009,1.65082,1.00,1.00
2015.07.29 23:00:40.803,1.65009,1.65085,1.00,1.50
2015.07.29 23:00:40.854,1.65007,1.65076,1.00,1.00
2015.07.29 23:00:41.056,1.65008,1.65085,1.00,1.00
2015.07.29 23:00:41.216,1.65008,1.65083,1.00,1.00
2015.07.29 23:00:41.555,1.65005,1.65081,1.00,1.00
2015.07.29 23:00:41.655,1.64999,1.6508,1.87,1.50
2015.07.29 23:00:42.175,1.65004,1.65082,1.50,1.00
2015.07.29 23:00:42.277,1.65004,1.65079,1.50,1.00
2015.07.29 23:00:42.620,1.65,1.65082,2.25,3.00
2015.07.29 23:00:43.530,1.65003,1.65081,1.50,1.75
2015.07.29 23:00:43.631,1.65003,1.65082,2.25,1.37
2015.07.29 23:00:43.935,1.65007,1.65083,1.50,1.37
2015.07.29 23:00:44.542,1.65006,1.65081,1.75,1.00
2015.07.29 23:00:44.644,1.65005,1.65086,1.75,1.37
2015.07.29 23:00:44.795,1.65005,1.65066,1.75,1.00
2015.07.29 23:00:44.846,1.65,1.65066,1.37,1.00
2015.07.29 23:00:44.947,1.64998,1.65064,1.75,1.00
2015.07.29 23:00:45.048,1.64985,1.65063,1.75,1.37
2015.07.29 23:00:45.149,1.64977,1.65064,1.75,1.00
2015.07.29 23:00:45.250,1.6499,1.6507,1.75,1.00
2015.07.29 23:00:45.351,1.64985,1.65077,1.75,1.75
2015.07.29 23:00:46.221,1.64984,1.65066,1.75,1.00
2015.07.29 23:00:46.322,1.64988,1.65069,1.75,1.37
2015.07.29 23:00:46.618,1.64989,1.65066,2.25,1.00
2015.07.29 23:00:46.967,1.64983,1.65064,3.00,1.50
2015.07.29 23:00:47.317,1.64983,1.65062,3.00,1.00
2015.07.29 23:00:47.714,1.64985,1.65059,1.50,1.00
2015.07.29 23:00:48.024,1.64982,1.65057,1.75,1.00
2015.07.29 23:00:48.175,1.64983,1.65062,1.50,1.00
2015.07.29 23:00:48.400,1.64983,1.65062,1.75,1.00
2015.07.29 23:00:48.451,1.64994,1.65069,1.37,1.12
2015.07.29 23:00:48.501,1.64994,1.65069,1.75,1.37
2015.07.29 23:00:52.009,1.64993,1.65072,1.75,1.37
2015.07.29 23:00:52.376,1.64993,1.65066,2.25,1.00
2015.07.29 23:00:52.945,1.64993,1.65066,1.75,1.00
2015.07.29 23:00:54.141,1.64993,1.65066,1.75,1.00
2015.07.29 23:00:54.644,1.65004,1.65067,1.75,1.00
2015.07.29 23:01:01.311,1.65002,1.65067,1.75,1.00
2015.07.29 23:01:04.157,1.65006,1.65066,1.12,1.00
2015.07.29 23:01:04.706,1.65006,1.65061,1.00,1.00
2015.07.29 23:01:04.756,1.64991,1.65061,1.75,1.00
2015.07.29 23:01:04.857,1.6499,1.65065,1.75,1.00
2015.07.29 23:01:05.102,1.64991,1.65067,1.75,1.00
2015.07.29 23:01:05.153,1.64991,1.65062,1.75,1.00
2015.07.29 23:01:05.455,1.6498,1.65056,1.75,1.37
2015.07.29 23:01:05.657,1.64982,1.65056,1.75,1.12
2015.07.29 23:01:06.591,1.64982,1.65055,1.75,1.00
2015.07.29 23:01:06.804,1.64982,1.65052,1.75,1.50
2015.07.29 23:01:08.809,1.64981,1.65053,1.75,1.00
2015.07.29 23:01:09.762,1.64982,1.65054,1.75,1.00
2015.07.29 23:01:09.813,1.64982,1.65056,1.75,1.87
2015.07.29 23:01:14.274,1.64983,1.65053,1.75,1.00
2015.07.29 23:01:15.164,1.64983,1.65053,1.75,1.37
2015.07.29 23:01:45.420,1.64976,1.65036,3.00,1.00
2015.07.29 23:01:45.958,1.64972,1.65046,1.75,1.00
2015.07.29 23:01:46.659,1.64972,1.65046,1.75,1.00
2015.07.29 23:01:54.249,1.64975,1.65046,3.00,1.00
2015.07.29 23:01:54.472,1.64987,1.65054,1.75,1.00
2015.07.29 23:01:54.574,1.64987,1.65056,1.75,1.00
2015.07.29 23:01:54.675,1.64993,1.65057,1.37,1.00
2015.07.29 23:01:54.776,1.64995,1.65057,1.75,1.00
2015.07.29 23:01:55.288,1.64992,1.65056,1.75,1.00
2015.07.29 23:01:55.339,1.64996,1.65066,1.75,1.37
2015.07.29 23:01:56.317,1.64994,1.65056,1.75,1.00
2015.07.29 23:01:56.418,1.64994,1.65066,2.25,1.37
2015.07.29 23:01:56.690,1.64997,1.65066,1.75,1.12
2015.07.29 23:02:01.453,1.64996,1.65066,2.25,1.00
2015.07.29 23:02:01.971,1.64998,1.65066,1.75,1.00
2015.07.29 23:02:02.893,1.64997,1.65056,1.75,1.00
2015.07.29 23:02:03.327,1.64997,1.65067,1.75,1.00
2015.07.29 23:02:04.008,1.65,1.65066,2.25,1.00
2015.07.29 23:02:04.920,1.64995,1.65067,1.75,1.00
2015.07.29 23:02:06.422,1.64995,1.65066,1.75,1.00
2015.07.29 23:02:06.762,1.64995,1.65066,1.75,1.37
2015.07.29 23:02:06.879,1.64995,1.65066,1.75,1.75
2015.07.29 23:02:11.158,1.64991,1.65056,1.75,1.00
2015.07.29 23:02:11.660,1.64991,1.65056,1.75,1.00
2015.07.29 23:02:14.113,1.64991,1.65057,1.75,1.12
2015.07.29 23:02:14.680,1.64991,1.65056,1.75,1.00
2015.07.29 23:02:16.295,1.64991,1.65056,1.75,1.37
2015.07.29 23:02:16.396,1.64994,1.65061,1.75,1.00
2015.07.29 23:02:16.497,1.65,1.6507,1.75,1.00
2015.07.29 23:02:16.598,1.65005,1.65076,1.75,1.75
2015.07.29 23:02:16.900,1.65009,1.65083,1.75,1.27
2015.07.29 23:02:17.001,1.65008,1.65086,1.50,1.37
2015.07.29 23:02:17.703,1.65009,1.65084,2.25,1.37
2015.07.29 23:02:18.231,1.65016,1.65084,1.75,1.75
2015.07.29 23:02:18.726,1.65016,1.65084,1.50,1.87
2015.07.29 23:02:18.851,1.65016,1.65084,1.37,1.75
2015.07.29 23:02:19.194,1.6501,1.65083,2.25,1.75
2015.07.29 23:02:22.706,1.65015,1.65084,1.75,1.75
2015.07.29 23:02:26.043,1.65015,1.65084,1.00,1.00
2015.07.29 23:02:26.504,1.65015,1.65086,1.00,1.00
2015.07.29 23:02:27.049,1.65015,1.65087,1.75,3.00
2015.07.29 23:02:30.353,1.65015,1.65087,1.75,1.75
2015.07.29 23:02:31.545,1.65014,1.65087,1.75,2.25
2015.07.29 23:02:32.985,1.65015,1.65091,1.50,2.25
2015.07.29 23:02:33.040,1.6501,1.65082,2.25,1.75
2015.07.29 23:02:36.656,1.65014,1.65088,1.50,1.75
2015.07.29 23:02:40.966,1.65014,1.65088,1.75,2.25
2015.07.29 23:02:43.225,1.65011,1.65086,1.75,2.25
2015.07.29 23:02:43.387,1.65011,1.65086,1.75,2.25
2015.07.29 23:02:46.545,1.65011,1.65086,1.75,2.25
2015.07.29 23:02:54.570,1.65011,1.65086,2.25,3.75
2015.07.29 23:02:57.592,1.65022,1.65086,1.37,1.50
2015.07.29 23:02:57.694,1.65018,1.65086,2.25,1.87
2015.07.29 23:02:57.795,1.65028,1.65096,1.75,1.75
2015.07.29 23:02:57.897,1.65028,1.65096,1.37,1.75
2015.07.29 23:02:58.200,1.65012,1.65077,1.75,1.37
2015.07.29 23:02:58.502,1.64995,1.65076,2.62,1.37
2015.07.29 23:02:58.992,1.65006,1.65085,1.00,1.87
2015.07.29 23:02:59.296,1.65013,1.65086,1.00,1.75
2015.07.29 23:02:59.846,1.65014,1.65086,1.00,1.75
2015.07.29 23:03:00.111,1.65012,1.65086,2.25,1.75
2015.07.29 23:03:00.364,1.65012,1.65086,3.00,1.75
2015.07.29 23:03:01.681,1.65014,1.65088,2.25,1.75
2015.07.29 23:03:01.912,1.65015,1.6509,1.37,2.25
2015.07.29 23:03:02.601,1.65018,1.65091,1.37,2.25
2015.07.29 23:03:02.652,1.65026,1.6509,1.00,1.75
2015.07.29 23:03:02.955,1.65026,1.65096,1.50,1.75
2015.07.29 23:03:03.213,1.65018,1.6509,1.00,1.75
2015.07.29 23:03:03.264,1.65014,1.65087,1.00,1.37
2015.07.29 23:03:03.691,1.65009,1.65086,1.12,1.37
2015.07.29 23:03:03.892,1.65011,1.65086,1.00,1.37
2015.07.29 23:03:04.675,1.65011,1.65086,2.25,1.75
2015.07.29 23:03:12.116,1.65014,1.65086,1.75,1.75
2015.07.29 23:03:18.728,1.65015,1.65087,1.75,1.75
2015.07.29 23:03:20.233,1.65012,1.65081,2.25,1.75
2015.07.29 23:03:20.334,1.65013,1.65081,1.35,1.37
2015.07.29 23:03:21.617,1.65013,1.65086,1.35,2.25
2015.07.29 23:03:33.427,1.65014,1.65086,1.75,1.37
2015.07.29 23:03:33.529,1.65035,1.65086,1.12,1.00
2015.07.29 23:03:33.731,1.65032,1.65086,1.75,1.00
2015.07.29 23:03:33.882,1.6503,1.65096,1.75,1.12
2015.07.29 23:03:34.034,1.65029,1.65096,1.75,1.00
2015.07.29 23:03:34.135,1.65037,1.65107,1.00,1.00
2015.07.29 23:03:34.337,1.65039,1.65106,1.00,1.00
2015.07.29 23:03:34.881,1.65038,1.65106,1.00,1.00
2015.07.29 23:03:35.452,1.65038,1.65106,1.75,1.75
2015.07.29 23:03:39.395,1.65039,1.65107,1.75,1.75
2015.07.29 23:04:01.420,1.65043,1.65108,1.75,1.00
2015.07.29 23:04:01.470,1.65048,1.65116,1.75,1.00
2015.07.29 23:04:01.590,1.6505,1.65127,1.75,1.50
2015.07.29 23:04:01.994,1.65059,1.65134,1.75,1.75
2015.07.29 23:04:02.095,1.65059,1.65134,2.25,2.25
2015.07.29 23:04:02.595,1.65064,1.65134,1.50,1.75
2015.07.29 23:04:03.397,1.65057,1.6513,1.75,1.75
2015.07.29 23:04:03.498,1.65057,1.65129,1.75,1.37
2015.07.29 23:04:03.700,1.65059,1.65136,1.75,2.25
2015.07.29 23:04:04.016,1.65059,1.65133,1.75,1.37
2015.07.29 23:04:04.067,1.65059,1.6513,1.75,1.00
2015.07.29 23:04:04.168,1.65058,1.65139,1.75,1.37
2015.07.29 23:04:04.219,1.65068,1.65142,1.75,1.00
2015.07.29 23:04:04.320,1.65073,1.65157,1.75,1.75
2015.07.29 23:04:04.664,1.65075,1.65155,1.37,1.75
2015.07.29 23:04:04.931,1.65078,1.65157,1.75,1.50
2015.07.29 23:04:05.907,1.65072,1.6515,2.25,1.00
2015.07.29 23:04:07.963,1.65076,1.65151,2.25,1.50
2015.07.29 23:04:09.832,1.65078,1.65152,1.75,1.12
2015.07.29 23:04:12.026,1.6508,1.65154,1.37,1.37
2015.07.29 23:04:13.053,1.65078,1.65147,1.37,1.00
2015.07.29 23:04:16.722,1.65075,1.65147,2.25,1.37
2015.07.29 23:04:23.941,1.65079,1.65147,1.00,1.75
2015.07.29 23:04:24.149,1.65069,1.65145,1.75,1.75
2015.07.29 23:04:24.468,1.65069,1.65145,1.37,1.75
2015.07.29 23:04:25.153,1.65069,1.65137,1.37,1.00
2015.07.29 23:04:25.672,1.65072,1.65146,1.12,1.75
2015.07.29 23:04:26.267,1.6507,1.65145,1.75,1.37
2015.07.29 23:04:26.587,1.6507,1.65136,2.25,1.00
2015.07.29 23:04:31.755,1.65068,1.65136,1.50,1.00
2015.07.29 23:04:32.834,1.65074,1.65136,1.00,1.00
2015.07.29 23:04:32.885,1.65074,1.65136,1.37,1.00
2015.07.29 23:04:33.635,1.6507,1.65137,1.75,1.00
2015.07.29 23:04:34.473,1.6507,1.65126,2.25,1.00
2015.07.29 23:04:35.621,1.65068,1.65137,2.25,1.00
2015.07.29 23:04:36.141,1.65072,1.65136,2.25,1.00
2015.07.29 23:04:37.625,1.65072,1.65136,1.50,1.00
2015.07.29 23:04:37.676,1.65072,1.65136,2.25,1.00
2015.07.29 23:04:37.901,1.65079,1.65152,1.37,1.00
2015.07.29 23:04:38.003,1.65081,1.65147,1.37,1.00
2015.07.29 23:04:38.309,1.65082,1.65136,1.75,1.00
2015.07.29 23:04:38.762,1.65079,1.65147,2.25,1.00
2015.07.29 23:04:38.915,1.65082,1.65136,1.75,1.00
2015.07.29 23:04:39.090,1.65082,1.65146,2.25,1.00
2015.07.29 23:04:39.750,1.65082,1.65147,1.75,1.00
2015.07.29 23:04:40.961,1.65083,1.65156,2.25,1.75
2015.07.29 23:04:42.924,1.65084,1.65156,1.75,1.75
2015.07.29 23:04:43.254,1.65086,1.65146,1.75,1.00
2015.07.29 23:04:46.490,1.65085,1.65137,1.00,1.00
2015.07.29 23:04:46.540,1.65081,1.65137,1.00,1.00
2015.07.29 23:04:46.641,1.6507,1.65137,1.50,1.00
2015.07.29 23:04:47.014,1.65067,1.65136,1.00,1.00
2015.07.29 23:04:47.216,1.65062,1.65136,1.37,1.75
2015.07.29 23:04:47.518,1.65055,1.65128,1.12,1.75
2015.07.29 23:04:48.236,1.65053,1.65122,1.12,1.50
2015.07.29 23:04:49.151,1.65049,1.65125,1.75,2.25
2015.07.29 23:04:49.202,1.65047,1.65123,1.50,1.75
2015.07.29 23:04:49.304,1.6505,1.65117,1.50,1.00
2015.07.29 23:04:49.506,1.65051,1.65126,1.50,1.75
2015.07.29 23:04:49.607,1.65045,1.65128,1.37,1.75
2015.07.29 23:04:49.910,1.6504,1.65117,1.75,1.12
2015.07.29 23:04:50.567,1.65045,1.65106,1.00,1.00
2015.07.29 23:04:50.628,1.65042,1.65106,1.50,1.00
2015.07.29 23:04:51.521,1.65042,1.65116,1.00,1.37
2015.07.29 23:04:52.474,1.65043,1.65116,1.00,1.37
2015.07.29 23:04:54.237,1.65042,1.65116,1.50,1.37
2015.07.29 23:04:54.647,1.6504,1.65115,1.00,1.00
2015.07.29 23:04:54.698,1.65045,1.65116,1.00,1.00
2015.07.29 23:04:55.024,1.65051,1.65126,2.25,2.62
2015.07.29 23:04:56.427,1.65052,1.65126,1.75,1.37
2015.07.29 23:04:56.528,1.65051,1.65125,1.37,1.37
2015.07.29 23:04:56.930,1.6505,1.65125,2.25,1.87
2015.07.29 23:04:58.267,1.6505,1.65125,1.75,1.00
2015.07.29 23:04:58.570,1.65057,1.65116,2.25,1.00
2015.07.29 23:04:58.671,1.65054,1.65116,1.75,1.00
2015.07.29 23:04:58.772,1.6505,1.65126,1.75,1.87
2015.07.29 23:04:58.822,1.6505,1.65123,1.75,1.00
2015.07.29 23:04:59.188,1.65046,1.65126,1.75,1.37
2015.07.29 23:04:59.945,1.65048,1.65125,1.75,1.37
2015.07.29 23:05:05.749,1.65052,1.65126,2.25,1.37
2015.07.29 23:05:23.870,1.65052,1.65126,1.75,1.37
2015.07.29 23:05:26.262,1.65053,1.65126,1.75,1.00
2015.07.29 23:05:26.418,1.65057,1.65135,1.75,1.37
2015.07.29 23:05:26.519,1.65057,1.65126,2.25,1.00
2015.07.29 23:05:26.620,1.65062,1.65137,1.37,1.37
2015.07.29 23:05:26.721,1.65056,1.65117,1.75,1.00
2015.07.29 23:05:28.824,1.65058,1.65117,1.75,1.00
2015.07.29 23:05:29.026,1.65068,1.65136,3.00,1.00
2015.07.29 23:05:29.177,1.65069,1.65126,1.75,1.00
2015.07.29 23:05:29.419,1.65068,1.65137,1.75,1.00
2015.07.29 23:05:29.878,1.65067,1.65137,1.75,1.00
2015.07.29 23:05:30.181,1.65069,1.65127,2.25,1.00
2015.07.29 23:05:31.832,1.65067,1.65127,1.75,1.00
2015.07.29 23:05:33.147,1.6507,1.65136,1.37,1.12
2015.07.29 23:05:33.248,1.6507,1.65136,1.00,1.37
2015.07.29 23:05:33.572,1.65062,1.65126,1.75,1.00
2015.07.29 23:05:37.871,1.65058,1.65127,2.25,1.00
2015.07.29 23:05:38.387,1.65062,1.65127,1.75,1.00
2015.07.29 23:05:38.545,1.65061,1.65136,2.25,1.37
2015.07.29 23:05:38.747,1.65064,1.65126,1.75,1.00
2015.07.29 23:05:38.847,1.65066,1.65126,1.75,1.00
2015.07.29 23:05:39.579,1.65065,1.65136,1.75,1.37
2015.07.29 23:05:39.680,1.65065,1.65136,1.75,1.00
2015.07.29 23:05:40.012,1.65066,1.65126,1.75,1.00
2015.07.29 23:05:40.357,1.65066,1.65127,1.75,1.00
2015.07.29 23:05:40.899,1.65064,1.65126,1.75,1.00
2015.07.29 23:05:46.894,1.65065,1.65126,1.75,1.00
2015.07.29 23:05:59.425,1.65064,1.65126,1.75,1.00
2015.07.29 23:05:59.527,1.65063,1.65126,2.25,1.00
2015.07.29 23:05:59.628,1.65063,1.65137,1.75,1.12
2015.07.29 23:06:01.742,1.65065,1.65136,1.75,1.00
2015.07.29 23:06:02.410,1.65063,1.65137,1.75,1.12
2015.07.29 23:06:06.050,1.65066,1.65144,1.75,1.75
2015.07.29 23:06:06.151,1.65069,1.65144,1.75,2.25
2015.07.29 23:06:07.508,1.65068,1.65137,1.37,1.37
2015.07.29 23:06:17.399,1.65069,1.65136,1.75,1.12
2015.07.29 23:06:18.120,1.65071,1.65137,1.87,1.37
2015.07.29 23:06:36.164,1.65067,1.65136,1.75,1.00
2015.07.29 23:06:36.494,1.65071,1.65137,1.75,1.00
2015.07.29 23:06:36.595,1.65073,1.65146,1.75,1.12
2015.07.29 23:06:36.696,1.65074,1.65146,1.37,1.00
2015.07.29 23:06:36.797,1.6508,1.65146,1.00,1.00
2015.07.29 23:06:36.848,1.6508,1.65154,1.50,1.00
2015.07.29 23:06:36.899,1.65086,1.65156,1.00,1.00
2015.07.29 23:06:37.000,1.6509,1.65156,1.00,1.00
2015.07.29 23:06:37.151,1.65093,1.65167,1.12,1.00
2015.07.29 23:06:37.201,1.65097,1.65167,1.00,1.00
2015.07.29 23:06:37.503,1.65099,1.65167,1.12,1.00
2015.07.29 23:06:38.488,1.6509,1.65166,1.75,1.37
2015.07.29 23:06:40.381,1.65092,1.65166,1.87,1.00
2015.07.29 23:06:41.035,1.65092,1.65167,1.37,1.00
2015.07.29 23:06:42.851,1.65092,1.65156,1.37,1.00
2015.07.29 23:06:44.634,1.65092,1.65166,1.37,1.00
2015.07.29 23:06:44.881,1.65092,1.65166,1.75,1.37
2015.07.29 23:06:45.261,1.65094,1.65156,1.50,1.00
2015.07.29 23:06:45.381,1.65094,1.65156,1.37,1.00
2015.07.29 23:06:46.395,1.65094,1.65166,1.75,1.37
2015.07.29 23:06:46.496,1.65093,1.65156,2.25,1.00
2015.07.29 23:06:47.012,1.65091,1.65157,1.75,1.00
2015.07.29 23:06:47.565,1.65092,1.65157,1.37,1.00
2015.07.29 23:06:48.401,1.65093,1.65157,1.75,1.00
2015.07.29 23:06:48.602,1.65088,1.65157,1.75,1.00
2015.07.29 23:06:49.078,1.65091,1.65156,1.75,1.00
2015.07.29 23:06:49.129,1.65094,1.65166,1.50,1.12
2015.07.29 23:06:49.230,1.65094,1.65156,1.50,1.00
2015.07.29 23:06:50.285,1.65092,1.65156,1.37,1.00
2015.07.29 23:06:50.487,1.65092,1.65156,2.25,1.00
2015.07.29 23:06:51.351,1.65092,1.65167,1.75,1.87
2015.07.29 23:06:51.452,1.65092,1.65157,1.75,1.00
2015.07.29 23:06:55.637,1.65092,1.65167,1.37,1.00
2015.07.29 23:06:56.339,1.65095,1.65167,1.50,1.37
2015.07.29 23:07:00.521,1.65094,1.65166,1.87,1.00
2015.07.29 23:07:01.275,1.65094,1.65167,1.37,1.00
2015.07.29 23:07:01.325,1.65094,1.65167,1.75,1.37
2015.07.29 23:07:01.860,1.65092,1.65167,1.37,1.50
2015.07.29 23:07:01.911,1.65092,1.65157,1.87,1.00
2015.07.29 23:07:02.770,1.65092,1.65156,1.87,1.00
2015.07.29 23:07:02.895,1.65091,1.65163,1.75,1.00
2015.07.29 23:07:02.946,1.65091,1.65166,1.87,1.50
2015.07.29 23:07:02.997,1.65091,1.65156,1.87,1.00
2015.07.29 23:07:03.516,1.65083,1.65156,1.75,1.00
2015.07.29 23:07:06.036,1.65087,1.65157,1.75,1.00
2015.07.29 23:07:08.394,1.6509,1.65164,1.50,1.37
2015.07.29 23:07:09.932,1.65091,1.65156,1.37,1.00
2015.07.29 23:07:10.283,1.65088,1.65163,1.75,1.12
2015.07.29 23:07:24.723,1.65091,1.65162,1.87,1.00
2015.07.29 23:07:27.127,1.65091,1.65163,1.37,1.12
2015.07.29 23:07:28.540,1.65091,1.65162,1.87,1.00
2015.07.29 23:07:29.048,1.65091,1.65166,1.87,2.62
2015.07.29 23:07:38.534,1.65087,1.65157,2.25,1.00
2015.07.29 23:07:38.584,1.65087,1.65157,2.25,1.00
2015.07.29 23:07:38.685,1.6509,1.65157,1.12,1.37
2015.07.29 23:07:39.290,1.65083,1.65157,1.00,1.37
2015.07.29 23:07:39.391,1.65082,1.65157,1.00,1.75
2015.07.29 23:07:40.073,1.65086,1.65157,1.37,1.37
2015.07.29 23:07:40.501,1.6509,1.65157,1.00,1.37
2015.07.29 23:07:40.942,1.65087,1.65157,1.87,1.37
2015.07.29 23:07:41.286,1.65087,1.65157,2.25,1.37
2015.07.29 23:07:41.488,1.65087,1.65162,1.00,1.75
2015.07.29 23:07:44.809,1.65086,1.65157,1.87,1.37
2015.07.29 23:07:45.522,1.65087,1.65157,1.00,1.37
2015.07.29 23:07:46.613,1.65086,1.65156,1.12,1.37
2015.07.29 23:07:46.669,1.65089,1.65156,1.00,1.37
2015.07.29 23:07:46.779,1.65084,1.65156,1.00,1.37
2015.07.29 23:07:46.830,1.65083,1.65151,1.00,1.00
2015.07.29 23:07:46.880,1.65081,1.65151,1.00,1.00
2015.07.29 23:07:46.931,1.65081,1.65153,1.75,1.12
2015.07.29 23:07:47.254,1.65087,1.65156,1.37,1.12
2015.07.29 23:07:47.690,1.65087,1.65156,1.00,1.75
2015.07.29 23:07:48.003,1.65074,1.65146,1.75,1.00
2015.07.29 23:07:48.216,1.65082,1.6515,1.75,1.00
2015.07.29 23:07:48.267,1.65082,1.65156,1.75,1.37
2015.07.29 23:07:48.418,1.65086,1.65157,1.00,1.37
2015.07.29 23:07:48.519,1.65083,1.6515,1.00,1.12
2015.07.29 23:07:48.570,1.65075,1.6515,1.37,1.12
2015.07.29 23:07:48.621,1.65073,1.65148,1.00,1.12
2015.07.29 23:07:48.672,1.65075,1.65148,1.00,1.12
2015.07.29 23:07:48.974,1.65076,1.65136,1.00,1.00
2015.07.29 23:07:49.025,1.65066,1.65136,1.37,1.00
2015.07.29 23:07:50.176,1.65062,1.65126,1.00,1.00
2015.07.29 23:07:50.227,1.65058,1.65126,1.00,1.00
2015.07.29 23:07:50.294,1.65053,1.65126,1.00,1.00
2015.07.29 23:07:50.455,1.6505,1.65126,1.37,1.50
2015.07.29 23:07:50.760,1.65053,1.65126,1.00,1.00
2015.07.29 23:07:51.065,1.65055,1.65127,1.37,1.00
2015.07.29 23:07:51.116,1.65052,1.65127,1.87,1.87
2015.07.29 23:07:51.167,1.65055,1.65127,1.00,1.37
2015.07.29 23:07:51.318,1.65058,1.65133,1.00,1.00
2015.07.29 23:07:51.369,1.65061,1.65137,1.00,1.37
2015.07.29 23:07:51.674,1.65064,1.65137,1.00,2.25
2015.07.29 23:07:51.826,1.6506,1.65136,1.12,1.87
2015.07.29 23:07:52.433,1.65063,1.65136,1.12,1.37
2015.07.29 23:07:52.736,1.65065,1.65136,1.00,1.00
2015.07.29 23:07:53.088,1.65068,1.65136,1.50,1.00
2015.07.29 23:07:53.542,1.65065,1.65136,1.00,1.00
2015.07.29 23:07:54.247,1.65064,1.65136,1.50,1.00
2015.07.29 23:07:54.792,1.65065,1.65136,1.00,1.00
2015.07.29 23:07:56.159,1.65065,1.65137,1.00,1.00
2015.07.29 23:07:56.262,1.65064,1.65137,1.50,1.37
2015.07.29 23:07:57.271,1.65065,1.65137,1.00,1.37
2015.07.29 23:07:57.476,1.65065,1.65137,1.37,1.00
2015.07.29 23:07:59.419,1.65065,1.65136,1.37,1.00
2015.07.29 23:08:00.283,1.65067,1.65136,1.00,1.00
2015.07.29 23:08:00.798,1.65063,1.65136,1.87,1.00
2015.07.29 23:08:01.340,1.65066,1.65137,1.12,1.50
2015.07.29 23:08:02.561,1.65067,1.65137,1.00,1.00
2015.07.29 23:08:03.179,1.65067,1.65136,1.00,1.00
2015.07.29 23:08:03.787,1.65064,1.65136,1.37,1.00
2015.07.29 23:08:05.565,1.65061,1.65136,1.50,2.62
2015.07.29 23:08:05.616,1.65064,1.65136,1.00,1.87
2015.07.29 23:08:05.919,1.6506,1.65132,1.00,1.12
2015.07.29 23:08:05.970,1.65057,1.65132,1.37,1.87
2015.07.29 23:08:06.289,1.65061,1.65133,1.00,1.37
2015.07.29 23:08:06.849,1.6506,1.65135,1.50,1.87
2015.07.29 23:08:10.416,1.65059,1.65136,1.50,1.87
2015.07.29 23:08:10.958,1.6506,1.65135,1.00,1.37
2015.07.29 23:08:11.270,1.65062,1.65135,1.00,1.37
2015.07.29 23:08:11.759,1.65065,1.65137,1.00,2.25
2015.07.29 23:08:11.860,1.65061,1.65134,1.00,1.37
2015.07.29 23:08:11.961,1.65064,1.65137,1.00,2.25
2015.07.29 23:08:12.062,1.65062,1.65136,1.00,1.37
2015.07.29 23:08:12.113,1.65064,1.65136,1.00,1.37
2015.07.29 23:08:12.209,1.65062,1.65136,1.50,1.37
2015.07.29 23:08:12.409,1.6506,1.65135,1.50,1.87
2015.07.29 23:08:14.063,1.65059,1.65136,1.50,1.87
2015.07.29 23:08:14.615,1.6506,1.65135,1.50,1.87
2015.07.29 23:08:16.085,1.65059,1.65136,1.50,1.87
2015.07.29 23:08:16.620,1.6506,1.65135,1.50,1.87
2015.07.29 23:08:17.133,1.65059,1.65136,1.50,2.62
2015.07.29 23:08:18.270,1.6506,1.65135,1.00,1.37
2015.07.29 23:08:22.082,1.65059,1.6513,1.00,1.00
2015.07.29 23:08:22.284,1.65054,1.65127,1.50,1.12
2015.07.29 23:08:22.334,1.65054,1.65116,1.50,1.00
2015.07.29 23:08:22.435,1.65054,1.65126,1.00,1.50
2015.07.29 23:08:22.658,1.65056,1.65126,1.00,1.00
2015.07.29 23:08:22.860,1.65053,1.65129,1.00,1.50
2015.07.29 23:08:22.961,1.65054,1.65117,1.00,1.00
2015.07.29 23:08:23.011,1.65045,1.65117,1.37,1.00
2015.07.29 23:08:23.062,1.65045,1.65122,1.37,1.37
2015.07.29 23:08:23.113,1.65043,1.65119,1.37,1.37
2015.07.29 23:08:23.877,1.65043,1.65106,1.37,1.00
2015.07.29 23:08:23.978,1.65041,1.65116,1.87,1.12
2015.07.29 23:08:24.029,1.65047,1.65116,1.00,1.12
2015.07.29 23:08:24.180,1.65045,1.65116,1.00,1.12
2015.07.29 23:08:24.281,1.65042,1.65106,1.37,1.00
2015.07.29 23:08:24.533,1.65043,1.65115,1.37,1.00
2015.07.29 23:08:24.684,1.65046,1.65117,1.00,1.37
2015.07.29 23:08:24.982,1.65043,1.65117,1.37,1.37
2015.07.29 23:08:25.083,1.6504,1.65106,1.87,1.00
2015.07.29 23:08:25.285,1.65047,1.65116,1.00,1.87
2015.07.29 23:08:25.386,1.65047,1.65106,1.00,1.00
2015.07.29 23:08:25.487,1.65043,1.65106,1.37,1.00
2015.07.29 23:08:25.794,1.65047,1.65106,1.00,1.00
2015.07.29 23:08:26.121,1.65047,1.65116,1.00,1.12
2015.07.29 23:08:26.172,1.65045,1.65107,1.00,1.00
2015.07.29 23:08:26.273,1.6504,1.65116,1.87,1.12
2015.07.29 23:08:26.575,1.65047,1.65116,1.00,1.12
2015.07.29 23:08:26.877,1.65046,1.65107,1.00,1.00
2015.07.29 23:08:26.927,1.65046,1.65116,1.00,1.12
2015.07.29 23:08:27.028,1.65042,1.65106,1.37,1.00
2015.07.29 23:08:27.398,1.65043,1.65116,1.37,1.12
2015.07.29 23:08:27.798,1.65046,1.65116,1.00,1.12
2015.07.29 23:08:29.653,1.6504,1.65116,1.87,1.12
2015.07.29 23:08:29.704,1.6504,1.65107,1.87,1.00
2015.07.29 23:08:29.906,1.65044,1.65116,1.12,1.12
2015.07.29 23:08:30.007,1.65044,1.65106,1.12,1.00
2015.07.29 23:08:30.656,1.65045,1.65116,1.00,1.12
2015.07.29 23:08:30.808,1.65046,1.65116,1.37,1.00
2015.07.29 23:08:31.533,1.65041,1.65106,1.75,1.00
2015.07.29 23:08:32.120,1.65046,1.65123,1.12,1.75
2015.07.29 23:08:32.221,1.65053,1.65123,1.00,1.00
2015.07.29 23:08:32.337,1.65053,1.65125,1.00,1.12
2015.07.29 23:08:32.438,1.65057,1.65127,1.00,1.37
2015.07.29 23:08:32.690,1.65056,1.65127,1.00,1.00
2015.07.29 23:08:32.841,1.65052,1.65127,1.37,1.00
2015.07.29 23:08:33.180,1.65052,1.65116,1.00,1.00
2015.07.29 23:08:33.230,1.65048,1.65116,1.37,1.00
2015.07.29 23:08:33.633,1.65051,1.65122,1.00,1.00
2015.07.29 23:08:33.684,1.65051,1.65124,1.00,1.50
2015.07.29 23:08:33.785,1.65052,1.65122,1.00,1.00
2015.07.29 23:08:33.886,1.65052,1.65127,1.00,1.87
2015.07.29 23:08:34.216,1.65056,1.65127,1.00,1.12
2015.07.29 23:08:34.317,1.65052,1.65127,1.00,1.12
2015.07.29 23:08:34.367,1.65055,1.65127,1.00,1.12
2015.07.29 23:08:34.569,1.65053,1.65127,1.00,1.00
2015.07.29 23:08:34.619,1.65058,1.65127,1.00,1.00
2015.07.29 23:08:34.771,1.65062,1.65135,1.87,1.12
2015.07.29 23:08:34.821,1.65066,1.65137,1.00,1.37
2015.07.29 23:08:35.415,1.65067,1.65137,1.50,1.37
2015.07.29 23:08:35.782,1.65064,1.65137,1.12,1.37
2015.07.29 23:08:38.505,1.65065,1.65137,1.00,1.37
2015.07.29 23:08:38.656,1.65068,1.65137,1.00,1.37
2015.07.29 23:08:38.808,1.65064,1.65137,1.12,1.37
2015.07.29 23:08:38.858,1.65068,1.65137,1.00,1.37
2015.07.29 23:08:39.814,1.65067,1.65137,1.00,1.37
2015.07.29 23:08:39.915,1.65064,1.65136,1.87,1.37
2015.07.29 23:08:40.784,1.65065,1.65136,1.00,1.37
2015.07.29 23:08:41.444,1.65064,1.65136,1.87,1.37
2015.07.29 23:08:41.987,1.65065,1.65136,1.00,1.37
2015.07.29 23:08:44.118,1.65062,1.65136,1.87,1.37
2015.07.29 23:08:44.625,1.65065,1.65136,1.00,1.37
2015.07.29 23:08:45.420,1.65064,1.65136,1.12,1.37
2015.07.29 23:08:45.992,1.65065,1.65136,1.50,1.37
2015.07.29 23:08:46.493,1.65064,1.65136,1.12,1.37
2015.07.29 23:08:47.350,1.65065,1.65136,1.00,1.37
2015.07.29 23:08:47.853,1.65066,1.65136,1.00,1.37
2015.07.29 23:08:48.405,1.65064,1.65136,1.12,1.37
2015.07.29 23:08:48.946,1.65067,1.65136,1.00,1.37
2015.07.29 23:08:49.147,1.65058,1.65135,2.25,1.87
2015.07.29 23:08:49.660,1.65066,1.65135,1.00,1.12
2015.07.29 23:08:50.339,1.65065,1.65136,1.00,1.37
2015.07.29 23:08:50.863,1.65062,1.65136,1.37,1.37
2015.07.29 23:08:51.727,1.65065,1.65136,1.00,1.37
2015.07.29 23:08:52.029,1.65067,1.65137,1.50,1.37
2015.07.29 23:08:52.315,1.65065,1.65137,1.00,1.37
2015.07.29 23:08:52.818,1.6506,1.65136,1.87,2.62
2015.07.29 23:08:53.068,1.65066,1.65136,1.00,1.37
2015.07.29 23:08:53.660,1.65067,1.65137,1.00,1.37
2015.07.29 23:08:53.719,1.65063,1.65137,1.87,1.37
2015.07.29 23:08:54.571,1.65067,1.65136,1.00,1.37
2015.07.29 23:08:56.826,1.65064,1.65136,1.12,1.37
2015.07.29 23:08:59.110,1.65065,1.65136,1.00,1.37
2015.07.29 23:09:00.275,1.65061,1.65136,1.87,1.37
2015.07.29 23:09:01.875,1.65065,1.65136,1.00,1.37
2015.07.29 23:09:01.928,1.65065,1.65136,1.12,1.50
2015.07.29 23:09:02.160,1.65065,1.65136,1.37,1.12
2015.07.29 23:09:03.141,1.65062,1.65134,1.37,1.00
2015.07.29 23:09:03.242,1.65062,1.65136,1.87,1.12
2015.07.29 23:09:06.880,1.65065,1.65135,1.37,1.00
2015.07.29 23:09:07.492,1.65062,1.65137,1.87,1.37
2015.07.29 23:09:10.649,1.65063,1.65137,1.00,1.75
2015.07.29 23:09:11.157,1.65058,1.65133,1.37,1.37
2015.07.29 23:09:21.989,1.6506,1.65137,1.87,3.00
2015.07.29 23:09:30.647,1.65062,1.65136,1.00,1.75
2015.07.29 23:09:36.478,1.65064,1.65137,1.12,2.25
2015.07.29 23:10:25.725,1.65056,1.65126,1.75,1.00
2015.07.29 23:10:26.228,1.65058,1.65134,1.75,1.50
2015.07.29 23:10:40.499,1.65061,1.65136,1.87,1.75
2015.07.29 23:11:21.412,1.65066,1.65135,1.00,1.50
2015.07.29 23:11:21.613,1.65061,1.65136,1.87,2.25
2015.07.29 23:11:28.533,1.65066,1.65137,1.00,1.75
2015.07.29 23:11:28.661,1.65063,1.65138,1.37,1.75
2015.07.29 23:11:31.990,1.65067,1.65136,1.00,1.75
2015.07.29 23:11:32.350,1.65062,1.65136,1.37,1.75
2015.07.29 23:11:40.709,1.65059,1.65136,2.25,2.62
2015.07.29 23:12:02.650,1.65059,1.65136,2.25,3.00
2015.07.29 23:12:14.967,1.65061,1.65135,2.25,2.25
2015.07.29 23:12:16.192,1.65062,1.65139,1.50,1.50
2015.07.29 23:12:16.729,1.65063,1.65138,1.00,1.00
2015.07.29 23:12:16.833,1.65067,1.65138,1.00,1.00
2015.07.29 23:12:17.081,1.65067,1.65142,1.00,1.00
2015.07.29 23:12:17.997,1.65067,1.65142,1.87,2.25
2015.07.29 23:12:18.316,1.65069,1.65144,1.50,2.25
2015.07.29 23:12:26.222,1.65068,1.65145,1.50,2.25
2015.07.29 23:12:26.822,1.65069,1.65144,1.50,2.25
2015.07.29 23:12:27.128,1.65064,1.65139,1.87,2.25
2015.07.29 23:12:30.930,1.65064,1.65139,1.00,1.00
2015.07.29 23:12:33.273,1.65068,1.65139,1.00,1.00
2015.07.29 23:12:33.445,1.65068,1.65144,1.50,1.50
2015.07.29 23:12:33.534,1.65071,1.65144,1.00,1.00
2015.07.29 23:12:33.646,1.65071,1.65146,1.00,1.00
2015.07.29 23:12:34.535,1.6507,1.65143,1.00,1.00
2015.07.29 23:12:34.648,1.65067,1.65142,1.00,1.00
2015.07.29 23:12:34.836,1.65067,1.65138,1.00,1.00
2015.07.29 23:12:35.122,1.65062,1.65138,2.25,1.50
2015.07.29 23:12:35.275,1.65065,1.65138,1.00,1.00
2015.07.29 23:12:35.451,1.65065,1.65142,1.50,1.50
2015.07.29 23:12:35.754,1.65068,1.65142,1.00,1.00
2015.07.29 23:12:35.926,1.65065,1.6514,1.00,1.00
2015.07.29 23:12:36.453,1.65069,1.65141,1.00,1.00
2015.07.29 23:12:36.628,1.65069,1.65144,1.50,1.50
2015.07.29 23:12:38.358,1.65068,1.65145,1.50,1.50
2015.07.29 23:12:38.472,1.65071,1.65144,1.00,1.00
2015.07.29 23:12:38.533,1.65071,1.65146,1.00,1.50
2015.07.29 23:12:42.832,1.65071,1.65146,1.37,2.25
2015.07.29 23:12:58.596,1.6507,1.65147,1.87,2.25
2015.07.29 23:13:03.630,1.65066,1.65142,1.37,1.75
2015.07.29 23:13:04.092,1.65068,1.65144,1.37,1.75
2015.07.29 23:13:04.933,1.65066,1.65142,1.87,2.25
2015.07.29 23:13:05.035,1.65069,1.65145,1.37,1.75
2015.07.29 23:13:05.496,1.65071,1.65141,1.00,1.75
2015.07.29 23:13:05.790,1.65069,1.65141,1.00,1.75
2015.07.29 23:13:06.012,1.65069,1.65144,1.87,2.25
2015.07.29 23:13:06.336,1.65073,1.65145,1.00,1.75
2015.07.29 23:13:06.438,1.65068,1.65142,1.37,1.75
2015.07.29 23:13:06.498,1.65068,1.65142,1.00,1.75
2015.07.29 23:13:06.899,1.65069,1.65142,1.37,1.75
2015.07.29 23:13:08.512,1.65066,1.65141,1.87,2.25
2015.07.29 23:13:08.789,1.6507,1.65141,1.00,1.75
2015.07.29 23:13:09.941,1.65066,1.65141,2.25,2.25
2015.07.29 23:13:10.005,1.65066,1.65141,1.87,2.25
2015.07.29 23:13:10.626,1.65069,1.65141,1.00,1.75
2015.07.29 23:13:11.340,1.65065,1.65142,1.87,2.25
2015.07.29 23:13:17.815,1.65065,1.6514,1.87,2.25
2015.07.29 23:13:20.759,1.65065,1.6514,1.87,2.25
2015.07.29 23:13:23.142,1.65061,1.65134,1.37,1.75
2015.07.29 23:13:47.339,1.65061,1.65135,1.75,1.37
2015.07.29 23:13:47.440,1.65069,1.65145,1.37,1.75
2015.07.29 23:13:47.997,1.65073,1.65147,1.00,1.75
2015.07.29 23:13:48.048,1.65073,1.65146,1.00,1.37
2015.07.29 23:13:48.099,1.65075,1.65146,1.00,1.37
2015.07.29 23:13:48.413,1.65081,1.65156,1.75,3.00
2015.07.29 23:13:48.751,1.65082,1.65147,1.75,1.12
2015.07.29 23:13:49.552,1.65088,1.65156,1.75,1.37
2015.07.29 23:13:50.557,1.65087,1.65156,1.75,1.00
2015.07.29 23:13:50.820,1.65088,1.65147,1.75,1.00
2015.07.29 23:13:51.022,1.65089,1.65147,1.37,1.00
2015.07.29 23:13:51.123,1.65085,1.65147,1.87,1.00
2015.07.29 23:13:51.174,1.65086,1.6516,1.37,1.75
2015.07.29 23:13:51.375,1.65083,1.65146,1.50,1.00
2015.07.29 23:13:51.581,1.65084,1.65157,1.87,1.50
2015.07.29 23:13:52.562,1.65079,1.65146,2.25,1.00
2015.07.29 23:13:52.760,1.65078,1.65146,1.87,1.00
2015.07.29 23:13:52.862,1.65074,1.65146,1.87,1.00
2015.07.29 23:13:52.922,1.65074,1.65146,2.25,1.12
2015.07.29 23:13:55.973,1.65083,1.65146,1.00,1.12
2015.07.29 23:13:56.074,1.65079,1.65146,1.37,1.37
2015.07.29 23:14:02.873,1.65074,1.65146,2.25,1.75
2015.07.29 23:14:06.285,1.65072,1.65141,1.37,1.37
2015.07.29 23:14:07.511,1.65068,1.65143,1.37,1.75
2015.07.29 23:14:07.663,1.65065,1.65139,1.37,1.75
2015.07.29 23:14:07.966,1.65054,1.65132,3.00,2.25
2015.07.29 23:14:09.381,1.65064,1.65137,1.00,1.75
2015.07.29 23:14:09.663,1.65056,1.65132,1.75,2.25
2015.07.29 23:14:09.815,1.65056,1.65132,1.75,1.75
2015.07.29 23:14:09.916,1.65056,1.65126,1.37,1.37
2015.07.29 23:14:10.435,1.65059,1.65131,1.00,1.75
2015.07.29 23:14:10.890,1.65054,1.65129,1.87,2.25
2015.07.29 23:14:11.336,1.65059,1.65132,1.00,1.75
2015.07.29 23:14:12.495,1.65056,1.65131,1.87,2.25
2015.07.29 23:14:17.725,1.6506,1.65132,1.00,1.75
2015.07.29 23:14:18.039,1.65047,1.65125,1.75,1.12
2015.07.29 23:14:18.342,1.65044,1.65126,1.12,1.50
2015.07.29 23:14:18.559,1.65053,1.65137,1.00,1.50
2015.07.29 23:14:18.890,1.65048,1.65136,1.37,1.00
2015.07.29 23:14:18.941,1.65053,1.65132,1.00,1.00
2015.07.29 23:14:19.043,1.65057,1.65138,1.00,1.00
2015.07.29 23:14:19.152,1.65061,1.6514,1.00,1.12
2015.07.29 23:14:19.517,1.65064,1.65139,1.00,1.00
2015.07.29 23:14:19.618,1.6506,1.65139,1.00,1.00
2015.07.29 23:14:19.669,1.65064,1.65139,1.00,1.00
2015.07.29 23:14:19.770,1.65061,1.65139,1.00,1.00
2015.07.29 23:14:19.824,1.65059,1.65139,1.00,1.00
2015.07.29 23:14:20.064,1.65055,1.65138,1.00,1.00
2015.07.29 23:14:20.384,1.65058,1.65139,1.00,1.00
2015.07.29 23:14:20.930,1.65056,1.65138,1.50,1.50
2015.07.29 23:14:21.448,1.65056,1.65138,2.25,1.87
2015.07.29 23:14:24.010,1.65056,1.65132,1.50,1.00
2015.07.29 23:14:30.833,1.65056,1.65134,1.50,1.00
2015.07.29 23:14:32.592,1.65053,1.65132,1.75,1.00
2015.07.29 23:14:32.903,1.65052,1.65128,2.25,1.00
2015.07.29 23:14:32.963,1.65055,1.65128,1.37,1.00
2015.07.29 23:14:43.590,1.65055,1.65126,1.37,1.00
2015.07.29 23:14:44.740,1.65052,1.65126,1.12,1.00
2015.07.29 23:14:44.791,1.65054,1.65126,1.00,1.00
2015.07.29 23:14:45.093,1.65046,1.65122,1.37,1.37
2015.07.29 23:14:45.422,1.65046,1.6512,1.75,1.00
2015.07.29 23:14:45.943,1.65056,1.65121,1.37,1.00
2015.07.29 23:14:47.188,1.65061,1.65125,1.75,1.00
2015.07.29 23:14:47.239,1.65065,1.65127,2.25,1.00
2015.07.29 23:14:47.290,1.65067,1.65127,1.50,1.00
2015.07.29 23:14:47.812,1.65059,1.65126,2.25,1.00
2015.07.29 23:14:48.092,1.65054,1.65126,1.75,1.37
2015.07.29 23:14:48.193,1.65053,1.65124,1.12,1.50
2015.07.29 23:14:48.484,1.65044,1.65116,1.75,1.00
2015.07.29 23:14:49.247,1.65043,1.65115,1.75,1.00
2015.07.29 23:14:49.450,1.65043,1.65119,2.25,1.37
2015.07.29 23:14:49.500,1.65043,1.65115,1.75,1.00
2015.07.29 23:14:50.062,1.65039,1.65116,1.75,1.00
2015.07.29 23:14:50.384,1.6504,1.65112,2.25,1.00
2015.07.29 23:14:50.645,1.65041,1.65113,1.75,1.37
2015.07.29 23:14:50.797,1.65038,1.65114,1.75,2.25
2015.07.29 23:14:54.163,1.65042,1.65115,1.75,1.75
2015.07.29 23:14:55.158,1.65038,1.65107,1.75,1.00
2015.07.29 23:14:56.712,1.6504,1.65106,2.25,1.00
2015.07.29 23:15:02.630,1.6504,1.65107,1.75,1.00
2015.07.29 23:15:03.179,1.65041,1.65107,1.50,1.00
2015.07.29 23:15:04.037,1.65038,1.65106,1.75,1.00
2015.07.29 23:15:12.064,1.65041,1.65106,1.50,1.37
2015.07.29 23:15:31.219,1.65034,1.65107,3.00,1.50
2015.07.29 23:15:39.248,1.6504,1.65106,1.75,1.00
2015.07.29 23:15:39.767,1.65037,1.65107,2.25,1.00
2015.07.29 23:15:43.583,1.65041,1.65106,1.75,1.00
2015.07.29 23:15:44.590,1.65044,1.65112,1.75,1.37
2015.07.29 23:15:44.691,1.65047,1.65115,1.75,1.00
2015.07.29 23:15:44.793,1.65048,1.65117,2.25,1.87
2015.07.29 23:15:49.867,1.65048,1.65116,2.25,1.00
2015.07.29 23:15:54.525,1.65045,1.65116,1.75,1.37
2015.07.29 23:15:54.835,1.65046,1.65112,1.75,2.25
2015.07.29 23:16:03.838,1.65045,1.65111,1.75,1.37
2015.07.29 23:16:16.551,1.65049,1.65114,1.37,1.75
2015.07.29 23:16:16.652,1.65049,1.65111,1.37,1.50
2015.07.29 23:16:16.753,1.65048,1.6511,1.37,1.00
2015.07.29 23:16:17.057,1.65048,1.65113,1.50,1.00
2015.07.29 23:16:17.158,1.65048,1.65113,1.50,1.37
2015.07.29 23:16:17.895,1.65047,1.65113,1.75,1.00
2015.07.29 23:16:17.947,1.65047,1.65117,1.75,1.87
2015.07.29 23:16:58.677,1.65049,1.65115,1.75,1.00
2015.07.29 23:16:58.730,1.65044,1.65115,2.25,1.00
2015.07.29 23:16:58.831,1.65044,1.65114,1.37,1.00
2015.07.29 23:16:59.232,1.65043,1.65109,1.50,1.00
2015.07.29 23:16:59.335,1.65044,1.65109,1.00,1.00
2015.07.29 23:16:59.874,1.65039,1.65109,1.87,1.00
2015.07.29 23:17:00.790,1.65039,1.65112,1.87,1.00
2015.07.29 23:17:03.106,1.65039,1.65109,1.37,1.00
2015.07.29 23:17:04.100,1.65042,1.65113,1.37,1.00
2015.07.29 23:17:04.715,1.65034,1.65109,1.37,1.75
2015.07.29 23:17:04.816,1.65031,1.65106,1.00,1.87
2015.07.29 23:17:04.968,1.65027,1.65098,1.00,1.00
2015.07.29 23:17:05.069,1.65023,1.65098,1.87,1.00
2015.07.29 23:17:05.360,1.65029,1.65098,1.00,1.00
2015.07.29 23:17:05.563,1.65027,1.65098,1.12,1.00
2015.07.29 23:17:07.697,1.65027,1.65099,1.12,1.12
2015.07.29 23:17:11.720,1.65029,1.65099,1.00,1.12
2015.07.29 23:17:12.143,1.65029,1.65097,1.00,1.00
2015.07.29 23:17:12.667,1.6503,1.65097,1.50,1.00
2015.07.29 23:17:13.637,1.6503,1.65101,1.50,1.00
2015.07.29 23:17:14.221,1.65025,1.65101,1.87,1.00
2015.07.29 23:17:14.599,1.65025,1.65099,1.37,1.37
2015.07.29 23:17:14.902,1.65014,1.65082,1.37,1.37
2015.07.29 23:17:15.204,1.65011,1.65083,1.37,1.37
2015.07.29 23:17:15.305,1.65008,1.65082,1.37,1.75
2015.07.29 23:17:21.409,1.65014,1.65079,1.75,1.37
2015.07.29 23:17:21.662,1.65015,1.65087,1.37,2.25
2015.07.29 23:17:21.940,1.65013,1.65087,2.25,1.75
2015.07.29 23:17:22.245,1.65013,1.65086,1.50,1.75
2015.07.29 23:17:22.449,1.65009,1.65083,1.37,1.75
2015.07.29 23:17:22.752,1.65009,1.65082,1.37,1.75
2015.07.29 23:17:23.356,1.65006,1.65082,1.37,1.75
2015.07.29 23:17:23.860,1.65008,1.65082,1.50,1.75
2015.07.29 23:17:24.106,1.65012,1.65082,1.00,1.75
2015.07.29 23:17:24.259,1.65012,1.65082,1.37,1.12
2015.07.29 23:17:24.660,1.65011,1.65082,1.87,1.75
2015.07.29 23:17:26.068,1.65006,1.65081,1.75,1.75
2015.07.29 23:17:26.126,1.65006,1.65081,1.50,1.75
2015.07.29 23:17:26.627,1.65005,1.65076,2.25,1.37
2015.07.29 23:17:29.551,1.65008,1.65081,2.25,1.75
2015.07.29 23:17:29.854,1.65014,1.65077,1.75,1.12
2015.07.29 23:17:30.382,1.6501,1.65087,1.75,1.75
2015.07.29 23:17:30.567,1.6501,1.65086,1.37,1.75
2015.07.29 23:17:33.097,1.65012,1.65086,1.75,1.75
2015.07.29 23:17:43.763,1.65013,1.65086,1.87,1.75
2015.07.29 23:17:45.902,1.65013,1.65081,1.00,1.75
2015.07.29 23:17:46.204,1.65,1.65076,1.75,2.25
2015.07.29 23:17:46.310,1.65007,1.65076,1.75,2.25
2015.07.29 23:17:46.411,1.65007,1.65076,1.50,1.75
2015.07.29 23:18:07.438,1.65005,1.65076,1.87,2.25
2015.07.29 23:18:07.741,1.65005,1.65072,1.75,1.37
2015.07.29 23:18:08.156,1.65007,1.65075,1.75,1.75
2015.07.29 23:18:08.995,1.65006,1.65076,2.25,2.25
2015.07.29 23:18:10.158,1.65005,1.65076,2.25,2.25
2015.07.29 23:18:14.329,1.65005,1.65076,1.75,1.75
2015.07.29 23:18:15.957,1.65005,1.65076,1.75,1.75
2015.07.29 23:18:16.108,1.65007,1.65073,1.37,1.75
2015.07.29 23:18:16.813,1.65002,1.65068,1.75,1.75
2015.07.29 23:18:20.145,1.65,1.65072,2.25,1.37
2015.07.29 23:18:20.576,1.65006,1.65074,1.75,1.75
2015.07.29 23:18:21.077,1.6501,1.65074,1.37,1.50
2015.07.29 23:18:27.148,1.65005,1.65068,1.75,1.00
2015.07.29 23:18:27.199,1.64999,1.65068,1.75,1.75
2015.07.29 23:18:33.407,1.64995,1.65066,2.25,1.50
2015.07.29 23:18:33.458,1.65002,1.65072,1.37,1.75
2015.07.29 23:18:33.522,1.65002,1.65072,1.75,1.75
2015.07.29 23:18:43.157,1.65003,1.65071,2.25,1.75
2015.07.29 23:18:48.457,1.65,1.65066,2.25,1.50
2015.07.29 23:18:58.197,1.64998,1.65066,1.75,1.00
2015.07.29 23:19:03.484,1.65002,1.65066,1.75,1.00
2015.07.29 23:19:10.201,1.65002,1.65066,1.75,1.37
2015.07.29 23:19:10.503,1.64996,1.65066,1.75,1.75
2015.07.29 23:19:10.616,1.64996,1.65066,1.75,1.37
2015.07.29 23:19:10.927,1.64996,1.65063,1.75,1.75
2015.07.29 23:19:11.232,1.64995,1.65066,2.25,1.75
2015.07.29 23:19:16.843,1.64995,1.65066,2.25,1.75
2015.07.29 23:19:20.449,1.65004,1.65067,1.75,1.75
2015.07.29 23:19:23.018,1.64998,1.65067,2.25,1.75
2015.07.29 23:19:23.237,1.64996,1.65067,1.75,2.25
2015.07.29 23:19:23.566,1.64998,1.65067,1.75,1.37
2015.07.29 23:19:33.538,1.64999,1.65066,1.75,1.37
2015.07.29 23:19:47.999,1.64999,1.65067,1.75,1.37
2015.07.29 23:19:48.562,1.64999,1.65067,1.75,1.75
2015.07.29 23:19:50.181,1.64997,1.65066,1.75,1.50
2015.07.29 23:20:03.590,1.64997,1.65064,1.75,1.50
2015.07.29 23:20:10.738,1.65002,1.65065,1.75,1.37
2015.07.29 23:20:10.839,1.65002,1.65065,1.75,1.75
2015.07.29 23:20:11.043,1.65002,1.65065,1.75,1.37
2015.07.29 23:20:11.344,1.65005,1.65065,1.37,1.50
2015.07.29 23:20:11.934,1.65007,1.65067,1.00,1.75
2015.07.29 23:20:14.050,1.65008,1.65067,1.00,1.75
2015.07.29 23:20:20.487,1.65007,1.65067,1.50,1.75
2015.07.29 23:20:21.993,1.65008,1.65067,1.00,1.75
2015.07.29 23:20:22.576,1.65003,1.65067,1.37,1.75
2015.07.29 23:20:33.645,1.65004,1.65064,1.87,1.75
2015.07.29 23:21:20.514,1.65003,1.65064,1.87,1.75
2015.07.29 23:21:48.057,1.64999,1.65066,1.75,1.00
2015.07.29 23:21:48.159,1.65002,1.65066,1.75,1.37
2015.07.29 23:21:48.462,1.65008,1.65076,1.75,1.37
2015.07.29 23:21:49.774,1.65011,1.65076,2.25,1.37
2015.07.29 23:21:50.080,1.65012,1.6508,1.75,1.50
2015.07.29 23:21:50.719,1.65012,1.6508,1.75,1.50
2015.07.29 23:22:11.598,1.65013,1.65077,1.87,1.37
2015.07.29 23:22:12.326,1.6501,1.65075,1.00,1.37
2015.07.29 23:22:12.377,1.65004,1.65075,1.87,1.37
2015.07.29 23:22:12.427,1.65004,1.65075,1.50,1.75
2015.07.29 23:22:15.127,1.6501,1.65075,1.00,1.75
2015.07.29 23:22:19.688,1.65009,1.65074,1.12,1.50
2015.07.29 23:22:21.741,1.6501,1.65069,1.00,1.12
2015.07.29 23:22:22.044,1.65009,1.65067,1.12,1.50
2015.07.29 23:22:24.670,1.6501,1.65067,1.00,1.50
2015.07.29 23:22:24.847,1.65011,1.65069,1.00,1.12
2015.07.29 23:22:25.879,1.65006,1.65069,1.37,1.12
2015.07.29 23:22:27.803,1.65006,1.65067,1.37,1.00
2015.07.29 23:22:45.804,1.65008,1.65067,1.50,1.00
2015.07.29 23:22:47.177,1.65009,1.65067,1.00,1.00
2015.07.29 23:22:49.908,1.65005,1.65067,1.87,1.00
2015.07.29 23:22:51.961,1.65006,1.65066,1.12,1.00
2015.07.29 23:22:53.797,1.65007,1.65066,1.00,1.00
2015.07.29 23:22:53.899,1.65009,1.65066,1.00,1.00
2015.07.29 23:22:54.212,1.6501,1.65066,1.37,1.37
2015.07.29 23:23:09.995,1.65011,1.65066,1.00,1.00
2015.07.29 23:23:10.511,1.65005,1.65066,2.25,1.00
2015.07.29 23:23:11.358,1.65006,1.6507,1.87,1.37
2015.07.29 23:23:11.864,1.65009,1.65067,1.87,1.00
2015.07.29 23:23:12.886,1.65009,1.65073,1.87,1.50
2015.07.29 23:23:13.787,1.65009,1.65073,1.87,1.75
2015.07.29 23:23:20.538,1.65009,1.65066,1.00,1.37
2015.07.29 23:23:21.073,1.64998,1.65066,2.25,1.87
2015.07.29 23:23:24.010,1.65,1.65065,2.25,1.00
2015.07.29 23:23:24.212,1.65002,1.65067,1.75,1.00
2015.07.29 23:23:24.516,1.65008,1.65067,1.75,1.00
2015.07.29 23:23:25.039,1.65006,1.65066,2.25,1.00
2015.07.29 23:23:25.776,1.65011,1.65073,1.50,1.00
2015.07.29 23:23:25.826,1.65011,1.65073,1.75,1.00
2015.07.29 23:23:25.877,1.65011,1.65076,1.75,1.00
2015.07.29 23:23:26.870,1.65008,1.65077,1.75,1.00
2015.07.29 23:23:32.479,1.6501,1.65066,1.75,1.00
2015.07.29 23:23:34.052,1.65007,1.65066,3.00,1.00
2015.07.29 23:23:34.782,1.65007,1.65074,3.00,1.00
2015.07.29 23:23:35.034,1.65008,1.65076,3.00,1.00
2015.07.29 23:23:42.561,1.65008,1.65077,3.00,1.00
2015.07.29 23:23:43.852,1.65009,1.65077,2.25,1.00
2015.07.29 23:23:51.043,1.6502,1.65077,1.37,1.00
2015.07.29 23:23:51.505,1.6502,1.65077,1.75,1.37
2015.07.29 23:23:55.179,1.65021,1.65076,1.37,1.00
2015.07.29 23:23:55.363,1.65021,1.65083,1.37,1.12
2015.07.29 23:23:55.413,1.65021,1.65083,1.12,1.75
2015.07.29 23:23:56.069,1.65022,1.65083,2.25,1.12
2015.07.29 23:24:26.763,1.65027,1.65086,1.12,1.37
2015.07.29 23:24:27.056,1.65027,1.65088,1.12,1.37
2015.07.29 23:24:27.948,1.65029,1.65089,1.75,1.12
2015.07.29 23:24:34.185,1.65028,1.65089,1.75,1.75
2015.07.29 23:24:34.596,1.65027,1.65087,1.12,1.37
2015.07.29 23:24:34.798,1.65027,1.65087,1.12,1.75
2015.07.29 23:24:34.853,1.65026,1.65087,1.75,1.37
2015.07.29 23:24:34.954,1.65027,1.65087,1.12,1.75
2015.07.29 23:24:35.452,1.65027,1.65087,1.37,1.75
2015.07.29 23:24:45.104,1.65023,1.65086,1.50,2.25
2015.07.29 23:24:45.387,1.65023,1.65086,1.00,3.75
2015.07.29 23:24:45.488,1.65023,1.65086,1.00,3.00
2015.07.29 23:24:45.589,1.65023,1.65086,1.00,1.00
2015.07.29 23:24:45.841,1.65026,1.65086,1.00,1.00
2015.07.29 23:24:46.155,1.65029,1.65086,1.00,1.00
2015.07.29 23:24:51.105,1.65028,1.65086,1.50,1.00
2015.07.29 23:24:51.520,1.6503,1.65086,1.00,1.00
2015.07.29 23:24:52.317,1.65029,1.65086,1.00,1.00
2015.07.29 23:24:52.489,1.65025,1.65086,1.87,1.00
2015.07.29 23:24:55.372,1.65028,1.65086,1.00,1.00
2015.07.29 23:24:55.941,1.65026,1.65086,1.37,1.37
2015.07.29 23:25:05.739,1.65031,1.6509,1.00,1.37
2015.07.29 23:25:07.615,1.65029,1.6509,1.00,1.37
2015.07.29 23:25:08.336,1.65028,1.6509,1.87,1.12
2015.07.29 23:25:08.437,1.65029,1.6509,1.00,1.12
2015.07.29 23:25:09.386,1.6503,1.6509,1.00,1.12
2015.07.29 23:25:10.589,1.65031,1.6509,1.00,1.12
2015.07.29 23:25:10.990,1.65029,1.6509,1.50,1.12
2015.07.29 23:25:12.874,1.65028,1.6509,1.37,1.12
2015.07.29 23:25:13.910,1.6503,1.6509,1.50,1.12
2015.07.29 23:25:13.961,1.6503,1.6509,1.50,1.12
2015.07.29 23:25:14.062,1.65035,1.6509,1.00,1.12
2015.07.29 23:25:14.439,1.65028,1.6509,1.87,1.12
2015.07.29 23:25:23.665,1.65027,1.65086,2.25,1.37
2015.07.29 23:25:24.170,1.65027,1.65086,1.50,1.37
2015.07.29 23:25:24.921,1.65028,1.65086,1.50,1.37
2015.07.29 23:25:25.095,1.6503,1.65086,1.00,1.12
2015.07.29 23:25:25.600,1.65031,1.65086,1.00,1.12
2015.07.29 23:25:25.701,1.65027,1.65086,1.00,1.12
2015.07.29 23:25:25.862,1.65024,1.65086,1.37,1.12
2015.07.29 23:25:28.319,1.65026,1.65086,1.00,1.12
2015.07.29 23:25:28.647,1.65029,1.65086,1.00,1.12
2015.07.29 23:25:28.873,1.65025,1.65086,1.87,1.12
2015.07.29 23:25:30.527,1.65028,1.65086,1.00,1.12
2015.07.29 23:25:31.779,1.65025,1.65086,1.12,1.12
2015.07.29 23:25:32.500,1.65028,1.65086,1.00,1.12
2015.07.29 23:25:32.600,1.65025,1.65086,1.12,1.12
2015.07.29 23:25:32.702,1.65028,1.65086,1.00,1.12
2015.07.29 23:25:34.088,1.65026,1.65086,1.50,1.12
2015.07.29 23:25:34.310,1.65026,1.65086,1.00,1.12
2015.07.29 23:25:34.411,1.65026,1.65087,1.87,1.75
2015.07.29 23:25:34.512,1.65029,1.65087,1.12,1.75
2015.07.29 23:25:36.042,1.65032,1.65087,1.00,1.75
2015.07.29 23:25:36.595,1.65033,1.65087,1.00,1.75
2015.07.29 23:25:36.796,1.65029,1.65087,1.12,1.75
2015.07.29 23:25:38.028,1.65032,1.65087,1.00,1.75
2015.07.29 23:25:38.700,1.65031,1.65087,1.50,1.75
2015.07.29 23:25:39.101,1.65029,1.65087,1.12,1.75
2015.07.29 23:25:39.627,1.65031,1.65087,1.00,1.75
2015.07.29 23:25:40.213,1.65029,1.6509,1.87,2.62
2015.07.29 23:25:40.641,1.65031,1.6509,1.50,2.62
2015.07.29 23:25:41.006,1.65028,1.6509,1.87,2.62
2015.07.29 23:25:41.259,1.65031,1.6509,1.00,2.62
2015.07.29 23:25:41.757,1.65029,1.6509,1.12,2.62
2015.07.29 23:25:42.060,1.65031,1.6509,1.00,1.87
2015.07.29 23:25:42.161,1.65028,1.6509,1.37,1.87
2015.07.29 23:25:42.262,1.65031,1.6509,1.00,1.87
2015.07.29 23:25:42.700,1.65026,1.6509,1.50,1.87
2015.07.29 23:25:43.261,1.65033,1.6509,1.00,1.87
2015.07.29 23:25:43.638,1.65027,1.6509,1.37,1.87
2015.07.29 23:25:45.405,1.65028,1.65089,1.50,1.37
2015.07.29 23:25:45.506,1.65028,1.65089,1.00,1.12
2015.07.29 23:25:45.667,1.65026,1.65089,2.25,1.12
2015.07.29 23:25:49.489,1.65026,1.65089,1.12,1.12
2015.07.29 23:25:50.780,1.65027,1.65089,1.00,1.12
2015.07.29 23:25:51.422,1.65025,1.65089,1.37,1.12
2015.07.29 23:25:52.564,1.65028,1.65089,1.00,1.12
2015.07.29 23:25:52.879,1.65026,1.65089,1.12,1.12
2015.07.29 23:26:02.847,1.65022,1.65083,1.87,1.75
2015.07.29 23:26:13.268,1.65025,1.65083,1.00,1.75
2015.07.29 23:26:14.959,1.65025,1.65083,1.87,1.50
2015.07.29 23:26:15.010,1.65028,1.65083,1.00,1.50
2015.07.29 23:26:15.111,1.65026,1.65083,1.00,1.50
2015.07.29 23:26:15.161,1.65026,1.65083,1.00,1.75
2015.07.29 23:26:15.212,1.65022,1.65083,1.12,1.75
2015.07.29 23:26:15.699,1.65028,1.65083,1.00,1.75
2015.07.29 23:26:16.688,1.65025,1.65083,1.50,1.75
2015.07.29 23:26:18.198,1.65025,1.65082,1.12,1.00
2015.07.29 23:26:18.809,1.65027,1.65085,1.50,1.75
2015.07.29 23:26:19.279,1.65024,1.65085,1.37,1.75
2015.07.29 23:26:19.339,1.65027,1.65085,1.00,1.75
2015.07.29 23:26:19.440,1.65023,1.65085,1.50,1.75
2015.07.29 23:26:20.008,1.65022,1.65085,2.62,1.75
2015.07.29 23:26:20.159,1.65019,1.65082,1.12,1.12
2015.07.29 23:26:20.210,1.65014,1.65077,2.25,1.37
2015.07.29 23:26:20.781,1.65019,1.65077,1.00,1.37
2015.07.29 23:26:21.282,1.6502,1.65077,1.00,1.37
2015.07.29 23:26:21.400,1.65017,1.65077,1.00,1.37
2015.07.29 23:26:21.842,1.65022,1.65077,1.00,1.37
2015.07.29 23:26:22.134,1.65019,1.65077,1.00,1.37
2015.07.29 23:26:22.235,1.65016,1.65077,1.00,1.37
2015.07.29 23:26:23.486,1.65019,1.65077,1.00,1.37
2015.07.29 23:26:23.987,1.65022,1.65077,1.00,1.37
2015.07.29 23:26:24.419,1.6502,1.65077,1.50,1.37
2015.07.29 23:26:24.639,1.65018,1.65077,1.00,1.37
2015.07.29 23:26:24.797,1.65021,1.65077,1.00,1.37
2015.07.29 23:26:25.110,1.65016,1.65077,1.00,1.37
2015.07.29 23:26:25.640,1.65014,1.65077,2.25,1.37
2015.07.29 23:26:26.012,1.65017,1.65077,1.00,1.37
2015.07.29 23:26:26.785,1.65019,1.65077,1.50,1.37
2015.07.29 23:26:27.143,1.65017,1.65077,1.00,1.37
2015.07.29 23:26:27.516,1.65019,1.65077,1.00,1.37
2015.07.29 23:26:27.617,1.65017,1.65077,1.00,1.37
2015.07.29 23:26:27.831,1.6502,1.65077,1.00,1.37
2015.07.29 23:26:28.394,1.65021,1.65077,1.00,1.37
2015.07.29 23:26:28.645,1.65018,1.65077,1.00,1.37
2015.07.29 23:26:28.696,1.65014,1.65077,3.00,1.37
2015.07.29 23:26:28.747,1.65018,1.65077,1.00,1.37
2015.07.29 23:26:28.848,1.65014,1.65077,3.00,1.37
2015.07.29 23:26:29.185,1.65018,1.65077,1.00,1.37
2015.07.29 23:26:29.498,1.65023,1.65077,1.00,1.37
2015.07.29 23:26:29.962,1.65025,1.65077,1.00,1.37
2015.07.29 23:26:30.164,1.65019,1.65077,1.00,1.37
2015.07.29 23:26:30.215,1.65022,1.65077,1.00,1.37
2015.07.29 23:26:30.517,1.65024,1.65077,1.00,1.37
2015.07.29 23:26:30.669,1.65017,1.65077,1.50,1.37
2015.07.29 23:26:30.971,1.65015,1.65077,1.12,1.37
2015.07.29 23:26:31.260,1.65017,1.65077,1.00,1.37
2015.07.29 23:26:31.703,1.6502,1.65077,1.00,1.37
2015.07.29 23:26:32.028,1.65022,1.65077,1.00,1.37
2015.07.29 23:26:32.329,1.6502,1.65077,1.00,1.37
2015.07.29 23:26:32.456,1.65017,1.65077,1.50,1.37
2015.07.29 23:26:32.960,1.65018,1.65077,1.00,1.37
2015.07.29 23:26:33.517,1.65022,1.65077,1.50,1.37
2015.07.29 23:26:34.133,1.65018,1.65077,1.00,1.37
2015.07.29 23:26:34.382,1.6502,1.65077,1.00,1.37
2015.07.29 23:26:34.433,1.65017,1.65077,1.50,1.37
2015.07.29 23:26:35.281,1.65018,1.65077,1.00,1.37
2015.07.29 23:26:36.161,1.65017,1.65077,1.50,1.37
2015.07.29 23:26:36.317,1.65021,1.65077,1.00,1.37
2015.07.29 23:26:36.519,1.65017,1.65077,1.00,1.37
2015.07.29 23:26:36.620,1.6502,1.65077,1.00,1.37
2015.07.29 23:26:37.369,1.65024,1.65077,1.00,1.37
2015.07.29 23:26:37.961,1.65021,1.65077,1.50,1.37
2015.07.29 23:26:38.013,1.65024,1.65077,1.00,1.37
2015.07.29 23:26:38.265,1.65017,1.65077,1.50,1.37
2015.07.29 23:26:39.349,1.65023,1.65077,1.00,1.37
2015.07.29 23:26:39.872,1.65024,1.65077,1.50,1.37
2015.07.29 23:26:40.225,1.65024,1.65077,1.00,1.87
2015.07.29 23:26:40.377,1.65016,1.65077,1.00,1.87
2015.07.29 23:26:40.630,1.65014,1.65076,1.37,1.12
2015.07.29 23:26:40.883,1.65001,1.65063,1.37,1.37
2015.07.29 23:26:41.333,1.65009,1.65063,1.00,1.12
2015.07.29 23:26:41.786,1.65007,1.65063,1.00,1.12
2015.07.29 23:26:41.887,1.65009,1.65063,1.00,1.12
2015.07.29 23:26:42.190,1.65009,1.65063,1.00,1.37
2015.07.29 23:26:42.469,1.65009,1.65063,1.00,1.00
2015.07.29 23:26:42.570,1.65004,1.65063,1.37,1.00
2015.07.29 23:26:43.118,1.65004,1.65063,1.00,1.37
2015.07.29 23:26:43.370,1.64999,1.65061,1.37,1.00
2015.07.29 23:26:43.421,1.64999,1.65061,1.00,1.75
2015.07.29 23:26:43.724,1.64999,1.65061,1.00,1.12
2015.07.29 23:26:43.825,1.64999,1.65063,1.37,2.25
2015.07.29 23:26:50.948,1.64993,1.65056,3.00,1.75
2015.07.29 23:27:10.324,1.6499,1.65055,2.25,1.12
2015.07.29 23:27:19.465,1.6499,1.65055,2.62,1.12
2015.07.29 23:27:24.971,1.64991,1.65055,2.62,1.12
2015.07.29 23:27:25.530,1.64992,1.65056,1.37,1.12
2015.07.29 23:27:26.174,1.64993,1.65056,1.00,1.12
2015.07.29 23:27:26.697,1.64992,1.65056,1.37,1.12
2015.07.29 23:27:28.177,1.64993,1.65056,1.00,1.12
2015.07.29 23:27:28.610,1.64992,1.65056,1.37,1.12
2015.07.29 23:27:40.215,1.64993,1.65056,1.00,1.12
2015.07.29 23:27:48.204,1.64992,1.65052,1.00,1.75
2015.07.29 23:27:48.604,1.64992,1.65051,1.12,1.00
2015.07.29 23:27:50.235,1.64992,1.65052,1.00,1.75
2015.07.29 23:27:50.630,1.64992,1.65051,1.12,1.00
2015.07.29 23:27:52.510,1.64992,1.65052,1.50,1.75
2015.07.29 23:27:52.612,1.64992,1.65052,1.87,1.75
2015.07.29 23:27:57.718,1.64992,1.65052,1.00,1.75
2015.07.29 23:28:01.422,1.64992,1.65052,1.87,1.75
2015.07.29 23:28:04.704,1.64998,1.65052,1.50,1.75
2015.07.29 23:28:05.696,1.64997,1.65052,1.00,1.75
2015.07.29 23:28:06.725,1.65007,1.65052,1.50,1.75
2015.07.29 23:28:07.028,1.64995,1.65052,1.00,1.75
2015.07.29 23:28:07.916,1.64994,1.65052,1.87,1.75
2015.07.29 23:28:08.714,1.64995,1.65052,1.00,1.75
2015.07.29 23:28:09.428,1.64994,1.65052,1.87,1.75
2015.07.29 23:28:10.023,1.64995,1.65052,1.00,1.75
2015.07.29 23:28:10.530,1.64995,1.65052,1.00,1.75
2015.07.29 23:28:10.948,1.64993,1.65052,1.50,1.75
2015.07.29 23:28:12.045,1.64994,1.65052,1.00,1.75
2015.07.29 23:28:12.780,1.64993,1.65052,1.50,1.75
2015.07.29 23:28:13.290,1.64994,1.65052,1.00,1.75
2015.07.29 23:28:14.944,1.64994,1.65052,1.00,1.50
2015.07.29 23:28:15.426,1.64993,1.65046,1.12,1.00
2015.07.29 23:28:15.529,1.64984,1.65046,1.37,2.25
2015.07.29 23:28:15.580,1.64984,1.65046,1.37,2.62
2015.07.29 23:28:15.681,1.64984,1.65045,1.37,1.50
2015.07.29 23:28:15.782,1.64984,1.65046,1.75,1.00
2015.07.29 23:28:16.337,1.64996,1.65047,1.00,1.50
2015.07.29 23:28:18.039,1.64995,1.65047,1.50,1.50
2015.07.29 23:28:18.650,1.64996,1.65047,1.00,1.50
2015.07.29 23:28:20.116,1.64995,1.65047,1.50,1.50
2015.07.29 23:28:21.000,1.64996,1.65047,1.00,1.50
2015.07.29 23:28:25.930,1.64995,1.65047,1.50,1.50
2015.07.29 23:28:26.738,1.64996,1.65047,1.00,1.50
2015.07.29 23:28:27.398,1.64995,1.65047,1.50,1.50
2015.07.29 23:28:27.929,1.64996,1.65047,1.00,1.50
2015.07.29 23:28:28.169,1.64994,1.65047,1.00,1.50
2015.07.29 23:28:28.219,1.64996,1.65047,1.00,1.50
2015.07.29 23:28:30.173,1.64995,1.65047,1.50,1.50
2015.07.29 23:28:30.735,1.64996,1.65046,1.00,1.00
2015.07.29 23:28:32.147,1.64996,1.65048,1.50,1.37
2015.07.29 23:28:32.670,1.64996,1.65054,1.00,1.12
2015.07.29 23:28:34.028,1.64995,1.65054,1.00,1.12
2015.07.29 23:28:34.617,1.64996,1.65054,1.50,1.12
2015.07.29 23:28:42.242,1.64995,1.65054,1.50,1.12
2015.07.29 23:28:44.274,1.64996,1.65054,1.00,1.12
2015.07.29 23:28:58.374,1.64995,1.65052,1.50,1.75
2015.07.29 23:28:58.982,1.64996,1.65052,1.00,1.75
2015.07.29 23:29:00.270,1.64995,1.65052,1.50,1.75
2015.07.29 23:29:01.001,1.64996,1.65052,1.00,1.75
2015.07.29 23:29:02.199,1.64995,1.65052,1.50,1.75
2015.07.29 23:29:02.852,1.64996,1.65052,1.50,1.75
2015.07.29 23:29:04.577,1.64995,1.65052,1.50,1.75
2015.07.29 23:29:05.168,1.64996,1.65052,1.00,1.75
2015.07.29 23:29:12.539,1.64995,1.65052,1.00,1.37
2015.07.29 23:29:13.147,1.64994,1.65052,1.50,1.37
2015.07.29 23:29:13.657,1.64995,1.65052,1.00,1.75
2015.07.29 23:29:16.403,1.64996,1.65052,1.00,1.75
2015.07.29 23:29:17.248,1.64995,1.65052,1.50,1.75
2015.07.29 23:29:17.783,1.64996,1.65052,1.50,1.75
2015.07.29 23:29:18.358,1.64995,1.65052,1.00,1.75
2015.07.29 23:29:19.367,1.64994,1.65052,1.50,1.75
2015.07.29 23:29:19.886,1.64995,1.65052,1.00,1.75
2015.07.29 23:29:21.509,1.64995,1.65052,1.50,1.37
2015.07.29 23:29:21.661,1.64994,1.65052,1.00,1.75
2015.07.29 23:29:21.712,1.64986,1.65045,1.12,1.87
2015.07.29 23:29:21.763,1.64985,1.65042,1.00,1.37
2015.07.29 23:29:21.814,1.64977,1.65042,1.37,1.37
2015.07.29 23:29:21.865,1.64977,1.65041,1.75,1.12
2015.07.29 23:29:22.200,1.64969,1.65029,1.75,1.12
2015.07.29 23:29:22.636,1.64986,1.6503,1.00,1.12
2015.07.29 23:29:22.788,1.64987,1.65034,1.00,1.12
2015.07.29 23:29:22.839,1.64972,1.65037,3.37,1.75
2015.07.29 23:29:22.940,1.64982,1.65037,1.00,1.75
2015.07.29 23:29:23.374,1.6499,1.65037,1.00,1.75
2015.07.29 23:29:23.427,1.64981,1.65037,1.00,1.75
2015.07.29 23:29:23.528,1.64986,1.65037,1.00,1.75
2015.07.29 23:29:24.136,1.64989,1.65037,1.00,1.75
2015.07.29 23:29:24.187,1.64989,1.65037,1.00,1.37
2015.07.29 23:29:24.238,1.64985,1.65037,1.00,1.37
2015.07.29 23:29:24.339,1.64989,1.65037,1.00,1.75
2015.07.29 23:29:24.688,1.64992,1.65037,1.00,1.50
2015.07.29 23:29:24.952,1.64985,1.65037,1.00,1.75
2015.07.29 23:29:25.254,1.64988,1.65037,1.00,1.75
2015.07.29 23:29:25.309,1.64984,1.65037,1.00,1.37
2015.07.29 23:29:25.360,1.64984,1.65037,1.00,1.75
2015.07.29 23:29:25.926,1.6499,1.65037,1.00,1.75
2015.07.29 23:29:26.445,1.6499,1.65037,1.00,1.37
2015.07.29 23:29:26.512,1.64983,1.65037,1.50,1.37
2015.07.29 23:29:27.245,1.64983,1.65037,1.50,1.75
2015.07.29 23:29:27.295,1.6499,1.65037,1.00,1.75
2015.07.29 23:29:27.816,1.64982,1.65037,1.00,1.75
2015.07.29 23:29:27.867,1.6498,1.65037,1.50,1.75
2015.07.29 23:29:28.517,1.64984,1.65037,1.00,1.75
2015.07.29 23:29:28.895,1.64984,1.65037,1.00,1.87
2015.07.29 23:29:30.665,1.64983,1.65037,1.50,1.87
2015.07.29 23:29:31.931,1.64984,1.65037,1.00,1.87
2015.07.29 23:29:32.024,1.64981,1.65037,1.00,1.87
2015.07.29 23:29:32.388,1.64982,1.65036,1.00,1.12
2015.07.29 23:29:32.439,1.64969,1.65029,2.62,1.12
2015.07.29 23:29:32.490,1.64969,1.65029,1.87,1.37
2015.07.29 23:29:32.591,1.64969,1.65029,1.00,1.75
2015.07.29 23:29:32.692,1.64957,1.65019,1.37,1.87
2015.07.29 23:29:32.794,1.64956,1.65019,1.75,1.75
2015.07.29 23:29:32.896,1.64954,1.65019,1.75,1.75
2015.07.29 23:29:32.947,1.64961,1.65019,1.00,1.75
2015.07.29 23:29:33.300,1.64969,1.65019,1.00,1.37
2015.07.29 23:29:33.628,1.64971,1.65019,1.00,1.37
2015.07.29 23:29:33.780,1.64969,1.65019,1.00,1.37
2015.07.29 23:29:34.033,1.64965,1.65019,1.00,1.37
2015.07.29 23:29:34.529,1.64967,1.65019,1.00,1.37
2015.07.29 23:29:34.963,1.64967,1.65019,1.00,1.75
2015.07.29 23:29:35.678,1.64967,1.65019,1.50,1.37
2015.07.29 23:29:36.532,1.64968,1.65019,1.00,1.37
2015.07.29 23:29:39.179,1.64967,1.65019,1.50,1.37
2015.07.29 23:29:39.887,1.64968,1.65019,1.50,1.37
2015.07.29 23:29:44.359,1.64968,1.65019,1.00,1.37
2015.07.29 23:29:46.712,1.64967,1.65019,1.50,1.37
2015.07.29 23:29:47.357,1.64968,1.65019,1.50,1.37
2015.07.29 23:29:48.752,1.64968,1.65024,1.00,1.75
2015.07.29 23:29:50.556,1.64969,1.65024,1.00,1.12
2015.07.29 23:29:51.098,1.64968,1.65024,1.87,1.12
2015.07.29 23:29:51.795,1.64969,1.65024,1.00,1.12
2015.07.29 23:29:53.809,1.6497,1.65024,1.00,1.12
2015.07.29 23:29:54.477,1.64971,1.65028,1.12,1.12
2015.07.29 23:29:54.535,1.6497,1.6503,1.87,1.75
2015.07.29 23:29:55.134,1.64971,1.6503,1.50,1.75
2015.07.29 23:29:56.643,1.64971,1.6503,1.50,1.37
2015.07.29 23:29:56.745,1.64971,1.6503,1.50,1.75
2015.07.29 23:29:58.639,1.64971,1.6503,1.00,1.37
2015.07.29 23:29:58.883,1.64971,1.6503,1.50,1.75
2015.07.29 23:30:00.420,1.64974,1.6503,1.50,1.75
2015.07.29 23:30:00.938,1.64974,1.6503,1.50,1.75
2015.07.29 23:30:01.167,1.64974,1.6503,1.50,1.37
2015.07.29 23:30:01.269,1.64974,1.6503,1.50,1.87
2015.07.29 23:30:03.177,1.64974,1.65029,1.00,1.12
2015.07.29 23:30:03.908,1.64973,1.65029,1.50,1.12
2015.07.29 23:30:04.512,1.64974,1.65029,1.00,1.12
2015.07.29 23:30:11.547,1.64974,1.6503,1.00,1.50
2015.07.29 23:30:13.588,1.64973,1.6503,1.50,1.50
2015.07.29 23:30:13.955,1.64973,1.6503,1.00,1.75
2015.07.29 23:30:14.056,1.64969,1.6503,1.12,2.25
2015.07.29 23:30:14.107,1.64971,1.65027,1.00,1.75
2015.07.29 23:30:14.642,1.64972,1.65026,1.00,1.75
2015.07.29 23:30:14.692,1.64969,1.65026,1.12,1.75
2015.07.29 23:30:15.917,1.64974,1.65026,1.00,1.75
2015.07.29 23:30:15.968,1.64974,1.65026,1.00,1.50
2015.07.29 23:30:16.562,1.64973,1.65027,1.87,1.75
2015.07.29 23:30:17.802,1.64974,1.65027,1.00,1.75
2015.07.29 23:30:22.722,1.64974,1.65026,1.50,1.75
2015.07.29 23:30:22.823,1.64974,1.65026,1.00,1.75
2015.07.29 23:30:24.577,1.64972,1.65026,1.00,1.75
2015.07.29 23:30:26.834,1.64971,1.65026,1.50,1.75
2015.07.29 23:30:27.335,1.64972,1.65026,1.00,1.75
2015.07.29 23:30:28.789,1.64971,1.65026,1.50,1.75
2015.07.29 23:30:30.247,1.64972,1.65026,1.00,1.75
2015.07.29 23:30:30.750,1.64973,1.65026,1.00,1.75
2015.07.29 23:30:32.297,1.64972,1.65026,1.00,1.75
2015.07.29 23:30:34.241,1.64973,1.65026,1.00,1.75
2015.07.29 23:30:36.107,1.64973,1.65026,1.50,1.75
2015.07.29 23:30:36.920,1.64972,1.65026,1.00,1.75
2015.07.29 23:30:38.336,1.64973,1.65026,1.00,1.75
2015.07.29 23:30:39.278,1.64973,1.65026,1.00,1.75
2015.07.29 23:30:46.431,1.64972,1.65024,1.50,1.12
2015.07.29 23:30:47.008,1.64973,1.65024,1.00,1.12
2015.07.29 23:30:48.485,1.64972,1.65024,1.50,1.12
2015.07.29 23:30:49.155,1.64973,1.65024,1.50,1.12
2015.07.29 23:30:50.751,1.64972,1.65024,1.50,1.12
2015.07.29 23:30:51.298,1.64973,1.65024,1.00,1.12
2015.07.29 23:30:54.716,1.64972,1.65024,1.50,1.12
2015.07.29 23:30:55.325,1.64973,1.65024,1.00,1.12
2015.07.29 23:30:56.226,1.64972,1.65024,1.50,1.12
2015.07.29 23:30:56.747,1.64973,1.65024,1.00,1.12
2015.07.29 23:30:58.497,1.64972,1.65024,1.50,1.12
2015.07.29 23:30:59.290,1.64973,1.65024,1.50,1.12
2015.07.29 23:31:00.356,1.64972,1.65024,1.50,1.12
2015.07.29 23:31:00.954,1.64973,1.65024,1.50,1.12
2015.07.29 23:31:04.508,1.64972,1.65024,1.50,1.12
2015.07.29 23:31:05.107,1.64973,1.65024,1.50,1.12
2015.07.29 23:31:05.430,1.64973,1.65024,1.50,1.12
2015.07.29 23:31:07.065,1.64972,1.65024,1.50,1.12
2015.07.29 23:31:08.338,1.64973,1.65024,1.00,1.12
2015.07.29 23:31:08.841,1.64972,1.65024,1.50,1.12
2015.07.29 23:31:10.351,1.64973,1.65024,1.00,1.12
2015.07.29 23:31:10.873,1.64972,1.65024,1.50,1.12
2015.07.29 23:31:11.092,1.64972,1.65024,1.50,1.37
2015.07.29 23:31:11.308,1.64973,1.65024,1.00,1.12
2015.07.29 23:31:12.675,1.64972,1.65024,1.50,1.12
2015.07.29 23:31:13.263,1.64973,1.65024,1.50,1.12
2015.07.29 23:31:16.318,1.64972,1.65024,1.50,1.12
2015.07.29 23:31:17.084,1.64973,1.65024,1.00,1.12
2015.07.29 23:31:18.534,1.64972,1.65024,1.50,1.12
2015.07.29 23:31:19.038,1.64973,1.65024,1.00,1.12
2015.07.29 23:31:20.730,1.64973,1.65024,1.00,1.12
2015.07.29 23:31:20.832,1.64971,1.65027,1.00,1.87
2015.07.29 23:31:21.393,1.6497,1.65026,1.50,1.75
2015.07.29 23:31:22.434,1.64971,1.65026,1.00,1.75
2015.07.29 23:31:23.032,1.6497,1.65026,1.50,1.75
2015.07.29 23:31:24.842,1.64971,1.65026,1.00,1.75
2015.07.29 23:31:26.921,1.6497,1.65026,1.50,1.75
2015.07.29 23:31:27.962,1.64971,1.65026,1.00,1.75
2015.07.29 23:31:28.025,1.64971,1.65026,1.00,1.75
2015.07.29 23:31:29.151,1.6497,1.65026,1.50,1.75
2015.07.29 23:31:29.893,1.64971,1.65026,1.00,1.75
2015.07.29 23:31:30.053,1.64968,1.65026,1.87,1.75
2015.07.29 23:31:30.155,1.64965,1.65026,3.00,3.00
2015.07.29 23:31:30.652,1.64969,1.65026,1.00,2.25
2015.07.29 23:31:31.200,1.6497,1.65027,1.00,1.87
2015.07.29 23:31:31.823,1.64969,1.65027,1.50,1.87
2015.07.29 23:31:32.655,1.6497,1.65027,1.00,1.87
2015.07.29 23:31:32.864,1.64967,1.65025,1.12,1.75
2015.07.29 23:31:33.256,1.64971,1.65025,1.00,1.75
2015.07.29 23:31:33.686,1.6497,1.65027,1.37,1.87
2015.07.29 23:31:34.686,1.64971,1.65027,1.00,1.87
2015.07.29 23:31:34.787,1.64966,1.65025,1.50,1.75
2015.07.29 23:31:37.264,1.6497,1.65027,1.00,1.87
2015.07.29 23:31:37.809,1.64967,1.65027,1.87,1.87
2015.07.29 23:31:48.968,1.64967,1.65027,1.00,1.87
2015.07.29 23:31:49.019,1.6497,1.65027,1.00,1.87
2015.07.29 23:31:49.120,1.64967,1.65027,1.50,1.87
2015.07.29 23:31:51.611,1.64966,1.65027,2.25,1.12
2015.07.29 23:31:51.821,1.6497,1.65026,1.00,1.00
2015.07.29 23:31:52.201,1.6497,1.65026,1.75,1.50
2015.07.29 23:31:52.911,1.6497,1.65026,1.87,1.00
2015.07.29 23:31:52.980,1.6497,1.65026,2.25,1.37
2015.07.29 23:31:55.538,1.64969,1.65026,2.25,1.37
2015.07.29 23:31:56.500,1.6497,1.65026,1.87,1.75
2015.07.29 23:31:56.702,1.6497,1.65026,1.00,1.75
2015.07.29 23:31:56.753,1.64966,1.65026,2.25,1.75
2015.07.29 23:31:57.264,1.64967,1.65023,1.00,1.75
2015.07.29 23:31:57.497,1.6497,1.65026,1.00,1.75
2015.07.29 23:32:01.912,1.6497,1.65023,1.50,1.12
2015.07.29 23:32:03.539,1.6497,1.65024,1.00,1.87
2015.07.29 23:32:04.059,1.64969,1.65024,1.50,1.87
2015.07.29 23:32:04.764,1.64966,1.65024,1.37,1.87
2015.07.29 23:32:04.816,1.64971,1.65024,1.00,1.87
2015.07.29 23:32:05.359,1.64971,1.65024,1.50,1.75
2015.07.29 23:32:06.807,1.64968,1.65024,1.87,1.75
2015.07.29 23:32:09.819,1.64971,1.65024,1.00,1.75
2015.07.29 23:32:10.178,1.6497,1.65023,1.00,1.12
2015.07.29 23:32:10.229,1.64966,1.65023,1.50,1.12
2015.07.29 23:32:12.124,1.64967,1.65023,1.00,1.12
2015.07.29 23:32:12.626,1.64968,1.65023,1.50,1.12
2015.07.29 23:32:13.150,1.64969,1.65023,1.50,1.12
2015.07.29 23:32:13.452,1.64969,1.65023,1.37,1.37
2015.07.29 23:32:13.728,1.64972,1.65023,1.00,1.37
2015.07.29 23:32:15.953,1.64971,1.65023,1.50,1.37
2015.07.29 23:32:17.837,1.64972,1.65023,1.00,1.37
2015.07.29 23:32:18.738,1.64975,1.65028,1.00,1.12
2015.07.29 23:32:20.065,1.64975,1.65028,1.00,1.12
2015.07.29 23:32:20.842,1.64974,1.65028,1.50,1.12
2015.07.29 23:32:23.178,1.64973,1.65027,1.50,1.50
2015.07.29 23:32:23.846,1.64969,1.65027,1.37,1.50
2015.07.29 23:32:24.681,1.64969,1.65027,1.37,1.75
2015.07.29 23:32:24.783,1.64972,1.65027,1.00,1.75
2015.07.29 23:32:25.258,1.64967,1.65027,1.50,1.75
2015.07.29 23:32:26.374,1.64971,1.65027,1.00,1.75
2015.07.29 23:32:26.889,1.64972,1.65027,1.50,1.75
2015.07.29 23:32:27.640,1.64971,1.65027,1.50,1.75
2015.07.29 23:32:28.781,1.64971,1.65027,1.50,1.50
2015.07.29 23:32:29.637,1.64966,1.65025,1.75,1.75
2015.07.29 23:32:29.897,1.64968,1.65022,1.50,1.37
2015.07.29 23:32:30.200,1.64971,1.65022,1.00,1.87
2015.07.29 23:32:30.503,1.64972,1.65022,1.37,1.37
2015.07.29 23:32:30.851,1.64985,1.65032,1.00,1.12
2015.07.29 23:32:30.902,1.64985,1.65033,1.00,1.12
2015.07.29 23:32:31.003,1.64975,1.65033,1.37,1.12
2015.07.29 23:32:31.306,1.64981,1.65033,1.00,1.12
2015.07.29 23:32:31.559,1.64974,1.65033,2.25,1.12
2015.07.29 23:32:32.670,1.64982,1.65033,1.50,1.12
2015.07.29 23:32:33.698,1.64979,1.65033,1.87,1.12
2015.07.29 23:32:35.757,1.64977,1.65032,1.37,1.37
2015.07.29 23:32:36.570,1.64981,1.65032,1.00,1.37
2015.07.29 23:32:39.602,1.64977,1.65032,1.37,1.37
2015.07.29 23:32:39.811,1.64977,1.65034,1.00,1.75
2015.07.29 23:32:39.927,1.64977,1.65032,1.37,1.12
2015.07.29 23:32:40.029,1.64976,1.65033,1.12,1.12
2015.07.29 23:32:40.331,1.64977,1.65033,1.12,1.12
2015.07.29 23:32:48.192,1.6498,1.65033,1.00,1.12
2015.07.29 23:32:48.444,1.64982,1.65036,1.37,1.12
2015.07.29 23:32:49.194,1.64984,1.65041,1.37,1.75
2015.07.29 23:32:50.129,1.64985,1.65043,1.37,1.75
2015.07.29 23:32:51.142,1.64985,1.65043,1.12,2.25
2015.07.29 23:32:58.261,1.64981,1.65039,1.12,1.12
2015.07.29 23:32:58.696,1.64977,1.65037,1.12,1.75
2015.07.29 23:33:00.514,1.64981,1.65037,1.00,1.75
2015.07.29 23:33:00.615,1.64979,1.65037,1.12,1.75
2015.07.29 23:33:01.215,1.6498,1.65036,1.00,1.75
2015.07.29 23:33:04.122,1.64979,1.65036,1.12,1.75
2015.07.29 23:33:04.779,1.64978,1.65036,1.50,1.75
2015.07.29 23:33:10.310,1.64983,1.65037,1.00,1.87
2015.07.29 23:33:10.412,1.64976,1.65037,1.50,1.87
2015.07.29 23:33:11.506,1.64981,1.65037,1.00,1.12
2015.07.29 23:33:12.115,1.64978,1.65037,1.37,1.12
2015.07.29 23:33:20.187,1.64977,1.65036,1.37,1.75
2015.07.29 23:33:22.660,1.6498,1.65037,1.00,1.12
2015.07.29 23:33:24.615,1.6498,1.65037,1.00,1.12
2015.07.29 23:33:26.240,1.64982,1.6504,1.50,1.12
2015.07.29 23:33:26.556,1.64984,1.6504,1.50,1.12
2015.07.29 23:33:28.385,1.64983,1.6504,1.50,1.12
2015.07.29 23:33:29.873,1.64984,1.6504,1.00,1.12
2015.07.29 23:33:30.564,1.64983,1.6504,1.50,1.12
2015.07.29 23:33:31.811,1.64984,1.6504,1.00,1.12
2015.07.29 23:33:32.564,1.64983,1.6504,1.50,1.12
2015.07.29 23:33:32.879,1.64986,1.6504,1.00,1.12
2015.07.29 23:33:33.015,1.64983,1.6504,1.50,1.12
2015.07.29 23:33:34.722,1.64985,1.6504,1.00,1.12
2015.07.29 23:33:35.381,1.64986,1.6504,1.00,1.12
2015.07.29 23:33:35.947,1.64985,1.6504,1.50,1.12
2015.07.29 23:33:36.253,1.64983,1.6504,1.50,1.12
2015.07.29 23:33:36.922,1.64984,1.6504,1.00,1.12
2015.07.29 23:33:37.679,1.64979,1.65037,2.25,1.75
2015.07.29 23:33:39.490,1.64983,1.65037,1.00,1.75
2015.07.29 23:33:43.649,1.64982,1.65037,1.00,1.75
2015.07.29 23:33:43.750,1.64978,1.65037,2.62,1.75
2015.07.29 23:33:44.066,1.64982,1.65037,1.00,1.75
2015.07.29 23:33:54.150,1.64981,1.65041,1.50,1.12
2015.07.29 23:33:56.019,1.64982,1.65041,1.00,1.12
2015.07.29 23:34:08.220,1.64981,1.65036,1.50,1.75
2015.07.29 23:34:08.814,1.64982,1.65036,1.00,1.75
2015.07.29 23:34:09.418,1.64978,1.65036,1.37,1.75
2015.07.29 23:34:11.480,1.64982,1.65036,1.00,1.75
2015.07.29 23:34:17.387,1.64981,1.65036,1.50,1.75
2015.07.29 23:34:17.911,1.64979,1.65036,1.37,1.75
2015.07.29 23:34:18.906,1.64982,1.65035,1.00,1.12
2015.07.29 23:34:19.209,1.64975,1.65032,1.37,1.75
2015.07.29 23:34:19.857,1.64973,1.65031,1.12,2.25
2015.07.29 23:34:20.929,1.64973,1.65026,1.12,1.00
2015.07.29 23:34:23.937,1.64975,1.65026,2.25,1.37
2015.07.29 23:34:25.834,1.64975,1.65026,1.12,1.00
2015.07.29 23:34:26.461,1.64975,1.65026,1.37,1.37
2015.07.29 23:34:27.049,1.64975,1.65026,1.87,1.00
2015.07.29 23:34:28.137,1.64975,1.65026,1.87,1.37
2015.07.29 23:34:29.739,1.64975,1.65026,1.87,1.00
2015.07.29 23:34:30.340,1.64975,1.65026,1.87,1.37
2015.07.29 23:34:31.042,1.64975,1.65026,1.87,1.00
2015.07.29 23:34:33.245,1.64975,1.65026,1.37,1.37
2015.07.29 23:34:33.677,1.64975,1.65026,1.37,1.00
2015.07.29 23:34:34.347,1.64975,1.65026,1.50,1.00
2015.07.29 23:34:34.599,1.64975,1.65034,1.50,1.50
2015.07.29 23:34:34.952,1.64979,1.65037,1.12,1.37
2015.07.29 23:34:35.053,1.64985,1.65038,1.12,1.12
2015.07.29 23:34:37.660,1.64992,1.65047,1.37,1.37
2015.07.29 23:34:45.865,1.64992,1.65048,1.50,1.75
2015.07.29 23:34:45.967,1.64992,1.65046,1.37,1.37
2015.07.29 23:34:50.373,1.64993,1.65048,1.00,1.75
2015.07.29 23:34:52.094,1.64992,1.65047,1.87,1.75
2015.07.29 23:34:52.618,1.64993,1.65047,1.00,1.75
2015.07.29 23:34:54.158,1.64992,1.65048,1.87,1.75
2015.07.29 23:34:54.861,1.64992,1.65048,1.50,1.75
2015.07.29 23:34:55.526,1.64993,1.65046,1.00,1.50
2015.07.29 23:34:56.061,1.64992,1.65046,1.50,1.50
2015.07.29 23:34:56.624,1.64993,1.65046,1.00,1.50
2015.07.29 23:34:56.951,1.64989,1.65046,1.37,2.62
2015.07.29 23:34:57.102,1.64987,1.65045,1.37,1.12
2015.07.29 23:34:57.602,1.64991,1.65045,1.00,1.12
2015.07.29 23:34:58.077,1.64988,1.65045,1.87,1.12
2015.07.29 23:34:58.740,1.6499,1.65045,1.00,1.12
2015.07.29 23:34:59.274,1.64987,1.65045,1.37,1.12
2015.07.29 23:34:59.830,1.64991,1.65045,1.00,1.12
2015.07.29 23:35:01.335,1.6499,1.65044,1.00,1.00
2015.07.29 23:35:01.386,1.64988,1.65044,1.00,1.00
2015.07.29 23:35:01.437,1.64988,1.6504,1.00,1.75
2015.07.29 23:35:01.488,1.64982,1.65035,1.12,1.12
2015.07.29 23:35:02.100,1.64974,1.65035,1.12,1.12
2015.07.29 23:35:02.638,1.64973,1.65035,1.75,1.12
2015.07.29 23:35:03.410,1.64975,1.65027,1.37,1.37
2015.07.29 23:35:05.405,1.64974,1.65027,1.00,1.00
2015.07.29 23:35:05.945,1.64973,1.65027,1.75,1.37
2015.07.29 23:35:10.429,1.64973,1.65027,3.00,1.75
2015.07.29 23:35:11.153,1.64974,1.65027,1.00,1.50
2015.07.29 23:35:11.352,1.64973,1.65027,1.87,1.75
2015.07.29 23:35:11.761,1.64973,1.65027,1.37,1.75
2015.07.29 23:35:11.963,1.6497,1.65026,1.37,1.75
2015.07.29 23:35:12.948,1.64967,1.65026,1.87,1.75
2015.07.29 23:35:13.030,1.64967,1.65026,1.87,1.75
2015.07.29 23:35:13.415,1.64967,1.65026,1.75,1.75
2015.07.29 23:35:13.465,1.64967,1.65026,1.37,1.75
2015.07.29 23:35:14.442,1.64967,1.65016,1.00,1.37
2015.07.29 23:35:14.978,1.64965,1.65017,1.87,1.37
2015.07.29 23:35:15.679,1.64968,1.65028,1.37,1.75
2015.07.29 23:35:19.583,1.64967,1.65016,1.50,1.00
2015.07.29 23:35:20.200,1.64967,1.65016,1.37,1.37
2015.07.29 23:35:20.693,1.64968,1.65026,1.50,2.25
2015.07.29 23:35:35.599,1.6497,1.65027,2.25,1.75
2015.07.29 23:35:35.700,1.64971,1.65028,1.37,1.12
2015.07.29 23:35:38.796,1.64971,1.65028,1.37,1.12
2015.07.29 23:35:38.998,1.64975,1.65028,1.00,1.12
2015.07.29 23:35:39.117,1.64975,1.65029,1.00,1.75
2015.07.29 23:35:39.219,1.64978,1.65029,1.00,1.75
2015.07.29 23:35:39.567,1.64975,1.65028,1.50,1.12
2015.07.29 23:35:40.162,1.64973,1.65027,1.37,1.75
2015.07.29 23:35:41.944,1.64972,1.65027,1.37,1.75
2015.07.29 23:35:42.092,1.64972,1.65027,1.37,1.37
2015.07.29 23:35:50.540,1.64972,1.65027,2.25,1.50
2015.07.29 23:36:05.525,1.6497,1.65026,1.37,1.37
2015.07.29 23:36:05.755,1.64969,1.65026,2.25,1.75
2015.07.29 23:36:20.561,1.64969,1.65026,2.25,1.75
2015.07.29 23:36:34.387,1.6497,1.65026,2.25,1.37
2015.07.29 23:36:34.577,1.6497,1.65026,2.62,1.75
2015.07.29 23:36:53.543,1.64972,1.65027,1.37,1.37
2015.07.29 23:36:53.745,1.6497,1.65026,1.37,1.75
2015.07.29 23:36:54.064,1.64968,1.65026,1.87,1.75
2015.07.29 23:36:55.147,1.64968,1.65026,1.37,1.75
2015.07.29 23:36:55.579,1.64969,1.65026,1.75,1.75
2015.07.29 23:36:56.107,1.6497,1.65026,2.25,1.75
2015.07.29 23:36:56.258,1.64966,1.65026,2.25,1.75
2015.07.29 23:37:03.349,1.64968,1.65027,2.25,1.75
2015.07.29 23:37:09.892,1.64971,1.65027,1.37,1.75
2015.07.29 23:37:10.194,1.64966,1.65024,1.37,1.75
2015.07.29 23:37:10.497,1.64964,1.65023,1.87,1.87
2015.07.29 23:37:10.598,1.6497,1.65023,1.37,1.75
2015.07.29 23:37:12.697,1.64966,1.65026,2.25,1.12
2015.07.29 23:37:14.601,1.64969,1.65026,1.37,1.87
2015.07.29 23:37:15.100,1.64968,1.65026,1.37,2.62
2015.07.29 23:37:15.602,1.64969,1.65026,1.75,2.62
2015.07.29 23:37:15.704,1.64969,1.65026,1.37,1.87
2015.07.29 23:37:16.403,1.64966,1.65025,1.37,1.75
2015.07.29 23:37:16.505,1.64966,1.65026,1.37,1.87
2015.07.29 23:37:24.119,1.64967,1.65026,1.75,1.87
2015.07.29 23:37:24.220,1.64967,1.65026,1.37,1.87
2015.07.29 23:37:24.474,1.64967,1.65026,1.75,1.87
2015.07.29 23:37:24.868,1.64967,1.65016,1.75,1.00
2015.07.29 23:37:24.969,1.64967,1.65026,1.75,1.12
2015.07.29 23:37:26.317,1.64965,1.65017,2.62,1.00
2015.07.29 23:37:26.929,1.64965,1.65016,2.25,1.00
2015.07.29 23:37:27.522,1.64967,1.65027,1.75,2.25
2015.07.29 23:37:28.450,1.64964,1.65016,1.50,1.75
2015.07.29 23:37:28.836,1.64964,1.65022,1.75,2.25
2015.07.29 23:37:32.406,1.64965,1.65016,1.75,1.37
2015.07.29 23:37:36.270,1.64965,1.65016,2.25,1.00
2015.07.29 23:37:36.371,1.64965,1.65016,2.25,1.37
2015.07.29 23:37:44.189,1.64965,1.65016,2.25,1.00
2015.07.29 23:37:44.290,1.64965,1.65016,1.75,1.37
2015.07.29 23:37:44.865,1.64965,1.65016,1.75,1.37
2015.07.29 23:37:49.615,1.64965,1.65016,1.50,1.75
2015.07.29 23:37:49.766,1.64961,1.65016,1.37,3.00
2015.07.29 23:37:50.033,1.64954,1.6501,1.37,1.00
2015.07.29 23:37:50.084,1.64954,1.65005,1.37,1.00
2015.07.29 23:37:50.185,1.64946,1.65009,1.12,1.37
2015.07.29 23:37:50.286,1.64946,1.65007,1.12,1.37
2015.07.29 23:37:50.337,1.64946,1.65002,1.12,1.00
2015.07.29 23:37:50.639,1.64946,1.64997,1.12,1.50
2015.07.29 23:37:50.740,1.64946,1.65,1.12,1.12
2015.07.29 23:37:50.791,1.64946,1.64997,1.12,1.00
2015.07.29 23:37:51.144,1.64946,1.64994,1.12,1.00
2015.07.29 23:37:51.245,1.64946,1.64996,1.12,1.00
2015.07.29 23:37:51.497,1.64946,1.65002,1.12,1.37
2015.07.29 23:37:51.749,1.64946,1.64997,1.12,1.00
2015.07.29 23:37:51.850,1.64946,1.65001,1.12,1.87
2015.07.29 23:37:52.144,1.64945,1.64997,1.87,1.37
2015.07.29 23:37:52.454,1.64937,1.64989,1.12,1.00
2015.07.29 23:37:52.555,1.64937,1.64992,1.12,1.12
2015.07.29 23:37:53.063,1.64937,1.64991,1.12,1.00
2015.07.29 23:37:53.331,1.64937,1.64988,1.12,1.00
2015.07.29 23:37:54.694,1.64937,1.64989,1.12,1.00
2015.07.29 23:37:55.937,1.64937,1.64987,1.12,1.00
2015.07.29 23:37:56.038,1.64937,1.64989,1.12,1.00
2015.07.29 23:37:56.793,1.64937,1.64988,1.12,1.00
2015.07.29 23:37:58.821,1.64936,1.64988,1.12,1.00
2015.07.29 23:37:58.972,1.6493,1.64985,1.75,1.00
2015.07.29 23:37:59.124,1.64929,1.64984,1.87,1.00
2015.07.29 23:37:59.325,1.64928,1.64981,1.12,1.00
2015.07.29 23:37:59.528,1.64906,1.64966,1.00,2.25
2015.07.29 23:37:59.579,1.64906,1.64963,1.00,1.00
2015.07.29 23:37:59.883,1.64882,1.64932,1.00,1.87
2015.07.29 23:38:00.150,1.64866,1.64922,1.37,1.00
2015.07.29 23:38:00.252,1.64866,1.64925,1.37,1.00
2015.07.29 23:38:00.655,1.64866,1.64925,1.50,1.75
2015.07.29 23:38:05.730,1.64866,1.64924,1.75,1.50
2015.07.29 23:38:14.010,1.64876,1.64926,1.00,1.87
2015.07.29 23:38:14.061,1.64876,1.64927,1.50,1.75
2015.07.29 23:38:14.769,1.64868,1.64928,2.25,1.12
2015.07.29 23:38:14.971,1.64876,1.64935,1.87,1.75
2015.07.29 23:38:16.819,1.64883,1.64926,1.75,1.00
2015.07.29 23:38:16.869,1.64887,1.64938,2.25,1.87
2015.07.29 23:38:16.920,1.6489,1.64939,1.12,1.75
2015.07.29 23:38:16.971,1.64891,1.64946,1.12,1.50
2015.07.29 23:38:17.122,1.64901,1.64945,1.12,1.00
2015.07.29 23:38:17.173,1.64901,1.64956,1.12,1.75
2015.07.29 23:38:17.224,1.64904,1.64956,1.37,1.37
2015.07.29 23:38:17.709,1.64912,1.6497,2.25,1.12
2015.07.29 23:38:18.396,1.64912,1.64971,1.75,1.75
2015.07.29 23:38:19.034,1.64912,1.64971,1.37,1.75
2015.07.29 23:38:20.719,1.64912,1.6497,1.37,1.00
2015.07.29 23:38:21.192,1.64912,1.6497,1.37,1.37
2015.07.29 23:38:23.095,1.64911,1.64971,1.87,1.50
2015.07.29 23:38:23.197,1.64912,1.6497,1.37,1.12
2015.07.29 23:38:23.397,1.64912,1.6497,1.37,1.00
2015.07.29 23:38:23.599,1.64912,1.6497,1.37,1.12
2015.07.29 23:38:23.800,1.64912,1.64971,1.37,1.50
2015.07.29 23:38:24.047,1.64912,1.6497,1.37,1.12
2015.07.29 23:38:24.201,1.64912,1.6497,1.37,1.00
2015.07.29 23:38:24.707,1.64912,1.64971,1.37,1.75
2015.07.29 23:38:25.906,1.64911,1.6497,1.87,1.12
2015.07.29 23:38:26.926,1.64912,1.6497,1.37,1.12
2015.07.29 23:38:27.811,1.64912,1.64971,1.00,1.50
2015.07.29 23:38:28.160,1.64912,1.64971,1.37,1.50
2015.07.29 23:38:30.357,1.64912,1.64971,1.87,1.37
2015.07.29 23:38:30.667,1.64914,1.64971,1.00,1.37
2015.07.29 23:38:30.768,1.64914,1.64971,1.37,1.37
2015.07.29 23:38:31.304,1.64916,1.64971,1.87,1.37
2015.07.29 23:38:31.931,1.64916,1.64971,2.25,1.37
2015.07.29 23:38:32.132,1.64916,1.64971,3.00,1.37
2015.07.29 23:38:32.842,1.64918,1.64973,1.37,1.12
2015.07.29 23:38:32.893,1.64918,1.64977,1.37,3.00
2015.07.29 23:38:32.944,1.64916,1.64976,1.87,1.00
2015.07.29 23:38:33.236,1.64925,1.6498,1.50,1.12
2015.07.29 23:38:33.287,1.64926,1.64985,1.00,1.37
2015.07.29 23:38:33.388,1.64925,1.64976,1.50,1.00
2015.07.29 23:38:33.792,1.64914,1.64976,1.75,1.00
2015.07.29 23:38:34.246,1.64923,1.64977,1.00,1.00
2015.07.29 23:38:34.568,1.64925,1.64979,1.00,1.37
2015.07.29 23:38:34.720,1.64921,1.64979,1.50,1.37
2015.07.29 23:38:34.770,1.64921,1.64979,1.87,1.37
2015.07.29 23:38:35.052,1.64919,1.64979,1.37,1.37
2015.07.29 23:38:35.354,1.64917,1.64975,1.37,1.00
2015.07.29 23:38:35.684,1.64912,1.64972,1.37,1.75
2015.07.29 23:38:36.303,1.6491,1.64971,2.25,1.87
2015.07.29 23:38:36.404,1.64909,1.64963,1.12,1.87
2015.07.29 23:38:37.071,1.64904,1.64963,1.75,1.50
2015.07.29 23:38:37.257,1.64904,1.64965,2.25,1.75
2015.07.29 23:38:37.912,1.64907,1.64956,1.75,1.00
2015.07.29 23:38:40.183,1.64906,1.64956,2.25,1.00
2015.07.29 23:38:45.081,1.64901,1.64956,2.62,1.00
2015.07.29 23:38:45.684,1.64901,1.64957,1.87,1.00
2015.07.29 23:38:47.887,1.64903,1.64957,2.25,1.00
2015.07.29 23:38:59.543,1.64903,1.64964,2.25,2.62
2015.07.29 23:39:04.568,1.64902,1.64964,1.87,1.12
2015.07.29 23:39:05.846,1.64912,1.64967,1.37,1.50
2015.07.29 23:39:07.667,1.64912,1.64973,1.37,3.37
2015.07.29 23:39:10.378,1.64904,1.64963,1.37,1.12
2015.07.29 23:39:10.878,1.64901,1.64956,1.75,1.50
2015.07.29 23:39:11.474,1.64901,1.64956,1.75,1.75
2015.07.29 23:39:11.905,1.64901,1.64957,1.75,3.00
2015.07.29 23:39:13.984,1.64901,1.64956,2.25,1.37
2015.07.29 23:39:14.717,1.64902,1.64956,1.12,1.12
2015.07.29 23:39:21.669,1.64902,1.64956,2.25,1.87
2015.07.29 23:39:21.723,1.64899,1.64955,1.37,1.37
2015.07.29 23:39:22.026,1.64898,1.64954,1.37,2.25
2015.07.29 23:39:22.127,1.64898,1.64954,1.37,2.25
2015.07.29 23:39:25.444,1.64898,1.64956,1.37,1.75
2015.07.29 23:39:25.545,1.64898,1.64952,1.37,1.75
2015.07.29 23:39:25.963,1.64896,1.64952,1.50,1.37
2015.07.29 23:39:26.064,1.64896,1.64952,2.25,2.25
2015.07.29 23:39:26.116,1.64896,1.64952,2.25,1.87
2015.07.29 23:39:26.544,1.64898,1.64956,1.75,1.87
2015.07.29 23:39:32.350,1.64898,1.64953,1.75,1.37
2015.07.29 23:39:34.934,1.64898,1.64956,1.75,1.87
2015.07.29 23:39:35.936,1.64898,1.64956,1.75,1.87
2015.07.29 23:39:59.596,1.64899,1.64956,1.75,1.75
2015.07.29 23:39:59.926,1.64899,1.64956,1.75,1.50
2015.07.29 23:40:01.492,1.64899,1.64957,2.25,2.25
2015.07.29 23:40:04.934,1.64906,1.64956,1.75,1.00
2015.07.29 23:40:05.244,1.64906,1.64957,1.87,1.75
2015.07.29 23:40:12.010,1.64898,1.64956,3.00,1.50
2015.07.29 23:40:12.313,1.64908,1.64956,1.12,1.37
2015.07.29 23:40:16.136,1.64899,1.64955,1.75,1.50
2015.07.29 23:40:16.338,1.64897,1.6495,1.87,1.37
2015.07.29 23:40:16.641,1.64896,1.64951,2.25,1.75
2015.07.29 23:40:25.674,1.64913,1.64959,1.50,1.12
2015.07.29 23:40:25.876,1.64915,1.64966,1.00,1.75
2015.07.29 23:40:26.128,1.64912,1.64967,1.87,1.75
2015.07.29 23:40:33.305,1.64909,1.64966,1.50,1.75
2015.07.29 23:40:33.406,1.64908,1.64968,1.87,3.00
2015.07.29 23:40:33.507,1.64908,1.64967,1.00,2.25
2015.07.29 23:40:33.829,1.64898,1.64952,1.75,1.50
2015.07.29 23:40:36.113,1.64898,1.64956,1.50,2.25
2015.07.29 23:40:36.473,1.64898,1.64956,1.75,2.25
2015.07.29 23:40:37.070,1.64899,1.64957,1.50,1.75
2015.07.29 23:40:37.272,1.64893,1.64948,1.87,1.12
2015.07.29 23:40:37.931,1.64894,1.64949,1.00,1.37
2015.07.29 23:40:37.982,1.64892,1.64949,1.00,1.37
2015.07.29 23:40:38.184,1.64888,1.64949,1.12,1.37
2015.07.29 23:40:38.285,1.64891,1.64949,1.00,1.37
2015.07.29 23:40:38.387,1.64886,1.64949,2.25,1.37
2015.07.29 23:40:38.680,1.64887,1.64948,1.87,1.37
2015.07.29 23:40:42.322,1.64891,1.64948,1.75,1.37
2015.07.29 23:40:45.126,1.64892,1.64948,1.37,1.12
2015.07.29 23:40:45.227,1.64889,1.64946,1.75,1.37
2015.07.29 23:40:45.328,1.64889,1.64948,1.50,1.12
2015.07.29 23:40:45.836,1.6489,1.64948,1.50,1.12
2015.07.29 23:40:46.138,1.64887,1.64946,1.87,1.37
2015.07.29 23:40:46.629,1.64889,1.64946,2.25,1.37
2015.07.29 23:40:46.730,1.6489,1.64946,1.75,1.37
2015.07.29 23:40:50.435,1.64892,1.64947,1.12,1.37
2015.07.29 23:40:50.537,1.64891,1.64942,1.37,1.75
2015.07.29 23:40:50.638,1.64887,1.64942,1.50,1.75
2015.07.29 23:40:51.147,1.64888,1.64942,1.75,1.75
2015.07.29 23:40:58.243,1.64888,1.64947,1.75,1.75
2015.07.29 23:40:58.426,1.64887,1.64947,3.37,1.75
2015.07.29 23:41:06.154,1.64888,1.64947,1.75,1.75
2015.07.29 23:41:11.533,1.64889,1.64947,1.87,1.37
2015.07.29 23:41:14.532,1.64895,1.6495,1.37,1.12
2015.07.29 23:41:17.472,1.6489,1.64946,2.25,1.37
2015.07.29 23:41:17.573,1.6489,1.64946,1.50,1.37
2015.07.29 23:41:18.675,1.64891,1.64946,1.12,1.75
2015.07.29 23:41:21.151,1.64887,1.64946,1.75,1.12
2015.07.29 23:41:24.953,1.64888,1.64946,1.75,1.12
2015.07.29 23:41:28.192,1.64886,1.64946,1.75,1.12
2015.07.29 23:41:28.666,1.64881,1.64938,1.75,1.37
2015.07.29 23:41:36.430,1.6488,1.64938,2.10,1.37
2015.07.29 23:41:42.492,1.64878,1.64936,1.35,1.37
2015.07.29 23:41:45.407,1.64879,1.64935,1.35,1.50
2015.07.29 23:41:47.421,1.64878,1.64935,1.35,1.37
2015.07.29 23:41:49.428,1.6488,1.64935,1.35,1.87
2015.07.29 23:41:51.205,1.64878,1.64935,1.35,1.87
2015.07.29 23:41:53.408,1.6488,1.64935,1.67,1.50
2015.07.29 23:41:53.509,1.64878,1.64935,1.35,1.37
2015.07.29 23:41:59.528,1.64878,1.64931,1.35,1.00
2015.07.29 23:42:00.099,1.64878,1.64934,1.35,1.37
2015.07.29 23:42:00.404,1.64878,1.6493,1.35,1.00
2015.07.29 23:42:00.746,1.64878,1.64935,1.35,1.37
2015.07.29 23:42:01.395,1.64879,1.64935,1.35,1.75
2015.07.29 23:42:01.449,1.64877,1.64937,2.10,2.25
2015.07.29 23:42:01.550,1.6488,1.64936,1.35,1.37
2015.07.29 23:42:09.658,1.64883,1.64937,1.12,1.37
2015.07.29 23:42:12.857,1.64883,1.64938,1.12,1.37
2015.07.29 23:42:13.401,1.64883,1.64937,1.12,1.00
2015.07.29 23:42:18.366,1.6488,1.64937,2.25,1.37
2015.07.29 23:42:22.628,1.6488,1.64936,1.75,1.37
2015.07.29 23:42:25.304,1.6488,1.64936,1.75,1.75
2015.07.29 23:42:35.227,1.64879,1.64937,2.10,1.50
2015.07.29 23:42:36.330,1.6488,1.64937,1.35,1.50
2015.07.29 23:42:51.363,1.6488,1.64937,1.35,1.75
2015.07.29 23:43:03.303,1.64882,1.64941,1.12,2.25
2015.07.29 23:43:03.404,1.64882,1.64937,1.12,1.37
2015.07.29 23:43:03.606,1.64883,1.64935,1.75,1.00
2015.07.29 23:43:04.164,1.64883,1.64943,2.25,1.12
2015.07.29 23:43:10.211,1.64883,1.64941,1.37,1.75
2015.07.29 23:43:10.675,1.64882,1.64935,1.75,1.50
2015.07.29 23:43:11.622,1.64882,1.64938,1.37,2.25
2015.07.29 23:43:21.403,1.64882,1.64936,1.50,1.50
2015.07.29 23:43:25.026,1.64888,1.64937,1.37,1.37
2015.07.29 23:43:25.229,1.64893,1.64951,1.50,1.12
2015.07.29 23:43:31.438,1.64896,1.64947,1.37,1.00
2015.07.29 23:43:35.470,1.64896,1.64946,1.37,1.00
2015.07.29 23:43:41.560,1.64896,1.64952,1.75,1.87
2015.07.29 23:43:41.611,1.64896,1.64946,1.75,1.00
2015.07.29 23:43:41.813,1.64883,1.64934,1.37,1.00
2015.07.29 23:43:41.864,1.64883,1.64934,1.37,1.37
2015.07.29 23:43:42.168,1.6488,1.64933,1.87,1.50
2015.07.29 23:43:42.270,1.64881,1.6493,1.37,1.00
2015.07.29 23:43:42.371,1.64881,1.64933,1.12,1.00
2015.07.29 23:43:42.422,1.64881,1.64939,1.12,1.00
2015.07.29 23:43:42.472,1.64881,1.64944,1.37,1.12
2015.07.29 23:43:44.966,1.64881,1.64937,1.12,1.75
2015.07.29 23:44:01.750,1.6488,1.64936,1.75,1.75
2015.07.29 23:44:02.127,1.64875,1.64926,1.37,1.37
2015.07.29 23:44:02.178,1.64875,1.64929,1.00,1.75
2015.07.29 23:44:02.279,1.64865,1.6492,1.87,1.37
2015.07.29 23:44:02.539,1.64865,1.6492,1.37,2.25
2015.07.29 23:44:02.640,1.64865,1.6492,1.12,1.75
2015.07.29 23:44:04.189,1.64872,1.64922,1.12,1.00
2015.07.29 23:44:04.393,1.64872,1.64928,1.75,1.37
2015.07.29 23:44:09.711,1.64871,1.6493,1.12,1.75
2015.07.29 23:44:09.913,1.64869,1.64926,1.00,1.12
2015.07.29 23:44:10.554,1.64864,1.64923,1.75,2.25
2015.07.29 23:44:15.050,1.64864,1.64918,1.75,1.37
2015.07.29 23:44:15.590,1.64865,1.6492,1.00,1.12
2015.07.29 23:44:21.621,1.6486,1.64919,1.37,1.12
2015.07.29 23:44:22.039,1.64858,1.64918,1.12,2.25
2015.07.29 23:44:23.846,1.64858,1.64916,1.12,1.87
2015.07.29 23:44:24.667,1.64857,1.64916,2.62,1.75
2015.07.29 23:44:24.968,1.64858,1.64915,1.12,1.50
2015.07.29 23:44:50.164,1.64854,1.64915,1.87,1.12
2015.07.29 23:44:53.723,1.64856,1.64915,2.25,1.12
2015.07.29 23:44:53.929,1.64855,1.64915,1.75,1.12
2015.07.29 23:44:54.492,1.64854,1.64914,1.87,2.25
2015.07.29 23:44:54.823,1.64859,1.64915,1.75,1.12
2015.07.29 23:44:55.437,1.64855,1.64913,1.75,1.75
2015.07.29 23:44:57.430,1.64856,1.64915,2.25,1.12
2015.07.29 23:45:06.591,1.64853,1.64911,1.75,1.12
2015.07.29 23:45:11.767,1.64854,1.64911,2.25,1.12
2015.07.29 23:45:12.591,1.64854,1.64911,1.75,1.12
2015.07.29 23:45:13.812,1.64854,1.64911,3.00,1.12
2015.07.29 23:45:16.704,1.64853,1.64911,2.25,1.12
2015.07.29 23:45:21.640,1.64853,1.64908,2.25,1.37
2015.07.29 23:45:25.471,1.64853,1.64912,2.25,1.75
2015.07.29 23:45:25.526,1.64848,1.64907,1.50,1.37
2015.07.29 23:45:25.628,1.64844,1.64907,1.75,1.75
2015.07.29 23:45:25.729,1.64844,1.64907,1.75,1.75
2015.07.29 23:45:35.423,1.64845,1.64906,1.37,2.25
2015.07.29 23:45:35.734,1.6483,1.64888,1.00,1.37
2015.07.29 23:45:35.886,1.64826,1.64888,1.12,1.37
2015.07.29 23:45:36.627,1.64827,1.64889,1.12,1.12
2015.07.29 23:45:37.526,1.64827,1.64889,1.12,1.37
2015.07.29 23:45:37.627,1.64827,1.64888,2.25,1.75
2015.07.29 23:45:37.928,1.64827,1.64883,1.50,1.75
2015.07.29 23:45:38.267,1.64819,1.64879,1.50,1.12
2015.07.29 23:45:38.319,1.6482,1.64879,1.75,1.12
2015.07.29 23:45:38.370,1.64822,1.6488,1.12,1.12
2015.07.29 23:45:41.033,1.64826,1.64885,1.50,1.12
2015.07.29 23:45:41.558,1.64827,1.64885,1.50,1.12
2015.07.29 23:45:42.176,1.64827,1.64885,1.00,1.12
2015.07.29 23:45:42.685,1.64825,1.64885,1.87,1.12
2015.07.29 23:45:44.256,1.64824,1.64881,1.00,1.75
2015.07.29 23:45:44.357,1.64823,1.64883,1.12,1.37
2015.07.29 23:45:46.552,1.64829,1.64885,1.00,1.12
2015.07.29 23:45:46.873,1.6483,1.64885,1.00,1.12
2015.07.29 23:45:47.847,1.64827,1.64885,1.37,1.12
2015.07.29 23:45:47.962,1.64827,1.64885,1.37,1.37
2015.07.29 23:45:50.672,1.6483,1.64885,1.12,1.12
2015.07.29 23:45:50.974,1.64833,1.64885,1.50,1.12
2015.07.29 23:45:51.340,1.6483,1.64885,1.12,1.12
2015.07.29 23:45:56.292,1.64831,1.64887,1.00,1.12
2015.07.29 23:45:57.215,1.64827,1.64887,1.37,2.62
2015.07.29 23:45:59.772,1.64827,1.64887,1.00,1.87
2015.07.29 23:45:59.873,1.64826,1.64887,2.25,1.87
2015.07.29 23:46:01.528,1.64828,1.64886,1.00,1.75
2015.07.29 23:46:01.930,1.64826,1.64886,1.00,1.75
2015.07.29 23:46:02.197,1.64825,1.64886,2.62,2.25
2015.07.29 23:46:02.765,1.6483,1.64886,1.00,1.75
2015.07.29 23:46:02.866,1.64827,1.64886,1.37,1.75
2015.07.29 23:46:03.120,1.64827,1.64886,1.37,1.75
2015.07.29 23:46:04.034,1.64833,1.64887,1.00,1.12
2015.07.29 23:46:04.331,1.6483,1.64887,1.87,1.12
2015.07.29 23:46:06.736,1.64829,1.64887,1.87,1.37
2015.07.29 23:46:08.513,1.6483,1.64887,1.12,1.12
2015.07.29 23:46:09.024,1.64825,1.64886,1.87,1.75
2015.07.29 23:46:09.125,1.64828,1.64886,1.50,1.37
2015.07.29 23:46:13.366,1.64833,1.64889,1.75,1.75
2015.07.29 23:46:13.518,1.64836,1.64891,1.12,1.00
2015.07.29 23:46:13.568,1.64841,1.64891,1.75,1.00
2015.07.29 23:46:13.619,1.64841,1.64895,1.87,1.37
2015.07.29 23:46:14.266,1.64841,1.64897,2.25,2.25
2015.07.29 23:46:14.468,1.64841,1.64897,1.75,2.25
2015.07.29 23:46:14.670,1.64841,1.64896,1.75,1.50
2015.07.29 23:46:19.441,1.64842,1.64896,1.00,1.75
2015.07.29 23:46:20.187,1.64835,1.64893,1.75,1.75
2015.07.29 23:46:20.507,1.64835,1.64893,1.75,1.75
2015.07.29 23:46:20.812,1.64837,1.64895,1.37,1.75
2015.07.29 23:46:28.661,1.64836,1.64896,1.12,3.00
2015.07.29 23:46:29.002,1.64839,1.64896,1.75,1.75
2015.07.29 23:46:36.177,1.64847,1.64899,1.75,1.37
2015.07.29 23:46:36.588,1.64855,1.64906,1.50,1.50
2015.07.29 23:46:36.690,1.64859,1.64916,2.25,1.75
2015.07.29 23:46:37.553,1.64865,1.64916,1.00,1.12
2015.07.29 23:46:38.218,1.64864,1.64921,1.87,1.75
2015.07.29 23:46:38.724,1.64864,1.64921,1.00,1.75
2015.07.29 23:46:38.825,1.64862,1.64921,1.87,1.75
2015.07.29 23:46:49.615,1.6486,1.64916,1.37,1.12
2015.07.29 23:46:49.717,1.64863,1.64914,1.12,1.12
2015.07.29 23:46:50.101,1.64866,1.64914,1.50,1.12
2015.07.29 23:46:50.714,1.64865,1.64914,1.00,1.12
2015.07.29 23:46:51.065,1.64871,1.64915,1.00,1.12
2015.07.29 23:46:51.167,1.64871,1.64925,1.00,1.12
2015.07.29 23:46:51.268,1.6487,1.64923,1.87,1.12
2015.07.29 23:46:51.878,1.64862,1.64923,1.12,1.12
2015.07.29 23:46:52.492,1.64871,1.64923,1.50,1.12
2015.07.29 23:46:53.068,1.6487,1.64923,1.87,1.12
2015.07.29 23:46:56.552,1.64871,1.64923,1.00,1.12
2015.07.29 23:46:57.085,1.64862,1.64919,1.12,1.75
2015.07.29 23:47:00.337,1.64862,1.6492,1.12,2.25
2015.07.29 23:47:00.736,1.64862,1.64922,1.12,2.25
2015.07.29 23:47:32.434,1.64865,1.64925,1.87,1.12
2015.07.29 23:47:35.226,1.64864,1.64924,1.37,2.25
2015.07.29 23:47:37.543,1.64864,1.64921,1.37,1.75
2015.07.29 23:47:44.339,1.64864,1.64917,1.12,1.37
2015.07.29 23:48:00.760,1.64864,1.64916,1.75,1.37
2015.07.29 23:48:05.986,1.64864,1.64916,1.12,1.50
2015.07.29 23:48:06.953,1.64864,1.64916,1.12,1.37
2015.07.29 23:48:12.288,1.64864,1.64916,1.12,1.00
2015.07.29 23:48:13.264,1.64864,1.64916,1.87,1.00
2015.07.29 23:48:15.393,1.64864,1.64916,1.12,1.50
2015.07.29 23:48:15.494,1.64864,1.64916,1.12,1.12
2015.07.29 23:48:18.600,1.64863,1.64917,2.62,1.75
2015.07.29 23:48:18.702,1.64864,1.64917,1.00,1.37
2015.07.29 23:48:18.803,1.64863,1.64917,2.25,1.37
2015.07.29 23:48:19.317,1.64863,1.64916,2.25,1.12
2015.07.29 23:48:21.991,1.64863,1.64916,1.75,1.37
2015.07.29 23:48:24.218,1.64864,1.64917,1.12,1.75
2015.07.29 23:48:24.319,1.64864,1.64917,1.12,1.37
2015.07.29 23:48:26.960,1.64864,1.64917,1.12,1.37
2015.07.29 23:48:31.704,1.64864,1.64917,1.12,1.37
2015.07.29 23:48:33.443,1.64864,1.64917,1.75,1.37
2015.07.29 23:48:34.044,1.64865,1.64917,1.12,1.37
2015.07.29 23:48:39.972,1.64865,1.64917,1.12,1.50
2015.07.29 23:48:40.074,1.64865,1.64917,1.12,1.37
2015.07.29 23:48:52.083,1.64864,1.64916,3.37,1.00
2015.07.29 23:48:52.134,1.64864,1.64913,2.62,1.00
2015.07.29 23:48:52.749,1.64864,1.64914,1.87,1.00
2015.07.29 23:48:53.111,1.64864,1.64914,1.87,1.37
2015.07.29 23:48:53.401,1.64864,1.64914,1.12,1.00
2015.07.29 23:48:53.502,1.64864,1.64913,1.87,1.37
2015.07.29 23:48:54.072,1.64864,1.64913,3.37,1.00
2015.07.29 23:48:56.741,1.64864,1.64914,1.87,1.00
2015.07.29 23:48:57.344,1.64864,1.64913,1.87,1.00
2015.07.29 23:48:58.746,1.64864,1.64914,1.12,1.00
2015.07.29 23:48:59.950,1.64864,1.64913,1.12,1.00
2015.07.29 23:49:00.474,1.64864,1.64914,1.12,1.00
2015.07.29 23:49:01.854,1.64864,1.64913,1.12,1.00
2015.07.29 23:49:02.282,1.64862,1.64914,1.37,1.12
2015.07.29 23:49:02.333,1.64862,1.64914,1.75,1.12
2015.07.29 23:49:03.074,1.64862,1.64913,1.75,1.00
2015.07.29 23:49:07.263,1.64864,1.64912,1.37,1.00
2015.07.29 23:49:11.470,1.64864,1.64913,1.37,1.00
2015.07.29 23:49:17.629,1.64863,1.64912,1.50,1.00
2015.07.29 23:49:18.636,1.64863,1.64912,1.75,1.00
2015.07.29 23:49:18.687,1.64863,1.64915,1.75,1.00
2015.07.29 23:49:20.689,1.64863,1.64916,3.37,1.50
2015.07.29 23:49:22.733,1.64864,1.64915,1.75,1.00
2015.07.29 23:49:24.496,1.64863,1.64916,1.87,1.50
2015.07.29 23:49:25.060,1.64863,1.64915,1.87,1.00
2015.07.29 23:49:26.499,1.64863,1.64916,1.87,1.50
2015.07.29 23:49:27.221,1.64863,1.64915,1.87,1.00
2015.07.29 23:49:27.733,1.64864,1.64916,1.75,1.50
2015.07.29 23:49:28.603,1.64865,1.64915,2.25,1.00
2015.07.29 23:49:29.832,1.64864,1.64916,2.25,1.50
2015.07.29 23:49:30.084,1.64865,1.64916,1.75,1.87
2015.07.29 23:49:30.185,1.64864,1.64915,1.75,1.00
2015.07.29 23:49:30.287,1.64864,1.64915,1.75,1.37
2015.07.29 23:49:30.395,1.64864,1.64916,1.75,1.87
2015.07.29 23:49:30.448,1.64864,1.64916,1.75,1.87
2015.07.29 23:49:32.703,1.64863,1.64916,2.62,1.50
2015.07.29 23:49:33.673,1.64865,1.64915,1.75,1.00
2015.07.29 23:49:34.204,1.64866,1.64916,1.12,1.87
2015.07.29 23:49:34.306,1.64866,1.64915,1.12,1.37
2015.07.29 23:49:34.664,1.64866,1.64915,1.12,1.00
2015.07.29 23:49:35.209,1.64866,1.64916,1.37,1.50
2015.07.29 23:49:35.862,1.64866,1.64915,1.37,1.00
2015.07.29 23:49:36.368,1.64866,1.64916,1.37,1.50
2015.07.29 23:49:37.094,1.64866,1.64916,1.37,1.87
2015.07.29 23:49:47.487,1.64866,1.64915,1.12,1.37
2015.07.29 23:49:50.864,1.64865,1.64905,1.75,1.00
2015.07.29 23:49:50.915,1.64865,1.64905,1.37,1.00
2015.07.29 23:49:51.473,1.64865,1.64904,1.37,1.00
2015.07.29 23:49:52.075,1.64865,1.64905,1.37,1.00
2015.07.29 23:49:52.846,1.64865,1.64905,1.37,1.00
2015.07.29 23:49:54.850,1.64865,1.64904,1.37,1.00
2015.07.29 23:49:55.146,1.64862,1.64904,1.37,1.00
2015.07.29 23:49:55.658,1.64862,1.64905,1.37,1.00
2015.07.29 23:49:56.309,1.64861,1.64904,1.87,1.00
2015.07.29 23:49:57.754,1.64861,1.64905,1.37,1.00
2015.07.29 23:49:59.758,1.64861,1.64904,1.37,1.00
2015.07.29 23:50:01.460,1.64861,1.64905,1.87,1.00
2015.07.29 23:50:02.462,1.64862,1.64904,1.87,1.00
2015.07.29 23:50:04.165,1.64861,1.64905,1.37,1.00
2015.07.29 23:50:04.734,1.64861,1.64904,1.37,1.00
2015.07.29 23:50:06.469,1.64862,1.64905,1.37,1.00
2015.07.29 23:50:08.994,1.64861,1.64904,1.37,1.00
2015.07.29 23:50:15.043,1.64862,1.64905,1.75,1.00
2015.07.29 23:50:20.912,1.64862,1.64904,1.75,1.00
2015.07.29 23:50:22.197,1.64864,1.64904,1.75,1.00
2015.07.29 23:50:24.401,1.64864,1.64905,1.75,1.00
2015.07.29 23:50:26.403,1.64863,1.64904,1.12,1.00
2015.07.29 23:50:27.087,1.64863,1.64905,1.12,1.00
2015.07.29 23:50:28.407,1.64863,1.64904,1.12,1.00
2015.07.29 23:50:31.647,1.64863,1.64905,1.12,1.00
2015.07.29 23:50:33.615,1.64863,1.64904,2.62,1.00
2015.07.29 23:50:35.623,1.64863,1.64905,1.12,1.00
2015.07.29 23:50:36.334,1.64864,1.64906,1.37,1.00
2015.07.29 23:50:36.435,1.64864,1.64915,1.75,1.37
2015.07.29 23:50:36.802,1.64864,1.64915,2.25,1.37
2015.07.29 23:50:41.705,1.64864,1.64915,2.25,1.00
2015.07.29 23:50:43.751,1.64869,1.64916,1.75,1.00
2015.07.29 23:50:46.237,1.6487,1.64915,1.12,1.00
2015.07.29 23:50:46.585,1.6487,1.64916,1.12,1.00
2015.07.29 23:50:47.487,1.6487,1.64915,1.87,1.00
2015.07.29 23:50:48.585,1.6487,1.64916,1.12,1.00
2015.07.29 23:50:49.130,1.64871,1.64916,1.75,1.00
2015.07.29 23:50:50.047,1.64872,1.64915,1.75,1.00
2015.07.29 23:50:50.837,1.64869,1.64915,2.25,1.00
2015.07.29 23:50:50.942,1.6487,1.64915,1.00,1.37
2015.07.29 23:50:51.350,1.6487,1.64915,1.12,1.00
2015.07.29 23:50:51.401,1.64877,1.64924,1.12,1.00
2015.07.29 23:50:51.451,1.6488,1.64927,1.75,1.00
2015.07.29 23:50:51.553,1.64879,1.64926,1.75,1.00
2015.07.29 23:50:51.604,1.64885,1.64937,1.12,1.37
2015.07.29 23:50:51.655,1.64887,1.64912,1.37,1.00
2015.07.29 23:50:51.756,1.64877,1.64912,1.00,1.37
2015.07.29 23:50:51.857,1.64866,1.64912,1.12,1.37
2015.07.29 23:50:52.604,1.64865,1.64913,1.12,1.37
2015.07.29 23:50:52.655,1.64866,1.64916,1.37,1.00
2015.07.29 23:50:53.150,1.64869,1.64915,1.37,1.00
2015.07.29 23:50:53.655,1.64866,1.64916,1.87,1.00
2015.07.29 23:50:54.208,1.64866,1.64916,1.87,1.37
2015.07.29 23:50:55.163,1.64866,1.64915,2.62,1.00
2015.07.29 23:50:55.761,1.64866,1.64915,1.12,1.00
2015.07.29 23:50:55.827,1.64866,1.64916,1.12,1.87
2015.07.29 23:50:57.364,1.64866,1.64916,1.12,1.50
2015.07.29 23:50:58.006,1.64866,1.64915,1.12,1.00
2015.07.29 23:50:59.496,1.64866,1.64915,1.12,1.37
2015.07.29 23:51:01.383,1.64867,1.64915,1.37,1.00
2015.07.29 23:51:01.584,1.64866,1.64916,1.12,1.37
2015.07.29 23:51:02.083,1.64876,1.64925,1.00,1.87
2015.07.29 23:51:02.184,1.64879,1.64925,1.75,1.50
2015.07.29 23:51:02.386,1.6489,1.64929,1.00,1.00
2015.07.29 23:51:02.537,1.6489,1.64925,1.00,1.00
2015.07.29 23:51:02.839,1.64878,1.64915,1.37,1.00
2015.07.29 23:51:03.787,1.64878,1.64916,1.37,1.00
2015.07.29 23:51:03.837,1.64877,1.64916,1.75,1.00
2015.07.29 23:51:04.385,1.64877,1.64915,1.37,1.00
2015.07.29 23:51:04.588,1.64876,1.64916,1.37,1.00
2015.07.29 23:51:05.138,1.64873,1.64915,1.50,1.00
2015.07.29 23:51:05.189,1.64871,1.64915,1.37,1.00
2015.07.29 23:51:10.744,1.6487,1.64916,1.87,1.00
2015.07.29 23:51:11.272,1.6487,1.64915,1.87,1.00
2015.07.29 23:51:11.423,1.64872,1.64916,1.50,1.00
2015.07.29 23:51:11.735,1.64871,1.64916,1.37,1.00
2015.07.29 23:51:11.836,1.64872,1.64916,1.50,1.00
2015.07.29 23:51:12.422,1.6487,1.64915,1.12,1.00
2015.07.29 23:51:13.142,1.6487,1.64916,1.12,1.00
2015.07.29 23:51:14.412,1.6487,1.64915,1.12,1.00
2015.07.29 23:51:15.099,1.6487,1.64916,2.62,1.00
2015.07.29 23:51:16.721,1.64871,1.64916,1.37,1.00
2015.07.29 23:51:17.496,1.64871,1.64915,1.50,1.00
2015.07.29 23:51:18.105,1.6487,1.64916,3.37,1.00
2015.07.29 23:51:19.859,1.64871,1.64916,1.12,1.00
2015.07.29 23:51:19.960,1.64873,1.64916,1.12,1.00
2015.07.29 23:51:20.581,1.64873,1.64915,1.12,1.00
2015.07.29 23:51:21.085,1.64879,1.64915,1.87,1.00
2015.07.29 23:51:22.380,1.64877,1.64915,1.37,1.00
2015.07.29 23:51:23.815,1.64876,1.64916,1.37,1.00
2015.07.29 23:51:24.537,1.64877,1.64915,1.37,1.00
2015.07.29 23:51:24.641,1.64877,1.64915,1.75,1.00
2015.07.29 23:51:25.152,1.64877,1.64916,1.75,1.00
2015.07.29 23:51:27.248,1.64877,1.64915,1.75,1.00
2015.07.29 23:51:29.264,1.64875,1.64916,1.75,1.00
2015.07.29 23:51:29.968,1.64879,1.64915,2.25,1.00
2015.07.29 23:51:31.379,1.64882,1.64915,1.12,1.00
2015.07.29 23:51:31.480,1.64883,1.64916,1.00,1.00
2015.07.29 23:51:31.673,1.64883,1.64923,1.00,1.00
2015.07.29 23:51:31.775,1.64882,1.64925,1.37,1.00
2015.07.29 23:51:31.826,1.64882,1.64937,1.37,1.50
2015.07.29 23:51:32.384,1.64882,1.64937,1.75,1.50
2015.07.29 23:51:34.089,1.64882,1.64937,1.37,1.75
2015.07.29 23:51:34.417,1.64882,1.64937,1.75,1.75
2015.07.29 23:51:35.010,1.6488,1.64937,1.50,1.87
2015.07.29 23:51:35.270,1.6488,1.64937,1.00,1.87
2015.07.29 23:51:35.831,1.64879,1.64937,1.12,1.87
2015.07.29 23:51:39.850,1.6488,1.64937,1.00,1.87
2015.07.29 23:51:40.426,1.64881,1.64936,1.00,1.75
2015.07.29 23:51:40.728,1.64882,1.64936,1.37,1.50
2015.07.29 23:51:42.604,1.64881,1.64936,1.12,1.75
2015.07.29 23:51:42.907,1.64882,1.64936,1.37,1.37
2015.07.29 23:51:44.376,1.64882,1.64936,2.25,1.37
2015.07.29 23:51:44.484,1.64882,1.64936,1.87,1.37
2015.07.29 23:51:54.920,1.6488,1.64937,1.37,1.87
2015.07.29 23:51:58.634,1.64883,1.64937,1.00,1.87
2015.07.29 23:51:59.516,1.64881,1.64936,1.87,1.75
2015.07.29 23:52:01.023,1.64878,1.64936,1.50,1.37
2015.07.29 23:52:01.341,1.64881,1.64936,1.00,1.37
2015.07.29 23:52:01.400,1.64881,1.64936,1.75,1.37
2015.07.29 23:52:01.501,1.64882,1.64936,1.00,1.37
2015.07.29 23:52:02.228,1.64879,1.64936,1.12,1.37
2015.07.29 23:52:02.602,1.6488,1.64936,1.75,1.37
2015.07.29 23:52:06.651,1.64881,1.64936,1.75,1.00
2015.07.29 23:52:07.211,1.64889,1.64937,1.75,1.00
2015.07.29 23:52:07.612,1.64884,1.64937,2.25,1.37
2015.07.29 23:52:21.677,1.64888,1.64943,1.75,1.75
2015.07.29 23:52:21.779,1.64887,1.64943,3.00,1.75
2015.07.29 23:52:21.880,1.64889,1.64943,1.75,1.75
2015.07.29 23:52:21.981,1.64887,1.64943,2.25,1.75
2015.07.29 23:52:22.082,1.64887,1.64943,2.25,1.75
2015.07.29 23:52:23.282,1.64889,1.64943,2.25,1.75
2015.07.29 23:52:29.686,1.64887,1.64943,2.25,2.25
2015.07.29 23:52:30.055,1.64887,1.64943,1.37,1.75
2015.07.29 23:52:30.106,1.64885,1.64946,1.87,1.75
2015.07.29 23:52:30.511,1.6489,1.64946,1.37,1.37
2015.07.29 23:52:30.696,1.64885,1.64947,1.87,1.12
2015.07.29 23:52:31.823,1.64888,1.64947,1.87,1.12
2015.07.29 23:52:31.974,1.64885,1.64947,3.00,1.87
2015.07.29 23:52:32.278,1.64878,1.64939,1.12,1.37
2015.07.29 23:52:37.483,1.64879,1.64936,1.87,1.50
2015.07.29 23:52:52.184,1.64882,1.6493,1.37,1.00
2015.07.29 23:52:52.847,1.64879,1.64931,1.37,1.12
2015.07.29 23:52:54.497,1.64879,1.6493,1.37,1.00
2015.07.29 23:52:55.069,1.64879,1.6493,1.75,1.00
2015.07.29 23:52:55.121,1.64893,1.6494,1.00,1.12
2015.07.29 23:52:55.172,1.64893,1.64939,1.50,1.00
2015.07.29 23:52:55.475,1.64898,1.64942,1.50,1.00
2015.07.29 23:52:55.526,1.64898,1.64942,1.87,1.00
2015.07.29 23:52:55.628,1.64898,1.64943,1.00,1.00
2015.07.29 23:52:55.729,1.64898,1.64946,1.37,1.37
2015.07.29 23:52:56.193,1.64894,1.64946,1.75,1.12
2015.07.29 23:52:56.861,1.64892,1.64946,1.75,1.00
2015.07.29 23:53:00.782,1.64893,1.64946,2.25,1.00
2015.07.29 23:53:02.661,1.64893,1.64946,1.75,1.37
2015.07.29 23:53:03.040,1.64892,1.64936,1.37,1.00
2015.07.29 23:53:03.343,1.64893,1.64936,1.75,1.00
2015.07.29 23:53:03.647,1.64892,1.64935,1.75,1.00
2015.07.29 23:53:03.748,1.64892,1.64942,1.75,1.00
2015.07.29 23:53:04.730,1.64897,1.64941,1.75,1.00
2015.07.29 23:53:05.388,1.64894,1.64942,2.25,1.00
2015.07.29 23:53:05.989,1.64894,1.64941,3.00,1.00
2015.07.29 23:53:08.595,1.64894,1.64942,1.75,1.00
2015.07.29 23:53:09.316,1.64896,1.64941,2.25,1.00
2015.07.29 23:53:11.486,1.649,1.64942,1.50,1.00
2015.07.29 23:53:12.404,1.64898,1.64941,1.75,1.00
2015.07.29 23:53:13.006,1.649,1.64942,1.50,1.00
2015.07.29 23:53:13.608,1.64898,1.64941,1.75,1.00
2015.07.29 23:53:15.135,1.649,1.64942,2.25,1.00
2015.07.29 23:53:17.068,1.64901,1.64942,1.75,1.00
2015.07.29 23:53:17.371,1.64908,1.64941,1.75,1.00
2015.07.29 23:53:17.421,1.64908,1.6496,1.75,1.50
2015.07.29 23:53:17.472,1.64908,1.6496,1.75,1.37
2015.07.29 23:53:17.783,1.64914,1.64971,1.75,1.50
2015.07.29 23:53:19.772,1.64908,1.64964,1.75,1.00
2015.07.29 23:53:19.953,1.64908,1.64966,1.75,1.12
2015.07.29 23:53:20.407,1.64908,1.64965,1.75,1.87
2015.07.29 23:53:20.559,1.64908,1.6496,1.75,1.00
2015.07.29 23:53:20.609,1.64908,1.6496,1.37,1.00
2015.07.29 23:53:21.130,1.64908,1.6496,1.37,1.50
2015.07.29 23:53:21.188,1.64908,1.64956,1.37,1.00
2015.07.29 23:53:26.029,1.64902,1.64957,1.87,1.00
2015.07.29 23:53:28.799,1.64902,1.64956,2.62,1.00
2015.07.29 23:53:35.940,1.64901,1.64956,1.00,1.75
2015.07.29 23:53:36.042,1.649,1.64955,1.00,1.75
2015.07.29 23:53:36.092,1.64895,1.6494,1.37,1.00
2015.07.29 23:53:36.143,1.64886,1.6494,1.37,1.37
2015.07.29 23:53:36.244,1.64883,1.6494,1.37,1.75
2015.07.29 23:53:36.396,1.64873,1.64936,1.75,1.87
2015.07.29 23:53:36.447,1.64875,1.64936,1.75,1.87
2015.07.29 23:53:36.749,1.64883,1.64946,2.25,1.75
2015.07.29 23:53:37.292,1.64893,1.64947,1.50,1.37
2015.07.29 23:53:37.595,1.64901,1.6496,1.37,1.12
2015.07.29 23:53:37.646,1.64901,1.6496,1.50,1.12
2015.07.29 23:53:37.948,1.64898,1.64946,1.75,1.00
2015.07.29 23:53:38.252,1.64906,1.64957,1.87,1.00
2015.07.29 23:53:38.353,1.64916,1.64966,1.12,1.00
2015.07.29 23:53:38.455,1.64915,1.64966,1.75,1.00
2015.07.29 23:53:38.556,1.64916,1.64966,1.00,1.37
2015.07.29 23:53:38.934,1.64905,1.6496,1.12,1.75
2015.07.29 23:53:39.341,1.649,1.64962,1.12,1.12
2015.07.29 23:53:39.442,1.649,1.64962,1.75,1.87
2015.07.29 23:53:39.760,1.64902,1.64962,1.75,1.12
2015.07.29 23:53:39.861,1.64908,1.6497,1.12,1.75
2015.07.29 23:53:40.013,1.64908,1.64956,1.12,1.00
2015.07.29 23:53:40.114,1.64908,1.64966,1.87,1.37
2015.07.29 23:53:44.047,1.64908,1.64966,1.37,1.50
2015.07.29 23:53:44.350,1.64907,1.64959,1.75,1.37
2015.07.29 23:53:44.502,1.64901,1.64957,1.37,1.37
2015.07.29 23:53:45.022,1.64901,1.64955,1.37,1.00
2015.07.29 23:53:45.585,1.64901,1.64954,1.37,1.00
2015.07.29 23:53:46.098,1.64901,1.64953,1.37,1.00
2015.07.29 23:53:47.701,1.64901,1.64954,1.37,1.50
2015.07.29 23:53:49.777,1.64901,1.64953,1.37,1.00
2015.07.29 23:53:50.613,1.64901,1.64956,1.37,1.87
2015.07.29 23:53:52.600,1.64901,1.64956,1.12,1.87
2015.07.29 23:54:03.287,1.64901,1.64956,1.12,2.25
2015.07.29 23:54:03.895,1.64903,1.6496,1.12,1.87
2015.07.29 23:54:04.529,1.64903,1.64956,1.12,1.50
2015.07.29 23:54:04.993,1.64902,1.64956,1.87,1.00
2015.07.29 23:54:05.044,1.64903,1.64964,1.50,1.50
2015.07.29 23:54:05.096,1.64903,1.64964,1.87,1.50
2015.07.29 23:54:05.749,1.64903,1.6496,1.12,1.00
2015.07.29 23:54:05.801,1.64902,1.6496,1.87,1.37
2015.07.29 23:54:05.851,1.64902,1.64957,1.87,1.00
2015.07.29 23:54:05.902,1.64902,1.64957,1.75,1.37
2015.07.29 23:54:06.296,1.64902,1.6496,1.50,1.00
2015.07.29 23:54:06.347,1.64902,1.64957,1.50,1.00
2015.07.29 23:54:06.670,1.64903,1.64953,1.00,1.00
2015.07.29 23:54:06.771,1.64902,1.64956,1.37,1.50
2015.07.29 23:54:06.821,1.64902,1.64953,1.75,1.00
2015.07.29 23:54:07.515,1.64902,1.64953,1.75,1.00
2015.07.29 23:54:09.061,1.64902,1.64956,1.75,1.37
2015.07.29 23:54:09.213,1.64902,1.64957,1.87,1.12
2015.07.29 23:54:09.519,1.64902,1.64955,1.87,1.50
2015.07.29 23:54:09.721,1.64902,1.64953,1.50,1.00
2015.07.29 23:54:10.757,1.64903,1.64954,1.00,1.50
2015.07.29 23:54:11.406,1.64902,1.64953,1.75,1.50
2015.07.29 23:54:11.831,1.64894,1.64947,1.12,1.00
2015.07.29 23:54:11.932,1.64894,1.64951,1.12,1.00
2015.07.29 23:54:11.983,1.64897,1.64956,1.75,1.12
2015.07.29 23:54:12.034,1.64897,1.64946,1.75,1.00
2015.07.29 23:54:12.236,1.64896,1.64955,1.75,1.00
2015.07.29 23:54:12.337,1.64894,1.64953,1.12,1.00
2015.07.29 23:54:12.730,1.64903,1.64955,1.75,1.00
2015.07.29 23:54:12.832,1.64904,1.64956,1.12,1.00
2015.07.29 23:54:12.933,1.64903,1.64956,1.87,1.00
2015.07.29 23:54:12.984,1.64903,1.64959,1.87,1.12
2015.07.29 23:54:13.136,1.64904,1.64956,1.12,1.00
2015.07.29 23:54:13.338,1.64903,1.64956,1.75,1.50
2015.07.29 23:54:13.439,1.64903,1.64946,1.75,1.00
2015.07.29 23:54:14.004,1.64903,1.64953,1.75,1.00
2015.07.29 23:54:14.155,1.64903,1.64956,1.75,1.00
2015.07.29 23:54:14.206,1.64903,1.64952,1.75,1.00
2015.07.29 23:54:14.769,1.64903,1.64953,1.75,1.00
2015.07.29 23:54:14.971,1.64902,1.64953,1.37,1.00
2015.07.29 23:54:15.022,1.64895,1.64947,1.12,1.00
2015.07.29 23:54:15.123,1.64895,1.64951,1.12,1.00
2015.07.29 23:54:15.174,1.64895,1.64948,1.12,1.00
2015.07.29 23:54:15.275,1.64895,1.64953,1.12,1.00
2015.07.29 23:54:15.477,1.64895,1.64956,1.12,1.50
2015.07.29 23:54:15.528,1.64895,1.64946,1.12,1.00
2015.07.29 23:54:15.946,1.64895,1.64946,1.12,1.00
2015.07.29 23:54:15.997,1.64895,1.64951,1.12,1.00
2015.07.29 23:54:16.098,1.64895,1.64948,1.12,1.00
2015.07.29 23:54:16.530,1.64902,1.64953,1.37,1.00
2015.07.29 23:54:16.681,1.64901,1.64956,1.87,1.50
2015.07.29 23:54:17.649,1.64902,1.64959,1.12,1.00
2015.07.29 23:54:18.152,1.64902,1.6496,1.12,1.87
2015.07.29 23:54:18.303,1.64902,1.64952,1.12,1.00
2015.07.29 23:54:18.505,1.64902,1.64956,1.12,1.00
2015.07.29 23:54:18.556,1.64902,1.64954,1.12,1.00
2015.07.29 23:54:18.657,1.64902,1.64956,1.12,1.00
2015.07.29 23:54:18.859,1.64902,1.64959,1.12,1.00
2015.07.29 23:54:19.362,1.64908,1.64954,1.50,1.00
2015.07.29 23:54:19.463,1.64909,1.64957,1.00,1.87
2015.07.29 23:54:19.665,1.64908,1.6496,1.75,1.12
2015.07.29 23:54:19.767,1.64908,1.64955,1.75,1.00
2015.07.29 23:54:20.467,1.64909,1.64956,1.00,1.50
2015.07.29 23:54:20.527,1.64909,1.64954,1.00,1.00
2015.07.29 23:54:20.628,1.64908,1.64959,1.75,1.00
2015.07.29 23:54:20.679,1.64908,1.64957,1.75,1.00
2015.07.29 23:54:20.830,1.64908,1.64959,1.75,1.50
2015.07.29 23:54:20.982,1.64908,1.64956,1.75,1.00
2015.07.29 23:54:21.285,1.64908,1.64957,1.87,1.00
2015.07.29 23:54:21.335,1.64908,1.64966,1.87,1.37
2015.07.29 23:54:21.386,1.64908,1.64958,1.87,1.00
2015.07.29 23:54:21.739,1.64908,1.64962,1.87,1.37
2015.07.29 23:54:21.891,1.64908,1.64957,1.75,1.00
2015.07.29 23:54:22.093,1.64907,1.64959,1.37,1.37
2015.07.29 23:54:22.194,1.64902,1.64958,1.75,1.00
2015.07.29 23:54:22.497,1.64902,1.64955,1.75,1.50
2015.07.29 23:54:22.649,1.64902,1.64959,1.75,1.00
2015.07.29 23:54:22.700,1.64902,1.64956,1.75,1.00
2015.07.29 23:54:22.851,1.64902,1.64959,1.75,1.37
2015.07.29 23:54:23.104,1.64902,1.64955,1.75,1.00
2015.07.29 23:54:23.356,1.64902,1.64956,1.37,1.00
2015.07.29 23:54:23.706,1.64902,1.64961,1.75,1.87
2015.07.29 23:54:24.008,1.64902,1.64956,1.75,1.50
2015.07.29 23:54:24.261,1.64902,1.64959,1.75,1.37
2015.07.29 23:54:24.367,1.64902,1.64962,1.75,1.37
2015.07.29 23:54:24.761,1.64902,1.64954,1.75,1.00
2015.07.29 23:54:24.871,1.64902,1.64954,1.75,1.00
2015.07.29 23:54:24.972,1.64902,1.64956,1.75,1.00
2015.07.29 23:54:25.022,1.64902,1.64958,1.75,1.00
2015.07.29 23:54:25.073,1.64902,1.64958,1.75,1.00
2015.07.29 23:54:25.124,1.64902,1.64965,1.75,1.37
2015.07.29 23:54:25.225,1.64902,1.64956,1.75,1.00
2015.07.29 23:54:25.527,1.64902,1.64953,1.50,1.00
2015.07.29 23:54:25.578,1.64902,1.64957,1.50,1.37
2015.07.29 23:54:26.720,1.64902,1.64957,1.37,1.00
2015.07.29 23:54:26.777,1.64902,1.64957,1.75,2.62
2015.07.29 23:54:27.079,1.64909,1.6496,1.75,1.00
2015.07.29 23:54:27.180,1.6491,1.64957,1.00,1.00
2015.07.29 23:54:27.382,1.64902,1.6496,1.12,1.87
2015.07.29 23:54:27.483,1.64902,1.6496,1.12,1.00
2015.07.29 23:54:27.735,1.64902,1.64958,1.12,1.12
2015.07.29 23:54:27.886,1.64902,1.64957,1.37,1.50
2015.07.29 23:54:27.987,1.64902,1.64957,1.12,1.00
2015.07.29 23:54:28.089,1.64902,1.64961,1.12,1.37
2015.07.29 23:54:28.458,1.64901,1.64956,1.37,1.00
2015.07.29 23:54:28.834,1.64901,1.64959,1.37,1.00
2015.07.29 23:54:29.134,1.64901,1.64954,1.37,1.00
2015.07.29 23:54:29.437,1.64901,1.64952,1.87,1.12
2015.07.29 23:54:29.991,1.64902,1.64956,1.37,1.00
2015.07.29 23:54:30.592,1.64901,1.64948,1.75,1.00
2015.07.29 23:54:30.643,1.64901,1.6495,1.75,1.00
2015.07.29 23:54:30.795,1.64901,1.64956,1.75,1.37
2015.07.29 23:54:31.299,1.64901,1.6495,1.75,1.00
2015.07.29 23:54:31.602,1.64901,1.64947,1.75,1.00
2015.07.29 23:54:31.652,1.64901,1.64953,1.75,1.00
2015.07.29 23:54:31.703,1.64901,1.64954,1.87,1.37
2015.07.29 23:54:31.905,1.64902,1.64951,1.00,1.00
2015.07.29 23:54:32.108,1.64901,1.64956,1.75,1.00
2015.07.29 23:54:32.521,1.64901,1.64954,1.75,1.00
2015.07.29 23:54:32.925,1.64901,1.64952,1.75,1.00
2015.07.29 23:54:33.077,1.64901,1.64955,1.75,1.00
2015.07.29 23:54:33.297,1.64901,1.64952,1.75,1.00
2015.07.29 23:54:33.399,1.64901,1.64956,1.37,1.12
2015.07.29 23:54:33.919,1.64901,1.64957,1.75,1.00
2015.07.29 23:54:34.020,1.64901,1.64955,1.75,1.00
2015.07.29 23:54:34.222,1.64901,1.64959,1.75,1.37
2015.07.29 23:54:34.323,1.64902,1.64953,1.00,1.00
2015.07.29 23:54:34.772,1.64902,1.64955,1.00,1.00
2015.07.29 23:54:34.923,1.64902,1.64953,1.00,1.00
2015.07.29 23:54:35.591,1.64901,1.64953,1.75,1.00
2015.07.29 23:54:35.958,1.64902,1.64953,1.37,1.00
2015.07.29 23:54:36.911,1.64902,1.64954,1.37,1.50
2015.07.29 23:54:37.462,1.64902,1.64956,1.37,1.87
2015.07.29 23:54:37.716,1.64901,1.64954,1.75,1.12
2015.07.29 23:54:39.719,1.64901,1.64953,1.75,1.00
2015.07.29 23:54:40.122,1.64902,1.64956,1.12,1.00
2015.07.29 23:54:40.686,1.64902,1.64957,1.12,1.12
2015.07.29 23:54:41.425,1.64901,1.64956,1.37,1.00
2015.07.29 23:54:41.475,1.64901,1.64956,1.87,1.37
2015.07.29 23:54:42.657,1.64904,1.64957,1.12,1.00
2015.07.29 23:54:42.809,1.6491,1.64967,1.75,1.37
2015.07.29 23:54:43.305,1.6491,1.64959,1.75,1.00
2015.07.29 23:54:43.407,1.6491,1.64964,1.75,1.37
2015.07.29 23:54:43.509,1.6491,1.6496,1.75,1.00
2015.07.29 23:54:44.149,1.64911,1.64958,1.00,1.00
2015.07.29 23:54:44.652,1.64902,1.64961,1.75,1.87
2015.07.29 23:54:44.999,1.64902,1.64956,1.75,1.00
2015.07.29 23:54:45.150,1.64902,1.64961,1.75,1.37
2015.07.29 23:54:45.435,1.64907,1.64965,1.75,1.37
2015.07.29 23:54:47.214,1.64909,1.64956,1.37,1.00
2015.07.29 23:54:47.746,1.64909,1.64963,1.37,1.37
2015.07.29 23:54:48.147,1.64909,1.64955,1.37,1.00
2015.07.29 23:54:48.651,1.64909,1.64961,1.37,1.12
2015.07.29 23:54:49.185,1.64908,1.64961,1.75,1.00
2015.07.29 23:54:49.236,1.64908,1.64957,1.75,1.00
2015.07.29 23:54:49.297,1.64908,1.64962,1.75,1.50
2015.07.29 23:54:49.398,1.64909,1.64961,1.37,1.00
2015.07.29 23:54:49.904,1.64909,1.64963,1.37,1.87
2015.07.29 23:54:50.257,1.64909,1.64959,1.37,1.00
2015.07.29 23:54:50.358,1.64909,1.64962,1.37,1.12
2015.07.29 23:54:51.163,1.64909,1.64961,1.37,1.00
2015.07.29 23:54:51.327,1.64909,1.64955,1.37,1.00
2015.07.29 23:54:51.636,1.64909,1.64962,1.37,1.12
2015.07.29 23:54:51.737,1.64909,1.64959,1.37,1.00
2015.07.29 23:54:52.078,1.64909,1.64952,1.37,1.00
2015.07.29 23:54:52.179,1.64908,1.64952,1.75,1.00
2015.07.29 23:54:52.364,1.64908,1.64954,1.75,1.00
2015.07.29 23:54:52.415,1.64908,1.64951,1.75,1.00
2015.07.29 23:54:52.516,1.64908,1.64956,1.12,1.00
2015.07.29 23:54:52.618,1.64903,1.64954,1.12,1.00
2015.07.29 23:54:52.874,1.64903,1.64958,1.12,1.00
2015.07.29 23:54:52.925,1.64903,1.64962,1.12,1.12
2015.07.29 23:54:52.976,1.64903,1.64957,1.12,1.00
2015.07.29 23:54:53.077,1.64903,1.64959,1.12,1.00
2015.07.29 23:54:53.228,1.64903,1.64957,1.12,1.00
2015.07.29 23:54:53.330,1.64903,1.64962,1.12,1.50
2015.07.29 23:54:53.381,1.64903,1.64958,1.12,1.00
2015.07.29 23:54:53.924,1.64903,1.64958,1.12,1.00
2015.07.29 23:54:54.361,1.64903,1.64952,1.12,1.00
2015.07.29 23:54:54.673,1.64903,1.64955,1.12,1.00
2015.07.29 23:54:55.068,1.64903,1.64952,1.12,1.00
2015.07.29 23:54:55.119,1.64903,1.64952,1.37,1.00
2015.07.29 23:54:55.220,1.64903,1.64951,1.12,1.00
2015.07.29 23:54:55.788,1.64903,1.64952,1.12,1.00
2015.07.29 23:54:56.227,1.64903,1.64951,1.37,1.00
2015.07.29 23:54:56.328,1.64903,1.64951,1.12,1.00
2015.07.29 23:54:56.379,1.64903,1.64959,1.12,1.50
2015.07.29 23:54:56.430,1.64903,1.64958,1.12,1.12
2015.07.29 23:54:56.632,1.64903,1.64957,1.12,1.00
2015.07.29 23:54:56.682,1.64903,1.6496,1.12,1.12
2015.07.29 23:54:56.733,1.64903,1.6496,1.12,1.00
2015.07.29 23:54:57.048,1.64903,1.64956,1.12,1.12
2015.07.29 23:54:57.352,1.64903,1.64951,1.12,1.00
2015.07.29 23:54:57.654,1.64903,1.64959,1.12,1.00
2015.07.29 23:54:57.705,1.64903,1.64959,1.12,1.00
2015.07.29 23:54:58.007,1.64903,1.64951,1.37,1.00
2015.07.29 23:54:58.058,1.64903,1.64957,1.37,1.37
2015.07.29 23:54:58.109,1.64903,1.64958,1.12,1.00
2015.07.29 23:54:58.411,1.64903,1.64956,1.12,1.00
2015.07.29 23:54:58.833,1.64903,1.64961,1.12,1.37
2015.07.29 23:54:58.984,1.64903,1.64946,1.12,1.00
2015.07.29 23:54:59.136,1.64903,1.64953,1.12,1.00
2015.07.29 23:54:59.288,1.64903,1.64955,1.12,1.00
2015.07.29 23:54:59.389,1.64903,1.64959,1.12,1.00
2015.07.29 23:54:59.591,1.64903,1.64952,1.12,1.00
2015.07.29 23:54:59.859,1.64903,1.64959,1.12,1.00
2015.07.29 23:55:00.061,1.64903,1.64961,1.12,1.12
2015.07.29 23:55:00.852,1.64903,1.64961,1.12,1.37
2015.07.29 23:55:01.155,1.64903,1.64955,1.12,1.00
2015.07.29 23:55:01.257,1.64903,1.64959,1.12,1.00
2015.07.29 23:55:01.884,1.64903,1.64959,1.12,1.12
2015.07.29 23:55:02.057,1.64903,1.64952,1.12,1.00
2015.07.29 23:55:02.108,1.64901,1.64952,1.37,1.00
2015.07.29 23:55:02.159,1.64903,1.64951,1.12,1.00
2015.07.29 23:55:02.261,1.64901,1.64951,1.75,1.00
2015.07.29 23:55:02.388,1.64903,1.64951,1.12,1.00
2015.07.29 23:55:02.672,1.64901,1.64951,1.87,1.00
2015.07.29 23:55:02.723,1.64903,1.64959,1.12,1.00
2015.07.29 23:55:02.774,1.64903,1.64963,1.12,1.87
2015.07.29 23:55:02.876,1.64903,1.64951,1.12,1.00
2015.07.29 23:55:03.306,1.64903,1.64952,1.12,1.00
2015.07.29 23:55:03.357,1.64903,1.64956,1.12,1.00
2015.07.29 23:55:03.408,1.64903,1.64959,1.12,1.37
2015.07.29 23:55:03.509,1.64903,1.64957,1.12,1.00
2015.07.29 23:55:03.610,1.64901,1.64956,1.87,1.00
2015.07.29 23:55:03.661,1.64902,1.64959,1.75,1.00
2015.07.29 23:55:03.712,1.64903,1.64957,1.37,1.00
2015.07.29 23:55:04.071,1.64908,1.64956,1.12,1.00
2015.07.29 23:55:04.123,1.64909,1.64964,1.75,1.87
2015.07.29 23:55:04.809,1.64909,1.64967,1.87,1.37
2015.07.29 23:55:05.262,1.64909,1.64963,1.87,1.00
2015.07.29 23:55:05.811,1.64909,1.64963,1.75,1.37
2015.07.29 23:55:06.429,1.64902,1.64952,1.75,1.00
2015.07.29 23:55:06.480,1.64902,1.64952,1.87,1.00
2015.07.29 23:55:06.581,1.64902,1.64957,1.87,1.37
2015.07.29 23:55:06.783,1.64902,1.64951,1.87,1.00
2015.07.29 23:55:07.214,1.64902,1.64951,1.37,1.00
2015.07.29 23:55:07.365,1.64903,1.6496,1.37,1.00
2015.07.29 23:55:07.416,1.64903,1.64964,1.75,1.00
2015.07.29 23:55:07.719,1.64909,1.64957,1.00,1.00
2015.07.29 23:55:08.214,1.64914,1.64967,1.00,1.00
2015.07.29 23:55:08.416,1.6491,1.64967,1.00,1.00
2015.07.29 23:55:10.878,1.64909,1.64967,1.37,1.75
2015.07.29 23:55:16.203,1.6491,1.64967,1.75,1.00
2015.07.29 23:55:16.305,1.64913,1.64967,1.75,1.00
2015.07.29 23:55:16.407,1.64918,1.64967,1.75,1.00
2015.07.29 23:55:16.609,1.64926,1.64975,1.12,1.00
2015.07.29 23:55:16.710,1.64926,1.64975,1.12,1.00
2015.07.29 23:55:17.158,1.64926,1.64977,1.12,1.00
2015.07.29 23:55:18.486,1.64926,1.64976,1.12,1.00
2015.07.29 23:55:18.990,1.64926,1.64977,1.12,1.50
2015.07.29 23:55:21.047,1.64925,1.64977,1.75,2.62
2015.07.29 23:55:21.987,1.64925,1.64972,1.75,1.00
2015.07.29 23:55:22.458,1.64925,1.64975,1.75,1.37
2015.07.29 23:55:22.841,1.64925,1.64976,1.87,1.12
2015.07.29 23:55:24.400,1.64925,1.64974,1.87,1.00
2015.07.29 23:55:25.145,1.64925,1.64975,1.87,1.50
2015.07.29 23:55:25.727,1.64925,1.64975,1.12,1.37
2015.07.29 23:55:26.635,1.64924,1.64976,1.75,2.25
2015.07.29 23:55:26.938,1.64937,1.64976,1.75,1.00
2015.07.29 23:55:27.039,1.64943,1.64976,1.12,1.00
2015.07.29 23:55:27.141,1.64945,1.64987,1.00,1.00
2015.07.29 23:55:27.242,1.64945,1.64987,1.37,1.00
2015.07.29 23:55:27.544,1.64945,1.64986,1.12,1.00
2015.07.29 23:55:27.596,1.64945,1.64996,1.12,1.00
2015.07.29 23:55:27.894,1.64945,1.64986,1.12,1.00
2015.07.29 23:55:28.410,1.64945,1.64987,1.12,1.00
2015.07.29 23:55:30.131,1.64945,1.64987,1.12,1.00
2015.07.29 23:55:32.064,1.64945,1.64986,1.12,1.00
2015.07.29 23:55:44.078,1.64946,1.64996,1.12,1.00
2015.07.29 23:55:46.504,1.64945,1.64986,1.87,1.00
2015.07.29 23:55:46.605,1.64945,1.64986,1.75,1.00
2015.07.29 23:55:46.859,1.64938,1.64986,1.12,1.37
2015.07.29 23:55:46.912,1.64934,1.64981,1.75,1.00
2015.07.29 23:55:46.963,1.64934,1.64979,1.75,1.00
2015.07.29 23:55:47.280,1.64927,1.64973,1.37,1.00
2015.07.29 23:55:47.331,1.64926,1.64973,1.75,1.00
2015.07.29 23:55:47.382,1.64926,1.64971,1.75,1.00
2015.07.29 23:55:47.483,1.64926,1.64976,1.75,1.00
2015.07.29 23:55:47.634,1.64926,1.64966,1.75,1.00
2015.07.29 23:55:50.491,1.64926,1.64967,1.75,1.00
2015.07.29 23:55:50.743,1.64922,1.64967,1.37,1.00
2015.07.29 23:55:51.452,1.64922,1.64967,1.12,1.00
2015.07.29 23:55:52.105,1.64922,1.64966,1.12,1.00
2015.07.29 23:55:56.376,1.64921,1.64966,1.75,1.00
2015.07.29 23:55:56.838,1.64921,1.64957,1.75,1.00
2015.07.29 23:55:57.096,1.64921,1.64966,1.75,1.00
2015.07.29 23:55:57.168,1.64922,1.64966,1.12,1.00
2015.07.29 23:55:57.473,1.64922,1.64966,1.12,1.00
2015.07.29 23:55:57.625,1.64929,1.64979,1.12,1.00
2015.07.29 23:55:57.676,1.64933,1.64985,1.75,1.00
2015.07.29 23:55:58.055,1.64947,1.64987,1.37,1.00
2015.07.29 23:55:58.106,1.64947,1.64987,1.75,1.00
2015.07.29 23:55:58.409,1.64955,1.65006,1.50,1.00
2015.07.29 23:55:58.726,1.64955,1.64986,1.50,1.00
2015.07.29 23:55:58.838,1.64955,1.64997,1.50,1.00
2015.07.29 23:55:58.889,1.64952,1.64997,1.75,1.00
2015.07.29 23:56:00.273,1.64947,1.64986,1.75,1.00
2015.07.29 23:56:00.324,1.64947,1.64986,1.75,1.00
2015.07.29 23:56:00.426,1.64947,1.64997,1.75,1.37
2015.07.29 23:56:00.528,1.6494,1.64986,1.87,1.00
2015.07.29 23:56:00.629,1.64941,1.64995,1.75,1.37
2015.07.29 23:56:00.872,1.64941,1.64986,1.75,1.00
2015.07.29 23:56:02.815,1.64945,1.64997,1.75,1.37
2015.07.29 23:56:03.997,1.6494,1.64997,1.12,1.87
2015.07.29 23:56:08.448,1.64948,1.64996,1.12,1.00
2015.07.29 23:56:08.549,1.6495,1.65006,1.37,1.00
2015.07.29 23:56:08.751,1.64947,1.64987,1.00,1.00
2015.07.29 23:56:08.852,1.6494,1.64996,1.12,1.00
2015.07.29 23:56:08.953,1.6494,1.64996,1.12,1.00
2015.07.29 23:56:09.004,1.64945,1.65001,1.75,1.00
2015.07.29 23:56:09.055,1.64955,1.65005,1.12,1.12
2015.07.29 23:56:09.106,1.64955,1.65007,1.12,1.37
2015.07.29 23:56:09.737,1.64955,1.65006,1.12,1.00
2015.07.29 23:56:13.406,1.64955,1.65006,1.12,1.12
2015.07.29 23:56:13.457,1.64955,1.65006,1.12,1.00
2015.07.29 23:56:13.662,1.64955,1.65006,1.12,1.12
2015.07.29 23:56:16.667,1.64954,1.65007,1.50,1.75
2015.07.29 23:56:17.034,1.64946,1.64996,1.37,1.00
2015.07.29 23:56:17.388,1.64946,1.64996,1.75,1.12
2015.07.29 23:56:20.218,1.64946,1.64996,1.00,1.00
2015.07.29 23:56:20.437,1.64946,1.64986,1.00,1.00
2015.07.29 23:56:20.841,1.6494,1.64993,1.37,1.00
2015.07.29 23:56:20.892,1.6494,1.64993,1.00,2.25
2015.07.29 23:56:21.622,1.64938,1.64987,1.12,2.25
2015.07.29 23:56:24.819,1.64939,1.64987,1.75,1.00
2015.07.29 23:56:24.920,1.6494,1.64987,1.12,1.00
2015.07.29 23:56:25.172,1.64947,1.64997,1.12,1.12
2015.07.29 23:56:25.324,1.64947,1.64997,1.12,1.00
2015.07.29 23:56:26.012,1.64949,1.64996,1.75,1.00
2015.07.29 23:56:26.315,1.64955,1.64996,1.12,1.00
2015.07.29 23:56:26.366,1.64955,1.65006,1.12,1.00
2015.07.29 23:56:26.416,1.64955,1.65006,1.12,1.00
2015.07.29 23:56:29.087,1.64957,1.65007,1.75,1.00
2015.07.29 23:56:32.585,1.64959,1.65007,1.37,1.00
2015.07.29 23:56:36.171,1.64962,1.65006,1.37,1.00
2015.07.29 23:56:39.527,1.64958,1.65006,1.00,1.00
2015.07.29 23:56:39.628,1.64958,1.65006,2.25,1.00
2015.07.29 23:56:40.149,1.64957,1.64997,1.75,1.00
2015.07.29 23:56:46.088,1.64952,1.64997,3.37,1.00
2015.07.29 23:56:46.389,1.64952,1.65006,2.62,1.37
2015.07.29 23:56:46.866,1.64952,1.65006,1.87,1.37
2015.07.29 23:56:49.666,1.64958,1.65006,1.37,1.37
2015.07.29 23:56:49.718,1.64963,1.65016,1.37,1.50
2015.07.29 23:56:50.477,1.64963,1.65017,1.37,1.87
2015.07.29 23:56:51.699,1.64965,1.65016,1.75,1.00
2015.07.29 23:56:52.236,1.64972,1.65017,1.37,1.12
2015.07.29 23:56:52.675,1.6498,1.65026,1.12,1.00
2015.07.29 23:56:53.204,1.64981,1.65026,1.12,1.00
2015.07.29 23:56:54.494,1.6498,1.65026,1.75,1.37
2015.07.29 23:56:54.595,1.6498,1.65027,1.37,1.75
2015.07.29 23:56:54.902,1.64975,1.65016,1.37,1.00
2015.07.29 23:56:55.985,1.6498,1.65017,1.00,1.00
2015.07.29 23:56:56.086,1.6498,1.65026,1.00,1.75
2015.07.29 23:56:56.606,1.64981,1.65023,1.00,1.37
2015.07.29 23:56:56.707,1.64981,1.65026,1.00,2.25
2015.07.29 23:56:57.608,1.6498,1.65026,1.00,2.25
2015.07.29 23:56:59.612,1.64981,1.65026,1.00,2.25
2015.07.29 23:57:00.614,1.6498,1.65026,1.00,1.75
2015.07.29 23:57:00.817,1.64974,1.65029,1.37,1.75
2015.07.29 23:57:00.871,1.64974,1.65029,1.00,1.75
2015.07.29 23:57:01.469,1.64973,1.65026,1.00,2.25
2015.07.29 23:57:02.179,1.64973,1.65026,1.12,1.75
2015.07.29 23:57:02.898,1.64973,1.65026,1.37,2.25
2015.07.29 23:57:02.975,1.64973,1.65026,1.12,2.25
2015.07.29 23:57:05.535,1.64967,1.65017,1.12,1.00
2015.07.29 23:57:05.636,1.64966,1.65016,1.75,1.37
2015.07.29 23:57:08.696,1.64966,1.65016,1.75,1.37
2015.07.29 23:57:14.955,1.64966,1.65016,1.37,1.75
2015.07.29 23:57:15.507,1.64962,1.65007,1.00,1.37
2015.07.29 23:57:15.829,1.64962,1.65007,1.00,1.75
2015.07.29 23:57:16.042,1.64957,1.65005,1.12,1.75
2015.07.29 23:57:16.658,1.64957,1.65007,1.37,1.37
2015.07.29 23:57:23.058,1.64957,1.65005,1.37,1.50
2015.07.29 23:57:23.696,1.64956,1.65006,1.37,1.87
2015.07.29 23:57:25.134,1.64956,1.65005,1.37,1.00
2015.07.29 23:57:27.381,1.64957,1.65004,1.37,1.50
2015.07.29 23:57:27.977,1.64957,1.65004,1.37,1.37
2015.07.29 23:57:38.053,1.64957,1.65006,1.37,1.37
2015.07.29 23:57:44.165,1.64969,1.65012,1.00,1.12
2015.07.29 23:57:44.678,1.6497,1.65013,1.00,2.25
2015.07.29 23:57:44.963,1.6497,1.65013,1.00,2.25
2015.07.29 23:57:46.437,1.64969,1.65015,1.00,2.25
2015.07.29 23:57:47.111,1.6497,1.65014,1.00,1.75
2015.07.29 23:57:48.315,1.64969,1.65016,1.00,2.25
2015.07.29 23:57:48.471,1.64969,1.65016,1.12,2.25
2015.07.29 23:57:49.117,1.6497,1.65015,1.00,1.75
2015.07.29 23:57:50.367,1.64971,1.65016,1.00,1.75
2015.07.29 23:57:51.011,1.64971,1.65016,1.37,1.37
2015.07.29 23:57:51.998,1.64974,1.65016,1.00,1.50
2015.07.29 23:57:52.160,1.64971,1.65017,1.12,1.75
2015.07.29 23:57:52.810,1.64971,1.65017,1.75,1.00
2015.07.29 23:57:52.911,1.64982,1.65023,1.37,1.00
2015.07.29 23:57:52.962,1.64982,1.65025,1.37,1.00
2015.07.29 23:57:53.013,1.64982,1.65032,1.37,1.12
2015.07.29 23:57:53.064,1.64981,1.65027,1.37,1.00
2015.07.29 23:57:53.476,1.64995,1.6505,1.37,1.75
2015.07.29 23:57:53.527,1.64998,1.65057,1.75,1.37
2015.07.29 23:57:53.628,1.65001,1.65056,1.37,1.00
2015.07.29 23:57:53.893,1.65,1.65047,1.75,1.00
2015.07.29 23:57:54.267,1.65015,1.65047,1.00,1.00
2015.07.29 23:57:54.368,1.65015,1.65056,1.00,1.00
2015.07.29 23:57:54.469,1.65015,1.65047,1.00,1.00
2015.07.29 23:57:54.570,1.65015,1.65056,1.00,1.00
2015.07.29 23:57:54.621,1.65015,1.65056,1.37,1.00
2015.07.29 23:57:54.671,1.65016,1.65066,1.12,1.00
2015.07.29 23:57:54.823,1.65017,1.65077,1.37,1.37
2015.07.29 23:57:55.074,1.65018,1.65077,1.75,1.00
2015.07.29 23:57:55.421,1.65024,1.65077,1.75,1.00
2015.07.29 23:57:55.924,1.65031,1.65076,1.37,1.00
2015.07.29 23:57:56.670,1.6504,1.65076,1.00,1.00
2015.07.29 23:57:57.663,1.6504,1.65077,1.00,1.00
2015.07.29 23:57:58.043,1.65045,1.65077,1.37,1.00
2015.07.29 23:57:58.332,1.65045,1.65086,1.37,1.00
2015.07.29 23:57:58.383,1.65046,1.65097,1.12,1.75
2015.07.29 23:57:58.626,1.65046,1.65086,1.12,1.00
2015.07.29 23:57:58.885,1.65044,1.65092,1.00,1.75
2015.07.29 23:57:58.937,1.65037,1.65092,1.50,2.25
2015.07.29 23:57:58.988,1.65037,1.65067,1.37,1.00
2015.07.29 23:57:59.140,1.65034,1.65067,1.00,1.00
2015.07.29 23:57:59.292,1.65033,1.65076,1.00,1.00
2015.07.29 23:57:59.444,1.65033,1.65066,1.00,1.00
2015.07.29 23:57:59.989,1.65033,1.65067,1.00,1.00
2015.07.29 23:58:00.584,1.65034,1.65067,1.37,1.00
2015.07.29 23:58:01.303,1.65034,1.65067,1.37,1.00
2015.07.29 23:58:01.441,1.65034,1.65067,1.37,1.00
2015.07.29 23:58:02.555,1.65023,1.65067,1.75,1.00
2015.07.29 23:58:02.656,1.6502,1.65067,1.37,1.50
2015.07.29 23:58:02.707,1.6502,1.65056,1.37,1.00
2015.07.29 23:58:02.859,1.65008,1.65057,1.37,1.37
2015.07.29 23:58:02.960,1.65008,1.65057,1.37,1.37
2015.07.29 23:58:03.061,1.65002,1.65047,1.12,1.00
2015.07.29 23:58:03.596,1.65,1.65046,1.50,1.00
2015.07.29 23:58:05.298,1.65,1.65046,1.12,1.00
2015.07.29 23:58:06.544,1.65001,1.65056,1.12,1.37
2015.07.29 23:58:06.942,1.65001,1.65037,1.12,1.00
2015.07.29 23:58:07.908,1.65001,1.65036,1.12,1.00
2015.07.29 23:58:08.010,1.65001,1.65036,1.12,1.00
2015.07.29 23:58:08.523,1.65001,1.65037,1.12,1.00
2015.07.29 23:58:09.074,1.65001,1.65036,1.12,1.00
2015.07.29 23:58:10.297,1.65001,1.65027,1.12,1.00
2015.07.29 23:58:10.546,1.65001,1.65036,1.12,1.00
2015.07.29 23:58:17.717,1.64995,1.65036,3.75,1.00
2015.07.29 23:58:19.630,1.64998,1.65036,1.00,1.00
2015.07.29 23:58:19.831,1.64998,1.65036,1.75,1.00
2015.07.29 23:58:20.033,1.64993,1.65036,1.12,1.37
2015.07.29 23:58:20.084,1.64991,1.65027,1.50,1.00
2015.07.29 23:58:20.134,1.64989,1.65027,1.12,1.00
2015.07.29 23:58:20.235,1.64983,1.65027,1.37,1.00
2015.07.29 23:58:20.387,1.64983,1.65024,1.37,1.00
2015.07.29 23:58:20.437,1.64979,1.65024,1.00,1.00
2015.07.29 23:58:20.560,1.64978,1.65023,1.12,1.00
2015.07.29 23:58:20.661,1.64971,1.65022,1.37,1.50
2015.07.29 23:58:20.918,1.64971,1.65022,1.37,1.87
2015.07.29 23:58:20.975,1.64956,1.65007,1.00,1.00
2015.07.29 23:58:21.128,1.64956,1.65004,1.00,1.00
2015.07.29 23:58:21.444,1.64956,1.64997,1.00,1.00
2015.07.29 23:58:21.746,1.64949,1.65006,1.12,1.37
2015.07.29 23:58:22.082,1.64949,1.65006,1.12,1.50
2015.07.29 23:58:22.285,1.64949,1.65006,1.12,1.12
2015.07.29 23:58:22.997,1.64949,1.65006,1.12,1.50
2015.07.29 23:58:25.135,1.64949,1.64996,1.12,1.00
2015.07.29 23:58:25.493,1.64949,1.65006,1.12,3.00
2015.07.29 23:58:28.965,1.64948,1.65006,1.87,1.00
2015.07.29 23:58:29.167,1.6495,1.65006,1.75,1.87
2015.07.29 23:58:30.612,1.64949,1.65,1.12,1.00
2015.07.29 23:58:30.662,1.64948,1.65,1.75,1.00
2015.07.29 23:58:30.713,1.64948,1.65,1.75,1.37
2015.07.29 23:58:30.814,1.64948,1.65,1.75,1.00
2015.07.29 23:58:30.915,1.64948,1.65,1.37,1.50
2015.07.29 23:58:30.966,1.64942,1.65,1.37,1.50
2015.07.29 23:58:31.909,1.64942,1.64996,1.00,1.87
2015.07.29 23:58:32.571,1.64942,1.64988,1.37,1.00
2015.07.29 23:58:32.624,1.64942,1.64992,1.37,1.50
2015.07.29 23:58:32.726,1.64942,1.64988,1.37,1.00
2015.07.29 23:58:32.828,1.64942,1.64991,1.37,1.00
2015.07.29 23:58:33.271,1.64942,1.64995,1.37,1.87
2015.07.29 23:58:33.322,1.64942,1.64995,1.75,1.50
2015.07.29 23:58:33.727,1.64942,1.64994,1.00,1.00
2015.07.29 23:58:33.778,1.64942,1.64996,1.00,1.00
2015.07.29 23:58:33.929,1.64942,1.64996,1.37,1.00
2015.07.29 23:58:34.190,1.64942,1.64997,1.00,1.00
2015.07.29 23:58:34.343,1.64942,1.64997,1.50,1.12
2015.07.29 23:58:34.874,1.64942,1.64996,1.50,1.00
2015.07.29 23:58:35.188,1.64942,1.64993,1.37,1.00
2015.07.29 23:58:35.764,1.64942,1.64994,1.37,1.50
2015.07.29 23:58:36.338,1.64942,1.64993,1.37,1.00
2015.07.29 23:58:36.844,1.64942,1.64996,1.00,1.00
2015.07.29 23:58:37.057,1.64942,1.64994,1.37,1.00
2015.07.29 23:58:37.360,1.64935,1.64996,1.12,1.50
2015.07.29 23:58:37.411,1.64935,1.64996,1.12,1.87
2015.07.29 23:58:38.216,1.64935,1.64994,1.12,1.50
2015.07.29 23:58:39.418,1.64935,1.64995,1.12,1.50
2015.07.29 23:58:39.805,1.64943,1.64994,1.75,1.00
2015.07.29 23:58:39.956,1.64943,1.64994,1.37,1.00
2015.07.29 23:58:40.058,1.64943,1.64996,1.50,1.00
2015.07.29 23:58:40.573,1.64939,1.64996,1.37,1.00
2015.07.29 23:58:40.624,1.64939,1.64996,1.75,1.00
2015.07.29 23:58:40.725,1.64938,1.64996,1.50,1.00
2015.07.29 23:58:40.927,1.64939,1.64994,1.37,1.00
2015.07.29 23:58:41.129,1.64936,1.64996,1.87,1.50
2015.07.29 23:58:41.734,1.64937,1.64996,1.87,1.00
2015.07.29 23:58:42.037,1.64939,1.64996,1.75,1.37
2015.07.29 23:58:42.138,1.64937,1.65001,1.12,1.87
2015.07.29 23:58:42.189,1.64937,1.64986,1.12,1.00
2015.07.29 23:58:42.715,1.64937,1.64987,1.12,1.00
2015.07.29 23:58:42.875,1.64937,1.64994,1.87,1.00
2015.07.29 23:58:42.977,1.64939,1.64996,1.75,1.00
2015.07.29 23:58:43.376,1.64939,1.64996,1.37,1.00
2015.07.29 23:58:43.478,1.64942,1.64996,1.37,1.00
2015.07.29 23:58:43.877,1.64942,1.65,2.25,1.00
2015.07.29 23:58:43.978,1.64948,1.65005,1.00,1.37
2015.07.29 23:58:44.178,1.64944,1.64996,1.37,1.00
2015.07.29 23:58:44.430,1.64947,1.65006,1.12,1.87
2015.07.29 23:58:44.582,1.64946,1.65006,1.37,1.00
2015.07.29 23:58:44.936,1.64947,1.64997,1.37,1.00
2015.07.29 23:58:45.740,1.64942,1.64997,1.50,1.00
2015.07.29 23:58:47.243,1.64942,1.64996,1.50,1.00
2015.07.29 23:58:48.062,1.64942,1.64997,1.75,1.00
2015.07.29 23:58:48.566,1.6495,1.64996,1.12,1.00
2015.07.29 23:58:49.258,1.6495,1.64996,1.37,1.00
2015.07.29 23:58:49.834,1.6495,1.64996,1.12,1.00
2015.07.29 23:58:49.885,1.6495,1.64996,1.75,1.00
2015.07.29 23:58:50.300,1.64949,1.64996,1.12,1.00
2015.07.29 23:58:50.713,1.64951,1.64996,1.37,1.00
2015.07.29 23:58:50.968,1.64949,1.64996,1.12,1.00
2015.07.29 23:58:51.171,1.6495,1.64996,1.75,1.00
2015.07.29 23:58:51.806,1.6495,1.65006,1.12,1.37
2015.07.29 23:58:52.008,1.64951,1.65006,1.37,1.37
2015.07.29 23:58:52.189,1.6495,1.65006,1.12,1.37
2015.07.29 23:59:00.758,1.6495,1.65006,1.75,1.37
2015.07.29 23:59:09.073,1.64949,1.65006,1.12,1.12
2015.07.29 23:59:10.175,1.64954,1.65007,2.25,1.12
2015.07.29 23:59:10.753,1.64951,1.65006,2.25,1.37
2015.07.29 23:59:14.363,1.64952,1.65006,2.25,1.00
2015.07.29 23:59:16.006,1.6496,1.65006,1.37,1.00
2015.07.29 23:59:16.169,1.64952,1.65006,1.75,1.12
2015.07.29 23:59:16.371,1.6495,1.65006,1.75,1.37
2015.07.29 23:59:16.460,1.6495,1.65006,1.75,1.37
2015.07.29 23:59:17.074,1.6495,1.65007,1.75,1.37
2015.07.29 23:59:26.206,1.64951,1.65006,1.37,1.75
2015.07.29 23:59:26.307,1.64951,1.65011,1.37,1.12
2015.07.29 23:59:26.408,1.64951,1.65006,1.37,1.75
2015.07.29 23:59:26.964,1.64947,1.64997,1.50,2.25
2015.07.29 23:59:27.285,1.6494,1.64996,1.12,1.37
2015.07.29 23:59:27.539,1.6494,1.64996,1.37,1.75
2015.07.29 23:59:32.090,1.64944,1.64996,1.37,1.75
2015.07.29 23:59:32.242,1.64944,1.64996,1.50,1.75
2015.07.29 23:59:32.444,1.64944,1.64996,1.75,1.00
2015.07.29 23:59:32.596,1.64954,1.65005,1.75,1.00
2015.07.29 23:59:32.647,1.64961,1.65006,1.75,1.37
2015.07.29 23:59:32.749,1.64965,1.65017,1.50,1.37
2015.07.29 23:59:32.850,1.64967,1.65016,1.50,1.00
2015.07.29 23:59:33.152,1.64982,1.65031,1.00,1.00
2015.07.29 23:59:33.253,1.64982,1.65036,1.00,1.00
2015.07.29 23:59:33.671,1.64986,1.65037,1.00,1.00
2015.07.29 23:59:33.823,1.64982,1.65036,1.00,1.00
2015.07.29 23:59:34.073,1.64982,1.65036,1.75,1.00
2015.07.29 23:59:34.174,1.64982,1.65036,1.37,1.37
2015.07.29 23:59:34.748,1.64982,1.65026,1.37,1.00
2015.07.29 23:59:34.903,1.64982,1.65035,1.37,1.12
2015.07.29 23:59:35.093,1.64982,1.65036,1.75,1.00
2015.07.29 23:59:35.396,1.64982,1.65027,1.37,1.00
2015.07.29 23:59:35.497,1.64982,1.65026,1.00,1.37
2015.07.29 23:59:35.598,1.64975,1.65035,1.75,1.75
2015.07.29 23:59:35.699,1.64975,1.65016,1.75,1.00
2015.07.29 23:59:36.078,1.64975,1.65027,1.75,1.00
2015.07.29 23:59:36.591,1.64975,1.65026,1.75,1.00
2015.07.29 23:59:37.122,1.64975,1.65035,1.75,1.75
2015.07.29 23:59:37.480,1.64975,1.65026,1.75,1.00
2015.07.29 23:59:38.072,1.64975,1.65027,1.75,1.00
2015.07.29 23:59:38.334,1.64976,1.65032,1.00,1.37
2015.07.29 23:59:38.435,1.64975,1.65027,1.37,1.37
2015.07.29 23:59:39.296,1.64971,1.65027,1.37,1.37
2015.07.29 23:59:39.347,1.64971,1.65032,1.75,1.50
2015.07.29 23:59:39.398,1.64967,1.65032,1.75,1.75
2015.07.29 23:59:39.651,1.64967,1.65024,1.75,1.00
2015.07.29 23:59:39.752,1.64967,1.65026,1.75,1.12
2015.07.29 23:59:40.206,1.64969,1.65027,1.75,1.37
2015.07.29 23:59:40.421,1.64967,1.65026,1.75,1.37
2015.07.29 23:59:40.979,1.64968,1.65016,1.75,1.00
2015.07.29 23:59:41.292,1.64969,1.6503,1.75,1.75
2015.07.29 23:59:41.545,1.64967,1.65016,1.75,1.00
2015.07.29 23:59:41.863,1.64969,1.65026,1.75,1.87
2015.07.29 23:59:41.981,1.64969,1.65017,1.75,1.00
2015.07.29 23:59:42.293,1.64968,1.65026,2.25,1.37
2015.07.29 23:59:42.956,1.64969,1.65026,1.75,1.37
2015.07.29 23:59:43.421,1.64971,1.65032,1.37,1.75
2015.07.29 23:59:44.199,1.64973,1.65027,2.25,1.37
2015.07.29 23:59:44.452,1.64974,1.65032,1.37,2.25
2015.07.29 23:59:44.832,1.64971,1.65026,2.25,1.12
2015.07.29 23:59:45.433,1.64974,1.65032,1.37,2.25
2015.07.29 23:59:46.057,1.64972,1.65026,2.25,1.00
2015.07.29 23:59:47.052,1.64972,1.65027,1.75,1.12
2015.07.29 23:59:47.443,1.64969,1.65027,3.00,1.37
2015.07.29 23:59:47.792,1.64962,1.65017,1.75,1.12
2015.07.29 23:59:47.842,1.64962,1.65017,1.37,1.37
2015.07.29 23:59:48.778,1.64959,1.65017,2.25,1.37
2015.07.29 23:59:48.879,1.64957,1.65017,1.37,1.87
2015.07.29 23:59:53.852,1.64954,1.65007,3.37,1.00
2015.07.29 23:59:54.156,1.64955,1.65016,1.37,2.25
2015.07.29 23:59:56.324,1.64954,1.6501,1.37,1.00
2015.07.29 23:59:56.710,1.64954,1.65013,1.12,1.12
2015.07.29 23:59:59.312,1.64958,1.65017,1.37,1.50
