2015.01.23 18:00:00.149,1.50919,1.50976,1.00,1.00
2015.01.23 18:00:00.452,1.50919,1.50986,1.00,1.00
2015.01.23 18:00:00.656,1.50919,1.50977,1.00,1.00
2015.01.23 18:00:01.178,1.50919,1.50976,1.00,1.00
2015.01.23 18:00:01.702,1.50919,1.50977,1.00,1.00
2015.01.23 18:00:02.025,1.50919,1.50984,1.50,1.00
2015.01.23 18:00:02.126,1.50919,1.50986,1.50,1.00
2015.01.23 18:00:02.227,1.50927,1.50987,1.00,1.00
2015.01.23 18:00:02.428,1.50927,1.50996,1.00,1.00
2015.01.23 18:00:02.781,1.50927,1.50987,1.00,1.00
2015.01.23 18:00:03.033,1.50919,1.50987,1.00,1.00
2015.01.23 18:00:03.536,1.50919,1.50986,1.00,1.00
2015.01.23 18:00:04.063,1.50927,1.50986,1.00,1.00
2015.01.23 18:00:04.214,1.50928,1.50996,1.00,1.00
2015.01.23 18:00:04.395,1.50928,1.50986,1.00,1.00
2015.01.23 18:00:04.616,1.50928,1.50996,1.00,1.00
2015.01.23 18:00:05.130,1.50935,1.50997,1.00,1.00
2015.01.23 18:00:05.639,1.50935,1.50996,1.00,1.00
2015.01.23 18:00:05.941,1.50935,1.50987,1.00,1.00
2015.01.23 18:00:06.705,1.50935,1.50986,1.00,1.00
2015.01.23 18:00:06.909,1.50926,1.50983,1.00,1.00
2015.01.23 18:00:06.959,1.50926,1.50966,1.00,1.00
2015.01.23 18:00:07.161,1.50926,1.50981,1.00,1.50
2015.01.23 18:00:07.362,1.50926,1.50983,1.00,1.00
2015.01.23 18:00:07.463,1.50926,1.50988,1.00,1.00
2015.01.23 18:00:07.665,1.50926,1.50996,1.50,1.00
2015.01.23 18:00:07.715,1.50934,1.50996,1.00,1.00
2015.01.23 18:00:08.843,1.50934,1.50992,1.00,1.00
2015.01.23 18:00:08.944,1.50925,1.50986,1.00,1.00
2015.01.23 18:00:09.692,1.50925,1.50977,1.00,1.00
2015.01.23 18:00:09.743,1.50919,1.50977,1.00,1.00
2015.01.23 18:00:10.158,1.50918,1.50984,1.00,1.00
2015.01.23 18:00:10.259,1.50918,1.50987,1.00,1.00
2015.01.23 18:00:10.768,1.50918,1.50986,1.00,1.00
2015.01.23 18:00:11.426,1.50918,1.50984,1.00,1.00
2015.01.23 18:00:11.527,1.5091,1.50983,1.50,1.00
2015.01.23 18:00:11.578,1.5091,1.50976,1.50,1.00
2015.01.23 18:00:11.809,1.5091,1.50983,1.50,1.00
2015.01.23 18:00:12.621,1.5091,1.50984,1.50,1.50
2015.01.23 18:00:13.350,1.5091,1.50976,1.50,1.00
2015.01.23 18:00:13.652,1.50904,1.50967,1.00,1.00
2015.01.23 18:00:14.169,1.50904,1.50966,1.00,1.00
2015.01.23 18:00:15.773,1.50904,1.5097,1.50,1.00
2015.01.23 18:00:16.532,1.50904,1.50975,1.50,1.00
2015.01.23 18:00:16.753,1.50914,1.50966,1.37,1.00
2015.01.23 18:00:16.854,1.50914,1.50976,1.12,1.75
2015.01.23 18:00:16.955,1.50914,1.50976,1.75,1.12
2015.01.23 18:00:17.056,1.50914,1.50976,2.25,1.00
2015.01.23 18:00:17.466,1.50923,1.50976,1.75,1.00
2015.01.23 18:00:18.246,1.50923,1.50976,1.37,1.37
2015.01.23 18:00:18.347,1.50922,1.50976,1.00,1.75
2015.01.23 18:00:18.397,1.50913,1.50977,1.75,1.75
2015.01.23 18:00:18.448,1.50912,1.50977,1.75,1.75
2015.01.23 18:00:18.700,1.50912,1.50967,1.75,1.00
2015.01.23 18:00:19.048,1.50912,1.50967,1.37,1.37
2015.01.23 18:00:19.149,1.50912,1.50967,1.12,1.37
2015.01.23 18:00:19.249,1.50911,1.50967,1.37,1.37
2015.01.23 18:00:19.552,1.50905,1.50956,2.25,1.00
2015.01.23 18:00:19.653,1.50905,1.50956,1.50,1.00
2015.01.23 18:00:19.854,1.50907,1.50957,1.00,1.00
2015.01.23 18:00:19.905,1.50913,1.50957,1.00,1.00
2015.01.23 18:00:19.955,1.50918,1.50978,1.00,1.00
2015.01.23 18:00:20.124,1.50925,1.50982,1.00,1.00
2015.01.23 18:00:20.175,1.50925,1.50996,1.00,1.00
2015.01.23 18:00:20.225,1.50925,1.50989,1.00,1.00
2015.01.23 18:00:20.326,1.50925,1.50996,1.00,1.00
2015.01.23 18:00:20.870,1.50925,1.50997,1.00,1.00
2015.01.23 18:00:21.122,1.50933,1.50997,1.00,1.00
2015.01.23 18:00:21.173,1.50933,1.51,1.50,0.10
2015.01.23 18:00:22.025,1.50942,1.51,1.00,0.10
2015.01.23 18:00:22.327,1.50942,1.51,3.00,0.10
2015.01.23 18:00:22.378,1.50942,1.51,2.25,0.10
2015.01.23 18:00:22.479,1.50949,1.51,1.00,0.10
2015.01.23 18:00:22.680,1.50949,1.51,2.25,0.10
2015.01.23 18:00:22.882,1.50949,1.51,3.00,0.10
2015.01.23 18:00:23.083,1.50949,1.51,1.50,0.10
2015.01.23 18:00:23.304,1.50949,1.51,2.25,0.10
2015.01.23 18:00:23.405,1.50949,1.51,1.50,0.10
2015.01.23 18:00:23.606,1.50949,1.51,2.25,0.10
2015.01.23 18:00:23.707,1.50949,1.51,1.87,0.10
2015.01.23 18:00:23.808,1.50949,1.51,2.25,0.10
2015.01.23 18:00:23.909,1.50949,1.51,1.87,0.10
2015.01.23 18:00:24.110,1.50949,1.51,3.00,0.10
2015.01.23 18:00:25.079,1.50949,1.51,2.25,0.10
2015.01.23 18:00:25.390,1.50954,1.51,1.75,0.10
2015.01.23 18:00:25.732,1.50952,1.51,1.75,0.10
2015.01.23 18:00:26.036,1.50958,1.51,1.75,0.10
2015.01.23 18:00:26.826,1.50961,1.51,1.75,0.10
2015.01.23 18:00:26.927,1.50965,1.51,2.25,0.10
2015.01.23 18:00:27.028,1.50965,1.51,2.25,0.10
2015.01.23 18:00:27.336,1.50965,1.51,2.25,0.10
2015.01.23 18:00:27.437,1.50965,1.51,2.25,0.10
2015.01.23 18:00:27.639,1.50965,1.51,2.25,0.10
2015.01.23 18:00:27.740,1.50965,1.51,2.25,0.10
2015.01.23 18:00:28.237,1.50975,1.51,1.00,0.10
2015.01.23 18:00:28.829,1.50967,1.51,1.75,0.10
2015.01.23 18:00:29.030,1.50967,1.51,1.75,0.10
2015.01.23 18:00:29.544,1.50967,1.51,1.50,0.10
2015.01.23 18:00:29.645,1.50967,1.51,1.37,0.10
2015.01.23 18:00:29.745,1.5096,1.51,1.75,0.10
2015.01.23 18:00:30.450,1.50958,1.51,1.50,0.10
2015.01.23 18:00:31.013,1.50958,1.51,2.25,0.10
2015.01.23 18:00:31.455,1.50968,1.51,1.75,0.10
2015.01.23 18:00:31.556,1.50968,1.51,1.50,0.10
2015.01.23 18:00:31.861,1.50968,1.51,1.37,0.10
2015.01.23 18:00:31.962,1.50968,1.51,1.37,0.10
2015.01.23 18:00:32.167,1.50968,1.51,1.12,0.10
2015.01.23 18:00:32.268,1.50958,1.51,2.25,0.10
2015.01.23 18:00:32.570,1.50967,1.51,2.25,0.10
2015.01.23 18:00:32.721,1.50967,1.51,1.87,0.10
2015.01.23 18:00:32.936,1.50959,1.51,2.25,0.10
2015.01.23 18:00:33.137,1.50959,1.51,2.25,0.10
2015.01.23 18:00:33.238,1.50951,1.51,2.25,0.10
2015.01.23 18:00:33.440,1.50948,1.51,1.00,0.10
2015.01.23 18:00:33.541,1.50939,1.51,1.37,0.47
2015.01.23 18:00:33.592,1.50944,1.51,1.00,0.47
2015.01.23 18:00:33.793,1.50934,1.51,1.00,0.10
2015.01.23 18:00:33.844,1.5094,1.51,1.00,0.10
2015.01.23 18:00:34.153,1.50943,1.51,1.00,0.10
2015.01.23 18:00:34.465,1.50943,1.51,1.37,0.10
2015.01.23 18:00:34.725,1.50943,1.51,1.37,0.10
2015.01.23 18:00:34.926,1.50943,1.51,1.50,0.10
2015.01.23 18:00:35.568,1.50945,1.51,1.12,0.60
2015.01.23 18:00:35.668,1.50943,1.51,2.25,0.10
2015.01.23 18:00:35.970,1.50943,1.51,1.75,0.10
2015.01.23 18:00:36.654,1.50946,1.51,1.75,0.10
2015.01.23 18:00:36.956,1.50955,1.51,1.75,0.10
2015.01.23 18:00:37.359,1.50961,1.51,1.50,0.10
2015.01.23 18:00:37.801,1.50963,1.51,1.00,0.10
2015.01.23 18:00:38.095,1.50961,1.51,1.50,0.10
2015.01.23 18:00:38.969,1.5097,1.51,1.50,0.10
2015.01.23 18:00:39.542,1.5097,1.51,1.87,0.10
2015.01.23 18:00:40.951,1.5097,1.51,1.50,0.10
2015.01.23 18:00:41.153,1.5097,1.51,2.25,0.10
2015.01.23 18:00:43.385,1.50971,1.51,1.75,0.10
2015.01.23 18:00:43.753,1.5097,1.51,1.87,0.10
2015.01.23 18:00:43.954,1.5097,1.51,2.25,0.10
2015.01.23 18:00:44.455,1.5097,1.51,2.25,0.10
2015.01.23 18:00:45.577,1.5097,1.51,2.25,0.10
2015.01.23 18:00:45.678,1.5097,1.51,1.37,0.10
2015.01.23 18:00:45.779,1.50962,1.51,2.25,0.10
2015.01.23 18:00:46.081,1.50962,1.51,2.25,0.10
2015.01.23 18:00:46.770,1.50973,1.51,1.75,0.10
2015.01.23 18:00:49.599,1.50969,1.51,1.75,0.10
2015.01.23 18:00:49.700,1.50967,1.51,1.37,0.10
2015.01.23 18:00:49.801,1.50961,1.51,1.37,0.10
2015.01.23 18:00:50.317,1.50954,1.51,1.75,0.10
2015.01.23 18:00:50.418,1.50954,1.51,1.37,0.10
2015.01.23 18:00:51.008,1.50949,1.51,2.25,0.10
2015.01.23 18:00:51.109,1.5095,1.51,1.75,0.10
2015.01.23 18:00:51.210,1.5095,1.51,1.75,0.10
2015.01.23 18:00:51.311,1.50959,1.51,1.35,0.10
2015.01.23 18:00:51.613,1.5096,1.51,1.35,0.10
2015.01.23 18:00:51.784,1.50964,1.51,1.37,0.10
2015.01.23 18:00:51.885,1.50957,1.51,2.10,0.10
2015.01.23 18:00:52.086,1.50954,1.51,1.60,0.10
2015.01.23 18:00:53.514,1.50958,1.51,1.35,0.10
2015.01.23 18:00:53.836,1.50957,1.51,2.25,0.10
2015.01.23 18:00:53.887,1.50957,1.51,2.25,0.10
2015.01.23 18:00:53.987,1.50955,1.51,1.00,0.10
2015.01.23 18:00:54.038,1.50948,1.51,1.00,0.10
2015.01.23 18:00:54.239,1.50944,1.51,1.12,0.10
2015.01.23 18:00:54.591,1.50949,1.51,1.00,0.10
2015.01.23 18:00:54.894,1.50956,1.51,1.50,0.10
2015.01.23 18:00:56.162,1.50956,1.51,2.25,0.10
2015.01.23 18:00:56.807,1.50956,1.51,2.25,0.10
2015.01.23 18:00:57.107,1.50956,1.51,1.87,0.10
2015.01.23 18:00:59.044,1.50956,1.51,1.50,0.47
2015.01.23 18:00:59.144,1.50947,1.51,2.62,0.47
2015.01.23 18:00:59.245,1.50947,1.51,1.50,0.85
2015.01.23 18:00:59.346,1.50947,1.51,1.50,0.60
2015.01.23 18:00:59.681,1.50939,1.51,1.50,0.10
2015.01.23 18:01:00.531,1.50939,1.51,1.00,0.10
2015.01.23 18:01:00.633,1.50946,1.51,1.00,0.10
2015.01.23 18:01:02.417,1.50946,1.51,2.25,0.10
2015.01.23 18:01:03.310,1.50946,1.51,2.25,0.10
2015.01.23 18:01:03.611,1.50946,1.51,2.25,0.10
2015.01.23 18:01:03.813,1.50946,1.51,1.50,0.47
2015.01.23 18:01:03.914,1.50946,1.51,1.87,0.10
2015.01.23 18:01:04.116,1.50946,1.51,1.50,0.47
2015.01.23 18:01:04.216,1.50946,1.51,1.50,0.97
2015.01.23 18:01:04.267,1.50939,1.51,1.37,0.97
2015.01.23 18:01:04.368,1.50939,1.51,1.00,0.85
2015.01.23 18:01:04.532,1.50939,1.51,1.00,0.10
2015.01.23 18:01:05.073,1.50939,1.50998,1.00,1.00
2015.01.23 18:01:05.314,1.50939,1.51,1.00,1.10
2015.01.23 18:01:05.364,1.50939,1.51,1.00,1.85
2015.01.23 18:01:06.524,1.50939,1.51,1.75,0.47
2015.01.23 18:01:06.634,1.50941,1.51,1.75,0.10
2015.01.23 18:01:07.122,1.50941,1.51,1.75,0.10
2015.01.23 18:01:07.374,1.50945,1.51,1.37,0.47
2015.01.23 18:01:07.475,1.50936,1.51,1.87,0.85
2015.01.23 18:01:07.583,1.50933,1.51,1.00,0.10
2015.01.23 18:01:07.634,1.50929,1.51,1.00,1.10
2015.01.23 18:01:07.685,1.50929,1.50997,1.00,1.00
2015.01.23 18:01:07.988,1.50929,1.50991,1.00,1.00
2015.01.23 18:01:08.456,1.50929,1.50994,1.00,1.00
2015.01.23 18:01:08.563,1.50929,1.50986,1.00,1.00
2015.01.23 18:01:09.752,1.50928,1.50986,1.00,1.00
2015.01.23 18:01:09.803,1.50922,1.50986,1.00,1.00
2015.01.23 18:01:09.947,1.50922,1.50986,1.00,1.75
2015.01.23 18:01:11.484,1.50922,1.50986,2.25,1.00
2015.01.23 18:01:11.605,1.50928,1.5099,1.75,1.37
2015.01.23 18:01:11.706,1.50934,1.50996,1.37,1.37
2015.01.23 18:01:12.263,1.50934,1.50996,1.75,1.37
2015.01.23 18:01:12.674,1.50939,1.51,1.75,0.10
2015.01.23 18:01:12.976,1.50955,1.51,1.37,0.10
2015.01.23 18:01:13.178,1.50955,1.51,1.37,0.10
2015.01.23 18:01:13.279,1.50955,1.51,1.37,0.10
2015.01.23 18:01:18.213,1.50955,1.51,1.50,0.10
2015.01.23 18:01:18.515,1.50953,1.51,1.75,0.10
2015.01.23 18:01:19.930,1.50956,1.51,1.75,0.10
2015.01.23 18:01:20.877,1.50956,1.51,1.75,0.10
2015.01.23 18:01:20.928,1.50956,1.51,1.75,0.10
2015.01.23 18:01:21.231,1.50955,1.51,1.00,0.10
2015.01.23 18:01:22.383,1.50954,1.51,1.00,0.10
2015.01.23 18:01:22.548,1.50946,1.51,1.00,0.10
2015.01.23 18:01:25.621,1.50946,1.51,1.50,0.10
2015.01.23 18:01:27.152,1.50946,1.51,1.37,0.10
2015.01.23 18:01:27.867,1.50946,1.51,1.37,0.60
2015.01.23 18:01:29.340,1.50946,1.51,1.37,0.47
2015.01.23 18:01:29.843,1.5094,1.51,1.75,1.47
2015.01.23 18:01:30.173,1.50942,1.51,1.50,0.47
2015.01.23 18:01:30.498,1.50942,1.51,1.75,0.47
2015.01.23 18:01:32.565,1.50939,1.51,1.87,0.47
2015.01.23 18:01:32.666,1.50938,1.51,2.25,0.85
2015.01.23 18:01:32.887,1.50938,1.51,1.87,0.85
2015.01.23 18:01:34.078,1.50931,1.50997,1.50,1.75
2015.01.23 18:01:34.499,1.5093,1.51,2.25,0.85
2015.01.23 18:01:35.416,1.5093,1.51,2.25,0.85
2015.01.23 18:01:36.114,1.5093,1.50994,3.00,1.75
2015.01.23 18:01:36.454,1.50935,1.50996,1.37,1.75
2015.01.23 18:01:36.505,1.50935,1.50996,1.00,1.75
2015.01.23 18:01:36.606,1.5093,1.51,2.25,0.85
2015.01.23 18:01:36.707,1.5093,1.51,1.87,0.85
2015.01.23 18:01:37.009,1.5093,1.50995,1.87,1.75
2015.01.23 18:01:37.210,1.5093,1.50997,1.50,1.75
2015.01.23 18:01:37.292,1.5093,1.50997,1.87,1.75
2015.01.23 18:01:37.393,1.5093,1.51,1.50,0.85
2015.01.23 18:01:37.594,1.5093,1.51,1.87,1.85
2015.01.23 18:01:38.128,1.5093,1.51,2.25,1.85
2015.01.23 18:01:38.533,1.50931,1.50999,1.37,2.25
2015.01.23 18:01:38.736,1.5093,1.51,1.87,0.97
2015.01.23 18:01:38.837,1.5093,1.51,1.87,0.85
2015.01.23 18:01:38.938,1.5093,1.51,1.87,0.85
2015.01.23 18:01:39.243,1.5093,1.51,2.25,0.85
2015.01.23 18:01:39.715,1.5093,1.50999,1.87,1.75
2015.01.23 18:01:40.017,1.5093,1.50996,2.25,1.75
2015.01.23 18:01:40.319,1.5093,1.51,2.25,0.85
2015.01.23 18:01:40.637,1.5093,1.51,2.25,0.85
2015.01.23 18:01:40.965,1.5093,1.51,2.25,0.85
2015.01.23 18:01:41.267,1.5093,1.51,2.25,0.85
2015.01.23 18:01:42.054,1.5093,1.51,1.87,0.85
2015.01.23 18:01:42.823,1.5093,1.51,1.87,0.85
2015.01.23 18:01:44.230,1.5093,1.5099,1.50,1.75
2015.01.23 18:01:46.035,1.5093,1.50985,1.50,1.75
2015.01.23 18:01:46.892,1.50922,1.50983,1.50,1.50
2015.01.23 18:01:47.640,1.50922,1.50983,1.37,1.75
2015.01.23 18:01:47.947,1.5092,1.50985,1.00,1.75
2015.01.23 18:01:48.345,1.50913,1.50984,1.37,1.75
2015.01.23 18:01:50.857,1.50913,1.50984,2.25,1.75
2015.01.23 18:01:51.168,1.5092,1.50978,1.75,1.37
2015.01.23 18:01:53.010,1.50924,1.50988,1.75,1.75
2015.01.23 18:01:53.212,1.50921,1.50993,1.00,2.25
2015.01.23 18:01:53.484,1.50912,1.50984,1.75,1.75
2015.01.23 18:01:53.713,1.50912,1.50982,1.37,1.75
2015.01.23 18:01:53.814,1.50912,1.50982,1.50,1.75
2015.01.23 18:01:54.116,1.50912,1.50976,1.37,1.75
2015.01.23 18:01:54.933,1.50912,1.50968,1.00,1.75
2015.01.23 18:01:55.912,1.50912,1.50971,1.37,1.75
2015.01.23 18:01:56.225,1.50912,1.50973,1.37,1.75
2015.01.23 18:01:56.730,1.50912,1.50977,1.37,1.75
2015.01.23 18:01:57.223,1.50912,1.50977,1.50,1.75
2015.01.23 18:01:57.525,1.50912,1.50976,1.37,1.75
2015.01.23 18:01:57.888,1.50912,1.50976,1.37,2.25
2015.01.23 18:01:58.847,1.50912,1.50969,1.37,1.75
2015.01.23 18:01:59.474,1.50912,1.50969,1.00,1.75
2015.01.23 18:01:59.575,1.50911,1.50966,1.37,1.37
2015.01.23 18:01:59.847,1.50903,1.50977,1.75,1.75
2015.01.23 18:02:00.089,1.50903,1.50977,1.75,1.75
2015.01.23 18:02:00.958,1.50903,1.50976,1.75,1.75
2015.01.23 18:02:01.310,1.50903,1.50976,1.75,1.75
2015.01.23 18:02:03.391,1.50903,1.50976,1.75,1.75
2015.01.23 18:02:04.101,1.50903,1.50977,1.75,1.50
2015.01.23 18:02:04.202,1.50914,1.50982,1.75,1.75
2015.01.23 18:02:04.406,1.50914,1.50986,1.75,3.00
2015.01.23 18:02:06.920,1.50924,1.50985,1.75,1.37
2015.01.23 18:02:07.222,1.5093,1.50992,1.75,1.75
2015.01.23 18:02:07.732,1.5093,1.50996,1.75,1.75
2015.01.23 18:02:07.833,1.50939,1.50996,1.75,1.00
2015.01.23 18:02:12.353,1.50939,1.50996,1.50,1.37
2015.01.23 18:02:12.947,1.50933,1.50996,1.75,1.37
2015.01.23 18:02:13.248,1.50933,1.50996,1.75,1.37
2015.01.23 18:02:13.850,1.50933,1.50996,1.75,1.50
2015.01.23 18:02:14.272,1.50933,1.50997,1.50,1.75
2015.01.23 18:02:14.707,1.50933,1.50996,1.75,1.37
2015.01.23 18:02:15.014,1.50933,1.50986,1.75,1.00
2015.01.23 18:02:15.065,1.50933,1.50996,1.75,1.00
2015.01.23 18:02:15.372,1.50933,1.50987,1.75,1.00
2015.01.23 18:02:15.681,1.50933,1.50987,1.75,1.00
2015.01.23 18:02:15.781,1.50933,1.50997,2.25,1.37
2015.01.23 18:02:16.932,1.50936,1.50986,1.75,1.00
2015.01.23 18:02:18.538,1.50939,1.50986,1.37,1.00
2015.01.23 18:02:18.812,1.5094,1.50996,1.37,1.00
2015.01.23 18:02:18.895,1.5094,1.50996,1.00,1.00
2015.01.23 18:02:19.002,1.5094,1.50986,1.00,1.00
2015.01.23 18:02:19.611,1.5094,1.50987,1.00,1.00
2015.01.23 18:02:19.762,1.50933,1.50987,1.72,1.00
2015.01.23 18:02:21.907,1.50933,1.50987,2.10,1.00
2015.01.23 18:02:22.468,1.50939,1.50987,1.00,1.00
2015.01.23 18:02:23.041,1.50936,1.50987,1.37,1.00
2015.01.23 18:02:23.577,1.50936,1.50986,1.37,1.00
2015.01.23 18:02:23.627,1.50936,1.50996,1.37,1.12
2015.01.23 18:02:23.842,1.50936,1.50987,1.37,1.00
2015.01.23 18:02:24.237,1.50933,1.50997,2.85,1.37
2015.01.23 18:02:24.896,1.50933,1.50997,2.85,1.00
2015.01.23 18:02:29.149,1.50933,1.50997,2.85,1.37
2015.01.23 18:02:29.251,1.5094,1.50997,1.37,1.37
2015.01.23 18:02:29.508,1.50935,1.50987,1.75,1.00
2015.01.23 18:02:30.227,1.50935,1.50986,1.75,1.00
2015.01.23 18:02:31.763,1.5093,1.50986,1.37,1.37
2015.01.23 18:02:32.015,1.50926,1.50986,1.75,1.12
2015.01.23 18:02:33.203,1.50932,1.50986,1.75,1.00
2015.01.23 18:02:33.859,1.50932,1.50987,1.75,1.00
2015.01.23 18:02:34.512,1.50934,1.50987,1.75,1.00
2015.01.23 18:02:34.714,1.50929,1.50986,1.75,1.12
2015.01.23 18:02:35.612,1.50928,1.50976,1.75,1.00
2015.01.23 18:02:35.763,1.50934,1.50987,1.75,1.00
2015.01.23 18:02:35.914,1.50934,1.50987,1.37,1.00
2015.01.23 18:02:37.816,1.50925,1.50977,1.75,1.00
2015.01.23 18:02:38.047,1.50926,1.50986,1.75,1.12
2015.01.23 18:02:38.200,1.50926,1.50986,1.75,1.12
2015.01.23 18:02:38.529,1.50924,1.50986,1.75,1.37
2015.01.23 18:02:38.856,1.50917,1.50976,1.75,1.12
2015.01.23 18:02:38.957,1.50917,1.50977,1.75,1.37
2015.01.23 18:02:39.158,1.50912,1.50967,1.75,1.00
2015.01.23 18:02:39.746,1.50909,1.50966,1.75,1.00
2015.01.23 18:02:42.331,1.50916,1.50966,1.75,1.00
2015.01.23 18:02:42.482,1.50924,1.50977,1.75,1.00
2015.01.23 18:02:43.338,1.50921,1.50977,1.75,1.00
2015.01.23 18:02:44.862,1.50928,1.50986,1.75,1.37
2015.01.23 18:02:45.079,1.50928,1.50976,1.75,1.00
2015.01.23 18:02:45.603,1.5093,1.50977,1.75,1.00
2015.01.23 18:02:46.181,1.5093,1.50987,1.75,1.12
2015.01.23 18:02:46.730,1.5093,1.50976,1.75,1.00
2015.01.23 18:02:46.881,1.5093,1.50987,1.75,1.12
2015.01.23 18:02:47.389,1.5093,1.50986,1.37,1.37
2015.01.23 18:02:47.692,1.50926,1.50986,1.37,1.75
2015.01.23 18:02:47.999,1.50915,1.50967,1.75,1.00
2015.01.23 18:02:49.380,1.50915,1.50967,1.75,1.00
2015.01.23 18:02:49.481,1.50923,1.50976,1.37,1.00
2015.01.23 18:02:49.531,1.50923,1.50976,1.75,1.00
2015.01.23 18:02:50.143,1.50928,1.50976,1.75,1.00
2015.01.23 18:02:51.141,1.50923,1.50976,1.75,1.00
2015.01.23 18:02:51.739,1.50923,1.50977,1.75,1.00
2015.01.23 18:02:52.851,1.50927,1.50977,1.75,1.00
2015.01.23 18:02:52.952,1.50927,1.50977,1.75,1.00
2015.01.23 18:02:54.342,1.50923,1.50986,1.75,1.37
2015.01.23 18:02:54.552,1.50921,1.50977,1.75,1.00
2015.01.23 18:02:56.430,1.50924,1.50977,1.75,1.00
2015.01.23 18:02:56.632,1.5093,1.50986,1.75,1.00
2015.01.23 18:02:56.854,1.50934,1.50987,1.75,1.00
2015.01.23 18:02:56.955,1.50932,1.50995,1.75,1.00
2015.01.23 18:02:57.056,1.50932,1.50996,2.25,1.00
2015.01.23 18:02:57.426,1.50932,1.50987,2.25,1.00
2015.01.23 18:02:59.269,1.50938,1.50987,1.75,1.00
2015.01.23 18:02:59.944,1.50936,1.50987,1.75,1.00
2015.01.23 18:03:01.661,1.50932,1.50987,1.37,1.00
2015.01.23 18:03:02.333,1.50932,1.50987,1.75,1.12
2015.01.23 18:03:06.279,1.50932,1.50995,1.50,1.75
2015.01.23 18:03:06.782,1.50932,1.50987,1.50,1.00
2015.01.23 18:03:08.361,1.50939,1.50987,1.75,1.00
2015.01.23 18:03:09.627,1.50939,1.50986,1.75,1.00
2015.01.23 18:03:09.728,1.50939,1.50997,1.75,1.00
2015.01.23 18:03:10.244,1.50939,1.50996,1.75,1.00
2015.01.23 18:03:19.690,1.50939,1.50996,1.50,1.37
2015.01.23 18:03:19.741,1.50939,1.50987,1.50,1.00
2015.01.23 18:03:20.420,1.50931,1.50986,1.75,1.00
2015.01.23 18:03:21.280,1.50931,1.50986,1.75,1.00
2015.01.23 18:03:23.820,1.50931,1.50986,1.75,1.37
2015.01.23 18:03:23.920,1.5093,1.50986,1.75,1.00
2015.01.23 18:03:24.021,1.5093,1.50986,1.75,1.00
2015.01.23 18:03:24.489,1.5093,1.50986,1.75,1.00
2015.01.23 18:03:25.030,1.5093,1.50987,1.75,1.00
2015.01.23 18:03:28.097,1.5093,1.50987,1.75,1.00
2015.01.23 18:03:28.252,1.50936,1.50997,1.35,1.00
2015.01.23 18:03:31.833,1.50938,1.50996,1.75,1.00
2015.01.23 18:03:32.474,1.50938,1.50997,2.25,1.00
2015.01.23 18:03:32.644,1.50938,1.51,1.75,0.60
2015.01.23 18:03:34.317,1.50938,1.51,2.25,0.10
2015.01.23 18:03:36.742,1.50945,1.51,1.75,0.60
2015.01.23 18:03:40.529,1.50943,1.51,1.75,0.10
2015.01.23 18:03:40.630,1.50946,1.51,1.75,0.10
2015.01.23 18:03:46.469,1.50948,1.51,1.37,0.60
2015.01.23 18:03:46.570,1.50945,1.51,1.75,0.60
2015.01.23 18:03:46.872,1.50939,1.51,1.75,0.47
2015.01.23 18:03:47.158,1.50938,1.51,1.37,0.85
2015.01.23 18:03:48.864,1.50936,1.50998,1.37,1.75
2015.01.23 18:03:53.003,1.50933,1.50994,1.37,1.75
2015.01.23 18:03:53.103,1.5093,1.50995,1.87,2.25
2015.01.23 18:03:55.938,1.50927,1.50994,1.50,1.75
2015.01.23 18:03:58.242,1.50928,1.50992,1.75,1.75
2015.01.23 18:03:59.521,1.50931,1.50994,1.37,1.75
2015.01.23 18:04:00.146,1.50929,1.50995,1.50,1.75
2015.01.23 18:04:01.475,1.50924,1.50995,1.75,1.75
2015.01.23 18:04:01.773,1.50923,1.50995,2.25,1.75
2015.01.23 18:04:03.995,1.50924,1.50995,3.00,1.50
2015.01.23 18:04:04.300,1.50933,1.51,1.75,0.85
2015.01.23 18:04:04.631,1.50934,1.51,1.75,0.47
2015.01.23 18:04:07.461,1.50944,1.51,1.50,0.10
2015.01.23 18:04:07.612,1.5095,1.51,1.75,0.10
2015.01.23 18:04:07.992,1.50941,1.51,1.75,0.10
2015.01.23 18:04:10.110,1.50941,1.51,1.75,0.47
2015.01.23 18:04:10.813,1.50941,1.51,1.75,0.47
2015.01.23 18:04:11.688,1.50941,1.51,1.75,0.10
2015.01.23 18:04:14.332,1.50943,1.51,1.75,0.47
2015.01.23 18:04:14.644,1.50929,1.51,2.25,0.85
2015.01.23 18:04:15.100,1.50929,1.50999,2.25,1.75
2015.01.23 18:04:18.414,1.50936,1.50999,1.75,1.75
2015.01.23 18:04:18.537,1.50934,1.50998,1.75,1.75
2015.01.23 18:04:18.803,1.50937,1.50998,1.75,1.37
2015.01.23 18:04:19.306,1.50941,1.51,1.75,0.47
2015.01.23 18:04:19.741,1.50941,1.51,1.50,0.47
2015.01.23 18:04:23.439,1.5094,1.51,1.75,0.97
2015.01.23 18:04:25.360,1.50936,1.51,1.75,0.47
2015.01.23 18:04:26.519,1.50941,1.51,1.75,0.60
2015.01.23 18:04:27.169,1.50947,1.51,1.75,0.10
2015.01.23 18:04:27.270,1.50938,1.51,2.25,0.10
2015.01.23 18:04:27.321,1.50938,1.51,2.25,0.47
2015.01.23 18:04:27.427,1.50938,1.51,2.25,0.60
2015.01.23 18:04:29.244,1.50943,1.51,1.75,0.10
2015.01.23 18:04:29.345,1.50946,1.51,2.25,0.10
2015.01.23 18:04:29.647,1.50938,1.51,2.25,0.10
2015.01.23 18:04:30.150,1.50947,1.51,1.75,0.10
2015.01.23 18:04:30.251,1.50948,1.51,1.37,0.10
2015.01.23 18:04:30.798,1.50948,1.51,1.37,0.10
2015.01.23 18:04:30.849,1.50948,1.51,1.37,0.10
2015.01.23 18:04:31.410,1.50948,1.51,1.75,0.10
2015.01.23 18:04:32.624,1.50945,1.51,1.75,0.10
2015.01.23 18:04:32.876,1.50945,1.51,1.37,0.47
2015.01.23 18:04:32.977,1.50935,1.51,1.75,0.47
2015.01.23 18:04:33.078,1.50932,1.51,1.75,0.85
2015.01.23 18:04:33.280,1.50924,1.50995,2.25,1.75
2015.01.23 18:04:33.381,1.50924,1.50987,1.37,1.75
2015.01.23 18:04:33.869,1.50924,1.50987,1.00,1.00
2015.01.23 18:04:33.970,1.50916,1.50987,1.00,2.25
2015.01.23 18:04:34.171,1.50916,1.50986,1.75,1.75
2015.01.23 18:04:37.781,1.50914,1.5098,1.75,1.00
2015.01.23 18:04:37.882,1.50931,1.50985,1.37,1.00
2015.01.23 18:04:38.212,1.50926,1.50997,1.75,1.75
2015.01.23 18:04:38.930,1.50934,1.50997,1.37,1.75
2015.01.23 18:04:39.331,1.50934,1.50995,1.37,1.75
2015.01.23 18:04:39.712,1.50934,1.50995,1.37,1.75
2015.01.23 18:04:40.014,1.50938,1.50997,1.37,1.75
2015.01.23 18:04:44.803,1.50938,1.50997,1.12,1.75
2015.01.23 18:04:57.946,1.50934,1.50987,1.37,1.00
2015.01.23 18:04:58.148,1.5092,1.50987,1.75,1.50
2015.01.23 18:04:58.249,1.50914,1.50987,1.75,1.75
2015.01.23 18:04:58.350,1.50913,1.50979,2.25,1.75
2015.01.23 18:04:58.450,1.50906,1.50979,1.35,1.75
2015.01.23 18:04:58.551,1.50909,1.50979,1.75,1.75
2015.01.23 18:04:58.652,1.50917,1.5098,1.75,1.37
2015.01.23 18:04:58.854,1.50923,1.50987,2.25,1.37
2015.01.23 18:04:59.391,1.50923,1.50987,2.25,1.00
2015.01.23 18:04:59.959,1.50928,1.50987,1.75,1.00
2015.01.23 18:05:00.603,1.50928,1.50987,2.25,1.00
2015.01.23 18:05:01.107,1.50929,1.50987,1.75,1.00
2015.01.23 18:05:01.627,1.50933,1.50986,1.75,1.00
2015.01.23 18:05:04.082,1.50936,1.50986,1.75,1.00
2015.01.23 18:05:04.283,1.50937,1.50997,1.75,1.37
2015.01.23 18:05:04.384,1.50937,1.50996,1.75,1.00
2015.01.23 18:05:04.788,1.5094,1.50996,1.75,1.00
2015.01.23 18:05:04.940,1.50939,1.51,1.75,0.10
2015.01.23 18:05:05.091,1.50939,1.51,1.75,0.10
2015.01.23 18:05:06.412,1.50948,1.51,2.25,0.10
2015.01.23 18:05:07.795,1.50951,1.51,1.75,0.10
2015.01.23 18:05:08.091,1.50953,1.51,1.50,0.10
2015.01.23 18:05:08.941,1.50946,1.51,3.00,0.10
2015.01.23 18:05:09.515,1.50948,1.51,1.75,0.10
2015.01.23 18:05:11.127,1.50946,1.51,2.25,0.10
2015.01.23 18:05:11.205,1.50946,1.51,2.25,0.10
2015.01.23 18:05:11.832,1.50949,1.51,1.75,0.10
2015.01.23 18:05:12.533,1.50953,1.51,1.75,0.10
2015.01.23 18:05:12.867,1.50953,1.51,1.75,0.10
2015.01.23 18:05:14.357,1.50957,1.51,1.75,0.10
2015.01.23 18:05:14.648,1.50957,1.51,1.50,0.10
2015.01.23 18:05:14.968,1.50955,1.51,1.50,0.10
2015.01.23 18:05:19.482,1.50951,1.51,1.37,0.10
2015.01.23 18:05:19.684,1.50947,1.51,1.50,0.10
2015.01.23 18:05:19.886,1.50947,1.51,1.37,0.10
2015.01.23 18:05:20.264,1.50939,1.50996,2.25,1.00
2015.01.23 18:05:21.087,1.50939,1.50996,2.25,1.00
2015.01.23 18:05:21.138,1.50939,1.51,2.25,0.47
2015.01.23 18:05:21.239,1.50939,1.51,1.87,0.97
2015.01.23 18:05:21.339,1.50932,1.50996,1.50,1.37
2015.01.23 18:05:21.390,1.50932,1.50996,1.75,1.12
2015.01.23 18:05:21.441,1.5093,1.50986,2.25,1.00
2015.01.23 18:05:22.128,1.5093,1.50997,2.25,1.37
2015.01.23 18:05:23.350,1.50931,1.50997,2.25,1.75
2015.01.23 18:05:23.562,1.5093,1.50997,2.25,1.37
2015.01.23 18:05:23.613,1.5093,1.50997,3.00,1.12
2015.01.23 18:05:24.769,1.50938,1.50997,1.75,1.00
2015.01.23 18:05:27.602,1.50939,1.50996,1.75,1.00
2015.01.23 18:05:28.459,1.50939,1.50996,1.00,1.75
2015.01.23 18:05:28.560,1.50931,1.51,1.50,0.85
2015.01.23 18:05:28.660,1.50926,1.50995,1.87,1.75
2015.01.23 18:05:29.164,1.50926,1.5099,1.75,1.37
2015.01.23 18:05:29.391,1.50921,1.50995,1.75,1.75
2015.01.23 18:05:29.491,1.50921,1.50995,1.75,1.37
2015.01.23 18:05:34.388,1.50927,1.50995,1.75,1.75
2015.01.23 18:05:40.520,1.50925,1.50993,1.75,2.25
2015.01.23 18:05:41.038,1.50923,1.50992,1.87,1.75
2015.01.23 18:05:41.140,1.50921,1.50987,1.87,1.37
2015.01.23 18:05:42.550,1.50921,1.50986,1.00,1.37
2015.01.23 18:05:43.025,1.50912,1.50986,2.25,3.00
2015.01.23 18:05:43.126,1.50916,1.50985,1.37,1.50
2015.01.23 18:05:43.277,1.50914,1.50983,1.75,1.75
2015.01.23 18:05:43.585,1.50912,1.50976,2.25,1.75
2015.01.23 18:05:43.636,1.50912,1.50976,2.25,1.75
2015.01.23 18:05:50.204,1.50912,1.50977,2.25,1.37
2015.01.23 18:05:52.370,1.50912,1.50977,2.25,1.75
2015.01.23 18:05:54.684,1.50912,1.50976,2.25,1.37
2015.01.23 18:05:54.785,1.50912,1.50976,2.25,1.37
2015.01.23 18:05:55.510,1.50912,1.50976,1.87,1.75
2015.01.23 18:05:55.836,1.50907,1.50972,1.50,1.75
2015.01.23 18:05:57.841,1.50904,1.50976,1.75,1.75
2015.01.23 18:05:58.145,1.5091,1.50976,1.75,2.25
2015.01.23 18:05:58.509,1.5091,1.50976,1.37,2.25
2015.01.23 18:05:58.610,1.50904,1.50976,1.37,1.75
2015.01.23 18:05:58.913,1.50896,1.5096,1.37,1.75
2015.01.23 18:05:59.215,1.50887,1.50957,1.75,1.75
2015.01.23 18:06:04.760,1.50888,1.50957,1.75,1.50
2015.01.23 18:06:04.861,1.50887,1.50954,1.75,1.75
2015.01.23 18:06:07.872,1.50887,1.50956,1.75,1.75
2015.01.23 18:06:08.024,1.50887,1.50956,1.75,2.25
2015.01.23 18:06:08.125,1.50887,1.50959,1.75,1.75
2015.01.23 18:06:08.427,1.50894,1.50965,2.25,1.75
2015.01.23 18:06:08.581,1.50894,1.50966,2.25,1.75
2015.01.23 18:06:08.833,1.50894,1.50967,2.25,2.25
2015.01.23 18:06:08.933,1.50894,1.50967,2.25,2.25
2015.01.23 18:06:09.035,1.50894,1.50967,2.25,2.25
2015.01.23 18:06:11.119,1.50903,1.50967,1.75,1.00
2015.01.23 18:06:11.679,1.50903,1.50974,2.25,1.75
2015.01.23 18:06:14.511,1.50908,1.50974,1.75,1.50
2015.01.23 18:06:14.941,1.50911,1.50974,1.75,1.37
2015.01.23 18:06:15.142,1.50903,1.50972,2.25,1.37
2015.01.23 18:06:15.243,1.50903,1.50973,2.25,1.37
2015.01.23 18:06:15.445,1.50903,1.50976,2.25,2.25
2015.01.23 18:06:15.546,1.50903,1.50976,3.00,2.25
2015.01.23 18:06:15.880,1.50903,1.50976,3.00,2.25
2015.01.23 18:06:16.070,1.50904,1.50976,1.75,1.87
2015.01.23 18:06:16.353,1.50904,1.50976,1.75,1.87
2015.01.23 18:06:17.369,1.50911,1.50984,1.75,2.25
2015.01.23 18:06:22.157,1.50911,1.50977,1.50,1.75
2015.01.23 18:06:24.977,1.50911,1.50975,1.50,1.75
2015.01.23 18:06:29.969,1.50914,1.50976,1.37,1.75
2015.01.23 18:06:31.560,1.50913,1.50981,1.75,1.75
2015.01.23 18:06:31.677,1.50911,1.50984,1.75,3.00
2015.01.23 18:06:32.593,1.50911,1.50984,1.75,2.25
2015.01.23 18:06:35.278,1.50911,1.50981,1.50,1.75
2015.01.23 18:06:35.585,1.50911,1.50977,1.37,1.75
2015.01.23 18:06:35.848,1.50901,1.50967,1.75,1.75
2015.01.23 18:06:36.000,1.50901,1.50967,1.50,1.75
2015.01.23 18:06:36.369,1.50901,1.50967,1.37,1.75
2015.01.23 18:06:37.872,1.50901,1.50966,1.00,1.75
2015.01.23 18:06:42.700,1.50895,1.50959,1.50,2.25
2015.01.23 18:06:43.710,1.50893,1.50958,1.00,1.75
2015.01.23 18:06:43.912,1.50882,1.50948,1.12,1.75
2015.01.23 18:06:44.013,1.50882,1.50948,1.00,1.75
2015.01.23 18:06:44.215,1.50873,1.50942,1.00,1.00
2015.01.23 18:06:44.265,1.50873,1.50932,1.00,1.00
2015.01.23 18:06:44.316,1.50867,1.5093,1.00,1.00
2015.01.23 18:06:44.417,1.50864,1.5093,1.00,1.00
2015.01.23 18:06:45.289,1.50864,1.5093,1.75,1.37
2015.01.23 18:06:47.644,1.50872,1.50933,1.37,1.75
2015.01.23 18:06:48.371,1.50872,1.50936,1.37,2.25
2015.01.23 18:06:51.221,1.50872,1.50936,1.37,1.75
2015.01.23 18:06:51.624,1.50872,1.50935,1.50,1.75
2015.01.23 18:06:51.918,1.50872,1.50936,1.50,1.75
2015.01.23 18:06:52.019,1.50865,1.50926,1.75,1.37
2015.01.23 18:06:52.220,1.5086,1.50926,1.75,1.37
2015.01.23 18:06:54.538,1.50869,1.50935,1.75,1.75
2015.01.23 18:06:54.639,1.5087,1.50935,1.75,1.37
2015.01.23 18:06:54.740,1.50878,1.50944,1.75,1.87
2015.01.23 18:06:55.042,1.50878,1.50944,1.75,1.37
2015.01.23 18:06:55.143,1.50878,1.50944,1.75,1.12
2015.01.23 18:06:55.244,1.50887,1.50955,1.75,1.75
2015.01.23 18:06:55.345,1.50887,1.50955,1.00,1.00
2015.01.23 18:06:55.496,1.50894,1.50955,1.00,1.00
2015.01.23 18:06:55.546,1.50895,1.50961,1.00,1.00
2015.01.23 18:06:55.849,1.50895,1.50953,1.00,1.00
2015.01.23 18:06:55.950,1.50886,1.50951,1.00,1.37
2015.01.23 18:06:56.000,1.50886,1.50938,1.00,1.00
2015.01.23 18:06:56.051,1.50874,1.50936,1.00,1.00
2015.01.23 18:06:56.101,1.50877,1.50936,1.00,1.00
2015.01.23 18:06:56.152,1.50877,1.50945,1.50,1.50
2015.01.23 18:06:57.278,1.50879,1.50945,1.00,2.25
2015.01.23 18:06:57.581,1.50882,1.50945,1.37,3.00
2015.01.23 18:06:58.130,1.5088,1.50942,1.37,1.75
2015.01.23 18:06:58.231,1.50877,1.5094,1.87,1.75
2015.01.23 18:06:59.526,1.50877,1.50944,1.87,1.75
2015.01.23 18:07:01.039,1.50873,1.50935,1.37,1.75
2015.01.23 18:07:01.140,1.50873,1.50935,1.00,2.25
2015.01.23 18:07:01.240,1.50869,1.50929,1.12,1.75
2015.01.23 18:07:01.731,1.5086,1.50926,1.75,1.75
2015.01.23 18:07:01.832,1.5086,1.50926,1.75,1.50
2015.01.23 18:07:02.171,1.5086,1.50926,1.75,1.75
2015.01.23 18:07:02.473,1.5086,1.50926,1.50,1.75
2015.01.23 18:07:03.134,1.5086,1.50926,1.37,1.75
2015.01.23 18:07:04.178,1.5086,1.50924,1.75,1.37
2015.01.23 18:07:05.247,1.50859,1.50917,1.12,1.50
2015.01.23 18:07:05.550,1.50854,1.50917,1.37,1.50
2015.01.23 18:07:05.980,1.50854,1.50917,1.75,1.37
2015.01.23 18:07:07.483,1.50859,1.50918,1.75,1.37
2015.01.23 18:07:07.684,1.50859,1.50926,2.25,1.75
2015.01.23 18:07:08.150,1.50857,1.50919,1.37,1.75
2015.01.23 18:07:08.251,1.50851,1.50919,2.25,2.25
2015.01.23 18:07:08.570,1.50852,1.50916,1.75,1.37
2015.01.23 18:07:08.771,1.50852,1.50919,1.35,1.87
2015.01.23 18:07:08.980,1.50851,1.50919,2.25,2.25
2015.01.23 18:07:09.570,1.50851,1.50917,3.00,1.75
2015.01.23 18:07:12.790,1.50851,1.50917,2.62,2.25
2015.01.23 18:07:13.092,1.50851,1.50908,1.75,1.12
2015.01.23 18:07:13.480,1.50851,1.50908,1.75,1.00
2015.01.23 18:07:14.178,1.50851,1.50916,1.75,1.12
2015.01.23 18:07:14.279,1.50851,1.50916,1.75,1.00
2015.01.23 18:07:14.380,1.50857,1.50922,1.75,1.37
2015.01.23 18:07:14.481,1.50857,1.5092,1.75,1.37
2015.01.23 18:07:14.582,1.50857,1.50924,1.75,1.37
2015.01.23 18:07:14.704,1.50857,1.50924,1.75,1.37
2015.01.23 18:07:14.972,1.50858,1.50924,1.75,1.37
2015.01.23 18:07:15.180,1.50857,1.50924,1.75,1.37
2015.01.23 18:07:15.281,1.50857,1.50924,1.75,1.37
2015.01.23 18:07:17.714,1.50857,1.50924,2.25,1.37
2015.01.23 18:07:17.871,1.50865,1.50932,1.75,2.25
2015.01.23 18:07:17.922,1.50867,1.50932,1.75,1.87
2015.01.23 18:07:18.990,1.50867,1.50932,1.75,1.50
2015.01.23 18:07:20.391,1.50875,1.50936,1.75,1.37
2015.01.23 18:07:20.694,1.50875,1.50936,1.75,1.12
2015.01.23 18:07:20.845,1.50874,1.50939,1.75,1.12
2015.01.23 18:07:21.137,1.50878,1.50939,1.75,1.37
2015.01.23 18:07:21.933,1.50876,1.50939,1.75,1.37
2015.01.23 18:07:22.441,1.50874,1.50936,1.75,1.12
2015.01.23 18:07:22.713,1.50874,1.50936,2.25,1.12
2015.01.23 18:07:23.741,1.50882,1.50946,1.75,1.00
2015.01.23 18:07:23.842,1.50889,1.50947,1.75,1.00
2015.01.23 18:07:24.463,1.50888,1.50954,2.25,1.75
2015.01.23 18:07:28.687,1.50892,1.50946,1.75,1.00
2015.01.23 18:07:29.079,1.50889,1.50946,1.75,1.37
2015.01.23 18:07:29.586,1.50888,1.50946,1.75,1.37
2015.01.23 18:07:30.552,1.50888,1.50946,1.37,1.37
2015.01.23 18:07:30.905,1.50888,1.50946,1.37,1.87
2015.01.23 18:07:31.582,1.50888,1.50947,1.75,1.37
2015.01.23 18:07:35.912,1.50888,1.50952,1.75,1.75
2015.01.23 18:07:36.604,1.50888,1.50952,1.50,1.50
2015.01.23 18:07:44.120,1.50885,1.50953,1.75,4.50
2015.01.23 18:07:45.168,1.5089,1.50953,1.75,1.87
2015.01.23 18:07:45.369,1.50892,1.5096,1.75,1.37
2015.01.23 18:07:45.671,1.50901,1.50956,1.75,1.00
2015.01.23 18:07:45.823,1.50901,1.50966,1.75,1.37
2015.01.23 18:07:47.777,1.50909,1.50967,1.12,1.75
2015.01.23 18:07:47.878,1.50902,1.50967,1.37,1.75
2015.01.23 18:07:48.268,1.50902,1.50956,1.12,1.37
2015.01.23 18:07:48.853,1.50902,1.50956,1.37,1.00
2015.01.23 18:07:49.679,1.50902,1.50957,1.37,1.00
2015.01.23 18:07:50.373,1.50902,1.50957,1.37,1.00
2015.01.23 18:07:53.278,1.50902,1.50947,1.37,1.00
2015.01.23 18:07:53.379,1.50902,1.50947,1.00,1.00
2015.01.23 18:07:53.430,1.50901,1.50956,1.12,1.37
2015.01.23 18:07:53.581,1.50892,1.50956,2.25,1.37
2015.01.23 18:07:53.681,1.50892,1.50956,1.87,1.37
2015.01.23 18:07:54.310,1.50892,1.50946,1.87,1.00
2015.01.23 18:07:55.283,1.50892,1.50946,2.25,1.00
2015.01.23 18:07:55.918,1.50892,1.50947,2.25,1.00
2015.01.23 18:07:56.412,1.50893,1.50947,1.75,1.00
2015.01.23 18:07:56.512,1.50892,1.50956,2.25,1.37
2015.01.23 18:07:56.815,1.50892,1.50957,1.87,1.75
2015.01.23 18:07:57.345,1.50892,1.50946,1.87,1.00
2015.01.23 18:08:01.703,1.50884,1.50946,1.75,1.37
2015.01.23 18:08:06.740,1.50883,1.50946,1.75,1.37
2015.01.23 18:08:09.496,1.50883,1.50946,1.75,1.00
2015.01.23 18:08:09.597,1.50894,1.50946,1.50,1.00
2015.01.23 18:08:10.114,1.50891,1.50947,1.75,1.00
2015.01.23 18:08:10.598,1.50891,1.50947,1.75,1.00
2015.01.23 18:08:10.699,1.50891,1.50946,1.37,1.00
2015.01.23 18:08:11.607,1.5089,1.50946,1.12,1.75
2015.01.23 18:08:11.708,1.50884,1.50946,1.75,1.37
2015.01.23 18:08:11.909,1.50883,1.50936,1.75,1.00
2015.01.23 18:08:12.857,1.50883,1.50937,1.75,1.00
2015.01.23 18:08:13.912,1.50883,1.50937,1.75,1.00
2015.01.23 18:08:14.138,1.50883,1.50943,1.75,1.37
2015.01.23 18:08:14.239,1.50883,1.50943,2.25,1.37
2015.01.23 18:08:14.407,1.50883,1.50946,2.25,1.87
2015.01.23 18:08:15.067,1.50883,1.50936,1.75,1.00
2015.01.23 18:08:15.301,1.50883,1.50946,1.75,1.37
2015.01.23 18:08:16.145,1.50891,1.50946,1.75,1.00
2015.01.23 18:08:16.196,1.50891,1.50949,2.25,1.37
2015.01.23 18:08:16.246,1.50896,1.50949,1.50,1.00
2015.01.23 18:08:16.297,1.50896,1.50954,1.50,1.12
2015.01.23 18:08:16.347,1.50891,1.50954,1.75,1.37
2015.01.23 18:08:16.671,1.50891,1.50946,1.75,1.00
2015.01.23 18:08:17.114,1.50891,1.50946,1.75,1.00
2015.01.23 18:08:18.724,1.50891,1.50951,1.50,1.75
2015.01.23 18:08:18.825,1.50891,1.50946,1.75,1.00
2015.01.23 18:08:18.926,1.50891,1.50946,1.75,1.00
2015.01.23 18:08:19.027,1.50891,1.50952,1.75,1.37
2015.01.23 18:08:19.128,1.50891,1.50956,1.75,1.75
2015.01.23 18:08:19.542,1.50891,1.50947,1.75,1.00
2015.01.23 18:08:20.621,1.50891,1.50947,1.75,1.00
2015.01.23 18:08:22.024,1.50894,1.50947,1.37,1.00
2015.01.23 18:08:25.368,1.50881,1.50944,2.25,1.00
2015.01.23 18:08:25.470,1.50881,1.50937,1.00,1.37
2015.01.23 18:08:25.571,1.50872,1.50938,1.37,1.75
2015.01.23 18:08:25.621,1.50872,1.50926,1.37,1.00
2015.01.23 18:08:25.923,1.50872,1.50926,1.75,1.00
2015.01.23 18:08:25.974,1.50872,1.50926,1.37,1.00
2015.01.23 18:08:26.233,1.50872,1.50927,1.50,1.00
2015.01.23 18:08:26.737,1.50872,1.50927,1.37,1.37
2015.01.23 18:08:27.085,1.50872,1.50926,1.37,1.37
2015.01.23 18:08:27.276,1.5087,1.50926,1.50,1.00
2015.01.23 18:08:27.336,1.5087,1.50926,1.75,1.00
2015.01.23 18:08:27.661,1.50874,1.50927,1.75,1.00
2015.01.23 18:08:27.762,1.50873,1.50927,1.37,1.00
2015.01.23 18:08:27.863,1.50874,1.50931,1.37,1.37
2015.01.23 18:08:28.162,1.50866,1.50926,1.75,1.00
2015.01.23 18:08:28.842,1.50873,1.50931,1.37,1.37
2015.01.23 18:08:28.943,1.50873,1.50931,1.75,1.00
2015.01.23 18:08:29.106,1.50878,1.50937,1.35,1.37
2015.01.23 18:08:29.380,1.50877,1.5094,1.35,1.37
2015.01.23 18:08:29.481,1.50888,1.50948,1.75,1.67
2015.01.23 18:08:29.784,1.50892,1.50957,2.25,1.94
2015.01.23 18:08:29.986,1.509,1.50967,1.75,1.75
2015.01.23 18:08:30.647,1.509,1.50966,1.50,1.75
2015.01.23 18:08:33.469,1.509,1.50963,1.37,1.75
2015.01.23 18:08:33.584,1.509,1.50963,1.12,1.75
2015.01.23 18:08:33.785,1.50893,1.50959,1.75,1.75
2015.01.23 18:08:33.987,1.509,1.50967,1.37,2.25
2015.01.23 18:08:34.691,1.509,1.50967,1.75,2.25
2015.01.23 18:08:37.310,1.50903,1.50966,1.75,1.37
2015.01.23 18:08:37.612,1.50909,1.50976,1.75,1.87
2015.01.23 18:08:38.802,1.50915,1.50976,1.75,1.87
2015.01.23 18:08:41.376,1.50919,1.5098,1.37,1.75
2015.01.23 18:08:41.689,1.50917,1.50976,1.75,1.00
2015.01.23 18:08:41.739,1.50919,1.50983,1.75,1.50
2015.01.23 18:08:41.790,1.50919,1.50983,1.75,1.00
2015.01.23 18:08:41.891,1.50926,1.50992,1.75,1.75
2015.01.23 18:08:42.093,1.50926,1.50992,1.00,1.00
2015.01.23 18:08:42.244,1.50932,1.51,1.50,0.10
2015.01.23 18:08:42.999,1.50941,1.51,1.00,0.10
2015.01.23 18:08:43.827,1.50941,1.51,1.00,0.85
2015.01.23 18:08:43.928,1.50933,1.50997,1.00,1.75
2015.01.23 18:08:44.230,1.50933,1.50997,1.12,1.75
2015.01.23 18:08:44.358,1.50933,1.50997,1.37,1.75
2015.01.23 18:08:44.459,1.50933,1.50997,1.00,1.75
2015.01.23 18:08:45.897,1.50933,1.50996,1.50,1.75
2015.01.23 18:08:46.099,1.50933,1.50999,1.75,1.75
2015.01.23 18:08:47.719,1.50933,1.50999,1.50,1.75
2015.01.23 18:08:47.921,1.50933,1.50999,1.00,1.75
2015.01.23 18:08:48.425,1.50933,1.50996,1.00,1.75
2015.01.23 18:08:48.526,1.50931,1.50992,1.12,1.75
2015.01.23 18:08:49.808,1.50925,1.50991,1.37,1.75
2015.01.23 18:08:50.137,1.50918,1.50986,1.75,1.75
2015.01.23 18:08:50.506,1.5092,1.50987,1.75,1.75
2015.01.23 18:08:51.417,1.50918,1.50987,1.75,1.75
2015.01.23 18:08:51.719,1.50921,1.50986,1.75,1.50
2015.01.23 18:08:52.343,1.50915,1.50992,1.75,1.75
2015.01.23 18:08:52.728,1.50925,1.5099,1.75,1.37
2015.01.23 18:08:53.040,1.50926,1.50992,1.75,1.37
2015.01.23 18:08:53.141,1.50917,1.50996,1.75,1.37
2015.01.23 18:08:53.242,1.50927,1.50998,1.75,1.00
2015.01.23 18:08:53.292,1.50938,1.51,1.75,1.10
2015.01.23 18:08:53.343,1.50938,1.51,1.75,1.10
2015.01.23 18:08:53.444,1.50931,1.51,1.00,0.10
2015.01.23 18:08:53.495,1.50927,1.51,1.12,0.10
2015.01.23 18:08:53.595,1.50919,1.50992,1.00,1.00
2015.01.23 18:08:53.898,1.5093,1.50996,1.12,1.00
2015.01.23 18:08:54.403,1.50931,1.50996,1.00,1.00
2015.01.23 18:08:54.752,1.50937,1.51,1.50,0.10
2015.01.23 18:08:55.127,1.50937,1.51,2.25,0.85
2015.01.23 18:08:57.245,1.50937,1.51,2.25,0.85
2015.01.23 18:08:57.346,1.50937,1.51,2.25,0.97
2015.01.23 18:08:57.666,1.50937,1.51,2.62,0.47
2015.01.23 18:08:57.921,1.50937,1.51,2.25,0.85
2015.01.23 18:08:58.072,1.50929,1.50995,1.37,1.50
2015.01.23 18:08:58.323,1.50929,1.50995,1.75,1.50
2015.01.23 18:08:58.646,1.50929,1.50995,1.37,1.75
2015.01.23 18:08:59.024,1.50929,1.50995,1.37,1.75
2015.01.23 18:08:59.125,1.50929,1.50992,1.00,1.75
2015.01.23 18:08:59.176,1.50919,1.50987,1.50,1.75
2015.01.23 18:08:59.277,1.50918,1.50987,1.37,1.75
2015.01.23 18:08:59.529,1.50918,1.50987,1.75,1.75
2015.01.23 18:08:59.630,1.50918,1.50987,1.75,1.37
2015.01.23 18:09:01.256,1.50918,1.50987,1.75,1.75
2015.01.23 18:09:01.670,1.50918,1.50987,1.75,1.50
2015.01.23 18:09:02.834,1.50923,1.50987,1.75,1.37
2015.01.23 18:09:03.140,1.50922,1.50987,1.75,1.37
2015.01.23 18:09:03.542,1.50922,1.50987,1.75,1.50
2015.01.23 18:09:05.265,1.50918,1.50984,1.75,1.50
2015.01.23 18:09:05.365,1.50911,1.50979,2.25,2.25
2015.01.23 18:09:05.567,1.50914,1.50979,1.37,1.50
2015.01.23 18:09:05.617,1.50911,1.50977,1.87,1.00
2015.01.23 18:09:05.944,1.50911,1.50976,1.87,1.50
2015.01.23 18:09:06.259,1.50904,1.5097,1.50,1.75
2015.01.23 18:09:06.360,1.50904,1.5097,1.12,1.75
2015.01.23 18:09:06.464,1.50904,1.50968,1.00,1.75
2015.01.23 18:09:06.515,1.50895,1.50963,1.75,1.75
2015.01.23 18:09:06.565,1.50895,1.50963,1.75,1.75
2015.01.23 18:09:06.778,1.50895,1.50963,1.75,1.37
2015.01.23 18:09:06.879,1.50895,1.50963,1.75,1.00
2015.01.23 18:09:07.182,1.50904,1.5097,2.25,1.75
2015.01.23 18:09:07.648,1.50904,1.5097,2.25,1.37
2015.01.23 18:09:07.758,1.50904,1.5097,2.25,1.50
2015.01.23 18:09:08.589,1.50904,1.5097,3.75,1.37
2015.01.23 18:09:09.080,1.50904,1.5097,3.75,1.75
2015.01.23 18:09:10.086,1.50904,1.5097,2.25,1.37
2015.01.23 18:09:10.187,1.50904,1.5097,2.25,1.75
2015.01.23 18:09:10.288,1.50904,1.5097,2.25,1.50
2015.01.23 18:09:10.490,1.50905,1.5097,1.75,1.37
2015.01.23 18:09:10.694,1.50913,1.50977,1.75,1.37
2015.01.23 18:09:12.596,1.50913,1.50977,1.75,1.00
2015.01.23 18:09:12.899,1.50926,1.50982,1.37,1.37
2015.01.23 18:09:13.220,1.50926,1.50976,1.37,1.00
2015.01.23 18:09:13.757,1.50921,1.50976,1.37,1.00
2015.01.23 18:09:14.116,1.50921,1.50976,1.37,1.00
2015.01.23 18:09:14.235,1.50921,1.50986,1.37,1.37
2015.01.23 18:09:14.286,1.50921,1.50977,1.37,1.00
2015.01.23 18:09:14.852,1.50921,1.50977,1.00,1.00
2015.01.23 18:09:15.157,1.50921,1.50986,1.37,1.75
2015.01.23 18:09:15.257,1.50924,1.50986,1.00,1.75
2015.01.23 18:09:16.810,1.50923,1.50987,1.00,2.25
2015.01.23 18:09:17.723,1.50923,1.50985,1.00,1.37
2015.01.23 18:09:18.229,1.50923,1.50987,1.00,1.87
2015.01.23 18:09:19.033,1.50921,1.50977,1.37,1.00
2015.01.23 18:09:19.436,1.50921,1.50977,1.37,1.00
2015.01.23 18:09:19.835,1.50921,1.50977,1.12,1.00
2015.01.23 18:09:20.371,1.50921,1.50976,1.12,1.00
2015.01.23 18:09:20.542,1.50921,1.50976,1.75,1.00
2015.01.23 18:09:20.643,1.50922,1.50976,1.97,1.00
2015.01.23 18:09:20.747,1.50922,1.50976,1.37,1.00
2015.01.23 18:09:24.419,1.50921,1.50977,1.37,1.00
2015.01.23 18:09:24.549,1.50921,1.50977,1.12,1.00
2015.01.23 18:09:25.238,1.50921,1.50976,1.12,1.00
2015.01.23 18:09:25.781,1.50921,1.50976,1.37,1.00
2015.01.23 18:09:26.399,1.50915,1.50976,1.50,1.00
2015.01.23 18:09:26.519,1.50914,1.50976,1.12,1.37
2015.01.23 18:09:26.570,1.50914,1.50972,1.00,1.37
2015.01.23 18:09:26.620,1.50912,1.50972,1.12,1.37
2015.01.23 18:09:26.936,1.50905,1.50967,1.75,1.00
2015.01.23 18:09:27.256,1.50911,1.50966,1.35,1.00
2015.01.23 18:09:27.485,1.50914,1.50972,1.50,1.00
2015.01.23 18:09:27.639,1.50914,1.50976,1.50,1.00
2015.01.23 18:09:28.903,1.50914,1.50976,1.37,1.12
2015.01.23 18:09:31.605,1.50914,1.50976,1.37,1.37
2015.01.23 18:09:32.390,1.50914,1.50976,1.00,1.37
2015.01.23 18:09:32.543,1.50914,1.50976,1.12,1.37
2015.01.23 18:09:32.695,1.50914,1.50979,1.75,1.00
2015.01.23 18:09:32.998,1.50916,1.50979,1.75,1.00
2015.01.23 18:09:33.509,1.50918,1.50979,1.75,1.00
2015.01.23 18:09:34.865,1.50927,1.50979,1.00,1.00
2015.01.23 18:09:34.916,1.50927,1.50989,1.75,1.00
2015.01.23 18:09:35.067,1.50943,1.50989,1.00,1.00
2015.01.23 18:09:35.891,1.50943,1.50998,1.00,1.50
2015.01.23 18:09:36.042,1.50943,1.50998,1.00,1.75
2015.01.23 18:09:38.135,1.50934,1.50996,1.00,1.50
2015.01.23 18:09:38.538,1.50934,1.50996,1.00,1.75
2015.01.23 18:09:38.848,1.50933,1.50997,1.00,1.75
2015.01.23 18:09:39.351,1.50934,1.50987,1.00,1.00
2015.01.23 18:09:40.777,1.50933,1.50987,1.00,1.00
2015.01.23 18:09:41.460,1.50934,1.50987,1.00,1.00
2015.01.23 18:09:42.452,1.50934,1.50987,1.37,1.00
2015.01.23 18:09:42.603,1.50933,1.50996,1.37,1.00
2015.01.23 18:09:42.654,1.50935,1.50996,1.97,1.00
2015.01.23 18:09:42.982,1.50943,1.50996,1.00,1.00
2015.01.23 18:09:43.085,1.50935,1.50996,1.97,1.50
2015.01.23 18:09:43.195,1.50944,1.50996,1.00,1.00
2015.01.23 18:09:43.855,1.50943,1.50996,1.00,1.00
2015.01.23 18:09:44.405,1.50944,1.50996,1.00,1.00
2015.01.23 18:09:45.091,1.50943,1.50996,1.00,1.00
2015.01.23 18:09:45.624,1.5095,1.51,2.10,0.10
2015.01.23 18:09:45.976,1.50964,1.51,1.00,0.10
2015.01.23 18:09:46.077,1.50957,1.51,1.37,0.10
2015.01.23 18:09:46.178,1.50951,1.51,1.37,0.10
2015.01.23 18:09:46.279,1.50948,1.51,1.87,0.10
2015.01.23 18:09:47.060,1.50948,1.51,1.12,0.10
2015.01.23 18:09:47.212,1.50944,1.50998,1.00,1.00
2015.01.23 18:09:47.313,1.50936,1.50998,1.82,1.37
2015.01.23 18:09:47.525,1.50943,1.50998,1.00,1.37
2015.01.23 18:09:47.705,1.50938,1.50998,1.10,1.37
2015.01.23 18:09:48.679,1.50938,1.50998,1.00,1.37
2015.01.23 18:09:49.571,1.50937,1.50998,1.00,1.37
2015.01.23 18:09:51.699,1.50941,1.50998,1.00,1.37
2015.01.23 18:09:52.096,1.5094,1.50998,1.12,1.00
2015.01.23 18:09:52.147,1.50944,1.51,1.00,0.10
2015.01.23 18:09:52.449,1.50947,1.51,1.37,0.10
2015.01.23 18:09:52.944,1.50947,1.51,1.50,0.10
2015.01.23 18:09:54.924,1.50947,1.51,1.87,0.10
2015.01.23 18:09:55.112,1.50947,1.51,1.50,0.10
2015.01.23 18:09:55.236,1.50947,1.51,1.87,0.10
2015.01.23 18:09:55.560,1.50947,1.51,2.25,0.10
2015.01.23 18:09:55.937,1.50951,1.51,1.75,0.10
2015.01.23 18:09:56.039,1.50947,1.51,2.25,0.10
2015.01.23 18:09:57.049,1.50947,1.51,1.75,0.10
2015.01.23 18:09:57.626,1.50947,1.51,1.37,0.10
2015.01.23 18:09:58.435,1.50949,1.51,1.75,0.10
2015.01.23 18:09:58.938,1.50956,1.51,1.37,0.10
2015.01.23 18:09:59.039,1.50956,1.51,1.87,0.10
2015.01.23 18:10:00.736,1.50956,1.51,1.37,0.10
2015.01.23 18:10:00.836,1.50958,1.51,1.75,0.10
2015.01.23 18:10:00.937,1.50956,1.51,1.87,0.10
2015.01.23 18:10:01.139,1.50958,1.51,1.00,0.10
2015.01.23 18:10:01.671,1.50956,1.51,1.87,0.10
2015.01.23 18:10:02.467,1.50956,1.51,1.12,0.10
2015.01.23 18:10:08.144,1.50955,1.51,1.12,0.10
2015.01.23 18:10:08.667,1.50954,1.51,1.00,0.10
2015.01.23 18:10:09.175,1.50954,1.51,1.37,0.10
2015.01.23 18:10:10.985,1.50946,1.51,1.75,0.10
2015.01.23 18:10:11.086,1.50955,1.51,1.50,0.10
2015.01.23 18:10:11.187,1.50955,1.51,1.87,0.10
2015.01.23 18:10:12.115,1.50948,1.51,1.50,0.10
2015.01.23 18:10:16.143,1.50952,1.51,1.37,0.10
2015.01.23 18:10:17.103,1.50953,1.51,2.25,0.10
2015.01.23 18:10:17.516,1.50954,1.51,2.25,0.10
2015.01.23 18:10:17.919,1.50953,1.51,2.25,0.10
2015.01.23 18:10:18.465,1.50957,1.51,1.75,0.10
2015.01.23 18:10:18.666,1.50962,1.51,1.00,0.10
2015.01.23 18:10:19.027,1.50962,1.51,1.75,0.10
2015.01.23 18:10:19.128,1.50962,1.51,1.75,0.10
2015.01.23 18:10:19.678,1.50962,1.51,1.50,0.10
2015.01.23 18:10:20.191,1.50962,1.51,1.37,0.10
2015.01.23 18:10:20.343,1.50962,1.51,1.12,0.10
2015.01.23 18:10:20.589,1.50953,1.51,1.00,0.97
2015.01.23 18:10:20.885,1.50939,1.51,1.37,0.97
2015.01.23 18:10:21.351,1.50934,1.50995,1.50,1.75
2015.01.23 18:10:21.401,1.50943,1.50994,1.00,1.75
2015.01.23 18:10:21.553,1.50944,1.50994,1.00,1.50
2015.01.23 18:10:21.654,1.50934,1.50994,1.37,1.50
2015.01.23 18:10:21.754,1.50934,1.50994,1.37,1.37
2015.01.23 18:10:21.956,1.50934,1.50994,1.37,1.50
2015.01.23 18:10:24.186,1.50934,1.50994,1.75,1.12
2015.01.23 18:10:24.799,1.50934,1.50994,1.37,1.37
2015.01.23 18:10:27.867,1.50933,1.50994,1.37,1.75
2015.01.23 18:10:28.569,1.50933,1.50994,1.00,1.75
2015.01.23 18:10:30.735,1.50934,1.50993,1.00,1.75
2015.01.23 18:10:34.366,1.50933,1.50992,1.00,1.75
2015.01.23 18:10:34.517,1.50933,1.50994,1.37,1.37
2015.01.23 18:10:34.739,1.50933,1.50994,1.37,1.75
2015.01.23 18:10:35.148,1.50933,1.50994,1.37,1.75
2015.01.23 18:10:36.432,1.50933,1.50994,1.00,1.75
2015.01.23 18:10:38.544,1.50934,1.50994,1.00,1.75
2015.01.23 18:10:38.671,1.50934,1.50994,1.00,1.75
2015.01.23 18:10:39.389,1.50934,1.50994,1.12,1.75
2015.01.23 18:10:40.665,1.50933,1.50993,1.00,1.35
2015.01.23 18:10:40.766,1.50933,1.50993,1.12,1.35
2015.01.23 18:10:41.432,1.50938,1.50996,1.00,1.75
2015.01.23 18:10:41.482,1.50938,1.50997,2.25,1.00
2015.01.23 18:10:41.583,1.50944,1.51,1.37,0.10
2015.01.23 18:10:42.092,1.50944,1.51,1.50,0.10
2015.01.23 18:10:42.737,1.50944,1.51,1.75,0.10
2015.01.23 18:10:44.295,1.50945,1.51,1.87,0.47
2015.01.23 18:10:44.446,1.50943,1.51,1.00,0.47
2015.01.23 18:10:44.860,1.50944,1.51,1.00,0.85
2015.01.23 18:10:46.271,1.50944,1.51,1.00,0.85
2015.01.23 18:10:46.716,1.50944,1.51,1.00,0.47
2015.01.23 18:10:47.586,1.50944,1.51,1.00,0.85
2015.01.23 18:10:48.997,1.50937,1.50976,1.00,1.00
2015.01.23 18:10:49.457,1.50928,1.50976,1.75,1.00
2015.01.23 18:10:50.024,1.50928,1.50977,2.25,1.00
2015.01.23 18:10:50.534,1.50928,1.50976,2.25,1.00
2015.01.23 18:10:50.736,1.50928,1.50976,2.25,1.00
2015.01.23 18:10:51.422,1.50928,1.50976,2.25,1.00
2015.01.23 18:10:51.852,1.50935,1.50976,1.35,1.00
2015.01.23 18:10:52.243,1.50936,1.50976,1.35,1.00
2015.01.23 18:10:53.064,1.50936,1.50977,1.35,1.00
2015.01.23 18:10:53.233,1.50935,1.50977,1.72,1.00
2015.01.23 18:10:53.336,1.50933,1.50976,1.35,1.00
2015.01.23 18:10:53.639,1.50926,1.50967,1.30,1.00
2015.01.23 18:10:53.740,1.50926,1.50956,1.30,1.00
2015.01.23 18:10:57.154,1.50917,1.50956,1.75,1.00
2015.01.23 18:10:57.356,1.50914,1.50956,1.35,1.00
2015.01.23 18:10:57.686,1.50914,1.50967,1.35,1.00
2015.01.23 18:11:04.297,1.50911,1.50966,1.35,1.37
2015.01.23 18:11:04.398,1.50911,1.50947,1.97,1.00
2015.01.23 18:11:05.053,1.50907,1.50946,1.35,1.00
2015.01.23 18:11:05.606,1.50907,1.50956,1.35,1.00
2015.01.23 18:11:06.114,1.50907,1.50957,1.35,1.00
2015.01.23 18:11:08.705,1.50913,1.50957,1.35,1.00
2015.01.23 18:11:09.024,1.50914,1.50967,1.35,1.00
2015.01.23 18:11:09.504,1.50914,1.50967,1.30,1.37
2015.01.23 18:11:09.605,1.50908,1.50957,1.35,1.00
2015.01.23 18:11:12.897,1.50914,1.50956,1.30,1.00
2015.01.23 18:11:13.634,1.50906,1.50957,1.35,1.00
2015.01.23 18:11:15.284,1.50906,1.50947,1.35,1.00
2015.01.23 18:11:16.095,1.50906,1.50957,1.35,1.00
2015.01.23 18:11:18.806,1.50906,1.50946,1.35,1.00
2015.01.23 18:11:20.902,1.50899,1.50946,1.50,1.37
2015.01.23 18:11:21.003,1.50887,1.50946,1.37,2.25
2015.01.23 18:11:21.170,1.50876,1.50936,1.75,1.12
2015.01.23 18:11:21.220,1.50871,1.50936,1.35,1.87
2015.01.23 18:11:21.422,1.50868,1.50936,2.25,1.50
2015.01.23 18:11:21.573,1.50872,1.50936,1.00,1.50
2015.01.23 18:11:21.925,1.50868,1.50934,1.50,1.00
2015.01.23 18:11:21.976,1.50868,1.50928,1.00,1.00
2015.01.23 18:11:22.519,1.5086,1.50928,2.25,1.50
2015.01.23 18:11:22.826,1.5086,1.50928,1.50,1.50
2015.01.23 18:11:23.710,1.5086,1.50928,1.87,2.25
2015.01.23 18:11:26.241,1.5086,1.50922,2.25,1.37
2015.01.23 18:11:27.461,1.50863,1.50928,1.75,2.25
2015.01.23 18:11:27.765,1.50869,1.50929,1.37,1.75
2015.01.23 18:11:28.575,1.50869,1.50936,1.12,1.75
2015.01.23 18:11:28.676,1.50869,1.50936,1.37,2.25
2015.01.23 18:11:28.928,1.50869,1.50928,1.12,1.75
2015.01.23 18:11:31.254,1.50869,1.50924,1.00,1.75
2015.01.23 18:11:31.556,1.50869,1.50922,1.00,1.75
2015.01.23 18:11:31.970,1.50869,1.50922,1.00,1.75
2015.01.23 18:11:35.749,1.50869,1.50918,1.00,1.37
2015.01.23 18:11:37.156,1.50869,1.50925,1.00,1.75
2015.01.23 18:11:38.075,1.50869,1.50925,1.00,1.75
2015.01.23 18:11:38.176,1.50869,1.50919,1.00,1.75
2015.01.23 18:11:38.277,1.50861,1.50919,1.12,1.75
2015.01.23 18:11:40.883,1.50861,1.50918,1.37,1.00
2015.01.23 18:11:41.423,1.50861,1.50926,1.37,2.25
2015.01.23 18:11:41.705,1.50861,1.50926,1.37,1.37
2015.01.23 18:11:41.806,1.50863,1.50927,1.75,1.37
2015.01.23 18:11:42.108,1.50867,1.50936,2.25,3.00
2015.01.23 18:11:42.380,1.50867,1.50936,1.87,3.00
2015.01.23 18:11:42.780,1.50867,1.50936,1.87,3.00
2015.01.23 18:11:49.099,1.50867,1.50928,1.87,1.75
2015.01.23 18:11:49.607,1.50867,1.50928,2.25,1.37
2015.01.23 18:11:49.909,1.50876,1.50942,1.37,2.25
2015.01.23 18:11:55.218,1.50883,1.50939,1.00,1.75
2015.01.23 18:11:55.268,1.50883,1.50939,1.12,1.50
2015.01.23 18:12:02.964,1.50883,1.50936,1.00,1.75
2015.01.23 18:12:03.116,1.50873,1.50932,1.37,1.75
2015.01.23 18:12:03.368,1.50873,1.50936,1.12,1.75
2015.01.23 18:12:09.744,1.50866,1.50932,1.75,2.25
2015.01.23 18:12:09.795,1.50865,1.50932,1.75,1.50
2015.01.23 18:12:10.097,1.50865,1.50932,1.75,1.37
2015.01.23 18:12:10.817,1.50872,1.50936,2.25,1.37
2015.01.23 18:12:11.154,1.50872,1.50936,1.87,1.75
2015.01.23 18:12:11.313,1.50872,1.50929,1.87,1.75
2015.01.23 18:12:12.424,1.50865,1.50932,1.75,1.75
2015.01.23 18:12:12.626,1.50865,1.50931,1.75,1.75
2015.01.23 18:12:13.273,1.50857,1.50923,1.75,1.50
2015.01.23 18:12:13.584,1.50857,1.50923,1.75,1.75
2015.01.23 18:12:14.746,1.50857,1.50923,1.75,1.75
2015.01.23 18:12:16.338,1.50861,1.50923,1.50,1.75
2015.01.23 18:12:18.567,1.50858,1.50922,1.37,1.75
2015.01.23 18:12:18.899,1.50857,1.50906,1.37,1.00
2015.01.23 18:12:19.554,1.50857,1.50917,1.37,1.75
2015.01.23 18:12:19.683,1.50857,1.50916,1.50,1.37
2015.01.23 18:12:19.895,1.50858,1.50906,1.50,1.00
2015.01.23 18:12:20.702,1.50857,1.50906,1.37,1.00
2015.01.23 18:12:20.803,1.50857,1.50906,1.50,1.00
2015.01.23 18:12:21.388,1.50857,1.50906,1.37,1.00
2015.01.23 18:12:21.913,1.50857,1.50906,1.37,1.00
2015.01.23 18:12:22.014,1.50857,1.50916,1.12,1.37
2015.01.23 18:12:22.115,1.50857,1.50916,1.37,1.75
2015.01.23 18:12:22.418,1.50857,1.50907,1.12,1.00
2015.01.23 18:12:22.889,1.50857,1.50907,1.37,1.00
2015.01.23 18:12:23.818,1.50857,1.50907,1.12,1.00
2015.01.23 18:12:25.824,1.50857,1.50906,1.00,1.00
2015.01.23 18:12:26.299,1.50857,1.50906,1.75,1.00
2015.01.23 18:12:26.400,1.50857,1.5092,1.75,1.37
2015.01.23 18:12:26.451,1.50857,1.5092,1.37,1.37
2015.01.23 18:12:29.109,1.50857,1.50923,1.37,1.37
2015.01.23 18:12:29.659,1.50857,1.50923,1.87,1.37
2015.01.23 18:12:30.312,1.50857,1.50923,2.25,1.37
2015.01.23 18:12:31.717,1.50857,1.50923,2.25,1.37
2015.01.23 18:12:32.825,1.50857,1.50923,1.37,1.75
2015.01.23 18:12:33.148,1.50852,1.50917,1.75,2.25
2015.01.23 18:12:33.352,1.50852,1.50913,1.75,1.37
2015.01.23 18:12:33.453,1.50848,1.50907,2.25,1.37
2015.01.23 18:12:35.759,1.50853,1.50907,1.75,1.00
2015.01.23 18:12:35.980,1.50858,1.5092,1.75,1.37
2015.01.23 18:12:36.678,1.50857,1.50923,1.75,1.75
2015.01.23 18:12:37.073,1.50857,1.50923,1.37,1.75
2015.01.23 18:12:38.904,1.50857,1.50923,1.37,2.25
2015.01.23 18:12:39.207,1.50857,1.50922,1.50,1.75
2015.01.23 18:12:39.408,1.50857,1.5092,1.50,1.75
2015.01.23 18:12:39.904,1.50857,1.50917,1.37,1.75
2015.01.23 18:12:43.482,1.50857,1.50916,1.75,1.37
2015.01.23 18:12:43.784,1.50864,1.5093,2.25,1.75
2015.01.23 18:12:44.134,1.50864,1.50931,1.75,1.75
2015.01.23 18:12:51.799,1.50864,1.50931,1.75,1.75
2015.01.23 18:12:59.062,1.5087,1.50931,1.75,1.37
2015.01.23 18:12:59.516,1.50872,1.50932,1.75,1.00
2015.01.23 18:12:59.834,1.50872,1.50938,1.75,1.37
2015.01.23 18:13:00.453,1.50872,1.50938,3.00,1.75
2015.01.23 18:13:02.274,1.50872,1.50938,1.75,1.50
2015.01.23 18:13:03.772,1.50872,1.50938,1.75,2.25
2015.01.23 18:13:03.882,1.50872,1.50935,1.37,1.75
2015.01.23 18:13:04.083,1.50872,1.50931,1.37,1.75
2015.01.23 18:13:04.844,1.50872,1.50931,1.37,1.50
2015.01.23 18:13:23.783,1.50872,1.50934,1.75,1.37
2015.01.23 18:13:26.418,1.50872,1.50938,2.25,3.00
2015.01.23 18:13:26.901,1.50872,1.50935,1.75,1.87
2015.01.23 18:13:27.203,1.50881,1.50937,1.37,1.37
2015.01.23 18:13:27.540,1.50881,1.50946,1.75,1.75
2015.01.23 18:13:34.562,1.50881,1.50946,1.75,1.75
2015.01.23 18:13:35.757,1.50881,1.50947,1.75,2.25
2015.01.23 18:13:42.102,1.50881,1.50946,2.25,1.50
2015.01.23 18:13:44.007,1.50881,1.50946,1.75,1.75
2015.01.23 18:13:44.265,1.50856,1.50925,1.75,1.75
2015.01.23 18:13:44.366,1.50856,1.50925,1.75,1.75
2015.01.23 18:13:44.467,1.50856,1.50925,1.50,1.75
2015.01.23 18:13:44.770,1.50856,1.50917,1.75,1.12
2015.01.23 18:13:45.451,1.50856,1.50917,1.75,1.00
2015.01.23 18:13:46.532,1.50856,1.50917,1.75,1.00
2015.01.23 18:13:46.882,1.50856,1.50917,1.75,1.00
2015.01.23 18:13:46.983,1.50856,1.50915,2.25,1.37
2015.01.23 18:13:47.392,1.50849,1.50917,3.00,1.87
2015.01.23 18:13:50.458,1.50853,1.50917,1.75,1.50
2015.01.23 18:13:50.911,1.50853,1.50917,2.25,1.50
2015.01.23 18:13:51.535,1.50858,1.50924,1.75,1.75
2015.01.23 18:13:51.686,1.50858,1.50924,1.75,1.37
2015.01.23 18:13:52.777,1.50858,1.50924,1.75,1.50
2015.01.23 18:13:53.283,1.50863,1.50922,1.75,1.37
2015.01.23 18:13:53.621,1.50861,1.50916,1.75,1.00
2015.01.23 18:13:53.805,1.50858,1.50916,1.75,1.00
2015.01.23 18:13:54.134,1.50858,1.50916,1.75,1.37
2015.01.23 18:13:58.058,1.50849,1.50915,1.75,1.87
2015.01.23 18:13:58.160,1.50849,1.50915,1.50,2.25
2015.01.23 18:14:02.336,1.50849,1.50906,1.37,2.25
2015.01.23 18:14:07.092,1.50845,1.5089,1.00,1.00
2015.01.23 18:14:07.142,1.50843,1.5089,1.12,1.00
2015.01.23 18:14:07.193,1.50835,1.5089,2.47,1.50
2015.01.23 18:14:07.395,1.50824,1.5089,2.25,1.37
2015.01.23 18:14:07.596,1.50829,1.5089,1.75,1.00
2015.01.23 18:14:07.798,1.50834,1.50899,1.75,1.87
2015.01.23 18:14:08.350,1.50834,1.50899,1.75,2.25
2015.01.23 18:14:08.401,1.50834,1.50899,1.75,1.87
2015.01.23 18:14:08.683,1.5084,1.50899,1.75,1.50
2015.01.23 18:14:08.784,1.50844,1.50905,1.75,1.37
2015.01.23 18:14:10.112,1.50842,1.50905,1.75,1.50
2015.01.23 18:14:10.500,1.50839,1.50905,1.75,2.25
2015.01.23 18:14:11.183,1.50839,1.50904,1.37,1.75
2015.01.23 18:14:12.301,1.50839,1.50896,1.37,1.50
2015.01.23 18:14:12.441,1.50839,1.50901,1.50,1.75
2015.01.23 18:14:12.894,1.50839,1.50903,3.00,1.75
2015.01.23 18:14:13.593,1.50839,1.50905,1.75,1.75
2015.01.23 18:14:13.986,1.50839,1.50905,1.75,1.75
2015.01.23 18:14:19.437,1.50843,1.50905,1.75,1.50
2015.01.23 18:14:20.641,1.50844,1.50905,2.25,1.37
2015.01.23 18:14:21.125,1.50844,1.50905,1.37,1.75
2015.01.23 18:14:21.433,1.50844,1.50897,1.37,1.00
2015.01.23 18:14:22.638,1.50844,1.50897,1.12,1.37
2015.01.23 18:14:22.840,1.50836,1.50897,1.50,1.50
2015.01.23 18:14:22.941,1.50835,1.50897,1.75,1.00
2015.01.23 18:14:23.143,1.50845,1.50907,1.50,1.00
2015.01.23 18:14:23.936,1.50849,1.50907,1.75,1.00
2015.01.23 18:14:24.039,1.50851,1.50914,1.75,1.87
2015.01.23 18:14:24.344,1.5085,1.50907,1.75,1.00
2015.01.23 18:14:24.644,1.50847,1.50907,1.75,1.12
2015.01.23 18:14:25.328,1.50845,1.50907,3.00,1.00
2015.01.23 18:14:26.222,1.50845,1.50907,3.00,1.00
2015.01.23 18:14:26.323,1.50848,1.50913,1.50,1.75
2015.01.23 18:14:31.965,1.50843,1.50906,1.75,3.00
2015.01.23 18:14:36.767,1.50842,1.50906,1.37,3.00
2015.01.23 18:14:36.867,1.5084,1.50896,1.37,1.00
2015.01.23 18:14:37.170,1.50834,1.50896,1.75,1.37
2015.01.23 18:14:37.472,1.50833,1.50896,1.75,1.37
2015.01.23 18:14:37.801,1.50833,1.50896,1.75,1.87
2015.01.23 18:14:38.326,1.5083,1.50896,2.25,2.25
2015.01.23 18:14:40.521,1.5083,1.50896,1.75,1.87
2015.01.23 18:14:40.622,1.50831,1.50894,1.75,1.00
2015.01.23 18:14:40.824,1.50831,1.50894,1.75,1.12
2015.01.23 18:14:43.417,1.50833,1.50896,1.75,1.75
2015.01.23 18:14:44.139,1.5083,1.50896,1.75,2.25
2015.01.23 18:14:46.963,1.5083,1.50889,2.25,1.37
2015.01.23 18:14:47.745,1.5083,1.5089,1.37,1.75
2015.01.23 18:14:48.564,1.50824,1.50888,1.75,1.75
2015.01.23 18:14:51.418,1.50821,1.50888,1.75,1.75
2015.01.23 18:14:51.620,1.50821,1.50888,1.37,1.75
2015.01.23 18:14:54.410,1.50814,1.50876,1.75,1.37
2015.01.23 18:14:54.511,1.50814,1.50874,1.37,1.75
2015.01.23 18:14:54.726,1.50804,1.50867,1.00,1.75
2015.01.23 18:14:54.827,1.50807,1.50863,1.00,1.37
2015.01.23 18:14:55.129,1.50814,1.5087,1.00,1.75
2015.01.23 18:14:55.431,1.50813,1.5087,1.37,1.37
2015.01.23 18:14:55.532,1.50813,1.5087,1.37,1.37
2015.01.23 18:14:55.834,1.50816,1.50879,1.75,1.87
2015.01.23 18:14:56.064,1.50818,1.50879,1.75,1.50
2015.01.23 18:14:56.165,1.50811,1.50879,1.75,1.50
2015.01.23 18:14:56.317,1.50818,1.50887,1.75,1.75
2015.01.23 18:14:56.826,1.50817,1.50874,1.75,1.00
2015.01.23 18:14:57.130,1.50819,1.50883,1.75,1.75
2015.01.23 18:14:57.181,1.50819,1.50885,1.75,1.75
2015.01.23 18:14:58.347,1.50819,1.50885,2.25,1.12
2015.01.23 18:14:58.448,1.50828,1.50883,1.50,1.00
2015.01.23 18:14:58.652,1.50808,1.50874,1.60,1.00
2015.01.23 18:14:58.904,1.50812,1.50874,1.00,1.00
2015.01.23 18:14:59.005,1.50808,1.50874,1.00,1.00
2015.01.23 18:14:59.553,1.5081,1.50874,1.00,1.00
2015.01.23 18:14:59.705,1.50808,1.50874,1.00,1.00
2015.01.23 18:15:00.891,1.50808,1.50874,1.37,1.37
2015.01.23 18:15:01.194,1.50808,1.50874,1.75,1.37
2015.01.23 18:15:01.798,1.50808,1.50874,1.50,1.75
2015.01.23 18:15:02.109,1.50808,1.50871,1.37,1.75
2015.01.23 18:15:02.412,1.50808,1.50872,1.37,1.75
2015.01.23 18:15:05.020,1.50808,1.50874,1.37,2.25
2015.01.23 18:15:05.875,1.50812,1.50874,1.00,2.25
2015.01.23 18:15:05.926,1.50812,1.50874,1.50,1.50
2015.01.23 18:15:06.128,1.50815,1.50877,1.50,1.50
2015.01.23 18:15:06.229,1.50815,1.50877,1.37,1.37
2015.01.23 18:15:06.330,1.50815,1.50877,1.75,1.00
2015.01.23 18:15:06.382,1.50815,1.50883,1.75,1.37
2015.01.23 18:15:06.483,1.50815,1.50883,1.37,1.75
2015.01.23 18:15:06.905,1.50815,1.50883,1.75,1.00
2015.01.23 18:15:07.006,1.50815,1.50883,1.75,1.37
2015.01.23 18:15:07.207,1.50815,1.50883,1.75,1.00
2015.01.23 18:15:07.409,1.50815,1.50883,1.75,1.37
2015.01.23 18:15:07.611,1.5082,1.50883,1.37,1.37
2015.01.23 18:15:08.214,1.5082,1.50883,1.75,1.00
2015.01.23 18:15:08.818,1.50823,1.50883,1.75,1.37
2015.01.23 18:15:09.756,1.50823,1.50883,1.75,1.00
2015.01.23 18:15:10.416,1.50821,1.50881,1.75,1.00
2015.01.23 18:15:10.467,1.50821,1.50881,1.75,1.00
2015.01.23 18:15:10.568,1.50823,1.50882,1.75,1.00
2015.01.23 18:15:10.870,1.50823,1.50882,1.75,1.00
2015.01.23 18:15:11.388,1.50815,1.50883,1.75,1.00
2015.01.23 18:15:11.672,1.50815,1.50883,1.75,1.37
2015.01.23 18:15:11.960,1.50815,1.50883,1.75,1.37
2015.01.23 18:15:12.061,1.50815,1.50883,1.75,1.75
2015.01.23 18:15:12.162,1.50814,1.50876,1.75,1.37
2015.01.23 18:15:12.363,1.50807,1.50876,1.75,1.75
2015.01.23 18:15:12.690,1.50814,1.50876,1.75,1.37
2015.01.23 18:15:12.740,1.50814,1.50876,1.75,1.37
2015.01.23 18:15:12.853,1.50817,1.50877,1.37,1.37
2015.01.23 18:15:12.954,1.50817,1.50885,1.50,1.50
2015.01.23 18:15:13.055,1.50826,1.50885,1.00,1.00
2015.01.23 18:15:13.156,1.50826,1.50893,1.00,1.00
2015.01.23 18:15:13.341,1.50826,1.50893,1.60,1.00
2015.01.23 18:15:13.393,1.50826,1.50893,1.00,1.00
2015.01.23 18:15:13.494,1.50833,1.50893,1.00,1.00
2015.01.23 18:15:13.796,1.50834,1.50898,1.50,1.37
2015.01.23 18:15:13.847,1.50834,1.50898,2.10,1.00
2015.01.23 18:15:13.898,1.50834,1.509,2.10,1.00
2015.01.23 18:15:14.150,1.50844,1.509,1.00,1.00
2015.01.23 18:15:14.694,1.50844,1.509,1.37,1.00
2015.01.23 18:15:14.996,1.50834,1.509,1.50,1.00
2015.01.23 18:15:15.265,1.50834,1.50896,1.50,1.00
2015.01.23 18:15:15.578,1.50834,1.50886,1.00,1.00
2015.01.23 18:15:16.328,1.50834,1.50886,1.00,1.37
2015.01.23 18:15:16.703,1.50834,1.50886,1.00,1.50
2015.01.23 18:15:16.804,1.50822,1.50887,1.50,1.75
2015.01.23 18:15:16.905,1.50822,1.50887,1.50,1.75
2015.01.23 18:15:17.164,1.50822,1.50876,1.50,1.00
2015.01.23 18:15:17.470,1.50822,1.50876,1.87,1.00
2015.01.23 18:15:19.070,1.50822,1.50876,1.87,1.37
2015.01.23 18:15:19.171,1.50822,1.50876,1.50,1.37
2015.01.23 18:15:19.564,1.50822,1.50877,1.00,1.75
2015.01.23 18:15:19.615,1.50816,1.50877,1.00,1.75
2015.01.23 18:15:20.368,1.50816,1.50866,1.00,1.37
2015.01.23 18:15:20.469,1.50816,1.50866,1.00,1.00
2015.01.23 18:15:20.669,1.50816,1.50866,1.37,1.00
2015.01.23 18:15:22.035,1.50816,1.50877,1.37,1.75
2015.01.23 18:15:22.220,1.50816,1.50867,1.37,1.00
2015.01.23 18:15:22.870,1.50816,1.50866,1.37,1.00
2015.01.23 18:15:23.576,1.50816,1.50866,1.37,1.00
2015.01.23 18:15:23.677,1.50816,1.50871,1.37,1.37
2015.01.23 18:15:23.870,1.50816,1.50867,1.37,1.00
2015.01.23 18:15:24.136,1.50816,1.50871,1.37,1.37
2015.01.23 18:15:24.641,1.50809,1.50866,1.75,1.00
2015.01.23 18:15:25.632,1.50807,1.50875,3.00,1.75
2015.01.23 18:15:25.850,1.50807,1.50866,3.00,1.00
2015.01.23 18:15:26.316,1.50807,1.50866,3.00,1.00
2015.01.23 18:15:26.417,1.50812,1.5087,1.75,1.37
2015.01.23 18:15:27.112,1.5082,1.50877,1.75,1.00
2015.01.23 18:15:27.213,1.50821,1.50876,1.75,1.00
2015.01.23 18:15:27.616,1.50818,1.50877,1.75,1.00
2015.01.23 18:15:27.768,1.50818,1.50884,1.75,1.37
2015.01.23 18:15:28.078,1.50818,1.50877,1.75,1.00
2015.01.23 18:15:28.229,1.50825,1.50887,1.50,1.75
2015.01.23 18:15:28.330,1.50825,1.50887,1.87,2.25
2015.01.23 18:15:28.987,1.50825,1.50887,1.50,1.75
2015.01.23 18:15:29.647,1.50825,1.50887,1.87,1.75
2015.01.23 18:15:30.027,1.50825,1.50887,1.87,1.75
2015.01.23 18:15:30.443,1.50825,1.5088,1.50,1.75
2015.01.23 18:15:30.861,1.50817,1.50877,1.75,1.37
2015.01.23 18:15:30.912,1.50817,1.50877,1.37,1.75
2015.01.23 18:15:31.274,1.50817,1.50867,1.37,1.00
2015.01.23 18:15:31.544,1.50817,1.50867,1.00,1.12
2015.01.23 18:15:35.811,1.5081,1.50867,1.87,1.00
2015.01.23 18:15:35.912,1.5081,1.50867,2.25,1.00
2015.01.23 18:15:36.082,1.5081,1.50875,3.00,1.75
2015.01.23 18:15:36.301,1.5081,1.50866,2.25,1.00
2015.01.23 18:15:38.322,1.5081,1.50877,2.25,1.37
2015.01.23 18:15:38.423,1.5081,1.50877,2.25,1.37
2015.01.23 18:15:38.524,1.50811,1.50875,1.75,1.00
2015.01.23 18:15:38.625,1.50819,1.50886,1.75,1.75
2015.01.23 18:15:38.726,1.50819,1.50886,1.12,1.37
2015.01.23 18:15:38.837,1.50819,1.50886,1.00,1.75
2015.01.23 18:15:39.268,1.50819,1.50884,1.37,1.75
2015.01.23 18:15:39.571,1.50819,1.50887,1.75,3.00
2015.01.23 18:15:39.672,1.50826,1.50887,1.87,1.50
2015.01.23 18:15:40.557,1.50826,1.50887,2.25,1.37
2015.01.23 18:15:40.658,1.50826,1.50887,1.87,1.00
2015.01.23 18:15:40.832,1.50826,1.50886,2.25,1.37
2015.01.23 18:15:43.176,1.50826,1.50886,2.25,1.75
2015.01.23 18:15:45.068,1.50826,1.50886,2.25,1.87
2015.01.23 18:15:46.175,1.50826,1.50886,2.25,1.37
2015.01.23 18:15:46.477,1.50826,1.50887,1.50,1.75
2015.01.23 18:15:48.708,1.50826,1.50887,1.87,1.00
2015.01.23 18:15:48.808,1.50826,1.50889,2.25,1.75
2015.01.23 18:15:49.306,1.50826,1.50895,2.25,3.00
2015.01.23 18:15:49.407,1.50826,1.50895,2.25,3.75
2015.01.23 18:15:50.609,1.50826,1.50886,1.87,1.50
2015.01.23 18:15:51.015,1.50826,1.50886,2.25,1.37
2015.01.23 18:15:51.517,1.50826,1.50886,3.00,1.37
2015.01.23 18:15:51.897,1.50826,1.50886,3.00,1.50
2015.01.23 18:15:53.255,1.50828,1.50887,1.75,1.37
2015.01.23 18:15:53.611,1.50828,1.50894,1.75,2.25
2015.01.23 18:15:53.712,1.50833,1.50895,1.75,1.87
2015.01.23 18:15:54.015,1.50835,1.50901,1.75,1.50
2015.01.23 18:15:54.520,1.50835,1.50901,1.75,1.37
2015.01.23 18:15:55.265,1.50836,1.50901,1.75,1.75
2015.01.23 18:15:55.367,1.50839,1.50896,1.37,1.37
2015.01.23 18:15:55.468,1.50835,1.50896,1.37,1.75
2015.01.23 18:15:55.569,1.50826,1.50893,1.75,2.25
2015.01.23 18:15:56.468,1.50825,1.50887,2.25,1.37
2015.01.23 18:15:59.437,1.50827,1.50887,1.75,1.12
2015.01.23 18:16:00.763,1.50825,1.50887,2.25,1.37
2015.01.23 18:16:01.274,1.5083,1.50887,1.75,1.37
2015.01.23 18:16:02.301,1.5083,1.50893,1.75,1.87
2015.01.23 18:16:02.611,1.50832,1.50896,2.25,1.37
2015.01.23 18:16:02.912,1.50832,1.50896,2.25,1.50
2015.01.23 18:16:05.307,1.50832,1.50896,1.87,1.75
2015.01.23 18:16:05.408,1.50832,1.50892,1.87,1.75
2015.01.23 18:16:07.306,1.50832,1.50887,1.87,1.37
2015.01.23 18:16:07.508,1.50832,1.50896,1.87,2.25
2015.01.23 18:16:08.201,1.50832,1.50887,2.25,1.00
2015.01.23 18:16:10.012,1.50832,1.50887,2.25,1.00
2015.01.23 18:16:10.213,1.50843,1.50905,1.75,1.37
2015.01.23 18:16:10.264,1.50843,1.50905,1.75,1.12
2015.01.23 18:16:14.145,1.50849,1.50906,2.25,1.00
2015.01.23 18:16:14.397,1.50859,1.50916,1.37,1.37
2015.01.23 18:16:15.867,1.50859,1.50916,1.37,1.50
2015.01.23 18:16:16.213,1.50859,1.50907,1.37,1.00
2015.01.23 18:16:16.264,1.50859,1.50917,1.37,1.75
2015.01.23 18:16:17.080,1.50859,1.50917,1.37,1.37
2015.01.23 18:16:17.308,1.50859,1.50917,1.00,1.37
2015.01.23 18:16:17.409,1.50849,1.50916,2.25,1.75
2015.01.23 18:16:17.711,1.50849,1.50917,2.25,2.25
2015.01.23 18:16:19.460,1.50849,1.50917,2.25,2.25
2015.01.23 18:16:21.271,1.50849,1.509,1.50,1.50
2015.01.23 18:16:21.321,1.50838,1.509,2.25,1.50
2015.01.23 18:16:21.372,1.50838,1.509,2.25,1.75
2015.01.23 18:16:21.759,1.50838,1.50906,1.87,2.25
2015.01.23 18:16:25.557,1.50838,1.50906,1.87,3.00
2015.01.23 18:16:34.251,1.50838,1.50906,1.87,3.00
2015.01.23 18:16:35.884,1.50839,1.50906,1.75,3.00
2015.01.23 18:16:36.237,1.50839,1.50904,1.50,1.75
2015.01.23 18:16:36.288,1.50838,1.50904,1.37,1.75
2015.01.23 18:16:36.904,1.5083,1.50896,1.50,2.25
2015.01.23 18:16:37.106,1.5083,1.50896,1.75,2.25
2015.01.23 18:16:42.638,1.5083,1.50896,1.75,2.25
2015.01.23 18:16:46.531,1.5083,1.50896,1.37,3.00
2015.01.23 18:16:46.833,1.50831,1.50896,1.75,2.25
2015.01.23 18:16:47.135,1.50838,1.50896,1.75,1.50
2015.01.23 18:16:48.126,1.50838,1.50896,1.75,1.50
2015.01.23 18:16:51.882,1.50844,1.50896,1.75,1.50
2015.01.23 18:16:51.984,1.50838,1.50904,1.75,1.37
2015.01.23 18:16:53.167,1.50838,1.50904,1.75,1.00
2015.01.23 18:16:56.238,1.5085,1.50904,1.75,1.00
2015.01.23 18:16:56.697,1.5085,1.50904,1.37,1.37
2015.01.23 18:16:58.453,1.50838,1.50904,2.25,1.00
2015.01.23 18:16:58.604,1.50845,1.50907,1.75,1.00
2015.01.23 18:17:02.127,1.50845,1.50907,1.75,1.00
2015.01.23 18:17:09.361,1.50849,1.50907,1.75,1.00
2015.01.23 18:17:09.916,1.50849,1.50906,1.75,1.00
2015.01.23 18:17:11.671,1.50849,1.50906,1.37,1.37
2015.01.23 18:17:12.376,1.50842,1.50905,1.37,1.37
2015.01.23 18:17:13.305,1.5084,1.50905,1.75,1.37
2015.01.23 18:17:20.498,1.50843,1.50905,1.75,1.00
2015.01.23 18:17:22.825,1.50842,1.50905,1.75,1.37
2015.01.23 18:17:23.219,1.50842,1.50905,1.37,1.50
2015.01.23 18:17:23.521,1.50837,1.50905,1.75,1.37
2015.01.23 18:17:23.824,1.50837,1.50905,1.75,1.37
2015.01.23 18:17:29.305,1.50837,1.50905,1.75,1.37
2015.01.23 18:17:29.849,1.50845,1.50904,1.75,1.37
2015.01.23 18:17:30.649,1.50842,1.50905,1.75,2.25
2015.01.23 18:17:31.159,1.50838,1.50904,1.75,1.75
2015.01.23 18:17:32.664,1.50835,1.50901,1.75,1.37
2015.01.23 18:17:33.670,1.50837,1.50901,1.75,1.37
2015.01.23 18:17:35.638,1.50842,1.50901,1.75,1.12
2015.01.23 18:17:37.416,1.5084,1.50901,1.75,1.37
2015.01.23 18:17:39.265,1.50836,1.50901,1.35,1.12
2015.01.23 18:17:42.339,1.5084,1.50901,1.75,1.37
2015.01.23 18:17:46.757,1.5084,1.50901,1.75,1.37
2015.01.23 18:17:51.887,1.50839,1.50901,1.75,1.37
2015.01.23 18:17:57.321,1.50839,1.50903,1.50,1.75
2015.01.23 18:17:57.893,1.50837,1.50903,1.75,1.75
2015.01.23 18:17:58.105,1.50837,1.50903,1.75,1.37
2015.01.23 18:18:15.476,1.50847,1.50905,1.75,1.12
2015.01.23 18:18:19.342,1.50844,1.50905,1.75,1.37
2015.01.23 18:18:26.675,1.50842,1.50905,1.75,1.75
2015.01.23 18:18:32.901,1.50834,1.50901,1.75,1.75
2015.01.23 18:18:34.224,1.50834,1.50898,1.37,1.75
2015.01.23 18:18:34.325,1.50827,1.50888,1.00,1.75
2015.01.23 18:18:34.426,1.50815,1.50881,1.50,1.75
2015.01.23 18:18:34.627,1.50809,1.50866,1.37,1.12
2015.01.23 18:18:34.728,1.50804,1.50866,1.37,1.12
2015.01.23 18:18:34.829,1.50798,1.50866,1.00,1.00
2015.01.23 18:18:34.879,1.50798,1.50864,1.00,1.00
2015.01.23 18:18:35.199,1.50789,1.50855,1.50,1.00
2015.01.23 18:18:35.504,1.50794,1.50855,1.00,1.00
2015.01.23 18:18:36.127,1.50794,1.50855,1.75,1.12
2015.01.23 18:18:39.115,1.50794,1.50855,1.75,1.00
2015.01.23 18:18:39.464,1.50794,1.50855,1.75,1.37
2015.01.23 18:18:39.565,1.50794,1.50855,1.75,1.37
2015.01.23 18:18:39.869,1.50803,1.50863,1.75,1.50
2015.01.23 18:18:45.056,1.50804,1.50863,1.75,1.37
2015.01.23 18:19:03.722,1.50806,1.50864,1.35,1.12
2015.01.23 18:19:04.337,1.50806,1.50864,1.67,1.37
2015.01.23 18:19:06.735,1.50806,1.50864,1.35,1.12
2015.01.23 18:19:08.496,1.50806,1.50864,1.35,1.00
2015.01.23 18:19:08.648,1.50824,1.50876,1.35,1.00
2015.01.23 18:19:08.699,1.50824,1.50885,1.35,2.25
2015.01.23 18:19:09.246,1.50824,1.50885,2.10,1.75
2015.01.23 18:19:15.009,1.50823,1.50885,1.72,1.75
2015.01.23 18:19:25.955,1.50823,1.50877,2.10,1.00
2015.01.23 18:19:26.157,1.50823,1.50884,2.10,1.37
2015.01.23 18:19:26.553,1.50824,1.50884,1.50,1.75
2015.01.23 18:19:31.697,1.50824,1.50882,1.12,1.75
2015.01.23 18:19:33.646,1.50824,1.50888,1.37,3.75
2015.01.23 18:19:37.825,1.50824,1.50885,1.12,1.75
2015.01.23 18:19:38.127,1.50814,1.50872,1.37,1.75
2015.01.23 18:19:38.300,1.50804,1.50872,2.85,1.75
2015.01.23 18:19:38.552,1.50804,1.50872,1.87,1.75
2015.01.23 18:19:38.854,1.50804,1.50872,2.25,2.25
2015.01.23 18:19:43.357,1.50804,1.50872,2.25,2.25
2015.01.23 18:19:45.516,1.50808,1.50872,1.75,3.00
2015.01.23 18:19:47.266,1.50806,1.50872,1.75,2.25
2015.01.23 18:19:47.945,1.50806,1.50872,1.50,3.00
2015.01.23 18:19:48.046,1.50805,1.5087,1.37,1.75
2015.01.23 18:19:48.147,1.50805,1.50872,1.75,2.25
2015.01.23 18:19:49.762,1.50804,1.50872,1.75,1.75
2015.01.23 18:19:52.844,1.50805,1.50872,1.37,2.25
2015.01.23 18:19:52.945,1.50804,1.50872,1.75,1.75
2015.01.23 18:19:53.539,1.50804,1.50872,1.75,1.75
2015.01.23 18:19:53.876,1.50804,1.50872,2.25,1.75
2015.01.23 18:19:54.218,1.50814,1.50873,1.75,1.37
2015.01.23 18:19:54.535,1.50814,1.50881,1.75,1.87
2015.01.23 18:19:58.790,1.50819,1.50881,1.75,2.25
2015.01.23 18:20:02.586,1.50817,1.50881,1.75,3.00
2015.01.23 18:20:02.952,1.50814,1.50881,1.75,2.25
2015.01.23 18:20:03.676,1.50814,1.50873,1.37,1.75
2015.01.23 18:20:06.468,1.50814,1.50873,1.12,2.25
2015.01.23 18:20:07.262,1.50814,1.50873,1.37,2.25
2015.01.23 18:20:08.075,1.50813,1.50873,1.37,2.25
2015.01.23 18:20:08.393,1.50813,1.50873,1.37,2.25
2015.01.23 18:20:09.203,1.50813,1.50873,1.00,2.25
2015.01.23 18:20:09.254,1.50805,1.50873,2.25,2.25
2015.01.23 18:20:12.875,1.50805,1.50873,2.25,2.25
2015.01.23 18:20:16.222,1.50804,1.50865,1.75,1.87
2015.01.23 18:20:16.419,1.50804,1.50865,1.75,1.87
2015.01.23 18:20:16.520,1.50806,1.50865,2.25,1.00
2015.01.23 18:20:16.571,1.50815,1.50873,1.35,1.37
2015.01.23 18:20:16.621,1.50815,1.50873,1.35,1.12
2015.01.23 18:20:21.107,1.50815,1.50876,1.50,1.75
2015.01.23 18:20:21.446,1.50815,1.50867,1.50,1.00
2015.01.23 18:20:22.128,1.50806,1.50866,1.75,1.00
2015.01.23 18:20:22.998,1.50806,1.50866,1.75,1.00
2015.01.23 18:20:30.596,1.5081,1.50867,1.75,1.12
2015.01.23 18:20:31.757,1.50806,1.50867,1.37,1.75
2015.01.23 18:20:31.958,1.50798,1.50861,2.25,1.75
2015.01.23 18:20:32.059,1.50794,1.50857,1.37,1.75
2015.01.23 18:20:32.115,1.50794,1.50857,1.00,1.75
2015.01.23 18:20:32.425,1.50783,1.50849,1.75,1.37
2015.01.23 18:20:33.160,1.50783,1.50849,1.75,1.75
2015.01.23 18:20:34.640,1.50783,1.50849,1.37,1.75
2015.01.23 18:20:34.740,1.50775,1.50843,1.75,1.75
2015.01.23 18:20:35.348,1.50782,1.50843,1.75,1.37
2015.01.23 18:20:35.449,1.50785,1.50851,1.75,1.75
2015.01.23 18:20:35.550,1.50785,1.50851,1.75,1.37
2015.01.23 18:20:35.751,1.50794,1.5086,1.37,1.75
2015.01.23 18:20:35.852,1.50794,1.5086,1.75,1.75
2015.01.23 18:20:45.220,1.50801,1.5086,1.37,1.75
2015.01.23 18:20:45.321,1.50801,1.50868,2.25,1.75
2015.01.23 18:20:45.422,1.50801,1.50866,2.25,1.75
2015.01.23 18:20:45.523,1.50801,1.50866,1.87,1.00
2015.01.23 18:20:45.673,1.50804,1.50869,1.12,1.87
2015.01.23 18:20:45.780,1.50804,1.50869,1.75,2.25
2015.01.23 18:20:46.721,1.50804,1.50869,1.75,2.25
2015.01.23 18:20:51.709,1.50804,1.50866,1.75,1.37
2015.01.23 18:20:54.947,1.50802,1.50865,1.75,1.75
2015.01.23 18:21:15.496,1.50804,1.50867,1.75,1.75
2015.01.23 18:21:16.728,1.50802,1.50866,1.75,1.75
2015.01.23 18:21:25.594,1.50803,1.50867,1.75,1.75
2015.01.23 18:21:25.695,1.50809,1.50871,1.50,1.75
2015.01.23 18:21:25.997,1.50809,1.50877,1.75,1.75
2015.01.23 18:21:26.376,1.50809,1.50877,1.75,1.75
2015.01.23 18:21:27.416,1.50809,1.50876,1.50,1.75
2015.01.23 18:21:28.204,1.50809,1.50877,1.12,2.25
2015.01.23 18:21:29.240,1.50804,1.50866,1.75,1.50
2015.01.23 18:21:29.507,1.50802,1.50868,1.75,1.75
2015.01.23 18:21:29.608,1.50806,1.50864,1.37,1.75
2015.01.23 18:21:32.318,1.50802,1.50869,2.25,1.75
2015.01.23 18:21:33.784,1.50814,1.5087,1.00,1.75
2015.01.23 18:21:33.835,1.50814,1.5087,1.00,1.12
2015.01.23 18:21:33.885,1.50823,1.50877,1.00,1.75
2015.01.23 18:21:34.495,1.50824,1.50877,1.50,1.75
2015.01.23 18:21:35.354,1.50824,1.50877,1.50,1.50
2015.01.23 18:21:35.455,1.50814,1.50874,1.87,1.75
2015.01.23 18:21:37.072,1.50814,1.50874,1.87,1.00
2015.01.23 18:21:37.122,1.50834,1.50882,1.00,1.87
2015.01.23 18:21:37.424,1.50826,1.50885,1.00,2.10
2015.01.23 18:21:37.525,1.50817,1.50867,1.37,1.12
2015.01.23 18:21:37.626,1.50817,1.50876,1.37,1.75
2015.01.23 18:21:37.677,1.50817,1.50876,1.12,1.75
2015.01.23 18:21:38.048,1.50811,1.50873,1.75,1.37
2015.01.23 18:21:38.192,1.50811,1.50873,1.37,1.50
2015.01.23 18:21:39.965,1.5081,1.50876,1.37,1.75
2015.01.23 18:21:40.282,1.5081,1.50866,1.00,1.37
2015.01.23 18:21:44.982,1.5081,1.50866,1.37,1.37
2015.01.23 18:21:51.836,1.5081,1.50866,1.37,1.37
2015.01.23 18:21:52.214,1.5081,1.50866,1.37,1.37
2015.01.23 18:21:56.930,1.5081,1.50866,1.37,1.00
2015.01.23 18:22:02.686,1.50808,1.50867,1.75,1.12
2015.01.23 18:22:03.480,1.50808,1.50867,1.00,1.37
2015.01.23 18:22:03.784,1.50808,1.50867,1.37,1.37
2015.01.23 18:22:04.344,1.50808,1.50866,1.37,1.37
2015.01.23 18:22:17.701,1.50808,1.50875,1.50,1.75
2015.01.23 18:22:21.827,1.50811,1.50866,1.37,1.37
2015.01.23 18:22:28.294,1.50811,1.50866,1.75,1.00
2015.01.23 18:22:28.445,1.5082,1.50875,1.00,1.12
2015.01.23 18:22:28.496,1.5082,1.50877,1.37,1.37
2015.01.23 18:22:28.810,1.5082,1.50883,1.75,1.20
2015.01.23 18:22:28.911,1.5082,1.50885,1.50,1.37
2015.01.23 18:22:29.803,1.5082,1.50887,1.37,3.00
2015.01.23 18:22:35.585,1.5082,1.50883,1.75,1.12
2015.01.23 18:22:36.598,1.5082,1.50885,2.25,1.75
2015.01.23 18:22:36.728,1.5082,1.50885,2.25,1.75
2015.01.23 18:22:38.957,1.5082,1.50882,1.75,1.12
2015.01.23 18:22:40.409,1.50829,1.50887,1.00,1.50
2015.01.23 18:22:41.854,1.50829,1.50887,1.37,1.37
2015.01.23 18:22:42.056,1.50829,1.5089,1.37,1.37
2015.01.23 18:22:42.157,1.50829,1.5089,1.75,1.37
2015.01.23 18:22:46.083,1.50829,1.50891,1.00,1.37
2015.01.23 18:22:46.184,1.50829,1.50883,1.00,1.75
2015.01.23 18:22:46.419,1.50827,1.50883,1.12,1.75
2015.01.23 18:22:49.115,1.5082,1.50886,2.25,1.37
2015.01.23 18:22:49.316,1.5083,1.50887,1.37,1.37
2015.01.23 18:22:49.518,1.5083,1.50887,1.00,1.37
2015.01.23 18:22:50.300,1.5083,1.5088,1.00,1.00
2015.01.23 18:22:50.401,1.50821,1.50881,1.12,1.35
2015.01.23 18:22:50.602,1.50821,1.50881,1.00,1.67
2015.01.23 18:22:51.899,1.50821,1.50877,1.37,1.37
2015.01.23 18:22:54.120,1.50821,1.50877,1.00,1.87
2015.01.23 18:22:54.171,1.50809,1.50869,1.75,1.00
2015.01.23 18:22:54.222,1.50809,1.50869,1.75,1.00
2015.01.23 18:22:54.524,1.50818,1.50867,1.37,1.00
2015.01.23 18:22:54.726,1.50818,1.50876,1.37,1.37
2015.01.23 18:22:54.827,1.50818,1.50876,1.75,1.12
2015.01.23 18:22:54.928,1.50818,1.50876,1.37,1.00
2015.01.23 18:22:55.042,1.50818,1.50866,1.37,1.00
2015.01.23 18:22:56.571,1.50818,1.50866,1.00,1.00
2015.01.23 18:22:57.600,1.50818,1.50867,1.00,1.00
2015.01.23 18:22:57.650,1.50818,1.50867,1.50,1.00
2015.01.23 18:22:57.804,1.50818,1.50876,1.50,1.12
2015.01.23 18:22:58.994,1.50818,1.50876,1.37,1.50
2015.01.23 18:22:59.195,1.50818,1.50876,1.37,1.37
2015.01.23 18:22:59.466,1.50818,1.50876,1.00,1.37
2015.01.23 18:22:59.668,1.50818,1.50867,1.00,1.00
2015.01.23 18:23:00.671,1.50818,1.50867,1.00,1.37
2015.01.23 18:23:00.772,1.50808,1.50867,1.87,1.37
2015.01.23 18:23:03.487,1.50808,1.50866,1.87,1.75
2015.01.23 18:23:03.588,1.50808,1.50866,1.87,1.37
2015.01.23 18:23:03.689,1.50808,1.50866,1.50,1.75
2015.01.23 18:23:04.002,1.50799,1.50865,3.00,1.37
2015.01.23 18:23:04.103,1.50799,1.50865,3.00,1.75
2015.01.23 18:23:04.405,1.50799,1.50856,1.50,1.37
2015.01.23 18:23:05.213,1.50799,1.50866,1.75,1.37
2015.01.23 18:23:05.516,1.50799,1.50867,1.75,1.75
2015.01.23 18:23:05.617,1.50799,1.50867,1.75,1.75
2015.01.23 18:23:05.819,1.50799,1.50867,1.75,1.75
2015.01.23 18:23:06.167,1.50799,1.50867,1.75,1.75
2015.01.23 18:23:28.438,1.50802,1.50864,2.25,1.37
2015.01.23 18:23:28.740,1.50809,1.50869,1.75,1.37
2015.01.23 18:23:28.949,1.5081,1.50876,1.75,1.75
2015.01.23 18:23:29.582,1.5081,1.50878,1.50,1.75
2015.01.23 18:23:32.597,1.5081,1.50873,1.37,2.25
2015.01.23 18:23:36.793,1.5081,1.50877,1.12,1.75
2015.01.23 18:23:38.339,1.50805,1.50869,1.75,2.25
2015.01.23 18:23:45.246,1.50803,1.50869,1.75,1.37
2015.01.23 18:23:45.347,1.50811,1.50871,1.75,1.12
2015.01.23 18:23:45.761,1.50811,1.50877,2.25,1.75
2015.01.23 18:23:47.089,1.50811,1.50877,1.75,1.75
2015.01.23 18:23:47.454,1.50811,1.50876,1.37,1.75
2015.01.23 18:23:47.641,1.50811,1.50877,1.37,1.75
2015.01.23 18:23:47.707,1.50811,1.50877,1.75,1.75
2015.01.23 18:23:47.909,1.50811,1.50877,1.75,1.75
2015.01.23 18:23:49.870,1.50817,1.50879,1.50,1.75
2015.01.23 18:23:52.512,1.50817,1.50879,1.37,1.75
2015.01.23 18:23:53.497,1.50817,1.50886,1.50,2.25
2015.01.23 18:24:06.473,1.50817,1.50875,1.00,1.75
2015.01.23 18:24:06.523,1.50809,1.50874,2.25,1.75
2015.01.23 18:24:06.675,1.50809,1.5087,1.37,2.25
2015.01.23 18:24:06.876,1.50809,1.50873,1.37,1.75
2015.01.23 18:24:10.198,1.50809,1.50866,1.00,1.75
2015.01.23 18:24:14.237,1.50809,1.50867,1.37,1.75
2015.01.23 18:24:14.439,1.508,1.50867,1.37,1.75
2015.01.23 18:24:14.691,1.508,1.50866,1.75,1.75
2015.01.23 18:24:14.995,1.50794,1.5086,1.50,1.75
2015.01.23 18:24:15.499,1.50785,1.50853,2.25,2.25
2015.01.23 18:24:15.763,1.50785,1.50853,2.25,1.87
2015.01.23 18:24:15.914,1.50785,1.50853,2.25,1.87
2015.01.23 18:24:16.258,1.50794,1.50863,1.75,1.75
2015.01.23 18:24:22.099,1.50796,1.50863,1.75,1.75
2015.01.23 18:24:22.401,1.50794,1.50862,1.37,1.75
2015.01.23 18:24:22.714,1.50787,1.50854,1.37,1.75
2015.01.23 18:24:23.642,1.50787,1.50854,1.50,1.75
2015.01.23 18:24:30.292,1.50787,1.50854,1.37,1.75
2015.01.23 18:24:31.072,1.5078,1.50843,1.50,1.75
2015.01.23 18:24:31.374,1.5078,1.50846,1.37,1.75
2015.01.23 18:24:31.475,1.5078,1.50846,1.50,1.75
2015.01.23 18:24:34.880,1.50783,1.50846,1.75,1.75
2015.01.23 18:24:36.303,1.50783,1.50846,1.50,1.75
2015.01.23 18:24:36.504,1.50783,1.50846,1.37,1.75
2015.01.23 18:24:36.605,1.5078,1.50846,1.37,1.75
2015.01.23 18:24:40.453,1.50772,1.50839,1.75,1.75
2015.01.23 18:24:42.733,1.50772,1.50835,1.37,1.75
2015.01.23 18:24:43.035,1.50772,1.50839,1.75,1.75
2015.01.23 18:24:43.536,1.50772,1.50839,1.75,1.75
2015.01.23 18:24:46.675,1.50772,1.50832,1.37,1.75
2015.01.23 18:24:46.986,1.50763,1.50831,1.75,1.75
2015.01.23 18:24:47.188,1.50763,1.50831,1.75,1.75
2015.01.23 18:24:47.389,1.50772,1.50832,1.37,1.75
2015.01.23 18:24:47.691,1.50765,1.50832,1.75,1.75
2015.01.23 18:24:47.792,1.50765,1.50832,1.75,1.37
2015.01.23 18:24:50.269,1.50773,1.50837,1.75,1.75
2015.01.23 18:24:53.721,1.50772,1.50835,2.25,1.75
2015.01.23 18:24:53.822,1.50772,1.50836,3.00,1.75
2015.01.23 18:24:58.026,1.50772,1.50834,1.87,1.75
2015.01.23 18:24:58.329,1.50764,1.50827,1.75,1.75
2015.01.23 18:24:58.430,1.50764,1.50831,2.25,1.12
2015.01.23 18:24:58.733,1.50773,1.5084,1.75,2.25
2015.01.23 18:25:02.077,1.50779,1.50837,1.37,1.50
2015.01.23 18:25:02.380,1.50785,1.50847,1.75,1.12
2015.01.23 18:25:02.683,1.50785,1.50837,1.75,1.00
2015.01.23 18:25:03.366,1.50785,1.50836,1.75,1.00
2015.01.23 18:25:06.942,1.50785,1.50837,1.75,1.00
2015.01.23 18:25:07.151,1.50785,1.50847,1.75,1.82
2015.01.23 18:25:07.323,1.50785,1.50846,1.75,1.10
2015.01.23 18:25:07.424,1.50785,1.50851,1.75,1.82
2015.01.23 18:25:07.475,1.50785,1.50851,1.75,1.37
2015.01.23 18:25:07.525,1.50785,1.50851,1.75,1.75
2015.01.23 18:25:08.023,1.50785,1.50851,1.75,1.50
2015.01.23 18:25:08.124,1.50787,1.50851,1.75,1.37
2015.01.23 18:25:08.428,1.50785,1.50846,1.75,1.37
2015.01.23 18:25:09.104,1.50785,1.50847,1.75,1.12
2015.01.23 18:25:09.306,1.50785,1.50847,1.75,1.37
2015.01.23 18:25:09.809,1.50785,1.50847,1.75,1.00
2015.01.23 18:25:09.912,1.50785,1.50847,2.25,1.37
2015.01.23 18:25:10.220,1.50793,1.50847,1.75,1.00
2015.01.23 18:25:10.442,1.508,1.50856,1.75,1.00
2015.01.23 18:25:10.644,1.50801,1.50856,1.75,1.00
2015.01.23 18:25:10.959,1.50801,1.50856,1.75,1.00
2015.01.23 18:25:11.339,1.50801,1.50856,1.37,1.37
2015.01.23 18:25:11.649,1.50801,1.50847,1.37,1.00
2015.01.23 18:25:11.983,1.50801,1.50846,1.75,1.00
2015.01.23 18:25:12.342,1.50801,1.50857,1.75,1.00
2015.01.23 18:25:12.642,1.50801,1.50857,1.75,1.00
2015.01.23 18:25:12.899,1.50806,1.50866,1.50,1.72
2015.01.23 18:25:12.949,1.50808,1.50866,1.75,1.00
2015.01.23 18:25:13.101,1.50809,1.50875,1.75,1.37
2015.01.23 18:25:13.761,1.50815,1.50876,1.37,1.37
2015.01.23 18:25:14.071,1.50815,1.50877,2.25,1.00
2015.01.23 18:25:14.678,1.50815,1.50877,2.25,1.00
2015.01.23 18:25:14.980,1.50815,1.50876,2.25,1.00
2015.01.23 18:25:15.081,1.50823,1.50884,1.75,1.37
2015.01.23 18:25:15.283,1.50824,1.50886,1.75,1.00
2015.01.23 18:25:15.384,1.50824,1.50886,1.75,1.00
2015.01.23 18:25:15.435,1.50833,1.5089,1.50,1.00
2015.01.23 18:25:15.485,1.50833,1.5089,1.75,1.00
2015.01.23 18:25:15.536,1.50834,1.50895,1.75,1.00
2015.01.23 18:25:15.586,1.50834,1.50895,1.75,1.00
2015.01.23 18:25:15.687,1.50834,1.50895,1.00,1.00
2015.01.23 18:25:15.838,1.50834,1.509,1.00,1.00
2015.01.23 18:25:16.040,1.5083,1.50894,1.00,1.50
2015.01.23 18:25:16.090,1.50825,1.50894,1.87,1.50
2015.01.23 18:25:16.198,1.50825,1.5089,1.50,1.00
2015.01.23 18:25:16.248,1.50816,1.50884,1.50,1.50
2015.01.23 18:25:16.500,1.50816,1.50882,1.50,1.00
2015.01.23 18:25:17.008,1.50817,1.50883,1.00,1.00
2015.01.23 18:25:17.974,1.50817,1.50883,1.75,1.00
2015.01.23 18:25:20.911,1.50821,1.50883,1.75,1.00
2015.01.23 18:25:21.086,1.50824,1.50883,1.50,1.00
2015.01.23 18:25:22.389,1.50822,1.50883,1.75,1.37
2015.01.23 18:25:22.589,1.50822,1.50883,1.75,1.00
2015.01.23 18:25:23.492,1.50824,1.50883,1.75,1.12
2015.01.23 18:25:24.441,1.50826,1.50883,1.75,1.00
2015.01.23 18:25:26.416,1.50817,1.50883,1.75,1.00
2015.01.23 18:25:26.467,1.50828,1.50887,1.75,1.12
2015.01.23 18:25:26.842,1.50828,1.50891,1.75,1.37
2015.01.23 18:25:27.282,1.50832,1.50886,1.75,1.00
2015.01.23 18:25:27.453,1.50828,1.50886,1.37,1.37
2015.01.23 18:25:27.553,1.50825,1.50886,1.50,1.75
2015.01.23 18:25:28.552,1.50825,1.50886,1.87,1.75
2015.01.23 18:25:28.876,1.50825,1.50886,1.75,1.37
2015.01.23 18:25:29.028,1.50825,1.50886,1.75,1.12
2015.01.23 18:25:29.135,1.50825,1.50891,1.75,1.12
2015.01.23 18:25:30.154,1.50825,1.50891,1.75,1.00
2015.01.23 18:25:30.267,1.50825,1.50891,1.75,1.00
2015.01.23 18:25:30.519,1.50833,1.509,1.75,1.75
2015.01.23 18:25:31.057,1.50833,1.509,1.75,1.75
2015.01.23 18:25:33.046,1.50833,1.50896,1.75,1.12
2015.01.23 18:25:33.769,1.50833,1.509,1.75,1.00
2015.01.23 18:25:33.870,1.50833,1.509,1.75,1.12
2015.01.23 18:25:34.174,1.50833,1.509,1.75,1.37
2015.01.23 18:25:34.490,1.50853,1.50908,1.00,2.25
2015.01.23 18:25:34.541,1.5084,1.50899,1.00,1.00
2015.01.23 18:25:34.642,1.5083,1.50896,1.00,1.50
2015.01.23 18:25:34.743,1.5083,1.50888,1.00,1.00
2015.01.23 18:25:34.793,1.50823,1.50888,1.00,1.00
2015.01.23 18:25:34.844,1.50823,1.50882,1.00,1.00
2015.01.23 18:25:34.894,1.50814,1.50882,2.25,1.50
2015.01.23 18:25:34.945,1.50818,1.50882,1.00,1.50
2015.01.23 18:25:35.096,1.50814,1.50882,2.10,1.50
2015.01.23 18:25:35.861,1.50815,1.50882,1.00,1.50
2015.01.23 18:25:35.962,1.50821,1.50882,1.00,1.00
2015.01.23 18:25:36.013,1.50822,1.50887,1.00,1.00
2015.01.23 18:25:36.757,1.50824,1.50887,1.00,1.00
2015.01.23 18:25:37.088,1.50824,1.50887,1.37,1.12
2015.01.23 18:25:37.400,1.50824,1.50887,1.75,1.00
2015.01.23 18:25:37.851,1.50824,1.50887,1.75,1.00
2015.01.23 18:25:37.952,1.50824,1.50887,1.75,1.00
2015.01.23 18:25:38.053,1.50833,1.50887,1.75,1.00
2015.01.23 18:25:38.154,1.50837,1.50887,1.37,1.00
2015.01.23 18:25:38.268,1.50833,1.50896,2.25,1.37
2015.01.23 18:25:38.369,1.50833,1.50894,1.37,1.37
2015.01.23 18:25:38.570,1.50826,1.50892,1.00,1.00
2015.01.23 18:25:38.827,1.50826,1.50887,1.00,1.00
2015.01.23 18:25:40.158,1.50826,1.50887,1.75,1.12
2015.01.23 18:25:40.482,1.50826,1.50892,1.75,1.37
2015.01.23 18:25:40.787,1.50835,1.50901,1.75,1.37
2015.01.23 18:25:41.001,1.50835,1.50901,1.75,1.37
2015.01.23 18:25:43.080,1.50842,1.50901,1.75,1.00
2015.01.23 18:25:43.130,1.50843,1.50907,1.75,1.37
2015.01.23 18:25:43.181,1.50843,1.50909,1.75,1.37
2015.01.23 18:25:43.282,1.50843,1.50909,1.75,1.37
2015.01.23 18:25:43.383,1.50843,1.50909,1.50,1.75
2015.01.23 18:25:43.966,1.50843,1.50906,1.37,1.75
2015.01.23 18:25:46.001,1.50843,1.50907,1.12,1.75
2015.01.23 18:25:48.075,1.50843,1.50907,1.37,1.37
2015.01.23 18:25:48.176,1.50843,1.50909,1.75,1.75
2015.01.23 18:25:48.277,1.50843,1.50909,1.50,1.75
2015.01.23 18:25:48.478,1.50843,1.50906,1.12,1.75
2015.01.23 18:25:48.579,1.50843,1.50906,1.00,1.00
2015.01.23 18:25:48.630,1.50843,1.50903,1.00,1.00
2015.01.23 18:25:48.680,1.50835,1.50902,1.50,1.00
2015.01.23 18:25:48.932,1.50841,1.50902,1.00,1.00
2015.01.23 18:25:48.983,1.50842,1.50906,1.00,1.00
2015.01.23 18:25:49.486,1.50842,1.50907,1.00,1.50
2015.01.23 18:25:49.882,1.50842,1.50907,1.37,1.75
2015.01.23 18:25:50.240,1.50842,1.50906,1.75,1.37
2015.01.23 18:25:53.790,1.50842,1.50906,1.75,1.37
2015.01.23 18:26:04.464,1.50842,1.50907,1.50,1.50
2015.01.23 18:26:04.666,1.50842,1.50907,1.75,1.37
2015.01.23 18:26:12.761,1.50842,1.50906,2.25,1.37
2015.01.23 18:26:14.576,1.50842,1.50906,2.25,1.75
2015.01.23 18:26:18.651,1.50842,1.50906,2.25,1.75
2015.01.23 18:26:21.971,1.50842,1.50902,1.12,1.75
2015.01.23 18:26:22.071,1.50835,1.50901,1.50,1.75
2015.01.23 18:26:22.614,1.50835,1.50901,1.75,1.75
2015.01.23 18:26:23.145,1.50835,1.50901,1.75,1.75
2015.01.23 18:26:23.297,1.50835,1.50901,1.50,2.25
2015.01.23 18:26:23.498,1.50835,1.50901,1.75,1.75
2015.01.23 18:26:25.779,1.50835,1.50899,1.75,1.37
2015.01.23 18:26:26.081,1.50835,1.50901,1.75,1.37
2015.01.23 18:26:27.007,1.50835,1.50901,1.50,1.75
2015.01.23 18:26:27.159,1.5083,1.5089,1.12,1.75
2015.01.23 18:26:27.219,1.5083,1.5089,1.75,1.50
2015.01.23 18:26:27.572,1.50824,1.5089,1.37,1.00
2015.01.23 18:26:27.673,1.50824,1.5089,1.37,1.00
2015.01.23 18:26:27.979,1.50824,1.5089,1.37,1.75
2015.01.23 18:26:29.795,1.50824,1.5089,1.50,1.75
2015.01.23 18:26:32.384,1.50824,1.5089,2.25,1.75
2015.01.23 18:26:32.492,1.50824,1.5089,1.87,1.75
2015.01.23 18:26:32.593,1.50824,1.5089,1.87,1.75
2015.01.23 18:26:34.337,1.50824,1.5089,1.75,1.75
2015.01.23 18:26:34.389,1.50824,1.5089,1.37,1.75
2015.01.23 18:26:34.893,1.50824,1.5089,1.75,1.75
2015.01.23 18:26:35.195,1.50833,1.50883,1.00,1.75
2015.01.23 18:26:35.414,1.50817,1.50881,1.37,1.75
2015.01.23 18:26:38.325,1.50817,1.50875,1.37,1.75
2015.01.23 18:26:38.627,1.50817,1.50883,1.00,1.75
2015.01.23 18:26:38.828,1.50817,1.50877,1.12,1.75
2015.01.23 18:26:39.030,1.50817,1.50883,1.75,1.75
2015.01.23 18:26:39.332,1.50817,1.50883,1.00,1.75
2015.01.23 18:26:39.434,1.50817,1.50883,1.37,1.75
2015.01.23 18:26:39.536,1.50817,1.50883,1.12,1.75
2015.01.23 18:26:40.038,1.50817,1.50883,1.50,1.75
2015.01.23 18:26:40.240,1.50817,1.50883,1.37,2.25
2015.01.23 18:26:40.341,1.50817,1.50883,1.00,2.25
2015.01.23 18:26:40.752,1.50817,1.50876,1.37,1.75
2015.01.23 18:26:41.119,1.50817,1.50872,1.00,1.75
2015.01.23 18:26:41.220,1.50817,1.50872,1.37,1.37
2015.01.23 18:26:41.422,1.50817,1.50872,1.00,1.75
2015.01.23 18:26:41.776,1.50817,1.50876,1.37,1.75
2015.01.23 18:26:43.142,1.50817,1.5088,1.75,1.75
2015.01.23 18:26:43.444,1.50817,1.50883,1.50,1.75
2015.01.23 18:26:46.967,1.50818,1.50878,1.75,1.37
2015.01.23 18:26:49.150,1.50821,1.50879,1.75,1.00
2015.01.23 18:26:49.251,1.50828,1.50883,1.75,1.00
2015.01.23 18:26:49.352,1.50824,1.50892,2.25,2.62
2015.01.23 18:26:49.453,1.50824,1.50892,2.25,2.25
2015.01.23 18:26:52.860,1.50833,1.5089,1.87,1.50
2015.01.23 18:26:53.584,1.50833,1.50897,2.25,1.75
2015.01.23 18:26:54.361,1.50833,1.50897,2.25,1.37
2015.01.23 18:26:54.545,1.50842,1.50886,1.37,1.00
2015.01.23 18:26:54.646,1.50842,1.50907,1.75,1.75
2015.01.23 18:26:55.146,1.50842,1.50906,1.37,1.75
2015.01.23 18:26:55.247,1.50842,1.50906,1.75,1.75
2015.01.23 18:26:55.449,1.50842,1.50906,1.37,1.75
2015.01.23 18:26:55.752,1.50842,1.50906,1.75,1.75
2015.01.23 18:26:56.454,1.50842,1.50906,1.50,1.75
2015.01.23 18:26:56.862,1.50842,1.50906,1.75,1.75
2015.01.23 18:26:57.196,1.50842,1.50906,1.37,1.75
2015.01.23 18:26:57.297,1.50842,1.50906,1.75,1.75
2015.01.23 18:26:57.809,1.50842,1.50903,1.75,1.37
2015.01.23 18:26:58.167,1.50842,1.50906,2.25,1.75
2015.01.23 18:26:58.267,1.50842,1.50906,2.25,1.75
2015.01.23 18:26:58.782,1.50842,1.50904,1.00,1.75
2015.01.23 18:26:58.984,1.50842,1.50907,1.00,1.75
2015.01.23 18:26:59.035,1.50833,1.50899,1.50,1.75
2015.01.23 18:26:59.203,1.50839,1.50907,2.25,1.75
2015.01.23 18:26:59.304,1.50839,1.50907,2.25,1.75
2015.01.23 18:26:59.407,1.50839,1.50907,2.25,1.75
2015.01.23 18:26:59.563,1.50839,1.50907,1.87,1.75
2015.01.23 18:26:59.873,1.50839,1.50907,2.25,1.75
2015.01.23 18:27:00.180,1.50839,1.50907,2.25,1.75
2015.01.23 18:27:00.694,1.50839,1.50907,2.25,1.75
2015.01.23 18:27:00.795,1.50839,1.50907,2.25,1.75
2015.01.23 18:27:00.999,1.50839,1.50907,2.25,1.75
2015.01.23 18:27:01.301,1.50839,1.50907,2.25,1.75
2015.01.23 18:27:01.469,1.50839,1.50907,2.25,1.75
2015.01.23 18:27:01.570,1.50839,1.50907,2.25,1.75
2015.01.23 18:27:01.670,1.50839,1.50907,2.25,1.75
2015.01.23 18:27:01.771,1.50839,1.50907,1.87,1.75
2015.01.23 18:27:02.083,1.50839,1.50906,1.87,1.75
2015.01.23 18:27:02.495,1.50832,1.509,2.25,2.25
2015.01.23 18:27:02.596,1.50832,1.50896,2.25,1.75
2015.01.23 18:27:03.413,1.50832,1.50897,1.87,1.75
2015.01.23 18:27:03.514,1.50832,1.50897,2.25,1.75
2015.01.23 18:27:04.300,1.50832,1.50897,1.87,1.75
2015.01.23 18:27:04.401,1.50832,1.50897,1.87,1.75
2015.01.23 18:27:04.932,1.50832,1.50897,2.25,1.75
2015.01.23 18:27:06.487,1.50832,1.50896,1.87,1.75
2015.01.23 18:27:06.809,1.50832,1.50896,1.50,1.75
2015.01.23 18:27:06.910,1.50832,1.50896,1.87,1.75
2015.01.23 18:27:09.539,1.50832,1.50895,1.87,2.25
2015.01.23 18:27:10.095,1.50832,1.50895,2.25,2.25
2015.01.23 18:27:10.829,1.50832,1.50894,3.00,1.37
2015.01.23 18:27:10.998,1.50832,1.50894,2.62,1.37
2015.01.23 18:27:11.329,1.50832,1.50894,3.00,1.37
2015.01.23 18:27:11.431,1.50832,1.509,2.25,1.87
2015.01.23 18:27:11.732,1.50832,1.509,2.25,1.87
2015.01.23 18:27:11.934,1.50832,1.509,2.25,2.25
2015.01.23 18:27:12.035,1.50832,1.509,2.25,2.25
2015.01.23 18:27:12.279,1.50825,1.50882,1.00,1.00
2015.01.23 18:27:12.381,1.50813,1.50882,2.25,1.00
2015.01.23 18:27:12.633,1.50813,1.50882,1.00,1.00
2015.01.23 18:27:12.683,1.50803,1.50871,1.00,1.00
2015.01.23 18:27:13.370,1.50804,1.50871,1.00,1.00
2015.01.23 18:27:13.698,1.50803,1.50871,1.75,1.37
2015.01.23 18:27:14.109,1.50804,1.50871,1.75,1.37
2015.01.23 18:27:23.326,1.50813,1.50871,1.37,1.50
2015.01.23 18:27:23.427,1.50813,1.50864,1.00,1.50
2015.01.23 18:27:23.528,1.50803,1.50863,1.50,1.37
2015.01.23 18:27:25.343,1.50796,1.50863,1.75,1.75
2015.01.23 18:27:27.150,1.50803,1.50863,1.75,1.12
2015.01.23 18:27:27.251,1.50803,1.50863,1.75,1.37
2015.01.23 18:27:27.354,1.50797,1.50863,2.25,1.00
2015.01.23 18:27:27.660,1.50804,1.5087,2.25,1.37
2015.01.23 18:27:27.760,1.50804,1.5087,1.75,1.37
2015.01.23 18:27:27.861,1.50804,1.5087,1.75,1.50
2015.01.23 18:27:28.661,1.50804,1.5087,2.25,1.37
2015.01.23 18:27:34.999,1.50805,1.50869,2.25,1.75
2015.01.23 18:27:35.308,1.50804,1.5087,1.50,1.75
2015.01.23 18:27:35.511,1.50797,1.50862,1.75,1.75
2015.01.23 18:27:35.923,1.50796,1.50862,1.75,1.50
2015.01.23 18:27:36.025,1.50796,1.50862,1.75,1.75
2015.01.23 18:27:36.127,1.50796,1.50862,1.75,1.37
2015.01.23 18:27:36.536,1.50798,1.50862,1.75,2.25
2015.01.23 18:27:36.731,1.508,1.50862,1.75,1.37
2015.01.23 18:27:36.866,1.50798,1.50862,1.75,2.25
2015.01.23 18:27:36.967,1.508,1.50862,1.75,1.37
2015.01.23 18:27:37.068,1.50798,1.50862,1.75,2.25
2015.01.23 18:27:37.456,1.50801,1.50862,1.75,1.50
2015.01.23 18:27:37.557,1.50801,1.50862,1.37,1.75
2015.01.23 18:27:37.771,1.50801,1.50862,1.75,1.37
2015.01.23 18:27:38.163,1.50796,1.50862,1.75,1.75
2015.01.23 18:27:38.481,1.50797,1.50862,1.75,1.50
2015.01.23 18:27:38.791,1.50798,1.50862,1.75,2.25
2015.01.23 18:27:39.251,1.508,1.50862,1.75,1.50
2015.01.23 18:27:39.762,1.50798,1.50862,1.75,2.25
2015.01.23 18:27:39.864,1.50799,1.50862,1.75,1.50
2015.01.23 18:27:40.582,1.50796,1.50862,1.75,1.37
2015.01.23 18:27:40.690,1.50796,1.50862,1.75,1.00
2015.01.23 18:27:40.892,1.50796,1.50862,1.75,1.37
2015.01.23 18:27:41.094,1.50796,1.50862,1.75,1.50
2015.01.23 18:27:41.202,1.50796,1.50862,1.75,1.37
2015.01.23 18:27:41.765,1.50796,1.50862,1.75,1.37
2015.01.23 18:27:42.011,1.50796,1.50862,1.75,1.37
2015.01.23 18:27:42.213,1.50796,1.50862,1.00,1.00
2015.01.23 18:27:42.465,1.50803,1.50863,1.00,1.00
2015.01.23 18:27:42.515,1.50803,1.5087,1.00,1.50
2015.01.23 18:27:42.566,1.50801,1.50859,1.00,1.00
2015.01.23 18:27:42.616,1.50792,1.50859,1.87,1.00
2015.01.23 18:27:42.750,1.50792,1.5085,1.37,1.00
2015.01.23 18:27:42.802,1.50789,1.5085,1.00,1.00
2015.01.23 18:27:42.903,1.50787,1.5085,1.00,1.00
2015.01.23 18:27:43.055,1.50784,1.5085,1.00,1.00
2015.01.23 18:27:44.036,1.50784,1.5085,1.75,1.50
2015.01.23 18:27:46.266,1.50784,1.5085,2.25,2.25
2015.01.23 18:27:46.582,1.50784,1.50845,1.50,1.37
2015.01.23 18:27:46.783,1.50784,1.5085,1.50,1.75
2015.01.23 18:27:47.443,1.50776,1.50842,1.50,1.37
2015.01.23 18:27:47.544,1.50776,1.50842,1.75,1.75
2015.01.23 18:27:49.174,1.50781,1.50842,1.50,1.75
2015.01.23 18:27:52.708,1.50776,1.50838,1.37,1.75
2015.01.23 18:27:53.509,1.50776,1.50842,1.37,1.75
2015.01.23 18:27:53.830,1.50776,1.50842,1.75,2.25
2015.01.23 18:27:56.606,1.50776,1.50837,1.37,1.75
2015.01.23 18:27:56.706,1.50775,1.50834,1.00,1.75
2015.01.23 18:27:56.958,1.50768,1.50834,1.37,1.75
2015.01.23 18:27:57.059,1.50768,1.50834,1.75,1.37
2015.01.23 18:27:57.160,1.50768,1.50834,1.75,1.37
2015.01.23 18:27:57.261,1.50768,1.50834,1.37,1.50
2015.01.23 18:27:57.362,1.50768,1.50834,1.75,1.37
2015.01.23 18:27:58.031,1.50772,1.50834,1.37,1.75
2015.01.23 18:27:58.132,1.50772,1.50834,1.75,1.37
2015.01.23 18:27:58.334,1.50768,1.50834,1.75,1.50
2015.01.23 18:27:58.434,1.5077,1.50834,1.75,1.37
2015.01.23 18:27:58.542,1.50768,1.50834,1.75,1.50
2015.01.23 18:27:58.850,1.50768,1.50834,1.75,1.75
2015.01.23 18:27:58.965,1.50768,1.50834,1.75,1.37
2015.01.23 18:27:59.174,1.50768,1.50834,1.75,1.75
2015.01.23 18:27:59.485,1.50768,1.50834,1.75,1.37
2015.01.23 18:27:59.997,1.50768,1.50834,1.75,1.37
2015.01.23 18:28:00.199,1.50768,1.50834,1.75,1.75
2015.01.23 18:28:00.253,1.50768,1.50834,1.75,1.37
2015.01.23 18:28:00.656,1.50768,1.50834,1.75,1.75
2015.01.23 18:28:00.757,1.50768,1.50834,1.75,1.37
2015.01.23 18:28:01.029,1.50768,1.50834,1.75,1.75
2015.01.23 18:28:01.080,1.50768,1.50834,1.75,1.50
2015.01.23 18:28:01.307,1.50768,1.50831,1.75,1.37
2015.01.23 18:28:01.407,1.50769,1.50834,1.75,1.87
2015.01.23 18:28:01.609,1.50777,1.50837,1.37,1.37
2015.01.23 18:28:01.711,1.50778,1.50836,1.75,1.00
2015.01.23 18:28:02.308,1.5077,1.50836,1.75,1.00
2015.01.23 18:28:03.220,1.50775,1.50836,1.75,1.00
2015.01.23 18:28:04.084,1.50777,1.50836,1.75,1.00
2015.01.23 18:28:04.185,1.50778,1.50836,1.75,1.00
2015.01.23 18:28:04.395,1.50776,1.50836,1.75,1.00
2015.01.23 18:28:04.679,1.50776,1.50836,1.50,1.12
2015.01.23 18:28:05.821,1.50776,1.50836,1.75,1.00
2015.01.23 18:28:05.973,1.5078,1.50837,1.37,1.37
2015.01.23 18:28:06.124,1.50782,1.50837,1.50,1.00
2015.01.23 18:28:06.276,1.50782,1.50847,2.25,1.75
2015.01.23 18:28:07.193,1.50782,1.50848,1.75,1.37
2015.01.23 18:28:08.302,1.50782,1.50848,1.50,1.75
2015.01.23 18:28:08.704,1.50782,1.50848,1.75,1.37
2015.01.23 18:28:09.015,1.50782,1.50848,1.37,1.50
2015.01.23 18:28:09.218,1.50782,1.50848,1.75,1.37
2015.01.23 18:28:09.560,1.50782,1.50848,1.37,1.75
2015.01.23 18:28:09.611,1.50782,1.50848,1.75,1.37
2015.01.23 18:28:11.040,1.50782,1.50848,2.25,2.25
2015.01.23 18:28:12.423,1.50782,1.50848,2.25,2.25
2015.01.23 18:28:12.675,1.50792,1.50851,1.37,1.50
2015.01.23 18:28:13.087,1.50789,1.50856,1.37,1.75
2015.01.23 18:28:14.078,1.50789,1.50856,1.00,1.75
2015.01.23 18:28:14.229,1.50777,1.50843,1.75,1.75
2015.01.23 18:28:14.280,1.50777,1.50843,1.75,1.75
2015.01.23 18:28:14.589,1.50774,1.50835,1.50,2.25
2015.01.23 18:28:14.791,1.50768,1.50835,1.75,1.87
2015.01.23 18:28:14.892,1.50768,1.50835,1.75,2.25
2015.01.23 18:28:15.198,1.50774,1.50835,1.50,2.85
2015.01.23 18:28:15.299,1.50774,1.50835,1.75,2.47
2015.01.23 18:28:15.622,1.50784,1.50835,1.00,2.47
2015.01.23 18:28:16.104,1.50783,1.50835,1.37,1.50
2015.01.23 18:28:16.155,1.50783,1.50842,1.37,2.25
2015.01.23 18:28:16.205,1.50783,1.50842,1.50,1.87
2015.01.23 18:28:16.707,1.50774,1.50842,3.00,2.25
2015.01.23 18:28:17.393,1.50774,1.50842,3.00,1.87
2015.01.23 18:28:18.910,1.50774,1.5084,3.00,1.00
2015.01.23 18:28:19.484,1.50774,1.50841,3.00,1.00
2015.01.23 18:28:19.918,1.50774,1.5084,3.00,1.12
2015.01.23 18:28:20.021,1.50778,1.5084,1.75,1.37
2015.01.23 18:28:20.330,1.50774,1.50841,3.00,1.75
2015.01.23 18:28:20.381,1.50774,1.50833,1.75,1.50
2015.01.23 18:28:22.537,1.50779,1.50833,1.75,1.50
2015.01.23 18:28:24.465,1.50781,1.50833,1.75,1.50
2015.01.23 18:28:25.098,1.50781,1.50833,1.50,1.50
2015.01.23 18:28:25.199,1.50774,1.50833,1.75,1.87
2015.01.23 18:28:25.601,1.50765,1.50833,2.25,2.25
2015.01.23 18:28:25.702,1.50763,1.50819,2.25,1.00
2015.01.23 18:28:25.904,1.50764,1.50819,1.00,1.00
2015.01.23 18:28:26.106,1.50764,1.50827,1.75,1.00
2015.01.23 18:28:26.257,1.50774,1.50827,1.00,1.00
2015.01.23 18:28:26.358,1.5077,1.50827,1.37,1.00
2015.01.23 18:28:26.509,1.50763,1.50818,1.75,1.50
2015.01.23 18:28:26.710,1.50764,1.50825,1.75,1.00
2015.01.23 18:28:27.012,1.50774,1.50825,1.00,1.00
2015.01.23 18:28:27.113,1.50764,1.50825,1.75,1.00
2015.01.23 18:28:27.713,1.50763,1.50825,1.75,1.00
2015.01.23 18:28:28.242,1.50773,1.50825,1.75,1.00
2015.01.23 18:28:29.523,1.50774,1.50825,2.25,1.00
2015.01.23 18:28:30.607,1.50774,1.50825,1.75,1.00
2015.01.23 18:28:31.126,1.50774,1.50825,1.75,1.00
2015.01.23 18:28:31.643,1.50777,1.50825,1.75,1.00
2015.01.23 18:28:31.744,1.50774,1.50825,1.37,1.12
2015.01.23 18:28:31.844,1.50774,1.50825,1.37,1.37
2015.01.23 18:28:32.320,1.50763,1.50825,1.75,1.37
2015.01.23 18:28:33.435,1.50763,1.50825,1.37,1.75
2015.01.23 18:28:33.972,1.50753,1.50817,1.75,1.37
2015.01.23 18:28:34.830,1.50753,1.50817,1.75,1.37
2015.01.23 18:28:37.339,1.50753,1.50817,1.75,1.00
2015.01.23 18:28:37.440,1.50767,1.50826,1.50,1.87
2015.01.23 18:28:37.541,1.50767,1.50826,1.75,1.00
2015.01.23 18:28:38.110,1.50769,1.50826,1.75,1.00
2015.01.23 18:28:43.898,1.50777,1.50826,1.75,1.00
2015.01.23 18:28:44.510,1.50777,1.50826,1.75,1.00
2015.01.23 18:28:47.990,1.50777,1.50826,1.75,1.00
2015.01.23 18:28:48.142,1.50774,1.50826,1.37,1.37
2015.01.23 18:28:48.192,1.50774,1.5082,1.37,1.00
2015.01.23 18:28:48.243,1.50764,1.5082,1.75,1.37
2015.01.23 18:28:52.439,1.50758,1.5082,1.75,1.37
2015.01.23 18:28:52.525,1.50758,1.5082,1.75,1.00
2015.01.23 18:28:59.764,1.50766,1.5082,1.37,1.37
2015.01.23 18:29:02.277,1.50764,1.5082,1.75,1.00
2015.01.23 18:29:04.117,1.50766,1.5082,1.75,1.00
2015.01.23 18:29:04.319,1.50759,1.50819,2.25,1.37
2015.01.23 18:29:04.420,1.50753,1.5082,1.75,1.37
2015.01.23 18:29:04.521,1.50755,1.5082,1.75,1.00
2015.01.23 18:29:04.622,1.50763,1.5082,1.37,1.75
2015.01.23 18:29:06.121,1.50764,1.5082,1.37,1.87
2015.01.23 18:29:06.222,1.50764,1.5082,1.00,1.75
2015.01.23 18:29:06.323,1.50764,1.5082,1.00,1.75
2015.01.23 18:29:06.650,1.50754,1.5082,1.37,1.75
2015.01.23 18:29:07.151,1.50753,1.50811,1.75,1.00
2015.01.23 18:29:07.356,1.50754,1.50811,1.50,1.37
2015.01.23 18:29:09.041,1.50753,1.50811,1.37,1.37
2015.01.23 18:29:09.656,1.50753,1.50811,1.37,1.00
2015.01.23 18:29:09.845,1.50753,1.50811,1.50,1.37
2015.01.23 18:29:10.169,1.50753,1.50811,1.37,1.00
2015.01.23 18:29:12.280,1.50753,1.50811,1.37,1.37
2015.01.23 18:29:14.909,1.50754,1.50811,2.25,1.37
2015.01.23 18:29:18.008,1.50754,1.50811,1.37,1.37
2015.01.23 18:29:18.210,1.50754,1.50811,1.12,1.50
2015.01.23 18:29:18.680,1.50754,1.50803,1.12,1.50
2015.01.23 18:29:18.831,1.50744,1.50803,1.75,1.87
2015.01.23 18:29:19.083,1.50744,1.50803,1.75,1.50
2015.01.23 18:29:19.308,1.50753,1.50803,1.12,1.50
2015.01.23 18:29:19.901,1.50753,1.50803,1.00,1.87
2015.01.23 18:29:20.002,1.50743,1.50803,1.75,1.87
2015.01.23 18:29:20.203,1.50743,1.50803,1.75,1.87
2015.01.23 18:29:20.304,1.50744,1.50803,1.37,1.87
2015.01.23 18:29:21.190,1.50744,1.50803,1.12,1.87
2015.01.23 18:29:21.814,1.50744,1.50803,1.12,1.87
2015.01.23 18:29:22.632,1.50744,1.50803,1.75,2.25
2015.01.23 18:29:22.783,1.50754,1.50815,1.75,1.12
2015.01.23 18:29:22.935,1.50754,1.50815,1.75,1.00
2015.01.23 18:29:23.202,1.50763,1.50825,1.00,1.50
2015.01.23 18:29:23.404,1.50765,1.50825,1.00,1.50
2015.01.23 18:29:23.907,1.50774,1.50825,1.00,1.50
2015.01.23 18:29:24.828,1.50763,1.50825,1.00,1.50
2015.01.23 18:29:25.404,1.50764,1.50825,1.00,1.50
2015.01.23 18:29:25.505,1.50764,1.50825,1.37,2.25
2015.01.23 18:29:27.411,1.50764,1.50825,1.12,2.25
2015.01.23 18:29:27.759,1.50764,1.50825,1.00,2.25
2015.01.23 18:29:27.809,1.50756,1.50825,2.25,2.25
2015.01.23 18:29:28.106,1.50764,1.50816,1.00,1.37
2015.01.23 18:29:28.207,1.50754,1.50816,1.37,1.75
2015.01.23 18:29:28.261,1.50754,1.50816,1.12,1.75
2015.01.23 18:29:28.959,1.50754,1.50808,1.00,1.00
2015.01.23 18:29:29.637,1.50753,1.50808,1.12,1.50
2015.01.23 18:29:30.162,1.50753,1.50808,1.00,1.75
2015.01.23 18:29:30.313,1.50743,1.508,1.37,1.37
2015.01.23 18:29:30.628,1.50744,1.508,1.37,1.50
2015.01.23 18:29:31.735,1.50744,1.508,1.00,1.75
2015.01.23 18:29:32.049,1.50744,1.508,1.00,1.37
2015.01.23 18:29:32.426,1.50744,1.508,1.00,1.75
2015.01.23 18:29:33.947,1.50744,1.508,1.12,1.75
2015.01.23 18:29:36.347,1.50734,1.508,1.87,1.75
2015.01.23 18:29:36.448,1.50734,1.5079,1.00,2.25
2015.01.23 18:29:36.499,1.50724,1.50783,1.00,1.75
2015.01.23 18:29:36.550,1.50724,1.50783,1.00,1.60
2015.01.23 18:29:36.600,1.50714,1.50757,1.00,1.50
2015.01.23 18:29:37.256,1.50724,1.50757,1.00,1.50
2015.01.23 18:29:37.307,1.50724,1.50765,1.00,1.00
2015.01.23 18:29:37.855,1.50723,1.50765,1.00,1.00
2015.01.23 18:29:38.041,1.50723,1.50765,1.00,1.50
2015.01.23 18:29:41.359,1.50723,1.50765,1.00,1.37
2015.01.23 18:29:44.576,1.50723,1.50765,1.00,1.37
2015.01.23 18:29:45.174,1.50724,1.50765,1.00,1.37
2015.01.23 18:29:45.869,1.50724,1.50765,1.00,1.75
2015.01.23 18:29:46.020,1.50703,1.50757,1.00,2.25
2015.01.23 18:29:46.579,1.50704,1.50757,1.00,2.25
2015.01.23 18:29:47.077,1.50704,1.50757,1.00,2.25
2015.01.23 18:29:47.699,1.50704,1.50753,1.00,1.75
2015.01.23 18:29:47.800,1.50694,1.50748,1.00,2.25
2015.01.23 18:29:48.119,1.50703,1.50748,1.00,1.75
2015.01.23 18:29:48.220,1.50694,1.50748,1.00,1.75
2015.01.23 18:29:49.895,1.50694,1.50748,1.00,1.75
2015.01.23 18:29:50.201,1.50694,1.50748,1.00,2.25
2015.01.23 18:29:50.517,1.50694,1.50741,1.00,1.37
2015.01.23 18:29:50.679,1.50693,1.50741,1.00,1.37
2015.01.23 18:29:50.798,1.50693,1.50741,1.00,1.12
2015.01.23 18:29:51.340,1.50694,1.50748,1.00,1.75
2015.01.23 18:29:52.709,1.50694,1.50748,1.00,1.75
2015.01.23 18:29:54.409,1.50693,1.5074,1.00,1.12
2015.01.23 18:29:54.616,1.50694,1.50747,1.00,2.25
2015.01.23 18:29:54.717,1.50694,1.50754,1.37,1.50
2015.01.23 18:29:54.818,1.50694,1.50754,1.75,1.37
2015.01.23 18:29:55.127,1.50694,1.50754,1.37,1.75
2015.01.23 18:29:55.429,1.50688,1.50754,1.75,1.75
2015.01.23 18:29:56.098,1.50692,1.50754,1.12,1.37
2015.01.23 18:29:56.148,1.5069,1.50748,1.37,1.00
2015.01.23 18:29:56.484,1.5069,1.50748,1.37,2.25
2015.01.23 18:29:56.536,1.50691,1.50748,1.37,1.50
2015.01.23 18:29:56.637,1.50691,1.50748,1.37,1.87
2015.01.23 18:29:56.988,1.5069,1.50748,1.75,1.50
2015.01.23 18:29:57.611,1.50691,1.50748,2.25,1.50
2015.01.23 18:29:57.907,1.5069,1.50748,1.50,1.87
2015.01.23 18:29:58.008,1.50689,1.50748,1.75,1.50
2015.01.23 18:29:59.131,1.50689,1.50748,1.75,1.87
2015.01.23 18:29:59.307,1.50688,1.50748,1.87,2.25
2015.01.23 18:29:59.559,1.50688,1.5074,1.87,1.00
2015.01.23 18:30:00.078,1.50688,1.5074,1.87,1.12
2015.01.23 18:30:02.759,1.50687,1.5074,1.50,1.00
2015.01.23 18:30:02.860,1.50683,1.50748,1.75,1.37
2015.01.23 18:30:02.961,1.50683,1.50748,1.75,1.00
2015.01.23 18:30:03.112,1.50684,1.50748,1.75,1.00
2015.01.23 18:30:03.417,1.50686,1.50748,1.75,1.00
2015.01.23 18:30:03.468,1.50689,1.50757,2.25,2.25
2015.01.23 18:30:03.989,1.50704,1.50757,1.00,2.25
2015.01.23 18:30:04.140,1.50704,1.50757,1.37,1.87
2015.01.23 18:30:05.141,1.50704,1.50757,1.00,1.87
2015.01.23 18:30:05.342,1.50693,1.50757,1.75,2.25
2015.01.23 18:30:05.644,1.50689,1.50757,2.25,2.25
2015.01.23 18:30:08.258,1.50694,1.50753,1.37,1.75
2015.01.23 18:30:08.359,1.5069,1.50748,1.37,1.75
2015.01.23 18:30:09.375,1.50684,1.50748,1.75,1.50
2015.01.23 18:30:09.828,1.50688,1.50748,1.37,1.75
2015.01.23 18:30:10.170,1.50691,1.50748,1.37,1.37
2015.01.23 18:30:11.178,1.50684,1.50748,1.75,1.37
2015.01.23 18:30:11.490,1.50684,1.50748,1.75,1.75
2015.01.23 18:30:11.835,1.50684,1.50748,1.75,1.50
2015.01.23 18:30:13.844,1.50684,1.50748,1.75,1.37
2015.01.23 18:30:15.682,1.50685,1.50748,1.75,1.50
2015.01.23 18:30:15.783,1.50686,1.50748,1.50,1.75
2015.01.23 18:30:16.061,1.50686,1.50747,1.37,1.75
2015.01.23 18:30:16.378,1.50681,1.50743,1.12,1.75
2015.01.23 18:30:16.751,1.50681,1.50741,1.00,1.75
2015.01.23 18:30:16.802,1.50674,1.5074,1.37,1.75
2015.01.23 18:30:16.852,1.50683,1.5074,1.00,1.75
2015.01.23 18:30:16.953,1.50674,1.50736,1.50,1.75
2015.01.23 18:30:17.165,1.50674,1.50731,1.00,1.75
2015.01.23 18:30:17.266,1.50674,1.50728,1.12,1.35
2015.01.23 18:30:17.388,1.50683,1.50725,1.00,1.87
2015.01.23 18:30:17.640,1.50664,1.50725,1.75,1.87
2015.01.23 18:30:17.690,1.50664,1.50725,1.50,2.25
2015.01.23 18:30:18.192,1.50663,1.50725,1.37,2.25
2015.01.23 18:30:18.974,1.50664,1.50715,1.00,1.75
2015.01.23 18:30:19.075,1.50649,1.50715,1.50,1.75
2015.01.23 18:30:19.176,1.50649,1.50715,1.75,1.50
2015.01.23 18:30:19.399,1.50649,1.50715,1.00,1.00
2015.01.23 18:30:19.500,1.50654,1.50715,1.00,1.00
2015.01.23 18:30:20.038,1.50663,1.50715,1.00,1.00
2015.01.23 18:30:20.391,1.50653,1.50715,1.00,1.00
2015.01.23 18:30:20.797,1.50653,1.50715,1.75,1.37
2015.01.23 18:30:21.131,1.50654,1.50715,1.75,1.37
2015.01.23 18:30:21.547,1.50654,1.50715,1.37,1.37
2015.01.23 18:30:22.210,1.50654,1.50715,1.75,1.37
2015.01.23 18:30:22.619,1.50654,1.50715,1.75,1.37
2015.01.23 18:30:22.921,1.50645,1.50707,1.75,1.37
2015.01.23 18:30:23.226,1.50653,1.50707,1.75,1.00
2015.01.23 18:30:23.277,1.50653,1.50715,1.75,1.50
2015.01.23 18:30:24.053,1.50656,1.50715,1.75,1.37
2015.01.23 18:30:24.357,1.50658,1.50724,1.37,1.75
2015.01.23 18:30:24.940,1.50658,1.50724,1.37,1.75
2015.01.23 18:30:25.649,1.50658,1.50724,1.12,1.75
2015.01.23 18:30:25.952,1.50658,1.50723,1.00,1.75
2015.01.23 18:30:26.254,1.50658,1.50724,1.00,1.75
2015.01.23 18:30:26.556,1.50658,1.50718,1.00,1.75
2015.01.23 18:30:26.708,1.50658,1.50716,1.00,1.75
2015.01.23 18:30:27.074,1.50658,1.50716,1.00,1.75
2015.01.23 18:30:27.497,1.50651,1.50716,1.00,1.75
2015.01.23 18:30:29.148,1.5065,1.50716,1.00,2.25
2015.01.23 18:30:30.190,1.5065,1.50716,1.00,2.25
2015.01.23 18:30:30.492,1.50644,1.50705,1.37,1.50
2015.01.23 18:30:30.543,1.50644,1.50705,1.87,1.75
2015.01.23 18:30:31.138,1.50644,1.50705,1.87,1.37
2015.01.23 18:30:31.337,1.50644,1.50705,2.25,1.12
2015.01.23 18:30:31.652,1.50643,1.50703,1.37,1.75
2015.01.23 18:30:31.854,1.50643,1.50701,1.37,1.50
2015.01.23 18:30:31.955,1.50634,1.50701,2.25,1.75
2015.01.23 18:30:32.558,1.50634,1.50701,2.25,1.37
2015.01.23 18:30:32.660,1.50634,1.50701,2.25,1.12
2015.01.23 18:30:32.983,1.50634,1.50701,2.25,1.37
2015.01.23 18:30:33.753,1.50634,1.50701,2.25,1.12
2015.01.23 18:30:35.982,1.5064,1.50701,1.37,2.25
2015.01.23 18:30:39.280,1.50634,1.50701,2.25,1.37
2015.01.23 18:30:39.381,1.50645,1.50701,1.75,1.00
2015.01.23 18:30:40.015,1.50644,1.50701,1.37,1.00
2015.01.23 18:30:40.474,1.50644,1.50701,1.75,1.12
2015.01.23 18:30:41.608,1.50644,1.50701,1.37,1.50
2015.01.23 18:30:41.910,1.50624,1.50686,1.12,1.75
2015.01.23 18:30:42.011,1.50621,1.50686,1.00,1.00
2015.01.23 18:30:42.062,1.50617,1.50686,1.00,1.00
2015.01.23 18:30:42.803,1.50617,1.50683,1.00,1.00
2015.01.23 18:30:43.161,1.50614,1.50678,1.00,1.50
2015.01.23 18:30:44.022,1.50614,1.50678,1.37,2.25
2015.01.23 18:30:44.299,1.50618,1.50678,1.37,1.87
2015.01.23 18:30:45.013,1.50615,1.50678,1.75,1.87
2015.01.23 18:30:45.118,1.50614,1.50678,1.75,1.87
2015.01.23 18:30:46.517,1.50614,1.50678,1.75,2.25
2015.01.23 18:30:47.446,1.50622,1.50678,1.37,1.87
2015.01.23 18:30:47.547,1.5062,1.50676,1.12,1.50
2015.01.23 18:30:49.430,1.5062,1.50683,1.87,1.75
2015.01.23 18:30:49.732,1.5062,1.50683,1.12,1.75
2015.01.23 18:30:52.375,1.5062,1.50687,1.37,1.75
2015.01.23 18:30:52.897,1.50619,1.50679,1.37,1.75
2015.01.23 18:30:52.949,1.5062,1.50686,1.75,1.75
2015.01.23 18:30:53.258,1.50629,1.50691,1.75,1.12
2015.01.23 18:30:53.359,1.50636,1.50691,1.75,1.00
2015.01.23 18:30:53.410,1.50636,1.50703,1.75,1.75
2015.01.23 18:30:53.460,1.50636,1.50703,1.75,1.75
2015.01.23 18:30:53.763,1.50653,1.50719,1.00,1.00
2015.01.23 18:30:53.965,1.50653,1.50712,1.00,1.37
2015.01.23 18:30:54.065,1.50644,1.50708,1.50,1.00
2015.01.23 18:30:54.116,1.50644,1.50701,1.00,1.00
2015.01.23 18:30:54.267,1.50616,1.50681,1.37,1.00
2015.01.23 18:30:54.318,1.50623,1.50681,1.00,1.00
2015.01.23 18:30:54.368,1.50623,1.50691,1.50,1.50
2015.01.23 18:30:54.620,1.50623,1.50689,1.50,1.00
2015.01.23 18:30:54.737,1.50623,1.50691,1.50,1.50
2015.01.23 18:30:55.353,1.50624,1.50691,1.00,1.50
2015.01.23 18:30:55.456,1.50624,1.50691,1.75,2.25
2015.01.23 18:30:56.170,1.50624,1.50691,1.75,2.25
2015.01.23 18:30:56.271,1.50624,1.50691,1.75,2.25
2015.01.23 18:30:56.578,1.50623,1.50691,2.25,2.25
2015.01.23 18:30:56.679,1.50624,1.50691,1.37,2.25
2015.01.23 18:30:56.780,1.50624,1.50691,1.00,1.87
2015.01.23 18:30:56.881,1.50624,1.50691,1.00,2.25
2015.01.23 18:30:57.201,1.50633,1.50691,1.00,2.25
2015.01.23 18:30:57.302,1.50633,1.50691,1.00,1.50
2015.01.23 18:30:57.770,1.50624,1.50691,1.00,1.50
2015.01.23 18:30:58.750,1.5063,1.50691,1.00,1.50
2015.01.23 18:30:58.876,1.50628,1.50691,1.00,1.50
2015.01.23 18:30:58.927,1.50628,1.50691,1.75,2.25
2015.01.23 18:30:59.819,1.50627,1.50691,2.25,1.87
2015.01.23 18:31:00.121,1.50631,1.50691,1.50,1.87
2015.01.23 18:31:02.850,1.50623,1.50691,3.00,1.87
2015.01.23 18:31:04.143,1.50638,1.50698,1.37,1.75
2015.01.23 18:31:04.551,1.50638,1.50698,1.75,1.50
2015.01.23 18:31:04.651,1.50638,1.50698,1.37,1.75
2015.01.23 18:31:04.929,1.50634,1.50701,1.75,1.87
2015.01.23 18:31:05.233,1.50634,1.50701,1.75,1.87
2015.01.23 18:31:05.435,1.50673,1.50718,1.00,1.00
2015.01.23 18:31:05.536,1.50673,1.50721,1.50,1.00
2015.01.23 18:31:05.637,1.50673,1.50739,1.50,1.00
2015.01.23 18:31:05.738,1.50664,1.50732,1.00,1.00
2015.01.23 18:31:05.839,1.50663,1.50724,1.12,1.00
2015.01.23 18:31:06.168,1.50669,1.50735,1.00,1.00
2015.01.23 18:31:06.576,1.50669,1.50732,1.00,1.00
2015.01.23 18:31:06.779,1.50669,1.50735,1.00,1.00
2015.01.23 18:31:07.188,1.50669,1.50732,1.00,1.00
2015.01.23 18:31:07.289,1.50669,1.50734,1.00,1.00
2015.01.23 18:31:07.389,1.50669,1.50734,1.00,1.75
2015.01.23 18:31:09.152,1.50669,1.50726,1.37,1.50
2015.01.23 18:31:09.857,1.50669,1.50726,1.37,1.37
2015.01.23 18:31:10.159,1.50676,1.50735,1.37,2.25
2015.01.23 18:31:10.461,1.50676,1.50744,1.50,1.75
2015.01.23 18:31:10.791,1.50685,1.50746,1.00,1.75
2015.01.23 18:31:10.892,1.50685,1.50751,1.50,1.75
2015.01.23 18:31:11.144,1.50675,1.50742,1.00,1.00
2015.01.23 18:31:11.946,1.50682,1.50743,1.00,1.00
2015.01.23 18:31:12.458,1.50682,1.5075,1.00,1.75
2015.01.23 18:31:12.911,1.50682,1.5075,1.87,1.75
2015.01.23 18:31:13.012,1.50682,1.5075,1.50,1.75
2015.01.23 18:31:13.358,1.5069,1.50757,1.00,3.00
2015.01.23 18:31:14.172,1.5069,1.50757,1.00,2.25
2015.01.23 18:31:14.276,1.5069,1.50757,1.00,2.25
2015.01.23 18:31:14.488,1.5069,1.50756,1.00,1.75
2015.01.23 18:31:14.790,1.5069,1.50757,1.00,2.25
2015.01.23 18:31:14.891,1.5069,1.50757,1.00,2.25
2015.01.23 18:31:15.107,1.5069,1.50757,1.00,2.25
2015.01.23 18:31:15.181,1.5069,1.50757,1.00,1.87
2015.01.23 18:31:15.638,1.5069,1.50748,1.00,1.00
2015.01.23 18:31:15.739,1.5069,1.5075,1.00,1.00
2015.01.23 18:31:16.250,1.5069,1.50744,1.00,1.00
2015.01.23 18:31:17.094,1.5069,1.50744,1.00,1.75
2015.01.23 18:31:17.245,1.5069,1.50756,1.00,1.75
2015.01.23 18:31:17.820,1.5069,1.50756,1.00,1.75
2015.01.23 18:31:18.646,1.5069,1.50744,1.00,1.75
2015.01.23 18:31:21.524,1.5069,1.50747,1.00,1.75
2015.01.23 18:31:23.932,1.5069,1.50746,1.00,1.75
2015.01.23 18:31:24.134,1.50679,1.50734,1.00,1.75
2015.01.23 18:31:24.235,1.50679,1.50743,1.00,1.75
2015.01.23 18:31:24.386,1.50679,1.50742,1.00,1.75
2015.01.23 18:31:24.546,1.50679,1.50742,1.00,1.75
2015.01.23 18:31:25.297,1.50679,1.50742,1.00,1.75
2015.01.23 18:31:25.859,1.50679,1.50745,1.00,1.75
2015.01.23 18:31:29.491,1.50679,1.50745,1.00,1.75
2015.01.23 18:31:30.058,1.50679,1.50745,1.00,1.75
2015.01.23 18:31:30.515,1.50679,1.50735,1.00,1.75
2015.01.23 18:31:30.932,1.50679,1.50734,1.00,1.37
2015.01.23 18:31:31.033,1.50679,1.50737,1.00,2.25
2015.01.23 18:31:31.546,1.50679,1.50743,1.00,1.75
2015.01.23 18:31:31.753,1.50679,1.50745,1.00,1.75
2015.01.23 18:31:31.854,1.50679,1.50745,1.00,1.75
2015.01.23 18:31:32.108,1.5067,1.50727,1.00,1.75
2015.01.23 18:31:32.209,1.50661,1.50727,1.12,1.75
2015.01.23 18:31:32.831,1.50661,1.50727,1.00,1.75
2015.01.23 18:31:33.341,1.50661,1.50715,1.00,1.75
2015.01.23 18:31:33.648,1.50661,1.50714,1.00,1.37
2015.01.23 18:31:33.750,1.50661,1.50714,1.00,1.75
2015.01.23 18:31:33.956,1.50661,1.50713,1.00,1.37
2015.01.23 18:31:34.057,1.50661,1.50713,1.00,1.75
2015.01.23 18:31:34.882,1.50668,1.50726,1.00,1.75
2015.01.23 18:31:34.933,1.50668,1.50726,1.00,1.75
2015.01.23 18:31:35.654,1.50668,1.50736,1.50,3.00
2015.01.23 18:31:38.964,1.50668,1.5072,1.50,1.75
2015.01.23 18:31:39.281,1.50661,1.50727,1.00,1.75
2015.01.23 18:31:40.798,1.50661,1.50711,1.00,1.50
2015.01.23 18:31:41.208,1.50661,1.50712,1.00,1.37
2015.01.23 18:31:43.760,1.50663,1.50722,1.00,1.75
2015.01.23 18:31:43.811,1.50669,1.50722,1.00,1.37
2015.01.23 18:31:44.178,1.50675,1.50735,1.00,1.75
2015.01.23 18:31:47.434,1.50675,1.50727,1.50,1.50
2015.01.23 18:31:47.535,1.50675,1.50728,1.50,1.37
2015.01.23 18:31:47.636,1.50675,1.50733,1.50,1.75
2015.01.23 18:31:49.654,1.50675,1.50732,1.50,1.75
2015.01.23 18:31:50.021,1.50675,1.50733,1.50,1.75
2015.01.23 18:31:50.122,1.50675,1.50733,1.50,1.75
2015.01.23 18:31:50.429,1.50675,1.50731,1.50,1.75
2015.01.23 18:31:50.530,1.50675,1.50731,1.50,1.00
2015.01.23 18:31:50.732,1.50675,1.50733,1.50,1.50
2015.01.23 18:31:50.833,1.50675,1.50729,1.50,1.00
2015.01.23 18:31:51.343,1.50675,1.5073,1.50,1.50
2015.01.23 18:31:51.649,1.50675,1.5073,1.50,1.75
2015.01.23 18:31:52.361,1.50675,1.50724,1.50,1.75
2015.01.23 18:31:52.462,1.50665,1.50724,1.50,1.75
2015.01.23 18:31:52.667,1.50665,1.50724,1.50,1.75
2015.01.23 18:31:52.847,1.50665,1.50733,1.50,2.25
2015.01.23 18:31:53.281,1.50665,1.50733,1.50,2.25
2015.01.23 18:31:54.957,1.50665,1.50728,1.87,1.75
2015.01.23 18:31:58.646,1.50665,1.50727,1.50,1.75
2015.01.23 18:31:58.964,1.50665,1.50724,1.50,1.75
2015.01.23 18:31:59.279,1.50665,1.5072,1.50,1.75
2015.01.23 18:32:01.854,1.50665,1.50718,1.50,1.75
2015.01.23 18:32:03.258,1.50665,1.50716,1.50,1.75
2015.01.23 18:32:03.359,1.50656,1.50712,1.00,1.75
2015.01.23 18:32:03.460,1.50647,1.50702,1.00,1.75
2015.01.23 18:32:03.511,1.50643,1.50711,1.50,3.00
2015.01.23 18:32:03.561,1.50643,1.50711,1.50,3.00
2015.01.23 18:32:03.662,1.50635,1.50701,1.37,1.75
2015.01.23 18:32:03.713,1.50635,1.50701,1.00,1.75
2015.01.23 18:32:04.015,1.50635,1.5069,1.00,1.75
2015.01.23 18:32:04.066,1.50626,1.5069,1.37,1.75
2015.01.23 18:32:04.166,1.50644,1.50697,1.00,1.00
2015.01.23 18:32:04.267,1.50645,1.50693,1.00,1.00
2015.01.23 18:32:04.593,1.50668,1.50722,1.00,1.00
2015.01.23 18:32:04.643,1.5067,1.50722,1.00,1.00
2015.01.23 18:32:04.694,1.5067,1.50726,1.00,1.00
2015.01.23 18:32:04.795,1.5067,1.50724,1.00,1.00
2015.01.23 18:32:04.859,1.5067,1.50726,1.00,1.00
2015.01.23 18:32:05.146,1.50664,1.50726,2.25,1.00
2015.01.23 18:32:05.515,1.50664,1.50726,2.25,1.75
2015.01.23 18:32:05.935,1.50666,1.50727,1.00,1.75
2015.01.23 18:32:06.410,1.50665,1.50724,1.37,1.87
2015.01.23 18:32:08.196,1.50665,1.50724,1.12,2.25
2015.01.23 18:32:08.297,1.50663,1.50722,1.00,1.37
2015.01.23 18:32:08.449,1.50669,1.50722,1.00,1.37
2015.01.23 18:32:08.600,1.50672,1.50727,1.37,1.00
2015.01.23 18:32:08.801,1.50677,1.50732,1.00,1.97
2015.01.23 18:32:08.902,1.50674,1.50732,1.00,1.50
2015.01.23 18:32:09.103,1.50673,1.50741,2.62,2.25
2015.01.23 18:32:09.154,1.50676,1.50741,1.00,2.25
2015.01.23 18:32:09.482,1.50676,1.50741,1.00,3.00
2015.01.23 18:32:09.752,1.50673,1.50733,1.50,1.00
2015.01.23 18:32:10.004,1.50664,1.50727,1.00,1.00
2015.01.23 18:32:10.155,1.50664,1.50723,1.00,1.00
2015.01.23 18:32:10.508,1.50665,1.50727,1.50,1.00
2015.01.23 18:32:10.659,1.50665,1.50733,1.50,1.50
2015.01.23 18:32:10.710,1.50665,1.50723,1.50,1.00
2015.01.23 18:32:10.811,1.50663,1.50723,1.00,1.50
2015.01.23 18:32:10.861,1.50663,1.50717,1.00,1.00
2015.01.23 18:32:10.962,1.50653,1.50716,1.00,1.00
2015.01.23 18:32:11.355,1.50653,1.50708,1.00,1.00
2015.01.23 18:32:11.406,1.50639,1.50705,1.00,1.60
2015.01.23 18:32:11.506,1.50643,1.50699,1.00,1.00
2015.01.23 18:32:11.817,1.50652,1.50699,1.00,1.00
2015.01.23 18:32:13.377,1.50652,1.50699,1.00,1.60
2015.01.23 18:32:13.427,1.50643,1.50699,1.50,1.97
2015.01.23 18:32:13.528,1.5065,1.50699,1.00,1.12
2015.01.23 18:32:13.973,1.50654,1.50699,1.00,1.12
2015.01.23 18:32:14.506,1.50653,1.50699,1.00,1.12
2015.01.23 18:32:14.605,1.5065,1.50699,1.00,1.12
2015.01.23 18:32:15.071,1.50654,1.50699,1.00,1.12
2015.01.23 18:32:15.223,1.50659,1.50707,1.00,1.37
2015.01.23 18:32:15.324,1.50657,1.50714,1.00,1.75
2015.01.23 18:32:15.968,1.50654,1.50715,1.35,1.75
2015.01.23 18:32:16.836,1.50653,1.50715,1.50,1.75
2015.01.23 18:32:20.145,1.50656,1.50712,1.00,1.75
2015.01.23 18:32:20.658,1.5066,1.50712,1.00,1.75
2015.01.23 18:32:21.248,1.5066,1.50715,1.00,1.75
2015.01.23 18:32:21.576,1.50662,1.50715,1.00,1.75
2015.01.23 18:32:24.202,1.50664,1.50713,1.00,1.75
2015.01.23 18:32:24.737,1.50664,1.50713,1.50,1.75
2015.01.23 18:32:24.989,1.50657,1.50706,1.00,1.37
2015.01.23 18:32:25.090,1.50655,1.50706,1.00,1.37
2015.01.23 18:32:25.745,1.50654,1.50706,1.50,1.37
2015.01.23 18:32:25.846,1.50654,1.50706,1.50,1.37
2015.01.23 18:32:26.925,1.50658,1.50706,1.00,1.37
2015.01.23 18:32:27.077,1.50654,1.50706,1.00,1.37
2015.01.23 18:32:27.183,1.50658,1.50706,1.00,1.37
2015.01.23 18:32:27.388,1.50658,1.50706,1.00,1.00
2015.01.23 18:32:27.889,1.50659,1.50706,1.00,1.00
2015.01.23 18:32:28.041,1.50659,1.50714,1.00,1.50
2015.01.23 18:32:29.567,1.50662,1.50713,1.00,1.37
2015.01.23 18:32:29.936,1.50662,1.50714,1.00,1.75
2015.01.23 18:32:31.094,1.50662,1.50714,1.00,1.75
2015.01.23 18:32:32.105,1.50659,1.50714,1.37,1.12
2015.01.23 18:32:32.207,1.50678,1.50717,1.00,1.37
2015.01.23 18:32:32.308,1.50678,1.50722,1.00,1.12
2015.01.23 18:32:32.359,1.50676,1.50725,1.00,1.87
2015.01.23 18:32:32.410,1.50676,1.50725,1.00,1.75
2015.01.23 18:32:32.633,1.50676,1.50725,1.00,1.50
2015.01.23 18:32:32.734,1.50676,1.50726,1.00,1.75
2015.01.23 18:32:33.687,1.50673,1.50726,1.00,1.75
2015.01.23 18:32:35.632,1.50673,1.50731,1.00,1.37
2015.01.23 18:32:37.532,1.50676,1.50729,1.00,1.37
2015.01.23 18:32:37.834,1.50674,1.5073,1.00,1.75
2015.01.23 18:32:38.189,1.50677,1.50729,1.00,1.75
2015.01.23 18:32:38.490,1.50677,1.50728,1.00,1.75
2015.01.23 18:32:39.295,1.50675,1.50728,1.00,1.75
2015.01.23 18:32:39.868,1.50676,1.50728,1.00,1.75
2015.01.23 18:32:42.140,1.50676,1.50727,1.00,1.75
2015.01.23 18:32:45.680,1.50676,1.50729,1.00,1.75
2015.01.23 18:32:47.871,1.50676,1.5072,1.00,1.75
2015.01.23 18:32:47.972,1.50665,1.50723,1.00,1.75
2015.01.23 18:32:50.494,1.50665,1.50723,1.00,1.75
2015.01.23 18:32:51.885,1.50665,1.50723,1.00,1.75
2015.01.23 18:32:52.665,1.50669,1.50723,1.00,1.75
2015.01.23 18:32:52.715,1.50669,1.50721,1.00,1.75
2015.01.23 18:32:52.824,1.50671,1.50722,1.00,1.75
2015.01.23 18:32:53.876,1.50672,1.50718,1.00,1.75
2015.01.23 18:32:53.927,1.50672,1.50719,1.00,1.37
2015.01.23 18:32:53.985,1.50672,1.50712,1.00,1.00
2015.01.23 18:32:54.035,1.50663,1.50712,1.00,1.75
2015.01.23 18:32:54.338,1.50668,1.50712,1.00,1.75
2015.01.23 18:32:54.640,1.50671,1.50715,1.00,1.75
2015.01.23 18:32:54.899,1.50671,1.50715,1.00,1.37
2015.01.23 18:32:55.000,1.50668,1.50715,1.00,1.37
2015.01.23 18:32:55.402,1.50668,1.50715,1.00,1.75
2015.01.23 18:32:56.435,1.50668,1.50715,1.00,1.12
2015.01.23 18:32:57.836,1.50668,1.50715,1.00,1.75
2015.01.23 18:32:58.055,1.50668,1.50723,1.00,1.75
2015.01.23 18:32:58.106,1.50674,1.50723,1.00,1.75
2015.01.23 18:32:58.266,1.50674,1.50723,1.00,1.37
2015.01.23 18:32:58.952,1.50672,1.50723,1.37,1.37
2015.01.23 18:32:59.053,1.50679,1.50733,1.00,3.75
2015.01.23 18:32:59.357,1.50679,1.50732,1.00,1.75
2015.01.23 18:32:59.408,1.50676,1.50732,1.00,1.75
2015.01.23 18:33:00.441,1.50676,1.50732,1.00,2.25
2015.01.23 18:33:00.973,1.50676,1.50732,1.00,2.25
2015.01.23 18:33:01.345,1.50676,1.50732,1.00,2.25
2015.01.23 18:33:01.698,1.5066,1.50724,1.37,1.75
2015.01.23 18:33:01.799,1.50653,1.50716,1.00,1.75
2015.01.23 18:33:01.924,1.50651,1.50716,1.00,1.75
2015.01.23 18:33:01.974,1.50651,1.50707,1.00,1.75
2015.01.23 18:33:02.276,1.50652,1.50707,1.00,1.75
2015.01.23 18:33:02.377,1.50652,1.50707,1.00,1.00
2015.01.23 18:33:02.912,1.50645,1.50707,1.00,1.00
2015.01.23 18:33:02.962,1.50645,1.50697,1.00,1.00
2015.01.23 18:33:03.063,1.5065,1.50708,1.00,1.50
2015.01.23 18:33:03.164,1.50658,1.50708,1.00,1.50
2015.01.23 18:33:03.686,1.50659,1.50708,1.00,1.50
2015.01.23 18:33:04.128,1.50668,1.50708,1.00,1.87
2015.01.23 18:33:04.654,1.50667,1.50716,1.00,1.75
2015.01.23 18:33:04.705,1.50663,1.50716,1.00,1.75
2015.01.23 18:33:05.827,1.50663,1.50713,1.00,1.75
2015.01.23 18:33:05.877,1.5066,1.50713,1.00,1.75
2015.01.23 18:33:06.743,1.5066,1.50706,1.00,1.00
2015.01.23 18:33:06.843,1.50661,1.50706,1.00,1.37
2015.01.23 18:33:07.448,1.50661,1.50708,1.00,1.75
2015.01.23 18:33:07.627,1.50662,1.50708,1.00,1.37
2015.01.23 18:33:08.428,1.50662,1.50706,1.00,1.00
2015.01.23 18:33:09.145,1.50662,1.50709,1.00,1.87
2015.01.23 18:33:10.036,1.50662,1.50709,1.00,1.87
2015.01.23 18:33:10.388,1.5066,1.50708,1.00,1.37
2015.01.23 18:33:10.489,1.50664,1.50709,1.00,1.87
2015.01.23 18:33:10.791,1.50664,1.50709,1.00,1.87
2015.01.23 18:33:11.474,1.50661,1.50709,1.00,1.87
2015.01.23 18:33:11.799,1.50661,1.50709,1.00,1.87
2015.01.23 18:33:11.849,1.50664,1.50709,1.00,1.87
2015.01.23 18:33:12.397,1.50665,1.50709,1.00,1.50
2015.01.23 18:33:12.498,1.50662,1.50709,1.00,1.87
2015.01.23 18:33:12.599,1.50662,1.50709,1.00,1.87
2015.01.23 18:33:12.700,1.50657,1.50709,1.00,1.87
2015.01.23 18:33:12.801,1.5066,1.50709,1.00,2.25
2015.01.23 18:33:13.130,1.50665,1.50709,1.00,2.25
2015.01.23 18:33:14.049,1.50662,1.50709,1.00,3.00
2015.01.23 18:33:14.100,1.50662,1.50703,1.00,1.37
2015.01.23 18:33:14.150,1.50656,1.507,1.00,1.00
2015.01.23 18:33:14.201,1.50656,1.507,1.00,1.87
2015.01.23 18:33:14.454,1.50651,1.507,1.00,2.25
2015.01.23 18:33:14.706,1.50651,1.507,1.00,2.25
2015.01.23 18:33:15.017,1.50648,1.507,1.00,2.25
2015.01.23 18:33:15.118,1.50647,1.50697,1.00,1.75
2015.01.23 18:33:15.219,1.50642,1.50692,1.00,1.37
2015.01.23 18:33:15.480,1.50645,1.50692,1.00,1.37
2015.01.23 18:33:15.828,1.50645,1.50686,1.00,1.00
2015.01.23 18:33:15.879,1.5064,1.50686,1.00,1.00
2015.01.23 18:33:15.984,1.50635,1.50686,1.12,1.00
2015.01.23 18:33:16.237,1.50639,1.50689,1.00,1.00
2015.01.23 18:33:16.712,1.50639,1.50692,1.00,2.25
2015.01.23 18:33:17.025,1.50641,1.50692,1.00,1.50
2015.01.23 18:33:17.367,1.50645,1.50692,1.00,1.75
2015.01.23 18:33:17.418,1.50641,1.50692,1.00,1.75
2015.01.23 18:33:17.930,1.50641,1.5069,1.00,1.37
2015.01.23 18:33:17.981,1.50646,1.50692,1.00,1.50
2015.01.23 18:33:18.132,1.50646,1.50692,1.00,1.37
2015.01.23 18:33:18.435,1.50648,1.50692,1.00,1.00
2015.01.23 18:33:18.938,1.50647,1.50692,1.00,1.75
2015.01.23 18:33:18.989,1.5064,1.50692,1.00,1.75
2015.01.23 18:33:19.191,1.50633,1.50683,1.00,1.00
2015.01.23 18:33:19.241,1.50633,1.50683,1.00,1.75
2015.01.23 18:33:19.585,1.50631,1.50676,1.00,1.37
2015.01.23 18:33:19.916,1.50635,1.50676,1.00,1.37
2015.01.23 18:33:20.469,1.50635,1.50676,1.00,1.37
2015.01.23 18:33:20.780,1.50637,1.50676,1.00,1.12
2015.01.23 18:33:20.831,1.50635,1.50676,1.00,1.12
2015.01.23 18:33:21.378,1.5063,1.50676,1.00,1.00
2015.01.23 18:33:21.692,1.50636,1.50676,1.00,1.00
2015.01.23 18:33:21.843,1.50633,1.50676,1.00,1.00
2015.01.23 18:33:22.095,1.50633,1.50684,1.00,1.00
2015.01.23 18:33:22.365,1.5063,1.50684,1.00,1.00
2015.01.23 18:33:22.764,1.5063,1.50684,1.00,1.75
2015.01.23 18:33:24.925,1.50631,1.50676,1.00,1.87
2015.01.23 18:33:26.133,1.50629,1.50676,1.00,1.87
2015.01.23 18:33:26.234,1.50632,1.50676,1.00,1.87
2015.01.23 18:33:26.776,1.50634,1.50676,1.00,1.87
2015.01.23 18:33:26.827,1.50634,1.50676,1.00,1.87
2015.01.23 18:33:27.388,1.50634,1.50676,1.00,1.87
2015.01.23 18:33:27.540,1.50637,1.50683,1.00,1.75
2015.01.23 18:33:27.791,1.5063,1.50676,1.00,1.75
2015.01.23 18:33:27.842,1.5063,1.50675,1.00,1.75
2015.01.23 18:33:27.943,1.5063,1.50675,1.00,1.75
2015.01.23 18:33:28.044,1.50627,1.50675,1.00,1.75
2015.01.23 18:33:28.145,1.50625,1.50675,1.00,1.75
2015.01.23 18:33:28.195,1.50627,1.50675,1.00,1.75
2015.01.23 18:33:28.246,1.50627,1.50675,1.00,1.37
2015.01.23 18:33:28.347,1.50632,1.50675,1.00,1.37
2015.01.23 18:33:28.683,1.50629,1.50675,1.00,1.37
2015.01.23 18:33:29.341,1.50629,1.50675,1.00,1.50
2015.01.23 18:33:29.543,1.50626,1.50675,1.00,1.75
2015.01.23 18:33:29.644,1.50623,1.5067,1.00,1.75
2015.01.23 18:33:29.745,1.50623,1.50666,1.00,1.00
2015.01.23 18:33:29.846,1.50625,1.50666,1.00,1.00
2015.01.23 18:33:29.947,1.50625,1.50673,1.00,1.50
2015.01.23 18:33:30.048,1.50625,1.50673,1.00,1.37
2015.01.23 18:33:30.324,1.50627,1.50673,1.00,1.50
2015.01.23 18:33:30.680,1.50629,1.50673,1.00,1.50
2015.01.23 18:33:32.965,1.50631,1.50673,1.00,1.50
2015.01.23 18:33:33.166,1.50617,1.5067,1.00,1.75
2015.01.23 18:33:33.717,1.50618,1.50665,1.00,1.75
2015.01.23 18:33:33.841,1.50612,1.50665,1.00,1.75
2015.01.23 18:33:33.941,1.50612,1.50656,1.00,1.37
2015.01.23 18:33:34.243,1.50606,1.50656,1.00,1.75
2015.01.23 18:33:34.294,1.50609,1.50656,1.00,1.75
2015.01.23 18:33:34.627,1.50609,1.50656,1.00,2.25
2015.01.23 18:33:35.714,1.50606,1.50656,1.00,1.75
2015.01.23 18:33:36.365,1.50605,1.50656,1.00,1.75
2015.01.23 18:33:36.670,1.506,1.50656,1.00,1.75
2015.01.23 18:33:36.979,1.506,1.50651,1.00,1.75
2015.01.23 18:33:39.293,1.506,1.50646,1.00,1.37
2015.01.23 18:33:39.908,1.506,1.50648,1.00,1.37
2015.01.23 18:33:40.701,1.506,1.50648,1.00,1.75
2015.01.23 18:33:40.751,1.50594,1.50648,1.00,1.75
2015.01.23 18:33:40.802,1.50594,1.50648,1.00,1.75
2015.01.23 18:33:40.903,1.50591,1.50648,1.00,1.75
2015.01.23 18:33:41.104,1.50598,1.50648,1.00,1.75
2015.01.23 18:33:41.425,1.50605,1.50648,1.00,1.37
2015.01.23 18:33:43.112,1.50605,1.50648,1.00,2.25
2015.01.23 18:33:43.163,1.50603,1.50648,1.00,2.25
2015.01.23 18:33:45.134,1.50605,1.50648,1.00,1.75
2015.01.23 18:33:45.464,1.50607,1.50648,1.00,1.75
2015.01.23 18:33:46.000,1.50607,1.50648,1.00,1.75
2015.01.23 18:33:47.325,1.50607,1.50645,1.00,1.75
2015.01.23 18:33:47.376,1.50594,1.50645,1.00,1.75
2015.01.23 18:33:47.952,1.50594,1.50648,1.00,2.25
2015.01.23 18:33:48.354,1.50601,1.50648,1.00,1.37
2015.01.23 18:33:48.660,1.50605,1.50648,1.00,1.87
2015.01.23 18:33:49.118,1.50599,1.50648,1.00,1.87
2015.01.23 18:33:49.168,1.50599,1.50648,1.00,2.25
2015.01.23 18:33:49.505,1.50602,1.50648,1.00,2.25
2015.01.23 18:33:50.934,1.50602,1.50648,1.00,2.25
2015.01.23 18:33:50.985,1.50596,1.50648,1.00,2.25
2015.01.23 18:33:51.036,1.50596,1.50648,1.00,1.87
2015.01.23 18:33:51.086,1.506,1.50647,1.00,1.37
2015.01.23 18:33:51.790,1.50601,1.50648,1.00,2.25
2015.01.23 18:33:52.278,1.50601,1.50648,1.00,2.25
2015.01.23 18:33:52.329,1.50594,1.50639,1.00,1.00
2015.01.23 18:33:52.379,1.50594,1.50639,1.00,1.87
2015.01.23 18:33:52.701,1.50596,1.50639,1.00,1.50
2015.01.23 18:33:53.149,1.50596,1.50639,1.00,1.87
2015.01.23 18:33:53.363,1.50596,1.50639,1.00,1.50
2015.01.23 18:33:53.534,1.506,1.50639,1.00,1.00
2015.01.23 18:33:53.585,1.506,1.50647,1.00,1.00
2015.01.23 18:33:53.635,1.50604,1.50647,1.00,1.00
2015.01.23 18:33:53.964,1.50607,1.50647,1.00,1.00
2015.01.23 18:33:55.169,1.50607,1.50655,1.00,1.75
2015.01.23 18:33:57.564,1.50604,1.50655,1.00,2.25
2015.01.23 18:33:58.120,1.50604,1.50652,1.00,1.37
2015.01.23 18:34:00.644,1.506,1.5065,1.00,1.37
2015.01.23 18:34:01.116,1.50603,1.50655,1.00,1.75
2015.01.23 18:34:01.167,1.50603,1.50655,1.37,1.00
2015.01.23 18:34:01.218,1.50616,1.50655,1.00,1.00
2015.01.23 18:34:01.268,1.50616,1.50657,1.00,1.12
2015.01.23 18:34:01.470,1.50616,1.50662,1.00,1.37
2015.01.23 18:34:01.571,1.50618,1.50662,1.00,1.37
2015.01.23 18:34:01.889,1.50613,1.50662,1.00,1.37
2015.01.23 18:34:02.239,1.50613,1.50662,1.00,1.37
2015.01.23 18:34:06.763,1.50613,1.50662,1.00,1.75
2015.01.23 18:34:06.914,1.50613,1.50662,1.00,1.37
2015.01.23 18:34:10.334,1.50609,1.5066,1.00,1.35
2015.01.23 18:34:10.485,1.50586,1.50643,1.37,1.37
2015.01.23 18:34:10.536,1.50586,1.50643,1.37,1.50
2015.01.23 18:34:10.637,1.50586,1.50649,1.37,1.75
2015.01.23 18:34:10.687,1.50594,1.50649,1.50,1.75
2015.01.23 18:34:11.015,1.50594,1.50641,1.00,1.87
2015.01.23 18:34:12.439,1.50594,1.50649,1.37,1.87
2015.01.23 18:34:13.504,1.50594,1.50649,1.97,1.37
2015.01.23 18:34:13.554,1.506,1.50649,1.72,1.00
2015.01.23 18:34:13.655,1.50606,1.50649,1.00,1.00
2015.01.23 18:34:13.706,1.50606,1.50655,1.00,1.37
2015.01.23 18:34:13.858,1.50605,1.50655,2.47,1.00
2015.01.23 18:34:13.908,1.50605,1.50663,2.47,1.37
2015.01.23 18:34:14.026,1.50615,1.50663,1.60,1.37
2015.01.23 18:34:14.076,1.50615,1.50663,1.00,1.37
2015.01.23 18:34:14.580,1.50616,1.50663,1.00,1.37
2015.01.23 18:34:14.848,1.50618,1.50663,1.37,1.00
2015.01.23 18:34:14.898,1.50618,1.50672,1.37,1.75
2015.01.23 18:34:15.469,1.50619,1.50672,1.00,1.75
2015.01.23 18:34:15.570,1.50619,1.50672,1.00,1.75
2015.01.23 18:34:15.724,1.50617,1.50672,1.12,1.75
2015.01.23 18:34:17.069,1.50617,1.50672,1.37,1.37
2015.01.23 18:34:17.780,1.50617,1.50672,1.00,1.75
2015.01.23 18:34:18.470,1.50617,1.50672,1.37,1.37
2015.01.23 18:34:19.268,1.50617,1.50665,1.00,1.00
2015.01.23 18:34:19.584,1.50615,1.50664,1.00,1.37
2015.01.23 18:34:20.254,1.50613,1.50664,1.00,1.37
2015.01.23 18:34:20.305,1.50613,1.50656,1.00,1.37
2015.01.23 18:34:20.356,1.50603,1.50656,1.87,1.37
2015.01.23 18:34:20.507,1.50603,1.50656,1.50,1.50
2015.01.23 18:34:20.860,1.50605,1.50656,1.00,1.50
2015.01.23 18:34:21.012,1.50609,1.50656,1.00,1.12
2015.01.23 18:34:21.899,1.50604,1.50656,1.00,1.75
2015.01.23 18:34:22.102,1.50596,1.50656,1.00,2.25
2015.01.23 18:34:23.278,1.50596,1.50656,1.00,1.75
2015.01.23 18:34:23.329,1.50593,1.50649,1.00,1.75
2015.01.23 18:34:23.380,1.50593,1.50645,1.37,1.12
2015.01.23 18:34:23.531,1.50596,1.50644,1.00,1.00
2015.01.23 18:34:23.893,1.506,1.50644,1.00,1.00
2015.01.23 18:34:23.947,1.506,1.50652,1.00,1.37
2015.01.23 18:34:24.405,1.506,1.50652,1.00,1.75
2015.01.23 18:34:26.033,1.506,1.50651,1.00,1.75
2015.01.23 18:34:26.084,1.506,1.50651,1.00,1.50
2015.01.23 18:34:31.392,1.506,1.50652,1.00,1.50
2015.01.23 18:34:31.774,1.50603,1.50652,1.00,1.50
2015.01.23 18:34:32.618,1.50603,1.50652,1.00,1.75
2015.01.23 18:34:32.669,1.50596,1.50652,1.00,3.00
2015.01.23 18:34:34.214,1.50599,1.50644,1.00,1.50
2015.01.23 18:34:34.315,1.50593,1.50644,1.00,2.25
2015.01.23 18:34:34.516,1.50594,1.50644,1.00,1.87
2015.01.23 18:34:36.415,1.50594,1.50644,1.00,2.25
2015.01.23 18:34:36.753,1.50594,1.50644,1.00,1.87
2015.01.23 18:34:40.111,1.50594,1.50644,1.50,1.50
2015.01.23 18:34:40.262,1.50597,1.50644,1.00,1.50
2015.01.23 18:34:41.144,1.50604,1.50644,1.60,1.50
2015.01.23 18:34:41.245,1.50607,1.50653,1.00,1.50
2015.01.23 18:34:41.777,1.50607,1.50659,1.00,1.50
2015.01.23 18:34:41.959,1.50607,1.50659,1.00,1.37
2015.01.23 18:34:43.420,1.50607,1.50659,1.00,1.75
2015.01.23 18:34:43.741,1.50607,1.50659,1.00,1.75
2015.01.23 18:34:45.458,1.50607,1.50657,1.00,1.37
2015.01.23 18:34:45.559,1.5061,1.50659,1.00,1.37
2015.01.23 18:34:46.068,1.50609,1.50659,1.00,1.37
2015.01.23 18:34:46.361,1.5061,1.50659,1.60,1.00
2015.01.23 18:34:46.646,1.50613,1.50659,1.00,1.00
2015.01.23 18:34:46.949,1.50617,1.50666,1.00,1.00
2015.01.23 18:34:47.050,1.50617,1.5067,1.37,1.50
2015.01.23 18:34:47.101,1.50622,1.5067,1.00,1.50
2015.01.23 18:34:48.356,1.50622,1.5067,1.00,2.25
2015.01.23 18:34:48.406,1.5062,1.5067,1.00,2.25
2015.01.23 18:34:49.733,1.50618,1.5067,1.00,2.25
2015.01.23 18:34:51.951,1.50618,1.5067,1.00,1.87
2015.01.23 18:34:55.092,1.50618,1.5067,1.00,2.25
2015.01.23 18:34:55.431,1.50617,1.50666,1.00,1.75
2015.01.23 18:34:55.733,1.50617,1.5067,1.60,2.25
2015.01.23 18:34:55.783,1.50621,1.5067,1.60,2.25
2015.01.23 18:34:56.162,1.50621,1.5067,1.60,2.25
2015.01.23 18:34:56.263,1.50617,1.5067,1.00,2.25
2015.01.23 18:34:56.314,1.50614,1.5067,1.00,2.25
2015.01.23 18:34:56.992,1.50613,1.5066,1.00,1.37
2015.01.23 18:34:58.412,1.50611,1.5066,1.00,1.50
2015.01.23 18:34:59.463,1.50613,1.5066,1.00,1.50
2015.01.23 18:35:00.607,1.50611,1.5066,1.00,1.50
2015.01.23 18:35:01.324,1.50611,1.5066,1.00,1.75
2015.01.23 18:35:01.374,1.50607,1.50658,1.00,1.75
2015.01.23 18:35:01.600,1.50609,1.50659,1.00,1.75
2015.01.23 18:35:02.389,1.50609,1.50659,1.00,1.37
2015.01.23 18:35:02.490,1.50611,1.5066,1.00,1.50
2015.01.23 18:35:05.150,1.50609,1.5066,1.00,1.50
2015.01.23 18:35:05.395,1.50609,1.5066,1.00,1.37
2015.01.23 18:35:05.778,1.50604,1.5066,1.12,1.37
2015.01.23 18:35:05.829,1.50604,1.5066,1.00,1.75
2015.01.23 18:35:06.393,1.50603,1.50653,1.00,1.37
2015.01.23 18:35:06.713,1.50607,1.50653,1.00,1.37
2015.01.23 18:35:06.764,1.50604,1.50653,1.00,1.37
2015.01.23 18:35:12.731,1.50597,1.50652,1.00,1.75
2015.01.23 18:35:12.832,1.50601,1.50653,1.00,1.75
2015.01.23 18:35:14.416,1.50601,1.50653,1.00,3.00
2015.01.23 18:35:17.122,1.50601,1.50653,1.00,1.50
2015.01.23 18:35:19.644,1.50598,1.50653,1.00,1.50
2015.01.23 18:35:20.432,1.50598,1.5065,1.00,1.75
2015.01.23 18:35:20.533,1.50594,1.5065,1.37,1.75
2015.01.23 18:35:20.635,1.50598,1.50649,1.00,1.50
2015.01.23 18:35:20.735,1.50595,1.50646,1.12,1.37
2015.01.23 18:35:26.825,1.50596,1.50647,1.00,1.37
2015.01.23 18:35:26.876,1.50596,1.50647,1.37,1.00
2015.01.23 18:35:27.384,1.50598,1.50646,1.12,1.00
2015.01.23 18:35:27.816,1.50595,1.50645,1.00,1.00
2015.01.23 18:35:27.866,1.50595,1.50635,1.00,1.37
2015.01.23 18:35:27.917,1.50583,1.50635,1.00,1.37
2015.01.23 18:35:27.968,1.5058,1.50633,1.00,2.25
2015.01.23 18:35:28.287,1.50591,1.50633,1.00,1.87
2015.01.23 18:35:29.578,1.50591,1.50633,1.37,1.50
2015.01.23 18:35:29.681,1.50596,1.50643,1.00,1.00
2015.01.23 18:35:29.782,1.50606,1.50643,1.00,1.00
2015.01.23 18:35:29.883,1.50604,1.50651,1.00,1.12
2015.01.23 18:35:29.984,1.50599,1.50651,1.37,1.12
2015.01.23 18:35:30.861,1.50603,1.50651,1.00,1.12
2015.01.23 18:35:31.622,1.50601,1.50651,1.00,1.12
2015.01.23 18:35:31.779,1.50601,1.50651,1.00,1.37
2015.01.23 18:35:31.842,1.50598,1.50651,1.00,1.37
2015.01.23 18:35:31.952,1.50601,1.50651,1.00,1.37
2015.01.23 18:35:32.355,1.50601,1.50646,1.00,1.00
2015.01.23 18:35:32.633,1.5059,1.50643,1.00,1.75
2015.01.23 18:35:32.683,1.5059,1.50643,1.00,2.25
2015.01.23 18:35:32.734,1.50587,1.50643,1.00,2.25
2015.01.23 18:35:33.713,1.50585,1.50636,1.00,1.37
2015.01.23 18:35:34.099,1.50585,1.50636,1.37,1.00
2015.01.23 18:35:34.199,1.50587,1.50643,1.37,2.62
2015.01.23 18:35:34.300,1.5059,1.50643,1.37,2.62
2015.01.23 18:35:34.602,1.50595,1.50646,1.12,1.00
2015.01.23 18:35:36.347,1.50595,1.50646,1.72,1.00
2015.01.23 18:35:36.599,1.50607,1.50656,1.72,1.00
2015.01.23 18:35:37.110,1.50604,1.50657,1.97,1.00
2015.01.23 18:35:37.672,1.50608,1.50652,1.00,1.00
2015.01.23 18:35:37.722,1.50595,1.50652,1.75,1.87
2015.01.23 18:35:37.773,1.50597,1.50649,1.35,1.00
2015.01.23 18:35:38.076,1.50601,1.50652,1.35,1.00
2015.01.23 18:35:38.126,1.50601,1.50657,1.67,1.00
2015.01.23 18:35:39.883,1.50594,1.50654,1.75,1.00
2015.01.23 18:35:39.933,1.50594,1.50654,1.37,1.37
2015.01.23 18:35:40.929,1.50597,1.50652,1.75,1.00
2015.01.23 18:35:40.979,1.50598,1.50654,1.75,1.12
2015.01.23 18:35:41.030,1.50598,1.50654,1.75,1.00
2015.01.23 18:35:41.902,1.50602,1.50654,1.75,1.00
2015.01.23 18:35:41.953,1.50602,1.50656,1.75,1.00
2015.01.23 18:35:42.003,1.50602,1.50657,1.75,1.00
2015.01.23 18:35:42.211,1.50609,1.50662,1.37,1.12
2015.01.23 18:35:43.170,1.5061,1.5066,1.37,1.00
2015.01.23 18:35:43.472,1.50608,1.50656,1.00,1.37
2015.01.23 18:35:43.987,1.50608,1.50656,1.00,1.00
2015.01.23 18:35:45.621,1.50608,1.50656,1.37,1.00
2015.01.23 18:35:45.723,1.50608,1.50662,1.37,1.12
2015.01.23 18:35:45.823,1.50611,1.50662,1.00,1.12
2015.01.23 18:35:46.337,1.50611,1.50662,1.00,1.37
2015.01.23 18:35:46.388,1.50608,1.50662,1.12,1.37
2015.01.23 18:35:46.691,1.50608,1.50657,1.00,1.00
2015.01.23 18:35:46.742,1.50605,1.50657,1.12,1.00
2015.01.23 18:35:47.454,1.50605,1.50657,1.50,1.37
2015.01.23 18:35:47.504,1.5061,1.50662,1.00,1.75
2015.01.23 18:35:47.555,1.5061,1.50662,1.00,1.37
2015.01.23 18:35:47.605,1.50614,1.50662,1.00,1.00
2015.01.23 18:35:47.656,1.50614,1.50667,1.00,1.37
2015.01.23 18:35:47.706,1.50618,1.50667,1.00,1.12
2015.01.23 18:35:47.808,1.50616,1.50667,1.00,1.12
2015.01.23 18:35:48.123,1.50619,1.50667,1.00,1.12
2015.01.23 18:35:48.659,1.50619,1.50666,1.00,1.00
2015.01.23 18:35:48.911,1.50617,1.50676,1.37,1.37
2015.01.23 18:35:49.012,1.50618,1.50676,1.37,1.37
2015.01.23 18:35:49.689,1.50622,1.50677,1.00,1.87
2015.01.23 18:35:49.739,1.50622,1.50677,1.37,1.87
2015.01.23 18:35:50.071,1.50625,1.50685,1.37,1.50
2015.01.23 18:35:50.122,1.50628,1.50685,1.00,1.50
2015.01.23 18:35:50.959,1.50628,1.50685,1.12,1.37
2015.01.23 18:35:52.494,1.50629,1.50685,1.50,1.37
2015.01.23 18:35:52.544,1.50629,1.50685,1.87,1.37
2015.01.23 18:35:52.645,1.50633,1.50685,1.00,1.37
2015.01.23 18:35:53.005,1.50635,1.50685,1.00,1.37
2015.01.23 18:35:53.056,1.50635,1.50686,1.00,1.00
2015.01.23 18:35:53.258,1.5063,1.50687,1.75,1.00
2015.01.23 18:35:53.308,1.50637,1.50694,1.12,1.37
2015.01.23 18:35:53.359,1.50637,1.50696,1.37,1.37
2015.01.23 18:35:53.460,1.50637,1.50696,1.37,1.37
2015.01.23 18:35:54.032,1.50637,1.50696,1.37,1.37
2015.01.23 18:35:56.241,1.50637,1.50696,1.37,1.37
2015.01.23 18:35:56.602,1.50636,1.50696,2.25,1.50
2015.01.23 18:35:58.878,1.50636,1.50693,1.87,1.35
2015.01.23 18:35:58.980,1.50634,1.5069,1.87,1.50
2015.01.23 18:35:59.081,1.5063,1.50691,1.37,1.75
2015.01.23 18:35:59.428,1.50629,1.50687,1.12,1.75
2015.01.23 18:35:59.941,1.50632,1.50686,1.00,1.75
2015.01.23 18:36:00.891,1.50634,1.50687,1.00,2.25
2015.01.23 18:36:00.942,1.50634,1.50687,1.00,2.25
2015.01.23 18:36:06.941,1.50632,1.50687,1.00,1.75
2015.01.23 18:36:07.509,1.50634,1.50687,1.00,1.75
2015.01.23 18:36:07.560,1.50634,1.50687,1.37,1.37
2015.01.23 18:36:07.611,1.50643,1.50687,1.00,1.37
2015.01.23 18:36:11.378,1.50636,1.50687,1.00,1.00
2015.01.23 18:36:11.479,1.50642,1.50686,1.00,1.00
2015.01.23 18:36:11.781,1.50646,1.50686,1.00,1.00
2015.01.23 18:36:11.831,1.50644,1.50686,1.00,1.00
2015.01.23 18:36:12.552,1.50641,1.50686,1.00,1.00
2015.01.23 18:36:12.779,1.50641,1.50686,1.00,1.37
2015.01.23 18:36:14.752,1.50643,1.50687,1.00,1.37
2015.01.23 18:36:14.803,1.50643,1.50687,1.00,1.00
2015.01.23 18:36:15.316,1.50642,1.50686,1.00,1.00
2015.01.23 18:36:15.821,1.50642,1.50686,1.00,1.37
2015.01.23 18:36:16.847,1.50644,1.50686,1.00,1.37
2015.01.23 18:36:16.998,1.50639,1.50686,1.00,2.25
2015.01.23 18:36:17.549,1.50638,1.50686,1.00,1.50
2015.01.23 18:36:20.251,1.50636,1.50686,1.00,1.50
2015.01.23 18:36:21.243,1.50638,1.50686,1.00,1.50
2015.01.23 18:36:23.292,1.50638,1.50687,1.00,1.37
2015.01.23 18:36:25.091,1.50639,1.50686,1.00,1.37
2015.01.23 18:36:25.142,1.50639,1.50686,1.00,1.12
2015.01.23 18:36:25.679,1.50639,1.50685,1.00,1.00
2015.01.23 18:36:25.730,1.50639,1.50685,1.00,1.50
2015.01.23 18:36:26.063,1.50636,1.50685,1.00,1.75
2015.01.23 18:36:29.712,1.50633,1.50686,1.00,1.75
2015.01.23 18:36:30.525,1.50637,1.50688,1.00,1.87
2015.01.23 18:36:30.626,1.5064,1.50687,1.00,1.37
2015.01.23 18:36:31.142,1.50639,1.50688,1.00,1.37
2015.01.23 18:36:31.912,1.50643,1.50688,1.00,1.12
2015.01.23 18:36:34.562,1.50639,1.50688,1.00,1.37
2015.01.23 18:36:34.777,1.50643,1.50688,1.00,1.37
2015.01.23 18:36:34.917,1.50643,1.50688,1.00,1.37
2015.01.23 18:36:35.118,1.50641,1.50688,1.00,1.37
2015.01.23 18:36:36.091,1.50645,1.50688,1.00,1.37
2015.01.23 18:36:36.343,1.50629,1.50677,1.00,1.50
2015.01.23 18:36:36.444,1.50626,1.50676,1.00,1.50
2015.01.23 18:36:36.545,1.50624,1.50676,1.00,1.75
2015.01.23 18:36:37.001,1.50624,1.50666,1.00,1.00
2015.01.23 18:36:37.334,1.50626,1.50667,1.00,1.00
2015.01.23 18:36:37.741,1.50626,1.50667,1.00,1.37
2015.01.23 18:36:39.528,1.50626,1.50667,1.00,1.00
2015.01.23 18:36:40.403,1.50623,1.50667,1.12,1.00
2015.01.23 18:36:40.604,1.50627,1.50666,1.00,1.00
2015.01.23 18:36:40.705,1.50627,1.50676,1.37,1.00
2015.01.23 18:36:40.959,1.50625,1.50666,1.37,1.00
2015.01.23 18:36:41.060,1.50622,1.50677,1.00,1.75
2015.01.23 18:36:41.161,1.50622,1.50669,1.00,1.12
2015.01.23 18:36:41.363,1.50622,1.50666,1.00,1.00
2015.01.23 18:36:41.824,1.50626,1.50666,1.00,1.00
2015.01.23 18:36:41.874,1.50626,1.50669,1.00,1.12
2015.01.23 18:36:42.035,1.50623,1.50669,1.00,1.12
2015.01.23 18:36:44.443,1.50623,1.50677,2.25,1.50
2015.01.23 18:36:44.650,1.50632,1.50686,1.00,2.85
2015.01.23 18:36:44.750,1.50632,1.50686,1.37,1.35
2015.01.23 18:36:44.801,1.5064,1.50686,1.00,1.35
2015.01.23 18:36:45.111,1.50644,1.50694,1.00,1.35
2015.01.23 18:36:45.483,1.50641,1.50694,1.00,1.35
2015.01.23 18:36:46.281,1.50641,1.50691,1.00,1.12
2015.01.23 18:36:46.651,1.50643,1.50695,1.00,1.87
2015.01.23 18:36:47.565,1.50648,1.50696,1.00,1.12
2015.01.23 18:36:47.867,1.50652,1.50702,1.00,1.75
2015.01.23 18:36:48.275,1.50652,1.50702,1.00,1.75
2015.01.23 18:36:48.326,1.50649,1.50702,1.00,1.75
2015.01.23 18:36:48.427,1.50643,1.50702,1.00,1.75
2015.01.23 18:36:49.008,1.50644,1.50697,1.00,1.50
2015.01.23 18:36:53.590,1.50644,1.50702,1.50,1.75
2015.01.23 18:36:55.910,1.50644,1.50696,1.00,1.75
2015.01.23 18:36:56.061,1.50627,1.50681,1.00,1.75
2015.01.23 18:36:56.416,1.50626,1.50681,1.37,1.75
2015.01.23 18:36:57.140,1.50626,1.50681,1.00,1.75
2015.01.23 18:36:57.241,1.50624,1.50672,1.00,1.00
2015.01.23 18:36:57.534,1.50624,1.50672,1.00,1.37
2015.01.23 18:36:58.079,1.50625,1.50672,1.00,1.37
2015.01.23 18:36:58.971,1.50626,1.50672,1.00,1.37
2015.01.23 18:36:59.139,1.50626,1.50672,1.00,1.12
2015.01.23 18:37:10.668,1.50628,1.50672,1.00,1.00
2015.01.23 18:37:17.368,1.50628,1.50674,1.00,1.00
2015.01.23 18:37:17.880,1.50628,1.50676,1.00,1.37
2015.01.23 18:37:20.220,1.50631,1.50676,1.00,1.37
2015.01.23 18:37:20.422,1.50635,1.50686,1.00,1.37
2015.01.23 18:37:20.472,1.50637,1.50686,1.00,1.37
2015.01.23 18:37:21.140,1.50638,1.50686,1.00,1.37
2015.01.23 18:37:23.170,1.50641,1.50686,1.00,1.37
2015.01.23 18:37:24.992,1.50648,1.50687,1.00,1.00
2015.01.23 18:37:25.043,1.50648,1.50693,1.00,1.37
2015.01.23 18:37:25.094,1.50651,1.50694,1.00,1.75
2015.01.23 18:37:25.195,1.50646,1.50696,1.00,1.50
2015.01.23 18:37:25.296,1.50646,1.50696,1.00,1.75
2015.01.23 18:37:29.711,1.50645,1.50696,1.00,1.75
2015.01.23 18:37:29.812,1.50649,1.50694,1.00,1.75
2015.01.23 18:37:29.914,1.50649,1.50693,1.00,1.37
2015.01.23 18:37:30.141,1.50646,1.50693,1.00,1.37
2015.01.23 18:37:30.409,1.50646,1.50694,1.00,1.12
2015.01.23 18:37:30.510,1.50649,1.50701,1.00,1.75
2015.01.23 18:37:31.015,1.50648,1.50701,1.00,1.75
2015.01.23 18:37:32.915,1.50649,1.50701,1.00,1.75
2015.01.23 18:37:36.192,1.50649,1.50701,1.00,1.37
2015.01.23 18:37:37.026,1.50649,1.50701,1.37,1.00
2015.01.23 18:37:37.280,1.50654,1.50701,1.00,1.00
2015.01.23 18:37:37.822,1.50653,1.50707,1.00,1.50
2015.01.23 18:37:39.228,1.50653,1.5071,1.87,2.25
2015.01.23 18:37:39.518,1.50657,1.5071,1.00,2.25
2015.01.23 18:37:40.393,1.50653,1.5071,1.37,2.85
2015.01.23 18:37:40.444,1.50653,1.50702,1.00,1.75
2015.01.23 18:37:40.495,1.50647,1.50702,1.00,1.75
2015.01.23 18:37:41.549,1.50647,1.50702,1.00,1.75
2015.01.23 18:37:42.699,1.5065,1.50702,1.00,2.25
2015.01.23 18:37:49.313,1.50643,1.50702,1.37,2.25
2015.01.23 18:37:49.421,1.50643,1.50699,1.37,1.75
2015.01.23 18:37:54.637,1.50643,1.50702,1.00,1.75
2015.01.23 18:37:55.280,1.50638,1.50695,1.37,1.37
2015.01.23 18:38:00.259,1.50638,1.50696,1.37,1.75
2015.01.23 18:38:02.092,1.50634,1.50696,1.12,2.25
2015.01.23 18:38:02.408,1.50626,1.50663,1.00,1.00
2015.01.23 18:38:02.711,1.50609,1.50655,1.51,1.00
2015.01.23 18:38:02.762,1.50593,1.50655,1.00,1.00
2015.01.23 18:38:02.913,1.50589,1.50655,1.37,1.00
2015.01.23 18:38:03.167,1.50594,1.50655,1.37,1.37
2015.01.23 18:38:03.473,1.50591,1.50652,1.75,1.50
2015.01.23 18:38:03.780,1.50589,1.50648,1.50,1.75
2015.01.23 18:38:04.192,1.50589,1.50653,2.25,2.25
2015.01.23 18:38:07.360,1.50589,1.50653,2.25,2.25
2015.01.23 18:38:07.881,1.50595,1.50653,1.75,1.37
2015.01.23 18:38:10.601,1.50589,1.50655,1.75,1.37
2015.01.23 18:38:12.990,1.50591,1.50655,1.37,1.75
2015.01.23 18:38:15.419,1.50589,1.50651,1.75,1.50
2015.01.23 18:38:16.890,1.5059,1.5065,1.75,1.37
2015.01.23 18:38:17.203,1.50594,1.50655,1.75,1.87
2015.01.23 18:38:18.203,1.50594,1.50652,1.37,1.75
2015.01.23 18:38:18.716,1.50589,1.50655,1.75,1.37
2015.01.23 18:38:19.386,1.50589,1.50655,1.75,1.75
2015.01.23 18:38:20.212,1.50591,1.50652,1.75,1.75
2015.01.23 18:38:20.722,1.50593,1.50654,1.75,1.75
2015.01.23 18:38:20.930,1.50592,1.50655,1.37,2.25
2015.01.23 18:38:21.533,1.50589,1.50651,1.37,1.75
2015.01.23 18:38:22.112,1.50589,1.50651,1.75,1.37
2015.01.23 18:38:24.997,1.50588,1.50651,1.50,1.50
2015.01.23 18:38:27.003,1.50588,1.50651,1.50,1.75
2015.01.23 18:38:27.305,1.50586,1.50647,2.25,1.75
2015.01.23 18:38:27.649,1.50586,1.50652,1.75,1.75
2015.01.23 18:38:29.751,1.50588,1.50651,1.75,1.75
2015.01.23 18:38:29.852,1.50594,1.50652,1.50,1.87
2015.01.23 18:38:29.953,1.50596,1.50652,1.75,1.00
2015.01.23 18:38:31.160,1.5059,1.50652,1.75,1.12
2015.01.23 18:38:31.211,1.5059,1.50647,1.75,1.00
2015.01.23 18:38:31.261,1.5059,1.50647,1.75,1.00
2015.01.23 18:38:31.312,1.50586,1.5064,1.75,1.00
2015.01.23 18:38:31.363,1.5058,1.5064,1.75,1.12
2015.01.23 18:38:31.413,1.50577,1.50636,3.00,1.37
2015.01.23 18:38:31.715,1.50577,1.50635,1.50,1.37
2015.01.23 18:38:43.278,1.50578,1.50635,1.00,1.75
2015.01.23 18:38:43.329,1.50574,1.50628,1.37,1.12
2015.01.23 18:38:43.380,1.50574,1.50627,1.37,1.37
2015.01.23 18:38:43.884,1.50574,1.50627,1.37,1.37
2015.01.23 18:38:45.989,1.50574,1.50627,1.37,1.00
2015.01.23 18:38:46.319,1.50574,1.50627,1.75,1.00
2015.01.23 18:38:46.600,1.50576,1.50635,1.50,1.37
2015.01.23 18:38:48.854,1.50575,1.50635,1.75,1.37
2015.01.23 18:38:49.055,1.50573,1.50635,1.75,1.12
2015.01.23 18:38:49.670,1.50573,1.50635,1.75,1.00
2015.01.23 18:38:50.093,1.50573,1.50635,1.75,1.00
2015.01.23 18:38:50.287,1.50576,1.50645,2.25,1.37
2015.01.23 18:38:50.388,1.50576,1.50644,1.75,1.37
2015.01.23 18:38:50.489,1.50584,1.50645,1.75,1.87
2015.01.23 18:38:50.797,1.50584,1.50645,1.75,1.12
2015.01.23 18:38:50.898,1.50584,1.50645,1.37,1.50
2015.01.23 18:38:51.268,1.50583,1.50645,1.75,1.37
2015.01.23 18:38:53.869,1.50583,1.50645,1.75,1.12
2015.01.23 18:38:54.371,1.50583,1.50645,1.75,1.00
2015.01.23 18:38:54.522,1.50585,1.50648,1.75,1.00
2015.01.23 18:38:55.043,1.50585,1.50651,1.75,1.87
2015.01.23 18:38:55.610,1.50594,1.50651,1.00,1.75
2015.01.23 18:38:55.660,1.50585,1.50651,1.50,1.75
2015.01.23 18:38:55.711,1.50585,1.50651,1.75,1.37
2015.01.23 18:38:56.013,1.50589,1.50651,1.75,1.00
2015.01.23 18:38:56.215,1.50588,1.50651,1.75,1.00
2015.01.23 18:38:56.315,1.50592,1.50659,1.75,1.37
2015.01.23 18:38:57.404,1.50592,1.50659,1.75,1.12
2015.01.23 18:39:05.017,1.50602,1.50659,1.75,1.00
2015.01.23 18:39:05.118,1.50604,1.50666,1.50,1.37
2015.01.23 18:39:10.029,1.50608,1.50666,1.50,1.12
2015.01.23 18:39:10.349,1.50613,1.50666,1.00,1.75
2015.01.23 18:39:10.500,1.50597,1.50657,1.12,1.37
2015.01.23 18:39:10.551,1.50597,1.50657,1.37,1.37
2015.01.23 18:39:10.652,1.50593,1.50657,1.12,1.00
2015.01.23 18:39:10.702,1.50594,1.5065,1.00,1.00
2015.01.23 18:39:11.011,1.50594,1.50646,1.00,1.37
2015.01.23 18:39:11.139,1.50582,1.50649,1.75,1.75
2015.01.23 18:39:11.240,1.50575,1.50641,1.75,1.00
2015.01.23 18:39:13.039,1.50587,1.50641,1.50,1.00
2015.01.23 18:39:15.216,1.50584,1.50634,2.25,1.00
2015.01.23 18:39:15.317,1.50586,1.50634,1.00,1.00
2015.01.23 18:39:15.419,1.50575,1.50641,1.75,1.00
2015.01.23 18:39:15.520,1.50575,1.50641,1.75,1.00
2015.01.23 18:39:15.822,1.50576,1.50641,1.35,1.37
2015.01.23 18:39:15.923,1.50575,1.50641,1.75,1.00
2015.01.23 18:39:16.024,1.50575,1.50641,1.12,1.00
2015.01.23 18:39:16.125,1.50584,1.5065,1.00,1.00
2015.01.23 18:39:16.461,1.50575,1.50641,1.87,1.00
2015.01.23 18:39:16.782,1.50573,1.50633,1.37,1.00
2015.01.23 18:39:17.219,1.50573,1.50633,1.75,1.00
2015.01.23 18:39:18.354,1.50574,1.50633,1.75,1.00
2015.01.23 18:39:21.128,1.50573,1.50633,1.75,1.00
2015.01.23 18:39:21.827,1.50582,1.50633,1.00,1.00
2015.01.23 18:39:23.527,1.50567,1.50633,1.75,1.00
2015.01.23 18:39:23.734,1.50574,1.50633,1.75,1.00
2015.01.23 18:39:25.857,1.50581,1.50633,1.75,1.00
2015.01.23 18:39:25.959,1.50585,1.50643,1.37,1.37
2015.01.23 18:39:26.241,1.50577,1.50643,1.75,1.12
2015.01.23 18:39:26.543,1.50577,1.50633,1.12,1.37
2015.01.23 18:39:26.694,1.50566,1.50632,1.75,1.37
2015.01.23 18:39:26.880,1.50566,1.50632,1.75,1.37
2015.01.23 18:39:27.372,1.50566,1.50632,1.75,1.37
2015.01.23 18:39:27.947,1.50566,1.50632,1.75,1.37
2015.01.23 18:39:28.257,1.50566,1.50632,1.75,1.00
2015.01.23 18:39:28.560,1.50566,1.50632,1.75,1.00
2015.01.23 18:39:28.975,1.50566,1.50632,2.25,1.00
2015.01.23 18:39:31.089,1.50566,1.50632,1.75,1.00
2015.01.23 18:39:32.279,1.50566,1.50632,1.75,1.00
2015.01.23 18:39:32.864,1.50578,1.50632,1.75,1.00
2015.01.23 18:39:33.066,1.50566,1.50632,1.75,1.00
2015.01.23 18:39:33.267,1.50566,1.50632,2.25,1.37
2015.01.23 18:39:33.388,1.50566,1.50632,2.25,1.12
2015.01.23 18:39:34.790,1.50566,1.50632,1.75,1.37
2015.01.23 18:39:35.418,1.50566,1.50632,1.75,1.37
2015.01.23 18:39:36.688,1.50574,1.50632,1.75,1.00
2015.01.23 18:39:36.908,1.5057,1.50632,1.75,1.37
2015.01.23 18:39:37.813,1.50571,1.50618,1.75,1.00
2015.01.23 18:39:37.913,1.50566,1.50618,1.37,1.12
2015.01.23 18:39:38.014,1.50553,1.50618,1.75,1.37
2015.01.23 18:39:38.379,1.50554,1.50618,1.75,1.12
2015.01.23 18:39:39.099,1.50554,1.50618,1.75,1.37
2015.01.23 18:39:41.088,1.50554,1.50618,1.75,1.00
2015.01.23 18:39:41.390,1.50564,1.50626,1.75,1.37
2015.01.23 18:39:41.492,1.50564,1.50626,1.75,1.50
2015.01.23 18:39:50.097,1.50569,1.50626,1.50,1.37
2015.01.23 18:39:53.847,1.50573,1.50619,1.37,1.00
2015.01.23 18:39:54.358,1.50573,1.50619,1.00,1.00
2015.01.23 18:39:54.862,1.50553,1.50619,2.02,1.00
2015.01.23 18:39:54.968,1.50553,1.50612,2.02,1.00
2015.01.23 18:39:55.119,1.50553,1.50612,1.75,1.50
2015.01.23 18:39:56.038,1.50553,1.50612,1.75,1.87
2015.01.23 18:39:57.430,1.50561,1.5062,1.37,1.37
2015.01.23 18:39:58.129,1.50561,1.5062,1.00,1.75
2015.01.23 18:39:58.674,1.50559,1.5062,1.12,2.25
2015.01.23 18:40:00.033,1.5056,1.50619,1.00,1.50
2015.01.23 18:40:00.134,1.50563,1.50618,1.00,1.37
2015.01.23 18:40:00.682,1.50559,1.50618,1.12,1.37
2015.01.23 18:40:01.730,1.50553,1.5062,1.50,1.75
2015.01.23 18:40:02.687,1.50559,1.50612,1.00,1.37
2015.01.23 18:40:04.376,1.50559,1.50612,1.00,1.37
2015.01.23 18:40:05.394,1.50556,1.50612,1.00,1.37
2015.01.23 18:40:05.584,1.50559,1.50612,1.00,1.37
2015.01.23 18:40:05.660,1.50556,1.50612,1.00,1.37
2015.01.23 18:40:05.761,1.50558,1.50612,1.00,1.37
2015.01.23 18:40:06.297,1.50557,1.50612,1.00,1.37
2015.01.23 18:40:08.891,1.50563,1.50612,1.37,1.00
2015.01.23 18:40:08.992,1.50553,1.50621,3.00,1.00
2015.01.23 18:40:09.093,1.50561,1.50628,1.75,1.37
2015.01.23 18:40:09.494,1.50568,1.50636,1.87,2.25
2015.01.23 18:40:12.055,1.5058,1.50636,1.00,2.25
2015.01.23 18:40:12.206,1.50573,1.50634,1.00,3.00
2015.01.23 18:40:12.307,1.50574,1.5063,1.00,1.75
2015.01.23 18:40:12.357,1.50572,1.5063,1.00,1.75
2015.01.23 18:40:12.408,1.50568,1.50623,2.25,1.75
2015.01.23 18:40:12.509,1.5056,1.50628,1.00,2.25
2015.01.23 18:40:12.610,1.5056,1.50628,1.37,1.75
2015.01.23 18:40:12.710,1.5056,1.50628,1.00,1.75
2015.01.23 18:40:13.013,1.50553,1.50612,1.37,1.50
2015.01.23 18:40:13.646,1.50553,1.50612,1.75,1.50
2015.01.23 18:40:13.747,1.50554,1.50612,1.75,1.50
2015.01.23 18:40:15.816,1.50564,1.50612,1.12,1.50
2015.01.23 18:40:19.185,1.50556,1.50612,1.00,1.50
2015.01.23 18:40:19.286,1.50556,1.50605,1.37,1.00
2015.01.23 18:40:19.588,1.50553,1.50603,1.50,1.00
2015.01.23 18:40:20.784,1.50554,1.50603,1.12,1.00
2015.01.23 18:40:20.986,1.50555,1.50603,1.37,1.00
2015.01.23 18:40:21.507,1.50558,1.50603,1.37,1.00
2015.01.23 18:40:21.708,1.50555,1.50603,1.12,1.00
2015.01.23 18:40:21.864,1.50555,1.50603,1.37,1.00
2015.01.23 18:40:21.965,1.50555,1.50603,1.00,1.00
2015.01.23 18:40:22.065,1.50555,1.50603,1.00,1.37
2015.01.23 18:40:22.303,1.50553,1.50603,1.00,1.37
2015.01.23 18:40:27.515,1.50554,1.50603,1.00,1.37
2015.01.23 18:40:27.583,1.50554,1.50603,1.37,1.37
2015.01.23 18:40:28.094,1.50553,1.50603,1.00,1.00
2015.01.23 18:40:28.391,1.50553,1.50603,1.37,1.37
2015.01.23 18:40:30.647,1.50554,1.50603,1.37,1.00
2015.01.23 18:40:30.747,1.50561,1.50611,1.37,1.12
2015.01.23 18:40:30.848,1.50561,1.50611,1.00,1.00
2015.01.23 18:40:31.050,1.50564,1.50611,1.00,1.37
2015.01.23 18:40:31.624,1.50554,1.50611,1.50,1.37
2015.01.23 18:40:31.725,1.50553,1.50611,1.12,1.50
2015.01.23 18:40:31.826,1.50553,1.50611,1.37,1.75
2015.01.23 18:40:32.855,1.50554,1.5061,1.12,1.75
2015.01.23 18:40:33.963,1.50544,1.50604,1.75,1.00
2015.01.23 18:40:35.355,1.50559,1.50612,1.12,1.75
2015.01.23 18:40:35.744,1.50556,1.50612,1.50,1.37
2015.01.23 18:40:36.102,1.50553,1.50606,1.75,1.00
2015.01.23 18:40:36.356,1.50554,1.50606,1.50,1.87
2015.01.23 18:40:42.996,1.50551,1.50606,1.37,2.25
2015.01.23 18:40:45.384,1.50543,1.50606,1.75,2.62
2015.01.23 18:40:45.535,1.50559,1.50606,1.50,1.00
2015.01.23 18:40:45.586,1.50559,1.50612,1.50,1.37
2015.01.23 18:40:45.686,1.50554,1.50612,1.37,1.37
2015.01.23 18:40:45.916,1.50553,1.50612,1.75,1.37
2015.01.23 18:40:46.123,1.50553,1.50612,1.37,1.37
2015.01.23 18:40:48.531,1.50553,1.50605,1.37,1.00
2015.01.23 18:40:48.834,1.50558,1.50604,1.37,1.00
2015.01.23 18:40:49.436,1.50558,1.50604,1.37,1.00
2015.01.23 18:40:49.588,1.50562,1.50612,1.00,1.00
2015.01.23 18:40:50.155,1.50562,1.50612,1.37,1.00
2015.01.23 18:40:50.206,1.50567,1.50621,1.00,1.12
2015.01.23 18:40:50.307,1.50554,1.50621,1.75,1.12
2015.01.23 18:40:51.274,1.50563,1.50621,1.37,1.37
2015.01.23 18:40:51.475,1.50563,1.50621,1.37,1.12
2015.01.23 18:40:51.764,1.50564,1.50621,1.37,1.37
2015.01.23 18:40:52.310,1.50554,1.50621,1.75,1.37
2015.01.23 18:40:55.173,1.50554,1.50621,1.75,1.37
2015.01.23 18:40:55.223,1.50565,1.50621,1.00,1.37
2015.01.23 18:40:55.525,1.50562,1.50613,1.75,1.00
2015.01.23 18:40:57.900,1.50554,1.50613,1.75,1.00
2015.01.23 18:40:57.951,1.50554,1.5062,2.25,1.37
2015.01.23 18:40:58.001,1.50554,1.5062,2.25,1.12
2015.01.23 18:40:58.087,1.50554,1.5062,2.25,1.00
2015.01.23 18:40:58.891,1.50555,1.5062,1.75,1.37
2015.01.23 18:40:59.194,1.50546,1.50612,2.25,1.00
2015.01.23 18:40:59.496,1.50564,1.50612,1.00,1.00
2015.01.23 18:41:00.718,1.50564,1.50612,1.37,1.00
2015.01.23 18:41:02.260,1.50564,1.50612,1.75,1.00
2015.01.23 18:41:04.656,1.50563,1.50612,1.50,1.00
2015.01.23 18:41:08.094,1.50562,1.50612,1.75,1.00
2015.01.23 18:41:08.582,1.50564,1.50612,2.25,1.00
2015.01.23 18:41:08.683,1.50567,1.5062,1.37,1.12
2015.01.23 18:41:08.885,1.50567,1.5062,1.75,1.00
2015.01.23 18:41:16.622,1.50565,1.5062,2.25,1.00
2015.01.23 18:41:16.673,1.50579,1.50629,1.37,1.00
2015.01.23 18:41:16.724,1.50579,1.50629,1.75,1.00
2015.01.23 18:41:16.944,1.50575,1.50637,1.75,1.12
2015.01.23 18:41:17.454,1.50584,1.50637,1.37,1.00
2015.01.23 18:41:19.742,1.50584,1.50637,1.37,1.37
2015.01.23 18:41:20.154,1.50574,1.50637,1.75,1.75
2015.01.23 18:41:20.920,1.50574,1.5063,1.75,1.00
2015.01.23 18:41:21.995,1.50574,1.50638,2.25,1.37
2015.01.23 18:41:22.096,1.50586,1.50638,1.37,1.00
2015.01.23 18:41:22.615,1.50584,1.50638,1.75,1.00
2015.01.23 18:41:24.582,1.50584,1.50638,1.37,1.37
2015.01.23 18:41:24.887,1.50584,1.50638,1.37,1.00
2015.01.23 18:41:25.189,1.50584,1.50647,1.75,2.25
2015.01.23 18:41:25.915,1.50584,1.50647,1.75,1.87
2015.01.23 18:41:27.597,1.50594,1.50647,1.00,1.87
2015.01.23 18:41:28.295,1.50594,1.50647,1.37,1.87
2015.01.23 18:41:30.507,1.50594,1.50647,1.00,1.50
2015.01.23 18:41:30.608,1.50594,1.50647,1.37,1.87
2015.01.23 18:41:31.412,1.50594,1.50647,1.00,1.87
2015.01.23 18:41:31.513,1.50594,1.50647,1.00,1.87
2015.01.23 18:41:33.363,1.50593,1.50647,1.00,1.87
2015.01.23 18:41:34.118,1.50592,1.50647,1.12,1.87
2015.01.23 18:41:34.423,1.50596,1.50655,1.75,1.00
2015.01.23 18:41:34.725,1.50604,1.50655,1.75,1.00
2015.01.23 18:41:34.826,1.50614,1.50662,1.00,1.37
2015.01.23 18:41:35.288,1.50614,1.50662,1.00,2.25
2015.01.23 18:41:35.339,1.50593,1.50652,1.75,1.00
2015.01.23 18:41:35.440,1.50593,1.50652,1.75,1.37
2015.01.23 18:41:35.490,1.50593,1.50652,1.37,1.75
2015.01.23 18:41:35.792,1.50594,1.50644,1.37,1.00
2015.01.23 18:41:35.996,1.50594,1.50644,1.00,1.00
2015.01.23 18:41:36.110,1.50584,1.50644,1.75,1.12
2015.01.23 18:41:37.114,1.50593,1.50644,1.00,1.12
2015.01.23 18:41:38.276,1.50593,1.50644,1.75,1.00
2015.01.23 18:41:38.449,1.50604,1.50656,1.37,1.50
2015.01.23 18:41:38.500,1.50604,1.50656,1.37,1.50
2015.01.23 18:41:38.802,1.50594,1.50656,1.75,1.00
2015.01.23 18:41:39.118,1.50604,1.50656,1.37,1.00
2015.01.23 18:41:39.219,1.50593,1.50656,1.75,1.12
2015.01.23 18:41:39.323,1.50593,1.50656,1.37,1.50
2015.01.23 18:41:39.424,1.50594,1.50656,1.37,1.75
2015.01.23 18:41:39.730,1.5059,1.50656,1.00,1.00
2015.01.23 18:41:39.781,1.5059,1.50653,1.00,1.00
2015.01.23 18:41:39.831,1.50583,1.5065,1.00,1.50
2015.01.23 18:41:40.354,1.50584,1.5065,1.00,2.25
2015.01.23 18:41:40.918,1.50584,1.5065,1.75,2.25
2015.01.23 18:41:41.958,1.50583,1.50649,1.37,1.75
2015.01.23 18:41:42.260,1.50574,1.5064,1.75,1.75
2015.01.23 18:41:42.853,1.50574,1.5064,1.75,1.75
2015.01.23 18:41:43.055,1.50574,1.5064,2.25,1.37
2015.01.23 18:41:43.557,1.50574,1.5064,1.75,1.37
2015.01.23 18:41:44.293,1.50588,1.5064,1.00,1.37
2015.01.23 18:41:44.674,1.50588,1.5064,1.00,1.37
2015.01.23 18:41:45.260,1.50588,1.5064,1.00,1.00
2015.01.23 18:41:45.311,1.50596,1.5064,1.00,1.00
2015.01.23 18:41:45.412,1.5059,1.5064,1.00,1.00
2015.01.23 18:41:45.728,1.50578,1.50644,1.37,1.75
2015.01.23 18:41:45.779,1.50573,1.50636,1.50,1.37
2015.01.23 18:41:46.083,1.50574,1.50636,1.75,1.37
2015.01.23 18:41:46.386,1.50574,1.50636,1.75,1.00
2015.01.23 18:41:48.836,1.50574,1.50636,1.75,1.12
2015.01.23 18:41:50.645,1.50574,1.50636,1.75,1.50
2015.01.23 18:41:50.846,1.50581,1.50636,1.37,1.37
2015.01.23 18:41:50.897,1.50584,1.50636,1.00,1.37
2015.01.23 18:41:50.947,1.50584,1.50644,1.37,1.37
2015.01.23 18:41:52.070,1.50589,1.50644,1.00,1.37
2015.01.23 18:41:53.139,1.50589,1.50644,1.37,1.37
2015.01.23 18:41:53.489,1.50584,1.50644,1.75,1.00
2015.01.23 18:41:54.094,1.50593,1.50651,1.50,1.12
2015.01.23 18:41:54.269,1.50593,1.50651,1.75,1.00
2015.01.23 18:41:55.073,1.50593,1.50651,1.37,1.37
2015.01.23 18:41:55.254,1.50584,1.50651,2.25,1.37
2015.01.23 18:41:55.587,1.50584,1.50651,2.25,1.37
2015.01.23 18:41:55.932,1.50584,1.50651,2.25,1.37
2015.01.23 18:41:56.300,1.50584,1.50643,1.75,1.37
2015.01.23 18:41:56.401,1.50583,1.50643,1.37,1.37
2015.01.23 18:41:56.502,1.50583,1.50643,1.37,1.75
2015.01.23 18:41:57.302,1.50574,1.50635,1.75,1.37
2015.01.23 18:41:57.403,1.50574,1.50635,1.75,1.00
2015.01.23 18:41:57.504,1.50573,1.50635,1.75,1.00
2015.01.23 18:41:57.655,1.50578,1.50646,2.25,3.00
2015.01.23 18:41:57.706,1.50578,1.50646,2.25,3.00
2015.01.23 18:41:57.907,1.50584,1.50646,1.75,1.87
2015.01.23 18:41:58.610,1.50584,1.50646,1.75,1.87
2015.01.23 18:41:59.187,1.50584,1.50646,1.75,1.50
2015.01.23 18:41:59.593,1.50584,1.50646,1.75,1.87
2015.01.23 18:41:59.694,1.50584,1.50646,1.75,1.87
2015.01.23 18:42:00.643,1.50578,1.50646,3.00,2.25
2015.01.23 18:42:00.744,1.50578,1.50646,2.25,2.25
2015.01.23 18:42:00.911,1.50578,1.50636,1.37,1.37
2015.01.23 18:42:02.154,1.50574,1.50636,1.75,1.37
2015.01.23 18:42:02.815,1.50579,1.50636,1.75,1.00
2015.01.23 18:42:03.117,1.50595,1.50647,1.00,1.87
2015.01.23 18:42:03.419,1.50595,1.50647,1.00,2.25
2015.01.23 18:42:03.470,1.50595,1.50647,1.00,2.25
2015.01.23 18:42:03.571,1.50583,1.50647,1.37,2.25
2015.01.23 18:42:03.943,1.50573,1.5064,2.25,1.75
2015.01.23 18:42:04.115,1.5057,1.50631,1.37,1.50
2015.01.23 18:42:04.166,1.50564,1.50631,2.25,1.37
2015.01.23 18:42:04.317,1.50572,1.50633,1.00,1.37
2015.01.23 18:42:05.386,1.50572,1.50638,1.37,1.75
2015.01.23 18:42:05.689,1.50579,1.50637,1.00,1.75
2015.01.23 18:42:05.790,1.50579,1.50637,1.12,1.75
2015.01.23 18:42:05.995,1.50574,1.50638,1.75,1.12
2015.01.23 18:42:06.096,1.50579,1.50646,1.75,1.75
2015.01.23 18:42:07.642,1.50588,1.50646,1.00,1.75
2015.01.23 18:42:07.944,1.50573,1.50638,1.75,1.37
2015.01.23 18:42:08.260,1.50574,1.5063,1.37,1.50
2015.01.23 18:42:08.910,1.50564,1.5063,2.25,1.75
2015.01.23 18:42:09.833,1.50564,1.5063,3.00,1.37
2015.01.23 18:42:10.135,1.50574,1.5063,1.37,1.12
2015.01.23 18:42:10.625,1.50573,1.5063,1.75,1.00
2015.01.23 18:42:10.941,1.50573,1.50632,1.75,1.00
2015.01.23 18:42:11.042,1.50573,1.50638,1.75,1.37
2015.01.23 18:42:11.348,1.50573,1.50638,1.75,1.37
2015.01.23 18:42:11.920,1.50574,1.50638,1.75,1.00
2015.01.23 18:42:15.458,1.50574,1.50638,1.75,1.37
2015.01.23 18:42:26.583,1.50582,1.50638,1.37,1.37
2015.01.23 18:42:26.685,1.50574,1.50636,1.37,1.75
2015.01.23 18:42:26.886,1.50573,1.50636,1.87,1.75
2015.01.23 18:42:38.275,1.50573,1.5063,2.25,1.37
2015.01.23 18:42:38.377,1.50573,1.5063,2.25,1.00
2015.01.23 18:42:38.578,1.50574,1.50639,1.75,1.37
2015.01.23 18:42:38.696,1.50574,1.50639,1.75,1.50
2015.01.23 18:42:38.998,1.50574,1.50639,1.75,1.75
2015.01.23 18:42:40.784,1.5058,1.50639,1.37,1.50
2015.01.23 18:42:41.192,1.50573,1.50639,1.75,1.12
2015.01.23 18:42:42.106,1.50578,1.50639,1.75,1.37
2015.01.23 18:42:42.822,1.50581,1.50639,1.75,1.12
2015.01.23 18:42:43.892,1.5058,1.50639,1.50,1.37
2015.01.23 18:42:44.393,1.50573,1.50639,1.75,1.75
2015.01.23 18:42:44.811,1.50573,1.50639,1.75,1.37
2015.01.23 18:42:47.520,1.50579,1.50639,1.75,1.12
2015.01.23 18:42:47.923,1.50574,1.50639,2.25,1.50
2015.01.23 18:42:48.418,1.50573,1.50639,1.75,1.75
2015.01.23 18:42:48.519,1.50574,1.50639,1.75,1.50
2015.01.23 18:42:48.846,1.50574,1.50631,1.37,1.87
2015.01.23 18:42:49.156,1.50574,1.50631,1.75,1.87
2015.01.23 18:42:50.222,1.50574,1.50631,1.12,2.25
2015.01.23 18:42:50.323,1.50563,1.50631,1.75,2.25
2015.01.23 18:42:51.233,1.50563,1.50631,1.75,1.87
2015.01.23 18:42:51.412,1.50563,1.50631,1.75,2.25
2015.01.23 18:42:51.913,1.50564,1.5063,1.75,1.75
2015.01.23 18:42:52.113,1.50564,1.5063,1.75,1.37
2015.01.23 18:42:52.414,1.50563,1.50631,2.25,3.00
2015.01.23 18:42:52.932,1.50563,1.50631,2.25,3.00
2015.01.23 18:42:53.285,1.50563,1.50631,2.25,3.00
2015.01.23 18:42:54.453,1.50574,1.5063,1.00,1.75
2015.01.23 18:42:55.967,1.50573,1.50631,1.00,2.25
2015.01.23 18:42:56.068,1.50573,1.50631,1.37,1.87
2015.01.23 18:42:56.576,1.50573,1.50631,1.75,2.25
2015.01.23 18:43:00.637,1.50573,1.5063,1.37,1.75
2015.01.23 18:43:01.970,1.50573,1.50627,1.37,1.50
2015.01.23 18:43:08.270,1.50563,1.50631,1.75,2.25
2015.01.23 18:43:09.368,1.50564,1.50626,1.75,1.50
2015.01.23 18:43:10.872,1.50563,1.50626,1.75,1.37
2015.01.23 18:43:16.267,1.50563,1.50626,1.75,1.37
2015.01.23 18:43:18.366,1.50565,1.50626,1.50,1.37
2015.01.23 18:43:18.975,1.50571,1.50626,1.00,1.37
2015.01.23 18:43:19.637,1.5057,1.50626,1.12,1.37
2015.01.23 18:43:21.302,1.5057,1.50626,1.00,2.25
2015.01.23 18:43:21.453,1.50564,1.50626,1.37,1.75
2015.01.23 18:43:24.394,1.50564,1.50626,1.37,1.50
2015.01.23 18:43:24.495,1.50564,1.50626,1.75,1.37
2015.01.23 18:43:24.858,1.50573,1.50626,1.00,1.37
2015.01.23 18:43:24.909,1.50573,1.50626,1.00,1.37
2015.01.23 18:43:25.666,1.50574,1.50626,1.00,1.37
2015.01.23 18:43:26.375,1.50563,1.50626,2.25,1.37
2015.01.23 18:43:26.888,1.50563,1.50626,1.87,1.75
2015.01.23 18:43:26.989,1.5057,1.50626,1.00,1.75
2015.01.23 18:43:27.090,1.50566,1.50626,1.00,1.75
2015.01.23 18:43:27.306,1.5056,1.50626,1.37,1.75
2015.01.23 18:43:29.396,1.50566,1.50625,1.37,1.87
2015.01.23 18:43:29.497,1.50562,1.50625,1.75,1.50
2015.01.23 18:43:29.598,1.50566,1.50632,1.75,1.37
2015.01.23 18:43:30.438,1.50566,1.50632,1.75,1.37
2015.01.23 18:43:35.214,1.50566,1.50632,1.75,1.37
2015.01.23 18:43:39.431,1.5057,1.50632,1.50,1.50
2015.01.23 18:43:48.593,1.50574,1.50625,1.00,1.35
2015.01.23 18:43:48.694,1.50564,1.50622,1.75,1.72
2015.01.23 18:43:49.411,1.50563,1.50622,1.75,1.72
2015.01.23 18:43:54.197,1.50564,1.50622,1.50,1.72
2015.01.23 18:43:54.541,1.50564,1.50622,1.75,1.12
2015.01.23 18:43:54.642,1.50565,1.50622,2.25,1.00
2015.01.23 18:43:54.693,1.50566,1.50632,1.75,1.50
2015.01.23 18:43:54.901,1.50573,1.50632,1.37,1.37
2015.01.23 18:43:58.049,1.50566,1.50632,2.25,1.75
2015.01.23 18:43:58.261,1.50564,1.50624,1.75,1.37
2015.01.23 18:43:58.311,1.50564,1.50624,1.75,1.00
2015.01.23 18:43:59.421,1.50572,1.50633,1.37,1.75
2015.01.23 18:43:59.523,1.50564,1.50632,1.50,1.75
2015.01.23 18:43:59.724,1.50564,1.50625,1.75,1.37
2015.01.23 18:44:02.069,1.50563,1.50625,1.75,1.00
2015.01.23 18:44:04.345,1.50568,1.50625,1.37,1.37
2015.01.23 18:44:04.446,1.50564,1.50625,2.25,1.12
2015.01.23 18:44:05.152,1.50566,1.50632,2.25,1.37
2015.01.23 18:44:12.065,1.50566,1.50632,1.75,1.75
2015.01.23 18:44:15.748,1.50577,1.50632,1.00,1.75
2015.01.23 18:44:15.799,1.50577,1.50632,1.37,1.37
2015.01.23 18:44:22.908,1.50575,1.50632,1.50,1.37
2015.01.23 18:44:23.310,1.50581,1.50639,1.37,1.75
2015.01.23 18:44:26.088,1.50581,1.50639,1.37,1.37
2015.01.23 18:44:26.621,1.50582,1.5064,1.75,1.37
2015.01.23 18:44:32.867,1.50592,1.5064,1.50,1.00
2015.01.23 18:44:32.968,1.50592,1.50648,2.25,1.60
2015.01.23 18:44:33.069,1.50589,1.50656,2.25,2.10
2015.01.23 18:44:33.119,1.50593,1.50657,1.75,1.50
2015.01.23 18:44:33.275,1.50593,1.50657,1.75,1.50
2015.01.23 18:44:33.376,1.50599,1.50665,1.75,1.50
2015.01.23 18:44:33.866,1.50599,1.50665,1.75,1.12
2015.01.23 18:44:33.968,1.50599,1.50665,1.75,1.37
2015.01.23 18:44:38.196,1.50599,1.5066,1.37,1.75
2015.01.23 18:44:38.544,1.50601,1.5066,1.75,1.37
2015.01.23 18:44:38.979,1.50599,1.50665,1.75,1.50
2015.01.23 18:44:42.438,1.50593,1.50657,1.75,1.75
2015.01.23 18:44:42.740,1.50591,1.50649,1.37,1.35
2015.01.23 18:44:42.942,1.50591,1.50654,1.75,1.35
2015.01.23 18:44:43.043,1.50591,1.50648,1.37,1.30
2015.01.23 18:44:53.061,1.50591,1.50648,1.37,1.35
2015.01.23 18:44:53.364,1.50578,1.50641,1.37,1.35
2015.01.23 18:44:53.465,1.50578,1.50636,1.00,1.97
2015.01.23 18:44:53.566,1.50569,1.50632,1.75,1.35
2015.01.23 18:44:53.667,1.50569,1.50632,1.37,1.35
2015.01.23 18:44:53.768,1.50563,1.50628,1.75,1.75
2015.01.23 18:44:54.070,1.50562,1.50628,1.00,1.00
2015.01.23 18:44:54.806,1.50564,1.50628,1.00,1.00
2015.01.23 18:44:55.290,1.5057,1.50637,1.00,1.72
2015.01.23 18:44:55.592,1.5057,1.50637,1.75,1.97
2015.01.23 18:44:57.002,1.5057,1.50632,1.75,1.30
2015.01.23 18:44:57.599,1.50574,1.50634,1.37,1.35
2015.01.23 18:44:57.926,1.50573,1.50637,1.75,1.97
2015.01.23 18:44:58.078,1.50578,1.50646,1.75,1.75
2015.01.23 18:44:58.128,1.50578,1.50646,1.75,1.75
2015.01.23 18:44:58.450,1.50578,1.50646,1.75,1.75
2015.01.23 18:45:00.100,1.50581,1.50645,1.75,1.75
2015.01.23 18:45:01.045,1.50581,1.50642,1.37,1.75
2015.01.23 18:45:01.551,1.50578,1.50641,1.50,1.75
2015.01.23 18:45:02.501,1.50578,1.50637,1.75,1.37
2015.01.23 18:45:04.261,1.5059,1.50637,1.37,1.00
2015.01.23 18:45:04.444,1.50586,1.50651,2.25,1.37
2015.01.23 18:45:04.644,1.50586,1.50654,2.25,1.50
2015.01.23 18:45:04.694,1.50584,1.50647,1.75,1.00
2015.01.23 18:45:04.845,1.50584,1.50647,1.75,1.37
2015.01.23 18:45:06.611,1.50587,1.50647,1.50,1.75
2015.01.23 18:45:12.932,1.50583,1.50647,1.75,1.37
2015.01.23 18:45:13.165,1.50583,1.50647,1.75,1.50
2015.01.23 18:45:17.180,1.50589,1.50645,1.00,1.75
2015.01.23 18:45:17.231,1.50582,1.50644,1.50,2.25
2015.01.23 18:45:18.381,1.5058,1.50643,1.75,1.37
2015.01.23 18:45:24.614,1.50585,1.50646,1.75,1.50
2015.01.23 18:45:24.993,1.5059,1.50646,1.37,1.37
2015.01.23 18:45:28.400,1.50584,1.50646,1.75,1.12
2015.01.23 18:45:39.145,1.50591,1.50651,1.37,1.75
2015.01.23 18:45:44.023,1.50588,1.50652,3.00,1.50
2015.01.23 18:45:54.748,1.50592,1.50654,1.37,2.25
2015.01.23 18:45:57.231,1.50592,1.50636,1.37,1.00
2015.01.23 18:45:57.433,1.50587,1.50636,1.37,1.00
2015.01.23 18:45:58.037,1.50589,1.50636,1.37,1.00
2015.01.23 18:46:03.974,1.50585,1.50636,1.00,1.37
2015.01.23 18:46:04.075,1.50575,1.5063,2.25,1.00
2015.01.23 18:46:04.176,1.50574,1.5063,1.50,1.12
2015.01.23 18:46:04.670,1.50573,1.50621,1.75,1.00
2015.01.23 18:46:05.139,1.50573,1.50621,1.75,1.50
2015.01.23 18:46:09.649,1.50573,1.50621,1.75,1.50
2015.01.23 18:46:11.050,1.50572,1.50621,1.37,1.50
2015.01.23 18:46:11.660,1.50572,1.50621,1.37,1.50
2015.01.23 18:46:11.761,1.50566,1.50621,1.87,1.87
2015.01.23 18:46:11.862,1.50561,1.50621,2.25,1.87
2015.01.23 18:46:11.913,1.50556,1.50614,1.75,1.50
2015.01.23 18:46:12.282,1.50568,1.50614,1.75,1.00
2015.01.23 18:46:12.332,1.50568,1.50621,1.75,1.00
2015.01.23 18:46:12.383,1.50561,1.50622,2.25,1.00
2015.01.23 18:46:12.434,1.50561,1.50629,2.25,1.00
2015.01.23 18:46:13.285,1.50573,1.50629,1.75,1.00
2015.01.23 18:46:14.614,1.50577,1.50629,1.50,1.00
2015.01.23 18:46:15.462,1.50577,1.50629,1.75,1.00
2015.01.23 18:46:15.765,1.50583,1.50636,1.75,1.00
2015.01.23 18:46:19.572,1.50584,1.50636,1.75,1.00
2015.01.23 18:46:19.774,1.50605,1.50653,1.37,1.00
2015.01.23 18:46:19.825,1.50605,1.50644,1.37,1.00
2015.01.23 18:46:19.976,1.50604,1.50644,1.00,1.50
2015.01.23 18:46:20.076,1.50594,1.50644,1.37,1.50
2015.01.23 18:46:20.278,1.50594,1.50644,1.37,1.50
2015.01.23 18:46:20.429,1.50594,1.50637,1.00,1.00
2015.01.23 18:46:20.977,1.50593,1.50637,1.00,1.00
2015.01.23 18:46:21.503,1.50594,1.50637,1.00,1.00
2015.01.23 18:46:21.828,1.50584,1.50628,1.00,1.00
2015.01.23 18:46:22.355,1.50583,1.50628,1.00,1.00
2015.01.23 18:46:23.933,1.50583,1.50628,1.37,1.00
2015.01.23 18:46:24.456,1.50594,1.50628,1.00,1.00
2015.01.23 18:46:25.375,1.50593,1.50628,1.00,1.00
2015.01.23 18:46:25.992,1.50594,1.50628,1.00,1.00
2015.01.23 18:46:29.170,1.50594,1.5063,1.00,1.00
2015.01.23 18:46:29.270,1.50594,1.50636,1.00,1.00
2015.01.23 18:46:29.727,1.50594,1.50628,1.00,1.00
2015.01.23 18:46:29.878,1.50584,1.50627,1.12,1.00
2015.01.23 18:46:30.542,1.50583,1.50627,1.00,1.00
2015.01.23 18:46:32.153,1.50584,1.50627,1.00,1.00
2015.01.23 18:46:37.881,1.50584,1.50639,1.75,1.00
2015.01.23 18:46:37.984,1.50584,1.50639,1.75,1.00
2015.01.23 18:46:39.812,1.50594,1.50639,1.37,1.00
2015.01.23 18:46:42.905,1.50594,1.50639,1.37,1.00
2015.01.23 18:46:43.913,1.50583,1.50639,2.25,1.00
2015.01.23 18:46:44.144,1.50583,1.50639,1.75,1.00
2015.01.23 18:46:44.933,1.50584,1.50639,1.50,1.37
2015.01.23 18:46:48.434,1.50583,1.50639,1.12,2.25
2015.01.23 18:46:48.955,1.50584,1.50632,1.00,1.87
2015.01.23 18:46:52.575,1.50584,1.50632,1.00,1.87
2015.01.23 18:46:57.389,1.50584,1.50632,1.37,1.50
2015.01.23 18:47:01.991,1.50586,1.50632,1.37,1.50
2015.01.23 18:47:03.343,1.50583,1.50632,1.37,1.50
2015.01.23 18:47:07.435,1.50583,1.50632,1.50,1.50
2015.01.23 18:47:08.572,1.50584,1.50636,1.37,1.00
2015.01.23 18:47:09.673,1.50584,1.50636,1.00,1.75
2015.01.23 18:47:10.314,1.50584,1.50629,1.12,1.00
2015.01.23 18:47:15.359,1.50578,1.50629,1.50,1.00
2015.01.23 18:47:15.611,1.50566,1.50629,2.25,1.37
2015.01.23 18:47:15.874,1.50569,1.50621,1.75,1.00
2015.01.23 18:47:16.192,1.50569,1.50619,1.75,1.00
2015.01.23 18:47:24.233,1.50574,1.50619,1.37,1.00
2015.01.23 18:47:24.592,1.50574,1.50628,1.37,1.87
2015.01.23 18:47:24.642,1.50574,1.50628,1.37,1.87
2015.01.23 18:47:26.499,1.50574,1.5062,1.37,1.00
2015.01.23 18:47:30.579,1.50574,1.5062,1.37,1.00
2015.01.23 18:47:36.970,1.50574,1.5062,1.00,1.00
2015.01.23 18:47:44.052,1.50573,1.5062,1.12,1.00
2015.01.23 18:47:44.812,1.50564,1.5062,1.50,1.12
2015.01.23 18:47:45.022,1.50564,1.5062,1.37,1.37
2015.01.23 18:47:45.329,1.50553,1.5062,1.75,1.75
2015.01.23 18:47:45.433,1.50553,1.5062,1.75,1.75
2015.01.23 18:47:45.850,1.50553,1.5062,1.75,1.50
2015.01.23 18:47:46.682,1.50553,1.50614,1.75,1.00
2015.01.23 18:47:49.187,1.50553,1.50614,1.75,1.87
2015.01.23 18:47:52.955,1.50553,1.50614,1.75,1.50
2015.01.23 18:47:53.657,1.50555,1.50614,1.50,1.87
2015.01.23 18:47:54.194,1.50554,1.50607,1.37,1.37
2015.01.23 18:48:06.182,1.50554,1.50606,1.37,1.37
2015.01.23 18:48:06.515,1.50547,1.50598,1.37,1.00
2015.01.23 18:48:07.888,1.50543,1.50598,1.00,1.50
2015.01.23 18:48:08.463,1.50544,1.50598,1.00,1.50
2015.01.23 18:48:09.005,1.50543,1.50598,1.00,1.50
2015.01.23 18:48:09.528,1.50544,1.50592,1.00,1.00
2015.01.23 18:48:09.781,1.50534,1.50591,1.75,1.00
2015.01.23 18:48:10.958,1.50534,1.50591,1.75,1.37
2015.01.23 18:48:11.159,1.50534,1.50591,1.50,1.37
2015.01.23 18:48:11.572,1.50533,1.50584,1.75,1.00
2015.01.23 18:48:12.309,1.50533,1.50583,1.75,1.00
2015.01.23 18:48:15.285,1.50533,1.50583,1.12,1.37
2015.01.23 18:48:15.386,1.50533,1.50583,1.00,1.37
2015.01.23 18:48:15.688,1.50525,1.50576,1.75,1.50
2015.01.23 18:48:15.789,1.50513,1.50576,1.75,1.50
2015.01.23 18:48:16.091,1.50516,1.50576,1.75,1.50
2015.01.23 18:48:16.613,1.50517,1.50576,1.75,1.87
2015.01.23 18:48:17.268,1.50514,1.50576,1.75,1.87
2015.01.23 18:48:17.536,1.50514,1.50576,1.75,2.25
2015.01.23 18:48:20.116,1.50513,1.50576,1.75,1.87
2015.01.23 18:48:22.886,1.50526,1.50576,1.00,1.87
2015.01.23 18:48:23.433,1.50519,1.50576,1.75,1.87
2015.01.23 18:48:23.735,1.50513,1.50568,1.75,1.00
2015.01.23 18:48:24.168,1.50513,1.50568,1.75,1.00
2015.01.23 18:48:24.880,1.50517,1.50568,1.37,1.00
2015.01.23 18:48:25.149,1.50514,1.50568,1.87,1.00
2015.01.23 18:48:25.792,1.50524,1.50568,1.00,1.00
2015.01.23 18:48:26.200,1.50524,1.50568,1.37,1.00
2015.01.23 18:48:26.251,1.50533,1.50576,1.00,1.00
2015.01.23 18:48:26.801,1.50534,1.50576,1.00,1.00
2015.01.23 18:48:27.053,1.50534,1.50589,1.00,1.00
2015.01.23 18:48:27.740,1.50543,1.50589,1.00,1.00
2015.01.23 18:48:29.604,1.50543,1.50589,1.37,1.00
2015.01.23 18:48:29.755,1.50546,1.50599,1.75,1.00
2015.01.23 18:48:31.192,1.50554,1.50599,1.00,1.00
2015.01.23 18:48:38.542,1.50554,1.50606,1.00,1.37
2015.01.23 18:48:39.064,1.50546,1.50606,1.75,1.37
2015.01.23 18:48:39.453,1.50546,1.50607,1.75,1.00
2015.01.23 18:48:39.604,1.50554,1.50616,1.75,1.00
2015.01.23 18:48:41.180,1.50563,1.50616,1.00,1.75
2015.01.23 18:48:41.332,1.5055,1.50599,1.00,1.37
2015.01.23 18:48:41.383,1.5055,1.50599,1.12,1.12
2015.01.23 18:48:41.685,1.50547,1.50599,1.75,1.00
2015.01.23 18:48:41.736,1.50557,1.50614,1.50,1.37
2015.01.23 18:48:41.787,1.50557,1.50614,1.75,1.00
2015.01.23 18:48:41.837,1.50557,1.50623,1.75,1.37
2015.01.23 18:48:41.989,1.50563,1.50623,1.00,1.00
2015.01.23 18:48:43.731,1.50564,1.50623,1.75,1.37
2015.01.23 18:48:45.052,1.50563,1.50623,1.75,1.50
2015.01.23 18:48:45.385,1.50543,1.50608,1.75,1.12
2015.01.23 18:48:45.436,1.50543,1.50608,2.25,1.37
2015.01.23 18:48:45.742,1.50554,1.50608,1.37,1.37
2015.01.23 18:48:45.843,1.50549,1.50616,1.50,1.00
2015.01.23 18:48:46.110,1.50554,1.50616,1.00,1.00
2015.01.23 18:48:46.551,1.50557,1.50624,1.75,2.25
2015.01.23 18:48:46.853,1.50566,1.50632,1.75,1.12
2015.01.23 18:48:49.178,1.50573,1.50632,1.12,1.75
2015.01.23 18:48:49.353,1.50564,1.50623,1.37,1.75
2015.01.23 18:48:49.454,1.5056,1.50623,1.37,1.75
2015.01.23 18:48:49.967,1.50553,1.50615,1.75,1.12
2015.01.23 18:48:50.270,1.50564,1.50625,1.75,1.50
2015.01.23 18:48:50.774,1.50564,1.50625,1.75,1.75
2015.01.23 18:48:50.875,1.50564,1.50625,1.75,1.37
2015.01.23 18:48:51.799,1.50567,1.50625,1.37,1.75
2015.01.23 18:48:52.956,1.50564,1.50625,1.75,1.37
2015.01.23 18:48:58.267,1.50564,1.50625,1.75,1.00
2015.01.23 18:48:58.368,1.50571,1.50631,1.75,1.50
2015.01.23 18:48:58.570,1.50576,1.50633,1.75,1.12
2015.01.23 18:48:58.872,1.50574,1.50633,1.37,1.75
2015.01.23 18:48:58.973,1.50574,1.50633,1.12,1.37
2015.01.23 18:48:59.074,1.50573,1.50626,1.00,1.50
2015.01.23 18:48:59.175,1.50573,1.50631,1.00,1.50
2015.01.23 18:48:59.276,1.50563,1.50623,1.00,1.50
2015.01.23 18:48:59.861,1.50574,1.50623,1.00,1.50
2015.01.23 18:49:00.070,1.50574,1.50631,1.00,1.00
2015.01.23 18:49:01.009,1.50574,1.50631,1.50,1.37
2015.01.23 18:49:02.991,1.50574,1.50631,1.12,1.37
2015.01.23 18:49:03.326,1.50574,1.5063,1.00,1.75
2015.01.23 18:49:03.528,1.50574,1.50631,1.37,1.37
2015.01.23 18:49:03.796,1.50574,1.50631,1.75,1.37
2015.01.23 18:49:04.146,1.50574,1.50631,1.50,1.37
2015.01.23 18:49:06.522,1.50573,1.50631,1.50,1.37
2015.01.23 18:49:06.622,1.50573,1.50631,1.37,1.37
2015.01.23 18:49:07.113,1.50573,1.50631,1.12,1.37
2015.01.23 18:49:07.679,1.50574,1.50631,1.00,1.37
2015.01.23 18:49:08.043,1.50574,1.50631,1.12,2.25
2015.01.23 18:49:09.001,1.50573,1.50624,1.00,1.37
2015.01.23 18:49:10.003,1.50573,1.50624,1.00,1.37
2015.01.23 18:49:10.411,1.50573,1.50624,1.37,1.00
2015.01.23 18:49:10.997,1.50574,1.50625,1.37,1.00
2015.01.23 18:49:11.190,1.50574,1.50632,1.50,1.87
2015.01.23 18:49:11.347,1.50574,1.50632,1.37,2.25
2015.01.23 18:49:11.463,1.50564,1.50621,1.37,1.37
2015.01.23 18:49:15.532,1.50564,1.50621,1.37,1.37
2015.01.23 18:49:15.872,1.50564,1.50621,1.50,1.37
2015.01.23 18:49:15.923,1.50563,1.50621,1.37,1.37
2015.01.23 18:49:31.767,1.50564,1.50617,1.50,1.00
2015.01.23 18:49:32.069,1.50563,1.50617,2.25,1.00
2015.01.23 18:49:32.170,1.50563,1.50623,2.25,1.00
2015.01.23 18:49:32.710,1.50574,1.50625,1.00,1.37
2015.01.23 18:49:35.686,1.50574,1.50625,1.37,1.00
2015.01.23 18:49:41.841,1.50576,1.50625,1.00,1.00
2015.01.23 18:49:42.983,1.50573,1.50625,1.37,1.00
2015.01.23 18:49:43.795,1.50573,1.50634,1.37,1.75
2015.01.23 18:49:44.304,1.50576,1.50634,1.00,1.75
2015.01.23 18:49:44.423,1.50576,1.50634,1.37,1.75
2015.01.23 18:49:45.746,1.50573,1.50634,1.37,1.75
2015.01.23 18:49:50.198,1.50577,1.50634,1.37,1.75
2015.01.23 18:50:02.331,1.5058,1.50634,1.12,1.37
2015.01.23 18:50:02.735,1.50574,1.50634,1.75,1.37
2015.01.23 18:50:08.051,1.50583,1.50637,1.00,1.75
2015.01.23 18:50:08.310,1.50577,1.50637,1.37,1.75
2015.01.23 18:50:09.912,1.50577,1.50639,1.00,1.75
2015.01.23 18:50:10.265,1.50574,1.50632,1.37,1.87
2015.01.23 18:50:12.750,1.50574,1.50632,1.37,2.25
2015.01.23 18:50:13.139,1.50574,1.50632,1.50,3.00
2015.01.23 18:50:13.554,1.50565,1.50632,1.75,2.25
2015.01.23 18:50:15.383,1.5057,1.50632,1.37,3.00
2015.01.23 18:50:15.691,1.50573,1.50632,1.37,2.25
2015.01.23 18:50:16.491,1.50564,1.50632,3.00,2.25
2015.01.23 18:50:16.592,1.50564,1.50629,1.87,1.35
2015.01.23 18:50:16.693,1.50558,1.50623,1.75,1.75
2015.01.23 18:50:16.995,1.50557,1.50623,1.37,1.75
2015.01.23 18:50:17.436,1.50557,1.50623,1.75,1.75
2015.01.23 18:50:18.478,1.50563,1.50623,1.37,1.75
2015.01.23 18:50:22.184,1.50563,1.50621,1.00,1.75
2015.01.23 18:50:23.270,1.50564,1.50619,1.00,1.75
2015.01.23 18:50:23.495,1.50564,1.50619,1.37,1.37
2015.01.23 18:50:29.020,1.50563,1.50623,1.12,2.25
2015.01.23 18:50:29.323,1.50563,1.50611,1.00,1.37
2015.01.23 18:50:29.750,1.50564,1.50614,1.00,1.35
2015.01.23 18:50:29.871,1.50553,1.50614,1.37,1.35
2015.01.23 18:50:30.811,1.50553,1.50601,1.37,1.00
2015.01.23 18:50:31.113,1.50554,1.50595,1.00,1.35
2015.01.23 18:50:31.660,1.5053,1.50589,1.52,1.35
2015.01.23 18:50:31.762,1.50524,1.50579,1.12,1.75
2015.01.23 18:50:31.813,1.50523,1.50578,1.12,1.75
2015.01.23 18:50:32.071,1.50514,1.50578,1.75,1.75
2015.01.23 18:50:32.122,1.50514,1.50578,1.75,1.37
2015.01.23 18:50:32.941,1.50514,1.50578,1.75,1.12
2015.01.23 18:50:33.043,1.50524,1.50586,1.75,1.87
2015.01.23 18:50:34.973,1.50528,1.5059,1.75,1.35
2015.01.23 18:50:35.310,1.50532,1.5059,1.37,1.35
2015.01.23 18:50:38.336,1.50531,1.50593,1.75,1.35
2015.01.23 18:50:41.981,1.50533,1.5059,1.37,1.35
2015.01.23 18:50:42.183,1.50529,1.50589,1.12,1.35
2015.01.23 18:50:42.284,1.50528,1.50589,1.37,1.35
2015.01.23 18:50:42.870,1.50529,1.50589,1.37,1.35
2015.01.23 18:50:42.970,1.50528,1.50589,1.00,1.35
2015.01.23 18:50:43.361,1.50528,1.50589,1.37,1.35
2015.01.23 18:50:46.674,1.50525,1.50588,1.37,1.75
2015.01.23 18:50:46.976,1.50524,1.50582,1.50,1.87
2015.01.23 18:50:48.499,1.50524,1.50582,1.37,2.25
2015.01.23 18:50:48.600,1.5052,1.50582,1.87,2.25
2015.01.23 18:50:48.903,1.50506,1.50573,1.75,1.75
2015.01.23 18:50:57.186,1.50504,1.50566,1.87,3.00
2015.01.23 18:50:57.387,1.50498,1.50566,2.25,2.25
2015.01.23 18:50:57.689,1.50504,1.50558,1.12,1.50
2015.01.23 18:50:58.924,1.50494,1.50558,1.75,1.75
2015.01.23 18:50:59.226,1.50491,1.50558,1.37,1.75
2015.01.23 18:51:00.232,1.5049,1.50542,1.00,1.37
2015.01.23 18:51:00.333,1.50484,1.50542,1.37,2.25
2015.01.23 18:51:00.887,1.50483,1.50542,1.12,2.25
2015.01.23 18:51:01.088,1.50484,1.50542,1.37,2.25
2015.01.23 18:51:02.133,1.50484,1.50541,1.37,2.25
2015.01.23 18:51:03.294,1.50484,1.50541,1.37,1.87
2015.01.23 18:51:03.445,1.50484,1.50542,1.50,1.87
2015.01.23 18:51:03.747,1.50484,1.50542,1.37,2.85
2015.01.23 18:51:03.798,1.50484,1.50542,1.00,3.60
2015.01.23 18:51:03.848,1.50484,1.50532,1.00,1.00
2015.01.23 18:51:04.023,1.50467,1.50527,1.12,2.85
2015.01.23 18:51:04.075,1.50467,1.50526,1.00,2.10
2015.01.23 18:51:04.126,1.50465,1.50525,1.00,1.60
2015.01.23 18:51:04.429,1.50464,1.50516,1.00,2.10
2015.01.23 18:51:04.731,1.50474,1.50516,1.00,2.10
2015.01.23 18:51:05.310,1.50474,1.50532,1.00,1.60
2015.01.23 18:51:05.410,1.50474,1.50532,1.75,1.00
2015.01.23 18:51:05.461,1.50478,1.50535,1.50,1.35
2015.01.23 18:51:05.511,1.50478,1.50544,1.75,1.60
2015.01.23 18:51:05.841,1.50494,1.50552,1.00,2.47
2015.01.23 18:51:06.093,1.50496,1.50561,1.37,1.12
2015.01.23 18:51:06.144,1.50496,1.50561,1.00,1.00
2015.01.23 18:51:06.195,1.50504,1.50561,1.00,1.00
2015.01.23 18:51:06.396,1.505,1.50561,1.00,1.00
2015.01.23 18:51:06.447,1.50495,1.50561,1.00,1.00
2015.01.23 18:51:07.152,1.50494,1.50553,1.00,1.00
2015.01.23 18:51:07.657,1.50494,1.50553,1.37,1.00
2015.01.23 18:51:09.051,1.50494,1.50552,1.37,1.00
2015.01.23 18:51:09.362,1.50494,1.50545,1.12,1.12
2015.01.23 18:51:09.564,1.50494,1.50552,1.37,1.37
2015.01.23 18:51:09.816,1.50494,1.50552,1.37,1.37
2015.01.23 18:51:10.750,1.50494,1.5056,1.75,1.37
2015.01.23 18:51:10.850,1.50501,1.50562,1.75,1.00
2015.01.23 18:51:11.153,1.50504,1.50569,1.75,2.25
2015.01.23 18:51:11.629,1.50514,1.50569,1.00,2.25
2015.01.23 18:51:12.152,1.50503,1.50569,1.75,2.25
2015.01.23 18:51:13.953,1.50504,1.50569,1.75,2.25
2015.01.23 18:51:14.371,1.50504,1.50569,1.37,2.25
2015.01.23 18:51:14.472,1.50493,1.50558,3.00,2.25
2015.01.23 18:51:14.680,1.50493,1.50558,1.75,2.25
2015.01.23 18:51:21.715,1.50494,1.50556,1.37,2.25
2015.01.23 18:51:23.630,1.50494,1.50549,1.00,1.75
2015.01.23 18:51:24.290,1.50494,1.50549,1.37,1.37
2015.01.23 18:51:24.592,1.50493,1.50549,1.37,1.37
2015.01.23 18:51:34.740,1.50493,1.50557,1.75,2.25
2015.01.23 18:51:37.848,1.50494,1.50557,1.50,2.25
2015.01.23 18:51:38.264,1.50494,1.50551,1.37,1.50
2015.01.23 18:51:39.427,1.50494,1.50557,1.37,2.25
2015.01.23 18:51:48.364,1.50485,1.50551,1.75,1.75
2015.01.23 18:51:48.566,1.50486,1.50551,1.75,1.75
2015.01.23 18:51:49.190,1.50485,1.50551,1.37,1.75
2015.01.23 18:51:51.739,1.50483,1.50539,1.00,1.75
2015.01.23 18:51:52.706,1.50483,1.50544,1.00,1.75
2015.01.23 18:51:52.919,1.50473,1.50534,1.12,1.35
2015.01.23 18:51:53.020,1.50474,1.50534,1.00,1.35
2015.01.23 18:51:53.399,1.50464,1.50529,1.37,2.25
2015.01.23 18:51:53.449,1.50464,1.50529,1.00,2.25
2015.01.23 18:51:53.656,1.50463,1.50529,1.37,3.00
2015.01.23 18:51:53.762,1.50464,1.50529,1.37,3.00
2015.01.23 18:51:53.863,1.50464,1.5052,1.12,1.75
2015.01.23 18:51:54.371,1.50464,1.5052,1.37,1.37
2015.01.23 18:51:54.623,1.50463,1.50529,2.25,1.75
2015.01.23 18:51:54.724,1.50474,1.50529,1.75,1.12
2015.01.23 18:51:55.077,1.50474,1.50538,1.75,1.37
2015.01.23 18:51:55.302,1.50473,1.50538,2.25,1.12
2015.01.23 18:51:55.680,1.50484,1.50542,1.37,1.30
2015.01.23 18:51:55.731,1.50486,1.50547,1.75,3.22
2015.01.23 18:51:55.781,1.50486,1.50547,1.75,2.62
2015.01.23 18:51:56.033,1.50484,1.50547,1.75,2.25
2015.01.23 18:51:56.134,1.50484,1.50547,1.75,1.87
2015.01.23 18:51:56.298,1.50483,1.50547,1.37,2.25
2015.01.23 18:51:58.549,1.50479,1.50545,1.87,1.35
2015.01.23 18:51:58.945,1.50479,1.50543,2.25,1.35
2015.01.23 18:51:59.253,1.50493,1.50547,1.00,2.25
2015.01.23 18:51:59.764,1.50494,1.50547,1.00,2.25
2015.01.23 18:52:03.518,1.50494,1.50547,1.12,1.87
2015.01.23 18:52:04.728,1.50494,1.50534,1.00,2.10
2015.01.23 18:52:04.880,1.50484,1.50534,1.50,2.10
2015.01.23 18:52:04.980,1.50484,1.50547,1.50,2.25
2015.01.23 18:52:05.446,1.50484,1.50547,2.25,2.25
2015.01.23 18:52:05.548,1.50493,1.50547,1.00,2.25
2015.01.23 18:52:05.649,1.50493,1.50547,1.37,1.87
2015.01.23 18:52:06.258,1.50493,1.50543,1.00,1.37
2015.01.23 18:52:07.040,1.50488,1.50545,1.37,1.37
2015.01.23 18:52:08.664,1.50488,1.50547,1.75,1.87
2015.01.23 18:52:09.765,1.50494,1.50539,1.00,1.35
2015.01.23 18:52:09.866,1.50493,1.50542,1.00,1.35
2015.01.23 18:52:10.939,1.50494,1.50545,1.00,2.85
2015.01.23 18:52:11.806,1.50504,1.50545,1.00,2.47
2015.01.23 18:52:14.960,1.50503,1.50545,1.00,2.47
2015.01.23 18:52:15.128,1.50503,1.50547,1.00,2.25
2015.01.23 18:52:18.667,1.50503,1.50548,1.00,1.75
2015.01.23 18:52:18.818,1.50494,1.50541,1.00,1.75
2015.01.23 18:52:18.939,1.50483,1.50541,1.87,2.25
2015.01.23 18:52:18.989,1.50483,1.50541,1.87,2.25
2015.01.23 18:52:19.678,1.50484,1.50541,1.37,1.37
2015.01.23 18:52:19.781,1.50484,1.50541,1.75,1.12
2015.01.23 18:52:20.126,1.50494,1.50548,1.00,2.10
2015.01.23 18:52:21.414,1.50494,1.50547,1.00,1.35
2015.01.23 18:52:21.798,1.50484,1.50542,1.37,2.25
2015.01.23 18:52:22.879,1.50494,1.50542,1.00,2.25
2015.01.23 18:52:22.930,1.50494,1.50542,1.00,1.87
2015.01.23 18:52:23.031,1.50483,1.50542,2.25,1.87
2015.01.23 18:52:23.132,1.50494,1.50542,1.00,1.87
2015.01.23 18:52:25.415,1.50494,1.50542,1.00,1.50
2015.01.23 18:52:31.240,1.50493,1.50542,1.00,1.50
2015.01.23 18:52:32.025,1.50493,1.50546,1.00,1.37
2015.01.23 18:52:34.137,1.50483,1.50549,1.75,2.25
2015.01.23 18:52:34.188,1.50483,1.50549,1.37,2.25
2015.01.23 18:52:34.529,1.50493,1.50539,1.00,1.50
2015.01.23 18:52:34.680,1.50483,1.50539,1.00,2.85
2015.01.23 18:52:34.982,1.50483,1.50531,1.00,1.75
2015.01.23 18:52:35.083,1.50466,1.50531,1.75,1.75
2015.01.23 18:52:35.184,1.50464,1.50523,1.37,1.75
2015.01.23 18:52:35.385,1.50464,1.50523,1.37,1.75
2015.01.23 18:52:36.280,1.50457,1.50523,1.75,1.75
2015.01.23 18:52:36.979,1.50462,1.50519,1.12,1.75
2015.01.23 18:52:37.280,1.50462,1.50519,1.37,1.37
2015.01.23 18:52:37.584,1.50464,1.50518,1.00,1.75
2015.01.23 18:52:39.104,1.50464,1.50518,1.00,1.75
2015.01.23 18:52:39.155,1.5046,1.50514,1.00,1.75
2015.01.23 18:52:39.255,1.50457,1.50518,1.87,1.75
2015.01.23 18:52:39.827,1.50457,1.50522,1.37,1.35
2015.01.23 18:52:40.139,1.50457,1.50522,1.75,1.35
2015.01.23 18:52:40.908,1.50457,1.50518,1.37,1.75
2015.01.23 18:52:41.009,1.50457,1.50518,1.37,1.75
2015.01.23 18:52:41.110,1.50457,1.50513,2.25,1.00
2015.01.23 18:52:41.211,1.50464,1.5052,1.37,1.37
2015.01.23 18:52:41.312,1.50464,1.50523,1.37,1.72
2015.01.23 18:52:41.413,1.50457,1.50523,1.75,1.72
2015.01.23 18:52:42.409,1.50457,1.50523,2.25,1.72
2015.01.23 18:52:44.204,1.50457,1.50523,1.75,1.75
2015.01.23 18:52:44.532,1.50461,1.50519,1.37,1.75
2015.01.23 18:52:44.735,1.50457,1.50523,1.37,1.75
2015.01.23 18:52:45.428,1.50457,1.50523,1.75,1.75
2015.01.23 18:52:45.537,1.50456,1.50516,1.75,1.50
2015.01.23 18:52:46.010,1.50448,1.50516,2.25,2.25
2015.01.23 18:52:48.107,1.50448,1.50516,2.25,2.25
2015.01.23 18:52:51.418,1.50452,1.50513,1.75,1.50
2015.01.23 18:52:51.720,1.50446,1.50506,1.37,1.35
2015.01.23 18:52:52.716,1.50434,1.50499,1.75,1.60
2015.01.23 18:52:53.019,1.50453,1.50508,1.50,2.10
2015.01.23 18:52:53.371,1.50453,1.50508,1.75,2.10
2015.01.23 18:52:55.342,1.50457,1.50508,1.75,2.10
2015.01.23 18:52:56.928,1.50457,1.50508,1.37,2.10
2015.01.23 18:52:57.976,1.50457,1.50508,1.00,2.10
2015.01.23 18:52:58.076,1.50451,1.50506,1.37,1.35
2015.01.23 18:52:58.177,1.50448,1.50504,1.37,1.35
2015.01.23 18:52:58.480,1.5044,1.50489,1.87,2.10
2015.01.23 18:52:58.623,1.50429,1.50489,1.37,2.85
2015.01.23 18:52:58.673,1.50429,1.50487,1.37,2.47
2015.01.23 18:52:58.925,1.50429,1.50494,1.37,1.75
2015.01.23 18:53:03.789,1.50427,1.50488,1.50,1.75
2015.01.23 18:53:04.632,1.50426,1.50488,1.87,1.75
2015.01.23 18:53:05.642,1.50425,1.5048,1.75,1.00
2015.01.23 18:53:05.743,1.50427,1.50489,2.25,1.75
2015.01.23 18:53:07.140,1.50426,1.50489,1.50,1.75
2015.01.23 18:53:07.618,1.50429,1.50489,1.75,1.00
2015.01.23 18:53:07.920,1.50444,1.50504,1.75,1.60
2015.01.23 18:53:07.971,1.50444,1.50504,1.00,1.60
2015.01.23 18:53:08.172,1.50444,1.50506,1.00,1.50
2015.01.23 18:53:08.525,1.50447,1.50513,1.00,1.00
2015.01.23 18:53:08.575,1.50447,1.50501,1.00,1.00
2015.01.23 18:53:08.651,1.50443,1.50501,1.00,1.50
2015.01.23 18:53:08.702,1.50433,1.50501,3.37,1.50
2015.01.23 18:53:10.060,1.50433,1.50501,2.25,1.87
2015.01.23 18:53:11.494,1.50433,1.50498,2.25,1.35
2015.01.23 18:53:11.695,1.50433,1.505,2.25,1.35
2015.01.23 18:53:11.859,1.50433,1.50498,1.87,1.35
2015.01.23 18:53:12.561,1.50433,1.50498,2.25,1.35
2015.01.23 18:53:12.674,1.50433,1.50498,1.87,1.35
2015.01.23 18:53:12.876,1.50433,1.50498,2.25,1.35
2015.01.23 18:53:12.977,1.50433,1.50501,2.25,2.25
2015.01.23 18:53:20.227,1.50435,1.505,1.75,2.25
2015.01.23 18:53:20.538,1.50436,1.50501,1.37,2.25
2015.01.23 18:53:20.639,1.50433,1.50501,1.87,2.25
2015.01.23 18:53:20.712,1.50433,1.50492,1.00,2.25
2015.01.23 18:53:20.763,1.50424,1.50484,1.50,1.35
2015.01.23 18:53:20.814,1.50424,1.50487,1.75,1.35
2015.01.23 18:53:20.915,1.50424,1.50484,1.75,1.30
2015.01.23 18:53:21.016,1.50424,1.50491,2.25,2.10
2015.01.23 18:53:21.547,1.50424,1.50491,2.25,1.97
2015.01.23 18:53:22.119,1.50433,1.50495,1.37,2.47
2015.01.23 18:53:22.624,1.50433,1.5049,1.37,1.35
2015.01.23 18:53:22.968,1.50433,1.50494,3.00,1.35
2015.01.23 18:53:25.556,1.50436,1.50495,1.50,2.47
2015.01.23 18:53:27.068,1.50433,1.50495,1.75,2.47
2015.01.23 18:53:29.169,1.50434,1.50495,1.75,2.85
2015.01.23 18:53:33.789,1.50434,1.50495,1.75,2.47
2015.01.23 18:53:37.604,1.50437,1.50495,1.75,2.10
2015.01.23 18:53:40.862,1.50434,1.50495,2.25,2.47
2015.01.23 18:53:41.718,1.50434,1.50495,2.25,2.47
2015.01.23 18:53:41.819,1.50439,1.50498,1.75,1.37
2015.01.23 18:53:49.395,1.50436,1.50499,2.25,1.50
2015.01.23 18:53:49.497,1.50436,1.50499,2.25,1.37
2015.01.23 18:53:50.127,1.50434,1.50493,1.37,1.87
2015.01.23 18:53:50.177,1.50434,1.50493,1.37,1.87
2015.01.23 18:53:50.278,1.50434,1.50494,1.37,1.37
2015.01.23 18:53:50.610,1.50433,1.50494,1.37,1.75
2015.01.23 18:53:50.965,1.50433,1.50494,1.37,1.75
2015.01.23 18:53:53.434,1.50433,1.50494,1.00,2.25
2015.01.23 18:53:55.596,1.50433,1.50494,1.37,2.25
2015.01.23 18:53:57.537,1.50433,1.50494,1.37,2.25
2015.01.23 18:53:59.424,1.50434,1.50492,1.00,2.25
2015.01.23 18:53:59.829,1.50433,1.50494,1.00,1.75
2015.01.23 18:53:59.930,1.50428,1.50476,1.00,1.35
2015.01.23 18:53:59.981,1.50424,1.50476,1.00,1.35
2015.01.23 18:54:00.132,1.5042,1.50479,1.37,1.35
2015.01.23 18:54:00.340,1.5042,1.50481,1.37,1.35
2015.01.23 18:54:01.317,1.50425,1.50485,1.00,1.75
2015.01.23 18:54:01.368,1.50425,1.50485,1.37,1.37
2015.01.23 18:54:01.724,1.50424,1.50487,2.25,1.87
2015.01.23 18:54:04.278,1.50428,1.50487,2.25,1.37
2015.01.23 18:54:04.379,1.50428,1.50487,1.87,1.50
2015.01.23 18:54:04.480,1.5042,1.50487,1.75,1.75
2015.01.23 18:54:04.818,1.50434,1.50487,1.00,1.50
2015.01.23 18:54:05.196,1.50434,1.50487,1.37,1.37
2015.01.23 18:54:05.398,1.50434,1.50494,1.50,2.10
2015.01.23 18:54:05.599,1.50433,1.50494,1.37,1.72
2015.01.23 18:54:05.700,1.50433,1.50494,1.37,2.10
2015.01.23 18:54:06.003,1.50433,1.50494,1.75,1.72
2015.01.23 18:54:06.536,1.50443,1.50497,1.00,1.35
2015.01.23 18:54:08.067,1.50443,1.50494,1.00,1.30
2015.01.23 18:54:08.699,1.50444,1.50497,1.00,1.97
2015.01.23 18:54:11.857,1.50443,1.50494,1.12,1.30
2015.01.23 18:54:12.738,1.50444,1.50494,1.00,1.30
2015.01.23 18:54:13.264,1.50443,1.50494,1.12,1.30
2015.01.23 18:54:16.331,1.50443,1.50495,1.00,2.85
2015.01.23 18:54:16.382,1.50433,1.50495,1.37,2.85
2015.01.23 18:54:16.432,1.50433,1.50494,1.37,1.35
2015.01.23 18:54:16.633,1.50433,1.50494,1.00,2.10
2015.01.23 18:54:18.091,1.50433,1.50487,1.00,2.25
2015.01.23 18:54:18.141,1.50424,1.50487,1.75,2.25
2015.01.23 18:54:19.615,1.50424,1.50479,1.12,1.87
2015.01.23 18:54:19.918,1.50423,1.50479,1.00,1.75
2015.01.23 18:54:20.474,1.50424,1.50479,1.00,1.75
2015.01.23 18:54:20.787,1.50413,1.50479,1.37,1.75
2015.01.23 18:54:21.348,1.50415,1.50474,1.12,1.75
2015.01.23 18:54:21.692,1.50418,1.50479,2.25,1.37
2015.01.23 18:54:22.007,1.50444,1.50479,1.00,1.37
2015.01.23 18:54:22.209,1.50444,1.50479,1.00,1.37
2015.01.23 18:54:22.310,1.50434,1.50479,1.00,1.37
2015.01.23 18:54:22.616,1.50434,1.50479,1.00,1.75
2015.01.23 18:54:22.667,1.50418,1.50479,1.12,1.75
2015.01.23 18:54:22.818,1.50414,1.50479,1.00,1.75
2015.01.23 18:54:22.919,1.50414,1.50479,1.37,1.75
2015.01.23 18:54:23.154,1.50414,1.50479,1.75,1.75
2015.01.23 18:54:23.208,1.50414,1.50479,1.75,1.75
2015.01.23 18:54:27.551,1.5041,1.5047,1.50,1.75
2015.01.23 18:54:27.652,1.50405,1.50467,1.75,1.37
2015.01.23 18:54:27.703,1.50404,1.50468,1.75,1.35
2015.01.23 18:54:27.753,1.50404,1.50464,1.75,1.35
2015.01.23 18:54:28.117,1.50404,1.5047,2.25,1.75
2015.01.23 18:54:29.327,1.50404,1.5047,2.25,1.75
2015.01.23 18:54:29.646,1.50424,1.5047,1.37,1.00
2015.01.23 18:54:29.797,1.50425,1.5048,1.37,1.37
2015.01.23 18:54:29.949,1.50424,1.50482,1.37,1.35
2015.01.23 18:54:30.251,1.50424,1.50485,1.50,1.35
2015.01.23 18:54:30.452,1.50433,1.50485,1.00,1.35
2015.01.23 18:54:30.956,1.50433,1.50481,1.00,1.35
2015.01.23 18:54:31.466,1.50434,1.50486,1.37,1.97
2015.01.23 18:54:31.568,1.50426,1.50487,1.75,1.37
2015.01.23 18:54:31.669,1.50426,1.50495,2.25,2.25
2015.01.23 18:54:31.769,1.50427,1.50495,1.75,1.87
2015.01.23 18:54:31.977,1.50427,1.50495,1.75,2.25
2015.01.23 18:54:33.841,1.50426,1.50495,2.25,2.25
2015.01.23 18:54:34.044,1.50429,1.50493,1.75,1.37
2015.01.23 18:54:34.196,1.50443,1.50493,1.00,1.37
2015.01.23 18:54:34.746,1.50443,1.50495,1.12,1.87
2015.01.23 18:54:36.497,1.50444,1.50495,1.00,1.87
2015.01.23 18:54:37.594,1.50444,1.50495,1.00,3.00
2015.01.23 18:54:37.846,1.50434,1.50483,1.00,2.47
2015.01.23 18:54:37.948,1.50429,1.50482,1.00,1.35
2015.01.23 18:54:38.147,1.50433,1.50482,1.00,1.35
2015.01.23 18:54:39.274,1.50433,1.50483,1.00,1.27
2015.01.23 18:54:39.375,1.50433,1.50485,1.00,1.27
2015.01.23 18:54:39.974,1.50434,1.50484,1.00,1.37
2015.01.23 18:54:40.814,1.50434,1.50478,1.00,1.60
2015.01.23 18:54:40.965,1.50434,1.50477,1.00,1.37
2015.01.23 18:54:41.167,1.50434,1.50477,1.50,1.00
2015.01.23 18:54:41.218,1.50434,1.50486,1.50,1.35
2015.01.23 18:54:41.369,1.50444,1.50486,1.00,1.00
2015.01.23 18:54:41.890,1.50433,1.50486,1.00,1.50
2015.01.23 18:54:42.198,1.50433,1.50486,1.00,1.75
2015.01.23 18:54:42.551,1.50425,1.50479,1.12,1.50
2015.01.23 18:54:42.702,1.50424,1.50479,1.00,2.25
2015.01.23 18:54:42.918,1.50412,1.50479,1.12,2.25
2015.01.23 18:54:45.476,1.50416,1.50468,1.50,1.00
2015.01.23 18:54:45.578,1.50419,1.50479,1.87,1.75
2015.01.23 18:54:45.779,1.50419,1.50487,3.00,2.25
2015.01.23 18:54:46.417,1.50426,1.50495,3.00,2.25
2015.01.23 18:54:55.396,1.5043,1.50491,1.37,1.75
2015.01.23 18:54:57.342,1.50426,1.50489,1.87,1.75
2015.01.23 18:54:57.824,1.50426,1.50487,1.87,1.75
2015.01.23 18:54:59.025,1.50432,1.50493,1.37,1.75
2015.01.23 18:54:59.811,1.50432,1.50492,1.37,1.50
2015.01.23 18:55:01.055,1.50427,1.50495,2.25,2.25
2015.01.23 18:55:02.321,1.50426,1.50495,2.25,2.25
2015.01.23 18:55:02.466,1.50426,1.50495,2.25,1.87
2015.01.23 18:55:03.231,1.50426,1.50495,3.00,2.25
2015.01.23 18:55:04.436,1.50431,1.50495,1.75,3.00
2015.01.23 18:55:09.079,1.50426,1.50492,1.75,1.12
2015.01.23 18:55:09.381,1.50434,1.50502,1.75,1.50
2015.01.23 18:55:09.723,1.50436,1.50502,1.75,1.37
2015.01.23 18:55:12.445,1.50443,1.50502,1.75,1.12
2015.01.23 18:55:18.271,1.50445,1.50502,1.37,1.37
2015.01.23 18:55:26.602,1.50434,1.50502,3.00,1.75
2015.01.23 18:55:26.703,1.50434,1.50502,2.25,1.75
2015.01.23 18:55:29.819,1.50429,1.50497,2.25,2.25
2015.01.23 18:55:30.121,1.50428,1.50488,1.50,1.75
2015.01.23 18:55:30.434,1.50428,1.50488,1.37,1.75
2015.01.23 18:55:30.898,1.50422,1.50488,1.37,1.75
2015.01.23 18:55:30.999,1.50414,1.5048,1.75,1.75
2015.01.23 18:55:31.301,1.50414,1.5048,1.75,1.75
2015.01.23 18:55:33.895,1.50414,1.5048,1.75,1.37
2015.01.23 18:55:36.405,1.50418,1.5048,1.75,1.75
2015.01.23 18:55:36.607,1.50417,1.50478,1.75,1.37
2015.01.23 18:55:44.606,1.50414,1.5048,1.75,1.75
2015.01.23 18:55:44.808,1.50415,1.50479,1.75,1.37
2015.01.23 18:55:45.431,1.50415,1.50479,1.75,1.75
2015.01.23 18:55:46.034,1.50419,1.5048,1.75,1.37
2015.01.23 18:55:47.713,1.50419,1.5048,1.00,1.50
2015.01.23 18:55:47.847,1.50419,1.50472,1.00,1.00
2015.01.23 18:55:48.166,1.50406,1.50472,1.75,2.25
2015.01.23 18:55:48.474,1.50414,1.50479,1.50,1.75
2015.01.23 18:55:48.802,1.50413,1.50479,2.25,1.75
2015.01.23 18:55:49.218,1.50413,1.50479,2.25,1.50
2015.01.23 18:55:51.133,1.50419,1.50479,1.75,1.37
2015.01.23 18:55:52.555,1.50419,1.50479,1.75,1.87
2015.01.23 18:55:52.964,1.50423,1.50479,1.00,2.25
2015.01.23 18:55:55.534,1.50423,1.50479,1.75,1.50
2015.01.23 18:55:55.635,1.50423,1.50489,1.75,1.75
2015.01.23 18:55:55.736,1.50424,1.50489,1.75,1.37
2015.01.23 18:55:56.374,1.50423,1.50489,2.25,1.75
2015.01.23 18:55:56.677,1.50423,1.50489,1.75,1.75
2015.01.23 18:55:56.837,1.50424,1.50489,1.75,1.50
2015.01.23 18:56:01.576,1.5043,1.50491,1.50,1.50
2015.01.23 18:56:03.087,1.5043,1.50492,1.75,1.37
2015.01.23 18:56:03.394,1.50431,1.50494,1.50,1.75
2015.01.23 18:56:05.153,1.50429,1.50497,1.75,1.75
2015.01.23 18:56:06.156,1.50429,1.50497,1.37,1.75
2015.01.23 18:56:10.007,1.50429,1.50495,1.50,1.75
2015.01.23 18:56:10.309,1.50434,1.50493,1.37,1.75
2015.01.23 18:56:11.298,1.50431,1.50497,1.75,2.25
2015.01.23 18:56:14.003,1.50436,1.50497,1.75,1.37
2015.01.23 18:56:14.205,1.50439,1.50506,1.75,1.75
2015.01.23 18:56:14.700,1.50444,1.50506,1.75,1.50
2015.01.23 18:56:17.785,1.50449,1.50512,1.75,1.37
2015.01.23 18:56:17.886,1.50449,1.50512,2.25,1.37
2015.01.23 18:56:18.050,1.50455,1.50521,1.75,1.75
2015.01.23 18:56:19.337,1.50463,1.50529,1.00,1.75
2015.01.23 18:56:20.810,1.50463,1.50529,1.37,1.75
2015.01.23 18:56:27.921,1.50463,1.50521,1.00,1.75
2015.01.23 18:56:28.072,1.50454,1.50517,1.00,1.75
2015.01.23 18:56:28.123,1.50452,1.50517,1.75,1.75
2015.01.23 18:56:28.425,1.50451,1.50517,1.75,1.75
2015.01.23 18:56:28.526,1.50451,1.50517,1.75,1.37
2015.01.23 18:56:31.265,1.50459,1.50517,1.75,1.37
2015.01.23 18:56:33.747,1.50459,1.50521,1.37,1.75
2015.01.23 18:56:34.252,1.50458,1.50515,1.75,1.30
2015.01.23 18:56:34.353,1.50458,1.50517,1.37,1.37
2015.01.23 18:56:34.655,1.5046,1.50526,1.12,1.75
2015.01.23 18:56:37.948,1.5046,1.50517,1.37,1.37
2015.01.23 18:56:39.363,1.50454,1.50516,1.50,1.75
2015.01.23 18:56:39.811,1.50454,1.50516,1.37,1.75
2015.01.23 18:56:40.441,1.50453,1.50516,1.50,1.75
2015.01.23 18:56:41.148,1.50453,1.5052,1.37,2.25
2015.01.23 18:56:45.258,1.50453,1.5052,1.75,2.25
2015.01.23 18:56:46.772,1.50453,1.50509,1.00,1.75
2015.01.23 18:56:46.923,1.50451,1.50503,1.00,1.75
2015.01.23 18:56:46.974,1.50443,1.50509,1.00,1.75
2015.01.23 18:56:47.074,1.50433,1.50501,2.25,2.25
2015.01.23 18:56:47.175,1.50434,1.50501,1.37,2.25
2015.01.23 18:56:47.481,1.50434,1.50501,1.00,2.25
2015.01.23 18:56:47.582,1.50424,1.5049,1.37,1.75
2015.01.23 18:56:47.709,1.50424,1.5049,1.00,1.00
2015.01.23 18:56:48.962,1.50424,1.5049,1.37,1.75
2015.01.23 18:56:49.564,1.50424,1.5049,1.37,1.75
2015.01.23 18:56:50.069,1.50427,1.50486,1.00,1.75
2015.01.23 18:56:50.500,1.50432,1.5049,1.37,1.75
2015.01.23 18:56:50.889,1.50434,1.50492,1.12,1.37
2015.01.23 18:56:52.701,1.50434,1.50495,1.37,1.75
2015.01.23 18:56:53.473,1.50436,1.50496,1.50,1.75
2015.01.23 18:56:56.619,1.50437,1.50497,1.37,1.75
2015.01.23 18:56:56.720,1.50437,1.50497,1.37,1.75
2015.01.23 18:56:59.432,1.50437,1.50499,1.75,2.25
2015.01.23 18:56:59.763,1.50436,1.50497,1.50,1.75
2015.01.23 18:57:00.310,1.50435,1.50496,1.37,1.75
2015.01.23 18:57:03.839,1.50439,1.50498,1.37,1.75
2015.01.23 18:57:18.618,1.50439,1.50497,1.12,1.75
2015.01.23 18:57:19.461,1.50439,1.50498,1.00,1.75
2015.01.23 18:57:23.460,1.50436,1.50495,1.37,1.75
2015.01.23 18:57:23.825,1.50436,1.50495,1.00,1.75
2015.01.23 18:57:23.926,1.50434,1.50495,2.25,1.75
2015.01.23 18:57:24.027,1.50429,1.50485,1.37,1.37
2015.01.23 18:57:24.363,1.50429,1.50485,1.00,1.75
2015.01.23 18:57:24.413,1.50426,1.50492,1.37,1.75
2015.01.23 18:57:24.671,1.50426,1.50492,1.12,1.75
2015.01.23 18:57:35.678,1.50426,1.50483,1.37,1.75
2015.01.23 18:57:36.281,1.50424,1.50482,1.37,1.37
2015.01.23 18:57:36.400,1.50424,1.5048,1.87,1.50
2015.01.23 18:57:36.753,1.50424,1.50479,1.50,1.75
2015.01.23 18:57:38.408,1.50424,1.5048,1.50,1.75
2015.01.23 18:57:38.510,1.50418,1.5048,1.37,1.75
2015.01.23 18:57:49.707,1.50416,1.50476,1.37,1.75
2015.01.23 18:57:50.576,1.50416,1.50482,1.00,1.75
2015.01.23 18:57:50.688,1.50416,1.50482,1.00,1.75
2015.01.23 18:57:51.142,1.50406,1.50474,1.75,1.75
2015.01.23 18:57:53.732,1.50406,1.50464,1.37,1.37
2015.01.23 18:57:54.034,1.50406,1.50474,1.37,1.75
2015.01.23 18:57:54.400,1.50414,1.50475,1.37,1.75
2015.01.23 18:57:54.803,1.50414,1.50482,2.25,1.75
2015.01.23 18:57:56.086,1.50414,1.50469,2.25,1.00
2015.01.23 18:57:56.642,1.50414,1.50469,1.37,1.37
2015.01.23 18:57:56.843,1.50414,1.50466,1.50,1.37
2015.01.23 18:57:57.682,1.50413,1.50464,1.00,1.37
2015.01.23 18:57:58.394,1.50407,1.50464,2.25,1.37
2015.01.23 18:58:04.209,1.50407,1.50474,1.87,1.75
2015.01.23 18:58:07.737,1.50407,1.5046,1.37,1.00
2015.01.23 18:58:08.297,1.50407,1.50459,1.37,1.00
2015.01.23 18:58:08.619,1.50407,1.5046,1.75,1.00
2015.01.23 18:58:08.945,1.50407,1.50464,1.75,1.12
2015.01.23 18:58:11.123,1.50407,1.50464,1.75,1.00
2015.01.23 18:58:11.660,1.50407,1.50464,1.75,1.37
2015.01.23 18:58:12.683,1.50407,1.50462,1.75,1.00
2015.01.23 18:58:14.259,1.50407,1.50462,1.37,1.37
2015.01.23 18:58:14.462,1.50407,1.50458,1.00,1.37
2015.01.23 18:58:14.563,1.504,1.50455,1.50,1.00
2015.01.23 18:58:15.074,1.504,1.50466,1.50,1.75
2015.01.23 18:58:15.279,1.504,1.50466,1.75,1.50
2015.01.23 18:58:15.581,1.50404,1.50466,1.75,1.75
2015.01.23 18:58:18.948,1.50404,1.50466,1.75,1.37
2015.01.23 18:58:19.250,1.50404,1.50466,1.50,1.75
2015.01.23 18:58:23.275,1.50401,1.50466,1.75,1.75
2015.01.23 18:58:26.071,1.50403,1.50461,1.50,1.37
2015.01.23 18:58:26.362,1.50403,1.50459,1.37,1.37
2015.01.23 18:58:26.877,1.504,1.50466,1.37,1.75
2015.01.23 18:58:27.180,1.504,1.50466,1.37,1.75
2015.01.23 18:58:27.482,1.504,1.50466,1.37,1.75
2015.01.23 18:58:27.803,1.504,1.50466,1.00,1.75
2015.01.23 18:58:27.904,1.50393,1.50459,1.37,2.25
2015.01.23 18:58:29.497,1.50394,1.50456,1.50,1.75
2015.01.23 18:58:32.520,1.50393,1.50448,1.50,1.37
2015.01.23 18:58:33.028,1.50394,1.50451,1.37,1.37
2015.01.23 18:58:33.699,1.50394,1.5045,1.12,1.00
2015.01.23 18:58:33.750,1.5039,1.50442,1.87,1.00
2015.01.23 18:58:33.800,1.5039,1.50442,1.87,1.37
2015.01.23 18:58:35.325,1.50386,1.50442,1.75,1.00
2015.01.23 18:58:35.476,1.50391,1.5045,1.75,1.87
2015.01.23 18:58:35.527,1.50403,1.5045,1.00,1.37
2015.01.23 18:58:36.046,1.50404,1.50449,1.00,1.12
2015.01.23 18:58:36.889,1.50404,1.50449,1.00,1.37
2015.01.23 18:58:44.586,1.50404,1.5045,1.00,1.00
2015.01.23 18:58:44.687,1.50404,1.50454,1.12,1.00
2015.01.23 18:58:45.210,1.50403,1.50455,1.37,1.12
2015.01.23 18:58:45.442,1.50403,1.50455,1.37,1.00
2015.01.23 18:58:45.693,1.50403,1.50467,1.37,1.75
2015.01.23 18:58:45.850,1.50402,1.50467,1.75,1.75
2015.01.23 18:58:49.429,1.50401,1.50456,1.75,1.00
2015.01.23 18:58:49.480,1.50401,1.50456,1.75,1.12
2015.01.23 18:58:49.530,1.50401,1.50454,1.75,1.00
2015.01.23 18:58:49.581,1.50401,1.50454,1.37,1.37
2015.01.23 18:58:49.682,1.50401,1.50454,1.37,1.37
2015.01.23 18:58:50.200,1.50413,1.50467,1.00,1.75
2015.01.23 18:58:50.919,1.50414,1.50467,1.00,1.75
2015.01.23 18:58:51.423,1.50414,1.50467,1.00,1.75
2015.01.23 18:58:52.181,1.50414,1.50456,1.00,1.50
2015.01.23 18:58:52.467,1.50404,1.50457,1.00,1.75
2015.01.23 18:58:52.571,1.50404,1.50457,1.00,1.37
2015.01.23 18:58:52.723,1.50404,1.50458,1.37,1.37
2015.01.23 18:58:53.029,1.50414,1.50458,1.00,1.37
2015.01.23 18:58:53.538,1.50413,1.50458,1.00,1.37
2015.01.23 18:58:54.811,1.50413,1.50453,1.00,1.00
2015.01.23 18:58:55.116,1.50413,1.50467,1.00,3.00
2015.01.23 18:58:55.217,1.50403,1.50459,1.00,1.75
2015.01.23 18:58:55.823,1.50403,1.50459,1.00,1.75
2015.01.23 18:58:56.771,1.50404,1.50459,1.00,1.75
2015.01.23 18:58:58.190,1.50404,1.50452,1.00,1.00
2015.01.23 18:58:58.728,1.50404,1.50453,1.00,1.12
2015.01.23 18:58:58.829,1.50404,1.50455,1.00,1.00
2015.01.23 18:58:59.357,1.50404,1.50459,1.00,2.25
2015.01.23 18:58:59.663,1.50404,1.50459,1.00,1.75
2015.01.23 18:59:00.065,1.50415,1.50459,1.00,1.00
2015.01.23 18:59:00.217,1.50415,1.50469,1.00,1.37
2015.01.23 18:59:00.318,1.50424,1.50478,1.00,1.35
2015.01.23 18:59:00.900,1.50423,1.50478,1.00,1.35
2015.01.23 18:59:01.099,1.50423,1.50481,1.00,2.25
2015.01.23 18:59:01.151,1.50418,1.50481,1.00,2.25
2015.01.23 18:59:01.201,1.50418,1.50481,1.00,2.25
2015.01.23 18:59:01.409,1.50413,1.5048,1.87,1.75
2015.01.23 18:59:01.510,1.50413,1.50467,1.50,1.37
2015.01.23 18:59:08.319,1.50413,1.50481,1.50,2.25
2015.01.23 18:59:09.630,1.50413,1.50466,1.50,1.37
2015.01.23 18:59:11.240,1.50413,1.50466,1.50,1.75
2015.01.23 18:59:12.890,1.50413,1.50466,1.50,1.75
2015.01.23 18:59:16.190,1.50413,1.50464,1.00,2.25
2015.01.23 18:59:16.241,1.50405,1.5046,1.12,1.50
2015.01.23 18:59:16.392,1.50405,1.5046,1.37,1.12
2015.01.23 18:59:16.443,1.50413,1.50472,1.00,1.75
2015.01.23 18:59:16.909,1.50405,1.50472,1.00,1.75
2015.01.23 18:59:18.604,1.50405,1.50456,1.00,1.50
2015.01.23 18:59:18.906,1.50396,1.50462,1.00,1.75
2015.01.23 18:59:19.086,1.50388,1.50454,1.00,1.75
2015.01.23 18:59:19.137,1.50388,1.50454,1.00,1.75
2015.01.23 18:59:19.338,1.50388,1.50454,1.37,1.75
2015.01.23 18:59:19.439,1.50393,1.50454,1.00,1.75
2015.01.23 18:59:20.044,1.50393,1.50454,1.12,1.75
2015.01.23 18:59:20.196,1.50404,1.50454,1.00,1.75
2015.01.23 18:59:20.712,1.50404,1.50453,1.00,1.75
2015.01.23 18:59:21.395,1.50393,1.50449,1.37,1.50
2015.01.23 18:59:21.446,1.50396,1.50449,1.37,1.12
2015.01.23 18:59:21.661,1.50392,1.50447,1.00,1.75
2015.01.23 18:59:21.711,1.50384,1.50447,1.37,1.75
2015.01.23 18:59:21.862,1.50383,1.50447,1.50,1.75
2015.01.23 18:59:22.201,1.50374,1.50439,1.75,1.75
2015.01.23 18:59:22.752,1.50374,1.50439,1.37,1.75
2015.01.23 18:59:22.982,1.50373,1.50439,1.87,1.75
2015.01.23 18:59:25.453,1.50374,1.50437,1.00,1.75
2015.01.23 18:59:26.155,1.50373,1.50425,1.12,1.37
2015.01.23 18:59:28.293,1.50373,1.50427,1.00,2.25
2015.01.23 18:59:29.681,1.50373,1.50424,1.00,1.37
2015.01.23 18:59:35.412,1.50373,1.50431,1.00,1.75
2015.01.23 18:59:36.219,1.50373,1.50423,1.00,1.37
2015.01.23 18:59:36.320,1.50373,1.50424,1.00,1.75
2015.01.23 18:59:36.579,1.50368,1.50424,1.00,1.75
2015.01.23 18:59:37.249,1.50365,1.50424,1.37,1.75
2015.01.23 18:59:37.932,1.50373,1.50432,1.00,2.25
2015.01.23 18:59:39.600,1.50373,1.5043,1.00,1.75
2015.01.23 18:59:39.650,1.50364,1.5042,2.25,1.37
2015.01.23 18:59:39.701,1.50364,1.5042,2.25,1.75
2015.01.23 18:59:41.170,1.50364,1.50427,2.25,1.75
2015.01.23 18:59:41.399,1.50364,1.5043,1.87,1.75
2015.01.23 18:59:41.499,1.50364,1.50428,1.87,1.75
2015.01.23 18:59:41.665,1.50364,1.50428,2.62,1.75
2015.01.23 18:59:41.978,1.50374,1.50431,1.00,1.75
2015.01.23 18:59:42.436,1.50373,1.50423,1.00,1.75
2015.01.23 18:59:42.486,1.50373,1.50423,1.00,1.75
2015.01.23 18:59:42.688,1.50373,1.50423,1.00,1.75
2015.01.23 18:59:42.886,1.50364,1.50423,1.37,1.75
2015.01.23 18:59:43.212,1.50366,1.50423,1.75,1.12
2015.01.23 18:59:43.313,1.50374,1.50431,1.00,1.75
2015.01.23 18:59:43.671,1.50374,1.50431,1.00,1.75
2015.01.23 18:59:43.772,1.50373,1.50431,1.00,1.75
2015.01.23 18:59:44.372,1.50373,1.50431,1.37,1.75
2015.01.23 18:59:45.422,1.50374,1.50438,1.75,1.75
2015.01.23 18:59:45.724,1.50384,1.50431,1.00,1.50
2015.01.23 18:59:45.825,1.50365,1.50431,1.75,1.50
2015.01.23 18:59:45.926,1.50363,1.5043,1.87,1.75
2015.01.23 18:59:46.247,1.50356,1.50422,1.50,1.75
2015.01.23 18:59:46.298,1.50356,1.50422,1.00,1.00
2015.01.23 18:59:46.580,1.50356,1.50415,1.00,1.00
2015.01.23 18:59:46.631,1.50347,1.50413,1.00,1.00
2015.01.23 18:59:46.681,1.50347,1.50406,1.00,1.00
2015.01.23 18:59:46.732,1.50339,1.50406,1.00,1.50
2015.01.23 18:59:47.252,1.50338,1.50406,1.87,1.50
2015.01.23 18:59:47.785,1.50338,1.50406,2.25,2.25
2015.01.23 18:59:48.289,1.50338,1.50406,1.87,2.25
2015.01.23 18:59:48.390,1.50338,1.50399,1.37,1.75
2015.01.23 18:59:48.490,1.50331,1.50397,1.75,1.75
2015.01.23 18:59:48.689,1.50331,1.50397,1.37,1.75
2015.01.23 18:59:49.063,1.50331,1.50395,1.37,1.75
2015.01.23 18:59:49.609,1.50331,1.50393,1.00,1.75
2015.01.23 18:59:49.943,1.50331,1.50393,1.00,1.75
2015.01.23 18:59:50.380,1.50329,1.50388,1.00,1.75
2015.01.23 18:59:50.544,1.50322,1.50388,1.37,2.25
2015.01.23 18:59:50.798,1.50322,1.50388,1.50,2.25
2015.01.23 18:59:51.145,1.50322,1.50388,1.00,1.75
2015.01.23 18:59:51.246,1.50322,1.50388,1.50,1.75
2015.01.23 18:59:51.347,1.50322,1.50388,1.75,1.75
2015.01.23 18:59:51.448,1.50331,1.5039,1.50,1.37
2015.01.23 18:59:51.750,1.50331,1.50397,1.75,1.75
2015.01.23 18:59:51.851,1.50331,1.50397,1.37,1.75
2015.01.23 18:59:57.430,1.50331,1.50397,1.75,1.75
2015.01.23 18:59:57.750,1.50331,1.50397,1.00,1.75
2015.01.23 18:59:57.851,1.50324,1.5039,1.50,1.75
2015.01.23 18:59:58.052,1.50316,1.50383,1.75,2.25
2015.01.23 18:59:58.354,1.50315,1.50383,2.25,1.87
2015.01.23 18:59:59.940,1.50318,1.5038,1.75,1.00
