2017.04.11 13:00:00.370,1.52851,1.52876,1.00,1.00
2017.04.11 13:00:00.472,1.52852,1.52879,1.00,1.00
2017.04.11 13:00:01.251,1.52853,1.52879,1.00,1.00
2017.04.11 13:00:01.503,1.52855,1.52879,1.00,1.00
2017.04.11 13:00:02.044,1.52854,1.52879,1.00,1.00
2017.04.11 13:00:02.710,1.52856,1.5288,1.00,1.00
2017.04.11 13:00:03.214,1.52855,1.5288,1.00,1.00
2017.04.11 13:00:03.718,1.52856,1.5288,1.00,1.00
2017.04.11 13:00:04.515,1.52855,1.5288,1.00,1.00
2017.04.11 13:00:05.583,1.52855,1.52881,1.00,1.00
2017.04.11 13:00:06.145,1.52854,1.52881,1.50,1.00
2017.04.11 13:00:06.470,1.52856,1.52881,1.00,1.00
2017.04.11 13:00:07.218,1.52854,1.52881,1.50,1.00
2017.04.11 13:00:08.045,1.52855,1.5288,1.00,1.00
2017.04.11 13:00:08.605,1.52856,1.52879,1.00,1.00
2017.04.11 13:00:08.759,1.52854,1.52879,1.50,1.00
2017.04.11 13:00:09.268,1.52855,1.52879,1.00,1.00
2017.04.11 13:00:09.369,1.52853,1.52879,1.00,1.50
2017.04.11 13:00:09.884,1.52852,1.52879,1.50,1.50
2017.04.11 13:00:10.457,1.52852,1.52878,1.00,1.00
2017.04.11 13:00:10.909,1.52854,1.52879,1.00,1.00
2017.04.11 13:00:11.436,1.52853,1.52877,1.00,1.00
2017.04.11 13:00:11.487,1.52851,1.52877,1.00,1.00
2017.04.11 13:00:11.538,1.52854,1.52877,1.00,1.00
2017.04.11 13:00:11.639,1.52854,1.52879,1.00,1.00
2017.04.11 13:00:13.247,1.52853,1.52879,1.50,1.00
2017.04.11 13:00:14.906,1.52858,1.52879,1.00,1.00
2017.04.11 13:00:15.007,1.52855,1.52879,1.00,1.00
2017.04.11 13:00:15.100,1.52853,1.52879,1.00,1.00
2017.04.11 13:00:15.251,1.52855,1.52879,1.00,1.00
2017.04.11 13:00:15.302,1.52852,1.52879,1.00,1.00
2017.04.11 13:00:15.353,1.52856,1.52879,1.00,1.00
2017.04.11 13:00:15.504,1.52854,1.52879,1.00,1.00
2017.04.11 13:00:15.555,1.52853,1.52875,1.00,1.00
2017.04.11 13:00:15.656,1.52853,1.52879,1.00,1.00
2017.04.11 13:00:15.758,1.5285,1.52879,1.00,1.50
2017.04.11 13:00:16.182,1.52853,1.5288,1.00,1.00
2017.04.11 13:00:16.484,1.52853,1.52878,1.00,1.00
2017.04.11 13:00:16.787,1.52857,1.52876,1.00,1.00
2017.04.11 13:00:16.838,1.52848,1.52876,1.00,1.00
2017.04.11 13:00:16.889,1.52848,1.52873,1.00,1.00
2017.04.11 13:00:16.939,1.52844,1.52872,1.00,1.00
2017.04.11 13:00:17.142,1.52844,1.5287,1.00,1.00
2017.04.11 13:00:17.429,1.52844,1.52872,1.00,1.00
2017.04.11 13:00:17.481,1.52847,1.52872,1.00,1.00
2017.04.11 13:00:18.247,1.52847,1.52873,1.00,1.00
2017.04.11 13:00:18.550,1.52842,1.52866,1.00,1.00
2017.04.11 13:00:18.912,1.52839,1.52866,1.50,1.00
2017.04.11 13:00:19.551,1.52839,1.52865,1.00,1.00
2017.04.11 13:00:20.169,1.52839,1.52866,1.50,1.00
2017.04.11 13:00:20.220,1.52844,1.52866,1.00,1.00
2017.04.11 13:00:20.321,1.52842,1.52867,1.00,1.00
2017.04.11 13:00:20.372,1.52844,1.52868,1.50,1.00
2017.04.11 13:00:20.473,1.52844,1.52871,1.00,1.00
2017.04.11 13:00:20.648,1.52842,1.52869,1.50,1.00
2017.04.11 13:00:20.958,1.52846,1.52869,1.00,1.00
2017.04.11 13:00:21.469,1.52846,1.52871,1.00,1.00
2017.04.11 13:00:21.621,1.52843,1.52871,1.50,1.00
2017.04.11 13:00:22.059,1.52845,1.5287,1.00,1.00
2017.04.11 13:00:22.453,1.52845,1.52866,1.00,1.00
2017.04.11 13:00:22.655,1.52839,1.52862,1.00,1.00
2017.04.11 13:00:23.009,1.52836,1.52862,1.00,1.00
2017.04.11 13:00:23.547,1.52837,1.52862,1.00,1.00
2017.04.11 13:00:23.648,1.52836,1.5286,1.00,1.00
2017.04.11 13:00:24.154,1.52835,1.52861,1.00,1.00
2017.04.11 13:00:24.655,1.52837,1.52861,1.00,1.00
2017.04.11 13:00:25.187,1.52836,1.52861,1.00,1.50
2017.04.11 13:00:25.389,1.52834,1.5286,1.00,1.00
2017.04.11 13:00:25.541,1.52833,1.52858,1.00,1.00
2017.04.11 13:00:26.091,1.52832,1.52858,1.00,1.00
2017.04.11 13:00:26.256,1.52834,1.52866,1.35,1.00
2017.04.11 13:00:26.307,1.52842,1.52865,1.00,1.00
2017.04.11 13:00:26.408,1.52839,1.52863,1.00,1.00
2017.04.11 13:00:26.661,1.5284,1.52869,1.00,1.50
2017.04.11 13:00:27.069,1.52843,1.52869,1.00,1.00
2017.04.11 13:00:27.234,1.5284,1.52869,1.00,1.00
2017.04.11 13:00:27.284,1.52842,1.52869,1.00,1.00
2017.04.11 13:00:28.891,1.52845,1.52869,1.00,1.00
2017.04.11 13:00:28.995,1.52846,1.52871,1.00,1.00
2017.04.11 13:00:29.046,1.52847,1.52874,1.50,1.50
2017.04.11 13:00:29.198,1.52849,1.52874,1.00,1.50
2017.04.11 13:00:29.720,1.52848,1.52874,1.00,1.00
2017.04.11 13:00:30.224,1.52849,1.52873,1.00,1.00
2017.04.11 13:00:31.388,1.52848,1.52873,1.00,1.00
2017.04.11 13:00:31.920,1.52849,1.52873,1.00,1.00
2017.04.11 13:00:32.524,1.52848,1.52873,1.00,1.00
2017.04.11 13:00:32.792,1.52846,1.52872,1.00,1.00
2017.04.11 13:00:33.085,1.52846,1.5287,1.00,1.00
2017.04.11 13:00:34.278,1.52849,1.52873,1.00,1.00
2017.04.11 13:00:34.480,1.52849,1.52875,1.50,1.00
2017.04.11 13:00:34.987,1.52852,1.52876,1.00,1.00
2017.04.11 13:00:35.441,1.52853,1.52878,1.00,1.00
2017.04.11 13:00:35.952,1.52854,1.52879,1.00,1.00
2017.04.11 13:00:36.456,1.52853,1.52879,1.00,1.00
2017.04.11 13:00:36.775,1.52854,1.52881,1.00,1.00
2017.04.11 13:00:36.841,1.52857,1.52882,1.00,1.50
2017.04.11 13:00:36.943,1.52855,1.52882,1.50,1.00
2017.04.11 13:00:36.994,1.52857,1.5288,1.50,1.00
2017.04.11 13:00:37.095,1.52858,1.52884,1.00,1.35
2017.04.11 13:00:37.613,1.52858,1.52883,1.00,1.00
2017.04.11 13:00:37.929,1.52856,1.52883,1.00,1.00
2017.04.11 13:00:37.980,1.52856,1.52881,1.00,1.00
2017.04.11 13:00:38.557,1.52857,1.52881,1.00,1.00
2017.04.11 13:00:38.864,1.52855,1.5288,1.00,1.35
2017.04.11 13:00:38.915,1.52855,1.52877,1.00,1.00
2017.04.11 13:00:39.016,1.52853,1.52876,1.00,1.00
2017.04.11 13:00:39.409,1.52851,1.52876,1.00,1.00
2017.04.11 13:00:39.832,1.52851,1.52878,1.50,1.00
2017.04.11 13:00:40.185,1.52855,1.52878,1.00,1.00
2017.04.11 13:00:40.776,1.52853,1.52878,1.00,1.00
2017.04.11 13:00:41.350,1.52853,1.52879,1.00,1.50
2017.04.11 13:00:41.875,1.52854,1.52878,1.00,1.00
2017.04.11 13:00:42.925,1.52851,1.52878,1.50,1.00
2017.04.11 13:00:42.993,1.52853,1.52878,1.00,1.00
2017.04.11 13:00:43.710,1.52854,1.52878,1.00,1.00
2017.04.11 13:00:45.023,1.52852,1.52878,1.00,1.00
2017.04.11 13:00:45.543,1.52853,1.52878,1.00,1.00
2017.04.11 13:00:47.023,1.52854,1.52878,1.00,1.00
2017.04.11 13:00:51.715,1.52855,1.52878,1.00,1.00
2017.04.11 13:00:51.956,1.52857,1.52878,1.00,1.00
2017.04.11 13:00:53.317,1.52854,1.52878,1.00,1.00
2017.04.11 13:00:54.702,1.52855,1.52874,1.00,1.00
2017.04.11 13:00:54.752,1.52852,1.52874,1.00,1.00
2017.04.11 13:00:54.803,1.5285,1.52874,1.00,1.00
2017.04.11 13:00:55.316,1.52851,1.52874,1.50,1.00
2017.04.11 13:00:56.233,1.52851,1.52875,1.50,1.35
2017.04.11 13:00:56.809,1.5285,1.52875,1.00,1.35
2017.04.11 13:00:57.313,1.52849,1.52874,1.50,1.00
2017.04.11 13:00:57.364,1.52851,1.52874,1.00,1.00
2017.04.11 13:00:57.872,1.5285,1.52874,1.00,1.00
2017.04.11 13:00:59.155,1.52849,1.52874,1.50,1.00
2017.04.11 13:01:00.369,1.5285,1.52874,1.00,1.00
2017.04.11 13:01:00.671,1.52853,1.52874,1.00,1.00
2017.04.11 13:01:00.980,1.52853,1.52876,1.00,1.00
2017.04.11 13:01:01.265,1.52851,1.52876,1.00,1.35
2017.04.11 13:01:01.635,1.52853,1.52876,1.00,1.00
2017.04.11 13:01:01.977,1.52856,1.52876,1.00,1.00
2017.04.11 13:01:05.031,1.52855,1.52876,1.00,1.00
2017.04.11 13:01:06.107,1.52856,1.52876,1.00,1.00
2017.04.11 13:01:07.099,1.52857,1.52884,1.00,1.50
2017.04.11 13:01:07.149,1.52862,1.52884,1.50,1.00
2017.04.11 13:01:07.452,1.5287,1.5289,1.00,1.00
2017.04.11 13:01:07.758,1.52873,1.5289,1.00,1.00
2017.04.11 13:01:07.827,1.52867,1.5289,1.00,1.50
2017.04.11 13:01:07.979,1.52869,1.5289,1.00,1.50
2017.04.11 13:01:08.130,1.52869,1.52894,1.00,1.00
2017.04.11 13:01:08.181,1.52872,1.52894,1.00,1.00
2017.04.11 13:01:08.510,1.52875,1.52894,1.00,1.00
2017.04.11 13:01:09.361,1.52873,1.52893,1.00,1.00
2017.04.11 13:01:10.297,1.52873,1.52894,1.00,1.00
2017.04.11 13:01:10.860,1.52874,1.52894,1.00,1.00
2017.04.11 13:01:11.679,1.52873,1.52894,1.00,1.00
2017.04.11 13:01:12.041,1.52875,1.52894,1.00,1.00
2017.04.11 13:01:12.522,1.52873,1.52894,1.00,1.00
2017.04.11 13:01:13.736,1.52874,1.52894,1.00,1.00
2017.04.11 13:01:15.073,1.52873,1.52894,1.00,1.00
2017.04.11 13:01:15.660,1.52874,1.52894,1.00,1.00
2017.04.11 13:01:16.188,1.52874,1.52895,1.00,1.00
2017.04.11 13:01:17.004,1.52874,1.52897,1.00,1.00
2017.04.11 13:01:17.256,1.52876,1.52897,1.00,1.00
2017.04.11 13:01:18.017,1.52876,1.52898,1.00,1.00
2017.04.11 13:01:18.068,1.52876,1.52904,1.50,1.00
2017.04.11 13:01:18.119,1.52879,1.52905,1.00,1.00
2017.04.11 13:01:18.422,1.52886,1.52905,1.00,1.00
2017.04.11 13:01:18.473,1.52884,1.52905,1.00,1.00
2017.04.11 13:01:18.767,1.5288,1.52905,1.00,1.00
2017.04.11 13:01:18.817,1.5288,1.52902,1.00,1.00
2017.04.11 13:01:19.811,1.5288,1.52904,1.00,1.00
2017.04.11 13:01:19.862,1.52882,1.52904,1.00,1.00
2017.04.11 13:01:20.455,1.52883,1.52904,1.00,1.00
2017.04.11 13:01:20.989,1.52883,1.52905,1.00,1.00
2017.04.11 13:01:21.191,1.52883,1.52907,1.00,1.00
2017.04.11 13:01:21.293,1.52886,1.52909,1.00,1.00
2017.04.11 13:01:21.638,1.52889,1.52909,1.00,1.00
2017.04.11 13:01:22.243,1.52889,1.52911,1.00,1.00
2017.04.11 13:01:23.890,1.52888,1.52911,1.00,1.00
2017.04.11 13:01:26.528,1.52888,1.52912,1.00,1.00
2017.04.11 13:01:27.262,1.52888,1.52908,1.00,1.00
2017.04.11 13:01:27.312,1.52881,1.52905,1.00,1.00
2017.04.11 13:01:27.665,1.52883,1.52905,1.00,1.00
2017.04.11 13:01:27.963,1.52881,1.52905,1.00,1.00
2017.04.11 13:01:28.467,1.52882,1.52906,1.00,1.00
2017.04.11 13:01:30.081,1.52883,1.52906,1.00,1.00
2017.04.11 13:01:30.541,1.52881,1.52905,1.00,1.00
2017.04.11 13:01:31.940,1.52881,1.52908,1.00,1.00
2017.04.11 13:01:31.992,1.52883,1.5291,1.00,1.00
2017.04.11 13:01:32.332,1.52887,1.5291,1.00,1.00
2017.04.11 13:01:33.122,1.52887,1.52908,1.00,1.00
2017.04.11 13:01:33.475,1.52885,1.52907,1.00,1.00
2017.04.11 13:01:35.273,1.52884,1.52907,1.00,1.00
2017.04.11 13:01:35.789,1.52883,1.52906,1.00,1.00
2017.04.11 13:01:36.144,1.52883,1.52902,1.00,1.00
2017.04.11 13:01:36.195,1.5288,1.52902,1.00,1.00
2017.04.11 13:01:36.447,1.52879,1.52904,1.00,1.00
2017.04.11 13:01:36.571,1.52881,1.52904,1.00,1.00
2017.04.11 13:01:36.723,1.52879,1.52904,1.00,1.00
2017.04.11 13:01:36.874,1.52881,1.52904,1.00,1.00
2017.04.11 13:01:37.113,1.52882,1.52906,1.00,1.00
2017.04.11 13:01:37.516,1.52884,1.52906,1.00,1.00
2017.04.11 13:01:37.618,1.52884,1.52908,1.00,1.00
2017.04.11 13:01:37.669,1.52884,1.52906,1.00,1.00
2017.04.11 13:01:37.720,1.52881,1.52904,1.50,1.00
2017.04.11 13:01:38.023,1.52879,1.52904,1.00,1.00
2017.04.11 13:01:38.535,1.5288,1.52903,1.00,1.00
2017.04.11 13:01:38.687,1.52878,1.52903,1.00,1.00
2017.04.11 13:01:39.218,1.52878,1.52899,1.00,1.00
2017.04.11 13:01:39.370,1.52878,1.52903,1.00,1.00
2017.04.11 13:01:39.421,1.52875,1.52903,1.35,1.00
2017.04.11 13:01:39.471,1.52879,1.52904,1.00,1.00
2017.04.11 13:01:39.826,1.52882,1.52905,1.00,1.00
2017.04.11 13:01:40.368,1.52883,1.52905,1.00,1.00
2017.04.11 13:01:40.671,1.52886,1.52905,1.00,1.00
2017.04.11 13:01:41.130,1.52884,1.52906,1.00,1.00
2017.04.11 13:01:41.460,1.52884,1.529,1.00,1.00
2017.04.11 13:01:41.646,1.5288,1.529,1.00,1.00
2017.04.11 13:01:41.898,1.52877,1.529,1.00,1.00
2017.04.11 13:01:41.999,1.52879,1.529,1.00,1.00
2017.04.11 13:01:42.201,1.52879,1.52902,1.00,1.00
2017.04.11 13:01:42.302,1.52882,1.52906,1.00,1.00
2017.04.11 13:01:42.917,1.52883,1.52906,1.00,1.00
2017.04.11 13:01:43.083,1.52885,1.52906,1.00,1.00
2017.04.11 13:01:44.179,1.52885,1.52903,1.00,1.00
2017.04.11 13:01:44.230,1.52881,1.52901,1.00,1.00
2017.04.11 13:01:44.331,1.52878,1.529,1.00,1.00
2017.04.11 13:01:44.455,1.52874,1.529,1.00,1.00
2017.04.11 13:01:44.506,1.52874,1.529,1.00,1.60
2017.04.11 13:01:44.809,1.5287,1.52896,1.00,1.00
2017.04.11 13:01:46.079,1.5287,1.52893,1.00,1.00
2017.04.11 13:01:46.837,1.52871,1.52893,1.00,1.00
2017.04.11 13:01:48.964,1.52871,1.52894,1.00,1.00
2017.04.11 13:01:49.413,1.52873,1.52894,1.00,1.00
2017.04.11 13:01:49.830,1.52869,1.52894,1.50,1.00
2017.04.11 13:01:53.712,1.52871,1.52894,1.00,1.00
2017.04.11 13:01:54.897,1.52869,1.52894,1.50,1.00
2017.04.11 13:01:55.347,1.52871,1.52894,1.00,1.00
2017.04.11 13:01:55.661,1.52871,1.52896,1.00,1.00
2017.04.11 13:01:57.522,1.5287,1.52893,1.00,1.00
2017.04.11 13:01:58.146,1.52868,1.52893,1.00,1.00
2017.04.11 13:02:00.077,1.52868,1.52894,1.00,1.00
2017.04.11 13:02:00.202,1.52868,1.52892,1.00,1.00
2017.04.11 13:02:01.154,1.52867,1.52892,1.50,1.00
2017.04.11 13:02:02.241,1.52868,1.52892,1.00,1.00
2017.04.11 13:02:02.812,1.52867,1.52892,1.00,1.00
2017.04.11 13:02:03.331,1.52867,1.52891,1.00,1.00
2017.04.11 13:02:03.533,1.52865,1.5289,1.50,1.00
2017.04.11 13:02:05.246,1.52863,1.5289,2.25,1.00
2017.04.11 13:02:05.776,1.52864,1.5289,1.00,1.00
2017.04.11 13:02:06.306,1.52863,1.52889,1.00,1.00
2017.04.11 13:02:10.438,1.52864,1.52889,1.00,1.00
2017.04.11 13:02:10.993,1.52863,1.52889,1.00,1.00
2017.04.11 13:02:11.628,1.52864,1.52889,1.00,1.00
2017.04.11 13:02:11.761,1.52864,1.52887,1.00,1.00
2017.04.11 13:02:12.580,1.52865,1.52887,1.00,1.00
2017.04.11 13:02:13.183,1.52864,1.52888,1.00,1.00
2017.04.11 13:02:14.623,1.52864,1.52886,1.00,1.00
2017.04.11 13:02:16.976,1.52863,1.52886,1.00,1.00
2017.04.11 13:02:17.904,1.52862,1.52886,1.00,1.00
2017.04.11 13:02:18.251,1.52858,1.52883,1.00,1.00
2017.04.11 13:02:18.525,1.52856,1.52883,2.25,1.00
2017.04.11 13:02:18.746,1.5286,1.52884,1.00,1.00
2017.04.11 13:02:18.948,1.52858,1.52884,1.50,1.00
2017.04.11 13:02:18.999,1.52862,1.52884,1.00,1.00
2017.04.11 13:02:19.050,1.52858,1.52884,1.50,1.00
2017.04.11 13:02:19.605,1.52859,1.52884,1.00,1.00
2017.04.11 13:02:20.134,1.52858,1.52884,2.25,1.00
2017.04.11 13:02:22.367,1.52857,1.52884,1.00,1.00
2017.04.11 13:02:23.125,1.52857,1.52883,1.00,1.00
2017.04.11 13:02:23.176,1.52857,1.52885,1.00,1.00
2017.04.11 13:02:23.683,1.52856,1.52885,1.00,1.00
2017.04.11 13:02:24.417,1.52856,1.52883,1.00,1.00
2017.04.11 13:02:24.881,1.52854,1.52881,1.50,1.00
2017.04.11 13:02:27.018,1.52854,1.52881,2.10,1.00
2017.04.11 13:02:28.149,1.52854,1.52882,2.10,1.00
2017.04.11 13:02:28.452,1.52856,1.52883,1.00,1.00
2017.04.11 13:02:29.057,1.52855,1.52883,1.50,1.00
2017.04.11 13:02:31.147,1.52857,1.52883,1.00,1.00
2017.04.11 13:02:35.499,1.52855,1.52884,1.50,1.00
2017.04.11 13:02:35.550,1.52853,1.52881,1.00,1.00
2017.04.11 13:02:36.548,1.52853,1.5288,2.10,1.00
2017.04.11 13:02:37.948,1.52854,1.5288,1.00,1.00
2017.04.11 13:02:40.240,1.52853,1.5288,1.00,1.00
2017.04.11 13:02:41.668,1.52854,1.5288,1.00,1.00
2017.04.11 13:02:42.624,1.52855,1.52881,1.00,1.00
2017.04.11 13:02:44.654,1.52855,1.52884,1.00,1.50
2017.04.11 13:02:46.210,1.52855,1.52883,1.00,1.00
2017.04.11 13:02:46.608,1.52855,1.52881,1.00,1.00
2017.04.11 13:02:47.729,1.52853,1.52882,2.10,1.00
2017.04.11 13:02:48.436,1.52853,1.52882,1.35,1.00
2017.04.11 13:02:48.739,1.52856,1.52883,1.00,1.00
2017.04.11 13:02:50.949,1.52857,1.52883,1.00,1.00
2017.04.11 13:02:51.050,1.52858,1.52885,1.00,1.50
2017.04.11 13:02:51.101,1.52856,1.52882,1.00,1.00
2017.04.11 13:02:51.889,1.52856,1.52881,1.00,1.00
2017.04.11 13:02:52.091,1.52854,1.5288,1.00,1.00
2017.04.11 13:02:52.142,1.52852,1.52883,2.10,1.00
2017.04.11 13:02:52.243,1.52853,1.52881,1.00,1.00
2017.04.11 13:02:52.888,1.52854,1.52881,1.00,1.00
2017.04.11 13:02:53.535,1.52853,1.52881,1.00,1.00
2017.04.11 13:02:54.006,1.52856,1.52881,1.00,1.00
2017.04.11 13:02:54.733,1.52854,1.52876,1.00,1.00
2017.04.11 13:02:54.834,1.5285,1.52875,1.00,1.00
2017.04.11 13:02:54.936,1.52848,1.52874,1.00,1.00
2017.04.11 13:02:55.037,1.52849,1.52877,1.00,1.00
2017.04.11 13:02:55.935,1.52847,1.52876,1.00,1.00
2017.04.11 13:02:56.137,1.52846,1.52871,1.00,1.00
2017.04.11 13:02:56.641,1.52845,1.52871,1.00,1.00
2017.04.11 13:02:57.154,1.52844,1.5287,1.00,1.00
2017.04.11 13:02:59.969,1.52844,1.52871,1.00,1.50
2017.04.11 13:03:00.071,1.52844,1.52873,1.00,1.50
2017.04.11 13:03:00.222,1.52847,1.52873,1.00,1.00
2017.04.11 13:03:00.771,1.52847,1.52874,1.00,1.00
2017.04.11 13:03:01.161,1.52845,1.52872,2.10,1.00
2017.04.11 13:03:02.597,1.52843,1.52869,1.00,1.00
2017.04.11 13:03:03.539,1.52842,1.52869,1.00,1.00
2017.04.11 13:03:04.096,1.52842,1.5287,1.00,1.00
2017.04.11 13:03:05.393,1.52842,1.52868,1.00,1.00
2017.04.11 13:03:05.846,1.52842,1.52871,1.00,1.00
2017.04.11 13:03:07.305,1.52843,1.52873,1.00,1.50
2017.04.11 13:03:07.356,1.52843,1.5287,1.00,1.00
2017.04.11 13:03:07.609,1.52839,1.52867,1.50,1.00
2017.04.11 13:03:07.661,1.52838,1.52864,1.50,1.00
2017.04.11 13:03:07.915,1.52832,1.52861,1.00,1.50
2017.04.11 13:03:08.133,1.52835,1.52864,1.00,1.00
2017.04.11 13:03:08.436,1.52839,1.52865,1.00,1.00
2017.04.11 13:03:08.940,1.52838,1.52865,1.00,1.00
2017.04.11 13:03:11.475,1.52839,1.52868,1.00,1.00
2017.04.11 13:03:11.994,1.52839,1.52867,1.00,1.00
2017.04.11 13:03:12.387,1.52838,1.52865,1.00,1.00
2017.04.11 13:03:12.691,1.5283,1.52857,2.10,1.00
2017.04.11 13:03:13.124,1.52828,1.52855,1.00,1.00
2017.04.11 13:03:13.427,1.52825,1.52852,1.00,1.00
2017.04.11 13:03:14.131,1.52826,1.52853,1.00,1.00
2017.04.11 13:03:14.182,1.52826,1.52855,1.00,1.00
2017.04.11 13:03:15.809,1.52826,1.52855,1.60,1.00
2017.04.11 13:03:15.860,1.52826,1.52855,1.60,1.00
2017.04.11 13:03:16.163,1.52836,1.5286,1.00,1.00
2017.04.11 13:03:16.365,1.52836,1.52863,1.00,1.00
2017.04.11 13:03:16.863,1.52838,1.52865,1.00,1.00
2017.04.11 13:03:18.077,1.52841,1.52866,1.00,1.00
2017.04.11 13:03:18.178,1.52841,1.52869,1.00,1.00
2017.04.11 13:03:18.229,1.52838,1.52866,1.00,1.00
2017.04.11 13:03:19.014,1.5284,1.52867,1.00,1.00
2017.04.11 13:03:19.065,1.52841,1.5287,1.00,2.25
2017.04.11 13:03:20.017,1.52844,1.52871,1.00,1.50
2017.04.11 13:03:21.010,1.52841,1.5287,1.00,1.00
2017.04.11 13:03:21.731,1.52839,1.52865,1.00,1.00
2017.04.11 13:03:22.034,1.5283,1.52856,1.00,1.00
2017.04.11 13:03:22.574,1.52829,1.52856,1.00,1.50
2017.04.11 13:03:23.116,1.5283,1.52856,1.00,1.00
2017.04.11 13:03:26.806,1.52829,1.52857,1.00,1.50
2017.04.11 13:03:27.683,1.52828,1.52857,1.50,1.50
2017.04.11 13:03:30.351,1.52828,1.52856,1.00,1.00
2017.04.11 13:03:30.633,1.52826,1.52855,1.50,1.00
2017.04.11 13:03:31.326,1.52827,1.52855,1.00,1.00
2017.04.11 13:03:31.865,1.52828,1.52854,1.00,1.00
2017.04.11 13:03:39.496,1.52827,1.52854,1.50,1.00
2017.04.11 13:03:41.788,1.52827,1.52853,1.50,1.00
2017.04.11 13:03:43.487,1.52828,1.52853,1.00,1.00
2017.04.11 13:03:44.032,1.52827,1.52853,1.50,1.00
2017.04.11 13:03:46.291,1.52828,1.52853,1.00,1.00
2017.04.11 13:03:46.946,1.52828,1.52854,1.00,1.00
2017.04.11 13:03:47.611,1.52827,1.52854,1.50,1.00
2017.04.11 13:03:48.701,1.52828,1.52854,1.00,1.00
2017.04.11 13:03:56.818,1.52827,1.52854,1.35,1.00
2017.04.11 13:03:58.699,1.52828,1.52854,1.00,1.00
2017.04.11 13:04:00.707,1.52826,1.52854,2.10,1.00
2017.04.11 13:04:01.303,1.52827,1.52854,1.00,1.00
2017.04.11 13:04:02.152,1.52828,1.52854,1.00,1.00
2017.04.11 13:04:02.808,1.52828,1.52853,1.00,1.00
2017.04.11 13:04:05.079,1.52827,1.52853,1.50,1.00
2017.04.11 13:04:05.372,1.52828,1.52857,1.50,1.00
2017.04.11 13:04:06.038,1.52828,1.52857,1.60,1.00
2017.04.11 13:04:06.089,1.52834,1.52858,1.60,1.00
2017.04.11 13:04:06.139,1.52837,1.5286,1.00,1.00
2017.04.11 13:04:06.241,1.52837,1.52865,1.35,1.50
2017.04.11 13:04:06.292,1.5284,1.52865,1.00,1.00
2017.04.11 13:04:06.343,1.52841,1.52868,1.00,1.00
2017.04.11 13:04:06.444,1.52845,1.52869,1.00,1.12
2017.04.11 13:04:06.495,1.52841,1.52869,1.00,1.12
2017.04.11 13:04:06.546,1.52843,1.52869,1.00,1.12
2017.04.11 13:04:07.106,1.52841,1.52869,1.50,1.00
2017.04.11 13:04:07.657,1.52842,1.52868,1.00,1.00
2017.04.11 13:04:08.219,1.52842,1.52869,1.50,1.00
2017.04.11 13:04:09.318,1.52842,1.52867,1.50,1.00
2017.04.11 13:04:11.256,1.52842,1.52869,1.00,1.00
2017.04.11 13:04:14.215,1.52842,1.52867,1.00,1.00
2017.04.11 13:04:14.723,1.52841,1.52866,1.00,1.00
2017.04.11 13:04:15.268,1.5284,1.52866,1.00,1.00
2017.04.11 13:04:15.621,1.5284,1.52868,1.00,1.50
2017.04.11 13:04:16.089,1.52842,1.52868,1.00,1.50
2017.04.11 13:04:16.617,1.52841,1.52868,1.00,1.50
2017.04.11 13:04:17.171,1.52842,1.52868,1.00,1.50
2017.04.11 13:04:17.907,1.52841,1.52868,1.00,1.50
2017.04.11 13:04:19.204,1.52842,1.52868,1.00,1.50
2017.04.11 13:04:19.813,1.52841,1.52868,1.00,1.50
2017.04.11 13:04:20.645,1.52839,1.52867,1.60,1.00
2017.04.11 13:04:21.099,1.52839,1.52865,1.00,1.00
2017.04.11 13:04:23.594,1.5284,1.52866,1.00,1.00
2017.04.11 13:04:24.138,1.52838,1.52866,2.10,1.50
2017.04.11 13:04:24.511,1.52837,1.52862,1.00,1.00
2017.04.11 13:04:24.764,1.52838,1.52864,1.00,1.00
2017.04.11 13:04:29.124,1.52839,1.52865,1.00,1.00
2017.04.11 13:04:29.697,1.5284,1.52865,1.00,1.00
2017.04.11 13:04:30.214,1.52839,1.52865,1.00,1.00
2017.04.11 13:04:30.773,1.52839,1.52866,1.50,1.00
2017.04.11 13:04:31.224,1.52841,1.52866,1.60,1.00
2017.04.11 13:04:31.275,1.52841,1.52866,1.12,1.00
2017.04.11 13:04:31.326,1.52838,1.52863,1.00,1.00
2017.04.11 13:04:31.377,1.52835,1.52864,1.35,1.50
2017.04.11 13:04:31.429,1.52838,1.52864,1.00,1.00
2017.04.11 13:04:31.480,1.52835,1.52862,1.35,1.00
2017.04.11 13:04:31.531,1.52835,1.5286,2.10,1.00
2017.04.11 13:04:31.633,1.52835,1.52862,1.00,1.00
2017.04.11 13:04:31.936,1.52839,1.52866,1.00,2.25
2017.04.11 13:04:32.239,1.52843,1.52866,1.00,1.00
2017.04.11 13:04:32.739,1.5284,1.52866,1.00,1.50
2017.04.11 13:04:33.129,1.52842,1.52866,1.35,1.00
2017.04.11 13:04:33.678,1.52843,1.52867,1.00,1.00
2017.04.11 13:04:34.200,1.52842,1.52867,1.00,1.00
2017.04.11 13:04:35.243,1.52843,1.52867,1.00,1.00
2017.04.11 13:04:35.395,1.52843,1.52869,1.00,1.00
2017.04.11 13:04:35.546,1.52846,1.52869,1.00,1.00
2017.04.11 13:04:35.931,1.52846,1.52872,1.00,1.00
2017.04.11 13:04:36.284,1.52844,1.52871,1.00,1.00
2017.04.11 13:04:36.435,1.52844,1.52869,1.00,1.00
2017.04.11 13:04:37.123,1.52843,1.52869,1.35,1.00
2017.04.11 13:04:38.045,1.52843,1.5287,1.00,1.00
2017.04.11 13:04:38.549,1.52843,1.52869,1.00,1.00
2017.04.11 13:04:39.054,1.52843,1.5287,1.00,1.00
2017.04.11 13:04:39.155,1.52841,1.5287,1.50,1.50
2017.04.11 13:04:39.407,1.52846,1.52869,1.00,1.00
2017.04.11 13:04:39.508,1.52846,1.52871,1.00,1.00
2017.04.11 13:04:39.962,1.52844,1.52868,1.00,1.00
2017.04.11 13:04:40.064,1.52842,1.52867,1.00,1.00
2017.04.11 13:04:40.284,1.52845,1.52867,1.00,1.00
2017.04.11 13:04:40.755,1.52844,1.5287,1.00,1.00
2017.04.11 13:04:40.932,1.52841,1.52867,1.00,1.00
2017.04.11 13:04:41.033,1.52838,1.52867,2.10,1.00
2017.04.11 13:04:41.134,1.5284,1.52867,1.00,1.00
2017.04.11 13:04:41.459,1.52838,1.52866,2.10,1.00
2017.04.11 13:04:42.066,1.52838,1.52865,2.10,1.00
2017.04.11 13:04:42.267,1.5284,1.52865,1.60,1.00
2017.04.11 13:04:42.419,1.5284,1.52867,2.10,1.50
2017.04.11 13:04:43.135,1.5284,1.52867,2.85,1.50
2017.04.11 13:04:43.236,1.5284,1.52867,2.10,1.00
2017.04.11 13:04:43.438,1.5284,1.52867,1.00,1.00
2017.04.11 13:04:43.806,1.52841,1.52869,1.00,1.50
2017.04.11 13:04:44.317,1.52841,1.52868,1.00,1.00
2017.04.11 13:04:44.468,1.52841,1.52866,1.00,1.00
2017.04.11 13:04:45.614,1.52841,1.52867,1.00,1.00
2017.04.11 13:04:46.444,1.52843,1.52867,1.00,1.00
2017.04.11 13:04:51.978,1.52843,1.52866,1.50,1.00
2017.04.11 13:04:54.768,1.52844,1.52866,1.00,1.00
2017.04.11 13:04:55.296,1.52844,1.52867,1.00,1.00
2017.04.11 13:04:55.846,1.52844,1.52866,1.00,1.00
2017.04.11 13:04:56.316,1.52844,1.52868,1.00,1.00
2017.04.11 13:04:56.571,1.52843,1.52866,1.60,1.00
2017.04.11 13:04:56.722,1.52842,1.52867,1.00,1.50
2017.04.11 13:04:56.924,1.52844,1.52865,1.00,1.00
2017.04.11 13:04:57.025,1.52842,1.52866,1.00,1.50
2017.04.11 13:04:57.328,1.52841,1.52868,1.50,1.00
2017.04.11 13:04:57.429,1.52843,1.5287,1.50,1.00
2017.04.11 13:04:57.631,1.52845,1.52873,1.00,1.00
2017.04.11 13:04:58.278,1.52844,1.52873,1.50,1.00
2017.04.11 13:04:58.491,1.52845,1.52871,1.00,1.00
2017.04.11 13:04:59.024,1.52855,1.52875,1.00,1.50
2017.04.11 13:04:59.295,1.52855,1.52881,2.10,1.50
2017.04.11 13:04:59.677,1.52852,1.5288,1.00,1.00
2017.04.11 13:04:59.778,1.52852,1.52875,1.00,1.00
2017.04.11 13:04:59.879,1.52849,1.52875,1.00,1.00
2017.04.11 13:05:00.452,1.52848,1.52875,1.50,1.00
2017.04.11 13:05:00.503,1.52848,1.52872,1.00,1.00
2017.04.11 13:05:00.554,1.52845,1.52872,1.00,1.00
2017.04.11 13:05:01.284,1.52844,1.52871,1.50,1.00
2017.04.11 13:05:01.386,1.52842,1.52871,1.50,1.00
2017.04.11 13:05:02.987,1.5284,1.52868,1.00,1.35
2017.04.11 13:05:03.461,1.52843,1.5287,1.00,1.00
2017.04.11 13:05:04.688,1.52842,1.52869,1.00,1.00
2017.04.11 13:05:06.197,1.52843,1.5287,1.00,1.00
2017.04.11 13:05:07.015,1.52844,1.5287,1.00,1.00
2017.04.11 13:05:09.420,1.52846,1.52872,1.00,1.00
2017.04.11 13:05:10.406,1.52846,1.52873,1.00,1.00
2017.04.11 13:05:11.972,1.52846,1.52874,1.00,1.35
2017.04.11 13:05:12.392,1.52844,1.5287,1.50,1.00
2017.04.11 13:05:12.493,1.52845,1.52873,1.00,1.00
2017.04.11 13:05:12.695,1.52847,1.52873,1.00,1.00
2017.04.11 13:05:12.847,1.52848,1.52875,1.00,1.35
2017.04.11 13:05:13.160,1.52854,1.52877,1.00,1.60
2017.04.11 13:05:13.427,1.52854,1.5288,1.00,1.00
2017.04.11 13:05:13.918,1.52854,1.52882,1.00,1.35
2017.04.11 13:05:14.479,1.52855,1.52882,1.00,1.00
2017.04.11 13:05:15.556,1.52854,1.52877,1.00,1.00
2017.04.11 13:05:15.657,1.5285,1.52877,1.00,1.00
2017.04.11 13:05:16.697,1.52851,1.52878,1.00,1.00
2017.04.11 13:05:16.855,1.52853,1.52878,1.00,1.00
2017.04.11 13:05:16.956,1.52851,1.52878,1.00,1.00
2017.04.11 13:05:17.622,1.5285,1.52877,1.00,1.00
2017.04.11 13:05:18.361,1.5285,1.5288,1.00,1.60
2017.04.11 13:05:18.462,1.52851,1.5288,1.00,1.35
2017.04.11 13:05:19.006,1.5285,1.5288,1.50,1.60
2017.04.11 13:05:19.641,1.52851,1.5288,1.00,1.60
2017.04.11 13:05:20.167,1.5285,1.52878,1.50,1.00
2017.04.11 13:05:21.214,1.5285,1.52876,1.00,1.00
2017.04.11 13:05:22.231,1.5285,1.52877,1.50,1.00
2017.04.11 13:05:23.206,1.5285,1.52876,1.00,1.00
2017.04.11 13:05:23.762,1.52851,1.52878,1.00,1.00
2017.04.11 13:05:23.812,1.52853,1.52879,1.00,1.00
2017.04.11 13:05:24.115,1.52851,1.52878,1.50,1.60
2017.04.11 13:05:24.317,1.52849,1.52876,1.00,1.00
2017.04.11 13:05:24.621,1.52848,1.52874,1.00,1.60
2017.04.11 13:05:24.672,1.52845,1.52874,1.50,1.60
2017.04.11 13:05:25.227,1.52845,1.52874,1.50,1.35
2017.04.11 13:05:25.733,1.52846,1.52874,1.00,1.00
2017.04.11 13:05:26.393,1.52846,1.52874,1.00,2.10
2017.04.11 13:05:26.903,1.52846,1.52874,1.00,2.10
2017.04.11 13:05:27.434,1.52847,1.52874,1.00,1.50
2017.04.11 13:05:29.275,1.52848,1.52874,1.00,1.00
2017.04.11 13:05:29.375,1.52849,1.52876,1.00,1.00
2017.04.11 13:05:30.963,1.52848,1.52875,1.50,1.00
2017.04.11 13:05:31.501,1.52849,1.52876,1.00,1.00
2017.04.11 13:05:32.635,1.52848,1.52875,1.00,1.35
2017.04.11 13:05:32.686,1.52846,1.52874,1.00,1.35
2017.04.11 13:05:32.787,1.52845,1.52871,1.00,1.00
2017.04.11 13:05:36.269,1.52845,1.52873,1.00,1.00
2017.04.11 13:05:39.291,1.52846,1.52875,1.00,1.35
2017.04.11 13:05:40.559,1.52848,1.52875,1.00,1.00
2017.04.11 13:05:43.473,1.52846,1.52875,1.50,1.35
2017.04.11 13:05:43.524,1.52846,1.52875,1.00,1.60
2017.04.11 13:05:43.776,1.52846,1.52875,1.00,1.35
2017.04.11 13:05:43.877,1.52846,1.52875,1.00,1.60
2017.04.11 13:05:45.160,1.52846,1.52875,1.50,1.60
2017.04.11 13:05:45.878,1.52846,1.52875,1.50,1.35
2017.04.11 13:05:46.540,1.52847,1.52876,1.00,2.10
2017.04.11 13:05:47.541,1.52848,1.52874,1.00,1.00
2017.04.11 13:05:50.002,1.52849,1.52875,1.00,1.00
2017.04.11 13:05:50.477,1.52847,1.52873,1.00,1.00
2017.04.11 13:05:50.964,1.52845,1.52873,1.50,1.00
2017.04.11 13:05:51.136,1.52844,1.52871,1.00,1.00
2017.04.11 13:05:51.187,1.52842,1.5287,1.00,1.00
2017.04.11 13:05:51.338,1.5284,1.52864,1.00,1.00
2017.04.11 13:05:51.439,1.52838,1.52864,1.00,1.00
2017.04.11 13:05:52.190,1.52836,1.52863,1.50,1.00
2017.04.11 13:05:52.718,1.52836,1.52862,1.00,1.00
2017.04.11 13:05:53.312,1.52835,1.52862,1.00,1.00
2017.04.11 13:06:01.574,1.52834,1.52862,1.00,1.00
2017.04.11 13:06:03.288,1.52834,1.52859,1.00,1.00
2017.04.11 13:06:03.338,1.5283,1.52859,1.50,1.00
2017.04.11 13:06:03.844,1.5283,1.52859,1.00,1.60
2017.04.11 13:06:04.356,1.52829,1.52857,1.00,1.00
2017.04.11 13:06:04.857,1.52828,1.52857,1.00,1.50
2017.04.11 13:06:05.214,1.52828,1.52855,1.00,1.60
2017.04.11 13:06:05.742,1.52827,1.52855,1.00,1.60
2017.04.11 13:06:06.010,1.52827,1.52855,1.00,1.00
2017.04.11 13:06:06.297,1.52827,1.52855,1.00,1.60
2017.04.11 13:06:06.347,1.52827,1.52856,1.00,1.35
2017.04.11 13:06:07.085,1.52827,1.52854,1.00,1.00
2017.04.11 13:06:07.753,1.52828,1.52854,1.00,1.00
2017.04.11 13:06:08.531,1.52827,1.52854,1.00,1.00
2017.04.11 13:06:09.310,1.52828,1.52854,1.00,1.00
2017.04.11 13:06:10.029,1.52829,1.52855,1.00,1.35
2017.04.11 13:06:10.332,1.52827,1.52853,1.00,1.00
2017.04.11 13:06:10.842,1.52827,1.52854,1.00,1.00
2017.04.11 13:06:11.387,1.52826,1.52854,1.00,1.00
2017.04.11 13:06:15.227,1.52828,1.52854,1.00,1.00
2017.04.11 13:06:15.886,1.52828,1.52855,1.00,1.35
2017.04.11 13:06:18.348,1.52828,1.52855,1.00,2.10
2017.04.11 13:06:18.850,1.52827,1.52853,1.00,1.00
2017.04.11 13:06:21.334,1.52824,1.52852,1.00,1.00
2017.04.11 13:06:23.604,1.52827,1.52856,1.00,1.50
2017.04.11 13:06:23.756,1.5283,1.52856,1.00,1.00
2017.04.11 13:06:24.545,1.52828,1.52854,1.00,1.00
2017.04.11 13:06:25.062,1.52827,1.52853,1.00,1.00
2017.04.11 13:06:27.121,1.52827,1.52854,1.00,1.00
2017.04.11 13:06:27.668,1.52826,1.52853,1.00,1.00
2017.04.11 13:06:31.629,1.52826,1.52854,1.50,1.35
2017.04.11 13:06:32.631,1.52826,1.52853,1.00,1.00
2017.04.11 13:06:33.673,1.5283,1.52856,1.00,1.00
2017.04.11 13:06:34.478,1.5283,1.52857,1.00,1.00
2017.04.11 13:06:35.168,1.52829,1.52855,1.00,1.00
2017.04.11 13:06:35.827,1.52829,1.52856,1.00,1.00
2017.04.11 13:06:36.245,1.52829,1.52854,1.00,1.00
2017.04.11 13:06:36.396,1.52829,1.52856,1.00,1.00
2017.04.11 13:06:36.920,1.52829,1.52855,1.00,1.00
2017.04.11 13:06:37.494,1.52829,1.52856,1.00,1.00
2017.04.11 13:06:38.129,1.52831,1.52856,1.00,1.00
2017.04.11 13:06:38.180,1.52831,1.52858,1.00,1.50
2017.04.11 13:06:38.389,1.5283,1.52855,1.00,1.00
2017.04.11 13:06:40.516,1.5283,1.52856,1.00,1.00
2017.04.11 13:06:41.100,1.52831,1.52857,1.00,1.00
2017.04.11 13:06:41.648,1.52831,1.52858,1.00,1.50
2017.04.11 13:06:42.179,1.5283,1.52859,1.00,2.10
2017.04.11 13:06:42.598,1.52828,1.52854,1.00,1.00
2017.04.11 13:06:43.232,1.52827,1.52853,1.00,1.00
2017.04.11 13:06:45.482,1.52828,1.52854,1.00,1.00
2017.04.11 13:06:46.464,1.52828,1.52853,1.00,1.00
2017.04.11 13:06:47.141,1.52828,1.52854,1.00,1.00
2017.04.11 13:06:47.847,1.52829,1.52853,1.00,1.00
2017.04.11 13:06:47.949,1.52829,1.52856,1.00,1.00
2017.04.11 13:06:48.520,1.52829,1.52857,1.00,1.50
2017.04.11 13:06:48.571,1.52829,1.52855,1.00,1.00
2017.04.11 13:06:49.549,1.52828,1.52857,1.00,2.25
2017.04.11 13:06:50.636,1.52829,1.52855,1.00,1.00
2017.04.11 13:06:51.769,1.52827,1.52854,1.00,1.00
2017.04.11 13:06:54.789,1.52827,1.52853,1.00,1.00
2017.04.11 13:06:55.111,1.52828,1.52855,1.00,1.00
2017.04.11 13:06:55.514,1.5283,1.52856,1.00,1.35
2017.04.11 13:06:56.024,1.52831,1.52857,1.50,1.00
2017.04.11 13:06:56.636,1.52831,1.52858,1.00,1.50
2017.04.11 13:07:00.062,1.5283,1.52857,1.00,1.00
2017.04.11 13:07:01.730,1.5283,1.52858,1.00,1.00
2017.04.11 13:07:02.608,1.52829,1.52855,1.00,2.85
2017.04.11 13:07:02.709,1.52827,1.52852,1.00,1.60
2017.04.11 13:07:02.760,1.52823,1.52849,1.00,1.60
2017.04.11 13:07:02.811,1.52823,1.52849,1.00,1.35
2017.04.11 13:07:02.962,1.52822,1.52846,1.50,1.00
2017.04.11 13:07:03.396,1.52827,1.52847,1.00,1.60
2017.04.11 13:07:03.649,1.52823,1.52847,1.00,1.00
2017.04.11 13:07:04.512,1.5282,1.52846,1.00,1.35
2017.04.11 13:07:04.563,1.52824,1.52848,1.00,2.10
2017.04.11 13:07:04.889,1.52834,1.52854,1.00,2.10
2017.04.11 13:07:04.939,1.52827,1.52854,1.00,2.10
2017.04.11 13:07:05.632,1.5283,1.52855,1.00,1.60
2017.04.11 13:07:05.682,1.5283,1.52857,1.00,2.85
2017.04.11 13:07:05.834,1.52833,1.52857,1.00,2.85
2017.04.11 13:07:06.087,1.5283,1.52858,1.00,2.10
2017.04.11 13:07:06.287,1.52828,1.52857,1.00,2.10
2017.04.11 13:07:06.842,1.52828,1.52855,1.00,1.00
2017.04.11 13:07:07.468,1.52827,1.52853,1.00,1.00
2017.04.11 13:07:07.670,1.52824,1.52852,1.00,1.35
2017.04.11 13:07:07.873,1.52822,1.52849,1.00,1.00
2017.04.11 13:07:08.176,1.52816,1.52845,1.00,1.35
2017.04.11 13:07:08.849,1.52819,1.52846,1.00,1.50
2017.04.11 13:07:09.430,1.52811,1.52838,1.50,1.00
2017.04.11 13:07:09.733,1.52814,1.52832,1.00,1.00
2017.04.11 13:07:10.245,1.52814,1.52831,1.00,1.00
2017.04.11 13:07:10.296,1.52814,1.52833,1.00,1.00
2017.04.11 13:07:10.415,1.52812,1.52833,1.00,1.00
2017.04.11 13:07:10.570,1.52812,1.52831,1.00,1.00
2017.04.11 13:07:10.885,1.52812,1.52833,1.00,1.00
2017.04.11 13:07:11.625,1.5281,1.52833,1.00,1.00
2017.04.11 13:07:11.777,1.52807,1.5283,1.00,1.00
2017.04.11 13:07:12.180,1.52807,1.52828,1.00,1.00
2017.04.11 13:07:12.473,1.52807,1.5283,1.00,1.00
2017.04.11 13:07:13.064,1.52807,1.52828,1.00,1.00
2017.04.11 13:07:14.555,1.52807,1.52832,1.00,1.00
2017.04.11 13:07:15.093,1.5281,1.52832,1.00,1.00
2017.04.11 13:07:15.395,1.52813,1.52834,1.00,1.00
2017.04.11 13:07:15.899,1.52813,1.52833,1.00,1.00
2017.04.11 13:07:18.723,1.52811,1.52833,1.00,1.00
2017.04.11 13:07:19.800,1.52811,1.52834,1.00,1.00
2017.04.11 13:07:20.379,1.52811,1.52837,1.00,1.00
2017.04.11 13:07:21.455,1.52814,1.52837,1.00,1.00
2017.04.11 13:07:22.456,1.52813,1.52837,1.00,1.00
2017.04.11 13:07:23.636,1.52813,1.52836,1.00,1.00
2017.04.11 13:07:24.024,1.52815,1.52836,1.00,1.00
2017.04.11 13:07:25.103,1.52812,1.52836,1.00,1.00
2017.04.11 13:07:25.254,1.52812,1.52833,1.00,1.00
2017.04.11 13:07:25.554,1.52814,1.52836,1.00,1.00
2017.04.11 13:07:27.240,1.52815,1.52836,1.00,1.00
2017.04.11 13:07:29.542,1.52811,1.52834,1.50,1.00
2017.04.11 13:07:29.643,1.52811,1.5283,1.00,1.00
2017.04.11 13:07:30.148,1.52811,1.52832,1.00,1.00
2017.04.11 13:07:30.820,1.52811,1.52831,1.00,1.00
2017.04.11 13:07:31.750,1.52809,1.52831,1.00,1.00
2017.04.11 13:07:32.266,1.52809,1.52833,1.00,1.00
2017.04.11 13:07:34.051,1.5281,1.52833,1.00,1.00
2017.04.11 13:07:34.202,1.52807,1.52832,1.00,1.00
2017.04.11 13:07:34.556,1.52804,1.52829,1.00,1.00
2017.04.11 13:07:34.707,1.528,1.52826,1.50,1.00
2017.04.11 13:07:34.758,1.528,1.52823,1.00,1.00
2017.04.11 13:07:35.333,1.52799,1.52823,1.00,1.00
2017.04.11 13:07:36.376,1.52799,1.52822,1.00,1.00
2017.04.11 13:07:36.893,1.52798,1.52821,1.00,1.00
2017.04.11 13:07:37.045,1.52798,1.52823,1.00,1.00
2017.04.11 13:07:37.405,1.52802,1.52824,1.00,1.00
2017.04.11 13:07:37.657,1.52802,1.52826,1.00,1.00
2017.04.11 13:07:38.088,1.52807,1.52826,1.00,1.00
2017.04.11 13:07:38.139,1.5281,1.52831,1.00,1.00
2017.04.11 13:07:38.240,1.5281,1.52833,1.00,1.00
2017.04.11 13:07:38.546,1.5281,1.52836,1.00,1.00
2017.04.11 13:07:39.143,1.52812,1.52836,1.00,1.00
2017.04.11 13:07:39.244,1.5281,1.52835,1.00,1.00
2017.04.11 13:07:39.346,1.52809,1.52831,1.00,1.00
2017.04.11 13:07:39.396,1.52807,1.52831,1.00,1.00
2017.04.11 13:07:39.974,1.52807,1.52832,1.00,1.00
2017.04.11 13:07:40.485,1.52807,1.52833,1.00,1.00
2017.04.11 13:07:41.631,1.52808,1.52833,1.00,1.00
2017.04.11 13:07:41.833,1.52812,1.52833,1.00,1.00
2017.04.11 13:07:41.883,1.52812,1.52835,1.00,1.00
2017.04.11 13:07:42.068,1.52812,1.52838,1.00,1.50
2017.04.11 13:07:42.287,1.5281,1.52837,1.00,1.00
2017.04.11 13:07:42.540,1.5281,1.52834,1.00,1.00
2017.04.11 13:07:42.856,1.52808,1.52833,1.00,1.00
2017.04.11 13:07:43.398,1.52808,1.52832,1.00,1.00
2017.04.11 13:07:43.930,1.52808,1.52833,1.00,1.00
2017.04.11 13:07:44.082,1.52808,1.5283,1.00,1.00
2017.04.11 13:07:45.125,1.52806,1.5283,1.00,1.00
2017.04.11 13:07:46.779,1.52805,1.5283,1.00,1.00
2017.04.11 13:07:48.682,1.52805,1.52831,1.00,1.50
2017.04.11 13:07:48.835,1.52803,1.52831,1.00,1.50
2017.04.11 13:07:49.364,1.52801,1.52829,1.00,1.00
2017.04.11 13:07:49.676,1.52804,1.52831,1.00,1.00
2017.04.11 13:07:50.005,1.52804,1.52829,1.00,1.00
2017.04.11 13:07:50.257,1.52801,1.52828,1.00,1.00
2017.04.11 13:07:50.459,1.52801,1.52825,1.00,1.00
2017.04.11 13:07:51.002,1.528,1.52825,1.00,1.00
2017.04.11 13:07:51.514,1.52801,1.52825,1.00,1.00
2017.04.11 13:07:52.050,1.52801,1.52826,1.00,1.00
2017.04.11 13:07:52.252,1.52801,1.52828,1.00,1.50
2017.04.11 13:07:52.967,1.52801,1.52826,1.00,1.00
2017.04.11 13:07:53.396,1.52801,1.52824,1.00,1.00
2017.04.11 13:07:54.394,1.52799,1.52824,1.00,1.00
2017.04.11 13:07:54.830,1.52799,1.52822,1.00,1.00
2017.04.11 13:07:56.403,1.528,1.52822,1.00,1.00
2017.04.11 13:07:56.577,1.528,1.52824,1.00,1.00
2017.04.11 13:07:57.085,1.528,1.52825,1.00,1.00
2017.04.11 13:07:57.256,1.528,1.52823,1.00,1.00
2017.04.11 13:07:57.784,1.528,1.52822,1.00,1.00
2017.04.11 13:07:58.050,1.52798,1.52822,1.00,1.35
2017.04.11 13:07:58.101,1.52796,1.52822,1.00,2.10
2017.04.11 13:07:58.308,1.52796,1.52819,1.00,1.00
2017.04.11 13:07:58.359,1.52794,1.52819,1.00,1.00
2017.04.11 13:07:59.077,1.52796,1.52819,1.00,1.00
2017.04.11 13:07:59.481,1.52796,1.52823,1.00,1.00
2017.04.11 13:07:59.827,1.52801,1.52826,1.00,1.00
2017.04.11 13:08:00.138,1.52798,1.52824,1.00,1.00
2017.04.11 13:08:00.391,1.52798,1.52822,1.00,1.00
2017.04.11 13:08:02.450,1.52799,1.52822,1.00,1.00
2017.04.11 13:08:03.599,1.52801,1.52822,1.00,1.00
2017.04.11 13:08:03.700,1.52802,1.52824,1.00,1.00
2017.04.11 13:08:03.910,1.52802,1.52826,1.00,1.00
2017.04.11 13:08:04.431,1.52801,1.52827,1.50,1.00
2017.04.11 13:08:04.964,1.52802,1.52828,1.00,1.00
2017.04.11 13:08:05.618,1.52801,1.52828,1.50,1.00
2017.04.11 13:08:06.135,1.52802,1.52828,1.00,1.00
2017.04.11 13:08:06.674,1.52802,1.52827,1.00,1.00
2017.04.11 13:08:07.286,1.52801,1.52827,1.00,1.00
2017.04.11 13:08:07.913,1.528,1.52827,1.50,1.00
2017.04.11 13:08:08.447,1.52801,1.52827,1.00,1.00
2017.04.11 13:08:08.599,1.52799,1.52827,1.50,1.00
2017.04.11 13:08:09.107,1.52799,1.52825,1.50,1.00
2017.04.11 13:08:09.158,1.52797,1.52825,1.50,1.00
2017.04.11 13:08:09.757,1.52798,1.52825,1.00,1.00
2017.04.11 13:08:09.858,1.52801,1.52825,1.00,1.00
2017.04.11 13:08:10.060,1.52801,1.52827,1.00,1.00
2017.04.11 13:08:10.600,1.52801,1.52826,1.00,1.00
2017.04.11 13:08:10.714,1.52801,1.52828,1.00,1.00
2017.04.11 13:08:12.299,1.52802,1.5283,1.00,1.00
2017.04.11 13:08:12.400,1.52805,1.5283,1.00,1.00
2017.04.11 13:08:12.921,1.52805,1.52831,1.00,1.00
2017.04.11 13:08:13.345,1.52807,1.52834,1.00,1.50
2017.04.11 13:08:13.851,1.52807,1.52833,1.00,1.00
2017.04.11 13:08:15.162,1.52807,1.52834,1.00,1.00
2017.04.11 13:08:15.683,1.52806,1.52834,1.00,1.00
2017.04.11 13:08:17.513,1.52806,1.52833,1.00,1.00
2017.04.11 13:08:17.692,1.52804,1.52833,1.50,1.50
2017.04.11 13:08:18.197,1.52805,1.52833,1.00,1.50
2017.04.11 13:08:18.739,1.52804,1.52833,1.50,1.50
2017.04.11 13:08:19.346,1.52806,1.52833,1.00,1.50
2017.04.11 13:08:20.255,1.52807,1.52833,1.00,1.00
2017.04.11 13:08:20.711,1.52805,1.5283,1.00,1.00
2017.04.11 13:08:21.264,1.52807,1.52833,1.00,1.00
2017.04.11 13:08:21.315,1.5281,1.52833,1.00,1.00
2017.04.11 13:08:21.416,1.52809,1.52835,1.00,1.00
2017.04.11 13:08:21.517,1.52811,1.52835,1.00,1.00
2017.04.11 13:08:21.618,1.52811,1.52839,1.00,1.00
2017.04.11 13:08:22.020,1.52814,1.5284,1.00,1.00
2017.04.11 13:08:22.528,1.52811,1.5284,1.50,1.00
2017.04.11 13:08:23.075,1.52811,1.52839,1.50,1.00
2017.04.11 13:08:23.602,1.52812,1.52839,1.00,1.00
2017.04.11 13:08:24.381,1.52811,1.52839,1.50,1.00
2017.04.11 13:08:25.275,1.52812,1.52839,1.00,1.00
2017.04.11 13:08:26.108,1.52811,1.52839,1.50,1.00
2017.04.11 13:08:28.551,1.52812,1.5284,1.00,1.00
2017.04.11 13:08:29.084,1.52813,1.5284,1.00,1.00
2017.04.11 13:08:29.613,1.52812,1.5284,1.50,1.00
2017.04.11 13:08:32.095,1.52812,1.52839,1.50,1.00
2017.04.11 13:08:33.367,1.52813,1.5284,1.00,1.00
2017.04.11 13:08:34.103,1.52812,1.5284,1.50,1.00
2017.04.11 13:08:34.154,1.52814,1.5284,1.00,1.00
2017.04.11 13:08:34.205,1.52812,1.5284,1.00,1.00
2017.04.11 13:08:35.081,1.52811,1.5284,1.00,1.00
2017.04.11 13:08:35.651,1.5281,1.5284,1.50,1.00
2017.04.11 13:08:36.165,1.52811,1.5284,1.00,1.00
2017.04.11 13:08:37.073,1.5281,1.5284,1.50,1.00
2017.04.11 13:08:41.617,1.5281,1.52839,1.50,1.00
2017.04.11 13:08:41.668,1.5281,1.52837,1.00,1.00
2017.04.11 13:08:42.122,1.52807,1.52837,1.50,1.00
2017.04.11 13:08:42.704,1.52806,1.52836,1.50,1.00
2017.04.11 13:08:43.351,1.52807,1.52836,1.00,1.00
2017.04.11 13:08:43.862,1.52806,1.52836,1.00,1.50
2017.04.11 13:08:46.515,1.52805,1.52835,1.00,1.00
2017.04.11 13:08:46.566,1.52803,1.52831,1.00,1.00
2017.04.11 13:08:46.667,1.52804,1.52833,1.00,1.50
2017.04.11 13:08:47.826,1.52803,1.52831,1.50,1.00
2017.04.11 13:08:48.291,1.52803,1.52828,1.00,1.00
2017.04.11 13:08:48.341,1.52801,1.52828,1.00,1.00
2017.04.11 13:08:48.392,1.52799,1.52826,1.00,1.00
2017.04.11 13:08:48.594,1.52801,1.52829,1.00,1.50
2017.04.11 13:08:48.897,1.52802,1.52831,1.00,1.50
2017.04.11 13:08:49.748,1.52801,1.52831,1.00,1.50
2017.04.11 13:08:50.050,1.52803,1.52831,1.00,1.00
2017.04.11 13:08:50.759,1.52804,1.52831,1.00,1.00
2017.04.11 13:08:51.083,1.52806,1.52833,1.00,1.00
2017.04.11 13:08:51.627,1.52805,1.52833,1.00,1.00
2017.04.11 13:08:52.135,1.52806,1.52834,1.50,1.00
2017.04.11 13:08:52.749,1.52807,1.52834,1.00,1.00
2017.04.11 13:08:53.150,1.52809,1.52835,1.00,1.00
2017.04.11 13:08:54.142,1.52809,1.52836,1.00,1.00
2017.04.11 13:08:54.450,1.52815,1.52841,1.00,1.00
2017.04.11 13:08:54.551,1.52822,1.52849,1.00,1.50
2017.04.11 13:08:54.653,1.52828,1.52854,1.00,1.00
2017.04.11 13:08:54.979,1.52829,1.52857,1.50,1.00
2017.04.11 13:08:55.526,1.52828,1.52855,1.00,1.00
2017.04.11 13:08:55.727,1.52829,1.52857,1.00,1.00
2017.04.11 13:08:55.828,1.52832,1.52858,1.00,1.00
2017.04.11 13:08:55.879,1.52832,1.52861,1.50,1.00
2017.04.11 13:08:56.356,1.52837,1.52862,1.35,1.00
2017.04.11 13:08:56.457,1.52839,1.52866,1.00,1.00
2017.04.11 13:08:56.659,1.52839,1.52864,1.00,1.00
2017.04.11 13:08:57.186,1.52838,1.52864,1.00,1.00
2017.04.11 13:08:57.488,1.52841,1.52867,1.00,1.00
2017.04.11 13:08:58.084,1.52841,1.52868,1.00,1.00
2017.04.11 13:09:00.171,1.5284,1.52867,1.50,1.00
2017.04.11 13:09:00.556,1.52838,1.52864,1.00,1.00
2017.04.11 13:09:00.657,1.52834,1.52861,1.00,1.00
2017.04.11 13:09:01.861,1.52836,1.52862,1.00,1.00
2017.04.11 13:09:02.013,1.52837,1.52864,1.00,1.00
2017.04.11 13:09:06.062,1.52834,1.52859,1.00,1.00
2017.04.11 13:09:06.567,1.52833,1.52859,1.50,1.00
2017.04.11 13:09:07.028,1.52834,1.52862,1.00,1.00
2017.04.11 13:09:07.315,1.52836,1.52862,1.00,1.00
2017.04.11 13:09:08.544,1.52836,1.5286,1.00,1.00
2017.04.11 13:09:11.275,1.52836,1.52861,1.00,1.00
2017.04.11 13:09:12.489,1.52838,1.52864,1.00,1.00
2017.04.11 13:09:12.998,1.52839,1.52865,1.00,1.00
2017.04.11 13:09:13.941,1.5284,1.52868,1.00,1.50
2017.04.11 13:09:15.669,1.5284,1.52866,1.00,1.00
2017.04.11 13:09:15.763,1.52838,1.52867,1.00,1.00
2017.04.11 13:09:17.034,1.52839,1.52867,1.00,1.00
2017.04.11 13:09:17.630,1.52838,1.52867,1.00,1.00
2017.04.11 13:09:18.831,1.52837,1.52867,1.50,1.50
2017.04.11 13:09:20.641,1.52839,1.52866,1.00,1.00
2017.04.11 13:09:21.606,1.52838,1.52868,1.00,1.00
2017.04.11 13:09:22.134,1.52839,1.52867,1.00,1.00
2017.04.11 13:09:22.680,1.52838,1.52867,1.35,1.00
2017.04.11 13:09:27.480,1.52839,1.52866,1.00,1.00
2017.04.11 13:09:30.851,1.52839,1.52868,1.35,1.50
2017.04.11 13:09:31.254,1.52841,1.52868,1.00,1.00
2017.04.11 13:09:32.664,1.52841,1.52867,1.00,1.00
2017.04.11 13:09:33.347,1.5284,1.52867,1.00,1.00
2017.04.11 13:09:33.550,1.52838,1.52867,1.00,1.00
2017.04.11 13:09:34.430,1.52837,1.52866,1.00,1.00
2017.04.11 13:09:34.885,1.52839,1.52867,1.00,1.00
2017.04.11 13:09:36.296,1.5284,1.52867,1.00,1.00
2017.04.11 13:09:36.523,1.5284,1.5287,1.50,1.00
2017.04.11 13:09:36.574,1.52842,1.5287,1.00,1.00
2017.04.11 13:09:37.123,1.52843,1.5287,1.00,1.00
2017.04.11 13:09:37.465,1.52841,1.52871,1.00,1.50
2017.04.11 13:09:38.010,1.52842,1.52871,1.00,1.00
2017.04.11 13:09:38.619,1.52841,1.52871,1.00,1.00
2017.04.11 13:09:40.058,1.52842,1.52871,1.00,1.00
2017.04.11 13:09:41.852,1.52843,1.52871,1.00,1.00
2017.04.11 13:09:42.840,1.52842,1.52871,1.50,1.00
2017.04.11 13:09:45.443,1.52844,1.52872,1.00,1.00
2017.04.11 13:09:46.362,1.52844,1.52871,1.00,1.00
2017.04.11 13:09:47.018,1.52842,1.5287,1.50,1.00
2017.04.11 13:09:48.020,1.52842,1.52869,1.50,1.00
2017.04.11 13:09:50.260,1.52842,1.5287,1.50,1.00
2017.04.11 13:09:51.235,1.52845,1.52873,1.00,1.00
2017.04.11 13:09:51.552,1.52847,1.52871,1.00,1.00
2017.04.11 13:09:51.603,1.52845,1.52871,1.00,1.00
2017.04.11 13:09:52.139,1.52844,1.52871,1.50,1.00
2017.04.11 13:09:53.125,1.52844,1.52873,1.00,1.50
2017.04.11 13:09:53.443,1.52844,1.52871,1.00,1.00
2017.04.11 13:09:53.847,1.52844,1.52873,1.00,1.00
2017.04.11 13:09:53.998,1.52847,1.52873,1.00,1.00
2017.04.11 13:09:54.754,1.52846,1.52876,1.00,1.50
2017.04.11 13:09:54.807,1.52848,1.52877,1.00,1.00
2017.04.11 13:09:55.443,1.52849,1.52878,1.50,1.00
2017.04.11 13:09:55.838,1.52851,1.52877,1.00,1.00
2017.04.11 13:09:58.523,1.52851,1.52878,1.00,1.00
2017.04.11 13:10:00.304,1.5285,1.52878,1.00,1.00
2017.04.11 13:10:00.830,1.52849,1.52878,1.00,1.00
2017.04.11 13:10:01.519,1.52848,1.52878,1.50,1.00
2017.04.11 13:10:04.086,1.52849,1.52878,1.00,1.00
2017.04.11 13:10:05.788,1.5285,1.52878,1.00,1.00
2017.04.11 13:10:06.324,1.52849,1.52878,1.00,1.37
2017.04.11 13:10:06.627,1.52844,1.52872,1.00,1.12
2017.04.11 13:10:07.345,1.52847,1.52874,1.00,1.00
2017.04.11 13:10:07.850,1.52847,1.52875,1.00,1.00
2017.04.11 13:10:08.381,1.52846,1.52874,1.50,1.00
2017.04.11 13:10:08.985,1.52846,1.52869,1.00,1.00
2017.04.11 13:10:09.604,1.52838,1.52864,2.85,1.00
2017.04.11 13:10:09.924,1.52838,1.52858,2.10,1.00
2017.04.11 13:10:10.136,1.52838,1.5286,2.10,1.00
2017.04.11 13:10:10.287,1.52832,1.5286,1.60,1.00
2017.04.11 13:10:10.513,1.52832,1.5286,1.00,1.00
2017.04.11 13:10:10.664,1.52829,1.52859,1.50,1.00
2017.04.11 13:10:11.066,1.52832,1.5286,1.00,1.00
2017.04.11 13:10:11.167,1.52833,1.52862,1.00,1.50
2017.04.11 13:10:11.318,1.52835,1.52863,1.00,1.50
2017.04.11 13:10:11.823,1.52833,1.52862,1.50,1.00
2017.04.11 13:10:12.178,1.52832,1.5286,1.00,1.00
2017.04.11 13:10:13.658,1.52831,1.5286,1.00,1.00
2017.04.11 13:10:14.253,1.52832,1.52859,1.00,1.00
2017.04.11 13:10:15.230,1.52832,1.5286,1.00,1.00
2017.04.11 13:10:15.850,1.52831,1.52859,2.10,1.00
2017.04.11 13:10:16.383,1.52832,1.5286,2.10,1.00
2017.04.11 13:10:17.078,1.52834,1.52862,1.00,1.00
2017.04.11 13:10:19.160,1.52832,1.52859,1.00,1.00
2017.04.11 13:10:19.582,1.52831,1.52857,1.00,1.00
2017.04.11 13:10:20.179,1.52831,1.52855,1.00,1.00
2017.04.11 13:10:20.230,1.52829,1.52855,1.00,1.00
2017.04.11 13:10:20.740,1.52828,1.52855,1.50,1.00
2017.04.11 13:10:21.827,1.52828,1.52854,1.00,1.00
2017.04.11 13:10:21.928,1.52828,1.52851,1.00,1.00
2017.04.11 13:10:22.029,1.52822,1.52848,1.50,1.00
2017.04.11 13:10:22.282,1.52823,1.52851,1.00,1.00
2017.04.11 13:10:22.938,1.52822,1.52851,1.35,1.00
2017.04.11 13:10:23.462,1.52822,1.52852,2.10,1.50
2017.04.11 13:10:24.347,1.52824,1.52852,1.60,1.00
2017.04.11 13:10:24.549,1.52825,1.52854,1.00,1.50
2017.04.11 13:10:25.064,1.52825,1.52853,1.00,1.00
2017.04.11 13:10:25.569,1.52824,1.52851,1.00,1.00
2017.04.11 13:10:25.771,1.52821,1.52849,1.00,1.00
2017.04.11 13:10:26.784,1.52819,1.52849,1.50,1.00
2017.04.11 13:10:27.046,1.52819,1.52846,1.00,1.00
2017.04.11 13:10:27.577,1.52822,1.52848,1.00,1.00
2017.04.11 13:10:28.090,1.52821,1.52847,1.00,1.00
2017.04.11 13:10:28.829,1.52821,1.52846,1.00,1.00
2017.04.11 13:10:29.375,1.52821,1.52847,1.00,1.00
2017.04.11 13:10:30.340,1.52821,1.52848,1.00,1.50
2017.04.11 13:10:30.912,1.52821,1.52847,1.00,1.00
2017.04.11 13:10:34.868,1.52818,1.52847,1.00,1.00
2017.04.11 13:10:35.928,1.52818,1.52845,1.00,1.00
2017.04.11 13:10:36.552,1.52818,1.52847,1.35,1.50
2017.04.11 13:10:36.991,1.52821,1.52846,1.00,1.00
2017.04.11 13:10:37.498,1.52821,1.52847,1.00,1.00
2017.04.11 13:10:38.090,1.52819,1.52845,1.00,1.00
2017.04.11 13:10:39.088,1.52819,1.52846,1.50,1.00
2017.04.11 13:10:39.390,1.52821,1.52846,1.00,1.00
2017.04.11 13:10:40.089,1.52821,1.52848,1.00,1.50
2017.04.11 13:10:40.140,1.52821,1.52846,1.00,1.00
2017.04.11 13:10:40.671,1.52821,1.52847,1.00,1.00
2017.04.11 13:10:41.020,1.52821,1.52845,1.00,1.00
2017.04.11 13:10:41.895,1.52821,1.52846,1.00,1.00
2017.04.11 13:10:42.399,1.52822,1.52847,1.00,1.50
2017.04.11 13:10:42.901,1.52822,1.52848,1.00,1.50
2017.04.11 13:10:43.515,1.52822,1.52847,1.00,1.00
2017.04.11 13:10:44.225,1.52822,1.52846,1.00,1.00
2017.04.11 13:10:44.761,1.52822,1.52845,1.00,1.00
2017.04.11 13:10:45.272,1.52821,1.52845,1.00,1.50
2017.04.11 13:10:45.529,1.52821,1.52848,2.10,1.00
2017.04.11 13:10:45.681,1.52824,1.52851,1.00,1.50
2017.04.11 13:10:46.221,1.52823,1.52851,1.00,1.50
2017.04.11 13:10:46.814,1.52824,1.52851,1.50,1.00
2017.04.11 13:10:47.319,1.52824,1.5285,1.50,1.00
2017.04.11 13:10:48.021,1.52824,1.52851,1.50,1.00
2017.04.11 13:10:48.358,1.52823,1.52849,1.00,1.00
2017.04.11 13:10:49.188,1.52823,1.5285,1.50,1.00
2017.04.11 13:10:49.692,1.52823,1.52849,1.00,1.00
2017.04.11 13:10:50.437,1.52823,1.52848,1.00,1.00
2017.04.11 13:10:50.589,1.52824,1.5285,1.00,1.00
2017.04.11 13:10:51.133,1.52825,1.52849,1.00,1.00
2017.04.11 13:10:51.284,1.52822,1.52847,1.00,1.00
2017.04.11 13:10:51.385,1.52824,1.52847,1.00,1.00
2017.04.11 13:10:51.742,1.5282,1.52848,1.50,1.50
2017.04.11 13:10:51.794,1.52821,1.52845,1.00,1.00
2017.04.11 13:10:51.844,1.5282,1.52849,1.00,2.10
2017.04.11 13:10:52.350,1.52821,1.52849,1.00,1.00
2017.04.11 13:10:52.502,1.52821,1.52846,1.00,1.00
2017.04.11 13:10:53.106,1.52818,1.52847,1.50,1.00
2017.04.11 13:10:53.159,1.52818,1.52845,2.10,1.00
2017.04.11 13:10:53.709,1.52818,1.52846,1.50,1.50
2017.04.11 13:10:54.013,1.52821,1.52844,1.00,1.00
2017.04.11 13:10:54.630,1.5282,1.52844,1.00,1.00
2017.04.11 13:10:55.386,1.52819,1.52844,1.00,1.00
2017.04.11 13:10:55.925,1.52818,1.52844,1.00,1.00
2017.04.11 13:10:56.473,1.52817,1.52844,1.50,1.00
2017.04.11 13:10:56.985,1.52817,1.52843,1.50,1.00
2017.04.11 13:10:57.306,1.52819,1.52843,1.00,1.00
2017.04.11 13:10:58.489,1.52819,1.52844,1.00,1.00
2017.04.11 13:10:59.141,1.52819,1.52843,1.00,1.00
2017.04.11 13:10:59.652,1.52818,1.52843,1.00,1.00
2017.04.11 13:10:59.890,1.52819,1.52845,1.00,1.50
2017.04.11 13:11:00.548,1.52819,1.52843,1.00,1.35
2017.04.11 13:11:00.598,1.52813,1.52843,1.50,1.50
2017.04.11 13:11:00.699,1.52813,1.52841,1.00,1.50
2017.04.11 13:11:01.019,1.52813,1.52839,1.00,1.00
2017.04.11 13:11:01.887,1.52811,1.52839,1.00,1.00
2017.04.11 13:11:02.386,1.52811,1.52841,1.00,2.10
2017.04.11 13:11:03.183,1.52809,1.5284,1.00,1.60
2017.04.11 13:11:03.233,1.52809,1.5284,1.00,1.35
2017.04.11 13:11:03.881,1.52809,1.52839,1.00,1.00
2017.04.11 13:11:04.598,1.52809,1.5284,1.00,1.00
2017.04.11 13:11:05.118,1.5281,1.5284,1.00,1.35
2017.04.11 13:11:05.637,1.5281,1.5284,1.00,1.60
2017.04.11 13:11:06.044,1.52801,1.52828,1.00,1.00
2017.04.11 13:11:06.095,1.52799,1.52828,1.00,1.00
2017.04.11 13:11:06.297,1.52799,1.52825,1.00,1.00
2017.04.11 13:11:06.723,1.52797,1.52826,1.00,1.00
2017.04.11 13:11:06.774,1.52797,1.52822,1.00,1.00
2017.04.11 13:11:07.749,1.52797,1.52821,1.00,1.00
2017.04.11 13:11:08.320,1.52797,1.5282,1.00,1.00
2017.04.11 13:11:08.803,1.52795,1.5282,1.00,1.00
2017.04.11 13:11:09.266,1.52795,1.52816,1.00,1.00
2017.04.11 13:11:09.490,1.52793,1.52816,1.00,1.00
2017.04.11 13:11:10.413,1.52793,1.52817,1.00,1.00
2017.04.11 13:11:10.959,1.52793,1.52816,1.00,1.00
2017.04.11 13:11:11.836,1.52793,1.52817,1.00,1.00
2017.04.11 13:11:12.541,1.52793,1.52816,1.00,1.00
2017.04.11 13:11:15.522,1.52792,1.52816,1.35,1.00
2017.04.11 13:11:16.088,1.52792,1.52817,1.60,1.00
2017.04.11 13:11:16.630,1.52792,1.52816,1.60,1.00
2017.04.11 13:11:17.160,1.52794,1.52817,1.35,1.00
2017.04.11 13:11:18.027,1.52794,1.52818,1.50,1.00
2017.04.11 13:11:18.665,1.52794,1.52817,2.10,1.00
2017.04.11 13:11:19.169,1.52794,1.52818,2.10,1.00
2017.04.11 13:11:19.703,1.52794,1.52817,2.10,1.00
2017.04.11 13:11:20.226,1.52794,1.52818,2.10,1.00
2017.04.11 13:11:20.821,1.52794,1.52817,2.10,1.00
2017.04.11 13:11:21.334,1.52794,1.52818,2.10,1.00
2017.04.11 13:11:22.190,1.52794,1.52817,1.35,1.00
2017.04.11 13:11:23.689,1.52794,1.52818,1.35,1.00
2017.04.11 13:11:24.278,1.52794,1.52817,1.35,1.00
2017.04.11 13:11:24.859,1.52794,1.52817,1.60,1.00
2017.04.11 13:11:24.909,1.52798,1.52821,1.60,1.00
2017.04.11 13:11:25.010,1.52798,1.52823,1.60,1.00
2017.04.11 13:11:25.514,1.52798,1.52822,1.60,1.00
2017.04.11 13:11:26.052,1.528,1.52822,1.00,1.00
2017.04.11 13:11:26.265,1.528,1.52824,1.00,1.00
2017.04.11 13:11:26.816,1.528,1.52823,1.00,1.00
2017.04.11 13:11:27.338,1.528,1.52824,1.00,1.00
2017.04.11 13:11:27.489,1.52802,1.52824,1.00,1.00
2017.04.11 13:11:27.692,1.52802,1.52826,1.00,1.00
2017.04.11 13:11:28.203,1.52803,1.52827,1.00,1.00
2017.04.11 13:11:28.711,1.52803,1.52826,1.00,1.00
2017.04.11 13:11:29.284,1.52803,1.52825,1.00,1.00
2017.04.11 13:11:29.602,1.528,1.52826,1.00,1.00
2017.04.11 13:11:29.703,1.52798,1.52824,1.50,1.00
2017.04.11 13:11:30.010,1.52794,1.5282,1.50,1.00
2017.04.11 13:11:30.313,1.52794,1.52817,1.50,1.00
2017.04.11 13:11:33.212,1.52794,1.52816,1.00,1.00
2017.04.11 13:11:34.629,1.52794,1.52817,1.00,1.00
2017.04.11 13:11:35.525,1.52793,1.52817,1.00,1.00
2017.04.11 13:11:36.596,1.52793,1.52816,1.50,1.00
2017.04.11 13:11:37.115,1.52793,1.52814,1.50,1.00
2017.04.11 13:11:37.385,1.52793,1.52816,1.50,1.00
2017.04.11 13:11:39.580,1.52794,1.52816,1.00,1.00
2017.04.11 13:11:40.680,1.52794,1.52817,1.00,1.00
2017.04.11 13:11:41.253,1.52794,1.52816,1.00,1.00
2017.04.11 13:11:41.808,1.52795,1.52816,1.00,1.00
2017.04.11 13:11:41.859,1.52795,1.52818,1.00,1.00
2017.04.11 13:11:42.414,1.52796,1.52817,1.00,1.00
2017.04.11 13:11:42.826,1.52794,1.52817,1.00,1.00
2017.04.11 13:11:43.623,1.52794,1.52818,1.00,1.00
2017.04.11 13:11:44.131,1.52794,1.52817,1.00,1.00
2017.04.11 13:11:44.642,1.52794,1.52819,1.00,1.00
2017.04.11 13:11:44.794,1.52794,1.52817,1.00,1.00
2017.04.11 13:11:45.474,1.52794,1.52818,1.00,1.00
2017.04.11 13:11:46.049,1.52794,1.52819,1.00,1.00
2017.04.11 13:11:46.952,1.52794,1.52818,1.00,1.00
2017.04.11 13:11:48.141,1.52794,1.52819,1.00,1.00
2017.04.11 13:11:48.446,1.52794,1.52817,1.00,1.00
2017.04.11 13:11:49.101,1.52794,1.52818,1.00,1.00
2017.04.11 13:11:49.405,1.52797,1.52818,1.00,1.00
2017.04.11 13:11:49.714,1.52798,1.52823,1.00,1.00
2017.04.11 13:11:49.815,1.52798,1.52821,1.00,1.00
2017.04.11 13:11:50.118,1.528,1.52821,1.00,1.00
2017.04.11 13:11:50.219,1.528,1.52823,1.00,1.00
2017.04.11 13:11:50.371,1.528,1.52821,1.00,1.00
2017.04.11 13:11:50.759,1.52797,1.52822,1.00,1.00
2017.04.11 13:11:50.861,1.52797,1.5282,1.00,1.00
2017.04.11 13:11:51.782,1.52798,1.5282,1.00,1.00
2017.04.11 13:11:52.310,1.52798,1.52821,1.00,1.00
2017.04.11 13:11:52.850,1.52798,1.5282,1.00,1.00
2017.04.11 13:11:54.045,1.52798,1.52821,1.00,1.00
2017.04.11 13:11:54.894,1.52798,1.5282,1.00,1.00
2017.04.11 13:11:55.498,1.52798,1.52821,1.00,1.00
2017.04.11 13:11:56.018,1.52798,1.5282,1.00,1.00
2017.04.11 13:11:56.544,1.52798,1.52821,1.00,1.00
2017.04.11 13:11:57.162,1.52798,1.5282,1.00,1.00
2017.04.11 13:11:58.170,1.52798,1.52821,1.00,1.00
2017.04.11 13:11:58.271,1.52795,1.52821,1.00,1.00
2017.04.11 13:11:58.373,1.52795,1.52818,1.00,1.00
2017.04.11 13:11:58.424,1.52793,1.52818,1.00,1.00
2017.04.11 13:11:59.023,1.52793,1.52817,1.00,1.00
2017.04.11 13:11:59.391,1.52795,1.52817,1.00,1.00
2017.04.11 13:11:59.896,1.52795,1.52818,1.00,1.00
2017.04.11 13:12:00.468,1.52795,1.52817,1.00,1.00
2017.04.11 13:12:00.986,1.52795,1.52818,1.00,1.00
2017.04.11 13:12:01.919,1.52795,1.52819,1.00,1.00
2017.04.11 13:12:02.469,1.52796,1.52819,1.00,1.00
2017.04.11 13:12:03.010,1.52796,1.52818,1.00,1.00
2017.04.11 13:12:04.350,1.52796,1.52819,1.00,1.00
2017.04.11 13:12:04.879,1.52796,1.52818,1.00,1.00
2017.04.11 13:12:05.849,1.52796,1.52819,1.00,1.00
2017.04.11 13:12:05.899,1.5279,1.52817,1.00,1.00
2017.04.11 13:12:05.950,1.5279,1.52814,1.00,1.00
2017.04.11 13:12:06.103,1.52785,1.5281,1.00,1.35
2017.04.11 13:12:06.204,1.52783,1.5281,1.00,1.35
2017.04.11 13:12:06.406,1.52783,1.52807,1.50,1.00
2017.04.11 13:12:06.938,1.52783,1.52806,1.00,1.00
2017.04.11 13:12:07.292,1.52781,1.52804,1.00,1.00
2017.04.11 13:12:07.747,1.52781,1.52807,1.50,1.00
2017.04.11 13:12:08.000,1.52781,1.52805,1.12,1.00
2017.04.11 13:12:08.344,1.52783,1.52806,1.00,1.00
2017.04.11 13:12:08.949,1.52783,1.52805,1.00,1.00
2017.04.11 13:12:09.469,1.52781,1.52805,1.12,1.00
2017.04.11 13:12:10.006,1.5278,1.52805,1.12,1.00
2017.04.11 13:12:11.043,1.52781,1.52804,1.00,1.00
2017.04.11 13:12:11.548,1.52781,1.52803,1.00,1.00
2017.04.11 13:12:12.097,1.5278,1.52803,1.00,1.00
2017.04.11 13:12:13.472,1.5278,1.52806,1.00,1.00
2017.04.11 13:12:13.997,1.5278,1.52807,1.50,1.00
2017.04.11 13:12:17.084,1.52781,1.52808,1.00,1.35
2017.04.11 13:12:17.387,1.52782,1.5281,1.00,1.35
2017.04.11 13:12:18.198,1.52782,1.52811,1.00,1.50
2017.04.11 13:12:19.062,1.52782,1.52811,1.00,2.10
2017.04.11 13:12:19.593,1.52782,1.52811,1.00,2.10
2017.04.11 13:12:20.138,1.52782,1.52811,1.00,2.10
2017.04.11 13:12:24.394,1.52782,1.52811,1.00,2.10
2017.04.11 13:12:24.983,1.52781,1.52809,1.00,1.60
2017.04.11 13:12:25.884,1.52781,1.52807,1.00,1.60
2017.04.11 13:12:26.096,1.52781,1.52807,1.00,2.10
2017.04.11 13:12:28.842,1.52781,1.52809,1.00,2.85
2017.04.11 13:12:29.992,1.5278,1.52806,1.00,1.00
2017.04.11 13:12:32.356,1.5278,1.52807,1.00,1.00
2017.04.11 13:12:33.618,1.52783,1.52808,1.00,1.00
2017.04.11 13:12:33.719,1.52781,1.52809,1.00,1.00
2017.04.11 13:12:34.241,1.52781,1.52809,1.00,2.10
2017.04.11 13:12:35.975,1.52781,1.52809,1.00,2.10
2017.04.11 13:12:36.026,1.52779,1.52806,1.00,1.35
2017.04.11 13:12:36.565,1.52779,1.52805,1.00,1.00
2017.04.11 13:12:37.100,1.52778,1.52804,1.00,1.00
2017.04.11 13:12:37.957,1.52777,1.52804,1.00,1.00
2017.04.11 13:12:39.512,1.52777,1.52805,1.00,1.50
2017.04.11 13:12:40.020,1.52777,1.52805,1.50,2.10
2017.04.11 13:12:40.278,1.5278,1.52805,1.00,1.35
2017.04.11 13:12:40.380,1.5278,1.52807,1.00,2.10
2017.04.11 13:12:41.704,1.52781,1.52807,1.00,1.35
2017.04.11 13:12:42.939,1.52781,1.52807,1.00,1.60
2017.04.11 13:12:43.459,1.52781,1.52807,1.00,1.00
2017.04.11 13:12:44.216,1.52782,1.52808,1.00,1.35
2017.04.11 13:12:44.765,1.52783,1.52809,1.00,1.00
2017.04.11 13:12:45.370,1.52784,1.5281,1.00,3.22
2017.04.11 13:12:45.947,1.52785,1.5281,1.00,2.10
2017.04.11 13:12:46.575,1.52785,1.52811,1.00,2.10
2017.04.11 13:12:47.567,1.52785,1.5281,1.00,1.00
2017.04.11 13:12:49.287,1.52785,1.52811,1.00,1.50
2017.04.11 13:12:49.821,1.52785,1.5281,1.00,1.00
2017.04.11 13:12:50.372,1.52785,1.52811,1.00,1.35
2017.04.11 13:12:50.919,1.52784,1.52812,1.00,1.35
2017.04.11 13:12:52.132,1.52783,1.52812,1.50,1.35
2017.04.11 13:12:52.812,1.52783,1.52812,1.50,1.60
2017.04.11 13:12:53.546,1.52783,1.52812,1.50,1.35
2017.04.11 13:12:57.921,1.52785,1.52811,1.00,1.00
2017.04.11 13:12:58.051,1.52786,1.52814,1.00,1.50
2017.04.11 13:12:58.577,1.52787,1.52814,1.00,1.00
2017.04.11 13:12:59.099,1.52786,1.52815,1.00,1.00
2017.04.11 13:13:01.150,1.52786,1.52813,1.00,1.00
2017.04.11 13:13:02.815,1.52788,1.52813,1.00,1.00
2017.04.11 13:13:03.375,1.52788,1.52814,1.00,1.00
2017.04.11 13:13:04.626,1.52786,1.52813,1.00,1.35
2017.04.11 13:13:04.676,1.52786,1.52809,1.00,1.00
2017.04.11 13:13:05.001,1.52786,1.52811,1.00,1.00
2017.04.11 13:13:05.519,1.52786,1.5281,1.00,1.00
2017.04.11 13:13:06.055,1.52786,1.52811,1.00,1.00
2017.04.11 13:13:06.207,1.52785,1.52809,1.00,1.00
2017.04.11 13:13:07.153,1.52784,1.52809,1.00,1.00
2017.04.11 13:13:07.658,1.52783,1.52809,1.50,1.00
2017.04.11 13:13:08.223,1.52783,1.52808,1.00,1.00
2017.04.11 13:13:08.549,1.52781,1.52808,1.00,1.00
2017.04.11 13:13:09.149,1.52782,1.52807,1.00,1.00
2017.04.11 13:13:10.207,1.52782,1.52808,1.00,2.10
2017.04.11 13:13:10.258,1.52781,1.52806,1.00,1.00
2017.04.11 13:13:10.845,1.52781,1.52805,1.00,1.00
2017.04.11 13:13:11.900,1.52781,1.52806,1.00,1.00
2017.04.11 13:13:12.659,1.52781,1.52807,1.00,1.00
2017.04.11 13:13:13.200,1.52781,1.52805,1.00,1.00
2017.04.11 13:13:13.602,1.52777,1.52805,1.00,1.35
2017.04.11 13:13:13.664,1.52777,1.52801,1.00,1.00
2017.04.11 13:13:14.253,1.52776,1.528,1.00,1.00
2017.04.11 13:13:14.792,1.52776,1.52801,1.00,1.00
2017.04.11 13:13:15.333,1.52776,1.528,1.00,1.00
2017.04.11 13:13:15.858,1.52776,1.52801,1.00,1.00
2017.04.11 13:13:16.359,1.52776,1.528,1.00,1.00
2017.04.11 13:13:16.873,1.52776,1.52801,1.00,1.00
2017.04.11 13:13:17.239,1.52776,1.52799,1.00,1.00
2017.04.11 13:13:17.899,1.52777,1.52799,1.00,1.00
2017.04.11 13:13:18.438,1.52776,1.528,1.00,1.00
2017.04.11 13:13:18.958,1.52776,1.52799,1.00,1.00
2017.04.11 13:13:19.496,1.52776,1.528,1.00,1.00
2017.04.11 13:13:20.032,1.52776,1.52799,1.00,1.00
2017.04.11 13:13:20.827,1.52776,1.528,1.00,1.00
2017.04.11 13:13:21.358,1.52776,1.52799,1.00,1.00
2017.04.11 13:13:22.108,1.52776,1.528,1.00,1.00
2017.04.11 13:13:22.709,1.52776,1.52801,1.00,1.00
2017.04.11 13:13:23.269,1.52776,1.528,1.00,1.00
2017.04.11 13:13:24.114,1.52776,1.52801,1.00,1.00
2017.04.11 13:13:25.099,1.52776,1.528,1.00,1.00
2017.04.11 13:13:26.308,1.52777,1.528,1.00,1.00
2017.04.11 13:13:26.935,1.52777,1.52801,1.00,1.00
2017.04.11 13:13:27.457,1.52777,1.528,1.00,1.00
2017.04.11 13:13:27.960,1.52778,1.528,1.00,1.00
2017.04.11 13:13:28.169,1.52782,1.52806,1.00,1.00
2017.04.11 13:13:29.457,1.52782,1.52807,1.00,1.00
2017.04.11 13:13:30.004,1.52782,1.52806,1.00,1.00
2017.04.11 13:13:30.535,1.52782,1.52807,1.00,1.00
2017.04.11 13:13:31.112,1.52782,1.52808,1.00,1.00
2017.04.11 13:13:32.599,1.52783,1.52807,1.00,1.00
2017.04.11 13:13:33.280,1.52783,1.52808,1.00,1.00
2017.04.11 13:13:33.829,1.52783,1.52807,1.00,1.00
2017.04.11 13:13:35.776,1.52783,1.52808,1.00,1.00
2017.04.11 13:13:36.386,1.52783,1.52807,1.00,1.00
2017.04.11 13:13:37.202,1.52784,1.52807,1.00,1.00
2017.04.11 13:13:38.187,1.52782,1.52806,1.00,1.00
2017.04.11 13:13:38.338,1.52779,1.52803,1.00,1.00
2017.04.11 13:13:38.500,1.52779,1.52805,1.00,1.00
2017.04.11 13:13:39.026,1.52779,1.52806,1.00,1.00
2017.04.11 13:13:39.142,1.52781,1.52806,1.00,1.00
2017.04.11 13:13:39.649,1.52781,1.52805,1.00,1.00
2017.04.11 13:13:40.614,1.52781,1.52806,1.00,1.00
2017.04.11 13:13:41.443,1.52779,1.52804,1.00,1.00
2017.04.11 13:13:41.770,1.52781,1.52806,1.00,1.50
2017.04.11 13:13:42.327,1.52781,1.52805,1.00,1.00
2017.04.11 13:13:43.682,1.52781,1.52806,1.00,1.00
2017.04.11 13:13:44.218,1.5278,1.52805,1.00,1.00
2017.04.11 13:13:45.561,1.5278,1.52806,1.00,1.00
2017.04.11 13:13:46.837,1.52778,1.52804,1.50,1.00
2017.04.11 13:13:47.354,1.52778,1.52803,1.00,1.00
2017.04.11 13:13:48.157,1.52778,1.52804,1.00,1.00
2017.04.11 13:13:48.744,1.52777,1.52804,1.00,1.00
2017.04.11 13:13:49.440,1.52777,1.52803,1.00,1.00
2017.04.11 13:13:50.980,1.52777,1.52805,1.00,2.10
2017.04.11 13:13:57.139,1.52777,1.52805,1.50,1.60
2017.04.11 13:13:58.188,1.52777,1.52802,1.00,2.85
2017.04.11 13:13:58.260,1.52772,1.52797,1.07,1.00
2017.04.11 13:13:58.411,1.52772,1.52798,1.00,1.00
2017.04.11 13:13:58.689,1.52772,1.52796,1.00,1.00
2017.04.11 13:13:58.992,1.52772,1.52794,1.00,1.00
2017.04.11 13:13:59.042,1.52772,1.52796,1.00,1.00
2017.04.11 13:13:59.608,1.52772,1.52797,1.00,1.00
2017.04.11 13:14:00.057,1.52772,1.52801,1.50,1.60
2017.04.11 13:14:00.209,1.52772,1.52801,1.50,1.35
2017.04.11 13:14:00.259,1.52774,1.52801,1.00,1.35
2017.04.11 13:14:00.818,1.52774,1.52803,1.50,1.60
2017.04.11 13:14:01.324,1.52774,1.52803,1.00,5.10
2017.04.11 13:14:01.628,1.52769,1.52791,1.50,1.00
2017.04.11 13:14:01.945,1.52765,1.52792,1.00,2.10
2017.04.11 13:14:01.996,1.52763,1.52789,1.00,1.00
2017.04.11 13:14:02.299,1.52759,1.52783,1.00,1.00
2017.04.11 13:14:02.810,1.52761,1.52782,1.50,1.00
2017.04.11 13:14:03.314,1.5276,1.52784,1.00,1.00
2017.04.11 13:14:03.717,1.52762,1.52783,1.00,1.00
2017.04.11 13:14:03.768,1.5276,1.52783,1.50,1.00
2017.04.11 13:14:04.295,1.5276,1.52784,1.00,1.00
2017.04.11 13:14:04.801,1.52761,1.52783,1.00,1.00
2017.04.11 13:14:05.311,1.52762,1.52783,1.50,1.00
2017.04.11 13:14:05.832,1.52762,1.52784,1.50,1.00
2017.04.11 13:14:06.340,1.52762,1.52783,1.50,1.00
2017.04.11 13:14:07.036,1.52762,1.52784,1.00,1.00
2017.04.11 13:14:07.551,1.52762,1.52783,1.00,1.00
2017.04.11 13:14:08.245,1.52762,1.52784,1.00,1.00
2017.04.11 13:14:08.780,1.52762,1.52783,1.00,1.00
2017.04.11 13:14:09.329,1.52762,1.52782,1.00,1.00
2017.04.11 13:14:10.166,1.52762,1.52783,1.00,1.00
2017.04.11 13:14:10.848,1.52762,1.52782,1.00,1.00
2017.04.11 13:14:11.394,1.52762,1.52783,1.00,1.00
2017.04.11 13:14:11.444,1.52761,1.52781,1.00,1.00
2017.04.11 13:14:11.949,1.5276,1.52781,1.50,1.00
2017.04.11 13:14:12.484,1.5276,1.52782,1.50,1.00
2017.04.11 13:14:12.701,1.52758,1.52781,1.00,1.00
2017.04.11 13:14:12.752,1.52758,1.52779,1.00,1.00
2017.04.11 13:14:13.120,1.52758,1.52777,1.00,1.00
2017.04.11 13:14:13.688,1.52757,1.52778,1.00,1.00
2017.04.11 13:14:14.138,1.52757,1.52776,1.00,1.00
2017.04.11 13:14:14.746,1.52756,1.52776,1.00,1.00
2017.04.11 13:14:15.274,1.52756,1.52777,1.00,1.00
2017.04.11 13:14:15.777,1.52756,1.52776,1.00,1.00
2017.04.11 13:14:17.062,1.52756,1.52777,1.00,1.00
2017.04.11 13:14:17.663,1.52755,1.52777,1.00,1.00
2017.04.11 13:14:18.558,1.52756,1.52777,1.00,1.00
2017.04.11 13:14:19.270,1.52756,1.52776,1.00,1.00
2017.04.11 13:14:19.865,1.52756,1.52777,1.00,1.00
2017.04.11 13:14:20.554,1.52756,1.52776,1.00,1.00
2017.04.11 13:14:21.111,1.52756,1.52777,1.00,1.00
2017.04.11 13:14:21.627,1.52756,1.52778,1.00,1.00
2017.04.11 13:14:22.285,1.52756,1.52777,1.00,1.00
2017.04.11 13:14:22.587,1.52761,1.52781,1.00,1.00
2017.04.11 13:14:22.739,1.52759,1.52781,1.00,1.00
2017.04.11 13:14:23.260,1.5276,1.52782,1.00,1.00
2017.04.11 13:14:24.068,1.5276,1.52783,1.00,1.00
2017.04.11 13:14:24.977,1.5276,1.52782,1.00,1.00
2017.04.11 13:14:25.489,1.5276,1.52784,1.50,1.00
2017.04.11 13:14:26.678,1.52762,1.52783,1.00,1.00
2017.04.11 13:14:27.010,1.52762,1.52781,1.00,1.00
2017.04.11 13:14:27.174,1.52759,1.52784,2.25,1.00
2017.04.11 13:14:27.677,1.5276,1.52783,1.00,1.00
2017.04.11 13:14:29.620,1.52759,1.52783,2.25,1.00
2017.04.11 13:14:29.771,1.5276,1.52781,1.00,1.00
2017.04.11 13:14:30.088,1.52762,1.52784,1.00,1.00
2017.04.11 13:14:30.561,1.52763,1.52786,1.00,1.00
2017.04.11 13:14:31.122,1.52763,1.52787,1.00,1.00
2017.04.11 13:14:31.976,1.52763,1.52786,1.00,1.00
2017.04.11 13:14:32.515,1.52764,1.52786,1.00,1.00
2017.04.11 13:14:33.069,1.52765,1.52787,1.00,1.00
2017.04.11 13:14:33.619,1.52766,1.52787,1.00,1.00
2017.04.11 13:14:34.184,1.52766,1.52789,1.00,1.00
2017.04.11 13:14:34.768,1.52766,1.52788,1.00,1.00
2017.04.11 13:14:35.283,1.52767,1.52787,1.00,1.00
2017.04.11 13:14:35.384,1.52767,1.52789,1.00,1.00
2017.04.11 13:14:35.928,1.52767,1.52788,1.00,1.00
2017.04.11 13:14:36.589,1.52767,1.52789,1.00,1.00
2017.04.11 13:14:37.330,1.52768,1.52789,1.00,1.00
2017.04.11 13:14:37.381,1.52771,1.52795,1.00,1.00
2017.04.11 13:14:38.242,1.52772,1.52795,1.00,1.00
2017.04.11 13:14:38.749,1.52771,1.52795,1.00,1.00
2017.04.11 13:14:39.338,1.52772,1.52795,1.00,1.00
2017.04.11 13:14:39.897,1.52771,1.52795,1.00,1.00
2017.04.11 13:14:40.438,1.52772,1.52795,1.00,1.00
2017.04.11 13:14:41.187,1.52771,1.52795,1.00,1.00
2017.04.11 13:14:41.703,1.52772,1.52796,1.00,1.35
2017.04.11 13:14:42.270,1.52771,1.52796,1.00,1.50
2017.04.11 13:14:42.688,1.52773,1.52795,1.00,1.00
2017.04.11 13:14:43.202,1.52772,1.52795,1.00,1.00
2017.04.11 13:14:43.718,1.52773,1.52795,1.00,1.00
2017.04.11 13:14:44.317,1.52772,1.52795,1.00,1.00
2017.04.11 13:14:44.438,1.52773,1.52797,1.00,1.00
2017.04.11 13:14:44.539,1.52775,1.52797,1.00,1.00
2017.04.11 13:14:45.026,1.52773,1.52797,1.00,1.00
2017.04.11 13:14:45.852,1.52774,1.52797,1.00,1.00
2017.04.11 13:14:46.568,1.52775,1.52797,1.00,1.00
2017.04.11 13:14:46.964,1.52771,1.52797,1.00,1.35
2017.04.11 13:14:47.015,1.52774,1.52797,1.00,1.00
2017.04.11 13:14:47.562,1.52773,1.52797,1.00,1.00
2017.04.11 13:14:47.869,1.52773,1.52795,1.00,1.00
2017.04.11 13:14:49.063,1.52774,1.52795,1.00,1.00
2017.04.11 13:14:49.214,1.52771,1.52795,1.00,1.00
2017.04.11 13:14:49.927,1.52773,1.52795,1.00,1.00
2017.04.11 13:14:50.561,1.52771,1.52795,1.00,1.00
2017.04.11 13:14:50.945,1.52773,1.52795,1.00,1.00
2017.04.11 13:14:51.616,1.52772,1.52795,1.00,1.00
2017.04.11 13:14:52.268,1.52774,1.52795,1.00,1.00
2017.04.11 13:14:53.116,1.52775,1.52796,1.00,1.00
2017.04.11 13:14:53.798,1.52776,1.52797,1.00,1.00
2017.04.11 13:14:54.324,1.52775,1.52797,1.00,1.00
2017.04.11 13:14:54.475,1.52775,1.52799,1.00,1.00
2017.04.11 13:14:55.216,1.52776,1.52799,1.00,1.00
2017.04.11 13:14:55.469,1.52774,1.52799,1.00,1.00
2017.04.11 13:14:55.751,1.52776,1.52799,1.00,1.00
2017.04.11 13:14:56.745,1.52775,1.52799,1.00,1.00
2017.04.11 13:14:57.271,1.52776,1.52799,1.00,1.00
2017.04.11 13:14:57.982,1.52775,1.52799,1.00,1.00
2017.04.11 13:14:58.532,1.52773,1.52799,1.00,1.00
2017.04.11 13:14:59.071,1.52774,1.52799,1.00,1.00
2017.04.11 13:14:59.323,1.52776,1.52799,1.00,1.00
2017.04.11 13:14:59.980,1.52777,1.52799,1.00,1.00
2017.04.11 13:15:00.528,1.52776,1.52799,1.00,1.00
2017.04.11 13:15:00.684,1.52774,1.52799,1.00,1.00
2017.04.11 13:15:01.217,1.52775,1.52799,1.00,1.00
2017.04.11 13:15:02.078,1.52774,1.52799,1.00,1.00
2017.04.11 13:15:02.564,1.52772,1.52799,1.50,1.00
2017.04.11 13:15:05.978,1.5277,1.52797,1.00,1.00
2017.04.11 13:15:09.320,1.52773,1.52798,1.00,1.35
2017.04.11 13:15:09.530,1.52771,1.52798,1.00,1.60
2017.04.11 13:15:09.917,1.52773,1.52798,1.00,1.60
2017.04.11 13:15:11.517,1.52773,1.52798,1.00,1.00
2017.04.11 13:15:13.208,1.52773,1.52796,1.00,1.00
2017.04.11 13:15:13.961,1.52771,1.52796,1.00,1.00
2017.04.11 13:15:14.063,1.52773,1.52796,1.00,1.00
2017.04.11 13:15:14.637,1.52773,1.52797,1.00,1.00
2017.04.11 13:15:17.839,1.52773,1.52798,1.00,1.00
2017.04.11 13:15:18.195,1.52773,1.528,1.00,1.35
2017.04.11 13:15:18.858,1.52773,1.52799,1.00,1.00
2017.04.11 13:15:19.378,1.52773,1.528,1.50,1.35
2017.04.11 13:15:20.282,1.52772,1.52799,1.00,1.00
2017.04.11 13:15:20.786,1.52771,1.52799,1.00,1.00
2017.04.11 13:15:22.411,1.52771,1.52797,1.50,1.00
2017.04.11 13:15:23.274,1.52772,1.52797,1.00,1.00
2017.04.11 13:15:23.796,1.52771,1.52797,1.00,1.00
2017.04.11 13:15:26.873,1.52772,1.52797,1.00,1.00
2017.04.11 13:15:31.262,1.5277,1.52799,1.00,1.72
2017.04.11 13:15:32.723,1.5277,1.52797,1.00,1.00
2017.04.11 13:15:36.544,1.52771,1.52797,1.00,1.00
2017.04.11 13:15:37.084,1.5277,1.52797,1.00,1.00
2017.04.11 13:15:38.346,1.5277,1.52796,1.00,1.35
2017.04.11 13:15:38.397,1.52769,1.52796,1.00,1.60
2017.04.11 13:15:38.498,1.52769,1.52796,1.00,1.35
2017.04.11 13:15:38.851,1.52768,1.52794,1.00,1.00
2017.04.11 13:15:38.953,1.52764,1.52793,2.25,1.35
2017.04.11 13:15:40.066,1.52764,1.52791,1.00,1.00
2017.04.11 13:15:40.888,1.52763,1.5279,1.50,1.35
2017.04.11 13:15:43.618,1.52763,1.52789,1.00,1.00
2017.04.11 13:15:47.782,1.52764,1.5279,1.00,1.35
2017.04.11 13:15:51.569,1.52764,1.5279,1.00,1.60
2017.04.11 13:15:51.933,1.52762,1.52788,1.50,1.00
2017.04.11 13:15:53.711,1.52763,1.5279,1.00,1.60
2017.04.11 13:15:55.095,1.52763,1.5279,1.00,1.35
2017.04.11 13:15:58.258,1.52765,1.5279,1.00,1.00
2017.04.11 13:15:59.422,1.52765,1.52785,1.00,1.00
2017.04.11 13:16:03.012,1.52764,1.52785,1.00,1.00
2017.04.11 13:16:04.020,1.52764,1.52786,1.00,1.00
2017.04.11 13:16:04.665,1.52764,1.52787,1.00,1.00
2017.04.11 13:16:05.206,1.52764,1.52786,1.00,1.00
2017.04.11 13:16:06.310,1.52761,1.52785,1.00,1.00
2017.04.11 13:16:06.361,1.52759,1.52785,1.00,2.10
2017.04.11 13:16:06.412,1.52759,1.52785,1.50,1.60
2017.04.11 13:16:06.513,1.52757,1.52785,1.00,2.10
2017.04.11 13:16:06.715,1.52757,1.52784,1.00,2.47
2017.04.11 13:16:07.416,1.52757,1.52783,1.00,1.60
2017.04.11 13:16:07.466,1.52755,1.52783,1.00,2.10
2017.04.11 13:16:07.870,1.52758,1.5278,1.00,1.00
2017.04.11 13:16:08.021,1.52758,1.52782,1.00,1.00
2017.04.11 13:16:08.324,1.52758,1.5278,1.00,1.00
2017.04.11 13:16:08.486,1.52758,1.52782,1.00,1.00
2017.04.11 13:16:09.062,1.52757,1.52781,1.00,1.00
2017.04.11 13:16:09.466,1.52758,1.52783,1.00,1.35
2017.04.11 13:16:09.979,1.52758,1.52782,1.00,1.00
2017.04.11 13:16:10.483,1.52758,1.52781,1.00,1.00
2017.04.11 13:16:11.026,1.52758,1.52782,1.00,1.00
2017.04.11 13:16:11.077,1.52756,1.52782,1.00,1.00
2017.04.11 13:16:11.228,1.52757,1.5278,1.00,1.00
2017.04.11 13:16:11.430,1.52757,1.52782,1.00,1.35
2017.04.11 13:16:11.934,1.52757,1.52781,1.00,1.35
2017.04.11 13:16:12.288,1.52756,1.52779,1.00,1.00
2017.04.11 13:16:13.338,1.52757,1.52779,1.00,1.00
2017.04.11 13:16:14.258,1.52757,1.5278,1.00,1.00
2017.04.11 13:16:14.784,1.52756,1.5278,1.00,1.35
2017.04.11 13:16:15.938,1.52752,1.5278,1.50,2.10
2017.04.11 13:16:15.989,1.52754,1.52777,1.00,1.00
2017.04.11 13:16:16.040,1.52755,1.52779,1.00,1.00
2017.04.11 13:16:16.292,1.52759,1.52782,1.00,1.00
2017.04.11 13:16:16.885,1.52759,1.52783,1.00,1.00
2017.04.11 13:16:17.387,1.52759,1.52782,1.00,1.00
2017.04.11 13:16:17.903,1.52759,1.52783,1.00,1.00
2017.04.11 13:16:18.142,1.52757,1.52783,1.00,1.35
2017.04.11 13:16:18.243,1.52757,1.52781,1.00,1.00
2017.04.11 13:16:18.576,1.52759,1.52783,1.00,1.00
2017.04.11 13:16:18.778,1.52757,1.52782,1.50,1.00
2017.04.11 13:16:18.828,1.52762,1.52782,1.00,1.00
2017.04.11 13:16:18.980,1.52759,1.52783,1.00,1.00
2017.04.11 13:16:19.031,1.52759,1.52783,1.00,1.60
2017.04.11 13:16:19.233,1.52755,1.5278,1.00,1.00
2017.04.11 13:16:19.764,1.52755,1.52779,1.50,1.35
2017.04.11 13:16:20.353,1.52755,1.5278,1.50,1.35
2017.04.11 13:16:20.885,1.52754,1.52779,1.50,1.35
2017.04.11 13:16:21.211,1.52754,1.52777,1.00,1.00
2017.04.11 13:16:21.519,1.52754,1.52775,1.50,1.00
2017.04.11 13:16:21.570,1.52754,1.52777,1.00,1.00
2017.04.11 13:16:21.671,1.52754,1.52775,1.50,1.00
2017.04.11 13:16:22.198,1.52754,1.52776,1.00,1.00
2017.04.11 13:16:22.805,1.52753,1.52776,1.50,1.00
2017.04.11 13:16:23.285,1.52754,1.5278,1.00,2.10
2017.04.11 13:16:23.841,1.52754,1.52778,1.00,1.00
2017.04.11 13:16:23.993,1.52756,1.52778,1.00,1.00
2017.04.11 13:16:24.044,1.52759,1.52782,1.00,1.00
2017.04.11 13:16:24.145,1.52759,1.52784,1.00,1.00
2017.04.11 13:16:24.246,1.52759,1.52782,1.00,1.00
2017.04.11 13:16:24.544,1.52761,1.52785,1.00,1.50
2017.04.11 13:16:24.998,1.5276,1.52782,1.00,1.00
2017.04.11 13:16:25.099,1.52761,1.52785,1.00,1.00
2017.04.11 13:16:25.604,1.52759,1.52785,1.00,1.60
2017.04.11 13:16:25.705,1.52759,1.52782,1.00,1.00
2017.04.11 13:16:26.218,1.52761,1.52786,1.00,1.50
2017.04.11 13:16:26.739,1.52761,1.52785,1.00,1.00
2017.04.11 13:16:27.244,1.52762,1.52785,1.00,1.00
2017.04.11 13:16:27.850,1.52761,1.52785,1.00,1.00
2017.04.11 13:16:28.253,1.52761,1.52787,1.00,1.00
2017.04.11 13:16:28.505,1.52763,1.52786,1.00,1.00
2017.04.11 13:16:28.607,1.52761,1.52786,1.00,1.00
2017.04.11 13:16:29.248,1.52761,1.52787,1.00,1.50
2017.04.11 13:16:29.450,1.52765,1.52788,1.00,1.00
2017.04.11 13:16:29.702,1.52762,1.52787,1.50,1.00
2017.04.11 13:16:29.853,1.52766,1.52785,1.00,1.00
2017.04.11 13:16:29.955,1.52766,1.52788,1.00,1.00
2017.04.11 13:16:30.056,1.52766,1.5279,1.00,1.00
2017.04.11 13:16:30.460,1.52766,1.52788,1.00,1.00
2017.04.11 13:16:30.995,1.52765,1.52788,1.00,1.00
2017.04.11 13:16:31.457,1.52766,1.52786,1.00,1.00
2017.04.11 13:16:31.659,1.52766,1.52788,1.00,1.00
2017.04.11 13:16:31.962,1.52761,1.52787,1.00,1.35
2017.04.11 13:16:32.113,1.52757,1.52784,1.00,1.00
2017.04.11 13:16:32.276,1.52757,1.5278,1.00,1.00
2017.04.11 13:16:32.784,1.52756,1.52779,1.00,1.00
2017.04.11 13:16:33.285,1.52756,1.5278,1.00,1.00
2017.04.11 13:16:33.967,1.52756,1.52779,1.00,1.00
2017.04.11 13:16:34.528,1.52751,1.52778,1.00,1.00
2017.04.11 13:16:34.630,1.52751,1.52776,1.00,1.00
2017.04.11 13:16:35.134,1.52752,1.52776,1.00,1.00
2017.04.11 13:16:35.185,1.52752,1.52778,1.00,1.00
2017.04.11 13:16:35.938,1.52752,1.52776,1.00,1.00
2017.04.11 13:16:36.039,1.52753,1.52778,1.00,1.00
2017.04.11 13:16:36.190,1.52753,1.52776,1.00,1.00
2017.04.11 13:16:36.707,1.52752,1.52776,1.00,1.00
2017.04.11 13:16:37.010,1.52752,1.52773,1.00,1.00
2017.04.11 13:16:37.061,1.52749,1.52773,1.00,1.00
2017.04.11 13:16:37.263,1.52749,1.52771,1.00,1.00
2017.04.11 13:16:37.817,1.52749,1.52772,1.00,1.00
2017.04.11 13:16:38.335,1.52749,1.52771,1.00,1.00
2017.04.11 13:16:38.436,1.52752,1.52776,1.00,2.10
2017.04.11 13:16:39.697,1.52753,1.52776,1.00,1.60
2017.04.11 13:16:39.907,1.52752,1.52775,1.00,1.60
2017.04.11 13:16:40.008,1.52753,1.52775,1.00,1.35
2017.04.11 13:16:40.312,1.52751,1.52774,1.00,1.35
2017.04.11 13:16:40.898,1.52752,1.52774,1.00,1.35
2017.04.11 13:16:41.878,1.52752,1.52774,1.00,1.60
2017.04.11 13:16:42.398,1.52752,1.52774,1.00,1.00
2017.04.11 13:16:42.550,1.52754,1.52775,1.00,1.60
2017.04.11 13:16:42.903,1.52752,1.52775,1.00,2.10
2017.04.11 13:16:43.429,1.52752,1.52774,1.00,1.00
2017.04.11 13:16:44.084,1.52752,1.52776,1.00,2.10
2017.04.11 13:16:44.252,1.52752,1.52775,1.00,1.35
2017.04.11 13:16:44.605,1.52754,1.52775,1.00,1.60
2017.04.11 13:16:44.655,1.52753,1.52775,1.00,1.35
2017.04.11 13:16:44.757,1.52751,1.52775,1.00,1.60
2017.04.11 13:16:44.807,1.52753,1.52775,1.00,1.00
2017.04.11 13:16:45.323,1.52754,1.52774,1.00,1.35
2017.04.11 13:16:45.374,1.52752,1.52774,1.00,1.35
2017.04.11 13:16:45.777,1.52754,1.52777,1.00,2.10
2017.04.11 13:16:46.282,1.52755,1.52776,1.00,1.60
2017.04.11 13:16:46.383,1.52753,1.52776,1.00,1.35
2017.04.11 13:16:46.534,1.52755,1.52776,1.00,1.35
2017.04.11 13:16:46.703,1.52752,1.52775,1.00,1.00
2017.04.11 13:16:46.754,1.52755,1.52775,1.00,1.00
2017.04.11 13:16:46.805,1.52753,1.52775,1.00,1.00
2017.04.11 13:16:47.309,1.52754,1.52776,1.00,2.10
2017.04.11 13:16:47.831,1.52753,1.52778,1.00,2.85
2017.04.11 13:16:48.378,1.52754,1.52778,1.00,2.85
2017.04.11 13:16:49.063,1.52755,1.52777,1.00,1.35
2017.04.11 13:16:49.725,1.52753,1.52777,1.00,1.35
2017.04.11 13:16:50.473,1.52753,1.52777,1.00,1.60
2017.04.11 13:16:52.026,1.52754,1.52777,1.00,1.60
2017.04.11 13:16:52.797,1.52753,1.52777,1.00,1.60
2017.04.11 13:16:53.338,1.52754,1.52777,1.00,2.10
2017.04.11 13:16:53.766,1.52753,1.52777,1.00,2.10
2017.04.11 13:16:54.310,1.52753,1.52776,1.00,1.35
2017.04.11 13:16:54.546,1.52755,1.52776,1.00,1.50
2017.04.11 13:16:54.969,1.52752,1.52777,1.00,1.60
2017.04.11 13:16:55.675,1.52753,1.52777,1.00,1.60
2017.04.11 13:16:56.336,1.52754,1.52777,1.00,1.60
2017.04.11 13:16:56.838,1.52753,1.52777,1.00,1.60
2017.04.11 13:16:57.357,1.52754,1.52777,1.00,1.60
2017.04.11 13:16:59.107,1.52753,1.52777,1.00,2.10
2017.04.11 13:16:59.617,1.52754,1.52777,1.00,2.10
2017.04.11 13:17:00.122,1.52752,1.52777,1.00,2.10
2017.04.11 13:17:00.223,1.52749,1.52775,1.00,1.60
2017.04.11 13:17:00.324,1.52751,1.52775,1.00,1.60
2017.04.11 13:17:00.950,1.52751,1.52775,1.00,1.60
2017.04.11 13:17:01.539,1.5275,1.52776,1.00,1.60
2017.04.11 13:17:02.241,1.5275,1.52776,1.00,1.60
2017.04.11 13:17:02.799,1.5275,1.52776,1.00,1.60
2017.04.11 13:17:03.323,1.52749,1.52777,1.00,3.60
2017.04.11 13:17:03.825,1.5275,1.52776,1.00,2.10
2017.04.11 13:17:04.547,1.52749,1.52776,1.00,2.10
2017.04.11 13:17:07.105,1.5275,1.52776,1.00,2.10
2017.04.11 13:17:07.712,1.5275,1.52776,1.00,2.10
2017.04.11 13:17:08.015,1.52751,1.52775,1.00,2.85
2017.04.11 13:17:08.318,1.52749,1.52775,1.00,1.60
2017.04.11 13:17:08.420,1.5275,1.52777,1.00,3.60
2017.04.11 13:17:09.030,1.5275,1.52777,1.00,4.35
2017.04.11 13:17:09.081,1.52748,1.52777,1.00,5.85
2017.04.11 13:17:09.385,1.5275,1.52777,1.00,1.60
2017.04.11 13:17:09.927,1.5275,1.52777,1.00,3.60
2017.04.11 13:17:12.913,1.5275,1.52777,1.00,3.60
2017.04.11 13:17:13.215,1.52747,1.52776,1.00,2.85
2017.04.11 13:17:13.652,1.5275,1.52776,1.00,2.85
2017.04.11 13:17:14.319,1.52751,1.52776,1.00,2.85
2017.04.11 13:17:14.996,1.52751,1.52776,1.00,1.60
2017.04.11 13:17:15.344,1.52748,1.52775,1.00,1.60
2017.04.11 13:17:15.546,1.52748,1.52775,1.00,2.10
2017.04.11 13:17:15.597,1.52748,1.52775,1.00,2.10
2017.04.11 13:17:16.112,1.52748,1.52774,1.00,1.60
2017.04.11 13:17:16.746,1.52748,1.52774,1.00,1.60
2017.04.11 13:17:16.961,1.52748,1.52774,1.00,1.60
2017.04.11 13:17:18.098,1.52748,1.52774,1.00,1.60
2017.04.11 13:17:19.814,1.52748,1.52774,1.00,2.10
2017.04.11 13:17:19.948,1.52751,1.52776,1.00,1.00
2017.04.11 13:17:20.105,1.52757,1.52783,1.00,1.00
2017.04.11 13:17:20.610,1.52757,1.52781,1.00,1.00
2017.04.11 13:17:20.788,1.52754,1.52781,1.00,1.00
2017.04.11 13:17:20.939,1.52756,1.52781,1.00,1.00
2017.04.11 13:17:21.457,1.52755,1.52781,1.00,1.35
2017.04.11 13:17:21.817,1.52757,1.52781,1.00,1.35
2017.04.11 13:17:22.390,1.52756,1.52781,1.00,1.35
2017.04.11 13:17:22.692,1.52754,1.52779,1.00,1.00
2017.04.11 13:17:24.492,1.52755,1.52779,1.00,1.00
2017.04.11 13:17:25.031,1.52755,1.5278,1.00,1.35
2017.04.11 13:17:25.557,1.52754,1.5278,1.00,1.35
2017.04.11 13:17:25.783,1.52751,1.5278,1.00,1.35
2017.04.11 13:17:26.312,1.5275,1.52779,1.50,1.00
2017.04.11 13:17:26.464,1.52752,1.52779,1.00,1.00
2017.04.11 13:17:27.003,1.52753,1.5278,1.00,1.00
2017.04.11 13:17:28.905,1.52753,1.52782,1.00,1.60
2017.04.11 13:17:29.438,1.52754,1.52782,1.00,1.35
2017.04.11 13:17:30.006,1.52754,1.52781,1.00,1.60
2017.04.11 13:17:30.057,1.52752,1.52781,1.50,1.60
2017.04.11 13:17:30.596,1.52752,1.52781,1.50,1.00
2017.04.11 13:17:30.797,1.52754,1.52781,1.00,1.00
2017.04.11 13:17:32.366,1.52755,1.52781,1.00,1.00
2017.04.11 13:17:32.912,1.52756,1.52783,1.00,1.35
2017.04.11 13:17:33.013,1.52756,1.52783,1.00,1.60
2017.04.11 13:17:34.058,1.52756,1.52783,1.00,1.35
2017.04.11 13:17:34.513,1.52756,1.52783,1.00,2.85
2017.04.11 13:17:35.020,1.52756,1.52783,1.00,1.60
2017.04.11 13:17:35.171,1.52748,1.52777,1.50,1.60
2017.04.11 13:17:35.272,1.52748,1.52777,1.50,2.85
2017.04.11 13:17:35.781,1.52749,1.52775,1.00,1.35
2017.04.11 13:17:36.004,1.52751,1.52778,1.00,2.47
2017.04.11 13:17:36.055,1.52751,1.52778,1.00,2.47
2017.04.11 13:17:36.575,1.52751,1.52778,1.50,2.10
2017.04.11 13:17:37.716,1.52749,1.52777,1.00,1.35
2017.04.11 13:17:38.760,1.52749,1.52777,1.00,1.60
2017.04.11 13:17:40.162,1.52749,1.52777,1.00,1.35
2017.04.11 13:17:40.958,1.52752,1.52778,1.00,1.35
2017.04.11 13:17:41.747,1.5275,1.52777,1.00,1.60
2017.04.11 13:17:42.051,1.52754,1.52783,1.00,2.47
2017.04.11 13:17:42.101,1.52754,1.52783,1.00,2.10
2017.04.11 13:17:42.253,1.52754,1.52783,1.00,3.60
2017.04.11 13:17:42.754,1.52753,1.5278,1.00,1.60
2017.04.11 13:17:44.274,1.52754,1.52781,1.00,1.00
2017.04.11 13:17:44.375,1.52755,1.52783,1.00,1.00
2017.04.11 13:17:44.919,1.52754,1.52783,1.00,1.35
2017.04.11 13:17:45.283,1.52756,1.52783,1.00,1.35
2017.04.11 13:17:45.379,1.52754,1.52783,1.50,1.35
2017.04.11 13:17:46.418,1.52756,1.52782,1.00,1.00
2017.04.11 13:17:46.962,1.52755,1.52782,1.00,1.00
2017.04.11 13:17:47.424,1.52754,1.52779,1.00,1.00
2017.04.11 13:17:47.677,1.52749,1.52778,1.00,2.10
2017.04.11 13:17:47.937,1.52749,1.52778,1.00,1.60
2017.04.11 13:17:48.662,1.52749,1.52778,1.00,2.10
2017.04.11 13:17:49.167,1.52749,1.52778,1.00,1.60
2017.04.11 13:17:49.736,1.52748,1.52777,1.00,2.10
2017.04.11 13:17:49.837,1.52748,1.52777,1.00,2.10
2017.04.11 13:17:50.354,1.52749,1.52777,1.00,1.60
2017.04.11 13:17:51.298,1.52749,1.52777,1.00,1.35
2017.04.11 13:17:51.825,1.52748,1.52777,1.00,1.35
2017.04.11 13:17:52.483,1.52748,1.52776,1.00,1.00
2017.04.11 13:17:53.432,1.52751,1.52779,1.00,1.60
2017.04.11 13:17:56.059,1.52751,1.52778,1.00,1.60
2017.04.11 13:17:56.574,1.52752,1.52778,1.00,1.00
2017.04.11 13:17:57.078,1.52751,1.5278,1.50,1.60
2017.04.11 13:17:57.385,1.52751,1.5278,1.50,2.85
2017.04.11 13:17:58.348,1.52751,1.52775,1.00,1.00
2017.04.11 13:17:58.911,1.52751,1.52774,1.00,1.00
2017.04.11 13:17:59.434,1.5275,1.52773,1.00,1.00
2017.04.11 13:18:00.123,1.5275,1.52774,1.00,1.00
2017.04.11 13:18:01.214,1.52749,1.52773,1.00,1.00
2017.04.11 13:18:01.811,1.52749,1.52774,1.00,1.35
2017.04.11 13:18:02.773,1.52748,1.52774,1.00,1.35
2017.04.11 13:18:03.100,1.52748,1.52772,1.00,1.00
2017.04.11 13:18:03.603,1.52748,1.52773,1.00,1.00
2017.04.11 13:18:04.117,1.52748,1.52772,1.00,1.00
2017.04.11 13:18:04.658,1.52748,1.52773,1.00,1.00
2017.04.11 13:18:07.137,1.52748,1.52772,1.00,1.00
2017.04.11 13:18:07.685,1.52748,1.52773,1.00,1.35
2017.04.11 13:18:07.741,1.52745,1.52773,1.00,1.35
2017.04.11 13:18:08.287,1.52745,1.52772,1.00,1.00
2017.04.11 13:18:09.195,1.52745,1.52771,1.00,1.00
2017.04.11 13:18:09.881,1.52745,1.5277,1.00,1.00
2017.04.11 13:18:10.614,1.52745,1.52771,1.00,1.00
2017.04.11 13:18:11.241,1.52745,1.5277,1.00,1.00
2017.04.11 13:18:11.520,1.52742,1.52769,1.50,1.00
2017.04.11 13:18:11.570,1.52742,1.52769,1.00,1.60
2017.04.11 13:18:11.621,1.52739,1.52769,1.50,1.60
2017.04.11 13:18:11.970,1.52739,1.52765,1.00,1.00
2017.04.11 13:18:12.308,1.52745,1.52772,1.50,1.50
2017.04.11 13:18:12.359,1.52745,1.5277,1.50,1.00
2017.04.11 13:18:12.964,1.52745,1.52771,1.50,1.00
2017.04.11 13:18:13.366,1.52745,1.52769,1.00,1.00
2017.04.11 13:18:13.908,1.52745,1.5277,1.00,1.00
2017.04.11 13:18:14.454,1.52745,1.52771,1.00,1.00
2017.04.11 13:18:15.007,1.52745,1.5277,1.00,1.00
2017.04.11 13:18:15.586,1.52745,1.52771,1.00,1.00
2017.04.11 13:18:17.416,1.52745,1.5277,1.00,1.00
2017.04.11 13:18:17.835,1.52745,1.52772,1.00,1.00
2017.04.11 13:18:19.489,1.52745,1.52771,1.00,1.00
2017.04.11 13:18:20.115,1.52745,1.5277,1.00,1.00
2017.04.11 13:18:20.232,1.52748,1.5277,1.00,1.00
2017.04.11 13:18:20.283,1.52748,1.52775,1.00,1.50
2017.04.11 13:18:20.334,1.52748,1.52773,1.00,1.00
2017.04.11 13:18:20.847,1.52747,1.52773,1.50,1.00
2017.04.11 13:18:21.802,1.52748,1.52773,1.00,1.00
2017.04.11 13:18:21.852,1.52746,1.52773,1.00,1.00
2017.04.11 13:18:21.953,1.52746,1.52771,1.00,1.00
2017.04.11 13:18:22.797,1.52745,1.52771,1.00,1.00
2017.04.11 13:18:23.707,1.52744,1.52771,1.00,1.00
2017.04.11 13:18:24.936,1.5274,1.52764,1.00,1.00
2017.04.11 13:18:25.037,1.52736,1.52762,1.50,1.35
2017.04.11 13:18:25.138,1.52736,1.5276,1.50,1.00
2017.04.11 13:18:25.673,1.52736,1.52761,1.00,1.35
2017.04.11 13:18:26.168,1.52734,1.5276,1.00,1.50
2017.04.11 13:18:26.255,1.52734,1.52758,1.00,1.00
2017.04.11 13:18:26.356,1.52731,1.52758,1.00,1.00
2017.04.11 13:18:26.876,1.52731,1.52757,1.00,1.00
2017.04.11 13:18:27.094,1.52729,1.52756,1.00,1.00
2017.04.11 13:18:27.641,1.52729,1.52755,1.50,1.00
2017.04.11 13:18:28.517,1.52728,1.52755,1.00,1.00
2017.04.11 13:18:29.045,1.52728,1.52756,1.00,1.50
2017.04.11 13:18:30.247,1.52729,1.52756,1.00,1.00
2017.04.11 13:18:30.503,1.52729,1.52758,1.50,1.50
2017.04.11 13:18:30.654,1.52731,1.52757,1.00,1.00
2017.04.11 13:18:30.856,1.52729,1.52757,1.50,1.00
2017.04.11 13:18:31.411,1.52729,1.52756,1.50,1.00
2017.04.11 13:18:32.057,1.52729,1.52755,2.10,1.00
2017.04.11 13:18:32.603,1.52729,1.52756,2.10,1.00
2017.04.11 13:18:33.137,1.52729,1.52755,2.10,1.00
2017.04.11 13:18:33.733,1.52729,1.52756,2.10,1.00
2017.04.11 13:18:34.263,1.5273,1.52757,1.00,1.00
2017.04.11 13:18:34.468,1.5273,1.52755,1.00,1.00
2017.04.11 13:18:35.236,1.5273,1.52756,1.00,1.00
2017.04.11 13:18:35.792,1.5273,1.52755,1.00,1.00
2017.04.11 13:18:36.471,1.5273,1.52756,1.00,1.00
2017.04.11 13:18:37.157,1.5273,1.52755,1.00,1.00
2017.04.11 13:18:37.705,1.5273,1.52756,1.00,1.00
2017.04.11 13:18:38.284,1.5273,1.52755,1.00,1.00
2017.04.11 13:18:38.928,1.5273,1.52754,1.00,1.00
2017.04.11 13:18:39.189,1.5273,1.52756,1.00,1.00
2017.04.11 13:18:39.494,1.52733,1.52756,1.00,1.00
2017.04.11 13:18:39.595,1.52735,1.52763,1.35,1.87
2017.04.11 13:18:39.883,1.52738,1.52762,1.00,1.00
2017.04.11 13:18:39.936,1.52738,1.52764,1.00,1.00
2017.04.11 13:18:40.440,1.52737,1.52764,1.00,1.00
2017.04.11 13:18:40.727,1.52737,1.52762,1.00,1.00
2017.04.11 13:18:41.231,1.52736,1.52762,1.00,1.00
2017.04.11 13:18:41.744,1.52736,1.52763,1.00,1.50
2017.04.11 13:18:42.305,1.52736,1.52762,1.00,1.00
2017.04.11 13:18:42.500,1.52733,1.5276,1.00,1.35
2017.04.11 13:18:42.551,1.52731,1.52758,1.00,1.35
2017.04.11 13:18:42.652,1.52729,1.52758,1.00,1.50
2017.04.11 13:18:42.754,1.52729,1.52756,1.00,1.00
2017.04.11 13:18:43.277,1.5273,1.52756,1.00,1.00
2017.04.11 13:18:43.731,1.5273,1.52759,1.00,1.60
2017.04.11 13:18:43.782,1.5273,1.52756,1.00,1.00
2017.04.11 13:18:44.327,1.5273,1.52755,1.00,1.00
2017.04.11 13:18:45.162,1.5273,1.52756,1.00,1.00
2017.04.11 13:18:46.008,1.5273,1.52755,1.00,1.00
2017.04.11 13:18:46.390,1.52727,1.52752,1.00,1.00
2017.04.11 13:18:46.441,1.52725,1.52752,1.00,1.00
2017.04.11 13:18:46.593,1.52725,1.5275,1.00,1.00
2017.04.11 13:18:47.175,1.52725,1.52749,1.00,1.00
2017.04.11 13:18:47.343,1.52725,1.52752,1.00,1.00
2017.04.11 13:18:47.856,1.52724,1.52751,2.25,1.00
2017.04.11 13:18:48.354,1.52725,1.52749,1.00,1.00
2017.04.11 13:18:48.896,1.52725,1.5275,1.00,1.00
2017.04.11 13:18:49.404,1.52725,1.52749,1.00,1.00
2017.04.11 13:18:49.914,1.52725,1.5275,1.00,1.00
2017.04.11 13:18:50.236,1.52725,1.52748,1.00,1.00
2017.04.11 13:18:50.838,1.52724,1.52748,1.00,1.00
2017.04.11 13:18:51.435,1.52724,1.52749,1.00,1.00
2017.04.11 13:18:52.097,1.52724,1.52748,1.00,1.00
2017.04.11 13:18:53.081,1.52722,1.52749,1.50,1.00
2017.04.11 13:18:53.132,1.52722,1.52747,1.50,1.00
2017.04.11 13:18:53.676,1.52724,1.52747,1.00,1.00
2017.04.11 13:18:54.345,1.52724,1.52748,1.00,1.00
2017.04.11 13:18:54.854,1.52723,1.52748,1.00,1.00
2017.04.11 13:18:55.505,1.52723,1.52749,1.00,1.00
2017.04.11 13:18:56.008,1.52723,1.52748,1.00,1.00
2017.04.11 13:18:58.375,1.52725,1.52749,1.00,1.00
2017.04.11 13:18:58.919,1.52725,1.5275,1.00,1.35
2017.04.11 13:18:59.477,1.52725,1.52749,1.50,1.00
2017.04.11 13:19:00.502,1.52725,1.5275,1.50,1.35
2017.04.11 13:19:02.056,1.52725,1.52751,1.50,1.35
2017.04.11 13:19:02.358,1.52727,1.52753,1.00,1.00
2017.04.11 13:19:03.045,1.52728,1.52754,1.00,1.60
2017.04.11 13:19:03.097,1.52726,1.52754,1.00,1.60
2017.04.11 13:19:03.300,1.52728,1.52754,1.00,1.00
2017.04.11 13:19:03.604,1.52726,1.52754,1.00,1.00
2017.04.11 13:19:03.966,1.52729,1.52755,1.00,1.35
2017.04.11 13:19:04.017,1.52727,1.52754,1.00,1.00
2017.04.11 13:19:04.118,1.52727,1.52752,1.00,1.00
2017.04.11 13:19:04.968,1.52727,1.52754,1.00,2.10
2017.04.11 13:19:05.470,1.52727,1.52753,1.00,1.35
2017.04.11 13:19:05.521,1.52725,1.52754,1.00,2.25
2017.04.11 13:19:05.795,1.52725,1.52752,1.00,1.00
2017.04.11 13:19:05.947,1.52725,1.52754,1.00,1.35
2017.04.11 13:19:06.115,1.52727,1.52756,1.00,2.10
2017.04.11 13:19:06.468,1.52727,1.52756,1.00,2.85
2017.04.11 13:19:06.519,1.52727,1.52752,1.00,1.00
2017.04.11 13:19:07.025,1.52727,1.52753,1.00,1.00
2017.04.11 13:19:07.563,1.52727,1.52754,1.00,1.35
2017.04.11 13:19:08.083,1.52727,1.52753,1.00,1.00
2017.04.11 13:19:08.604,1.52727,1.52752,1.00,1.00
2017.04.11 13:19:09.135,1.52727,1.52753,1.00,1.00
2017.04.11 13:19:09.360,1.52725,1.52752,1.50,1.00
2017.04.11 13:19:09.462,1.52727,1.52752,1.00,1.00
2017.04.11 13:19:10.008,1.52727,1.52753,1.00,1.00
2017.04.11 13:19:11.015,1.52727,1.52752,1.00,1.00
2017.04.11 13:19:11.616,1.52727,1.52753,1.00,1.00
2017.04.11 13:19:11.667,1.52725,1.52753,1.50,1.00
2017.04.11 13:19:11.818,1.52726,1.52751,1.00,1.00
2017.04.11 13:19:11.932,1.52724,1.52751,1.00,1.00
2017.04.11 13:19:12.523,1.52725,1.52751,1.00,1.00
2017.04.11 13:19:12.725,1.52723,1.52751,1.50,1.00
2017.04.11 13:19:13.228,1.52723,1.5275,1.50,1.00
2017.04.11 13:19:13.652,1.52725,1.5275,1.00,1.00
2017.04.11 13:19:14.508,1.52725,1.52751,1.00,1.00
2017.04.11 13:19:14.812,1.52729,1.52751,1.00,1.00
2017.04.11 13:19:14.863,1.52729,1.52756,1.00,2.10
2017.04.11 13:19:15.555,1.5273,1.52756,1.00,1.00
2017.04.11 13:19:16.141,1.5273,1.52755,1.00,1.00
2017.04.11 13:19:16.763,1.5273,1.52757,1.00,1.00
2017.04.11 13:19:17.268,1.5273,1.52756,1.00,1.00
2017.04.11 13:19:18.567,1.5273,1.52755,1.00,1.00
2017.04.11 13:19:18.866,1.52727,1.52754,1.00,1.60
2017.04.11 13:19:18.967,1.52725,1.52754,1.00,1.35
2017.04.11 13:19:19.168,1.52724,1.52751,1.50,1.00
2017.04.11 13:19:19.402,1.52725,1.52753,1.00,2.10
2017.04.11 13:19:19.604,1.52729,1.52754,1.00,1.00
2017.04.11 13:19:20.108,1.52729,1.52755,1.00,1.00
2017.04.11 13:19:20.599,1.52728,1.52757,1.00,2.10
2017.04.11 13:19:20.650,1.5273,1.52757,1.00,2.10
2017.04.11 13:19:22.343,1.5273,1.52754,1.00,1.00
2017.04.11 13:19:22.861,1.5273,1.52755,1.00,1.00
2017.04.11 13:19:23.399,1.52731,1.52755,1.00,1.00
2017.04.11 13:19:23.977,1.52731,1.52756,1.00,1.50
2017.04.11 13:19:25.515,1.52731,1.52755,1.00,1.00
2017.04.11 13:19:26.455,1.52728,1.52754,1.50,1.00
2017.04.11 13:19:26.506,1.52728,1.52754,1.00,2.10
2017.04.11 13:19:26.557,1.52728,1.52754,1.00,1.00
2017.04.11 13:19:26.608,1.52728,1.52752,1.00,1.00
2017.04.11 13:19:26.896,1.52724,1.5275,1.50,1.00
2017.04.11 13:19:27.576,1.52725,1.52751,1.00,1.00
2017.04.11 13:19:28.103,1.52726,1.5275,1.00,1.00
2017.04.11 13:19:28.310,1.52726,1.52753,1.00,1.00
2017.04.11 13:19:28.578,1.52726,1.52751,1.00,1.00
2017.04.11 13:19:29.089,1.52727,1.52752,1.00,1.00
2017.04.11 13:19:29.645,1.52727,1.52751,1.50,1.00
2017.04.11 13:19:30.276,1.52727,1.5275,1.00,1.00
2017.04.11 13:19:30.817,1.52727,1.52751,1.00,1.00
2017.04.11 13:19:31.356,1.52727,1.52752,1.00,1.00
2017.04.11 13:19:31.609,1.52727,1.52754,1.00,1.00
2017.04.11 13:19:32.258,1.52727,1.52753,1.00,1.00
2017.04.11 13:19:32.840,1.52727,1.52754,1.00,1.00
2017.04.11 13:19:33.349,1.52728,1.52753,1.00,1.00
2017.04.11 13:19:33.912,1.52728,1.52754,1.00,1.00
2017.04.11 13:19:35.853,1.52728,1.52753,1.00,1.00
2017.04.11 13:19:35.904,1.5273,1.52753,1.00,1.00
2017.04.11 13:19:36.158,1.5273,1.52755,1.00,1.00
2017.04.11 13:19:36.764,1.5273,1.52754,1.00,1.00
2017.04.11 13:19:37.425,1.5273,1.52755,1.00,1.00
2017.04.11 13:19:38.014,1.5273,1.52754,1.00,1.00
2017.04.11 13:19:38.554,1.5273,1.52755,1.00,1.00
2017.04.11 13:19:39.120,1.52731,1.52756,1.00,1.00
2017.04.11 13:19:39.624,1.52731,1.52755,1.00,1.00
2017.04.11 13:19:40.365,1.52731,1.52756,1.00,1.00
2017.04.11 13:19:40.978,1.52731,1.52757,1.00,1.00
2017.04.11 13:19:41.496,1.52731,1.52756,1.00,1.00
2017.04.11 13:19:45.867,1.52731,1.52758,1.00,1.50
2017.04.11 13:19:46.546,1.52731,1.52757,1.00,1.00
2017.04.11 13:19:47.107,1.52731,1.52758,1.00,1.50
2017.04.11 13:19:47.680,1.52731,1.52757,1.00,1.00
2017.04.11 13:19:48.456,1.52732,1.52757,1.00,1.00
2017.04.11 13:19:49.144,1.52732,1.52758,1.00,1.00
2017.04.11 13:19:49.886,1.52732,1.52757,1.00,1.00
2017.04.11 13:19:52.626,1.52735,1.5276,1.00,1.00
2017.04.11 13:19:53.150,1.52736,1.5276,1.00,1.00
2017.04.11 13:19:53.453,1.52736,1.52762,1.00,1.00
2017.04.11 13:19:53.964,1.52736,1.52761,1.00,1.00
2017.04.11 13:19:54.586,1.52736,1.52762,1.00,1.00
2017.04.11 13:19:55.160,1.52736,1.52761,1.00,1.00
2017.04.11 13:19:55.697,1.52736,1.52762,1.00,1.00
2017.04.11 13:19:56.368,1.52736,1.52761,1.00,1.00
2017.04.11 13:19:57.127,1.52736,1.52762,1.00,1.00
2017.04.11 13:19:57.689,1.52736,1.52761,1.00,1.00
2017.04.11 13:19:58.338,1.52736,1.5276,1.00,1.00
2017.04.11 13:19:58.439,1.52741,1.52761,1.00,1.00
2017.04.11 13:19:58.541,1.52741,1.52765,1.00,1.50
2017.04.11 13:19:59.007,1.52741,1.52767,1.00,1.00
2017.04.11 13:19:59.058,1.52743,1.52765,1.00,1.00
2017.04.11 13:19:59.110,1.52741,1.52765,1.00,1.00
2017.04.11 13:19:59.626,1.52741,1.52766,1.00,1.00
2017.04.11 13:19:59.878,1.52739,1.52765,1.00,1.50
2017.04.11 13:20:00.030,1.52738,1.52763,1.50,1.00
2017.04.11 13:20:00.181,1.52739,1.52765,1.00,1.35
2017.04.11 13:20:00.634,1.52738,1.52763,1.00,1.00
2017.04.11 13:20:00.837,1.52738,1.52765,1.00,1.00
2017.04.11 13:20:01.114,1.52739,1.52763,1.00,1.00
2017.04.11 13:20:01.628,1.52738,1.52762,1.00,1.00
2017.04.11 13:20:02.228,1.52738,1.52764,1.00,1.00
2017.04.11 13:20:02.822,1.52738,1.52763,1.00,1.00
2017.04.11 13:20:03.126,1.5274,1.52763,1.00,1.00
2017.04.11 13:20:03.232,1.5274,1.52765,1.00,1.00
2017.04.11 13:20:03.428,1.52742,1.52764,1.00,1.00
2017.04.11 13:20:03.732,1.52741,1.52766,1.00,1.00
2017.04.11 13:20:04.268,1.52741,1.52765,1.50,1.00
2017.04.11 13:20:04.773,1.52741,1.52766,1.00,1.00
2017.04.11 13:20:05.429,1.52741,1.52765,1.00,1.00
2017.04.11 13:20:06.155,1.52744,1.52765,1.00,1.00
2017.04.11 13:20:06.206,1.52744,1.52767,1.00,1.00
2017.04.11 13:20:06.257,1.52744,1.52769,1.00,1.00
2017.04.11 13:20:06.358,1.52744,1.52771,1.00,1.00
2017.04.11 13:20:06.863,1.52744,1.52772,1.00,1.00
2017.04.11 13:20:07.165,1.52747,1.52772,1.00,1.00
2017.04.11 13:20:07.789,1.52747,1.52771,1.00,1.00
2017.04.11 13:20:08.294,1.52747,1.52772,1.00,1.00
2017.04.11 13:20:08.798,1.52747,1.52771,1.00,1.00
2017.04.11 13:20:09.596,1.52747,1.52772,1.00,1.00
2017.04.11 13:20:10.174,1.52747,1.52771,1.00,1.00
2017.04.11 13:20:10.531,1.52749,1.52771,1.00,1.00
2017.04.11 13:20:10.582,1.52749,1.52775,1.00,1.00
2017.04.11 13:20:10.683,1.52749,1.52772,1.50,1.00
2017.04.11 13:20:11.321,1.52749,1.52771,1.00,1.00
2017.04.11 13:20:11.831,1.52749,1.52772,1.00,1.00
2017.04.11 13:20:12.375,1.52749,1.52771,1.00,1.00
2017.04.11 13:20:13.230,1.52749,1.52776,1.00,1.35
2017.04.11 13:20:13.390,1.52749,1.52772,1.00,1.00
2017.04.11 13:20:14.218,1.52749,1.52771,1.00,1.00
2017.04.11 13:20:14.737,1.52749,1.52772,1.00,1.00
2017.04.11 13:20:14.788,1.52749,1.52774,1.00,1.00
2017.04.11 13:20:15.317,1.52749,1.52773,1.00,1.00
2017.04.11 13:20:15.888,1.52749,1.52774,1.00,1.00
2017.04.11 13:20:16.417,1.52749,1.52773,1.00,1.00
2017.04.11 13:20:16.965,1.52749,1.52774,1.00,1.00
2017.04.11 13:20:17.469,1.52749,1.52776,1.00,1.00
2017.04.11 13:20:17.850,1.52752,1.5278,1.00,1.12
2017.04.11 13:20:18.355,1.52752,1.52781,1.00,1.50
2017.04.11 13:20:19.086,1.52756,1.52782,1.00,1.00
2017.04.11 13:20:19.136,1.52756,1.52785,1.50,1.00
2017.04.11 13:20:19.994,1.52758,1.52784,1.00,1.00
2017.04.11 13:20:22.848,1.52759,1.52785,1.00,1.00
2017.04.11 13:20:23.050,1.52759,1.52787,1.00,1.35
2017.04.11 13:20:23.686,1.52758,1.52785,1.00,1.00
2017.04.11 13:20:24.022,1.52757,1.52783,1.00,1.00
2017.04.11 13:20:24.675,1.52756,1.52783,1.00,1.00
2017.04.11 13:20:25.190,1.52755,1.52782,1.00,1.00
2017.04.11 13:20:25.799,1.52757,1.52784,1.00,1.60
2017.04.11 13:20:26.001,1.52754,1.52783,1.00,1.60
2017.04.11 13:20:33.333,1.52756,1.52782,1.00,1.00
2017.04.11 13:20:35.413,1.52753,1.5278,1.00,1.35
2017.04.11 13:20:35.464,1.52752,1.52778,1.50,1.60
2017.04.11 13:20:35.767,1.52754,1.5278,1.00,1.35
2017.04.11 13:20:36.580,1.52754,1.5278,1.00,1.60
2017.04.11 13:20:38.042,1.52752,1.52781,1.00,2.10
2017.04.11 13:20:39.037,1.52752,1.52781,1.00,2.85
2017.04.11 13:20:42.466,1.52754,1.52781,1.00,1.50
2017.04.11 13:20:42.989,1.52753,1.5278,1.00,1.00
2017.04.11 13:20:47.029,1.52753,1.52779,1.00,1.00
2017.04.11 13:20:48.337,1.52752,1.52779,1.00,1.00
2017.04.11 13:20:49.338,1.52753,1.52779,1.00,1.00
2017.04.11 13:20:49.867,1.52753,1.5278,1.00,1.50
2017.04.11 13:20:53.072,1.52753,1.52782,1.00,2.10
2017.04.11 13:20:53.483,1.52753,1.52782,1.00,2.10
2017.04.11 13:20:53.534,1.52753,1.52782,1.00,2.10
2017.04.11 13:20:54.083,1.52753,1.52782,1.00,2.10
2017.04.11 13:20:54.590,1.52753,1.52782,1.00,2.10
2017.04.11 13:20:55.133,1.52753,1.52782,1.00,1.50
2017.04.11 13:20:56.271,1.52754,1.52782,1.00,1.00
2017.04.11 13:20:56.809,1.52753,1.52782,2.10,1.00
2017.04.11 13:21:01.299,1.52753,1.52781,1.35,1.00
2017.04.11 13:21:01.911,1.52755,1.52781,1.00,1.00
2017.04.11 13:21:02.063,1.52759,1.52786,1.00,2.25
2017.04.11 13:21:02.516,1.52758,1.52783,1.00,1.00
2017.04.11 13:21:02.566,1.52755,1.52782,1.35,1.00
2017.04.11 13:21:03.072,1.52755,1.52781,1.00,1.00
2017.04.11 13:21:03.575,1.52754,1.52781,1.00,1.50
2017.04.11 13:21:11.991,1.52754,1.52782,1.00,1.00
2017.04.11 13:21:12.495,1.52754,1.52783,1.35,1.50
2017.04.11 13:21:13.029,1.52754,1.52782,1.35,1.00
2017.04.11 13:21:13.542,1.52754,1.52783,2.10,1.50
2017.04.11 13:21:13.694,1.52756,1.52782,1.00,1.00
2017.04.11 13:21:13.744,1.52754,1.52782,1.50,1.00
2017.04.11 13:21:14.272,1.52755,1.52781,1.00,1.00
2017.04.11 13:21:14.726,1.52754,1.52783,1.00,2.25
2017.04.11 13:21:15.041,1.52754,1.52781,2.10,1.00
2017.04.11 13:21:15.344,1.52758,1.52783,1.00,1.00
2017.04.11 13:21:15.698,1.52755,1.52782,1.50,1.50
2017.04.11 13:21:15.749,1.52758,1.52782,1.00,1.00
2017.04.11 13:21:16.354,1.52758,1.52783,1.00,1.00
2017.04.11 13:21:17.020,1.52758,1.52782,1.00,1.00
2017.04.11 13:21:17.660,1.52755,1.52783,1.00,1.00
2017.04.11 13:21:18.298,1.52755,1.52782,1.00,1.00
2017.04.11 13:21:18.348,1.52757,1.52783,1.00,1.00
2017.04.11 13:21:18.926,1.52757,1.52782,1.00,1.00
2017.04.11 13:21:19.469,1.52757,1.52783,1.00,1.50
2017.04.11 13:21:20.117,1.52757,1.52782,1.00,1.00
2017.04.11 13:21:20.408,1.52755,1.52783,1.50,1.00
2017.04.11 13:21:20.956,1.52756,1.52783,1.00,1.00
2017.04.11 13:21:21.506,1.52755,1.52783,1.00,1.50
2017.04.11 13:21:22.666,1.52755,1.52782,1.00,1.00
2017.04.11 13:21:22.800,1.52759,1.52784,1.00,1.00
2017.04.11 13:21:22.851,1.52757,1.52785,1.00,1.35
2017.04.11 13:21:23.778,1.52759,1.52786,1.00,1.60
2017.04.11 13:21:24.379,1.52759,1.52786,1.00,1.50
2017.04.11 13:21:25.667,1.52759,1.52787,1.50,1.35
2017.04.11 13:21:28.373,1.52759,1.52788,1.50,1.35
2017.04.11 13:21:29.387,1.5276,1.52788,1.00,1.35
2017.04.11 13:21:30.366,1.5276,1.52789,1.00,1.35
2017.04.11 13:21:30.770,1.5276,1.52787,1.00,1.35
2017.04.11 13:21:31.317,1.5276,1.52787,1.00,1.60
2017.04.11 13:21:31.619,1.52757,1.52783,1.00,1.72
2017.04.11 13:21:32.275,1.52756,1.52783,1.00,1.12
2017.04.11 13:21:33.500,1.52756,1.52784,1.00,1.87
2017.04.11 13:21:34.280,1.52758,1.52785,1.00,1.50
2017.04.11 13:21:35.406,1.52759,1.52785,1.00,1.00
2017.04.11 13:21:35.910,1.52759,1.52786,1.00,2.25
2017.04.11 13:21:36.458,1.52759,1.52785,1.00,1.00
2017.04.11 13:21:36.973,1.52759,1.52786,1.00,2.25
2017.04.11 13:21:37.618,1.52759,1.52785,1.00,1.00
2017.04.11 13:21:41.726,1.52759,1.52787,1.00,1.00
2017.04.11 13:21:42.030,1.52757,1.52786,1.50,1.00
2017.04.11 13:21:42.566,1.52758,1.52785,1.00,1.00
2017.04.11 13:21:43.070,1.52756,1.52785,1.50,1.00
2017.04.11 13:21:43.361,1.52758,1.52785,1.35,1.00
2017.04.11 13:21:44.219,1.52758,1.52784,1.00,1.00
2017.04.11 13:21:45.322,1.52756,1.52784,1.35,1.00
2017.04.11 13:21:46.055,1.52756,1.52783,1.35,1.00
2017.04.11 13:21:46.579,1.52756,1.52784,1.35,1.50
2017.04.11 13:21:48.505,1.52757,1.52785,1.00,1.00
2017.04.11 13:21:49.850,1.52757,1.52787,1.00,1.00
2017.04.11 13:21:50.464,1.52757,1.52785,1.50,1.00
2017.04.11 13:21:50.817,1.52755,1.52785,1.50,1.00
2017.04.11 13:21:53.212,1.52756,1.52785,1.00,1.35
2017.04.11 13:21:54.394,1.52755,1.52784,1.00,1.00
2017.04.11 13:21:54.546,1.52755,1.52777,1.00,1.00
2017.04.11 13:21:54.665,1.52755,1.52783,1.00,1.00
2017.04.11 13:21:54.902,1.52754,1.52776,1.50,1.00
2017.04.11 13:21:54.953,1.52751,1.52779,1.00,1.60
2017.04.11 13:21:55.004,1.52749,1.52776,1.00,1.60
2017.04.11 13:21:55.105,1.52746,1.52773,1.00,1.60
2017.04.11 13:21:55.439,1.52742,1.52766,1.00,1.00
2017.04.11 13:21:55.489,1.52737,1.52766,1.00,1.35
2017.04.11 13:21:56.791,1.52737,1.52765,1.00,1.00
2017.04.11 13:21:57.464,1.52737,1.52765,1.60,1.00
2017.04.11 13:21:57.616,1.52737,1.52767,1.60,1.00
2017.04.11 13:21:58.137,1.52737,1.52767,1.00,1.00
2017.04.11 13:21:58.613,1.52739,1.52766,1.00,1.00
2017.04.11 13:21:59.618,1.52738,1.52767,1.35,1.00
2017.04.11 13:22:02.366,1.52737,1.52767,1.35,1.00
2017.04.11 13:22:03.919,1.52735,1.52762,1.00,1.60
2017.04.11 13:22:04.121,1.52733,1.5276,1.50,1.00
2017.04.11 13:22:04.273,1.52735,1.5276,1.00,1.35
2017.04.11 13:22:05.101,1.52734,1.5276,1.00,1.35
2017.04.11 13:22:05.684,1.52735,1.5276,1.00,1.35
2017.04.11 13:22:06.317,1.52734,1.5276,1.00,1.60
2017.04.11 13:22:06.937,1.52735,1.5276,1.00,1.60
2017.04.11 13:22:07.522,1.52734,1.5276,1.00,1.60
2017.04.11 13:22:08.245,1.52735,1.5276,1.00,1.60
2017.04.11 13:22:08.795,1.52734,1.5276,1.00,1.60
2017.04.11 13:22:09.337,1.52734,1.5276,1.00,1.00
2017.04.11 13:22:09.539,1.52735,1.52762,1.50,2.10
2017.04.11 13:22:10.689,1.52736,1.52762,1.00,1.35
2017.04.11 13:22:11.418,1.52737,1.52762,1.00,1.35
2017.04.11 13:22:11.755,1.52739,1.52764,1.00,1.60
2017.04.11 13:22:12.384,1.5274,1.52766,1.00,2.10
2017.04.11 13:22:12.757,1.52738,1.52766,1.50,1.60
2017.04.11 13:22:13.295,1.52739,1.52766,1.00,1.60
2017.04.11 13:22:14.149,1.52738,1.52766,1.50,1.60
2017.04.11 13:22:15.331,1.52739,1.52766,1.00,1.60
2017.04.11 13:22:15.688,1.52738,1.52761,1.00,1.00
2017.04.11 13:22:16.247,1.52738,1.52762,1.00,1.00
2017.04.11 13:22:16.854,1.52738,1.52761,1.00,1.00
2017.04.11 13:22:17.361,1.52738,1.52762,1.00,1.00
2017.04.11 13:22:17.895,1.52738,1.52761,1.00,1.00
2017.04.11 13:22:18.711,1.52738,1.52762,1.00,1.00
2017.04.11 13:22:19.251,1.52738,1.52761,1.00,1.00
2017.04.11 13:22:19.758,1.52738,1.52762,1.00,1.00
2017.04.11 13:22:20.306,1.52738,1.52761,1.00,1.00
2017.04.11 13:22:20.508,1.52736,1.52761,1.50,1.00
2017.04.11 13:22:20.805,1.52736,1.52763,1.50,1.00
2017.04.11 13:22:20.957,1.52737,1.52761,1.00,1.00
2017.04.11 13:22:21.469,1.52737,1.52762,1.00,1.00
2017.04.11 13:22:22.374,1.52737,1.52761,1.00,1.00
2017.04.11 13:22:22.898,1.52737,1.52762,1.00,1.00
2017.04.11 13:22:23.418,1.52738,1.52762,1.00,1.00
2017.04.11 13:22:23.966,1.52738,1.52761,1.00,1.00
2017.04.11 13:22:24.366,1.52747,1.52772,1.00,1.00
2017.04.11 13:22:24.467,1.52747,1.52774,1.00,1.00
2017.04.11 13:22:24.568,1.52746,1.52772,1.35,1.00
2017.04.11 13:22:24.871,1.52745,1.52766,1.00,1.00
2017.04.11 13:22:24.922,1.52742,1.52766,1.00,1.00
2017.04.11 13:22:25.526,1.52741,1.52766,1.00,1.00
2017.04.11 13:22:26.033,1.52741,1.52765,1.00,1.00
2017.04.11 13:22:26.235,1.52741,1.52767,1.00,1.00
2017.04.11 13:22:27.005,1.52741,1.52765,1.00,1.00
2017.04.11 13:22:27.812,1.52741,1.52764,1.00,1.00
2017.04.11 13:22:28.316,1.5274,1.52764,1.00,1.00
2017.04.11 13:22:29.276,1.5274,1.52765,1.00,1.00
2017.04.11 13:22:29.579,1.5274,1.52763,1.00,1.00
2017.04.11 13:22:30.155,1.5274,1.52764,1.00,1.00
2017.04.11 13:22:30.969,1.5274,1.52763,1.00,1.00
2017.04.11 13:22:31.483,1.5274,1.52764,1.00,1.00
2017.04.11 13:22:32.173,1.5274,1.52763,1.00,1.00
2017.04.11 13:22:33.024,1.5274,1.52764,1.00,1.00
2017.04.11 13:22:33.547,1.52738,1.52764,1.00,1.00
2017.04.11 13:22:33.852,1.52738,1.52762,1.00,1.00
2017.04.11 13:22:34.586,1.52738,1.52763,1.00,1.00
2017.04.11 13:22:35.185,1.52738,1.52762,1.00,1.00
2017.04.11 13:22:36.911,1.52738,1.52761,1.00,1.00
2017.04.11 13:22:37.508,1.52738,1.52762,1.00,1.00
2017.04.11 13:22:38.045,1.52738,1.52761,1.00,1.00
2017.04.11 13:22:38.564,1.52738,1.52763,1.00,1.00
2017.04.11 13:22:39.451,1.52738,1.52762,1.00,1.00
2017.04.11 13:22:39.956,1.52738,1.52763,1.00,1.00
2017.04.11 13:22:40.398,1.52738,1.52765,1.00,1.00
2017.04.11 13:22:41.262,1.52738,1.52764,1.00,1.00
2017.04.11 13:22:41.784,1.52738,1.52765,1.00,1.50
2017.04.11 13:22:42.288,1.52738,1.52764,1.00,1.35
2017.04.11 13:22:42.561,1.52738,1.52766,1.00,1.50
2017.04.11 13:22:43.752,1.52738,1.52765,1.00,1.00
2017.04.11 13:22:44.952,1.52738,1.52766,1.00,1.50
2017.04.11 13:22:45.762,1.52738,1.52765,1.00,1.00
2017.04.11 13:22:46.161,1.52743,1.52765,1.00,1.00
2017.04.11 13:22:46.312,1.52746,1.52774,1.00,1.50
2017.04.11 13:22:46.363,1.52746,1.52771,1.00,1.00
2017.04.11 13:22:46.414,1.52743,1.52773,3.00,2.10
2017.04.11 13:22:47.171,1.52743,1.52769,1.00,1.00
2017.04.11 13:22:47.913,1.52745,1.52771,1.00,1.00
2017.04.11 13:22:48.529,1.52746,1.52771,1.00,1.00
2017.04.11 13:22:48.681,1.52747,1.52773,1.00,1.00
2017.04.11 13:22:48.782,1.52744,1.52773,1.35,1.50
2017.04.11 13:22:49.474,1.52744,1.52771,1.00,1.00
2017.04.11 13:22:50.017,1.52745,1.52771,1.00,1.00
2017.04.11 13:22:50.632,1.52745,1.52772,1.00,1.00
2017.04.11 13:22:51.272,1.52745,1.52771,1.00,1.00
2017.04.11 13:22:51.871,1.52745,1.52772,1.00,1.35
2017.04.11 13:22:52.659,1.52745,1.52771,1.00,1.00
2017.04.11 13:22:53.211,1.52744,1.5277,1.00,1.00
2017.04.11 13:22:53.262,1.52741,1.52769,1.00,1.00
2017.04.11 13:22:53.515,1.52741,1.52771,1.00,1.50
2017.04.11 13:22:53.767,1.52743,1.5277,1.00,1.00
2017.04.11 13:22:54.904,1.52743,1.52771,1.00,1.50
2017.04.11 13:22:55.406,1.52744,1.5277,1.00,1.00
2017.04.11 13:22:56.258,1.52744,1.52771,1.00,1.35
2017.04.11 13:22:56.931,1.52744,1.5277,1.00,1.00
2017.04.11 13:22:58.024,1.52743,1.5277,1.50,1.00
2017.04.11 13:22:58.405,1.52744,1.52772,1.00,1.50
2017.04.11 13:22:58.636,1.52744,1.5277,1.00,1.00
2017.04.11 13:22:59.216,1.52744,1.52772,1.00,1.50
2017.04.11 13:22:59.267,1.52744,1.5277,1.00,1.00
2017.04.11 13:22:59.791,1.52744,1.52771,1.00,1.00
2017.04.11 13:23:00.120,1.52743,1.52769,1.00,1.00
2017.04.11 13:23:00.171,1.52741,1.52768,1.00,1.00
2017.04.11 13:23:01.195,1.52741,1.52769,1.00,2.85
2017.04.11 13:23:01.708,1.52741,1.52768,1.00,1.00
2017.04.11 13:23:02.244,1.52741,1.52767,1.00,1.35
2017.04.11 13:23:03.062,1.52741,1.52768,1.00,1.00
2017.04.11 13:23:03.570,1.52741,1.52769,1.00,2.10
2017.04.11 13:23:04.075,1.5274,1.52768,1.00,1.50
2017.04.11 13:23:04.608,1.5274,1.52767,1.00,1.00
2017.04.11 13:23:05.229,1.5274,1.52768,1.00,1.50
2017.04.11 13:23:05.280,1.52743,1.52771,1.50,1.35
2017.04.11 13:23:05.582,1.52744,1.52771,1.00,1.60
2017.04.11 13:23:06.036,1.52743,1.52771,1.00,1.60
2017.04.11 13:23:06.562,1.52744,1.5277,1.00,1.00
2017.04.11 13:23:07.259,1.52743,1.5277,1.50,1.00
2017.04.11 13:23:07.898,1.52744,1.5277,1.00,1.00
2017.04.11 13:23:08.505,1.52744,1.52773,1.00,2.10
2017.04.11 13:23:08.770,1.52746,1.52773,1.50,1.60
2017.04.11 13:23:09.278,1.52747,1.52775,1.50,1.60
2017.04.11 13:23:09.547,1.52747,1.52775,1.00,1.00
2017.04.11 13:23:10.124,1.52747,1.52776,1.50,1.35
2017.04.11 13:23:10.606,1.52747,1.52777,1.00,2.10
2017.04.11 13:23:10.657,1.52748,1.52777,1.00,2.10
2017.04.11 13:23:10.910,1.52748,1.52778,1.00,1.50
2017.04.11 13:23:11.063,1.52748,1.52775,1.35,1.00
2017.04.11 13:23:11.414,1.52749,1.52778,1.00,1.50
2017.04.11 13:23:11.465,1.52751,1.52776,1.00,1.00
2017.04.11 13:23:11.515,1.52751,1.52778,1.00,1.00
2017.04.11 13:23:13.399,1.52751,1.5278,1.00,1.50
2017.04.11 13:23:14.046,1.52754,1.5278,1.00,1.00
2017.04.11 13:23:14.535,1.52757,1.52785,1.00,1.00
2017.04.11 13:23:14.637,1.52756,1.52783,1.00,1.00
2017.04.11 13:23:15.186,1.52755,1.52783,1.00,1.00
2017.04.11 13:23:15.690,1.52756,1.52783,1.00,1.00
2017.04.11 13:23:15.993,1.52759,1.52786,1.00,1.00
2017.04.11 13:23:16.783,1.5276,1.52787,1.00,1.35
2017.04.11 13:23:17.388,1.52761,1.52787,1.00,1.00
2017.04.11 13:23:17.624,1.52762,1.5279,1.00,1.00
2017.04.11 13:23:18.126,1.52761,1.5279,2.25,1.35
2017.04.11 13:23:18.681,1.52763,1.52791,1.00,1.35
2017.04.11 13:23:19.059,1.52763,1.52789,1.00,1.00
2017.04.11 13:23:23.394,1.52763,1.5279,1.00,1.00
2017.04.11 13:23:25.854,1.5276,1.52787,1.50,1.00
2017.04.11 13:23:26.482,1.52761,1.52788,1.00,1.00
2017.04.11 13:23:27.029,1.52761,1.5279,1.00,1.50
2017.04.11 13:23:27.708,1.52763,1.5279,1.00,1.50
2017.04.11 13:23:28.643,1.52765,1.5279,1.00,1.00
2017.04.11 13:23:28.845,1.52765,1.52792,1.00,1.00
2017.04.11 13:23:29.374,1.52764,1.52791,1.50,1.00
2017.04.11 13:23:31.170,1.52764,1.5279,1.50,1.00
2017.04.11 13:23:31.900,1.52764,1.52791,1.50,1.50
2017.04.11 13:23:32.423,1.52765,1.52789,1.00,1.00
2017.04.11 13:23:32.951,1.52764,1.52789,1.00,1.00
2017.04.11 13:23:33.656,1.52764,1.5279,1.00,1.00
2017.04.11 13:23:34.175,1.52764,1.52789,1.00,1.00
2017.04.11 13:23:34.716,1.52764,1.5279,1.00,1.00
2017.04.11 13:23:35.963,1.52763,1.52788,1.00,1.00
2017.04.11 13:23:36.065,1.52754,1.52782,1.00,1.50
2017.04.11 13:23:36.116,1.52752,1.52777,2.25,1.35
2017.04.11 13:23:36.267,1.5275,1.52775,1.00,1.00
2017.04.11 13:23:36.318,1.5275,1.52773,1.00,1.00
2017.04.11 13:23:36.419,1.52747,1.52773,1.00,1.00
2017.04.11 13:23:36.520,1.52745,1.52772,1.00,1.50
2017.04.11 13:23:36.621,1.52745,1.5277,1.00,1.00
2017.04.11 13:23:36.924,1.52747,1.52771,1.00,1.00
2017.04.11 13:23:36.975,1.52747,1.52774,1.00,1.00
2017.04.11 13:23:37.076,1.52753,1.52776,1.00,1.00
2017.04.11 13:23:37.127,1.52751,1.52777,1.00,1.00
2017.04.11 13:23:37.178,1.52753,1.52783,1.00,1.50
2017.04.11 13:23:37.229,1.52753,1.52781,1.00,1.00
2017.04.11 13:23:37.616,1.52753,1.52783,1.00,1.50
2017.04.11 13:23:37.718,1.52755,1.52783,1.00,1.00
2017.04.11 13:23:37.819,1.52755,1.52786,1.60,1.00
2017.04.11 13:23:37.970,1.52758,1.52786,1.00,1.50
2017.04.11 13:23:38.536,1.52758,1.52787,1.00,1.50
2017.04.11 13:23:38.914,1.5276,1.52787,1.00,1.50
2017.04.11 13:23:39.585,1.52757,1.52784,1.00,1.00
2017.04.11 13:23:40.089,1.52756,1.52783,1.00,1.00
2017.04.11 13:23:40.686,1.52755,1.52783,1.00,1.00
2017.04.11 13:23:41.014,1.52758,1.52783,1.00,1.00
2017.04.11 13:23:41.256,1.52758,1.52785,1.00,2.25
2017.04.11 13:23:41.790,1.52758,1.52784,1.00,1.00
2017.04.11 13:23:42.416,1.52758,1.52783,1.00,1.00
2017.04.11 13:23:42.965,1.52756,1.52783,1.00,1.00
2017.04.11 13:23:44.187,1.52757,1.52783,1.00,1.00
2017.04.11 13:23:47.351,1.52757,1.52782,1.00,1.00
2017.04.11 13:23:47.906,1.52757,1.52783,1.00,1.00
2017.04.11 13:23:48.428,1.52759,1.52783,1.00,1.00
2017.04.11 13:23:48.949,1.52758,1.52784,1.00,1.50
2017.04.11 13:23:49.502,1.52758,1.52783,1.00,1.00
2017.04.11 13:23:50.020,1.52758,1.52784,1.00,1.50
2017.04.11 13:23:51.125,1.52758,1.52783,1.00,1.00
2017.04.11 13:23:51.904,1.52758,1.52782,1.00,1.00
2017.04.11 13:23:51.955,1.52758,1.52784,1.00,1.50
2017.04.11 13:23:52.500,1.52759,1.52784,1.00,1.50
2017.04.11 13:23:54.063,1.52758,1.52784,1.00,1.00
2017.04.11 13:23:54.652,1.52759,1.52783,1.00,1.00
2017.04.11 13:23:55.263,1.52759,1.52784,1.00,1.50
2017.04.11 13:23:55.962,1.52759,1.52783,1.00,1.00
2017.04.11 13:23:56.122,1.52761,1.52784,1.00,1.00
2017.04.11 13:23:56.224,1.52763,1.52788,1.00,1.50
2017.04.11 13:23:56.754,1.52763,1.52789,1.00,1.50
2017.04.11 13:23:57.242,1.52761,1.52789,1.00,1.00
2017.04.11 13:23:57.294,1.52759,1.52788,1.00,1.35
2017.04.11 13:23:57.346,1.52758,1.52784,1.00,1.00
2017.04.11 13:23:57.916,1.52758,1.52783,1.00,1.00
2017.04.11 13:23:57.967,1.52758,1.52785,1.00,1.00
2017.04.11 13:23:58.230,1.52758,1.52782,1.00,1.00
2017.04.11 13:23:58.831,1.52758,1.52784,1.00,1.00
2017.04.11 13:23:59.335,1.52758,1.52783,1.00,1.00
2017.04.11 13:23:59.853,1.52758,1.52784,1.00,1.00
2017.04.11 13:24:00.368,1.52758,1.52783,1.00,1.00
2017.04.11 13:24:00.723,1.52758,1.52785,1.00,1.50
2017.04.11 13:24:00.919,1.52761,1.52784,1.00,1.00
2017.04.11 13:24:01.121,1.52761,1.52787,1.00,1.00
2017.04.11 13:24:01.645,1.52761,1.52788,1.00,1.00
2017.04.11 13:24:02.413,1.5276,1.52787,1.35,1.00
2017.04.11 13:24:03.952,1.52761,1.52788,1.00,1.00
2017.04.11 13:24:04.684,1.5276,1.52787,1.00,1.00
2017.04.11 13:24:10.484,1.5276,1.52788,1.00,1.00
2017.04.11 13:24:13.944,1.5276,1.52789,1.00,1.00
2017.04.11 13:24:15.385,1.52759,1.52788,2.85,1.00
2017.04.11 13:24:17.768,1.52759,1.52788,1.60,1.00
2017.04.11 13:24:18.300,1.52759,1.52788,1.35,1.00
2017.04.11 13:24:20.366,1.52759,1.52786,1.00,1.00
2017.04.11 13:24:23.491,1.52759,1.52785,1.00,1.00
2017.04.11 13:24:24.252,1.52759,1.52786,1.00,1.00
2017.04.11 13:24:28.408,1.52759,1.52785,1.00,1.00
2017.04.11 13:24:28.712,1.52754,1.52781,1.00,1.60
2017.04.11 13:24:28.763,1.52752,1.52779,1.00,1.00
2017.04.11 13:24:29.116,1.52753,1.52782,1.00,1.00
2017.04.11 13:24:30.009,1.52753,1.5278,1.00,1.00
2017.04.11 13:24:33.487,1.52755,1.52782,1.00,1.00
2017.04.11 13:24:34.017,1.52754,1.52781,1.50,1.00
2017.04.11 13:24:34.566,1.52755,1.52781,1.00,1.00
2017.04.11 13:24:35.094,1.52754,1.5278,1.00,1.00
2017.04.11 13:24:35.703,1.52755,1.5278,1.00,1.00
2017.04.11 13:24:36.255,1.52754,1.52781,1.00,1.00
2017.04.11 13:24:36.306,1.52755,1.52783,1.50,1.00
2017.04.11 13:24:36.862,1.52755,1.52784,1.50,1.00
2017.04.11 13:24:40.712,1.52756,1.52785,1.00,1.50
2017.04.11 13:24:41.524,1.52756,1.52785,2.10,1.50
2017.04.11 13:24:41.936,1.52756,1.52785,2.85,1.00
2017.04.11 13:24:42.476,1.52759,1.52786,2.10,1.00
2017.04.11 13:24:43.388,1.52759,1.52784,1.35,1.00
2017.04.11 13:24:44.012,1.52759,1.52783,1.00,1.00
2017.04.11 13:24:44.566,1.52759,1.52782,1.00,1.00
2017.04.11 13:24:44.868,1.52762,1.52787,1.00,1.00
2017.04.11 13:24:45.506,1.52762,1.52786,1.00,1.00
2017.04.11 13:24:46.029,1.52763,1.52787,1.00,1.00
2017.04.11 13:24:46.861,1.52763,1.52786,1.00,1.00
2017.04.11 13:24:47.416,1.52763,1.52787,1.00,1.00
2017.04.11 13:24:47.948,1.52763,1.52786,1.00,1.00
2017.04.11 13:24:48.681,1.52765,1.52786,1.00,1.00
2017.04.11 13:24:48.855,1.52765,1.52788,1.00,1.00
2017.04.11 13:24:48.906,1.52765,1.5279,1.00,1.00
2017.04.11 13:24:49.007,1.52765,1.52787,1.00,1.00
2017.04.11 13:24:49.667,1.52763,1.52787,1.00,1.00
2017.04.11 13:24:49.919,1.52763,1.52785,1.00,1.00
2017.04.11 13:24:49.970,1.52763,1.52787,1.00,1.00
2017.04.11 13:24:50.604,1.52763,1.52786,1.00,1.00
2017.04.11 13:24:52.598,1.52766,1.52786,1.00,1.00
2017.04.11 13:24:52.649,1.52764,1.52789,1.00,1.00
2017.04.11 13:24:53.154,1.52763,1.52789,1.00,1.00
2017.04.11 13:24:53.708,1.52764,1.52791,1.00,1.00
2017.04.11 13:24:54.733,1.52766,1.52789,1.00,1.00
2017.04.11 13:24:54.834,1.52766,1.52791,1.00,1.00
2017.04.11 13:24:55.383,1.52766,1.5279,1.00,1.00
2017.04.11 13:24:56.591,1.52766,1.52791,1.35,1.00
2017.04.11 13:24:56.692,1.52769,1.52792,1.00,1.00
2017.04.11 13:24:56.742,1.52769,1.52794,1.35,1.00
2017.04.11 13:24:56.843,1.52771,1.52794,1.00,1.00
2017.04.11 13:24:57.654,1.52771,1.52795,1.00,1.00
2017.04.11 13:24:57.964,1.52771,1.52797,1.00,1.00
2017.04.11 13:24:58.491,1.52772,1.52798,1.00,1.00
2017.04.11 13:24:58.542,1.5277,1.52798,1.00,1.00
2017.04.11 13:24:59.062,1.5277,1.52797,1.00,1.00
2017.04.11 13:24:59.519,1.52772,1.52797,1.00,1.00
2017.04.11 13:25:00.033,1.52773,1.52799,1.00,1.00
2017.04.11 13:25:00.785,1.52772,1.528,1.00,1.00
2017.04.11 13:25:01.350,1.52772,1.52801,1.00,1.00
2017.04.11 13:25:01.401,1.52772,1.52799,1.00,1.00
2017.04.11 13:25:02.062,1.52772,1.52798,1.00,1.00
2017.04.11 13:25:02.567,1.52772,1.52799,1.00,1.00
2017.04.11 13:25:03.090,1.52776,1.52799,1.00,1.00
2017.04.11 13:25:03.600,1.52776,1.528,1.00,1.00
2017.04.11 13:25:04.255,1.52776,1.52801,1.00,1.00
2017.04.11 13:25:04.761,1.52775,1.52801,1.00,1.00
2017.04.11 13:25:05.756,1.52775,1.528,1.00,1.00
2017.04.11 13:25:05.907,1.52773,1.52801,1.00,1.00
2017.04.11 13:25:06.159,1.52774,1.52799,1.00,1.00
2017.04.11 13:25:06.596,1.52774,1.52801,1.00,1.00
2017.04.11 13:25:07.351,1.52773,1.528,1.00,2.25
2017.04.11 13:25:07.900,1.52773,1.52799,1.00,1.00
2017.04.11 13:25:08.333,1.52771,1.52799,1.35,1.00
2017.04.11 13:25:08.877,1.52771,1.52798,1.35,1.00
2017.04.11 13:25:09.335,1.52773,1.52798,1.00,1.00
2017.04.11 13:25:10.220,1.52771,1.52798,1.00,1.00
2017.04.11 13:25:10.522,1.52769,1.52796,1.00,1.00
2017.04.11 13:25:11.143,1.52769,1.52794,1.00,1.00
2017.04.11 13:25:11.194,1.52769,1.52796,1.00,1.00
2017.04.11 13:25:11.295,1.52769,1.52793,1.00,1.00
2017.04.11 13:25:11.803,1.52769,1.52794,1.00,1.00
2017.04.11 13:25:12.165,1.52771,1.52794,1.00,1.00
2017.04.11 13:25:12.455,1.52771,1.52797,1.00,1.00
2017.04.11 13:25:12.959,1.52771,1.52798,1.35,1.00
2017.04.11 13:25:13.161,1.52771,1.52796,1.35,1.00
2017.04.11 13:25:13.998,1.52771,1.52797,2.10,1.00
2017.04.11 13:25:14.301,1.52774,1.52798,1.50,1.00
2017.04.11 13:25:14.453,1.52772,1.52798,1.00,1.50
2017.04.11 13:25:14.554,1.52772,1.52796,1.00,1.00
2017.04.11 13:25:14.893,1.52774,1.52797,1.00,1.00
2017.04.11 13:25:15.045,1.52774,1.52801,1.00,1.00
2017.04.11 13:25:15.613,1.52773,1.528,1.00,1.00
2017.04.11 13:25:16.117,1.52772,1.528,1.35,1.00
2017.04.11 13:25:16.420,1.52772,1.52797,1.00,1.00
2017.04.11 13:25:16.962,1.52772,1.52798,1.00,1.00
2017.04.11 13:25:17.485,1.52772,1.52799,1.00,1.00
2017.04.11 13:25:17.989,1.52771,1.52799,1.50,1.00
2017.04.11 13:25:18.304,1.52771,1.52797,1.50,1.00
2017.04.11 13:25:18.822,1.5277,1.52797,1.00,1.00
2017.04.11 13:25:19.354,1.52771,1.52798,1.00,1.00
2017.04.11 13:25:19.455,1.52772,1.528,1.00,1.00
2017.04.11 13:25:19.707,1.52771,1.52798,1.00,1.00
2017.04.11 13:25:20.024,1.52776,1.52795,1.00,1.00
2017.04.11 13:25:20.076,1.52776,1.528,1.00,1.00
2017.04.11 13:25:20.332,1.52777,1.52803,1.00,1.00
2017.04.11 13:25:20.861,1.52777,1.52802,1.00,1.00
2017.04.11 13:25:20.962,1.52774,1.528,1.00,1.00
2017.04.11 13:25:21.013,1.52771,1.528,1.50,1.00
2017.04.11 13:25:21.189,1.52771,1.52794,1.50,1.00
2017.04.11 13:25:21.716,1.52771,1.52795,1.00,1.00
2017.04.11 13:25:22.160,1.52768,1.52794,1.50,1.00
2017.04.11 13:25:22.261,1.52766,1.52793,1.50,1.00
2017.04.11 13:25:22.312,1.52766,1.52791,1.50,1.00
2017.04.11 13:25:22.463,1.52766,1.52793,1.50,1.00
2017.04.11 13:25:22.661,1.52766,1.52791,1.50,1.00
2017.04.11 13:25:23.165,1.52766,1.52792,1.00,1.00
2017.04.11 13:25:23.670,1.52766,1.52791,1.00,1.00
2017.04.11 13:25:24.437,1.52765,1.52791,1.00,1.50
2017.04.11 13:25:24.739,1.52764,1.52789,1.00,1.00
2017.04.11 13:25:24.942,1.52764,1.52791,1.50,1.50
2017.04.11 13:25:25.541,1.52762,1.52789,1.50,1.00
2017.04.11 13:25:25.592,1.52762,1.52791,1.50,1.50
2017.04.11 13:25:28.720,1.52762,1.52789,1.50,1.00
2017.04.11 13:25:29.736,1.52761,1.52789,1.00,1.00
2017.04.11 13:25:30.039,1.5276,1.52787,1.00,1.00
2017.04.11 13:25:30.735,1.52759,1.52787,1.00,1.00
2017.04.11 13:25:31.239,1.52758,1.52787,1.00,1.00
2017.04.11 13:25:32.093,1.52758,1.52785,1.50,1.00
2017.04.11 13:25:32.410,1.52757,1.52779,1.00,1.00
2017.04.11 13:25:32.561,1.52754,1.52778,1.00,2.10
2017.04.11 13:25:32.612,1.52749,1.52778,1.00,2.10
2017.04.11 13:25:33.123,1.5275,1.52778,1.00,1.00
2017.04.11 13:25:33.174,1.52749,1.52776,1.00,1.00
2017.04.11 13:25:33.528,1.52751,1.52779,1.00,1.00
2017.04.11 13:25:34.046,1.5275,1.52779,1.00,1.00
2017.04.11 13:25:34.771,1.5275,1.52777,1.00,1.00
2017.04.11 13:25:35.285,1.52751,1.52777,1.00,1.00
2017.04.11 13:25:35.829,1.52751,1.52778,1.00,1.00
2017.04.11 13:25:36.379,1.5275,1.52777,1.00,1.00
2017.04.11 13:25:37.006,1.52751,1.52778,1.00,1.00
2017.04.11 13:25:38.357,1.52751,1.5278,1.00,1.00
2017.04.11 13:25:38.865,1.52754,1.52781,1.00,1.50
2017.04.11 13:25:39.956,1.52752,1.52781,1.00,1.00
2017.04.11 13:25:42.872,1.52752,1.5278,1.50,1.00
2017.04.11 13:25:43.352,1.52752,1.52777,1.00,1.00
2017.04.11 13:25:43.605,1.52752,1.52779,1.00,1.50
2017.04.11 13:25:43.806,1.5275,1.52778,1.00,1.00
2017.04.11 13:25:44.022,1.52747,1.52776,1.00,1.00
2017.04.11 13:25:46.138,1.52748,1.52774,1.00,1.00
2017.04.11 13:25:46.721,1.52749,1.52776,1.00,1.00
2017.04.11 13:25:47.218,1.52747,1.52774,1.00,1.00
2017.04.11 13:25:47.269,1.52744,1.52772,1.00,1.00
2017.04.11 13:25:47.320,1.52744,1.5277,1.00,1.50
2017.04.11 13:25:47.371,1.52742,1.5277,1.00,2.25
2017.04.11 13:25:48.106,1.52743,1.5277,1.00,1.00
2017.04.11 13:25:48.768,1.52742,1.5277,1.50,1.00
2017.04.11 13:25:49.599,1.52742,1.52771,1.50,1.50
2017.04.11 13:25:49.926,1.52743,1.52769,1.00,1.00
2017.04.11 13:25:50.329,1.52745,1.52771,1.00,1.50
2017.04.11 13:25:51.231,1.52745,1.5277,1.00,1.00
2017.04.11 13:25:51.734,1.52745,1.52772,1.00,1.00
2017.04.11 13:25:52.269,1.52745,1.52771,1.00,1.00
2017.04.11 13:25:53.495,1.52744,1.52771,1.00,1.00
2017.04.11 13:25:53.546,1.52744,1.52769,1.00,1.00
2017.04.11 13:25:53.760,1.5274,1.52767,1.00,1.50
2017.04.11 13:25:53.811,1.5274,1.52764,1.00,1.00
2017.04.11 13:25:54.508,1.52739,1.52764,1.00,1.00
2017.04.11 13:25:56.017,1.52739,1.52765,1.00,1.00
2017.04.11 13:25:56.614,1.52739,1.52764,1.00,1.00
2017.04.11 13:25:58.305,1.52739,1.52765,1.00,1.50
2017.04.11 13:25:58.867,1.52739,1.52764,1.00,1.00
2017.04.11 13:25:59.954,1.52739,1.52765,1.00,1.50
2017.04.11 13:26:00.451,1.52737,1.52764,1.00,1.00
2017.04.11 13:26:00.653,1.52737,1.52762,1.00,1.00
2017.04.11 13:26:01.165,1.52737,1.52763,1.00,1.00
2017.04.11 13:26:01.670,1.52737,1.52764,1.00,1.50
2017.04.11 13:26:02.258,1.52735,1.52764,1.00,1.50
2017.04.11 13:26:03.967,1.52737,1.52764,1.00,1.50
2017.04.11 13:26:04.598,1.52736,1.52764,1.00,2.25
2017.04.11 13:26:05.395,1.52736,1.52763,1.00,1.00
2017.04.11 13:26:05.912,1.52736,1.52762,1.00,1.50
2017.04.11 13:26:06.165,1.52733,1.5276,1.00,1.00
2017.04.11 13:26:06.882,1.52732,1.5276,1.00,1.00
2017.04.11 13:26:07.806,1.52732,1.52759,1.00,1.00
2017.04.11 13:26:08.101,1.52735,1.52759,1.00,1.00
2017.04.11 13:26:08.202,1.52735,1.52762,1.00,1.87
2017.04.11 13:26:09.114,1.52734,1.52761,1.00,1.00
2017.04.11 13:26:09.485,1.52735,1.52763,1.00,1.00
2017.04.11 13:26:09.992,1.52735,1.52763,1.00,1.87
2017.04.11 13:26:10.219,1.52733,1.52762,1.50,1.00
2017.04.11 13:26:10.270,1.52737,1.52763,1.00,1.00
2017.04.11 13:26:10.523,1.52737,1.52765,1.00,1.00
2017.04.11 13:26:10.573,1.52737,1.52763,1.00,1.00
2017.04.11 13:26:10.624,1.52737,1.52765,1.00,1.50
2017.04.11 13:26:12.435,1.52738,1.52765,1.00,1.00
2017.04.11 13:26:13.042,1.52738,1.52766,1.00,1.50
2017.04.11 13:26:13.584,1.52738,1.52765,1.00,1.00
2017.04.11 13:26:14.134,1.52738,1.52766,1.00,1.00
2017.04.11 13:26:14.236,1.52735,1.52765,1.50,1.00
2017.04.11 13:26:14.387,1.52734,1.52762,1.00,1.00
2017.04.11 13:26:14.851,1.52737,1.52762,1.00,1.00
2017.04.11 13:26:14.902,1.52737,1.52764,1.00,1.50
2017.04.11 13:26:18.009,1.52739,1.52764,1.00,1.00
2017.04.11 13:26:18.110,1.5274,1.52766,1.00,1.50
2017.04.11 13:26:18.161,1.52742,1.52766,1.00,1.00
2017.04.11 13:26:18.211,1.52742,1.52768,1.00,1.00
2017.04.11 13:26:18.262,1.5274,1.52767,1.00,1.00
2017.04.11 13:26:19.017,1.5274,1.52766,1.00,1.00
2017.04.11 13:26:19.521,1.5274,1.52767,1.00,1.00
2017.04.11 13:26:20.663,1.52737,1.52766,1.00,1.00
2017.04.11 13:26:20.729,1.52735,1.52765,1.50,1.00
2017.04.11 13:26:21.250,1.52735,1.52764,1.00,1.00
2017.04.11 13:26:21.831,1.52736,1.52763,1.00,1.00
2017.04.11 13:26:22.351,1.52736,1.52764,1.00,1.50
2017.04.11 13:26:23.343,1.52738,1.52765,1.00,1.50
2017.04.11 13:26:23.394,1.52736,1.52764,1.00,1.00
2017.04.11 13:26:24.415,1.52737,1.52764,1.00,1.00
2017.04.11 13:26:27.784,1.52742,1.52768,1.00,1.00
2017.04.11 13:26:28.288,1.52742,1.52769,1.00,1.00
2017.04.11 13:26:28.792,1.52743,1.5277,1.00,1.00
2017.04.11 13:26:29.651,1.52743,1.52772,1.00,1.50
2017.04.11 13:26:29.702,1.52747,1.52772,1.00,1.00
2017.04.11 13:26:29.753,1.52749,1.52776,1.00,1.00
2017.04.11 13:26:29.854,1.52749,1.52778,1.00,3.97
2017.04.11 13:26:29.906,1.52747,1.52774,1.00,1.60
2017.04.11 13:26:30.059,1.52745,1.52772,1.50,1.60
2017.04.11 13:26:30.462,1.52742,1.52771,1.00,1.35
2017.04.11 13:26:30.736,1.52746,1.52773,1.00,2.10
2017.04.11 13:26:30.787,1.52744,1.52771,1.00,1.00
2017.04.11 13:26:32.683,1.52743,1.5277,1.00,1.00
2017.04.11 13:26:32.784,1.5274,1.52769,1.00,1.60
2017.04.11 13:26:33.037,1.52737,1.52766,1.00,1.60
2017.04.11 13:26:33.197,1.52735,1.52764,1.00,1.60
2017.04.11 13:26:33.701,1.52735,1.52764,1.00,1.35
2017.04.11 13:26:34.004,1.5273,1.52759,1.00,1.00
2017.04.11 13:26:34.319,1.52727,1.5276,1.00,1.00
2017.04.11 13:26:34.572,1.5273,1.52758,1.00,1.00
2017.04.11 13:26:35.290,1.5273,1.52757,1.00,1.00
2017.04.11 13:26:35.882,1.52729,1.52757,1.00,1.00
2017.04.11 13:26:36.443,1.5273,1.52758,1.00,1.00
2017.04.11 13:26:37.376,1.5273,1.52756,1.00,1.00
2017.04.11 13:26:38.762,1.52728,1.52756,1.00,1.00
2017.04.11 13:26:39.303,1.52728,1.52757,1.00,1.00
2017.04.11 13:26:39.764,1.52728,1.52755,1.00,1.00
2017.04.11 13:26:40.977,1.52728,1.52756,1.00,1.00
2017.04.11 13:26:41.860,1.52727,1.52754,1.00,1.00
2017.04.11 13:26:43.032,1.52728,1.52755,1.00,1.00
2017.04.11 13:26:43.546,1.52728,1.52756,1.00,1.50
2017.04.11 13:26:44.052,1.52727,1.52755,1.00,1.00
2017.04.11 13:26:44.355,1.52725,1.52751,1.00,1.00
2017.04.11 13:26:44.456,1.52722,1.52752,1.00,1.50
2017.04.11 13:26:44.557,1.52721,1.52749,1.00,1.00
2017.04.11 13:26:45.148,1.52721,1.52747,1.00,1.00
2017.04.11 13:26:45.464,1.52719,1.52748,1.00,1.00
2017.04.11 13:26:46.004,1.5272,1.52747,1.00,1.00
2017.04.11 13:26:46.055,1.52729,1.52749,1.00,1.50
2017.04.11 13:26:46.307,1.52733,1.52755,1.00,1.00
2017.04.11 13:26:46.509,1.52733,1.5276,1.00,1.00
2017.04.11 13:26:49.070,1.52732,1.52759,1.00,1.00
2017.04.11 13:26:52.807,1.52731,1.52761,1.00,1.00
2017.04.11 13:26:53.311,1.52732,1.52762,1.00,1.00
2017.04.11 13:26:53.558,1.52729,1.52756,1.00,1.35
2017.04.11 13:26:53.710,1.52725,1.52754,1.00,1.00
2017.04.11 13:26:53.861,1.52722,1.52752,1.00,1.00
2017.04.11 13:26:54.731,1.52721,1.52748,1.00,1.00
2017.04.11 13:26:55.901,1.52723,1.5275,1.00,1.50
2017.04.11 13:26:56.204,1.5272,1.52747,1.00,1.00
2017.04.11 13:27:00.322,1.52719,1.52746,1.00,1.00
2017.04.11 13:27:00.829,1.5272,1.52749,1.00,1.00
2017.04.11 13:27:01.341,1.52721,1.5275,1.00,1.00
2017.04.11 13:27:01.983,1.52721,1.52748,1.00,1.00
2017.04.11 13:27:04.137,1.5272,1.52748,1.00,1.00
2017.04.11 13:27:05.109,1.5272,1.52747,1.00,1.00
2017.04.11 13:27:07.645,1.52721,1.52748,1.00,1.00
2017.04.11 13:27:08.624,1.52725,1.52749,1.00,1.00
2017.04.11 13:27:08.674,1.52725,1.52753,1.00,1.00
2017.04.11 13:27:09.564,1.52729,1.52753,1.00,1.00
2017.04.11 13:27:09.766,1.52733,1.5276,1.00,1.37
2017.04.11 13:27:09.867,1.5273,1.52759,1.00,1.00
2017.04.11 13:27:09.968,1.52734,1.5276,1.00,1.00
2017.04.11 13:27:11.327,1.52737,1.52764,1.00,1.50
2017.04.11 13:27:13.673,1.52735,1.52762,1.00,1.00
2017.04.11 13:27:14.517,1.52734,1.52761,1.00,1.00
2017.04.11 13:27:14.860,1.52737,1.52761,1.00,1.00
2017.04.11 13:27:14.911,1.52737,1.52764,1.00,1.50
2017.04.11 13:27:15.867,1.52737,1.52765,1.00,1.00
2017.04.11 13:27:16.407,1.52737,1.52764,1.00,1.00
2017.04.11 13:27:17.898,1.52737,1.52765,1.00,1.00
2017.04.11 13:27:18.724,1.52734,1.52763,1.00,1.00
2017.04.11 13:27:18.774,1.52737,1.52765,1.00,1.00
2017.04.11 13:27:18.926,1.52735,1.52764,1.00,1.00
2017.04.11 13:27:19.027,1.52737,1.52765,1.00,1.00
2017.04.11 13:27:19.078,1.52735,1.52764,1.00,1.00
2017.04.11 13:27:19.963,1.52735,1.52762,1.00,1.00
2017.04.11 13:27:20.216,1.52732,1.5276,1.00,1.00
2017.04.11 13:27:20.267,1.52732,1.52758,1.00,1.00
2017.04.11 13:27:20.368,1.5273,1.52757,1.00,1.00
2017.04.11 13:27:20.571,1.52732,1.52759,1.00,1.50
2017.04.11 13:27:20.792,1.5273,1.52758,1.00,1.00
2017.04.11 13:27:21.305,1.52729,1.52758,1.00,1.00
2017.04.11 13:27:21.789,1.52733,1.52759,1.00,1.00
2017.04.11 13:27:21.839,1.5273,1.52759,1.00,1.50
2017.04.11 13:27:22.269,1.52734,1.52759,1.00,1.00
2017.04.11 13:27:22.522,1.5273,1.52759,1.00,1.00
2017.04.11 13:27:23.278,1.5273,1.52761,1.50,1.00
2017.04.11 13:27:23.882,1.52731,1.52761,1.00,1.00
2017.04.11 13:27:23.933,1.52728,1.52761,1.00,1.50
2017.04.11 13:27:24.476,1.52728,1.5276,1.50,1.00
2017.04.11 13:27:24.954,1.5273,1.52757,1.00,1.00
2017.04.11 13:27:26.977,1.52733,1.52759,1.00,1.00
2017.04.11 13:27:27.497,1.52733,1.5276,1.00,1.00
2017.04.11 13:27:28.238,1.52731,1.52758,1.00,1.00
2017.04.11 13:27:30.698,1.52734,1.52761,1.00,2.10
2017.04.11 13:27:31.000,1.52736,1.52765,1.00,2.10
2017.04.11 13:27:31.203,1.52736,1.52763,1.00,1.00
2017.04.11 13:27:31.767,1.52736,1.52762,1.00,1.00
2017.04.11 13:27:32.954,1.52738,1.52762,1.00,1.00
2017.04.11 13:27:33.473,1.52738,1.52763,1.00,1.00
2017.04.11 13:27:33.700,1.52734,1.52763,1.00,1.50
2017.04.11 13:27:34.573,1.52735,1.52761,1.15,1.00
2017.04.11 13:27:35.724,1.52737,1.52762,1.00,1.00
2017.04.11 13:27:36.192,1.52737,1.52764,1.00,1.50
2017.04.11 13:27:37.007,1.52735,1.52764,1.00,1.50
2017.04.11 13:27:37.537,1.52735,1.52764,1.11,1.50
2017.04.11 13:27:38.803,1.52735,1.52763,1.11,1.00
2017.04.11 13:27:39.494,1.52737,1.52763,1.07,1.00
2017.04.11 13:27:39.797,1.52736,1.52763,1.00,1.00
2017.04.11 13:27:40.317,1.52736,1.52762,1.00,1.00
2017.04.11 13:27:42.570,1.52735,1.52762,1.00,1.50
2017.04.11 13:27:42.671,1.52733,1.52761,1.00,1.00
2017.04.11 13:27:43.237,1.52733,1.5276,1.00,1.00
2017.04.11 13:27:43.288,1.52731,1.5276,1.00,1.50
2017.04.11 13:27:44.795,1.52731,1.52758,1.00,1.00
2017.04.11 13:27:45.373,1.52731,1.52759,1.00,1.00
2017.04.11 13:27:48.463,1.52733,1.52759,1.00,1.50
2017.04.11 13:27:48.614,1.5273,1.52757,1.35,1.00
2017.04.11 13:27:48.963,1.52733,1.5276,1.00,1.00
2017.04.11 13:27:49.269,1.52733,1.52757,1.00,1.00
2017.04.11 13:27:49.905,1.52734,1.52757,1.00,1.00
2017.04.11 13:27:50.230,1.52734,1.52759,1.00,1.00
2017.04.11 13:27:52.864,1.52731,1.52758,1.00,1.00
2017.04.11 13:27:53.947,1.5273,1.52757,1.35,1.00
2017.04.11 13:27:54.643,1.52729,1.52757,1.35,1.50
2017.04.11 13:27:55.509,1.52729,1.52756,1.00,1.00
2017.04.11 13:27:56.538,1.52726,1.52755,1.60,1.00
2017.04.11 13:27:56.639,1.52729,1.52756,1.00,1.00
2017.04.11 13:27:56.942,1.52731,1.52758,1.00,1.00
2017.04.11 13:27:58.044,1.52731,1.52759,1.00,1.00
2017.04.11 13:27:58.347,1.52733,1.5276,1.00,1.00
2017.04.11 13:27:58.922,1.52733,1.52762,1.00,2.25
2017.04.11 13:27:59.699,1.52734,1.5276,1.00,1.00
2017.04.11 13:28:00.296,1.5273,1.52759,1.00,1.00
2017.04.11 13:28:00.347,1.52733,1.52762,1.00,2.25
2017.04.11 13:28:00.860,1.52733,1.52762,1.00,2.85
2017.04.11 13:28:01.301,1.52732,1.52758,1.00,1.00
2017.04.11 13:28:01.654,1.52729,1.52758,1.50,1.00
2017.04.11 13:28:02.762,1.52733,1.5276,1.00,1.00
2017.04.11 13:28:03.000,1.5273,1.52759,1.00,1.35
2017.04.11 13:28:03.303,1.52733,1.52759,1.00,1.35
2017.04.11 13:28:03.627,1.5273,1.52758,1.00,1.00
2017.04.11 13:28:03.678,1.52732,1.52758,1.00,1.50
2017.04.11 13:28:03.992,1.5273,1.52758,1.00,1.00
2017.04.11 13:28:04.264,1.52731,1.5276,1.50,1.00
2017.04.11 13:28:04.660,1.52729,1.52759,1.50,1.35
2017.04.11 13:28:05.064,1.52731,1.52758,1.00,1.50
2017.04.11 13:28:05.474,1.52729,1.52761,1.00,1.60
2017.04.11 13:28:05.575,1.52731,1.5276,1.00,1.60
2017.04.11 13:28:05.777,1.52727,1.5276,1.50,2.10
2017.04.11 13:28:06.014,1.52729,1.52756,1.00,1.00
2017.04.11 13:28:06.654,1.52729,1.52759,1.00,1.35
2017.04.11 13:28:06.705,1.52731,1.52759,1.00,2.10
2017.04.11 13:28:06.756,1.52728,1.52759,1.00,2.10
2017.04.11 13:28:06.957,1.52726,1.52756,1.35,1.00
2017.04.11 13:28:07.462,1.52727,1.52756,1.00,1.00
2017.04.11 13:28:07.796,1.52729,1.52756,1.00,1.00
2017.04.11 13:28:07.947,1.52728,1.5276,1.50,2.10
2017.04.11 13:28:08.351,1.5273,1.5276,1.00,1.60
2017.04.11 13:28:08.401,1.52728,1.5276,1.50,2.10
2017.04.11 13:28:08.855,1.52725,1.52757,1.60,1.00
2017.04.11 13:28:09.249,1.52729,1.52757,1.00,1.00
2017.04.11 13:28:09.451,1.52727,1.52757,1.50,1.00
2017.04.11 13:28:09.502,1.52731,1.52757,1.00,1.00
2017.04.11 13:28:09.553,1.52728,1.52757,1.00,1.00
2017.04.11 13:28:10.509,1.52727,1.52757,1.35,1.00
2017.04.11 13:28:11.237,1.52725,1.52756,2.10,1.00
2017.04.11 13:28:11.288,1.52725,1.52756,2.10,1.00
2017.04.11 13:28:11.729,1.52727,1.52756,1.00,1.00
2017.04.11 13:28:11.931,1.52725,1.52756,2.85,1.00
2017.04.11 13:28:12.239,1.52726,1.52758,1.00,1.00
2017.04.11 13:28:13.959,1.52727,1.52758,1.00,1.00
2017.04.11 13:28:14.473,1.52726,1.52758,1.00,1.00
2017.04.11 13:28:14.747,1.52727,1.52756,1.00,1.00
2017.04.11 13:28:15.252,1.52727,1.52757,2.85,1.00
2017.04.11 13:28:15.773,1.52727,1.52757,2.85,1.00
2017.04.11 13:28:16.648,1.52729,1.52757,1.00,1.00
2017.04.11 13:28:17.349,1.52727,1.52757,1.00,1.35
2017.04.11 13:28:17.551,1.52728,1.52759,1.00,1.00
2017.04.11 13:28:17.676,1.52729,1.52759,1.60,1.00
2017.04.11 13:28:18.064,1.52731,1.52762,1.50,1.00
2017.04.11 13:28:18.216,1.52731,1.5276,1.35,1.00
2017.04.11 13:28:18.725,1.52732,1.5276,1.00,1.00
2017.04.11 13:28:18.776,1.52732,1.52762,1.00,1.50
2017.04.11 13:28:18.978,1.52734,1.52762,1.00,2.25
2017.04.11 13:28:19.180,1.52731,1.52762,1.35,1.00
2017.04.11 13:28:19.231,1.52733,1.52761,1.00,1.00
2017.04.11 13:28:19.332,1.52731,1.52762,1.35,1.00
2017.04.11 13:28:19.720,1.52735,1.52764,1.00,1.00
2017.04.11 13:28:20.618,1.52737,1.52764,1.00,1.50
2017.04.11 13:28:22.943,1.52737,1.52763,1.00,1.00
2017.04.11 13:28:23.467,1.52736,1.52762,1.00,1.00
2017.04.11 13:28:23.991,1.52735,1.52762,1.00,1.00
2017.04.11 13:28:24.539,1.52734,1.52762,1.00,1.00
2017.04.11 13:28:26.109,1.52734,1.52761,1.00,1.00
2017.04.11 13:28:26.411,1.52731,1.52758,1.00,1.00
2017.04.11 13:28:26.719,1.52734,1.52759,1.00,1.00
2017.04.11 13:28:27.123,1.52731,1.52759,1.00,2.10
2017.04.11 13:28:27.810,1.52731,1.52759,1.00,2.10
2017.04.11 13:28:28.326,1.52731,1.52759,1.00,2.10
2017.04.11 13:28:28.729,1.52731,1.52759,1.00,2.10
2017.04.11 13:28:28.780,1.52731,1.52759,1.00,2.10
2017.04.11 13:28:29.235,1.52729,1.52756,1.00,1.00
2017.04.11 13:28:29.876,1.5273,1.52755,1.00,1.00
2017.04.11 13:28:30.028,1.5273,1.52759,1.00,1.50
2017.04.11 13:28:30.079,1.52733,1.52759,1.00,1.00
2017.04.11 13:28:30.281,1.52733,1.52761,1.00,2.10
2017.04.11 13:28:30.785,1.52733,1.5276,1.00,1.35
2017.04.11 13:28:31.166,1.52732,1.5276,1.00,1.60
2017.04.11 13:28:31.734,1.52732,1.52758,1.00,1.60
2017.04.11 13:28:33.342,1.52728,1.52756,1.00,1.35
2017.04.11 13:28:33.887,1.52728,1.52757,1.00,1.35
2017.04.11 13:28:34.522,1.52729,1.52757,1.00,1.35
2017.04.11 13:28:39.003,1.52728,1.52757,1.00,1.00
2017.04.11 13:28:40.624,1.52728,1.52757,1.00,1.60
2017.04.11 13:28:41.152,1.52728,1.52757,1.00,1.35
2017.04.11 13:28:42.609,1.52728,1.52757,1.00,1.60
2017.04.11 13:28:42.660,1.5273,1.52757,1.00,1.35
2017.04.11 13:28:42.979,1.52732,1.5276,1.00,1.00
2017.04.11 13:28:43.444,1.5273,1.5276,1.50,2.10
2017.04.11 13:28:43.952,1.5273,1.5276,1.00,2.10
2017.04.11 13:28:44.488,1.52729,1.52759,1.00,1.60
2017.04.11 13:28:46.133,1.52729,1.52759,1.00,1.35
2017.04.11 13:28:46.635,1.52729,1.52759,1.00,1.60
2017.04.11 13:28:47.345,1.52733,1.5276,1.00,1.00
2017.04.11 13:28:47.856,1.52733,1.52761,1.50,1.35
2017.04.11 13:28:48.402,1.52734,1.52762,1.00,1.35
2017.04.11 13:28:48.711,1.52736,1.52764,1.00,2.10
2017.04.11 13:28:49.232,1.52736,1.52764,1.00,2.10
2017.04.11 13:28:49.807,1.52737,1.52764,1.00,2.10
2017.04.11 13:28:50.389,1.52737,1.52764,1.00,2.10
2017.04.11 13:28:51.135,1.52735,1.52764,1.00,1.50
2017.04.11 13:28:51.654,1.52735,1.52764,1.00,1.60
2017.04.11 13:28:52.288,1.52734,1.52764,1.00,1.60
2017.04.11 13:28:53.107,1.52736,1.52763,1.00,1.35
2017.04.11 13:28:54.072,1.52734,1.52763,1.00,1.35
2017.04.11 13:28:54.629,1.52734,1.52763,1.00,1.60
2017.04.11 13:28:54.901,1.52733,1.52762,1.00,1.60
2017.04.11 13:28:55.208,1.52733,1.52762,1.00,2.85
2017.04.11 13:28:57.295,1.52735,1.52761,1.00,1.60
2017.04.11 13:28:57.396,1.52735,1.52761,1.00,1.60
2017.04.11 13:28:59.698,1.52735,1.52761,1.00,1.60
2017.04.11 13:29:02.925,1.52735,1.52762,1.00,2.10
2017.04.11 13:29:04.326,1.52734,1.52762,1.00,1.35
2017.04.11 13:29:04.913,1.52734,1.52762,1.00,1.60
2017.04.11 13:29:05.367,1.52736,1.52762,1.00,1.60
2017.04.11 13:29:09.075,1.52734,1.52763,1.00,2.85
2017.04.11 13:29:14.825,1.52734,1.52763,1.00,1.60
2017.04.11 13:29:16.508,1.52734,1.52763,1.00,1.60
2017.04.11 13:29:16.559,1.52737,1.52764,1.00,1.60
2017.04.11 13:29:16.986,1.52737,1.52764,1.00,1.35
2017.04.11 13:29:17.499,1.52737,1.52763,1.00,1.00
2017.04.11 13:29:17.651,1.52739,1.52763,1.00,1.00
2017.04.11 13:29:17.701,1.52739,1.52765,1.00,2.10
2017.04.11 13:29:18.004,1.52739,1.52765,1.00,2.10
2017.04.11 13:29:18.600,1.52739,1.52765,1.00,2.10
2017.04.11 13:29:19.583,1.52737,1.52765,1.00,1.60
2017.04.11 13:29:21.621,1.52737,1.52765,1.00,1.00
2017.04.11 13:29:24.069,1.52738,1.52765,1.00,1.35
2017.04.11 13:29:25.041,1.52739,1.52765,1.00,1.00
2017.04.11 13:29:26.273,1.52739,1.52765,1.00,1.60
2017.04.11 13:29:27.277,1.52739,1.52765,1.00,1.35
2017.04.11 13:29:33.062,1.52739,1.52766,1.00,1.60
2017.04.11 13:29:34.386,1.52738,1.52765,1.00,2.10
2017.04.11 13:29:35.302,1.52733,1.52761,1.50,1.60
2017.04.11 13:29:35.468,1.5273,1.52759,1.00,1.60
2017.04.11 13:29:35.569,1.52728,1.52757,1.00,1.60
2017.04.11 13:29:35.771,1.52726,1.52754,1.00,1.60
2017.04.11 13:29:35.872,1.52726,1.52754,1.00,1.35
2017.04.11 13:29:36.178,1.52726,1.52754,1.00,2.10
2017.04.11 13:29:37.170,1.52726,1.52753,1.00,1.35
2017.04.11 13:29:37.794,1.52726,1.52753,1.00,1.60
2017.04.11 13:29:37.996,1.52723,1.52752,1.00,1.60
2017.04.11 13:29:38.500,1.52723,1.52752,1.00,1.35
2017.04.11 13:29:38.702,1.52723,1.52752,1.00,1.60
2017.04.11 13:29:38.907,1.52723,1.52752,1.00,1.35
2017.04.11 13:29:39.108,1.52723,1.52752,1.00,1.60
2017.04.11 13:29:40.096,1.52723,1.52751,1.00,1.35
2017.04.11 13:29:40.802,1.5273,1.52753,1.00,1.60
2017.04.11 13:29:41.056,1.52739,1.52767,1.00,1.50
2017.04.11 13:29:41.654,1.52739,1.52765,1.00,1.00
2017.04.11 13:29:41.982,1.52741,1.52765,1.00,1.00
2017.04.11 13:29:43.159,1.52738,1.52765,1.00,1.00
2017.04.11 13:29:46.373,1.5274,1.52765,1.00,1.00
2017.04.11 13:29:46.424,1.5274,1.52767,1.00,1.00
2017.04.11 13:29:47.030,1.5274,1.52766,1.00,1.00
2017.04.11 13:29:48.546,1.52737,1.52766,1.00,1.00
2017.04.11 13:29:48.597,1.52734,1.52764,1.50,1.00
2017.04.11 13:29:48.647,1.52736,1.52764,1.00,1.60
2017.04.11 13:29:48.698,1.52736,1.52761,1.00,1.00
2017.04.11 13:29:48.749,1.52733,1.52761,1.00,1.35
2017.04.11 13:29:49.212,1.52733,1.52759,1.00,1.00
2017.04.11 13:29:49.373,1.52733,1.52761,1.00,2.10
2017.04.11 13:29:49.733,1.52732,1.52758,1.00,1.00
2017.04.11 13:29:49.884,1.52732,1.5276,1.00,1.00
2017.04.11 13:29:50.812,1.52732,1.52761,1.00,2.10
2017.04.11 13:29:51.363,1.52732,1.5276,1.00,1.00
2017.04.11 13:29:51.891,1.52732,1.52761,1.00,1.35
2017.04.11 13:29:54.172,1.52735,1.52762,1.00,2.10
2017.04.11 13:29:56.823,1.52735,1.52762,1.00,1.50
2017.04.11 13:29:59.036,1.52735,1.52761,1.00,1.00
2017.04.11 13:30:00.400,1.52738,1.52761,1.00,1.00
2017.04.11 13:30:00.451,1.52738,1.52764,1.00,1.00
2017.04.11 13:30:00.854,1.52738,1.52766,1.00,1.00
2017.04.11 13:30:00.955,1.5274,1.52766,1.00,1.00
2017.04.11 13:30:01.145,1.52738,1.52766,1.00,1.60
2017.04.11 13:30:01.448,1.52738,1.52767,1.00,2.10
2017.04.11 13:30:01.551,1.52738,1.52764,1.00,1.00
2017.04.11 13:30:02.164,1.52738,1.52767,1.00,1.35
2017.04.11 13:30:02.265,1.5274,1.52767,1.00,1.00
2017.04.11 13:30:02.568,1.52736,1.52763,1.00,1.35
2017.04.11 13:30:02.889,1.52734,1.52763,1.00,2.10
2017.04.11 13:30:02.998,1.52734,1.5276,1.00,1.00
2017.04.11 13:30:03.150,1.52732,1.5276,1.00,1.35
2017.04.11 13:30:04.220,1.52735,1.52761,1.00,1.00
2017.04.11 13:30:04.582,1.52731,1.52759,1.00,1.60
2017.04.11 13:30:04.633,1.52731,1.52758,1.50,1.35
2017.04.11 13:30:05.144,1.52732,1.52761,1.00,1.60
2017.04.11 13:30:05.402,1.52732,1.52762,1.00,1.35
2017.04.11 13:30:05.658,1.52734,1.52761,1.00,1.00
2017.04.11 13:30:05.759,1.52735,1.52763,1.00,2.85
2017.04.11 13:30:07.164,1.52736,1.52763,1.00,1.00
2017.04.11 13:30:08.554,1.52736,1.52762,1.00,1.00
2017.04.11 13:30:08.907,1.52736,1.52764,1.00,2.10
2017.04.11 13:30:09.109,1.52736,1.52764,1.00,1.60
2017.04.11 13:30:09.223,1.52734,1.52762,1.00,1.35
2017.04.11 13:30:11.215,1.52734,1.52764,1.00,1.35
2017.04.11 13:30:11.299,1.52737,1.52762,1.00,1.00
2017.04.11 13:30:11.400,1.52739,1.52767,1.37,1.00
2017.04.11 13:30:11.451,1.52742,1.52767,1.00,1.00
2017.04.11 13:30:11.653,1.52742,1.52769,1.00,2.10
2017.04.11 13:30:11.754,1.52738,1.52765,1.00,1.00
2017.04.11 13:30:11.805,1.52735,1.52763,1.00,1.00
2017.04.11 13:30:11.906,1.52736,1.5276,1.00,1.00
2017.04.11 13:30:11.957,1.52732,1.5276,1.00,1.35
2017.04.11 13:30:12.058,1.52729,1.52757,1.12,1.00
2017.04.11 13:30:12.483,1.52732,1.52759,1.00,1.00
2017.04.11 13:30:12.890,1.52729,1.52759,1.00,1.00
2017.04.11 13:30:13.391,1.52729,1.52759,1.00,1.60
2017.04.11 13:30:13.492,1.52729,1.5276,1.00,1.35
2017.04.11 13:30:14.282,1.52728,1.52761,1.50,1.00
2017.04.11 13:30:14.786,1.52731,1.52763,1.00,2.10
2017.04.11 13:30:15.189,1.52733,1.52763,1.00,2.10
2017.04.11 13:30:15.567,1.5273,1.52762,1.00,1.35
2017.04.11 13:30:15.668,1.52729,1.52759,1.00,1.00
2017.04.11 13:30:16.172,1.5273,1.52759,1.00,1.00
2017.04.11 13:30:16.770,1.52729,1.52759,1.50,1.00
2017.04.11 13:30:17.213,1.52729,1.52761,1.50,1.00
2017.04.11 13:30:17.729,1.5273,1.52762,1.00,1.35
2017.04.11 13:30:19.015,1.52733,1.52762,1.00,1.50
2017.04.11 13:30:19.504,1.52732,1.52759,1.00,1.00
2017.04.11 13:30:21.091,1.52731,1.52759,1.00,1.00
2017.04.11 13:30:22.095,1.5273,1.52759,1.00,1.00
2017.04.11 13:30:22.658,1.52731,1.5276,1.00,1.00
2017.04.11 13:30:23.062,1.52731,1.52758,1.00,1.00
2017.04.11 13:30:23.278,1.52729,1.52757,1.00,1.00
2017.04.11 13:30:23.379,1.52732,1.52759,1.00,1.00
2017.04.11 13:30:23.480,1.52729,1.52758,1.00,1.00
2017.04.11 13:30:23.581,1.52727,1.52755,1.00,1.00
2017.04.11 13:30:24.035,1.52737,1.52765,1.00,1.35
2017.04.11 13:30:24.287,1.52737,1.52768,1.00,1.60
2017.04.11 13:30:24.489,1.52737,1.52768,1.00,1.60
2017.04.11 13:30:25.000,1.52737,1.52767,1.00,1.60
2017.04.11 13:30:25.051,1.52731,1.52763,1.50,1.00
2017.04.11 13:30:25.203,1.52733,1.52763,1.00,1.00
2017.04.11 13:30:25.305,1.5273,1.52762,1.00,1.00
2017.04.11 13:30:25.883,1.52731,1.52762,1.00,1.35
2017.04.11 13:30:26.401,1.52731,1.52761,1.50,1.00
2017.04.11 13:30:26.813,1.52731,1.52764,1.50,1.00
2017.04.11 13:30:27.378,1.52731,1.52765,1.00,1.35
2017.04.11 13:30:27.609,1.52731,1.52765,1.00,1.60
2017.04.11 13:30:28.114,1.52732,1.52762,1.00,1.00
2017.04.11 13:30:28.971,1.52742,1.52766,1.00,1.00
2017.04.11 13:30:29.022,1.52742,1.52771,1.00,1.12
2017.04.11 13:30:29.173,1.52742,1.52776,1.00,2.10
2017.04.11 13:30:29.426,1.52743,1.52779,1.35,2.10
2017.04.11 13:30:29.677,1.52743,1.52779,1.60,1.50
2017.04.11 13:30:30.441,1.52743,1.52777,1.60,1.00
2017.04.11 13:30:30.751,1.52748,1.52776,1.00,1.00
2017.04.11 13:30:31.514,1.52745,1.52772,1.00,1.00
2017.04.11 13:30:31.699,1.52744,1.52774,1.00,1.00
2017.04.11 13:30:31.850,1.52743,1.52771,1.00,1.00
2017.04.11 13:30:32.185,1.52745,1.52772,1.00,1.00
2017.04.11 13:30:32.879,1.52745,1.52774,1.00,1.50
2017.04.11 13:30:32.930,1.52748,1.52775,1.00,1.00
2017.04.11 13:30:33.081,1.52744,1.52773,1.00,1.00
2017.04.11 13:30:33.132,1.52745,1.52776,1.00,1.00
2017.04.11 13:30:33.183,1.52748,1.52776,1.00,1.00
2017.04.11 13:30:33.234,1.52745,1.52776,1.00,1.50
2017.04.11 13:30:33.448,1.52741,1.52777,2.10,1.00
2017.04.11 13:30:33.670,1.52737,1.52771,2.25,1.35
2017.04.11 13:30:34.219,1.52736,1.5277,1.00,1.00
2017.04.11 13:30:34.611,1.52743,1.5277,1.00,1.00
2017.04.11 13:30:34.663,1.52739,1.52774,1.00,1.30
2017.04.11 13:30:34.765,1.52742,1.52772,1.00,1.00
2017.04.11 13:30:35.516,1.52745,1.52772,1.00,1.00
2017.04.11 13:30:36.083,1.52743,1.52772,1.00,1.00
2017.04.11 13:30:36.595,1.52742,1.52769,1.00,1.00
2017.04.11 13:30:36.906,1.52744,1.52771,1.00,1.00
2017.04.11 13:30:37.414,1.52743,1.52772,1.00,1.00
2017.04.11 13:30:38.007,1.52743,1.5277,1.00,1.00
2017.04.11 13:30:38.341,1.52741,1.52768,1.00,1.00
2017.04.11 13:30:39.184,1.5274,1.52768,1.00,1.00
2017.04.11 13:30:39.548,1.52742,1.52769,1.00,1.00
2017.04.11 13:30:39.764,1.5274,1.52769,1.00,1.00
2017.04.11 13:30:40.118,1.52742,1.5277,1.00,1.00
2017.04.11 13:30:40.579,1.52741,1.52768,1.00,1.00
2017.04.11 13:30:40.784,1.52729,1.52761,2.25,1.60
2017.04.11 13:30:40.936,1.52727,1.52757,1.00,1.35
2017.04.11 13:30:41.138,1.52727,1.52755,1.00,1.00
2017.04.11 13:30:41.508,1.52725,1.52751,1.00,1.00
2017.04.11 13:30:42.099,1.52724,1.52751,1.00,1.00
2017.04.11 13:30:42.652,1.52725,1.52752,1.00,1.00
2017.04.11 13:30:42.702,1.52725,1.52754,1.00,1.50
2017.04.11 13:30:43.284,1.52724,1.52753,1.00,1.00
2017.04.11 13:30:44.284,1.52726,1.52753,1.00,1.00
2017.04.11 13:30:45.947,1.52723,1.52753,1.00,2.10
2017.04.11 13:30:46.199,1.52715,1.52744,3.00,1.35
2017.04.11 13:30:46.300,1.52713,1.5274,1.00,1.00
2017.04.11 13:30:47.198,1.52712,1.52739,1.50,1.00
2017.04.11 13:30:48.156,1.52711,1.52738,1.00,1.00
2017.04.11 13:30:48.207,1.52711,1.5274,1.50,1.00
2017.04.11 13:30:48.262,1.52708,1.52731,1.00,1.00
2017.04.11 13:30:48.516,1.52703,1.5273,1.50,1.00
2017.04.11 13:30:48.819,1.52702,1.52725,1.00,1.00
2017.04.11 13:30:49.001,1.52699,1.52725,1.00,1.00
2017.04.11 13:30:49.052,1.52701,1.52728,1.00,1.00
2017.04.11 13:30:49.811,1.52701,1.5273,1.00,1.00
2017.04.11 13:30:53.032,1.52704,1.52731,1.00,1.50
2017.04.11 13:30:53.615,1.52703,1.5273,1.00,1.00
2017.04.11 13:30:53.918,1.52706,1.52732,1.00,1.00
2017.04.11 13:30:54.070,1.5271,1.5274,1.50,1.00
2017.04.11 13:30:54.171,1.52712,1.52742,1.00,2.25
2017.04.11 13:30:54.596,1.52714,1.52745,1.00,1.50
2017.04.11 13:30:55.123,1.52716,1.52743,1.00,1.00
2017.04.11 13:30:55.275,1.52712,1.52742,1.00,1.00
2017.04.11 13:30:55.376,1.52707,1.52739,1.50,1.00
2017.04.11 13:30:55.477,1.52709,1.5274,1.00,1.00
2017.04.11 13:30:55.798,1.52712,1.52741,1.00,1.00
2017.04.11 13:30:56.075,1.5271,1.52741,1.00,1.35
2017.04.11 13:30:56.435,1.52711,1.52738,1.00,1.00
2017.04.11 13:30:57.097,1.52712,1.52738,1.00,1.00
2017.04.11 13:30:57.399,1.52713,1.5274,1.00,1.00
2017.04.11 13:30:57.702,1.52714,1.52743,1.50,1.00
2017.04.11 13:30:57.753,1.52716,1.52742,1.00,1.60
2017.04.11 13:30:57.854,1.52707,1.52737,1.37,2.10
2017.04.11 13:30:57.955,1.52707,1.52735,1.00,1.35
2017.04.11 13:30:58.106,1.52702,1.52735,1.00,1.60
2017.04.11 13:30:58.295,1.52703,1.52731,1.00,1.00
2017.04.11 13:30:58.548,1.52705,1.52735,1.00,1.00
2017.04.11 13:30:58.649,1.52702,1.52736,1.60,1.00
2017.04.11 13:30:58.699,1.52705,1.52732,1.60,1.00
2017.04.11 13:30:59.202,1.52705,1.52732,1.00,1.00
2017.04.11 13:30:59.625,1.52705,1.52734,1.35,1.00
2017.04.11 13:30:59.879,1.52707,1.52734,1.00,1.00
2017.04.11 13:30:59.930,1.52705,1.52734,1.35,1.00
2017.04.11 13:31:00.081,1.52706,1.52734,1.60,1.00
2017.04.11 13:31:00.283,1.52705,1.52734,1.00,1.00
2017.04.11 13:31:00.941,1.52705,1.52732,1.00,1.00
2017.04.11 13:31:01.451,1.52706,1.52733,1.00,1.00
2017.04.11 13:31:02.510,1.52708,1.52733,1.00,1.00
2017.04.11 13:31:02.684,1.52706,1.52734,1.00,1.50
2017.04.11 13:31:03.390,1.52703,1.5273,1.00,1.00
2017.04.11 13:31:03.943,1.52702,1.52731,2.10,1.00
2017.04.11 13:31:04.477,1.52704,1.52731,1.00,1.00
2017.04.11 13:31:04.981,1.52704,1.52731,1.60,1.00
2017.04.11 13:31:05.378,1.52708,1.52735,1.00,1.00
2017.04.11 13:31:05.732,1.5271,1.52737,1.00,1.00
2017.04.11 13:31:06.137,1.52711,1.5274,1.00,1.00
2017.04.11 13:31:06.239,1.52714,1.5274,1.00,1.00
2017.04.11 13:31:06.290,1.52714,1.52743,1.00,1.00
2017.04.11 13:31:06.341,1.52716,1.52744,1.00,1.50
2017.04.11 13:31:07.232,1.52717,1.52744,1.00,1.00
2017.04.11 13:31:08.058,1.52717,1.52746,1.00,1.00
2017.04.11 13:31:08.232,1.52717,1.52746,1.60,1.00
2017.04.11 13:31:08.283,1.5272,1.52749,1.00,1.50
2017.04.11 13:31:08.333,1.52723,1.52749,1.00,1.00
2017.04.11 13:31:08.485,1.5272,1.52749,1.00,1.50
2017.04.11 13:31:09.203,1.52721,1.52749,1.00,1.00
2017.04.11 13:31:09.254,1.52725,1.52752,1.00,1.00
2017.04.11 13:31:10.676,1.52725,1.52754,1.00,1.00
2017.04.11 13:31:12.077,1.52726,1.52755,1.00,1.50
2017.04.11 13:31:13.369,1.52726,1.52751,1.00,1.00
2017.04.11 13:31:14.172,1.52726,1.52755,1.00,1.50
2017.04.11 13:31:16.167,1.52726,1.52753,1.00,1.00
2017.04.11 13:31:16.747,1.52727,1.52754,1.00,1.50
2017.04.11 13:31:19.367,1.52726,1.52753,1.00,1.00
2017.04.11 13:31:20.575,1.52725,1.52752,1.50,1.00
2017.04.11 13:31:20.834,1.52726,1.52754,1.00,1.00
2017.04.11 13:31:20.935,1.52723,1.5275,1.50,1.00
2017.04.11 13:31:21.237,1.52717,1.52744,1.00,1.60
2017.04.11 13:31:21.540,1.52707,1.52734,1.00,1.00
2017.04.11 13:31:21.591,1.52714,1.52737,1.00,1.00
2017.04.11 13:31:21.692,1.52714,1.5274,1.00,1.00
2017.04.11 13:31:21.877,1.52717,1.52744,1.00,1.00
2017.04.11 13:31:22.338,1.52715,1.52744,1.50,1.00
2017.04.11 13:31:22.389,1.52713,1.52741,1.00,1.00
2017.04.11 13:31:22.742,1.52716,1.52742,1.00,1.00
2017.04.11 13:31:23.008,1.52719,1.52746,1.00,1.00
2017.04.11 13:31:23.413,1.5272,1.52748,1.00,1.00
2017.04.11 13:31:23.913,1.5272,1.5275,1.00,1.00
2017.04.11 13:31:24.117,1.52724,1.5275,1.00,1.00
2017.04.11 13:31:24.622,1.52724,1.52751,1.00,1.00
2017.04.11 13:31:24.774,1.52725,1.52755,1.00,1.00
2017.04.11 13:31:25.495,1.52728,1.52755,1.00,1.00
2017.04.11 13:31:25.803,1.52725,1.52752,1.00,1.00
2017.04.11 13:31:26.972,1.52728,1.52754,1.00,1.00
2017.04.11 13:31:27.275,1.52726,1.52753,1.00,1.00
2017.04.11 13:31:27.377,1.52724,1.52752,1.00,1.00
2017.04.11 13:31:27.906,1.52724,1.52751,1.00,1.00
2017.04.11 13:31:28.453,1.52722,1.52751,1.00,1.50
2017.04.11 13:31:28.554,1.52722,1.52749,1.00,1.00
2017.04.11 13:31:30.135,1.52723,1.5275,1.00,1.00
2017.04.11 13:31:30.438,1.5272,1.52747,1.00,1.00
2017.04.11 13:31:30.804,1.52722,1.52749,1.00,1.00
2017.04.11 13:31:31.622,1.52721,1.52749,1.00,1.00
2017.04.11 13:31:31.925,1.52723,1.5275,1.00,1.00
2017.04.11 13:31:33.377,1.52724,1.52751,1.00,1.00
2017.04.11 13:31:33.819,1.5272,1.52747,1.00,1.35
2017.04.11 13:31:34.122,1.52717,1.52744,1.00,1.00
2017.04.11 13:31:34.340,1.52715,1.52744,1.00,1.00
2017.04.11 13:31:34.642,1.52718,1.52745,1.00,1.00
2017.04.11 13:31:35.345,1.52715,1.52744,1.00,1.00
2017.04.11 13:31:35.447,1.52715,1.52742,1.00,1.50
2017.04.11 13:31:35.750,1.52711,1.52736,1.00,1.00
2017.04.11 13:31:36.336,1.5271,1.52736,1.00,1.00
2017.04.11 13:31:36.488,1.52708,1.52737,1.00,1.50
2017.04.11 13:31:36.995,1.52709,1.52736,1.00,1.00
2017.04.11 13:31:39.284,1.52707,1.52736,1.50,1.35
2017.04.11 13:31:39.335,1.52705,1.52734,1.00,1.00
2017.04.11 13:31:39.840,1.52706,1.52734,1.00,1.00
2017.04.11 13:31:40.345,1.52708,1.52737,1.00,1.00
2017.04.11 13:31:40.750,1.52708,1.52735,1.00,1.00
2017.04.11 13:31:40.800,1.52706,1.52735,1.00,2.10
2017.04.11 13:31:40.952,1.52704,1.52732,1.00,1.00
2017.04.11 13:31:41.153,1.527,1.5273,1.00,1.00
2017.04.11 13:31:41.254,1.52699,1.52728,1.50,1.00
2017.04.11 13:31:41.596,1.52699,1.52726,1.00,1.00
2017.04.11 13:31:41.999,1.52702,1.52726,1.00,1.00
2017.04.11 13:31:42.151,1.52704,1.52732,1.00,1.00
2017.04.11 13:31:42.252,1.52704,1.52735,1.50,1.50
2017.04.11 13:31:43.215,1.52706,1.52735,1.00,1.00
2017.04.11 13:31:43.518,1.52704,1.52732,1.00,1.00
2017.04.11 13:31:43.737,1.527,1.52729,1.00,1.00
2017.04.11 13:31:43.838,1.52701,1.52731,1.00,1.00
2017.04.11 13:31:44.350,1.52702,1.5273,1.00,1.00
2017.04.11 13:31:44.677,1.52705,1.52733,1.00,1.60
2017.04.11 13:31:44.728,1.52702,1.52732,1.00,1.00
2017.04.11 13:31:44.929,1.52702,1.52729,1.00,1.00
2017.04.11 13:31:45.741,1.52703,1.52731,1.00,1.00
2017.04.11 13:31:45.791,1.52705,1.52732,1.00,1.50
2017.04.11 13:31:46.742,1.52704,1.52731,1.00,1.00
2017.04.11 13:31:49.038,1.52706,1.52733,1.00,1.00
2017.04.11 13:31:49.565,1.52707,1.52734,1.00,1.00
2017.04.11 13:31:49.717,1.52709,1.52737,1.00,1.00
2017.04.11 13:31:49.969,1.52711,1.52739,1.00,1.00
2017.04.11 13:31:50.273,1.52723,1.52745,1.00,1.00
2017.04.11 13:31:50.374,1.52726,1.52749,1.00,1.12
2017.04.11 13:31:50.721,1.52726,1.52754,1.00,1.35
2017.04.11 13:31:51.377,1.52727,1.52754,1.00,1.00
2017.04.11 13:31:53.139,1.52725,1.52754,1.00,1.00
2017.04.11 13:31:53.291,1.52728,1.52756,1.00,1.35
2017.04.11 13:31:53.621,1.52737,1.52763,1.50,1.00
2017.04.11 13:31:53.722,1.52737,1.52767,1.50,1.00
2017.04.11 13:31:54.327,1.52737,1.52764,1.00,1.00
2017.04.11 13:31:54.570,1.52742,1.52773,1.00,1.00
2017.04.11 13:31:54.968,1.5274,1.52771,1.00,1.00
2017.04.11 13:31:55.272,1.52743,1.52773,1.00,1.50
2017.04.11 13:31:56.009,1.52743,1.5277,1.00,1.00
2017.04.11 13:31:56.160,1.52741,1.5277,1.00,1.00
2017.04.11 13:31:56.211,1.52741,1.52768,1.00,1.00
2017.04.11 13:31:56.262,1.52737,1.52768,1.50,1.00
2017.04.11 13:31:56.363,1.5274,1.52769,1.00,1.00
2017.04.11 13:31:56.917,1.52742,1.52772,1.00,1.00
2017.04.11 13:31:57.247,1.52746,1.52776,1.00,3.60
2017.04.11 13:31:57.550,1.52748,1.52776,1.00,1.35
2017.04.11 13:31:57.651,1.52743,1.52776,1.00,2.10
2017.04.11 13:31:57.753,1.52743,1.52772,1.00,1.00
2017.04.11 13:31:57.855,1.52741,1.52772,1.00,1.00
2017.04.11 13:31:57.906,1.52741,1.52771,1.00,1.60
2017.04.11 13:31:57.958,1.52739,1.52769,1.00,1.60
2017.04.11 13:31:58.059,1.52737,1.52771,1.00,2.10
2017.04.11 13:31:58.582,1.52736,1.52769,1.00,1.60
2017.04.11 13:31:58.835,1.52736,1.5277,1.00,2.10
2017.04.11 13:31:58.986,1.52738,1.52772,1.00,1.60
2017.04.11 13:31:59.291,1.52743,1.52775,1.50,1.35
2017.04.11 13:31:59.769,1.52746,1.52777,1.00,2.10
2017.04.11 13:32:00.076,1.52746,1.52777,1.00,2.10
2017.04.11 13:32:00.177,1.52744,1.52776,1.00,1.60
2017.04.11 13:32:00.681,1.52746,1.52776,1.00,1.60
2017.04.11 13:32:03.517,1.52746,1.52776,1.00,2.10
2017.04.11 13:32:04.259,1.52741,1.52776,1.00,1.60
2017.04.11 13:32:04.763,1.52742,1.52774,1.00,1.60
2017.04.11 13:32:05.496,1.52749,1.52778,1.00,1.60
2017.04.11 13:32:05.546,1.52749,1.5278,1.00,1.60
2017.04.11 13:32:05.597,1.52749,1.52781,1.00,1.60
2017.04.11 13:32:05.699,1.5275,1.52783,1.00,2.10
2017.04.11 13:32:05.750,1.5275,1.52783,1.00,1.60
2017.04.11 13:32:05.852,1.5275,1.52783,1.00,1.60
2017.04.11 13:32:06.005,1.52749,1.52783,1.00,1.60
2017.04.11 13:32:06.328,1.52751,1.52783,1.00,1.60
2017.04.11 13:32:06.379,1.52751,1.52783,1.00,1.60
2017.04.11 13:32:06.480,1.52749,1.52783,1.00,1.60
2017.04.11 13:32:06.892,1.52749,1.52784,1.37,1.60
2017.04.11 13:32:07.195,1.52749,1.52784,1.37,1.60
2017.04.11 13:32:07.872,1.52749,1.52783,1.00,1.60
2017.04.11 13:32:08.377,1.52746,1.52783,2.25,2.10
2017.04.11 13:32:08.679,1.52748,1.5278,1.50,1.00
2017.04.11 13:32:08.730,1.52748,1.5278,1.00,1.00
2017.04.11 13:32:09.181,1.52745,1.52781,1.00,1.35
2017.04.11 13:32:09.333,1.52749,1.52782,1.00,1.60
2017.04.11 13:32:09.484,1.52751,1.52784,1.00,1.60
2017.04.11 13:32:09.757,1.52754,1.52784,1.00,1.35
2017.04.11 13:32:09.807,1.52754,1.52786,1.00,2.85
2017.04.11 13:32:10.355,1.52754,1.52786,1.00,2.10
2017.04.11 13:32:10.867,1.52754,1.52787,1.00,2.10
2017.04.11 13:32:11.223,1.52754,1.52787,1.00,1.60
2017.04.11 13:32:11.274,1.52756,1.52787,1.00,1.35
2017.04.11 13:32:11.375,1.52755,1.52786,1.00,1.60
2017.04.11 13:32:11.895,1.52754,1.52785,1.00,1.35
2017.04.11 13:32:11.996,1.52752,1.52785,1.00,1.35
2017.04.11 13:32:12.046,1.52752,1.52785,1.00,1.60
2017.04.11 13:32:12.097,1.52752,1.52785,1.00,1.35
2017.04.11 13:32:12.249,1.52752,1.52785,1.00,1.60
2017.04.11 13:32:12.358,1.52749,1.52783,1.50,1.60
2017.04.11 13:32:12.610,1.52746,1.52781,1.50,1.35
2017.04.11 13:32:12.762,1.52746,1.52781,1.00,1.60
2017.04.11 13:32:13.268,1.52746,1.5278,1.00,1.35
2017.04.11 13:32:14.001,1.52746,1.5278,1.00,1.60
2017.04.11 13:32:14.585,1.52746,1.5278,1.00,1.00
2017.04.11 13:32:14.907,1.52749,1.52779,1.00,1.35
2017.04.11 13:32:15.978,1.52749,1.52779,1.00,2.10
2017.04.11 13:32:16.673,1.52749,1.52779,1.00,1.35
2017.04.11 13:32:17.189,1.5275,1.5278,1.00,1.35
2017.04.11 13:32:18.614,1.52749,1.52777,1.00,1.00
2017.04.11 13:32:18.970,1.52752,1.52778,1.00,1.00
2017.04.11 13:32:19.273,1.52755,1.52782,1.00,1.00
2017.04.11 13:32:19.324,1.52753,1.52781,1.00,1.00
2017.04.11 13:32:19.727,1.52753,1.52783,1.00,1.35
2017.04.11 13:32:20.240,1.52753,1.52784,1.00,1.60
2017.04.11 13:32:20.291,1.52751,1.52784,1.00,2.10
2017.04.11 13:32:20.342,1.52751,1.52784,1.00,2.10
2017.04.11 13:32:20.801,1.52751,1.52784,1.00,2.10
2017.04.11 13:32:21.535,1.52751,1.52784,1.00,2.10
2017.04.11 13:32:22.040,1.52751,1.52784,1.00,2.10
2017.04.11 13:32:22.544,1.52751,1.52784,1.00,2.10
2017.04.11 13:32:23.052,1.5275,1.52782,1.00,2.10
2017.04.11 13:32:23.506,1.52748,1.52779,1.00,1.00
2017.04.11 13:32:24.026,1.52748,1.52779,1.00,1.60
2017.04.11 13:32:24.197,1.52748,1.52779,1.00,1.35
2017.04.11 13:32:24.248,1.5275,1.52779,1.00,1.00
2017.04.11 13:32:24.763,1.52751,1.5278,1.00,1.00
2017.04.11 13:32:25.270,1.5275,1.52781,1.00,1.60
2017.04.11 13:32:25.782,1.52749,1.52781,1.00,1.00
2017.04.11 13:32:26.286,1.5275,1.52783,1.00,1.60
2017.04.11 13:32:26.589,1.52749,1.5278,1.50,1.35
2017.04.11 13:32:27.284,1.52751,1.52782,1.00,1.35
2017.04.11 13:32:27.586,1.52749,1.52781,1.00,1.00
2017.04.11 13:32:27.939,1.5275,1.52783,1.00,1.35
2017.04.11 13:32:27.990,1.52749,1.5278,1.50,1.00
2017.04.11 13:32:28.422,1.52751,1.52782,1.00,1.35
2017.04.11 13:32:28.977,1.52752,1.52782,1.00,1.00
2017.04.11 13:32:29.481,1.52752,1.52784,1.50,1.60
2017.04.11 13:32:30.206,1.52761,1.52783,1.00,1.00
2017.04.11 13:32:30.307,1.52762,1.52788,1.00,1.00
2017.04.11 13:32:30.358,1.52762,1.52788,1.75,1.00
2017.04.11 13:32:30.409,1.52762,1.52794,1.75,1.60
2017.04.11 13:32:30.510,1.52764,1.52796,1.12,3.60
2017.04.11 13:32:31.021,1.52765,1.52796,1.00,2.10
2017.04.11 13:32:31.077,1.52767,1.52796,1.00,1.60
2017.04.11 13:32:31.400,1.52765,1.52795,1.50,2.10
2017.04.11 13:32:31.854,1.52766,1.52796,1.00,1.60
2017.04.11 13:32:31.978,1.52764,1.52794,1.00,1.60
2017.04.11 13:32:32.790,1.52766,1.52795,1.00,1.60
2017.04.11 13:32:32.841,1.52766,1.52796,1.00,1.60
2017.04.11 13:32:33.195,1.52768,1.52796,1.00,1.60
2017.04.11 13:32:33.548,1.52768,1.52799,1.00,1.60
2017.04.11 13:32:33.951,1.52769,1.52799,1.00,1.00
2017.04.11 13:32:34.301,1.52768,1.52798,1.00,1.60
2017.04.11 13:32:35.045,1.52768,1.52798,1.00,1.00
2017.04.11 13:32:37.169,1.5277,1.52798,1.00,1.00
2017.04.11 13:32:39.641,1.52771,1.52798,1.00,1.50
2017.04.11 13:32:40.021,1.52769,1.52797,1.00,1.00
2017.04.11 13:32:42.774,1.52772,1.52798,1.00,1.35
2017.04.11 13:32:43.353,1.52773,1.52798,1.00,1.00
2017.04.11 13:32:45.420,1.52773,1.52797,1.00,1.00
2017.04.11 13:32:46.250,1.52771,1.52797,1.00,1.00
2017.04.11 13:32:46.771,1.52771,1.52798,1.00,1.00
2017.04.11 13:32:47.509,1.52769,1.52798,1.00,1.50
2017.04.11 13:32:47.711,1.52768,1.52796,1.50,1.00
2017.04.11 13:32:47.813,1.52766,1.52796,1.00,1.00
2017.04.11 13:32:49.230,1.52767,1.52794,1.00,1.00
2017.04.11 13:32:49.331,1.52763,1.52792,1.50,1.00
2017.04.11 13:32:50.314,1.52763,1.52793,1.50,1.50
2017.04.11 13:32:52.578,1.52763,1.52791,1.00,1.35
2017.04.11 13:32:52.881,1.52759,1.52787,1.00,1.00
2017.04.11 13:32:53.411,1.52762,1.52787,1.00,1.00
2017.04.11 13:32:53.860,1.52764,1.52791,1.00,1.60
2017.04.11 13:32:54.416,1.52766,1.5279,1.00,1.00
2017.04.11 13:32:54.722,1.52766,1.52792,1.17,1.00
2017.04.11 13:32:54.773,1.52766,1.52792,1.00,1.00
2017.04.11 13:32:55.132,1.52766,1.52792,1.17,1.00
2017.04.11 13:32:55.663,1.52767,1.52792,1.00,1.00
2017.04.11 13:32:56.242,1.52767,1.52792,1.07,1.00
2017.04.11 13:32:57.363,1.52764,1.52792,1.00,1.00
2017.04.11 13:32:57.414,1.52763,1.52789,1.00,1.00
2017.04.11 13:32:57.616,1.52761,1.52789,1.00,1.50
2017.04.11 13:32:58.158,1.52761,1.52788,1.00,1.50
2017.04.11 13:32:59.420,1.5276,1.52788,1.00,1.50
2017.04.11 13:32:59.849,1.52758,1.52786,1.00,1.00
2017.04.11 13:33:00.358,1.52761,1.52788,1.15,2.10
2017.04.11 13:33:00.559,1.52761,1.52788,1.00,2.10
2017.04.11 13:33:01.077,1.52761,1.52788,1.07,2.10
2017.04.11 13:33:01.610,1.52761,1.52788,1.10,1.50
2017.04.11 13:33:02.631,1.52761,1.52788,1.07,1.50
2017.04.11 13:33:03.179,1.52761,1.52788,1.17,1.50
2017.04.11 13:33:03.653,1.52757,1.52786,1.00,1.35
2017.04.11 13:33:03.957,1.52756,1.52783,1.00,1.00
2017.04.11 13:33:04.214,1.52757,1.52786,1.50,1.00
2017.04.11 13:33:04.909,1.5276,1.52786,1.00,1.50
2017.04.11 13:33:05.014,1.52758,1.52786,1.00,1.50
2017.04.11 13:33:06.414,1.52759,1.52786,1.00,1.50
2017.04.11 13:33:07.799,1.52756,1.52782,1.00,1.00
2017.04.11 13:33:08.078,1.52746,1.52773,1.00,1.00
2017.04.11 13:33:08.180,1.52744,1.52773,1.50,1.00
2017.04.11 13:33:08.687,1.52744,1.52772,1.00,1.00
2017.04.11 13:33:08.838,1.52742,1.5277,1.00,1.00
2017.04.11 13:33:09.359,1.52742,1.52768,1.00,1.00
2017.04.11 13:33:09.865,1.52741,1.52767,1.00,1.00
2017.04.11 13:33:10.067,1.52741,1.52769,1.00,1.00
2017.04.11 13:33:12.437,1.52743,1.52769,1.00,1.00
2017.04.11 13:33:12.964,1.52743,1.5277,1.00,1.00
2017.04.11 13:33:13.498,1.52742,1.52769,1.00,1.00
2017.04.11 13:33:14.668,1.52744,1.52771,1.00,1.50
2017.04.11 13:33:15.130,1.52748,1.52771,1.00,1.00
2017.04.11 13:33:15.559,1.52748,1.52774,1.00,1.00
2017.04.11 13:33:16.144,1.52747,1.52774,1.00,1.00
2017.04.11 13:33:17.336,1.52747,1.52773,1.00,1.00
2017.04.11 13:33:17.820,1.52744,1.52771,1.00,1.00
2017.04.11 13:33:17.921,1.52742,1.52769,1.00,1.00
2017.04.11 13:33:20.985,1.52738,1.52767,1.00,1.35
2017.04.11 13:33:21.036,1.52738,1.52765,1.00,1.00
2017.04.11 13:33:21.542,1.52738,1.52764,1.00,1.00
2017.04.11 13:33:22.046,1.52739,1.52764,1.00,1.00
2017.04.11 13:33:23.141,1.52738,1.52762,1.00,1.00
2017.04.11 13:33:23.550,1.52736,1.52762,1.00,1.50
2017.04.11 13:33:23.807,1.52737,1.52764,1.00,1.00
2017.04.11 13:33:25.193,1.52736,1.52764,1.00,1.60
2017.04.11 13:33:25.244,1.52736,1.52761,1.00,1.00
2017.04.11 13:33:25.345,1.52736,1.52764,1.00,1.00
2017.04.11 13:33:25.446,1.52738,1.52766,1.00,1.50
2017.04.11 13:33:25.749,1.5274,1.52768,1.00,1.00
2017.04.11 13:33:26.372,1.52743,1.5277,1.00,1.00
2017.04.11 13:33:27.983,1.52743,1.52771,1.00,1.00
2017.04.11 13:33:28.369,1.52748,1.52773,1.00,1.00
2017.04.11 13:33:28.898,1.52746,1.52775,1.00,1.00
2017.04.11 13:33:28.949,1.52744,1.52772,1.00,1.00
2017.04.11 13:33:29.252,1.52742,1.52769,1.00,1.00
2017.04.11 13:33:29.454,1.52746,1.52775,1.00,2.10
2017.04.11 13:33:29.505,1.52744,1.52772,1.00,1.00
2017.04.11 13:33:29.953,1.52741,1.52768,1.00,1.00
2017.04.11 13:33:31.281,1.52742,1.52769,1.00,1.00
2017.04.11 13:33:32.083,1.52741,1.52768,1.00,1.00
2017.04.11 13:33:32.732,1.52743,1.5277,1.00,1.00
2017.04.11 13:33:33.748,1.52741,1.5277,1.00,1.00
2017.04.11 13:33:34.870,1.52743,1.5277,1.00,1.00
2017.04.11 13:33:35.416,1.52743,1.52769,1.00,1.00
2017.04.11 13:33:35.954,1.52743,1.52768,1.00,1.00
2017.04.11 13:33:36.387,1.52743,1.52766,1.00,1.00
2017.04.11 13:33:36.544,1.52743,1.52769,1.00,1.50
2017.04.11 13:33:37.045,1.52742,1.52769,1.00,1.50
2017.04.11 13:33:37.353,1.52741,1.52767,1.00,1.00
2017.04.11 13:33:37.690,1.52741,1.52765,1.00,1.00
2017.04.11 13:33:38.047,1.52741,1.52767,1.00,1.00
2017.04.11 13:33:38.376,1.52738,1.52765,1.00,1.00
2017.04.11 13:33:39.253,1.52738,1.52765,1.00,1.60
2017.04.11 13:33:39.304,1.52735,1.52764,1.00,1.00
2017.04.11 13:33:39.556,1.52738,1.52763,1.00,1.00
2017.04.11 13:33:39.657,1.52738,1.52765,1.00,1.00
2017.04.11 13:33:40.215,1.52737,1.52765,1.00,1.00
2017.04.11 13:33:40.731,1.52736,1.52765,1.00,1.00
2017.04.11 13:33:41.035,1.52736,1.52765,1.00,2.10
2017.04.11 13:33:41.136,1.52736,1.52765,1.00,2.10
2017.04.11 13:33:42.437,1.5274,1.52765,1.00,1.00
2017.04.11 13:33:42.539,1.52738,1.52766,1.00,1.50
2017.04.11 13:33:43.418,1.52738,1.52768,1.00,1.50
2017.04.11 13:33:43.620,1.52742,1.5277,1.00,1.50
2017.04.11 13:33:46.794,1.52742,1.52768,1.00,1.00
2017.04.11 13:33:46.895,1.5274,1.52768,1.50,1.00
2017.04.11 13:33:47.047,1.52742,1.5277,1.00,1.00
2017.04.11 13:33:49.931,1.52741,1.52769,1.50,1.00
2017.04.11 13:33:50.869,1.52742,1.52769,1.00,1.00
2017.04.11 13:33:51.078,1.52742,1.52771,1.00,1.00
2017.04.11 13:33:53.188,1.52742,1.52764,1.00,1.00
2017.04.11 13:33:53.289,1.52736,1.52759,1.00,1.00
2017.04.11 13:33:53.340,1.52736,1.52758,1.00,1.60
2017.04.11 13:33:53.441,1.52728,1.52758,1.50,2.10
2017.04.11 13:33:53.492,1.52728,1.52756,1.00,1.00
2017.04.11 13:33:53.795,1.52728,1.52753,1.00,1.00
2017.04.11 13:33:53.897,1.52725,1.52754,1.50,1.00
2017.04.11 13:33:54.675,1.52726,1.52755,1.00,1.00
2017.04.11 13:33:55.758,1.52731,1.52758,1.00,1.00
2017.04.11 13:33:55.809,1.52731,1.52761,1.00,1.00
2017.04.11 13:33:56.326,1.52731,1.52762,1.50,1.35
2017.04.11 13:33:56.831,1.52734,1.52763,1.00,1.50
2017.04.11 13:33:57.437,1.52734,1.52765,1.00,1.00
2017.04.11 13:33:57.639,1.52737,1.52765,1.00,1.00
2017.04.11 13:33:57.790,1.52741,1.52771,1.00,1.50
2017.04.11 13:33:57.892,1.52741,1.52769,1.00,1.00
2017.04.11 13:33:58.095,1.52741,1.52771,1.00,1.00
2017.04.11 13:33:58.145,1.52744,1.52774,1.00,1.00
2017.04.11 13:33:58.667,1.52744,1.52775,1.00,1.00
2017.04.11 13:33:59.467,1.52744,1.52774,1.00,1.00
2017.04.11 13:34:00.016,1.52744,1.52773,1.00,1.00
2017.04.11 13:34:00.117,1.52742,1.52772,1.00,1.00
2017.04.11 13:34:00.284,1.5274,1.52769,1.00,1.00
2017.04.11 13:34:00.502,1.52741,1.52772,1.00,1.00
2017.04.11 13:34:01.014,1.52741,1.52771,1.00,1.00
2017.04.11 13:34:01.592,1.52741,1.52772,1.00,1.50
2017.04.11 13:34:03.913,1.52741,1.52772,1.00,1.60
2017.04.11 13:34:04.218,1.52736,1.52767,1.00,1.60
2017.04.11 13:34:04.435,1.52733,1.52764,1.00,1.00
2017.04.11 13:34:05.607,1.52731,1.52762,1.00,1.00
2017.04.11 13:34:06.445,1.52733,1.52764,1.00,2.10
2017.04.11 13:34:06.774,1.52736,1.52765,1.00,1.00
2017.04.11 13:34:07.502,1.52739,1.52768,1.00,1.60
2017.04.11 13:34:07.860,1.52736,1.52767,1.00,1.00
2017.04.11 13:34:08.539,1.52735,1.52764,1.00,1.50
2017.04.11 13:34:08.900,1.52735,1.52766,1.00,1.50
2017.04.11 13:34:10.030,1.52735,1.52765,1.00,1.00
2017.04.11 13:34:10.234,1.52734,1.52762,1.00,1.00
2017.04.11 13:34:10.285,1.52732,1.52762,1.00,1.00
2017.04.11 13:34:10.818,1.52733,1.52762,1.00,1.00
2017.04.11 13:34:11.356,1.52732,1.52762,1.00,1.00
2017.04.11 13:34:13.065,1.52732,1.52762,1.17,1.00
2017.04.11 13:34:13.366,1.52735,1.52764,1.20,1.00
2017.04.11 13:34:13.467,1.52735,1.52764,1.17,1.50
2017.04.11 13:34:13.568,1.52735,1.52764,1.00,1.00
2017.04.11 13:34:13.787,1.52737,1.52768,1.00,1.00
2017.04.11 13:34:14.020,1.52737,1.52768,1.15,1.00
2017.04.11 13:34:14.147,1.52737,1.52768,1.00,1.00
2017.04.11 13:34:14.248,1.52735,1.52766,1.00,1.00
2017.04.11 13:34:15.058,1.52735,1.52766,1.15,1.00
2017.04.11 13:34:15.313,1.52735,1.52766,1.00,1.00
2017.04.11 13:34:19.620,1.52732,1.52764,1.00,1.00
2017.04.11 13:34:20.155,1.52731,1.52763,1.12,1.00
2017.04.11 13:34:20.649,1.52733,1.52763,1.00,1.35
2017.04.11 13:34:21.263,1.52732,1.52761,1.00,1.00
2017.04.11 13:34:21.314,1.5273,1.52761,1.00,1.00
2017.04.11 13:34:22.299,1.5273,1.52759,1.00,1.00
2017.04.11 13:34:23.276,1.52729,1.52758,1.00,1.00
2017.04.11 13:34:23.849,1.52727,1.52756,1.00,1.00
2017.04.11 13:34:24.408,1.52728,1.52756,1.00,1.00
2017.04.11 13:34:24.742,1.5273,1.52759,1.65,1.00
2017.04.11 13:34:25.056,1.5273,1.52759,1.00,1.00
2017.04.11 13:34:27.289,1.5273,1.52761,1.00,1.00
2017.04.11 13:34:29.028,1.52729,1.5276,1.00,1.00
2017.04.11 13:34:30.229,1.52733,1.52762,1.35,1.00
2017.04.11 13:34:30.531,1.52738,1.52767,1.00,1.00
2017.04.11 13:34:31.750,1.52737,1.52767,1.00,1.00
2017.04.11 13:34:32.053,1.52739,1.52769,1.00,1.00
2017.04.11 13:34:32.356,1.52742,1.5277,1.00,1.00
2017.04.11 13:34:32.822,1.52743,1.52772,1.00,1.35
2017.04.11 13:34:33.029,1.5274,1.52773,1.00,1.35
2017.04.11 13:34:33.130,1.52745,1.52774,1.00,1.00
2017.04.11 13:34:33.181,1.52742,1.52773,1.00,1.00
2017.04.11 13:34:33.735,1.52744,1.52774,1.00,1.00
2017.04.11 13:34:34.038,1.52742,1.5277,1.00,1.00
2017.04.11 13:34:34.570,1.52741,1.52769,1.00,1.00
2017.04.11 13:34:35.179,1.52739,1.5277,1.50,1.00
2017.04.11 13:34:36.169,1.52739,1.52768,1.00,1.00
2017.04.11 13:34:36.270,1.52737,1.52767,1.00,1.00
2017.04.11 13:34:36.371,1.52739,1.52767,1.00,1.00
2017.04.11 13:34:36.423,1.52738,1.52771,1.00,1.00
2017.04.11 13:34:36.474,1.5274,1.52767,1.00,1.00
2017.04.11 13:34:36.525,1.52741,1.52771,1.00,1.50
2017.04.11 13:34:36.778,1.52744,1.52773,1.00,1.00
2017.04.11 13:34:37.872,1.52747,1.52775,1.00,1.00
2017.04.11 13:34:38.074,1.52749,1.52779,1.00,1.00
2017.04.11 13:34:38.407,1.52751,1.52781,1.00,2.10
2017.04.11 13:34:38.710,1.52748,1.52777,1.00,2.10
2017.04.11 13:34:39.214,1.52748,1.52777,1.00,2.85
2017.04.11 13:34:39.781,1.52749,1.52777,1.00,2.85
2017.04.11 13:34:40.098,1.52746,1.52776,1.00,1.60
2017.04.11 13:34:40.452,1.52749,1.52778,1.50,1.00
2017.04.11 13:34:40.503,1.52752,1.52779,1.00,1.00
2017.04.11 13:34:40.807,1.52754,1.52781,1.00,1.00
2017.04.11 13:34:41.150,1.5275,1.52777,1.00,1.00
2017.04.11 13:34:41.735,1.52748,1.52777,1.00,1.00
2017.04.11 13:34:42.099,1.52748,1.52775,1.50,1.00
2017.04.11 13:34:42.149,1.5275,1.5278,1.00,1.00
2017.04.11 13:34:42.200,1.52754,1.52781,1.00,1.00
2017.04.11 13:34:42.579,1.52749,1.52778,1.50,1.00
2017.04.11 13:34:44.110,1.52748,1.52778,1.00,1.00
2017.04.11 13:34:44.461,1.52748,1.52776,1.00,1.00
2017.04.11 13:34:45.034,1.5275,1.52776,1.00,1.00
2017.04.11 13:34:45.488,1.52747,1.52775,1.00,1.00
2017.04.11 13:34:46.566,1.52748,1.52775,1.00,1.00
2017.04.11 13:34:47.107,1.52747,1.52775,1.00,1.00
2017.04.11 13:34:49.024,1.5275,1.52777,1.00,1.00
2017.04.11 13:34:49.226,1.52751,1.5278,1.00,1.50
2017.04.11 13:34:49.481,1.52751,1.52776,1.00,1.00
2017.04.11 13:34:49.642,1.52751,1.5278,1.00,1.00
2017.04.11 13:34:49.693,1.52749,1.52778,1.00,1.00
2017.04.11 13:34:50.017,1.52753,1.5278,1.00,1.00
2017.04.11 13:34:50.570,1.52749,1.52779,1.00,1.00
2017.04.11 13:34:50.722,1.52749,1.52777,1.00,1.00
2017.04.11 13:34:51.040,1.52749,1.52777,1.15,1.00
2017.04.11 13:34:51.761,1.52752,1.52779,1.17,1.00
2017.04.11 13:34:53.215,1.52752,1.52779,1.00,1.00
2017.04.11 13:34:53.965,1.52755,1.52782,1.00,1.00
2017.04.11 13:34:55.222,1.52746,1.52775,1.00,1.60
2017.04.11 13:34:55.272,1.52744,1.52772,1.50,1.60
2017.04.11 13:34:55.323,1.52744,1.52764,1.12,1.00
2017.04.11 13:34:55.374,1.52737,1.52764,1.45,1.00
2017.04.11 13:34:55.475,1.52739,1.52768,1.45,1.35
2017.04.11 13:34:55.728,1.52739,1.52768,1.12,1.35
2017.04.11 13:34:55.778,1.52739,1.52768,1.50,1.35
2017.04.11 13:34:55.954,1.52739,1.52768,1.00,1.35
2017.04.11 13:34:56.257,1.52745,1.52772,1.00,1.00
2017.04.11 13:34:58.147,1.52743,1.5277,1.00,1.00
2017.04.11 13:34:58.298,1.52741,1.5277,1.00,1.00
2017.04.11 13:34:58.551,1.52744,1.52774,1.12,1.00
2017.04.11 13:35:00.215,1.52747,1.52776,1.00,1.60
2017.04.11 13:35:00.861,1.52746,1.52775,1.00,1.35
2017.04.11 13:35:01.411,1.52745,1.52775,1.00,1.35
2017.04.11 13:35:02.192,1.52747,1.52774,1.00,1.00
2017.04.11 13:35:02.497,1.52742,1.52768,1.00,1.00
2017.04.11 13:35:03.039,1.52741,1.52768,1.00,1.00
2017.04.11 13:35:03.457,1.52739,1.52767,1.87,1.00
2017.04.11 13:35:03.609,1.52739,1.52769,1.37,1.00
2017.04.11 13:35:04.391,1.52739,1.52769,1.12,1.00
2017.04.11 13:35:04.759,1.52741,1.5277,1.00,1.00
2017.04.11 13:35:05.062,1.52743,1.52772,1.00,1.00
2017.04.11 13:35:05.595,1.52746,1.52772,1.00,1.00
2017.04.11 13:35:06.857,1.52745,1.52774,1.00,1.00
2017.04.11 13:35:07.305,1.52748,1.52774,1.00,1.00
2017.04.11 13:35:07.670,1.52746,1.52774,1.00,1.00
2017.04.11 13:35:08.300,1.52747,1.52774,1.00,1.00
2017.04.11 13:35:08.608,1.52751,1.52778,1.50,1.00
2017.04.11 13:35:09.112,1.5275,1.52777,1.00,1.50
2017.04.11 13:35:09.431,1.52745,1.52772,1.00,1.00
2017.04.11 13:35:09.767,1.52743,1.5277,1.00,1.00
2017.04.11 13:35:09.924,1.52744,1.52773,1.00,1.00
2017.04.11 13:35:10.599,1.52744,1.52771,1.00,1.00
2017.04.11 13:35:11.474,1.52741,1.52768,1.50,1.00
2017.04.11 13:35:11.626,1.52743,1.52772,1.00,1.00
2017.04.11 13:35:11.677,1.52738,1.52765,1.00,1.00
2017.04.11 13:35:11.930,1.52735,1.52763,1.00,1.00
2017.04.11 13:35:12.459,1.52734,1.52763,1.00,1.00
2017.04.11 13:35:12.510,1.52732,1.52763,1.50,1.00
2017.04.11 13:35:13.226,1.52733,1.52763,1.50,1.00
2017.04.11 13:35:13.443,1.52735,1.5276,1.00,1.00
2017.04.11 13:35:13.494,1.52733,1.5276,1.00,1.00
2017.04.11 13:35:13.718,1.52731,1.5276,1.50,1.00
2017.04.11 13:35:14.008,1.52734,1.5276,1.00,1.00
2017.04.11 13:35:14.550,1.52733,1.5276,1.00,1.00
2017.04.11 13:35:15.011,1.52729,1.52758,1.50,1.00
2017.04.11 13:35:15.112,1.52731,1.52758,1.00,1.00
2017.04.11 13:35:15.316,1.52729,1.52758,1.50,1.00
2017.04.11 13:35:16.709,1.5273,1.52758,1.00,1.00
2017.04.11 13:35:17.288,1.52731,1.52758,1.00,1.00
2017.04.11 13:35:19.109,1.5273,1.52756,1.00,1.00
2017.04.11 13:35:19.412,1.52729,1.52753,1.00,1.00
2017.04.11 13:35:19.463,1.52729,1.52755,1.00,1.00
2017.04.11 13:35:19.991,1.52728,1.52755,1.00,1.00
2017.04.11 13:35:20.092,1.52729,1.52757,1.00,1.00
2017.04.11 13:35:20.452,1.52732,1.52759,1.17,1.00
2017.04.11 13:35:20.521,1.52732,1.52759,1.00,1.00
2017.04.11 13:35:20.825,1.52732,1.52759,1.17,1.00
2017.04.11 13:35:21.027,1.52732,1.52759,1.00,1.00
2017.04.11 13:35:21.143,1.52732,1.52759,1.17,1.00
2017.04.11 13:35:21.390,1.52732,1.52759,1.00,1.00
2017.04.11 13:35:24.446,1.52731,1.52758,1.00,1.00
2017.04.11 13:35:28.068,1.52733,1.52761,1.00,1.00
2017.04.11 13:35:28.597,1.52732,1.52758,1.00,1.00
2017.04.11 13:35:29.590,1.52733,1.52759,1.00,1.00
2017.04.11 13:35:30.598,1.52733,1.5276,1.00,1.00
2017.04.11 13:35:30.941,1.52731,1.52757,1.00,1.00
2017.04.11 13:35:31.934,1.52729,1.52757,1.00,1.00
2017.04.11 13:35:33.527,1.52731,1.52758,1.00,1.35
2017.04.11 13:35:34.031,1.52732,1.52758,1.00,1.00
2017.04.11 13:35:34.748,1.52728,1.52757,1.00,1.00
2017.04.11 13:35:35.921,1.52728,1.52754,1.00,1.00
2017.04.11 13:35:37.437,1.52729,1.52755,1.00,1.00
2017.04.11 13:35:38.456,1.52727,1.52756,1.00,1.35
2017.04.11 13:35:38.865,1.52727,1.52756,1.00,1.60
2017.04.11 13:35:39.067,1.52728,1.52757,1.00,1.00
2017.04.11 13:35:39.118,1.52731,1.52758,1.00,1.00
2017.04.11 13:35:40.066,1.5273,1.52756,1.00,1.00
2017.04.11 13:35:40.418,1.5273,1.52756,1.17,1.00
2017.04.11 13:35:40.968,1.5273,1.52756,1.07,1.00
2017.04.11 13:35:41.480,1.52729,1.52756,1.07,1.00
2017.04.11 13:35:41.733,1.5273,1.52759,1.00,2.10
2017.04.11 13:35:42.268,1.52729,1.52757,1.00,1.00
2017.04.11 13:35:43.273,1.52727,1.52755,1.00,1.60
2017.04.11 13:35:43.576,1.52722,1.52749,1.00,1.00
2017.04.11 13:35:44.025,1.52717,1.52746,1.00,1.50
2017.04.11 13:35:44.126,1.52717,1.52746,1.00,2.10
2017.04.11 13:35:44.429,1.52714,1.52741,1.00,1.00
2017.04.11 13:35:45.409,1.52716,1.52742,1.00,1.00
2017.04.11 13:35:45.511,1.52715,1.52744,1.00,1.00
2017.04.11 13:35:45.561,1.52717,1.52745,1.00,1.50
2017.04.11 13:35:46.437,1.5272,1.52746,1.00,1.00
2017.04.11 13:35:47.555,1.52719,1.52746,1.00,1.00
2017.04.11 13:35:47.924,1.52721,1.52747,1.00,1.00
2017.04.11 13:35:47.975,1.52722,1.5275,1.00,2.10
2017.04.11 13:35:48.076,1.52726,1.52752,1.00,1.00
2017.04.11 13:35:48.910,1.52725,1.52751,1.00,1.00
2017.04.11 13:35:49.382,1.52729,1.52755,1.00,1.00
2017.04.11 13:35:49.635,1.52727,1.52754,1.00,1.00
2017.04.11 13:35:50.640,1.52727,1.52755,1.00,1.00
2017.04.11 13:35:51.214,1.52727,1.52756,1.00,1.00
2017.04.11 13:35:51.516,1.52724,1.52753,1.00,1.00
2017.04.11 13:35:52.715,1.52729,1.52755,1.00,1.00
2017.04.11 13:35:52.766,1.52731,1.52758,1.00,1.50
2017.04.11 13:35:52.924,1.52729,1.52755,1.00,1.00
2017.04.11 13:35:53.976,1.52725,1.52754,1.00,1.00
2017.04.11 13:35:55.714,1.52726,1.52753,1.00,1.00
2017.04.11 13:35:56.702,1.52724,1.52754,1.37,1.00
2017.04.11 13:35:57.224,1.52725,1.52755,1.12,1.00
2017.04.11 13:35:57.342,1.52729,1.52759,1.00,1.50
2017.04.11 13:35:57.393,1.52727,1.52758,1.00,1.00
2017.04.11 13:35:57.900,1.52727,1.52757,1.00,1.00
2017.04.11 13:35:58.911,1.52725,1.52755,1.00,1.00
2017.04.11 13:35:59.822,1.52725,1.52753,1.50,1.00
2017.04.11 13:36:00.341,1.52726,1.52753,1.00,1.00
2017.04.11 13:36:00.864,1.52724,1.52753,1.50,1.00
2017.04.11 13:36:01.592,1.52725,1.52752,1.00,1.00
2017.04.11 13:36:02.121,1.52724,1.52752,1.00,1.00
2017.04.11 13:36:02.474,1.52726,1.52755,1.00,1.00
2017.04.11 13:36:03.472,1.52727,1.52755,1.00,1.00
2017.04.11 13:36:04.902,1.52726,1.52755,1.00,1.00
2017.04.11 13:36:05.903,1.52726,1.52756,1.50,1.00
2017.04.11 13:36:07.873,1.52728,1.52756,1.00,1.00
2017.04.11 13:36:08.976,1.52731,1.52758,1.00,1.00
2017.04.11 13:36:09.366,1.52729,1.52757,1.00,1.00
2017.04.11 13:36:10.391,1.5273,1.52759,1.00,1.00
2017.04.11 13:36:11.070,1.52734,1.52762,1.00,1.50
2017.04.11 13:36:14.786,1.52738,1.52766,1.00,1.50
2017.04.11 13:36:16.617,1.52741,1.52766,1.00,1.00
2017.04.11 13:36:16.722,1.52739,1.52766,1.00,1.00
2017.04.11 13:36:16.773,1.52742,1.5277,1.00,1.00
2017.04.11 13:36:17.226,1.52744,1.52772,1.00,1.00
2017.04.11 13:36:18.822,1.5274,1.52769,1.00,1.00
2017.04.11 13:36:19.125,1.52739,1.52767,1.00,1.50
2017.04.11 13:36:19.742,1.52739,1.52766,1.00,1.00
2017.04.11 13:36:20.246,1.5274,1.52766,1.00,1.00
2017.04.11 13:36:20.781,1.5274,1.52767,1.00,1.00
2017.04.11 13:36:21.336,1.52742,1.52769,1.00,1.50
2017.04.11 13:36:21.387,1.5274,1.52769,1.00,1.50
2017.04.11 13:36:21.488,1.52743,1.5277,1.00,1.00
2017.04.11 13:36:22.015,1.52746,1.52774,1.00,1.00
2017.04.11 13:36:23.033,1.52745,1.52773,1.50,1.00
2017.04.11 13:36:23.965,1.52746,1.52773,1.00,1.00
2017.04.11 13:36:24.418,1.52744,1.52773,2.25,1.00
2017.04.11 13:36:25.103,1.52746,1.52772,1.00,1.00
2017.04.11 13:36:25.456,1.52749,1.52779,1.00,1.00
2017.04.11 13:36:25.608,1.5275,1.52782,1.50,1.00
2017.04.11 13:36:25.842,1.52752,1.52781,1.00,1.00
2017.04.11 13:36:26.145,1.52752,1.52784,1.50,1.00
2017.04.11 13:36:26.447,1.52754,1.52783,1.00,1.00
2017.04.11 13:36:26.586,1.52752,1.52783,1.00,1.50
2017.04.11 13:36:26.787,1.5275,1.52782,1.00,1.00
2017.04.11 13:36:26.889,1.5275,1.5278,1.50,1.00
2017.04.11 13:36:27.001,1.5275,1.52782,1.00,1.00
2017.04.11 13:36:27.836,1.52749,1.52782,1.50,1.00
2017.04.11 13:36:28.374,1.5275,1.52782,1.00,1.00
2017.04.11 13:36:28.424,1.52749,1.5278,1.50,1.00
2017.04.11 13:36:28.740,1.52751,1.52781,1.00,1.00
2017.04.11 13:36:28.939,1.52749,1.52781,1.00,1.00
2017.04.11 13:36:28.990,1.52749,1.52779,1.00,1.00
2017.04.11 13:36:29.040,1.52747,1.52779,1.00,1.00
2017.04.11 13:36:29.343,1.5275,1.52779,1.00,1.50
2017.04.11 13:36:29.444,1.5275,1.52781,1.00,1.00
2017.04.11 13:36:29.645,1.52753,1.52783,1.00,1.50
2017.04.11 13:36:30.756,1.52755,1.52785,1.00,1.50
2017.04.11 13:36:31.545,1.52756,1.52786,1.00,1.00
2017.04.11 13:36:31.646,1.52758,1.52789,1.00,1.50
2017.04.11 13:36:32.157,1.52759,1.5279,1.00,1.00
2017.04.11 13:36:32.359,1.52757,1.52787,1.00,1.00
2017.04.11 13:36:32.967,1.52758,1.52789,1.00,1.50
2017.04.11 13:36:33.176,1.52757,1.52787,1.00,1.00
2017.04.11 13:36:33.669,1.52755,1.52785,1.00,1.00
2017.04.11 13:36:34.018,1.52755,1.52783,1.00,1.00
2017.04.11 13:36:34.275,1.52752,1.52783,1.00,1.00
2017.04.11 13:36:35.829,1.52752,1.52782,1.00,1.50
2017.04.11 13:36:35.880,1.52749,1.52782,1.00,2.25
2017.04.11 13:36:36.082,1.52749,1.52782,1.00,1.50
2017.04.11 13:36:36.183,1.52749,1.52778,1.00,1.00
2017.04.11 13:36:36.284,1.52745,1.52777,1.00,1.00
2017.04.11 13:36:36.788,1.52744,1.52777,1.00,1.50
2017.04.11 13:36:36.968,1.52746,1.52777,1.00,1.00
2017.04.11 13:36:37.489,1.52745,1.52776,1.00,1.00
2017.04.11 13:36:38.168,1.52745,1.52777,1.00,1.50
2017.04.11 13:36:38.661,1.52744,1.52774,1.00,1.00
2017.04.11 13:36:39.642,1.52744,1.52775,1.00,1.00
2017.04.11 13:36:40.073,1.52745,1.52772,1.00,1.00
2017.04.11 13:36:41.081,1.52746,1.52773,1.00,1.00
2017.04.11 13:36:42.810,1.52747,1.52776,1.00,1.00
2017.04.11 13:36:43.541,1.52748,1.52777,1.00,1.00
2017.04.11 13:36:45.747,1.52749,1.52775,1.00,1.00
2017.04.11 13:36:46.632,1.52752,1.52779,1.00,1.00
2017.04.11 13:36:47.306,1.5275,1.52777,1.00,1.00
2017.04.11 13:36:48.299,1.52749,1.52776,1.00,1.00
2017.04.11 13:36:48.501,1.52753,1.52781,1.00,1.00
2017.04.11 13:36:49.015,1.52753,1.52782,1.00,1.00
2017.04.11 13:36:49.390,1.52755,1.52782,1.00,1.00
2017.04.11 13:36:50.476,1.52755,1.52781,1.00,1.00
2017.04.11 13:36:50.952,1.52752,1.52779,1.00,1.00
2017.04.11 13:36:51.053,1.52753,1.52781,1.00,1.00
2017.04.11 13:36:51.103,1.52756,1.52783,1.00,1.00
2017.04.11 13:36:51.154,1.52754,1.52782,1.00,1.00
2017.04.11 13:36:51.373,1.52757,1.52784,1.00,1.50
2017.04.11 13:36:51.885,1.52757,1.52784,1.15,1.00
2017.04.11 13:36:52.899,1.52758,1.52787,1.65,1.00
2017.04.11 13:36:53.051,1.5276,1.52788,1.27,1.00
2017.04.11 13:36:53.102,1.52761,1.5279,1.15,1.00
2017.04.11 13:36:53.203,1.52762,1.52792,1.15,1.00
2017.04.11 13:36:53.484,1.52763,1.52796,1.65,1.00
2017.04.11 13:36:53.837,1.52765,1.52795,1.15,1.00
2017.04.11 13:36:53.989,1.52766,1.52797,1.15,1.50
2017.04.11 13:36:54.094,1.52766,1.52797,1.17,1.50
2017.04.11 13:36:54.714,1.52765,1.52792,1.15,1.00
2017.04.11 13:36:55.494,1.52765,1.52792,1.00,1.00
2017.04.11 13:36:55.623,1.52767,1.52796,1.00,1.00
2017.04.11 13:36:55.674,1.52767,1.52798,1.00,1.50
2017.04.11 13:36:56.195,1.52767,1.52797,1.00,1.00
2017.04.11 13:36:56.917,1.52767,1.52793,1.00,1.00
2017.04.11 13:36:57.426,1.52766,1.52793,1.00,1.00
2017.04.11 13:36:57.930,1.52767,1.52793,1.50,1.00
2017.04.11 13:36:58.431,1.52766,1.52792,1.00,1.00
2017.04.11 13:36:59.172,1.52767,1.52794,1.50,1.00
2017.04.11 13:37:01.391,1.52765,1.52792,1.00,1.00
2017.04.11 13:37:02.406,1.52764,1.52791,1.00,1.00
2017.04.11 13:37:02.936,1.52768,1.52796,1.00,1.00
2017.04.11 13:37:03.188,1.52767,1.52794,1.00,1.00
2017.04.11 13:37:03.239,1.52768,1.52797,1.00,1.50
2017.04.11 13:37:03.902,1.52769,1.52797,1.00,1.00
2017.04.11 13:37:04.257,1.52765,1.52794,1.50,1.00
2017.04.11 13:37:04.763,1.52765,1.52795,1.00,1.50
2017.04.11 13:37:04.914,1.52763,1.52793,1.00,1.00
2017.04.11 13:37:05.446,1.52764,1.52793,1.00,1.50
2017.04.11 13:37:07.887,1.52764,1.52791,1.00,1.00
2017.04.11 13:37:08.229,1.5276,1.52787,1.50,1.00
2017.04.11 13:37:08.749,1.52763,1.52789,1.00,1.00
2017.04.11 13:37:09.305,1.52762,1.52789,1.00,1.00
2017.04.11 13:37:09.839,1.52762,1.5279,1.00,1.00
2017.04.11 13:37:09.991,1.52764,1.52795,1.00,1.00
2017.04.11 13:37:10.578,1.52768,1.52795,1.00,1.50
2017.04.11 13:37:12.790,1.52768,1.52796,1.00,1.00
2017.04.11 13:37:13.312,1.52768,1.52795,1.00,1.00
2017.04.11 13:37:14.620,1.52766,1.52795,1.00,1.00
2017.04.11 13:37:15.766,1.52767,1.52796,1.00,1.00
2017.04.11 13:37:17.063,1.52769,1.52796,1.07,1.00
2017.04.11 13:37:17.383,1.52768,1.52792,1.07,1.00
2017.04.11 13:37:17.635,1.52765,1.52794,1.15,1.00
2017.04.11 13:37:18.139,1.52765,1.52794,1.15,1.00
2017.04.11 13:37:18.668,1.52766,1.52795,1.15,1.50
2017.04.11 13:37:19.779,1.52766,1.52795,1.00,1.00
2017.04.11 13:37:21.792,1.52765,1.52792,1.00,1.00
2017.04.11 13:37:22.109,1.52765,1.5279,1.00,1.00
2017.04.11 13:37:22.226,1.52765,1.52792,1.00,1.00
2017.04.11 13:37:22.760,1.52764,1.52792,1.00,1.00
2017.04.11 13:37:23.842,1.52767,1.52794,1.00,1.50
2017.04.11 13:37:24.094,1.52763,1.52791,1.50,1.00
2017.04.11 13:37:24.796,1.52764,1.52793,1.00,1.00
2017.04.11 13:37:25.300,1.52765,1.52793,1.00,1.00
2017.04.11 13:37:25.954,1.52763,1.52793,1.50,1.00
2017.04.11 13:37:26.907,1.52763,1.52791,1.50,1.00
2017.04.11 13:37:27.904,1.52764,1.52791,1.00,1.00
2017.04.11 13:37:28.628,1.52766,1.52793,1.00,1.00
2017.04.11 13:37:29.644,1.52764,1.52794,1.00,1.50
2017.04.11 13:37:29.695,1.52762,1.52792,1.00,1.00
2017.04.11 13:37:30.789,1.52764,1.52793,1.00,1.00
2017.04.11 13:37:35.391,1.52764,1.52791,1.00,1.00
2017.04.11 13:37:36.393,1.52764,1.52793,1.00,1.50
2017.04.11 13:37:36.906,1.52763,1.52792,1.00,1.50
2017.04.11 13:37:37.788,1.52762,1.52789,1.00,1.00
2017.04.11 13:37:38.583,1.52765,1.52792,1.00,1.50
2017.04.11 13:37:39.126,1.52766,1.52793,1.00,1.00
2017.04.11 13:37:40.083,1.52766,1.52795,1.00,1.00
2017.04.11 13:37:41.301,1.52766,1.52796,1.50,1.50
2017.04.11 13:37:43.143,1.52768,1.52796,1.50,1.00
2017.04.11 13:37:43.537,1.5277,1.52796,1.00,1.00
2017.04.11 13:37:43.739,1.52768,1.52796,1.50,1.00
2017.04.11 13:37:46.032,1.52768,1.52797,1.50,1.00
2017.04.11 13:37:46.557,1.52768,1.52796,1.00,1.00
2017.04.11 13:37:54.362,1.52769,1.52796,1.00,1.00
2017.04.11 13:37:54.951,1.52768,1.52795,1.50,1.00
2017.04.11 13:37:55.153,1.52768,1.52798,1.50,1.00
2017.04.11 13:37:58.363,1.52768,1.52796,1.50,1.00
2017.04.11 13:37:58.677,1.52767,1.52794,1.00,1.00
2017.04.11 13:37:59.074,1.5278,1.52804,1.00,1.87
2017.04.11 13:37:59.142,1.5278,1.52808,1.00,1.00
2017.04.11 13:37:59.650,1.5278,1.52809,1.00,1.50
2017.04.11 13:38:02.483,1.52781,1.5281,1.00,1.00
2017.04.11 13:38:03.335,1.52779,1.52807,1.00,1.00
2017.04.11 13:38:03.486,1.52775,1.52804,1.00,1.00
2017.04.11 13:38:03.587,1.52777,1.52804,1.00,1.00
2017.04.11 13:38:03.933,1.52775,1.52804,1.00,1.00
2017.04.11 13:38:04.453,1.52775,1.52802,1.00,1.00
2017.04.11 13:38:05.445,1.52775,1.52804,1.50,1.00
2017.04.11 13:38:05.956,1.52774,1.52803,1.00,1.00
2017.04.11 13:38:06.408,1.52774,1.52801,1.00,1.00
2017.04.11 13:38:08.634,1.52773,1.52803,1.00,1.00
2017.04.11 13:38:08.685,1.52773,1.528,1.00,1.00
2017.04.11 13:38:08.736,1.52771,1.528,1.50,1.00
2017.04.11 13:38:09.039,1.52771,1.52797,1.00,1.00
2017.04.11 13:38:09.397,1.52769,1.52797,1.00,1.00
2017.04.11 13:38:10.066,1.52769,1.52796,1.00,1.00
2017.04.11 13:38:10.218,1.52766,1.52796,1.50,1.00
2017.04.11 13:38:10.470,1.52768,1.52797,1.00,1.50
2017.04.11 13:38:12.608,1.5277,1.52797,1.00,1.00
2017.04.11 13:38:14.238,1.52768,1.52797,1.50,1.00
2017.04.11 13:38:14.786,1.52769,1.52797,1.00,1.00
2017.04.11 13:38:15.828,1.52768,1.52797,1.00,1.00
2017.04.11 13:38:16.370,1.52768,1.52796,1.00,1.00
2017.04.11 13:38:20.438,1.52767,1.52795,1.00,1.00
2017.04.11 13:38:21.437,1.52768,1.52795,1.00,1.00
2017.04.11 13:38:22.467,1.52768,1.52796,1.00,1.50
2017.04.11 13:38:23.229,1.52769,1.52796,1.00,1.50
2017.04.11 13:38:23.280,1.52771,1.52796,1.00,1.00
2017.04.11 13:38:23.331,1.52771,1.52798,1.00,1.50
2017.04.11 13:38:23.840,1.52771,1.52799,1.00,1.00
2017.04.11 13:38:24.041,1.52771,1.52801,1.00,1.00
2017.04.11 13:38:24.560,1.52771,1.52798,1.00,1.00
2017.04.11 13:38:25.097,1.52774,1.528,1.00,1.00
2017.04.11 13:38:25.401,1.52774,1.52803,1.00,1.00
2017.04.11 13:38:28.890,1.52775,1.52804,1.00,1.50
2017.04.11 13:38:28.941,1.52778,1.52804,1.00,1.50
2017.04.11 13:38:29.125,1.52779,1.52806,1.00,1.00
2017.04.11 13:38:29.176,1.52781,1.5281,1.00,1.50
2017.04.11 13:38:29.428,1.52781,1.52808,1.00,1.00
2017.04.11 13:38:29.882,1.52779,1.52807,1.00,1.00
2017.04.11 13:38:30.161,1.52779,1.52809,1.00,1.00
2017.04.11 13:38:30.554,1.52779,1.52807,1.00,1.00
2017.04.11 13:38:30.721,1.52779,1.52809,1.00,1.00
2017.04.11 13:38:31.259,1.52779,1.52808,1.00,1.00
2017.04.11 13:38:31.856,1.52781,1.52807,1.00,1.00
2017.04.11 13:38:32.401,1.5278,1.52807,1.00,1.00
2017.04.11 13:38:32.930,1.52781,1.52808,1.00,1.00
2017.04.11 13:38:33.049,1.52782,1.52811,1.00,1.00
2017.04.11 13:38:33.329,1.52784,1.52811,1.00,1.00
2017.04.11 13:38:34.884,1.52782,1.52811,1.00,1.00
2017.04.11 13:38:35.439,1.5278,1.52811,1.00,1.00
2017.04.11 13:38:35.490,1.5278,1.52806,1.00,1.00
2017.04.11 13:38:35.641,1.52777,1.52804,1.00,1.00
2017.04.11 13:38:36.018,1.52774,1.52804,1.50,1.00
2017.04.11 13:38:36.071,1.52778,1.52805,1.00,1.00
2017.04.11 13:38:36.375,1.52776,1.52803,1.00,1.00
2017.04.11 13:38:36.584,1.52772,1.52801,2.25,1.00
2017.04.11 13:38:38.307,1.52774,1.52801,1.00,1.00
2017.04.11 13:38:38.742,1.52772,1.52801,1.00,1.00
2017.04.11 13:38:38.944,1.52774,1.52803,1.00,1.00
2017.04.11 13:38:39.427,1.52771,1.52798,1.00,1.00
2017.04.11 13:38:40.405,1.5277,1.52798,1.00,1.00
2017.04.11 13:38:40.712,1.52775,1.52799,1.00,1.00
2017.04.11 13:38:40.762,1.52778,1.52805,1.00,1.50
2017.04.11 13:38:41.015,1.52779,1.52807,1.00,1.50
2017.04.11 13:38:41.723,1.52778,1.52805,1.00,1.00
2017.04.11 13:38:43.426,1.52777,1.52806,1.00,1.00
2017.04.11 13:38:43.729,1.52776,1.52803,1.00,1.00
2017.04.11 13:38:44.663,1.52776,1.52804,1.00,1.00
2017.04.11 13:38:45.067,1.52776,1.52806,1.00,1.00
2017.04.11 13:38:46.006,1.52777,1.52804,1.00,1.00
2017.04.11 13:38:46.324,1.52777,1.52806,1.00,1.00
2017.04.11 13:38:48.725,1.52781,1.52808,1.00,1.00
2017.04.11 13:38:49.244,1.52782,1.52809,1.00,1.00
2017.04.11 13:38:49.765,1.52782,1.52811,1.00,1.00
2017.04.11 13:38:50.787,1.52783,1.52812,1.00,1.00
2017.04.11 13:38:50.888,1.52784,1.52814,1.00,1.00
2017.04.11 13:38:51.292,1.52783,1.52812,1.50,1.00
2017.04.11 13:38:51.594,1.52785,1.52812,1.00,1.00
2017.04.11 13:38:52.140,1.52786,1.52813,1.00,1.00
2017.04.11 13:38:52.241,1.52783,1.52812,1.00,1.00
2017.04.11 13:38:52.745,1.52783,1.52813,1.00,1.00
2017.04.11 13:38:53.634,1.52786,1.52813,1.00,1.00
2017.04.11 13:38:53.684,1.52787,1.52815,1.00,1.50
2017.04.11 13:38:54.159,1.52784,1.52813,1.00,1.00
2017.04.11 13:38:54.671,1.52783,1.52812,1.00,1.00
2017.04.11 13:38:55.678,1.52783,1.52811,1.00,1.00
2017.04.11 13:38:57.539,1.52783,1.52813,1.00,1.50
2017.04.11 13:38:58.074,1.52784,1.52813,1.00,1.00
2017.04.11 13:38:58.377,1.52783,1.5281,1.00,1.00
2017.04.11 13:39:00.403,1.52785,1.52812,1.00,1.00
2017.04.11 13:39:00.750,1.52791,1.52819,1.00,1.00
2017.04.11 13:39:01.153,1.52793,1.5282,1.00,1.00
2017.04.11 13:39:01.481,1.52791,1.52819,1.00,1.00
2017.04.11 13:39:02.033,1.5279,1.52819,1.50,1.00
2017.04.11 13:39:02.359,1.52792,1.52819,1.00,1.00
2017.04.11 13:39:03.205,1.52791,1.52818,1.00,1.00
2017.04.11 13:39:03.356,1.52791,1.5282,1.00,1.50
2017.04.11 13:39:05.569,1.52791,1.52818,1.00,1.00
2017.04.11 13:39:06.072,1.52792,1.52818,1.00,1.00
2017.04.11 13:39:06.123,1.52789,1.52818,1.50,1.00
2017.04.11 13:39:06.631,1.5279,1.52818,1.00,1.00
2017.04.11 13:39:07.166,1.52789,1.52818,1.50,1.00
2017.04.11 13:39:09.350,1.52789,1.52816,1.00,1.00
2017.04.11 13:39:09.867,1.52788,1.52815,1.50,1.00
2017.04.11 13:39:10.265,1.52788,1.52817,1.50,1.00
2017.04.11 13:39:10.574,1.52794,1.52818,1.00,1.00
2017.04.11 13:39:10.751,1.52797,1.52823,1.00,1.00
2017.04.11 13:39:11.254,1.52797,1.52824,1.00,1.00
2017.04.11 13:39:11.778,1.52797,1.52822,1.00,1.00
2017.04.11 13:39:11.930,1.52791,1.52819,1.50,1.00
2017.04.11 13:39:12.107,1.52791,1.52817,1.00,1.00
2017.04.11 13:39:12.360,1.52795,1.52823,1.00,1.50
2017.04.11 13:39:13.036,1.52794,1.52821,1.00,1.00
2017.04.11 13:39:13.470,1.52793,1.52819,1.00,1.00
2017.04.11 13:39:13.874,1.52794,1.52821,1.00,1.00
2017.04.11 13:39:14.026,1.528,1.52821,1.00,1.00
2017.04.11 13:39:14.076,1.52798,1.52825,1.00,1.00
2017.04.11 13:39:14.228,1.52799,1.52828,1.00,1.00
2017.04.11 13:39:14.329,1.52798,1.52824,1.00,1.00
2017.04.11 13:39:14.514,1.528,1.52827,1.00,1.00
2017.04.11 13:39:14.961,1.52798,1.52825,1.00,1.00
2017.04.11 13:39:15.264,1.528,1.52826,1.00,1.00
2017.04.11 13:39:15.879,1.52795,1.52824,1.00,1.00
2017.04.11 13:39:15.980,1.52792,1.52825,1.50,1.00
2017.04.11 13:39:16.216,1.5279,1.52819,1.00,1.00
2017.04.11 13:39:16.267,1.52788,1.52819,1.00,1.50
2017.04.11 13:39:16.319,1.52788,1.52815,1.00,1.00
2017.04.11 13:39:16.470,1.52783,1.52812,1.00,1.00
2017.04.11 13:39:16.571,1.52784,1.52816,1.00,1.00
2017.04.11 13:39:16.773,1.52785,1.52818,1.00,1.50
2017.04.11 13:39:16.874,1.52788,1.52819,1.00,1.00
2017.04.11 13:39:17.200,1.52785,1.52818,1.00,1.50
2017.04.11 13:39:17.301,1.52784,1.52811,1.00,1.00
2017.04.11 13:39:17.444,1.52784,1.52814,1.00,1.00
2017.04.11 13:39:17.495,1.52783,1.52811,1.50,1.00
2017.04.11 13:39:18.001,1.52783,1.52812,1.00,1.00
2017.04.11 13:39:18.102,1.52781,1.52812,1.50,1.00
2017.04.11 13:39:18.504,1.5278,1.52806,1.50,1.00
2017.04.11 13:39:18.656,1.52776,1.52806,1.00,1.00
2017.04.11 13:39:18.961,1.52778,1.52806,1.00,1.00
2017.04.11 13:39:19.381,1.52781,1.5281,1.00,1.00
2017.04.11 13:39:19.583,1.52781,1.52812,1.00,1.00
2017.04.11 13:39:19.684,1.52779,1.52812,1.00,1.00
2017.04.11 13:39:19.785,1.52778,1.5281,1.50,1.00
2017.04.11 13:39:20.159,1.52778,1.52805,1.00,1.00
2017.04.11 13:39:20.210,1.52774,1.52805,1.50,1.00
2017.04.11 13:39:20.472,1.52774,1.52803,1.00,1.00
2017.04.11 13:39:21.115,1.52773,1.52806,1.00,1.00
2017.04.11 13:39:21.406,1.52776,1.52806,1.00,1.00
2017.04.11 13:39:21.457,1.52774,1.52806,1.00,1.00
2017.04.11 13:39:21.558,1.52776,1.52804,1.00,1.00
2017.04.11 13:39:21.608,1.52774,1.52806,1.00,1.00
2017.04.11 13:39:21.956,1.52778,1.52806,1.00,1.00
2017.04.11 13:39:22.006,1.52774,1.52806,1.00,1.00
2017.04.11 13:39:22.315,1.52778,1.52806,1.00,1.00
2017.04.11 13:39:22.366,1.52772,1.52806,3.00,1.50
2017.04.11 13:39:22.517,1.52778,1.52804,1.00,1.00
2017.04.11 13:39:22.568,1.52776,1.52804,1.00,1.00
2017.04.11 13:39:22.820,1.52774,1.52804,1.00,1.00
2017.04.11 13:39:23.178,1.52772,1.52804,1.50,1.00
2017.04.11 13:39:23.690,1.52772,1.52803,1.00,1.00
2017.04.11 13:39:23.904,1.52776,1.52803,1.00,1.00
2017.04.11 13:39:24.005,1.52777,1.52807,1.50,1.00
2017.04.11 13:39:24.106,1.5278,1.52809,1.00,2.25
2017.04.11 13:39:24.409,1.52782,1.52809,1.00,1.00
2017.04.11 13:39:25.145,1.52782,1.5281,1.00,1.00
2017.04.11 13:39:25.347,1.52782,1.52812,1.00,1.00
2017.04.11 13:39:25.701,1.52785,1.52811,1.00,1.00
2017.04.11 13:39:25.751,1.52785,1.52813,1.00,1.50
2017.04.11 13:39:25.852,1.52785,1.52815,1.00,1.50
2017.04.11 13:39:26.004,1.52787,1.52815,1.00,1.50
2017.04.11 13:39:26.105,1.52787,1.52817,1.00,1.50
2017.04.11 13:39:26.409,1.52787,1.52814,1.00,1.00
2017.04.11 13:39:26.460,1.52785,1.52814,1.50,1.00
2017.04.11 13:39:26.511,1.52787,1.52814,1.00,1.00
2017.04.11 13:39:26.562,1.52785,1.52814,1.50,1.00
2017.04.11 13:39:26.783,1.52785,1.52817,2.25,1.50
2017.04.11 13:39:27.533,1.52785,1.52814,1.00,1.00
2017.04.11 13:39:27.751,1.52783,1.52813,1.50,1.00
2017.04.11 13:39:27.953,1.52781,1.52812,1.50,1.00
2017.04.11 13:39:28.557,1.52781,1.52812,2.25,1.00
2017.04.11 13:39:28.883,1.52783,1.52815,1.00,1.00
2017.04.11 13:39:28.984,1.52783,1.52813,1.00,1.00
2017.04.11 13:39:29.696,1.52782,1.52813,1.00,1.00
2017.04.11 13:39:29.999,1.52784,1.52811,1.00,1.00
2017.04.11 13:39:30.684,1.52784,1.5281,1.00,1.00
2017.04.11 13:39:31.451,1.52783,1.5281,1.00,1.00
2017.04.11 13:39:31.928,1.52783,1.52807,1.00,1.00
2017.04.11 13:39:32.224,1.52783,1.52809,1.00,1.00
2017.04.11 13:39:32.928,1.52782,1.52809,1.00,1.00
2017.04.11 13:39:33.201,1.52782,1.52811,1.00,1.00
2017.04.11 13:39:34.411,1.52782,1.52809,1.00,1.00
2017.04.11 13:39:34.815,1.52782,1.52811,1.00,1.00
2017.04.11 13:39:35.585,1.52781,1.52811,1.00,1.50
2017.04.11 13:39:36.605,1.52781,1.5281,1.00,1.00
2017.04.11 13:39:36.706,1.5278,1.52808,1.00,1.00
2017.04.11 13:39:37.041,1.52784,1.52808,1.00,1.00
2017.04.11 13:39:37.145,1.52786,1.52811,1.00,1.00
2017.04.11 13:39:37.659,1.52787,1.52812,1.00,1.00
2017.04.11 13:39:37.710,1.52787,1.52815,1.00,1.00
2017.04.11 13:39:37.761,1.52791,1.52815,1.00,1.00
2017.04.11 13:39:37.913,1.52791,1.52818,1.00,1.50
2017.04.11 13:39:38.318,1.52788,1.52815,1.00,1.00
2017.04.11 13:39:38.642,1.52784,1.52815,2.25,1.00
2017.04.11 13:39:39.153,1.52784,1.52814,1.00,1.00
2017.04.11 13:39:39.254,1.52786,1.52814,1.00,1.00
2017.04.11 13:39:39.355,1.52784,1.52814,1.00,1.00
2017.04.11 13:39:39.865,1.52784,1.52815,1.00,1.00
2017.04.11 13:39:40.634,1.52784,1.52813,1.00,1.00
2017.04.11 13:39:41.183,1.52783,1.52813,1.00,1.00
2017.04.11 13:39:43.154,1.52782,1.52812,1.00,1.00
2017.04.11 13:39:43.306,1.5278,1.52812,1.00,1.50
2017.04.11 13:39:43.357,1.52779,1.52808,1.00,1.00
2017.04.11 13:39:43.458,1.52777,1.5281,1.50,1.00
2017.04.11 13:39:43.661,1.52777,1.52808,1.00,1.00
2017.04.11 13:39:44.170,1.5278,1.52808,1.00,1.00
2017.04.11 13:39:44.372,1.52776,1.52808,1.50,1.50
2017.04.11 13:39:44.894,1.52776,1.52806,1.00,1.00
2017.04.11 13:39:45.216,1.52775,1.52808,1.50,1.50
2017.04.11 13:39:45.751,1.52776,1.52808,1.00,1.00
2017.04.11 13:39:45.940,1.52773,1.52806,1.00,1.00
2017.04.11 13:39:46.043,1.52773,1.52804,1.00,1.00
2017.04.11 13:39:46.589,1.52774,1.52805,1.00,1.00
2017.04.11 13:39:50.322,1.52774,1.52807,1.00,1.00
2017.04.11 13:39:51.478,1.52778,1.52804,1.00,1.00
2017.04.11 13:39:51.529,1.52778,1.5281,1.00,1.00
2017.04.11 13:39:51.680,1.52776,1.5281,1.50,1.50
2017.04.11 13:39:51.731,1.52776,1.52805,1.00,1.00
2017.04.11 13:39:52.033,1.52778,1.52806,1.00,2.25
2017.04.11 13:39:52.335,1.52777,1.52804,1.00,1.00
2017.04.11 13:39:52.855,1.52776,1.52803,1.00,1.00
2017.04.11 13:39:53.354,1.52774,1.52801,1.00,1.00
2017.04.11 13:39:53.656,1.52772,1.52801,1.00,1.00
2017.04.11 13:39:55.128,1.52772,1.528,1.00,1.00
2017.04.11 13:39:55.816,1.52772,1.52799,1.00,1.00
2017.04.11 13:39:56.168,1.5277,1.52797,1.00,1.00
2017.04.11 13:39:56.477,1.52772,1.52799,1.00,1.00
2017.04.11 13:39:56.528,1.52769,1.52798,1.00,1.00
2017.04.11 13:39:56.579,1.52773,1.528,1.00,1.00
2017.04.11 13:39:57.655,1.52774,1.52801,1.00,1.00
2017.04.11 13:39:57.706,1.52774,1.52803,1.00,1.00
2017.04.11 13:39:58.711,1.52776,1.52803,1.00,1.00
2017.04.11 13:40:01.406,1.5278,1.52806,1.00,1.50
2017.04.11 13:40:01.507,1.5278,1.52808,1.00,1.00
2017.04.11 13:40:01.558,1.52784,1.52811,1.00,1.50
2017.04.11 13:40:01.662,1.52785,1.52813,1.00,1.00
2017.04.11 13:40:01.763,1.52782,1.52811,1.00,1.00
2017.04.11 13:40:01.965,1.52782,1.52809,1.00,1.00
2017.04.11 13:40:02.249,1.52782,1.52811,1.00,1.50
2017.04.11 13:40:02.513,1.5278,1.52809,1.00,1.00
2017.04.11 13:40:03.137,1.52785,1.52811,1.00,1.00
2017.04.11 13:40:04.239,1.52782,1.52809,1.00,1.00
2017.04.11 13:40:04.500,1.52777,1.52803,1.00,1.00
2017.04.11 13:40:04.919,1.52777,1.52801,1.00,1.00
2017.04.11 13:40:05.676,1.52774,1.528,1.00,1.00
2017.04.11 13:40:06.336,1.52774,1.52801,1.00,1.00
2017.04.11 13:40:07.420,1.52774,1.52803,1.00,1.00
2017.04.11 13:40:08.089,1.52773,1.52802,1.00,1.00
2017.04.11 13:40:08.346,1.52775,1.52802,1.00,1.00
2017.04.11 13:40:08.861,1.52774,1.52801,1.00,1.00
2017.04.11 13:40:09.534,1.52774,1.528,1.00,1.00
2017.04.11 13:40:10.220,1.52776,1.52803,1.00,1.00
2017.04.11 13:40:10.598,1.52774,1.52801,1.00,1.00
2017.04.11 13:40:11.475,1.52771,1.528,1.50,1.00
2017.04.11 13:40:11.978,1.52771,1.52799,1.00,1.00
2017.04.11 13:40:12.750,1.52771,1.528,1.00,1.50
2017.04.11 13:40:12.951,1.52775,1.528,1.00,1.00
2017.04.11 13:40:13.030,1.52775,1.52802,1.00,1.00
2017.04.11 13:40:13.473,1.52772,1.52801,1.00,1.00
2017.04.11 13:40:13.624,1.52771,1.52797,1.00,1.00
2017.04.11 13:40:14.540,1.52768,1.52797,1.00,1.00
2017.04.11 13:40:14.591,1.52768,1.52795,1.00,1.00
2017.04.11 13:40:15.458,1.52769,1.52795,1.00,1.00
2017.04.11 13:40:15.989,1.52769,1.52796,1.00,1.00
2017.04.11 13:40:16.736,1.52767,1.52798,1.00,1.00
2017.04.11 13:40:16.928,1.52769,1.52796,1.00,1.00
2017.04.11 13:40:17.260,1.5277,1.52799,1.00,1.50
2017.04.11 13:40:17.783,1.52772,1.52799,1.00,1.00
2017.04.11 13:40:18.133,1.52767,1.52801,1.00,1.50
2017.04.11 13:40:18.980,1.52767,1.528,1.50,1.00
2017.04.11 13:40:19.498,1.52767,1.52799,1.50,1.00
2017.04.11 13:40:19.989,1.52769,1.52799,1.00,1.00
2017.04.11 13:40:20.040,1.52767,1.52799,1.50,1.00
2017.04.11 13:40:20.141,1.52768,1.52801,1.00,1.50
2017.04.11 13:40:20.464,1.52772,1.52802,1.00,1.00
2017.04.11 13:40:20.565,1.52772,1.52804,1.00,1.00
2017.04.11 13:40:20.767,1.52772,1.52802,1.00,1.00
2017.04.11 13:40:21.070,1.52772,1.52799,1.00,1.00
2017.04.11 13:40:21.121,1.5277,1.52799,1.00,1.00
2017.04.11 13:40:21.464,1.5277,1.52803,1.00,1.50
2017.04.11 13:40:22.009,1.52771,1.52802,1.00,1.00
2017.04.11 13:40:22.262,1.52771,1.528,1.00,1.00
2017.04.11 13:40:22.594,1.5277,1.52803,1.00,1.50
2017.04.11 13:40:22.946,1.52772,1.52803,1.12,1.00
2017.04.11 13:40:23.055,1.52772,1.52805,1.00,1.00
2017.04.11 13:40:23.566,1.52772,1.52806,1.50,1.50
2017.04.11 13:40:23.617,1.52777,1.52806,1.00,1.50
2017.04.11 13:40:25.043,1.52777,1.52806,1.15,2.25
2017.04.11 13:40:25.159,1.52775,1.52804,1.00,1.00
2017.04.11 13:40:26.042,1.52778,1.52804,1.07,1.00
2017.04.11 13:40:26.144,1.52772,1.52804,1.00,1.00
2017.04.11 13:40:27.485,1.52772,1.52805,1.00,1.00
2017.04.11 13:40:27.586,1.5277,1.52803,2.25,1.00
2017.04.11 13:40:27.839,1.52767,1.52801,2.25,1.50
2017.04.11 13:40:27.889,1.52767,1.52799,1.50,1.00
2017.04.11 13:40:28.280,1.52771,1.52799,1.00,1.00
2017.04.11 13:40:28.583,1.5277,1.52796,1.00,1.00
2017.04.11 13:40:28.886,1.5277,1.52796,1.15,1.00
2017.04.11 13:40:29.188,1.5277,1.52798,1.15,1.00
2017.04.11 13:40:29.339,1.5277,1.52798,1.15,1.00
2017.04.11 13:40:29.390,1.5277,1.528,1.15,1.00
2017.04.11 13:40:29.623,1.5277,1.52798,1.15,1.00
2017.04.11 13:40:30.447,1.5277,1.52798,1.00,1.00
2017.04.11 13:40:30.665,1.5277,1.52798,1.15,1.00
2017.04.11 13:40:31.102,1.52769,1.52798,1.00,1.00
2017.04.11 13:40:31.885,1.52772,1.52798,1.00,1.00
2017.04.11 13:40:32.087,1.52772,1.52805,1.15,1.00
2017.04.11 13:40:32.401,1.52772,1.52805,1.00,1.00
2017.04.11 13:40:32.452,1.52774,1.52805,1.15,1.00
2017.04.11 13:40:32.502,1.52774,1.52805,1.00,1.00
2017.04.11 13:40:32.553,1.52774,1.52802,1.00,1.00
2017.04.11 13:40:32.604,1.52771,1.52802,1.00,1.00
2017.04.11 13:40:32.756,1.52771,1.52801,1.27,1.00
2017.04.11 13:40:32.907,1.52769,1.52799,1.15,1.00
2017.04.11 13:40:33.160,1.5277,1.52801,1.15,1.00
2017.04.11 13:40:33.226,1.5277,1.52801,1.00,1.00
2017.04.11 13:40:33.277,1.52769,1.52801,1.15,1.00
2017.04.11 13:40:33.907,1.5277,1.528,1.15,1.00
2017.04.11 13:40:34.429,1.52772,1.52801,1.00,1.00
2017.04.11 13:40:34.479,1.52772,1.52802,1.15,1.00
2017.04.11 13:40:34.994,1.52774,1.52802,1.15,1.00
2017.04.11 13:40:35.907,1.52768,1.52802,1.00,1.00
2017.04.11 13:40:35.958,1.52767,1.52797,1.65,1.00
2017.04.11 13:40:36.226,1.52767,1.52797,1.50,1.00
2017.04.11 13:40:36.277,1.52767,1.52795,1.00,1.00
2017.04.11 13:40:36.581,1.52767,1.52795,1.15,1.00
2017.04.11 13:40:36.682,1.52767,1.52798,1.15,1.00
2017.04.11 13:40:37.050,1.52767,1.52798,1.00,1.00
2017.04.11 13:40:37.101,1.5277,1.52796,1.00,1.00
2017.04.11 13:40:37.338,1.52775,1.52804,1.17,1.00
2017.04.11 13:40:37.388,1.52775,1.52802,1.15,1.00
2017.04.11 13:40:37.489,1.52775,1.52804,1.15,1.00
2017.04.11 13:40:37.691,1.52775,1.52808,1.15,1.00
2017.04.11 13:40:37.943,1.52776,1.52808,1.00,1.00
2017.04.11 13:40:37.994,1.52776,1.52808,1.15,1.00
2017.04.11 13:40:38.095,1.52774,1.52807,1.50,1.00
2017.04.11 13:40:38.146,1.52774,1.52804,1.65,1.00
2017.04.11 13:40:38.372,1.5277,1.52799,1.15,1.00
2017.04.11 13:40:38.473,1.52769,1.52802,1.15,1.00
2017.04.11 13:40:38.574,1.52772,1.52801,1.15,1.00
2017.04.11 13:40:38.624,1.52774,1.52801,1.00,1.00
2017.04.11 13:40:38.675,1.52774,1.52803,1.00,1.00
2017.04.11 13:40:38.826,1.5278,1.52803,1.00,1.00
2017.04.11 13:40:39.079,1.5278,1.52807,1.00,1.00
2017.04.11 13:40:39.406,1.52783,1.52814,1.00,1.00
2017.04.11 13:40:39.779,1.52781,1.52812,1.50,1.00
2017.04.11 13:40:39.931,1.52779,1.52811,1.50,1.00
2017.04.11 13:40:39.981,1.52779,1.52808,1.50,1.00
2017.04.11 13:40:40.587,1.52779,1.52809,1.50,1.00
2017.04.11 13:40:40.890,1.52782,1.52811,1.00,1.00
2017.04.11 13:40:40.991,1.52783,1.52814,1.00,1.00
2017.04.11 13:40:41.672,1.52785,1.52814,1.00,1.00
2017.04.11 13:40:41.774,1.52786,1.52819,1.00,1.00
2017.04.11 13:40:41.824,1.52786,1.52815,1.00,1.00
2017.04.11 13:40:41.971,1.52783,1.52815,1.00,1.50
2017.04.11 13:40:42.123,1.52781,1.52815,1.00,1.00
2017.04.11 13:40:42.252,1.52784,1.52817,1.00,1.00
2017.04.11 13:40:42.353,1.52782,1.52817,1.00,1.50
2017.04.11 13:40:42.762,1.5278,1.52816,3.00,1.00
2017.04.11 13:40:42.913,1.52783,1.52817,1.00,2.25
2017.04.11 13:40:43.416,1.52783,1.52816,1.00,1.00
2017.04.11 13:40:43.467,1.52781,1.52817,1.50,1.50
2017.04.11 13:40:43.517,1.52783,1.52817,1.00,1.00
2017.04.11 13:40:44.374,1.52783,1.52814,1.00,1.00
2017.04.11 13:40:44.425,1.52783,1.52816,1.00,1.00
2017.04.11 13:40:44.476,1.52783,1.52818,1.50,1.00
2017.04.11 13:40:44.527,1.52786,1.52818,1.00,1.00
2017.04.11 13:40:44.847,1.52788,1.5282,1.00,1.00
2017.04.11 13:40:46.172,1.52789,1.52824,1.00,1.00
2017.04.11 13:40:46.410,1.52789,1.52822,1.00,1.00
2017.04.11 13:40:46.713,1.52797,1.52827,1.00,1.87
2017.04.11 13:40:46.965,1.52799,1.52832,1.50,1.00
2017.04.11 13:40:47.403,1.52803,1.52834,1.00,1.00
2017.04.11 13:40:47.605,1.52805,1.52837,1.00,1.00
2017.04.11 13:40:47.706,1.52803,1.52835,1.00,1.00
2017.04.11 13:40:47.757,1.52801,1.52835,1.00,1.00
2017.04.11 13:40:47.909,1.528,1.52833,1.50,1.00
2017.04.11 13:40:48.241,1.52802,1.52835,1.00,1.00
2017.04.11 13:40:48.767,1.52801,1.52834,1.00,1.00
2017.04.11 13:40:49.251,1.52801,1.52832,1.00,1.00
2017.04.11 13:40:50.152,1.52803,1.52832,1.00,1.00
2017.04.11 13:40:50.303,1.52804,1.52836,1.50,1.00
2017.04.11 13:40:50.505,1.52804,1.52839,1.50,1.00
2017.04.11 13:40:50.757,1.52804,1.52837,1.00,1.00
2017.04.11 13:40:51.310,1.52804,1.52836,1.00,1.00
2017.04.11 13:40:51.411,1.52802,1.52836,1.00,1.50
2017.04.11 13:40:52.015,1.52804,1.52836,1.00,1.00
2017.04.11 13:40:52.660,1.52804,1.52833,1.00,1.00
2017.04.11 13:40:52.710,1.52802,1.52833,1.00,1.00
2017.04.11 13:40:52.811,1.52799,1.52828,1.00,1.00
2017.04.11 13:40:52.912,1.52799,1.5283,1.00,1.00
2017.04.11 13:40:53.114,1.52799,1.52828,1.00,1.00
2017.04.11 13:40:53.326,1.52793,1.52828,1.50,1.00
2017.04.11 13:40:53.682,1.52797,1.52828,1.00,1.00
2017.04.11 13:40:53.834,1.52798,1.52831,1.00,1.00
2017.04.11 13:40:53.985,1.52796,1.5283,1.50,1.00
2017.04.11 13:40:54.086,1.52799,1.5283,1.00,1.00
2017.04.11 13:40:54.511,1.52799,1.52825,1.00,1.00
2017.04.11 13:40:54.562,1.52793,1.52825,1.50,1.00
2017.04.11 13:40:54.613,1.52793,1.52822,1.00,1.00
2017.04.11 13:40:54.915,1.52789,1.5282,1.50,1.00
2017.04.11 13:40:55.782,1.52791,1.52821,1.00,1.00
2017.04.11 13:40:57.518,1.52789,1.52819,1.00,1.00
2017.04.11 13:40:57.820,1.52792,1.52821,1.00,1.00
2017.04.11 13:40:58.122,1.52795,1.52823,1.00,1.00
2017.04.11 13:40:58.322,1.52795,1.52825,1.50,1.00
2017.04.11 13:40:58.373,1.52798,1.52825,1.00,1.00
2017.04.11 13:40:58.910,1.52798,1.52827,1.00,1.00
2017.04.11 13:40:59.665,1.52797,1.52827,1.00,1.00
2017.04.11 13:41:00.230,1.52796,1.52827,1.00,1.00
2017.04.11 13:41:00.789,1.52796,1.52825,1.00,1.00
2017.04.11 13:41:01.438,1.52796,1.52828,1.50,1.00
2017.04.11 13:41:01.791,1.52795,1.52825,1.50,1.00
2017.04.11 13:41:02.095,1.52795,1.52827,1.00,1.00
2017.04.11 13:41:02.232,1.52795,1.52825,1.00,1.00
2017.04.11 13:41:03.064,1.52793,1.52825,1.50,1.00
2017.04.11 13:41:03.115,1.52796,1.52823,1.00,1.00
2017.04.11 13:41:03.166,1.52794,1.52823,1.00,1.00
2017.04.11 13:41:03.267,1.52792,1.52825,1.50,1.00
2017.04.11 13:41:03.318,1.52792,1.52821,1.00,1.00
2017.04.11 13:41:03.620,1.52792,1.52824,1.00,1.00
2017.04.11 13:41:03.721,1.5279,1.52818,1.00,1.00
2017.04.11 13:41:03.909,1.52788,1.52819,2.25,1.00
2017.04.11 13:41:04.111,1.52787,1.52816,1.75,1.00
2017.04.11 13:41:04.565,1.52791,1.52816,1.00,1.00
2017.04.11 13:41:04.616,1.52788,1.5282,1.75,1.00
2017.04.11 13:41:04.961,1.52792,1.52821,1.50,1.00
2017.04.11 13:41:05.163,1.52797,1.52827,1.50,1.00
2017.04.11 13:41:05.264,1.52798,1.52829,1.00,1.00
2017.04.11 13:41:05.466,1.528,1.52828,1.00,1.00
2017.04.11 13:41:05.748,1.52801,1.52832,1.00,1.00
2017.04.11 13:41:05.799,1.528,1.5283,1.50,1.00
2017.04.11 13:41:06.002,1.52801,1.52832,1.00,1.00
2017.04.11 13:41:06.284,1.52803,1.52832,1.00,1.00
2017.04.11 13:41:06.334,1.52803,1.52834,1.00,1.00
2017.04.11 13:41:06.942,1.52802,1.52834,1.50,1.00
2017.04.11 13:41:07.043,1.52802,1.52832,1.50,1.00
2017.04.11 13:41:07.549,1.52803,1.52833,1.00,1.00
2017.04.11 13:41:08.079,1.52802,1.52832,1.00,1.00
2017.04.11 13:41:08.734,1.52801,1.5283,1.00,1.00
2017.04.11 13:41:09.125,1.52801,1.52833,1.00,1.00
2017.04.11 13:41:09.487,1.52801,1.5283,1.00,1.00
2017.04.11 13:41:09.846,1.52798,1.52831,2.25,1.00
2017.04.11 13:41:09.897,1.52798,1.52829,1.00,1.00
2017.04.11 13:41:10.099,1.52794,1.52826,2.25,1.00
2017.04.11 13:41:10.780,1.52793,1.52825,1.50,1.00
2017.04.11 13:41:10.931,1.52795,1.52825,1.00,1.00
2017.04.11 13:41:11.032,1.52795,1.52827,1.50,1.50
2017.04.11 13:41:11.133,1.52795,1.52825,1.00,1.00
2017.04.11 13:41:11.448,1.52797,1.52825,1.00,1.00
2017.04.11 13:41:11.549,1.52797,1.52828,1.00,1.00
2017.04.11 13:41:11.947,1.52797,1.52825,1.00,1.00
2017.04.11 13:41:12.430,1.52795,1.52825,1.50,1.00
2017.04.11 13:41:12.531,1.52797,1.52827,1.00,1.00
2017.04.11 13:41:12.806,1.52795,1.52826,1.50,1.00
2017.04.11 13:41:13.535,1.52797,1.52826,1.00,1.00
2017.04.11 13:41:13.637,1.52796,1.52829,1.50,1.00
2017.04.11 13:41:13.839,1.52798,1.52829,1.00,1.00
2017.04.11 13:41:14.758,1.52797,1.52827,1.00,1.00
2017.04.11 13:41:15.426,1.52799,1.52827,1.00,1.00
2017.04.11 13:41:15.814,1.52799,1.52825,1.00,1.00
2017.04.11 13:41:15.965,1.52795,1.52825,1.50,1.00
2017.04.11 13:41:16.103,1.52798,1.52825,1.00,1.00
2017.04.11 13:41:19.431,1.52798,1.52826,1.00,1.50
2017.04.11 13:41:21.433,1.52798,1.52824,1.00,1.00
2017.04.11 13:41:21.897,1.52794,1.52822,1.00,1.00
2017.04.11 13:41:22.099,1.52792,1.5282,1.50,1.00
2017.04.11 13:41:23.059,1.52792,1.52818,1.00,1.00
2017.04.11 13:41:23.160,1.52789,1.52818,1.00,1.50
2017.04.11 13:41:23.261,1.52789,1.52816,1.00,1.00
2017.04.11 13:41:23.720,1.52797,1.52816,1.00,1.00
2017.04.11 13:41:23.807,1.52797,1.52822,1.00,1.87
2017.04.11 13:41:23.959,1.52797,1.52824,1.00,1.00
2017.04.11 13:41:24.445,1.52797,1.52826,1.00,1.00
2017.04.11 13:41:25.041,1.52797,1.52827,1.00,1.00
2017.04.11 13:41:25.325,1.52796,1.52824,1.00,1.00
2017.04.11 13:41:25.426,1.52802,1.52831,1.00,1.12
2017.04.11 13:41:25.476,1.52802,1.52829,1.00,1.00
2017.04.11 13:41:25.577,1.52802,1.52831,1.00,1.00
2017.04.11 13:41:26.125,1.52803,1.52831,1.00,1.00
2017.04.11 13:41:26.175,1.52805,1.52832,1.00,1.00
2017.04.11 13:41:27.135,1.52804,1.52832,1.00,1.00
2017.04.11 13:41:27.618,1.52802,1.5283,1.00,1.00
2017.04.11 13:41:28.122,1.52803,1.5283,1.00,1.00
2017.04.11 13:41:28.681,1.52803,1.52831,1.00,1.00
2017.04.11 13:41:29.999,1.52807,1.52835,1.00,1.00
2017.04.11 13:41:31.426,1.52808,1.52838,1.00,1.50
2017.04.11 13:41:31.930,1.52808,1.52836,1.00,1.50
2017.04.11 13:41:32.478,1.52806,1.52836,1.00,1.00
2017.04.11 13:41:33.384,1.52805,1.52835,1.00,1.00
2017.04.11 13:41:34.887,1.52805,1.52836,1.00,1.00
2017.04.11 13:41:34.938,1.52813,1.52845,1.00,1.75
2017.04.11 13:41:35.242,1.5282,1.52846,1.00,1.00
2017.04.11 13:41:35.948,1.52819,1.52846,1.00,1.00
2017.04.11 13:41:36.728,1.52817,1.52845,1.00,1.00
2017.04.11 13:41:37.063,1.52815,1.52843,1.00,1.00
2017.04.11 13:41:38.047,1.52815,1.52845,1.00,1.00
2017.04.11 13:41:38.428,1.52816,1.52843,1.00,1.00
2017.04.11 13:41:38.732,1.52814,1.52841,1.00,1.00
2017.04.11 13:41:39.237,1.52813,1.5284,1.00,1.00
2017.04.11 13:41:39.767,1.52813,1.52846,1.00,1.12
2017.04.11 13:41:39.819,1.52818,1.52846,1.00,1.00
2017.04.11 13:41:39.970,1.52819,1.52851,1.00,1.50
2017.04.11 13:41:40.828,1.52818,1.52846,1.00,1.00
2017.04.11 13:41:41.424,1.52816,1.52846,1.00,1.00
2017.04.11 13:41:41.475,1.52814,1.52845,1.00,1.00
2017.04.11 13:41:41.728,1.52812,1.52843,1.00,1.00
2017.04.11 13:41:42.250,1.52812,1.52842,1.00,1.00
2017.04.11 13:41:42.804,1.52812,1.52841,1.00,1.00
2017.04.11 13:41:43.583,1.52814,1.52843,1.00,1.00
2017.04.11 13:41:44.198,1.52814,1.52842,1.00,1.00
2017.04.11 13:41:44.890,1.52813,1.52842,1.00,1.00
2017.04.11 13:41:45.194,1.52815,1.52842,1.00,1.00
2017.04.11 13:41:46.124,1.52813,1.52839,1.00,1.00
2017.04.11 13:41:46.177,1.52811,1.52839,1.00,1.00
2017.04.11 13:41:46.480,1.52809,1.52838,1.00,1.00
2017.04.11 13:41:46.944,1.52807,1.52835,1.00,1.00
2017.04.11 13:41:47.484,1.52806,1.52836,1.00,1.00
2017.04.11 13:41:47.991,1.52807,1.52836,1.00,1.00
2017.04.11 13:41:48.514,1.52808,1.52835,1.00,1.00
2017.04.11 13:41:48.867,1.52811,1.52838,1.00,1.00
2017.04.11 13:41:49.171,1.52813,1.5284,1.00,1.00
2017.04.11 13:41:49.576,1.52815,1.52842,1.00,1.00
2017.04.11 13:41:49.879,1.52825,1.5285,1.00,1.00
2017.04.11 13:41:50.131,1.52823,1.5285,1.00,1.00
2017.04.11 13:41:50.333,1.52819,1.52846,1.00,1.00
2017.04.11 13:41:50.681,1.52815,1.52842,1.00,1.00
2017.04.11 13:41:50.734,1.52815,1.52845,1.00,1.00
2017.04.11 13:41:50.936,1.5282,1.52847,1.00,1.00
2017.04.11 13:41:51.239,1.52817,1.52847,1.00,1.00
2017.04.11 13:41:51.747,1.52819,1.52847,1.00,1.00
2017.04.11 13:41:52.150,1.52818,1.52849,1.00,1.00
2017.04.11 13:41:52.201,1.52818,1.52847,1.00,1.00
2017.04.11 13:41:52.504,1.52816,1.52845,1.00,1.00
2017.04.11 13:41:52.811,1.52819,1.52847,1.00,1.00
2017.04.11 13:41:53.327,1.5282,1.52848,1.00,1.00
2017.04.11 13:41:53.630,1.5282,1.52846,1.00,1.00
2017.04.11 13:41:53.832,1.52817,1.52845,1.00,1.00
2017.04.11 13:41:54.119,1.52815,1.52842,1.50,1.00
2017.04.11 13:41:54.492,1.52811,1.52838,1.50,1.00
2017.04.11 13:41:54.795,1.5281,1.52835,1.00,1.00
2017.04.11 13:41:55.345,1.52809,1.52835,1.00,1.00
2017.04.11 13:41:55.601,1.52805,1.52834,1.00,1.00
2017.04.11 13:41:56.336,1.52804,1.52832,1.00,1.00
2017.04.11 13:41:56.639,1.528,1.52827,1.00,1.00
2017.04.11 13:41:57.543,1.52799,1.52831,1.00,1.00
2017.04.11 13:41:57.594,1.52802,1.52829,1.00,1.00
2017.04.11 13:41:57.896,1.52806,1.52835,1.00,1.00
2017.04.11 13:41:58.048,1.5281,1.52836,1.00,1.50
2017.04.11 13:41:58.475,1.52813,1.52839,1.00,1.00
2017.04.11 13:41:59.136,1.52811,1.52838,1.00,1.00
2017.04.11 13:41:59.675,1.52812,1.52838,1.00,1.00
2017.04.11 13:42:00.204,1.52813,1.52839,1.00,1.00
2017.04.11 13:42:00.556,1.52807,1.52842,2.25,1.00
2017.04.11 13:42:00.607,1.5281,1.52842,1.00,1.00
2017.04.11 13:42:00.988,1.5281,1.5284,1.00,1.50
2017.04.11 13:42:01.039,1.52808,1.5284,1.50,1.00
2017.04.11 13:42:01.241,1.52809,1.52842,1.00,1.50
2017.04.11 13:42:01.291,1.52812,1.52842,1.00,1.00
2017.04.11 13:42:01.543,1.52815,1.52846,1.00,1.50
2017.04.11 13:42:02.297,1.52817,1.52846,1.00,1.00
2017.04.11 13:42:02.603,1.52819,1.52846,1.00,1.00
2017.04.11 13:42:03.171,1.52819,1.52847,1.00,1.50
2017.04.11 13:42:03.722,1.52817,1.52846,1.00,1.00
2017.04.11 13:42:04.126,1.52816,1.52849,1.50,1.00
2017.04.11 13:42:04.227,1.52819,1.52849,1.00,1.00
2017.04.11 13:42:04.545,1.52819,1.52847,1.00,1.00
2017.04.11 13:42:05.113,1.52819,1.52846,1.00,1.00
2017.04.11 13:42:05.163,1.52814,1.52846,1.50,1.00
2017.04.11 13:42:05.516,1.52816,1.52845,1.00,1.12
2017.04.11 13:42:05.992,1.52812,1.52845,1.00,1.00
2017.04.11 13:42:06.143,1.52811,1.52841,1.00,1.00
2017.04.11 13:42:06.472,1.52811,1.52843,1.00,1.00
2017.04.11 13:42:06.825,1.52814,1.52843,1.00,1.00
2017.04.11 13:42:07.128,1.52812,1.52843,1.00,1.00
2017.04.11 13:42:07.531,1.52812,1.52846,1.50,1.00
2017.04.11 13:42:07.657,1.52815,1.52846,1.00,1.00
2017.04.11 13:42:08.236,1.52814,1.52846,1.00,1.00
2017.04.11 13:42:08.581,1.52817,1.52846,1.00,1.00
2017.04.11 13:42:08.934,1.52815,1.52847,1.00,1.00
2017.04.11 13:42:09.369,1.52815,1.52846,1.00,1.50
2017.04.11 13:42:09.672,1.52818,1.52847,1.00,1.00
2017.04.11 13:42:09.773,1.52818,1.5285,1.00,1.00
2017.04.11 13:42:10.260,1.52823,1.52851,1.00,1.00
2017.04.11 13:42:10.361,1.52823,1.52853,1.00,1.50
2017.04.11 13:42:10.664,1.52823,1.52856,1.00,1.00
2017.04.11 13:42:10.865,1.52823,1.52857,1.00,1.95
2017.04.11 13:42:11.181,1.52825,1.52858,1.00,2.77
2017.04.11 13:42:11.231,1.52825,1.52856,1.00,1.00
2017.04.11 13:42:11.765,1.52824,1.52856,1.50,1.00
2017.04.11 13:42:11.816,1.52824,1.52856,1.50,1.37
2017.04.11 13:42:12.219,1.52823,1.52852,1.00,1.37
2017.04.11 13:42:12.320,1.5282,1.52852,1.00,1.12
2017.04.11 13:42:12.700,1.52818,1.52852,1.00,1.37
2017.04.11 13:42:12.907,1.5282,1.52852,1.00,1.37
2017.04.11 13:42:13.429,1.52817,1.52849,1.00,1.00
2017.04.11 13:42:13.678,1.52817,1.52847,1.00,1.00
2017.04.11 13:42:14.029,1.52814,1.52846,1.00,1.50
2017.04.11 13:42:14.574,1.52815,1.52846,1.00,1.50
2017.04.11 13:42:14.726,1.52815,1.52848,1.00,2.25
2017.04.11 13:42:15.028,1.52817,1.52848,1.00,1.00
2017.04.11 13:42:15.129,1.52815,1.52848,1.00,1.00
2017.04.11 13:42:15.914,1.52817,1.52848,1.00,1.00
2017.04.11 13:42:16.015,1.52815,1.52848,1.00,1.50
2017.04.11 13:42:16.167,1.52815,1.52846,1.00,1.00
2017.04.11 13:42:16.268,1.52812,1.52846,1.00,1.00
2017.04.11 13:42:16.318,1.52811,1.52844,1.00,1.00
2017.04.11 13:42:16.946,1.52809,1.52842,1.00,1.50
2017.04.11 13:42:17.430,1.52812,1.52843,1.00,1.00
2017.04.11 13:42:17.481,1.5281,1.52843,1.50,1.50
2017.04.11 13:42:17.656,1.5281,1.52841,1.00,1.00
2017.04.11 13:42:17.959,1.52808,1.52841,1.00,1.00
2017.04.11 13:42:18.563,1.52812,1.52838,1.00,1.00
2017.04.11 13:42:19.764,1.5281,1.52838,1.00,1.50
2017.04.11 13:42:20.980,1.5281,1.52836,1.00,1.00
2017.04.11 13:42:21.333,1.52805,1.52834,1.00,1.00
2017.04.11 13:42:21.535,1.52804,1.52831,1.00,1.00
2017.04.11 13:42:21.859,1.52803,1.52829,1.00,1.00
2017.04.11 13:42:22.010,1.52804,1.52832,1.00,1.00
2017.04.11 13:42:22.514,1.52804,1.52833,1.00,1.50
2017.04.11 13:42:22.565,1.52802,1.52829,1.00,1.00
2017.04.11 13:42:22.859,1.528,1.52829,1.00,1.50
2017.04.11 13:42:22.960,1.52803,1.52827,1.00,1.00
2017.04.11 13:42:23.223,1.52803,1.5283,1.00,1.00
2017.04.11 13:42:23.425,1.52803,1.52828,1.00,1.00
2017.04.11 13:42:23.973,1.52802,1.52828,1.00,1.00
2017.04.11 13:42:24.960,1.52803,1.52828,1.00,1.00
2017.04.11 13:42:25.666,1.52801,1.52828,1.00,1.00
2017.04.11 13:42:25.868,1.52799,1.52825,1.00,1.00
2017.04.11 13:42:26.171,1.52799,1.5282,1.00,1.00
2017.04.11 13:42:26.272,1.52799,1.52824,1.00,1.00
2017.04.11 13:42:26.781,1.52799,1.52825,1.00,1.50
2017.04.11 13:42:27.051,1.52796,1.52824,1.00,1.50
2017.04.11 13:42:28.047,1.52796,1.52823,1.00,1.00
2017.04.11 13:42:29.801,1.52792,1.52822,1.00,1.00
2017.04.11 13:42:30.880,1.52793,1.52823,1.00,1.00
2017.04.11 13:42:32.028,1.52792,1.52823,1.00,1.00
2017.04.11 13:42:33.049,1.52789,1.52822,1.00,1.00
2017.04.11 13:42:33.251,1.52791,1.52821,1.00,1.00
2017.04.11 13:42:33.894,1.52785,1.52817,1.12,1.00
2017.04.11 13:42:34.450,1.52785,1.52816,1.00,1.00
2017.04.11 13:42:34.559,1.52785,1.52813,1.00,1.00
2017.04.11 13:42:35.362,1.52785,1.52812,1.00,1.00
2017.04.11 13:42:35.667,1.52785,1.52815,1.00,1.00
2017.04.11 13:42:35.981,1.52786,1.52812,1.00,1.00
2017.04.11 13:42:36.706,1.52782,1.52812,1.00,1.00
2017.04.11 13:42:39.023,1.5278,1.52812,1.00,1.50
2017.04.11 13:42:39.376,1.52785,1.52812,1.00,1.00
2017.04.11 13:42:39.477,1.52785,1.52815,1.00,1.00
2017.04.11 13:42:40.196,1.52783,1.52815,1.00,1.50
2017.04.11 13:42:40.347,1.52783,1.52813,1.00,1.00
2017.04.11 13:42:40.801,1.52785,1.52813,1.00,1.00
2017.04.11 13:42:40.952,1.52786,1.52816,1.00,1.00
2017.04.11 13:42:41.235,1.52784,1.52816,1.00,1.50
2017.04.11 13:42:41.336,1.52787,1.52816,1.00,1.00
2017.04.11 13:42:41.689,1.52787,1.52814,1.00,1.00
2017.04.11 13:42:42.293,1.52788,1.52814,1.00,1.00
2017.04.11 13:42:45.402,1.52783,1.52814,1.00,1.00
2017.04.11 13:42:45.975,1.52783,1.52813,1.00,1.00
2017.04.11 13:42:46.518,1.52784,1.52813,1.00,1.00
2017.04.11 13:42:47.932,1.52783,1.52812,1.00,1.00
2017.04.11 13:42:47.983,1.52783,1.52809,1.00,1.00
2017.04.11 13:42:48.509,1.52783,1.5281,1.00,1.00
2017.04.11 13:42:48.901,1.52781,1.5281,1.00,1.00
2017.04.11 13:42:49.298,1.52783,1.52811,1.00,1.00
2017.04.11 13:42:49.608,1.52783,1.52809,1.00,1.00
2017.04.11 13:42:49.996,1.52779,1.52809,1.50,1.00
2017.04.11 13:42:51.788,1.52781,1.5281,1.00,1.00
2017.04.11 13:42:52.313,1.52781,1.52809,1.00,1.00
2017.04.11 13:42:52.836,1.52781,1.52808,1.00,1.00
2017.04.11 13:42:53.365,1.52781,1.52809,1.00,1.00
2017.04.11 13:42:53.893,1.52781,1.52808,1.00,1.00
2017.04.11 13:42:54.212,1.52784,1.52811,1.00,1.00
2017.04.11 13:42:54.767,1.52784,1.52812,1.00,1.00
2017.04.11 13:42:54.969,1.52782,1.52811,1.00,1.00
2017.04.11 13:42:55.471,1.52782,1.5281,1.00,1.00
2017.04.11 13:42:56.406,1.52782,1.52808,1.00,1.00
2017.04.11 13:42:56.461,1.5278,1.52808,1.00,1.00
2017.04.11 13:42:56.706,1.5278,1.5281,1.00,1.50
2017.04.11 13:42:58.662,1.52779,1.5281,1.50,1.50
2017.04.11 13:42:58.763,1.52777,1.52809,1.50,1.50
2017.04.11 13:42:59.276,1.52777,1.52806,1.00,1.00
2017.04.11 13:43:04.720,1.52778,1.52807,1.00,1.00
2017.04.11 13:43:05.925,1.52779,1.52807,1.00,1.00
2017.04.11 13:43:06.892,1.52778,1.52807,1.00,1.50
2017.04.11 13:43:07.362,1.5278,1.52806,1.00,1.00
2017.04.11 13:43:07.464,1.5278,1.52808,1.00,1.00
2017.04.11 13:43:07.646,1.52781,1.52811,1.00,1.00
2017.04.11 13:43:09.018,1.52781,1.52812,1.00,1.00
2017.04.11 13:43:09.087,1.52781,1.5281,1.00,1.00
2017.04.11 13:43:09.555,1.52781,1.52812,1.00,1.00
2017.04.11 13:43:10.742,1.52781,1.52811,1.00,1.00
2017.04.11 13:43:11.727,1.52781,1.5281,1.00,1.00
2017.04.11 13:43:12.145,1.52779,1.5281,1.50,1.00
2017.04.11 13:43:12.390,1.52781,1.52811,1.00,1.50
2017.04.11 13:43:13.253,1.52782,1.52811,1.00,1.00
2017.04.11 13:43:13.304,1.52784,1.52814,1.00,1.00
2017.04.11 13:43:13.355,1.52786,1.52815,1.00,1.50
2017.04.11 13:43:13.659,1.52797,1.52826,1.50,1.00
2017.04.11 13:43:14.033,1.52799,1.52826,1.00,1.00
2017.04.11 13:43:14.442,1.52799,1.52828,1.00,1.00
2017.04.11 13:43:14.999,1.52799,1.52829,1.00,1.00
2017.04.11 13:43:15.645,1.528,1.5283,1.00,1.50
2017.04.11 13:43:16.165,1.52799,1.5283,1.00,1.00
2017.04.11 13:43:16.467,1.52799,1.52827,1.00,1.00
2017.04.11 13:43:16.770,1.52799,1.52829,1.50,1.00
2017.04.11 13:43:17.303,1.528,1.52828,1.00,1.00
2017.04.11 13:43:17.821,1.52801,1.52828,1.00,1.00
2017.04.11 13:43:17.972,1.52801,1.5283,1.00,1.50
2017.04.11 13:43:18.174,1.52801,1.52828,1.00,1.00
2017.04.11 13:43:18.275,1.52801,1.5283,1.00,1.50
2017.04.11 13:43:18.781,1.52802,1.52831,1.00,1.00
2017.04.11 13:43:19.466,1.52806,1.52831,1.00,1.00
2017.04.11 13:43:20.488,1.52806,1.52835,1.00,1.00
2017.04.11 13:43:20.640,1.52808,1.52835,1.00,1.00
2017.04.11 13:43:20.967,1.52808,1.52833,1.00,1.00
2017.04.11 13:43:21.068,1.52806,1.52833,1.00,1.00
2017.04.11 13:43:21.270,1.52803,1.52832,1.00,1.00
2017.04.11 13:43:21.649,1.52805,1.52832,1.00,1.00
2017.04.11 13:43:22.178,1.52804,1.52832,1.00,1.00
2017.04.11 13:43:22.279,1.52801,1.52832,1.50,1.00
2017.04.11 13:43:22.380,1.52804,1.52832,1.00,1.00
2017.04.11 13:43:22.697,1.52804,1.52834,1.50,1.50
2017.04.11 13:43:22.747,1.52805,1.52831,1.00,1.00
2017.04.11 13:43:23.296,1.52806,1.52835,1.00,1.50
2017.04.11 13:43:24.203,1.52806,1.52834,1.00,1.00
2017.04.11 13:43:24.253,1.52808,1.52835,1.00,1.00
2017.04.11 13:43:25.857,1.52805,1.52835,1.00,1.00
2017.04.11 13:43:25.958,1.52808,1.52836,1.00,1.00
2017.04.11 13:43:26.462,1.52809,1.52835,1.00,1.00
2017.04.11 13:43:26.599,1.52807,1.52835,1.00,1.50
2017.04.11 13:43:26.650,1.52805,1.52833,1.50,1.00
2017.04.11 13:43:27.154,1.52804,1.52832,1.00,1.00
2017.04.11 13:43:27.608,1.52802,1.52832,1.50,1.00
2017.04.11 13:43:28.014,1.52804,1.52832,1.00,1.00
2017.04.11 13:43:28.518,1.52804,1.52831,1.00,1.00
2017.04.11 13:43:28.669,1.52802,1.52831,1.00,1.50
2017.04.11 13:43:29.552,1.52801,1.52831,1.00,1.50
2017.04.11 13:43:29.804,1.52803,1.5283,1.00,1.00
2017.04.11 13:43:29.905,1.52801,1.5283,1.00,1.00
2017.04.11 13:43:29.956,1.52801,1.52827,1.00,1.00
2017.04.11 13:43:30.006,1.52801,1.5283,1.00,1.00
2017.04.11 13:43:30.158,1.52801,1.52827,1.00,1.00
2017.04.11 13:43:30.569,1.52798,1.52826,1.50,1.00
2017.04.11 13:43:31.162,1.52798,1.52825,1.00,1.00
2017.04.11 13:43:31.263,1.52797,1.52827,1.00,1.50
2017.04.11 13:43:31.767,1.52797,1.52826,1.50,1.00
2017.04.11 13:43:32.237,1.52799,1.52826,1.00,1.00
2017.04.11 13:43:32.796,1.52799,1.52827,1.00,1.00
2017.04.11 13:43:33.098,1.52797,1.52824,1.00,1.00
2017.04.11 13:43:33.250,1.52797,1.52826,1.00,1.00
2017.04.11 13:43:33.765,1.52797,1.52827,1.00,1.00
2017.04.11 13:43:34.029,1.52796,1.52825,1.50,1.00
2017.04.11 13:43:34.332,1.52798,1.52826,1.00,1.00
2017.04.11 13:43:34.870,1.52799,1.52827,1.00,1.00
2017.04.11 13:43:35.264,1.52797,1.52827,1.00,1.00
2017.04.11 13:43:35.805,1.52796,1.52826,1.00,1.00
2017.04.11 13:43:36.007,1.52798,1.52826,1.00,1.00
2017.04.11 13:43:36.554,1.52799,1.52826,1.00,1.00
2017.04.11 13:43:37.087,1.52797,1.52826,1.00,1.50
2017.04.11 13:43:37.340,1.52796,1.52824,1.00,1.00
2017.04.11 13:43:37.849,1.52796,1.52823,1.00,1.00
2017.04.11 13:43:38.106,1.52794,1.52823,1.00,1.00
2017.04.11 13:43:38.642,1.52794,1.52822,1.00,1.00
2017.04.11 13:43:39.047,1.52791,1.52818,1.00,1.00
2017.04.11 13:43:39.349,1.52782,1.52809,1.95,1.00
2017.04.11 13:43:40.152,1.52782,1.52812,1.50,1.50
2017.04.11 13:43:41.175,1.52782,1.5281,1.00,1.00
2017.04.11 13:43:42.217,1.52782,1.52808,1.00,1.00
2017.04.11 13:43:43.597,1.5278,1.52808,1.00,1.00
2017.04.11 13:43:43.698,1.52782,1.52808,1.00,1.00
2017.04.11 13:43:43.903,1.5278,1.52808,1.50,1.00
2017.04.11 13:43:44.017,1.52783,1.5281,1.00,1.00
2017.04.11 13:43:45.029,1.52782,1.5281,1.00,1.00
2017.04.11 13:43:47.104,1.52783,1.5281,1.00,1.00
2017.04.11 13:43:47.866,1.52785,1.52813,1.00,1.00
2017.04.11 13:43:48.287,1.52792,1.52815,1.00,1.00
2017.04.11 13:43:48.405,1.52792,1.52822,1.50,1.00
2017.04.11 13:43:48.708,1.52795,1.52822,1.00,1.00
2017.04.11 13:43:50.600,1.52793,1.52822,1.00,1.00
2017.04.11 13:43:50.919,1.52791,1.5282,1.00,1.00
2017.04.11 13:43:51.574,1.52792,1.52819,1.00,1.00
2017.04.11 13:43:52.244,1.52793,1.52823,1.00,1.00
2017.04.11 13:43:52.540,1.52795,1.52823,1.00,1.00
2017.04.11 13:43:53.177,1.52795,1.52822,1.50,1.00
2017.04.11 13:43:55.716,1.52796,1.52822,1.00,1.00
2017.04.11 13:43:56.400,1.52797,1.52826,1.00,1.50
2017.04.11 13:43:56.703,1.52799,1.52826,1.00,1.50
2017.04.11 13:43:57.225,1.52799,1.52827,1.50,1.00
2017.04.11 13:43:57.741,1.528,1.52827,1.00,1.00
2017.04.11 13:43:59.021,1.528,1.52826,1.00,1.00
2017.04.11 13:44:00.318,1.528,1.52827,1.00,1.50
2017.04.11 13:44:00.649,1.52791,1.52816,1.00,1.00
2017.04.11 13:44:00.700,1.52789,1.52816,1.00,1.00
2017.04.11 13:44:00.801,1.52787,1.52815,1.00,1.00
2017.04.11 13:44:01.305,1.52789,1.52815,1.00,1.00
2017.04.11 13:44:03.371,1.52789,1.52814,1.00,1.00
2017.04.11 13:44:03.916,1.52788,1.52815,1.50,1.00
2017.04.11 13:44:04.263,1.52793,1.5282,1.00,1.50
2017.04.11 13:44:04.566,1.52796,1.5282,1.00,1.00
2017.04.11 13:44:04.837,1.52793,1.5282,1.00,1.00
2017.04.11 13:44:06.599,1.52792,1.52818,1.00,1.00
2017.04.11 13:44:06.650,1.5279,1.52818,1.50,1.00
2017.04.11 13:44:08.877,1.52792,1.52821,1.00,1.00
2017.04.11 13:44:09.391,1.52793,1.52821,1.00,1.00
2017.04.11 13:44:10.755,1.52796,1.52824,1.00,1.00
2017.04.11 13:44:11.298,1.52797,1.52823,1.00,1.00
2017.04.11 13:44:11.684,1.52794,1.52823,1.00,1.00
2017.04.11 13:44:15.600,1.52794,1.52819,1.00,1.00
2017.04.11 13:44:15.651,1.52793,1.52822,1.00,1.00
2017.04.11 13:44:15.753,1.52791,1.52821,1.50,1.00
2017.04.11 13:44:16.468,1.52793,1.52821,1.00,1.00
2017.04.11 13:44:17.004,1.52794,1.52821,1.50,1.00
2017.04.11 13:44:17.316,1.52796,1.52823,1.00,1.00
2017.04.11 13:44:17.619,1.52799,1.52826,1.00,1.00
2017.04.11 13:44:18.407,1.52799,1.52827,1.00,1.00
2017.04.11 13:44:21.170,1.52799,1.52826,1.00,1.00
2017.04.11 13:44:24.704,1.52799,1.52825,1.00,1.00
2017.04.11 13:44:25.213,1.52798,1.52825,1.00,1.00
2017.04.11 13:44:26.005,1.52799,1.52826,1.00,1.50
2017.04.11 13:44:26.308,1.52794,1.52819,1.00,1.00
2017.04.11 13:44:26.359,1.52792,1.52819,1.50,1.00
2017.04.11 13:44:26.560,1.52794,1.52819,1.00,1.00
2017.04.11 13:44:27.243,1.52792,1.52819,1.00,1.00
2017.04.11 13:44:27.729,1.52797,1.52823,1.00,1.00
2017.04.11 13:44:28.246,1.52797,1.52824,1.00,1.00
2017.04.11 13:44:28.883,1.52801,1.52824,1.00,1.00
2017.04.11 13:44:29.175,1.52801,1.52827,1.00,1.00
2017.04.11 13:44:29.714,1.52802,1.52827,1.00,1.00
2017.04.11 13:44:30.365,1.52801,1.52827,1.00,1.00
2017.04.11 13:44:30.466,1.52798,1.52824,1.00,1.00
2017.04.11 13:44:31.013,1.52797,1.52824,1.50,1.00
2017.04.11 13:44:31.672,1.52799,1.52824,1.00,1.00
2017.04.11 13:44:31.773,1.52799,1.52826,1.50,1.50
2017.04.11 13:44:32.292,1.528,1.52826,1.00,1.50
2017.04.11 13:44:33.406,1.52801,1.52829,1.00,1.00
2017.04.11 13:44:33.658,1.52803,1.52829,1.00,1.00
2017.04.11 13:44:34.044,1.52801,1.52826,1.50,1.00
2017.04.11 13:44:34.296,1.52796,1.52823,1.00,1.00
2017.04.11 13:44:35.136,1.52796,1.52822,1.00,1.00
2017.04.11 13:44:35.654,1.52801,1.52826,1.00,1.00
2017.04.11 13:44:35.707,1.52801,1.5283,1.00,1.00
2017.04.11 13:44:36.063,1.52804,1.5283,1.00,1.00
2017.04.11 13:44:36.598,1.52804,1.52831,2.25,1.00
2017.04.11 13:44:37.105,1.52804,1.52832,1.50,1.00
2017.04.11 13:44:37.858,1.52803,1.52832,1.00,1.00
2017.04.11 13:44:38.170,1.52806,1.52835,1.00,1.00
2017.04.11 13:44:38.473,1.52802,1.52832,1.50,1.00
2017.04.11 13:44:38.624,1.52804,1.52828,1.00,1.00
2017.04.11 13:44:38.725,1.52801,1.52828,1.00,1.00
2017.04.11 13:44:39.108,1.52801,1.5283,1.00,1.00
2017.04.11 13:44:39.657,1.52801,1.52831,1.00,1.00
2017.04.11 13:44:40.261,1.52802,1.5283,1.00,1.00
2017.04.11 13:44:40.614,1.52801,1.52828,1.00,1.00
2017.04.11 13:44:41.617,1.528,1.52828,1.00,1.50
2017.04.11 13:44:41.931,1.52797,1.52825,1.00,1.00
2017.04.11 13:44:42.233,1.528,1.52825,1.00,1.00
2017.04.11 13:44:42.284,1.528,1.52827,1.00,1.00
2017.04.11 13:44:42.335,1.52801,1.52829,1.00,1.00
2017.04.11 13:44:42.869,1.52801,1.5283,1.00,1.00
2017.04.11 13:44:43.021,1.52803,1.5283,1.00,1.00
2017.04.11 13:44:43.427,1.52805,1.52831,1.00,1.00
2017.04.11 13:44:43.478,1.52803,1.52832,1.00,1.00
2017.04.11 13:44:44.175,1.52804,1.52834,1.00,1.00
2017.04.11 13:44:44.528,1.52804,1.52832,1.00,1.00
2017.04.11 13:44:44.839,1.52803,1.5283,1.00,1.00
2017.04.11 13:44:45.220,1.52801,1.52828,1.00,1.00
2017.04.11 13:44:45.771,1.528,1.52827,1.00,1.00
2017.04.11 13:44:46.196,1.52806,1.52829,1.00,1.00
2017.04.11 13:44:46.298,1.52806,1.52833,1.00,1.50
2017.04.11 13:44:46.844,1.52807,1.52834,1.00,1.00
2017.04.11 13:44:46.995,1.52805,1.52832,1.00,1.00
2017.04.11 13:44:47.480,1.52802,1.52831,1.00,1.00
2017.04.11 13:44:49.316,1.52802,1.5283,1.00,1.00
2017.04.11 13:44:49.518,1.52804,1.5283,1.00,1.00
2017.04.11 13:44:50.524,1.52803,1.52832,1.00,1.00
2017.04.11 13:44:50.927,1.52806,1.52833,1.00,1.00
2017.04.11 13:44:50.978,1.52807,1.52835,1.00,1.00
2017.04.11 13:44:51.028,1.5281,1.52835,1.00,1.00
2017.04.11 13:44:51.079,1.5281,1.52837,1.00,1.50
2017.04.11 13:44:51.230,1.52812,1.52837,1.00,1.00
2017.04.11 13:44:51.281,1.52812,1.52841,1.00,1.00
2017.04.11 13:44:51.465,1.52815,1.52842,1.00,1.50
2017.04.11 13:44:51.618,1.52817,1.52846,1.00,2.25
2017.04.11 13:44:51.668,1.52819,1.52846,1.00,1.50
2017.04.11 13:44:51.820,1.52819,1.52848,1.00,1.50
2017.04.11 13:44:52.021,1.52819,1.52845,1.00,1.00
2017.04.11 13:44:52.123,1.52819,1.52848,1.00,1.00
2017.04.11 13:44:52.174,1.52823,1.5285,1.00,1.50
2017.04.11 13:44:52.528,1.52823,1.52846,1.00,1.00
2017.04.11 13:44:52.731,1.52823,1.5285,1.00,1.00
2017.04.11 13:44:53.135,1.52823,1.52847,1.00,1.00
2017.04.11 13:44:53.388,1.52824,1.5285,1.00,1.00
2017.04.11 13:44:53.489,1.52821,1.52848,1.00,1.00
2017.04.11 13:44:53.731,1.52819,1.52845,1.00,1.00
2017.04.11 13:44:54.627,1.52818,1.52845,1.00,1.00
2017.04.11 13:44:55.253,1.52818,1.52847,1.00,1.50
2017.04.11 13:44:55.881,1.52818,1.52845,1.00,1.00
2017.04.11 13:44:57.417,1.52816,1.52843,1.00,1.00
2017.04.11 13:44:57.731,1.5281,1.52837,1.00,1.00
2017.04.11 13:44:58.674,1.52811,1.52838,1.00,1.50
2017.04.11 13:45:00.109,1.5281,1.52838,1.00,1.00
2017.04.11 13:45:00.445,1.52812,1.52838,1.00,1.00
2017.04.11 13:45:00.859,1.52815,1.52842,1.00,1.50
2017.04.11 13:45:01.496,1.52815,1.52841,1.00,1.00
2017.04.11 13:45:02.060,1.52814,1.52841,1.00,1.00
2017.04.11 13:45:02.531,1.52819,1.52845,1.00,1.00
2017.04.11 13:45:03.427,1.52818,1.52844,1.00,1.00
2017.04.11 13:45:03.657,1.52814,1.52843,1.50,1.50
2017.04.11 13:45:03.708,1.52814,1.52841,1.50,1.00
2017.04.11 13:45:04.010,1.52814,1.52843,1.50,1.50
2017.04.11 13:45:04.420,1.52818,1.52841,1.00,1.00
2017.04.11 13:45:04.574,1.52818,1.52843,1.00,1.00
2017.04.11 13:45:04.952,1.5282,1.52843,1.00,1.00
2017.04.11 13:45:05.204,1.52818,1.52846,1.50,1.00
2017.04.11 13:45:05.415,1.52818,1.52844,1.00,1.00
2017.04.11 13:45:05.958,1.52817,1.52844,1.00,1.00
2017.04.11 13:45:06.463,1.52815,1.52842,1.50,1.00
2017.04.11 13:45:07.075,1.52815,1.52841,1.00,1.00
2017.04.11 13:45:07.429,1.52817,1.52844,1.00,1.00
2017.04.11 13:45:07.642,1.5282,1.52844,1.00,1.00
2017.04.11 13:45:07.743,1.5282,1.52847,1.00,1.00
2017.04.11 13:45:09.666,1.52821,1.52847,1.00,1.00
2017.04.11 13:45:10.235,1.52822,1.52848,1.00,1.00
2017.04.11 13:45:11.020,1.5282,1.52847,1.00,1.00
2017.04.11 13:45:11.898,1.52818,1.52847,1.50,1.00
2017.04.11 13:45:11.999,1.52818,1.52845,1.50,1.00
2017.04.11 13:45:12.252,1.52818,1.52847,1.00,1.00
2017.04.11 13:45:12.789,1.52818,1.52845,1.00,1.00
2017.04.11 13:45:13.110,1.52813,1.52841,1.00,1.00
2017.04.11 13:45:13.303,1.5281,1.52839,1.00,1.00
2017.04.11 13:45:13.404,1.52813,1.5284,1.00,1.50
2017.04.11 13:45:14.128,1.52813,1.52841,1.00,1.50
2017.04.11 13:45:14.431,1.52816,1.52844,1.00,1.50
2017.04.11 13:45:14.743,1.52814,1.52842,1.00,1.00
2017.04.11 13:45:15.386,1.52816,1.52844,1.00,1.00
2017.04.11 13:45:15.688,1.52818,1.52846,1.00,1.00
2017.04.11 13:45:16.197,1.52816,1.52846,1.50,1.00
2017.04.11 13:45:16.247,1.52818,1.52846,1.00,1.00
2017.04.11 13:45:16.760,1.52819,1.52847,1.00,1.00
2017.04.11 13:45:19.261,1.5282,1.52847,1.00,1.00
2017.04.11 13:45:19.830,1.52819,1.52847,1.00,1.00
2017.04.11 13:45:20.576,1.52818,1.52846,1.50,1.00
2017.04.11 13:45:21.405,1.52819,1.52847,1.00,1.00
2017.04.11 13:45:21.557,1.52816,1.52846,1.00,1.00
2017.04.11 13:45:21.859,1.52816,1.52844,1.00,1.00
2017.04.11 13:45:22.412,1.52815,1.52843,1.00,1.50
2017.04.11 13:45:23.547,1.52816,1.52843,1.00,1.00
2017.04.11 13:45:23.648,1.52817,1.52847,1.00,1.00
2017.04.11 13:45:23.830,1.52816,1.52844,1.00,1.00
2017.04.11 13:45:24.312,1.52816,1.52844,1.07,1.50
2017.04.11 13:45:24.463,1.5282,1.52848,1.00,1.00
2017.04.11 13:45:24.721,1.52823,1.52848,1.00,1.00
2017.04.11 13:45:24.772,1.52823,1.52851,1.00,1.00
2017.04.11 13:45:26.648,1.52823,1.52854,1.10,1.50
2017.04.11 13:45:27.205,1.52827,1.52854,1.00,1.00
2017.04.11 13:45:27.507,1.52835,1.52864,1.00,1.65
2017.04.11 13:45:27.799,1.52832,1.52862,1.00,1.00
2017.04.11 13:45:27.850,1.52832,1.52857,1.00,1.00
2017.04.11 13:45:27.951,1.52834,1.52863,1.00,1.00
2017.04.11 13:45:28.052,1.52834,1.52861,1.00,1.00
2017.04.11 13:45:28.354,1.52834,1.52864,1.00,1.50
2017.04.11 13:45:29.981,1.52834,1.52863,1.00,1.00
2017.04.11 13:45:30.091,1.52831,1.5286,1.00,1.00
2017.04.11 13:45:30.393,1.5283,1.52857,1.10,1.00
2017.04.11 13:45:30.953,1.5283,1.52856,1.00,1.00
2017.04.11 13:45:31.319,1.52827,1.52856,1.00,1.50
2017.04.11 13:45:31.421,1.52829,1.52855,1.00,1.00
2017.04.11 13:45:31.729,1.52829,1.52856,1.04,1.00
2017.04.11 13:45:32.044,1.52823,1.5285,1.00,1.00
2017.04.11 13:45:32.398,1.52819,1.52848,1.00,1.00
2017.04.11 13:45:32.700,1.52819,1.52846,1.00,1.00
2017.04.11 13:45:35.574,1.52817,1.52846,1.00,1.00
2017.04.11 13:45:36.355,1.52817,1.52843,1.00,1.00
2017.04.11 13:45:36.871,1.52818,1.52848,1.00,1.00
2017.04.11 13:45:37.023,1.5282,1.52848,1.00,1.00
2017.04.11 13:45:37.406,1.5282,1.52851,1.00,1.00
2017.04.11 13:45:37.592,1.52822,1.52851,1.00,1.00
2017.04.11 13:45:38.889,1.52822,1.5285,1.00,1.00
2017.04.11 13:45:42.377,1.52822,1.52851,1.00,1.50
2017.04.11 13:45:42.958,1.52822,1.5285,1.00,1.00
2017.04.11 13:45:43.276,1.52822,1.52847,1.00,1.00
2017.04.11 13:45:44.089,1.52821,1.52847,1.00,1.00
2017.04.11 13:45:44.352,1.52821,1.5285,1.00,1.00
2017.04.11 13:45:44.402,1.52821,1.52847,1.00,1.00
2017.04.11 13:45:44.645,1.52821,1.5285,1.00,1.00
2017.04.11 13:45:45.367,1.52821,1.52851,1.00,1.00
2017.04.11 13:45:45.616,1.52823,1.52851,1.00,1.00
2017.04.11 13:45:45.901,1.52819,1.52849,1.00,1.00
2017.04.11 13:45:45.952,1.52819,1.52846,1.00,1.00
2017.04.11 13:45:46.264,1.52819,1.52844,1.00,1.00
2017.04.11 13:45:46.315,1.52819,1.52846,1.00,1.50
2017.04.11 13:45:46.907,1.5282,1.52846,1.00,1.50
2017.04.11 13:45:47.899,1.52819,1.52846,1.00,1.00
2017.04.11 13:45:48.084,1.52819,1.52844,1.00,1.00
2017.04.11 13:45:48.933,1.52818,1.52844,1.00,1.00
2017.04.11 13:45:50.838,1.52818,1.52846,1.00,1.50
2017.04.11 13:45:51.247,1.52821,1.52846,1.00,1.00
2017.04.11 13:45:51.500,1.52826,1.52854,1.00,1.00
2017.04.11 13:45:51.773,1.52826,1.52856,1.50,1.00
2017.04.11 13:45:52.346,1.52827,1.52856,1.00,1.50
2017.04.11 13:45:53.669,1.52828,1.52856,1.00,1.00
2017.04.11 13:45:53.820,1.52828,1.52858,1.00,1.00
2017.04.11 13:45:53.921,1.52831,1.52859,1.00,1.00
2017.04.11 13:45:54.256,1.52831,1.52857,1.00,1.00
2017.04.11 13:45:54.422,1.52831,1.5286,1.00,1.50
2017.04.11 13:45:55.036,1.52831,1.5286,1.15,1.00
2017.04.11 13:45:55.146,1.52831,1.5286,1.00,1.00
2017.04.11 13:45:55.247,1.52831,1.5286,1.15,1.00
2017.04.11 13:45:55.883,1.52831,1.52859,1.15,1.00
2017.04.11 13:45:55.934,1.52831,1.52859,1.15,1.00
2017.04.11 13:45:55.984,1.52829,1.52857,1.15,1.00
2017.04.11 13:45:56.035,1.52829,1.52857,1.17,1.00
2017.04.11 13:45:56.236,1.52828,1.52856,1.15,1.00
2017.04.11 13:45:56.870,1.52828,1.52856,1.15,1.50
2017.04.11 13:45:57.475,1.52826,1.52854,1.00,1.00
2017.04.11 13:45:57.628,1.52824,1.52854,1.50,1.00
2017.04.11 13:45:58.469,1.52824,1.52853,1.00,1.00
2017.04.11 13:45:58.890,1.52822,1.52853,1.50,1.00
2017.04.11 13:45:59.960,1.52823,1.52851,1.00,1.00
2017.04.11 13:46:00.277,1.52826,1.52853,1.00,1.00
2017.04.11 13:46:00.491,1.52826,1.52855,1.00,1.50
2017.04.11 13:46:01.248,1.52829,1.52855,1.00,1.00
2017.04.11 13:46:01.399,1.5283,1.52858,1.00,1.00
2017.04.11 13:46:01.924,1.52831,1.52858,1.00,1.00
2017.04.11 13:46:02.379,1.52832,1.5286,1.00,1.00
2017.04.11 13:46:03.296,1.52831,1.5286,1.00,1.00
2017.04.11 13:46:03.899,1.52829,1.52856,1.00,1.00
2017.04.11 13:46:04.000,1.52826,1.52854,1.00,1.00
2017.04.11 13:46:05.083,1.52827,1.52855,1.00,1.00
2017.04.11 13:46:07.142,1.52826,1.52854,1.00,1.00
2017.04.11 13:46:07.718,1.52827,1.52856,1.00,1.50
2017.04.11 13:46:08.878,1.52827,1.52855,1.00,1.00
2017.04.11 13:46:09.483,1.52826,1.52855,1.00,1.00
2017.04.11 13:46:12.123,1.52825,1.52855,1.00,1.00
2017.04.11 13:46:12.998,1.52824,1.52851,1.00,1.00
2017.04.11 13:46:13.330,1.52818,1.52846,1.00,1.00
2017.04.11 13:46:13.431,1.52818,1.52846,1.15,1.00
2017.04.11 13:46:13.482,1.5282,1.52848,1.15,1.00
2017.04.11 13:46:13.583,1.52822,1.52853,1.00,1.50
2017.04.11 13:46:14.538,1.52823,1.52853,1.00,1.50
2017.04.11 13:46:14.950,1.52828,1.52853,1.00,1.00
2017.04.11 13:46:15.051,1.52828,1.52856,1.00,2.25
2017.04.11 13:46:15.577,1.52828,1.52855,1.10,1.00
2017.04.11 13:46:15.678,1.52824,1.52852,1.65,1.00
2017.04.11 13:46:16.179,1.52824,1.52852,1.17,1.00
2017.04.11 13:46:16.431,1.52824,1.52852,1.00,1.50
2017.04.11 13:46:16.983,1.52819,1.52845,1.00,1.00
2017.04.11 13:46:17.134,1.52817,1.52845,1.00,1.00
2017.04.11 13:46:17.638,1.52815,1.52844,1.00,1.00
2017.04.11 13:46:18.330,1.52814,1.52844,1.00,1.50
2017.04.11 13:46:18.881,1.52819,1.52844,1.00,1.00
2017.04.11 13:46:18.982,1.52819,1.52847,1.00,2.25
2017.04.11 13:46:20.113,1.5282,1.52848,1.00,1.00
2017.04.11 13:46:20.265,1.5282,1.5285,1.00,1.00
2017.04.11 13:46:21.108,1.52819,1.52849,1.00,1.00
2017.04.11 13:46:21.555,1.52819,1.52847,1.00,1.00
2017.04.11 13:46:21.656,1.52819,1.52849,1.00,1.00
2017.04.11 13:46:22.002,1.5282,1.52846,1.00,1.00
2017.04.11 13:46:22.153,1.52818,1.52846,1.00,1.00
2017.04.11 13:46:22.693,1.52819,1.52847,1.00,1.00
2017.04.11 13:46:23.545,1.52818,1.52846,1.00,1.00
2017.04.11 13:46:23.646,1.52816,1.52846,1.00,1.00
2017.04.11 13:46:24.034,1.52818,1.52846,1.00,1.00
2017.04.11 13:46:24.142,1.52816,1.52846,1.00,1.00
2017.04.11 13:46:24.597,1.52813,1.52843,1.00,1.00
2017.04.11 13:46:25.659,1.52814,1.52843,1.00,1.00
2017.04.11 13:46:26.243,1.52813,1.52843,1.00,1.00
2017.04.11 13:46:26.573,1.52812,1.5284,1.00,1.00
2017.04.11 13:46:26.725,1.52812,1.52843,1.00,1.00
2017.04.11 13:46:27.478,1.52817,1.52845,1.00,1.00
2017.04.11 13:46:28.608,1.52818,1.52846,1.00,2.25
2017.04.11 13:46:30.051,1.52819,1.52846,1.00,1.00
2017.04.11 13:46:30.578,1.52819,1.52847,1.00,1.00
2017.04.11 13:46:31.085,1.52821,1.52849,1.00,1.50
2017.04.11 13:46:31.669,1.52822,1.52849,1.00,1.00
2017.04.11 13:46:31.720,1.5282,1.52848,1.00,1.00
2017.04.11 13:46:32.106,1.52822,1.5285,1.00,1.00
2017.04.11 13:46:32.208,1.52818,1.52847,1.00,1.00
2017.04.11 13:46:32.736,1.52817,1.52847,1.00,1.00
2017.04.11 13:46:33.107,1.52817,1.52845,1.00,1.00
2017.04.11 13:46:33.208,1.52817,1.52847,1.00,2.25
2017.04.11 13:46:33.561,1.52817,1.52845,1.00,1.00
2017.04.11 13:46:34.481,1.52818,1.52846,1.00,1.00
2017.04.11 13:46:34.532,1.52818,1.52848,1.00,1.50
2017.04.11 13:46:35.477,1.52821,1.52851,1.00,1.50
2017.04.11 13:46:35.994,1.52822,1.5285,1.00,1.00
2017.04.11 13:46:36.448,1.52819,1.52849,1.00,1.00
2017.04.11 13:46:36.986,1.52816,1.52845,1.00,1.00
2017.04.11 13:46:37.288,1.52817,1.52842,1.00,1.00
2017.04.11 13:46:37.591,1.52817,1.5284,1.00,1.00
2017.04.11 13:46:37.641,1.52815,1.5284,1.00,1.00
2017.04.11 13:46:37.769,1.52815,1.52842,1.00,1.00
2017.04.11 13:46:37.820,1.52815,1.52838,1.00,1.00
2017.04.11 13:46:38.124,1.52813,1.52833,1.00,1.00
2017.04.11 13:46:38.175,1.52811,1.52833,1.00,1.00
2017.04.11 13:46:38.556,1.52811,1.52835,1.00,1.00
2017.04.11 13:46:39.354,1.52811,1.52836,1.00,1.00
2017.04.11 13:46:40.394,1.52811,1.52835,1.00,1.00
2017.04.11 13:46:42.293,1.52811,1.52836,1.00,1.00
2017.04.11 13:46:42.671,1.52811,1.52833,1.00,1.00
2017.04.11 13:46:42.807,1.52811,1.52835,1.00,1.00
2017.04.11 13:46:42.908,1.52811,1.52833,1.00,1.00
2017.04.11 13:46:43.798,1.52808,1.52833,1.00,1.00
2017.04.11 13:46:43.899,1.52805,1.52833,1.00,1.00
2017.04.11 13:46:44.080,1.52807,1.52832,1.00,1.00
2017.04.11 13:46:44.623,1.52813,1.52832,1.00,1.00
2017.04.11 13:46:44.724,1.52813,1.52834,1.00,1.00
2017.04.11 13:46:44.825,1.52816,1.52835,1.00,1.00
2017.04.11 13:46:45.216,1.52819,1.52841,1.00,1.00
2017.04.11 13:46:45.317,1.52819,1.52843,1.00,1.00
2017.04.11 13:46:45.620,1.52817,1.52843,1.00,1.00
2017.04.11 13:46:45.671,1.5282,1.52844,1.00,1.00
2017.04.11 13:46:45.977,1.5282,1.52841,1.00,1.00
2017.04.11 13:46:46.331,1.5282,1.52844,1.00,1.50
2017.04.11 13:46:46.859,1.5282,1.52843,1.00,1.00
2017.04.11 13:46:47.362,1.52816,1.52843,1.00,1.00
2017.04.11 13:46:47.413,1.52814,1.52842,1.00,1.50
2017.04.11 13:46:47.634,1.52814,1.52839,1.00,1.00
2017.04.11 13:46:47.952,1.52813,1.52836,1.00,1.00
2017.04.11 13:46:48.485,1.52814,1.52836,1.00,1.00
2017.04.11 13:46:49.618,1.52814,1.52837,1.00,1.00
2017.04.11 13:46:49.992,1.52812,1.52837,1.00,1.00
2017.04.11 13:46:50.043,1.52809,1.52837,1.00,1.50
2017.04.11 13:46:50.144,1.52809,1.52835,1.00,1.00
2017.04.11 13:46:50.495,1.52808,1.52832,1.00,1.00
2017.04.11 13:46:50.885,1.52808,1.5283,1.00,1.00
2017.04.11 13:46:51.188,1.52817,1.52833,1.00,1.00
2017.04.11 13:46:51.289,1.52814,1.52833,1.00,1.00
2017.04.11 13:46:51.390,1.52817,1.52833,1.00,1.00
2017.04.11 13:46:51.722,1.52817,1.5284,1.00,1.00
2017.04.11 13:46:52.142,1.52813,1.52839,1.00,1.00
2017.04.11 13:46:52.445,1.52814,1.52837,1.00,1.00
2017.04.11 13:46:53.024,1.52814,1.52838,1.00,1.00
2017.04.11 13:46:53.545,1.52814,1.52839,1.00,1.00
2017.04.11 13:46:53.646,1.52811,1.5284,1.00,1.00
2017.04.11 13:46:53.848,1.52809,1.52834,1.00,1.00
2017.04.11 13:46:53.899,1.52809,1.52837,1.00,1.00
2017.04.11 13:46:54.050,1.52809,1.52833,1.00,1.00
2017.04.11 13:46:54.238,1.52807,1.52834,1.00,1.00
2017.04.11 13:46:54.289,1.52807,1.52831,1.00,1.00
2017.04.11 13:46:55.032,1.52807,1.52832,1.00,1.00
2017.04.11 13:46:55.407,1.52807,1.5283,1.00,1.00
2017.04.11 13:46:55.932,1.52807,1.52831,1.00,1.00
2017.04.11 13:46:56.457,1.52807,1.52832,1.00,1.00
2017.04.11 13:46:57.109,1.52807,1.52833,1.00,1.50
2017.04.11 13:46:57.621,1.52807,1.52832,1.00,1.00
2017.04.11 13:46:58.985,1.52807,1.52831,1.00,1.00
2017.04.11 13:46:59.513,1.52807,1.52832,1.00,1.00
2017.04.11 13:47:00.412,1.52807,1.52833,1.00,1.50
2017.04.11 13:47:00.733,1.52809,1.52829,1.00,1.00
2017.04.11 13:47:01.035,1.52813,1.52829,1.00,1.00
2017.04.11 13:47:01.264,1.52811,1.52829,1.00,1.00
2017.04.11 13:47:01.365,1.52811,1.52835,1.00,1.00
2017.04.11 13:47:01.887,1.52811,1.52836,1.00,1.00
2017.04.11 13:47:02.527,1.52811,1.52835,1.00,1.00
2017.04.11 13:47:04.211,1.52807,1.52835,1.00,1.50
2017.04.11 13:47:04.312,1.52809,1.52833,1.00,1.00
2017.04.11 13:47:04.465,1.52807,1.52833,1.00,1.00
2017.04.11 13:47:04.847,1.52807,1.52831,1.00,1.00
2017.04.11 13:47:05.426,1.52807,1.5283,1.00,1.00
2017.04.11 13:47:05.719,1.52807,1.52832,1.00,1.00
2017.04.11 13:47:06.592,1.52807,1.52833,1.00,1.00
2017.04.11 13:47:07.099,1.52806,1.52832,1.00,1.00
2017.04.11 13:47:07.691,1.52806,1.52833,1.00,1.00
2017.04.11 13:47:08.208,1.52806,1.52832,1.00,1.00
2017.04.11 13:47:08.901,1.52802,1.52832,1.50,2.25
2017.04.11 13:47:08.952,1.52802,1.52829,1.50,1.00
2017.04.11 13:47:09.355,1.52801,1.52825,1.00,1.00
2017.04.11 13:47:09.557,1.52801,1.52827,1.00,1.00
2017.04.11 13:47:10.144,1.52801,1.52826,1.00,1.00
2017.04.11 13:47:10.974,1.52801,1.52825,1.00,1.00
2017.04.11 13:47:11.126,1.52796,1.52825,1.00,1.00
2017.04.11 13:47:11.177,1.52798,1.52822,1.00,1.00
2017.04.11 13:47:11.406,1.52799,1.52825,1.00,1.50
2017.04.11 13:47:11.457,1.52799,1.52822,1.00,1.00
2017.04.11 13:47:11.759,1.52802,1.52829,1.00,1.00
2017.04.11 13:47:12.264,1.52802,1.5283,1.00,1.50
2017.04.11 13:47:12.655,1.52802,1.52828,1.00,1.00
2017.04.11 13:47:13.551,1.52802,1.52829,1.00,1.00
2017.04.11 13:47:13.958,1.52802,1.52827,1.00,1.00
2017.04.11 13:47:14.630,1.52803,1.52827,1.00,1.00
2017.04.11 13:47:15.016,1.52803,1.52829,1.00,1.00
2017.04.11 13:47:15.564,1.52803,1.52827,1.00,1.00
2017.04.11 13:47:16.163,1.52801,1.52827,1.12,1.00
2017.04.11 13:47:16.314,1.52803,1.52828,1.00,1.00
2017.04.11 13:47:16.835,1.52804,1.52828,1.00,1.00
2017.04.11 13:47:17.262,1.52801,1.52825,1.00,1.00
2017.04.11 13:47:17.312,1.52799,1.52825,1.00,1.50
2017.04.11 13:47:17.413,1.52795,1.52821,2.25,1.00
2017.04.11 13:47:17.716,1.52795,1.52815,1.15,1.00
2017.04.11 13:47:18.005,1.52795,1.52818,1.15,1.00
2017.04.11 13:47:18.547,1.52795,1.52817,1.15,1.00
2017.04.11 13:47:19.345,1.52795,1.52818,1.15,1.00
2017.04.11 13:47:19.546,1.52795,1.52817,1.00,1.00
2017.04.11 13:47:19.698,1.52797,1.52817,1.00,1.00
2017.04.11 13:47:19.840,1.52795,1.52817,1.00,1.00
2017.04.11 13:47:19.942,1.52795,1.5282,1.00,1.50
2017.04.11 13:47:19.992,1.52795,1.52818,1.00,1.00
2017.04.11 13:47:20.640,1.52795,1.52819,1.00,1.00
2017.04.11 13:47:21.180,1.52795,1.5282,1.00,1.50
2017.04.11 13:47:21.508,1.52798,1.52816,1.00,1.00
2017.04.11 13:47:21.558,1.52798,1.5282,1.00,1.00
2017.04.11 13:47:21.609,1.52794,1.52819,1.00,1.00
2017.04.11 13:47:22.285,1.52793,1.52819,1.00,1.00
2017.04.11 13:47:22.336,1.52791,1.52819,1.00,1.00
2017.04.11 13:47:22.487,1.52791,1.52817,1.00,1.00
2017.04.11 13:47:22.857,1.52791,1.52815,1.00,1.00
2017.04.11 13:47:23.260,1.52791,1.52817,1.00,1.50
2017.04.11 13:47:24.139,1.52791,1.52816,1.00,1.00
2017.04.11 13:47:25.281,1.52791,1.52817,1.00,1.00
2017.04.11 13:47:25.864,1.5279,1.52817,1.00,1.00
2017.04.11 13:47:26.502,1.5279,1.52816,1.00,1.00
2017.04.11 13:47:26.721,1.52793,1.52817,1.00,1.00
2017.04.11 13:47:27.399,1.52793,1.52816,1.00,1.00
2017.04.11 13:47:28.181,1.52793,1.52818,1.00,1.00
2017.04.11 13:47:29.266,1.52793,1.52819,1.00,1.00
2017.04.11 13:47:29.425,1.52793,1.52817,1.00,1.00
2017.04.11 13:47:29.831,1.52793,1.52819,1.00,1.00
2017.04.11 13:47:29.882,1.52793,1.52817,1.00,1.00
2017.04.11 13:47:30.134,1.52788,1.52814,1.00,1.00
2017.04.11 13:47:30.638,1.52787,1.52811,1.00,1.00
2017.04.11 13:47:30.739,1.52787,1.52814,1.00,1.00
2017.04.11 13:47:31.474,1.52787,1.52813,1.00,1.00
2017.04.11 13:47:32.114,1.52787,1.52814,1.00,1.50
2017.04.11 13:47:33.099,1.52787,1.52813,1.00,1.00
2017.04.11 13:47:33.603,1.52787,1.52814,1.00,2.25
2017.04.11 13:47:34.123,1.52784,1.52813,1.00,1.50
2017.04.11 13:47:34.174,1.52787,1.52813,1.00,1.00
2017.04.11 13:47:34.802,1.52787,1.52812,1.00,1.00
2017.04.11 13:47:35.156,1.52783,1.52811,1.00,1.50
2017.04.11 13:47:35.207,1.52782,1.52809,1.00,1.00
2017.04.11 13:47:35.559,1.52781,1.52807,1.00,1.00
2017.04.11 13:47:36.210,1.5278,1.52806,1.00,1.00
2017.04.11 13:47:36.734,1.52781,1.52807,1.00,1.00
2017.04.11 13:47:37.266,1.52781,1.52806,1.00,1.00
2017.04.11 13:47:37.781,1.52781,1.52807,1.00,1.00
2017.04.11 13:47:38.440,1.52781,1.52806,1.00,1.00
2017.04.11 13:47:39.282,1.52782,1.52807,1.00,1.00
2017.04.11 13:47:39.787,1.52782,1.52808,1.00,1.00
2017.04.11 13:47:40.109,1.52781,1.52805,1.00,1.00
2017.04.11 13:47:41.078,1.5278,1.52805,1.00,1.00
2017.04.11 13:47:41.381,1.52782,1.52804,1.00,1.00
2017.04.11 13:47:41.889,1.52781,1.52805,1.00,1.00
2017.04.11 13:47:42.473,1.52781,1.52806,1.00,1.00
2017.04.11 13:47:43.283,1.52781,1.52807,1.00,1.00
2017.04.11 13:47:43.830,1.52781,1.52806,1.00,1.00
2017.04.11 13:47:44.233,1.52782,1.52809,1.00,1.50
2017.04.11 13:47:44.741,1.52783,1.52808,1.00,1.00
2017.04.11 13:47:45.291,1.52783,1.52809,1.00,1.00
2017.04.11 13:47:45.765,1.52783,1.52807,1.00,1.00
2017.04.11 13:47:46.284,1.52783,1.52808,1.00,1.00
2017.04.11 13:47:46.813,1.52783,1.52807,1.00,1.00
2017.04.11 13:47:47.622,1.52783,1.52808,1.00,1.00
2017.04.11 13:47:48.125,1.52782,1.52808,1.00,1.50
2017.04.11 13:47:48.427,1.52782,1.52806,1.00,1.00
2017.04.11 13:47:48.829,1.5278,1.52806,1.00,1.00
2017.04.11 13:47:49.375,1.52781,1.52806,1.00,1.00
2017.04.11 13:47:49.944,1.52781,1.52807,1.00,1.00
2017.04.11 13:47:49.995,1.52781,1.52805,1.00,1.00
2017.04.11 13:47:50.443,1.52781,1.52807,1.00,1.00
2017.04.11 13:47:50.897,1.52778,1.52807,1.50,1.50
2017.04.11 13:47:51.048,1.52777,1.52805,1.00,1.00
2017.04.11 13:47:51.557,1.52776,1.52804,1.50,1.00
2017.04.11 13:47:51.910,1.52778,1.52806,1.00,1.50
2017.04.11 13:47:52.213,1.52772,1.52799,1.00,1.00
2017.04.11 13:47:52.541,1.52772,1.52797,1.00,1.00
2017.04.11 13:47:52.894,1.5277,1.52798,1.50,1.50
2017.04.11 13:47:52.944,1.5277,1.52796,1.00,1.00
2017.04.11 13:47:54.199,1.5277,1.52798,1.00,2.25
2017.04.11 13:47:54.250,1.5277,1.52796,1.00,1.50
2017.04.11 13:47:54.766,1.5277,1.52795,1.00,1.00
2017.04.11 13:47:54.917,1.52768,1.52794,1.50,1.00
2017.04.11 13:47:55.096,1.52764,1.52792,1.00,1.50
2017.04.11 13:47:55.147,1.52764,1.52788,1.00,1.00
2017.04.11 13:47:55.298,1.52762,1.52787,1.00,1.00
2017.04.11 13:47:55.803,1.52762,1.52786,1.00,1.00
2017.04.11 13:47:55.854,1.52759,1.52786,1.00,1.00
2017.04.11 13:47:56.279,1.52761,1.52785,1.00,1.00
2017.04.11 13:47:57.009,1.52761,1.52786,1.00,1.00
2017.04.11 13:47:57.312,1.52759,1.52786,1.50,1.00
2017.04.11 13:47:57.925,1.52759,1.52785,1.50,1.00
2017.04.11 13:47:58.343,1.52761,1.52786,1.00,1.00
2017.04.11 13:47:58.457,1.52759,1.52785,1.00,1.00
2017.04.11 13:47:59.002,1.52759,1.52786,1.00,1.00
2017.04.11 13:47:59.506,1.52759,1.52785,1.00,1.00
2017.04.11 13:48:00.416,1.52759,1.52786,1.00,1.00
2017.04.11 13:48:00.968,1.52759,1.52785,1.00,1.00
2017.04.11 13:48:01.497,1.52759,1.52786,1.50,1.00
2017.04.11 13:48:01.969,1.52758,1.52778,1.00,1.00
2017.04.11 13:48:02.020,1.52758,1.5278,1.00,1.00
2017.04.11 13:48:02.071,1.52759,1.52782,1.15,1.00
2017.04.11 13:48:02.242,1.52759,1.52783,1.00,1.00
2017.04.11 13:48:02.746,1.52759,1.52782,1.00,1.00
2017.04.11 13:48:03.250,1.52759,1.52781,1.00,1.00
2017.04.11 13:48:03.519,1.52759,1.52783,1.00,1.00
2017.04.11 13:48:04.183,1.52759,1.52782,1.00,1.00
2017.04.11 13:48:04.284,1.52765,1.52782,1.00,1.00
2017.04.11 13:48:04.436,1.52765,1.52788,1.00,1.00
2017.04.11 13:48:04.885,1.52765,1.5279,1.50,1.00
2017.04.11 13:48:05.169,1.52767,1.5279,1.15,1.00
2017.04.11 13:48:05.270,1.52767,1.5279,1.00,1.00
2017.04.11 13:48:05.869,1.52767,1.5279,1.15,1.00
2017.04.11 13:48:06.223,1.52767,1.52792,1.15,1.00
2017.04.11 13:48:06.274,1.52767,1.52792,1.00,1.00
2017.04.11 13:48:06.871,1.52766,1.52791,1.00,1.00
2017.04.11 13:48:06.972,1.52766,1.52792,1.15,1.00
2017.04.11 13:48:07.275,1.52767,1.52791,1.15,1.00
2017.04.11 13:48:08.358,1.52767,1.52791,1.00,1.00
2017.04.11 13:48:08.874,1.52767,1.52792,1.00,1.00
2017.04.11 13:48:09.394,1.52767,1.52791,1.00,1.00
2017.04.11 13:48:10.797,1.52767,1.52792,1.00,1.00
2017.04.11 13:48:10.948,1.52767,1.52791,1.15,1.00
2017.04.11 13:48:11.663,1.52767,1.52791,1.00,1.00
2017.04.11 13:48:11.837,1.5277,1.52791,1.17,1.00
2017.04.11 13:48:11.888,1.5277,1.52791,1.00,1.00
2017.04.11 13:48:12.097,1.52771,1.52793,1.00,1.00
2017.04.11 13:48:12.198,1.52769,1.52793,1.50,1.00
2017.04.11 13:48:12.299,1.52769,1.52795,1.50,1.00
2017.04.11 13:48:13.073,1.5277,1.52797,1.00,1.50
2017.04.11 13:48:14.947,1.52768,1.52795,1.00,1.00
2017.04.11 13:48:17.149,1.52769,1.52795,1.00,1.00
2017.04.11 13:48:18.148,1.52768,1.52795,1.00,1.00
2017.04.11 13:48:18.562,1.52771,1.52796,1.00,1.00
2017.04.11 13:48:18.966,1.5277,1.52797,1.50,1.00
2017.04.11 13:48:19.718,1.52769,1.52796,1.00,1.00
2017.04.11 13:48:20.260,1.52768,1.52796,1.50,1.00
2017.04.11 13:48:20.980,1.52768,1.52797,1.00,1.50
2017.04.11 13:48:21.283,1.5277,1.52797,1.00,1.00
2017.04.11 13:48:21.829,1.5277,1.52796,1.00,1.00
2017.04.11 13:48:22.334,1.52771,1.52797,1.00,1.00
2017.04.11 13:48:22.799,1.52771,1.52795,1.00,1.00
2017.04.11 13:48:23.370,1.52771,1.52796,1.00,1.00
2017.04.11 13:48:24.032,1.52771,1.52795,1.00,1.00
2017.04.11 13:48:24.565,1.52771,1.52796,1.00,1.00
2017.04.11 13:48:25.096,1.5277,1.52795,1.00,1.00
2017.04.11 13:48:25.404,1.52769,1.52793,1.00,1.00
2017.04.11 13:48:25.506,1.52765,1.5279,1.00,1.00
2017.04.11 13:48:26.097,1.52765,1.52789,1.00,1.00
2017.04.11 13:48:26.299,1.52762,1.52788,1.00,1.00
2017.04.11 13:48:26.716,1.52764,1.52789,1.00,1.00
2017.04.11 13:48:26.766,1.52762,1.52788,1.00,1.00
2017.04.11 13:48:26.968,1.52764,1.5279,1.00,1.50
2017.04.11 13:48:27.234,1.52761,1.52789,1.00,1.00
2017.04.11 13:48:27.482,1.52758,1.52789,1.50,1.50
2017.04.11 13:48:27.583,1.52757,1.52787,1.50,1.00
2017.04.11 13:48:27.885,1.52761,1.52787,1.00,1.00
2017.04.11 13:48:29.235,1.52761,1.52785,1.00,1.00
2017.04.11 13:48:29.398,1.52759,1.52785,1.00,1.00
2017.04.11 13:48:29.901,1.52759,1.52786,1.00,1.00
2017.04.11 13:48:30.405,1.52759,1.52785,1.00,1.00
2017.04.11 13:48:31.168,1.52759,1.52786,1.00,1.50
2017.04.11 13:48:31.690,1.52759,1.52785,1.00,1.50
2017.04.11 13:48:32.217,1.52758,1.52785,1.00,1.00
2017.04.11 13:48:32.318,1.52758,1.52783,1.00,1.00
2017.04.11 13:48:33.243,1.52758,1.52784,1.00,1.00
2017.04.11 13:48:33.747,1.52758,1.52783,1.00,1.00
2017.04.11 13:48:34.176,1.52761,1.52782,1.00,1.00
2017.04.11 13:48:34.499,1.52761,1.52787,1.00,1.50
2017.04.11 13:48:35.043,1.52762,1.52786,1.00,1.00
2017.04.11 13:48:36.032,1.52758,1.52785,1.00,1.00
2017.04.11 13:48:36.386,1.52757,1.52782,1.00,1.00
2017.04.11 13:48:36.893,1.52759,1.52782,1.00,1.00
2017.04.11 13:48:37.489,1.52759,1.52783,1.00,1.00
2017.04.11 13:48:37.995,1.52758,1.52782,1.00,1.00
2017.04.11 13:48:38.533,1.52757,1.52782,1.00,1.00
2017.04.11 13:48:39.060,1.52757,1.5278,1.00,1.00
2017.04.11 13:48:39.262,1.52757,1.52782,1.00,1.00
2017.04.11 13:48:39.548,1.52756,1.5278,1.00,1.00
2017.04.11 13:48:40.154,1.52756,1.52781,1.00,1.00
2017.04.11 13:48:40.468,1.52755,1.52779,1.00,1.00
2017.04.11 13:48:40.998,1.52755,1.52781,1.00,1.00
2017.04.11 13:48:41.503,1.52755,1.52782,1.00,1.00
2017.04.11 13:48:41.784,1.52752,1.52778,1.00,1.00
2017.04.11 13:48:42.103,1.52748,1.52774,1.00,1.50
2017.04.11 13:48:42.446,1.52748,1.52771,1.00,1.00
2017.04.11 13:48:42.974,1.52748,1.5277,1.00,1.00
2017.04.11 13:48:43.519,1.52742,1.5277,1.87,1.00
2017.04.11 13:48:43.593,1.52745,1.52768,1.00,1.00
2017.04.11 13:48:44.064,1.52744,1.52766,1.00,1.00
2017.04.11 13:48:44.467,1.52744,1.52768,1.00,1.00
2017.04.11 13:48:44.971,1.52743,1.52768,1.00,1.00
2017.04.11 13:48:45.173,1.52743,1.52766,1.00,1.00
2017.04.11 13:48:45.335,1.52743,1.52768,1.00,1.00
2017.04.11 13:48:45.939,1.52743,1.52769,1.00,1.00
2017.04.11 13:48:46.309,1.52745,1.5277,1.00,1.50
2017.04.11 13:48:46.819,1.52746,1.5277,1.00,1.00
2017.04.11 13:48:47.071,1.52744,1.52771,1.00,1.00
2017.04.11 13:48:47.594,1.52744,1.5277,1.00,1.00
2017.04.11 13:48:49.110,1.52744,1.52772,1.00,1.00
2017.04.11 13:48:49.900,1.52745,1.52773,1.00,1.50
2017.04.11 13:48:50.647,1.52747,1.52773,1.00,1.00
2017.04.11 13:48:50.990,1.52745,1.52771,1.00,1.00
2017.04.11 13:48:51.712,1.52743,1.52771,1.00,1.00
2017.04.11 13:48:52.232,1.52744,1.52771,1.00,1.00
2017.04.11 13:48:52.775,1.52744,1.5277,1.00,1.00
2017.04.11 13:48:53.309,1.52744,1.52769,1.00,1.00
2017.04.11 13:48:54.760,1.52743,1.52769,1.50,1.00
2017.04.11 13:48:56.446,1.52745,1.52773,1.00,1.00
2017.04.11 13:48:56.950,1.52744,1.52773,1.50,1.00
2017.04.11 13:48:57.060,1.52746,1.52773,1.00,1.00
2017.04.11 13:48:58.151,1.52744,1.52773,1.50,1.00
2017.04.11 13:48:59.036,1.52746,1.52773,1.00,1.00
2017.04.11 13:48:59.750,1.52744,1.52773,1.00,1.00
2017.04.11 13:49:00.128,1.52746,1.52773,1.00,1.00
2017.04.11 13:49:01.465,1.52746,1.52774,1.00,1.00
2017.04.11 13:49:01.989,1.52747,1.52774,1.00,1.00
2017.04.11 13:49:03.554,1.52748,1.52774,1.00,1.00
2017.04.11 13:49:04.058,1.52749,1.52774,1.00,1.00
2017.04.11 13:49:04.563,1.52749,1.52775,1.00,1.00
2017.04.11 13:49:05.414,1.52747,1.52775,1.00,1.00
2017.04.11 13:49:05.623,1.52749,1.52776,1.00,1.00
2017.04.11 13:49:06.144,1.52749,1.52775,1.00,1.00
2017.04.11 13:49:06.776,1.52749,1.52772,1.00,1.00
2017.04.11 13:49:06.978,1.52749,1.52774,1.00,1.00
2017.04.11 13:49:07.029,1.52746,1.52774,1.00,1.00
2017.04.11 13:49:07.130,1.52748,1.52775,1.00,1.00
2017.04.11 13:49:07.434,1.52739,1.52766,1.50,1.00
2017.04.11 13:49:07.747,1.52739,1.52764,1.00,1.00
2017.04.11 13:49:08.079,1.52739,1.52767,1.00,1.00
2017.04.11 13:49:08.230,1.52742,1.52767,1.00,1.00
2017.04.11 13:49:08.490,1.52738,1.52765,1.50,1.00
2017.04.11 13:49:09.467,1.52738,1.52766,1.00,1.00
2017.04.11 13:49:10.039,1.52741,1.52767,1.00,1.00
2017.04.11 13:49:10.466,1.52741,1.52769,1.00,1.00
2017.04.11 13:49:11.094,1.5274,1.52768,1.00,1.00
2017.04.11 13:49:11.652,1.52742,1.52768,1.00,1.00
2017.04.11 13:49:15.737,1.52743,1.52769,1.00,1.00
2017.04.11 13:49:17.062,1.52742,1.52771,1.00,1.00
2017.04.11 13:49:18.735,1.52742,1.52769,1.00,1.00
2017.04.11 13:49:19.240,1.52743,1.5277,1.50,1.00
2017.04.11 13:49:19.785,1.52745,1.52771,1.00,1.00
2017.04.11 13:49:20.783,1.52746,1.52775,1.00,1.00
2017.04.11 13:49:20.834,1.5275,1.52776,1.00,1.00
2017.04.11 13:49:20.999,1.5275,1.52778,1.50,1.50
2017.04.11 13:49:21.503,1.52753,1.52779,1.00,1.00
2017.04.11 13:49:22.058,1.52751,1.52779,1.50,1.00
2017.04.11 13:49:22.201,1.52755,1.52784,1.00,1.50
2017.04.11 13:49:22.312,1.52761,1.52785,1.00,1.00
2017.04.11 13:49:22.615,1.52765,1.52789,1.50,1.00
2017.04.11 13:49:22.716,1.52763,1.52789,1.00,1.00
2017.04.11 13:49:22.817,1.52761,1.52788,1.50,1.00
2017.04.11 13:49:23.610,1.52763,1.52788,1.00,1.00
2017.04.11 13:49:23.863,1.52762,1.5279,1.00,1.00
2017.04.11 13:49:24.316,1.52763,1.52792,1.00,1.00
2017.04.11 13:49:24.468,1.52763,1.52789,1.00,1.00
2017.04.11 13:49:25.018,1.52762,1.52789,1.00,1.00
2017.04.11 13:49:25.659,1.52762,1.52786,1.00,1.00
2017.04.11 13:49:25.761,1.52756,1.52783,1.50,1.00
2017.04.11 13:49:26.293,1.52757,1.52784,1.00,1.00
2017.04.11 13:49:26.495,1.52759,1.52785,1.00,1.00
2017.04.11 13:49:27.190,1.52758,1.52784,1.00,1.00
2017.04.11 13:49:27.691,1.52757,1.52783,1.50,1.00
2017.04.11 13:49:27.995,1.52759,1.52785,1.00,1.00
2017.04.11 13:49:28.342,1.52756,1.52782,1.00,1.00
2017.04.11 13:49:28.860,1.52757,1.52784,1.00,1.00
2017.04.11 13:49:29.853,1.52757,1.52786,1.00,1.00
2017.04.11 13:49:31.323,1.52757,1.52784,1.00,1.00
2017.04.11 13:49:31.575,1.52753,1.52781,1.00,1.00
2017.04.11 13:49:31.787,1.52756,1.52782,1.00,1.00
2017.04.11 13:49:32.574,1.52755,1.52781,1.00,1.00
2017.04.11 13:49:33.522,1.52755,1.52784,1.00,1.50
2017.04.11 13:49:33.775,1.52754,1.52782,1.00,1.00
2017.04.11 13:49:34.442,1.52754,1.52783,1.00,1.50
2017.04.11 13:49:34.946,1.52755,1.52782,1.00,1.00
2017.04.11 13:49:36.147,1.52755,1.5278,1.00,1.00
2017.04.11 13:49:36.684,1.52754,1.5278,1.00,1.00
2017.04.11 13:49:37.033,1.52754,1.52778,1.00,1.00
2017.04.11 13:49:37.232,1.52753,1.5278,1.00,1.00
2017.04.11 13:49:37.471,1.52753,1.52777,1.00,1.00
2017.04.11 13:49:38.241,1.52755,1.5278,1.00,1.00
2017.04.11 13:49:38.341,1.52755,1.52778,1.00,1.00
2017.04.11 13:49:39.013,1.52753,1.52778,1.00,1.00
2017.04.11 13:49:39.064,1.5275,1.52778,1.00,1.00
2017.04.11 13:49:39.589,1.5275,1.52779,1.00,1.50
2017.04.11 13:49:39.640,1.52753,1.52779,1.00,1.50
2017.04.11 13:49:39.942,1.5275,1.52777,1.00,1.00
2017.04.11 13:49:40.094,1.52752,1.52779,1.00,1.00
2017.04.11 13:49:40.144,1.52752,1.52781,1.00,1.50
2017.04.11 13:49:40.664,1.52752,1.5278,1.00,1.00
2017.04.11 13:49:41.168,1.52753,1.5278,1.00,1.00
2017.04.11 13:49:41.773,1.52748,1.52775,1.50,1.00
2017.04.11 13:49:42.076,1.52752,1.52777,1.00,1.00
2017.04.11 13:49:42.503,1.52749,1.52777,1.00,1.50
2017.04.11 13:49:42.705,1.52753,1.52779,1.00,1.00
2017.04.11 13:49:42.958,1.52757,1.52784,1.00,1.00
2017.04.11 13:49:43.497,1.52758,1.52786,1.00,1.00
2017.04.11 13:49:44.160,1.52758,1.52787,1.00,1.50
2017.04.11 13:49:44.676,1.52758,1.52786,1.00,1.00
2017.04.11 13:49:45.443,1.52758,1.52787,1.00,1.50
2017.04.11 13:49:45.864,1.5276,1.52786,1.00,1.00
2017.04.11 13:49:46.845,1.52759,1.52786,1.00,1.00
2017.04.11 13:49:48.464,1.52762,1.52788,1.00,1.50
2017.04.11 13:49:48.566,1.52765,1.52792,1.00,1.00
2017.04.11 13:49:49.079,1.52764,1.52791,1.00,1.00
2017.04.11 13:49:49.578,1.52761,1.5279,1.00,1.00
2017.04.11 13:49:50.082,1.52762,1.52791,1.00,1.00
2017.04.11 13:49:51.587,1.52762,1.52789,1.00,1.00
2017.04.11 13:49:51.918,1.52765,1.52792,1.00,1.00
2017.04.11 13:49:52.995,1.52766,1.52794,1.00,1.00
2017.04.11 13:49:53.507,1.52766,1.52795,1.00,1.50
2017.04.11 13:49:54.962,1.52766,1.52794,1.00,1.00
2017.04.11 13:49:55.480,1.52765,1.52792,1.00,1.00
2017.04.11 13:49:56.148,1.52763,1.5279,1.00,1.00
2017.04.11 13:49:57.011,1.52763,1.52792,1.00,1.50
2017.04.11 13:49:57.062,1.52763,1.52789,1.00,1.00
2017.04.11 13:49:57.603,1.52763,1.5279,1.00,1.00
2017.04.11 13:49:58.378,1.5276,1.52788,1.00,1.00
2017.04.11 13:49:58.479,1.52759,1.52786,1.00,1.00
2017.04.11 13:49:58.782,1.52762,1.52789,1.00,1.00
2017.04.11 13:49:59.383,1.52763,1.5279,1.00,1.00
2017.04.11 13:50:00.354,1.52764,1.52791,1.00,1.00
2017.04.11 13:50:00.859,1.52763,1.52792,1.00,1.50
2017.04.11 13:50:01.405,1.52763,1.52791,1.00,1.00
2017.04.11 13:50:02.101,1.52762,1.52791,1.00,1.50
2017.04.11 13:50:02.609,1.52763,1.5279,1.00,1.00
2017.04.11 13:50:03.068,1.52763,1.52787,1.00,1.00
2017.04.11 13:50:03.169,1.52761,1.52787,1.00,1.00
2017.04.11 13:50:03.641,1.52761,1.52789,1.00,1.00
2017.04.11 13:50:04.143,1.52761,1.52788,1.00,1.00
2017.04.11 13:50:04.691,1.5276,1.52787,1.00,1.00
2017.04.11 13:50:04.742,1.52762,1.52789,1.00,1.50
2017.04.11 13:50:05.223,1.5276,1.52787,1.00,1.00
2017.04.11 13:50:05.525,1.52763,1.52788,1.00,1.00
2017.04.11 13:50:06.214,1.52765,1.52788,1.00,1.00
2017.04.11 13:50:06.821,1.52766,1.52788,1.00,1.00
2017.04.11 13:50:07.412,1.52765,1.52788,1.00,1.00
2017.04.11 13:50:08.023,1.52768,1.52788,1.00,1.00
2017.04.11 13:50:08.073,1.52768,1.52791,1.00,1.00
2017.04.11 13:50:08.124,1.52773,1.52791,1.00,1.00
2017.04.11 13:50:08.175,1.52773,1.52795,1.00,1.00
2017.04.11 13:50:08.276,1.52773,1.528,1.12,1.50
2017.04.11 13:50:08.427,1.52776,1.52801,1.00,1.00
2017.04.11 13:50:08.780,1.52776,1.52803,1.00,1.50
2017.04.11 13:50:12.291,1.52778,1.52805,1.00,1.00
2017.04.11 13:50:12.806,1.52777,1.52804,1.00,1.00
2017.04.11 13:50:14.953,1.52775,1.52804,1.50,1.00
2017.04.11 13:50:15.104,1.52779,1.52806,1.00,1.50
2017.04.11 13:50:15.532,1.52782,1.52807,1.00,1.00
2017.04.11 13:50:15.583,1.52782,1.52809,1.00,1.00
2017.04.11 13:50:19.953,1.52782,1.52808,1.00,1.00
2017.04.11 13:50:20.239,1.52782,1.5281,1.00,1.00
2017.04.11 13:50:20.341,1.52788,1.52812,1.00,1.00
2017.04.11 13:50:20.646,1.52795,1.5282,1.00,1.00
2017.04.11 13:50:21.191,1.52795,1.52821,1.00,1.00
2017.04.11 13:50:21.443,1.52796,1.52823,1.00,1.00
2017.04.11 13:50:21.975,1.52799,1.52825,1.00,1.00
2017.04.11 13:50:22.486,1.52799,1.52826,1.00,2.25
2017.04.11 13:50:23.040,1.528,1.52826,1.00,1.50
2017.04.11 13:50:23.355,1.528,1.52829,1.00,1.50
2017.04.11 13:50:23.456,1.528,1.52826,1.00,1.00
2017.04.11 13:50:23.560,1.528,1.52828,1.00,1.00
2017.04.11 13:50:24.126,1.528,1.52827,1.00,1.00
2017.04.11 13:50:25.255,1.528,1.52826,1.00,1.00
2017.04.11 13:50:25.775,1.528,1.52827,1.00,1.50
2017.04.11 13:50:26.229,1.52804,1.52827,1.00,1.00
2017.04.11 13:50:26.465,1.52801,1.52828,1.00,1.00
2017.04.11 13:50:26.780,1.52801,1.52826,1.00,1.00
2017.04.11 13:50:26.931,1.52801,1.52828,1.00,1.00
2017.04.11 13:50:26.982,1.52798,1.52825,1.00,1.00
2017.04.11 13:50:27.285,1.52801,1.52825,1.00,1.00
2017.04.11 13:50:27.336,1.52801,1.52827,1.00,1.00
2017.04.11 13:50:27.882,1.52801,1.52828,1.00,1.00
2017.04.11 13:50:28.134,1.52798,1.52825,1.00,1.00
2017.04.11 13:50:28.653,1.52799,1.52826,1.00,1.00
2017.04.11 13:50:29.007,1.52801,1.52826,1.00,1.00
2017.04.11 13:50:29.108,1.52797,1.52824,1.00,1.00
2017.04.11 13:50:29.159,1.52795,1.52824,1.50,1.00
2017.04.11 13:50:29.260,1.52795,1.5282,1.00,1.00
2017.04.11 13:50:29.525,1.52795,1.52822,1.00,1.00
2017.04.11 13:50:30.029,1.52793,1.5282,1.00,1.00
2017.04.11 13:50:30.281,1.5279,1.52819,1.00,1.00
2017.04.11 13:50:30.331,1.52793,1.5282,1.00,1.00
2017.04.11 13:50:31.324,1.52793,1.52822,1.00,1.00
2017.04.11 13:50:31.972,1.52791,1.52819,1.00,1.00
2017.04.11 13:50:32.481,1.5279,1.52819,1.00,1.00
2017.04.11 13:50:34.466,1.52788,1.52817,1.50,1.00
2017.04.11 13:50:34.811,1.5279,1.52817,1.00,1.00
2017.04.11 13:50:35.169,1.52788,1.52817,1.00,1.50
2017.04.11 13:50:35.270,1.52787,1.52815,1.50,1.00
2017.04.11 13:50:35.573,1.52785,1.52812,1.00,1.00
2017.04.11 13:50:36.108,1.52786,1.52812,1.00,1.00
2017.04.11 13:50:36.765,1.52787,1.52812,1.00,1.00
2017.04.11 13:50:37.294,1.52786,1.52813,1.00,1.00
2017.04.11 13:50:37.839,1.52786,1.52813,1.37,1.00
2017.04.11 13:50:38.372,1.52785,1.52814,1.50,1.50
2017.04.11 13:50:38.970,1.52788,1.52814,1.00,1.00
2017.04.11 13:50:39.172,1.52788,1.52816,1.12,1.00
2017.04.11 13:50:39.273,1.52791,1.52818,1.00,1.00
2017.04.11 13:50:39.576,1.52791,1.52816,1.00,1.00
2017.04.11 13:50:39.924,1.52792,1.52819,1.00,1.00
2017.04.11 13:50:40.595,1.52791,1.52819,1.00,1.00
2017.04.11 13:50:40.847,1.52794,1.52821,1.00,1.50
2017.04.11 13:50:41.693,1.52795,1.52824,1.00,1.50
2017.04.11 13:50:43.735,1.52794,1.52823,1.00,1.00
2017.04.11 13:50:44.501,1.52795,1.52823,1.00,1.00
2017.04.11 13:50:45.012,1.52796,1.52823,1.50,1.00
2017.04.11 13:50:45.536,1.52795,1.52823,1.00,1.00
2017.04.11 13:50:45.587,1.52797,1.52824,1.00,1.00
2017.04.11 13:50:45.889,1.52802,1.52829,1.00,1.00
2017.04.11 13:50:46.705,1.52798,1.52824,1.00,1.00
2017.04.11 13:50:47.008,1.52795,1.52822,1.50,1.00
2017.04.11 13:50:48.119,1.52795,1.52824,1.50,1.00
2017.04.11 13:50:48.722,1.52795,1.52822,1.00,1.00
2017.04.11 13:50:48.926,1.52793,1.52821,1.50,1.00
2017.04.11 13:50:49.118,1.52794,1.52823,1.00,1.50
2017.04.11 13:50:50.455,1.52794,1.52821,1.00,1.00
2017.04.11 13:50:50.972,1.52793,1.52819,1.00,1.00
2017.04.11 13:50:51.074,1.52798,1.52825,1.00,1.00
2017.04.11 13:50:51.276,1.52798,1.52827,1.00,2.25
2017.04.11 13:50:51.804,1.52798,1.52826,1.00,1.50
2017.04.11 13:50:52.353,1.52797,1.52826,1.00,2.25
2017.04.11 13:50:52.404,1.52797,1.52824,1.00,1.00
2017.04.11 13:50:52.934,1.52792,1.52816,1.00,1.00
2017.04.11 13:50:53.136,1.52789,1.52816,1.00,1.00
2017.04.11 13:50:54.288,1.52786,1.52813,1.00,1.00
2017.04.11 13:50:55.364,1.52787,1.52814,1.00,1.50
2017.04.11 13:50:56.187,1.5279,1.52814,1.00,1.00
2017.04.11 13:50:56.389,1.52788,1.52814,1.00,1.00
2017.04.11 13:50:56.490,1.52791,1.52819,1.00,1.00
2017.04.11 13:50:56.540,1.52796,1.52821,1.00,1.50
2017.04.11 13:50:56.641,1.52796,1.52823,1.00,1.00
2017.04.11 13:50:56.742,1.52796,1.52825,1.00,1.50
2017.04.11 13:50:57.074,1.52801,1.52825,1.00,1.00
2017.04.11 13:50:58.594,1.52802,1.52825,1.00,1.00
2017.04.11 13:50:58.759,1.528,1.52825,1.00,1.00
2017.04.11 13:50:59.097,1.52801,1.52828,1.00,1.00
2017.04.11 13:50:59.349,1.528,1.52825,1.00,1.00
2017.04.11 13:50:59.601,1.52803,1.52829,1.00,1.00
2017.04.11 13:51:00.157,1.52808,1.52827,1.00,1.00
2017.04.11 13:51:00.359,1.52805,1.52827,1.00,1.50
2017.04.11 13:51:00.620,1.52805,1.52829,1.00,1.00
2017.04.11 13:51:01.081,1.52808,1.52829,1.00,1.00
2017.04.11 13:51:01.132,1.52808,1.52832,1.00,1.00
2017.04.11 13:51:01.968,1.5281,1.52835,1.00,1.00
2017.04.11 13:51:02.147,1.52812,1.52836,1.00,1.00
2017.04.11 13:51:02.651,1.52811,1.52836,1.00,1.00
2017.04.11 13:51:02.953,1.52814,1.52835,1.00,1.00
2017.04.11 13:51:03.054,1.52814,1.52839,1.00,1.00
2017.04.11 13:51:03.401,1.52814,1.52843,1.00,1.00
2017.04.11 13:51:03.560,1.52814,1.52839,1.00,1.00
2017.04.11 13:51:04.072,1.52813,1.52839,1.00,1.00
2017.04.11 13:51:04.377,1.52814,1.52837,1.00,1.00
2017.04.11 13:51:04.965,1.52816,1.52837,1.00,1.00
2017.04.11 13:51:05.116,1.52816,1.52839,1.00,1.00
2017.04.11 13:51:05.217,1.52816,1.52846,1.00,1.00
2017.04.11 13:51:05.268,1.52823,1.52846,1.00,1.00
2017.04.11 13:51:05.318,1.52823,1.52848,1.00,1.00
2017.04.11 13:51:05.369,1.52825,1.52848,1.00,1.00
2017.04.11 13:51:05.793,1.52839,1.52853,1.00,1.00
2017.04.11 13:51:05.844,1.52838,1.52862,1.00,1.00
2017.04.11 13:51:05.996,1.52838,1.52859,1.00,1.00
2017.04.11 13:51:06.046,1.52835,1.52859,1.00,1.00
2017.04.11 13:51:06.097,1.52835,1.52864,1.00,1.00
2017.04.11 13:51:06.148,1.52835,1.5286,1.00,1.00
2017.04.11 13:51:06.450,1.52834,1.52863,1.00,1.00
2017.04.11 13:51:06.692,1.52836,1.52863,1.00,1.00
2017.04.11 13:51:06.945,1.52833,1.52863,1.00,1.00
2017.04.11 13:51:07.214,1.52833,1.52865,1.00,1.00
2017.04.11 13:51:07.265,1.52836,1.52866,1.00,1.00
2017.04.11 13:51:07.676,1.52842,1.52867,1.00,1.00
2017.04.11 13:51:07.889,1.5284,1.52868,1.00,1.00
2017.04.11 13:51:07.940,1.52837,1.52868,1.00,1.00
2017.04.11 13:51:07.991,1.52837,1.52866,1.00,1.00
2017.04.11 13:51:08.143,1.52835,1.52867,1.00,1.50
2017.04.11 13:51:08.244,1.52837,1.52867,1.00,1.00
2017.04.11 13:51:08.748,1.52838,1.52866,1.00,1.00
2017.04.11 13:51:09.097,1.5284,1.52866,1.00,1.50
2017.04.11 13:51:09.451,1.52843,1.52867,1.00,1.00
2017.04.11 13:51:09.653,1.52845,1.52873,1.00,1.00
2017.04.11 13:51:09.754,1.52848,1.52874,1.00,1.00
2017.04.11 13:51:10.367,1.52848,1.52876,1.00,1.50
2017.04.11 13:51:10.418,1.52848,1.52873,1.00,1.00
2017.04.11 13:51:10.791,1.52847,1.52871,1.00,1.00
2017.04.11 13:51:10.841,1.52839,1.52865,1.00,1.00
2017.04.11 13:51:10.993,1.52838,1.52862,1.00,1.00
2017.04.11 13:51:11.288,1.52837,1.52865,1.00,1.00
2017.04.11 13:51:11.339,1.52835,1.52865,1.00,1.00
2017.04.11 13:51:11.541,1.52837,1.52865,1.00,1.00
2017.04.11 13:51:11.592,1.52837,1.52867,1.00,1.00
2017.04.11 13:51:11.743,1.52839,1.52867,1.00,1.00
2017.04.11 13:51:11.794,1.5284,1.52871,1.00,1.00
2017.04.11 13:51:11.845,1.52844,1.52874,1.00,1.50
2017.04.11 13:51:12.148,1.52847,1.52875,1.00,1.00
2017.04.11 13:51:12.687,1.52848,1.52876,1.00,1.00
2017.04.11 13:51:12.989,1.52849,1.52874,1.00,1.00
2017.04.11 13:51:13.091,1.52849,1.52876,1.00,1.00
2017.04.11 13:51:14.085,1.52848,1.52876,1.00,1.50
2017.04.11 13:51:14.854,1.52848,1.52866,1.00,1.00
2017.04.11 13:51:15.212,1.52849,1.52876,1.00,1.50
2017.04.11 13:51:15.464,1.52847,1.52876,1.00,1.00
2017.04.11 13:51:15.633,1.52847,1.52874,1.00,1.00
2017.04.11 13:51:15.936,1.52845,1.52872,1.00,1.00
2017.04.11 13:51:16.087,1.52842,1.52872,1.00,1.00
2017.04.11 13:51:16.188,1.52842,1.52874,1.00,1.00
2017.04.11 13:51:16.238,1.52842,1.52866,1.00,1.00
2017.04.11 13:51:16.616,1.52846,1.52866,1.00,1.00
2017.04.11 13:51:16.818,1.52845,1.52872,1.00,1.00
2017.04.11 13:51:17.070,1.52846,1.52866,1.00,1.00
2017.04.11 13:51:17.429,1.52846,1.52873,1.00,1.00
2017.04.11 13:51:17.770,1.52846,1.52876,1.00,1.50
2017.04.11 13:51:18.149,1.52848,1.52877,1.00,1.50
2017.04.11 13:51:18.353,1.52846,1.52876,1.00,1.50
2017.04.11 13:51:19.107,1.52847,1.52877,1.00,1.50
2017.04.11 13:51:19.208,1.52847,1.52873,1.00,1.00
2017.04.11 13:51:19.714,1.52846,1.52873,1.00,1.00
2017.04.11 13:51:19.999,1.52844,1.52873,1.00,1.00
2017.04.11 13:51:20.050,1.52844,1.52875,1.00,1.50
2017.04.11 13:51:20.648,1.52843,1.52874,1.00,1.00
2017.04.11 13:51:20.699,1.52842,1.52872,1.00,1.00
2017.04.11 13:51:20.901,1.52839,1.52872,1.50,1.00
2017.04.11 13:51:22.608,1.52839,1.5287,1.00,1.00
2017.04.11 13:51:22.957,1.52841,1.52867,1.00,1.00
2017.04.11 13:51:24.235,1.52841,1.52869,1.00,1.00
2017.04.11 13:51:24.487,1.52843,1.52869,1.00,1.00
2017.04.11 13:51:25.109,1.52842,1.52868,1.00,1.00
2017.04.11 13:51:25.650,1.52842,1.52869,1.00,1.00
2017.04.11 13:51:26.161,1.52841,1.52868,1.00,1.00
2017.04.11 13:51:26.768,1.52841,1.52869,1.00,1.00
2017.04.11 13:51:27.286,1.5284,1.52868,1.50,1.00
2017.04.11 13:51:27.337,1.52841,1.5287,1.00,1.00
2017.04.11 13:51:28.147,1.52841,1.52868,1.00,1.00
2017.04.11 13:51:28.664,1.52842,1.52868,1.00,1.00
2017.04.11 13:51:29.196,1.52841,1.52867,1.00,1.00
2017.04.11 13:51:29.848,1.52842,1.52867,1.00,1.00
2017.04.11 13:51:30.116,1.52841,1.52869,1.00,1.50
2017.04.11 13:51:32.021,1.52841,1.52867,1.00,1.00
2017.04.11 13:51:32.326,1.52843,1.52869,1.00,1.00
2017.04.11 13:51:32.831,1.52842,1.52868,1.00,1.00
2017.04.11 13:51:33.366,1.52843,1.52869,1.00,1.00
2017.04.11 13:51:36.011,1.52844,1.52872,1.00,1.00
2017.04.11 13:51:36.524,1.52844,1.52873,1.00,1.50
2017.04.11 13:51:36.577,1.52843,1.5287,1.00,1.00
2017.04.11 13:51:37.048,1.52841,1.52869,1.00,1.00
2017.04.11 13:51:37.303,1.52841,1.52866,1.00,1.00
2017.04.11 13:51:38.042,1.52841,1.52867,1.00,2.25
2017.04.11 13:51:38.345,1.52832,1.52853,1.50,1.00
2017.04.11 13:51:38.446,1.52828,1.52852,1.50,1.00
2017.04.11 13:51:38.962,1.52827,1.52853,1.00,1.00
2017.04.11 13:51:39.402,1.52825,1.52852,1.00,1.00
2017.04.11 13:51:39.704,1.52822,1.52851,1.00,1.00
2017.04.11 13:51:39.805,1.52821,1.52848,1.00,1.00
2017.04.11 13:51:40.709,1.52822,1.52849,1.00,1.50
2017.04.11 13:51:40.911,1.52823,1.52851,1.00,1.00
2017.04.11 13:51:41.422,1.52823,1.52852,1.00,1.50
2017.04.11 13:51:41.815,1.52822,1.52848,1.00,1.00
2017.04.11 13:51:41.866,1.5282,1.52848,1.50,1.00
2017.04.11 13:51:41.917,1.52819,1.52846,1.00,1.00
2017.04.11 13:51:42.425,1.52819,1.52845,1.00,1.00
2017.04.11 13:51:42.750,1.52819,1.52843,1.00,1.00
2017.04.11 13:51:45.272,1.52818,1.52843,1.00,1.00
2017.04.11 13:51:46.719,1.52818,1.52844,1.00,1.00
2017.04.11 13:51:49.590,1.52818,1.52843,1.00,1.00
2017.04.11 13:51:50.610,1.52818,1.52844,1.00,1.00
2017.04.11 13:51:51.160,1.52818,1.52845,1.00,1.50
2017.04.11 13:51:51.749,1.52818,1.52844,1.00,1.00
2017.04.11 13:51:52.294,1.52817,1.52844,1.00,1.00
2017.04.11 13:51:53.622,1.52817,1.52845,1.00,1.00
2017.04.11 13:51:54.099,1.52819,1.52845,1.00,1.50
2017.04.11 13:51:56.793,1.52819,1.52846,1.00,1.00
2017.04.11 13:51:57.914,1.52823,1.52847,1.00,1.00
2017.04.11 13:51:58.015,1.52823,1.5285,1.00,1.00
2017.04.11 13:51:58.945,1.52825,1.5285,1.00,1.00
2017.04.11 13:52:02.640,1.52825,1.52851,1.00,1.50
2017.04.11 13:52:03.141,1.52825,1.52852,1.00,1.50
2017.04.11 13:52:03.959,1.52822,1.5285,1.50,1.00
2017.04.11 13:52:04.010,1.5282,1.52847,1.00,1.00
2017.04.11 13:52:04.518,1.5282,1.52846,1.00,1.00
2017.04.11 13:52:05.025,1.52819,1.52847,1.00,1.00
2017.04.11 13:52:06.611,1.52819,1.52848,1.00,1.00
2017.04.11 13:52:07.180,1.52821,1.52847,1.00,1.00
2017.04.11 13:52:07.457,1.52821,1.5285,1.00,1.50
2017.04.11 13:52:07.709,1.52821,1.52848,1.00,1.00
2017.04.11 13:52:08.657,1.5282,1.52847,1.00,1.00
2017.04.11 13:52:11.450,1.52821,1.52848,1.00,1.00
2017.04.11 13:52:12.409,1.52821,1.52849,1.00,1.50
2017.04.11 13:52:15.322,1.52819,1.52848,1.00,1.00
2017.04.11 13:52:15.574,1.52822,1.52851,1.00,1.00
2017.04.11 13:52:16.302,1.52824,1.52852,1.00,1.50
2017.04.11 13:52:16.612,1.52824,1.5285,1.00,1.00
2017.04.11 13:52:16.874,1.52824,1.52852,1.00,1.00
2017.04.11 13:52:17.697,1.52825,1.52852,1.00,1.00
2017.04.11 13:52:18.238,1.52827,1.52854,1.00,1.00
2017.04.11 13:52:18.927,1.52827,1.52856,1.00,1.50
2017.04.11 13:52:19.460,1.52827,1.52853,1.00,1.00
2017.04.11 13:52:19.662,1.52825,1.52853,1.00,1.50
2017.04.11 13:52:19.984,1.52828,1.52852,1.00,1.00
2017.04.11 13:52:20.137,1.52824,1.52852,1.00,1.00
2017.04.11 13:52:20.606,1.52827,1.52852,1.00,1.00
2017.04.11 13:52:20.656,1.52827,1.52855,1.00,1.00
2017.04.11 13:52:21.060,1.5283,1.52857,1.00,1.50
2017.04.11 13:52:21.596,1.5283,1.52858,1.00,1.00
2017.04.11 13:52:22.132,1.5283,1.52859,1.00,1.00
2017.04.11 13:52:22.641,1.52831,1.52858,1.00,1.00
2017.04.11 13:52:22.742,1.52829,1.52857,1.00,1.00
2017.04.11 13:52:23.686,1.52831,1.52857,1.00,1.00
2017.04.11 13:52:23.919,1.52829,1.52856,1.00,1.50
2017.04.11 13:52:24.096,1.52826,1.52855,1.00,1.00
2017.04.11 13:52:24.147,1.52826,1.52852,1.00,1.00
2017.04.11 13:52:25.024,1.52829,1.52852,1.00,1.00
2017.04.11 13:52:25.074,1.52829,1.52856,1.00,1.00
2017.04.11 13:52:25.981,1.52828,1.52858,1.00,1.00
2017.04.11 13:52:27.033,1.52828,1.52855,1.00,1.00
2017.04.11 13:52:28.493,1.52827,1.52854,1.00,1.00
2017.04.11 13:52:30.540,1.52826,1.52853,1.00,1.00
2017.04.11 13:52:31.371,1.52827,1.52854,1.00,1.00
2017.04.11 13:52:31.841,1.52825,1.52852,1.00,1.00
2017.04.11 13:52:32.512,1.52826,1.52853,1.00,1.00
2017.04.11 13:52:32.834,1.52824,1.52851,1.00,1.00
2017.04.11 13:52:33.136,1.52816,1.52842,1.00,1.00
2017.04.11 13:52:33.287,1.52812,1.52839,1.00,1.00
2017.04.11 13:52:33.820,1.52811,1.52838,1.00,1.00
2017.04.11 13:52:34.178,1.52809,1.52838,1.50,1.00
2017.04.11 13:52:34.742,1.52807,1.52835,1.00,1.00
2017.04.11 13:52:35.575,1.5281,1.52837,1.00,1.00
2017.04.11 13:52:36.955,1.5281,1.52839,1.00,1.00
2017.04.11 13:52:37.107,1.52814,1.52841,1.00,1.00
2017.04.11 13:52:37.782,1.52817,1.52844,1.00,1.00
2017.04.11 13:52:38.034,1.52815,1.52844,1.00,1.00
2017.04.11 13:52:38.557,1.52812,1.52839,1.50,1.00
2017.04.11 13:52:41.870,1.52814,1.52841,1.00,1.00
2017.04.11 13:52:42.443,1.52813,1.5284,1.00,1.00
2017.04.11 13:52:43.186,1.52812,1.52839,1.00,1.00
2017.04.11 13:52:43.805,1.52812,1.52841,1.00,1.00
2017.04.11 13:52:43.957,1.52811,1.52838,1.00,1.00
2017.04.11 13:52:44.008,1.5281,1.5284,1.00,1.00
2017.04.11 13:52:45.001,1.5281,1.52839,1.00,1.00
2017.04.11 13:52:45.619,1.5281,1.52837,1.00,1.00
2017.04.11 13:52:45.720,1.52806,1.52836,1.00,1.00
2017.04.11 13:52:47.287,1.52805,1.52833,1.00,1.00
2017.04.11 13:52:47.770,1.52804,1.52831,1.00,1.00
2017.04.11 13:52:48.078,1.52806,1.52831,1.00,1.00
2017.04.11 13:52:48.898,1.52803,1.52831,1.00,1.00
2017.04.11 13:52:49.209,1.52803,1.52828,1.00,1.00
2017.04.11 13:52:49.310,1.52799,1.52828,1.00,1.00
2017.04.11 13:52:49.412,1.52801,1.52826,1.00,1.00
2017.04.11 13:52:49.513,1.52801,1.52828,1.00,1.00
2017.04.11 13:52:49.614,1.52801,1.52825,1.00,1.00
2017.04.11 13:52:49.758,1.52801,1.52827,1.00,1.00
2017.04.11 13:52:50.010,1.528,1.52825,1.00,1.00
2017.04.11 13:52:50.111,1.528,1.52828,1.00,1.00
2017.04.11 13:52:50.162,1.52802,1.52828,1.00,1.00
2017.04.11 13:52:50.464,1.528,1.52826,1.00,1.00
2017.04.11 13:52:50.616,1.528,1.52828,1.00,1.00
2017.04.11 13:52:50.717,1.52799,1.52826,1.00,1.00
2017.04.11 13:52:51.222,1.528,1.52825,1.00,1.00
2017.04.11 13:52:52.080,1.528,1.52827,1.00,1.00
2017.04.11 13:52:52.215,1.52798,1.52827,1.00,1.50
2017.04.11 13:52:52.778,1.52798,1.52825,1.00,1.00
2017.04.11 13:52:53.326,1.52799,1.52825,1.00,1.00
2017.04.11 13:52:55.784,1.52798,1.52825,1.00,1.00
2017.04.11 13:52:56.286,1.52797,1.52824,1.00,1.00
2017.04.11 13:52:57.026,1.52798,1.52824,1.00,1.00
2017.04.11 13:52:58.022,1.52797,1.52824,1.00,1.00
2017.04.11 13:53:04.432,1.52796,1.52823,1.00,1.00
2017.04.11 13:53:06.666,1.52797,1.52826,1.00,1.00
2017.04.11 13:53:06.844,1.52799,1.52828,1.00,1.00
2017.04.11 13:53:07.319,1.52797,1.52826,1.00,1.50
2017.04.11 13:53:08.036,1.52797,1.52827,1.00,1.00
2017.04.11 13:53:08.338,1.528,1.52828,1.00,1.50
2017.04.11 13:53:09.727,1.528,1.52827,1.00,1.00
2017.04.11 13:53:11.962,1.528,1.52828,1.00,1.00
2017.04.11 13:53:13.669,1.528,1.52827,1.00,1.00
2017.04.11 13:53:14.332,1.528,1.52829,1.00,1.50
2017.04.11 13:53:16.119,1.52799,1.52827,1.00,1.00
2017.04.11 13:53:16.693,1.528,1.52826,1.00,1.00
2017.04.11 13:53:16.844,1.52798,1.52826,1.00,1.00
2017.04.11 13:53:17.604,1.52796,1.52826,1.00,1.50
2017.04.11 13:53:17.806,1.52795,1.52823,1.00,1.00
2017.04.11 13:53:18.553,1.52798,1.52825,1.00,1.50
2017.04.11 13:53:18.916,1.52799,1.52829,1.00,1.00
2017.04.11 13:53:19.914,1.52799,1.52828,1.00,1.00
2017.04.11 13:53:21.053,1.52799,1.52829,1.50,1.50
2017.04.11 13:53:22.128,1.52799,1.52827,1.00,1.00
2017.04.11 13:53:22.717,1.52799,1.52826,1.00,1.00
2017.04.11 13:53:23.283,1.52798,1.52827,1.00,1.00
2017.04.11 13:53:25.402,1.52797,1.52822,1.00,1.00
2017.04.11 13:53:25.554,1.52793,1.5282,1.00,1.00
2017.04.11 13:53:25.604,1.5279,1.52816,1.00,1.00
2017.04.11 13:53:25.655,1.52786,1.52815,1.00,1.00
2017.04.11 13:53:25.857,1.52789,1.52817,1.00,1.00
2017.04.11 13:53:26.051,1.52787,1.52817,1.50,1.00
2017.04.11 13:53:26.153,1.52791,1.52818,1.00,1.00
2017.04.11 13:53:26.254,1.52791,1.5282,1.00,1.00
2017.04.11 13:53:26.433,1.52794,1.52822,1.00,1.50
2017.04.11 13:53:26.982,1.52793,1.52822,1.00,1.00
2017.04.11 13:53:28.375,1.52793,1.52821,1.50,1.00
2017.04.11 13:53:30.670,1.52794,1.52822,1.00,1.50
2017.04.11 13:53:31.243,1.52793,1.52821,1.00,1.00
2017.04.11 13:53:31.546,1.52795,1.52822,1.00,1.00
2017.04.11 13:53:32.137,1.52795,1.52823,1.00,1.00
2017.04.11 13:53:32.514,1.52793,1.52821,1.00,1.00
2017.04.11 13:53:32.816,1.52791,1.52819,1.50,1.00
2017.04.11 13:53:33.479,1.52792,1.5282,1.00,1.00
2017.04.11 13:53:33.816,1.52795,1.52821,1.00,1.00
2017.04.11 13:53:33.917,1.52796,1.52823,1.00,1.00
2017.04.11 13:53:33.968,1.52796,1.52825,1.00,1.50
2017.04.11 13:53:34.463,1.52796,1.52823,1.00,1.00
2017.04.11 13:53:34.781,1.52796,1.52825,1.00,1.00
2017.04.11 13:53:35.104,1.52802,1.52827,1.00,1.00
2017.04.11 13:53:35.256,1.52802,1.5283,1.00,1.50
2017.04.11 13:53:36.086,1.52803,1.52831,1.00,1.50
2017.04.11 13:53:37.678,1.52803,1.52832,1.50,1.00
2017.04.11 13:53:38.043,1.52803,1.5283,1.00,1.00
2017.04.11 13:53:38.346,1.52808,1.52836,1.00,1.00
2017.04.11 13:53:38.397,1.52807,1.52834,1.00,1.00
2017.04.11 13:53:38.548,1.52804,1.52834,1.00,1.50
2017.04.11 13:53:38.708,1.52804,1.52831,1.00,1.00
2017.04.11 13:53:39.164,1.52804,1.52833,1.00,1.00
2017.04.11 13:53:39.215,1.52809,1.52834,1.00,1.00
2017.04.11 13:53:39.265,1.52809,1.52837,1.00,1.00
2017.04.11 13:53:39.769,1.5281,1.52838,1.00,1.00
2017.04.11 13:53:40.198,1.5281,1.5284,1.00,1.50
2017.04.11 13:53:40.440,1.52811,1.52838,1.00,1.00
2017.04.11 13:53:41.027,1.52811,1.52837,1.00,1.00
2017.04.11 13:53:41.560,1.52811,1.52838,1.00,1.00
2017.04.11 13:53:41.769,1.52803,1.52832,1.00,1.00
2017.04.11 13:53:41.971,1.52807,1.52831,1.00,1.00
2017.04.11 13:53:42.173,1.52807,1.52834,1.00,1.50
2017.04.11 13:53:42.706,1.52804,1.52831,1.00,1.00
2017.04.11 13:53:43.715,1.52806,1.52833,1.00,1.00
2017.04.11 13:53:45.087,1.52803,1.5283,1.00,1.00
2017.04.11 13:53:45.592,1.52803,1.52829,1.00,1.00
2017.04.11 13:53:45.695,1.52803,1.52832,1.00,1.50
2017.04.11 13:53:46.196,1.52802,1.52829,1.00,1.00
2017.04.11 13:53:47.615,1.52802,1.52831,1.00,1.50
2017.04.11 13:53:48.125,1.52801,1.5283,1.00,1.50
2017.04.11 13:53:48.691,1.52798,1.52826,1.50,1.00
2017.04.11 13:53:49.156,1.52796,1.52822,1.00,1.00
2017.04.11 13:53:52.241,1.52793,1.52819,1.00,1.00
2017.04.11 13:53:52.650,1.52791,1.52817,1.00,1.00
2017.04.11 13:53:54.366,1.52792,1.5282,1.00,1.50
2017.04.11 13:53:55.316,1.52795,1.52821,1.00,1.00
2017.04.11 13:53:55.691,1.52792,1.52819,1.00,1.00
2017.04.11 13:53:55.742,1.52791,1.52817,1.50,1.00
2017.04.11 13:53:56.250,1.5279,1.52817,1.00,1.00
2017.04.11 13:53:56.770,1.52789,1.52816,1.50,1.00
2017.04.11 13:54:00.216,1.52795,1.52819,1.00,1.00
2017.04.11 13:54:00.491,1.52797,1.52823,1.00,1.00
2017.04.11 13:54:00.810,1.52799,1.52825,1.00,1.00
2017.04.11 13:54:01.433,1.528,1.52826,1.00,1.00
2017.04.11 13:54:01.585,1.528,1.52828,1.00,1.00
2017.04.11 13:54:02.125,1.528,1.52829,1.00,1.00
2017.04.11 13:54:03.930,1.52799,1.52825,1.50,1.00
2017.04.11 13:54:03.981,1.52797,1.52825,1.50,1.00
2017.04.11 13:54:04.983,1.52796,1.52825,1.00,1.00
2017.04.11 13:54:05.188,1.52794,1.52821,1.50,1.00
2017.04.11 13:54:05.491,1.52793,1.52818,1.00,1.00
2017.04.11 13:54:05.592,1.52791,1.52818,1.00,1.00
2017.04.11 13:54:05.898,1.52793,1.52818,1.00,1.00
2017.04.11 13:54:07.291,1.52791,1.52818,1.00,1.00
2017.04.11 13:54:08.330,1.52791,1.52817,1.50,1.00
2017.04.11 13:54:08.432,1.52794,1.52821,1.00,1.50
2017.04.11 13:54:09.386,1.52795,1.52821,1.00,1.00
2017.04.11 13:54:10.434,1.52794,1.52821,1.00,1.00
2017.04.11 13:54:12.094,1.52795,1.52824,1.00,1.00
2017.04.11 13:54:12.834,1.52795,1.52823,1.00,1.00
2017.04.11 13:54:13.388,1.52794,1.52823,1.00,1.00
2017.04.11 13:54:15.245,1.52797,1.52825,1.00,1.00
2017.04.11 13:54:15.553,1.52799,1.52826,1.00,1.00
2017.04.11 13:54:15.604,1.52795,1.52824,1.00,1.00
2017.04.11 13:54:15.655,1.52795,1.52822,1.00,1.00
2017.04.11 13:54:15.706,1.52792,1.52822,1.50,1.00
2017.04.11 13:54:15.807,1.52795,1.52822,1.00,1.00
2017.04.11 13:54:15.908,1.52792,1.52822,1.50,1.00
2017.04.11 13:54:16.475,1.52796,1.52824,1.00,1.00
2017.04.11 13:54:16.526,1.52797,1.52826,1.00,1.00
2017.04.11 13:54:16.626,1.52799,1.52824,1.00,1.00
2017.04.11 13:54:17.067,1.52796,1.52824,1.00,1.00
2017.04.11 13:54:18.111,1.52795,1.52824,1.00,1.00
2017.04.11 13:54:22.490,1.52795,1.52823,1.00,1.00
2017.04.11 13:54:25.644,1.52793,1.52823,1.50,1.00
2017.04.11 13:54:25.695,1.52793,1.52821,1.00,1.00
2017.04.11 13:54:26.231,1.52794,1.52821,1.00,1.00
2017.04.11 13:54:30.449,1.52794,1.52822,1.50,1.00
2017.04.11 13:54:33.948,1.52792,1.5282,1.50,1.00
2017.04.11 13:54:34.476,1.52796,1.52824,1.00,1.00
2017.04.11 13:54:34.778,1.52791,1.52819,1.00,1.00
2017.04.11 13:54:35.743,1.52793,1.52819,1.00,1.00
2017.04.11 13:54:35.944,1.5279,1.52818,1.50,1.00
2017.04.11 13:54:36.045,1.52793,1.52818,1.00,1.00
2017.04.11 13:54:36.351,1.5279,1.52818,1.50,1.00
2017.04.11 13:54:36.751,1.52793,1.52818,1.00,1.00
2017.04.11 13:54:37.159,1.52791,1.52818,1.00,1.00
2017.04.11 13:54:37.427,1.52791,1.5282,1.00,1.00
2017.04.11 13:54:37.946,1.52792,1.5282,1.00,1.00
2017.04.11 13:54:38.503,1.52791,1.52819,1.00,1.00
2017.04.11 13:54:39.028,1.52792,1.52819,1.00,1.00
2017.04.11 13:54:39.531,1.52791,1.52819,1.50,1.00
2017.04.11 13:54:40.064,1.52789,1.52815,1.00,1.00
2017.04.11 13:54:40.265,1.52787,1.52815,1.50,1.00
2017.04.11 13:54:40.779,1.52787,1.52816,1.00,1.00
2017.04.11 13:54:41.253,1.52788,1.52818,1.00,1.00
2017.04.11 13:54:41.633,1.52791,1.52818,1.00,1.00
2017.04.11 13:54:43.063,1.52791,1.52819,1.00,1.00
2017.04.11 13:54:43.366,1.52791,1.52816,1.00,1.00
2017.04.11 13:54:43.468,1.52789,1.52817,1.00,1.00
2017.04.11 13:54:43.979,1.52789,1.52816,1.00,1.00
2017.04.11 13:54:44.181,1.52787,1.52816,1.50,1.00
2017.04.11 13:54:44.685,1.52787,1.52817,1.00,1.50
2017.04.11 13:54:47.340,1.52787,1.52816,1.00,1.00
2017.04.11 13:54:48.573,1.52787,1.52817,1.00,1.50
2017.04.11 13:54:48.901,1.52785,1.52815,1.50,1.00
2017.04.11 13:54:49.405,1.52787,1.52815,1.00,1.00
2017.04.11 13:54:49.607,1.52785,1.52815,1.00,1.00
2017.04.11 13:54:49.911,1.52787,1.52815,1.00,1.00
2017.04.11 13:54:50.696,1.52788,1.52819,1.00,1.00
2017.04.11 13:54:51.200,1.52787,1.52815,1.00,1.00
2017.04.11 13:54:52.430,1.52787,1.52816,1.00,1.00
2017.04.11 13:54:56.088,1.52788,1.52816,1.00,1.00
2017.04.11 13:54:56.390,1.52793,1.52822,1.50,1.00
2017.04.11 13:54:56.592,1.52795,1.52823,1.00,1.00
2017.04.11 13:54:56.894,1.528,1.52827,1.00,1.00
2017.04.11 13:54:57.443,1.52801,1.52827,1.00,1.00
2017.04.11 13:54:57.896,1.52804,1.52826,1.00,1.00
2017.04.11 13:54:57.998,1.52797,1.52826,1.50,1.00
2017.04.11 13:54:58.099,1.528,1.52826,1.00,1.00
2017.04.11 13:54:58.403,1.52799,1.52824,1.00,1.00
2017.04.11 13:54:58.605,1.52793,1.5282,1.00,1.00
2017.04.11 13:54:59.016,1.52792,1.52818,1.00,1.00
2017.04.11 13:54:59.168,1.52789,1.52818,2.25,1.00
2017.04.11 13:54:59.457,1.52792,1.52818,1.00,1.00
2017.04.11 13:55:00.563,1.52794,1.52821,1.00,1.50
2017.04.11 13:55:00.664,1.5279,1.5282,1.00,1.00
2017.04.11 13:55:00.765,1.52792,1.5282,1.00,1.00
2017.04.11 13:55:01.276,1.52792,1.52819,1.00,1.00
2017.04.11 13:55:02.009,1.52789,1.52819,1.50,1.00
2017.04.11 13:55:02.513,1.5279,1.5282,1.00,1.50
2017.04.11 13:55:02.614,1.52797,1.5282,1.00,1.00
2017.04.11 13:55:02.665,1.52799,1.52824,1.00,1.00
2017.04.11 13:55:02.768,1.52802,1.52824,1.00,1.00
2017.04.11 13:55:02.818,1.52802,1.5283,1.50,1.50
2017.04.11 13:55:02.970,1.52805,1.5283,1.00,1.00
2017.04.11 13:55:03.122,1.52807,1.52833,1.00,1.00
2017.04.11 13:55:03.175,1.52805,1.52833,1.00,1.00
2017.04.11 13:55:03.327,1.52806,1.52831,1.00,1.00
2017.04.11 13:55:03.681,1.52803,1.52832,1.50,1.00
2017.04.11 13:55:03.833,1.52803,1.52829,1.00,1.00
2017.04.11 13:55:04.337,1.52803,1.52832,1.00,1.00
2017.04.11 13:55:04.582,1.52806,1.52833,1.00,1.00
2017.04.11 13:55:04.884,1.52808,1.52835,1.00,1.00
2017.04.11 13:55:07.583,1.52808,1.52833,1.00,1.00
2017.04.11 13:55:08.454,1.52808,1.52832,1.00,1.00
2017.04.11 13:55:10.075,1.52806,1.52832,1.50,1.00
2017.04.11 13:55:10.226,1.52806,1.52835,1.50,1.00
2017.04.11 13:55:10.462,1.52806,1.52833,1.00,1.00
2017.04.11 13:55:10.913,1.52808,1.52833,1.00,1.00
2017.04.11 13:55:11.222,1.52806,1.52833,1.00,1.00
2017.04.11 13:55:12.231,1.52807,1.52834,1.00,1.00
2017.04.11 13:55:13.186,1.52808,1.52835,1.00,1.00
2017.04.11 13:55:17.623,1.52817,1.52836,1.00,1.00
2017.04.11 13:55:17.946,1.52826,1.52845,1.50,1.00
2017.04.11 13:55:17.996,1.52829,1.52852,1.00,1.45
2017.04.11 13:55:18.148,1.52829,1.52855,1.00,1.00
2017.04.11 13:55:18.456,1.52829,1.52852,1.00,1.00
2017.04.11 13:55:18.773,1.52832,1.52852,1.00,1.00
2017.04.11 13:55:18.824,1.5283,1.52852,1.00,1.00
2017.04.11 13:55:19.468,1.5283,1.52854,1.00,1.00
2017.04.11 13:55:19.569,1.5283,1.52856,1.50,1.50
2017.04.11 13:55:19.620,1.52832,1.52856,1.00,1.00
2017.04.11 13:55:19.822,1.5283,1.52855,1.00,1.00
2017.04.11 13:55:20.263,1.5283,1.52852,1.00,1.00
2017.04.11 13:55:20.415,1.52828,1.52852,1.00,1.00
2017.04.11 13:55:20.656,1.52826,1.52852,1.00,1.00
2017.04.11 13:55:20.757,1.52826,1.5285,1.00,1.00
2017.04.11 13:55:21.282,1.52826,1.52847,1.00,1.00
2017.04.11 13:55:21.333,1.52823,1.52847,1.00,1.00
2017.04.11 13:55:21.384,1.52823,1.5285,1.50,1.00
2017.04.11 13:55:21.515,1.52824,1.52844,1.00,1.00
2017.04.11 13:55:21.617,1.52818,1.52841,1.00,1.00
2017.04.11 13:55:22.502,1.52818,1.52844,1.00,1.00
2017.04.11 13:55:23.006,1.52819,1.52844,1.00,1.00
2017.04.11 13:55:24.672,1.52819,1.52846,1.00,1.50
2017.04.11 13:55:24.723,1.52819,1.52844,1.00,1.00
2017.04.11 13:55:25.529,1.5282,1.52846,1.00,1.00
2017.04.11 13:55:26.039,1.52821,1.52847,1.00,1.00
2017.04.11 13:55:26.262,1.52814,1.52842,1.00,1.00
2017.04.11 13:55:26.665,1.5281,1.52842,1.00,1.50
2017.04.11 13:55:26.715,1.52813,1.5284,1.00,1.00
2017.04.11 13:55:32.051,1.52815,1.52842,1.00,1.50
2017.04.11 13:55:32.354,1.52812,1.52841,1.00,1.00
2017.04.11 13:55:32.795,1.52812,1.52839,1.00,1.00
2017.04.11 13:55:33.995,1.52817,1.52843,1.00,1.00
2017.04.11 13:55:34.146,1.52818,1.52845,1.00,1.00
2017.04.11 13:55:34.197,1.52816,1.52842,1.00,1.00
2017.04.11 13:55:34.298,1.52817,1.52844,1.00,1.00
2017.04.11 13:55:34.399,1.52816,1.52841,1.00,1.00
2017.04.11 13:55:34.551,1.52814,1.52841,1.00,1.00
2017.04.11 13:55:35.172,1.52814,1.52843,2.25,1.12
2017.04.11 13:55:36.574,1.52817,1.52843,1.00,1.12
2017.04.11 13:55:36.839,1.52815,1.52842,1.00,1.00
2017.04.11 13:55:37.153,1.52814,1.5284,1.50,1.00
2017.04.11 13:55:37.652,1.52812,1.5284,1.00,1.00
2017.04.11 13:55:38.105,1.52816,1.52843,1.00,1.50
2017.04.11 13:55:38.669,1.52817,1.52844,1.00,1.00
2017.04.11 13:55:38.980,1.52819,1.52846,1.00,1.00
2017.04.11 13:55:39.285,1.52821,1.52847,1.00,1.00
2017.04.11 13:55:39.659,1.52822,1.52849,1.00,1.00
2017.04.11 13:55:40.033,1.52823,1.52851,1.00,1.00
2017.04.11 13:55:40.479,1.52822,1.52847,1.00,1.00
2017.04.11 13:55:40.580,1.52817,1.52846,1.50,1.00
2017.04.11 13:55:40.682,1.5282,1.52847,1.50,1.00
2017.04.11 13:55:41.185,1.52821,1.52847,1.00,1.00
2017.04.11 13:55:41.364,1.52823,1.5285,1.50,1.00
2017.04.11 13:55:41.910,1.52824,1.5285,1.00,1.00
2017.04.11 13:55:42.363,1.52821,1.52847,1.50,1.00
2017.04.11 13:55:42.968,1.52821,1.52849,1.50,1.00
2017.04.11 13:55:43.069,1.52821,1.52847,1.00,1.00
2017.04.11 13:55:43.396,1.52825,1.52851,1.00,1.00
2017.04.11 13:55:44.310,1.52824,1.52851,1.00,1.00
2017.04.11 13:55:44.361,1.52825,1.52854,1.00,1.50
2017.04.11 13:55:44.512,1.52835,1.52856,1.00,1.00
2017.04.11 13:55:44.714,1.52837,1.52863,1.00,1.00
2017.04.11 13:55:44.947,1.52837,1.52866,1.00,1.00
2017.04.11 13:55:44.998,1.52836,1.52864,1.00,1.00
2017.04.11 13:55:45.351,1.52832,1.52863,1.00,1.00
2017.04.11 13:55:45.452,1.52832,1.5286,1.00,1.00
2017.04.11 13:55:45.503,1.5283,1.5286,1.00,1.00
2017.04.11 13:55:45.553,1.52829,1.52856,1.00,1.00
2017.04.11 13:55:45.604,1.52827,1.52856,3.75,1.00
2017.04.11 13:55:45.655,1.52827,1.52862,4.50,1.00
2017.04.11 13:55:46.213,1.52829,1.52862,1.00,1.00
2017.04.11 13:55:46.516,1.52832,1.52865,1.50,1.87
2017.04.11 13:55:46.869,1.5283,1.52863,1.00,1.00
2017.04.11 13:55:47.560,1.52832,1.52863,1.00,1.00
2017.04.11 13:55:47.762,1.52829,1.52863,1.00,1.37
2017.04.11 13:55:47.863,1.52829,1.52863,1.00,1.12
2017.04.11 13:55:48.165,1.52829,1.5286,1.00,1.87
2017.04.11 13:55:48.266,1.5283,1.5286,1.00,1.87
2017.04.11 13:55:48.771,1.52829,1.5286,1.00,1.00
2017.04.11 13:55:50.093,1.52829,1.52862,1.00,1.00
2017.04.11 13:55:50.500,1.52833,1.52863,1.00,1.00
2017.04.11 13:55:50.803,1.52831,1.52863,1.00,1.12
2017.04.11 13:55:51.106,1.52833,1.52863,1.00,1.00
2017.04.11 13:55:51.426,1.52835,1.52864,1.00,1.00
2017.04.11 13:55:51.783,1.52835,1.5286,1.00,1.00
2017.04.11 13:55:52.535,1.52835,1.52861,1.00,1.00
2017.04.11 13:55:53.114,1.52835,1.52862,1.00,1.00
2017.04.11 13:55:53.898,1.52836,1.52866,1.00,1.00
2017.04.11 13:55:54.150,1.52835,1.52864,1.00,1.00
2017.04.11 13:55:54.665,1.52837,1.52864,1.00,1.00
2017.04.11 13:55:55.173,1.52837,1.52865,1.00,1.00
2017.04.11 13:55:55.705,1.52838,1.52866,1.50,1.50
2017.04.11 13:55:56.083,1.5284,1.52866,1.50,1.00
2017.04.11 13:55:57.599,1.52841,1.52866,1.00,1.00
2017.04.11 13:55:58.522,1.52841,1.52867,1.00,1.00
2017.04.11 13:55:58.732,1.52838,1.52865,1.00,1.00
2017.04.11 13:55:59.014,1.5284,1.52865,1.00,1.00
2017.04.11 13:55:59.316,1.52838,1.52865,1.50,1.00
2017.04.11 13:55:59.831,1.52839,1.52866,1.00,1.00
2017.04.11 13:56:00.347,1.52838,1.52866,1.00,1.50
2017.04.11 13:56:00.448,1.52836,1.52865,1.00,1.00
2017.04.11 13:56:00.771,1.52838,1.52866,1.00,1.50
2017.04.11 13:56:01.082,1.5284,1.52866,1.00,1.00
2017.04.11 13:56:02.201,1.52838,1.52866,1.50,1.50
2017.04.11 13:56:03.075,1.52837,1.52865,1.50,1.00
2017.04.11 13:56:03.603,1.52835,1.52865,2.25,1.00
2017.04.11 13:56:04.529,1.52835,1.52864,2.25,1.00
2017.04.11 13:56:04.640,1.52838,1.52867,1.00,1.00
2017.04.11 13:56:05.178,1.52839,1.52866,1.00,1.00
2017.04.11 13:56:05.506,1.52842,1.52866,1.00,1.00
2017.04.11 13:56:05.864,1.52842,1.5287,1.00,1.00
2017.04.11 13:56:05.915,1.52844,1.52872,1.00,1.00
2017.04.11 13:56:06.218,1.52839,1.52866,1.00,1.00
2017.04.11 13:56:06.470,1.52839,1.52869,1.00,1.00
2017.04.11 13:56:06.830,1.52839,1.52866,1.00,1.00
2017.04.11 13:56:07.381,1.5284,1.52866,1.00,1.00
2017.04.11 13:56:08.608,1.52841,1.52866,1.00,1.00
2017.04.11 13:56:08.924,1.52841,1.52869,1.00,1.00
2017.04.11 13:56:08.974,1.52841,1.52867,1.00,1.00
2017.04.11 13:56:09.513,1.52841,1.52866,1.00,1.00
2017.04.11 13:56:09.563,1.52841,1.52869,1.00,1.00
2017.04.11 13:56:10.275,1.5284,1.52869,1.50,1.00
2017.04.11 13:56:12.113,1.52841,1.52869,1.00,1.00
2017.04.11 13:56:12.700,1.52841,1.5287,1.50,1.00
2017.04.11 13:56:14.557,1.52843,1.52873,1.00,1.00
2017.04.11 13:56:14.608,1.52845,1.52873,1.00,1.00
2017.04.11 13:56:15.096,1.52843,1.52873,1.00,1.00
2017.04.11 13:56:15.608,1.52846,1.52873,1.00,1.00
2017.04.11 13:56:15.709,1.52844,1.52873,1.00,1.00
2017.04.11 13:56:16.043,1.52844,1.52871,1.50,1.00
2017.04.11 13:56:17.410,1.52845,1.52873,1.00,1.00
2017.04.11 13:56:17.942,1.52846,1.52873,1.00,1.00
2017.04.11 13:56:18.443,1.52847,1.52873,1.00,1.00
2017.04.11 13:56:19.874,1.52851,1.52878,1.00,1.00
2017.04.11 13:56:20.678,1.52848,1.52877,1.50,1.00
2017.04.11 13:56:20.844,1.5285,1.52878,1.00,1.00
2017.04.11 13:56:21.577,1.52851,1.52879,1.00,1.00
2017.04.11 13:56:22.622,1.52851,1.52877,1.00,1.00
2017.04.11 13:56:22.953,1.52849,1.52875,1.50,1.00
2017.04.11 13:56:23.486,1.52851,1.52875,1.00,1.00
2017.04.11 13:56:25.488,1.52851,1.52877,1.00,1.00
2017.04.11 13:56:26.106,1.52851,1.52875,1.00,1.00
2017.04.11 13:56:26.521,1.52852,1.52877,1.00,1.00
2017.04.11 13:56:27.229,1.52852,1.52872,1.00,1.00
2017.04.11 13:56:27.330,1.52845,1.52868,1.00,1.00
2017.04.11 13:56:27.381,1.52844,1.5287,2.25,1.00
2017.04.11 13:56:27.532,1.52846,1.52872,1.00,1.50
2017.04.11 13:56:27.834,1.52848,1.52872,1.00,1.00
2017.04.11 13:56:28.215,1.52851,1.52872,1.00,1.00
2017.04.11 13:56:28.316,1.52848,1.52871,1.00,1.00
2017.04.11 13:56:28.568,1.52846,1.52871,1.00,1.00
2017.04.11 13:56:28.820,1.52844,1.52871,1.50,1.00
2017.04.11 13:56:31.882,1.52846,1.52872,1.00,1.00
2017.04.11 13:56:32.214,1.52848,1.52872,1.00,1.00
2017.04.11 13:56:32.867,1.52848,1.52874,1.00,1.00
2017.04.11 13:56:33.068,1.52847,1.52871,1.00,1.00
2017.04.11 13:56:33.119,1.52845,1.52872,1.00,1.00
2017.04.11 13:56:33.648,1.52846,1.52872,1.00,1.00
2017.04.11 13:56:34.539,1.52845,1.52871,1.00,1.00
2017.04.11 13:56:34.595,1.52843,1.5287,2.25,1.00
2017.04.11 13:56:34.647,1.52845,1.5287,1.00,1.00
2017.04.11 13:56:34.748,1.52847,1.52874,1.00,1.00
2017.04.11 13:56:34.849,1.52849,1.52874,1.00,1.00
2017.04.11 13:56:35.052,1.52846,1.52873,1.00,1.00
2017.04.11 13:56:35.356,1.52848,1.52873,1.00,1.00
2017.04.11 13:56:35.744,1.52846,1.52873,1.00,1.00
2017.04.11 13:56:36.120,1.52846,1.52871,1.00,1.00
2017.04.11 13:56:36.321,1.52844,1.52871,1.50,1.00
2017.04.11 13:56:36.651,1.52846,1.52875,1.00,1.00
2017.04.11 13:56:37.073,1.52848,1.52875,1.00,1.00
2017.04.11 13:56:37.385,1.52846,1.52871,1.00,1.00
2017.04.11 13:56:37.637,1.52844,1.52871,1.50,1.00
2017.04.11 13:56:38.150,1.52847,1.52871,1.00,1.00
2017.04.11 13:56:38.496,1.52845,1.52871,1.00,1.00
2017.04.11 13:56:38.748,1.52845,1.52869,1.00,1.00
2017.04.11 13:56:39.273,1.52844,1.52869,1.00,1.00
2017.04.11 13:56:39.349,1.52843,1.52871,1.00,1.00
2017.04.11 13:56:39.537,1.52842,1.52873,1.00,1.00
2017.04.11 13:56:39.588,1.52843,1.5287,1.00,1.00
2017.04.11 13:56:39.638,1.52842,1.52872,1.00,1.00
2017.04.11 13:56:40.051,1.52845,1.52872,1.00,1.00
2017.04.11 13:56:40.101,1.52843,1.52872,1.00,1.00
2017.04.11 13:56:40.303,1.52844,1.52876,1.00,1.50
2017.04.11 13:56:40.769,1.52847,1.52876,1.00,2.25
2017.04.11 13:56:41.353,1.52847,1.52874,1.00,1.00
2017.04.11 13:56:41.456,1.52844,1.52874,1.50,1.00
2017.04.11 13:56:41.607,1.52846,1.52874,1.00,1.00
2017.04.11 13:56:41.963,1.52846,1.52872,1.00,1.00
2017.04.11 13:56:42.065,1.52846,1.52876,1.00,1.00
2017.04.11 13:56:42.116,1.52844,1.52876,1.50,1.00
2017.04.11 13:56:42.470,1.52846,1.52875,1.00,1.00
2017.04.11 13:56:42.975,1.52848,1.52875,1.00,1.00
2017.04.11 13:56:43.025,1.52846,1.52875,1.00,1.00
2017.04.11 13:56:43.495,1.52844,1.52875,1.00,1.00
2017.04.11 13:56:43.697,1.52846,1.52875,1.00,1.00
2017.04.11 13:56:43.798,1.52843,1.52875,1.50,1.00
2017.04.11 13:56:44.151,1.52845,1.52875,1.00,1.00
2017.04.11 13:56:44.555,1.52844,1.52877,1.00,1.50
2017.04.11 13:56:44.656,1.52846,1.52876,1.00,1.00
2017.04.11 13:56:45.199,1.52845,1.52876,1.50,1.00
2017.04.11 13:56:46.043,1.52847,1.52876,1.00,1.00
2017.04.11 13:56:46.094,1.52845,1.52876,1.00,1.00
2017.04.11 13:56:46.145,1.52847,1.52876,1.00,1.00
2017.04.11 13:56:46.568,1.52845,1.52876,1.00,1.00
2017.04.11 13:56:48.032,1.52846,1.52874,1.00,1.00
2017.04.11 13:56:48.863,1.52848,1.52876,1.00,1.00
2017.04.11 13:56:49.267,1.52851,1.52886,1.00,2.25
2017.04.11 13:56:49.671,1.52854,1.52886,1.00,2.25
2017.04.11 13:56:50.282,1.52854,1.52885,1.00,1.00
2017.04.11 13:56:50.593,1.52856,1.52883,1.00,1.00
2017.04.11 13:56:51.455,1.52857,1.52883,1.00,1.00
2017.04.11 13:56:52.456,1.52855,1.52883,1.00,1.00
2017.04.11 13:56:53.116,1.52856,1.52883,1.00,1.00
2017.04.11 13:56:53.352,1.52858,1.52883,1.00,1.00
2017.04.11 13:56:53.755,1.52855,1.52883,2.25,1.00
2017.04.11 13:56:53.856,1.52858,1.52885,1.00,1.00
2017.04.11 13:56:54.316,1.52858,1.52889,1.00,1.00
2017.04.11 13:56:54.453,1.5286,1.52889,1.50,1.00
2017.04.11 13:56:54.796,1.52859,1.52886,1.00,1.00
2017.04.11 13:56:54.998,1.52857,1.52885,1.00,1.00
2017.04.11 13:56:55.645,1.52856,1.52884,1.00,1.00
2017.04.11 13:56:56.173,1.52855,1.52883,1.50,1.00
2017.04.11 13:56:56.797,1.52856,1.52884,1.00,1.00
2017.04.11 13:56:57.307,1.52856,1.52885,1.00,1.00
2017.04.11 13:56:57.409,1.52858,1.52886,1.00,2.25
2017.04.11 13:56:57.712,1.52854,1.52881,1.00,1.00
2017.04.11 13:56:58.545,1.52854,1.5288,1.00,1.00
2017.04.11 13:56:59.590,1.52855,1.52882,1.00,1.00
2017.04.11 13:57:00.302,1.52857,1.52883,1.00,1.00
2017.04.11 13:57:00.959,1.52855,1.52884,1.00,1.00
2017.04.11 13:57:03.236,1.52855,1.52882,1.00,1.00
2017.04.11 13:57:04.530,1.52853,1.52882,1.00,1.00
2017.04.11 13:57:04.661,1.52857,1.52883,1.00,1.00
2017.04.11 13:57:04.963,1.52855,1.52883,1.00,1.00
2017.04.11 13:57:05.517,1.52854,1.52883,1.50,1.00
2017.04.11 13:57:05.567,1.52856,1.52883,1.00,1.00
2017.04.11 13:57:05.895,1.52854,1.52883,2.25,1.00
2017.04.11 13:57:06.148,1.52854,1.52881,1.50,1.00
2017.04.11 13:57:06.299,1.52854,1.52883,1.50,1.50
2017.04.11 13:57:07.688,1.52854,1.52881,1.00,1.00
2017.04.11 13:57:08.691,1.52854,1.52882,1.00,1.50
2017.04.11 13:57:09.011,1.52859,1.52885,1.00,1.00
2017.04.11 13:57:09.230,1.52856,1.52883,1.00,1.50
2017.04.11 13:57:09.382,1.52856,1.52881,1.00,1.00
2017.04.11 13:57:09.684,1.52856,1.52883,1.50,1.00
2017.04.11 13:57:10.225,1.52856,1.52882,1.00,1.00
2017.04.11 13:57:11.786,1.52857,1.52886,1.00,2.25
2017.04.11 13:57:12.278,1.52856,1.52882,1.00,1.00
2017.04.11 13:57:12.793,1.52857,1.52883,1.00,1.00
2017.04.11 13:57:14.473,1.52858,1.52883,1.00,1.00
2017.04.11 13:57:14.676,1.52858,1.52886,1.00,1.00
2017.04.11 13:57:14.777,1.52856,1.52886,1.50,1.00
2017.04.11 13:57:15.027,1.52856,1.52886,1.50,1.15
2017.04.11 13:57:15.132,1.52856,1.52886,1.50,1.00
2017.04.11 13:57:15.951,1.52857,1.52886,1.00,1.00
2017.04.11 13:57:16.939,1.52858,1.52886,1.00,1.00
2017.04.11 13:57:18.241,1.52858,1.52887,1.00,1.00
2017.04.11 13:57:18.617,1.52862,1.52887,1.00,1.00
2017.04.11 13:57:18.718,1.52861,1.52891,1.00,1.00
2017.04.11 13:57:19.206,1.52864,1.52892,1.00,1.50
2017.04.11 13:57:19.508,1.52865,1.52894,1.00,1.00
2017.04.11 13:57:19.762,1.52867,1.52894,1.00,1.00
2017.04.11 13:57:19.863,1.52865,1.52894,1.00,1.00
2017.04.11 13:57:20.410,1.52866,1.52893,1.00,1.00
2017.04.11 13:57:21.188,1.52867,1.52895,1.00,2.25
2017.04.11 13:57:21.690,1.52868,1.52894,1.00,1.00
2017.04.11 13:57:22.199,1.52867,1.52894,1.00,1.00
2017.04.11 13:57:22.403,1.52867,1.52892,1.00,1.00
2017.04.11 13:57:22.922,1.52867,1.52895,1.00,1.50
2017.04.11 13:57:23.633,1.52865,1.52895,1.50,1.00
2017.04.11 13:57:23.683,1.52865,1.52893,1.00,1.00
2017.04.11 13:57:24.001,1.52867,1.52893,1.00,1.00
2017.04.11 13:57:24.253,1.52865,1.52893,1.00,1.00
2017.04.11 13:57:24.460,1.52869,1.52893,1.00,1.00
2017.04.11 13:57:24.562,1.52863,1.5289,1.00,1.00
2017.04.11 13:57:24.663,1.52861,1.5289,1.00,1.50
2017.04.11 13:57:26.094,1.52862,1.5289,1.00,1.50
2017.04.11 13:57:27.710,1.52864,1.5289,1.00,1.00
2017.04.11 13:57:27.811,1.52864,1.52895,1.50,1.50
2017.04.11 13:57:28.063,1.52868,1.52895,1.00,1.00
2017.04.11 13:57:28.256,1.52868,1.52897,1.00,1.50
2017.04.11 13:57:28.775,1.52868,1.52896,1.00,1.00
2017.04.11 13:57:30.753,1.52867,1.52895,1.00,1.00
2017.04.11 13:57:31.594,1.52863,1.52893,2.25,1.00
2017.04.11 13:57:32.001,1.52863,1.5289,1.00,1.00
2017.04.11 13:57:32.613,1.52863,1.52889,1.00,1.00
2017.04.11 13:57:32.714,1.52863,1.52891,1.00,1.00
2017.04.11 13:57:32.915,1.52863,1.52889,1.00,1.00
2017.04.11 13:57:33.419,1.52863,1.5289,1.00,1.00
2017.04.11 13:57:33.941,1.52863,1.52889,1.00,1.00
2017.04.11 13:57:34.346,1.52865,1.52889,1.00,1.00
2017.04.11 13:57:34.699,1.52866,1.52892,1.00,1.00
2017.04.11 13:57:34.750,1.52862,1.5289,1.00,1.00
2017.04.11 13:57:35.254,1.52862,1.52891,1.00,1.00
2017.04.11 13:57:36.139,1.52862,1.5289,1.00,1.00
2017.04.11 13:57:36.801,1.52862,1.52891,1.00,1.00
2017.04.11 13:57:37.381,1.52862,1.5289,1.00,1.00
2017.04.11 13:57:37.752,1.52864,1.5289,1.00,1.50
2017.04.11 13:57:38.080,1.52862,1.52889,1.00,1.00
2017.04.11 13:57:38.131,1.5286,1.52888,1.00,1.00
2017.04.11 13:57:38.653,1.52861,1.52889,1.00,1.00
2017.04.11 13:57:38.704,1.52863,1.52891,1.00,1.00
2017.04.11 13:57:39.155,1.52864,1.52893,1.00,1.00
2017.04.11 13:57:40.173,1.52867,1.52894,1.00,1.00
2017.04.11 13:57:40.831,1.52864,1.52893,1.50,1.00
2017.04.11 13:57:41.195,1.52864,1.52891,1.00,1.00
2017.04.11 13:57:41.543,1.52866,1.52893,1.00,1.00
2017.04.11 13:57:41.695,1.52863,1.52892,1.00,1.00
2017.04.11 13:57:42.078,1.52862,1.52889,1.00,1.00
2017.04.11 13:57:42.617,1.52859,1.52886,1.00,1.00
2017.04.11 13:57:44.990,1.52858,1.52885,1.00,1.00
2017.04.11 13:57:46.596,1.52856,1.52885,1.00,1.00
2017.04.11 13:57:47.138,1.52857,1.52884,1.50,1.00
2017.04.11 13:57:47.541,1.52859,1.52886,1.00,1.00
2017.04.11 13:57:48.052,1.52859,1.52885,1.00,1.00
2017.04.11 13:57:49.169,1.52859,1.52886,1.00,1.50
2017.04.11 13:57:49.927,1.52859,1.52885,1.00,1.00
2017.04.11 13:57:50.228,1.52856,1.52885,1.00,1.50
2017.04.11 13:57:50.847,1.52855,1.52884,1.50,1.00
2017.04.11 13:57:51.391,1.52854,1.52883,1.00,1.00
2017.04.11 13:57:52.821,1.52857,1.52884,1.00,1.00
2017.04.11 13:57:53.927,1.52859,1.52885,1.00,1.50
2017.04.11 13:57:54.129,1.5286,1.52887,1.00,1.00
2017.04.11 13:57:54.654,1.5286,1.52888,1.00,1.00
2017.04.11 13:57:55.018,1.52866,1.52891,1.00,1.00
2017.04.11 13:57:55.568,1.52866,1.52892,1.00,1.00
2017.04.11 13:57:55.870,1.52863,1.52889,1.50,1.00
2017.04.11 13:57:57.558,1.52863,1.5289,1.00,1.00
2017.04.11 13:57:59.672,1.52862,1.52891,1.00,1.00
2017.04.11 13:58:00.177,1.52862,1.52892,1.50,1.50
2017.04.11 13:58:01.004,1.52869,1.52892,1.00,1.00
2017.04.11 13:58:01.055,1.52869,1.52896,1.00,1.00
2017.04.11 13:58:01.156,1.52869,1.52899,1.00,1.50
2017.04.11 13:58:01.257,1.52869,1.52896,1.00,1.00
2017.04.11 13:58:01.801,1.52869,1.52897,1.00,1.00
2017.04.11 13:58:02.197,1.52871,1.52896,1.00,1.00
2017.04.11 13:58:02.606,1.52869,1.52896,1.00,1.50
2017.04.11 13:58:03.623,1.52867,1.52895,1.00,1.00
2017.04.11 13:58:04.256,1.5287,1.52897,1.00,1.50
2017.04.11 13:58:04.786,1.5287,1.52896,1.00,1.00
2017.04.11 13:58:06.237,1.5287,1.52897,1.00,2.25
2017.04.11 13:58:06.798,1.52871,1.52897,1.00,2.25
2017.04.11 13:58:07.257,1.52871,1.52899,1.00,1.00
2017.04.11 13:58:07.605,1.52869,1.52895,1.00,1.00
2017.04.11 13:58:07.981,1.52871,1.52897,1.00,1.50
2017.04.11 13:58:08.543,1.52871,1.52896,1.00,1.00
2017.04.11 13:58:09.129,1.52872,1.52896,1.00,1.00
2017.04.11 13:58:10.407,1.52873,1.52896,1.00,1.00
2017.04.11 13:58:10.914,1.52873,1.52901,1.00,1.00
2017.04.11 13:58:10.964,1.52871,1.52898,1.00,1.00
2017.04.11 13:58:11.066,1.52874,1.52902,1.00,1.00
2017.04.11 13:58:11.167,1.52872,1.529,1.00,1.00
2017.04.11 13:58:11.776,1.52872,1.52899,1.00,1.00
2017.04.11 13:58:12.325,1.52872,1.529,1.00,1.00
2017.04.11 13:58:12.797,1.52872,1.52896,1.00,1.00
2017.04.11 13:58:12.847,1.52872,1.52901,1.00,1.00
2017.04.11 13:58:12.898,1.52872,1.52897,1.00,1.00
2017.04.11 13:58:13.156,1.52872,1.529,1.00,1.00
2017.04.11 13:58:13.694,1.52873,1.52901,1.00,1.00
2017.04.11 13:58:14.923,1.52875,1.52903,1.00,1.00
2017.04.11 13:58:15.462,1.52876,1.52904,1.00,1.00
2017.04.11 13:58:16.152,1.52875,1.52903,1.00,1.00
2017.04.11 13:58:16.952,1.52875,1.52904,1.00,1.00
2017.04.11 13:58:18.425,1.52877,1.52904,1.00,1.00
2017.04.11 13:58:18.960,1.52876,1.52904,1.00,1.00
2017.04.11 13:58:19.556,1.52875,1.52903,1.00,1.00
2017.04.11 13:58:22.872,1.52876,1.52904,1.00,1.00
2017.04.11 13:58:23.841,1.52876,1.52905,1.50,1.00
2017.04.11 13:58:24.559,1.52879,1.52906,1.00,1.00
2017.04.11 13:58:24.660,1.52877,1.52905,1.00,1.00
2017.04.11 13:58:24.812,1.5288,1.52907,1.00,1.00
2017.04.11 13:58:26.419,1.5288,1.52908,1.50,1.00
2017.04.11 13:58:26.897,1.52878,1.52905,1.37,1.00
2017.04.11 13:58:27.216,1.52876,1.52901,1.00,1.00
2017.04.11 13:58:27.267,1.52876,1.52905,1.50,3.75
2017.04.11 13:58:29.729,1.52876,1.52905,1.37,1.00
2017.04.11 13:58:30.109,1.52879,1.52906,1.00,1.00
2017.04.11 13:58:32.045,1.5288,1.52906,1.00,1.00
2017.04.11 13:58:32.575,1.52879,1.52906,1.00,1.00
2017.04.11 13:58:32.912,1.52882,1.52906,1.00,1.00
2017.04.11 13:58:33.128,1.52882,1.52911,1.00,1.00
2017.04.11 13:58:33.179,1.52884,1.52912,1.00,1.00
2017.04.11 13:58:33.489,1.5289,1.52912,1.00,1.00
2017.04.11 13:58:33.809,1.52887,1.52907,1.00,1.00
2017.04.11 13:58:34.222,1.52884,1.52907,1.00,1.00
2017.04.11 13:58:34.566,1.52884,1.52912,1.00,1.00
2017.04.11 13:58:35.075,1.52885,1.52912,1.00,1.00
2017.04.11 13:58:35.126,1.52887,1.52912,1.00,1.00
2017.04.11 13:58:35.507,1.52889,1.52912,1.00,1.00
2017.04.11 13:58:35.688,1.52886,1.52912,1.00,1.00
2017.04.11 13:58:35.739,1.52886,1.5291,1.00,1.00
2017.04.11 13:58:36.388,1.52885,1.5291,1.00,1.00
2017.04.11 13:58:36.819,1.52883,1.5291,1.00,1.00
2017.04.11 13:58:37.532,1.52883,1.52913,1.50,1.00
2017.04.11 13:58:38.062,1.52884,1.52913,1.00,1.00
2017.04.11 13:58:38.567,1.52883,1.52913,1.50,1.00
2017.04.11 13:58:39.011,1.52884,1.52911,1.00,1.00
2017.04.11 13:58:39.992,1.52883,1.52911,1.50,1.00
2017.04.11 13:58:40.325,1.5288,1.52907,1.00,1.00
2017.04.11 13:58:40.375,1.5288,1.5291,1.50,1.00
2017.04.11 13:58:40.570,1.52884,1.5291,1.00,1.00
2017.04.11 13:58:41.398,1.52882,1.5291,1.50,1.00
2017.04.11 13:58:42.611,1.52883,1.52913,1.00,1.50
2017.04.11 13:58:43.610,1.52885,1.52912,1.00,1.00
2017.04.11 13:58:44.843,1.52885,1.52911,1.00,1.00
2017.04.11 13:58:45.797,1.52884,1.52913,1.00,1.50
2017.04.11 13:58:46.799,1.52885,1.52913,1.00,1.00
2017.04.11 13:58:52.648,1.52887,1.52913,1.00,1.00
2017.04.11 13:58:52.898,1.52884,1.52912,1.00,1.00
2017.04.11 13:58:55.631,1.52883,1.52909,1.00,1.00
2017.04.11 13:58:57.222,1.52885,1.52909,1.00,1.50
2017.04.11 13:58:57.648,1.52883,1.5291,1.50,1.00
2017.04.11 13:58:58.203,1.52884,1.52909,1.00,1.00
2017.04.11 13:58:58.304,1.52883,1.52907,1.50,1.00
2017.04.11 13:58:58.897,1.52883,1.52908,1.00,1.00
2017.04.11 13:58:59.450,1.52882,1.52909,1.50,1.50
2017.04.11 13:58:59.953,1.52881,1.52908,1.50,1.00
2017.04.11 13:59:00.280,1.52883,1.52908,1.00,1.00
2017.04.11 13:59:00.431,1.52881,1.52908,1.00,1.00
2017.04.11 13:59:05.697,1.52881,1.52906,1.00,1.00
2017.04.11 13:59:06.241,1.52882,1.52906,1.00,1.00
2017.04.11 13:59:07.269,1.52884,1.52905,1.00,1.00
2017.04.11 13:59:07.370,1.52881,1.52905,1.00,1.00
2017.04.11 13:59:07.421,1.52881,1.52908,1.00,1.00
2017.04.11 13:59:08.507,1.52881,1.52909,1.00,1.00
2017.04.11 13:59:08.558,1.52883,1.52909,1.00,1.00
2017.04.11 13:59:08.974,1.52886,1.52909,1.00,1.00
2017.04.11 13:59:09.482,1.52882,1.52909,1.50,1.00
2017.04.11 13:59:10.012,1.52881,1.52908,1.50,1.00
2017.04.11 13:59:11.442,1.52881,1.5291,1.50,1.00
2017.04.11 13:59:11.493,1.52881,1.52908,1.50,1.00
2017.04.11 13:59:12.028,1.52881,1.52907,1.00,1.00
2017.04.11 13:59:12.331,1.52885,1.52907,1.00,1.00
2017.04.11 13:59:12.382,1.52885,1.52911,1.00,1.00
2017.04.11 13:59:12.639,1.52885,1.52906,1.00,1.00
2017.04.11 13:59:12.914,1.52885,1.52911,1.00,1.00
2017.04.11 13:59:13.273,1.52885,1.52913,1.00,1.00
2017.04.11 13:59:13.884,1.52884,1.52906,1.00,1.00
2017.04.11 13:59:13.935,1.52882,1.52909,1.00,1.00
2017.04.11 13:59:15.169,1.52882,1.52906,1.50,1.00
2017.04.11 13:59:16.121,1.52884,1.52913,1.00,1.50
2017.04.11 13:59:16.172,1.52884,1.52911,1.00,1.00
2017.04.11 13:59:22.852,1.52885,1.52911,1.00,1.00
2017.04.11 13:59:23.375,1.52882,1.5291,1.00,1.00
2017.04.11 13:59:24.485,1.5288,1.52907,1.00,1.00
2017.04.11 13:59:24.824,1.52882,1.52908,1.00,1.00
2017.04.11 13:59:25.370,1.52884,1.5291,1.00,1.00
2017.04.11 13:59:27.179,1.52882,1.52908,1.00,1.00
2017.04.11 13:59:27.738,1.52881,1.52907,1.50,1.00
2017.04.11 13:59:28.316,1.52881,1.52909,1.00,1.00
2017.04.11 13:59:30.268,1.52879,1.52905,1.00,1.00
2017.04.11 13:59:30.570,1.52874,1.52898,1.00,1.00
2017.04.11 13:59:30.828,1.52869,1.52895,1.00,1.00
2017.04.11 13:59:31.408,1.5287,1.52896,1.00,1.00
2017.04.11 13:59:31.660,1.52868,1.52896,1.00,1.00
2017.04.11 13:59:33.701,1.52868,1.52893,1.00,1.00
2017.04.11 13:59:33.853,1.52868,1.52895,1.00,1.00
2017.04.11 13:59:36.197,1.52867,1.52895,1.00,1.00
2017.04.11 13:59:36.760,1.52868,1.52895,1.00,1.00
2017.04.11 13:59:37.332,1.52869,1.52896,1.00,1.50
2017.04.11 13:59:37.988,1.52867,1.52896,1.00,1.50
2017.04.11 13:59:39.804,1.52867,1.52893,1.00,1.00
2017.04.11 13:59:39.904,1.52865,1.52893,1.00,1.00
2017.04.11 13:59:40.308,1.52867,1.52895,1.00,1.00
2017.04.11 13:59:42.250,1.52871,1.52896,1.00,1.00
2017.04.11 13:59:42.783,1.52872,1.52896,1.00,1.00
2017.04.11 13:59:43.096,1.5287,1.52896,1.00,1.50
2017.04.11 13:59:43.640,1.52871,1.52897,1.00,1.50
2017.04.11 13:59:44.195,1.52871,1.52898,1.00,1.00
2017.04.11 13:59:44.598,1.52873,1.52899,1.00,1.00
2017.04.11 13:59:44.699,1.52874,1.52901,1.00,1.00
2017.04.11 13:59:44.850,1.52874,1.52896,1.00,1.00
2017.04.11 13:59:44.967,1.52872,1.52896,1.00,1.00
2017.04.11 13:59:45.894,1.52871,1.52896,1.00,1.00
2017.04.11 13:59:45.995,1.52871,1.52899,1.00,1.00
2017.04.11 13:59:46.197,1.52871,1.52896,1.00,1.00
2017.04.11 13:59:48.933,1.52871,1.52897,1.00,1.00
2017.04.11 13:59:49.445,1.52871,1.52896,1.00,1.00
2017.04.11 13:59:50.034,1.52869,1.52896,1.00,1.00
2017.04.11 13:59:50.091,1.52869,1.52901,1.00,1.00
2017.04.11 13:59:50.242,1.52868,1.52897,1.00,1.00
2017.04.11 13:59:50.443,1.52867,1.52899,1.00,1.00
2017.04.11 13:59:50.820,1.52868,1.52896,1.00,1.00
2017.04.11 13:59:51.168,1.52868,1.52901,1.00,1.00
2017.04.11 13:59:51.823,1.52868,1.52898,1.00,1.00
2017.04.11 13:59:54.250,1.52868,1.52896,1.00,1.00
2017.04.11 13:59:54.629,1.52868,1.52898,1.00,1.00
2017.04.11 13:59:54.729,1.52872,1.52903,1.00,1.00
2017.04.11 13:59:55.155,1.52873,1.52896,1.00,1.00
2017.04.11 13:59:55.257,1.52873,1.52904,1.00,1.00
2017.04.11 13:59:55.358,1.52871,1.52904,1.00,1.50
2017.04.11 13:59:55.408,1.52874,1.52904,1.00,1.50
2017.04.11 13:59:55.711,1.52873,1.52897,1.00,1.00
2017.04.11 13:59:56.317,1.52872,1.52897,1.00,1.00
2017.04.11 13:59:56.428,1.52872,1.52904,1.00,1.50
2017.04.11 13:59:56.529,1.52868,1.52904,1.00,1.00
2017.04.11 13:59:56.731,1.52868,1.52897,1.00,1.00
2017.04.11 13:59:56.832,1.5286,1.52905,1.50,1.00
2017.04.11 13:59:56.883,1.52863,1.52905,1.00,1.00
2017.04.11 13:59:56.933,1.5286,1.52905,1.50,1.00
2017.04.11 13:59:57.473,1.52861,1.52905,1.00,1.00
2017.04.11 13:59:57.550,1.52861,1.52902,1.50,2.25
2017.04.11 13:59:57.651,1.52858,1.529,1.00,1.00
2017.04.11 13:59:57.852,1.52857,1.52897,1.12,1.00
2017.04.11 13:59:58.159,1.52856,1.529,1.37,1.00
2017.04.11 13:59:58.210,1.52859,1.52899,2.25,1.00
2017.04.11 13:59:58.549,1.52859,1.52897,2.25,1.00
2017.04.11 13:59:58.825,1.52859,1.52899,2.25,1.00
2017.04.11 13:59:59.344,1.52858,1.52897,3.75,1.00
2017.04.11 13:59:59.445,1.52858,1.529,2.25,1.00
2017.04.11 13:59:59.496,1.52858,1.52897,2.25,1.00
2017.04.11 13:59:59.999,1.52858,1.529,2.25,1.00
