2016.08.17 04:00:01.474,1.55119,1.55146,1.00,1.00
2016.08.17 04:00:01.524,1.55119,1.55149,1.00,1.00
2016.08.17 04:00:02.032,1.55119,1.55148,1.00,1.00
2016.08.17 04:00:02.112,1.55119,1.55146,1.00,1.00
2016.08.17 04:00:03.578,1.55117,1.55146,1.00,1.00
2016.08.17 04:00:05.723,1.55118,1.55146,1.00,1.50
2016.08.17 04:00:05.824,1.55116,1.55144,1.00,1.00
2016.08.17 04:00:06.583,1.55114,1.55144,1.00,1.00
2016.08.17 04:00:08.687,1.55113,1.55143,1.00,1.00
2016.08.17 04:00:11.713,1.55111,1.55141,1.00,1.00
2016.08.17 04:00:15.440,1.55111,1.55136,1.00,1.00
2016.08.17 04:00:19.203,1.55113,1.55136,1.00,1.00
2016.08.17 04:00:21.730,1.55112,1.55143,1.00,1.50
2016.08.17 04:00:21.781,1.55112,1.55143,1.00,1.00
2016.08.17 04:00:21.832,1.55113,1.55144,1.00,1.00
2016.08.17 04:00:21.933,1.55113,1.55137,1.00,1.00
2016.08.17 04:00:22.026,1.55111,1.5514,1.00,1.00
2016.08.17 04:00:22.330,1.55109,1.5514,1.00,1.00
2016.08.17 04:00:22.814,1.5511,1.55138,1.00,1.00
2016.08.17 04:00:23.759,1.55111,1.55139,1.00,1.00
2016.08.17 04:00:24.528,1.5511,1.55136,1.00,1.00
2016.08.17 04:00:31.628,1.55104,1.55132,1.00,1.00
2016.08.17 04:00:42.273,1.55108,1.55136,1.00,1.00
2016.08.17 04:00:42.884,1.5511,1.55137,1.00,1.00
2016.08.17 04:00:43.424,1.5511,1.55136,1.00,1.00
2016.08.17 04:00:44.347,1.55109,1.55136,1.00,1.00
2016.08.17 04:00:47.439,1.55109,1.55137,1.00,1.50
2016.08.17 04:00:47.489,1.55105,1.55137,1.00,1.50
2016.08.17 04:00:49.246,1.55105,1.55137,1.00,2.25
2016.08.17 04:00:49.297,1.55107,1.55136,1.00,1.00
2016.08.17 04:00:50.663,1.55105,1.55133,1.00,1.00
2016.08.17 04:00:54.709,1.55106,1.55135,1.00,1.00
2016.08.17 04:00:55.088,1.55108,1.55136,1.00,1.00
2016.08.17 04:00:55.239,1.55108,1.55136,1.00,1.50
2016.08.17 04:00:57.836,1.55108,1.55136,1.00,1.00
2016.08.17 04:00:57.886,1.55109,1.55139,1.00,1.00
2016.08.17 04:00:57.988,1.55112,1.5514,1.00,1.00
2016.08.17 04:00:58.089,1.5511,1.5514,1.00,1.00
2016.08.17 04:00:58.140,1.5511,1.55136,1.00,1.00
2016.08.17 04:00:58.518,1.55108,1.55136,1.00,1.00
2016.08.17 04:00:59.165,1.55111,1.55136,1.00,1.00
2016.08.17 04:00:59.746,1.55113,1.55141,1.00,1.00
2016.08.17 04:00:59.972,1.55113,1.55136,1.00,1.00
2016.08.17 04:01:03.893,1.55116,1.55146,1.00,1.50
2016.08.17 04:01:03.995,1.55122,1.55146,1.00,1.00
2016.08.17 04:01:04.046,1.55122,1.55146,1.50,1.00
2016.08.17 04:01:04.097,1.55124,1.55146,1.00,1.00
2016.08.17 04:01:04.248,1.55124,1.55146,1.50,1.00
2016.08.17 04:01:04.395,1.55126,1.55146,1.00,1.00
2016.08.17 04:01:04.710,1.55128,1.55146,1.00,1.00
2016.08.17 04:01:05.261,1.55128,1.55156,1.00,1.50
2016.08.17 04:01:05.312,1.55132,1.55156,1.00,1.00
2016.08.17 04:01:05.363,1.55132,1.55157,1.00,1.00
2016.08.17 04:01:05.414,1.55134,1.55165,1.50,1.00
2016.08.17 04:01:05.464,1.55134,1.55165,1.50,1.00
2016.08.17 04:01:05.515,1.55138,1.55166,1.00,1.00
2016.08.17 04:01:05.566,1.55138,1.55166,1.50,1.00
2016.08.17 04:01:05.616,1.55144,1.55166,1.00,1.00
2016.08.17 04:01:06.464,1.55145,1.55166,1.00,1.00
2016.08.17 04:01:07.015,1.55145,1.55167,1.00,1.00
2016.08.17 04:01:07.433,1.55147,1.55167,1.00,1.00
2016.08.17 04:01:07.585,1.55152,1.55176,1.00,1.00
2016.08.17 04:01:07.635,1.55152,1.55176,1.50,1.00
2016.08.17 04:01:08.002,1.55159,1.55176,1.00,1.00
2016.08.17 04:01:08.053,1.5516,1.55186,1.00,1.00
2016.08.17 04:01:08.557,1.55161,1.55186,1.00,1.00
2016.08.17 04:01:10.063,1.55163,1.55186,1.00,1.00
2016.08.17 04:01:10.664,1.55162,1.55186,1.50,1.00
2016.08.17 04:01:10.965,1.55163,1.55186,1.00,1.00
2016.08.17 04:01:11.503,1.55163,1.55187,1.00,1.00
2016.08.17 04:01:11.756,1.55165,1.55189,1.00,1.00
2016.08.17 04:01:11.807,1.55165,1.55194,1.00,1.00
2016.08.17 04:01:12.111,1.55165,1.55186,1.00,1.00
2016.08.17 04:01:12.618,1.55166,1.55186,1.00,1.00
2016.08.17 04:01:13.556,1.55165,1.55186,1.00,1.00
2016.08.17 04:01:15.924,1.55165,1.55186,1.37,1.00
2016.08.17 04:01:15.975,1.55172,1.552,1.00,1.00
2016.08.17 04:01:16.080,1.55173,1.55197,1.00,1.00
2016.08.17 04:01:16.283,1.55174,1.55201,1.00,1.00
2016.08.17 04:01:16.384,1.55178,1.552,1.00,1.00
2016.08.17 04:01:16.435,1.55178,1.55206,1.00,1.00
2016.08.17 04:01:16.892,1.55178,1.55196,1.00,1.00
2016.08.17 04:01:16.994,1.55176,1.55196,1.00,1.00
2016.08.17 04:01:17.095,1.55177,1.55196,1.00,1.00
2016.08.17 04:01:17.730,1.55178,1.55196,1.00,1.00
2016.08.17 04:01:18.280,1.55177,1.55196,1.00,1.00
2016.08.17 04:01:18.989,1.55177,1.55207,1.00,1.00
2016.08.17 04:01:19.040,1.55177,1.55207,1.50,1.50
2016.08.17 04:01:19.090,1.55176,1.55197,1.00,1.00
2016.08.17 04:01:19.406,1.55173,1.55196,2.25,1.00
2016.08.17 04:01:19.585,1.55173,1.55196,1.50,1.00
2016.08.17 04:01:19.924,1.55173,1.55196,2.25,1.00
2016.08.17 04:01:20.084,1.55173,1.55196,1.50,1.00
2016.08.17 04:01:20.576,1.55173,1.55201,1.50,1.00
2016.08.17 04:01:20.685,1.55173,1.55201,2.25,1.00
2016.08.17 04:01:21.188,1.55173,1.55201,1.50,1.00
2016.08.17 04:01:23.144,1.55174,1.55202,1.12,1.00
2016.08.17 04:01:25.927,1.55177,1.55205,1.00,1.00
2016.08.17 04:01:26.079,1.55177,1.55197,1.00,1.00
2016.08.17 04:01:26.456,1.55191,1.55199,1.00,1.00
2016.08.17 04:01:26.557,1.55198,1.55209,1.00,1.00
2016.08.17 04:01:26.608,1.55195,1.55216,1.50,1.00
2016.08.17 04:01:26.881,1.55196,1.55226,1.75,1.50
2016.08.17 04:01:26.932,1.55196,1.55226,1.37,1.50
2016.08.17 04:01:26.983,1.55196,1.55216,1.00,1.00
2016.08.17 04:01:28.772,1.55196,1.55226,1.00,1.50
2016.08.17 04:01:30.174,1.55196,1.55226,1.00,1.00
2016.08.17 04:01:30.474,1.55196,1.55216,1.00,1.00
2016.08.17 04:01:30.719,1.55196,1.55226,1.00,1.00
2016.08.17 04:01:30.770,1.55199,1.55227,1.00,1.00
2016.08.17 04:01:30.972,1.55197,1.55226,1.00,1.00
2016.08.17 04:01:31.737,1.55197,1.55227,1.00,1.00
2016.08.17 04:01:31.939,1.55197,1.55225,1.00,1.00
2016.08.17 04:01:32.277,1.55197,1.55216,1.00,1.00
2016.08.17 04:01:34.747,1.55195,1.55216,1.00,1.00
2016.08.17 04:01:34.798,1.55195,1.55223,1.00,1.00
2016.08.17 04:01:34.899,1.55195,1.55217,1.00,1.00
2016.08.17 04:01:35.274,1.55195,1.55217,1.00,1.00
2016.08.17 04:01:37.078,1.55195,1.55217,1.00,1.00
2016.08.17 04:01:37.517,1.55195,1.55217,1.00,1.00
2016.08.17 04:01:38.848,1.55196,1.55217,1.00,1.00
2016.08.17 04:01:41.182,1.55193,1.55217,1.12,1.00
2016.08.17 04:01:41.334,1.55193,1.55224,1.12,1.00
2016.08.17 04:01:41.384,1.55198,1.55227,1.00,1.00
2016.08.17 04:01:41.486,1.552,1.55227,1.00,1.00
2016.08.17 04:01:42.485,1.552,1.55226,1.00,1.00
2016.08.17 04:01:44.903,1.55198,1.55227,1.00,1.00
2016.08.17 04:01:44.969,1.55195,1.55225,1.00,1.00
2016.08.17 04:01:45.622,1.55195,1.55225,1.00,1.00
2016.08.17 04:01:46.996,1.55195,1.55225,1.50,1.00
2016.08.17 04:01:47.859,1.55196,1.55226,1.00,1.50
2016.08.17 04:01:52.171,1.55197,1.55226,1.00,1.00
2016.08.17 04:01:52.401,1.552,1.55226,1.00,1.00
2016.08.17 04:01:52.705,1.552,1.55227,1.50,1.00
2016.08.17 04:01:54.271,1.552,1.55227,1.00,1.00
2016.08.17 04:01:55.539,1.552,1.55227,1.00,1.00
2016.08.17 04:01:55.590,1.55203,1.55227,1.00,1.00
2016.08.17 04:01:56.996,1.55201,1.55226,1.00,1.00
2016.08.17 04:01:57.097,1.55203,1.55226,1.00,1.00
2016.08.17 04:01:57.198,1.55201,1.55226,1.00,1.00
2016.08.17 04:01:58.281,1.55201,1.55227,1.00,1.00
2016.08.17 04:01:58.634,1.55202,1.55227,1.35,1.00
2016.08.17 04:01:58.684,1.55211,1.55227,1.00,1.00
2016.08.17 04:01:58.735,1.55211,1.55236,1.00,1.00
2016.08.17 04:01:58.786,1.55214,1.55236,1.00,1.00
2016.08.17 04:01:59.092,1.55218,1.55247,1.00,1.00
2016.08.17 04:01:59.248,1.55219,1.55236,1.00,1.00
2016.08.17 04:01:59.535,1.55219,1.55247,1.00,1.00
2016.08.17 04:02:01.143,1.55217,1.55247,1.00,1.00
2016.08.17 04:02:02.115,1.55219,1.55247,1.00,1.00
2016.08.17 04:02:15.536,1.55211,1.55237,1.00,1.00
2016.08.17 04:02:16.165,1.55214,1.55236,1.00,1.00
2016.08.17 04:02:20.724,1.55217,1.55246,1.00,1.00
2016.08.17 04:02:20.972,1.55219,1.55246,1.00,1.00
2016.08.17 04:02:21.529,1.55217,1.55246,1.00,1.00
2016.08.17 04:02:21.631,1.55215,1.55245,1.00,1.00
2016.08.17 04:02:22.355,1.55215,1.55237,1.00,1.00
2016.08.17 04:02:23.432,1.55213,1.55237,1.00,1.00
2016.08.17 04:02:31.074,1.55213,1.55236,1.00,1.00
2016.08.17 04:02:38.464,1.55213,1.55241,1.00,1.00
2016.08.17 04:02:38.950,1.55213,1.55243,1.00,1.00
2016.08.17 04:02:41.854,1.55212,1.55242,1.00,1.00
2016.08.17 04:02:42.255,1.55214,1.55237,1.00,1.00
2016.08.17 04:02:42.379,1.55214,1.55242,1.00,1.00
2016.08.17 04:02:42.555,1.55214,1.55244,1.00,1.00
2016.08.17 04:02:43.599,1.55211,1.55241,1.00,1.00
2016.08.17 04:02:43.960,1.55213,1.55241,1.00,1.00
2016.08.17 04:02:45.966,1.55211,1.55241,1.00,1.00
2016.08.17 04:02:46.468,1.5521,1.5524,1.00,1.00
2016.08.17 04:02:46.519,1.5521,1.55236,1.00,1.00
2016.08.17 04:02:47.076,1.55209,1.55236,1.00,1.00
2016.08.17 04:02:53.383,1.55213,1.55236,1.00,1.00
2016.08.17 04:02:54.085,1.55212,1.55242,1.00,1.00
2016.08.17 04:02:54.680,1.55212,1.5524,1.00,1.00
2016.08.17 04:02:54.956,1.55212,1.55237,1.00,1.00
2016.08.17 04:03:03.385,1.55213,1.55237,1.00,1.00
2016.08.17 04:03:05.348,1.55215,1.55237,1.00,1.00
2016.08.17 04:03:05.867,1.55215,1.55236,1.00,1.00
2016.08.17 04:03:06.121,1.55213,1.55236,1.00,1.00
2016.08.17 04:03:07.037,1.55213,1.55237,1.00,1.00
2016.08.17 04:03:08.747,1.55213,1.55236,1.00,1.00
2016.08.17 04:03:09.372,1.55213,1.55242,1.00,1.00
2016.08.17 04:03:09.423,1.55211,1.55241,1.00,1.00
2016.08.17 04:03:09.574,1.55211,1.55236,1.00,1.00
2016.08.17 04:03:10.163,1.55211,1.55237,1.00,1.00
2016.08.17 04:03:10.993,1.55211,1.55236,1.00,1.00
2016.08.17 04:03:11.043,1.55215,1.55236,1.00,1.00
2016.08.17 04:03:14.227,1.55218,1.55236,1.00,1.00
2016.08.17 04:03:14.278,1.55218,1.55246,1.00,1.50
2016.08.17 04:03:14.328,1.55223,1.55246,1.00,1.00
2016.08.17 04:03:14.885,1.55223,1.55247,1.00,1.00
2016.08.17 04:03:15.586,1.55225,1.55247,1.00,1.00
2016.08.17 04:03:17.408,1.55225,1.55246,1.00,1.00
2016.08.17 04:03:17.966,1.55225,1.55247,1.00,1.00
2016.08.17 04:03:22.682,1.55225,1.55254,1.00,1.00
2016.08.17 04:03:22.884,1.55225,1.55247,1.00,1.00
2016.08.17 04:03:23.297,1.55225,1.55254,1.00,1.00
2016.08.17 04:03:23.826,1.55225,1.55247,1.00,1.00
2016.08.17 04:03:28.166,1.55222,1.55247,1.50,1.00
2016.08.17 04:03:28.219,1.55222,1.55247,1.00,1.00
2016.08.17 04:03:29.038,1.55222,1.55246,1.00,1.00
2016.08.17 04:03:29.558,1.55221,1.55246,1.00,1.00
2016.08.17 04:03:32.296,1.55222,1.5525,1.00,1.00
2016.08.17 04:03:32.702,1.55222,1.55246,1.00,1.00
2016.08.17 04:03:33.011,1.55217,1.55245,1.00,1.00
2016.08.17 04:03:33.061,1.55215,1.55245,1.00,1.00
2016.08.17 04:03:33.112,1.55214,1.55243,1.87,1.00
2016.08.17 04:03:33.163,1.55214,1.55243,1.12,1.00
2016.08.17 04:03:33.213,1.55214,1.55243,1.00,1.00
2016.08.17 04:03:35.661,1.55214,1.55243,1.50,1.00
2016.08.17 04:03:35.711,1.55217,1.55246,1.00,1.00
2016.08.17 04:03:38.708,1.55217,1.55245,1.00,1.00
2016.08.17 04:03:38.809,1.55215,1.55245,1.00,1.00
2016.08.17 04:03:38.911,1.55215,1.55245,1.00,1.00
2016.08.17 04:03:39.126,1.55216,1.55246,1.00,1.50
2016.08.17 04:03:42.000,1.55216,1.55246,1.00,1.50
2016.08.17 04:03:42.063,1.55216,1.55246,1.00,1.00
2016.08.17 04:03:42.116,1.55216,1.55246,1.00,1.50
2016.08.17 04:03:42.404,1.55216,1.55246,1.00,1.00
2016.08.17 04:03:45.105,1.55216,1.55246,1.00,1.50
2016.08.17 04:03:51.504,1.55218,1.55246,1.00,1.00
2016.08.17 04:03:52.029,1.55218,1.55247,1.00,1.00
2016.08.17 04:03:53.958,1.55214,1.55243,1.00,1.00
2016.08.17 04:03:54.976,1.55214,1.55242,1.00,1.00
2016.08.17 04:03:55.030,1.55211,1.55242,1.00,1.00
2016.08.17 04:03:57.824,1.55211,1.55242,1.50,1.00
2016.08.17 04:03:57.940,1.55213,1.55244,1.00,1.00
2016.08.17 04:03:58.118,1.55213,1.55237,1.00,1.00
2016.08.17 04:03:58.542,1.5521,1.55237,1.00,1.00
2016.08.17 04:03:58.643,1.55212,1.55242,1.00,1.00
2016.08.17 04:03:58.744,1.55213,1.55236,1.00,1.00
2016.08.17 04:03:59.830,1.55214,1.55236,1.00,1.00
2016.08.17 04:04:03.145,1.55212,1.55236,1.00,1.00
2016.08.17 04:04:06.372,1.55209,1.55237,1.00,1.50
2016.08.17 04:04:06.473,1.55209,1.55227,1.00,1.00
2016.08.17 04:04:06.755,1.55203,1.55226,1.00,1.00
2016.08.17 04:04:06.807,1.55194,1.55225,1.00,1.00
2016.08.17 04:04:06.858,1.55194,1.55224,1.00,1.00
2016.08.17 04:04:10.832,1.55194,1.55216,1.00,1.00
2016.08.17 04:04:12.484,1.55194,1.55216,1.00,1.00
2016.08.17 04:04:13.978,1.55194,1.55217,1.00,1.00
2016.08.17 04:04:15.108,1.55192,1.55217,1.50,1.00
2016.08.17 04:04:15.159,1.55192,1.55217,1.00,1.00
2016.08.17 04:04:18.257,1.55193,1.55217,1.00,1.00
2016.08.17 04:04:18.358,1.55196,1.55217,1.00,1.00
2016.08.17 04:04:20.240,1.55196,1.55216,1.00,1.00
2016.08.17 04:04:23.199,1.552,1.55216,1.00,1.00
2016.08.17 04:04:24.865,1.552,1.55226,1.00,1.00
2016.08.17 04:04:25.160,1.55202,1.55226,1.00,1.00
2016.08.17 04:04:26.056,1.55205,1.55226,1.00,1.00
2016.08.17 04:04:26.309,1.55194,1.55217,1.00,1.00
2016.08.17 04:04:26.376,1.55194,1.55217,1.00,1.00
2016.08.17 04:04:27.017,1.55198,1.55216,1.00,1.00
2016.08.17 04:04:27.170,1.55198,1.55227,1.00,1.00
2016.08.17 04:04:27.272,1.55198,1.55217,1.00,1.00
2016.08.17 04:04:28.453,1.55198,1.55227,1.00,1.00
2016.08.17 04:04:29.250,1.55198,1.55217,1.00,1.00
2016.08.17 04:04:29.300,1.55192,1.55217,1.00,1.00
2016.08.17 04:04:29.402,1.5519,1.55217,1.00,1.00
2016.08.17 04:04:29.554,1.5519,1.55222,1.00,1.00
2016.08.17 04:04:29.894,1.55193,1.55223,1.00,1.00
2016.08.17 04:04:30.484,1.55193,1.55217,1.00,1.00
2016.08.17 04:04:32.276,1.55194,1.55217,1.00,1.00
2016.08.17 04:04:33.908,1.55195,1.55217,1.00,1.00
2016.08.17 04:04:34.084,1.55192,1.55217,1.00,1.00
2016.08.17 04:04:34.593,1.55192,1.55216,1.00,1.00
2016.08.17 04:04:35.116,1.55193,1.55216,1.00,1.00
2016.08.17 04:04:35.779,1.55196,1.55217,1.00,1.00
2016.08.17 04:04:39.282,1.55193,1.55217,1.00,1.00
2016.08.17 04:04:39.677,1.55193,1.55217,1.00,1.00
2016.08.17 04:04:40.798,1.55193,1.55216,1.00,1.00
2016.08.17 04:04:43.762,1.55193,1.55225,1.00,1.00
2016.08.17 04:04:44.919,1.55191,1.55223,1.00,1.00
2016.08.17 04:04:45.018,1.55191,1.55221,1.00,1.00
2016.08.17 04:04:47.046,1.5519,1.5522,1.00,1.00
2016.08.17 04:04:47.622,1.5519,1.5522,1.00,1.00
2016.08.17 04:04:47.723,1.55191,1.55222,1.00,1.00
2016.08.17 04:04:47.925,1.55193,1.55225,1.00,1.00
2016.08.17 04:04:48.027,1.55199,1.55226,1.00,1.00
2016.08.17 04:04:48.077,1.55199,1.55229,1.00,1.00
2016.08.17 04:04:48.434,1.55201,1.55226,1.00,1.00
2016.08.17 04:04:48.737,1.55206,1.55227,1.00,1.00
2016.08.17 04:04:48.839,1.55202,1.55227,1.00,1.00
2016.08.17 04:04:52.404,1.55202,1.55226,1.00,1.00
2016.08.17 04:04:52.455,1.55199,1.55226,1.00,1.00
2016.08.17 04:04:52.961,1.55199,1.55227,1.00,1.00
2016.08.17 04:04:56.353,1.55196,1.55226,1.00,1.00
2016.08.17 04:04:56.555,1.552,1.55227,1.00,1.00
2016.08.17 04:04:56.964,1.55197,1.55227,1.00,1.00
2016.08.17 04:05:00.326,1.55195,1.55227,1.00,1.50
2016.08.17 04:05:00.427,1.55195,1.55216,1.00,1.00
2016.08.17 04:05:00.745,1.552,1.55216,1.00,1.00
2016.08.17 04:05:00.997,1.552,1.55226,1.00,1.00
2016.08.17 04:05:01.605,1.55203,1.55226,1.00,1.00
2016.08.17 04:05:02.414,1.55203,1.55227,1.00,1.00
2016.08.17 04:05:02.668,1.552,1.55226,1.00,1.00
2016.08.17 04:05:03.048,1.55207,1.55226,1.00,1.00
2016.08.17 04:05:07.295,1.55207,1.55237,1.00,1.50
2016.08.17 04:05:07.966,1.55209,1.55237,1.00,1.00
2016.08.17 04:05:08.299,1.55211,1.55241,1.00,1.00
2016.08.17 04:05:08.876,1.55213,1.55245,1.00,1.00
2016.08.17 04:05:09.197,1.55217,1.55246,1.00,1.00
2016.08.17 04:05:10.655,1.55216,1.55246,1.00,1.50
2016.08.17 04:05:10.807,1.55216,1.55246,1.00,1.00
2016.08.17 04:05:10.908,1.55216,1.55246,1.00,1.00
2016.08.17 04:05:11.009,1.55216,1.55246,1.00,1.50
2016.08.17 04:05:11.060,1.55217,1.55246,1.00,1.00
2016.08.17 04:05:16.865,1.55215,1.55246,1.00,1.00
2016.08.17 04:05:16.916,1.55215,1.55247,1.00,1.50
2016.08.17 04:05:17.067,1.55212,1.55244,1.00,1.00
2016.08.17 04:05:17.169,1.55214,1.55244,1.00,1.00
2016.08.17 04:05:20.498,1.55214,1.55246,1.00,1.00
2016.08.17 04:05:20.934,1.55214,1.55246,1.00,1.50
2016.08.17 04:05:21.776,1.55213,1.55245,1.00,1.00
2016.08.17 04:05:22.412,1.55213,1.55236,1.00,1.00
2016.08.17 04:05:27.215,1.55213,1.55237,1.00,1.00
2016.08.17 04:05:28.817,1.55213,1.55236,1.00,1.00
2016.08.17 04:05:30.993,1.55215,1.55236,1.00,1.00
2016.08.17 04:05:31.246,1.55215,1.55246,1.00,1.00
2016.08.17 04:05:31.766,1.55221,1.55247,1.00,1.00
2016.08.17 04:05:36.524,1.55221,1.55246,1.00,1.00
2016.08.17 04:05:37.910,1.55222,1.55246,1.00,1.00
2016.08.17 04:05:47.742,1.55218,1.55246,1.00,1.00
2016.08.17 04:05:48.249,1.55218,1.55237,1.00,1.00
2016.08.17 04:05:49.081,1.55218,1.55236,1.00,1.00
2016.08.17 04:05:49.863,1.55215,1.55237,1.00,1.00
2016.08.17 04:05:54.342,1.55216,1.55237,1.00,1.00
2016.08.17 04:05:56.643,1.55216,1.55236,1.00,1.00
2016.08.17 04:05:57.655,1.55217,1.55236,1.00,1.00
2016.08.17 04:05:57.760,1.55219,1.55236,1.00,1.00
2016.08.17 04:05:58.442,1.55219,1.55237,1.00,1.00
2016.08.17 04:05:59.162,1.55219,1.55246,1.00,1.00
2016.08.17 04:05:59.264,1.55218,1.55237,1.00,1.00
2016.08.17 04:05:59.862,1.55216,1.55237,1.00,1.00
2016.08.17 04:06:02.036,1.55216,1.55236,1.00,1.00
2016.08.17 04:06:03.627,1.55209,1.55236,1.00,1.00
2016.08.17 04:06:03.728,1.55202,1.55234,1.50,1.00
2016.08.17 04:06:03.830,1.55199,1.55231,1.75,1.00
2016.08.17 04:06:03.881,1.55199,1.55227,1.00,1.00
2016.08.17 04:06:04.973,1.55197,1.55227,1.00,1.50
2016.08.17 04:06:05.177,1.55197,1.55226,1.00,1.00
2016.08.17 04:06:06.454,1.55197,1.55216,1.00,1.00
2016.08.17 04:06:07.349,1.55193,1.55225,1.00,1.00
2016.08.17 04:06:07.437,1.55198,1.55226,1.00,1.00
2016.08.17 04:06:07.740,1.552,1.55226,1.00,1.00
2016.08.17 04:06:08.349,1.552,1.55227,1.00,1.00
2016.08.17 04:06:08.881,1.552,1.55226,1.00,1.00
2016.08.17 04:06:16.948,1.55204,1.55226,1.00,1.00
2016.08.17 04:06:19.650,1.55206,1.55226,1.00,1.00
2016.08.17 04:06:19.953,1.55212,1.55226,1.00,1.00
2016.08.17 04:06:20.029,1.55212,1.55236,1.00,1.00
2016.08.17 04:06:20.621,1.55213,1.55237,1.00,1.00
2016.08.17 04:06:22.221,1.55214,1.55237,1.00,1.00
2016.08.17 04:06:26.582,1.55214,1.55242,1.00,1.00
2016.08.17 04:06:26.760,1.55214,1.55244,1.00,1.50
2016.08.17 04:06:27.698,1.55212,1.5524,1.00,1.00
2016.08.17 04:06:31.979,1.55213,1.55241,1.00,1.00
2016.08.17 04:06:32.080,1.55213,1.55236,1.00,1.00
2016.08.17 04:06:32.181,1.5521,1.5524,1.00,1.00
2016.08.17 04:06:32.383,1.55211,1.55236,1.00,1.00
2016.08.17 04:06:32.485,1.55214,1.55242,1.00,1.00
2016.08.17 04:06:32.535,1.55214,1.55245,1.00,1.50
2016.08.17 04:06:32.878,1.55214,1.55237,1.00,1.00
2016.08.17 04:06:42.077,1.55214,1.55237,1.00,1.00
2016.08.17 04:06:42.397,1.55216,1.55246,1.00,1.00
2016.08.17 04:06:42.448,1.55224,1.55247,1.00,1.00
2016.08.17 04:06:42.499,1.55224,1.55254,1.00,1.12
2016.08.17 04:06:43.149,1.55225,1.55246,1.00,1.00
2016.08.17 04:06:43.728,1.55224,1.55246,1.00,1.00
2016.08.17 04:06:46.594,1.55224,1.55254,1.00,1.00
2016.08.17 04:06:46.645,1.55224,1.55254,1.00,1.50
2016.08.17 04:06:46.746,1.55224,1.55254,1.00,1.00
2016.08.17 04:06:46.969,1.55224,1.55254,1.00,1.50
2016.08.17 04:06:47.070,1.55224,1.55254,1.00,1.00
2016.08.17 04:06:47.750,1.55224,1.55252,1.00,1.00
2016.08.17 04:06:48.310,1.55225,1.55253,1.00,1.00
2016.08.17 04:06:53.801,1.55227,1.55256,1.00,1.50
2016.08.17 04:06:54.113,1.55229,1.55256,1.00,1.00
2016.08.17 04:07:00.231,1.55233,1.55256,1.00,1.00
2016.08.17 04:07:03.108,1.55233,1.55263,1.00,1.00
2016.08.17 04:07:03.159,1.55233,1.55263,1.00,1.50
2016.08.17 04:07:03.423,1.55233,1.55262,1.00,1.00
2016.08.17 04:07:03.473,1.55229,1.55257,1.00,1.50
2016.08.17 04:07:10.115,1.55229,1.55257,1.00,1.00
2016.08.17 04:07:10.627,1.55229,1.55257,1.00,1.50
2016.08.17 04:07:11.917,1.55228,1.55256,1.00,1.00
2016.08.17 04:07:14.445,1.55227,1.55255,1.00,1.00
2016.08.17 04:07:14.496,1.55227,1.55255,1.00,1.00
2016.08.17 04:07:23.869,1.55227,1.55255,1.00,1.00
2016.08.17 04:07:23.970,1.55227,1.55257,1.00,1.00
2016.08.17 04:07:24.566,1.55223,1.55247,1.00,1.00
2016.08.17 04:07:24.616,1.55218,1.55247,1.00,1.00
2016.08.17 04:07:24.977,1.55219,1.55247,1.00,1.00
2016.08.17 04:07:25.658,1.55219,1.55246,1.00,1.00
2016.08.17 04:07:26.945,1.55217,1.55246,1.00,1.00
2016.08.17 04:07:27.687,1.55217,1.55245,1.00,1.00
2016.08.17 04:07:29.833,1.55217,1.55245,1.00,1.00
2016.08.17 04:07:32.757,1.55216,1.55244,1.00,1.00
2016.08.17 04:07:42.175,1.55215,1.55243,1.00,1.00
2016.08.17 04:07:42.554,1.55213,1.55242,1.00,1.00
2016.08.17 04:07:42.656,1.55211,1.55236,1.12,1.00
2016.08.17 04:07:42.707,1.55211,1.55236,1.12,1.00
2016.08.17 04:07:42.758,1.55211,1.55236,1.00,1.00
2016.08.17 04:07:45.059,1.55211,1.55239,1.00,1.00
2016.08.17 04:07:45.350,1.55211,1.55236,1.00,1.00
2016.08.17 04:07:48.904,1.55213,1.55236,1.00,1.00
2016.08.17 04:07:51.397,1.55215,1.55236,1.00,1.00
2016.08.17 04:07:52.401,1.55215,1.55243,1.00,1.00
2016.08.17 04:07:57.052,1.55214,1.55242,1.00,1.00
2016.08.17 04:07:59.396,1.55214,1.55236,1.00,1.00
2016.08.17 04:07:59.764,1.55214,1.55242,1.00,1.00
2016.08.17 04:08:02.265,1.55214,1.55236,1.00,1.00
2016.08.17 04:08:02.922,1.55214,1.55237,1.00,1.00
2016.08.17 04:08:04.680,1.55214,1.55236,1.00,1.00
2016.08.17 04:08:04.731,1.55212,1.55236,1.00,1.00
2016.08.17 04:08:08.873,1.55212,1.55237,1.00,1.00
2016.08.17 04:08:08.923,1.5521,1.55237,1.00,1.00
2016.08.17 04:08:09.435,1.5521,1.55236,1.00,1.00
2016.08.17 04:08:15.094,1.55211,1.55236,1.00,1.00
2016.08.17 04:08:38.922,1.55208,1.55236,1.00,1.00
2016.08.17 04:08:44.505,1.55208,1.55236,1.00,1.00
2016.08.17 04:08:44.657,1.5521,1.55236,1.00,1.00
2016.08.17 04:08:45.933,1.5521,1.55237,1.00,1.00
2016.08.17 04:08:50.938,1.5521,1.55236,1.00,1.00
2016.08.17 04:08:51.487,1.5521,1.55237,1.00,1.00
2016.08.17 04:08:52.951,1.5521,1.55236,1.00,1.00
2016.08.17 04:08:54.808,1.55208,1.55236,1.00,1.00
2016.08.17 04:08:58.165,1.55208,1.55237,1.00,1.00
2016.08.17 04:08:59.779,1.55208,1.55236,1.00,1.00
2016.08.17 04:08:59.880,1.55212,1.55236,1.00,1.00
2016.08.17 04:09:06.473,1.55212,1.55237,1.00,1.00
2016.08.17 04:09:07.273,1.55212,1.55236,1.00,1.00
2016.08.17 04:09:09.759,1.5521,1.55236,1.00,1.00
2016.08.17 04:09:14.901,1.55213,1.55236,1.00,1.00
2016.08.17 04:09:15.205,1.55215,1.55236,1.00,1.00
2016.08.17 04:09:19.618,1.55216,1.55236,1.00,1.00
2016.08.17 04:09:20.466,1.55216,1.55237,1.00,1.00
2016.08.17 04:09:21.045,1.55216,1.55236,1.00,1.00
2016.08.17 04:09:23.217,1.55215,1.55236,1.00,1.00
2016.08.17 04:09:26.075,1.55215,1.55245,1.00,1.00
2016.08.17 04:09:29.285,1.55218,1.55246,1.00,1.00
2016.08.17 04:09:41.723,1.55222,1.55246,1.00,1.00
2016.08.17 04:09:42.197,1.55219,1.55246,1.00,1.00
2016.08.17 04:09:49.936,1.55217,1.55246,1.00,1.50
2016.08.17 04:09:50.307,1.55216,1.55246,1.00,1.50
2016.08.17 04:09:53.165,1.55216,1.55246,1.00,1.50
2016.08.17 04:09:53.641,1.55217,1.55246,1.00,1.00
2016.08.17 04:09:54.353,1.55219,1.55246,1.00,1.00
2016.08.17 04:10:01.727,1.55218,1.55246,1.00,1.00
2016.08.17 04:10:01.931,1.55215,1.55246,1.00,1.50
2016.08.17 04:10:07.994,1.55217,1.55245,1.00,1.00
2016.08.17 04:10:15.739,1.55219,1.55246,1.00,1.00
2016.08.17 04:10:17.716,1.55219,1.55247,1.00,1.00
2016.08.17 04:10:19.854,1.55218,1.55249,1.00,1.00
2016.08.17 04:10:20.358,1.55219,1.5525,1.00,1.00
2016.08.17 04:10:20.777,1.55222,1.5525,1.00,1.00
2016.08.17 04:10:25.068,1.55221,1.55249,1.00,1.00
2016.08.17 04:10:35.690,1.55222,1.5525,1.00,1.00
2016.08.17 04:10:36.426,1.55221,1.55249,1.00,1.00
2016.08.17 04:10:43.486,1.55222,1.55252,1.00,1.00
2016.08.17 04:10:51.895,1.55224,1.55252,1.00,1.00
2016.08.17 04:10:52.098,1.55225,1.55254,1.00,1.00
2016.08.17 04:10:52.388,1.55225,1.55256,1.00,1.00
2016.08.17 04:10:52.489,1.55225,1.55256,1.00,1.50
2016.08.17 04:10:52.742,1.55225,1.55254,1.00,1.00
2016.08.17 04:10:55.000,1.55224,1.55252,1.00,1.00
2016.08.17 04:10:57.523,1.55226,1.55254,1.00,1.00
2016.08.17 04:11:05.412,1.55224,1.55254,1.00,1.00
2016.08.17 04:11:05.526,1.55223,1.55251,1.00,1.00
2016.08.17 04:11:05.821,1.55221,1.55251,1.00,1.00
2016.08.17 04:11:06.264,1.55221,1.55247,1.00,1.00
2016.08.17 04:11:10.019,1.55222,1.55247,1.00,1.00
2016.08.17 04:11:15.752,1.5522,1.55247,1.00,1.00
2016.08.17 04:11:18.507,1.5522,1.5525,1.00,1.00
2016.08.17 04:11:18.583,1.55226,1.55254,1.00,1.50
2016.08.17 04:11:18.633,1.55227,1.55255,1.00,1.00
2016.08.17 04:11:18.735,1.55227,1.55257,1.00,1.50
2016.08.17 04:11:22.571,1.55224,1.55255,1.00,1.00
2016.08.17 04:11:23.289,1.55225,1.55255,1.00,1.00
2016.08.17 04:11:24.042,1.55225,1.55253,1.00,1.00
2016.08.17 04:11:24.925,1.55227,1.55255,1.00,1.00
2016.08.17 04:11:25.445,1.55226,1.55254,1.00,1.00
2016.08.17 04:11:50.581,1.55227,1.55255,1.00,1.00
2016.08.17 04:11:51.026,1.55228,1.55258,1.00,1.00
2016.08.17 04:11:51.127,1.5523,1.55257,1.00,1.00
2016.08.17 04:11:51.627,1.55226,1.55256,1.00,1.00
2016.08.17 04:11:54.328,1.55226,1.55256,1.00,1.00
2016.08.17 04:11:54.429,1.55226,1.55256,1.00,1.50
2016.08.17 04:11:54.530,1.55226,1.55254,1.00,1.00
2016.08.17 04:11:55.122,1.55229,1.55257,1.00,1.00
2016.08.17 04:11:55.328,1.55228,1.55258,1.00,1.00
2016.08.17 04:11:55.655,1.55228,1.55257,1.00,1.00
2016.08.17 04:11:55.961,1.5523,1.55257,1.00,1.00
2016.08.17 04:12:05.207,1.55228,1.55256,1.00,1.00
2016.08.17 04:12:05.308,1.55225,1.55255,1.00,1.00
2016.08.17 04:12:05.561,1.55225,1.55255,1.00,1.00
2016.08.17 04:12:05.855,1.55225,1.55255,1.00,1.00
2016.08.17 04:12:10.105,1.55228,1.55256,1.00,1.00
2016.08.17 04:12:10.370,1.55228,1.55256,1.00,1.00
2016.08.17 04:12:10.421,1.55228,1.55258,1.00,1.00
2016.08.17 04:12:10.631,1.55228,1.55257,1.00,1.00
2016.08.17 04:12:41.959,1.55231,1.55257,1.00,1.00
2016.08.17 04:12:42.384,1.55231,1.55259,1.00,1.00
2016.08.17 04:12:43.244,1.5523,1.55258,1.00,1.00
2016.08.17 04:12:47.344,1.55228,1.55256,1.00,1.00
2016.08.17 04:12:48.706,1.55228,1.55257,1.00,1.00
2016.08.17 04:12:48.760,1.5522,1.55245,1.00,1.00
2016.08.17 04:12:48.811,1.5522,1.55245,1.00,1.00
2016.08.17 04:12:48.862,1.55215,1.55245,1.37,1.00
2016.08.17 04:12:49.232,1.55212,1.55236,1.00,1.00
2016.08.17 04:12:52.855,1.55209,1.55236,1.00,1.00
2016.08.17 04:12:57.409,1.5521,1.55236,1.00,1.00
2016.08.17 04:12:58.685,1.55208,1.55236,1.00,1.00
2016.08.17 04:13:01.188,1.55208,1.55236,1.00,1.00
2016.08.17 04:13:01.694,1.55208,1.5524,1.00,1.00
2016.08.17 04:13:01.795,1.55209,1.55237,1.00,1.00
2016.08.17 04:13:02.888,1.55202,1.55233,1.37,1.00
2016.08.17 04:13:02.938,1.55202,1.55233,1.00,1.00
2016.08.17 04:13:02.989,1.55195,1.55226,1.97,1.00
2016.08.17 04:13:03.040,1.55195,1.55226,1.00,1.00
2016.08.17 04:13:03.091,1.55193,1.55224,1.00,1.00
2016.08.17 04:13:03.824,1.55205,1.55236,1.00,1.50
2016.08.17 04:13:03.985,1.55206,1.55238,1.00,1.00
2016.08.17 04:13:05.574,1.55208,1.55238,1.00,1.00
2016.08.17 04:13:05.802,1.55208,1.55237,1.00,1.00
2016.08.17 04:13:08.511,1.55205,1.55237,1.00,1.50
2016.08.17 04:13:08.826,1.55206,1.55237,1.00,1.00
2016.08.17 04:13:09.129,1.55209,1.55237,1.00,1.00
2016.08.17 04:13:10.447,1.55208,1.55237,1.00,1.00
2016.08.17 04:13:10.498,1.55208,1.55238,1.00,1.00
2016.08.17 04:13:10.801,1.55211,1.55241,1.00,1.00
2016.08.17 04:13:12.665,1.55208,1.5524,1.00,1.00
2016.08.17 04:13:13.787,1.55206,1.5524,1.00,1.00
2016.08.17 04:13:14.187,1.55209,1.55239,1.00,1.00
2016.08.17 04:13:21.239,1.55209,1.55241,1.00,1.00
2016.08.17 04:13:25.848,1.55209,1.55239,1.00,1.00
2016.08.17 04:13:26.352,1.5521,1.5524,1.00,1.00
2016.08.17 04:13:26.454,1.5521,1.5524,1.00,1.00
2016.08.17 04:13:26.555,1.5521,1.5524,1.00,1.00
2016.08.17 04:13:27.453,1.5521,1.5524,1.00,1.00
2016.08.17 04:13:27.760,1.55206,1.55238,1.00,1.00
2016.08.17 04:13:28.887,1.55206,1.55238,1.00,1.50
2016.08.17 04:13:30.864,1.55206,1.55238,1.00,1.00
2016.08.17 04:13:34.881,1.55206,1.55237,1.00,1.00
2016.08.17 04:13:35.984,1.55208,1.55237,1.00,1.00
2016.08.17 04:13:36.824,1.55208,1.55238,1.00,1.00
2016.08.17 04:13:39.521,1.55208,1.55237,1.00,1.00
2016.08.17 04:13:40.237,1.55208,1.55237,1.00,1.00
2016.08.17 04:13:40.287,1.55208,1.55237,1.00,1.60
2016.08.17 04:13:40.338,1.55198,1.55226,1.00,1.50
2016.08.17 04:13:40.439,1.55195,1.55225,1.00,1.00
2016.08.17 04:13:40.845,1.55189,1.55217,1.00,1.00
2016.08.17 04:13:41.500,1.55187,1.55215,1.00,1.00
2016.08.17 04:13:41.854,1.55187,1.55215,1.00,1.00
2016.08.17 04:13:41.955,1.55187,1.55215,1.00,1.00
2016.08.17 04:13:42.461,1.55186,1.55214,1.00,1.00
2016.08.17 04:13:43.324,1.55185,1.55213,1.00,1.00
2016.08.17 04:13:44.027,1.55186,1.55216,1.00,1.00
2016.08.17 04:13:44.349,1.55183,1.55213,1.00,1.00
2016.08.17 04:13:44.654,1.55187,1.55215,1.00,1.00
2016.08.17 04:13:45.100,1.55182,1.55216,1.00,1.50
2016.08.17 04:13:45.151,1.55187,1.55216,1.00,1.00
2016.08.17 04:13:45.253,1.55187,1.55217,1.00,1.00
2016.08.17 04:13:45.417,1.55187,1.55217,1.00,1.50
2016.08.17 04:13:51.453,1.55187,1.55216,1.00,1.00
2016.08.17 04:13:53.500,1.55185,1.55214,1.00,1.00
2016.08.17 04:13:54.733,1.55185,1.55214,1.00,1.50
2016.08.17 04:13:54.783,1.55181,1.55213,1.00,1.00
2016.08.17 04:13:55.541,1.55184,1.55215,1.00,1.00
2016.08.17 04:13:56.870,1.55184,1.55215,1.00,1.00
2016.08.17 04:13:58.579,1.55188,1.55217,1.00,1.50
2016.08.17 04:13:58.630,1.55188,1.55218,1.00,1.00
2016.08.17 04:13:59.119,1.5519,1.55218,1.00,1.00
2016.08.17 04:13:59.170,1.5519,1.55216,1.00,1.00
2016.08.17 04:13:59.681,1.55187,1.55215,1.00,1.00
2016.08.17 04:14:04.735,1.55187,1.55215,1.00,1.00
2016.08.17 04:14:04.786,1.55185,1.55214,1.00,1.00
2016.08.17 04:14:05.147,1.55185,1.55216,1.00,1.50
2016.08.17 04:14:05.249,1.55185,1.55216,1.00,1.00
2016.08.17 04:14:05.471,1.55185,1.55216,1.00,1.50
2016.08.17 04:14:05.875,1.55184,1.55213,1.00,1.00
2016.08.17 04:14:06.778,1.55181,1.55214,1.00,1.00
2016.08.17 04:14:10.312,1.55186,1.55216,1.00,1.00
2016.08.17 04:14:10.638,1.55189,1.55217,1.00,1.00
2016.08.17 04:14:12.772,1.5519,1.55218,1.00,1.00
2016.08.17 04:14:15.802,1.55189,1.55217,1.00,1.00
2016.08.17 04:14:20.884,1.55188,1.55217,1.00,1.00
2016.08.17 04:14:24.889,1.55185,1.55214,1.00,1.00
2016.08.17 04:14:26.392,1.55188,1.55217,1.00,1.00
2016.08.17 04:14:26.909,1.55189,1.55218,1.00,1.00
2016.08.17 04:14:29.224,1.55188,1.55216,1.00,1.00
2016.08.17 04:14:32.960,1.55188,1.55216,1.00,1.00
2016.08.17 04:14:33.308,1.55188,1.55216,1.00,1.00
2016.08.17 04:14:33.623,1.5519,1.55218,1.00,1.00
2016.08.17 04:14:34.225,1.55189,1.55218,1.00,1.00
2016.08.17 04:14:34.893,1.55187,1.55218,1.00,1.00
2016.08.17 04:14:38.019,1.55188,1.55216,1.00,1.00
2016.08.17 04:14:40.590,1.55188,1.55218,1.00,1.00
2016.08.17 04:14:41.368,1.55188,1.55217,1.00,1.00
2016.08.17 04:14:41.892,1.55188,1.55216,1.00,1.00
2016.08.17 04:14:42.836,1.55187,1.55216,1.00,1.00
2016.08.17 04:14:44.162,1.55186,1.55215,1.00,1.00
2016.08.17 04:14:47.251,1.55189,1.55216,1.00,1.00
2016.08.17 04:14:48.660,1.55187,1.55216,1.00,1.50
2016.08.17 04:14:50.369,1.55186,1.55215,1.00,1.00
2016.08.17 04:14:50.470,1.55185,1.55214,1.00,1.00
2016.08.17 04:14:50.930,1.55183,1.55211,1.00,1.00
2016.08.17 04:14:51.032,1.55181,1.55211,1.00,1.00
2016.08.17 04:14:57.858,1.55182,1.55211,1.00,1.00
2016.08.17 04:15:02.056,1.55184,1.55213,1.00,1.00
2016.08.17 04:15:02.309,1.55187,1.55215,1.00,1.50
2016.08.17 04:15:02.360,1.55187,1.55215,1.00,1.00
2016.08.17 04:15:02.411,1.55187,1.55215,1.00,1.00
2016.08.17 04:15:02.850,1.55187,1.55216,1.00,1.50
2016.08.17 04:15:02.900,1.55187,1.55216,1.00,1.50
2016.08.17 04:15:03.409,1.55187,1.55216,1.00,1.00
2016.08.17 04:15:05.024,1.55187,1.55215,1.00,1.00
2016.08.17 04:15:05.075,1.5518,1.55209,1.00,1.00
2016.08.17 04:15:05.953,1.55181,1.55209,1.00,1.00
2016.08.17 04:15:07.729,1.55181,1.55209,1.00,1.50
2016.08.17 04:15:07.830,1.55181,1.55209,1.00,1.00
2016.08.17 04:15:07.932,1.55181,1.55209,1.00,1.50
2016.08.17 04:15:08.227,1.55179,1.55207,1.00,1.00
2016.08.17 04:15:10.361,1.55177,1.55207,1.00,1.00
2016.08.17 04:15:10.462,1.55179,1.55209,1.00,1.00
2016.08.17 04:15:11.203,1.55181,1.55209,1.00,1.00
2016.08.17 04:15:14.068,1.55183,1.55211,1.00,1.00
2016.08.17 04:15:14.119,1.55183,1.55213,1.00,1.00
2016.08.17 04:15:14.169,1.55185,1.55215,1.00,1.50
2016.08.17 04:15:14.220,1.55185,1.55215,1.00,1.00
2016.08.17 04:15:14.271,1.55188,1.55216,1.00,1.50
2016.08.17 04:15:14.321,1.55188,1.55216,1.00,1.00
2016.08.17 04:15:14.372,1.55188,1.55216,1.00,1.00
2016.08.17 04:15:14.424,1.55188,1.55217,1.00,1.50
2016.08.17 04:15:15.130,1.55188,1.55217,1.00,1.00
2016.08.17 04:15:20.849,1.55188,1.55216,1.00,1.00
2016.08.17 04:15:21.315,1.55187,1.55217,1.00,1.00
2016.08.17 04:15:23.959,1.55187,1.55217,1.00,1.50
2016.08.17 04:15:25.478,1.55187,1.55215,1.00,1.00
2016.08.17 04:15:28.076,1.55184,1.55214,1.00,1.00
2016.08.17 04:15:28.382,1.55184,1.55212,1.00,1.00
2016.08.17 04:15:34.936,1.55185,1.55213,1.00,1.00
2016.08.17 04:15:35.669,1.55185,1.55214,1.00,1.00
2016.08.17 04:15:36.373,1.55185,1.55213,1.00,1.00
2016.08.17 04:15:37.679,1.55185,1.55206,1.00,1.00
2016.08.17 04:15:43.057,1.55183,1.55206,1.00,1.00
2016.08.17 04:15:44.621,1.5518,1.55206,1.00,1.00
2016.08.17 04:15:55.628,1.55178,1.55206,1.00,1.00
2016.08.17 04:15:56.744,1.55178,1.55209,1.00,1.00
2016.08.17 04:15:57.044,1.55178,1.55207,1.00,1.00
2016.08.17 04:16:01.442,1.55183,1.55207,1.00,1.00
2016.08.17 04:16:02.042,1.55183,1.55211,1.00,1.00
2016.08.17 04:16:04.352,1.55184,1.55213,1.00,1.00
2016.08.17 04:16:04.555,1.55182,1.55206,1.00,1.00
2016.08.17 04:16:10.182,1.55182,1.55212,1.00,1.00
2016.08.17 04:16:10.232,1.55183,1.55213,1.00,1.50
2016.08.17 04:16:10.283,1.55183,1.55213,1.00,1.00
2016.08.17 04:16:10.384,1.55183,1.55213,1.00,1.50
2016.08.17 04:16:10.643,1.55181,1.55211,1.00,1.00
2016.08.17 04:16:11.636,1.55181,1.55209,1.00,1.00
2016.08.17 04:16:11.687,1.55181,1.55206,1.00,1.00
2016.08.17 04:16:19.277,1.55178,1.55206,1.00,1.00
2016.08.17 04:16:19.328,1.55178,1.55206,1.00,1.00
2016.08.17 04:16:19.480,1.55174,1.55204,1.60,1.00
2016.08.17 04:16:19.750,1.55178,1.55206,1.00,1.50
2016.08.17 04:16:19.801,1.55178,1.55206,1.00,1.00
2016.08.17 04:16:19.852,1.55176,1.55207,1.00,1.50
2016.08.17 04:16:19.903,1.55176,1.55207,1.00,2.25
2016.08.17 04:16:20.004,1.55176,1.55207,1.00,1.50
2016.08.17 04:16:20.105,1.55176,1.55206,1.00,1.00
2016.08.17 04:16:20.257,1.55174,1.55202,1.00,1.00
2016.08.17 04:16:20.307,1.55174,1.55196,1.00,1.00
2016.08.17 04:16:21.077,1.55173,1.55196,1.00,1.00
2016.08.17 04:16:25.198,1.55173,1.55201,1.00,1.00
2016.08.17 04:16:25.949,1.55172,1.552,1.00,1.00
2016.08.17 04:16:26.202,1.55171,1.55196,1.00,1.00
2016.08.17 04:16:26.304,1.55171,1.552,1.00,1.00
2016.08.17 04:16:26.855,1.5517,1.55201,1.00,1.00
2016.08.17 04:16:26.906,1.5517,1.55196,1.00,1.00
2016.08.17 04:16:29.523,1.5517,1.55201,1.00,1.00
2016.08.17 04:16:29.876,1.5517,1.55196,1.00,1.00
2016.08.17 04:16:29.977,1.55168,1.55196,1.60,1.00
2016.08.17 04:16:30.028,1.55168,1.55196,1.00,1.00
2016.08.17 04:16:30.078,1.55166,1.55195,1.00,1.00
2016.08.17 04:16:30.180,1.55158,1.55187,1.00,1.00
2016.08.17 04:16:30.231,1.55158,1.55187,1.00,1.00
2016.08.17 04:16:30.281,1.55155,1.55184,1.00,1.00
2016.08.17 04:16:30.383,1.55149,1.55179,1.75,1.00
2016.08.17 04:16:30.692,1.55141,1.55172,1.00,1.00
2016.08.17 04:16:30.956,1.55147,1.55176,1.00,1.00
2016.08.17 04:16:31.159,1.55142,1.55176,1.00,1.00
2016.08.17 04:16:31.210,1.55142,1.55176,1.50,1.00
2016.08.17 04:16:32.759,1.55149,1.55176,1.00,1.00
2016.08.17 04:16:36.093,1.55147,1.55176,1.00,1.00
2016.08.17 04:16:38.776,1.55145,1.55173,1.00,1.00
2016.08.17 04:16:38.979,1.55143,1.55172,1.00,1.00
2016.08.17 04:16:39.030,1.55143,1.55167,1.00,1.00
2016.08.17 04:16:39.081,1.55141,1.55167,1.00,1.00
2016.08.17 04:16:44.436,1.55141,1.55172,1.00,1.00
2016.08.17 04:16:44.638,1.55141,1.55166,1.00,1.00
2016.08.17 04:16:44.891,1.55144,1.55172,1.00,1.00
2016.08.17 04:16:45.338,1.55144,1.55167,1.00,1.00
2016.08.17 04:16:49.562,1.55138,1.55166,1.00,1.00
2016.08.17 04:16:51.359,1.55138,1.55166,1.00,1.00
2016.08.17 04:16:51.410,1.55141,1.55167,1.00,1.00
2016.08.17 04:16:51.512,1.55141,1.55169,1.00,1.00
2016.08.17 04:16:51.614,1.55141,1.55166,1.00,1.00
2016.08.17 04:16:51.919,1.55139,1.55167,1.00,1.50
2016.08.17 04:16:52.791,1.55139,1.55167,1.00,1.00
2016.08.17 04:16:52.892,1.55141,1.55166,1.00,1.00
2016.08.17 04:16:57.189,1.55139,1.55166,1.00,1.00
2016.08.17 04:17:03.847,1.55138,1.55166,1.00,1.00
2016.08.17 04:17:03.949,1.55136,1.55166,1.00,1.00
2016.08.17 04:17:04.308,1.55136,1.55167,1.00,1.50
2016.08.17 04:17:05.143,1.55136,1.55166,1.00,1.00
2016.08.17 04:17:10.253,1.55139,1.55166,1.00,1.00
2016.08.17 04:17:10.569,1.55141,1.55167,1.00,1.00
2016.08.17 04:17:21.045,1.55137,1.55167,1.00,1.00
2016.08.17 04:17:21.739,1.55137,1.55166,1.00,1.00
2016.08.17 04:17:22.134,1.55136,1.55166,1.00,1.00
2016.08.17 04:17:22.900,1.55131,1.55159,1.37,1.00
2016.08.17 04:17:22.950,1.55131,1.55157,1.00,1.00
2016.08.17 04:17:25.725,1.5513,1.55157,1.00,1.00
2016.08.17 04:17:37.878,1.55131,1.55157,1.00,1.00
2016.08.17 04:17:40.682,1.55131,1.55161,1.00,1.00
2016.08.17 04:17:40.783,1.5513,1.55157,1.00,1.00
2016.08.17 04:17:41.134,1.55128,1.55158,1.00,1.00
2016.08.17 04:17:41.235,1.55128,1.55158,1.00,1.50
2016.08.17 04:17:41.286,1.55126,1.55156,1.00,1.00
2016.08.17 04:17:41.539,1.55119,1.55147,1.00,1.00
2016.08.17 04:17:41.590,1.55112,1.55141,1.00,1.00
2016.08.17 04:17:41.692,1.5511,1.5514,1.00,1.00
2016.08.17 04:17:41.794,1.55105,1.55136,1.00,1.00
2016.08.17 04:17:41.845,1.55105,1.55136,1.00,1.00
2016.08.17 04:17:42.358,1.55105,1.55135,1.00,1.00
2016.08.17 04:17:45.192,1.55107,1.55136,1.00,1.00
2016.08.17 04:17:45.242,1.55107,1.55137,1.00,1.50
2016.08.17 04:17:50.625,1.5511,1.55136,1.00,1.00
2016.08.17 04:17:50.677,1.55107,1.55136,1.00,1.00
2016.08.17 04:17:50.968,1.55109,1.55136,1.00,1.00
2016.08.17 04:17:51.600,1.5511,1.55136,1.00,1.00
2016.08.17 04:17:52.119,1.55109,1.55136,1.00,1.00
2016.08.17 04:18:00.973,1.55107,1.55136,1.00,1.00
2016.08.17 04:18:01.074,1.55107,1.55136,1.00,1.50
2016.08.17 04:18:01.377,1.55107,1.55136,1.00,1.00
2016.08.17 04:18:01.478,1.55106,1.55136,1.00,1.50
2016.08.17 04:18:01.779,1.55108,1.55136,1.00,1.50
2016.08.17 04:18:02.381,1.55108,1.55136,1.00,2.25
2016.08.17 04:18:05.221,1.55108,1.55136,1.00,1.50
2016.08.17 04:18:05.533,1.55111,1.55136,1.00,1.00
2016.08.17 04:18:10.788,1.5511,1.55136,1.00,1.00
2016.08.17 04:18:18.674,1.5511,1.55138,1.00,1.00
2016.08.17 04:18:18.976,1.5511,1.55136,1.00,1.00
2016.08.17 04:18:19.611,1.55111,1.5514,1.00,1.00
2016.08.17 04:18:19.712,1.55108,1.55139,1.00,1.00
2016.08.17 04:18:19.813,1.5511,1.55139,1.00,1.00
2016.08.17 04:18:25.907,1.55112,1.5514,1.00,1.00
2016.08.17 04:18:32.830,1.55113,1.55141,1.00,1.00
2016.08.17 04:18:32.931,1.55115,1.55143,1.00,1.50
2016.08.17 04:18:32.982,1.55115,1.55143,1.00,1.00
2016.08.17 04:18:33.083,1.55115,1.55146,1.00,1.50
2016.08.17 04:18:33.671,1.55117,1.55146,1.00,1.00
2016.08.17 04:18:34.302,1.55117,1.55147,1.00,1.00
2016.08.17 04:18:35.927,1.55117,1.55146,1.00,1.00
2016.08.17 04:18:36.418,1.55119,1.55146,1.00,1.00
2016.08.17 04:18:36.900,1.55119,1.55147,1.00,1.00
2016.08.17 04:18:36.951,1.55116,1.55146,1.00,1.00
2016.08.17 04:18:37.001,1.55116,1.55146,1.00,2.25
2016.08.17 04:18:37.303,1.55116,1.55146,1.00,1.50
2016.08.17 04:18:37.419,1.55114,1.55143,1.00,1.00
2016.08.17 04:18:53.341,1.55112,1.5514,1.00,1.00
2016.08.17 04:18:53.443,1.55106,1.55134,1.37,1.00
2016.08.17 04:18:53.493,1.55106,1.55134,1.00,1.00
2016.08.17 04:18:53.544,1.55103,1.55126,1.12,1.00
2016.08.17 04:18:53.595,1.55103,1.55126,1.00,1.00
2016.08.17 04:18:54.300,1.55106,1.55126,1.00,1.00
2016.08.17 04:18:54.351,1.55106,1.55136,1.00,1.50
2016.08.17 04:18:54.554,1.55104,1.55127,1.00,1.00
2016.08.17 04:18:55.399,1.55104,1.55126,1.00,1.00
2016.08.17 04:18:55.706,1.55109,1.55126,1.00,1.00
2016.08.17 04:18:56.162,1.55106,1.55126,1.00,1.00
2016.08.17 04:18:57.159,1.55109,1.55134,1.00,1.00
2016.08.17 04:18:57.260,1.55109,1.55136,1.00,1.00
2016.08.17 04:18:57.819,1.5511,1.55136,1.00,1.00
2016.08.17 04:18:59.652,1.55112,1.55136,1.00,1.00
2016.08.17 04:19:00.505,1.5511,1.55136,1.00,1.00
2016.08.17 04:19:07.355,1.55108,1.55136,1.00,1.00
2016.08.17 04:19:07.439,1.55108,1.55136,1.00,1.50
2016.08.17 04:19:07.642,1.55107,1.55136,1.00,1.00
2016.08.17 04:19:08.138,1.5511,1.55136,1.00,1.00
2016.08.17 04:19:09.062,1.5511,1.55126,1.00,1.00
2016.08.17 04:19:11.273,1.5511,1.55127,1.00,1.00
2016.08.17 04:19:11.449,1.5511,1.55136,1.00,1.00
2016.08.17 04:19:13.407,1.55108,1.55136,1.00,1.00
2016.08.17 04:19:13.457,1.55108,1.55126,1.00,1.00
2016.08.17 04:19:15.403,1.55105,1.55126,1.00,1.00
2016.08.17 04:19:15.511,1.55102,1.55126,1.00,1.00
2016.08.17 04:19:15.612,1.55106,1.55126,1.00,1.00
2016.08.17 04:19:15.961,1.55108,1.55126,1.00,1.00
2016.08.17 04:19:16.062,1.55108,1.55134,1.00,1.00
2016.08.17 04:19:16.164,1.55108,1.55136,1.00,1.50
2016.08.17 04:19:17.505,1.55108,1.55136,1.00,1.00
2016.08.17 04:19:18.017,1.55109,1.55136,1.00,1.00
2016.08.17 04:19:20.032,1.55109,1.55137,1.00,1.00
2016.08.17 04:19:22.402,1.55109,1.55139,1.00,1.00
2016.08.17 04:19:22.453,1.55111,1.55137,1.00,1.00
2016.08.17 04:19:22.605,1.55109,1.55137,1.00,1.50
2016.08.17 04:19:22.655,1.55109,1.55137,1.00,1.00
2016.08.17 04:19:22.858,1.55109,1.55136,1.00,1.50
2016.08.17 04:19:23.076,1.55109,1.55136,1.00,1.00
2016.08.17 04:19:23.180,1.55109,1.55136,1.00,1.50
2016.08.17 04:19:23.281,1.55109,1.55136,1.00,1.00
2016.08.17 04:19:23.332,1.55105,1.55134,1.00,1.00
2016.08.17 04:19:23.382,1.55105,1.55134,1.00,1.50
2016.08.17 04:19:23.939,1.55108,1.55134,1.00,1.00
2016.08.17 04:19:23.989,1.55108,1.55136,1.00,1.50
2016.08.17 04:19:24.040,1.55106,1.55136,1.00,2.25
2016.08.17 04:19:24.091,1.55109,1.55135,1.00,1.00
2016.08.17 04:19:24.192,1.55109,1.55136,1.00,1.50
2016.08.17 04:19:24.279,1.55109,1.55136,1.00,1.00
2016.08.17 04:19:24.739,1.55109,1.55135,1.00,1.00
2016.08.17 04:19:25.359,1.55109,1.55136,1.00,1.00
2016.08.17 04:19:25.410,1.55107,1.55135,1.00,1.00
2016.08.17 04:19:26.889,1.55107,1.55135,1.00,1.00
2016.08.17 04:19:28.892,1.55107,1.55136,1.00,2.25
2016.08.17 04:19:29.843,1.55107,1.55136,1.00,1.50
2016.08.17 04:19:30.021,1.55107,1.55135,1.00,1.00
2016.08.17 04:19:31.388,1.55104,1.55135,1.00,1.50
2016.08.17 04:19:31.439,1.55104,1.55134,1.00,1.00
2016.08.17 04:19:32.201,1.55104,1.55135,1.00,1.50
2016.08.17 04:19:33.053,1.55105,1.55135,1.00,1.00
2016.08.17 04:19:36.782,1.55105,1.55135,1.00,1.00
2016.08.17 04:19:37.036,1.55105,1.55136,1.00,1.50
2016.08.17 04:19:37.110,1.55108,1.55136,1.00,1.50
2016.08.17 04:19:37.913,1.55109,1.55136,1.00,1.50
2016.08.17 04:19:38.313,1.55109,1.55136,1.00,1.00
2016.08.17 04:19:39.413,1.55109,1.55137,1.00,1.50
2016.08.17 04:19:39.464,1.55103,1.55126,1.00,1.00
2016.08.17 04:19:47.560,1.55103,1.55127,1.00,1.00
2016.08.17 04:19:47.928,1.55105,1.55127,1.00,1.00
2016.08.17 04:19:48.181,1.55105,1.55136,1.00,1.50
2016.08.17 04:19:49.029,1.55103,1.55133,1.00,1.00
2016.08.17 04:19:49.080,1.55103,1.55126,1.00,1.00
2016.08.17 04:19:56.296,1.55103,1.55127,1.00,1.00
2016.08.17 04:19:57.068,1.55101,1.55126,1.00,1.00
2016.08.17 04:20:00.806,1.55099,1.55126,1.00,1.00
2016.08.17 04:20:00.958,1.55101,1.55126,1.00,1.00
2016.08.17 04:20:02.759,1.55106,1.55126,1.00,1.00
2016.08.17 04:20:03.769,1.55104,1.55126,1.00,1.00
2016.08.17 04:20:03.819,1.55104,1.55134,1.00,1.50
2016.08.17 04:20:03.871,1.55106,1.55135,1.00,1.00
2016.08.17 04:20:04.235,1.55105,1.55133,1.00,1.50
2016.08.17 04:20:04.285,1.55104,1.55126,1.00,1.00
2016.08.17 04:20:04.941,1.55104,1.55127,1.00,1.00
2016.08.17 04:20:08.581,1.55104,1.55132,1.00,1.00
2016.08.17 04:20:09.019,1.55104,1.55132,1.60,1.00
2016.08.17 04:20:09.070,1.55109,1.55132,1.00,1.00
2016.08.17 04:20:09.120,1.55109,1.55137,1.00,1.50
2016.08.17 04:20:09.171,1.55116,1.55137,1.00,1.00
2016.08.17 04:20:09.454,1.55116,1.55143,1.00,1.00
2016.08.17 04:20:09.551,1.55116,1.55145,1.00,1.00
2016.08.17 04:20:09.601,1.55116,1.55145,1.00,1.50
2016.08.17 04:20:10.181,1.55116,1.55145,1.00,1.00
2016.08.17 04:20:11.059,1.55116,1.55146,1.00,1.50
2016.08.17 04:20:12.168,1.55107,1.55146,1.37,2.25
2016.08.17 04:20:12.219,1.55107,1.55146,1.00,1.50
2016.08.17 04:20:12.270,1.55105,1.55136,1.00,1.00
2016.08.17 04:20:12.371,1.55107,1.55135,1.00,1.00
2016.08.17 04:20:12.422,1.55107,1.55142,1.00,1.00
2016.08.17 04:20:12.473,1.55105,1.55136,1.00,1.00
2016.08.17 04:20:12.523,1.55105,1.55133,1.35,1.00
2016.08.17 04:20:13.076,1.55105,1.55136,2.10,1.00
2016.08.17 04:20:13.127,1.55119,1.55146,1.00,1.00
2016.08.17 04:20:14.822,1.55119,1.55146,1.00,1.00
2016.08.17 04:20:15.026,1.55119,1.55146,1.00,1.50
2016.08.17 04:20:15.592,1.55119,1.55146,1.00,1.00
2016.08.17 04:20:15.693,1.55119,1.55146,1.00,1.50
2016.08.17 04:20:15.792,1.55119,1.55146,1.00,1.00
2016.08.17 04:20:17.578,1.5511,1.55139,1.00,1.00
2016.08.17 04:20:17.679,1.55106,1.55137,1.00,1.00
2016.08.17 04:20:17.730,1.55106,1.55137,1.00,2.25
2016.08.17 04:20:17.780,1.55103,1.55132,1.00,1.00
2016.08.17 04:20:18.393,1.55103,1.55131,1.00,1.00
2016.08.17 04:20:18.497,1.55103,1.55132,1.00,1.50
2016.08.17 04:20:21.406,1.55103,1.55131,1.00,1.00
2016.08.17 04:20:23.138,1.55103,1.5513,1.00,1.00
2016.08.17 04:20:23.779,1.55104,1.55131,1.00,1.00
2016.08.17 04:20:24.342,1.55104,1.55132,1.00,1.00
2016.08.17 04:20:25.020,1.55104,1.55133,1.00,1.50
2016.08.17 04:20:26.277,1.55103,1.55132,1.00,1.00
2016.08.17 04:20:26.328,1.55103,1.55132,1.00,1.50
2016.08.17 04:20:28.030,1.55103,1.55131,1.00,1.00
2016.08.17 04:20:28.232,1.55103,1.55132,1.00,1.50
2016.08.17 04:20:28.598,1.55103,1.55132,1.00,1.00
2016.08.17 04:20:28.648,1.55103,1.55134,1.00,1.50
2016.08.17 04:20:28.935,1.55103,1.55134,1.00,1.00
2016.08.17 04:20:29.135,1.55103,1.55134,1.00,1.50
2016.08.17 04:20:30.474,1.55106,1.55133,1.00,1.00
2016.08.17 04:20:30.525,1.55103,1.55132,1.00,1.00
2016.08.17 04:20:30.727,1.55106,1.55134,1.00,1.00
2016.08.17 04:20:30.778,1.55106,1.55134,1.00,1.50
2016.08.17 04:20:32.664,1.55106,1.55134,1.00,1.00
2016.08.17 04:20:33.363,1.55106,1.55134,1.00,1.50
2016.08.17 04:20:33.650,1.55106,1.55134,1.00,1.00
2016.08.17 04:20:34.212,1.55101,1.55132,1.35,1.00
2016.08.17 04:20:34.514,1.55101,1.55132,1.35,1.50
2016.08.17 04:20:34.755,1.55101,1.55132,1.35,1.00
2016.08.17 04:20:35.056,1.55101,1.55132,1.35,1.50
2016.08.17 04:20:36.462,1.55101,1.55132,1.35,1.00
2016.08.17 04:20:38.767,1.55101,1.5513,1.35,1.00
2016.08.17 04:20:38.817,1.55101,1.5513,1.00,1.00
2016.08.17 04:20:39.120,1.551,1.55128,1.00,1.00
2016.08.17 04:20:39.311,1.551,1.55126,1.00,1.00
2016.08.17 04:20:44.276,1.551,1.55129,1.00,1.00
2016.08.17 04:20:44.372,1.551,1.5513,1.00,1.50
2016.08.17 04:20:44.779,1.551,1.5513,1.00,1.00
2016.08.17 04:20:46.225,1.551,1.5513,1.00,1.50
2016.08.17 04:20:46.276,1.55097,1.55126,1.35,1.00
2016.08.17 04:20:51.617,1.55098,1.55126,1.00,1.00
2016.08.17 04:20:52.169,1.55101,1.55126,1.00,1.00
2016.08.17 04:20:54.246,1.55102,1.55126,1.00,1.00
2016.08.17 04:20:56.124,1.55103,1.55126,1.00,1.00
2016.08.17 04:20:56.795,1.55103,1.55127,1.00,1.00
2016.08.17 04:20:57.068,1.55103,1.55132,1.00,1.50
2016.08.17 04:20:57.118,1.55103,1.55132,1.00,1.00
2016.08.17 04:20:57.219,1.55104,1.55132,1.00,1.50
2016.08.17 04:20:57.422,1.55104,1.55132,1.00,1.00
2016.08.17 04:20:59.118,1.55104,1.55132,1.00,1.50
2016.08.17 04:21:00.855,1.55105,1.55132,1.00,1.00
2016.08.17 04:21:01.497,1.55105,1.55133,1.00,1.00
2016.08.17 04:21:01.557,1.55105,1.55133,1.00,1.50
2016.08.17 04:21:02.539,1.55105,1.55127,1.00,1.00
2016.08.17 04:21:02.847,1.55102,1.55127,1.00,1.00
2016.08.17 04:21:03.658,1.55102,1.5513,1.00,1.00
2016.08.17 04:21:03.759,1.55097,1.55126,1.00,1.50
2016.08.17 04:21:03.860,1.55089,1.55116,1.50,1.00
2016.08.17 04:21:03.911,1.55089,1.55116,1.12,1.00
2016.08.17 04:21:03.962,1.55086,1.55114,1.00,1.00
2016.08.17 04:21:04.669,1.55077,1.55107,1.00,1.00
2016.08.17 04:21:04.971,1.55077,1.55107,1.00,1.00
2016.08.17 04:21:05.036,1.55076,1.55104,1.00,1.00
2016.08.17 04:21:05.891,1.55079,1.55105,1.00,1.00
2016.08.17 04:21:06.093,1.55081,1.55106,1.00,1.00
2016.08.17 04:21:06.194,1.55084,1.5511,1.00,1.00
2016.08.17 04:21:06.346,1.55088,1.55116,1.00,1.00
2016.08.17 04:21:06.447,1.55088,1.55114,1.00,1.00
2016.08.17 04:21:06.975,1.55087,1.55114,1.00,1.00
2016.08.17 04:21:08.038,1.55088,1.55114,1.00,1.00
2016.08.17 04:21:08.498,1.55086,1.55114,1.00,1.50
2016.08.17 04:21:08.599,1.55084,1.55111,1.00,1.00
2016.08.17 04:21:08.752,1.55084,1.55106,1.00,1.00
2016.08.17 04:21:14.565,1.55084,1.55107,1.00,1.00
2016.08.17 04:21:15.091,1.55084,1.55106,1.00,1.00
2016.08.17 04:21:15.647,1.55083,1.55107,1.00,1.00
2016.08.17 04:21:18.866,1.55081,1.55107,1.00,1.00
2016.08.17 04:21:19.777,1.55082,1.55107,1.00,1.00
2016.08.17 04:21:20.266,1.55082,1.55107,1.00,1.00
2016.08.17 04:21:20.317,1.55085,1.55107,1.00,1.00
2016.08.17 04:21:20.367,1.55085,1.55115,1.00,1.00
2016.08.17 04:21:20.751,1.55087,1.55107,1.00,1.00
2016.08.17 04:21:21.287,1.55088,1.55107,1.00,1.00
2016.08.17 04:21:23.568,1.55088,1.55115,1.00,1.00
2016.08.17 04:21:23.831,1.55085,1.55113,1.00,1.00
2016.08.17 04:21:24.163,1.55085,1.55106,1.00,1.00
2016.08.17 04:21:24.264,1.55082,1.55106,1.00,1.00
2016.08.17 04:21:24.855,1.55083,1.55106,1.00,1.00
2016.08.17 04:21:26.761,1.55082,1.55107,1.00,1.00
2016.08.17 04:21:28.151,1.55082,1.55106,1.00,1.00
2016.08.17 04:21:28.757,1.55084,1.55106,1.00,1.00
2016.08.17 04:21:29.406,1.55083,1.55107,1.00,1.00
2016.08.17 04:21:29.932,1.55083,1.55111,1.00,1.00
2016.08.17 04:21:33.598,1.55086,1.55114,1.00,1.50
2016.08.17 04:21:33.648,1.55086,1.55114,1.00,1.00
2016.08.17 04:21:33.953,1.55088,1.55116,1.00,1.00
2016.08.17 04:21:35.270,1.55088,1.55115,1.00,1.00
2016.08.17 04:21:36.525,1.55088,1.55116,1.00,1.00
2016.08.17 04:21:38.030,1.55088,1.55117,1.00,1.00
2016.08.17 04:21:38.284,1.55088,1.55116,1.00,1.00
2016.08.17 04:21:38.335,1.55088,1.55115,1.00,1.00
2016.08.17 04:21:39.231,1.55088,1.55116,1.00,1.00
2016.08.17 04:21:39.635,1.55088,1.55115,1.00,1.00
2016.08.17 04:21:44.468,1.55088,1.55116,1.00,1.00
2016.08.17 04:21:44.846,1.55085,1.55115,1.00,1.50
2016.08.17 04:21:45.249,1.55085,1.55114,1.00,1.00
2016.08.17 04:21:46.052,1.55085,1.55115,1.00,1.50
2016.08.17 04:21:46.255,1.55084,1.55112,1.00,1.00
2016.08.17 04:21:46.305,1.55084,1.55112,1.00,1.00
2016.08.17 04:21:46.810,1.55087,1.55113,1.00,1.00
2016.08.17 04:21:46.861,1.55087,1.55115,1.00,1.50
2016.08.17 04:21:46.962,1.55087,1.55114,1.00,1.00
2016.08.17 04:21:47.155,1.55087,1.55115,1.00,1.50
2016.08.17 04:21:49.860,1.55087,1.55115,1.00,1.00
2016.08.17 04:21:53.185,1.55084,1.55112,1.00,1.00
2016.08.17 04:21:55.667,1.55087,1.55114,1.00,1.00
2016.08.17 04:21:55.718,1.55084,1.55112,1.00,1.00
2016.08.17 04:21:58.666,1.55085,1.55113,1.00,1.00
2016.08.17 04:22:09.616,1.55086,1.55114,1.00,1.50
2016.08.17 04:22:09.685,1.55083,1.55114,1.00,1.50
2016.08.17 04:22:09.736,1.55083,1.55111,1.00,1.50
2016.08.17 04:22:09.837,1.5508,1.55108,1.00,1.50
2016.08.17 04:22:09.938,1.5508,1.55108,1.00,1.50
2016.08.17 04:22:10.040,1.5508,1.55106,1.00,1.00
2016.08.17 04:22:10.401,1.5508,1.55108,1.00,1.00
2016.08.17 04:22:10.453,1.55072,1.55107,1.00,1.00
2016.08.17 04:22:10.554,1.55072,1.55109,1.00,1.00
2016.08.17 04:22:10.656,1.55072,1.55106,1.00,1.00
2016.08.17 04:22:10.706,1.55072,1.55106,1.00,1.00
2016.08.17 04:22:11.367,1.55078,1.55106,1.00,1.00
2016.08.17 04:22:11.653,1.55078,1.55105,1.00,1.00
2016.08.17 04:22:11.754,1.55078,1.55106,1.00,1.00
2016.08.17 04:22:11.910,1.55078,1.55105,1.00,1.00
2016.08.17 04:22:12.512,1.55078,1.55106,1.00,1.00
2016.08.17 04:22:13.371,1.55079,1.55105,1.00,1.00
2016.08.17 04:22:13.716,1.55079,1.55107,1.00,1.50
2016.08.17 04:22:13.917,1.55079,1.55105,1.00,1.00
2016.08.17 04:22:14.188,1.55079,1.55106,1.00,1.00
2016.08.17 04:22:14.239,1.55079,1.55107,1.00,1.50
2016.08.17 04:22:14.341,1.55079,1.55106,1.00,1.00
2016.08.17 04:22:14.543,1.55079,1.55107,1.00,1.50
2016.08.17 04:22:17.127,1.55079,1.55106,1.00,1.00
2016.08.17 04:22:18.732,1.55079,1.55107,1.00,1.50
2016.08.17 04:22:18.782,1.55077,1.55107,1.00,2.25
2016.08.17 04:22:18.833,1.55077,1.55104,1.00,1.00
2016.08.17 04:22:19.062,1.5508,1.55105,1.00,1.00
2016.08.17 04:22:19.705,1.5508,1.55107,1.00,1.00
2016.08.17 04:22:20.247,1.5508,1.55106,1.00,1.50
2016.08.17 04:22:20.886,1.5508,1.55106,1.00,1.00
2016.08.17 04:22:21.038,1.5508,1.55107,1.00,1.50
2016.08.17 04:22:21.740,1.5508,1.55106,1.00,1.00
2016.08.17 04:22:21.842,1.5508,1.55107,1.00,1.50
2016.08.17 04:22:21.943,1.5508,1.55106,1.00,1.00
2016.08.17 04:22:22.272,1.5508,1.55105,1.00,1.00
2016.08.17 04:22:22.841,1.5508,1.55106,1.00,1.00
2016.08.17 04:22:23.342,1.5508,1.55105,1.00,1.00
2016.08.17 04:22:24.745,1.5508,1.55107,1.00,1.00
2016.08.17 04:22:28.049,1.5508,1.5511,1.00,1.00
2016.08.17 04:22:28.100,1.5508,1.55108,1.00,1.00
2016.08.17 04:22:28.252,1.5508,1.5511,1.00,1.00
2016.08.17 04:22:28.555,1.5508,1.55106,1.00,1.00
2016.08.17 04:22:29.492,1.55081,1.55106,1.00,1.00
2016.08.17 04:22:30.095,1.5508,1.55107,1.00,1.00
2016.08.17 04:22:30.146,1.5508,1.55109,1.00,1.00
2016.08.17 04:22:30.197,1.55084,1.55109,1.00,1.00
2016.08.17 04:22:30.563,1.55088,1.55116,1.00,1.00
2016.08.17 04:22:30.614,1.55088,1.55117,1.00,1.50
2016.08.17 04:22:30.712,1.55088,1.55116,1.00,1.00
2016.08.17 04:22:30.762,1.55088,1.55115,1.00,1.00
2016.08.17 04:22:30.864,1.55088,1.55117,1.00,1.50
2016.08.17 04:22:31.158,1.55091,1.55117,1.00,1.00
2016.08.17 04:22:31.259,1.55091,1.5512,1.00,1.00
2016.08.17 04:22:31.701,1.55091,1.55121,1.00,1.50
2016.08.17 04:22:31.759,1.55091,1.55119,1.00,1.00
2016.08.17 04:22:31.860,1.55091,1.55116,1.00,1.00
2016.08.17 04:22:32.113,1.55089,1.55116,1.00,1.00
2016.08.17 04:22:32.936,1.55091,1.55116,1.00,1.00
2016.08.17 04:22:32.987,1.55091,1.5512,1.00,1.00
2016.08.17 04:22:33.230,1.55091,1.55119,1.00,1.00
2016.08.17 04:22:33.330,1.55091,1.55116,1.00,1.00
2016.08.17 04:22:34.178,1.5509,1.55116,1.00,1.00
2016.08.17 04:22:34.279,1.5509,1.55119,1.00,1.00
2016.08.17 04:22:34.623,1.5509,1.55117,1.00,1.00
2016.08.17 04:22:34.702,1.55083,1.55112,1.00,1.00
2016.08.17 04:22:34.804,1.55083,1.55112,1.00,1.50
2016.08.17 04:22:34.905,1.55083,1.55112,1.00,1.00
2016.08.17 04:22:35.117,1.55086,1.55113,1.00,1.00
2016.08.17 04:22:35.218,1.55085,1.55113,1.00,1.50
2016.08.17 04:22:35.320,1.55085,1.55113,1.00,1.00
2016.08.17 04:22:35.472,1.55086,1.55116,1.00,1.50
2016.08.17 04:22:35.831,1.55086,1.55115,1.00,1.00
2016.08.17 04:22:36.375,1.55086,1.55114,1.00,1.00
2016.08.17 04:22:38.686,1.55083,1.55114,1.00,1.50
2016.08.17 04:22:39.793,1.55085,1.55113,1.00,1.00
2016.08.17 04:22:48.502,1.55087,1.55117,1.00,1.50
2016.08.17 04:22:48.603,1.55085,1.55115,1.00,1.00
2016.08.17 04:22:48.703,1.55088,1.55116,1.00,1.00
2016.08.17 04:22:50.743,1.55089,1.55118,1.00,1.00
2016.08.17 04:22:51.049,1.55088,1.55117,1.00,1.00
2016.08.17 04:22:51.353,1.5509,1.55118,1.00,1.00
2016.08.17 04:22:51.958,1.55089,1.55117,1.00,1.00
2016.08.17 04:22:52.447,1.55087,1.55118,1.00,1.00
2016.08.17 04:22:52.896,1.55089,1.55117,1.00,1.00
2016.08.17 04:22:53.715,1.55092,1.5512,1.00,1.50
2016.08.17 04:22:53.765,1.55092,1.55119,1.00,1.00
2016.08.17 04:22:54.347,1.5509,1.5512,1.00,1.50
2016.08.17 04:22:54.727,1.5509,1.5512,1.00,1.00
2016.08.17 04:22:54.970,1.5509,1.5512,1.00,1.50
2016.08.17 04:22:55.462,1.55093,1.55121,1.00,1.00
2016.08.17 04:22:55.728,1.55096,1.55125,1.00,1.12
2016.08.17 04:22:55.818,1.55096,1.55126,1.00,1.00
2016.08.17 04:22:56.122,1.55101,1.55128,1.00,1.00
2016.08.17 04:22:56.172,1.55101,1.55129,1.00,1.50
2016.08.17 04:22:56.273,1.55101,1.55129,1.00,1.00
2016.08.17 04:22:56.375,1.55101,1.55129,1.00,1.50
2016.08.17 04:22:57.020,1.55101,1.55129,1.00,1.00
2016.08.17 04:22:57.236,1.55101,1.55129,1.00,1.50
2016.08.17 04:22:57.337,1.55101,1.55127,1.00,1.00
2016.08.17 04:22:58.500,1.55097,1.55127,1.00,1.50
2016.08.17 04:22:58.553,1.55097,1.55126,1.00,1.00
2016.08.17 04:22:58.857,1.55097,1.55127,1.00,1.00
2016.08.17 04:22:58.908,1.55097,1.55127,1.00,1.00
2016.08.17 04:22:59.060,1.55097,1.55127,1.00,1.50
2016.08.17 04:22:59.161,1.55097,1.55127,1.00,1.00
2016.08.17 04:22:59.262,1.55097,1.55127,1.00,1.50
2016.08.17 04:22:59.744,1.55096,1.55126,1.00,1.00
2016.08.17 04:23:00.008,1.55096,1.55126,1.00,1.00
2016.08.17 04:23:00.058,1.551,1.55127,1.00,1.00
2016.08.17 04:23:00.160,1.551,1.55128,1.00,1.50
2016.08.17 04:23:01.004,1.55111,1.5514,1.00,1.00
2016.08.17 04:23:01.055,1.55116,1.55144,1.00,1.00
2016.08.17 04:23:01.257,1.55124,1.55153,1.00,1.50
2016.08.17 04:23:01.359,1.55125,1.55155,1.00,1.00
2016.08.17 04:23:01.713,1.55125,1.55154,1.00,1.00
2016.08.17 04:23:02.229,1.55125,1.55155,1.00,1.00
2016.08.17 04:23:02.299,1.55127,1.55154,1.00,1.00
2016.08.17 04:23:02.350,1.55123,1.55154,1.00,1.00
2016.08.17 04:23:02.452,1.55123,1.55155,1.00,1.00
2016.08.17 04:23:02.553,1.55123,1.55153,1.00,1.50
2016.08.17 04:23:02.654,1.55123,1.55153,1.00,1.00
2016.08.17 04:23:03.157,1.55123,1.55156,1.00,1.00
2016.08.17 04:23:03.258,1.55123,1.55156,1.00,1.00
2016.08.17 04:23:03.770,1.55123,1.55155,1.00,1.00
2016.08.17 04:23:04.275,1.55124,1.55154,1.00,1.00
2016.08.17 04:23:04.730,1.55124,1.55154,1.00,1.00
2016.08.17 04:23:06.222,1.55124,1.55154,1.00,1.00
2016.08.17 04:23:06.273,1.5512,1.5515,1.60,1.00
2016.08.17 04:23:06.374,1.55112,1.55146,1.00,1.00
2016.08.17 04:23:06.821,1.55115,1.55144,1.00,1.50
2016.08.17 04:23:08.220,1.55115,1.55144,1.00,1.50
2016.08.17 04:23:08.271,1.55121,1.55144,1.00,1.00
2016.08.17 04:23:08.322,1.55121,1.5515,1.00,1.00
2016.08.17 04:23:08.651,1.55121,1.5515,1.00,1.50
2016.08.17 04:23:09.074,1.55119,1.55148,1.00,1.50
2016.08.17 04:23:09.329,1.55119,1.55148,1.00,1.50
2016.08.17 04:23:09.675,1.55122,1.55148,1.00,1.00
2016.08.17 04:23:09.880,1.55123,1.5515,1.00,1.00
2016.08.17 04:23:10.472,1.55125,1.55152,1.00,1.00
2016.08.17 04:23:10.524,1.55125,1.55152,1.00,1.00
2016.08.17 04:23:10.625,1.55126,1.55154,1.00,1.00
2016.08.17 04:23:14.196,1.55126,1.55155,1.00,1.00
2016.08.17 04:23:14.557,1.55124,1.55156,1.00,1.50
2016.08.17 04:23:14.608,1.55124,1.55154,1.00,1.00
2016.08.17 04:23:14.760,1.55122,1.55153,1.00,1.00
2016.08.17 04:23:14.811,1.55122,1.55151,1.00,1.00
2016.08.17 04:23:14.893,1.55121,1.55151,1.00,1.00
2016.08.17 04:23:15.525,1.55121,1.55147,1.00,1.00
2016.08.17 04:23:15.586,1.55121,1.55149,1.00,1.00
2016.08.17 04:23:15.889,1.5512,1.55149,1.00,1.50
2016.08.17 04:23:15.940,1.5512,1.55149,1.00,1.00
2016.08.17 04:23:16.042,1.5512,1.55149,1.00,1.50
2016.08.17 04:23:16.144,1.5512,1.55149,1.00,1.00
2016.08.17 04:23:16.245,1.5512,1.55149,1.00,1.50
2016.08.17 04:23:18.004,1.5512,1.55149,1.00,1.00
2016.08.17 04:23:19.717,1.5512,1.55147,1.00,1.00
2016.08.17 04:23:19.828,1.55122,1.55147,1.00,1.50
2016.08.17 04:23:19.879,1.55119,1.55147,1.00,1.50
2016.08.17 04:23:19.929,1.55119,1.55146,1.00,1.00
2016.08.17 04:23:20.582,1.55119,1.55146,1.00,1.00
2016.08.17 04:23:21.091,1.55117,1.55146,1.00,1.00
2016.08.17 04:23:21.243,1.55116,1.55146,1.00,1.50
2016.08.17 04:23:21.520,1.55116,1.55144,1.00,1.00
2016.08.17 04:23:21.622,1.55116,1.55146,1.00,1.50
2016.08.17 04:23:21.723,1.55116,1.55146,1.00,1.00
2016.08.17 04:23:22.271,1.55118,1.55148,1.00,1.00
2016.08.17 04:23:22.322,1.55118,1.55149,1.00,1.00
2016.08.17 04:23:22.400,1.55118,1.55149,1.00,1.00
2016.08.17 04:23:23.074,1.55118,1.55149,1.00,1.00
2016.08.17 04:23:24.846,1.55118,1.55149,1.00,1.00
2016.08.17 04:23:25.696,1.55123,1.55153,1.00,1.00
2016.08.17 04:23:25.797,1.55123,1.55153,1.00,1.00
2016.08.17 04:23:26.079,1.55131,1.5516,1.00,1.50
2016.08.17 04:23:26.130,1.55131,1.55162,1.50,1.00
2016.08.17 04:23:26.181,1.55137,1.55166,1.00,1.12
2016.08.17 04:23:26.521,1.55137,1.55167,1.00,2.25
2016.08.17 04:23:26.572,1.55138,1.5517,1.00,1.00
2016.08.17 04:23:26.673,1.55139,1.55172,1.00,1.00
2016.08.17 04:23:26.775,1.55138,1.55177,1.00,1.00
2016.08.17 04:23:27.177,1.55142,1.55176,1.00,1.00
2016.08.17 04:23:27.228,1.55142,1.55181,1.00,1.00
2016.08.17 04:23:27.279,1.55136,1.55179,1.12,1.00
2016.08.17 04:23:27.330,1.55135,1.55167,1.00,1.00
2016.08.17 04:23:27.381,1.55135,1.55167,1.00,1.00
2016.08.17 04:23:27.432,1.55134,1.55166,1.00,1.00
2016.08.17 04:23:27.685,1.55129,1.55166,1.00,1.00
2016.08.17 04:23:27.735,1.55129,1.55166,1.00,1.12
2016.08.17 04:23:27.887,1.55126,1.55166,1.00,1.12
2016.08.17 04:23:28.228,1.55124,1.55166,1.00,1.12
2016.08.17 04:23:28.279,1.55124,1.55165,1.50,1.00
2016.08.17 04:23:28.380,1.55124,1.55166,1.00,1.12
2016.08.17 04:23:28.481,1.55124,1.55165,1.50,1.00
2016.08.17 04:23:28.876,1.5513,1.55159,1.00,1.00
2016.08.17 04:23:29.415,1.5513,1.55159,1.60,1.00
2016.08.17 04:23:29.465,1.5513,1.55159,1.60,1.00
2016.08.17 04:23:29.516,1.55134,1.55165,1.60,1.00
2016.08.17 04:23:29.567,1.55135,1.55166,1.60,1.50
2016.08.17 04:23:29.618,1.55141,1.55167,1.00,1.00
2016.08.17 04:23:30.006,1.55144,1.55167,1.00,1.00
2016.08.17 04:23:30.396,1.55144,1.55173,1.00,1.00
2016.08.17 04:23:32.098,1.55144,1.55166,1.00,1.00
2016.08.17 04:23:32.642,1.55143,1.55166,1.00,1.00
2016.08.17 04:23:33.162,1.55148,1.55176,1.00,1.00
2016.08.17 04:23:33.385,1.55147,1.55176,1.00,1.50
2016.08.17 04:23:33.905,1.55146,1.55176,1.00,1.50
2016.08.17 04:23:35.454,1.55142,1.55172,1.60,1.00
2016.08.17 04:23:35.803,1.55143,1.55173,1.35,1.00
2016.08.17 04:23:35.905,1.55144,1.55176,1.00,1.50
2016.08.17 04:23:36.006,1.55148,1.55176,1.00,1.50
2016.08.17 04:23:36.107,1.5515,1.55176,1.00,1.00
2016.08.17 04:23:36.209,1.55153,1.55184,1.00,1.00
2016.08.17 04:23:36.310,1.55153,1.55184,1.00,1.00
2016.08.17 04:23:36.411,1.55153,1.55177,1.00,1.00
2016.08.17 04:23:37.209,1.55152,1.55177,1.00,1.00
2016.08.17 04:23:37.610,1.55151,1.55177,1.00,1.00
2016.08.17 04:23:37.711,1.55151,1.55177,1.00,1.00
2016.08.17 04:23:38.216,1.55152,1.55177,1.00,1.00
2016.08.17 04:23:38.780,1.55151,1.55177,1.00,1.00
2016.08.17 04:23:53.612,1.55147,1.55175,1.00,1.00
2016.08.17 04:23:53.713,1.55147,1.55175,1.00,1.00
2016.08.17 04:23:53.764,1.55147,1.55175,1.00,1.00
2016.08.17 04:23:53.815,1.55145,1.55176,1.00,1.50
2016.08.17 04:23:53.865,1.55145,1.55176,1.00,1.00
2016.08.17 04:23:54.205,1.55145,1.55174,1.00,1.00
2016.08.17 04:23:56.332,1.55143,1.55172,1.00,1.00
2016.08.17 04:23:59.060,1.55157,1.55177,1.00,1.12
2016.08.17 04:23:59.110,1.55157,1.55177,1.00,1.00
2016.08.17 04:23:59.672,1.55166,1.55186,1.00,1.12
2016.08.17 04:23:59.723,1.55166,1.55186,1.00,1.00
2016.08.17 04:23:59.825,1.55167,1.552,1.00,1.00
2016.08.17 04:24:00.059,1.55155,1.55203,1.72,1.12
2016.08.17 04:24:00.125,1.55155,1.55197,1.72,1.00
2016.08.17 04:24:01.224,1.55163,1.55193,1.00,1.00
2016.08.17 04:24:06.836,1.55154,1.55183,1.50,1.00
2016.08.17 04:24:07.124,1.55147,1.55187,1.37,1.00
2016.08.17 04:24:07.175,1.55147,1.55191,1.12,1.00
2016.08.17 04:24:07.226,1.55147,1.55191,1.72,1.00
2016.08.17 04:24:07.277,1.55156,1.55186,1.00,1.00
2016.08.17 04:24:07.378,1.55158,1.55196,1.00,1.00
2016.08.17 04:24:07.479,1.55155,1.55187,1.00,1.00
2016.08.17 04:24:07.682,1.55155,1.55197,1.00,1.12
2016.08.17 04:24:08.281,1.55155,1.55187,1.00,1.00
2016.08.17 04:24:08.586,1.55161,1.55187,1.00,1.00
2016.08.17 04:24:11.712,1.55147,1.55176,1.00,1.00
2016.08.17 04:24:12.339,1.55148,1.55177,1.00,1.00
2016.08.17 04:24:13.772,1.55147,1.55177,1.00,1.00
2016.08.17 04:24:13.874,1.55148,1.55177,1.00,1.50
2016.08.17 04:24:16.278,1.55146,1.55177,1.00,1.50
2016.08.17 04:24:16.329,1.55154,1.55183,1.00,1.00
2016.08.17 04:24:16.481,1.55157,1.55186,1.00,1.00
2016.08.17 04:24:16.785,1.55156,1.55186,1.00,1.50
2016.08.17 04:24:17.846,1.55156,1.55186,1.00,1.00
2016.08.17 04:24:20.469,1.55157,1.55187,1.00,1.50
2016.08.17 04:24:20.868,1.55157,1.55185,1.00,1.00
2016.08.17 04:24:21.070,1.55159,1.55187,1.00,1.00
2016.08.17 04:24:25.884,1.55162,1.55187,1.00,1.00
2016.08.17 04:24:26.570,1.55159,1.55187,1.00,1.00
2016.08.17 04:24:27.269,1.55159,1.55187,1.50,1.00
2016.08.17 04:24:29.121,1.55159,1.55187,1.00,1.00
2016.08.17 04:24:31.237,1.55159,1.55187,1.50,1.00
2016.08.17 04:24:31.625,1.55159,1.55187,1.00,1.00
2016.08.17 04:24:34.543,1.55159,1.55187,1.50,1.00
2016.08.17 04:24:35.349,1.55159,1.55186,1.50,1.00
2016.08.17 04:24:35.568,1.55159,1.55186,1.00,1.00
2016.08.17 04:24:35.936,1.55159,1.55186,1.50,1.00
2016.08.17 04:24:36.338,1.55159,1.55186,1.00,1.00
2016.08.17 04:24:37.038,1.55159,1.55186,1.50,1.00
2016.08.17 04:24:37.339,1.55159,1.55186,1.00,1.00
2016.08.17 04:24:38.341,1.55159,1.55186,1.50,1.00
2016.08.17 04:24:38.969,1.55159,1.55186,1.00,1.00
2016.08.17 04:24:40.045,1.55159,1.55186,1.50,1.00
2016.08.17 04:24:45.131,1.55161,1.55186,1.00,1.00
2016.08.17 04:24:56.889,1.55159,1.55186,1.50,1.00
2016.08.17 04:24:58.307,1.55159,1.55186,1.00,1.00
2016.08.17 04:25:00.714,1.55159,1.55186,1.50,1.00
2016.08.17 04:25:01.919,1.5516,1.55186,1.00,1.00
2016.08.17 04:25:04.558,1.55163,1.55186,1.00,1.00
2016.08.17 04:25:07.530,1.55163,1.55186,1.50,1.00
2016.08.17 04:25:07.632,1.55163,1.55186,1.00,1.00
2016.08.17 04:25:07.733,1.55163,1.55186,1.50,1.00
2016.08.17 04:25:08.332,1.55163,1.55186,1.00,1.00
2016.08.17 04:25:08.974,1.55163,1.55186,1.50,1.00
2016.08.17 04:25:09.025,1.55164,1.55186,1.00,1.00
2016.08.17 04:25:11.638,1.55163,1.55186,1.50,1.00
2016.08.17 04:25:13.068,1.55163,1.55186,1.00,1.00
2016.08.17 04:25:18.206,1.55163,1.55187,1.00,1.00
2016.08.17 04:25:18.556,1.5516,1.55187,1.00,1.00
2016.08.17 04:25:19.168,1.55159,1.55187,1.50,1.00
2016.08.17 04:25:20.890,1.55161,1.55187,1.00,1.00
2016.08.17 04:25:27.291,1.55159,1.55187,1.50,1.00
2016.08.17 04:25:28.996,1.5516,1.55187,1.00,1.00
2016.08.17 04:25:31.904,1.55159,1.55187,1.50,1.00
2016.08.17 04:25:35.061,1.55159,1.55176,1.50,1.00
2016.08.17 04:25:35.662,1.55159,1.55176,1.00,1.00
2016.08.17 04:25:35.814,1.55159,1.55176,1.50,1.00
2016.08.17 04:25:36.017,1.55159,1.55176,1.00,1.00
2016.08.17 04:25:37.457,1.55159,1.55176,1.50,1.00
2016.08.17 04:25:37.526,1.55159,1.55176,1.00,1.00
2016.08.17 04:25:38.740,1.5516,1.55176,1.00,1.00
2016.08.17 04:25:41.024,1.55159,1.55176,1.50,1.00
2016.08.17 04:25:41.773,1.55162,1.55176,1.00,1.00
2016.08.17 04:25:53.804,1.55159,1.55176,1.00,1.00
2016.08.17 04:25:56.469,1.55159,1.55177,1.00,1.00
2016.08.17 04:25:57.176,1.55158,1.55177,1.00,1.00
2016.08.17 04:26:03.685,1.55158,1.55176,1.00,1.00
2016.08.17 04:26:11.827,1.5516,1.55176,1.00,1.00
2016.08.17 04:26:26.186,1.55162,1.55176,1.00,1.00
2016.08.17 04:26:29.195,1.55164,1.55176,1.00,1.00
2016.08.17 04:26:29.548,1.55167,1.55187,1.00,1.00
2016.08.17 04:26:30.075,1.55168,1.55186,1.00,1.00
2016.08.17 04:26:33.360,1.55168,1.55187,1.00,1.00
2016.08.17 04:27:02.549,1.55157,1.55187,1.37,1.00
2016.08.17 04:27:02.600,1.55157,1.55188,1.00,1.00
2016.08.17 04:27:02.650,1.55157,1.55177,1.00,1.00
2016.08.17 04:27:03.176,1.55157,1.55187,1.00,1.00
2016.08.17 04:27:03.227,1.55157,1.55187,1.50,1.00
2016.08.17 04:27:03.329,1.55161,1.55187,1.00,1.00
2016.08.17 04:27:03.430,1.55165,1.55187,1.00,1.00
2016.08.17 04:27:05.343,1.55167,1.55187,1.00,1.00
2016.08.17 04:27:05.859,1.55168,1.55186,1.00,1.00
2016.08.17 04:27:06.634,1.55165,1.55191,1.00,1.00
2016.08.17 04:27:06.685,1.55163,1.55191,1.00,1.00
2016.08.17 04:27:06.736,1.55163,1.55186,1.00,1.00
2016.08.17 04:27:10.445,1.55167,1.55186,1.00,1.00
2016.08.17 04:27:10.547,1.55165,1.55187,1.00,1.00
2016.08.17 04:27:10.648,1.55167,1.55187,1.00,1.00
2016.08.17 04:27:11.257,1.55168,1.55186,1.00,1.00
2016.08.17 04:27:11.892,1.55167,1.55186,1.00,1.00
2016.08.17 04:27:12.249,1.5517,1.55186,1.00,1.00
2016.08.17 04:27:12.923,1.5517,1.55197,1.00,1.00
2016.08.17 04:27:12.974,1.55172,1.55197,1.00,1.00
2016.08.17 04:27:13.576,1.55172,1.55196,1.00,1.00
2016.08.17 04:27:14.951,1.55173,1.55196,1.00,1.00
2016.08.17 04:27:15.061,1.55171,1.55196,1.00,1.00
2016.08.17 04:27:16.520,1.55171,1.55197,1.00,1.00
2016.08.17 04:27:16.781,1.55173,1.55196,1.00,1.00
2016.08.17 04:27:17.084,1.55175,1.55196,1.00,1.00
2016.08.17 04:27:17.730,1.55175,1.55197,1.00,1.00
2016.08.17 04:27:20.920,1.55173,1.55197,1.00,1.00
2016.08.17 04:27:21.654,1.55173,1.55196,1.00,1.00
2016.08.17 04:27:24.064,1.55173,1.55197,1.00,1.00
2016.08.17 04:27:26.986,1.55175,1.55197,1.00,1.00
2016.08.17 04:27:31.470,1.55173,1.55197,1.00,1.00
2016.08.17 04:27:32.430,1.55174,1.55197,1.00,1.00
2016.08.17 04:27:33.134,1.55174,1.55196,1.00,1.00
2016.08.17 04:27:33.305,1.55172,1.55196,1.00,1.00
2016.08.17 04:27:33.356,1.55172,1.55187,1.00,1.00
2016.08.17 04:27:33.457,1.55172,1.55201,1.00,1.00
2016.08.17 04:27:33.774,1.55172,1.55197,1.00,1.00
2016.08.17 04:27:34.309,1.55172,1.55196,1.00,1.00
2016.08.17 04:27:34.613,1.55174,1.55197,1.00,1.00
2016.08.17 04:27:41.019,1.55174,1.55187,1.00,1.00
2016.08.17 04:27:41.070,1.5517,1.55196,1.00,1.00
2016.08.17 04:27:41.381,1.55171,1.55186,1.00,1.00
2016.08.17 04:27:41.684,1.55171,1.55197,1.00,1.00
2016.08.17 04:27:41.735,1.55171,1.55197,1.50,1.00
2016.08.17 04:27:42.069,1.55171,1.55196,1.00,1.00
2016.08.17 04:27:42.121,1.55169,1.55196,1.00,1.00
2016.08.17 04:27:42.172,1.55169,1.55197,1.00,1.50
2016.08.17 04:27:42.223,1.55168,1.55197,1.00,1.00
2016.08.17 04:27:42.324,1.5517,1.55197,1.00,1.00
2016.08.17 04:27:42.747,1.55171,1.55186,1.00,1.00
2016.08.17 04:27:46.992,1.55171,1.55187,1.00,1.00
2016.08.17 04:27:49.007,1.55171,1.55186,1.00,1.00
2016.08.17 04:27:52.555,1.55171,1.55197,1.00,1.00
2016.08.17 04:27:57.011,1.55173,1.55197,1.00,1.00
2016.08.17 04:27:57.974,1.55173,1.55196,1.00,1.00
2016.08.17 04:28:01.241,1.55173,1.55197,1.00,1.00
2016.08.17 04:28:01.966,1.55173,1.55196,1.00,1.00
2016.08.17 04:28:04.857,1.55173,1.55186,1.00,1.00
2016.08.17 04:28:05.395,1.55172,1.55186,1.00,1.00
2016.08.17 04:28:05.996,1.55171,1.55186,1.00,1.00
2016.08.17 04:28:06.498,1.55171,1.55197,1.00,1.00
2016.08.17 04:28:06.549,1.55177,1.55197,1.00,1.00
2016.08.17 04:28:07.208,1.55177,1.55196,1.00,1.00
2016.08.17 04:28:07.860,1.55177,1.55197,1.00,1.00
2016.08.17 04:28:08.394,1.55177,1.55196,1.00,1.00
2016.08.17 04:28:08.903,1.55176,1.55196,1.00,1.00
2016.08.17 04:28:09.355,1.55181,1.55196,1.00,1.00
2016.08.17 04:28:12.036,1.55182,1.55196,1.00,1.00
2016.08.17 04:28:12.377,1.55184,1.55196,1.00,1.00
2016.08.17 04:28:12.747,1.55181,1.55196,1.00,1.00
2016.08.17 04:28:13.116,1.5518,1.55206,1.00,1.00
2016.08.17 04:28:13.379,1.5518,1.55196,1.00,1.00
2016.08.17 04:28:14.020,1.55179,1.55196,1.00,1.00
2016.08.17 04:28:17.262,1.55175,1.55196,1.00,1.00
2016.08.17 04:28:17.778,1.55175,1.55197,1.00,1.00
2016.08.17 04:28:20.364,1.55177,1.55197,1.00,1.00
2016.08.17 04:28:25.406,1.5518,1.55196,1.00,1.00
2016.08.17 04:28:25.749,1.55183,1.55207,1.00,1.00
2016.08.17 04:28:25.851,1.55187,1.55206,1.00,1.00
2016.08.17 04:28:25.901,1.55193,1.55216,1.00,1.00
2016.08.17 04:28:25.952,1.55194,1.55216,1.00,1.00
2016.08.17 04:28:26.003,1.55197,1.55217,1.00,1.00
2016.08.17 04:28:26.104,1.552,1.55217,1.00,1.00
2016.08.17 04:28:26.458,1.55197,1.55217,1.50,1.00
2016.08.17 04:28:26.559,1.55197,1.55217,1.00,1.00
2016.08.17 04:28:27.062,1.55196,1.55216,1.00,1.00
2016.08.17 04:28:27.832,1.55196,1.55217,1.00,1.00
2016.08.17 04:28:28.800,1.55196,1.55216,1.00,1.00
2016.08.17 04:28:29.401,1.55196,1.55217,1.00,1.00
2016.08.17 04:28:31.006,1.55196,1.55216,1.00,1.00
2016.08.17 04:28:31.208,1.55193,1.55217,1.00,1.00
2016.08.17 04:28:31.764,1.5519,1.55218,1.00,1.00
2016.08.17 04:28:31.815,1.5519,1.55206,1.00,1.00
2016.08.17 04:28:32.327,1.55189,1.55206,1.00,1.00
2016.08.17 04:28:32.772,1.55186,1.55206,1.00,1.00
2016.08.17 04:28:33.607,1.55185,1.55206,1.00,1.00
2016.08.17 04:28:35.823,1.55179,1.55207,1.00,1.50
2016.08.17 04:28:35.924,1.55179,1.55196,1.00,1.00
2016.08.17 04:28:37.120,1.5518,1.55196,1.00,1.00
2016.08.17 04:28:38.731,1.5518,1.55207,1.00,1.00
2016.08.17 04:28:39.136,1.55181,1.55197,1.00,1.00
2016.08.17 04:28:42.079,1.55179,1.55197,1.00,1.00
2016.08.17 04:28:44.177,1.55179,1.55206,1.00,1.00
2016.08.17 04:28:44.782,1.55182,1.55207,1.00,1.00
2016.08.17 04:28:45.086,1.5518,1.55206,1.00,1.00
2016.08.17 04:28:57.233,1.5518,1.55207,1.00,1.00
2016.08.17 04:28:57.856,1.55183,1.55206,1.00,1.00
2016.08.17 04:28:58.362,1.55183,1.55207,1.00,1.00
2016.08.17 04:28:58.738,1.5518,1.55207,1.00,1.00
2016.08.17 04:28:59.257,1.5518,1.55206,1.00,1.00
2016.08.17 04:28:59.308,1.5518,1.55206,1.00,1.00
2016.08.17 04:29:07.608,1.55182,1.55206,1.00,1.00
2016.08.17 04:29:09.839,1.55182,1.55207,1.00,1.00
2016.08.17 04:29:10.274,1.5518,1.55207,1.00,1.00
2016.08.17 04:29:10.436,1.55182,1.55207,1.00,1.00
2016.08.17 04:29:10.963,1.55182,1.55206,1.00,1.00
2016.08.17 04:29:16.622,1.55184,1.55206,1.00,1.00
2016.08.17 04:29:17.128,1.55184,1.55207,1.00,1.00
2016.08.17 04:29:20.280,1.55184,1.55206,1.00,1.00
2016.08.17 04:29:20.738,1.5518,1.55206,1.00,1.00
2016.08.17 04:29:20.789,1.55179,1.55206,1.50,1.00
2016.08.17 04:29:21.102,1.55182,1.55206,1.00,1.00
2016.08.17 04:29:24.637,1.55169,1.55196,1.00,1.00
2016.08.17 04:29:24.688,1.55169,1.552,1.00,1.00
2016.08.17 04:29:24.841,1.55168,1.55196,1.00,1.00
2016.08.17 04:29:24.993,1.5517,1.55196,1.00,1.00
2016.08.17 04:29:25.512,1.55169,1.55196,1.00,1.00
2016.08.17 04:29:27.096,1.55169,1.55197,1.00,1.50
2016.08.17 04:29:27.146,1.55169,1.55197,1.00,1.00
2016.08.17 04:29:29.043,1.55167,1.55197,1.00,2.25
2016.08.17 04:29:29.195,1.55169,1.55186,1.00,1.00
2016.08.17 04:29:29.951,1.55168,1.55186,1.00,1.00
2016.08.17 04:29:30.238,1.55169,1.55196,1.00,1.00
2016.08.17 04:29:37.340,1.55167,1.55195,1.00,1.00
2016.08.17 04:29:37.492,1.55157,1.55185,1.60,1.00
2016.08.17 04:29:37.543,1.55157,1.55185,1.00,1.00
2016.08.17 04:29:37.594,1.55151,1.55179,1.50,1.00
2016.08.17 04:29:37.644,1.55151,1.55179,1.00,1.00
2016.08.17 04:29:37.695,1.55143,1.55167,1.00,1.00
2016.08.17 04:29:37.746,1.55135,1.55167,1.37,1.00
2016.08.17 04:29:37.797,1.55135,1.55171,1.00,1.00
2016.08.17 04:29:37.847,1.55131,1.55169,1.00,1.00
2016.08.17 04:29:38.437,1.55131,1.55156,1.00,1.00
2016.08.17 04:29:38.488,1.55129,1.55156,1.00,1.00
2016.08.17 04:29:38.826,1.55128,1.55157,1.00,1.00
2016.08.17 04:29:39.450,1.55133,1.55157,1.00,1.00
2016.08.17 04:29:42.254,1.55134,1.55157,1.00,1.00
2016.08.17 04:29:43.376,1.55134,1.55156,1.00,1.00
2016.08.17 04:29:43.585,1.55132,1.55156,1.00,1.00
2016.08.17 04:29:45.458,1.5513,1.55156,1.00,1.00
2016.08.17 04:29:45.973,1.5513,1.55157,1.00,1.00
2016.08.17 04:29:47.163,1.55129,1.55157,1.00,1.00
2016.08.17 04:29:49.188,1.55129,1.55156,1.00,1.00
2016.08.17 04:29:50.443,1.55129,1.55157,1.00,1.00
2016.08.17 04:29:50.494,1.55131,1.55157,1.00,1.00
2016.08.17 04:29:53.569,1.5513,1.55157,1.00,1.00
2016.08.17 04:29:53.620,1.55128,1.55156,1.00,1.00
2016.08.17 04:29:53.981,1.55125,1.55155,1.50,1.00
2016.08.17 04:29:54.082,1.55125,1.55155,1.00,1.00
2016.08.17 04:29:54.183,1.55127,1.55156,1.00,1.00
2016.08.17 04:29:54.860,1.55125,1.55155,1.00,1.00
2016.08.17 04:29:57.925,1.55126,1.55156,1.00,1.50
2016.08.17 04:30:03.021,1.55129,1.55156,1.00,1.00
2016.08.17 04:30:03.992,1.55129,1.55157,1.00,1.50
2016.08.17 04:30:05.666,1.55129,1.55156,1.00,1.00
2016.08.17 04:30:06.645,1.55128,1.55156,1.00,1.00
2016.08.17 04:30:06.746,1.55125,1.55157,1.00,1.00
2016.08.17 04:30:06.950,1.55122,1.55146,1.00,1.00
2016.08.17 04:30:07.051,1.55122,1.5515,1.00,1.00
2016.08.17 04:30:07.231,1.55122,1.55146,1.00,1.00
2016.08.17 04:30:11.226,1.55127,1.55156,1.00,1.00
2016.08.17 04:30:11.327,1.55127,1.55155,1.00,1.00
2016.08.17 04:30:11.428,1.55131,1.55159,1.00,1.00
2016.08.17 04:30:11.479,1.55131,1.55161,1.00,1.00
2016.08.17 04:30:11.878,1.55133,1.55164,1.00,1.50
2016.08.17 04:30:12.123,1.55141,1.55164,1.00,1.00
2016.08.17 04:30:12.275,1.5515,1.55176,1.00,1.00
2016.08.17 04:30:12.326,1.55152,1.55176,1.00,1.00
2016.08.17 04:30:14.376,1.55152,1.55177,1.00,1.00
2016.08.17 04:30:14.962,1.55153,1.55177,1.00,1.00
2016.08.17 04:30:16.253,1.55153,1.55176,1.00,1.00
2016.08.17 04:30:17.040,1.55153,1.55182,1.00,1.00
2016.08.17 04:30:17.386,1.55155,1.55184,1.00,1.00
2016.08.17 04:30:17.878,1.55156,1.55185,1.00,1.00
2016.08.17 04:30:17.928,1.55154,1.55183,1.00,1.00
2016.08.17 04:30:30.592,1.55153,1.55183,1.00,1.00
2016.08.17 04:30:30.794,1.55152,1.55177,1.00,1.00
2016.08.17 04:30:30.895,1.55152,1.55177,1.50,1.00
2016.08.17 04:30:31.864,1.55152,1.55183,1.50,1.00
2016.08.17 04:30:32.761,1.55152,1.55183,1.00,1.00
2016.08.17 04:30:34.297,1.55152,1.55183,1.50,1.00
2016.08.17 04:30:34.420,1.55152,1.55183,1.00,1.00
2016.08.17 04:30:37.180,1.55152,1.55183,1.50,1.00
2016.08.17 04:30:37.281,1.55152,1.55183,1.00,1.00
2016.08.17 04:30:37.843,1.55153,1.55184,1.00,1.00
2016.08.17 04:30:41.866,1.55154,1.55182,1.00,1.00
2016.08.17 04:30:42.227,1.55149,1.55179,1.00,1.00
2016.08.17 04:30:42.379,1.55149,1.55176,1.00,1.00
2016.08.17 04:30:42.581,1.55149,1.55179,1.00,1.00
2016.08.17 04:30:43.737,1.55149,1.55179,1.50,1.00
2016.08.17 04:30:43.993,1.55149,1.55179,1.00,1.00
2016.08.17 04:30:44.688,1.55151,1.55179,1.00,1.00
2016.08.17 04:30:49.905,1.55151,1.55179,1.50,1.00
2016.08.17 04:30:50.245,1.55151,1.55179,1.00,1.00
2016.08.17 04:30:51.159,1.55152,1.5518,1.00,1.00
2016.08.17 04:30:54.123,1.55149,1.55177,1.00,1.50
2016.08.17 04:30:54.636,1.55147,1.55176,1.50,1.00
2016.08.17 04:30:54.889,1.55147,1.55176,1.00,1.00
2016.08.17 04:30:54.940,1.55145,1.55176,1.00,1.00
2016.08.17 04:30:55.813,1.55145,1.55176,1.50,1.00
2016.08.17 04:30:57.568,1.55147,1.55175,1.00,1.00
2016.08.17 04:30:57.619,1.55147,1.55175,1.50,1.00
2016.08.17 04:30:57.778,1.55147,1.55175,1.50,1.00
2016.08.17 04:30:59.579,1.55147,1.55175,1.50,1.00
2016.08.17 04:30:59.680,1.55147,1.55175,1.00,1.00
2016.08.17 04:30:59.832,1.55147,1.55175,1.50,1.00
2016.08.17 04:30:59.933,1.55148,1.55176,1.00,1.00
2016.08.17 04:31:00.514,1.55147,1.55175,1.00,1.00
2016.08.17 04:31:00.716,1.55146,1.55174,1.00,1.00
2016.08.17 04:31:07.543,1.55148,1.55176,1.00,1.00
2016.08.17 04:31:10.221,1.55147,1.55176,1.00,1.00
2016.08.17 04:31:11.645,1.55149,1.55176,1.00,1.00
2016.08.17 04:31:12.225,1.55148,1.55176,1.00,1.50
2016.08.17 04:31:12.425,1.55145,1.55176,1.00,1.50
2016.08.17 04:31:14.266,1.55145,1.55174,1.00,1.00
2016.08.17 04:31:15.123,1.55146,1.55175,1.00,1.00
2016.08.17 04:31:15.435,1.55147,1.55176,1.00,1.50
2016.08.17 04:31:15.537,1.55146,1.55175,1.00,1.00
2016.08.17 04:31:15.688,1.55145,1.55175,1.50,1.00
2016.08.17 04:31:15.739,1.55146,1.55176,1.00,1.00
2016.08.17 04:31:15.818,1.55146,1.55177,1.00,1.50
2016.08.17 04:31:16.154,1.55146,1.55174,1.00,1.00
2016.08.17 04:31:17.281,1.55139,1.55168,1.50,1.00
2016.08.17 04:31:17.332,1.55139,1.55167,1.00,1.00
2016.08.17 04:31:17.383,1.55137,1.55163,1.00,1.00
2016.08.17 04:31:17.682,1.55134,1.55163,1.00,1.00
2016.08.17 04:31:17.733,1.5513,1.55157,1.00,1.00
2016.08.17 04:31:17.784,1.55126,1.55157,1.87,1.50
2016.08.17 04:31:17.835,1.55126,1.55157,1.87,1.00
2016.08.17 04:31:17.885,1.55126,1.55157,1.12,1.00
2016.08.17 04:31:17.964,1.55128,1.55156,1.00,1.00
2016.08.17 04:31:18.166,1.55126,1.55156,1.12,1.00
2016.08.17 04:31:18.217,1.55126,1.55156,1.87,1.00
2016.08.17 04:31:18.318,1.55126,1.55156,1.12,1.00
2016.08.17 04:31:18.369,1.55128,1.55156,1.00,1.00
2016.08.17 04:31:18.571,1.55126,1.55156,1.12,1.00
2016.08.17 04:31:19.102,1.55124,1.55153,1.00,1.00
2016.08.17 04:31:20.799,1.55127,1.55156,1.00,1.50
2016.08.17 04:31:24.582,1.55126,1.55155,1.50,1.00
2016.08.17 04:31:24.646,1.55126,1.55155,1.00,1.00
2016.08.17 04:31:25.247,1.55126,1.55156,1.50,1.50
2016.08.17 04:31:25.298,1.55126,1.55156,1.00,1.50
2016.08.17 04:31:25.776,1.55126,1.55154,1.00,1.00
2016.08.17 04:31:25.833,1.55126,1.55154,1.50,1.00
2016.08.17 04:31:25.935,1.55127,1.55154,1.00,1.00
2016.08.17 04:31:26.988,1.55126,1.55154,1.50,1.00
2016.08.17 04:31:27.105,1.55127,1.55154,1.00,1.00
2016.08.17 04:31:27.464,1.55127,1.55156,1.00,1.00
2016.08.17 04:31:28.311,1.55128,1.55156,1.00,1.00
2016.08.17 04:31:28.361,1.55131,1.55156,1.00,1.00
2016.08.17 04:31:28.412,1.55131,1.55157,1.50,1.00
2016.08.17 04:31:28.513,1.55132,1.55157,1.00,1.00
2016.08.17 04:31:29.398,1.55131,1.55157,1.50,1.00
2016.08.17 04:31:32.013,1.55131,1.55157,1.00,1.00
2016.08.17 04:31:32.117,1.55131,1.55157,1.50,1.00
2016.08.17 04:31:32.642,1.55132,1.55157,1.00,1.00
2016.08.17 04:31:34.964,1.55132,1.55156,1.00,1.00
2016.08.17 04:31:36.817,1.55132,1.55157,1.00,1.00
2016.08.17 04:31:38.029,1.55131,1.55157,1.50,1.00
2016.08.17 04:31:38.130,1.55131,1.55157,1.00,1.00
2016.08.17 04:31:38.231,1.55131,1.55157,1.50,1.00
2016.08.17 04:31:42.470,1.55131,1.55157,1.00,1.00
2016.08.17 04:31:45.348,1.5513,1.55156,1.00,1.00
2016.08.17 04:31:45.398,1.55126,1.55154,1.00,1.00
2016.08.17 04:31:45.550,1.55126,1.55154,1.50,1.00
2016.08.17 04:31:45.781,1.55126,1.55156,1.50,1.00
2016.08.17 04:31:46.453,1.55127,1.55156,1.00,1.00
2016.08.17 04:31:46.651,1.55126,1.55156,1.50,1.00
2016.08.17 04:31:47.552,1.55127,1.55156,1.00,1.00
2016.08.17 04:31:48.830,1.55127,1.55156,1.00,1.50
2016.08.17 04:31:48.881,1.55128,1.55154,1.00,1.00
2016.08.17 04:31:49.084,1.55125,1.55153,1.00,1.00
2016.08.17 04:31:49.185,1.55125,1.55153,1.50,1.00
2016.08.17 04:31:49.498,1.55125,1.55153,1.00,1.00
2016.08.17 04:31:49.797,1.55128,1.55156,1.00,1.00
2016.08.17 04:31:50.050,1.55127,1.55155,1.00,1.00
2016.08.17 04:31:50.307,1.55129,1.55157,1.00,1.00
2016.08.17 04:31:51.385,1.55127,1.55155,1.00,1.00
2016.08.17 04:31:51.486,1.55127,1.55155,1.50,1.00
2016.08.17 04:31:51.896,1.55127,1.55155,1.00,1.00
2016.08.17 04:31:51.998,1.55125,1.55153,1.00,1.00
2016.08.17 04:31:52.100,1.55124,1.55153,1.50,1.00
2016.08.17 04:31:52.201,1.55127,1.55155,1.00,1.00
2016.08.17 04:31:52.642,1.55134,1.55162,1.60,1.00
2016.08.17 04:31:52.693,1.55138,1.55166,1.00,1.00
2016.08.17 04:31:52.845,1.55134,1.55156,1.00,1.00
2016.08.17 04:31:52.896,1.55129,1.55156,1.35,1.00
2016.08.17 04:31:52.998,1.55132,1.55156,1.00,1.00
2016.08.17 04:31:56.027,1.55142,1.55166,1.60,1.00
2016.08.17 04:31:56.133,1.55145,1.55166,1.35,1.00
2016.08.17 04:31:56.235,1.55143,1.55166,1.60,1.00
2016.08.17 04:31:56.539,1.55149,1.55167,1.00,1.00
2016.08.17 04:31:57.274,1.55141,1.55167,1.00,1.00
2016.08.17 04:31:57.325,1.55137,1.55169,1.35,1.00
2016.08.17 04:31:57.405,1.55139,1.55166,1.00,1.00
2016.08.17 04:31:57.507,1.55139,1.55166,1.00,1.50
2016.08.17 04:31:57.609,1.55141,1.55166,1.00,1.50
2016.08.17 04:31:57.741,1.55141,1.55166,1.00,1.00
2016.08.17 04:31:58.780,1.5514,1.55166,1.00,1.00
2016.08.17 04:31:59.332,1.5514,1.55167,1.00,1.00
2016.08.17 04:31:59.877,1.55139,1.55167,1.00,1.00
2016.08.17 04:31:59.955,1.55139,1.55167,1.50,1.00
2016.08.17 04:32:00.227,1.5514,1.55167,1.00,1.00
2016.08.17 04:32:02.427,1.55141,1.55167,1.50,1.00
2016.08.17 04:32:02.997,1.55141,1.55167,1.00,1.00
2016.08.17 04:32:03.301,1.55145,1.55167,1.00,1.00
2016.08.17 04:32:03.352,1.55145,1.55175,1.00,1.00
2016.08.17 04:32:03.807,1.55145,1.55175,1.50,1.00
2016.08.17 04:32:03.908,1.55149,1.55176,1.00,1.00
2016.08.17 04:32:04.009,1.55146,1.55176,1.00,1.50
2016.08.17 04:32:04.314,1.55146,1.55176,1.50,1.50
2016.08.17 04:32:04.996,1.55146,1.55176,1.00,1.50
2016.08.17 04:32:05.047,1.55144,1.55174,1.50,1.00
2016.08.17 04:32:06.099,1.55145,1.55174,1.00,1.00
2016.08.17 04:32:06.725,1.55144,1.55166,1.50,1.00
2016.08.17 04:32:08.539,1.55144,1.55174,1.50,1.00
2016.08.17 04:32:08.742,1.55144,1.55174,1.00,1.00
2016.08.17 04:32:09.096,1.55146,1.55174,1.00,1.00
2016.08.17 04:32:09.207,1.55147,1.55175,1.00,1.00
2016.08.17 04:32:09.603,1.55147,1.55175,1.50,1.00
2016.08.17 04:32:11.517,1.55147,1.55175,1.00,1.00
2016.08.17 04:32:13.619,1.55147,1.55175,1.50,1.00
2016.08.17 04:32:13.721,1.55147,1.55175,1.00,1.00
2016.08.17 04:32:19.876,1.55147,1.55175,1.50,1.00
2016.08.17 04:32:20.483,1.55147,1.55176,1.00,1.00
2016.08.17 04:32:20.627,1.55147,1.55174,1.00,1.00
2016.08.17 04:32:20.734,1.55145,1.55174,1.00,1.00
2016.08.17 04:32:21.038,1.55145,1.55174,1.50,1.00
2016.08.17 04:32:21.315,1.55147,1.55166,1.00,1.00
2016.08.17 04:32:21.468,1.55145,1.55166,1.00,1.00
2016.08.17 04:32:21.721,1.55148,1.55166,1.00,1.00
2016.08.17 04:32:21.838,1.55146,1.55166,1.00,1.00
2016.08.17 04:32:22.401,1.55145,1.55173,1.00,1.00
2016.08.17 04:32:22.452,1.55145,1.55175,1.50,1.00
2016.08.17 04:32:22.502,1.55145,1.55166,1.50,1.00
2016.08.17 04:32:22.553,1.55146,1.55166,1.00,1.00
2016.08.17 04:32:23.043,1.55148,1.55166,1.00,1.00
2016.08.17 04:32:23.094,1.55148,1.55175,1.00,1.00
2016.08.17 04:32:23.195,1.55147,1.55166,1.00,1.00
2016.08.17 04:32:23.246,1.55148,1.55166,1.50,1.00
2016.08.17 04:32:23.348,1.55148,1.55166,1.00,1.00
2016.08.17 04:32:23.849,1.55148,1.55167,1.00,1.00
2016.08.17 04:32:23.900,1.55148,1.55176,1.00,1.00
2016.08.17 04:32:24.052,1.5515,1.55176,1.50,1.00
2016.08.17 04:32:24.153,1.55151,1.55176,1.00,1.00
2016.08.17 04:32:24.204,1.55151,1.55177,1.00,1.00
2016.08.17 04:32:24.255,1.55155,1.55177,1.00,1.00
2016.08.17 04:32:24.647,1.55155,1.55177,1.50,1.00
2016.08.17 04:32:25.431,1.55156,1.55177,1.00,1.00
2016.08.17 04:32:26.133,1.55155,1.55177,1.50,1.00
2016.08.17 04:32:27.837,1.55155,1.55177,1.00,1.00
2016.08.17 04:32:28.686,1.55158,1.55177,1.00,1.00
2016.08.17 04:32:29.340,1.55157,1.55177,1.00,1.00
2016.08.17 04:32:30.077,1.55158,1.55177,1.00,1.00
2016.08.17 04:32:30.578,1.55154,1.55176,1.50,1.00
2016.08.17 04:32:30.679,1.55151,1.55176,1.00,1.00
2016.08.17 04:32:30.781,1.5515,1.55176,1.50,1.00
2016.08.17 04:32:30.983,1.55151,1.55177,1.00,1.00
2016.08.17 04:32:31.513,1.55152,1.55176,1.00,1.00
2016.08.17 04:32:32.032,1.55152,1.55177,1.00,1.00
2016.08.17 04:32:35.125,1.55152,1.55167,1.00,1.00
2016.08.17 04:32:35.176,1.5515,1.55167,1.00,1.00
2016.08.17 04:32:35.379,1.55149,1.55166,1.50,1.00
2016.08.17 04:32:35.846,1.55149,1.55166,1.00,1.00
2016.08.17 04:32:36.124,1.55149,1.55177,1.00,1.00
2016.08.17 04:32:36.886,1.55149,1.55166,1.00,1.00
2016.08.17 04:32:39.790,1.55149,1.55176,1.00,1.00
2016.08.17 04:32:42.560,1.55148,1.55176,1.00,1.00
2016.08.17 04:32:43.775,1.55148,1.55176,1.50,1.00
2016.08.17 04:32:43.825,1.55148,1.55166,1.50,1.00
2016.08.17 04:32:43.876,1.5515,1.55166,1.00,1.00
2016.08.17 04:32:44.402,1.55149,1.55166,1.00,1.00
2016.08.17 04:32:45.017,1.5515,1.55166,1.00,1.00
2016.08.17 04:32:46.026,1.55149,1.55166,1.00,1.00
2016.08.17 04:32:46.496,1.55148,1.55166,1.50,1.00
2016.08.17 04:32:46.783,1.55148,1.55166,1.00,1.00
2016.08.17 04:32:47.415,1.55148,1.55166,1.50,1.00
2016.08.17 04:32:51.044,1.55148,1.55167,1.00,1.00
2016.08.17 04:32:51.246,1.55147,1.55167,1.50,1.00
2016.08.17 04:32:51.347,1.55148,1.55167,1.00,1.00
2016.08.17 04:32:51.448,1.55147,1.55167,1.50,1.00
2016.08.17 04:32:51.499,1.55148,1.55167,1.00,1.00
2016.08.17 04:32:51.550,1.55148,1.55167,1.50,1.00
2016.08.17 04:32:51.752,1.55148,1.55167,1.00,1.00
2016.08.17 04:32:52.203,1.55148,1.55176,1.00,1.00
2016.08.17 04:32:52.254,1.55148,1.55176,1.50,1.00
2016.08.17 04:32:52.355,1.55149,1.55177,1.00,1.00
2016.08.17 04:32:52.911,1.55148,1.55177,1.50,1.00
2016.08.17 04:32:53.688,1.55148,1.55176,1.00,1.00
2016.08.17 04:32:53.739,1.55147,1.55175,1.00,1.00
2016.08.17 04:32:54.316,1.55146,1.55175,1.50,1.00
2016.08.17 04:32:55.420,1.55146,1.55174,1.00,1.00
2016.08.17 04:32:55.521,1.55145,1.55174,1.50,1.00
2016.08.17 04:32:55.623,1.55147,1.55176,1.00,1.00
2016.08.17 04:32:56.442,1.55146,1.55176,1.00,1.00
2016.08.17 04:32:56.493,1.55146,1.55174,1.00,1.00
2016.08.17 04:32:56.544,1.55145,1.55174,1.50,1.00
2016.08.17 04:32:56.645,1.55145,1.55174,1.00,1.00
2016.08.17 04:32:57.206,1.55144,1.55172,1.00,1.00
2016.08.17 04:32:57.358,1.55144,1.55172,1.50,1.00
2016.08.17 04:32:57.459,1.55144,1.55172,1.00,1.00
2016.08.17 04:32:57.892,1.55146,1.55174,1.00,1.00
2016.08.17 04:33:01.686,1.55144,1.55173,1.00,1.00
2016.08.17 04:33:04.616,1.55145,1.55175,1.00,1.00
2016.08.17 04:33:04.717,1.55144,1.55167,1.00,1.00
2016.08.17 04:33:04.819,1.55143,1.55173,1.00,1.00
2016.08.17 04:33:04.920,1.55146,1.55174,1.00,1.00
2016.08.17 04:33:05.541,1.55144,1.55173,1.50,1.00
2016.08.17 04:33:05.693,1.55144,1.55173,1.00,1.00
2016.08.17 04:33:06.182,1.55144,1.55173,1.50,1.00
2016.08.17 04:33:06.499,1.55144,1.55173,1.00,1.00
2016.08.17 04:33:06.911,1.55142,1.55172,1.50,1.00
2016.08.17 04:33:07.164,1.55142,1.55172,1.00,1.00
2016.08.17 04:33:07.511,1.55141,1.55166,1.00,1.00
2016.08.17 04:33:07.764,1.5514,1.55166,1.50,1.00
2016.08.17 04:33:07.866,1.55141,1.55166,1.00,1.00
2016.08.17 04:33:08.263,1.5514,1.55166,1.50,1.00
2016.08.17 04:33:08.402,1.55142,1.55166,1.00,1.00
2016.08.17 04:33:08.757,1.55143,1.55166,1.50,1.00
2016.08.17 04:33:08.808,1.55143,1.55174,1.00,1.00
2016.08.17 04:33:08.865,1.55143,1.55174,1.50,1.00
2016.08.17 04:33:10.205,1.55143,1.55174,1.00,1.00
2016.08.17 04:33:11.598,1.55143,1.55174,1.50,1.00
2016.08.17 04:33:12.172,1.55143,1.55174,1.00,1.00
2016.08.17 04:33:12.273,1.55143,1.55174,1.50,1.00
2016.08.17 04:33:12.615,1.55144,1.55174,1.00,1.00
2016.08.17 04:33:12.672,1.55143,1.55174,1.50,1.00
2016.08.17 04:33:13.047,1.55143,1.55166,1.00,1.00
2016.08.17 04:33:17.264,1.55142,1.55166,1.00,1.00
2016.08.17 04:33:18.186,1.55144,1.55166,1.00,1.00
2016.08.17 04:33:22.846,1.55144,1.55172,1.00,1.00
2016.08.17 04:33:27.637,1.55145,1.55173,1.00,1.00
2016.08.17 04:33:30.391,1.55144,1.55172,1.50,1.00
2016.08.17 04:33:30.441,1.55144,1.55172,1.00,1.00
2016.08.17 04:33:30.492,1.55143,1.55171,1.50,1.00
2016.08.17 04:33:30.543,1.55143,1.55171,1.00,1.00
2016.08.17 04:33:30.645,1.55143,1.55171,1.50,1.00
2016.08.17 04:33:30.747,1.55143,1.55171,1.00,1.00
2016.08.17 04:33:30.848,1.55143,1.55171,1.50,1.00
2016.08.17 04:33:31.191,1.55143,1.55171,1.00,1.00
2016.08.17 04:33:31.412,1.55143,1.55171,1.50,1.00
2016.08.17 04:33:33.718,1.55143,1.55171,1.00,1.00
2016.08.17 04:33:36.165,1.55145,1.55174,1.00,1.00
2016.08.17 04:33:36.452,1.55144,1.55174,1.50,1.00
2016.08.17 04:33:36.943,1.55144,1.55174,1.00,1.00
2016.08.17 04:33:37.246,1.55144,1.55174,1.50,1.00
2016.08.17 04:33:38.053,1.55144,1.55174,1.00,1.00
2016.08.17 04:33:38.154,1.55144,1.55174,1.50,1.00
2016.08.17 04:33:38.256,1.55144,1.55174,1.00,1.00
2016.08.17 04:33:38.357,1.55146,1.55174,1.00,1.00
2016.08.17 04:33:38.408,1.55147,1.55176,1.00,1.00
2016.08.17 04:33:42.664,1.55146,1.55176,1.50,1.00
2016.08.17 04:33:44.136,1.55146,1.55176,1.00,1.00
2016.08.17 04:33:45.254,1.55146,1.55176,1.50,1.00
2016.08.17 04:33:46.140,1.55147,1.55176,1.00,1.00
2016.08.17 04:33:46.641,1.55146,1.55176,1.50,1.00
2016.08.17 04:33:48.283,1.55147,1.55176,1.00,1.00
2016.08.17 04:33:49.019,1.55151,1.55176,1.00,1.00
2016.08.17 04:33:49.375,1.55154,1.55176,1.00,1.00
2016.08.17 04:33:49.913,1.55153,1.55176,1.50,1.00
2016.08.17 04:33:50.023,1.55153,1.55176,1.00,1.00
2016.08.17 04:33:51.013,1.55154,1.55176,1.00,1.00
2016.08.17 04:33:52.509,1.55153,1.55176,1.00,1.00
2016.08.17 04:33:54.356,1.55154,1.55176,1.00,1.00
2016.08.17 04:34:00.367,1.55153,1.55176,1.00,1.00
2016.08.17 04:34:03.390,1.55152,1.55176,1.50,1.00
2016.08.17 04:34:03.726,1.55152,1.55176,1.00,1.00
2016.08.17 04:34:03.929,1.55146,1.55176,1.00,1.50
2016.08.17 04:34:04.485,1.55147,1.55176,1.00,1.50
2016.08.17 04:34:04.536,1.55149,1.55176,1.00,1.00
2016.08.17 04:34:04.586,1.55149,1.55177,1.00,1.50
2016.08.17 04:34:04.996,1.55146,1.55174,1.50,1.00
2016.08.17 04:34:05.176,1.55146,1.55174,1.00,1.00
2016.08.17 04:34:06.597,1.55146,1.55176,1.00,1.00
2016.08.17 04:34:06.698,1.55146,1.55176,1.50,1.00
2016.08.17 04:34:06.798,1.55148,1.55176,1.00,1.00
2016.08.17 04:34:06.899,1.55148,1.55176,1.50,1.00
2016.08.17 04:34:06.950,1.55149,1.55177,1.00,1.50
2016.08.17 04:34:07.001,1.55149,1.55176,1.50,1.00
2016.08.17 04:34:07.206,1.55149,1.55176,1.00,1.00
2016.08.17 04:34:07.311,1.55147,1.55175,1.00,1.00
2016.08.17 04:34:07.888,1.55146,1.55175,1.00,1.00
2016.08.17 04:34:08.930,1.55146,1.55176,1.00,1.00
2016.08.17 04:34:09.283,1.55146,1.55176,1.50,1.00
2016.08.17 04:34:11.206,1.55145,1.55175,1.00,1.00
2016.08.17 04:34:13.095,1.55144,1.55175,1.50,1.00
2016.08.17 04:34:14.397,1.55145,1.55175,1.00,1.00
2016.08.17 04:34:15.118,1.55146,1.55175,1.00,1.00
2016.08.17 04:34:16.644,1.55148,1.55176,1.00,1.00
2016.08.17 04:34:17.237,1.55146,1.55175,1.50,1.00
2016.08.17 04:34:17.338,1.55147,1.55175,1.00,1.00
2016.08.17 04:34:17.541,1.55146,1.55175,1.50,1.00
2016.08.17 04:34:18.006,1.55148,1.55175,1.00,1.00
2016.08.17 04:34:19.692,1.55147,1.55175,1.00,1.00
2016.08.17 04:34:21.054,1.55148,1.55175,1.00,1.00
2016.08.17 04:34:21.214,1.55146,1.55175,1.50,1.00
2016.08.17 04:34:21.415,1.55146,1.55175,1.00,1.00
2016.08.17 04:34:25.651,1.55146,1.55175,1.50,1.00
2016.08.17 04:34:25.828,1.55146,1.55175,1.00,1.00
2016.08.17 04:34:26.642,1.55146,1.55175,1.50,1.00
2016.08.17 04:34:26.771,1.55146,1.55175,1.00,1.00
2016.08.17 04:34:27.188,1.55146,1.55175,1.00,1.00
2016.08.17 04:34:27.736,1.55145,1.55174,1.50,1.00
2016.08.17 04:34:28.032,1.55145,1.55174,1.00,1.00
2016.08.17 04:34:28.423,1.55145,1.55174,1.50,1.00
2016.08.17 04:34:28.537,1.55146,1.55174,1.00,1.00
2016.08.17 04:34:30.348,1.55147,1.55174,1.00,1.00
2016.08.17 04:34:30.399,1.55147,1.55177,1.00,1.50
2016.08.17 04:34:30.737,1.55146,1.55177,1.50,1.50
2016.08.17 04:34:31.143,1.55151,1.55177,1.00,1.00
2016.08.17 04:34:31.671,1.55153,1.55177,1.00,1.00
2016.08.17 04:34:32.447,1.55152,1.55177,1.00,1.00
2016.08.17 04:34:33.023,1.55153,1.55177,1.00,1.00
2016.08.17 04:34:33.449,1.55151,1.55177,1.00,1.00
2016.08.17 04:34:34.144,1.55151,1.55177,1.50,1.00
2016.08.17 04:34:37.355,1.55153,1.55177,1.00,1.00
2016.08.17 04:34:39.586,1.5515,1.55177,1.00,1.00
2016.08.17 04:34:39.687,1.5515,1.55177,1.50,1.00
2016.08.17 04:34:40.049,1.55149,1.55176,1.00,1.00
2016.08.17 04:34:40.567,1.55148,1.55176,1.50,1.00
2016.08.17 04:34:43.682,1.55165,1.55177,1.00,1.00
2016.08.17 04:34:43.733,1.55165,1.5519,1.00,1.20
2016.08.17 04:34:43.784,1.55178,1.55194,1.00,1.00
2016.08.17 04:34:43.835,1.55178,1.55203,1.00,1.75
2016.08.17 04:34:43.886,1.55186,1.55203,1.00,1.00
2016.08.17 04:34:43.937,1.55186,1.55214,1.00,1.00
2016.08.17 04:34:44.038,1.55186,1.55207,1.00,1.00
2016.08.17 04:34:44.089,1.55182,1.55207,1.00,1.00
2016.08.17 04:34:44.291,1.5518,1.55207,1.00,1.00
2016.08.17 04:34:44.724,1.5518,1.5521,1.00,1.00
2016.08.17 04:34:44.775,1.55183,1.55211,1.00,1.00
2016.08.17 04:34:44.876,1.55184,1.55213,1.00,1.00
2016.08.17 04:34:45.167,1.55182,1.55212,1.00,1.00
2016.08.17 04:34:45.380,1.55194,1.55222,1.00,1.00
2016.08.17 04:34:45.482,1.55194,1.55224,1.00,1.00
2016.08.17 04:34:45.737,1.55194,1.55222,1.50,1.00
2016.08.17 04:34:45.789,1.55195,1.55216,1.00,1.00
2016.08.17 04:34:45.980,1.55194,1.55216,1.50,1.00
2016.08.17 04:34:46.170,1.55195,1.55216,1.00,1.00
2016.08.17 04:34:47.483,1.55194,1.55216,1.50,1.00
2016.08.17 04:34:47.883,1.55195,1.55216,1.00,1.00
2016.08.17 04:34:47.985,1.55191,1.55216,1.00,1.00
2016.08.17 04:34:48.035,1.55191,1.55221,1.00,1.00
2016.08.17 04:34:48.086,1.55185,1.55213,1.50,1.00
2016.08.17 04:34:48.187,1.55185,1.55213,1.00,1.00
2016.08.17 04:34:48.288,1.55181,1.55211,1.50,1.00
2016.08.17 04:34:48.389,1.55181,1.55211,1.00,1.00
2016.08.17 04:34:48.591,1.55181,1.55211,1.50,1.00
2016.08.17 04:34:49.186,1.55183,1.55213,1.50,1.00
2016.08.17 04:34:49.496,1.55185,1.55213,1.00,1.00
2016.08.17 04:34:54.087,1.55183,1.55212,1.00,1.00
2016.08.17 04:34:54.799,1.55181,1.55209,1.00,1.00
2016.08.17 04:34:55.915,1.5518,1.55208,1.00,1.00
2016.08.17 04:34:58.922,1.55175,1.55206,1.00,1.00
2016.08.17 04:34:59.023,1.55175,1.55206,1.00,1.50
2016.08.17 04:34:59.932,1.55177,1.55205,1.00,1.00
2016.08.17 04:35:00.034,1.55178,1.55206,1.00,1.50
2016.08.17 04:35:00.086,1.55179,1.55206,1.00,1.00
2016.08.17 04:35:01.728,1.55184,1.55207,1.50,1.00
2016.08.17 04:35:01.830,1.55187,1.55215,1.00,1.12
2016.08.17 04:35:01.881,1.55187,1.55215,1.00,1.00
2016.08.17 04:35:01.932,1.55183,1.55212,1.00,1.00
2016.08.17 04:35:02.498,1.55183,1.55211,1.00,1.00
2016.08.17 04:35:04.402,1.5518,1.55211,1.00,1.00
2016.08.17 04:35:04.453,1.5518,1.55207,1.00,1.00
2016.08.17 04:35:04.924,1.5518,1.55209,1.00,1.00
2016.08.17 04:35:06.835,1.55178,1.55208,1.00,1.00
2016.08.17 04:35:06.885,1.55178,1.55208,1.50,1.00
2016.08.17 04:35:06.936,1.55178,1.55206,1.50,1.00
2016.08.17 04:35:06.987,1.55178,1.55206,1.00,1.00
2016.08.17 04:35:07.373,1.55186,1.55214,1.00,1.00
2016.08.17 04:35:08.438,1.55184,1.55215,1.50,1.00
2016.08.17 04:35:08.984,1.55186,1.55215,1.00,1.00
2016.08.17 04:35:09.720,1.55188,1.55216,1.00,1.00
2016.08.17 04:35:09.771,1.55188,1.55216,1.50,1.00
2016.08.17 04:35:09.821,1.55191,1.55216,1.00,1.00
2016.08.17 04:35:09.872,1.55191,1.5522,1.00,1.00
2016.08.17 04:35:10.445,1.55191,1.5522,1.00,1.00
2016.08.17 04:35:10.496,1.55191,1.55216,1.50,1.00
2016.08.17 04:35:11.595,1.55191,1.55216,1.00,1.00
2016.08.17 04:35:12.797,1.55191,1.55216,1.50,1.00
2016.08.17 04:35:12.906,1.55193,1.55216,1.00,1.00
2016.08.17 04:35:13.760,1.55193,1.55223,1.00,1.00
2016.08.17 04:35:14.213,1.55193,1.55216,1.00,1.00
2016.08.17 04:35:17.274,1.55193,1.55223,1.00,1.00
2016.08.17 04:35:17.324,1.55195,1.55226,1.00,1.50
2016.08.17 04:35:17.820,1.55194,1.55224,1.00,1.00
2016.08.17 04:35:22.721,1.55193,1.55223,1.00,1.00
2016.08.17 04:35:22.924,1.55193,1.55217,1.00,1.00
2016.08.17 04:35:24.928,1.55194,1.55224,1.00,1.00
2016.08.17 04:35:25.029,1.55195,1.55225,1.00,1.00
2016.08.17 04:35:25.237,1.55196,1.55227,1.50,1.37
2016.08.17 04:35:25.545,1.55196,1.55225,1.00,1.00
2016.08.17 04:35:25.646,1.55196,1.55226,1.50,1.00
2016.08.17 04:35:25.697,1.55196,1.55226,1.00,1.00
2016.08.17 04:35:26.831,1.55196,1.55226,1.50,1.00
2016.08.17 04:35:27.336,1.55196,1.55226,1.00,1.00
2016.08.17 04:35:27.536,1.55196,1.55226,1.50,1.00
2016.08.17 04:35:27.930,1.55198,1.55226,1.00,1.00
2016.08.17 04:35:37.057,1.55201,1.55226,1.00,1.00
2016.08.17 04:35:38.118,1.55201,1.55227,1.00,1.00
2016.08.17 04:35:39.658,1.552,1.55227,1.00,1.00
2016.08.17 04:35:42.075,1.55201,1.55227,1.00,1.00
2016.08.17 04:35:42.668,1.55201,1.55226,1.00,1.00
2016.08.17 04:35:42.775,1.55199,1.55233,1.50,1.00
2016.08.17 04:35:42.826,1.55199,1.55233,1.00,1.00
2016.08.17 04:35:42.877,1.55199,1.55229,1.00,1.00
2016.08.17 04:35:42.978,1.55202,1.55232,1.00,1.00
2016.08.17 04:35:43.180,1.55202,1.55227,1.00,1.00
2016.08.17 04:35:43.630,1.55213,1.55237,1.00,1.00
2016.08.17 04:35:43.956,1.5521,1.55237,1.00,1.00
2016.08.17 04:35:44.070,1.55206,1.55226,1.00,1.00
2016.08.17 04:35:44.172,1.55204,1.55226,1.00,1.00
2016.08.17 04:35:44.279,1.55201,1.55226,1.50,1.00
2016.08.17 04:35:44.330,1.55201,1.55226,1.00,1.00
2016.08.17 04:35:44.951,1.55202,1.55226,1.00,1.00
2016.08.17 04:35:47.121,1.552,1.55226,1.00,1.00
2016.08.17 04:35:53.598,1.55197,1.55226,1.50,1.00
2016.08.17 04:35:53.648,1.55197,1.55227,1.00,1.00
2016.08.17 04:35:53.699,1.55195,1.55227,1.50,1.50
2016.08.17 04:35:53.750,1.55195,1.55227,1.00,1.50
2016.08.17 04:35:56.287,1.55199,1.55229,1.00,1.00
2016.08.17 04:35:56.412,1.55201,1.55231,1.00,1.00
2016.08.17 04:35:56.615,1.55201,1.55231,1.00,1.00
2016.08.17 04:35:56.716,1.55203,1.55233,1.00,1.00
2016.08.17 04:35:57.985,1.552,1.55232,1.00,1.00
2016.08.17 04:35:58.086,1.552,1.55227,1.00,1.00
2016.08.17 04:35:58.612,1.55202,1.55227,1.00,1.00
2016.08.17 04:35:59.284,1.55203,1.55227,1.00,1.00
2016.08.17 04:36:00.090,1.55202,1.55227,1.00,1.00
2016.08.17 04:36:01.355,1.55202,1.55226,1.00,1.00
2016.08.17 04:36:02.122,1.55202,1.55227,1.00,1.00
2016.08.17 04:36:04.420,1.55204,1.55227,1.00,1.00
2016.08.17 04:36:04.792,1.55205,1.55236,1.00,1.00
2016.08.17 04:36:04.944,1.55204,1.55234,1.00,1.00
2016.08.17 04:36:05.501,1.55201,1.55231,1.00,1.00
2016.08.17 04:36:05.613,1.55201,1.55231,1.00,1.00
2016.08.17 04:36:06.374,1.55201,1.55231,1.50,1.00
2016.08.17 04:36:06.476,1.55201,1.55231,1.00,1.00
2016.08.17 04:36:06.761,1.55201,1.55226,1.00,1.00
2016.08.17 04:36:07.226,1.55203,1.55226,1.00,1.00
2016.08.17 04:36:12.034,1.55201,1.55226,1.50,1.00
2016.08.17 04:36:12.135,1.55204,1.55226,1.00,1.00
2016.08.17 04:36:12.186,1.55204,1.55234,1.00,1.00
2016.08.17 04:36:12.236,1.55202,1.55233,1.50,1.00
2016.08.17 04:36:12.574,1.55202,1.55233,1.00,1.00
2016.08.17 04:36:12.625,1.55203,1.55235,1.00,1.00
2016.08.17 04:36:16.252,1.55203,1.55227,1.00,1.00
2016.08.17 04:36:27.362,1.55197,1.55227,1.00,1.50
2016.08.17 04:36:27.413,1.55197,1.55227,1.00,1.00
2016.08.17 04:36:27.514,1.55197,1.55226,1.00,1.00
2016.08.17 04:36:28.183,1.55195,1.55226,1.00,1.00
2016.08.17 04:36:34.453,1.55195,1.55226,1.50,1.00
2016.08.17 04:36:40.994,1.55196,1.55226,1.00,1.00
2016.08.17 04:36:41.474,1.55195,1.55226,1.50,1.00
2016.08.17 04:36:42.142,1.55196,1.55226,1.00,1.00
2016.08.17 04:36:42.193,1.55198,1.55226,1.00,1.00
2016.08.17 04:36:42.294,1.55198,1.5523,1.00,1.00
2016.08.17 04:36:42.602,1.55202,1.55232,1.00,1.00
2016.08.17 04:36:43.884,1.55202,1.55232,1.00,1.00
2016.08.17 04:36:45.457,1.55203,1.55233,1.00,1.00
2016.08.17 04:36:53.673,1.55203,1.55233,1.00,1.00
2016.08.17 04:36:54.892,1.55202,1.55233,1.00,1.00
2016.08.17 04:36:55.770,1.55201,1.55232,1.00,1.00
2016.08.17 04:36:56.281,1.55201,1.55231,1.00,1.00
2016.08.17 04:36:56.574,1.55199,1.5523,1.50,1.00
2016.08.17 04:36:57.104,1.55198,1.55228,1.00,1.00
2016.08.17 04:36:57.587,1.55198,1.55228,1.50,1.00
2016.08.17 04:36:58.073,1.552,1.5523,1.00,1.00
2016.08.17 04:37:00.475,1.55198,1.5523,1.50,1.00
2016.08.17 04:37:01.085,1.55199,1.5523,1.00,1.00
2016.08.17 04:37:01.377,1.55197,1.55229,1.50,1.00
2016.08.17 04:37:01.486,1.55198,1.55229,1.00,1.00
2016.08.17 04:37:02.076,1.55197,1.55229,1.00,1.00
2016.08.17 04:37:02.389,1.55204,1.55234,1.00,1.00
2016.08.17 04:37:02.692,1.55199,1.55229,1.00,1.00
2016.08.17 04:37:02.743,1.55199,1.55227,1.00,1.00
2016.08.17 04:37:03.380,1.55201,1.55231,1.00,1.00
2016.08.17 04:37:03.432,1.55203,1.55236,1.00,1.50
2016.08.17 04:37:03.509,1.55203,1.55234,1.00,1.00
2016.08.17 04:37:03.580,1.55202,1.55236,1.00,1.00
2016.08.17 04:37:04.821,1.55202,1.55235,1.00,1.00
2016.08.17 04:37:04.873,1.55198,1.55232,1.00,1.00
2016.08.17 04:37:05.130,1.55198,1.55226,1.00,1.00
2016.08.17 04:37:05.396,1.55196,1.55226,1.00,1.00
2016.08.17 04:37:05.784,1.55199,1.55226,1.00,1.00
2016.08.17 04:37:06.124,1.55201,1.55231,1.00,1.00
2016.08.17 04:37:09.119,1.55201,1.55226,1.00,1.00
2016.08.17 04:37:09.288,1.55198,1.55226,1.50,1.00
2016.08.17 04:37:09.597,1.55196,1.55228,1.00,1.00
2016.08.17 04:37:10.140,1.55196,1.55227,1.00,1.00
2016.08.17 04:37:11.221,1.55196,1.55226,1.00,1.00
2016.08.17 04:37:11.508,1.55196,1.55226,1.50,1.00
2016.08.17 04:37:11.609,1.55196,1.55226,1.00,1.00
2016.08.17 04:37:11.910,1.55196,1.55226,1.50,1.00
2016.08.17 04:37:17.661,1.55197,1.55226,1.00,1.00
2016.08.17 04:37:17.855,1.55196,1.55226,1.50,1.00
2016.08.17 04:37:17.956,1.55196,1.55226,1.00,1.00
2016.08.17 04:37:31.237,1.55196,1.55227,1.00,1.50
2016.08.17 04:37:41.568,1.55197,1.55227,1.00,1.50
2016.08.17 04:37:41.770,1.55198,1.55227,1.00,1.00
2016.08.17 04:37:48.385,1.55198,1.55227,1.50,1.00
2016.08.17 04:37:48.791,1.55198,1.55227,1.00,1.00
2016.08.17 04:37:48.997,1.55198,1.55227,1.50,1.00
2016.08.17 04:37:49.048,1.55198,1.55225,1.00,1.00
2016.08.17 04:37:49.099,1.55195,1.55225,1.00,1.00
2016.08.17 04:37:49.150,1.55198,1.55227,1.00,1.00
2016.08.17 04:37:49.798,1.55198,1.55226,1.00,1.00
2016.08.17 04:37:49.900,1.55204,1.55236,1.00,1.50
2016.08.17 04:37:50.001,1.55204,1.55236,1.00,1.00
2016.08.17 04:37:50.082,1.55209,1.55239,1.00,1.00
2016.08.17 04:37:50.183,1.5521,1.55242,1.00,1.00
2016.08.17 04:37:50.285,1.5521,1.55242,1.00,1.00
2016.08.17 04:37:55.969,1.5521,1.55236,1.00,1.00
2016.08.17 04:37:56.070,1.55209,1.55241,1.00,1.00
2016.08.17 04:37:57.908,1.55209,1.55241,1.50,1.00
2016.08.17 04:37:59.147,1.55209,1.5524,1.00,1.00
2016.08.17 04:37:59.300,1.55208,1.5524,1.00,1.00
2016.08.17 04:37:59.401,1.55208,1.5524,1.00,1.00
2016.08.17 04:37:59.452,1.55211,1.55241,1.00,1.00
2016.08.17 04:38:06.458,1.5521,1.5524,1.00,1.00
2016.08.17 04:38:08.403,1.55212,1.55244,1.00,1.00
2016.08.17 04:38:08.504,1.55207,1.55241,1.50,1.00
2016.08.17 04:38:08.756,1.55207,1.55241,1.00,1.00
2016.08.17 04:38:08.807,1.55208,1.5524,1.00,1.00
2016.08.17 04:38:08.863,1.55206,1.5524,1.50,1.00
2016.08.17 04:38:09.015,1.55206,1.5524,1.50,1.00
2016.08.17 04:38:09.446,1.55207,1.5524,1.00,1.00
2016.08.17 04:38:10.850,1.55208,1.5524,1.00,1.00
2016.08.17 04:38:10.951,1.5521,1.55243,1.00,1.00
2016.08.17 04:38:11.102,1.5521,1.55243,1.00,1.00
2016.08.17 04:38:11.907,1.55212,1.55243,1.00,1.00
2016.08.17 04:38:12.110,1.55212,1.55243,1.00,1.00
2016.08.17 04:38:12.616,1.55212,1.55242,1.00,1.00
2016.08.17 04:38:13.511,1.55212,1.55242,1.50,1.00
2016.08.17 04:38:13.564,1.55212,1.55242,1.00,1.00
2016.08.17 04:38:13.615,1.55214,1.55244,1.00,1.00
2016.08.17 04:38:13.817,1.55214,1.55244,1.00,1.00
2016.08.17 04:38:14.290,1.55216,1.55246,1.00,1.00
2016.08.17 04:38:14.341,1.55215,1.55245,1.00,1.00
2016.08.17 04:38:14.488,1.55215,1.55245,1.00,1.00
2016.08.17 04:38:16.982,1.55212,1.55244,1.00,1.00
2016.08.17 04:38:20.491,1.55214,1.55244,1.00,1.00
2016.08.17 04:38:25.810,1.55214,1.55244,1.00,1.50
2016.08.17 04:38:26.103,1.55211,1.55241,1.00,1.00
2016.08.17 04:38:26.204,1.55211,1.55241,1.00,1.00
2016.08.17 04:38:26.255,1.55211,1.55241,1.00,1.50
2016.08.17 04:38:26.306,1.5521,1.55241,1.35,1.50
2016.08.17 04:38:26.356,1.5521,1.55241,1.00,1.00
2016.08.17 04:38:26.407,1.55206,1.55235,1.00,1.00
2016.08.17 04:38:26.508,1.55206,1.55235,1.00,1.00
2016.08.17 04:38:26.610,1.55203,1.55234,1.00,1.00
2016.08.17 04:38:26.664,1.55203,1.55234,1.00,1.50
2016.08.17 04:38:26.715,1.55203,1.55233,1.00,1.00
2016.08.17 04:38:26.816,1.55203,1.55234,1.00,1.50
2016.08.17 04:38:27.223,1.55203,1.55233,1.00,1.00
2016.08.17 04:38:27.298,1.55201,1.5523,1.00,1.00
2016.08.17 04:38:27.731,1.55194,1.55225,1.37,1.00
2016.08.17 04:38:27.782,1.55194,1.55225,1.00,1.00
2016.08.17 04:38:27.833,1.55191,1.5522,1.00,1.50
2016.08.17 04:38:27.934,1.55185,1.55215,1.37,1.50
2016.08.17 04:38:27.985,1.55185,1.55215,1.00,1.50
2016.08.17 04:38:28.035,1.55185,1.55215,1.00,1.50
2016.08.17 04:38:28.187,1.55185,1.55214,1.00,1.00
2016.08.17 04:38:28.238,1.5518,1.55209,1.00,1.00
2016.08.17 04:38:28.440,1.55175,1.55204,1.00,1.50
2016.08.17 04:38:28.971,1.55175,1.55204,1.00,1.00
2016.08.17 04:38:29.517,1.55174,1.55203,1.00,1.00
2016.08.17 04:38:36.436,1.55177,1.55205,1.00,1.00
2016.08.17 04:38:36.638,1.55179,1.55207,1.00,1.00
2016.08.17 04:38:36.740,1.55179,1.55209,1.00,1.00
2016.08.17 04:38:36.841,1.55179,1.5521,1.00,1.50
2016.08.17 04:38:37.432,1.55179,1.55209,1.00,1.00
2016.08.17 04:38:37.533,1.55179,1.5521,1.00,1.50
2016.08.17 04:38:38.085,1.5518,1.55211,1.00,1.50
2016.08.17 04:38:38.662,1.55182,1.5521,1.00,1.00
2016.08.17 04:38:38.713,1.55179,1.55206,1.00,1.00
2016.08.17 04:38:39.717,1.55179,1.55207,1.00,1.50
2016.08.17 04:38:43.325,1.55179,1.55207,1.00,1.00
2016.08.17 04:38:44.095,1.5518,1.55207,1.00,1.00
2016.08.17 04:38:44.748,1.55179,1.55207,1.00,1.00
2016.08.17 04:38:48.372,1.55179,1.55206,1.00,1.00
2016.08.17 04:38:48.878,1.55179,1.55207,1.00,1.00
2016.08.17 04:38:53.862,1.5518,1.55207,1.00,1.00
2016.08.17 04:38:56.933,1.5518,1.55206,1.00,1.00
2016.08.17 04:39:00.485,1.5518,1.55207,1.00,1.00
2016.08.17 04:39:05.462,1.55183,1.55207,1.00,1.00
2016.08.17 04:39:05.581,1.55183,1.55213,1.00,1.00
2016.08.17 04:39:05.682,1.55182,1.55206,1.00,1.00
2016.08.17 04:39:07.257,1.55183,1.55206,1.00,1.00
2016.08.17 04:39:09.660,1.55182,1.55206,1.00,1.00
2016.08.17 04:39:11.761,1.55182,1.55213,1.00,1.50
2016.08.17 04:39:13.412,1.55182,1.55213,1.00,1.00
2016.08.17 04:39:13.684,1.55182,1.55213,1.00,1.50
2016.08.17 04:39:13.735,1.55182,1.55213,1.00,1.00
2016.08.17 04:39:15.567,1.55182,1.55206,1.00,1.00
2016.08.17 04:39:16.654,1.55183,1.55206,1.00,1.00
2016.08.17 04:39:19.155,1.55183,1.55213,1.00,1.50
2016.08.17 04:39:19.326,1.55183,1.55213,1.00,1.00
2016.08.17 04:39:19.525,1.55183,1.55213,1.00,1.50
2016.08.17 04:39:19.825,1.55183,1.55213,1.00,1.00
2016.08.17 04:39:21.230,1.55183,1.55213,1.00,1.50
2016.08.17 04:39:22.233,1.55183,1.55213,1.00,1.00
2016.08.17 04:39:26.397,1.55182,1.55212,1.00,1.00
2016.08.17 04:39:27.799,1.55184,1.55213,1.00,1.00
2016.08.17 04:39:28.774,1.55184,1.55214,1.00,1.50
2016.08.17 04:39:29.753,1.55184,1.55213,1.00,1.00
2016.08.17 04:39:30.766,1.55184,1.55207,1.00,1.00
2016.08.17 04:39:41.274,1.55184,1.55214,1.00,1.00
2016.08.17 04:39:41.376,1.55184,1.55214,1.00,1.50
2016.08.17 04:39:45.880,1.55184,1.55207,1.00,1.00
2016.08.17 04:39:56.892,1.55184,1.55206,1.00,1.00
2016.08.17 04:39:57.033,1.55181,1.55206,1.00,1.00
2016.08.17 04:40:01.881,1.55182,1.55206,1.00,1.00
2016.08.17 04:40:02.531,1.55181,1.55206,1.00,1.00
2016.08.17 04:40:04.099,1.55181,1.55207,1.00,1.00
2016.08.17 04:40:11.957,1.55183,1.55207,1.00,1.00
2016.08.17 04:40:17.571,1.55184,1.55207,1.00,1.00
2016.08.17 04:40:48.038,1.55184,1.55206,1.00,1.00
2016.08.17 04:41:03.352,1.55184,1.55207,1.00,1.00
2016.08.17 04:41:09.937,1.55186,1.55207,1.00,1.00
2016.08.17 04:41:10.089,1.55186,1.55214,1.00,1.00
2016.08.17 04:41:10.140,1.55188,1.55217,1.00,1.50
2016.08.17 04:41:10.293,1.55188,1.55217,1.00,2.25
2016.08.17 04:41:10.357,1.55188,1.55207,1.00,1.00
2016.08.17 04:41:10.719,1.5519,1.55216,1.00,1.00
2016.08.17 04:41:10.871,1.5519,1.55206,1.00,1.00
2016.08.17 04:41:11.073,1.55191,1.55217,1.00,1.00
2016.08.17 04:41:11.359,1.55191,1.55206,1.00,1.00
2016.08.17 04:41:12.105,1.55191,1.55207,1.00,1.00
2016.08.17 04:41:17.658,1.55193,1.55207,1.00,1.00
2016.08.17 04:41:18.055,1.55193,1.55217,1.00,1.00
2016.08.17 04:41:18.258,1.5519,1.55217,1.00,1.00
2016.08.17 04:41:18.360,1.55191,1.55217,1.00,1.00
2016.08.17 04:41:22.902,1.5519,1.55217,1.00,1.00
2016.08.17 04:41:24.329,1.55193,1.55217,1.00,1.00
2016.08.17 04:41:24.876,1.55194,1.55216,1.00,1.00
2016.08.17 04:41:32.239,1.55191,1.55217,1.00,1.00
2016.08.17 04:41:32.743,1.55191,1.55216,1.00,1.00
2016.08.17 04:41:33.279,1.55193,1.55216,1.00,1.00
2016.08.17 04:41:33.623,1.55195,1.55216,1.00,1.00
2016.08.17 04:41:35.002,1.55196,1.55216,1.00,1.00
2016.08.17 04:41:38.669,1.55197,1.55216,1.00,1.00
2016.08.17 04:41:46.445,1.55196,1.55216,1.00,1.00
2016.08.17 04:41:50.525,1.55197,1.55216,1.00,1.00
2016.08.17 04:41:51.421,1.55196,1.55216,1.00,1.00
2016.08.17 04:41:56.735,1.55195,1.55216,1.00,1.00
2016.08.17 04:41:57.841,1.55199,1.55216,1.00,1.00
2016.08.17 04:41:58.806,1.55197,1.55216,1.00,1.00
2016.08.17 04:42:00.750,1.55198,1.55216,1.00,1.00
2016.08.17 04:42:05.699,1.55196,1.55216,1.00,1.00
2016.08.17 04:42:05.975,1.55194,1.55216,1.00,1.00
2016.08.17 04:42:07.580,1.55196,1.55216,1.00,1.00
2016.08.17 04:42:07.782,1.55193,1.55216,1.00,1.00
2016.08.17 04:42:08.404,1.55196,1.55216,1.00,1.00
2016.08.17 04:42:10.532,1.55193,1.55216,1.00,1.00
2016.08.17 04:42:11.737,1.55193,1.55217,1.00,1.00
2016.08.17 04:42:13.699,1.55195,1.55217,1.00,1.00
2016.08.17 04:42:25.168,1.55195,1.55216,1.00,1.00
2016.08.17 04:42:25.218,1.55193,1.55216,1.00,1.00
2016.08.17 04:42:29.128,1.55196,1.55216,1.00,1.00
2016.08.17 04:42:29.178,1.55196,1.55225,1.00,1.00
2016.08.17 04:42:29.229,1.55198,1.55227,1.00,1.00
2016.08.17 04:42:29.734,1.55198,1.55226,1.00,1.00
2016.08.17 04:42:30.440,1.55198,1.55226,1.00,1.50
2016.08.17 04:42:30.952,1.55198,1.55216,1.00,1.00
2016.08.17 04:42:31.284,1.55197,1.55226,1.00,1.00
2016.08.17 04:42:31.653,1.55197,1.55216,1.00,1.00
2016.08.17 04:42:32.542,1.55193,1.55223,1.00,1.00
2016.08.17 04:42:32.893,1.55191,1.55221,1.00,1.00
2016.08.17 04:42:32.944,1.55191,1.55216,1.00,1.00
2016.08.17 04:42:33.277,1.55191,1.55207,1.00,1.00
2016.08.17 04:42:33.541,1.55191,1.55216,1.00,1.00
2016.08.17 04:42:34.918,1.55192,1.55216,1.00,1.00
2016.08.17 04:42:35.120,1.55195,1.55216,1.00,1.00
2016.08.17 04:42:35.424,1.55198,1.55217,1.00,1.00
2016.08.17 04:42:41.925,1.55197,1.55217,1.00,1.00
2016.08.17 04:42:42.077,1.55194,1.55223,1.00,1.00
2016.08.17 04:42:42.370,1.55194,1.55216,1.00,1.00
2016.08.17 04:42:46.981,1.55193,1.55216,1.00,1.00
2016.08.17 04:42:47.781,1.55192,1.55217,1.00,1.00
2016.08.17 04:42:48.085,1.55195,1.55223,1.00,1.50
2016.08.17 04:42:48.136,1.55195,1.55223,1.00,1.00
2016.08.17 04:42:48.389,1.55197,1.55216,1.00,1.00
2016.08.17 04:42:58.720,1.55193,1.55217,1.00,1.00
2016.08.17 04:42:59.928,1.55197,1.55217,1.00,1.00
2016.08.17 04:42:59.979,1.55197,1.55225,1.00,1.00
2016.08.17 04:43:00.533,1.55197,1.55225,1.00,1.00
2016.08.17 04:43:00.584,1.55204,1.55227,1.00,1.00
2016.08.17 04:43:01.209,1.55204,1.55233,1.00,1.50
2016.08.17 04:43:01.381,1.55204,1.55233,1.00,1.00
2016.08.17 04:43:04.240,1.55205,1.55234,1.00,1.00
2016.08.17 04:43:04.470,1.55205,1.55233,1.00,1.50
2016.08.17 04:43:05.473,1.55205,1.55231,1.00,1.00
2016.08.17 04:43:06.119,1.55203,1.55231,1.00,1.50
2016.08.17 04:43:06.414,1.55201,1.55231,1.00,1.50
2016.08.17 04:43:06.465,1.55201,1.55231,1.00,1.00
2016.08.17 04:43:07.170,1.55201,1.55231,1.00,1.50
2016.08.17 04:43:08.098,1.55201,1.55231,1.00,1.00
2016.08.17 04:43:08.480,1.55203,1.55234,1.00,1.00
2016.08.17 04:43:10.256,1.55205,1.55234,1.00,1.00
2016.08.17 04:43:10.576,1.55205,1.55234,1.00,1.50
2016.08.17 04:43:10.708,1.55205,1.55234,1.00,1.00
2016.08.17 04:43:11.209,1.55205,1.55234,1.00,1.50
2016.08.17 04:43:11.278,1.55205,1.55233,1.00,1.00
2016.08.17 04:43:12.512,1.55205,1.55234,1.00,1.50
2016.08.17 04:43:12.580,1.55205,1.55233,1.00,1.00
2016.08.17 04:43:12.813,1.55205,1.55234,1.00,1.50
2016.08.17 04:43:13.013,1.55205,1.55234,1.00,1.00
2016.08.17 04:43:13.739,1.55206,1.55234,1.00,1.00
2016.08.17 04:43:13.789,1.55206,1.55234,1.00,1.50
2016.08.17 04:43:13.840,1.55204,1.55232,1.00,1.00
2016.08.17 04:43:14.284,1.55204,1.55232,1.00,1.50
2016.08.17 04:43:14.776,1.55204,1.55232,1.00,1.00
2016.08.17 04:43:14.928,1.55204,1.55232,1.00,1.50
2016.08.17 04:43:17.925,1.55204,1.55232,1.00,1.00
2016.08.17 04:43:18.727,1.55204,1.55232,1.00,1.50
2016.08.17 04:43:19.295,1.55204,1.55232,1.00,1.00
2016.08.17 04:43:19.346,1.55201,1.5523,1.00,1.00
2016.08.17 04:43:27.355,1.55201,1.5523,1.00,1.50
2016.08.17 04:43:27.555,1.55201,1.5523,1.00,1.00
2016.08.17 04:43:28.860,1.55201,1.5523,1.00,1.50
2016.08.17 04:43:29.049,1.55201,1.5523,1.00,1.00
2016.08.17 04:43:29.099,1.55203,1.55231,1.00,1.00
2016.08.17 04:43:29.763,1.55203,1.55232,1.00,1.00
2016.08.17 04:43:30.251,1.55203,1.55232,1.00,1.50
2016.08.17 04:43:30.301,1.55205,1.55232,1.00,1.00
2016.08.17 04:43:30.547,1.55205,1.55233,1.00,1.50
2016.08.17 04:43:30.726,1.55205,1.55233,1.00,1.00
2016.08.17 04:43:31.262,1.55202,1.55233,1.00,1.00
2016.08.17 04:43:31.372,1.55202,1.55233,1.00,1.50
2016.08.17 04:43:32.475,1.55202,1.55232,1.00,1.00
2016.08.17 04:43:34.733,1.55203,1.55231,1.00,1.00
2016.08.17 04:43:34.885,1.55204,1.55232,1.00,1.50
2016.08.17 04:43:34.936,1.55204,1.55232,1.00,1.00
2016.08.17 04:43:34.987,1.55204,1.55234,1.00,1.50
2016.08.17 04:43:35.081,1.55204,1.55234,1.00,1.00
2016.08.17 04:43:35.184,1.55204,1.55234,1.00,1.50
2016.08.17 04:43:35.285,1.55205,1.55235,1.00,1.00
2016.08.17 04:43:35.336,1.55205,1.55234,1.00,1.00
2016.08.17 04:43:36.940,1.55205,1.55235,1.00,1.00
2016.08.17 04:43:38.002,1.55193,1.55222,1.12,1.00
2016.08.17 04:43:38.053,1.55193,1.55222,1.12,1.00
2016.08.17 04:43:38.104,1.5519,1.55221,1.37,1.00
2016.08.17 04:43:38.154,1.5519,1.55221,1.00,1.00
2016.08.17 04:43:38.256,1.5519,1.55221,1.00,1.50
2016.08.17 04:43:38.543,1.5519,1.55221,1.00,1.00
2016.08.17 04:43:38.594,1.55193,1.55223,1.00,1.00
2016.08.17 04:43:38.645,1.55193,1.55224,1.00,1.50
2016.08.17 04:43:38.696,1.55199,1.55224,1.00,1.00
2016.08.17 04:43:38.746,1.55199,1.55226,1.00,1.00
2016.08.17 04:43:39.408,1.55202,1.55226,1.00,1.00
2016.08.17 04:43:49.521,1.55202,1.55231,1.00,1.00
2016.08.17 04:43:49.572,1.55202,1.55232,1.00,1.50
2016.08.17 04:43:49.774,1.55202,1.55231,1.00,1.00
2016.08.17 04:43:49.875,1.55202,1.55232,1.00,1.50
2016.08.17 04:43:50.255,1.55202,1.55231,1.00,1.00
2016.08.17 04:43:51.674,1.55202,1.5523,1.00,1.00
2016.08.17 04:43:52.448,1.55201,1.5523,1.00,1.00
2016.08.17 04:43:52.523,1.55201,1.55231,1.00,1.50
2016.08.17 04:43:52.576,1.55201,1.5523,1.00,1.00
2016.08.17 04:43:57.323,1.55201,1.55231,1.00,1.00
2016.08.17 04:43:59.842,1.55203,1.55231,1.00,1.00
2016.08.17 04:44:00.193,1.55203,1.55231,1.00,1.50
2016.08.17 04:44:00.294,1.55203,1.55231,1.00,1.00
2016.08.17 04:44:00.908,1.55203,1.55231,1.00,1.50
2016.08.17 04:44:01.009,1.55203,1.55231,1.00,1.00
2016.08.17 04:44:01.334,1.55201,1.55231,1.00,1.00
2016.08.17 04:44:03.032,1.55201,1.55231,1.00,1.50
2016.08.17 04:44:03.133,1.552,1.55228,1.00,1.00
2016.08.17 04:44:05.505,1.552,1.55228,1.00,1.50
2016.08.17 04:44:06.612,1.552,1.55228,1.00,1.00
2016.08.17 04:44:08.962,1.55194,1.55225,1.00,1.00
2016.08.17 04:44:09.012,1.55194,1.55225,1.00,1.00
2016.08.17 04:44:09.063,1.55197,1.55225,1.00,1.00
2016.08.17 04:44:09.384,1.55196,1.55226,1.00,1.00
2016.08.17 04:44:09.657,1.55196,1.55226,1.00,1.50
2016.08.17 04:44:11.520,1.55196,1.55226,1.00,1.00
2016.08.17 04:44:12.867,1.55195,1.55225,1.00,1.50
2016.08.17 04:44:13.070,1.55194,1.55223,1.00,1.00
2016.08.17 04:44:13.326,1.55194,1.55224,1.00,1.50
2016.08.17 04:44:13.957,1.55193,1.55222,1.00,1.00
2016.08.17 04:44:18.489,1.55192,1.55221,1.00,1.00
2016.08.17 04:44:22.830,1.55197,1.55227,1.00,1.50
2016.08.17 04:44:27.371,1.55197,1.55227,1.00,2.25
2016.08.17 04:44:27.771,1.55197,1.55227,1.00,1.50
2016.08.17 04:44:33.469,1.55197,1.55227,1.00,2.25
2016.08.17 04:44:33.774,1.55197,1.55227,1.00,1.50
2016.08.17 04:44:35.499,1.55197,1.55227,1.00,2.25
2016.08.17 04:44:37.639,1.55195,1.55226,1.00,1.00
2016.08.17 04:44:38.290,1.55197,1.55226,1.00,1.00
2016.08.17 04:44:42.191,1.55197,1.55226,1.00,1.50
2016.08.17 04:44:42.342,1.55199,1.55226,1.00,1.00
2016.08.17 04:44:42.412,1.55199,1.55229,1.00,1.00
2016.08.17 04:44:42.514,1.55199,1.55227,1.00,1.00
2016.08.17 04:44:43.845,1.55201,1.55227,1.00,1.00
2016.08.17 04:44:44.988,1.552,1.55227,1.00,1.00
2016.08.17 04:44:59.024,1.55201,1.55227,1.00,1.00
2016.08.17 04:45:11.179,1.55199,1.55227,1.00,1.00
2016.08.17 04:45:11.846,1.55201,1.55227,1.00,1.00
2016.08.17 04:45:16.454,1.55202,1.55227,1.00,1.00
2016.08.17 04:45:19.003,1.55202,1.55226,1.00,1.00
2016.08.17 04:45:46.438,1.55195,1.55225,1.00,1.00
2016.08.17 04:45:46.946,1.55194,1.55224,1.00,1.00
2016.08.17 04:45:47.604,1.55193,1.55223,1.00,1.00
2016.08.17 04:45:53.192,1.55198,1.55228,1.00,1.00
2016.08.17 04:46:02.065,1.55205,1.5523,1.00,1.00
2016.08.17 04:46:02.116,1.55205,1.55235,1.00,1.00
2016.08.17 04:46:02.194,1.55208,1.55236,1.00,1.00
2016.08.17 04:46:02.450,1.55208,1.55236,1.00,1.00
2016.08.17 04:46:02.501,1.55215,1.55244,1.00,1.00
2016.08.17 04:46:03.229,1.55215,1.55242,1.00,1.00
2016.08.17 04:46:03.279,1.5521,1.55239,1.00,1.00
2016.08.17 04:46:03.885,1.55209,1.55239,1.00,1.00
2016.08.17 04:46:11.688,1.5521,1.55239,1.00,1.00
2016.08.17 04:46:12.343,1.55211,1.5524,1.00,1.00
2016.08.17 04:46:12.958,1.55212,1.55241,1.00,1.00
2016.08.17 04:46:14.171,1.55211,1.55241,1.00,1.00
2016.08.17 04:46:16.691,1.55215,1.55243,1.00,1.00
2016.08.17 04:46:16.741,1.55215,1.55245,1.00,1.00
2016.08.17 04:46:17.021,1.55217,1.55247,1.00,1.50
2016.08.17 04:46:17.910,1.55217,1.55247,1.00,1.50
2016.08.17 04:46:17.961,1.55217,1.55247,1.00,1.00
2016.08.17 04:46:21.770,1.55215,1.55245,1.00,1.00
2016.08.17 04:46:21.973,1.55215,1.55245,1.00,1.50
2016.08.17 04:46:22.377,1.55215,1.55245,1.00,1.00
2016.08.17 04:46:22.479,1.55215,1.55245,1.00,1.50
2016.08.17 04:46:22.580,1.55215,1.55245,1.00,1.00
2016.08.17 04:46:22.783,1.55215,1.55245,1.00,1.50
2016.08.17 04:46:22.985,1.55215,1.55244,1.00,1.00
2016.08.17 04:46:23.086,1.55215,1.55245,1.00,1.50
2016.08.17 04:46:23.876,1.55215,1.55244,1.00,1.00
2016.08.17 04:46:24.578,1.55215,1.55245,1.00,1.50
2016.08.17 04:46:24.629,1.55215,1.55243,1.00,1.00
2016.08.17 04:46:25.158,1.55217,1.55245,1.00,1.00
2016.08.17 04:46:28.804,1.55217,1.55246,1.00,1.50
2016.08.17 04:46:28.906,1.55217,1.55246,1.00,1.00
2016.08.17 04:46:30.865,1.55217,1.55244,1.00,1.00
2016.08.17 04:46:30.916,1.55214,1.55243,1.00,1.00
2016.08.17 04:46:31.118,1.55212,1.55242,1.00,1.00
2016.08.17 04:46:31.591,1.55214,1.55242,1.00,1.00
2016.08.17 04:46:37.715,1.55211,1.5524,1.00,1.00
2016.08.17 04:46:37.824,1.55208,1.55239,1.00,1.00
2016.08.17 04:46:37.925,1.55206,1.55235,1.00,1.00
2016.08.17 04:46:44.214,1.55207,1.55235,1.00,1.00
2016.08.17 04:46:48.232,1.5521,1.55239,1.00,1.00
2016.08.17 04:46:48.340,1.55213,1.55241,1.00,1.00
2016.08.17 04:46:50.144,1.5521,1.5524,1.00,1.00
2016.08.17 04:46:50.246,1.5521,1.5524,1.00,1.50
2016.08.17 04:46:50.347,1.5521,1.55238,1.00,1.00
2016.08.17 04:46:51.237,1.5521,1.5524,1.00,1.00
2016.08.17 04:46:52.027,1.5521,1.55238,1.00,1.00
2016.08.17 04:46:53.240,1.5521,1.55241,1.00,1.50
2016.08.17 04:46:53.960,1.5521,1.55241,1.00,1.00
2016.08.17 04:46:54.807,1.55209,1.5524,1.00,1.50
2016.08.17 04:46:54.858,1.55209,1.5524,1.00,1.00
2016.08.17 04:46:59.671,1.55209,1.5524,1.00,1.50
2016.08.17 04:47:00.540,1.55211,1.5524,1.00,1.00
2016.08.17 04:47:00.591,1.55211,1.55242,1.00,1.00
2016.08.17 04:47:07.891,1.55209,1.55239,1.00,1.00
2016.08.17 04:47:08.237,1.55207,1.55235,1.00,1.00
2016.08.17 04:47:08.287,1.55205,1.55235,1.00,1.00
2016.08.17 04:47:08.388,1.55205,1.55233,1.00,1.00
2016.08.17 04:47:08.594,1.55203,1.55233,1.00,1.00
2016.08.17 04:47:08.695,1.55201,1.55232,1.00,1.00
2016.08.17 04:47:08.796,1.55198,1.55237,1.00,1.50
2016.08.17 04:47:09.128,1.55198,1.55237,1.00,1.00
2016.08.17 04:47:09.229,1.55198,1.55237,1.00,1.50
2016.08.17 04:47:09.762,1.55204,1.55234,1.00,1.00
2016.08.17 04:47:13.107,1.55203,1.55233,1.00,1.00
2016.08.17 04:47:14.498,1.552,1.55231,1.00,1.00
2016.08.17 04:47:15.735,1.55204,1.55232,1.00,1.00
2016.08.17 04:47:15.836,1.55207,1.55236,1.00,1.00
2016.08.17 04:47:15.988,1.55211,1.5524,1.00,1.50
2016.08.17 04:47:16.039,1.55211,1.5524,1.00,1.00
2016.08.17 04:47:16.090,1.55213,1.55243,1.00,1.50
2016.08.17 04:47:16.191,1.55213,1.55243,1.00,1.00
2016.08.17 04:47:16.585,1.55219,1.55249,1.00,1.00
2016.08.17 04:47:21.958,1.55222,1.5525,1.00,1.00
2016.08.17 04:47:29.307,1.55222,1.55253,1.00,1.50
2016.08.17 04:47:30.332,1.55222,1.55253,1.00,1.00
2016.08.17 04:47:30.568,1.55222,1.55253,1.00,1.50
2016.08.17 04:47:32.235,1.55222,1.55253,1.00,1.00
2016.08.17 04:47:32.437,1.55222,1.55253,1.00,1.50
2016.08.17 04:47:32.805,1.55224,1.55255,1.00,1.00
2016.08.17 04:47:39.830,1.55225,1.55255,1.00,1.00
2016.08.17 04:47:41.153,1.55228,1.55256,1.00,1.00
2016.08.17 04:47:41.204,1.55228,1.55257,1.00,1.50
2016.08.17 04:47:44.339,1.55229,1.55257,1.00,1.50
2016.08.17 04:47:47.693,1.55225,1.55254,1.00,1.00
2016.08.17 04:47:52.410,1.55233,1.55257,1.00,1.50
2016.08.17 04:47:52.739,1.55233,1.55256,1.00,1.00
2016.08.17 04:47:52.790,1.55226,1.55254,1.00,1.00
2016.08.17 04:47:52.913,1.55224,1.55252,1.00,1.50
2016.08.17 04:47:53.115,1.55224,1.55252,1.00,1.00
2016.08.17 04:47:59.375,1.55222,1.55251,1.00,1.00
2016.08.17 04:48:01.821,1.55223,1.55252,1.00,1.00
2016.08.17 04:48:03.303,1.55221,1.55252,1.00,1.00
2016.08.17 04:48:03.481,1.55223,1.55252,1.00,1.00
2016.08.17 04:48:09.893,1.55224,1.55253,1.00,1.00
2016.08.17 04:48:10.417,1.55222,1.55253,1.00,1.00
2016.08.17 04:48:10.940,1.55217,1.55247,1.00,1.00
2016.08.17 04:48:11.301,1.55216,1.55247,1.00,1.50
2016.08.17 04:48:11.407,1.55216,1.55245,1.00,1.00
2016.08.17 04:48:11.938,1.55217,1.55245,1.00,1.00
2016.08.17 04:48:14.412,1.55215,1.55244,1.00,1.00
2016.08.17 04:48:15.814,1.55217,1.55245,1.00,1.00
2016.08.17 04:48:16.827,1.55215,1.55245,1.00,1.00
2016.08.17 04:48:16.878,1.55215,1.55245,1.00,1.00
2016.08.17 04:48:19.311,1.55217,1.55245,1.00,1.00
2016.08.17 04:48:28.321,1.55217,1.55245,1.00,1.00
2016.08.17 04:48:28.372,1.55212,1.55241,1.00,1.00
2016.08.17 04:48:28.422,1.55212,1.55241,1.00,1.00
2016.08.17 04:48:29.301,1.55213,1.55241,1.00,1.00
2016.08.17 04:48:29.821,1.55212,1.5524,1.00,1.00
2016.08.17 04:48:31.874,1.55213,1.55241,1.00,1.00
2016.08.17 04:48:39.074,1.55209,1.5524,1.00,1.00
2016.08.17 04:48:39.277,1.55207,1.55236,1.35,1.00
2016.08.17 04:48:39.534,1.55207,1.55236,1.00,1.00
2016.08.17 04:48:39.585,1.55206,1.55234,1.00,1.00
2016.08.17 04:48:41.066,1.55214,1.55234,1.00,1.00
2016.08.17 04:48:42.161,1.55214,1.55242,1.00,1.00
2016.08.17 04:48:42.569,1.55214,1.55237,1.00,1.00
2016.08.17 04:48:43.664,1.55214,1.55234,1.00,1.00
2016.08.17 04:48:44.615,1.55204,1.55234,1.00,1.00
2016.08.17 04:48:44.666,1.55204,1.55228,1.00,1.00
2016.08.17 04:48:44.716,1.55195,1.55228,1.37,1.00
2016.08.17 04:48:44.767,1.55195,1.55222,1.00,1.00
2016.08.17 04:48:44.818,1.55193,1.55222,1.00,1.00
2016.08.17 04:48:44.868,1.55203,1.55231,1.00,1.00
2016.08.17 04:48:44.919,1.55203,1.55231,1.50,1.00
2016.08.17 04:48:44.970,1.55203,1.55238,1.00,1.50
2016.08.17 04:48:45.389,1.55204,1.55246,1.00,1.00
2016.08.17 04:48:45.439,1.55204,1.55246,1.00,1.50
2016.08.17 04:48:45.490,1.55204,1.55242,1.00,1.00
2016.08.17 04:48:45.793,1.55204,1.55244,1.00,1.37
2016.08.17 04:48:45.894,1.55204,1.5524,1.00,1.00
2016.08.17 04:48:46.444,1.55199,1.55227,1.00,1.00
2016.08.17 04:48:46.495,1.55197,1.55225,1.00,1.00
2016.08.17 04:48:48.024,1.55197,1.55225,1.00,1.00
2016.08.17 04:48:49.429,1.55199,1.55227,1.00,1.00
2016.08.17 04:48:50.110,1.55189,1.55217,1.12,1.00
2016.08.17 04:48:50.183,1.55186,1.55217,1.75,1.00
2016.08.17 04:48:50.234,1.55186,1.55217,1.37,1.00
2016.08.17 04:48:50.284,1.55186,1.55217,1.00,1.00
2016.08.17 04:48:50.385,1.55184,1.55213,1.00,1.00
2016.08.17 04:48:50.689,1.55186,1.55217,1.00,1.00
2016.08.17 04:48:50.841,1.55186,1.55217,1.00,1.00
2016.08.17 04:48:50.891,1.55188,1.55219,1.00,1.00
2016.08.17 04:48:51.536,1.55189,1.5522,1.00,1.00
2016.08.17 04:48:51.824,1.55189,1.55222,1.00,1.00
2016.08.17 04:48:52.224,1.55191,1.55221,1.00,1.00
2016.08.17 04:48:52.527,1.55193,1.55223,1.00,1.00
2016.08.17 04:48:53.252,1.55193,1.55224,1.00,1.00
2016.08.17 04:48:53.555,1.55195,1.55224,1.00,1.00
2016.08.17 04:48:53.605,1.55195,1.55227,1.00,1.50
2016.08.17 04:48:54.786,1.55194,1.55225,1.00,1.00
2016.08.17 04:48:55.115,1.55191,1.55221,1.00,1.00
2016.08.17 04:48:55.166,1.55191,1.55221,1.00,1.00
2016.08.17 04:48:55.317,1.5519,1.55217,1.00,1.00
2016.08.17 04:48:55.513,1.5519,1.55219,1.00,1.00
2016.08.17 04:48:55.876,1.5519,1.55217,1.00,1.00
2016.08.17 04:48:56.629,1.55193,1.55217,1.00,1.00
2016.08.17 04:48:56.731,1.55194,1.55226,1.00,1.00
2016.08.17 04:48:57.289,1.55193,1.55226,1.00,1.00
2016.08.17 04:48:57.833,1.55192,1.55221,1.00,1.00
2016.08.17 04:48:59.012,1.55192,1.55222,1.00,1.00
2016.08.17 04:48:59.315,1.55193,1.55224,1.00,1.00
2016.08.17 04:48:59.926,1.55193,1.55222,1.00,1.00
2016.08.17 04:49:00.229,1.55195,1.55224,1.00,1.00
2016.08.17 04:49:00.753,1.55193,1.55222,1.00,1.00
2016.08.17 04:49:00.855,1.55197,1.55226,1.00,1.00
2016.08.17 04:49:01.665,1.55196,1.55226,1.00,1.50
2016.08.17 04:49:04.573,1.55193,1.55224,1.00,1.00
2016.08.17 04:49:05.128,1.55195,1.55225,1.00,1.00
2016.08.17 04:49:06.561,1.55191,1.55222,1.00,1.00
2016.08.17 04:49:07.078,1.55192,1.55222,1.00,1.00
2016.08.17 04:49:08.280,1.5519,1.55221,1.00,1.00
2016.08.17 04:49:08.827,1.55193,1.55226,1.00,1.00
2016.08.17 04:49:08.878,1.55193,1.55222,1.00,1.00
2016.08.17 04:49:09.939,1.55191,1.5522,1.00,1.00
2016.08.17 04:49:12.976,1.5519,1.55219,1.00,1.00
2016.08.17 04:49:13.077,1.55188,1.55219,1.00,1.00
2016.08.17 04:49:13.412,1.5519,1.55221,1.00,1.00
2016.08.17 04:49:16.955,1.55189,1.5522,1.00,1.00
2016.08.17 04:49:17.966,1.55195,1.55226,1.00,1.50
2016.08.17 04:49:18.254,1.55195,1.55226,1.00,1.00
2016.08.17 04:49:18.361,1.55195,1.55226,1.00,1.00
2016.08.17 04:49:18.866,1.55194,1.55225,1.00,1.00
2016.08.17 04:49:19.866,1.55194,1.55223,1.00,1.00
2016.08.17 04:49:21.163,1.55196,1.55226,1.00,1.00
2016.08.17 04:49:25.042,1.55194,1.55223,1.00,1.00
2016.08.17 04:49:26.528,1.55202,1.55231,1.00,1.00
2016.08.17 04:49:26.580,1.55202,1.55231,1.00,1.00
2016.08.17 04:49:26.681,1.55201,1.55234,1.00,1.00
2016.08.17 04:49:29.802,1.55203,1.55235,1.00,1.00
2016.08.17 04:49:31.974,1.55202,1.55234,1.00,1.00
2016.08.17 04:49:32.538,1.55203,1.55234,1.00,1.00
2016.08.17 04:49:42.099,1.552,1.55233,1.00,1.00
2016.08.17 04:49:42.149,1.552,1.55233,1.00,1.00
2016.08.17 04:49:42.705,1.55202,1.55235,1.00,1.00
2016.08.17 04:49:45.100,1.552,1.55232,1.00,1.00
2016.08.17 04:49:49.817,1.55199,1.55229,1.00,1.00
2016.08.17 04:49:50.073,1.55199,1.55226,1.00,1.00
2016.08.17 04:49:50.174,1.55201,1.55232,1.00,1.00
2016.08.17 04:49:50.427,1.55201,1.55232,1.00,1.00
2016.08.17 04:49:50.828,1.55203,1.55234,1.00,1.00
2016.08.17 04:49:52.805,1.55203,1.55234,1.00,1.00
2016.08.17 04:49:59.612,1.55206,1.55236,1.00,1.00
2016.08.17 04:50:01.143,1.552,1.55233,1.00,1.00
2016.08.17 04:50:01.244,1.55203,1.55233,1.00,1.00
2016.08.17 04:50:01.446,1.55203,1.55236,1.00,1.50
2016.08.17 04:50:01.803,1.55206,1.55236,1.00,1.00
2016.08.17 04:50:02.016,1.55204,1.55235,1.00,1.00
2016.08.17 04:50:04.719,1.55203,1.55234,1.00,1.00
2016.08.17 04:50:04.937,1.55201,1.55233,1.00,1.00
2016.08.17 04:50:05.950,1.55202,1.55232,1.00,1.00
2016.08.17 04:50:08.125,1.552,1.55232,1.00,1.00
2016.08.17 04:50:08.176,1.552,1.55232,1.00,1.00
2016.08.17 04:50:08.487,1.552,1.55232,1.00,1.00
2016.08.17 04:50:08.541,1.55203,1.55236,1.00,1.50
2016.08.17 04:50:08.694,1.55203,1.55236,1.00,1.00
2016.08.17 04:50:11.013,1.55203,1.55236,1.00,1.50
2016.08.17 04:50:11.064,1.55201,1.55233,1.00,1.00
2016.08.17 04:50:11.564,1.55201,1.55233,1.00,1.00
2016.08.17 04:50:11.665,1.55199,1.55231,1.00,1.00
2016.08.17 04:50:15.132,1.55201,1.55232,1.00,1.00
2016.08.17 04:50:17.083,1.55203,1.55235,1.00,1.00
2016.08.17 04:50:17.185,1.55202,1.55232,1.00,1.00
2016.08.17 04:50:18.288,1.55205,1.55235,1.00,1.00
2016.08.17 04:50:18.644,1.55205,1.55235,1.00,1.00
2016.08.17 04:50:18.698,1.55206,1.55237,1.00,1.00
2016.08.17 04:50:19.206,1.55206,1.55236,1.00,1.00
2016.08.17 04:50:19.546,1.55208,1.55236,1.00,1.00
2016.08.17 04:50:19.602,1.55208,1.5524,1.00,1.00
2016.08.17 04:50:24.288,1.55205,1.55237,1.00,1.00
2016.08.17 04:50:24.608,1.55203,1.55232,1.00,1.00
2016.08.17 04:50:24.773,1.55199,1.55232,1.00,1.00
2016.08.17 04:50:25.149,1.55196,1.55226,1.00,1.00
2016.08.17 04:50:25.403,1.55195,1.55224,1.00,1.00
2016.08.17 04:50:28.041,1.55194,1.55224,1.00,1.00
2016.08.17 04:50:29.813,1.55193,1.55221,1.00,1.00
2016.08.17 04:50:31.277,1.55195,1.55223,1.00,1.00
2016.08.17 04:50:31.378,1.55201,1.55229,1.00,1.00
2016.08.17 04:50:31.429,1.55201,1.55229,1.00,1.00
2016.08.17 04:50:31.479,1.55203,1.55232,1.00,1.00
2016.08.17 04:50:32.630,1.55203,1.55232,1.00,1.00
2016.08.17 04:50:39.798,1.55201,1.55231,1.00,1.00
2016.08.17 04:50:40.138,1.55201,1.55231,1.50,1.00
2016.08.17 04:50:40.188,1.55201,1.55226,1.00,1.00
2016.08.17 04:50:40.724,1.55196,1.55226,1.00,1.00
2016.08.17 04:50:40.775,1.55196,1.55226,1.00,1.00
2016.08.17 04:50:40.876,1.55196,1.55226,1.00,1.00
2016.08.17 04:50:43.713,1.55197,1.55227,1.00,1.00
2016.08.17 04:50:48.444,1.55195,1.55226,1.00,1.00
2016.08.17 04:50:49.116,1.55194,1.55226,1.50,1.00
2016.08.17 04:50:50.558,1.55204,1.55233,1.00,1.00
2016.08.17 04:50:51.307,1.55208,1.55238,1.00,1.00
2016.08.17 04:50:51.358,1.55208,1.55238,1.00,1.00
2016.08.17 04:50:51.652,1.55208,1.55238,1.50,1.00
2016.08.17 04:50:52.123,1.55211,1.55241,1.00,1.00
2016.08.17 04:50:52.174,1.55215,1.55241,1.00,1.00
2016.08.17 04:50:52.268,1.55226,1.55254,1.00,1.00
2016.08.17 04:50:52.318,1.55232,1.55257,1.00,1.00
2016.08.17 04:50:52.369,1.55232,1.55262,1.00,1.37
2016.08.17 04:50:52.420,1.55239,1.55266,1.00,1.37
2016.08.17 04:50:52.471,1.55239,1.55267,1.50,1.37
2016.08.17 04:50:52.742,1.55239,1.55266,1.00,1.37
2016.08.17 04:50:52.793,1.55239,1.55266,1.00,1.00
2016.08.17 04:50:54.007,1.55238,1.55266,1.00,1.50
2016.08.17 04:50:54.323,1.55235,1.55265,1.00,1.00
2016.08.17 04:50:54.634,1.55235,1.55256,1.00,1.00
2016.08.17 04:50:55.744,1.55235,1.55257,1.00,1.00
2016.08.17 04:50:56.038,1.55231,1.55257,1.00,1.00
2016.08.17 04:50:56.140,1.55228,1.55257,1.00,1.50
2016.08.17 04:50:59.145,1.55225,1.55254,1.00,1.00
2016.08.17 04:50:59.195,1.55225,1.55247,1.00,1.00
2016.08.17 04:51:00.982,1.55225,1.55254,1.00,1.00
2016.08.17 04:51:02.241,1.55224,1.55252,1.00,1.00
2016.08.17 04:51:02.531,1.55222,1.55252,1.00,1.00
2016.08.17 04:51:03.263,1.55223,1.55252,1.00,1.00
2016.08.17 04:51:05.676,1.55221,1.55251,1.00,1.00
2016.08.17 04:51:09.015,1.55221,1.55247,1.00,1.00
2016.08.17 04:51:09.067,1.55217,1.55243,1.00,1.00
2016.08.17 04:51:09.118,1.55213,1.55243,1.00,1.00
2016.08.17 04:51:09.168,1.55213,1.55237,1.00,1.50
2016.08.17 04:51:09.270,1.55209,1.55237,1.00,1.50
2016.08.17 04:51:09.371,1.55207,1.55235,1.00,1.00
2016.08.17 04:51:09.422,1.55204,1.55235,1.00,1.00
2016.08.17 04:51:14.201,1.5521,1.55237,1.00,1.00
2016.08.17 04:51:14.252,1.55207,1.55236,1.00,1.00
2016.08.17 04:51:14.353,1.55205,1.55234,1.00,1.00
2016.08.17 04:51:14.405,1.55203,1.55234,1.00,1.00
2016.08.17 04:51:14.506,1.55203,1.55234,1.50,1.00
2016.08.17 04:51:14.607,1.55203,1.55234,1.00,1.00
2016.08.17 04:51:14.809,1.55203,1.55234,1.50,1.00
2016.08.17 04:51:14.911,1.55203,1.55234,1.00,1.00
2016.08.17 04:51:15.228,1.55203,1.55232,1.00,1.00
2016.08.17 04:51:15.643,1.55203,1.55234,1.00,1.00
2016.08.17 04:51:18.124,1.55202,1.55233,1.00,1.00
2016.08.17 04:51:20.550,1.55201,1.55232,1.00,1.00
2016.08.17 04:51:21.121,1.55201,1.55232,1.50,1.00
2016.08.17 04:51:23.709,1.55201,1.55232,1.00,1.00
2016.08.17 04:51:24.411,1.55201,1.55232,1.50,1.00
2016.08.17 04:51:25.482,1.55204,1.55233,1.00,1.00
2016.08.17 04:51:27.075,1.55203,1.55232,1.00,1.00
2016.08.17 04:51:27.580,1.55202,1.55232,1.00,1.00
2016.08.17 04:51:30.004,1.55205,1.55236,1.00,1.00
2016.08.17 04:51:30.099,1.55201,1.55232,1.00,1.00
2016.08.17 04:51:30.200,1.55203,1.55232,1.00,1.00
2016.08.17 04:51:30.424,1.55203,1.55232,1.50,1.00
2016.08.17 04:51:30.707,1.55203,1.55232,1.00,1.00
2016.08.17 04:51:30.935,1.55203,1.55232,1.50,1.00
2016.08.17 04:51:31.036,1.55203,1.55232,1.00,1.00
2016.08.17 04:51:31.755,1.55203,1.55232,1.50,1.00
2016.08.17 04:51:32.178,1.55205,1.55234,1.00,1.00
2016.08.17 04:51:39.190,1.55204,1.55232,1.00,1.00
2016.08.17 04:51:39.715,1.55203,1.55231,1.00,1.00
2016.08.17 04:51:40.392,1.55203,1.55233,1.00,1.00
2016.08.17 04:51:42.887,1.55203,1.55231,1.00,1.00
2016.08.17 04:51:46.617,1.55201,1.5523,1.00,1.00
2016.08.17 04:51:59.490,1.55204,1.5523,1.00,1.00
2016.08.17 04:51:59.541,1.55207,1.55237,1.00,1.50
2016.08.17 04:51:59.693,1.55207,1.55237,1.50,1.50
2016.08.17 04:51:59.743,1.55207,1.55236,1.50,1.00
2016.08.17 04:51:59.794,1.55207,1.55236,1.00,1.00
2016.08.17 04:51:59.845,1.55206,1.55235,1.00,1.00
2016.08.17 04:52:00.465,1.55205,1.55235,1.00,1.00
2016.08.17 04:52:04.722,1.55204,1.55233,1.00,1.00
2016.08.17 04:52:04.823,1.55204,1.55233,1.50,1.00
2016.08.17 04:52:05.025,1.55203,1.55232,1.00,1.00
2016.08.17 04:52:05.212,1.55201,1.5523,1.50,1.00
2016.08.17 04:52:05.262,1.55204,1.55233,1.00,1.00
2016.08.17 04:52:06.021,1.55202,1.55231,1.00,1.00
2016.08.17 04:52:08.567,1.55204,1.55232,1.00,1.00
2016.08.17 04:52:10.368,1.55202,1.55231,1.00,1.00
2016.08.17 04:52:12.027,1.552,1.55228,1.00,1.00
2016.08.17 04:52:16.096,1.55199,1.55228,1.00,1.00
2016.08.17 04:52:17.583,1.55195,1.55223,1.50,1.00
2016.08.17 04:52:17.635,1.55195,1.55223,1.00,1.00
2016.08.17 04:52:17.686,1.55188,1.55222,1.00,1.00
2016.08.17 04:52:17.787,1.55189,1.55219,1.00,1.00
2016.08.17 04:52:17.838,1.55189,1.55219,1.50,1.00
2016.08.17 04:52:17.891,1.5519,1.55222,1.00,1.00
2016.08.17 04:52:18.309,1.55191,1.5522,1.00,1.00
2016.08.17 04:52:18.688,1.55192,1.55223,1.00,1.00
2016.08.17 04:52:18.945,1.55194,1.55223,1.00,1.00
2016.08.17 04:52:23.541,1.55195,1.55226,1.00,1.50
2016.08.17 04:52:25.558,1.55195,1.55224,1.00,1.00
2016.08.17 04:52:27.858,1.55193,1.55224,1.00,1.00
2016.08.17 04:52:32.365,1.55193,1.55223,1.00,1.00
2016.08.17 04:52:35.119,1.55193,1.55221,1.00,1.00
2016.08.17 04:52:35.285,1.55192,1.55223,1.00,1.00
2016.08.17 04:52:35.494,1.55191,1.5522,1.00,1.00
2016.08.17 04:52:36.050,1.55195,1.55223,1.00,1.00
2016.08.17 04:52:36.203,1.55196,1.55226,1.00,1.00
2016.08.17 04:52:39.109,1.55193,1.5522,1.00,1.00
2016.08.17 04:52:39.422,1.55192,1.55224,1.00,1.00
2016.08.17 04:52:39.524,1.55194,1.55223,1.00,1.00
2016.08.17 04:52:40.104,1.55195,1.55226,1.00,1.50
2016.08.17 04:52:40.679,1.55195,1.55226,1.50,1.00
2016.08.17 04:52:42.879,1.55197,1.55226,1.00,1.00
2016.08.17 04:52:43.984,1.55197,1.55226,1.00,1.00
2016.08.17 04:52:44.576,1.55192,1.55222,1.00,1.00
2016.08.17 04:52:44.729,1.55193,1.55224,1.00,1.00
2016.08.17 04:52:44.831,1.55191,1.55223,1.00,1.00
2016.08.17 04:52:44.881,1.55191,1.55221,1.00,1.00
2016.08.17 04:52:45.572,1.55192,1.55222,1.00,1.00
2016.08.17 04:52:45.623,1.5519,1.55222,1.50,1.00
2016.08.17 04:52:46.223,1.5519,1.55222,1.00,1.00
2016.08.17 04:52:47.331,1.55191,1.5522,1.00,1.00
2016.08.17 04:52:48.013,1.55199,1.55221,1.00,1.00
2016.08.17 04:52:48.065,1.55204,1.5523,1.00,1.00
2016.08.17 04:52:48.117,1.55204,1.55236,1.50,1.00
2016.08.17 04:52:48.449,1.55204,1.55236,1.00,1.00
2016.08.17 04:52:48.518,1.55203,1.55233,1.00,1.00
2016.08.17 04:52:48.646,1.55203,1.55233,1.00,1.00
2016.08.17 04:52:48.702,1.55199,1.55242,1.00,1.00
2016.08.17 04:52:48.998,1.55216,1.55253,1.00,1.00
2016.08.17 04:52:49.173,1.55213,1.55253,1.00,1.00
2016.08.17 04:52:49.224,1.55224,1.55253,1.00,1.00
2016.08.17 04:52:49.275,1.55224,1.55253,1.00,1.00
2016.08.17 04:52:49.641,1.55223,1.55257,1.00,1.50
2016.08.17 04:52:49.692,1.55223,1.55259,1.00,1.00
2016.08.17 04:52:49.743,1.55218,1.55258,1.00,1.00
2016.08.17 04:52:49.794,1.55218,1.55256,1.00,1.00
2016.08.17 04:52:49.945,1.55218,1.55256,1.00,1.60
2016.08.17 04:52:50.400,1.55219,1.55254,1.00,1.60
2016.08.17 04:52:50.501,1.55221,1.5525,1.00,1.00
2016.08.17 04:52:50.805,1.55218,1.55246,1.00,1.00
2016.08.17 04:52:51.471,1.55217,1.55257,1.37,1.00
2016.08.17 04:52:51.522,1.55227,1.55267,1.00,1.00
2016.08.17 04:52:52.378,1.55225,1.55267,1.00,1.00
2016.08.17 04:52:52.429,1.55225,1.55256,1.50,1.00
2016.08.17 04:52:52.481,1.55225,1.55256,1.00,1.00
2016.08.17 04:52:52.532,1.5523,1.55265,1.00,1.00
2016.08.17 04:52:52.634,1.55234,1.55266,1.00,1.00
2016.08.17 04:52:52.907,1.55235,1.55266,1.00,1.00
2016.08.17 04:52:52.961,1.55234,1.55266,1.00,1.00
2016.08.17 04:52:53.012,1.55234,1.55275,1.50,1.60
2016.08.17 04:52:53.065,1.55234,1.55276,1.00,1.60
2016.08.17 04:52:53.166,1.55234,1.55276,1.00,2.10
2016.08.17 04:52:53.217,1.55227,1.55276,1.20,2.10
2016.08.17 04:52:53.268,1.55227,1.55276,1.95,1.60
2016.08.17 04:52:53.608,1.55233,1.55277,1.00,2.10
2016.08.17 04:52:53.811,1.55233,1.55272,1.00,1.60
2016.08.17 04:52:54.064,1.55235,1.55272,1.00,1.60
2016.08.17 04:52:54.166,1.55235,1.55272,1.00,2.10
2016.08.17 04:52:54.431,1.55234,1.55272,1.00,1.60
2016.08.17 04:52:54.482,1.55234,1.55281,1.72,1.37
2016.08.17 04:52:54.532,1.55243,1.55281,1.00,1.00
2016.08.17 04:52:54.583,1.5526,1.55281,1.00,1.00
2016.08.17 04:52:54.689,1.55251,1.55281,1.12,1.00
2016.08.17 04:52:54.958,1.55251,1.55302,1.50,2.85
2016.08.17 04:52:55.061,1.55274,1.55302,1.00,1.60
2016.08.17 04:52:55.246,1.55264,1.55306,1.00,3.22
2016.08.17 04:52:55.297,1.55264,1.55302,1.00,2.10
2016.08.17 04:52:55.657,1.55274,1.55302,1.00,1.60
2016.08.17 04:52:55.707,1.55274,1.55315,1.00,2.10
2016.08.17 04:52:55.758,1.55274,1.55313,1.00,1.60
2016.08.17 04:52:55.859,1.55274,1.55315,1.00,1.00
2016.08.17 04:52:56.143,1.55274,1.55315,1.00,1.50
2016.08.17 04:52:56.196,1.55263,1.55315,1.00,1.00
2016.08.17 04:52:56.449,1.55274,1.55315,1.00,1.00
2016.08.17 04:52:57.021,1.55268,1.55315,1.00,1.00
2016.08.17 04:52:57.072,1.55264,1.55317,1.50,1.00
2016.08.17 04:52:57.123,1.55275,1.55324,1.00,1.00
2016.08.17 04:52:57.174,1.55275,1.55327,1.00,1.00
2016.08.17 04:52:57.258,1.55278,1.55326,1.00,1.00
2016.08.17 04:52:57.359,1.55294,1.55328,1.00,1.00
2016.08.17 04:52:57.410,1.55294,1.55335,1.00,1.87
2016.08.17 04:52:57.720,1.55294,1.55334,1.00,1.00
2016.08.17 04:52:57.950,1.55294,1.55333,1.00,1.00
2016.08.17 04:52:58.581,1.55293,1.55337,1.00,2.25
2016.08.17 04:52:58.649,1.55293,1.55337,1.50,1.75
2016.08.17 04:52:58.700,1.55293,1.55337,1.87,1.37
2016.08.17 04:52:58.751,1.55296,1.55336,1.00,1.00
2016.08.17 04:52:58.852,1.55304,1.55346,1.00,1.75
2016.08.17 04:52:58.903,1.55304,1.55346,1.00,1.95
2016.08.17 04:52:58.953,1.55304,1.55346,1.00,1.57
2016.08.17 04:52:59.004,1.55304,1.55346,1.00,1.37
2016.08.17 04:52:59.560,1.55304,1.55346,1.00,1.50
2016.08.17 04:52:59.611,1.55288,1.55336,1.00,1.95
2016.08.17 04:52:59.662,1.55288,1.55335,1.00,1.20
2016.08.17 04:52:59.713,1.55279,1.55335,1.50,1.85
2016.08.17 04:52:59.815,1.55279,1.55335,1.50,1.95
2016.08.17 04:52:59.866,1.55279,1.5533,1.50,1.30
2016.08.17 04:52:59.917,1.55277,1.5533,1.20,1.72
2016.08.17 04:52:59.968,1.55277,1.55327,1.20,1.00
2016.08.17 04:53:00.226,1.55272,1.55327,1.20,1.37
2016.08.17 04:53:00.277,1.55261,1.55316,1.75,1.37
2016.08.17 04:53:00.347,1.5526,1.55317,1.75,2.32
2016.08.17 04:53:00.398,1.55264,1.55317,1.12,1.75
2016.08.17 04:53:00.449,1.55264,1.55316,1.87,1.75
2016.08.17 04:53:00.500,1.55264,1.55316,1.12,1.75
2016.08.17 04:53:00.601,1.55264,1.55316,1.37,1.37
2016.08.17 04:53:00.652,1.55264,1.55316,1.75,1.00
2016.08.17 04:53:01.048,1.55274,1.5532,1.00,1.50
2016.08.17 04:53:01.251,1.55264,1.55316,1.75,1.00
2016.08.17 04:53:01.403,1.55268,1.55316,1.20,1.00
2016.08.17 04:53:01.454,1.55273,1.55315,1.00,1.00
2016.08.17 04:53:01.813,1.55273,1.5531,1.00,1.00
2016.08.17 04:53:01.868,1.55268,1.55312,1.75,1.00
2016.08.17 04:53:01.919,1.55268,1.55312,1.75,1.00
2016.08.17 04:53:02.020,1.55268,1.55313,1.75,1.00
2016.08.17 04:53:02.234,1.55265,1.55309,1.75,1.00
2016.08.17 04:53:02.285,1.55265,1.55309,1.37,1.00
2016.08.17 04:53:02.335,1.55265,1.55309,1.00,1.00
2016.08.17 04:53:02.678,1.55268,1.55312,1.57,1.00
2016.08.17 04:53:02.729,1.55274,1.55316,1.00,1.00
2016.08.17 04:53:03.036,1.55274,1.55314,1.00,1.00
2016.08.17 04:53:03.771,1.55274,1.55316,1.00,1.00
2016.08.17 04:53:04.126,1.55272,1.55316,1.12,1.87
2016.08.17 04:53:04.177,1.55265,1.55309,1.50,1.00
2016.08.17 04:53:04.640,1.55265,1.55309,1.50,1.00
2016.08.17 04:53:04.691,1.55264,1.55308,1.75,1.00
2016.08.17 04:53:05.197,1.55263,1.55308,1.75,1.00
2016.08.17 04:53:05.868,1.55265,1.55309,1.50,1.00
2016.08.17 04:53:05.969,1.55265,1.55309,1.50,1.00
2016.08.17 04:53:06.070,1.55265,1.55309,1.50,1.00
2016.08.17 04:53:06.171,1.55265,1.55309,1.50,1.00
2016.08.17 04:53:06.430,1.55265,1.55309,1.50,1.00
2016.08.17 04:53:06.531,1.55268,1.55306,1.00,1.00
2016.08.17 04:53:06.936,1.55265,1.55303,1.50,1.00
2016.08.17 04:53:07.037,1.55265,1.55303,1.37,1.00
2016.08.17 04:53:07.088,1.55265,1.55303,1.00,1.00
2016.08.17 04:53:07.662,1.55266,1.55304,1.00,1.00
2016.08.17 04:53:07.764,1.55263,1.55303,1.00,1.00
2016.08.17 04:53:07.865,1.55262,1.55302,1.00,1.00
2016.08.17 04:53:08.017,1.55262,1.55302,1.00,1.00
2016.08.17 04:53:08.068,1.5526,1.55298,1.12,1.00
2016.08.17 04:53:08.118,1.5526,1.55298,1.00,1.00
2016.08.17 04:53:08.408,1.55253,1.55305,1.12,1.75
2016.08.17 04:53:08.488,1.55254,1.55305,1.00,1.75
2016.08.17 04:53:08.590,1.55263,1.55305,1.00,1.75
2016.08.17 04:53:08.641,1.55263,1.55305,1.00,1.75
2016.08.17 04:53:08.691,1.55263,1.55305,1.00,1.00
2016.08.17 04:53:09.154,1.55264,1.55308,1.00,1.00
2016.08.17 04:53:09.306,1.55264,1.55308,1.00,1.00
2016.08.17 04:53:09.431,1.55264,1.55308,1.00,1.00
2016.08.17 04:53:10.338,1.55264,1.5531,1.00,1.00
2016.08.17 04:53:10.439,1.55264,1.5531,1.00,1.00
2016.08.17 04:53:10.490,1.55264,1.55316,1.37,1.87
2016.08.17 04:53:10.541,1.55264,1.55316,1.75,1.87
2016.08.17 04:53:10.815,1.55264,1.55315,1.37,2.70
2016.08.17 04:53:10.866,1.55264,1.55311,1.00,1.37
2016.08.17 04:53:11.271,1.55264,1.55307,1.00,1.00
2016.08.17 04:53:11.813,1.55264,1.55308,1.50,1.00
2016.08.17 04:53:12.194,1.55264,1.55307,1.00,1.00
2016.08.17 04:53:12.297,1.55263,1.55307,1.50,1.00
2016.08.17 04:53:12.347,1.55267,1.55311,1.00,1.50
2016.08.17 04:53:12.398,1.55267,1.55311,1.00,1.37
2016.08.17 04:53:12.689,1.55271,1.55309,1.00,1.00
2016.08.17 04:53:12.942,1.55269,1.55307,1.00,1.00
2016.08.17 04:53:13.145,1.55269,1.55307,1.00,1.00
2016.08.17 04:53:13.246,1.55274,1.55314,1.00,1.00
2016.08.17 04:53:13.297,1.55274,1.55314,1.00,1.00
2016.08.17 04:53:13.575,1.55274,1.55314,1.00,1.00
2016.08.17 04:53:13.641,1.55284,1.55329,1.00,1.12
2016.08.17 04:53:13.691,1.55283,1.55325,1.37,1.00
2016.08.17 04:53:13.742,1.55283,1.55325,1.75,1.00
2016.08.17 04:53:14.522,1.55284,1.55325,1.00,1.50
2016.08.17 04:53:14.573,1.55276,1.55317,1.20,1.00
2016.08.17 04:53:14.623,1.55273,1.55317,2.25,1.00
2016.08.17 04:53:14.876,1.55274,1.55317,1.12,1.00
2016.08.17 04:53:14.978,1.55274,1.5532,1.87,1.00
2016.08.17 04:53:15.079,1.55278,1.55315,1.00,1.00
2016.08.17 04:53:15.824,1.55278,1.55315,1.00,1.00
2016.08.17 04:53:16.127,1.55278,1.55315,1.50,1.00
2016.08.17 04:53:16.229,1.55278,1.55315,1.00,1.00
2016.08.17 04:53:16.280,1.55275,1.55313,1.50,1.00
2016.08.17 04:53:16.331,1.55275,1.55313,1.00,1.00
2016.08.17 04:53:16.635,1.5528,1.55316,1.00,1.00
2016.08.17 04:53:16.787,1.55277,1.55314,1.00,1.00
2016.08.17 04:53:17.090,1.55277,1.55314,1.37,1.00
2016.08.17 04:53:17.141,1.55277,1.55314,1.75,1.00
2016.08.17 04:53:17.293,1.55275,1.55312,1.87,1.00
2016.08.17 04:53:17.344,1.55275,1.55312,1.50,1.00
2016.08.17 04:53:17.497,1.55275,1.55312,1.50,1.00
2016.08.17 04:53:17.900,1.55277,1.55312,1.00,1.00
2016.08.17 04:53:17.951,1.55275,1.55312,1.00,1.00
2016.08.17 04:53:18.052,1.55276,1.55311,1.00,1.00
2016.08.17 04:53:18.154,1.55275,1.55311,1.50,1.00
2016.08.17 04:53:18.306,1.55274,1.5531,2.25,1.00
2016.08.17 04:53:18.356,1.55277,1.55315,1.00,1.00
2016.08.17 04:53:18.458,1.5528,1.55316,1.00,1.00
2016.08.17 04:53:18.509,1.55284,1.55316,1.00,1.00
2016.08.17 04:53:18.850,1.55279,1.55315,1.00,1.00
2016.08.17 04:53:19.155,1.55279,1.55315,1.00,1.00
2016.08.17 04:53:19.205,1.55275,1.5531,1.00,1.00
2016.08.17 04:53:19.952,1.55274,1.55308,1.50,1.00
2016.08.17 04:53:20.206,1.55274,1.55308,1.00,1.00
2016.08.17 04:53:20.257,1.55274,1.55308,1.50,1.00
2016.08.17 04:53:20.358,1.55274,1.55308,1.00,1.00
2016.08.17 04:53:20.767,1.55274,1.55308,1.50,1.00
2016.08.17 04:53:21.633,1.55274,1.55308,1.00,1.00
2016.08.17 04:53:21.937,1.55274,1.55308,1.50,1.00
2016.08.17 04:53:22.351,1.55274,1.5531,1.50,1.00
2016.08.17 04:53:22.402,1.55274,1.5531,1.00,1.00
2016.08.17 04:53:22.836,1.55274,1.5531,1.50,1.00
2016.08.17 04:53:22.887,1.55275,1.55311,1.00,1.00
2016.08.17 04:53:22.937,1.55275,1.55311,1.50,1.00
2016.08.17 04:53:23.963,1.55276,1.55313,1.00,1.00
2016.08.17 04:53:24.567,1.55275,1.55313,1.50,1.00
2016.08.17 04:53:24.668,1.55275,1.55313,1.00,1.00
2016.08.17 04:53:25.160,1.55275,1.55313,1.00,1.00
2016.08.17 04:53:25.211,1.55273,1.55307,1.00,1.00
2016.08.17 04:53:25.610,1.5527,1.55307,1.00,1.00
2016.08.17 04:53:25.712,1.55274,1.55307,1.00,1.00
2016.08.17 04:53:26.301,1.55274,1.55303,1.00,1.00
2016.08.17 04:53:26.577,1.55274,1.55305,1.00,1.00
2016.08.17 04:53:27.310,1.55273,1.55304,1.00,1.00
2016.08.17 04:53:27.412,1.55269,1.55302,1.00,1.00
2016.08.17 04:53:27.462,1.55269,1.55302,1.00,1.00
2016.08.17 04:53:27.513,1.55267,1.553,1.00,1.00
2016.08.17 04:53:27.564,1.55267,1.553,1.00,1.00
2016.08.17 04:53:27.855,1.55258,1.55287,1.00,1.00
2016.08.17 04:53:28.312,1.55264,1.55288,1.00,1.00
2016.08.17 04:53:28.932,1.55263,1.55292,1.00,1.00
2016.08.17 04:53:29.034,1.55264,1.55294,1.00,1.00
2016.08.17 04:53:29.540,1.55264,1.55293,1.00,1.00
2016.08.17 04:53:29.889,1.55273,1.55295,1.00,1.00
2016.08.17 04:53:30.092,1.55274,1.55301,1.00,1.00
2016.08.17 04:53:30.193,1.5527,1.55302,1.00,1.00
2016.08.17 04:53:30.294,1.55284,1.55302,1.00,1.00
2016.08.17 04:53:30.915,1.55284,1.55306,1.00,1.00
2016.08.17 04:53:31.221,1.55274,1.55309,1.00,1.12
2016.08.17 04:53:31.323,1.55273,1.55312,1.50,1.00
2016.08.17 04:53:31.424,1.55283,1.55319,1.00,1.75
2016.08.17 04:53:31.745,1.55293,1.55322,1.00,1.00
2016.08.17 04:53:31.796,1.55292,1.5533,1.37,1.00
2016.08.17 04:53:31.847,1.55292,1.5533,1.75,1.00
2016.08.17 04:53:31.897,1.55294,1.5533,1.50,1.00
2016.08.17 04:53:31.999,1.55294,1.55342,1.50,1.00
2016.08.17 04:53:32.100,1.55304,1.55342,1.00,1.00
2016.08.17 04:53:32.201,1.55304,1.55342,1.75,1.00
2016.08.17 04:53:32.303,1.55304,1.5535,1.75,1.00
2016.08.17 04:53:32.629,1.55307,1.5535,1.20,1.00
2016.08.17 04:53:32.783,1.55309,1.5535,1.10,1.00
2016.08.17 04:53:32.885,1.55303,1.5535,1.37,1.00
2016.08.17 04:53:32.936,1.55303,1.5535,1.00,1.00
2016.08.17 04:53:33.886,1.55306,1.55344,1.00,1.00
2016.08.17 04:53:34.652,1.55303,1.5534,1.00,1.00
2016.08.17 04:53:35.884,1.55303,1.55338,1.00,1.00
2016.08.17 04:53:36.239,1.55303,1.55338,1.50,1.00
2016.08.17 04:53:36.341,1.55303,1.55338,1.00,1.00
2016.08.17 04:53:36.492,1.553,1.55336,1.00,1.00
2016.08.17 04:53:36.786,1.55299,1.55334,1.00,1.00
2016.08.17 04:53:36.840,1.55303,1.55333,1.00,1.00
2016.08.17 04:53:37.927,1.55296,1.55334,1.00,1.00
2016.08.17 04:53:38.513,1.55298,1.55334,1.00,1.00
2016.08.17 04:53:39.127,1.55301,1.5533,1.00,1.00
2016.08.17 04:53:39.178,1.55293,1.55321,1.00,1.00
2016.08.17 04:53:39.330,1.55293,1.55325,1.00,1.00
2016.08.17 04:53:39.435,1.55293,1.55323,1.50,1.00
2016.08.17 04:53:39.546,1.55294,1.55323,1.00,1.00
2016.08.17 04:53:39.967,1.55293,1.55323,1.50,1.00
2016.08.17 04:53:40.018,1.55294,1.55325,1.00,1.00
2016.08.17 04:53:40.119,1.55294,1.55325,1.50,1.00
2016.08.17 04:53:41.403,1.55294,1.55325,1.00,1.00
2016.08.17 04:53:41.455,1.55293,1.55325,1.50,1.00
2016.08.17 04:53:41.506,1.55293,1.5532,1.00,1.00
2016.08.17 04:53:41.557,1.5529,1.5532,1.00,1.00
2016.08.17 04:53:41.658,1.55294,1.5532,1.00,1.00
2016.08.17 04:53:41.862,1.5529,1.5532,1.00,1.00
2016.08.17 04:53:42.200,1.55278,1.55316,1.00,2.10
2016.08.17 04:53:42.352,1.55278,1.55316,1.00,1.00
2016.08.17 04:53:42.402,1.55282,1.55312,1.00,1.00
2016.08.17 04:53:42.554,1.55283,1.55312,1.00,1.00
2016.08.17 04:53:43.068,1.55283,1.55316,1.00,1.00
2016.08.17 04:53:43.220,1.55283,1.55311,1.00,1.00
2016.08.17 04:53:44.022,1.55283,1.5531,1.00,1.00
2016.08.17 04:53:44.325,1.55285,1.55313,1.00,1.00
2016.08.17 04:53:44.833,1.55285,1.55314,1.00,1.00
2016.08.17 04:53:44.934,1.55286,1.5532,1.00,1.00
2016.08.17 04:53:45.652,1.55283,1.55318,1.50,1.00
2016.08.17 04:53:45.754,1.55285,1.55322,1.00,1.00
2016.08.17 04:53:45.956,1.55294,1.55321,1.00,1.00
2016.08.17 04:53:46.848,1.55293,1.55325,1.00,1.00
2016.08.17 04:53:46.958,1.5529,1.55325,1.00,1.00
2016.08.17 04:53:47.012,1.55292,1.5533,1.00,1.00
2016.08.17 04:53:47.164,1.55293,1.5533,1.00,1.00
2016.08.17 04:53:47.370,1.55292,1.5533,1.00,1.00
2016.08.17 04:53:47.421,1.55297,1.55332,1.00,1.00
2016.08.17 04:53:48.036,1.55304,1.55332,1.00,1.00
2016.08.17 04:53:48.964,1.55297,1.55332,1.00,1.00
2016.08.17 04:53:49.274,1.55294,1.55329,1.00,1.00
2016.08.17 04:53:50.091,1.55294,1.55329,1.50,1.00
2016.08.17 04:53:50.174,1.55294,1.55329,1.00,1.00
2016.08.17 04:53:50.275,1.55294,1.55329,1.50,1.00
2016.08.17 04:53:50.427,1.55296,1.55329,1.00,1.00
2016.08.17 04:53:51.160,1.55297,1.55328,1.00,1.00
2016.08.17 04:53:52.385,1.55303,1.5533,1.00,1.00
2016.08.17 04:53:52.436,1.55303,1.55333,1.00,1.00
2016.08.17 04:53:53.836,1.55303,1.55333,1.50,1.00
2016.08.17 04:53:57.340,1.55304,1.55333,1.00,1.00
2016.08.17 04:53:57.954,1.55303,1.55333,1.00,1.00
2016.08.17 04:53:58.876,1.55303,1.55334,1.00,1.00
2016.08.17 04:53:59.079,1.55301,1.55334,1.00,1.00
2016.08.17 04:53:59.545,1.55299,1.5533,1.00,1.00
2016.08.17 04:54:00.561,1.55299,1.55328,1.00,1.00
2016.08.17 04:54:01.199,1.55303,1.55332,1.00,1.00
2016.08.17 04:54:01.695,1.55301,1.5533,1.00,1.00
2016.08.17 04:54:08.074,1.55302,1.55333,1.00,1.00
2016.08.17 04:54:09.580,1.553,1.55329,1.00,1.00
2016.08.17 04:54:10.269,1.553,1.55331,1.00,1.00
2016.08.17 04:54:10.492,1.55302,1.55332,1.00,1.00
2016.08.17 04:54:11.238,1.55306,1.55336,1.00,1.00
2016.08.17 04:54:11.745,1.55306,1.55337,1.00,1.00
2016.08.17 04:54:12.208,1.55308,1.55337,1.00,1.00
2016.08.17 04:54:12.815,1.55307,1.55339,1.00,1.00
2016.08.17 04:54:13.386,1.55309,1.55339,1.00,1.00
2016.08.17 04:54:13.437,1.55309,1.55339,1.00,1.00
2016.08.17 04:54:13.543,1.5531,1.55348,1.00,1.00
2016.08.17 04:54:13.593,1.55318,1.5535,1.00,1.00
2016.08.17 04:54:13.695,1.5531,1.5534,1.00,1.00
2016.08.17 04:54:16.158,1.55308,1.5534,1.00,1.00
2016.08.17 04:54:16.209,1.5531,1.55339,1.00,1.00
2016.08.17 04:54:17.602,1.55312,1.55341,1.00,1.00
2016.08.17 04:54:19.406,1.55311,1.5534,1.00,1.00
2016.08.17 04:54:19.943,1.55309,1.55338,1.00,1.00
2016.08.17 04:54:20.196,1.55309,1.5534,1.00,1.00
2016.08.17 04:54:20.829,1.55308,1.55339,1.00,1.00
2016.08.17 04:54:21.332,1.55307,1.55338,1.00,1.00
2016.08.17 04:54:22.715,1.55305,1.55338,1.00,1.00
2016.08.17 04:54:24.206,1.55307,1.55339,1.00,1.00
2016.08.17 04:54:24.510,1.55309,1.55339,1.00,1.00
2016.08.17 04:54:26.926,1.55306,1.55337,1.00,1.00
2016.08.17 04:54:32.327,1.55307,1.55337,1.00,1.00
2016.08.17 04:54:33.025,1.55308,1.55336,1.00,1.00
2016.08.17 04:54:33.569,1.55309,1.55337,1.00,1.00
2016.08.17 04:54:34.075,1.55308,1.55338,1.00,1.00
2016.08.17 04:54:34.400,1.55308,1.55336,1.00,1.00
2016.08.17 04:54:35.057,1.55307,1.55337,1.00,1.00
2016.08.17 04:54:39.673,1.55306,1.55335,1.00,1.00
2016.08.17 04:54:40.100,1.55306,1.55337,1.00,1.00
2016.08.17 04:54:41.434,1.55309,1.55339,1.00,1.00
2016.08.17 04:54:41.738,1.55314,1.5534,1.00,1.00
2016.08.17 04:54:42.142,1.55309,1.55338,1.00,1.00
2016.08.17 04:54:42.436,1.5531,1.55341,1.00,1.00
2016.08.17 04:54:42.487,1.55314,1.55341,1.00,1.00
2016.08.17 04:54:44.538,1.55314,1.55343,1.00,1.00
2016.08.17 04:54:45.068,1.55314,1.55344,1.00,1.00
2016.08.17 04:54:45.580,1.55314,1.55342,1.00,1.00
2016.08.17 04:54:45.630,1.55311,1.55342,1.00,1.00
2016.08.17 04:54:46.086,1.55308,1.55338,1.00,1.00
2016.08.17 04:54:46.136,1.55308,1.5534,1.00,1.00
2016.08.17 04:54:46.349,1.55314,1.55338,1.00,1.00
2016.08.17 04:54:47.546,1.55314,1.55339,1.00,1.00
2016.08.17 04:54:48.594,1.55314,1.55341,1.00,1.00
2016.08.17 04:54:48.885,1.5531,1.55341,1.00,1.00
2016.08.17 04:54:48.936,1.55308,1.55339,1.00,1.00
2016.08.17 04:54:49.037,1.55313,1.55338,1.00,1.00
2016.08.17 04:54:49.341,1.55314,1.55336,1.00,1.00
2016.08.17 04:54:49.934,1.55313,1.55336,1.00,1.00
2016.08.17 04:54:50.148,1.55307,1.55336,1.00,1.00
2016.08.17 04:54:50.199,1.55309,1.55342,1.00,1.00
2016.08.17 04:54:50.706,1.55314,1.55343,1.00,1.00
2016.08.17 04:54:50.763,1.55313,1.55344,1.50,1.00
2016.08.17 04:54:50.864,1.55323,1.55344,1.00,1.00
2016.08.17 04:54:51.483,1.55324,1.55344,1.00,1.00
2016.08.17 04:54:52.568,1.55313,1.55344,1.50,1.00
2016.08.17 04:54:52.771,1.55314,1.55344,1.00,1.00
2016.08.17 04:54:53.207,1.55319,1.5535,1.00,1.00
2016.08.17 04:54:53.258,1.55323,1.5535,1.00,1.00
2016.08.17 04:54:53.570,1.55323,1.55352,1.00,1.00
2016.08.17 04:54:54.598,1.55327,1.55356,1.00,1.00
2016.08.17 04:54:54.699,1.55332,1.55361,1.00,1.00
2016.08.17 04:54:54.800,1.55333,1.55364,1.00,1.00
2016.08.17 04:54:54.902,1.55336,1.55366,1.00,1.00
2016.08.17 04:54:55.003,1.55333,1.5536,1.00,1.00
2016.08.17 04:54:55.066,1.55328,1.55356,1.00,1.00
2016.08.17 04:54:55.435,1.55326,1.55355,1.00,1.00
2016.08.17 04:54:56.666,1.55327,1.55356,1.00,1.00
2016.08.17 04:54:57.821,1.55333,1.55361,1.00,1.00
2016.08.17 04:54:57.872,1.55334,1.55366,1.00,1.00
2016.08.17 04:54:57.923,1.55334,1.55366,1.00,1.00
2016.08.17 04:54:57.974,1.55344,1.55372,1.00,1.00
2016.08.17 04:54:58.075,1.55344,1.55375,1.50,1.00
2016.08.17 04:54:58.383,1.55346,1.55376,1.00,1.00
2016.08.17 04:54:58.679,1.55354,1.55376,1.00,1.00
2016.08.17 04:54:58.758,1.55351,1.5538,1.00,1.00
2016.08.17 04:54:58.960,1.55374,1.5538,1.00,1.00
2016.08.17 04:54:59.011,1.55376,1.55401,1.00,1.00
2016.08.17 04:54:59.062,1.55376,1.55405,1.00,1.75
2016.08.17 04:54:59.112,1.55379,1.55408,1.00,1.00
2016.08.17 04:54:59.163,1.55393,1.55408,1.00,1.00
2016.08.17 04:54:59.695,1.55383,1.55408,1.00,1.00
2016.08.17 04:54:59.748,1.55383,1.55429,1.00,1.00
2016.08.17 04:55:00.410,1.55378,1.55429,1.00,1.00
2016.08.17 04:55:00.461,1.55384,1.55429,1.00,1.00
2016.08.17 04:55:00.663,1.55378,1.55426,1.00,1.00
2016.08.17 04:55:00.714,1.55385,1.55423,1.00,1.00
2016.08.17 04:55:01.274,1.55386,1.55424,1.00,1.00
2016.08.17 04:55:01.324,1.55388,1.55425,1.00,1.00
2016.08.17 04:55:01.426,1.55389,1.55427,1.00,1.00
2016.08.17 04:55:01.733,1.55383,1.55415,1.00,1.00
2016.08.17 04:55:01.783,1.5538,1.55415,1.12,1.00
2016.08.17 04:55:01.834,1.55379,1.55411,1.37,1.00
2016.08.17 04:55:02.143,1.55374,1.55407,1.00,1.00
2016.08.17 04:55:02.194,1.55353,1.55395,1.00,1.00
2016.08.17 04:55:02.296,1.55345,1.55395,1.37,1.00
2016.08.17 04:55:02.347,1.55345,1.55395,1.00,1.00
2016.08.17 04:55:02.398,1.55345,1.55395,1.00,1.00
2016.08.17 04:55:03.024,1.55344,1.55383,1.00,1.00
2016.08.17 04:55:03.076,1.55344,1.55383,1.50,1.00
2016.08.17 04:55:03.127,1.55345,1.55383,1.00,1.00
2016.08.17 04:55:03.330,1.55344,1.55375,1.00,1.00
2016.08.17 04:55:03.483,1.55339,1.55375,1.00,1.00
2016.08.17 04:55:03.534,1.55336,1.55375,1.00,1.00
2016.08.17 04:55:04.126,1.55337,1.55374,1.00,1.00
2016.08.17 04:55:04.177,1.55345,1.5538,1.00,1.00
2016.08.17 04:55:04.227,1.55343,1.55377,1.00,1.00
2016.08.17 04:55:05.500,1.55345,1.5538,1.00,1.00
2016.08.17 04:55:05.702,1.55347,1.55385,1.00,1.00
2016.08.17 04:55:07.339,1.55348,1.55385,1.00,1.00
2016.08.17 04:55:07.541,1.55346,1.55385,1.00,1.00
2016.08.17 04:55:07.643,1.55344,1.5538,1.00,1.00
2016.08.17 04:55:07.694,1.55343,1.5538,1.00,1.00
2016.08.17 04:55:07.744,1.55346,1.55381,1.00,1.00
2016.08.17 04:55:08.359,1.55354,1.55381,1.00,1.00
2016.08.17 04:55:08.414,1.55354,1.5539,1.00,1.00
2016.08.17 04:55:08.617,1.55354,1.55386,1.00,1.00
2016.08.17 04:55:08.719,1.55343,1.55395,1.00,1.00
2016.08.17 04:55:08.770,1.55343,1.55395,1.00,1.00
2016.08.17 04:55:09.148,1.55354,1.55395,1.00,1.00
2016.08.17 04:55:09.199,1.55353,1.55395,1.00,1.00
2016.08.17 04:55:09.301,1.55344,1.55395,1.60,1.00
2016.08.17 04:55:09.403,1.55346,1.55384,1.00,1.00
2016.08.17 04:55:10.540,1.55351,1.55387,1.00,1.00
2016.08.17 04:55:10.743,1.55343,1.55382,1.50,1.00
2016.08.17 04:55:10.793,1.55344,1.55382,1.00,1.00
2016.08.17 04:55:11.708,1.55343,1.55382,1.50,1.00
2016.08.17 04:55:12.193,1.55344,1.55382,1.00,1.00
2016.08.17 04:55:12.528,1.55344,1.55379,1.00,1.00
2016.08.17 04:55:13.512,1.55342,1.55379,1.00,1.00
2016.08.17 04:55:13.715,1.55344,1.55375,1.00,1.00
2016.08.17 04:55:14.204,1.55344,1.55373,1.00,1.00
2016.08.17 04:55:15.186,1.55344,1.55372,1.00,1.00
2016.08.17 04:55:16.432,1.55344,1.55375,1.00,1.00
2016.08.17 04:55:16.736,1.55343,1.55387,1.00,1.00
2016.08.17 04:55:16.787,1.55343,1.55387,1.00,1.00
2016.08.17 04:55:16.838,1.55353,1.55388,1.00,1.00
2016.08.17 04:55:16.889,1.55353,1.55388,1.00,1.00
2016.08.17 04:55:16.940,1.55353,1.55385,1.00,1.00
2016.08.17 04:55:17.258,1.55345,1.5538,1.00,1.00
2016.08.17 04:55:17.308,1.55345,1.5538,1.00,1.00
2016.08.17 04:55:17.460,1.55343,1.55387,1.00,1.00
2016.08.17 04:55:17.713,1.55343,1.55387,1.00,1.00
2016.08.17 04:55:18.161,1.55353,1.55386,1.00,1.00
2016.08.17 04:55:18.546,1.55353,1.5539,1.50,1.00
2016.08.17 04:55:18.596,1.55364,1.5539,1.00,1.00
2016.08.17 04:55:18.728,1.55354,1.55389,1.00,1.00
2016.08.17 04:55:18.997,1.55364,1.5539,1.00,1.00
2016.08.17 04:55:19.199,1.55354,1.55386,1.00,1.00
2016.08.17 04:55:19.301,1.55349,1.55386,1.00,1.00
2016.08.17 04:55:19.604,1.5535,1.55385,1.00,1.00
2016.08.17 04:55:19.974,1.55346,1.55383,1.00,1.00
2016.08.17 04:55:20.176,1.55349,1.55384,1.00,1.00
2016.08.17 04:55:20.736,1.55346,1.55384,1.50,1.00
2016.08.17 04:55:20.837,1.55348,1.55386,1.00,1.00
2016.08.17 04:55:21.146,1.55346,1.55383,1.00,1.00
2016.08.17 04:55:21.231,1.55346,1.55383,1.00,1.00
2016.08.17 04:55:21.536,1.55353,1.55383,1.00,1.00
2016.08.17 04:55:21.637,1.55353,1.55385,1.00,1.00
2016.08.17 04:55:21.789,1.55353,1.55385,1.00,1.00
2016.08.17 04:55:22.802,1.55354,1.55385,1.00,1.00
2016.08.17 04:55:23.703,1.55348,1.55385,1.00,1.00
2016.08.17 04:55:23.754,1.55348,1.55388,1.00,1.00
2016.08.17 04:55:23.805,1.55354,1.55388,1.00,1.00
2016.08.17 04:55:24.565,1.55348,1.55388,1.00,1.00
2016.08.17 04:55:24.617,1.55349,1.55386,1.00,1.00
2016.08.17 04:55:24.668,1.55347,1.55386,1.50,1.00
2016.08.17 04:55:24.946,1.55347,1.55386,1.00,1.00
2016.08.17 04:55:25.454,1.55349,1.55387,1.00,1.00
2016.08.17 04:55:25.556,1.55353,1.55387,1.00,1.00
2016.08.17 04:55:25.760,1.55349,1.55387,1.00,1.00
2016.08.17 04:55:26.321,1.5535,1.55384,1.00,1.00
2016.08.17 04:55:26.372,1.55345,1.55381,1.00,1.00
2016.08.17 04:55:26.901,1.55344,1.55381,1.00,1.00
2016.08.17 04:55:27.256,1.55344,1.55381,1.50,1.00
2016.08.17 04:55:27.358,1.55341,1.55378,1.00,1.00
2016.08.17 04:55:27.408,1.55341,1.55378,1.00,1.00
2016.08.17 04:55:27.485,1.55337,1.55375,1.50,1.00
2016.08.17 04:55:27.536,1.55337,1.55375,1.00,1.00
2016.08.17 04:55:27.738,1.55343,1.55375,1.00,1.00
2016.08.17 04:55:27.854,1.55343,1.55377,1.00,1.00
2016.08.17 04:55:28.175,1.55343,1.5538,1.00,1.00
2016.08.17 04:55:28.227,1.55343,1.5538,1.00,1.00
2016.08.17 04:55:28.378,1.55338,1.55375,1.00,1.00
2016.08.17 04:55:28.631,1.55338,1.55372,1.00,1.00
2016.08.17 04:55:28.682,1.55335,1.55372,1.00,1.00
2016.08.17 04:55:29.236,1.55333,1.55372,1.00,1.00
2016.08.17 04:55:29.760,1.55333,1.5537,1.00,1.00
2016.08.17 04:55:30.296,1.55334,1.5537,1.00,1.00
2016.08.17 04:55:30.868,1.55335,1.55367,1.00,1.00
2016.08.17 04:55:31.414,1.55335,1.55368,1.00,1.00
2016.08.17 04:55:32.764,1.55327,1.55361,1.00,1.00
2016.08.17 04:55:33.166,1.55328,1.55364,1.00,1.00
2016.08.17 04:55:33.268,1.55332,1.55364,1.00,1.00
2016.08.17 04:55:33.834,1.55336,1.55366,1.00,1.00
2016.08.17 04:55:34.890,1.55335,1.55367,1.00,1.00
2016.08.17 04:55:35.460,1.55334,1.55365,1.00,1.00
2016.08.17 04:55:35.562,1.55332,1.55365,1.00,1.00
2016.08.17 04:55:35.973,1.55331,1.55363,1.00,1.00
2016.08.17 04:55:36.599,1.5533,1.55363,1.00,1.00
2016.08.17 04:55:36.960,1.5533,1.55361,1.00,1.00
2016.08.17 04:55:37.323,1.55326,1.55359,1.00,1.00
2016.08.17 04:55:37.683,1.55328,1.55359,1.00,1.00
2016.08.17 04:55:37.936,1.55328,1.55359,1.00,1.60
2016.08.17 04:55:37.987,1.55318,1.5536,1.00,1.60
2016.08.17 04:55:38.038,1.55318,1.55357,1.00,1.50
2016.08.17 04:55:38.089,1.55313,1.55346,1.00,1.00
2016.08.17 04:55:38.191,1.55309,1.55341,1.00,1.00
2016.08.17 04:55:38.888,1.55314,1.55344,1.00,1.00
2016.08.17 04:55:39.564,1.55314,1.55345,1.00,1.00
2016.08.17 04:55:41.119,1.55314,1.55347,1.00,1.00
2016.08.17 04:55:41.170,1.55314,1.55345,1.00,1.00
2016.08.17 04:55:43.092,1.55312,1.55343,1.00,1.00
2016.08.17 04:55:43.483,1.5531,1.55341,1.00,1.00
2016.08.17 04:55:44.404,1.55299,1.55331,1.00,1.00
2016.08.17 04:55:44.505,1.553,1.55333,1.00,1.00
2016.08.17 04:55:44.929,1.55298,1.5533,1.00,1.00
2016.08.17 04:55:46.107,1.55298,1.55328,1.00,1.00
2016.08.17 04:55:46.657,1.55296,1.55326,1.00,1.00
2016.08.17 04:55:49.436,1.55295,1.55325,1.00,1.00
2016.08.17 04:55:49.944,1.55295,1.55326,1.00,1.00
2016.08.17 04:55:51.241,1.55295,1.55325,1.00,1.00
2016.08.17 04:55:53.245,1.55295,1.55328,1.00,1.00
2016.08.17 04:55:53.649,1.55293,1.55324,1.00,1.00
2016.08.17 04:55:53.967,1.55286,1.55316,1.00,1.00
2016.08.17 04:55:54.018,1.55283,1.55316,1.00,1.00
2016.08.17 04:55:54.069,1.55282,1.55316,1.50,1.00
2016.08.17 04:55:54.221,1.55282,1.55315,1.00,1.00
2016.08.17 04:55:54.272,1.55281,1.55315,1.00,1.00
2016.08.17 04:55:54.424,1.55274,1.55307,1.50,1.00
2016.08.17 04:55:54.475,1.55274,1.55307,1.00,1.00
2016.08.17 04:55:54.525,1.55273,1.55311,1.00,1.00
2016.08.17 04:55:54.576,1.55273,1.55311,1.00,1.00
2016.08.17 04:55:54.857,1.55268,1.55306,1.00,1.00
2016.08.17 04:55:54.912,1.55264,1.55306,2.25,1.00
2016.08.17 04:55:54.963,1.55274,1.55311,1.00,1.00
2016.08.17 04:55:55.316,1.55274,1.55301,1.00,1.00
2016.08.17 04:55:55.785,1.55274,1.55296,1.00,1.00
2016.08.17 04:55:56.183,1.55265,1.55297,1.00,1.00
2016.08.17 04:55:56.284,1.55274,1.55297,1.00,1.00
2016.08.17 04:55:56.335,1.5528,1.55314,1.00,1.50
2016.08.17 04:55:56.386,1.5528,1.55314,1.00,1.00
2016.08.17 04:55:56.436,1.55278,1.55317,1.00,1.00
2016.08.17 04:55:56.487,1.55297,1.55328,1.00,1.00
2016.08.17 04:55:56.538,1.55299,1.55332,1.00,1.50
2016.08.17 04:55:57.085,1.55301,1.55337,1.00,1.00
2016.08.17 04:55:57.136,1.55304,1.55348,1.00,1.50
2016.08.17 04:55:57.643,1.55303,1.55348,1.00,1.50
2016.08.17 04:55:57.744,1.55304,1.55343,1.00,1.00
2016.08.17 04:55:58.127,1.55314,1.55343,1.00,1.00
2016.08.17 04:55:59.614,1.55314,1.55341,1.00,1.00
2016.08.17 04:55:59.715,1.55314,1.55337,1.00,1.00
2016.08.17 04:55:59.919,1.55303,1.55337,1.00,1.00
2016.08.17 04:56:00.461,1.55303,1.55336,1.00,1.00
2016.08.17 04:56:00.886,1.55303,1.55336,1.60,1.00
2016.08.17 04:56:00.937,1.55308,1.55339,1.00,1.00
2016.08.17 04:56:01.039,1.55313,1.55341,1.00,1.00
2016.08.17 04:56:01.141,1.55303,1.55341,1.00,1.00
2016.08.17 04:56:01.292,1.55303,1.55341,1.50,1.00
2016.08.17 04:56:01.608,1.55314,1.55344,1.00,1.00
2016.08.17 04:56:01.659,1.55314,1.55343,1.00,1.00
2016.08.17 04:56:01.760,1.55304,1.55343,2.85,1.00
2016.08.17 04:56:01.861,1.55306,1.55343,1.00,1.00
2016.08.17 04:56:02.064,1.55314,1.55344,1.00,1.00
2016.08.17 04:56:02.509,1.55306,1.55344,1.00,1.00
2016.08.17 04:56:02.661,1.55306,1.55344,1.00,1.00
2016.08.17 04:56:02.763,1.55305,1.55344,1.00,1.00
2016.08.17 04:56:02.864,1.55304,1.55344,2.25,1.00
2016.08.17 04:56:02.965,1.55304,1.55342,1.00,1.00
2016.08.17 04:56:03.016,1.55304,1.55342,1.00,1.00
2016.08.17 04:56:03.067,1.55304,1.55339,1.00,1.00
2016.08.17 04:56:03.168,1.55304,1.55335,1.00,1.00
2016.08.17 04:56:03.630,1.55296,1.55336,1.50,1.00
2016.08.17 04:56:03.732,1.55297,1.55334,1.00,1.00
2016.08.17 04:56:03.883,1.55295,1.55332,1.50,1.00
2016.08.17 04:56:03.934,1.55295,1.55334,1.00,1.00
2016.08.17 04:56:04.086,1.55296,1.55335,1.50,1.00
2016.08.17 04:56:04.137,1.553,1.55332,1.00,1.00
2016.08.17 04:56:04.821,1.55298,1.55331,1.00,1.00
2016.08.17 04:56:04.872,1.55296,1.55331,1.00,1.00
2016.08.17 04:56:05.868,1.55301,1.55331,1.00,1.00
2016.08.17 04:56:05.980,1.55303,1.55331,1.00,1.00
2016.08.17 04:56:06.263,1.55303,1.55333,1.50,1.00
2016.08.17 04:56:06.918,1.55303,1.55333,1.00,1.00
2016.08.17 04:56:07.172,1.55303,1.55333,1.50,1.00
2016.08.17 04:56:11.771,1.55309,1.55341,1.00,1.00
2016.08.17 04:56:12.035,1.5531,1.55343,1.00,1.00
2016.08.17 04:56:12.659,1.55309,1.55342,1.00,1.00
2016.08.17 04:56:13.584,1.55308,1.55341,1.00,1.00
2016.08.17 04:56:13.685,1.55311,1.55343,1.00,1.00
2016.08.17 04:56:13.884,1.55314,1.55345,1.00,1.00
2016.08.17 04:56:13.986,1.55313,1.55345,1.00,1.00
2016.08.17 04:56:14.089,1.55317,1.55352,1.00,1.00
2016.08.17 04:56:14.140,1.55323,1.55352,1.00,1.00
2016.08.17 04:56:14.691,1.55323,1.55351,1.00,1.00
2016.08.17 04:56:17.871,1.55324,1.55351,1.00,1.00
2016.08.17 04:56:18.405,1.55324,1.55352,1.00,1.00
2016.08.17 04:56:18.836,1.55324,1.55355,1.50,1.00
2016.08.17 04:56:18.887,1.55324,1.55355,1.00,1.00
2016.08.17 04:56:22.071,1.5533,1.55362,1.00,1.00
2016.08.17 04:56:22.299,1.5533,1.5536,1.00,1.00
2016.08.17 04:56:22.451,1.55334,1.5536,1.00,1.00
2016.08.17 04:56:22.603,1.55334,1.55363,1.00,1.00
2016.08.17 04:56:24.692,1.55334,1.55364,1.00,1.00
2016.08.17 04:56:24.794,1.55343,1.55365,1.00,1.00
2016.08.17 04:56:24.896,1.55344,1.55369,1.00,1.00
2016.08.17 04:56:24.998,1.55344,1.55373,1.00,1.00
2016.08.17 04:56:25.257,1.55344,1.55373,1.00,1.00
2016.08.17 04:56:25.617,1.55344,1.55373,1.00,1.00
2016.08.17 04:56:26.126,1.55344,1.55374,1.00,1.00
2016.08.17 04:56:26.177,1.55343,1.55375,1.50,1.00
2016.08.17 04:56:26.278,1.55343,1.55372,1.00,1.00
2016.08.17 04:56:27.047,1.55344,1.55369,1.00,1.00
2016.08.17 04:56:30.234,1.55343,1.55373,1.00,1.00
2016.08.17 04:56:30.319,1.55343,1.55374,1.00,1.00
2016.08.17 04:56:32.395,1.55343,1.55372,1.00,1.00
2016.08.17 04:56:32.717,1.55335,1.55367,1.60,1.00
2016.08.17 04:56:32.768,1.55335,1.55367,1.00,1.00
2016.08.17 04:56:33.288,1.55336,1.55366,1.00,1.00
2016.08.17 04:56:33.795,1.55336,1.55366,1.00,1.00
2016.08.17 04:56:35.683,1.55336,1.55367,1.00,1.00
2016.08.17 04:56:36.766,1.55336,1.55367,1.00,1.00
2016.08.17 04:56:37.686,1.55337,1.55372,1.00,1.00
2016.08.17 04:56:37.813,1.55335,1.55365,1.00,1.00
2016.08.17 04:56:39.724,1.55334,1.55364,1.35,1.00
2016.08.17 04:56:41.077,1.55334,1.55364,1.50,1.00
2016.08.17 04:56:41.128,1.55334,1.5536,1.00,1.00
2016.08.17 04:56:41.775,1.55333,1.5536,1.00,1.00
2016.08.17 04:56:41.826,1.55333,1.55367,1.00,1.00
2016.08.17 04:56:42.031,1.55334,1.55369,1.00,1.00
2016.08.17 04:56:42.082,1.55334,1.55369,1.50,1.00
2016.08.17 04:56:42.351,1.55344,1.55369,1.00,1.00
2016.08.17 04:56:42.571,1.55344,1.55371,1.00,1.00
2016.08.17 04:56:43.083,1.55338,1.55371,1.50,1.00
2016.08.17 04:56:43.184,1.55343,1.55371,1.00,1.00
2016.08.17 04:56:43.844,1.55339,1.55371,1.00,1.00
2016.08.17 04:56:44.017,1.55337,1.55368,1.00,1.00
2016.08.17 04:56:44.068,1.55337,1.55368,1.00,1.00
2016.08.17 04:56:44.220,1.55335,1.55367,1.00,1.00
2016.08.17 04:56:44.834,1.55334,1.55364,1.00,1.00
2016.08.17 04:56:45.217,1.55335,1.55366,1.00,1.00
2016.08.17 04:56:45.539,1.55338,1.55369,1.00,1.00
2016.08.17 04:56:45.988,1.55339,1.55371,1.00,1.00
2016.08.17 04:56:47.241,1.5534,1.55373,1.00,1.00
2016.08.17 04:56:47.793,1.5534,1.55372,1.00,1.00
2016.08.17 04:56:48.121,1.55338,1.5537,1.00,1.00
2016.08.17 04:56:48.172,1.55338,1.5537,1.12,1.00
2016.08.17 04:56:48.273,1.55338,1.5537,1.00,1.00
2016.08.17 04:56:48.324,1.5534,1.5537,1.00,1.00
2016.08.17 04:56:48.445,1.55343,1.5537,1.00,1.00
2016.08.17 04:56:48.546,1.5534,1.5537,1.00,1.00
2016.08.17 04:56:49.223,1.55338,1.55371,1.00,1.00
2016.08.17 04:56:51.792,1.5534,1.55373,1.00,1.00
2016.08.17 04:56:52.430,1.5534,1.5537,1.00,1.00
2016.08.17 04:56:53.733,1.55338,1.55374,1.50,1.00
2016.08.17 04:56:53.834,1.55338,1.55374,1.00,1.00
2016.08.17 04:56:54.036,1.55341,1.55372,1.00,1.00
2016.08.17 04:56:54.489,1.5534,1.5537,1.00,1.00
2016.08.17 04:56:59.462,1.55341,1.55372,1.00,1.00
2016.08.17 04:57:00.527,1.5534,1.55371,1.00,1.00
2016.08.17 04:57:00.876,1.55339,1.55369,1.00,1.00
2016.08.17 04:57:01.531,1.55339,1.55372,1.00,1.00
2016.08.17 04:57:01.790,1.55339,1.55369,1.00,1.00
2016.08.17 04:57:02.831,1.5534,1.55371,1.00,1.00
2016.08.17 04:57:05.942,1.55341,1.55373,1.00,1.00
2016.08.17 04:57:06.645,1.55339,1.5537,1.00,1.00
2016.08.17 04:57:07.143,1.55342,1.55372,1.00,1.00
2016.08.17 04:57:07.655,1.55342,1.55371,1.00,1.00
2016.08.17 04:57:07.776,1.55342,1.55373,1.00,1.00
2016.08.17 04:57:07.877,1.55341,1.5537,1.00,1.00
2016.08.17 04:57:08.147,1.55335,1.55363,1.00,1.00
2016.08.17 04:57:08.197,1.55334,1.55363,1.50,1.00
2016.08.17 04:57:08.508,1.55334,1.55363,1.00,1.00
2016.08.17 04:57:09.914,1.55333,1.5536,1.00,1.00
2016.08.17 04:57:10.682,1.55334,1.55363,1.00,1.00
2016.08.17 04:57:10.784,1.55339,1.55368,1.00,1.00
2016.08.17 04:57:11.059,1.55336,1.55367,1.00,1.00
2016.08.17 04:57:12.350,1.55338,1.55367,1.00,1.00
2016.08.17 04:57:13.166,1.55339,1.55369,1.00,1.00
2016.08.17 04:57:13.267,1.55339,1.55371,1.00,1.00
2016.08.17 04:57:13.836,1.55341,1.55371,1.00,1.00
2016.08.17 04:57:14.157,1.55333,1.55361,1.00,1.00
2016.08.17 04:57:14.309,1.55324,1.55355,1.00,1.00
2016.08.17 04:57:14.360,1.55324,1.55355,1.00,1.00
2016.08.17 04:57:14.745,1.55324,1.55354,1.00,1.00
2016.08.17 04:57:14.796,1.55325,1.55354,1.00,1.00
2016.08.17 04:57:15.480,1.55326,1.55355,1.00,1.00
2016.08.17 04:57:15.959,1.5533,1.55359,1.00,1.00
2016.08.17 04:57:16.010,1.55331,1.55361,1.00,1.00
2016.08.17 04:57:17.227,1.55331,1.55362,1.00,1.00
2016.08.17 04:57:17.760,1.55332,1.55363,1.00,1.00
2016.08.17 04:57:18.728,1.55334,1.55362,1.00,1.00
2016.08.17 04:57:18.779,1.55334,1.55357,1.00,1.50
2016.08.17 04:57:18.830,1.55318,1.55345,1.00,1.00
2016.08.17 04:57:19.170,1.55309,1.55338,1.00,1.00
2016.08.17 04:57:19.431,1.55311,1.55342,1.00,1.00
2016.08.17 04:57:22.925,1.55312,1.55343,1.00,1.00
2016.08.17 04:57:23.026,1.55314,1.55343,1.00,1.00
2016.08.17 04:57:23.946,1.55314,1.55345,1.00,1.00
2016.08.17 04:57:25.521,1.55312,1.5534,1.00,1.00
2016.08.17 04:57:25.870,1.55311,1.55342,1.00,1.00
2016.08.17 04:57:28.128,1.55313,1.55341,1.00,1.00
2016.08.17 04:57:28.330,1.55312,1.55343,1.00,1.00
2016.08.17 04:57:29.009,1.55313,1.55341,1.00,1.00
2016.08.17 04:57:29.313,1.55311,1.55341,1.00,1.00
2016.08.17 04:57:30.536,1.55312,1.55341,1.00,1.00
2016.08.17 04:57:33.983,1.55314,1.55343,1.00,1.00
2016.08.17 04:57:34.530,1.55316,1.55345,1.00,1.00
2016.08.17 04:57:35.231,1.55317,1.55346,1.00,1.00
2016.08.17 04:57:35.939,1.55317,1.55348,1.00,1.00
2016.08.17 04:57:35.991,1.55317,1.55348,1.00,1.00
2016.08.17 04:57:37.239,1.55315,1.55345,1.00,1.00
2016.08.17 04:57:39.826,1.55315,1.55344,1.00,1.00
2016.08.17 04:57:40.945,1.55315,1.55343,1.00,1.00
2016.08.17 04:57:43.133,1.55313,1.55343,1.00,1.00
2016.08.17 04:57:44.935,1.55315,1.55343,1.00,1.00
2016.08.17 04:57:46.915,1.55313,1.55344,1.00,1.50
2016.08.17 04:57:50.188,1.55304,1.55327,1.12,1.00
2016.08.17 04:57:50.239,1.55298,1.55327,1.00,1.00
2016.08.17 04:57:50.290,1.55293,1.5532,1.12,1.00
2016.08.17 04:57:50.340,1.55291,1.5532,1.00,1.00
2016.08.17 04:57:50.635,1.55284,1.55315,1.00,1.00
2016.08.17 04:57:50.989,1.55286,1.55318,1.50,1.00
2016.08.17 04:57:51.091,1.55288,1.55318,1.00,1.00
2016.08.17 04:57:51.293,1.55289,1.5532,1.00,1.00
2016.08.17 04:57:51.444,1.55293,1.5532,1.00,1.00
2016.08.17 04:57:52.844,1.55289,1.5532,1.00,1.00
2016.08.17 04:57:53.787,1.5529,1.55324,1.50,1.00
2016.08.17 04:57:53.888,1.55291,1.55324,1.00,1.00
2016.08.17 04:57:53.989,1.55295,1.55325,1.00,1.00
2016.08.17 04:57:54.192,1.55296,1.55328,1.50,1.00
2016.08.17 04:57:54.729,1.55303,1.55336,1.00,1.00
2016.08.17 04:57:54.831,1.55303,1.55336,1.50,1.00
2016.08.17 04:57:54.932,1.55306,1.55336,1.00,1.00
2016.08.17 04:57:55.034,1.55304,1.55336,1.00,1.00
2016.08.17 04:57:55.241,1.55306,1.55336,1.00,1.00
2016.08.17 04:57:55.394,1.55315,1.55343,1.00,1.00
2016.08.17 04:57:55.496,1.55317,1.55347,1.00,1.00
2016.08.17 04:57:55.851,1.5532,1.55352,1.00,1.00
2016.08.17 04:57:55.902,1.55321,1.55356,1.00,1.00
2016.08.17 04:57:55.953,1.55321,1.55356,1.00,1.50
2016.08.17 04:57:56.055,1.55324,1.55356,1.00,1.00
2016.08.17 04:57:56.106,1.55324,1.55356,1.00,1.00
2016.08.17 04:57:56.258,1.55323,1.55356,1.00,1.00
2016.08.17 04:57:56.412,1.55322,1.55356,1.00,1.50
2016.08.17 04:57:56.752,1.55323,1.55356,1.00,1.00
2016.08.17 04:57:56.904,1.55323,1.55356,1.50,1.00
2016.08.17 04:57:57.005,1.55324,1.55356,1.00,1.00
2016.08.17 04:57:57.346,1.55323,1.55356,1.50,1.00
2016.08.17 04:57:57.397,1.55324,1.55356,1.00,1.00
2016.08.17 04:57:58.299,1.55323,1.55356,1.50,1.00
2016.08.17 04:57:58.849,1.55324,1.55356,1.00,1.00
2016.08.17 04:57:59.201,1.55323,1.55356,1.50,1.00
2016.08.17 04:57:59.401,1.55324,1.55356,1.00,1.00
2016.08.17 04:57:59.467,1.55326,1.55356,1.00,1.00
2016.08.17 04:58:00.385,1.55329,1.55356,1.00,1.00
2016.08.17 04:58:01.264,1.55329,1.55357,1.00,1.00
2016.08.17 04:58:01.314,1.5533,1.5536,1.00,1.00
2016.08.17 04:58:01.415,1.55334,1.55365,1.00,1.00
2016.08.17 04:58:01.517,1.55337,1.55366,1.00,1.50
2016.08.17 04:58:01.772,1.55338,1.55366,1.00,1.00
2016.08.17 04:58:02.275,1.55338,1.55367,1.00,1.00
2016.08.17 04:58:02.516,1.55338,1.55366,1.00,1.00
2016.08.17 04:58:02.659,1.55338,1.55367,1.00,1.00
2016.08.17 04:58:02.912,1.55339,1.5537,1.00,1.00
2016.08.17 04:58:06.292,1.55341,1.5537,1.00,1.00
2016.08.17 04:58:06.520,1.55338,1.55369,1.00,1.00
2016.08.17 04:58:18.018,1.55336,1.55365,1.50,1.00
2016.08.17 04:58:18.069,1.55336,1.55365,1.00,1.00
2016.08.17 04:58:18.132,1.55336,1.55365,1.00,1.00
2016.08.17 04:58:18.234,1.55333,1.55364,1.00,1.00
2016.08.17 04:58:18.399,1.55335,1.55365,1.00,1.00
2016.08.17 04:58:18.450,1.55335,1.55365,1.00,1.00
2016.08.17 04:58:19.602,1.55338,1.55367,1.00,1.00
2016.08.17 04:58:19.978,1.55335,1.55364,1.00,1.00
2016.08.17 04:58:20.231,1.55333,1.55364,1.00,1.00
2016.08.17 04:58:20.333,1.55333,1.55364,1.00,1.00
2016.08.17 04:58:20.854,1.55332,1.55363,1.00,1.00
2016.08.17 04:58:22.809,1.5533,1.5536,1.00,1.00
2016.08.17 04:58:24.091,1.55332,1.55361,1.00,1.00
2016.08.17 04:58:24.251,1.55329,1.55359,1.00,1.00
2016.08.17 04:58:24.555,1.55326,1.55355,1.00,1.00
2016.08.17 04:58:25.658,1.55326,1.55355,1.00,1.00
2016.08.17 04:58:28.736,1.55324,1.55355,1.00,1.00
2016.08.17 04:58:30.622,1.55326,1.55355,1.00,1.00
2016.08.17 04:58:32.592,1.55318,1.55348,1.00,1.00
2016.08.17 04:58:32.933,1.55322,1.55351,1.00,1.00
2016.08.17 04:58:34.884,1.55319,1.55346,1.00,1.50
2016.08.17 04:58:34.934,1.55314,1.55343,1.00,1.00
2016.08.17 04:58:35.237,1.55311,1.55339,1.00,1.00
2016.08.17 04:58:35.962,1.55308,1.55338,1.00,1.00
2016.08.17 04:58:36.064,1.55311,1.55339,1.00,1.00
2016.08.17 04:58:36.847,1.55307,1.55331,1.00,1.00
2016.08.17 04:58:36.949,1.55298,1.55326,1.50,1.00
2016.08.17 04:58:37.051,1.55298,1.55326,1.00,1.00
2016.08.17 04:58:40.358,1.55298,1.55326,1.00,1.50
2016.08.17 04:58:40.829,1.55299,1.55327,1.00,1.00
2016.08.17 04:58:41.195,1.55299,1.55326,1.00,1.00
2016.08.17 04:58:42.283,1.55299,1.55327,1.00,1.00
2016.08.17 04:58:42.377,1.55296,1.55327,1.00,1.00
2016.08.17 04:58:42.429,1.55296,1.55327,1.50,1.00
2016.08.17 04:58:42.581,1.55296,1.55326,1.50,1.00
2016.08.17 04:58:42.648,1.553,1.55326,1.00,1.00
2016.08.17 04:58:44.565,1.55296,1.55326,1.00,1.00
2016.08.17 04:58:44.667,1.55295,1.55323,1.00,1.00
2016.08.17 04:58:44.769,1.55297,1.55326,1.00,1.00
2016.08.17 04:58:45.146,1.55295,1.55323,1.00,1.00
2016.08.17 04:58:45.264,1.55295,1.55323,1.50,1.00
2016.08.17 04:58:45.547,1.55295,1.55323,1.00,1.00
2016.08.17 04:58:45.699,1.55295,1.55325,1.00,1.00
2016.08.17 04:58:45.800,1.55297,1.55326,1.00,1.00
2016.08.17 04:58:46.348,1.55297,1.55327,1.00,1.00
2016.08.17 04:58:46.900,1.55297,1.55326,1.00,1.00
2016.08.17 04:58:47.571,1.55293,1.55324,1.00,1.00
2016.08.17 04:58:47.673,1.55295,1.55324,1.00,1.00
2016.08.17 04:58:47.903,1.55295,1.55323,1.00,1.00
2016.08.17 04:58:48.005,1.55298,1.55327,1.00,1.00
2016.08.17 04:58:48.106,1.55298,1.55327,1.00,1.00
2016.08.17 04:58:48.157,1.5529,1.55327,1.50,1.00
2016.08.17 04:58:48.258,1.5529,1.55326,1.00,1.00
2016.08.17 04:58:48.817,1.55294,1.55322,1.00,1.00
2016.08.17 04:58:49.108,1.55292,1.55321,1.00,1.00
2016.08.17 04:58:49.307,1.55289,1.55325,1.00,1.00
2016.08.17 04:58:49.358,1.55288,1.55325,1.50,1.00
2016.08.17 04:58:49.409,1.55291,1.55326,1.00,1.50
2016.08.17 04:58:49.460,1.55293,1.55326,1.00,1.00
2016.08.17 04:58:50.022,1.55294,1.55327,1.00,1.00
2016.08.17 04:58:50.103,1.55293,1.55327,1.00,1.50
2016.08.17 04:58:50.261,1.5529,1.55325,1.50,1.00
2016.08.17 04:58:50.363,1.55289,1.55325,1.00,1.00
2016.08.17 04:58:50.464,1.55288,1.55323,1.00,1.00
2016.08.17 04:58:50.565,1.55289,1.55323,1.00,1.00
2016.08.17 04:58:50.760,1.55288,1.55323,1.00,1.00
2016.08.17 04:58:51.079,1.55287,1.55323,1.35,1.00
2016.08.17 04:58:52.463,1.55291,1.55322,1.00,1.00
2016.08.17 04:58:55.879,1.55287,1.55318,2.10,1.00
2016.08.17 04:58:56.179,1.55287,1.55317,2.10,1.00
2016.08.17 04:58:56.475,1.5529,1.55317,1.00,1.00
2016.08.17 04:58:57.090,1.55291,1.55317,1.00,1.00
2016.08.17 04:58:57.477,1.55293,1.55317,1.00,1.00
2016.08.17 04:58:57.578,1.5529,1.55317,1.00,1.00
2016.08.17 04:58:58.153,1.5529,1.55316,1.00,1.00
2016.08.17 04:58:58.879,1.5529,1.55317,1.00,1.00
2016.08.17 04:58:59.797,1.5529,1.55316,1.00,1.00
2016.08.17 04:59:00.032,1.5529,1.55319,1.00,1.00
2016.08.17 04:59:00.187,1.55293,1.55321,1.00,1.00
2016.08.17 04:59:04.590,1.55289,1.5532,1.00,1.00
2016.08.17 04:59:04.781,1.55292,1.55323,1.00,1.00
2016.08.17 04:59:04.891,1.55292,1.55323,1.00,1.00
2016.08.17 04:59:05.424,1.55292,1.55323,1.37,1.00
2016.08.17 04:59:05.475,1.55306,1.55337,1.00,1.00
2016.08.17 04:59:05.526,1.55306,1.55336,1.50,1.00
2016.08.17 04:59:05.590,1.55306,1.55337,1.50,1.00
2016.08.17 04:59:05.641,1.55307,1.55337,1.00,1.00
2016.08.17 04:59:05.692,1.5531,1.55339,1.00,1.00
2016.08.17 04:59:08.199,1.55307,1.55336,1.00,1.50
2016.08.17 04:59:08.578,1.55309,1.55338,1.00,1.00
2016.08.17 04:59:09.703,1.55311,1.55341,1.00,1.00
2016.08.17 04:59:10.007,1.5531,1.55339,1.00,1.00
2016.08.17 04:59:12.965,1.55312,1.55341,1.00,1.00
2016.08.17 04:59:15.512,1.55312,1.55336,1.00,1.00
2016.08.17 04:59:16.090,1.55312,1.55341,1.00,1.00
2016.08.17 04:59:17.822,1.55312,1.55343,1.00,1.00
2016.08.17 04:59:18.102,1.55311,1.55341,1.00,1.00
2016.08.17 04:59:19.004,1.5531,1.55339,1.00,1.00
2016.08.17 04:59:19.636,1.55313,1.55343,1.00,1.00
2016.08.17 04:59:20.501,1.55309,1.55337,1.00,1.00
2016.08.17 04:59:20.552,1.55309,1.55337,1.00,1.50
2016.08.17 04:59:20.653,1.55309,1.55336,1.00,1.00
2016.08.17 04:59:22.434,1.55309,1.55337,1.00,1.00
2016.08.17 04:59:22.637,1.55311,1.55341,1.00,1.00
2016.08.17 04:59:25.648,1.55311,1.55339,1.00,1.00
2016.08.17 04:59:27.970,1.55304,1.55335,1.00,1.00
2016.08.17 04:59:28.072,1.55306,1.55334,1.00,1.00
2016.08.17 04:59:29.850,1.55307,1.55336,1.00,1.50
2016.08.17 04:59:31.838,1.55308,1.55336,1.00,1.00
2016.08.17 04:59:31.940,1.55308,1.55337,1.00,1.00
2016.08.17 04:59:32.142,1.55304,1.55335,2.25,1.00
2016.08.17 04:59:32.767,1.55308,1.55337,1.00,1.00
2016.08.17 04:59:33.352,1.55308,1.55336,1.00,1.00
2016.08.17 04:59:33.757,1.55308,1.55336,1.00,1.50
2016.08.17 04:59:34.487,1.55305,1.55334,1.00,1.00
2016.08.17 04:59:34.589,1.55308,1.55336,1.00,1.50
2016.08.17 04:59:36.170,1.55306,1.55334,1.00,1.00
2016.08.17 04:59:43.090,1.55305,1.55334,1.00,1.00
2016.08.17 04:59:45.783,1.55304,1.55333,1.00,1.00
2016.08.17 04:59:46.200,1.55301,1.55324,1.00,1.00
2016.08.17 04:59:46.252,1.55296,1.55324,1.00,1.00
2016.08.17 04:59:48.304,1.55293,1.55323,1.50,1.00
2016.08.17 04:59:48.405,1.55293,1.55323,1.00,1.00
2016.08.17 04:59:48.506,1.55293,1.55323,1.50,1.00
2016.08.17 04:59:48.608,1.55293,1.55323,1.00,1.00
2016.08.17 04:59:50.877,1.55293,1.55323,1.50,1.00
2016.08.17 04:59:50.928,1.55293,1.55322,1.00,1.00
2016.08.17 04:59:51.334,1.55292,1.55323,1.50,1.00
2016.08.17 04:59:51.487,1.55294,1.55323,1.00,1.00
2016.08.17 04:59:51.804,1.55294,1.55323,1.50,1.00
2016.08.17 04:59:54.310,1.55294,1.55323,1.00,1.00
2016.08.17 04:59:55.547,1.55294,1.55317,1.00,1.00
2016.08.17 04:59:56.070,1.55294,1.55323,1.00,1.00
2016.08.17 04:59:56.120,1.55291,1.55321,1.00,1.00
2016.08.17 04:59:56.171,1.55291,1.55317,1.00,1.00
2016.08.17 04:59:56.223,1.5529,1.55317,1.50,1.00
2016.08.17 04:59:56.325,1.5529,1.55317,1.00,1.00
2016.08.17 04:59:56.646,1.5529,1.55317,1.50,1.00
2016.08.17 04:59:56.842,1.5529,1.55317,1.00,1.00
2016.08.17 04:59:58.583,1.5529,1.55321,1.00,1.00
2016.08.17 04:59:58.656,1.5528,1.55307,1.00,1.00
2016.08.17 04:59:58.706,1.55275,1.55303,1.00,1.00
