2016.05.06 07:00:00.125,1.66944,1.66979,1.00,1.00
2016.05.06 07:00:00.277,1.66934,1.6698,1.00,1.00
2016.05.06 07:00:00.327,1.66934,1.66976,1.00,1.00
2016.05.06 07:00:00.529,1.66934,1.6698,1.00,1.00
2016.05.06 07:00:00.580,1.66943,1.6698,1.00,1.00
2016.05.06 07:00:00.631,1.66943,1.66983,1.00,1.50
2016.05.06 07:00:00.771,1.66943,1.66989,1.00,1.00
2016.05.06 07:00:00.822,1.66934,1.66989,1.00,1.00
2016.05.06 07:00:00.923,1.66954,1.6699,1.00,1.00
2016.05.06 07:00:00.974,1.66954,1.67006,1.00,1.37
2016.05.06 07:00:01.126,1.66964,1.67008,1.00,1.87
2016.05.06 07:00:01.177,1.66954,1.67006,1.00,1.37
2016.05.06 07:00:01.278,1.66963,1.67009,1.00,1.33
2016.05.06 07:00:01.560,1.66964,1.6701,1.00,1.00
2016.05.06 07:00:01.667,1.66964,1.67014,1.00,1.50
2016.05.06 07:00:01.885,1.66973,1.67013,1.00,1.00
2016.05.06 07:00:02.447,1.66973,1.67014,1.00,1.00
2016.05.06 07:00:02.602,1.66963,1.67014,1.00,1.00
2016.05.06 07:00:02.703,1.66957,1.67013,1.00,1.12
2016.05.06 07:00:02.805,1.66954,1.6701,1.00,1.00
2016.05.06 07:00:03.107,1.66953,1.67006,1.00,1.50
2016.05.06 07:00:03.516,1.66953,1.67006,1.00,1.75
2016.05.06 07:00:03.567,1.66954,1.67006,1.00,1.00
2016.05.06 07:00:04.071,1.66953,1.67007,1.00,1.00
2016.05.06 07:00:04.601,1.66955,1.6701,1.00,1.75
2016.05.06 07:00:05.354,1.66955,1.6701,1.37,1.37
2016.05.06 07:00:05.673,1.66963,1.6701,1.00,1.00
2016.05.06 07:00:05.725,1.66963,1.67013,1.00,1.00
2016.05.06 07:00:06.426,1.66963,1.67014,1.00,1.50
2016.05.06 07:00:07.160,1.66963,1.67013,1.00,1.00
2016.05.06 07:00:07.217,1.66966,1.67017,1.00,1.50
2016.05.06 07:00:07.519,1.66974,1.67024,1.00,1.75
2016.05.06 07:00:07.629,1.66966,1.67024,1.00,1.75
2016.05.06 07:00:08.225,1.66973,1.67024,1.00,1.75
2016.05.06 07:00:08.531,1.66966,1.67024,1.00,1.75
2016.05.06 07:00:08.912,1.66974,1.67025,1.00,2.25
2016.05.06 07:00:09.306,1.66984,1.6703,1.00,1.50
2016.05.06 07:00:09.635,1.66974,1.6703,1.00,1.00
2016.05.06 07:00:09.686,1.66974,1.67027,1.00,1.37
2016.05.06 07:00:10.213,1.66974,1.67024,1.00,1.50
2016.05.06 07:00:10.772,1.66973,1.67025,1.00,1.75
2016.05.06 07:00:10.823,1.66966,1.67025,1.50,1.75
2016.05.06 07:00:10.937,1.66984,1.67025,1.00,1.00
2016.05.06 07:00:10.988,1.66984,1.67027,1.00,1.00
2016.05.06 07:00:11.139,1.66984,1.67027,1.00,1.75
2016.05.06 07:00:11.736,1.66983,1.67027,1.00,1.75
2016.05.06 07:00:12.242,1.66974,1.67024,1.00,1.00
2016.05.06 07:00:12.293,1.66974,1.67021,1.00,1.00
2016.05.06 07:00:12.455,1.66962,1.67017,1.00,1.75
2016.05.06 07:00:12.512,1.66957,1.67016,1.50,1.75
2016.05.06 07:00:12.743,1.66963,1.67017,1.00,1.75
2016.05.06 07:00:13.128,1.6696,1.67019,1.00,1.75
2016.05.06 07:00:13.179,1.66955,1.67018,1.75,1.75
2016.05.06 07:00:13.461,1.66964,1.67018,1.00,1.75
2016.05.06 07:00:13.649,1.66955,1.67016,1.75,1.75
2016.05.06 07:00:14.732,1.66956,1.6701,1.75,1.00
2016.05.06 07:00:14.834,1.66954,1.67007,1.50,1.12
2016.05.06 07:00:15.411,1.66953,1.67008,1.50,1.50
2016.05.06 07:00:15.938,1.66953,1.67004,1.00,1.00
2016.05.06 07:00:16.305,1.66953,1.67003,1.00,1.75
2016.05.06 07:00:16.882,1.66954,1.67004,1.00,1.75
2016.05.06 07:00:18.261,1.66953,1.67004,1.00,1.75
2016.05.06 07:00:18.851,1.66954,1.67004,1.00,1.75
2016.05.06 07:00:19.445,1.66953,1.67005,1.00,1.75
2016.05.06 07:00:19.968,1.66953,1.67006,2.25,1.00
2016.05.06 07:00:20.019,1.66963,1.67005,1.00,1.00
2016.05.06 07:00:20.120,1.66963,1.67013,1.00,2.25
2016.05.06 07:00:20.667,1.66953,1.67013,2.25,2.25
2016.05.06 07:00:21.645,1.66953,1.67008,2.25,1.00
2016.05.06 07:00:21.970,1.66954,1.67006,1.00,1.50
2016.05.06 07:00:22.122,1.66948,1.67007,1.50,1.75
2016.05.06 07:00:22.223,1.66954,1.67001,1.00,1.50
2016.05.06 07:00:22.525,1.66944,1.66999,1.00,1.75
2016.05.06 07:00:22.626,1.66943,1.66991,1.00,1.00
2016.05.06 07:00:22.948,1.66943,1.6699,1.00,1.75
2016.05.06 07:00:23.325,1.66954,1.66993,1.00,1.87
2016.05.06 07:00:23.375,1.66954,1.66997,1.00,1.50
2016.05.06 07:00:23.426,1.66944,1.66997,1.00,1.50
2016.05.06 07:00:23.527,1.66954,1.66997,1.00,1.50
2016.05.06 07:00:23.628,1.66944,1.67,1.00,1.75
2016.05.06 07:00:23.902,1.66953,1.67,1.00,1.75
2016.05.06 07:00:23.954,1.66943,1.67,1.00,1.75
2016.05.06 07:00:24.076,1.66946,1.66999,1.00,1.75
2016.05.06 07:00:24.126,1.66944,1.66995,1.00,1.12
2016.05.06 07:00:24.278,1.66944,1.66989,1.00,1.00
2016.05.06 07:00:24.627,1.66953,1.66989,1.00,1.00
2016.05.06 07:00:24.885,1.66953,1.66994,1.00,1.00
2016.05.06 07:00:24.986,1.66953,1.67002,1.00,1.12
2016.05.06 07:00:25.087,1.66953,1.66999,1.00,1.12
2016.05.06 07:00:25.238,1.66944,1.66999,1.00,1.12
2016.05.06 07:00:25.628,1.66954,1.66999,1.00,1.12
2016.05.06 07:00:26.055,1.66943,1.66992,1.00,1.00
2016.05.06 07:00:26.282,1.66939,1.66992,1.00,1.00
2016.05.06 07:00:26.434,1.66936,1.66989,1.37,1.00
2016.05.06 07:00:26.736,1.66943,1.66989,1.00,1.00
2016.05.06 07:00:27.284,1.66943,1.6699,1.00,1.00
2016.05.06 07:00:27.787,1.66944,1.66989,1.00,1.00
2016.05.06 07:00:28.381,1.66943,1.66989,1.00,1.00
2016.05.06 07:00:28.789,1.66936,1.66989,1.37,1.00
2016.05.06 07:00:29.641,1.66935,1.6699,1.50,1.00
2016.05.06 07:00:29.742,1.6694,1.66994,1.00,1.87
2016.05.06 07:00:30.061,1.66944,1.6699,1.00,1.00
2016.05.06 07:00:30.448,1.66936,1.66989,1.37,1.00
2016.05.06 07:00:30.843,1.66936,1.66978,1.37,1.00
2016.05.06 07:00:30.895,1.66929,1.66978,1.12,1.00
2016.05.06 07:00:30.945,1.66924,1.6697,1.87,1.00
2016.05.06 07:00:31.198,1.66923,1.66969,1.00,1.75
2016.05.06 07:00:31.719,1.66924,1.6697,1.00,2.62
2016.05.06 07:00:33.008,1.66923,1.66969,1.00,1.75
2016.05.06 07:00:33.553,1.66924,1.6697,1.00,2.62
2016.05.06 07:00:34.253,1.66923,1.6697,1.00,2.62
2016.05.06 07:00:35.891,1.66914,1.66968,1.00,1.75
2016.05.06 07:00:36.390,1.66913,1.6696,1.00,1.37
2016.05.06 07:00:36.578,1.66903,1.66957,1.50,1.00
2016.05.06 07:00:37.158,1.66914,1.66957,1.00,1.00
2016.05.06 07:00:37.281,1.66904,1.6696,1.50,1.75
2016.05.06 07:00:37.382,1.66913,1.66962,1.00,2.25
2016.05.06 07:00:38.566,1.66924,1.66963,1.00,2.25
2016.05.06 07:00:39.570,1.66913,1.66962,1.00,2.25
2016.05.06 07:00:39.799,1.66904,1.66958,1.00,1.12
2016.05.06 07:00:39.951,1.66904,1.66953,1.00,1.00
2016.05.06 07:00:40.276,1.66893,1.66937,1.00,1.00
2016.05.06 07:00:40.428,1.66884,1.66932,1.00,1.00
2016.05.06 07:00:40.528,1.66884,1.66932,1.00,1.87
2016.05.06 07:00:40.680,1.66874,1.6693,1.00,1.75
2016.05.06 07:00:40.975,1.66874,1.66924,1.00,1.00
2016.05.06 07:00:41.300,1.66873,1.66928,1.00,1.12
2016.05.06 07:00:41.791,1.66894,1.66925,1.00,1.37
2016.05.06 07:00:41.841,1.66894,1.66925,1.00,1.00
2016.05.06 07:00:41.892,1.66894,1.66932,1.00,1.75
2016.05.06 07:00:41.994,1.66884,1.66932,1.00,1.75
2016.05.06 07:00:42.368,1.66874,1.66932,1.12,1.75
2016.05.06 07:00:42.469,1.66894,1.66933,1.00,1.75
2016.05.06 07:00:44.799,1.66884,1.66933,1.00,1.75
2016.05.06 07:00:45.285,1.66894,1.66932,1.00,1.75
2016.05.06 07:00:47.694,1.66894,1.66929,1.00,1.00
2016.05.06 07:00:48.206,1.66894,1.66936,1.00,1.87
2016.05.06 07:00:48.727,1.66893,1.66937,1.00,1.87
2016.05.06 07:00:48.778,1.66893,1.66937,1.00,1.50
2016.05.06 07:00:50.067,1.66893,1.66932,1.00,1.00
2016.05.06 07:00:50.411,1.66894,1.66936,1.00,1.87
2016.05.06 07:00:50.896,1.66904,1.66936,1.00,1.12
2016.05.06 07:00:51.830,1.66893,1.66936,1.00,1.12
2016.05.06 07:00:52.182,1.66903,1.66936,1.00,1.12
2016.05.06 07:00:53.070,1.66903,1.66938,1.00,1.75
2016.05.06 07:00:53.121,1.66893,1.66938,1.00,1.00
2016.05.06 07:00:53.222,1.66904,1.66938,1.00,1.00
2016.05.06 07:00:53.461,1.66904,1.6694,1.00,1.00
2016.05.06 07:00:54.284,1.66904,1.66939,1.00,1.00
2016.05.06 07:00:54.861,1.66903,1.6694,1.00,1.00
2016.05.06 07:00:55.168,1.66903,1.66943,1.00,1.50
2016.05.06 07:00:55.371,1.66903,1.66958,1.00,1.75
2016.05.06 07:00:55.421,1.66914,1.66958,1.00,1.75
2016.05.06 07:00:55.472,1.66914,1.66958,1.00,1.00
2016.05.06 07:00:55.523,1.66924,1.66958,1.00,1.00
2016.05.06 07:00:55.624,1.66914,1.66958,1.00,1.00
2016.05.06 07:00:55.840,1.66914,1.6696,1.00,1.00
2016.05.06 07:00:56.528,1.66914,1.66959,1.00,1.00
2016.05.06 07:00:56.929,1.66914,1.66956,1.00,1.00
2016.05.06 07:00:57.969,1.66914,1.66957,1.00,1.00
2016.05.06 07:00:58.733,1.66914,1.66956,1.00,1.00
2016.05.06 07:00:58.834,1.66904,1.66957,1.12,1.50
2016.05.06 07:00:58.935,1.66904,1.66952,1.12,1.00
2016.05.06 07:00:59.237,1.66904,1.6695,1.00,1.00
2016.05.06 07:00:59.631,1.66913,1.66951,1.00,1.50
2016.05.06 07:01:00.095,1.66903,1.66951,1.00,1.50
2016.05.06 07:01:00.596,1.66913,1.6695,1.00,1.00
2016.05.06 07:01:01.097,1.66914,1.6695,1.00,1.00
2016.05.06 07:01:01.430,1.66904,1.6695,1.00,1.00
2016.05.06 07:01:01.531,1.66914,1.6695,1.00,1.00
2016.05.06 07:01:02.037,1.66914,1.66951,1.00,1.50
2016.05.06 07:01:02.699,1.66904,1.66951,1.00,1.50
2016.05.06 07:01:03.253,1.66903,1.6695,1.00,1.00
2016.05.06 07:01:03.845,1.66904,1.6695,1.00,1.00
2016.05.06 07:01:05.549,1.66904,1.66951,1.00,1.00
2016.05.06 07:01:06.016,1.66914,1.66951,1.00,1.00
2016.05.06 07:01:06.751,1.66914,1.66948,1.00,1.00
2016.05.06 07:01:07.252,1.66914,1.66949,1.00,1.00
2016.05.06 07:01:08.106,1.66913,1.66949,1.00,1.00
2016.05.06 07:01:08.656,1.66913,1.66948,1.00,1.00
2016.05.06 07:01:08.707,1.66904,1.66948,1.00,1.00
2016.05.06 07:01:09.027,1.66913,1.66949,1.00,1.00
2016.05.06 07:01:09.535,1.66914,1.66949,1.00,1.00
2016.05.06 07:01:10.261,1.66914,1.66948,1.00,1.00
2016.05.06 07:01:11.099,1.66914,1.66957,1.00,1.75
2016.05.06 07:01:11.239,1.66903,1.66958,1.50,1.37
2016.05.06 07:01:11.340,1.66914,1.66957,1.00,1.00
2016.05.06 07:01:11.750,1.66914,1.66955,1.00,1.00
2016.05.06 07:01:12.086,1.66914,1.66951,1.00,1.00
2016.05.06 07:01:12.587,1.66914,1.66952,1.00,1.00
2016.05.06 07:01:12.769,1.66914,1.66954,1.00,1.00
2016.05.06 07:01:13.270,1.66913,1.66955,1.00,1.50
2016.05.06 07:01:13.771,1.66913,1.66954,1.00,1.00
2016.05.06 07:01:14.273,1.66913,1.66955,1.00,1.50
2016.05.06 07:01:14.726,1.66904,1.66954,1.00,1.00
2016.05.06 07:01:14.865,1.66914,1.66954,1.00,1.00
2016.05.06 07:01:14.966,1.66904,1.66954,1.00,1.00
2016.05.06 07:01:15.067,1.66913,1.66955,1.00,2.25
2016.05.06 07:01:15.419,1.66903,1.66955,1.00,2.25
2016.05.06 07:01:15.528,1.66914,1.66954,1.00,1.00
2016.05.06 07:01:15.781,1.66914,1.66959,1.00,1.00
2016.05.06 07:01:15.919,1.66923,1.66958,1.00,1.00
2016.05.06 07:01:16.621,1.66913,1.66958,1.00,1.00
2016.05.06 07:01:17.142,1.66914,1.66958,1.00,1.00
2016.05.06 07:01:18.412,1.66914,1.6696,1.00,1.12
2016.05.06 07:01:19.294,1.66914,1.66959,1.00,1.00
2016.05.06 07:01:19.840,1.66906,1.66959,1.00,1.00
2016.05.06 07:01:20.034,1.66904,1.66957,1.00,1.00
2016.05.06 07:01:20.448,1.66913,1.66958,1.00,1.00
2016.05.06 07:01:21.119,1.66913,1.66957,1.00,1.00
2016.05.06 07:01:21.601,1.66913,1.66961,1.00,2.62
2016.05.06 07:01:22.153,1.66914,1.66962,1.00,1.50
2016.05.06 07:01:22.208,1.66924,1.66961,1.00,1.37
2016.05.06 07:01:22.604,1.66923,1.66962,1.00,1.00
2016.05.06 07:01:22.805,1.66923,1.66964,1.00,1.00
2016.05.06 07:01:22.856,1.66923,1.66967,1.00,1.00
2016.05.06 07:01:23.108,1.66924,1.66969,1.00,1.12
2016.05.06 07:01:23.159,1.66934,1.66969,1.00,1.12
2016.05.06 07:01:23.321,1.66924,1.66971,1.00,2.25
2016.05.06 07:01:23.858,1.66923,1.66971,1.00,1.75
2016.05.06 07:01:23.960,1.66913,1.66967,1.12,1.00
2016.05.06 07:01:24.128,1.66913,1.66963,1.00,1.00
2016.05.06 07:01:24.629,1.66914,1.66963,1.00,1.00
2016.05.06 07:01:25.160,1.66914,1.66964,1.00,1.50
2016.05.06 07:01:25.661,1.66913,1.66963,1.00,1.00
2016.05.06 07:01:26.267,1.66913,1.66964,1.00,1.50
2016.05.06 07:01:27.972,1.66914,1.66963,1.00,1.00
2016.05.06 07:01:28.707,1.66914,1.66964,1.00,1.50
2016.05.06 07:01:29.176,1.66913,1.66962,1.00,1.00
2016.05.06 07:01:29.977,1.66913,1.66963,1.00,1.00
2016.05.06 07:01:30.528,1.66913,1.66962,1.00,1.00
2016.05.06 07:01:31.030,1.66913,1.66963,1.00,1.00
2016.05.06 07:01:31.407,1.66903,1.66959,1.00,1.75
2016.05.06 07:01:31.945,1.66913,1.66959,1.00,1.75
2016.05.06 07:01:32.284,1.66903,1.66959,1.12,1.37
2016.05.06 07:01:32.335,1.66903,1.66959,1.50,1.00
2016.05.06 07:01:32.486,1.66913,1.66959,1.00,1.00
2016.05.06 07:01:33.177,1.66914,1.66959,1.00,1.00
2016.05.06 07:01:33.487,1.66913,1.66964,1.00,2.25
2016.05.06 07:01:33.765,1.66924,1.66963,1.00,1.12
2016.05.06 07:01:36.282,1.66923,1.66964,1.00,1.50
2016.05.06 07:01:37.584,1.66924,1.66963,1.00,1.12
2016.05.06 07:01:37.874,1.66919,1.66975,1.00,2.25
2016.05.06 07:01:37.976,1.66934,1.66978,1.00,1.00
2016.05.06 07:01:38.199,1.66934,1.66982,1.00,1.00
2016.05.06 07:01:39.892,1.66944,1.66985,1.00,2.62
2016.05.06 07:01:40.084,1.66934,1.66983,1.00,1.00
2016.05.06 07:01:40.306,1.66944,1.66983,1.00,1.00
2016.05.06 07:01:40.606,1.66934,1.66983,1.00,3.00
2016.05.06 07:01:41.369,1.66933,1.66983,1.00,2.25
2016.05.06 07:01:44.867,1.66934,1.66983,1.00,2.25
2016.05.06 07:01:45.369,1.66933,1.66983,1.00,2.25
2016.05.06 07:01:46.104,1.66933,1.66985,1.00,1.12
2016.05.06 07:01:46.270,1.66944,1.66985,1.00,1.00
2016.05.06 07:01:46.321,1.66944,1.6699,1.00,1.00
2016.05.06 07:01:46.422,1.66944,1.66987,1.00,1.00
2016.05.06 07:01:46.473,1.66934,1.66987,1.50,1.00
2016.05.06 07:01:46.784,1.66933,1.66987,1.00,2.25
2016.05.06 07:01:49.273,1.66934,1.66987,1.00,2.25
2016.05.06 07:01:50.232,1.66934,1.66984,1.00,1.00
2016.05.06 07:01:50.733,1.66934,1.66983,1.00,1.00
2016.05.06 07:01:51.777,1.66944,1.66983,1.00,1.00
2016.05.06 07:01:51.828,1.66944,1.66988,1.00,1.50
2016.05.06 07:01:52.048,1.66944,1.66992,1.00,1.50
2016.05.06 07:01:52.177,1.66934,1.66992,1.50,1.50
2016.05.06 07:01:52.478,1.66943,1.66992,1.00,1.50
2016.05.06 07:01:53.124,1.66934,1.66986,1.50,1.00
2016.05.06 07:01:53.341,1.66934,1.66984,1.00,1.00
2016.05.06 07:01:54.001,1.66934,1.66983,1.00,1.00
2016.05.06 07:01:54.203,1.66934,1.66986,1.00,1.50
2016.05.06 07:01:57.295,1.66934,1.6699,1.12,1.87
2016.05.06 07:01:57.814,1.66934,1.66989,1.12,1.00
2016.05.06 07:01:58.315,1.66933,1.6699,2.25,1.12
2016.05.06 07:01:58.572,1.66938,1.66991,1.00,1.50
2016.05.06 07:01:59.137,1.66934,1.6699,2.62,1.12
2016.05.06 07:01:59.187,1.66944,1.6699,1.00,1.12
2016.05.06 07:01:59.288,1.66935,1.66989,1.00,1.00
2016.05.06 07:02:00.032,1.66934,1.6699,1.12,1.12
2016.05.06 07:02:00.389,1.66943,1.66989,1.00,1.00
2016.05.06 07:02:00.691,1.66953,1.66989,1.00,1.00
2016.05.06 07:02:00.792,1.66944,1.66989,1.00,1.00
2016.05.06 07:02:00.939,1.66954,1.66989,1.00,1.00
2016.05.06 07:02:00.991,1.66943,1.66992,1.00,1.75
2016.05.06 07:02:01.244,1.66944,1.66997,1.12,1.00
2016.05.06 07:02:01.303,1.66953,1.66997,1.00,1.00
2016.05.06 07:02:01.354,1.66953,1.67001,1.50,1.50
2016.05.06 07:02:01.455,1.66963,1.67009,1.00,1.75
2016.05.06 07:02:01.506,1.66963,1.67009,1.00,1.00
2016.05.06 07:02:01.658,1.66963,1.67011,1.00,1.00
2016.05.06 07:02:01.852,1.66973,1.67012,1.00,1.00
2016.05.06 07:02:02.369,1.66974,1.67011,1.00,1.00
2016.05.06 07:02:02.715,1.66984,1.67011,1.00,1.00
2016.05.06 07:02:02.882,1.66973,1.67011,1.00,1.00
2016.05.06 07:02:03.417,1.66974,1.67012,1.00,1.75
2016.05.06 07:02:03.783,1.66964,1.67008,1.00,1.00
2016.05.06 07:02:04.141,1.66964,1.67012,1.00,1.00
2016.05.06 07:02:04.921,1.66964,1.67013,1.00,1.50
2016.05.06 07:02:05.573,1.66974,1.67013,1.00,1.00
2016.05.06 07:02:05.674,1.66963,1.67013,1.00,1.00
2016.05.06 07:02:06.255,1.66973,1.67013,1.00,1.00
2016.05.06 07:02:06.546,1.66963,1.67014,1.00,1.00
2016.05.06 07:02:06.878,1.66974,1.67014,1.00,1.00
2016.05.06 07:02:07.081,1.66964,1.67014,1.00,1.00
2016.05.06 07:02:07.183,1.66964,1.67012,1.00,1.00
2016.05.06 07:02:07.749,1.66963,1.67011,1.00,1.00
2016.05.06 07:02:08.481,1.66963,1.67012,1.00,1.00
2016.05.06 07:02:09.006,1.66963,1.67011,1.00,1.00
2016.05.06 07:02:09.264,1.66957,1.67011,1.75,1.00
2016.05.06 07:02:09.520,1.66954,1.67011,1.00,1.50
2016.05.06 07:02:09.985,1.66964,1.67011,1.00,2.25
2016.05.06 07:02:10.490,1.66953,1.6701,1.12,1.37
2016.05.06 07:02:10.592,1.66963,1.6701,1.00,1.37
2016.05.06 07:02:11.014,1.66963,1.67011,1.00,1.00
2016.05.06 07:02:11.064,1.66974,1.67018,1.00,1.37
2016.05.06 07:02:11.325,1.66974,1.67018,1.00,1.50
2016.05.06 07:02:11.376,1.66963,1.67018,1.00,1.50
2016.05.06 07:02:11.701,1.66974,1.67018,1.00,1.50
2016.05.06 07:02:12.088,1.66964,1.67018,1.00,1.50
2016.05.06 07:02:12.597,1.66963,1.67017,1.00,1.00
2016.05.06 07:02:13.346,1.66963,1.67018,1.00,1.00
2016.05.06 07:02:13.397,1.66974,1.67018,1.00,1.00
2016.05.06 07:02:13.498,1.66965,1.67018,1.75,1.00
2016.05.06 07:02:13.706,1.66966,1.6702,1.50,1.50
2016.05.06 07:02:13.880,1.66973,1.67021,1.00,2.25
2016.05.06 07:02:14.457,1.66973,1.6702,1.00,1.00
2016.05.06 07:02:14.988,1.66974,1.67024,1.00,1.50
2016.05.06 07:02:15.536,1.66973,1.67024,1.75,1.50
2016.05.06 07:02:16.037,1.66974,1.67023,1.50,1.00
2016.05.06 07:02:16.088,1.66974,1.67027,1.50,1.00
2016.05.06 07:02:16.312,1.66984,1.67028,1.00,1.50
2016.05.06 07:02:16.514,1.66975,1.67027,1.12,1.00
2016.05.06 07:02:17.036,1.66974,1.67028,2.25,1.50
2016.05.06 07:02:17.691,1.66983,1.67035,1.00,2.62
2016.05.06 07:02:17.939,1.66983,1.67041,1.75,1.37
2016.05.06 07:02:18.467,1.66984,1.67037,1.75,1.37
2016.05.06 07:02:19.011,1.66983,1.67037,1.75,1.00
2016.05.06 07:02:19.670,1.66993,1.67037,1.00,1.00
2016.05.06 07:02:20.012,1.66983,1.67036,1.75,1.00
2016.05.06 07:02:20.238,1.66983,1.67036,1.00,1.37
2016.05.06 07:02:21.505,1.66984,1.67035,1.00,1.12
2016.05.06 07:02:22.896,1.66994,1.67035,1.00,1.12
2016.05.06 07:02:23.421,1.66984,1.67036,1.00,1.37
2016.05.06 07:02:24.914,1.66984,1.67033,1.00,1.00
2016.05.06 07:02:25.427,1.66984,1.67034,1.00,1.00
2016.05.06 07:02:25.922,1.66984,1.67033,1.00,1.37
2016.05.06 07:02:26.429,1.66984,1.67033,1.00,1.75
2016.05.06 07:02:27.101,1.66993,1.67032,1.00,1.75
2016.05.06 07:02:27.578,1.66993,1.67036,1.00,1.00
2016.05.06 07:02:27.832,1.66993,1.67044,1.00,2.62
2016.05.06 07:02:27.933,1.66983,1.67041,1.00,1.75
2016.05.06 07:02:27.983,1.66993,1.67041,1.00,1.75
2016.05.06 07:02:28.585,1.66994,1.67041,1.00,1.75
2016.05.06 07:02:29.789,1.66994,1.6704,1.00,1.00
2016.05.06 07:02:30.041,1.66994,1.67045,1.00,1.75
2016.05.06 07:02:30.293,1.66994,1.67042,1.00,1.12
2016.05.06 07:02:30.895,1.66993,1.67041,1.00,1.75
2016.05.06 07:02:31.437,1.66994,1.6704,1.00,1.75
2016.05.06 07:02:32.478,1.66993,1.67041,1.00,1.75
2016.05.06 07:02:32.998,1.66994,1.6704,1.00,1.75
2016.05.06 07:02:33.501,1.66993,1.67041,1.00,1.75
2016.05.06 07:02:34.567,1.66984,1.6704,1.50,1.75
2016.05.06 07:02:34.856,1.66994,1.67041,1.00,1.75
2016.05.06 07:02:36.359,1.66993,1.6704,1.00,1.75
2016.05.06 07:02:36.563,1.66984,1.6704,1.50,1.75
2016.05.06 07:02:36.664,1.66993,1.6704,1.00,1.75
2016.05.06 07:02:36.740,1.66984,1.6704,1.50,1.75
2016.05.06 07:02:37.364,1.66993,1.67038,1.00,1.50
2016.05.06 07:02:37.575,1.66984,1.67038,1.00,1.50
2016.05.06 07:02:38.114,1.66983,1.67038,1.00,3.00
2016.05.06 07:02:38.765,1.66994,1.67038,1.00,2.25
2016.05.06 07:02:39.745,1.66993,1.67038,1.00,2.25
2016.05.06 07:02:40.973,1.67004,1.67038,1.00,1.50
2016.05.06 07:02:41.250,1.66994,1.67039,1.00,1.75
2016.05.06 07:02:41.781,1.66993,1.6704,1.00,2.25
2016.05.06 07:02:41.882,1.66984,1.6704,1.00,1.75
2016.05.06 07:02:44.603,1.66984,1.67038,1.50,1.00
2016.05.06 07:02:45.270,1.66994,1.67042,1.00,1.50
2016.05.06 07:02:45.723,1.66994,1.67049,1.12,1.00
2016.05.06 07:02:46.393,1.67003,1.67049,1.00,1.00
2016.05.06 07:02:46.696,1.67013,1.67071,1.50,1.12
2016.05.06 07:02:47.494,1.67014,1.67071,1.00,1.75
2016.05.06 07:02:47.808,1.6701,1.67064,1.00,1.12
2016.05.06 07:02:48.000,1.67014,1.67064,1.00,1.12
2016.05.06 07:02:48.263,1.67003,1.67057,1.00,1.50
2016.05.06 07:02:48.314,1.67003,1.67047,1.00,1.00
2016.05.06 07:02:48.853,1.67004,1.67047,1.00,1.00
2016.05.06 07:02:49.202,1.66994,1.67043,1.00,1.75
2016.05.06 07:02:50.627,1.66994,1.67048,1.00,1.00
2016.05.06 07:02:51.292,1.66993,1.67048,1.00,1.00
2016.05.06 07:02:51.637,1.67004,1.67047,1.00,1.00
2016.05.06 07:02:51.959,1.66993,1.67041,1.00,1.87
2016.05.06 07:02:52.779,1.66994,1.67041,1.00,1.12
2016.05.06 07:02:53.013,1.66984,1.67038,1.00,1.75
2016.05.06 07:02:53.215,1.66994,1.67034,1.00,1.00
2016.05.06 07:02:53.759,1.66994,1.67041,1.00,1.87
2016.05.06 07:02:54.017,1.66983,1.67041,1.00,1.12
2016.05.06 07:02:54.418,1.66994,1.67041,1.00,1.87
2016.05.06 07:02:54.519,1.66994,1.67041,1.00,1.00
2016.05.06 07:02:54.570,1.66987,1.67043,1.37,1.00
2016.05.06 07:02:54.721,1.6699,1.67043,1.00,1.00
2016.05.06 07:02:55.053,1.67004,1.67055,1.00,1.00
2016.05.06 07:02:55.356,1.67004,1.67053,1.00,1.00
2016.05.06 07:02:55.659,1.67004,1.67048,1.00,1.00
2016.05.06 07:02:55.710,1.66994,1.67047,1.00,1.00
2016.05.06 07:02:55.903,1.67003,1.67048,1.00,1.00
2016.05.06 07:02:56.374,1.67003,1.6705,1.00,1.50
2016.05.06 07:02:56.475,1.67004,1.67056,1.37,1.50
2016.05.06 07:02:56.526,1.67004,1.67056,2.25,1.00
2016.05.06 07:02:56.626,1.67006,1.6706,1.50,1.00
2016.05.06 07:02:56.677,1.67014,1.67063,1.00,1.87
2016.05.06 07:02:57.975,1.67024,1.67064,1.00,1.50
2016.05.06 07:02:59.503,1.67013,1.67068,1.00,1.75
2016.05.06 07:03:00.183,1.67023,1.67063,1.00,1.00
2016.05.06 07:03:00.285,1.67012,1.67064,1.00,1.00
2016.05.06 07:03:00.391,1.67024,1.67068,1.00,1.00
2016.05.06 07:03:00.613,1.67024,1.6707,1.00,1.50
2016.05.06 07:03:00.666,1.67023,1.67074,1.00,1.00
2016.05.06 07:03:00.984,1.67033,1.67075,1.00,1.00
2016.05.06 07:03:01.390,1.67033,1.67077,1.00,1.50
2016.05.06 07:03:01.441,1.67033,1.67083,1.50,1.00
2016.05.06 07:03:01.657,1.67034,1.67086,1.37,1.00
2016.05.06 07:03:01.809,1.67044,1.67088,1.00,1.00
2016.05.06 07:03:02.119,1.67054,1.67098,1.00,3.00
2016.05.06 07:03:02.169,1.67054,1.67098,1.00,1.50
2016.05.06 07:03:02.321,1.67053,1.67101,1.12,1.12
2016.05.06 07:03:02.421,1.67054,1.67106,1.12,1.00
2016.05.06 07:03:02.590,1.6706,1.67111,1.75,1.00
2016.05.06 07:03:02.895,1.6706,1.67106,1.75,1.00
2016.05.06 07:03:03.231,1.67048,1.67101,1.00,1.00
2016.05.06 07:03:03.282,1.67048,1.67106,1.00,1.00
2016.05.06 07:03:03.505,1.67048,1.67106,1.87,1.00
2016.05.06 07:03:03.798,1.67054,1.67108,2.25,1.00
2016.05.06 07:03:03.923,1.67053,1.67105,2.25,1.00
2016.05.06 07:03:04.558,1.67049,1.67102,1.12,1.00
2016.05.06 07:03:04.609,1.67049,1.67098,1.00,1.00
2016.05.06 07:03:04.825,1.67044,1.67099,1.87,1.37
2016.05.06 07:03:04.876,1.67044,1.67095,1.50,1.50
2016.05.06 07:03:04.926,1.67044,1.67092,1.00,1.00
2016.05.06 07:03:05.027,1.67034,1.67087,1.75,1.00
2016.05.06 07:03:05.296,1.67034,1.67087,1.00,1.75
2016.05.06 07:03:05.609,1.67024,1.67084,2.25,1.00
2016.05.06 07:03:05.660,1.67027,1.67081,1.12,1.00
2016.05.06 07:03:05.989,1.67033,1.67081,1.00,1.00
2016.05.06 07:03:06.517,1.67033,1.67082,1.00,1.00
2016.05.06 07:03:07.305,1.67033,1.67081,1.00,1.00
2016.05.06 07:03:07.491,1.67027,1.67081,1.12,1.00
2016.05.06 07:03:07.830,1.67034,1.67082,1.00,1.00
2016.05.06 07:03:08.374,1.67034,1.67081,1.00,1.00
2016.05.06 07:03:09.009,1.67034,1.67082,1.00,1.00
2016.05.06 07:03:09.510,1.67034,1.67081,1.00,1.00
2016.05.06 07:03:09.934,1.67033,1.67084,1.00,1.00
2016.05.06 07:03:10.444,1.67033,1.67085,1.12,1.00
2016.05.06 07:03:10.736,1.67027,1.67084,1.50,1.12
2016.05.06 07:03:10.876,1.67025,1.67078,1.75,1.00
2016.05.06 07:03:11.497,1.67033,1.67078,1.00,1.00
2016.05.06 07:03:11.699,1.67024,1.67079,1.75,1.00
2016.05.06 07:03:12.262,1.67024,1.67076,1.75,1.00
2016.05.06 07:03:12.313,1.67023,1.67076,1.50,1.00
2016.05.06 07:03:12.364,1.67024,1.67078,1.00,1.12
2016.05.06 07:03:12.957,1.67023,1.67075,1.50,1.00
2016.05.06 07:03:13.324,1.67033,1.67075,1.00,1.00
2016.05.06 07:03:13.826,1.67033,1.67074,1.00,1.00
2016.05.06 07:03:14.201,1.67024,1.67074,1.50,1.00
2016.05.06 07:03:14.744,1.67024,1.67075,1.00,1.00
2016.05.06 07:03:15.059,1.67024,1.6707,1.00,1.00
2016.05.06 07:03:15.412,1.67017,1.6707,1.00,1.00
2016.05.06 07:03:15.565,1.67014,1.67071,1.50,1.00
2016.05.06 07:03:15.616,1.67014,1.67069,1.50,1.00
2016.05.06 07:03:15.924,1.67023,1.67069,1.00,1.00
2016.05.06 07:03:16.525,1.67023,1.67068,1.00,1.00
2016.05.06 07:03:17.782,1.67023,1.67069,1.00,1.50
2016.05.06 07:03:18.130,1.67023,1.67067,1.00,1.00
2016.05.06 07:03:18.180,1.67023,1.67069,1.00,1.00
2016.05.06 07:03:18.664,1.67023,1.67067,1.00,1.00
2016.05.06 07:03:20.238,1.67014,1.67067,1.50,1.00
2016.05.06 07:03:20.288,1.67014,1.67057,1.12,1.00
2016.05.06 07:03:20.341,1.67006,1.67057,1.00,1.00
2016.05.06 07:03:20.391,1.67003,1.67053,1.37,1.87
2016.05.06 07:03:20.442,1.67004,1.67053,1.00,1.87
2016.05.06 07:03:20.492,1.67004,1.67051,1.00,1.00
2016.05.06 07:03:20.759,1.67004,1.67055,1.00,1.75
2016.05.06 07:03:21.017,1.67013,1.67055,1.00,1.75
2016.05.06 07:03:21.420,1.67003,1.67057,1.50,2.25
2016.05.06 07:03:21.722,1.67014,1.67059,1.00,1.87
2016.05.06 07:03:22.714,1.67013,1.67056,1.00,1.75
2016.05.06 07:03:23.634,1.67014,1.67058,1.00,1.75
2016.05.06 07:03:24.924,1.67013,1.67058,1.00,1.75
2016.05.06 07:03:28.821,1.67003,1.67055,1.00,1.75
2016.05.06 07:03:30.746,1.67014,1.67056,1.00,1.75
2016.05.06 07:03:33.370,1.67024,1.67059,1.00,1.87
2016.05.06 07:03:34.021,1.67024,1.6706,1.00,1.00
2016.05.06 07:03:34.559,1.67024,1.67062,1.00,3.00
2016.05.06 07:03:34.806,1.67014,1.67062,1.00,1.50
2016.05.06 07:03:34.857,1.67023,1.67068,1.00,2.25
2016.05.06 07:03:35.528,1.67023,1.67065,1.00,1.00
2016.05.06 07:03:36.064,1.67023,1.67066,1.00,1.50
2016.05.06 07:03:36.463,1.67023,1.67063,1.00,1.00
2016.05.06 07:03:36.565,1.67014,1.67064,1.00,1.50
2016.05.06 07:03:36.615,1.67014,1.67064,1.37,1.50
2016.05.06 07:03:36.962,1.67024,1.67073,1.00,1.00
2016.05.06 07:03:37.166,1.67023,1.67075,1.00,1.12
2016.05.06 07:03:37.667,1.67034,1.67077,1.00,1.75
2016.05.06 07:03:37.768,1.67024,1.67077,1.00,1.75
2016.05.06 07:03:38.536,1.67024,1.67074,1.00,1.00
2016.05.06 07:03:39.630,1.67024,1.67077,1.00,2.25
2016.05.06 07:03:40.073,1.67034,1.67076,1.00,1.50
2016.05.06 07:03:40.671,1.67034,1.67074,1.00,1.00
2016.05.06 07:03:41.182,1.67034,1.67076,1.00,1.50
2016.05.06 07:03:41.521,1.67033,1.67079,1.00,1.00
2016.05.06 07:03:41.877,1.67024,1.67079,1.00,1.50
2016.05.06 07:03:42.245,1.67024,1.67076,1.00,1.00
2016.05.06 07:03:43.079,1.67034,1.67076,1.00,1.50
2016.05.06 07:03:43.681,1.67033,1.67077,1.00,1.00
2016.05.06 07:03:43.984,1.67044,1.67081,1.00,1.75
2016.05.06 07:03:44.085,1.67033,1.67081,1.00,2.25
2016.05.06 07:03:44.244,1.67033,1.67076,1.00,1.00
2016.05.06 07:03:44.388,1.67033,1.67078,1.00,1.12
2016.05.06 07:03:44.489,1.67033,1.67076,1.00,1.00
2016.05.06 07:03:45.017,1.67034,1.67077,1.00,1.00
2016.05.06 07:03:45.435,1.67034,1.67074,1.00,1.00
2016.05.06 07:03:45.862,1.67034,1.67077,1.00,1.00
2016.05.06 07:03:45.936,1.67034,1.67074,1.00,1.00
2016.05.06 07:03:46.387,1.67034,1.67079,1.00,2.25
2016.05.06 07:03:46.989,1.67044,1.67079,1.00,2.25
2016.05.06 07:03:47.354,1.67044,1.6708,1.00,1.00
2016.05.06 07:03:47.455,1.67044,1.6708,1.00,1.87
2016.05.06 07:03:47.506,1.67034,1.6708,1.00,2.25
2016.05.06 07:03:48.037,1.67033,1.67076,1.00,1.12
2016.05.06 07:03:49.714,1.67034,1.67076,1.00,1.12
2016.05.06 07:03:51.854,1.67034,1.6708,1.00,1.00
2016.05.06 07:03:51.955,1.67034,1.67082,1.00,1.00
2016.05.06 07:03:52.068,1.6704,1.67085,1.00,1.00
2016.05.06 07:03:52.169,1.6704,1.67088,1.00,1.00
2016.05.06 07:03:52.220,1.67044,1.67096,1.00,1.12
2016.05.06 07:03:52.271,1.67044,1.67096,1.00,1.00
2016.05.06 07:03:52.422,1.67054,1.67096,1.00,1.00
2016.05.06 07:03:52.642,1.67044,1.67096,1.00,1.00
2016.05.06 07:03:52.693,1.67045,1.671,1.00,1.00
2016.05.06 07:03:52.904,1.67045,1.67102,1.00,1.00
2016.05.06 07:03:53.305,1.67054,1.67102,1.00,1.50
2016.05.06 07:03:54.775,1.67053,1.67102,1.00,1.50
2016.05.06 07:03:55.103,1.67044,1.67087,1.37,1.00
2016.05.06 07:03:55.405,1.67044,1.67086,1.00,1.12
2016.05.06 07:03:55.456,1.67044,1.67089,1.00,1.75
2016.05.06 07:03:56.046,1.67043,1.6709,1.00,2.25
2016.05.06 07:03:56.147,1.67043,1.67089,1.00,1.00
2016.05.06 07:03:56.248,1.67044,1.67096,1.00,1.75
2016.05.06 07:03:56.752,1.67043,1.67097,1.00,1.50
2016.05.06 07:03:56.803,1.67043,1.67097,1.00,1.00
2016.05.06 07:03:57.310,1.67044,1.67097,1.00,1.00
2016.05.06 07:03:57.411,1.67054,1.67103,1.00,1.37
2016.05.06 07:03:57.512,1.67054,1.67103,1.00,1.00
2016.05.06 07:03:57.613,1.67048,1.67102,1.37,1.37
2016.05.06 07:03:57.664,1.67048,1.67101,1.00,1.00
2016.05.06 07:03:57.715,1.67054,1.67101,1.00,1.00
2016.05.06 07:03:58.241,1.67053,1.67101,1.00,1.50
2016.05.06 07:03:58.795,1.67063,1.67101,1.00,1.00
2016.05.06 07:03:59.296,1.67064,1.67101,1.00,1.00
2016.05.06 07:03:59.396,1.67053,1.67108,1.00,1.50
2016.05.06 07:03:59.598,1.67053,1.67103,1.00,1.00
2016.05.06 07:04:00.072,1.67054,1.67107,1.00,1.12
2016.05.06 07:04:00.204,1.67054,1.67105,1.00,1.37
2016.05.06 07:04:00.356,1.67047,1.67103,1.00,1.75
2016.05.06 07:04:00.457,1.67063,1.67102,1.00,1.50
2016.05.06 07:04:00.608,1.67064,1.67108,1.00,1.50
2016.05.06 07:04:00.873,1.67055,1.67107,1.00,1.00
2016.05.06 07:04:00.933,1.67055,1.67096,1.00,1.00
2016.05.06 07:04:01.204,1.67052,1.67096,1.00,1.00
2016.05.06 07:04:01.254,1.67052,1.67105,1.00,1.00
2016.05.06 07:04:01.813,1.67061,1.67107,1.00,1.00
2016.05.06 07:04:01.914,1.67056,1.67106,1.00,1.00
2016.05.06 07:04:01.965,1.67056,1.6711,1.00,1.50
2016.05.06 07:04:02.123,1.67056,1.6711,1.37,1.12
2016.05.06 07:04:02.275,1.67058,1.67116,1.12,2.25
2016.05.06 07:04:02.376,1.67064,1.67114,1.00,1.12
2016.05.06 07:04:02.578,1.67056,1.67117,1.75,2.25
2016.05.06 07:04:02.628,1.67054,1.67113,1.00,1.12
2016.05.06 07:04:02.989,1.67053,1.67109,1.00,1.87
2016.05.06 07:04:03.669,1.67063,1.671,1.00,1.00
2016.05.06 07:04:04.197,1.67063,1.67109,1.00,1.75
2016.05.06 07:04:04.298,1.67056,1.67109,1.00,1.75
2016.05.06 07:04:04.399,1.67054,1.67111,1.50,1.12
2016.05.06 07:04:04.600,1.67054,1.67116,3.00,1.75
2016.05.06 07:04:05.141,1.67063,1.67116,1.00,1.75
2016.05.06 07:04:05.477,1.67054,1.67116,3.00,1.75
2016.05.06 07:04:05.742,1.67063,1.67116,1.00,1.75
2016.05.06 07:04:06.279,1.67064,1.67116,1.00,1.75
2016.05.06 07:04:06.380,1.67055,1.67108,2.25,1.00
2016.05.06 07:04:06.431,1.67057,1.67111,1.12,1.00
2016.05.06 07:04:06.889,1.67055,1.67108,1.75,1.00
2016.05.06 07:04:07.209,1.67062,1.67115,1.00,1.75
2016.05.06 07:04:07.310,1.67053,1.67113,2.25,1.12
2016.05.06 07:04:07.462,1.67064,1.67114,1.00,1.50
2016.05.06 07:04:07.664,1.6706,1.67114,1.00,1.50
2016.05.06 07:04:08.143,1.67064,1.67114,1.00,1.50
2016.05.06 07:04:09.072,1.6706,1.67115,1.00,2.25
2016.05.06 07:04:09.173,1.67054,1.67115,2.25,1.75
2016.05.06 07:04:09.797,1.67054,1.67112,1.75,1.00
2016.05.06 07:04:09.851,1.67064,1.67112,1.00,1.00
2016.05.06 07:04:09.952,1.67054,1.67111,1.75,1.00
2016.05.06 07:04:10.002,1.67054,1.67109,1.37,1.37
2016.05.06 07:04:10.053,1.67054,1.67109,1.00,1.75
2016.05.06 07:04:10.752,1.67064,1.67108,1.00,1.75
2016.05.06 07:04:11.401,1.67059,1.67113,1.00,1.12
2016.05.06 07:04:11.502,1.67056,1.6711,1.12,1.00
2016.05.06 07:04:11.989,1.67064,1.67111,1.00,1.50
2016.05.06 07:04:12.726,1.67064,1.6711,1.00,1.00
2016.05.06 07:04:13.105,1.67064,1.67107,1.00,1.00
2016.05.06 07:04:13.156,1.67056,1.67107,1.12,1.00
2016.05.06 07:04:13.258,1.67054,1.67106,1.00,2.25
2016.05.06 07:04:13.563,1.67064,1.67106,1.00,1.50
2016.05.06 07:04:14.361,1.67054,1.67106,1.00,1.50
2016.05.06 07:04:14.869,1.67064,1.67106,1.00,1.50
2016.05.06 07:04:15.574,1.67064,1.67104,1.00,1.00
2016.05.06 07:04:15.625,1.67054,1.67101,1.00,1.00
2016.05.06 07:04:16.172,1.67054,1.67102,1.00,1.00
2016.05.06 07:04:16.674,1.67054,1.67101,1.00,1.00
2016.05.06 07:04:17.225,1.67054,1.67102,1.00,1.00
2016.05.06 07:04:17.732,1.67054,1.67101,1.00,1.00
2016.05.06 07:04:18.428,1.67054,1.67102,1.00,1.00
2016.05.06 07:04:18.979,1.67054,1.67101,1.00,1.00
2016.05.06 07:04:19.584,1.67053,1.67102,1.00,1.00
2016.05.06 07:04:20.133,1.67054,1.67102,1.00,1.00
2016.05.06 07:04:20.548,1.67054,1.67104,1.00,1.00
2016.05.06 07:04:21.799,1.67063,1.67104,1.00,1.00
2016.05.06 07:04:21.986,1.67054,1.67104,1.12,1.00
2016.05.06 07:04:22.938,1.67054,1.67105,1.12,1.00
2016.05.06 07:04:23.451,1.67054,1.67104,1.12,1.00
2016.05.06 07:04:24.041,1.67054,1.67105,1.12,1.00
2016.05.06 07:04:24.315,1.67064,1.67105,1.00,1.00
2016.05.06 07:04:24.943,1.67064,1.67104,1.00,1.00
2016.05.06 07:04:25.294,1.67054,1.67105,1.12,1.00
2016.05.06 07:04:25.395,1.67064,1.67104,1.00,1.00
2016.05.06 07:04:25.595,1.67053,1.67104,1.37,1.00
2016.05.06 07:04:26.134,1.67053,1.67105,1.37,1.00
2016.05.06 07:04:26.184,1.67053,1.67103,1.37,1.00
2016.05.06 07:04:26.647,1.67053,1.67105,1.37,1.00
2016.05.06 07:04:27.408,1.67053,1.67106,1.37,1.00
2016.05.06 07:04:28.073,1.67062,1.67109,1.00,1.50
2016.05.06 07:04:28.174,1.67063,1.67115,1.00,1.50
2016.05.06 07:04:28.375,1.67063,1.6711,1.50,1.00
2016.05.06 07:04:29.576,1.67064,1.67112,1.00,1.75
2016.05.06 07:04:29.841,1.67054,1.67106,1.12,1.00
2016.05.06 07:04:30.345,1.67064,1.67107,1.00,1.00
2016.05.06 07:04:30.928,1.67064,1.67106,1.00,1.00
2016.05.06 07:04:31.296,1.67063,1.67109,1.00,1.00
2016.05.06 07:04:31.797,1.67064,1.67109,1.00,1.00
2016.05.06 07:04:32.276,1.67055,1.67109,1.00,1.00
2016.05.06 07:04:32.536,1.67064,1.67109,1.00,1.00
2016.05.06 07:04:32.739,1.67054,1.67105,1.00,1.50
2016.05.06 07:04:33.204,1.67053,1.67106,1.50,1.00
2016.05.06 07:04:33.414,1.67053,1.67109,2.25,1.50
2016.05.06 07:04:33.956,1.67054,1.67108,1.12,1.00
2016.05.06 07:04:34.382,1.67048,1.67101,1.12,1.00
2016.05.06 07:04:34.483,1.67044,1.67102,1.00,1.75
2016.05.06 07:04:34.649,1.67041,1.6709,1.37,1.37
2016.05.06 07:04:34.700,1.67033,1.67088,1.00,1.75
2016.05.06 07:04:34.801,1.67034,1.67084,1.00,1.37
2016.05.06 07:04:35.371,1.67034,1.67081,1.00,1.75
2016.05.06 07:04:35.850,1.67044,1.67084,1.00,1.12
2016.05.06 07:04:35.901,1.67044,1.67091,1.00,1.87
2016.05.06 07:04:36.002,1.67044,1.67093,1.00,1.00
2016.05.06 07:04:36.203,1.67043,1.67101,2.25,1.00
2016.05.06 07:04:36.355,1.67053,1.67101,1.00,1.00
2016.05.06 07:04:36.881,1.67043,1.67101,2.25,1.00
2016.05.06 07:04:39.692,1.67044,1.67099,1.75,1.00
2016.05.06 07:04:40.171,1.67043,1.67093,1.00,1.00
2016.05.06 07:04:40.795,1.67043,1.67094,1.00,1.12
2016.05.06 07:04:41.324,1.67043,1.67093,1.00,1.00
2016.05.06 07:04:42.051,1.67043,1.67094,1.00,1.12
2016.05.06 07:04:42.728,1.67043,1.67093,1.00,1.00
2016.05.06 07:04:43.051,1.6704,1.67093,1.00,1.00
2016.05.06 07:04:43.102,1.67037,1.67089,1.00,1.50
2016.05.06 07:04:43.153,1.67034,1.67089,1.00,1.50
2016.05.06 07:04:43.664,1.67033,1.67087,1.00,1.12
2016.05.06 07:04:44.067,1.67031,1.67087,1.87,1.12
2016.05.06 07:04:44.168,1.67034,1.67086,1.00,1.00
2016.05.06 07:04:44.508,1.67043,1.67091,1.00,1.75
2016.05.06 07:04:44.609,1.67043,1.67091,1.00,1.00
2016.05.06 07:04:45.368,1.67043,1.6709,1.00,1.00
2016.05.06 07:04:45.912,1.67044,1.67091,1.00,1.00
2016.05.06 07:04:45.962,1.67035,1.67091,1.75,1.00
2016.05.06 07:04:46.114,1.6704,1.67094,1.12,1.00
2016.05.06 07:04:46.265,1.67043,1.67094,1.00,1.00
2016.05.06 07:04:46.816,1.67044,1.67094,1.00,1.00
2016.05.06 07:04:47.283,1.67054,1.67095,1.00,1.00
2016.05.06 07:04:47.361,1.67054,1.671,1.00,1.00
2016.05.06 07:04:48.142,1.67054,1.67101,1.00,1.00
2016.05.06 07:04:48.243,1.67054,1.67103,1.00,1.00
2016.05.06 07:04:48.395,1.67064,1.67103,1.00,1.00
2016.05.06 07:04:48.445,1.67064,1.67105,1.00,1.00
2016.05.06 07:04:48.496,1.67054,1.67105,1.00,1.00
2016.05.06 07:04:48.651,1.67052,1.6711,1.75,1.00
2016.05.06 07:04:49.062,1.67063,1.67109,1.00,1.00
2016.05.06 07:04:49.649,1.67063,1.6711,1.00,1.00
2016.05.06 07:04:50.199,1.67054,1.67114,2.25,3.00
2016.05.06 07:04:50.263,1.67063,1.67114,1.00,3.00
2016.05.06 07:04:50.676,1.67063,1.67108,1.00,1.00
2016.05.06 07:04:51.218,1.67063,1.67109,1.00,1.00
2016.05.06 07:04:51.589,1.67053,1.6711,1.75,1.00
2016.05.06 07:04:51.640,1.67053,1.67106,1.00,1.50
2016.05.06 07:04:51.974,1.67063,1.67106,1.00,1.00
2016.05.06 07:04:53.785,1.67063,1.67111,1.00,1.00
2016.05.06 07:04:53.869,1.67055,1.67111,1.00,1.00
2016.05.06 07:04:54.570,1.67063,1.67111,1.00,1.00
2016.05.06 07:04:55.571,1.67056,1.67111,1.00,1.50
2016.05.06 07:04:55.672,1.67055,1.67108,1.00,1.00
2016.05.06 07:04:56.215,1.67054,1.67107,1.00,1.00
2016.05.06 07:04:56.683,1.67054,1.67107,2.25,1.00
2016.05.06 07:04:57.031,1.67063,1.67111,1.00,1.00
2016.05.06 07:04:57.672,1.67063,1.67107,1.00,1.00
2016.05.06 07:04:57.878,1.67054,1.67107,1.50,1.00
2016.05.06 07:04:58.080,1.67063,1.67107,1.00,1.00
2016.05.06 07:04:58.672,1.67063,1.67106,1.00,1.00
2016.05.06 07:04:58.963,1.67064,1.67109,1.00,1.00
2016.05.06 07:04:59.576,1.67064,1.6711,1.00,1.00
2016.05.06 07:04:59.910,1.67055,1.6711,1.37,1.00
2016.05.06 07:05:00.055,1.67064,1.67114,1.00,2.25
2016.05.06 07:05:00.358,1.67063,1.67109,1.00,1.00
2016.05.06 07:05:00.510,1.67056,1.67109,1.12,1.00
2016.05.06 07:05:00.561,1.67064,1.67113,1.37,1.00
2016.05.06 07:05:00.712,1.67072,1.67122,1.00,1.00
2016.05.06 07:05:00.763,1.67072,1.67119,1.37,1.00
2016.05.06 07:05:00.864,1.67074,1.67127,1.00,1.00
2016.05.06 07:05:01.231,1.67083,1.67127,1.00,1.00
2016.05.06 07:05:01.282,1.67083,1.67131,1.00,1.00
2016.05.06 07:05:01.433,1.67074,1.67131,1.50,1.00
2016.05.06 07:05:02.437,1.67073,1.67131,2.25,1.00
2016.05.06 07:05:02.905,1.67084,1.67131,1.00,1.00
2016.05.06 07:05:03.006,1.67074,1.67131,1.00,1.00
2016.05.06 07:05:03.499,1.67076,1.67129,1.00,1.00
2016.05.06 07:05:03.802,1.67073,1.67125,1.00,1.12
2016.05.06 07:05:04.288,1.67071,1.67125,1.00,1.12
2016.05.06 07:05:04.838,1.6707,1.67126,1.50,1.50
2016.05.06 07:05:05.160,1.6707,1.67122,1.00,1.00
2016.05.06 07:05:05.681,1.67069,1.67122,1.50,1.00
2016.05.06 07:05:06.463,1.67069,1.67123,1.00,1.00
2016.05.06 07:05:07.026,1.67069,1.67122,1.00,1.00
2016.05.06 07:05:07.343,1.67073,1.67122,1.00,1.00
2016.05.06 07:05:07.725,1.67068,1.67123,1.00,1.00
2016.05.06 07:05:08.253,1.67069,1.67122,1.00,1.50
2016.05.06 07:05:08.304,1.67063,1.67122,1.75,1.00
2016.05.06 07:05:08.455,1.67063,1.67118,1.75,1.00
2016.05.06 07:05:08.770,1.67063,1.67116,1.00,1.00
2016.05.06 07:05:09.448,1.67063,1.67115,1.00,1.00
2016.05.06 07:05:09.924,1.67061,1.67115,1.50,1.00
2016.05.06 07:05:10.225,1.67064,1.67115,1.00,1.00
2016.05.06 07:05:10.337,1.67061,1.67115,1.50,1.00
2016.05.06 07:05:10.438,1.67064,1.67115,1.00,1.00
2016.05.06 07:05:11.077,1.67064,1.67116,1.00,1.00
2016.05.06 07:05:11.510,1.67059,1.67113,1.00,1.00
2016.05.06 07:05:12.054,1.67059,1.67112,1.00,1.00
2016.05.06 07:05:12.732,1.67059,1.67113,1.00,1.00
2016.05.06 07:05:13.527,1.67063,1.67112,1.00,1.00
2016.05.06 07:05:14.052,1.67063,1.67113,1.00,1.00
2016.05.06 07:05:14.312,1.67059,1.67113,1.00,1.00
2016.05.06 07:05:14.859,1.67059,1.67112,1.00,1.00
2016.05.06 07:05:15.277,1.67064,1.67112,1.00,1.00
2016.05.06 07:05:16.718,1.67064,1.67111,1.00,1.00
2016.05.06 07:05:17.302,1.67064,1.67112,1.00,1.00
2016.05.06 07:05:17.803,1.67064,1.67111,1.00,1.00
2016.05.06 07:05:18.405,1.67064,1.67112,1.00,1.00
2016.05.06 07:05:18.844,1.67059,1.67111,1.00,1.00
2016.05.06 07:05:18.945,1.67059,1.67117,1.00,1.50
2016.05.06 07:05:18.995,1.67061,1.67117,1.00,1.50
2016.05.06 07:05:19.316,1.67068,1.67117,1.00,1.00
2016.05.06 07:05:19.873,1.67067,1.67117,1.00,1.00
2016.05.06 07:05:20.099,1.67068,1.67122,1.00,2.25
2016.05.06 07:05:20.408,1.67073,1.67122,1.00,1.50
2016.05.06 07:05:20.459,1.67067,1.67123,1.12,1.87
2016.05.06 07:05:20.775,1.67064,1.6712,1.75,1.00
2016.05.06 07:05:21.077,1.67058,1.67117,1.75,1.50
2016.05.06 07:05:21.128,1.67059,1.67112,1.50,1.00
2016.05.06 07:05:21.497,1.67064,1.67112,1.00,1.00
2016.05.06 07:05:22.128,1.67059,1.67112,1.50,1.00
2016.05.06 07:05:22.730,1.67058,1.67113,1.75,1.00
2016.05.06 07:05:22.781,1.67064,1.67113,1.00,1.00
2016.05.06 07:05:23.490,1.67063,1.67113,1.00,1.00
2016.05.06 07:05:24.018,1.67063,1.67112,1.00,1.00
2016.05.06 07:05:24.519,1.67063,1.67113,1.00,1.00
2016.05.06 07:05:25.361,1.67064,1.67113,1.00,1.00
2016.05.06 07:05:25.945,1.67073,1.67116,1.00,2.62
2016.05.06 07:05:27.175,1.67064,1.67116,1.00,1.12
2016.05.06 07:05:27.826,1.67063,1.67116,1.00,1.12
2016.05.06 07:05:28.335,1.67061,1.67117,1.00,1.50
2016.05.06 07:05:28.441,1.67064,1.67117,1.00,1.50
2016.05.06 07:05:29.187,1.67064,1.67116,1.37,1.12
2016.05.06 07:05:29.737,1.67066,1.67117,1.00,1.00
2016.05.06 07:05:30.238,1.67073,1.67116,1.00,1.00
2016.05.06 07:05:30.632,1.67073,1.67119,1.00,1.00
2016.05.06 07:05:31.151,1.67073,1.6712,1.00,1.00
2016.05.06 07:05:31.734,1.67073,1.67119,1.00,1.00
2016.05.06 07:05:32.637,1.67073,1.6712,1.00,1.00
2016.05.06 07:05:33.539,1.67073,1.67119,1.00,1.00
2016.05.06 07:05:34.674,1.67073,1.6712,1.00,1.00
2016.05.06 07:05:34.744,1.67066,1.6712,1.00,1.00
2016.05.06 07:05:35.298,1.67066,1.67119,1.50,1.00
2016.05.06 07:05:35.445,1.67073,1.67119,1.00,1.00
2016.05.06 07:05:35.946,1.67066,1.67118,1.00,1.00
2016.05.06 07:05:36.546,1.67066,1.67119,1.00,1.00
2016.05.06 07:05:37.146,1.67066,1.67118,1.00,1.00
2016.05.06 07:05:38.192,1.67066,1.67119,1.00,1.00
2016.05.06 07:05:38.751,1.67066,1.67118,1.00,1.00
2016.05.06 07:05:39.253,1.67066,1.67119,1.00,1.00
2016.05.06 07:05:39.754,1.67066,1.67118,1.00,1.00
2016.05.06 07:05:40.071,1.67074,1.67118,1.00,1.00
2016.05.06 07:05:40.205,1.67074,1.67122,1.00,1.00
2016.05.06 07:05:40.453,1.67067,1.67123,1.00,1.50
2016.05.06 07:05:40.668,1.67076,1.67131,1.00,2.62
2016.05.06 07:05:40.870,1.67084,1.67141,1.00,2.25
2016.05.06 07:05:41.355,1.67094,1.67138,1.00,1.50
2016.05.06 07:05:41.530,1.67094,1.67139,1.00,1.00
2016.05.06 07:05:42.061,1.67094,1.67138,1.00,1.00
2016.05.06 07:05:42.778,1.67083,1.67139,1.87,1.37
2016.05.06 07:05:42.829,1.67083,1.67139,1.50,1.75
2016.05.06 07:05:43.341,1.67084,1.67138,1.50,1.75
2016.05.06 07:05:43.693,1.67075,1.67131,1.37,1.37
2016.05.06 07:05:43.744,1.67073,1.67131,1.00,1.75
2016.05.06 07:05:43.955,1.67074,1.67127,1.00,1.37
2016.05.06 07:05:44.273,1.67084,1.67127,1.00,1.75
2016.05.06 07:05:44.460,1.67074,1.67128,1.00,1.12
2016.05.06 07:05:45.161,1.67068,1.67122,1.00,1.12
2016.05.06 07:05:45.747,1.67066,1.67123,1.00,1.50
2016.05.06 07:05:45.798,1.67063,1.67123,2.25,1.50
2016.05.06 07:05:45.849,1.67068,1.67123,1.00,2.25
2016.05.06 07:05:46.151,1.67071,1.67126,1.00,2.25
2016.05.06 07:05:46.564,1.67074,1.67128,1.00,1.12
2016.05.06 07:05:47.672,1.67074,1.67126,1.12,1.37
2016.05.06 07:05:47.773,1.67074,1.67127,1.12,1.00
2016.05.06 07:05:48.341,1.67074,1.67128,1.12,1.00
2016.05.06 07:05:48.667,1.67074,1.67126,1.12,1.00
2016.05.06 07:05:49.568,1.67074,1.67127,1.12,1.00
2016.05.06 07:05:50.086,1.67073,1.67125,1.50,1.00
2016.05.06 07:05:50.285,1.67071,1.67125,1.00,1.12
2016.05.06 07:05:50.799,1.6707,1.67126,1.00,1.87
2016.05.06 07:05:51.471,1.67071,1.67125,1.00,1.12
2016.05.06 07:05:52.223,1.6707,1.67126,1.00,1.87
2016.05.06 07:05:52.741,1.67071,1.67125,1.00,1.12
2016.05.06 07:05:53.399,1.6707,1.67126,1.00,1.87
2016.05.06 07:05:54.675,1.67074,1.67126,1.00,1.37
2016.05.06 07:05:55.376,1.67071,1.67125,1.00,1.12
2016.05.06 07:05:55.980,1.6707,1.67124,1.00,1.00
2016.05.06 07:05:56.606,1.67069,1.67125,1.12,1.12
2016.05.06 07:05:57.211,1.6707,1.67124,1.00,1.00
2016.05.06 07:05:59.011,1.67069,1.67125,1.12,1.12
2016.05.06 07:06:00.324,1.6707,1.67124,1.00,1.00
2016.05.06 07:06:00.851,1.67072,1.67126,1.00,1.87
2016.05.06 07:06:01.379,1.67073,1.67126,1.00,1.87
2016.05.06 07:06:01.935,1.67067,1.67126,1.50,1.37
2016.05.06 07:06:02.036,1.67064,1.67123,2.25,1.00
2016.05.06 07:06:02.371,1.67063,1.6712,1.00,1.75
2016.05.06 07:06:03.147,1.67064,1.67118,1.00,1.50
2016.05.06 07:06:03.910,1.67063,1.67117,1.50,1.12
2016.05.06 07:06:04.619,1.67063,1.67116,1.00,1.00
2016.05.06 07:06:05.007,1.67097,1.67117,1.00,1.12
2016.05.06 07:06:05.374,1.67101,1.67123,1.00,1.00
2016.05.06 07:06:05.626,1.67104,1.67125,1.00,1.00
2016.05.06 07:06:06.142,1.67103,1.67124,1.00,1.00
2016.05.06 07:06:06.644,1.67103,1.67126,1.00,1.00
2016.05.06 07:06:06.744,1.67103,1.67129,1.00,1.37
2016.05.06 07:06:06.845,1.67104,1.6714,1.00,1.75
2016.05.06 07:06:06.896,1.67113,1.67141,1.00,1.12
2016.05.06 07:06:06.997,1.67113,1.67144,1.00,1.00
2016.05.06 07:06:07.048,1.67113,1.67144,1.00,1.37
2016.05.06 07:06:07.411,1.67114,1.67139,1.00,1.00
2016.05.06 07:06:07.463,1.67104,1.67135,1.00,1.00
2016.05.06 07:06:07.565,1.67103,1.67127,1.00,1.00
2016.05.06 07:06:07.723,1.67094,1.67127,1.00,1.00
2016.05.06 07:06:07.824,1.67104,1.67128,1.00,1.12
2016.05.06 07:06:07.925,1.67093,1.67128,1.00,1.12
2016.05.06 07:06:08.444,1.67094,1.67127,1.00,1.00
2016.05.06 07:06:08.597,1.67084,1.67127,1.00,1.00
2016.05.06 07:06:08.698,1.67083,1.67124,1.00,1.37
2016.05.06 07:06:08.800,1.67074,1.67122,1.00,1.50
2016.05.06 07:06:09.102,1.67074,1.67119,1.00,1.00
2016.05.06 07:06:09.400,1.67064,1.67117,1.50,1.00
2016.05.06 07:06:09.537,1.67073,1.67117,1.00,1.00
2016.05.06 07:06:09.798,1.67063,1.67117,1.75,1.50
2016.05.06 07:06:09.969,1.67063,1.67113,1.75,1.00
2016.05.06 07:06:10.303,1.67063,1.67111,1.75,1.00
2016.05.06 07:06:11.586,1.67064,1.67112,1.50,1.00
2016.05.06 07:06:12.260,1.67063,1.67111,1.75,1.00
2016.05.06 07:06:12.989,1.67066,1.67117,1.00,1.00
2016.05.06 07:06:13.090,1.67071,1.67117,1.00,1.00
2016.05.06 07:06:13.140,1.67071,1.67123,1.37,1.37
2016.05.06 07:06:13.191,1.67073,1.67126,1.12,1.00
2016.05.06 07:06:13.241,1.67074,1.67126,1.50,1.00
2016.05.06 07:06:13.292,1.67078,1.67129,1.75,1.00
2016.05.06 07:06:13.468,1.67078,1.67134,1.75,1.00
2016.05.06 07:06:13.629,1.67077,1.67136,1.75,2.62
2016.05.06 07:06:13.730,1.67084,1.67136,1.00,2.62
2016.05.06 07:06:14.305,1.67078,1.67136,1.75,2.62
2016.05.06 07:06:14.630,1.67078,1.67133,1.75,1.50
2016.05.06 07:06:15.167,1.67077,1.67132,1.75,1.00
2016.05.06 07:06:15.500,1.67078,1.67129,1.75,1.00
2016.05.06 07:06:16.086,1.67082,1.67132,1.00,1.00
2016.05.06 07:06:16.137,1.67082,1.67136,1.00,2.62
2016.05.06 07:06:16.771,1.67079,1.67132,1.50,1.00
2016.05.06 07:06:17.073,1.67077,1.67135,1.75,1.00
2016.05.06 07:06:17.262,1.67077,1.67132,1.75,1.00
2016.05.06 07:06:17.364,1.67078,1.67132,1.00,2.25
2016.05.06 07:06:17.516,1.67074,1.6713,1.12,1.00
2016.05.06 07:06:17.719,1.67074,1.67128,1.12,1.00
2016.05.06 07:06:18.024,1.67085,1.67138,1.75,1.00
2016.05.06 07:06:18.530,1.67085,1.67139,1.75,1.00
2016.05.06 07:06:19.109,1.67086,1.67138,1.75,1.00
2016.05.06 07:06:20.262,1.67086,1.67134,1.75,1.00
2016.05.06 07:06:20.464,1.67085,1.67134,1.00,1.00
2016.05.06 07:06:20.515,1.67083,1.6713,1.50,1.00
2016.05.06 07:06:20.666,1.67071,1.67123,1.00,1.75
2016.05.06 07:06:20.717,1.67067,1.67123,1.00,2.25
2016.05.06 07:06:21.123,1.67063,1.67119,2.62,1.12
2016.05.06 07:06:22.028,1.67064,1.67111,1.00,1.00
2016.05.06 07:06:22.288,1.6705,1.67103,1.00,1.75
2016.05.06 07:06:22.389,1.6705,1.67103,1.50,1.00
2016.05.06 07:06:22.440,1.67054,1.67103,1.00,1.00
2016.05.06 07:06:23.017,1.67054,1.67104,1.00,1.00
2016.05.06 07:06:23.219,1.67035,1.67091,1.00,3.00
2016.05.06 07:06:23.382,1.67036,1.67087,1.00,1.12
2016.05.06 07:06:23.432,1.67029,1.67087,1.50,1.12
2016.05.06 07:06:23.847,1.67034,1.67087,1.00,1.12
2016.05.06 07:06:24.641,1.67027,1.67081,1.00,1.12
2016.05.06 07:06:25.400,1.67026,1.67082,1.00,1.37
2016.05.06 07:06:25.943,1.67027,1.67081,1.00,1.12
2016.05.06 07:06:26.515,1.67026,1.67082,1.00,1.37
2016.05.06 07:06:27.117,1.67027,1.67081,1.00,1.12
2016.05.06 07:06:27.680,1.67027,1.6708,1.00,1.00
2016.05.06 07:06:27.731,1.67024,1.67078,1.37,1.00
2016.05.06 07:06:28.355,1.67022,1.67078,1.87,1.87
2016.05.06 07:06:28.557,1.67018,1.67074,1.00,1.50
2016.05.06 07:06:28.658,1.67021,1.6708,1.37,1.37
2016.05.06 07:06:28.709,1.67025,1.6708,1.00,1.00
2016.05.06 07:06:28.760,1.67024,1.67076,1.37,1.37
2016.05.06 07:06:29.044,1.67023,1.67074,1.00,1.50
2016.05.06 07:06:29.109,1.67023,1.6707,1.00,1.00
2016.05.06 07:06:29.471,1.67024,1.6707,1.00,1.37
2016.05.06 07:06:30.007,1.67034,1.67071,1.00,1.75
2016.05.06 07:06:30.262,1.67033,1.67073,1.00,1.37
2016.05.06 07:06:30.313,1.67033,1.67081,1.00,1.00
2016.05.06 07:06:30.364,1.67034,1.67088,1.00,1.50
2016.05.06 07:06:30.414,1.67034,1.67084,1.00,1.00
2016.05.06 07:06:30.681,1.6703,1.67084,1.75,1.00
2016.05.06 07:06:30.732,1.6703,1.67081,1.75,1.00
2016.05.06 07:06:31.063,1.67025,1.67078,1.50,1.00
2016.05.06 07:06:31.452,1.67034,1.67079,1.00,1.00
2016.05.06 07:06:31.936,1.67024,1.67079,2.25,1.00
2016.05.06 07:06:32.454,1.67025,1.67078,1.50,1.00
2016.05.06 07:06:32.655,1.67033,1.67079,1.00,1.00
2016.05.06 07:06:33.058,1.67033,1.67082,1.00,1.00
2016.05.06 07:06:33.563,1.67033,1.67081,1.00,1.00
2016.05.06 07:06:34.049,1.67028,1.67081,1.00,1.00
2016.05.06 07:06:34.751,1.67027,1.67082,1.12,1.00
2016.05.06 07:06:35.755,1.67028,1.67081,1.00,1.00
2016.05.06 07:06:36.277,1.67027,1.67082,1.12,1.00
2016.05.06 07:06:37.148,1.67028,1.67081,1.00,1.00
2016.05.06 07:06:37.500,1.67034,1.67081,1.00,1.00
2016.05.06 07:06:38.064,1.67034,1.67082,1.00,1.00
2016.05.06 07:06:38.614,1.67034,1.67081,1.00,1.00
2016.05.06 07:06:39.267,1.67034,1.67083,1.00,1.87
2016.05.06 07:06:39.817,1.67034,1.67082,1.00,1.00
2016.05.06 07:06:40.280,1.67029,1.67082,1.00,1.00
2016.05.06 07:06:40.671,1.67025,1.6708,1.50,1.00
2016.05.06 07:06:40.973,1.67025,1.6708,1.12,1.37
2016.05.06 07:06:41.311,1.67015,1.67065,1.00,1.37
2016.05.06 07:06:41.362,1.67013,1.67065,1.00,1.50
2016.05.06 07:06:41.778,1.67014,1.67062,1.00,1.50
2016.05.06 07:06:42.282,1.67013,1.67062,1.00,1.00
2016.05.06 07:06:42.882,1.67013,1.67063,1.00,1.50
2016.05.06 07:06:43.189,1.67013,1.67058,1.00,1.00
2016.05.06 07:06:43.728,1.67013,1.67059,1.00,1.00
2016.05.06 07:06:44.280,1.67013,1.67058,1.00,1.00
2016.05.06 07:06:44.381,1.67013,1.67061,1.00,1.00
2016.05.06 07:06:46.889,1.67013,1.67062,1.00,1.00
2016.05.06 07:06:47.451,1.67013,1.67061,1.00,1.00
2016.05.06 07:06:48.155,1.67008,1.67061,1.00,1.00
2016.05.06 07:06:48.408,1.67012,1.67065,1.50,2.25
2016.05.06 07:06:48.610,1.67013,1.67069,1.00,1.37
2016.05.06 07:06:49.183,1.67005,1.67051,1.12,1.00
2016.05.06 07:06:49.233,1.67004,1.67051,1.37,1.37
2016.05.06 07:06:49.284,1.67004,1.67049,1.00,1.00
2016.05.06 07:06:49.803,1.67003,1.67049,1.00,1.00
2016.05.06 07:06:50.318,1.66994,1.67049,1.00,1.00
2016.05.06 07:06:50.369,1.67003,1.67048,1.00,1.00
2016.05.06 07:06:51.102,1.66995,1.67048,1.00,1.00
2016.05.06 07:06:52.297,1.66994,1.67049,1.00,1.00
2016.05.06 07:06:52.819,1.66994,1.67048,1.00,1.00
2016.05.06 07:06:52.920,1.66994,1.67046,1.00,1.00
2016.05.06 07:06:53.223,1.66993,1.67043,1.00,1.00
2016.05.06 07:06:53.818,1.66994,1.67043,1.00,1.00
2016.05.06 07:06:55.083,1.66994,1.67042,1.00,1.00
2016.05.06 07:06:56.288,1.66994,1.67043,1.00,1.00
2016.05.06 07:06:56.912,1.66994,1.67044,1.00,1.00
2016.05.06 07:06:58.276,1.66993,1.67044,1.00,1.00
2016.05.06 07:06:58.878,1.66994,1.67044,1.00,1.00
2016.05.06 07:06:59.780,1.66993,1.67044,1.00,1.00
2016.05.06 07:07:00.307,1.66989,1.67033,1.50,1.75
2016.05.06 07:07:00.359,1.66985,1.67033,1.00,1.00
2016.05.06 07:07:00.411,1.66994,1.67041,1.00,1.75
2016.05.06 07:07:00.461,1.66994,1.67043,1.00,1.50
2016.05.06 07:07:00.835,1.66994,1.67041,1.00,1.00
2016.05.06 07:07:01.137,1.66994,1.67043,1.00,1.00
2016.05.06 07:07:01.188,1.67004,1.67043,1.00,1.00
2016.05.06 07:07:01.289,1.66994,1.67044,1.00,1.00
2016.05.06 07:07:01.463,1.67001,1.67054,1.00,1.37
2016.05.06 07:07:01.515,1.67004,1.67056,1.00,1.37
2016.05.06 07:07:01.733,1.66999,1.67058,1.12,1.75
2016.05.06 07:07:01.884,1.66995,1.67054,2.25,1.75
2016.05.06 07:07:02.187,1.66994,1.67047,1.00,1.00
2016.05.06 07:07:02.505,1.66987,1.67039,1.12,1.00
2016.05.06 07:07:02.828,1.66994,1.67043,1.00,1.00
2016.05.06 07:07:03.144,1.67004,1.67043,1.00,1.00
2016.05.06 07:07:03.314,1.66994,1.67042,1.00,1.00
2016.05.06 07:07:03.945,1.66994,1.6704,1.00,1.00
2016.05.06 07:07:03.996,1.66986,1.6704,1.75,1.00
2016.05.06 07:07:04.154,1.66987,1.67039,1.00,1.75
2016.05.06 07:07:04.507,1.66994,1.6704,1.00,1.75
2016.05.06 07:07:05.649,1.66994,1.67039,1.00,1.00
2016.05.06 07:07:06.439,1.66998,1.67039,3.75,1.00
2016.05.06 07:07:06.640,1.67038,1.67085,1.00,1.00
2016.05.06 07:07:06.741,1.67034,1.67085,1.50,1.00
2016.05.06 07:07:06.993,1.67035,1.67087,1.12,1.00
2016.05.06 07:07:07.535,1.67034,1.67086,1.50,1.00
2016.05.06 07:07:08.106,1.67034,1.67086,1.00,1.00
2016.05.06 07:07:08.652,1.67033,1.67087,1.00,1.50
2016.05.06 07:07:09.159,1.67033,1.67086,1.00,1.00
2016.05.06 07:07:09.512,1.6704,1.67086,1.50,1.00
2016.05.06 07:07:09.663,1.6704,1.67096,1.37,1.00
2016.05.06 07:07:09.888,1.67043,1.67096,1.00,1.00
2016.05.06 07:07:09.989,1.6704,1.67096,1.37,1.50
2016.05.06 07:07:10.040,1.67037,1.67086,1.75,1.00
2016.05.06 07:07:10.091,1.67037,1.67086,1.37,1.00
2016.05.06 07:07:10.192,1.67033,1.67087,1.00,1.00
2016.05.06 07:07:10.343,1.67027,1.67077,1.75,1.00
2016.05.06 07:07:10.645,1.67033,1.67077,1.00,1.00
2016.05.06 07:07:10.696,1.67025,1.67077,1.00,1.00
2016.05.06 07:07:10.897,1.67023,1.67078,1.00,1.12
2016.05.06 07:07:10.947,1.67023,1.67076,1.00,1.00
2016.05.06 07:07:11.791,1.67024,1.67076,1.00,1.00
2016.05.06 07:07:12.105,1.67024,1.67071,1.00,1.00
2016.05.06 07:07:14.165,1.67024,1.67073,1.00,1.00
2016.05.06 07:07:14.266,1.67023,1.67075,1.50,1.00
2016.05.06 07:07:14.774,1.67024,1.67076,1.00,1.00
2016.05.06 07:07:15.877,1.67024,1.67077,1.00,1.00
2016.05.06 07:07:16.383,1.67024,1.67076,1.00,1.00
2016.05.06 07:07:16.701,1.67034,1.67076,1.00,1.00
2016.05.06 07:07:17.199,1.67024,1.67076,1.00,1.00
2016.05.06 07:07:17.371,1.67027,1.67076,1.00,1.00
2016.05.06 07:07:17.472,1.67024,1.67076,1.00,1.00
2016.05.06 07:07:17.952,1.67034,1.67079,1.00,1.50
2016.05.06 07:07:19.045,1.67034,1.67077,1.00,1.00
2016.05.06 07:07:19.593,1.67034,1.67079,1.00,1.50
2016.05.06 07:07:20.046,1.67024,1.67076,1.50,1.00
2016.05.06 07:07:20.549,1.67024,1.67075,1.00,1.00
2016.05.06 07:07:21.091,1.67024,1.67076,1.00,1.50
2016.05.06 07:07:21.706,1.67024,1.67075,1.00,1.00
2016.05.06 07:07:22.244,1.67024,1.67076,1.00,1.50
2016.05.06 07:07:23.296,1.67024,1.67075,1.00,1.00
2016.05.06 07:07:23.845,1.67024,1.67076,1.00,2.25
2016.05.06 07:07:24.454,1.67024,1.67075,1.50,1.00
2016.05.06 07:07:24.617,1.67034,1.67077,1.00,1.00
2016.05.06 07:07:25.196,1.67034,1.67082,1.00,1.75
2016.05.06 07:07:26.410,1.67043,1.67081,1.00,1.75
2016.05.06 07:07:26.510,1.67043,1.67081,1.00,1.00
2016.05.06 07:07:26.611,1.67044,1.67083,1.00,1.00
2016.05.06 07:07:27.300,1.67043,1.67083,1.00,1.50
2016.05.06 07:07:27.401,1.67044,1.6709,1.50,1.00
2016.05.06 07:07:27.452,1.67047,1.6709,1.00,1.00
2016.05.06 07:07:27.502,1.6705,1.671,1.00,1.00
2016.05.06 07:07:27.553,1.67054,1.67104,1.00,1.87
2016.05.06 07:07:27.604,1.67054,1.67105,1.50,1.00
2016.05.06 07:07:27.705,1.67053,1.67107,1.00,1.00
2016.05.06 07:07:27.756,1.67064,1.67107,1.00,1.00
2016.05.06 07:07:27.913,1.67054,1.67106,1.00,1.00
2016.05.06 07:07:28.464,1.67053,1.67107,1.50,1.50
2016.05.06 07:07:28.965,1.67054,1.67106,1.00,1.00
2016.05.06 07:07:29.566,1.67053,1.67107,1.50,1.50
2016.05.06 07:07:30.268,1.67054,1.67106,1.00,1.00
2016.05.06 07:07:30.812,1.67053,1.67107,1.50,1.50
2016.05.06 07:07:31.416,1.67054,1.67106,1.00,1.00
2016.05.06 07:07:31.924,1.67054,1.67104,1.00,1.00
2016.05.06 07:07:32.342,1.67053,1.67101,1.00,1.00
2016.05.06 07:07:33.628,1.67045,1.67097,1.87,1.00
2016.05.06 07:07:35.004,1.67046,1.67096,1.12,1.00
2016.05.06 07:07:35.332,1.67046,1.67101,1.12,1.00
2016.05.06 07:07:35.534,1.67054,1.671,1.00,1.00
2016.05.06 07:07:35.992,1.67053,1.67102,1.00,1.12
2016.05.06 07:07:36.536,1.67054,1.67103,1.00,1.37
2016.05.06 07:07:37.349,1.67052,1.67106,1.00,2.25
2016.05.06 07:07:37.500,1.67058,1.67106,1.00,1.37
2016.05.06 07:07:37.551,1.67058,1.67107,1.00,1.00
2016.05.06 07:07:37.602,1.67053,1.67107,1.12,1.00
2016.05.06 07:07:37.703,1.67053,1.6711,1.12,1.87
2016.05.06 07:07:37.854,1.67063,1.6711,1.00,1.37
2016.05.06 07:07:38.189,1.67063,1.67105,1.00,1.75
2016.05.06 07:07:38.239,1.67054,1.67105,1.00,1.75
2016.05.06 07:07:38.340,1.67047,1.67101,1.00,1.12
2016.05.06 07:07:38.391,1.67044,1.67101,1.87,1.12
2016.05.06 07:07:38.442,1.67048,1.67094,1.00,1.00
2016.05.06 07:07:38.493,1.67045,1.67094,1.00,1.00
2016.05.06 07:07:39.092,1.67044,1.67094,1.00,1.00
2016.05.06 07:07:39.143,1.67044,1.67091,1.00,1.00
2016.05.06 07:07:39.662,1.67044,1.6709,1.00,1.00
2016.05.06 07:07:40.044,1.67044,1.6709,1.00,1.37
2016.05.06 07:07:40.386,1.67036,1.67088,1.00,2.25
2016.05.06 07:07:40.437,1.67034,1.67085,1.00,1.50
2016.05.06 07:07:40.639,1.67043,1.67082,1.00,1.00
2016.05.06 07:07:40.740,1.67033,1.67082,1.00,1.00
2016.05.06 07:07:41.332,1.67034,1.67082,1.00,1.00
2016.05.06 07:07:41.564,1.67031,1.67082,1.00,1.00
2016.05.06 07:07:41.899,1.67029,1.6708,1.00,1.00
2016.05.06 07:07:42.202,1.67026,1.67077,1.00,1.12
2016.05.06 07:07:42.504,1.67024,1.67074,1.00,1.00
2016.05.06 07:07:43.103,1.67024,1.67075,1.00,1.00
2016.05.06 07:07:43.204,1.67024,1.67079,1.00,1.75
2016.05.06 07:07:45.182,1.67024,1.67075,1.00,1.00
2016.05.06 07:07:45.534,1.67023,1.67075,1.00,2.25
2016.05.06 07:07:46.826,1.67023,1.67071,1.00,1.00
2016.05.06 07:07:46.977,1.6702,1.67071,1.00,1.00
2016.05.06 07:07:47.129,1.67015,1.67071,1.00,1.37
2016.05.06 07:07:47.230,1.67013,1.67067,1.00,1.75
2016.05.06 07:07:47.331,1.67014,1.67066,1.00,1.87
2016.05.06 07:07:47.645,1.67024,1.67069,1.00,1.12
2016.05.06 07:07:47.700,1.67024,1.6707,1.00,1.75
2016.05.06 07:07:48.839,1.67013,1.67066,1.00,1.00
2016.05.06 07:07:49.218,1.67013,1.67062,1.00,1.00
2016.05.06 07:07:50.434,1.67013,1.67061,1.00,1.00
2016.05.06 07:07:50.585,1.67007,1.67061,1.00,1.75
2016.05.06 07:07:50.736,1.67005,1.67056,1.00,1.00
2016.05.06 07:07:50.938,1.67003,1.67054,1.50,1.00
2016.05.06 07:07:51.240,1.67005,1.67057,1.00,1.12
2016.05.06 07:07:51.444,1.67004,1.67055,1.00,1.00
2016.05.06 07:07:51.723,1.67004,1.67057,1.50,1.87
2016.05.06 07:07:52.224,1.67005,1.67056,1.00,1.00
2016.05.06 07:07:52.939,1.67004,1.67057,1.00,1.87
2016.05.06 07:07:53.247,1.67003,1.67055,1.00,1.00
2016.05.06 07:07:53.822,1.67003,1.67054,1.00,1.00
2016.05.06 07:07:54.731,1.67003,1.67055,1.00,1.00
2016.05.06 07:07:55.152,1.67005,1.67059,1.00,1.75
2016.05.06 07:07:55.475,1.67024,1.67061,1.00,1.75
2016.05.06 07:07:55.898,1.67024,1.6706,1.00,1.00
2016.05.06 07:07:56.000,1.67009,1.6706,1.00,1.50
2016.05.06 07:07:56.151,1.67006,1.67058,1.50,1.00
2016.05.06 07:07:56.252,1.67004,1.67055,1.50,1.75
2016.05.06 07:07:57.417,1.67014,1.67056,1.00,1.75
2016.05.06 07:07:58.283,1.67004,1.67055,1.00,1.75
2016.05.06 07:07:58.442,1.67003,1.67051,1.00,1.00
2016.05.06 07:07:58.759,1.67003,1.67049,1.00,1.00
2016.05.06 07:07:58.860,1.67003,1.67054,1.00,2.25
2016.05.06 07:07:59.397,1.67013,1.67052,1.00,1.00
2016.05.06 07:07:59.498,1.6701,1.67056,1.00,1.75
2016.05.06 07:07:59.548,1.67014,1.67059,1.00,1.12
2016.05.06 07:07:59.599,1.67023,1.67065,1.00,1.00
2016.05.06 07:07:59.766,1.67034,1.67068,1.00,1.12
2016.05.06 07:07:59.821,1.67024,1.67068,1.00,1.12
2016.05.06 07:08:02.756,1.67024,1.67067,1.00,1.00
2016.05.06 07:08:03.323,1.67014,1.67067,1.00,1.00
2016.05.06 07:08:04.110,1.67014,1.67068,1.00,1.87
2016.05.06 07:08:04.611,1.67014,1.67067,1.00,1.00
2016.05.06 07:08:04.780,1.67024,1.67067,1.00,1.00
2016.05.06 07:08:05.314,1.67024,1.67069,1.00,1.37
2016.05.06 07:08:06.726,1.67024,1.67067,1.00,1.00
2016.05.06 07:08:06.928,1.67014,1.67061,1.00,1.00
2016.05.06 07:08:07.079,1.67014,1.67061,1.00,1.75
2016.05.06 07:08:07.395,1.67004,1.67057,1.00,1.00
2016.05.06 07:08:07.496,1.67013,1.67055,1.00,1.75
2016.05.06 07:08:07.616,1.67004,1.67054,1.00,1.75
2016.05.06 07:08:07.717,1.67004,1.67056,1.50,1.12
2016.05.06 07:08:07.820,1.67007,1.67061,1.00,3.00
2016.05.06 07:08:08.210,1.67013,1.67061,1.00,3.00
2016.05.06 07:08:08.773,1.67014,1.67061,1.00,3.00
2016.05.06 07:08:09.324,1.67005,1.67058,1.00,1.50
2016.05.06 07:08:09.832,1.67006,1.67057,1.00,1.37
2016.05.06 07:08:10.477,1.67005,1.67058,1.00,1.50
2016.05.06 07:08:11.008,1.67006,1.67057,1.00,1.37
2016.05.06 07:08:11.880,1.67005,1.67058,1.00,1.50
2016.05.06 07:08:12.831,1.67013,1.67057,1.00,1.37
2016.05.06 07:08:14.134,1.67005,1.67058,1.00,1.50
2016.05.06 07:08:14.184,1.67005,1.67054,1.00,1.00
2016.05.06 07:08:14.788,1.67004,1.67055,1.00,1.87
2016.05.06 07:08:17.674,1.67004,1.67051,1.00,1.00
2016.05.06 07:08:17.996,1.67004,1.67046,1.00,1.12
2016.05.06 07:08:18.497,1.67004,1.67045,1.00,1.00
2016.05.06 07:08:20.002,1.66994,1.67045,1.00,1.00
2016.05.06 07:08:20.053,1.66994,1.67043,1.00,1.00
2016.05.06 07:08:20.357,1.66993,1.67034,1.00,1.37
2016.05.06 07:08:20.904,1.66994,1.67034,1.00,1.37
2016.05.06 07:08:22.684,1.66994,1.67044,1.00,2.25
2016.05.06 07:08:22.734,1.67004,1.67045,1.00,3.37
2016.05.06 07:08:24.033,1.66994,1.67045,1.00,4.87
2016.05.06 07:08:24.714,1.66993,1.67039,1.00,1.12
2016.05.06 07:08:24.765,1.66993,1.67039,1.00,1.87
2016.05.06 07:08:25.977,1.66994,1.67037,1.00,3.00
2016.05.06 07:08:26.354,1.66994,1.67034,1.00,1.87
2016.05.06 07:08:27.570,1.66984,1.67034,1.00,1.87
2016.05.06 07:08:28.245,1.66983,1.67033,1.00,1.75
2016.05.06 07:08:28.686,1.66994,1.67034,1.00,1.00
2016.05.06 07:08:29.057,1.67003,1.67043,1.00,1.12
2016.05.06 07:08:29.108,1.67003,1.67047,1.00,1.75
2016.05.06 07:08:29.278,1.67003,1.6705,1.00,1.50
2016.05.06 07:08:29.379,1.66999,1.6705,1.00,1.50
2016.05.06 07:08:29.581,1.67014,1.67051,1.00,1.75
2016.05.06 07:08:29.931,1.67023,1.67054,1.00,2.62
2016.05.06 07:08:29.982,1.67023,1.67054,1.00,1.50
2016.05.06 07:08:30.557,1.67023,1.67055,1.00,1.12
2016.05.06 07:08:31.068,1.67023,1.67054,1.00,1.00
2016.05.06 07:08:31.169,1.67013,1.67054,1.00,1.00
2016.05.06 07:08:31.284,1.67024,1.67055,1.00,1.12
2016.05.06 07:08:31.649,1.67013,1.67056,1.00,1.37
2016.05.06 07:08:31.901,1.67014,1.67052,1.00,1.00
2016.05.06 07:08:32.474,1.67014,1.67049,1.00,1.00
2016.05.06 07:08:32.889,1.67014,1.67047,1.00,1.00
2016.05.06 07:08:33.590,1.67014,1.67048,1.00,1.00
2016.05.06 07:08:34.092,1.67014,1.67047,1.00,1.00
2016.05.06 07:08:34.248,1.67004,1.67047,1.00,1.00
2016.05.06 07:08:34.299,1.67014,1.67047,1.00,1.00
2016.05.06 07:08:35.074,1.67014,1.6705,1.00,1.12
2016.05.06 07:08:35.403,1.67014,1.67057,1.00,1.00
2016.05.06 07:08:35.504,1.67013,1.67055,1.00,1.00
2016.05.06 07:08:35.605,1.67013,1.67057,1.00,1.50
2016.05.06 07:08:35.706,1.67014,1.67055,1.00,1.00
2016.05.06 07:08:35.858,1.67003,1.67048,1.00,1.00
2016.05.06 07:08:36.249,1.67003,1.67046,1.00,1.00
2016.05.06 07:08:36.299,1.66993,1.67038,1.00,1.00
2016.05.06 07:08:36.351,1.6699,1.67038,1.00,1.00
2016.05.06 07:08:36.476,1.6699,1.67038,1.00,1.37
2016.05.06 07:08:36.527,1.66983,1.67032,1.00,1.00
2016.05.06 07:08:36.700,1.66983,1.67032,1.00,2.25
2016.05.06 07:08:37.211,1.66984,1.67032,1.00,2.25
2016.05.06 07:08:37.954,1.66983,1.67031,1.00,1.50
2016.05.06 07:08:38.759,1.66984,1.67032,1.00,1.75
2016.05.06 07:08:39.077,1.66984,1.67024,1.00,2.25
2016.05.06 07:08:39.357,1.66974,1.67024,1.00,1.75
2016.05.06 07:08:40.961,1.66983,1.67021,1.00,1.12
2016.05.06 07:08:41.458,1.66974,1.67021,1.00,1.12
2016.05.06 07:08:41.807,1.66984,1.67024,1.00,1.75
2016.05.06 07:08:42.364,1.66983,1.67027,1.00,1.87
2016.05.06 07:08:42.989,1.66983,1.67028,1.00,1.00
2016.05.06 07:08:43.567,1.66984,1.67028,1.00,1.00
2016.05.06 07:08:44.420,1.66984,1.67028,1.00,1.37
2016.05.06 07:08:44.921,1.66984,1.67025,1.00,2.25
2016.05.06 07:08:45.224,1.66994,1.67041,1.00,2.25
2016.05.06 07:08:45.275,1.66994,1.67041,1.00,1.87
2016.05.06 07:08:45.429,1.67004,1.67047,1.00,1.12
2016.05.06 07:08:45.487,1.67004,1.67049,1.00,1.50
2016.05.06 07:08:45.993,1.67003,1.67046,1.00,1.00
2016.05.06 07:08:46.065,1.66993,1.67046,1.00,1.00
2016.05.06 07:08:46.166,1.67004,1.67046,1.00,1.00
2016.05.06 07:08:46.703,1.67004,1.67047,1.00,1.12
2016.05.06 07:08:47.245,1.67004,1.67046,1.00,1.00
2016.05.06 07:08:47.780,1.66994,1.67045,1.00,1.00
2016.05.06 07:08:47.881,1.67003,1.67044,1.00,1.00
2016.05.06 07:08:48.032,1.67003,1.67046,1.00,1.00
2016.05.06 07:08:48.083,1.66994,1.67046,1.00,1.00
2016.05.06 07:08:48.397,1.66994,1.67045,1.00,2.25
2016.05.06 07:08:49.031,1.66993,1.67046,1.00,2.62
2016.05.06 07:08:49.570,1.66994,1.67045,1.00,1.75
2016.05.06 07:08:51.038,1.66997,1.67045,1.50,1.75
2016.05.06 07:08:51.088,1.66997,1.67045,1.50,1.00
2016.05.06 07:08:51.139,1.67001,1.67045,1.00,1.00
2016.05.06 07:08:51.240,1.66994,1.67046,1.00,1.50
2016.05.06 07:08:51.291,1.66994,1.67046,1.00,2.25
2016.05.06 07:08:51.635,1.66989,1.67027,1.00,1.87
2016.05.06 07:08:51.741,1.66974,1.67027,1.00,1.87
2016.05.06 07:08:52.092,1.66984,1.67025,1.00,1.75
2016.05.06 07:08:52.515,1.66974,1.67027,1.00,1.87
2016.05.06 07:08:53.027,1.66978,1.67028,1.00,1.37
2016.05.06 07:08:53.128,1.6698,1.67029,1.50,1.50
2016.05.06 07:08:53.675,1.66978,1.67028,1.00,1.87
2016.05.06 07:08:53.726,1.66984,1.67028,1.00,1.87
2016.05.06 07:08:54.805,1.6698,1.67028,1.00,1.37
2016.05.06 07:08:54.945,1.66977,1.67029,1.00,1.50
2016.05.06 07:08:55.221,1.66979,1.67031,1.00,1.75
2016.05.06 07:08:55.533,1.66984,1.67033,1.00,1.12
2016.05.06 07:08:56.736,1.66976,1.67033,1.50,1.12
2016.05.06 07:08:57.451,1.66977,1.67028,1.00,1.37
2016.05.06 07:08:57.961,1.66976,1.67029,1.00,1.50
2016.05.06 07:08:58.062,1.66975,1.67025,1.00,1.00
2016.05.06 07:08:58.177,1.66969,1.67024,1.50,1.00
2016.05.06 07:08:58.479,1.66974,1.67024,1.00,1.00
2016.05.06 07:09:00.531,1.66977,1.67026,1.00,1.00
2016.05.06 07:09:00.733,1.66989,1.67039,1.50,1.12
2016.05.06 07:09:00.904,1.66994,1.67044,1.00,1.37
2016.05.06 07:09:00.955,1.66994,1.67044,1.00,1.00
2016.05.06 07:09:01.170,1.66986,1.67044,1.75,1.00
2016.05.06 07:09:02.135,1.66994,1.67044,1.00,1.00
2016.05.06 07:09:02.292,1.66986,1.67044,1.75,1.00
2016.05.06 07:09:02.773,1.66994,1.67044,1.00,1.00
2016.05.06 07:09:03.158,1.66998,1.67045,1.00,1.87
2016.05.06 07:09:03.420,1.66994,1.67042,1.00,1.12
2016.05.06 07:09:03.576,1.66996,1.67043,1.00,1.50
2016.05.06 07:09:04.505,1.66984,1.67037,1.75,1.00
2016.05.06 07:09:04.556,1.66984,1.67035,1.75,1.00
2016.05.06 07:09:04.858,1.66983,1.67031,1.00,1.00
2016.05.06 07:09:05.381,1.66983,1.67032,1.00,1.00
2016.05.06 07:09:05.882,1.66984,1.67031,1.00,1.00
2016.05.06 07:09:06.052,1.66984,1.67035,1.00,1.50
2016.05.06 07:09:06.354,1.66994,1.67035,1.00,1.50
2016.05.06 07:09:06.985,1.66984,1.67035,1.00,1.00
2016.05.06 07:09:07.895,1.66984,1.67033,1.00,1.00
2016.05.06 07:09:08.356,1.6698,1.67033,1.50,1.00
2016.05.06 07:09:08.661,1.6698,1.67025,1.00,1.00
2016.05.06 07:09:08.712,1.66974,1.67024,1.87,1.00
2016.05.06 07:09:08.763,1.66974,1.67023,1.50,1.00
2016.05.06 07:09:08.864,1.66964,1.67018,1.12,1.00
2016.05.06 07:09:08.965,1.66964,1.67016,1.00,1.00
2016.05.06 07:09:09.066,1.66964,1.67018,1.00,1.50
2016.05.06 07:09:09.242,1.66964,1.67014,1.00,1.00
2016.05.06 07:09:09.868,1.66964,1.67013,1.00,1.00
2016.05.06 07:09:10.514,1.66963,1.67013,1.50,1.00
2016.05.06 07:09:10.817,1.66954,1.67009,1.00,1.50
2016.05.06 07:09:13.829,1.66953,1.67009,2.25,1.50
2016.05.06 07:09:16.019,1.66954,1.67006,1.00,1.00
2016.05.06 07:09:16.618,1.66955,1.67005,1.00,1.00
2016.05.06 07:09:17.216,1.66954,1.67006,1.50,1.00
2016.05.06 07:09:18.220,1.66955,1.67005,1.00,1.00
2016.05.06 07:09:19.627,1.66954,1.67006,1.00,1.00
2016.05.06 07:09:20.576,1.66957,1.67006,1.00,1.00
2016.05.06 07:09:20.829,1.66965,1.67015,1.00,1.50
2016.05.06 07:09:20.981,1.66963,1.67014,1.00,1.00
2016.05.06 07:09:21.482,1.66964,1.67014,1.50,1.50
2016.05.06 07:09:22.837,1.66963,1.67014,1.50,1.00
2016.05.06 07:09:23.513,1.66964,1.67014,1.00,1.50
2016.05.06 07:09:23.915,1.66968,1.67014,1.00,1.00
2016.05.06 07:09:24.117,1.66968,1.67022,1.00,1.75
2016.05.06 07:09:24.385,1.66973,1.67022,1.00,1.75
2016.05.06 07:09:25.211,1.66968,1.67022,1.00,1.75
2016.05.06 07:09:25.420,1.66974,1.67023,1.00,1.75
2016.05.06 07:09:25.626,1.66967,1.67024,2.25,1.00
2016.05.06 07:09:26.142,1.66968,1.67025,1.50,1.00
2016.05.06 07:09:26.281,1.66973,1.67025,1.00,1.00
2016.05.06 07:09:26.727,1.66975,1.67026,1.00,1.12
2016.05.06 07:09:27.550,1.66976,1.67027,1.00,1.50
2016.05.06 07:09:28.285,1.66984,1.67027,1.00,1.50
2016.05.06 07:09:29.789,1.66985,1.67027,1.00,1.50
2016.05.06 07:09:30.003,1.66996,1.67038,1.00,1.12
2016.05.06 07:09:30.104,1.66995,1.67048,1.00,1.37
2016.05.06 07:09:30.639,1.66996,1.67047,1.00,1.37
2016.05.06 07:09:30.741,1.66996,1.67047,1.00,1.50
2016.05.06 07:09:31.263,1.66995,1.67046,1.00,1.50
2016.05.06 07:09:31.364,1.66991,1.67042,1.75,1.00
2016.05.06 07:09:31.415,1.66991,1.67042,1.37,1.50
2016.05.06 07:09:31.567,1.66986,1.67042,1.50,1.00
2016.05.06 07:09:31.618,1.66989,1.67036,1.00,1.00
2016.05.06 07:09:31.719,1.66984,1.67035,1.37,1.00
2016.05.06 07:09:31.870,1.66978,1.67035,1.75,1.00
2016.05.06 07:09:32.084,1.66975,1.67032,1.50,1.50
2016.05.06 07:09:32.236,1.66975,1.67028,1.50,1.00
2016.05.06 07:09:32.578,1.66975,1.67029,1.50,1.75
2016.05.06 07:09:33.771,1.66977,1.67027,1.00,1.75
2016.05.06 07:09:33.872,1.66974,1.67025,1.00,1.37
2016.05.06 07:09:34.838,1.66975,1.67028,1.00,1.75
2016.05.06 07:09:35.378,1.66976,1.67027,1.00,1.75
2016.05.06 07:09:36.381,1.66975,1.67028,1.50,1.75
2016.05.06 07:09:36.882,1.66976,1.67027,1.00,1.75
2016.05.06 07:09:37.383,1.66975,1.67028,1.50,1.75
2016.05.06 07:09:38.134,1.66976,1.67027,1.00,1.75
2016.05.06 07:09:39.838,1.66975,1.67028,1.50,1.75
2016.05.06 07:09:40.456,1.66976,1.67027,1.00,1.75
2016.05.06 07:09:42.144,1.66977,1.67027,1.00,1.75
2016.05.06 07:09:43.449,1.66976,1.67028,1.00,1.75
2016.05.06 07:09:43.875,1.66978,1.67028,1.00,1.75
2016.05.06 07:09:43.976,1.66976,1.67028,1.00,1.75
2016.05.06 07:09:44.077,1.66978,1.67028,1.00,1.00
2016.05.06 07:09:44.390,1.66976,1.67028,1.00,1.00
2016.05.06 07:09:44.953,1.66977,1.67027,1.00,1.00
2016.05.06 07:09:45.955,1.66976,1.67028,1.00,1.00
2016.05.06 07:09:46.157,1.66974,1.67023,1.00,1.00
2016.05.06 07:09:46.258,1.66967,1.67023,1.50,1.00
2016.05.06 07:09:46.359,1.66974,1.67023,1.00,1.00
2016.05.06 07:09:46.412,1.66967,1.67023,1.50,1.00
2016.05.06 07:09:46.513,1.66967,1.67023,1.12,1.87
2016.05.06 07:09:47.058,1.66966,1.67023,1.50,1.75
2016.05.06 07:09:47.459,1.66968,1.67023,1.00,1.75
2016.05.06 07:09:47.973,1.66967,1.67023,1.00,1.75
2016.05.06 07:09:48.285,1.66965,1.67015,1.00,1.00
2016.05.06 07:09:48.613,1.66964,1.67016,1.50,1.75
2016.05.06 07:09:49.667,1.6697,1.67015,1.00,1.75
2016.05.06 07:09:49.869,1.66985,1.67029,1.00,1.00
2016.05.06 07:09:49.920,1.66985,1.67031,1.12,1.12
2016.05.06 07:09:50.920,1.66985,1.67034,1.12,1.00
2016.05.06 07:09:51.747,1.66994,1.67034,1.00,1.00
2016.05.06 07:09:52.120,1.66994,1.67031,1.00,1.00
2016.05.06 07:09:52.422,1.66984,1.67031,1.50,1.00
2016.05.06 07:09:53.067,1.66984,1.67032,1.50,1.00
2016.05.06 07:09:53.598,1.66985,1.67032,1.00,1.00
2016.05.06 07:09:54.225,1.66985,1.67033,1.00,1.00
2016.05.06 07:09:54.505,1.66984,1.67027,1.00,1.00
2016.05.06 07:09:55.040,1.66984,1.67028,1.00,1.50
2016.05.06 07:09:55.141,1.66984,1.6703,1.00,1.00
2016.05.06 07:09:55.343,1.66994,1.6703,1.00,1.00
2016.05.06 07:09:56.327,1.66984,1.6703,1.00,1.00
2016.05.06 07:09:56.530,1.66984,1.67028,1.00,1.00
2016.05.06 07:09:57.554,1.66984,1.6703,1.00,1.50
2016.05.06 07:09:58.083,1.66984,1.67029,1.00,1.00
2016.05.06 07:09:59.456,1.66983,1.67029,1.00,1.00
2016.05.06 07:10:00.094,1.66983,1.67028,1.00,1.00
2016.05.06 07:10:00.598,1.66984,1.67028,1.00,1.00
2016.05.06 07:10:00.649,1.66994,1.6703,1.00,1.12
2016.05.06 07:10:00.700,1.66994,1.67032,1.00,1.00
2016.05.06 07:10:00.750,1.67004,1.67034,1.00,1.00
2016.05.06 07:10:00.946,1.67004,1.67045,1.00,1.37
2016.05.06 07:10:00.998,1.67003,1.67055,1.00,1.82
2016.05.06 07:10:01.048,1.67003,1.67055,1.37,1.00
2016.05.06 07:10:01.356,1.67007,1.67055,1.00,1.00
2016.05.06 07:10:01.407,1.67005,1.67055,1.00,1.50
2016.05.06 07:10:01.559,1.67003,1.67054,1.50,1.00
2016.05.06 07:10:02.086,1.67004,1.67055,1.00,2.25
2016.05.06 07:10:02.649,1.67004,1.67054,1.00,1.00
2016.05.06 07:10:02.764,1.67004,1.67051,1.00,1.00
2016.05.06 07:10:04.445,1.67001,1.67051,1.00,1.00
2016.05.06 07:10:04.658,1.67004,1.67052,1.00,1.00
2016.05.06 07:10:04.760,1.66998,1.67049,1.00,1.00
2016.05.06 07:10:04.810,1.66997,1.67047,1.50,1.00
2016.05.06 07:10:05.121,1.66994,1.67041,1.00,1.75
2016.05.06 07:10:05.474,1.66988,1.67041,1.00,1.00
2016.05.06 07:10:05.708,1.66994,1.67041,1.00,1.00
2016.05.06 07:10:05.976,1.66994,1.67043,1.50,1.00
2016.05.06 07:10:06.077,1.66996,1.67046,1.50,1.00
2016.05.06 07:10:06.279,1.67004,1.67046,1.00,1.00
2016.05.06 07:10:06.481,1.67004,1.67052,1.00,1.12
2016.05.06 07:10:08.578,1.67004,1.67051,1.00,1.00
2016.05.06 07:10:09.164,1.67004,1.6705,1.00,1.00
2016.05.06 07:10:09.265,1.67004,1.67053,1.00,1.37
2016.05.06 07:10:09.366,1.67005,1.67055,1.00,1.37
2016.05.06 07:10:09.568,1.67004,1.67056,1.87,1.50
2016.05.06 07:10:10.239,1.67005,1.67055,1.00,1.00
2016.05.06 07:10:10.740,1.67004,1.67056,1.87,1.00
2016.05.06 07:10:11.357,1.67005,1.67055,1.00,1.00
2016.05.06 07:10:11.514,1.67004,1.67052,1.12,1.00
2016.05.06 07:10:12.071,1.67004,1.67053,1.12,1.00
2016.05.06 07:10:12.514,1.67003,1.67058,2.25,1.00
2016.05.06 07:10:12.565,1.67006,1.67058,1.00,1.00
2016.05.06 07:10:12.817,1.67014,1.67067,1.00,1.87
2016.05.06 07:10:13.320,1.67013,1.67067,1.00,1.87
2016.05.06 07:10:13.862,1.67014,1.67067,1.00,1.87
2016.05.06 07:10:14.768,1.67013,1.67067,1.00,1.87
2016.05.06 07:10:15.797,1.67014,1.67067,1.00,1.87
2016.05.06 07:10:16.296,1.67016,1.67066,1.00,1.00
2016.05.06 07:10:16.620,1.67024,1.67069,1.00,1.00
2016.05.06 07:10:17.248,1.67024,1.6707,1.00,1.00
2016.05.06 07:10:17.554,1.67024,1.67072,1.00,1.50
2016.05.06 07:10:18.076,1.6702,1.67073,1.00,1.50
2016.05.06 07:10:18.181,1.67024,1.67073,1.00,1.50
2016.05.06 07:10:18.282,1.67017,1.67067,1.00,1.00
2016.05.06 07:10:18.333,1.67016,1.67064,1.00,1.50
2016.05.06 07:10:18.654,1.67013,1.67059,1.00,1.00
2016.05.06 07:10:19.079,1.67004,1.67058,1.00,1.00
2016.05.06 07:10:19.700,1.67003,1.67058,1.00,1.00
2016.05.06 07:10:20.490,1.67013,1.67058,1.00,1.00
2016.05.06 07:10:20.992,1.67014,1.67057,1.00,1.00
2016.05.06 07:10:21.293,1.67014,1.67055,1.00,1.00
2016.05.06 07:10:21.895,1.67014,1.67054,1.00,1.00
2016.05.06 07:10:22.436,1.67014,1.67055,1.00,1.00
2016.05.06 07:10:22.538,1.67014,1.67058,1.00,1.00
2016.05.06 07:10:22.849,1.67014,1.67061,1.00,1.50
2016.05.06 07:10:23.449,1.67014,1.67057,1.00,1.00
2016.05.06 07:10:23.955,1.67013,1.67057,1.00,1.00
2016.05.06 07:10:25.367,1.67013,1.67059,1.00,1.00
2016.05.06 07:10:25.486,1.67003,1.67059,1.50,1.00
2016.05.06 07:10:25.758,1.67003,1.67057,1.50,1.00
2016.05.06 07:10:26.065,1.67003,1.67057,1.50,1.75
2016.05.06 07:10:26.569,1.67004,1.67054,1.00,1.37
2016.05.06 07:10:26.916,1.67003,1.67051,1.00,2.25
2016.05.06 07:10:28.005,1.67004,1.67054,1.00,1.12
2016.05.06 07:10:28.623,1.67013,1.67054,1.00,1.12
2016.05.06 07:10:28.909,1.67004,1.67056,1.50,1.75
2016.05.06 07:10:28.960,1.67005,1.67059,1.00,1.75
2016.05.06 07:10:29.011,1.67005,1.67062,1.12,1.50
2016.05.06 07:10:29.224,1.67013,1.67062,1.00,1.50
2016.05.06 07:10:29.756,1.67018,1.67067,1.00,1.12
2016.05.06 07:10:29.857,1.67018,1.67068,1.00,2.25
2016.05.06 07:10:30.025,1.67024,1.67068,1.00,1.00
2016.05.06 07:10:30.277,1.67024,1.67072,1.00,1.00
2016.05.06 07:10:31.180,1.67025,1.67073,1.00,1.12
2016.05.06 07:10:31.683,1.67026,1.67075,1.00,1.75
2016.05.06 07:10:31.986,1.67029,1.67079,1.00,2.25
2016.05.06 07:10:32.037,1.67029,1.67079,1.00,1.00
2016.05.06 07:10:32.386,1.67024,1.6708,2.25,1.00
2016.05.06 07:10:33.609,1.67024,1.67077,1.75,1.00
2016.05.06 07:10:34.139,1.67026,1.67076,1.00,1.12
2016.05.06 07:10:34.561,1.67012,1.67056,1.50,1.00
2016.05.06 07:10:34.612,1.67005,1.67056,1.50,1.00
2016.05.06 07:10:34.879,1.67003,1.67054,1.00,1.50
2016.05.06 07:10:34.980,1.67001,1.67051,1.00,1.50
2016.05.06 07:10:35.283,1.66998,1.67049,1.00,2.25
2016.05.06 07:10:35.384,1.66988,1.67041,1.75,1.50
2016.05.06 07:10:35.435,1.66986,1.67041,1.37,1.37
2016.05.06 07:10:35.486,1.66986,1.67038,1.50,1.00
2016.05.06 07:10:35.654,1.66983,1.6703,1.00,1.00
2016.05.06 07:10:36.034,1.66976,1.6703,1.00,1.00
2016.05.06 07:10:36.085,1.66978,1.67028,1.00,1.00
2016.05.06 07:10:36.186,1.66975,1.67026,1.00,1.00
2016.05.06 07:10:36.237,1.66975,1.67026,1.00,1.37
2016.05.06 07:10:36.646,1.66973,1.67024,1.00,1.75
2016.05.06 07:10:36.697,1.66973,1.67026,1.12,1.00
2016.05.06 07:10:36.748,1.66974,1.67031,1.00,2.25
2016.05.06 07:10:37.151,1.66974,1.67026,1.00,1.00
2016.05.06 07:10:37.453,1.66973,1.67023,1.00,1.75
2016.05.06 07:10:37.626,1.66971,1.67024,1.00,2.25
2016.05.06 07:10:38.054,1.66967,1.67023,1.00,1.75
2016.05.06 07:10:38.356,1.66967,1.67018,1.00,1.50
2016.05.06 07:10:38.671,1.66964,1.67016,1.00,1.75
2016.05.06 07:10:39.058,1.66974,1.67016,1.00,1.75
2016.05.06 07:10:39.260,1.66964,1.67016,1.00,1.75
2016.05.06 07:10:40.204,1.66964,1.67011,1.00,1.00
2016.05.06 07:10:40.512,1.66964,1.67009,1.00,1.00
2016.05.06 07:10:41.064,1.66963,1.67009,1.00,1.00
2016.05.06 07:10:41.165,1.66963,1.67015,1.00,1.75
2016.05.06 07:10:41.618,1.66963,1.6701,1.00,1.00
2016.05.06 07:10:42.006,1.66964,1.67006,1.00,1.50
2016.05.06 07:10:42.308,1.66963,1.67002,1.00,2.25
2016.05.06 07:10:43.231,1.66954,1.67003,1.00,2.62
2016.05.06 07:10:44.168,1.66953,1.67002,1.00,2.25
2016.05.06 07:10:44.946,1.6695,1.67003,1.00,3.37
2016.05.06 07:10:44.997,1.66945,1.67001,1.00,1.75
2016.05.06 07:10:45.148,1.66953,1.67001,1.00,1.75
2016.05.06 07:10:45.404,1.66953,1.67003,1.00,1.00
2016.05.06 07:10:45.933,1.66953,1.67007,1.00,1.75
2016.05.06 07:10:46.936,1.66954,1.67008,1.00,1.75
2016.05.06 07:10:47.641,1.66964,1.67008,1.00,1.75
2016.05.06 07:10:47.692,1.66964,1.67008,1.00,1.00
2016.05.06 07:10:47.792,1.66957,1.67009,1.00,1.00
2016.05.06 07:10:47.986,1.66964,1.67009,1.00,1.00
2016.05.06 07:10:48.037,1.66957,1.67009,1.00,1.00
2016.05.06 07:10:48.242,1.66963,1.67009,1.00,1.00
2016.05.06 07:10:48.743,1.66957,1.67009,1.00,1.00
2016.05.06 07:10:48.844,1.66964,1.67009,1.00,1.00
2016.05.06 07:10:50.949,1.66957,1.67009,1.00,1.00
2016.05.06 07:10:51.101,1.66956,1.67003,1.00,1.00
2016.05.06 07:10:51.302,1.66946,1.66997,1.00,1.87
2016.05.06 07:10:51.353,1.66943,1.66997,1.00,1.12
2016.05.06 07:10:51.504,1.66944,1.66994,1.00,1.00
2016.05.06 07:10:51.837,1.66938,1.66989,1.00,1.00
2016.05.06 07:10:51.888,1.66944,1.66989,1.00,1.00
2016.05.06 07:10:51.989,1.66944,1.66997,2.25,1.00
2016.05.06 07:10:52.039,1.66954,1.67002,1.00,1.00
2016.05.06 07:10:52.292,1.66954,1.67005,1.00,1.00
2016.05.06 07:10:52.840,1.66954,1.67004,1.50,1.00
2016.05.06 07:10:52.890,1.66954,1.66994,1.50,1.00
2016.05.06 07:10:53.133,1.66946,1.66993,1.12,1.00
2016.05.06 07:10:53.183,1.66934,1.66978,2.25,1.00
2016.05.06 07:10:53.234,1.66933,1.66982,1.00,1.00
2016.05.06 07:10:53.638,1.66933,1.66984,1.00,1.00
2016.05.06 07:10:54.159,1.66934,1.66983,1.00,1.00
2016.05.06 07:10:54.660,1.66934,1.66984,1.00,1.00
2016.05.06 07:10:55.212,1.66934,1.66983,1.00,1.00
2016.05.06 07:10:55.741,1.66934,1.66984,1.00,1.00
2016.05.06 07:10:56.368,1.66934,1.66983,1.00,1.00
2016.05.06 07:10:56.469,1.66931,1.66981,1.00,1.00
2016.05.06 07:10:56.620,1.66929,1.66982,1.00,1.00
2016.05.06 07:10:56.949,1.66928,1.66978,1.00,1.00
2016.05.06 07:10:57.574,1.66929,1.66981,1.00,1.00
2016.05.06 07:10:57.675,1.66934,1.66977,1.00,1.00
2016.05.06 07:10:58.277,1.66933,1.66976,1.00,1.00
2016.05.06 07:10:58.947,1.66934,1.66976,1.00,1.00
2016.05.06 07:10:59.456,1.66933,1.66977,1.00,1.50
2016.05.06 07:10:59.661,1.66933,1.6698,1.00,1.00
2016.05.06 07:10:59.763,1.66943,1.66984,1.00,1.50
2016.05.06 07:10:59.964,1.66933,1.66985,1.00,2.25
2016.05.06 07:11:00.783,1.66933,1.6698,1.00,1.00
2016.05.06 07:11:01.334,1.66933,1.66979,1.00,1.00
2016.05.06 07:11:01.882,1.66934,1.66979,1.00,1.00
2016.05.06 07:11:02.237,1.66934,1.6697,1.00,1.00
2016.05.06 07:11:02.389,1.66934,1.66974,1.00,1.00
2016.05.06 07:11:02.856,1.66923,1.66976,2.25,1.00
2016.05.06 07:11:02.907,1.66923,1.66955,2.25,1.00
2016.05.06 07:11:03.008,1.66924,1.66968,1.00,1.75
2016.05.06 07:11:03.109,1.66919,1.6696,1.00,1.37
2016.05.06 07:11:03.210,1.66913,1.66966,1.00,1.00
2016.05.06 07:11:03.260,1.66924,1.66967,1.00,1.00
2016.05.06 07:11:03.512,1.66924,1.66974,1.00,1.87
2016.05.06 07:11:03.563,1.66933,1.66974,1.00,1.00
2016.05.06 07:11:04.093,1.66924,1.66974,1.00,1.00
2016.05.06 07:11:04.143,1.66924,1.6697,1.00,1.00
2016.05.06 07:11:04.445,1.66923,1.66965,1.00,1.50
2016.05.06 07:11:04.496,1.66914,1.66965,1.00,1.50
2016.05.06 07:11:04.547,1.66914,1.66963,1.00,1.00
2016.05.06 07:11:04.897,1.66923,1.66962,1.00,1.12
2016.05.06 07:11:06.551,1.66923,1.66965,1.00,1.50
2016.05.06 07:11:07.803,1.66923,1.66964,1.00,1.00
2016.05.06 07:11:08.333,1.66923,1.66963,1.00,1.00
2016.05.06 07:11:09.292,1.66913,1.66963,1.00,1.00
2016.05.06 07:11:09.760,1.66913,1.66965,1.00,1.50
2016.05.06 07:11:09.961,1.66914,1.66963,1.00,1.00
2016.05.06 07:11:10.263,1.66924,1.66963,1.00,1.00
2016.05.06 07:11:10.924,1.66924,1.66965,1.00,1.00
2016.05.06 07:11:12.769,1.66913,1.66964,1.00,1.00
2016.05.06 07:11:12.819,1.66913,1.6696,1.00,1.00
2016.05.06 07:11:13.138,1.66924,1.66964,1.00,1.37
2016.05.06 07:11:13.188,1.66923,1.66966,1.00,1.12
2016.05.06 07:11:13.557,1.66923,1.66969,1.00,1.00
2016.05.06 07:11:13.607,1.66934,1.66974,1.00,1.00
2016.05.06 07:11:14.766,1.66923,1.66969,1.00,1.00
2016.05.06 07:11:14.817,1.66923,1.66967,1.00,1.00
2016.05.06 07:11:15.187,1.66923,1.66964,1.00,1.00
2016.05.06 07:11:15.707,1.66924,1.66964,1.00,1.00
2016.05.06 07:11:15.758,1.66924,1.66967,1.00,1.00
2016.05.06 07:11:16.340,1.66924,1.66966,1.00,1.50
2016.05.06 07:11:16.669,1.66923,1.66962,1.00,1.00
2016.05.06 07:11:16.720,1.66913,1.66962,1.00,1.00
2016.05.06 07:11:16.871,1.66914,1.66958,1.00,1.00
2016.05.06 07:11:17.180,1.66913,1.66958,1.00,1.75
2016.05.06 07:11:17.393,1.66904,1.66958,1.00,2.25
2016.05.06 07:11:17.622,1.66903,1.66951,1.00,1.00
2016.05.06 07:11:17.774,1.66904,1.66953,1.00,1.00
2016.05.06 07:11:18.272,1.66913,1.66953,1.00,1.00
2016.05.06 07:11:18.992,1.66913,1.66954,1.00,1.87
2016.05.06 07:11:19.374,1.66904,1.66953,1.00,1.00
2016.05.06 07:11:20.229,1.66904,1.66954,1.00,1.87
2016.05.06 07:11:20.773,1.66903,1.66954,1.00,1.87
2016.05.06 07:11:20.876,1.66913,1.66953,1.00,1.00
2016.05.06 07:11:21.516,1.66913,1.66954,1.00,1.12
2016.05.06 07:11:22.025,1.66913,1.66953,1.00,1.00
2016.05.06 07:11:24.202,1.66913,1.66954,1.00,1.12
2016.05.06 07:11:24.603,1.66904,1.66957,1.00,1.75
2016.05.06 07:11:24.681,1.66924,1.66957,1.00,1.75
2016.05.06 07:11:25.506,1.66924,1.66958,1.00,1.00
2016.05.06 07:11:26.098,1.66923,1.66958,1.00,1.50
2016.05.06 07:11:26.384,1.66914,1.66958,1.00,1.50
2016.05.06 07:11:26.536,1.66914,1.66955,1.00,1.00
2016.05.06 07:11:26.586,1.66904,1.66955,2.25,1.00
2016.05.06 07:11:26.900,1.66913,1.66955,1.00,1.00
2016.05.06 07:11:27.642,1.66913,1.66956,1.00,1.00
2016.05.06 07:11:28.161,1.66913,1.66955,1.00,1.00
2016.05.06 07:11:28.872,1.66913,1.66956,1.00,1.00
2016.05.06 07:11:29.113,1.66913,1.66959,1.00,1.00
2016.05.06 07:11:29.700,1.66913,1.66958,1.00,1.00
2016.05.06 07:11:29.915,1.66913,1.66961,1.00,1.00
2016.05.06 07:11:30.416,1.66914,1.66961,1.00,1.00
2016.05.06 07:11:30.917,1.66914,1.6696,1.00,1.00
2016.05.06 07:11:31.541,1.66914,1.66961,1.00,1.00
2016.05.06 07:11:32.568,1.66914,1.6696,1.00,1.00
2016.05.06 07:11:33.322,1.66914,1.66961,1.00,1.00
2016.05.06 07:11:33.851,1.66913,1.66961,1.00,1.00
2016.05.06 07:11:34.427,1.66913,1.6696,1.00,1.00
2016.05.06 07:11:34.628,1.66913,1.66957,1.00,1.00
2016.05.06 07:11:34.975,1.66913,1.66954,1.00,1.00
2016.05.06 07:11:35.419,1.66906,1.66955,1.00,1.00
2016.05.06 07:11:35.777,1.66906,1.66952,1.00,1.00
2016.05.06 07:11:36.080,1.66904,1.66948,1.00,1.00
2016.05.06 07:11:36.231,1.66896,1.66948,1.00,1.00
2016.05.06 07:11:36.558,1.66904,1.66949,1.00,1.00
2016.05.06 07:11:37.083,1.66903,1.66944,1.00,1.00
2016.05.06 07:11:37.592,1.66904,1.66945,1.00,1.00
2016.05.06 07:11:38.146,1.66904,1.66946,1.00,1.00
2016.05.06 07:11:38.650,1.66903,1.66949,1.00,1.50
2016.05.06 07:11:38.912,1.66914,1.6695,1.00,1.00
2016.05.06 07:11:39.741,1.66914,1.66949,1.00,1.00
2016.05.06 07:11:40.170,1.66914,1.66947,1.00,1.00
2016.05.06 07:11:40.221,1.66903,1.66947,1.00,1.00
2016.05.06 07:11:40.545,1.66903,1.66951,1.00,1.12
2016.05.06 07:11:41.049,1.66904,1.66952,1.00,1.50
2016.05.06 07:11:41.511,1.66914,1.66956,1.00,3.00
2016.05.06 07:11:41.562,1.66914,1.66956,1.00,1.50
2016.05.06 07:11:41.663,1.66911,1.66963,1.75,1.00
2016.05.06 07:11:41.814,1.66923,1.66971,1.00,1.50
2016.05.06 07:11:42.351,1.66923,1.66973,1.00,1.12
2016.05.06 07:11:42.901,1.66924,1.66973,1.00,1.87
2016.05.06 07:11:43.530,1.66914,1.66973,1.37,1.87
2016.05.06 07:11:43.631,1.66913,1.66972,1.50,1.37
2016.05.06 07:11:43.732,1.66924,1.66972,1.00,1.37
2016.05.06 07:11:43.914,1.66914,1.66972,1.37,1.37
2016.05.06 07:11:43.965,1.66914,1.66967,1.87,1.00
2016.05.06 07:11:44.468,1.66914,1.66964,1.37,1.00
2016.05.06 07:11:44.779,1.66914,1.66961,1.00,1.12
2016.05.06 07:11:45.320,1.66913,1.66962,1.00,1.50
2016.05.06 07:11:45.822,1.66914,1.66966,1.00,2.25
2016.05.06 07:11:46.169,1.66924,1.6697,1.00,1.12
2016.05.06 07:11:46.320,1.66924,1.6697,1.00,1.50
2016.05.06 07:11:46.673,1.66924,1.66964,1.00,1.37
2016.05.06 07:11:47.143,1.66934,1.66965,1.00,1.75
2016.05.06 07:11:47.194,1.66934,1.6697,1.00,1.50
2016.05.06 07:11:47.295,1.66934,1.66979,1.00,1.00
2016.05.06 07:11:47.346,1.66927,1.66979,1.75,1.00
2016.05.06 07:11:47.447,1.66934,1.6698,1.00,1.00
2016.05.06 07:11:47.716,1.66934,1.66985,1.00,2.25
2016.05.06 07:11:48.399,1.66934,1.66984,1.00,1.00
2016.05.06 07:11:48.450,1.66943,1.66984,1.00,1.00
2016.05.06 07:11:48.551,1.66934,1.66984,1.00,1.00
2016.05.06 07:11:48.719,1.66934,1.66989,1.00,1.75
2016.05.06 07:11:48.871,1.66943,1.66991,1.00,1.37
2016.05.06 07:11:48.921,1.66943,1.66991,1.00,1.00
2016.05.06 07:11:49.452,1.66944,1.66992,1.00,1.00
2016.05.06 07:11:50.009,1.66944,1.6699,1.00,1.00
2016.05.06 07:11:50.071,1.66944,1.66992,1.00,1.00
2016.05.06 07:11:50.594,1.66944,1.66993,1.00,1.00
2016.05.06 07:11:51.178,1.66944,1.66992,1.00,1.00
2016.05.06 07:11:51.403,1.66944,1.66995,1.00,2.25
2016.05.06 07:11:51.454,1.66953,1.66995,1.00,1.50
2016.05.06 07:11:51.628,1.66943,1.66995,1.00,1.50
2016.05.06 07:11:51.874,1.66953,1.66994,1.00,1.12
2016.05.06 07:11:52.077,1.66943,1.66995,1.00,1.50
2016.05.06 07:11:52.280,1.66945,1.66997,1.00,1.75
2016.05.06 07:11:52.784,1.66944,1.66998,1.00,1.75
2016.05.06 07:11:53.118,1.66953,1.66997,1.00,1.75
2016.05.06 07:11:55.131,1.66944,1.66998,1.00,1.75
2016.05.06 07:11:55.333,1.66945,1.66997,1.00,1.00
2016.05.06 07:11:55.434,1.66948,1.66999,1.00,1.00
2016.05.06 07:11:55.536,1.66945,1.66997,1.00,1.00
2016.05.06 07:11:55.636,1.66953,1.66997,1.00,1.00
2016.05.06 07:11:56.155,1.66944,1.66998,2.25,1.00
2016.05.06 07:11:56.508,1.66947,1.67,1.00,1.00
2016.05.06 07:11:56.810,1.6695,1.67001,1.50,1.00
2016.05.06 07:11:57.344,1.66954,1.67001,1.00,1.00
2016.05.06 07:11:58.044,1.6695,1.67001,1.00,1.00
2016.05.06 07:11:58.198,1.66946,1.66997,1.00,1.00
2016.05.06 07:11:58.410,1.66944,1.66996,1.00,1.00
2016.05.06 07:11:58.914,1.66944,1.66995,1.00,1.00
2016.05.06 07:11:59.597,1.66944,1.66992,1.00,1.00
2016.05.06 07:12:00.098,1.66944,1.66995,1.00,1.50
2016.05.06 07:12:00.603,1.66943,1.66995,1.50,1.50
2016.05.06 07:12:01.314,1.66943,1.66994,2.62,1.00
2016.05.06 07:12:01.617,1.66953,1.66997,1.00,1.00
2016.05.06 07:12:01.769,1.66954,1.66999,1.00,1.00
2016.05.06 07:12:01.972,1.66948,1.66999,1.50,1.00
2016.05.06 07:12:02.113,1.66954,1.66999,1.00,1.00
2016.05.06 07:12:02.265,1.66944,1.66994,1.00,1.00
2016.05.06 07:12:02.804,1.66944,1.66993,1.00,1.00
2016.05.06 07:12:02.956,1.66953,1.66991,1.00,1.00
2016.05.06 07:12:03.472,1.66953,1.66992,1.00,1.00
2016.05.06 07:12:03.756,1.66943,1.66991,1.00,1.00
2016.05.06 07:12:04.322,1.66943,1.66992,1.00,1.00
2016.05.06 07:12:04.372,1.66954,1.66992,1.00,1.00
2016.05.06 07:12:05.052,1.66954,1.66991,1.00,1.00
2016.05.06 07:12:05.566,1.66954,1.66992,1.00,1.00
2016.05.06 07:12:06.212,1.66954,1.66995,1.00,1.50
2016.05.06 07:12:06.763,1.66954,1.66994,1.00,1.00
2016.05.06 07:12:07.317,1.66954,1.66995,1.00,1.00
2016.05.06 07:12:07.418,1.66953,1.67001,1.00,1.50
2016.05.06 07:12:07.937,1.66954,1.67001,1.00,1.50
2016.05.06 07:12:09.844,1.66954,1.67001,1.00,1.12
2016.05.06 07:12:10.393,1.66943,1.66995,1.75,1.00
2016.05.06 07:12:10.494,1.66943,1.66994,1.12,1.00
2016.05.06 07:12:10.998,1.66944,1.66994,1.00,1.50
2016.05.06 07:12:11.602,1.66944,1.66991,1.00,1.00
2016.05.06 07:12:12.128,1.66944,1.66992,1.00,1.00
2016.05.06 07:12:12.435,1.66944,1.66989,1.00,1.00
2016.05.06 07:12:12.856,1.66943,1.66993,1.00,1.00
2016.05.06 07:12:12.957,1.66943,1.66996,1.00,1.00
2016.05.06 07:12:13.482,1.66944,1.66996,1.00,1.00
2016.05.06 07:12:14.059,1.66944,1.66995,1.00,1.00
2016.05.06 07:12:14.260,1.66944,1.66993,1.00,1.00
2016.05.06 07:12:14.563,1.66944,1.66989,1.00,1.00
2016.05.06 07:12:14.865,1.66944,1.66987,1.00,1.00
2016.05.06 07:12:15.369,1.66944,1.66988,1.00,1.00
2016.05.06 07:12:16.074,1.66944,1.66987,1.00,1.00
2016.05.06 07:12:16.447,1.66933,1.66982,1.50,1.00
2016.05.06 07:12:16.991,1.66934,1.66982,1.00,1.00
2016.05.06 07:12:17.561,1.66934,1.66983,1.00,1.00
2016.05.06 07:12:18.090,1.66934,1.66984,1.00,1.00
2016.05.06 07:12:18.707,1.66934,1.66979,1.00,1.50
2016.05.06 07:12:19.009,1.66933,1.66976,1.00,1.00
2016.05.06 07:12:19.312,1.66934,1.66973,1.00,1.00
2016.05.06 07:12:19.639,1.66924,1.66973,1.50,1.00
2016.05.06 07:12:19.859,1.66924,1.66973,1.00,1.00
2016.05.06 07:12:20.407,1.66923,1.66973,1.00,1.00
2016.05.06 07:12:21.010,1.66924,1.66973,1.00,1.00
2016.05.06 07:12:21.644,1.66924,1.66974,1.00,1.00
2016.05.06 07:12:22.171,1.66924,1.66973,1.00,1.00
2016.05.06 07:12:23.368,1.66924,1.66974,1.00,1.00
2016.05.06 07:12:23.445,1.66934,1.66974,1.00,1.00
2016.05.06 07:12:23.701,1.66924,1.66974,1.00,1.00
2016.05.06 07:12:24.284,1.66924,1.66975,1.00,1.12
2016.05.06 07:12:24.386,1.66934,1.66976,1.00,1.00
2016.05.06 07:12:24.487,1.66933,1.66979,1.00,1.00
2016.05.06 07:12:24.588,1.66933,1.66982,1.00,1.00
2016.05.06 07:12:24.638,1.66933,1.66982,1.37,1.00
2016.05.06 07:12:25.175,1.66933,1.66983,1.75,1.50
2016.05.06 07:12:25.877,1.66933,1.66982,1.75,1.00
2016.05.06 07:12:26.249,1.66943,1.66982,1.00,1.00
2016.05.06 07:12:26.597,1.66943,1.66985,1.00,1.00
2016.05.06 07:12:26.899,1.66943,1.66987,1.00,1.50
2016.05.06 07:12:27.441,1.66943,1.66986,1.00,1.00
2016.05.06 07:12:28.184,1.66943,1.66987,1.00,1.50
2016.05.06 07:12:28.989,1.66943,1.66986,1.00,1.00
2016.05.06 07:12:29.539,1.66943,1.66987,1.00,1.00
2016.05.06 07:12:29.792,1.66933,1.66982,1.37,1.00
2016.05.06 07:12:29.940,1.66934,1.66981,1.00,2.25
2016.05.06 07:12:30.447,1.66933,1.66982,1.00,1.87
2016.05.06 07:12:30.548,1.66933,1.66981,1.00,1.37
2016.05.06 07:12:30.649,1.66933,1.66984,1.00,1.00
2016.05.06 07:12:30.901,1.66934,1.6698,1.00,1.00
2016.05.06 07:12:31.448,1.66933,1.6698,1.00,1.00
2016.05.06 07:12:31.951,1.66933,1.66979,1.00,1.12
2016.05.06 07:12:32.103,1.66924,1.66975,1.00,1.00
2016.05.06 07:12:32.329,1.66923,1.66971,1.12,1.37
2016.05.06 07:12:32.382,1.66916,1.66971,1.00,1.75
2016.05.06 07:12:32.433,1.66914,1.66971,1.00,1.75
2016.05.06 07:12:32.702,1.66923,1.66971,1.00,1.75
2016.05.06 07:12:33.106,1.66914,1.66972,1.00,2.25
2016.05.06 07:12:33.460,1.66924,1.66972,1.00,2.25
2016.05.06 07:12:34.170,1.66914,1.66972,1.50,2.25
2016.05.06 07:12:34.472,1.66923,1.66969,1.00,1.12
2016.05.06 07:12:34.863,1.66914,1.66969,1.00,1.12
2016.05.06 07:12:35.564,1.66913,1.66969,1.12,1.12
2016.05.06 07:12:36.981,1.66923,1.66969,1.00,1.12
2016.05.06 07:12:37.194,1.66914,1.66971,1.50,1.75
2016.05.06 07:12:37.596,1.66915,1.66967,1.00,1.00
2016.05.06 07:12:38.368,1.66924,1.66967,1.00,1.00
2016.05.06 07:12:38.682,1.66914,1.66968,1.50,1.00
2016.05.06 07:12:38.877,1.66923,1.66967,1.00,1.00
2016.05.06 07:12:39.178,1.66923,1.66965,1.00,1.00
2016.05.06 07:12:39.785,1.66913,1.66965,1.12,1.00
2016.05.06 07:12:40.321,1.66911,1.66966,1.75,1.50
2016.05.06 07:12:40.538,1.66909,1.66963,1.75,1.00
2016.05.06 07:12:41.071,1.66914,1.66963,1.00,1.00
2016.05.06 07:12:41.587,1.66914,1.66962,1.00,1.00
2016.05.06 07:12:42.090,1.66914,1.66963,1.00,1.00
2016.05.06 07:12:42.810,1.66914,1.66962,1.00,1.00
2016.05.06 07:12:43.374,1.66923,1.66962,1.00,1.00
2016.05.06 07:12:44.219,1.66913,1.66962,1.12,1.00
2016.05.06 07:12:44.420,1.66924,1.66968,1.00,1.50
2016.05.06 07:12:44.963,1.66923,1.66968,1.00,2.25
2016.05.06 07:12:45.553,1.66923,1.66971,1.00,1.75
2016.05.06 07:12:48.098,1.66924,1.66972,1.00,2.25
2016.05.06 07:12:48.429,1.66934,1.66972,1.00,2.25
2016.05.06 07:12:48.582,1.66924,1.66972,1.00,1.75
2016.05.06 07:12:49.053,1.66923,1.66972,1.00,1.50
2016.05.06 07:12:49.154,1.66924,1.66969,1.00,1.00
2016.05.06 07:12:49.771,1.66924,1.66968,1.00,1.00
2016.05.06 07:12:51.975,1.66924,1.66964,1.00,1.00
2016.05.06 07:12:52.264,1.66914,1.66969,1.50,1.00
2016.05.06 07:12:52.477,1.66914,1.66967,1.00,2.25
2016.05.06 07:12:52.829,1.66914,1.66965,1.00,1.00
2016.05.06 07:12:53.182,1.66905,1.66965,1.75,1.50
2016.05.06 07:12:53.347,1.66914,1.66965,1.00,1.50
2016.05.06 07:12:53.921,1.66914,1.66963,1.00,1.50
2016.05.06 07:12:54.550,1.66914,1.66962,1.00,1.00
2016.05.06 07:12:55.135,1.66914,1.66963,1.00,1.50
2016.05.06 07:12:55.438,1.66904,1.66952,1.00,1.00
2016.05.06 07:12:55.874,1.66894,1.66951,1.12,1.00
2016.05.06 07:12:55.925,1.66893,1.66951,1.00,1.75
2016.05.06 07:12:55.976,1.66904,1.66951,1.00,1.75
2016.05.06 07:12:56.590,1.66904,1.66947,1.00,1.00
2016.05.06 07:12:57.112,1.66904,1.66946,1.00,1.00
2016.05.06 07:12:57.647,1.66893,1.66947,2.25,1.00
2016.05.06 07:12:58.484,1.66894,1.66946,1.00,1.00
2016.05.06 07:12:59.444,1.66903,1.66946,1.00,1.00
2016.05.06 07:13:00.038,1.66903,1.66947,1.00,1.00
2016.05.06 07:13:00.145,1.66894,1.66946,1.50,1.00
2016.05.06 07:13:00.246,1.66903,1.66947,1.00,1.00
2016.05.06 07:13:00.448,1.66904,1.66957,1.12,1.00
2016.05.06 07:13:00.549,1.66914,1.66958,1.00,1.00
2016.05.06 07:13:01.097,1.66914,1.66959,1.00,1.00
2016.05.06 07:13:02.058,1.66903,1.66959,2.25,1.00
2016.05.06 07:13:02.648,1.66904,1.66957,1.12,1.00
2016.05.06 07:13:02.960,1.66904,1.66954,1.12,1.00
2016.05.06 07:13:03.262,1.66903,1.6695,1.50,1.00
2016.05.06 07:13:03.901,1.66904,1.66947,1.12,1.00
2016.05.06 07:13:04.475,1.66903,1.66947,1.00,1.00
2016.05.06 07:13:05.654,1.66893,1.66947,1.75,1.00
2016.05.06 07:13:05.829,1.66893,1.66942,1.75,1.00
2016.05.06 07:13:05.880,1.66893,1.66942,1.00,1.00
2016.05.06 07:13:05.981,1.66903,1.66941,1.00,1.00
2016.05.06 07:13:06.082,1.66894,1.66942,1.00,1.00
2016.05.06 07:13:06.155,1.66903,1.66942,1.00,1.00
2016.05.06 07:13:06.256,1.66894,1.66942,1.00,1.00
2016.05.06 07:13:06.357,1.66903,1.66942,1.00,1.00
2016.05.06 07:13:06.509,1.66904,1.66944,1.00,1.50
2016.05.06 07:13:06.968,1.66894,1.66944,1.00,1.00
2016.05.06 07:13:07.069,1.66894,1.66944,1.00,1.37
2016.05.06 07:13:07.371,1.66904,1.66946,1.00,1.75
2016.05.06 07:13:07.624,1.66903,1.66946,1.00,1.00
2016.05.06 07:13:08.172,1.66904,1.66945,1.00,1.50
2016.05.06 07:13:08.361,1.66894,1.66945,1.00,2.25
2016.05.06 07:13:08.412,1.66894,1.66941,1.00,1.00
2016.05.06 07:13:08.908,1.66893,1.66938,1.00,1.00
2016.05.06 07:13:09.425,1.66894,1.66939,1.00,1.00
2016.05.06 07:13:09.562,1.66893,1.66941,1.00,1.00
2016.05.06 07:13:10.063,1.66904,1.66941,1.00,1.00
2016.05.06 07:13:10.373,1.66894,1.66941,1.00,1.00
2016.05.06 07:13:10.915,1.66893,1.66938,1.00,1.00
2016.05.06 07:13:11.146,1.66886,1.66938,1.00,1.00
2016.05.06 07:13:11.468,1.66886,1.66934,1.00,1.50
2016.05.06 07:13:11.781,1.66883,1.66929,1.12,1.00
2016.05.06 07:13:12.083,1.66884,1.66926,1.00,1.00
2016.05.06 07:13:12.455,1.66883,1.66934,1.00,1.00
2016.05.06 07:13:12.707,1.66894,1.66935,1.00,1.00
2016.05.06 07:13:12.808,1.66884,1.66935,1.00,1.00
2016.05.06 07:13:12.984,1.66893,1.66935,1.00,1.00
2016.05.06 07:13:14.519,1.66894,1.66935,1.00,1.00
2016.05.06 07:13:14.779,1.66884,1.66935,1.00,1.00
2016.05.06 07:13:14.880,1.66893,1.66935,1.00,1.00
2016.05.06 07:13:14.931,1.66893,1.66938,1.00,1.50
2016.05.06 07:13:15.032,1.66894,1.66936,1.00,1.00
2016.05.06 07:13:15.590,1.66894,1.66935,1.00,1.00
2016.05.06 07:13:16.073,1.66884,1.66935,1.00,1.00
2016.05.06 07:13:16.592,1.66884,1.66936,1.00,1.00
2016.05.06 07:13:16.991,1.66881,1.66936,1.00,1.00
2016.05.06 07:13:17.042,1.66881,1.66936,1.37,1.00
2016.05.06 07:13:17.360,1.66885,1.66938,1.50,1.00
2016.05.06 07:13:17.911,1.66884,1.66936,1.75,1.00
2016.05.06 07:13:18.617,1.66884,1.66935,1.75,1.00
2016.05.06 07:13:19.149,1.66884,1.66936,1.75,1.00
2016.05.06 07:13:19.699,1.66884,1.66935,1.75,1.00
2016.05.06 07:13:19.901,1.66884,1.66937,1.75,1.50
2016.05.06 07:13:20.074,1.66884,1.66936,1.00,1.00
2016.05.06 07:13:20.287,1.66893,1.66937,1.00,1.87
2016.05.06 07:13:20.606,1.66894,1.66931,1.00,1.00
2016.05.06 07:13:20.909,1.66883,1.66932,1.00,1.00
2016.05.06 07:13:21.216,1.66893,1.66931,1.00,1.00
2016.05.06 07:13:21.750,1.66893,1.66932,1.00,1.00
2016.05.06 07:13:22.190,1.66894,1.66931,1.00,1.75
2016.05.06 07:13:22.607,1.66883,1.66931,1.00,1.75
2016.05.06 07:13:22.782,1.66894,1.66931,1.00,1.75
2016.05.06 07:13:23.587,1.66883,1.66931,1.00,1.75
2016.05.06 07:13:23.910,1.66893,1.66931,1.00,1.75
2016.05.06 07:13:24.625,1.66883,1.66932,1.00,1.75
2016.05.06 07:13:25.003,1.66894,1.66933,1.00,1.75
2016.05.06 07:13:25.205,1.66894,1.66933,1.00,1.50
2016.05.06 07:13:25.957,1.66894,1.66934,1.00,1.50
2016.05.06 07:13:26.688,1.66884,1.66934,1.00,1.50
2016.05.06 07:13:27.023,1.66894,1.66933,1.00,1.50
2016.05.06 07:13:27.600,1.66894,1.66934,1.00,1.50
2016.05.06 07:13:28.355,1.66894,1.66933,1.00,1.50
2016.05.06 07:13:29.065,1.66894,1.66932,1.00,1.00
2016.05.06 07:13:29.628,1.66894,1.66931,1.00,1.00
2016.05.06 07:13:30.529,1.66894,1.66932,1.00,1.00
2016.05.06 07:13:31.431,1.66894,1.66931,1.00,1.00
2016.05.06 07:13:32.033,1.66894,1.66932,1.00,1.00
2016.05.06 07:13:33.437,1.66894,1.66931,1.00,1.00
2016.05.06 07:13:34.140,1.66894,1.66932,1.00,1.00
2016.05.06 07:13:34.663,1.66894,1.66931,1.00,1.00
2016.05.06 07:13:35.060,1.66894,1.66929,1.00,1.00
2016.05.06 07:13:36.143,1.66893,1.66927,1.00,1.00
2016.05.06 07:13:36.244,1.66894,1.66929,1.00,1.00
2016.05.06 07:13:36.762,1.66893,1.66929,1.00,1.00
2016.05.06 07:13:37.065,1.66893,1.66923,1.00,1.00
2016.05.06 07:13:37.702,1.66883,1.66923,1.00,1.00
2016.05.06 07:13:38.252,1.66894,1.66924,1.00,1.00
2016.05.06 07:13:38.604,1.66884,1.66924,1.00,1.00
2016.05.06 07:13:39.337,1.66884,1.66921,1.00,1.37
2016.05.06 07:13:39.438,1.66873,1.66921,1.00,2.25
2016.05.06 07:13:39.973,1.66874,1.66918,1.00,1.87
2016.05.06 07:13:41.008,1.66874,1.66917,1.00,1.00
2016.05.06 07:13:43.624,1.66873,1.66917,1.00,1.00
2016.05.06 07:13:44.261,1.66873,1.66918,1.00,2.62
2016.05.06 07:13:45.062,1.66873,1.66916,1.00,1.00
2016.05.06 07:13:45.885,1.66873,1.66917,1.00,1.00
2016.05.06 07:13:46.209,1.66873,1.66916,1.00,1.37
2016.05.06 07:13:46.260,1.66864,1.66913,1.00,1.00
2016.05.06 07:13:47.482,1.66874,1.66913,1.00,1.50
2016.05.06 07:13:48.016,1.66863,1.66913,1.00,1.50
2016.05.06 07:13:48.926,1.66874,1.66913,1.00,1.00
2016.05.06 07:13:51.529,1.66864,1.66913,1.00,1.50
2016.05.06 07:13:54.003,1.66864,1.66914,1.00,1.00
2016.05.06 07:13:54.104,1.66864,1.66921,1.50,1.75
2016.05.06 07:13:54.635,1.6686,1.66916,1.75,1.00
2016.05.06 07:13:55.141,1.66862,1.66915,1.12,1.00
2016.05.06 07:13:55.669,1.66861,1.66916,1.50,1.50
2016.05.06 07:13:56.193,1.66862,1.66915,1.12,1.00
2016.05.06 07:13:56.587,1.66858,1.66915,1.00,1.12
2016.05.06 07:13:56.894,1.66858,1.66907,1.50,1.00
2016.05.06 07:13:56.944,1.66858,1.66915,1.50,1.12
2016.05.06 07:13:58.069,1.66858,1.66915,1.00,1.00
2016.05.06 07:13:58.572,1.66858,1.66916,2.25,1.50
2016.05.06 07:13:58.890,1.6686,1.66916,1.00,1.00
2016.05.06 07:13:59.500,1.66862,1.66916,1.00,1.50
2016.05.06 07:14:00.102,1.66863,1.66916,1.00,2.25
2016.05.06 07:14:00.641,1.66866,1.66917,1.00,1.12
2016.05.06 07:14:00.843,1.66863,1.66917,1.50,1.00
2016.05.06 07:14:00.944,1.66864,1.66917,1.00,1.75
2016.05.06 07:14:01.561,1.66861,1.66917,1.00,3.00
2016.05.06 07:14:01.944,1.66864,1.66918,1.00,3.00
2016.05.06 07:14:02.247,1.66867,1.6692,1.00,1.87
2016.05.06 07:14:02.812,1.66866,1.6692,1.00,1.12
2016.05.06 07:14:03.164,1.66866,1.66921,1.00,1.37
2016.05.06 07:14:03.215,1.66866,1.66921,1.00,1.00
2016.05.06 07:14:03.824,1.66867,1.6692,1.00,1.00
2016.05.06 07:14:05.016,1.66866,1.66921,1.00,1.00
2016.05.06 07:14:05.545,1.66867,1.6692,1.00,1.00
2016.05.06 07:14:06.228,1.66866,1.66921,1.00,1.00
2016.05.06 07:14:06.753,1.66869,1.66922,1.00,1.00
2016.05.06 07:14:07.091,1.66874,1.66927,1.00,1.00
2016.05.06 07:14:07.421,1.66877,1.66929,1.00,1.00
2016.05.06 07:14:07.923,1.66876,1.66929,1.00,1.00
2016.05.06 07:14:08.629,1.66877,1.66929,1.00,1.00
2016.05.06 07:14:09.176,1.66876,1.66929,1.50,1.00
2016.05.06 07:14:09.702,1.66877,1.66929,1.00,1.00
2016.05.06 07:14:10.324,1.66876,1.66929,1.50,1.00
2016.05.06 07:14:10.938,1.66877,1.66929,1.00,1.00
2016.05.06 07:14:11.660,1.66876,1.66927,1.00,1.00
2016.05.06 07:14:11.812,1.66874,1.66927,1.50,1.00
2016.05.06 07:14:12.336,1.66874,1.66926,1.00,1.00
2016.05.06 07:14:12.884,1.66873,1.66926,1.00,1.00
2016.05.06 07:14:13.036,1.66871,1.66924,1.50,1.00
2016.05.06 07:14:13.136,1.66871,1.66926,1.00,1.00
2016.05.06 07:14:13.187,1.66874,1.66927,1.00,1.00
2016.05.06 07:14:13.321,1.66874,1.66929,1.50,1.00
2016.05.06 07:14:13.372,1.66877,1.6693,1.37,1.37
2016.05.06 07:14:13.674,1.66877,1.66934,1.50,1.12
2016.05.06 07:14:15.685,1.66884,1.66935,1.00,1.50
2016.05.06 07:14:16.474,1.66879,1.66935,1.00,1.50
2016.05.06 07:14:16.575,1.66883,1.66935,1.00,1.50
2016.05.06 07:14:17.300,1.66879,1.66936,1.50,1.75
2016.05.06 07:14:20.236,1.6688,1.66936,1.00,2.25
2016.05.06 07:14:24.009,1.6688,1.66932,1.00,1.00
2016.05.06 07:14:24.810,1.6688,1.66933,1.00,1.00
2016.05.06 07:14:25.325,1.6688,1.66932,1.00,1.00
2016.05.06 07:14:25.864,1.6688,1.66933,1.00,1.00
2016.05.06 07:14:26.375,1.66879,1.66932,1.50,1.00
2016.05.06 07:14:26.965,1.66879,1.66933,1.00,1.00
2016.05.06 07:14:27.467,1.66879,1.66932,1.50,1.00
2016.05.06 07:14:27.790,1.6688,1.66935,1.75,1.00
2016.05.06 07:14:29.750,1.6688,1.66936,1.75,1.50
2016.05.06 07:14:30.871,1.66879,1.66932,1.75,1.00
2016.05.06 07:14:30.972,1.66879,1.66931,1.00,1.00
2016.05.06 07:14:31.022,1.66879,1.66927,1.00,1.00
2016.05.06 07:14:31.123,1.66872,1.66927,1.87,1.37
2016.05.06 07:14:31.224,1.66871,1.66926,1.00,1.75
2016.05.06 07:14:31.376,1.66869,1.66922,1.00,1.12
2016.05.06 07:14:31.527,1.6687,1.66916,1.00,1.37
2016.05.06 07:14:31.577,1.66857,1.66916,2.62,1.37
2016.05.06 07:14:32.331,1.66861,1.66917,1.50,2.25
2016.05.06 07:14:32.382,1.66864,1.66917,1.00,1.50
2016.05.06 07:14:32.684,1.66874,1.66928,1.00,1.50
2016.05.06 07:14:33.091,1.66876,1.6693,1.00,2.25
2016.05.06 07:14:33.320,1.66873,1.66929,1.00,1.75
2016.05.06 07:14:33.421,1.66869,1.66926,1.75,1.50
2016.05.06 07:14:33.522,1.66869,1.66922,1.37,1.37
2016.05.06 07:14:33.623,1.66866,1.66919,1.00,1.00
2016.05.06 07:14:34.584,1.66865,1.6692,1.00,1.12
2016.05.06 07:14:35.092,1.66866,1.6692,1.00,1.12
2016.05.06 07:14:35.594,1.66866,1.66919,1.50,1.00
2016.05.06 07:14:36.145,1.66866,1.6692,1.00,1.12
2016.05.06 07:14:36.888,1.66865,1.6692,1.00,1.12
2016.05.06 07:14:37.434,1.66865,1.66919,1.00,1.00
2016.05.06 07:14:37.585,1.66868,1.66919,1.00,1.50
2016.05.06 07:14:38.032,1.66874,1.66919,1.00,1.00
2016.05.06 07:14:39.505,1.66869,1.66919,1.00,1.00
2016.05.06 07:14:39.638,1.6687,1.66927,1.00,1.50
2016.05.06 07:14:39.789,1.6687,1.66922,1.00,1.00
2016.05.06 07:14:39.991,1.66861,1.66916,1.00,2.62
2016.05.06 07:14:40.143,1.66859,1.66913,1.12,1.00
2016.05.06 07:14:40.593,1.66859,1.66906,1.12,1.00
2016.05.06 07:14:41.099,1.66858,1.66907,1.00,1.00
2016.05.06 07:14:41.502,1.66858,1.66914,1.00,2.25
2016.05.06 07:14:42.011,1.66859,1.66913,1.00,2.25
2016.05.06 07:14:42.495,1.66859,1.66907,1.00,1.00
2016.05.06 07:14:43.144,1.66855,1.66907,1.50,1.00
2016.05.06 07:14:43.597,1.66856,1.6691,1.00,1.50
2016.05.06 07:14:43.648,1.66859,1.66914,1.00,1.75
2016.05.06 07:14:43.749,1.66854,1.66906,1.50,1.00
2016.05.06 07:14:43.850,1.66853,1.66914,2.25,1.75
2016.05.06 07:14:44.448,1.66854,1.66911,1.00,1.75
2016.05.06 07:14:45.387,1.66854,1.66909,1.00,1.87
2016.05.06 07:14:45.701,1.66863,1.66922,1.00,2.25
2016.05.06 07:14:45.852,1.66863,1.66922,1.37,1.37
2016.05.06 07:14:45.903,1.66863,1.66922,1.75,1.00
2016.05.06 07:14:47.006,1.66867,1.66921,1.50,1.00
2016.05.06 07:14:47.695,1.6687,1.66922,1.00,1.00
2016.05.06 07:14:47.746,1.6687,1.66926,1.00,1.87
2016.05.06 07:14:47.804,1.66873,1.66926,1.00,1.87
2016.05.06 07:14:48.320,1.66871,1.66925,1.00,1.00
2016.05.06 07:14:48.471,1.66868,1.66923,1.12,1.00
2016.05.06 07:14:48.572,1.66869,1.66921,1.00,1.00
2016.05.06 07:14:48.913,1.66854,1.66908,1.50,1.00
2016.05.06 07:14:49.550,1.66854,1.66909,1.00,1.00
2016.05.06 07:14:50.272,1.66854,1.66908,1.50,1.00
2016.05.06 07:14:50.789,1.66853,1.66909,3.00,1.00
2016.05.06 07:14:51.340,1.66864,1.6691,1.00,1.00
2016.05.06 07:14:51.863,1.66863,1.6691,1.00,1.00
2016.05.06 07:14:52.115,1.66868,1.66922,3.00,1.00
2016.05.06 07:14:52.166,1.6687,1.66925,1.12,1.00
2016.05.06 07:14:52.216,1.66873,1.66927,1.00,1.50
2016.05.06 07:14:52.546,1.66872,1.66926,1.75,1.00
2016.05.06 07:14:53.778,1.66874,1.66927,1.75,1.00
2016.05.06 07:14:54.309,1.66874,1.66926,1.75,1.00
2016.05.06 07:14:54.510,1.66874,1.66927,1.00,1.12
2016.05.06 07:14:55.036,1.66874,1.66926,1.00,1.00
2016.05.06 07:14:55.539,1.66874,1.66927,1.00,1.12
2016.05.06 07:14:56.053,1.66874,1.66926,1.00,1.00
2016.05.06 07:14:56.316,1.66883,1.66926,1.00,1.00
2016.05.06 07:14:56.417,1.66874,1.66926,1.00,1.00
2016.05.06 07:14:56.817,1.66872,1.66926,1.00,1.00
2016.05.06 07:14:57.477,1.66873,1.66926,1.00,1.50
2016.05.06 07:14:57.980,1.66872,1.66926,1.50,1.00
2016.05.06 07:14:58.182,1.66873,1.66922,1.00,1.00
2016.05.06 07:14:58.333,1.66869,1.66922,2.25,1.00
2016.05.06 07:14:58.961,1.66868,1.66923,1.75,1.00
2016.05.06 07:14:59.212,1.66869,1.66922,1.00,1.12
2016.05.06 07:14:59.262,1.66867,1.6692,1.00,1.00
2016.05.06 07:15:00.177,1.66866,1.6692,1.00,1.00
2016.05.06 07:15:00.965,1.6687,1.66923,1.00,1.87
2016.05.06 07:15:01.207,1.6687,1.66924,1.00,2.25
2016.05.06 07:15:01.258,1.66874,1.66924,1.00,2.25
2016.05.06 07:15:01.769,1.6687,1.66923,1.50,1.00
2016.05.06 07:15:02.075,1.66874,1.66924,1.00,1.50
2016.05.06 07:15:03.073,1.66874,1.66923,1.00,1.00
2016.05.06 07:15:03.541,1.66873,1.66926,1.00,1.00
2016.05.06 07:15:03.593,1.66874,1.66928,1.00,1.00
2016.05.06 07:15:04.053,1.66884,1.66928,1.00,1.00
2016.05.06 07:15:04.406,1.66883,1.66936,1.00,3.00
2016.05.06 07:15:04.559,1.66877,1.66936,1.12,3.75
2016.05.06 07:15:04.610,1.66874,1.66927,1.75,1.00
2016.05.06 07:15:04.711,1.66873,1.66933,2.25,1.12
2016.05.06 07:15:05.235,1.66873,1.66929,1.75,1.00
2016.05.06 07:15:05.537,1.66866,1.66916,1.00,1.00
2016.05.06 07:15:05.799,1.66864,1.66916,1.00,1.00
2016.05.06 07:15:06.449,1.66863,1.66916,1.50,1.50
2016.05.06 07:15:06.700,1.66863,1.66913,1.00,1.00
2016.05.06 07:15:07.019,1.66855,1.66911,1.50,1.75
2016.05.06 07:15:07.221,1.66851,1.6691,2.25,1.75
2016.05.06 07:15:07.648,1.66853,1.66906,1.00,1.00
2016.05.06 07:15:08.360,1.66855,1.66909,1.00,1.50
2016.05.06 07:15:08.663,1.66859,1.66914,1.00,2.62
2016.05.06 07:15:09.202,1.6686,1.66913,1.00,1.75
2016.05.06 07:15:10.692,1.66859,1.66914,1.00,2.62
2016.05.06 07:15:11.193,1.6686,1.66913,1.00,1.75
2016.05.06 07:15:11.779,1.66861,1.66911,1.00,1.37
2016.05.06 07:15:11.830,1.66861,1.66916,1.00,1.00
2016.05.06 07:15:12.045,1.66863,1.66918,1.00,1.00
2016.05.06 07:15:12.472,1.66861,1.66916,1.00,1.00
2016.05.06 07:15:13.366,1.66861,1.66918,1.00,1.00
2016.05.06 07:15:13.467,1.66861,1.66916,1.50,1.50
2016.05.06 07:15:13.769,1.66856,1.66909,1.00,1.00
2016.05.06 07:15:14.116,1.66855,1.66906,1.00,1.00
2016.05.06 07:15:14.719,1.66856,1.66906,1.00,1.00
2016.05.06 07:15:14.971,1.66856,1.66909,1.00,1.00
2016.05.06 07:15:15.022,1.66853,1.66907,1.00,1.00
2016.05.06 07:15:15.191,1.66852,1.66906,1.00,1.75
2016.05.06 07:15:15.242,1.66844,1.66906,2.25,1.75
2016.05.06 07:15:15.773,1.66847,1.66906,1.12,1.00
2016.05.06 07:15:16.285,1.66852,1.66905,1.37,1.00
2016.05.06 07:15:16.592,1.66853,1.66908,1.12,1.00
2016.05.06 07:15:16.693,1.66852,1.66906,1.37,1.00
2016.05.06 07:15:16.794,1.66852,1.66909,1.37,1.87
2016.05.06 07:15:17.228,1.66849,1.66902,1.75,1.00
2016.05.06 07:15:17.930,1.66848,1.66903,2.25,1.00
2016.05.06 07:15:18.732,1.66849,1.66902,1.75,1.00
2016.05.06 07:15:18.782,1.66849,1.66902,1.00,1.00
2016.05.06 07:15:18.883,1.66849,1.66896,1.00,1.00
2016.05.06 07:15:18.934,1.66845,1.66896,1.87,1.00
2016.05.06 07:15:19.186,1.66838,1.66898,1.37,1.75
2016.05.06 07:15:20.234,1.66839,1.66892,1.12,1.00
2016.05.06 07:15:20.537,1.66839,1.66892,1.00,1.75
2016.05.06 07:15:20.973,1.66837,1.66895,1.00,1.12
2016.05.06 07:15:21.074,1.66839,1.66895,1.00,1.12
2016.05.06 07:15:21.175,1.6684,1.66897,1.00,1.00
2016.05.06 07:15:21.708,1.6684,1.66896,1.00,1.00
2016.05.06 07:15:22.206,1.6684,1.66892,1.00,1.00
2016.05.06 07:15:22.709,1.6684,1.66893,1.00,1.00
2016.05.06 07:15:23.210,1.6684,1.66892,1.00,1.00
2016.05.06 07:15:23.812,1.6684,1.66893,1.00,1.00
2016.05.06 07:15:24.364,1.6684,1.66892,1.00,1.00
2016.05.06 07:15:24.826,1.6684,1.6689,1.00,1.00
2016.05.06 07:15:25.268,1.66849,1.66896,1.00,1.00
2016.05.06 07:15:25.574,1.66847,1.66897,1.00,1.00
2016.05.06 07:15:25.674,1.66844,1.66896,1.00,1.00
2016.05.06 07:15:25.792,1.66844,1.66893,1.00,1.00
2016.05.06 07:15:25.845,1.66844,1.66896,1.00,1.00
2016.05.06 07:15:26.052,1.66843,1.66894,1.00,1.00
2016.05.06 07:15:26.471,1.66843,1.66896,1.12,1.00
2016.05.06 07:15:26.672,1.6684,1.66893,1.75,1.00
2016.05.06 07:15:26.874,1.66836,1.66893,1.00,1.75
2016.05.06 07:15:27.174,1.66835,1.66886,1.12,1.00
2016.05.06 07:15:27.349,1.66835,1.66893,1.12,1.75
2016.05.06 07:15:27.400,1.66838,1.66895,1.00,1.75
2016.05.06 07:15:27.552,1.66835,1.66895,1.87,1.75
2016.05.06 07:15:28.023,1.66836,1.66886,1.50,1.00
2016.05.06 07:15:28.552,1.66836,1.66887,1.00,1.00
2016.05.06 07:15:28.852,1.66836,1.66892,1.00,1.50
2016.05.06 07:15:28.953,1.66836,1.66886,1.00,1.00
2016.05.06 07:15:29.476,1.66833,1.66887,1.75,1.00
2016.05.06 07:15:29.812,1.66831,1.66876,1.00,1.00
2016.05.06 07:15:30.314,1.66828,1.66876,1.12,1.00
2016.05.06 07:15:30.807,1.66828,1.66881,2.25,1.00
2016.05.06 07:15:30.858,1.66828,1.66876,1.75,1.00
2016.05.06 07:15:30.909,1.66828,1.66876,1.37,1.00
2016.05.06 07:15:31.010,1.66828,1.66884,1.00,1.75
2016.05.06 07:15:31.060,1.66828,1.66876,1.00,1.00
2016.05.06 07:15:31.503,1.66825,1.66876,1.00,1.00
2016.05.06 07:15:32.007,1.6682,1.66876,1.75,1.00
2016.05.06 07:15:32.552,1.66822,1.66877,1.75,1.00
2016.05.06 07:15:33.055,1.66822,1.66876,1.75,1.00
2016.05.06 07:15:34.554,1.66822,1.66877,1.75,1.00
2016.05.06 07:15:34.681,1.66824,1.66882,1.12,1.12
2016.05.06 07:15:35.416,1.6683,1.66885,1.00,3.00
2016.05.06 07:15:35.719,1.66834,1.66887,1.00,1.50
2016.05.06 07:15:36.272,1.66833,1.66887,1.12,1.00
2016.05.06 07:15:36.803,1.6683,1.66883,1.75,1.00
2016.05.06 07:15:37.574,1.66829,1.66884,1.75,1.00
2016.05.06 07:15:38.075,1.66829,1.66876,1.75,1.00
2016.05.06 07:15:38.126,1.66829,1.66876,1.00,1.00
2016.05.06 07:15:38.177,1.66824,1.66877,1.75,1.00
2016.05.06 07:15:39.261,1.66824,1.66876,1.75,1.00
2016.05.06 07:15:39.712,1.66824,1.66883,2.25,1.00
2016.05.06 07:15:39.991,1.66828,1.66883,1.00,1.00
2016.05.06 07:15:40.426,1.66829,1.66883,1.75,1.00
2016.05.06 07:15:41.096,1.66828,1.66884,1.75,1.00
2016.05.06 07:15:41.399,1.66843,1.66899,1.87,1.87
2016.05.06 07:15:41.450,1.66843,1.66899,2.62,2.62
2016.05.06 07:15:41.500,1.66845,1.66899,1.00,1.87
2016.05.06 07:15:41.899,1.66846,1.66897,1.50,1.00
2016.05.06 07:15:42.420,1.66843,1.66896,2.25,1.00
2016.05.06 07:15:44.713,1.66844,1.66894,2.25,1.00
2016.05.06 07:15:44.921,1.66844,1.66897,1.50,1.00
2016.05.06 07:15:44.972,1.66844,1.66897,1.37,1.12
2016.05.06 07:15:45.478,1.66846,1.66896,1.50,1.00
2016.05.06 07:15:46.481,1.66843,1.66898,2.25,1.00
2016.05.06 07:15:46.733,1.66843,1.66897,1.50,1.12
2016.05.06 07:15:46.977,1.66839,1.66888,1.00,1.00
2016.05.06 07:15:47.028,1.66833,1.66884,1.12,1.00
2016.05.06 07:15:47.230,1.66831,1.66884,1.37,1.87
2016.05.06 07:15:47.331,1.66828,1.66881,1.00,1.00
2016.05.06 07:15:47.432,1.66825,1.6688,1.50,1.00
2016.05.06 07:15:48.143,1.66825,1.66879,2.25,1.00
2016.05.06 07:15:48.502,1.66824,1.66869,1.75,1.00
2016.05.06 07:15:48.553,1.6682,1.66869,1.00,1.00
2016.05.06 07:15:48.604,1.66815,1.66868,1.75,1.00
2016.05.06 07:15:48.705,1.66808,1.6686,1.12,1.00
2016.05.06 07:15:48.755,1.66808,1.66855,1.12,1.00
2016.05.06 07:15:48.957,1.66801,1.66855,1.50,1.12
2016.05.06 07:15:49.109,1.66801,1.66852,1.00,1.00
2016.05.06 07:15:49.159,1.66799,1.66852,1.12,1.00
2016.05.06 07:15:49.517,1.66798,1.66853,1.12,1.37
2016.05.06 07:15:49.719,1.66796,1.66849,1.00,1.12
2016.05.06 07:15:49.777,1.66796,1.66846,1.00,1.00
2016.05.06 07:15:49.878,1.66796,1.66849,1.00,1.12
2016.05.06 07:15:51.046,1.66795,1.6685,1.00,1.50
2016.05.06 07:15:51.619,1.66796,1.66849,1.00,1.12
2016.05.06 07:15:51.848,1.66799,1.66852,1.00,2.25
2016.05.06 07:15:52.351,1.66798,1.66853,1.00,2.25
2016.05.06 07:15:52.781,1.66793,1.66843,1.00,1.00
2016.05.06 07:15:52.932,1.66793,1.66845,1.00,1.00
2016.05.06 07:15:53.463,1.66794,1.66846,1.37,1.00
2016.05.06 07:15:53.755,1.66796,1.66849,1.00,1.00
2016.05.06 07:15:54.307,1.66795,1.6685,1.12,1.00
2016.05.06 07:15:54.660,1.66799,1.66852,1.00,1.37
2016.05.06 07:15:55.363,1.66798,1.66853,1.00,1.50
2016.05.06 07:15:56.065,1.66799,1.66852,1.00,1.37
2016.05.06 07:15:56.821,1.66798,1.66853,1.00,1.50
2016.05.06 07:15:57.470,1.66799,1.66852,1.00,1.37
2016.05.06 07:15:57.971,1.66798,1.66853,1.00,1.50
2016.05.06 07:15:58.673,1.66799,1.66852,1.50,1.37
2016.05.06 07:15:59.741,1.668,1.66853,1.00,1.50
2016.05.06 07:16:01.939,1.668,1.66857,1.37,3.00
2016.05.06 07:16:01.990,1.668,1.66857,1.50,2.62
2016.05.06 07:16:02.888,1.668,1.66856,1.50,1.00
2016.05.06 07:16:04.350,1.668,1.66857,2.25,1.12
2016.05.06 07:16:04.743,1.668,1.66853,2.25,1.00
2016.05.06 07:16:05.547,1.668,1.66854,1.50,1.00
2016.05.06 07:16:06.098,1.668,1.66853,2.25,1.00
2016.05.06 07:16:06.447,1.66804,1.66854,1.00,1.00
2016.05.06 07:16:06.700,1.668,1.66853,3.00,1.00
2016.05.06 07:16:06.801,1.66807,1.66857,1.00,1.12
2016.05.06 07:16:07.017,1.66809,1.6686,1.00,1.00
2016.05.06 07:16:07.068,1.66807,1.66862,1.00,1.00
2016.05.06 07:16:07.655,1.66814,1.66862,1.00,1.00
2016.05.06 07:16:07.706,1.66814,1.66867,1.00,2.25
2016.05.06 07:16:07.989,1.66814,1.66868,1.00,1.50
2016.05.06 07:16:08.492,1.66813,1.66866,1.12,1.00
2016.05.06 07:16:08.643,1.66808,1.66864,1.00,1.00
2016.05.06 07:16:13.567,1.66809,1.66862,1.00,1.00
2016.05.06 07:16:14.268,1.66808,1.66863,1.50,1.00
2016.05.06 07:16:14.918,1.66809,1.66862,1.00,1.00
2016.05.06 07:16:15.436,1.66811,1.66862,1.00,1.00
2016.05.06 07:16:15.487,1.66813,1.66866,1.00,1.50
2016.05.06 07:16:16.098,1.66809,1.66866,1.50,1.50
2016.05.06 07:16:16.468,1.66808,1.66857,1.00,1.00
2016.05.06 07:16:16.670,1.66808,1.66859,1.12,1.00
2016.05.06 07:16:16.989,1.66808,1.66856,2.25,1.00
2016.05.06 07:16:17.354,1.66813,1.66857,1.00,1.00
2016.05.06 07:16:17.405,1.66811,1.66857,1.12,1.00
2016.05.06 07:16:17.630,1.66813,1.66856,1.00,1.00
2016.05.06 07:16:17.731,1.66804,1.66857,1.00,1.00
2016.05.06 07:16:17.920,1.66793,1.66851,1.50,1.50
2016.05.06 07:16:17.972,1.66796,1.66855,1.00,1.75
2016.05.06 07:16:18.175,1.66799,1.66857,1.12,1.75
2016.05.06 07:16:18.740,1.66798,1.66853,1.50,1.00
2016.05.06 07:16:19.125,1.66798,1.66857,1.50,1.75
2016.05.06 07:16:19.277,1.66803,1.66859,1.00,1.75
2016.05.06 07:16:19.680,1.66798,1.66857,2.25,1.75
2016.05.06 07:16:20.094,1.66804,1.66859,1.00,2.25
2016.05.06 07:16:20.935,1.66798,1.66857,2.25,1.75
2016.05.06 07:16:21.441,1.66803,1.66858,1.00,1.75
2016.05.06 07:16:21.542,1.66799,1.66858,1.12,1.75
2016.05.06 07:16:23.982,1.66804,1.66859,1.00,2.25
2016.05.06 07:16:24.083,1.66799,1.66856,1.12,1.50
2016.05.06 07:16:24.285,1.66804,1.66855,1.00,1.12
2016.05.06 07:16:24.625,1.66801,1.66855,1.75,1.00
2016.05.06 07:16:24.899,1.66803,1.66858,1.75,1.00
2016.05.06 07:16:25.102,1.66806,1.6686,1.87,1.00
2016.05.06 07:16:25.304,1.6681,1.66863,1.00,2.25
2016.05.06 07:16:25.658,1.66829,1.66871,1.87,1.00
2016.05.06 07:16:25.714,1.66832,1.66886,1.50,1.00
2016.05.06 07:16:25.815,1.66835,1.66886,1.00,1.00
2016.05.06 07:16:25.967,1.66836,1.66891,1.00,2.25
2016.05.06 07:16:26.252,1.66836,1.66886,1.00,1.00
2016.05.06 07:16:26.353,1.66836,1.66891,1.00,2.25
2016.05.06 07:16:26.853,1.66836,1.66886,1.00,1.00
2016.05.06 07:16:27.056,1.66835,1.66891,1.00,1.75
2016.05.06 07:16:27.560,1.66836,1.66891,1.00,2.25
2016.05.06 07:16:27.662,1.66835,1.66886,1.00,1.00
2016.05.06 07:16:28.013,1.6683,1.66885,1.75,1.50
2016.05.06 07:16:28.545,1.66831,1.66884,1.75,1.00
2016.05.06 07:16:29.210,1.6683,1.66885,1.75,1.50
2016.05.06 07:16:29.906,1.66831,1.66884,1.75,1.00
2016.05.06 07:16:30.613,1.6683,1.66885,1.75,1.50
2016.05.06 07:16:30.815,1.66833,1.66887,1.12,1.00
2016.05.06 07:16:31.321,1.66834,1.66887,1.50,1.00
2016.05.06 07:16:32.068,1.66834,1.66886,1.50,1.00
2016.05.06 07:16:32.119,1.66837,1.66886,1.00,1.00
2016.05.06 07:16:32.643,1.66836,1.66887,1.00,1.00
2016.05.06 07:16:34.283,1.66837,1.66887,1.00,1.00
2016.05.06 07:16:35.179,1.66837,1.66886,1.00,1.00
2016.05.06 07:16:35.737,1.66834,1.66886,1.00,1.00
2016.05.06 07:16:36.251,1.66833,1.66886,1.12,1.50
2016.05.06 07:16:38.336,1.66832,1.66885,1.50,1.00
2016.05.06 07:16:38.437,1.66831,1.66881,1.87,1.12
2016.05.06 07:16:38.538,1.66824,1.66878,1.12,1.37
2016.05.06 07:16:38.742,1.66812,1.66869,1.75,1.75
2016.05.06 07:16:39.455,1.66808,1.66861,1.37,1.00
2016.05.06 07:16:40.013,1.66808,1.66861,1.37,1.00
2016.05.06 07:16:40.114,1.66808,1.66861,1.00,1.00
2016.05.06 07:16:40.639,1.66807,1.66862,1.00,1.50
2016.05.06 07:16:40.740,1.66814,1.66862,1.00,1.50
2016.05.06 07:16:41.075,1.66816,1.66869,1.00,1.00
2016.05.06 07:16:41.444,1.66818,1.66872,1.00,1.00
2016.05.06 07:16:41.969,1.66819,1.66872,1.00,1.00
2016.05.06 07:16:44.250,1.6682,1.66872,1.00,1.00
2016.05.06 07:16:44.898,1.66821,1.66872,1.00,1.00
2016.05.06 07:16:45.437,1.6682,1.66872,1.00,1.00
2016.05.06 07:16:45.954,1.66821,1.66872,1.00,1.00
2016.05.06 07:16:46.648,1.6682,1.66872,1.00,1.00
2016.05.06 07:16:47.375,1.66821,1.66872,1.00,1.00
2016.05.06 07:16:48.170,1.6682,1.66872,1.50,1.00
2016.05.06 07:16:48.761,1.66821,1.66872,1.00,1.00
2016.05.06 07:16:49.252,1.66819,1.66872,1.50,1.50
2016.05.06 07:16:50.754,1.66818,1.66872,1.00,1.00
2016.05.06 07:16:51.282,1.66819,1.66872,1.00,1.50
2016.05.06 07:16:51.833,1.66818,1.66872,1.50,1.00
2016.05.06 07:16:52.486,1.66819,1.66872,1.00,1.50
2016.05.06 07:16:53.171,1.66818,1.66872,1.00,1.00
2016.05.06 07:16:53.687,1.66815,1.66871,2.25,1.50
2016.05.06 07:16:53.788,1.66815,1.66867,1.50,1.00
2016.05.06 07:16:54.434,1.66815,1.66866,1.00,1.12
2016.05.06 07:16:54.748,1.66813,1.66868,1.00,1.75
2016.05.06 07:16:54.996,1.66817,1.66872,1.00,1.12
2016.05.06 07:16:55.312,1.66823,1.66872,1.00,1.00
2016.05.06 07:16:55.877,1.66824,1.66872,1.00,1.00
2016.05.06 07:16:57.538,1.66831,1.66872,1.00,1.00
2016.05.06 07:16:57.790,1.66843,1.66895,1.00,1.00
2016.05.06 07:16:58.365,1.66844,1.66897,1.12,1.00
2016.05.06 07:16:59.021,1.66844,1.66898,1.12,1.00
2016.05.06 07:16:59.608,1.66844,1.66897,1.87,1.00
2016.05.06 07:17:00.752,1.66844,1.66898,1.12,1.00
2016.05.06 07:17:01.266,1.66844,1.66897,1.87,1.00
2016.05.06 07:17:01.795,1.66844,1.66898,1.12,1.00
2016.05.06 07:17:02.133,1.66847,1.669,1.00,1.00
2016.05.06 07:17:03.196,1.66846,1.66901,1.00,1.00
2016.05.06 07:17:04.241,1.66847,1.669,1.00,1.00
2016.05.06 07:17:04.756,1.66846,1.66901,1.00,1.00
2016.05.06 07:17:05.337,1.66847,1.669,1.00,1.00
2016.05.06 07:17:06.335,1.66846,1.66901,1.00,1.00
2016.05.06 07:17:06.637,1.66852,1.66906,1.87,1.00
2016.05.06 07:17:07.081,1.66851,1.66892,1.12,1.50
2016.05.06 07:17:07.131,1.66833,1.66892,1.75,1.87
2016.05.06 07:17:07.182,1.66833,1.66889,1.00,1.12
2016.05.06 07:17:07.697,1.66834,1.66889,1.00,1.87
2016.05.06 07:17:08.325,1.66834,1.66886,1.00,1.00
2016.05.06 07:17:08.845,1.66834,1.66887,1.00,1.00
2016.05.06 07:17:09.278,1.66828,1.66886,1.75,1.50
2016.05.06 07:17:10.060,1.66826,1.66885,2.25,1.00
2016.05.06 07:17:10.588,1.66834,1.66885,1.00,1.00
2016.05.06 07:17:10.852,1.66826,1.66885,2.25,1.00
2016.05.06 07:17:11.982,1.66827,1.66885,1.00,1.87
2016.05.06 07:17:12.284,1.66834,1.6688,1.00,1.37
2016.05.06 07:17:12.687,1.66834,1.66886,1.00,1.50
2016.05.06 07:17:12.788,1.66831,1.66884,1.00,1.00
2016.05.06 07:17:12.889,1.66834,1.66884,1.00,1.00
2016.05.06 07:17:13.169,1.6683,1.66885,1.00,1.12
2016.05.06 07:17:13.270,1.66828,1.66881,1.50,1.00
2016.05.06 07:17:13.572,1.66834,1.66882,1.00,1.00
2016.05.06 07:17:14.112,1.66834,1.66881,1.00,1.00
2016.05.06 07:17:14.773,1.66828,1.66877,1.50,1.00
2016.05.06 07:17:15.125,1.66831,1.66877,1.00,1.00
2016.05.06 07:17:16.026,1.6683,1.66877,1.00,1.00
2016.05.06 07:17:16.528,1.66831,1.66877,1.00,1.00
2016.05.06 07:17:17.142,1.6683,1.66877,1.00,1.00
2016.05.06 07:17:17.394,1.66833,1.66885,1.00,1.12
2016.05.06 07:17:17.934,1.66833,1.66884,1.00,1.00
2016.05.06 07:17:18.736,1.66833,1.66885,1.00,1.12
2016.05.06 07:17:20.350,1.66833,1.66884,1.00,1.00
2016.05.06 07:17:20.955,1.66833,1.66882,1.00,1.00
2016.05.06 07:17:21.488,1.66833,1.66884,1.00,1.00
2016.05.06 07:17:21.690,1.6683,1.66876,1.50,1.00
2016.05.06 07:17:21.892,1.66827,1.66876,1.00,1.00
2016.05.06 07:17:21.993,1.66834,1.6688,1.00,1.37
2016.05.06 07:17:22.198,1.66826,1.66877,1.00,1.00
2016.05.06 07:17:23.154,1.66824,1.66877,1.50,1.00
2016.05.06 07:17:23.305,1.66834,1.66879,1.00,1.12
2016.05.06 07:17:23.507,1.66826,1.66882,1.50,1.75
2016.05.06 07:17:23.795,1.66833,1.66881,1.00,1.50
2016.05.06 07:17:24.771,1.66826,1.66876,1.50,1.00
2016.05.06 07:17:25.294,1.66827,1.66876,1.00,1.00
2016.05.06 07:17:26.009,1.66828,1.66876,1.00,1.00
2016.05.06 07:17:26.540,1.66829,1.66876,1.00,1.00
2016.05.06 07:17:27.049,1.66824,1.66876,1.00,1.00
2016.05.06 07:17:27.100,1.66825,1.66878,1.00,1.00
2016.05.06 07:17:27.201,1.66825,1.66876,1.00,1.00
2016.05.06 07:17:28.010,1.66825,1.66866,1.00,1.00
2016.05.06 07:17:28.176,1.66824,1.66876,1.50,1.00
2016.05.06 07:17:28.967,1.66825,1.66876,1.00,1.00
2016.05.06 07:17:30.506,1.66825,1.66866,1.00,1.00
2016.05.06 07:17:31.079,1.66824,1.66877,1.00,1.00
2016.05.06 07:17:31.614,1.66825,1.66877,1.00,1.00
2016.05.06 07:17:32.287,1.66824,1.66877,1.00,1.00
2016.05.06 07:17:32.626,1.66824,1.66867,1.00,1.00
2016.05.06 07:17:32.925,1.66824,1.66876,1.50,1.00
2016.05.06 07:17:34.003,1.66827,1.66876,1.00,1.00
2016.05.06 07:17:34.507,1.66827,1.66877,1.00,1.00
2016.05.06 07:17:35.075,1.66826,1.66877,1.50,1.00
2016.05.06 07:17:35.585,1.66827,1.66867,1.50,1.00
2016.05.06 07:17:36.977,1.66826,1.66867,1.00,1.00
2016.05.06 07:17:37.129,1.66824,1.66877,1.37,1.50
2016.05.06 07:17:37.230,1.66824,1.66867,1.37,1.00
2016.05.06 07:17:37.775,1.66824,1.66867,1.00,1.00
2016.05.06 07:17:38.279,1.66823,1.66866,1.00,1.00
2016.05.06 07:17:38.330,1.6682,1.66866,1.00,1.00
2016.05.06 07:17:38.833,1.66821,1.66866,1.00,1.00
2016.05.06 07:17:40.001,1.6682,1.66866,1.00,1.00
2016.05.06 07:17:40.700,1.66821,1.66866,1.00,1.00
2016.05.06 07:17:41.205,1.6682,1.66867,1.00,1.00
2016.05.06 07:17:41.306,1.66821,1.66874,1.00,1.00
2016.05.06 07:17:41.677,1.66821,1.66867,1.00,1.00
2016.05.06 07:17:42.005,1.66824,1.66866,1.00,1.00
2016.05.06 07:17:42.207,1.66807,1.6686,1.12,1.00
2016.05.06 07:17:42.308,1.66804,1.66856,1.75,1.00
2016.05.06 07:17:42.459,1.66803,1.66856,1.50,1.00
2016.05.06 07:17:42.964,1.66804,1.66856,1.00,1.00
2016.05.06 07:17:43.468,1.66803,1.66856,1.50,1.00
2016.05.06 07:17:43.820,1.66806,1.66859,1.00,1.75
2016.05.06 07:17:44.139,1.66804,1.66853,1.00,1.00
2016.05.06 07:17:44.441,1.66803,1.66852,1.00,1.50
2016.05.06 07:17:44.542,1.66794,1.66853,2.25,2.25
2016.05.06 07:17:44.945,1.66804,1.66852,1.00,1.50
2016.05.06 07:17:45.734,1.66799,1.66852,1.00,1.50
2016.05.06 07:17:45.966,1.66803,1.66853,1.00,2.25
2016.05.06 07:17:46.471,1.66798,1.66853,1.00,1.75
2016.05.06 07:17:46.972,1.66799,1.66852,1.00,1.50
2016.05.06 07:17:47.232,1.66796,1.66849,1.00,1.00
2016.05.06 07:17:47.388,1.66793,1.66845,1.00,1.00
2016.05.06 07:17:47.925,1.66792,1.66845,1.50,1.00
2016.05.06 07:17:48.476,1.66793,1.66845,1.00,1.00
2016.05.06 07:17:49.224,1.66792,1.66844,1.00,1.00
2016.05.06 07:17:49.328,1.6679,1.66843,1.00,1.00
2016.05.06 07:17:49.939,1.66789,1.66844,1.00,1.00
2016.05.06 07:17:50.270,1.66787,1.66838,1.00,1.50
2016.05.06 07:17:50.573,1.66774,1.66825,1.00,1.75
2016.05.06 07:17:51.278,1.6677,1.66827,1.00,1.75
2016.05.06 07:17:51.461,1.66784,1.66829,1.00,1.50
2016.05.06 07:17:51.562,1.66773,1.66827,1.75,1.50
2016.05.06 07:17:51.764,1.66773,1.66823,1.00,1.00
2016.05.06 07:17:52.337,1.66773,1.66821,1.00,1.00
2016.05.06 07:17:52.850,1.66774,1.66824,1.00,1.00
2016.05.06 07:17:52.951,1.66784,1.66826,1.00,1.00
2016.05.06 07:17:53.700,1.66784,1.6683,1.00,1.00
2016.05.06 07:17:54.244,1.66784,1.66829,1.00,1.00
2016.05.06 07:17:55.039,1.66784,1.66832,1.00,1.50
2016.05.06 07:17:56.550,1.66785,1.66835,1.00,1.75
2016.05.06 07:17:56.651,1.66789,1.66839,1.00,1.12
2016.05.06 07:17:56.702,1.66794,1.6684,1.00,1.75
2016.05.06 07:17:56.803,1.66794,1.66845,1.00,1.75
2016.05.06 07:17:57.669,1.66788,1.66845,1.00,1.75
2016.05.06 07:17:57.770,1.66787,1.6684,1.12,1.00
2016.05.06 07:17:58.095,1.66787,1.6684,1.00,1.75
2016.05.06 07:17:58.558,1.66785,1.66837,1.00,1.12
2016.05.06 07:17:59.650,1.66784,1.66838,1.00,1.37
2016.05.06 07:18:00.296,1.66783,1.66839,1.00,1.50
2016.05.06 07:18:00.859,1.66784,1.66839,1.00,1.50
2016.05.06 07:18:01.054,1.66784,1.66832,1.00,1.00
2016.05.06 07:18:01.691,1.66784,1.66831,1.00,1.00
2016.05.06 07:18:02.872,1.66783,1.66831,1.00,1.00
2016.05.06 07:18:03.272,1.66774,1.66831,2.25,1.00
2016.05.06 07:18:03.391,1.66779,1.66831,1.00,1.00
2016.05.06 07:18:03.693,1.66784,1.66831,1.00,1.00
2016.05.06 07:18:06.224,1.66784,1.6683,1.00,1.00
2016.05.06 07:18:06.275,1.66777,1.66831,1.00,1.50
2016.05.06 07:18:06.915,1.66783,1.66831,1.00,1.50
2016.05.06 07:18:06.968,1.66777,1.66831,1.00,1.50
2016.05.06 07:18:07.019,1.66777,1.66829,1.00,1.00
2016.05.06 07:18:07.120,1.66773,1.66827,1.50,1.00
2016.05.06 07:18:07.642,1.66774,1.66827,1.00,1.00
2016.05.06 07:18:07.894,1.66774,1.66826,1.00,1.37
2016.05.06 07:18:11.506,1.66773,1.66826,1.00,2.25
2016.05.06 07:18:11.907,1.6677,1.66823,2.25,1.00
2016.05.06 07:18:12.376,1.66774,1.66823,1.00,1.00
2016.05.06 07:18:13.212,1.66774,1.66824,1.00,1.00
2016.05.06 07:18:13.313,1.66769,1.66824,1.00,1.00
2016.05.06 07:18:13.414,1.66768,1.6682,1.00,1.00
2016.05.06 07:18:14.033,1.66767,1.66821,1.12,1.00
2016.05.06 07:18:14.335,1.66774,1.66825,1.00,1.87
2016.05.06 07:18:14.917,1.66774,1.66824,1.00,1.00
2016.05.06 07:18:15.422,1.66773,1.66829,1.00,1.75
2016.05.06 07:18:15.725,1.66784,1.66832,1.00,1.00
2016.05.06 07:18:15.825,1.66779,1.66831,1.00,1.00
2016.05.06 07:18:17.309,1.66778,1.66832,1.50,1.00
2016.05.06 07:18:17.935,1.66779,1.66831,1.00,1.00
2016.05.06 07:18:18.453,1.6678,1.66835,1.00,1.75
2016.05.06 07:18:18.626,1.66775,1.66828,2.25,1.00
2016.05.06 07:18:18.927,1.66783,1.66833,1.00,1.12
2016.05.06 07:18:20.048,1.66775,1.66826,1.75,1.00
2016.05.06 07:18:26.622,1.66774,1.66825,1.00,1.00
2016.05.06 07:18:27.096,1.66767,1.66817,1.75,1.00
2016.05.06 07:18:27.397,1.66774,1.66823,1.00,1.00
2016.05.06 07:18:27.727,1.66774,1.6682,1.00,1.00
2016.05.06 07:18:28.243,1.66774,1.66819,1.00,1.00
2016.05.06 07:18:28.399,1.66767,1.66819,1.00,1.00
2016.05.06 07:18:28.500,1.66774,1.66819,1.00,1.00
2016.05.06 07:18:28.550,1.66774,1.66825,1.00,2.25
2016.05.06 07:18:28.601,1.66766,1.66825,1.50,2.25
2016.05.06 07:18:29.290,1.66765,1.66821,1.12,1.12
2016.05.06 07:18:29.730,1.66766,1.66819,1.00,1.00
2016.05.06 07:18:30.162,1.6677,1.66819,1.00,1.50
2016.05.06 07:18:30.364,1.66776,1.66827,1.00,1.00
2016.05.06 07:18:30.519,1.66781,1.66827,1.00,1.00
2016.05.06 07:18:30.570,1.66781,1.66833,1.00,1.50
2016.05.06 07:18:31.638,1.66781,1.66833,1.37,1.12
2016.05.06 07:18:32.204,1.66781,1.66833,1.75,1.00
2016.05.06 07:18:33.069,1.6678,1.66834,1.75,1.00
2016.05.06 07:18:33.570,1.66783,1.66831,1.50,1.00
2016.05.06 07:18:33.772,1.66778,1.66831,1.00,1.00
2016.05.06 07:18:34.681,1.66777,1.66832,1.00,1.00
2016.05.06 07:18:35.224,1.66778,1.66831,1.00,1.00
2016.05.06 07:18:35.896,1.66777,1.66832,1.00,1.50
2016.05.06 07:18:35.996,1.66776,1.66829,1.00,1.00
2016.05.06 07:18:36.599,1.66777,1.66828,1.00,1.00
2016.05.06 07:18:37.407,1.66776,1.66828,1.00,1.00
2016.05.06 07:18:38.374,1.66776,1.66827,1.00,1.00
2016.05.06 07:18:38.643,1.66775,1.66829,1.87,1.00
2016.05.06 07:18:39.812,1.66776,1.66828,1.00,1.00
2016.05.06 07:18:40.503,1.66775,1.66829,1.87,1.00
2016.05.06 07:18:40.553,1.66777,1.66829,1.00,1.00
2016.05.06 07:18:40.604,1.66777,1.66832,1.50,1.00
2016.05.06 07:18:40.654,1.66784,1.66832,1.00,1.00
2016.05.06 07:18:40.755,1.66781,1.66834,1.00,1.50
2016.05.06 07:18:40.907,1.66778,1.66831,1.00,1.00
2016.05.06 07:18:41.049,1.66781,1.66834,1.00,1.50
2016.05.06 07:18:41.174,1.66777,1.66835,1.00,2.25
2016.05.06 07:18:41.376,1.66775,1.66833,1.12,1.12
2016.05.06 07:18:41.577,1.66776,1.66827,1.00,1.00
2016.05.06 07:18:41.678,1.66773,1.66827,1.00,1.87
2016.05.06 07:18:42.349,1.66774,1.66827,1.00,1.12
2016.05.06 07:18:42.679,1.66771,1.66824,1.00,1.00
2016.05.06 07:18:44.004,1.6677,1.66825,1.00,1.00
2016.05.06 07:18:44.651,1.66771,1.66824,1.00,1.00
2016.05.06 07:18:45.319,1.6677,1.66825,1.00,1.00
2016.05.06 07:18:45.838,1.66771,1.66824,1.00,1.00
2016.05.06 07:18:46.160,1.66775,1.66827,1.00,1.12
2016.05.06 07:18:46.710,1.66774,1.66827,1.00,1.12
2016.05.06 07:18:47.249,1.66775,1.66828,1.00,1.50
2016.05.06 07:18:47.915,1.66774,1.66829,1.50,1.75
2016.05.06 07:18:48.629,1.66774,1.66826,1.00,1.00
2016.05.06 07:18:49.041,1.66772,1.66825,1.00,1.00
2016.05.06 07:18:49.545,1.66771,1.66825,1.00,1.00
2016.05.06 07:18:50.222,1.66772,1.66824,1.00,1.00
2016.05.06 07:18:51.036,1.66771,1.66825,1.00,1.00
2016.05.06 07:18:51.567,1.66772,1.66824,1.00,1.00
2016.05.06 07:18:52.309,1.66771,1.66825,1.00,1.00
2016.05.06 07:18:53.110,1.66772,1.66824,1.00,1.00
2016.05.06 07:18:53.857,1.66771,1.66825,1.00,1.00
2016.05.06 07:18:54.112,1.66769,1.66824,1.12,1.00
2016.05.06 07:18:55.315,1.6677,1.66823,1.00,1.00
2016.05.06 07:18:56.317,1.66769,1.66824,1.12,1.00
2016.05.06 07:18:56.993,1.6677,1.66823,1.00,1.00
2016.05.06 07:18:57.349,1.66769,1.66816,1.12,1.00
2016.05.06 07:18:57.451,1.66763,1.6682,1.75,1.00
2016.05.06 07:18:57.603,1.66763,1.6682,1.00,1.75
2016.05.06 07:18:58.536,1.66766,1.66816,1.00,1.12
2016.05.06 07:18:59.043,1.66765,1.66816,1.00,1.12
2016.05.06 07:18:59.354,1.66769,1.66822,1.00,1.87
2016.05.06 07:18:59.404,1.66769,1.66822,1.00,1.12
2016.05.06 07:18:59.660,1.66766,1.66819,1.12,1.00
2016.05.06 07:19:00.671,1.66766,1.66816,1.12,1.00
2016.05.06 07:19:01.673,1.66766,1.66819,1.12,1.00
2016.05.06 07:19:01.775,1.66768,1.66823,1.00,1.37
2016.05.06 07:19:02.351,1.66769,1.66822,1.00,1.12
2016.05.06 07:19:02.861,1.66768,1.66823,1.50,1.37
2016.05.06 07:19:03.376,1.66769,1.66822,1.00,1.12
2016.05.06 07:19:03.942,1.66768,1.66823,1.50,1.37
2016.05.06 07:19:05.043,1.66772,1.66825,1.00,1.75
2016.05.06 07:19:05.669,1.66771,1.66826,1.00,1.75
2016.05.06 07:19:06.238,1.66771,1.66826,2.25,1.00
2016.05.06 07:19:06.292,1.66776,1.66832,1.00,1.75
2016.05.06 07:19:06.620,1.66776,1.66826,1.00,1.00
2016.05.06 07:19:07.121,1.66777,1.66826,1.00,1.00
2016.05.06 07:19:07.975,1.66777,1.66831,1.00,1.50
2016.05.06 07:19:08.026,1.66777,1.66828,1.00,1.00
2016.05.06 07:19:08.076,1.66773,1.66828,1.00,1.50
2016.05.06 07:19:08.470,1.66768,1.66821,1.75,1.00
2016.05.06 07:19:08.524,1.66768,1.66821,1.00,1.00
2016.05.06 07:19:08.726,1.66761,1.66823,3.37,1.12
2016.05.06 07:19:08.777,1.66761,1.66816,1.87,1.00
2016.05.06 07:19:10.450,1.66763,1.66816,1.00,1.00
2016.05.06 07:19:11.487,1.66761,1.66816,1.12,1.00
2016.05.06 07:19:11.988,1.66762,1.66817,1.00,1.12
2016.05.06 07:19:13.438,1.66762,1.66816,1.00,1.00
2016.05.06 07:19:13.953,1.66757,1.66816,1.75,1.00
2016.05.06 07:19:16.605,1.66763,1.66816,1.00,1.00
2016.05.06 07:19:17.615,1.66762,1.66816,1.00,1.00
2016.05.06 07:19:18.161,1.66763,1.66816,1.00,1.50
2016.05.06 07:19:18.678,1.66762,1.66817,1.00,1.87
2016.05.06 07:19:19.263,1.66763,1.66816,1.00,1.00
2016.05.06 07:19:19.769,1.66762,1.66816,1.00,1.00
2016.05.06 07:19:20.052,1.66768,1.66823,1.00,1.00
2016.05.06 07:19:20.568,1.66769,1.66822,1.00,1.00
2016.05.06 07:19:21.083,1.66768,1.66823,1.00,1.50
2016.05.06 07:19:21.636,1.66769,1.66822,1.00,1.00
2016.05.06 07:19:22.176,1.6677,1.66822,1.00,1.00
2016.05.06 07:19:22.227,1.66772,1.66826,1.00,1.00
2016.05.06 07:19:22.378,1.66772,1.66826,1.75,1.00
2016.05.06 07:19:22.710,1.66777,1.66832,1.00,1.75
2016.05.06 07:19:23.228,1.66778,1.66831,1.00,1.50
2016.05.06 07:19:24.079,1.66778,1.66826,1.00,1.00
2016.05.06 07:19:24.582,1.66777,1.66827,1.00,1.00
2016.05.06 07:19:24.632,1.66775,1.66827,1.00,1.00
2016.05.06 07:19:25.342,1.66774,1.66827,1.87,1.00
2016.05.06 07:19:26.285,1.66775,1.66827,1.00,1.00
2016.05.06 07:19:27.258,1.66774,1.66827,1.87,1.00
2016.05.06 07:19:28.001,1.66775,1.66827,1.00,1.00
2016.05.06 07:19:28.584,1.66775,1.66826,1.00,1.00
2016.05.06 07:19:28.994,1.66775,1.66828,1.00,1.00
2016.05.06 07:19:29.145,1.6677,1.6683,1.75,1.00
2016.05.06 07:19:29.297,1.6677,1.66827,1.75,1.00
2016.05.06 07:19:29.398,1.6677,1.6683,1.75,1.00
2016.05.06 07:19:29.530,1.66768,1.66828,1.87,1.00
2016.05.06 07:19:29.848,1.66768,1.66826,1.87,1.00
2016.05.06 07:19:30.602,1.66777,1.66826,1.00,1.00
2016.05.06 07:19:31.334,1.66774,1.66827,1.87,1.00
2016.05.06 07:19:36.494,1.66773,1.66826,1.50,1.00
2016.05.06 07:19:39.473,1.66773,1.66826,1.37,1.00
2016.05.06 07:19:39.524,1.66777,1.6683,1.37,1.00
2016.05.06 07:19:39.725,1.66774,1.66828,1.75,1.00
2016.05.06 07:19:39.826,1.66773,1.66836,2.62,1.50
2016.05.06 07:19:40.423,1.6678,1.66837,1.00,1.75
2016.05.06 07:19:41.061,1.66781,1.66837,1.00,1.75
2016.05.06 07:19:41.268,1.66785,1.66837,1.00,1.75
2016.05.06 07:19:41.319,1.66785,1.66837,1.12,1.00
2016.05.06 07:19:41.828,1.66781,1.66836,1.75,1.00
2016.05.06 07:19:42.076,1.66779,1.66836,2.25,1.37
2016.05.06 07:19:42.178,1.66779,1.66836,1.12,1.37
2016.05.06 07:19:42.228,1.66781,1.66834,1.00,1.00
2016.05.06 07:19:42.542,1.66774,1.66827,1.00,1.00
2016.05.06 07:19:43.129,1.66775,1.66827,1.00,1.00
2016.05.06 07:19:43.822,1.66775,1.66826,1.00,1.00
2016.05.06 07:19:43.973,1.66771,1.66826,1.50,1.50
2016.05.06 07:19:44.207,1.66771,1.66816,1.50,1.00
2016.05.06 07:19:44.408,1.66771,1.66826,1.50,1.50
2016.05.06 07:19:45.048,1.66775,1.66826,1.00,1.00
2016.05.06 07:19:45.561,1.66775,1.66827,1.00,1.00
2016.05.06 07:19:47.340,1.66774,1.66827,1.00,1.00
2016.05.06 07:19:47.731,1.66773,1.66826,1.00,1.37
2016.05.06 07:19:47.982,1.66771,1.66826,1.00,1.75
2016.05.06 07:19:48.542,1.66772,1.66826,1.00,2.25
2016.05.06 07:19:49.116,1.66771,1.66826,1.00,1.75
2016.05.06 07:19:49.745,1.66772,1.66826,1.00,2.25
2016.05.06 07:19:50.343,1.66771,1.66826,1.00,1.75
2016.05.06 07:19:50.847,1.66772,1.66826,1.00,2.25
2016.05.06 07:19:50.999,1.66772,1.66826,1.12,1.50
2016.05.06 07:19:51.349,1.66776,1.66826,1.00,1.00
2016.05.06 07:19:52.051,1.66776,1.66829,1.00,1.00
2016.05.06 07:19:53.577,1.66775,1.6683,1.00,1.12
2016.05.06 07:19:54.098,1.66777,1.66829,1.00,1.00
2016.05.06 07:19:54.199,1.66781,1.66835,1.00,1.87
2016.05.06 07:19:54.713,1.6678,1.66836,1.00,2.25
2016.05.06 07:19:55.344,1.66781,1.66835,1.00,1.87
2016.05.06 07:19:56.637,1.66782,1.66835,1.00,1.87
2016.05.06 07:19:56.688,1.66785,1.66835,1.00,1.12
2016.05.06 07:19:57.259,1.66784,1.66836,1.00,2.25
2016.05.06 07:19:57.864,1.66784,1.66837,1.50,1.00
2016.05.06 07:19:59.188,1.66784,1.66836,1.50,1.00
2016.05.06 07:19:59.289,1.66778,1.66836,1.12,2.25
2016.05.06 07:19:59.390,1.66784,1.66835,1.00,1.50
2016.05.06 07:19:59.642,1.66794,1.66845,1.00,1.00
2016.05.06 07:19:59.894,1.66794,1.66847,1.00,1.00
2016.05.06 07:19:59.995,1.66794,1.66852,1.00,1.50
2016.05.06 07:20:00.408,1.66798,1.66851,1.00,1.00
2016.05.06 07:20:02.573,1.668,1.66854,1.50,1.00
2016.05.06 07:20:02.624,1.66803,1.66856,1.00,1.00
2016.05.06 07:20:02.926,1.66804,1.66857,2.25,1.50
2016.05.06 07:20:03.027,1.66799,1.66855,1.50,1.00
2016.05.06 07:20:03.077,1.66799,1.66847,1.50,1.00
2016.05.06 07:20:03.128,1.66797,1.66847,1.00,1.00
2016.05.06 07:20:03.179,1.66795,1.66847,1.00,1.50
2016.05.06 07:20:03.290,1.66793,1.66847,1.00,1.50
2016.05.06 07:20:03.398,1.66795,1.66847,1.00,1.50
2016.05.06 07:20:04.402,1.6679,1.66846,1.12,1.87
2016.05.06 07:20:04.731,1.6679,1.66837,1.12,1.00
2016.05.06 07:20:04.864,1.66791,1.66845,1.00,1.50
2016.05.06 07:20:05.358,1.66788,1.66841,1.75,1.00
2016.05.06 07:20:05.516,1.66789,1.66845,1.50,1.50
2016.05.06 07:20:06.067,1.66789,1.66844,1.00,1.12
2016.05.06 07:20:06.419,1.66787,1.66837,1.00,1.00
2016.05.06 07:20:06.921,1.66784,1.66837,1.00,1.00
2016.05.06 07:20:07.635,1.66785,1.66837,1.00,1.00
2016.05.06 07:20:08.175,1.66784,1.6684,1.50,1.50
2016.05.06 07:20:09.001,1.66784,1.66837,1.00,1.00
2016.05.06 07:20:09.529,1.66785,1.66837,1.00,1.00
2016.05.06 07:20:10.027,1.66781,1.66836,1.37,1.00
2016.05.06 07:20:10.530,1.66781,1.66835,1.37,1.00
2016.05.06 07:20:11.055,1.6678,1.66836,1.50,1.00
2016.05.06 07:20:11.371,1.6678,1.66834,1.50,1.00
2016.05.06 07:20:11.673,1.66781,1.66835,1.00,1.75
2016.05.06 07:20:11.876,1.66782,1.66836,1.75,1.00
2016.05.06 07:20:12.094,1.6679,1.66842,1.00,1.00
2016.05.06 07:20:12.145,1.6679,1.66845,1.00,1.00
2016.05.06 07:20:12.677,1.6679,1.66844,1.50,1.00
2016.05.06 07:20:13.470,1.6679,1.66845,1.00,1.00
2016.05.06 07:20:14.214,1.6679,1.66844,1.50,1.00
2016.05.06 07:20:14.733,1.6679,1.66845,1.00,1.00
2016.05.06 07:20:15.355,1.6679,1.66844,1.50,1.00
2016.05.06 07:20:15.865,1.66796,1.66846,1.00,1.00
2016.05.06 07:20:16.194,1.66798,1.66847,1.12,1.00
2016.05.06 07:20:16.295,1.66798,1.66852,1.12,1.00
2016.05.06 07:20:17.041,1.66797,1.66853,1.50,1.00
2016.05.06 07:20:18.044,1.66798,1.66852,1.12,1.00
2016.05.06 07:20:18.886,1.66797,1.66853,1.50,1.00
2016.05.06 07:20:20.650,1.66798,1.66852,1.12,1.00
2016.05.06 07:20:20.827,1.66798,1.66847,1.12,1.00
2016.05.06 07:20:22.675,1.66792,1.66844,1.12,1.00
2016.05.06 07:20:23.207,1.66792,1.66843,1.12,1.00
2016.05.06 07:20:24.082,1.66792,1.66844,1.12,1.00
2016.05.06 07:20:24.560,1.66792,1.66846,1.12,1.00
2016.05.06 07:20:25.654,1.66792,1.66846,1.37,1.87
2016.05.06 07:20:25.704,1.66791,1.66846,1.00,1.75
2016.05.06 07:20:26.011,1.66792,1.66846,1.37,2.62
2016.05.06 07:20:26.538,1.66792,1.66846,1.75,2.25
2016.05.06 07:20:27.492,1.66792,1.66845,1.75,1.00
2016.05.06 07:20:28.067,1.6679,1.6684,1.75,1.00
2016.05.06 07:20:28.118,1.6679,1.6684,1.00,1.00
2016.05.06 07:20:28.906,1.66789,1.66841,1.00,1.00
2016.05.06 07:20:29.420,1.6679,1.6684,1.00,1.00
2016.05.06 07:20:30.006,1.66789,1.66841,1.00,1.00
2016.05.06 07:20:30.523,1.6679,1.6684,1.00,1.00
2016.05.06 07:20:31.027,1.66789,1.66841,1.00,1.00
2016.05.06 07:20:31.078,1.66789,1.66836,1.00,1.00
2016.05.06 07:20:31.451,1.66789,1.66841,1.00,1.00
2016.05.06 07:20:31.975,1.6679,1.6684,1.00,1.00
2016.05.06 07:20:32.487,1.66789,1.66836,1.00,1.00
2016.05.06 07:20:32.588,1.66789,1.66841,1.00,1.00
2016.05.06 07:20:32.991,1.66791,1.66845,1.00,1.50
2016.05.06 07:20:33.394,1.6679,1.66841,1.00,1.00
2016.05.06 07:20:33.759,1.66789,1.66845,1.50,1.50
2016.05.06 07:20:34.262,1.6679,1.66844,1.50,1.00
2016.05.06 07:20:34.565,1.66789,1.66839,1.00,1.00
2016.05.06 07:20:34.787,1.66779,1.66835,1.00,1.75
2016.05.06 07:20:34.938,1.66777,1.66836,1.50,1.37
2016.05.06 07:20:34.989,1.66782,1.66836,1.37,1.00
2016.05.06 07:20:35.039,1.66782,1.66836,1.00,1.37
2016.05.06 07:20:35.090,1.66779,1.66836,1.00,1.75
2016.05.06 07:20:35.191,1.66777,1.66834,1.00,1.75
2016.05.06 07:20:35.729,1.66777,1.6683,1.00,1.00
2016.05.06 07:20:35.830,1.66774,1.66827,1.50,1.00
2016.05.06 07:20:36.368,1.66773,1.66828,3.00,1.00
2016.05.06 07:20:36.918,1.66774,1.66827,1.50,1.00
2016.05.06 07:20:37.460,1.66774,1.66828,1.50,1.00
2016.05.06 07:20:38.121,1.66774,1.66827,1.50,1.00
2016.05.06 07:20:38.962,1.66784,1.66827,1.00,1.00
2016.05.06 07:20:39.237,1.66784,1.6683,1.00,1.50
2016.05.06 07:20:39.763,1.66776,1.6683,1.00,1.50
2016.05.06 07:20:39.864,1.66776,1.66826,1.00,1.00
2016.05.06 07:20:40.166,1.66773,1.66825,1.00,1.00
2016.05.06 07:20:40.217,1.66768,1.66825,1.00,1.00
2016.05.06 07:20:40.318,1.66766,1.66824,1.50,1.00
2016.05.06 07:20:40.470,1.66767,1.66823,1.00,1.75
2016.05.06 07:20:40.816,1.66773,1.66823,1.00,1.00
2016.05.06 07:20:40.967,1.66773,1.66827,1.50,1.00
2016.05.06 07:20:41.618,1.66773,1.66828,1.00,1.87
2016.05.06 07:20:42.120,1.66774,1.66827,1.00,1.00
2016.05.06 07:20:42.685,1.66773,1.66828,1.00,1.12
2016.05.06 07:20:43.270,1.66774,1.66828,1.00,1.12
2016.05.06 07:20:43.837,1.66774,1.66827,1.00,1.00
2016.05.06 07:20:44.393,1.66774,1.66828,1.00,1.12
2016.05.06 07:20:45.357,1.66774,1.66827,1.00,1.00
2016.05.06 07:20:45.665,1.66777,1.66827,1.37,1.00
2016.05.06 07:20:45.970,1.66776,1.66832,1.75,1.00
2016.05.06 07:20:48.115,1.66776,1.66833,1.75,1.00
2016.05.06 07:20:49.017,1.66777,1.66827,1.50,1.00
2016.05.06 07:20:49.387,1.66771,1.66827,1.50,1.37
2016.05.06 07:20:49.437,1.66771,1.66827,1.00,1.75
2016.05.06 07:20:49.712,1.66773,1.66826,1.00,2.25
2016.05.06 07:20:49.965,1.66761,1.66816,1.37,1.00
2016.05.06 07:20:50.317,1.66764,1.66824,1.37,1.87
2016.05.06 07:20:50.595,1.66773,1.66827,1.37,1.00
2016.05.06 07:20:50.697,1.66772,1.66826,1.12,1.37
2016.05.06 07:20:50.748,1.6677,1.66826,1.00,1.75
2016.05.06 07:20:50.849,1.66774,1.66826,1.00,1.75
2016.05.06 07:20:50.950,1.66778,1.66833,1.00,1.00
2016.05.06 07:20:51.610,1.66778,1.66832,1.50,1.00
2016.05.06 07:20:52.111,1.66778,1.66833,1.00,1.00
2016.05.06 07:20:52.816,1.66778,1.66832,1.50,1.00
2016.05.06 07:20:54.416,1.66778,1.66833,1.00,1.00
2016.05.06 07:20:54.928,1.66778,1.66832,1.50,1.00
2016.05.06 07:20:55.712,1.66778,1.66833,1.50,1.00
2016.05.06 07:20:56.054,1.66779,1.66835,1.00,1.00
2016.05.06 07:20:57.525,1.6678,1.66834,1.00,1.00
2016.05.06 07:20:59.732,1.66779,1.66835,1.00,1.00
2016.05.06 07:21:00.093,1.66779,1.66826,1.00,1.00
2016.05.06 07:21:00.314,1.66779,1.66835,1.00,1.00
2016.05.06 07:21:00.517,1.66782,1.66836,1.00,1.50
2016.05.06 07:21:00.837,1.66786,1.66836,1.00,1.50
2016.05.06 07:21:00.938,1.66782,1.66836,1.00,1.50
2016.05.06 07:21:01.039,1.66779,1.66836,1.50,1.50
2016.05.06 07:21:01.140,1.66783,1.66836,1.00,1.50
2016.05.06 07:21:01.242,1.66781,1.66836,1.00,1.50
2016.05.06 07:21:01.732,1.66779,1.66826,1.00,1.00
2016.05.06 07:21:02.502,1.66779,1.66833,1.00,1.00
2016.05.06 07:21:03.738,1.66778,1.66834,2.25,1.00
2016.05.06 07:21:04.910,1.66782,1.66836,1.00,1.50
2016.05.06 07:21:05.296,1.66784,1.66836,1.00,1.00
2016.05.06 07:21:05.608,1.66777,1.66835,1.00,1.50
2016.05.06 07:21:05.711,1.66776,1.66826,1.12,1.00
2016.05.06 07:21:06.337,1.66777,1.66826,1.00,1.00
2016.05.06 07:21:06.489,1.66776,1.66835,1.12,1.50
2016.05.06 07:21:07.317,1.66777,1.66835,1.00,1.50
2016.05.06 07:21:07.850,1.66777,1.66827,1.00,1.00
2016.05.06 07:21:08.190,1.66774,1.66824,1.75,1.00
2016.05.06 07:21:08.342,1.66766,1.6682,1.00,1.87
2016.05.06 07:21:08.393,1.66766,1.66818,1.00,1.00
2016.05.06 07:21:08.443,1.66763,1.66818,1.37,1.50
2016.05.06 07:21:08.495,1.66763,1.66818,1.00,2.62
2016.05.06 07:21:09.036,1.66762,1.66816,1.00,1.75
2016.05.06 07:21:09.716,1.66763,1.66816,1.00,1.75
2016.05.06 07:21:10.227,1.66762,1.66816,1.00,1.75
2016.05.06 07:21:10.771,1.66763,1.66816,1.00,1.75
2016.05.06 07:21:11.437,1.66766,1.66816,1.00,1.75
2016.05.06 07:21:11.772,1.66766,1.66816,1.00,1.37
2016.05.06 07:21:12.323,1.66765,1.66816,1.50,1.00
2016.05.06 07:21:12.838,1.66765,1.66817,1.50,1.00
2016.05.06 07:21:13.356,1.66765,1.66816,1.00,1.00
2016.05.06 07:21:15.914,1.66765,1.66817,1.00,1.50
2016.05.06 07:21:17.033,1.66765,1.66816,1.00,1.00
2016.05.06 07:21:18.075,1.66765,1.66817,1.00,1.50
2016.05.06 07:21:18.837,1.66765,1.66816,1.00,1.00
2016.05.06 07:21:19.274,1.66769,1.66824,1.00,1.00
2016.05.06 07:21:19.425,1.6677,1.66826,1.50,1.00
2016.05.06 07:21:19.728,1.66773,1.66827,1.87,1.00
2016.05.06 07:21:20.821,1.66776,1.66832,1.75,1.50
2016.05.06 07:21:21.036,1.66779,1.66833,1.37,1.00
2016.05.06 07:21:21.087,1.66782,1.66835,1.75,1.00
2016.05.06 07:21:21.648,1.6678,1.66836,1.12,1.00
2016.05.06 07:21:23.092,1.6678,1.66835,1.87,1.00
2016.05.06 07:21:23.193,1.6678,1.66835,1.00,1.00
2016.05.06 07:21:23.779,1.66781,1.66834,1.00,1.00
2016.05.06 07:21:23.830,1.66784,1.66834,1.00,1.00
2016.05.06 07:21:23.931,1.6678,1.66835,2.25,1.00
2016.05.06 07:21:23.982,1.66789,1.66837,1.00,1.00
2016.05.06 07:21:24.033,1.66789,1.66839,1.00,1.00
2016.05.06 07:21:24.084,1.66795,1.66846,1.00,1.12
2016.05.06 07:21:24.135,1.66796,1.66853,1.00,1.00
2016.05.06 07:21:24.185,1.66796,1.66851,1.00,1.00
2016.05.06 07:21:24.513,1.66796,1.66846,1.37,1.00
2016.05.06 07:21:24.564,1.66796,1.66856,1.87,2.62
2016.05.06 07:21:24.719,1.66803,1.66856,1.12,1.00
2016.05.06 07:21:26.667,1.66802,1.66857,1.50,1.00
2016.05.06 07:21:27.169,1.66803,1.66856,1.12,1.50
2016.05.06 07:21:27.709,1.66797,1.66857,1.87,1.00
2016.05.06 07:21:28.571,1.66797,1.66856,1.87,1.00
2016.05.06 07:21:30.727,1.668,1.66853,1.75,1.00
2016.05.06 07:21:31.932,1.66799,1.66854,1.75,1.00
2016.05.06 07:21:32.832,1.668,1.66853,1.75,1.00
2016.05.06 07:21:33.634,1.66799,1.66854,1.75,1.00
2016.05.06 07:21:34.379,1.668,1.66853,1.75,1.00
2016.05.06 07:21:34.888,1.66799,1.66854,1.75,1.00
2016.05.06 07:21:35.139,1.66799,1.66857,2.25,1.00
2016.05.06 07:21:35.676,1.66804,1.6686,1.50,2.25
2016.05.06 07:21:35.778,1.66804,1.66857,2.25,1.00
2016.05.06 07:21:36.088,1.66807,1.66857,1.12,1.00
2016.05.06 07:21:36.644,1.66809,1.66856,1.75,1.00
2016.05.06 07:21:37.089,1.66807,1.66864,1.12,1.00
2016.05.06 07:21:37.446,1.66805,1.66864,1.87,1.37
2016.05.06 07:21:37.497,1.66805,1.66864,1.12,1.75
2016.05.06 07:21:37.547,1.66805,1.66856,1.12,1.00
2016.05.06 07:21:37.844,1.66805,1.66864,1.87,1.75
2016.05.06 07:21:38.148,1.66805,1.66856,1.87,1.00
2016.05.06 07:21:38.650,1.66807,1.66856,1.00,1.00
2016.05.06 07:21:39.202,1.66806,1.66856,1.00,1.00
2016.05.06 07:21:40.154,1.66807,1.66856,1.00,1.00
2016.05.06 07:21:40.347,1.66807,1.66861,1.00,1.00
2016.05.06 07:21:41.053,1.66806,1.66862,1.00,1.12
2016.05.06 07:21:41.351,1.66806,1.66856,1.00,1.00
2016.05.06 07:21:41.594,1.66807,1.66861,1.00,1.00
2016.05.06 07:21:41.745,1.6681,1.66862,1.75,1.00
2016.05.06 07:21:41.809,1.6681,1.66864,2.25,1.00
2016.05.06 07:21:42.178,1.66809,1.66857,1.00,1.00
2016.05.06 07:21:42.660,1.66808,1.66853,1.00,1.00
2016.05.06 07:21:42.761,1.668,1.66853,1.00,1.00
2016.05.06 07:21:42.965,1.66796,1.66849,1.75,1.00
2016.05.06 07:21:43.223,1.66792,1.66846,1.50,1.00
2016.05.06 07:21:43.547,1.6679,1.66843,1.00,1.00
2016.05.06 07:21:44.171,1.66789,1.66844,1.00,1.00
2016.05.06 07:21:45.011,1.6679,1.66843,1.00,1.00
2016.05.06 07:21:45.720,1.66789,1.66844,1.00,1.00
2016.05.06 07:21:46.226,1.6679,1.66843,1.00,1.00
2016.05.06 07:21:46.756,1.66789,1.66844,1.00,1.00
2016.05.06 07:21:47.109,1.66788,1.66841,1.00,1.00
2016.05.06 07:21:47.429,1.66788,1.66836,1.00,1.00
2016.05.06 07:21:48.256,1.66787,1.66836,1.00,1.00
2016.05.06 07:21:48.833,1.66786,1.66836,1.00,1.00
2016.05.06 07:21:49.173,1.66783,1.66836,1.00,1.00
2016.05.06 07:21:49.866,1.66782,1.66836,1.12,1.00
2016.05.06 07:21:50.537,1.66783,1.66836,1.00,1.00
2016.05.06 07:21:50.790,1.66786,1.66839,1.00,1.37
2016.05.06 07:21:50.991,1.6679,1.66844,1.00,1.50
2016.05.06 07:21:51.678,1.66789,1.66844,1.50,1.00
2016.05.06 07:21:52.211,1.6679,1.66844,1.00,1.50
2016.05.06 07:21:52.520,1.6679,1.66836,1.00,1.00
2016.05.06 07:21:52.788,1.66789,1.66844,1.00,1.00
2016.05.06 07:21:53.046,1.66793,1.66844,1.50,1.00
2016.05.06 07:21:53.349,1.66805,1.66856,1.87,1.37
2016.05.06 07:21:53.400,1.66805,1.66861,2.25,1.00
2016.05.06 07:21:54.167,1.66806,1.6686,2.25,1.00
2016.05.06 07:21:54.298,1.66806,1.66857,2.25,1.00
2016.05.06 07:21:54.805,1.66806,1.6686,2.25,1.00
2016.05.06 07:21:55.082,1.66809,1.66856,1.12,1.00
2016.05.06 07:21:55.770,1.66809,1.66857,1.12,1.00
2016.05.06 07:21:56.306,1.66809,1.66856,1.12,1.00
2016.05.06 07:21:56.407,1.66806,1.66856,1.12,1.00
2016.05.06 07:21:56.858,1.6681,1.66857,1.00,1.00
2016.05.06 07:21:57.010,1.66811,1.66867,1.75,1.50
2016.05.06 07:21:57.560,1.66812,1.66866,1.75,1.50
2016.05.06 07:21:58.011,1.66812,1.66856,1.75,1.00
2016.05.06 07:21:58.677,1.66811,1.66857,1.75,1.00
2016.05.06 07:22:01.177,1.66812,1.66856,1.75,1.00
2016.05.06 07:22:01.520,1.66808,1.66856,1.37,1.00
2016.05.06 07:22:01.622,1.66805,1.66856,1.00,1.00
2016.05.06 07:22:01.780,1.66801,1.66846,1.50,1.00
2016.05.06 07:22:01.881,1.66798,1.66846,1.00,1.00
2016.05.06 07:22:01.982,1.66792,1.66847,1.75,1.00
2016.05.06 07:22:02.307,1.66789,1.66836,1.12,1.00
2016.05.06 07:22:02.408,1.66789,1.66836,1.00,1.00
2016.05.06 07:22:02.510,1.66786,1.66836,1.00,1.00
2016.05.06 07:22:02.561,1.66784,1.66836,1.12,1.00
2016.05.06 07:22:02.612,1.66784,1.66836,1.00,1.50
2016.05.06 07:22:02.783,1.6678,1.66836,1.50,2.25
2016.05.06 07:22:03.325,1.66781,1.66827,1.00,1.00
2016.05.06 07:22:03.376,1.66777,1.66827,1.37,1.00
2016.05.06 07:22:03.509,1.66777,1.66831,1.37,1.00
2016.05.06 07:22:04.038,1.66776,1.66826,3.00,1.00
2016.05.06 07:22:04.782,1.66776,1.66832,3.00,1.00
2016.05.06 07:22:04.928,1.66776,1.66827,3.00,1.00
2016.05.06 07:22:05.583,1.66776,1.66832,3.00,1.00
2016.05.06 07:22:05.931,1.66777,1.66826,1.37,1.00
2016.05.06 07:22:07.622,1.66776,1.66832,1.50,1.00
2016.05.06 07:22:07.724,1.66771,1.66828,1.00,1.00
2016.05.06 07:22:07.825,1.66771,1.66827,1.00,1.12
2016.05.06 07:22:08.156,1.66777,1.6683,1.00,1.75
2016.05.06 07:22:08.720,1.66776,1.66831,1.00,2.25
2016.05.06 07:22:09.241,1.66777,1.6683,1.00,1.75
2016.05.06 07:22:09.792,1.66776,1.66831,1.00,2.25
2016.05.06 07:22:10.303,1.66777,1.6683,1.00,1.75
2016.05.06 07:22:10.933,1.66783,1.66836,1.00,2.25
2016.05.06 07:22:11.448,1.66782,1.66836,1.00,1.00
2016.05.06 07:22:11.700,1.6678,1.66826,1.50,1.00
2016.05.06 07:22:12.493,1.6678,1.66836,1.50,1.50
2016.05.06 07:22:12.745,1.66783,1.66836,1.00,1.00
2016.05.06 07:22:13.302,1.66782,1.66836,1.00,1.00
2016.05.06 07:22:13.853,1.66783,1.66836,1.00,1.00
2016.05.06 07:22:14.609,1.66783,1.66837,1.00,1.87
2016.05.06 07:22:16.207,1.66782,1.66837,1.00,1.12
2016.05.06 07:22:16.538,1.6678,1.66834,1.50,1.00
2016.05.06 07:22:17.209,1.66779,1.66835,1.75,1.00
2016.05.06 07:22:17.900,1.66779,1.66826,1.75,1.00
2016.05.06 07:22:18.152,1.66775,1.66826,1.00,1.00
2016.05.06 07:22:18.203,1.66775,1.6683,1.00,1.50
2016.05.06 07:22:18.304,1.66776,1.66826,1.00,1.00
2016.05.06 07:22:18.354,1.66772,1.66826,1.00,1.00
2016.05.06 07:22:18.828,1.66768,1.66827,1.37,1.37
2016.05.06 07:22:18.879,1.66768,1.66827,1.00,1.75
2016.05.06 07:22:19.911,1.66766,1.66827,2.25,1.75
2016.05.06 07:22:22.751,1.66765,1.66819,2.25,1.00
2016.05.06 07:22:23.724,1.66764,1.6682,1.75,1.50
2016.05.06 07:22:24.047,1.6676,1.66815,1.00,1.75
2016.05.06 07:22:24.626,1.66759,1.66815,1.50,1.75
2016.05.06 07:22:25.150,1.6676,1.66814,1.00,1.50
2016.05.06 07:22:25.479,1.6677,1.66826,1.75,1.37
2016.05.06 07:22:26.131,1.66774,1.66831,1.37,1.50
2016.05.06 07:22:26.608,1.66776,1.66832,1.00,1.37
2016.05.06 07:22:28.685,1.66778,1.66833,1.00,2.25
2016.05.06 07:22:29.340,1.66777,1.66834,1.00,1.75
2016.05.06 07:22:29.841,1.66778,1.66833,1.00,1.50
2016.05.06 07:22:31.151,1.66777,1.66834,1.00,1.75
2016.05.06 07:22:31.849,1.66778,1.66833,1.00,1.50
2016.05.06 07:22:32.364,1.66777,1.66834,1.00,1.75
2016.05.06 07:22:32.900,1.66778,1.66833,1.00,1.50
2016.05.06 07:22:33.452,1.66777,1.66834,1.00,1.75
2016.05.06 07:22:33.775,1.66778,1.66834,1.37,1.37
2016.05.06 07:22:33.826,1.66778,1.66832,1.00,1.00
2016.05.06 07:22:34.153,1.66774,1.66832,3.00,1.00
2016.05.06 07:22:34.254,1.66774,1.66826,2.25,1.00
2016.05.06 07:22:34.356,1.66774,1.66832,3.00,1.00
2016.05.06 07:22:34.557,1.66776,1.66832,1.00,1.00
2016.05.06 07:22:35.054,1.66776,1.6683,1.00,1.00
2016.05.06 07:22:35.356,1.66766,1.66817,1.00,1.00
2016.05.06 07:22:35.561,1.66763,1.66816,1.00,1.00
2016.05.06 07:22:35.612,1.66763,1.66816,1.00,1.37
2016.05.06 07:22:35.809,1.66762,1.66816,1.87,1.00
2016.05.06 07:22:36.062,1.66763,1.66816,1.00,1.37
2016.05.06 07:22:36.617,1.66763,1.66816,1.00,1.00
2016.05.06 07:22:36.718,1.66763,1.66816,1.00,1.75
2016.05.06 07:22:37.267,1.66762,1.66816,1.00,1.75
2016.05.06 07:22:37.810,1.66763,1.66812,1.00,1.37
2016.05.06 07:22:38.163,1.66761,1.66812,1.00,1.87
2016.05.06 07:22:38.300,1.66759,1.66812,1.00,1.87
2016.05.06 07:22:38.405,1.66759,1.66806,1.00,1.00
2016.05.06 07:22:38.868,1.66763,1.66816,1.00,1.75
2016.05.06 07:22:38.919,1.66763,1.66817,1.12,1.50
2016.05.06 07:22:38.970,1.66763,1.66807,1.12,1.00
2016.05.06 07:22:39.567,1.66764,1.66807,1.00,1.00
2016.05.06 07:22:40.068,1.66764,1.66806,1.00,1.00
2016.05.06 07:22:40.869,1.66764,1.66807,1.00,1.00
2016.05.06 07:22:42.109,1.66763,1.66807,1.12,1.00
2016.05.06 07:22:42.625,1.66763,1.66806,1.12,1.00
2016.05.06 07:22:43.405,1.66761,1.66796,1.75,1.00
2016.05.06 07:22:43.506,1.66756,1.66806,1.00,1.00
2016.05.06 07:22:43.607,1.66754,1.66806,1.12,1.50
2016.05.06 07:22:43.708,1.66752,1.66796,1.00,1.00
2016.05.06 07:22:43.809,1.66743,1.66803,3.75,1.12
2016.05.06 07:22:43.910,1.66742,1.66797,3.00,1.00
2016.05.06 07:22:44.178,1.66746,1.66806,1.87,1.75
2016.05.06 07:22:44.592,1.66754,1.66806,1.00,1.75
2016.05.06 07:22:45.125,1.66754,1.66806,1.00,1.00
2016.05.06 07:22:45.632,1.66756,1.66806,1.00,1.00
2016.05.06 07:22:46.312,1.66755,1.66806,1.00,1.00
2016.05.06 07:22:46.813,1.66755,1.66796,1.00,1.00
2016.05.06 07:22:47.319,1.66756,1.66796,1.00,1.00
2016.05.06 07:22:47.492,1.66756,1.66806,1.00,1.00
2016.05.06 07:22:48.907,1.66756,1.66815,1.00,2.62
2016.05.06 07:22:48.958,1.66756,1.66807,1.00,1.00
2016.05.06 07:22:49.309,1.66756,1.66796,1.37,1.00
2016.05.06 07:22:51.782,1.66758,1.66797,1.00,1.00
2016.05.06 07:22:53.727,1.66758,1.66796,1.00,1.00
2016.05.06 07:22:54.897,1.66758,1.66797,1.00,1.00
2016.05.06 07:22:55.467,1.66758,1.66796,1.00,1.00
2016.05.06 07:22:55.787,1.66752,1.66796,1.87,1.00
2016.05.06 07:22:57.056,1.66752,1.66786,1.87,1.00
2016.05.06 07:22:57.170,1.66751,1.66796,2.62,1.00
2016.05.06 07:22:57.772,1.66752,1.66797,1.12,1.00
2016.05.06 07:23:00.138,1.66752,1.66796,1.12,1.00
2016.05.06 07:23:00.644,1.66748,1.66797,3.00,1.00
2016.05.06 07:23:00.846,1.66754,1.66797,1.00,1.00
2016.05.06 07:23:01.052,1.66752,1.66797,1.87,1.00
2016.05.06 07:23:01.354,1.66754,1.66797,1.00,1.00
2016.05.06 07:23:01.440,1.66754,1.66806,1.00,1.00
2016.05.06 07:23:01.611,1.66758,1.66806,1.00,1.00
2016.05.06 07:23:01.914,1.6676,1.66807,1.00,1.00
2016.05.06 07:23:02.131,1.66757,1.66806,1.12,1.00
2016.05.06 07:23:02.967,1.66756,1.66813,1.50,1.00
2016.05.06 07:23:03.018,1.66756,1.66815,2.25,1.12
2016.05.06 07:23:03.069,1.66761,1.66806,1.00,1.00
2016.05.06 07:23:03.371,1.66762,1.66816,1.00,3.00
2016.05.06 07:23:03.472,1.66761,1.66816,1.75,1.00
2016.05.06 07:23:03.827,1.6676,1.66813,1.37,1.00
2016.05.06 07:23:04.162,1.66755,1.66806,1.75,1.00
2016.05.06 07:23:04.891,1.66755,1.66807,1.75,1.00
2016.05.06 07:23:05.452,1.66754,1.6681,1.50,1.87
2016.05.06 07:23:05.654,1.66752,1.66806,1.00,2.25
2016.05.06 07:23:05.855,1.66752,1.66796,1.00,1.00
2016.05.06 07:23:06.121,1.66751,1.66807,1.00,2.25
2016.05.06 07:23:06.626,1.66752,1.66806,1.00,2.25
2016.05.06 07:23:07.176,1.66751,1.66806,1.00,1.75
2016.05.06 07:23:07.584,1.66752,1.66796,1.00,1.00
2016.05.06 07:23:07.866,1.66752,1.66806,1.00,1.75
2016.05.06 07:23:08.904,1.66752,1.66793,1.00,1.00
2016.05.06 07:23:09.006,1.66743,1.66787,1.00,1.00
2016.05.06 07:23:09.107,1.66733,1.66789,2.25,1.00
2016.05.06 07:23:09.461,1.66734,1.66788,1.00,1.50
2016.05.06 07:23:09.988,1.66733,1.66789,1.00,1.75
2016.05.06 07:23:10.392,1.66734,1.66786,1.00,1.87
2016.05.06 07:23:10.562,1.6673,1.66785,1.00,1.75
2016.05.06 07:23:11.079,1.66729,1.66785,1.00,1.75
2016.05.06 07:23:11.582,1.6673,1.66784,1.00,1.75
2016.05.06 07:23:12.703,1.66729,1.66785,1.00,1.75
2016.05.06 07:23:13.221,1.6673,1.66784,1.00,1.75
2016.05.06 07:23:13.671,1.66734,1.66786,1.00,1.12
2016.05.06 07:23:13.772,1.66733,1.66786,1.00,1.00
2016.05.06 07:23:13.873,1.66735,1.66786,1.00,1.00
2016.05.06 07:23:14.664,1.66736,1.66786,1.00,1.00
2016.05.06 07:23:15.165,1.66736,1.66788,1.00,1.50
2016.05.06 07:23:15.534,1.66715,1.66773,1.00,1.00
2016.05.06 07:23:16.529,1.66717,1.66773,1.00,1.00
2016.05.06 07:23:16.887,1.66722,1.66773,1.00,1.00
2016.05.06 07:23:17.301,1.66719,1.66773,1.00,1.50
2016.05.06 07:23:17.919,1.66718,1.66773,1.00,1.00
2016.05.06 07:23:18.020,1.66715,1.6677,1.50,1.00
2016.05.06 07:23:18.323,1.66709,1.66763,1.00,1.50
2016.05.06 07:23:18.654,1.66712,1.66763,1.00,1.00
2016.05.06 07:23:19.122,1.66709,1.66763,1.00,1.50
2016.05.06 07:23:19.806,1.66708,1.66763,1.00,1.00
2016.05.06 07:23:20.308,1.66712,1.66763,1.00,1.00
2016.05.06 07:23:20.611,1.66708,1.66763,1.00,1.00
2016.05.06 07:23:20.913,1.66713,1.66763,1.00,1.00
2016.05.06 07:23:21.493,1.66709,1.66763,1.50,1.00
2016.05.06 07:23:21.650,1.66712,1.66763,1.00,1.00
2016.05.06 07:23:22.156,1.66711,1.66763,1.50,1.00
2016.05.06 07:23:22.660,1.66712,1.66763,1.00,1.00
2016.05.06 07:23:23.315,1.66711,1.66763,1.00,1.00
2016.05.06 07:23:23.899,1.66712,1.66763,1.00,1.00
2016.05.06 07:23:24.714,1.66711,1.66763,1.00,1.00
2016.05.06 07:23:25.170,1.66711,1.66756,1.00,1.00
2016.05.06 07:23:25.221,1.66712,1.66766,1.87,1.87
2016.05.06 07:23:25.272,1.66712,1.66766,2.25,1.50
2016.05.06 07:23:25.625,1.66712,1.66756,1.75,1.00
2016.05.06 07:23:26.549,1.66712,1.66766,2.25,1.50
2016.05.06 07:23:27.087,1.66713,1.66767,1.50,1.50
2016.05.06 07:23:27.593,1.66713,1.66766,1.50,1.00
2016.05.06 07:23:27.779,1.6671,1.66761,1.37,1.00
2016.05.06 07:23:27.880,1.66706,1.66756,1.12,1.00
2016.05.06 07:23:28.535,1.66705,1.66757,1.50,1.00
2016.05.06 07:23:29.064,1.6671,1.66756,1.00,1.00
2016.05.06 07:23:29.215,1.6671,1.66765,1.75,1.00
2016.05.06 07:23:29.317,1.6671,1.66757,1.37,1.00
2016.05.06 07:23:29.367,1.66701,1.66757,2.25,1.00
2016.05.06 07:23:29.418,1.66701,1.66746,2.25,1.00
2016.05.06 07:23:29.519,1.66702,1.66753,1.00,1.00
2016.05.06 07:23:29.693,1.66695,1.66753,1.00,1.00
2016.05.06 07:23:29.744,1.66695,1.66746,1.00,1.00
2016.05.06 07:23:29.945,1.66695,1.66753,1.00,1.00
2016.05.06 07:23:30.046,1.66695,1.66747,1.00,1.00
2016.05.06 07:23:30.349,1.66695,1.66743,1.00,1.00
2016.05.06 07:23:30.450,1.66695,1.66746,1.00,1.50
2016.05.06 07:23:30.672,1.66691,1.66745,1.00,1.00
2016.05.06 07:23:30.724,1.66691,1.66737,1.00,1.00
2016.05.06 07:23:30.775,1.66689,1.66737,1.00,1.00
2016.05.06 07:23:31.284,1.66688,1.66736,1.00,1.00
2016.05.06 07:23:31.548,1.66688,1.66744,1.00,1.00
2016.05.06 07:23:31.762,1.66688,1.66736,1.00,1.00
2016.05.06 07:23:32.303,1.66688,1.66742,1.00,1.00
2016.05.06 07:23:32.404,1.66688,1.66736,1.00,1.00
2016.05.06 07:23:32.946,1.66688,1.66737,1.00,1.00
2016.05.06 07:23:33.248,1.66688,1.66745,1.00,1.50
2016.05.06 07:23:33.349,1.6669,1.66744,1.00,1.00
2016.05.06 07:23:33.871,1.66688,1.66742,1.00,1.00
2016.05.06 07:23:34.206,1.66684,1.66742,1.37,1.37
2016.05.06 07:23:34.257,1.66684,1.66742,1.00,1.75
2016.05.06 07:23:34.509,1.66682,1.66737,1.00,1.00
2016.05.06 07:23:34.874,1.66686,1.66736,1.00,1.00
2016.05.06 07:23:35.008,1.66685,1.66741,1.00,1.75
2016.05.06 07:23:35.544,1.66686,1.6674,1.00,1.75
2016.05.06 07:23:36.547,1.66685,1.66741,1.00,1.75
2016.05.06 07:23:36.723,1.66686,1.6674,1.37,1.37
2016.05.06 07:23:36.976,1.66687,1.66741,1.00,1.00
2016.05.06 07:23:37.509,1.66687,1.6674,1.00,1.00
2016.05.06 07:23:37.560,1.66694,1.66743,1.00,1.00
2016.05.06 07:23:37.661,1.66691,1.66745,1.50,1.50
2016.05.06 07:23:37.762,1.66703,1.66751,1.00,1.87
2016.05.06 07:23:37.813,1.66704,1.66751,1.00,1.12
2016.05.06 07:23:37.913,1.66714,1.66755,1.00,2.25
2016.05.06 07:23:37.964,1.66714,1.66755,1.00,1.87
2016.05.06 07:23:38.015,1.66704,1.66752,1.50,1.00
2016.05.06 07:23:38.116,1.66704,1.66749,1.50,1.00
2016.05.06 07:23:38.338,1.66703,1.66753,1.00,1.00
2016.05.06 07:23:38.865,1.66704,1.66753,1.00,1.50
2016.05.06 07:23:39.103,1.66704,1.66751,1.00,1.00
2016.05.06 07:23:39.605,1.66703,1.66752,1.00,1.00
2016.05.06 07:23:39.656,1.66696,1.66752,1.75,1.00
2016.05.06 07:23:39.908,1.66696,1.6675,1.75,1.00
2016.05.06 07:23:40.427,1.66695,1.66749,1.75,1.00
2016.05.06 07:23:40.767,1.66704,1.66749,1.00,1.00
2016.05.06 07:23:40.818,1.66704,1.66753,1.00,1.00
2016.05.06 07:23:40.919,1.66704,1.66751,1.00,1.00
2016.05.06 07:23:41.020,1.66695,1.66751,1.75,1.00
2016.05.06 07:23:41.318,1.66699,1.66753,1.12,1.00
2016.05.06 07:23:41.515,1.66704,1.66753,1.00,1.00
2016.05.06 07:23:41.767,1.66704,1.66758,1.50,1.50
2016.05.06 07:23:42.372,1.66704,1.66757,1.00,1.00
2016.05.06 07:23:43.672,1.66704,1.66758,1.50,1.00
2016.05.06 07:23:44.223,1.66704,1.66757,2.25,1.00
2016.05.06 07:23:45.769,1.66704,1.6676,1.50,1.67
2016.05.06 07:23:45.971,1.66704,1.6676,1.50,1.67
2016.05.06 07:23:46.374,1.66698,1.66756,1.12,2.25
2016.05.06 07:23:47.459,1.66704,1.66754,1.00,1.05
2016.05.06 07:23:47.880,1.66699,1.66754,1.00,1.05
2016.05.06 07:23:48.081,1.66699,1.66756,2.62,1.67
2016.05.06 07:23:49.086,1.66704,1.6676,1.50,2.17
2016.05.06 07:23:50.015,1.66703,1.66758,2.25,1.00
2016.05.06 07:23:50.548,1.66714,1.66757,1.00,1.00
2016.05.06 07:23:50.750,1.66713,1.66765,1.50,1.00
2016.05.06 07:23:50.902,1.66709,1.66765,1.37,1.87
2016.05.06 07:23:50.952,1.66704,1.66765,1.75,2.25
2016.05.06 07:23:51.003,1.66704,1.6676,1.75,1.00
2016.05.06 07:23:51.322,1.66704,1.66756,1.00,1.05
2016.05.06 07:23:51.372,1.66702,1.66756,1.00,1.05
2016.05.06 07:23:51.885,1.66703,1.66756,1.00,1.05
2016.05.06 07:23:53.369,1.66702,1.66756,1.00,1.05
2016.05.06 07:23:53.420,1.66702,1.66754,1.00,1.00
2016.05.06 07:23:53.745,1.66694,1.66746,1.00,1.42
2016.05.06 07:23:56.124,1.66694,1.66743,1.00,1.00
2016.05.06 07:23:56.376,1.66684,1.6674,1.00,1.42
2016.05.06 07:23:57.849,1.66683,1.66737,1.50,1.75
2016.05.06 07:23:58.361,1.66684,1.66737,1.00,2.92
2016.05.06 07:23:58.752,1.66681,1.66735,1.00,1.05
2016.05.06 07:23:59.155,1.66684,1.66735,1.00,1.05
2016.05.06 07:24:00.215,1.66684,1.66736,1.37,1.05
2016.05.06 07:24:00.517,1.66684,1.66742,2.25,2.17
2016.05.06 07:24:01.041,1.66685,1.66741,1.50,1.67
2016.05.06 07:24:01.545,1.66684,1.66742,1.75,2.17
2016.05.06 07:24:02.051,1.66685,1.66741,1.50,1.67
2016.05.06 07:24:02.222,1.66688,1.66743,1.00,1.05
2016.05.06 07:24:02.624,1.66685,1.66739,1.12,1.05
2016.05.06 07:24:03.248,1.66684,1.6674,1.00,1.42
2016.05.06 07:24:03.853,1.66685,1.66739,1.00,1.42
2016.05.06 07:24:04.723,1.66684,1.6674,1.50,1.42
2016.05.06 07:24:04.824,1.66682,1.66736,1.00,1.00
2016.05.06 07:24:04.875,1.66684,1.6674,1.00,1.75
2016.05.06 07:24:05.177,1.66686,1.6674,1.00,1.00
2016.05.06 07:24:05.703,1.66686,1.66741,1.00,1.00
2016.05.06 07:24:05.854,1.66686,1.6674,1.00,1.67
2016.05.06 07:24:06.531,1.66686,1.66741,1.00,1.67
2016.05.06 07:24:07.035,1.66686,1.66736,1.00,1.00
2016.05.06 07:24:07.684,1.66686,1.66742,1.00,1.67
2016.05.06 07:24:08.089,1.66683,1.66736,1.00,1.80
2016.05.06 07:24:08.380,1.66679,1.66736,1.37,1.80
2016.05.06 07:24:08.938,1.6668,1.66736,1.12,1.80
2016.05.06 07:24:09.039,1.66683,1.66736,1.37,1.00
2016.05.06 07:24:09.090,1.66683,1.66739,2.25,1.67
2016.05.06 07:24:09.640,1.66684,1.66739,1.75,1.67
2016.05.06 07:24:10.642,1.66683,1.66738,2.25,1.00
2016.05.06 07:24:11.147,1.66684,1.66737,1.75,1.00
2016.05.06 07:24:11.249,1.66687,1.66741,1.12,1.00
2016.05.06 07:24:11.791,1.66684,1.6674,1.75,1.00
2016.05.06 07:24:12.894,1.66684,1.66741,1.75,1.00
2016.05.06 07:24:13.791,1.66684,1.6674,1.75,1.00
2016.05.06 07:24:14.759,1.66684,1.6674,1.37,1.37
2016.05.06 07:24:14.810,1.66684,1.6674,1.00,1.75
2016.05.06 07:24:14.911,1.66677,1.66736,1.75,1.00
2016.05.06 07:24:14.962,1.66679,1.66733,1.75,1.00
2016.05.06 07:24:15.264,1.66678,1.66734,1.00,1.75
2016.05.06 07:24:15.788,1.66679,1.66733,1.00,1.75
2016.05.06 07:24:15.889,1.66679,1.66733,2.25,1.00
2016.05.06 07:24:16.412,1.66678,1.66734,2.25,1.00
2016.05.06 07:24:17.074,1.66679,1.66733,2.25,1.00
2016.05.06 07:24:17.175,1.66683,1.66737,1.87,1.00
2016.05.06 07:24:17.679,1.66683,1.66738,1.75,1.00
2016.05.06 07:24:18.226,1.66683,1.66737,2.25,1.00
2016.05.06 07:24:18.750,1.66683,1.66738,1.37,1.00
2016.05.06 07:24:18.801,1.66683,1.66737,1.50,1.00
2016.05.06 07:24:19.387,1.66683,1.66738,1.00,1.00
2016.05.06 07:24:19.810,1.66683,1.66736,1.00,1.00
2016.05.06 07:24:21.815,1.66682,1.66736,1.00,1.00
2016.05.06 07:24:22.307,1.66683,1.66743,1.37,1.37
2016.05.06 07:24:22.358,1.66683,1.66743,1.75,1.00
2016.05.06 07:24:22.861,1.66688,1.66742,1.12,1.00
2016.05.06 07:24:23.222,1.66693,1.66742,1.00,1.00
2016.05.06 07:24:23.344,1.66688,1.66742,1.12,1.00
2016.05.06 07:24:23.395,1.66685,1.66739,1.75,1.00
2016.05.06 07:24:24.100,1.66684,1.6674,1.75,1.00
2016.05.06 07:24:24.618,1.66685,1.66739,1.75,1.00
2016.05.06 07:24:25.491,1.66684,1.6674,1.75,1.00
2016.05.06 07:24:26.068,1.66685,1.66739,1.75,1.00
2016.05.06 07:24:26.472,1.66685,1.66732,1.75,1.00
2016.05.06 07:24:26.573,1.66684,1.66732,1.00,1.00
2016.05.06 07:24:26.724,1.66675,1.66731,2.25,1.00
2016.05.06 07:24:26.775,1.66675,1.66731,1.50,1.50
2016.05.06 07:24:26.826,1.66674,1.66726,1.12,1.00
2016.05.06 07:24:27.519,1.66674,1.66727,1.12,1.00
2016.05.06 07:24:27.822,1.66674,1.66722,1.12,1.00
2016.05.06 07:24:28.226,1.66673,1.66728,1.00,1.75
2016.05.06 07:24:28.759,1.66674,1.66728,1.00,1.75
2016.05.06 07:24:29.263,1.66673,1.66728,1.00,1.75
2016.05.06 07:24:30.137,1.66674,1.66725,1.00,1.12
2016.05.06 07:24:30.907,1.66683,1.66728,1.00,1.75
2016.05.06 07:24:31.219,1.66683,1.66731,1.00,1.50
2016.05.06 07:24:31.724,1.66679,1.66734,1.00,1.75
2016.05.06 07:24:31.909,1.66684,1.66733,1.00,1.50
2016.05.06 07:24:32.461,1.66683,1.66734,1.00,1.75
2016.05.06 07:24:32.812,1.66679,1.66734,1.00,1.75
2016.05.06 07:24:33.074,1.6668,1.66733,1.00,1.87
2016.05.06 07:24:33.226,1.66676,1.66726,1.00,1.00
2016.05.06 07:24:33.276,1.66676,1.66726,1.00,1.12
2016.05.06 07:24:33.327,1.66673,1.66718,1.00,1.00
2016.05.06 07:24:33.428,1.66667,1.66718,1.00,1.00
2016.05.06 07:24:33.655,1.66674,1.66718,1.00,1.00
2016.05.06 07:24:33.806,1.66673,1.66723,1.00,1.00
2016.05.06 07:24:36.202,1.66674,1.66726,1.00,1.00
2016.05.06 07:24:36.323,1.66683,1.66726,1.00,1.00
2016.05.06 07:24:36.424,1.66676,1.66728,1.00,1.00
2016.05.06 07:24:36.727,1.66673,1.66728,1.00,1.00
2016.05.06 07:24:36.828,1.66683,1.66728,1.00,1.00
2016.05.06 07:24:37.102,1.66674,1.66728,1.00,1.00
2016.05.06 07:24:37.429,1.66684,1.66728,1.00,1.00
2016.05.06 07:24:37.950,1.66674,1.66728,1.00,1.00
2016.05.06 07:24:38.578,1.66673,1.66728,1.00,1.50
2016.05.06 07:24:39.510,1.66673,1.66727,1.50,1.00
2016.05.06 07:24:40.067,1.66673,1.66728,1.00,1.50
2016.05.06 07:24:40.734,1.66673,1.66727,1.50,1.00
2016.05.06 07:24:41.207,1.66674,1.66728,1.37,1.12
2016.05.06 07:24:41.258,1.66678,1.66734,1.00,1.50
2016.05.06 07:24:41.409,1.66679,1.66733,1.00,2.25
2016.05.06 07:24:41.460,1.66673,1.66733,1.50,1.87
2016.05.06 07:24:41.661,1.66668,1.6673,1.50,1.75
2016.05.06 07:24:41.914,1.66673,1.66728,1.00,1.87
2016.05.06 07:24:42.434,1.66673,1.66725,1.75,1.12
2016.05.06 07:24:43.142,1.66674,1.66727,2.25,1.00
2016.05.06 07:24:43.921,1.66674,1.66728,1.50,1.00
2016.05.06 07:24:44.554,1.66674,1.66729,1.50,1.00
2016.05.06 07:24:45.851,1.66674,1.66728,2.25,1.00
2016.05.06 07:24:46.366,1.66674,1.66729,1.50,1.00
2016.05.06 07:24:46.417,1.66673,1.66729,1.37,1.37
2016.05.06 07:24:46.647,1.66672,1.66724,1.00,1.00
2016.05.06 07:24:46.698,1.6667,1.66724,1.00,1.00
2016.05.06 07:24:47.133,1.66667,1.66722,1.75,1.00
2016.05.06 07:24:47.284,1.66658,1.66716,2.25,1.00
2016.05.06 07:24:47.335,1.66663,1.6672,1.00,2.25
2016.05.06 07:24:47.957,1.66665,1.66721,1.00,1.75
2016.05.06 07:24:48.258,1.66665,1.66721,1.37,1.37
2016.05.06 07:24:48.309,1.66665,1.66721,1.75,1.00
2016.05.06 07:24:48.880,1.66666,1.6672,1.50,1.00
2016.05.06 07:24:49.549,1.66665,1.66721,1.75,1.00
2016.05.06 07:24:50.139,1.66666,1.6672,1.50,1.00
2016.05.06 07:24:50.464,1.66664,1.66717,1.75,1.00
2016.05.06 07:24:50.968,1.66663,1.66716,1.75,1.00
2016.05.06 07:24:51.386,1.66663,1.66716,1.00,1.87
2016.05.06 07:24:51.487,1.66657,1.66715,1.75,1.00
2016.05.06 07:24:52.144,1.66657,1.66711,2.25,1.00
2016.05.06 07:24:52.870,1.66658,1.66712,1.75,1.00
2016.05.06 07:24:53.186,1.6666,1.66716,1.12,1.87
2016.05.06 07:24:53.237,1.66663,1.66716,1.00,1.12
2016.05.06 07:24:53.848,1.66664,1.66717,1.00,1.50
2016.05.06 07:24:54.675,1.66663,1.66718,1.50,2.25
2016.05.06 07:24:55.362,1.66664,1.66717,1.00,1.50
2016.05.06 07:24:55.867,1.66663,1.66718,1.50,1.75
2016.05.06 07:24:56.427,1.66664,1.66717,1.00,1.50
2016.05.06 07:24:56.999,1.66663,1.66717,1.00,1.50
2016.05.06 07:24:57.348,1.66658,1.66717,1.75,1.50
2016.05.06 07:24:57.603,1.66655,1.66713,1.75,1.00
2016.05.06 07:24:57.909,1.66655,1.66714,1.00,1.75
2016.05.06 07:24:58.061,1.66653,1.66711,1.12,2.25
2016.05.06 07:24:58.111,1.66653,1.66706,1.87,1.00
2016.05.06 07:24:58.453,1.66653,1.66704,1.00,1.37
2016.05.06 07:25:00.342,1.66654,1.66704,1.37,1.37
2016.05.06 07:25:00.443,1.66654,1.66708,1.50,1.00
2016.05.06 07:25:01.220,1.66653,1.66709,3.00,1.00
2016.05.06 07:25:01.388,1.66656,1.66712,1.00,2.25
2016.05.06 07:25:02.203,1.66657,1.66711,1.00,1.12
2016.05.06 07:25:03.049,1.66663,1.66711,1.00,1.12
2016.05.06 07:25:03.279,1.66663,1.66715,1.00,1.00
2016.05.06 07:25:03.807,1.66663,1.66716,1.00,1.00
2016.05.06 07:25:04.381,1.66663,1.66715,1.00,1.00
2016.05.06 07:25:04.882,1.66663,1.66716,1.00,1.00
2016.05.06 07:25:05.387,1.66665,1.66719,1.00,1.50
2016.05.06 07:25:05.689,1.66666,1.66721,1.75,1.00
2016.05.06 07:25:05.740,1.66666,1.66726,1.75,1.00
2016.05.06 07:25:05.791,1.66673,1.66726,1.00,1.00
2016.05.06 07:25:05.992,1.66665,1.66725,1.87,1.00
2016.05.06 07:25:06.987,1.66674,1.66725,1.00,1.50
2016.05.06 07:25:09.092,1.66674,1.66724,1.00,1.00
2016.05.06 07:25:09.994,1.66674,1.66725,1.00,1.50
2016.05.06 07:25:10.719,1.66674,1.66724,1.00,1.00
2016.05.06 07:25:11.056,1.66669,1.66725,1.50,1.50
2016.05.06 07:25:11.656,1.6667,1.66724,1.37,1.00
2016.05.06 07:25:12.160,1.66669,1.66725,1.50,1.50
2016.05.06 07:25:12.548,1.66667,1.6672,1.75,1.00
2016.05.06 07:25:13.292,1.66666,1.66721,1.75,1.00
2016.05.06 07:25:13.811,1.66667,1.6672,1.75,1.00
2016.05.06 07:25:13.912,1.66673,1.6673,1.37,1.37
2016.05.06 07:25:14.013,1.66673,1.66733,3.00,1.00
2016.05.06 07:25:14.063,1.66683,1.66735,1.00,1.50
2016.05.06 07:25:14.407,1.66676,1.66729,1.75,1.00
2016.05.06 07:25:14.660,1.66663,1.66722,1.00,1.75
2016.05.06 07:25:15.164,1.66664,1.66722,1.00,1.75
2016.05.06 07:25:18.014,1.66663,1.66714,1.00,1.00
2016.05.06 07:25:18.365,1.66664,1.66713,1.00,1.50
2016.05.06 07:25:20.773,1.66659,1.66713,1.00,1.50
2016.05.06 07:25:20.948,1.66658,1.66709,1.00,1.00
2016.05.06 07:25:21.049,1.66654,1.6671,1.87,1.00
2016.05.06 07:25:21.571,1.66656,1.66709,1.00,1.00
2016.05.06 07:25:21.823,1.66654,1.6671,1.50,3.00
2016.05.06 07:25:22.125,1.66671,1.66719,1.00,1.12
2016.05.06 07:25:22.442,1.66664,1.66713,1.37,1.00
2016.05.06 07:25:22.493,1.66657,1.66713,1.50,1.00
2016.05.06 07:25:23.048,1.66658,1.66712,1.12,1.00
2016.05.06 07:25:23.567,1.66657,1.66713,1.50,1.50
2016.05.06 07:25:24.126,1.66658,1.66712,1.12,1.50
2016.05.06 07:25:24.379,1.66664,1.66712,1.00,1.00
2016.05.06 07:25:24.685,1.66658,1.66712,1.12,1.00
2016.05.06 07:25:25.437,1.66657,1.66713,1.50,1.00
2016.05.06 07:25:25.988,1.66658,1.66712,1.12,1.00
2016.05.06 07:25:26.340,1.66654,1.66708,2.25,1.00
2016.05.06 07:25:26.868,1.66654,1.66709,1.75,1.00
2016.05.06 07:25:27.408,1.66654,1.66708,3.00,1.00
2016.05.06 07:25:28.043,1.66654,1.66709,1.75,1.00
2016.05.06 07:25:28.836,1.66654,1.66708,2.25,1.00
2016.05.06 07:25:29.784,1.66664,1.66708,1.00,1.00
2016.05.06 07:25:29.946,1.66664,1.66711,1.00,1.00
2016.05.06 07:25:30.398,1.66653,1.66711,5.25,1.00
2016.05.06 07:25:30.911,1.66653,1.66712,1.75,1.00
2016.05.06 07:25:30.961,1.66654,1.66708,1.75,1.00
2016.05.06 07:25:31.213,1.6665,1.66705,1.50,1.50
2016.05.06 07:25:31.264,1.66645,1.667,1.12,1.00
2016.05.06 07:25:31.416,1.66644,1.66695,1.00,1.00
2016.05.06 07:25:31.587,1.66644,1.66701,1.75,1.00
2016.05.06 07:25:31.747,1.66644,1.66699,1.00,1.00
2016.05.06 07:25:32.204,1.66654,1.66698,1.00,1.00
2016.05.06 07:25:32.571,1.66643,1.66698,1.00,1.00
2016.05.06 07:25:33.074,1.66643,1.66697,1.00,1.00
2016.05.06 07:25:33.302,1.66643,1.66689,1.00,1.00
2016.05.06 07:25:33.994,1.66641,1.66689,1.00,1.00
2016.05.06 07:25:34.107,1.66644,1.6669,1.00,1.00
2016.05.06 07:25:34.258,1.66643,1.66692,1.00,1.00
2016.05.06 07:25:34.835,1.66644,1.66692,1.00,1.00
2016.05.06 07:25:35.373,1.66646,1.66699,1.00,1.00
2016.05.06 07:25:35.424,1.66646,1.667,1.50,1.37
2016.05.06 07:25:35.625,1.66646,1.66701,1.12,1.00
2016.05.06 07:25:35.726,1.66645,1.66701,1.37,1.37
2016.05.06 07:25:35.777,1.66643,1.66697,1.00,1.00
2016.05.06 07:25:35.878,1.66641,1.66695,1.00,1.00
2016.05.06 07:25:36.220,1.66643,1.66695,1.00,1.00
2016.05.06 07:25:36.563,1.66643,1.66692,1.00,1.00
2016.05.06 07:25:36.797,1.66641,1.66691,1.00,1.00
2016.05.06 07:25:37.097,1.66643,1.66691,1.00,1.00
2016.05.06 07:25:37.867,1.66643,1.66692,1.00,1.00
2016.05.06 07:25:38.418,1.66644,1.66691,1.00,1.00
2016.05.06 07:25:38.569,1.66644,1.66694,1.00,1.00
2016.05.06 07:25:39.119,1.66644,1.66695,1.00,1.00
2016.05.06 07:25:39.504,1.66646,1.66699,1.50,1.00
2016.05.06 07:25:39.706,1.6665,1.66699,1.00,1.00
2016.05.06 07:25:39.923,1.66654,1.66709,1.00,1.50
2016.05.06 07:25:39.974,1.66655,1.66709,1.75,1.00
2016.05.06 07:25:40.075,1.66661,1.66714,1.00,1.00
2016.05.06 07:25:40.175,1.66664,1.66716,1.00,1.50
2016.05.06 07:25:40.722,1.66663,1.66719,1.00,1.75
2016.05.06 07:25:41.475,1.66666,1.6672,1.00,1.75
2016.05.06 07:25:41.576,1.66671,1.66721,1.12,1.00
2016.05.06 07:25:41.627,1.66671,1.66725,1.12,1.00
2016.05.06 07:25:41.779,1.66674,1.66729,1.50,1.75
2016.05.06 07:25:42.081,1.66675,1.66728,1.75,1.00
2016.05.06 07:25:42.587,1.66679,1.66732,1.00,1.00
2016.05.06 07:25:42.839,1.66684,1.66733,1.00,1.12
2016.05.06 07:25:43.041,1.66679,1.66732,1.00,1.00
2016.05.06 07:25:43.399,1.66673,1.66732,1.75,1.00
2016.05.06 07:25:43.601,1.66675,1.66729,1.75,1.00
2016.05.06 07:25:43.903,1.66673,1.66725,1.75,1.00
2016.05.06 07:25:44.004,1.66673,1.66725,1.00,1.00
2016.05.06 07:25:44.533,1.66673,1.66726,1.00,1.12
2016.05.06 07:25:45.729,1.66674,1.66726,1.00,1.12
2016.05.06 07:25:45.886,1.66674,1.66723,1.00,1.00
2016.05.06 07:25:45.987,1.66666,1.66721,1.00,2.25
2016.05.06 07:25:46.494,1.66665,1.66721,1.00,1.75
2016.05.06 07:25:46.758,1.66668,1.66726,1.75,1.12
2016.05.06 07:25:46.859,1.66684,1.66728,1.00,1.75
2016.05.06 07:25:46.961,1.66673,1.66728,1.00,1.75
2016.05.06 07:25:47.581,1.66674,1.66728,1.00,1.75
2016.05.06 07:25:48.697,1.66673,1.66728,1.50,1.75
2016.05.06 07:25:49.927,1.66674,1.66727,1.00,1.50
2016.05.06 07:25:50.497,1.66673,1.66728,1.50,1.75
2016.05.06 07:25:51.006,1.66674,1.66727,1.00,1.50
2016.05.06 07:25:51.709,1.66673,1.66728,1.50,1.75
2016.05.06 07:25:52.211,1.66674,1.66727,1.00,1.50
2016.05.06 07:25:52.713,1.66673,1.66726,1.00,1.87
2016.05.06 07:25:52.764,1.66673,1.66726,1.00,1.87
2016.05.06 07:25:52.865,1.66666,1.6672,1.00,1.00
2016.05.06 07:25:53.016,1.66664,1.66717,1.00,1.00
2016.05.06 07:25:53.517,1.66663,1.66716,2.25,1.00
2016.05.06 07:25:53.920,1.66663,1.6672,1.50,1.00
2016.05.06 07:25:54.219,1.66665,1.66719,1.00,1.00
2016.05.06 07:25:54.563,1.66674,1.6672,1.00,1.50
2016.05.06 07:25:54.866,1.66667,1.6672,1.00,1.00
2016.05.06 07:25:55.369,1.66668,1.6672,1.00,1.00
2016.05.06 07:25:55.538,1.66665,1.6672,1.00,1.00
2016.05.06 07:25:56.067,1.66664,1.6672,1.50,1.00
2016.05.06 07:25:56.357,1.66665,1.66716,1.00,1.00
2016.05.06 07:25:56.473,1.66665,1.66719,1.00,1.00
2016.05.06 07:25:56.574,1.66664,1.66715,1.00,1.37
2016.05.06 07:25:56.625,1.66661,1.66714,1.00,1.50
2016.05.06 07:25:57.433,1.6666,1.66714,1.00,1.00
2016.05.06 07:25:58.129,1.66658,1.66713,1.00,1.00
2016.05.06 07:25:59.232,1.66658,1.66712,1.50,1.00
2016.05.06 07:25:59.762,1.66658,1.66706,1.50,1.00
2016.05.06 07:26:00.285,1.66658,1.66707,1.50,1.00
2016.05.06 07:26:01.338,1.66656,1.66707,1.00,1.50
2016.05.06 07:26:01.641,1.66656,1.66709,1.50,1.00
2016.05.06 07:26:02.342,1.66656,1.6671,1.00,1.00
2016.05.06 07:26:02.866,1.66656,1.66709,1.50,1.00
2016.05.06 07:26:03.543,1.66656,1.6671,1.00,1.00
2016.05.06 07:26:04.190,1.66656,1.66709,1.50,1.00
2016.05.06 07:26:04.695,1.66655,1.66707,1.37,1.37
2016.05.06 07:26:04.957,1.66654,1.66706,1.00,1.00
2016.05.06 07:26:05.630,1.66654,1.66705,1.00,1.00
2016.05.06 07:26:05.681,1.66654,1.66703,1.00,1.00
2016.05.06 07:26:06.025,1.66647,1.66701,1.00,1.75
2016.05.06 07:26:06.126,1.66647,1.667,1.87,1.37
2016.05.06 07:26:06.177,1.66649,1.66701,1.50,1.00
2016.05.06 07:26:06.680,1.66649,1.667,1.50,1.00
2016.05.06 07:26:07.247,1.66649,1.66701,1.50,1.00
2016.05.06 07:26:07.854,1.66649,1.667,1.50,1.00
2016.05.06 07:26:09.074,1.66654,1.66701,1.00,1.00
2016.05.06 07:26:09.858,1.66654,1.667,1.00,1.00
2016.05.06 07:26:10.660,1.66654,1.66701,1.00,1.00
2016.05.06 07:26:10.876,1.66648,1.66701,1.75,1.00
2016.05.06 07:26:11.662,1.66648,1.66702,2.25,1.00
2016.05.06 07:26:12.178,1.66647,1.66703,1.75,1.50
2016.05.06 07:26:13.770,1.66648,1.66702,1.75,1.00
2016.05.06 07:26:14.572,1.66648,1.66703,1.75,2.25
2016.05.06 07:26:15.670,1.66648,1.66702,2.25,1.00
2016.05.06 07:26:16.257,1.66647,1.66703,1.75,1.50
2016.05.06 07:26:16.780,1.66648,1.66702,1.75,1.00
2016.05.06 07:26:17.324,1.66647,1.66701,1.75,1.00
2016.05.06 07:26:18.187,1.66646,1.66702,2.25,1.00
2016.05.06 07:26:18.977,1.66647,1.66701,1.75,1.00
2016.05.06 07:26:21.400,1.66646,1.66702,3.00,1.00
2016.05.06 07:26:21.950,1.66647,1.66701,1.75,1.00
2016.05.06 07:26:24.007,1.66648,1.66702,1.75,1.00
2016.05.06 07:26:25.308,1.66647,1.66703,1.75,1.00
2016.05.06 07:26:26.628,1.66647,1.66703,1.00,1.00
2016.05.06 07:26:27.762,1.66648,1.66702,1.00,1.00
2016.05.06 07:26:27.913,1.66653,1.66704,1.50,1.00
2016.05.06 07:26:28.065,1.66654,1.66707,1.00,1.00
2016.05.06 07:26:28.320,1.66649,1.66707,1.37,1.87
2016.05.06 07:26:28.371,1.66649,1.66704,1.00,1.50
2016.05.06 07:26:28.422,1.66647,1.66704,1.00,1.50
2016.05.06 07:26:28.738,1.66653,1.66704,1.50,1.50
2016.05.06 07:26:29.041,1.66664,1.66705,1.00,1.00
2016.05.06 07:26:29.142,1.66664,1.66708,1.00,1.00
2016.05.06 07:26:29.546,1.66654,1.66708,1.00,1.00
2016.05.06 07:26:29.597,1.66654,1.66708,1.00,1.37
2016.05.06 07:26:31.529,1.66649,1.66704,1.00,1.00
2016.05.06 07:26:33.335,1.66654,1.66704,1.00,1.00
2016.05.06 07:26:34.329,1.66653,1.66704,1.00,1.00
2016.05.06 07:26:34.856,1.6665,1.66692,1.50,1.00
2016.05.06 07:26:35.074,1.66636,1.66689,1.00,1.00
2016.05.06 07:26:35.125,1.66644,1.66689,1.00,1.00
2016.05.06 07:26:35.377,1.66638,1.66689,1.00,1.00
2016.05.06 07:26:35.937,1.66634,1.66687,3.00,1.00
2016.05.06 07:26:36.593,1.66635,1.66686,1.00,1.00
2016.05.06 07:26:38.469,1.66634,1.66687,1.87,1.00
2016.05.06 07:26:39.173,1.66635,1.66686,1.00,1.50
2016.05.06 07:26:39.774,1.66634,1.66686,1.87,1.00
2016.05.06 07:26:40.371,1.66635,1.66686,1.00,1.00
2016.05.06 07:26:42.375,1.66634,1.66685,1.87,1.00
2016.05.06 07:26:43.862,1.66635,1.66684,1.00,1.00
2016.05.06 07:26:44.599,1.66631,1.66681,1.75,1.00
2016.05.06 07:26:44.700,1.66628,1.66683,1.12,1.00
2016.05.06 07:26:44.902,1.66627,1.66683,1.00,1.00
2016.05.06 07:26:46.617,1.66626,1.66683,1.12,1.00
2016.05.06 07:26:46.826,1.66626,1.66681,1.12,1.00
2016.05.06 07:26:47.327,1.66627,1.66681,1.00,1.00
2016.05.06 07:26:48.046,1.66626,1.66681,1.12,1.00
2016.05.06 07:26:48.369,1.66626,1.66677,1.12,1.00
2016.05.06 07:26:48.520,1.66626,1.66681,1.12,1.00
2016.05.06 07:26:49.287,1.66627,1.66681,1.00,1.00
2016.05.06 07:26:49.796,1.66626,1.66681,1.12,1.00
2016.05.06 07:26:49.847,1.66626,1.66677,1.12,1.00
2016.05.06 07:26:50.149,1.66624,1.66673,1.75,1.00
2016.05.06 07:26:50.665,1.66624,1.66674,1.75,1.00
2016.05.06 07:26:51.188,1.66624,1.66674,1.37,1.37
2016.05.06 07:26:51.289,1.66621,1.66672,1.00,1.00
2016.05.06 07:26:51.340,1.66619,1.66668,1.00,1.00
2016.05.06 07:26:51.391,1.66613,1.66668,2.25,1.00
2016.05.06 07:26:51.494,1.66614,1.66665,1.75,1.00
2016.05.06 07:26:51.817,1.66624,1.66675,1.00,1.75
2016.05.06 07:26:52.364,1.66619,1.66675,1.00,1.75
2016.05.06 07:26:52.767,1.66623,1.66675,1.00,1.75
2016.05.06 07:26:53.248,1.66619,1.66675,1.00,1.75
2016.05.06 07:26:53.626,1.66624,1.66675,1.00,1.75
2016.05.06 07:26:54.050,1.66619,1.66675,1.00,1.75
2016.05.06 07:26:54.794,1.66618,1.66675,1.50,1.75
2016.05.06 07:26:55.597,1.66618,1.66675,2.62,1.00
2016.05.06 07:26:56.656,1.66618,1.66676,2.62,1.00
2016.05.06 07:26:56.958,1.6662,1.66666,1.75,1.00
2016.05.06 07:27:05.143,1.66625,1.66666,1.00,1.00
2016.05.06 07:27:05.547,1.66623,1.66676,1.37,1.50
2016.05.06 07:27:05.850,1.66624,1.66667,1.12,1.00
2016.05.06 07:27:06.194,1.66634,1.66675,1.12,1.00
2016.05.06 07:27:06.245,1.66637,1.66689,1.00,1.00
2016.05.06 07:27:06.447,1.66635,1.66689,1.87,1.00
2016.05.06 07:27:06.648,1.66635,1.66686,1.12,1.00
2016.05.06 07:27:07.439,1.66634,1.66687,1.50,1.00
2016.05.06 07:27:07.940,1.66634,1.66686,1.50,1.00
2016.05.06 07:27:08.343,1.66635,1.66689,1.12,1.00
2016.05.06 07:27:08.871,1.66636,1.66688,1.00,1.00
2016.05.06 07:27:09.395,1.66635,1.66689,1.12,1.00
2016.05.06 07:27:10.951,1.66636,1.66688,1.00,1.00
2016.05.06 07:27:11.251,1.66644,1.66689,1.00,1.00
2016.05.06 07:27:11.352,1.66644,1.66692,1.00,1.12
2016.05.06 07:27:11.854,1.66638,1.66693,1.75,1.00
2016.05.06 07:27:12.389,1.66644,1.66694,1.00,1.50
2016.05.06 07:27:12.650,1.66645,1.66696,1.00,1.00
2016.05.06 07:27:12.751,1.66647,1.667,1.87,1.00
2016.05.06 07:27:12.959,1.66653,1.66705,1.00,1.00
2016.05.06 07:27:13.422,1.66653,1.66707,1.00,1.50
2016.05.06 07:27:13.800,1.66653,1.66703,1.00,1.00
2016.05.06 07:27:14.668,1.66652,1.66702,1.12,1.00
2016.05.06 07:27:14.970,1.66644,1.66692,1.00,1.00
2016.05.06 07:27:15.487,1.66644,1.66693,1.00,1.00
2016.05.06 07:27:16.155,1.6664,1.66692,1.50,1.00
2016.05.06 07:27:16.555,1.66644,1.66693,1.00,1.50
2016.05.06 07:27:16.644,1.66644,1.66693,1.00,1.12
2016.05.06 07:27:16.796,1.66644,1.66696,1.00,1.00
2016.05.06 07:27:17.457,1.66644,1.66695,1.00,1.00
2016.05.06 07:27:17.857,1.66653,1.66695,1.00,1.00
2016.05.06 07:27:18.377,1.66653,1.66696,1.00,1.00
2016.05.06 07:27:20.380,1.66653,1.66695,1.00,1.00
2016.05.06 07:27:21.415,1.66653,1.66696,1.00,1.00
2016.05.06 07:27:21.466,1.66645,1.66697,1.00,1.50
2016.05.06 07:27:21.906,1.66654,1.66697,1.00,1.00
2016.05.06 07:27:22.007,1.66648,1.667,1.00,1.75
2016.05.06 07:27:22.185,1.66653,1.66701,1.00,1.75
2016.05.06 07:27:22.486,1.66648,1.667,1.00,1.75
2016.05.06 07:27:23.188,1.66647,1.66701,1.00,1.75
2016.05.06 07:27:23.388,1.66644,1.66693,1.00,1.00
2016.05.06 07:27:23.489,1.66644,1.66697,1.50,1.00
2016.05.06 07:27:23.590,1.66644,1.66693,1.50,1.00
2016.05.06 07:27:23.893,1.66644,1.66696,1.00,1.00
2016.05.06 07:27:24.792,1.66643,1.66697,2.25,1.00
2016.05.06 07:27:25.343,1.66644,1.66696,1.00,1.00
2016.05.06 07:27:26.231,1.66643,1.66697,1.50,1.00
2016.05.06 07:27:26.732,1.66644,1.66697,1.00,1.00
2016.05.06 07:27:27.250,1.66644,1.66696,1.50,1.00
2016.05.06 07:27:27.751,1.66644,1.66697,1.00,1.00
2016.05.06 07:27:27.883,1.66646,1.66696,1.00,1.00
2016.05.06 07:27:28.385,1.66644,1.66696,1.50,1.00
2016.05.06 07:27:29.004,1.66644,1.66698,2.25,1.12
2016.05.06 07:27:29.723,1.66645,1.66697,1.00,1.00
2016.05.06 07:27:30.408,1.66644,1.66698,2.25,1.12
2016.05.06 07:27:30.909,1.66645,1.66697,1.00,1.00
2016.05.06 07:27:31.610,1.66645,1.66698,1.00,1.12
2016.05.06 07:27:31.661,1.66653,1.66698,1.00,1.12
2016.05.06 07:27:31.712,1.66653,1.66701,1.00,1.00
2016.05.06 07:27:31.813,1.66653,1.66705,1.50,1.12
2016.05.06 07:27:35.771,1.66664,1.66705,1.00,1.12
2016.05.06 07:27:35.872,1.66654,1.66706,1.00,1.50
2016.05.06 07:27:36.400,1.66653,1.66706,1.00,1.50
2016.05.06 07:27:37.020,1.66653,1.66703,1.00,1.00
2016.05.06 07:27:37.903,1.66653,1.66704,1.00,1.00
2016.05.06 07:27:38.624,1.66653,1.66703,1.00,1.00
2016.05.06 07:27:39.349,1.66654,1.66703,1.00,1.00
2016.05.06 07:27:39.880,1.66653,1.66703,1.00,1.00
2016.05.06 07:27:40.421,1.66654,1.66706,1.50,2.25
2016.05.06 07:27:40.522,1.66656,1.66706,1.00,3.00
2016.05.06 07:27:40.833,1.66664,1.66707,1.00,2.25
2016.05.06 07:27:40.884,1.66654,1.66706,1.00,1.50
2016.05.06 07:27:41.335,1.66645,1.66702,1.75,1.00
2016.05.06 07:27:41.498,1.66645,1.66695,1.00,1.00
2016.05.06 07:27:41.549,1.66643,1.66696,1.50,1.50
2016.05.06 07:27:41.650,1.6664,1.66692,1.37,1.00
2016.05.06 07:27:42.054,1.66639,1.66693,1.50,1.00
2016.05.06 07:27:42.105,1.66644,1.66693,1.37,1.00
2016.05.06 07:27:42.307,1.66654,1.66702,1.00,1.00
2016.05.06 07:27:43.957,1.66664,1.66706,1.00,1.75
2016.05.06 07:27:44.474,1.66653,1.66707,1.50,1.75
2016.05.06 07:27:44.575,1.66654,1.66706,1.00,1.00
2016.05.06 07:27:44.845,1.66654,1.66703,1.00,1.00
2016.05.06 07:27:44.947,1.66651,1.66702,1.00,1.00
2016.05.06 07:27:45.048,1.66647,1.66699,3.00,1.00
2016.05.06 07:27:45.370,1.66648,1.66703,1.00,1.50
2016.05.06 07:27:45.420,1.66648,1.66707,1.37,1.87
2016.05.06 07:27:45.471,1.66648,1.66706,1.75,1.00
2016.05.06 07:27:45.572,1.66653,1.66707,1.00,1.00
2016.05.06 07:27:45.622,1.66653,1.6671,1.00,2.25
2016.05.06 07:27:46.148,1.66654,1.66708,1.00,1.00
2016.05.06 07:27:46.330,1.66657,1.66711,1.00,1.75
2016.05.06 07:27:46.532,1.66655,1.66713,1.00,3.00
2016.05.06 07:27:47.002,1.66663,1.6671,1.00,1.50
2016.05.06 07:27:47.320,1.66674,1.66725,1.00,1.37
2016.05.06 07:27:47.623,1.66677,1.66727,1.00,1.37
2016.05.06 07:27:48.154,1.66679,1.66729,1.00,1.37
2016.05.06 07:27:48.476,1.66678,1.66728,1.00,1.00
2016.05.06 07:27:48.779,1.66676,1.66728,1.00,1.87
2016.05.06 07:27:49.311,1.66676,1.66726,1.00,1.00
2016.05.06 07:27:50.069,1.66675,1.66726,1.00,1.00
2016.05.06 07:27:50.472,1.66674,1.66723,1.50,1.00
2016.05.06 07:27:50.573,1.66675,1.66726,1.00,1.00
2016.05.06 07:27:51.119,1.66675,1.66728,1.00,1.37
2016.05.06 07:27:51.672,1.66676,1.66728,1.00,1.37
2016.05.06 07:27:52.072,1.66675,1.66725,1.00,1.00
2016.05.06 07:27:52.173,1.66676,1.66727,1.00,1.12
2016.05.06 07:27:52.772,1.66675,1.66728,1.37,1.00
2016.05.06 07:27:53.276,1.66675,1.66725,1.75,1.00
2016.05.06 07:27:53.499,1.66676,1.66727,1.50,1.00
2016.05.06 07:27:54.077,1.66675,1.66728,2.25,1.00
2016.05.06 07:27:54.380,1.66676,1.66726,1.50,1.00
2016.05.06 07:27:54.692,1.66663,1.66713,1.12,1.00
2016.05.06 07:27:55.227,1.66661,1.66713,1.37,1.00
2016.05.06 07:27:55.277,1.66658,1.66711,2.62,1.00
2016.05.06 07:27:55.632,1.66659,1.6671,2.62,1.00
2016.05.06 07:27:55.733,1.6666,1.66714,1.87,1.00
2016.05.06 07:27:55.784,1.66663,1.66717,1.00,1.87
2016.05.06 07:27:56.333,1.66664,1.66716,1.00,1.87
2016.05.06 07:27:56.485,1.6666,1.66714,1.12,1.00
2016.05.06 07:27:56.586,1.6666,1.6671,1.12,1.00
2016.05.06 07:27:57.386,1.6666,1.66711,1.12,1.00
2016.05.06 07:27:57.938,1.6666,1.6671,1.12,1.00
2016.05.06 07:27:58.489,1.6666,1.66711,1.12,1.00
2016.05.06 07:27:58.790,1.66672,1.66719,1.00,1.75
2016.05.06 07:27:59.074,1.66676,1.66728,1.00,1.00
2016.05.06 07:27:59.175,1.66678,1.6673,1.00,1.00
2016.05.06 07:28:00.069,1.66677,1.66731,1.00,1.00
2016.05.06 07:28:00.804,1.66678,1.6673,1.00,1.00
2016.05.06 07:28:01.123,1.66684,1.6673,1.00,1.00
2016.05.06 07:28:01.386,1.66675,1.66725,1.00,1.00
2016.05.06 07:28:02.000,1.66674,1.66726,1.87,1.00
2016.05.06 07:28:02.543,1.66675,1.66725,1.00,1.00
2016.05.06 07:28:03.052,1.66674,1.66726,1.12,1.00
2016.05.06 07:28:03.554,1.66675,1.66725,1.00,1.00
2016.05.06 07:28:04.429,1.66674,1.66726,1.12,1.37
2016.05.06 07:28:04.480,1.66673,1.66721,1.50,1.00
2016.05.06 07:28:05.006,1.66674,1.66719,1.12,1.00
2016.05.06 07:28:05.544,1.66673,1.66718,1.50,1.00
2016.05.06 07:28:06.111,1.66666,1.66719,1.50,1.00
2016.05.06 07:28:06.683,1.66667,1.66718,1.12,1.00
2016.05.06 07:28:07.313,1.66666,1.66719,2.25,1.00
2016.05.06 07:28:07.415,1.66669,1.66721,1.00,1.00
2016.05.06 07:28:08.992,1.66666,1.66719,1.87,1.00
2016.05.06 07:28:09.323,1.66664,1.66716,1.00,1.00
2016.05.06 07:28:10.031,1.66674,1.66716,1.00,1.00
2016.05.06 07:28:10.233,1.66664,1.66716,1.00,1.00
2016.05.06 07:28:10.783,1.66665,1.66715,1.00,1.00
2016.05.06 07:28:11.300,1.66665,1.66716,1.00,1.00
2016.05.06 07:28:12.528,1.66665,1.66715,1.00,1.00
2016.05.06 07:28:12.729,1.6666,1.66714,1.50,1.00
2016.05.06 07:28:12.981,1.66661,1.66713,1.00,1.87
2016.05.06 07:28:13.032,1.66659,1.6671,1.00,1.37
2016.05.06 07:28:13.235,1.66654,1.66704,1.00,1.00
2016.05.06 07:28:13.688,1.6666,1.66705,1.00,1.00
2016.05.06 07:28:13.738,1.6666,1.66708,1.00,1.00
2016.05.06 07:28:13.839,1.66664,1.66711,1.00,1.37
2016.05.06 07:28:13.890,1.66664,1.66711,1.00,1.00
2016.05.06 07:28:14.344,1.66662,1.66711,1.00,1.00
2016.05.06 07:28:14.735,1.66664,1.66711,1.00,1.00
2016.05.06 07:28:15.287,1.66664,1.66712,1.00,1.00
2016.05.06 07:28:16.127,1.66664,1.66714,1.00,1.00
2016.05.06 07:28:16.715,1.66664,1.66715,1.00,1.00
2016.05.06 07:28:17.611,1.66664,1.66714,1.00,1.00
2016.05.06 07:28:18.514,1.66664,1.66715,1.00,1.00
2016.05.06 07:28:19.553,1.66664,1.66714,1.00,1.00
2016.05.06 07:28:20.357,1.66664,1.66715,1.00,1.00
2016.05.06 07:28:20.858,1.66664,1.66714,1.00,1.00
2016.05.06 07:28:21.558,1.66673,1.66715,1.00,1.00
2016.05.06 07:28:22.160,1.66673,1.66714,1.00,1.00
2016.05.06 07:28:22.688,1.66673,1.66715,1.00,1.00
2016.05.06 07:28:22.863,1.66663,1.66715,1.00,1.00
2016.05.06 07:28:23.115,1.66673,1.66714,1.00,1.00
2016.05.06 07:28:23.165,1.66673,1.66718,1.00,1.50
2016.05.06 07:28:23.266,1.66673,1.6672,1.00,1.00
2016.05.06 07:28:23.317,1.66662,1.66717,1.00,1.00
2016.05.06 07:28:23.569,1.66658,1.66716,1.37,1.37
2016.05.06 07:28:23.620,1.66656,1.66714,1.50,1.75
2016.05.06 07:28:23.721,1.66664,1.66711,1.00,1.50
2016.05.06 07:28:24.142,1.66666,1.66712,1.00,1.00
2016.05.06 07:28:24.243,1.66663,1.66714,1.00,1.00
2016.05.06 07:28:25.218,1.66664,1.66713,1.00,1.00
2016.05.06 07:28:26.371,1.66664,1.6671,1.00,1.00
2016.05.06 07:28:26.421,1.66659,1.66709,1.00,1.00
2016.05.06 07:28:26.472,1.66656,1.66707,1.00,1.00
2016.05.06 07:28:26.629,1.66653,1.66705,1.50,1.75
2016.05.06 07:28:27.097,1.66663,1.66706,1.00,2.25
2016.05.06 07:28:27.349,1.66668,1.66719,1.50,1.00
2016.05.06 07:28:27.875,1.66663,1.6672,1.50,1.12
2016.05.06 07:28:31.504,1.66665,1.66722,1.00,1.75
2016.05.06 07:28:31.555,1.66667,1.66722,1.00,1.75
2016.05.06 07:28:31.877,1.66673,1.66723,1.00,1.75
2016.05.06 07:28:32.255,1.66673,1.66722,1.00,1.00
2016.05.06 07:28:32.845,1.66673,1.66723,1.00,1.00
2016.05.06 07:28:33.262,1.66674,1.66727,1.00,1.00
2016.05.06 07:28:33.540,1.66674,1.66725,1.50,1.00
2016.05.06 07:28:33.842,1.66673,1.66723,1.00,1.00
2016.05.06 07:28:34.162,1.66673,1.66721,1.00,1.00
2016.05.06 07:28:34.569,1.66674,1.66719,1.00,1.00
2016.05.06 07:28:34.881,1.66674,1.66721,1.00,1.00
2016.05.06 07:28:34.982,1.66674,1.66726,1.00,1.00
2016.05.06 07:28:35.033,1.66684,1.66728,1.00,1.12
2016.05.06 07:28:35.337,1.66674,1.66728,1.00,1.12
2016.05.06 07:28:35.557,1.66683,1.66728,1.00,1.12
2016.05.06 07:28:35.932,1.66673,1.66728,1.00,1.12
2016.05.06 07:28:36.160,1.66683,1.66726,1.00,1.00
2016.05.06 07:28:36.261,1.66673,1.66724,1.00,1.00
2016.05.06 07:28:36.463,1.66684,1.66725,1.00,1.00
2016.05.06 07:28:36.660,1.66673,1.66726,1.50,1.00
2016.05.06 07:28:37.176,1.66674,1.66725,1.00,1.00
2016.05.06 07:28:37.711,1.66673,1.66726,1.50,1.00
2016.05.06 07:28:37.762,1.66683,1.66726,1.00,1.00
2016.05.06 07:28:38.248,1.66674,1.66726,1.00,1.00
2016.05.06 07:28:38.761,1.66674,1.66725,1.50,1.50
2016.05.06 07:28:38.812,1.66674,1.66723,1.00,1.00
2016.05.06 07:28:39.175,1.66674,1.66723,1.00,1.75
2016.05.06 07:28:40.139,1.66673,1.6672,1.00,1.12
2016.05.06 07:28:40.240,1.66665,1.66716,1.50,1.00
2016.05.06 07:28:40.290,1.66664,1.66714,1.12,1.00
2016.05.06 07:28:40.503,1.66655,1.66707,1.50,1.00
2016.05.06 07:28:40.755,1.66663,1.66707,1.00,1.00
2016.05.06 07:28:41.288,1.66663,1.66708,1.00,1.00
2016.05.06 07:28:41.837,1.66663,1.66709,1.00,1.00
2016.05.06 07:28:42.488,1.66663,1.6671,1.00,1.12
2016.05.06 07:28:42.693,1.66661,1.66712,1.00,1.00
2016.05.06 07:28:42.744,1.66663,1.66712,1.00,1.37
2016.05.06 07:28:43.114,1.66664,1.66717,1.00,1.00
2016.05.06 07:28:43.165,1.66667,1.66721,1.00,1.00
2016.05.06 07:28:43.266,1.66667,1.66723,1.00,1.00
2016.05.06 07:28:43.568,1.66667,1.6672,1.00,1.00
2016.05.06 07:28:44.241,1.66672,1.66725,1.00,1.00
2016.05.06 07:28:44.546,1.66673,1.66725,1.75,1.00
2016.05.06 07:28:44.947,1.66674,1.66723,1.50,1.00
2016.05.06 07:28:45.529,1.66674,1.66722,1.50,1.00
2016.05.06 07:28:45.949,1.66675,1.66726,1.12,1.00
2016.05.06 07:28:47.871,1.66674,1.66723,1.50,1.00
2016.05.06 07:28:48.304,1.66673,1.66721,1.75,1.00
2016.05.06 07:28:48.406,1.66673,1.66725,1.75,1.00
2016.05.06 07:28:48.809,1.66673,1.66722,1.00,1.00
2016.05.06 07:28:48.860,1.66669,1.66721,1.00,1.00
2016.05.06 07:28:48.911,1.66667,1.66719,1.12,1.00
2016.05.06 07:28:49.224,1.66674,1.66719,1.00,1.00
2016.05.06 07:28:49.457,1.66667,1.66719,1.12,1.00
2016.05.06 07:28:49.558,1.66669,1.66723,1.00,1.00
2016.05.06 07:28:49.778,1.66674,1.66722,1.00,1.00
2016.05.06 07:28:50.058,1.66667,1.66723,1.12,1.50
2016.05.06 07:28:50.109,1.66665,1.66718,1.75,1.00
2016.05.06 07:28:50.456,1.66664,1.66722,3.75,1.00
2016.05.06 07:28:50.658,1.66666,1.6672,1.50,1.00
2016.05.06 07:28:51.486,1.66667,1.66719,1.12,1.00
2016.05.06 07:28:52.225,1.66666,1.6672,1.50,1.00
2016.05.06 07:28:52.536,1.66665,1.66716,1.00,1.12
2016.05.06 07:28:52.770,1.66655,1.66708,1.00,1.50
2016.05.06 07:28:53.123,1.66654,1.66705,1.00,1.00
2016.05.06 07:28:53.678,1.66653,1.66705,1.50,1.00
2016.05.06 07:28:54.220,1.66654,1.66705,1.00,1.00
2016.05.06 07:28:54.371,1.6665,1.66703,1.50,1.00
2016.05.06 07:28:54.472,1.66653,1.66703,1.00,1.00
2016.05.06 07:28:54.523,1.66653,1.66706,1.00,1.00
2016.05.06 07:28:55.033,1.66654,1.66705,1.00,1.00
2016.05.06 07:28:56.300,1.66654,1.66703,1.00,1.00
2016.05.06 07:28:56.625,1.66654,1.66699,1.00,1.00
2016.05.06 07:28:56.776,1.66647,1.66699,1.00,1.00
2016.05.06 07:28:57.953,1.66646,1.667,1.00,1.00
2016.05.06 07:28:58.486,1.66647,1.66699,1.00,1.00
2016.05.06 07:28:58.761,1.66643,1.66697,3.00,1.00
2016.05.06 07:28:59.288,1.66644,1.66696,2.62,1.00
2016.05.06 07:29:00.257,1.66647,1.66698,1.00,1.00
2016.05.06 07:29:00.541,1.66649,1.66701,1.00,1.00
2016.05.06 07:29:01.644,1.66648,1.66702,1.50,1.12
2016.05.06 07:29:01.694,1.66654,1.66702,1.00,1.12
2016.05.06 07:29:02.395,1.6665,1.66702,1.00,1.12
2016.05.06 07:29:02.720,1.66654,1.66702,1.00,1.12
2016.05.06 07:29:02.982,1.66647,1.667,1.00,1.00
2016.05.06 07:29:03.298,1.66653,1.667,1.00,1.00
2016.05.06 07:29:03.399,1.66648,1.66699,1.00,1.00
2016.05.06 07:29:04.149,1.66647,1.667,1.00,1.00
2016.05.06 07:29:04.750,1.66648,1.66699,1.00,1.00
2016.05.06 07:29:04.851,1.6665,1.66701,1.00,1.00
2016.05.06 07:29:05.401,1.66649,1.66702,1.00,1.12
2016.05.06 07:29:05.989,1.6665,1.66701,1.00,1.00
2016.05.06 07:29:06.653,1.66649,1.66702,1.00,1.12
2016.05.06 07:29:07.499,1.66647,1.66699,1.00,1.00
2016.05.06 07:29:08.171,1.66646,1.667,1.00,1.00
2016.05.06 07:29:08.491,1.66648,1.66699,1.00,1.00
2016.05.06 07:29:09.246,1.66648,1.667,1.00,1.00
2016.05.06 07:29:09.760,1.66646,1.667,1.00,1.00
2016.05.06 07:29:10.376,1.66647,1.66699,1.00,1.00
2016.05.06 07:29:10.863,1.66645,1.66697,1.00,1.00
2016.05.06 07:29:11.390,1.66645,1.66696,1.00,1.00
2016.05.06 07:29:11.906,1.66645,1.66695,1.00,1.00
2016.05.06 07:29:12.466,1.66644,1.66694,1.00,1.00
2016.05.06 07:29:16.976,1.66644,1.66695,1.00,1.50
2016.05.06 07:29:17.578,1.66644,1.66694,1.00,1.00
2016.05.06 07:29:18.121,1.66644,1.66695,1.00,1.00
2016.05.06 07:29:18.631,1.66642,1.66695,1.00,1.50
2016.05.06 07:29:18.955,1.66644,1.66694,1.00,1.00
2016.05.06 07:29:19.006,1.66644,1.66697,1.50,1.00
2016.05.06 07:29:19.676,1.66645,1.66697,1.00,1.00
2016.05.06 07:29:21.131,1.66644,1.66698,1.50,1.00
2016.05.06 07:29:21.332,1.66648,1.66699,1.00,1.00
2016.05.06 07:29:22.101,1.66647,1.667,1.00,1.00
2016.05.06 07:29:22.604,1.66648,1.66699,1.00,1.00
2016.05.06 07:29:22.907,1.66644,1.66688,1.00,1.00
2016.05.06 07:29:23.115,1.66644,1.66696,1.00,1.75
2016.05.06 07:29:24.623,1.66646,1.66695,1.00,1.50
2016.05.06 07:29:24.724,1.66649,1.667,1.00,1.00
2016.05.06 07:29:24.847,1.66654,1.667,1.00,1.00
2016.05.06 07:29:25.099,1.66648,1.66701,1.12,1.00
2016.05.06 07:29:25.799,1.66649,1.667,1.00,1.00
2016.05.06 07:29:26.644,1.66649,1.66699,1.00,1.00
2016.05.06 07:29:26.745,1.66646,1.66696,1.50,1.00
2016.05.06 07:29:27.123,1.66644,1.66694,2.25,1.00
2016.05.06 07:29:27.853,1.66644,1.66695,1.75,1.00
2016.05.06 07:29:28.451,1.66644,1.66694,2.25,1.00
2016.05.06 07:29:28.953,1.66644,1.66695,1.75,1.00
2016.05.06 07:29:29.452,1.66645,1.66697,1.75,1.00
2016.05.06 07:29:30.016,1.66644,1.66698,1.75,1.00
2016.05.06 07:29:30.561,1.66645,1.66697,1.75,1.00
2016.05.06 07:29:31.062,1.66644,1.66698,1.75,1.00
2016.05.06 07:29:31.745,1.66645,1.66697,1.75,1.00
2016.05.06 07:29:32.840,1.66644,1.66698,1.75,1.00
2016.05.06 07:29:33.420,1.66645,1.66697,1.75,1.00
2016.05.06 07:29:34.182,1.66645,1.66697,1.37,1.37
2016.05.06 07:29:34.233,1.66643,1.66695,1.00,1.37
2016.05.06 07:29:34.826,1.66646,1.66698,1.00,1.75
2016.05.06 07:29:34.877,1.66646,1.66698,1.00,1.37
2016.05.06 07:29:34.978,1.66646,1.66698,1.00,1.00
2016.05.06 07:29:35.230,1.66646,1.66696,1.00,1.00
2016.05.06 07:29:35.331,1.66643,1.66697,2.25,1.00
2016.05.06 07:29:35.532,1.66646,1.66698,1.00,2.25
2016.05.06 07:29:35.719,1.66643,1.66699,1.50,1.00
2016.05.06 07:29:36.021,1.66643,1.66696,1.00,1.00
2016.05.06 07:29:38.862,1.66643,1.66697,1.00,1.50
2016.05.06 07:29:39.967,1.66643,1.66696,1.00,1.00
2016.05.06 07:29:40.306,1.66643,1.66693,1.00,1.00
2016.05.06 07:29:40.941,1.66643,1.66692,1.00,1.00
2016.05.06 07:29:41.843,1.66643,1.66693,1.00,1.00
2016.05.06 07:29:42.196,1.6664,1.66691,1.00,1.00
2016.05.06 07:29:42.247,1.66638,1.66689,1.50,1.00
2016.05.06 07:29:43.176,1.66637,1.6669,1.00,1.00
2016.05.06 07:29:44.048,1.66638,1.66689,1.00,1.00
2016.05.06 07:29:45.052,1.66637,1.6669,1.00,1.00
2016.05.06 07:29:45.609,1.66638,1.66689,1.00,1.00
2016.05.06 07:29:45.968,1.66634,1.66688,1.50,1.00
2016.05.06 07:29:46.564,1.66635,1.66687,1.00,1.00
2016.05.06 07:29:48.566,1.66634,1.66688,1.00,1.00
2016.05.06 07:29:49.360,1.66635,1.66687,1.00,1.00
2016.05.06 07:29:50.163,1.66634,1.66688,1.00,1.00
2016.05.06 07:29:50.763,1.66635,1.66687,1.00,1.00
2016.05.06 07:29:51.314,1.66635,1.66686,1.00,1.00
2016.05.06 07:29:52.294,1.66634,1.66687,1.50,1.00
2016.05.06 07:29:53.869,1.66635,1.66686,1.00,1.00
2016.05.06 07:29:54.371,1.66634,1.66687,1.50,1.00
2016.05.06 07:29:54.896,1.66635,1.66686,1.00,1.00
2016.05.06 07:29:55.427,1.66635,1.66686,1.00,1.37
2016.05.06 07:29:55.478,1.66631,1.66685,1.00,1.50
2016.05.06 07:29:55.579,1.66629,1.66682,1.00,1.00
2016.05.06 07:29:56.123,1.66629,1.66681,1.00,1.00
2016.05.06 07:29:56.752,1.66628,1.66682,1.00,1.00
2016.05.06 07:29:57.397,1.66629,1.66682,1.00,1.50
2016.05.06 07:29:57.711,1.66629,1.66681,1.75,1.00
2016.05.06 07:29:57.879,1.66629,1.66681,1.00,1.00
2016.05.06 07:29:58.780,1.66628,1.66682,1.00,1.00
2016.05.06 07:29:59.485,1.66629,1.66681,1.00,1.00
2016.05.06 07:30:00.280,1.66628,1.66682,1.00,1.00
2016.05.06 07:30:00.706,1.66629,1.6668,1.00,1.00
2016.05.06 07:30:01.516,1.66631,1.66683,1.00,1.00
2016.05.06 07:30:02.419,1.6663,1.66684,1.00,1.00
2016.05.06 07:30:03.119,1.66631,1.66683,1.00,1.00
2016.05.06 07:30:03.474,1.66634,1.66683,1.00,1.00
2016.05.06 07:30:04.235,1.66634,1.66684,1.00,1.00
2016.05.06 07:30:04.737,1.66634,1.66685,1.50,1.00
2016.05.06 07:30:05.820,1.66633,1.66686,1.37,1.37
2016.05.06 07:30:05.921,1.66637,1.66688,1.00,1.00
2016.05.06 07:30:06.224,1.66636,1.6669,1.00,1.00
2016.05.06 07:30:06.782,1.66637,1.66689,1.00,1.00
2016.05.06 07:30:06.833,1.66635,1.66693,2.25,1.50
2016.05.06 07:30:06.935,1.66637,1.66693,1.00,2.25
2016.05.06 07:30:08.007,1.66641,1.66693,1.00,1.50
2016.05.06 07:30:08.335,1.66644,1.66696,1.00,1.00
2016.05.06 07:30:09.001,1.66646,1.667,1.00,1.50
2016.05.06 07:30:09.076,1.66646,1.66696,1.00,1.00
2016.05.06 07:30:09.261,1.66647,1.66699,1.00,1.00
2016.05.06 07:30:09.789,1.66646,1.66697,1.00,1.00
2016.05.06 07:30:10.091,1.66625,1.66666,1.37,1.00
2016.05.06 07:30:11.145,1.66625,1.66666,1.00,1.00
2016.05.06 07:30:11.598,1.66624,1.66676,1.50,1.12
2016.05.06 07:30:12.092,1.66624,1.66666,1.00,1.00
2016.05.06 07:30:12.142,1.66621,1.66666,1.00,1.00
2016.05.06 07:30:12.650,1.66617,1.66667,1.37,1.00
2016.05.06 07:30:13.256,1.66617,1.66666,1.00,1.00
2016.05.06 07:30:13.953,1.6662,1.66666,1.37,1.00
2016.05.06 07:30:14.717,1.66621,1.66673,1.75,1.00
2016.05.06 07:30:14.985,1.66621,1.66673,1.00,1.00
2016.05.06 07:30:15.307,1.6662,1.66667,1.00,1.00
2016.05.06 07:30:15.358,1.66618,1.66667,1.87,1.00
2016.05.06 07:30:15.409,1.66618,1.6667,1.87,1.00
2016.05.06 07:30:15.711,1.66618,1.66667,1.12,1.00
2016.05.06 07:30:16.764,1.66617,1.66668,1.50,1.00
2016.05.06 07:30:17.217,1.66617,1.66666,1.50,1.00
2016.05.06 07:30:17.555,1.66617,1.66663,1.12,1.00
2016.05.06 07:30:17.657,1.66615,1.66662,1.00,1.00
2016.05.06 07:30:17.765,1.6661,1.66666,1.50,1.00
2016.05.06 07:30:18.267,1.6661,1.66667,1.50,1.87
2016.05.06 07:30:18.918,1.6661,1.66656,1.50,1.00
2016.05.06 07:30:18.968,1.66605,1.66656,1.50,1.00
2016.05.06 07:30:19.069,1.66608,1.6666,1.00,1.00
2016.05.06 07:30:19.865,1.66609,1.66661,1.00,1.12
2016.05.06 07:30:20.170,1.66619,1.66663,1.00,1.00
2016.05.06 07:30:20.271,1.66613,1.66665,1.50,1.00
2016.05.06 07:30:21.111,1.66612,1.66666,1.12,1.00
2016.05.06 07:30:21.273,1.66612,1.66663,1.12,1.00
2016.05.06 07:30:21.599,1.66612,1.6666,1.00,1.00
2016.05.06 07:30:21.851,1.66604,1.66656,1.37,1.00
2016.05.06 07:30:21.902,1.66604,1.66661,1.37,1.12
2016.05.06 07:30:22.449,1.66607,1.66666,1.00,2.25
2016.05.06 07:30:22.727,1.66604,1.66664,3.37,1.75
2016.05.06 07:30:25.451,1.66614,1.66665,1.00,1.75
2016.05.06 07:30:25.786,1.6662,1.66671,1.75,1.00
2016.05.06 07:30:26.349,1.6662,1.66672,1.75,1.00
2016.05.06 07:30:26.889,1.6662,1.66671,1.75,1.00
2016.05.06 07:30:27.349,1.66621,1.66674,1.75,1.00
2016.05.06 07:30:27.892,1.6662,1.66675,2.25,1.00
2016.05.06 07:30:28.406,1.66621,1.66674,1.75,1.00
2016.05.06 07:30:29.296,1.6662,1.66675,2.25,1.00
2016.05.06 07:30:29.847,1.66621,1.66674,1.75,1.00
2016.05.06 07:30:30.099,1.66625,1.66677,1.00,1.00
2016.05.06 07:30:30.283,1.66626,1.6668,1.00,1.12
2016.05.06 07:30:30.333,1.66626,1.6668,1.37,1.00
2016.05.06 07:30:30.651,1.6663,1.66682,2.25,1.00
2016.05.06 07:30:30.953,1.66642,1.66681,1.00,1.00
2016.05.06 07:30:31.004,1.66642,1.66689,1.50,1.12
2016.05.06 07:30:31.057,1.66645,1.6669,1.00,1.50
2016.05.06 07:30:31.162,1.6665,1.66696,1.12,1.00
2016.05.06 07:30:31.297,1.6665,1.66702,1.87,1.00
2016.05.06 07:30:31.348,1.66652,1.66702,1.00,1.00
2016.05.06 07:30:31.853,1.66651,1.66703,1.00,1.00
2016.05.06 07:30:32.355,1.66651,1.66699,1.00,1.00
2016.05.06 07:30:32.623,1.66639,1.66693,1.12,1.00
2016.05.06 07:30:32.875,1.66636,1.6669,1.75,1.00
2016.05.06 07:30:33.208,1.66633,1.6669,1.37,1.37
2016.05.06 07:30:33.273,1.66633,1.6669,1.00,1.75
2016.05.06 07:30:33.589,1.66634,1.66686,1.00,1.00
2016.05.06 07:30:34.411,1.66633,1.66687,1.00,1.50
2016.05.06 07:30:35.001,1.66634,1.66686,1.00,1.00
2016.05.06 07:30:35.681,1.66633,1.66687,1.00,1.50
2016.05.06 07:30:36.015,1.66637,1.66687,1.00,1.00
2016.05.06 07:30:36.654,1.66637,1.66686,1.00,1.00
2016.05.06 07:30:36.969,1.66638,1.66689,1.75,1.00
2016.05.06 07:30:37.221,1.6664,1.66692,1.50,1.00
2016.05.06 07:30:37.322,1.66643,1.66695,1.00,1.00
2016.05.06 07:30:37.870,1.66642,1.66696,1.12,1.50
2016.05.06 07:30:38.420,1.66643,1.66695,1.00,1.00
2016.05.06 07:30:38.621,1.6664,1.66692,1.50,1.00
2016.05.06 07:30:39.033,1.66638,1.66689,1.75,1.00
2016.05.06 07:30:39.634,1.66638,1.66687,1.75,1.00
2016.05.06 07:30:39.735,1.66633,1.66679,1.00,1.00
2016.05.06 07:30:39.786,1.6663,1.6667,1.12,1.00
2016.05.06 07:30:39.836,1.66628,1.6667,1.00,1.50
2016.05.06 07:30:40.011,1.66612,1.66667,1.50,1.00
2016.05.06 07:30:40.479,1.66614,1.66665,1.00,1.00
2016.05.06 07:30:40.781,1.66611,1.66662,1.75,1.00
2016.05.06 07:30:41.525,1.66614,1.66662,1.00,1.00
2016.05.06 07:30:41.835,1.66612,1.66666,1.50,1.00
2016.05.06 07:30:42.386,1.66614,1.66665,1.00,1.00
2016.05.06 07:30:42.888,1.66614,1.66666,1.00,1.00
2016.05.06 07:30:43.390,1.66613,1.66665,1.12,1.00
2016.05.06 07:30:44.082,1.66614,1.66665,1.00,1.00
2016.05.06 07:30:44.851,1.66613,1.66666,1.12,1.00
2016.05.06 07:30:45.389,1.66613,1.66665,1.87,1.00
2016.05.06 07:30:46.139,1.66613,1.66666,1.12,1.00
2016.05.06 07:30:46.215,1.66613,1.66666,1.50,1.00
2016.05.06 07:30:46.788,1.66618,1.66665,1.00,1.00
2016.05.06 07:30:47.461,1.66618,1.66666,1.00,1.00
2016.05.06 07:30:48.054,1.66621,1.66673,1.00,1.00
2016.05.06 07:30:48.263,1.66618,1.66676,1.50,1.50
2016.05.06 07:30:48.583,1.66624,1.66676,1.00,1.00
2016.05.06 07:30:51.037,1.6662,1.66676,1.00,1.50
2016.05.06 07:30:51.425,1.66619,1.66673,1.00,1.00
2016.05.06 07:30:51.727,1.66618,1.66666,1.00,1.00
2016.05.06 07:30:51.778,1.66617,1.66668,1.37,1.00
2016.05.06 07:30:51.829,1.66617,1.6667,1.00,1.50
2016.05.06 07:30:51.879,1.66617,1.66666,1.00,1.00
2016.05.06 07:30:52.561,1.66617,1.66667,1.00,1.00
2016.05.06 07:30:54.441,1.66617,1.66666,1.00,1.00
2016.05.06 07:30:54.944,1.66613,1.66666,1.00,1.00
2016.05.06 07:30:55.448,1.66612,1.66656,1.00,1.00
2016.05.06 07:30:55.650,1.66595,1.66653,1.00,1.75
2016.05.06 07:30:56.266,1.66593,1.66653,3.00,1.75
2016.05.06 07:30:56.930,1.66594,1.66649,1.12,1.00
2016.05.06 07:30:57.082,1.66594,1.66649,1.00,2.25
2016.05.06 07:30:57.550,1.66593,1.66643,1.00,1.00
2016.05.06 07:30:57.651,1.6659,1.66641,1.50,1.50
2016.05.06 07:30:57.752,1.66594,1.66642,1.00,1.00
2016.05.06 07:30:57.803,1.66594,1.66645,1.00,1.12
2016.05.06 07:30:58.344,1.66593,1.66645,1.50,1.12
2016.05.06 07:30:58.995,1.66594,1.66646,1.00,1.50
2016.05.06 07:31:03.360,1.66592,1.66644,1.00,1.00
2016.05.06 07:31:03.461,1.66589,1.66646,1.00,2.25
2016.05.06 07:31:03.595,1.66586,1.66646,1.50,2.25
2016.05.06 07:31:03.730,1.6659,1.6664,1.00,1.00
2016.05.06 07:31:03.882,1.66576,1.66632,1.00,1.75
2016.05.06 07:31:04.048,1.66573,1.66631,2.62,1.50
2016.05.06 07:31:04.250,1.66572,1.66626,1.87,1.00
2016.05.06 07:31:04.351,1.66574,1.66628,1.00,1.00
2016.05.06 07:31:04.402,1.66574,1.66624,1.00,1.75
2016.05.06 07:31:04.452,1.66571,1.66624,1.00,1.75
2016.05.06 07:31:04.503,1.66577,1.66623,1.00,1.75
2016.05.06 07:31:04.735,1.66575,1.66623,1.00,1.75
2016.05.06 07:31:05.264,1.66574,1.66624,1.50,1.75
2016.05.06 07:31:05.901,1.66575,1.66624,1.00,1.75
2016.05.06 07:31:06.314,1.66575,1.66623,1.50,1.00
2016.05.06 07:31:07.183,1.66581,1.66627,1.00,1.50
2016.05.06 07:31:07.468,1.66577,1.66631,1.50,1.75
2016.05.06 07:31:07.913,1.66574,1.6663,1.50,1.75
2016.05.06 07:31:08.218,1.66576,1.66624,1.00,1.00
2016.05.06 07:31:08.817,1.66576,1.66625,1.00,1.00
2016.05.06 07:31:09.344,1.66576,1.66624,1.00,1.00
2016.05.06 07:31:09.870,1.66576,1.66625,1.00,1.50
2016.05.06 07:31:11.048,1.66576,1.66624,1.00,1.50
2016.05.06 07:31:11.574,1.66576,1.66625,1.00,1.50
2016.05.06 07:31:11.878,1.66573,1.66604,1.50,1.00
2016.05.06 07:31:11.929,1.66557,1.66604,1.82,1.00
2016.05.06 07:31:13.697,1.66554,1.66604,1.00,1.00
2016.05.06 07:31:14.231,1.66553,1.66604,1.00,1.00
2016.05.06 07:31:14.782,1.66552,1.66604,1.00,1.00
2016.05.06 07:31:14.833,1.66549,1.66604,1.50,1.00
2016.05.06 07:31:15.006,1.66549,1.66596,1.50,1.00
2016.05.06 07:31:15.056,1.66548,1.66603,1.50,1.00
2016.05.06 07:31:15.648,1.66549,1.66603,1.00,1.00
2016.05.06 07:31:16.174,1.66549,1.66604,1.00,1.00
2016.05.06 07:31:17.336,1.66551,1.66604,1.00,1.00
2016.05.06 07:31:17.891,1.66552,1.66603,1.00,1.00
2016.05.06 07:31:18.411,1.66551,1.66604,1.50,1.50
2016.05.06 07:31:19.096,1.66552,1.66603,1.00,1.00
2016.05.06 07:31:19.447,1.66551,1.66604,3.37,1.00
2016.05.06 07:31:19.814,1.66551,1.66604,1.00,1.00
2016.05.06 07:31:20.150,1.66549,1.66603,1.50,1.00
2016.05.06 07:31:20.200,1.66549,1.66598,1.00,1.00
2016.05.06 07:31:20.951,1.66549,1.66599,1.00,1.00
2016.05.06 07:31:21.469,1.66549,1.666,1.50,1.00
2016.05.06 07:31:22.003,1.66549,1.66601,1.00,1.00
2016.05.06 07:31:22.505,1.66549,1.666,1.50,1.00
2016.05.06 07:31:22.950,1.66549,1.66604,2.25,1.00
2016.05.06 07:31:23.000,1.66549,1.66604,2.62,1.00
2016.05.06 07:31:23.051,1.66551,1.66606,1.12,1.00
2016.05.06 07:31:23.253,1.66555,1.66608,1.75,1.00
2016.05.06 07:31:23.303,1.66555,1.66606,1.75,1.00
2016.05.06 07:31:23.752,1.6655,1.66603,1.00,1.50
2016.05.06 07:31:23.919,1.6655,1.66597,1.00,1.00
2016.05.06 07:31:24.070,1.66546,1.66603,1.75,1.00
2016.05.06 07:31:24.296,1.66545,1.66601,1.75,1.00
2016.05.06 07:31:25.263,1.66543,1.66598,1.12,1.00
2016.05.06 07:31:26.315,1.66542,1.66596,1.12,1.00
2016.05.06 07:31:26.366,1.66541,1.66596,3.00,1.00
2016.05.06 07:31:26.869,1.66541,1.66597,2.25,1.00
2016.05.06 07:31:26.970,1.66542,1.66593,1.50,1.00
2016.05.06 07:31:27.273,1.66535,1.66586,1.00,1.00
2016.05.06 07:31:27.324,1.66537,1.66588,1.00,1.50
2016.05.06 07:31:27.475,1.66536,1.66589,1.00,1.00
2016.05.06 07:31:28.120,1.66537,1.66588,1.00,1.00
2016.05.06 07:31:28.822,1.66536,1.66589,1.00,1.00
2016.05.06 07:31:29.328,1.66538,1.66592,1.00,1.00
2016.05.06 07:31:29.429,1.66543,1.66593,1.00,1.12
2016.05.06 07:31:29.530,1.6654,1.66596,1.37,1.87
2016.05.06 07:31:29.581,1.66542,1.66596,1.00,1.50
2016.05.06 07:31:30.093,1.66541,1.66596,1.12,1.00
2016.05.06 07:31:31.224,1.66541,1.66597,1.12,1.00
2016.05.06 07:31:31.325,1.66541,1.66597,1.00,1.37
2016.05.06 07:31:32.001,1.6654,1.66596,1.00,1.75
2016.05.06 07:31:32.153,1.66536,1.66589,1.00,1.00
2016.05.06 07:31:32.710,1.66537,1.66588,1.00,1.00
2016.05.06 07:31:33.779,1.66536,1.66589,1.00,1.00
2016.05.06 07:31:35.088,1.66534,1.66585,1.12,1.00
2016.05.06 07:31:35.392,1.66528,1.66581,1.00,1.12
2016.05.06 07:31:35.958,1.66529,1.6658,1.00,1.00
2016.05.06 07:31:36.109,1.66534,1.6658,1.00,1.00
2016.05.06 07:31:36.160,1.66534,1.66583,1.00,1.00
2016.05.06 07:31:36.694,1.66534,1.6658,1.00,1.00
2016.05.06 07:31:37.179,1.66539,1.6658,1.50,1.00
2016.05.06 07:31:37.280,1.66544,1.66592,1.00,1.12
2016.05.06 07:31:37.331,1.66544,1.66595,1.00,1.12
2016.05.06 07:31:37.445,1.66544,1.66599,1.00,1.12
2016.05.06 07:31:38.063,1.66543,1.66599,1.00,1.12
2016.05.06 07:31:38.198,1.66543,1.66599,1.00,1.50
2016.05.06 07:31:38.468,1.66544,1.66594,1.00,1.00
2016.05.06 07:31:38.620,1.66539,1.6659,1.00,1.00
2016.05.06 07:31:38.671,1.66537,1.66589,1.00,1.00
2016.05.06 07:31:38.772,1.66535,1.66586,1.00,1.00
2016.05.06 07:31:39.160,1.66534,1.66588,1.12,1.00
2016.05.06 07:31:39.210,1.66534,1.66585,1.00,1.37
2016.05.06 07:31:39.543,1.66534,1.66579,1.00,1.00
2016.05.06 07:31:39.593,1.66534,1.66585,1.00,1.75
2016.05.06 07:31:39.644,1.66534,1.66585,1.37,1.37
2016.05.06 07:31:39.695,1.66534,1.66586,1.50,1.00
2016.05.06 07:31:39.803,1.66533,1.66589,2.25,1.00
2016.05.06 07:31:40.317,1.66534,1.6659,1.50,1.00
2016.05.06 07:31:41.263,1.66536,1.66589,1.00,1.00
2016.05.06 07:31:41.809,1.66534,1.66585,1.12,1.00
2016.05.06 07:31:42.159,1.66534,1.66573,1.00,1.00
2016.05.06 07:31:42.210,1.6652,1.66567,1.75,1.00
2016.05.06 07:31:42.261,1.6652,1.66567,1.00,1.75
2016.05.06 07:31:42.362,1.66515,1.66571,1.00,1.12
2016.05.06 07:31:42.413,1.66527,1.66577,1.00,1.75
2016.05.06 07:31:42.463,1.66527,1.66577,1.00,1.00
2016.05.06 07:31:42.514,1.66523,1.66574,1.12,1.00
2016.05.06 07:31:42.615,1.66516,1.66567,1.50,1.00
2016.05.06 07:31:42.666,1.66516,1.66567,1.00,1.00
2016.05.06 07:31:44.373,1.66515,1.66568,1.50,1.00
2016.05.06 07:31:44.474,1.66518,1.66571,1.00,1.75
2016.05.06 07:31:45.117,1.66519,1.6657,1.00,1.50
2016.05.06 07:31:46.420,1.66518,1.66571,1.00,1.75
2016.05.06 07:31:47.324,1.66519,1.6657,1.00,1.50
2016.05.06 07:31:47.425,1.66516,1.66568,1.00,1.00
2016.05.06 07:31:48.126,1.66515,1.66569,1.50,1.12
2016.05.06 07:31:49.260,1.66516,1.66568,1.00,1.00
2016.05.06 07:31:50.633,1.66515,1.66569,1.50,1.12
2016.05.06 07:31:51.434,1.66516,1.66568,1.00,1.00
2016.05.06 07:31:52.036,1.66515,1.66569,1.50,1.12
2016.05.06 07:31:52.453,1.66515,1.66566,1.50,1.00
2016.05.06 07:31:53.089,1.66515,1.66565,1.00,1.00
2016.05.06 07:31:53.665,1.66514,1.66565,1.50,1.00
2016.05.06 07:31:53.992,1.66517,1.66568,2.25,1.00
2016.05.06 07:31:54.694,1.66517,1.66569,1.50,1.00
2016.05.06 07:31:55.267,1.66517,1.66568,2.25,1.00
2016.05.06 07:31:55.813,1.66518,1.66569,1.37,1.00
2016.05.06 07:31:56.349,1.66518,1.66568,1.37,1.00
2016.05.06 07:31:56.986,1.66518,1.66569,1.37,1.00
2016.05.06 07:31:57.862,1.66518,1.66568,1.37,1.00
2016.05.06 07:31:59.104,1.66518,1.66569,1.37,1.00
2016.05.06 07:31:59.554,1.66514,1.66565,1.00,1.00
2016.05.06 07:32:00.565,1.66514,1.66566,1.00,1.00
2016.05.06 07:32:01.110,1.66514,1.66565,1.50,1.00
2016.05.06 07:32:01.161,1.6652,1.66565,1.00,1.00
2016.05.06 07:32:01.212,1.6652,1.6657,1.00,1.75
2016.05.06 07:32:01.312,1.66515,1.66571,1.00,1.75
2016.05.06 07:32:01.526,1.66518,1.66571,1.00,1.75
2016.05.06 07:32:01.677,1.66515,1.6657,1.00,2.25
2016.05.06 07:32:02.860,1.66507,1.66558,2.62,1.12
2016.05.06 07:32:02.911,1.66507,1.66558,2.25,1.50
2016.05.06 07:32:02.962,1.66502,1.66556,1.00,1.00
2016.05.06 07:32:03.168,1.66503,1.66552,1.00,1.00
2016.05.06 07:32:04.016,1.66503,1.66553,1.00,1.00
2016.05.06 07:32:04.123,1.665,1.66553,1.50,1.00
2016.05.06 07:32:04.795,1.66501,1.66552,1.00,1.00
2016.05.06 07:32:05.394,1.665,1.66553,1.00,1.00
2016.05.06 07:32:06.016,1.66501,1.66552,1.00,1.00
2016.05.06 07:32:06.138,1.66497,1.66544,1.75,1.00
2016.05.06 07:32:06.189,1.66495,1.66544,1.00,1.00
2016.05.06 07:32:06.462,1.66497,1.66543,1.00,1.00
2016.05.06 07:32:06.524,1.66497,1.66546,1.00,1.50
2016.05.06 07:32:07.471,1.66497,1.66547,1.50,1.50
2016.05.06 07:32:07.730,1.66499,1.66553,1.50,1.00
2016.05.06 07:32:07.781,1.66503,1.66555,1.00,1.50
2016.05.06 07:32:08.180,1.66505,1.66555,1.00,1.00
2016.05.06 07:32:08.281,1.66505,1.66557,1.00,1.50
2016.05.06 07:32:08.832,1.66504,1.66557,1.00,1.50
2016.05.06 07:32:09.945,1.66504,1.66546,1.00,1.00
2016.05.06 07:32:10.132,1.66504,1.66554,1.00,1.00
2016.05.06 07:32:10.265,1.66504,1.66546,1.00,1.00
2016.05.06 07:32:10.417,1.66502,1.66546,1.00,1.00
2016.05.06 07:32:10.518,1.66503,1.66554,1.00,1.87
2016.05.06 07:32:10.619,1.66508,1.66556,1.00,1.00
2016.05.06 07:32:11.321,1.66499,1.66556,2.25,1.50
2016.05.06 07:32:11.485,1.66499,1.66554,2.25,1.00
2016.05.06 07:32:11.990,1.66499,1.66553,1.37,1.37
2016.05.06 07:32:12.092,1.66498,1.66547,1.00,1.50
2016.05.06 07:32:12.143,1.66493,1.66543,1.12,1.00
2016.05.06 07:32:12.244,1.66496,1.66547,1.00,1.75
2016.05.06 07:32:12.473,1.665,1.66553,1.00,1.00
2016.05.06 07:32:12.524,1.66497,1.66553,1.00,1.00
2016.05.06 07:32:12.575,1.665,1.66551,1.50,1.00
2016.05.06 07:32:13.095,1.665,1.66552,1.00,1.00
2016.05.06 07:32:13.397,1.66497,1.66543,1.00,1.00
2016.05.06 07:32:13.528,1.66494,1.66546,1.87,1.87
2016.05.06 07:32:13.579,1.66499,1.66545,1.00,1.00
2016.05.06 07:32:13.629,1.66499,1.6655,1.00,1.00
2016.05.06 07:32:13.889,1.665,1.66545,1.00,1.00
2016.05.06 07:32:13.990,1.66484,1.6654,2.62,1.00
2016.05.06 07:32:14.041,1.66484,1.66536,1.87,1.00
2016.05.06 07:32:14.193,1.66484,1.66534,1.12,1.00
2016.05.06 07:32:14.344,1.66479,1.6653,1.00,1.00
2016.05.06 07:32:14.446,1.66484,1.66531,1.00,1.00
2016.05.06 07:32:14.682,1.6649,1.66546,2.25,1.00
2016.05.06 07:32:14.784,1.66488,1.66537,2.25,1.00
2016.05.06 07:32:14.885,1.66489,1.66542,1.75,1.00
2016.05.06 07:32:14.936,1.66489,1.66542,1.00,1.75
2016.05.06 07:32:15.142,1.66489,1.66543,1.00,1.00
2016.05.06 07:32:15.298,1.66491,1.66542,1.00,1.00
2016.05.06 07:32:15.399,1.66494,1.66547,1.00,1.00
2016.05.06 07:32:15.450,1.66489,1.6654,1.00,1.00
2016.05.06 07:32:15.721,1.66469,1.66526,1.00,1.75
2016.05.06 07:32:15.973,1.66465,1.66519,1.37,1.00
2016.05.06 07:32:16.548,1.66467,1.66518,1.00,1.00
2016.05.06 07:32:16.701,1.66477,1.66535,1.00,1.50
2016.05.06 07:32:16.853,1.6648,1.66535,1.00,1.50
2016.05.06 07:32:17.155,1.66487,1.66541,1.00,1.00
2016.05.06 07:32:17.532,1.66487,1.66537,1.00,1.00
2016.05.06 07:32:17.905,1.66484,1.66537,1.37,1.37
2016.05.06 07:32:17.955,1.66484,1.66535,1.00,1.00
2016.05.06 07:32:18.056,1.66484,1.66537,1.50,1.00
2016.05.06 07:32:20.410,1.6648,1.66538,2.25,2.25
2016.05.06 07:32:20.511,1.66481,1.66537,1.87,1.87
2016.05.06 07:32:20.562,1.66481,1.66536,1.00,1.50
2016.05.06 07:32:21.062,1.66481,1.66533,1.50,1.00
2016.05.06 07:32:21.663,1.66482,1.66532,1.00,1.00
2016.05.06 07:32:21.964,1.66483,1.66536,1.00,2.25
2016.05.06 07:32:22.466,1.66484,1.66535,1.00,1.12
2016.05.06 07:32:23.468,1.66483,1.66536,1.00,2.25
2016.05.06 07:32:23.969,1.66484,1.66535,1.00,1.12
2016.05.06 07:32:24.239,1.66488,1.66538,1.00,1.75
2016.05.06 07:32:24.290,1.66485,1.66541,1.50,1.00
2016.05.06 07:32:24.565,1.66485,1.66536,1.00,1.00
2016.05.06 07:32:25.774,1.66485,1.6654,1.00,1.00
2016.05.06 07:32:26.379,1.66485,1.66537,1.00,1.00
2016.05.06 07:32:26.860,1.6648,1.66536,1.50,1.37
2016.05.06 07:32:27.120,1.66481,1.66537,1.87,1.37
2016.05.06 07:32:27.170,1.66486,1.66537,1.00,1.00
2016.05.06 07:32:27.671,1.66486,1.66536,1.00,1.00
2016.05.06 07:32:29.090,1.66486,1.66537,1.00,1.00
2016.05.06 07:32:30.091,1.66486,1.66536,1.00,1.00
2016.05.06 07:32:30.793,1.66484,1.66536,1.00,1.12
2016.05.06 07:32:30.894,1.66481,1.66534,1.00,1.00
2016.05.06 07:32:30.945,1.66481,1.66532,1.00,1.75
2016.05.06 07:32:30.996,1.66476,1.66528,1.00,1.00
2016.05.06 07:32:31.097,1.66475,1.66525,1.00,1.00
2016.05.06 07:32:31.198,1.66478,1.66529,1.00,1.12
2016.05.06 07:32:32.500,1.66477,1.6653,1.00,1.50
2016.05.06 07:32:33.001,1.66478,1.66529,1.00,1.12
2016.05.06 07:32:33.505,1.66477,1.6653,1.00,1.50
2016.05.06 07:32:34.109,1.66478,1.66529,1.00,1.12
2016.05.06 07:32:35.708,1.66477,1.6653,1.00,2.25
2016.05.06 07:32:35.925,1.66478,1.66527,1.00,1.00
2016.05.06 07:32:36.209,1.66474,1.66527,1.00,1.00
2016.05.06 07:32:36.310,1.66471,1.6653,1.12,2.25
2016.05.06 07:32:36.411,1.66473,1.66527,1.00,1.00
2016.05.06 07:32:37.512,1.66477,1.6653,1.00,1.50
2016.05.06 07:32:37.815,1.66478,1.66529,1.37,1.00
2016.05.06 07:32:38.675,1.66477,1.6653,1.50,1.00
2016.05.06 07:32:40.133,1.6648,1.66529,1.00,1.00
2016.05.06 07:32:40.234,1.66484,1.66534,1.00,1.00
2016.05.06 07:32:40.835,1.66483,1.66536,1.00,1.87
2016.05.06 07:32:40.936,1.66477,1.66536,1.50,2.62
2016.05.06 07:32:45.191,1.66484,1.66535,1.00,1.12
2016.05.06 07:32:45.777,1.66484,1.66535,1.37,1.12
2016.05.06 07:32:45.978,1.66483,1.66537,1.75,1.00
2016.05.06 07:32:46.516,1.66482,1.66536,3.37,1.00
2016.05.06 07:32:48.141,1.66484,1.66535,1.75,1.00
2016.05.06 07:32:50.344,1.66482,1.66536,1.87,1.50
2016.05.06 07:32:50.446,1.66484,1.66538,1.75,1.00
2016.05.06 07:32:50.597,1.66487,1.66534,1.50,1.00
2016.05.06 07:32:50.854,1.66488,1.66543,2.62,1.00
2016.05.06 07:32:51.296,1.66489,1.66546,1.12,1.00
2016.05.06 07:32:52.450,1.66493,1.66547,2.25,1.00
2016.05.06 07:32:52.952,1.66494,1.66546,1.50,1.00
2016.05.06 07:32:53.568,1.66497,1.66548,1.00,1.00
2016.05.06 07:32:53.870,1.66496,1.66546,1.87,1.00
2016.05.06 07:32:53.971,1.66495,1.66549,1.75,1.50
2016.05.06 07:32:54.022,1.66495,1.66549,1.00,1.50
2016.05.06 07:32:54.256,1.66495,1.66552,1.37,1.37
2016.05.06 07:32:54.307,1.66499,1.66553,1.00,3.00
2016.05.06 07:32:54.809,1.66499,1.66552,1.00,1.00
2016.05.06 07:32:55.362,1.66499,1.66553,1.00,2.25
2016.05.06 07:32:55.730,1.66499,1.66546,1.00,1.00
2016.05.06 07:32:55.917,1.66499,1.66553,1.00,2.25
2016.05.06 07:32:55.967,1.66499,1.6655,1.00,1.00
2016.05.06 07:32:56.270,1.66476,1.6653,1.12,1.00
2016.05.06 07:32:56.636,1.66476,1.66527,1.12,1.00
2016.05.06 07:32:56.737,1.66476,1.6653,1.12,1.00
2016.05.06 07:32:56.939,1.66476,1.66526,1.12,1.00
2016.05.06 07:32:57.443,1.66478,1.66529,1.50,1.00
2016.05.06 07:32:57.544,1.66478,1.66529,1.12,1.00
2016.05.06 07:32:58.206,1.66477,1.6653,1.37,1.00
2016.05.06 07:32:58.257,1.66477,1.66526,1.37,1.00
2016.05.06 07:32:58.458,1.66477,1.6653,1.37,1.00
2016.05.06 07:32:59.065,1.66478,1.66529,1.12,1.00
2016.05.06 07:32:59.799,1.66477,1.6653,1.37,1.00
2016.05.06 07:33:00.318,1.66478,1.66529,1.12,1.00
2016.05.06 07:33:00.881,1.66477,1.6653,1.37,1.00
2016.05.06 07:33:01.487,1.66478,1.66529,1.12,1.00
2016.05.06 07:33:01.882,1.66483,1.6653,1.00,1.00
2016.05.06 07:33:01.933,1.66483,1.66534,1.50,1.12
2016.05.06 07:33:02.034,1.66483,1.66531,1.00,1.00
2016.05.06 07:33:02.141,1.6648,1.66531,1.00,1.00
2016.05.06 07:33:02.242,1.66484,1.66531,1.00,1.00
2016.05.06 07:33:02.293,1.66484,1.66534,1.00,1.12
2016.05.06 07:33:02.444,1.66482,1.66534,1.50,1.12
2016.05.06 07:33:02.495,1.66477,1.66536,1.37,2.25
2016.05.06 07:33:02.659,1.66484,1.66537,1.00,1.75
2016.05.06 07:33:02.760,1.66481,1.66534,1.00,1.12
2016.05.06 07:33:02.987,1.66485,1.66537,1.00,2.25
2016.05.06 07:33:03.807,1.66494,1.66537,1.00,1.75
2016.05.06 07:33:05.342,1.66494,1.66538,1.00,1.00
2016.05.06 07:33:05.693,1.66494,1.66542,1.00,1.50
2016.05.06 07:33:05.895,1.66493,1.66539,1.12,1.00
2016.05.06 07:33:05.996,1.66493,1.66542,1.12,1.00
2016.05.06 07:33:06.097,1.66494,1.66546,1.00,1.00
2016.05.06 07:33:06.618,1.66493,1.66546,1.12,1.00
2016.05.06 07:33:06.719,1.66493,1.66548,1.12,1.12
2016.05.06 07:33:06.820,1.66495,1.66546,1.00,1.00
2016.05.06 07:33:07.399,1.66494,1.66547,1.00,1.00
2016.05.06 07:33:08.249,1.66495,1.66546,1.00,1.00
2016.05.06 07:33:10.407,1.66494,1.66547,1.50,1.00
2016.05.06 07:33:10.956,1.66495,1.66546,1.00,1.00
2016.05.06 07:33:11.303,1.66501,1.66552,1.00,1.00
2016.05.06 07:33:11.667,1.66509,1.66557,1.50,1.00
2016.05.06 07:33:14.858,1.66508,1.66556,1.75,1.00
2016.05.06 07:33:16.719,1.66511,1.66556,1.00,1.00
2016.05.06 07:33:17.022,1.66515,1.66556,1.00,1.00
2016.05.06 07:33:17.675,1.66515,1.66557,1.00,1.00
2016.05.06 07:33:20.191,1.66515,1.66547,1.00,1.00
2016.05.06 07:33:20.291,1.6651,1.66547,1.00,1.00
2016.05.06 07:33:20.392,1.66496,1.66547,1.12,1.00
2016.05.06 07:33:20.653,1.66496,1.66545,1.12,1.00
2016.05.06 07:33:21.329,1.66496,1.66546,1.12,1.50
2016.05.06 07:33:21.719,1.66494,1.66546,1.75,1.50
2016.05.06 07:33:22.231,1.66494,1.66545,2.25,1.00
2016.05.06 07:33:22.732,1.66494,1.66546,1.75,1.50
2016.05.06 07:33:23.430,1.66494,1.66545,1.75,1.00
2016.05.06 07:33:23.584,1.66493,1.66536,1.75,1.00
2016.05.06 07:33:24.569,1.66494,1.66545,1.75,1.00
2016.05.06 07:33:24.869,1.66494,1.66536,1.75,1.00
2016.05.06 07:33:26.416,1.66494,1.66545,2.25,1.00
2016.05.06 07:33:26.633,1.66494,1.66545,1.50,1.00
2016.05.06 07:33:26.972,1.66492,1.66536,1.00,1.00
2016.05.06 07:33:27.073,1.6649,1.66536,1.00,1.00
2016.05.06 07:33:27.174,1.66491,1.66526,1.00,1.00
2016.05.06 07:33:27.225,1.66481,1.66526,1.12,1.00
2016.05.06 07:33:27.376,1.66475,1.6653,1.37,1.00
2016.05.06 07:33:27.551,1.66477,1.66532,1.37,1.00
2016.05.06 07:33:27.703,1.66478,1.66532,1.00,1.00
2016.05.06 07:33:28.347,1.66477,1.66532,1.00,1.00
2016.05.06 07:33:28.398,1.66475,1.66532,2.25,1.00
2016.05.06 07:33:28.549,1.66479,1.66532,1.00,1.00
2016.05.06 07:33:28.865,1.66484,1.66532,1.00,1.00
2016.05.06 07:33:29.025,1.66484,1.66536,1.00,2.25
2016.05.06 07:33:29.749,1.66488,1.66538,1.00,1.00
2016.05.06 07:33:29.924,1.66488,1.66542,2.25,1.00
2016.05.06 07:33:30.227,1.66489,1.6654,1.00,1.00
2016.05.06 07:33:30.328,1.66485,1.66537,1.00,1.12
2016.05.06 07:33:30.731,1.66483,1.66536,1.00,1.00
2016.05.06 07:33:31.176,1.66485,1.66536,1.00,1.00
2016.05.06 07:33:31.756,1.66486,1.66536,1.00,1.00
2016.05.06 07:33:32.331,1.66485,1.66536,1.00,1.00
2016.05.06 07:33:32.957,1.66486,1.66536,1.00,1.00
2016.05.06 07:33:33.211,1.66488,1.6654,1.00,1.00
2016.05.06 07:33:33.262,1.66486,1.66537,1.50,1.00
2016.05.06 07:33:33.363,1.66483,1.6654,3.00,1.00
2016.05.06 07:33:33.557,1.66485,1.66543,1.75,1.87
2016.05.06 07:33:33.710,1.66485,1.66536,1.75,1.00
2016.05.06 07:33:33.811,1.66485,1.66543,1.75,1.12
2016.05.06 07:33:34.712,1.66485,1.66537,1.75,1.00
2016.05.06 07:33:35.120,1.66485,1.66543,1.75,1.12
2016.05.06 07:33:37.238,1.66485,1.66543,1.87,1.12
2016.05.06 07:33:37.578,1.66487,1.66543,1.12,1.00
2016.05.06 07:33:37.629,1.66488,1.66545,1.75,1.00
2016.05.06 07:33:37.680,1.66491,1.66542,1.50,1.00
2016.05.06 07:33:37.780,1.66492,1.66546,1.37,1.50
2016.05.06 07:33:38.274,1.66497,1.66548,1.00,1.12
2016.05.06 07:33:38.695,1.66513,1.66565,1.00,1.75
2016.05.06 07:33:38.746,1.66513,1.66565,1.00,1.00
2016.05.06 07:33:39.315,1.66512,1.66566,1.12,1.50
2016.05.06 07:33:40.175,1.66513,1.66565,1.00,1.00
2016.05.06 07:33:40.776,1.66512,1.66566,1.12,1.00
2016.05.06 07:33:41.455,1.66513,1.66565,1.00,1.00
2016.05.06 07:33:42.078,1.66512,1.66566,1.12,1.50
2016.05.06 07:33:42.835,1.66513,1.66565,1.00,1.00
2016.05.06 07:33:43.096,1.6651,1.66563,1.75,1.00
2016.05.06 07:33:43.616,1.6651,1.66562,1.75,1.00
2016.05.06 07:33:44.167,1.66509,1.66563,2.25,1.00
2016.05.06 07:33:44.687,1.6651,1.66562,1.75,1.00
2016.05.06 07:33:45.234,1.6651,1.66556,1.75,1.00
2016.05.06 07:33:45.385,1.6651,1.66556,1.00,1.87
2016.05.06 07:33:45.543,1.66495,1.66547,1.75,1.37
2016.05.06 07:33:45.594,1.66493,1.66544,1.37,1.00
2016.05.06 07:33:45.896,1.66508,1.6656,1.00,1.00
2016.05.06 07:33:45.947,1.66508,1.66557,1.00,1.00
2016.05.06 07:33:46.741,1.66507,1.66557,1.00,1.00
2016.05.06 07:33:46.792,1.66507,1.66561,1.00,1.50
2016.05.06 07:33:47.439,1.66507,1.66556,1.00,1.00
2016.05.06 07:33:48.040,1.66507,1.66561,1.00,1.00
2016.05.06 07:33:48.158,1.66507,1.66557,1.00,1.00
2016.05.06 07:33:48.561,1.66505,1.66557,1.00,2.25
2016.05.06 07:33:48.662,1.66502,1.66557,1.00,1.50
2016.05.06 07:33:48.763,1.66502,1.66546,1.00,1.00
2016.05.06 07:33:48.864,1.66498,1.66546,1.75,1.00
2016.05.06 07:33:49.186,1.66492,1.66546,1.37,1.12
2016.05.06 07:33:49.236,1.66492,1.66544,1.37,1.00
2016.05.06 07:33:49.600,1.66489,1.66541,1.87,1.00
2016.05.06 07:33:49.651,1.66489,1.66541,1.12,1.37
2016.05.06 07:33:49.852,1.66488,1.66536,1.00,1.00
2016.05.06 07:33:49.903,1.66486,1.66536,1.00,1.00
2016.05.06 07:33:50.055,1.66486,1.66538,1.00,1.00
2016.05.06 07:33:50.598,1.66485,1.66539,2.25,1.12
2016.05.06 07:33:50.649,1.66488,1.66542,1.00,1.75
2016.05.06 07:33:51.080,1.6649,1.66542,1.00,1.75
2016.05.06 07:33:51.434,1.66493,1.66545,1.00,2.62
2016.05.06 07:33:51.486,1.66493,1.66545,1.00,1.50
2016.05.06 07:33:51.637,1.66492,1.66547,1.12,1.00
2016.05.06 07:33:51.891,1.665,1.66553,1.00,1.75
2016.05.06 07:33:51.941,1.665,1.66552,1.00,1.37
2016.05.06 07:33:51.992,1.665,1.66552,1.00,1.00
2016.05.06 07:33:52.043,1.665,1.66556,1.00,1.50
2016.05.06 07:33:52.559,1.66502,1.66556,1.00,1.00
2016.05.06 07:33:52.865,1.66505,1.66559,1.37,1.37
2016.05.06 07:33:52.966,1.66504,1.66561,1.75,1.00
2016.05.06 07:33:53.067,1.66508,1.66562,1.00,1.12
2016.05.06 07:33:53.404,1.66507,1.66566,2.25,1.00
2016.05.06 07:33:53.710,1.66507,1.66557,1.75,1.00
2016.05.06 07:33:54.214,1.66507,1.66556,1.75,1.00
2016.05.06 07:33:59.085,1.66514,1.66566,1.00,1.50
2016.05.06 07:33:59.223,1.66514,1.66561,1.00,1.00
2016.05.06 07:33:59.725,1.66514,1.66562,1.00,1.00
2016.05.06 07:34:00.028,1.66513,1.66564,1.00,1.00
2016.05.06 07:34:00.549,1.66514,1.66564,1.00,1.00
2016.05.06 07:34:00.650,1.66517,1.66566,1.00,1.00
2016.05.06 07:34:00.953,1.66524,1.66571,1.00,1.00
2016.05.06 07:34:01.388,1.66534,1.66572,1.00,1.00
2016.05.06 07:34:01.439,1.66534,1.66577,1.00,1.37
2016.05.06 07:34:01.490,1.66524,1.66576,1.75,1.00
2016.05.06 07:34:02.086,1.66524,1.66577,1.75,1.00
2016.05.06 07:34:02.137,1.66532,1.66577,1.37,1.00
2016.05.06 07:34:02.188,1.66534,1.66585,1.75,1.00
2016.05.06 07:34:02.238,1.66534,1.66583,1.75,1.00
2016.05.06 07:34:02.339,1.66534,1.66586,1.75,1.00
2016.05.06 07:34:02.390,1.66531,1.66576,1.75,1.00
2016.05.06 07:34:02.497,1.66531,1.66583,1.00,1.00
2016.05.06 07:34:02.598,1.66523,1.6658,2.62,1.00
2016.05.06 07:34:02.901,1.66524,1.66576,1.75,1.00
2016.05.06 07:34:03.689,1.66523,1.66567,1.87,1.00
2016.05.06 07:34:03.790,1.66516,1.66564,1.00,1.00
2016.05.06 07:34:03.841,1.66521,1.66564,1.00,1.00
2016.05.06 07:34:03.942,1.6651,1.66562,1.37,1.00
2016.05.06 07:34:04.043,1.66508,1.66554,1.37,1.00
2016.05.06 07:34:04.402,1.66501,1.66555,1.00,1.50
2016.05.06 07:34:04.453,1.66501,1.66555,1.00,1.87
2016.05.06 07:34:04.705,1.66503,1.66556,1.00,1.00
2016.05.06 07:34:04.856,1.66503,1.66558,1.00,1.00
2016.05.06 07:34:05.008,1.66501,1.66556,1.50,1.00
2016.05.06 07:34:05.330,1.66506,1.66562,1.37,1.37
2016.05.06 07:34:05.381,1.66511,1.66566,1.12,1.00
2016.05.06 07:34:05.483,1.66518,1.66572,1.37,1.87
2016.05.06 07:34:05.534,1.66518,1.66575,1.50,2.25
2016.05.06 07:34:05.635,1.66518,1.66572,1.50,1.00
2016.05.06 07:34:06.146,1.6652,1.66571,1.00,1.00
2016.05.06 07:34:06.469,1.66521,1.66575,1.00,2.25
2016.05.06 07:34:06.570,1.66524,1.66571,1.00,1.00
2016.05.06 07:34:06.671,1.66519,1.66571,1.12,1.00
2016.05.06 07:34:07.348,1.66518,1.66572,1.50,1.50
2016.05.06 07:34:07.449,1.66516,1.66569,1.75,1.00
2016.05.06 07:34:07.958,1.66519,1.6657,1.12,1.00
2016.05.06 07:34:08.278,1.6652,1.66574,1.00,1.00
2016.05.06 07:34:08.781,1.66524,1.66574,1.12,1.00
2016.05.06 07:34:09.331,1.66523,1.66574,1.75,1.00
2016.05.06 07:34:09.834,1.66524,1.66574,1.00,1.00
2016.05.06 07:34:10.368,1.66523,1.66574,1.00,1.00
2016.05.06 07:34:10.733,1.66526,1.66574,1.50,1.00
2016.05.06 07:34:11.036,1.66556,1.666,1.12,1.00
2016.05.06 07:34:11.087,1.66556,1.66611,1.87,1.50
2016.05.06 07:34:11.137,1.66556,1.66608,1.12,1.00
2016.05.06 07:34:11.466,1.66553,1.66604,1.75,1.00
2016.05.06 07:34:11.969,1.66551,1.66605,1.75,1.00
2016.05.06 07:34:12.861,1.66554,1.66604,1.50,1.00
2016.05.06 07:34:13.308,1.66557,1.66608,1.00,1.00
2016.05.06 07:34:13.819,1.66556,1.66609,1.12,1.00
2016.05.06 07:34:14.168,1.66554,1.66612,2.25,2.62
2016.05.06 07:34:14.682,1.66556,1.66611,1.12,1.00
2016.05.06 07:34:15.223,1.66556,1.66612,1.12,1.12
2016.05.06 07:34:19.175,1.66557,1.66611,1.00,1.00
2016.05.06 07:34:19.684,1.66558,1.6661,1.00,1.00
2016.05.06 07:34:21.189,1.66557,1.66611,1.00,1.00
2016.05.06 07:34:21.731,1.66558,1.6661,1.00,1.00
2016.05.06 07:34:22.192,1.66563,1.66616,1.00,1.75
2016.05.06 07:34:22.393,1.66565,1.66619,1.50,1.00
2016.05.06 07:34:23.015,1.66566,1.66618,1.12,1.00
2016.05.06 07:34:23.317,1.66564,1.66615,1.75,1.00
2016.05.06 07:34:24.007,1.66564,1.66616,1.75,1.00
2016.05.06 07:34:24.309,1.66561,1.6661,1.00,1.00
2016.05.06 07:34:24.410,1.66556,1.6661,1.75,1.00
2016.05.06 07:34:25.095,1.66557,1.66609,1.50,1.00
2016.05.06 07:34:25.252,1.66557,1.66609,1.00,1.12
2016.05.06 07:34:25.903,1.66556,1.6661,1.00,2.25
2016.05.06 07:34:26.505,1.66554,1.66606,1.50,1.00
2016.05.06 07:34:26.909,1.66553,1.66604,1.12,1.00
2016.05.06 07:34:27.720,1.66553,1.66603,1.12,1.00
2016.05.06 07:34:28.223,1.66553,1.66603,1.00,1.37
2016.05.06 07:34:28.564,1.66554,1.66598,1.00,1.00
2016.05.06 07:34:28.614,1.66545,1.66599,1.37,1.00
2016.05.06 07:34:29.141,1.66546,1.66598,1.12,1.00
2016.05.06 07:34:29.916,1.66545,1.66599,1.37,1.00
2016.05.06 07:34:30.437,1.66549,1.66602,1.00,1.12
2016.05.06 07:34:30.941,1.66547,1.666,1.00,1.00
2016.05.06 07:34:31.472,1.66548,1.66599,1.00,1.00
2016.05.06 07:34:32.727,1.66554,1.66599,1.00,1.00
2016.05.06 07:34:33.077,1.66553,1.66603,1.00,1.37
2016.05.06 07:34:33.730,1.66554,1.66603,1.00,1.37
2016.05.06 07:34:34.271,1.66553,1.66604,1.00,1.50
2016.05.06 07:34:34.732,1.66554,1.66604,1.00,1.00
2016.05.06 07:34:34.832,1.66554,1.66607,1.00,1.00
2016.05.06 07:34:35.237,1.66563,1.66608,1.00,1.00
2016.05.06 07:34:35.338,1.66554,1.66608,1.00,1.00
2016.05.06 07:34:36.720,1.66555,1.66607,1.00,1.00
2016.05.06 07:34:37.421,1.66554,1.66608,1.00,1.50
2016.05.06 07:34:38.556,1.66555,1.66607,1.00,1.50
2016.05.06 07:34:39.724,1.66555,1.66606,1.00,1.00
2016.05.06 07:34:40.264,1.66554,1.66607,1.75,1.00
2016.05.06 07:34:41.351,1.66563,1.66608,1.00,1.00
2016.05.06 07:34:42.153,1.66563,1.66609,1.00,1.00
2016.05.06 07:34:42.555,1.66564,1.66611,1.00,1.00
2016.05.06 07:34:42.857,1.66573,1.66617,1.00,1.12
2016.05.06 07:34:43.059,1.66564,1.66616,1.00,1.00
2016.05.06 07:34:43.261,1.66574,1.66617,1.00,1.87
2016.05.06 07:34:43.663,1.66574,1.66613,1.00,1.00
2016.05.06 07:34:44.359,1.66574,1.66614,1.00,1.00
2016.05.06 07:34:44.560,1.66564,1.66613,1.00,1.75
2016.05.06 07:34:44.611,1.66564,1.66599,1.00,1.00
2016.05.06 07:34:44.762,1.6655,1.66599,1.00,1.00
2016.05.06 07:34:44.863,1.66548,1.66597,1.00,1.00
2016.05.06 07:34:45.046,1.66544,1.66595,1.00,1.00
2016.05.06 07:34:45.198,1.66544,1.66591,1.00,1.00
2016.05.06 07:34:45.299,1.66543,1.66593,1.00,1.00
2016.05.06 07:34:45.400,1.66543,1.66593,1.00,1.75
2016.05.06 07:34:45.603,1.66544,1.66593,1.00,1.50
2016.05.06 07:34:45.654,1.66544,1.66591,1.00,1.00
2016.05.06 07:34:45.755,1.66544,1.66593,1.00,1.00
2016.05.06 07:34:46.185,1.66551,1.66594,1.12,1.00
2016.05.06 07:34:46.286,1.66552,1.666,1.00,1.00
2016.05.06 07:34:46.538,1.66554,1.66601,1.00,1.00
2016.05.06 07:34:46.740,1.66545,1.66601,1.87,1.00
2016.05.06 07:34:47.055,1.66553,1.66601,1.00,1.00
2016.05.06 07:34:47.570,1.66554,1.66601,1.00,1.00
2016.05.06 07:34:47.822,1.66544,1.66597,2.25,1.00
2016.05.06 07:34:47.873,1.66545,1.66595,1.12,1.00
2016.05.06 07:34:48.024,1.66545,1.66597,1.12,1.00
2016.05.06 07:34:48.276,1.66553,1.66598,1.00,1.50
2016.05.06 07:34:48.377,1.66545,1.66598,1.12,1.50
2016.05.06 07:34:48.681,1.66554,1.66598,1.00,1.50
2016.05.06 07:34:49.390,1.66554,1.66594,1.00,1.50
2016.05.06 07:34:49.542,1.66544,1.66591,1.50,1.00
2016.05.06 07:34:50.046,1.66544,1.6659,1.50,1.00
2016.05.06 07:34:50.362,1.66543,1.66593,1.75,1.00
2016.05.06 07:34:50.981,1.66553,1.66593,1.00,1.00
2016.05.06 07:34:51.501,1.66553,1.66595,1.00,1.00
2016.05.06 07:34:51.652,1.66544,1.66595,3.00,1.00
2016.05.06 07:34:51.703,1.66547,1.66599,1.00,1.00
2016.05.06 07:34:51.904,1.66547,1.66599,1.75,1.00
2016.05.06 07:34:52.408,1.66553,1.666,1.00,1.00
2016.05.06 07:34:52.986,1.66553,1.66597,1.00,1.00
2016.05.06 07:34:53.538,1.66553,1.66596,1.00,1.00
2016.05.06 07:34:54.050,1.66553,1.66597,1.00,1.00
2016.05.06 07:34:54.876,1.66553,1.66596,1.00,1.00
2016.05.06 07:34:55.399,1.66553,1.66597,1.00,1.00
2016.05.06 07:34:55.454,1.66544,1.66597,1.00,1.00
2016.05.06 07:34:56.256,1.66545,1.66596,1.00,1.00
2016.05.06 07:34:56.895,1.66544,1.66597,1.00,1.00
2016.05.06 07:34:57.401,1.66545,1.66596,1.00,1.00
2016.05.06 07:34:57.800,1.66544,1.66594,1.00,1.00
2016.05.06 07:34:58.462,1.66543,1.66595,1.00,1.00
2016.05.06 07:34:59.004,1.66543,1.66594,1.00,1.00
2016.05.06 07:34:59.605,1.66543,1.66595,1.00,1.00
2016.05.06 07:35:00.242,1.66544,1.66595,1.00,1.00
2016.05.06 07:35:00.545,1.66543,1.66591,1.00,1.00
2016.05.06 07:35:00.739,1.66543,1.666,1.00,1.50
2016.05.06 07:35:00.890,1.66553,1.666,1.00,1.50
2016.05.06 07:35:00.991,1.66541,1.666,1.87,1.50
2016.05.06 07:35:01.042,1.66545,1.66601,1.00,1.75
2016.05.06 07:35:01.344,1.66554,1.66601,1.00,1.00
2016.05.06 07:35:01.887,1.66553,1.66602,1.00,1.00
2016.05.06 07:35:02.649,1.66553,1.66601,1.00,1.00
2016.05.06 07:35:03.020,1.66553,1.6659,1.00,1.50
2016.05.06 07:35:03.172,1.66553,1.66593,1.00,1.00
2016.05.06 07:35:03.373,1.66544,1.66593,1.00,1.00
2016.05.06 07:35:03.754,1.66554,1.66593,1.00,1.00
2016.05.06 07:35:04.265,1.66554,1.66596,1.00,1.00
2016.05.06 07:35:04.316,1.66554,1.66599,1.00,1.00
2016.05.06 07:35:04.707,1.66553,1.66597,1.00,1.00
2016.05.06 07:35:05.208,1.66553,1.66596,1.00,1.00
2016.05.06 07:35:05.855,1.66553,1.66597,1.00,1.00
2016.05.06 07:35:06.363,1.66554,1.66596,1.00,1.00
2016.05.06 07:35:06.891,1.66543,1.66597,1.50,1.00
2016.05.06 07:35:07.043,1.66545,1.66599,1.00,1.00
2016.05.06 07:35:07.350,1.66553,1.66598,1.00,1.50
2016.05.06 07:35:07.725,1.66553,1.66595,1.00,1.00
2016.05.06 07:35:08.371,1.66554,1.66596,1.00,1.37
2016.05.06 07:35:08.920,1.66554,1.66591,1.00,1.00
2016.05.06 07:35:09.172,1.66544,1.6659,1.00,1.50
2016.05.06 07:35:10.044,1.66544,1.66588,1.00,1.50
2016.05.06 07:35:10.376,1.66534,1.66583,1.50,1.00
2016.05.06 07:35:10.680,1.66534,1.66578,1.00,1.12
2016.05.06 07:35:11.069,1.66533,1.66585,1.00,1.75
2016.05.06 07:35:11.171,1.66544,1.66586,1.00,1.00
2016.05.06 07:35:11.581,1.66554,1.66596,1.00,2.25
2016.05.06 07:35:12.126,1.66553,1.66598,1.00,3.00
2016.05.06 07:35:12.779,1.66554,1.66597,1.00,2.25
2016.05.06 07:35:12.880,1.66554,1.66597,1.00,1.50
2016.05.06 07:35:13.534,1.66553,1.66598,1.00,1.50
2016.05.06 07:35:14.036,1.66553,1.66597,1.00,1.50
2016.05.06 07:35:14.186,1.66553,1.66592,1.00,1.00
2016.05.06 07:35:14.714,1.66544,1.66592,1.00,1.50
2016.05.06 07:35:14.884,1.66554,1.66592,1.00,1.50
2016.05.06 07:35:15.491,1.66553,1.66592,1.00,1.00
2016.05.06 07:35:15.593,1.66553,1.66597,1.00,1.12
2016.05.06 07:35:16.138,1.66554,1.66597,1.00,1.12
2016.05.06 07:35:16.390,1.66547,1.66597,1.00,1.12
2016.05.06 07:35:16.492,1.66554,1.66597,1.00,1.12
2016.05.06 07:35:17.140,1.66553,1.66598,1.00,1.50
2016.05.06 07:35:19.402,1.66554,1.66597,1.00,1.12
2016.05.06 07:35:20.240,1.66554,1.66599,1.00,1.00
2016.05.06 07:35:20.556,1.66554,1.66601,1.00,1.00
2016.05.06 07:35:21.060,1.66554,1.66602,1.00,1.00
2016.05.06 07:35:21.595,1.66554,1.66605,1.00,3.00
2016.05.06 07:35:21.803,1.66564,1.66605,1.00,1.50
2016.05.06 07:35:22.005,1.66563,1.6661,1.00,1.00
2016.05.06 07:35:22.517,1.66563,1.66609,1.00,1.00
2016.05.06 07:35:23.019,1.66564,1.66613,1.00,1.75
2016.05.06 07:35:23.171,1.66564,1.66609,1.00,1.00
2016.05.06 07:35:23.423,1.66557,1.66607,1.00,1.00
2016.05.06 07:35:23.474,1.66555,1.66606,1.00,1.00
2016.05.06 07:35:24.415,1.66564,1.66611,1.00,3.37
2016.05.06 07:35:24.616,1.66555,1.66613,1.00,2.25
2016.05.06 07:35:24.667,1.66558,1.66615,1.00,3.75
2016.05.06 07:35:25.018,1.66564,1.66616,1.00,1.75
2016.05.06 07:35:25.325,1.66574,1.66618,1.00,1.37
2016.05.06 07:35:26.228,1.66573,1.66621,1.00,1.75
2016.05.06 07:35:26.480,1.66574,1.66621,1.00,1.37
2016.05.06 07:35:26.531,1.66574,1.66621,1.00,1.00
2016.05.06 07:35:26.632,1.66583,1.66625,1.00,1.00
2016.05.06 07:35:27.084,1.66584,1.66623,1.00,1.00
2016.05.06 07:35:27.648,1.66584,1.66624,1.00,1.00
2016.05.06 07:35:27.982,1.66594,1.66623,1.00,1.00
2016.05.06 07:35:28.033,1.66573,1.66627,1.50,2.25
2016.05.06 07:35:28.134,1.66584,1.66627,1.00,1.50
2016.05.06 07:35:28.455,1.66593,1.66628,1.00,1.75
2016.05.06 07:35:28.618,1.66583,1.66626,1.00,1.12
2016.05.06 07:35:28.720,1.66583,1.66625,1.00,1.37
2016.05.06 07:35:29.237,1.66584,1.66625,1.00,1.75
2016.05.06 07:35:29.776,1.66583,1.66624,1.00,1.75
2016.05.06 07:35:30.315,1.66584,1.66622,1.00,1.50
2016.05.06 07:35:30.944,1.66575,1.66626,1.00,1.12
2016.05.06 07:35:31.045,1.66584,1.66625,1.00,1.75
2016.05.06 07:35:31.146,1.66574,1.66623,1.00,1.75
2016.05.06 07:35:31.652,1.66574,1.66619,1.00,1.00
2016.05.06 07:35:32.486,1.66574,1.66618,1.00,1.00
2016.05.06 07:35:32.537,1.66574,1.66614,1.00,1.00
2016.05.06 07:35:33.121,1.66574,1.66615,1.00,1.00
2016.05.06 07:35:33.649,1.66574,1.66614,1.00,1.00
2016.05.06 07:35:34.199,1.66574,1.66615,1.00,1.00
2016.05.06 07:35:34.418,1.66574,1.66621,1.00,1.37
2016.05.06 07:35:34.953,1.66583,1.66621,1.00,1.37
2016.05.06 07:35:36.007,1.66584,1.6662,1.00,1.12
2016.05.06 07:35:36.109,1.66573,1.6662,1.00,1.12
2016.05.06 07:35:36.412,1.66574,1.6662,1.00,1.50
2016.05.06 07:35:36.732,1.66574,1.6662,1.00,1.87
2016.05.06 07:35:37.293,1.66573,1.66615,1.00,1.37
2016.05.06 07:35:38.209,1.66573,1.66612,1.00,1.00
2016.05.06 07:35:39.012,1.66574,1.66613,1.00,1.00
2016.05.06 07:35:39.612,1.66574,1.66612,1.00,1.00
2016.05.06 07:35:40.041,1.66574,1.66612,1.00,1.37
2016.05.06 07:35:40.211,1.66564,1.66608,1.00,1.37
2016.05.06 07:35:40.570,1.66564,1.66612,1.00,1.37
2016.05.06 07:35:40.715,1.66564,1.66612,1.00,1.00
2016.05.06 07:35:40.812,1.66574,1.66612,1.00,1.00
2016.05.06 07:35:41.016,1.66564,1.66612,1.00,1.00
2016.05.06 07:35:41.166,1.66564,1.66612,1.00,1.37
2016.05.06 07:35:41.590,1.66564,1.66606,1.00,2.25
2016.05.06 07:35:41.914,1.66574,1.66611,1.00,1.75
2016.05.06 07:35:42.127,1.66564,1.66611,1.00,1.75
2016.05.06 07:35:42.196,1.66564,1.66606,1.00,1.00
2016.05.06 07:35:42.347,1.66553,1.66605,1.00,1.00
2016.05.06 07:35:42.398,1.66553,1.66602,1.00,1.12
2016.05.06 07:35:42.741,1.66563,1.66602,1.00,1.12
2016.05.06 07:35:42.948,1.66554,1.66601,1.00,1.75
2016.05.06 07:35:43.696,1.66553,1.66598,1.00,1.75
2016.05.06 07:35:44.602,1.66553,1.66599,1.00,1.37
2016.05.06 07:35:44.791,1.66553,1.66602,1.00,1.00
2016.05.06 07:35:45.727,1.66553,1.66603,1.00,1.00
2016.05.06 07:35:46.265,1.66553,1.66602,1.00,1.00
2016.05.06 07:35:46.736,1.66554,1.66599,1.00,1.00
2016.05.06 07:35:47.240,1.66553,1.666,1.00,1.00
2016.05.06 07:35:47.788,1.66554,1.666,1.00,1.00
2016.05.06 07:35:48.261,1.66554,1.66603,1.00,1.00
2016.05.06 07:35:48.778,1.66554,1.66602,1.00,1.00
2016.05.06 07:35:48.829,1.66553,1.666,1.00,1.00
2016.05.06 07:35:49.166,1.66553,1.666,1.00,1.87
2016.05.06 07:35:49.628,1.66543,1.666,1.50,1.87
2016.05.06 07:35:50.148,1.66544,1.66595,1.00,1.50
2016.05.06 07:35:50.200,1.66544,1.66595,1.00,1.87
2016.05.06 07:35:50.706,1.66544,1.66588,1.00,1.00
2016.05.06 07:35:50.842,1.66533,1.66588,1.00,1.00
2016.05.06 07:35:51.049,1.66543,1.66588,1.00,1.00
2016.05.06 07:35:51.504,1.66544,1.66588,1.00,1.37
2016.05.06 07:35:52.292,1.66544,1.66588,1.00,1.87
2016.05.06 07:35:52.653,1.66533,1.66586,1.00,1.75
2016.05.06 07:35:52.754,1.66533,1.6658,1.00,1.00
2016.05.06 07:35:53.104,1.66544,1.66582,1.00,1.12
2016.05.06 07:35:53.653,1.66544,1.66583,1.00,1.12
2016.05.06 07:35:53.704,1.66544,1.66587,1.00,1.50
2016.05.06 07:35:54.006,1.66543,1.66591,1.50,1.00
2016.05.06 07:35:54.057,1.66554,1.66593,1.00,1.00
2016.05.06 07:35:54.108,1.66554,1.666,1.00,1.37
2016.05.06 07:35:54.159,1.66544,1.66601,2.25,1.00
2016.05.06 07:35:54.355,1.66554,1.666,1.00,1.00
2016.05.06 07:35:54.405,1.66554,1.66605,1.00,1.75
2016.05.06 07:35:54.557,1.66545,1.66601,1.75,1.00
2016.05.06 07:35:54.608,1.66544,1.66601,1.37,1.50
2016.05.06 07:35:54.709,1.66544,1.66599,1.00,1.75
2016.05.06 07:35:54.760,1.66554,1.66598,1.00,1.75
2016.05.06 07:35:55.339,1.66553,1.66599,1.00,1.75
2016.05.06 07:35:56.099,1.66553,1.66598,1.00,1.37
2016.05.06 07:35:56.200,1.66553,1.66599,1.00,1.00
2016.05.06 07:35:56.521,1.66554,1.66604,1.00,1.75
2016.05.06 07:35:56.722,1.66554,1.66603,1.00,1.12
2016.05.06 07:35:56.874,1.66554,1.66596,1.00,1.00
2016.05.06 07:35:57.076,1.66546,1.66596,1.00,1.00
2016.05.06 07:35:57.340,1.66553,1.66596,1.00,1.00
2016.05.06 07:35:57.965,1.66553,1.66597,1.00,1.00
2016.05.06 07:35:58.707,1.66553,1.66596,1.00,1.00
2016.05.06 07:36:00.011,1.66553,1.66604,1.00,2.25
2016.05.06 07:36:00.334,1.66553,1.66603,1.00,1.50
2016.05.06 07:36:00.836,1.66554,1.66608,1.00,2.25
2016.05.06 07:36:00.946,1.66564,1.66608,1.00,2.25
2016.05.06 07:36:01.346,1.66553,1.66608,1.00,1.75
2016.05.06 07:36:01.548,1.66564,1.66608,1.00,1.75
2016.05.06 07:36:01.848,1.66564,1.66613,1.00,1.00
2016.05.06 07:36:01.949,1.66556,1.66613,1.00,1.50
2016.05.06 07:36:02.278,1.66563,1.66613,1.00,1.00
2016.05.06 07:36:02.703,1.66563,1.66613,1.00,1.87
2016.05.06 07:36:03.279,1.66564,1.66609,1.00,2.25
2016.05.06 07:36:03.882,1.66563,1.66609,1.00,3.00
2016.05.06 07:36:04.793,1.66564,1.6661,1.00,1.75
2016.05.06 07:36:05.579,1.66563,1.6661,1.00,1.75
2016.05.06 07:36:06.186,1.66564,1.6661,1.00,1.75
2016.05.06 07:36:06.664,1.66564,1.66616,1.00,1.00
2016.05.06 07:36:06.765,1.66574,1.66616,1.00,1.00
2016.05.06 07:36:06.866,1.66563,1.66615,1.00,1.00
2016.05.06 07:36:06.968,1.66574,1.66615,1.00,1.00
2016.05.06 07:36:07.506,1.66574,1.66616,1.00,1.00
2016.05.06 07:36:08.392,1.66574,1.66615,1.00,1.00
2016.05.06 07:36:09.066,1.66573,1.66615,1.00,1.00
2016.05.06 07:36:09.208,1.66574,1.66621,1.00,1.75
2016.05.06 07:36:10.609,1.66573,1.66621,1.00,1.75
2016.05.06 07:36:10.811,1.66573,1.66616,1.00,1.00
2016.05.06 07:36:11.164,1.66566,1.66617,1.00,1.00
2016.05.06 07:36:11.564,1.66574,1.66616,1.00,1.00
2016.05.06 07:36:12.293,1.66574,1.66617,1.00,1.00
2016.05.06 07:36:13.207,1.66574,1.66622,1.00,1.20
2016.05.06 07:36:13.509,1.66593,1.66624,1.00,1.37
2016.05.06 07:36:13.560,1.66593,1.66638,1.00,1.37
2016.05.06 07:36:13.661,1.66593,1.66641,1.00,2.25
2016.05.06 07:36:14.175,1.66594,1.66641,1.00,1.50
2016.05.06 07:36:16.568,1.66593,1.66644,1.00,1.75
2016.05.06 07:36:17.292,1.66594,1.66644,1.00,1.75
2016.05.06 07:36:18.091,1.66593,1.66645,1.00,1.75
2016.05.06 07:36:18.415,1.66604,1.66644,1.00,1.75
2016.05.06 07:36:18.578,1.66594,1.66644,1.00,1.75
2016.05.06 07:36:19.081,1.66586,1.66643,1.50,1.75
2016.05.06 07:36:19.289,1.66594,1.66641,1.00,1.50
2016.05.06 07:36:19.907,1.66593,1.6664,1.00,1.12
2016.05.06 07:36:20.443,1.66594,1.66645,1.00,2.25
2016.05.06 07:36:20.755,1.66593,1.66647,1.00,1.50
2016.05.06 07:36:21.021,1.66603,1.66648,1.00,1.75
2016.05.06 07:36:21.222,1.66594,1.66647,1.00,1.50
2016.05.06 07:36:21.488,1.66604,1.66647,1.00,1.50
2016.05.06 07:36:23.380,1.66594,1.66647,1.00,1.50
2016.05.06 07:36:23.805,1.66593,1.66645,1.00,1.50
2016.05.06 07:36:24.631,1.66594,1.66644,1.00,1.75
2016.05.06 07:36:25.249,1.66593,1.66645,1.50,1.87
2016.05.06 07:36:25.560,1.66604,1.66644,1.00,1.75
2016.05.06 07:36:25.611,1.66604,1.66644,1.00,1.00
2016.05.06 07:36:25.885,1.66593,1.66645,1.50,1.00
2016.05.06 07:36:25.935,1.66599,1.66649,1.00,1.50
2016.05.06 07:36:26.037,1.66595,1.66651,1.75,1.00
2016.05.06 07:36:26.188,1.66604,1.6665,1.00,1.00
2016.05.06 07:36:26.434,1.66604,1.66653,1.00,1.12
2016.05.06 07:36:27.035,1.66604,1.66652,1.00,1.00
2016.05.06 07:36:27.708,1.66603,1.66652,1.00,1.00
2016.05.06 07:36:27.888,1.66614,1.66655,1.00,2.25
2016.05.06 07:36:27.939,1.66614,1.66658,1.00,1.50
2016.05.06 07:36:28.090,1.66606,1.66658,1.00,1.00
2016.05.06 07:36:28.588,1.66608,1.66658,1.00,1.00
2016.05.06 07:36:28.891,1.66614,1.66659,1.00,1.12
2016.05.06 07:36:29.393,1.66614,1.66658,1.00,1.00
2016.05.06 07:36:29.923,1.66613,1.66659,1.00,1.12
2016.05.06 07:36:30.074,1.66606,1.66659,1.00,1.12
2016.05.06 07:36:30.393,1.66614,1.66658,1.00,1.00
2016.05.06 07:36:30.958,1.66614,1.66659,1.00,1.12
2016.05.06 07:36:31.496,1.66613,1.66659,1.00,1.12
2016.05.06 07:36:32.266,1.66613,1.66658,1.00,1.00
2016.05.06 07:36:33.022,1.66614,1.66659,1.00,1.12
2016.05.06 07:36:33.651,1.66614,1.66658,1.00,1.00
2016.05.06 07:36:33.752,1.66607,1.66658,1.00,1.00
2016.05.06 07:36:33.854,1.66614,1.66662,1.00,1.75
2016.05.06 07:36:34.156,1.66609,1.66661,1.00,1.50
2016.05.06 07:36:34.257,1.66614,1.66661,1.00,1.50
2016.05.06 07:36:34.409,1.66614,1.66661,1.00,1.00
2016.05.06 07:36:34.510,1.66614,1.66669,1.00,1.75
2016.05.06 07:36:35.024,1.66613,1.66669,1.00,1.75
2016.05.06 07:36:36.071,1.66611,1.66663,1.00,1.00
2016.05.06 07:36:36.121,1.66609,1.66663,1.12,1.00
2016.05.06 07:36:36.665,1.66607,1.66664,1.75,1.00
2016.05.06 07:36:37.367,1.66614,1.66664,1.00,1.00
2016.05.06 07:36:37.770,1.66614,1.66662,1.00,1.00
2016.05.06 07:36:38.310,1.66613,1.66663,1.00,1.00
2016.05.06 07:36:38.611,1.66605,1.66659,2.25,1.00
2016.05.06 07:36:38.912,1.66603,1.66661,2.62,1.50
2016.05.06 07:36:38.963,1.66603,1.66658,1.87,1.00
2016.05.06 07:36:39.064,1.66603,1.6666,1.00,1.75
2016.05.06 07:36:39.221,1.66605,1.66664,1.37,1.87
2016.05.06 07:36:39.271,1.66606,1.66664,1.00,1.50
2016.05.06 07:36:40.215,1.66607,1.66664,1.00,2.25
2016.05.06 07:36:40.373,1.66614,1.66664,1.00,1.50
2016.05.06 07:36:40.990,1.66613,1.66664,1.00,2.25
2016.05.06 07:36:41.576,1.66614,1.66664,1.00,1.50
2016.05.06 07:36:41.978,1.66607,1.66664,1.00,1.50
2016.05.06 07:36:42.294,1.66613,1.66664,1.00,1.50
2016.05.06 07:36:43.674,1.66606,1.66664,1.50,2.25
2016.05.06 07:36:43.926,1.66608,1.66664,1.00,1.50
2016.05.06 07:36:44.233,1.66614,1.66664,1.00,1.00
2016.05.06 07:36:45.085,1.66613,1.66664,1.00,1.00
2016.05.06 07:36:45.387,1.6661,1.66664,1.00,1.50
2016.05.06 07:36:45.488,1.66613,1.66664,1.00,1.50
2016.05.06 07:36:45.828,1.66607,1.66664,1.50,1.00
2016.05.06 07:36:45.999,1.66614,1.66664,1.00,1.00
2016.05.06 07:36:46.489,1.66617,1.66669,1.00,1.00
2016.05.06 07:36:47.629,1.66616,1.6667,1.00,1.00
2016.05.06 07:36:47.931,1.66614,1.66667,1.50,1.00
2016.05.06 07:36:48.543,1.66614,1.66666,2.25,1.00
2016.05.06 07:36:49.141,1.66613,1.66667,2.25,1.00
2016.05.06 07:36:49.652,1.66614,1.66666,1.50,1.00
2016.05.06 07:36:50.254,1.66614,1.66666,1.12,1.37
2016.05.06 07:36:50.406,1.6661,1.66663,1.00,1.00
2016.05.06 07:36:50.457,1.6661,1.66663,1.00,1.50
2016.05.06 07:36:50.508,1.66607,1.66657,1.12,1.12
2016.05.06 07:36:50.559,1.66605,1.66657,1.00,1.12
2016.05.06 07:36:50.660,1.66603,1.66663,1.50,1.87
2016.05.06 07:36:51.165,1.66604,1.66663,1.00,1.87
2016.05.06 07:36:53.013,1.66604,1.66655,1.00,1.00
2016.05.06 07:36:53.388,1.66602,1.66656,1.00,1.00
2016.05.06 07:36:53.600,1.66604,1.66655,1.00,1.00
2016.05.06 07:36:54.118,1.66604,1.66656,1.00,1.00
2016.05.06 07:36:54.831,1.66604,1.66655,1.00,1.00
2016.05.06 07:36:55.625,1.66604,1.66656,1.00,1.00
2016.05.06 07:36:56.486,1.66605,1.66656,1.50,1.00
2016.05.06 07:36:56.537,1.66607,1.66661,1.37,1.37
2016.05.06 07:36:56.688,1.66611,1.66663,1.12,1.37
2016.05.06 07:36:56.739,1.66613,1.66663,1.00,1.37
2016.05.06 07:36:56.940,1.66611,1.66663,1.00,1.75
2016.05.06 07:36:57.041,1.66614,1.66663,1.00,1.75
2016.05.06 07:36:57.442,1.66605,1.66664,1.12,1.75
2016.05.06 07:36:58.467,1.66603,1.66654,1.37,1.37
2016.05.06 07:37:00.984,1.66604,1.66655,1.00,1.00
2016.05.06 07:37:01.649,1.66605,1.66657,1.00,1.00
2016.05.06 07:37:02.050,1.66608,1.6666,1.00,1.12
2016.05.06 07:37:02.375,1.66614,1.66661,1.00,2.25
2016.05.06 07:37:02.710,1.66607,1.66661,1.00,3.00
2016.05.06 07:37:02.761,1.66605,1.66657,1.00,1.00
2016.05.06 07:37:03.063,1.6661,1.66654,1.00,1.00
2016.05.06 07:37:03.114,1.66613,1.66658,1.00,1.00
2016.05.06 07:37:03.165,1.66613,1.66661,1.75,1.00
2016.05.06 07:37:03.607,1.66613,1.66665,1.00,2.25
2016.05.06 07:37:05.110,1.66614,1.66665,1.00,2.25
2016.05.06 07:37:05.559,1.66617,1.66665,1.00,2.25
2016.05.06 07:37:05.710,1.6663,1.66679,1.00,1.00
2016.05.06 07:37:05.761,1.66634,1.66679,1.00,1.00
2016.05.06 07:37:05.905,1.66634,1.66688,1.00,1.00
2016.05.06 07:37:06.212,1.66634,1.66686,1.00,1.00
2016.05.06 07:37:06.364,1.66628,1.66684,1.00,2.25
2016.05.06 07:37:06.465,1.66629,1.66681,1.00,1.00
2016.05.06 07:37:06.814,1.66627,1.66679,1.00,1.00
2016.05.06 07:37:07.319,1.66626,1.66679,1.00,1.00
2016.05.06 07:37:07.621,1.66619,1.66676,1.00,1.75
2016.05.06 07:37:08.002,1.66624,1.66676,1.00,1.75
2016.05.06 07:37:08.569,1.66622,1.66674,1.00,1.75
2016.05.06 07:37:08.619,1.66624,1.66674,1.00,1.75
2016.05.06 07:37:08.995,1.66633,1.66676,1.00,1.00
2016.05.06 07:37:09.046,1.66633,1.66685,1.00,1.50
2016.05.06 07:37:09.549,1.66634,1.66685,1.00,1.00
2016.05.06 07:37:10.083,1.66633,1.66685,1.50,1.00
2016.05.06 07:37:10.653,1.66634,1.66685,1.00,1.00
2016.05.06 07:37:11.174,1.66633,1.66685,1.50,1.00
2016.05.06 07:37:11.328,1.66633,1.66676,1.00,1.00
2016.05.06 07:37:11.379,1.66627,1.66676,1.50,1.50
2016.05.06 07:37:11.430,1.66627,1.66675,1.12,1.37
2016.05.06 07:37:11.682,1.66644,1.66692,1.00,1.00
2016.05.06 07:37:12.526,1.66641,1.66692,1.00,1.00
2016.05.06 07:37:13.222,1.66642,1.66696,1.00,2.25
2016.05.06 07:37:13.323,1.66646,1.66698,1.00,1.75
2016.05.06 07:37:13.540,1.66648,1.66702,1.00,1.87
2016.05.06 07:37:13.793,1.66649,1.66706,1.75,1.50
2016.05.06 07:37:15.460,1.66654,1.6671,1.00,1.75
2016.05.06 07:37:15.762,1.66655,1.66707,1.00,1.75
2016.05.06 07:37:15.813,1.66654,1.66708,2.25,1.00
2016.05.06 07:37:16.337,1.66647,1.66703,1.12,1.00
2016.05.06 07:37:16.438,1.66645,1.667,1.00,1.00
2016.05.06 07:37:17.024,1.66653,1.66704,1.00,1.00
2016.05.06 07:37:17.589,1.66654,1.66705,1.00,1.12
2016.05.06 07:37:18.521,1.66654,1.66703,1.00,1.00
2016.05.06 07:37:19.092,1.66654,1.66702,1.00,1.00
2016.05.06 07:37:19.532,1.66653,1.667,1.00,1.00
2016.05.06 07:37:19.633,1.66653,1.66702,1.00,1.00
2016.05.06 07:37:20.014,1.66653,1.66699,1.00,1.00
2016.05.06 07:37:20.506,1.66653,1.66697,1.00,1.00
2016.05.06 07:37:21.138,1.66645,1.66697,1.75,1.00
2016.05.06 07:37:21.328,1.66652,1.66705,1.50,1.87
2016.05.06 07:37:21.378,1.66663,1.66705,1.00,1.87
2016.05.06 07:37:21.480,1.66654,1.66705,1.00,1.12
2016.05.06 07:37:21.732,1.66653,1.66703,1.00,1.00
2016.05.06 07:37:21.782,1.66651,1.66703,1.00,1.00
2016.05.06 07:37:21.883,1.66654,1.66703,1.00,1.00
2016.05.06 07:37:22.336,1.66654,1.667,1.00,1.00
2016.05.06 07:37:22.685,1.66654,1.66704,1.00,1.00
2016.05.06 07:37:23.002,1.66653,1.66702,1.00,1.00
2016.05.06 07:37:23.103,1.66653,1.66706,1.00,2.25
2016.05.06 07:37:23.607,1.66654,1.66709,1.00,1.75
2016.05.06 07:37:25.561,1.66664,1.6671,1.00,2.25
2016.05.06 07:37:25.662,1.66664,1.66709,1.00,1.00
2016.05.06 07:37:25.945,1.66657,1.66709,1.00,1.00
2016.05.06 07:37:26.345,1.66657,1.66708,1.00,1.37
2016.05.06 07:37:26.525,1.66654,1.66706,1.00,1.00
2016.05.06 07:37:26.727,1.66653,1.66703,1.00,1.00
2016.05.06 07:37:27.262,1.66654,1.66703,1.00,1.00
2016.05.06 07:37:27.659,1.66653,1.667,1.00,1.75
2016.05.06 07:37:27.710,1.66648,1.667,1.00,1.75
2016.05.06 07:37:28.233,1.66645,1.66697,1.50,1.00
2016.05.06 07:37:28.773,1.66653,1.66697,1.00,1.00
2016.05.06 07:37:28.948,1.66653,1.66704,1.00,1.12
2016.05.06 07:37:29.473,1.66654,1.66704,1.00,1.12
2016.05.06 07:37:30.019,1.66654,1.66703,1.00,1.00
2016.05.06 07:37:30.527,1.66654,1.66702,1.00,1.00
2016.05.06 07:37:31.200,1.66653,1.66702,1.00,1.00
2016.05.06 07:37:31.251,1.66657,1.66706,1.00,1.75
2016.05.06 07:37:31.550,1.66654,1.66705,1.00,1.50
2016.05.06 07:37:33.044,1.66654,1.66703,1.00,1.00
2016.05.06 07:37:33.347,1.66653,1.66701,1.00,1.00
2016.05.06 07:37:33.650,1.66643,1.66691,1.00,1.50
2016.05.06 07:37:33.801,1.66636,1.66691,1.00,1.50
2016.05.06 07:37:33.852,1.66634,1.66692,1.12,3.00
2016.05.06 07:37:33.902,1.66644,1.66692,1.00,3.00
2016.05.06 07:37:34.277,1.66644,1.66688,1.00,1.00
2016.05.06 07:37:34.580,1.66635,1.66689,1.00,1.00
2016.05.06 07:37:34.781,1.66644,1.66688,1.00,1.00
2016.05.06 07:37:35.158,1.66635,1.66689,1.00,1.00
2016.05.06 07:37:35.523,1.66635,1.66689,1.37,1.00
2016.05.06 07:37:35.577,1.66644,1.66695,1.00,1.00
2016.05.06 07:37:35.678,1.66645,1.66697,1.00,1.50
2016.05.06 07:37:35.779,1.66647,1.667,1.00,1.37
2016.05.06 07:37:35.880,1.66647,1.667,1.12,1.00
2016.05.06 07:37:35.981,1.6665,1.66702,1.00,1.00
2016.05.06 07:37:36.285,1.66654,1.66702,1.00,1.00
2016.05.06 07:37:36.594,1.66654,1.66698,1.00,1.00
2016.05.06 07:37:36.865,1.66643,1.66694,1.50,1.00
2016.05.06 07:37:38.148,1.66643,1.66695,1.00,1.00
2016.05.06 07:37:38.464,1.66654,1.66695,1.00,1.00
2016.05.06 07:37:38.565,1.66644,1.66694,1.00,1.00
2016.05.06 07:37:39.952,1.66644,1.66692,1.00,1.50
2016.05.06 07:37:40.255,1.66644,1.66689,1.00,1.50
2016.05.06 07:37:40.505,1.66637,1.66689,1.75,1.50
2016.05.06 07:37:40.556,1.66633,1.6669,1.87,1.37
2016.05.06 07:37:40.707,1.66634,1.66687,1.00,1.00
2016.05.06 07:37:41.010,1.66633,1.66684,1.12,1.00
2016.05.06 07:37:41.537,1.66633,1.66683,1.12,1.00
2016.05.06 07:37:41.848,1.66633,1.66678,1.00,1.00
2016.05.06 07:37:42.159,1.66633,1.66676,1.00,1.50
2016.05.06 07:37:42.962,1.66623,1.66677,1.00,2.25
2016.05.06 07:37:43.956,1.66623,1.66673,1.00,1.00
2016.05.06 07:37:44.504,1.66624,1.66674,1.00,1.00
2016.05.06 07:37:44.805,1.66634,1.66669,1.00,1.00
2016.05.06 07:37:44.992,1.66624,1.66669,1.00,1.12
2016.05.06 07:37:45.093,1.66624,1.66665,1.00,1.00
2016.05.06 07:37:45.462,1.66614,1.66664,1.00,1.00
2016.05.06 07:37:45.974,1.66624,1.66668,1.00,1.00
2016.05.06 07:37:46.489,1.66623,1.66669,1.00,1.12
2016.05.06 07:37:46.808,1.66634,1.66669,1.00,1.12
2016.05.06 07:37:47.562,1.66634,1.66668,1.00,1.00
2016.05.06 07:37:48.365,1.66634,1.66669,1.00,1.12
2016.05.06 07:37:49.468,1.66634,1.66668,1.00,1.00
2016.05.06 07:37:50.007,1.66634,1.66669,1.00,1.87
2016.05.06 07:37:50.208,1.66634,1.66674,1.00,1.00
2016.05.06 07:37:50.360,1.66643,1.66675,1.00,1.00
2016.05.06 07:37:50.503,1.66634,1.66685,1.00,1.37
2016.05.06 07:37:50.605,1.66634,1.66686,1.00,1.00
2016.05.06 07:37:50.656,1.66644,1.66689,1.00,1.50
2016.05.06 07:37:51.059,1.66653,1.66692,1.00,1.75
2016.05.06 07:37:51.600,1.66654,1.66692,1.00,1.00
2016.05.06 07:37:51.651,1.66654,1.66696,1.00,1.37
2016.05.06 07:37:52.154,1.66653,1.66697,1.00,2.25
2016.05.06 07:37:53.476,1.66653,1.66691,1.00,1.00
2016.05.06 07:37:53.578,1.66643,1.66689,1.00,1.00
2016.05.06 07:37:53.679,1.66643,1.66692,1.00,1.50
2016.05.06 07:37:53.729,1.66643,1.66689,1.00,1.00
2016.05.06 07:37:54.002,1.66643,1.66693,1.00,1.00
2016.05.06 07:37:54.355,1.66644,1.66695,1.00,2.62
2016.05.06 07:37:54.406,1.66654,1.66695,1.00,2.62
2016.05.06 07:37:54.658,1.66643,1.66695,1.00,2.62
2016.05.06 07:37:55.289,1.66654,1.66695,1.00,2.62
2016.05.06 07:37:55.983,1.66644,1.66697,1.00,1.50
2016.05.06 07:37:56.034,1.66646,1.66698,1.00,1.75
2016.05.06 07:37:56.336,1.66663,1.66708,1.00,1.00
2016.05.06 07:37:56.788,1.66656,1.66704,1.00,1.00
2016.05.06 07:37:57.090,1.66664,1.66704,1.00,1.00
2016.05.06 07:37:57.292,1.66654,1.66702,1.00,1.00
2016.05.06 07:37:57.841,1.66653,1.66703,1.00,1.00
2016.05.06 07:37:58.342,1.66653,1.66702,1.00,1.00
2016.05.06 07:37:58.796,1.66654,1.66704,1.00,1.00
2016.05.06 07:37:59.020,1.66654,1.66699,1.00,1.00
2016.05.06 07:37:59.523,1.66653,1.66702,1.00,1.75
2016.05.06 07:37:59.624,1.66654,1.66702,1.00,1.00
2016.05.06 07:37:59.775,1.66663,1.66702,1.00,1.00
2016.05.06 07:37:59.927,1.66663,1.66704,1.00,1.00
2016.05.06 07:38:00.177,1.66653,1.66705,1.00,1.00
2016.05.06 07:38:00.229,1.66653,1.66702,1.00,1.00
2016.05.06 07:38:01.503,1.66653,1.66703,1.00,1.00
2016.05.06 07:38:01.805,1.66654,1.667,1.00,1.00
2016.05.06 07:38:02.107,1.66643,1.66689,1.00,1.00
2016.05.06 07:38:02.437,1.66633,1.66686,1.00,1.12
2016.05.06 07:38:02.639,1.66633,1.66684,1.00,1.00
2016.05.06 07:38:02.740,1.66634,1.66687,1.00,1.00
2016.05.06 07:38:02.894,1.66637,1.66688,1.50,1.00
2016.05.06 07:38:03.196,1.66654,1.66702,1.00,1.00
2016.05.06 07:38:03.347,1.66654,1.66704,1.00,1.00
2016.05.06 07:38:03.398,1.66664,1.66704,1.00,1.00
2016.05.06 07:38:03.720,1.66654,1.66703,1.00,1.00
2016.05.06 07:38:04.223,1.66654,1.66702,1.00,1.00
2016.05.06 07:38:04.760,1.66654,1.66701,1.00,1.00
2016.05.06 07:38:04.937,1.66664,1.66701,1.00,1.00
2016.05.06 07:38:06.911,1.66664,1.66702,1.00,1.00
2016.05.06 07:38:07.217,1.66653,1.66697,1.00,1.00
2016.05.06 07:38:07.318,1.66663,1.667,1.00,1.00
2016.05.06 07:38:07.697,1.66654,1.66701,1.00,1.00
2016.05.06 07:38:08.271,1.66654,1.667,1.00,1.00
2016.05.06 07:38:08.775,1.66654,1.66701,1.00,1.00
2016.05.06 07:38:09.146,1.66654,1.66698,1.00,1.00
2016.05.06 07:38:09.197,1.66649,1.66698,1.37,1.00
2016.05.06 07:38:09.248,1.66644,1.66696,2.25,1.00
2016.05.06 07:38:09.449,1.66647,1.66698,1.00,1.00
2016.05.06 07:38:09.752,1.66653,1.66698,1.00,1.00
2016.05.06 07:38:09.802,1.66644,1.66698,1.00,1.00
2016.05.06 07:38:10.219,1.66653,1.66698,1.00,1.00
2016.05.06 07:38:10.320,1.66643,1.66698,2.25,1.00
2016.05.06 07:38:10.631,1.66644,1.66695,1.00,1.00
2016.05.06 07:38:10.934,1.6664,1.66697,1.00,2.25
2016.05.06 07:38:10.984,1.66644,1.66697,1.00,2.25
2016.05.06 07:38:11.257,1.66625,1.6668,1.50,1.12
2016.05.06 07:38:11.307,1.66643,1.66684,1.00,1.75
2016.05.06 07:38:11.408,1.66633,1.66684,1.00,1.75
2016.05.06 07:38:11.559,1.66634,1.66677,1.00,1.00
2016.05.06 07:38:12.100,1.66633,1.66676,1.00,1.00
2016.05.06 07:38:12.405,1.66643,1.66678,1.00,1.00
2016.05.06 07:38:12.556,1.66643,1.66681,1.00,1.50
2016.05.06 07:38:12.859,1.66643,1.66693,1.00,1.75
2016.05.06 07:38:12.960,1.66643,1.66699,1.00,1.75
2016.05.06 07:38:13.190,1.66654,1.66696,1.00,1.12
2016.05.06 07:38:13.241,1.66644,1.66696,1.00,1.12
2016.05.06 07:38:13.543,1.66653,1.66696,1.00,1.12
2016.05.06 07:38:13.745,1.66653,1.66699,1.00,1.00
2016.05.06 07:38:14.047,1.66653,1.66696,1.00,1.00
2016.05.06 07:38:14.245,1.66645,1.66696,1.50,1.00
2016.05.06 07:38:14.448,1.66645,1.66693,1.00,1.00
2016.05.06 07:38:14.994,1.66644,1.66694,1.00,1.75
2016.05.06 07:38:16.348,1.66643,1.66693,1.00,1.50
2016.05.06 07:38:16.751,1.66644,1.66689,1.00,1.00
2016.05.06 07:38:17.300,1.66644,1.66688,1.00,1.00
2016.05.06 07:38:17.838,1.66644,1.66689,1.00,1.00
2016.05.06 07:38:18.396,1.66635,1.66692,1.50,1.12
2016.05.06 07:38:18.498,1.66633,1.6669,2.25,1.00
2016.05.06 07:38:18.858,1.66644,1.6669,1.00,1.00
2016.05.06 07:38:19.545,1.66636,1.66691,1.12,1.00
2016.05.06 07:38:20.111,1.66636,1.6669,1.12,1.00
2016.05.06 07:38:20.593,1.66644,1.6669,1.00,1.00
2016.05.06 07:38:20.794,1.66635,1.66691,2.25,1.00
2016.05.06 07:38:21.447,1.66637,1.6669,1.00,1.00
2016.05.06 07:38:21.970,1.66636,1.6669,1.37,1.00
2016.05.06 07:38:22.486,1.66643,1.6669,1.12,1.00
2016.05.06 07:38:22.691,1.66643,1.66695,1.12,1.50
2016.05.06 07:38:22.792,1.66648,1.66699,1.00,2.62
2016.05.06 07:38:23.195,1.66653,1.66699,1.00,1.12
2016.05.06 07:38:23.549,1.66647,1.66699,1.00,1.12
2016.05.06 07:38:23.876,1.66644,1.66695,1.50,1.00
2016.05.06 07:38:24.179,1.66644,1.66692,1.00,1.00
2016.05.06 07:38:24.727,1.66643,1.66692,1.12,1.00
2016.05.06 07:38:25.279,1.66644,1.66692,1.00,1.00
2016.05.06 07:38:25.380,1.66648,1.66701,1.00,1.75
2016.05.06 07:38:25.696,1.66654,1.66701,1.00,1.75
2016.05.06 07:38:26.599,1.66654,1.66697,1.00,1.00
2016.05.06 07:38:26.801,1.66646,1.66697,1.00,1.00
2016.05.06 07:38:27.120,1.66649,1.667,1.00,1.50
2016.05.06 07:38:27.423,1.66654,1.66701,1.00,1.75
2016.05.06 07:38:30.292,1.66653,1.66701,1.00,2.25
2016.05.06 07:38:30.593,1.66653,1.66697,1.00,1.00
2016.05.06 07:38:31.095,1.66654,1.66697,1.00,1.00
2016.05.06 07:38:31.629,1.66654,1.66698,1.00,1.00
2016.05.06 07:38:33.301,1.66654,1.66697,1.00,1.00
2016.05.06 07:38:34.318,1.66654,1.66698,1.00,1.00
2016.05.06 07:38:35.255,1.66654,1.66697,1.00,1.00
2016.05.06 07:38:35.708,1.66646,1.66698,1.00,1.00
2016.05.06 07:38:35.909,1.66654,1.66699,1.00,1.12
2016.05.06 07:38:37.713,1.66653,1.667,1.00,1.50
2016.05.06 07:38:38.015,1.66664,1.66705,1.00,1.12
2016.05.06 07:38:38.116,1.66654,1.66704,1.00,1.00
2016.05.06 07:38:38.666,1.66654,1.66705,1.00,1.12
2016.05.06 07:38:39.170,1.66654,1.66704,1.00,1.00
2016.05.06 07:38:39.617,1.66664,1.66705,1.00,1.12
2016.05.06 07:38:39.809,1.66654,1.66705,1.00,1.12
2016.05.06 07:38:40.323,1.66655,1.66706,1.00,1.37
2016.05.06 07:38:40.573,1.66663,1.66707,1.00,1.50
2016.05.06 07:38:45.177,1.66655,1.66707,1.00,1.50
2016.05.06 07:38:45.332,1.66654,1.66702,1.00,1.00
2016.05.06 07:38:45.646,1.66663,1.66701,1.00,1.00
2016.05.06 07:38:45.840,1.66654,1.66701,1.00,1.00
2016.05.06 07:38:46.398,1.66653,1.66702,1.00,1.00
2016.05.06 07:38:46.937,1.66653,1.66701,1.00,1.00
2016.05.06 07:38:47.929,1.66653,1.667,1.00,1.00
2016.05.06 07:38:48.523,1.66653,1.66699,1.00,1.50
2016.05.06 07:38:48.851,1.66654,1.66696,1.00,1.00
2016.05.06 07:38:49.356,1.66654,1.66697,1.00,1.00
2016.05.06 07:38:50.024,1.66654,1.66696,1.00,1.00
2016.05.06 07:38:51.061,1.66654,1.66697,1.00,1.00
2016.05.06 07:38:51.562,1.66654,1.66696,1.00,1.00
2016.05.06 07:38:52.164,1.66654,1.667,1.00,1.00
2016.05.06 07:38:52.215,1.66663,1.667,1.00,1.00
2016.05.06 07:38:52.367,1.66663,1.66703,1.00,1.00
2016.05.06 07:38:52.468,1.66655,1.66706,1.00,1.00
2016.05.06 07:38:52.518,1.66664,1.66706,1.00,1.00
2016.05.06 07:38:53.160,1.66663,1.66706,1.00,1.00
2016.05.06 07:38:53.771,1.66663,1.66707,1.00,1.00
2016.05.06 07:38:54.322,1.66664,1.66707,1.00,1.00
2016.05.06 07:38:54.835,1.66664,1.66706,1.00,1.00
2016.05.06 07:38:55.340,1.66663,1.66706,1.00,1.00
2016.05.06 07:38:55.879,1.66663,1.66707,1.00,1.00
2016.05.06 07:38:56.869,1.66663,1.66706,1.00,1.00
2016.05.06 07:38:57.386,1.66663,1.66707,1.00,1.00
2016.05.06 07:38:57.907,1.66663,1.66706,1.00,1.00
2016.05.06 07:38:57.958,1.66663,1.66708,1.00,1.00
2016.05.06 07:38:58.477,1.66663,1.66707,1.00,1.00
2016.05.06 07:38:59.040,1.66663,1.66708,1.00,1.00
2016.05.06 07:38:59.892,1.66663,1.66707,1.00,1.00
2016.05.06 07:39:00.394,1.66663,1.66708,1.00,1.00
2016.05.06 07:39:00.895,1.66663,1.66707,1.00,1.00
2016.05.06 07:39:01.861,1.66663,1.66708,1.00,1.00
2016.05.06 07:39:02.597,1.66655,1.66708,1.00,1.00
2016.05.06 07:39:03.250,1.66656,1.66707,1.00,1.00
2016.05.06 07:39:03.301,1.66654,1.66701,1.12,1.00
2016.05.06 07:39:03.603,1.66653,1.66695,1.00,1.00
2016.05.06 07:39:04.153,1.66653,1.66694,1.00,1.00
2016.05.06 07:39:04.204,1.66645,1.66695,1.37,1.00
2016.05.06 07:39:04.305,1.66645,1.66695,1.00,1.00
2016.05.06 07:39:04.805,1.66654,1.66695,1.00,1.50
2016.05.06 07:39:04.906,1.66645,1.66694,1.00,1.00
2016.05.06 07:39:05.108,1.66654,1.66694,1.00,1.00
2016.05.06 07:39:05.758,1.66653,1.66694,1.00,1.00
2016.05.06 07:39:05.909,1.66654,1.66698,1.00,1.50
2016.05.06 07:39:06.111,1.66654,1.667,1.00,1.00
2016.05.06 07:39:06.212,1.66654,1.66702,1.00,1.50
2016.05.06 07:39:06.514,1.66654,1.66697,1.00,1.00
2016.05.06 07:39:07.010,1.66645,1.66696,1.50,1.00
2016.05.06 07:39:07.111,1.66653,1.66699,1.00,1.00
2016.05.06 07:39:07.615,1.66654,1.667,1.00,1.12
2016.05.06 07:39:08.167,1.66654,1.66699,1.00,1.00
2016.05.06 07:39:08.668,1.66654,1.667,1.00,1.87
2016.05.06 07:39:09.270,1.66654,1.66699,1.00,1.00
2016.05.06 07:39:09.823,1.66654,1.667,1.00,1.87
2016.05.06 07:39:10.525,1.66654,1.66699,1.00,1.00
2016.05.06 07:39:10.826,1.66663,1.667,1.00,1.12
2016.05.06 07:39:11.780,1.66663,1.66699,1.00,1.00
2016.05.06 07:39:12.336,1.66663,1.667,1.00,1.12
2016.05.06 07:39:12.883,1.66663,1.66699,1.00,1.00
2016.05.06 07:39:13.135,1.66654,1.66698,1.00,1.00
2016.05.06 07:39:13.588,1.66654,1.66693,1.00,1.00
2016.05.06 07:39:16.114,1.66644,1.66693,1.00,1.12
2016.05.06 07:39:16.675,1.66643,1.66693,1.00,1.12
2016.05.06 07:39:18.251,1.66653,1.66694,1.00,1.37
2016.05.06 07:39:19.117,1.66654,1.66694,1.00,1.37
2016.05.06 07:39:20.259,1.66654,1.66692,1.00,1.00
2016.05.06 07:39:20.863,1.66654,1.66691,1.00,1.00
2016.05.06 07:39:21.364,1.66654,1.66692,1.00,1.00
2016.05.06 07:39:22.104,1.66654,1.66691,1.00,1.00
2016.05.06 07:39:23.467,1.66654,1.66692,1.00,1.00
2016.05.06 07:39:24.772,1.66654,1.66691,1.00,1.00
2016.05.06 07:39:25.273,1.66654,1.66694,1.00,1.37
2016.05.06 07:39:25.794,1.66644,1.66694,1.00,1.37
2016.05.06 07:39:25.845,1.66653,1.66694,1.00,1.37
2016.05.06 07:39:27.513,1.66643,1.66694,1.37,1.37
2016.05.06 07:39:27.564,1.66653,1.66697,1.00,1.00
2016.05.06 07:39:27.665,1.66653,1.66701,1.00,1.00
2016.05.06 07:39:27.766,1.66663,1.66699,1.00,1.00
2016.05.06 07:39:27.826,1.66654,1.66699,1.00,1.00
2016.05.06 07:39:27.978,1.66654,1.66697,1.00,1.00
2016.05.06 07:39:28.280,1.66654,1.66694,1.00,1.00
2016.05.06 07:39:28.783,1.66653,1.66694,1.00,1.00
2016.05.06 07:39:28.928,1.66643,1.66694,1.00,1.00
2016.05.06 07:39:29.029,1.66654,1.66694,1.00,1.00
2016.05.06 07:39:29.079,1.66654,1.66699,1.00,1.75
2016.05.06 07:39:29.180,1.66654,1.66699,1.00,1.00
2016.05.06 07:39:29.282,1.66654,1.66697,1.00,1.00
2016.05.06 07:39:29.435,1.66645,1.66696,1.75,1.00
2016.05.06 07:39:29.485,1.66654,1.66697,1.00,1.00
2016.05.06 07:39:29.812,1.66662,1.66704,1.00,1.00
2016.05.06 07:39:29.863,1.66663,1.66716,1.00,1.75
2016.05.06 07:39:30.037,1.66674,1.66715,1.00,1.37
2016.05.06 07:39:30.088,1.66674,1.66721,1.00,1.50
2016.05.06 07:39:30.290,1.66674,1.66721,1.00,1.50
2016.05.06 07:39:30.340,1.66683,1.66726,1.00,1.87
2016.05.06 07:39:30.448,1.66674,1.66726,1.00,2.62
2016.05.06 07:39:30.549,1.66674,1.6672,1.00,1.00
2016.05.06 07:39:30.752,1.66674,1.66726,1.00,2.62
2016.05.06 07:39:31.933,1.66672,1.66729,1.00,1.75
2016.05.06 07:39:31.984,1.6667,1.66727,1.37,1.37
2016.05.06 07:39:32.148,1.66678,1.6673,1.00,1.00
2016.05.06 07:39:32.249,1.66683,1.66729,1.00,1.00
2016.05.06 07:39:32.706,1.66683,1.66733,1.00,1.00
2016.05.06 07:39:33.008,1.66684,1.6673,1.00,1.00
2016.05.06 07:39:33.059,1.66675,1.6673,1.00,1.00
2016.05.06 07:39:33.364,1.66684,1.6673,1.00,1.00
2016.05.06 07:39:33.936,1.66675,1.6673,1.00,1.00
2016.05.06 07:39:33.986,1.66679,1.66732,1.00,1.00
2016.05.06 07:39:34.300,1.66694,1.66731,1.00,1.00
2016.05.06 07:39:34.451,1.66684,1.66731,1.00,1.00
2016.05.06 07:39:34.502,1.6668,1.6673,1.00,1.00
2016.05.06 07:39:34.674,1.66676,1.6673,1.00,1.50
2016.05.06 07:39:34.726,1.66675,1.66724,1.00,1.00
2016.05.06 07:39:35.029,1.66674,1.66723,1.00,1.50
2016.05.06 07:39:35.181,1.66667,1.66724,1.00,1.75
2016.05.06 07:39:35.338,1.66673,1.66724,1.00,1.75
2016.05.06 07:39:36.240,1.66667,1.66724,1.00,1.75
2016.05.06 07:39:36.291,1.66672,1.66726,1.00,2.25
2016.05.06 07:39:36.593,1.66687,1.6673,1.12,1.00
2016.05.06 07:39:36.695,1.66685,1.66726,1.00,1.00
2016.05.06 07:39:36.869,1.66679,1.66726,1.00,1.00
2016.05.06 07:39:36.921,1.66673,1.66726,1.00,1.50
2016.05.06 07:39:37.426,1.66673,1.66723,1.00,1.50
2016.05.06 07:39:37.526,1.66669,1.66723,1.00,1.00
2016.05.06 07:39:37.778,1.66674,1.66723,1.00,1.00
2016.05.06 07:39:38.090,1.66667,1.66722,1.37,1.00
2016.05.06 07:39:38.141,1.66667,1.6672,1.37,1.00
2016.05.06 07:39:38.463,1.66684,1.66723,1.00,2.25
2016.05.06 07:39:38.766,1.66683,1.6672,1.00,1.00
2016.05.06 07:39:38.867,1.66684,1.66731,1.00,1.00
2016.05.06 07:39:38.968,1.66684,1.66733,1.00,1.00
2016.05.06 07:39:40.069,1.66683,1.66733,1.87,1.00
2016.05.06 07:39:40.272,1.66684,1.66729,1.00,1.00
2016.05.06 07:39:40.593,1.66676,1.66733,1.00,4.50
2016.05.06 07:39:40.644,1.66673,1.6673,1.37,1.12
2016.05.06 07:39:40.694,1.66683,1.6673,1.00,1.12
2016.05.06 07:39:40.971,1.66674,1.66731,1.12,1.87
2016.05.06 07:39:41.941,1.66675,1.66732,1.00,2.25
2016.05.06 07:39:41.992,1.66684,1.66732,1.00,1.12
2016.05.06 07:39:42.328,1.66683,1.6673,1.37,1.00
2016.05.06 07:39:42.880,1.66683,1.66735,1.37,1.50
2016.05.06 07:39:43.285,1.66684,1.66735,1.00,1.75
2016.05.06 07:39:43.731,1.66683,1.66723,1.00,1.00
2016.05.06 07:39:43.783,1.66677,1.66723,1.12,1.00
2016.05.06 07:39:43.834,1.66677,1.66721,1.12,1.37
2016.05.06 07:39:43.885,1.66674,1.66721,1.00,1.75
2016.05.06 07:39:43.952,1.66664,1.66721,1.12,1.75
2016.05.06 07:39:44.217,1.66669,1.66719,1.00,1.12
2016.05.06 07:39:44.371,1.66673,1.66726,1.00,1.00
2016.05.06 07:39:44.472,1.66676,1.6673,1.12,1.37
2016.05.06 07:39:44.523,1.66676,1.6673,1.50,1.00
2016.05.06 07:39:44.674,1.66684,1.6673,1.00,1.00
2016.05.06 07:39:44.725,1.66684,1.66732,1.00,1.00
2016.05.06 07:39:44.926,1.66685,1.66739,1.12,1.00
2016.05.06 07:39:45.243,1.66693,1.66738,1.00,1.00
2016.05.06 07:39:45.455,1.66684,1.66738,1.50,1.00
2016.05.06 07:39:45.556,1.66694,1.66738,1.00,1.50
2016.05.06 07:39:45.657,1.66684,1.66738,1.50,1.00
2016.05.06 07:39:45.955,1.66694,1.66738,1.00,1.00
2016.05.06 07:39:46.497,1.66704,1.66738,1.00,1.00
2016.05.06 07:39:46.690,1.66693,1.66738,1.00,1.00
2016.05.06 07:39:47.055,1.66694,1.66738,1.00,1.37
2016.05.06 07:39:47.106,1.66684,1.66733,1.00,1.12
2016.05.06 07:39:47.290,1.66687,1.66737,1.00,1.75
2016.05.06 07:39:47.492,1.66686,1.66738,1.00,1.00
2016.05.06 07:39:47.792,1.66693,1.66738,1.00,1.00
2016.05.06 07:39:48.044,1.66683,1.66739,1.12,1.12
2016.05.06 07:39:48.446,1.66694,1.66739,1.00,1.87
2016.05.06 07:39:52.170,1.66694,1.66737,1.00,1.00
2016.05.06 07:39:52.271,1.66683,1.66732,1.12,1.00
2016.05.06 07:39:52.523,1.66683,1.66729,1.12,1.00
2016.05.06 07:39:53.103,1.66684,1.66729,1.00,1.00
2016.05.06 07:39:53.615,1.66684,1.6673,1.00,1.00
2016.05.06 07:39:53.982,1.66679,1.66729,1.00,1.00
2016.05.06 07:39:54.083,1.66684,1.66729,1.00,1.00
2016.05.06 07:39:54.487,1.66675,1.66726,1.00,1.00
2016.05.06 07:39:54.973,1.66675,1.66729,1.00,1.50
2016.05.06 07:39:55.074,1.66684,1.66729,1.00,1.50
2016.05.06 07:39:55.276,1.66675,1.66726,1.50,1.00
2016.05.06 07:39:55.377,1.66677,1.66729,1.00,1.00
2016.05.06 07:39:55.526,1.66684,1.66729,1.00,1.00
2016.05.06 07:39:56.214,1.66684,1.66728,1.00,1.00
2016.05.06 07:39:56.835,1.66684,1.66729,1.00,1.00
2016.05.06 07:39:57.368,1.66684,1.66728,1.00,1.00
2016.05.06 07:39:58.064,1.66684,1.66729,1.00,1.00
2016.05.06 07:39:59.178,1.66684,1.66728,1.00,1.00
2016.05.06 07:39:59.547,1.66686,1.66728,1.00,1.00
2016.05.06 07:39:59.800,1.66694,1.66737,1.00,1.00
2016.05.06 07:39:59.955,1.66694,1.66733,1.00,1.00
2016.05.06 07:40:00.182,1.66683,1.66732,1.00,1.00
2016.05.06 07:40:00.283,1.66681,1.66733,1.00,1.00
2016.05.06 07:40:00.434,1.66679,1.66732,1.00,1.37
2016.05.06 07:40:00.751,1.66683,1.66733,1.00,1.00
2016.05.06 07:40:01.284,1.66683,1.66732,1.00,1.00
2016.05.06 07:40:01.796,1.66684,1.66733,1.00,1.00
2016.05.06 07:40:02.379,1.66684,1.66734,1.00,1.00
2016.05.06 07:40:02.681,1.66693,1.66736,1.00,1.00
2016.05.06 07:40:03.355,1.66693,1.66735,1.00,1.00
2016.05.06 07:40:03.863,1.66693,1.66734,1.00,1.00
2016.05.06 07:40:05.103,1.66693,1.66733,1.00,1.00
2016.05.06 07:40:05.264,1.66684,1.66733,1.00,1.00
2016.05.06 07:40:05.517,1.66691,1.66733,1.00,1.00
2016.05.06 07:40:05.567,1.66693,1.66737,1.00,1.00
2016.05.06 07:40:05.668,1.66688,1.66736,1.75,1.00
2016.05.06 07:40:05.769,1.66693,1.66734,1.00,1.00
2016.05.06 07:40:06.173,1.66683,1.66733,1.50,1.00
2016.05.06 07:40:06.685,1.66683,1.66734,1.00,1.00
2016.05.06 07:40:07.289,1.66683,1.66733,1.50,1.00
2016.05.06 07:40:07.838,1.66684,1.66734,1.00,1.00
2016.05.06 07:40:08.174,1.66694,1.66735,1.00,1.00
2016.05.06 07:40:08.275,1.66683,1.66732,1.87,1.00
2016.05.06 07:40:08.376,1.66693,1.66732,1.00,1.00
2016.05.06 07:40:08.896,1.66683,1.66732,1.00,1.00
2016.05.06 07:40:09.171,1.66693,1.66732,1.00,1.00
2016.05.06 07:40:09.876,1.66693,1.66733,1.00,1.00
2016.05.06 07:40:10.412,1.66693,1.66732,1.00,1.00
2016.05.06 07:40:10.725,1.66694,1.66736,1.00,1.00
2016.05.06 07:40:10.876,1.66704,1.66736,1.00,1.00
2016.05.06 07:40:11.179,1.66694,1.66737,1.00,1.50
2016.05.06 07:40:11.280,1.66713,1.66737,1.00,1.50
2016.05.06 07:40:11.534,1.66703,1.66738,1.00,1.00
2016.05.06 07:40:11.585,1.66693,1.66738,1.00,1.00
2016.05.06 07:40:11.636,1.66693,1.66739,1.00,2.25
2016.05.06 07:40:12.090,1.66693,1.66736,1.00,1.00
2016.05.06 07:40:12.291,1.66694,1.66739,1.00,1.00
2016.05.06 07:40:12.821,1.66694,1.66735,1.00,1.00
2016.05.06 07:40:13.526,1.66694,1.66736,1.00,1.00
2016.05.06 07:40:14.051,1.66694,1.66735,1.00,1.00
2016.05.06 07:40:14.619,1.66694,1.66736,1.00,1.00
2016.05.06 07:40:15.233,1.66694,1.66735,1.00,1.00
2016.05.06 07:40:15.453,1.66694,1.66739,1.00,1.50
2016.05.06 07:40:15.985,1.66704,1.66739,1.00,1.50
2016.05.06 07:40:16.186,1.66694,1.66736,1.12,1.00
2016.05.06 07:40:16.237,1.66695,1.66748,1.00,1.50
2016.05.06 07:40:16.288,1.66704,1.66747,1.00,1.50
2016.05.06 07:40:16.488,1.66696,1.66744,1.00,1.50
2016.05.06 07:40:16.647,1.66696,1.66742,1.00,1.50
2016.05.06 07:40:16.899,1.66683,1.66733,1.00,1.75
2016.05.06 07:40:17.051,1.66683,1.66729,1.00,1.00
2016.05.06 07:40:17.457,1.66693,1.66735,1.00,1.37
2016.05.06 07:40:17.508,1.66693,1.66743,1.00,1.00
2016.05.06 07:40:18.698,1.66693,1.66729,1.00,1.00
2016.05.06 07:40:18.751,1.66693,1.66735,1.00,1.00
2016.05.06 07:40:18.805,1.66693,1.66737,1.00,1.00
2016.05.06 07:40:18.906,1.66694,1.66739,1.00,1.00
2016.05.06 07:40:20.542,1.66694,1.66738,1.00,1.00
2016.05.06 07:40:20.611,1.66694,1.66733,1.00,1.00
2016.05.06 07:40:20.763,1.66693,1.66736,1.00,1.00
2016.05.06 07:40:21.588,1.66693,1.66737,1.00,1.00
2016.05.06 07:40:22.149,1.66693,1.66736,1.00,1.00
2016.05.06 07:40:22.666,1.66693,1.66739,1.00,1.00
2016.05.06 07:40:22.891,1.66704,1.66739,1.00,1.00
2016.05.06 07:40:23.405,1.66704,1.6674,1.00,1.00
2016.05.06 07:40:24.709,1.66704,1.66739,1.00,1.00
2016.05.06 07:40:25.256,1.66703,1.66738,1.00,1.50
2016.05.06 07:40:25.842,1.66689,1.66738,1.87,1.00
2016.05.06 07:40:25.894,1.66698,1.66744,1.00,1.00
2016.05.06 07:40:25.946,1.66704,1.66745,1.00,1.00
2016.05.06 07:40:26.248,1.66714,1.66744,1.00,1.00
2016.05.06 07:40:28.099,1.66703,1.66744,1.00,1.00
2016.05.06 07:40:28.732,1.66714,1.66744,1.00,1.00
2016.05.06 07:40:28.900,1.66703,1.66744,1.00,1.00
2016.05.06 07:40:29.491,1.66703,1.66743,1.00,1.00
2016.05.06 07:40:29.542,1.66714,1.66743,1.00,1.00
2016.05.06 07:40:29.745,1.66704,1.66743,1.00,1.00
2016.05.06 07:40:29.846,1.66703,1.66747,1.00,1.50
2016.05.06 07:40:30.249,1.66704,1.66741,1.00,1.00
2016.05.06 07:40:30.551,1.66693,1.66741,1.00,1.00
2016.05.06 07:40:30.718,1.66704,1.66741,1.00,1.00
2016.05.06 07:40:33.152,1.66693,1.66737,1.00,1.00
2016.05.06 07:40:33.375,1.66693,1.66733,1.00,1.00
2016.05.06 07:40:33.939,1.66694,1.66733,1.00,1.00
2016.05.06 07:40:34.478,1.66694,1.66736,1.00,1.87
2016.05.06 07:40:35.000,1.66694,1.66735,1.00,1.00
2016.05.06 07:40:35.050,1.66694,1.66732,1.00,1.00
2016.05.06 07:40:35.599,1.66693,1.66732,1.00,1.00
2016.05.06 07:40:36.612,1.66694,1.66732,1.00,1.00
2016.05.06 07:40:37.154,1.66683,1.66733,1.00,1.00
2016.05.06 07:40:37.255,1.66694,1.66733,1.00,1.50
2016.05.06 07:40:37.314,1.66683,1.66733,1.00,1.50
2016.05.06 07:40:37.513,1.66694,1.66733,1.00,1.50
2016.05.06 07:40:39.168,1.66694,1.6673,1.00,1.00
2016.05.06 07:40:39.704,1.66694,1.66731,1.00,1.00
2016.05.06 07:40:40.317,1.66693,1.66731,1.00,1.00
2016.05.06 07:40:41.075,1.66693,1.6673,1.00,1.00
2016.05.06 07:40:41.634,1.66684,1.66731,1.00,1.00
2016.05.06 07:40:41.827,1.66694,1.6673,1.00,1.00
2016.05.06 07:40:42.522,1.66684,1.6673,1.00,1.00
2016.05.06 07:40:43.203,1.66684,1.66731,1.00,1.00
2016.05.06 07:40:43.981,1.66684,1.6673,1.00,1.00
2016.05.06 07:40:45.022,1.66694,1.6673,1.00,1.00
2016.05.06 07:40:46.184,1.66684,1.6673,1.00,1.00
2016.05.06 07:40:47.188,1.66684,1.66731,1.00,1.00
2016.05.06 07:40:47.339,1.66693,1.66731,1.00,1.00
2016.05.06 07:40:48.891,1.66693,1.6673,1.00,1.00
2016.05.06 07:40:49.418,1.66693,1.66731,1.00,1.00
2016.05.06 07:40:49.944,1.66684,1.66731,1.00,1.00
2016.05.06 07:40:50.294,1.66684,1.66728,1.00,1.00
2016.05.06 07:40:51.381,1.66683,1.66728,1.00,1.00
2016.05.06 07:40:52.083,1.66683,1.66729,1.00,1.00
2016.05.06 07:40:52.600,1.66683,1.66728,1.00,1.00
2016.05.06 07:40:53.603,1.66683,1.66722,1.00,1.00
2016.05.06 07:40:53.757,1.66674,1.66723,1.50,1.00
2016.05.06 07:40:53.959,1.66684,1.66722,1.00,1.00
2016.05.06 07:40:54.604,1.66684,1.66723,1.00,1.00
2016.05.06 07:40:55.036,1.66674,1.66722,1.50,1.00
2016.05.06 07:40:55.541,1.66684,1.66722,1.00,1.00
2016.05.06 07:40:56.231,1.66684,1.66723,1.00,1.00
2016.05.06 07:40:56.751,1.66673,1.6672,1.50,1.00
2016.05.06 07:40:56.852,1.66673,1.66716,1.00,1.00
2016.05.06 07:40:56.910,1.66673,1.66719,1.00,1.00
2016.05.06 07:40:58.614,1.66673,1.6672,1.00,1.50
2016.05.06 07:40:59.115,1.66673,1.66719,1.00,1.00
2016.05.06 07:40:59.641,1.66674,1.6672,1.00,1.50
2016.05.06 07:40:59.857,1.66676,1.66725,1.00,1.12
2016.05.06 07:41:00.268,1.66684,1.66725,1.00,1.00
2016.05.06 07:41:00.570,1.66675,1.66716,1.12,1.00
2016.05.06 07:41:00.872,1.66674,1.66708,1.00,1.00
2016.05.06 07:41:00.973,1.66664,1.66708,1.00,1.00
2016.05.06 07:41:01.024,1.66664,1.66706,1.00,1.00
2016.05.06 07:41:01.599,1.66663,1.66705,1.00,1.00
2016.05.06 07:41:02.445,1.66663,1.66706,1.00,1.00
2016.05.06 07:41:02.727,1.66664,1.66708,1.00,1.00
2016.05.06 07:41:03.251,1.66664,1.66709,1.00,1.00
2016.05.06 07:41:04.026,1.66664,1.66708,1.00,1.00
2016.05.06 07:41:04.944,1.66664,1.66709,1.00,1.00
2016.05.06 07:41:05.611,1.66664,1.66708,1.00,1.00
2016.05.06 07:41:06.535,1.66664,1.66709,1.00,1.00
2016.05.06 07:41:06.853,1.66674,1.66709,1.00,1.00
2016.05.06 07:41:07.185,1.66673,1.66705,1.00,1.00
2016.05.06 07:41:07.688,1.66674,1.66705,1.00,1.00
2016.05.06 07:41:08.541,1.66674,1.66706,1.00,1.00
2016.05.06 07:41:09.042,1.66674,1.66705,1.00,1.00
2016.05.06 07:41:09.554,1.66663,1.66706,1.00,1.50
2016.05.06 07:41:10.095,1.66663,1.66705,1.00,1.00
2016.05.06 07:41:10.870,1.66664,1.66705,1.00,1.00
2016.05.06 07:41:11.043,1.66664,1.66702,1.00,1.00
2016.05.06 07:41:11.845,1.66664,1.66703,1.00,1.00
2016.05.06 07:41:13.148,1.66664,1.66702,1.00,1.00
2016.05.06 07:41:14.281,1.66664,1.66703,1.00,1.00
2016.05.06 07:41:15.058,1.66664,1.66702,1.00,1.00
2016.05.06 07:41:15.440,1.66676,1.66722,1.00,1.37
2016.05.06 07:41:16.135,1.66676,1.66725,1.00,1.37
2016.05.06 07:41:16.388,1.66676,1.66725,1.00,1.50
2016.05.06 07:41:16.600,1.66684,1.66725,1.00,1.00
2016.05.06 07:41:16.721,1.66676,1.66725,1.00,1.00
2016.05.06 07:41:16.822,1.66675,1.6673,1.00,2.25
2016.05.06 07:41:17.275,1.66673,1.66728,1.00,1.12
2016.05.06 07:41:17.376,1.66675,1.66728,1.00,1.12
2016.05.06 07:41:17.984,1.66674,1.66726,1.50,1.00
2016.05.06 07:41:18.286,1.66674,1.66718,1.00,1.00
2016.05.06 07:41:18.819,1.66673,1.66718,1.00,1.00
2016.05.06 07:41:19.399,1.66673,1.66719,1.00,1.00
2016.05.06 07:41:19.923,1.66673,1.66718,1.00,1.00
2016.05.06 07:41:20.978,1.66673,1.66716,1.00,1.00
2016.05.06 07:41:21.029,1.66665,1.66715,1.50,1.50
2016.05.06 07:41:21.080,1.66664,1.66708,1.75,1.00
2016.05.06 07:41:21.181,1.66663,1.66708,1.00,1.00
2016.05.06 07:41:21.283,1.66663,1.66705,1.00,1.00
2016.05.06 07:41:21.786,1.66664,1.66705,1.00,1.00
2016.05.06 07:41:22.315,1.66663,1.66705,1.00,1.00
2016.05.06 07:41:22.819,1.66664,1.66705,1.00,1.00
2016.05.06 07:41:23.082,1.66655,1.66706,1.00,1.50
2016.05.06 07:41:23.184,1.66653,1.66702,1.87,1.00
2016.05.06 07:41:23.711,1.66654,1.66702,1.00,1.00
2016.05.06 07:41:24.013,1.66654,1.66699,1.00,1.00
2016.05.06 07:41:24.517,1.66653,1.667,1.12,1.00
2016.05.06 07:41:25.042,1.66653,1.66699,1.12,1.00
2016.05.06 07:41:25.991,1.66653,1.667,1.12,1.00
2016.05.06 07:41:26.309,1.66664,1.66707,1.00,1.00
2016.05.06 07:41:26.411,1.66664,1.66712,1.00,1.75
2016.05.06 07:41:27.401,1.66673,1.66705,1.00,1.00
2016.05.06 07:41:27.709,1.66664,1.66706,1.00,1.00
2016.05.06 07:41:28.213,1.66674,1.66706,1.00,1.00
2016.05.06 07:41:28.716,1.66664,1.66705,1.00,1.00
2016.05.06 07:41:28.817,1.66674,1.66705,1.00,1.00
2016.05.06 07:41:29.023,1.66663,1.66702,1.00,1.00
2016.05.06 07:41:29.426,1.66664,1.66704,1.00,1.00
2016.05.06 07:41:29.702,1.66654,1.66704,1.00,1.00
2016.05.06 07:41:30.906,1.66663,1.66704,1.00,1.00
2016.05.06 07:41:31.102,1.66663,1.66707,1.00,1.00
2016.05.06 07:41:32.312,1.66653,1.66707,1.00,1.00
2016.05.06 07:41:33.130,1.66664,1.66707,1.00,1.00
2016.05.06 07:41:34.118,1.66654,1.66707,1.00,1.00
2016.05.06 07:41:34.430,1.66654,1.66701,1.00,1.00
2016.05.06 07:41:38.789,1.66654,1.66699,1.00,1.00
2016.05.06 07:41:39.294,1.66654,1.667,1.00,1.00
2016.05.06 07:41:39.691,1.66653,1.66698,1.00,1.00
2016.05.06 07:41:40.003,1.66654,1.66695,1.00,1.00
2016.05.06 07:41:40.533,1.66654,1.66696,1.00,1.00
2016.05.06 07:41:40.754,1.66653,1.66698,1.00,1.00
2016.05.06 07:41:41.097,1.66664,1.66698,1.00,1.00
2016.05.06 07:41:41.148,1.66664,1.667,1.00,1.00
2016.05.06 07:41:41.367,1.66664,1.66703,1.00,1.00
2016.05.06 07:41:41.418,1.66654,1.66705,1.00,1.00
2016.05.06 07:41:42.799,1.66664,1.66705,1.00,1.50
2016.05.06 07:41:42.899,1.66653,1.66705,1.00,1.50
2016.05.06 07:41:43.627,1.66653,1.66704,1.00,1.00
2016.05.06 07:41:44.389,1.66653,1.66701,1.00,1.00
2016.05.06 07:41:45.347,1.66653,1.66702,1.00,1.00
2016.05.06 07:41:45.854,1.66656,1.66706,1.00,1.00
2016.05.06 07:41:46.024,1.66664,1.66707,1.00,1.00
2016.05.06 07:41:46.551,1.66664,1.66706,1.00,1.00
2016.05.06 07:41:47.481,1.66664,1.66707,1.00,1.00
2016.05.06 07:41:47.906,1.66656,1.66706,1.00,1.00
2016.05.06 07:41:50.260,1.66656,1.66707,1.00,1.00
2016.05.06 07:41:50.366,1.66659,1.66708,1.00,1.12
2016.05.06 07:41:51.368,1.66658,1.66709,1.00,1.37
2016.05.06 07:41:52.264,1.66659,1.66708,1.00,1.12
2016.05.06 07:41:53.123,1.66659,1.66706,1.00,1.00
2016.05.06 07:41:54.176,1.66658,1.66706,1.00,1.00
2016.05.06 07:41:54.727,1.66659,1.66706,1.00,1.00
2016.05.06 07:41:55.472,1.66658,1.66706,1.00,1.00
2016.05.06 07:41:56.182,1.66657,1.66706,1.00,1.00
2016.05.06 07:41:56.233,1.66657,1.66708,1.00,1.12
2016.05.06 07:41:56.746,1.66658,1.66707,1.00,1.00
2016.05.06 07:41:57.499,1.66657,1.66708,1.00,1.12
2016.05.06 07:41:58.008,1.66658,1.66707,1.00,1.00
2016.05.06 07:41:59.407,1.66657,1.66708,1.00,1.12
2016.05.06 07:41:59.508,1.66655,1.66704,1.00,1.00
2016.05.06 07:41:59.710,1.66651,1.66706,1.50,1.00
2016.05.06 07:41:59.810,1.66649,1.66704,2.25,1.00
2016.05.06 07:42:00.163,1.66647,1.66699,1.75,1.00
2016.05.06 07:42:00.698,1.66646,1.667,1.12,1.00
2016.05.06 07:42:02.205,1.66649,1.66699,1.75,1.00
2016.05.06 07:42:02.306,1.66648,1.667,1.00,1.00
2016.05.06 07:42:02.407,1.66648,1.66705,1.00,2.25
2016.05.06 07:42:02.457,1.66644,1.66699,1.75,1.00
2016.05.06 07:42:03.033,1.66646,1.667,1.12,1.00
2016.05.06 07:42:03.336,1.66654,1.66699,1.00,1.00
2016.05.06 07:42:03.437,1.66654,1.66702,1.00,1.12
2016.05.06 07:42:03.962,1.66654,1.66703,1.37,1.00
2016.05.06 07:42:04.464,1.66652,1.66702,1.75,1.00
2016.05.06 07:42:04.968,1.66651,1.66703,1.75,1.00
2016.05.06 07:42:05.217,1.66649,1.66699,1.87,1.00
2016.05.06 07:42:06.220,1.66649,1.667,1.12,1.00
2016.05.06 07:42:07.363,1.66649,1.66699,1.87,1.00
2016.05.06 07:42:07.947,1.66649,1.667,1.12,1.00
2016.05.06 07:42:08.811,1.66649,1.66699,1.87,1.00
2016.05.06 07:42:09.432,1.66649,1.667,1.87,1.00
2016.05.06 07:42:09.957,1.66649,1.66699,2.62,1.00
2016.05.06 07:42:10.824,1.66649,1.667,2.62,1.00
2016.05.06 07:42:11.227,1.66652,1.66703,1.75,1.00
2016.05.06 07:42:11.742,1.66653,1.66702,2.25,1.00
2016.05.06 07:42:12.273,1.66653,1.66703,1.50,1.00
2016.05.06 07:42:12.329,1.66654,1.66705,1.37,1.00
2016.05.06 07:42:12.430,1.66654,1.66702,1.37,1.00
2016.05.06 07:42:13.061,1.66654,1.66701,1.37,1.00
2016.05.06 07:42:13.642,1.66654,1.66702,1.37,1.00
2016.05.06 07:42:13.772,1.66654,1.66704,1.87,1.00
2016.05.06 07:42:14.292,1.66654,1.66705,1.37,1.00
2016.05.06 07:42:14.799,1.66654,1.66704,1.87,1.00
2016.05.06 07:42:14.850,1.66652,1.66701,1.75,1.00
2016.05.06 07:42:15.078,1.66651,1.66702,1.37,1.50
2016.05.06 07:42:15.240,1.66651,1.66702,1.00,1.50
2016.05.06 07:42:15.351,1.66654,1.66701,1.00,1.00
2016.05.06 07:42:15.552,1.66652,1.66701,1.00,1.00
2016.05.06 07:42:15.686,1.66652,1.66701,1.37,1.00
2016.05.06 07:42:16.380,1.66653,1.66702,1.75,1.00
2016.05.06 07:42:16.993,1.66654,1.66701,1.50,1.00
2016.05.06 07:42:17.094,1.66653,1.66704,1.75,1.00
2016.05.06 07:42:17.195,1.66655,1.66708,1.87,1.00
2016.05.06 07:42:17.296,1.66655,1.66707,2.25,1.00
2016.05.06 07:42:17.347,1.66655,1.66713,2.62,1.00
2016.05.06 07:42:17.808,1.66656,1.6671,1.75,1.00
2016.05.06 07:42:20.185,1.66656,1.66709,2.25,1.00
2016.05.06 07:42:20.917,1.66655,1.66708,1.87,1.00
2016.05.06 07:42:21.276,1.66656,1.66706,2.25,1.00
2016.05.06 07:42:22.406,1.66656,1.66703,1.00,1.00
2016.05.06 07:42:22.516,1.66654,1.66704,1.50,1.00
2016.05.06 07:42:22.667,1.66654,1.66706,1.00,1.00
2016.05.06 07:42:22.924,1.66654,1.66709,1.50,1.50
2016.05.06 07:42:23.465,1.66654,1.66708,1.50,1.00
2016.05.06 07:42:23.879,1.66654,1.66706,1.50,1.00
2016.05.06 07:42:24.180,1.66655,1.66704,1.00,1.00
2016.05.06 07:42:24.796,1.66654,1.66705,2.25,1.00
2016.05.06 07:42:25.434,1.66655,1.66704,1.00,1.00
2016.05.06 07:42:25.986,1.66654,1.66705,2.25,1.00
2016.05.06 07:42:26.588,1.66654,1.66702,1.50,1.00
2016.05.06 07:42:27.706,1.66654,1.66703,1.50,1.00
2016.05.06 07:42:28.224,1.66654,1.66705,2.25,1.00
2016.05.06 07:42:28.943,1.66655,1.66704,1.00,1.00
2016.05.06 07:42:29.695,1.66654,1.66705,2.25,1.00
2016.05.06 07:42:31.585,1.66655,1.66704,1.00,1.00
2016.05.06 07:42:32.096,1.66654,1.66705,2.25,1.00
2016.05.06 07:42:33.326,1.66654,1.66703,2.25,1.00
2016.05.06 07:42:33.703,1.66654,1.66699,1.50,1.00
2016.05.06 07:42:34.030,1.66674,1.66725,1.00,1.50
2016.05.06 07:42:34.081,1.66683,1.66725,1.00,1.50
2016.05.06 07:42:34.182,1.66674,1.66728,1.00,1.37
2016.05.06 07:42:34.283,1.66674,1.66729,1.50,1.50
2016.05.06 07:42:34.434,1.66678,1.66727,1.00,1.00
2016.05.06 07:42:34.535,1.66674,1.66729,1.00,1.50
2016.05.06 07:42:34.815,1.66684,1.66728,1.00,1.00
2016.05.06 07:42:35.608,1.66673,1.66728,1.50,1.50
2016.05.06 07:42:35.969,1.66683,1.66728,1.00,1.50
2016.05.06 07:42:36.310,1.66674,1.66722,1.00,1.00
2016.05.06 07:42:36.669,1.66683,1.66723,1.00,1.00
2016.05.06 07:42:37.016,1.66673,1.66723,1.50,1.00
2016.05.06 07:42:37.314,1.66673,1.6672,1.50,1.00
2016.05.06 07:42:37.819,1.66674,1.6672,1.00,1.00
2016.05.06 07:42:38.803,1.66674,1.66721,1.00,1.00
2016.05.06 07:42:39.306,1.66674,1.6672,1.00,1.00
2016.05.06 07:42:40.923,1.66674,1.66721,1.00,1.00
2016.05.06 07:42:41.613,1.66674,1.6672,1.00,1.00
2016.05.06 07:42:42.129,1.66673,1.66721,1.50,1.00
2016.05.06 07:42:42.552,1.66668,1.66717,1.00,1.00
2016.05.06 07:42:42.703,1.66674,1.66718,1.00,1.00
2016.05.06 07:42:43.334,1.66674,1.66717,1.00,1.00
2016.05.06 07:42:44.082,1.66668,1.66717,1.00,1.00
2016.05.06 07:42:44.133,1.66668,1.66711,1.00,1.00
2016.05.06 07:42:44.358,1.66664,1.66709,1.00,1.00
2016.05.06 07:42:44.510,1.66654,1.66709,1.00,1.00
2016.05.06 07:42:44.985,1.66664,1.66709,1.00,1.00
2016.05.06 07:42:45.086,1.66654,1.66709,1.50,1.00
2016.05.06 07:42:45.627,1.66655,1.66708,1.00,1.00
2016.05.06 07:42:45.877,1.66658,1.66708,1.00,1.50
2016.05.06 07:42:46.341,1.6666,1.66708,1.00,1.00
2016.05.06 07:42:46.392,1.6666,1.66712,1.12,1.12
2016.05.06 07:42:46.726,1.66664,1.66712,1.00,1.00
2016.05.06 07:42:47.145,1.66664,1.66709,1.00,1.00
2016.05.06 07:42:47.848,1.66664,1.66708,1.00,1.00
2016.05.06 07:42:49.154,1.66664,1.66709,1.00,1.00
2016.05.06 07:42:49.484,1.66664,1.66711,1.00,1.50
2016.05.06 07:42:50.101,1.66663,1.66711,1.00,1.00
2016.05.06 07:42:50.151,1.66665,1.66712,1.00,1.00
2016.05.06 07:42:50.371,1.66679,1.66737,1.00,2.25
2016.05.06 07:42:50.422,1.66684,1.66737,1.00,1.75
2016.05.06 07:42:50.523,1.66679,1.66737,1.00,1.75
2016.05.06 07:42:50.574,1.66683,1.66738,1.50,1.75
2016.05.06 07:42:50.725,1.66685,1.6674,2.25,1.00
2016.05.06 07:42:50.776,1.66685,1.66742,1.50,1.00
2016.05.06 07:42:50.877,1.66688,1.6674,1.00,1.00
2016.05.06 07:42:51.643,1.66689,1.66739,1.00,1.00
2016.05.06 07:42:52.646,1.66688,1.6674,1.00,1.50
2016.05.06 07:42:53.873,1.66689,1.66739,1.00,1.00
2016.05.06 07:42:54.553,1.66688,1.6674,1.00,1.50
2016.05.06 07:42:55.077,1.66689,1.66739,1.00,1.00
2016.05.06 07:42:56.156,1.66688,1.66738,1.00,1.00
2016.05.06 07:42:56.478,1.66685,1.66736,1.50,1.00
2016.05.06 07:42:57.085,1.66685,1.66734,1.00,1.00
2016.05.06 07:42:57.394,1.66684,1.66731,1.00,1.00
2016.05.06 07:42:57.495,1.66684,1.66733,1.00,1.00
2016.05.06 07:42:58.089,1.66684,1.66734,1.00,1.00
2016.05.06 07:42:58.842,1.66682,1.66734,1.00,1.00
2016.05.06 07:42:58.893,1.6668,1.66731,1.12,1.00
2016.05.06 07:42:59.429,1.66684,1.6673,1.00,1.00
2016.05.06 07:43:00.010,1.66684,1.66731,1.00,1.00
2016.05.06 07:43:00.445,1.6668,1.66731,1.12,1.00
2016.05.06 07:43:00.922,1.66683,1.66731,1.00,1.00
2016.05.06 07:43:01.437,1.66683,1.6673,1.00,1.00
2016.05.06 07:43:02.072,1.66683,1.66731,1.00,1.00
2016.05.06 07:43:02.200,1.66683,1.66733,1.50,1.00
2016.05.06 07:43:02.976,1.66686,1.66737,1.00,1.37
2016.05.06 07:43:03.307,1.66687,1.66736,1.75,1.00
2016.05.06 07:43:03.709,1.66685,1.66734,1.75,1.00
2016.05.06 07:43:04.295,1.66684,1.66735,1.87,1.00
2016.05.06 07:43:04.883,1.66685,1.66734,1.75,1.00
2016.05.06 07:43:05.513,1.66684,1.66735,2.62,1.00
2016.05.06 07:43:06.186,1.66685,1.66734,1.75,1.00
2016.05.06 07:43:06.591,1.66684,1.66735,1.00,1.00
2016.05.06 07:43:07.389,1.66685,1.66734,1.00,1.00
2016.05.06 07:43:07.835,1.66684,1.66731,1.00,1.00
2016.05.06 07:43:08.041,1.66678,1.66729,1.75,1.00
2016.05.06 07:43:08.598,1.66679,1.66728,1.75,1.00
2016.05.06 07:43:09.125,1.66678,1.66729,1.75,1.00
2016.05.06 07:43:10.101,1.66679,1.66728,1.75,1.00
2016.05.06 07:43:11.003,1.66678,1.66729,1.75,1.00
2016.05.06 07:43:11.551,1.66685,1.66734,1.00,1.00
2016.05.06 07:43:11.652,1.66683,1.66737,1.00,1.00
2016.05.06 07:43:11.954,1.66681,1.66736,1.12,1.00
2016.05.06 07:43:12.106,1.6668,1.66734,1.50,1.00
2016.05.06 07:43:13.814,1.6668,1.6673,1.50,1.00
2016.05.06 07:43:14.336,1.66679,1.66731,2.25,1.00
2016.05.06 07:43:14.887,1.6668,1.6673,1.50,1.00
2016.05.06 07:43:15.439,1.66679,1.66731,2.25,1.00
2016.05.06 07:43:15.719,1.66696,1.66752,1.75,1.00
2016.05.06 07:43:15.871,1.66704,1.66752,1.00,1.00
2016.05.06 07:43:15.972,1.66696,1.66752,1.75,1.00
2016.05.06 07:43:16.123,1.66698,1.66754,1.12,1.00
2016.05.06 07:43:16.642,1.66698,1.66755,1.12,1.50
2016.05.06 07:43:16.866,1.66703,1.66755,1.00,1.50
2016.05.06 07:43:17.278,1.66698,1.66754,1.12,1.00
2016.05.06 07:43:17.480,1.66698,1.66751,1.12,1.00
2016.05.06 07:43:18.107,1.66694,1.6675,2.25,1.00
2016.05.06 07:43:18.419,1.66694,1.66746,1.50,1.00
2016.05.06 07:43:18.813,1.66693,1.66742,1.12,1.00
2016.05.06 07:43:19.143,1.66689,1.66739,1.75,1.00
2016.05.06 07:43:19.685,1.66693,1.6674,1.12,1.00
2016.05.06 07:43:20.534,1.66694,1.66744,1.00,1.00
2016.05.06 07:43:20.585,1.66703,1.66744,1.00,1.00
2016.05.06 07:43:20.635,1.66703,1.66752,1.00,1.37
2016.05.06 07:43:20.837,1.66704,1.66752,1.00,1.50
2016.05.06 07:43:21.101,1.66702,1.66752,1.00,1.00
2016.05.06 07:43:21.152,1.66703,1.66748,1.00,1.00
2016.05.06 07:43:21.354,1.66697,1.66748,1.50,1.00
2016.05.06 07:43:21.455,1.667,1.6675,1.00,1.00
2016.05.06 07:43:22.260,1.66699,1.66751,1.00,1.00
2016.05.06 07:43:22.770,1.667,1.6675,1.00,1.00
2016.05.06 07:43:23.084,1.66703,1.66751,1.00,1.00
2016.05.06 07:43:23.812,1.66703,1.6675,1.00,1.00
2016.05.06 07:43:24.514,1.66703,1.66751,1.00,1.00
2016.05.06 07:43:25.142,1.66703,1.6675,1.00,1.00
2016.05.06 07:43:25.302,1.667,1.6675,1.00,1.00
2016.05.06 07:43:25.978,1.66696,1.66751,1.75,1.00
2016.05.06 07:43:26.230,1.66695,1.66747,1.75,1.00
2016.05.06 07:43:26.541,1.66695,1.66744,1.75,1.00
2016.05.06 07:43:26.743,1.66694,1.66744,1.00,1.00
2016.05.06 07:43:27.274,1.66698,1.66745,1.00,1.00
2016.05.06 07:43:27.325,1.66698,1.66747,1.00,1.00
2016.05.06 07:43:27.376,1.66694,1.66745,1.00,1.00
2016.05.06 07:43:28.144,1.66694,1.66744,1.00,1.00
2016.05.06 07:43:28.195,1.66694,1.6674,1.00,1.00
2016.05.06 07:43:28.482,1.66694,1.66743,1.00,1.00
2016.05.06 07:43:29.145,1.66694,1.66744,1.00,1.00
2016.05.06 07:43:29.200,1.66694,1.6674,1.00,1.50
2016.05.06 07:43:29.452,1.66686,1.66735,1.00,1.00
2016.05.06 07:43:29.503,1.66685,1.66733,1.00,1.00
2016.05.06 07:43:29.645,1.66683,1.66733,1.50,1.50
2016.05.06 07:43:31.293,1.66684,1.66734,1.00,1.75
2016.05.06 07:43:31.344,1.66684,1.66734,2.25,1.00
2016.05.06 07:43:31.647,1.66693,1.6674,1.00,1.50
2016.05.06 07:43:32.159,1.66693,1.66739,1.00,1.00
2016.05.06 07:43:32.339,1.66689,1.66739,1.00,1.00
2016.05.06 07:43:32.860,1.66688,1.6674,1.00,1.50
2016.05.06 07:43:33.390,1.66689,1.66739,1.00,1.00
2016.05.06 07:43:33.949,1.66688,1.6674,1.00,1.50
2016.05.06 07:43:34.483,1.66689,1.66739,1.00,1.00
2016.05.06 07:43:34.764,1.66687,1.66736,1.00,1.00
2016.05.06 07:43:35.797,1.66686,1.66737,1.12,1.50
2016.05.06 07:43:36.299,1.66687,1.66736,1.00,1.00
2016.05.06 07:43:36.900,1.66686,1.66737,1.12,1.00
2016.05.06 07:43:37.221,1.66694,1.66736,1.00,1.00
2016.05.06 07:43:37.272,1.66694,1.66739,1.00,1.00
2016.05.06 07:43:37.771,1.66694,1.66742,1.00,2.62
2016.05.06 07:43:38.306,1.66693,1.66741,1.00,1.00
2016.05.06 07:43:38.897,1.66694,1.66744,1.00,1.50
2016.05.06 07:43:39.419,1.66693,1.66744,1.50,1.50
2016.05.06 07:43:39.923,1.66694,1.66744,1.00,1.50
2016.05.06 07:43:40.433,1.66693,1.66744,1.00,1.50
2016.05.06 07:43:41.004,1.66694,1.66744,1.00,1.50
2016.05.06 07:43:42.725,1.66693,1.66744,1.50,1.50
2016.05.06 07:43:43.272,1.66694,1.66744,1.00,1.50
2016.05.06 07:43:45.329,1.66693,1.66744,1.00,1.50
2016.05.06 07:43:45.831,1.66694,1.66743,1.50,1.37
2016.05.06 07:43:46.005,1.66697,1.66746,1.00,2.25
2016.05.06 07:43:46.373,1.66699,1.66746,1.00,1.00
2016.05.06 07:43:46.483,1.66699,1.66755,1.00,1.75
2016.05.06 07:43:46.534,1.66704,1.66755,1.00,1.75
2016.05.06 07:43:46.678,1.66703,1.66756,2.25,1.00
2016.05.06 07:43:46.729,1.66704,1.66759,1.50,1.00
2016.05.06 07:43:46.780,1.66707,1.66763,1.00,1.75
2016.05.06 07:43:47.185,1.66714,1.66766,1.00,1.00
2016.05.06 07:43:48.290,1.66713,1.66766,1.00,1.00
2016.05.06 07:43:48.559,1.66713,1.66768,1.00,1.12
2016.05.06 07:43:48.660,1.66715,1.66766,1.00,1.00
2016.05.06 07:43:48.831,1.66715,1.66768,1.00,1.12
2016.05.06 07:43:49.051,1.66718,1.66768,1.00,1.12
2016.05.06 07:43:49.253,1.66718,1.66774,1.12,1.12
2016.05.06 07:43:49.354,1.6672,1.66774,1.00,1.87
2016.05.06 07:43:50.348,1.66721,1.66774,1.00,1.12
2016.05.06 07:43:50.751,1.66719,1.66774,1.00,1.12
2016.05.06 07:43:50.852,1.66721,1.66774,1.00,1.12
2016.05.06 07:43:51.459,1.6672,1.66774,1.00,1.12
2016.05.06 07:43:52.063,1.66721,1.66774,1.00,1.12
2016.05.06 07:43:53.052,1.66718,1.66774,1.12,1.12
2016.05.06 07:43:53.553,1.66721,1.66774,1.00,1.12
2016.05.06 07:43:53.826,1.66717,1.66774,1.37,1.12
2016.05.06 07:43:54.499,1.66719,1.66774,1.00,1.12
2016.05.06 07:43:55.408,1.6672,1.66773,1.00,1.00
2016.05.06 07:43:55.773,1.66722,1.66773,1.00,1.00
2016.05.06 07:43:56.342,1.66723,1.66773,2.25,1.00
2016.05.06 07:43:57.064,1.66723,1.66774,1.00,1.12
2016.05.06 07:43:57.614,1.66724,1.66774,1.00,1.12
2016.05.06 07:43:57.866,1.66718,1.66769,1.12,1.00
2016.05.06 07:43:58.416,1.66719,1.66768,1.00,1.00
2016.05.06 07:43:58.604,1.66715,1.66767,1.00,2.25
2016.05.06 07:43:59.070,1.66714,1.66763,1.50,1.00
2016.05.06 07:43:59.372,1.66716,1.66767,1.00,1.50
2016.05.06 07:43:59.921,1.66717,1.66766,1.00,1.00
2016.05.06 07:44:00.422,1.66716,1.66767,1.12,1.00
2016.05.06 07:44:00.574,1.66724,1.66767,1.00,1.00
2016.05.06 07:44:00.675,1.66723,1.66772,1.00,1.00
2016.05.06 07:44:00.776,1.66728,1.66781,1.00,1.00
2016.05.06 07:44:00.994,1.66731,1.66781,1.00,1.00
2016.05.06 07:44:01.325,1.66734,1.66781,1.00,1.00
2016.05.06 07:44:01.376,1.66729,1.66781,1.00,1.00
2016.05.06 07:44:01.477,1.66732,1.66782,1.00,1.37
2016.05.06 07:44:01.578,1.66732,1.66786,1.50,1.12
2016.05.06 07:44:01.682,1.66733,1.66782,1.50,1.00
2016.05.06 07:44:02.016,1.66729,1.66778,1.50,1.00
2016.05.06 07:44:02.379,1.66729,1.66785,1.50,1.00
2016.05.06 07:44:03.180,1.66729,1.66779,1.50,1.00
2016.05.06 07:44:03.482,1.66724,1.66767,1.12,1.00
2016.05.06 07:44:03.634,1.66716,1.66765,1.50,1.00
2016.05.06 07:44:03.684,1.66712,1.66756,1.37,1.00
2016.05.06 07:44:03.735,1.66712,1.66756,1.00,1.00
2016.05.06 07:44:03.836,1.6671,1.66756,1.12,1.00
2016.05.06 07:44:04.254,1.66708,1.66756,1.00,1.00
2016.05.06 07:44:04.355,1.66708,1.6676,1.00,1.75
2016.05.06 07:44:04.935,1.66709,1.66759,1.00,1.50
2016.05.06 07:44:05.502,1.66708,1.6676,1.00,1.75
2016.05.06 07:44:06.037,1.66709,1.66759,1.00,1.50
2016.05.06 07:44:06.539,1.66708,1.6676,1.00,1.75
2016.05.06 07:44:06.690,1.66707,1.66756,1.00,1.00
2016.05.06 07:44:07.346,1.66706,1.66757,1.50,1.00
2016.05.06 07:44:07.892,1.66707,1.66756,1.00,1.00
2016.05.06 07:44:08.491,1.66706,1.66757,1.50,1.00
2016.05.06 07:44:08.997,1.66707,1.66756,1.00,1.00
2016.05.06 07:44:09.861,1.66706,1.66757,1.00,1.00
2016.05.06 07:44:10.435,1.66707,1.66756,1.00,1.00
2016.05.06 07:44:10.951,1.66706,1.66757,1.00,1.00
2016.05.06 07:44:11.805,1.66705,1.66757,1.00,1.00
2016.05.06 07:44:12.841,1.66706,1.66756,1.00,1.00
2016.05.06 07:44:13.359,1.66705,1.66757,1.00,1.00
2016.05.06 07:44:13.861,1.66706,1.66756,1.00,1.00
2016.05.06 07:44:14.714,1.66705,1.66757,1.00,1.00
2016.05.06 07:44:15.828,1.66706,1.66756,1.00,1.00
2016.05.06 07:44:16.874,1.66707,1.66756,1.00,1.00
2016.05.06 07:44:17.926,1.66706,1.66756,1.00,1.00
2016.05.06 07:44:18.625,1.66707,1.66756,1.00,1.50
2016.05.06 07:44:19.194,1.66706,1.66756,1.00,1.00
2016.05.06 07:44:19.832,1.66706,1.66753,1.00,1.00
2016.05.06 07:44:20.061,1.66699,1.66749,1.00,1.00
2016.05.06 07:44:20.677,1.66704,1.66749,1.00,1.00
2016.05.06 07:44:20.883,1.66699,1.66749,1.00,1.00
2016.05.06 07:44:21.484,1.66698,1.6675,1.00,1.00
2016.05.06 07:44:22.845,1.66704,1.6675,1.00,1.00
2016.05.06 07:44:23.389,1.66705,1.66754,1.00,1.75
2016.05.06 07:44:23.997,1.66704,1.66755,1.50,2.25
2016.05.06 07:44:24.313,1.66693,1.6674,1.50,1.00
2016.05.06 07:44:24.364,1.66692,1.66743,1.00,1.50
2016.05.06 07:44:24.515,1.66693,1.66745,1.00,1.50
2016.05.06 07:44:24.717,1.66696,1.66745,1.00,1.50
2016.05.06 07:44:24.817,1.66691,1.66746,1.37,1.37
2016.05.06 07:44:24.980,1.66689,1.66746,1.87,1.00
2016.05.06 07:44:25.294,1.667,1.66752,1.50,1.00
2016.05.06 07:44:25.596,1.66706,1.66764,1.75,1.00
2016.05.06 07:44:26.110,1.6671,1.66765,1.00,1.12
2016.05.06 07:44:27.439,1.66714,1.66765,1.00,1.12
2016.05.06 07:44:27.541,1.66717,1.66769,1.12,1.00
2016.05.06 07:44:28.052,1.66718,1.66768,1.00,1.00
2016.05.06 07:44:28.652,1.66717,1.66769,1.12,1.00
2016.05.06 07:44:29.290,1.66718,1.66768,1.00,1.00
2016.05.06 07:44:29.810,1.66717,1.66769,1.12,1.00
2016.05.06 07:44:30.005,1.66716,1.66765,1.50,1.00
2016.05.06 07:44:30.605,1.66715,1.66766,1.75,1.00
2016.05.06 07:44:31.198,1.66715,1.66766,1.00,1.00
2016.05.06 07:44:31.824,1.66716,1.66765,1.00,1.00
2016.05.06 07:44:32.710,1.66715,1.66766,1.00,1.50
2016.05.06 07:44:33.645,1.66716,1.66766,1.00,1.00
2016.05.06 07:44:33.746,1.66719,1.66768,1.00,1.50
2016.05.06 07:44:33.949,1.66718,1.66769,1.00,1.00
2016.05.06 07:44:34.114,1.66718,1.66766,1.50,1.00
2016.05.06 07:44:34.215,1.66713,1.66766,1.00,1.00
2016.05.06 07:44:34.765,1.66711,1.66766,1.50,1.50
2016.05.06 07:44:37.453,1.66716,1.66765,1.00,1.00
2016.05.06 07:44:37.651,1.66712,1.66764,1.12,1.00
2016.05.06 07:44:38.123,1.66716,1.66765,1.00,1.00
2016.05.06 07:44:40.048,1.66715,1.66766,1.00,1.00
2016.05.06 07:44:40.378,1.66704,1.66756,1.50,1.00
2016.05.06 07:44:40.428,1.66704,1.66759,1.50,1.00
2016.05.06 07:44:40.479,1.66707,1.66762,1.00,1.50
2016.05.06 07:44:40.990,1.66708,1.66763,1.00,1.75
2016.05.06 07:44:41.292,1.6671,1.6676,1.00,1.00
2016.05.06 07:44:41.631,1.6671,1.66757,1.00,1.00
2016.05.06 07:44:41.978,1.66706,1.66757,1.00,1.00
2016.05.06 07:44:42.834,1.66707,1.66757,1.00,1.50
2016.05.06 07:44:43.769,1.66706,1.66757,1.00,1.00
2016.05.06 07:44:44.238,1.66703,1.66755,1.75,1.00
2016.05.06 07:44:44.461,1.66706,1.66757,1.00,1.50
2016.05.06 07:44:44.998,1.66707,1.66756,1.00,1.00
2016.05.06 07:44:45.099,1.66708,1.66764,1.00,3.75
2016.05.06 07:44:45.200,1.66705,1.66761,1.12,1.12
2016.05.06 07:44:45.748,1.66706,1.66764,1.00,3.00
2016.05.06 07:44:46.450,1.66712,1.66762,1.00,1.50
2016.05.06 07:44:47.002,1.66712,1.66762,1.75,1.00
2016.05.06 07:44:47.053,1.66715,1.66765,1.12,1.50
2016.05.06 07:44:47.603,1.66714,1.66766,1.50,1.00
2016.05.06 07:44:48.117,1.66715,1.66765,1.12,1.00
2016.05.06 07:44:48.702,1.66714,1.66766,1.50,1.50
2016.05.06 07:44:49.357,1.66715,1.66765,1.12,1.00
2016.05.06 07:44:51.160,1.66714,1.66766,2.25,1.00
2016.05.06 07:44:51.774,1.66715,1.66765,1.12,1.00
2016.05.06 07:44:52.323,1.66716,1.66766,1.00,1.50
2016.05.06 07:44:52.820,1.66711,1.66766,1.37,1.12
2016.05.06 07:44:52.871,1.66712,1.66762,1.00,1.00
2016.05.06 07:44:53.683,1.66711,1.66763,1.00,1.00
2016.05.06 07:44:54.166,1.66708,1.66758,1.12,1.00
2016.05.06 07:44:54.469,1.66706,1.66758,1.00,1.37
2016.05.06 07:44:55.008,1.66704,1.66762,1.00,1.75
2016.05.06 07:44:55.068,1.66707,1.66762,1.00,1.75
2016.05.06 07:44:55.169,1.66706,1.66763,2.25,1.50
2016.05.06 07:44:55.844,1.66704,1.6676,2.25,1.00
2016.05.06 07:44:56.147,1.66706,1.66758,1.00,1.75
2016.05.06 07:44:56.372,1.66703,1.66755,2.25,1.00
2016.05.06 07:44:56.977,1.66704,1.66754,1.00,1.00
2016.05.06 07:44:57.181,1.667,1.66745,1.50,1.00
2016.05.06 07:44:57.232,1.66695,1.66745,1.87,1.50
2016.05.06 07:44:57.283,1.66694,1.6674,1.00,1.00
2016.05.06 07:44:57.334,1.66688,1.6674,1.12,1.37
2016.05.06 07:44:57.486,1.66686,1.66737,1.00,1.37
2016.05.06 07:44:57.638,1.66682,1.66735,1.00,1.00
2016.05.06 07:44:57.789,1.66684,1.66735,1.00,1.00
2016.05.06 07:44:58.041,1.6669,1.66743,1.87,1.00
2016.05.06 07:44:58.545,1.66691,1.66742,1.00,1.00
2016.05.06 07:44:59.146,1.6669,1.66743,1.12,1.00
2016.05.06 07:44:59.679,1.66691,1.66742,1.00,1.00
2016.05.06 07:45:00.384,1.6669,1.66743,1.12,1.00
2016.05.06 07:45:00.981,1.66691,1.66742,1.00,1.00
2016.05.06 07:45:01.537,1.6669,1.66743,1.87,1.00
2016.05.06 07:45:01.588,1.66693,1.66745,1.00,1.00
2016.05.06 07:45:02.212,1.66694,1.66744,1.00,1.00
2016.05.06 07:45:03.181,1.66693,1.66745,1.00,1.00
2016.05.06 07:45:03.810,1.66694,1.66744,1.00,1.00
2016.05.06 07:45:04.090,1.66694,1.66751,1.75,1.00
2016.05.06 07:45:04.463,1.66691,1.66741,1.00,1.00
2016.05.06 07:45:04.615,1.66684,1.6674,1.00,1.75
2016.05.06 07:45:04.918,1.66681,1.66737,2.25,1.00
2016.05.06 07:45:05.582,1.66681,1.66736,2.25,1.00
2016.05.06 07:45:06.090,1.66683,1.66736,1.00,1.50
2016.05.06 07:45:06.889,1.66682,1.66736,1.12,1.50
2016.05.06 07:45:07.824,1.66683,1.66736,1.00,1.00
2016.05.06 07:45:08.593,1.66682,1.66736,1.12,1.00
2016.05.06 07:45:09.195,1.66683,1.66736,1.00,1.00
2016.05.06 07:45:09.626,1.66683,1.66736,1.00,1.37
2016.05.06 07:45:09.727,1.66679,1.6673,1.00,1.00
2016.05.06 07:45:09.878,1.66678,1.66727,1.00,1.00
2016.05.06 07:45:10.181,1.66671,1.66722,1.00,1.12
2016.05.06 07:45:10.231,1.66668,1.66712,1.00,1.37
2016.05.06 07:45:10.382,1.66646,1.66697,1.75,1.00
2016.05.06 07:45:10.930,1.66651,1.66697,1.00,1.00
2016.05.06 07:45:11.300,1.6665,1.66703,1.50,1.75
2016.05.06 07:45:11.351,1.6665,1.66703,2.25,1.00
2016.05.06 07:45:11.401,1.66654,1.66705,1.12,1.00
2016.05.06 07:45:11.665,1.66656,1.66708,1.00,1.00
2016.05.06 07:45:12.203,1.66659,1.6671,1.00,1.12
2016.05.06 07:45:13.104,1.66658,1.66711,1.00,1.50
2016.05.06 07:45:13.605,1.66659,1.6671,1.00,1.12
2016.05.06 07:45:14.152,1.66658,1.66711,1.00,1.50
2016.05.06 07:45:14.708,1.66659,1.6671,1.00,1.12
2016.05.06 07:45:15.157,1.66659,1.66706,1.00,1.00
2016.05.06 07:45:16.211,1.66658,1.66706,1.00,1.00
2016.05.06 07:45:16.885,1.66659,1.66706,1.00,1.00
2016.05.06 07:45:17.415,1.66657,1.66706,1.00,1.00
2016.05.06 07:45:18.022,1.66658,1.66706,1.00,1.00
2016.05.06 07:45:18.667,1.66658,1.66708,1.00,1.00
2016.05.06 07:45:18.768,1.66658,1.66706,1.00,1.00
2016.05.06 07:45:18.862,1.66658,1.66708,1.00,1.00
2016.05.06 07:45:19.193,1.66654,1.66709,1.12,1.00
2016.05.06 07:45:19.243,1.6665,1.66706,1.75,1.00
2016.05.06 07:45:19.359,1.6665,1.66706,1.00,1.75
2016.05.06 07:45:19.613,1.66648,1.66704,1.00,1.50
2016.05.06 07:45:19.664,1.6665,1.66701,1.00,1.00
2016.05.06 07:45:20.316,1.66649,1.66702,1.00,1.50
2016.05.06 07:45:20.633,1.66646,1.66699,1.50,1.00
2016.05.06 07:45:21.170,1.66647,1.66698,1.12,1.00
2016.05.06 07:45:21.824,1.66646,1.66699,1.50,1.00
2016.05.06 07:45:22.363,1.66647,1.66698,1.12,1.00
2016.05.06 07:45:22.927,1.66646,1.66699,1.50,1.00
2016.05.06 07:45:24.129,1.66647,1.66698,1.12,1.00
2016.05.06 07:45:24.450,1.66641,1.66692,1.00,1.50
2016.05.06 07:45:24.601,1.6664,1.66693,1.50,1.00
2016.05.06 07:45:24.803,1.66636,1.66693,1.37,1.37
2016.05.06 07:45:24.904,1.66636,1.66693,1.00,1.75
2016.05.06 07:45:25.105,1.66636,1.66693,1.37,1.37
2016.05.06 07:45:25.207,1.66639,1.66696,1.75,1.50
2016.05.06 07:45:25.457,1.66647,1.66697,1.00,1.00
2016.05.06 07:45:25.710,1.66653,1.66704,1.00,1.00
2016.05.06 07:45:26.269,1.66652,1.66705,1.00,1.12
2016.05.06 07:45:26.487,1.6665,1.66701,1.00,1.00
2016.05.06 07:45:27.028,1.66649,1.66702,1.12,1.00
2016.05.06 07:45:27.179,1.66651,1.66707,1.00,1.50
2016.05.06 07:45:27.330,1.66645,1.66702,1.75,1.00
2016.05.06 07:45:27.644,1.6664,1.66687,1.00,1.00
2016.05.06 07:45:27.695,1.66634,1.6669,1.00,1.50
2016.05.06 07:45:28.985,1.66633,1.6669,2.25,1.50
2016.05.06 07:45:29.679,1.66634,1.6669,1.00,1.50
2016.05.06 07:45:30.006,1.66635,1.66693,1.37,1.37
2016.05.06 07:45:30.057,1.66635,1.66693,1.75,1.00
2016.05.06 07:45:30.107,1.66644,1.66693,1.00,1.00
2016.05.06 07:45:30.410,1.66644,1.66691,1.00,1.00
2016.05.06 07:45:30.945,1.66644,1.66692,1.00,1.00
2016.05.06 07:45:31.459,1.66644,1.66691,1.00,1.00
2016.05.06 07:45:31.961,1.66644,1.66694,1.00,1.00
2016.05.06 07:45:32.391,1.66646,1.66697,1.00,1.50
2016.05.06 07:45:32.493,1.66644,1.66696,1.00,1.37
2016.05.06 07:45:32.795,1.66639,1.66696,1.12,1.37
2016.05.06 07:45:32.845,1.66641,1.667,1.00,2.25
2016.05.06 07:45:33.148,1.66646,1.66697,1.00,1.50
2016.05.06 07:45:34.104,1.66645,1.66698,1.00,1.75
2016.05.06 07:45:34.709,1.66646,1.66696,1.00,1.37
2016.05.06 07:45:35.769,1.66645,1.66697,1.00,1.50
2016.05.06 07:45:36.023,1.66639,1.66692,1.12,1.00
2016.05.06 07:45:36.174,1.66637,1.66688,1.50,1.00
2016.05.06 07:45:36.477,1.66636,1.66694,1.75,1.00
2016.05.06 07:45:37.099,1.66636,1.66695,1.75,1.87
2016.05.06 07:45:37.150,1.66634,1.66692,2.25,1.00
2016.05.06 07:45:37.675,1.66639,1.66691,1.12,1.00
2016.05.06 07:45:37.993,1.66642,1.66693,1.00,1.00
2016.05.06 07:45:38.501,1.66641,1.66694,1.00,1.00
2016.05.06 07:45:39.036,1.66642,1.66693,1.00,1.00
2016.05.06 07:45:40.305,1.66641,1.66694,1.00,1.50
2016.05.06 07:45:40.981,1.66642,1.66693,1.00,1.00
2016.05.06 07:45:41.330,1.66645,1.66696,1.00,1.87
2016.05.06 07:45:42.603,1.66644,1.66697,1.00,1.50
2016.05.06 07:45:42.905,1.66627,1.66676,1.00,1.00
2016.05.06 07:45:43.006,1.66621,1.66677,1.37,1.00
2016.05.06 07:45:43.260,1.66621,1.66676,1.00,1.37
2016.05.06 07:45:43.310,1.66618,1.66672,1.00,1.00
2016.05.06 07:45:43.901,1.66617,1.66672,1.00,1.00
2016.05.06 07:45:44.139,1.66623,1.66672,1.00,1.00
2016.05.06 07:45:44.488,1.66638,1.66684,1.00,1.00
2016.05.06 07:45:44.539,1.66638,1.6669,1.00,1.00
2016.05.06 07:45:44.590,1.6664,1.66693,1.00,1.50
2016.05.06 07:45:44.893,1.66641,1.66692,1.75,1.00
2016.05.06 07:45:45.146,1.66636,1.66693,1.75,1.00
2016.05.06 07:45:45.480,1.6664,1.66693,1.37,1.00
2016.05.06 07:45:45.631,1.66644,1.66695,1.50,1.00
2016.05.06 07:45:46.196,1.66643,1.66696,2.25,1.00
2016.05.06 07:45:46.776,1.66644,1.66695,1.50,1.00
2016.05.06 07:45:47.349,1.66643,1.66696,2.25,1.00
2016.05.06 07:45:48.199,1.66644,1.66695,1.50,1.00
2016.05.06 07:45:49.072,1.66647,1.66698,1.00,1.00
2016.05.06 07:45:49.223,1.66646,1.667,1.00,1.00
2016.05.06 07:45:49.274,1.66646,1.66701,1.37,1.12
2016.05.06 07:45:49.817,1.66646,1.667,1.75,1.00
2016.05.06 07:45:49.968,1.66646,1.66703,2.25,1.00
2016.05.06 07:45:50.154,1.66653,1.66703,1.00,1.00
2016.05.06 07:45:50.311,1.66647,1.66703,1.75,1.00
2016.05.06 07:45:50.680,1.66648,1.66707,1.75,4.12
2016.05.06 07:45:50.731,1.66648,1.66705,1.75,1.00
2016.05.06 07:45:51.312,1.66654,1.66705,1.00,1.00
2016.05.06 07:45:51.629,1.66648,1.66705,1.75,1.00
2016.05.06 07:45:51.915,1.66653,1.66704,1.00,1.00
2016.05.06 07:45:52.417,1.66654,1.66704,1.00,1.00
2016.05.06 07:45:52.924,1.66652,1.66705,1.00,1.00
2016.05.06 07:45:53.126,1.66654,1.66705,1.00,1.50
2016.05.06 07:45:53.821,1.66654,1.66704,1.00,1.00
2016.05.06 07:45:54.121,1.66649,1.66702,2.25,1.00
2016.05.06 07:45:54.222,1.66654,1.66701,1.00,1.50
2016.05.06 07:45:54.323,1.66649,1.66702,1.00,1.37
2016.05.06 07:45:54.957,1.66654,1.66701,1.00,1.12
2016.05.06 07:45:55.642,1.66664,1.66702,1.00,1.00
2016.05.06 07:45:55.742,1.66659,1.66709,1.87,1.12
2016.05.06 07:45:55.793,1.66659,1.6671,2.25,1.37
2016.05.06 07:45:55.944,1.66664,1.66713,1.00,1.37
2016.05.06 07:45:56.428,1.66664,1.66713,1.00,1.00
2016.05.06 07:45:57.149,1.66664,1.66714,1.00,1.00
2016.05.06 07:45:57.681,1.66664,1.66713,1.00,1.00
2016.05.06 07:45:58.680,1.66661,1.66714,1.50,1.00
2016.05.06 07:45:59.137,1.66664,1.66713,1.00,1.00
2016.05.06 07:45:59.669,1.66661,1.66714,1.50,1.00
2016.05.06 07:45:59.771,1.66659,1.66711,1.75,1.00
2016.05.06 07:46:00.375,1.66659,1.66708,1.75,1.00
2016.05.06 07:46:00.917,1.66658,1.66709,1.75,1.50
2016.05.06 07:46:01.069,1.66654,1.66705,1.50,1.00
2016.05.06 07:46:01.614,1.66654,1.66706,1.00,1.00
2016.05.06 07:46:02.205,1.66654,1.66705,1.50,1.00
2016.05.06 07:46:02.711,1.66653,1.66706,1.12,1.50
2016.05.06 07:46:02.963,1.66652,1.66702,1.50,1.00
2016.05.06 07:46:03.360,1.66654,1.66706,1.00,1.00
2016.05.06 07:46:03.713,1.66656,1.66707,1.00,1.00
2016.05.06 07:46:04.016,1.66662,1.6671,1.00,1.00
2016.05.06 07:46:04.268,1.66653,1.66709,2.25,1.00
2016.05.06 07:46:04.419,1.66655,1.66712,1.37,1.12
2016.05.06 07:46:05.236,1.66652,1.66706,1.75,1.00
2016.05.06 07:46:06.874,1.66654,1.66712,1.50,1.12
2016.05.06 07:46:06.925,1.66657,1.66714,1.37,1.37
2016.05.06 07:46:06.976,1.66659,1.66715,1.75,1.00
2016.05.06 07:46:07.632,1.66661,1.66716,1.50,1.12
2016.05.06 07:46:08.719,1.66661,1.66717,1.87,1.37
2016.05.06 07:46:09.265,1.66662,1.66717,1.12,1.37
2016.05.06 07:46:09.816,1.66662,1.66717,1.12,1.00
2016.05.06 07:46:12.169,1.66667,1.66715,1.50,1.00
2016.05.06 07:46:12.271,1.66663,1.66718,1.75,1.00
2016.05.06 07:46:12.372,1.66662,1.66713,1.87,1.00
2016.05.06 07:46:12.423,1.66662,1.66713,1.00,1.00
2016.05.06 07:46:12.575,1.66659,1.66712,1.50,1.00
2016.05.06 07:46:13.077,1.6666,1.66711,1.00,1.00
2016.05.06 07:46:13.178,1.66657,1.66706,1.37,1.00
2016.05.06 07:46:13.228,1.66655,1.66706,1.00,1.00
2016.05.06 07:46:14.128,1.66654,1.66707,1.50,1.00
2016.05.06 07:46:14.893,1.66657,1.66709,1.00,1.00
2016.05.06 07:46:15.195,1.66663,1.66717,1.00,1.37
2016.05.06 07:46:15.512,1.66663,1.6671,1.00,1.00
2016.05.06 07:46:16.019,1.66663,1.66708,1.00,1.00
2016.05.06 07:46:16.523,1.66659,1.66707,1.00,1.00
2016.05.06 07:46:16.716,1.66654,1.66705,1.75,1.00
2016.05.06 07:46:16.918,1.6665,1.66706,1.00,1.75
2016.05.06 07:46:17.400,1.66654,1.66705,1.00,1.50
2016.05.06 07:46:18.349,1.66654,1.66702,1.00,1.00
2016.05.06 07:46:18.892,1.66654,1.66703,1.12,1.00
2016.05.06 07:46:19.150,1.66654,1.66705,1.87,1.12
2016.05.06 07:46:19.657,1.66654,1.66706,1.12,1.37
2016.05.06 07:46:19.994,1.66663,1.66707,1.00,1.37
2016.05.06 07:46:20.095,1.66663,1.66711,1.00,1.00
2016.05.06 07:46:20.196,1.66663,1.66714,1.50,1.50
2016.05.06 07:46:20.297,1.66669,1.66726,1.00,2.62
2016.05.06 07:46:20.897,1.6667,1.6672,1.00,1.37
2016.05.06 07:46:21.398,1.66669,1.66721,1.50,1.37
2016.05.06 07:46:21.960,1.6667,1.6672,1.00,1.00
2016.05.06 07:46:22.551,1.66669,1.66721,1.50,1.00
2016.05.06 07:46:23.353,1.6667,1.6672,1.00,1.00
2016.05.06 07:46:24.415,1.66669,1.66721,1.50,1.00
2016.05.06 07:46:24.470,1.6667,1.66717,1.00,1.00
2016.05.06 07:46:24.520,1.66666,1.66714,1.00,1.00
2016.05.06 07:46:24.621,1.66662,1.66715,1.00,1.50
2016.05.06 07:46:24.672,1.66659,1.66713,1.00,1.50
2016.05.06 07:46:24.901,1.66657,1.66713,1.50,1.50
2016.05.06 07:46:25.503,1.66658,1.66713,1.00,1.50
2016.05.06 07:46:25.917,1.6666,1.6671,1.00,1.00
2016.05.06 07:46:26.219,1.66661,1.66714,1.75,1.00
2016.05.06 07:46:26.765,1.66662,1.66713,1.00,1.00
2016.05.06 07:46:26.916,1.66656,1.66713,1.50,1.00
2016.05.06 07:46:27.309,1.66659,1.66711,1.00,1.00
2016.05.06 07:46:27.616,1.66665,1.66716,1.00,1.50
2016.05.06 07:46:28.460,1.66664,1.66717,1.50,1.75
2016.05.06 07:46:29.023,1.66664,1.66713,1.00,1.00
2016.05.06 07:46:29.862,1.66664,1.66714,1.00,1.00
2016.05.06 07:46:31.223,1.66664,1.66713,1.00,1.00
2016.05.06 07:46:31.724,1.66664,1.66714,1.00,1.00
2016.05.06 07:46:32.278,1.66664,1.66713,1.00,1.00
2016.05.06 07:46:32.579,1.66664,1.66716,2.25,1.00
2016.05.06 07:46:33.130,1.66665,1.66715,1.75,1.00
2016.05.06 07:46:33.932,1.66664,1.66716,2.25,1.00
2016.05.06 07:46:35.336,1.66665,1.66715,1.75,1.00
2016.05.06 07:46:36.535,1.66664,1.66716,2.25,1.00
2016.05.06 07:46:37.035,1.66674,1.66715,1.00,1.00
2016.05.06 07:46:37.258,1.66674,1.66721,1.00,1.00
2016.05.06 07:46:37.615,1.66683,1.66721,1.00,1.00
2016.05.06 07:46:38.194,1.66683,1.66722,1.00,1.00
2016.05.06 07:46:38.383,1.66674,1.66721,1.00,1.00
2016.05.06 07:46:38.832,1.66669,1.66722,1.37,1.00
2016.05.06 07:46:38.883,1.66669,1.66722,1.75,1.00
2016.05.06 07:46:39.027,1.66674,1.66724,1.00,1.00
2016.05.06 07:46:39.534,1.66673,1.66725,1.87,1.00
2016.05.06 07:46:40.150,1.66674,1.66724,1.00,1.00
2016.05.06 07:46:40.795,1.66673,1.66725,1.12,1.00
2016.05.06 07:46:41.371,1.66674,1.66724,1.00,1.00
2016.05.06 07:46:42.053,1.66673,1.66725,1.12,1.00
2016.05.06 07:46:42.558,1.66674,1.66724,1.00,1.00
2016.05.06 07:46:42.659,1.66669,1.66726,1.75,1.00
2016.05.06 07:46:45.010,1.66671,1.66728,1.50,1.50
2016.05.06 07:46:45.165,1.66675,1.66726,1.00,1.00
2016.05.06 07:46:45.535,1.66671,1.66724,1.50,1.00
2016.05.06 07:46:46.117,1.66672,1.66723,1.37,1.00
2016.05.06 07:46:46.883,1.66671,1.66724,1.50,1.00
2016.05.06 07:46:47.521,1.66674,1.66724,1.00,1.00
2016.05.06 07:46:48.297,1.66671,1.66724,1.50,1.00
2016.05.06 07:46:48.968,1.66672,1.66723,1.37,1.00
2016.05.06 07:46:49.302,1.66668,1.66721,3.00,1.00
2016.05.06 07:46:49.628,1.66661,1.66707,1.12,1.00
2016.05.06 07:46:49.679,1.66659,1.6671,1.00,1.00
2016.05.06 07:46:49.880,1.66661,1.66714,1.75,1.00
2016.05.06 07:46:50.421,1.66662,1.66713,1.75,1.00
2016.05.06 07:46:50.815,1.66661,1.66719,1.75,1.00
2016.05.06 07:46:50.866,1.66663,1.66722,1.75,1.00
2016.05.06 07:46:50.916,1.66668,1.66719,1.00,1.00
2016.05.06 07:46:51.219,1.6667,1.66722,2.25,1.00
2016.05.06 07:46:51.422,1.66665,1.66717,1.00,1.50
2016.05.06 07:46:51.644,1.66665,1.66713,1.00,1.00
2016.05.06 07:46:51.694,1.66661,1.66711,1.00,1.00
2016.05.06 07:46:51.796,1.66657,1.66707,1.50,1.00
2016.05.06 07:46:52.337,1.66657,1.66708,1.00,1.00
2016.05.06 07:46:52.657,1.66657,1.66703,1.00,1.00
2016.05.06 07:46:52.810,1.66649,1.66702,1.75,1.00
2016.05.06 07:46:52.861,1.66654,1.66702,1.00,1.00
2016.05.06 07:46:53.487,1.66654,1.66701,1.00,1.00
2016.05.06 07:46:54.080,1.66653,1.66702,1.00,1.00
2016.05.06 07:46:54.411,1.66653,1.66705,1.00,1.00
2016.05.06 07:46:54.981,1.66653,1.66704,1.50,1.00
2016.05.06 07:46:56.585,1.66653,1.66701,1.00,1.00
2016.05.06 07:46:57.012,1.66655,1.66705,1.00,1.00
2016.05.06 07:46:58.395,1.66654,1.66706,1.50,1.00
2016.05.06 07:46:58.929,1.66657,1.66708,1.00,1.50
2016.05.06 07:46:59.548,1.66664,1.66708,1.00,1.50
2016.05.06 07:46:59.711,1.66657,1.66706,1.00,1.00
2016.05.06 07:46:59.762,1.66654,1.66705,1.50,1.00
2016.05.06 07:47:00.115,1.66654,1.66709,1.00,1.75
2016.05.06 07:47:01.898,1.66654,1.66706,1.00,1.00
2016.05.06 07:47:02.469,1.66654,1.66705,1.50,1.00
2016.05.06 07:47:02.625,1.66659,1.66709,1.00,1.75
2016.05.06 07:47:02.726,1.66656,1.66711,1.50,1.75
2016.05.06 07:47:03.296,1.66661,1.66711,1.00,1.75
2016.05.06 07:47:03.347,1.6666,1.66714,1.00,1.50
2016.05.06 07:47:03.448,1.6666,1.66712,1.00,1.00
2016.05.06 07:47:03.499,1.66654,1.66712,1.12,1.75
2016.05.06 07:47:03.702,1.66654,1.66706,1.12,1.00
2016.05.06 07:47:04.023,1.66654,1.66702,1.12,1.00
2016.05.06 07:47:04.640,1.66654,1.66703,1.12,1.00
2016.05.06 07:47:07.113,1.66654,1.66702,1.12,1.00
2016.05.06 07:47:07.636,1.66654,1.66703,1.12,1.00
2016.05.06 07:47:07.934,1.66655,1.66705,1.00,1.00
2016.05.06 07:47:08.216,1.66654,1.66703,1.12,1.00
2016.05.06 07:47:08.818,1.66654,1.66704,1.12,1.00
2016.05.06 07:47:09.520,1.66654,1.66703,1.12,1.00
2016.05.06 07:47:09.859,1.66664,1.66703,1.00,1.00
2016.05.06 07:47:09.960,1.66654,1.66704,1.12,1.00
2016.05.06 07:47:10.523,1.66654,1.66703,1.12,1.00
2016.05.06 07:47:10.674,1.66663,1.66703,1.00,1.00
2016.05.06 07:47:10.732,1.66654,1.66703,1.12,1.00
2016.05.06 07:47:10.966,1.66655,1.66706,1.00,1.00
2016.05.06 07:47:11.169,1.66657,1.6671,1.00,1.50
2016.05.06 07:47:11.726,1.66658,1.66709,1.00,1.12
2016.05.06 07:47:13.129,1.66657,1.6671,1.00,1.50
2016.05.06 07:47:13.854,1.66658,1.66709,1.00,1.12
2016.05.06 07:47:13.931,1.66655,1.66706,1.00,1.00
2016.05.06 07:47:14.607,1.66656,1.66706,1.00,1.00
2016.05.06 07:47:14.658,1.66656,1.66712,1.00,3.00
2016.05.06 07:47:14.709,1.66659,1.66712,1.00,1.75
2016.05.06 07:47:14.993,1.66661,1.66717,1.00,1.00
2016.05.06 07:47:15.100,1.66664,1.66717,1.00,1.00
2016.05.06 07:47:15.585,1.66664,1.66719,1.00,1.00
2016.05.06 07:47:15.736,1.66664,1.66712,1.00,1.00
2016.05.06 07:47:16.286,1.66663,1.66713,1.00,1.00
2016.05.06 07:47:16.438,1.66663,1.66715,1.00,1.00
2016.05.06 07:47:16.539,1.66661,1.66716,1.00,1.00
2016.05.06 07:47:16.703,1.66664,1.66716,1.00,1.00
2016.05.06 07:47:17.432,1.66663,1.66716,1.00,1.00
2016.05.06 07:47:17.941,1.66664,1.66716,1.00,1.00
2016.05.06 07:47:20.799,1.66664,1.66714,1.00,1.37
2016.05.06 07:47:20.950,1.66659,1.66711,1.00,1.00
2016.05.06 07:47:21.209,1.66663,1.66712,1.00,1.12
2016.05.06 07:47:21.726,1.66659,1.66711,1.00,1.00
2016.05.06 07:47:21.777,1.66662,1.66713,1.00,1.50
2016.05.06 07:47:22.079,1.66664,1.66719,1.00,1.50
2016.05.06 07:47:22.612,1.66663,1.66719,1.00,1.50
2016.05.06 07:47:22.992,1.66664,1.66714,1.00,1.00
2016.05.06 07:47:24.487,1.66664,1.6671,1.00,1.00
2016.05.06 07:47:24.890,1.66664,1.66708,1.00,1.00
2016.05.06 07:47:25.265,1.66664,1.66715,1.00,1.75
2016.05.06 07:47:25.316,1.66658,1.66715,1.00,1.75
2016.05.06 07:47:25.440,1.66654,1.66709,1.12,1.00
2016.05.06 07:47:25.591,1.66654,1.66705,1.12,1.00
2016.05.06 07:47:25.937,1.66653,1.66701,1.00,1.00
2016.05.06 07:47:26.904,1.66653,1.66699,1.00,1.00
2016.05.06 07:47:26.955,1.66645,1.66698,1.00,1.00
2016.05.06 07:47:27.006,1.66644,1.66695,1.00,1.00
2016.05.06 07:47:27.314,1.66644,1.66692,1.00,1.00
2016.05.06 07:47:27.919,1.66643,1.66692,1.00,1.00
2016.05.06 07:47:28.188,1.66643,1.66695,1.00,1.12
2016.05.06 07:47:28.695,1.66643,1.66694,1.50,1.12
2016.05.06 07:47:29.246,1.66643,1.66695,1.00,1.00
2016.05.06 07:47:29.768,1.66643,1.66694,1.50,1.00
2016.05.06 07:47:30.503,1.66643,1.66692,1.00,1.00
2016.05.06 07:47:30.554,1.6664,1.66692,1.00,1.00
2016.05.06 07:47:30.755,1.66643,1.66691,1.00,1.00
2016.05.06 07:47:31.907,1.66643,1.66692,1.00,1.00
2016.05.06 07:47:32.505,1.66643,1.66691,1.00,1.00
2016.05.06 07:47:33.050,1.66643,1.66692,1.00,1.00
2016.05.06 07:47:33.327,1.6664,1.66691,1.50,1.00
2016.05.06 07:47:33.658,1.66644,1.66692,1.00,1.00
2016.05.06 07:47:34.011,1.66644,1.66694,1.00,1.00
2016.05.06 07:47:35.028,1.66644,1.66695,1.00,1.50
2016.05.06 07:47:35.230,1.66644,1.66691,1.00,1.00
2016.05.06 07:47:35.521,1.66645,1.66695,1.00,1.00
2016.05.06 07:47:35.576,1.66645,1.66697,1.00,1.00
2016.05.06 07:47:35.879,1.66654,1.66698,1.00,1.00
2016.05.06 07:47:36.330,1.66644,1.66698,1.50,1.00
2016.05.06 07:47:36.465,1.66654,1.66704,1.12,1.50
2016.05.06 07:47:36.516,1.66654,1.66703,1.50,1.00
2016.05.06 07:47:36.687,1.66664,1.66709,1.00,1.00
2016.05.06 07:47:36.738,1.66654,1.66709,1.50,1.00
2016.05.06 07:47:36.839,1.66663,1.66709,1.00,1.00
2016.05.06 07:47:37.350,1.66663,1.66708,1.00,1.00
2016.05.06 07:47:37.661,1.66652,1.66702,1.37,1.00
2016.05.06 07:47:37.762,1.66646,1.66699,1.50,1.00
2016.05.06 07:47:37.812,1.66646,1.66697,1.00,1.00
2016.05.06 07:47:38.136,1.66646,1.66694,1.00,1.00
2016.05.06 07:47:38.519,1.66644,1.66695,1.00,1.87
2016.05.06 07:47:38.570,1.66641,1.66693,1.00,1.00
2016.05.06 07:47:38.671,1.66643,1.66695,1.00,1.87
2016.05.06 07:47:39.033,1.66654,1.667,1.00,1.87
2016.05.06 07:47:39.083,1.66653,1.667,1.00,1.50
2016.05.06 07:47:39.587,1.66654,1.66701,1.00,1.00
2016.05.06 07:47:39.789,1.66654,1.66699,1.00,1.00
2016.05.06 07:47:40.111,1.66653,1.66703,1.00,2.25
2016.05.06 07:47:40.686,1.66653,1.66702,1.00,1.00
2016.05.06 07:47:41.246,1.66654,1.66698,1.00,1.00
2016.05.06 07:47:41.427,1.66654,1.66701,1.00,1.00
2016.05.06 07:47:41.478,1.66646,1.66701,1.00,1.00
2016.05.06 07:47:42.141,1.66645,1.66701,1.00,1.00
2016.05.06 07:47:42.654,1.66646,1.667,1.00,1.00
2016.05.06 07:47:43.200,1.66645,1.667,1.00,1.00
2016.05.06 07:47:44.550,1.66653,1.667,1.00,1.00
2016.05.06 07:47:44.651,1.66646,1.667,1.75,1.00
2016.05.06 07:47:44.954,1.66653,1.667,1.00,1.00
2016.05.06 07:47:45.004,1.66653,1.66703,1.00,1.00
2016.05.06 07:47:45.105,1.66653,1.66706,1.50,1.00
2016.05.06 07:47:45.774,1.66649,1.667,1.75,1.00
2016.05.06 07:47:46.101,1.66654,1.66701,1.00,1.00
2016.05.06 07:47:46.403,1.66654,1.66703,1.00,1.00
2016.05.06 07:47:46.920,1.66654,1.66702,1.00,1.50
2016.05.06 07:47:47.656,1.66654,1.66701,1.00,1.00
2016.05.06 07:47:48.515,1.66654,1.66699,1.00,1.00
2016.05.06 07:47:48.566,1.66647,1.66699,1.75,1.00
2016.05.06 07:47:49.785,1.66646,1.66694,1.75,1.00
2016.05.06 07:47:49.837,1.66647,1.66698,1.00,1.00
2016.05.06 07:47:50.445,1.66646,1.66699,1.00,1.00
2016.05.06 07:47:50.966,1.66647,1.66698,1.00,1.00
2016.05.06 07:47:51.516,1.66646,1.66699,1.00,1.00
2016.05.06 07:47:51.939,1.66644,1.66696,2.25,1.00
2016.05.06 07:47:52.970,1.66644,1.66697,1.00,1.00
2016.05.06 07:47:53.360,1.66643,1.66694,1.50,1.00
2016.05.06 07:47:53.673,1.66644,1.6669,1.00,1.00
2016.05.06 07:47:53.723,1.66644,1.66695,1.00,1.00
2016.05.06 07:47:53.966,1.66644,1.667,1.00,1.12
2016.05.06 07:47:54.067,1.66654,1.667,1.00,1.12
2016.05.06 07:47:54.575,1.66643,1.66695,1.12,1.00
2016.05.06 07:47:54.891,1.66639,1.66689,1.50,1.00
2016.05.06 07:47:55.220,1.66638,1.66689,1.37,1.37
2016.05.06 07:47:55.271,1.66637,1.6669,1.00,1.75
2016.05.06 07:47:55.528,1.66635,1.66686,1.00,1.00
2016.05.06 07:47:56.048,1.66633,1.66684,1.00,1.00
2016.05.06 07:47:57.683,1.66633,1.66685,1.00,1.50
2016.05.06 07:47:59.487,1.66633,1.66684,1.00,1.00
2016.05.06 07:48:00.083,1.66633,1.66685,1.00,2.25
2016.05.06 07:48:00.591,1.66632,1.66684,1.00,1.00
2016.05.06 07:48:01.292,1.66631,1.66685,1.12,1.00
2016.05.06 07:48:01.766,1.66631,1.66682,1.12,1.00
2016.05.06 07:48:01.867,1.66633,1.66685,1.50,1.00
2016.05.06 07:48:02.498,1.66633,1.66686,1.00,1.00
2016.05.06 07:48:03.047,1.66634,1.66685,1.00,1.00
2016.05.06 07:48:03.499,1.66629,1.66683,2.25,1.00
2016.05.06 07:48:03.601,1.66634,1.6668,1.00,1.00
2016.05.06 07:48:04.150,1.66634,1.66681,1.00,1.00
2016.05.06 07:48:04.302,1.66634,1.66685,1.00,1.50
2016.05.06 07:48:04.353,1.66634,1.66683,1.00,1.00
2016.05.06 07:48:05.209,1.66634,1.66682,1.00,1.00
2016.05.06 07:48:05.310,1.66628,1.66679,2.25,1.00
2016.05.06 07:48:05.421,1.66629,1.66681,1.00,1.00
2016.05.06 07:48:05.623,1.66634,1.66682,1.00,1.12
2016.05.06 07:48:05.808,1.66627,1.6668,1.00,1.00
2016.05.06 07:48:05.909,1.66633,1.6668,1.00,1.50
2016.05.06 07:48:06.144,1.66627,1.6668,1.00,1.00
2016.05.06 07:48:06.410,1.66633,1.66677,1.00,1.00
2016.05.06 07:48:06.953,1.66634,1.66677,1.00,1.00
2016.05.06 07:48:08.265,1.66634,1.66678,1.00,1.00
2016.05.06 07:48:08.819,1.66634,1.66677,1.00,1.00
2016.05.06 07:48:09.442,1.66634,1.66678,1.00,1.00
2016.05.06 07:48:09.969,1.66634,1.66677,1.00,1.00
2016.05.06 07:48:10.486,1.66634,1.6668,1.00,1.00
2016.05.06 07:48:10.671,1.66633,1.66684,1.00,1.00
2016.05.06 07:48:10.772,1.66633,1.66686,1.50,1.00
2016.05.06 07:48:11.790,1.66634,1.66685,1.00,1.00
2016.05.06 07:48:12.375,1.66633,1.66686,1.50,1.00
2016.05.06 07:48:12.940,1.66634,1.66685,1.00,1.00
2016.05.06 07:48:13.477,1.66633,1.66686,1.50,1.00
2016.05.06 07:48:14.079,1.66634,1.66685,1.00,1.00
2016.05.06 07:48:14.281,1.66633,1.66681,1.00,1.00
2016.05.06 07:48:14.331,1.6663,1.66681,1.00,1.00
2016.05.06 07:48:14.483,1.6663,1.66677,1.00,1.00
2016.05.06 07:48:14.675,1.66626,1.66677,1.00,2.25
2016.05.06 07:48:14.726,1.66624,1.66676,1.00,1.50
2016.05.06 07:48:14.827,1.66624,1.66673,1.00,1.00
2016.05.06 07:48:15.133,1.66624,1.6667,1.00,1.00
2016.05.06 07:48:15.334,1.66618,1.6667,1.50,1.00
2016.05.06 07:48:15.435,1.66624,1.6667,1.00,1.00
2016.05.06 07:48:15.637,1.66613,1.66669,1.50,1.00
2016.05.06 07:48:15.834,1.66615,1.66669,1.00,1.00
2016.05.06 07:48:16.139,1.66624,1.66669,1.00,1.00
2016.05.06 07:48:16.240,1.66624,1.66675,1.00,1.52
2016.05.06 07:48:16.341,1.66613,1.66676,2.25,1.65
2016.05.06 07:48:16.392,1.66619,1.66671,1.00,1.00
2016.05.06 07:48:16.694,1.66617,1.66668,1.00,1.12
2016.05.06 07:48:17.022,1.66623,1.66666,1.00,1.00
2016.05.06 07:48:17.592,1.66623,1.66667,1.00,1.00
2016.05.06 07:48:17.838,1.66614,1.66667,1.00,1.00
2016.05.06 07:48:18.495,1.66614,1.66666,1.50,1.00
2016.05.06 07:48:19.400,1.66614,1.66667,1.00,1.00
2016.05.06 07:48:19.885,1.66614,1.66663,1.00,1.00
2016.05.06 07:48:20.805,1.66614,1.66664,1.00,1.00
2016.05.06 07:48:21.407,1.66614,1.66654,1.00,1.00
2016.05.06 07:48:21.660,1.666,1.66651,1.50,1.50
2016.05.06 07:48:21.761,1.66599,1.6665,1.37,1.12
2016.05.06 07:48:21.891,1.66597,1.66648,1.00,1.00
2016.05.06 07:48:22.410,1.66596,1.66649,1.00,1.00
2016.05.06 07:48:23.174,1.66597,1.66648,1.00,1.00
2016.05.06 07:48:23.716,1.66594,1.66645,1.50,1.00
2016.05.06 07:48:24.065,1.66594,1.66643,1.00,1.00
2016.05.06 07:48:24.749,1.66594,1.66642,1.00,1.00
2016.05.06 07:48:24.850,1.66593,1.66646,1.00,1.00
2016.05.06 07:48:25.152,1.66597,1.66648,1.00,1.00
2016.05.06 07:48:25.455,1.66604,1.66646,1.00,1.00
2016.05.06 07:48:26.242,1.66594,1.66646,1.00,1.00
2016.05.06 07:48:26.343,1.66603,1.66643,1.00,1.00
2016.05.06 07:48:26.924,1.66603,1.66644,1.00,1.50
2016.05.06 07:48:26.974,1.66593,1.66644,1.00,1.50
2016.05.06 07:48:27.076,1.66603,1.66644,1.00,1.50
2016.05.06 07:48:27.344,1.66594,1.66643,1.00,1.37
2016.05.06 07:48:28.237,1.66594,1.6664,1.00,1.00
2016.05.06 07:48:28.540,1.66594,1.66636,1.00,1.50
2016.05.06 07:48:28.900,1.66584,1.66635,1.00,1.37
2016.05.06 07:48:29.380,1.66593,1.66635,1.00,1.37
2016.05.06 07:48:29.668,1.66593,1.66636,1.00,1.00
2016.05.06 07:48:30.196,1.66593,1.66637,1.00,1.00
2016.05.06 07:48:30.466,1.66584,1.66633,1.50,1.00
2016.05.06 07:48:30.618,1.66583,1.66634,1.00,1.00
2016.05.06 07:48:30.668,1.66593,1.66636,1.00,1.12
2016.05.06 07:48:30.770,1.66584,1.66632,1.00,1.00
2016.05.06 07:48:30.820,1.66584,1.6663,1.00,1.00
2016.05.06 07:48:30.972,1.66574,1.66628,1.00,1.75
2016.05.06 07:48:32.036,1.66574,1.66622,1.00,1.00
2016.05.06 07:48:32.537,1.66574,1.66623,1.00,1.00
2016.05.06 07:48:33.138,1.66574,1.66622,1.00,1.00
2016.05.06 07:48:33.805,1.66574,1.66623,1.00,1.00
2016.05.06 07:48:34.118,1.66583,1.66622,1.00,1.00
2016.05.06 07:48:34.168,1.66584,1.66628,1.00,1.75
2016.05.06 07:48:34.370,1.66584,1.66632,1.00,1.12
2016.05.06 07:48:35.062,1.66583,1.66634,1.00,3.00
2016.05.06 07:48:35.436,1.66584,1.66632,1.00,1.87
2016.05.06 07:48:36.991,1.66577,1.66628,1.00,1.75
2016.05.06 07:48:37.377,1.66584,1.66628,1.00,1.75
2016.05.06 07:48:37.679,1.66576,1.66629,1.00,1.75
2016.05.06 07:48:37.881,1.66573,1.66626,1.00,1.12
2016.05.06 07:48:38.032,1.66573,1.66624,1.00,1.00
2016.05.06 07:48:38.351,1.66573,1.66622,1.00,1.00
2016.05.06 07:48:38.853,1.66573,1.66621,1.00,1.00
2016.05.06 07:48:39.359,1.66573,1.66622,1.00,1.00
2016.05.06 07:48:39.864,1.66573,1.66621,1.00,1.00
2016.05.06 07:48:40.449,1.66573,1.66624,1.00,1.75
2016.05.06 07:48:41.069,1.66574,1.66622,1.00,1.75
2016.05.06 07:48:41.849,1.66574,1.66625,1.50,1.00
2016.05.06 07:48:41.900,1.66584,1.66628,1.00,1.50
2016.05.06 07:48:42.593,1.66573,1.66625,1.00,1.00
2016.05.06 07:48:42.694,1.66583,1.66625,1.00,1.00
2016.05.06 07:48:43.214,1.66584,1.66625,1.00,1.00
2016.05.06 07:48:43.726,1.66584,1.66624,1.00,1.00
2016.05.06 07:48:43.977,1.66574,1.66624,1.00,1.00
2016.05.06 07:48:44.516,1.66573,1.66624,1.50,1.00
2016.05.06 07:48:44.776,1.66574,1.66621,1.00,1.00
2016.05.06 07:48:45.403,1.66574,1.6662,1.00,1.00
2016.05.06 07:48:45.607,1.66564,1.66622,1.50,2.25
2016.05.06 07:48:45.909,1.66574,1.66622,1.00,2.25
2016.05.06 07:48:46.161,1.66573,1.66627,1.00,1.50
2016.05.06 07:48:46.211,1.66584,1.66627,1.00,1.50
2016.05.06 07:48:46.899,1.66574,1.6663,1.00,1.75
2016.05.06 07:48:47.074,1.66584,1.6663,1.00,1.75
2016.05.06 07:48:47.323,1.66573,1.6663,1.00,1.75
2016.05.06 07:48:47.585,1.66584,1.6663,1.00,1.75
2016.05.06 07:48:47.686,1.66574,1.6663,1.00,1.75
2016.05.06 07:48:48.048,1.66574,1.66628,1.37,1.37
2016.05.06 07:48:48.149,1.66584,1.66634,1.00,1.50
2016.05.06 07:48:48.262,1.66581,1.66637,1.00,1.00
2016.05.06 07:48:48.313,1.66584,1.66637,1.00,1.00
2016.05.06 07:48:49.282,1.66594,1.66637,1.00,1.00
2016.05.06 07:48:49.920,1.66583,1.66637,1.00,1.00
2016.05.06 07:48:50.021,1.66583,1.66634,1.50,1.00
2016.05.06 07:48:50.447,1.66584,1.66632,1.00,1.00
2016.05.06 07:48:50.970,1.66583,1.66633,1.00,1.00
2016.05.06 07:48:51.313,1.66574,1.6662,1.00,1.00
2016.05.06 07:48:51.372,1.66574,1.66625,1.00,1.50
2016.05.06 07:48:51.423,1.66584,1.66625,1.00,1.00
2016.05.06 07:48:51.633,1.66584,1.66633,1.00,1.00
2016.05.06 07:48:52.197,1.66583,1.66634,1.00,1.00
2016.05.06 07:48:52.626,1.66593,1.66633,1.00,1.00
2016.05.06 07:48:53.149,1.66593,1.66634,1.00,1.00
2016.05.06 07:48:53.902,1.66593,1.66635,1.00,1.12
2016.05.06 07:48:55.287,1.66584,1.66636,1.00,2.25
2016.05.06 07:48:55.882,1.66594,1.66635,1.00,1.00
2016.05.06 07:48:55.983,1.66593,1.66638,1.00,1.00
2016.05.06 07:48:56.339,1.66594,1.6664,1.00,1.50
2016.05.06 07:48:56.645,1.66594,1.66638,1.00,1.00
2016.05.06 07:48:58.196,1.66594,1.66639,1.00,1.00
2016.05.06 07:48:58.698,1.66593,1.66638,1.00,1.00
2016.05.06 07:48:59.224,1.66594,1.66638,1.00,1.00
2016.05.06 07:48:59.666,1.66584,1.66634,2.25,1.00
2016.05.06 07:48:59.867,1.66583,1.66632,1.00,1.00
2016.05.06 07:49:00.416,1.66584,1.66633,1.00,1.00
2016.05.06 07:49:00.467,1.66584,1.6663,1.00,1.00
2016.05.06 07:49:01.049,1.66583,1.6663,1.00,1.00
2016.05.06 07:49:02.084,1.66577,1.6663,1.37,1.00
2016.05.06 07:49:02.134,1.66574,1.66628,1.75,1.00
2016.05.06 07:49:02.437,1.66584,1.66629,1.00,1.00
2016.05.06 07:49:03.688,1.66584,1.6663,1.00,1.00
2016.05.06 07:49:04.249,1.66584,1.66629,1.00,1.00
2016.05.06 07:49:04.349,1.66584,1.66633,1.00,1.00
2016.05.06 07:49:04.893,1.66583,1.66634,1.00,1.12
2016.05.06 07:49:05.429,1.66583,1.66633,1.00,1.00
2016.05.06 07:49:06.346,1.66583,1.66634,1.00,1.12
2016.05.06 07:49:06.670,1.66594,1.66636,1.00,2.25
2016.05.06 07:49:07.811,1.66593,1.66637,1.00,1.00
2016.05.06 07:49:07.862,1.66593,1.66642,1.00,1.00
2016.05.06 07:49:08.078,1.66588,1.66646,1.87,2.25
2016.05.06 07:49:08.201,1.66594,1.66646,1.00,2.25
2016.05.06 07:49:08.453,1.666,1.66651,1.00,1.00
2016.05.06 07:49:08.504,1.666,1.66656,1.12,1.50
2016.05.06 07:49:08.807,1.66603,1.66656,1.00,1.50
2016.05.06 07:49:09.358,1.66604,1.66656,1.00,1.50
2016.05.06 07:49:09.975,1.66604,1.66653,1.00,1.00
2016.05.06 07:49:10.434,1.66603,1.66656,1.00,3.00
2016.05.06 07:49:10.484,1.66604,1.66653,1.00,1.00
2016.05.06 07:49:11.017,1.66604,1.66652,1.00,1.00
2016.05.06 07:49:11.169,1.66604,1.66655,1.75,1.00
2016.05.06 07:49:11.270,1.66613,1.66655,1.00,1.00
2016.05.06 07:49:11.371,1.66616,1.66663,1.00,1.12
2016.05.06 07:49:11.472,1.66617,1.66665,1.37,1.00
2016.05.06 07:49:11.573,1.66623,1.66674,1.00,1.00
2016.05.06 07:49:11.739,1.66623,1.66672,1.00,1.00
2016.05.06 07:49:12.272,1.66623,1.66676,1.00,1.00
2016.05.06 07:49:12.615,1.66623,1.6668,1.00,1.87
2016.05.06 07:49:12.791,1.66626,1.66677,1.00,1.00
2016.05.06 07:49:13.143,1.66624,1.66675,1.00,1.00
2016.05.06 07:49:13.668,1.66624,1.66674,1.00,1.00
2016.05.06 07:49:14.315,1.66624,1.66675,1.00,1.00
2016.05.06 07:49:15.072,1.66623,1.66675,1.00,1.00
2016.05.06 07:49:15.504,1.66623,1.66671,1.50,1.00
2016.05.06 07:49:15.917,1.66623,1.66668,1.00,1.00
2016.05.06 07:49:16.018,1.66623,1.66673,1.00,1.00
2016.05.06 07:49:16.426,1.66623,1.66676,1.00,1.50
2016.05.06 07:49:17.132,1.66623,1.66675,1.00,1.00
2016.05.06 07:49:19.208,1.66624,1.66675,1.00,1.50
2016.05.06 07:49:19.583,1.66624,1.66673,1.00,1.00
2016.05.06 07:49:19.885,1.66643,1.66694,1.00,1.00
2016.05.06 07:49:20.114,1.66653,1.66698,1.00,1.00
2016.05.06 07:49:20.229,1.66653,1.667,1.00,1.00
2016.05.06 07:49:20.550,1.66653,1.66698,1.00,1.00
2016.05.06 07:49:21.110,1.66643,1.66698,1.50,1.00
2016.05.06 07:49:21.254,1.66644,1.66694,1.00,1.00
2016.05.06 07:49:21.776,1.66654,1.66694,1.00,1.00
2016.05.06 07:49:22.027,1.66654,1.66698,1.00,1.00
2016.05.06 07:49:22.128,1.66653,1.667,1.00,1.00
2016.05.06 07:49:22.179,1.66653,1.66707,1.00,1.00
2016.05.06 07:49:22.347,1.66664,1.66707,1.00,1.00
2016.05.06 07:49:22.398,1.6666,1.66711,1.37,1.00
2016.05.06 07:49:22.499,1.66664,1.66718,1.50,1.00
2016.05.06 07:49:22.550,1.66664,1.66714,1.50,1.00
2016.05.06 07:49:22.701,1.66657,1.6671,1.50,1.00
2016.05.06 07:49:22.870,1.66658,1.66703,1.12,1.00
2016.05.06 07:49:23.021,1.6665,1.66699,1.00,1.00
2016.05.06 07:49:23.072,1.66645,1.66697,1.00,1.00
2016.05.06 07:49:23.173,1.66645,1.66695,1.00,1.00
2016.05.06 07:49:23.498,1.66643,1.66693,1.00,1.00
2016.05.06 07:49:26.693,1.66644,1.66693,1.00,1.00
2016.05.06 07:49:26.744,1.66644,1.66696,1.50,1.50
2016.05.06 07:49:27.254,1.66644,1.66693,1.00,1.00
2016.05.06 07:49:27.807,1.66644,1.66694,1.00,1.00
2016.05.06 07:49:28.110,1.66644,1.66697,1.00,1.00
2016.05.06 07:49:28.708,1.66643,1.66697,1.87,1.00
2016.05.06 07:49:29.411,1.66644,1.66696,1.00,1.00
2016.05.06 07:49:29.955,1.66643,1.66697,1.87,1.00
2016.05.06 07:49:31.568,1.66644,1.66696,1.00,1.00
2016.05.06 07:49:32.069,1.66643,1.66697,1.87,1.00
2016.05.06 07:49:32.674,1.66645,1.66697,1.00,1.00
2016.05.06 07:49:32.725,1.66645,1.66703,1.00,1.75
2016.05.06 07:49:32.826,1.66645,1.66703,1.37,1.37
2016.05.06 07:49:33.124,1.66649,1.66705,1.12,1.00
2016.05.06 07:49:33.326,1.66653,1.66705,1.00,1.00
2016.05.06 07:49:33.427,1.66649,1.66705,1.12,1.50
2016.05.06 07:49:33.824,1.66654,1.66705,1.00,1.00
2016.05.06 07:49:34.234,1.66648,1.66705,1.50,1.00
2016.05.06 07:49:34.665,1.66647,1.66697,1.75,1.00
2016.05.06 07:49:34.968,1.66636,1.6669,1.50,1.00
2016.05.06 07:49:35.120,1.66636,1.66686,1.50,1.00
2016.05.06 07:49:35.629,1.66637,1.66686,1.00,1.50
2016.05.06 07:49:36.130,1.66636,1.66687,1.00,1.00
2016.05.06 07:49:36.512,1.66634,1.66687,2.62,1.00
2016.05.06 07:49:37.034,1.66635,1.66686,1.00,1.00
2016.05.06 07:49:37.386,1.66635,1.66685,1.00,1.37
2016.05.06 07:49:37.658,1.66634,1.66687,1.50,1.00
2016.05.06 07:49:38.442,1.66635,1.66686,1.12,1.00
2016.05.06 07:49:39.645,1.66634,1.66687,1.50,1.00
2016.05.06 07:49:40.198,1.66635,1.66686,1.12,1.00
2016.05.06 07:49:40.566,1.66636,1.66688,1.00,1.00
2016.05.06 07:49:40.667,1.66638,1.66692,1.37,1.12
2016.05.06 07:49:41.199,1.66639,1.66693,1.75,1.00
2016.05.06 07:49:41.519,1.66643,1.66696,1.12,1.00
2016.05.06 07:49:41.570,1.66645,1.66696,1.50,1.00
2016.05.06 07:49:41.620,1.66645,1.66699,1.87,1.00
2016.05.06 07:49:41.772,1.66649,1.66701,1.75,1.50
2016.05.06 07:49:41.919,1.66653,1.66701,1.00,1.50
2016.05.06 07:49:42.020,1.66648,1.66702,1.75,1.00
2016.05.06 07:49:42.121,1.66654,1.66701,1.00,1.00
2016.05.06 07:49:42.680,1.66654,1.66699,1.00,1.00
2016.05.06 07:49:43.154,1.66647,1.66698,1.00,1.00
2016.05.06 07:49:43.360,1.66644,1.66696,1.37,1.00
2016.05.06 07:49:43.976,1.66643,1.66697,2.25,1.00
2016.05.06 07:49:44.502,1.66644,1.66696,1.87,1.00
2016.05.06 07:49:45.244,1.66653,1.66696,1.00,1.00
2016.05.06 07:49:45.295,1.66653,1.66698,1.00,1.00
2016.05.06 07:49:45.346,1.66647,1.66698,1.00,1.00
2016.05.06 07:49:46.060,1.66646,1.66699,1.50,1.00
2016.05.06 07:49:46.610,1.66647,1.66698,1.00,1.00
2016.05.06 07:49:47.312,1.66654,1.66698,1.00,1.00
2016.05.06 07:49:47.363,1.66654,1.66701,1.00,1.12
2016.05.06 07:49:48.236,1.6665,1.66701,1.00,1.12
2016.05.06 07:49:48.388,1.66653,1.66704,1.00,1.00
2016.05.06 07:49:48.719,1.66658,1.66709,1.00,2.25
2016.05.06 07:49:49.399,1.66657,1.66708,1.00,1.37
2016.05.06 07:49:49.721,1.66663,1.66714,1.00,1.50
2016.05.06 07:49:50.246,1.66664,1.66715,1.00,1.75
2016.05.06 07:49:50.772,1.66663,1.66714,1.00,1.50
2016.05.06 07:49:51.574,1.66662,1.66715,1.00,1.75
2016.05.06 07:49:52.445,1.66663,1.66714,1.00,1.50
2016.05.06 07:49:53.780,1.66662,1.66715,1.00,1.75
2016.05.06 07:49:54.380,1.66662,1.66715,1.37,1.37
2016.05.06 07:49:54.431,1.66667,1.66719,1.00,1.00
2016.05.06 07:49:54.992,1.66666,1.6672,1.00,1.50
2016.05.06 07:49:55.494,1.66667,1.66719,1.00,1.00
2016.05.06 07:49:55.606,1.66665,1.66722,1.87,1.00
2016.05.06 07:49:55.965,1.66667,1.66725,1.75,1.00
2016.05.06 07:49:56.638,1.66674,1.66725,1.00,2.25
2016.05.06 07:49:57.321,1.66674,1.66724,1.00,1.00
2016.05.06 07:49:57.654,1.66672,1.66724,1.00,1.00
2016.05.06 07:49:57.705,1.66667,1.66717,1.75,1.00
2016.05.06 07:49:57.906,1.66665,1.66721,1.12,1.00
2016.05.06 07:49:57.957,1.66668,1.66723,1.75,1.00
2016.05.06 07:49:58.058,1.66669,1.66726,1.50,1.00
2016.05.06 07:49:58.629,1.6667,1.66727,1.37,1.87
2016.05.06 07:49:59.156,1.6667,1.66726,1.37,1.00
2016.05.06 07:49:59.607,1.6667,1.66722,1.87,1.00
2016.05.06 07:50:00.059,1.66669,1.6672,1.50,1.00
2016.05.06 07:50:00.312,1.6667,1.66725,1.37,1.00
2016.05.06 07:50:00.948,1.6667,1.66727,1.37,1.12
2016.05.06 07:50:01.399,1.66673,1.66725,1.00,1.00
2016.05.06 07:50:02.458,1.66674,1.66725,1.00,1.00
2016.05.06 07:50:03.008,1.66673,1.66725,1.00,1.00
2016.05.06 07:50:03.310,1.66673,1.66725,1.87,1.00
2016.05.06 07:50:03.543,1.66673,1.6673,2.25,1.00
2016.05.06 07:50:03.660,1.66676,1.66733,1.75,1.50
2016.05.06 07:50:03.926,1.66676,1.66733,1.37,2.25
2016.05.06 07:50:03.977,1.66672,1.66723,1.00,1.00
2016.05.06 07:50:04.078,1.66671,1.66721,1.00,1.00
2016.05.06 07:50:04.179,1.66664,1.66716,1.00,1.12
2016.05.06 07:50:04.477,1.66659,1.66716,1.12,1.87
2016.05.06 07:50:05.841,1.66657,1.66716,1.75,1.12
2016.05.06 07:50:06.216,1.66662,1.66716,1.00,1.87
2016.05.06 07:50:06.518,1.66669,1.66717,1.00,1.50
2016.05.06 07:50:06.784,1.66669,1.66719,1.50,1.00
2016.05.06 07:50:06.935,1.66669,1.66721,1.50,1.50
2016.05.06 07:50:07.254,1.66668,1.66716,1.00,1.00
2016.05.06 07:50:07.520,1.66666,1.66716,1.00,1.00
2016.05.06 07:50:08.221,1.66665,1.66716,1.00,1.00
2016.05.06 07:50:08.755,1.66666,1.66716,1.00,1.00
2016.05.06 07:50:09.209,1.66665,1.66721,1.00,1.50
2016.05.06 07:50:09.260,1.66667,1.66725,1.75,2.25
2016.05.06 07:50:10.577,1.66673,1.66724,1.00,1.00
2016.05.06 07:50:10.927,1.66675,1.66728,1.12,1.00
2016.05.06 07:50:11.028,1.66678,1.6673,1.75,1.00
2016.05.06 07:50:11.079,1.66684,1.6673,1.00,1.00
2016.05.06 07:50:11.256,1.66684,1.66734,1.00,1.50
2016.05.06 07:50:11.366,1.66678,1.66731,1.75,1.00
2016.05.06 07:50:11.729,1.66684,1.66733,1.00,1.00
2016.05.06 07:50:11.880,1.66681,1.66733,1.12,1.00
2016.05.06 07:50:11.931,1.66677,1.66731,2.25,1.00
2016.05.06 07:50:12.082,1.66675,1.66733,1.12,1.00
2016.05.06 07:50:12.267,1.66684,1.66733,1.00,1.00
2016.05.06 07:50:12.641,1.66684,1.66728,1.00,1.00
2016.05.06 07:50:12.692,1.66676,1.66728,1.00,1.00
2016.05.06 07:50:12.898,1.66676,1.66724,1.00,1.00
2016.05.06 07:50:13.099,1.66673,1.66724,1.00,1.00
2016.05.06 07:50:13.259,1.66666,1.66723,2.25,1.00
2016.05.06 07:50:13.360,1.66666,1.66719,1.75,1.00
2016.05.06 07:50:13.472,1.66666,1.66717,1.00,1.00
2016.05.06 07:50:13.534,1.66665,1.66715,1.00,1.00
2016.05.06 07:50:13.882,1.66665,1.6671,1.75,1.00
2016.05.06 07:50:13.983,1.66665,1.66716,1.75,1.00
2016.05.06 07:50:14.085,1.66665,1.66719,1.75,1.00
2016.05.06 07:50:14.136,1.66665,1.66725,1.75,1.12
2016.05.06 07:50:14.187,1.66673,1.66726,1.00,1.50
2016.05.06 07:50:14.887,1.66669,1.66726,1.12,1.50
2016.05.06 07:50:15.049,1.66673,1.66726,1.00,1.50
2016.05.06 07:50:15.611,1.66674,1.66726,1.00,1.50
2016.05.06 07:50:16.050,1.66674,1.66719,1.00,1.00
2016.05.06 07:50:16.100,1.66665,1.66719,1.75,1.00
2016.05.06 07:50:16.252,1.66664,1.66716,1.75,1.00
2016.05.06 07:50:17.143,1.66664,1.66715,2.25,1.00
2016.05.06 07:50:17.572,1.66666,1.66718,1.75,1.50
2016.05.06 07:50:17.683,1.66664,1.66713,1.00,1.50
2016.05.06 07:50:17.986,1.66659,1.6671,1.50,1.00
2016.05.06 07:50:18.515,1.66658,1.66711,2.25,1.00
2016.05.06 07:50:19.255,1.66662,1.66713,1.00,1.00
2016.05.06 07:50:19.356,1.66664,1.66715,1.50,1.00
2016.05.06 07:50:19.659,1.66668,1.66721,1.75,1.50
2016.05.06 07:50:20.759,1.66673,1.66721,1.00,1.00
2016.05.06 07:50:20.980,1.6667,1.66724,1.37,1.00
2016.05.06 07:50:21.182,1.6667,1.6672,1.37,1.00
2016.05.06 07:50:21.384,1.6666,1.66716,1.00,1.50
2016.05.06 07:50:21.585,1.66659,1.6671,1.12,1.00
2016.05.06 07:50:22.098,1.66657,1.66708,2.25,1.00
2016.05.06 07:50:22.463,1.66654,1.66712,1.75,1.00
2016.05.06 07:50:22.564,1.66654,1.66707,1.75,1.00
2016.05.06 07:50:23.076,1.6666,1.66708,1.00,1.00
2016.05.06 07:50:23.278,1.66664,1.66718,1.75,1.00
2016.05.06 07:50:23.466,1.66673,1.66724,1.00,2.25
2016.05.06 07:50:23.668,1.66664,1.66724,1.75,2.25
2016.05.06 07:50:24.216,1.6667,1.66722,1.00,1.00
2016.05.06 07:50:24.815,1.66669,1.66723,1.00,1.12
2016.05.06 07:50:25.119,1.6667,1.66722,1.75,1.00
2016.05.06 07:50:26.273,1.66668,1.6672,2.25,1.00
2016.05.06 07:50:26.818,1.66668,1.6672,1.00,1.37
2016.05.06 07:50:26.919,1.66669,1.66716,1.00,1.00
2016.05.06 07:50:27.174,1.66669,1.66718,1.00,1.00
2016.05.06 07:50:27.867,1.66668,1.66719,1.00,1.00
2016.05.06 07:50:27.968,1.66668,1.66722,1.50,1.37
2016.05.06 07:50:28.018,1.66674,1.66725,1.00,1.00
2016.05.06 07:50:28.422,1.66674,1.66729,1.00,1.00
2016.05.06 07:50:28.522,1.66674,1.66724,1.00,1.00
2016.05.06 07:50:28.623,1.66668,1.66721,1.50,1.00
2016.05.06 07:50:29.001,1.66664,1.66714,1.37,1.00
2016.05.06 07:50:29.052,1.66664,1.66714,1.00,1.00
2016.05.06 07:50:29.203,1.66662,1.66714,1.12,1.00
2016.05.06 07:50:29.304,1.66657,1.66711,1.37,1.00
2016.05.06 07:50:29.355,1.66657,1.66711,1.00,1.00
2016.05.06 07:50:29.924,1.66658,1.6671,1.00,1.00
2016.05.06 07:50:30.456,1.66657,1.66711,1.00,1.00
2016.05.06 07:50:30.711,1.66664,1.66713,1.00,1.00
2016.05.06 07:50:30.812,1.66656,1.66712,1.12,1.00
2016.05.06 07:50:31.057,1.66652,1.66711,2.25,1.00
2016.05.06 07:50:31.107,1.66656,1.66708,1.00,1.00
2016.05.06 07:50:31.410,1.66656,1.66706,1.00,1.00
2016.05.06 07:50:31.511,1.66652,1.66706,1.75,1.50
2016.05.06 07:50:31.927,1.6665,1.66702,1.37,1.00
2016.05.06 07:50:31.977,1.6665,1.66702,1.00,1.00
2016.05.06 07:50:32.307,1.66653,1.66703,1.00,1.00
2016.05.06 07:50:32.610,1.66653,1.66705,1.50,1.00
2016.05.06 07:50:33.544,1.66654,1.66706,1.37,1.00
2016.05.06 07:50:34.186,1.66654,1.66705,1.37,1.00
2016.05.06 07:50:34.852,1.66654,1.66706,1.37,1.00
2016.05.06 07:50:35.221,1.66657,1.66708,1.00,1.00
2016.05.06 07:50:35.423,1.66659,1.66717,1.75,1.00
2016.05.06 07:50:36.226,1.66663,1.66716,1.37,1.00
2016.05.06 07:50:39.307,1.66663,1.66717,1.37,1.00
2016.05.06 07:50:39.358,1.66669,1.66718,1.00,1.00
2016.05.06 07:50:39.510,1.66679,1.66733,1.00,1.00
2016.05.06 07:50:39.817,1.66677,1.66735,1.50,1.00
2016.05.06 07:50:41.055,1.66683,1.66735,1.00,2.25
2016.05.06 07:50:41.357,1.66684,1.66735,1.50,1.00
2016.05.06 07:50:41.559,1.66683,1.66741,1.75,1.00
2016.05.06 07:50:42.067,1.66683,1.66739,1.75,1.00
2016.05.06 07:50:42.418,1.66682,1.66736,2.25,1.50
2016.05.06 07:50:42.963,1.66684,1.66735,1.50,1.00
2016.05.06 07:50:43.616,1.66682,1.66736,1.75,1.50
2016.05.06 07:50:44.044,1.6668,1.66739,1.87,1.37
2016.05.06 07:50:44.095,1.6668,1.66735,1.00,1.37
2016.05.06 07:50:44.146,1.66677,1.66729,1.37,1.00
2016.05.06 07:50:44.519,1.66678,1.66733,1.12,1.50
2016.05.06 07:50:45.126,1.66679,1.66732,1.00,1.00
2016.05.06 07:50:45.678,1.66678,1.66733,1.12,1.50
2016.05.06 07:50:45.729,1.66684,1.66733,1.00,1.50
2016.05.06 07:50:45.896,1.66679,1.66732,1.00,1.00
2016.05.06 07:50:47.299,1.66684,1.66732,1.00,1.00
2016.05.06 07:50:47.450,1.66684,1.66739,1.00,1.00
2016.05.06 07:50:47.986,1.66685,1.66738,1.00,1.00
2016.05.06 07:50:48.738,1.66684,1.66739,1.50,1.00
2016.05.06 07:50:49.140,1.66684,1.66736,1.00,1.00
2016.05.06 07:50:49.302,1.66684,1.66739,1.50,1.00
2016.05.06 07:50:50.153,1.66685,1.66738,1.00,1.00
2016.05.06 07:50:51.045,1.66684,1.66739,1.50,1.00
2016.05.06 07:50:51.304,1.66684,1.66737,1.00,1.00
2016.05.06 07:50:51.847,1.66685,1.66737,1.00,1.00
2016.05.06 07:50:52.636,1.66684,1.66738,1.00,1.00
2016.05.06 07:50:52.971,1.66688,1.6674,1.00,1.00
2016.05.06 07:50:53.502,1.66687,1.66741,1.00,1.50
2016.05.06 07:50:54.139,1.66688,1.6674,1.00,1.00
2016.05.06 07:50:54.669,1.66687,1.66741,1.00,1.50
2016.05.06 07:50:55.143,1.66684,1.66739,2.25,1.00
2016.05.06 07:50:55.294,1.66685,1.66738,1.00,1.87
2016.05.06 07:50:55.471,1.66681,1.66735,1.50,1.75
2016.05.06 07:50:55.657,1.66684,1.66735,1.00,1.75
2016.05.06 07:50:55.861,1.66684,1.66738,1.37,1.00
2016.05.06 07:50:56.905,1.66684,1.66737,1.87,1.00
2016.05.06 07:50:57.561,1.66684,1.66738,1.37,1.00
2016.05.06 07:50:57.663,1.66681,1.66734,3.00,1.00
2016.05.06 07:50:57.965,1.66679,1.66732,1.87,1.50
2016.05.06 07:50:58.261,1.66679,1.66732,1.12,1.37
2016.05.06 07:50:58.766,1.6668,1.66731,1.00,1.37
2016.05.06 07:50:59.367,1.6668,1.66731,1.00,1.00
2016.05.06 07:50:59.605,1.66681,1.66735,1.00,1.12
2016.05.06 07:50:59.969,1.6668,1.66731,1.00,1.00
2016.05.06 07:51:00.507,1.66677,1.66732,1.75,1.12
2016.05.06 07:51:00.821,1.66682,1.66734,1.00,1.37
2016.05.06 07:51:01.698,1.66682,1.66734,1.00,1.37
2016.05.06 07:51:01.974,1.66682,1.66734,1.00,1.00
2016.05.06 07:51:02.576,1.6668,1.66732,1.00,1.00
2016.05.06 07:51:02.777,1.66676,1.6673,1.00,1.12
2016.05.06 07:51:03.313,1.66677,1.66729,1.00,1.00
2016.05.06 07:51:03.864,1.66676,1.6673,1.00,1.12
2016.05.06 07:51:04.404,1.66674,1.66727,1.50,1.00
2016.05.06 07:51:04.925,1.66673,1.66728,2.25,1.00
2016.05.06 07:51:05.227,1.66677,1.66728,1.00,1.00
2016.05.06 07:51:05.278,1.66677,1.6673,1.00,1.12
2016.05.06 07:51:06.619,1.66678,1.6673,1.00,1.12
2016.05.06 07:51:08.118,1.66675,1.66728,1.00,1.00
2016.05.06 07:51:08.692,1.66674,1.66729,3.00,1.00
2016.05.06 07:51:09.194,1.66675,1.66728,1.00,1.00
2016.05.06 07:51:09.495,1.66675,1.66728,1.37,1.00
2016.05.06 07:51:10.019,1.66667,1.66727,1.75,1.37
2016.05.06 07:51:10.322,1.66665,1.66721,1.87,1.00
2016.05.06 07:51:10.423,1.66666,1.66725,1.50,2.25
2016.05.06 07:51:10.473,1.66666,1.6672,1.50,1.00
2016.05.06 07:51:10.574,1.66666,1.66725,1.50,2.25
2016.05.06 07:51:10.625,1.66667,1.66722,1.37,1.00
2016.05.06 07:51:11.382,1.66668,1.66721,1.37,1.00
2016.05.06 07:51:11.684,1.66668,1.66716,1.00,1.00
2016.05.06 07:51:11.735,1.66668,1.66721,1.00,1.00
2016.05.06 07:51:12.250,1.66671,1.66723,1.00,1.00
2016.05.06 07:51:12.584,1.6667,1.66716,1.00,1.00
2016.05.06 07:51:13.749,1.6667,1.66717,1.00,1.00
2016.05.06 07:51:13.850,1.6667,1.66724,1.00,1.12
2016.05.06 07:51:13.951,1.66667,1.66722,1.00,1.00
2016.05.06 07:51:14.152,1.66668,1.66716,1.00,1.00
2016.05.06 07:51:14.808,1.66667,1.66716,1.00,1.00
2016.05.06 07:51:15.535,1.66668,1.66716,1.00,1.00
2016.05.06 07:51:15.592,1.66665,1.66716,1.50,1.00
2016.05.06 07:51:16.846,1.66666,1.66717,1.12,1.00
2016.05.06 07:51:17.296,1.66663,1.66715,1.75,1.00
2016.05.06 07:51:18.131,1.66662,1.66716,1.00,1.75
2016.05.06 07:51:18.619,1.6666,1.66713,1.00,1.12
2016.05.06 07:51:19.738,1.66659,1.66714,1.50,1.37
2016.05.06 07:51:19.874,1.66659,1.66707,1.50,1.00
2016.05.06 07:51:20.940,1.6666,1.66707,1.00,1.00
2016.05.06 07:51:21.591,1.66659,1.66707,1.00,1.00
2016.05.06 07:51:22.249,1.6666,1.66706,1.00,1.00
2016.05.06 07:51:22.678,1.6666,1.66713,1.00,1.12
2016.05.06 07:51:22.780,1.66661,1.66719,1.75,1.00
2016.05.06 07:51:22.830,1.66667,1.66725,1.50,2.25
2016.05.06 07:51:22.881,1.66667,1.66725,2.25,1.50
2016.05.06 07:51:23.497,1.66667,1.66726,1.75,1.50
2016.05.06 07:51:24.754,1.66669,1.66727,1.12,2.62
2016.05.06 07:51:25.030,1.66674,1.66727,1.00,2.62
2016.05.06 07:51:25.664,1.66673,1.66727,1.00,1.12
2016.05.06 07:51:26.238,1.66674,1.66727,1.00,1.87
2016.05.06 07:51:26.907,1.66673,1.66726,1.00,1.00
2016.05.06 07:51:27.735,1.66674,1.66726,1.00,1.00
2016.05.06 07:51:28.038,1.66673,1.66726,1.75,1.00
2016.05.06 07:51:28.362,1.66674,1.66731,2.25,1.50
2016.05.06 07:51:29.143,1.66676,1.66731,1.12,1.00
2016.05.06 07:51:29.193,1.6668,1.66733,1.75,1.50
2016.05.06 07:51:29.244,1.66685,1.66736,2.62,1.00
2016.05.06 07:51:29.295,1.66691,1.6674,1.00,2.25
2016.05.06 07:51:29.396,1.66691,1.66747,1.50,1.00
2016.05.06 07:51:29.497,1.66694,1.66749,1.00,1.00
2016.05.06 07:51:30.016,1.66693,1.66749,1.50,1.00
2016.05.06 07:51:30.668,1.66695,1.66749,1.00,1.00
2016.05.06 07:51:31.018,1.66695,1.66747,1.50,1.50
2016.05.06 07:51:31.522,1.66694,1.66746,1.00,1.50
2016.05.06 07:51:31.774,1.66688,1.66741,1.00,1.00
2016.05.06 07:51:32.242,1.66684,1.66744,1.75,1.75
2016.05.06 07:51:32.595,1.66683,1.66736,1.00,1.12
2016.05.06 07:51:33.383,1.66684,1.66742,1.00,2.62
2016.05.06 07:51:33.585,1.66682,1.66736,1.00,1.12
2016.05.06 07:51:34.134,1.66683,1.66736,1.00,1.12
2016.05.06 07:51:34.639,1.66682,1.66738,1.00,1.75
2016.05.06 07:51:35.088,1.66679,1.66735,1.50,1.00
2016.05.06 07:51:36.938,1.66678,1.66733,1.75,1.00
2016.05.06 07:51:37.279,1.66679,1.6673,1.00,1.50
2016.05.06 07:51:37.381,1.66674,1.66727,1.50,1.00
2016.05.06 07:51:37.953,1.66674,1.66726,1.00,1.00
2016.05.06 07:51:42.079,1.66674,1.66727,1.00,1.50
2016.05.06 07:51:42.708,1.66673,1.66727,1.12,1.00
2016.05.06 07:51:43.799,1.66673,1.66726,1.12,1.00
2016.05.06 07:51:44.862,1.66672,1.66727,1.50,1.50
2016.05.06 07:51:45.014,1.66673,1.66716,1.00,1.00
2016.05.06 07:51:45.064,1.66668,1.66716,1.00,1.00
2016.05.06 07:51:45.115,1.66668,1.66722,1.00,1.00
2016.05.06 07:51:45.216,1.66668,1.66722,1.00,1.37
2016.05.06 07:51:45.267,1.66665,1.66718,1.00,1.37
2016.05.06 07:51:45.568,1.66664,1.66716,1.75,1.00
2016.05.06 07:51:46.124,1.66662,1.6672,2.62,1.00
2016.05.06 07:51:46.377,1.66664,1.66723,1.75,1.50
2016.05.06 07:51:46.427,1.66664,1.66723,1.37,1.87
2016.05.06 07:51:46.917,1.66668,1.66716,1.00,1.00
2016.05.06 07:51:47.418,1.66668,1.66717,1.00,1.00
2016.05.06 07:51:48.031,1.66668,1.66721,1.00,1.00
2016.05.06 07:51:48.321,1.66668,1.66717,1.00,1.00
2016.05.06 07:51:48.873,1.66667,1.66717,1.50,1.00
2016.05.06 07:51:49.305,1.66668,1.66721,1.00,1.00
2016.05.06 07:51:50.153,1.66668,1.6672,1.00,1.00
2016.05.06 07:51:50.312,1.66661,1.66716,3.00,1.00
2016.05.06 07:51:50.363,1.66661,1.66716,1.50,1.00
2016.05.06 07:51:50.887,1.66662,1.66715,1.00,1.00
2016.05.06 07:51:52.211,1.66661,1.66716,1.00,3.00
2016.05.06 07:51:52.262,1.66661,1.66714,1.00,1.00
2016.05.06 07:51:52.581,1.66659,1.66712,1.00,1.00
2016.05.06 07:51:52.885,1.66663,1.66712,1.00,1.00
2016.05.06 07:51:52.936,1.66663,1.66716,1.00,1.00
2016.05.06 07:51:52.987,1.66666,1.66716,1.00,1.00
2016.05.06 07:51:53.088,1.66665,1.66726,1.75,1.75
2016.05.06 07:51:53.239,1.66667,1.66726,1.87,1.37
2016.05.06 07:51:53.290,1.66674,1.66729,2.25,1.00
2016.05.06 07:51:53.391,1.66674,1.66725,3.00,1.00
2016.05.06 07:51:53.492,1.66675,1.66729,1.50,1.00
2016.05.06 07:51:53.727,1.66675,1.66732,1.50,1.00
2016.05.06 07:51:54.235,1.66675,1.66731,1.50,1.50
2016.05.06 07:51:56.992,1.66675,1.66727,1.50,1.00
2016.05.06 07:51:57.056,1.66675,1.66731,1.50,1.50
2016.05.06 07:51:57.594,1.66675,1.66732,1.50,1.50
2016.05.06 07:51:58.419,1.66675,1.66732,1.12,1.00
2016.05.06 07:51:58.570,1.66678,1.66735,1.75,1.00
2016.05.06 07:51:59.170,1.66678,1.66736,2.25,1.00
2016.05.06 07:52:04.929,1.66683,1.66736,1.75,1.00
2016.05.06 07:52:05.666,1.66684,1.66736,1.37,1.00
2016.05.06 07:52:05.716,1.66683,1.66737,1.12,1.00
2016.05.06 07:52:07.114,1.66684,1.66737,1.00,1.50
2016.05.06 07:52:07.617,1.66683,1.66737,1.12,1.00
2016.05.06 07:52:08.316,1.66684,1.66737,1.00,1.50
2016.05.06 07:52:08.982,1.66683,1.66737,1.12,1.00
2016.05.06 07:52:09.719,1.66684,1.66737,1.00,1.50
2016.05.06 07:52:11.051,1.66683,1.66737,1.12,1.00
2016.05.06 07:52:13.526,1.66684,1.66737,1.00,1.50
2016.05.06 07:52:14.129,1.66683,1.66737,1.12,1.00
2016.05.06 07:52:14.355,1.66685,1.66737,1.00,1.00
2016.05.06 07:52:15.036,1.66684,1.66737,1.00,1.00
2016.05.06 07:52:15.552,1.66685,1.66737,1.00,1.00
2016.05.06 07:52:16.086,1.66684,1.66737,1.00,1.00
2016.05.06 07:52:16.857,1.66685,1.66737,1.00,1.00
2016.05.06 07:52:17.452,1.66684,1.66737,1.00,1.00
2016.05.06 07:52:17.789,1.66685,1.66726,1.00,1.00
2016.05.06 07:52:19.455,1.66684,1.66726,1.00,1.00
2016.05.06 07:52:20.186,1.66684,1.66737,1.00,1.50
2016.05.06 07:52:20.287,1.66683,1.66726,1.12,1.00
2016.05.06 07:52:20.539,1.66679,1.66726,1.50,1.00
2016.05.06 07:52:21.139,1.6668,1.66726,1.00,1.00
2016.05.06 07:52:21.647,1.66679,1.66726,1.00,1.00
2016.05.06 07:52:21.950,1.66677,1.66726,1.50,1.00
2016.05.06 07:52:22.000,1.66684,1.66731,1.00,1.00
2016.05.06 07:52:22.792,1.66684,1.6673,1.00,1.00
2016.05.06 07:52:23.352,1.66684,1.66724,1.00,1.00
2016.05.06 07:52:23.404,1.66674,1.66724,1.00,1.00
2016.05.06 07:52:23.505,1.66675,1.66726,1.00,1.00
2016.05.06 07:52:24.019,1.66675,1.66727,1.00,1.00
2016.05.06 07:52:24.566,1.66675,1.66727,1.00,1.37
2016.05.06 07:52:24.982,1.66684,1.66728,1.00,1.37
2016.05.06 07:52:25.033,1.66675,1.66726,1.00,1.00
2016.05.06 07:52:25.336,1.66683,1.66728,1.00,1.37
2016.05.06 07:52:25.852,1.66683,1.66728,1.00,1.00
2016.05.06 07:52:26.362,1.66683,1.66729,1.00,1.00
2016.05.06 07:52:27.019,1.66683,1.66728,1.00,1.00
2016.05.06 07:52:27.562,1.66683,1.66729,1.00,1.00
2016.05.06 07:52:28.099,1.66683,1.66728,1.00,1.00
2016.05.06 07:52:28.789,1.66683,1.66729,1.00,1.00
2016.05.06 07:52:29.339,1.66684,1.66728,1.00,1.00
2016.05.06 07:52:29.390,1.66684,1.66732,1.00,1.50
2016.05.06 07:52:29.441,1.66693,1.66732,1.00,1.50
2016.05.06 07:52:29.542,1.66693,1.66739,1.00,1.12
2016.05.06 07:52:29.841,1.66683,1.66737,1.00,1.50
2016.05.06 07:52:30.345,1.66684,1.66736,1.00,1.37
2016.05.06 07:52:30.598,1.66684,1.66732,1.00,1.00
2016.05.06 07:52:31.033,1.66683,1.66729,1.00,1.00
2016.05.06 07:52:31.723,1.66684,1.66729,1.00,1.00
2016.05.06 07:52:32.684,1.66684,1.66733,1.00,3.00
2016.05.06 07:52:33.234,1.66684,1.66732,1.00,1.00
2016.05.06 07:52:34.228,1.66684,1.66733,1.00,1.00
2016.05.06 07:52:34.559,1.66684,1.66736,1.00,1.50
2016.05.06 07:52:35.288,1.66684,1.66735,1.00,1.00
2016.05.06 07:52:35.812,1.66684,1.66736,1.00,1.50
2016.05.06 07:52:36.509,1.66683,1.66736,1.00,1.00
2016.05.06 07:52:36.690,1.66687,1.66736,1.00,1.00
2016.05.06 07:52:36.791,1.66694,1.66745,1.00,1.00
2016.05.06 07:52:36.943,1.66704,1.66745,1.00,1.00
2016.05.06 07:52:36.993,1.66704,1.66754,1.00,1.75
2016.05.06 07:52:44.136,1.667,1.66746,1.00,1.00
2016.05.06 07:52:44.395,1.66705,1.66756,1.00,1.37
2016.05.06 07:52:44.446,1.66704,1.66756,1.00,1.00
2016.05.06 07:52:44.547,1.66701,1.66754,1.12,1.00
2016.05.06 07:52:44.648,1.66703,1.66754,1.00,1.00
2016.05.06 07:52:45.051,1.667,1.66747,1.37,1.00
2016.05.06 07:52:47.776,1.66703,1.66751,1.00,1.00
2016.05.06 07:52:48.827,1.66703,1.66752,1.00,1.00
2016.05.06 07:52:49.392,1.66703,1.66751,1.00,1.00
2016.05.06 07:52:50.458,1.66703,1.66752,1.00,1.00
2016.05.06 07:52:50.991,1.66703,1.66751,1.00,1.00
2016.05.06 07:52:51.518,1.66703,1.66752,1.00,1.00
2016.05.06 07:52:51.944,1.66703,1.66754,1.00,1.00
2016.05.06 07:52:52.445,1.66703,1.66755,1.00,1.00
2016.05.06 07:52:54.041,1.66703,1.66754,1.00,1.00
2016.05.06 07:52:54.147,1.66701,1.66746,1.12,1.00
2016.05.06 07:52:54.651,1.66698,1.66747,1.75,1.00
2016.05.06 07:52:55.079,1.66704,1.66754,1.00,1.00
2016.05.06 07:52:56.046,1.66704,1.66755,1.00,1.00
2016.05.06 07:52:56.393,1.66701,1.66747,1.12,1.00
2016.05.06 07:52:57.354,1.667,1.66746,1.37,1.00
2016.05.06 07:52:57.455,1.66694,1.66745,1.50,1.00
2016.05.06 07:52:57.667,1.66691,1.66746,1.00,2.25
2016.05.06 07:52:57.717,1.66694,1.66746,1.00,2.25
2016.05.06 07:52:58.171,1.66695,1.66752,2.62,1.12
2016.05.06 07:52:58.323,1.66699,1.66757,1.37,1.37
2016.05.06 07:52:58.373,1.667,1.66756,1.75,1.00
2016.05.06 07:52:58.474,1.66706,1.66757,1.00,1.00
2016.05.06 07:52:58.873,1.66704,1.66756,2.25,1.00
2016.05.06 07:52:59.050,1.667,1.66757,3.00,1.00
2016.05.06 07:52:59.202,1.66703,1.6676,1.12,1.37
2016.05.06 07:52:59.303,1.66703,1.66756,1.12,1.00
2016.05.06 07:52:59.403,1.66703,1.6676,1.12,1.37
2016.05.06 07:52:59.707,1.66704,1.66764,1.37,1.87
2016.05.06 07:53:00.009,1.66708,1.66756,1.00,1.00
2016.05.06 07:53:00.658,1.66708,1.66764,1.00,1.50
2016.05.06 07:53:00.709,1.66709,1.66766,1.00,3.00
2016.05.06 07:53:00.759,1.6671,1.66764,1.00,1.00
2016.05.06 07:53:01.075,1.66713,1.66766,1.75,1.50
2016.05.06 07:53:01.663,1.66714,1.66757,1.50,1.00
2016.05.06 07:53:01.974,1.66711,1.66756,1.00,1.12
2016.05.06 07:53:02.025,1.66704,1.66756,1.00,1.12
2016.05.06 07:53:02.580,1.66703,1.66756,1.00,1.12
2016.05.06 07:53:03.103,1.66704,1.66756,1.00,1.87
2016.05.06 07:53:03.768,1.66703,1.66756,1.00,1.12
2016.05.06 07:53:04.527,1.66704,1.66756,1.00,1.87
2016.05.06 07:53:05.066,1.66705,1.66756,1.00,1.12
2016.05.06 07:53:05.217,1.66708,1.66757,1.00,1.00
2016.05.06 07:53:05.469,1.66714,1.66767,1.00,1.50
2016.05.06 07:53:05.570,1.66717,1.66767,1.00,1.00
2016.05.06 07:53:05.940,1.66726,1.66777,1.00,1.00
2016.05.06 07:53:07.929,1.66723,1.66776,1.00,1.50
2016.05.06 07:53:08.030,1.66716,1.66771,1.87,1.00
2016.05.06 07:53:08.182,1.66718,1.66771,1.00,1.50
2016.05.06 07:53:08.546,1.6672,1.66771,1.00,1.00
2016.05.06 07:53:08.747,1.66714,1.66766,1.50,1.00
2016.05.06 07:53:09.101,1.66713,1.66764,1.00,1.00
2016.05.06 07:53:09.403,1.66707,1.66757,1.12,1.00
2016.05.06 07:53:09.631,1.66707,1.66759,1.12,1.00
2016.05.06 07:53:09.682,1.66704,1.66756,1.75,1.00
2016.05.06 07:53:09.884,1.66701,1.66754,1.00,1.00
2016.05.06 07:53:10.086,1.66701,1.66756,1.00,1.12
2016.05.06 07:53:11.061,1.66703,1.66762,1.00,1.87
2016.05.06 07:53:11.313,1.66709,1.66763,1.00,1.00
2016.05.06 07:53:11.474,1.6671,1.66756,1.00,1.00
2016.05.06 07:53:12.195,1.66709,1.66756,1.00,1.00
2016.05.06 07:53:12.907,1.6671,1.66756,1.00,1.00
2016.05.06 07:53:13.586,1.66709,1.66756,1.00,1.00
2016.05.06 07:53:14.087,1.6671,1.66756,1.00,1.00
2016.05.06 07:53:14.926,1.66707,1.66759,1.37,1.00
2016.05.06 07:53:15.178,1.66707,1.66756,1.37,1.00
2016.05.06 07:53:16.221,1.66709,1.66756,1.00,1.00
2016.05.06 07:53:16.423,1.66718,1.66767,1.00,1.00
2016.05.06 07:53:16.594,1.66717,1.66771,1.00,1.12
2016.05.06 07:53:16.695,1.66717,1.66767,1.00,1.00
2016.05.06 07:53:16.796,1.66715,1.66767,1.12,1.00
2016.05.06 07:53:16.847,1.66709,1.66765,1.12,1.00
2016.05.06 07:53:16.898,1.66708,1.66765,1.12,1.50
2016.05.06 07:53:16.948,1.66719,1.6677,1.00,1.12
2016.05.06 07:53:17.186,1.66722,1.66776,1.75,1.00
2016.05.06 07:53:17.690,1.66724,1.66767,1.75,1.00
2016.05.06 07:53:17.841,1.66721,1.66767,1.00,1.00
2016.05.06 07:53:18.613,1.66722,1.66767,1.00,1.00
2016.05.06 07:53:19.215,1.66721,1.66767,1.00,1.00
2016.05.06 07:53:19.375,1.66721,1.66772,1.00,1.00
2016.05.06 07:53:19.427,1.66719,1.66766,1.12,1.00
2016.05.06 07:53:19.528,1.66711,1.66766,2.70,1.50
2016.05.06 07:53:19.629,1.66711,1.66757,1.50,1.00
2016.05.06 07:53:20.137,1.6671,1.66757,1.00,1.00
2016.05.06 07:53:20.738,1.66711,1.66757,1.00,1.00
2016.05.06 07:53:21.056,1.66713,1.66756,1.50,1.00
2016.05.06 07:53:21.388,1.66716,1.66757,1.00,1.00
2016.05.06 07:53:22.643,1.66715,1.66757,1.00,1.00
2016.05.06 07:53:24.011,1.66716,1.66757,1.00,1.00
2016.05.06 07:53:24.524,1.66716,1.66766,1.00,1.00
2016.05.06 07:53:24.739,1.66716,1.66757,1.00,1.00
2016.05.06 07:53:24.909,1.66715,1.66766,1.00,1.00
2016.05.06 07:53:25.014,1.6672,1.66766,1.00,1.00
2016.05.06 07:53:25.541,1.66719,1.66766,1.00,1.00
2016.05.06 07:53:25.719,1.66715,1.66766,1.00,1.00
2016.05.06 07:53:26.243,1.66714,1.66766,1.00,1.00
2016.05.06 07:53:26.664,1.66716,1.66766,1.00,1.00
2016.05.06 07:53:27.998,1.66716,1.66756,1.00,1.00
2016.05.06 07:53:28.099,1.66716,1.66767,1.00,1.00
2016.05.06 07:53:28.852,1.66715,1.66767,1.00,1.00
2016.05.06 07:53:29.054,1.66712,1.66759,1.37,1.00
2016.05.06 07:53:29.105,1.6671,1.66759,1.00,1.00
2016.05.06 07:53:29.206,1.66707,1.66746,1.75,1.00
2016.05.06 07:53:29.307,1.66702,1.66746,1.87,1.00
2016.05.06 07:53:29.408,1.66703,1.66755,1.00,1.00
2016.05.06 07:53:29.459,1.66702,1.66757,1.12,1.00
2016.05.06 07:53:29.510,1.66702,1.66746,1.12,1.00
2016.05.06 07:53:29.883,1.66698,1.66747,1.50,1.00
2016.05.06 07:53:30.034,1.66698,1.66756,1.50,1.75
2016.05.06 07:53:30.207,1.66698,1.66747,1.50,1.00
2016.05.06 07:53:30.710,1.66697,1.66747,1.50,1.00
2016.05.06 07:53:31.410,1.66697,1.66754,1.50,1.50
2016.05.06 07:53:31.629,1.66701,1.66756,1.00,3.00
2016.05.06 07:53:31.936,1.66704,1.66756,1.00,1.75
2016.05.06 07:53:32.512,1.66704,1.66746,1.00,1.00
2016.05.06 07:53:33.014,1.66705,1.66746,1.00,1.00
2016.05.06 07:53:34.267,1.66704,1.66746,1.00,1.00
2016.05.06 07:53:34.520,1.66704,1.66757,1.00,1.75
2016.05.06 07:53:35.019,1.66704,1.66757,1.00,1.37
2016.05.06 07:53:35.464,1.66704,1.66757,1.00,1.00
2016.05.06 07:53:36.407,1.66704,1.66746,1.00,1.00
2016.05.06 07:53:36.824,1.66704,1.66756,1.00,1.00
2016.05.06 07:53:37.158,1.66708,1.66756,1.00,1.00
2016.05.06 07:53:37.462,1.66698,1.66746,1.00,1.00
2016.05.06 07:53:37.564,1.66702,1.66756,1.75,1.00
2016.05.06 07:53:38.042,1.66704,1.66746,1.50,1.00
2016.05.06 07:53:38.245,1.66703,1.66756,1.75,1.00
2016.05.06 07:53:38.780,1.6671,1.66756,1.00,1.00
2016.05.06 07:53:39.332,1.66709,1.66757,1.00,1.00
2016.05.06 07:53:39.859,1.6671,1.66757,1.00,1.00
2016.05.06 07:53:40.385,1.66709,1.66756,1.00,1.00
2016.05.06 07:53:40.936,1.66709,1.66757,1.00,1.00
2016.05.06 07:53:41.461,1.6671,1.66757,1.00,1.00
2016.05.06 07:53:42.073,1.66709,1.66757,1.00,1.00
2016.05.06 07:53:42.453,1.66709,1.66757,1.37,1.00
2016.05.06 07:53:42.554,1.6671,1.66762,2.25,1.00
2016.05.06 07:53:42.605,1.66715,1.66766,1.50,1.00
2016.05.06 07:53:42.655,1.66717,1.66766,1.00,1.00
2016.05.06 07:53:43.060,1.6672,1.66756,1.00,1.00
2016.05.06 07:53:43.111,1.66716,1.66756,1.00,1.00
2016.05.06 07:53:43.656,1.66715,1.66756,1.00,1.00
2016.05.06 07:53:44.224,1.66706,1.66754,1.00,1.00
2016.05.06 07:53:44.275,1.66706,1.66752,1.00,1.00
2016.05.06 07:53:44.578,1.66697,1.66736,1.12,1.00
2016.05.06 07:53:45.043,1.66696,1.66746,1.75,1.00
2016.05.06 07:53:45.422,1.66696,1.66737,1.75,1.00
2016.05.06 07:53:45.523,1.66697,1.66747,1.50,1.00
2016.05.06 07:53:45.723,1.66697,1.66737,1.50,1.00
2016.05.06 07:53:46.324,1.66697,1.66746,1.50,1.00
2016.05.06 07:53:48.150,1.66696,1.66736,1.75,1.00
2016.05.06 07:53:48.855,1.66696,1.66747,1.75,1.00
2016.05.06 07:53:49.400,1.66699,1.66746,1.00,1.00
2016.05.06 07:53:49.923,1.667,1.66746,1.00,1.00
2016.05.06 07:53:51.090,1.66699,1.66746,1.00,1.00
2016.05.06 07:53:51.478,1.66707,1.66752,1.50,1.00
2016.05.06 07:53:51.679,1.66719,1.66771,1.50,1.00
2016.05.06 07:53:51.730,1.66719,1.66774,1.00,1.00
2016.05.06 07:53:51.881,1.66725,1.66774,1.00,1.00
2016.05.06 07:53:52.200,1.66715,1.66766,1.75,1.00
2016.05.06 07:53:52.301,1.66711,1.66766,1.37,1.12
2016.05.06 07:53:52.352,1.66715,1.66772,1.00,1.12
2016.05.06 07:53:52.582,1.66717,1.66773,1.00,1.00
2016.05.06 07:53:52.733,1.6672,1.66773,1.00,1.00
2016.05.06 07:53:53.179,1.66719,1.66766,1.00,1.00
2016.05.06 07:53:53.336,1.6672,1.66772,1.00,1.00
2016.05.06 07:53:53.987,1.6672,1.66773,1.00,1.50
2016.05.06 07:53:55.227,1.66723,1.66773,1.00,1.50
2016.05.06 07:53:55.631,1.6673,1.66776,1.00,1.00
2016.05.06 07:53:56.117,1.66733,1.66776,1.50,1.00
2016.05.06 07:53:56.695,1.66734,1.66776,1.00,1.00
2016.05.06 07:53:56.847,1.66735,1.66786,1.00,1.75
2016.05.06 07:53:56.999,1.66736,1.66786,1.00,1.00
2016.05.06 07:53:57.150,1.66736,1.66777,1.50,1.00
2016.05.06 07:53:57.504,1.66731,1.66777,1.00,1.00
2016.05.06 07:53:58.169,1.6673,1.66776,1.12,1.00
2016.05.06 07:53:58.801,1.66731,1.66776,1.00,1.00
2016.05.06 07:53:59.606,1.66731,1.66777,1.00,1.00
2016.05.06 07:54:00.466,1.6673,1.66777,1.12,1.00
2016.05.06 07:54:01.069,1.6673,1.66776,1.12,1.00
2016.05.06 07:54:01.362,1.6673,1.66785,1.12,2.25
2016.05.06 07:54:01.810,1.66734,1.66785,1.00,1.00
2016.05.06 07:54:02.113,1.66736,1.66786,1.00,1.00
2016.05.06 07:54:02.424,1.6673,1.66777,2.25,1.00
2016.05.06 07:54:03.730,1.66731,1.66777,1.00,1.00
2016.05.06 07:54:04.516,1.6673,1.66777,1.00,1.00
2016.05.06 07:54:05.218,1.66731,1.66777,1.00,1.00
2016.05.06 07:54:05.621,1.66734,1.66777,1.00,1.00
2016.05.06 07:54:05.671,1.66734,1.66786,1.00,1.00
2016.05.06 07:54:06.235,1.66733,1.66784,1.00,1.00
2016.05.06 07:54:06.287,1.66729,1.66781,1.50,1.00
2016.05.06 07:54:06.338,1.66729,1.66787,1.50,1.50
2016.05.06 07:54:06.439,1.66733,1.66787,1.00,1.00
2016.05.06 07:54:06.742,1.66733,1.66789,2.25,1.00
2016.05.06 07:54:07.168,1.66739,1.66787,1.00,1.00
2016.05.06 07:54:07.219,1.66739,1.66796,1.00,2.25
2016.05.06 07:54:07.388,1.66739,1.66786,1.00,1.00
2016.05.06 07:54:07.788,1.66739,1.66796,1.00,1.75
2016.05.06 07:54:08.334,1.66738,1.66792,1.00,1.12
2016.05.06 07:54:08.671,1.66735,1.66789,1.37,1.50
2016.05.06 07:54:08.772,1.66733,1.66792,1.75,1.12
2016.05.06 07:54:09.029,1.66733,1.66784,3.00,1.00
2016.05.06 07:54:09.130,1.66732,1.66788,1.00,1.12
2016.05.06 07:54:09.638,1.66733,1.66788,1.00,1.12
2016.05.06 07:54:10.181,1.66733,1.6679,2.25,1.75
2016.05.06 07:54:10.645,1.66736,1.66787,1.00,1.37
2016.05.06 07:54:11.139,1.66741,1.66787,1.00,1.00
2016.05.06 07:54:11.190,1.66741,1.66793,1.00,1.37
2016.05.06 07:54:11.440,1.66743,1.66796,1.00,2.25
2016.05.06 07:54:11.984,1.66747,1.66796,1.00,1.75
2016.05.06 07:54:12.035,1.66747,1.66796,1.00,1.00
2016.05.06 07:54:12.086,1.6675,1.66802,1.00,1.50
2016.05.06 07:54:12.187,1.66754,1.66806,1.00,1.75
2016.05.06 07:54:12.237,1.66754,1.66806,1.00,1.00
2016.05.06 07:54:12.288,1.6675,1.66802,1.00,1.00
2016.05.06 07:54:12.591,1.66751,1.66796,1.00,1.00
2016.05.06 07:54:13.097,1.66752,1.66804,1.00,1.75
2016.05.06 07:54:13.248,1.66752,1.66804,1.00,1.00
2016.05.06 07:54:13.870,1.66751,1.66805,1.00,1.00
2016.05.06 07:54:14.400,1.66752,1.66804,1.00,1.00
2016.05.06 07:54:15.190,1.66751,1.66805,1.00,1.00
2016.05.06 07:54:15.805,1.66751,1.66797,1.00,1.00
2016.05.06 07:54:16.107,1.66749,1.66786,1.12,1.00
2016.05.06 07:54:16.208,1.66749,1.66797,1.00,1.00
2016.05.06 07:54:16.309,1.66747,1.66797,1.00,1.00
2016.05.06 07:54:16.522,1.66748,1.66786,1.00,1.00
2016.05.06 07:54:17.194,1.66747,1.66786,1.00,1.00
2016.05.06 07:54:17.410,1.66748,1.66797,1.00,1.00
2016.05.06 07:54:18.082,1.66747,1.66797,1.00,1.00
2016.05.06 07:54:18.613,1.66748,1.66796,1.00,1.00
2016.05.06 07:54:19.164,1.66748,1.66797,1.00,1.00
2016.05.06 07:54:19.298,1.66745,1.66797,1.00,1.50
2016.05.06 07:54:19.868,1.66744,1.66797,1.50,1.00
2016.05.06 07:54:20.418,1.66745,1.66797,1.00,1.50
2016.05.06 07:54:20.914,1.66742,1.66794,1.12,1.00
2016.05.06 07:54:21.222,1.66745,1.66796,1.00,1.50
2016.05.06 07:54:21.423,1.66734,1.66792,1.50,1.75
2016.05.06 07:54:21.937,1.66734,1.66787,1.00,1.00
2016.05.06 07:54:23.208,1.66735,1.66787,1.00,1.00
2016.05.06 07:54:23.890,1.66734,1.66787,2.25,1.00
2016.05.06 07:54:25.518,1.66735,1.66787,1.00,1.00
2016.05.06 07:54:26.032,1.66735,1.66786,1.00,1.00
2016.05.06 07:54:27.135,1.66734,1.66786,2.25,1.00
2016.05.06 07:54:28.238,1.66735,1.66786,1.00,1.00
2016.05.06 07:54:29.290,1.66734,1.66786,2.25,1.00
2016.05.06 07:54:29.791,1.66735,1.66786,1.00,1.00
2016.05.06 07:54:30.393,1.66734,1.66786,2.25,1.00
2016.05.06 07:54:30.898,1.66738,1.66787,1.00,1.00
2016.05.06 07:54:31.100,1.66739,1.66796,1.12,1.37
2016.05.06 07:54:31.214,1.66741,1.66797,1.37,1.37
2016.05.06 07:54:31.265,1.66744,1.66797,1.00,1.00
2016.05.06 07:54:31.545,1.66744,1.66786,1.00,1.00
2016.05.06 07:54:32.798,1.66744,1.66787,1.00,1.00
2016.05.06 07:54:33.102,1.66745,1.66792,1.00,1.00
2016.05.06 07:54:33.203,1.66738,1.66787,1.00,1.00
2016.05.06 07:54:33.752,1.66734,1.66786,1.75,1.00
2016.05.06 07:54:33.904,1.66739,1.66796,1.50,1.37
2016.05.06 07:54:33.954,1.66744,1.66796,1.75,1.00
2016.05.06 07:54:34.106,1.66749,1.66796,1.00,1.00
2016.05.06 07:54:34.308,1.66753,1.66805,1.50,1.00
2016.05.06 07:54:34.409,1.66753,1.66797,1.50,1.00
2016.05.06 07:54:34.550,1.66753,1.66805,1.50,1.00
2016.05.06 07:54:35.056,1.66751,1.66806,1.75,1.00
2016.05.06 07:54:35.359,1.66753,1.66808,1.50,1.00
2016.05.06 07:54:36.003,1.66751,1.66806,1.75,1.00
2016.05.06 07:54:36.331,1.66747,1.66797,1.75,1.00
2016.05.06 07:54:36.382,1.66745,1.66795,1.50,1.00
2016.05.06 07:54:36.533,1.66739,1.66791,1.37,1.00
2016.05.06 07:54:36.584,1.66739,1.66791,1.00,1.00
2016.05.06 07:54:36.822,1.66737,1.66786,1.50,1.00
2016.05.06 07:54:37.168,1.66739,1.66787,1.50,1.00
2016.05.06 07:54:37.658,1.66736,1.66787,1.00,1.00
2016.05.06 07:54:38.262,1.66736,1.66786,1.00,1.00
2016.05.06 07:54:38.717,1.66739,1.66786,1.00,1.00
2016.05.06 07:54:39.516,1.66739,1.66791,1.00,1.00
2016.05.06 07:54:40.217,1.66738,1.66792,1.00,1.50
2016.05.06 07:54:40.767,1.66739,1.66791,1.00,1.00
2016.05.06 07:54:41.019,1.66741,1.66792,1.00,1.00
2016.05.06 07:54:41.070,1.66741,1.66794,1.00,1.00
2016.05.06 07:54:41.121,1.66744,1.66794,1.00,1.00
2016.05.06 07:54:41.222,1.66739,1.66794,1.00,1.00
2016.05.06 07:54:41.424,1.66744,1.66794,1.00,1.00
2016.05.06 07:54:41.961,1.66743,1.66794,1.50,1.00
2016.05.06 07:54:42.724,1.66744,1.66794,1.00,1.00
2016.05.06 07:54:43.049,1.66741,1.66794,1.50,1.00
2016.05.06 07:54:43.425,1.66743,1.66794,1.00,1.00
2016.05.06 07:54:43.890,1.66745,1.66794,1.00,1.00
2016.05.06 07:54:44.496,1.66745,1.66796,1.00,1.00
2016.05.06 07:54:44.849,1.66745,1.66786,1.00,1.00
2016.05.06 07:54:44.951,1.66743,1.66794,1.37,1.00
2016.05.06 07:54:45.017,1.66743,1.66787,1.37,1.00
2016.05.06 07:54:45.335,1.66735,1.66776,2.25,1.00
2016.05.06 07:54:45.386,1.66732,1.66787,1.75,1.00
2016.05.06 07:54:45.923,1.66737,1.66786,1.12,1.00
2016.05.06 07:54:46.074,1.66737,1.66786,1.50,1.00
2016.05.06 07:54:46.382,1.66737,1.66786,1.87,1.00
2016.05.06 07:54:46.939,1.66742,1.66796,1.37,1.50
2016.05.06 07:54:47.734,1.66743,1.66795,1.12,1.00
2016.05.06 07:54:48.237,1.66742,1.66794,1.37,1.00
2016.05.06 07:54:48.539,1.66742,1.66796,1.87,1.50
2016.05.06 07:54:48.640,1.66746,1.66797,1.37,1.00
2016.05.06 07:54:48.855,1.66748,1.66802,1.00,1.00
2016.05.06 07:54:48.906,1.6675,1.66806,1.00,1.50
2016.05.06 07:54:48.957,1.6675,1.66807,1.37,1.87
2016.05.06 07:54:49.338,1.66755,1.66806,1.50,1.50
2016.05.06 07:54:50.256,1.66754,1.66807,1.75,3.00
2016.05.06 07:54:50.561,1.66753,1.66805,1.75,1.00
2016.05.06 07:54:51.102,1.66758,1.66806,1.00,1.00
2016.05.06 07:54:51.633,1.66757,1.66806,1.12,1.00
2016.05.06 07:54:51.927,1.66758,1.6681,1.00,1.00
2016.05.06 07:54:52.231,1.66758,1.6681,1.37,1.00
2016.05.06 07:54:52.282,1.66762,1.66813,1.12,1.87
2016.05.06 07:54:52.750,1.66763,1.66815,1.00,1.00
2016.05.06 07:54:53.329,1.66762,1.66816,1.12,1.00
2016.05.06 07:54:53.949,1.66763,1.66815,1.00,1.00
2016.05.06 07:54:54.384,1.66766,1.66816,1.00,1.00
2016.05.06 07:54:54.710,1.66769,1.66816,2.25,1.00
2016.05.06 07:54:55.467,1.66771,1.66817,1.50,1.00
2016.05.06 07:54:55.655,1.66774,1.66822,1.00,1.00
2016.05.06 07:54:55.806,1.66769,1.66822,3.00,1.00
2016.05.06 07:54:55.857,1.66769,1.66825,3.00,1.00
2016.05.06 07:54:55.958,1.66769,1.66816,1.75,1.00
2016.05.06 07:54:56.264,1.66769,1.66825,3.00,1.00
2016.05.06 07:54:56.665,1.66768,1.6682,1.75,1.00
2016.05.06 07:54:56.866,1.66768,1.6682,1.00,1.00
2016.05.06 07:54:56.967,1.66766,1.66817,1.00,1.00
2016.05.06 07:54:57.516,1.66766,1.66816,1.00,1.00
2016.05.06 07:54:58.869,1.66766,1.66817,1.00,1.00
2016.05.06 07:54:59.489,1.66768,1.66817,1.00,1.00
2016.05.06 07:54:59.805,1.66774,1.66817,1.75,1.00
2016.05.06 07:54:59.856,1.66774,1.66826,1.75,1.00
2016.05.06 07:54:59.957,1.6677,1.66823,1.12,1.00
2016.05.06 07:55:00.159,1.66769,1.66825,1.00,2.25
2016.05.06 07:55:00.210,1.66767,1.66825,1.12,2.25
2016.05.06 07:55:00.462,1.6677,1.66826,1.00,1.75
2016.05.06 07:55:00.768,1.66776,1.66827,1.00,2.25
2016.05.06 07:55:01.275,1.66772,1.66826,1.50,1.00
2016.05.06 07:55:01.884,1.66773,1.66825,1.37,1.00
2016.05.06 07:55:03.696,1.66772,1.66826,1.50,1.00
2016.05.06 07:55:04.239,1.66773,1.66825,1.37,1.00
2016.05.06 07:55:05.165,1.66771,1.66826,1.75,1.00
2016.05.06 07:55:05.367,1.66769,1.66821,2.25,1.00
2016.05.06 07:55:05.518,1.66767,1.66815,1.00,1.00
2016.05.06 07:55:05.619,1.66763,1.66815,1.12,1.00
2016.05.06 07:55:06.127,1.66762,1.66816,2.25,1.50
2016.05.06 07:55:06.646,1.66763,1.66815,1.12,1.00
2016.05.06 07:55:07.719,1.66762,1.66816,2.25,1.50
2016.05.06 07:55:08.499,1.66763,1.66815,1.12,1.00
2016.05.06 07:55:09.400,1.66762,1.66816,2.25,1.50
2016.05.06 07:55:09.902,1.66763,1.66815,1.12,1.00
2016.05.06 07:55:10.403,1.66763,1.66807,1.12,1.00
2016.05.06 07:55:11.677,1.66762,1.66816,1.50,1.00
2016.05.06 07:55:11.727,1.66762,1.66814,1.50,1.00
2016.05.06 07:55:13.161,1.66762,1.66807,1.50,1.00
2016.05.06 07:55:13.564,1.66762,1.66814,1.50,1.50
2016.05.06 07:55:13.614,1.6676,1.66811,1.75,1.00
2016.05.06 07:55:13.932,1.66764,1.66815,1.00,1.00
2016.05.06 07:55:14.134,1.66764,1.66817,1.00,1.00
2016.05.06 07:55:14.184,1.66764,1.66817,1.37,1.00
2016.05.06 07:55:16.167,1.66765,1.66816,1.75,1.00
2016.05.06 07:55:16.267,1.66765,1.66821,1.75,1.00
2016.05.06 07:55:16.492,1.66763,1.66817,1.37,1.00
2016.05.06 07:55:16.543,1.66762,1.66815,1.12,1.00
2016.05.06 07:55:17.218,1.66763,1.66814,1.00,1.00
2016.05.06 07:55:18.191,1.66763,1.66806,1.00,1.00
2016.05.06 07:55:18.393,1.66763,1.66814,1.00,1.00
2016.05.06 07:55:18.672,1.66763,1.66806,1.00,1.00
2016.05.06 07:55:19.098,1.66762,1.66815,1.12,1.00
2016.05.06 07:55:19.300,1.66763,1.66814,1.37,1.00
2016.05.06 07:55:19.351,1.66765,1.66817,1.75,1.50
2016.05.06 07:55:19.874,1.66765,1.66816,1.75,1.00
2016.05.06 07:55:21.077,1.66765,1.66807,1.75,1.00
2016.05.06 07:55:22.256,1.66764,1.66816,1.75,1.00
2016.05.06 07:55:22.602,1.66765,1.66807,1.75,1.00
2016.05.06 07:55:22.804,1.66761,1.6681,1.87,1.00
2016.05.06 07:55:22.855,1.6676,1.66811,1.75,1.00
2016.05.06 07:55:23.359,1.66761,1.66806,1.50,1.00
2016.05.06 07:55:23.892,1.66758,1.66807,1.75,1.00
2016.05.06 07:55:25.395,1.66756,1.66806,1.12,1.00
2016.05.06 07:55:26.391,1.66756,1.66807,1.12,1.00
2016.05.06 07:55:26.492,1.66759,1.66811,1.75,1.00
2016.05.06 07:55:26.664,1.66762,1.66813,1.12,1.00
2016.05.06 07:55:27.168,1.66757,1.66814,1.75,1.00
2016.05.06 07:55:27.699,1.66756,1.66813,1.12,1.00
2016.05.06 07:55:27.997,1.66756,1.66806,1.12,1.00
2016.05.06 07:55:28.503,1.66754,1.66806,1.87,1.00
2016.05.06 07:55:28.554,1.66754,1.66806,1.12,1.00
2016.05.06 07:55:29.166,1.66754,1.66807,1.12,1.00
2016.05.06 07:55:29.691,1.66754,1.66806,1.12,1.00
2016.05.06 07:55:32.461,1.66756,1.66806,1.00,1.00
2016.05.06 07:55:32.774,1.66758,1.66811,1.00,1.00
2016.05.06 07:55:32.825,1.66758,1.66811,1.75,1.00
2016.05.06 07:55:32.978,1.66762,1.66814,1.75,1.00
2016.05.06 07:55:33.028,1.66768,1.66816,1.00,1.00
2016.05.06 07:55:33.194,1.6677,1.66821,1.37,1.12
2016.05.06 07:55:33.245,1.66771,1.66827,1.75,1.00
2016.05.06 07:55:33.762,1.66773,1.66826,1.50,1.00
2016.05.06 07:55:33.813,1.66773,1.66833,1.50,1.50
2016.05.06 07:55:33.865,1.66778,1.66831,1.00,1.12
2016.05.06 07:55:34.167,1.6678,1.66834,1.75,1.00
2016.05.06 07:55:34.486,1.66784,1.66837,1.87,1.00
2016.05.06 07:55:38.025,1.66788,1.66838,1.75,1.00
2016.05.06 07:55:38.428,1.66791,1.66843,1.00,1.00
2016.05.06 07:55:38.965,1.66791,1.66844,1.00,1.00
2016.05.06 07:55:39.783,1.66792,1.66844,1.00,1.50
2016.05.06 07:55:40.280,1.66792,1.66842,1.00,1.00
2016.05.06 07:55:40.557,1.66783,1.66835,1.00,1.00
2016.05.06 07:55:40.731,1.66783,1.66826,1.00,1.00
2016.05.06 07:55:40.884,1.66782,1.66836,1.00,1.00
2016.05.06 07:55:41.386,1.66783,1.66835,1.00,1.00
2016.05.06 07:55:41.933,1.66782,1.66836,1.00,1.00
2016.05.06 07:55:42.605,1.66783,1.66835,1.00,1.00
2016.05.06 07:55:44.838,1.66782,1.66836,1.00,1.00
2016.05.06 07:55:45.496,1.66784,1.66836,1.00,1.00
2016.05.06 07:55:46.397,1.66783,1.66837,1.00,1.87
2016.05.06 07:55:47.100,1.66784,1.66836,1.00,1.00
2016.05.06 07:55:47.450,1.66781,1.66826,1.12,1.00
2016.05.06 07:55:47.691,1.66781,1.66833,1.12,1.00
2016.05.06 07:55:48.200,1.6678,1.66834,1.37,1.00
2016.05.06 07:55:48.553,1.6678,1.66836,1.37,1.00
2016.05.06 07:55:48.604,1.66781,1.66833,1.87,1.00
2016.05.06 07:55:48.954,1.66781,1.66826,1.87,1.00
2016.05.06 07:55:49.107,1.66781,1.66833,1.87,1.00
2016.05.06 07:55:49.282,1.66783,1.66833,1.00,1.00
2016.05.06 07:55:49.803,1.66783,1.66834,1.00,1.00
2016.05.06 07:55:50.305,1.66781,1.66833,1.87,1.00
2016.05.06 07:55:50.521,1.66779,1.66827,1.50,1.00
2016.05.06 07:55:50.925,1.66783,1.66837,1.00,1.12
2016.05.06 07:55:50.976,1.66785,1.66837,1.75,1.00
2016.05.06 07:55:51.027,1.66795,1.66845,1.00,1.00
2016.05.06 07:55:51.078,1.66795,1.66847,1.00,1.50
2016.05.06 07:55:51.129,1.66795,1.66837,1.00,1.00
2016.05.06 07:55:51.230,1.66795,1.66843,1.00,1.00
2016.05.06 07:55:51.381,1.66795,1.66847,1.00,1.00
2016.05.06 07:55:51.568,1.66795,1.66845,1.00,1.00
2016.05.06 07:55:51.870,1.66795,1.66841,1.50,1.00
2016.05.06 07:55:52.072,1.66786,1.66837,1.12,1.00
2016.05.06 07:55:52.173,1.66782,1.66835,1.75,1.00
2016.05.06 07:55:52.659,1.66789,1.66834,1.87,1.00
2016.05.06 07:55:52.710,1.66789,1.66836,1.87,1.00
2016.05.06 07:55:52.811,1.66793,1.66847,1.12,1.50
2016.05.06 07:55:52.862,1.66794,1.66847,1.75,1.50
2016.05.06 07:55:53.366,1.66797,1.66846,1.75,1.00
2016.05.06 07:55:54.752,1.66796,1.66852,2.25,1.00
2016.05.06 07:55:55.080,1.66799,1.66857,1.75,1.12
2016.05.06 07:55:55.181,1.66799,1.66855,1.75,1.00
2016.05.06 07:55:55.624,1.66799,1.66852,2.25,1.00
2016.05.06 07:55:56.623,1.66799,1.66847,1.75,1.00
2016.05.06 07:55:56.828,1.66799,1.66852,1.75,1.50
2016.05.06 07:55:57.152,1.66799,1.66847,1.75,1.00
2016.05.06 07:55:57.307,1.66799,1.66852,1.75,1.50
2016.05.06 07:55:57.630,1.66799,1.66847,1.75,1.00
2016.05.06 07:55:58.148,1.668,1.66851,1.50,1.00
2016.05.06 07:55:58.249,1.66797,1.66849,1.00,1.00
2016.05.06 07:55:58.350,1.66797,1.66846,1.00,1.00
2016.05.06 07:55:58.451,1.66792,1.66846,3.00,1.00
2016.05.06 07:55:58.961,1.66792,1.66847,1.75,1.00
2016.05.06 07:55:59.112,1.66789,1.66843,1.12,1.50
2016.05.06 07:55:59.586,1.66788,1.66846,2.25,2.25
2016.05.06 07:55:59.698,1.66788,1.66843,1.50,1.00
2016.05.06 07:56:00.057,1.66788,1.66839,1.50,1.00
2016.05.06 07:56:00.560,1.66787,1.6684,1.75,1.00
2016.05.06 07:56:01.100,1.66788,1.66839,1.50,1.00
2016.05.06 07:56:01.638,1.6679,1.66842,1.00,1.00
2016.05.06 07:56:01.840,1.6679,1.66836,1.00,1.00
2016.05.06 07:56:02.145,1.66793,1.66844,1.00,1.00
2016.05.06 07:56:03.349,1.66792,1.66845,1.00,1.12
2016.05.06 07:56:03.857,1.66793,1.66844,1.00,1.00
2016.05.06 07:56:03.908,1.66793,1.66844,1.00,1.37
2016.05.06 07:56:03.959,1.6679,1.66842,1.00,1.50
2016.05.06 07:56:04.792,1.6679,1.66842,1.12,1.12
2016.05.06 07:56:05.657,1.66793,1.66844,1.00,1.00
2016.05.06 07:56:06.059,1.6679,1.66843,1.00,1.00
2016.05.06 07:56:06.710,1.6679,1.66842,1.50,1.00
2016.05.06 07:56:07.362,1.6679,1.66843,1.00,1.00
2016.05.06 07:56:08.469,1.6679,1.66842,1.50,1.00
2016.05.06 07:56:09.616,1.6679,1.66843,1.00,1.00
2016.05.06 07:56:09.777,1.6679,1.66836,1.50,1.00
2016.05.06 07:56:10.281,1.6679,1.66843,1.00,1.00
2016.05.06 07:56:10.753,1.6679,1.66836,1.50,1.00
2016.05.06 07:56:11.281,1.6679,1.66837,1.50,1.00
2016.05.06 07:56:11.883,1.66791,1.66837,1.00,1.00
2016.05.06 07:56:12.401,1.6679,1.66837,2.25,1.00
2016.05.06 07:56:12.936,1.66791,1.66837,1.00,1.00
2016.05.06 07:56:13.788,1.6679,1.66837,1.50,1.00
2016.05.06 07:56:14.325,1.66791,1.66836,1.00,1.00
2016.05.06 07:56:14.901,1.6679,1.66836,1.00,1.00
2016.05.06 07:56:15.203,1.66786,1.66836,1.00,1.00
2016.05.06 07:56:15.920,1.66785,1.66836,1.12,2.25
2016.05.06 07:56:16.021,1.66781,1.66834,1.75,1.00
2016.05.06 07:56:16.474,1.6678,1.66826,1.37,1.00
2016.05.06 07:56:16.525,1.6678,1.66826,1.00,1.00
2016.05.06 07:56:16.682,1.66778,1.66835,1.50,1.50
2016.05.06 07:56:16.834,1.66777,1.66832,3.00,1.00
2016.05.06 07:56:17.143,1.66778,1.66826,1.00,1.00
2016.05.06 07:56:17.653,1.66777,1.66826,1.50,1.00
2016.05.06 07:56:18.154,1.66778,1.66826,1.00,1.00
2016.05.06 07:56:18.716,1.66777,1.66826,1.50,1.00
2016.05.06 07:56:19.254,1.66778,1.66826,1.00,1.00
2016.05.06 07:56:19.736,1.66771,1.66822,1.50,1.00
2016.05.06 07:56:19.887,1.66771,1.66817,1.50,1.00
2016.05.06 07:56:21.066,1.66768,1.66816,1.75,1.00
2016.05.06 07:56:21.278,1.66768,1.66823,2.25,1.00
2016.05.06 07:56:21.716,1.66768,1.66816,1.75,1.00
2016.05.06 07:56:24.892,1.66768,1.66817,1.75,1.00
2016.05.06 07:56:25.471,1.66769,1.66824,1.75,1.00
2016.05.06 07:56:25.633,1.66769,1.66822,1.75,1.00
2016.05.06 07:56:26.134,1.66769,1.66821,2.25,1.00
2016.05.06 07:56:28.083,1.66774,1.66821,1.00,1.00
2016.05.06 07:56:28.134,1.66774,1.66827,1.50,1.50
2016.05.06 07:56:28.677,1.66771,1.66825,1.50,1.00
2016.05.06 07:56:29.652,1.66772,1.66824,1.12,1.00
2016.05.06 07:56:30.250,1.66771,1.66825,1.50,1.00
2016.05.06 07:56:30.752,1.66772,1.66824,1.12,1.00
2016.05.06 07:56:31.102,1.6677,1.66821,1.75,1.00
2016.05.06 07:56:31.726,1.66769,1.66822,3.00,1.00
2016.05.06 07:56:32.080,1.6677,1.66817,1.75,1.00
2016.05.06 07:56:32.382,1.66768,1.66819,2.25,1.00
2016.05.06 07:56:33.268,1.66767,1.6682,2.25,1.00
2016.05.06 07:56:33.964,1.66768,1.66819,1.75,1.00
2016.05.06 07:56:34.786,1.6677,1.66822,1.75,1.00
2016.05.06 07:56:35.038,1.6677,1.66822,1.00,1.00
2016.05.06 07:56:35.547,1.66768,1.66819,1.50,1.00
2016.05.06 07:56:36.266,1.66767,1.6682,1.87,1.00
2016.05.06 07:56:36.574,1.66769,1.66823,1.00,1.00
2016.05.06 07:56:37.125,1.6677,1.66822,1.00,1.00
2016.05.06 07:56:37.902,1.66769,1.66823,1.00,1.00
2016.05.06 07:56:38.393,1.66774,1.66825,1.00,1.87
2016.05.06 07:56:38.927,1.66773,1.66826,1.50,1.00
2016.05.06 07:56:39.268,1.66775,1.66829,1.75,1.00
2016.05.06 07:56:39.597,1.66775,1.66826,1.75,1.00
2016.05.06 07:56:43.206,1.66777,1.66829,1.75,1.00
2016.05.06 07:56:43.340,1.66774,1.66826,2.25,1.00
2016.05.06 07:56:43.391,1.66774,1.66826,2.25,1.50
2016.05.06 07:56:43.492,1.66773,1.66824,1.00,1.00
2016.05.06 07:56:44.007,1.66773,1.66823,1.00,1.00
2016.05.06 07:56:44.694,1.66773,1.66824,1.00,1.00
2016.05.06 07:56:45.203,1.66773,1.66823,1.00,1.00
2016.05.06 07:56:46.904,1.66773,1.66824,1.00,1.00
2016.05.06 07:56:47.409,1.66773,1.66823,1.00,1.00
2016.05.06 07:56:48.181,1.66773,1.6682,1.00,1.00
2016.05.06 07:56:48.282,1.66766,1.66823,2.25,1.00
2016.05.06 07:56:48.534,1.66766,1.66817,1.50,1.00
2016.05.06 07:56:48.850,1.66764,1.66817,1.50,1.12
2016.05.06 07:56:49.365,1.66765,1.66816,1.00,1.00
2016.05.06 07:56:49.907,1.66764,1.66814,1.00,1.00
2016.05.06 07:56:50.008,1.66762,1.66815,1.50,1.00
2016.05.06 07:56:50.217,1.66763,1.66812,1.00,1.00
2016.05.06 07:56:50.517,1.66757,1.66809,3.00,1.00
2016.05.06 07:56:50.618,1.66759,1.6681,1.00,1.50
2016.05.06 07:56:51.169,1.6676,1.6681,1.00,1.00
2016.05.06 07:56:51.740,1.66759,1.6681,1.50,1.00
2016.05.06 07:56:51.973,1.66761,1.66813,1.00,1.00
2016.05.06 07:56:52.024,1.66765,1.66815,1.00,1.12
2016.05.06 07:56:52.477,1.66767,1.66816,1.00,1.37
2016.05.06 07:56:52.803,1.66766,1.66807,1.50,1.00
2016.05.06 07:56:52.854,1.66759,1.66806,1.12,1.00
2016.05.06 07:56:53.586,1.6676,1.66806,1.00,1.00
2016.05.06 07:56:54.283,1.66759,1.66806,1.12,1.00
2016.05.06 07:56:54.798,1.6676,1.66806,1.00,1.00
2016.05.06 07:56:54.945,1.6676,1.66812,1.00,1.00
2016.05.06 07:56:55.454,1.66759,1.66813,1.12,1.00
2016.05.06 07:56:55.988,1.6676,1.66812,1.00,1.00
2016.05.06 07:56:56.089,1.66764,1.66806,1.00,1.00
2016.05.06 07:56:56.191,1.66763,1.66817,1.00,2.25
2016.05.06 07:56:56.292,1.66767,1.66817,1.00,1.00
2016.05.06 07:56:56.719,1.66769,1.66816,1.00,1.00
2016.05.06 07:56:57.292,1.66768,1.66816,1.00,1.00
2016.05.06 07:56:57.709,1.66772,1.66817,1.00,1.00
2016.05.06 07:56:58.168,1.66771,1.66815,1.12,1.00
2016.05.06 07:56:58.269,1.66766,1.66817,1.00,1.50
2016.05.06 07:56:58.320,1.66761,1.66817,1.37,2.62
2016.05.06 07:56:58.622,1.66765,1.66817,1.00,1.37
2016.05.06 07:56:58.673,1.66765,1.66817,1.00,1.00
2016.05.06 07:56:58.824,1.66768,1.66817,1.00,1.00
2016.05.06 07:56:59.504,1.66767,1.66817,1.50,1.00
2016.05.06 07:56:59.907,1.66771,1.66817,1.00,1.37
2016.05.06 07:57:00.008,1.66767,1.66817,1.50,1.37
2016.05.06 07:57:00.109,1.66769,1.66816,1.00,1.00
2016.05.06 07:57:00.635,1.6677,1.66817,1.12,1.00
2016.05.06 07:57:04.309,1.66769,1.66816,1.50,1.00
2016.05.06 07:57:05.663,1.6677,1.66817,1.12,1.00
2016.05.06 07:57:05.966,1.66766,1.66817,1.00,1.50
2016.05.06 07:57:06.067,1.66762,1.66817,1.00,1.00
2016.05.06 07:57:06.243,1.66763,1.66817,1.12,1.00
2016.05.06 07:57:06.765,1.66763,1.66816,1.87,1.00
2016.05.06 07:57:13.810,1.66767,1.66818,1.75,1.00
2016.05.06 07:57:13.861,1.66769,1.66821,1.12,1.00
2016.05.06 07:57:13.911,1.66769,1.66821,1.75,1.00
2016.05.06 07:57:13.962,1.66771,1.66824,1.75,1.00
2016.05.06 07:57:14.030,1.66773,1.66826,1.50,1.00
2016.05.06 07:57:15.059,1.66777,1.66829,1.00,1.00
2016.05.06 07:57:15.392,1.6678,1.66832,1.00,1.12
2016.05.06 07:57:15.544,1.66777,1.66834,1.00,1.75
2016.05.06 07:57:15.645,1.66773,1.6683,2.25,1.00
2016.05.06 07:57:15.796,1.66773,1.66827,1.50,1.00
2016.05.06 07:57:16.744,1.66773,1.66826,3.00,1.00
2016.05.06 07:57:17.347,1.66774,1.66825,1.12,1.00
2016.05.06 07:57:19.049,1.66773,1.66826,1.50,1.00
2016.05.06 07:57:19.850,1.66774,1.66825,1.12,1.00
2016.05.06 07:57:20.653,1.66773,1.66826,1.50,1.00
2016.05.06 07:57:20.988,1.66771,1.66823,1.00,1.00
2016.05.06 07:57:21.154,1.66768,1.66821,1.12,1.00
2016.05.06 07:57:21.355,1.6677,1.66824,1.00,1.12
2016.05.06 07:57:21.557,1.66768,1.66821,1.12,1.00
2016.05.06 07:57:21.859,1.66763,1.66815,1.00,1.00
2016.05.06 07:57:22.407,1.66762,1.66816,1.00,1.50
2016.05.06 07:57:22.895,1.66761,1.66812,1.12,1.00
2016.05.06 07:57:23.860,1.6676,1.66813,1.37,1.00
2016.05.06 07:57:24.389,1.66761,1.66806,1.12,1.00
2016.05.06 07:57:24.489,1.66761,1.66812,1.12,1.00
2016.05.06 07:57:25.684,1.6676,1.66813,1.37,1.00
2016.05.06 07:57:26.366,1.66761,1.66812,1.12,1.00
2016.05.06 07:57:28.255,1.66758,1.66798,1.75,1.00
2016.05.06 07:57:28.357,1.66754,1.66803,1.37,1.12
2016.05.06 07:57:28.408,1.66746,1.66799,1.00,1.00
2016.05.06 07:57:28.509,1.66749,1.66801,1.00,1.00
2016.05.06 07:57:28.886,1.66747,1.66805,1.00,1.75
2016.05.06 07:57:29.321,1.66749,1.66801,1.00,1.00
2016.05.06 07:57:29.623,1.66752,1.66806,1.00,1.75
2016.05.06 07:57:29.980,1.66751,1.66806,1.75,1.00
2016.05.06 07:57:30.333,1.66752,1.6681,1.75,1.00
2016.05.06 07:57:30.384,1.66754,1.66806,1.50,1.00
2016.05.06 07:57:30.689,1.66753,1.66806,1.00,1.75
2016.05.06 07:57:31.243,1.66754,1.66805,1.00,1.50
2016.05.06 07:57:32.320,1.66753,1.66806,1.00,1.75
2016.05.06 07:57:32.830,1.66754,1.66805,1.00,1.50
2016.05.06 07:57:33.667,1.66753,1.66806,1.00,1.75
2016.05.06 07:57:33.789,1.66751,1.66803,1.00,1.00
2016.05.06 07:57:34.297,1.6675,1.66804,1.50,1.12
2016.05.06 07:57:34.793,1.66751,1.66806,1.75,1.00
2016.05.06 07:57:34.968,1.66753,1.66811,1.75,1.50
2016.05.06 07:57:35.495,1.66755,1.66812,1.50,1.00
2016.05.06 07:57:40.205,1.66758,1.66812,1.00,1.00
2016.05.06 07:57:40.511,1.66756,1.66806,1.12,1.00
2016.05.06 07:57:40.612,1.66759,1.66811,1.00,1.00
2016.05.06 07:57:40.816,1.66758,1.66815,1.00,1.50
2016.05.06 07:57:41.073,1.66762,1.66816,1.37,1.87
2016.05.06 07:57:41.443,1.6676,1.66819,1.75,1.50
2016.05.06 07:57:41.544,1.66759,1.66816,2.25,1.00
2016.05.06 07:57:41.645,1.66764,1.66818,1.12,1.50
2016.05.06 07:57:43.196,1.66766,1.66818,1.00,1.00
2016.05.06 07:57:43.499,1.66774,1.66826,1.75,1.00
2016.05.06 07:57:43.764,1.66776,1.6683,1.12,1.12
2016.05.06 07:57:44.265,1.66776,1.66829,1.12,1.12
2016.05.06 07:57:45.016,1.66776,1.66828,1.12,1.00
2016.05.06 07:57:45.819,1.66777,1.66828,1.00,1.00
2016.05.06 07:57:46.350,1.66776,1.66829,1.12,1.00
2016.05.06 07:57:46.920,1.66777,1.66829,1.00,1.50
2016.05.06 07:57:47.831,1.66776,1.66829,1.12,1.00
2016.05.06 07:57:48.564,1.66777,1.66829,1.00,1.00
2016.05.06 07:57:48.857,1.66781,1.66832,1.00,1.12
2016.05.06 07:57:49.026,1.66781,1.66835,1.50,1.00
2016.05.06 07:57:49.729,1.66782,1.66834,1.37,1.00
2016.05.06 07:57:50.473,1.66781,1.66835,1.50,1.00
2016.05.06 07:57:51.332,1.66782,1.66834,1.37,1.00
2016.05.06 07:57:51.433,1.66785,1.66836,1.00,1.00
2016.05.06 07:57:51.937,1.66784,1.66837,1.00,1.50
2016.05.06 07:57:52.485,1.66785,1.66836,1.00,1.00
2016.05.06 07:57:53.366,1.66782,1.66832,1.37,1.00
2016.05.06 07:57:53.517,1.66779,1.66831,1.37,1.00
2016.05.06 07:57:53.568,1.66779,1.66827,1.00,1.00
2016.05.06 07:57:53.626,1.66779,1.66831,1.00,1.00
2016.05.06 07:57:53.677,1.66777,1.66828,1.50,1.00
2016.05.06 07:57:53.994,1.66777,1.66826,1.50,1.00
2016.05.06 07:57:54.347,1.66777,1.66828,1.50,1.00
2016.05.06 07:57:54.733,1.66778,1.66826,1.00,1.00
2016.05.06 07:57:55.058,1.66782,1.66826,1.00,1.00
2016.05.06 07:57:55.159,1.66782,1.66833,1.00,1.00
2016.05.06 07:57:55.987,1.66783,1.66836,1.00,1.00
2016.05.06 07:57:56.590,1.66784,1.66836,1.00,1.50
2016.05.06 07:57:56.741,1.66787,1.66836,1.00,1.50
2016.05.06 07:57:57.044,1.66789,1.66837,1.00,1.00
2016.05.06 07:57:57.145,1.66789,1.66843,1.00,1.00
2016.05.06 07:57:57.246,1.66789,1.66837,1.00,1.00
2016.05.06 07:57:57.632,1.66789,1.66843,1.00,1.00
2016.05.06 07:57:57.842,1.66789,1.66837,1.00,1.00
2016.05.06 07:57:58.372,1.6679,1.66837,1.00,1.00
2016.05.06 07:57:58.473,1.6679,1.66842,2.25,1.00
2016.05.06 07:57:58.524,1.66793,1.66842,1.00,1.00
2016.05.06 07:57:58.575,1.66793,1.66844,1.50,1.12
2016.05.06 07:57:59.106,1.66792,1.66845,1.50,1.00
2016.05.06 07:57:59.652,1.66794,1.66845,1.00,1.00
2016.05.06 07:58:00.153,1.66794,1.66844,1.00,1.00
2016.05.06 07:58:00.641,1.66793,1.66844,1.75,1.00
2016.05.06 07:58:00.693,1.66798,1.66851,1.75,1.00
2016.05.06 07:58:00.744,1.66803,1.66851,1.00,1.00
2016.05.06 07:58:00.795,1.66803,1.66854,1.00,1.00
2016.05.06 07:58:00.896,1.66805,1.66859,1.00,1.12
2016.05.06 07:58:00.946,1.66806,1.66857,1.00,1.00
2016.05.06 07:58:01.337,1.66809,1.66866,2.25,1.00
2016.05.06 07:58:01.538,1.66809,1.66856,2.25,1.00
2016.05.06 07:58:01.638,1.66809,1.66866,2.25,1.00
2016.05.06 07:58:02.159,1.66813,1.66864,1.00,1.00
2016.05.06 07:58:02.759,1.66812,1.66865,1.00,1.00
2016.05.06 07:58:03.260,1.66813,1.66864,1.00,1.00
2016.05.06 07:58:03.580,1.66813,1.66857,1.00,1.00
2016.05.06 07:58:04.182,1.66813,1.66864,1.00,1.00
2016.05.06 07:58:04.283,1.66814,1.66866,1.00,1.50
2016.05.06 07:58:04.494,1.66815,1.66857,1.00,1.00
2016.05.06 07:58:04.596,1.66809,1.66856,1.50,2.25
2016.05.06 07:58:04.647,1.66805,1.66846,1.37,1.00
2016.05.06 07:58:04.698,1.66797,1.66846,1.37,1.00
2016.05.06 07:58:04.900,1.66793,1.66846,1.37,1.37
2016.05.06 07:58:06.343,1.6679,1.66847,1.50,3.37
2016.05.06 07:58:06.645,1.6679,1.66836,1.50,1.00
2016.05.06 07:58:06.889,1.66791,1.66846,1.00,1.75
2016.05.06 07:58:06.990,1.66794,1.66846,1.00,1.50
2016.05.06 07:58:07.227,1.66796,1.66846,1.00,1.00
2016.05.06 07:58:07.530,1.66799,1.66846,1.00,1.00
2016.05.06 07:58:07.881,1.66796,1.66846,2.25,1.00
2016.05.06 07:58:08.292,1.66794,1.66845,1.00,1.00
2016.05.06 07:58:08.817,1.66793,1.66846,1.00,1.50
2016.05.06 07:58:09.339,1.66794,1.66845,1.00,1.00
2016.05.06 07:58:09.774,1.66791,1.66843,1.50,1.00
2016.05.06 07:58:10.344,1.6679,1.66844,1.75,1.00
2016.05.06 07:58:11.450,1.6679,1.66837,1.75,1.00
2016.05.06 07:58:14.061,1.6679,1.66844,1.75,1.00
2016.05.06 07:58:14.622,1.66791,1.66843,1.50,1.00
2016.05.06 07:58:15.330,1.6679,1.66844,1.75,1.50
2016.05.06 07:58:15.864,1.66791,1.66843,1.50,1.00
2016.05.06 07:58:16.316,1.66789,1.6684,1.75,1.00
2016.05.06 07:58:17.390,1.66788,1.66841,1.75,1.00
2016.05.06 07:58:17.957,1.66789,1.66837,1.75,1.00
2016.05.06 07:58:18.058,1.66788,1.66841,1.75,1.00
2016.05.06 07:58:18.109,1.66783,1.66831,1.75,1.00
2016.05.06 07:58:18.160,1.66783,1.66827,1.00,1.00
2016.05.06 07:58:18.382,1.66775,1.66827,1.37,1.50
2016.05.06 07:58:18.685,1.66769,1.66817,2.25,1.00
2016.05.06 07:58:19.095,1.66771,1.66817,1.00,1.00
2016.05.06 07:58:19.197,1.66765,1.66817,1.12,1.50
2016.05.06 07:58:19.377,1.66765,1.66817,1.00,2.25
2016.05.06 07:58:19.718,1.66763,1.66807,1.00,1.00
2016.05.06 07:58:20.874,1.66763,1.66814,1.00,1.37
2016.05.06 07:58:20.975,1.66763,1.66814,1.00,1.00
2016.05.06 07:58:21.227,1.6676,1.66812,1.75,1.00
2016.05.06 07:58:21.545,1.6676,1.66807,1.75,1.00
2016.05.06 07:58:22.053,1.66759,1.66806,1.75,1.00
2016.05.06 07:58:23.054,1.66759,1.66806,1.37,1.00
2016.05.06 07:58:23.206,1.66759,1.66806,1.00,1.00
2016.05.06 07:58:24.191,1.66759,1.66807,1.00,1.00
2016.05.06 07:58:24.724,1.6676,1.66807,1.50,1.00
2016.05.06 07:58:25.311,1.66759,1.66806,1.50,1.00
2016.05.06 07:58:25.813,1.6676,1.66806,1.00,1.00
2016.05.06 07:58:26.354,1.66759,1.66806,1.50,1.00
2016.05.06 07:58:26.913,1.66758,1.66806,1.00,1.00
2016.05.06 07:58:27.767,1.66759,1.66806,1.00,1.00
2016.05.06 07:58:28.469,1.66758,1.66806,1.00,1.00
2016.05.06 07:58:28.902,1.66758,1.66812,2.25,1.00
2016.05.06 07:58:29.126,1.66761,1.66814,1.75,1.00
2016.05.06 07:58:29.336,1.66761,1.66817,1.75,1.50
2016.05.06 07:58:29.662,1.66762,1.66817,1.87,1.00
2016.05.06 07:58:29.712,1.66767,1.66822,1.50,1.37
2016.05.06 07:58:30.215,1.66768,1.66822,1.37,1.50
2016.05.06 07:58:31.070,1.66769,1.66821,1.12,1.00
2016.05.06 07:58:31.612,1.66768,1.66822,1.37,1.00
2016.05.06 07:58:32.532,1.66769,1.66821,1.12,1.00
2016.05.06 07:58:33.061,1.66768,1.66822,1.37,1.00
2016.05.06 07:58:33.828,1.66769,1.66821,1.12,1.00
2016.05.06 07:58:34.036,1.66774,1.66826,1.00,1.87
2016.05.06 07:58:34.350,1.66772,1.66827,1.00,1.50
2016.05.06 07:58:34.882,1.66773,1.66826,1.00,1.37
2016.05.06 07:58:35.262,1.66775,1.66826,1.00,1.87
2016.05.06 07:58:36.342,1.66774,1.66826,1.00,1.37
2016.05.06 07:58:36.944,1.66772,1.66823,1.50,1.00
2016.05.06 07:58:37.189,1.66771,1.66827,1.50,1.50
2016.05.06 07:58:37.341,1.66772,1.66822,1.00,1.00
2016.05.06 07:58:37.546,1.66767,1.66825,1.50,1.87
2016.05.06 07:58:37.900,1.66765,1.66822,1.50,1.75
2016.05.06 07:58:38.001,1.66765,1.66816,1.50,1.00
2016.05.06 07:58:39.185,1.66765,1.66822,1.50,1.75
2016.05.06 07:58:40.031,1.66767,1.66824,1.00,1.75
2016.05.06 07:58:40.333,1.66771,1.66823,1.00,1.75
2016.05.06 07:58:40.645,1.66773,1.66824,1.00,1.75
2016.05.06 07:58:40.754,1.66771,1.66823,1.00,1.75
2016.05.06 07:58:40.965,1.66771,1.66823,1.00,1.00
2016.05.06 07:58:41.506,1.6677,1.66824,1.00,1.00
2016.05.06 07:58:42.795,1.66771,1.66823,1.00,1.00
2016.05.06 07:58:42.997,1.66773,1.66826,1.00,1.37
2016.05.06 07:58:43.500,1.66774,1.66825,1.00,1.12
2016.05.06 07:58:44.037,1.66773,1.66826,1.00,1.37
2016.05.06 07:58:44.588,1.66774,1.66825,1.00,1.12
2016.05.06 07:58:45.269,1.66772,1.66828,1.50,3.00
2016.05.06 07:58:46.426,1.66771,1.66826,2.25,1.37
2016.05.06 07:58:46.930,1.66772,1.66827,1.00,1.50
2016.05.06 07:58:48.768,1.66774,1.66829,1.00,1.87
2016.05.06 07:58:48.819,1.66774,1.66829,1.37,1.50
2016.05.06 07:58:48.970,1.66777,1.66831,1.00,1.00
2016.05.06 07:58:49.287,1.66775,1.66831,1.12,1.12
2016.05.06 07:58:50.042,1.66777,1.66832,1.00,1.37
2016.05.06 07:58:50.386,1.66784,1.66837,1.00,1.50
2016.05.06 07:58:50.937,1.66784,1.66836,1.00,1.50
2016.05.06 07:58:51.413,1.66787,1.6684,1.00,2.25
2016.05.06 07:58:51.716,1.66788,1.66836,1.00,1.00
2016.05.06 07:58:51.766,1.66788,1.6684,1.00,1.50
2016.05.06 07:58:52.393,1.66787,1.66841,1.00,1.75
2016.05.06 07:58:52.824,1.6679,1.66843,1.00,1.75
2016.05.06 07:58:53.381,1.66789,1.66844,1.50,1.87
2016.05.06 07:58:54.004,1.66793,1.66844,1.00,1.12
2016.05.06 07:58:54.159,1.66795,1.66846,1.00,1.00
2016.05.06 07:58:54.311,1.66793,1.66845,1.00,1.00
2016.05.06 07:58:54.614,1.6679,1.66845,1.00,1.00
2016.05.06 07:58:55.117,1.6679,1.66846,1.00,1.00
2016.05.06 07:58:55.450,1.66792,1.66845,1.00,1.00
2016.05.06 07:58:55.753,1.66797,1.66848,1.00,1.50
2016.05.06 07:58:56.274,1.66798,1.66846,1.00,1.00
2016.05.06 07:58:56.324,1.66794,1.66846,1.00,1.00
2016.05.06 07:58:56.426,1.66791,1.66846,1.00,2.25
2016.05.06 07:58:56.596,1.66787,1.66842,1.00,1.50
2016.05.06 07:58:56.647,1.66789,1.66839,1.00,1.00
2016.05.06 07:58:57.159,1.66788,1.6684,1.00,1.00
2016.05.06 07:58:57.897,1.66789,1.66839,1.00,1.00
2016.05.06 07:58:58.460,1.66788,1.6684,1.00,1.00
2016.05.06 07:58:59.062,1.66789,1.66839,1.00,1.00
2016.05.06 07:58:59.659,1.66788,1.6684,1.00,1.00
2016.05.06 07:59:00.316,1.66789,1.66839,1.00,1.00
2016.05.06 07:59:00.825,1.66788,1.6684,1.00,1.00
2016.05.06 07:59:01.371,1.66788,1.66842,1.00,1.50
2016.05.06 07:59:01.673,1.66791,1.66843,1.00,1.75
2016.05.06 07:59:02.174,1.6679,1.66844,1.00,2.25
2016.05.06 07:59:02.726,1.66791,1.66843,1.00,1.75
2016.05.06 07:59:03.630,1.6679,1.66844,1.00,2.25
2016.05.06 07:59:04.546,1.66791,1.66843,1.00,1.75
2016.05.06 07:59:05.438,1.6679,1.66844,1.00,1.75
2016.05.06 07:59:05.639,1.66787,1.66842,1.00,1.50
2016.05.06 07:59:06.164,1.66788,1.66841,1.00,1.12
2016.05.06 07:59:06.743,1.66787,1.66842,1.00,1.50
2016.05.06 07:59:07.244,1.66788,1.66841,1.00,1.12
2016.05.06 07:59:07.746,1.66787,1.66842,1.00,1.50
2016.05.06 07:59:08.297,1.66788,1.66841,1.00,1.12
2016.05.06 07:59:08.821,1.66787,1.66842,1.50,1.50
2016.05.06 07:59:09.349,1.66788,1.66841,1.00,1.12
2016.05.06 07:59:10.120,1.66787,1.66842,1.50,1.50
2016.05.06 07:59:10.803,1.66788,1.66841,1.00,1.12
2016.05.06 07:59:11.674,1.66787,1.66842,1.50,1.50
2016.05.06 07:59:11.826,1.66789,1.66841,1.00,1.12
2016.05.06 07:59:12.358,1.66788,1.66842,1.00,1.50
2016.05.06 07:59:12.876,1.66789,1.66841,1.00,1.00
2016.05.06 07:59:13.178,1.66793,1.66846,1.00,1.00
2016.05.06 07:59:13.682,1.66792,1.66847,1.00,1.00
2016.05.06 07:59:13.783,1.66793,1.66845,1.00,1.00
2016.05.06 07:59:13.959,1.6679,1.66843,1.00,1.12
2016.05.06 07:59:15.175,1.66789,1.66844,1.00,1.50
2016.05.06 07:59:15.770,1.6679,1.66843,1.00,1.12
2016.05.06 07:59:16.472,1.66789,1.66844,1.00,1.50
2016.05.06 07:59:17.250,1.6679,1.66843,1.00,1.12
2016.05.06 07:59:17.301,1.6679,1.66837,1.00,1.00
2016.05.06 07:59:17.507,1.6679,1.66843,1.37,1.12
2016.05.06 07:59:17.777,1.66793,1.66847,1.12,1.00
2016.05.06 07:59:17.828,1.66794,1.66836,1.00,1.00
2016.05.06 07:59:18.174,1.66794,1.66847,1.00,1.00
2016.05.06 07:59:18.630,1.66793,1.66836,1.37,1.00
2016.05.06 07:59:19.033,1.66795,1.66846,1.00,1.50
2016.05.06 07:59:19.084,1.66793,1.66846,1.87,1.00
2016.05.06 07:59:19.134,1.66793,1.66836,1.87,1.00
2016.05.06 07:59:19.185,1.66791,1.66844,1.37,1.12
2016.05.06 07:59:19.422,1.66791,1.66844,1.12,1.12
2016.05.06 07:59:20.956,1.6679,1.66845,1.00,1.50
2016.05.06 07:59:21.537,1.66791,1.66844,1.00,1.12
2016.05.06 07:59:22.293,1.6679,1.66845,1.00,2.25
2016.05.06 07:59:22.595,1.66794,1.66846,1.00,2.25
2016.05.06 07:59:23.157,1.66793,1.66846,1.00,1.75
2016.05.06 07:59:23.917,1.66794,1.66846,1.00,2.25
2016.05.06 07:59:25.162,1.66793,1.66846,1.00,1.75
2016.05.06 07:59:25.785,1.66794,1.66846,1.00,2.25
2016.05.06 07:59:26.494,1.66793,1.66844,1.00,1.12
2016.05.06 07:59:27.302,1.66794,1.66844,1.00,1.12
2016.05.06 07:59:27.949,1.66795,1.66844,1.00,1.12
2016.05.06 07:59:28.421,1.66795,1.66837,1.00,1.00
2016.05.06 07:59:28.472,1.66791,1.66837,1.00,1.00
2016.05.06 07:59:28.574,1.66794,1.66837,1.00,1.00
2016.05.06 07:59:28.625,1.66794,1.66846,1.00,1.75
2016.05.06 07:59:28.726,1.66798,1.66856,1.12,1.75
2016.05.06 07:59:28.777,1.66801,1.66856,1.00,1.75
2016.05.06 07:59:29.051,1.66804,1.6686,1.12,1.00
2016.05.06 07:59:29.102,1.66804,1.66856,1.12,1.00
2016.05.06 07:59:31.413,1.66804,1.66857,1.00,1.00
2016.05.06 07:59:31.766,1.66804,1.66846,1.00,1.00
2016.05.06 07:59:31.816,1.66804,1.66857,1.00,1.00
2016.05.06 07:59:32.367,1.66804,1.66856,1.00,1.00
2016.05.06 07:59:33.005,1.66804,1.66856,1.12,1.37
2016.05.06 07:59:33.106,1.66801,1.66855,1.00,1.12
2016.05.06 07:59:33.207,1.66801,1.66846,1.50,1.00
2016.05.06 07:59:33.636,1.66801,1.66855,1.00,1.12
2016.05.06 07:59:34.159,1.66802,1.66854,1.00,1.00
2016.05.06 07:59:34.788,1.66801,1.66854,1.50,1.00
2016.05.06 07:59:35.322,1.66801,1.66855,1.00,1.12
2016.05.06 07:59:35.625,1.66801,1.66846,1.50,1.00
2016.05.06 07:59:36.292,1.668,1.66846,1.00,1.00
2016.05.06 07:59:36.816,1.66801,1.66846,1.00,1.00
2016.05.06 07:59:37.495,1.668,1.66846,1.50,1.00
2016.05.06 07:59:37.896,1.66804,1.66846,1.00,1.00
2016.05.06 07:59:38.286,1.66804,1.66856,1.00,1.87
2016.05.06 07:59:38.998,1.66803,1.66857,1.00,2.25
2016.05.06 07:59:40.050,1.66804,1.66857,1.00,2.25
2016.05.06 07:59:40.200,1.66806,1.66857,1.00,1.50
2016.05.06 07:59:40.739,1.66805,1.66857,1.00,1.50
2016.05.06 07:59:42.237,1.66809,1.66857,1.00,1.12
2016.05.06 07:59:42.338,1.66809,1.66862,1.00,1.50
2016.05.06 07:59:42.506,1.66813,1.66864,1.00,1.75
2016.05.06 07:59:42.846,1.66809,1.66856,1.50,1.00
2016.05.06 07:59:43.348,1.6681,1.66856,1.37,1.00
2016.05.06 07:59:43.709,1.66813,1.66856,1.00,1.00
2016.05.06 07:59:44.309,1.66812,1.66856,1.00,1.00
2016.05.06 07:59:44.851,1.66813,1.66856,1.00,1.00
2016.05.06 07:59:45.410,1.66813,1.66857,1.00,1.00
2016.05.06 07:59:45.460,1.66819,1.66866,1.00,1.00
2016.05.06 07:59:45.662,1.66821,1.66874,1.50,1.00
2016.05.06 07:59:45.864,1.6682,1.66867,1.75,1.00
2016.05.06 07:59:46.406,1.6682,1.66866,1.75,1.00
2016.05.06 07:59:46.867,1.66823,1.66877,1.00,1.50
2016.05.06 07:59:47.018,1.6683,1.66877,1.12,1.00
2016.05.06 07:59:47.271,1.66836,1.66886,1.00,1.12
2016.05.06 07:59:47.788,1.66835,1.66886,1.00,1.12
2016.05.06 07:59:48.323,1.66836,1.66886,1.00,1.12
2016.05.06 07:59:49.866,1.66835,1.66886,1.75,1.00
2016.05.06 07:59:49.967,1.66835,1.66876,1.75,1.00
2016.05.06 07:59:50.068,1.66837,1.66887,1.12,1.00
2016.05.06 07:59:50.947,1.66838,1.66887,1.00,1.00
2016.05.06 07:59:51.533,1.66837,1.66887,1.12,1.00
2016.05.06 07:59:52.075,1.66837,1.66887,1.00,1.50
2016.05.06 07:59:52.678,1.66838,1.66886,1.00,1.12
2016.05.06 07:59:53.180,1.66837,1.66887,1.00,1.50
2016.05.06 07:59:53.883,1.66838,1.66887,1.00,1.50
2016.05.06 07:59:54.386,1.66837,1.66887,1.00,1.50
2016.05.06 07:59:54.436,1.66837,1.66877,1.00,1.00
2016.05.06 07:59:54.588,1.66827,1.66876,1.50,1.00
2016.05.06 07:59:54.689,1.6683,1.66876,1.00,1.00
2016.05.06 07:59:54.840,1.66832,1.66886,1.00,1.12
2016.05.06 07:59:54.941,1.66835,1.66886,1.00,1.00
2016.05.06 07:59:55.287,1.66837,1.66886,1.00,1.00
2016.05.06 07:59:55.590,1.66842,1.66886,2.25,1.00
2016.05.06 07:59:56.635,1.66842,1.66886,1.12,1.00
2016.05.06 07:59:56.736,1.66839,1.66886,1.50,1.00
2016.05.06 07:59:57.091,1.66842,1.66886,1.00,1.00
2016.05.06 07:59:57.597,1.66843,1.66886,1.00,1.00
2016.05.06 07:59:58.648,1.66842,1.66886,1.00,1.00
2016.05.06 07:59:59.249,1.66843,1.66886,1.00,1.00
2016.05.06 07:59:59.683,1.66843,1.66895,1.00,1.00
2016.05.06 07:59:59.744,1.66843,1.66886,1.00,1.00
