2014.06.04 12:00:00.671,1.61975,1.62005,1.00,1.60
2014.06.04 12:00:00.772,1.61981,1.62006,1.00,1.60
2014.06.04 12:00:00.923,1.61983,1.62006,1.00,1.00
2014.06.04 12:00:01.420,1.61986,1.62016,1.00,1.68
2014.06.04 12:00:01.471,1.61986,1.62016,1.00,1.50
2014.06.04 12:00:01.522,1.61986,1.62014,1.00,1.00
2014.06.04 12:00:01.872,1.61989,1.62014,1.00,1.00
2014.06.04 12:00:02.099,1.61989,1.62016,1.00,1.50
2014.06.04 12:00:02.968,1.61991,1.62016,1.00,1.00
2014.06.04 12:00:14.502,1.61992,1.62016,1.00,1.00
2014.06.04 12:00:15.016,1.61992,1.62017,1.00,1.00
2014.06.04 12:00:16.942,1.61992,1.62016,1.00,1.00
2014.06.04 12:00:24.381,1.61989,1.62016,1.00,1.00
2014.06.04 12:00:25.675,1.61994,1.6202,1.00,1.50
2014.06.04 12:00:25.725,1.61994,1.62022,1.00,1.00
2014.06.04 12:00:26.704,1.61994,1.62023,1.00,1.00
2014.06.04 12:00:26.755,1.61994,1.62025,1.00,1.00
2014.06.04 12:00:26.923,1.61997,1.62025,1.00,1.00
2014.06.04 12:00:27.025,1.61995,1.62026,1.00,1.50
2014.06.04 12:00:27.443,1.61995,1.62029,1.00,2.25
2014.06.04 12:00:27.494,1.61999,1.62029,1.00,1.50
2014.06.04 12:00:28.032,1.61999,1.6203,1.00,1.00
2014.06.04 12:00:28.364,1.61999,1.62028,1.00,1.00
2014.06.04 12:00:29.618,1.61999,1.62029,1.00,1.00
2014.06.04 12:00:30.637,1.62013,1.62029,1.00,1.00
2014.06.04 12:00:30.738,1.62004,1.62032,1.00,1.73
2014.06.04 12:00:30.840,1.62004,1.62028,1.00,1.00
2014.06.04 12:00:31.092,1.61995,1.62026,1.00,1.00
2014.06.04 12:00:31.143,1.61995,1.62021,1.00,1.00
2014.06.04 12:00:31.194,1.61984,1.62021,1.00,1.00
2014.06.04 12:00:31.446,1.61984,1.62018,1.00,1.00
2014.06.04 12:00:31.749,1.61983,1.62016,1.00,1.00
2014.06.04 12:00:33.793,1.61974,1.62006,3.00,1.00
2014.06.04 12:00:35.881,1.61983,1.62016,1.00,1.50
2014.06.04 12:00:37.724,1.61983,1.62017,1.00,1.00
2014.06.04 12:00:44.772,1.61983,1.62016,1.00,1.00
2014.06.04 12:00:44.824,1.61976,1.62006,1.00,1.00
2014.06.04 12:00:46.162,1.61974,1.62006,1.50,1.00
2014.06.04 12:00:46.881,1.61973,1.62007,1.00,1.00
2014.06.04 12:00:55.462,1.61984,1.62011,1.00,1.00
2014.06.04 12:01:05.311,1.61983,1.62011,1.00,1.00
2014.06.04 12:01:05.913,1.61993,1.62015,1.00,1.00
2014.06.04 12:01:06.017,1.61993,1.62017,1.00,1.00
2014.06.04 12:01:06.513,1.61993,1.62019,1.00,2.25
2014.06.04 12:01:07.027,1.61994,1.6202,1.00,1.00
2014.06.04 12:01:07.617,1.61994,1.62024,1.00,2.25
2014.06.04 12:01:07.719,1.61993,1.6202,1.00,1.00
2014.06.04 12:01:07.871,1.61993,1.62022,1.00,1.00
2014.06.04 12:01:07.972,1.61993,1.62024,1.00,1.00
2014.06.04 12:01:08.551,1.61994,1.62023,1.00,1.00
2014.06.04 12:01:09.159,1.61994,1.62024,1.00,1.00
2014.06.04 12:01:09.669,1.61993,1.62027,1.00,1.00
2014.06.04 12:01:10.402,1.62004,1.62028,1.00,1.00
2014.06.04 12:01:10.453,1.62004,1.62031,1.00,1.00
2014.06.04 12:01:10.710,1.62004,1.62035,1.00,1.50
2014.06.04 12:01:11.370,1.62004,1.62034,1.00,1.00
2014.06.04 12:01:12.392,1.62013,1.62034,1.00,1.00
2014.06.04 12:01:14.913,1.62003,1.62033,1.00,1.00
2014.06.04 12:01:15.179,1.62004,1.62024,1.00,1.00
2014.06.04 12:01:15.696,1.62003,1.62024,1.00,1.00
2014.06.04 12:01:16.251,1.62003,1.62028,1.00,1.00
2014.06.04 12:01:16.352,1.62003,1.62031,1.00,2.25
2014.06.04 12:01:16.453,1.62003,1.62027,1.00,1.00
2014.06.04 12:01:16.978,1.62004,1.62027,1.00,1.00
2014.06.04 12:01:17.581,1.61993,1.62027,1.00,1.50
2014.06.04 12:01:17.800,1.62004,1.62027,1.00,1.00
2014.06.04 12:01:18.404,1.62004,1.62029,1.00,1.00
2014.06.04 12:01:18.926,1.62004,1.62031,1.00,1.80
2014.06.04 12:01:19.209,1.62004,1.62027,1.00,1.00
2014.06.04 12:01:19.595,1.61993,1.62027,1.00,1.50
2014.06.04 12:01:19.946,1.61994,1.62025,1.00,1.00
2014.06.04 12:01:20.890,1.62004,1.62025,1.00,1.00
2014.06.04 12:01:20.940,1.62004,1.6203,1.00,1.00
2014.06.04 12:01:21.535,1.62004,1.62031,1.00,1.05
2014.06.04 12:01:23.080,1.62003,1.62031,1.00,1.05
2014.06.04 12:01:23.682,1.62003,1.62033,1.00,1.30
2014.06.04 12:01:23.783,1.62014,1.62033,1.00,1.30
2014.06.04 12:01:23.985,1.62014,1.62036,1.00,1.00
2014.06.04 12:01:24.572,1.62013,1.62036,1.00,1.00
2014.06.04 12:01:24.917,1.62013,1.6203,1.00,1.00
2014.06.04 12:01:25.018,1.62013,1.62038,1.00,2.25
2014.06.04 12:01:25.069,1.62004,1.62036,1.00,1.00
2014.06.04 12:01:25.271,1.62004,1.62034,1.00,1.00
2014.06.04 12:01:29.641,1.62004,1.62032,1.00,1.00
2014.06.04 12:01:31.731,1.62004,1.62034,1.00,1.00
2014.06.04 12:01:32.306,1.62003,1.62034,1.00,1.00
2014.06.04 12:01:32.357,1.62013,1.62034,1.00,1.00
2014.06.04 12:01:32.912,1.62004,1.62034,1.00,1.00
2014.06.04 12:01:33.063,1.62004,1.62032,1.00,1.00
2014.06.04 12:01:37.912,1.62004,1.62031,1.00,1.00
2014.06.04 12:01:38.462,1.62004,1.62032,1.00,1.50
2014.06.04 12:01:41.151,1.62014,1.62034,1.00,1.00
2014.06.04 12:01:41.352,1.62004,1.62035,1.00,1.00
2014.06.04 12:01:46.000,1.62013,1.62035,1.00,1.00
2014.06.04 12:01:46.547,1.62003,1.62035,1.00,1.00
2014.06.04 12:01:47.559,1.62003,1.62032,1.00,1.00
2014.06.04 12:01:53.128,1.62004,1.62032,1.00,1.50
2014.06.04 12:01:54.060,1.62004,1.62031,1.00,1.00
2014.06.04 12:01:54.363,1.62004,1.62028,1.00,1.00
2014.06.04 12:01:55.865,1.62014,1.62028,1.00,1.00
2014.06.04 12:01:55.916,1.62014,1.62031,1.00,1.00
2014.06.04 12:01:56.232,1.62014,1.62033,1.00,1.00
2014.06.04 12:01:56.284,1.62014,1.62038,1.00,1.00
2014.06.04 12:01:59.947,1.62014,1.62039,1.00,1.00
2014.06.04 12:01:59.998,1.62014,1.62037,1.00,1.00
2014.06.04 12:02:00.556,1.62014,1.62038,1.00,1.00
2014.06.04 12:02:01.288,1.62014,1.62037,1.00,1.00
2014.06.04 12:02:01.878,1.62014,1.62038,1.00,1.00
2014.06.04 12:02:04.440,1.62014,1.62037,1.00,1.00
2014.06.04 12:02:05.621,1.62014,1.62034,1.00,1.00
2014.06.04 12:02:08.356,1.62004,1.62034,1.00,1.00
2014.06.04 12:02:08.572,1.62013,1.62034,1.00,1.00
2014.06.04 12:02:08.723,1.62004,1.62034,1.00,1.00
2014.06.04 12:02:10.840,1.62004,1.62031,1.00,1.00
2014.06.04 12:02:11.650,1.62004,1.62027,1.00,1.00
2014.06.04 12:02:11.751,1.62003,1.62032,1.00,1.00
2014.06.04 12:02:12.054,1.62003,1.62029,1.00,1.00
2014.06.04 12:02:12.256,1.62004,1.62033,1.00,1.30
2014.06.04 12:02:12.678,1.62004,1.62036,1.00,1.50
2014.06.04 12:02:14.475,1.62004,1.62033,1.00,1.00
2014.06.04 12:02:15.127,1.62003,1.62033,1.00,1.50
2014.06.04 12:02:15.659,1.62004,1.62033,1.00,1.50
2014.06.04 12:02:17.890,1.62014,1.62033,1.00,1.50
2014.06.04 12:02:19.100,1.62004,1.62033,1.00,1.50
2014.06.04 12:02:20.112,1.62013,1.62033,1.00,1.00
2014.06.04 12:02:20.641,1.62003,1.62033,1.00,1.00
2014.06.04 12:02:21.151,1.62003,1.62032,1.00,1.00
2014.06.04 12:02:22.109,1.62003,1.6203,1.00,1.00
2014.06.04 12:02:22.443,1.62003,1.62027,1.00,1.00
2014.06.04 12:02:22.897,1.62003,1.62029,1.00,1.05
2014.06.04 12:02:27.901,1.62014,1.62033,1.00,1.30
2014.06.04 12:02:28.120,1.62003,1.62033,1.00,1.30
2014.06.04 12:02:29.234,1.62014,1.62035,1.00,1.30
2014.06.04 12:02:29.763,1.62014,1.62035,1.00,1.30
2014.06.04 12:02:30.323,1.62012,1.62024,1.00,1.00
2014.06.04 12:02:30.728,1.62012,1.62029,1.00,3.30
2014.06.04 12:02:45.819,1.62003,1.62033,1.00,1.30
2014.06.04 12:02:49.088,1.62013,1.62031,1.00,1.80
2014.06.04 12:02:56.283,1.62004,1.62031,1.00,1.30
2014.06.04 12:02:56.799,1.62004,1.62027,1.00,1.00
2014.06.04 12:02:57.507,1.62004,1.62029,1.00,1.80
2014.06.04 12:03:04.928,1.61993,1.62027,1.30,1.00
2014.06.04 12:03:06.609,1.61993,1.62026,1.30,1.00
2014.06.04 12:03:08.288,1.61993,1.62027,1.30,1.00
2014.06.04 12:03:08.531,1.62004,1.62029,1.00,1.30
2014.06.04 12:03:09.028,1.62004,1.62021,1.00,1.00
2014.06.04 12:03:09.231,1.62004,1.62025,1.00,1.00
2014.06.04 12:03:09.588,1.61994,1.62025,1.00,1.00
2014.06.04 12:03:09.694,1.61994,1.62022,1.05,1.00
2014.06.04 12:03:13.547,1.62003,1.62022,1.00,1.00
2014.06.04 12:03:13.830,1.62003,1.62025,1.00,1.05
2014.06.04 12:03:14.207,1.61994,1.62025,1.05,1.05
2014.06.04 12:03:17.095,1.62004,1.62025,1.00,1.05
2014.06.04 12:03:19.924,1.62004,1.62022,1.00,1.00
2014.06.04 12:03:20.147,1.61994,1.62022,1.00,1.00
2014.06.04 12:03:21.021,1.61994,1.62025,1.00,2.10
2014.06.04 12:03:22.710,1.62003,1.62025,1.00,2.10
2014.06.04 12:03:23.121,1.61994,1.62025,1.00,2.10
2014.06.04 12:03:28.110,1.62003,1.62032,1.00,1.30
2014.06.04 12:03:33.116,1.62003,1.62033,1.00,1.30
2014.06.04 12:03:38.906,1.61994,1.62026,1.50,1.05
2014.06.04 12:03:40.110,1.62004,1.62029,1.00,1.80
2014.06.04 12:03:41.818,1.62004,1.62034,1.00,1.38
2014.06.04 12:03:41.868,1.62004,1.62029,1.00,1.00
2014.06.04 12:03:42.020,1.61994,1.62026,1.00,1.00
2014.06.04 12:03:42.437,1.62004,1.6203,1.00,1.00
2014.06.04 12:03:44.074,1.62003,1.6203,1.00,1.00
2014.06.04 12:03:44.406,1.61993,1.62027,1.00,1.00
2014.06.04 12:03:44.658,1.61993,1.62023,1.00,1.00
2014.06.04 12:03:44.961,1.61984,1.62017,1.00,1.00
2014.06.04 12:03:45.264,1.61988,1.62017,1.00,1.00
2014.06.04 12:03:45.795,1.61984,1.62016,1.00,1.00
2014.06.04 12:03:45.896,1.6198,1.62016,1.00,1.00
2014.06.04 12:03:46.063,1.61978,1.62016,1.00,1.00
2014.06.04 12:03:46.696,1.61975,1.62014,1.00,1.00
2014.06.04 12:03:47.214,1.61974,1.62014,1.00,1.00
2014.06.04 12:03:48.417,1.61979,1.62016,1.00,1.00
2014.06.04 12:03:48.568,1.61977,1.62015,1.00,1.00
2014.06.04 12:03:48.720,1.61983,1.62015,1.00,1.00
2014.06.04 12:03:48.821,1.61975,1.62015,1.50,1.00
2014.06.04 12:03:49.988,1.61976,1.62015,1.00,1.00
2014.06.04 12:03:50.554,1.61977,1.62015,1.00,1.00
2014.06.04 12:03:50.605,1.61984,1.62016,1.00,1.00
2014.06.04 12:03:50.908,1.61975,1.62006,1.05,1.50
2014.06.04 12:03:50.958,1.61966,1.62006,1.00,1.50
2014.06.04 12:03:51.009,1.61966,1.62002,1.00,1.00
2014.06.04 12:03:51.110,1.61964,1.62002,1.50,1.00
2014.06.04 12:03:51.312,1.61964,1.61999,1.00,1.00
2014.06.04 12:03:51.632,1.61963,1.61997,1.00,1.00
2014.06.04 12:03:52.138,1.61963,1.61996,1.00,1.00
2014.06.04 12:03:52.441,1.61963,1.61993,1.00,1.00
2014.06.04 12:03:52.751,1.61963,1.6199,1.00,1.00
2014.06.04 12:03:53.205,1.61963,1.61993,1.00,1.43
2014.06.04 12:03:53.306,1.61963,1.6199,1.00,1.00
2014.06.04 12:03:53.661,1.61963,1.61995,1.00,1.68
2014.06.04 12:03:53.764,1.61963,1.61997,1.00,1.00
2014.06.04 12:03:54.139,1.6196,1.61996,1.00,1.50
2014.06.04 12:03:54.242,1.61961,1.61992,1.00,1.00
2014.06.04 12:03:54.545,1.61959,1.6199,1.00,1.00
2014.06.04 12:03:55.538,1.61956,1.6199,1.00,1.00
2014.06.04 12:03:58.179,1.61953,1.6199,1.00,1.00
2014.06.04 12:04:01.543,1.61953,1.61986,1.00,1.00
2014.06.04 12:04:02.009,1.61947,1.61985,1.50,1.00
2014.06.04 12:04:02.059,1.61944,1.61982,1.50,1.00
2014.06.04 12:04:02.378,1.61944,1.61979,1.00,1.00
2014.06.04 12:04:02.712,1.61953,1.61979,1.00,1.00
2014.06.04 12:04:02.763,1.61953,1.61982,1.00,1.50
2014.06.04 12:04:03.128,1.61963,1.61982,1.00,1.00
2014.06.04 12:04:03.179,1.61963,1.61987,1.00,1.50
2014.06.04 12:04:03.719,1.61963,1.61988,1.00,1.00
2014.06.04 12:04:03.860,1.61964,1.61991,1.00,1.00
2014.06.04 12:04:04.377,1.61964,1.61993,1.00,1.00
2014.06.04 12:04:04.900,1.61964,1.61994,1.00,1.50
2014.06.04 12:04:05.354,1.61974,1.61994,1.00,1.80
2014.06.04 12:04:05.606,1.61964,1.61996,1.00,1.30
2014.06.04 12:04:06.029,1.61954,1.61986,1.00,1.00
2014.06.04 12:04:06.130,1.61953,1.61977,1.00,1.00
2014.06.04 12:04:06.181,1.61949,1.61977,1.00,1.00
2014.06.04 12:04:06.332,1.61945,1.61977,1.00,1.00
2014.06.04 12:04:07.483,1.61945,1.61976,1.00,1.00
2014.06.04 12:04:08.915,1.61945,1.61977,1.00,1.00
2014.06.04 12:04:12.626,1.61945,1.61976,1.00,1.00
2014.06.04 12:04:12.727,1.6195,1.61976,1.00,1.00
2014.06.04 12:04:13.259,1.61947,1.61976,1.00,1.00
2014.06.04 12:04:13.820,1.61947,1.61977,1.00,1.00
2014.06.04 12:04:15.561,1.61952,1.61977,1.00,1.00
2014.06.04 12:04:15.763,1.61955,1.61987,1.00,1.00
2014.06.04 12:04:16.359,1.61955,1.61986,1.00,1.00
2014.06.04 12:04:17.100,1.61954,1.61986,1.00,1.00
2014.06.04 12:04:17.151,1.61954,1.61984,1.00,1.00
2014.06.04 12:04:17.462,1.61949,1.61976,1.00,1.00
2014.06.04 12:04:18.167,1.61946,1.61976,1.00,1.00
2014.06.04 12:04:22.983,1.61944,1.61976,1.00,1.00
2014.06.04 12:04:23.135,1.61944,1.61973,1.00,1.00
2014.06.04 12:04:23.777,1.61936,1.61966,1.00,1.00
2014.06.04 12:04:24.346,1.61944,1.61973,1.00,1.00
2014.06.04 12:04:24.447,1.61936,1.61967,1.00,1.00
2014.06.04 12:04:24.549,1.61936,1.61974,1.00,1.00
2014.06.04 12:04:24.701,1.61944,1.61971,1.00,1.00
2014.06.04 12:04:25.109,1.61934,1.61971,1.50,1.00
2014.06.04 12:04:25.210,1.61934,1.61969,1.00,1.20
2014.06.04 12:04:25.540,1.61933,1.61967,2.25,1.00
2014.06.04 12:04:26.128,1.61933,1.61971,1.50,1.00
2014.06.04 12:04:26.343,1.61933,1.61973,1.50,1.30
2014.06.04 12:04:27.448,1.61943,1.61973,1.00,1.30
2014.06.04 12:04:27.551,1.61934,1.61969,1.50,1.00
2014.06.04 12:04:27.653,1.61944,1.61968,1.00,1.00
2014.06.04 12:04:27.754,1.61944,1.61975,1.00,2.25
2014.06.04 12:04:28.967,1.61934,1.61967,1.00,1.00
2014.06.04 12:04:30.726,1.61944,1.61975,1.00,1.00
2014.06.04 12:04:31.937,1.61944,1.61974,1.00,1.10
2014.06.04 12:04:32.524,1.61944,1.61973,1.00,1.05
2014.06.04 12:04:33.036,1.61944,1.61975,1.00,1.30
2014.06.04 12:04:33.197,1.61935,1.61967,1.00,1.00
2014.06.04 12:04:33.298,1.61933,1.61967,1.00,1.00
2014.06.04 12:04:35.607,1.61933,1.61969,1.50,1.00
2014.06.04 12:04:35.708,1.61936,1.61969,1.00,1.00
2014.06.04 12:04:36.176,1.61933,1.61969,1.00,1.50
2014.06.04 12:04:36.378,1.61934,1.61966,1.00,1.00
2014.06.04 12:04:41.616,1.61943,1.61972,1.00,1.00
2014.06.04 12:04:41.869,1.61936,1.61972,1.00,1.00
2014.06.04 12:04:43.046,1.61944,1.61972,1.00,1.50
2014.06.04 12:04:45.297,1.61936,1.61972,1.00,1.00
2014.06.04 12:04:45.398,1.61933,1.61972,1.00,1.00
2014.06.04 12:04:45.499,1.61944,1.61972,1.00,1.00
2014.06.04 12:04:46.929,1.61943,1.61972,1.00,1.00
2014.06.04 12:04:48.696,1.61943,1.61974,1.00,1.00
2014.06.04 12:04:48.847,1.61944,1.61976,1.00,1.00
2014.06.04 12:04:48.950,1.61954,1.61978,1.00,1.50
2014.06.04 12:04:49.052,1.61944,1.61976,1.00,1.00
2014.06.04 12:04:52.726,1.61954,1.6198,1.00,1.00
2014.06.04 12:04:53.275,1.61954,1.61981,1.00,1.00
2014.06.04 12:04:55.897,1.61944,1.61976,1.00,1.00
2014.06.04 12:04:56.136,1.61954,1.61981,1.00,1.00
2014.06.04 12:04:58.335,1.61944,1.61976,1.00,1.00
2014.06.04 12:04:58.739,1.61943,1.61974,1.00,1.00
2014.06.04 12:04:59.041,1.61943,1.61969,1.00,1.00
2014.06.04 12:04:59.761,1.61943,1.61971,1.00,1.00
2014.06.04 12:04:59.896,1.61943,1.61969,1.00,1.00
2014.06.04 12:05:00.707,1.61935,1.61966,1.00,1.00
2014.06.04 12:05:01.996,1.61934,1.61966,1.00,1.00
2014.06.04 12:05:05.429,1.61934,1.61964,1.00,1.00
2014.06.04 12:05:06.636,1.61934,1.61966,1.00,1.50
2014.06.04 12:05:06.838,1.61939,1.61966,1.00,1.00
2014.06.04 12:05:07.142,1.61943,1.61969,1.00,1.00
2014.06.04 12:05:07.684,1.61943,1.6197,1.00,1.00
2014.06.04 12:05:07.988,1.61953,1.61971,1.00,1.00
2014.06.04 12:05:20.037,1.61953,1.61969,1.00,1.00
2014.06.04 12:05:20.088,1.61944,1.61969,1.00,1.00
2014.06.04 12:05:20.139,1.61944,1.61966,1.00,1.00
2014.06.04 12:05:20.357,1.61944,1.61968,1.00,1.00
2014.06.04 12:05:20.458,1.61944,1.61965,1.00,1.00
2014.06.04 12:05:24.120,1.61944,1.61963,1.00,1.00
2014.06.04 12:05:24.878,1.61944,1.61965,1.00,1.00
2014.06.04 12:05:27.756,1.61944,1.61962,1.00,1.00
2014.06.04 12:05:28.533,1.61934,1.61962,1.00,1.00
2014.06.04 12:05:28.583,1.61944,1.61962,1.00,1.00
2014.06.04 12:05:34.813,1.61944,1.61957,1.00,1.00
2014.06.04 12:05:34.864,1.61933,1.61957,1.00,1.00
2014.06.04 12:05:38.688,1.61944,1.61957,1.00,1.00
2014.06.04 12:05:41.545,1.61934,1.61957,1.00,1.00
2014.06.04 12:05:44.406,1.61944,1.61957,1.00,1.00
2014.06.04 12:05:45.849,1.61943,1.61953,1.00,1.00
2014.06.04 12:05:45.952,1.61933,1.61952,1.00,1.00
2014.06.04 12:05:47.019,1.61933,1.6195,1.00,1.00
2014.06.04 12:05:47.833,1.61934,1.6195,1.00,1.00
2014.06.04 12:05:48.447,1.61934,1.61953,1.00,1.00
2014.06.04 12:05:48.949,1.61934,1.61954,1.00,1.00
2014.06.04 12:05:49.000,1.61934,1.61956,1.00,1.00
2014.06.04 12:05:50.117,1.61944,1.61959,1.00,1.13
2014.06.04 12:05:50.218,1.61944,1.61963,1.00,1.00
2014.06.04 12:05:51.085,1.61944,1.61965,1.00,1.35
2014.06.04 12:05:55.577,1.61951,1.61965,1.00,1.35
2014.06.04 12:05:58.658,1.61951,1.61964,1.00,1.00
2014.06.04 12:06:03.429,1.61943,1.61964,1.00,1.00
2014.06.04 12:06:04.039,1.61944,1.61964,1.00,1.00
2014.06.04 12:06:05.145,1.61943,1.61964,1.00,1.00
2014.06.04 12:06:14.355,1.61943,1.61965,1.00,1.35
2014.06.04 12:06:14.935,1.61944,1.61965,1.00,1.35
2014.06.04 12:06:16.594,1.61952,1.61966,1.00,1.60
2014.06.04 12:06:16.696,1.61953,1.61974,1.00,1.38
2014.06.04 12:06:16.747,1.61953,1.61974,1.00,1.00
2014.06.04 12:06:16.797,1.61963,1.61977,1.00,1.00
2014.06.04 12:06:17.000,1.61964,1.61983,1.00,1.00
2014.06.04 12:06:17.253,1.61964,1.61987,1.00,1.00
2014.06.04 12:06:17.354,1.61964,1.6199,1.00,1.00
2014.06.04 12:06:17.455,1.61964,1.61994,1.00,1.08
2014.06.04 12:06:17.556,1.61964,1.61994,1.00,1.00
2014.06.04 12:06:18.877,1.61963,1.61994,1.00,1.00
2014.06.04 12:06:19.556,1.61964,1.61994,1.00,1.00
2014.06.04 12:06:20.084,1.61963,1.61994,1.00,1.00
2014.06.04 12:06:20.849,1.61963,1.61993,1.00,1.00
2014.06.04 12:06:30.084,1.61963,1.61994,1.00,1.00
2014.06.04 12:06:30.930,1.61964,1.61994,1.00,1.00
2014.06.04 12:06:31.939,1.61963,1.61994,1.00,1.00
2014.06.04 12:06:32.689,1.61964,1.61994,1.00,1.00
2014.06.04 12:06:36.822,1.61964,1.61997,1.00,2.25
2014.06.04 12:06:46.435,1.61963,1.61997,1.00,2.25
2014.06.04 12:06:50.368,1.61974,1.61997,1.00,1.00
2014.06.04 12:06:50.469,1.61973,1.62001,1.00,1.00
2014.06.04 12:06:51.088,1.61973,1.62006,1.00,1.00
2014.06.04 12:06:54.984,1.61974,1.62006,1.00,1.00
2014.06.04 12:06:55.035,1.61974,1.62009,1.00,1.00
2014.06.04 12:06:55.187,1.61974,1.62012,1.00,1.50
2014.06.04 12:06:55.729,1.61974,1.62011,1.00,1.00
2014.06.04 12:06:56.186,1.61974,1.62008,1.00,1.00
2014.06.04 12:06:56.474,1.61974,1.62011,1.00,1.00
2014.06.04 12:06:56.841,1.61973,1.62008,1.00,1.00
2014.06.04 12:06:57.825,1.61974,1.62008,1.00,1.00
2014.06.04 12:06:59.154,1.61974,1.6201,1.00,2.25
2014.06.04 12:06:59.865,1.61974,1.62012,1.00,1.00
2014.06.04 12:07:00.152,1.61975,1.62015,1.00,1.00
2014.06.04 12:07:00.204,1.61984,1.62015,1.00,1.00
2014.06.04 12:07:00.434,1.61984,1.62017,1.00,1.00
2014.06.04 12:07:00.658,1.61984,1.62019,1.00,1.50
2014.06.04 12:07:02.424,1.61984,1.62018,1.00,1.00
2014.06.04 12:07:08.137,1.61983,1.62018,1.00,1.00
2014.06.04 12:07:08.339,1.61994,1.62018,1.00,1.00
2014.06.04 12:07:08.491,1.61984,1.62018,1.00,1.00
2014.06.04 12:07:09.135,1.61984,1.62019,1.00,1.00
2014.06.04 12:07:09.807,1.61984,1.62018,1.00,1.00
2014.06.04 12:07:11.558,1.61984,1.62017,1.00,1.00
2014.06.04 12:07:11.713,1.61984,1.62015,1.00,1.00
2014.06.04 12:07:11.994,1.61984,1.62018,1.00,1.00
2014.06.04 12:07:12.827,1.61983,1.62018,1.00,1.00
2014.06.04 12:07:12.879,1.61983,1.62014,1.00,1.00
2014.06.04 12:07:15.882,1.61983,1.62013,1.00,1.00
2014.06.04 12:07:18.593,1.61983,1.62014,1.00,1.00
2014.06.04 12:07:19.759,1.61984,1.62014,1.00,1.50
2014.06.04 12:07:21.408,1.61983,1.62014,1.00,1.50
2014.06.04 12:07:23.391,1.61975,1.62014,1.00,1.50
2014.06.04 12:07:24.174,1.61974,1.62014,1.00,1.50
2014.06.04 12:07:27.423,1.61973,1.62014,1.00,1.00
2014.06.04 12:07:28.196,1.61974,1.62014,1.00,1.00
2014.06.04 12:07:29.073,1.61973,1.62014,1.00,1.00
2014.06.04 12:07:29.160,1.61976,1.62015,1.00,1.00
2014.06.04 12:07:30.495,1.61973,1.62013,1.50,1.00
2014.06.04 12:07:30.850,1.61973,1.62007,1.50,1.00
2014.06.04 12:07:31.228,1.61973,1.62002,1.00,1.00
2014.06.04 12:07:31.329,1.61973,1.62004,1.00,1.00
2014.06.04 12:07:31.921,1.61974,1.62004,1.00,1.00
2014.06.04 12:07:33.875,1.61983,1.62004,1.00,1.00
2014.06.04 12:07:33.977,1.61983,1.62007,1.00,1.00
2014.06.04 12:07:34.563,1.61984,1.62008,1.00,1.00
2014.06.04 12:07:34.614,1.61984,1.6201,1.00,1.50
2014.06.04 12:07:35.186,1.61983,1.6201,1.00,1.00
2014.06.04 12:07:35.934,1.61983,1.62008,1.00,1.00
2014.06.04 12:07:36.543,1.61984,1.62008,1.00,1.00
2014.06.04 12:07:37.435,1.61974,1.62008,1.00,1.00
2014.06.04 12:07:38.193,1.61973,1.62008,1.50,1.00
2014.06.04 12:07:39.858,1.61984,1.62008,1.00,1.00
2014.06.04 12:07:40.192,1.61974,1.62008,1.00,1.00
2014.06.04 12:07:42.712,1.61974,1.62009,1.00,1.00
2014.06.04 12:07:42.892,1.61984,1.62009,1.00,1.00
2014.06.04 12:07:44.104,1.61974,1.62009,1.00,1.00
2014.06.04 12:07:44.653,1.61974,1.62008,1.00,1.00
2014.06.04 12:07:44.806,1.61974,1.62002,1.00,1.00
2014.06.04 12:07:45.322,1.61974,1.62001,1.00,1.50
2014.06.04 12:07:45.713,1.61973,1.61997,1.00,1.00
2014.06.04 12:07:45.944,1.61973,1.61999,1.00,1.00
2014.06.04 12:07:51.703,1.61984,1.61999,1.00,1.00
2014.06.04 12:07:51.754,1.61984,1.62006,1.00,1.00
2014.06.04 12:07:51.855,1.61983,1.62008,1.00,1.00
2014.06.04 12:07:51.956,1.61984,1.62011,1.00,1.00
2014.06.04 12:07:52.007,1.61973,1.62008,1.00,1.00
2014.06.04 12:07:52.293,1.61973,1.62001,1.00,1.00
2014.06.04 12:07:52.596,1.61984,1.62008,1.00,1.00
2014.06.04 12:07:52.647,1.61973,1.62007,1.00,1.00
2014.06.04 12:07:53.852,1.61974,1.62006,1.00,1.00
2014.06.04 12:07:53.903,1.61974,1.62001,1.00,1.00
2014.06.04 12:07:55.832,1.61973,1.62001,1.00,1.00
2014.06.04 12:07:56.398,1.61974,1.62001,1.00,1.00
2014.06.04 12:07:56.932,1.61992,1.62001,1.00,1.00
2014.06.04 12:08:01.623,1.61984,1.62008,1.00,1.00
2014.06.04 12:08:06.027,1.6198,1.62008,1.00,1.00
2014.06.04 12:08:06.259,1.61984,1.62008,1.00,1.00
2014.06.04 12:08:11.393,1.61984,1.62016,1.00,1.00
2014.06.04 12:08:11.952,1.61984,1.62007,1.00,1.00
2014.06.04 12:08:14.384,1.61976,1.62007,1.00,1.00
2014.06.04 12:08:29.065,1.61984,1.62007,1.00,1.00
2014.06.04 12:08:30.860,1.61977,1.62007,1.00,1.00
2014.06.04 12:08:31.187,1.61974,1.62007,1.50,1.00
2014.06.04 12:08:33.791,1.61974,1.62006,1.50,1.00
2014.06.04 12:08:33.942,1.61974,1.62002,1.50,1.00
2014.06.04 12:08:36.885,1.61974,1.62005,1.50,1.00
2014.06.04 12:08:40.064,1.61973,1.62005,2.25,1.00
2014.06.04 12:08:40.215,1.61973,1.62007,2.25,1.00
2014.06.04 12:08:40.441,1.61974,1.62009,1.00,1.00
2014.06.04 12:08:40.543,1.61974,1.62011,1.00,1.00
2014.06.04 12:08:40.772,1.61974,1.62007,1.00,1.00
2014.06.04 12:08:41.651,1.61973,1.62002,2.25,1.00
2014.06.04 12:08:46.127,1.61973,1.61996,1.00,1.00
2014.06.04 12:08:46.230,1.61973,1.62,1.00,1.00
2014.06.04 12:08:46.734,1.61974,1.62001,1.00,1.00
2014.06.04 12:08:47.399,1.61974,1.62,1.00,1.00
2014.06.04 12:08:47.450,1.61974,1.62004,1.00,1.00
2014.06.04 12:08:52.892,1.61974,1.62006,1.00,1.88
2014.06.04 12:08:55.822,1.61963,1.61997,2.25,1.00
2014.06.04 12:08:56.024,1.61964,1.61991,1.00,1.00
2014.06.04 12:08:56.545,1.61964,1.6199,1.00,1.00
2014.06.04 12:08:56.880,1.61964,1.61994,1.00,1.00
2014.06.04 12:08:58.722,1.61964,1.61995,1.00,1.00
2014.06.04 12:08:59.278,1.61964,1.61994,1.00,1.00
2014.06.04 12:09:02.933,1.61964,1.61988,1.00,1.00
2014.06.04 12:09:02.983,1.61955,1.61986,1.00,1.00
2014.06.04 12:09:03.502,1.61953,1.61986,1.00,1.00
2014.06.04 12:09:07.113,1.61963,1.61986,1.00,1.00
2014.06.04 12:09:08.874,1.61963,1.61996,1.00,1.13
2014.06.04 12:09:09.438,1.61963,1.61995,1.00,1.00
2014.06.04 12:09:09.947,1.61963,1.61985,1.00,1.00
2014.06.04 12:09:10.504,1.61963,1.61989,1.00,1.00
2014.06.04 12:09:11.170,1.61964,1.61989,1.00,1.00
2014.06.04 12:09:16.506,1.61964,1.61986,1.00,1.00
2014.06.04 12:09:18.450,1.61954,1.61986,1.00,1.50
2014.06.04 12:09:23.841,1.61954,1.61983,1.00,1.00
2014.06.04 12:09:25.379,1.61964,1.61983,1.00,1.00
2014.06.04 12:09:26.640,1.61964,1.61988,1.00,1.00
2014.06.04 12:09:26.867,1.61964,1.6199,1.00,1.00
2014.06.04 12:09:27.227,1.61963,1.61993,1.00,1.00
2014.06.04 12:09:27.770,1.61964,1.61993,1.00,1.00
2014.06.04 12:09:28.222,1.61964,1.61995,1.00,1.00
2014.06.04 12:09:28.323,1.61973,1.61995,1.00,1.00
2014.06.04 12:09:28.425,1.61973,1.62,1.00,1.00
2014.06.04 12:09:28.855,1.61974,1.61998,1.00,1.00
2014.06.04 12:09:29.397,1.61974,1.61997,1.00,1.00
2014.06.04 12:09:33.131,1.61974,1.62,1.00,1.00
2014.06.04 12:09:33.383,1.61983,1.62,1.00,1.00
2014.06.04 12:09:33.484,1.61983,1.62006,1.00,1.00
2014.06.04 12:09:33.635,1.61994,1.62006,1.00,1.00
2014.06.04 12:09:33.686,1.61994,1.6201,1.00,1.00
2014.06.04 12:09:33.890,1.61994,1.62008,1.00,1.00
2014.06.04 12:09:35.790,1.61994,1.62009,1.00,1.00
2014.06.04 12:09:35.871,1.61994,1.62011,1.00,1.00
2014.06.04 12:09:36.414,1.61993,1.62011,1.00,1.00
2014.06.04 12:09:36.465,1.61993,1.62019,1.00,1.00
2014.06.04 12:09:37.017,1.61993,1.62014,1.00,1.00
2014.06.04 12:09:39.423,1.61993,1.62013,1.00,1.00
2014.06.04 12:09:40.091,1.61983,1.62013,1.00,1.00
2014.06.04 12:09:40.394,1.61984,1.6201,1.00,1.00
2014.06.04 12:09:40.646,1.61974,1.62006,1.00,1.00
2014.06.04 12:09:41.191,1.61973,1.61998,1.00,1.00
2014.06.04 12:09:41.344,1.61967,1.61998,1.00,1.00
2014.06.04 12:09:41.445,1.61965,1.61997,1.00,1.00
2014.06.04 12:09:42.018,1.61964,1.61997,1.50,1.00
2014.06.04 12:09:45.221,1.61964,1.61998,1.50,1.00
2014.06.04 12:09:45.951,1.61964,1.61999,1.00,1.00
2014.06.04 12:09:57.385,1.61963,1.61999,1.00,1.00
2014.06.04 12:09:58.191,1.61964,1.61999,1.00,1.00
2014.06.04 12:10:05.572,1.61964,1.61998,1.00,1.00
2014.06.04 12:10:10.456,1.61964,1.61999,1.00,1.00
2014.06.04 12:10:10.679,1.61964,1.61997,1.00,1.00
2014.06.04 12:10:11.396,1.61964,1.61998,1.50,1.00
2014.06.04 12:10:13.833,1.61964,1.61996,1.00,1.00
2014.06.04 12:10:23.154,1.61963,1.61996,1.50,1.00
2014.06.04 12:10:23.808,1.61964,1.61996,1.00,1.00
2014.06.04 12:10:31.384,1.61963,1.61996,1.00,1.00
2014.06.04 12:10:32.811,1.61964,1.61996,1.00,1.00
2014.06.04 12:10:37.105,1.61963,1.61996,1.00,1.00
2014.06.04 12:10:37.211,1.61963,1.61998,1.00,1.00
2014.06.04 12:10:37.362,1.61964,1.61995,1.00,1.00
2014.06.04 12:10:40.351,1.6196,1.61995,1.00,1.00
2014.06.04 12:10:41.253,1.61964,1.61995,1.00,1.00
2014.06.04 12:10:41.303,1.61964,1.61997,1.00,1.00
2014.06.04 12:10:41.354,1.6196,1.61997,1.50,1.50
2014.06.04 12:10:41.711,1.61964,1.61997,1.00,1.00
2014.06.04 12:10:42.491,1.61964,1.61998,1.00,1.00
2014.06.04 12:10:44.217,1.61964,1.61999,1.00,1.00
2014.06.04 12:10:49.549,1.61964,1.61997,1.00,1.00
2014.06.04 12:11:00.215,1.61967,1.62002,1.00,1.00
2014.06.04 12:11:00.316,1.61967,1.62006,1.00,1.00
2014.06.04 12:11:00.417,1.6197,1.62006,1.00,1.00
2014.06.04 12:11:00.744,1.61974,1.62009,1.00,1.00
2014.06.04 12:11:01.333,1.61974,1.62008,1.00,1.00
2014.06.04 12:11:02.261,1.61974,1.62009,1.00,1.00
2014.06.04 12:11:02.563,1.61974,1.62007,1.00,1.00
2014.06.04 12:11:03.070,1.61973,1.62007,1.00,1.00
2014.06.04 12:11:03.438,1.61973,1.62009,1.00,1.00
2014.06.04 12:11:03.974,1.61973,1.62008,1.00,1.00
2014.06.04 12:11:04.901,1.61973,1.62007,1.00,1.00
2014.06.04 12:11:05.626,1.61974,1.62007,1.00,1.00
2014.06.04 12:11:06.530,1.61973,1.62007,1.00,1.00
2014.06.04 12:11:06.681,1.61973,1.6201,1.00,1.50
2014.06.04 12:11:07.278,1.61973,1.62011,1.50,1.00
2014.06.04 12:11:11.720,1.61973,1.62009,1.50,1.00
2014.06.04 12:11:11.830,1.61973,1.62011,1.50,1.00
2014.06.04 12:11:12.278,1.61973,1.62009,1.50,1.00
2014.06.04 12:11:13.268,1.61973,1.62011,1.50,1.00
2014.06.04 12:11:21.519,1.61973,1.62009,1.50,1.00
2014.06.04 12:11:22.251,1.61973,1.62011,1.50,1.00
2014.06.04 12:11:23.536,1.61984,1.62011,1.00,1.00
2014.06.04 12:11:23.874,1.61974,1.62008,1.00,1.00
2014.06.04 12:11:26.310,1.61974,1.62009,1.00,1.00
2014.06.04 12:11:26.448,1.61974,1.62011,1.00,1.00
2014.06.04 12:11:26.593,1.61983,1.62011,1.00,1.00
2014.06.04 12:11:33.788,1.61974,1.62011,1.00,1.00
2014.06.04 12:11:34.841,1.61983,1.62011,1.00,1.00
2014.06.04 12:11:36.636,1.61974,1.62011,1.00,1.00
2014.06.04 12:11:36.787,1.61974,1.62007,1.00,1.00
2014.06.04 12:11:38.741,1.61974,1.62006,1.00,1.00
2014.06.04 12:11:42.552,1.61974,1.62002,1.00,1.00
2014.06.04 12:11:44.971,1.61968,1.62002,1.00,1.00
2014.06.04 12:11:45.022,1.61967,1.61999,1.00,1.00
2014.06.04 12:11:45.072,1.61964,1.61999,1.50,1.00
2014.06.04 12:11:45.224,1.61964,1.61994,1.00,1.00
2014.06.04 12:11:45.739,1.61963,1.61994,1.00,1.00
2014.06.04 12:11:50.341,1.61964,1.61994,1.00,1.00
2014.06.04 12:11:50.478,1.61954,1.61988,2.25,1.00
2014.06.04 12:11:50.934,1.61953,1.61985,1.00,1.00
2014.06.04 12:11:51.238,1.61954,1.61981,1.00,1.00
2014.06.04 12:11:57.001,1.61953,1.61981,1.00,1.00
2014.06.04 12:12:03.451,1.61953,1.61979,1.00,1.00
2014.06.04 12:12:03.552,1.61953,1.61981,1.00,1.00
2014.06.04 12:12:03.890,1.61954,1.61979,1.00,1.00
2014.06.04 12:12:04.608,1.61953,1.61979,1.00,1.00
2014.06.04 12:12:04.659,1.61953,1.61981,1.00,1.00
2014.06.04 12:12:06.151,1.61946,1.61981,1.00,1.00
2014.06.04 12:12:06.745,1.61945,1.61981,1.50,1.00
2014.06.04 12:12:07.358,1.61953,1.61981,1.00,1.00
2014.06.04 12:12:12.249,1.61945,1.61981,1.00,1.00
2014.06.04 12:12:12.401,1.61945,1.61976,1.00,1.50
2014.06.04 12:12:14.118,1.61954,1.61976,1.00,1.00
2014.06.04 12:12:15.770,1.61943,1.61976,1.00,1.00
2014.06.04 12:12:15.821,1.61943,1.61968,1.00,1.00
2014.06.04 12:12:15.922,1.61943,1.61972,1.00,1.00
2014.06.04 12:12:16.023,1.61943,1.61969,1.00,1.00
2014.06.04 12:12:16.326,1.61954,1.61977,1.00,1.00
2014.06.04 12:12:16.376,1.61954,1.6198,1.00,1.00
2014.06.04 12:12:16.729,1.61954,1.61986,1.00,1.50
2014.06.04 12:12:17.256,1.61953,1.61986,1.00,1.00
2014.06.04 12:12:17.357,1.61944,1.61986,1.00,1.00
2014.06.04 12:12:17.513,1.61946,1.61986,1.00,1.00
2014.06.04 12:12:17.910,1.61946,1.61978,1.00,1.00
2014.06.04 12:12:18.702,1.61948,1.61978,1.00,1.00
2014.06.04 12:12:21.539,1.61953,1.61978,1.00,1.00
2014.06.04 12:12:24.664,1.61948,1.61978,1.00,1.00
2014.06.04 12:12:27.355,1.61948,1.61982,1.00,1.00
2014.06.04 12:12:36.778,1.61949,1.61982,1.00,1.00
2014.06.04 12:12:36.879,1.61951,1.61982,1.00,1.00
2014.06.04 12:12:36.930,1.61951,1.61985,1.00,1.00
2014.06.04 12:12:36.981,1.61956,1.61985,1.00,1.00
2014.06.04 12:12:37.032,1.61956,1.61987,1.00,1.00
2014.06.04 12:12:37.334,1.61956,1.61985,1.00,1.00
2014.06.04 12:12:37.385,1.61954,1.61985,1.00,1.00
2014.06.04 12:12:38.099,1.61954,1.61982,1.00,1.00
2014.06.04 12:12:39.412,1.61954,1.61984,1.00,1.00
2014.06.04 12:12:42.970,1.61959,1.61991,1.00,1.00
2014.06.04 12:12:43.323,1.61956,1.61991,1.50,1.00
2014.06.04 12:12:43.441,1.61959,1.61991,1.00,1.00
2014.06.04 12:12:43.907,1.61959,1.61997,1.00,1.50
2014.06.04 12:12:43.958,1.61964,1.61997,1.00,1.00
2014.06.04 12:12:44.302,1.61966,1.61994,1.00,1.00
2014.06.04 12:12:44.970,1.61966,1.62005,1.00,1.00
2014.06.04 12:12:45.959,1.61966,1.61994,1.00,1.00
2014.06.04 12:12:48.271,1.61966,1.61997,1.00,1.00
2014.06.04 12:12:48.422,1.61966,1.62002,1.50,1.00
2014.06.04 12:12:48.473,1.61971,1.62002,1.00,1.00
2014.06.04 12:12:48.833,1.61974,1.62002,1.00,1.00
2014.06.04 12:12:49.499,1.61974,1.61996,1.00,1.00
2014.06.04 12:12:49.650,1.61971,1.61996,1.00,1.00
2014.06.04 12:12:49.701,1.61969,1.61996,1.00,1.00
2014.06.04 12:12:50.264,1.61969,1.62007,1.00,1.00
2014.06.04 12:12:50.924,1.61966,1.62006,1.00,1.00
2014.06.04 12:12:51.279,1.61966,1.61999,1.00,1.00
2014.06.04 12:12:52.018,1.61966,1.62001,1.00,1.00
2014.06.04 12:12:54.522,1.61968,1.62001,1.00,1.00
2014.06.04 12:12:54.880,1.61974,1.62001,1.00,1.00
2014.06.04 12:12:55.100,1.61968,1.62001,1.00,1.00
2014.06.04 12:12:56.496,1.61965,1.62001,1.00,1.00
2014.06.04 12:12:56.739,1.61965,1.61998,1.00,1.00
2014.06.04 12:12:57.081,1.61965,1.61996,1.00,1.00
2014.06.04 12:12:57.526,1.61965,1.61998,1.00,1.00
2014.06.04 12:12:57.806,1.61963,1.61998,2.25,1.00
2014.06.04 12:13:00.270,1.61963,1.61996,1.50,1.00
2014.06.04 12:13:03.959,1.61963,1.62003,1.00,1.23
2014.06.04 12:13:05.717,1.6196,1.61995,1.00,1.00
2014.06.04 12:13:06.537,1.6196,1.61994,1.00,1.00
2014.06.04 12:13:06.588,1.61958,1.61994,1.00,1.00
2014.06.04 12:13:06.739,1.61958,1.61991,1.00,1.00
2014.06.04 12:13:06.790,1.61954,1.61991,1.00,1.00
2014.06.04 12:13:07.137,1.61954,1.61989,1.00,1.00
2014.06.04 12:13:08.688,1.61951,1.61989,1.00,1.00
2014.06.04 12:13:09.213,1.61951,1.61986,1.00,1.00
2014.06.04 12:13:09.314,1.61947,1.61986,1.00,1.00
2014.06.04 12:13:09.682,1.61947,1.61981,1.00,1.00
2014.06.04 12:13:15.939,1.61947,1.61979,1.00,1.00
2014.06.04 12:13:16.848,1.61945,1.61979,1.00,1.00
2014.06.04 12:13:19.898,1.61945,1.61975,1.00,1.00
2014.06.04 12:13:20.617,1.61945,1.61973,1.00,1.00
2014.06.04 12:13:21.534,1.61945,1.61976,1.00,1.00
2014.06.04 12:13:23.409,1.61945,1.61973,1.00,1.00
2014.06.04 12:13:24.096,1.61942,1.61973,1.00,1.00
2014.06.04 12:13:25.818,1.61942,1.6197,1.00,1.00
2014.06.04 12:13:27.916,1.61939,1.6197,1.00,1.00
2014.06.04 12:13:28.469,1.61939,1.61971,1.00,1.00
2014.06.04 12:13:30.069,1.61939,1.61972,1.00,1.00
2014.06.04 12:13:30.271,1.61942,1.61973,1.00,1.00
2014.06.04 12:13:30.322,1.61942,1.61975,1.00,1.00
2014.06.04 12:13:30.425,1.61942,1.61971,1.00,1.00
2014.06.04 12:13:30.929,1.61942,1.61972,1.00,1.00
2014.06.04 12:13:31.302,1.61942,1.61982,1.00,1.00
2014.06.04 12:13:32.179,1.61941,1.61983,1.00,1.00
2014.06.04 12:13:32.280,1.61941,1.61973,1.00,1.00
2014.06.04 12:13:32.532,1.61941,1.61976,1.00,1.00
2014.06.04 12:13:33.656,1.61939,1.61976,1.00,1.00
2014.06.04 12:13:34.166,1.61942,1.61976,1.00,1.00
2014.06.04 12:13:34.494,1.61942,1.61974,1.00,1.00
2014.06.04 12:13:34.944,1.61942,1.61976,1.00,1.00
2014.06.04 12:13:35.018,1.61942,1.61974,1.00,1.00
2014.06.04 12:13:36.628,1.61943,1.61974,1.00,1.00
2014.06.04 12:13:37.841,1.61943,1.61977,1.00,1.00
2014.06.04 12:13:38.719,1.61945,1.61976,1.00,1.00
2014.06.04 12:13:38.820,1.61942,1.61976,1.00,1.00
2014.06.04 12:13:38.979,1.61942,1.61974,1.00,1.00
2014.06.04 12:13:39.080,1.61942,1.61976,1.00,1.00
2014.06.04 12:13:40.398,1.61942,1.61975,1.00,1.00
2014.06.04 12:13:40.951,1.61941,1.61975,1.50,1.00
2014.06.04 12:13:46.311,1.61941,1.61971,1.00,1.00
2014.06.04 12:13:46.413,1.61938,1.61971,1.00,1.00
2014.06.04 12:13:46.464,1.61938,1.61974,1.00,1.00
2014.06.04 12:13:47.477,1.61941,1.61974,1.00,1.00
2014.06.04 12:13:48.578,1.61938,1.61974,1.50,1.00
2014.06.04 12:13:51.587,1.61938,1.61976,1.50,1.00
2014.06.04 12:13:51.991,1.61941,1.61976,1.00,1.00
2014.06.04 12:13:52.360,1.61941,1.61974,1.00,1.00
2014.06.04 12:13:55.744,1.61938,1.61974,1.00,1.00
2014.06.04 12:13:56.320,1.61937,1.61974,1.00,1.00
2014.06.04 12:13:57.747,1.61937,1.61976,1.00,1.00
2014.06.04 12:13:59.467,1.61935,1.61976,1.50,1.00
2014.06.04 12:14:00.254,1.61937,1.61976,1.00,1.00
2014.06.04 12:14:00.771,1.61938,1.61976,1.00,1.00
2014.06.04 12:14:01.074,1.61941,1.61977,1.00,1.00
2014.06.04 12:14:01.336,1.61946,1.61985,1.00,1.50
2014.06.04 12:14:01.965,1.61947,1.61985,1.00,1.00
2014.06.04 12:14:02.470,1.61946,1.61985,1.00,1.00
2014.06.04 12:14:02.796,1.61949,1.61985,1.00,1.00
2014.06.04 12:14:03.141,1.61946,1.61985,1.00,1.00
2014.06.04 12:14:04.746,1.61946,1.61983,1.00,1.00
2014.06.04 12:14:05.014,1.61944,1.61983,1.00,1.50
2014.06.04 12:14:05.266,1.61949,1.61983,1.00,1.00
2014.06.04 12:14:05.367,1.61946,1.61983,1.00,1.00
2014.06.04 12:14:05.418,1.6195,1.61983,1.00,1.00
2014.06.04 12:14:05.519,1.6195,1.61986,1.00,1.00
2014.06.04 12:14:06.068,1.61949,1.61986,1.00,1.00
2014.06.04 12:14:06.169,1.6195,1.61989,1.00,1.00
2014.06.04 12:14:06.321,1.61952,1.61989,1.00,1.00
2014.06.04 12:14:06.642,1.61955,1.61994,1.00,1.00
2014.06.04 12:14:06.730,1.61955,1.61991,1.00,1.00
2014.06.04 12:14:07.242,1.61954,1.61991,1.00,1.00
2014.06.04 12:14:08.052,1.61957,1.61991,1.00,1.00
2014.06.04 12:14:08.326,1.61964,1.61999,1.00,1.00
2014.06.04 12:14:08.377,1.61964,1.62003,1.00,1.00
2014.06.04 12:14:08.478,1.61964,1.62001,1.00,1.00
2014.06.04 12:14:08.784,1.61967,1.62001,1.00,1.00
2014.06.04 12:14:10.709,1.61969,1.62001,1.00,1.00
2014.06.04 12:14:10.760,1.61969,1.62005,1.00,1.50
2014.06.04 12:14:12.447,1.61971,1.62005,1.00,1.50
2014.06.04 12:14:12.819,1.61975,1.62005,1.00,1.00
2014.06.04 12:14:13.021,1.61976,1.6201,1.00,1.50
2014.06.04 12:14:13.597,1.61976,1.62009,1.00,1.00
2014.06.04 12:14:14.119,1.61973,1.62009,1.00,1.00
2014.06.04 12:14:14.169,1.61973,1.62002,1.00,1.00
2014.06.04 12:14:14.270,1.61973,1.62005,1.00,1.00
2014.06.04 12:14:14.489,1.61973,1.62007,1.00,1.00
2014.06.04 12:14:14.541,1.61967,1.62007,1.00,1.00
2014.06.04 12:14:14.927,1.61974,1.62014,1.00,1.00
2014.06.04 12:14:14.978,1.61975,1.62017,1.00,1.00
2014.06.04 12:14:15.079,1.61979,1.62017,1.00,1.00
2014.06.04 12:14:15.281,1.61979,1.62019,1.00,1.00
2014.06.04 12:14:15.485,1.61985,1.6202,1.00,1.00
2014.06.04 12:14:15.750,1.61985,1.62023,1.00,1.00
2014.06.04 12:14:16.154,1.61985,1.62021,1.00,1.00
2014.06.04 12:14:16.205,1.61982,1.62021,1.00,1.00
2014.06.04 12:14:16.907,1.61982,1.62019,1.00,1.00
2014.06.04 12:14:17.416,1.61988,1.62019,1.00,1.00
2014.06.04 12:14:17.467,1.61988,1.62022,1.00,1.00
2014.06.04 12:14:18.199,1.61988,1.62025,1.00,1.00
2014.06.04 12:14:18.475,1.61988,1.62021,1.00,1.00
2014.06.04 12:14:18.526,1.61988,1.62025,1.00,1.00
2014.06.04 12:14:18.627,1.61992,1.62025,1.00,1.00
2014.06.04 12:14:18.678,1.61992,1.62027,1.00,1.00
2014.06.04 12:14:18.931,1.61989,1.62028,1.00,1.00
2014.06.04 12:14:20.611,1.61989,1.62029,1.00,1.00
2014.06.04 12:14:20.712,1.61993,1.6203,1.00,1.00
2014.06.04 12:14:20.864,1.61993,1.62032,1.00,1.00
2014.06.04 12:14:21.381,1.61993,1.62033,1.00,1.00
2014.06.04 12:14:22.438,1.61995,1.62034,1.00,1.00
2014.06.04 12:14:23.128,1.61995,1.62035,1.00,1.00
2014.06.04 12:14:23.432,1.61995,1.62033,1.00,1.00
2014.06.04 12:14:23.483,1.61995,1.62035,1.00,1.00
2014.06.04 12:14:24.172,1.61995,1.62033,1.00,1.00
2014.06.04 12:14:24.576,1.62001,1.62042,1.00,1.00
2014.06.04 12:14:26.739,1.62001,1.62045,1.50,1.00
2014.06.04 12:14:26.841,1.62003,1.62045,1.00,1.00
2014.06.04 12:14:27.147,1.62006,1.62048,1.00,1.50
2014.06.04 12:14:27.750,1.62006,1.62046,1.00,1.00
2014.06.04 12:14:28.154,1.62005,1.6204,1.00,1.00
2014.06.04 12:14:28.205,1.62003,1.6204,1.00,1.00
2014.06.04 12:14:28.306,1.62003,1.6204,1.00,1.60
2014.06.04 12:14:28.357,1.62001,1.6204,1.00,1.60
2014.06.04 12:14:28.407,1.62001,1.62034,1.00,1.00
2014.06.04 12:14:28.559,1.61991,1.62028,1.00,1.00
2014.06.04 12:14:28.610,1.61989,1.62028,1.00,1.00
2014.06.04 12:14:28.661,1.61983,1.62023,1.00,1.00
2014.06.04 12:14:29.165,1.61983,1.62022,1.00,1.00
2014.06.04 12:14:29.369,1.61983,1.62026,1.00,1.00
2014.06.04 12:14:29.945,1.61982,1.62026,1.00,1.00
2014.06.04 12:14:30.852,1.61983,1.62026,1.00,1.00
2014.06.04 12:14:31.507,1.61982,1.62026,1.00,1.00
2014.06.04 12:14:32.439,1.61986,1.6203,1.00,1.00
2014.06.04 12:14:32.943,1.61992,1.62037,1.00,1.00
2014.06.04 12:14:33.044,1.61986,1.62029,1.00,1.00
2014.06.04 12:14:33.374,1.61989,1.62028,1.00,1.00
2014.06.04 12:14:33.677,1.61991,1.62033,1.00,1.00
2014.06.04 12:14:34.075,1.61988,1.62028,1.00,1.00
2014.06.04 12:14:34.393,1.61985,1.62025,1.00,1.00
2014.06.04 12:14:34.696,1.61979,1.62019,1.00,1.00
2014.06.04 12:14:34.999,1.61983,1.62022,1.00,1.00
2014.06.04 12:14:35.201,1.61979,1.62019,1.00,1.00
2014.06.04 12:14:35.622,1.61971,1.6201,1.00,1.00
2014.06.04 12:14:35.773,1.61969,1.6201,1.00,1.00
2014.06.04 12:14:36.283,1.61969,1.62011,1.00,1.00
2014.06.04 12:14:36.916,1.61974,1.62014,1.00,1.00
2014.06.04 12:14:37.118,1.61971,1.62012,1.00,1.00
2014.06.04 12:14:37.219,1.6197,1.62009,1.00,1.00
2014.06.04 12:14:37.270,1.61968,1.62009,1.00,1.00
2014.06.04 12:14:37.422,1.61965,1.62005,1.00,1.00
2014.06.04 12:14:38.312,1.61961,1.62003,1.00,1.00
2014.06.04 12:14:38.917,1.61969,1.62011,1.00,1.00
2014.06.04 12:14:39.220,1.61966,1.62006,1.00,1.00
2014.06.04 12:14:39.271,1.61968,1.6201,1.00,1.00
2014.06.04 12:14:40.058,1.61973,1.62013,1.00,1.00
2014.06.04 12:14:40.361,1.61967,1.62007,1.00,1.00
2014.06.04 12:14:40.664,1.61981,1.6202,1.00,1.50
2014.06.04 12:14:40.966,1.61978,1.62018,1.00,1.00
2014.06.04 12:14:41.067,1.61975,1.62015,1.00,1.00
2014.06.04 12:14:41.171,1.61977,1.62018,1.00,1.00
2014.06.04 12:14:41.768,1.6198,1.62021,1.00,1.00
2014.06.04 12:14:42.286,1.61964,1.62033,1.00,1.38
2014.06.04 12:14:42.488,1.61964,1.62033,1.38,1.00
2014.06.04 12:14:42.791,1.61963,1.62033,1.58,1.00
2014.06.04 12:14:42.927,1.61965,1.62041,1.38,1.38
2014.06.04 12:14:44.326,1.61964,1.62045,2.03,1.38
2014.06.04 12:14:44.665,1.61963,1.62044,1.88,1.38
2014.06.04 12:14:44.817,1.61963,1.62046,1.38,1.38
2014.06.04 12:14:44.918,1.61963,1.62042,1.00,1.38
2014.06.04 12:14:44.969,1.61955,1.62042,1.60,1.38
2014.06.04 12:14:45.121,1.61955,1.62042,1.57,1.34
2014.06.04 12:14:45.830,1.61962,1.62038,1.00,1.34
2014.06.04 12:14:46.760,1.61964,1.62038,1.02,1.09
2014.06.04 12:14:46.862,1.61965,1.62038,1.02,1.00
2014.06.04 12:14:47.221,1.61966,1.62038,1.34,1.00
2014.06.04 12:14:47.524,1.61966,1.62038,1.34,1.00
2014.06.04 12:14:47.936,1.61968,1.62044,1.34,1.00
2014.06.04 12:14:48.189,1.61971,1.62044,1.00,1.00
2014.06.04 12:14:48.240,1.61971,1.62049,1.00,1.00
2014.06.04 12:14:48.341,1.61965,1.62052,1.00,1.00
2014.06.04 12:14:48.442,1.61974,1.62057,1.00,1.50
2014.06.04 12:14:48.825,1.61975,1.62052,1.00,1.00
2014.06.04 12:14:49.576,1.61974,1.62056,1.00,1.00
2014.06.04 12:14:50.248,1.61974,1.62063,1.00,1.00
2014.06.04 12:14:50.299,1.61966,1.62063,1.30,1.00
2014.06.04 12:14:50.400,1.61974,1.62064,1.00,1.00
2014.06.04 12:14:50.551,1.61974,1.62072,1.00,1.08
2014.06.04 12:14:51.059,1.61973,1.62075,1.00,1.23
2014.06.04 12:14:51.361,1.61973,1.62067,1.00,1.00
2014.06.04 12:14:51.462,1.61974,1.62073,1.00,1.23
2014.06.04 12:14:51.902,1.61974,1.62067,1.00,1.00
2014.06.04 12:14:52.205,1.61973,1.62065,1.20,1.00
2014.06.04 12:14:52.507,1.61967,1.62061,1.45,1.00
2014.06.04 12:14:52.870,1.61964,1.6207,1.95,1.00
2014.06.04 12:14:52.921,1.61964,1.6207,1.65,1.00
2014.06.04 12:14:53.316,1.61959,1.62055,1.15,1.00
2014.06.04 12:14:53.367,1.61952,1.62054,1.53,1.00
2014.06.04 12:14:53.468,1.61952,1.62066,1.68,1.68
2014.06.04 12:14:53.670,1.61948,1.62062,1.68,1.68
2014.06.04 12:14:53.984,1.61948,1.62062,2.01,1.68
2014.06.04 12:14:54.401,1.61955,1.62062,1.80,1.00
2014.06.04 12:14:54.456,1.61955,1.62066,1.80,1.00
2014.06.04 12:14:54.507,1.61961,1.62069,1.45,1.95
2014.06.04 12:14:54.608,1.61961,1.62063,1.00,1.00
2014.06.04 12:14:54.928,1.61958,1.62063,1.00,1.65
2014.06.04 12:14:55.069,1.61953,1.62062,1.15,1.15
2014.06.04 12:14:55.119,1.61959,1.62063,1.00,1.65
2014.06.04 12:14:55.220,1.6196,1.62063,1.00,1.00
2014.06.04 12:14:55.417,1.6196,1.62065,1.00,1.00
2014.06.04 12:14:55.914,1.61954,1.62063,1.68,1.68
2014.06.04 12:14:56.324,1.61951,1.62056,1.00,1.00
2014.06.04 12:14:56.528,1.61949,1.6206,1.35,1.60
2014.06.04 12:14:56.679,1.61946,1.62055,1.00,1.15
2014.06.04 12:14:56.730,1.61935,1.62056,1.15,1.15
2014.06.04 12:14:56.881,1.61935,1.62055,1.30,1.58
2014.06.04 12:14:57.205,1.61934,1.62049,1.00,1.77
2014.06.04 12:14:57.306,1.61928,1.62043,1.95,1.45
2014.06.04 12:14:57.507,1.61928,1.62039,1.50,1.44
2014.06.04 12:14:57.708,1.61907,1.62039,1.44,1.44
2014.06.04 12:14:57.938,1.61928,1.62033,1.00,1.15
2014.06.04 12:14:58.191,1.61927,1.62033,1.00,1.43
2014.06.04 12:14:58.496,1.61928,1.62035,1.68,1.00
2014.06.04 12:14:58.546,1.61928,1.62052,1.68,1.75
2014.06.04 12:14:58.647,1.61934,1.62138,1.00,1.00
2014.06.04 12:14:58.748,1.61934,1.62146,1.00,1.00
2014.06.04 12:14:58.799,1.61885,1.62159,2.19,1.50
2014.06.04 12:14:58.899,1.61903,1.62117,1.00,1.00
2014.06.04 12:14:59.000,1.61884,1.6216,1.00,1.69
2014.06.04 12:14:59.435,1.61856,1.62159,1.00,1.69
2014.06.04 12:14:59.636,1.61855,1.62143,1.00,1.00
2014.06.04 12:14:59.837,1.61833,1.62142,1.60,1.00
2014.06.04 12:14:59.988,1.61934,1.62142,0.75,1.00
2014.06.04 12:15:00.139,1.61872,1.62143,1.67,1.00
2014.06.04 12:15:00.190,1.61832,1.62143,1.42,1.00
2014.06.04 12:15:00.341,1.6183,1.62159,1.49,1.50
2014.06.04 12:15:00.442,1.61884,1.62159,1.72,1.50
2014.06.04 12:15:00.744,1.61927,1.62135,1.00,1.00
2014.06.04 12:15:01.046,1.61927,1.62129,1.00,1.00
2014.06.04 12:15:01.197,1.61927,1.62135,1.00,1.00
2014.06.04 12:15:01.298,1.61927,1.62109,1.00,1.00
2014.06.04 12:15:01.501,1.61891,1.62109,2.25,1.00
2014.06.04 12:15:01.694,1.61901,1.62109,1.00,1.00
2014.06.04 12:15:01.795,1.61885,1.62105,1.00,1.00
2014.06.04 12:15:01.895,1.61881,1.621,1.00,1.00
2014.06.04 12:15:02.197,1.61901,1.62094,1.00,1.00
2014.06.04 12:15:02.247,1.61885,1.6209,1.00,1.00
2014.06.04 12:15:02.348,1.619,1.6208,1.00,1.00
2014.06.04 12:15:02.515,1.619,1.621,1.00,1.00
2014.06.04 12:15:02.617,1.61906,1.62104,1.00,1.00
2014.06.04 12:15:02.719,1.61906,1.62109,1.00,2.25
2014.06.04 12:15:03.021,1.61927,1.62089,1.00,1.00
2014.06.04 12:15:03.122,1.61899,1.62089,1.00,1.00
2014.06.04 12:15:03.172,1.61898,1.6208,1.00,1.00
2014.06.04 12:15:03.273,1.61911,1.62099,1.00,1.00
2014.06.04 12:15:03.382,1.619,1.6209,1.50,1.00
2014.06.04 12:15:03.432,1.61928,1.6209,1.00,1.00
2014.06.04 12:15:03.535,1.61928,1.62109,1.00,1.00
2014.06.04 12:15:03.585,1.61928,1.62095,1.00,1.00
2014.06.04 12:15:03.754,1.61853,1.62182,2.68,7.66
2014.06.04 12:15:03.814,1.61924,1.621,1.00,1.00
2014.06.04 12:15:03.864,1.61927,1.62109,1.00,1.50
2014.06.04 12:15:03.966,1.61954,1.6211,1.00,1.50
2014.06.04 12:15:04.218,1.61954,1.62116,1.00,1.00
2014.06.04 12:15:04.318,1.61954,1.6211,1.00,1.50
2014.06.04 12:15:04.630,1.61954,1.62099,1.00,1.00
2014.06.04 12:15:04.882,1.61933,1.62099,1.00,1.00
2014.06.04 12:15:05.485,1.61934,1.62071,1.00,1.00
2014.06.04 12:15:05.787,1.6198,1.62033,1.00,1.00
2014.06.04 12:15:06.107,1.61989,1.62042,1.00,1.00
2014.06.04 12:15:07.080,1.61983,1.62036,1.00,1.00
2014.06.04 12:15:07.382,1.61988,1.62041,1.00,1.00
2014.06.04 12:15:07.886,1.61987,1.62042,1.00,1.00
2014.06.04 12:15:08.189,1.62014,1.62069,1.00,1.38
2014.06.04 12:15:08.405,1.62009,1.62064,1.00,1.38
2014.06.04 12:15:08.506,1.62009,1.62064,1.00,1.30
2014.06.04 12:15:08.607,1.61997,1.62052,1.38,1.00
2014.06.04 12:15:08.916,1.61987,1.6204,1.38,1.00
2014.06.04 12:15:09.279,1.6198,1.62033,1.88,1.00
2014.06.04 12:15:09.770,1.6198,1.62033,1.50,1.00
2014.06.04 12:15:09.820,1.61986,1.62039,1.00,1.00
2014.06.04 12:15:10.022,1.6198,1.62035,1.50,1.00
2014.06.04 12:15:10.123,1.6198,1.62026,1.00,1.00
2014.06.04 12:15:10.425,1.6197,1.62021,1.38,1.00
2014.06.04 12:15:11.021,1.61975,1.62021,1.00,1.00
2014.06.04 12:15:11.223,1.61966,1.62021,1.38,1.00
2014.06.04 12:15:11.705,1.61975,1.62021,1.00,1.00
2014.06.04 12:15:11.806,1.61966,1.62021,1.00,1.00
2014.06.04 12:15:11.857,1.61959,1.62014,1.38,1.00
2014.06.04 12:15:12.285,1.61959,1.62014,1.00,1.00
2014.06.04 12:15:12.386,1.61959,1.62014,1.38,1.00
2014.06.04 12:15:12.469,1.61959,1.62014,1.00,1.00
2014.06.04 12:15:12.722,1.61959,1.62014,1.38,1.00
2014.06.04 12:15:13.025,1.61945,1.61998,1.50,1.00
2014.06.04 12:15:13.177,1.61945,1.61998,1.98,1.00
2014.06.04 12:15:13.228,1.61947,1.61998,1.35,1.00
2014.06.04 12:15:13.380,1.6194,1.61993,1.00,1.00
2014.06.04 12:15:13.481,1.61947,1.61999,1.00,1.00
2014.06.04 12:15:13.835,1.6195,1.62005,1.00,1.00
2014.06.04 12:15:14.390,1.61946,1.61999,1.00,1.00
2014.06.04 12:15:14.726,1.6194,1.61993,1.00,1.00
2014.06.04 12:15:15.371,1.61947,1.62002,1.00,1.13
2014.06.04 12:15:15.825,1.61953,1.62006,1.00,1.00
2014.06.04 12:15:16.235,1.61958,1.62013,1.00,1.00
2014.06.04 12:15:16.335,1.61965,1.62016,1.00,1.00
2014.06.04 12:15:16.437,1.61965,1.62018,1.00,1.00
2014.06.04 12:15:16.488,1.61972,1.62027,1.00,1.88
2014.06.04 12:15:16.589,1.61966,1.62019,1.00,1.13
2014.06.04 12:15:16.791,1.6196,1.62015,1.00,1.00
2014.06.04 12:15:16.842,1.6196,1.62015,1.38,1.00
2014.06.04 12:15:16.943,1.61955,1.62007,1.00,1.00
2014.06.04 12:15:16.994,1.61961,1.62014,1.00,1.00
2014.06.04 12:15:17.044,1.61971,1.62014,1.00,1.00
2014.06.04 12:15:17.242,1.61966,1.62014,1.00,1.00
2014.06.04 12:15:17.515,1.61975,1.62014,1.00,1.00
2014.06.04 12:15:17.818,1.61973,1.62013,1.00,1.00
2014.06.04 12:15:17.919,1.61976,1.62014,1.00,1.00
2014.06.04 12:15:18.020,1.6198,1.62019,1.00,1.00
2014.06.04 12:15:18.122,1.61983,1.62019,1.00,1.00
2014.06.04 12:15:18.374,1.61978,1.62019,1.00,1.50
2014.06.04 12:15:18.526,1.6198,1.62022,1.00,1.13
2014.06.04 12:15:18.576,1.61978,1.62018,1.00,1.00
2014.06.04 12:15:18.880,1.6198,1.62019,1.00,1.00
2014.06.04 12:15:19.491,1.61973,1.62015,1.00,1.00
2014.06.04 12:15:19.541,1.61973,1.62013,1.00,1.00
2014.06.04 12:15:19.849,1.6198,1.62019,1.00,1.00
2014.06.04 12:15:19.952,1.61984,1.62024,1.00,1.00
2014.06.04 12:15:20.003,1.61987,1.62027,1.00,1.00
2014.06.04 12:15:20.310,1.61999,1.62036,1.00,1.00
2014.06.04 12:15:22.056,1.62002,1.62036,1.00,1.00
2014.06.04 12:15:22.157,1.61995,1.62036,1.00,1.00
2014.06.04 12:15:22.258,1.61992,1.62031,1.00,1.00
2014.06.04 12:15:22.797,1.61988,1.62028,1.00,1.00
2014.06.04 12:15:23.312,1.61984,1.62026,1.00,1.00
2014.06.04 12:15:23.829,1.61983,1.62025,1.00,1.00
2014.06.04 12:15:23.930,1.61981,1.62021,1.00,1.00
2014.06.04 12:15:24.233,1.61974,1.62013,1.00,1.00
2014.06.04 12:15:24.435,1.6197,1.6201,1.00,1.00
2014.06.04 12:15:24.839,1.61972,1.62012,1.00,1.00
2014.06.04 12:15:25.141,1.61964,1.62006,1.00,1.00
2014.06.04 12:15:25.545,1.61968,1.62008,1.00,1.00
2014.06.04 12:15:26.157,1.6197,1.62012,1.00,1.00
2014.06.04 12:15:26.258,1.61978,1.62018,1.00,1.50
2014.06.04 12:15:28.713,1.6198,1.62022,1.00,1.00
2014.06.04 12:15:29.218,1.61981,1.62021,1.00,1.00
2014.06.04 12:15:29.875,1.61984,1.62025,1.00,1.00
2014.06.04 12:15:29.976,1.61989,1.6203,1.00,1.00
2014.06.04 12:15:30.229,1.6198,1.62022,1.00,1.00
2014.06.04 12:15:30.330,1.6198,1.62018,1.00,1.00
2014.06.04 12:15:30.643,1.6196,1.61998,1.97,1.00
2014.06.04 12:15:30.744,1.61957,1.61998,1.53,1.00
2014.06.04 12:15:31.159,1.61957,1.61998,1.00,1.00
2014.06.04 12:15:31.295,1.61961,1.61998,1.00,1.00
2014.06.04 12:15:31.348,1.61958,1.61998,1.00,1.00
2014.06.04 12:15:31.457,1.61967,1.62003,1.00,1.00
2014.06.04 12:15:31.659,1.61969,1.6201,1.00,1.00
2014.06.04 12:15:31.760,1.61973,1.62011,1.00,1.00
2014.06.04 12:15:32.063,1.61978,1.62016,1.00,1.00
2014.06.04 12:15:32.215,1.61978,1.62019,1.00,1.00
2014.06.04 12:15:32.695,1.61981,1.62021,1.00,1.00
2014.06.04 12:15:33.448,1.61981,1.62022,1.00,1.00
2014.06.04 12:15:33.752,1.61989,1.6203,1.00,1.00
2014.06.04 12:15:34.082,1.61993,1.62027,1.00,1.00
2014.06.04 12:15:34.185,1.61998,1.62033,1.00,1.00
2014.06.04 12:15:34.287,1.61995,1.62028,1.00,1.00
2014.06.04 12:15:34.338,1.61988,1.62028,1.00,1.00
2014.06.04 12:15:34.652,1.61991,1.62027,1.00,1.00
2014.06.04 12:15:34.753,1.61985,1.62027,1.00,1.00
2014.06.04 12:15:35.158,1.61987,1.62027,1.00,1.00
2014.06.04 12:15:35.471,1.61993,1.62027,1.00,1.50
2014.06.04 12:15:37.853,1.61993,1.62024,1.00,1.00
2014.06.04 12:15:39.907,1.61993,1.62028,1.00,1.00
2014.06.04 12:15:40.627,1.61993,1.62024,1.00,1.00
2014.06.04 12:15:42.218,1.61993,1.62031,1.00,1.50
2014.06.04 12:15:43.057,1.61992,1.62031,1.00,1.50
2014.06.04 12:15:44.523,1.61989,1.62031,1.00,1.00
2014.06.04 12:15:44.844,1.61987,1.62031,1.00,1.00
2014.06.04 12:15:45.248,1.61996,1.62031,1.00,1.00
2014.06.04 12:15:45.756,1.61995,1.62033,1.00,1.00
2014.06.04 12:15:45.863,1.61995,1.62035,1.00,1.00
2014.06.04 12:15:45.964,1.61995,1.6203,1.00,1.00
2014.06.04 12:15:46.221,1.61997,1.62034,1.00,1.00
2014.06.04 12:15:46.423,1.61996,1.62036,1.50,1.00
2014.06.04 12:15:48.502,1.61998,1.62036,1.00,1.00
2014.06.04 12:15:49.517,1.61996,1.62036,1.00,1.00
2014.06.04 12:15:49.568,1.61991,1.62033,1.00,1.00
2014.06.04 12:15:49.973,1.61996,1.62035,1.00,1.00
2014.06.04 12:15:50.303,1.62,1.62035,1.00,1.00
2014.06.04 12:15:50.608,1.62002,1.62035,1.00,1.00
2014.06.04 12:15:50.914,1.62002,1.62033,1.00,1.00
2014.06.04 12:15:50.965,1.61997,1.62033,1.00,1.00
2014.06.04 12:15:51.066,1.61999,1.62033,1.00,1.00
2014.06.04 12:15:51.268,1.61991,1.62033,1.68,1.00
2014.06.04 12:15:51.369,1.61991,1.62033,1.00,1.00
2014.06.04 12:15:51.723,1.61993,1.62033,1.28,1.50
2014.06.04 12:15:51.925,1.61994,1.62033,1.00,1.00
2014.06.04 12:15:51.976,1.61995,1.62035,1.00,1.00
2014.06.04 12:15:52.128,1.61989,1.62029,1.68,1.00
2014.06.04 12:15:52.361,1.61989,1.62029,1.00,1.00
2014.06.04 12:15:52.512,1.61987,1.62026,1.28,1.00
2014.06.04 12:15:52.868,1.61987,1.62023,1.00,1.00
2014.06.04 12:15:52.919,1.61983,1.62023,1.13,1.00
2014.06.04 12:15:53.070,1.61982,1.6202,1.00,1.00
2014.06.04 12:15:53.272,1.6198,1.6202,1.00,1.00
2014.06.04 12:15:53.323,1.61977,1.62017,2.10,1.00
2014.06.04 12:15:53.605,1.61974,1.62015,1.00,1.00
2014.06.04 12:15:53.939,1.6197,1.62012,1.80,1.00
2014.06.04 12:15:54.241,1.61979,1.62019,1.00,1.00
2014.06.04 12:15:54.292,1.61979,1.62021,1.00,1.00
2014.06.04 12:15:56.717,1.61982,1.62024,1.50,1.00
2014.06.04 12:15:57.020,1.61987,1.62024,1.00,1.00
2014.06.04 12:15:57.171,1.61988,1.62026,1.00,1.00
2014.06.04 12:15:57.697,1.61986,1.62026,1.50,1.00
2014.06.04 12:15:58.178,1.61987,1.62024,1.00,1.00
2014.06.04 12:15:58.498,1.61983,1.62023,1.00,1.00
2014.06.04 12:15:58.700,1.61989,1.62029,1.00,1.00
2014.06.04 12:15:59.003,1.61992,1.62032,1.00,1.00
2014.06.04 12:15:59.272,1.61989,1.62031,1.00,1.00
2014.06.04 12:15:59.373,1.61993,1.62031,1.00,1.00
2014.06.04 12:16:00.252,1.61995,1.62031,1.00,1.00
2014.06.04 12:16:00.305,1.61996,1.62038,1.00,1.00
2014.06.04 12:16:00.356,1.61999,1.62038,1.00,1.00
2014.06.04 12:16:00.659,1.62004,1.6204,1.00,1.00
2014.06.04 12:16:01.066,1.62006,1.6204,1.00,1.00
2014.06.04 12:16:02.277,1.62004,1.6204,1.00,1.00
2014.06.04 12:16:02.986,1.62005,1.6204,1.00,1.00
2014.06.04 12:16:03.087,1.62003,1.6204,1.00,1.00
2014.06.04 12:16:03.188,1.62005,1.6204,1.00,1.00
2014.06.04 12:16:03.380,1.62002,1.6204,1.00,1.00
2014.06.04 12:16:03.812,1.62,1.62037,1.00,1.00
2014.06.04 12:16:03.976,1.61998,1.62037,1.50,1.00
2014.06.04 12:16:04.177,1.62001,1.62037,1.00,1.00
2014.06.04 12:16:04.586,1.61999,1.62037,1.05,1.00
2014.06.04 12:16:05.120,1.61998,1.62037,1.80,1.00
2014.06.04 12:16:05.401,1.62,1.62037,1.00,1.00
2014.06.04 12:16:06.015,1.62,1.6204,1.50,1.00
2014.06.04 12:16:06.856,1.61998,1.62038,1.00,1.00
2014.06.04 12:16:07.159,1.61989,1.62023,1.00,1.00
2014.06.04 12:16:07.311,1.61986,1.62023,1.00,1.00
2014.06.04 12:16:07.531,1.61986,1.62019,1.00,1.00
2014.06.04 12:16:07.582,1.61981,1.62019,1.00,1.00
2014.06.04 12:16:07.785,1.61977,1.62017,1.00,1.00
2014.06.04 12:16:08.469,1.61976,1.6201,1.35,1.00
2014.06.04 12:16:08.773,1.61966,1.62006,1.88,1.00
2014.06.04 12:16:09.177,1.6197,1.62005,1.00,1.00
2014.06.04 12:16:09.367,1.61968,1.62005,1.00,1.00
2014.06.04 12:16:10.482,1.61968,1.62,1.10,1.00
2014.06.04 12:16:10.793,1.61968,1.62004,1.10,1.00
2014.06.04 12:16:11.994,1.61969,1.62004,1.00,1.00
2014.06.04 12:16:12.167,1.61969,1.62008,1.20,1.00
2014.06.04 12:16:12.726,1.6197,1.62008,1.00,1.00
2014.06.04 12:16:12.877,1.6197,1.62005,1.00,1.00
2014.06.04 12:16:13.029,1.61961,1.62001,1.30,1.00
2014.06.04 12:16:13.331,1.61961,1.62001,1.50,1.00
2014.06.04 12:16:13.533,1.61958,1.61998,1.00,1.00
2014.06.04 12:16:14.249,1.61956,1.61993,1.00,1.00
2014.06.04 12:16:14.782,1.61954,1.61993,1.45,1.00
2014.06.04 12:16:15.286,1.61954,1.61993,1.00,1.50
2014.06.04 12:16:20.035,1.61955,1.61993,1.00,1.00
2014.06.04 12:16:20.187,1.61955,1.61997,1.50,1.00
2014.06.04 12:16:20.288,1.61955,1.61997,2.18,1.00
2014.06.04 12:16:20.592,1.61964,1.62001,1.00,1.00
2014.06.04 12:16:21.102,1.61965,1.62007,1.00,1.73
2014.06.04 12:16:21.405,1.61963,1.62003,1.00,1.98
2014.06.04 12:16:21.557,1.61965,1.62007,1.00,1.88
2014.06.04 12:16:21.608,1.61967,1.62007,1.00,1.73
2014.06.04 12:16:21.810,1.61962,1.62004,1.00,1.38
2014.06.04 12:16:22.124,1.6196,1.62,1.00,1.00
2014.06.04 12:16:23.012,1.61957,1.61997,1.50,1.00
2014.06.04 12:16:23.318,1.61957,1.61995,1.00,1.00
2014.06.04 12:16:23.754,1.61953,1.61991,1.00,1.00
2014.06.04 12:16:23.805,1.61951,1.61991,1.00,1.00
2014.06.04 12:16:23.856,1.61953,1.61993,1.00,1.00
2014.06.04 12:16:24.160,1.61962,1.61998,1.00,1.98
2014.06.04 12:16:24.665,1.61962,1.62002,1.00,1.38
2014.06.04 12:16:24.718,1.61962,1.62002,1.00,1.00
2014.06.04 12:16:24.871,1.61965,1.62002,1.00,1.00
2014.06.04 12:16:25.094,1.61965,1.62005,1.50,1.00
2014.06.04 12:16:26.642,1.61965,1.62004,1.00,1.00
2014.06.04 12:16:27.866,1.61965,1.61996,1.00,1.00
2014.06.04 12:16:28.088,1.61965,1.62004,1.00,1.00
2014.06.04 12:16:28.623,1.61965,1.62005,1.00,1.00
2014.06.04 12:16:30.576,1.61968,1.62006,1.00,1.00
2014.06.04 12:16:30.880,1.61975,1.62006,1.00,1.00
2014.06.04 12:16:31.439,1.61969,1.62002,1.00,1.00
2014.06.04 12:16:31.490,1.61965,1.61987,1.00,1.00
2014.06.04 12:16:31.642,1.61963,1.61987,1.00,1.00
2014.06.04 12:16:31.693,1.61953,1.61988,1.50,1.00
2014.06.04 12:16:31.744,1.61951,1.61986,1.00,1.00
2014.06.04 12:16:32.047,1.61953,1.61986,1.00,1.00
2014.06.04 12:16:32.149,1.61947,1.61982,1.00,1.00
2014.06.04 12:16:32.687,1.61946,1.61982,1.50,1.00
2014.06.04 12:16:32.801,1.61946,1.61976,1.50,1.00
2014.06.04 12:16:33.007,1.61946,1.61982,1.00,1.00
2014.06.04 12:16:33.361,1.61946,1.61976,1.00,1.00
2014.06.04 12:16:33.995,1.61946,1.61977,1.00,1.00
2014.06.04 12:16:34.233,1.61941,1.61975,1.00,1.00
2014.06.04 12:16:34.447,1.61938,1.61975,1.00,1.00
2014.06.04 12:16:34.498,1.61938,1.6197,1.00,1.00
2014.06.04 12:16:34.868,1.61938,1.61967,1.00,1.00
2014.06.04 12:16:35.895,1.61938,1.61966,1.00,1.00
2014.06.04 12:16:36.209,1.61938,1.6197,1.00,1.00
2014.06.04 12:16:36.316,1.61934,1.6197,1.50,1.00
2014.06.04 12:16:36.638,1.61943,1.6197,1.00,1.00
2014.06.04 12:16:36.689,1.61943,1.61975,1.00,1.00
2014.06.04 12:16:36.841,1.61943,1.61977,1.00,1.00
2014.06.04 12:16:37.383,1.61939,1.61977,1.00,1.00
2014.06.04 12:16:37.443,1.61939,1.61974,1.00,1.00
2014.06.04 12:16:37.900,1.61939,1.61969,1.00,1.00
2014.06.04 12:16:38.098,1.61936,1.61969,1.00,1.00
2014.06.04 12:16:38.436,1.61936,1.61967,1.00,1.00
2014.06.04 12:16:38.539,1.61936,1.61969,1.00,1.00
2014.06.04 12:16:38.640,1.61936,1.61966,1.00,1.00
2014.06.04 12:16:39.595,1.61936,1.61967,1.00,1.00
2014.06.04 12:16:40.037,1.61936,1.61969,1.00,1.00
2014.06.04 12:16:40.190,1.61936,1.61962,1.00,1.00
2014.06.04 12:16:40.342,1.61936,1.61967,1.00,1.00
2014.06.04 12:16:41.623,1.61941,1.61967,1.00,1.50
2014.06.04 12:16:41.681,1.61936,1.61967,1.00,1.50
2014.06.04 12:16:41.782,1.6193,1.61967,1.60,1.50
2014.06.04 12:16:42.291,1.61933,1.61967,1.00,1.50
2014.06.04 12:16:42.729,1.61938,1.61967,1.00,1.50
2014.06.04 12:16:43.170,1.61936,1.61967,1.00,1.00
2014.06.04 12:16:43.276,1.61938,1.61967,1.00,1.00
2014.06.04 12:16:43.536,1.61936,1.61967,1.00,1.50
2014.06.04 12:16:43.637,1.61939,1.61967,1.00,1.50
2014.06.04 12:16:43.990,1.61939,1.61972,1.00,1.00
2014.06.04 12:16:44.632,1.61938,1.61972,1.00,1.00
2014.06.04 12:16:44.839,1.61937,1.61967,1.00,1.00
2014.06.04 12:16:44.940,1.61927,1.61963,1.00,1.00
2014.06.04 12:16:45.192,1.61927,1.61956,1.00,1.00
2014.06.04 12:16:45.496,1.61921,1.61943,1.38,1.50
2014.06.04 12:16:46.571,1.61923,1.61943,1.00,1.00
2014.06.04 12:16:46.675,1.6192,1.61943,1.00,1.00
2014.06.04 12:16:46.829,1.6192,1.6195,1.00,1.00
2014.06.04 12:16:47.132,1.61925,1.6195,1.00,1.00
2014.06.04 12:16:47.903,1.61924,1.6195,1.00,1.00
2014.06.04 12:16:48.216,1.61922,1.6195,1.00,1.00
2014.06.04 12:16:48.671,1.61924,1.6195,1.00,1.00
2014.06.04 12:16:48.923,1.61925,1.61952,1.50,1.00
2014.06.04 12:16:49.827,1.61924,1.61952,1.00,1.00
2014.06.04 12:16:49.983,1.61925,1.61956,1.00,1.00
2014.06.04 12:16:50.034,1.61931,1.61956,1.00,1.00
2014.06.04 12:16:50.437,1.61934,1.61962,1.00,1.15
2014.06.04 12:16:50.840,1.61936,1.61967,1.00,1.15
2014.06.04 12:16:50.891,1.61936,1.61967,1.00,1.00
2014.06.04 12:16:50.942,1.61934,1.61967,1.50,1.00
2014.06.04 12:16:51.094,1.61934,1.61957,1.00,1.00
2014.06.04 12:16:51.144,1.6193,1.61957,1.00,1.00
2014.06.04 12:16:51.195,1.61934,1.61966,1.00,1.00
2014.06.04 12:16:52.986,1.61933,1.61967,2.25,1.00
2014.06.04 12:16:53.501,1.61934,1.61966,1.00,1.00
2014.06.04 12:16:54.037,1.61933,1.61967,1.50,1.00
2014.06.04 12:16:54.469,1.61933,1.61967,1.50,1.38
2014.06.04 12:16:54.774,1.61936,1.61967,1.00,1.38
2014.06.04 12:16:54.893,1.61936,1.61969,1.00,1.00
2014.06.04 12:16:54.945,1.61936,1.61965,1.00,1.00
2014.06.04 12:16:55.197,1.61939,1.61969,1.00,1.00
2014.06.04 12:16:55.405,1.61942,1.61969,1.00,1.00
2014.06.04 12:16:55.913,1.61943,1.61969,1.00,1.00
2014.06.04 12:16:55.964,1.61943,1.61975,1.00,1.00
2014.06.04 12:16:56.711,1.61942,1.61975,1.00,1.00
2014.06.04 12:16:56.959,1.61949,1.61976,1.00,1.00
2014.06.04 12:16:57.267,1.61952,1.61979,1.00,1.50
2014.06.04 12:16:57.519,1.61955,1.61985,1.00,1.00
2014.06.04 12:16:57.570,1.61951,1.61985,1.00,1.00
2014.06.04 12:16:58.115,1.61952,1.61985,1.00,1.00
2014.06.04 12:16:58.628,1.61952,1.61976,1.00,1.00
2014.06.04 12:16:59.157,1.61951,1.61976,1.00,1.00
2014.06.04 12:17:00.361,1.61952,1.61976,1.00,1.00
2014.06.04 12:17:00.462,1.61953,1.61985,1.00,1.00
2014.06.04 12:17:00.564,1.61955,1.61976,1.00,1.00
2014.06.04 12:17:00.886,1.61954,1.61986,1.00,1.50
2014.06.04 12:17:00.987,1.61956,1.61986,1.00,1.50
2014.06.04 12:17:01.088,1.61952,1.61986,1.00,1.00
2014.06.04 12:17:01.317,1.6195,1.61986,1.00,1.00
2014.06.04 12:17:01.714,1.61952,1.61986,1.00,1.00
2014.06.04 12:17:02.263,1.61951,1.61986,1.00,1.00
2014.06.04 12:17:02.594,1.61951,1.61976,1.00,1.00
2014.06.04 12:17:02.859,1.61951,1.61985,1.00,1.50
2014.06.04 12:17:03.474,1.61951,1.61984,1.00,1.00
2014.06.04 12:17:04.592,1.61952,1.61984,1.00,1.00
2014.06.04 12:17:04.693,1.61961,1.61986,1.00,1.00
2014.06.04 12:17:04.953,1.61956,1.61986,1.00,1.00
2014.06.04 12:17:05.356,1.61953,1.61986,1.00,1.00
2014.06.04 12:17:05.894,1.61954,1.61986,1.00,1.00
2014.06.04 12:17:06.488,1.61954,1.61987,1.00,1.00
2014.06.04 12:17:07.008,1.61953,1.61986,1.00,1.00
2014.06.04 12:17:08.080,1.61952,1.61986,1.00,1.00
2014.06.04 12:17:08.603,1.61951,1.61986,1.00,1.00
2014.06.04 12:17:08.654,1.61953,1.61986,1.00,1.00
2014.06.04 12:17:08.938,1.61951,1.61986,1.00,1.00
2014.06.04 12:17:09.274,1.61953,1.61986,1.00,1.50
2014.06.04 12:17:09.853,1.61952,1.61987,1.00,1.50
2014.06.04 12:17:10.806,1.61953,1.61987,1.00,1.50
2014.06.04 12:17:11.386,1.61953,1.61986,1.00,1.00
2014.06.04 12:17:11.700,1.61951,1.61986,1.00,1.00
2014.06.04 12:17:11.851,1.61954,1.61985,1.00,1.00
2014.06.04 12:17:12.154,1.61958,1.61986,1.00,1.00
2014.06.04 12:17:12.457,1.61963,1.6199,1.00,1.00
2014.06.04 12:17:12.507,1.61963,1.61995,1.00,1.30
2014.06.04 12:17:12.659,1.61963,1.61996,1.00,1.00
2014.06.04 12:17:13.697,1.61964,1.61996,1.00,1.88
2014.06.04 12:17:14.467,1.61963,1.61996,1.00,1.13
2014.06.04 12:17:15.117,1.61963,1.61995,1.00,1.00
2014.06.04 12:17:15.638,1.61964,1.61995,1.00,1.00
2014.06.04 12:17:16.174,1.61964,1.61996,1.00,1.88
2014.06.04 12:17:18.708,1.61964,1.61994,1.00,1.00
2014.06.04 12:17:20.996,1.61963,1.61994,1.00,1.00
2014.06.04 12:17:21.599,1.61964,1.61994,1.00,1.00
2014.06.04 12:17:21.987,1.61957,1.61986,1.00,1.00
2014.06.04 12:17:22.931,1.6195,1.61986,1.00,1.00
2014.06.04 12:17:22.982,1.61947,1.61986,1.50,1.00
2014.06.04 12:17:27.168,1.61947,1.61982,1.00,1.00
2014.06.04 12:17:27.681,1.61946,1.61982,1.00,1.00
2014.06.04 12:17:28.110,1.61946,1.61976,1.00,1.00
2014.06.04 12:17:28.211,1.61947,1.61982,1.00,1.00
2014.06.04 12:17:28.414,1.61946,1.61977,1.00,1.00
2014.06.04 12:17:28.465,1.61944,1.61977,1.00,1.00
2014.06.04 12:17:28.567,1.61937,1.61973,1.00,1.00
2014.06.04 12:17:28.668,1.61934,1.61973,1.00,1.00
2014.06.04 12:17:29.194,1.61935,1.61973,1.00,1.00
2014.06.04 12:17:29.430,1.61935,1.61966,1.00,1.00
2014.06.04 12:17:30.315,1.61934,1.61966,1.00,1.00
2014.06.04 12:17:30.416,1.61931,1.61966,1.00,1.00
2014.06.04 12:17:30.517,1.61929,1.61966,1.50,1.00
2014.06.04 12:17:31.030,1.61928,1.61967,1.00,1.00
2014.06.04 12:17:31.542,1.61928,1.61966,1.00,1.00
2014.06.04 12:17:31.652,1.61926,1.61956,1.00,1.00
2014.06.04 12:17:31.704,1.61924,1.61956,1.00,1.00
2014.06.04 12:17:35.673,1.61925,1.61956,1.00,1.00
2014.06.04 12:17:36.914,1.61925,1.61946,1.00,1.00
2014.06.04 12:17:37.151,1.61925,1.61957,1.00,1.00
2014.06.04 12:17:37.428,1.61923,1.61957,1.00,1.00
2014.06.04 12:17:37.638,1.6193,1.61957,1.00,1.00
2014.06.04 12:17:37.984,1.61928,1.61946,1.00,1.00
2014.06.04 12:17:38.035,1.61928,1.61957,1.00,1.00
2014.06.04 12:17:38.086,1.61936,1.61957,1.00,1.00
2014.06.04 12:17:38.136,1.61936,1.61964,1.00,1.00
2014.06.04 12:17:38.187,1.61934,1.61964,1.00,1.00
2014.06.04 12:17:38.238,1.61934,1.61966,1.00,1.00
2014.06.04 12:17:38.339,1.61932,1.61966,1.00,1.00
2014.06.04 12:17:45.232,1.61936,1.61966,1.00,1.50
2014.06.04 12:17:45.434,1.61938,1.61971,1.00,1.00
2014.06.04 12:17:45.484,1.6194,1.61971,1.00,1.00
2014.06.04 12:17:45.724,1.61942,1.61976,1.00,2.25
2014.06.04 12:17:46.324,1.61943,1.61976,1.00,1.00
2014.06.04 12:17:47.423,1.61945,1.61976,1.00,1.00
2014.06.04 12:17:48.150,1.61944,1.61977,1.00,1.00
2014.06.04 12:17:48.715,1.61946,1.61977,1.00,1.00
2014.06.04 12:17:49.575,1.61946,1.61976,1.00,1.00
2014.06.04 12:17:49.854,1.61942,1.61976,1.00,1.00
2014.06.04 12:17:49.955,1.61944,1.61976,1.00,1.00
2014.06.04 12:17:50.283,1.61941,1.61966,1.00,1.00
2014.06.04 12:17:50.453,1.61942,1.61977,1.00,1.50
2014.06.04 12:17:50.605,1.61947,1.61977,1.00,1.50
2014.06.04 12:17:51.122,1.61947,1.61976,1.00,1.00
2014.06.04 12:17:51.834,1.61945,1.61976,1.00,1.00
2014.06.04 12:17:52.443,1.61945,1.61977,1.00,1.00
2014.06.04 12:17:53.104,1.61944,1.61977,1.00,1.00
2014.06.04 12:17:53.681,1.61944,1.61976,1.00,1.00
2014.06.04 12:17:54.973,1.61945,1.61976,1.00,1.00
2014.06.04 12:17:55.501,1.61946,1.61977,1.00,1.50
2014.06.04 12:17:55.602,1.61944,1.61977,1.00,1.50
2014.06.04 12:17:55.686,1.61944,1.61966,1.00,1.00
2014.06.04 12:17:55.989,1.61942,1.61966,1.00,1.00
2014.06.04 12:17:56.453,1.6194,1.61966,1.00,1.00
2014.06.04 12:17:56.666,1.61943,1.61966,1.00,1.00
2014.06.04 12:17:56.817,1.61943,1.61977,1.00,1.50
2014.06.04 12:17:57.343,1.61942,1.61966,1.00,1.00
2014.06.04 12:17:57.595,1.61948,1.61977,1.00,1.00
2014.06.04 12:17:58.196,1.61951,1.61977,1.00,1.00
2014.06.04 12:17:58.550,1.6196,1.61977,1.00,1.00
2014.06.04 12:17:58.653,1.61954,1.61977,1.00,1.00
2014.06.04 12:17:59.187,1.61953,1.61977,1.00,1.00
2014.06.04 12:17:59.705,1.61952,1.61977,1.00,1.00
2014.06.04 12:17:59.857,1.61949,1.61976,1.50,1.00
2014.06.04 12:18:00.009,1.61949,1.61967,1.00,1.00
2014.06.04 12:18:00.059,1.61942,1.61967,1.00,1.00
2014.06.04 12:18:00.160,1.6194,1.61967,1.00,1.00
2014.06.04 12:18:00.412,1.61937,1.61966,1.00,1.00
2014.06.04 12:18:00.564,1.61934,1.61966,1.00,1.00
2014.06.04 12:18:00.665,1.61931,1.61966,1.50,1.00
2014.06.04 12:18:00.766,1.61931,1.61964,1.00,1.00
2014.06.04 12:18:00.817,1.61929,1.61964,1.00,1.00
2014.06.04 12:18:04.423,1.61926,1.61964,1.00,1.00
2014.06.04 12:18:04.973,1.61925,1.61964,2.25,1.00
2014.06.04 12:18:05.264,1.61925,1.61959,2.25,1.00
2014.06.04 12:18:05.617,1.61919,1.61953,1.00,1.00
2014.06.04 12:18:06.101,1.61924,1.61953,1.00,1.00
2014.06.04 12:18:06.605,1.61925,1.61953,1.00,1.00
2014.06.04 12:18:06.823,1.61922,1.61953,1.50,1.00
2014.06.04 12:18:07.415,1.61919,1.61953,1.00,1.00
2014.06.04 12:18:08.111,1.61916,1.61953,1.00,1.00
2014.06.04 12:18:08.384,1.61918,1.61953,1.20,1.00
2014.06.04 12:18:08.480,1.61916,1.61953,1.00,1.00
2014.06.04 12:18:09.288,1.61915,1.61953,1.50,1.00
2014.06.04 12:18:10.592,1.61916,1.61953,1.00,1.00
2014.06.04 12:18:10.876,1.61923,1.61953,1.00,1.00
2014.06.04 12:18:11.532,1.61924,1.61953,1.00,1.00
2014.06.04 12:18:11.864,1.61917,1.61953,1.00,1.00
2014.06.04 12:18:12.902,1.61924,1.61953,1.00,1.00
2014.06.04 12:18:14.065,1.61916,1.61953,1.50,1.00
2014.06.04 12:18:16.269,1.61924,1.61953,1.00,1.00
2014.06.04 12:18:16.581,1.61933,1.61958,1.00,1.00
2014.06.04 12:18:16.632,1.61923,1.61958,1.00,1.00
2014.06.04 12:18:17.024,1.61925,1.61958,1.00,1.00
2014.06.04 12:18:17.472,1.61934,1.61958,1.00,1.00
2014.06.04 12:18:20.234,1.61933,1.61958,1.00,1.00
2014.06.04 12:18:21.422,1.61924,1.61958,1.00,1.50
2014.06.04 12:18:21.574,1.61924,1.61954,1.00,1.00
2014.06.04 12:18:22.543,1.61923,1.61954,1.00,1.00
2014.06.04 12:18:24.254,1.61924,1.61954,1.00,1.00
2014.06.04 12:18:24.730,1.61924,1.61958,1.00,1.00
2014.06.04 12:18:25.376,1.61928,1.61958,1.00,1.00
2014.06.04 12:18:25.426,1.61928,1.61962,1.00,1.00
2014.06.04 12:18:25.574,1.61934,1.61962,1.00,1.00
2014.06.04 12:18:25.726,1.61934,1.61966,1.00,1.00
2014.06.04 12:18:25.877,1.61933,1.61968,1.00,2.63
2014.06.04 12:18:25.928,1.61944,1.61968,1.00,2.63
2014.06.04 12:18:26.202,1.61944,1.61972,1.00,1.00
2014.06.04 12:18:27.117,1.61943,1.61972,1.00,1.00
2014.06.04 12:18:27.663,1.61944,1.61972,1.00,1.00
2014.06.04 12:18:28.182,1.61943,1.61972,1.00,1.00
2014.06.04 12:18:28.336,1.61943,1.61974,1.00,1.00
2014.06.04 12:18:28.387,1.61953,1.61974,1.00,1.00
2014.06.04 12:18:29.172,1.61953,1.61973,1.00,1.00
2014.06.04 12:18:29.223,1.61944,1.61972,1.00,1.00
2014.06.04 12:18:31.758,1.61954,1.61973,1.00,1.50
2014.06.04 12:18:31.910,1.61954,1.6198,1.00,1.00
2014.06.04 12:18:32.061,1.61954,1.61982,1.00,1.00
2014.06.04 12:18:32.112,1.61954,1.61986,1.00,1.50
2014.06.04 12:18:32.162,1.61963,1.61986,1.00,1.00
2014.06.04 12:18:32.803,1.61964,1.61986,1.00,1.00
2014.06.04 12:18:33.367,1.61964,1.61991,1.00,1.68
2014.06.04 12:18:33.934,1.61963,1.61991,1.00,1.68
2014.06.04 12:18:34.481,1.61963,1.61987,1.00,1.00
2014.06.04 12:18:42.493,1.61974,1.61987,1.00,1.00
2014.06.04 12:18:43.062,1.61974,1.61988,1.00,1.00
2014.06.04 12:18:44.123,1.61974,1.61989,1.00,1.00
2014.06.04 12:18:44.825,1.61974,1.61991,1.00,1.00
2014.06.04 12:18:44.876,1.61974,1.61997,1.00,1.00
2014.06.04 12:18:45.392,1.61974,1.61998,1.00,1.00
2014.06.04 12:18:45.752,1.61974,1.62001,1.00,1.00
2014.06.04 12:18:45.882,1.61974,1.61998,1.00,1.00
2014.06.04 12:18:46.632,1.61974,1.61999,1.00,1.00
2014.06.04 12:18:46.792,1.61974,1.62001,1.00,1.50
2014.06.04 12:18:47.832,1.61973,1.62001,1.00,1.50
2014.06.04 12:18:48.342,1.61974,1.62001,1.00,1.50
2014.06.04 12:18:49.074,1.61973,1.62001,1.00,1.50
2014.06.04 12:18:49.816,1.61965,1.61997,1.00,1.00
2014.06.04 12:18:49.917,1.61963,1.61997,1.00,1.35
2014.06.04 12:18:49.967,1.61963,1.61993,1.00,1.00
2014.06.04 12:18:50.442,1.61964,1.61996,1.50,1.50
2014.06.04 12:18:50.712,1.61964,1.6199,1.00,1.00
2014.06.04 12:18:51.364,1.61963,1.6199,1.00,1.00
2014.06.04 12:18:51.872,1.61963,1.61989,1.00,1.00
2014.06.04 12:18:55.232,1.61963,1.61987,1.00,1.00
2014.06.04 12:18:56.222,1.61963,1.61985,1.00,1.00
2014.06.04 12:18:56.784,1.61963,1.61986,1.00,1.00
2014.06.04 12:18:57.122,1.61963,1.61981,1.00,1.00
2014.06.04 12:18:57.229,1.61963,1.61985,1.00,1.00
2014.06.04 12:18:57.331,1.61963,1.61981,1.00,1.00
2014.06.04 12:18:57.635,1.61963,1.61985,1.00,1.00
2014.06.04 12:18:59.087,1.61963,1.61981,1.00,1.00
2014.06.04 12:19:00.501,1.61954,1.61981,1.00,1.00
2014.06.04 12:19:01.142,1.61964,1.61981,1.00,1.00
2014.06.04 12:19:01.548,1.61964,1.61975,1.00,1.00
2014.06.04 12:19:01.713,1.61953,1.61975,1.50,1.00
2014.06.04 12:19:02.132,1.61964,1.61975,1.00,1.00
2014.06.04 12:19:03.582,1.61954,1.61975,1.00,1.00
2014.06.04 12:19:03.778,1.61954,1.6197,1.00,1.00
2014.06.04 12:19:04.328,1.61954,1.61965,1.00,1.00
2014.06.04 12:19:07.337,1.61953,1.61965,1.00,1.00
2014.06.04 12:19:10.085,1.61954,1.61965,1.00,1.00
2014.06.04 12:19:10.922,1.61944,1.61965,1.00,1.00
2014.06.04 12:19:11.393,1.61954,1.61965,1.00,1.00
2014.06.04 12:19:11.584,1.61944,1.61965,1.00,1.00
2014.06.04 12:19:12.040,1.61943,1.61959,1.00,1.00
2014.06.04 12:19:12.343,1.61944,1.61953,1.00,1.00
2014.06.04 12:19:12.394,1.61944,1.61957,1.00,1.00
2014.06.04 12:19:12.831,1.61943,1.61953,1.00,1.00
2014.06.04 12:19:13.342,1.61944,1.61953,1.00,1.00
2014.06.04 12:19:16.008,1.61944,1.61957,1.00,1.00
2014.06.04 12:19:17.016,1.61943,1.61957,1.00,1.00
2014.06.04 12:19:17.563,1.61944,1.61957,1.00,1.00
2014.06.04 12:19:19.192,1.61944,1.61952,1.00,1.00
2014.06.04 12:19:19.700,1.61943,1.61952,1.00,1.00
2014.06.04 12:19:20.182,1.61921,1.61946,1.35,1.00
2014.06.04 12:19:20.384,1.61934,1.61946,1.00,1.00
2014.06.04 12:19:20.891,1.61933,1.61946,1.00,1.00
2014.06.04 12:19:21.145,1.61936,1.61958,1.00,1.68
2014.06.04 12:19:21.572,1.61933,1.61946,1.00,1.00
2014.06.04 12:19:22.112,1.61938,1.61958,1.00,1.68
2014.06.04 12:19:24.372,1.61943,1.61953,1.00,1.00
2014.06.04 12:19:27.097,1.61944,1.61958,1.00,1.68
2014.06.04 12:19:27.360,1.61944,1.61958,1.00,1.00
2014.06.04 12:19:35.615,1.61953,1.61964,1.00,1.00
2014.06.04 12:19:36.163,1.61953,1.61964,1.00,1.00
2014.06.04 12:19:36.265,1.61953,1.6196,1.00,1.00
2014.06.04 12:19:41.641,1.61954,1.6196,1.00,1.00
2014.06.04 12:19:41.861,1.61954,1.61966,1.00,1.00
2014.06.04 12:19:49.672,1.61953,1.61966,1.00,1.00
2014.06.04 12:19:51.324,1.61954,1.61966,1.00,1.00
2014.06.04 12:19:54.221,1.61956,1.61974,1.00,1.38
2014.06.04 12:19:54.323,1.61963,1.61973,1.00,1.13
2014.06.04 12:19:58.369,1.61954,1.61973,1.00,1.00
2014.06.04 12:20:00.256,1.61954,1.61978,1.00,1.00
2014.06.04 12:20:00.559,1.61954,1.61973,1.00,1.00
2014.06.04 12:20:00.661,1.61947,1.61973,1.00,1.00
2014.06.04 12:20:00.762,1.61947,1.61968,1.00,1.00
2014.06.04 12:20:00.864,1.61944,1.61968,1.50,1.00
2014.06.04 12:20:01.089,1.61944,1.61975,1.50,1.00
2014.06.04 12:20:01.195,1.61949,1.61975,1.00,1.00
2014.06.04 12:20:01.536,1.61954,1.61967,1.00,1.00
2014.06.04 12:20:02.069,1.61953,1.61967,1.00,1.00
2014.06.04 12:20:06.020,1.61954,1.61967,1.00,1.00
2014.06.04 12:20:06.324,1.61944,1.61963,1.50,1.00
2014.06.04 12:20:06.536,1.61954,1.61963,1.00,1.00
2014.06.04 12:20:06.688,1.61944,1.61963,1.00,1.00
2014.06.04 12:20:07.415,1.61953,1.61963,1.00,1.00
2014.06.04 12:20:08.287,1.61953,1.61973,1.00,1.00
2014.06.04 12:20:08.559,1.61953,1.61976,1.00,1.00
2014.06.04 12:20:09.228,1.61953,1.61975,1.00,1.00
2014.06.04 12:20:10.493,1.61953,1.61981,1.00,1.00
2014.06.04 12:20:10.696,1.61953,1.61985,1.00,1.00
2014.06.04 12:20:10.747,1.61963,1.61985,1.00,1.00
2014.06.04 12:20:10.999,1.61964,1.6199,1.00,1.00
2014.06.04 12:20:12.130,1.61964,1.61986,1.00,1.00
2014.06.04 12:20:12.232,1.61964,1.61992,1.00,1.00
2014.06.04 12:20:12.972,1.61964,1.61999,1.00,1.50
2014.06.04 12:20:13.406,1.61964,1.61995,1.00,1.00
2014.06.04 12:20:13.507,1.61957,1.61995,1.00,1.00
2014.06.04 12:20:13.608,1.61955,1.61995,1.50,1.00
2014.06.04 12:20:13.683,1.61963,1.61995,1.00,1.00
2014.06.04 12:20:13.796,1.61955,1.61995,1.50,1.00
2014.06.04 12:20:15.320,1.61957,1.61996,1.00,1.00
2014.06.04 12:20:15.623,1.61957,1.61987,1.00,1.00
2014.06.04 12:20:16.326,1.61964,1.61995,1.00,1.00
2014.06.04 12:20:17.096,1.61957,1.61986,1.00,1.00
2014.06.04 12:20:18.170,1.61955,1.61986,1.00,1.00
2014.06.04 12:20:18.761,1.61954,1.61986,1.00,1.00
2014.06.04 12:20:21.491,1.61953,1.61987,1.00,1.00
2014.06.04 12:20:22.003,1.61954,1.61986,1.00,1.00
2014.06.04 12:20:24.764,1.61963,1.61993,1.00,1.00
2014.06.04 12:20:24.865,1.61963,1.61995,1.00,1.88
2014.06.04 12:20:25.085,1.61955,1.61986,1.50,1.00
2014.06.04 12:20:25.704,1.61954,1.61986,1.00,1.00
2014.06.04 12:20:26.113,1.61963,1.61993,1.00,1.50
2014.06.04 12:20:27.036,1.61954,1.61986,1.00,1.00
2014.06.04 12:20:27.571,1.61953,1.61987,1.00,1.50
2014.06.04 12:20:28.411,1.61954,1.61986,1.00,1.00
2014.06.04 12:20:29.602,1.61953,1.61987,1.00,1.50
2014.06.04 12:20:30.406,1.61953,1.61985,1.00,1.00
2014.06.04 12:20:30.709,1.61945,1.61977,1.50,1.00
2014.06.04 12:20:31.105,1.61943,1.61977,1.00,1.00
2014.06.04 12:20:31.642,1.61944,1.61976,1.00,1.50
2014.06.04 12:20:31.743,1.61944,1.61971,1.00,1.00
2014.06.04 12:20:31.962,1.61944,1.61976,1.00,1.00
2014.06.04 12:20:32.294,1.61954,1.6198,1.00,1.00
2014.06.04 12:20:33.749,1.61947,1.61977,1.00,1.00
2014.06.04 12:20:33.801,1.61943,1.61977,1.00,1.00
2014.06.04 12:20:33.852,1.6194,1.61966,1.00,1.00
2014.06.04 12:20:34.061,1.61935,1.61966,1.00,1.00
2014.06.04 12:20:34.607,1.61934,1.61966,1.00,1.50
2014.06.04 12:20:34.658,1.61934,1.61962,1.00,1.00
2014.06.04 12:20:34.859,1.6193,1.61962,1.00,1.00
2014.06.04 12:20:35.012,1.61924,1.61962,2.25,1.00
2014.06.04 12:20:35.164,1.61924,1.61957,2.25,1.00
2014.06.04 12:20:36.634,1.61924,1.61956,1.00,1.00
2014.06.04 12:20:37.177,1.61923,1.61956,1.00,1.00
2014.06.04 12:20:37.535,1.61923,1.61951,1.00,1.00
2014.06.04 12:20:37.586,1.61914,1.61947,1.00,1.00
2014.06.04 12:20:37.990,1.61914,1.61941,1.00,1.00
2014.06.04 12:20:38.292,1.61914,1.61944,1.00,1.50
2014.06.04 12:20:38.393,1.61923,1.61945,1.00,1.50
2014.06.04 12:20:38.737,1.61923,1.61947,1.00,1.00
2014.06.04 12:20:38.788,1.61914,1.61946,1.00,1.00
2014.06.04 12:20:39.660,1.61914,1.61944,1.00,1.00
2014.06.04 12:20:41.378,1.61914,1.61943,1.00,1.00
2014.06.04 12:20:41.945,1.61923,1.61943,1.00,1.00
2014.06.04 12:20:42.806,1.61914,1.61943,1.00,1.00
2014.06.04 12:20:42.918,1.61914,1.61945,1.00,1.00
2014.06.04 12:20:43.135,1.61924,1.61947,1.00,1.00
2014.06.04 12:20:43.186,1.61924,1.61949,1.00,1.50
2014.06.04 12:20:43.388,1.61924,1.61951,1.00,1.00
2014.06.04 12:20:43.439,1.61924,1.61953,1.00,1.35
2014.06.04 12:20:43.603,1.61934,1.61953,1.00,1.35
2014.06.04 12:20:45.336,1.61923,1.61953,1.00,1.00
2014.06.04 12:20:45.395,1.61923,1.6195,1.00,1.00
2014.06.04 12:20:48.086,1.61924,1.6195,1.00,1.00
2014.06.04 12:20:48.416,1.61914,1.61946,1.00,1.00
2014.06.04 12:20:50.064,1.61924,1.6195,1.00,1.00
2014.06.04 12:20:50.383,1.61924,1.61953,1.00,1.00
2014.06.04 12:20:51.281,1.61924,1.61955,1.00,1.50
2014.06.04 12:20:52.039,1.61924,1.61944,1.00,1.00
2014.06.04 12:20:52.090,1.61915,1.61944,1.00,1.00
2014.06.04 12:20:52.191,1.61913,1.61944,1.00,1.50
2014.06.04 12:20:52.700,1.61913,1.61945,1.00,2.48
2014.06.04 12:20:53.247,1.61914,1.61945,1.00,1.73
2014.06.04 12:20:53.921,1.61913,1.61945,1.00,1.73
2014.06.04 12:20:55.225,1.61913,1.61946,1.00,1.00
2014.06.04 12:20:55.731,1.61914,1.61942,1.00,1.00
2014.06.04 12:20:56.034,1.61914,1.6194,1.00,1.00
2014.06.04 12:20:56.268,1.61903,1.61933,1.00,1.00
2014.06.04 12:20:56.369,1.61904,1.61931,1.00,1.00
2014.06.04 12:20:56.470,1.61894,1.61927,1.00,1.00
2014.06.04 12:20:56.572,1.61904,1.6193,1.00,1.00
2014.06.04 12:20:57.170,1.61904,1.61929,1.00,1.00
2014.06.04 12:20:57.326,1.61894,1.61926,1.00,1.00
2014.06.04 12:20:59.252,1.61893,1.61927,1.00,1.00
2014.06.04 12:20:59.464,1.61904,1.61932,1.00,1.50
2014.06.04 12:21:00.191,1.61904,1.61929,1.00,1.00
2014.06.04 12:21:00.571,1.61894,1.61926,1.00,1.00
2014.06.04 12:21:01.132,1.61893,1.61927,1.00,1.00
2014.06.04 12:21:03.427,1.61904,1.61932,1.00,1.50
2014.06.04 12:21:03.975,1.61904,1.61933,1.00,1.00
2014.06.04 12:21:08.703,1.61904,1.61934,1.00,1.88
2014.06.04 12:21:09.007,1.61913,1.61939,1.00,2.63
2014.06.04 12:21:09.547,1.61913,1.61939,1.00,2.63
2014.06.04 12:21:09.648,1.61913,1.61939,1.00,1.88
2014.06.04 12:21:10.183,1.61913,1.61939,1.00,1.00
2014.06.04 12:21:12.553,1.61904,1.61936,1.00,1.00
2014.06.04 12:21:15.136,1.61906,1.61936,1.00,1.00
2014.06.04 12:21:15.287,1.61913,1.61945,1.00,1.88
2014.06.04 12:21:15.338,1.61913,1.61946,1.00,1.00
2014.06.04 12:21:15.880,1.61913,1.61947,1.00,1.00
2014.06.04 12:21:16.365,1.61924,1.61952,1.00,1.73
2014.06.04 12:21:16.794,1.61915,1.61946,1.00,1.00
2014.06.04 12:21:17.125,1.61924,1.61952,1.00,1.00
2014.06.04 12:21:17.364,1.61915,1.61946,1.00,1.00
2014.06.04 12:21:17.963,1.61914,1.61946,1.00,1.00
2014.06.04 12:21:18.114,1.61924,1.61952,1.00,1.00
2014.06.04 12:21:18.344,1.61923,1.61955,1.00,2.25
2014.06.04 12:21:18.395,1.61923,1.6195,1.00,1.60
2014.06.04 12:21:18.446,1.61914,1.61947,1.00,1.35
2014.06.04 12:21:18.983,1.61914,1.61946,1.00,1.00
2014.06.04 12:21:19.144,1.61914,1.61949,1.50,1.38
2014.06.04 12:21:19.195,1.61918,1.61949,1.00,1.00
2014.06.04 12:21:19.296,1.61918,1.61954,1.00,1.00
2014.06.04 12:21:19.347,1.61918,1.61946,1.00,1.00
2014.06.04 12:21:19.448,1.61914,1.61946,1.00,1.00
2014.06.04 12:21:19.901,1.61914,1.61951,1.00,1.00
2014.06.04 12:21:19.952,1.61918,1.61954,1.00,1.00
2014.06.04 12:21:20.270,1.6193,1.61965,1.00,1.13
2014.06.04 12:21:20.575,1.61934,1.61966,1.00,1.00
2014.06.04 12:21:21.088,1.61935,1.61966,1.00,1.00
2014.06.04 12:21:21.855,1.61944,1.61972,1.00,1.00
2014.06.04 12:21:22.360,1.61944,1.61971,1.00,1.00
2014.06.04 12:21:24.098,1.61944,1.6197,1.00,1.00
2014.06.04 12:21:25.425,1.61944,1.61969,1.00,1.50
2014.06.04 12:21:26.038,1.61944,1.6197,1.00,2.25
2014.06.04 12:21:26.613,1.61944,1.61969,1.00,1.00
2014.06.04 12:21:27.184,1.61943,1.61969,1.00,2.25
2014.06.04 12:21:28.082,1.61944,1.61969,1.00,2.25
2014.06.04 12:21:28.402,1.61944,1.61973,1.00,1.50
2014.06.04 12:21:28.554,1.61944,1.61975,1.00,1.50
2014.06.04 12:21:29.073,1.61944,1.61974,1.00,1.50
2014.06.04 12:21:30.477,1.61944,1.61973,1.00,1.00
2014.06.04 12:21:31.353,1.61944,1.61972,1.00,1.00
2014.06.04 12:21:31.952,1.61944,1.61973,1.00,1.00
2014.06.04 12:21:33.096,1.61944,1.61969,1.00,1.00
2014.06.04 12:21:33.147,1.61933,1.61969,2.25,1.00
2014.06.04 12:21:33.601,1.61934,1.61966,1.00,1.00
2014.06.04 12:21:33.904,1.61926,1.61956,1.00,1.00
2014.06.04 12:21:34.056,1.61924,1.61956,1.00,1.00
2014.06.04 12:21:34.377,1.61924,1.61954,1.00,1.00
2014.06.04 12:21:34.599,1.61913,1.61954,2.25,2.25
2014.06.04 12:21:34.700,1.61913,1.61952,1.50,1.00
2014.06.04 12:21:35.018,1.61913,1.61948,1.50,1.00
2014.06.04 12:21:39.072,1.61934,1.61948,1.00,1.00
2014.06.04 12:21:39.224,1.61934,1.61954,1.00,1.00
2014.06.04 12:21:39.333,1.61934,1.61958,1.00,1.00
2014.06.04 12:21:39.384,1.61924,1.61959,1.00,1.00
2014.06.04 12:21:39.435,1.61924,1.61964,1.00,1.30
2014.06.04 12:21:39.660,1.61924,1.61964,1.00,1.00
2014.06.04 12:21:39.761,1.61924,1.61961,1.00,1.00
2014.06.04 12:21:40.094,1.61923,1.61957,1.00,1.00
2014.06.04 12:21:40.482,1.61923,1.61953,1.00,1.00
2014.06.04 12:21:41.391,1.61923,1.61957,1.00,1.50
2014.06.04 12:21:47.453,1.61923,1.61954,1.00,1.00
2014.06.04 12:21:47.757,1.61923,1.6195,1.00,1.00
2014.06.04 12:21:48.113,1.61915,1.6195,1.30,1.50
2014.06.04 12:21:49.775,1.61914,1.6195,1.00,1.00
2014.06.04 12:21:50.105,1.61924,1.6195,1.00,1.00
2014.06.04 12:21:50.323,1.61913,1.6195,1.00,1.00
2014.06.04 12:21:50.566,1.61913,1.61947,1.00,1.00
2014.06.04 12:21:52.074,1.61913,1.61944,1.00,1.00
2014.06.04 12:21:52.353,1.61914,1.61947,1.00,1.50
2014.06.04 12:21:52.657,1.61914,1.61944,1.00,1.00
2014.06.04 12:21:52.758,1.61914,1.61947,1.00,1.50
2014.06.04 12:21:54.398,1.61924,1.61947,1.00,1.00
2014.06.04 12:21:54.761,1.61924,1.61949,1.00,1.00
2014.06.04 12:21:54.812,1.61924,1.61951,1.00,1.00
2014.06.04 12:21:56.646,1.61923,1.61951,1.00,1.00
2014.06.04 12:21:56.748,1.61934,1.61952,1.00,1.00
2014.06.04 12:21:56.851,1.61934,1.61955,1.00,1.00
2014.06.04 12:21:56.902,1.61934,1.61958,1.00,1.00
2014.06.04 12:21:57.017,1.61924,1.61958,1.00,1.00
2014.06.04 12:21:57.599,1.61924,1.61956,1.00,1.00
2014.06.04 12:21:57.901,1.61924,1.61948,1.00,1.00
2014.06.04 12:21:58.430,1.61923,1.61943,1.00,1.00
2014.06.04 12:21:58.631,1.61913,1.6194,1.00,1.00
2014.06.04 12:21:58.783,1.61903,1.6194,1.00,1.00
2014.06.04 12:21:59.292,1.61903,1.61939,1.00,1.00
2014.06.04 12:21:59.544,1.61904,1.61935,1.00,1.00
2014.06.04 12:21:59.850,1.61904,1.61931,1.00,1.00
2014.06.04 12:22:00.630,1.61903,1.61931,1.00,1.00
2014.06.04 12:22:00.680,1.61903,1.61935,1.00,2.25
2014.06.04 12:22:01.042,1.61914,1.61935,1.00,1.00
2014.06.04 12:22:01.202,1.61914,1.61938,1.00,1.00
2014.06.04 12:22:01.312,1.61914,1.61935,1.00,1.00
2014.06.04 12:22:01.362,1.61914,1.61939,1.00,1.50
2014.06.04 12:22:01.514,1.61914,1.61942,1.00,1.50
2014.06.04 12:22:01.813,1.61904,1.61942,1.00,1.50
2014.06.04 12:22:02.142,1.61913,1.61942,1.00,1.50
2014.06.04 12:22:02.855,1.61914,1.61942,1.00,1.50
2014.06.04 12:22:03.916,1.61903,1.61942,1.00,1.50
2014.06.04 12:22:04.231,1.61913,1.61942,1.00,1.50
2014.06.04 12:22:04.538,1.61913,1.6194,1.00,1.00
2014.06.04 12:22:04.797,1.61903,1.6194,1.00,1.50
2014.06.04 12:22:06.056,1.61914,1.6194,1.00,2.25
2014.06.04 12:22:06.107,1.61904,1.6194,1.00,2.25
2014.06.04 12:22:06.239,1.61904,1.61938,1.00,1.00
2014.06.04 12:22:06.557,1.61914,1.6194,1.00,1.50
2014.06.04 12:22:06.833,1.61914,1.61943,1.00,1.00
2014.06.04 12:22:07.352,1.61914,1.61946,1.00,1.50
2014.06.04 12:22:17.286,1.61913,1.61946,1.00,2.25
2014.06.04 12:22:17.824,1.61914,1.61946,1.00,1.50
2014.06.04 12:22:21.653,1.61913,1.61946,1.00,1.50
2014.06.04 12:22:22.204,1.61914,1.61946,1.00,1.00
2014.06.04 12:22:22.877,1.61924,1.61949,1.00,1.00
2014.06.04 12:22:23.080,1.61924,1.61952,1.00,1.00
2014.06.04 12:22:27.355,1.61923,1.61952,1.00,1.00
2014.06.04 12:22:29.358,1.61924,1.61952,1.00,1.00
2014.06.04 12:22:29.409,1.61924,1.61955,1.00,1.00
2014.06.04 12:22:30.812,1.61924,1.61952,1.00,1.00
2014.06.04 12:22:33.172,1.61923,1.61952,1.00,1.00
2014.06.04 12:22:33.714,1.61924,1.61952,1.00,1.00
2014.06.04 12:22:34.231,1.61923,1.61952,1.00,1.00
2014.06.04 12:22:35.667,1.61914,1.61952,1.00,1.00
2014.06.04 12:22:35.722,1.61913,1.61949,1.00,1.00
2014.06.04 12:22:36.179,1.61923,1.61949,1.00,1.00
2014.06.04 12:22:36.230,1.61923,1.61951,1.00,1.00
2014.06.04 12:22:37.042,1.61924,1.61951,1.00,1.00
2014.06.04 12:22:38.353,1.61923,1.61951,1.00,1.00
2014.06.04 12:22:38.455,1.61914,1.61951,1.00,1.00
2014.06.04 12:22:38.556,1.61914,1.61948,1.00,1.00
2014.06.04 12:22:38.859,1.61924,1.61948,1.00,1.00
2014.06.04 12:22:38.910,1.61913,1.61948,1.00,1.00
2014.06.04 12:22:39.062,1.61913,1.61942,1.00,1.00
2014.06.04 12:22:40.031,1.61914,1.61942,1.00,1.00
2014.06.04 12:22:45.061,1.61913,1.61942,1.00,1.00
2014.06.04 12:22:45.417,1.61924,1.61942,1.00,1.00
2014.06.04 12:22:45.468,1.61924,1.61948,1.00,2.25
2014.06.04 12:22:45.569,1.61923,1.61945,1.00,1.00
2014.06.04 12:22:45.670,1.61923,1.61949,1.00,1.00
2014.06.04 12:22:45.873,1.61923,1.61945,1.00,1.00
2014.06.04 12:22:46.176,1.61923,1.61942,1.00,1.00
2014.06.04 12:22:46.227,1.61914,1.61942,1.00,1.00
2014.06.04 12:22:50.204,1.61913,1.61942,1.00,1.00
2014.06.04 12:22:50.255,1.61913,1.61938,1.00,1.00
2014.06.04 12:22:50.770,1.61914,1.61938,1.00,1.00
2014.06.04 12:22:52.490,1.61913,1.61938,1.00,1.00
2014.06.04 12:22:52.998,1.61914,1.61938,1.00,1.00
2014.06.04 12:22:58.013,1.61914,1.61941,1.00,1.00
2014.06.04 12:22:59.642,1.61913,1.61941,1.00,1.00
2014.06.04 12:23:00.183,1.61913,1.6194,1.00,1.00
2014.06.04 12:23:02.230,1.61914,1.6194,1.00,1.00
2014.06.04 12:23:02.817,1.61913,1.6194,1.00,1.00
2014.06.04 12:23:04.658,1.61913,1.61941,1.00,1.00
2014.06.04 12:23:06.328,1.61913,1.61939,1.00,1.35
2014.06.04 12:23:06.429,1.61904,1.61935,1.00,1.00
2014.06.04 12:23:06.480,1.61904,1.61932,1.00,1.00
2014.06.04 12:23:06.784,1.61904,1.61927,1.00,1.00
2014.06.04 12:23:07.844,1.61903,1.61927,1.00,1.00
2014.06.04 12:23:07.933,1.61903,1.61929,1.00,1.00
2014.06.04 12:23:08.116,1.61903,1.61924,1.00,1.00
2014.06.04 12:23:08.318,1.61893,1.61923,1.00,1.00
2014.06.04 12:23:08.419,1.61894,1.61921,1.00,1.00
2014.06.04 12:23:08.961,1.61894,1.61922,1.00,1.00
2014.06.04 12:23:09.476,1.61894,1.61923,1.00,1.00
2014.06.04 12:23:09.812,1.61903,1.61923,1.00,1.00
2014.06.04 12:23:10.376,1.61904,1.61923,1.00,1.00
2014.06.04 12:23:11.250,1.61903,1.61923,1.00,1.00
2014.06.04 12:23:12.551,1.61904,1.61923,1.00,1.00
2014.06.04 12:23:13.092,1.61904,1.61924,1.00,1.00
2014.06.04 12:23:15.172,1.61903,1.61924,1.00,1.00
2014.06.04 12:23:16.271,1.61904,1.61924,1.00,1.00
2014.06.04 12:23:17.188,1.61903,1.61924,1.00,1.00
2014.06.04 12:23:18.132,1.61903,1.61926,1.00,1.00
2014.06.04 12:23:18.652,1.61904,1.61926,1.00,1.00
2014.06.04 12:23:19.286,1.61913,1.61926,1.00,1.00
2014.06.04 12:23:20.171,1.61913,1.61933,1.00,2.25
2014.06.04 12:23:20.373,1.61914,1.61939,1.00,1.00
2014.06.04 12:23:21.004,1.61913,1.6194,1.00,1.00
2014.06.04 12:23:25.733,1.61914,1.6194,1.00,1.00
2014.06.04 12:23:26.143,1.61924,1.6194,1.00,1.00
2014.06.04 12:23:27.328,1.61924,1.61941,1.00,1.00
2014.06.04 12:23:29.549,1.61923,1.61941,1.00,1.00
2014.06.04 12:23:31.737,1.61923,1.61942,1.00,1.00
2014.06.04 12:23:32.193,1.61923,1.61944,1.00,1.00
2014.06.04 12:23:32.446,1.6193,1.61945,1.00,1.00
2014.06.04 12:23:32.648,1.61924,1.61946,1.00,1.05
2014.06.04 12:23:33.152,1.61924,1.61947,1.00,1.80
2014.06.04 12:23:33.413,1.61923,1.61945,1.00,1.00
2014.06.04 12:23:33.514,1.61913,1.61938,1.00,1.00
2014.06.04 12:23:33.716,1.61914,1.6194,1.00,1.00
2014.06.04 12:23:35.937,1.61914,1.61942,1.00,1.50
2014.06.04 12:23:36.401,1.61924,1.61942,1.00,1.00
2014.06.04 12:23:38.788,1.61923,1.61942,1.00,1.00
2014.06.04 12:23:41.429,1.61924,1.61942,1.00,1.00
2014.06.04 12:23:42.860,1.61914,1.61942,1.00,1.00
2014.06.04 12:23:43.376,1.61923,1.61942,1.00,1.00
2014.06.04 12:23:43.477,1.61923,1.61945,1.00,1.00
2014.06.04 12:23:43.780,1.61924,1.61948,1.00,1.00
2014.06.04 12:23:45.129,1.61923,1.61948,1.00,1.00
2014.06.04 12:23:46.527,1.61923,1.61951,1.00,1.00
2014.06.04 12:23:47.514,1.61923,1.61953,1.00,1.00
2014.06.04 12:23:47.666,1.61934,1.61954,1.00,1.05
2014.06.04 12:23:48.550,1.61923,1.61953,1.00,1.05
2014.06.04 12:23:48.841,1.61923,1.6195,1.00,1.00
2014.06.04 12:23:49.144,1.61924,1.61948,1.00,1.00
2014.06.04 12:23:49.453,1.61924,1.61944,1.00,1.00
2014.06.04 12:23:49.950,1.61923,1.61938,1.00,1.00
2014.06.04 12:23:50.051,1.61913,1.61938,1.00,1.00
2014.06.04 12:23:50.628,1.61914,1.61937,1.00,1.00
2014.06.04 12:23:52.610,1.61914,1.61941,1.00,1.50
2014.06.04 12:23:52.995,1.61924,1.61941,1.00,1.50
2014.06.04 12:23:54.120,1.61913,1.61941,1.00,1.00
2014.06.04 12:23:54.692,1.61924,1.61941,1.00,1.00
2014.06.04 12:23:54.900,1.61914,1.61941,1.00,1.00
2014.06.04 12:23:55.182,1.61914,1.61937,1.00,1.00
2014.06.04 12:23:55.839,1.61914,1.6194,1.00,1.00
2014.06.04 12:23:56.872,1.61914,1.61938,1.00,1.00
2014.06.04 12:23:58.933,1.61914,1.61936,1.00,1.00
2014.06.04 12:24:00.176,1.61903,1.61934,1.00,1.00
2014.06.04 12:24:00.278,1.61903,1.6193,1.00,1.00
2014.06.04 12:24:00.784,1.61904,1.61931,1.00,1.50
2014.06.04 12:24:01.331,1.61903,1.61931,1.00,1.50
2014.06.04 12:24:01.884,1.61904,1.61931,1.00,1.50
2014.06.04 12:24:02.136,1.61893,1.61922,1.00,1.00
2014.06.04 12:24:02.590,1.61903,1.61927,1.00,1.00
2014.06.04 12:24:02.780,1.61894,1.61926,1.00,1.00
2014.06.04 12:24:02.881,1.61894,1.61923,1.00,1.00
2014.06.04 12:24:04.962,1.61893,1.61923,1.00,1.00
2014.06.04 12:24:05.812,1.61893,1.61926,1.00,1.00
2014.06.04 12:24:06.432,1.61904,1.61926,1.00,1.00
2014.06.04 12:24:06.483,1.61904,1.61928,1.00,1.00
2014.06.04 12:24:07.192,1.61904,1.61927,1.00,1.00
2014.06.04 12:24:08.339,1.61904,1.61924,1.00,1.00
2014.06.04 12:24:15.537,1.61904,1.61926,1.00,1.00
2014.06.04 12:24:15.739,1.61904,1.61929,1.00,1.00
2014.06.04 12:24:17.170,1.61904,1.61928,1.00,1.00
2014.06.04 12:24:17.271,1.61904,1.61926,1.00,1.00
2014.06.04 12:24:17.730,1.61903,1.61931,1.00,1.50
2014.06.04 12:24:18.160,1.61904,1.61933,1.00,1.50
2014.06.04 12:24:18.362,1.61914,1.61934,1.00,1.00
2014.06.04 12:24:18.464,1.61914,1.61937,1.00,1.00
2014.06.04 12:24:22.743,1.61913,1.61937,1.00,1.00
2014.06.04 12:24:23.625,1.61914,1.61937,1.00,1.00
2014.06.04 12:24:24.852,1.61903,1.61937,1.00,1.50
2014.06.04 12:24:25.699,1.61903,1.61932,1.00,1.00
2014.06.04 12:24:26.028,1.61904,1.61929,1.00,1.00
2014.06.04 12:24:26.330,1.61903,1.61923,1.00,1.00
2014.06.04 12:24:27.178,1.61904,1.61923,1.00,1.00
2014.06.04 12:24:30.503,1.61903,1.61923,1.00,1.00
2014.06.04 12:24:30.810,1.61903,1.61931,1.00,1.50
2014.06.04 12:24:31.003,1.61904,1.61928,1.00,1.00
2014.06.04 12:24:31.401,1.61904,1.61924,1.00,1.00
2014.06.04 12:24:31.781,1.61904,1.61922,1.00,1.00
2014.06.04 12:24:36.219,1.61894,1.61922,1.00,1.00
2014.06.04 12:24:36.591,1.61904,1.61922,1.00,1.00
2014.06.04 12:24:36.642,1.61904,1.61924,1.00,1.00
2014.06.04 12:24:37.430,1.61903,1.61924,1.00,1.00
2014.06.04 12:24:37.979,1.61904,1.61924,1.00,1.00
2014.06.04 12:24:38.669,1.61893,1.61924,1.00,1.00
2014.06.04 12:24:39.324,1.61893,1.61923,1.00,1.00
2014.06.04 12:24:40.070,1.61894,1.61923,1.00,1.00
2014.06.04 12:24:40.620,1.61904,1.61923,1.00,1.00
2014.06.04 12:24:40.840,1.61894,1.61923,1.00,1.00
2014.06.04 12:24:41.058,1.61904,1.61923,1.00,1.00
2014.06.04 12:24:41.579,1.61903,1.6193,1.00,1.00
2014.06.04 12:24:42.569,1.61903,1.61922,1.00,1.00
2014.06.04 12:24:43.234,1.61904,1.61922,1.00,1.00
2014.06.04 12:24:45.313,1.61903,1.61922,1.00,1.00
2014.06.04 12:24:47.842,1.61904,1.61922,1.00,1.00
2014.06.04 12:24:51.939,1.61893,1.61921,1.00,1.00
2014.06.04 12:24:52.041,1.61883,1.61907,1.00,1.00
2014.06.04 12:24:52.443,1.61884,1.61898,1.00,1.00
2014.06.04 12:24:52.745,1.61883,1.61895,1.00,1.00
2014.06.04 12:24:52.796,1.61864,1.61893,1.38,1.00
2014.06.04 12:24:52.947,1.61873,1.61893,1.00,1.50
2014.06.04 12:24:53.140,1.61873,1.61896,1.00,1.00
2014.06.04 12:24:53.392,1.61864,1.61896,1.13,1.50
2014.06.04 12:24:53.442,1.61864,1.61893,1.00,1.00
2014.06.04 12:24:53.595,1.61854,1.6189,1.50,1.00
2014.06.04 12:24:55.159,1.61854,1.61887,1.00,1.00
2014.06.04 12:24:55.613,1.61853,1.61883,1.00,1.00
2014.06.04 12:24:55.979,1.61854,1.61878,1.00,1.00
2014.06.04 12:24:58.549,1.61864,1.61878,1.00,1.00
2014.06.04 12:24:58.802,1.61864,1.61885,1.00,1.50
2014.06.04 12:24:59.672,1.61864,1.6188,1.00,1.00
2014.06.04 12:24:59.824,1.61864,1.61888,1.00,1.00
2014.06.04 12:25:00.202,1.61854,1.61886,1.00,1.00
2014.06.04 12:25:02.185,1.61853,1.61887,1.00,1.00
2014.06.04 12:25:02.873,1.61854,1.61886,1.00,1.00
2014.06.04 12:25:03.417,1.61853,1.61887,1.00,1.00
2014.06.04 12:25:03.888,1.61854,1.61885,1.00,1.00
2014.06.04 12:25:06.681,1.61864,1.61889,1.00,1.30
2014.06.04 12:25:07.063,1.61853,1.61887,1.50,1.00
2014.06.04 12:25:07.721,1.61854,1.61886,1.00,1.00
2014.06.04 12:25:08.159,1.61864,1.61893,1.00,1.30
2014.06.04 12:25:08.513,1.61863,1.61886,1.00,1.00
2014.06.04 12:25:08.751,1.61854,1.61886,1.00,1.50
2014.06.04 12:25:09.413,1.61853,1.61886,1.00,1.00
2014.06.04 12:25:10.071,1.61864,1.61886,1.00,1.00
2014.06.04 12:25:10.122,1.61864,1.6189,1.00,2.25
2014.06.04 12:25:10.831,1.61853,1.61887,1.00,1.50
2014.06.04 12:25:11.346,1.61854,1.61886,1.00,1.50
2014.06.04 12:25:15.123,1.61864,1.61887,1.00,1.50
2014.06.04 12:25:15.479,1.61864,1.61889,1.00,1.50
2014.06.04 12:25:15.733,1.61864,1.61893,1.00,1.00
2014.06.04 12:25:16.136,1.61864,1.6189,1.00,1.00
2014.06.04 12:25:16.677,1.61864,1.61889,1.00,1.00
2014.06.04 12:25:18.129,1.61863,1.61889,1.00,1.00
2014.06.04 12:25:18.528,1.61853,1.61889,1.00,2.25
2014.06.04 12:25:18.848,1.61853,1.61887,1.00,1.00
2014.06.04 12:25:19.151,1.61853,1.61885,1.00,1.00
2014.06.04 12:25:21.298,1.61864,1.61885,1.00,1.50
2014.06.04 12:25:21.879,1.61864,1.61883,1.00,1.00
2014.06.04 12:25:21.980,1.61854,1.61883,1.00,1.00
2014.06.04 12:25:23.871,1.61854,1.61886,1.00,1.00
2014.06.04 12:25:24.872,1.61864,1.61886,1.00,1.00
2014.06.04 12:25:25.730,1.61853,1.61886,1.00,1.00
2014.06.04 12:25:29.075,1.61854,1.61886,1.00,1.00
2014.06.04 12:25:29.697,1.61854,1.61883,1.00,1.00
2014.06.04 12:25:30.359,1.61853,1.61883,1.00,1.00
2014.06.04 12:25:30.662,1.61854,1.61879,1.00,1.00
2014.06.04 12:25:31.448,1.61854,1.61878,1.00,1.00
2014.06.04 12:25:32.451,1.61854,1.61879,1.00,1.00
2014.06.04 12:25:33.027,1.61854,1.61876,1.00,1.00
2014.06.04 12:25:33.077,1.61843,1.61876,1.00,1.00
2014.06.04 12:25:33.229,1.61843,1.61872,1.00,1.00
2014.06.04 12:25:33.969,1.61844,1.61872,1.00,1.00
2014.06.04 12:25:34.531,1.61853,1.61872,1.00,1.00
2014.06.04 12:25:34.944,1.61844,1.61872,1.00,1.00
2014.06.04 12:25:36.363,1.61854,1.61872,1.00,1.50
2014.06.04 12:25:36.728,1.61854,1.61874,1.00,1.00
2014.06.04 12:25:37.244,1.61854,1.61875,1.00,1.00
2014.06.04 12:25:37.756,1.61853,1.61875,1.00,1.00
2014.06.04 12:25:38.188,1.61854,1.61878,1.00,1.00
2014.06.04 12:25:38.290,1.61854,1.6188,1.00,1.00
2014.06.04 12:25:38.543,1.61853,1.61878,1.00,1.00
2014.06.04 12:25:39.641,1.61854,1.61878,1.00,1.00
2014.06.04 12:25:40.206,1.61853,1.61878,1.00,1.00
2014.06.04 12:25:40.714,1.61853,1.61879,1.00,1.00
2014.06.04 12:25:44.778,1.61854,1.61879,1.00,1.00
2014.06.04 12:25:44.929,1.61843,1.61875,1.00,1.00
2014.06.04 12:25:45.494,1.61844,1.61874,1.00,1.50
2014.06.04 12:25:49.619,1.61843,1.61874,1.00,1.00
2014.06.04 12:25:52.345,1.61843,1.61875,1.00,1.50
2014.06.04 12:25:53.090,1.61844,1.61875,1.00,1.00
2014.06.04 12:25:54.309,1.61844,1.61871,1.00,1.00
2014.06.04 12:25:54.780,1.61844,1.61874,1.00,1.00
2014.06.04 12:25:55.315,1.61843,1.61874,1.00,1.00
2014.06.04 12:25:57.489,1.61844,1.61874,1.00,1.00
2014.06.04 12:25:58.022,1.61844,1.61876,1.00,1.00
2014.06.04 12:25:58.123,1.61844,1.61878,1.00,1.00
2014.06.04 12:25:58.375,1.61853,1.61878,1.00,1.00
2014.06.04 12:26:02.006,1.61853,1.6188,1.00,1.00
2014.06.04 12:26:02.538,1.61854,1.6188,1.00,1.00
2014.06.04 12:26:04.568,1.61853,1.6188,1.00,1.00
2014.06.04 12:26:05.554,1.61853,1.61882,1.00,1.00
2014.06.04 12:26:07.525,1.61853,1.61883,1.00,1.00
2014.06.04 12:26:09.817,1.61853,1.61883,1.60,1.00
2014.06.04 12:26:10.120,1.61874,1.61898,1.00,1.00
2014.06.04 12:26:10.322,1.61866,1.61899,1.35,1.00
2014.06.04 12:26:10.494,1.61863,1.61899,1.00,1.00
2014.06.04 12:26:12.278,1.61874,1.61899,1.00,1.00
2014.06.04 12:26:12.500,1.6186,1.61897,1.00,1.00
2014.06.04 12:26:15.799,1.6186,1.61896,1.00,1.00
2014.06.04 12:26:16.306,1.61859,1.61896,1.00,1.50
2014.06.04 12:26:16.357,1.61859,1.61887,1.00,1.00
2014.06.04 12:26:16.408,1.61854,1.61887,2.25,1.00
2014.06.04 12:26:16.611,1.6185,1.61877,1.13,1.00
2014.06.04 12:26:16.913,1.6185,1.61866,1.00,1.00
2014.06.04 12:26:16.964,1.6184,1.61866,1.00,1.00
2014.06.04 12:26:17.165,1.61839,1.61856,1.00,1.00
2014.06.04 12:26:18.455,1.61825,1.61856,1.65,1.00
2014.06.04 12:26:18.658,1.61822,1.61846,1.90,1.00
2014.06.04 12:26:19.177,1.61821,1.61846,4.65,1.00
2014.06.04 12:26:19.649,1.61823,1.61857,1.90,1.00
2014.06.04 12:26:19.901,1.61826,1.61846,1.00,1.00
2014.06.04 12:26:20.217,1.61817,1.61836,2.48,1.00
2014.06.04 12:26:20.368,1.61816,1.61836,1.98,1.00
2014.06.04 12:26:20.937,1.61812,1.61836,1.00,1.00
2014.06.04 12:26:21.240,1.61816,1.61836,1.00,1.00
2014.06.04 12:26:21.291,1.61816,1.61846,1.00,1.00
2014.06.04 12:26:21.392,1.61817,1.61836,1.00,1.00
2014.06.04 12:26:23.874,1.61818,1.61836,1.00,1.00
2014.06.04 12:26:24.316,1.61815,1.61836,1.00,1.00
2014.06.04 12:26:24.417,1.61813,1.61836,1.00,1.00
2014.06.04 12:26:24.992,1.61812,1.61836,1.00,1.00
2014.06.04 12:26:26.587,1.61815,1.61826,1.00,1.00
2014.06.04 12:26:26.739,1.61803,1.61826,1.00,1.00
2014.06.04 12:26:26.890,1.61803,1.61823,1.00,1.00
2014.06.04 12:26:26.941,1.61799,1.61823,1.00,1.00
2014.06.04 12:26:27.244,1.61807,1.61827,1.00,1.00
2014.06.04 12:26:27.400,1.61804,1.61827,1.00,1.00
2014.06.04 12:26:27.501,1.61806,1.61827,1.00,1.00
2014.06.04 12:26:29.098,1.61806,1.61826,1.00,1.00
2014.06.04 12:26:29.149,1.61802,1.61826,1.00,1.00
2014.06.04 12:26:29.200,1.61802,1.61822,1.00,1.00
2014.06.04 12:26:29.251,1.61795,1.61822,1.80,1.00
2014.06.04 12:26:29.302,1.61804,1.61822,1.00,1.00
2014.06.04 12:26:29.403,1.61803,1.61831,1.35,1.38
2014.06.04 12:26:29.454,1.61815,1.61831,1.00,1.00
2014.06.04 12:26:31.401,1.61815,1.61825,1.00,1.00
2014.06.04 12:26:31.553,1.61799,1.61825,1.00,1.00
2014.06.04 12:26:31.604,1.61799,1.61832,1.00,1.00
2014.06.04 12:26:31.654,1.61801,1.61832,1.00,1.00
2014.06.04 12:26:31.971,1.61807,1.61826,1.00,1.00
2014.06.04 12:26:33.284,1.61807,1.6183,1.00,1.00
2014.06.04 12:26:33.938,1.61806,1.6183,1.00,1.00
2014.06.04 12:26:38.220,1.61806,1.61837,1.00,1.50
2014.06.04 12:26:38.547,1.61803,1.61831,1.50,1.00
2014.06.04 12:26:38.850,1.61803,1.61826,1.00,1.00
2014.06.04 12:26:38.950,1.618,1.61826,1.00,1.00
2014.06.04 12:26:39.004,1.61803,1.61826,1.00,1.00
2014.06.04 12:26:39.527,1.618,1.61826,1.00,1.00
2014.06.04 12:26:40.186,1.61801,1.61826,1.00,1.00
2014.06.04 12:26:40.846,1.618,1.61826,1.00,1.00
2014.06.04 12:26:40.899,1.61798,1.61826,1.00,1.00
2014.06.04 12:26:40.950,1.61798,1.61821,1.00,1.00
2014.06.04 12:26:41.254,1.61795,1.61816,1.00,1.00
2014.06.04 12:26:41.305,1.61793,1.61816,1.00,1.00
2014.06.04 12:26:45.158,1.61793,1.61821,1.50,1.00
2014.06.04 12:26:47.000,1.61794,1.61821,1.00,1.00
2014.06.04 12:26:50.279,1.61794,1.61827,1.00,1.00
2014.06.04 12:26:50.431,1.61802,1.61826,1.00,1.00
2014.06.04 12:26:50.633,1.61805,1.61836,1.00,1.00
2014.06.04 12:26:50.835,1.6181,1.61836,1.00,1.00
2014.06.04 12:26:51.391,1.6181,1.61837,1.00,1.00
2014.06.04 12:26:52.047,1.6181,1.61827,1.00,1.00
2014.06.04 12:26:52.249,1.61803,1.61827,1.00,1.00
2014.06.04 12:26:53.504,1.61803,1.61826,1.00,1.00
2014.06.04 12:26:53.555,1.61799,1.61826,1.30,1.00
2014.06.04 12:26:53.707,1.61797,1.61827,1.00,1.00
2014.06.04 12:26:53.966,1.61793,1.61816,1.50,1.00
2014.06.04 12:26:54.270,1.61796,1.61816,1.00,1.00
2014.06.04 12:26:54.422,1.61796,1.61826,1.50,1.00
2014.06.04 12:26:55.300,1.61796,1.61827,1.50,1.00
2014.06.04 12:26:56.540,1.61797,1.61827,1.00,1.00
2014.06.04 12:26:56.994,1.61799,1.61826,1.00,1.00
2014.06.04 12:26:57.403,1.61803,1.61832,1.00,1.00
2014.06.04 12:26:57.504,1.61801,1.61827,1.00,1.00
2014.06.04 12:26:58.143,1.61801,1.61826,1.00,1.00
2014.06.04 12:26:58.648,1.618,1.61826,1.00,1.00
2014.06.04 12:26:59.055,1.61802,1.61826,1.00,1.00
2014.06.04 12:26:59.973,1.61801,1.61826,1.00,1.00
2014.06.04 12:27:00.287,1.61803,1.61827,1.00,1.00
2014.06.04 12:27:01.566,1.61804,1.61836,1.00,1.00
2014.06.04 12:27:02.380,1.61806,1.61826,1.00,1.00
2014.06.04 12:27:02.733,1.61803,1.61826,1.00,1.00
2014.06.04 12:27:03.187,1.61804,1.61836,1.50,1.00
2014.06.04 12:27:03.390,1.61813,1.61836,1.00,1.00
2014.06.04 12:27:04.039,1.61814,1.61836,1.00,1.00
2014.06.04 12:27:05.222,1.6181,1.61827,1.00,1.00
2014.06.04 12:27:05.592,1.6181,1.61836,1.00,1.00
2014.06.04 12:27:06.348,1.61814,1.61836,1.00,1.00
2014.06.04 12:27:06.855,1.61815,1.61836,1.00,1.00
2014.06.04 12:27:07.204,1.61808,1.61827,1.00,1.00
2014.06.04 12:27:07.457,1.61804,1.61827,1.00,1.00
2014.06.04 12:27:07.658,1.61801,1.61826,1.30,1.00
2014.06.04 12:27:08.203,1.61801,1.61826,1.00,1.00
2014.06.04 12:27:08.925,1.61801,1.61827,1.00,1.00
2014.06.04 12:27:09.673,1.61801,1.61826,1.00,1.00
2014.06.04 12:27:11.528,1.61803,1.61837,1.00,1.50
2014.06.04 12:27:11.857,1.61801,1.61827,1.00,1.00
2014.06.04 12:27:12.359,1.61801,1.61826,1.00,1.00
2014.06.04 12:27:12.764,1.61799,1.61826,1.00,1.00
2014.06.04 12:27:13.095,1.61802,1.61826,1.00,1.00
2014.06.04 12:27:13.450,1.61798,1.61826,1.00,1.00
2014.06.04 12:27:15.637,1.61794,1.61816,1.00,1.00
2014.06.04 12:27:16.401,1.61794,1.61817,1.00,1.00
2014.06.04 12:27:18.088,1.61794,1.61807,1.00,1.00
2014.06.04 12:27:18.530,1.61787,1.61806,1.00,1.00
2014.06.04 12:27:18.682,1.61787,1.61797,1.00,1.00
2014.06.04 12:27:18.734,1.61784,1.61797,1.00,1.00
2014.06.04 12:27:18.937,1.61776,1.61797,1.00,1.00
2014.06.04 12:27:19.391,1.61781,1.61797,1.00,1.00
2014.06.04 12:27:19.443,1.61781,1.61806,1.00,1.00
2014.06.04 12:27:19.746,1.61785,1.61807,1.00,1.00
2014.06.04 12:27:20.253,1.61786,1.61807,1.00,1.00
2014.06.04 12:27:20.759,1.61786,1.61806,1.00,1.00
2014.06.04 12:27:21.295,1.61786,1.61807,1.00,1.00
2014.06.04 12:27:21.858,1.61786,1.61806,1.00,1.00
2014.06.04 12:27:21.909,1.61782,1.61806,1.00,1.00
2014.06.04 12:27:21.960,1.61782,1.61797,1.00,1.00
2014.06.04 12:27:22.062,1.61783,1.61806,1.00,1.00
2014.06.04 12:27:22.114,1.6178,1.61806,1.00,1.00
2014.06.04 12:27:22.165,1.6178,1.61797,1.00,1.00
2014.06.04 12:27:22.419,1.6178,1.61806,1.00,1.00
2014.06.04 12:27:22.470,1.61777,1.61806,1.00,1.00
2014.06.04 12:27:25.174,1.61777,1.61796,1.00,1.00
2014.06.04 12:27:25.776,1.61777,1.61807,1.00,1.00
2014.06.04 12:27:26.385,1.61777,1.61796,1.00,1.00
2014.06.04 12:27:28.367,1.61777,1.61797,1.00,1.00
2014.06.04 12:27:29.685,1.61777,1.61796,1.00,1.00
2014.06.04 12:27:31.354,1.61777,1.61797,1.00,1.00
2014.06.04 12:27:34.635,1.61777,1.61796,1.00,1.00
2014.06.04 12:27:36.600,1.6178,1.61796,1.00,1.00
2014.06.04 12:27:40.576,1.6178,1.61807,1.00,1.00
2014.06.04 12:27:41.086,1.6178,1.61806,1.00,1.00
2014.06.04 12:27:41.435,1.6178,1.61797,1.00,1.00
2014.06.04 12:27:42.187,1.6178,1.61807,1.00,1.00
2014.06.04 12:27:42.997,1.61773,1.61802,1.00,1.00
2014.06.04 12:27:43.099,1.61771,1.61796,2.25,1.00
2014.06.04 12:27:43.200,1.61767,1.61796,1.00,1.00
2014.06.04 12:27:43.301,1.61765,1.61797,1.00,1.00
2014.06.04 12:27:43.554,1.61764,1.61786,1.00,1.00
2014.06.04 12:27:47.849,1.61764,1.61787,1.00,1.00
2014.06.04 12:27:48.152,1.61766,1.61787,1.00,1.00
2014.06.04 12:27:48.659,1.61767,1.61787,1.00,1.00
2014.06.04 12:27:48.810,1.61764,1.61786,1.00,1.00
2014.06.04 12:27:48.876,1.61767,1.61786,1.00,1.00
2014.06.04 12:27:49.028,1.61757,1.61787,1.00,1.00
2014.06.04 12:27:49.129,1.61757,1.61777,1.00,1.00
2014.06.04 12:27:49.231,1.61753,1.61777,1.00,1.00
2014.06.04 12:27:49.433,1.61747,1.61777,1.00,1.00
2014.06.04 12:27:49.881,1.61747,1.61766,1.00,1.00
2014.06.04 12:27:50.418,1.61747,1.61777,1.00,1.00
2014.06.04 12:27:50.615,1.61747,1.61767,1.00,1.00
2014.06.04 12:27:50.944,1.61747,1.61759,1.00,1.00
2014.06.04 12:27:51.605,1.61747,1.61766,1.00,1.00
2014.06.04 12:27:53.060,1.61747,1.61767,1.00,1.00
2014.06.04 12:27:54.577,1.61747,1.61766,1.00,1.00
2014.06.04 12:27:54.930,1.61746,1.61757,1.00,1.00
2014.06.04 12:27:55.133,1.61746,1.61767,1.00,1.00
2014.06.04 12:27:55.668,1.61746,1.61766,1.73,1.00
2014.06.04 12:27:56.428,1.61749,1.61776,1.00,1.00
2014.06.04 12:27:57.058,1.61749,1.61777,1.00,1.00
2014.06.04 12:27:57.304,1.61752,1.61777,1.00,1.00
2014.06.04 12:27:57.405,1.61755,1.61786,1.00,1.00
2014.06.04 12:27:58.060,1.61755,1.61787,1.00,1.00
2014.06.04 12:27:58.627,1.61756,1.61786,1.00,1.00
2014.06.04 12:27:59.335,1.61769,1.61786,1.00,1.00
2014.06.04 12:27:59.385,1.61774,1.61795,1.00,1.00
2014.06.04 12:27:59.436,1.61774,1.61799,1.00,1.00
2014.06.04 12:27:59.487,1.61774,1.61805,1.00,1.00
2014.06.04 12:27:59.638,1.61774,1.61807,1.00,1.00
2014.06.04 12:27:59.740,1.61778,1.61807,1.00,1.00
2014.06.04 12:28:00.042,1.6178,1.61807,1.00,1.00
2014.06.04 12:28:00.166,1.6178,1.61816,1.00,1.00
2014.06.04 12:28:00.218,1.61782,1.61816,1.00,1.00
2014.06.04 12:28:00.547,1.6178,1.61816,1.00,1.00
2014.06.04 12:28:01.144,1.6178,1.61817,1.00,1.00
2014.06.04 12:28:01.347,1.61784,1.61817,1.00,1.00
2014.06.04 12:28:01.852,1.61784,1.61816,1.00,1.00
2014.06.04 12:28:02.020,1.61784,1.61819,1.50,1.00
2014.06.04 12:28:02.071,1.61786,1.61819,1.00,1.00
2014.06.04 12:28:02.374,1.61793,1.61819,1.00,1.00
2014.06.04 12:28:02.899,1.61789,1.61816,1.00,1.00
2014.06.04 12:28:03.000,1.61789,1.61819,1.00,1.00
2014.06.04 12:28:03.185,1.61787,1.61819,1.00,1.00
2014.06.04 12:28:03.957,1.61786,1.61819,1.00,1.00
2014.06.04 12:28:04.160,1.61798,1.61825,1.00,1.00
2014.06.04 12:28:04.211,1.61798,1.61827,1.00,1.00
2014.06.04 12:28:04.312,1.61795,1.61827,1.00,1.00
2014.06.04 12:28:04.514,1.61795,1.6183,1.00,1.00
2014.06.04 12:28:06.595,1.61795,1.61829,1.00,1.00
2014.06.04 12:28:06.696,1.61795,1.61826,1.00,1.50
2014.06.04 12:28:06.949,1.61788,1.61824,1.00,1.50
2014.06.04 12:28:07.468,1.61788,1.6182,1.00,1.00
2014.06.04 12:28:16.848,1.61788,1.61819,1.00,1.00
2014.06.04 12:28:16.899,1.6178,1.61815,1.60,1.00
2014.06.04 12:28:17.000,1.61773,1.61811,1.60,1.00
2014.06.04 12:28:17.201,1.61779,1.61813,1.60,1.00
2014.06.04 12:28:17.302,1.61779,1.61813,1.00,1.00
2014.06.04 12:28:17.404,1.61779,1.61815,1.00,1.00
2014.06.04 12:28:18.101,1.61778,1.61815,1.00,1.00
2014.06.04 12:28:18.562,1.61778,1.6182,1.50,3.75
2014.06.04 12:28:18.766,1.6178,1.6182,1.00,1.50
2014.06.04 12:28:19.680,1.6178,1.61819,1.00,1.00
2014.06.04 12:28:20.194,1.61778,1.61819,1.50,1.00
2014.06.04 12:28:20.725,1.61778,1.6182,1.50,3.75
2014.06.04 12:28:20.877,1.61778,1.61816,1.00,1.00
2014.06.04 12:28:20.978,1.61776,1.61815,1.00,1.00
2014.06.04 12:28:21.079,1.61775,1.61813,1.00,1.00
2014.06.04 12:28:21.410,1.61775,1.61809,1.00,1.00
2014.06.04 12:28:21.476,1.61775,1.61813,1.00,1.50
2014.06.04 12:28:24.583,1.61777,1.61813,2.10,1.00
2014.06.04 12:28:24.886,1.61795,1.61815,1.00,1.00
2014.06.04 12:28:24.937,1.61781,1.61814,1.38,1.00
2014.06.04 12:28:25.038,1.61779,1.61814,1.00,1.00
2014.06.04 12:28:25.139,1.61786,1.61814,1.00,1.00
2014.06.04 12:28:25.391,1.61775,1.61814,1.00,1.00
2014.06.04 12:28:26.327,1.6177,1.6181,1.50,1.00
2014.06.04 12:28:26.529,1.61767,1.61807,1.50,1.00
2014.06.04 12:28:27.046,1.61768,1.61807,1.00,1.00
2014.06.04 12:28:31.830,1.61773,1.61811,1.00,1.00
2014.06.04 12:28:32.135,1.61785,1.61818,1.00,1.00
2014.06.04 12:28:32.237,1.61785,1.61823,1.00,1.00
2014.06.04 12:28:32.490,1.61785,1.61825,1.00,1.00
2014.06.04 12:28:32.673,1.61787,1.61825,1.00,1.00
2014.06.04 12:28:33.027,1.61785,1.61825,1.50,1.00
2014.06.04 12:28:34.094,1.61786,1.61825,1.00,1.00
2014.06.04 12:28:36.139,1.6179,1.61827,1.00,1.00
2014.06.04 12:28:36.291,1.6179,1.61829,1.00,3.00
2014.06.04 12:28:36.393,1.61793,1.61829,1.00,1.50
2014.06.04 12:28:36.444,1.61789,1.61827,1.00,1.00
2014.06.04 12:28:36.952,1.61789,1.61828,1.00,1.00
2014.06.04 12:28:37.255,1.61789,1.61825,1.00,1.00
2014.06.04 12:28:38.547,1.61792,1.61825,1.00,1.00
2014.06.04 12:28:38.711,1.61792,1.61833,1.00,1.00
2014.06.04 12:28:39.243,1.61793,1.61831,1.00,1.00
2014.06.04 12:28:39.345,1.61793,1.61833,1.00,2.03
2014.06.04 12:28:40.218,1.61792,1.61831,1.00,1.00
2014.06.04 12:28:40.369,1.61792,1.61833,1.00,1.50
2014.06.04 12:28:40.470,1.61794,1.61833,1.00,1.50
2014.06.04 12:28:40.795,1.61792,1.61827,1.43,1.00
2014.06.04 12:28:40.873,1.61792,1.61833,2.18,1.00
2014.06.04 12:28:43.228,1.61792,1.6183,1.05,1.00
2014.06.04 12:28:43.575,1.6179,1.61828,1.00,1.00
2014.06.04 12:28:44.142,1.6179,1.6183,1.00,1.00
2014.06.04 12:28:44.193,1.61794,1.61831,1.00,1.00
2014.06.04 12:28:44.712,1.6179,1.6183,1.50,1.00
2014.06.04 12:28:44.962,1.61793,1.61829,1.00,2.25
2014.06.04 12:28:45.594,1.61793,1.6183,1.00,1.00
2014.06.04 12:28:45.824,1.6179,1.6183,1.50,1.00
2014.06.04 12:28:47.794,1.61794,1.61833,1.00,1.00
2014.06.04 12:28:48.333,1.61795,1.61833,1.00,1.00
2014.06.04 12:28:48.887,1.61794,1.61833,1.00,1.00
2014.06.04 12:28:49.406,1.61793,1.61831,1.00,1.50
2014.06.04 12:28:49.925,1.61792,1.61831,1.00,1.50
2014.06.04 12:28:50.453,1.61793,1.61831,1.00,1.50
2014.06.04 12:28:50.554,1.61791,1.6183,1.00,1.00
2014.06.04 12:28:51.946,1.6179,1.61828,1.00,1.00
2014.06.04 12:28:53.633,1.6179,1.6183,1.00,1.50
2014.06.04 12:28:54.715,1.61792,1.61833,1.00,1.50
2014.06.04 12:28:55.732,1.61792,1.61831,1.00,1.00
2014.06.04 12:28:56.673,1.61792,1.61833,1.00,1.50
2014.06.04 12:28:58.360,1.61792,1.61829,1.00,1.00
2014.06.04 12:28:58.461,1.6179,1.61829,1.00,1.00
2014.06.04 12:29:00.754,1.6179,1.6183,1.50,1.00
2014.06.04 12:29:00.856,1.61793,1.6183,1.00,1.00
2014.06.04 12:29:03.054,1.61793,1.61832,1.00,1.00
2014.06.04 12:29:03.954,1.61793,1.61833,1.00,2.25
2014.06.04 12:29:06.323,1.61793,1.61832,1.00,1.00
2014.06.04 12:29:07.777,1.61791,1.61827,1.00,1.00
2014.06.04 12:29:07.878,1.61784,1.61824,1.30,1.00
2014.06.04 12:29:07.979,1.6178,1.61822,1.00,1.00
2014.06.04 12:29:09.411,1.6178,1.61818,1.00,1.00
2014.06.04 12:29:09.462,1.61776,1.61816,1.00,1.00
2014.06.04 12:29:09.563,1.61774,1.61813,1.00,1.00
2014.06.04 12:29:10.093,1.61773,1.61812,1.00,1.50
2014.06.04 12:29:10.513,1.61776,1.61813,1.00,1.00
2014.06.04 12:29:11.072,1.61776,1.61816,1.00,1.00
2014.06.04 12:29:14.155,1.61776,1.61813,1.00,1.00
2014.06.04 12:29:15.127,1.61772,1.61813,1.00,1.00
2014.06.04 12:29:15.430,1.61767,1.61809,1.00,1.00
2014.06.04 12:29:15.481,1.61767,1.61806,1.00,1.00
2014.06.04 12:29:15.784,1.61763,1.61797,1.00,1.00
2014.06.04 12:29:15.935,1.61759,1.61797,1.35,1.00
2014.06.04 12:29:20.174,1.61762,1.61797,1.00,1.00
2014.06.04 12:29:20.795,1.61763,1.61797,1.00,1.00
2014.06.04 12:29:24.689,1.61761,1.61797,1.00,1.00
2014.06.04 12:29:25.763,1.61759,1.61795,1.00,1.00
2014.06.04 12:29:26.066,1.61754,1.61787,1.00,1.00
2014.06.04 12:29:26.576,1.61754,1.61786,1.00,1.00
2014.06.04 12:29:27.827,1.61754,1.61787,1.00,1.00
2014.06.04 12:29:28.283,1.61752,1.61787,1.00,1.00
2014.06.04 12:29:28.824,1.61751,1.61787,1.00,1.00
2014.06.04 12:29:28.875,1.61749,1.61786,1.00,1.00
2014.06.04 12:29:30.163,1.61749,1.61782,1.00,1.00
2014.06.04 12:29:30.483,1.61749,1.61777,1.00,1.50
2014.06.04 12:29:30.786,1.61743,1.6177,1.00,1.00
2014.06.04 12:29:30.888,1.61741,1.6177,1.13,1.00
2014.06.04 12:29:30.989,1.61742,1.61775,1.00,1.00
2014.06.04 12:29:31.090,1.61742,1.61778,1.00,1.50
2014.06.04 12:29:32.136,1.61741,1.61778,1.00,1.50
2014.06.04 12:29:33.547,1.61739,1.61778,1.00,1.50
2014.06.04 12:29:34.673,1.61734,1.61775,1.00,1.00
2014.06.04 12:29:34.724,1.61734,1.61771,1.00,1.00
2014.06.04 12:29:36.068,1.61734,1.61774,1.00,1.00
2014.06.04 12:29:36.391,1.61731,1.61769,1.00,1.00
2014.06.04 12:29:36.593,1.61729,1.61769,1.00,1.00
2014.06.04 12:29:36.694,1.61727,1.61754,1.00,1.00
2014.06.04 12:29:36.997,1.61727,1.61748,1.00,1.00
2014.06.04 12:29:37.556,1.61726,1.61755,1.00,1.00
2014.06.04 12:29:37.607,1.61726,1.61757,1.00,1.50
2014.06.04 12:29:37.708,1.61722,1.61757,1.00,1.50
2014.06.04 12:29:38.069,1.61722,1.6176,1.00,1.00
2014.06.04 12:29:39.625,1.61719,1.61758,1.00,1.00
2014.06.04 12:29:39.676,1.61719,1.61755,1.00,1.00
2014.06.04 12:29:40.022,1.61722,1.61757,1.00,1.00
2014.06.04 12:29:40.350,1.61725,1.61757,1.00,1.00
2014.06.04 12:29:40.723,1.61728,1.61757,1.00,1.00
2014.06.04 12:29:41.222,1.61725,1.61757,1.00,1.00
2014.06.04 12:29:41.424,1.61725,1.61765,1.00,2.25
2014.06.04 12:29:42.311,1.61734,1.61765,1.00,1.50
2014.06.04 12:29:42.412,1.61734,1.61769,1.00,1.00
2014.06.04 12:29:42.513,1.61734,1.61773,1.00,1.00
2014.06.04 12:29:42.564,1.61737,1.61774,1.00,1.50
2014.06.04 12:29:43.084,1.61737,1.61777,1.00,1.00
2014.06.04 12:29:43.252,1.61739,1.6178,1.00,1.00
2014.06.04 12:29:44.321,1.61739,1.61776,1.00,1.00
2014.06.04 12:29:46.055,1.61739,1.61779,1.00,1.00
2014.06.04 12:29:46.699,1.61739,1.61776,1.00,1.50
2014.06.04 12:29:47.152,1.61742,1.61776,1.00,1.50
2014.06.04 12:29:47.337,1.61742,1.6178,1.00,1.00
2014.06.04 12:29:50.298,1.61749,1.61785,1.00,1.00
2014.06.04 12:29:50.399,1.61742,1.61789,1.00,1.00
2014.06.04 12:29:50.601,1.61742,1.61793,1.50,1.00
2014.06.04 12:29:51.563,1.61745,1.61795,1.00,1.00
2014.06.04 12:29:51.614,1.61745,1.61798,1.50,1.50
2014.06.04 12:29:52.552,1.61745,1.61792,1.00,1.00
2014.06.04 12:29:52.603,1.61741,1.61792,1.00,1.00
2014.06.04 12:29:53.249,1.61745,1.61792,1.00,1.00
2014.06.04 12:29:53.300,1.61745,1.61798,1.50,1.50
2014.06.04 12:29:54.141,1.61758,1.61794,1.00,1.00
2014.06.04 12:29:54.344,1.61758,1.61797,1.05,1.00
2014.06.04 12:29:54.395,1.61758,1.61807,1.05,1.50
2014.06.04 12:29:54.497,1.61758,1.6181,1.05,1.00
2014.06.04 12:29:54.548,1.61758,1.61804,1.05,1.00
2014.06.04 12:29:54.850,1.61765,1.61804,1.00,1.50
2014.06.04 12:29:55.531,1.61765,1.61832,1.00,1.00
2014.06.04 12:29:55.697,1.61761,1.61832,1.50,1.00
2014.06.04 12:29:55.748,1.61761,1.61836,1.30,1.80
2014.06.04 12:29:55.999,1.61759,1.61832,1.30,1.00
2014.06.04 12:29:56.455,1.61761,1.61826,1.00,1.00
2014.06.04 12:29:56.958,1.61761,1.61827,1.00,1.00
2014.06.04 12:29:57.339,1.61761,1.61833,1.00,1.53
2014.06.04 12:29:57.577,1.61759,1.61832,1.00,1.53
2014.06.04 12:29:57.728,1.61759,1.61832,1.08,1.00
2014.06.04 12:30:00.564,1.61762,1.61834,1.53,1.53
2014.06.04 12:30:00.925,1.61754,1.61824,1.53,1.00
2014.06.04 12:30:01.026,1.61754,1.61824,1.00,1.50
2014.06.04 12:30:01.227,1.61752,1.61822,1.00,1.00
2014.06.04 12:30:01.530,1.61751,1.61822,1.38,1.00
2014.06.04 12:30:01.631,1.61737,1.61826,1.38,1.50
2014.06.04 12:30:01.833,1.61738,1.61842,1.88,1.60
2014.06.04 12:30:02.263,1.6174,1.61842,2.17,1.70
2014.06.04 12:30:02.418,1.61743,1.61845,1.88,1.67
2014.06.04 12:30:02.518,1.61758,1.61831,1.15,1.00
2014.06.04 12:30:02.881,1.61762,1.61835,1.15,1.15
2014.06.04 12:30:03.234,1.61774,1.61827,1.00,1.00
2014.06.04 12:30:04.753,1.61779,1.61832,1.00,1.00
2014.06.04 12:30:05.476,1.61784,1.61835,1.00,1.00
2014.06.04 12:30:05.677,1.61775,1.61841,1.23,1.00
2014.06.04 12:30:05.778,1.61797,1.61837,1.00,1.00
2014.06.04 12:30:06.643,1.61794,1.61834,1.00,1.00
2014.06.04 12:30:07.308,1.61797,1.61837,1.00,1.00
2014.06.04 12:30:07.619,1.61797,1.61832,1.00,1.00
2014.06.04 12:30:08.507,1.6179,1.61829,1.00,1.00
2014.06.04 12:30:09.054,1.6179,1.61827,1.00,1.00
2014.06.04 12:30:09.205,1.61789,1.61829,1.00,1.50
2014.06.04 12:30:09.306,1.61789,1.61825,1.00,1.00
2014.06.04 12:30:09.407,1.61791,1.61829,1.00,1.50
2014.06.04 12:30:10.007,1.61791,1.61827,1.00,1.00
2014.06.04 12:30:10.356,1.61793,1.61829,1.00,1.00
2014.06.04 12:30:10.820,1.61795,1.6183,1.00,1.00
2014.06.04 12:30:11.458,1.61796,1.6183,1.00,1.00
2014.06.04 12:30:12.297,1.618,1.6183,1.00,1.00
2014.06.04 12:30:12.411,1.61797,1.6183,1.00,1.00
2014.06.04 12:30:12.663,1.61798,1.61826,1.00,1.00
2014.06.04 12:30:14.294,1.61798,1.61827,1.00,1.00
2014.06.04 12:30:14.395,1.61795,1.61827,1.00,1.50
2014.06.04 12:30:14.496,1.61786,1.61827,1.00,1.50
2014.06.04 12:30:14.648,1.61786,1.61824,1.00,1.00
2014.06.04 12:30:14.951,1.61783,1.6182,1.00,1.00
2014.06.04 12:30:15.260,1.6178,1.61816,1.00,1.00
2014.06.04 12:30:15.577,1.61782,1.61816,1.00,1.00
2014.06.04 12:30:16.112,1.61782,1.61818,1.00,1.00
2014.06.04 12:30:16.535,1.61784,1.61818,1.00,1.00
2014.06.04 12:30:17.162,1.61786,1.61818,1.00,1.00
2014.06.04 12:30:17.488,1.61789,1.61823,1.00,1.00
2014.06.04 12:30:17.589,1.61791,1.61823,1.00,1.00
2014.06.04 12:30:18.395,1.61788,1.61823,1.00,1.50
2014.06.04 12:30:19.463,1.61789,1.61823,1.00,1.50
2014.06.04 12:30:19.614,1.61789,1.61825,1.50,1.00
2014.06.04 12:30:20.323,1.61792,1.61825,1.00,1.00
2014.06.04 12:30:20.706,1.61792,1.61811,1.00,1.00
2014.06.04 12:30:20.757,1.61785,1.61811,1.00,1.00
2014.06.04 12:30:21.023,1.61783,1.61811,1.00,1.00
2014.06.04 12:30:24.778,1.61783,1.6182,1.00,1.00
2014.06.04 12:30:24.980,1.61783,1.61816,1.00,1.00
2014.06.04 12:30:25.193,1.61778,1.61816,1.00,1.00
2014.06.04 12:30:25.294,1.61778,1.61814,1.00,1.00
2014.06.04 12:30:25.396,1.61774,1.61814,1.00,1.50
2014.06.04 12:30:26.201,1.6177,1.61812,1.00,1.00
2014.06.04 12:30:26.302,1.61768,1.61807,1.00,1.00
2014.06.04 12:30:26.514,1.61765,1.61805,1.00,1.00
2014.06.04 12:30:26.667,1.61765,1.61802,1.00,1.00
2014.06.04 12:30:26.769,1.61765,1.61805,1.00,1.00
2014.06.04 12:30:28.712,1.61766,1.61805,1.00,1.00
2014.06.04 12:30:29.217,1.61767,1.61806,1.50,1.00
2014.06.04 12:30:30.965,1.61771,1.61806,1.00,1.00
2014.06.04 12:30:31.984,1.61771,1.61804,1.00,1.00
2014.06.04 12:30:32.474,1.61768,1.61804,1.00,1.00
2014.06.04 12:30:33.224,1.61768,1.61796,1.00,1.00
2014.06.04 12:30:33.426,1.61766,1.61796,1.00,1.00
2014.06.04 12:30:33.729,1.61764,1.61796,1.00,1.00
2014.06.04 12:30:33.830,1.61761,1.61796,1.00,1.00
2014.06.04 12:30:33.981,1.61761,1.61801,1.00,1.50
2014.06.04 12:30:34.333,1.61764,1.61801,1.00,1.50
2014.06.04 12:30:35.994,1.61766,1.61802,1.00,1.00
2014.06.04 12:30:36.297,1.61772,1.61808,1.00,1.00
2014.06.04 12:30:36.398,1.61773,1.61813,1.50,1.00
2014.06.04 12:30:36.874,1.61773,1.61808,1.50,1.00
2014.06.04 12:30:37.416,1.61773,1.61807,1.00,1.00
2014.06.04 12:30:37.718,1.61769,1.61807,1.00,1.00
2014.06.04 12:30:37.921,1.61774,1.61807,1.00,1.00
2014.06.04 12:30:38.124,1.61774,1.61814,2.25,1.00
2014.06.04 12:30:38.314,1.61777,1.61816,1.00,1.00
2014.06.04 12:30:38.685,1.61778,1.61806,1.00,1.00
2014.06.04 12:30:38.736,1.61774,1.61806,1.00,1.00
2014.06.04 12:30:38.786,1.61771,1.61797,1.00,1.00
2014.06.04 12:30:38.887,1.61774,1.61807,1.00,1.00
2014.06.04 12:30:39.515,1.61774,1.61806,1.00,1.00
2014.06.04 12:30:39.914,1.61774,1.61804,1.00,1.00
2014.06.04 12:30:40.217,1.61769,1.61797,1.00,1.00
2014.06.04 12:30:40.470,1.61766,1.61797,1.00,1.00
2014.06.04 12:30:40.706,1.61763,1.61797,1.00,1.00
2014.06.04 12:30:40.857,1.61758,1.61786,1.50,1.00
2014.06.04 12:30:41.524,1.61756,1.61786,1.00,1.00
2014.06.04 12:30:41.596,1.61764,1.61791,1.00,1.00
2014.06.04 12:30:42.113,1.61763,1.6179,1.00,1.00
2014.06.04 12:30:43.168,1.61756,1.61787,1.00,1.00
2014.06.04 12:30:43.381,1.61764,1.6179,1.00,1.00
2014.06.04 12:30:44.508,1.61756,1.61787,1.00,1.00
2014.06.04 12:30:45.024,1.61756,1.61786,1.00,1.00
2014.06.04 12:30:47.004,1.61764,1.61796,1.00,2.25
2014.06.04 12:30:47.542,1.61763,1.61797,1.00,1.00
2014.06.04 12:30:48.320,1.61764,1.61797,1.00,1.00
2014.06.04 12:30:49.167,1.61764,1.61787,1.00,1.00
2014.06.04 12:30:49.217,1.61757,1.61787,1.00,1.00
2014.06.04 12:30:49.318,1.61763,1.61787,1.00,1.00
2014.06.04 12:30:49.369,1.61764,1.61796,1.00,1.50
2014.06.04 12:30:49.520,1.61764,1.61794,1.00,1.00
2014.06.04 12:30:49.824,1.61763,1.61786,1.00,1.00
2014.06.04 12:30:49.874,1.61761,1.61786,1.00,1.00
2014.06.04 12:30:50.623,1.61756,1.61787,1.30,1.00
2014.06.04 12:30:51.134,1.61762,1.61786,1.00,1.00
2014.06.04 12:30:51.674,1.61762,1.61787,1.50,1.00
2014.06.04 12:30:52.449,1.61764,1.61796,1.00,1.50
2014.06.04 12:30:52.912,1.61765,1.61786,1.00,1.00
2014.06.04 12:30:53.013,1.61763,1.61786,1.00,1.00
2014.06.04 12:30:53.115,1.61765,1.61786,1.00,1.00
2014.06.04 12:30:53.317,1.61763,1.61786,1.00,1.00
2014.06.04 12:30:53.370,1.61765,1.61796,1.05,1.00
2014.06.04 12:30:54.234,1.61764,1.61796,2.25,1.00
2014.06.04 12:30:55.759,1.61767,1.61796,1.00,1.00
2014.06.04 12:30:55.860,1.61774,1.61804,1.00,1.00
2014.06.04 12:30:56.603,1.61774,1.61806,1.00,1.00
2014.06.04 12:30:58.124,1.61773,1.61807,1.00,1.00
2014.06.04 12:30:58.650,1.61774,1.61806,1.00,1.00
2014.06.04 12:30:58.795,1.61779,1.61806,1.00,1.00
2014.06.04 12:30:58.896,1.61782,1.61811,1.00,1.00
2014.06.04 12:30:58.998,1.61782,1.61817,1.50,1.00
2014.06.04 12:30:59.917,1.61783,1.61822,1.00,1.00
2014.06.04 12:31:01.017,1.61782,1.61817,1.50,1.00
2014.06.04 12:31:01.319,1.61773,1.61786,1.00,1.00
2014.06.04 12:31:01.370,1.61769,1.61786,1.00,1.00
2014.06.04 12:31:01.471,1.61764,1.61786,1.00,1.00
2014.06.04 12:31:01.879,1.61751,1.61776,1.38,1.00
2014.06.04 12:31:02.285,1.61754,1.61786,1.38,1.00
2014.06.04 12:31:02.437,1.61754,1.61786,1.00,1.50
2014.06.04 12:31:02.651,1.61748,1.61776,1.00,1.00
2014.06.04 12:31:02.853,1.61755,1.61786,1.00,1.00
2014.06.04 12:31:03.598,1.61756,1.61786,1.00,1.00
2014.06.04 12:31:04.118,1.61755,1.61786,1.00,1.00
2014.06.04 12:31:05.138,1.61756,1.61786,1.00,1.00
2014.06.04 12:31:05.838,1.61756,1.61787,1.00,1.00
2014.06.04 12:31:07.884,1.61756,1.61786,1.00,1.00
2014.06.04 12:31:09.117,1.61754,1.61786,1.00,1.00
2014.06.04 12:31:10.714,1.61753,1.61787,1.50,1.00
2014.06.04 12:31:11.672,1.61754,1.61786,1.00,1.00
2014.06.04 12:31:12.278,1.61755,1.61786,1.00,1.00
2014.06.04 12:31:12.821,1.61755,1.61787,1.00,1.00
2014.06.04 12:31:14.534,1.61753,1.61787,1.00,1.00
2014.06.04 12:31:15.094,1.61754,1.61786,1.00,1.00
2014.06.04 12:31:18.177,1.61753,1.61787,1.00,1.00
2014.06.04 12:31:19.213,1.61752,1.61777,1.00,1.00
2014.06.04 12:31:19.265,1.61749,1.61777,1.00,1.00
2014.06.04 12:31:19.474,1.61745,1.61777,1.00,1.00
2014.06.04 12:31:20.959,1.61747,1.61777,1.00,1.00
2014.06.04 12:31:21.060,1.61753,1.61786,1.00,1.00
2014.06.04 12:31:21.604,1.61754,1.61786,1.00,1.50
2014.06.04 12:31:22.808,1.61755,1.61786,1.00,1.00
2014.06.04 12:31:23.322,1.61754,1.61786,1.00,1.00
2014.06.04 12:31:23.378,1.61756,1.61786,1.00,1.00
2014.06.04 12:31:23.886,1.61754,1.61786,1.00,1.00
2014.06.04 12:31:24.138,1.61746,1.61776,1.00,1.00
2014.06.04 12:31:26.099,1.61746,1.61786,1.00,1.00
2014.06.04 12:31:26.200,1.61749,1.61787,1.00,1.50
2014.06.04 12:31:26.720,1.61749,1.61786,1.00,1.00
2014.06.04 12:31:30.743,1.61749,1.61776,1.00,1.00
2014.06.04 12:31:31.134,1.61746,1.61776,1.50,1.00
2014.06.04 12:31:31.286,1.61742,1.61776,1.00,1.00
2014.06.04 12:31:31.337,1.6174,1.61776,1.00,1.00
2014.06.04 12:31:31.895,1.61741,1.61776,1.00,1.00
2014.06.04 12:31:32.349,1.61744,1.61776,1.35,1.00
2014.06.04 12:31:32.653,1.61746,1.61776,1.50,1.00
2014.06.04 12:31:34.064,1.61754,1.61785,1.00,1.00
2014.06.04 12:31:36.602,1.61753,1.61785,1.00,1.00
2014.06.04 12:31:36.860,1.61755,1.61786,1.00,1.00
2014.06.04 12:31:37.376,1.61755,1.61787,1.00,1.00
2014.06.04 12:31:40.351,1.61755,1.61777,1.00,1.00
2014.06.04 12:31:40.402,1.61752,1.61777,1.00,1.00
2014.06.04 12:31:41.455,1.61755,1.61777,1.00,1.00
2014.06.04 12:31:41.663,1.61764,1.61791,1.00,1.00
2014.06.04 12:31:41.764,1.61767,1.61795,1.00,1.00
2014.06.04 12:31:41.815,1.6177,1.61796,1.00,1.50
2014.06.04 12:31:42.017,1.61774,1.61801,1.50,1.00
2014.06.04 12:31:42.118,1.6177,1.61797,1.00,1.00
2014.06.04 12:31:42.421,1.61773,1.61797,1.80,1.00
2014.06.04 12:31:42.623,1.61771,1.61797,1.00,1.00
2014.06.04 12:31:42.674,1.61771,1.61807,1.00,1.00
2014.06.04 12:31:46.023,1.61769,1.61805,1.00,1.00
2014.06.04 12:31:46.343,1.61767,1.61797,1.00,1.00
2014.06.04 12:31:46.693,1.61765,1.61797,1.00,1.00
2014.06.04 12:31:47.153,1.61762,1.61796,1.50,1.00
2014.06.04 12:31:47.355,1.61764,1.61796,1.00,1.00
2014.06.04 12:31:47.658,1.61766,1.61796,1.00,1.00
2014.06.04 12:31:47.709,1.61761,1.61796,1.00,1.00
2014.06.04 12:31:47.910,1.61767,1.61796,1.00,1.00
2014.06.04 12:31:48.445,1.6176,1.61797,1.00,1.00
2014.06.04 12:31:48.572,1.61764,1.61796,1.00,1.00
2014.06.04 12:31:48.882,1.61766,1.61796,1.00,1.00
2014.06.04 12:31:49.903,1.61764,1.61796,1.00,1.00
2014.06.04 12:31:50.158,1.61761,1.61796,1.50,1.00
2014.06.04 12:31:50.259,1.61764,1.618,1.00,1.00
2014.06.04 12:31:50.360,1.61759,1.61796,1.00,1.00
2014.06.04 12:31:50.899,1.6176,1.61796,1.00,1.00
2014.06.04 12:31:50.950,1.61765,1.61796,1.00,1.00
2014.06.04 12:31:51.000,1.61765,1.61805,1.00,2.25
2014.06.04 12:31:51.051,1.61764,1.61797,1.00,1.00
2014.06.04 12:31:54.721,1.61762,1.61797,1.00,1.50
2014.06.04 12:31:55.177,1.61767,1.61797,1.00,1.00
2014.06.04 12:31:57.156,1.61767,1.61796,1.00,1.00
2014.06.04 12:31:58.682,1.61771,1.61796,1.00,1.00
2014.06.04 12:31:58.840,1.61774,1.61812,1.50,2.25
2014.06.04 12:31:58.941,1.61779,1.61813,1.00,1.50
2014.06.04 12:31:59.143,1.61779,1.61816,1.00,1.00
2014.06.04 12:32:00.849,1.6178,1.61817,1.00,1.50
2014.06.04 12:32:00.950,1.61782,1.61817,1.00,1.50
2014.06.04 12:32:01.203,1.61785,1.61823,1.00,1.00
2014.06.04 12:32:01.253,1.61789,1.61823,1.00,1.00
2014.06.04 12:32:01.304,1.61789,1.61827,1.00,1.00
2014.06.04 12:32:01.355,1.61792,1.61827,1.00,1.00
2014.06.04 12:32:05.119,1.61794,1.61832,1.00,1.00
2014.06.04 12:32:05.220,1.61792,1.61826,1.00,1.00
2014.06.04 12:32:05.908,1.61791,1.61826,1.00,1.00
2014.06.04 12:32:06.342,1.61789,1.61826,1.00,1.00
2014.06.04 12:32:06.889,1.61794,1.61826,1.00,1.00
2014.06.04 12:32:07.206,1.61798,1.61826,1.00,1.00
2014.06.04 12:32:09.571,1.61794,1.61826,1.00,1.00
2014.06.04 12:32:09.723,1.61789,1.61826,2.25,1.00
2014.06.04 12:32:14.076,1.61789,1.61816,2.25,1.00
2014.06.04 12:32:14.422,1.61789,1.61826,1.50,1.00
2014.06.04 12:32:14.625,1.61789,1.61817,1.50,1.00
2014.06.04 12:32:14.843,1.61791,1.61827,1.00,1.00
2014.06.04 12:32:15.346,1.61791,1.61826,1.00,1.00
2014.06.04 12:32:16.670,1.61789,1.61826,2.25,1.00
2014.06.04 12:32:19.564,1.61791,1.61826,1.00,1.00
2014.06.04 12:32:19.936,1.61794,1.61826,1.00,1.00
2014.06.04 12:32:21.658,1.61796,1.61826,1.00,1.00
2014.06.04 12:32:21.962,1.61804,1.61833,1.00,1.00
2014.06.04 12:32:22.711,1.61795,1.61826,1.00,1.00
2014.06.04 12:32:23.333,1.61804,1.61833,1.00,1.00
2014.06.04 12:32:23.636,1.61794,1.61826,1.30,1.00
2014.06.04 12:32:23.991,1.61797,1.61824,1.30,1.00
2014.06.04 12:32:24.591,1.61795,1.61825,1.80,1.00
2014.06.04 12:32:24.915,1.61804,1.61827,1.00,1.00
2014.06.04 12:32:25.219,1.61807,1.61826,1.00,1.00
2014.06.04 12:32:26.113,1.61807,1.61834,1.00,1.00
2014.06.04 12:32:26.215,1.61811,1.61836,1.05,1.00
2014.06.04 12:32:27.120,1.61814,1.61844,1.00,1.00
2014.06.04 12:32:27.325,1.61811,1.61837,2.55,1.00
2014.06.04 12:32:28.932,1.61808,1.61836,1.30,1.00
2014.06.04 12:32:29.874,1.61808,1.61834,1.30,1.00
2014.06.04 12:32:30.179,1.61807,1.61826,1.30,1.00
2014.06.04 12:32:30.381,1.61801,1.61827,1.00,1.00
2014.06.04 12:32:30.911,1.618,1.61826,1.05,1.00
2014.06.04 12:32:31.973,1.618,1.61819,1.00,1.00
2014.06.04 12:32:32.074,1.61796,1.61819,1.00,1.00
2014.06.04 12:32:32.578,1.61796,1.6182,1.00,1.00
2014.06.04 12:32:33.391,1.61796,1.61819,1.00,1.00
2014.06.04 12:32:34.075,1.61796,1.61821,1.50,1.00
2014.06.04 12:32:35.660,1.61804,1.61821,1.00,1.00
2014.06.04 12:32:35.711,1.61804,1.61827,1.00,1.00
2014.06.04 12:32:36.499,1.61801,1.61827,1.05,1.50
2014.06.04 12:32:36.801,1.61793,1.61823,3.15,1.00
2014.06.04 12:32:36.927,1.61789,1.61815,2.25,1.00
2014.06.04 12:32:37.079,1.61788,1.61815,1.60,1.00
2014.06.04 12:32:37.181,1.61794,1.61826,1.50,1.00
2014.06.04 12:32:37.282,1.61801,1.61827,1.00,1.50
2014.06.04 12:32:37.484,1.61798,1.61825,1.00,1.00
2014.06.04 12:32:38.075,1.61801,1.61825,1.00,1.00
2014.06.04 12:32:38.380,1.61795,1.61812,1.00,1.00
2014.06.04 12:32:38.532,1.6179,1.61813,1.30,1.00
2014.06.04 12:32:38.634,1.6179,1.61806,1.30,1.00
2014.06.04 12:32:38.786,1.61788,1.61806,1.00,1.50
2014.06.04 12:32:38.837,1.61783,1.61806,1.00,1.00
2014.06.04 12:32:38.888,1.61778,1.61806,1.38,1.00
2014.06.04 12:32:39.351,1.61784,1.61806,1.00,1.00
2014.06.04 12:32:39.958,1.61784,1.61807,1.00,1.00
2014.06.04 12:32:40.375,1.61781,1.61806,1.00,1.00
2014.06.04 12:32:40.577,1.6177,1.61796,1.38,1.00
2014.06.04 12:32:40.678,1.61769,1.61796,1.00,1.00
2014.06.04 12:32:40.831,1.61767,1.61796,1.00,1.00
2014.06.04 12:32:41.399,1.61767,1.61797,1.00,1.00
2014.06.04 12:32:41.601,1.61778,1.61806,1.00,1.00
2014.06.04 12:32:41.922,1.61773,1.61797,1.00,1.00
2014.06.04 12:32:42.124,1.61768,1.61801,1.00,1.00
2014.06.04 12:32:42.384,1.61768,1.61802,1.68,1.00
2014.06.04 12:32:42.435,1.61768,1.61805,1.68,1.00
2014.06.04 12:32:42.489,1.61768,1.61805,1.50,1.00
2014.06.04 12:32:43.141,1.61768,1.61796,1.00,1.00
2014.06.04 12:32:43.544,1.61768,1.61805,1.00,1.00
2014.06.04 12:32:43.721,1.61771,1.61805,1.00,1.00
2014.06.04 12:32:44.081,1.61776,1.61806,1.00,1.00
2014.06.04 12:32:44.240,1.61774,1.61806,2.25,1.00
2014.06.04 12:32:44.540,1.61774,1.61796,1.00,1.00
2014.06.04 12:32:44.641,1.6177,1.61796,1.13,1.00
2014.06.04 12:32:45.052,1.61765,1.61796,1.50,1.00
2014.06.04 12:32:45.203,1.61762,1.61797,1.50,1.00
2014.06.04 12:32:46.811,1.61763,1.61797,1.00,1.00
2014.06.04 12:32:46.963,1.61768,1.61806,1.00,1.00
2014.06.04 12:32:47.367,1.61773,1.61807,1.00,1.00
2014.06.04 12:32:47.687,1.6177,1.61796,1.50,1.00
2014.06.04 12:32:48.192,1.61765,1.61796,1.38,1.00
2014.06.04 12:32:48.293,1.61765,1.61796,1.00,1.00
2014.06.04 12:32:48.394,1.61763,1.61796,1.00,1.50
2014.06.04 12:32:48.590,1.61773,1.61796,1.00,1.00
2014.06.04 12:32:48.691,1.61773,1.61807,1.00,1.00
2014.06.04 12:32:48.792,1.61775,1.61807,1.00,1.00
2014.06.04 12:32:49.101,1.61777,1.61807,1.00,1.00
2014.06.04 12:32:49.152,1.61774,1.61806,1.13,1.50
2014.06.04 12:32:49.656,1.61777,1.61806,1.00,1.00
2014.06.04 12:32:50.246,1.61777,1.61807,1.00,1.50
2014.06.04 12:32:50.586,1.61781,1.61807,1.00,1.50
2014.06.04 12:32:50.911,1.61776,1.61807,1.00,1.50
2014.06.04 12:32:51.449,1.61776,1.61806,1.50,1.00
2014.06.04 12:32:53.876,1.61775,1.61806,1.00,1.50
2014.06.04 12:32:53.977,1.61775,1.61802,1.00,1.00
2014.06.04 12:32:54.401,1.61776,1.61806,1.00,1.00
2014.06.04 12:32:54.611,1.61776,1.61804,1.00,1.00
2014.06.04 12:32:55.290,1.61775,1.61804,1.00,1.00
2014.06.04 12:32:56.063,1.61775,1.61796,1.00,1.00
2014.06.04 12:32:56.502,1.61775,1.61804,1.00,1.00
2014.06.04 12:32:56.653,1.61772,1.61796,1.68,1.00
2014.06.04 12:32:56.755,1.61768,1.61796,1.00,1.00
2014.06.04 12:32:56.907,1.61765,1.61796,1.00,1.00
2014.06.04 12:32:57.160,1.61764,1.61794,1.00,1.00
2014.06.04 12:32:57.484,1.6176,1.61791,1.38,1.00
2014.06.04 12:32:57.787,1.61754,1.61787,1.00,1.00
2014.06.04 12:32:58.331,1.61753,1.61787,2.25,1.00
2014.06.04 12:32:58.842,1.61754,1.61788,1.50,1.00
2014.06.04 12:32:59.167,1.61754,1.61792,1.50,1.00
2014.06.04 12:32:59.618,1.61756,1.61792,1.00,1.00
2014.06.04 12:32:59.811,1.61759,1.61796,1.00,1.00
2014.06.04 12:32:59.912,1.61764,1.61798,1.00,1.00
2014.06.04 12:33:00.013,1.61763,1.61802,1.05,1.00
2014.06.04 12:33:00.114,1.61766,1.61802,1.50,1.00
2014.06.04 12:33:00.165,1.61766,1.61806,2.25,1.50
2014.06.04 12:33:00.614,1.61771,1.61806,1.00,1.00
2014.06.04 12:33:01.164,1.6177,1.61807,2.25,1.00
2014.06.04 12:33:01.677,1.61771,1.61806,1.50,1.00
2014.06.04 12:33:02.590,1.61768,1.61806,1.00,1.00
2014.06.04 12:33:02.641,1.6177,1.61807,1.00,1.50
2014.06.04 12:33:03.383,1.61774,1.61806,1.00,1.00
2014.06.04 12:33:03.892,1.61778,1.61806,1.00,1.00
2014.06.04 12:33:04.502,1.6178,1.61806,1.00,1.00
2014.06.04 12:33:05.903,1.6178,1.61807,1.00,1.00
2014.06.04 12:33:08.392,1.6178,1.61806,1.00,1.00
2014.06.04 12:33:08.842,1.61784,1.61812,1.00,1.00
2014.06.04 12:33:08.943,1.6178,1.61806,1.50,1.00
2014.06.04 12:33:09.568,1.6178,1.61807,1.50,1.00
2014.06.04 12:33:10.042,1.61784,1.61816,1.00,1.00
2014.06.04 12:33:10.372,1.61784,1.61807,1.00,1.00
2014.06.04 12:33:10.955,1.61784,1.61816,1.50,1.00
2014.06.04 12:33:11.063,1.61784,1.61806,1.00,1.00
2014.06.04 12:33:14.556,1.61785,1.61806,1.00,1.00
2014.06.04 12:33:14.607,1.61788,1.61816,1.00,1.00
2014.06.04 12:33:16.115,1.61785,1.61816,1.00,1.00
2014.06.04 12:33:17.880,1.61785,1.61806,1.00,1.00
2014.06.04 12:33:18.235,1.61777,1.61807,1.00,1.00
2014.06.04 12:33:18.437,1.61774,1.61806,1.00,1.00
2014.06.04 12:33:18.693,1.61771,1.61806,1.00,1.00
2014.06.04 12:33:18.743,1.61771,1.61804,1.00,1.00
2014.06.04 12:33:18.794,1.61765,1.61804,1.50,1.00
2014.06.04 12:33:21.963,1.61768,1.61804,1.00,1.00
2014.06.04 12:33:24.058,1.61768,1.61797,1.00,1.00
2014.06.04 12:33:25.842,1.61768,1.61796,1.00,1.00
2014.06.04 12:33:25.941,1.61761,1.61796,1.00,1.00
2014.06.04 12:33:26.401,1.61761,1.61794,1.00,1.00
2014.06.04 12:33:26.791,1.61763,1.61794,1.00,1.00
2014.06.04 12:33:26.942,1.61764,1.61797,1.35,1.50
2014.06.04 12:33:27.172,1.61763,1.61795,1.00,1.00
2014.06.04 12:33:27.222,1.61759,1.61795,1.19,1.00
2014.06.04 12:33:27.543,1.61758,1.61795,1.79,1.00
2014.06.04 12:33:27.903,1.61758,1.61796,1.00,1.50
2014.06.04 12:33:27.954,1.61758,1.61794,1.38,1.00
2014.06.04 12:33:28.156,1.61763,1.61797,1.60,1.50
2014.06.04 12:33:32.472,1.61764,1.61796,1.35,1.00
2014.06.04 12:33:33.899,1.61763,1.61787,1.28,1.00
2014.06.04 12:33:34.550,1.61763,1.61797,2.03,1.00
2014.06.04 12:33:34.830,1.61766,1.61796,1.00,1.00
2014.06.04 12:33:35.033,1.61764,1.61797,1.35,1.00
2014.06.04 12:33:35.727,1.61764,1.61796,2.10,1.50
2014.06.04 12:33:39.880,1.61766,1.61796,1.00,1.50
2014.06.04 12:33:44.491,1.61763,1.61796,2.48,1.00
2014.06.04 12:33:44.821,1.61766,1.61796,1.00,1.50
2014.06.04 12:33:46.525,1.61765,1.61796,1.00,1.50
2014.06.04 12:33:46.840,1.61767,1.61787,1.00,1.00
2014.06.04 12:33:46.942,1.61764,1.61787,1.35,1.00
2014.06.04 12:33:47.234,1.61769,1.61787,1.00,1.00
2014.06.04 12:33:47.422,1.61769,1.61796,1.00,1.50
2014.06.04 12:33:54.049,1.61769,1.61794,1.00,1.00
2014.06.04 12:33:55.880,1.61774,1.61794,1.00,1.00
2014.06.04 12:33:55.930,1.61774,1.61806,1.00,1.00
2014.06.04 12:33:56.949,1.61777,1.61806,1.00,1.00
2014.06.04 12:34:00.580,1.61777,1.61796,1.00,1.00
2014.06.04 12:34:00.681,1.61772,1.61794,1.00,1.00
2014.06.04 12:34:00.883,1.61765,1.61794,1.88,1.00
2014.06.04 12:34:01.240,1.61762,1.61793,1.00,1.00
2014.06.04 12:34:01.341,1.61758,1.61793,1.00,1.00
2014.06.04 12:34:01.664,1.61755,1.61793,1.00,1.00
2014.06.04 12:34:01.715,1.61755,1.61786,1.00,1.00
2014.06.04 12:34:03.117,1.61755,1.61776,1.00,1.00
2014.06.04 12:34:03.273,1.61752,1.61776,1.00,1.00
2014.06.04 12:34:03.374,1.61746,1.61776,1.13,1.00
2014.06.04 12:34:03.626,1.61749,1.61776,1.00,1.00
2014.06.04 12:34:06.303,1.61754,1.61781,1.00,1.00
2014.06.04 12:34:06.455,1.61754,1.61785,1.00,1.00
2014.06.04 12:34:06.571,1.61758,1.61785,1.00,1.00
2014.06.04 12:34:06.823,1.61755,1.61787,1.88,1.00
2014.06.04 12:34:06.924,1.61755,1.61792,1.88,1.00
2014.06.04 12:34:07.075,1.61764,1.61792,1.00,1.00
2014.06.04 12:34:07.502,1.61757,1.61786,1.60,1.00
2014.06.04 12:34:08.540,1.61764,1.61792,1.00,1.00
2014.06.04 12:34:08.998,1.61756,1.61787,1.98,1.00
2014.06.04 12:34:09.099,1.61756,1.61784,1.28,1.00
2014.06.04 12:34:09.213,1.61754,1.61786,1.65,1.00
2014.06.04 12:34:09.314,1.61754,1.61786,1.35,1.00
2014.06.04 12:34:09.835,1.61753,1.61785,2.03,1.00
2014.06.04 12:34:17.020,1.61753,1.61786,1.73,1.00
2014.06.04 12:34:18.720,1.61753,1.61785,1.60,1.00
2014.06.04 12:34:19.225,1.61753,1.61785,1.13,1.00
2014.06.04 12:34:21.442,1.6175,1.61776,1.38,1.00
2014.06.04 12:34:21.543,1.61744,1.61776,1.38,1.50
2014.06.04 12:34:21.644,1.61744,1.61776,1.00,1.50
2014.06.04 12:34:22.142,1.61744,1.61772,1.00,1.00
2014.06.04 12:34:22.597,1.61743,1.61766,1.00,1.00
2014.06.04 12:34:24.031,1.61742,1.61766,1.28,1.00
2014.06.04 12:34:24.485,1.61731,1.61762,1.50,1.00
2014.06.04 12:34:24.738,1.61728,1.61762,2.63,1.00
2014.06.04 12:34:24.788,1.61728,1.61756,1.50,1.00
2014.06.04 12:34:25.338,1.61725,1.61757,1.80,1.00
2014.06.04 12:34:25.659,1.61725,1.61756,1.00,1.00
2014.06.04 12:34:26.530,1.61727,1.61756,1.00,1.00
2014.06.04 12:34:26.864,1.61733,1.61756,1.00,1.00
2014.06.04 12:34:27.379,1.61728,1.61757,1.30,1.00
2014.06.04 12:34:27.901,1.61728,1.61756,1.30,1.00
2014.06.04 12:34:28.426,1.61728,1.61756,1.30,1.00
2014.06.04 12:34:30.643,1.61724,1.61746,1.30,1.00
2014.06.04 12:34:30.694,1.61724,1.61746,1.00,1.00
2014.06.04 12:34:30.745,1.61722,1.61746,1.00,1.00
2014.06.04 12:34:30.960,1.6172,1.61747,1.80,1.00
2014.06.04 12:34:31.476,1.61721,1.61747,1.00,1.00
2014.06.04 12:34:33.809,1.61721,1.61746,1.00,1.00
2014.06.04 12:34:35.351,1.61722,1.61746,1.00,1.00
2014.06.04 12:34:36.121,1.61723,1.61757,1.00,1.00
2014.06.04 12:34:37.313,1.61723,1.61751,1.00,1.00
2014.06.04 12:34:37.862,1.61724,1.61751,1.00,1.00
2014.06.04 12:34:38.064,1.61723,1.61756,1.00,1.00
2014.06.04 12:34:38.572,1.61724,1.61756,1.00,1.00
2014.06.04 12:34:41.241,1.61724,1.61757,1.50,1.00
2014.06.04 12:34:43.002,1.61724,1.61756,2.25,1.00
2014.06.04 12:34:43.154,1.61726,1.61756,1.00,1.00
2014.06.04 12:34:43.456,1.61734,1.61761,1.00,1.00
2014.06.04 12:34:43.671,1.61734,1.61766,1.00,1.00
2014.06.04 12:34:44.978,1.61733,1.61767,1.00,1.50
2014.06.04 12:34:45.308,1.61728,1.61756,1.00,1.00
2014.06.04 12:34:45.679,1.61734,1.61766,1.00,1.00
2014.06.04 12:34:46.630,1.61728,1.61757,1.00,1.00
2014.06.04 12:34:46.934,1.61721,1.61746,1.50,1.00
2014.06.04 12:34:47.035,1.61716,1.61746,1.00,1.00
2014.06.04 12:34:47.237,1.61713,1.61745,1.60,1.00
2014.06.04 12:34:47.519,1.61713,1.61747,1.00,1.00
2014.06.04 12:34:47.949,1.61709,1.61746,1.00,1.00
2014.06.04 12:34:48.100,1.61709,1.61743,1.00,1.00
2014.06.04 12:34:48.641,1.61707,1.61743,1.50,1.00
2014.06.04 12:34:48.777,1.61707,1.61737,1.50,1.00
2014.06.04 12:34:49.390,1.61707,1.61743,1.00,1.00
2014.06.04 12:34:50.488,1.61708,1.61743,1.00,1.00
2014.06.04 12:34:50.887,1.61714,1.61743,1.00,1.00
2014.06.04 12:34:51.303,1.61714,1.6174,1.00,1.00
2014.06.04 12:34:51.356,1.61703,1.61735,1.00,1.00
2014.06.04 12:34:51.457,1.61704,1.61724,1.00,1.00
2014.06.04 12:34:51.559,1.61696,1.61726,1.00,1.50
2014.06.04 12:34:51.660,1.61694,1.61726,1.00,1.50
2014.06.04 12:34:51.753,1.61694,1.61723,1.00,1.00
2014.06.04 12:34:52.066,1.61694,1.61721,1.00,1.00
2014.06.04 12:34:52.368,1.61693,1.61726,1.00,1.00
2014.06.04 12:34:54.718,1.61694,1.61726,1.00,1.00
2014.06.04 12:34:55.237,1.61693,1.61726,1.50,1.00
2014.06.04 12:34:55.947,1.61694,1.61726,1.00,1.00
2014.06.04 12:34:57.138,1.61693,1.61726,1.50,1.00
2014.06.04 12:34:57.876,1.61694,1.61726,1.00,1.50
2014.06.04 12:34:57.927,1.61704,1.61726,1.00,1.00
2014.06.04 12:34:58.332,1.61704,1.61734,1.00,1.60
2014.06.04 12:34:58.848,1.61704,1.61734,1.00,1.60
2014.06.04 12:34:59.000,1.61693,1.61727,2.25,1.00
2014.06.04 12:34:59.202,1.61694,1.61718,1.00,1.00
2014.06.04 12:34:59.405,1.61693,1.61722,1.00,1.00
2014.06.04 12:34:59.963,1.61693,1.61721,1.00,1.00
2014.06.04 12:35:00.532,1.61693,1.61723,1.00,1.00
2014.06.04 12:35:01.025,1.61704,1.61727,1.00,1.00
2014.06.04 12:35:01.075,1.61694,1.61726,1.00,1.00
2014.06.04 12:35:01.920,1.61694,1.61724,1.00,1.00
2014.06.04 12:35:02.463,1.61693,1.61724,1.00,1.00
2014.06.04 12:35:02.994,1.61694,1.61723,1.00,1.00
2014.06.04 12:35:03.621,1.61693,1.61723,1.00,1.50
2014.06.04 12:35:03.967,1.61704,1.61728,1.00,1.00
2014.06.04 12:35:04.068,1.61696,1.61726,1.00,1.00
2014.06.04 12:35:04.170,1.61703,1.61729,1.00,1.00
2014.06.04 12:35:04.220,1.61703,1.61733,1.00,1.50
2014.06.04 12:35:04.271,1.61703,1.61728,1.00,1.00
2014.06.04 12:35:04.797,1.61704,1.61728,1.00,1.00
2014.06.04 12:35:05.872,1.61694,1.61726,1.00,1.00
2014.06.04 12:35:06.372,1.61694,1.61723,1.13,1.00
2014.06.04 12:35:09.409,1.61693,1.61727,1.38,1.00
2014.06.04 12:35:10.161,1.61694,1.61726,1.13,1.00
2014.06.04 12:35:10.363,1.61696,1.61727,1.50,1.00
2014.06.04 12:35:10.681,1.61703,1.61734,1.00,1.00
2014.06.04 12:35:11.031,1.61696,1.61726,1.00,1.00
2014.06.04 12:35:11.182,1.61693,1.61727,1.38,1.00
2014.06.04 12:35:11.474,1.61691,1.61717,2.55,1.00
2014.06.04 12:35:12.004,1.61693,1.61723,1.30,1.00
2014.06.04 12:35:12.642,1.61693,1.61724,1.05,1.00
2014.06.04 12:35:12.865,1.61693,1.61722,1.05,1.00
2014.06.04 12:35:14.111,1.61693,1.61725,1.05,1.00
2014.06.04 12:35:14.263,1.61694,1.61726,1.95,1.00
2014.06.04 12:35:14.566,1.61704,1.61732,1.00,1.00
2014.06.04 12:35:14.667,1.61695,1.61727,1.35,1.00
2014.06.04 12:35:14.768,1.61695,1.61724,1.35,1.00
2014.06.04 12:35:15.070,1.61694,1.61722,1.60,1.00
2014.06.04 12:35:15.380,1.61693,1.61717,1.00,1.00
2014.06.04 12:35:15.481,1.61685,1.61717,1.00,1.00
2014.06.04 12:35:15.532,1.61693,1.61723,1.00,1.00
2014.06.04 12:35:15.835,1.61685,1.61699,1.00,1.00
2014.06.04 12:35:15.938,1.61683,1.61698,1.35,1.00
2014.06.04 12:35:16.039,1.61683,1.61717,2.85,1.50
2014.06.04 12:35:16.190,1.6168,1.61717,1.00,1.00
2014.06.04 12:35:16.342,1.61684,1.61716,1.00,1.00
2014.06.04 12:35:16.717,1.61683,1.61712,1.00,1.00
2014.06.04 12:35:17.041,1.61684,1.61707,1.00,1.00
2014.06.04 12:35:17.625,1.61674,1.61706,1.00,1.00
2014.06.04 12:35:18.186,1.61674,1.61703,1.00,1.00
2014.06.04 12:35:18.701,1.61674,1.61702,1.00,1.00
2014.06.04 12:35:19.004,1.61674,1.61699,1.00,1.00
2014.06.04 12:35:19.055,1.61674,1.61701,1.00,1.00
2014.06.04 12:35:20.583,1.61674,1.617,1.50,1.00
2014.06.04 12:35:22.233,1.61674,1.61698,1.50,1.00
2014.06.04 12:35:23.222,1.61674,1.61699,1.00,1.00
2014.06.04 12:35:23.332,1.61674,1.61701,1.00,1.00
2014.06.04 12:35:24.010,1.61673,1.61699,1.50,1.00
2014.06.04 12:35:24.466,1.61673,1.61696,1.50,1.00
2014.06.04 12:35:24.571,1.61673,1.61699,1.50,1.00
2014.06.04 12:35:24.673,1.61673,1.61697,1.50,1.00
2014.06.04 12:35:24.999,1.61674,1.61692,1.00,1.00
2014.06.04 12:35:25.662,1.61674,1.61691,1.00,1.00
2014.06.04 12:35:25.873,1.61675,1.61699,1.00,1.00
2014.06.04 12:35:25.974,1.61684,1.617,1.00,1.00
2014.06.04 12:35:28.499,1.61683,1.61703,1.00,1.00
2014.06.04 12:35:28.600,1.61683,1.61706,1.00,1.00
2014.06.04 12:35:29.200,1.61684,1.61706,1.00,1.00
2014.06.04 12:35:29.370,1.61694,1.61706,1.00,1.00
2014.06.04 12:35:29.592,1.61683,1.61707,1.00,1.00
2014.06.04 12:35:30.086,1.61684,1.61705,1.00,1.00
2014.06.04 12:35:30.259,1.61686,1.61711,1.00,1.00
2014.06.04 12:35:30.360,1.61694,1.61711,1.00,1.00
2014.06.04 12:35:31.187,1.61694,1.61716,1.00,1.00
2014.06.04 12:35:31.979,1.61694,1.61717,1.00,1.00
2014.06.04 12:35:33.390,1.61694,1.6171,1.00,1.00
2014.06.04 12:35:34.720,1.61694,1.61715,1.00,1.00
2014.06.04 12:35:39.101,1.61693,1.61715,1.00,1.00
2014.06.04 12:35:43.763,1.61694,1.61715,1.00,1.00
2014.06.04 12:35:48.242,1.61694,1.61723,1.00,1.13
2014.06.04 12:35:51.465,1.61695,1.61723,1.00,1.00
2014.06.04 12:35:53.511,1.61694,1.61723,1.00,1.00
2014.06.04 12:35:53.971,1.61694,1.61717,1.00,1.00
2014.06.04 12:35:54.911,1.61704,1.61717,1.00,1.00
2014.06.04 12:35:54.963,1.61704,1.61722,1.00,1.00
2014.06.04 12:35:55.064,1.61705,1.61727,1.00,1.38
2014.06.04 12:35:55.114,1.61713,1.61727,1.00,1.38
2014.06.04 12:35:55.820,1.61713,1.6174,1.00,1.00
2014.06.04 12:35:56.091,1.61709,1.61736,1.00,1.00
2014.06.04 12:35:56.402,1.61714,1.6174,1.00,1.00
2014.06.04 12:36:00.777,1.61714,1.61744,1.00,1.00
2014.06.04 12:36:00.828,1.61716,1.61744,1.00,1.00
2014.06.04 12:36:02.311,1.61715,1.61744,1.00,1.00
2014.06.04 12:36:02.650,1.61731,1.61756,1.00,1.00
2014.06.04 12:36:02.701,1.61729,1.61756,1.00,1.00
2014.06.04 12:36:02.958,1.61723,1.61747,1.00,1.00
2014.06.04 12:36:03.132,1.61724,1.61756,1.00,1.00
2014.06.04 12:36:03.456,1.61724,1.61751,1.00,1.00
2014.06.04 12:36:03.663,1.6172,1.61751,1.00,1.00
2014.06.04 12:36:04.205,1.61719,1.61751,1.00,1.00
2014.06.04 12:36:04.404,1.61719,1.61747,1.00,1.00
2014.06.04 12:36:04.623,1.61719,1.61752,1.00,1.00
2014.06.04 12:36:05.266,1.61723,1.61752,1.00,1.00
2014.06.04 12:36:05.418,1.61726,1.61757,1.00,1.50
2014.06.04 12:36:05.623,1.61733,1.61757,1.00,1.00
2014.06.04 12:36:05.775,1.61728,1.61757,1.00,1.50
2014.06.04 12:36:06.077,1.61733,1.61757,1.00,1.00
2014.06.04 12:36:07.870,1.61731,1.61756,1.00,1.00
2014.06.04 12:36:10.021,1.61733,1.61757,1.00,1.00
2014.06.04 12:36:12.400,1.61735,1.61757,1.00,1.00
2014.06.04 12:36:12.452,1.61736,1.61763,1.00,1.00
2014.06.04 12:36:12.502,1.61738,1.61763,1.00,1.00
2014.06.04 12:36:12.654,1.61738,1.61767,1.50,1.00
2014.06.04 12:36:12.705,1.61745,1.61767,1.00,1.00
2014.06.04 12:36:12.921,1.61743,1.61776,1.50,1.00
2014.06.04 12:36:13.022,1.61747,1.61776,1.00,1.00
2014.06.04 12:36:13.326,1.6175,1.61776,1.00,1.50
2014.06.04 12:36:15.360,1.6175,1.61777,1.00,1.00
2014.06.04 12:36:15.935,1.6175,1.61776,1.00,1.00
2014.06.04 12:36:17.374,1.6175,1.61777,1.50,1.00
2014.06.04 12:36:17.604,1.61753,1.61786,1.50,1.00
2014.06.04 12:36:17.957,1.61756,1.61786,1.00,1.50
2014.06.04 12:36:18.727,1.61756,1.61787,1.00,1.00
2014.06.04 12:36:19.030,1.61763,1.61787,1.00,1.00
2014.06.04 12:36:19.131,1.61763,1.61796,1.50,1.00
2014.06.04 12:36:19.182,1.61765,1.61796,1.00,1.00
2014.06.04 12:36:19.669,1.61768,1.61796,1.00,1.00
2014.06.04 12:36:20.222,1.61768,1.61797,1.50,1.00
2014.06.04 12:36:23.209,1.61773,1.61797,1.00,1.00
2014.06.04 12:36:23.461,1.61779,1.61807,1.00,1.00
2014.06.04 12:36:23.512,1.61781,1.61807,1.00,1.00
2014.06.04 12:36:23.563,1.61781,1.61811,1.00,1.00
2014.06.04 12:36:23.674,1.61781,1.61816,1.00,1.50
2014.06.04 12:36:24.002,1.61778,1.61809,1.50,1.00
2014.06.04 12:36:24.561,1.61778,1.61806,1.00,1.00
2014.06.04 12:36:24.712,1.61775,1.61806,1.00,1.00
2014.06.04 12:36:25.603,1.61774,1.61806,1.00,1.00
2014.06.04 12:36:26.222,1.61774,1.61804,1.00,1.00
2014.06.04 12:36:26.474,1.61764,1.61797,1.00,1.00
2014.06.04 12:36:26.625,1.61764,1.61793,1.00,1.00
2014.06.04 12:36:26.931,1.61759,1.61786,1.00,1.00
2014.06.04 12:36:27.256,1.61762,1.61786,1.00,1.00
2014.06.04 12:36:31.190,1.61758,1.61786,1.50,1.00
2014.06.04 12:36:31.429,1.61755,1.61786,1.50,1.00
2014.06.04 12:36:31.681,1.61759,1.61786,1.00,1.00
2014.06.04 12:36:32.040,1.61759,1.61791,1.00,1.00
2014.06.04 12:36:32.141,1.61759,1.61797,1.00,1.00
2014.06.04 12:36:32.617,1.61764,1.61796,1.00,1.00
2014.06.04 12:36:33.203,1.61767,1.61796,1.00,1.00
2014.06.04 12:36:33.536,1.61767,1.61787,1.00,1.00
2014.06.04 12:36:33.830,1.61764,1.61787,1.00,1.00
2014.06.04 12:36:34.156,1.61764,1.61796,1.50,1.00
2014.06.04 12:36:34.907,1.61764,1.61787,1.00,1.00
2014.06.04 12:36:35.110,1.61762,1.61787,1.00,1.00
2014.06.04 12:36:35.462,1.61757,1.61786,1.00,1.00
2014.06.04 12:36:36.103,1.6176,1.61786,1.00,1.00
2014.06.04 12:36:36.255,1.61758,1.61786,1.00,1.00
2014.06.04 12:36:37.597,1.61758,1.61787,1.00,1.00
2014.06.04 12:36:38.157,1.61758,1.61786,1.00,1.00
2014.06.04 12:36:39.789,1.61758,1.61787,1.00,1.00
2014.06.04 12:36:40.521,1.61759,1.61787,1.00,1.00
2014.06.04 12:36:40.572,1.61764,1.61796,1.00,1.00
2014.06.04 12:36:40.673,1.61759,1.61786,1.00,1.00
2014.06.04 12:36:40.925,1.61768,1.61796,1.50,1.00
2014.06.04 12:36:41.134,1.61768,1.61804,1.50,1.13
2014.06.04 12:36:41.286,1.61771,1.61804,1.00,1.13
2014.06.04 12:36:41.437,1.61771,1.61807,1.00,1.00
2014.06.04 12:36:41.853,1.61774,1.61807,1.00,1.00
2014.06.04 12:36:42.398,1.61775,1.61806,1.00,1.00
2014.06.04 12:36:44.390,1.61775,1.61807,1.00,1.00
2014.06.04 12:36:44.803,1.61775,1.61814,1.00,1.00
2014.06.04 12:36:44.854,1.61778,1.61815,1.00,1.00
2014.06.04 12:36:45.165,1.61778,1.61817,1.00,1.35
2014.06.04 12:36:45.266,1.61779,1.61807,1.00,1.00
2014.06.04 12:36:45.368,1.61775,1.61808,1.00,1.00
2014.06.04 12:36:45.469,1.61779,1.61814,1.00,1.50
2014.06.04 12:36:45.772,1.61779,1.61816,1.00,1.00
2014.06.04 12:36:46.299,1.61779,1.61817,1.00,1.00
2014.06.04 12:36:47.132,1.61779,1.61816,1.00,1.00
2014.06.04 12:36:47.349,1.61779,1.61806,1.00,1.00
2014.06.04 12:36:47.552,1.61783,1.61817,1.00,1.00
2014.06.04 12:36:47.653,1.61783,1.61814,1.00,1.00
2014.06.04 12:36:47.972,1.61779,1.61806,1.00,1.00
2014.06.04 12:36:48.872,1.61779,1.61807,1.00,1.00
2014.06.04 12:36:49.383,1.61779,1.61806,1.00,1.00
2014.06.04 12:36:49.525,1.61775,1.61806,1.00,1.00
2014.06.04 12:36:51.140,1.61775,1.61807,1.50,1.00
2014.06.04 12:36:51.708,1.61775,1.61806,1.50,1.00
2014.06.04 12:36:52.800,1.61775,1.61796,1.50,1.00
2014.06.04 12:36:53.159,1.61779,1.61806,1.00,1.00
2014.06.04 12:36:53.690,1.61779,1.61807,1.00,1.00
2014.06.04 12:36:54.347,1.61779,1.61806,1.00,1.00
2014.06.04 12:36:54.891,1.61779,1.61797,1.00,1.00
2014.06.04 12:36:54.992,1.61775,1.61797,1.00,1.00
2014.06.04 12:36:55.093,1.6177,1.61797,1.00,1.00
2014.06.04 12:36:55.194,1.61766,1.61796,1.00,1.00
2014.06.04 12:36:55.396,1.61759,1.61796,1.50,1.00
2014.06.04 12:36:55.974,1.61759,1.61797,1.50,1.00
2014.06.04 12:36:57.309,1.61759,1.61796,2.25,1.00
2014.06.04 12:36:57.511,1.61763,1.61796,1.00,1.00
2014.06.04 12:36:57.662,1.61767,1.61804,1.00,1.00
2014.06.04 12:36:57.713,1.61767,1.61807,1.00,1.00
2014.06.04 12:36:59.075,1.61767,1.61796,1.00,1.00
2014.06.04 12:37:00.389,1.61767,1.61787,1.00,1.00
2014.06.04 12:37:00.491,1.61763,1.61787,1.00,1.00
2014.06.04 12:37:00.642,1.61763,1.61776,1.00,1.00
2014.06.04 12:37:00.693,1.61759,1.61776,1.00,1.00
2014.06.04 12:37:00.945,1.61759,1.61786,1.00,1.00
2014.06.04 12:37:01.047,1.61759,1.61777,1.00,1.00
2014.06.04 12:37:01.579,1.61756,1.61776,1.00,1.00
2014.06.04 12:37:03.238,1.61756,1.61777,1.00,1.00
2014.06.04 12:37:04.449,1.61756,1.61787,1.60,1.00
2014.06.04 12:37:04.500,1.61763,1.61787,1.00,1.00
2014.06.04 12:37:06.215,1.61761,1.61787,1.00,1.00
2014.06.04 12:37:06.417,1.61759,1.61787,1.00,1.00
2014.06.04 12:37:06.681,1.61757,1.61786,1.50,1.00
2014.06.04 12:37:07.211,1.61757,1.61787,1.50,1.00
2014.06.04 12:37:07.486,1.61759,1.61787,1.00,1.00
2014.06.04 12:37:09.916,1.61759,1.61786,1.00,1.00
2014.06.04 12:37:10.439,1.61757,1.61786,1.00,1.00
2014.06.04 12:37:11.569,1.61757,1.61787,1.00,1.00
2014.06.04 12:37:11.670,1.61763,1.61797,1.00,1.50
2014.06.04 12:37:12.699,1.61764,1.61796,1.00,1.00
2014.06.04 12:37:14.930,1.61763,1.61797,1.00,1.00
2014.06.04 12:37:15.032,1.6176,1.61787,1.00,1.00
2014.06.04 12:37:15.336,1.61763,1.61786,1.00,1.00
2014.06.04 12:37:15.387,1.61767,1.61797,1.00,1.00
2014.06.04 12:37:15.438,1.61769,1.61797,1.00,1.00
2014.06.04 12:37:15.590,1.61773,1.61807,1.00,1.00
2014.06.04 12:37:15.742,1.61776,1.61807,1.00,1.00
2014.06.04 12:37:16.159,1.61779,1.61809,1.00,1.50
2014.06.04 12:37:16.708,1.61779,1.61817,1.00,1.00
2014.06.04 12:37:17.898,1.61779,1.61816,1.00,1.00
2014.06.04 12:37:18.849,1.61779,1.61811,1.00,1.00
2014.06.04 12:37:19.152,1.61771,1.61797,1.00,1.00
2014.06.04 12:37:20.880,1.61771,1.61796,1.00,1.00
2014.06.04 12:37:20.931,1.61769,1.61796,1.00,1.00
2014.06.04 12:37:21.032,1.61766,1.61796,1.00,1.00
2014.06.04 12:37:21.082,1.61764,1.61786,1.05,1.00
2014.06.04 12:37:21.609,1.61759,1.61786,1.30,1.00
2014.06.04 12:37:22.098,1.61763,1.61776,1.30,1.00
2014.06.04 12:37:22.200,1.61758,1.61776,1.00,1.00
2014.06.04 12:37:22.251,1.61756,1.61776,1.00,1.00
2014.06.04 12:37:23.189,1.61756,1.61787,1.00,1.00
2014.06.04 12:37:23.679,1.61758,1.61787,1.00,1.00
2014.06.04 12:37:24.198,1.61759,1.61786,1.00,1.00
2014.06.04 12:37:29.087,1.61759,1.61776,1.00,1.00
2014.06.04 12:37:29.188,1.61754,1.61776,1.00,1.00
2014.06.04 12:37:29.239,1.61751,1.61776,1.00,1.00
2014.06.04 12:37:29.290,1.61756,1.61776,1.00,1.00
2014.06.04 12:37:29.595,1.61756,1.61786,1.00,1.00
2014.06.04 12:37:29.696,1.61754,1.61786,1.00,1.00
2014.06.04 12:37:29.798,1.61756,1.61786,1.00,1.00
2014.06.04 12:37:30.398,1.61756,1.61787,1.00,1.00
2014.06.04 12:37:34.431,1.61756,1.61786,1.00,1.00
2014.06.04 12:37:35.420,1.61756,1.61787,1.00,1.00
2014.06.04 12:37:39.210,1.61756,1.61776,1.00,1.00
2014.06.04 12:37:39.412,1.61751,1.61777,2.25,1.00
2014.06.04 12:37:39.715,1.61748,1.61777,1.00,1.00
2014.06.04 12:37:39.923,1.61745,1.61776,1.88,1.00
2014.06.04 12:37:40.175,1.61745,1.61766,1.50,1.00
2014.06.04 12:37:40.276,1.61743,1.61766,1.50,1.00
2014.06.04 12:37:40.929,1.61743,1.61767,1.00,1.00
2014.06.04 12:37:41.719,1.61743,1.61766,1.00,1.00
2014.06.04 12:37:42.241,1.61746,1.61766,1.00,1.00
2014.06.04 12:37:43.130,1.61746,1.61777,1.00,1.00
2014.06.04 12:37:43.231,1.61749,1.61777,1.00,1.00
2014.06.04 12:37:43.851,1.61749,1.61776,1.00,1.00
2014.06.04 12:37:48.300,1.61749,1.61777,1.00,1.00
2014.06.04 12:37:49.839,1.61749,1.61776,1.00,1.00
2014.06.04 12:37:51.639,1.61745,1.61766,1.00,1.00
2014.06.04 12:37:51.740,1.61742,1.61767,1.35,1.00
2014.06.04 12:37:52.060,1.61742,1.61757,1.00,1.00
2014.06.04 12:37:52.618,1.61738,1.61757,1.00,1.00
2014.06.04 12:37:52.891,1.61738,1.61747,1.00,1.00
2014.06.04 12:37:52.942,1.61731,1.61747,1.00,1.00
2014.06.04 12:37:52.993,1.61726,1.61756,1.00,1.00
2014.06.04 12:37:53.100,1.61724,1.61746,1.00,1.00
2014.06.04 12:37:53.429,1.61716,1.61746,1.00,1.00
2014.06.04 12:37:53.631,1.61714,1.61743,1.30,1.00
2014.06.04 12:37:53.968,1.61709,1.61736,1.00,1.00
2014.06.04 12:37:54.544,1.61709,1.61737,1.00,1.00
2014.06.04 12:37:55.266,1.61709,1.61736,1.00,1.00
2014.06.04 12:37:57.387,1.61713,1.61746,1.00,1.00
2014.06.04 12:37:57.920,1.61714,1.61746,1.00,1.00
2014.06.04 12:37:58.637,1.61712,1.61737,1.00,1.00
2014.06.04 12:37:58.818,1.61714,1.61746,1.00,1.00
2014.06.04 12:38:03.148,1.61713,1.61747,1.00,1.00
2014.06.04 12:38:03.888,1.61712,1.61737,1.00,1.00
2014.06.04 12:38:04.512,1.61708,1.61737,1.30,1.00
2014.06.04 12:38:06.089,1.61708,1.61736,1.30,1.00
2014.06.04 12:38:07.080,1.61708,1.61727,1.30,1.00
2014.06.04 12:38:07.181,1.61704,1.61727,1.00,1.00
2014.06.04 12:38:08.469,1.61707,1.61727,1.00,1.00
2014.06.04 12:38:09.592,1.61709,1.61727,1.00,1.00
2014.06.04 12:38:09.642,1.61709,1.61736,1.00,1.00
2014.06.04 12:38:09.693,1.61713,1.61736,1.00,1.00
2014.06.04 12:38:09.997,1.61715,1.61736,1.00,1.00
2014.06.04 12:38:11.635,1.61716,1.61736,1.00,1.00
2014.06.04 12:38:11.888,1.61716,1.61746,1.00,1.00
2014.06.04 12:38:11.940,1.61719,1.61746,1.00,1.00
2014.06.04 12:38:15.458,1.6172,1.61746,1.00,1.00
2014.06.04 12:38:15.846,1.61722,1.61746,1.00,1.00
2014.06.04 12:38:16.071,1.61722,1.61756,1.00,1.00
2014.06.04 12:38:16.659,1.61724,1.61756,1.00,1.00
2014.06.04 12:38:16.970,1.6173,1.61757,1.00,1.00
2014.06.04 12:38:17.273,1.61734,1.61757,1.00,1.00
2014.06.04 12:38:17.830,1.61734,1.61756,1.00,1.00
2014.06.04 12:38:18.211,1.61732,1.61756,1.00,1.00
2014.06.04 12:38:18.312,1.61729,1.61756,1.00,1.00
2014.06.04 12:38:18.413,1.61725,1.61756,1.88,1.00
2014.06.04 12:38:18.999,1.61725,1.61757,1.38,1.00
2014.06.04 12:38:19.503,1.61725,1.61757,1.00,1.00
2014.06.04 12:38:21.127,1.61725,1.61756,1.00,1.00
2014.06.04 12:38:25.316,1.61729,1.61756,1.00,1.00
2014.06.04 12:38:25.970,1.61729,1.61757,1.00,1.00
2014.06.04 12:38:26.570,1.61729,1.61756,1.00,1.00
2014.06.04 12:38:27.800,1.61729,1.61747,1.00,1.00
2014.06.04 12:38:28.567,1.61729,1.61756,1.00,1.00
2014.06.04 12:38:31.232,1.61729,1.61757,1.00,1.00
2014.06.04 12:38:33.976,1.61725,1.61757,1.00,1.00
2014.06.04 12:38:34.586,1.61725,1.61756,1.00,1.00
2014.06.04 12:38:40.678,1.61726,1.61756,1.00,1.00
2014.06.04 12:38:40.779,1.61732,1.61757,1.00,1.00
2014.06.04 12:38:42.441,1.61734,1.61766,1.00,1.00
2014.06.04 12:38:44.087,1.61733,1.61767,1.00,2.25
2014.06.04 12:38:44.290,1.61733,1.61764,1.00,1.00
2014.06.04 12:38:44.817,1.61733,1.61763,1.00,1.00
2014.06.04 12:38:45.157,1.6173,1.61757,1.00,1.00
2014.06.04 12:38:45.968,1.61727,1.61757,1.00,1.00
2014.06.04 12:38:46.069,1.6173,1.61756,1.00,1.00
2014.06.04 12:38:46.187,1.61726,1.61755,1.00,1.00
2014.06.04 12:38:55.639,1.61726,1.61747,1.00,1.00
2014.06.04 12:38:55.857,1.61726,1.61755,1.00,1.00
2014.06.04 12:38:57.516,1.61726,1.61747,1.00,1.00
2014.06.04 12:38:57.768,1.61726,1.61755,1.00,1.00
2014.06.04 12:38:58.231,1.61722,1.61746,1.00,1.00
2014.06.04 12:38:58.433,1.61719,1.61746,1.00,1.50
2014.06.04 12:38:59.014,1.61718,1.61746,1.00,1.00
2014.06.04 12:38:59.521,1.61715,1.61746,1.00,1.50
2014.06.04 12:38:59.919,1.61713,1.61746,1.00,1.50
2014.06.04 12:39:02.822,1.61716,1.61746,1.00,1.50
2014.06.04 12:39:06.892,1.61718,1.61746,1.00,1.50
2014.06.04 12:39:06.942,1.61716,1.61746,1.00,1.50
2014.06.04 12:39:09.987,1.61718,1.61746,1.00,1.00
2014.06.04 12:39:13.966,1.61718,1.61747,1.00,1.00
2014.06.04 12:39:15.740,1.61722,1.61747,1.00,1.00
2014.06.04 12:39:15.891,1.61722,1.6175,1.00,1.00
2014.06.04 12:39:15.993,1.61722,1.61755,1.00,1.00
2014.06.04 12:39:16.164,1.61722,1.61751,1.00,1.00
2014.06.04 12:39:16.266,1.61724,1.61756,1.00,1.00
2014.06.04 12:39:17.283,1.61721,1.61756,1.00,1.00
2014.06.04 12:39:25.309,1.61725,1.61756,1.00,1.00
2014.06.04 12:39:25.842,1.61724,1.61756,1.00,1.00
2014.06.04 12:39:27.290,1.61724,1.61757,1.00,1.00
2014.06.04 12:39:30.135,1.61724,1.61756,1.00,1.00
2014.06.04 12:39:34.728,1.61724,1.61757,1.00,1.00
2014.06.04 12:39:35.071,1.61727,1.61756,1.00,1.00
2014.06.04 12:39:36.651,1.61727,1.61757,1.00,1.00
2014.06.04 12:39:37.198,1.61727,1.61756,1.00,1.00
2014.06.04 12:39:37.249,1.61725,1.61756,1.00,1.00
2014.06.04 12:39:37.401,1.61725,1.61746,1.00,1.00
2014.06.04 12:39:37.451,1.61721,1.61746,1.50,1.00
2014.06.04 12:39:37.703,1.61719,1.61746,1.50,1.00
2014.06.04 12:39:38.102,1.61715,1.61746,1.00,1.00
2014.06.04 12:39:38.153,1.61713,1.61736,2.25,1.00
2014.06.04 12:39:38.795,1.61714,1.61746,1.00,1.00
2014.06.04 12:39:46.965,1.61713,1.61736,1.00,1.00
2014.06.04 12:39:51.235,1.61716,1.61736,1.00,1.00
2014.06.04 12:39:51.438,1.61716,1.61746,1.00,1.00
2014.06.04 12:39:52.856,1.61716,1.61736,1.00,1.00
2014.06.04 12:39:53.154,1.61716,1.61746,1.00,1.00
2014.06.04 12:39:54.381,1.61716,1.61736,1.00,1.00
2014.06.04 12:39:54.915,1.61716,1.61737,1.00,1.00
2014.06.04 12:39:55.572,1.61716,1.61736,1.00,1.00
2014.06.04 12:39:56.281,1.61716,1.61737,1.00,1.00
2014.06.04 12:39:58.211,1.61716,1.61736,1.00,1.00
2014.06.04 12:39:58.263,1.61716,1.61747,1.00,1.00
2014.06.04 12:40:00.207,1.61716,1.61746,1.00,1.00
2014.06.04 12:40:00.423,1.61716,1.61737,1.00,1.00
2014.06.04 12:40:00.575,1.61712,1.61736,1.00,1.00
2014.06.04 12:40:01.097,1.61712,1.61737,1.00,1.00
2014.06.04 12:40:01.617,1.61712,1.61736,1.00,1.00
2014.06.04 12:40:03.397,1.61715,1.61736,1.00,1.00
2014.06.04 12:40:03.498,1.61715,1.61747,1.00,1.50
2014.06.04 12:40:03.781,1.61718,1.61747,1.00,1.00
2014.06.04 12:40:04.336,1.61718,1.61746,1.00,1.00
2014.06.04 12:40:05.878,1.61718,1.61747,1.00,1.00
2014.06.04 12:40:06.426,1.61718,1.61746,1.00,1.00
2014.06.04 12:40:11.705,1.61718,1.61747,1.00,1.00
2014.06.04 12:40:14.018,1.61718,1.61746,1.00,1.00
2014.06.04 12:40:14.220,1.61715,1.61746,1.50,1.00
2014.06.04 12:40:14.322,1.61719,1.61747,1.00,1.00
2014.06.04 12:40:15.386,1.61718,1.61747,1.00,1.00
2014.06.04 12:40:15.723,1.61721,1.61747,1.00,1.00
2014.06.04 12:40:16.484,1.61718,1.61747,1.00,1.00
2014.06.04 12:40:17.938,1.61718,1.61746,1.00,1.00
2014.06.04 12:40:18.691,1.61719,1.61746,1.00,1.00
2014.06.04 12:40:21.766,1.6172,1.61746,1.00,1.00
2014.06.04 12:40:25.520,1.61727,1.61746,1.00,1.00
2014.06.04 12:40:25.823,1.61729,1.61746,1.00,1.00
2014.06.04 12:40:26.277,1.61724,1.61746,1.00,1.00
2014.06.04 12:40:26.379,1.61722,1.61747,1.00,1.00
2014.06.04 12:40:26.943,1.61721,1.61747,1.50,1.00
2014.06.04 12:40:28.199,1.61724,1.61747,1.00,1.00
2014.06.04 12:40:28.715,1.61724,1.61746,1.00,1.00
2014.06.04 12:40:32.781,1.61719,1.61746,1.60,1.00
2014.06.04 12:40:33.303,1.61715,1.61746,1.30,1.00
2014.06.04 12:40:33.354,1.61715,1.61737,1.30,1.00
2014.06.04 12:40:33.919,1.61712,1.61737,1.80,1.00
2014.06.04 12:40:34.583,1.61712,1.61736,1.30,1.00
2014.06.04 12:40:34.854,1.61713,1.61746,1.80,1.00
2014.06.04 12:40:35.571,1.61713,1.61747,1.80,1.00
2014.06.04 12:40:38.064,1.61713,1.61737,1.00,1.00
2014.06.04 12:40:38.266,1.61714,1.61746,1.00,1.00
2014.06.04 12:40:38.834,1.61713,1.61747,1.50,1.50
2014.06.04 12:40:41.345,1.61713,1.61745,1.00,1.00
2014.06.04 12:40:41.663,1.61711,1.61736,1.00,1.00
2014.06.04 12:40:42.005,1.61713,1.61736,1.00,1.00
2014.06.04 12:40:44.143,1.61713,1.61737,1.00,1.50
2014.06.04 12:40:45.304,1.61713,1.61736,1.00,1.00
2014.06.04 12:40:46.867,1.61713,1.61737,1.00,1.00
2014.06.04 12:40:49.715,1.61712,1.61737,1.00,1.00
2014.06.04 12:40:53.855,1.61712,1.61736,1.00,1.00
2014.06.04 12:40:54.624,1.61713,1.61742,1.00,1.50
2014.06.04 12:40:57.487,1.61714,1.61742,1.00,1.00
2014.06.04 12:40:58.035,1.61713,1.61742,1.00,1.00
2014.06.04 12:40:59.268,1.61713,1.61747,1.00,1.50
2014.06.04 12:41:00.224,1.61713,1.61745,1.00,1.00
2014.06.04 12:41:01.828,1.61714,1.61745,1.00,1.00
2014.06.04 12:41:02.130,1.61703,1.61737,1.00,1.00
2014.06.04 12:41:02.636,1.61704,1.61736,1.00,1.00
2014.06.04 12:41:02.904,1.61714,1.61738,1.00,1.00
2014.06.04 12:41:03.186,1.61711,1.61736,1.00,1.00
2014.06.04 12:41:04.015,1.61711,1.61737,1.00,1.00
2014.06.04 12:41:06.703,1.61711,1.61736,1.00,1.00
2014.06.04 12:41:09.114,1.61711,1.61737,1.00,1.00
2014.06.04 12:41:13.632,1.61711,1.61736,1.00,1.00
2014.06.04 12:41:14.246,1.61711,1.61737,1.00,1.00
2014.06.04 12:41:16.053,1.61714,1.61737,1.00,1.00
2014.06.04 12:41:16.155,1.61714,1.61743,1.50,3.00
2014.06.04 12:41:16.730,1.61716,1.61746,1.00,1.00
2014.06.04 12:41:18.805,1.6172,1.61746,1.00,1.00
2014.06.04 12:41:18.907,1.6172,1.61754,1.00,1.00
2014.06.04 12:41:18.957,1.61722,1.61754,1.00,1.00
2014.06.04 12:41:19.058,1.61722,1.61756,1.50,1.50
2014.06.04 12:41:19.109,1.61724,1.61756,1.00,1.00
2014.06.04 12:41:19.693,1.61724,1.61757,1.00,1.00
2014.06.04 12:41:20.194,1.61724,1.61756,1.00,1.00
2014.06.04 12:41:20.516,1.61727,1.61756,1.00,1.00
2014.06.04 12:41:20.852,1.61734,1.61756,1.00,1.00
2014.06.04 12:41:21.154,1.6174,1.61766,1.00,1.00
2014.06.04 12:41:21.286,1.61742,1.61766,1.00,1.00
2014.06.04 12:41:21.899,1.61738,1.61766,1.00,1.00
2014.06.04 12:41:22.113,1.61738,1.61756,1.00,1.00
2014.06.04 12:41:26.183,1.61738,1.61757,1.00,1.00
2014.06.04 12:41:26.847,1.61738,1.61756,1.00,1.00
2014.06.04 12:41:28.052,1.61738,1.61757,1.00,1.00
2014.06.04 12:41:28.158,1.61733,1.61757,1.00,1.00
2014.06.04 12:41:28.259,1.61736,1.61757,1.00,1.00
2014.06.04 12:41:28.795,1.61737,1.61756,1.00,1.00
2014.06.04 12:41:29.305,1.61738,1.61766,1.00,1.00
2014.06.04 12:41:29.456,1.61734,1.61766,1.50,1.00
2014.06.04 12:41:30.033,1.61734,1.61767,1.00,1.00
2014.06.04 12:41:30.104,1.61738,1.61767,1.00,1.00
2014.06.04 12:41:30.803,1.61738,1.61756,1.00,1.00
2014.06.04 12:41:31.643,1.61737,1.61756,1.00,1.00
2014.06.04 12:41:33.293,1.61736,1.61756,1.00,1.00
2014.06.04 12:41:37.174,1.61732,1.61756,1.00,1.00
2014.06.04 12:41:37.376,1.61729,1.61756,1.00,1.00
2014.06.04 12:41:39.944,1.61729,1.61757,1.00,1.00
2014.06.04 12:41:42.585,1.61729,1.61756,1.00,1.00
2014.06.04 12:41:43.342,1.61729,1.61757,1.50,1.00
2014.06.04 12:41:44.886,1.61729,1.61756,1.00,1.00
2014.06.04 12:41:46.184,1.61729,1.61757,2.25,1.00
2014.06.04 12:41:46.848,1.61734,1.61766,1.00,1.00
2014.06.04 12:41:46.899,1.61736,1.61766,1.00,1.00
2014.06.04 12:41:47.152,1.61738,1.61776,1.00,1.00
2014.06.04 12:41:47.253,1.61745,1.61777,1.00,1.50
2014.06.04 12:41:47.456,1.61746,1.61785,1.00,1.50
2014.06.04 12:41:47.506,1.61746,1.61776,1.00,1.00
2014.06.04 12:41:47.608,1.61748,1.61779,1.00,1.00
2014.06.04 12:41:47.709,1.61755,1.61787,1.00,1.50
2014.06.04 12:41:47.911,1.61758,1.61787,1.00,1.00
2014.06.04 12:41:48.422,1.61758,1.61786,1.00,1.00
2014.06.04 12:41:48.939,1.61758,1.61787,1.00,1.00
2014.06.04 12:41:49.454,1.61758,1.61786,1.00,1.00
2014.06.04 12:41:51.593,1.61758,1.61796,1.00,1.00
2014.06.04 12:41:51.644,1.61761,1.61796,1.00,1.00
2014.06.04 12:41:51.947,1.61767,1.61796,1.00,1.00
2014.06.04 12:41:52.612,1.61767,1.61797,1.00,1.00
2014.06.04 12:41:52.923,1.6177,1.61796,1.00,1.00
2014.06.04 12:41:53.227,1.61772,1.61796,1.00,1.00
2014.06.04 12:41:53.429,1.61777,1.61807,1.00,1.00
2014.06.04 12:41:56.124,1.61777,1.61806,1.00,1.00
2014.06.04 12:41:58.342,1.61777,1.61807,1.00,1.00
2014.06.04 12:41:59.789,1.61777,1.61814,1.00,1.50
2014.06.04 12:41:59.890,1.61777,1.61807,1.00,1.00
2014.06.04 12:42:01.781,1.61788,1.61807,1.00,1.00
2014.06.04 12:42:01.883,1.61789,1.61815,1.00,1.00
2014.06.04 12:42:01.933,1.61792,1.61815,1.00,1.00
2014.06.04 12:42:02.085,1.61794,1.61826,1.00,1.00
2014.06.04 12:42:02.185,1.61798,1.61826,1.00,1.00
2014.06.04 12:42:02.286,1.61798,1.61833,1.00,1.00
2014.06.04 12:42:02.395,1.61801,1.61836,1.00,1.50
2014.06.04 12:42:02.903,1.61801,1.61827,1.00,1.00
2014.06.04 12:42:04.803,1.618,1.61827,1.00,1.00
2014.06.04 12:42:11.341,1.618,1.61817,1.00,1.00
2014.06.04 12:42:11.392,1.61798,1.61817,1.00,1.00
2014.06.04 12:42:12.082,1.61798,1.61808,1.00,1.00
2014.06.04 12:42:12.235,1.61785,1.61807,1.58,1.00
2014.06.04 12:42:12.508,1.61789,1.61806,1.00,1.00
2014.06.04 12:42:12.710,1.61774,1.61806,1.00,1.00
2014.06.04 12:42:12.862,1.61772,1.61797,1.50,1.00
2014.06.04 12:42:14.803,1.61772,1.61796,1.00,1.00
2014.06.04 12:42:15.831,1.61771,1.61796,1.00,1.00
2014.06.04 12:42:16.901,1.61771,1.61797,1.00,1.00
2014.06.04 12:42:18.103,1.61771,1.61807,1.00,1.00
2014.06.04 12:42:18.357,1.61774,1.61807,1.00,1.00
2014.06.04 12:42:18.696,1.6178,1.61807,1.00,1.00
2014.06.04 12:42:18.747,1.61774,1.61807,2.25,1.00
2014.06.04 12:42:21.072,1.61774,1.61806,2.25,1.00
2014.06.04 12:42:22.173,1.61775,1.61806,1.00,1.00
2014.06.04 12:42:22.664,1.61774,1.61797,1.00,1.00
2014.06.04 12:42:22.715,1.61772,1.61797,1.00,1.00
2014.06.04 12:42:22.766,1.61767,1.61797,1.50,1.00
2014.06.04 12:42:23.450,1.61768,1.61797,1.00,1.00
2014.06.04 12:42:24.883,1.61768,1.61796,1.00,1.00
2014.06.04 12:42:25.432,1.61772,1.61796,1.50,1.00
2014.06.04 12:42:25.482,1.61772,1.61807,1.50,1.00
2014.06.04 12:42:25.533,1.61774,1.61807,1.00,1.00
2014.06.04 12:42:26.293,1.61775,1.61807,1.00,1.00
2014.06.04 12:42:27.618,1.61766,1.61801,1.00,1.00
2014.06.04 12:42:28.040,1.61765,1.61799,1.00,1.00
2014.06.04 12:42:28.377,1.61765,1.61787,1.00,1.00
2014.06.04 12:42:28.428,1.61762,1.61787,1.00,1.00
2014.06.04 12:42:29.646,1.61762,1.61797,1.00,1.00
2014.06.04 12:42:30.147,1.61765,1.61797,1.00,1.00
2014.06.04 12:42:31.689,1.61766,1.61797,1.00,1.00
2014.06.04 12:42:31.862,1.61757,1.61796,1.00,1.00
2014.06.04 12:42:32.391,1.61757,1.61787,1.00,1.00
2014.06.04 12:42:33.378,1.61757,1.61777,1.00,1.00
2014.06.04 12:42:33.429,1.61755,1.61777,1.00,1.00
2014.06.04 12:42:33.993,1.61754,1.61777,1.50,1.00
2014.06.04 12:42:35.045,1.61754,1.61776,2.25,1.00
2014.06.04 12:42:42.059,1.61756,1.61776,1.00,1.00
2014.06.04 12:42:42.410,1.61756,1.61787,1.00,1.00
2014.06.04 12:42:42.774,1.61759,1.61787,1.00,1.00
2014.06.04 12:42:43.127,1.61761,1.61787,1.00,1.00
2014.06.04 12:42:43.177,1.61758,1.61787,1.00,1.00
2014.06.04 12:42:46.071,1.61758,1.61797,1.00,2.25
2014.06.04 12:42:52.921,1.61758,1.61796,1.00,1.00
2014.06.04 12:42:53.022,1.61758,1.61786,1.00,1.00
2014.06.04 12:43:00.316,1.61755,1.61786,1.00,1.00
2014.06.04 12:43:02.166,1.61755,1.61776,1.00,1.00
2014.06.04 12:43:02.217,1.6175,1.61776,1.05,1.00
2014.06.04 12:43:02.368,1.61748,1.61766,1.80,1.00
2014.06.04 12:43:02.974,1.61744,1.61767,1.80,1.00
2014.06.04 12:43:03.176,1.61745,1.61767,1.50,1.00
2014.06.04 12:43:03.428,1.61741,1.61766,3.00,1.00
2014.06.04 12:43:03.935,1.61737,1.61766,1.50,1.00
2014.06.04 12:43:04.412,1.6174,1.61766,1.00,1.00
2014.06.04 12:43:04.946,1.61741,1.61757,1.00,1.00
2014.06.04 12:43:06.032,1.61741,1.61766,1.00,1.00
2014.06.04 12:43:06.234,1.61745,1.61766,1.00,1.00
2014.06.04 12:43:10.137,1.61749,1.61777,1.00,1.00
2014.06.04 12:43:10.339,1.61749,1.61766,1.00,1.00
2014.06.04 12:43:10.709,1.61746,1.61766,1.00,1.00
2014.06.04 12:43:10.928,1.61744,1.61766,1.00,1.00
2014.06.04 12:43:11.142,1.61741,1.61766,2.25,1.00
2014.06.04 12:43:11.244,1.61741,1.61757,1.00,1.00
2014.06.04 12:43:11.547,1.61738,1.61757,1.00,1.00
2014.06.04 12:43:12.082,1.61737,1.61766,1.00,1.00
2014.06.04 12:43:12.596,1.61736,1.61766,1.00,1.00
2014.06.04 12:43:12.647,1.61736,1.61757,1.00,1.00
2014.06.04 12:43:14.061,1.61736,1.61766,1.00,1.00
2014.06.04 12:43:16.372,1.61736,1.61767,1.00,1.00
2014.06.04 12:43:16.888,1.61737,1.61767,1.00,1.00
2014.06.04 12:43:17.851,1.61737,1.61767,1.60,1.00
2014.06.04 12:43:18.153,1.61743,1.61767,1.00,1.00
2014.06.04 12:43:18.662,1.61742,1.61767,1.00,1.00
2014.06.04 12:43:18.787,1.6174,1.61767,1.00,1.00
2014.06.04 12:43:19.747,1.61739,1.61767,1.00,1.00
2014.06.04 12:43:19.848,1.61737,1.61767,1.00,1.00
2014.06.04 12:43:20.381,1.61737,1.61766,1.00,1.00
2014.06.04 12:43:21.292,1.61741,1.61766,1.00,1.00
2014.06.04 12:43:21.444,1.61746,1.61777,1.00,1.00
2014.06.04 12:43:21.924,1.61744,1.61776,1.50,1.00
2014.06.04 12:43:22.025,1.61743,1.61766,1.00,1.00
2014.06.04 12:43:22.075,1.61741,1.61766,1.50,1.00
2014.06.04 12:43:23.030,1.61738,1.61766,1.50,1.00
2014.06.04 12:43:24.352,1.61738,1.61767,1.00,1.00
2014.06.04 12:43:26.442,1.61738,1.61766,1.00,1.00
2014.06.04 12:43:30.732,1.61738,1.61767,1.00,1.00
2014.06.04 12:43:33.159,1.61739,1.61767,1.00,1.00
2014.06.04 12:43:33.273,1.61741,1.61767,1.00,1.00
2014.06.04 12:43:35.464,1.61742,1.61767,1.00,1.00
2014.06.04 12:43:35.981,1.61744,1.61766,1.00,1.00
2014.06.04 12:43:36.132,1.61744,1.61776,2.25,1.00
2014.06.04 12:43:36.493,1.61746,1.61776,1.00,1.00
2014.06.04 12:43:37.333,1.61746,1.61777,1.00,1.00
2014.06.04 12:43:37.727,1.61751,1.61777,1.00,1.00
2014.06.04 12:43:38.931,1.61748,1.61777,1.50,1.00
2014.06.04 12:43:39.032,1.61746,1.61776,1.00,1.00
2014.06.04 12:43:39.316,1.61749,1.61777,1.00,1.00
2014.06.04 12:43:40.976,1.61749,1.61776,1.00,1.00
2014.06.04 12:43:41.959,1.61752,1.61785,1.00,1.00
2014.06.04 12:43:42.111,1.61753,1.61787,1.00,1.00
2014.06.04 12:43:42.162,1.61754,1.61789,1.00,1.00
2014.06.04 12:43:42.402,1.61753,1.61787,1.50,1.00
2014.06.04 12:43:43.233,1.61754,1.61786,1.00,1.00
2014.06.04 12:43:43.756,1.61753,1.61786,1.50,1.00
2014.06.04 12:43:44.059,1.61764,1.61796,1.00,1.00
2014.06.04 12:43:44.569,1.61769,1.61797,1.00,1.00
2014.06.04 12:43:46.132,1.61769,1.61796,1.00,1.00
2014.06.04 12:43:46.361,1.61765,1.61796,1.00,1.00
2014.06.04 12:43:46.464,1.61762,1.61796,1.00,1.00
2014.06.04 12:43:47.730,1.61761,1.61796,1.50,1.00
2014.06.04 12:43:49.831,1.61761,1.61797,1.50,1.00
2014.06.04 12:43:52.800,1.61761,1.61786,1.00,1.00
2014.06.04 12:43:52.960,1.61758,1.61786,1.00,1.00
2014.06.04 12:43:53.350,1.61757,1.61777,1.00,1.00
2014.06.04 12:43:54.611,1.61757,1.61786,1.00,1.00
2014.06.04 12:43:54.663,1.61754,1.61786,1.00,1.00
2014.06.04 12:43:54.714,1.61753,1.61776,1.00,1.00
2014.06.04 12:43:55.752,1.61754,1.61776,1.00,1.00
2014.06.04 12:43:57.968,1.61751,1.61776,2.25,1.00
2014.06.04 12:43:58.373,1.6175,1.61766,1.00,1.00
2014.06.04 12:43:58.474,1.61741,1.61766,1.50,1.00
2014.06.04 12:43:59.022,1.6174,1.61766,1.00,1.00
2014.06.04 12:44:00.476,1.61738,1.61766,1.00,1.00
2014.06.04 12:44:00.577,1.61738,1.61757,1.00,1.00
2014.06.04 12:44:00.728,1.61736,1.61757,1.00,1.00
2014.06.04 12:44:01.352,1.61736,1.61756,1.00,1.00
2014.06.04 12:44:01.857,1.61735,1.61756,1.50,1.00
2014.06.04 12:44:02.074,1.61739,1.61756,1.00,1.00
2014.06.04 12:44:02.125,1.61743,1.61771,1.00,1.00
2014.06.04 12:44:02.176,1.61746,1.61771,1.00,1.00
2014.06.04 12:44:02.386,1.61753,1.61779,1.00,1.00
2014.06.04 12:44:02.537,1.61753,1.61787,1.00,1.00
2014.06.04 12:44:02.855,1.61753,1.61787,2.10,1.00
2014.06.04 12:44:03.158,1.61764,1.61793,1.00,1.00
2014.06.04 12:44:03.472,1.61759,1.61786,1.00,1.00
2014.06.04 12:44:03.674,1.61755,1.61787,1.00,1.00
2014.06.04 12:44:03.775,1.61753,1.61787,2.25,1.00
2014.06.04 12:44:04.256,1.61755,1.61786,1.00,1.00
2014.06.04 12:44:04.660,1.61751,1.61786,2.25,1.00
2014.06.04 12:44:04.970,1.61749,1.61786,1.00,1.00
2014.06.04 12:44:05.299,1.61749,1.61776,1.00,1.00
2014.06.04 12:44:05.400,1.61746,1.61776,1.50,1.00
2014.06.04 12:44:05.892,1.61744,1.61776,1.00,1.00
2014.06.04 12:44:06.275,1.61746,1.61776,1.00,1.00
2014.06.04 12:44:09.304,1.61744,1.61776,1.00,1.00
2014.06.04 12:44:09.881,1.61743,1.61777,1.50,1.00
2014.06.04 12:44:10.423,1.61744,1.61776,1.00,1.00
2014.06.04 12:44:16.175,1.61749,1.61776,1.00,1.00
2014.06.04 12:44:16.381,1.61755,1.61785,1.00,1.00
2014.06.04 12:44:16.634,1.61758,1.61784,1.00,1.00
2014.06.04 12:44:16.737,1.61758,1.61786,1.00,1.00
2014.06.04 12:44:16.944,1.61764,1.61796,1.00,1.00
2014.06.04 12:44:17.146,1.61773,1.61797,1.00,1.00
2014.06.04 12:44:17.197,1.61773,1.61801,1.00,1.00
2014.06.04 12:44:17.359,1.61764,1.61797,1.00,1.00
2014.06.04 12:44:18.367,1.61764,1.61796,1.50,1.00
2014.06.04 12:44:19.037,1.61764,1.61797,1.00,1.50
2014.06.04 12:44:19.654,1.61764,1.61796,1.50,1.00
2014.06.04 12:44:20.221,1.61764,1.61797,1.50,1.00
2014.06.04 12:44:21.649,1.61764,1.61796,2.25,1.00
2014.06.04 12:44:23.767,1.61764,1.61797,1.00,1.00
2014.06.04 12:44:24.338,1.61764,1.61796,1.50,1.00
2014.06.04 12:44:24.999,1.61764,1.61797,1.00,1.00
2014.06.04 12:44:27.688,1.61764,1.61796,1.50,1.00
2014.06.04 12:44:35.378,1.61764,1.61786,1.00,1.00
2014.06.04 12:44:36.350,1.61764,1.61787,1.00,1.00
2014.06.04 12:44:38.099,1.61764,1.61796,1.50,1.00
2014.06.04 12:44:38.569,1.61764,1.61786,1.00,1.00
2014.06.04 12:44:38.931,1.61758,1.61787,1.60,1.00
2014.06.04 12:44:39.125,1.61764,1.61789,1.00,1.00
2014.06.04 12:44:39.176,1.61764,1.61796,1.00,1.00
2014.06.04 12:44:39.428,1.61766,1.61796,1.00,1.00
2014.06.04 12:44:39.968,1.61764,1.61796,1.00,1.00
2014.06.04 12:44:41.732,1.61763,1.61797,1.50,1.00
2014.06.04 12:44:42.400,1.61764,1.61796,1.00,1.00
2014.06.04 12:44:45.368,1.61774,1.61803,1.00,1.50
2014.06.04 12:44:47.672,1.61765,1.61797,1.00,1.00
2014.06.04 12:44:49.546,1.61765,1.61796,1.00,1.00
2014.06.04 12:44:53.061,1.61764,1.61796,1.00,1.00
2014.06.04 12:44:54.435,1.61769,1.61796,1.00,1.00
2014.06.04 12:44:55.059,1.61769,1.61797,1.00,1.00
2014.06.04 12:44:57.590,1.61769,1.61797,1.60,1.00
2014.06.04 12:44:57.641,1.61773,1.61803,1.00,1.00
2014.06.04 12:44:57.691,1.61778,1.61806,1.00,1.00
2014.06.04 12:44:57.994,1.61776,1.61796,1.50,1.00
2014.06.04 12:44:58.247,1.6177,1.61796,1.68,1.00
2014.06.04 12:44:58.764,1.6177,1.61797,1.50,1.00
2014.06.04 12:45:00.251,1.61771,1.61797,1.00,1.00
2014.06.04 12:45:00.795,1.61772,1.61797,1.00,1.00
2014.06.04 12:45:01.604,1.61774,1.61806,1.00,1.00
2014.06.04 12:45:03.924,1.61773,1.61797,1.00,1.00
2014.06.04 12:45:05.361,1.61773,1.61807,2.25,1.00
2014.06.04 12:45:05.563,1.61777,1.61806,1.00,1.00
2014.06.04 12:45:05.881,1.6178,1.61806,1.00,1.00
2014.06.04 12:45:06.415,1.6178,1.61807,1.00,1.00
2014.06.04 12:45:16.881,1.6178,1.61806,1.00,1.00
2014.06.04 12:45:20.681,1.6178,1.61807,1.00,1.00
2014.06.04 12:45:30.776,1.61781,1.61807,1.00,1.00
2014.06.04 12:45:31.834,1.61781,1.61806,1.00,1.00
2014.06.04 12:45:33.020,1.61781,1.61807,1.00,1.00
2014.06.04 12:45:34.142,1.61781,1.61806,1.00,1.00
2014.06.04 12:45:34.983,1.61778,1.61806,1.00,1.00
2014.06.04 12:45:36.632,1.61778,1.61807,1.00,1.00
2014.06.04 12:45:37.163,1.61778,1.61806,1.00,1.00
2014.06.04 12:45:40.642,1.61781,1.61806,1.80,1.00
2014.06.04 12:45:40.970,1.61784,1.61806,1.00,1.00
2014.06.04 12:45:45.211,1.61784,1.61807,1.00,1.00
2014.06.04 12:45:45.870,1.61784,1.61806,1.00,1.00
2014.06.04 12:45:46.379,1.61784,1.61807,1.00,1.00
2014.06.04 12:45:46.742,1.61781,1.61807,1.80,1.00
2014.06.04 12:45:47.298,1.61781,1.61807,1.30,1.00
2014.06.04 12:45:50.413,1.61781,1.61807,1.80,1.00
2014.06.04 12:45:50.949,1.61781,1.61806,1.80,1.00
2014.06.04 12:45:51.972,1.6178,1.61806,2.25,1.00
2014.06.04 12:45:52.074,1.61777,1.61806,1.50,1.00
2014.06.04 12:45:52.332,1.61777,1.61797,1.50,1.00
2014.06.04 12:45:52.672,1.61773,1.61796,1.50,1.00
2014.06.04 12:45:55.714,1.61768,1.61796,1.88,1.00
2014.06.04 12:45:55.815,1.61775,1.61796,1.00,1.00
2014.06.04 12:45:55.866,1.61775,1.61806,1.00,1.00
2014.06.04 12:45:56.018,1.61777,1.61806,1.00,1.00
2014.06.04 12:45:56.321,1.61775,1.61796,1.13,1.00
2014.06.04 12:45:56.472,1.61771,1.61796,1.50,1.00
2014.06.04 12:45:56.573,1.61766,1.61796,1.00,1.00
2014.06.04 12:45:56.674,1.61773,1.61796,1.00,1.00
2014.06.04 12:45:57.002,1.61761,1.61786,1.50,1.00
2014.06.04 12:45:57.213,1.61761,1.61796,2.25,1.00
2014.06.04 12:45:57.418,1.61761,1.61778,2.25,1.00
2014.06.04 12:45:57.571,1.61757,1.61776,1.50,1.00
2014.06.04 12:45:57.622,1.61757,1.61786,1.50,1.00
2014.06.04 12:45:58.381,1.61757,1.61776,1.50,1.00
2014.06.04 12:46:01.970,1.61757,1.61777,1.50,1.00
2014.06.04 12:46:02.643,1.61761,1.61787,1.00,1.00
2014.06.04 12:46:02.694,1.61765,1.61787,1.00,1.00
2014.06.04 12:46:03.071,1.61765,1.61779,1.00,1.00
2014.06.04 12:46:03.173,1.61765,1.61786,1.00,1.00
2014.06.04 12:46:03.224,1.61759,1.61786,1.50,1.00
2014.06.04 12:46:03.425,1.61763,1.61795,1.00,1.00
2014.06.04 12:46:03.527,1.61763,1.61797,1.00,1.00
2014.06.04 12:46:03.628,1.61763,1.61786,1.00,1.00
2014.06.04 12:46:03.729,1.61764,1.61796,1.00,1.00
2014.06.04 12:46:04.847,1.61764,1.61802,1.50,1.00
2014.06.04 12:46:04.948,1.61767,1.61805,1.00,1.00
2014.06.04 12:46:05.897,1.61768,1.61806,1.00,1.00
2014.06.04 12:46:06.456,1.61768,1.61807,1.00,1.00
2014.06.04 12:46:07.161,1.61768,1.61796,1.50,1.00
2014.06.04 12:46:08.122,1.61768,1.61797,1.50,1.00
2014.06.04 12:46:08.846,1.61768,1.61796,1.50,1.00
2014.06.04 12:46:12.081,1.61768,1.61806,1.50,1.00
2014.06.04 12:46:17.152,1.61768,1.61797,1.00,1.00
2014.06.04 12:46:17.203,1.61766,1.61797,1.00,1.00
2014.06.04 12:46:17.455,1.61764,1.61797,1.00,1.00
2014.06.04 12:46:17.606,1.61762,1.61797,1.00,1.00
2014.06.04 12:46:19.143,1.61759,1.61797,1.00,1.00
2014.06.04 12:46:19.395,1.61759,1.61787,1.00,1.00
2014.06.04 12:46:19.718,1.61758,1.61777,1.00,1.00
2014.06.04 12:46:19.831,1.61758,1.61786,1.00,1.00
2014.06.04 12:46:19.882,1.61766,1.61786,1.00,1.00
2014.06.04 12:46:20.035,1.61763,1.61786,1.00,1.00
2014.06.04 12:46:20.338,1.61759,1.61786,1.50,1.00
2014.06.04 12:46:20.899,1.61759,1.61787,1.50,1.00
2014.06.04 12:46:23.501,1.6176,1.61787,1.00,1.00
2014.06.04 12:46:23.652,1.61764,1.61786,1.00,1.00
2014.06.04 12:46:24.362,1.61765,1.61787,1.00,1.00
2014.06.04 12:46:27.219,1.61763,1.61787,1.50,1.00
2014.06.04 12:46:27.991,1.61764,1.61787,1.00,1.00
2014.06.04 12:46:29.170,1.61763,1.61787,1.05,1.00
2014.06.04 12:46:29.972,1.61764,1.61787,1.00,1.00
2014.06.04 12:46:30.505,1.61765,1.61787,1.00,1.00
2014.06.04 12:46:31.159,1.61765,1.61797,1.00,1.00
2014.06.04 12:46:31.394,1.61768,1.61805,1.00,1.00
2014.06.04 12:46:33.229,1.61768,1.61797,1.00,1.00
2014.06.04 12:46:34.712,1.61765,1.61797,1.00,1.00
2014.06.04 12:46:35.377,1.61767,1.61797,1.00,1.00
2014.06.04 12:46:41.690,1.61771,1.61797,1.00,1.00
2014.06.04 12:46:41.842,1.61773,1.61807,1.50,1.00
2014.06.04 12:46:41.994,1.61776,1.61807,1.00,1.00
2014.06.04 12:46:42.349,1.61776,1.61797,1.00,1.00
2014.06.04 12:46:42.501,1.61776,1.61807,1.00,1.00
2014.06.04 12:46:42.982,1.61779,1.61807,1.00,1.00
2014.06.04 12:46:44.141,1.61779,1.61806,1.00,1.00
2014.06.04 12:46:46.220,1.61777,1.61806,1.00,1.00
2014.06.04 12:46:47.475,1.61777,1.61807,1.00,1.00
2014.06.04 12:46:49.004,1.61774,1.61807,1.05,1.00
2014.06.04 12:46:49.860,1.61774,1.61806,1.05,1.00
2014.06.04 12:46:52.070,1.61773,1.61807,1.80,1.00
2014.06.04 12:46:55.555,1.61779,1.61807,1.00,1.00
2014.06.04 12:46:56.063,1.61778,1.61806,1.00,1.00
2014.06.04 12:46:56.113,1.61776,1.61806,1.00,1.00
2014.06.04 12:46:57.328,1.61776,1.61807,1.00,1.00
2014.06.04 12:46:58.898,1.61776,1.61807,2.10,1.00
2014.06.04 12:46:58.997,1.61779,1.61807,1.00,1.00
2014.06.04 12:46:59.335,1.61783,1.61806,1.00,1.00
2014.06.04 12:46:59.639,1.61787,1.61806,1.00,1.00
2014.06.04 12:47:00.616,1.61784,1.61806,1.00,1.00
2014.06.04 12:47:00.819,1.61784,1.61816,1.50,1.00
2014.06.04 12:47:00.951,1.61782,1.61806,1.00,1.00
2014.06.04 12:47:01.103,1.61779,1.61806,1.50,1.00
2014.06.04 12:47:01.356,1.61782,1.61806,1.00,1.00
2014.06.04 12:47:01.407,1.61784,1.61816,1.00,1.00
2014.06.04 12:47:01.508,1.61784,1.61807,1.00,1.00
2014.06.04 12:47:01.710,1.6178,1.61806,1.00,1.00
2014.06.04 12:47:03.210,1.61782,1.61806,1.00,1.00
2014.06.04 12:47:04.449,1.61784,1.61816,1.00,1.50
2014.06.04 12:47:04.551,1.61786,1.61817,1.00,1.00
2014.06.04 12:47:05.202,1.61786,1.61816,1.00,1.00
2014.06.04 12:47:05.519,1.61788,1.61817,1.00,1.00
2014.06.04 12:47:05.849,1.61784,1.61816,1.50,1.00
2014.06.04 12:47:06.090,1.61784,1.61806,1.00,1.00
2014.06.04 12:47:06.436,1.61787,1.61817,1.00,1.00
2014.06.04 12:47:06.538,1.61789,1.61817,1.00,1.00
2014.06.04 12:47:06.980,1.61786,1.61817,1.00,1.00
2014.06.04 12:47:07.281,1.61784,1.61817,1.00,1.00
2014.06.04 12:47:07.841,1.61785,1.61816,1.00,1.00
2014.06.04 12:47:11.604,1.61786,1.61816,1.00,1.00
2014.06.04 12:47:12.200,1.6179,1.61816,1.00,1.00
2014.06.04 12:47:13.159,1.6179,1.61817,1.00,1.00
2014.06.04 12:47:13.462,1.61793,1.61816,1.00,1.00
2014.06.04 12:47:13.952,1.61793,1.61827,1.50,1.00
2014.06.04 12:47:14.073,1.61793,1.61816,1.00,1.00
2014.06.04 12:47:14.830,1.61793,1.61817,1.00,1.00
2014.06.04 12:47:15.637,1.61793,1.61816,1.00,1.00
2014.06.04 12:47:16.260,1.61793,1.61817,1.00,1.00
2014.06.04 12:47:16.822,1.61793,1.61816,1.00,1.00
2014.06.04 12:47:18.808,1.6179,1.61816,1.00,1.00
2014.06.04 12:47:24.352,1.61792,1.61816,1.00,1.00
2014.06.04 12:47:24.403,1.61794,1.61826,1.00,1.00
2014.06.04 12:47:24.454,1.61796,1.61826,1.00,1.00
2014.06.04 12:47:24.772,1.61798,1.61827,1.50,1.00
2014.06.04 12:47:25.210,1.618,1.61827,1.00,1.00
2014.06.04 12:47:25.792,1.618,1.61826,1.00,1.00
2014.06.04 12:47:27.629,1.618,1.61827,1.00,1.00
2014.06.04 12:47:28.093,1.61804,1.61836,1.00,1.00
2014.06.04 12:47:28.346,1.61804,1.61836,2.18,1.00
2014.06.04 12:47:28.850,1.61802,1.61826,1.68,1.00
2014.06.04 12:47:28.901,1.61802,1.61826,1.43,1.00
2014.06.04 12:47:29.421,1.61801,1.61826,1.00,1.00
2014.06.04 12:47:29.472,1.61795,1.61826,1.00,1.00
2014.06.04 12:47:30.049,1.61795,1.61827,1.00,1.00
2014.06.04 12:47:32.408,1.61795,1.61832,1.00,1.00
2014.06.04 12:47:32.661,1.61799,1.61837,1.00,1.50
2014.06.04 12:47:33.163,1.618,1.61836,1.00,1.00
2014.06.04 12:47:34.338,1.618,1.61837,1.00,1.00
2014.06.04 12:47:34.894,1.61801,1.61836,1.00,1.00
2014.06.04 12:47:36.219,1.61804,1.61837,1.00,1.00
2014.06.04 12:47:36.524,1.618,1.61836,2.25,1.00
2014.06.04 12:47:36.625,1.61798,1.61836,1.50,1.00
2014.06.04 12:47:36.676,1.61798,1.61826,1.50,1.00
2014.06.04 12:47:37.196,1.61798,1.61827,1.00,1.00
2014.06.04 12:47:37.368,1.61796,1.61826,1.00,1.00
2014.06.04 12:47:37.470,1.61794,1.61817,1.00,1.00
2014.06.04 12:47:37.571,1.6179,1.61817,1.00,1.00
2014.06.04 12:47:38.288,1.61791,1.61817,1.00,1.00
2014.06.04 12:47:38.339,1.61794,1.61826,1.00,1.00
2014.06.04 12:47:38.438,1.61798,1.61826,1.00,1.00
2014.06.04 12:47:38.964,1.61799,1.61826,1.00,1.00
2014.06.04 12:47:39.639,1.61801,1.61827,1.00,1.00
2014.06.04 12:47:40.315,1.61805,1.61826,1.00,1.00
2014.06.04 12:47:40.417,1.61806,1.61836,1.00,1.00
2014.06.04 12:47:40.938,1.61806,1.61837,1.00,1.00
2014.06.04 12:47:41.451,1.61807,1.61837,1.00,1.00
2014.06.04 12:47:42.369,1.61807,1.61827,1.00,1.00
2014.06.04 12:47:43.041,1.61806,1.61827,1.00,1.00
2014.06.04 12:47:43.243,1.61803,1.61827,1.50,1.00
2014.06.04 12:47:43.344,1.61799,1.61827,1.00,1.00
2014.06.04 12:47:43.546,1.61795,1.61827,1.00,1.50
2014.06.04 12:47:43.647,1.61789,1.61827,1.00,1.50
2014.06.04 12:47:43.698,1.61787,1.61817,2.25,1.00
2014.06.04 12:47:44.042,1.61787,1.61806,1.00,1.00
2014.06.04 12:47:45.565,1.61791,1.61816,1.00,1.00
2014.06.04 12:47:46.075,1.61791,1.61817,1.00,1.00
2014.06.04 12:47:46.736,1.6179,1.61817,1.00,1.00
2014.06.04 12:47:48.541,1.6179,1.61807,1.00,1.00
2014.06.04 12:47:48.650,1.61788,1.61807,1.00,1.00
2014.06.04 12:47:48.751,1.61781,1.61806,1.00,1.00
2014.06.04 12:47:49.259,1.61782,1.61806,1.00,1.00
2014.06.04 12:47:49.763,1.61783,1.61806,1.00,1.00
2014.06.04 12:47:49.813,1.61783,1.61799,1.00,1.00
2014.06.04 12:47:49.968,1.61781,1.61797,1.50,1.00
2014.06.04 12:47:50.373,1.61781,1.61806,1.00,1.00
2014.06.04 12:47:51.501,1.61781,1.61806,1.53,1.00
2014.06.04 12:47:51.822,1.61781,1.61796,1.53,1.00
2014.06.04 12:47:51.923,1.61783,1.61806,1.53,1.00
2014.06.04 12:47:52.176,1.61783,1.61806,1.53,1.00
2014.06.04 12:47:52.479,1.6179,1.61807,1.00,1.00
2014.06.04 12:47:53.006,1.61789,1.61806,1.00,1.00
2014.06.04 12:47:53.573,1.61789,1.61807,1.00,1.00
2014.06.04 12:47:54.858,1.61789,1.618,1.00,1.00
2014.06.04 12:47:54.910,1.61787,1.618,1.00,1.00
2014.06.04 12:47:55.399,1.61787,1.61807,1.50,1.00
2014.06.04 12:47:55.557,1.6179,1.61807,1.50,1.00
2014.06.04 12:47:56.077,1.61789,1.61806,1.00,1.00
2014.06.04 12:47:56.639,1.61789,1.61807,1.00,1.00
2014.06.04 12:47:57.298,1.61789,1.61806,1.00,1.00
2014.06.04 12:47:57.878,1.61788,1.61806,1.00,1.00
2014.06.04 12:47:59.758,1.61788,1.61807,1.00,1.00
2014.06.04 12:48:00.864,1.61788,1.61806,1.00,1.00
2014.06.04 12:48:02.630,1.61788,1.61807,1.00,1.00
2014.06.04 12:48:03.671,1.61784,1.61807,1.00,1.00
2014.06.04 12:48:03.727,1.61781,1.61807,1.00,1.00
2014.06.04 12:48:05.741,1.61782,1.61807,1.00,1.00
2014.06.04 12:48:05.809,1.61782,1.61797,1.00,1.00
2014.06.04 12:48:08.831,1.61786,1.61799,1.00,1.00
2014.06.04 12:48:08.882,1.6179,1.61806,1.00,1.00
2014.06.04 12:48:08.983,1.6179,1.61816,1.50,1.00
2014.06.04 12:48:09.085,1.61793,1.61816,1.00,1.00
2014.06.04 12:48:09.650,1.61794,1.61816,1.00,1.00
2014.06.04 12:48:10.430,1.61796,1.61816,1.00,1.00
2014.06.04 12:48:10.749,1.61799,1.61816,1.00,1.00
2014.06.04 12:48:10.901,1.61797,1.61816,1.50,1.00
2014.06.04 12:48:11.330,1.61803,1.61816,1.00,1.00
2014.06.04 12:48:11.431,1.61801,1.61816,1.00,1.00
2014.06.04 12:48:11.482,1.61801,1.61827,1.00,1.00
2014.06.04 12:48:11.533,1.61799,1.61827,1.00,1.00
2014.06.04 12:48:11.685,1.61797,1.61827,1.50,1.00
2014.06.04 12:48:11.786,1.61802,1.61827,1.00,1.00
2014.06.04 12:48:12.108,1.61798,1.61817,1.00,1.00
2014.06.04 12:48:12.209,1.61796,1.61817,1.05,1.00
2014.06.04 12:48:12.360,1.61796,1.61826,1.05,1.00
2014.06.04 12:48:12.462,1.61794,1.61826,1.00,1.00
2014.06.04 12:48:12.513,1.61791,1.61816,3.00,1.00
2014.06.04 12:48:13.081,1.61791,1.61817,1.00,1.00
2014.06.04 12:48:14.992,1.61789,1.61817,1.00,1.00
2014.06.04 12:48:15.094,1.61786,1.61817,1.00,1.00
2014.06.04 12:48:15.245,1.61789,1.61826,1.00,1.00
2014.06.04 12:48:15.821,1.6179,1.61826,1.00,1.00
2014.06.04 12:48:15.922,1.6179,1.61817,1.00,1.00
2014.06.04 12:48:16.757,1.6179,1.61827,1.00,1.00
2014.06.04 12:48:16.909,1.6179,1.61816,1.00,1.00
2014.06.04 12:48:17.313,1.61792,1.61816,1.00,1.00
2014.06.04 12:48:18.374,1.61789,1.61807,1.00,1.00
2014.06.04 12:48:18.875,1.61789,1.61806,1.00,1.00
2014.06.04 12:48:20.438,1.61791,1.61806,1.00,1.00
2014.06.04 12:48:22.249,1.61791,1.61807,1.00,1.00
2014.06.04 12:48:23.539,1.61791,1.61806,1.00,1.00
2014.06.04 12:48:24.105,1.61791,1.61807,1.00,1.00
2014.06.04 12:48:24.592,1.61796,1.61807,1.00,1.00
2014.06.04 12:48:24.643,1.61796,1.61816,1.00,1.00
2014.06.04 12:48:24.694,1.61793,1.61816,1.50,1.00
2014.06.04 12:48:24.795,1.61796,1.61816,1.00,1.00
2014.06.04 12:48:25.299,1.61798,1.61816,1.00,1.00
2014.06.04 12:48:25.448,1.61801,1.61826,1.00,1.00
2014.06.04 12:48:25.703,1.61803,1.61826,1.00,1.00
2014.06.04 12:48:25.905,1.61801,1.61826,1.50,1.00
2014.06.04 12:48:26.809,1.61801,1.61827,1.50,1.00
2014.06.04 12:48:27.018,1.61804,1.61827,1.00,1.00
2014.06.04 12:48:27.220,1.61809,1.61836,1.00,1.00
2014.06.04 12:48:27.321,1.61813,1.61837,1.00,1.00
2014.06.04 12:48:27.422,1.61809,1.61837,1.50,1.00
2014.06.04 12:48:27.473,1.61813,1.61837,1.00,1.00
2014.06.04 12:48:27.776,1.61819,1.61836,1.00,1.00
2014.06.04 12:48:28.962,1.61825,1.61836,1.00,1.00
2014.06.04 12:48:29.113,1.61825,1.61846,1.00,1.00
2014.06.04 12:48:29.164,1.61833,1.61846,1.00,1.00
2014.06.04 12:48:29.216,1.61833,1.61856,1.00,1.00
2014.06.04 12:48:29.518,1.61831,1.61857,1.00,1.00
2014.06.04 12:48:29.628,1.61829,1.61846,1.00,1.00
2014.06.04 12:48:29.729,1.61825,1.61846,1.50,1.00
2014.06.04 12:48:30.084,1.6183,1.61847,1.00,1.00
2014.06.04 12:48:30.185,1.61828,1.61847,1.00,1.00
2014.06.04 12:48:30.455,1.61832,1.61847,1.00,1.00
2014.06.04 12:48:30.505,1.61832,1.61856,1.00,1.00
2014.06.04 12:48:30.657,1.61843,1.61856,1.00,1.00
2014.06.04 12:48:30.859,1.61848,1.61866,1.00,1.00
2014.06.04 12:48:30.910,1.61854,1.61866,1.00,1.00
2014.06.04 12:48:31.064,1.61854,1.61877,1.00,1.00
2014.06.04 12:48:31.240,1.61863,1.61876,1.00,1.00
2014.06.04 12:48:31.347,1.61861,1.61877,1.00,1.00
2014.06.04 12:48:31.398,1.61861,1.61871,1.00,1.00
2014.06.04 12:48:31.499,1.6185,1.61868,1.00,1.00
2014.06.04 12:48:31.551,1.61855,1.61867,1.00,1.00
2014.06.04 12:48:31.854,1.61841,1.61858,1.00,1.00
2014.06.04 12:48:32.009,1.61839,1.61857,1.50,1.00
2014.06.04 12:48:32.110,1.61839,1.61856,1.00,1.00
2014.06.04 12:48:32.160,1.61839,1.61849,1.00,1.00
2014.06.04 12:48:32.269,1.61839,1.61856,1.00,1.00
2014.06.04 12:48:32.471,1.61843,1.61856,1.00,1.00
2014.06.04 12:48:33.127,1.61843,1.61867,1.00,1.00
2014.06.04 12:48:33.229,1.61845,1.61867,1.00,1.00
2014.06.04 12:48:33.578,1.61845,1.61856,1.00,1.00
2014.06.04 12:48:34.081,1.6185,1.61867,1.00,1.00
2014.06.04 12:48:34.940,1.61845,1.61867,1.60,1.00
2014.06.04 12:48:35.192,1.61843,1.61859,1.60,1.00
2014.06.04 12:48:35.293,1.61842,1.61857,1.35,1.00
2014.06.04 12:48:35.395,1.6184,1.61856,1.60,1.00
2014.06.04 12:48:35.929,1.61845,1.61857,1.00,1.00
2014.06.04 12:48:36.509,1.61849,1.61857,1.00,1.00
2014.06.04 12:48:36.611,1.61843,1.61857,1.00,1.00
2014.06.04 12:48:38.830,1.61843,1.61867,1.00,1.00
2014.06.04 12:48:39.358,1.61843,1.61866,1.00,1.00
2014.06.04 12:48:40.211,1.61843,1.61856,1.00,1.00
2014.06.04 12:48:40.890,1.61842,1.61856,1.00,1.00
2014.06.04 12:48:41.042,1.61837,1.61856,1.00,1.00
2014.06.04 12:48:41.449,1.61833,1.61856,1.00,1.00
2014.06.04 12:48:41.550,1.61833,1.61846,1.00,1.00
2014.06.04 12:48:42.093,1.61832,1.61857,1.00,1.00
2014.06.04 12:48:42.546,1.6183,1.61846,1.00,1.00
2014.06.04 12:48:42.861,1.61833,1.61846,1.00,1.00
2014.06.04 12:48:42.912,1.61829,1.61846,1.00,1.00
2014.06.04 12:48:43.013,1.61826,1.61846,1.00,1.00
2014.06.04 12:48:43.574,1.61826,1.61847,1.00,1.00
2014.06.04 12:48:43.877,1.61832,1.61846,1.00,1.00
2014.06.04 12:48:43.978,1.61833,1.61856,1.00,1.00
2014.06.04 12:48:44.117,1.61835,1.61856,1.00,1.00
2014.06.04 12:48:45.289,1.61839,1.61856,1.00,1.00
2014.06.04 12:48:45.741,1.61836,1.61856,1.00,1.00
2014.06.04 12:48:45.994,1.61838,1.61856,1.00,1.00
2014.06.04 12:48:46.957,1.61831,1.61856,3.75,1.00
2014.06.04 12:48:47.159,1.61831,1.61846,1.00,1.00
2014.06.04 12:48:47.597,1.61831,1.61856,1.00,1.00
2014.06.04 12:48:47.819,1.61831,1.61846,1.00,1.00
2014.06.04 12:48:48.159,1.61831,1.61856,1.00,1.00
2014.06.04 12:48:48.372,1.61835,1.61857,1.00,1.00
2014.06.04 12:48:48.524,1.61833,1.61856,1.00,1.00
2014.06.04 12:48:49.268,1.61832,1.61856,1.00,1.00
2014.06.04 12:48:49.778,1.61832,1.61857,1.00,1.00
2014.06.04 12:48:50.538,1.61829,1.61857,1.00,1.00
2014.06.04 12:48:50.768,1.61825,1.61857,1.38,1.00
2014.06.04 12:48:50.819,1.61825,1.61847,1.00,1.00
2014.06.04 12:48:50.870,1.6182,1.61847,1.00,1.00
2014.06.04 12:48:51.021,1.61815,1.61846,1.38,1.00
2014.06.04 12:48:51.122,1.61814,1.61846,1.13,1.00
2014.06.04 12:48:51.641,1.61815,1.61847,1.00,1.00
2014.06.04 12:48:52.610,1.61815,1.61846,1.00,1.00
2014.06.04 12:48:53.760,1.61819,1.61846,1.60,1.00
2014.06.04 12:48:53.861,1.61826,1.61853,1.00,1.00
2014.06.04 12:48:53.912,1.61826,1.61857,1.00,1.00
2014.06.04 12:48:53.963,1.61834,1.61857,1.00,1.00
2014.06.04 12:48:54.165,1.61837,1.61868,1.00,1.50
2014.06.04 12:48:54.216,1.6183,1.61868,2.03,1.00
2014.06.04 12:48:54.492,1.61833,1.61856,1.68,1.00
2014.06.04 12:48:54.594,1.61829,1.61856,1.68,1.00
2014.06.04 12:48:54.695,1.61827,1.61856,3.60,1.00
2014.06.04 12:48:55.553,1.61827,1.61856,1.43,1.00
2014.06.04 12:48:55.604,1.61827,1.61846,1.43,1.00
2014.06.04 12:48:56.259,1.61827,1.61847,1.43,1.00
2014.06.04 12:48:56.847,1.61827,1.61846,1.43,1.00
2014.06.04 12:48:57.352,1.61827,1.61847,1.43,1.00
2014.06.04 12:48:57.453,1.61821,1.61847,1.88,1.00
2014.06.04 12:48:57.957,1.61821,1.61846,1.00,1.00
2014.06.04 12:48:58.490,1.61819,1.61847,1.00,1.00
2014.06.04 12:48:58.642,1.61819,1.61837,1.00,1.00
2014.06.04 12:48:58.945,1.61811,1.61837,2.25,1.00
2014.06.04 12:48:58.995,1.61811,1.61837,1.88,1.00
2014.06.04 12:48:59.500,1.61804,1.61836,1.00,1.00
2014.06.04 12:48:59.853,1.618,1.61827,1.00,1.00
2014.06.04 12:48:59.954,1.61798,1.61826,1.00,1.00
2014.06.04 12:49:00.158,1.61796,1.61826,1.00,1.00
2014.06.04 12:49:00.403,1.61796,1.61817,1.00,1.00
2014.06.04 12:49:00.606,1.61797,1.61827,1.00,1.00
2014.06.04 12:49:01.130,1.61796,1.61826,1.00,1.00
2014.06.04 12:49:02.287,1.61796,1.61816,1.00,1.00
2014.06.04 12:49:02.630,1.61796,1.61827,1.00,1.00
2014.06.04 12:49:03.526,1.61796,1.61817,1.00,1.00
2014.06.04 12:49:03.577,1.61793,1.61817,1.00,1.00
2014.06.04 12:49:04.900,1.61797,1.61817,1.00,1.00
2014.06.04 12:49:06.271,1.61797,1.61826,1.00,1.00
2014.06.04 12:49:06.431,1.61794,1.61826,1.00,1.00
2014.06.04 12:49:06.482,1.61789,1.61817,1.00,1.00
2014.06.04 12:49:06.936,1.61782,1.61816,1.00,1.00
2014.06.04 12:49:07.348,1.61784,1.61817,1.00,1.00
2014.06.04 12:49:08.681,1.61784,1.61814,1.00,1.00
2014.06.04 12:49:08.782,1.61776,1.61813,1.88,1.00
2014.06.04 12:49:09.035,1.61779,1.61814,1.00,1.00
2014.06.04 12:49:09.209,1.61779,1.61816,1.00,1.00
2014.06.04 12:49:09.260,1.61776,1.61816,2.03,1.00
2014.06.04 12:49:09.361,1.61776,1.61807,1.53,1.00
2014.06.04 12:49:09.670,1.61776,1.61807,1.53,1.00
2014.06.04 12:49:09.974,1.61776,1.61807,1.53,1.00
2014.06.04 12:49:10.126,1.61775,1.61807,1.00,1.00
2014.06.04 12:49:10.428,1.61779,1.61806,1.00,1.00
2014.06.04 12:49:11.147,1.61779,1.61807,1.00,1.00
2014.06.04 12:49:11.696,1.61779,1.61806,1.00,1.00
2014.06.04 12:49:11.867,1.61777,1.61806,1.00,1.00
2014.06.04 12:49:11.968,1.61775,1.61806,1.00,1.00
2014.06.04 12:49:12.346,1.61773,1.61807,1.50,1.00
2014.06.04 12:49:12.872,1.61774,1.61806,1.00,1.00
2014.06.04 12:49:14.338,1.61773,1.61807,1.00,1.00
2014.06.04 12:49:14.587,1.61773,1.61796,1.00,1.00
2014.06.04 12:49:17.658,1.61774,1.61806,1.00,1.00
2014.06.04 12:49:17.913,1.61778,1.61807,1.00,1.00
2014.06.04 12:49:21.165,1.6178,1.61806,1.00,1.00
2014.06.04 12:49:24.160,1.6178,1.61807,1.00,1.00
2014.06.04 12:49:24.377,1.61784,1.61816,1.00,1.00
2014.06.04 12:49:25.365,1.61783,1.61817,1.50,1.00
2014.06.04 12:49:25.832,1.61789,1.61816,1.00,1.00
2014.06.04 12:49:26.174,1.61787,1.61816,1.00,1.00
2014.06.04 12:49:26.780,1.61787,1.61806,1.00,1.00
2014.06.04 12:49:27.345,1.61787,1.61816,1.00,1.00
2014.06.04 12:49:29.781,1.61784,1.61816,1.00,1.00
2014.06.04 12:49:30.330,1.61785,1.61816,1.00,1.00
2014.06.04 12:49:30.381,1.6179,1.61816,1.00,1.00
2014.06.04 12:49:30.483,1.61787,1.61816,1.00,1.00
2014.06.04 12:49:30.753,1.61787,1.61806,1.00,1.00
2014.06.04 12:49:31.137,1.61787,1.61817,1.00,1.00
2014.06.04 12:49:31.828,1.61785,1.61817,1.05,1.50
2014.06.04 12:49:32.229,1.61787,1.61817,1.00,1.50
2014.06.04 12:49:32.380,1.61787,1.61823,1.00,1.00
2014.06.04 12:49:32.431,1.61797,1.61823,1.00,1.00
2014.06.04 12:49:32.482,1.61797,1.61829,1.00,1.00
2014.06.04 12:49:32.638,1.61803,1.6183,1.00,1.00
2014.06.04 12:49:32.689,1.61803,1.61837,1.50,1.00
2014.06.04 12:49:32.890,1.61804,1.61842,1.00,1.00
2014.06.04 12:49:32.941,1.61807,1.61844,1.00,1.00
2014.06.04 12:49:33.504,1.61805,1.61844,1.00,1.00
2014.06.04 12:49:33.993,1.61804,1.61842,1.00,1.00
2014.06.04 12:49:34.374,1.61802,1.61837,1.00,1.00
2014.06.04 12:49:35.168,1.61802,1.61836,1.00,1.00
2014.06.04 12:49:35.758,1.61802,1.61837,1.00,1.00
2014.06.04 12:49:37.586,1.61802,1.61836,1.00,1.00
2014.06.04 12:49:37.905,1.61802,1.61827,1.00,1.00
2014.06.04 12:49:38.932,1.61805,1.61827,1.00,1.00
2014.06.04 12:49:39.234,1.61801,1.61826,1.00,1.00
2014.06.04 12:49:43.596,1.61801,1.61827,1.00,1.00
2014.06.04 12:49:44.192,1.61801,1.61837,1.00,1.00
2014.06.04 12:49:47.914,1.61801,1.61826,1.00,1.00
2014.06.04 12:49:49.095,1.61801,1.61827,1.00,1.00
2014.06.04 12:49:49.914,1.61801,1.61826,1.00,1.00
2014.06.04 12:49:50.969,1.61798,1.61826,1.00,1.00
2014.06.04 12:49:52.326,1.61803,1.61835,1.00,1.00
2014.06.04 12:49:53.200,1.61801,1.61827,1.00,1.00
2014.06.04 12:49:53.875,1.61801,1.61826,1.00,1.00
2014.06.04 12:49:54.448,1.61801,1.61827,1.00,1.00
2014.06.04 12:49:55.144,1.61801,1.61826,1.00,1.00
2014.06.04 12:49:55.859,1.61801,1.61827,1.00,1.00
2014.06.04 12:49:59.127,1.61801,1.61826,1.00,1.00
2014.06.04 12:50:00.528,1.61804,1.61826,1.00,1.00
2014.06.04 12:50:02.146,1.61804,1.61827,1.00,1.00
2014.06.04 12:50:02.416,1.61801,1.61826,1.50,1.00
2014.06.04 12:50:03.056,1.61801,1.61827,1.50,1.00
2014.06.04 12:50:03.636,1.61801,1.61817,1.50,1.00
2014.06.04 12:50:04.145,1.61801,1.61816,1.50,1.00
2014.06.04 12:50:04.511,1.61798,1.61816,1.00,1.00
2014.06.04 12:50:05.020,1.61798,1.61817,1.00,1.00
2014.06.04 12:50:05.072,1.61795,1.61816,2.55,1.00
2014.06.04 12:50:05.173,1.61798,1.61816,1.00,1.00
2014.06.04 12:50:07.506,1.61798,1.61826,1.00,1.00
2014.06.04 12:50:07.706,1.61798,1.61817,1.00,1.00
2014.06.04 12:50:08.145,1.61798,1.61826,1.00,1.00
2014.06.04 12:50:09.797,1.61798,1.61827,1.00,1.00
2014.06.04 12:50:10.455,1.61798,1.61826,1.00,1.00
2014.06.04 12:50:12.184,1.61799,1.61826,1.00,1.00
2014.06.04 12:50:15.109,1.61799,1.61827,1.05,1.00
2014.06.04 12:50:15.667,1.61799,1.61826,1.05,1.00
2014.06.04 12:50:16.475,1.61798,1.61826,1.05,1.00
2014.06.04 12:50:17.960,1.61798,1.61827,1.05,1.00
2014.06.04 12:50:18.566,1.61798,1.61826,1.80,1.00
2014.06.04 12:50:18.686,1.61801,1.61826,1.00,1.00
2014.06.04 12:50:19.220,1.61801,1.61827,1.50,1.00
2014.06.04 12:50:19.886,1.61804,1.61827,1.00,1.00
2014.06.04 12:50:20.139,1.61804,1.61835,1.50,1.00
2014.06.04 12:50:21.136,1.61804,1.61836,1.50,1.00
2014.06.04 12:50:23.389,1.61804,1.61835,1.00,1.00
2014.06.04 12:50:25.865,1.61804,1.61826,1.00,1.00
2014.06.04 12:50:25.915,1.61801,1.61826,1.00,1.00
2014.06.04 12:50:30.327,1.61801,1.61827,1.00,1.00
2014.06.04 12:50:30.428,1.61798,1.61827,1.50,1.00
2014.06.04 12:50:31.426,1.61798,1.61826,1.50,1.00
2014.06.04 12:50:33.075,1.61798,1.61827,1.50,1.00
2014.06.04 12:50:34.512,1.61801,1.61827,1.00,1.00
2014.06.04 12:50:36.150,1.61798,1.61827,1.00,1.00
2014.06.04 12:50:36.359,1.61795,1.61826,1.00,1.50
2014.06.04 12:50:36.409,1.61795,1.61816,1.00,1.00
2014.06.04 12:50:36.725,1.61793,1.61816,1.00,1.00
2014.06.04 12:50:37.028,1.61791,1.61816,1.00,1.00
2014.06.04 12:50:37.988,1.61791,1.61817,1.00,1.00
2014.06.04 12:50:39.066,1.61791,1.61816,1.00,1.00
2014.06.04 12:50:39.863,1.61793,1.61824,1.00,1.00
2014.06.04 12:50:40.025,1.61793,1.61826,1.00,1.00
2014.06.04 12:50:40.581,1.61794,1.61825,1.00,1.00
2014.06.04 12:50:41.798,1.61794,1.61824,1.00,1.00
2014.06.04 12:50:42.006,1.61794,1.61826,1.00,1.50
2014.06.04 12:50:42.381,1.61794,1.61824,1.00,1.00
2014.06.04 12:50:43.216,1.61794,1.61825,1.00,1.00
2014.06.04 12:50:43.472,1.61784,1.61816,1.80,1.00
2014.06.04 12:50:44.132,1.61784,1.61817,1.05,1.00
2014.06.04 12:50:44.818,1.61784,1.61813,1.00,1.00
2014.06.04 12:50:45.337,1.61784,1.61814,1.00,1.58
2014.06.04 12:50:48.306,1.61781,1.61807,1.50,1.00
2014.06.04 12:50:48.510,1.61779,1.61807,1.00,1.00
2014.06.04 12:50:49.517,1.61779,1.61806,1.00,1.00
2014.06.04 12:50:50.203,1.61781,1.61806,1.00,1.00
2014.06.04 12:50:51.290,1.61784,1.61806,1.00,1.00
2014.06.04 12:50:52.337,1.61784,1.61807,1.00,1.00
2014.06.04 12:50:52.589,1.61784,1.61813,1.50,1.05
2014.06.04 12:50:54.638,1.61784,1.61817,1.00,1.58
2014.06.04 12:50:55.151,1.61786,1.61817,1.00,1.00
2014.06.04 12:50:55.201,1.61785,1.61807,1.30,1.00
2014.06.04 12:50:55.969,1.61781,1.61806,1.00,1.00
2014.06.04 12:50:56.740,1.61784,1.61806,1.00,1.00
2014.06.04 12:50:56.847,1.61784,1.61816,1.50,1.00
2014.06.04 12:50:57.361,1.61784,1.61817,1.50,1.00
2014.06.04 12:50:57.412,1.61794,1.61818,1.00,1.80
2014.06.04 12:50:57.975,1.61793,1.61824,1.00,1.30
2014.06.04 12:50:58.334,1.61793,1.61824,1.00,1.00
2014.06.04 12:50:58.852,1.61794,1.61824,1.00,1.00
2014.06.04 12:50:59.837,1.61793,1.61824,1.00,1.00
2014.06.04 12:51:00.575,1.61794,1.61823,1.00,1.00
2014.06.04 12:51:01.222,1.61794,1.61824,1.00,1.00
2014.06.04 12:51:02.776,1.61789,1.61816,1.50,1.00
2014.06.04 12:51:02.877,1.61794,1.61824,1.00,1.00
2014.06.04 12:51:02.983,1.61789,1.61816,1.50,1.00
2014.06.04 12:51:03.134,1.61786,1.61816,1.00,1.00
2014.06.04 12:51:03.286,1.61784,1.61816,1.50,1.00
2014.06.04 12:51:04.853,1.61784,1.61817,1.00,1.00
2014.06.04 12:51:05.573,1.61784,1.61816,1.00,1.00
2014.06.04 12:51:06.037,1.61789,1.61816,1.00,1.00
2014.06.04 12:51:06.340,1.61794,1.61823,1.00,1.30
2014.06.04 12:51:06.697,1.61793,1.61823,1.00,1.00
2014.06.04 12:51:06.803,1.61793,1.61827,1.00,1.00
2014.06.04 12:51:07.527,1.61794,1.61826,1.00,1.00
2014.06.04 12:51:14.600,1.61794,1.61827,1.50,1.00
2014.06.04 12:51:15.640,1.61798,1.61827,1.00,1.00
2014.06.04 12:51:16.547,1.61799,1.61827,1.05,1.00
2014.06.04 12:51:17.878,1.61799,1.61826,1.05,1.00
2014.06.04 12:51:19.306,1.61804,1.61833,1.00,1.05
2014.06.04 12:51:19.565,1.61801,1.61826,1.00,1.00
2014.06.04 12:51:20.114,1.61803,1.61833,1.00,1.50
2014.06.04 12:51:20.334,1.61802,1.61826,1.00,1.00
2014.06.04 12:51:20.595,1.618,1.61826,2.25,1.00
2014.06.04 12:51:21.708,1.61802,1.61826,1.00,1.00
2014.06.04 12:51:22.515,1.61803,1.61826,1.00,1.00
2014.06.04 12:51:23.129,1.61802,1.61827,1.05,1.00
2014.06.04 12:51:23.670,1.61796,1.61827,1.65,1.00
2014.06.04 12:51:24.446,1.61795,1.61826,1.90,1.00
2014.06.04 12:51:25.017,1.61795,1.61826,1.90,1.00
2014.06.04 12:51:28.215,1.61796,1.61827,1.65,1.00
2014.06.04 12:51:28.737,1.61796,1.61826,1.65,1.00
2014.06.04 12:51:29.856,1.61796,1.61827,1.65,1.00
2014.06.04 12:51:30.387,1.61797,1.61826,1.30,1.00
2014.06.04 12:51:30.956,1.61797,1.61827,1.30,1.00
2014.06.04 12:51:32.088,1.61797,1.61826,1.30,1.00
2014.06.04 12:51:33.182,1.61797,1.61826,1.30,1.00
2014.06.04 12:51:33.384,1.61804,1.61828,1.00,1.00
2014.06.04 12:51:33.916,1.61797,1.61827,1.30,1.00
2014.06.04 12:51:34.617,1.61797,1.61827,1.30,1.00
2014.06.04 12:51:38.907,1.61797,1.61834,1.30,1.00
2014.06.04 12:51:38.961,1.61798,1.61834,2.25,1.00
2014.06.04 12:51:39.465,1.61798,1.61826,2.25,1.00
2014.06.04 12:51:40.007,1.61799,1.61826,2.25,1.00
2014.06.04 12:51:41.770,1.61799,1.61827,2.25,1.00
2014.06.04 12:51:42.303,1.61799,1.61826,2.25,1.00
2014.06.04 12:51:42.814,1.61794,1.61826,1.00,1.00
2014.06.04 12:51:42.918,1.61797,1.61826,1.00,1.00
2014.06.04 12:51:43.503,1.61797,1.61827,1.00,1.00
2014.06.04 12:51:43.928,1.61796,1.61823,1.00,1.00
2014.06.04 12:51:44.245,1.61795,1.61827,1.00,1.00
2014.06.04 12:51:44.761,1.61795,1.61826,1.00,1.00
2014.06.04 12:51:44.925,1.61795,1.61816,1.00,1.00
2014.06.04 12:51:46.389,1.61794,1.61816,1.00,1.00
2014.06.04 12:51:46.601,1.61788,1.61816,1.00,1.00
2014.06.04 12:51:46.951,1.6179,1.61816,1.00,1.00
2014.06.04 12:51:47.259,1.61792,1.61817,3.00,1.00
2014.06.04 12:51:47.644,1.61794,1.61823,1.00,1.00
2014.06.04 12:51:47.757,1.61792,1.61816,3.00,1.00
2014.06.04 12:51:48.164,1.61796,1.61816,1.00,1.00
2014.06.04 12:51:49.195,1.61792,1.61816,3.00,1.00
2014.06.04 12:51:50.615,1.61804,1.61823,1.00,1.00
2014.06.04 12:51:50.716,1.61808,1.61828,1.00,1.00
2014.06.04 12:51:50.767,1.61804,1.61828,1.00,1.00
2014.06.04 12:51:50.817,1.61812,1.61835,1.00,1.00
2014.06.04 12:51:51.413,1.61815,1.61836,1.00,1.00
2014.06.04 12:51:51.624,1.61815,1.6184,1.00,1.00
2014.06.04 12:51:51.675,1.61819,1.6184,1.00,1.00
2014.06.04 12:51:51.986,1.61815,1.61836,1.00,1.00
2014.06.04 12:51:52.238,1.61813,1.61836,1.00,1.00
2014.06.04 12:51:52.339,1.61807,1.61836,1.50,1.00
2014.06.04 12:51:53.223,1.61808,1.61836,1.05,1.00
2014.06.04 12:51:53.833,1.61808,1.61837,1.05,1.00
2014.06.04 12:51:54.434,1.61806,1.61836,1.30,1.00
2014.06.04 12:51:55.470,1.61804,1.61835,1.80,1.00
2014.06.04 12:51:56.195,1.61804,1.61826,1.30,1.00
2014.06.04 12:51:56.711,1.61804,1.61826,1.30,1.00
2014.06.04 12:51:57.274,1.61801,1.61826,1.30,1.00
2014.06.04 12:51:59.074,1.61801,1.61826,1.30,1.00
2014.06.04 12:51:59.175,1.61804,1.61835,1.30,1.00
2014.06.04 12:51:59.377,1.61801,1.61826,1.30,1.00
2014.06.04 12:51:59.478,1.61802,1.61826,1.00,1.00
2014.06.04 12:52:00.174,1.61799,1.61826,1.00,1.00
2014.06.04 12:52:00.717,1.61798,1.61826,1.50,1.00
2014.06.04 12:52:01.143,1.61805,1.61835,1.00,1.00
2014.06.04 12:52:01.345,1.61805,1.61827,1.00,1.00
2014.06.04 12:52:01.698,1.618,1.61826,1.00,1.00
2014.06.04 12:52:02.357,1.618,1.61832,1.00,1.00
2014.06.04 12:52:02.458,1.61798,1.61826,1.00,1.00
2014.06.04 12:52:02.769,1.618,1.61827,1.00,1.00
2014.06.04 12:52:03.197,1.618,1.61832,1.50,1.00
2014.06.04 12:52:03.353,1.61804,1.61832,1.00,1.00
2014.06.04 12:52:03.696,1.618,1.61826,1.00,1.00
2014.06.04 12:52:04.321,1.618,1.61827,1.00,1.00
2014.06.04 12:52:05.724,1.618,1.61826,1.05,1.00
2014.06.04 12:52:11.614,1.61797,1.61827,1.30,1.00
2014.06.04 12:52:12.390,1.61797,1.61826,1.30,1.00
2014.06.04 12:52:13.708,1.61797,1.61826,1.30,1.00
2014.06.04 12:52:14.813,1.61797,1.61826,1.30,1.00
2014.06.04 12:52:15.589,1.61797,1.61826,1.30,1.00
2014.06.04 12:52:24.022,1.61797,1.61826,1.30,1.00
2014.06.04 12:52:26.465,1.61797,1.61827,1.30,1.00
2014.06.04 12:52:27.234,1.61797,1.61826,1.30,1.00
2014.06.04 12:52:31.975,1.61803,1.61826,1.05,1.00
2014.06.04 12:52:32.076,1.61803,1.61837,1.80,1.50
2014.06.04 12:52:32.625,1.61804,1.61836,1.50,1.00
2014.06.04 12:52:33.189,1.61805,1.61836,1.00,1.00
2014.06.04 12:52:33.698,1.61806,1.61836,1.05,1.00
2014.06.04 12:52:38.383,1.61806,1.61837,1.05,1.00
2014.06.04 12:52:39.199,1.61806,1.61836,1.05,1.00
2014.06.04 12:52:42.375,1.61806,1.61832,1.05,1.00
2014.06.04 12:52:43.464,1.61808,1.61832,1.05,1.00
2014.06.04 12:52:44.071,1.61809,1.61835,1.00,1.00
2014.06.04 12:52:44.274,1.61814,1.61834,1.00,1.00
2014.06.04 12:52:44.575,1.61812,1.61834,1.00,1.00
2014.06.04 12:52:45.240,1.61811,1.61834,1.00,1.00
2014.06.04 12:52:45.792,1.6181,1.61834,1.00,1.00
2014.06.04 12:52:46.574,1.61813,1.61834,1.00,1.00
2014.06.04 12:52:47.164,1.61815,1.61834,1.00,1.00
2014.06.04 12:52:48.142,1.61815,1.6184,1.00,1.00
2014.06.04 12:52:48.353,1.61816,1.61844,1.05,1.00
2014.06.04 12:52:48.663,1.61823,1.61844,1.00,1.00
2014.06.04 12:52:48.713,1.61823,1.61849,1.00,1.00
2014.06.04 12:52:48.865,1.61816,1.61847,1.00,1.00
2014.06.04 12:52:48.915,1.61816,1.61844,1.00,1.00
2014.06.04 12:52:49.333,1.61823,1.61844,1.00,1.00
2014.06.04 12:52:49.384,1.61823,1.61849,1.00,1.00
2014.06.04 12:52:49.711,1.61814,1.6184,1.00,1.00
2014.06.04 12:52:49.862,1.61812,1.6184,1.50,1.00
2014.06.04 12:52:49.913,1.61812,1.61846,1.50,1.00
2014.06.04 12:52:50.080,1.61812,1.61836,1.50,1.00
2014.06.04 12:52:50.391,1.61814,1.61836,1.00,1.00
2014.06.04 12:52:50.648,1.61814,1.61845,1.00,1.00
2014.06.04 12:52:50.699,1.61812,1.61846,1.00,1.00
2014.06.04 12:52:50.850,1.61812,1.61836,1.00,1.00
2014.06.04 12:52:51.410,1.61812,1.61845,1.00,1.00
2014.06.04 12:52:51.461,1.61812,1.61847,1.00,1.00
2014.06.04 12:52:54.614,1.61814,1.61847,1.00,1.00
2014.06.04 12:52:54.967,1.61811,1.61846,1.00,1.00
2014.06.04 12:52:55.263,1.61808,1.61846,1.00,1.00
2014.06.04 12:52:55.364,1.61808,1.61836,1.00,1.00
2014.06.04 12:52:55.894,1.61808,1.61846,1.00,1.00
2014.06.04 12:52:56.510,1.61809,1.61846,1.00,1.00
2014.06.04 12:52:58.152,1.61809,1.61837,1.00,1.00
2014.06.04 12:52:58.654,1.61809,1.61836,1.00,1.00
2014.06.04 12:52:58.852,1.61809,1.61847,1.00,1.00
2014.06.04 12:52:59.506,1.61808,1.61847,1.00,1.00
2014.06.04 12:53:01.095,1.6181,1.61847,1.00,1.00
2014.06.04 12:53:02.113,1.6181,1.61836,1.00,1.00
2014.06.04 12:53:03.322,1.61807,1.61836,1.00,1.00
2014.06.04 12:53:03.524,1.61804,1.61837,1.00,1.00
2014.06.04 12:53:04.875,1.61804,1.61836,1.00,1.00
2014.06.04 12:53:05.482,1.61806,1.61836,1.00,1.00
2014.06.04 12:53:05.821,1.61809,1.61836,1.00,1.00
2014.06.04 12:53:08.721,1.61805,1.61836,1.00,1.00
2014.06.04 12:53:10.956,1.61802,1.61837,1.00,1.00
2014.06.04 12:53:11.537,1.61805,1.61837,1.00,1.00
2014.06.04 12:53:11.639,1.61801,1.61837,1.50,1.00
2014.06.04 12:53:11.840,1.61801,1.61826,1.00,1.00
2014.06.04 12:53:12.093,1.61799,1.61826,1.00,1.00
2014.06.04 12:53:12.624,1.61799,1.61827,1.00,1.00
2014.06.04 12:53:13.124,1.61803,1.61834,1.35,1.00
2014.06.04 12:53:13.225,1.61803,1.61837,2.10,1.00
2014.06.04 12:53:13.276,1.61805,1.61837,1.00,1.00
2014.06.04 12:53:13.824,1.61805,1.61836,1.00,1.00
2014.06.04 12:53:14.337,1.61805,1.61837,1.00,1.50
2014.06.04 12:53:16.304,1.61806,1.61836,1.60,1.00
2014.06.04 12:53:16.607,1.61814,1.61842,1.00,1.00
2014.06.04 12:53:16.902,1.61814,1.61842,1.00,1.38
2014.06.04 12:53:17.205,1.61813,1.61837,1.00,1.00
2014.06.04 12:53:17.509,1.61809,1.61836,1.60,1.00
2014.06.04 12:53:18.206,1.61811,1.61836,1.50,1.00
2014.06.04 12:53:19.133,1.61811,1.61837,1.00,1.50
2014.06.04 12:53:22.572,1.61811,1.61836,1.00,1.00
2014.06.04 12:53:23.107,1.61811,1.61837,1.50,1.50
2014.06.04 12:53:23.796,1.61808,1.61837,1.00,1.50
2014.06.04 12:53:25.276,1.61808,1.61836,1.00,1.00
2014.06.04 12:53:26.698,1.61808,1.61826,1.00,1.00
2014.06.04 12:53:26.750,1.61804,1.61826,2.85,1.00
2014.06.04 12:53:30.911,1.61808,1.61827,1.00,1.00
2014.06.04 12:53:31.013,1.61808,1.61834,1.60,1.00
2014.06.04 12:53:31.165,1.61808,1.61834,1.00,1.00
2014.06.04 12:53:31.316,1.61808,1.61826,1.00,1.00
2014.06.04 12:53:31.585,1.61801,1.61826,1.30,1.00
2014.06.04 12:53:32.832,1.61796,1.61817,2.55,1.00
2014.06.04 12:53:32.933,1.61796,1.61817,1.00,1.00
2014.06.04 12:53:32.984,1.61794,1.61817,1.00,1.00
2014.06.04 12:53:33.236,1.61791,1.61817,1.00,1.50
2014.06.04 12:53:33.341,1.61783,1.61817,1.50,1.50
2014.06.04 12:53:34.010,1.61784,1.61816,1.00,1.00
2014.06.04 12:53:34.752,1.61784,1.61812,1.00,1.00
2014.06.04 12:53:35.332,1.61783,1.61812,1.00,1.00
2014.06.04 12:53:38.625,1.61784,1.61812,1.00,1.00
2014.06.04 12:53:39.775,1.61783,1.61812,1.00,1.00
2014.06.04 12:53:40.312,1.61784,1.61812,1.00,1.00
2014.06.04 12:53:40.972,1.61783,1.61812,1.00,1.00
2014.06.04 12:53:41.707,1.6178,1.61806,1.80,1.00
2014.06.04 12:53:41.809,1.61777,1.61806,2.10,1.00
2014.06.04 12:53:42.332,1.61777,1.61806,1.00,1.00
2014.06.04 12:53:42.384,1.61775,1.61806,1.50,1.00
2014.06.04 12:53:42.888,1.61775,1.61807,1.50,1.50
2014.06.04 12:53:43.588,1.61775,1.61806,1.00,1.00
2014.06.04 12:53:43.932,1.61772,1.61796,1.00,1.00
2014.06.04 12:53:44.135,1.61766,1.61797,1.30,1.00
2014.06.04 12:53:44.679,1.6177,1.61796,1.05,1.00
2014.06.04 12:53:44.982,1.61774,1.61801,1.00,1.00
2014.06.04 12:53:45.731,1.61773,1.61801,1.00,1.00
2014.06.04 12:53:46.071,1.61775,1.61801,1.00,1.00
2014.06.04 12:53:46.123,1.61777,1.61806,1.00,1.00
2014.06.04 12:53:46.175,1.6178,1.61806,1.00,1.00
2014.06.04 12:53:46.607,1.61777,1.61806,1.38,1.00
2014.06.04 12:53:47.127,1.61777,1.61806,1.00,1.00
2014.06.04 12:53:47.351,1.61775,1.61806,1.00,1.00
2014.06.04 12:53:47.743,1.61774,1.61803,1.50,1.00
2014.06.04 12:53:50.384,1.61773,1.61803,1.00,1.00
2014.06.04 12:53:50.700,1.61773,1.61798,1.00,1.00
2014.06.04 12:53:50.902,1.61764,1.61792,1.30,1.00
2014.06.04 12:53:51.159,1.61764,1.61792,1.00,1.00
2014.06.04 12:53:51.210,1.61764,1.61787,1.00,1.00
2014.06.04 12:53:51.261,1.61761,1.61786,1.50,1.00
2014.06.04 12:53:51.412,1.61759,1.61786,1.50,1.00
2014.06.04 12:53:51.716,1.6176,1.61783,1.00,1.00
2014.06.04 12:53:51.868,1.61756,1.6178,1.00,1.00
2014.06.04 12:53:52.072,1.61756,1.61778,1.00,1.00
2014.06.04 12:53:52.614,1.61757,1.61778,1.00,1.00
2014.06.04 12:53:53.539,1.61757,1.6178,1.00,1.00
2014.06.04 12:53:53.590,1.61761,1.6178,1.00,1.00
2014.06.04 12:53:53.641,1.61763,1.61788,1.00,1.50
2014.06.04 12:53:53.793,1.6177,1.6179,1.00,1.00
2014.06.04 12:53:53.844,1.6177,1.61796,1.00,1.43
2014.06.04 12:53:53.899,1.61777,1.61796,1.00,1.00
2014.06.04 12:53:54.000,1.61774,1.61796,1.00,1.00
2014.06.04 12:53:56.401,1.61773,1.61787,1.00,1.00
2014.06.04 12:53:56.503,1.61771,1.61786,1.50,1.00
2014.06.04 12:53:56.604,1.61768,1.61786,1.00,1.00
2014.06.04 12:53:56.906,1.61772,1.61786,1.00,1.00
2014.06.04 12:53:57.684,1.61772,1.61787,1.00,1.00
2014.06.04 12:53:58.048,1.61769,1.61787,1.50,1.00
2014.06.04 12:53:58.263,1.61766,1.61786,1.50,1.00
2014.06.04 12:53:58.823,1.61769,1.61786,1.00,1.00
2014.06.04 12:53:59.126,1.61772,1.61786,1.00,1.00
2014.06.04 12:54:00.145,1.61772,1.61793,1.00,1.00
2014.06.04 12:54:00.246,1.61772,1.61796,1.00,1.00
2014.06.04 12:54:00.758,1.61772,1.61797,1.00,1.00
2014.06.04 12:54:03.292,1.61772,1.61796,1.00,1.00
2014.06.04 12:54:03.841,1.61774,1.61801,1.00,1.50
2014.06.04 12:54:03.962,1.61777,1.61801,1.00,1.00
2014.06.04 12:54:05.302,1.61777,1.61796,1.00,1.00
2014.06.04 12:54:05.674,1.61772,1.61796,1.00,1.00
2014.06.04 12:54:05.781,1.61774,1.61796,1.00,1.00
2014.06.04 12:54:06.033,1.61779,1.61806,1.00,2.25
2014.06.04 12:54:06.185,1.61777,1.61805,1.00,1.00
2014.06.04 12:54:07.452,1.61777,1.61796,1.00,1.00
2014.06.04 12:54:07.503,1.6177,1.61796,1.30,1.00
2014.06.04 12:54:07.554,1.6177,1.61796,2.18,1.00
2014.06.04 12:54:08.101,1.61767,1.61795,1.30,1.00
2014.06.04 12:54:08.587,1.61765,1.61795,1.00,1.00
2014.06.04 12:54:08.638,1.61765,1.61789,1.00,1.00
2014.06.04 12:54:08.688,1.61763,1.61789,1.00,1.00
2014.06.04 12:54:08.790,1.61763,1.61789,2.85,1.00
2014.06.04 12:54:09.126,1.6178,1.61796,1.00,1.00
2014.06.04 12:54:09.177,1.6178,1.61805,1.00,1.00
2014.06.04 12:54:09.278,1.6178,1.61807,1.00,1.50
2014.06.04 12:54:09.379,1.61777,1.61805,1.00,1.00
2014.06.04 12:54:09.430,1.61781,1.61805,1.00,1.00
2014.06.04 12:54:09.974,1.61781,1.61804,1.00,1.00
2014.06.04 12:54:10.584,1.61781,1.61803,1.00,1.00
2014.06.04 12:54:11.117,1.61781,1.61804,1.00,1.00
2014.06.04 12:54:11.168,1.61778,1.61804,1.00,1.00
2014.06.04 12:54:11.492,1.61778,1.61799,1.00,1.00
2014.06.04 12:54:11.643,1.61775,1.61797,1.00,1.00
2014.06.04 12:54:11.946,1.61778,1.61797,1.00,1.00
2014.06.04 12:54:12.084,1.61778,1.61802,1.00,1.00
2014.06.04 12:54:12.301,1.61778,1.618,1.00,1.00
2014.06.04 12:54:12.661,1.61775,1.618,1.00,1.00
2014.06.04 12:54:12.762,1.61775,1.61797,1.00,1.00
2014.06.04 12:54:13.274,1.61775,1.61796,1.00,1.00
2014.06.04 12:54:14.183,1.61775,1.61798,1.00,1.00
2014.06.04 12:54:14.234,1.61778,1.61798,1.00,1.00
2014.06.04 12:54:14.335,1.61778,1.61803,1.00,1.00
2014.06.04 12:54:18.195,1.61781,1.61803,1.00,1.00
2014.06.04 12:54:21.170,1.61777,1.61803,1.00,1.00
2014.06.04 12:54:21.372,1.61771,1.61797,1.05,1.00
2014.06.04 12:54:22.140,1.61771,1.61796,1.05,1.00
2014.06.04 12:54:22.423,1.61777,1.61806,1.00,1.50
2014.06.04 12:54:22.952,1.61777,1.61807,1.00,1.00
2014.06.04 12:54:23.513,1.61777,1.61806,1.00,1.00
2014.06.04 12:54:26.672,1.61777,1.61807,1.00,1.00
2014.06.04 12:54:26.723,1.61775,1.61807,1.00,1.50
2014.06.04 12:54:27.127,1.61773,1.61806,1.00,1.00
2014.06.04 12:54:27.178,1.61773,1.61804,1.00,1.00
2014.06.04 12:54:27.504,1.61772,1.61797,1.00,1.00
2014.06.04 12:54:28.084,1.61772,1.61796,1.00,1.00
2014.06.04 12:54:31.195,1.61774,1.61806,1.00,1.00
2014.06.04 12:54:32.285,1.61775,1.61806,1.00,1.00
2014.06.04 12:54:32.538,1.61777,1.61807,1.00,1.00
2014.06.04 12:54:33.085,1.61777,1.61807,1.38,1.00
2014.06.04 12:54:35.487,1.61777,1.61806,1.38,1.00
2014.06.04 12:54:35.649,1.61774,1.61806,2.25,1.00
2014.06.04 12:54:35.801,1.61777,1.61806,1.00,1.00
2014.06.04 12:54:36.722,1.61777,1.61803,1.00,1.00
2014.06.04 12:54:37.024,1.61773,1.61799,1.00,1.00
2014.06.04 12:54:37.558,1.61774,1.61799,1.00,1.00
2014.06.04 12:54:37.861,1.61774,1.61797,1.00,1.00
2014.06.04 12:54:38.383,1.61773,1.61796,1.00,1.00
2014.06.04 12:54:38.585,1.61771,1.61796,1.00,1.00
2014.06.04 12:54:38.845,1.61768,1.61796,1.00,1.00
2014.06.04 12:54:38.896,1.61768,1.61794,1.00,1.00
2014.06.04 12:54:42.065,1.61768,1.61793,1.00,1.00
2014.06.04 12:54:42.643,1.61769,1.61793,1.00,1.00
2014.06.04 12:54:45.890,1.61769,1.61796,1.00,1.00
2014.06.04 12:54:46.394,1.61768,1.61795,1.00,1.00
2014.06.04 12:54:47.692,1.61768,1.61796,1.00,1.00
2014.06.04 12:54:47.999,1.61768,1.61793,1.00,1.00
2014.06.04 12:54:48.302,1.61762,1.61777,1.00,1.00
2014.06.04 12:54:48.655,1.61759,1.61781,1.00,1.00
2014.06.04 12:54:48.858,1.61758,1.61783,1.00,1.00
2014.06.04 12:54:49.363,1.61757,1.61783,1.00,1.00
2014.06.04 12:54:52.080,1.61764,1.61786,1.00,1.00
2014.06.04 12:54:52.181,1.61767,1.61793,1.00,1.00
2014.06.04 12:54:52.283,1.61767,1.61791,1.00,1.00
2014.06.04 12:54:52.435,1.61765,1.6179,1.00,1.00
2014.06.04 12:54:52.991,1.61765,1.61786,1.00,1.00
2014.06.04 12:54:53.042,1.61762,1.61786,1.00,1.00
2014.06.04 12:54:53.383,1.61764,1.61786,1.00,1.00
2014.06.04 12:54:53.655,1.61764,1.61791,1.50,1.00
2014.06.04 12:54:53.706,1.61764,1.61793,1.50,1.00
2014.06.04 12:54:54.458,1.61764,1.61786,1.00,1.00
2014.06.04 12:54:56.049,1.61764,1.61793,1.50,1.00
2014.06.04 12:54:58.031,1.61764,1.61786,1.00,1.00
2014.06.04 12:54:58.183,1.61761,1.61786,1.00,1.00
2014.06.04 12:54:58.583,1.61765,1.61785,1.00,1.00
2014.06.04 12:54:58.633,1.61765,1.6179,1.00,1.00
2014.06.04 12:54:58.735,1.61765,1.61794,1.00,1.00
2014.06.04 12:54:59.911,1.61765,1.61792,1.00,1.00
2014.06.04 12:55:00.214,1.61764,1.61789,1.00,1.00
2014.06.04 12:55:00.466,1.61765,1.61791,1.00,1.00
2014.06.04 12:55:00.618,1.61765,1.61794,1.00,1.00
2014.06.04 12:55:01.296,1.61767,1.61794,1.00,1.00
2014.06.04 12:55:01.860,1.61767,1.61793,1.00,1.00
2014.06.04 12:55:02.446,1.61767,1.61792,1.00,1.00
2014.06.04 12:55:03.036,1.61767,1.61794,1.00,1.00
2014.06.04 12:55:03.920,1.61773,1.61795,1.00,1.00
2014.06.04 12:55:04.021,1.61773,1.61797,1.00,1.00
2014.06.04 12:55:04.223,1.61775,1.61797,1.00,1.00
2014.06.04 12:55:04.324,1.61779,1.61804,1.00,1.00
2014.06.04 12:55:04.979,1.61779,1.61805,1.00,1.00
2014.06.04 12:55:05.107,1.61782,1.61805,1.00,1.00
2014.06.04 12:55:05.660,1.61783,1.61805,1.00,1.00
2014.06.04 12:55:08.542,1.61782,1.61805,1.00,1.00
2014.06.04 12:55:09.512,1.61779,1.61805,1.00,1.00
2014.06.04 12:55:09.714,1.61777,1.61802,1.00,1.00
2014.06.04 12:55:10.058,1.61776,1.61799,1.00,1.00
2014.06.04 12:55:12.641,1.61776,1.61798,1.00,1.00
2014.06.04 12:55:14.613,1.61774,1.61798,1.00,1.00
2014.06.04 12:55:15.132,1.61773,1.61797,1.50,1.00
2014.06.04 12:55:15.752,1.61774,1.61797,1.00,1.00
2014.06.04 12:55:17.523,1.61777,1.61797,1.00,1.00
2014.06.04 12:55:17.698,1.61777,1.61803,1.00,1.00
2014.06.04 12:55:17.752,1.61774,1.61799,1.00,1.00
2014.06.04 12:55:18.505,1.61774,1.61797,1.50,1.00
2014.06.04 12:55:32.091,1.6178,1.61804,1.00,1.00
2014.06.04 12:55:32.444,1.6178,1.61806,1.00,1.00
2014.06.04 12:55:32.545,1.6178,1.61794,1.00,1.00
2014.06.04 12:55:32.596,1.61775,1.61794,1.00,1.00
2014.06.04 12:55:32.747,1.61775,1.61792,1.00,1.00
2014.06.04 12:55:32.798,1.61764,1.61792,1.50,1.00
2014.06.04 12:55:32.849,1.61764,1.61787,1.50,1.00
2014.06.04 12:55:33.002,1.61764,1.61791,1.00,1.00
2014.06.04 12:55:33.104,1.61764,1.61789,1.00,1.00
2014.06.04 12:55:42.357,1.61763,1.61789,1.50,1.00
2014.06.04 12:55:44.311,1.61764,1.61789,1.00,1.00
2014.06.04 12:55:44.473,1.61764,1.61796,1.00,1.00
2014.06.04 12:55:44.725,1.61766,1.61797,1.00,1.50
2014.06.04 12:55:45.279,1.61766,1.61796,1.00,1.00
2014.06.04 12:55:47.312,1.61766,1.61797,1.00,1.50
2014.06.04 12:55:47.413,1.61763,1.61797,1.00,2.25
2014.06.04 12:55:47.917,1.61764,1.61796,1.50,1.00
2014.06.04 12:55:48.133,1.61773,1.61799,1.00,1.00
2014.06.04 12:55:48.580,1.61764,1.61797,1.00,1.00
2014.06.04 12:55:48.682,1.61763,1.61789,1.50,1.00
2014.06.04 12:55:49.240,1.61764,1.61789,1.50,1.00
2014.06.04 12:55:51.221,1.61767,1.61789,1.00,1.00
2014.06.04 12:55:51.323,1.61763,1.6179,2.55,1.00
2014.06.04 12:55:51.532,1.61763,1.61788,2.25,1.00
2014.06.04 12:55:52.309,1.61763,1.61786,1.00,1.00
2014.06.04 12:55:52.460,1.6176,1.61786,1.00,1.00
2014.06.04 12:55:52.611,1.61758,1.61786,1.00,1.00
2014.06.04 12:55:52.662,1.61764,1.61794,1.00,1.00
2014.06.04 12:55:52.713,1.61764,1.61796,1.00,1.00
2014.06.04 12:55:53.732,1.61764,1.61788,1.00,1.00
2014.06.04 12:55:54.094,1.61761,1.61786,1.05,1.00
2014.06.04 12:55:54.621,1.6176,1.61786,1.00,1.00
2014.06.04 12:55:55.642,1.61763,1.61786,1.00,1.00
2014.06.04 12:55:55.895,1.61763,1.61795,1.00,1.00
2014.06.04 12:55:56.556,1.61764,1.61795,1.00,1.00
2014.06.04 12:55:57.370,1.6176,1.61786,1.00,1.00
2014.06.04 12:55:57.421,1.61758,1.61786,1.00,1.00
2014.06.04 12:55:57.591,1.61764,1.61795,1.00,1.50
2014.06.04 12:55:58.098,1.61764,1.61796,1.00,1.00
2014.06.04 12:55:58.637,1.61763,1.61786,2.25,1.00
2014.06.04 12:55:59.331,1.61764,1.61786,1.00,1.00
2014.06.04 12:55:59.857,1.61763,1.61786,1.00,1.00
2014.06.04 12:56:03.071,1.61764,1.61786,1.00,1.00
2014.06.04 12:56:07.802,1.61764,1.61794,1.00,1.00
2014.06.04 12:56:07.903,1.61764,1.61796,1.00,1.00
2014.06.04 12:56:08.873,1.61764,1.61799,1.00,1.00
2014.06.04 12:56:08.974,1.61764,1.61801,1.00,1.00
2014.06.04 12:56:10.634,1.61759,1.61796,3.00,1.00
2014.06.04 12:56:11.242,1.61759,1.61797,3.00,1.00
2014.06.04 12:56:11.787,1.6176,1.61797,1.00,1.00
2014.06.04 12:56:12.402,1.61759,1.61797,1.00,1.00
2014.06.04 12:56:15.271,1.61759,1.61796,1.00,1.00
2014.06.04 12:56:15.574,1.61755,1.61786,1.00,1.00
2014.06.04 12:56:15.681,1.61751,1.61786,1.00,1.00
2014.06.04 12:56:16.244,1.61751,1.61787,1.50,1.00
2014.06.04 12:56:16.773,1.61752,1.61787,1.00,1.00
2014.06.04 12:56:17.352,1.61751,1.61786,1.50,1.00
2014.06.04 12:56:17.404,1.61757,1.61786,1.00,1.00
2014.06.04 12:56:17.506,1.61755,1.61786,1.00,1.00
2014.06.04 12:56:17.607,1.61755,1.61793,1.50,1.00
2014.06.04 12:56:17.708,1.61758,1.61793,1.00,1.00
2014.06.04 12:56:17.810,1.61758,1.61797,1.00,1.00
2014.06.04 12:56:19.107,1.61758,1.61787,1.00,1.00
2014.06.04 12:56:20.041,1.61758,1.61796,1.00,1.00
2014.06.04 12:56:21.152,1.6176,1.61797,1.00,1.00
2014.06.04 12:56:21.852,1.61761,1.61797,1.50,1.00
2014.06.04 12:56:22.155,1.61769,1.61796,1.00,1.00
2014.06.04 12:56:24.119,1.61769,1.61806,1.50,1.00
2014.06.04 12:56:28.203,1.61769,1.61797,1.00,1.00
2014.06.04 12:56:28.304,1.61766,1.61797,1.00,1.00
2014.06.04 12:56:28.355,1.61764,1.61797,1.50,1.00
2014.06.04 12:56:28.871,1.61764,1.61796,1.00,1.00
2014.06.04 12:56:31.673,1.61765,1.61796,1.00,1.00
2014.06.04 12:56:31.825,1.61765,1.61803,1.00,1.00
2014.06.04 12:56:32.040,1.61765,1.61796,1.00,1.00
2014.06.04 12:56:32.542,1.61764,1.61796,2.25,1.00
2014.06.04 12:56:33.125,1.61765,1.61797,1.00,1.00
2014.06.04 12:56:33.637,1.61765,1.61796,1.00,1.00
2014.06.04 12:56:34.141,1.61764,1.61796,1.00,1.00
2014.06.04 12:56:35.667,1.61764,1.61802,1.00,1.00
2014.06.04 12:56:36.554,1.61764,1.61796,1.00,1.00
2014.06.04 12:56:37.145,1.61764,1.61797,1.00,1.00
2014.06.04 12:56:37.272,1.61764,1.61802,1.50,1.00
2014.06.04 12:56:37.423,1.61767,1.61805,1.00,1.00
2014.06.04 12:56:37.733,1.6177,1.61807,1.00,1.50
2014.06.04 12:56:40.699,1.61769,1.61807,2.25,1.00
2014.06.04 12:56:41.328,1.6177,1.61807,1.00,1.00
2014.06.04 12:56:41.631,1.61776,1.61812,1.00,1.00
2014.06.04 12:56:41.782,1.61778,1.61817,1.50,1.00
2014.06.04 12:56:41.984,1.61781,1.61817,1.00,1.00
2014.06.04 12:56:42.659,1.61781,1.61816,1.00,1.00
2014.06.04 12:56:43.980,1.61781,1.61817,1.00,1.00
2014.06.04 12:56:50.432,1.61781,1.61816,1.50,1.00
2014.06.04 12:56:50.735,1.61779,1.61814,1.00,1.00
2014.06.04 12:56:50.829,1.61775,1.61814,1.50,1.00
2014.06.04 12:56:53.004,1.61776,1.61816,1.00,1.00
2014.06.04 12:56:53.682,1.61777,1.61816,1.00,1.00
2014.06.04 12:56:54.261,1.61776,1.61816,1.00,1.50
2014.06.04 12:56:54.392,1.61776,1.61807,1.00,1.00
2014.06.04 12:56:55.148,1.61776,1.61816,1.00,1.00
2014.06.04 12:56:56.248,1.61776,1.61807,1.00,1.00
2014.06.04 12:56:59.362,1.61776,1.61815,1.00,1.00
2014.06.04 12:56:59.699,1.61776,1.61806,1.00,1.00
2014.06.04 12:57:00.870,1.61776,1.61807,1.00,1.00
2014.06.04 12:57:02.533,1.61776,1.61806,1.00,1.00
2014.06.04 12:57:02.920,1.61776,1.61815,1.00,1.50
2014.06.04 12:57:03.322,1.61776,1.61812,1.00,1.00
2014.06.04 12:57:03.473,1.61776,1.61816,1.00,1.50
2014.06.04 12:57:03.781,1.61776,1.61796,1.00,1.00
2014.06.04 12:57:03.984,1.61774,1.61796,1.00,1.00
2014.06.04 12:57:04.163,1.61772,1.61797,1.00,1.00
2014.06.04 12:57:04.769,1.61772,1.61796,1.00,1.00
2014.06.04 12:57:05.869,1.61772,1.61797,1.00,1.00
2014.06.04 12:57:13.501,1.61771,1.61796,1.00,1.00
2014.06.04 12:57:20.217,1.61768,1.61795,1.30,1.00
2014.06.04 12:57:21.460,1.61768,1.61796,1.30,1.00
2014.06.04 12:57:21.708,1.61768,1.61797,1.00,1.00
2014.06.04 12:57:22.214,1.61767,1.61796,1.80,1.00
2014.06.04 12:57:22.315,1.61767,1.61796,1.50,1.00
2014.06.04 12:57:22.416,1.61769,1.61796,1.00,1.00
2014.06.04 12:57:22.651,1.61767,1.61796,1.00,1.00
2014.06.04 12:57:23.170,1.61766,1.61796,1.00,1.00
2014.06.04 12:57:24.742,1.61764,1.61787,1.00,1.00
2014.06.04 12:57:25.613,1.61758,1.61786,1.00,1.00
2014.06.04 12:57:25.715,1.61756,1.61787,1.50,1.50
2014.06.04 12:57:26.949,1.61752,1.61776,1.50,1.00
2014.06.04 12:57:28.692,1.61754,1.61786,1.00,1.50
2014.06.04 12:57:29.432,1.61755,1.61786,1.00,1.00
2014.06.04 12:57:30.516,1.61755,1.61785,1.00,1.00
2014.06.04 12:57:33.171,1.61755,1.61787,1.00,1.50
2014.06.04 12:57:34.063,1.61755,1.61785,1.00,1.00
2014.06.04 12:57:35.110,1.61755,1.61776,1.00,1.00
2014.06.04 12:57:35.769,1.61755,1.61785,1.00,1.00
2014.06.04 12:57:38.848,1.61755,1.61777,1.00,1.00
2014.06.04 12:57:39.100,1.61752,1.61776,1.00,1.00
2014.06.04 12:57:43.491,1.61754,1.61785,1.00,1.00
2014.06.04 12:57:43.693,1.61755,1.61787,1.00,1.00
2014.06.04 12:57:43.744,1.61757,1.61787,1.00,1.00
2014.06.04 12:57:43.845,1.61755,1.61787,1.00,1.00
2014.06.04 12:57:44.908,1.61755,1.61786,1.00,1.00
2014.06.04 12:57:45.319,1.61753,1.61787,1.00,1.50
2014.06.04 12:57:45.370,1.61752,1.61776,1.00,1.00
2014.06.04 12:57:50.447,1.61755,1.61786,1.00,1.00
2014.06.04 12:57:50.851,1.61754,1.61776,1.00,1.00
2014.06.04 12:57:50.902,1.61752,1.61776,1.00,1.00
2014.06.04 12:57:53.228,1.61754,1.61786,1.00,1.50
2014.06.04 12:57:53.428,1.61757,1.61786,1.00,1.50
2014.06.04 12:57:54.001,1.61757,1.61787,1.00,1.00
2014.06.04 12:57:54.052,1.61755,1.61787,1.50,1.50
2014.06.04 12:57:54.584,1.61753,1.61777,1.00,1.00
2014.06.04 12:57:54.991,1.61754,1.61786,1.00,1.00
2014.06.04 12:57:57.419,1.61753,1.61787,1.50,1.50
2014.06.04 12:57:58.641,1.61756,1.6179,1.00,1.00
2014.06.04 12:57:58.989,1.61753,1.61786,1.00,1.00
2014.06.04 12:58:03.177,1.61753,1.61787,1.00,1.00
2014.06.04 12:58:06.210,1.61753,1.61786,1.00,1.00
2014.06.04 12:58:07.089,1.61753,1.61787,1.00,1.00
2014.06.04 12:58:07.819,1.61754,1.61788,1.00,1.00
2014.06.04 12:58:09.324,1.61754,1.6179,1.00,1.00
2014.06.04 12:58:09.760,1.61756,1.6179,1.00,1.00
2014.06.04 12:58:10.062,1.61764,1.6179,1.50,1.00
2014.06.04 12:58:10.681,1.61764,1.61789,1.00,1.00
2014.06.04 12:58:12.550,1.61763,1.61789,1.50,1.00
2014.06.04 12:58:13.208,1.61764,1.61789,1.00,1.00
2014.06.04 12:58:13.360,1.61761,1.61787,1.00,1.00
2014.06.04 12:58:13.411,1.6176,1.61777,1.00,1.00
2014.06.04 12:58:13.663,1.61756,1.61777,1.80,1.00
2014.06.04 12:58:14.063,1.61756,1.61779,1.00,1.00
2014.06.04 12:58:14.164,1.61756,1.61781,1.00,1.00
2014.06.04 12:58:14.416,1.61756,1.61786,1.00,1.68
2014.06.04 12:58:14.858,1.61756,1.61776,1.00,1.00
2014.06.04 12:58:15.377,1.61756,1.61777,1.00,1.50
2014.06.04 12:58:15.968,1.61756,1.61776,1.00,1.00
2014.06.04 12:58:16.171,1.61756,1.61779,1.00,1.00
2014.06.04 12:58:16.222,1.61753,1.61779,1.50,1.00
2014.06.04 12:58:16.323,1.61753,1.61781,1.50,1.00
2014.06.04 12:58:16.838,1.61754,1.61782,1.00,1.00
2014.06.04 12:58:17.458,1.61754,1.61781,1.00,1.00
2014.06.04 12:58:17.710,1.61754,1.61779,1.00,1.00
2014.06.04 12:58:17.941,1.61753,1.61781,1.00,1.00
2014.06.04 12:58:19.977,1.61754,1.61781,1.00,1.00
2014.06.04 12:58:20.537,1.61754,1.61782,1.00,1.00
2014.06.04 12:58:21.240,1.61754,1.61779,1.00,1.00
2014.06.04 12:58:21.392,1.6175,1.61779,1.00,1.00
2014.06.04 12:58:21.442,1.6175,1.61777,1.50,1.00
2014.06.04 12:58:21.846,1.61754,1.61777,1.00,1.00
2014.06.04 12:58:22.367,1.61754,1.61778,1.00,1.00
2014.06.04 12:58:22.620,1.61754,1.61786,1.00,1.00
2014.06.04 12:58:22.824,1.61756,1.61787,1.00,1.00
2014.06.04 12:58:23.158,1.61759,1.61786,1.00,1.00
2014.06.04 12:58:24.302,1.61759,1.61785,1.00,1.00
2014.06.04 12:58:24.353,1.61757,1.61785,1.00,1.00
2014.06.04 12:58:24.504,1.61757,1.61779,1.00,1.00
2014.06.04 12:58:24.555,1.61755,1.61779,1.00,1.00
2014.06.04 12:58:24.817,1.61753,1.61785,1.00,1.00
2014.06.04 12:58:24.969,1.61753,1.6178,1.00,1.00
2014.06.04 12:58:25.322,1.61749,1.61779,1.00,1.00
2014.06.04 12:58:25.858,1.61749,1.61778,1.00,1.00
2014.06.04 12:58:26.680,1.61749,1.61777,1.00,1.00
2014.06.04 12:58:27.375,1.61749,1.61776,1.00,1.00
2014.06.04 12:58:27.590,1.61749,1.61778,1.00,1.00
2014.06.04 12:58:28.223,1.61749,1.61777,1.00,1.00
2014.06.04 12:58:28.566,1.61749,1.61779,1.00,1.00
2014.06.04 12:58:30.170,1.61749,1.61777,1.00,1.00
2014.06.04 12:58:30.734,1.61748,1.61776,1.00,1.00
2014.06.04 12:58:33.460,1.61747,1.61776,1.50,1.50
2014.06.04 12:58:33.770,1.61747,1.61774,1.00,1.00
2014.06.04 12:58:35.565,1.61747,1.61776,1.00,1.50
2014.06.04 12:58:36.125,1.61748,1.61776,1.00,1.50
2014.06.04 12:58:37.877,1.61752,1.61782,1.00,1.00
2014.06.04 12:58:38.028,1.61752,1.61785,1.50,1.00
2014.06.04 12:58:38.130,1.61749,1.61785,1.00,1.00
2014.06.04 12:58:39.219,1.61748,1.61785,1.00,1.00
2014.06.04 12:58:39.571,1.61751,1.61786,1.00,1.50
2014.06.04 12:58:40.085,1.61751,1.61787,1.50,1.00
2014.06.04 12:58:40.796,1.61751,1.61786,1.50,1.00
2014.06.04 12:58:41.099,1.61747,1.61776,1.00,1.00
2014.06.04 12:58:41.171,1.61744,1.61776,1.00,1.00
2014.06.04 12:58:41.708,1.61743,1.61776,1.50,1.00
2014.06.04 12:58:41.759,1.61743,1.61783,2.25,1.00
2014.06.04 12:58:41.817,1.61745,1.61783,1.00,1.00
2014.06.04 12:58:42.407,1.61745,1.61784,1.50,1.00
2014.06.04 12:58:43.278,1.61745,1.61776,1.50,1.00
2014.06.04 12:58:43.939,1.61745,1.61784,1.50,1.00
2014.06.04 12:58:44.040,1.61745,1.61781,1.50,1.00
2014.06.04 12:58:44.347,1.61741,1.61777,1.50,1.00
2014.06.04 12:58:44.640,1.61739,1.61777,1.50,1.00
2014.06.04 12:58:45.286,1.61739,1.61776,1.50,1.00
2014.06.04 12:58:45.591,1.61741,1.61776,1.00,1.00
2014.06.04 12:58:45.869,1.61745,1.61786,1.50,1.50
2014.06.04 12:58:46.425,1.61745,1.61784,1.50,1.00
2014.06.04 12:58:46.728,1.61744,1.61781,1.00,1.00
2014.06.04 12:58:46.779,1.61743,1.61783,1.00,2.25
2014.06.04 12:58:46.880,1.61746,1.61783,1.00,1.00
2014.06.04 12:58:47.031,1.61746,1.61786,1.00,1.00
2014.06.04 12:58:48.629,1.61746,1.61776,1.00,1.00
2014.06.04 12:58:48.881,1.61742,1.61776,1.00,1.00
2014.06.04 12:58:49.419,1.61741,1.61777,1.00,1.00
2014.06.04 12:58:50.050,1.61743,1.61779,1.00,1.50
2014.06.04 12:58:50.152,1.61743,1.61782,1.50,1.00
2014.06.04 12:58:50.202,1.61745,1.61783,1.00,1.00
2014.06.04 12:58:50.354,1.61745,1.61785,1.00,1.00
2014.06.04 12:58:50.405,1.61748,1.61786,1.00,1.00
2014.06.04 12:58:50.923,1.61747,1.61786,1.00,1.00
2014.06.04 12:58:51.225,1.61742,1.61776,1.00,1.00
2014.06.04 12:58:51.551,1.6174,1.61776,1.00,1.00
2014.06.04 12:58:52.246,1.6174,1.61777,1.00,1.00
2014.06.04 12:58:52.739,1.61742,1.61777,1.00,1.00
2014.06.04 12:58:52.841,1.61744,1.61784,1.00,1.50
2014.06.04 12:58:53.391,1.61745,1.61784,1.00,1.00
2014.06.04 12:58:53.442,1.61746,1.61786,1.00,2.25
2014.06.04 12:58:57.266,1.61746,1.61785,1.00,1.00
2014.06.04 12:58:57.368,1.61745,1.61777,1.00,1.00
2014.06.04 12:58:57.722,1.61739,1.61777,2.25,1.00
2014.06.04 12:58:58.858,1.61739,1.61776,1.50,1.00
2014.06.04 12:58:59.328,1.61742,1.61776,1.00,1.00
2014.06.04 12:58:59.651,1.6174,1.61776,1.50,1.00
2014.06.04 12:59:00.614,1.61741,1.61776,1.00,1.00
2014.06.04 12:59:00.868,1.61744,1.61766,1.00,1.00
2014.06.04 12:59:00.970,1.61742,1.61766,1.50,1.00
2014.06.04 12:59:01.323,1.6174,1.61766,1.00,1.00
2014.06.04 12:59:01.424,1.61735,1.61766,1.00,1.00
2014.06.04 12:59:01.663,1.61733,1.61767,1.13,1.50
2014.06.04 12:59:03.097,1.61734,1.61766,1.00,1.00
2014.06.04 12:59:03.609,1.61733,1.61767,1.13,1.50
2014.06.04 12:59:04.152,1.61734,1.61766,1.00,1.00
2014.06.04 12:59:04.888,1.61744,1.61772,1.00,1.50
2014.06.04 12:59:05.091,1.61734,1.61766,3.60,1.00
2014.06.04 12:59:05.192,1.61738,1.61766,1.00,1.00
2014.06.04 12:59:05.731,1.61738,1.61766,1.68,1.00
2014.06.04 12:59:07.850,1.61738,1.61767,1.68,1.00
2014.06.04 12:59:08.410,1.61736,1.61766,1.28,1.00
2014.06.04 12:59:11.336,1.61736,1.61767,1.28,1.00
2014.06.04 12:59:11.839,1.61737,1.61766,1.30,1.50
2014.06.04 12:59:12.366,1.61731,1.61757,1.90,1.00
2014.06.04 12:59:12.887,1.6173,1.61756,3.15,1.00
2014.06.04 12:59:14.866,1.6173,1.61757,3.90,1.00
2014.06.04 12:59:15.417,1.6173,1.61756,3.90,1.00
2014.06.04 12:59:15.519,1.6173,1.61756,2.63,1.00
2014.06.04 12:59:15.771,1.6173,1.61756,1.50,1.00
2014.06.04 12:59:15.822,1.61725,1.61756,2.48,1.00
2014.06.04 12:59:15.873,1.61725,1.61747,2.48,1.00
2014.06.04 12:59:16.431,1.61725,1.61747,2.48,1.00
2014.06.04 12:59:17.150,1.61725,1.61756,2.48,1.00
2014.06.04 12:59:18.780,1.61725,1.61757,2.48,1.00
2014.06.04 12:59:18.883,1.61731,1.61757,1.60,1.00
2014.06.04 12:59:19.596,1.61734,1.61756,1.30,1.00
2014.06.04 12:59:19.748,1.61731,1.61756,1.00,1.00
2014.06.04 12:59:19.799,1.61729,1.61756,1.13,1.00
2014.06.04 12:59:20.482,1.61725,1.61756,1.88,1.00
2014.06.04 12:59:21.164,1.61725,1.61756,1.88,1.00
2014.06.04 12:59:24.389,1.61725,1.61757,1.88,1.00
2014.06.04 12:59:25.376,1.61725,1.61756,1.88,1.00
2014.06.04 12:59:25.885,1.61729,1.61757,1.38,1.00
2014.06.04 12:59:26.826,1.61729,1.61756,1.38,1.00
2014.06.04 12:59:27.553,1.61729,1.61756,1.13,1.00
2014.06.04 12:59:28.316,1.61729,1.61756,1.73,1.00
2014.06.04 12:59:28.367,1.61734,1.61764,1.88,1.00
2014.06.04 12:59:28.418,1.61734,1.61766,1.88,1.00
2014.06.04 12:59:28.570,1.61734,1.61757,1.50,1.00
2014.06.04 12:59:28.907,1.61731,1.61757,3.00,1.00
2014.06.04 12:59:30.336,1.61732,1.61757,1.00,1.00
2014.06.04 12:59:32.111,1.61734,1.61765,1.00,1.00
2014.06.04 12:59:32.363,1.61733,1.61761,1.00,1.00
2014.06.04 12:59:32.465,1.61733,1.61764,2.25,1.00
2014.06.04 12:59:32.974,1.61734,1.61764,1.00,1.00
2014.06.04 12:59:34.269,1.61737,1.61764,1.00,1.00
2014.06.04 12:59:34.370,1.61737,1.61766,1.00,1.00
2014.06.04 12:59:34.888,1.6174,1.61767,1.50,1.00
2014.06.04 12:59:35.795,1.61744,1.61776,1.00,1.00
2014.06.04 12:59:36.149,1.61744,1.61776,1.73,1.00
2014.06.04 12:59:37.116,1.61754,1.61782,1.00,1.00
2014.06.04 12:59:40.885,1.61754,1.61782,1.38,1.00
2014.06.04 12:59:40.936,1.61754,1.61786,1.88,1.00
2014.06.04 12:59:41.440,1.61754,1.61785,2.18,1.00
2014.06.04 12:59:41.922,1.61757,1.61785,1.00,1.00
2014.06.04 12:59:44.202,1.61763,1.61792,1.00,1.00
2014.06.04 12:59:44.663,1.61763,1.61795,1.00,1.00
2014.06.04 12:59:44.917,1.61764,1.61796,1.38,1.00
2014.06.04 12:59:45.255,1.61761,1.61787,2.48,1.00
2014.06.04 12:59:45.457,1.61754,1.61777,1.00,1.00
2014.06.04 12:59:45.659,1.61745,1.61776,1.30,1.00
2014.06.04 12:59:45.760,1.61743,1.61772,1.80,1.00
2014.06.04 12:59:45.811,1.61743,1.61767,1.50,1.00
2014.06.04 12:59:45.861,1.61743,1.61762,1.00,1.00
2014.06.04 12:59:45.962,1.61737,1.61757,1.00,1.00
2014.06.04 12:59:46.114,1.61729,1.61757,1.00,1.00
2014.06.04 12:59:46.165,1.61734,1.61762,1.00,1.00
2014.06.04 12:59:46.215,1.61734,1.61766,1.00,1.50
2014.06.04 12:59:46.367,1.61729,1.61756,1.00,1.00
2014.06.04 12:59:46.671,1.61719,1.61747,1.00,1.00
2014.06.04 12:59:47.075,1.61715,1.61747,1.00,1.50
2014.06.04 12:59:47.378,1.61711,1.61736,1.80,1.00
2014.06.04 12:59:47.479,1.61711,1.61736,1.00,1.00
2014.06.04 12:59:47.580,1.61714,1.61743,1.00,1.00
2014.06.04 12:59:47.631,1.61714,1.61746,1.00,1.50
2014.06.04 12:59:47.732,1.61714,1.61744,1.00,1.00
2014.06.04 12:59:47.833,1.61714,1.61746,1.00,1.00
2014.06.04 12:59:48.135,1.61707,1.61743,1.88,1.00
2014.06.04 12:59:48.286,1.61705,1.61743,1.00,1.00
2014.06.04 12:59:48.813,1.61704,1.61743,1.00,1.00
2014.06.04 12:59:49.126,1.61724,1.61743,1.00,1.00
2014.06.04 12:59:49.278,1.61724,1.61752,1.00,1.00
2014.06.04 12:59:49.329,1.61717,1.61746,1.00,1.00
2014.06.04 12:59:49.481,1.61717,1.61744,1.00,1.00
2014.06.04 12:59:49.784,1.61725,1.61752,1.00,1.00
2014.06.04 12:59:49.835,1.61724,1.61755,1.35,1.00
2014.06.04 12:59:50.137,1.61724,1.6175,1.00,1.00
2014.06.04 12:59:50.188,1.61715,1.6175,1.00,1.00
2014.06.04 12:59:50.289,1.61715,1.61747,1.00,1.00
2014.06.04 12:59:52.587,1.61724,1.61749,1.00,1.00
2014.06.04 12:59:52.692,1.61724,1.61755,1.00,1.00
2014.06.04 12:59:52.793,1.61724,1.61753,1.00,1.00
2014.06.04 12:59:52.894,1.61723,1.61757,1.60,1.05
2014.06.04 12:59:53.455,1.61734,1.61762,1.00,1.50
2014.06.04 12:59:53.708,1.61734,1.61764,1.00,1.50
2014.06.04 12:59:53.919,1.61734,1.61766,1.00,1.50
2014.06.04 12:59:55.556,1.61726,1.61756,1.73,1.00
2014.06.04 12:59:56.072,1.61724,1.61756,1.98,1.00
2014.06.04 12:59:56.844,1.61732,1.61756,1.35,1.00
2014.06.04 12:59:56.895,1.61733,1.61762,1.38,1.00
2014.06.04 12:59:56.996,1.61735,1.61767,1.00,2.10
2014.06.04 12:59:57.147,1.61734,1.61763,1.13,1.00
2014.06.04 12:59:57.517,1.61734,1.6176,1.00,1.00
2014.06.04 12:59:57.669,1.61725,1.61757,1.00,1.50
2014.06.04 12:59:57.949,1.61721,1.61757,1.68,1.00
2014.06.04 12:59:58.051,1.61719,1.61756,1.00,1.00
2014.06.04 12:59:58.152,1.61716,1.61756,2.25,1.50
2014.06.04 12:59:58.507,1.61719,1.61756,1.00,2.25
2014.06.04 12:59:58.818,1.61724,1.6176,1.00,1.50
2014.06.04 12:59:59.498,1.61724,1.61753,1.00,1.00
