2013.08.08 21:00:00.268,1.67046,1.67134,0.20,0.75
2013.08.08 21:00:31.184,1.67046,1.67133,0.20,0.75
2013.08.08 21:00:53.915,1.67046,1.67144,0.20,0.75
2013.08.08 21:00:56.024,1.67046,1.67143,0.20,0.75
2013.08.08 21:00:56.625,1.67046,1.67144,0.20,0.75
2013.08.08 21:01:00.024,1.67046,1.67134,0.20,0.75
2013.08.08 21:01:00.476,1.67046,1.67168,0.20,1.35
2013.08.08 21:01:00.755,1.67046,1.67179,0.20,0.68
2013.08.08 21:01:02.915,1.67046,1.6718,0.20,0.68
2013.08.08 21:01:02.975,1.67046,1.67195,0.20,0.68
2013.08.08 21:01:07.295,1.67046,1.67248,0.20,19.46
2013.08.08 21:01:07.654,1.67046,1.67138,0.20,0.68
2013.08.08 21:01:07.714,1.67046,1.6714,0.20,0.68
2013.08.08 21:01:07.775,1.67046,1.67186,0.20,0.68
2013.08.08 21:01:13.946,1.67046,1.67183,0.20,0.75
2013.08.08 21:01:15.972,1.67046,1.67174,0.20,0.75
2013.08.08 21:01:16.645,1.67046,1.67163,0.20,0.75
2013.08.08 21:01:18.007,1.67046,1.67164,0.20,0.75
2013.08.08 21:01:19.977,1.67046,1.67153,0.20,0.75
2013.08.08 21:01:24.111,1.67046,1.67143,0.20,0.75
2013.08.08 21:01:34.975,1.67046,1.67144,0.20,0.75
2013.08.08 21:01:36.865,1.67046,1.67143,0.20,0.75
2013.08.08 21:02:06.346,1.67047,1.67142,0.45,0.38
2013.08.08 21:02:47.085,1.67046,1.67131,0.20,0.38
2013.08.08 21:02:47.396,1.67046,1.6712,0.20,0.38
2013.08.08 21:02:47.755,1.67046,1.67071,0.20,0.38
2013.08.08 21:02:47.815,1.67046,1.67095,0.20,0.38
2013.08.08 21:02:56.085,1.67046,1.67104,0.20,0.38
2013.08.08 21:02:57.256,1.67046,1.6713,0.20,0.38
2013.08.08 21:02:57.316,1.67046,1.67133,0.20,0.38
2013.08.08 21:02:57.376,1.67046,1.67131,0.20,0.38
2013.08.08 21:02:57.983,1.67046,1.67116,0.20,0.38
2013.08.08 21:02:58.235,1.67046,1.6713,0.20,0.38
2013.08.08 21:02:59.106,1.67046,1.67115,0.20,0.38
2013.08.08 21:02:59.345,1.67046,1.67131,0.20,0.38
2013.08.08 21:02:59.525,1.67046,1.67114,0.20,0.38
2013.08.08 21:02:59.766,1.67046,1.6713,0.20,0.38
2013.08.08 21:03:01.105,1.67046,1.67098,0.20,0.38
2013.08.08 21:03:01.285,1.67046,1.67135,0.20,0.38
2013.08.08 21:03:04.255,1.67046,1.6714,0.20,0.75
2013.08.08 21:03:04.315,1.67046,1.67127,0.20,0.38
2013.08.08 21:03:04.625,1.67046,1.67256,0.20,11.81
2013.08.08 21:03:04.832,1.67046,1.67149,0.20,0.75
2013.08.08 21:03:05.135,1.67046,1.67238,0.20,11.81
2013.08.08 21:03:05.466,1.67046,1.67208,0.20,15.59
2013.08.08 21:03:05.644,1.669,1.67097,0.68,0.68
2013.08.08 21:03:06.866,1.66931,1.67149,0.51,0.51
2013.08.08 21:03:06.925,1.66946,1.67131,0.68,0.68
2013.08.08 21:03:07.225,1.66926,1.67122,8.02,0.38
2013.08.08 21:03:14.247,1.66874,1.67078,0.75,0.75
2013.08.08 21:03:14.625,1.66887,1.67078,0.75,0.75
2013.08.08 21:03:15.185,1.66886,1.67087,0.75,0.75
2013.08.08 21:03:17.153,1.66887,1.67086,0.75,0.75
2013.08.08 21:03:20.235,1.66886,1.67087,0.75,0.75
2013.08.08 21:03:21.674,1.66886,1.67086,0.75,0.75
2013.08.08 21:03:23.144,1.66887,1.67099,0.75,0.75
2013.08.08 21:03:23.324,1.66972,1.67058,0.38,0.38
2013.08.08 21:03:23.835,1.66997,1.67085,0.38,0.38
2013.08.08 21:03:24.036,1.67002,1.67091,0.38,0.38
2013.08.08 21:03:24.274,1.66976,1.67065,0.38,0.38
2013.08.08 21:03:24.634,1.67013,1.671,0.38,0.38
2013.08.08 21:03:26.794,1.67023,1.67111,0.38,0.38
2013.08.08 21:03:27.044,1.67019,1.67105,0.38,0.38
2013.08.08 21:03:30.636,1.67007,1.67096,0.38,0.38
2013.08.08 21:03:31.324,1.66998,1.67084,0.38,0.38
2013.08.08 21:03:36.304,1.66967,1.67063,0.38,0.38
2013.08.08 21:03:44.854,1.66961,1.67048,0.38,0.38
2013.08.08 21:03:45.094,1.6695,1.67038,0.38,0.38
2013.08.08 21:04:01.815,1.66887,1.67053,1.13,1.13
2013.08.08 21:04:02.408,1.66887,1.67053,1.13,1.13
2013.08.08 21:04:02.976,1.66887,1.67053,1.88,1.13
2013.08.08 21:04:34.825,1.66896,1.67032,1.13,1.13
2013.08.08 21:04:35.484,1.66896,1.67024,1.13,1.13
2013.08.08 21:04:45.495,1.66906,1.67079,1.13,1.13
2013.08.08 21:04:45.674,1.66906,1.67094,1.13,1.13
2013.08.08 21:04:47.144,1.6692,1.67094,1.13,1.13
2013.08.08 21:04:47.504,1.66923,1.67094,1.13,1.13
2013.08.08 21:04:52.055,1.66927,1.67093,1.13,1.13
2013.08.08 21:04:52.294,1.66927,1.67091,1.13,1.13
2013.08.08 21:05:08.165,1.66927,1.67063,1.13,1.13
2013.08.08 21:05:08.225,1.66927,1.67063,1.13,1.13
2013.08.08 21:05:08.688,1.66927,1.67063,1.13,1.13
2013.08.08 21:05:14.046,1.66937,1.67063,1.13,1.73
2013.08.08 21:05:21.306,1.66936,1.67054,1.13,1.73
2013.08.08 21:05:33.565,1.66946,1.67082,1.13,2.25
2013.08.08 21:05:33.624,1.66946,1.67104,1.13,1.13
2013.08.08 21:05:45.635,1.66946,1.67104,1.13,1.13
2013.08.08 21:05:46.625,1.66946,1.67104,1.13,1.13
2013.08.08 21:05:46.865,1.66946,1.67104,1.13,1.13
2013.08.08 21:05:54.454,1.66947,1.67093,1.13,1.13
2013.08.08 21:05:55.305,1.66946,1.67084,1.13,1.13
2013.08.08 21:05:55.677,1.66946,1.67084,1.13,1.13
2013.08.08 21:05:56.985,1.66936,1.67084,1.13,1.13
2013.08.08 21:06:15.035,1.66946,1.67074,1.32,1.13
2013.08.08 21:06:15.985,1.66947,1.67083,1.32,1.32
2013.08.08 21:06:21.535,1.66947,1.67083,1.32,1.13
2013.08.08 21:06:21.845,1.66947,1.67093,2.07,1.13
2013.08.08 21:06:24.615,1.6695,1.67093,1.32,1.13
2013.08.08 21:06:29.295,1.66987,1.67096,1.13,1.13
2013.08.08 21:06:31.296,1.66988,1.67095,1.13,1.13
2013.08.08 21:06:36.846,1.66989,1.67095,1.13,1.13
2013.08.08 21:06:37.025,1.66974,1.67095,1.13,1.13
2013.08.08 21:06:37.145,1.66957,1.67096,1.13,1.13
2013.08.08 21:06:37.265,1.66957,1.67095,1.13,1.13
2013.08.08 21:06:42.096,1.66967,1.67095,1.88,1.13
2013.08.08 21:06:42.325,1.66969,1.67095,1.88,1.13
2013.08.08 21:06:43.996,1.66988,1.67095,1.13,1.13
2013.08.08 21:06:49.836,1.67005,1.67105,1.13,1.13
2013.08.08 21:06:52.308,1.67005,1.67126,1.32,1.13
2013.08.08 21:06:55.965,1.67006,1.67126,1.32,1.13
2013.08.08 21:06:58.676,1.67006,1.67138,1.13,1.32
2013.08.08 21:06:58.796,1.6701,1.67163,1.13,1.13
2013.08.08 21:06:58.856,1.6701,1.67163,1.13,1.13
2013.08.08 21:07:08.711,1.67021,1.67164,1.32,1.13
2013.08.08 21:07:28.526,1.67023,1.67164,1.32,1.13
2013.08.08 21:07:29.047,1.67023,1.67164,1.32,1.13
2013.08.08 21:07:31.626,1.67023,1.67163,1.32,1.13
2013.08.08 21:07:31.960,1.67022,1.6716,1.32,1.32
2013.08.08 21:08:04.892,1.67009,1.67134,1.13,1.32
2013.08.08 21:08:06.007,1.67008,1.6713,1.13,1.32
2013.08.08 21:08:07.403,1.67008,1.67143,1.32,1.13
2013.08.08 21:08:20.905,1.67009,1.67143,1.32,1.32
2013.08.08 21:08:22.265,1.6701,1.67142,1.32,1.32
2013.08.08 21:08:30.369,1.67017,1.67145,1.13,1.32
2013.08.08 21:08:35.185,1.67011,1.67142,1.32,1.32
2013.08.08 21:08:38.295,1.67011,1.67136,1.13,1.32
2013.08.08 21:08:39.765,1.67011,1.67131,1.13,1.32
2013.08.08 21:08:45.555,1.6701,1.67131,1.13,1.32
2013.08.08 21:08:50.216,1.6701,1.6714,1.13,1.32
2013.08.08 21:08:58.265,1.67016,1.67141,1.13,1.32
2013.08.08 21:08:59.734,1.67016,1.67147,1.32,1.32
2013.08.08 21:09:08.280,1.67016,1.67142,1.13,1.32
2013.08.08 21:09:09.317,1.67016,1.67142,1.13,1.32
2013.08.08 21:09:09.753,1.67016,1.6715,1.32,1.32
2013.08.08 21:09:20.147,1.67019,1.67144,1.32,1.13
2013.08.08 21:09:28.164,1.67006,1.6714,2.07,1.32
2013.08.08 21:09:28.905,1.67006,1.67144,2.07,1.32
2013.08.08 21:09:40.167,1.67015,1.67144,1.32,1.13
2013.08.08 21:09:40.286,1.67015,1.67144,1.32,1.13
2013.08.08 21:09:47.351,1.67006,1.67129,1.13,1.32
2013.08.08 21:09:53.272,1.67006,1.67125,1.13,1.32
2013.08.08 21:09:55.305,1.67006,1.67133,1.13,1.32
2013.08.08 21:09:56.884,1.67006,1.67134,1.32,1.32
2013.08.08 21:10:00.816,1.67006,1.67134,1.32,1.32
2013.08.08 21:10:07.314,1.67006,1.67127,1.13,1.32
2013.08.08 21:10:08.827,1.67006,1.67126,1.13,1.32
2013.08.08 21:10:10.327,1.67006,1.67134,1.32,1.32
2013.08.08 21:10:18.965,1.67003,1.67162,1.32,1.32
2013.08.08 21:10:33.925,1.67004,1.67135,1.32,1.32
2013.08.08 21:10:38.345,1.67003,1.67133,1.32,1.32
2013.08.08 21:10:49.036,1.67004,1.67137,1.32,1.32
2013.08.08 21:11:00.666,1.67004,1.6714,1.32,1.32
2013.08.08 21:11:19.819,1.67003,1.6714,1.32,1.32
2013.08.08 21:11:19.936,1.67003,1.67161,1.32,1.32
2013.08.08 21:11:20.897,1.66998,1.67143,1.88,1.32
2013.08.08 21:11:20.957,1.66998,1.67143,1.88,1.32
2013.08.08 21:11:21.538,1.66997,1.67143,1.50,1.32
2013.08.08 21:11:22.081,1.66997,1.67143,1.50,1.32
2013.08.08 21:11:23.787,1.6697,1.67144,1.43,1.13
2013.08.08 21:11:23.967,1.66958,1.67144,1.35,1.13
2013.08.08 21:11:24.087,1.6694,1.67131,1.50,1.05
2013.08.08 21:11:24.797,1.66937,1.67131,1.43,1.05
2013.08.08 21:11:25.886,1.66937,1.67131,1.43,1.05
2013.08.08 21:11:26.397,1.66937,1.67131,1.43,1.05
2013.08.08 21:11:26.797,1.66936,1.67131,1.73,1.05
2013.08.08 21:11:30.857,1.66918,1.67108,1.13,1.05
2013.08.08 21:11:36.369,1.66936,1.67132,1.73,1.05
2013.08.08 21:11:37.477,1.66931,1.6711,1.13,1.05
2013.08.08 21:11:37.727,1.66936,1.6711,1.13,1.05
2013.08.08 21:11:40.439,1.66936,1.6711,1.13,1.05
2013.08.08 21:11:40.828,1.66949,1.67123,1.13,1.05
2013.08.08 21:11:44.997,1.66955,1.67123,1.13,1.05
2013.08.08 21:11:45.329,1.66957,1.67131,1.13,1.13
2013.08.08 21:11:47.337,1.6695,1.67124,1.13,1.13
2013.08.08 21:11:52.867,1.66953,1.67124,1.32,1.13
2013.08.08 21:11:53.361,1.66953,1.67122,1.32,1.13
2013.08.08 21:11:56.567,1.66951,1.67117,1.13,1.32
2013.08.08 21:11:56.778,1.66951,1.67111,1.13,1.32
2013.08.08 21:11:59.278,1.66965,1.67113,1.88,1.32
2013.08.08 21:11:59.637,1.66993,1.67119,1.13,1.32
2013.08.08 21:12:02.517,1.66994,1.67114,1.13,1.32
2013.08.08 21:12:38.789,1.66983,1.6709,1.13,1.13
2013.08.08 21:12:39.030,1.66983,1.67087,1.13,1.32
2013.08.08 21:12:41.632,1.66983,1.67078,1.13,1.32
2013.08.08 21:12:41.808,1.66971,1.67077,1.32,1.32
2013.08.08 21:12:44.849,1.66971,1.67069,1.13,1.32
2013.08.08 21:12:45.508,1.66982,1.67069,1.13,1.32
2013.08.08 21:12:46.348,1.66982,1.67082,1.13,1.32
2013.08.08 21:12:47.559,1.66982,1.67076,1.13,1.32
2013.08.08 21:12:49.498,1.66983,1.67076,1.13,1.32
2013.08.08 21:12:49.618,1.66988,1.6708,1.13,1.32
2013.08.08 21:12:50.898,1.66989,1.67077,1.13,1.32
2013.08.08 21:12:55.218,1.66989,1.67083,1.13,1.32
2013.08.08 21:13:32.254,1.66989,1.67073,1.13,1.32
2013.08.08 21:13:33.268,1.66989,1.67073,1.13,1.32
2013.08.08 21:13:34.317,1.66989,1.67073,1.13,1.32
2013.08.08 21:13:37.787,1.66989,1.67074,1.13,1.13
2013.08.08 21:13:37.859,1.66989,1.67081,1.13,1.13
2013.08.08 21:13:37.979,1.66989,1.67077,1.13,1.13
2013.08.08 21:13:38.299,1.66989,1.67092,1.13,1.69
2013.08.08 21:13:39.097,1.66989,1.67077,1.13,1.13
2013.08.08 21:14:37.493,1.66988,1.67093,1.32,1.32
2013.08.08 21:14:44.758,1.66999,1.67098,1.13,1.13
2013.08.08 21:14:46.098,1.66998,1.67093,1.13,1.13
2013.08.08 21:15:06.529,1.66999,1.67093,1.32,1.13
2013.08.08 21:15:07.117,1.66998,1.67093,1.13,1.13
2013.08.08 21:15:07.789,1.66998,1.67098,1.13,1.13
2013.08.08 21:15:08.129,1.66998,1.67103,1.13,1.13
2013.08.08 21:15:09.037,1.66998,1.67093,1.13,1.13
2013.08.08 21:15:13.308,1.66998,1.67093,1.13,1.13
2013.08.08 21:15:45.948,1.66999,1.67093,1.13,1.73
2013.08.08 21:15:46.308,1.66978,1.67076,1.32,1.32
2013.08.08 21:15:46.428,1.66978,1.67076,1.32,1.32
2013.08.08 21:15:49.038,1.66978,1.67076,1.13,1.32
2013.08.08 21:15:53.098,1.66978,1.67074,1.13,1.32
2013.08.08 21:15:55.250,1.66978,1.67076,1.13,1.32
2013.08.08 21:15:58.558,1.66989,1.67075,1.13,1.50
2013.08.08 21:15:58.958,1.66988,1.67093,1.13,1.32
2013.08.08 21:15:59.078,1.66988,1.67093,1.13,1.32
2013.08.08 21:15:59.908,1.66999,1.67093,1.13,1.32
2013.08.08 21:16:02.476,1.66998,1.67093,1.13,1.32
2013.08.08 21:16:06.318,1.66998,1.67092,1.13,1.32
2013.08.08 21:16:08.339,1.66998,1.67093,1.13,1.32
2013.08.08 21:16:13.459,1.66998,1.67093,1.13,1.32
2013.08.08 21:16:17.008,1.66998,1.67093,1.13,1.13
2013.08.08 21:16:26.800,1.66998,1.67121,1.13,1.13
2013.08.08 21:16:27.037,1.66998,1.67104,1.13,1.13
2013.08.08 21:17:02.460,1.67022,1.67134,1.13,1.32
2013.08.08 21:17:02.758,1.67027,1.67134,1.13,1.32
2013.08.08 21:17:04.767,1.67034,1.67134,1.13,1.13
2013.08.08 21:17:05.068,1.67039,1.67134,1.13,1.13
2013.08.08 21:17:05.728,1.67011,1.67139,1.05,1.13
2013.08.08 21:17:05.988,1.6701,1.67139,1.13,1.13
2013.08.08 21:17:06.288,1.6701,1.67139,1.13,1.13
2013.08.08 21:17:07.993,1.67013,1.67134,1.13,1.32
2013.08.08 21:17:08.288,1.67048,1.67134,1.13,1.32
2013.08.08 21:17:08.908,1.67006,1.67133,1.13,1.13
2013.08.08 21:17:10.199,1.67026,1.67143,1.35,1.32
2013.08.08 21:17:10.318,1.67056,1.6715,1.13,1.13
2013.08.08 21:17:10.838,1.67056,1.67159,1.13,1.69
2013.08.08 21:17:15.002,1.67059,1.67159,1.13,1.69
2013.08.08 21:17:15.928,1.67059,1.67159,1.13,1.69
2013.08.08 21:17:20.251,1.67059,1.67154,1.13,1.69
2013.08.08 21:17:20.748,1.67031,1.67141,1.54,1.32
2013.08.08 21:17:20.808,1.67031,1.67141,1.35,1.13
2013.08.08 21:17:21.048,1.67025,1.6714,1.13,1.13
2013.08.08 21:17:21.168,1.67016,1.6714,1.13,1.13
2013.08.08 21:17:21.768,1.67004,1.67141,1.13,1.32
2013.08.08 21:17:21.988,1.67004,1.67141,1.13,1.32
2013.08.08 21:17:26.380,1.6701,1.6714,1.13,1.32
2013.08.08 21:17:26.628,1.67002,1.67128,1.05,1.13
2013.08.08 21:17:29.238,1.6701,1.67134,1.13,1.32
2013.08.08 21:17:29.678,1.67045,1.67143,1.13,1.13
2013.08.08 21:17:30.212,1.67045,1.67146,1.13,1.69
2013.08.08 21:17:30.538,1.67021,1.67133,1.05,1.50
2013.08.08 21:17:30.658,1.6701,1.6713,1.05,1.13
2013.08.08 21:17:34.440,1.67016,1.67133,1.13,1.13
2013.08.08 21:17:34.798,1.6703,1.67164,4.50,1.32
2013.08.08 21:17:34.919,1.67065,1.67178,2.25,1.24
2013.08.08 21:17:34.978,1.67065,1.67183,2.25,1.32
2013.08.08 21:17:35.158,1.67065,1.67181,1.50,1.13
2013.08.08 21:17:35.519,1.67052,1.67179,2.16,1.13
2013.08.08 21:17:35.579,1.67039,1.67179,1.35,1.13
2013.08.08 21:17:35.699,1.67025,1.67179,1.43,1.13
2013.08.08 21:17:37.097,1.67041,1.67173,3.75,1.13
2013.08.08 21:17:37.518,1.67048,1.67183,1.35,2.07
2013.08.08 21:17:37.889,1.67054,1.67183,4.13,2.07
2013.08.08 21:17:45.689,1.67088,1.67183,1.13,1.32
2013.08.08 21:17:46.052,1.67099,1.67184,1.13,1.32
2013.08.08 21:17:46.609,1.67099,1.67184,1.13,1.13
2013.08.08 21:17:47.560,1.67073,1.67184,1.13,1.13
2013.08.08 21:17:49.319,1.67073,1.67183,4.88,1.13
2013.08.08 21:17:49.688,1.67122,1.67209,1.13,1.32
2013.08.08 21:17:50.902,1.67109,1.67212,1.13,1.32
2013.08.08 21:17:51.478,1.67115,1.67212,1.13,1.32
2013.08.08 21:17:54.540,1.67116,1.67212,1.13,1.32
2013.08.08 21:17:55.560,1.67116,1.67212,1.32,1.32
2013.08.08 21:17:59.958,1.67131,1.67213,1.13,1.17
2013.08.08 21:18:00.078,1.67135,1.67266,1.69,1.05
2013.08.08 21:18:00.138,1.6715,1.67267,1.13,1.35
2013.08.08 21:18:00.319,1.6715,1.673,1.13,1.13
2013.08.08 21:18:01.000,1.67151,1.67309,1.32,1.13
2013.08.08 21:18:02.769,1.67142,1.673,1.32,1.88
2013.08.08 21:18:03.330,1.67142,1.673,1.32,1.13
2013.08.08 21:18:03.607,1.67142,1.67295,1.32,1.50
2013.08.08 21:18:03.908,1.67126,1.67294,1.13,2.25
2013.08.08 21:18:03.968,1.67123,1.67283,2.18,1.13
2013.08.08 21:18:04.208,1.67109,1.67286,1.13,1.80
2013.08.08 21:18:04.722,1.67095,1.67286,1.05,1.80
2013.08.08 21:18:05.148,1.67095,1.67274,1.05,2.25
2013.08.08 21:18:06.023,1.67095,1.67286,1.05,1.80
2013.08.08 21:18:06.458,1.67095,1.67284,1.05,1.50
2013.08.08 21:18:06.907,1.67095,1.67252,1.05,2.25
2013.08.08 21:18:07.329,1.67095,1.67251,1.05,1.50
2013.08.08 21:18:07.978,1.67089,1.67251,1.13,1.50
2013.08.08 21:18:08.097,1.67089,1.67251,1.13,1.50
2013.08.08 21:18:08.278,1.67097,1.6725,1.13,1.13
2013.08.08 21:18:09.457,1.67097,1.67249,1.13,1.50
2013.08.08 21:18:09.757,1.67065,1.67243,3.00,1.13
2013.08.08 21:18:09.937,1.67065,1.67243,1.50,1.13
2013.08.08 21:18:10.488,1.67064,1.67242,2.25,1.13
2013.08.08 21:18:10.550,1.67005,1.67242,1.41,1.13
2013.08.08 21:18:12.017,1.66983,1.67239,1.74,1.13
2013.08.08 21:18:12.339,1.67041,1.6724,1.13,1.13
2013.08.08 21:18:12.698,1.67119,1.67249,1.13,1.50
2013.08.08 21:18:13.179,1.67119,1.67252,1.13,2.25
2013.08.08 21:18:13.675,1.67119,1.67252,1.13,1.50
2013.08.08 21:18:13.948,1.67119,1.67254,1.32,1.50
2013.08.08 21:18:14.524,1.67119,1.67255,1.32,1.50
2013.08.08 21:18:15.298,1.6712,1.67257,1.13,1.50
2013.08.08 21:18:15.708,1.6712,1.67249,1.13,1.50
2013.08.08 21:18:16.019,1.67097,1.6724,1.69,1.13
2013.08.08 21:18:16.079,1.67074,1.67239,1.43,1.13
2013.08.08 21:18:16.198,1.67057,1.67236,1.35,1.13
2013.08.08 21:18:16.258,1.67057,1.67236,1.35,1.13
2013.08.08 21:18:16.428,1.67057,1.67237,1.35,1.13
2013.08.08 21:18:19.290,1.67087,1.67243,1.50,1.13
2013.08.08 21:18:19.528,1.67103,1.67243,1.13,1.13
2013.08.08 21:18:19.708,1.67103,1.67243,1.32,1.13
2013.08.08 21:18:20.107,1.67103,1.67243,1.32,1.13
2013.08.08 21:18:25.379,1.67116,1.67245,1.05,1.13
2013.08.08 21:18:26.579,1.67093,1.67245,2.25,1.13
2013.08.08 21:18:26.699,1.67108,1.67245,1.13,1.88
2013.08.08 21:18:28.189,1.67092,1.6724,1.32,1.13
2013.08.08 21:18:28.520,1.67102,1.67233,1.05,1.13
2013.08.08 21:18:32.819,1.67092,1.67231,1.13,1.05
2013.08.08 21:18:35.838,1.67074,1.67224,1.43,1.13
2013.08.08 21:18:36.018,1.67057,1.67214,1.35,1.05
2013.08.08 21:18:36.358,1.67041,1.67197,1.35,1.05
2013.08.08 21:18:38.860,1.67041,1.67197,1.35,1.05
2013.08.08 21:18:56.826,1.67042,1.67194,1.35,1.13
2013.08.08 21:18:57.389,1.67046,1.67204,1.35,1.80
2013.08.08 21:19:00.528,1.67047,1.67194,1.43,1.13
2013.08.08 21:19:00.924,1.67051,1.67194,1.13,1.13
2013.08.08 21:19:11.248,1.67051,1.67204,1.13,1.05
2013.08.08 21:19:12.679,1.67084,1.67233,1.35,2.44
2013.08.08 21:19:12.988,1.67085,1.67233,1.05,2.07
2013.08.08 21:19:16.199,1.67115,1.67237,4.50,1.13
2013.08.08 21:19:16.323,1.67118,1.67239,1.13,1.13
2013.08.08 21:19:16.389,1.6712,1.67265,1.13,1.32
2013.08.08 21:19:18.220,1.6713,1.67216,2.85,1.50
2013.08.08 21:19:18.279,1.6713,1.67217,1.50,1.50
2013.08.08 21:19:18.340,1.6713,1.67198,1.50,1.13
2013.08.08 21:19:18.399,1.6709,1.67198,1.35,1.13
2013.08.08 21:19:18.518,1.67084,1.67198,3.75,1.13
2013.08.08 21:19:18.578,1.67061,1.67198,1.35,1.13
2013.08.08 21:19:18.642,1.67061,1.67219,1.35,1.43
2013.08.08 21:19:18.709,1.67061,1.6722,1.35,1.35
2013.08.08 21:19:18.950,1.6707,1.6723,1.05,2.10
2013.08.08 21:19:19.308,1.67127,1.6728,2.25,1.73
2013.08.08 21:19:19.489,1.67128,1.6725,1.50,1.13
2013.08.08 21:19:19.733,1.67073,1.67246,1.43,1.05
2013.08.08 21:19:19.858,1.67121,1.67248,1.13,1.05
2013.08.08 21:19:20.528,1.67121,1.67268,2.63,1.05
2013.08.08 21:19:21.208,1.67134,1.67248,1.69,1.17
2013.08.08 21:19:21.694,1.67119,1.67236,1.69,1.13
2013.08.08 21:19:22.930,1.67119,1.67236,1.69,1.13
2013.08.08 21:19:24.168,1.67115,1.67236,1.13,1.13
2013.08.08 21:19:24.289,1.67101,1.6722,1.05,1.13
2013.08.08 21:19:24.349,1.67091,1.6722,1.50,1.13
2013.08.08 21:19:24.409,1.67098,1.6722,1.50,1.13
2013.08.08 21:19:24.734,1.67115,1.67243,1.13,1.32
2013.08.08 21:19:25.988,1.67121,1.67252,1.13,1.92
2013.08.08 21:19:26.798,1.67131,1.67281,1.50,1.80
2013.08.08 21:19:27.158,1.67081,1.67256,1.35,1.05
2013.08.08 21:19:27.239,1.67071,1.67257,1.56,1.05
2013.08.08 21:19:27.298,1.67059,1.67257,1.35,1.05
2013.08.08 21:19:27.538,1.67059,1.67257,1.35,1.05
2013.08.08 21:19:28.039,1.67059,1.67257,1.35,1.05
2013.08.08 21:19:30.279,1.67059,1.6722,1.35,1.05
2013.08.08 21:19:46.308,1.67051,1.67213,1.35,1.13
2013.08.08 21:19:48.980,1.67083,1.67223,2.25,1.80
2013.08.08 21:19:49.100,1.67099,1.67223,1.32,1.80
2013.08.08 21:19:50.959,1.67096,1.67223,1.32,1.13
2013.08.08 21:19:53.009,1.67099,1.6725,1.24,1.13
2013.08.08 21:19:53.128,1.67107,1.6725,1.68,1.13
2013.08.08 21:19:53.189,1.67118,1.6725,1.05,1.13
2013.08.08 21:20:00.119,1.67117,1.67263,1.54,1.13
2013.08.08 21:20:02.850,1.67118,1.67263,1.62,1.13
2013.08.08 21:20:04.269,1.67127,1.67274,1.62,1.99
2013.08.08 21:20:04.628,1.67135,1.67274,1.24,1.32
2013.08.08 21:20:22.659,1.67128,1.67272,2.07,1.69
2013.08.08 21:20:22.899,1.67127,1.67214,1.50,1.13
2013.08.08 21:20:22.960,1.67126,1.6724,1.50,2.18
2013.08.08 21:20:23.258,1.67129,1.67242,1.32,1.13
2013.08.08 21:20:23.318,1.67129,1.67265,1.32,1.13
2013.08.08 21:20:23.439,1.67121,1.67244,2.44,2.48
2013.08.08 21:20:23.678,1.67123,1.67238,1.13,1.50
2013.08.08 21:20:23.739,1.67119,1.67242,1.05,1.35
2013.08.08 21:20:23.858,1.67119,1.67262,1.05,1.35
2013.08.08 21:20:23.918,1.67124,1.67265,1.05,1.80
2013.08.08 21:20:23.979,1.67126,1.67273,1.13,1.13
2013.08.08 21:20:24.290,1.67135,1.67273,1.32,1.13
2013.08.08 21:20:27.139,1.67135,1.67249,1.32,2.10
2013.08.08 21:20:27.319,1.67129,1.67213,1.13,1.13
2013.08.08 21:20:27.499,1.67106,1.67235,1.13,1.13
2013.08.08 21:20:27.559,1.67106,1.67236,1.13,1.43
2013.08.08 21:20:27.739,1.67108,1.67244,1.05,1.13
2013.08.08 21:20:27.859,1.67108,1.6725,1.05,1.05
2013.08.08 21:20:28.098,1.67134,1.67263,1.13,1.05
2013.08.08 21:20:33.859,1.67125,1.67243,1.32,1.13
2013.08.08 21:20:33.918,1.67124,1.67243,1.47,1.69
2013.08.08 21:20:36.639,1.67124,1.67243,1.47,1.69
2013.08.08 21:20:36.989,1.67123,1.67228,1.28,1.50
2013.08.08 21:20:37.229,1.67116,1.67214,1.13,1.13
2013.08.08 21:20:37.349,1.67116,1.67229,1.50,1.50
2013.08.08 21:20:37.589,1.67116,1.6723,1.50,1.69
2013.08.08 21:20:40.630,1.67113,1.67236,1.69,1.69
2013.08.08 21:20:40.989,1.67116,1.67244,1.69,1.35
2013.08.08 21:20:41.049,1.67116,1.67261,1.69,1.50
2013.08.08 21:20:41.109,1.67145,1.67252,1.28,1.13
2013.08.08 21:20:41.229,1.67145,1.67261,1.28,1.13
2013.08.08 21:20:43.593,1.67144,1.67269,1.47,1.80
2013.08.08 21:20:43.729,1.67145,1.67269,1.47,1.80
2013.08.08 21:21:04.821,1.67146,1.67277,1.24,1.13
2013.08.08 21:21:05.708,1.67146,1.67277,1.32,1.13
2013.08.08 21:21:12.229,1.67157,1.67277,1.47,1.13
2013.08.08 21:21:24.249,1.67157,1.6726,1.28,1.35
2013.08.08 21:21:24.549,1.67116,1.67254,1.32,1.05
2013.08.08 21:21:24.669,1.67137,1.67254,2.25,1.05
2013.08.08 21:21:25.029,1.67143,1.67279,1.32,1.13
2013.08.08 21:21:35.201,1.67141,1.67276,1.32,1.32
2013.08.08 21:21:36.209,1.67141,1.67281,1.32,1.32
2013.08.08 21:21:36.329,1.67138,1.67275,2.44,1.05
2013.08.08 21:21:37.320,1.67125,1.67274,1.62,1.24
2013.08.08 21:21:39.179,1.67125,1.67274,1.62,1.24
2013.08.08 21:21:40.692,1.67125,1.67274,1.62,1.24
2013.08.08 21:21:40.809,1.67125,1.67274,1.62,1.24
2013.08.08 21:21:41.265,1.67125,1.67274,1.62,1.24
2013.08.08 21:21:41.819,1.67125,1.67266,1.62,1.32
2013.08.08 21:21:43.049,1.67125,1.67243,1.62,1.13
2013.08.08 21:21:43.418,1.67125,1.67243,1.62,1.13
2013.08.08 21:21:44.247,1.67125,1.67243,1.62,1.32
2013.08.08 21:21:45.269,1.67116,1.67238,1.62,1.32
2013.08.08 21:21:45.328,1.67116,1.67238,1.62,1.32
2013.08.08 21:21:45.665,1.67116,1.67238,1.62,1.32
2013.08.08 21:21:47.060,1.67113,1.6723,2.37,1.32
2013.08.08 21:21:47.989,1.67113,1.67236,1.62,1.13
2013.08.08 21:21:48.109,1.67117,1.6726,1.32,1.32
2013.08.08 21:21:49.266,1.67117,1.6726,1.32,1.13
2013.08.08 21:21:50.509,1.67119,1.67263,1.69,1.05
2013.08.08 21:21:51.628,1.67117,1.67263,1.32,1.05
2013.08.08 21:21:53.310,1.67117,1.67263,1.32,1.24
2013.08.08 21:21:56.069,1.67126,1.67268,1.43,1.24
2013.08.08 21:21:56.249,1.67126,1.67273,1.62,1.13
2013.08.08 21:21:57.209,1.67126,1.67277,1.62,1.05
2013.08.08 21:21:57.529,1.67136,1.67276,1.32,1.80
2013.08.08 21:22:00.319,1.67134,1.67276,1.62,1.80
2013.08.08 21:22:01.358,1.67128,1.67276,1.54,1.99
2013.08.08 21:22:01.678,1.67128,1.67276,1.92,1.99
2013.08.08 21:22:02.549,1.67155,1.67288,1.24,1.32
2013.08.08 21:22:02.769,1.67155,1.67288,1.24,1.32
2013.08.08 21:22:06.048,1.67155,1.67288,1.24,1.32
2013.08.08 21:22:06.829,1.67152,1.67284,1.54,1.32
2013.08.08 21:22:08.249,1.67154,1.67293,1.24,1.32
2013.08.08 21:22:08.309,1.67156,1.67293,1.32,1.32
2013.08.08 21:22:11.500,1.67156,1.67293,1.32,1.32
2013.08.08 21:22:11.559,1.67153,1.67284,2.44,1.13
2013.08.08 21:22:13.699,1.67151,1.67286,1.54,1.13
2013.08.08 21:22:14.000,1.67157,1.67288,1.24,1.13
2013.08.08 21:22:14.059,1.67157,1.67288,1.24,1.13
2013.08.08 21:22:16.039,1.67157,1.67293,1.24,1.69
2013.08.08 21:22:18.119,1.67158,1.67293,1.32,1.69
2013.08.08 21:22:19.179,1.67158,1.67293,1.32,1.69
2013.08.08 21:22:19.959,1.67157,1.67293,1.99,1.69
2013.08.08 21:22:20.019,1.67157,1.67288,1.99,1.32
2013.08.08 21:22:22.659,1.67157,1.67289,1.32,1.32
2013.08.08 21:22:23.778,1.67157,1.67287,1.62,1.32
2013.08.08 21:22:24.989,1.67157,1.67286,2.37,1.13
2013.08.08 21:22:26.360,1.67157,1.67288,1.69,1.13
2013.08.08 21:22:27.470,1.67157,1.67288,1.69,1.13
2013.08.08 21:22:27.829,1.67157,1.67271,1.69,1.50
2013.08.08 21:22:28.179,1.67157,1.67263,1.69,1.13
2013.08.08 21:22:28.580,1.67157,1.67263,1.69,1.13
2013.08.08 21:22:28.711,1.67165,1.67271,1.69,1.50
2013.08.08 21:22:29.201,1.67176,1.67273,1.32,1.50
2013.08.08 21:22:29.331,1.67176,1.67282,1.32,1.50
2013.08.08 21:22:29.391,1.67176,1.67284,1.32,1.69
2013.08.08 21:22:29.574,1.67176,1.67284,1.32,1.69
2013.08.08 21:22:29.666,1.67172,1.67284,1.32,1.50
2013.08.08 21:22:29.729,1.67189,1.67283,1.09,1.13
2013.08.08 21:22:30.059,1.67189,1.67292,1.47,1.50
2013.08.08 21:22:30.670,1.6719,1.67293,1.28,2.25
2013.08.08 21:22:31.346,1.6719,1.67293,1.28,1.50
2013.08.08 21:22:32.519,1.67188,1.67293,1.47,1.50
2013.08.08 21:22:32.779,1.67188,1.67293,1.47,1.50
2013.08.08 21:22:33.039,1.67189,1.67292,1.32,1.13
2013.08.08 21:22:34.349,1.67189,1.67291,1.32,1.13
2013.08.08 21:22:35.399,1.67189,1.67291,1.32,1.13
2013.08.08 21:22:35.798,1.67189,1.67284,1.32,1.50
2013.08.08 21:22:36.459,1.67184,1.67284,1.32,1.50
2013.08.08 21:22:36.519,1.67184,1.67291,1.32,1.13
2013.08.08 21:22:36.579,1.67184,1.67292,1.32,1.13
2013.08.08 21:22:37.059,1.67184,1.67291,1.32,1.13
2013.08.08 21:22:37.239,1.67177,1.6728,1.69,1.13
2013.08.08 21:22:37.749,1.67177,1.67285,1.32,1.50
2013.08.08 21:22:38.259,1.67177,1.67283,1.32,1.13
2013.08.08 21:22:38.449,1.67177,1.67283,1.32,1.13
2013.08.08 21:22:38.809,1.67177,1.67282,1.32,1.13
2013.08.08 21:22:38.959,1.67177,1.67282,1.32,1.13
2013.08.08 21:22:39.079,1.67177,1.67274,1.32,1.13
2013.08.08 21:22:39.681,1.6717,1.67274,1.32,1.13
2013.08.08 21:22:39.749,1.67188,1.67282,1.47,1.50
2013.08.08 21:22:39.940,1.67188,1.67282,1.47,1.50
2013.08.08 21:22:40.330,1.67185,1.67293,1.32,1.13
2013.08.08 21:22:40.939,1.67185,1.67293,1.32,1.88
2013.08.08 21:22:41.310,1.6718,1.67281,1.32,1.13
2013.08.08 21:22:41.870,1.6718,1.67284,1.32,1.50
2013.08.08 21:22:42.689,1.6718,1.67287,1.32,1.13
2013.08.08 21:22:43.570,1.67186,1.67287,1.32,1.13
2013.08.08 21:22:44.999,1.67186,1.67285,1.32,1.13
2013.08.08 21:22:46.589,1.67184,1.67285,1.32,1.13
2013.08.08 21:22:47.710,1.6718,1.67285,1.32,1.13
2013.08.08 21:22:47.769,1.6718,1.67283,1.32,1.13
2013.08.08 21:22:48.078,1.6718,1.6728,1.32,1.13
2013.08.08 21:22:50.300,1.67187,1.6728,1.32,1.13
2013.08.08 21:22:50.846,1.67187,1.6728,1.32,1.13
2013.08.08 21:22:51.400,1.67187,1.6728,1.32,1.13
2013.08.08 21:22:53.399,1.67187,1.67283,1.32,1.13
2013.08.08 21:22:53.717,1.6718,1.67283,1.32,1.13
2013.08.08 21:22:53.851,1.6718,1.67285,1.32,1.13
2013.08.08 21:22:56.979,1.6718,1.67286,1.32,1.13
2013.08.08 21:23:00.968,1.67181,1.67286,1.32,1.32
2013.08.08 21:23:02.070,1.6718,1.67286,1.32,1.32
2013.08.08 21:23:03.360,1.67186,1.67286,1.32,1.13
2013.08.08 21:23:05.980,1.67187,1.67285,1.32,1.13
2013.08.08 21:23:09.642,1.67187,1.67285,1.32,1.32
2013.08.08 21:23:10.019,1.67187,1.67283,1.32,1.13
2013.08.08 21:23:18.219,1.67187,1.67283,1.32,1.13
2013.08.08 21:23:19.929,1.67187,1.67283,1.32,1.13
2013.08.08 21:23:19.989,1.67187,1.67285,1.32,1.88
2013.08.08 21:23:21.550,1.67187,1.67285,1.13,2.07
2013.08.08 21:23:22.640,1.67187,1.67283,1.13,2.44
2013.08.08 21:23:24.265,1.67187,1.67283,1.13,2.82
2013.08.08 21:23:26.450,1.67187,1.67283,1.13,2.07
2013.08.08 21:23:27.970,1.67187,1.67283,1.13,2.07
2013.08.08 21:23:32.280,1.67187,1.67281,1.13,1.32
2013.08.08 21:23:33.690,1.67187,1.67283,1.13,2.07
2013.08.08 21:23:35.501,1.67187,1.6728,1.13,1.32
2013.08.08 21:23:41.349,1.67187,1.6728,1.13,1.32
2013.08.08 21:23:43.031,1.67187,1.6728,1.13,1.32
2013.08.08 21:23:44.531,1.67187,1.6728,1.13,1.32
2013.08.08 21:23:48.553,1.67187,1.6728,1.13,1.32
2013.08.08 21:24:08.223,1.67155,1.6728,2.10,1.32
2013.08.08 21:24:10.738,1.67155,1.67282,2.29,1.32
2013.08.08 21:24:12.550,1.67155,1.67283,2.29,1.32
2013.08.08 21:24:14.451,1.67155,1.6728,2.29,1.32
2013.08.08 21:24:15.561,1.67155,1.6728,2.29,1.32
2013.08.08 21:24:15.623,1.67176,1.67271,1.13,1.32
2013.08.08 21:24:16.799,1.67176,1.67271,1.13,1.32
2013.08.08 21:24:18.580,1.67177,1.67273,1.13,1.32
2013.08.08 21:24:25.729,1.67177,1.67271,1.13,1.32
2013.08.08 21:24:25.789,1.67177,1.67271,1.13,1.32
2013.08.08 21:24:26.710,1.67177,1.67271,1.13,1.32
2013.08.08 21:24:29.059,1.67167,1.67264,1.13,1.32
2013.08.08 21:24:42.129,1.67167,1.67264,1.32,1.32
2013.08.08 21:24:43.284,1.67167,1.67264,1.13,1.32
2013.08.08 21:24:45.251,1.67167,1.67264,1.13,1.32
2013.08.08 21:24:48.011,1.67167,1.67264,1.13,1.32
2013.08.08 21:24:52.680,1.67167,1.67263,1.13,1.69
2013.08.08 21:24:54.269,1.6718,1.6727,1.13,1.32
2013.08.08 21:24:54.329,1.6718,1.67274,1.50,1.69
2013.08.08 21:24:55.400,1.6718,1.67276,1.50,2.07
2013.08.08 21:24:56.641,1.6718,1.67276,1.50,2.07
2013.08.08 21:24:57.949,1.67179,1.67259,1.88,1.13
2013.08.08 21:24:58.070,1.67179,1.67259,1.88,1.32
2013.08.08 21:24:58.190,1.67165,1.67259,1.50,2.44
2013.08.08 21:24:58.370,1.67173,1.6727,1.88,1.32
2013.08.08 21:24:58.490,1.67169,1.6727,1.50,1.32
2013.08.08 21:24:58.914,1.67168,1.67273,1.50,1.69
2013.08.08 21:24:59.664,1.67179,1.67281,1.50,1.32
2013.08.08 21:25:01.499,1.67179,1.67281,1.50,1.32
2013.08.08 21:25:04.993,1.6718,1.67281,1.50,1.32
2013.08.08 21:25:06.850,1.67179,1.67281,1.50,1.32
2013.08.08 21:25:07.800,1.67175,1.6727,1.88,1.32
2013.08.08 21:25:08.431,1.67176,1.67271,1.32,1.32
2013.08.08 21:25:08.610,1.67176,1.6728,1.32,1.32
2013.08.08 21:25:08.792,1.67169,1.67271,1.50,1.32
2013.08.08 21:25:09.549,1.67176,1.6728,1.69,1.32
2013.08.08 21:25:09.800,1.67186,1.67282,1.88,2.07
2013.08.08 21:25:10.100,1.6718,1.67282,1.50,2.07
2013.08.08 21:25:10.820,1.6718,1.67282,1.50,1.32
2013.08.08 21:25:12.030,1.67176,1.6728,1.50,1.32
2013.08.08 21:25:12.089,1.67176,1.67273,1.13,1.32
2013.08.08 21:25:17.474,1.67176,1.67271,1.13,1.32
2013.08.08 21:25:18.080,1.67175,1.67271,1.88,2.07
2013.08.08 21:25:18.139,1.67175,1.67271,1.88,2.07
2013.08.08 21:25:21.010,1.67167,1.67264,1.50,2.07
2013.08.08 21:25:22.122,1.67174,1.67269,1.88,1.32
2013.08.08 21:25:24.481,1.67169,1.67266,2.63,1.32
2013.08.08 21:25:24.800,1.67176,1.67272,1.88,2.07
2013.08.08 21:25:26.843,1.67177,1.67272,1.88,1.32
2013.08.08 21:25:30.551,1.67177,1.67272,1.13,2.07
2013.08.08 21:25:35.537,1.67177,1.67272,1.13,2.07
2013.08.08 21:25:37.729,1.6718,1.67274,1.88,1.32
2013.08.08 21:25:39.479,1.67176,1.67277,1.13,1.32
2013.08.08 21:25:44.331,1.67184,1.67283,1.88,1.32
2013.08.08 21:25:45.529,1.67187,1.67281,1.13,2.07
2013.08.08 21:25:48.495,1.67187,1.6728,1.13,1.32
2013.08.08 21:25:52.440,1.67181,1.67278,1.88,1.69
2013.08.08 21:25:52.500,1.67181,1.67278,1.88,2.07
2013.08.08 21:25:52.699,1.67181,1.67278,1.88,2.07
2013.08.08 21:25:54.670,1.67176,1.67273,1.13,1.32
2013.08.08 21:25:56.731,1.67176,1.67273,1.13,2.07
2013.08.08 21:25:57.691,1.67176,1.67273,1.88,1.32
2013.08.08 21:25:57.869,1.67176,1.67283,1.88,1.69
2013.08.08 21:25:59.470,1.67185,1.67284,1.88,2.07
2013.08.08 21:26:00.989,1.67186,1.67283,1.88,1.69
2013.08.08 21:26:02.090,1.67185,1.67283,1.88,1.69
2013.08.08 21:26:05.009,1.67185,1.67283,1.88,1.69
2013.08.08 21:26:05.129,1.67185,1.67278,1.88,1.32
2013.08.08 21:26:06.280,1.67177,1.67273,1.13,1.32
2013.08.08 21:26:06.340,1.67174,1.67273,2.25,1.32
2013.08.08 21:26:10.915,1.67173,1.67272,1.50,1.32
2013.08.08 21:26:18.149,1.67175,1.67269,1.50,1.32
2013.08.08 21:26:18.329,1.67175,1.67283,1.88,2.07
2013.08.08 21:26:19.770,1.67184,1.67283,1.88,2.07
2013.08.08 21:26:20.799,1.6717,1.67267,1.88,1.32
2013.08.08 21:26:21.199,1.6717,1.67262,1.88,1.32
2013.08.08 21:26:21.581,1.67158,1.67257,2.25,1.32
2013.08.08 21:26:21.760,1.67158,1.67257,1.50,1.32
2013.08.08 21:26:21.880,1.67158,1.67257,1.50,1.32
2013.08.08 21:26:30.040,1.67169,1.67271,1.88,1.69
2013.08.08 21:26:31.032,1.67169,1.67268,1.88,1.69
2013.08.08 21:26:34.430,1.67169,1.67273,1.88,1.32
2013.08.08 21:26:34.609,1.67169,1.67268,2.25,1.32
2013.08.08 21:26:34.849,1.67169,1.67268,2.44,1.32
2013.08.08 21:26:35.491,1.67185,1.67282,1.50,1.32
2013.08.08 21:26:42.779,1.67185,1.67277,1.50,1.13
2013.08.08 21:26:42.839,1.67163,1.67265,1.35,1.13
2013.08.08 21:26:42.959,1.67147,1.67265,1.43,1.13
2013.08.08 21:26:43.021,1.67124,1.67268,2.03,1.13
2013.08.08 21:26:43.319,1.67124,1.67268,2.03,1.13
2013.08.08 21:26:43.439,1.67124,1.67268,2.03,1.13
2013.08.08 21:26:43.559,1.67127,1.67259,1.43,1.13
2013.08.08 21:26:43.884,1.67124,1.67259,2.78,1.13
2013.08.08 21:26:43.939,1.67124,1.67256,2.10,1.13
2013.08.08 21:26:44.179,1.67115,1.67242,2.25,1.13
2013.08.08 21:26:44.658,1.67112,1.67242,2.25,1.13
2013.08.08 21:26:45.203,1.67113,1.67239,2.25,1.05
2013.08.08 21:26:45.970,1.67112,1.67239,2.25,1.05
2013.08.08 21:26:46.269,1.67112,1.6722,2.25,1.13
2013.08.08 21:26:46.449,1.67089,1.67203,4.50,1.13
2013.08.08 21:26:46.637,1.67059,1.67203,1.35,1.13
2013.08.08 21:26:47.439,1.67058,1.672,1.35,1.80
2013.08.08 21:26:49.279,1.6705,1.67201,1.35,2.48
2013.08.08 21:26:49.339,1.67047,1.67201,1.35,2.48
2013.08.08 21:26:49.399,1.67047,1.67201,1.35,2.48
2013.08.08 21:26:49.519,1.67046,1.67188,1.35,1.05
2013.08.08 21:26:49.579,1.67046,1.67188,1.35,1.05
2013.08.08 21:26:49.699,1.67031,1.67187,1.05,1.73
2013.08.08 21:26:51.379,1.67031,1.67187,1.05,2.48
2013.08.08 21:26:52.109,1.67031,1.67187,1.05,1.73
2013.08.08 21:26:52.359,1.67031,1.67186,1.05,1.13
2013.08.08 21:26:54.899,1.6703,1.67187,1.35,3.15
2013.08.08 21:26:55.019,1.67005,1.67059,1.35,1.50
2013.08.08 21:26:55.379,1.66927,1.67041,1.14,1.32
2013.08.08 21:26:55.619,1.66911,1.67054,1.44,1.69
2013.08.08 21:26:56.122,1.66901,1.67045,2.27,1.50
2013.08.08 21:26:57.188,1.66896,1.67058,1.52,1.50
2013.08.08 21:26:57.248,1.66872,1.67124,1.52,1.13
2013.08.08 21:26:57.428,1.66939,1.67144,0.77,1.13
2013.08.08 21:26:57.568,1.66939,1.67158,0.77,1.13
2013.08.08 21:26:58.068,1.66939,1.67143,0.77,1.13
2013.08.08 21:26:58.128,1.66939,1.67155,0.77,1.13
2013.08.08 21:26:58.639,1.66939,1.67156,0.77,1.13
2013.08.08 21:26:59.185,1.66939,1.67149,0.77,0.75
2013.08.08 21:27:00.458,1.66733,1.67121,0.38,0.75
2013.08.08 21:27:00.578,1.66717,1.67121,0.38,0.75
2013.08.08 21:27:00.697,1.66696,1.67183,0.38,1.13
2013.08.08 21:27:00.877,1.66643,1.6713,0.38,1.13
2013.08.08 21:27:00.998,1.66703,1.67188,0.38,1.13
2013.08.08 21:27:01.057,1.66646,1.67133,0.38,1.13
2013.08.08 21:27:01.178,1.66711,1.67122,0.38,0.75
2013.08.08 21:27:01.598,1.66925,1.67122,0.61,0.75
2013.08.08 21:27:01.778,1.66925,1.67274,0.61,1.13
2013.08.08 21:27:02.018,1.66925,1.67334,0.61,1.13
2013.08.08 21:27:02.078,1.66966,1.67273,2.25,1.50
2013.08.08 21:27:02.498,1.66864,1.67273,0.99,0.75
2013.08.08 21:27:02.728,1.66993,1.67273,2.25,3.00
2013.08.08 21:27:03.092,1.66994,1.67262,2.25,1.50
2013.08.08 21:27:03.838,1.66994,1.67261,2.25,1.50
2013.08.08 21:27:04.298,1.66988,1.6726,2.25,1.50
2013.08.08 21:27:04.768,1.66989,1.6726,2.25,1.50
2013.08.08 21:27:05.249,1.66985,1.6726,2.25,1.50
2013.08.08 21:27:06.168,1.66987,1.6726,2.25,1.50
2013.08.08 21:27:06.468,1.66991,1.67265,2.25,1.50
2013.08.08 21:27:07.038,1.66991,1.67279,2.25,2.25
2013.08.08 21:27:07.158,1.66878,1.67369,0.99,1.13
2013.08.08 21:27:07.368,1.66983,1.67272,2.25,2.25
2013.08.08 21:27:08.429,1.66978,1.67273,2.25,2.25
2013.08.08 21:27:11.138,1.66879,1.67366,1.36,1.13
2013.08.08 21:27:11.291,1.66982,1.67277,2.25,2.25
2013.08.08 21:27:11.798,1.66981,1.67279,2.25,2.25
2013.08.08 21:27:12.158,1.66972,1.67268,2.25,2.25
2013.08.08 21:27:12.839,1.66974,1.67267,2.25,2.25
2013.08.08 21:27:13.158,1.6697,1.67265,2.25,2.25
2013.08.08 21:27:13.708,1.6697,1.67265,2.25,2.25
2013.08.08 21:27:14.262,1.6697,1.67265,2.25,2.25
2013.08.08 21:27:15.529,1.66972,1.67263,2.25,2.25
2013.08.08 21:27:16.030,1.66975,1.67262,2.25,2.25
2013.08.08 21:27:16.576,1.6689,1.67278,1.74,0.75
2013.08.08 21:27:16.838,1.66979,1.67273,2.25,2.25
2013.08.08 21:27:17.358,1.66961,1.67272,2.33,2.25
2013.08.08 21:27:17.684,1.66995,1.67261,2.25,2.25
2013.08.08 21:27:18.307,1.66995,1.67258,2.25,2.25
2013.08.08 21:27:19.769,1.6689,1.67279,1.74,0.75
2013.08.08 21:27:19.828,1.66931,1.67281,1.19,0.75
2013.08.08 21:27:20.638,1.66994,1.67256,2.25,2.25
2013.08.08 21:27:21.648,1.66995,1.67273,2.25,2.25
2013.08.08 21:27:21.888,1.66995,1.67279,2.25,2.25
2013.08.08 21:27:23.197,1.66933,1.67299,1.56,0.75
2013.08.08 21:27:23.549,1.66994,1.67255,2.25,2.25
2013.08.08 21:27:24.208,1.66995,1.67273,2.25,1.50
2013.08.08 21:27:24.600,1.66995,1.67272,2.25,1.50
2013.08.08 21:27:26.058,1.66995,1.67277,2.25,2.25
2013.08.08 21:27:26.248,1.67003,1.67278,2.25,1.50
2013.08.08 21:27:26.988,1.67002,1.67278,2.25,1.50
2013.08.08 21:27:27.298,1.66999,1.67284,2.25,2.25
2013.08.08 21:27:27.719,1.66999,1.67276,2.25,2.25
2013.08.08 21:27:28.168,1.66944,1.67297,1.47,0.75
2013.08.08 21:27:28.698,1.67,1.67272,2.25,1.50
2013.08.08 21:27:31.599,1.66994,1.67271,2.25,2.25
2013.08.08 21:27:31.948,1.66995,1.67266,2.25,2.25
2013.08.08 21:27:32.498,1.66994,1.67272,2.25,1.50
2013.08.08 21:27:32.811,1.66994,1.67277,2.25,2.25
2013.08.08 21:27:33.031,1.66995,1.67269,2.25,2.25
2013.08.08 21:27:33.358,1.66995,1.67262,2.25,2.25
2013.08.08 21:27:34.458,1.66945,1.67297,1.47,0.75
2013.08.08 21:27:34.639,1.66944,1.67319,1.09,1.13
2013.08.08 21:27:34.698,1.66994,1.67262,2.25,2.25
2013.08.08 21:27:34.999,1.66994,1.6724,2.25,1.50
2013.08.08 21:27:35.669,1.66998,1.67214,2.25,1.50
2013.08.08 21:27:35.988,1.66997,1.67199,2.25,1.69
2013.08.08 21:27:36.543,1.66998,1.67204,2.25,1.69
2013.08.08 21:27:36.888,1.67002,1.67204,1.69,1.69
2013.08.08 21:27:38.818,1.66997,1.67193,2.44,1.69
2013.08.08 21:27:41.518,1.66999,1.67205,1.69,1.69
2013.08.08 21:27:42.800,1.66997,1.67196,2.44,1.69
2013.08.08 21:27:46.808,1.66996,1.67196,2.44,1.69
2013.08.08 21:27:51.822,1.66997,1.67194,2.44,2.44
2013.08.08 21:27:54.148,1.66999,1.67193,1.69,1.69
2013.08.08 21:27:55.599,1.66996,1.67194,3.19,2.44
2013.08.08 21:27:56.865,1.67001,1.67193,2.44,1.69
2013.08.08 21:27:59.009,1.67005,1.67188,1.69,1.69
2013.08.08 21:28:01.199,1.66989,1.67193,1.69,1.69
2013.08.08 21:28:02.993,1.67002,1.67184,1.69,1.69
2013.08.08 21:28:05.209,1.66987,1.67183,1.69,1.69
2013.08.08 21:28:08.008,1.66988,1.67183,1.69,1.69
2013.08.08 21:28:11.874,1.66988,1.67182,2.07,1.69
2013.08.08 21:28:12.679,1.66988,1.67182,1.32,2.44
2013.08.08 21:28:12.963,1.66988,1.67182,1.32,2.44
2013.08.08 21:28:14.051,1.66988,1.67178,1.32,1.69
2013.08.08 21:28:15.000,1.66988,1.67178,1.32,1.69
2013.08.08 21:28:17.970,1.66988,1.67176,1.32,1.69
2013.08.08 21:28:18.470,1.67027,1.67183,1.13,1.50
2013.08.08 21:28:19.163,1.67027,1.67183,1.32,1.69
2013.08.08 21:28:21.272,1.67027,1.67187,1.32,1.69
2013.08.08 21:28:22.381,1.67027,1.67187,1.13,1.69
2013.08.08 21:28:22.863,1.67033,1.67194,1.13,1.69
2013.08.08 21:28:26.933,1.67033,1.67194,1.32,1.69
2013.08.08 21:28:29.961,1.67032,1.67188,1.32,1.50
2013.08.08 21:28:35.661,1.67033,1.67189,1.32,1.50
2013.08.08 21:28:36.900,1.67033,1.67189,1.32,1.50
2013.08.08 21:28:38.260,1.67033,1.67188,1.32,1.50
2013.08.08 21:28:38.863,1.67055,1.67173,1.28,1.13
2013.08.08 21:28:39.100,1.67049,1.67173,1.28,1.13
2013.08.08 21:28:45.360,1.67054,1.67173,1.28,1.13
2013.08.08 21:29:05.060,1.67057,1.67163,1.13,1.13
2013.08.08 21:29:05.951,1.67047,1.67163,1.13,1.13
2013.08.08 21:29:12.330,1.6705,1.67173,1.28,1.13
2013.08.08 21:29:13.501,1.6705,1.67164,1.28,1.13
2013.08.08 21:29:14.712,1.67046,1.67164,1.13,1.13
2013.08.08 21:29:18.781,1.67062,1.67207,1.28,1.13
2013.08.08 21:29:25.887,1.67062,1.67201,1.28,1.13
2013.08.08 21:29:29.928,1.67062,1.67201,1.28,1.13
2013.08.08 21:29:33.550,1.67061,1.67196,1.28,1.13
2013.08.08 21:29:40.690,1.67061,1.67201,1.28,1.13
2013.08.08 21:29:46.300,1.67046,1.67174,2.03,1.13
2013.08.08 21:29:51.590,1.67063,1.67202,1.28,1.32
2013.08.08 21:29:58.421,1.67062,1.67202,1.28,1.13
2013.08.08 21:30:22.340,1.67062,1.67196,1.28,1.32
2013.08.08 21:30:26.203,1.67061,1.67192,1.28,1.32
2013.08.08 21:30:34.190,1.67061,1.67217,1.28,1.50
2013.08.08 21:30:34.310,1.67076,1.67212,1.13,1.50
2013.08.08 21:30:34.580,1.67077,1.67223,1.13,1.50
2013.08.08 21:30:35.185,1.67077,1.67232,1.13,1.50
2013.08.08 21:30:35.640,1.67079,1.67235,1.13,1.13
2013.08.08 21:30:35.820,1.67079,1.67254,1.13,1.13
2013.08.08 21:31:28.231,1.67078,1.67235,1.13,1.13
2013.08.08 21:31:28.590,1.67078,1.67215,1.13,1.13
2013.08.08 21:31:57.501,1.67075,1.67204,1.13,1.32
2013.08.08 21:31:57.564,1.67075,1.67206,1.13,1.32
2013.08.08 21:31:57.892,1.67077,1.67204,1.13,1.32
2013.08.08 21:32:05.860,1.67075,1.67195,1.13,1.13
2013.08.08 21:32:24.320,1.67076,1.67195,1.13,1.32
2013.08.08 21:32:24.790,1.67074,1.67193,1.13,1.69
2013.08.08 21:32:25.760,1.67069,1.67193,1.13,1.50
2013.08.08 21:32:26.810,1.67069,1.67193,1.13,1.50
2013.08.08 21:32:30.840,1.67071,1.67193,1.13,1.50
2013.08.08 21:32:30.991,1.67071,1.67191,1.13,1.13
2013.08.08 21:32:31.530,1.67066,1.67191,1.13,1.13
2013.08.08 21:32:32.460,1.67066,1.67191,1.13,1.32
2013.08.08 21:32:33.086,1.67067,1.67191,1.13,1.32
2013.08.08 21:32:33.651,1.67069,1.67192,1.13,1.32
2013.08.08 21:32:34.210,1.67069,1.67191,1.13,1.32
2013.08.08 21:32:55.240,1.6707,1.67191,1.13,1.13
2013.08.08 21:32:57.260,1.6707,1.67187,1.13,1.50
2013.08.08 21:33:02.038,1.6707,1.67187,1.13,1.50
2013.08.08 21:33:02.412,1.67063,1.67183,1.13,1.50
2013.08.08 21:33:02.812,1.67076,1.67188,1.13,1.50
2013.08.08 21:33:11.802,1.67074,1.67185,1.13,1.13
2013.08.08 21:33:43.352,1.67065,1.67153,1.13,1.13
2013.08.08 21:33:43.691,1.6706,1.67153,1.50,1.13
2013.08.08 21:33:46.396,1.67056,1.67152,1.50,1.13
2013.08.08 21:33:47.401,1.67056,1.67151,1.50,1.13
2013.08.08 21:33:52.830,1.67063,1.67163,1.50,1.13
2013.08.08 21:33:54.790,1.67064,1.67163,1.13,1.13
2013.08.08 21:33:56.240,1.67065,1.67163,1.50,1.13
2013.08.08 21:34:06.200,1.67066,1.67153,1.50,1.13
2013.08.08 21:34:11.981,1.67064,1.67153,1.13,1.13
2013.08.08 21:34:13.620,1.67064,1.67153,1.88,1.13
2013.08.08 21:34:16.281,1.67066,1.67153,1.50,1.13
2013.08.08 21:34:18.051,1.67064,1.67153,1.13,1.13
2013.08.08 21:34:19.320,1.67064,1.67177,1.13,1.13
2013.08.08 21:34:19.380,1.67081,1.67184,1.13,1.50
2013.08.08 21:34:19.500,1.67076,1.67177,1.13,1.13
2013.08.08 21:34:20.221,1.67076,1.67184,1.13,1.13
2013.08.08 21:34:23.420,1.67076,1.67184,1.13,1.13
2013.08.08 21:34:25.781,1.67076,1.67184,1.13,1.13
2013.08.08 21:34:25.840,1.67076,1.67184,1.13,1.13
2013.08.08 21:34:25.900,1.67071,1.67184,1.13,1.13
2013.08.08 21:34:26.741,1.67071,1.67184,1.13,1.13
2013.08.08 21:34:27.422,1.67071,1.67174,1.13,1.13
2013.08.08 21:34:28.441,1.67071,1.67174,1.13,1.13
2013.08.08 21:34:31.240,1.67071,1.67174,1.13,1.13
2013.08.08 21:34:32.219,1.67071,1.67174,1.13,1.13
2013.08.08 21:34:37.080,1.67071,1.67174,1.13,1.13
2013.08.08 21:34:38.391,1.67071,1.67174,1.13,1.13
2013.08.08 21:34:41.510,1.67071,1.67174,1.13,1.13
2013.08.08 21:34:42.410,1.67071,1.67174,1.13,1.13
2013.08.08 21:34:42.530,1.67068,1.67174,1.13,1.13
2013.08.08 21:34:43.441,1.67068,1.67174,1.13,1.13
2013.08.08 21:34:45.902,1.67068,1.67174,1.13,1.13
2013.08.08 21:34:47.001,1.67068,1.67174,1.13,1.13
2013.08.08 21:34:49.240,1.67073,1.67174,1.13,1.13
2013.08.08 21:34:53.321,1.67073,1.67174,1.13,1.13
2013.08.08 21:34:54.130,1.67073,1.67174,1.13,1.13
2013.08.08 21:34:54.932,1.67073,1.67174,1.13,1.13
2013.08.08 21:34:57.380,1.67073,1.67174,1.13,1.13
2013.08.08 21:34:58.390,1.67073,1.67174,1.13,1.13
2013.08.08 21:35:04.010,1.67073,1.67174,1.13,1.13
2013.08.08 21:35:06.750,1.67073,1.67174,1.13,1.13
2013.08.08 21:35:08.448,1.67073,1.67174,1.13,1.13
2013.08.08 21:35:08.960,1.67073,1.67174,1.13,1.13
2013.08.08 21:35:10.012,1.67073,1.67174,1.13,1.13
2013.08.08 21:35:10.781,1.6707,1.67174,1.13,1.13
2013.08.08 21:35:11.791,1.67071,1.67174,1.13,1.50
2013.08.08 21:35:12.210,1.6707,1.67169,1.13,1.50
2013.08.08 21:35:12.790,1.6707,1.67168,1.13,1.50
2013.08.08 21:35:14.863,1.6707,1.67169,1.13,1.50
2013.08.08 21:35:16.180,1.6707,1.67169,1.13,1.50
2013.08.08 21:35:17.001,1.6707,1.67168,1.13,1.50
2013.08.08 21:35:21.991,1.6707,1.67164,1.13,1.50
2013.08.08 21:35:23.050,1.6707,1.67164,1.13,1.50
2013.08.08 21:35:26.230,1.6707,1.67164,1.13,1.69
2013.08.08 21:35:27.440,1.6707,1.67164,1.13,1.69
2013.08.08 21:35:31.101,1.6707,1.67164,1.13,1.69
2013.08.08 21:35:37.031,1.6707,1.67164,1.13,1.69
2013.08.08 21:35:41.370,1.6707,1.67153,1.13,1.13
2013.08.08 21:35:42.130,1.6707,1.67153,1.13,1.13
2013.08.08 21:35:47.181,1.6707,1.67153,1.13,1.13
2013.08.08 21:35:48.070,1.6707,1.67153,1.13,1.13
2013.08.08 21:35:52.151,1.6707,1.67153,1.13,1.13
2013.08.08 21:35:52.622,1.67071,1.67164,1.13,1.69
2013.08.08 21:35:53.151,1.67071,1.67164,1.13,1.50
2013.08.08 21:35:56.938,1.67071,1.67163,1.13,1.69
2013.08.08 21:36:01.590,1.67071,1.67163,1.13,1.69
2013.08.08 21:36:02.010,1.67071,1.67163,1.13,1.69
2013.08.08 21:36:02.971,1.67071,1.67163,1.13,1.69
2013.08.08 21:36:04.310,1.67071,1.67163,1.13,1.69
2013.08.08 21:36:04.914,1.6708,1.67163,1.13,1.69
2013.08.08 21:36:05.171,1.6708,1.67163,1.13,1.50
2013.08.08 21:36:12.201,1.67078,1.67164,1.13,1.69
2013.08.08 21:36:17.051,1.67078,1.67164,1.13,1.32
2013.08.08 21:36:18.422,1.67081,1.67164,1.13,1.32
2013.08.08 21:36:20.335,1.67081,1.67164,1.13,1.32
2013.08.08 21:36:20.839,1.67077,1.67164,1.13,1.32
2013.08.08 21:36:23.151,1.67081,1.67164,1.13,1.32
2013.08.08 21:36:28.971,1.67081,1.67174,1.88,1.69
2013.08.08 21:36:29.524,1.67092,1.67174,1.50,1.13
2013.08.08 21:36:29.832,1.67092,1.67174,1.50,1.13
2013.08.08 21:36:30.931,1.67095,1.67174,1.13,1.13
2013.08.08 21:36:36.641,1.67099,1.67181,1.13,1.32
2013.08.08 21:36:37.551,1.6709,1.67174,1.13,1.13
2013.08.08 21:36:37.730,1.67084,1.67174,1.13,1.13
2013.08.08 21:36:39.811,1.67079,1.67173,1.13,1.13
2013.08.08 21:36:40.541,1.67077,1.67173,1.13,1.32
2013.08.08 21:36:42.532,1.67079,1.67173,1.13,1.13
2013.08.08 21:36:45.842,1.67079,1.67173,1.13,1.32
2013.08.08 21:36:46.771,1.67077,1.67173,1.13,1.32
2013.08.08 21:36:51.738,1.67076,1.67183,1.13,1.13
2013.08.08 21:37:50.242,1.67077,1.67183,1.13,1.32
2013.08.08 21:37:51.124,1.67076,1.67183,1.13,1.32
2013.08.08 21:37:52.133,1.67077,1.67205,1.13,1.69
2013.08.08 21:37:53.372,1.67077,1.67184,1.13,1.32
2013.08.08 21:37:53.892,1.67081,1.67184,1.13,1.32
2013.08.08 21:37:54.102,1.67076,1.67184,1.13,1.13
2013.08.08 21:37:54.282,1.67076,1.67184,1.13,1.13
2013.08.08 21:38:01.182,1.67076,1.67183,1.13,1.13
2013.08.08 21:38:04.102,1.67076,1.67183,1.13,1.13
2013.08.08 21:38:10.281,1.67076,1.67183,1.13,1.13
2013.08.08 21:38:11.282,1.67072,1.67183,1.13,1.13
2013.08.08 21:38:30.062,1.67076,1.67183,1.13,1.32
2013.08.08 21:38:31.243,1.67072,1.67183,1.13,1.32
2013.08.08 21:38:32.441,1.67076,1.67183,1.13,1.32
2013.08.08 21:38:34.453,1.67076,1.67183,1.13,1.32
2013.08.08 21:38:39.712,1.67063,1.67164,1.13,1.50
2013.08.08 21:38:39.832,1.67044,1.67159,1.50,1.69
2013.08.08 21:38:40.831,1.67043,1.67156,1.88,1.69
2013.08.08 21:38:42.214,1.67043,1.67158,1.88,1.69
2013.08.08 21:38:44.131,1.67044,1.67159,1.50,1.69
2013.08.08 21:38:45.031,1.67044,1.67157,1.50,1.69
2013.08.08 21:38:49.071,1.67044,1.67153,1.50,1.69
2013.08.08 21:38:50.601,1.67044,1.67153,1.50,1.69
2013.08.08 21:38:54.522,1.67058,1.67184,1.88,1.69
2013.08.08 21:38:54.581,1.67071,1.6718,1.13,1.24
2013.08.08 21:38:57.093,1.6707,1.67184,1.13,1.32
2013.08.08 21:39:00.545,1.67075,1.67184,1.13,1.32
2013.08.08 21:39:02.602,1.67073,1.67184,1.13,1.32
2013.08.08 21:39:03.372,1.67075,1.67184,1.13,1.32
2013.08.08 21:39:04.402,1.67075,1.67184,1.13,1.32
2013.08.08 21:39:04.522,1.6708,1.67184,1.13,1.32
2013.08.08 21:39:04.761,1.67076,1.67184,1.13,1.32
2013.08.08 21:39:05.304,1.67076,1.67184,1.13,1.32
2013.08.08 21:39:05.481,1.67076,1.67184,1.13,1.32
2013.08.08 21:39:06.531,1.67071,1.67184,1.13,1.32
2013.08.08 21:39:07.432,1.67076,1.67183,1.13,1.32
2013.08.08 21:39:11.592,1.67074,1.67183,1.13,1.32
2013.08.08 21:39:13.541,1.67076,1.67192,1.13,1.32
2013.08.08 21:39:14.062,1.67104,1.67192,1.50,1.32
2013.08.08 21:39:14.121,1.67104,1.67193,1.50,1.32
2013.08.08 21:39:14.571,1.67103,1.67193,1.50,1.32
2013.08.08 21:39:15.653,1.67103,1.6719,1.50,1.32
2013.08.08 21:39:16.952,1.67106,1.67193,1.13,2.07
2013.08.08 21:39:17.192,1.67109,1.67193,1.50,1.32
2013.08.08 21:39:20.401,1.67109,1.67193,1.50,1.32
2013.08.08 21:39:23.352,1.67107,1.67193,1.50,1.32
2013.08.08 21:39:27.063,1.67107,1.67194,1.50,1.32
2013.08.08 21:39:28.101,1.67108,1.67194,1.50,1.32
2013.08.08 21:39:30.991,1.67106,1.67194,1.50,1.32
2013.08.08 21:39:32.379,1.67106,1.67194,1.50,1.32
2013.08.08 21:39:36.097,1.67106,1.67188,1.50,1.32
2013.08.08 21:39:37.722,1.67105,1.67188,1.13,1.32
2013.08.08 21:39:37.803,1.67105,1.67188,1.13,1.32
2013.08.08 21:39:37.982,1.67074,1.67183,1.13,1.32
2013.08.08 21:39:39.932,1.67076,1.67183,1.13,1.32
2013.08.08 21:39:40.052,1.67074,1.67183,1.13,1.32
2013.08.08 21:39:41.152,1.67073,1.67183,1.13,1.32
2013.08.08 21:39:45.733,1.67074,1.67176,1.13,1.32
2013.08.08 21:39:47.062,1.6707,1.67177,1.13,1.32
2013.08.08 21:39:48.982,1.67074,1.67177,1.13,1.32
2013.08.08 21:39:51.112,1.6707,1.67174,1.13,1.32
2013.08.08 21:39:51.172,1.6707,1.67174,1.13,1.32
2013.08.08 21:39:52.732,1.67084,1.67181,1.13,1.32
2013.08.08 21:39:52.793,1.67125,1.672,1.50,1.24
2013.08.08 21:39:52.914,1.67125,1.67213,1.50,1.32
2013.08.08 21:39:53.513,1.67125,1.67199,1.50,1.54
2013.08.08 21:39:53.572,1.67125,1.67199,1.50,1.17
2013.08.08 21:39:53.932,1.67125,1.67198,1.50,1.32
2013.08.08 21:39:54.113,1.67125,1.67199,1.13,1.54
2013.08.08 21:39:54.803,1.67125,1.67206,1.13,1.32
2013.08.08 21:39:55.612,1.67125,1.67206,1.13,1.32
2013.08.08 21:39:56.852,1.67125,1.67206,1.13,1.32
2013.08.08 21:39:56.912,1.67125,1.67206,1.13,1.32
2013.08.08 21:39:57.681,1.67151,1.67222,1.13,1.69
2013.08.08 21:39:57.747,1.67191,1.67222,1.13,1.50
2013.08.08 21:39:58.113,1.67191,1.67303,1.13,1.32
2013.08.08 21:40:00.102,1.67179,1.67293,1.13,1.32
2013.08.08 21:40:01.531,1.6717,1.67293,1.50,1.32
2013.08.08 21:40:01.592,1.67143,1.67264,1.13,1.13
2013.08.08 21:40:01.831,1.67143,1.67264,1.13,1.32
2013.08.08 21:40:02.192,1.67154,1.67281,1.13,1.32
2013.08.08 21:40:02.342,1.67154,1.67283,1.13,1.32
2013.08.08 21:40:02.401,1.67131,1.67298,1.05,1.32
2013.08.08 21:40:03.111,1.67162,1.67294,1.50,1.32
2013.08.08 21:40:03.441,1.67162,1.67294,1.50,1.32
2013.08.08 21:40:03.501,1.67162,1.67294,1.50,1.32
2013.08.08 21:40:03.841,1.67162,1.67262,1.50,1.28
2013.08.08 21:40:03.901,1.67129,1.67246,1.13,1.13
2013.08.08 21:40:03.961,1.67134,1.67268,1.13,1.13
2013.08.08 21:40:04.022,1.67134,1.67268,1.13,1.13
2013.08.08 21:40:04.261,1.67134,1.67281,1.13,1.24
2013.08.08 21:40:05.101,1.67134,1.67281,1.13,1.24
2013.08.08 21:40:05.551,1.67134,1.67281,1.13,1.24
2013.08.08 21:40:08.091,1.67134,1.67281,1.13,1.24
2013.08.08 21:40:08.421,1.67134,1.67281,1.13,1.24
2013.08.08 21:40:08.481,1.67133,1.67295,1.13,2.37
2013.08.08 21:40:09.205,1.67124,1.67295,1.13,1.24
2013.08.08 21:40:09.260,1.67114,1.67295,1.28,1.32
2013.08.08 21:40:09.322,1.67114,1.67295,1.28,1.32
2013.08.08 21:40:09.877,1.67122,1.67295,1.05,1.32
2013.08.08 21:40:11.522,1.67129,1.67296,1.13,1.32
2013.08.08 21:40:12.721,1.67128,1.67286,1.13,1.32
2013.08.08 21:40:15.331,1.6713,1.67284,1.13,1.32
2013.08.08 21:40:16.371,1.67132,1.67288,1.13,1.32
2013.08.08 21:40:17.472,1.6713,1.67294,1.13,1.32
2013.08.08 21:40:18.561,1.67142,1.67287,1.13,1.32
2013.08.08 21:40:19.881,1.67141,1.67287,1.13,1.32
2013.08.08 21:40:22.081,1.6714,1.6729,1.13,1.32
2013.08.08 21:40:23.223,1.67141,1.67271,1.13,1.32
2013.08.08 21:40:26.311,1.6713,1.67271,1.13,2.07
2013.08.08 21:40:27.391,1.67131,1.67271,1.13,1.32
2013.08.08 21:40:30.491,1.67128,1.67268,1.13,1.50
2013.08.08 21:40:30.811,1.67128,1.67258,1.13,1.13
2013.08.08 21:41:23.881,1.67129,1.67261,1.13,1.32
2013.08.08 21:41:25.521,1.6714,1.67263,1.13,1.13
2013.08.08 21:41:30.431,1.67141,1.67258,1.13,1.13
2013.08.08 21:41:30.551,1.67136,1.67253,1.13,1.13
2013.08.08 21:41:30.822,1.6713,1.67253,1.13,1.13
2013.08.08 21:41:31.631,1.6713,1.67253,1.13,1.13
2013.08.08 21:41:32.423,1.6713,1.67261,1.13,1.32
2013.08.08 21:41:35.103,1.67134,1.67253,1.13,1.32
2013.08.08 21:41:35.424,1.67139,1.67253,1.13,1.32
2013.08.08 21:41:36.043,1.67142,1.67253,1.13,1.32
2013.08.08 21:41:40.281,1.67142,1.67243,1.13,1.13
2013.08.08 21:41:46.102,1.6713,1.67244,1.13,1.32
2013.08.08 21:41:47.831,1.67125,1.67236,1.50,1.28
2013.08.08 21:41:51.791,1.67125,1.67233,1.50,1.13
2013.08.08 21:41:54.011,1.67082,1.67229,1.13,1.13
2013.08.08 21:41:54.131,1.67073,1.67229,1.50,1.13
2013.08.08 21:41:54.191,1.67082,1.67229,1.13,1.32
2013.08.08 21:41:54.578,1.67135,1.67241,1.50,1.47
2013.08.08 21:41:57.931,1.67135,1.67242,1.50,1.28
2013.08.08 21:41:58.171,1.67144,1.67252,1.50,1.47
2013.08.08 21:41:58.291,1.67144,1.67252,1.50,1.28
2013.08.08 21:42:05.241,1.67144,1.67254,1.50,1.13
2013.08.08 21:42:26.002,1.67153,1.67284,1.50,1.69
2013.08.08 21:42:26.061,1.67153,1.67293,1.50,1.69
2013.08.08 21:42:26.182,1.67157,1.67278,1.50,1.28
2013.08.08 21:42:26.981,1.67157,1.67293,1.50,1.32
2013.08.08 21:42:30.511,1.67167,1.67284,1.50,1.13
2013.08.08 21:42:30.946,1.67167,1.67284,1.50,1.13
2013.08.08 21:42:36.831,1.67167,1.67284,1.50,1.13
2013.08.08 21:42:37.687,1.67167,1.67284,1.50,1.13
2013.08.08 21:42:42.722,1.67164,1.67293,1.50,1.32
2013.08.08 21:42:52.633,1.67165,1.67294,1.50,1.32
2013.08.08 21:42:54.183,1.67173,1.67283,1.50,1.32
2013.08.08 21:42:55.592,1.67172,1.67283,1.50,1.32
2013.08.08 21:42:56.672,1.67174,1.67283,1.50,1.13
2013.08.08 21:42:59.992,1.67166,1.67283,1.50,1.13
2013.08.08 21:43:00.533,1.67166,1.67283,1.50,1.13
2013.08.08 21:43:01.312,1.67149,1.67283,2.25,1.13
2013.08.08 21:43:01.762,1.67149,1.67283,2.25,1.13
2013.08.08 21:43:02.332,1.67164,1.67283,1.50,1.13
2013.08.08 21:43:02.773,1.67167,1.67283,1.50,1.13
2013.08.08 21:43:08.973,1.67158,1.67283,1.50,1.32
2013.08.08 21:43:15.414,1.67157,1.67276,1.50,1.13
2013.08.08 21:43:15.862,1.67157,1.67276,1.88,1.13
2013.08.08 21:43:16.293,1.67155,1.67269,1.50,1.50
2013.08.08 21:43:16.653,1.6716,1.67269,1.50,1.69
2013.08.08 21:43:17.362,1.67159,1.67269,1.50,2.44
2013.08.08 21:43:21.713,1.6713,1.67226,1.13,1.13
2013.08.08 21:43:22.072,1.6711,1.67222,1.50,1.13
2013.08.08 21:43:22.132,1.6711,1.67222,1.88,1.13
2013.08.08 21:43:23.241,1.6711,1.67214,1.88,1.13
2013.08.08 21:43:23.905,1.6711,1.67212,1.88,1.13
2013.08.08 21:43:26.272,1.6711,1.67213,1.13,1.13
2013.08.08 21:43:27.332,1.6711,1.67213,1.13,1.13
2013.08.08 21:43:27.793,1.6711,1.67217,1.13,1.13
2013.08.08 21:43:27.972,1.67115,1.67222,1.13,1.50
2013.08.08 21:43:30.475,1.67106,1.67217,1.50,1.13
2013.08.08 21:43:31.633,1.67108,1.67234,1.50,1.58
2013.08.08 21:43:32.603,1.67111,1.67233,1.50,1.58
2013.08.08 21:43:33.733,1.67105,1.67219,1.13,1.13
2013.08.08 21:43:34.814,1.6711,1.67232,1.50,1.58
2013.08.08 21:43:36.233,1.67119,1.67232,1.13,1.58
2013.08.08 21:43:36.294,1.67148,1.67243,1.50,1.58
2013.08.08 21:43:38.295,1.67148,1.67243,1.50,1.58
2013.08.08 21:43:40.264,1.6712,1.67234,1.88,1.58
2013.08.08 21:43:40.323,1.67112,1.67234,1.50,2.33
2013.08.08 21:43:40.504,1.67122,1.67234,1.13,1.20
2013.08.08 21:43:40.683,1.67196,1.67234,0.75,1.20
2013.08.08 21:43:40.983,1.67146,1.67301,1.13,1.50
2013.08.08 21:43:41.043,1.67135,1.67289,1.05,1.58
2013.08.08 21:43:41.103,1.67133,1.67289,1.13,1.58
2013.08.08 21:43:41.163,1.67139,1.6729,2.30,1.58
2013.08.08 21:43:41.879,1.67123,1.6729,2.10,1.58
2013.08.08 21:43:48.513,1.67125,1.67291,1.05,1.58
2013.08.08 21:43:49.322,1.67123,1.67223,1.35,0.83
2013.08.08 21:43:49.562,1.67135,1.67266,1.13,1.02
2013.08.08 21:43:50.102,1.67135,1.67266,1.13,1.02
2013.08.08 21:43:52.504,1.67133,1.67266,1.13,1.02
2013.08.08 21:43:53.812,1.67136,1.67274,1.13,1.02
2013.08.08 21:43:54.032,1.67157,1.67274,1.13,1.02
2013.08.08 21:43:56.752,1.67155,1.67277,1.13,1.02
2013.08.08 21:43:56.812,1.67135,1.67277,2.48,1.02
2013.08.08 21:43:57.005,1.67135,1.67277,1.13,1.02
2013.08.08 21:43:57.882,1.67135,1.67277,1.13,1.58
2013.08.08 21:44:02.092,1.67125,1.6725,1.05,1.58
2013.08.08 21:44:31.512,1.67126,1.67244,1.13,1.13
2013.08.08 21:44:31.572,1.67136,1.67244,1.13,1.13
2013.08.08 21:44:32.119,1.67136,1.67244,1.13,1.50
2013.08.08 21:44:34.702,1.67143,1.67263,1.13,1.50
2013.08.08 21:44:34.822,1.67156,1.67263,1.13,1.13
2013.08.08 21:44:35.882,1.67156,1.67263,1.88,1.13
2013.08.08 21:44:39.837,1.67156,1.67264,1.13,1.13
2013.08.08 21:44:41.682,1.67156,1.67253,1.13,1.32
2013.08.08 21:44:41.926,1.67119,1.67227,1.50,1.13
2013.08.08 21:44:42.043,1.67121,1.67227,1.43,1.13
2013.08.08 21:44:42.163,1.67135,1.67263,1.05,1.32
2013.08.08 21:44:42.283,1.67156,1.67263,1.13,1.32
2013.08.08 21:44:42.884,1.67156,1.67263,1.13,1.13
2013.08.08 21:44:44.464,1.67156,1.67263,1.13,1.13
2013.08.08 21:44:45.484,1.67156,1.67263,1.13,1.13
2013.08.08 21:44:50.894,1.67156,1.67263,1.13,1.13
2013.08.08 21:44:52.133,1.67156,1.67263,1.13,1.13
2013.08.08 21:45:01.383,1.67156,1.67264,1.13,1.13
2013.08.08 21:45:05.904,1.67156,1.67264,1.13,1.13
2013.08.08 21:45:06.432,1.67152,1.67264,1.58,1.13
2013.08.08 21:45:06.553,1.67136,1.67264,1.80,1.13
2013.08.08 21:45:06.865,1.67138,1.67264,1.13,1.13
2013.08.08 21:45:10.862,1.67142,1.67287,1.05,1.50
2013.08.08 21:45:11.103,1.67144,1.67293,1.50,1.13
2013.08.08 21:45:12.762,1.67145,1.67267,1.50,1.65
2013.08.08 21:45:13.063,1.67138,1.67268,1.13,1.13
2013.08.08 21:45:17.222,1.67138,1.67274,1.13,1.32
2013.08.08 21:45:17.562,1.67125,1.67274,1.13,1.32
2013.08.08 21:45:17.682,1.67124,1.6725,1.13,1.32
2013.08.08 21:45:27.042,1.67115,1.6725,1.43,1.50
2013.08.08 21:45:27.302,1.67124,1.67253,1.13,1.50
2013.08.08 21:45:27.361,1.6713,1.67253,1.13,1.50
2013.08.08 21:45:32.024,1.6713,1.67253,1.13,1.50
2013.08.08 21:45:32.552,1.67132,1.67251,1.50,2.25
2013.08.08 21:45:32.672,1.67152,1.67264,1.13,1.13
2013.08.08 21:45:34.462,1.67155,1.67264,1.50,1.13
2013.08.08 21:45:34.802,1.67157,1.67264,1.50,1.13
2013.08.08 21:45:35.683,1.67158,1.67264,1.50,1.13
2013.08.08 21:45:35.992,1.67165,1.67264,1.13,1.13
2013.08.08 21:45:36.633,1.67167,1.67264,1.50,1.13
2013.08.08 21:45:42.772,1.67168,1.67263,1.50,1.13
2013.08.08 21:45:43.550,1.67168,1.67263,1.50,1.13
2013.08.08 21:45:54.362,1.67168,1.67263,1.50,1.13
2013.08.08 21:45:54.969,1.67168,1.67263,1.50,1.13
2013.08.08 21:45:55.962,1.67165,1.67263,1.13,1.13
2013.08.08 21:45:56.092,1.67163,1.67263,1.13,1.13
2013.08.08 21:45:56.572,1.67147,1.67263,1.58,1.13
2013.08.08 21:45:56.633,1.6715,1.67263,1.13,1.13
2013.08.08 21:46:01.823,1.67149,1.67264,1.13,1.13
2013.08.08 21:46:03.702,1.67161,1.67264,1.13,1.13
2013.08.08 21:46:06.354,1.67161,1.67264,1.13,1.13
2013.08.08 21:46:07.342,1.67161,1.67264,1.13,1.13
2013.08.08 21:46:11.172,1.67161,1.67257,1.13,1.13
2013.08.08 21:46:11.513,1.67158,1.67254,1.50,1.13
2013.08.08 21:46:11.604,1.67158,1.67254,1.20,1.13
2013.08.08 21:46:12.262,1.6714,1.67254,1.50,1.13
2013.08.08 21:46:12.943,1.67141,1.67263,1.50,1.13
2013.08.08 21:46:13.743,1.67141,1.67254,1.13,2.25
2013.08.08 21:46:13.802,1.6714,1.67254,1.50,2.25
2013.08.08 21:46:14.043,1.67134,1.67255,1.13,1.13
2013.08.08 21:46:14.162,1.67139,1.67255,1.13,1.13
2013.08.08 21:46:23.442,1.6714,1.67254,1.50,1.50
2013.08.08 21:46:37.943,1.67141,1.67247,1.50,1.13
2013.08.08 21:46:41.613,1.67141,1.67243,1.50,1.13
2013.08.08 21:46:41.862,1.67141,1.67243,1.20,1.13
2013.08.08 21:46:42.042,1.67135,1.67243,1.13,1.13
2013.08.08 21:46:45.302,1.67139,1.67234,1.50,1.13
2013.08.08 21:46:45.703,1.67141,1.67243,1.50,1.13
2013.08.08 21:46:47.522,1.67141,1.67247,1.50,1.13
2013.08.08 21:46:51.312,1.67131,1.67234,1.50,1.13
2013.08.08 21:46:51.372,1.67136,1.67234,1.13,1.13
2013.08.08 21:46:51.504,1.67139,1.67246,1.13,1.13
2013.08.08 21:47:01.563,1.6714,1.67246,1.50,1.13
2013.08.08 21:47:03.922,1.6714,1.67243,1.50,1.13
2013.08.08 21:47:06.983,1.6714,1.67243,1.50,1.13
2013.08.08 21:47:10.983,1.6714,1.67233,1.50,1.13
2013.08.08 21:47:11.043,1.6714,1.67233,1.50,1.13
2013.08.08 21:47:11.103,1.6714,1.67233,1.50,1.13
2013.08.08 21:47:11.242,1.6714,1.67241,1.50,1.13
2013.08.08 21:47:23.924,1.67146,1.67264,1.50,1.50
2013.08.08 21:47:23.986,1.67152,1.67251,1.13,1.13
2013.08.08 21:47:24.103,1.67162,1.67252,1.13,1.13
2013.08.08 21:47:24.162,1.67162,1.67261,1.13,1.58
2013.08.08 21:47:24.712,1.67175,1.67264,1.50,1.13
2013.08.08 21:47:25.374,1.67175,1.67264,1.50,1.13
2013.08.08 21:47:35.402,1.67176,1.67252,1.50,1.13
2013.08.08 21:47:35.644,1.67133,1.67226,1.88,1.13
2013.08.08 21:47:35.705,1.67135,1.6723,1.13,1.13
2013.08.08 21:47:36.233,1.67174,1.67253,1.50,1.13
2013.08.08 21:47:39.253,1.67175,1.67254,1.50,1.13
2013.08.08 21:47:39.372,1.67165,1.67254,1.50,1.13
2013.08.08 21:47:41.552,1.67154,1.67254,1.50,1.13
2013.08.08 21:47:41.732,1.67154,1.67251,1.50,1.13
2013.08.08 21:47:50.142,1.67154,1.67243,1.50,1.13
2013.08.08 21:47:50.943,1.67154,1.67243,1.50,1.13
2013.08.08 21:47:56.292,1.67154,1.67243,1.50,1.50
2013.08.08 21:48:03.803,1.67154,1.67243,1.50,1.50
2013.08.08 21:48:07.194,1.67154,1.67243,1.50,1.50
2013.08.08 21:48:08.132,1.67155,1.67243,1.50,1.50
2013.08.08 21:48:08.993,1.67152,1.67243,1.50,1.13
2013.08.08 21:48:12.862,1.67152,1.67243,1.50,1.13
2013.08.08 21:48:13.942,1.67159,1.67243,1.50,1.13
2013.08.08 21:48:20.952,1.67158,1.67236,1.50,1.13
2013.08.08 21:48:22.973,1.67158,1.67236,1.50,1.13
2013.08.08 21:48:31.442,1.67154,1.67236,1.50,1.13
2013.08.08 21:48:31.503,1.67143,1.67234,1.13,1.50
2013.08.08 21:48:31.562,1.67136,1.67231,1.13,1.13
2013.08.08 21:48:39.933,1.67136,1.67225,1.13,1.13
2013.08.08 21:49:00.952,1.67136,1.67225,1.13,1.13
2013.08.08 21:49:40.024,1.67133,1.67221,1.50,1.13
2013.08.08 21:49:42.443,1.67133,1.67221,1.50,1.13
2013.08.08 21:49:45.182,1.67134,1.67221,1.50,1.13
2013.08.08 21:50:00.998,1.67133,1.67231,1.50,1.13
2013.08.08 21:50:21.532,1.67135,1.67231,1.13,1.13
2013.08.08 21:50:52.732,1.67143,1.67226,1.50,1.13
2013.08.08 21:50:53.096,1.67145,1.67226,1.50,1.13
2013.08.08 21:50:56.052,1.67141,1.67226,1.50,1.13
2013.08.08 21:51:07.013,1.67142,1.67226,1.50,1.13
2013.08.08 21:51:09.992,1.67142,1.67224,1.50,1.13
2013.08.08 21:51:22.073,1.6715,1.67236,1.13,1.13
2013.08.08 21:51:53.824,1.67141,1.67224,1.50,1.13
2013.08.08 21:52:06.533,1.67145,1.67234,2.18,1.13
2013.08.08 21:52:06.593,1.67154,1.6724,1.13,1.50
2013.08.08 21:52:06.653,1.67154,1.67241,1.13,1.13
2013.08.08 21:52:06.713,1.67156,1.6725,1.13,1.58
2013.08.08 21:52:06.833,1.67175,1.67253,1.13,1.50
2013.08.08 21:52:06.893,1.67175,1.67261,1.13,1.50
2013.08.08 21:52:07.073,1.67175,1.67261,1.13,1.50
2013.08.08 21:52:09.812,1.67159,1.6725,1.05,1.50
2013.08.08 21:52:10.113,1.67175,1.67261,1.13,1.50
2013.08.08 21:52:12.024,1.67175,1.67261,1.13,1.50
2013.08.08 21:52:16.222,1.67182,1.67268,1.13,1.13
2013.08.08 21:52:16.375,1.67182,1.67278,1.13,1.50
2013.08.08 21:52:16.553,1.67197,1.67285,1.13,1.13
2013.08.08 21:52:16.613,1.67193,1.67285,1.13,1.13
2013.08.08 21:52:17.533,1.67193,1.67287,1.13,1.13
2013.08.08 21:52:19.773,1.67193,1.67284,1.13,1.13
2013.08.08 21:52:22.853,1.67193,1.67293,1.13,1.13
2013.08.08 21:52:23.924,1.67197,1.67293,1.50,1.13
2013.08.08 21:52:31.554,1.672,1.67293,1.50,1.13
2013.08.08 21:52:32.483,1.67201,1.67293,1.50,1.13
2013.08.08 21:52:38.633,1.67198,1.67293,1.50,1.13
2013.08.08 21:52:41.053,1.67199,1.67293,1.50,1.13
2013.08.08 21:52:43.093,1.67199,1.67293,1.50,1.13
2013.08.08 21:52:46.504,1.67198,1.67293,1.50,1.13
2013.08.08 21:52:59.322,1.67193,1.67293,1.13,2.63
2013.08.08 21:53:14.252,1.67197,1.67293,1.13,1.88
2013.08.08 21:53:24.683,1.67187,1.67281,1.50,1.50
2013.08.08 21:53:25.013,1.67209,1.67297,1.50,1.13
2013.08.08 21:53:25.826,1.67211,1.67297,1.50,1.13
2013.08.08 21:53:26.804,1.67212,1.67297,1.50,1.13
2013.08.08 21:53:27.732,1.67212,1.67297,1.50,1.13
2013.08.08 21:53:31.372,1.67213,1.67297,1.50,1.13
2013.08.08 21:53:43.987,1.67213,1.67297,1.50,1.13
2013.08.08 21:54:11.951,1.67214,1.67315,1.50,1.50
2013.08.08 21:54:14.193,1.67214,1.67314,1.20,1.50
2013.08.08 21:54:14.747,1.67214,1.67327,1.20,1.69
2013.08.08 21:54:24.101,1.67214,1.67327,1.20,1.69
2013.08.08 21:54:34.123,1.67214,1.67327,1.20,1.69
2013.08.08 21:54:37.033,1.67212,1.67327,1.50,1.69
2013.08.08 21:54:42.532,1.67213,1.67328,1.50,1.69
2013.08.08 21:54:43.441,1.67213,1.67313,1.50,1.50
2013.08.08 21:54:44.245,1.67213,1.67314,1.50,1.88
2013.08.08 21:54:52.122,1.67213,1.67328,1.50,1.50
2013.08.08 21:54:53.312,1.67213,1.67328,1.50,1.69
2013.08.08 21:55:00.864,1.67213,1.67326,1.50,1.69
2013.08.08 21:55:01.524,1.67213,1.67328,1.50,1.69
2013.08.08 21:55:14.112,1.67214,1.67327,1.50,1.69
2013.08.08 21:55:24.120,1.67214,1.67327,1.50,1.69
2013.08.08 21:55:58.693,1.67214,1.67327,1.50,1.69
2013.08.08 21:56:24.235,1.67213,1.67328,1.50,1.69
2013.08.08 21:56:41.262,1.67205,1.6731,1.50,1.13
2013.08.08 21:56:41.686,1.67205,1.673,1.50,1.13
2013.08.08 21:56:58.938,1.67205,1.67309,1.50,1.13
2013.08.08 21:57:47.752,1.67207,1.67307,1.50,1.69
2013.08.08 21:58:14.422,1.67208,1.673,1.50,1.13
2013.08.08 21:58:15.992,1.6721,1.67304,1.50,1.13
2013.08.08 21:58:16.828,1.6721,1.67304,1.50,1.13
2013.08.08 21:58:17.168,1.6721,1.67304,1.50,1.13
2013.08.08 21:58:17.672,1.6721,1.67304,1.50,1.13
2013.08.08 21:58:20.432,1.67211,1.67304,1.50,1.13
2013.08.08 21:58:24.393,1.6721,1.67294,1.50,1.13
2013.08.08 21:58:25.993,1.67211,1.67303,1.50,1.69
2013.08.08 21:58:26.608,1.67211,1.67303,1.50,1.13
2013.08.08 21:58:50.533,1.67215,1.67303,1.13,1.13
2013.08.08 21:58:50.713,1.67219,1.67303,1.13,1.13
2013.08.08 21:58:52.434,1.67219,1.67303,1.13,1.13
2013.08.08 21:58:59.544,1.67219,1.67303,1.13,1.13
2013.08.08 21:59:01.064,1.67223,1.67298,0.75,0.38
2013.08.08 21:59:01.808,1.67224,1.67298,0.75,0.38
2013.08.08 21:59:02.333,1.67222,1.67298,0.75,0.38
2013.08.08 21:59:04.153,1.67222,1.67294,0.75,0.75
2013.08.08 21:59:04.513,1.67204,1.6726,0.75,0.38
2013.08.08 21:59:04.813,1.67211,1.67287,0.38,1.50
2013.08.08 21:59:04.993,1.67211,1.67292,0.38,0.38
2013.08.08 21:59:05.053,1.67211,1.67272,0.38,0.75
2013.08.08 21:59:05.114,1.67186,1.67262,0.38,0.75
2013.08.08 21:59:05.173,1.67204,1.67265,0.75,0.38
2013.08.08 21:59:05.363,1.67212,1.67291,0.38,0.38
2013.08.08 21:59:05.543,1.67225,1.67297,0.75,0.38
2013.08.08 21:59:05.723,1.6722,1.67297,0.45,0.38
2013.08.08 21:59:05.783,1.6722,1.67289,0.45,0.38
2013.08.08 21:59:06.023,1.6722,1.67297,0.45,0.38
2013.08.08 21:59:06.083,1.67226,1.67297,0.75,0.38
2013.08.08 21:59:09.484,1.67225,1.67297,0.75,0.38
2013.08.08 21:59:09.544,1.67225,1.67301,0.75,0.38
2013.08.08 21:59:09.963,1.67225,1.67305,0.75,0.38
2013.08.08 21:59:10.023,1.67232,1.67305,0.75,0.38
2013.08.08 21:59:13.043,1.67224,1.67305,0.38,0.38
2013.08.08 21:59:20.554,1.67229,1.67309,0.38,0.38
2013.08.08 21:59:38.663,1.67217,1.67297,0.38,0.38
2013.08.08 21:59:39.222,1.67228,1.67296,0.38,0.75
2013.08.08 21:59:39.289,1.67233,1.67312,0.38,0.38
2013.08.08 21:59:54.813,1.67233,1.67309,0.38,0.75
2013.08.08 21:59:55.359,1.67233,1.6731,0.38,0.75
2013.08.08 21:59:55.994,1.67233,1.67311,0.38,0.75
2013.08.08 21:59:56.795,1.67233,1.67309,0.38,0.75
