2010.05.05 01:00:00.093,1.8005,1.80065,1.60,1.00
2010.05.05 01:00:00.700,1.80025,1.80055,1.30,1.00
2010.05.05 01:00:01.040,1.79965,1.8001,3.20,1.00
2010.05.05 01:00:01.380,1.79965,1.79995,1.60,1.00
2010.05.05 01:00:01.841,1.79965,1.79995,1.60,2.00
2010.05.05 01:00:02.174,1.79935,1.79975,1.60,1.00
2010.05.05 01:00:02.783,1.79925,1.7997,1.60,1.00
2010.05.05 01:00:03.101,1.799,1.7995,3.20,1.30
2010.05.05 01:00:03.440,1.79885,1.79955,1.00,1.00
2010.05.05 01:00:03.813,1.79885,1.7995,1.00,1.30
2010.05.05 01:00:04.161,1.7985,1.7993,2.40,2.00
2010.05.05 01:00:04.504,1.7985,1.79925,1.00,2.00
2010.05.05 01:00:04.855,1.79835,1.79905,3.80,1.00
2010.05.05 01:00:05.204,1.79825,1.7989,1.00,1.00
2010.05.05 01:00:05.782,1.79805,1.7988,1.00,3.60
2010.05.05 01:00:06.125,1.79795,1.79875,3.80,2.00
2010.05.05 01:00:06.661,1.79805,1.7988,1.00,2.00
2010.05.05 01:00:07.009,1.798,1.7988,2.00,2.00
2010.05.05 01:00:07.353,1.798,1.79875,1.00,1.50
2010.05.05 01:00:07.693,1.798,1.79875,1.00,1.30
2010.05.05 01:00:08.034,1.7979,1.79855,1.00,1.30
2010.05.05 01:00:08.671,1.79795,1.7987,3.20,1.00
2010.05.05 01:00:09.013,1.7981,1.79865,1.00,1.30
2010.05.05 01:00:09.351,1.798,1.79875,3.80,1.30
2010.05.05 01:00:09.694,1.79795,1.79865,1.60,1.30
2010.05.05 01:00:10.034,1.7979,1.7986,1.00,1.30
2010.05.05 01:00:10.384,1.7979,1.79865,1.00,2.00
2010.05.05 01:00:10.724,1.79805,1.7987,1.00,1.30
2010.05.05 01:00:11.064,1.7985,1.79915,1.30,1.40
2010.05.05 01:00:11.412,1.7984,1.79915,1.00,1.00
2010.05.05 01:00:12.092,1.79845,1.7992,1.00,2.00
2010.05.05 01:00:12.771,1.79855,1.79925,1.00,1.60
2010.05.05 01:00:13.127,1.79855,1.7993,1.00,1.00
2010.05.05 01:00:15.141,1.79845,1.7992,1.00,3.60
2010.05.05 01:00:15.484,1.79845,1.79915,1.00,1.30
2010.05.05 01:00:15.771,1.7983,1.79905,1.00,5.20
2010.05.05 01:00:16.045,1.79835,1.79905,1.00,3.20
2010.05.05 01:00:16.621,1.79835,1.7991,1.00,2.20
2010.05.05 01:00:16.965,1.79835,1.79905,1.00,1.50
2010.05.05 01:00:17.314,1.7982,1.79895,1.00,1.00
2010.05.05 01:00:17.994,1.79845,1.7992,1.00,3.80
2010.05.05 01:00:18.332,1.79895,1.79925,2.00,1.60
2010.05.05 01:00:18.674,1.7986,1.7994,1.00,3.80
2010.05.05 01:00:19.015,1.7989,1.79945,1.00,1.60
2010.05.05 01:00:19.637,1.7988,1.7995,1.30,2.20
2010.05.05 01:00:19.983,1.7988,1.79945,2.00,1.00
2010.05.05 01:00:20.662,1.79885,1.79945,1.00,1.00
2010.05.05 01:00:21.003,1.79865,1.79935,1.00,1.00
2010.05.05 01:00:21.342,1.7987,1.79935,1.00,1.00
2010.05.05 01:00:21.683,1.79865,1.79925,1.30,1.00
2010.05.05 01:00:22.024,1.79855,1.79895,1.00,1.00
2010.05.05 01:00:22.707,1.79855,1.79885,1.00,1.00
2010.05.05 01:00:23.044,1.79825,1.799,1.00,1.30
2010.05.05 01:00:23.382,1.7982,1.79895,1.60,1.00
2010.05.05 01:00:23.735,1.7982,1.79875,1.60,1.00
2010.05.05 01:00:24.086,1.79805,1.7988,2.00,1.00
2010.05.05 01:00:24.433,1.7982,1.7988,1.00,3.20
2010.05.05 01:00:24.773,1.7982,1.7988,1.00,1.60
2010.05.05 01:00:25.113,1.79805,1.79875,1.00,1.60
2010.05.05 01:00:25.710,1.79795,1.7987,1.00,2.00
2010.05.05 01:00:26.055,1.79795,1.79855,1.00,1.50
2010.05.05 01:00:26.402,1.7977,1.79845,1.00,1.00
2010.05.05 01:00:27.081,1.7977,1.79845,1.00,1.00
2010.05.05 01:00:28.441,1.79765,1.79835,2.20,1.00
2010.05.05 01:00:28.693,1.7977,1.79845,1.00,1.00
2010.05.05 01:00:29.036,1.79775,1.79845,1.60,1.00
2010.05.05 01:00:29.299,1.7978,1.79855,1.00,1.00
2010.05.05 01:00:29.553,1.7977,1.79845,1.00,1.00
2010.05.05 01:00:29.894,1.7977,1.79845,1.00,4.00
2010.05.05 01:00:30.259,1.7977,1.79845,1.00,1.00
2010.05.05 01:00:31.080,1.7977,1.79845,1.00,1.00
2010.05.05 01:00:31.323,1.7977,1.79835,1.00,1.00
2010.05.05 01:00:31.884,1.7978,1.79855,1.00,2.10
2010.05.05 01:00:32.161,1.79775,1.79845,1.30,1.00
2010.05.05 01:00:32.438,1.7977,1.79845,1.00,1.00
2010.05.05 01:00:33.369,1.79795,1.79845,1.00,1.00
2010.05.05 01:00:33.710,1.79795,1.79865,1.00,1.00
2010.05.05 01:00:34.892,1.7979,1.79855,1.60,1.00
2010.05.05 01:00:35.350,1.79785,1.79855,1.00,1.00
2010.05.05 01:00:35.655,1.79785,1.7986,1.00,1.00
2010.05.05 01:00:35.962,1.79785,1.7986,2.00,1.00
2010.05.05 01:00:36.261,1.79785,1.79855,1.00,1.00
2010.05.05 01:00:36.565,1.79795,1.79855,1.30,1.00
2010.05.05 01:00:36.904,1.7982,1.79885,1.00,1.00
2010.05.05 01:00:37.234,1.7982,1.79895,2.00,2.10
2010.05.05 01:00:38.964,1.7984,1.79905,1.00,1.70
2010.05.05 01:00:39.301,1.7984,1.79905,1.00,1.00
2010.05.05 01:00:39.640,1.79835,1.79905,1.00,1.00
2010.05.05 01:00:39.983,1.7983,1.79875,1.30,1.00
2010.05.05 01:00:40.323,1.79805,1.79875,1.00,1.00
2010.05.05 01:00:40.665,1.79805,1.7988,1.00,2.00
2010.05.05 01:00:41.012,1.7981,1.79885,1.00,1.00
2010.05.05 01:00:41.352,1.7982,1.79885,1.00,1.00
2010.05.05 01:00:41.691,1.79805,1.7988,2.00,1.00
2010.05.05 01:00:42.033,1.79795,1.7987,1.00,2.00
2010.05.05 01:00:43.161,1.79775,1.7985,1.00,2.00
2010.05.05 01:00:43.501,1.79765,1.79835,3.10,1.00
2010.05.05 01:00:43.839,1.79785,1.7984,1.00,1.30
2010.05.05 01:00:44.182,1.7978,1.79855,1.00,2.10
2010.05.05 01:00:45.455,1.79785,1.79855,1.30,1.00
2010.05.05 01:00:45.791,1.79795,1.79865,1.00,1.00
2010.05.05 01:00:52.423,1.79785,1.79855,1.30,1.00
2010.05.05 01:00:52.694,1.79775,1.7985,1.00,2.00
2010.05.05 01:00:53.251,1.79795,1.79855,1.00,1.60
2010.05.05 01:00:53.515,1.79795,1.79865,1.00,1.00
2010.05.05 01:00:54.203,1.79795,1.79865,1.00,1.50
2010.05.05 01:00:54.543,1.79785,1.79855,1.00,1.00
2010.05.05 01:00:54.880,1.79795,1.79855,1.00,1.00
2010.05.05 01:00:55.474,1.79785,1.7986,1.00,1.00
2010.05.05 01:00:56.300,1.79795,1.79865,1.00,1.40
2010.05.05 01:00:56.540,1.79795,1.79865,1.00,1.00
2010.05.05 01:00:58.089,1.7979,1.79855,1.30,1.00
2010.05.05 01:00:58.505,1.79785,1.79855,1.00,1.30
2010.05.05 01:00:58.843,1.79795,1.79865,1.00,1.00
2010.05.05 01:01:01.159,1.79795,1.79865,1.00,1.30
2010.05.05 01:01:01.436,1.7981,1.7987,1.00,3.20
2010.05.05 01:01:01.633,1.7981,1.79885,1.00,5.30
2010.05.05 01:01:01.832,1.7981,1.79885,1.00,2.10
2010.05.05 01:01:03.035,1.79795,1.7987,1.00,2.00
2010.05.05 01:01:03.290,1.79795,1.7987,3.80,2.00
2010.05.05 01:01:03.614,1.798,1.7987,1.30,1.00
2010.05.05 01:01:03.893,1.7981,1.79885,1.00,2.10
2010.05.05 01:01:07.269,1.79805,1.79875,1.30,1.00
2010.05.05 01:01:07.530,1.7982,1.7988,1.00,1.30
2010.05.05 01:01:07.919,1.7982,1.79895,2.00,1.00
2010.05.05 01:01:08.760,1.7982,1.79885,2.00,1.00
2010.05.05 01:01:09.104,1.7982,1.79895,2.00,1.00
2010.05.05 01:01:10.589,1.7982,1.79895,2.00,1.00
2010.05.05 01:01:11.079,1.7981,1.79885,3.80,2.10
2010.05.05 01:01:11.241,1.7982,1.79885,1.60,2.10
2010.05.05 01:01:11.412,1.7982,1.79885,1.60,2.00
2010.05.05 01:01:11.583,1.79815,1.79885,1.00,1.00
2010.05.05 01:01:11.922,1.7982,1.79895,2.00,1.00
2010.05.05 01:01:12.261,1.7982,1.79895,2.00,1.00
2010.05.05 01:01:12.941,1.7982,1.7989,1.30,1.00
2010.05.05 01:01:13.284,1.7984,1.79895,1.60,1.00
2010.05.05 01:01:13.622,1.7985,1.79925,1.00,2.10
2010.05.05 01:01:14.898,1.7986,1.79925,1.00,1.00
2010.05.05 01:01:15.238,1.7986,1.79925,2.00,1.00
2010.05.05 01:01:15.924,1.79845,1.79905,2.00,1.00
2010.05.05 01:01:18.240,1.79845,1.79905,2.00,1.00
2010.05.05 01:01:18.389,1.7987,1.7992,1.30,3.80
2010.05.05 01:01:18.539,1.79865,1.7992,2.00,1.60
2010.05.05 01:01:19.013,1.79855,1.79915,1.00,1.00
2010.05.05 01:01:21.008,1.79855,1.7992,1.00,1.60
2010.05.05 01:01:21.230,1.7986,1.7992,1.00,1.60
2010.05.05 01:01:21.458,1.7986,1.7992,2.00,1.60
2010.05.05 01:01:22.160,1.7989,1.79955,1.00,1.00
2010.05.05 01:01:22.358,1.7989,1.79945,1.00,1.00
2010.05.05 01:01:22.700,1.79875,1.79945,2.00,1.00
2010.05.05 01:01:23.042,1.7989,1.79955,1.00,1.00
2010.05.05 01:01:24.710,1.7988,1.79945,1.00,1.00
2010.05.05 01:01:25.204,1.799,1.79955,1.00,3.20
2010.05.05 01:01:25.422,1.7991,1.79965,1.00,1.00
2010.05.05 01:01:25.640,1.799,1.79965,2.00,1.00
2010.05.05 01:01:27.252,1.7991,1.79975,1.00,1.00
2010.05.05 01:01:27.891,1.79915,1.79975,1.30,1.00
2010.05.05 01:01:28.220,1.79915,1.79975,2.00,1.00
2010.05.05 01:01:28.551,1.7993,1.7999,1.30,3.80
2010.05.05 01:01:28.882,1.7993,1.79995,2.00,1.00
2010.05.05 01:01:29.679,1.7994,1.80005,1.30,1.00
2010.05.05 01:01:30.137,1.7994,1.80005,2.00,1.00
2010.05.05 01:01:30.494,1.7992,1.7999,1.30,3.80
2010.05.05 01:01:30.833,1.799,1.79975,3.60,2.40
2010.05.05 01:01:31.172,1.799,1.79965,2.00,1.00
2010.05.05 01:01:32.102,1.799,1.79965,1.30,1.00
2010.05.05 01:01:32.411,1.79895,1.79965,2.00,1.00
2010.05.05 01:01:32.755,1.79905,1.79975,1.00,1.70
2010.05.05 01:01:33.101,1.79905,1.79955,1.00,1.00
2010.05.05 01:01:33.440,1.79895,1.79955,2.00,1.00
2010.05.05 01:01:34.713,1.79905,1.79965,1.00,1.00
2010.05.05 01:01:35.002,1.79905,1.79955,1.00,1.00
2010.05.05 01:01:35.294,1.79895,1.79955,2.00,1.00
2010.05.05 01:01:35.904,1.79885,1.79945,2.20,1.00
2010.05.05 01:01:36.143,1.79895,1.79955,1.00,1.60
2010.05.05 01:01:36.384,1.79905,1.79955,1.00,1.00
2010.05.05 01:01:36.931,1.79905,1.79965,2.00,1.00
2010.05.05 01:01:37.275,1.79895,1.79955,2.00,1.00
2010.05.05 01:01:37.619,1.79895,1.79965,2.00,1.00
2010.05.05 01:01:38.872,1.79895,1.79965,2.00,3.30
2010.05.05 01:01:39.010,1.79895,1.79965,1.00,1.00
2010.05.05 01:01:39.148,1.79895,1.79965,2.00,1.00
2010.05.05 01:01:39.279,1.79895,1.79955,2.00,1.00
2010.05.05 01:01:39.811,1.7989,1.7996,1.30,1.00
2010.05.05 01:01:40.150,1.79905,1.79965,2.00,1.00
2010.05.05 01:01:40.490,1.79905,1.79955,1.30,1.00
2010.05.05 01:01:40.831,1.79895,1.79955,2.00,1.00
2010.05.05 01:01:41.171,1.79895,1.79955,1.00,1.00
2010.05.05 01:01:41.511,1.79885,1.79945,1.00,1.00
2010.05.05 01:01:42.462,1.79885,1.79935,1.00,1.00
2010.05.05 01:01:42.799,1.79875,1.79935,2.00,1.00
2010.05.05 01:01:43.141,1.7987,1.79945,1.00,4.00
2010.05.05 01:01:44.093,1.7987,1.79935,1.00,1.00
2010.05.05 01:01:44.586,1.79865,1.79925,1.00,1.00
2010.05.05 01:01:44.834,1.7987,1.79935,1.00,1.00
2010.05.05 01:01:45.371,1.7986,1.79925,1.30,4.00
2010.05.05 01:01:45.710,1.7986,1.79915,1.30,1.00
2010.05.05 01:01:46.049,1.79855,1.79915,1.00,1.00
2010.05.05 01:01:46.709,1.79865,1.79925,1.00,1.00
2010.05.05 01:01:48.621,1.7987,1.79935,1.00,1.00
2010.05.05 01:01:49.583,1.7987,1.79935,1.00,1.70
2010.05.05 01:01:50.820,1.7987,1.79915,1.00,1.00
2010.05.05 01:01:51.012,1.7987,1.7993,1.00,3.20
2010.05.05 01:01:51.496,1.7987,1.79935,1.00,1.00
2010.05.05 01:01:52.020,1.7988,1.79945,1.00,1.00
2010.05.05 01:01:52.360,1.7988,1.79935,1.00,1.00
2010.05.05 01:01:52.700,1.7988,1.79945,1.00,1.00
2010.05.05 01:01:53.010,1.7989,1.79955,1.00,1.50
2010.05.05 01:01:53.320,1.7989,1.79955,2.00,1.00
2010.05.05 01:01:55.657,1.799,1.79955,1.00,1.00
2010.05.05 01:01:55.810,1.799,1.79965,1.00,3.30
2010.05.05 01:01:55.970,1.79895,1.79955,1.30,1.00
2010.05.05 01:01:56.329,1.7989,1.79955,2.00,1.00
2010.05.05 01:01:58.843,1.7989,1.79945,2.00,1.00
2010.05.05 01:01:58.991,1.7988,1.79945,2.00,1.00
2010.05.05 01:01:59.145,1.7988,1.79945,1.00,1.00
2010.05.05 01:01:59.297,1.7988,1.79935,1.00,1.00
2010.05.05 01:02:00.093,1.7986,1.79935,1.00,2.10
2010.05.05 01:02:00.435,1.7986,1.7993,1.00,1.60
2010.05.05 01:02:01.640,1.7986,1.79925,1.00,1.00
2010.05.05 01:02:03.524,1.7985,1.79915,2.00,1.00
2010.05.05 01:02:05.549,1.7985,1.79925,2.00,4.00
2010.05.05 01:02:05.701,1.7986,1.79925,1.00,1.00
2010.05.05 01:02:06.001,1.7986,1.79905,1.00,1.00
2010.05.05 01:02:06.426,1.7986,1.79925,1.00,1.00
2010.05.05 01:02:09.019,1.7986,1.79915,1.00,1.00
2010.05.05 01:02:09.301,1.7986,1.7992,1.00,1.00
2010.05.05 01:02:09.519,1.7986,1.79925,1.00,1.00
2010.05.05 01:02:12.033,1.7986,1.79915,1.00,1.00
2010.05.05 01:02:12.119,1.7986,1.79925,1.00,1.00
2010.05.05 01:02:12.234,1.7986,1.79905,1.00,1.00
2010.05.05 01:02:12.362,1.7986,1.79905,1.00,1.00
2010.05.05 01:02:12.751,1.7983,1.79895,1.30,1.00
2010.05.05 01:02:13.091,1.7982,1.79885,1.00,1.00
2010.05.05 01:02:14.019,1.7982,1.79885,1.00,1.00
2010.05.05 01:02:14.701,1.7982,1.79895,1.00,1.00
2010.05.05 01:02:15.249,1.79835,1.7991,1.00,2.90
2010.05.05 01:02:15.554,1.79845,1.79905,1.00,1.00
2010.05.05 01:02:15.908,1.79845,1.79905,1.00,1.00
2010.05.05 01:02:16.249,1.79845,1.7992,1.00,1.00
2010.05.05 01:02:16.591,1.7987,1.79935,1.00,1.00
2010.05.05 01:02:16.933,1.79865,1.79925,1.30,1.00
2010.05.05 01:02:17.212,1.7986,1.79935,1.00,1.00
2010.05.05 01:02:17.491,1.79845,1.7992,2.00,1.00
2010.05.05 01:02:18.430,1.79855,1.79925,2.00,1.00
2010.05.05 01:02:23.399,1.79855,1.79915,1.30,1.00
2010.05.05 01:02:23.531,1.79855,1.7992,1.30,1.00
2010.05.05 01:02:23.658,1.79845,1.7992,2.00,1.00
2010.05.05 01:02:26.960,1.7985,1.79925,1.00,1.00
2010.05.05 01:02:29.094,1.79845,1.79915,1.30,1.00
2010.05.05 01:02:29.341,1.7984,1.79915,2.00,1.00
2010.05.05 01:02:31.780,1.7983,1.79905,1.00,1.00
2010.05.05 01:02:33.090,1.7983,1.79905,1.00,1.00
2010.05.05 01:02:37.270,1.79825,1.7989,1.30,1.00
2010.05.05 01:02:37.531,1.7982,1.79895,1.00,2.10
2010.05.05 01:02:37.710,1.7982,1.79895,2.00,1.00
2010.05.05 01:02:38.375,1.7982,1.79895,3.60,1.00
2010.05.05 01:02:38.722,1.79835,1.79895,1.30,1.00
2010.05.05 01:02:39.157,1.79835,1.79905,2.00,3.30
2010.05.05 01:02:39.511,1.7983,1.79905,1.00,2.40
2010.05.05 01:02:39.843,1.7982,1.79895,2.00,1.00
2010.05.05 01:02:42.745,1.79825,1.79895,1.30,1.00
2010.05.05 01:02:43.029,1.7983,1.79905,1.00,4.00
2010.05.05 01:02:43.311,1.7983,1.79905,1.00,1.00
2010.05.05 01:02:43.509,1.79835,1.79905,1.00,1.00
2010.05.05 01:02:44.629,1.7983,1.79905,1.00,1.00
2010.05.05 01:02:45.366,1.7983,1.79895,1.00,1.00
2010.05.05 01:02:45.650,1.7982,1.79895,2.00,1.00
2010.05.05 01:02:48.379,1.7983,1.79905,1.00,4.00
2010.05.05 01:02:48.539,1.7983,1.79905,1.00,2.40
2010.05.05 01:02:48.698,1.7983,1.79905,1.00,1.00
2010.05.05 01:02:58.950,1.79835,1.79905,1.00,1.00
2010.05.05 01:02:59.250,1.7983,1.79905,1.00,1.00
2010.05.05 01:03:01.310,1.7982,1.79895,1.00,2.10
2010.05.05 01:03:01.531,1.7982,1.79895,3.60,1.00
2010.05.05 01:03:01.709,1.7983,1.79905,1.00,1.00
2010.05.05 01:03:02.167,1.79835,1.799,1.00,3.20
2010.05.05 01:03:02.352,1.7983,1.79905,1.00,1.00
2010.05.05 01:03:03.830,1.7983,1.79905,1.00,2.40
2010.05.05 01:03:03.941,1.7982,1.79895,2.00,1.00
2010.05.05 01:03:04.359,1.7982,1.79895,2.00,1.00
2010.05.05 01:03:04.514,1.7982,1.79895,2.00,1.00
2010.05.05 01:03:04.834,1.7984,1.79895,1.00,1.00
2010.05.05 01:03:05.168,1.7984,1.79895,2.00,1.00
2010.05.05 01:03:10.740,1.79845,1.79915,1.30,1.00
2010.05.05 01:03:11.079,1.7986,1.79915,2.00,1.00
2010.05.05 01:03:15.340,1.7986,1.79915,1.30,1.00
2010.05.05 01:03:15.701,1.79855,1.79905,1.00,1.00
2010.05.05 01:03:21.049,1.7986,1.79905,1.30,1.00
2010.05.05 01:03:21.084,1.7986,1.79915,2.00,1.00
2010.05.05 01:03:23.920,1.79865,1.79925,1.00,3.30
2010.05.05 01:03:24.042,1.79875,1.79925,1.00,1.70
2010.05.05 01:03:24.161,1.79875,1.79925,2.00,1.00
2010.05.05 01:03:26.544,1.79875,1.79935,2.00,1.70
2010.05.05 01:03:26.700,1.79875,1.79945,2.00,3.30
2010.05.05 01:03:26.860,1.7988,1.79945,2.00,1.00
2010.05.05 01:03:27.019,1.7989,1.79945,1.00,1.00
2010.05.05 01:03:28.850,1.7989,1.79935,1.00,1.00
2010.05.05 01:03:29.260,1.7988,1.79935,2.00,1.00
2010.05.05 01:03:29.409,1.7988,1.79925,1.30,1.00
2010.05.05 01:03:29.553,1.7987,1.79925,1.00,1.00
2010.05.05 01:03:30.031,1.79855,1.79925,2.00,1.00
2010.05.05 01:03:31.676,1.79865,1.79925,1.00,1.00
2010.05.05 01:03:31.892,1.79865,1.79925,2.00,1.00
2010.05.05 01:03:34.406,1.7987,1.79925,1.30,1.00
2010.05.05 01:03:34.470,1.7987,1.79935,1.30,1.70
2010.05.05 01:03:34.990,1.7987,1.79935,2.00,1.00
2010.05.05 01:03:35.253,1.7988,1.79935,1.00,1.00
2010.05.05 01:03:35.511,1.7987,1.79935,2.00,1.00
2010.05.05 01:03:37.042,1.7986,1.7993,1.00,1.60
2010.05.05 01:03:38.032,1.7986,1.79925,1.00,1.00
2010.05.05 01:03:43.391,1.7986,1.7993,1.00,1.60
2010.05.05 01:03:43.549,1.79865,1.79935,2.00,1.00
2010.05.05 01:03:44.090,1.79865,1.79925,1.00,1.00
2010.05.05 01:03:44.254,1.79855,1.79925,1.00,1.60
2010.05.05 01:03:44.411,1.79865,1.79935,2.00,1.00
2010.05.05 01:03:44.753,1.79865,1.79925,2.00,1.60
2010.05.05 01:03:45.371,1.79855,1.79925,2.00,1.60
2010.05.05 01:03:46.010,1.79855,1.79925,2.00,1.70
2010.05.05 01:03:46.963,1.79855,1.79905,2.00,1.00
2010.05.05 01:03:47.217,1.79855,1.79915,1.30,1.00
2010.05.05 01:03:47.462,1.79855,1.79925,2.00,1.70
2010.05.05 01:03:49.210,1.79855,1.79915,2.00,1.00
2010.05.05 01:03:50.441,1.79855,1.79925,2.00,1.60
2010.05.05 01:03:50.939,1.7988,1.79925,1.00,1.60
2010.05.05 01:03:51.089,1.7986,1.79935,1.60,1.00
2010.05.05 01:03:51.231,1.79865,1.79935,1.00,1.00
2010.05.05 01:03:51.600,1.79865,1.79935,1.00,1.70
2010.05.05 01:03:52.030,1.79865,1.79925,1.00,1.00
2010.05.05 01:03:55.291,1.79855,1.79915,2.00,1.00
2010.05.05 01:03:56.791,1.79845,1.79915,1.00,1.60
2010.05.05 01:03:57.050,1.79855,1.79915,1.30,1.60
2010.05.05 01:03:57.309,1.79855,1.79925,2.00,1.00
2010.05.05 01:03:57.598,1.79855,1.79925,2.00,1.00
2010.05.05 01:03:57.934,1.79855,1.79915,2.00,1.00
2010.05.05 01:04:00.532,1.79855,1.7993,2.00,3.80
2010.05.05 01:04:01.221,1.79855,1.79925,2.00,1.00
2010.05.05 01:04:02.083,1.79855,1.79915,2.00,1.00
2010.05.05 01:04:02.418,1.7986,1.79915,1.30,1.00
2010.05.05 01:04:02.759,1.79855,1.79925,2.00,1.00
2010.05.05 01:04:03.100,1.79865,1.79925,1.00,3.20
2010.05.05 01:04:03.399,1.79865,1.79925,1.00,1.00
2010.05.05 01:04:04.110,1.79855,1.79915,2.00,1.00
2010.05.05 01:04:04.519,1.7987,1.7993,1.00,3.20
2010.05.05 01:04:04.719,1.7987,1.79935,1.00,1.00
2010.05.05 01:04:04.920,1.7987,1.79925,1.30,1.00
2010.05.05 01:04:05.470,1.79865,1.79915,1.00,1.00
2010.05.05 01:04:05.810,1.79855,1.79915,2.00,1.00
2010.05.05 01:04:06.150,1.79865,1.79915,1.00,1.00
2010.05.05 01:04:06.753,1.79865,1.79925,1.00,1.00
2010.05.05 01:04:08.810,1.79865,1.79915,1.00,1.00
2010.05.05 01:04:09.122,1.79855,1.79915,2.00,1.00
2010.05.05 01:04:11.374,1.79855,1.7993,2.00,3.80
2010.05.05 01:04:11.461,1.7987,1.7993,1.00,3.20
2010.05.05 01:04:11.621,1.7987,1.7993,2.00,3.20
2010.05.05 01:04:12.191,1.7987,1.79935,2.00,1.00
2010.05.05 01:04:13.840,1.7987,1.79945,2.00,5.30
2010.05.05 01:04:14.171,1.7987,1.79945,2.00,2.30
2010.05.05 01:04:14.360,1.7988,1.79945,1.00,1.60
2010.05.05 01:04:14.549,1.7988,1.79955,1.00,4.40
2010.05.05 01:04:15.030,1.7988,1.79945,1.00,1.00
2010.05.05 01:04:15.371,1.7987,1.79935,2.00,1.00
2010.05.05 01:04:15.710,1.7988,1.79945,1.00,1.00
2010.05.05 01:04:16.324,1.799,1.79945,1.00,3.20
2010.05.05 01:04:16.592,1.79905,1.79955,1.00,1.00
2010.05.05 01:04:17.128,1.7988,1.79955,1.00,3.80
2010.05.05 01:04:17.402,1.7988,1.79955,2.00,3.80
2010.05.05 01:04:17.741,1.799,1.7995,1.30,3.80
2010.05.05 01:04:18.143,1.799,1.79965,1.30,3.30
2010.05.05 01:04:18.483,1.79895,1.7997,1.00,3.80
2010.05.05 01:04:18.821,1.79885,1.7995,1.30,1.00
2010.05.05 01:04:19.300,1.7988,1.79955,2.00,4.00
2010.05.05 01:04:19.641,1.7988,1.79955,1.00,4.00
2010.05.05 01:04:19.981,1.79895,1.79955,1.00,3.20
2010.05.05 01:04:20.551,1.7988,1.79945,2.00,1.00
2010.05.05 01:04:20.845,1.79875,1.79935,1.30,1.00
2010.05.05 01:04:21.133,1.7987,1.79935,1.00,1.00
2010.05.05 01:04:21.423,1.7986,1.79925,2.00,1.00
2010.05.05 01:04:22.064,1.7985,1.7992,1.00,1.60
2010.05.05 01:04:22.404,1.79875,1.79935,1.00,1.00
2010.05.05 01:04:22.742,1.79875,1.79925,1.00,1.00
2010.05.05 01:04:23.081,1.7986,1.79935,1.30,3.20
2010.05.05 01:04:23.423,1.79875,1.79945,1.00,1.70
2010.05.05 01:04:23.762,1.7987,1.79935,1.30,1.00
2010.05.05 01:04:24.002,1.7986,1.79935,2.00,4.00
2010.05.05 01:04:25.160,1.7986,1.79925,2.00,1.00
2010.05.05 01:04:29.026,1.7986,1.79925,1.30,1.00
2010.05.05 01:04:29.522,1.79845,1.79915,1.30,1.00
2010.05.05 01:04:30.693,1.7986,1.79925,2.00,1.00
2010.05.05 01:04:31.034,1.79845,1.7991,1.30,1.00
2010.05.05 01:04:31.182,1.79835,1.7991,2.00,3.80
2010.05.05 01:04:31.333,1.79845,1.7991,1.30,1.00
2010.05.05 01:04:31.480,1.79845,1.79905,1.30,1.00
2010.05.05 01:04:31.631,1.79825,1.79885,1.60,1.60
2010.05.05 01:04:32.071,1.79855,1.79885,1.00,1.60
2010.05.05 01:04:32.377,1.79835,1.7991,2.00,3.80
2010.05.05 01:04:32.683,1.79835,1.79905,2.00,1.00
2010.05.05 01:04:32.981,1.79835,1.7991,2.00,3.80
2010.05.05 01:04:33.522,1.79845,1.79915,1.30,1.00
2010.05.05 01:04:36.229,1.79845,1.7992,1.30,1.60
2010.05.05 01:04:36.429,1.7985,1.79925,1.30,1.00
2010.05.05 01:04:38.410,1.7985,1.7993,1.30,3.20
2010.05.05 01:04:39.499,1.7985,1.79925,1.30,1.00
2010.05.05 01:04:39.619,1.79845,1.79925,1.30,1.00
2010.05.05 01:04:40.134,1.79845,1.7992,1.30,1.60
2010.05.05 01:04:40.482,1.7985,1.7992,1.30,1.60
2010.05.05 01:04:40.823,1.7985,1.79925,2.00,1.00
2010.05.05 01:04:41.161,1.7985,1.7992,2.00,1.60
2010.05.05 01:04:42.539,1.7985,1.79915,2.00,1.00
2010.05.05 01:04:43.053,1.79835,1.7991,2.00,3.80
2010.05.05 01:04:43.271,1.79835,1.79905,2.00,1.00
2010.05.05 01:04:44.019,1.79835,1.79905,2.00,1.00
2010.05.05 01:04:44.580,1.79835,1.79905,1.00,1.50
2010.05.05 01:04:44.816,1.79815,1.7989,1.00,2.00
2010.05.05 01:04:45.343,1.79815,1.7989,2.00,3.80
2010.05.05 01:04:45.651,1.7983,1.7989,1.00,3.20
2010.05.05 01:04:45.961,1.7983,1.79905,1.00,3.80
2010.05.05 01:04:46.343,1.7984,1.79905,2.00,3.20
2010.05.05 01:04:46.681,1.7983,1.79905,1.00,3.90
2010.05.05 01:04:48.005,1.7983,1.79905,1.00,4.00
2010.05.05 01:04:56.789,1.79835,1.79905,1.00,3.30
2010.05.05 01:04:56.911,1.79835,1.79905,2.00,1.00
2010.05.05 01:04:57.351,1.79835,1.79905,1.00,1.00
2010.05.05 01:04:57.485,1.7983,1.79905,1.00,4.00
2010.05.05 01:04:59.829,1.79825,1.7989,1.30,1.00
2010.05.05 01:04:59.999,1.79815,1.7989,2.00,2.20
2010.05.05 01:05:00.597,1.7983,1.79905,1.00,5.30
2010.05.05 01:05:00.941,1.7982,1.79895,1.00,1.00
2010.05.05 01:05:01.282,1.7983,1.79905,2.00,3.90
2010.05.05 01:05:01.482,1.7982,1.79895,5.20,1.00
2010.05.05 01:05:01.682,1.79835,1.79905,1.00,4.60
2010.05.05 01:05:02.145,1.7982,1.79895,2.00,1.00
2010.05.05 01:05:03.011,1.7982,1.79895,2.00,1.00
2010.05.05 01:05:03.600,1.7981,1.79885,2.00,1.00
2010.05.05 01:05:04.993,1.7981,1.79885,2.00,1.00
2010.05.05 01:05:11.070,1.7981,1.79885,1.00,1.00
2010.05.05 01:05:16.081,1.79805,1.7988,1.30,3.80
2010.05.05 01:05:16.238,1.7979,1.7988,1.30,5.20
2010.05.05 01:05:16.400,1.7981,1.79875,1.00,1.00
2010.05.05 01:05:17.562,1.7981,1.79885,1.00,1.00
2010.05.05 01:05:17.979,1.7981,1.79885,1.00,1.00
2010.05.05 01:05:18.509,1.7981,1.79885,1.00,1.00
2010.05.05 01:05:18.659,1.7982,1.7989,1.00,1.30
2010.05.05 01:05:18.818,1.7982,1.79895,1.00,1.00
2010.05.05 01:05:26.062,1.79835,1.79905,1.00,1.00
2010.05.05 01:05:27.071,1.79845,1.79925,1.30,1.00
2010.05.05 01:05:27.241,1.79855,1.79915,1.00,1.00
2010.05.05 01:05:29.100,1.79855,1.79925,1.00,1.00
2010.05.05 01:05:30.256,1.79865,1.79935,2.00,1.00
2010.05.05 01:05:33.620,1.79865,1.7993,1.30,1.00
2010.05.05 01:05:33.710,1.79855,1.7993,1.00,1.00
2010.05.05 01:05:34.965,1.79855,1.79925,1.00,1.00
2010.05.05 01:05:36.469,1.7985,1.79905,1.30,1.00
2010.05.05 01:05:36.613,1.7984,1.79905,1.00,1.00
2010.05.05 01:05:37.060,1.7985,1.79915,2.00,1.00
2010.05.05 01:05:37.211,1.7985,1.79925,2.00,1.00
2010.05.05 01:05:47.870,1.7985,1.79915,2.00,1.00
2010.05.05 01:05:48.132,1.79845,1.79915,1.00,1.00
2010.05.05 01:05:50.041,1.79845,1.79905,1.00,1.00
2010.05.05 01:05:50.242,1.79845,1.79905,1.00,1.00
2010.05.05 01:05:50.531,1.79835,1.79905,1.00,1.00
2010.05.05 01:05:50.820,1.7983,1.79905,1.00,1.00
2010.05.05 01:05:54.410,1.7984,1.79905,1.30,1.00
2010.05.05 01:05:54.610,1.7984,1.79905,2.00,1.00
2010.05.05 01:05:54.953,1.79835,1.79905,1.00,1.00
2010.05.05 01:06:01.290,1.7983,1.79895,1.00,1.00
2010.05.05 01:06:04.025,1.7982,1.79895,2.00,1.00
2010.05.05 01:06:04.191,1.7982,1.79895,1.00,3.70
2010.05.05 01:06:04.511,1.79815,1.7989,1.00,1.00
2010.05.05 01:06:04.831,1.79815,1.79885,1.00,1.00
2010.05.05 01:06:05.152,1.79805,1.79875,1.00,1.00
2010.05.05 01:06:05.472,1.79815,1.79885,1.00,1.00
2010.05.05 01:06:06.895,1.7982,1.79895,2.00,2.40
2010.05.05 01:06:07.064,1.79815,1.79875,1.00,1.00
2010.05.05 01:06:07.223,1.7983,1.79895,1.00,3.10
2010.05.05 01:06:07.382,1.7983,1.79895,1.00,1.00
2010.05.05 01:06:08.900,1.7982,1.79895,1.00,1.00
2010.05.05 01:06:09.101,1.7983,1.79885,1.00,1.00
2010.05.05 01:06:09.299,1.79815,1.79885,1.00,1.00
2010.05.05 01:06:09.905,1.79815,1.79875,1.00,1.00
2010.05.05 01:06:10.243,1.79815,1.79885,1.00,1.00
2010.05.05 01:06:10.582,1.79815,1.79885,1.00,1.00
2010.05.05 01:06:10.871,1.79825,1.79895,2.00,1.00
2010.05.05 01:06:13.027,1.79835,1.79905,1.00,1.50
2010.05.05 01:06:13.251,1.79835,1.79905,1.00,1.00
2010.05.05 01:06:14.882,1.79835,1.7991,1.00,2.00
2010.05.05 01:06:15.099,1.79835,1.79905,1.00,1.00
2010.05.05 01:06:16.662,1.79835,1.7991,1.00,2.00
2010.05.05 01:06:16.890,1.7984,1.7991,1.00,1.00
2010.05.05 01:06:17.122,1.7984,1.79915,1.00,1.00
2010.05.05 01:06:17.824,1.7983,1.79905,2.20,2.00
2010.05.05 01:06:18.044,1.7983,1.79905,1.00,2.10
2010.05.05 01:06:18.282,1.79835,1.79905,1.30,1.00
2010.05.05 01:06:18.521,1.7984,1.79895,1.00,2.90
2010.05.05 01:06:18.759,1.7983,1.79895,1.00,1.60
2010.05.05 01:06:19.000,1.7984,1.79905,1.00,1.00
2010.05.05 01:06:20.334,1.7983,1.79895,1.00,1.50
2010.05.05 01:06:20.840,1.79825,1.79895,1.30,1.00
2010.05.05 01:06:21.175,1.79815,1.7989,2.20,1.00
2010.05.05 01:06:21.504,1.79815,1.7989,1.00,1.00
2010.05.05 01:06:23.310,1.79815,1.79885,1.00,1.00
2010.05.05 01:06:27.373,1.79815,1.7989,1.00,1.00
2010.05.05 01:06:27.651,1.79815,1.79885,1.00,1.00
2010.05.05 01:06:29.150,1.79815,1.7989,1.00,1.00
2010.05.05 01:06:29.420,1.7983,1.79895,1.00,1.70
2010.05.05 01:06:29.560,1.7983,1.79895,1.00,1.00
2010.05.05 01:06:32.563,1.7983,1.79905,1.00,1.00
2010.05.05 01:06:41.360,1.79835,1.79905,1.00,1.00
2010.05.05 01:06:41.510,1.79825,1.799,1.30,1.00
2010.05.05 01:06:41.802,1.7982,1.799,1.00,1.00
2010.05.05 01:06:43.002,1.7982,1.79895,1.00,1.00
2010.05.05 01:06:49.392,1.79825,1.79895,1.30,1.00
2010.05.05 01:06:49.520,1.79825,1.799,1.30,1.00
2010.05.05 01:06:49.784,1.7983,1.79905,1.00,1.00
2010.05.05 01:06:52.943,1.7983,1.79895,1.00,1.00
2010.05.05 01:06:54.030,1.7983,1.79905,1.00,1.00
2010.05.05 01:06:54.430,1.79835,1.79905,1.30,1.00
2010.05.05 01:06:54.711,1.79835,1.79905,2.00,1.00
2010.05.05 01:06:55.000,1.79835,1.79895,2.00,1.00
2010.05.05 01:06:55.587,1.79825,1.79895,1.30,1.00
2010.05.05 01:06:55.935,1.79795,1.79865,2.00,1.00
2010.05.05 01:06:57.359,1.79795,1.7987,2.00,2.00
2010.05.05 01:06:57.680,1.79805,1.7988,2.00,1.00
2010.05.05 01:06:59.451,1.79805,1.79875,2.00,1.00
2010.05.05 01:07:01.200,1.79815,1.79885,1.00,1.40
2010.05.05 01:07:01.532,1.79815,1.79885,1.00,1.00
2010.05.05 01:07:03.302,1.7982,1.79895,1.00,3.10
2010.05.05 01:07:03.776,1.7984,1.799,1.00,1.60
2010.05.05 01:07:03.946,1.79835,1.7991,2.00,2.20
2010.05.05 01:07:04.505,1.79845,1.79915,1.00,1.30
2010.05.05 01:07:04.793,1.7985,1.79925,2.00,1.00
2010.05.05 01:07:05.080,1.7985,1.79915,2.00,1.00
2010.05.05 01:07:05.765,1.7983,1.79895,1.00,1.00
2010.05.05 01:07:06.110,1.7983,1.79905,1.00,1.00
2010.05.05 01:07:07.021,1.7983,1.79895,1.00,1.00
2010.05.05 01:07:08.979,1.7983,1.79905,1.00,2.10
2010.05.05 01:07:09.159,1.7983,1.79895,1.00,1.00
2010.05.05 01:07:09.950,1.7984,1.79905,1.00,1.30
2010.05.05 01:07:10.120,1.7984,1.79915,1.00,1.00
2010.05.05 01:07:10.299,1.7984,1.79915,2.00,1.00
2010.05.05 01:07:11.394,1.7984,1.79915,2.00,1.00
2010.05.05 01:07:11.600,1.7984,1.79915,2.00,1.00
2010.05.05 01:07:17.002,1.7985,1.79915,2.00,1.00
2010.05.05 01:07:17.340,1.7985,1.79925,2.00,1.00
2010.05.05 01:07:17.993,1.7987,1.79945,1.00,1.00
2010.05.05 01:07:18.331,1.7986,1.79935,2.00,1.00
2010.05.05 01:07:18.858,1.7987,1.79935,1.00,1.00
2010.05.05 01:07:19.204,1.7987,1.79945,1.00,1.00
2010.05.05 01:07:22.100,1.7987,1.79945,1.00,1.00
2010.05.05 01:07:22.190,1.79875,1.79945,1.30,1.00
2010.05.05 01:07:22.584,1.79875,1.79945,2.00,1.00
2010.05.05 01:07:22.760,1.79875,1.79935,2.00,1.00
2010.05.05 01:07:22.851,1.79875,1.79945,1.00,1.50
2010.05.05 01:07:23.198,1.7986,1.79935,3.60,1.00
2010.05.05 01:07:23.542,1.7988,1.79945,1.00,1.50
2010.05.05 01:07:23.882,1.7987,1.79945,2.00,1.00
2010.05.05 01:07:24.222,1.7988,1.79955,1.00,2.00
2010.05.05 01:07:24.559,1.7988,1.79955,1.00,1.00
2010.05.05 01:07:25.239,1.7988,1.79945,1.00,1.00
2010.05.05 01:07:25.851,1.79875,1.79945,1.30,1.00
2010.05.05 01:07:26.193,1.7987,1.79945,2.00,1.00
2010.05.05 01:07:27.164,1.7988,1.79945,1.00,1.00
2010.05.05 01:07:27.466,1.7986,1.79935,1.00,3.60
2010.05.05 01:07:27.697,1.7987,1.79945,1.00,3.80
2010.05.05 01:07:28.187,1.7987,1.79945,1.00,1.00
2010.05.05 01:07:28.414,1.7987,1.79935,1.00,2.90
2010.05.05 01:07:28.642,1.7986,1.7993,1.30,2.20
2010.05.05 01:07:28.983,1.7987,1.7994,1.30,1.00
2010.05.05 01:07:29.321,1.79865,1.7994,2.00,1.00
2010.05.05 01:07:29.662,1.7986,1.79935,2.00,1.00
2010.05.05 01:07:30.401,1.7986,1.7993,2.00,1.60
2010.05.05 01:07:30.753,1.7985,1.79915,2.00,1.00
2010.05.05 01:07:31.071,1.79855,1.79915,1.00,1.00
2010.05.05 01:07:31.407,1.79855,1.79925,1.00,1.00
2010.05.05 01:07:31.715,1.79865,1.7991,1.30,1.00
2010.05.05 01:07:32.336,1.79835,1.7991,2.00,1.00
2010.05.05 01:07:34.040,1.79835,1.79905,2.00,1.00
2010.05.05 01:07:35.545,1.7983,1.79895,1.00,1.00
2010.05.05 01:07:37.189,1.7983,1.79905,1.00,2.20
2010.05.05 01:07:37.373,1.7984,1.79915,2.00,1.00
2010.05.05 01:07:38.370,1.7984,1.79905,2.00,1.00
2010.05.05 01:07:38.712,1.7984,1.79905,1.30,1.00
2010.05.05 01:07:39.343,1.7984,1.79905,1.00,1.00
2010.05.05 01:07:39.681,1.7984,1.79895,2.00,1.00
2010.05.05 01:07:40.022,1.79815,1.7989,2.00,1.00
2010.05.05 01:07:40.362,1.79805,1.7988,2.00,1.00
2010.05.05 01:07:40.702,1.79815,1.7989,2.00,1.00
2010.05.05 01:07:41.043,1.79805,1.7988,2.00,1.00
2010.05.05 01:07:42.929,1.79805,1.79875,2.00,1.00
2010.05.05 01:07:43.329,1.79805,1.7988,2.00,1.00
2010.05.05 01:07:43.902,1.79805,1.79875,2.00,1.00
2010.05.05 01:07:44.100,1.79805,1.7988,2.00,1.00
2010.05.05 01:07:44.910,1.79805,1.79875,2.00,1.00
2010.05.05 01:07:45.121,1.79805,1.7988,2.00,1.00
2010.05.05 01:07:45.542,1.79815,1.7988,1.30,1.00
2010.05.05 01:07:46.100,1.79825,1.79895,1.00,3.20
2010.05.05 01:07:46.388,1.79825,1.799,2.00,1.00
2010.05.05 01:07:46.673,1.7982,1.79895,2.00,1.00
2010.05.05 01:07:48.160,1.7982,1.79895,2.00,1.00
2010.05.05 01:07:48.630,1.7983,1.79905,2.00,1.00
2010.05.05 01:07:49.364,1.79845,1.79915,2.00,1.00
2010.05.05 01:07:49.560,1.79845,1.7992,2.00,1.00
2010.05.05 01:07:49.760,1.79835,1.79925,1.30,3.20
2010.05.05 01:07:49.960,1.79855,1.7993,1.30,1.00
2010.05.05 01:07:50.300,1.7984,1.79915,1.30,2.20
2010.05.05 01:07:52.309,1.7984,1.79915,1.30,2.40
2010.05.05 01:07:52.479,1.7984,1.79915,1.30,2.20
2010.05.05 01:07:52.650,1.7984,1.79915,1.30,1.00
2010.05.05 01:07:52.819,1.7985,1.7993,1.30,4.50
2010.05.05 01:07:59.029,1.7985,1.79925,1.30,1.00
2010.05.05 01:07:59.471,1.7984,1.79925,1.30,2.00
2010.05.05 01:07:59.583,1.7985,1.7993,1.30,4.50
2010.05.05 01:07:59.901,1.7985,1.79915,1.30,1.70
2010.05.05 01:08:00.240,1.79835,1.79915,1.30,4.70
2010.05.05 01:08:01.410,1.7984,1.79915,1.30,3.20
2010.05.05 01:08:01.600,1.7984,1.7992,1.30,1.60
2010.05.05 01:08:01.979,1.7984,1.79915,1.30,1.00
2010.05.05 01:08:02.170,1.79835,1.79915,1.30,4.70
2010.05.05 01:08:03.120,1.79835,1.79915,1.30,5.30
2010.05.05 01:08:04.131,1.79835,1.79915,1.30,5.20
2010.05.05 01:08:04.511,1.7984,1.79915,1.30,3.20
2010.05.05 01:08:04.797,1.7984,1.7992,2.00,1.60
2010.05.05 01:08:05.082,1.7984,1.7992,1.30,1.60
2010.05.05 01:08:06.592,1.7984,1.79915,1.30,1.00
2010.05.05 01:08:06.932,1.79835,1.79915,1.30,5.30
2010.05.05 01:08:11.070,1.79835,1.79915,1.30,5.20
2010.05.05 01:08:11.279,1.79835,1.79915,1.30,5.30
2010.05.05 01:08:11.811,1.79825,1.7991,1.30,5.20
2010.05.05 01:08:15.854,1.7982,1.799,1.30,2.90
2010.05.05 01:08:16.094,1.79825,1.799,1.30,1.60
2010.05.05 01:08:16.603,1.79825,1.7991,1.30,5.20
2010.05.05 01:08:17.180,1.79825,1.7991,1.30,2.00
2010.05.05 01:08:21.069,1.79825,1.7991,1.30,5.20
2010.05.05 01:08:21.359,1.79825,1.7991,1.30,2.00
2010.05.05 01:08:23.129,1.79825,1.7991,1.30,5.20
2010.05.05 01:08:30.496,1.79825,1.79905,1.30,1.00
2010.05.05 01:08:30.719,1.7982,1.799,1.30,1.30
2010.05.05 01:08:30.940,1.7982,1.799,1.30,2.90
2010.05.05 01:08:32.481,1.79825,1.7991,1.30,5.20
2010.05.05 01:08:33.791,1.7982,1.799,1.30,2.90
2010.05.05 01:08:34.510,1.79805,1.79885,1.30,2.90
2010.05.05 01:08:34.765,1.79825,1.799,1.00,1.00
2010.05.05 01:08:35.111,1.79835,1.79905,2.00,1.60
2010.05.05 01:08:35.726,1.7985,1.79925,1.00,1.00
2010.05.05 01:08:36.410,1.7985,1.79925,1.00,1.00
2010.05.05 01:08:36.750,1.7986,1.79945,1.30,5.30
2010.05.05 01:08:37.091,1.7985,1.79925,1.00,1.00
2010.05.05 01:08:37.811,1.7985,1.79925,2.00,1.00
2010.05.05 01:08:38.114,1.79855,1.7993,2.00,1.00
2010.05.05 01:08:38.438,1.79865,1.7994,1.00,5.20
2010.05.05 01:08:38.746,1.79865,1.7994,1.00,1.00
2010.05.05 01:08:39.390,1.79865,1.7994,1.00,1.00
2010.05.05 01:08:39.730,1.79865,1.7994,1.00,1.00
2010.05.05 01:08:41.091,1.7988,1.79945,1.00,1.60
2010.05.05 01:08:41.209,1.7988,1.79955,1.00,4.00
2010.05.05 01:08:41.451,1.7988,1.79955,1.00,1.00
2010.05.05 01:08:42.860,1.7987,1.79945,2.00,1.00
2010.05.05 01:08:43.174,1.7987,1.79945,2.00,2.40
2010.05.05 01:08:43.464,1.79865,1.7994,1.00,1.00
2010.05.05 01:08:43.753,1.7987,1.79945,1.00,2.90
2010.05.05 01:08:44.323,1.79865,1.7994,1.00,1.00
2010.05.05 01:08:44.662,1.79885,1.79945,2.00,1.60
2010.05.05 01:08:45.000,1.79885,1.7996,2.00,1.00
2010.05.05 01:08:45.680,1.79885,1.79955,2.00,1.00
2010.05.05 01:08:46.021,1.7988,1.79955,1.00,1.00
2010.05.05 01:08:47.513,1.7987,1.79945,2.00,1.00
2010.05.05 01:08:48.519,1.7988,1.79955,2.00,4.00
2010.05.05 01:08:49.711,1.7988,1.79945,2.00,1.00
2010.05.05 01:08:49.851,1.79875,1.79945,1.00,1.00
2010.05.05 01:08:49.990,1.79875,1.79945,1.00,1.70
2010.05.05 01:08:59.289,1.79875,1.79935,1.00,1.00
2010.05.05 01:08:59.460,1.7987,1.7994,1.30,3.80
2010.05.05 01:08:59.639,1.79865,1.79935,2.00,1.00
2010.05.05 01:09:01.430,1.7986,1.7993,1.00,1.60
2010.05.05 01:09:01.764,1.79865,1.7993,2.00,1.60
2010.05.05 01:09:01.932,1.7986,1.7993,1.00,1.60
2010.05.05 01:09:04.203,1.79855,1.79925,2.00,3.20
2010.05.05 01:09:04.391,1.79855,1.79925,1.00,3.20
2010.05.05 01:09:04.730,1.79855,1.79925,1.00,3.30
2010.05.05 01:09:05.585,1.79855,1.79925,1.00,3.20
2010.05.05 01:09:05.770,1.79855,1.79925,1.00,3.30
2010.05.05 01:09:06.830,1.7985,1.79915,1.30,1.00
2010.05.05 01:09:07.050,1.7984,1.79915,2.00,2.10
2010.05.05 01:09:07.493,1.79845,1.79915,1.30,1.00
2010.05.05 01:09:07.604,1.79845,1.7991,1.30,1.60
2010.05.05 01:09:07.710,1.79845,1.7991,2.00,1.60
2010.05.05 01:09:08.055,1.79855,1.7993,1.30,3.20
2010.05.05 01:09:14.230,1.79865,1.7993,1.30,3.20
2010.05.05 01:09:14.472,1.79865,1.79935,1.30,1.60
2010.05.05 01:09:15.350,1.7987,1.7994,1.60,2.90
2010.05.05 01:09:15.875,1.7989,1.7996,1.30,2.80
2010.05.05 01:09:16.210,1.79875,1.7995,2.00,3.80
2010.05.05 01:09:16.891,1.79865,1.79935,1.30,1.60
2010.05.05 01:09:17.070,1.79875,1.79945,2.00,1.00
2010.05.05 01:09:18.290,1.7987,1.79945,2.00,5.30
2010.05.05 01:09:18.660,1.7988,1.79945,1.00,4.70
2010.05.05 01:09:18.873,1.7989,1.79955,2.00,3.20
2010.05.05 01:09:19.080,1.7989,1.7996,2.00,1.60
2010.05.05 01:09:23.559,1.799,1.7997,2.00,1.00
2010.05.05 01:09:26.689,1.799,1.79975,2.00,4.00
2010.05.05 01:09:28.151,1.799,1.79965,2.00,1.00
2010.05.05 01:09:28.387,1.79895,1.7997,1.00,3.80
2010.05.05 01:09:28.609,1.79895,1.79965,1.00,1.00
2010.05.05 01:09:29.475,1.79895,1.7997,1.00,3.80
2010.05.05 01:09:33.721,1.79895,1.79965,1.00,1.00
2010.05.05 01:09:33.849,1.79895,1.79965,1.00,1.00
2010.05.05 01:09:35.611,1.79895,1.79965,1.00,1.60
2010.05.05 01:09:35.939,1.79895,1.79965,1.00,1.00
2010.05.05 01:09:41.746,1.7988,1.79955,2.00,1.00
2010.05.05 01:09:42.041,1.7988,1.79955,1.00,1.00
2010.05.05 01:09:42.067,1.7988,1.79955,1.00,4.00
2010.05.05 01:09:42.309,1.7988,1.79955,1.00,3.70
2010.05.05 01:09:42.643,1.7987,1.79945,1.00,1.60
2010.05.05 01:09:42.986,1.7988,1.79955,1.00,4.00
2010.05.05 01:09:43.890,1.7988,1.79955,1.00,3.80
2010.05.05 01:09:44.502,1.7988,1.79955,1.00,4.00
2010.05.05 01:09:46.731,1.7989,1.79955,1.00,3.20
2010.05.05 01:09:46.990,1.7989,1.79955,1.00,3.20
2010.05.05 01:09:47.310,1.7989,1.79955,1.00,1.00
2010.05.05 01:09:47.632,1.79865,1.7994,2.00,1.00
2010.05.05 01:09:47.951,1.79865,1.79935,2.00,1.00
2010.05.05 01:09:48.273,1.79875,1.7994,1.30,4.20
2010.05.05 01:09:48.567,1.7988,1.79955,1.00,4.80
2010.05.05 01:09:49.400,1.7988,1.79945,1.00,1.00
2010.05.05 01:09:49.798,1.7988,1.79955,1.00,4.80
2010.05.05 01:09:50.060,1.79885,1.79955,1.00,4.50
2010.05.05 01:09:50.320,1.79885,1.79955,2.00,3.70
2010.05.05 01:09:50.894,1.79885,1.79955,2.00,2.10
2010.05.05 01:09:51.199,1.79885,1.79955,2.00,1.00
2010.05.05 01:09:52.899,1.79885,1.79955,1.30,1.00
2010.05.05 01:09:53.420,1.7988,1.79955,1.00,4.00
2010.05.05 01:09:55.901,1.7988,1.79945,1.00,1.50
2010.05.05 01:09:56.066,1.79865,1.7994,2.00,3.80
2010.05.05 01:09:56.989,1.79865,1.79935,2.00,1.00
2010.05.05 01:09:59.911,1.79865,1.7994,2.00,3.80
2010.05.05 01:10:00.132,1.79875,1.79945,1.00,1.70
2010.05.05 01:10:02.720,1.79875,1.79935,1.00,1.00
2010.05.05 01:10:02.841,1.79875,1.79945,1.00,1.70
2010.05.05 01:10:02.899,1.7987,1.7994,1.30,1.00
2010.05.05 01:10:02.960,1.7987,1.79935,1.30,1.00
2010.05.05 01:10:03.020,1.79865,1.79935,2.00,1.00
2010.05.05 01:10:03.338,1.79865,1.7994,2.00,3.80
2010.05.05 01:10:03.589,1.79865,1.79935,2.00,1.00
2010.05.05 01:10:03.871,1.79865,1.7994,2.00,3.80
2010.05.05 01:10:04.129,1.79865,1.79935,2.00,1.00
2010.05.05 01:10:05.029,1.79865,1.7994,2.00,3.80
2010.05.05 01:10:05.221,1.79865,1.79935,2.00,1.00
2010.05.05 01:10:05.404,1.79865,1.7994,2.00,3.80
2010.05.05 01:10:05.629,1.79865,1.79935,2.00,1.00
2010.05.05 01:10:08.382,1.79865,1.7994,2.00,3.80
2010.05.05 01:10:08.652,1.79865,1.79935,2.00,1.00
2010.05.05 01:10:13.188,1.79865,1.7994,2.00,3.80
2010.05.05 01:10:13.322,1.79895,1.7996,1.00,1.60
2010.05.05 01:10:13.552,1.79905,1.7996,1.30,1.60
2010.05.05 01:10:13.782,1.799,1.79975,2.00,1.60
2010.05.05 01:10:14.124,1.799,1.79975,1.00,1.60
2010.05.05 01:10:14.363,1.7988,1.79955,1.00,3.80
2010.05.05 01:10:14.703,1.7988,1.79945,1.00,1.60
2010.05.05 01:10:15.040,1.7987,1.7994,1.00,1.60
2010.05.05 01:10:16.753,1.7987,1.79935,1.00,1.00
2010.05.05 01:10:16.860,1.7987,1.79935,1.00,1.00
2010.05.05 01:10:17.466,1.79855,1.79925,2.00,1.00
2010.05.05 01:10:17.791,1.79855,1.79925,1.00,1.00
2010.05.05 01:10:21.420,1.7986,1.79925,2.00,1.00
2010.05.05 01:10:21.600,1.7986,1.79925,1.00,1.00
2010.05.05 01:10:21.791,1.79855,1.79925,1.00,1.00
2010.05.05 01:10:22.233,1.79855,1.7993,1.00,3.80
2010.05.05 01:10:22.770,1.7986,1.79935,1.00,3.30
2010.05.05 01:10:22.913,1.7986,1.79935,1.00,3.20
2010.05.05 01:10:23.253,1.7986,1.79935,1.00,3.30
2010.05.05 01:10:24.921,1.7987,1.79935,1.00,1.60
2010.05.05 01:10:25.102,1.79865,1.79935,1.30,1.00
2010.05.05 01:10:25.330,1.7986,1.79935,1.00,3.30
2010.05.05 01:10:26.001,1.7986,1.79925,1.00,1.00
2010.05.05 01:10:26.689,1.79855,1.79925,1.00,1.00
2010.05.05 01:10:28.145,1.7986,1.79925,1.00,1.00
2010.05.05 01:10:28.383,1.79855,1.79925,1.00,1.00
2010.05.05 01:10:28.851,1.79855,1.79925,1.00,1.00
2010.05.05 01:10:29.093,1.79855,1.79915,1.00,1.00
2010.05.05 01:10:29.631,1.79855,1.79925,1.00,1.00
2010.05.05 01:10:29.889,1.79855,1.79925,1.00,1.00
2010.05.05 01:10:31.113,1.79855,1.79925,1.00,1.50
2010.05.05 01:10:31.455,1.79845,1.7992,1.00,1.00
2010.05.05 01:10:34.275,1.79845,1.79915,1.00,1.00
2010.05.05 01:10:36.481,1.7985,1.79915,2.00,1.00
2010.05.05 01:10:36.913,1.7985,1.79925,2.00,1.00
2010.05.05 01:10:37.061,1.7985,1.79925,1.00,2.10
2010.05.05 01:10:37.210,1.79845,1.7992,1.00,1.00
2010.05.05 01:10:37.361,1.7985,1.79925,1.00,2.10
2010.05.05 01:10:37.845,1.7985,1.79925,2.00,1.00
2010.05.05 01:10:38.182,1.79845,1.79915,1.00,1.00
2010.05.05 01:10:38.861,1.7985,1.79925,2.00,1.00
2010.05.05 01:10:39.060,1.7985,1.79915,2.00,1.00
2010.05.05 01:10:39.520,1.79845,1.79915,1.00,1.00
2010.05.05 01:10:42.141,1.7985,1.79925,1.00,2.10
2010.05.05 01:10:42.598,1.7985,1.79915,1.00,1.00
2010.05.05 01:10:42.639,1.79845,1.79915,1.00,1.00
2010.05.05 01:10:44.543,1.79845,1.7992,1.00,1.00
2010.05.05 01:10:44.719,1.7985,1.79925,1.00,2.10
2010.05.05 01:10:44.809,1.7985,1.79925,2.00,1.00
2010.05.05 01:10:44.900,1.7985,1.79915,2.00,1.00
2010.05.05 01:10:45.001,1.7985,1.79925,2.00,1.00
2010.05.05 01:10:47.373,1.7985,1.79915,2.00,1.00
2010.05.05 01:10:47.471,1.7985,1.79925,2.00,1.00
2010.05.05 01:10:47.522,1.7986,1.7993,1.00,1.30
2010.05.05 01:10:47.620,1.79855,1.7992,1.30,1.00
2010.05.05 01:10:48.044,1.79855,1.79915,1.60,1.00
2010.05.05 01:10:48.130,1.79845,1.79915,3.80,1.00
2010.05.05 01:10:48.247,1.79845,1.7992,3.80,1.00
2010.05.05 01:10:48.380,1.79845,1.7992,5.20,1.00
2010.05.05 01:10:48.672,1.7985,1.79925,1.00,1.00
2010.05.05 01:10:49.961,1.7985,1.7993,1.00,1.00
2010.05.05 01:10:50.210,1.7986,1.79935,1.00,1.00
2010.05.05 01:10:50.859,1.7986,1.79925,1.00,1.00
2010.05.05 01:10:51.144,1.79845,1.79915,1.00,1.00
2010.05.05 01:10:51.680,1.79855,1.79915,1.30,1.00
2010.05.05 01:10:51.903,1.79865,1.7994,2.00,2.20
2010.05.05 01:10:52.395,1.79865,1.79925,1.30,1.00
2010.05.05 01:10:52.626,1.7985,1.79925,1.00,1.00
2010.05.05 01:10:52.849,1.7985,1.7993,1.00,1.00
2010.05.05 01:10:53.189,1.7985,1.79925,1.00,1.00
2010.05.05 01:10:57.098,1.7985,1.7993,1.00,1.00
2010.05.05 01:10:57.171,1.7985,1.79925,1.00,1.00
2010.05.05 01:10:58.430,1.79845,1.79915,5.20,1.00
2010.05.05 01:10:58.931,1.79845,1.79915,1.00,1.00
2010.05.05 01:10:59.221,1.79845,1.7992,1.00,1.00
2010.05.05 01:10:59.441,1.7987,1.7993,1.00,1.30
2010.05.05 01:10:59.662,1.79865,1.79935,1.00,1.00
2010.05.05 01:10:59.882,1.7986,1.79935,1.00,1.00
2010.05.05 01:11:00.182,1.7986,1.79935,1.00,1.00
2010.05.05 01:11:00.402,1.7986,1.79935,1.00,1.00
2010.05.05 01:11:00.740,1.7986,1.79935,1.00,1.00
2010.05.05 01:11:01.082,1.7987,1.79935,1.30,1.00
2010.05.05 01:11:01.623,1.7987,1.79945,2.00,1.00
2010.05.05 01:11:01.913,1.79865,1.79935,1.00,1.00
2010.05.05 01:11:02.204,1.7986,1.79935,3.80,1.00
2010.05.05 01:11:02.755,1.7987,1.7993,1.00,1.30
2010.05.05 01:11:03.022,1.79855,1.79895,1.30,1.00
2010.05.05 01:11:03.290,1.7982,1.79895,1.00,1.00
2010.05.05 01:11:04.181,1.79825,1.79905,1.30,2.10
2010.05.05 01:11:04.522,1.7983,1.79885,1.30,1.60
2010.05.05 01:11:05.073,1.79805,1.799,3.60,5.20
2010.05.05 01:11:05.413,1.7982,1.799,1.30,1.30
2010.05.05 01:11:05.752,1.79805,1.7989,1.30,3.60
2010.05.05 01:11:06.090,1.79805,1.79885,1.30,1.00
2010.05.05 01:11:10.934,1.7979,1.79875,4.50,1.50
2010.05.05 01:11:11.275,1.79785,1.79865,1.30,1.50
2010.05.05 01:11:13.399,1.79775,1.7985,1.60,1.30
2010.05.05 01:11:13.703,1.7979,1.79865,1.30,1.00
2010.05.05 01:11:14.012,1.79775,1.7986,1.30,1.30
2010.05.05 01:11:14.321,1.79795,1.79865,1.00,1.00
2010.05.05 01:11:15.351,1.79785,1.7986,2.00,1.00
2010.05.05 01:11:21.929,1.79785,1.7986,1.00,2.00
2010.05.05 01:11:22.121,1.79785,1.79855,1.30,1.00
2010.05.05 01:11:22.310,1.7978,1.79855,1.00,1.00
2010.05.05 01:11:25.844,1.7979,1.79855,1.00,1.00
2010.05.05 01:11:30.149,1.79795,1.79865,1.30,4.00
2010.05.05 01:11:30.319,1.79795,1.79865,1.30,2.40
2010.05.05 01:11:30.399,1.79795,1.79865,1.30,1.00
2010.05.05 01:11:30.695,1.79795,1.79865,2.00,1.00
2010.05.05 01:11:32.020,1.79805,1.79865,1.00,1.00
2010.05.05 01:11:32.681,1.7979,1.79855,1.00,1.00
2010.05.05 01:11:34.890,1.7979,1.79865,1.00,5.30
2010.05.05 01:11:35.010,1.79795,1.79865,1.00,1.50
2010.05.05 01:11:35.260,1.79795,1.79865,2.00,1.00
2010.05.05 01:11:35.521,1.79805,1.79865,1.00,1.00
2010.05.05 01:11:41.372,1.79805,1.79875,1.00,1.70
2010.05.05 01:11:42.607,1.79785,1.79865,1.30,3.30
2010.05.05 01:11:43.072,1.79805,1.79865,1.00,1.00
2010.05.05 01:11:43.332,1.79785,1.79865,1.30,3.20
2010.05.05 01:11:43.910,1.79785,1.79865,1.30,3.30
2010.05.05 01:11:44.985,1.79785,1.79855,1.30,1.00
2010.05.05 01:11:45.390,1.79785,1.79865,1.30,3.30
2010.05.05 01:11:46.637,1.79795,1.79865,1.30,3.30
2010.05.05 01:11:47.040,1.79795,1.79865,1.30,1.00
2010.05.05 01:11:47.240,1.79795,1.7987,1.30,1.60
2010.05.05 01:11:47.341,1.79795,1.79875,2.00,1.50
2010.05.05 01:11:47.540,1.798,1.79875,1.30,1.00
2010.05.05 01:11:49.999,1.798,1.79865,1.30,1.00
2010.05.05 01:11:50.881,1.7978,1.79855,1.30,1.00
2010.05.05 01:11:51.170,1.7978,1.79855,1.30,1.70
2010.05.05 01:11:56.771,1.79795,1.79855,2.00,1.00
2010.05.05 01:11:57.880,1.79795,1.7987,2.00,5.20
2010.05.05 01:11:58.029,1.79795,1.79865,2.00,1.00
2010.05.05 01:12:03.330,1.79795,1.79855,1.00,1.00
2010.05.05 01:12:03.460,1.7979,1.79865,1.00,3.70
2010.05.05 01:12:03.590,1.7979,1.79845,1.00,1.00
2010.05.05 01:12:03.720,1.79785,1.79845,1.30,1.00
2010.05.05 01:12:04.036,1.7978,1.79845,2.00,1.00
2010.05.05 01:12:04.384,1.7979,1.79855,1.00,1.00
2010.05.05 01:12:06.420,1.79795,1.79855,1.30,1.00
2010.05.05 01:12:06.520,1.79795,1.79865,1.30,2.40
2010.05.05 01:12:06.609,1.79795,1.79865,2.00,1.70
2010.05.05 01:12:06.701,1.79795,1.79865,2.00,1.00
2010.05.05 01:12:09.530,1.79795,1.7987,2.00,5.20
2010.05.05 01:12:09.659,1.7981,1.7987,1.00,2.90
2010.05.05 01:12:09.870,1.7981,1.7988,1.00,1.60
2010.05.05 01:12:10.782,1.7981,1.79875,1.00,1.00
2010.05.05 01:12:12.830,1.7981,1.79865,1.00,1.00
2010.05.05 01:12:12.909,1.7981,1.79875,1.00,1.00
2010.05.05 01:12:12.995,1.79805,1.79875,1.30,1.00
2010.05.05 01:12:13.488,1.798,1.79865,1.00,1.00
2010.05.05 01:12:24.342,1.798,1.79875,1.00,4.00
2010.05.05 01:12:24.479,1.798,1.79875,1.00,3.80
2010.05.05 01:12:24.739,1.79815,1.79875,1.00,3.20
2010.05.05 01:12:25.166,1.79815,1.79885,1.00,1.70
2010.05.05 01:12:26.240,1.7982,1.79885,2.00,1.60
2010.05.05 01:12:26.519,1.7982,1.79895,2.00,1.00
2010.05.05 01:12:27.391,1.79825,1.799,1.00,3.20
2010.05.05 01:12:27.520,1.7983,1.79905,1.30,1.70
2010.05.05 01:12:27.650,1.7983,1.799,1.30,3.20
2010.05.05 01:12:28.712,1.7983,1.79875,1.30,1.60
2010.05.05 01:12:28.912,1.7981,1.79875,1.00,3.20
2010.05.05 01:12:29.113,1.798,1.7987,1.30,4.20
2010.05.05 01:12:29.211,1.79795,1.7987,1.00,5.60
2010.05.05 01:12:30.369,1.79795,1.79865,1.00,1.00
2010.05.05 01:12:31.051,1.79795,1.79855,1.00,1.00
2010.05.05 01:12:33.033,1.7979,1.79855,1.00,1.00
2010.05.05 01:12:34.014,1.7979,1.7986,1.00,1.60
2010.05.05 01:12:34.169,1.79795,1.7986,1.30,1.60
2010.05.05 01:12:34.694,1.798,1.79865,1.00,1.00
2010.05.05 01:12:35.210,1.798,1.79875,1.00,3.90
2010.05.05 01:12:35.460,1.7981,1.79875,1.30,3.80
2010.05.05 01:12:35.711,1.7981,1.79885,1.30,2.10
2010.05.05 01:12:38.212,1.7981,1.79885,1.30,1.70
2010.05.05 01:12:38.510,1.79815,1.79885,1.30,1.70
2010.05.05 01:12:38.690,1.79815,1.79885,1.30,1.00
2010.05.05 01:12:42.230,1.79815,1.7987,1.30,1.00
2010.05.05 01:12:42.270,1.79815,1.7987,1.30,2.20
2010.05.05 01:12:42.309,1.79815,1.7987,1.30,3.80
2010.05.05 01:12:42.350,1.79795,1.7987,1.00,5.20
2010.05.05 01:12:44.042,1.79795,1.79865,1.00,1.00
2010.05.05 01:12:44.200,1.79795,1.79865,1.00,1.90
2010.05.05 01:12:44.350,1.7979,1.7986,1.00,1.60
2010.05.05 01:12:44.500,1.79785,1.79855,1.30,1.00
2010.05.05 01:12:44.923,1.7978,1.79845,2.00,1.00
2010.05.05 01:12:47.763,1.7981,1.79855,1.00,3.20
2010.05.05 01:12:48.000,1.7981,1.79875,1.00,1.00
2010.05.05 01:12:48.119,1.79805,1.79875,2.00,1.00
2010.05.05 01:12:48.439,1.79815,1.79875,1.00,1.00
2010.05.05 01:12:48.784,1.79795,1.79855,1.00,1.00
2010.05.05 01:12:49.122,1.7979,1.7986,1.00,1.60
2010.05.05 01:12:49.643,1.798,1.7986,1.00,1.60
2010.05.05 01:12:49.932,1.7981,1.79885,1.30,1.70
2010.05.05 01:12:50.501,1.7981,1.79875,1.30,1.00
2010.05.05 01:12:50.791,1.7979,1.7986,1.00,1.60
2010.05.05 01:12:53.019,1.7979,1.79855,1.00,1.00
2010.05.05 01:12:56.171,1.7979,1.79855,1.00,1.50
2010.05.05 01:12:56.679,1.7978,1.79855,1.00,2.10
2010.05.05 01:12:59.138,1.79785,1.79855,1.00,1.00
2010.05.05 01:13:00.471,1.7978,1.79845,1.30,1.00
2010.05.05 01:13:00.909,1.7977,1.79835,2.00,1.00
2010.05.05 01:13:01.111,1.79765,1.79825,1.00,1.00
2010.05.05 01:13:01.453,1.79755,1.79825,2.00,1.00
2010.05.05 01:13:04.471,1.79755,1.79815,2.00,1.00
2010.05.05 01:13:04.875,1.79745,1.7982,2.20,2.00
2010.05.05 01:13:04.990,1.79755,1.7982,1.00,1.30
2010.05.05 01:13:05.101,1.7975,1.7982,1.00,1.30
2010.05.05 01:13:05.220,1.79755,1.79825,1.30,2.40
2010.05.05 01:13:05.871,1.7975,1.79825,1.00,1.00
2010.05.05 01:13:06.210,1.7975,1.79825,1.00,1.00
2010.05.05 01:13:06.551,1.79745,1.79815,2.00,1.00
2010.05.05 01:13:07.103,1.7975,1.79815,1.00,1.00
2010.05.05 01:13:07.365,1.7975,1.79825,1.00,2.10
2010.05.05 01:13:07.620,1.7975,1.79825,1.00,3.70
2010.05.05 01:13:09.044,1.79745,1.79815,1.00,1.00
2010.05.05 01:13:09.217,1.7972,1.79795,2.20,1.00
2010.05.05 01:13:09.393,1.7972,1.79795,1.00,1.00
2010.05.05 01:13:12.341,1.7973,1.79805,1.00,2.10
2010.05.05 01:13:13.108,1.7973,1.79795,1.00,1.00
2010.05.05 01:13:13.404,1.7972,1.79785,1.00,1.00
2010.05.05 01:13:13.987,1.7972,1.79795,1.00,1.00
2010.05.05 01:13:14.534,1.79735,1.7978,1.00,1.30
2010.05.05 01:13:15.092,1.79745,1.7981,1.00,1.60
2010.05.05 01:13:15.352,1.79755,1.7982,1.30,1.00
2010.05.05 01:13:15.871,1.7976,1.79835,1.00,1.00
2010.05.05 01:13:16.214,1.7974,1.79825,2.00,1.30
2010.05.05 01:13:16.992,1.7974,1.79825,2.00,1.50
2010.05.05 01:13:17.645,1.7974,1.79825,1.30,2.10
2010.05.05 01:13:17.815,1.79735,1.79815,4.50,1.30
2010.05.05 01:13:17.981,1.79735,1.79815,4.50,1.50
2010.05.05 01:13:18.151,1.7973,1.79805,2.20,2.00
2010.05.05 01:13:18.593,1.7973,1.79805,1.00,2.00
2010.05.05 01:13:19.783,1.7974,1.79815,2.00,1.00
2010.05.05 01:13:20.124,1.79735,1.79805,1.00,1.00
2010.05.05 01:13:21.070,1.79735,1.7981,1.00,1.00
2010.05.05 01:13:21.341,1.7974,1.79815,1.30,1.00
2010.05.05 01:13:21.610,1.79735,1.79805,1.00,1.00
2010.05.05 01:13:22.271,1.79735,1.7981,1.00,1.00
2010.05.05 01:13:24.873,1.79735,1.79805,1.00,1.00
2010.05.05 01:13:24.979,1.79735,1.7981,1.00,2.00
2010.05.05 01:13:25.091,1.79735,1.79805,1.00,1.00
2010.05.05 01:13:25.432,1.7973,1.79805,1.00,1.00
2010.05.05 01:13:26.110,1.7973,1.79805,2.00,1.00
2010.05.05 01:13:27.650,1.79735,1.7981,1.00,3.60
2010.05.05 01:13:27.800,1.79735,1.7981,2.00,2.20
2010.05.05 01:13:28.195,1.79735,1.7981,2.00,1.00
2010.05.05 01:13:28.441,1.79745,1.79815,2.00,1.00
2010.05.05 01:13:29.431,1.79745,1.79815,1.00,1.00
2010.05.05 01:13:36.756,1.79745,1.7982,1.00,1.00
2010.05.05 01:13:37.226,1.79755,1.7982,1.30,1.00
2010.05.05 01:13:37.432,1.79755,1.79835,1.30,3.10
2010.05.05 01:13:39.700,1.79745,1.79825,2.20,1.30
2010.05.05 01:13:39.991,1.79745,1.79825,2.20,2.90
2010.05.05 01:13:40.144,1.79745,1.7982,1.00,1.00
2010.05.05 01:13:42.033,1.79745,1.79815,1.00,1.00
2010.05.05 01:13:42.561,1.7973,1.79805,1.00,1.00
2010.05.05 01:13:44.882,1.7973,1.79795,1.00,1.00
2010.05.05 01:13:45.010,1.7972,1.79795,2.00,1.00
2010.05.05 01:13:51.651,1.7972,1.7979,1.30,1.00
2010.05.05 01:13:52.075,1.79715,1.7979,2.00,1.00
2010.05.05 01:13:53.070,1.79715,1.79785,2.00,1.00
2010.05.05 01:13:53.620,1.79715,1.7979,2.00,1.00
2010.05.05 01:13:53.969,1.79715,1.79785,2.00,1.00
2010.05.05 01:13:54.275,1.79715,1.7979,2.00,1.00
2010.05.05 01:13:54.432,1.79715,1.79785,2.00,1.00
2010.05.05 01:13:55.260,1.79715,1.7978,1.30,1.00
2010.05.05 01:13:55.872,1.797,1.79775,2.00,1.00
2010.05.05 01:13:57.238,1.79705,1.7978,1.00,2.00
2010.05.05 01:13:57.581,1.79705,1.7978,2.00,1.00
2010.05.05 01:13:58.310,1.79705,1.7978,3.60,1.00
2010.05.05 01:13:58.530,1.79705,1.7978,3.60,1.00
2010.05.05 01:13:58.997,1.7972,1.7979,1.00,1.30
2010.05.05 01:13:59.182,1.7972,1.79795,2.00,1.00
2010.05.05 01:14:04.298,1.7972,1.79795,2.00,1.00
2010.05.05 01:14:04.409,1.7973,1.79805,1.00,3.90
2010.05.05 01:14:04.520,1.7973,1.79805,1.00,1.00
2010.05.05 01:14:06.600,1.7973,1.79795,1.00,1.00
2010.05.05 01:14:06.940,1.7972,1.79795,2.00,1.00
2010.05.05 01:14:08.140,1.7972,1.79795,2.00,1.00
2010.05.05 01:14:08.311,1.7973,1.79805,1.00,1.00
2010.05.05 01:14:13.811,1.79725,1.798,1.30,1.00
2010.05.05 01:14:14.144,1.7973,1.79805,1.00,1.00
2010.05.05 01:14:14.470,1.7973,1.79795,1.00,1.00
2010.05.05 01:14:15.462,1.7973,1.79805,1.00,1.00
2010.05.05 01:14:16.382,1.7973,1.79805,1.00,1.00
2010.05.05 01:14:18.281,1.79725,1.79795,1.30,1.00
2010.05.05 01:14:18.362,1.79725,1.79785,1.30,1.00
2010.05.05 01:14:18.440,1.7972,1.79785,1.00,1.00
2010.05.05 01:14:18.520,1.79715,1.79785,2.00,1.00
2010.05.05 01:14:18.871,1.7972,1.79785,1.30,1.00
2010.05.05 01:14:18.961,1.7972,1.79795,1.00,2.00
2010.05.05 01:14:19.301,1.79725,1.79795,1.30,1.00
2010.05.05 01:14:19.640,1.7973,1.79805,1.00,1.00
2010.05.05 01:14:32.030,1.7973,1.79795,1.00,1.00
2010.05.05 01:14:32.170,1.7972,1.79795,2.00,1.00
2010.05.05 01:14:35.581,1.79715,1.79785,2.00,1.00
2010.05.05 01:14:36.161,1.79715,1.7979,2.00,1.00
2010.05.05 01:14:36.574,1.7972,1.79785,1.30,1.00
2010.05.05 01:14:36.912,1.7973,1.79795,1.00,1.60
2010.05.05 01:14:37.250,1.7973,1.79805,1.00,1.00
2010.05.05 01:14:46.180,1.7973,1.79795,1.00,1.00
2010.05.05 01:14:46.741,1.7972,1.79795,2.00,1.00
2010.05.05 01:14:53.383,1.7972,1.7979,1.00,2.90
2010.05.05 01:14:53.833,1.7971,1.79785,1.00,1.00
2010.05.05 01:14:54.831,1.79715,1.79785,1.00,1.00
2010.05.05 01:14:55.121,1.79715,1.79785,2.00,1.00
2010.05.05 01:14:55.978,1.79715,1.7979,2.00,1.00
2010.05.05 01:14:56.191,1.79715,1.79785,1.30,1.00
2010.05.05 01:14:56.411,1.7971,1.79785,1.00,1.00
2010.05.05 01:14:56.976,1.79695,1.79765,1.00,1.00
2010.05.05 01:14:57.791,1.7971,1.79785,1.00,1.00
2010.05.05 01:15:00.565,1.79715,1.7979,2.00,1.00
2010.05.05 01:15:10.551,1.7972,1.79795,1.00,2.10
2010.05.05 01:15:10.672,1.7972,1.79795,2.00,1.00
2010.05.05 01:15:11.581,1.79715,1.7979,2.00,1.00
2010.05.05 01:15:12.260,1.79715,1.79785,1.30,1.00
2010.05.05 01:15:12.760,1.79705,1.79765,1.60,1.00
2010.05.05 01:15:12.996,1.7971,1.7979,1.00,1.00
2010.05.05 01:15:14.165,1.7971,1.79785,1.00,1.00
2010.05.05 01:15:14.501,1.7971,1.7979,1.00,1.00
2010.05.05 01:15:14.703,1.7971,1.7979,3.80,1.00
2010.05.05 01:15:14.900,1.7972,1.79795,2.00,1.00
2010.05.05 01:15:16.771,1.7972,1.79785,1.00,1.00
2010.05.05 01:15:16.940,1.79715,1.79785,2.00,1.00
2010.05.05 01:15:24.461,1.7974,1.798,2.00,1.60
2010.05.05 01:15:24.500,1.7974,1.79805,2.00,1.00
2010.05.05 01:15:24.588,1.7974,1.79805,2.00,1.70
2010.05.05 01:15:24.640,1.7974,1.7979,1.30,1.00
2010.05.05 01:15:24.660,1.79725,1.7979,1.60,1.00
2010.05.05 01:15:24.711,1.79715,1.7979,2.00,1.00
2010.05.05 01:15:24.853,1.7974,1.79795,1.00,2.90
2010.05.05 01:15:25.187,1.7974,1.79805,2.00,1.00
2010.05.05 01:15:25.242,1.79745,1.79805,1.00,1.00
2010.05.05 01:15:25.263,1.7974,1.79795,1.30,1.00
2010.05.05 01:15:25.304,1.79735,1.79795,1.60,1.00
2010.05.05 01:15:25.320,1.79735,1.79795,3.20,1.00
2010.05.05 01:15:26.078,1.7972,1.79795,2.00,1.00
2010.05.05 01:15:28.210,1.79735,1.79795,1.00,1.00
2010.05.05 01:15:28.331,1.79735,1.79805,1.00,3.20
2010.05.05 01:15:28.831,1.79735,1.7981,1.00,1.00
2010.05.05 01:15:29.173,1.79735,1.79805,1.00,1.00
2010.05.05 01:15:30.052,1.7973,1.79805,2.00,1.00
2010.05.05 01:15:30.183,1.7973,1.79805,1.00,1.00
2010.05.05 01:15:33.037,1.79735,1.79805,1.00,1.00
2010.05.05 01:15:33.399,1.79725,1.79795,1.60,1.00
2010.05.05 01:15:33.470,1.7972,1.79795,3.60,1.00
2010.05.05 01:15:33.539,1.7972,1.79795,2.00,1.00
2010.05.05 01:15:34.308,1.7972,1.79795,2.00,1.00
2010.05.05 01:15:48.051,1.7973,1.79795,1.30,1.00
2010.05.05 01:15:48.089,1.7973,1.79805,2.00,4.00
2010.05.05 01:15:48.182,1.7973,1.79805,2.00,2.40
2010.05.05 01:15:48.261,1.7973,1.79805,2.00,1.00
2010.05.05 01:15:49.267,1.7973,1.79805,2.00,1.00
2010.05.05 01:15:49.615,1.7973,1.79805,2.00,1.00
2010.05.05 01:15:50.786,1.7973,1.79805,2.00,1.00
2010.05.05 01:15:50.989,1.7973,1.79805,2.00,1.00
2010.05.05 01:15:51.932,1.7973,1.79805,2.00,1.00
2010.05.05 01:15:52.990,1.7973,1.79805,2.00,1.00
2010.05.05 01:15:53.050,1.7973,1.79805,2.00,1.00
2010.05.05 01:15:53.120,1.7973,1.79805,2.00,1.00
2010.05.05 01:15:54.373,1.7973,1.79805,2.00,1.00
2010.05.05 01:15:54.510,1.7973,1.79805,2.00,1.00
2010.05.05 01:15:54.730,1.7973,1.79805,1.00,2.10
2010.05.05 01:15:55.151,1.79715,1.7979,1.00,2.00
2010.05.05 01:15:55.746,1.797,1.7978,1.30,1.30
2010.05.05 01:15:57.275,1.7972,1.7979,1.60,2.00
2010.05.05 01:15:57.379,1.7973,1.79805,1.00,2.10
2010.05.05 01:15:58.516,1.7973,1.79805,3.80,2.10
2010.05.05 01:15:58.762,1.79735,1.79805,1.00,1.30
2010.05.05 01:15:59.011,1.79735,1.7981,1.00,1.00
2010.05.05 01:16:01.022,1.79735,1.7981,2.00,1.00
2010.05.05 01:16:01.191,1.79745,1.79815,1.00,1.00
2010.05.05 01:16:02.949,1.79755,1.79815,1.00,1.00
2010.05.05 01:16:03.033,1.79755,1.7982,1.00,1.30
2010.05.05 01:16:03.135,1.79755,1.79815,1.00,1.00
2010.05.05 01:16:03.566,1.7975,1.7982,1.30,1.00
2010.05.05 01:16:03.730,1.7975,1.7982,1.00,1.30
2010.05.05 01:16:04.211,1.7975,1.79825,1.00,1.00
2010.05.05 01:16:04.554,1.7975,1.79825,1.00,1.00
2010.05.05 01:16:04.894,1.7975,1.79815,1.00,1.00
2010.05.05 01:16:05.233,1.7975,1.79825,1.00,1.00
2010.05.05 01:16:05.572,1.7975,1.79815,1.00,1.00
2010.05.05 01:16:05.914,1.79745,1.79815,1.00,1.00
2010.05.05 01:16:09.185,1.79745,1.79805,1.00,1.00
2010.05.05 01:16:09.334,1.7975,1.7982,1.00,1.30
2010.05.05 01:16:09.651,1.7975,1.79815,1.00,1.00
2010.05.05 01:16:09.940,1.7974,1.79815,1.00,1.00
2010.05.05 01:16:10.691,1.7975,1.79825,1.00,2.10
2010.05.05 01:16:11.032,1.7975,1.79825,1.00,1.00
2010.05.05 01:16:17.413,1.79745,1.7982,1.00,2.00
2010.05.05 01:16:17.501,1.79745,1.79815,1.00,1.00
2010.05.05 01:16:17.593,1.79735,1.79805,1.30,1.00
2010.05.05 01:16:17.942,1.7973,1.79805,2.00,1.00
2010.05.05 01:16:17.990,1.79735,1.79805,1.30,1.00
2010.05.05 01:16:18.111,1.79745,1.79815,1.00,1.00
2010.05.05 01:16:18.761,1.79735,1.7981,1.00,1.00
2010.05.05 01:16:22.776,1.7973,1.79805,1.00,2.10
2010.05.05 01:16:24.012,1.7973,1.79805,1.00,2.00
2010.05.05 01:16:24.250,1.7973,1.79805,1.00,2.10
2010.05.05 01:16:24.892,1.7973,1.79805,1.00,2.00
2010.05.05 01:16:25.131,1.7973,1.79805,1.00,2.10
2010.05.05 01:16:27.880,1.7973,1.79805,1.00,2.00
2010.05.05 01:16:28.140,1.7973,1.79805,1.00,2.10
2010.05.05 01:16:30.798,1.7972,1.7979,2.20,1.30
2010.05.05 01:16:31.144,1.7972,1.7979,1.60,2.00
2010.05.05 01:16:31.484,1.79715,1.7979,1.00,2.00
2010.05.05 01:16:38.357,1.79715,1.79775,1.00,1.00
2010.05.05 01:16:38.530,1.79715,1.79775,1.00,1.00
2010.05.05 01:16:38.841,1.7971,1.79775,1.30,1.00
2010.05.05 01:16:39.164,1.7971,1.79775,1.00,1.30
2010.05.05 01:16:39.480,1.7971,1.79785,1.00,2.10
2010.05.05 01:16:48.602,1.7971,1.79775,1.00,1.00
2010.05.05 01:16:48.815,1.7971,1.79775,1.00,1.50
2010.05.05 01:16:48.881,1.797,1.79775,1.00,2.10
2010.05.05 01:16:50.945,1.7971,1.79785,1.00,3.70
2010.05.05 01:16:51.150,1.7971,1.79785,1.00,2.10
2010.05.05 01:16:55.672,1.797,1.79775,1.00,2.10
2010.05.05 01:16:56.470,1.797,1.79765,1.00,1.00
2010.05.05 01:16:56.810,1.797,1.79775,1.00,2.10
2010.05.05 01:17:03.802,1.797,1.79775,1.00,2.00
2010.05.05 01:17:04.000,1.7971,1.79785,1.00,2.10
2010.05.05 01:17:07.156,1.79715,1.79785,1.00,1.30
2010.05.05 01:17:07.330,1.79715,1.7979,1.00,2.00
2010.05.05 01:17:17.661,1.79715,1.79785,2.00,1.00
2010.05.05 01:17:17.794,1.7972,1.79785,1.00,1.00
2010.05.05 01:17:17.921,1.79715,1.79785,1.00,1.00
2010.05.05 01:17:19.073,1.79715,1.7979,1.00,2.00
2010.05.05 01:17:19.250,1.79715,1.7979,2.00,1.00
2010.05.05 01:17:19.590,1.7972,1.79795,1.00,1.00
2010.05.05 01:17:21.905,1.7972,1.79795,1.00,1.00
2010.05.05 01:17:28.423,1.7972,1.79795,1.00,1.00
2010.05.05 01:17:29.281,1.7972,1.79795,1.00,1.00
2010.05.05 01:17:29.469,1.7972,1.79795,1.00,1.00
2010.05.05 01:17:31.838,1.7972,1.79795,1.00,1.00
2010.05.05 01:17:32.166,1.7972,1.79795,1.00,1.00
2010.05.05 01:17:34.555,1.7972,1.79795,1.00,1.00
2010.05.05 01:17:34.740,1.7973,1.798,1.00,1.30
2010.05.05 01:17:34.801,1.7973,1.79805,1.00,3.70
2010.05.05 01:17:34.866,1.7973,1.79805,1.00,2.10
2010.05.05 01:17:35.410,1.7973,1.79805,1.00,2.00
2010.05.05 01:17:35.470,1.7973,1.79805,1.00,2.10
2010.05.05 01:17:35.900,1.7973,1.79805,1.00,2.00
2010.05.05 01:17:36.240,1.7973,1.79805,1.00,2.10
2010.05.05 01:17:36.920,1.7973,1.79805,1.00,2.00
2010.05.05 01:17:37.408,1.7973,1.79805,1.00,2.10
2010.05.05 01:17:39.312,1.7973,1.79805,1.00,2.00
2010.05.05 01:17:39.549,1.7973,1.79805,1.00,2.10
2010.05.05 01:17:44.547,1.7973,1.79805,1.00,2.00
2010.05.05 01:17:44.921,1.7973,1.79805,1.00,2.10
2010.05.05 01:17:45.321,1.7973,1.79805,1.00,2.00
2010.05.05 01:17:45.510,1.7973,1.79805,1.00,2.10
2010.05.05 01:17:45.910,1.7973,1.79805,1.00,2.00
2010.05.05 01:17:46.090,1.7973,1.79805,1.00,2.10
2010.05.05 01:17:49.820,1.7973,1.798,1.00,1.30
2010.05.05 01:17:49.920,1.7973,1.79795,1.00,1.00
2010.05.05 01:17:50.021,1.7972,1.79795,2.20,1.00
2010.05.05 01:17:50.121,1.7972,1.79795,1.00,1.00
2010.05.05 01:17:50.341,1.79715,1.7979,1.00,2.00
2010.05.05 01:18:01.510,1.7972,1.79795,1.00,1.00
2010.05.05 01:18:01.853,1.7972,1.79795,1.00,1.00
2010.05.05 01:18:02.191,1.7972,1.79795,1.00,1.00
2010.05.05 01:18:06.865,1.7972,1.79795,1.00,1.00
2010.05.05 01:18:06.985,1.7972,1.79795,1.00,1.00
2010.05.05 01:18:09.320,1.7972,1.79795,1.00,1.00
2010.05.05 01:18:09.960,1.7972,1.79795,1.00,1.00
2010.05.05 01:18:11.431,1.7973,1.79805,1.00,5.30
2010.05.05 01:18:11.901,1.7973,1.79805,1.00,2.10
2010.05.05 01:18:16.570,1.7973,1.79805,2.00,2.10
2010.05.05 01:18:18.642,1.7973,1.79795,2.00,1.00
2010.05.05 01:18:18.680,1.7973,1.79805,2.00,2.10
2010.05.05 01:18:18.839,1.7973,1.79795,2.00,1.00
2010.05.05 01:18:18.924,1.7973,1.79805,2.00,2.10
2010.05.05 01:18:23.675,1.7973,1.79805,2.00,2.00
2010.05.05 01:18:30.951,1.7974,1.79805,1.00,1.30
2010.05.05 01:18:31.100,1.7974,1.79815,2.00,1.00
2010.05.05 01:18:33.353,1.7974,1.79815,2.00,1.00
2010.05.05 01:18:33.443,1.7974,1.79815,2.00,1.00
2010.05.05 01:18:35.950,1.7974,1.79815,2.00,1.00
2010.05.05 01:18:44.863,1.7974,1.79815,2.00,1.00
2010.05.05 01:18:45.010,1.7974,1.79815,2.00,1.00
2010.05.05 01:18:50.396,1.79745,1.79815,1.30,1.00
2010.05.05 01:18:50.572,1.79755,1.79825,1.00,1.30
2010.05.05 01:18:50.751,1.7975,1.79825,1.00,2.00
2010.05.05 01:18:53.451,1.79755,1.79825,1.30,1.00
2010.05.05 01:18:53.500,1.79755,1.7983,2.00,3.60
2010.05.05 01:18:53.550,1.79755,1.7983,2.00,2.00
2010.05.05 01:18:56.701,1.79755,1.79825,1.00,1.30
2010.05.05 01:18:57.131,1.7975,1.79825,1.00,2.00
2010.05.05 01:19:07.848,1.79755,1.79825,1.30,1.00
2010.05.05 01:19:07.993,1.79755,1.7983,2.00,2.00
2010.05.05 01:19:08.133,1.7975,1.79825,1.00,2.00
2010.05.05 01:19:16.961,1.79755,1.79825,1.30,1.00
2010.05.05 01:19:17.120,1.79755,1.7984,1.30,1.30
2010.05.05 01:19:17.440,1.7977,1.79845,1.30,3.80
2010.05.05 01:19:17.600,1.79775,1.79845,1.00,3.20
2010.05.05 01:19:17.761,1.79775,1.7985,1.00,2.00
2010.05.05 01:19:19.962,1.7978,1.7985,1.30,1.00
2010.05.05 01:19:20.022,1.7979,1.79855,1.00,1.30
2010.05.05 01:19:20.340,1.79805,1.79855,1.00,1.30
2010.05.05 01:19:20.460,1.79805,1.79875,1.00,1.70
2010.05.05 01:19:27.220,1.7981,1.79875,1.00,1.60
2010.05.05 01:19:27.311,1.7981,1.79885,1.00,4.00
2010.05.05 01:19:28.641,1.79815,1.79885,2.00,1.00
2010.05.05 01:19:32.353,1.79815,1.7989,2.00,3.80
2010.05.05 01:19:32.449,1.79815,1.79885,2.00,1.00
2010.05.05 01:19:33.354,1.79815,1.7989,2.00,3.80
2010.05.05 01:19:33.510,1.79815,1.79885,2.00,1.00
2010.05.05 01:19:33.661,1.79805,1.7988,1.00,5.20
2010.05.05 01:19:35.170,1.79805,1.79875,1.00,1.00
2010.05.05 01:19:36.264,1.798,1.79865,1.30,1.00
2010.05.05 01:19:36.511,1.79795,1.79865,2.00,1.00
2010.05.05 01:19:37.001,1.79795,1.79865,2.00,1.00
2010.05.05 01:19:37.240,1.79795,1.79865,2.00,1.00
2010.05.05 01:19:41.292,1.79795,1.7987,2.00,2.20
2010.05.05 01:19:43.501,1.79805,1.7987,1.00,1.60
2010.05.05 01:19:43.640,1.79805,1.79875,1.00,1.00
2010.05.05 01:19:43.875,1.798,1.79875,2.00,1.00
2010.05.05 01:19:44.881,1.798,1.7988,2.00,4.50
2010.05.05 01:19:45.206,1.79805,1.7988,1.00,4.50
2010.05.05 01:19:45.312,1.79805,1.79885,2.00,3.70
2010.05.05 01:19:48.003,1.79805,1.79885,2.00,2.10
2010.05.05 01:19:48.329,1.79815,1.79885,1.30,1.00
2010.05.05 01:19:48.522,1.7978,1.7986,2.00,2.00
2010.05.05 01:19:48.801,1.7978,1.79845,1.00,1.30
2010.05.05 01:19:49.080,1.7977,1.79845,1.30,1.30
2010.05.05 01:19:49.851,1.79775,1.79855,1.30,4.50
2010.05.05 01:19:50.191,1.7976,1.79845,2.00,2.00
2010.05.05 01:19:52.160,1.7976,1.79845,2.00,2.10
2010.05.05 01:19:57.648,1.79795,1.79845,1.00,2.10
2010.05.05 01:19:57.993,1.79795,1.79845,1.00,2.00
2010.05.05 01:19:58.197,1.7981,1.79875,1.00,1.00
2010.05.05 01:19:58.403,1.7981,1.79895,1.00,2.30
2010.05.05 01:19:58.708,1.7981,1.7989,2.00,1.30
2010.05.05 01:19:58.917,1.79815,1.7988,1.30,1.00
2010.05.05 01:19:59.121,1.798,1.7988,1.30,2.00
2010.05.05 01:19:59.734,1.79805,1.79885,2.00,2.00
2010.05.05 01:20:00.855,1.79805,1.7988,1.00,1.30
2010.05.05 01:20:01.193,1.798,1.7988,1.30,2.00
2010.05.05 01:20:01.535,1.79805,1.7988,1.30,1.00
2010.05.05 01:20:01.872,1.79805,1.79885,2.00,2.00
2010.05.05 01:20:04.341,1.79805,1.7988,1.30,1.00
2010.05.05 01:20:04.511,1.798,1.7988,1.30,2.00
2010.05.05 01:20:05.081,1.798,1.7987,1.30,1.00
2010.05.05 01:20:05.252,1.79795,1.79875,1.00,2.90
2010.05.05 01:20:05.636,1.798,1.79875,1.30,1.60
2010.05.05 01:20:05.978,1.7979,1.7987,2.00,1.00
2010.05.05 01:20:06.317,1.798,1.79875,1.30,1.00
2010.05.05 01:20:06.653,1.79795,1.79875,1.00,1.50
2010.05.05 01:20:07.444,1.7979,1.79865,1.30,1.00
2010.05.05 01:20:07.630,1.79785,1.79865,1.30,2.10
2010.05.05 01:20:08.813,1.7979,1.79865,1.00,1.50
2010.05.05 01:20:09.154,1.7979,1.79865,1.30,1.00
2010.05.05 01:20:09.492,1.7979,1.79865,2.00,1.00
2010.05.05 01:20:10.156,1.7979,1.79875,2.00,3.70
2010.05.05 01:20:10.484,1.79795,1.79875,1.00,1.50
2010.05.05 01:20:10.812,1.798,1.79875,1.30,1.00
2010.05.05 01:20:11.152,1.798,1.79875,1.30,2.40
2010.05.05 01:20:11.494,1.798,1.79865,1.30,1.00
2010.05.05 01:20:11.732,1.798,1.79875,1.30,1.70
2010.05.05 01:20:11.972,1.798,1.79865,1.30,1.00
2010.05.05 01:20:12.211,1.7979,1.79865,2.00,1.00
2010.05.05 01:20:13.766,1.79785,1.79865,2.00,2.10
2010.05.05 01:20:15.560,1.7979,1.79865,1.30,1.00
2010.05.05 01:20:15.791,1.798,1.79865,1.30,1.00
2010.05.05 01:20:16.032,1.798,1.79875,1.30,1.00
2010.05.05 01:20:16.332,1.798,1.79875,1.30,1.00
2010.05.05 01:20:16.713,1.798,1.7988,1.30,2.00
2010.05.05 01:20:17.014,1.798,1.79875,1.30,1.00
2010.05.05 01:20:20.678,1.7979,1.79865,1.60,2.10
2010.05.05 01:20:20.771,1.79785,1.79865,2.00,2.10
2010.05.05 01:20:26.759,1.79785,1.7986,1.00,1.30
2010.05.05 01:20:26.931,1.79775,1.79855,5.20,1.00
2010.05.05 01:20:27.102,1.79775,1.79845,3.60,1.00
2010.05.05 01:20:27.272,1.79775,1.79845,1.00,1.00
2010.05.05 01:20:27.733,1.7976,1.79835,1.30,1.00
2010.05.05 01:20:27.901,1.7976,1.79835,2.00,1.00
2010.05.05 01:20:28.400,1.79765,1.79835,1.30,1.00
2010.05.05 01:20:28.743,1.7977,1.79845,1.30,1.00
2010.05.05 01:20:30.852,1.7977,1.79845,1.30,1.00
2010.05.05 01:20:31.050,1.7977,1.79845,1.30,1.00
2010.05.05 01:20:38.236,1.7977,1.79845,2.90,1.00
2010.05.05 01:20:38.443,1.7978,1.79855,1.00,1.00
2010.05.05 01:20:38.652,1.79775,1.79855,2.00,1.00
2010.05.05 01:20:43.121,1.7978,1.79855,1.00,1.00
2010.05.05 01:20:43.220,1.7978,1.79855,2.00,1.00
2010.05.05 01:20:48.150,1.79775,1.79855,2.00,1.00
2010.05.05 01:20:51.570,1.7978,1.79855,1.00,1.00
2010.05.05 01:20:51.730,1.7978,1.79855,2.00,1.00
2010.05.05 01:20:58.352,1.7978,1.79865,2.00,3.70
2010.05.05 01:20:58.440,1.7978,1.79855,2.00,1.00
2010.05.05 01:20:59.873,1.7978,1.79865,2.00,3.70
2010.05.05 01:21:00.271,1.7978,1.79855,2.00,1.00
2010.05.05 01:21:00.371,1.7978,1.79865,2.00,3.70
2010.05.05 01:21:00.471,1.7978,1.79855,2.00,1.00
2010.05.05 01:21:08.510,1.7979,1.79865,1.00,3.10
2010.05.05 01:21:08.661,1.7979,1.79865,1.00,1.00
2010.05.05 01:21:09.381,1.7979,1.7987,1.00,1.00
2010.05.05 01:21:09.881,1.79795,1.79875,2.00,2.40
2010.05.05 01:21:10.211,1.79795,1.79875,2.00,1.00
2010.05.05 01:21:13.844,1.79795,1.79865,2.00,1.00
2010.05.05 01:21:14.051,1.79785,1.79865,1.30,2.10
2010.05.05 01:21:15.933,1.79785,1.79865,1.30,2.00
2010.05.05 01:21:16.341,1.79785,1.79855,1.30,1.00
2010.05.05 01:21:16.552,1.79775,1.79845,2.00,1.00
2010.05.05 01:21:16.761,1.7977,1.79845,2.00,1.70
2010.05.05 01:21:17.137,1.7976,1.79835,3.60,1.00
2010.05.05 01:21:17.463,1.7976,1.79835,2.00,1.00
2010.05.05 01:21:18.065,1.7976,1.79845,2.00,2.10
2010.05.05 01:21:19.471,1.7977,1.79845,1.00,1.40
2010.05.05 01:21:19.632,1.7977,1.79835,2.00,1.00
2010.05.05 01:21:19.790,1.7976,1.79835,5.20,1.00
2010.05.05 01:21:19.941,1.7976,1.79835,2.00,1.00
2010.05.05 01:21:21.031,1.79765,1.79835,2.00,1.00
2010.05.05 01:21:22.153,1.79765,1.79845,2.00,1.00
2010.05.05 01:21:22.520,1.79775,1.79845,1.30,1.00
2010.05.05 01:21:24.542,1.79775,1.79835,1.30,1.00
2010.05.05 01:21:24.861,1.7977,1.79835,1.00,1.00
2010.05.05 01:21:25.061,1.79765,1.79835,2.00,1.00
2010.05.05 01:21:27.122,1.79765,1.79835,1.30,1.00
2010.05.05 01:21:27.450,1.7976,1.79835,2.00,1.00
2010.05.05 01:21:27.781,1.7976,1.79845,2.00,2.00
2010.05.05 01:21:28.150,1.7976,1.79845,3.60,2.00
2010.05.05 01:21:28.316,1.7977,1.79835,1.30,1.00
2010.05.05 01:21:28.482,1.7976,1.79835,2.00,1.00
2010.05.05 01:21:37.191,1.79765,1.79835,1.00,1.00
2010.05.05 01:21:37.362,1.7977,1.79845,1.30,1.40
2010.05.05 01:21:37.541,1.7977,1.79835,1.30,1.00
2010.05.05 01:21:37.710,1.7976,1.79835,5.20,1.00
2010.05.05 01:21:37.881,1.7976,1.79835,2.00,1.00
2010.05.05 01:21:39.265,1.7976,1.79835,2.00,1.00
2010.05.05 01:21:39.384,1.7976,1.79835,1.00,1.50
2010.05.05 01:21:39.502,1.79755,1.79835,2.00,2.10
2010.05.05 01:21:42.312,1.7976,1.7984,2.00,1.30
2010.05.05 01:21:45.592,1.7976,1.79835,2.00,1.00
2010.05.05 01:21:45.730,1.7976,1.79835,1.30,1.00
2010.05.05 01:21:46.162,1.79755,1.79835,2.00,2.10
2010.05.05 01:21:48.791,1.79755,1.79825,1.30,1.00
2010.05.05 01:21:48.936,1.7976,1.79835,1.30,1.00
2010.05.05 01:21:49.503,1.79755,1.7983,4.50,1.30
2010.05.05 01:21:49.813,1.79765,1.7984,2.00,3.20
2010.05.05 01:21:50.121,1.79765,1.79845,2.00,2.10
2010.05.05 01:21:52.212,1.7978,1.79845,1.30,1.00
2010.05.05 01:21:52.410,1.7978,1.79855,1.30,1.50
2010.05.05 01:21:58.130,1.7978,1.79845,1.30,1.00
2010.05.05 01:21:58.281,1.79775,1.79845,1.00,1.00
2010.05.05 01:21:58.322,1.7977,1.79845,3.60,1.00
2010.05.05 01:21:58.360,1.7977,1.79845,2.00,1.00
2010.05.05 01:21:59.541,1.7977,1.79845,1.30,1.00
2010.05.05 01:21:59.861,1.79765,1.79845,2.00,2.10
2010.05.05 01:22:04.081,1.7977,1.79845,1.30,1.00
2010.05.05 01:22:04.152,1.7977,1.79845,2.00,1.00
2010.05.05 01:22:04.341,1.7977,1.7985,2.00,2.00
2010.05.05 01:22:04.413,1.7978,1.7985,1.30,1.00
2010.05.05 01:22:04.862,1.7978,1.79855,1.30,1.50
2010.05.05 01:22:13.814,1.79785,1.79855,1.00,1.50
2010.05.05 01:22:13.831,1.7978,1.79855,1.30,1.50
2010.05.05 01:22:15.161,1.7978,1.79855,1.30,1.30
2010.05.05 01:22:15.461,1.7978,1.79855,1.30,1.50
2010.05.05 01:22:17.241,1.7978,1.79855,1.30,1.30
2010.05.05 01:22:17.330,1.79785,1.79855,1.00,1.30
2010.05.05 01:22:17.420,1.79785,1.79865,2.00,2.10
2010.05.05 01:22:18.017,1.7979,1.79865,1.00,1.50
2010.05.05 01:22:18.113,1.79785,1.79865,2.00,2.10
2010.05.05 01:22:22.401,1.7979,1.7987,1.00,1.60
2010.05.05 01:22:22.732,1.79795,1.79865,2.00,1.00
2010.05.05 01:22:23.061,1.79785,1.79865,2.00,2.10
2010.05.05 01:22:25.582,1.7979,1.79865,1.00,1.30
2010.05.05 01:22:25.673,1.79795,1.79875,2.00,1.00
2010.05.05 01:22:31.101,1.7979,1.79865,3.20,1.30
2010.05.05 01:22:31.172,1.79785,1.79865,2.00,1.50
2010.05.05 01:22:31.576,1.7977,1.7984,1.00,1.30
2010.05.05 01:22:31.912,1.7977,1.7985,2.00,1.60
2010.05.05 01:22:32.250,1.7977,1.79855,2.00,2.10
2010.05.05 01:22:34.104,1.7977,1.79855,2.00,2.00
2010.05.05 01:22:34.232,1.7977,1.79855,2.00,2.10
2010.05.05 01:22:45.213,1.79785,1.79865,2.00,1.50
2010.05.05 01:22:49.073,1.79785,1.79865,2.00,1.30
2010.05.05 01:22:49.290,1.79785,1.79865,2.00,1.50
2010.05.05 01:22:49.401,1.79785,1.7986,1.30,1.60
2010.05.05 01:22:49.511,1.79775,1.79855,1.00,1.30
2010.05.05 01:22:49.620,1.7977,1.79855,2.00,2.00
2010.05.05 01:22:50.223,1.7977,1.79855,2.00,2.10
2010.05.05 01:22:50.833,1.79785,1.79865,2.00,1.30
2010.05.05 01:23:04.276,1.7979,1.79865,1.00,1.30
2010.05.05 01:23:04.790,1.79795,1.7987,1.30,1.30
2010.05.05 01:23:08.071,1.7979,1.79865,1.00,1.30
2010.05.05 01:23:08.311,1.79785,1.79865,2.00,1.30
2010.05.05 01:23:09.533,1.79785,1.79865,2.00,1.50
2010.05.05 01:23:10.353,1.798,1.79865,1.00,1.30
2010.05.05 01:23:10.800,1.798,1.7987,2.00,1.60
2010.05.05 01:23:10.986,1.798,1.7988,2.00,2.00
2010.05.05 01:23:12.311,1.7981,1.79885,2.00,1.60
2010.05.05 01:23:12.652,1.79825,1.79905,2.00,2.10
2010.05.05 01:23:13.446,1.79825,1.79905,2.00,2.00
2010.05.05 01:23:13.641,1.79825,1.79905,2.00,2.00
2010.05.05 01:23:15.876,1.7981,1.7989,3.60,1.30
2010.05.05 01:23:16.062,1.79815,1.7989,1.00,1.30
2010.05.05 01:23:16.332,1.7981,1.7989,2.00,1.30
2010.05.05 01:23:20.460,1.79815,1.7989,1.00,1.30
2010.05.05 01:23:20.561,1.7982,1.79895,1.30,1.30
2010.05.05 01:23:21.116,1.79825,1.79905,2.00,1.90
2010.05.05 01:23:23.231,1.79825,1.799,2.00,3.20
2010.05.05 01:23:23.524,1.79825,1.79895,1.30,1.00
2010.05.05 01:23:23.561,1.7981,1.79895,2.00,2.00
2010.05.05 01:23:24.036,1.7981,1.79885,1.30,1.00
2010.05.05 01:23:24.306,1.79825,1.7989,1.00,1.60
2010.05.05 01:23:24.874,1.7982,1.79895,1.30,1.50
2010.05.05 01:23:25.145,1.7982,1.79895,1.30,1.30
2010.05.05 01:23:34.461,1.79815,1.7989,1.00,1.30
2010.05.05 01:23:34.913,1.7982,1.79895,1.30,2.90
2010.05.05 01:23:35.061,1.7982,1.79895,1.30,1.30
2010.05.05 01:23:37.704,1.7982,1.79895,1.30,1.50
2010.05.05 01:23:37.833,1.79825,1.79895,1.00,2.90
2010.05.05 01:23:37.963,1.7983,1.79895,1.00,2.90
2010.05.05 01:23:38.092,1.79825,1.79905,3.60,2.00
2010.05.05 01:23:38.222,1.7983,1.79905,1.30,1.00
2010.05.05 01:23:38.874,1.79825,1.79905,2.00,2.10
2010.05.05 01:23:40.956,1.79825,1.79905,2.00,2.00
2010.05.05 01:23:41.120,1.79825,1.79905,2.00,2.10
2010.05.05 01:23:42.396,1.79825,1.79905,2.00,2.00
2010.05.05 01:23:42.580,1.79825,1.79905,2.00,2.10
2010.05.05 01:23:43.066,1.7983,1.79905,1.00,1.30
2010.05.05 01:23:43.191,1.7983,1.7991,2.00,1.30
2010.05.05 01:23:51.360,1.7983,1.799,1.30,1.00
2010.05.05 01:23:51.470,1.79825,1.799,1.60,2.00
2010.05.05 01:23:51.892,1.7982,1.799,2.00,2.00
2010.05.05 01:24:10.350,1.79825,1.799,1.30,1.00
2010.05.05 01:24:10.692,1.79825,1.79905,2.00,4.50
2010.05.05 01:24:10.804,1.79825,1.79905,2.00,1.30
2010.05.05 01:24:14.650,1.79825,1.79905,2.00,1.50
2010.05.05 01:24:14.730,1.79825,1.799,1.00,1.30
2010.05.05 01:24:14.810,1.7982,1.799,3.60,2.00
2010.05.05 01:24:14.893,1.79825,1.799,1.00,1.30
2010.05.05 01:24:14.982,1.79825,1.79905,2.00,4.50
2010.05.05 01:24:15.572,1.79825,1.79905,2.00,2.90
2010.05.05 01:24:15.894,1.79825,1.79905,2.00,1.30
2010.05.05 01:24:20.012,1.7982,1.79895,1.60,2.00
2010.05.05 01:24:20.355,1.79815,1.79895,1.00,2.00
2010.05.05 01:24:21.031,1.79815,1.79895,1.00,2.10
2010.05.05 01:24:39.384,1.79815,1.79895,1.00,2.00
2010.05.05 01:24:39.551,1.7982,1.79895,1.00,1.30
2010.05.05 01:24:39.722,1.7982,1.799,2.00,2.00
2010.05.05 01:24:39.891,1.7982,1.799,2.00,5.20
2010.05.05 01:24:41.851,1.7982,1.799,2.00,2.00
2010.05.05 01:24:42.675,1.7982,1.799,2.00,3.60
2010.05.05 01:24:42.862,1.7982,1.799,2.00,5.20
2010.05.05 01:24:49.174,1.7982,1.799,2.00,2.00
2010.05.05 01:25:04.601,1.7982,1.7989,1.30,1.00
2010.05.05 01:25:04.631,1.79815,1.7989,1.60,2.00
2010.05.05 01:25:12.733,1.79805,1.79875,3.80,1.30
2010.05.05 01:25:13.244,1.7981,1.79875,3.20,1.00
2010.05.05 01:25:13.536,1.79805,1.79875,1.00,2.00
2010.05.05 01:25:13.822,1.7981,1.79885,3.20,1.30
2010.05.05 01:25:15.153,1.79815,1.79885,1.00,1.30
2010.05.05 01:25:15.493,1.7981,1.7989,4.50,2.00
2010.05.05 01:25:15.620,1.7981,1.79885,3.20,1.30
2010.05.05 01:25:18.332,1.79815,1.79885,1.00,1.30
2010.05.05 01:25:18.441,1.79815,1.79895,1.00,2.10
2010.05.05 01:25:18.787,1.7982,1.79885,1.60,1.30
2010.05.05 01:25:18.894,1.7981,1.79885,3.20,1.30
2010.05.05 01:25:19.281,1.7981,1.79885,3.20,1.50
2010.05.05 01:25:19.391,1.79805,1.79885,3.60,1.50
2010.05.05 01:25:19.732,1.79805,1.7988,1.60,2.00
2010.05.05 01:25:22.302,1.79805,1.7988,1.60,2.00
2010.05.05 01:25:22.450,1.79805,1.7988,1.60,2.00
2010.05.05 01:25:23.151,1.7981,1.7988,3.20,2.00
2010.05.05 01:25:23.773,1.79805,1.7988,3.20,1.30
2010.05.05 01:25:25.261,1.79805,1.7988,3.20,1.30
2010.05.05 01:25:28.030,1.79805,1.7988,3.20,2.00
2010.05.05 01:25:31.157,1.79805,1.79855,3.20,1.00
2010.05.05 01:25:31.374,1.79805,1.79845,3.20,1.00
2010.05.05 01:25:31.793,1.79775,1.79845,1.30,1.00
2010.05.05 01:25:31.931,1.79765,1.79845,2.20,2.00
2010.05.05 01:25:32.643,1.7977,1.7984,3.20,2.00
2010.05.05 01:25:32.981,1.79765,1.7984,1.60,2.00
2010.05.05 01:25:35.814,1.79765,1.7984,1.60,2.00
2010.05.05 01:25:36.061,1.79765,1.7984,1.60,2.00
2010.05.05 01:25:40.063,1.7977,1.7984,1.60,1.30
2010.05.05 01:25:40.231,1.7977,1.79845,3.20,2.00
2010.05.05 01:25:41.503,1.79775,1.7985,3.20,1.00
2010.05.05 01:25:42.181,1.79775,1.79855,3.80,1.30
2010.05.05 01:25:42.561,1.79785,1.7986,1.60,2.00
2010.05.05 01:25:46.038,1.79785,1.79855,1.60,1.30
2010.05.05 01:25:46.145,1.79775,1.79855,3.20,2.00
2010.05.05 01:25:46.591,1.79775,1.79845,3.20,2.00
2010.05.05 01:25:46.922,1.7977,1.79845,3.20,2.00
2010.05.05 01:25:47.252,1.79765,1.7984,1.60,2.00
2010.05.05 01:25:47.912,1.79765,1.79845,2.20,2.00
2010.05.05 01:25:48.152,1.7977,1.79845,3.20,2.00
2010.05.05 01:25:50.228,1.7977,1.7983,3.20,1.30
2010.05.05 01:25:50.324,1.7976,1.7983,1.00,1.30
2010.05.05 01:25:53.869,1.79755,1.7983,3.20,1.30
2010.05.05 01:26:00.360,1.79755,1.7983,3.60,1.30
2010.05.05 01:26:05.276,1.7977,1.79845,1.00,1.30
2010.05.05 01:26:05.613,1.7977,1.79845,3.60,1.30
2010.05.05 01:26:09.408,1.7977,1.7984,3.20,1.00
2010.05.05 01:26:09.571,1.7977,1.7984,3.20,2.00
2010.05.05 01:26:09.731,1.79765,1.7984,1.60,2.00
2010.05.05 01:26:10.296,1.79765,1.7984,2.00,2.00
2010.05.05 01:26:11.811,1.7977,1.7984,1.60,2.00
2010.05.05 01:26:11.951,1.7977,1.79845,3.20,1.30
2010.05.05 01:26:13.971,1.7977,1.79845,3.20,2.00
2010.05.05 01:26:20.291,1.7977,1.79845,3.60,2.00
2010.05.05 01:26:21.629,1.7977,1.7983,3.20,1.30
2010.05.05 01:26:21.786,1.79755,1.7983,3.60,1.30
2010.05.05 01:26:23.072,1.79765,1.7984,1.60,2.00
2010.05.05 01:26:29.446,1.79765,1.79835,1.60,1.00
2010.05.05 01:26:29.589,1.79765,1.7983,1.60,1.30
2010.05.05 01:26:29.761,1.79755,1.7983,3.60,1.30
2010.05.05 01:26:51.191,1.79755,1.7983,4.20,1.30
2010.05.05 01:26:51.293,1.79755,1.79835,5.60,1.30
2010.05.05 01:26:51.383,1.79765,1.79835,1.60,1.30
2010.05.05 01:27:08.691,1.79765,1.79825,1.60,1.30
2010.05.05 01:27:08.871,1.7976,1.79825,1.00,1.30
2010.05.05 01:27:10.442,1.79755,1.79825,1.00,1.30
2010.05.05 01:27:11.304,1.79755,1.7982,1.00,1.30
2010.05.05 01:27:12.496,1.7977,1.7984,1.00,2.90
2010.05.05 01:27:12.732,1.7977,1.7984,1.00,1.30
2010.05.05 01:27:18.971,1.7976,1.7982,1.60,1.30
2010.05.05 01:27:19.603,1.79765,1.79825,1.00,1.30
2010.05.05 01:27:19.853,1.7975,1.7982,1.00,1.30
2010.05.05 01:27:20.492,1.79765,1.79835,3.20,1.00
2010.05.05 01:27:20.831,1.7977,1.79845,1.00,1.30
2010.05.05 01:27:21.173,1.79775,1.79845,3.20,1.30
2010.05.05 01:27:22.072,1.79765,1.79845,3.80,1.30
2010.05.05 01:27:22.956,1.79765,1.79845,4.00,1.30
2010.05.05 01:27:23.222,1.7977,1.7985,5.20,1.30
2010.05.05 01:27:23.392,1.79765,1.79845,3.80,1.30
2010.05.05 01:27:26.996,1.79765,1.79845,3.80,1.40
2010.05.05 01:27:27.281,1.79765,1.79845,1.00,1.30
2010.05.05 01:27:27.401,1.79765,1.7983,1.00,1.30
2010.05.05 01:27:27.520,1.79755,1.7983,1.00,1.30
2010.05.05 01:27:28.291,1.7975,1.79825,4.90,1.00
2010.05.05 01:27:28.414,1.7975,1.7982,2.00,1.30
2010.05.05 01:27:28.531,1.7975,1.7982,1.00,1.30
2010.05.05 01:27:28.650,1.7974,1.7982,3.80,1.30
2010.05.05 01:27:30.531,1.79745,1.7982,1.00,1.30
2010.05.05 01:27:30.718,1.79745,1.7982,1.00,1.30
2010.05.05 01:27:30.762,1.79745,1.79825,3.70,1.30
2010.05.05 01:27:30.801,1.79745,1.79825,5.30,1.30
2010.05.05 01:27:33.247,1.79745,1.79825,4.70,1.30
2010.05.05 01:27:33.403,1.79745,1.7981,1.60,1.30
2010.05.05 01:27:33.562,1.7974,1.7981,1.00,1.30
2010.05.05 01:27:34.022,1.79735,1.79805,1.00,1.30
2010.05.05 01:27:34.315,1.79735,1.7979,1.00,1.30
2010.05.05 01:27:34.603,1.79715,1.7979,1.00,1.30
2010.05.05 01:27:35.051,1.79715,1.7979,1.00,1.30
2010.05.05 01:27:38.063,1.7972,1.7979,1.60,1.30
2010.05.05 01:27:38.274,1.7972,1.79795,3.60,1.30
2010.05.05 01:27:40.654,1.7971,1.7979,2.90,2.00
2010.05.05 01:27:40.911,1.79705,1.79785,5.20,1.30
2010.05.05 01:27:43.595,1.79705,1.79775,1.60,1.00
2010.05.05 01:27:44.028,1.79695,1.79775,1.30,2.00
2010.05.05 01:27:44.193,1.7969,1.7977,5.30,1.30
2010.05.05 01:27:44.553,1.7969,1.7977,4.90,1.30
2010.05.05 01:27:44.895,1.79705,1.7978,1.00,1.30
2010.05.05 01:27:45.236,1.7969,1.79765,1.00,2.00
2010.05.05 01:27:45.575,1.7969,1.79765,2.60,1.30
2010.05.05 01:27:47.613,1.797,1.7978,5.20,1.30
2010.05.05 01:27:48.906,1.797,1.7977,3.20,1.00
2010.05.05 01:27:49.067,1.79695,1.79765,1.60,1.30
2010.05.05 01:27:49.232,1.7969,1.79765,1.00,1.30
2010.05.05 01:27:51.511,1.79685,1.7976,4.50,1.00
2010.05.05 01:27:51.934,1.7968,1.79755,1.00,1.30
2010.05.05 01:27:52.571,1.79675,1.79755,5.30,1.30
2010.05.05 01:27:53.552,1.79675,1.79755,5.20,1.30
2010.05.05 01:27:55.442,1.79675,1.7976,5.20,2.00
2010.05.05 01:27:56.363,1.79675,1.7976,5.30,2.00
2010.05.05 01:27:56.832,1.79675,1.79745,2.90,1.00
2010.05.05 01:27:57.118,1.79675,1.79745,1.30,1.00
2010.05.05 01:27:57.308,1.79675,1.79755,1.00,2.00
2010.05.05 01:27:57.494,1.79695,1.79755,1.00,1.30
2010.05.05 01:27:57.938,1.79695,1.7976,1.00,2.00
2010.05.05 01:27:58.283,1.7968,1.7976,1.00,2.00
2010.05.05 01:28:00.306,1.79695,1.7976,1.00,2.00
2010.05.05 01:28:00.521,1.79695,1.79775,1.00,2.00
2010.05.05 01:28:00.942,1.79695,1.7977,1.00,1.00
2010.05.05 01:28:01.151,1.7969,1.7977,4.50,1.00
2010.05.05 01:28:01.665,1.7968,1.7976,1.40,2.00
2010.05.05 01:28:01.872,1.7968,1.7976,1.00,2.00
2010.05.05 01:28:02.986,1.79685,1.7976,1.00,2.00
2010.05.05 01:28:03.131,1.79685,1.7976,2.40,1.30
2010.05.05 01:28:03.421,1.79685,1.7977,2.40,2.00
2010.05.05 01:28:05.851,1.79705,1.7977,1.00,2.00
2010.05.05 01:28:06.001,1.79705,1.7977,1.00,1.30
2010.05.05 01:28:06.152,1.79695,1.79775,1.00,2.00
2010.05.05 01:28:07.673,1.79705,1.79775,1.00,1.30
2010.05.05 01:28:07.935,1.79705,1.7978,4.70,1.00
2010.05.05 01:28:08.190,1.79705,1.79785,3.60,1.30
2010.05.05 01:28:08.424,1.797,1.7978,2.20,2.00
2010.05.05 01:28:10.063,1.797,1.7978,1.00,2.00
2010.05.05 01:28:10.261,1.7969,1.79765,1.00,1.30
2010.05.05 01:28:10.452,1.79685,1.79765,2.20,1.30
2010.05.05 01:28:11.075,1.7968,1.79755,1.00,1.30
2010.05.05 01:28:11.385,1.79685,1.79765,2.40,1.30
2010.05.05 01:28:14.251,1.79685,1.7977,3.70,1.00
2010.05.05 01:28:14.322,1.79695,1.79775,1.00,2.00
2010.05.05 01:28:14.462,1.797,1.79775,1.60,2.00
2010.05.05 01:28:14.531,1.797,1.79775,1.60,1.00
2010.05.05 01:28:14.601,1.797,1.7978,2.20,2.00
2010.05.05 01:28:22.024,1.797,1.7977,1.00,1.30
2010.05.05 01:28:22.181,1.7969,1.7977,3.60,2.00
2010.05.05 01:28:22.341,1.7969,1.7977,1.60,2.00
2010.05.05 01:28:22.501,1.79685,1.7977,2.40,2.00
2010.05.05 01:28:23.863,1.79685,1.7977,2.30,2.00
2010.05.05 01:28:24.183,1.79685,1.7977,2.40,2.00
2010.05.05 01:28:24.308,1.7969,1.7977,1.00,2.00
2010.05.05 01:28:27.303,1.79685,1.7977,4.00,2.00
2010.05.05 01:28:27.601,1.79685,1.7977,2.40,2.00
2010.05.05 01:28:32.564,1.79685,1.7977,2.20,2.00
2010.05.05 01:28:32.701,1.79685,1.7977,2.40,2.00
2010.05.05 01:28:33.303,1.79685,1.7976,1.60,2.00
2010.05.05 01:28:33.726,1.7968,1.7976,1.00,2.00
2010.05.05 01:28:42.513,1.79695,1.7976,1.00,1.00
2010.05.05 01:28:42.882,1.79685,1.7976,1.00,2.00
2010.05.05 01:28:43.106,1.79695,1.79775,1.00,2.00
2010.05.05 01:28:45.242,1.79695,1.79775,1.00,2.00
2010.05.05 01:28:45.473,1.7969,1.79775,5.20,2.00
2010.05.05 01:28:46.194,1.7969,1.79775,3.60,2.00
2010.05.05 01:28:53.682,1.79685,1.7977,1.00,2.00
2010.05.05 01:28:56.352,1.79685,1.7977,1.00,2.00
2010.05.05 01:28:56.456,1.79685,1.7977,1.00,2.00
2010.05.05 01:28:58.275,1.7968,1.79755,3.20,2.00
2010.05.05 01:28:58.406,1.7968,1.7976,1.00,2.00
2010.05.05 01:29:00.154,1.7968,1.79745,1.00,1.30
2010.05.05 01:29:00.301,1.7968,1.7976,1.00,2.00
2010.05.05 01:29:00.442,1.79675,1.79755,4.50,1.00
2010.05.05 01:29:00.591,1.79675,1.79755,1.60,2.00
2010.05.05 01:29:00.731,1.7967,1.79755,5.20,2.00
2010.05.05 01:29:02.061,1.7967,1.79755,3.60,2.00
2010.05.05 01:29:02.354,1.7967,1.79745,1.30,1.00
2010.05.05 01:29:02.661,1.79665,1.79745,3.60,2.00
2010.05.05 01:29:04.082,1.79675,1.79745,1.00,1.00
2010.05.05 01:29:04.193,1.79675,1.79755,1.00,2.00
2010.05.05 01:29:14.107,1.7967,1.79755,5.20,2.00
2010.05.05 01:29:14.171,1.7967,1.7975,4.50,1.00
2010.05.05 01:29:14.627,1.7967,1.7974,1.60,2.00
2010.05.05 01:29:14.697,1.7966,1.79735,1.60,1.00
2010.05.05 01:29:14.773,1.79655,1.79735,4.70,1.00
2010.05.05 01:29:14.841,1.79655,1.79735,4.50,1.00
2010.05.05 01:29:14.911,1.7966,1.7974,1.00,2.00
2010.05.05 01:29:15.584,1.79675,1.7975,1.30,1.00
2010.05.05 01:29:15.924,1.7969,1.7977,3.60,1.30
2010.05.05 01:29:17.004,1.7969,1.79765,3.60,1.00
2010.05.05 01:29:17.215,1.7969,1.7976,2.90,1.00
2010.05.05 01:29:17.725,1.7968,1.7975,1.00,2.00
2010.05.05 01:29:21.612,1.7968,1.79745,1.00,1.00
2010.05.05 01:29:21.722,1.79675,1.79735,1.60,1.00
2010.05.05 01:29:21.834,1.79675,1.79735,1.60,1.00
2010.05.05 01:29:22.157,1.7967,1.79735,2.10,1.00
2010.05.05 01:29:22.265,1.79675,1.79745,1.00,1.00
2010.05.05 01:29:22.372,1.79665,1.79745,1.00,1.00
2010.05.05 01:29:22.713,1.7966,1.7974,1.00,2.00
2010.05.05 01:29:23.277,1.79665,1.7973,1.30,1.00
2010.05.05 01:29:23.617,1.79655,1.79745,2.00,1.00
2010.05.05 01:29:23.951,1.79655,1.79755,2.10,1.00
2010.05.05 01:29:24.434,1.79665,1.79755,1.00,1.00
2010.05.05 01:29:24.759,1.79675,1.79765,3.60,1.00
2010.05.05 01:29:25.062,1.79675,1.79765,3.20,1.00
2010.05.05 01:29:27.282,1.79675,1.79765,5.20,1.00
2010.05.05 01:29:27.639,1.79675,1.79775,5.30,1.00
2010.05.05 01:29:27.872,1.7968,1.79775,3.20,1.00
2010.05.05 01:29:31.336,1.7968,1.7977,3.20,1.00
2010.05.05 01:29:31.430,1.7968,1.7977,3.20,1.20
2010.05.05 01:29:34.242,1.79685,1.7977,3.60,1.00
2010.05.05 01:29:34.311,1.7969,1.7977,1.60,1.00
2010.05.05 01:29:34.354,1.7969,1.79775,1.60,1.00
2010.05.05 01:29:41.352,1.7969,1.7977,1.60,1.00
2010.05.05 01:29:41.572,1.79695,1.7977,1.60,1.20
2010.05.05 01:29:42.051,1.79695,1.7977,1.60,1.00
2010.05.05 01:29:43.637,1.797,1.7978,3.20,1.00
2010.05.05 01:29:43.854,1.79715,1.79785,1.60,1.00
2010.05.05 01:29:44.062,1.79715,1.7976,1.60,1.00
2010.05.05 01:29:44.272,1.7971,1.7976,1.00,1.00
2010.05.05 01:29:44.482,1.79675,1.7976,3.20,1.20
2010.05.05 01:29:44.693,1.79665,1.7976,2.10,1.20
2010.05.05 01:29:45.000,1.7967,1.7976,1.30,1.20
2010.05.05 01:29:45.204,1.7969,1.79765,1.60,1.00
2010.05.05 01:29:45.971,1.7969,1.79765,1.60,1.00
2010.05.05 01:29:46.172,1.79675,1.79765,3.20,1.20
2010.05.05 01:29:46.901,1.79675,1.79755,3.20,1.00
2010.05.05 01:29:47.032,1.79675,1.79755,3.20,1.00
2010.05.05 01:29:47.363,1.7967,1.7975,1.60,1.00
2010.05.05 01:29:47.692,1.79655,1.79745,1.00,1.00
2010.05.05 01:29:48.022,1.79645,1.79745,1.70,1.20
2010.05.05 01:29:48.961,1.79645,1.79745,1.60,1.30
2010.05.05 01:29:49.111,1.79645,1.7973,1.60,1.00
2010.05.05 01:29:49.485,1.79645,1.7973,1.60,1.00
2010.05.05 01:29:49.962,1.79645,1.7973,1.60,1.00
2010.05.05 01:29:50.123,1.79645,1.7973,1.00,1.20
2010.05.05 01:29:50.611,1.79645,1.7973,1.60,1.20
2010.05.05 01:29:57.526,1.79645,1.7973,1.60,1.00
2010.05.05 01:29:57.830,1.79645,1.7974,1.60,1.00
2010.05.05 01:29:58.133,1.7965,1.7974,3.20,1.20
2010.05.05 01:30:01.233,1.79655,1.7974,1.00,1.20
2010.05.05 01:30:01.941,1.7966,1.79755,1.60,1.30
2010.05.05 01:30:05.057,1.7966,1.7975,1.60,1.00
2010.05.05 01:30:05.225,1.7966,1.79745,1.60,1.00
2010.05.05 01:30:05.436,1.7965,1.79745,3.20,1.00
2010.05.05 01:30:05.948,1.7965,1.7973,3.20,1.00
2010.05.05 01:30:06.165,1.79645,1.79705,1.00,1.00
2010.05.05 01:30:06.376,1.7961,1.7969,1.60,1.00
2010.05.05 01:30:07.063,1.79615,1.79685,3.20,1.00
2010.05.05 01:30:07.403,1.79615,1.7969,1.70,1.60
2010.05.05 01:30:07.744,1.79615,1.7969,3.30,1.60
2010.05.05 01:30:08.088,1.79625,1.79695,3.20,1.00
2010.05.05 01:30:08.734,1.79625,1.7972,3.20,1.00
2010.05.05 01:30:09.160,1.79625,1.79725,3.20,1.00
2010.05.05 01:30:09.467,1.79625,1.79725,1.00,1.00
2010.05.05 01:30:10.014,1.79645,1.79735,1.00,2.20
2010.05.05 01:30:10.465,1.7964,1.7974,1.60,2.40
2010.05.05 01:30:10.807,1.79615,1.79705,1.70,1.00
2010.05.05 01:30:11.159,1.79625,1.7972,2.10,1.00
2010.05.05 01:30:11.510,1.7964,1.7973,1.60,1.00
2010.05.05 01:30:11.856,1.79655,1.79745,1.00,2.10
2010.05.05 01:30:12.410,1.79655,1.79735,1.00,1.00
2010.05.05 01:30:12.756,1.79665,1.79735,1.00,1.00
2010.05.05 01:30:14.642,1.79675,1.7974,1.00,1.30
2010.05.05 01:30:15.294,1.7965,1.79745,3.20,1.00
2010.05.05 01:30:15.633,1.79635,1.79725,1.00,2.00
2010.05.05 01:30:15.972,1.7963,1.79725,1.00,2.10
2010.05.05 01:30:16.313,1.7962,1.7971,1.00,1.00
2010.05.05 01:30:16.652,1.7962,1.7971,1.00,5.20
2010.05.05 01:30:16.994,1.79605,1.79685,1.00,3.60
2010.05.05 01:30:17.558,1.7961,1.797,3.20,1.70
2010.05.05 01:30:17.908,1.79595,1.797,2.20,1.60
2010.05.05 01:30:18.252,1.796,1.79705,1.60,1.00
2010.05.05 01:30:19.426,1.796,1.79695,1.60,1.00
2010.05.05 01:30:20.392,1.79615,1.79705,1.00,1.00
2010.05.05 01:30:20.722,1.796,1.79695,1.60,1.00
2010.05.05 01:30:20.974,1.79605,1.79705,1.00,1.00
2010.05.05 01:30:22.412,1.7962,1.7971,1.60,2.90
2010.05.05 01:30:22.726,1.79635,1.79725,1.60,1.00
2010.05.05 01:30:23.034,1.79635,1.79735,3.20,1.00
2010.05.05 01:30:23.342,1.79635,1.79745,3.20,1.00
2010.05.05 01:30:23.653,1.79625,1.79735,1.70,3.20
2010.05.05 01:30:24.474,1.79625,1.79735,1.70,3.30
2010.05.05 01:30:29.361,1.7967,1.79735,1.30,3.20
2010.05.05 01:30:29.805,1.79675,1.79755,1.60,1.00
2010.05.05 01:30:29.929,1.79675,1.79755,1.60,1.00
2010.05.05 01:30:30.054,1.7965,1.7975,1.00,4.50
2010.05.05 01:30:30.176,1.7965,1.7975,1.60,1.30
2010.05.05 01:30:30.291,1.7965,1.7976,1.60,5.20
2010.05.05 01:30:31.469,1.7965,1.79755,1.60,1.00
2010.05.05 01:30:31.817,1.79645,1.79745,1.00,2.20
2010.05.05 01:30:32.077,1.79665,1.79745,1.00,1.00
2010.05.05 01:30:32.335,1.7967,1.7977,3.20,1.00
2010.05.05 01:30:32.639,1.7967,1.7977,3.20,1.00
2010.05.05 01:30:32.899,1.7966,1.7977,1.60,3.60
2010.05.05 01:30:33.245,1.79645,1.79755,3.60,2.90
2010.05.05 01:30:33.607,1.79645,1.79755,3.20,2.90
2010.05.05 01:30:34.284,1.79655,1.79755,1.00,2.90
2010.05.05 01:30:35.389,1.79655,1.79755,1.00,3.10
2010.05.05 01:30:35.707,1.7966,1.79755,1.60,1.30
2010.05.05 01:30:36.016,1.79685,1.7977,1.60,1.30
2010.05.05 01:30:36.567,1.79685,1.7978,1.00,3.30
2010.05.05 01:30:36.894,1.79685,1.7978,1.00,1.60
2010.05.05 01:30:37.973,1.79675,1.7978,1.00,1.60
2010.05.05 01:30:38.999,1.79675,1.79775,1.00,1.00
2010.05.05 01:30:42.247,1.79675,1.79775,3.30,1.00
2010.05.05 01:30:42.432,1.79675,1.79775,1.00,1.00
2010.05.05 01:30:42.622,1.79685,1.7978,1.00,1.60
2010.05.05 01:30:42.966,1.79675,1.79775,1.00,1.00
2010.05.05 01:30:43.904,1.79685,1.7978,1.00,1.60
2010.05.05 01:30:44.152,1.79675,1.79775,1.00,1.00
2010.05.05 01:30:47.175,1.79685,1.79765,1.30,2.00
2010.05.05 01:30:52.844,1.79685,1.79765,1.50,2.00
2010.05.05 01:30:53.032,1.79685,1.79765,1.30,2.00
2010.05.05 01:30:53.295,1.79685,1.79765,1.50,2.00
2010.05.05 01:30:53.753,1.79685,1.79765,1.30,2.00
2010.05.05 01:30:54.143,1.7968,1.79755,1.00,1.30
2010.05.05 01:30:54.272,1.79685,1.79755,1.00,2.00
2010.05.05 01:30:54.402,1.79685,1.7976,1.00,2.00
2010.05.05 01:30:55.431,1.79695,1.7976,1.00,2.00
2010.05.05 01:30:55.741,1.79685,1.7976,1.00,2.00
2010.05.05 01:30:56.424,1.79695,1.7977,1.00,1.30
2010.05.05 01:30:56.763,1.79705,1.79785,1.00,2.00
2010.05.05 01:30:57.675,1.79725,1.79795,1.00,1.00
2010.05.05 01:30:58.017,1.79725,1.79795,1.00,1.00
2010.05.05 01:30:58.695,1.79715,1.7979,1.00,2.00
2010.05.05 01:30:58.992,1.79725,1.7979,1.00,2.00
2010.05.05 01:30:59.291,1.79715,1.7979,1.00,2.00
2010.05.05 01:31:02.697,1.79725,1.79795,1.00,1.00
2010.05.05 01:31:02.984,1.79735,1.79795,1.00,1.00
2010.05.05 01:31:03.262,1.79725,1.79795,1.00,1.00
2010.05.05 01:31:05.149,1.79715,1.79795,2.10,1.00
2010.05.05 01:31:05.273,1.79725,1.7979,1.00,1.00
2010.05.05 01:31:05.563,1.79725,1.79795,1.00,2.00
2010.05.05 01:31:05.852,1.79725,1.79795,1.00,1.00
2010.05.05 01:31:06.154,1.79715,1.79795,2.10,1.00
2010.05.05 01:31:06.442,1.79725,1.79795,1.00,1.00
2010.05.05 01:31:07.253,1.79715,1.79785,1.00,1.30
2010.05.05 01:31:13.542,1.79705,1.79785,1.00,1.30
2010.05.05 01:31:13.713,1.79715,1.79795,2.10,2.00
2010.05.05 01:31:14.230,1.79715,1.79795,2.00,2.00
2010.05.05 01:31:14.992,1.79715,1.79795,2.10,2.00
2010.05.05 01:31:15.173,1.7972,1.798,3.60,1.30
2010.05.05 01:31:16.172,1.79725,1.798,1.00,1.30
2010.05.05 01:31:16.443,1.79715,1.7979,1.00,1.30
2010.05.05 01:31:18.054,1.79715,1.7979,1.70,1.30
2010.05.05 01:31:18.220,1.79725,1.798,1.00,1.30
2010.05.05 01:31:21.443,1.79725,1.79805,1.50,1.30
2010.05.05 01:31:21.583,1.79725,1.79805,1.50,2.00
2010.05.05 01:31:22.028,1.79735,1.798,1.00,1.30
2010.05.05 01:31:22.346,1.79735,1.7981,1.00,1.30
2010.05.05 01:31:23.642,1.79725,1.79795,3.30,1.30
2010.05.05 01:31:23.983,1.79725,1.79795,1.00,1.30
2010.05.05 01:31:30.474,1.79715,1.7979,1.70,1.30
2010.05.05 01:31:30.673,1.79715,1.7979,1.60,1.30
2010.05.05 01:31:30.873,1.79705,1.79775,1.00,1.30
2010.05.05 01:31:31.073,1.79705,1.7976,1.00,1.30
2010.05.05 01:31:31.554,1.79695,1.79775,1.00,2.00
2010.05.05 01:31:31.894,1.79705,1.7978,1.60,1.30
2010.05.05 01:31:32.392,1.797,1.7978,1.00,1.30
2010.05.05 01:31:32.734,1.79685,1.7977,2.60,2.00
2010.05.05 01:31:33.073,1.79685,1.7977,2.40,2.00
2010.05.05 01:31:34.353,1.79695,1.7977,1.00,2.00
2010.05.05 01:31:34.891,1.79705,1.7977,1.00,1.00
2010.05.05 01:31:35.212,1.79705,1.79775,1.00,2.00
2010.05.05 01:31:35.633,1.79685,1.7976,1.00,1.30
2010.05.05 01:31:37.033,1.79705,1.79765,1.30,1.00
2010.05.05 01:31:37.254,1.79705,1.79785,2.00,1.30
2010.05.05 01:31:38.084,1.7972,1.798,1.00,2.00
2010.05.05 01:31:38.514,1.7972,1.79795,1.00,1.30
2010.05.05 01:31:38.826,1.79725,1.7981,2.40,2.00
2010.05.05 01:31:39.083,1.79735,1.7981,1.00,2.00
2010.05.05 01:31:40.152,1.7972,1.79785,1.00,2.00
2010.05.05 01:31:40.425,1.79705,1.79785,1.00,2.00
2010.05.05 01:31:41.252,1.797,1.79785,2.20,2.00
2010.05.05 01:31:41.594,1.79705,1.79775,1.00,2.00
2010.05.05 01:31:41.931,1.79695,1.79775,1.00,2.00
2010.05.05 01:31:42.212,1.79705,1.79775,1.00,2.00
2010.05.05 01:31:42.529,1.79705,1.79775,1.00,1.30
2010.05.05 01:31:42.815,1.79705,1.79785,3.70,1.30
2010.05.05 01:31:43.093,1.79705,1.79785,3.60,1.30
2010.05.05 01:31:43.402,1.79705,1.79785,3.70,1.30
2010.05.05 01:31:43.701,1.79715,1.79785,1.00,1.30
2010.05.05 01:31:44.002,1.79705,1.79785,3.70,1.30
2010.05.05 01:31:44.232,1.79715,1.79785,1.00,1.30
2010.05.05 01:31:44.342,1.79705,1.79785,3.70,1.30
2010.05.05 01:31:44.733,1.79705,1.7978,1.70,1.30
2010.05.05 01:31:45.072,1.79705,1.7978,1.00,1.30
2010.05.05 01:31:54.292,1.797,1.7978,1.00,1.30
2010.05.05 01:31:54.381,1.79695,1.79775,4.00,2.00
2010.05.05 01:31:54.422,1.79695,1.79775,1.00,2.00
2010.05.05 01:31:59.602,1.79695,1.79775,1.00,2.00
2010.05.05 01:31:59.763,1.79695,1.7977,1.00,1.30
2010.05.05 01:31:59.822,1.79695,1.7977,1.00,2.00
2010.05.05 01:32:00.923,1.79685,1.7976,1.00,2.00
2010.05.05 01:32:06.463,1.7969,1.7977,3.60,1.30
2010.05.05 01:32:07.963,1.79695,1.7977,1.00,1.30
2010.05.05 01:32:09.261,1.79695,1.7977,1.00,1.30
2010.05.05 01:32:09.361,1.79695,1.79765,1.00,1.30
2010.05.05 01:32:17.296,1.79705,1.7977,1.00,2.00
2010.05.05 01:32:17.518,1.79705,1.7977,1.00,1.30
2010.05.05 01:32:19.953,1.79695,1.79765,1.00,1.30
2010.05.05 01:32:20.643,1.79685,1.79765,1.00,1.30
2010.05.05 01:32:21.144,1.79695,1.7977,1.00,1.30
2010.05.05 01:32:24.737,1.797,1.7977,1.00,1.30
2010.05.05 01:32:24.862,1.79705,1.7977,1.00,1.30
2010.05.05 01:32:25.243,1.79705,1.7978,1.00,2.00
2010.05.05 01:32:28.309,1.79695,1.7977,1.60,2.00
2010.05.05 01:32:28.555,1.79685,1.7977,2.40,2.00
2010.05.05 01:32:32.025,1.79695,1.7977,1.00,2.00
2010.05.05 01:32:32.491,1.79705,1.7977,1.00,2.00
2010.05.05 01:32:32.692,1.79705,1.79775,1.00,2.00
2010.05.05 01:32:48.793,1.79695,1.79775,1.00,2.00
2010.05.05 01:32:49.133,1.79685,1.7976,1.00,1.30
2010.05.05 01:32:52.122,1.79695,1.7976,1.00,1.30
2010.05.05 01:32:52.558,1.79695,1.79775,1.00,2.00
2010.05.05 01:32:55.137,1.79705,1.79775,1.00,1.30
2010.05.05 01:32:55.484,1.79705,1.79785,1.00,2.00
2010.05.05 01:32:56.885,1.79715,1.7979,1.00,2.00
2010.05.05 01:32:58.880,1.79715,1.79785,1.00,1.00
2010.05.05 01:32:59.025,1.79705,1.79785,3.30,2.00
2010.05.05 01:32:59.303,1.79705,1.79785,3.20,2.00
2010.05.05 01:32:59.563,1.797,1.79775,1.00,1.30
2010.05.05 01:32:59.821,1.79695,1.79775,2.10,2.00
2010.05.05 01:33:01.972,1.79705,1.79775,1.00,2.00
2010.05.05 01:33:02.112,1.79705,1.79775,1.60,2.00
2010.05.05 01:33:02.853,1.79705,1.79775,1.00,2.00
2010.05.05 01:33:03.532,1.79695,1.79775,2.10,2.00
2010.05.05 01:33:06.693,1.79695,1.79775,2.00,2.00
2010.05.05 01:33:07.063,1.7969,1.7976,1.60,1.30
2010.05.05 01:33:07.253,1.79685,1.7976,1.50,1.30
2010.05.05 01:33:11.702,1.79705,1.7976,1.00,1.30
2010.05.05 01:33:11.854,1.79695,1.7976,1.00,1.30
2010.05.05 01:33:12.143,1.79695,1.79765,1.00,1.00
2010.05.05 01:33:12.166,1.79695,1.7977,1.00,2.00
2010.05.05 01:33:34.482,1.79705,1.7977,1.00,2.00
2010.05.05 01:33:34.582,1.79705,1.7977,1.00,1.00
2010.05.05 01:33:34.682,1.79695,1.79775,2.10,1.30
2010.05.05 01:33:34.782,1.79695,1.79775,3.70,1.30
2010.05.05 01:33:35.610,1.79705,1.79775,1.00,1.30
2010.05.05 01:33:36.684,1.79695,1.7977,1.00,2.00
2010.05.05 01:33:42.071,1.797,1.7977,1.00,1.30
2010.05.05 01:33:42.332,1.797,1.7978,2.00,2.00
2010.05.05 01:33:43.476,1.7972,1.7978,1.00,1.30
2010.05.05 01:33:43.783,1.7972,1.798,2.00,4.50
2010.05.05 01:33:43.943,1.7972,1.798,2.00,1.30
2010.05.05 01:33:55.271,1.79725,1.7981,2.00,2.00
2010.05.05 01:33:55.362,1.7972,1.798,2.00,1.30
2010.05.05 01:33:56.781,1.7972,1.7979,1.00,1.30
2010.05.05 01:33:57.136,1.7971,1.7979,2.00,1.30
2010.05.05 01:33:57.244,1.7972,1.7979,1.00,1.30
2010.05.05 01:33:57.334,1.7972,1.798,2.00,1.30
2010.05.05 01:34:04.457,1.79725,1.798,1.00,1.30
2010.05.05 01:34:04.885,1.7974,1.79825,2.00,2.10
2010.05.05 01:34:04.952,1.7974,1.79815,1.00,1.30
2010.05.05 01:34:05.167,1.79735,1.79815,2.00,2.00
2010.05.05 01:34:06.463,1.79735,1.79805,1.00,1.30
2010.05.05 01:34:06.836,1.79725,1.79805,1.30,2.00
2010.05.05 01:34:08.204,1.7971,1.7979,2.00,2.00
2010.05.05 01:34:08.354,1.79705,1.7978,1.00,2.00
2010.05.05 01:34:08.503,1.79705,1.7978,1.00,2.00
2010.05.05 01:34:08.654,1.7971,1.7979,2.00,2.00
2010.05.05 01:34:13.743,1.797,1.7978,1.30,2.00
2010.05.05 01:34:14.310,1.79705,1.7978,1.00,1.30
2010.05.05 01:34:14.479,1.79715,1.79785,1.30,1.00
2010.05.05 01:34:14.644,1.79705,1.79785,1.70,2.00
2010.05.05 01:34:14.971,1.79705,1.79785,2.00,2.00
2010.05.05 01:34:17.531,1.79695,1.7978,1.00,1.00
2010.05.05 01:34:17.742,1.79705,1.7978,1.30,1.00
2010.05.05 01:34:18.176,1.79705,1.79785,2.00,2.00
2010.05.05 01:34:18.771,1.79705,1.79785,2.00,2.00
2010.05.05 01:34:19.106,1.7971,1.79785,1.00,1.30
2010.05.05 01:34:19.683,1.79715,1.79785,1.30,3.20
2010.05.05 01:34:19.965,1.79715,1.79775,1.30,1.60
2010.05.05 01:34:21.922,1.79705,1.79775,2.10,1.60
2010.05.05 01:34:22.036,1.79705,1.7978,2.00,1.60
2010.05.05 01:34:22.143,1.79705,1.79785,2.00,2.00
2010.05.05 01:34:22.362,1.79705,1.79785,2.00,2.00
2010.05.05 01:34:22.472,1.79705,1.79785,2.00,2.00
2010.05.05 01:34:23.152,1.79705,1.79785,2.10,2.00
2010.05.05 01:34:24.367,1.79705,1.79785,2.00,2.00
2010.05.05 01:34:24.602,1.79705,1.79785,1.00,2.00
2010.05.05 01:34:25.103,1.79705,1.79785,2.10,2.00
2010.05.05 01:34:25.845,1.79705,1.79785,2.00,2.00
2010.05.05 01:34:26.122,1.79705,1.79785,2.10,2.00
2010.05.05 01:34:26.499,1.79715,1.79785,1.60,2.00
2010.05.05 01:34:26.785,1.7973,1.79805,2.00,1.00
2010.05.05 01:34:27.211,1.7973,1.7981,2.00,2.00
2010.05.05 01:34:27.351,1.7973,1.7981,2.00,1.00
2010.05.05 01:34:30.152,1.7974,1.79825,2.00,1.00
2010.05.05 01:34:30.821,1.79735,1.79815,2.00,1.00
2010.05.05 01:34:31.332,1.79735,1.79815,2.10,1.00
2010.05.05 01:34:38.302,1.79735,1.79815,2.00,1.00
2010.05.05 01:34:38.473,1.79725,1.79805,1.30,2.00
2010.05.05 01:34:40.241,1.79725,1.79805,1.50,2.00
2010.05.05 01:34:40.443,1.7973,1.7981,2.00,1.00
2010.05.05 01:34:41.170,1.7973,1.7981,2.00,1.00
2010.05.05 01:34:42.085,1.79715,1.798,2.10,1.00
2010.05.05 01:34:42.316,1.79715,1.7979,1.50,1.00
2010.05.05 01:34:42.727,1.79715,1.7979,1.00,1.00
2010.05.05 01:34:42.956,1.79725,1.79805,1.30,2.00
2010.05.05 01:34:43.975,1.79725,1.79805,1.50,2.00
2010.05.05 01:34:44.184,1.79725,1.79805,1.30,2.00
2010.05.05 01:34:44.815,1.79725,1.79805,1.50,2.00
2010.05.05 01:34:47.164,1.79725,1.79805,1.40,2.00
2010.05.05 01:34:47.322,1.79725,1.79805,1.30,2.00
2010.05.05 01:34:49.152,1.79725,1.79805,1.50,2.00
2010.05.05 01:34:52.118,1.79725,1.79805,1.30,2.00
2010.05.05 01:34:54.381,1.79725,1.79805,1.50,2.00
2010.05.05 01:34:54.462,1.79725,1.79805,1.30,2.00
2010.05.05 01:34:56.272,1.79725,1.79805,1.50,2.00
2010.05.05 01:34:56.452,1.79725,1.79805,1.30,2.00
2010.05.05 01:35:09.982,1.79725,1.79805,1.30,3.60
2010.05.05 01:35:10.026,1.7971,1.79795,2.00,1.30
2010.05.05 01:35:10.131,1.7971,1.7979,2.00,1.00
2010.05.05 01:35:13.962,1.79715,1.7979,1.00,1.00
2010.05.05 01:35:14.152,1.7971,1.7979,2.00,1.00
2010.05.05 01:35:20.708,1.79705,1.79785,1.50,1.00
2010.05.05 01:35:20.863,1.79705,1.7978,1.30,1.00
2010.05.05 01:35:21.168,1.797,1.7978,2.00,1.30
2010.05.05 01:35:21.460,1.79705,1.7978,1.00,2.00
2010.05.05 01:35:21.615,1.797,1.7978,1.30,2.00
2010.05.05 01:35:22.114,1.79705,1.7978,1.30,1.00
2010.05.05 01:35:22.452,1.79705,1.79785,2.00,1.00
2010.05.05 01:35:24.304,1.79715,1.79785,1.00,1.00
2010.05.05 01:35:24.658,1.7972,1.79795,2.00,1.00
2010.05.05 01:35:24.788,1.79725,1.79795,1.00,1.30
2010.05.05 01:35:24.916,1.7973,1.79805,1.30,1.00
2010.05.05 01:35:25.594,1.7973,1.7981,1.30,2.00
2010.05.05 01:35:29.263,1.79715,1.79795,2.00,1.00
2010.05.05 01:35:30.742,1.79715,1.79795,2.10,1.00
2010.05.05 01:35:31.069,1.79715,1.79795,2.00,1.00
2010.05.05 01:35:32.883,1.79715,1.79795,2.10,1.00
2010.05.05 01:35:33.164,1.7973,1.7981,1.30,2.00
2010.05.05 01:35:34.833,1.7974,1.7981,1.00,1.30
2010.05.05 01:35:35.112,1.7974,1.7982,2.00,1.00
2010.05.05 01:35:35.468,1.7974,1.7982,2.00,1.00
2010.05.05 01:35:35.616,1.7974,1.7982,2.00,1.00
2010.05.05 01:35:36.637,1.79755,1.7982,1.00,1.30
2010.05.05 01:35:36.931,1.79765,1.7982,1.00,1.30
2010.05.05 01:35:37.188,1.7976,1.79845,2.00,2.00
2010.05.05 01:35:37.434,1.7975,1.7983,1.30,1.00
2010.05.05 01:35:37.683,1.7976,1.79845,2.00,5.60
2010.05.05 01:35:38.023,1.7975,1.7983,1.30,1.00
2010.05.05 01:35:38.703,1.79735,1.7982,1.50,1.30
2010.05.05 01:35:38.933,1.79735,1.7982,1.30,1.30
2010.05.05 01:35:39.166,1.79745,1.79825,1.30,5.20
2010.05.05 01:35:39.683,1.79745,1.79825,1.30,2.00
2010.05.05 01:35:40.206,1.79745,1.79825,1.30,2.00
2010.05.05 01:35:40.454,1.79735,1.7981,1.00,1.00
2010.05.05 01:35:41.192,1.79745,1.7981,1.30,1.00
2010.05.05 01:35:41.535,1.79745,1.79825,1.30,2.00
2010.05.05 01:35:42.213,1.79745,1.79825,1.30,2.00
2010.05.05 01:35:43.025,1.79755,1.79825,1.00,2.00
2010.05.05 01:35:43.299,1.79765,1.7983,1.30,1.00
2010.05.05 01:35:43.834,1.7975,1.7983,2.00,1.00
2010.05.05 01:35:44.108,1.7974,1.7982,1.30,1.00
2010.05.05 01:35:45.412,1.79735,1.7981,1.00,1.30
2010.05.05 01:35:45.835,1.79745,1.79825,2.00,2.20
2010.05.05 01:35:45.972,1.79745,1.79825,2.00,1.00
2010.05.05 01:35:47.546,1.79745,1.79825,2.10,1.00
2010.05.05 01:35:47.775,1.7976,1.79835,1.30,1.00
2010.05.05 01:35:48.002,1.7976,1.7984,1.30,2.00
2010.05.05 01:35:48.963,1.79745,1.7983,2.00,1.30
2010.05.05 01:35:49.242,1.79745,1.79825,2.00,1.00
2010.05.05 01:35:52.744,1.79735,1.79815,1.30,2.00
2010.05.05 01:35:56.007,1.79735,1.79815,1.30,3.60
2010.05.05 01:35:56.152,1.79735,1.79815,1.30,5.20
2010.05.05 01:35:56.292,1.7973,1.7981,1.00,1.30
2010.05.05 01:35:56.432,1.79725,1.798,1.00,1.00
2010.05.05 01:35:56.849,1.79725,1.7981,2.10,2.00
2010.05.05 01:35:57.734,1.79735,1.7981,1.00,1.30
2010.05.05 01:35:57.963,1.79735,1.79815,2.00,1.00
2010.05.05 01:35:59.121,1.79735,1.7982,2.00,3.60
2010.05.05 01:36:01.393,1.79735,1.7982,2.00,3.60
2010.05.05 01:36:03.293,1.7974,1.7982,1.00,1.30
2010.05.05 01:36:03.463,1.79745,1.79825,1.30,2.10
2010.05.05 01:36:03.809,1.79745,1.7982,1.30,1.00
2010.05.05 01:36:03.976,1.79735,1.7982,2.00,3.60
2010.05.05 01:36:04.144,1.7974,1.7982,1.30,2.20
2010.05.05 01:36:04.314,1.79735,1.7982,2.00,3.60
2010.05.05 01:36:04.602,1.79735,1.7982,2.10,3.60
2010.05.05 01:36:06.722,1.79735,1.7982,2.00,3.60
2010.05.05 01:36:06.854,1.79735,1.7981,1.30,1.00
2010.05.05 01:36:06.994,1.7973,1.79795,1.30,1.00
2010.05.05 01:36:07.435,1.7975,1.798,1.00,1.60
2010.05.05 01:36:07.573,1.7974,1.798,1.00,1.60
2010.05.05 01:36:07.713,1.7974,1.79815,1.00,4.50
2010.05.05 01:36:08.213,1.7974,1.79815,1.00,1.30
2010.05.05 01:36:08.554,1.79735,1.79815,1.00,2.40
2010.05.05 01:36:10.293,1.79735,1.79815,1.00,4.00
2010.05.05 01:36:10.503,1.79735,1.79815,1.00,3.30
2010.05.05 01:36:10.712,1.79735,1.79815,1.00,1.70
2010.05.05 01:36:10.922,1.79735,1.79815,2.00,1.00
2010.05.05 01:36:11.121,1.79735,1.79815,2.00,1.00
2010.05.05 01:36:12.892,1.79735,1.79815,2.00,1.00
2010.05.05 01:36:13.232,1.79735,1.7981,1.30,1.00
2010.05.05 01:36:13.576,1.7972,1.79805,2.00,2.00
2010.05.05 01:36:13.915,1.7972,1.79805,2.00,3.60
2010.05.05 01:36:15.313,1.7972,1.79795,1.30,1.00
2010.05.05 01:36:15.533,1.79715,1.7979,1.30,1.00
2010.05.05 01:36:15.754,1.79705,1.7979,2.00,3.60
2010.05.05 01:36:16.250,1.797,1.79775,1.00,1.30
2010.05.05 01:36:16.598,1.7973,1.7981,2.00,1.00
2010.05.05 01:36:16.945,1.79735,1.79815,1.00,3.30
2010.05.05 01:36:17.286,1.7974,1.79815,1.00,1.30
2010.05.05 01:36:17.627,1.7974,1.7981,1.30,1.00
2010.05.05 01:36:18.225,1.7973,1.79805,1.30,1.30
2010.05.05 01:36:19.275,1.7973,1.79805,2.00,1.30
2010.05.05 01:36:19.445,1.79745,1.7981,1.00,2.00
2010.05.05 01:36:19.758,1.79745,1.7981,1.00,1.00
2010.05.05 01:36:19.934,1.79745,1.79815,2.00,1.00
2010.05.05 01:36:20.104,1.79745,1.79825,2.00,2.00
2010.05.05 01:36:20.445,1.79745,1.7983,2.10,4.00
2010.05.05 01:36:20.850,1.7975,1.7983,1.30,2.60
2010.05.05 01:36:21.194,1.7975,1.7983,1.30,2.20
2010.05.05 01:36:21.764,1.79745,1.7982,1.30,1.00
2010.05.05 01:36:23.594,1.79745,1.7982,1.30,2.20
2010.05.05 01:36:23.702,1.79745,1.7982,1.30,1.00
2010.05.05 01:36:23.812,1.7974,1.7982,2.00,2.00
2010.05.05 01:36:24.012,1.7974,1.7981,1.30,1.00
2010.05.05 01:36:24.122,1.7973,1.7981,1.30,2.00
2010.05.05 01:36:24.432,1.7973,1.7981,1.30,2.40
2010.05.05 01:36:25.892,1.7973,1.79805,1.30,1.00
2010.05.05 01:36:25.981,1.7973,1.7981,1.30,2.40
2010.05.05 01:36:26.871,1.7973,1.79805,1.30,1.00
2010.05.05 01:36:27.071,1.7973,1.7981,1.30,2.40
2010.05.05 01:36:33.140,1.79735,1.79805,1.00,1.00
2010.05.05 01:36:33.307,1.7973,1.79805,2.00,1.60
2010.05.05 01:36:33.472,1.7973,1.79805,2.00,2.00
2010.05.05 01:36:36.155,1.7973,1.79805,2.00,2.00
2010.05.05 01:36:36.382,1.79745,1.79805,1.30,1.00
2010.05.05 01:36:36.761,1.79745,1.7982,1.30,3.20
2010.05.05 01:36:37.203,1.79755,1.79825,2.00,1.00
2010.05.05 01:36:37.352,1.79755,1.7983,2.00,1.60
2010.05.05 01:36:42.492,1.79755,1.79825,2.00,1.00
2010.05.05 01:36:42.593,1.7975,1.79825,2.00,3.20
2010.05.05 01:36:42.693,1.7975,1.79825,2.00,1.00
2010.05.05 01:36:42.792,1.7975,1.79825,2.00,1.60
2010.05.05 01:36:42.892,1.7975,1.79825,2.00,3.20
2010.05.05 01:36:42.991,1.7975,1.79825,2.00,3.60
2010.05.05 01:36:45.615,1.7975,1.79825,2.00,3.70
2010.05.05 01:36:55.676,1.7975,1.7982,1.30,1.00
2010.05.05 01:36:55.747,1.7974,1.7981,1.30,1.60
2010.05.05 01:36:55.913,1.7974,1.79815,1.30,1.30
2010.05.05 01:36:55.982,1.7975,1.7982,2.00,1.00
2010.05.05 01:36:56.179,1.7975,1.7981,2.00,1.00
2010.05.05 01:36:56.642,1.7975,1.79825,2.00,3.20
2010.05.05 01:36:57.322,1.7975,1.79825,2.00,3.30
2010.05.05 01:37:00.671,1.7975,1.79815,1.00,1.30
2010.05.05 01:37:00.742,1.7975,1.7981,1.00,1.60
2010.05.05 01:37:00.812,1.7974,1.7981,1.30,1.60
2010.05.05 01:37:01.202,1.7974,1.7981,1.30,2.00
2010.05.05 01:37:03.612,1.7974,1.7981,2.00,2.00
2010.05.05 01:37:03.844,1.7974,1.7981,2.00,1.00
2010.05.05 01:37:04.074,1.79745,1.79815,1.30,1.00
2010.05.05 01:37:04.520,1.7975,1.79815,2.00,1.00
2010.05.05 01:37:04.665,1.7975,1.79825,2.00,2.00
2010.05.05 01:37:07.768,1.79755,1.79825,2.00,2.00
2010.05.05 01:37:08.116,1.79755,1.7983,2.00,2.00
2010.05.05 01:37:10.585,1.79755,1.79825,1.30,1.00
2010.05.05 01:37:10.863,1.7975,1.79825,2.00,1.60
2010.05.05 01:37:11.113,1.7975,1.79825,2.00,2.00
2010.05.05 01:37:12.914,1.7975,1.79825,2.00,2.00
2010.05.05 01:37:13.043,1.79765,1.79825,1.00,1.00
2010.05.05 01:37:13.343,1.79765,1.79835,2.00,1.00
2010.05.05 01:37:13.643,1.79765,1.7984,2.00,3.60
2010.05.05 01:37:15.094,1.79765,1.79835,2.00,1.00
2010.05.05 01:37:15.342,1.79765,1.79835,2.00,1.00
2010.05.05 01:37:15.847,1.79765,1.7984,2.00,3.60
2010.05.05 01:37:16.018,1.79765,1.79835,2.00,1.00
2010.05.05 01:37:16.638,1.79765,1.7984,2.00,3.60
2010.05.05 01:37:16.891,1.79765,1.79835,2.00,1.00
2010.05.05 01:37:18.332,1.79765,1.7983,1.30,1.60
2010.05.05 01:37:18.563,1.79765,1.79825,1.00,1.60
2010.05.05 01:37:18.974,1.79765,1.79835,2.00,1.00
2010.05.05 01:37:19.522,1.79765,1.79835,2.00,1.00
2010.05.05 01:37:20.864,1.79765,1.79835,2.00,1.00
2010.05.05 01:37:20.962,1.79765,1.79835,2.00,1.00
2010.05.05 01:37:21.061,1.79765,1.79835,2.00,1.00
2010.05.05 01:37:22.792,1.79765,1.79825,2.00,1.60
2010.05.05 01:37:22.831,1.79765,1.79825,1.30,1.60
2010.05.05 01:37:22.883,1.79755,1.79825,1.30,1.60
2010.05.05 01:37:24.125,1.79755,1.79825,1.30,1.70
2010.05.05 01:37:24.334,1.79755,1.79825,1.30,1.60
2010.05.05 01:37:24.522,1.79755,1.79835,1.30,2.10
2010.05.05 01:37:24.702,1.79765,1.79835,2.00,1.00
2010.05.05 01:37:25.263,1.79765,1.79835,2.00,1.00
2010.05.05 01:37:27.692,1.79765,1.79825,2.00,1.00
2010.05.05 01:37:27.803,1.79755,1.79825,2.00,1.00
2010.05.05 01:37:28.534,1.79755,1.7983,2.00,1.60
2010.05.05 01:37:28.872,1.79755,1.79825,2.00,1.00
2010.05.05 01:37:30.422,1.79755,1.7983,2.00,2.00
2010.05.05 01:37:31.162,1.79755,1.79825,2.00,1.00
2010.05.05 01:37:32.173,1.79745,1.79815,2.00,1.00
2010.05.05 01:37:32.944,1.79745,1.79805,1.30,1.00
2010.05.05 01:37:33.263,1.79745,1.79805,1.30,1.00
2010.05.05 01:37:33.583,1.7973,1.79805,2.00,1.70
2010.05.05 01:37:33.913,1.7973,1.79805,2.00,1.60
2010.05.05 01:37:34.231,1.7973,1.79805,2.00,1.70
2010.05.05 01:37:46.916,1.79735,1.79805,1.30,1.00
2010.05.05 01:37:47.249,1.79745,1.79805,1.00,1.60
2010.05.05 01:37:47.554,1.79755,1.79815,1.30,1.00
2010.05.05 01:37:47.914,1.79745,1.79815,2.00,1.00
2010.05.05 01:37:48.227,1.79745,1.79815,2.00,1.00
2010.05.05 01:37:50.536,1.79745,1.7982,2.00,3.20
2010.05.05 01:37:50.802,1.79745,1.79815,2.00,1.00
2010.05.05 01:37:54.377,1.79745,1.7982,2.00,3.20
2010.05.05 01:37:54.556,1.79745,1.79815,2.00,1.00
2010.05.05 01:37:57.922,1.79755,1.79815,1.00,1.00
2010.05.05 01:37:58.264,1.79755,1.7983,2.00,1.60
2010.05.05 01:38:00.584,1.79755,1.79825,2.00,1.00
2010.05.05 01:38:02.553,1.79755,1.79825,1.30,1.00
2010.05.05 01:38:02.642,1.7975,1.79825,2.00,1.00
2010.05.05 01:38:03.003,1.7975,1.79825,2.00,1.70
2010.05.05 01:38:04.692,1.7975,1.79815,2.00,1.00
2010.05.05 01:38:05.154,1.7974,1.79815,1.30,3.30
2010.05.05 01:38:07.262,1.7975,1.79825,2.00,2.10
2010.05.05 01:38:07.932,1.7975,1.79825,1.30,2.40
2010.05.05 01:38:08.132,1.7975,1.79815,1.30,1.00
2010.05.05 01:38:08.332,1.79745,1.79815,1.30,1.00
2010.05.05 01:38:09.243,1.79745,1.79815,1.30,1.70
2010.05.05 01:38:13.324,1.79745,1.79815,1.30,1.60
2010.05.05 01:38:13.494,1.7975,1.79825,2.00,2.10
2010.05.05 01:38:13.832,1.7975,1.79825,2.00,1.70
2010.05.05 01:38:14.625,1.7975,1.79825,2.00,1.60
2010.05.05 01:38:14.956,1.79775,1.79845,2.00,1.00
2010.05.05 01:38:15.173,1.79775,1.79845,2.00,1.00
2010.05.05 01:38:15.913,1.79775,1.79835,2.00,1.00
2010.05.05 01:38:16.253,1.79765,1.79835,1.30,1.70
2010.05.05 01:38:16.592,1.79765,1.79835,1.30,2.10
2010.05.05 01:38:16.933,1.79765,1.79825,1.30,1.00
2010.05.05 01:38:17.256,1.79765,1.79835,1.30,2.10
2010.05.05 01:38:17.535,1.79765,1.7983,1.30,3.20
2010.05.05 01:38:17.817,1.79775,1.79835,1.00,1.00
2010.05.05 01:38:18.094,1.79775,1.79835,2.00,1.00
2010.05.05 01:38:18.424,1.79775,1.79845,2.00,1.00
2010.05.05 01:38:20.124,1.7977,1.7985,2.00,4.90
2010.05.05 01:38:20.304,1.7977,1.79845,2.00,1.60
2010.05.05 01:38:20.774,1.7977,1.79845,2.00,3.20
2010.05.05 01:38:21.154,1.7977,1.79845,2.00,3.30
2010.05.05 01:38:21.493,1.7977,1.79835,2.00,1.00
2010.05.05 01:38:22.323,1.7977,1.79845,2.00,3.20
2010.05.05 01:38:22.632,1.7977,1.79835,2.00,1.00
2010.05.05 01:38:24.869,1.7977,1.79845,2.00,3.20
2010.05.05 01:38:25.035,1.7977,1.7984,1.30,1.00
2010.05.05 01:38:25.082,1.79755,1.7984,2.00,2.00
2010.05.05 01:38:25.122,1.79755,1.7983,2.00,1.60
2010.05.05 01:38:25.203,1.79755,1.7983,2.00,1.60
2010.05.05 01:38:26.184,1.7975,1.79815,2.00,1.00
2010.05.05 01:38:26.784,1.7975,1.79815,1.30,3.30
2010.05.05 01:38:27.204,1.7974,1.79815,1.30,3.20
2010.05.05 01:38:27.534,1.7974,1.79815,1.30,3.30
2010.05.05 01:38:28.143,1.7974,1.79805,1.30,1.00
2010.05.05 01:38:32.386,1.7974,1.79815,1.30,3.70
2010.05.05 01:38:32.499,1.7974,1.79805,1.30,1.00
2010.05.05 01:38:33.951,1.7974,1.79815,1.30,3.70
2010.05.05 01:38:34.291,1.7974,1.79805,1.30,1.00
2010.05.05 01:38:36.383,1.7973,1.79805,1.30,1.00
2010.05.05 01:38:39.563,1.79715,1.79795,2.00,2.00
2010.05.05 01:38:40.291,1.7974,1.798,2.00,1.60
2010.05.05 01:38:40.557,1.7974,1.79815,2.00,1.00
2010.05.05 01:38:41.163,1.7974,1.79815,2.00,1.00
2010.05.05 01:38:42.087,1.7974,1.7982,2.00,2.00
2010.05.05 01:38:42.182,1.7974,1.79815,2.00,1.00
2010.05.05 01:38:42.973,1.79745,1.7982,1.00,2.00
2010.05.05 01:38:43.314,1.79745,1.79825,2.00,1.00
2010.05.05 01:38:43.653,1.79745,1.79815,1.30,1.00
2010.05.05 01:38:43.993,1.7974,1.79815,2.00,1.00
2010.05.05 01:38:45.003,1.79745,1.79815,1.30,1.00
2010.05.05 01:38:45.142,1.79745,1.79825,2.00,1.00
2010.05.05 01:38:45.719,1.79745,1.79805,1.00,1.30
2010.05.05 01:38:45.857,1.7972,1.79805,2.00,2.00
2010.05.05 01:38:47.484,1.7973,1.79805,1.00,1.30
2010.05.05 01:38:47.653,1.79735,1.7981,1.30,1.00
2010.05.05 01:38:47.824,1.7973,1.79805,2.00,1.00
2010.05.05 01:38:48.170,1.7973,1.79805,1.30,1.00
2010.05.05 01:38:48.516,1.79735,1.79815,2.00,1.00
2010.05.05 01:38:49.597,1.7974,1.79815,1.00,1.00
2010.05.05 01:38:50.077,1.7975,1.7982,1.00,1.60
2010.05.05 01:38:50.366,1.7975,1.7983,2.00,1.00
2010.05.05 01:38:50.827,1.7975,1.79825,2.00,1.70
2010.05.05 01:38:51.214,1.7975,1.7982,1.00,1.30
2010.05.05 01:38:51.445,1.79735,1.7982,2.00,2.00
2010.05.05 01:38:52.122,1.79735,1.79815,2.00,1.00
2010.05.05 01:39:10.362,1.79745,1.79815,1.30,1.00
2010.05.05 01:39:10.815,1.79735,1.7982,2.00,2.00
2010.05.05 01:39:10.873,1.79735,1.79815,2.00,1.00
2010.05.05 01:39:11.854,1.79735,1.7982,2.00,2.00
2010.05.05 01:39:15.502,1.79735,1.79815,2.00,1.00
2010.05.05 01:39:17.437,1.79735,1.7982,2.00,2.00
2010.05.05 01:39:23.180,1.79735,1.79815,2.00,1.00
2010.05.05 01:39:23.504,1.7975,1.79825,1.00,4.50
2010.05.05 01:39:23.836,1.79735,1.79815,2.00,1.00
2010.05.05 01:39:26.835,1.79735,1.7982,2.00,2.00
2010.05.05 01:39:31.354,1.79735,1.79815,2.00,1.00
2010.05.05 01:39:31.476,1.79735,1.7982,2.00,2.00
2010.05.05 01:39:31.593,1.79735,1.79815,2.00,1.00
2010.05.05 01:39:32.208,1.79735,1.7982,2.00,2.00
2010.05.05 01:39:32.527,1.79735,1.79815,2.00,1.00
2010.05.05 01:39:35.451,1.79735,1.7982,2.10,2.00
2010.05.05 01:39:35.607,1.7975,1.79835,2.00,3.70
2010.05.05 01:39:35.913,1.7975,1.79835,2.00,3.60
2010.05.05 01:39:36.072,1.79765,1.79835,1.00,1.30
2010.05.05 01:39:36.222,1.79765,1.7984,2.00,1.00
2010.05.05 01:39:36.744,1.79765,1.79845,2.00,2.00
2010.05.05 01:39:37.082,1.79765,1.79845,2.00,2.10
2010.05.05 01:39:37.641,1.79765,1.79845,2.00,1.00
2010.05.05 01:39:38.793,1.79735,1.79815,2.00,2.00
2010.05.05 01:39:39.293,1.79735,1.79815,2.00,3.60
2010.05.05 01:39:40.731,1.7974,1.79815,2.00,1.60
2010.05.05 01:39:41.047,1.79735,1.79815,2.00,3.70
2010.05.05 01:39:41.335,1.79735,1.79815,2.00,3.60
2010.05.05 01:39:41.552,1.79735,1.79815,2.00,3.70
2010.05.05 01:39:41.772,1.79735,1.79815,2.10,3.60
2010.05.05 01:39:42.355,1.7975,1.7983,1.30,3.30
2010.05.05 01:39:42.493,1.7975,1.79825,1.30,1.00
2010.05.05 01:39:43.544,1.7975,1.7983,1.30,3.60
2010.05.05 01:39:43.883,1.7975,1.79825,1.30,1.00
2010.05.05 01:39:45.103,1.7975,1.79825,2.00,1.00
2010.05.05 01:39:45.629,1.79755,1.79825,2.00,1.00
2010.05.05 01:39:47.043,1.79755,1.79825,1.00,1.00
2010.05.05 01:39:47.383,1.7975,1.79825,1.30,1.00
2010.05.05 01:39:49.084,1.7975,1.7983,1.30,3.60
2010.05.05 01:39:49.304,1.79755,1.79835,2.00,1.00
2010.05.05 01:39:49.522,1.79755,1.79835,2.00,1.20
2010.05.05 01:39:49.742,1.79755,1.79835,2.00,1.00
2010.05.05 01:39:51.015,1.79755,1.79825,1.00,1.30
2010.05.05 01:39:51.214,1.7974,1.79825,2.00,3.60
2010.05.05 01:39:51.935,1.7974,1.79825,2.00,3.70
2010.05.05 01:39:53.973,1.79735,1.79815,2.00,1.00
2010.05.05 01:39:54.154,1.79705,1.7978,3.20,2.00
2010.05.05 01:39:54.344,1.7972,1.7978,1.00,2.90
2010.05.05 01:39:54.604,1.79725,1.7979,1.30,1.00
2010.05.05 01:39:55.066,1.79725,1.79795,1.30,1.00
2010.05.05 01:39:55.784,1.7972,1.79795,2.00,1.00
2010.05.05 01:39:55.972,1.7972,1.79805,2.00,3.60
2010.05.05 01:39:56.804,1.7972,1.79805,1.30,2.90
2010.05.05 01:39:57.004,1.7973,1.798,1.30,1.00
2010.05.05 01:39:57.318,1.7973,1.79805,1.30,2.20
2010.05.05 01:39:57.525,1.7973,1.798,1.30,1.60
2010.05.05 01:39:57.824,1.7973,1.79815,2.00,5.60
2010.05.05 01:39:58.123,1.7973,1.79815,2.00,5.30
2010.05.05 01:40:00.052,1.7973,1.79815,2.00,5.20
2010.05.05 01:40:01.151,1.7974,1.7982,2.00,1.00
2010.05.05 01:40:01.434,1.7974,1.79825,2.00,2.40
2010.05.05 01:40:04.365,1.79735,1.79815,2.00,1.00
2010.05.05 01:40:05.845,1.7975,1.7982,1.00,4.90
2010.05.05 01:40:06.268,1.7975,1.7983,2.00,1.00
2010.05.05 01:40:08.489,1.7975,1.7983,1.30,1.00
2010.05.05 01:40:08.815,1.79735,1.7982,2.00,3.60
2010.05.05 01:40:14.710,1.7974,1.7982,1.30,2.20
2010.05.05 01:40:14.903,1.7974,1.79825,2.00,1.00
2010.05.05 01:40:15.234,1.7974,1.79825,2.00,1.00
2010.05.05 01:40:15.394,1.7974,1.79825,2.00,1.00
2010.05.05 01:40:15.554,1.7973,1.79815,2.00,3.60
2010.05.05 01:40:17.027,1.7973,1.79815,2.00,3.70
2010.05.05 01:40:17.857,1.7973,1.79815,2.00,4.10
2010.05.05 01:40:18.212,1.7973,1.7981,2.00,1.00
2010.05.05 01:40:18.895,1.79725,1.79805,2.00,1.00
2010.05.05 01:40:20.452,1.79725,1.79805,2.00,1.00
2010.05.05 01:40:23.349,1.79725,1.79805,1.00,2.00
2010.05.05 01:40:24.203,1.79715,1.79795,2.00,1.00
2010.05.05 01:40:25.665,1.79715,1.79785,1.30,1.00
2010.05.05 01:40:25.844,1.79715,1.79795,2.00,1.00
2010.05.05 01:40:26.315,1.79715,1.7979,2.00,1.60
2010.05.05 01:40:26.495,1.7972,1.798,2.00,1.60
2010.05.05 01:40:26.672,1.7972,1.79805,2.00,2.10
2010.05.05 01:40:28.006,1.79715,1.79795,2.00,1.00
2010.05.05 01:40:28.463,1.79715,1.79795,2.00,1.00
2010.05.05 01:40:28.693,1.7972,1.798,2.00,1.60
2010.05.05 01:40:28.923,1.7972,1.79805,2.00,2.10
2010.05.05 01:40:29.586,1.7972,1.79795,2.00,1.00
2010.05.05 01:40:29.885,1.7972,1.79805,2.00,2.00
2010.05.05 01:40:30.023,1.7972,1.79805,2.00,2.10
2010.05.05 01:40:30.878,1.7972,1.79795,2.00,1.00
2010.05.05 01:40:31.124,1.7973,1.79805,1.30,1.00
2010.05.05 01:40:31.743,1.7973,1.7981,2.00,2.00
2010.05.05 01:40:31.993,1.7973,1.79805,2.00,1.00
2010.05.05 01:40:32.245,1.7973,1.7981,2.00,2.00
2010.05.05 01:40:34.070,1.7973,1.79805,1.00,1.30
2010.05.05 01:40:34.274,1.7972,1.79805,2.00,2.10
2010.05.05 01:40:38.965,1.7972,1.79805,2.00,2.00
2010.05.05 01:40:39.303,1.7973,1.7981,2.00,3.60
2010.05.05 01:40:40.257,1.7973,1.7981,2.00,2.00
2010.05.05 01:40:40.904,1.7972,1.79805,2.00,5.30
2010.05.05 01:40:41.215,1.7972,1.79805,2.00,2.10
2010.05.05 01:40:42.325,1.7971,1.7979,2.00,2.00
2010.05.05 01:40:42.904,1.7971,1.7979,1.30,2.00
2010.05.05 01:40:43.072,1.7971,1.7979,2.00,2.00
2010.05.05 01:40:44.484,1.7971,1.79785,1.00,1.50
2010.05.05 01:40:44.683,1.797,1.79775,1.30,1.00
2010.05.05 01:40:44.885,1.797,1.7978,1.00,1.30
2010.05.05 01:40:45.224,1.797,1.79785,2.00,5.30
2010.05.05 01:40:46.584,1.797,1.79785,2.00,3.70
2010.05.05 01:40:49.225,1.797,1.79775,2.00,1.00
2010.05.05 01:40:49.555,1.79695,1.79775,2.00,1.00
2010.05.05 01:40:52.794,1.79695,1.7978,2.00,2.00
2010.05.05 01:40:52.934,1.7971,1.7979,1.00,2.00
2010.05.05 01:40:57.634,1.79715,1.79795,2.00,3.90
2010.05.05 01:40:57.894,1.79715,1.79795,2.00,1.00
2010.05.05 01:41:01.713,1.79715,1.79795,2.00,1.00
2010.05.05 01:41:02.150,1.7972,1.79795,1.30,1.00
2010.05.05 01:41:02.236,1.79715,1.79795,2.00,1.00
2010.05.05 01:41:06.537,1.79715,1.79785,2.00,1.00
2010.05.05 01:41:06.923,1.79715,1.79785,1.30,1.00
2010.05.05 01:41:07.013,1.7971,1.79785,1.00,1.00
2010.05.05 01:41:07.233,1.7971,1.79785,1.00,1.60
2010.05.05 01:41:08.720,1.7971,1.79785,2.00,1.60
2010.05.05 01:41:11.965,1.7971,1.79775,2.00,1.00
2010.05.05 01:41:12.103,1.7971,1.79775,2.00,1.60
2010.05.05 01:41:12.242,1.7971,1.79775,1.00,3.20
2010.05.05 01:41:12.687,1.79695,1.79775,2.00,3.20
2010.05.05 01:41:13.294,1.79695,1.79765,2.00,1.00
2010.05.05 01:41:13.535,1.7969,1.79765,2.00,1.00
2010.05.05 01:41:15.508,1.797,1.79765,1.30,1.00
2010.05.05 01:41:15.605,1.797,1.79775,2.00,1.00
2010.05.05 01:41:15.836,1.797,1.79785,2.00,3.70
2010.05.05 01:41:16.354,1.7969,1.7977,2.00,2.00
2010.05.05 01:41:16.624,1.797,1.79785,2.00,3.70
2010.05.05 01:41:20.575,1.797,1.79785,2.00,3.60
2010.05.05 01:41:20.712,1.79715,1.79785,2.00,1.60
2010.05.05 01:41:20.843,1.79715,1.7979,1.30,1.00
2010.05.05 01:41:21.284,1.797,1.79785,2.00,2.10
2010.05.05 01:41:21.422,1.797,1.79785,2.00,3.70
2010.05.05 01:41:23.430,1.797,1.79785,2.00,3.60
2010.05.05 01:41:25.077,1.797,1.79785,2.00,3.70
2010.05.05 01:41:27.282,1.7969,1.7977,2.00,2.00
2010.05.05 01:41:43.292,1.79715,1.7977,1.30,1.00
2010.05.05 01:41:43.383,1.79715,1.79795,2.00,2.50
2010.05.05 01:41:43.719,1.79715,1.79795,2.00,2.10
2010.05.05 01:41:44.414,1.7972,1.798,1.00,1.60
2010.05.05 01:41:44.733,1.7972,1.79805,1.00,4.00
2010.05.05 01:41:45.644,1.7974,1.79805,1.30,1.00
2010.05.05 01:41:45.885,1.7974,1.79815,1.30,2.20
2010.05.05 01:41:46.122,1.79735,1.79815,1.00,2.20
2010.05.05 01:41:46.992,1.79735,1.79815,1.00,2.40
2010.05.05 01:41:48.884,1.7974,1.79815,1.00,1.60
2010.05.05 01:41:49.042,1.7974,1.79815,2.00,1.60
2010.05.05 01:41:49.193,1.7974,1.7982,2.00,1.00
2010.05.05 01:41:52.338,1.7974,1.79815,2.00,1.00
2010.05.05 01:41:52.492,1.7974,1.7982,2.00,1.00
2010.05.05 01:41:53.850,1.7974,1.79815,2.00,1.00
2010.05.05 01:41:54.365,1.7974,1.7982,2.00,1.00
2010.05.05 01:42:00.262,1.7974,1.79815,2.00,1.00
2010.05.05 01:42:00.363,1.7974,1.7981,1.30,1.00
2010.05.05 01:42:00.463,1.7973,1.7981,1.30,2.00
2010.05.05 01:42:00.563,1.7975,1.7981,1.00,1.30
2010.05.05 01:42:00.662,1.79755,1.7983,1.30,1.00
2010.05.05 01:42:00.763,1.79755,1.79795,1.30,1.00
2010.05.05 01:42:00.863,1.7972,1.79795,1.00,1.00
2010.05.05 01:42:01.429,1.79715,1.79795,2.00,1.00
2010.05.05 01:42:01.768,1.7973,1.79805,1.30,1.00
2010.05.05 01:42:02.092,1.7973,1.7981,1.30,3.60
2010.05.05 01:42:03.935,1.79715,1.79795,2.00,2.00
2010.05.05 01:42:04.093,1.79725,1.798,2.00,1.60
2010.05.05 01:42:04.253,1.79725,1.79805,2.00,1.00
2010.05.05 01:42:04.597,1.7973,1.79795,1.00,1.00
2010.05.05 01:42:04.937,1.7972,1.79785,1.30,1.00
2010.05.05 01:42:05.275,1.7972,1.798,1.30,2.00
2010.05.05 01:42:05.935,1.7972,1.79795,1.30,1.00
2010.05.05 01:42:06.265,1.7972,1.798,1.30,2.00
2010.05.05 01:42:07.186,1.79715,1.79795,1.00,1.30
2010.05.05 01:42:07.515,1.79725,1.79805,2.00,1.00
2010.05.05 01:42:08.002,1.79725,1.79805,2.00,1.00
2010.05.05 01:42:09.818,1.79725,1.79795,2.00,1.00
2010.05.05 01:42:10.032,1.79725,1.79805,1.00,2.00
2010.05.05 01:42:10.153,1.79725,1.79805,2.00,1.00
2010.05.05 01:42:10.961,1.79725,1.79795,2.00,1.00
2010.05.05 01:42:11.445,1.79715,1.79795,1.30,1.00
2010.05.05 01:42:11.694,1.7971,1.79795,2.00,3.70
2010.05.05 01:42:11.943,1.7971,1.79795,2.00,3.60
2010.05.05 01:42:12.193,1.7971,1.79795,2.00,3.70
2010.05.05 01:42:13.094,1.7972,1.79795,1.30,1.60
2010.05.05 01:42:13.335,1.7972,1.798,1.30,2.00
2010.05.05 01:42:13.574,1.79725,1.798,1.30,1.00
2010.05.05 01:42:14.153,1.7972,1.79795,1.30,2.40
2010.05.05 01:42:14.494,1.7971,1.79785,1.30,1.00
2010.05.05 01:42:14.934,1.79725,1.798,3.20,2.00
2010.05.05 01:42:15.275,1.7979,1.79835,1.60,1.00
2010.05.05 01:42:15.614,1.79775,1.7985,3.20,1.30
2010.05.05 01:42:16.312,1.7978,1.7985,1.60,1.30
2010.05.05 01:42:16.658,1.79785,1.79855,1.60,1.30
2010.05.05 01:42:18.106,1.79785,1.7984,1.60,1.30
2010.05.05 01:42:18.398,1.7977,1.7984,3.20,1.30
2010.05.05 01:42:19.001,1.7979,1.7986,3.20,2.00
2010.05.05 01:42:19.285,1.7979,1.7986,3.20,1.00
2010.05.05 01:42:19.628,1.798,1.79875,3.20,1.30
2010.05.05 01:42:19.965,1.79805,1.7988,1.30,1.00
2010.05.05 01:42:20.306,1.79815,1.79885,3.20,2.00
2010.05.05 01:42:20.536,1.7982,1.79885,3.20,1.00
2010.05.05 01:42:20.765,1.79815,1.79885,3.80,1.30
2010.05.05 01:42:20.993,1.79815,1.79895,5.20,1.00
2010.05.05 01:42:21.291,1.7983,1.79895,1.60,1.00
2010.05.05 01:42:21.636,1.7982,1.79895,3.20,2.10
2010.05.05 01:42:24.830,1.7982,1.7988,3.20,2.00
2010.05.05 01:42:25.016,1.798,1.7988,2.00,3.60
2010.05.05 01:42:26.914,1.7981,1.79895,2.00,2.10
2010.05.05 01:42:27.044,1.7982,1.79895,1.00,1.50
2010.05.05 01:42:27.453,1.79825,1.799,1.30,3.80
2010.05.05 01:42:27.604,1.79825,1.79895,2.00,1.00
2010.05.05 01:42:27.737,1.79825,1.79905,2.00,1.00
2010.05.05 01:42:28.082,1.7984,1.79915,2.00,1.70
2010.05.05 01:42:28.679,1.79835,1.79905,1.30,2.40
2010.05.05 01:42:29.030,1.79795,1.79875,2.40,1.30
2010.05.05 01:42:29.378,1.7981,1.7989,1.30,1.30
2010.05.05 01:42:30.276,1.7981,1.7988,1.30,1.00
2010.05.05 01:42:30.586,1.7981,1.79875,1.30,1.00
2010.05.05 01:42:30.895,1.79795,1.79875,2.00,2.00
2010.05.05 01:42:31.236,1.79785,1.7987,2.00,2.00
2010.05.05 01:42:32.495,1.79795,1.79875,2.00,3.60
2010.05.05 01:42:32.817,1.79795,1.79865,1.30,2.20
2010.05.05 01:42:33.135,1.79795,1.79875,2.00,2.00
2010.05.05 01:42:34.188,1.79795,1.79875,2.00,2.10
2010.05.05 01:42:34.496,1.7981,1.79875,1.30,1.00
2010.05.05 01:42:34.798,1.798,1.79875,1.00,1.30
2010.05.05 01:42:35.096,1.79795,1.79875,1.00,1.30
2010.05.05 01:42:35.397,1.7979,1.79865,1.00,1.30
2010.05.05 01:42:35.699,1.7979,1.79865,1.00,2.90
2010.05.05 01:42:36.007,1.79795,1.79875,1.30,1.00
2010.05.05 01:42:36.343,1.79795,1.7988,1.30,1.30
2010.05.05 01:42:37.023,1.79795,1.79875,1.30,1.00
2010.05.05 01:42:37.465,1.79795,1.7988,1.30,1.30
2010.05.05 01:42:38.323,1.79795,1.79875,1.30,1.00
2010.05.05 01:42:38.594,1.7979,1.79875,1.30,1.50
2010.05.05 01:42:40.334,1.7979,1.79865,1.30,1.00
2010.05.05 01:42:40.630,1.79775,1.7986,1.30,1.30
2010.05.05 01:42:41.196,1.79775,1.79855,1.00,2.00
2010.05.05 01:42:42.777,1.7977,1.7985,1.30,1.00
2010.05.05 01:42:42.964,1.79765,1.7985,2.00,2.00
2010.05.05 01:42:43.065,1.79765,1.79845,2.00,1.00
2010.05.05 01:42:44.365,1.79765,1.7985,2.00,2.00
2010.05.05 01:42:44.684,1.79775,1.79855,1.00,2.00
2010.05.05 01:42:44.927,1.79795,1.79875,1.00,5.70
2010.05.05 01:42:45.242,1.79795,1.79855,1.00,1.30
2010.05.05 01:42:45.487,1.79775,1.79855,1.00,2.00
2010.05.05 01:42:46.033,1.79775,1.79855,1.00,2.10
2010.05.05 01:42:49.371,1.79775,1.79855,1.00,2.00
2010.05.05 01:42:49.534,1.79785,1.7986,1.00,3.20
2010.05.05 01:42:49.703,1.79785,1.79865,1.00,1.00
2010.05.05 01:42:59.322,1.7978,1.79865,2.00,1.00
2010.05.05 01:42:59.483,1.7978,1.79855,1.00,1.00
2010.05.05 01:43:00.274,1.7979,1.79865,1.30,2.30
2010.05.05 01:43:00.443,1.7979,1.79865,1.30,2.20
2010.05.05 01:43:00.755,1.79775,1.7986,1.30,1.30
2010.05.05 01:43:01.728,1.79775,1.79855,1.30,1.00
2010.05.05 01:43:01.993,1.7977,1.79855,1.30,1.30
2010.05.05 01:43:02.253,1.79785,1.79865,1.00,1.50
2010.05.05 01:43:02.998,1.79785,1.79865,1.00,1.30
2010.05.05 01:43:03.277,1.798,1.7988,1.00,2.00
2010.05.05 01:43:03.544,1.798,1.79875,1.00,1.00
2010.05.05 01:43:03.864,1.798,1.7988,1.00,2.00
2010.05.05 01:43:04.186,1.7982,1.79885,1.00,3.20
2010.05.05 01:43:04.507,1.7982,1.799,1.00,2.00
2010.05.05 01:43:06.221,1.7982,1.79895,1.00,1.00
2010.05.05 01:43:08.176,1.7982,1.79885,1.00,1.00
2010.05.05 01:43:08.362,1.7982,1.79895,1.00,1.00
2010.05.05 01:43:08.704,1.79815,1.79875,1.30,1.00
2010.05.05 01:43:09.044,1.7981,1.79895,1.00,2.10
2010.05.05 01:43:09.510,1.7981,1.7989,1.00,2.90
2010.05.05 01:43:09.826,1.79805,1.79885,2.00,1.00
2010.05.05 01:43:10.144,1.79805,1.79885,1.00,2.10
2010.05.05 01:43:12.346,1.79805,1.79875,1.00,1.00
2010.05.05 01:43:12.452,1.79805,1.79885,1.00,2.10
2010.05.05 01:43:13.477,1.79805,1.79875,1.00,1.00
2010.05.05 01:43:13.813,1.79805,1.79885,1.00,2.10
2010.05.05 01:43:14.563,1.79805,1.79875,1.00,1.30
2010.05.05 01:43:15.185,1.7979,1.79875,2.00,2.00
2010.05.05 01:43:16.167,1.7979,1.79875,2.00,2.10
2010.05.05 01:43:20.325,1.7979,1.79875,2.00,2.00
2010.05.05 01:43:20.740,1.7979,1.79865,2.00,1.00
2010.05.05 01:43:21.065,1.7979,1.79875,2.00,2.10
2010.05.05 01:43:25.846,1.7979,1.79875,2.00,2.00
2010.05.05 01:43:25.992,1.7979,1.79875,2.00,2.10
2010.05.05 01:43:28.165,1.7979,1.79865,2.00,1.00
2010.05.05 01:43:28.273,1.7979,1.7986,1.00,1.30
2010.05.05 01:43:28.494,1.7978,1.7986,1.00,2.00
2010.05.05 01:43:30.463,1.79785,1.7986,1.00,1.30
2010.05.05 01:43:30.753,1.79785,1.79865,1.00,3.40
2010.05.05 01:43:31.044,1.79785,1.79865,1.00,1.80
2010.05.05 01:43:31.194,1.79785,1.79865,1.00,1.40
2010.05.05 01:43:31.685,1.7978,1.79855,1.00,1.00
2010.05.05 01:43:38.057,1.7978,1.79855,1.00,1.00
2010.05.05 01:43:41.366,1.7978,1.7986,1.00,3.60
2010.05.05 01:43:41.654,1.7979,1.79875,2.00,5.30
2010.05.05 01:43:42.524,1.7979,1.79865,2.00,1.00
2010.05.05 01:43:42.797,1.79785,1.79855,1.00,1.00
2010.05.05 01:43:43.357,1.79775,1.79855,2.00,1.00
2010.05.05 01:43:43.663,1.79775,1.7986,2.00,2.00
2010.05.05 01:43:43.974,1.79775,1.79855,2.00,1.00
2010.05.05 01:43:44.594,1.7979,1.79865,1.00,1.60
2010.05.05 01:43:44.915,1.7979,1.79865,1.00,1.30
2010.05.05 01:43:45.236,1.7978,1.79865,2.00,2.00
2010.05.05 01:43:45.557,1.79795,1.79875,1.00,2.10
2010.05.05 01:43:45.813,1.79795,1.79875,1.00,1.00
2010.05.05 01:43:47.873,1.79795,1.7987,1.00,1.60
2010.05.05 01:43:47.953,1.79795,1.7987,1.00,3.20
2010.05.05 01:43:48.198,1.79785,1.79865,1.00,2.00
2010.05.05 01:43:48.678,1.79795,1.7988,1.00,3.60
2010.05.05 01:43:49.533,1.79795,1.79875,1.00,1.00
2010.05.05 01:43:50.413,1.79795,1.7988,1.00,3.60
2010.05.05 01:43:50.884,1.79795,1.79875,1.00,1.00
2010.05.05 01:43:52.694,1.79785,1.79865,1.00,2.00
2010.05.05 01:43:53.824,1.79785,1.79865,1.00,2.10
2010.05.05 01:43:55.863,1.79785,1.79855,1.00,1.00
2010.05.05 01:43:55.953,1.79775,1.79855,2.00,1.00
2010.05.05 01:43:56.712,1.79775,1.7986,2.00,2.00
2010.05.05 01:43:56.803,1.79785,1.7986,1.00,1.30
2010.05.05 01:43:57.175,1.79805,1.79875,1.30,1.00
2010.05.05 01:43:57.725,1.79795,1.7988,1.00,3.60
2010.05.05 01:43:58.017,1.79795,1.79865,1.00,1.30
2010.05.05 01:43:58.164,1.79795,1.7988,1.00,3.60
2010.05.05 01:43:58.995,1.79795,1.79875,1.00,1.00
2010.05.05 01:43:59.303,1.79795,1.79865,1.00,1.00
2010.05.05 01:43:59.603,1.7979,1.79865,1.00,1.00
2010.05.05 01:44:00.323,1.7979,1.7987,1.00,2.00
2010.05.05 01:44:02.057,1.79805,1.79885,1.00,2.10
2010.05.05 01:44:13.213,1.798,1.79885,2.00,2.10
2010.05.05 01:44:22.247,1.79805,1.79885,1.30,1.00
2010.05.05 01:44:22.383,1.79815,1.79885,1.00,1.00
2010.05.05 01:44:22.524,1.79815,1.7989,1.00,4.50
2010.05.05 01:44:23.076,1.79815,1.79895,2.00,1.00
2010.05.05 01:44:23.382,1.79815,1.7989,1.30,1.00
2010.05.05 01:44:23.667,1.7982,1.79905,1.30,3.50
2010.05.05 01:44:23.955,1.7982,1.79905,1.30,3.10
2010.05.05 01:44:37.825,1.7982,1.79905,1.30,1.50
2010.05.05 01:44:38.133,1.79825,1.79905,1.30,1.00
2010.05.05 01:44:40.436,1.7984,1.79925,1.30,1.40
2010.05.05 01:44:40.656,1.79835,1.7992,1.00,1.30
2010.05.05 01:44:41.205,1.7984,1.79925,1.30,1.50
2010.05.05 01:44:42.224,1.7983,1.79915,1.30,1.00
2010.05.05 01:44:44.082,1.7983,1.79915,2.00,1.00
2010.05.05 01:44:48.005,1.7983,1.79905,2.00,1.00
2010.05.05 01:44:48.145,1.7983,1.79915,2.00,1.00
2010.05.05 01:44:55.855,1.7983,1.79915,2.00,1.00
2010.05.05 01:44:56.262,1.7983,1.79915,2.00,1.00
2010.05.05 01:45:03.173,1.7983,1.7992,2.00,1.30
2010.05.05 01:45:03.374,1.79835,1.79925,1.30,1.60
2010.05.05 01:45:03.473,1.79835,1.79925,1.30,1.00
2010.05.05 01:45:03.573,1.79835,1.79925,1.30,1.60
2010.05.05 01:45:03.673,1.7983,1.7992,2.00,1.30
2010.05.05 01:45:05.493,1.7983,1.79915,2.00,1.00
2010.05.05 01:45:06.805,1.7983,1.79915,1.30,1.00
2010.05.05 01:45:08.310,1.7983,1.79905,1.30,1.00
2010.05.05 01:45:08.635,1.7983,1.79915,1.30,1.00
2010.05.05 01:45:16.822,1.7983,1.7992,1.30,1.30
2010.05.05 01:45:16.983,1.79835,1.79935,1.30,3.30
2010.05.05 01:45:17.814,1.79835,1.79925,1.30,1.00
2010.05.05 01:45:17.973,1.79835,1.79935,1.30,3.30
2010.05.05 01:45:22.571,1.79835,1.79925,1.30,1.00
2010.05.05 01:45:23.712,1.79835,1.79935,1.30,3.30
2010.05.05 01:45:24.883,1.7983,1.7992,2.00,1.30
2010.05.05 01:45:25.063,1.7983,1.7992,1.30,1.30
2010.05.05 01:45:26.911,1.7983,1.79915,1.30,1.00
2010.05.05 01:45:31.042,1.7984,1.79925,1.30,1.50
2010.05.05 01:45:31.394,1.7984,1.79915,1.30,1.00
2010.05.05 01:45:31.613,1.7984,1.79925,1.30,1.50
2010.05.05 01:45:33.406,1.7984,1.79915,1.30,1.00
2010.05.05 01:45:33.625,1.7983,1.79915,1.30,1.00
2010.05.05 01:45:34.234,1.7983,1.79905,1.30,1.00
2010.05.05 01:45:34.455,1.7983,1.79915,1.30,1.00
2010.05.05 01:45:35.449,1.7983,1.79905,1.30,1.00
2010.05.05 01:45:35.733,1.7983,1.79915,1.30,1.00
2010.05.05 01:45:36.846,1.7983,1.79905,1.30,1.00
2010.05.05 01:45:37.063,1.7983,1.79915,1.30,1.00
2010.05.05 01:45:37.396,1.7983,1.79905,1.30,1.00
2010.05.05 01:45:37.738,1.7983,1.79915,1.30,1.00
2010.05.05 01:45:39.349,1.7983,1.79905,1.30,1.00
2010.05.05 01:45:39.886,1.7983,1.79915,1.30,1.00
2010.05.05 01:45:40.368,1.7983,1.79905,1.30,1.00
2010.05.05 01:45:43.580,1.7983,1.79915,1.30,1.50
2010.05.05 01:45:44.608,1.7983,1.79905,1.30,1.00
2010.05.05 01:45:46.768,1.7983,1.79915,1.30,1.50
2010.05.05 01:45:46.849,1.7983,1.79905,1.30,1.00
2010.05.05 01:45:46.926,1.7983,1.79915,1.30,1.50
2010.05.05 01:45:50.729,1.7983,1.79905,1.30,1.00
2010.05.05 01:45:50.926,1.79825,1.79905,1.30,1.00
2010.05.05 01:45:56.647,1.79825,1.79905,1.70,1.00
2010.05.05 01:45:56.836,1.79825,1.7991,1.70,1.30
2010.05.05 01:45:57.368,1.7983,1.79915,4.50,1.00
2010.05.05 01:45:57.556,1.7983,1.79925,4.50,1.00
2010.05.05 01:45:59.436,1.7983,1.79915,4.50,1.00
2010.05.05 01:45:59.727,1.7983,1.79915,3.20,1.00
2010.05.05 01:45:59.930,1.79825,1.79915,1.60,1.00
2010.05.05 01:46:01.296,1.79815,1.79915,2.00,4.70
2010.05.05 01:46:01.576,1.79815,1.7991,1.30,1.60
2010.05.05 01:46:01.857,1.7981,1.79895,2.80,1.00
2010.05.05 01:46:02.324,1.798,1.799,2.00,4.50
2010.05.05 01:46:02.750,1.79815,1.79915,1.30,4.70
2010.05.05 01:46:04.110,1.79815,1.79905,1.30,1.00
2010.05.05 01:46:04.420,1.79815,1.79905,1.30,1.70
2010.05.05 01:46:04.609,1.7981,1.79905,1.30,1.60
2010.05.05 01:46:04.798,1.79815,1.79915,1.30,4.70
2010.05.05 01:46:05.166,1.79815,1.79895,1.30,1.00
2010.05.05 01:46:05.629,1.79815,1.79895,1.30,1.00
2010.05.05 01:46:05.881,1.7981,1.79905,2.00,1.60
2010.05.05 01:46:06.127,1.79815,1.79915,1.30,4.70
2010.05.05 01:46:08.557,1.79825,1.79915,1.00,4.50
2010.05.05 01:46:08.676,1.79835,1.79915,1.00,4.50
2010.05.05 01:46:09.203,1.79845,1.79915,1.30,1.60
2010.05.05 01:46:09.551,1.79845,1.79935,1.30,1.00
2010.05.05 01:46:09.889,1.79835,1.79935,1.30,3.30
2010.05.05 01:46:15.656,1.79835,1.7993,1.30,1.00
2010.05.05 01:46:15.817,1.7983,1.7992,1.30,1.30
2010.05.05 01:46:16.747,1.7984,1.79925,1.30,2.90
2010.05.05 01:46:17.087,1.7984,1.79925,1.30,1.30
2010.05.05 01:46:17.992,1.7984,1.79925,1.30,1.50
2010.05.05 01:46:21.332,1.7984,1.79915,1.30,1.00
2010.05.05 01:46:21.487,1.7984,1.79925,1.30,1.50
2010.05.05 01:46:21.808,1.79835,1.7992,1.00,1.30
2010.05.05 01:46:21.966,1.79835,1.79915,1.00,1.00
2010.05.05 01:46:22.116,1.7983,1.79915,2.00,1.00
2010.05.05 01:46:41.380,1.79825,1.7991,1.30,1.30
2010.05.05 01:46:41.657,1.79825,1.79905,1.30,1.00
2010.05.05 01:46:42.031,1.79825,1.7991,1.30,1.30
2010.05.05 01:46:42.306,1.79825,1.79905,1.30,1.00
2010.05.05 01:46:43.370,1.79825,1.7991,1.30,1.30
2010.05.05 01:46:49.510,1.79825,1.79905,1.30,1.00
2010.05.05 01:47:07.467,1.7982,1.79905,1.30,1.50
2010.05.05 01:47:08.587,1.7982,1.79895,1.30,1.00
2010.05.05 01:47:08.888,1.79805,1.79885,1.30,1.00
2010.05.05 01:47:09.257,1.79815,1.79895,1.30,1.70
2010.05.05 01:47:09.641,1.79815,1.79895,1.30,1.00
2010.05.05 01:47:13.807,1.79815,1.79885,1.30,1.00
2010.05.05 01:47:13.916,1.79815,1.79885,1.30,1.00
2010.05.05 01:47:14.405,1.79805,1.79885,1.30,1.00
2010.05.05 01:47:14.691,1.798,1.79885,1.30,1.50
2010.05.05 01:47:14.972,1.79805,1.79885,1.30,3.30
2010.05.05 01:47:15.259,1.79805,1.79885,1.30,1.00
2010.05.05 01:47:15.858,1.79805,1.7989,1.30,1.30
2010.05.05 01:47:16.417,1.79815,1.79895,1.30,1.00
2010.05.05 01:47:19.975,1.79805,1.7989,1.30,1.30
2010.05.05 01:47:24.778,1.798,1.79885,1.30,1.50
2010.05.05 01:47:25.547,1.79805,1.7989,1.30,1.30
2010.05.05 01:47:27.507,1.79815,1.79895,1.30,3.30
2010.05.05 01:47:27.647,1.79815,1.79895,1.30,1.00
2010.05.05 01:47:37.421,1.79815,1.79895,1.30,3.30
2010.05.05 01:47:37.652,1.7984,1.7991,1.00,1.00
2010.05.05 01:47:37.890,1.79855,1.79925,1.00,4.70
2010.05.05 01:47:38.122,1.79855,1.79925,1.00,1.60
2010.05.05 01:47:38.645,1.79855,1.79935,1.00,2.50
2010.05.05 01:47:38.989,1.7985,1.7993,1.00,2.00
2010.05.05 01:47:39.327,1.7985,1.79925,1.00,1.00
2010.05.05 01:47:39.667,1.7985,1.79925,1.00,1.00
2010.05.05 01:47:48.326,1.79845,1.79925,2.00,1.00
2010.05.05 01:47:57.909,1.79835,1.7992,1.30,2.00
2010.05.05 01:47:58.170,1.7986,1.79935,1.30,4.80
2010.05.05 01:47:58.427,1.7986,1.79945,1.30,1.30
2010.05.05 01:48:02.978,1.79885,1.79945,1.60,1.30
2010.05.05 01:48:07.866,1.7986,1.79945,1.30,1.30
2010.05.05 01:48:20.906,1.7986,1.79945,1.30,2.00
2010.05.05 01:48:21.249,1.79855,1.7994,1.00,1.30
2010.05.05 01:48:21.317,1.7985,1.7994,1.30,1.30
2010.05.05 01:48:24.188,1.7986,1.79945,1.30,1.30
2010.05.05 01:48:24.427,1.79855,1.7994,1.00,1.30
2010.05.05 01:48:24.665,1.7986,1.79945,1.30,1.30
2010.05.05 01:48:29.846,1.7986,1.7991,1.30,1.60
2010.05.05 01:48:34.506,1.7986,1.7992,1.30,1.60
2010.05.05 01:48:39.856,1.7986,1.79945,1.30,1.30
2010.05.05 01:48:45.842,1.7985,1.7994,1.30,1.30
2010.05.05 01:48:55.207,1.7984,1.79925,2.80,2.00
2010.05.05 01:48:55.295,1.7984,1.79925,2.00,2.00
2010.05.05 01:49:04.736,1.79845,1.79925,1.00,2.00
2010.05.05 01:49:25.231,1.7984,1.79925,2.00,2.00
2010.05.05 01:49:25.597,1.7984,1.79925,2.00,2.00
2010.05.05 01:49:38.808,1.79835,1.7992,1.00,2.00
2010.05.05 01:49:39.350,1.7984,1.7992,1.30,1.00
2010.05.05 01:49:39.628,1.7984,1.79925,2.00,2.00
2010.05.05 01:49:41.798,1.7984,1.79925,2.00,2.10
2010.05.05 01:49:42.252,1.79835,1.7992,1.00,2.00
2010.05.05 01:49:42.408,1.79835,1.7992,1.00,2.00
2010.05.05 01:49:42.567,1.79855,1.7993,1.00,1.30
2010.05.05 01:49:43.007,1.7985,1.79925,1.30,1.00
2010.05.05 01:49:43.300,1.7984,1.79925,2.00,2.00
2010.05.05 01:49:49.560,1.79845,1.79925,1.00,2.00
2010.05.05 01:49:49.952,1.7985,1.7993,1.00,2.00
2010.05.05 01:49:50.298,1.7985,1.7993,1.00,2.00
2010.05.05 01:49:51.009,1.79855,1.7994,2.00,2.00
2010.05.05 01:49:51.478,1.7985,1.7993,1.00,2.00
2010.05.05 01:49:54.450,1.7985,1.79925,1.00,1.30
2010.05.05 01:49:54.978,1.7984,1.79925,2.00,2.00
2010.05.05 01:49:59.282,1.79845,1.79925,1.00,2.00
2010.05.05 01:49:59.678,1.79845,1.79925,1.50,1.00
2010.05.05 01:49:59.970,1.7985,1.7993,1.00,2.00
2010.05.05 01:50:06.879,1.7985,1.79925,1.00,1.00
2010.05.05 01:50:06.928,1.7985,1.79925,1.00,1.50
2010.05.05 01:50:06.995,1.7985,1.79925,1.00,1.30
2010.05.05 01:50:07.026,1.7984,1.79925,2.00,2.00
2010.05.05 01:50:15.816,1.7985,1.79925,1.30,1.00
2010.05.05 01:50:15.936,1.7985,1.7994,1.30,4.50
2010.05.05 01:50:16.057,1.7985,1.7994,1.30,1.30
2010.05.05 01:50:19.556,1.7985,1.7994,4.90,1.30
2010.05.05 01:50:34.272,1.7985,1.7993,3.30,1.60
2010.05.05 01:50:34.357,1.7985,1.79925,1.70,1.60
2010.05.05 01:50:34.821,1.7985,1.79925,3.30,1.60
2010.05.05 01:50:35.156,1.7985,1.7994,4.90,1.30
2010.05.05 01:50:35.498,1.7985,1.7993,4.50,1.00
2010.05.05 01:50:35.617,1.7985,1.7993,1.30,1.00
2010.05.05 01:50:35.737,1.7984,1.79925,2.90,1.30
2010.05.05 01:50:36.158,1.7984,1.79925,1.30,1.30
2010.05.05 01:50:36.399,1.7984,1.79925,1.70,1.30
2010.05.05 01:50:36.741,1.79845,1.7993,5.10,1.30
2010.05.05 01:50:38.638,1.7985,1.79925,1.30,1.60
2010.05.05 01:50:39.972,1.7985,1.7993,2.90,1.60
2010.05.05 01:50:40.266,1.7985,1.7994,4.50,1.30
2010.05.05 01:50:41.034,1.79865,1.79945,1.30,1.00
2010.05.05 01:50:41.196,1.79865,1.79945,1.30,1.00
2010.05.05 01:50:41.436,1.7987,1.7995,1.00,2.00
2010.05.05 01:50:41.516,1.7987,1.7995,1.00,1.00
2010.05.05 01:50:41.958,1.7985,1.7994,4.50,1.30
2010.05.05 01:50:51.189,1.79875,1.7995,1.30,1.00
2010.05.05 01:50:51.468,1.79895,1.79965,1.00,1.30
2010.05.05 01:50:51.747,1.79895,1.79975,1.00,2.00
2010.05.05 01:50:54.506,1.79895,1.79975,1.00,2.00
2010.05.05 01:50:54.859,1.799,1.7998,1.00,1.70
2010.05.05 01:50:55.150,1.79895,1.7996,1.30,1.00
2010.05.05 01:50:55.731,1.79885,1.7997,1.00,2.40
2010.05.05 01:50:55.987,1.79885,1.7997,1.00,2.40
2010.05.05 01:50:58.405,1.79895,1.7997,1.00,1.70
2010.05.05 01:50:58.607,1.79895,1.7997,1.00,1.00
2010.05.05 01:51:01.758,1.79895,1.79965,1.00,1.00
2010.05.05 01:51:09.098,1.7989,1.7995,1.30,1.00
2010.05.05 01:51:09.910,1.7988,1.7995,1.00,1.00
2010.05.05 01:51:11.843,1.7988,1.7995,2.00,1.00
2010.05.05 01:51:12.193,1.79885,1.7996,1.00,1.00
2010.05.05 01:51:12.240,1.79885,1.79965,1.00,1.00
2010.05.05 01:51:13.776,1.79885,1.79965,1.00,1.00
2010.05.05 01:51:14.287,1.7988,1.7996,2.00,1.00
2010.05.05 01:51:14.417,1.7988,1.7996,1.00,2.00
2010.05.05 01:51:17.861,1.79895,1.79965,1.00,1.00
2010.05.05 01:51:19.780,1.7988,1.7995,1.00,1.00
2010.05.05 01:51:20.991,1.79895,1.7995,1.00,1.00
2010.05.05 01:51:21.451,1.79885,1.79955,1.00,1.00
2010.05.05 01:51:21.689,1.79895,1.79955,1.00,1.00
2010.05.05 01:51:21.927,1.79895,1.7996,1.00,1.00
2010.05.05 01:51:23.008,1.79885,1.7996,1.00,1.00
2010.05.05 01:51:23.293,1.7988,1.7995,1.00,1.00
2010.05.05 01:51:24.831,1.79885,1.7995,1.00,1.00
2010.05.05 01:51:25.310,1.79885,1.7996,1.00,1.20
2010.05.05 01:51:25.649,1.79885,1.7996,1.00,1.20
2010.05.05 01:51:25.786,1.79885,1.79955,1.00,1.30
2010.05.05 01:51:25.927,1.79875,1.79955,1.00,2.00
2010.05.05 01:51:40.782,1.79875,1.79955,1.00,1.70
2010.05.05 01:51:48.276,1.7987,1.7995,1.30,1.00
2010.05.05 01:51:48.476,1.79865,1.7995,2.00,2.00
2010.05.05 01:51:48.902,1.79865,1.79935,1.00,1.30
2010.05.05 01:51:48.961,1.79865,1.79935,1.30,1.00
2010.05.05 01:51:49.059,1.79855,1.79935,1.00,1.70
2010.05.05 01:51:49.158,1.79865,1.79935,1.00,1.70
2010.05.05 01:51:49.656,1.7987,1.79945,1.00,2.10
2010.05.05 01:51:50.001,1.79875,1.7995,1.00,1.00
2010.05.05 01:51:50.618,1.79895,1.79965,1.00,1.60
2010.05.05 01:51:50.691,1.7988,1.79965,1.00,2.40
2010.05.05 01:51:53.098,1.79895,1.79965,1.00,1.00
2010.05.05 01:51:53.520,1.79885,1.79965,1.00,1.00
2010.05.05 01:51:54.518,1.79895,1.79965,1.00,1.00
2010.05.05 01:51:54.859,1.7987,1.7995,2.00,1.00
2010.05.05 01:51:55.297,1.7989,1.7995,1.30,1.00
2010.05.05 01:51:55.638,1.7988,1.7995,1.00,1.00
2010.05.05 01:51:58.816,1.7988,1.7995,2.20,1.00
2010.05.05 01:52:00.831,1.7988,1.7996,2.20,2.50
2010.05.05 01:52:01.077,1.7988,1.7996,2.20,1.70
2010.05.05 01:52:01.577,1.7988,1.7996,1.00,1.70
2010.05.05 01:52:10.776,1.7988,1.79955,1.00,1.00
2010.05.05 01:52:20.409,1.7988,1.7995,1.00,1.30
2010.05.05 01:52:20.667,1.79865,1.7994,2.00,1.00
2010.05.05 01:52:31.231,1.79855,1.79925,1.00,1.00
2010.05.05 01:52:31.477,1.79855,1.79935,1.00,2.80
2010.05.05 01:52:31.646,1.79855,1.79935,1.00,2.00
2010.05.05 01:52:31.726,1.79865,1.7994,2.00,1.00
2010.05.05 01:52:35.460,1.79865,1.7994,2.10,1.00
2010.05.05 01:52:35.639,1.7986,1.7994,1.00,1.00
2010.05.05 01:52:35.828,1.7985,1.7993,1.00,1.70
2010.05.05 01:52:36.018,1.7987,1.79935,1.30,1.00
2010.05.05 01:52:36.208,1.79875,1.79935,1.00,1.00
2010.05.05 01:52:36.527,1.79875,1.79945,1.00,1.70
2010.05.05 01:52:36.955,1.7985,1.79925,1.00,1.00
2010.05.05 01:52:37.271,1.7986,1.79925,1.00,1.00
2010.05.05 01:52:37.479,1.79875,1.7993,1.00,1.00
2010.05.05 01:52:37.686,1.79875,1.7995,1.00,1.00
2010.05.05 01:52:41.038,1.7989,1.79955,1.00,2.10
2010.05.05 01:52:41.126,1.7989,1.79955,1.00,1.30
2010.05.05 01:52:41.175,1.7989,1.7996,1.00,1.00
2010.05.05 01:52:41.256,1.79895,1.7996,1.00,1.00
2010.05.05 01:52:41.378,1.79895,1.7996,1.00,1.00
2010.05.05 01:52:41.700,1.79895,1.7996,1.00,1.00
2010.05.05 01:52:41.749,1.7988,1.7996,2.00,1.00
2010.05.05 01:52:45.956,1.7988,1.7996,3.60,1.00
2010.05.05 01:52:46.252,1.79895,1.7996,1.00,1.00
2010.05.05 01:52:50.887,1.7988,1.79955,2.00,1.00
2010.05.05 01:52:51.456,1.7988,1.79955,1.00,1.70
2010.05.05 01:52:51.689,1.7988,1.79955,2.00,1.00
2010.05.05 01:52:52.026,1.7988,1.7995,1.00,1.30
2010.05.05 01:52:52.261,1.7987,1.79945,1.00,1.00
2010.05.05 01:52:52.729,1.79865,1.7994,1.40,1.00
2010.05.05 01:52:52.980,1.79865,1.79945,1.00,2.00
2010.05.05 01:52:53.229,1.79875,1.7996,1.60,1.30
2010.05.05 01:52:53.779,1.79875,1.7996,1.70,1.30
2010.05.05 01:52:54.943,1.79875,1.7996,1.60,1.30
2010.05.05 01:52:55.884,1.79875,1.7996,1.70,1.30
2010.05.05 01:53:07.182,1.79875,1.7995,1.70,1.30
2010.05.05 01:53:07.282,1.79865,1.7995,4.50,1.70
2010.05.05 01:53:07.367,1.79865,1.7995,4.70,1.70
2010.05.05 01:53:07.537,1.79865,1.7995,1.50,1.70
2010.05.05 01:53:07.696,1.79865,1.7995,4.70,1.70
2010.05.05 01:53:07.906,1.79865,1.7995,4.50,1.70
2010.05.05 01:53:08.516,1.79865,1.7995,4.70,1.70
2010.05.05 01:53:12.347,1.79865,1.79945,3.30,1.30
2010.05.05 01:53:12.708,1.7986,1.79945,2.90,1.30
2010.05.05 01:53:15.878,1.7985,1.7993,1.00,2.00
2010.05.05 01:53:16.361,1.7985,1.7993,2.00,1.00
2010.05.05 01:53:16.588,1.79855,1.79935,1.00,1.00
2010.05.05 01:53:16.797,1.7985,1.7993,1.00,2.00
2010.05.05 01:53:17.513,1.79855,1.7993,1.00,2.00
2010.05.05 01:53:17.921,1.7985,1.7993,1.00,2.00
2010.05.05 01:53:18.361,1.79855,1.7993,1.00,2.00
2010.05.05 01:53:18.576,1.7985,1.7993,1.00,2.00
2010.05.05 01:53:19.899,1.79855,1.7993,1.00,2.00
2010.05.05 01:53:20.568,1.7985,1.7993,1.00,2.00
2010.05.05 01:53:20.975,1.79855,1.7993,1.00,2.00
2010.05.05 01:53:21.096,1.7985,1.7993,1.00,2.00
2010.05.05 01:53:22.682,1.79855,1.7993,1.00,2.00
2010.05.05 01:53:23.694,1.79855,1.7993,1.00,2.00
2010.05.05 01:53:24.026,1.7985,1.7993,1.00,2.00
2010.05.05 01:53:24.316,1.79855,1.7993,1.00,2.00
2010.05.05 01:53:36.979,1.7985,1.7993,1.00,2.00
2010.05.05 01:53:40.969,1.7986,1.79945,2.00,2.50
2010.05.05 01:53:41.052,1.7986,1.79945,2.00,1.70
2010.05.05 01:53:50.961,1.7986,1.79945,2.00,2.00
2010.05.05 01:54:05.579,1.79865,1.79945,1.50,1.00
2010.05.05 01:54:05.768,1.7987,1.7995,1.00,1.70
2010.05.05 01:54:14.699,1.7987,1.7995,1.00,2.00
2010.05.05 01:54:21.420,1.7987,1.79945,1.00,1.30
2010.05.05 01:54:21.707,1.79865,1.79945,1.70,1.00
2010.05.05 01:54:22.030,1.79865,1.79945,1.00,2.00
2010.05.05 01:54:22.170,1.7986,1.79945,2.00,2.00
2010.05.05 01:54:26.209,1.79865,1.79945,1.00,2.00
2010.05.05 01:54:34.140,1.7987,1.79945,1.00,1.30
2010.05.05 01:54:34.358,1.7987,1.7995,1.00,1.70
2010.05.05 01:54:40.994,1.7987,1.7995,1.00,2.00
2010.05.05 01:54:55.606,1.79855,1.7994,2.00,2.00
2010.05.05 01:54:56.919,1.79855,1.7994,2.10,2.00
2010.05.05 01:54:57.346,1.79855,1.7994,2.00,2.00
2010.05.05 01:54:57.436,1.79845,1.79925,1.00,2.00
2010.05.05 01:54:57.616,1.79855,1.79925,1.30,1.00
2010.05.05 01:54:57.796,1.79855,1.7994,2.00,3.60
2010.05.05 01:54:58.316,1.79855,1.7994,2.00,2.00
2010.05.05 01:54:59.119,1.79855,1.7994,3.60,2.00
2010.05.05 01:54:59.148,1.79855,1.7994,3.70,2.00
2010.05.05 01:55:00.066,1.79855,1.7994,2.10,2.00
2010.05.05 01:55:06.746,1.79855,1.7993,1.00,1.30
2010.05.05 01:55:07.257,1.7985,1.7993,1.00,1.30
2010.05.05 01:55:08.720,1.79855,1.79935,1.30,1.00
2010.05.05 01:55:08.917,1.79855,1.79935,1.50,1.00
2010.05.05 01:55:09.107,1.79855,1.7994,2.10,2.00
2010.05.05 01:55:17.129,1.79855,1.7994,2.00,2.00
2010.05.05 01:55:17.277,1.79855,1.7994,2.10,2.00
2010.05.05 01:55:17.937,1.79865,1.7994,1.00,2.00
2010.05.05 01:55:18.237,1.79865,1.7994,1.00,1.30
2010.05.05 01:55:18.427,1.79865,1.79945,1.00,2.00
2010.05.05 01:55:29.107,1.79865,1.79945,1.00,2.10
2010.05.05 01:55:29.298,1.79855,1.7994,2.00,2.00
2010.05.05 01:55:29.670,1.79855,1.79935,1.30,1.00
2010.05.05 01:55:29.929,1.79855,1.7994,2.10,2.00
2010.05.05 01:55:41.299,1.79865,1.79945,1.00,2.00
2010.05.05 01:56:14.709,1.79875,1.79945,1.00,2.00
2010.05.05 01:56:14.801,1.79865,1.79945,1.00,2.00
2010.05.05 01:56:14.887,1.7987,1.79945,1.30,1.00
2010.05.05 01:56:14.927,1.7987,1.79955,2.00,2.00
2010.05.05 01:56:17.699,1.79875,1.79955,1.00,2.00
2010.05.05 01:56:17.954,1.7988,1.7996,1.00,2.00
2010.05.05 01:56:18.512,1.79885,1.79965,1.00,1.30
2010.05.05 01:56:22.607,1.79885,1.79965,1.00,1.30
2010.05.05 01:56:22.697,1.7987,1.79955,2.00,2.00
2010.05.05 01:56:23.959,1.7986,1.7994,1.00,1.30
2010.05.05 01:56:25.278,1.7987,1.79955,2.90,1.30
2010.05.05 01:56:25.518,1.7988,1.79955,1.30,1.00
2010.05.05 01:56:26.034,1.79875,1.79955,1.00,2.00
2010.05.05 01:56:26.151,1.7986,1.7994,1.00,1.30
2010.05.05 01:56:26.266,1.7986,1.7993,1.00,1.30
2010.05.05 01:56:26.377,1.79845,1.7993,3.70,2.00
2010.05.05 01:56:26.487,1.79845,1.7993,2.10,2.00
2010.05.05 01:56:32.527,1.7985,1.7993,1.00,2.00
2010.05.05 01:56:32.637,1.7987,1.7993,1.30,1.00
2010.05.05 01:56:32.747,1.7987,1.79955,1.30,1.30
2010.05.05 01:56:33.138,1.79885,1.79965,1.00,1.30
2010.05.05 01:56:36.917,1.79885,1.79965,1.00,1.40
2010.05.05 01:56:36.925,1.79885,1.7996,1.00,1.30
2010.05.05 01:56:37.041,1.7988,1.7996,1.00,2.00
2010.05.05 01:56:37.367,1.79865,1.79945,1.00,1.30
2010.05.05 01:56:37.817,1.7986,1.79945,1.30,1.30
2010.05.05 01:56:38.500,1.79855,1.79935,1.00,2.00
2010.05.05 01:56:38.718,1.79855,1.79935,2.10,1.00
2010.05.05 01:56:38.937,1.7986,1.7994,1.00,1.30
2010.05.05 01:56:41.018,1.79865,1.7994,1.00,1.30
2010.05.05 01:56:56.511,1.7986,1.7994,1.00,1.30
2010.05.05 01:57:00.157,1.79855,1.79935,1.00,2.00
2010.05.05 01:57:06.765,1.7986,1.79935,1.00,1.30
2010.05.05 01:57:06.889,1.79865,1.79935,1.00,1.30
2010.05.05 01:57:07.028,1.79865,1.79945,1.00,1.30
2010.05.05 01:57:07.167,1.79865,1.7995,2.10,2.00
2010.05.05 01:57:07.720,1.79865,1.7995,2.00,2.00
2010.05.05 01:57:23.769,1.79875,1.7995,1.00,2.00
2010.05.05 01:57:24.026,1.79865,1.7995,2.00,2.00
2010.05.05 01:57:24.391,1.79875,1.7995,1.00,2.00
2010.05.05 01:57:24.647,1.79865,1.7995,2.00,2.00
2010.05.05 01:57:31.146,1.79865,1.7993,1.30,1.00
2010.05.05 01:57:31.301,1.7986,1.7993,1.00,1.30
2010.05.05 01:57:31.596,1.7986,1.79935,1.00,1.30
2010.05.05 01:57:31.932,1.7986,1.7994,2.00,2.90
2010.05.05 01:57:32.275,1.79855,1.79935,1.00,2.00
2010.05.05 01:57:34.333,1.7986,1.79935,1.30,1.00
2010.05.05 01:57:34.438,1.7986,1.7994,2.00,1.30
2010.05.05 01:57:40.427,1.79855,1.79935,1.00,2.00
2010.05.05 01:57:40.997,1.7986,1.7994,2.00,1.30
2010.05.05 01:57:47.065,1.79855,1.79935,2.00,2.00
2010.05.05 01:57:47.367,1.79855,1.79935,2.10,2.00
2010.05.05 01:57:47.467,1.79855,1.79935,2.00,2.00
2010.05.05 01:57:48.927,1.79865,1.79935,1.00,2.00
2010.05.05 01:57:49.256,1.79855,1.79935,2.00,2.00
2010.05.05 01:57:49.796,1.79855,1.79935,2.10,2.00
2010.05.05 01:57:50.177,1.7986,1.79935,1.30,1.00
2010.05.05 01:57:50.397,1.7986,1.7994,2.00,1.30
2010.05.05 01:57:56.178,1.79865,1.7994,1.00,1.30
2010.05.05 01:57:56.475,1.79865,1.79945,1.50,1.00
2010.05.05 01:57:56.741,1.79865,1.7995,2.00,2.00
2010.05.05 01:57:57.335,1.79865,1.7995,2.10,2.00
2010.05.05 01:58:00.367,1.79865,1.7995,2.00,2.00
2010.05.05 01:58:00.446,1.79865,1.7995,2.10,2.00
2010.05.05 01:58:03.368,1.79875,1.7995,1.00,2.00
2010.05.05 01:58:03.686,1.79865,1.7995,2.00,2.00
2010.05.05 01:58:04.935,1.79875,1.7995,1.00,2.00
2010.05.05 01:58:05.157,1.79865,1.7995,2.00,2.00
2010.05.05 01:58:05.826,1.79875,1.7995,1.00,2.00
2010.05.05 01:58:06.055,1.79865,1.7995,2.00,2.00
2010.05.05 01:58:06.247,1.79865,1.79945,1.30,1.00
2010.05.05 01:58:06.438,1.7986,1.7994,2.00,1.30
2010.05.05 01:58:08.169,1.79865,1.7994,1.00,1.30
2010.05.05 01:58:08.329,1.79865,1.79945,1.30,1.00
2010.05.05 01:58:08.739,1.7986,1.7994,2.00,1.30
2010.05.05 01:58:12.039,1.79865,1.79945,1.50,1.00
2010.05.05 01:58:12.147,1.79865,1.7995,2.10,2.00
2010.05.05 01:58:12.367,1.79865,1.7995,2.00,2.00
2010.05.05 01:58:12.947,1.79875,1.7995,1.00,2.00
2010.05.05 01:58:13.237,1.79865,1.7995,2.00,2.00
2010.05.05 01:58:13.956,1.79875,1.7995,1.00,2.00
2010.05.05 01:58:14.161,1.79865,1.7995,2.00,2.00
2010.05.05 01:58:14.383,1.79865,1.7995,2.10,2.00
2010.05.05 01:58:15.297,1.79875,1.7995,1.00,1.30
2010.05.05 01:58:15.689,1.79875,1.79955,2.00,2.00
2010.05.05 01:58:15.787,1.79875,1.79955,2.00,2.00
2010.05.05 01:58:16.267,1.79875,1.79955,2.00,2.00
2010.05.05 01:58:20.959,1.79875,1.79955,2.00,2.00
2010.05.05 01:58:21.207,1.7986,1.7994,3.60,1.30
2010.05.05 01:58:21.327,1.7986,1.7994,2.00,1.30
2010.05.05 01:58:23.289,1.79855,1.79935,2.00,2.00
2010.05.05 01:58:24.887,1.79855,1.79935,2.00,2.00
2010.05.05 01:58:27.186,1.79855,1.79935,2.10,2.00
2010.05.05 01:58:27.562,1.79865,1.7995,2.00,3.60
2010.05.05 01:58:27.660,1.7989,1.79975,2.00,1.70
2010.05.05 01:58:28.057,1.7989,1.79975,2.00,2.00
2010.05.05 01:58:29.800,1.79895,1.79975,1.00,2.00
2010.05.05 01:58:30.253,1.79905,1.79975,1.30,1.00
2010.05.05 01:58:30.332,1.79905,1.79985,2.00,2.00
2010.05.05 01:58:32.689,1.79905,1.79985,2.00,2.10
2010.05.05 01:58:32.708,1.79905,1.7998,1.30,1.00
2010.05.05 01:58:32.727,1.79895,1.7998,1.00,1.00
2010.05.05 01:58:33.101,1.79905,1.79985,2.00,2.00
2010.05.05 01:58:33.119,1.79905,1.79985,2.00,2.00
2010.05.05 01:58:33.367,1.79905,1.79985,2.00,2.00
2010.05.05 01:58:33.470,1.79905,1.79985,2.00,2.00
2010.05.05 01:58:35.110,1.79895,1.7998,1.00,1.00
2010.05.05 01:58:35.218,1.79895,1.79975,1.00,1.30
2010.05.05 01:58:35.328,1.799,1.7998,1.30,2.00
2010.05.05 01:58:35.692,1.7989,1.79975,2.00,2.00
2010.05.05 01:58:38.342,1.79895,1.79975,1.00,2.00
2010.05.05 01:58:38.626,1.7989,1.79975,2.00,2.00
2010.05.05 01:58:39.878,1.79895,1.79975,1.00,2.00
2010.05.05 01:58:41.535,1.7989,1.79975,2.00,2.00
2010.05.05 01:58:42.457,1.79905,1.79985,1.00,2.00
2010.05.05 01:58:52.260,1.79905,1.79985,1.00,2.00
2010.05.05 01:58:52.297,1.7991,1.79985,1.30,1.00
2010.05.05 01:58:52.335,1.7991,1.7999,2.00,1.30
2010.05.05 01:58:56.123,1.79915,1.8,2.10,2.00
2010.05.05 01:59:15.211,1.79925,1.8,1.00,2.00
2010.05.05 01:59:15.458,1.79925,1.80005,2.00,2.00
2010.05.05 01:59:27.498,1.79925,1.80005,2.10,2.00
2010.05.05 01:59:30.789,1.79925,1.80005,2.00,2.00
2010.05.05 01:59:30.887,1.79925,1.80005,2.10,2.00
2010.05.05 01:59:31.005,1.79925,1.80005,2.00,2.00
2010.05.05 01:59:38.177,1.7993,1.80005,1.30,1.00
2010.05.05 01:59:38.465,1.79925,1.80005,2.10,2.00
2010.05.05 01:59:38.682,1.79925,1.80005,2.00,2.00
2010.05.05 01:59:40.206,1.79925,1.80005,2.00,1.00
2010.05.05 01:59:41.026,1.79925,1.80005,2.10,1.00
2010.05.05 01:59:43.865,1.79925,1.80005,2.00,1.00
2010.05.05 01:59:45.627,1.79925,1.80005,2.10,1.00
2010.05.05 01:59:45.757,1.7993,1.80015,2.00,1.00
2010.05.05 01:59:45.887,1.7993,1.80005,1.30,1.00
2010.05.05 01:59:46.019,1.79925,1.80005,2.10,1.00
2010.05.05 01:59:46.440,1.79925,1.80005,2.00,1.00
2010.05.05 01:59:53.589,1.79925,1.80005,2.10,1.00
2010.05.05 01:59:53.637,1.7993,1.80005,1.30,1.00
2010.05.05 01:59:53.687,1.7993,1.80015,2.00,1.00
2010.05.05 01:59:54.297,1.7993,1.80015,2.00,1.00
2010.05.05 01:59:56.856,1.7993,1.8,1.30,1.00
2010.05.05 01:59:56.989,1.7992,1.8,2.00,1.00
2010.05.05 01:59:58.517,1.7992,1.7999,2.00,1.00
2010.05.05 01:59:58.598,1.79925,1.7999,1.00,1.00
2010.05.05 01:59:58.678,1.79925,1.80005,1.00,1.40
2010.05.05 01:59:58.759,1.7992,1.79985,1.00,1.30
2010.05.05 01:59:59.493,1.7993,1.8,1.30,1.40
2010.05.05 01:59:59.570,1.79905,1.79985,2.00,1.00
