2010.05.14 09:00:00.058,1.75055,1.7511,1.30,3.20
2010.05.14 09:00:00.403,1.7504,1.75115,1.30,1.60
2010.05.14 09:00:01.503,1.7504,1.75095,1.30,1.60
2010.05.14 09:00:01.820,1.75045,1.75115,1.60,1.70
2010.05.14 09:00:02.309,1.75045,1.75115,3.20,1.50
2010.05.14 09:00:02.653,1.7503,1.751,1.30,1.60
2010.05.14 09:00:02.990,1.7503,1.7511,1.30,3.20
2010.05.14 09:00:03.830,1.75045,1.75125,1.30,3.20
2010.05.14 09:00:04.153,1.7504,1.75125,2.90,4.50
2010.05.14 09:00:04.482,1.7502,1.75095,2.90,1.00
2010.05.14 09:00:05.757,1.75025,1.75095,1.30,1.00
2010.05.14 09:00:05.934,1.75025,1.75095,1.30,3.20
2010.05.14 09:00:07.426,1.75025,1.751,1.30,1.60
2010.05.14 09:00:07.762,1.75015,1.75065,1.30,1.60
2010.05.14 09:00:08.602,1.75035,1.75085,1.50,1.60
2010.05.14 09:00:08.830,1.75035,1.75095,1.50,3.20
2010.05.14 09:00:09.310,1.75045,1.75095,1.30,3.20
2010.05.14 09:00:09.653,1.75025,1.7508,1.50,3.20
2010.05.14 09:00:09.991,1.75035,1.7508,1.30,1.60
2010.05.14 09:00:10.488,1.7502,1.7508,1.30,1.60
2010.05.14 09:00:10.836,1.7501,1.7506,1.30,3.20
2010.05.14 09:00:11.183,1.7501,1.7505,1.30,1.60
2010.05.14 09:00:11.696,1.75,1.75045,1.30,1.60
2010.05.14 09:00:12.057,1.74985,1.75035,1.50,3.20
2010.05.14 09:00:12.403,1.7499,1.7507,1.60,1.60
2010.05.14 09:00:14.172,1.74995,1.7508,4.50,3.20
2010.05.14 09:00:16.063,1.75035,1.751,1.50,1.60
2010.05.14 09:00:16.370,1.7504,1.75095,3.20,1.30
2010.05.14 09:00:16.914,1.7505,1.75095,1.60,1.30
2010.05.14 09:00:17.222,1.75055,1.751,1.30,3.20
2010.05.14 09:00:17.563,1.75055,1.751,1.30,1.60
2010.05.14 09:00:18.054,1.75055,1.75125,1.30,3.30
2010.05.14 09:00:18.398,1.7504,1.7511,1.30,1.60
2010.05.14 09:00:18.748,1.7505,1.75115,1.60,1.30
2010.05.14 09:00:19.561,1.75035,1.75115,3.20,1.30
2010.05.14 09:00:19.900,1.7503,1.7511,1.60,1.60
2010.05.14 09:00:20.764,1.75045,1.75125,1.00,1.60
2010.05.14 09:00:21.060,1.75055,1.75125,1.00,1.60
2010.05.14 09:00:21.361,1.7507,1.75135,1.30,1.60
2010.05.14 09:00:22.104,1.75075,1.7515,2.90,1.60
2010.05.14 09:00:22.396,1.7506,1.751,4.80,1.30
2010.05.14 09:00:22.932,1.7506,1.751,1.60,1.30
2010.05.14 09:00:23.275,1.75045,1.7511,1.60,1.30
2010.05.14 09:00:24.023,1.75035,1.7511,3.20,1.30
2010.05.14 09:00:24.364,1.75045,1.75115,1.60,1.30
2010.05.14 09:00:25.241,1.75035,1.75115,1.00,2.90
2010.05.14 09:00:25.585,1.75055,1.75135,1.60,1.60
2010.05.14 09:00:25.925,1.7507,1.7513,1.30,3.20
2010.05.14 09:00:26.495,1.75065,1.7513,1.30,3.20
2010.05.14 09:00:26.825,1.7506,1.75145,4.50,4.50
2010.05.14 09:00:27.161,1.7506,1.75145,3.20,4.50
2010.05.14 09:00:27.995,1.7507,1.75155,4.50,2.90
2010.05.14 09:00:28.840,1.7508,1.75165,1.60,4.50
2010.05.14 09:00:29.184,1.7508,1.75165,1.60,4.70
2010.05.14 09:00:29.520,1.75075,1.7516,4.50,1.60
2010.05.14 09:00:30.332,1.7508,1.75155,1.60,1.40
2010.05.14 09:00:30.661,1.7507,1.7515,3.20,1.30
2010.05.14 09:00:30.991,1.75065,1.75145,3.20,1.30
2010.05.14 09:00:31.467,1.75065,1.7514,1.60,1.60
2010.05.14 09:00:31.811,1.75065,1.7514,1.00,1.60
2010.05.14 09:00:32.152,1.7506,1.7514,1.60,1.60
2010.05.14 09:00:32.830,1.75055,1.7514,3.00,1.60
2010.05.14 09:00:33.044,1.75055,1.7513,1.30,1.60
2010.05.14 09:00:33.249,1.75045,1.7513,4.70,1.60
2010.05.14 09:00:33.590,1.75045,1.7513,4.60,1.60
2010.05.14 09:00:34.439,1.75055,1.75135,1.50,3.20
2010.05.14 09:00:34.751,1.7506,1.75125,1.60,1.60
2010.05.14 09:00:35.070,1.75065,1.75125,1.00,1.60
2010.05.14 09:00:36.677,1.75065,1.75125,1.00,1.60
2010.05.14 09:00:37.021,1.75075,1.7515,1.00,4.50
2010.05.14 09:00:37.359,1.75065,1.7515,3.30,4.50
2010.05.14 09:00:38.087,1.75075,1.7515,1.00,2.90
2010.05.14 09:00:38.421,1.7508,1.7516,3.20,1.60
2010.05.14 09:00:39.042,1.7508,1.75155,3.20,1.50
2010.05.14 09:00:39.833,1.75045,1.7513,1.60,4.50
2010.05.14 09:00:40.161,1.75055,1.7513,1.00,3.20
2010.05.14 09:00:41.002,1.75065,1.75135,1.00,4.50
2010.05.14 09:00:41.340,1.75065,1.7515,3.30,4.50
2010.05.14 09:00:41.957,1.75065,1.7515,3.20,4.50
2010.05.14 09:00:43.732,1.7505,1.75135,3.20,4.50
2010.05.14 09:00:44.832,1.7506,1.7514,1.60,1.60
2010.05.14 09:00:45.170,1.75065,1.7514,1.00,1.60
2010.05.14 09:00:45.510,1.7506,1.7512,1.60,1.60
2010.05.14 09:00:46.792,1.7506,1.7512,1.60,2.40
2010.05.14 09:00:47.500,1.75065,1.7512,1.00,2.40
2010.05.14 09:00:47.551,1.7506,1.7512,1.60,2.40
2010.05.14 09:00:48.924,1.75055,1.7512,1.00,1.60
2010.05.14 09:00:49.825,1.75035,1.7511,1.00,4.50
2010.05.14 09:00:50.056,1.75065,1.7514,1.60,1.60
2010.05.14 09:00:50.406,1.7505,1.7513,1.60,2.90
2010.05.14 09:00:51.201,1.75035,1.75115,1.60,2.90
2010.05.14 09:00:51.422,1.7504,1.75115,3.20,1.30
2010.05.14 09:00:51.651,1.7504,1.75125,4.50,2.90
2010.05.14 09:00:52.391,1.75035,1.7511,1.60,1.30
2010.05.14 09:00:52.730,1.75025,1.7511,3.20,4.50
2010.05.14 09:00:53.792,1.75025,1.75105,3.20,1.00
2010.05.14 09:00:54.110,1.75025,1.7511,3.20,4.50
2010.05.14 09:00:55.240,1.75025,1.7511,3.30,4.50
2010.05.14 09:00:55.581,1.75025,1.7511,3.20,4.50
2010.05.14 09:00:56.390,1.7501,1.75095,4.50,1.60
2010.05.14 09:00:56.733,1.7501,1.75095,4.50,1.60
2010.05.14 09:00:57.074,1.75025,1.7511,4.50,3.20
2010.05.14 09:00:57.550,1.75035,1.7511,1.60,1.60
2010.05.14 09:00:57.831,1.75025,1.7511,3.20,4.50
2010.05.14 09:00:58.121,1.75015,1.75095,1.30,3.20
2010.05.14 09:00:58.460,1.7501,1.75095,3.20,4.50
2010.05.14 09:00:59.272,1.7502,1.751,1.60,1.60
2010.05.14 09:00:59.611,1.75035,1.751,1.50,1.60
2010.05.14 09:01:00.472,1.7504,1.75125,1.60,4.50
2010.05.14 09:01:00.812,1.75035,1.75105,1.00,1.30
2010.05.14 09:01:01.393,1.75035,1.7511,1.00,4.50
2010.05.14 09:01:01.732,1.75035,1.7511,1.00,4.50
2010.05.14 09:01:02.034,1.75035,1.7512,3.00,1.60
2010.05.14 09:01:02.837,1.7503,1.7512,4.50,4.50
2010.05.14 09:01:03.172,1.7503,1.75115,1.30,3.20
2010.05.14 09:01:03.917,1.75035,1.75115,1.00,3.20
2010.05.14 09:01:04.278,1.75035,1.7512,3.10,1.60
2010.05.14 09:01:05.800,1.75035,1.75115,1.60,1.00
2010.05.14 09:01:06.141,1.75035,1.7511,1.00,4.50
2010.05.14 09:01:06.482,1.7504,1.7511,1.60,1.60
2010.05.14 09:01:06.962,1.7504,1.7512,3.20,1.30
2010.05.14 09:01:07.731,1.7504,1.75125,4.50,4.60
2010.05.14 09:01:08.452,1.75035,1.75105,1.60,1.30
2010.05.14 09:01:08.792,1.75025,1.75105,1.00,4.50
2010.05.14 09:01:09.647,1.75025,1.75105,1.60,2.90
2010.05.14 09:01:09.993,1.75035,1.75105,1.00,1.60
2010.05.14 09:01:10.591,1.75035,1.7511,1.00,1.60
2010.05.14 09:01:10.934,1.75035,1.751,1.60,1.30
2010.05.14 09:01:11.265,1.75025,1.751,1.60,1.30
2010.05.14 09:01:12.006,1.75015,1.751,3.30,1.30
2010.05.14 09:01:12.322,1.75025,1.75105,1.00,1.30
2010.05.14 09:01:13.524,1.75035,1.75105,1.00,1.30
2010.05.14 09:01:13.863,1.75035,1.7511,1.00,3.20
2010.05.14 09:01:14.668,1.7505,1.7513,3.20,1.30
2010.05.14 09:01:15.005,1.75045,1.7513,1.60,2.90
2010.05.14 09:01:15.804,1.7505,1.75135,3.20,1.50
2010.05.14 09:01:16.146,1.7504,1.75125,3.20,3.20
2010.05.14 09:01:16.941,1.7504,1.75125,3.20,3.20
2010.05.14 09:01:16.971,1.75045,1.75125,1.30,3.20
2010.05.14 09:01:17.314,1.75055,1.7514,1.70,4.50
2010.05.14 09:01:17.653,1.75055,1.7514,1.60,4.50
2010.05.14 09:01:18.475,1.75055,1.75135,1.60,1.00
2010.05.14 09:01:18.822,1.75035,1.75115,1.60,1.60
2010.05.14 09:01:19.461,1.75035,1.75115,1.60,1.60
2010.05.14 09:01:20.224,1.75,1.75085,3.20,1.60
2010.05.14 09:01:20.491,1.74995,1.7508,4.90,4.50
2010.05.14 09:01:21.521,1.75,1.75085,3.20,1.60
2010.05.14 09:01:21.859,1.75,1.75085,3.20,1.60
2010.05.14 09:01:22.925,1.7501,1.75095,3.20,1.60
2010.05.14 09:01:24.255,1.75025,1.75095,1.60,1.60
2010.05.14 09:01:24.584,1.7502,1.751,1.60,1.60
2010.05.14 09:01:25.110,1.75015,1.751,3.20,3.20
2010.05.14 09:01:25.454,1.7501,1.75095,1.60,4.60
2010.05.14 09:01:26.305,1.7501,1.75045,1.60,1.30
2010.05.14 09:01:26.661,1.74995,1.75065,1.60,1.60
2010.05.14 09:01:27.473,1.74995,1.7507,1.60,1.60
2010.05.14 09:01:27.819,1.75015,1.75075,2.40,1.60
2010.05.14 09:01:28.505,1.75015,1.7508,2.40,3.20
2010.05.14 09:01:28.845,1.7502,1.75095,1.60,1.60
2010.05.14 09:01:29.181,1.75015,1.75095,1.00,1.60
2010.05.14 09:01:29.697,1.7501,1.75095,4.80,1.60
2010.05.14 09:01:30.044,1.75005,1.7509,3.20,4.50
2010.05.14 09:01:30.858,1.75,1.7508,1.60,1.60
2010.05.14 09:01:31.542,1.75,1.75075,1.60,1.00
2010.05.14 09:01:32.308,1.75,1.75065,1.60,1.60
2010.05.14 09:01:32.551,1.7498,1.7506,1.60,1.60
2010.05.14 09:01:32.800,1.74975,1.7506,3.30,1.60
2010.05.14 09:01:33.348,1.74985,1.7506,1.30,1.60
2010.05.14 09:01:33.695,1.7499,1.75065,1.60,1.30
2010.05.14 09:01:34.033,1.75,1.75075,1.60,1.60
2010.05.14 09:01:34.769,1.75015,1.7509,1.60,2.90
2010.05.14 09:01:35.065,1.75015,1.75095,1.60,1.50
2010.05.14 09:01:36.513,1.75,1.75075,1.30,1.60
2010.05.14 09:01:36.744,1.7502,1.7508,1.60,1.30
2010.05.14 09:01:37.475,1.74995,1.75075,1.60,1.60
2010.05.14 09:01:38.153,1.74995,1.75065,1.60,2.90
2010.05.14 09:01:38.678,1.74995,1.75075,3.20,1.60
2010.05.14 09:01:38.972,1.74995,1.75075,1.60,1.60
2010.05.14 09:01:39.273,1.74985,1.7507,3.20,3.20
2010.05.14 09:01:40.361,1.74995,1.7507,1.60,1.60
2010.05.14 09:01:40.703,1.74975,1.75055,1.50,1.60
2010.05.14 09:01:41.202,1.74975,1.75055,1.30,1.60
2010.05.14 09:01:41.546,1.74975,1.7506,3.20,1.60
2010.05.14 09:01:42.319,1.74985,1.7507,3.20,4.50
2010.05.14 09:01:42.633,1.7503,1.751,2.90,1.60
2010.05.14 09:01:42.951,1.7503,1.75095,1.60,1.60
2010.05.14 09:01:43.803,1.7503,1.7508,1.60,1.60
2010.05.14 09:01:44.142,1.7503,1.75095,1.60,1.60
2010.05.14 09:01:45.310,1.75035,1.75095,1.00,1.60
2010.05.14 09:01:45.650,1.7503,1.75095,1.60,1.60
2010.05.14 09:01:45.989,1.7503,1.75105,1.60,2.40
2010.05.14 09:01:46.791,1.7502,1.75095,3.20,2.40
2010.05.14 09:01:46.990,1.7502,1.7509,1.60,1.60
2010.05.14 09:01:47.180,1.75015,1.75085,3.20,1.60
2010.05.14 09:01:47.843,1.7502,1.7509,4.50,2.40
2010.05.14 09:01:48.181,1.7501,1.7509,1.60,4.00
2010.05.14 09:01:49.048,1.7502,1.7509,1.30,4.00
2010.05.14 09:01:49.382,1.7503,1.751,3.20,2.40
2010.05.14 09:01:50.211,1.7503,1.751,3.20,1.60
2010.05.14 09:01:51.702,1.7502,1.75095,1.60,1.60
2010.05.14 09:01:51.931,1.7502,1.7509,1.60,1.60
2010.05.14 09:01:52.889,1.75055,1.7509,1.60,1.60
2010.05.14 09:01:53.231,1.75055,1.75115,1.60,1.60
2010.05.14 09:01:53.573,1.7502,1.75085,1.60,1.60
2010.05.14 09:01:54.398,1.75055,1.7514,1.60,4.50
2010.05.14 09:01:54.740,1.75055,1.75135,1.60,1.30
2010.05.14 09:01:55.085,1.75045,1.7513,4.50,4.00
2010.05.14 09:01:56.449,1.75045,1.7513,4.70,4.00
2010.05.14 09:01:56.690,1.75045,1.75115,4.70,1.60
2010.05.14 09:01:57.342,1.75055,1.75115,1.60,1.60
2010.05.14 09:01:57.533,1.75055,1.7513,3.20,2.40
2010.05.14 09:01:58.269,1.75055,1.7513,3.20,1.60
2010.05.14 09:01:58.450,1.75055,1.75135,3.20,1.00
2010.05.14 09:01:59.262,1.7505,1.7513,3.20,2.90
2010.05.14 09:01:59.601,1.75055,1.7513,1.50,1.60
2010.05.14 09:01:59.889,1.75055,1.7514,1.50,5.60
2010.05.14 09:02:00.665,1.75045,1.7513,3.30,5.30
2010.05.14 09:02:00.985,1.75055,1.7513,1.00,1.00
2010.05.14 09:02:01.750,1.75065,1.7513,1.00,1.00
2010.05.14 09:02:02.054,1.75085,1.75155,3.20,1.00
2010.05.14 09:02:02.363,1.75085,1.7516,3.20,1.00
2010.05.14 09:02:03.171,1.75085,1.75165,3.20,2.40
2010.05.14 09:02:03.850,1.75085,1.75145,3.20,2.40
2010.05.14 09:02:04.190,1.75085,1.75145,3.20,1.00
2010.05.14 09:02:05.017,1.75085,1.7517,1.60,6.90
2010.05.14 09:02:05.263,1.75095,1.7517,1.00,4.00
2010.05.14 09:02:05.986,1.75095,1.7517,1.50,1.00
2010.05.14 09:02:06.235,1.75075,1.75155,1.60,1.30
2010.05.14 09:02:07.047,1.75045,1.7513,3.20,3.20
2010.05.14 09:02:07.397,1.7504,1.7512,1.30,1.60
2010.05.14 09:02:08.162,1.75045,1.7513,1.60,4.50
2010.05.14 09:02:08.773,1.75045,1.7513,1.70,4.50
2010.05.14 09:02:09.104,1.7506,1.75135,1.60,1.00
2010.05.14 09:02:09.917,1.7505,1.75135,3.20,4.60
2010.05.14 09:02:10.256,1.75045,1.7513,1.60,4.50
2010.05.14 09:02:10.582,1.7505,1.75135,3.20,3.20
2010.05.14 09:02:11.381,1.7505,1.7513,1.60,1.60
2010.05.14 09:02:11.720,1.75055,1.7513,1.30,1.60
2010.05.14 09:02:11.960,1.75055,1.75135,1.30,1.00
2010.05.14 09:02:13.161,1.75045,1.7513,4.70,1.60
2010.05.14 09:02:14.104,1.75045,1.75125,1.00,3.20
2010.05.14 09:02:14.435,1.75055,1.75125,1.00,3.20
2010.05.14 09:02:15.270,1.75055,1.75125,1.00,1.60
2010.05.14 09:02:15.604,1.75055,1.7513,1.00,1.60
2010.05.14 09:02:15.942,1.75045,1.75125,1.70,1.60
2010.05.14 09:02:16.628,1.75055,1.75125,1.50,1.60
2010.05.14 09:02:16.951,1.75055,1.7514,1.50,3.20
2010.05.14 09:02:18.481,1.75065,1.7514,1.00,1.60
2010.05.14 09:02:18.822,1.75065,1.7514,1.00,3.20
2010.05.14 09:02:19.833,1.7506,1.75145,2.90,1.60
2010.05.14 09:02:20.151,1.7506,1.75135,2.90,1.60
2010.05.14 09:02:20.473,1.75055,1.75125,1.00,1.60
2010.05.14 09:02:21.423,1.7506,1.75145,3.20,4.50
2010.05.14 09:02:22.930,1.75065,1.75145,1.00,4.50
2010.05.14 09:02:23.272,1.75065,1.75135,1.60,1.30
2010.05.14 09:02:23.971,1.75045,1.7513,4.70,1.60
2010.05.14 09:02:24.268,1.7506,1.75145,4.50,3.20
2010.05.14 09:02:25.351,1.75055,1.7514,1.70,4.50
2010.05.14 09:02:25.992,1.75055,1.7514,1.60,4.50
2010.05.14 09:02:26.750,1.75055,1.75125,1.60,1.00
2010.05.14 09:02:26.935,1.75055,1.7514,1.70,4.50
2010.05.14 09:02:27.712,1.7506,1.7514,2.90,3.20
2010.05.14 09:02:27.895,1.7506,1.75145,6.90,3.20
2010.05.14 09:02:28.231,1.7506,1.75145,4.50,3.20
2010.05.14 09:02:29.041,1.75075,1.7516,3.30,3.20
2010.05.14 09:02:29.567,1.75075,1.7516,3.20,3.20
2010.05.14 09:02:30.711,1.75075,1.7516,3.30,3.20
2010.05.14 09:02:31.024,1.75075,1.7516,3.20,3.20
2010.05.14 09:02:32.422,1.75085,1.7516,1.30,3.20
2010.05.14 09:02:32.713,1.7509,1.75175,1.60,3.30
2010.05.14 09:02:33.521,1.7509,1.75175,1.60,3.20
2010.05.14 09:02:34.200,1.7509,1.75175,1.60,3.30
2010.05.14 09:02:35.078,1.7509,1.75175,1.60,3.20
2010.05.14 09:02:35.332,1.7511,1.7518,1.60,1.60
2010.05.14 09:02:35.601,1.7511,1.75195,3.20,3.20
2010.05.14 09:02:36.132,1.7511,1.75195,1.60,3.20
2010.05.14 09:02:36.418,1.75095,1.75175,1.40,3.20
2010.05.14 09:02:36.766,1.7509,1.75165,1.60,1.00
2010.05.14 09:02:37.276,1.7509,1.75165,1.60,1.40
2010.05.14 09:02:37.616,1.75035,1.75115,1.60,1.60
2010.05.14 09:02:38.438,1.75045,1.7512,3.20,1.30
2010.05.14 09:02:38.789,1.75035,1.75115,1.30,1.60
2010.05.14 09:02:39.596,1.7505,1.75115,1.60,1.60
2010.05.14 09:02:39.936,1.7506,1.7514,1.60,1.60
2010.05.14 09:02:40.284,1.75065,1.7513,1.40,3.20
2010.05.14 09:02:41.097,1.75055,1.7514,1.60,3.20
2010.05.14 09:02:41.371,1.75055,1.7514,1.70,3.20
2010.05.14 09:02:42.087,1.75055,1.7514,3.20,3.20
2010.05.14 09:02:42.439,1.75055,1.7514,1.60,3.20
2010.05.14 09:02:43.231,1.75065,1.7513,1.00,1.60
2010.05.14 09:02:43.250,1.75065,1.75145,1.00,3.20
2010.05.14 09:02:43.606,1.7508,1.75165,4.50,1.60
2010.05.14 09:02:45.553,1.7508,1.7516,1.30,3.20
2010.05.14 09:02:45.601,1.7508,1.75165,4.50,1.60
2010.05.14 09:02:45.643,1.7508,1.75155,4.50,1.00
2010.05.14 09:02:46.173,1.7508,1.75155,3.20,1.30
2010.05.14 09:02:46.220,1.7508,1.75155,3.20,1.50
2010.05.14 09:02:46.771,1.7507,1.7515,1.60,1.60
2010.05.14 09:02:47.121,1.7507,1.75145,1.60,1.00
2010.05.14 09:02:47.463,1.7507,1.7515,1.60,1.60
2010.05.14 09:02:47.975,1.7507,1.75145,1.60,1.00
2010.05.14 09:02:48.291,1.75065,1.75145,1.00,3.20
2010.05.14 09:02:49.742,1.75065,1.75145,1.50,3.20
2010.05.14 09:02:50.072,1.75075,1.75155,3.20,1.30
2010.05.14 09:02:50.401,1.75075,1.75155,3.20,1.00
2010.05.14 09:02:52.700,1.75075,1.7516,3.20,3.20
2010.05.14 09:02:54.373,1.7508,1.75165,4.50,3.20
2010.05.14 09:02:54.635,1.75065,1.75145,1.00,3.20
2010.05.14 09:02:55.371,1.75065,1.75145,1.50,3.20
2010.05.14 09:02:55.711,1.7507,1.7515,1.60,1.60
2010.05.14 09:02:57.002,1.75075,1.7516,3.20,3.20
2010.05.14 09:02:57.454,1.75075,1.75155,3.20,1.00
2010.05.14 09:02:57.679,1.7508,1.7516,1.30,3.20
2010.05.14 09:02:58.581,1.75075,1.75155,3.20,1.00
2010.05.14 09:02:58.920,1.75075,1.75145,3.20,1.00
2010.05.14 09:02:59.555,1.7506,1.75145,4.50,3.20
2010.05.14 09:02:59.833,1.75065,1.75145,1.30,3.20
2010.05.14 09:03:00.112,1.7507,1.7515,1.60,1.60
2010.05.14 09:03:00.450,1.7507,1.75145,1.60,1.00
2010.05.14 09:03:01.297,1.7506,1.75145,4.50,3.30
2010.05.14 09:03:01.769,1.7506,1.75145,4.50,3.20
2010.05.14 09:03:02.680,1.7506,1.75145,4.50,3.30
2010.05.14 09:03:03.181,1.7507,1.7515,1.60,1.60
2010.05.14 09:03:03.891,1.7506,1.75145,4.50,3.20
2010.05.14 09:03:04.240,1.75065,1.75145,1.00,3.20
2010.05.14 09:03:05.039,1.7506,1.75145,4.50,3.20
2010.05.14 09:03:05.758,1.75065,1.75145,1.00,3.20
2010.05.14 09:03:06.056,1.7508,1.7515,1.60,1.30
2010.05.14 09:03:06.355,1.7506,1.7514,1.60,1.60
2010.05.14 09:03:07.221,1.75065,1.7514,1.60,1.60
2010.05.14 09:03:08.711,1.75065,1.75145,1.60,3.20
2010.05.14 09:03:09.611,1.7508,1.75145,3.20,1.60
2010.05.14 09:03:09.954,1.7508,1.7515,3.20,1.60
2010.05.14 09:03:10.292,1.75095,1.7515,1.60,1.60
2010.05.14 09:03:11.103,1.75095,1.7516,1.60,1.60
2010.05.14 09:03:11.699,1.75095,1.75165,1.60,2.40
2010.05.14 09:03:11.961,1.75105,1.75165,2.90,2.40
2010.05.14 09:03:12.683,1.75105,1.7517,4.50,1.00
2010.05.14 09:03:14.323,1.75105,1.7518,3.20,1.30
2010.05.14 09:03:14.660,1.75095,1.7518,3.20,4.50
2010.05.14 09:03:15.454,1.75095,1.75175,3.20,1.00
2010.05.14 09:03:15.739,1.75095,1.75175,3.30,1.00
2010.05.14 09:03:17.058,1.75105,1.75175,1.00,1.00
2010.05.14 09:03:17.245,1.75115,1.75175,1.60,1.00
2010.05.14 09:03:17.413,1.75115,1.75175,1.60,1.00
2010.05.14 09:03:17.582,1.75115,1.752,4.60,3.20
2010.05.14 09:03:18.550,1.75115,1.75195,3.20,1.00
2010.05.14 09:03:18.890,1.751,1.75185,4.50,1.60
2010.05.14 09:03:19.890,1.751,1.75185,4.50,1.60
2010.05.14 09:03:20.230,1.751,1.75185,1.30,3.30
2010.05.14 09:03:21.273,1.751,1.75175,1.30,1.00
2010.05.14 09:03:21.520,1.75095,1.75175,3.20,1.00
2010.05.14 09:03:22.240,1.75095,1.75175,3.20,1.00
2010.05.14 09:03:22.491,1.7509,1.7517,2.90,1.60
2010.05.14 09:03:22.831,1.75095,1.75175,3.20,1.30
2010.05.14 09:03:23.170,1.7509,1.7517,1.60,1.60
2010.05.14 09:03:24.014,1.751,1.75185,3.20,3.20
2010.05.14 09:03:24.289,1.751,1.75185,3.20,5.60
2010.05.14 09:03:24.569,1.751,1.7518,3.20,1.60
2010.05.14 09:03:25.272,1.751,1.75175,3.20,1.00
2010.05.14 09:03:25.610,1.751,1.75185,3.20,3.20
2010.05.14 09:03:28.340,1.75105,1.7519,4.50,1.60
2010.05.14 09:03:29.271,1.75095,1.7518,3.20,4.50
2010.05.14 09:03:30.674,1.75095,1.75175,1.60,1.60
2010.05.14 09:03:31.023,1.7509,1.7517,1.60,1.60
2010.05.14 09:03:31.361,1.7508,1.75165,3.20,3.20
2010.05.14 09:03:31.789,1.7508,1.7516,1.60,1.60
2010.05.14 09:03:32.298,1.7508,1.75165,3.20,3.20
2010.05.14 09:03:32.498,1.7508,1.75165,1.60,4.60
2010.05.14 09:03:33.640,1.7508,1.75165,1.60,4.50
2010.05.14 09:03:33.981,1.7509,1.75165,2.90,1.60
2010.05.14 09:03:34.806,1.7509,1.75165,4.50,1.00
2010.05.14 09:03:35.154,1.7509,1.75175,4.50,3.20
2010.05.14 09:03:36.243,1.7509,1.75175,4.50,3.30
2010.05.14 09:03:36.522,1.7509,1.75175,4.50,3.20
2010.05.14 09:03:37.516,1.7509,1.75165,3.20,1.00
2010.05.14 09:03:37.803,1.75075,1.7516,4.50,1.60
2010.05.14 09:03:38.359,1.75075,1.75155,4.50,1.00
2010.05.14 09:03:39.066,1.75075,1.75155,1.60,1.70
2010.05.14 09:03:39.415,1.7509,1.75155,1.60,1.00
2010.05.14 09:03:39.751,1.7508,1.75155,4.50,1.00
2010.05.14 09:03:40.495,1.75075,1.7516,3.20,3.20
2010.05.14 09:03:40.784,1.7509,1.7517,1.60,1.60
2010.05.14 09:03:41.125,1.751,1.75185,3.20,3.20
2010.05.14 09:03:41.622,1.751,1.7517,1.60,1.60
2010.05.14 09:03:41.953,1.7509,1.7517,1.60,1.60
2010.05.14 09:03:44.120,1.7509,1.75165,1.60,1.60
2010.05.14 09:03:44.920,1.7508,1.75165,3.20,3.30
2010.05.14 09:03:45.808,1.7508,1.7516,3.20,1.30
2010.05.14 09:03:46.081,1.75075,1.7516,1.60,4.50
2010.05.14 09:03:46.352,1.75095,1.7518,3.30,4.50
2010.05.14 09:03:46.689,1.75095,1.7518,3.20,4.50
2010.05.14 09:03:47.511,1.75095,1.7518,3.30,4.50
2010.05.14 09:03:48.061,1.75095,1.7518,3.20,4.50
2010.05.14 09:03:48.931,1.751,1.75185,4.50,1.60
2010.05.14 09:03:49.230,1.75105,1.75185,1.30,1.60
2010.05.14 09:03:49.776,1.7511,1.75195,1.60,4.50
2010.05.14 09:03:50.123,1.75105,1.7518,1.60,1.00
2010.05.14 09:03:50.937,1.75095,1.7518,4.50,1.00
2010.05.14 09:03:51.283,1.751,1.75185,1.60,2.40
2010.05.14 09:03:51.623,1.75105,1.75185,1.60,2.40
2010.05.14 09:03:52.432,1.75105,1.75185,1.60,1.60
2010.05.14 09:03:52.772,1.75105,1.7518,1.60,1.30
2010.05.14 09:03:53.113,1.7509,1.75175,1.60,3.20
2010.05.14 09:03:53.392,1.7509,1.75175,1.60,4.50
2010.05.14 09:03:54.143,1.75085,1.75165,1.00,1.60
2010.05.14 09:03:54.440,1.7508,1.75165,3.20,1.60
2010.05.14 09:03:56.043,1.75075,1.75155,1.50,3.20
2010.05.14 09:03:56.283,1.7508,1.75155,1.60,1.60
2010.05.14 09:03:56.521,1.7508,1.75165,3.20,1.60
2010.05.14 09:03:57.013,1.75095,1.75175,3.20,1.00
2010.05.14 09:03:57.272,1.75095,1.7518,3.20,4.50
2010.05.14 09:03:58.513,1.75095,1.7518,3.30,4.50
2010.05.14 09:03:58.878,1.75095,1.7518,3.20,4.50
2010.05.14 09:03:59.223,1.75095,1.75165,3.20,1.00
2010.05.14 09:03:59.903,1.75075,1.75155,1.60,1.30
2010.05.14 09:04:00.130,1.75065,1.7515,4.70,1.60
2010.05.14 09:04:00.701,1.75075,1.7516,3.10,3.20
2010.05.14 09:04:01.214,1.7508,1.75165,3.20,3.20
2010.05.14 09:04:01.492,1.75075,1.7516,1.60,4.50
2010.05.14 09:04:01.771,1.75065,1.75145,1.00,3.20
2010.05.14 09:04:02.051,1.75065,1.7515,3.30,1.60
2010.05.14 09:04:02.544,1.75065,1.7515,3.30,2.90
2010.05.14 09:04:02.813,1.7507,1.7515,1.60,1.60
2010.05.14 09:04:03.082,1.75075,1.75155,1.60,1.30
2010.05.14 09:04:03.351,1.75075,1.7516,1.60,4.50
2010.05.14 09:04:04.483,1.75075,1.7515,1.60,1.30
2010.05.14 09:04:04.811,1.75065,1.75145,1.60,1.60
2010.05.14 09:04:05.537,1.75075,1.7516,3.20,1.30
2010.05.14 09:04:05.872,1.75085,1.75165,1.60,1.50
2010.05.14 09:04:06.992,1.75085,1.75165,1.60,1.30
2010.05.14 09:04:07.201,1.75065,1.75155,4.50,4.70
2010.05.14 09:04:07.430,1.7507,1.75155,3.20,1.30
2010.05.14 09:04:07.650,1.75075,1.75145,3.20,1.00
2010.05.14 09:04:08.390,1.75075,1.75155,3.20,1.50
2010.05.14 09:04:08.730,1.75075,1.75155,3.20,1.30
2010.05.14 09:04:10.680,1.75075,1.75155,3.20,1.50
2010.05.14 09:04:11.282,1.7507,1.75155,3.20,1.40
2010.05.14 09:04:11.503,1.7507,1.75145,3.20,1.00
2010.05.14 09:04:11.841,1.7507,1.75155,3.20,1.40
2010.05.14 09:04:12.183,1.75075,1.75145,1.60,1.00
2010.05.14 09:04:12.980,1.7507,1.75145,1.60,1.00
2010.05.14 09:04:13.301,1.7507,1.7515,1.60,1.30
2010.05.14 09:04:13.624,1.7508,1.7515,3.20,1.30
2010.05.14 09:04:13.831,1.7508,1.7516,3.20,1.30
2010.05.14 09:04:19.996,1.7508,1.7516,1.60,1.30
2010.05.14 09:04:20.219,1.7508,1.7516,1.30,1.60
2010.05.14 09:04:20.760,1.75085,1.7516,1.60,1.30
2010.05.14 09:04:20.880,1.75085,1.7517,1.60,4.50
2010.05.14 09:04:20.999,1.75085,1.75165,1.60,1.00
2010.05.14 09:04:23.030,1.75075,1.7516,3.20,2.90
2010.05.14 09:04:23.476,1.75075,1.7516,3.20,2.90
2010.05.14 09:04:23.632,1.75075,1.7516,3.30,2.90
2010.05.14 09:04:24.009,1.75075,1.7516,3.30,1.60
2010.05.14 09:04:25.328,1.75075,1.7516,3.20,1.60
2010.05.14 09:04:25.535,1.7509,1.75175,1.60,4.70
2010.05.14 09:04:27.073,1.7509,1.7516,1.60,1.60
2010.05.14 09:04:27.410,1.75075,1.7516,3.20,3.20
2010.05.14 09:04:27.710,1.75075,1.75155,3.20,1.00
2010.05.14 09:04:28.481,1.75075,1.75155,3.20,1.00
2010.05.14 09:04:28.710,1.7507,1.75145,1.30,3.20
2010.05.14 09:04:28.940,1.75065,1.75145,1.60,1.60
2010.05.14 09:04:29.425,1.75065,1.7515,3.20,4.50
2010.05.14 09:04:29.879,1.75065,1.7515,3.30,4.50
2010.05.14 09:04:30.220,1.75065,1.7515,3.30,1.30
2010.05.14 09:04:30.837,1.7507,1.7515,1.30,1.60
2010.05.14 09:04:31.123,1.75065,1.75145,1.00,1.60
2010.05.14 09:04:32.155,1.7507,1.7515,2.90,1.60
2010.05.14 09:04:32.460,1.75055,1.7514,4.70,1.60
2010.05.14 09:04:33.080,1.75065,1.7514,1.00,1.60
2010.05.14 09:04:33.890,1.75055,1.7514,4.70,1.60
2010.05.14 09:04:34.210,1.75075,1.7514,1.00,1.60
2010.05.14 09:04:34.530,1.75065,1.75155,3.30,4.50
2010.05.14 09:04:35.396,1.75055,1.7513,1.00,1.60
2010.05.14 09:04:36.072,1.7505,1.75135,1.60,2.90
2010.05.14 09:04:36.864,1.75065,1.75135,1.00,1.60
2010.05.14 09:04:37.119,1.75055,1.75135,1.00,1.60
2010.05.14 09:04:37.380,1.7505,1.75135,2.90,1.60
2010.05.14 09:04:38.393,1.75065,1.75145,1.00,3.20
2010.05.14 09:04:38.801,1.75055,1.75145,4.60,3.20
2010.05.14 09:04:39.468,1.7506,1.75145,1.30,1.60
2010.05.14 09:04:39.816,1.75065,1.75135,1.00,1.60
2010.05.14 09:04:40.163,1.75065,1.7515,1.00,3.20
2010.05.14 09:04:40.505,1.75075,1.75155,1.00,1.60
2010.05.14 09:04:41.312,1.75075,1.75155,1.70,1.60
2010.05.14 09:04:41.651,1.75065,1.7515,3.20,1.60
2010.05.14 09:04:42.222,1.75065,1.7515,3.30,1.60
2010.05.14 09:04:42.562,1.75065,1.7515,3.20,1.60
2010.05.14 09:04:42.900,1.75065,1.7515,3.20,1.60
2010.05.14 09:04:43.151,1.75065,1.7514,1.60,2.90
2010.05.14 09:04:43.684,1.75065,1.7514,3.30,1.30
2010.05.14 09:04:43.934,1.75065,1.7515,3.30,3.20
2010.05.14 09:04:44.270,1.7507,1.7515,1.60,3.20
2010.05.14 09:04:44.610,1.7507,1.7515,2.90,1.60
2010.05.14 09:04:44.950,1.7507,1.75155,4.50,3.20
2010.05.14 09:04:45.744,1.75075,1.7515,1.00,3.20
2010.05.14 09:04:46.013,1.75075,1.7516,3.20,3.20
2010.05.14 09:04:46.669,1.75075,1.7515,1.60,1.60
2010.05.14 09:04:46.934,1.75065,1.75145,1.00,3.20
2010.05.14 09:04:47.224,1.75075,1.7515,1.00,1.60
2010.05.14 09:04:47.514,1.7507,1.7515,1.30,3.20
2010.05.14 09:04:48.251,1.75075,1.7516,3.20,3.20
2010.05.14 09:04:48.520,1.75075,1.7516,3.20,3.20
2010.05.14 09:04:48.779,1.75075,1.7516,3.30,3.20
2010.05.14 09:04:49.622,1.75075,1.7516,3.20,3.20
2010.05.14 09:04:49.962,1.75085,1.7516,1.30,1.60
2010.05.14 09:04:50.302,1.75075,1.7516,3.30,3.20
2010.05.14 09:04:51.098,1.75075,1.75155,4.70,1.60
2010.05.14 09:04:51.443,1.75075,1.75155,3.10,1.60
2010.05.14 09:04:52.100,1.75075,1.75155,2.90,1.60
2010.05.14 09:04:52.815,1.75065,1.75145,3.10,1.60
2010.05.14 09:04:53.011,1.75065,1.7514,1.60,1.30
2010.05.14 09:04:53.195,1.7505,1.75135,1.60,4.50
2010.05.14 09:04:53.837,1.7505,1.75135,2.90,3.20
2010.05.14 09:04:54.184,1.75055,1.75135,3.20,1.00
2010.05.14 09:04:54.524,1.75055,1.7514,1.60,3.20
2010.05.14 09:04:54.863,1.75055,1.75135,1.00,1.60
2010.05.14 09:04:55.331,1.75055,1.75135,1.50,1.60
2010.05.14 09:04:55.674,1.7506,1.75145,1.60,4.00
2010.05.14 09:04:56.011,1.7506,1.75145,1.60,4.10
2010.05.14 09:04:56.794,1.75055,1.7513,1.00,3.20
2010.05.14 09:04:57.084,1.7505,1.75135,4.50,1.60
2010.05.14 09:04:57.781,1.7505,1.75135,3.20,1.60
2010.05.14 09:04:58.033,1.75055,1.75115,1.30,1.60
2010.05.14 09:04:58.281,1.7505,1.75115,4.50,1.60
2010.05.14 09:04:59.632,1.75055,1.75115,1.00,1.60
2010.05.14 09:04:59.911,1.75055,1.7512,2.90,1.60
2010.05.14 09:05:00.452,1.75055,1.7512,1.30,1.60
2010.05.14 09:05:00.796,1.75055,1.7512,2.90,1.60
2010.05.14 09:05:01.145,1.75045,1.75105,3.20,1.60
2010.05.14 09:05:01.709,1.75045,1.75105,1.00,1.60
2010.05.14 09:05:03.109,1.75035,1.75095,1.00,1.60
2010.05.14 09:05:03.414,1.7503,1.75095,2.90,1.60
2010.05.14 09:05:04.511,1.7503,1.7509,2.90,1.60
2010.05.14 09:05:04.863,1.7502,1.7508,1.60,1.60
2010.05.14 09:05:06.290,1.7502,1.75085,1.60,1.60
2010.05.14 09:05:06.630,1.75025,1.75085,1.60,1.60
2010.05.14 09:05:06.889,1.7502,1.7508,3.20,1.60
2010.05.14 09:05:07.685,1.75015,1.75065,1.30,1.60
2010.05.14 09:05:07.880,1.75005,1.75065,3.20,1.60
2010.05.14 09:05:08.837,1.75,1.75055,3.20,1.60
2010.05.14 09:05:09.188,1.74985,1.7504,1.00,1.60
2010.05.14 09:05:09.913,1.74995,1.75055,1.00,1.60
2010.05.14 09:05:10.252,1.74995,1.7507,4.50,2.40
2010.05.14 09:05:11.064,1.74995,1.7506,1.60,1.60
2010.05.14 09:05:11.405,1.7497,1.7503,2.90,1.60
2010.05.14 09:05:12.772,1.74985,1.75035,1.00,1.60
2010.05.14 09:05:13.740,1.7498,1.7505,4.50,1.60
2010.05.14 09:05:14.071,1.7498,1.75045,4.50,1.60
2010.05.14 09:05:14.415,1.7497,1.75035,2.90,1.60
2010.05.14 09:05:14.943,1.7497,1.75035,1.30,1.60
2010.05.14 09:05:15.287,1.74975,1.7504,1.00,1.60
2010.05.14 09:05:15.632,1.74965,1.7504,3.10,1.60
2010.05.14 09:05:15.970,1.74965,1.75035,3.10,2.40
2010.05.14 09:05:16.461,1.7497,1.75035,1.60,2.40
2010.05.14 09:05:16.804,1.74975,1.7504,3.20,1.60
2010.05.14 09:05:17.142,1.7497,1.7503,3.20,1.60
2010.05.14 09:05:17.360,1.74975,1.7503,1.00,1.60
2010.05.14 09:05:18.046,1.7498,1.75045,1.60,2.40
2010.05.14 09:05:18.260,1.7497,1.75035,3.20,1.60
2010.05.14 09:05:18.601,1.74975,1.75035,1.60,1.60
2010.05.14 09:05:19.099,1.74975,1.75035,3.20,1.60
2010.05.14 09:05:20.130,1.74975,1.7504,3.20,1.60
2010.05.14 09:05:20.362,1.74975,1.75035,4.70,1.60
2010.05.14 09:05:22.813,1.74975,1.75035,3.20,1.60
2010.05.14 09:05:23.153,1.74975,1.75045,1.60,2.40
2010.05.14 09:05:23.682,1.74975,1.75045,3.20,2.40
2010.05.14 09:05:23.930,1.7497,1.7504,3.20,1.60
2010.05.14 09:05:24.174,1.74965,1.7504,1.60,2.40
2010.05.14 09:05:24.872,1.74965,1.75025,1.60,1.60
2010.05.14 09:05:25.215,1.74955,1.7502,1.30,1.60
2010.05.14 09:05:25.493,1.74955,1.75025,4.70,2.40
2010.05.14 09:05:26.207,1.74955,1.75025,4.50,1.60
2010.05.14 09:05:26.523,1.74955,1.75035,1.00,4.50
2010.05.14 09:05:26.832,1.74955,1.7504,4.70,3.20
2010.05.14 09:05:27.536,1.7496,1.7503,1.30,3.20
2010.05.14 09:05:27.851,1.74955,1.75035,1.50,1.60
2010.05.14 09:05:28.480,1.7496,1.75045,2.90,3.20
2010.05.14 09:05:30.974,1.74965,1.75045,1.60,1.60
2010.05.14 09:05:31.291,1.74965,1.75045,1.00,3.20
2010.05.14 09:05:31.681,1.74965,1.7504,1.00,1.60
2010.05.14 09:05:32.358,1.74965,1.7504,1.00,1.60
2010.05.14 09:05:32.641,1.7496,1.75045,1.30,3.20
2010.05.14 09:05:32.874,1.74955,1.75045,4.50,4.70
2010.05.14 09:05:33.561,1.74945,1.75025,1.30,1.00
2010.05.14 09:05:33.909,1.74955,1.7503,1.30,3.20
2010.05.14 09:05:34.252,1.74955,1.75035,1.30,1.60
2010.05.14 09:05:35.073,1.74955,1.75035,1.30,1.70
2010.05.14 09:05:35.414,1.74945,1.75025,1.30,1.00
2010.05.14 09:05:35.751,1.74945,1.7503,1.40,3.20
2010.05.14 09:05:36.043,1.74945,1.75025,1.30,1.00
2010.05.14 09:05:36.799,1.7495,1.75025,1.60,1.30
2010.05.14 09:05:36.964,1.74945,1.75025,3.10,1.60
2010.05.14 09:05:37.123,1.7496,1.75035,1.60,1.00
2010.05.14 09:05:37.926,1.74965,1.75045,3.20,1.30
2010.05.14 09:05:38.273,1.74965,1.7505,4.50,3.20
2010.05.14 09:05:38.614,1.7497,1.7505,1.30,3.20
2010.05.14 09:05:39.193,1.74975,1.75055,1.30,1.60
2010.05.14 09:05:39.472,1.74975,1.75055,1.50,1.60
2010.05.14 09:05:39.750,1.74975,1.75055,1.30,1.60
2010.05.14 09:05:40.771,1.74975,1.7505,1.00,1.30
2010.05.14 09:05:41.111,1.74975,1.75045,1.30,1.60
2010.05.14 09:05:41.683,1.7497,1.75045,2.90,1.60
2010.05.14 09:05:42.045,1.74975,1.7506,1.70,4.50
2010.05.14 09:05:42.382,1.74975,1.7506,2.90,3.20
2010.05.14 09:05:43.550,1.74975,1.7506,3.10,3.20
2010.05.14 09:05:43.880,1.74975,1.7506,2.90,3.20
2010.05.14 09:05:44.480,1.74975,1.7506,3.10,3.20
2010.05.14 09:05:44.881,1.74985,1.75065,1.00,3.20
2010.05.14 09:05:45.671,1.7499,1.7507,1.30,1.60
2010.05.14 09:05:47.076,1.7499,1.75065,2.90,1.00
2010.05.14 09:05:47.265,1.7499,1.7507,2.90,1.60
2010.05.14 09:05:48.073,1.75,1.7507,1.30,1.60
2010.05.14 09:05:48.251,1.75,1.75085,4.50,3.20
2010.05.14 09:05:48.570,1.7499,1.7507,2.90,1.60
2010.05.14 09:05:50.142,1.74985,1.7507,3.30,3.20
2010.05.14 09:05:50.483,1.74985,1.75065,2.90,1.60
2010.05.14 09:05:51.110,1.74995,1.75075,1.60,1.60
2010.05.14 09:05:51.424,1.74995,1.75075,1.60,1.60
2010.05.14 09:05:52.439,1.74995,1.75075,1.60,1.60
2010.05.14 09:05:52.703,1.74995,1.75075,1.60,1.60
2010.05.14 09:05:53.221,1.74985,1.7507,4.60,3.20
2010.05.14 09:05:54.059,1.74995,1.7506,1.00,1.60
2010.05.14 09:05:54.405,1.74985,1.7506,1.40,1.60
2010.05.14 09:05:55.207,1.74985,1.7507,1.00,4.50
2010.05.14 09:05:55.546,1.74985,1.7506,1.00,1.60
2010.05.14 09:05:56.735,1.7498,1.7506,1.30,1.60
2010.05.14 09:05:57.080,1.74985,1.7506,1.00,1.60
2010.05.14 09:05:57.360,1.74985,1.75055,1.00,1.60
2010.05.14 09:05:57.949,1.74985,1.7506,1.00,1.60
2010.05.14 09:05:58.107,1.7498,1.7506,1.30,1.60
2010.05.14 09:05:59.594,1.7498,1.75065,2.90,3.20
2010.05.14 09:05:59.905,1.74975,1.75055,1.00,1.60
2010.05.14 09:06:01.470,1.74985,1.75065,1.00,3.20
2010.05.14 09:06:01.690,1.7498,1.7506,1.30,1.60
2010.05.14 09:06:03.414,1.74985,1.75055,1.30,1.60
2010.05.14 09:06:04.295,1.74965,1.7501,1.30,1.60
2010.05.14 09:06:04.581,1.74935,1.7501,1.00,1.60
2010.05.14 09:06:05.255,1.74935,1.7501,1.00,3.20
2010.05.14 09:06:05.595,1.74935,1.75005,1.00,1.60
2010.05.14 09:06:05.933,1.74945,1.7502,1.00,1.60
2010.05.14 09:06:06.401,1.74945,1.7502,1.00,2.90
2010.05.14 09:06:06.748,1.74945,1.75015,1.00,3.20
2010.05.14 09:06:07.096,1.74935,1.75005,1.60,1.60
2010.05.14 09:06:07.907,1.74935,1.75005,1.00,1.60
2010.05.14 09:06:08.253,1.74935,1.75015,1.00,4.00
2010.05.14 09:06:09.853,1.74945,1.75005,1.00,1.60
2010.05.14 09:06:10.111,1.74945,1.75025,1.60,3.70
2010.05.14 09:06:10.656,1.7494,1.75015,1.60,1.60
2010.05.14 09:06:11.006,1.7493,1.7499,1.60,1.60
2010.05.14 09:06:11.355,1.74915,1.7499,1.00,4.00
2010.05.14 09:06:11.938,1.74915,1.7499,1.00,2.40
2010.05.14 09:06:12.283,1.7491,1.74995,4.50,4.00
2010.05.14 09:06:12.622,1.7491,1.74995,4.50,3.20
2010.05.14 09:06:12.960,1.74915,1.74995,1.00,3.20
2010.05.14 09:06:14.085,1.74925,1.74995,1.00,4.50
2010.05.14 09:06:14.253,1.74935,1.74995,1.00,1.30
2010.05.14 09:06:14.423,1.74925,1.75,1.00,1.60
2010.05.14 09:06:14.891,1.74925,1.75,1.00,1.60
2010.05.14 09:06:15.064,1.74945,1.75025,1.60,2.40
2010.05.14 09:06:15.222,1.74955,1.75025,1.00,2.40
2010.05.14 09:06:15.561,1.74955,1.75025,3.20,1.00
2010.05.14 09:06:16.379,1.74955,1.75025,1.60,1.00
2010.05.14 09:06:16.652,1.74955,1.7504,4.50,2.40
2010.05.14 09:06:16.921,1.7497,1.7504,1.60,1.00
2010.05.14 09:06:17.643,1.74965,1.7503,2.90,1.00
2010.05.14 09:06:17.902,1.7497,1.7504,1.60,1.00
2010.05.14 09:06:19.212,1.7495,1.75025,1.60,1.00
2010.05.14 09:06:19.549,1.7495,1.7502,1.60,1.00
2010.05.14 09:06:20.088,1.7495,1.7502,3.20,1.00
2010.05.14 09:06:20.398,1.74965,1.75025,1.60,1.00
2010.05.14 09:06:20.704,1.74955,1.75025,4.70,1.00
2010.05.14 09:06:21.486,1.7497,1.75025,1.60,1.00
2010.05.14 09:06:21.803,1.7496,1.75025,2.90,1.00
2010.05.14 09:06:22.043,1.74965,1.75025,1.40,1.00
2010.05.14 09:06:22.284,1.7497,1.75025,1.60,1.00
2010.05.14 09:06:22.937,1.74975,1.75025,1.60,1.00
2010.05.14 09:06:23.166,1.74955,1.75025,2.90,1.00
2010.05.14 09:06:23.393,1.7496,1.75015,1.60,1.00
2010.05.14 09:06:24.044,1.74955,1.75015,4.50,1.00
2010.05.14 09:06:24.382,1.7496,1.75015,1.60,1.00
2010.05.14 09:06:25.548,1.74975,1.75015,1.30,1.00
2010.05.14 09:06:25.889,1.74965,1.75025,1.00,1.00
2010.05.14 09:06:26.235,1.74975,1.75025,1.60,1.00
2010.05.14 09:06:26.983,1.74975,1.75025,4.50,1.00
2010.05.14 09:06:27.244,1.74975,1.75045,4.70,1.00
2010.05.14 09:06:28.399,1.7499,1.75045,1.60,1.00
2010.05.14 09:06:28.613,1.7499,1.75065,4.50,1.00
2010.05.14 09:06:29.814,1.74995,1.75065,1.00,1.00
2010.05.14 09:06:30.130,1.7499,1.75065,4.50,1.00
2010.05.14 09:06:31.247,1.74995,1.7506,1.00,1.00
2010.05.14 09:06:31.580,1.7499,1.75075,4.50,4.00
2010.05.14 09:06:31.910,1.7499,1.75075,4.50,4.00
2010.05.14 09:06:32.448,1.74995,1.75075,1.00,4.00
2010.05.14 09:06:32.797,1.75,1.75075,1.60,1.00
2010.05.14 09:06:33.375,1.74995,1.75075,3.30,1.00
2010.05.14 09:06:34.053,1.74995,1.75075,1.00,4.00
2010.05.14 09:06:34.283,1.74995,1.7507,1.00,1.30
2010.05.14 09:06:36.610,1.7501,1.75075,3.20,1.00
2010.05.14 09:06:37.104,1.7501,1.7507,1.60,1.30
2010.05.14 09:06:37.440,1.75005,1.7507,3.20,1.00
2010.05.14 09:06:37.709,1.75005,1.7507,3.30,1.00
2010.05.14 09:06:40.270,1.75005,1.75085,3.20,2.10
2010.05.14 09:06:40.953,1.75015,1.75085,1.00,2.10
2010.05.14 09:06:41.756,1.75015,1.7509,1.00,1.00
2010.05.14 09:06:42.085,1.75025,1.751,1.00,2.10
2010.05.14 09:06:42.259,1.7502,1.751,1.60,2.10
2010.05.14 09:06:43.094,1.75015,1.75085,1.00,1.00
2010.05.14 09:06:43.432,1.7502,1.75085,1.60,1.00
2010.05.14 09:06:44.528,1.7502,1.75085,1.60,1.30
2010.05.14 09:06:44.721,1.75,1.7508,1.60,2.90
2010.05.14 09:06:46.322,1.75005,1.7508,1.00,2.90
2010.05.14 09:06:46.903,1.75005,1.75085,1.60,2.10
2010.05.14 09:06:47.181,1.7499,1.75075,3.20,3.70
2010.05.14 09:06:47.460,1.74995,1.75075,1.60,3.70
2010.05.14 09:06:47.741,1.74995,1.75065,1.60,1.30
2010.05.14 09:06:48.540,1.74985,1.75065,3.20,1.30
2010.05.14 09:06:50.119,1.7499,1.7507,1.60,1.60
2010.05.14 09:06:50.461,1.74995,1.75075,1.60,3.70
2010.05.14 09:06:51.919,1.74995,1.75075,1.70,3.70
2010.05.14 09:06:52.240,1.74995,1.75075,1.70,2.90
2010.05.14 09:06:52.560,1.74995,1.75075,1.60,2.90
2010.05.14 09:06:54.464,1.74985,1.7506,1.00,1.30
2010.05.14 09:06:56.750,1.74995,1.7506,1.00,1.30
2010.05.14 09:06:57.103,1.7499,1.75065,3.20,1.00
2010.05.14 09:06:57.446,1.7502,1.75065,1.60,1.00
2010.05.14 09:06:58.169,1.74995,1.75075,1.70,2.90
2010.05.14 09:06:58.428,1.74995,1.75075,1.60,2.90
2010.05.14 09:06:58.954,1.74995,1.75075,1.60,2.90
2010.05.14 09:06:59.221,1.74995,1.75075,1.70,2.90
2010.05.14 09:06:59.991,1.74995,1.75075,1.60,2.90
2010.05.14 09:07:00.771,1.75005,1.7508,3.30,1.60
2010.05.14 09:07:01.643,1.7502,1.7508,1.60,1.60
2010.05.14 09:07:02.867,1.7501,1.7508,3.20,1.60
2010.05.14 09:07:05.607,1.7501,1.7508,1.60,1.60
2010.05.14 09:07:05.954,1.75005,1.7508,3.20,1.60
2010.05.14 09:07:06.294,1.75005,1.7507,1.00,1.30
2010.05.14 09:07:07.005,1.75005,1.7508,3.30,1.60
2010.05.14 09:07:08.810,1.75005,1.7507,1.00,1.30
2010.05.14 09:07:09.175,1.75,1.7508,3.20,2.90
2010.05.14 09:07:09.514,1.75,1.75065,3.20,1.30
2010.05.14 09:07:09.792,1.75,1.7508,3.20,2.90
2010.05.14 09:07:10.501,1.7499,1.75065,1.60,1.30
2010.05.14 09:07:11.904,1.74985,1.7506,1.00,2.90
2010.05.14 09:07:12.243,1.7499,1.7506,1.60,1.60
2010.05.14 09:07:12.581,1.7499,1.7506,1.60,2.90
2010.05.14 09:07:13.353,1.7499,1.7506,1.60,1.60
2010.05.14 09:07:13.631,1.7499,1.7506,1.60,2.90
2010.05.14 09:07:13.970,1.74985,1.7506,1.00,2.90
2010.05.14 09:07:15.080,1.74985,1.7506,1.00,2.90
2010.05.14 09:07:15.350,1.74985,1.7506,1.00,2.90
2010.05.14 09:07:16.081,1.7499,1.7506,1.60,1.60
2010.05.14 09:07:17.226,1.7499,1.7506,1.60,2.90
2010.05.14 09:07:17.510,1.74985,1.7506,1.00,2.90
2010.05.14 09:07:17.799,1.7498,1.7506,3.20,2.90
2010.05.14 09:07:18.089,1.74985,1.7506,1.00,2.90
2010.05.14 09:07:20.912,1.74965,1.75035,1.00,1.30
2010.05.14 09:07:21.121,1.7497,1.7504,2.90,1.00
2010.05.14 09:07:21.791,1.7498,1.75055,3.20,1.30
2010.05.14 09:07:22.001,1.74975,1.75055,1.60,1.30
2010.05.14 09:07:23.176,1.74975,1.7506,1.60,4.50
2010.05.14 09:07:23.404,1.74975,1.75055,1.60,1.30
2010.05.14 09:07:24.287,1.74985,1.7506,1.00,3.20
2010.05.14 09:07:24.637,1.7499,1.75065,1.60,1.00
2010.05.14 09:07:24.981,1.7499,1.7507,1.60,2.90
2010.05.14 09:07:26.452,1.74995,1.7507,3.20,1.30
2010.05.14 09:07:26.691,1.7499,1.7507,1.60,2.90
2010.05.14 09:07:27.429,1.7499,1.75065,1.60,1.00
2010.05.14 09:07:27.593,1.74995,1.7507,3.20,1.30
2010.05.14 09:07:27.761,1.74995,1.7507,1.00,2.90
2010.05.14 09:07:27.931,1.74995,1.7507,1.00,1.60
2010.05.14 09:07:28.572,1.75,1.7507,3.20,1.30
2010.05.14 09:07:28.910,1.74995,1.7507,1.00,1.30
2010.05.14 09:07:29.251,1.75005,1.7508,1.00,4.80
2010.05.14 09:07:29.875,1.75005,1.7508,1.60,1.60
2010.05.14 09:07:30.215,1.74965,1.75045,4.80,1.30
2010.05.14 09:07:30.555,1.74945,1.75005,1.60,1.60
2010.05.14 09:07:31.369,1.7498,1.7501,1.60,1.30
2010.05.14 09:07:31.716,1.74935,1.75015,1.00,3.20
2010.05.14 09:07:32.065,1.74935,1.75015,1.60,2.90
2010.05.14 09:07:32.871,1.74945,1.75025,3.20,1.40
2010.05.14 09:07:33.406,1.74945,1.75025,3.20,1.30
2010.05.14 09:07:34.574,1.7495,1.7502,3.20,1.30
2010.05.14 09:07:34.763,1.7495,1.75035,3.20,4.60
2010.05.14 09:07:34.952,1.7495,1.75025,1.60,1.40
2010.05.14 09:07:35.520,1.74945,1.75025,3.20,1.30
2010.05.14 09:07:35.866,1.7494,1.7502,1.60,1.30
2010.05.14 09:07:36.214,1.74945,1.75025,3.20,1.30
2010.05.14 09:07:36.551,1.7495,1.75035,3.20,4.60
2010.05.14 09:07:37.392,1.74955,1.75035,1.60,2.90
2010.05.14 09:07:37.941,1.74955,1.75035,1.60,2.90
2010.05.14 09:07:38.152,1.7496,1.75035,1.60,1.60
2010.05.14 09:07:38.630,1.7496,1.7504,3.20,2.90
2010.05.14 09:07:39.153,1.74965,1.7504,3.20,1.60
2010.05.14 09:07:39.463,1.74965,1.75045,3.20,1.30
2010.05.14 09:07:40.253,1.74965,1.75045,3.20,1.30
2010.05.14 09:07:40.600,1.7497,1.75045,1.60,2.90
2010.05.14 09:07:40.942,1.7497,1.75045,3.20,1.30
2010.05.14 09:07:41.191,1.7497,1.75045,3.20,1.40
2010.05.14 09:07:41.894,1.74965,1.75045,1.60,1.40
2010.05.14 09:07:42.140,1.74965,1.75045,3.20,1.30
2010.05.14 09:07:42.410,1.74965,1.7505,3.30,1.60
2010.05.14 09:07:42.950,1.74975,1.75055,1.60,1.30
2010.05.14 09:07:43.676,1.74975,1.75055,1.60,1.50
2010.05.14 09:07:43.931,1.74975,1.75055,1.60,1.30
2010.05.14 09:07:44.554,1.74975,1.75055,1.60,1.50
2010.05.14 09:07:44.820,1.74975,1.75055,1.60,1.30
2010.05.14 09:07:45.429,1.74975,1.75055,1.60,1.50
2010.05.14 09:07:45.608,1.74985,1.75055,1.00,1.30
2010.05.14 09:07:45.784,1.7499,1.75065,1.60,1.60
2010.05.14 09:07:45.963,1.74995,1.75065,1.00,1.60
2010.05.14 09:07:46.847,1.74995,1.75075,3.30,1.30
2010.05.14 09:07:47.193,1.74995,1.7507,1.00,2.90
2010.05.14 09:07:47.827,1.74995,1.7507,1.00,1.60
2010.05.14 09:07:48.103,1.75005,1.7508,1.60,1.30
2010.05.14 09:07:48.380,1.75005,1.7508,1.60,1.30
2010.05.14 09:07:49.910,1.7501,1.7508,3.20,1.30
2010.05.14 09:07:50.191,1.75015,1.7508,1.60,1.30
2010.05.14 09:07:50.963,1.75005,1.7508,3.20,1.30
2010.05.14 09:07:51.299,1.75005,1.75085,3.20,1.30
2010.05.14 09:07:56.532,1.75005,1.75085,1.60,1.30
2010.05.14 09:07:56.712,1.75005,1.75085,1.70,1.30
2010.05.14 09:07:57.632,1.7502,1.751,3.20,1.30
2010.05.14 09:07:57.962,1.7503,1.7512,3.20,4.50
2010.05.14 09:07:58.754,1.75035,1.7511,1.60,1.30
2010.05.14 09:08:02.541,1.75035,1.751,1.60,1.30
2010.05.14 09:08:02.792,1.7502,1.75095,3.20,1.30
2010.05.14 09:08:03.613,1.7502,1.75095,1.60,1.30
2010.05.14 09:08:08.605,1.7501,1.7508,3.20,1.30
2010.05.14 09:08:08.941,1.75005,1.7508,1.60,1.30
2010.05.14 09:08:09.937,1.7501,1.7509,3.20,1.30
2010.05.14 09:08:10.690,1.7501,1.7508,3.20,1.30
2010.05.14 09:08:12.164,1.7501,1.7509,3.20,1.30
2010.05.14 09:08:12.803,1.7501,1.75095,3.20,4.60
2010.05.14 09:08:13.014,1.75015,1.75095,1.00,1.30
2010.05.14 09:08:13.691,1.75015,1.75095,1.00,1.30
2010.05.14 09:08:14.469,1.7501,1.75095,3.20,1.30
2010.05.14 09:08:14.945,1.75015,1.75095,1.00,1.30
2010.05.14 09:08:15.271,1.75025,1.751,1.00,2.90
2010.05.14 09:08:15.884,1.7503,1.751,1.60,2.90
2010.05.14 09:08:16.221,1.75035,1.7511,3.20,1.30
2010.05.14 09:08:21.372,1.7504,1.75115,3.20,1.30
2010.05.14 09:08:22.181,1.75055,1.7513,3.20,1.30
2010.05.14 09:08:22.492,1.7506,1.75115,3.20,1.30
2010.05.14 09:08:22.801,1.7504,1.75115,3.20,1.30
2010.05.14 09:08:24.600,1.7504,1.75125,3.20,1.30
2010.05.14 09:08:25.090,1.75045,1.75125,1.60,1.30
2010.05.14 09:08:25.275,1.7505,1.75125,1.60,1.30
2010.05.14 09:08:26.406,1.75045,1.75125,1.60,1.30
2010.05.14 09:08:26.711,1.7504,1.75115,3.20,1.30
2010.05.14 09:08:28.532,1.75045,1.75125,1.60,2.90
2010.05.14 09:08:28.740,1.75045,1.75115,1.60,1.30
2010.05.14 09:08:29.080,1.7504,1.75115,1.60,1.30
2010.05.14 09:08:29.921,1.75035,1.7511,1.60,1.30
2010.05.14 09:08:30.263,1.7503,1.7511,3.20,1.30
2010.05.14 09:08:31.691,1.7502,1.75095,1.60,1.30
2010.05.14 09:08:32.701,1.75025,1.75095,1.00,1.30
2010.05.14 09:08:32.959,1.7502,1.75095,1.60,1.30
2010.05.14 09:08:35.339,1.75025,1.751,3.20,1.30
2010.05.14 09:08:35.816,1.7502,1.751,1.60,2.90
2010.05.14 09:08:35.995,1.75025,1.751,3.30,1.30
2010.05.14 09:08:36.161,1.75025,1.751,3.20,1.30
2010.05.14 09:08:36.504,1.7502,1.75095,1.60,1.30
2010.05.14 09:08:39.900,1.7502,1.7508,1.60,1.30
2010.05.14 09:08:40.243,1.75015,1.75095,3.30,1.30
2010.05.14 09:08:40.582,1.75015,1.75095,3.20,1.30
2010.05.14 09:08:40.921,1.75015,1.75095,3.30,1.30
2010.05.14 09:08:41.650,1.75025,1.75095,1.00,1.30
2010.05.14 09:08:42.155,1.7503,1.75095,1.60,1.30
2010.05.14 09:08:42.403,1.7503,1.75105,1.60,1.30
2010.05.14 09:08:43.232,1.7503,1.751,1.60,1.60
2010.05.14 09:08:43.570,1.7504,1.7512,3.20,1.30
2010.05.14 09:08:43.912,1.75045,1.7512,1.60,1.30
2010.05.14 09:08:44.401,1.75055,1.75125,1.00,1.60
2010.05.14 09:08:44.746,1.7507,1.75135,1.60,1.30
2010.05.14 09:08:45.000,1.7506,1.7514,3.20,1.30
2010.05.14 09:08:45.732,1.75065,1.7514,1.60,1.30
2010.05.14 09:08:46.615,1.75065,1.75135,1.60,1.30
2010.05.14 09:08:46.956,1.7506,1.7514,3.20,1.30
2010.05.14 09:08:48.792,1.75065,1.7514,1.60,1.30
2010.05.14 09:08:51.356,1.7504,1.75125,3.20,3.20
2010.05.14 09:08:51.497,1.75025,1.751,3.20,1.30
2010.05.14 09:08:51.632,1.75025,1.751,3.30,1.30
2010.05.14 09:08:52.389,1.7504,1.75115,1.60,1.30
2010.05.14 09:08:52.736,1.75045,1.75115,1.60,1.30
2010.05.14 09:08:53.550,1.75045,1.7512,1.60,1.30
2010.05.14 09:08:53.833,1.75045,1.7512,1.70,1.30
2010.05.14 09:08:54.400,1.75045,1.7512,1.60,1.30
2010.05.14 09:08:54.681,1.75045,1.7512,1.70,1.30
2010.05.14 09:08:55.022,1.75055,1.7513,3.20,1.60
2010.05.14 09:08:56.172,1.75055,1.7513,1.60,3.20
2010.05.14 09:08:56.335,1.75045,1.7512,1.60,1.30
2010.05.14 09:08:57.083,1.75045,1.7512,1.60,1.30
2010.05.14 09:08:58.141,1.75045,1.75115,1.00,1.30
2010.05.14 09:08:58.330,1.75045,1.75115,1.00,1.30
2010.05.14 09:08:59.311,1.75065,1.7513,1.00,1.60
2010.05.14 09:08:59.601,1.75065,1.7513,3.20,1.60
2010.05.14 09:09:00.434,1.75065,1.7513,1.60,2.90
2010.05.14 09:09:00.770,1.75055,1.7513,1.60,2.90
2010.05.14 09:09:01.111,1.75045,1.7513,3.30,6.10
2010.05.14 09:09:01.922,1.75055,1.7513,1.60,2.90
2010.05.14 09:09:02.712,1.75055,1.75125,1.60,1.30
2010.05.14 09:09:02.991,1.75045,1.75125,3.30,1.30
2010.05.14 09:09:03.593,1.75055,1.7513,1.60,1.30
2010.05.14 09:09:03.800,1.7506,1.7513,1.60,1.30
2010.05.14 09:09:04.010,1.7506,1.75135,3.20,1.30
2010.05.14 09:09:05.053,1.75055,1.7513,1.60,1.30
2010.05.14 09:09:11.375,1.75055,1.7513,1.60,2.90
2010.05.14 09:09:11.580,1.75045,1.75125,3.20,1.30
2010.05.14 09:09:13.693,1.75045,1.75125,3.20,1.40
2010.05.14 09:09:13.891,1.75045,1.75125,3.20,1.30
2010.05.14 09:09:13.990,1.75055,1.75125,1.60,1.30
2010.05.14 09:09:14.091,1.7506,1.75115,1.60,1.30
2010.05.14 09:09:14.655,1.75025,1.75105,4.90,1.30
2010.05.14 09:09:14.993,1.75025,1.7509,1.60,1.30
2010.05.14 09:09:15.330,1.7501,1.7509,3.20,1.30
2010.05.14 09:09:16.832,1.75015,1.7509,1.00,1.30
2010.05.14 09:09:17.160,1.7501,1.7509,3.20,1.30
2010.05.14 09:09:18.638,1.75015,1.7509,1.00,1.30
2010.05.14 09:09:19.175,1.7501,1.7509,3.20,1.30
2010.05.14 09:09:19.961,1.75015,1.7509,1.00,1.30
2010.05.14 09:09:20.302,1.75015,1.7509,1.00,1.30
2010.05.14 09:09:21.301,1.75015,1.75095,1.00,2.90
2010.05.14 09:09:21.592,1.7502,1.75095,1.60,1.30
2010.05.14 09:09:22.347,1.75025,1.75095,1.00,1.30
2010.05.14 09:09:22.947,1.75035,1.75095,1.00,1.30
2010.05.14 09:09:23.264,1.75035,1.75105,1.70,1.60
2010.05.14 09:09:24.872,1.7503,1.75105,1.60,1.60
2010.05.14 09:09:25.061,1.75035,1.75105,1.60,1.60
2010.05.14 09:09:25.250,1.75035,1.75105,3.20,1.60
2010.05.14 09:09:26.541,1.75035,1.75105,1.60,1.60
2010.05.14 09:09:26.882,1.7503,1.75105,1.60,2.90
2010.05.14 09:09:27.781,1.7503,1.75105,1.60,1.30
2010.05.14 09:09:28.963,1.7504,1.75115,1.60,2.90
2010.05.14 09:09:29.193,1.7503,1.75095,1.60,1.30
2010.05.14 09:09:29.483,1.75035,1.75095,1.60,1.30
2010.05.14 09:09:29.772,1.75035,1.7511,1.60,1.30
2010.05.14 09:09:31.540,1.75035,1.7511,1.60,1.30
2010.05.14 09:09:32.468,1.75035,1.75115,1.70,2.90
2010.05.14 09:09:32.602,1.7504,1.75115,3.20,1.30
2010.05.14 09:09:32.742,1.7504,1.7511,1.60,2.90
2010.05.14 09:09:33.354,1.7503,1.7511,1.60,2.90
2010.05.14 09:09:33.494,1.75035,1.7511,1.00,1.30
2010.05.14 09:09:33.833,1.75045,1.7512,3.30,2.90
2010.05.14 09:09:34.172,1.75045,1.7511,1.60,1.30
2010.05.14 09:09:34.971,1.75035,1.751,1.00,1.30
2010.05.14 09:09:35.220,1.75025,1.751,3.30,1.30
2010.05.14 09:09:36.051,1.75025,1.75085,1.70,1.30
2010.05.14 09:09:36.392,1.75025,1.75095,1.00,1.30
2010.05.14 09:09:37.171,1.75035,1.7511,1.00,4.50
2010.05.14 09:09:38.040,1.75035,1.7511,1.00,4.50
2010.05.14 09:09:38.352,1.7504,1.7512,1.60,1.60
2010.05.14 09:09:39.087,1.7504,1.75115,1.60,1.30
2010.05.14 09:09:39.345,1.75045,1.75115,1.60,1.30
2010.05.14 09:09:39.651,1.75045,1.75115,1.60,1.30
2010.05.14 09:09:40.343,1.75035,1.75115,1.00,2.90
2010.05.14 09:09:40.682,1.75045,1.75115,1.00,2.90
2010.05.14 09:09:41.022,1.75045,1.75125,3.20,1.30
2010.05.14 09:09:41.560,1.7504,1.75125,1.60,4.50
2010.05.14 09:09:41.873,1.7504,1.75125,1.60,4.70
2010.05.14 09:09:42.951,1.75045,1.7513,3.20,4.50
2010.05.14 09:09:43.521,1.7504,1.75125,1.60,4.50
2010.05.14 09:09:43.813,1.75045,1.75125,3.20,1.00
2010.05.14 09:09:44.103,1.7503,1.75115,4.50,1.60
2010.05.14 09:09:45.321,1.7503,1.75115,3.20,2.90
2010.05.14 09:09:45.372,1.7504,1.75125,1.60,4.50
2010.05.14 09:09:46.813,1.7503,1.75115,3.20,3.00
2010.05.14 09:09:47.150,1.7503,1.75115,3.20,2.90
2010.05.14 09:09:47.959,1.7503,1.75115,3.20,3.00
2010.05.14 09:09:48.303,1.7503,1.75115,3.20,2.90
2010.05.14 09:09:50.372,1.75035,1.7512,3.20,2.90
2010.05.14 09:09:51.611,1.75025,1.7511,3.30,2.90
2010.05.14 09:09:51.946,1.7504,1.75105,2.90,3.20
2010.05.14 09:09:52.206,1.75045,1.75105,1.60,1.60
2010.05.14 09:09:52.462,1.75035,1.7512,3.20,4.50
2010.05.14 09:09:54.040,1.7504,1.7512,3.20,1.30
2010.05.14 09:09:54.240,1.7504,1.75125,3.20,2.90
2010.05.14 09:09:54.840,1.75065,1.7515,3.20,5.30
2010.05.14 09:09:55.045,1.7508,1.75165,1.60,6.10
2010.05.14 09:09:55.333,1.7506,1.75125,1.30,1.60
2010.05.14 09:09:55.622,1.75045,1.75125,1.00,2.90
2010.05.14 09:09:56.361,1.75035,1.75115,1.00,4.50
2010.05.14 09:09:56.916,1.75035,1.7512,3.20,2.90
2010.05.14 09:09:58.584,1.7503,1.75115,3.20,4.70
2010.05.14 09:09:58.923,1.7503,1.75115,3.20,4.50
2010.05.14 09:10:00.757,1.75,1.7508,3.20,1.30
2010.05.14 09:10:00.924,1.75005,1.7508,1.00,4.50
2010.05.14 09:10:01.586,1.75005,1.7509,3.20,1.60
2010.05.14 09:10:02.898,1.75005,1.7509,3.20,1.60
2010.05.14 09:10:03.117,1.74995,1.7508,3.20,4.50
2010.05.14 09:10:04.247,1.75005,1.75085,1.00,1.60
2010.05.14 09:10:04.549,1.75,1.75085,3.20,1.60
2010.05.14 09:10:07.403,1.75025,1.75085,1.60,1.60
2010.05.14 09:10:07.505,1.75025,1.75105,3.20,1.60
2010.05.14 09:10:07.602,1.75025,1.751,1.60,1.60
2010.05.14 09:10:07.703,1.7502,1.751,1.30,3.20
2010.05.14 09:10:07.803,1.75015,1.751,1.60,4.50
2010.05.14 09:10:07.901,1.7501,1.75085,1.30,1.60
2010.05.14 09:10:08.461,1.75005,1.75085,1.00,1.60
2010.05.14 09:10:08.793,1.75005,1.75085,1.00,1.60
2010.05.14 09:10:09.111,1.75,1.75085,3.20,1.60
2010.05.14 09:10:11.075,1.7501,1.7509,1.60,2.90
2010.05.14 09:10:11.260,1.7501,1.75095,1.60,4.50
2010.05.14 09:10:12.493,1.75015,1.75095,1.00,4.50
2010.05.14 09:10:13.228,1.75025,1.75095,1.30,3.20
2010.05.14 09:10:13.296,1.74995,1.75075,2.50,2.90
2010.05.14 09:10:13.344,1.75005,1.75075,1.00,3.20
2010.05.14 09:10:13.440,1.75005,1.75075,1.40,1.60
2010.05.14 09:10:13.543,1.7501,1.75075,1.60,1.60
2010.05.14 09:10:13.598,1.7501,1.75095,1.60,4.50
2010.05.14 09:10:14.574,1.7501,1.75095,1.60,4.60
2010.05.14 09:10:14.910,1.7501,1.75095,1.60,4.50
2010.05.14 09:10:16.091,1.75015,1.75095,1.00,4.50
2010.05.14 09:10:17.510,1.75015,1.751,3.30,3.20
2010.05.14 09:10:19.890,1.75015,1.75095,3.30,1.00
2010.05.14 09:10:20.983,1.75015,1.75095,4.70,1.00
2010.05.14 09:10:21.023,1.75025,1.75105,1.70,2.40
2010.05.14 09:10:21.482,1.7503,1.75105,3.20,1.00
2010.05.14 09:10:22.551,1.75035,1.75115,3.20,2.40
2010.05.14 09:10:24.140,1.75035,1.75115,3.20,3.70
2010.05.14 09:10:24.461,1.75045,1.75115,1.60,3.70
2010.05.14 09:10:25.170,1.75035,1.75115,3.20,2.40
2010.05.14 09:10:25.432,1.75035,1.75115,3.20,2.40
2010.05.14 09:10:25.692,1.75035,1.75115,3.20,2.40
2010.05.14 09:10:29.052,1.75035,1.75115,3.20,2.40
2010.05.14 09:10:29.244,1.75045,1.75115,1.60,2.40
2010.05.14 09:10:31.703,1.7504,1.75115,1.30,2.40
2010.05.14 09:10:32.043,1.7503,1.75115,3.20,6.90
2010.05.14 09:10:33.828,1.75035,1.75115,1.60,2.50
2010.05.14 09:10:34.082,1.7503,1.75115,3.20,7.10
2010.05.14 09:10:34.878,1.7503,1.75115,3.20,6.90
2010.05.14 09:10:35.133,1.7503,1.75105,3.20,1.00
2010.05.14 09:10:35.444,1.7504,1.75105,1.30,1.00
2010.05.14 09:10:36.481,1.75045,1.75115,1.60,1.60
2010.05.14 09:10:40.100,1.75045,1.75115,1.70,1.60
2010.05.14 09:10:40.712,1.7505,1.75115,1.60,1.60
2010.05.14 09:10:40.936,1.75065,1.75115,3.20,1.60
2010.05.14 09:10:41.362,1.75065,1.75115,3.20,1.60
2010.05.14 09:10:49.762,1.7507,1.7515,4.50,1.00
2010.05.14 09:10:50.462,1.7508,1.75155,3.20,1.60
2010.05.14 09:10:54.092,1.7509,1.75155,1.60,1.60
2010.05.14 09:10:56.801,1.75095,1.75155,3.20,1.60
2010.05.14 09:10:57.120,1.75095,1.7518,3.20,1.30
2010.05.14 09:10:58.102,1.75095,1.75175,3.20,1.00
2010.05.14 09:10:58.435,1.75085,1.7517,3.20,3.20
2010.05.14 09:10:58.653,1.75085,1.75165,3.20,1.00
2010.05.14 09:10:58.842,1.7509,1.7517,1.30,3.20
2010.05.14 09:10:59.376,1.7509,1.75165,1.30,3.20
2010.05.14 09:10:59.716,1.7509,1.7517,2.90,1.60
2010.05.14 09:11:00.051,1.7509,1.7517,1.30,3.20
2010.05.14 09:11:00.392,1.75095,1.75175,1.60,1.70
2010.05.14 09:11:01.226,1.75085,1.75165,3.20,1.50
2010.05.14 09:11:01.712,1.7508,1.75155,1.60,1.00
2010.05.14 09:11:02.000,1.7508,1.75145,1.60,2.40
2010.05.14 09:11:02.812,1.7507,1.75145,4.50,2.40
2010.05.14 09:11:04.331,1.7508,1.75145,1.60,2.40
2010.05.14 09:11:05.110,1.7508,1.7513,1.60,1.00
2010.05.14 09:11:05.330,1.7508,1.75145,1.60,2.40
2010.05.14 09:11:05.960,1.75085,1.75145,1.00,2.40
2010.05.14 09:11:06.173,1.75105,1.75145,1.60,2.40
2010.05.14 09:11:06.686,1.751,1.75145,1.60,2.40
2010.05.14 09:11:07.025,1.75105,1.7518,2.90,1.60
2010.05.14 09:11:07.363,1.75105,1.7518,4.50,1.60
2010.05.14 09:11:08.751,1.75115,1.7518,1.60,1.60
2010.05.14 09:11:08.921,1.7511,1.7518,1.60,1.60
2010.05.14 09:11:09.494,1.75105,1.7519,4.50,3.20
2010.05.14 09:11:10.172,1.751,1.75185,3.20,3.20
2010.05.14 09:11:11.661,1.751,1.75185,3.20,3.30
2010.05.14 09:11:11.873,1.75095,1.75175,2.90,1.60
2010.05.14 09:11:12.081,1.75085,1.7517,3.20,3.20
2010.05.14 09:11:12.743,1.7508,1.75165,1.60,4.50
2010.05.14 09:11:12.961,1.75075,1.7516,3.10,3.20
2010.05.14 09:11:14.200,1.75095,1.75165,1.00,1.60
2010.05.14 09:11:14.496,1.75105,1.75185,1.40,3.20
2010.05.14 09:11:14.782,1.7511,1.75185,1.30,1.00
2010.05.14 09:11:15.539,1.75105,1.75185,2.90,1.00
2010.05.14 09:11:15.884,1.75105,1.75185,1.30,1.60
2010.05.14 09:11:17.261,1.75105,1.75185,1.30,1.00
2010.05.14 09:11:17.682,1.75105,1.75185,1.30,1.00
2010.05.14 09:11:17.850,1.751,1.75185,3.20,1.00
2010.05.14 09:11:18.022,1.75095,1.7517,1.00,3.20
2010.05.14 09:11:18.502,1.751,1.7517,1.60,3.20
2010.05.14 09:11:18.682,1.75085,1.7517,3.20,3.20
2010.05.14 09:11:20.737,1.75075,1.7516,1.60,4.50
2010.05.14 09:11:20.763,1.75075,1.7516,1.60,4.50
2010.05.14 09:11:21.362,1.75075,1.7516,1.60,4.50
2010.05.14 09:11:21.616,1.75075,1.75155,1.60,1.00
2010.05.14 09:11:24.991,1.75065,1.7515,4.60,1.60
2010.05.14 09:11:25.845,1.7507,1.7515,1.30,1.60
2010.05.14 09:11:26.084,1.75075,1.7516,1.60,4.50
2010.05.14 09:11:28.072,1.75075,1.75145,1.60,1.30
2010.05.14 09:11:28.410,1.7506,1.75145,3.20,4.50
2010.05.14 09:11:29.454,1.7506,1.75145,3.20,4.70
2010.05.14 09:11:29.675,1.7506,1.75145,3.20,4.50
2010.05.14 09:11:29.894,1.75055,1.75135,4.50,1.60
2010.05.14 09:11:30.113,1.75055,1.75135,1.60,1.60
2010.05.14 09:11:30.333,1.75055,1.75135,1.60,1.60
2010.05.14 09:11:31.671,1.75055,1.75135,1.60,1.60
2010.05.14 09:11:32.011,1.75055,1.75135,1.60,1.70
2010.05.14 09:11:32.628,1.75055,1.75135,1.60,1.60
2010.05.14 09:11:32.795,1.75045,1.7513,3.30,3.20
2010.05.14 09:11:33.072,1.75045,1.7513,3.20,3.20
2010.05.14 09:11:33.351,1.75045,1.7512,3.20,1.30
2010.05.14 09:11:33.634,1.75045,1.7513,3.20,3.20
2010.05.14 09:11:34.441,1.75045,1.75125,1.00,3.20
2010.05.14 09:11:34.730,1.75045,1.7513,3.20,3.20
2010.05.14 09:11:36.116,1.75045,1.75125,3.20,1.00
2010.05.14 09:11:36.445,1.7504,1.7512,1.60,1.30
2010.05.14 09:11:36.691,1.7504,1.75125,1.60,4.60
2010.05.14 09:11:42.062,1.75045,1.75125,1.00,4.50
2010.05.14 09:11:42.699,1.75045,1.7512,1.00,1.30
2010.05.14 09:11:42.865,1.7504,1.75125,1.60,4.60
2010.05.14 09:11:44.463,1.75045,1.75125,1.00,4.50
2010.05.14 09:11:44.715,1.75055,1.75135,1.60,1.60
2010.05.14 09:11:45.976,1.75055,1.75135,3.20,1.60
2010.05.14 09:11:46.313,1.75055,1.75135,3.20,1.70
2010.05.14 09:11:46.484,1.7505,1.75125,1.60,1.00
2010.05.14 09:11:47.622,1.75045,1.75125,3.20,2.90
2010.05.14 09:11:47.960,1.75045,1.75125,1.00,4.50
2010.05.14 09:11:49.511,1.7504,1.75125,1.60,3.20
2010.05.14 09:11:51.530,1.75045,1.75125,1.00,3.20
2010.05.14 09:11:53.006,1.75065,1.75145,1.50,3.20
2010.05.14 09:11:53.112,1.75065,1.75145,1.30,3.20
2010.05.14 09:11:53.222,1.75065,1.7515,4.50,1.60
2010.05.14 09:11:53.796,1.75065,1.7515,3.20,1.60
2010.05.14 09:11:54.142,1.7506,1.75145,3.20,1.60
2010.05.14 09:11:54.819,1.7506,1.75145,3.20,3.00
2010.05.14 09:11:55.113,1.75055,1.75135,1.60,1.60
2010.05.14 09:11:57.903,1.75055,1.75135,1.60,1.60
2010.05.14 09:11:58.243,1.75055,1.75135,1.60,1.60
2010.05.14 09:12:01.131,1.75055,1.75135,1.60,1.60
2010.05.14 09:12:01.290,1.75055,1.75135,1.70,1.60
2010.05.14 09:12:02.374,1.7506,1.75135,1.60,3.00
2010.05.14 09:12:02.541,1.7505,1.7513,1.60,1.60
2010.05.14 09:12:02.711,1.75045,1.7513,3.20,3.20
2010.05.14 09:12:02.882,1.75065,1.7513,1.00,3.20
2010.05.14 09:12:03.384,1.75065,1.7513,1.00,1.60
2010.05.14 09:12:03.724,1.75065,1.7515,4.70,1.60
2010.05.14 09:12:04.060,1.75075,1.7515,1.00,1.60
2010.05.14 09:12:04.932,1.75065,1.7515,4.60,1.60
2010.05.14 09:12:05.242,1.75055,1.7513,1.00,3.20
2010.05.14 09:12:05.561,1.75055,1.75135,1.70,1.60
2010.05.14 09:12:06.371,1.75065,1.75145,1.00,3.20
2010.05.14 09:12:06.654,1.7507,1.75145,2.90,1.60
2010.05.14 09:12:06.996,1.75065,1.75145,4.50,1.00
2010.05.14 09:12:07.632,1.75065,1.7515,3.20,2.90
2010.05.14 09:12:07.863,1.75065,1.75145,2.90,1.60
2010.05.14 09:12:08.092,1.75075,1.75145,1.60,1.00
2010.05.14 09:12:08.322,1.7506,1.75145,3.20,3.20
2010.05.14 09:12:08.807,1.75065,1.75145,1.00,3.20
2010.05.14 09:12:09.133,1.75055,1.75135,1.60,1.60
2010.05.14 09:12:10.983,1.75045,1.7513,3.30,3.20
2010.05.14 09:12:11.212,1.75055,1.7513,1.00,3.20
2010.05.14 09:12:11.930,1.75065,1.7515,1.70,4.50
2010.05.14 09:12:12.163,1.75085,1.75165,1.00,3.20
2010.05.14 09:12:12.940,1.75085,1.7516,1.00,1.60
2010.05.14 09:12:13.244,1.7508,1.7516,1.60,1.60
2010.05.14 09:12:13.483,1.75065,1.7515,4.70,1.60
2010.05.14 09:12:13.724,1.75065,1.75145,4.50,1.00
2010.05.14 09:12:14.225,1.75065,1.75145,3.20,1.40
2010.05.14 09:12:14.465,1.75065,1.7515,4.50,1.60
2010.05.14 09:12:14.803,1.75065,1.75145,1.60,2.90
2010.05.14 09:12:15.611,1.75065,1.7515,4.50,1.60
2010.05.14 09:12:15.902,1.75065,1.7515,1.60,4.50
2010.05.14 09:12:16.192,1.75065,1.7515,4.50,1.60
2010.05.14 09:12:16.961,1.7506,1.7514,3.20,1.30
2010.05.14 09:12:17.309,1.7505,1.7513,3.20,1.30
2010.05.14 09:12:18.025,1.75055,1.7514,4.50,3.20
2010.05.14 09:12:18.295,1.7507,1.75145,1.30,1.60
2010.05.14 09:12:18.562,1.7507,1.7515,1.60,1.60
2010.05.14 09:12:19.366,1.75055,1.75135,1.60,1.30
2010.05.14 09:12:19.705,1.75045,1.7513,4.70,1.60
2010.05.14 09:12:20.542,1.75045,1.7513,4.50,1.60
2010.05.14 09:12:20.863,1.7505,1.75125,2.90,1.00
2010.05.14 09:12:21.181,1.7504,1.7512,3.20,1.30
2010.05.14 09:12:21.952,1.75035,1.75115,1.60,2.90
2010.05.14 09:12:22.262,1.75025,1.7511,4.70,3.20
2010.05.14 09:12:22.808,1.75025,1.75105,3.30,1.30
2010.05.14 09:12:23.119,1.75045,1.7512,1.00,1.60
2010.05.14 09:12:23.465,1.75055,1.75125,1.00,3.20
2010.05.14 09:12:24.039,1.75055,1.75125,1.00,3.20
2010.05.14 09:12:24.335,1.75045,1.7513,4.70,1.60
2010.05.14 09:12:25.382,1.75045,1.75125,1.50,3.20
2010.05.14 09:12:25.675,1.75045,1.7513,4.70,1.60
2010.05.14 09:12:25.964,1.75055,1.75125,1.00,1.60
2010.05.14 09:12:26.444,1.75055,1.75125,1.00,3.20
2010.05.14 09:12:26.787,1.75055,1.7513,1.00,1.60
2010.05.14 09:12:27.470,1.75045,1.7513,4.70,1.60
2010.05.14 09:12:28.032,1.75055,1.7513,1.00,1.60
2010.05.14 09:12:28.651,1.75045,1.7513,4.70,1.60
2010.05.14 09:12:28.961,1.75045,1.7511,3.30,1.30
2010.05.14 09:12:29.121,1.75045,1.7511,3.20,1.30
2010.05.14 09:12:29.284,1.7506,1.75115,1.30,1.60
2010.05.14 09:12:29.441,1.7506,1.7514,1.30,3.20
2010.05.14 09:12:30.076,1.7506,1.7514,2.90,1.60
2010.05.14 09:12:30.414,1.75065,1.75145,1.00,3.20
2010.05.14 09:12:31.576,1.7507,1.7515,1.60,1.60
2010.05.14 09:12:33.329,1.7507,1.7515,1.60,2.90
2010.05.14 09:12:33.463,1.75085,1.7515,1.30,1.60
2010.05.14 09:12:33.592,1.75075,1.7515,1.60,1.30
2010.05.14 09:12:33.723,1.7507,1.75145,1.60,2.90
2010.05.14 09:12:33.852,1.75065,1.7514,1.70,3.20
2010.05.14 09:12:34.384,1.75065,1.7514,3.30,1.60
2010.05.14 09:12:34.725,1.75085,1.75165,1.00,1.60
2010.05.14 09:12:35.064,1.75095,1.7517,1.00,1.60
2010.05.14 09:12:35.644,1.75095,1.75175,1.00,3.20
2010.05.14 09:12:35.987,1.7509,1.75175,1.60,3.20
2010.05.14 09:12:36.673,1.7509,1.75175,1.60,4.70
2010.05.14 09:12:37.474,1.7506,1.75145,3.20,3.20
2010.05.14 09:12:37.812,1.75065,1.75145,3.00,1.60
2010.05.14 09:12:38.551,1.75075,1.75155,2.90,1.60
2010.05.14 09:12:38.832,1.75075,1.75145,3.20,1.00
2010.05.14 09:12:39.363,1.75075,1.75145,1.60,1.00
2010.05.14 09:12:39.715,1.75045,1.7513,3.10,3.20
2010.05.14 09:12:40.043,1.75045,1.7513,2.90,3.20
2010.05.14 09:12:40.322,1.75045,1.7513,3.10,3.20
2010.05.14 09:12:41.092,1.75045,1.7513,2.90,3.20
2010.05.14 09:12:41.402,1.7505,1.7513,1.60,1.60
2010.05.14 09:12:41.713,1.75045,1.7513,3.10,3.20
2010.05.14 09:12:42.474,1.75045,1.7513,2.90,3.20
2010.05.14 09:12:42.782,1.75035,1.7512,1.60,2.90
2010.05.14 09:12:43.100,1.75035,1.7512,3.00,1.60
2010.05.14 09:12:43.610,1.75055,1.7512,1.00,1.60
2010.05.14 09:12:43.959,1.75075,1.7516,3.10,1.60
2010.05.14 09:12:44.304,1.7509,1.7516,1.60,1.30
2010.05.14 09:12:45.122,1.7503,1.75105,4.00,1.30
2010.05.14 09:12:45.462,1.75045,1.7512,1.60,1.60
2010.05.14 09:12:45.951,1.75045,1.7513,1.60,3.20
2010.05.14 09:12:46.272,1.75035,1.75115,1.00,1.60
2010.05.14 09:12:46.601,1.75025,1.75105,1.70,1.60
2010.05.14 09:12:47.701,1.75025,1.75105,1.60,1.60
2010.05.14 09:12:48.041,1.7502,1.75105,3.20,1.30
2010.05.14 09:12:48.831,1.75025,1.7511,3.30,1.30
2010.05.14 09:12:49.860,1.75025,1.7511,3.20,1.30
2010.05.14 09:12:51.393,1.75025,1.75105,1.00,1.30
2010.05.14 09:12:51.561,1.7502,1.75105,3.20,1.30
2010.05.14 09:12:51.732,1.75025,1.7511,1.00,4.50
2010.05.14 09:12:52.696,1.75025,1.7511,3.20,1.30
2010.05.14 09:12:52.871,1.75025,1.75105,3.20,1.60
2010.05.14 09:12:53.051,1.75025,1.75105,1.60,1.60
2010.05.14 09:12:56.205,1.75025,1.75105,1.60,1.60
2010.05.14 09:12:56.602,1.7502,1.751,1.60,1.60
2010.05.14 09:12:57.119,1.75015,1.75095,1.30,3.20
2010.05.14 09:12:57.468,1.75025,1.75105,1.60,1.60
2010.05.14 09:12:58.782,1.75035,1.7512,3.20,3.20
2010.05.14 09:12:59.051,1.75045,1.75125,4.50,1.00
2010.05.14 09:12:59.737,1.75045,1.7513,4.50,1.60
2010.05.14 09:13:00.081,1.75055,1.7514,1.60,4.50
2010.05.14 09:13:03.132,1.75055,1.7514,1.70,4.50
2010.05.14 09:13:04.241,1.75045,1.7513,4.70,1.60
2010.05.14 09:13:05.060,1.75045,1.7513,4.60,1.60
2010.05.14 09:13:08.295,1.75045,1.7513,3.20,1.60
2010.05.14 09:13:08.369,1.75045,1.75115,1.00,1.60
2010.05.14 09:13:09.099,1.75035,1.75115,1.70,1.60
2010.05.14 09:13:09.261,1.75035,1.75115,1.60,1.60
2010.05.14 09:13:10.143,1.7501,1.75095,3.20,3.20
2010.05.14 09:13:10.483,1.7504,1.75095,1.30,1.60
2010.05.14 09:13:11.769,1.7504,1.75115,1.30,1.60
2010.05.14 09:13:11.896,1.75035,1.75115,1.60,2.90
2010.05.14 09:13:12.021,1.75035,1.75115,1.60,3.00
2010.05.14 09:13:12.584,1.75025,1.75115,3.30,4.50
2010.05.14 09:13:14.125,1.75015,1.751,3.30,1.30
2010.05.14 09:13:14.384,1.75015,1.751,3.20,1.30
2010.05.14 09:13:14.644,1.7502,1.7511,3.20,4.50
2010.05.14 09:13:15.151,1.75025,1.7511,1.00,4.50
2010.05.14 09:13:16.301,1.75035,1.7511,1.00,4.50
2010.05.14 09:13:16.941,1.75025,1.7511,1.00,4.50
2010.05.14 09:13:17.771,1.75025,1.7511,1.00,3.20
2010.05.14 09:13:18.073,1.75035,1.7511,1.00,2.90
2010.05.14 09:13:18.879,1.75045,1.75125,3.20,1.30
2010.05.14 09:13:19.157,1.7504,1.75125,2.90,3.20
2010.05.14 09:13:19.433,1.7504,1.7512,1.60,1.30
2010.05.14 09:13:19.928,1.7504,1.75125,1.60,4.50
2010.05.14 09:13:20.975,1.7504,1.7512,1.60,1.60
2010.05.14 09:13:21.685,1.7504,1.75125,1.60,4.50
2010.05.14 09:13:22.024,1.75045,1.75115,1.00,1.30
2010.05.14 09:13:22.740,1.75035,1.75115,3.20,1.30
2010.05.14 09:13:23.581,1.75045,1.75115,1.00,1.30
2010.05.14 09:13:23.701,1.75045,1.75115,1.00,1.30
2010.05.14 09:13:24.276,1.75045,1.7512,1.00,1.60
2010.05.14 09:13:24.393,1.7506,1.7513,1.60,1.30
2010.05.14 09:13:24.512,1.7506,1.7514,1.60,2.90
2010.05.14 09:13:24.632,1.75055,1.75135,3.30,1.30
2010.05.14 09:13:25.216,1.7506,1.7514,1.60,2.90
2010.05.14 09:13:27.074,1.7505,1.7513,3.20,1.30
2010.05.14 09:13:28.458,1.7505,1.75135,3.20,3.20
2010.05.14 09:13:28.734,1.7507,1.7515,3.20,1.30
2010.05.14 09:13:29.271,1.75075,1.7515,1.00,1.30
2010.05.14 09:13:29.749,1.75075,1.75155,1.00,1.60
2010.05.14 09:13:30.064,1.75085,1.7516,1.60,1.60
2010.05.14 09:13:31.153,1.7507,1.75155,3.20,4.70
2010.05.14 09:13:31.462,1.75065,1.7514,1.00,1.30
2010.05.14 09:13:31.801,1.7508,1.7516,1.60,4.50
2010.05.14 09:13:32.883,1.7508,1.7516,3.20,2.90
2010.05.14 09:13:33.591,1.75105,1.75185,3.20,1.40
2010.05.14 09:13:34.276,1.75105,1.75185,3.20,1.50
2010.05.14 09:13:34.501,1.75075,1.75155,1.60,1.30
2010.05.14 09:13:35.062,1.75065,1.75145,3.20,1.30
2010.05.14 09:13:35.919,1.75095,1.75155,1.00,1.30
2010.05.14 09:13:36.192,1.75105,1.7516,1.00,1.00
2010.05.14 09:13:36.743,1.75115,1.7516,1.00,1.00
2010.05.14 09:13:37.027,1.7512,1.7519,3.20,1.00
2010.05.14 09:13:37.376,1.75115,1.75195,1.60,1.30
2010.05.14 09:13:38.232,1.75115,1.7519,1.70,1.30
2010.05.14 09:13:38.502,1.7511,1.75185,1.60,1.30
2010.05.14 09:13:38.773,1.75105,1.7517,1.60,1.30
2010.05.14 09:13:39.389,1.75085,1.75165,3.20,1.30
2010.05.14 09:13:39.736,1.75065,1.75145,3.20,1.30
2010.05.14 09:13:40.561,1.75065,1.7512,3.20,1.30
2010.05.14 09:13:40.907,1.7505,1.7512,1.60,1.30
2010.05.14 09:13:41.579,1.75045,1.7512,1.70,1.30
2010.05.14 09:13:42.262,1.75055,1.7512,1.00,1.30
2010.05.14 09:13:43.434,1.75045,1.7512,3.30,1.30
2010.05.14 09:13:43.774,1.75055,1.7512,1.00,1.30
2010.05.14 09:13:43.973,1.75065,1.7513,1.00,3.20
2010.05.14 09:13:44.173,1.75075,1.7513,1.00,3.20
2010.05.14 09:13:44.833,1.75085,1.7515,1.00,1.30
2010.05.14 09:13:45.370,1.75075,1.7515,1.00,1.30
2010.05.14 09:13:45.996,1.75085,1.7515,1.00,1.30
2010.05.14 09:13:46.293,1.7507,1.75145,1.60,1.30
2010.05.14 09:13:46.592,1.75065,1.75145,3.20,1.30
2010.05.14 09:13:48.127,1.75085,1.7514,1.00,1.60
2010.05.14 09:13:48.421,1.75085,1.7515,1.00,1.30
2010.05.14 09:13:49.183,1.75085,1.75155,1.00,1.30
2010.05.14 09:13:49.470,1.75085,1.7515,1.00,1.30
2010.05.14 09:13:53.072,1.75085,1.75155,1.00,1.30
2010.05.14 09:13:55.721,1.75095,1.75155,1.00,1.30
2010.05.14 09:13:56.348,1.7509,1.7516,3.20,1.30
2010.05.14 09:13:56.482,1.7508,1.7516,1.60,1.30
2010.05.14 09:13:56.823,1.75085,1.7516,1.00,1.30
2010.05.14 09:14:01.052,1.7508,1.7516,1.60,1.30
2010.05.14 09:14:08.702,1.7508,1.75145,1.60,1.30
2010.05.14 09:14:09.316,1.7507,1.7515,4.80,1.30
2010.05.14 09:14:09.663,1.7507,1.75145,1.60,1.30
2010.05.14 09:14:11.950,1.75065,1.75145,3.20,1.30
2010.05.14 09:14:14.631,1.75075,1.75145,1.00,1.30
2010.05.14 09:14:14.751,1.75075,1.7515,1.00,1.30
2010.05.14 09:14:17.322,1.7507,1.75145,3.20,1.30
2010.05.14 09:14:18.187,1.75075,1.75145,1.00,1.30
2010.05.14 09:14:18.323,1.7508,1.7516,1.60,4.50
2010.05.14 09:14:18.591,1.7508,1.7516,1.60,2.90
2010.05.14 09:14:20.601,1.7508,1.7515,1.60,1.30
2010.05.14 09:14:20.821,1.75075,1.7515,1.00,1.30
2010.05.14 09:14:21.781,1.7508,1.7516,1.60,1.30
2010.05.14 09:14:23.555,1.7508,1.7516,3.20,1.30
2010.05.14 09:14:25.422,1.7508,1.7515,3.20,1.30
2010.05.14 09:14:25.613,1.7508,1.7515,1.60,1.30
2010.05.14 09:14:25.802,1.75075,1.7515,1.70,1.30
2010.05.14 09:14:27.234,1.75075,1.7515,1.60,1.30
2010.05.14 09:14:27.571,1.75065,1.75145,4.80,1.00
2010.05.14 09:14:28.048,1.75065,1.75135,1.60,1.60
2010.05.14 09:14:28.365,1.75065,1.75145,4.80,1.30
2010.05.14 09:14:29.512,1.75075,1.7515,1.00,4.50
2010.05.14 09:14:29.852,1.7507,1.7515,3.20,1.30
2010.05.14 09:14:31.613,1.7506,1.7514,1.60,1.60
2010.05.14 09:14:32.394,1.75065,1.75145,1.60,2.90
2010.05.14 09:14:32.702,1.75065,1.75145,1.70,2.90
2010.05.14 09:14:33.534,1.75095,1.75155,3.20,1.60
2010.05.14 09:14:33.872,1.75085,1.75165,1.00,2.90
2010.05.14 09:14:34.609,1.7508,1.7515,1.60,1.30
2010.05.14 09:14:34.904,1.75065,1.7515,3.30,1.30
2010.05.14 09:14:35.209,1.75065,1.7513,1.00,1.30
2010.05.14 09:14:35.508,1.75075,1.7515,1.00,1.30
2010.05.14 09:14:36.313,1.75065,1.7515,3.30,1.30
2010.05.14 09:14:36.991,1.75075,1.75155,1.00,3.20
2010.05.14 09:14:37.655,1.75065,1.75155,4.70,3.20
2010.05.14 09:14:37.996,1.75055,1.7514,1.00,4.50
2010.05.14 09:14:39.616,1.75055,1.7514,1.00,4.50
2010.05.14 09:14:39.991,1.75065,1.7514,1.00,4.50
2010.05.14 09:14:40.161,1.75065,1.7514,1.30,3.20
2010.05.14 09:14:40.303,1.7507,1.7514,1.60,1.60
2010.05.14 09:14:40.904,1.75065,1.7514,1.00,4.50
2010.05.14 09:14:41.056,1.75065,1.75135,3.20,1.30
2010.05.14 09:14:41.396,1.75045,1.75125,1.00,2.90
2010.05.14 09:14:42.533,1.75055,1.75125,1.00,2.90
2010.05.14 09:14:43.120,1.75045,1.75125,1.00,2.90
2010.05.14 09:14:43.391,1.75045,1.75125,3.20,1.30
2010.05.14 09:14:43.530,1.75055,1.75125,1.00,1.30
2010.05.14 09:14:43.682,1.75045,1.75125,3.20,1.30
2010.05.14 09:14:44.631,1.75045,1.75125,1.00,4.50
2010.05.14 09:14:45.613,1.75055,1.75125,1.00,1.30
2010.05.14 09:14:47.683,1.75055,1.75125,1.60,1.30
2010.05.14 09:14:47.786,1.75055,1.75135,1.70,2.90
2010.05.14 09:14:49.195,1.75055,1.75135,1.70,1.60
2010.05.14 09:14:49.533,1.75065,1.7514,1.00,1.30
2010.05.14 09:14:49.872,1.75065,1.75145,3.30,1.30
2010.05.14 09:14:50.579,1.75065,1.7513,3.30,1.30
2010.05.14 09:14:50.776,1.75065,1.7514,1.00,4.50
2010.05.14 09:14:51.310,1.75065,1.7514,1.00,1.30
2010.05.14 09:14:52.115,1.7508,1.7515,3.20,2.90
2010.05.14 09:14:52.361,1.75075,1.7515,1.60,2.90
2010.05.14 09:14:54.053,1.75075,1.7515,1.70,2.90
2010.05.14 09:14:55.053,1.7508,1.7515,3.20,1.60
2010.05.14 09:14:56.962,1.75065,1.75145,4.80,1.30
2010.05.14 09:14:58.990,1.75065,1.75145,4.90,1.30
2010.05.14 09:15:00.812,1.75065,1.75145,4.80,1.30
2010.05.14 09:15:01.190,1.75065,1.75145,4.80,1.40
2010.05.14 09:15:01.330,1.75065,1.7514,4.80,1.30
2010.05.14 09:15:01.631,1.75065,1.7514,1.60,1.30
2010.05.14 09:15:02.922,1.75065,1.7514,1.60,1.30
2010.05.14 09:15:03.142,1.75065,1.75135,1.60,1.50
2010.05.14 09:15:03.361,1.75045,1.75125,3.20,1.30
2010.05.14 09:15:03.962,1.75045,1.75115,1.60,1.30
2010.05.14 09:15:04.305,1.7503,1.7511,3.20,1.30
2010.05.14 09:15:04.642,1.75035,1.7511,1.00,1.30
2010.05.14 09:15:04.952,1.7503,1.7511,3.20,1.30
2010.05.14 09:15:07.832,1.75025,1.75105,3.20,2.90
2010.05.14 09:15:08.172,1.75025,1.751,3.20,1.30
2010.05.14 09:15:08.984,1.75035,1.75115,3.20,1.30
2010.05.14 09:15:09.611,1.7502,1.751,3.20,1.30
2010.05.14 09:15:10.931,1.75025,1.751,1.00,1.30
2010.05.14 09:15:13.220,1.7502,1.751,3.20,1.30
2010.05.14 09:15:14.091,1.75025,1.751,1.00,1.30
2010.05.14 09:15:14.191,1.75025,1.751,1.00,1.30
2010.05.14 09:15:17.135,1.75025,1.7509,1.00,1.30
2010.05.14 09:15:17.462,1.75015,1.75075,1.60,1.60
2010.05.14 09:15:17.643,1.75015,1.75065,1.60,3.20
2010.05.14 09:15:18.184,1.7503,1.75065,1.60,1.60
2010.05.14 09:15:18.524,1.75005,1.7508,1.60,1.30
2010.05.14 09:15:18.861,1.75005,1.7508,1.60,1.30
2010.05.14 09:15:19.805,1.7501,1.75095,3.20,4.60
2010.05.14 09:15:20.091,1.7501,1.75095,3.20,4.50
2010.05.14 09:15:20.830,1.7502,1.75095,1.60,1.30
2010.05.14 09:15:21.853,1.7503,1.7511,3.20,2.90
2010.05.14 09:15:22.626,1.75025,1.75095,1.60,1.40
2010.05.14 09:15:22.966,1.74995,1.75075,3.30,1.30
2010.05.14 09:15:23.970,1.7497,1.7505,3.20,1.30
2010.05.14 09:15:24.313,1.7497,1.75035,3.20,1.30
2010.05.14 09:15:25.118,1.75015,1.7509,3.20,1.30
2010.05.14 09:15:25.444,1.7502,1.75095,1.60,1.30
2010.05.14 09:15:27.144,1.75025,1.751,3.20,1.30
2010.05.14 09:15:28.282,1.75025,1.751,3.20,1.30
2010.05.14 09:15:28.623,1.75035,1.7511,1.00,4.50
2010.05.14 09:15:29.373,1.75055,1.75125,1.60,1.60
2010.05.14 09:15:30.887,1.75055,1.75135,1.70,1.60
2010.05.14 09:15:31.164,1.7506,1.7514,3.20,1.30
2010.05.14 09:15:31.923,1.75055,1.7513,1.60,1.30
2010.05.14 09:15:32.261,1.75055,1.75135,1.60,1.60
2010.05.14 09:15:32.601,1.75055,1.7513,1.60,1.30
2010.05.14 09:15:33.422,1.7506,1.7514,3.20,1.30
2010.05.14 09:15:33.690,1.75065,1.7514,1.00,1.30
2010.05.14 09:15:34.373,1.7506,1.7514,3.20,1.30
2010.05.14 09:15:34.922,1.7506,1.75145,3.20,4.50
2010.05.14 09:15:35.653,1.75065,1.7514,1.60,1.30
2010.05.14 09:15:35.963,1.7506,1.7514,3.20,1.30
2010.05.14 09:15:36.272,1.75065,1.7514,1.60,1.30
2010.05.14 09:15:36.584,1.75065,1.7514,1.00,1.30
2010.05.14 09:15:37.341,1.75075,1.7515,1.60,1.30
2010.05.14 09:15:38.997,1.7507,1.7514,3.20,1.30
2010.05.14 09:15:39.333,1.7506,1.75145,3.20,4.50
2010.05.14 09:15:40.099,1.75075,1.7514,1.60,1.30
2010.05.14 09:15:40.313,1.7506,1.7514,3.20,1.30
2010.05.14 09:15:41.522,1.7506,1.7514,1.60,1.60
2010.05.14 09:15:41.714,1.75055,1.7513,1.60,1.30
2010.05.14 09:15:43.053,1.7506,1.7514,3.20,1.30
2010.05.14 09:15:46.131,1.75065,1.75145,1.60,2.90
2010.05.14 09:15:47.032,1.7506,1.7514,3.20,1.30
2010.05.14 09:15:47.580,1.7506,1.7514,1.60,2.90
2010.05.14 09:15:48.744,1.75055,1.7513,1.60,1.30
2010.05.14 09:15:49.344,1.75055,1.75125,1.60,1.30
2010.05.14 09:15:50.053,1.75065,1.75125,3.20,1.30
2010.05.14 09:15:50.301,1.75065,1.75145,3.20,1.50
2010.05.14 09:15:51.123,1.7504,1.75115,1.60,1.30
2010.05.14 09:15:51.461,1.75045,1.75115,3.20,1.30
2010.05.14 09:15:52.336,1.7506,1.75145,3.20,4.50
2010.05.14 09:15:52.631,1.75065,1.75145,3.20,1.30
2010.05.14 09:15:53.430,1.75065,1.7514,3.20,1.30
2010.05.14 09:15:53.727,1.7507,1.75145,1.60,1.60
2010.05.14 09:15:54.024,1.7507,1.7515,3.20,1.30
2010.05.14 09:15:56.832,1.75085,1.7516,1.60,1.30
2010.05.14 09:15:57.162,1.75075,1.75155,3.20,1.30
2010.05.14 09:15:57.666,1.75075,1.75145,3.20,1.30
2010.05.14 09:15:58.004,1.75055,1.75135,1.60,1.60
2010.05.14 09:15:58.341,1.75055,1.7513,1.60,1.30
2010.05.14 09:16:01.731,1.75055,1.7513,1.60,1.30
2010.05.14 09:16:02.020,1.75055,1.7513,1.60,1.30
2010.05.14 09:16:04.277,1.7506,1.7514,3.20,1.30
2010.05.14 09:16:04.594,1.75055,1.7513,1.60,1.30
2010.05.14 09:16:07.284,1.7504,1.75125,1.60,4.50
2010.05.14 09:16:07.993,1.75045,1.75125,3.30,1.30
2010.05.14 09:16:09.165,1.75045,1.7513,3.30,3.20
2010.05.14 09:16:09.381,1.7506,1.75135,3.20,1.30
2010.05.14 09:16:09.602,1.7506,1.7514,3.20,1.30
2010.05.14 09:16:09.820,1.7506,1.75125,3.20,1.30
2010.05.14 09:16:10.428,1.7505,1.75125,3.20,1.30
2010.05.14 09:16:10.734,1.75045,1.7513,3.30,3.20
2010.05.14 09:16:11.335,1.75045,1.75125,1.60,1.60
2010.05.14 09:16:12.090,1.7505,1.7513,1.30,3.20
2010.05.14 09:16:12.434,1.7506,1.75145,3.20,4.70
2010.05.14 09:16:14.203,1.7506,1.75145,3.20,4.50
2010.05.14 09:16:16.983,1.75065,1.7515,4.50,1.60
2010.05.14 09:16:17.481,1.75075,1.75155,1.60,2.90
2010.05.14 09:16:17.997,1.75075,1.75155,1.60,1.60
2010.05.14 09:16:18.281,1.75075,1.7516,1.60,4.50
2010.05.14 09:16:19.171,1.75075,1.7516,3.10,3.20
2010.05.14 09:16:19.835,1.7508,1.75165,3.20,3.20
2010.05.14 09:16:20.127,1.7509,1.75145,1.60,1.00
2010.05.14 09:16:20.384,1.75075,1.75135,3.20,1.00
2010.05.14 09:16:20.881,1.75075,1.75135,1.60,1.50
2010.05.14 09:16:21.126,1.7504,1.75125,3.20,2.90
2010.05.14 09:16:21.464,1.75045,1.7513,3.20,3.20
2010.05.14 09:16:24.671,1.7504,1.75125,1.60,4.50
2010.05.14 09:16:25.001,1.75045,1.75125,1.60,1.60
2010.05.14 09:16:25.660,1.75045,1.7513,3.20,3.20
2010.05.14 09:16:28.181,1.75045,1.75125,3.20,1.30
2010.05.14 09:16:28.531,1.7504,1.75125,1.60,4.50
2010.05.14 09:16:29.123,1.7504,1.75125,1.60,4.60
2010.05.14 09:16:29.852,1.7504,1.75125,1.60,4.70
2010.05.14 09:16:30.951,1.7504,1.75125,1.60,4.50
2010.05.14 09:16:31.763,1.7504,1.75125,1.60,4.70
2010.05.14 09:16:32.104,1.7504,1.7511,1.60,1.30
2010.05.14 09:16:32.372,1.75025,1.7511,3.20,4.50
2010.05.14 09:16:33.146,1.75025,1.75105,1.60,1.60
2010.05.14 09:16:33.441,1.75025,1.75105,1.60,1.60
2010.05.14 09:16:34.356,1.75015,1.751,3.20,3.20
2010.05.14 09:16:34.693,1.7502,1.751,1.60,1.60
2010.05.14 09:16:35.794,1.75025,1.75105,1.60,3.10
2010.05.14 09:16:36.084,1.7502,1.75095,1.60,1.00
2010.05.14 09:16:36.874,1.75005,1.75085,1.60,1.00
2010.05.14 09:16:37.211,1.75005,1.75085,1.60,1.70
2010.05.14 09:16:37.551,1.75,1.75085,3.20,4.70
2010.05.14 09:16:38.101,1.75,1.75085,3.20,4.50
2010.05.14 09:16:38.450,1.75005,1.75085,1.60,1.00
2010.05.14 09:16:38.795,1.75,1.75085,4.50,3.20
2010.05.14 09:16:39.033,1.75015,1.75095,1.60,1.70
2010.05.14 09:16:39.764,1.7501,1.75095,1.60,4.50
2010.05.14 09:16:40.657,1.7501,1.7509,1.60,1.30
2010.05.14 09:16:41.005,1.75015,1.751,1.70,3.20
2010.05.14 09:16:41.326,1.75015,1.75095,2.90,1.60
2010.05.14 09:16:42.110,1.75015,1.75095,1.00,3.20
2010.05.14 09:16:42.355,1.75015,1.7509,1.60,1.30
2010.05.14 09:16:42.603,1.75005,1.7509,3.20,4.50
2010.05.14 09:16:43.622,1.75005,1.7509,4.60,3.20
2010.05.14 09:16:43.962,1.75015,1.75085,1.00,1.60
2010.05.14 09:16:45.111,1.75015,1.751,3.20,3.20
2010.05.14 09:16:45.451,1.75015,1.7508,3.20,1.30
2010.05.14 09:16:45.988,1.75015,1.7508,1.60,1.30
2010.05.14 09:16:46.253,1.75,1.7508,1.60,1.30
2010.05.14 09:16:46.861,1.75005,1.7508,1.00,1.30
2010.05.14 09:16:47.712,1.75,1.7508,1.60,1.30
2010.05.14 09:16:47.932,1.75,1.7508,1.60,2.90
2010.05.14 09:16:48.928,1.7497,1.7505,1.30,1.60
2010.05.14 09:16:49.244,1.74955,1.75035,1.60,1.60
2010.05.14 09:16:49.822,1.74955,1.75035,1.60,3.20
2010.05.14 09:16:50.138,1.7499,1.75035,1.60,1.30
2010.05.14 09:16:50.484,1.74985,1.75025,1.60,1.60
2010.05.14 09:16:51.525,1.74965,1.7503,2.90,1.60
2010.05.14 09:16:52.241,1.74975,1.75035,1.30,1.60
2010.05.14 09:16:52.286,1.74965,1.75035,1.00,1.60
2010.05.14 09:16:52.627,1.75025,1.7505,1.30,1.60
2010.05.14 09:16:53.453,1.74995,1.75085,3.30,4.50
2010.05.14 09:16:53.798,1.75005,1.7509,1.30,3.20
2010.05.14 09:16:54.621,1.7501,1.75095,1.60,4.50
2010.05.14 09:16:54.916,1.7499,1.75075,3.20,4.50
2010.05.14 09:16:55.206,1.75005,1.75075,1.60,1.60
2010.05.14 09:16:55.937,1.75005,1.75055,1.60,1.30
2010.05.14 09:16:56.292,1.7499,1.75075,3.20,4.50
2010.05.14 09:16:57.101,1.7499,1.75075,3.20,2.90
2010.05.14 09:16:57.428,1.75,1.75085,3.20,2.90
2010.05.14 09:16:57.756,1.75,1.7508,1.60,2.90
2010.05.14 09:16:58.235,1.75,1.75075,1.60,1.60
2010.05.14 09:16:58.575,1.7499,1.75075,3.20,4.70
2010.05.14 09:16:58.916,1.75005,1.75065,1.00,1.60
2010.05.14 09:16:59.762,1.7501,1.7509,3.20,1.30
2010.05.14 09:17:00.096,1.7501,1.75065,1.60,1.00
2010.05.14 09:17:00.761,1.74995,1.75065,4.50,1.00
2010.05.14 09:17:01.062,1.74975,1.7506,1.00,3.20
2010.05.14 09:17:01.362,1.7498,1.75055,1.60,1.00
2010.05.14 09:17:02.216,1.7498,1.75065,1.60,3.00
2010.05.14 09:17:02.553,1.7499,1.75075,3.20,1.50
2010.05.14 09:17:02.892,1.74985,1.75065,1.60,1.30
2010.05.14 09:17:03.405,1.74985,1.7507,1.60,2.90
2010.05.14 09:17:03.747,1.74985,1.75055,1.60,1.60
2010.05.14 09:17:04.083,1.74985,1.7507,3.20,1.30
2010.05.14 09:17:04.807,1.7499,1.7507,1.60,1.30
2010.05.14 09:17:05.042,1.7499,1.75075,3.20,2.90
2010.05.14 09:17:05.271,1.7499,1.75075,3.20,1.30
2010.05.14 09:17:06.105,1.7497,1.75055,3.20,1.30
2010.05.14 09:17:06.301,1.7497,1.75055,1.60,2.90
2010.05.14 09:17:06.501,1.7497,1.75055,3.20,4.50
2010.05.14 09:17:07.034,1.7497,1.7505,3.20,1.30
2010.05.14 09:17:07.235,1.74965,1.75045,1.70,1.60
2010.05.14 09:17:07.574,1.74965,1.75045,3.10,1.60
2010.05.14 09:17:07.915,1.7497,1.75055,3.20,4.70
2010.05.14 09:17:08.683,1.74975,1.7503,1.60,1.30
2010.05.14 09:17:08.973,1.74975,1.7502,1.60,1.30
2010.05.14 09:17:09.536,1.74965,1.7502,1.60,1.30
2010.05.14 09:17:09.825,1.74975,1.7503,1.60,1.30
2010.05.14 09:17:10.115,1.74965,1.75025,1.00,1.30
2010.05.14 09:17:11.194,1.74975,1.7504,1.00,1.30
2010.05.14 09:17:11.513,1.74985,1.75035,1.60,1.30
2010.05.14 09:17:12.359,1.74985,1.75055,1.00,1.30
2010.05.14 09:17:12.705,1.7499,1.7507,3.20,1.30
2010.05.14 09:17:13.189,1.75,1.7507,1.60,1.30
2010.05.14 09:17:13.517,1.75015,1.7507,1.00,1.30
2010.05.14 09:17:13.815,1.75025,1.7509,1.00,1.30
2010.05.14 09:17:14.603,1.75035,1.75105,3.20,1.30
2010.05.14 09:17:14.913,1.75035,1.7511,3.30,1.30
2010.05.14 09:17:15.735,1.7505,1.75055,3.20,1.30
2010.05.14 09:17:16.074,1.74995,1.75055,1.60,1.30
2010.05.14 09:17:16.898,1.75005,1.7507,1.60,1.60
2010.05.14 09:17:17.697,1.74995,1.7507,3.20,1.30
2010.05.14 09:17:18.003,1.7498,1.75065,3.20,1.50
2010.05.14 09:17:18.322,1.74995,1.75045,3.20,1.30
2010.05.14 09:17:19.082,1.75015,1.7508,1.00,1.30
2010.05.14 09:17:19.362,1.75015,1.7508,3.20,1.30
2010.05.14 09:17:20.153,1.75025,1.75075,1.60,1.30
2010.05.14 09:17:20.491,1.7501,1.75095,3.20,2.90
2010.05.14 09:17:21.195,1.7502,1.7509,3.20,1.30
2010.05.14 09:17:21.536,1.7502,1.7509,1.60,1.30
2010.05.14 09:17:22.840,1.7498,1.7505,3.20,1.30
2010.05.14 09:17:23.160,1.74975,1.75045,3.20,1.30
2010.05.14 09:17:24.023,1.7499,1.7506,3.20,1.30
2010.05.14 09:17:25.103,1.74995,1.7506,1.60,1.30
2010.05.14 09:17:26.002,1.74995,1.75075,1.70,4.50
2010.05.14 09:17:26.343,1.75005,1.75075,1.60,4.50
2010.05.14 09:17:26.683,1.75005,1.75075,3.20,1.30
2010.05.14 09:17:27.535,1.74995,1.7506,1.00,1.30
2010.05.14 09:17:27.875,1.75005,1.75065,1.60,1.30
2010.05.14 09:17:28.216,1.75,1.75065,1.60,1.30
2010.05.14 09:17:29.053,1.75,1.7506,1.60,1.30
2010.05.14 09:17:29.392,1.7499,1.7506,3.20,1.30
2010.05.14 09:17:33.304,1.7499,1.7507,4.80,1.30
2010.05.14 09:17:33.622,1.7499,1.7506,3.20,1.30
2010.05.14 09:17:35.005,1.7499,1.7507,3.20,1.30
2010.05.14 09:17:35.561,1.74985,1.7506,1.60,1.30
2010.05.14 09:17:36.325,1.74965,1.7504,1.60,1.30
2010.05.14 09:17:36.662,1.74955,1.75035,3.30,1.30
2010.05.14 09:17:37.732,1.74965,1.7504,1.00,3.20
2010.05.14 09:17:38.074,1.7498,1.75055,3.20,1.30
2010.05.14 09:17:38.895,1.74995,1.7507,1.60,1.30
2010.05.14 09:17:39.224,1.7498,1.75055,3.20,1.40
2010.05.14 09:17:39.992,1.74985,1.7506,3.20,1.30
2010.05.14 09:17:40.270,1.74985,1.7506,3.20,1.30
2010.05.14 09:17:40.832,1.74985,1.75055,3.20,1.30
2010.05.14 09:17:41.173,1.75,1.7505,1.60,1.30
2010.05.14 09:17:41.513,1.7499,1.7506,1.60,1.30
2010.05.14 09:17:42.269,1.74975,1.7506,1.60,2.90
2010.05.14 09:17:42.596,1.74985,1.75055,1.60,1.60
2010.05.14 09:17:42.915,1.74975,1.75055,1.60,1.00
2010.05.14 09:17:43.736,1.7499,1.7506,1.60,1.30
2010.05.14 09:17:44.073,1.7499,1.75065,3.20,1.30
2010.05.14 09:17:44.913,1.74935,1.7502,3.20,4.50
2010.05.14 09:17:45.694,1.7496,1.75025,1.60,1.30
2010.05.14 09:17:46.026,1.7497,1.7505,1.60,2.90
2010.05.14 09:17:46.355,1.74975,1.7505,1.60,1.30
2010.05.14 09:17:47.162,1.7499,1.75075,3.20,4.50
2010.05.14 09:17:47.503,1.74985,1.75065,1.60,2.90
2010.05.14 09:17:48.336,1.75,1.75075,1.60,1.30
2010.05.14 09:17:49.497,1.75005,1.7507,1.60,1.30
2010.05.14 09:17:49.804,1.75,1.75075,1.60,1.30
2010.05.14 09:17:50.842,1.74985,1.75065,3.30,1.30
2010.05.14 09:17:51.433,1.74995,1.75065,1.60,1.30
2010.05.14 09:17:51.897,1.74995,1.7507,1.60,1.60
2010.05.14 09:17:52.300,1.75,1.7507,1.60,1.30
2010.05.14 09:17:52.722,1.74995,1.75075,1.70,1.60
2010.05.14 09:17:53.231,1.74995,1.7507,1.70,1.30
2010.05.14 09:17:53.567,1.74995,1.7507,1.00,1.30
2010.05.14 09:17:55.262,1.7499,1.75075,3.20,4.60
2010.05.14 09:17:55.560,1.7499,1.7507,3.20,1.30
2010.05.14 09:17:56.611,1.74985,1.7506,1.60,1.30
2010.05.14 09:17:56.951,1.74985,1.7506,1.60,1.30
2010.05.14 09:17:58.195,1.74975,1.7506,3.20,2.90
2010.05.14 09:17:58.950,1.74975,1.75055,3.20,1.30
2010.05.14 09:17:59.821,1.74975,1.75055,3.30,1.30
2010.05.14 09:18:00.110,1.74975,1.7506,3.30,2.90
2010.05.14 09:18:01.192,1.74975,1.7506,3.20,2.90
2010.05.14 09:18:02.703,1.74985,1.7506,1.00,1.60
2010.05.14 09:18:02.984,1.74985,1.7506,1.00,1.30
2010.05.14 09:18:03.493,1.7498,1.7506,1.60,1.30
2010.05.14 09:18:03.840,1.74985,1.7506,1.00,1.30
2010.05.14 09:18:04.183,1.7498,1.7506,3.20,1.30
2010.05.14 09:18:05.255,1.7499,1.7507,3.20,1.30
2010.05.14 09:18:06.301,1.7499,1.75065,1.60,1.30
2010.05.14 09:18:06.347,1.74985,1.75065,1.60,1.30
2010.05.14 09:18:06.657,1.74985,1.7507,3.20,3.20
2010.05.14 09:18:06.965,1.74975,1.75055,1.60,1.30
2010.05.14 09:18:07.718,1.7499,1.7507,1.60,1.60
2010.05.14 09:18:08.063,1.74995,1.7507,1.00,3.20
2010.05.14 09:18:08.404,1.75,1.7508,3.20,1.30
2010.05.14 09:18:09.653,1.7498,1.75045,1.00,2.90
2010.05.14 09:18:09.893,1.74955,1.7503,1.00,1.30
2010.05.14 09:18:10.643,1.7496,1.7504,1.60,2.90
2010.05.14 09:18:11.908,1.74965,1.7504,1.00,2.90
2010.05.14 09:18:12.259,1.7497,1.75045,1.60,1.30
2010.05.14 09:18:12.606,1.74975,1.7504,1.00,1.30
2010.05.14 09:18:13.164,1.74975,1.75045,1.00,1.30
2010.05.14 09:18:13.423,1.74975,1.7505,1.60,1.30
2010.05.14 09:18:14.642,1.74975,1.7505,1.60,1.30
2010.05.14 09:18:14.985,1.74975,1.7505,1.70,1.30
2010.05.14 09:18:15.582,1.74975,1.7505,1.60,1.30
2010.05.14 09:18:16.262,1.74975,1.7505,1.70,1.30
2010.05.14 09:18:16.592,1.74975,1.7505,1.60,1.30
2010.05.14 09:18:16.922,1.74975,1.7505,1.00,1.30
2010.05.14 09:18:18.384,1.74985,1.75055,1.60,1.60
2010.05.14 09:18:18.492,1.74985,1.7506,3.20,1.30
2010.05.14 09:18:18.602,1.74985,1.75065,3.30,1.30
2010.05.14 09:18:20.944,1.74985,1.75065,3.20,1.30
2010.05.14 09:18:21.102,1.74985,1.75055,3.20,1.00
2010.05.14 09:18:21.262,1.74985,1.7505,3.20,1.30
2010.05.14 09:18:21.421,1.7497,1.7505,3.20,1.30
2010.05.14 09:18:22.239,1.74975,1.7505,1.00,1.30
2010.05.14 09:18:22.581,1.7497,1.7505,3.20,1.30
2010.05.14 09:18:22.924,1.7498,1.7505,1.60,1.30
2010.05.14 09:18:23.222,1.74975,1.75055,1.00,1.60
2010.05.14 09:18:23.990,1.74995,1.75055,1.60,1.60
2010.05.14 09:18:24.239,1.75005,1.75075,1.60,1.30
2010.05.14 09:18:24.482,1.75005,1.75085,1.60,1.30
2010.05.14 09:18:25.312,1.74995,1.75075,3.30,1.30
2010.05.14 09:18:25.993,1.75005,1.75085,1.60,1.40
2010.05.14 09:18:26.449,1.75005,1.75075,1.60,1.30
2010.05.14 09:18:26.806,1.74995,1.75075,3.30,1.30
2010.05.14 09:18:27.144,1.75015,1.75085,1.60,1.30
2010.05.14 09:18:27.462,1.75015,1.7509,1.60,1.30
2010.05.14 09:18:27.968,1.7501,1.7509,3.20,1.30
2010.05.14 09:18:28.472,1.7501,1.751,4.50,3.20
2010.05.14 09:18:28.672,1.75025,1.75105,1.60,1.30
2010.05.14 09:18:29.800,1.75015,1.7509,1.00,1.30
2010.05.14 09:18:30.036,1.75015,1.7509,1.60,1.30
2010.05.14 09:18:30.266,1.75015,1.7508,1.60,1.30
2010.05.14 09:18:31.103,1.75025,1.7511,3.30,1.30
2010.05.14 09:18:31.446,1.75005,1.7508,1.60,1.30
2010.05.14 09:18:32.289,1.75015,1.7509,3.20,1.30
2010.05.14 09:18:32.637,1.75015,1.75095,1.00,2.90
2010.05.14 09:18:32.984,1.75015,1.75095,1.00,2.90
2010.05.14 09:18:33.540,1.7501,1.75095,3.20,2.90
2010.05.14 09:18:33.843,1.75015,1.75095,1.00,2.90
2010.05.14 09:18:34.344,1.75025,1.75095,1.00,2.90
2010.05.14 09:18:34.542,1.75025,1.75105,3.30,1.30
2010.05.14 09:18:35.401,1.75025,1.75105,3.20,1.40
2010.05.14 09:18:35.712,1.75015,1.7509,1.00,1.30
2010.05.14 09:18:36.021,1.75015,1.75095,1.00,1.60
2010.05.14 09:18:36.650,1.75025,1.751,3.20,1.30
2010.05.14 09:18:36.942,1.75025,1.75095,3.20,1.30
2010.05.14 09:18:37.241,1.7502,1.75095,1.60,1.30
2010.05.14 09:18:38.366,1.75025,1.751,1.70,1.30
2010.05.14 09:18:38.702,1.75025,1.751,3.30,1.30
2010.05.14 09:18:40.845,1.75025,1.751,3.20,1.30
2010.05.14 09:18:41.010,1.75025,1.75095,3.20,1.30
2010.05.14 09:18:41.171,1.7502,1.75095,1.60,1.30
2010.05.14 09:18:42.076,1.75005,1.7509,1.60,2.90
2010.05.14 09:18:42.411,1.75005,1.7508,1.60,1.30
2010.05.14 09:18:42.752,1.75005,1.7508,1.00,1.30
2010.05.14 09:18:43.575,1.74995,1.7508,3.30,1.30
2010.05.14 09:18:44.407,1.74995,1.7508,3.20,1.30
2010.05.14 09:18:44.759,1.75005,1.7508,1.00,1.30
2010.05.14 09:18:45.105,1.74995,1.7508,3.30,1.30
2010.05.14 09:18:45.444,1.75005,1.75085,1.00,3.20
2010.05.14 09:18:46.244,1.75015,1.751,3.30,1.30
2010.05.14 09:18:47.677,1.75015,1.75085,1.00,1.30
2010.05.14 09:18:47.852,1.75015,1.75095,3.30,1.30
2010.05.14 09:18:48.031,1.75015,1.75095,3.20,1.30
2010.05.14 09:18:48.201,1.75015,1.75095,3.30,1.30
2010.05.14 09:18:48.903,1.75035,1.75095,1.60,1.30
2010.05.14 09:18:49.234,1.75015,1.751,4.60,3.20
2010.05.14 09:18:49.564,1.75015,1.75095,3.20,1.30
2010.05.14 09:18:50.345,1.75015,1.7509,1.60,1.30
2010.05.14 09:18:50.683,1.7501,1.75085,1.60,1.30
2010.05.14 09:18:52.061,1.75005,1.7508,1.60,1.30
2010.05.14 09:18:52.236,1.75005,1.7506,1.00,1.30
2010.05.14 09:18:52.412,1.75005,1.75075,1.00,1.30
2010.05.14 09:18:53.258,1.75,1.7508,3.20,1.30
2010.05.14 09:18:53.607,1.74995,1.75065,1.70,1.30
2010.05.14 09:18:53.954,1.74995,1.75075,1.60,1.60
2010.05.14 09:18:54.715,1.7499,1.75065,3.20,1.30
2010.05.14 09:18:54.992,1.7499,1.75075,3.20,4.50
2010.05.14 09:18:55.273,1.74995,1.75075,3.20,1.30
2010.05.14 09:18:56.753,1.74995,1.75065,1.00,1.30
2010.05.14 09:18:58.251,1.7499,1.75065,3.20,1.30
2010.05.14 09:18:58.892,1.7499,1.75065,1.60,1.30
2010.05.14 09:18:59.682,1.74985,1.7506,1.60,1.30
2010.05.14 09:19:00.231,1.74985,1.7506,1.70,1.30
2010.05.14 09:19:01.374,1.7499,1.75065,3.20,1.30
2010.05.14 09:19:01.622,1.7499,1.75065,3.20,1.40
2010.05.14 09:19:01.871,1.7499,1.7506,3.20,1.30
2010.05.14 09:19:02.843,1.74975,1.75055,3.20,1.30
2010.05.14 09:19:03.521,1.74975,1.75055,3.20,1.50
2010.05.14 09:19:04.122,1.74975,1.75055,3.20,1.30
2010.05.14 09:19:04.644,1.7497,1.75045,1.60,1.30
2010.05.14 09:19:05.261,1.7497,1.75045,1.60,1.40
2010.05.14 09:19:05.757,1.7497,1.7504,1.60,1.30
2010.05.14 09:19:05.885,1.7496,1.7503,1.60,1.30
2010.05.14 09:19:06.006,1.74955,1.7503,1.60,1.30
2010.05.14 09:19:06.664,1.74945,1.75025,3.20,1.30
2010.05.14 09:19:08.190,1.7494,1.7502,1.00,2.90
2010.05.14 09:19:08.504,1.7494,1.7502,1.00,1.60
2010.05.14 09:19:09.314,1.74965,1.75035,1.60,1.30
2010.05.14 09:19:09.652,1.74965,1.7504,1.60,1.30
2010.05.14 09:19:10.165,1.74965,1.7504,2.40,1.30
2010.05.14 09:19:10.507,1.74965,1.7505,2.40,2.90
2010.05.14 09:19:10.843,1.74965,1.7505,2.50,2.90
2010.05.14 09:19:11.183,1.74975,1.7505,1.60,1.60
2010.05.14 09:19:11.687,1.74975,1.7506,3.20,2.90
2010.05.14 09:19:12.029,1.7498,1.7506,1.60,1.30
2010.05.14 09:19:12.374,1.74985,1.7506,1.00,1.30
2010.05.14 09:19:13.162,1.74985,1.7506,1.00,1.30
2010.05.14 09:19:13.496,1.7498,1.7506,1.60,1.30
2010.05.14 09:19:13.715,1.74985,1.75055,1.00,1.30
2010.05.14 09:19:13.936,1.74985,1.7506,1.00,1.60
2010.05.14 09:19:14.600,1.74985,1.75065,1.00,1.60
2010.05.14 09:19:14.866,1.74985,1.7506,3.20,1.30
2010.05.14 09:19:15.137,1.74975,1.7503,2.40,1.60
2010.05.14 09:19:15.881,1.74975,1.7503,1.00,1.30
2010.05.14 09:19:16.229,1.7495,1.7503,1.60,1.30
2010.05.14 09:19:16.574,1.7495,1.7503,3.20,1.30
2010.05.14 09:19:18.022,1.74955,1.7504,1.00,3.20
2010.05.14 09:19:18.221,1.74955,1.75045,3.30,4.50
2010.05.14 09:19:18.421,1.74955,1.75045,3.20,4.50
2010.05.14 09:19:19.292,1.74955,1.75035,1.60,1.60
2010.05.14 09:19:19.523,1.7497,1.75045,3.20,1.30
2010.05.14 09:19:19.751,1.7497,1.75055,3.20,3.00
2010.05.14 09:19:19.972,1.7497,1.75055,3.20,2.90
2010.05.14 09:19:21.374,1.74965,1.75035,2.40,1.00
2010.05.14 09:19:21.633,1.74965,1.75025,1.00,1.30
2010.05.14 09:19:22.215,1.74945,1.75025,1.00,1.30
2010.05.14 09:19:22.554,1.74945,1.75025,1.00,1.60
2010.05.14 09:19:22.893,1.74945,1.7502,1.00,2.90
2010.05.14 09:19:23.902,1.7494,1.7502,4.00,1.30
2010.05.14 09:19:25.515,1.7494,1.7502,2.40,1.30
2010.05.14 09:19:25.815,1.74945,1.7502,1.00,1.30
2010.05.14 09:19:26.115,1.74955,1.7502,1.00,1.30
2010.05.14 09:19:26.872,1.74955,1.75035,3.30,1.30
2010.05.14 09:19:27.174,1.7496,1.75035,1.00,1.30
2010.05.14 09:19:28.421,1.7496,1.75035,1.00,2.90
2010.05.14 09:19:28.882,1.7496,1.75035,1.00,1.30
2010.05.14 09:19:29.351,1.7496,1.75035,1.00,2.90
2010.05.14 09:19:30.891,1.74965,1.75035,1.00,2.90
2010.05.14 09:19:31.107,1.7496,1.75035,1.00,1.30
2010.05.14 09:19:31.512,1.7496,1.7504,1.00,4.50
2010.05.14 09:19:32.304,1.7496,1.7504,4.00,1.30
2010.05.14 09:19:32.992,1.7496,1.7504,1.00,4.50
2010.05.14 09:19:33.221,1.7496,1.7504,4.00,1.30
2010.05.14 09:19:33.883,1.74965,1.7504,1.00,1.30
2010.05.14 09:19:34.093,1.74965,1.7504,1.00,1.30
2010.05.14 09:19:34.356,1.7496,1.7504,4.00,1.30
2010.05.14 09:19:36.221,1.74965,1.7504,1.00,1.30
2010.05.14 09:19:36.420,1.7496,1.7504,4.00,1.30
2010.05.14 09:19:36.621,1.74965,1.7504,1.00,1.30
2010.05.14 09:19:36.821,1.7496,1.7504,4.00,1.30
2010.05.14 09:19:37.021,1.74965,1.7504,1.00,1.30
2010.05.14 09:19:38.393,1.74965,1.7504,1.00,1.30
2010.05.14 09:19:38.523,1.74965,1.75045,1.70,1.60
2010.05.14 09:19:38.653,1.7497,1.7505,1.60,1.30
2010.05.14 09:19:38.783,1.74975,1.7505,1.00,1.30
2010.05.14 09:19:39.473,1.74975,1.7505,1.00,1.30
2010.05.14 09:19:39.783,1.74975,1.7505,1.00,1.30
2010.05.14 09:19:40.094,1.74975,1.75025,1.00,1.30
2010.05.14 09:19:40.402,1.74955,1.75025,1.00,1.30
2010.05.14 09:19:41.204,1.74955,1.75025,1.00,1.30
2010.05.14 09:19:41.543,1.74955,1.7503,1.00,1.30
2010.05.14 09:19:43.311,1.7495,1.7503,3.20,1.30
2010.05.14 09:19:44.446,1.7494,1.75015,1.60,1.30
2010.05.14 09:19:46.095,1.74935,1.7501,1.70,1.30
2010.05.14 09:19:46.424,1.7493,1.7501,3.20,1.30
2010.05.14 09:19:47.212,1.74925,1.75,3.30,1.30
2010.05.14 09:19:48.657,1.74935,1.75,1.00,1.30
2010.05.14 09:19:48.995,1.74935,1.75015,3.30,1.30
2010.05.14 09:19:50.953,1.74925,1.74995,1.00,3.20
2010.05.14 09:19:51.293,1.74925,1.75,1.60,1.30
2010.05.14 09:19:52.142,1.74925,1.75,1.70,1.30
2010.05.14 09:19:53.552,1.74935,1.75,1.00,1.30
2010.05.14 09:19:53.725,1.74935,1.75015,3.20,1.30
2010.05.14 09:19:54.693,1.74935,1.75015,3.30,1.30
2010.05.14 09:19:55.044,1.7495,1.75025,1.60,1.30
2010.05.14 09:19:56.887,1.74955,1.75025,1.00,1.30
2010.05.14 09:19:57.073,1.7495,1.75025,1.60,1.30
2010.05.14 09:20:00.025,1.7495,1.75035,2.90,3.20
2010.05.14 09:20:00.217,1.7496,1.75035,1.60,1.60
2010.05.14 09:20:00.594,1.74965,1.7504,1.00,1.30
2010.05.14 09:20:01.398,1.74955,1.75035,1.00,3.20
2010.05.14 09:20:01.746,1.74975,1.7505,1.60,1.30
2010.05.14 09:20:02.035,1.74975,1.75025,1.00,1.30
2010.05.14 09:20:02.323,1.74975,1.7504,1.00,1.30
2010.05.14 09:20:03.482,1.74965,1.7504,1.70,1.30
2010.05.14 09:20:04.071,1.74975,1.7504,1.00,1.30
2010.05.14 09:20:05.253,1.74965,1.7504,1.70,1.30
2010.05.14 09:20:05.474,1.74975,1.7504,3.30,1.30
2010.05.14 09:20:06.144,1.74985,1.7506,1.60,2.90
2010.05.14 09:20:06.364,1.74985,1.7506,1.70,1.30
2010.05.14 09:20:07.612,1.7499,1.7506,1.60,1.30
2010.05.14 09:20:07.951,1.74985,1.7506,1.70,1.30
2010.05.14 09:20:09.177,1.74985,1.75055,1.70,1.30
2010.05.14 09:20:09.525,1.74985,1.7506,1.00,2.90
2010.05.14 09:20:09.724,1.74985,1.7506,1.00,4.50
2010.05.14 09:20:10.351,1.74985,1.7506,1.70,1.30
2010.05.14 09:20:11.071,1.7499,1.75065,3.20,1.30
2010.05.14 09:20:12.691,1.74975,1.75025,1.00,3.20
2010.05.14 09:20:12.862,1.74965,1.75025,1.60,3.20
2010.05.14 09:20:13.042,1.74965,1.7501,1.00,3.20
2010.05.14 09:20:13.710,1.7499,1.75015,1.30,1.60
2010.05.14 09:20:14.055,1.74975,1.75035,1.30,3.20
2010.05.14 09:20:14.884,1.74985,1.7503,1.00,3.20
2010.05.14 09:20:15.562,1.74985,1.75035,1.00,3.20
2010.05.14 09:20:16.641,1.74975,1.75035,1.50,3.20
2010.05.14 09:20:16.901,1.74975,1.7505,3.30,1.30
2010.05.14 09:20:17.814,1.74975,1.7505,1.70,1.30
2010.05.14 09:20:18.154,1.74985,1.75065,3.30,1.30
2010.05.14 09:20:20.091,1.74985,1.75065,3.20,1.30
2010.05.14 09:20:20.291,1.74985,1.75065,3.20,1.40
2010.05.14 09:20:21.103,1.7498,1.7505,1.60,1.30
2010.05.14 09:20:22.572,1.74985,1.7505,1.00,1.30
2010.05.14 09:20:23.252,1.74995,1.75065,1.00,2.90
2010.05.14 09:20:23.871,1.74995,1.75065,1.00,1.30
2010.05.14 09:20:24.111,1.74985,1.75065,3.20,1.30
2010.05.14 09:20:24.822,1.74985,1.75055,3.20,1.30
2010.05.14 09:20:25.055,1.74985,1.75055,1.60,1.30
2010.05.14 09:20:25.285,1.7498,1.75055,1.60,2.90
2010.05.14 09:20:26.054,1.7498,1.7505,1.60,1.30
2010.05.14 09:20:31.592,1.74975,1.75055,1.50,1.60
2010.05.14 09:20:31.882,1.74985,1.75065,3.30,2.90
2010.05.14 09:20:33.095,1.74985,1.75065,3.20,2.90
2010.05.14 09:20:33.431,1.74985,1.75055,1.60,1.30
2010.05.14 09:20:33.933,1.74985,1.75065,3.20,3.00
2010.05.14 09:20:34.183,1.74975,1.7505,1.00,1.30
2010.05.14 09:20:34.431,1.7497,1.7505,3.20,1.30
2010.05.14 09:20:35.845,1.74995,1.7506,1.00,1.60
2010.05.14 09:20:36.445,1.74995,1.75065,1.00,4.50
2010.05.14 09:20:36.783,1.7499,1.75065,3.20,2.90
2010.05.14 09:20:37.121,1.74985,1.75065,3.30,2.90
2010.05.14 09:20:37.371,1.74995,1.75065,1.00,2.90
2010.05.14 09:20:37.622,1.75005,1.75065,1.00,1.60
2010.05.14 09:20:38.343,1.75005,1.7508,1.60,1.30
2010.05.14 09:20:39.081,1.75005,1.7508,1.70,1.30
2010.05.14 09:20:39.721,1.75005,1.7508,1.60,1.30
2010.05.14 09:20:39.876,1.75005,1.7508,1.70,1.30
2010.05.14 09:20:40.667,1.75005,1.7508,1.60,1.30
2010.05.14 09:20:41.413,1.75,1.7508,4.80,1.30
2010.05.14 09:20:43.515,1.75,1.75075,4.80,1.00
2010.05.14 09:20:43.781,1.75,1.7507,1.60,4.50
2010.05.14 09:20:44.036,1.75005,1.75065,1.00,1.30
2010.05.14 09:20:44.264,1.75005,1.75075,1.00,1.60
2010.05.14 09:20:44.949,1.75005,1.7508,1.00,1.30
2010.05.14 09:20:45.373,1.75,1.7508,4.80,1.30
2010.05.14 09:20:46.002,1.75,1.7507,1.60,1.30
2010.05.14 09:20:47.842,1.75,1.7507,1.60,2.90
2010.05.14 09:20:48.021,1.75,1.75065,1.60,1.30
2010.05.14 09:20:48.821,1.75,1.75055,1.60,1.30
2010.05.14 09:20:51.135,1.75,1.7507,4.80,1.30
2010.05.14 09:20:52.502,1.75005,1.7507,1.00,1.30
2010.05.14 09:20:52.844,1.75005,1.7507,1.00,1.30
2010.05.14 09:20:54.214,1.75005,1.75075,3.30,1.30
2010.05.14 09:20:55.392,1.75005,1.75075,3.20,1.30
2010.05.14 09:20:55.912,1.75005,1.7507,1.60,1.30
2010.05.14 09:20:56.181,1.75,1.7507,3.20,1.30
2010.05.14 09:20:57.422,1.75015,1.7508,1.70,1.30
2010.05.14 09:20:57.652,1.75015,1.75075,1.60,1.30
2010.05.14 09:20:58.163,1.75005,1.75075,3.20,1.30
2010.05.14 09:20:58.395,1.75,1.7507,3.20,1.30
2010.05.14 09:20:59.441,1.75015,1.7507,1.60,1.30
2010.05.14 09:20:59.955,1.75015,1.7507,1.70,1.30
2010.05.14 09:21:00.123,1.75015,1.7508,1.60,1.30
2010.05.14 09:21:00.522,1.75015,1.7508,1.70,1.30
2010.05.14 09:21:01.831,1.75015,1.7508,1.60,1.30
2010.05.14 09:21:03.443,1.75005,1.7508,1.60,1.30
2010.05.14 09:21:03.655,1.75,1.7507,3.20,1.30
2010.05.14 09:21:03.864,1.74995,1.7506,1.00,1.30
2010.05.14 09:21:04.972,1.74995,1.75065,3.20,1.30
2010.05.14 09:21:05.281,1.74995,1.75065,3.30,1.30
2010.05.14 09:21:05.582,1.75005,1.7507,1.00,1.30
2010.05.14 09:21:06.573,1.75005,1.7507,1.70,1.30
2010.05.14 09:21:06.871,1.75025,1.7507,1.60,1.30
2010.05.14 09:21:07.172,1.75005,1.7507,3.30,1.30
2010.05.14 09:21:08.115,1.75005,1.7507,3.20,1.30
2010.05.14 09:21:08.413,1.75005,1.7507,3.30,1.30
2010.05.14 09:21:08.711,1.75005,1.7507,3.20,1.30
2010.05.14 09:21:09.056,1.75005,1.7507,3.30,1.30
2010.05.14 09:21:09.903,1.74995,1.7506,1.70,1.30
2010.05.14 09:21:10.081,1.74995,1.7506,1.60,1.30
2010.05.14 09:21:11.631,1.74995,1.7506,1.70,1.30
2010.05.14 09:21:12.011,1.74995,1.7506,1.60,1.30
2010.05.14 09:21:12.666,1.7499,1.7505,3.20,1.30
2010.05.14 09:21:12.822,1.74995,1.7506,1.00,1.30
2010.05.14 09:21:13.142,1.7499,1.7506,3.20,1.30
2010.05.14 09:21:13.301,1.74995,1.7506,1.00,1.30
2010.05.14 09:21:14.122,1.74995,1.7506,1.00,1.30
2010.05.14 09:21:14.463,1.74995,1.75065,1.00,1.30
2010.05.14 09:21:14.807,1.75005,1.7506,1.70,1.30
2010.05.14 09:21:15.343,1.75005,1.7507,1.70,1.30
2010.05.14 09:21:15.633,1.74995,1.75065,1.00,1.30
2010.05.14 09:21:16.389,1.74995,1.75065,1.00,1.30
2010.05.14 09:21:16.683,1.74995,1.7506,1.00,1.30
2010.05.14 09:21:17.502,1.7499,1.7506,3.20,1.30
2010.05.14 09:21:18.539,1.74995,1.7506,1.00,1.30
2010.05.14 09:21:19.463,1.74995,1.75065,1.00,1.30
2010.05.14 09:21:19.666,1.74995,1.75065,3.30,1.30
2010.05.14 09:21:19.962,1.74995,1.7505,1.60,1.30
2010.05.14 09:21:20.112,1.74985,1.7505,1.60,1.30
2010.05.14 09:21:20.263,1.7498,1.7504,1.60,1.30
2010.05.14 09:21:20.754,1.74975,1.7504,1.00,1.30
2010.05.14 09:21:21.097,1.74985,1.7504,1.00,1.30
2010.05.14 09:21:21.446,1.74985,1.75055,1.00,1.30
2010.05.14 09:21:21.784,1.74985,1.75045,1.00,1.30
2010.05.14 09:21:22.261,1.74985,1.7506,1.00,1.30
2010.05.14 09:21:22.606,1.74995,1.7506,1.60,1.30
2010.05.14 09:21:23.283,1.7501,1.75075,1.60,1.30
2010.05.14 09:21:24.762,1.75005,1.75065,3.20,1.30
2010.05.14 09:21:25.326,1.75005,1.75065,1.60,1.30
2010.05.14 09:21:25.446,1.74995,1.7506,1.60,1.30
2010.05.14 09:21:27.419,1.75005,1.7507,3.20,1.30
2010.05.14 09:21:27.901,1.75005,1.7507,3.30,1.30
2010.05.14 09:21:28.081,1.7501,1.7508,1.60,1.30
2010.05.14 09:21:28.261,1.75015,1.7508,1.60,1.30
2010.05.14 09:21:28.441,1.7501,1.7508,3.20,1.30
2010.05.14 09:21:29.651,1.7501,1.7507,3.20,1.30
2010.05.14 09:21:29.821,1.75005,1.7507,3.30,1.30
2010.05.14 09:21:30.710,1.7502,1.7507,1.60,1.30
2010.05.14 09:21:31.048,1.75015,1.75085,3.20,1.30
2010.05.14 09:21:31.595,1.75005,1.75085,1.60,1.30
2010.05.14 09:21:32.151,1.75005,1.7507,1.60,1.30
2010.05.14 09:21:32.373,1.75005,1.7507,1.70,1.30
2010.05.14 09:21:34.494,1.75005,1.7507,1.60,1.30
2010.05.14 09:21:35.416,1.75005,1.7507,1.70,1.30
2010.05.14 09:21:36.185,1.75015,1.7507,1.00,1.30
2010.05.14 09:21:36.522,1.7502,1.75085,1.60,1.30
2010.05.14 09:21:37.262,1.75015,1.75085,3.20,1.30
2010.05.14 09:21:39.091,1.75015,1.7508,3.20,1.30
2010.05.14 09:21:39.263,1.7501,1.7507,1.60,1.30
2010.05.14 09:21:39.765,1.75005,1.7507,3.20,1.30
2010.05.14 09:21:40.282,1.75005,1.7507,3.20,1.30
2010.05.14 09:21:40.621,1.75005,1.7507,3.20,1.30
2010.05.14 09:21:41.491,1.75005,1.7507,3.20,1.30
2010.05.14 09:21:46.993,1.75005,1.7507,3.30,1.30
2010.05.14 09:21:47.724,1.75005,1.7507,3.20,1.30
2010.05.14 09:21:50.850,1.75005,1.7507,1.60,1.30
2010.05.14 09:21:51.564,1.75005,1.7507,1.70,1.30
2010.05.14 09:21:52.521,1.75005,1.75085,1.70,1.30
2010.05.14 09:21:53.402,1.75015,1.75085,3.20,1.30
2010.05.14 09:21:54.115,1.75015,1.75085,3.30,1.30
2010.05.14 09:21:57.369,1.75015,1.75085,3.20,1.30
2010.05.14 09:21:57.713,1.75005,1.7507,1.60,1.30
2010.05.14 09:21:58.394,1.75005,1.7507,1.70,1.30
2010.05.14 09:21:59.586,1.75015,1.75085,3.20,1.30
2010.05.14 09:22:00.231,1.75015,1.75085,3.20,1.30
2010.05.14 09:22:00.391,1.75015,1.75085,3.20,1.30
2010.05.14 09:22:01.145,1.75015,1.75085,3.30,1.30
2010.05.14 09:22:01.872,1.7502,1.75085,1.60,1.30
2010.05.14 09:22:02.691,1.75015,1.75085,3.30,1.30
2010.05.14 09:22:02.974,1.75025,1.75085,1.60,1.30
2010.05.14 09:22:03.255,1.75015,1.75085,3.30,1.30
2010.05.14 09:22:05.256,1.75015,1.7507,3.20,1.30
2010.05.14 09:22:05.819,1.75005,1.7507,1.70,1.30
2010.05.14 09:22:06.592,1.75015,1.7507,1.00,1.30
2010.05.14 09:22:07.268,1.7502,1.75085,1.60,1.30
2010.05.14 09:22:07.594,1.75015,1.75085,4.90,1.30
2010.05.14 09:22:09.638,1.75025,1.75085,1.00,1.30
2010.05.14 09:22:09.982,1.75015,1.75085,4.80,1.30
2010.05.14 09:22:18.261,1.7503,1.75085,1.60,1.30
2010.05.14 09:22:20.981,1.75035,1.75085,1.00,1.30
2010.05.14 09:22:21.794,1.7504,1.75105,2.40,1.30
2010.05.14 09:22:22.096,1.75045,1.75115,3.30,1.30
2010.05.14 09:22:22.394,1.75055,1.75115,1.60,1.30
2010.05.14 09:22:23.178,1.75045,1.75115,3.20,1.30
2010.05.14 09:22:23.637,1.75055,1.75115,1.00,1.30
2010.05.14 09:22:23.941,1.75055,1.75115,1.00,1.30
2010.05.14 09:22:24.242,1.75065,1.75115,1.60,1.30
2010.05.14 09:22:24.867,1.75065,1.75125,1.60,1.30
2010.05.14 09:22:26.371,1.75065,1.7513,2.40,1.30
2010.05.14 09:22:26.706,1.75065,1.75125,2.40,1.30
2010.05.14 09:22:27.519,1.75065,1.75125,1.60,1.30
2010.05.14 09:22:29.144,1.75065,1.7512,1.60,1.30
2010.05.14 09:22:29.591,1.75065,1.75125,1.60,1.30
2010.05.14 09:22:31.402,1.75065,1.7512,1.60,1.30
2010.05.14 09:22:32.034,1.75065,1.75125,1.60,1.30
2010.05.14 09:22:33.053,1.7507,1.75125,1.60,1.30
2010.05.14 09:22:33.564,1.75075,1.75125,1.60,1.30
2010.05.14 09:22:33.719,1.7508,1.75145,1.00,1.30
2010.05.14 09:22:34.644,1.7505,1.75065,2.40,1.30
2010.05.14 09:22:34.982,1.7501,1.75075,2.40,1.30
2010.05.14 09:22:35.853,1.7501,1.7506,2.40,1.30
2010.05.14 09:22:36.194,1.7501,1.7507,2.40,1.30
2010.05.14 09:22:36.533,1.7501,1.75055,2.40,1.30
2010.05.14 09:22:37.335,1.75,1.75055,1.60,1.30
2010.05.14 09:22:54.996,1.74995,1.75055,1.00,1.30
2010.05.14 09:22:55.201,1.75,1.75055,1.60,1.30
2010.05.14 09:23:00.880,1.74985,1.75055,4.80,1.30
2010.05.14 09:23:01.595,1.74985,1.75055,3.20,1.30
2010.05.14 09:23:02.707,1.74985,1.75055,4.80,1.30
2010.05.14 09:23:05.335,1.74995,1.7506,3.20,1.30
2010.05.14 09:23:06.945,1.74995,1.7506,3.20,1.30
2010.05.14 09:23:07.181,1.74995,1.7506,3.30,1.30
2010.05.14 09:23:09.191,1.74995,1.75065,3.30,1.30
2010.05.14 09:23:10.163,1.74995,1.75065,1.70,1.30
2010.05.14 09:23:14.009,1.74995,1.75065,1.60,1.30
2010.05.14 09:23:14.193,1.75005,1.7507,1.00,1.30
2010.05.14 09:23:14.282,1.75,1.7507,3.20,1.30
2010.05.14 09:23:14.834,1.74965,1.75035,1.00,1.30
2010.05.14 09:23:14.921,1.74965,1.75025,1.00,1.30
2010.05.14 09:23:16.322,1.74955,1.75035,3.30,1.30
2010.05.14 09:23:17.077,1.7495,1.75015,3.20,1.30
2010.05.14 09:23:17.375,1.74945,1.75015,1.70,1.30
2010.05.14 09:23:19.415,1.7495,1.7502,3.20,1.30
2010.05.14 09:23:19.655,1.74945,1.75015,1.70,1.30
2010.05.14 09:23:21.449,1.74955,1.75015,1.00,1.30
2010.05.14 09:23:21.892,1.74945,1.75015,3.20,1.30
2010.05.14 09:23:23.237,1.74955,1.7502,1.00,1.30
2010.05.14 09:23:23.462,1.7495,1.7502,3.20,1.30
2010.05.14 09:23:23.692,1.74955,1.7502,1.00,1.30
2010.05.14 09:23:24.674,1.7495,1.7502,3.20,1.30
2010.05.14 09:23:25.984,1.74955,1.7502,1.00,1.30
2010.05.14 09:23:26.381,1.7495,1.7502,3.20,1.30
2010.05.14 09:23:26.571,1.74955,1.7502,1.00,1.30
2010.05.14 09:23:26.762,1.7496,1.7503,1.60,1.30
2010.05.14 09:23:27.562,1.74955,1.7503,3.30,1.30
2010.05.14 09:23:27.903,1.74965,1.75035,3.20,1.30
2010.05.14 09:23:28.677,1.74965,1.75035,3.30,1.30
2010.05.14 09:23:30.403,1.74965,1.75035,3.20,1.30
2010.05.14 09:23:30.672,1.7497,1.75035,3.20,1.30
2010.05.14 09:23:30.942,1.7496,1.75025,3.20,1.30
2010.05.14 09:23:31.722,1.74955,1.75025,1.70,1.30
2010.05.14 09:23:32.027,1.74965,1.75035,1.00,1.30
2010.05.14 09:23:32.784,1.74975,1.75035,1.00,1.30
2010.05.14 09:23:34.633,1.74965,1.75035,3.20,1.30
2010.05.14 09:23:36.625,1.74975,1.75035,1.00,1.30
2010.05.14 09:23:36.864,1.74975,1.75035,1.00,1.30
2010.05.14 09:23:38.014,1.74975,1.75035,1.60,1.30
2010.05.14 09:23:39.195,1.74965,1.75035,3.20,1.30
2010.05.14 09:23:39.668,1.74965,1.7505,4.60,1.60
2010.05.14 09:23:39.942,1.7499,1.75055,1.60,2.90
2010.05.14 09:23:40.570,1.7498,1.7504,1.60,1.30
2010.05.14 09:23:40.845,1.7499,1.75055,1.60,1.30
2010.05.14 09:23:42.155,1.74985,1.75055,3.20,1.30
2010.05.14 09:23:42.495,1.74985,1.7505,3.20,1.30
2010.05.14 09:23:42.837,1.74985,1.7505,1.00,1.30
2010.05.14 09:23:44.227,1.74985,1.7505,1.00,1.30
2010.05.14 09:23:45.868,1.74985,1.75055,1.00,1.30
2010.05.14 09:23:46.108,1.74985,1.7505,1.00,1.30
2010.05.14 09:23:46.392,1.7498,1.7505,3.20,1.30
2010.05.14 09:23:48.761,1.7498,1.7504,3.20,1.30
2010.05.14 09:23:48.931,1.7498,1.7505,3.20,1.30
2010.05.14 09:23:49.503,1.74975,1.7505,1.60,1.30
2010.05.14 09:23:49.804,1.74975,1.7504,1.60,1.30
2010.05.14 09:23:50.391,1.74975,1.7504,1.60,1.30
2010.05.14 09:23:52.332,1.74975,1.7504,1.60,1.30
2010.05.14 09:23:53.180,1.74965,1.75035,4.80,1.30
2010.05.14 09:23:53.691,1.74965,1.75035,4.80,1.30
2010.05.14 09:23:53.972,1.74965,1.7503,1.60,1.30
2010.05.14 09:23:55.494,1.74945,1.75015,3.30,1.30
2010.05.14 09:23:55.724,1.74945,1.75015,1.00,1.30
2010.05.14 09:23:56.434,1.74935,1.75005,3.30,1.30
2010.05.14 09:23:56.733,1.74945,1.75005,1.00,1.30
2010.05.14 09:23:57.259,1.74945,1.7502,1.00,4.50
2010.05.14 09:23:57.566,1.74955,1.7503,1.70,1.30
2010.05.14 09:23:58.354,1.74955,1.7503,1.60,1.30
2010.05.14 09:23:59.432,1.74965,1.7503,1.00,1.30
2010.05.14 09:24:00.142,1.74965,1.75035,1.00,1.30
2010.05.14 09:24:00.380,1.7496,1.75035,1.60,1.30
2010.05.14 09:24:00.618,1.74965,1.7503,1.00,1.30
2010.05.14 09:24:03.568,1.74965,1.7503,1.00,1.30
2010.05.14 09:24:03.793,1.74955,1.7503,1.70,1.30
2010.05.14 09:24:04.022,1.7496,1.7503,1.60,1.30
2010.05.14 09:24:04.245,1.74975,1.75035,1.00,1.30
2010.05.14 09:24:05.043,1.74975,1.75035,1.00,1.30
2010.05.14 09:24:06.513,1.74975,1.75035,1.00,1.30
2010.05.14 09:24:08.212,1.74965,1.7503,1.00,1.30
2010.05.14 09:24:09.293,1.74975,1.7503,1.00,1.30
2010.05.14 09:24:09.802,1.74975,1.75035,1.00,1.30
2010.05.14 09:24:10.116,1.7496,1.75015,1.60,1.30
2010.05.14 09:24:10.426,1.7494,1.75015,3.20,1.30
2010.05.14 09:24:11.261,1.74935,1.7501,1.60,1.30
2010.05.14 09:24:11.579,1.74975,1.7503,1.60,1.60
2010.05.14 09:24:12.149,1.74965,1.75035,1.00,1.60
2010.05.14 09:24:12.466,1.74975,1.7505,1.00,1.30
2010.05.14 09:24:12.774,1.74975,1.7504,1.00,1.30
2010.05.14 09:24:13.549,1.7498,1.7504,1.60,1.30
2010.05.14 09:24:13.906,1.7497,1.75045,1.60,1.30
2010.05.14 09:24:14.120,1.74965,1.7503,1.60,1.30
2010.05.14 09:24:14.807,1.74935,1.75025,4.70,4.50
2010.05.14 09:24:15.017,1.74945,1.75015,1.60,1.30
2010.05.14 09:24:15.364,1.74955,1.75015,1.00,1.30
2010.05.14 09:24:16.797,1.74945,1.75015,3.20,1.30
2010.05.14 09:24:17.412,1.7495,1.75015,1.60,1.30
2010.05.14 09:24:18.252,1.7494,1.75005,3.20,1.30
2010.05.14 09:24:18.488,1.74945,1.74995,1.00,1.30
2010.05.14 09:24:19.163,1.74955,1.75025,3.20,1.30
2010.05.14 09:24:19.382,1.74945,1.7501,1.00,1.30
2010.05.14 09:24:20.401,1.7494,1.7501,3.20,1.30
2010.05.14 09:24:21.193,1.7494,1.75015,3.20,1.30
2010.05.14 09:24:21.522,1.7494,1.75005,3.20,1.30
2010.05.14 09:24:22.311,1.74925,1.75005,3.20,1.30
2010.05.14 09:24:22.577,1.7492,1.75,3.20,1.30
2010.05.14 09:24:23.527,1.7492,1.74995,1.60,1.60
2010.05.14 09:24:23.863,1.74935,1.74995,1.00,1.60
2010.05.14 09:24:24.204,1.74935,1.75015,1.70,1.30
2010.05.14 09:24:24.711,1.74945,1.7502,1.60,1.60
2010.05.14 09:24:25.058,1.74955,1.75025,1.00,1.30
2010.05.14 09:24:25.792,1.7495,1.75025,1.60,1.30
2010.05.14 09:24:25.830,1.74945,1.7502,1.60,1.60
2010.05.14 09:24:26.158,1.74935,1.75015,1.60,1.30
2010.05.14 09:24:26.482,1.74935,1.75015,1.60,1.40
2010.05.14 09:24:27.423,1.74915,1.74995,1.70,1.60
2010.05.14 09:24:27.763,1.74915,1.7499,1.70,1.30
2010.05.14 09:24:28.944,1.74915,1.7499,1.60,1.30
2010.05.14 09:24:29.282,1.74915,1.7499,1.60,1.30
2010.05.14 09:24:29.472,1.74915,1.7499,1.70,1.30
2010.05.14 09:24:30.520,1.74915,1.7499,1.60,1.30
2010.05.14 09:24:30.721,1.74935,1.75005,1.00,1.30
2010.05.14 09:24:32.493,1.74935,1.7501,1.00,1.60
2010.05.14 09:24:36.297,1.74955,1.75025,1.00,1.30
2010.05.14 09:24:36.443,1.74965,1.7503,1.00,1.60
2010.05.14 09:24:36.783,1.74965,1.75035,1.00,1.30
2010.05.14 09:24:37.634,1.7497,1.7505,3.20,1.30
2010.05.14 09:24:38.239,1.7497,1.7505,1.60,2.90
2010.05.14 09:24:39.797,1.74965,1.75035,1.00,1.30
2010.05.14 09:24:40.023,1.74955,1.75035,3.20,1.30
2010.05.14 09:24:40.787,1.74955,1.75035,1.60,2.90
2010.05.14 09:24:40.951,1.74955,1.75025,1.00,1.30
2010.05.14 09:24:41.103,1.74955,1.75035,1.00,4.50
2010.05.14 09:24:42.808,1.74935,1.75,1.60,1.30
2010.05.14 09:24:42.955,1.7492,1.75,1.60,2.90
2010.05.14 09:24:43.452,1.74915,1.7499,1.60,1.30
2010.05.14 09:24:43.732,1.74925,1.7499,1.00,1.30
2010.05.14 09:24:44.073,1.74925,1.75,1.00,1.30
2010.05.14 09:24:44.709,1.74935,1.75015,3.30,1.30
2010.05.14 09:24:45.054,1.74955,1.75025,1.00,2.90
2010.05.14 09:24:45.287,1.74965,1.75025,1.00,1.30
2010.05.14 09:24:46.033,1.7496,1.75035,1.60,1.30
2010.05.14 09:24:46.375,1.74945,1.7502,3.20,1.30
2010.05.14 09:24:46.919,1.74945,1.7502,3.20,1.30
2010.05.14 09:24:47.267,1.74955,1.75025,1.60,1.60
2010.05.14 09:24:47.617,1.7497,1.75045,1.60,1.60
2010.05.14 09:24:48.456,1.74995,1.75075,3.20,1.30
2010.05.14 09:24:48.797,1.75005,1.7508,1.60,1.30
2010.05.14 09:24:50.302,1.74995,1.7508,3.30,1.30
2010.05.14 09:24:50.463,1.75005,1.7508,1.00,1.30
2010.05.14 09:24:50.622,1.75005,1.7508,1.00,1.30
2010.05.14 09:24:50.771,1.74995,1.7508,3.20,1.30
2010.05.14 09:24:50.921,1.74995,1.7508,1.00,4.50
2010.05.14 09:24:51.455,1.74995,1.75075,1.00,1.30
2010.05.14 09:24:51.795,1.7499,1.75075,1.60,2.90
2010.05.14 09:24:52.475,1.74985,1.75065,1.00,1.30
2010.05.14 09:24:52.812,1.74985,1.7506,1.00,1.30
2010.05.14 09:24:53.624,1.74995,1.7507,1.00,3.20
2010.05.14 09:24:53.863,1.74995,1.75075,1.00,2.90
2010.05.14 09:24:54.656,1.75015,1.751,1.70,2.90
2010.05.14 09:24:54.982,1.75015,1.751,1.60,2.90
2010.05.14 09:24:55.302,1.75015,1.751,1.60,2.90
2010.05.14 09:24:55.786,1.75015,1.75085,1.60,1.30
2010.05.14 09:24:56.125,1.75,1.75075,1.60,1.30
2010.05.14 09:24:56.464,1.74995,1.75075,3.30,1.30
2010.05.14 09:24:56.805,1.7501,1.7508,1.60,1.60
2010.05.14 09:24:57.324,1.7501,1.7509,1.60,2.90
2010.05.14 09:24:57.674,1.7499,1.7507,1.60,1.60
2010.05.14 09:24:58.874,1.74995,1.75075,1.60,2.90
2010.05.14 09:25:00.455,1.7497,1.75055,3.20,2.90
2010.05.14 09:25:01.067,1.7497,1.75055,3.20,1.60
2010.05.14 09:25:01.408,1.7496,1.7504,1.60,2.90
2010.05.14 09:25:01.714,1.7495,1.75035,3.20,4.50
2010.05.14 09:25:04.991,1.7495,1.75035,3.20,3.20
2010.05.14 09:25:05.694,1.74955,1.7504,1.70,1.60
2010.05.14 09:25:05.889,1.7497,1.7505,1.60,1.30
2010.05.14 09:25:08.781,1.7496,1.7504,3.20,1.30
2010.05.14 09:25:09.359,1.74945,1.75025,3.30,1.30
2010.05.14 09:25:09.987,1.74955,1.75035,1.60,1.30
2010.05.14 09:25:11.943,1.74955,1.75035,3.20,1.30
2010.05.14 09:25:12.167,1.7497,1.7505,1.60,1.30
2010.05.14 09:25:13.932,1.7496,1.7504,3.20,1.30
2010.05.14 09:25:14.662,1.7496,1.7504,1.60,2.90
2010.05.14 09:25:15.461,1.74935,1.75015,1.70,1.30
2010.05.14 09:25:16.056,1.74935,1.75015,1.60,1.30
2010.05.14 09:25:16.548,1.74935,1.75005,1.60,1.30
2010.05.14 09:25:16.755,1.74935,1.75005,1.00,1.30
2010.05.14 09:25:19.052,1.74925,1.75005,3.20,1.30
2010.05.14 09:25:19.232,1.74935,1.75005,1.00,4.50
2010.05.14 09:25:19.422,1.74935,1.75005,1.00,1.30
2010.05.14 09:25:21.884,1.74935,1.75005,1.00,1.30
2010.05.14 09:25:22.132,1.7492,1.75,3.20,1.30
2010.05.14 09:25:22.417,1.7492,1.7499,1.60,1.30
2010.05.14 09:25:23.173,1.74935,1.7502,3.20,2.90
2010.05.14 09:25:24.854,1.7496,1.75025,1.60,1.30
2010.05.14 09:25:25.162,1.7496,1.7504,1.60,2.90
2010.05.14 09:25:26.017,1.74935,1.75015,1.60,1.60
2010.05.14 09:25:26.364,1.7493,1.75015,3.20,4.50
2010.05.14 09:25:26.895,1.7493,1.75015,3.20,3.20
2010.05.14 09:25:27.230,1.74955,1.7504,3.20,3.20
2010.05.14 09:25:27.562,1.7496,1.7504,1.60,2.90
2010.05.14 09:25:28.337,1.7494,1.7502,3.20,1.30
2010.05.14 09:25:29.983,1.74935,1.75005,1.70,1.30
2010.05.14 09:25:30.323,1.74935,1.7502,1.70,4.50
2010.05.14 09:25:30.542,1.7494,1.7502,3.20,1.30
2010.05.14 09:25:31.546,1.7495,1.75025,1.60,1.30
2010.05.14 09:25:31.843,1.74945,1.75025,3.20,1.30
2010.05.14 09:25:33.032,1.74935,1.7501,1.00,1.30
2010.05.14 09:25:33.371,1.74935,1.75015,1.00,1.60
2010.05.14 09:25:33.890,1.7494,1.7502,1.60,2.90
2010.05.14 09:25:34.225,1.7494,1.7502,1.60,1.30
2010.05.14 09:25:35.050,1.7494,1.75005,1.60,1.30
2010.05.14 09:25:35.317,1.74925,1.74995,1.00,1.30
2010.05.14 09:25:36.656,1.7492,1.75,3.20,1.60
2010.05.14 09:25:36.962,1.7492,1.74995,1.60,1.30
2010.05.14 09:25:39.721,1.74925,1.74995,1.00,1.30
2010.05.14 09:25:39.994,1.7493,1.75005,1.60,1.30
2010.05.14 09:25:40.835,1.74925,1.74995,1.60,1.60
2010.05.14 09:25:41.172,1.7491,1.7499,3.20,1.30
2010.05.14 09:25:43.001,1.74905,1.74985,3.30,1.30
2010.05.14 09:25:44.112,1.7492,1.74995,1.60,1.30
2010.05.14 09:25:45.664,1.7492,1.74985,1.60,1.30
2010.05.14 09:25:45.884,1.74905,1.74985,1.60,1.30
2010.05.14 09:25:46.102,1.74905,1.7499,1.60,4.50
2010.05.14 09:25:46.832,1.74945,1.7499,1.00,3.20
2010.05.14 09:25:47.175,1.7494,1.75015,3.20,1.30
2010.05.14 09:25:48.135,1.74935,1.75005,1.60,1.30
2010.05.14 09:25:48.979,1.74935,1.75005,1.60,1.30
2010.05.14 09:25:49.317,1.74935,1.75005,1.60,1.30
2010.05.14 09:25:49.657,1.7492,1.74985,3.20,1.30
2010.05.14 09:25:50.486,1.74915,1.74985,3.20,1.30
2010.05.14 09:25:55.746,1.74935,1.75005,1.60,1.30
2010.05.14 09:25:57.695,1.7494,1.75015,3.20,2.90
2010.05.14 09:25:58.372,1.74945,1.75015,1.60,2.90
2010.05.14 09:25:58.874,1.7494,1.75005,1.60,1.40
2010.05.14 09:25:59.623,1.74935,1.75005,3.20,1.30
2010.05.14 09:26:00.262,1.74935,1.75,1.60,1.30
2010.05.14 09:26:00.461,1.7495,1.75025,3.20,1.30
2010.05.14 09:26:01.605,1.74955,1.75015,1.60,1.30
2010.05.14 09:26:01.823,1.74945,1.75015,3.20,1.30
2010.05.14 09:26:03.512,1.7494,1.7501,1.60,1.30
2010.05.14 09:26:04.171,1.7494,1.75015,1.60,1.30
2010.05.14 09:26:04.522,1.7494,1.7501,3.20,1.30
2010.05.14 09:26:04.865,1.74945,1.75015,3.20,1.30
2010.05.14 09:26:06.223,1.74945,1.75015,1.00,1.30
2010.05.14 09:26:06.511,1.74945,1.75015,3.20,1.30
2010.05.14 09:26:06.791,1.74945,1.75015,3.20,1.30
2010.05.14 09:26:08.423,1.7494,1.7501,3.20,1.30
2010.05.14 09:26:09.293,1.7496,1.7503,3.20,1.30
2010.05.14 09:26:10.913,1.7496,1.75025,1.60,1.30
2010.05.14 09:26:11.696,1.74955,1.75025,1.60,1.40
2010.05.14 09:26:11.933,1.74945,1.75015,3.20,1.30
2010.05.14 09:26:14.023,1.74945,1.7501,1.60,1.30
2010.05.14 09:26:14.675,1.7494,1.7501,3.20,1.30
2010.05.14 09:26:20.352,1.74935,1.7501,1.60,1.30
2010.05.14 09:26:20.622,1.7494,1.75015,1.60,2.90
2010.05.14 09:26:20.842,1.7494,1.75015,3.20,1.30
2010.05.14 09:26:25.283,1.7494,1.7501,3.20,1.30
2010.05.14 09:26:25.533,1.74935,1.7501,1.60,1.30
2010.05.14 09:26:26.636,1.74935,1.7501,1.60,1.30
2010.05.14 09:26:27.265,1.74935,1.7501,1.60,1.30
2010.05.14 09:26:27.556,1.74965,1.7504,1.00,3.20
2010.05.14 09:26:28.042,1.7497,1.75045,1.60,1.30
2010.05.14 09:26:29.483,1.7497,1.7504,1.60,1.30
2010.05.14 09:26:29.823,1.74965,1.7504,1.00,1.30
2010.05.14 09:26:31.183,1.7496,1.7504,3.20,1.30
2010.05.14 09:26:32.432,1.74965,1.7504,1.00,1.30
2010.05.14 09:26:34.376,1.7497,1.7504,1.60,1.30
2010.05.14 09:26:34.462,1.7496,1.7504,3.20,1.30
2010.05.14 09:26:34.553,1.74965,1.7504,1.00,1.30
2010.05.14 09:26:34.642,1.74965,1.75045,1.00,3.20
2010.05.14 09:26:35.209,1.74975,1.75045,1.60,1.60
2010.05.14 09:26:35.295,1.74975,1.7505,3.20,1.30
2010.05.14 09:26:35.744,1.74975,1.7505,3.20,1.30
2010.05.14 09:26:36.480,1.74975,1.7505,3.30,1.30
2010.05.14 09:26:38.493,1.74975,1.7505,3.20,1.30
2010.05.14 09:26:41.067,1.74975,1.75045,3.20,1.30
2010.05.14 09:26:41.416,1.74955,1.7504,3.30,2.90
2010.05.14 09:26:41.754,1.74955,1.7504,3.20,2.90
2010.05.14 09:26:43.167,1.74955,1.7504,3.30,2.90
2010.05.14 09:26:43.466,1.7496,1.7503,3.20,1.30
2010.05.14 09:26:43.958,1.7496,1.7503,1.60,1.30
2010.05.14 09:26:44.183,1.74955,1.7503,1.00,1.30
2010.05.14 09:26:45.214,1.74955,1.7504,1.00,4.50
2010.05.14 09:26:45.514,1.74945,1.75025,1.00,1.30
2010.05.14 09:26:48.751,1.74945,1.75025,1.00,2.90
2010.05.14 09:26:51.482,1.74935,1.75015,3.30,1.30
2010.05.14 09:26:52.053,1.74935,1.75015,4.80,1.30
2010.05.14 09:26:52.367,1.74935,1.75015,3.30,1.30
2010.05.14 09:26:52.684,1.74935,1.7501,1.60,1.30
2010.05.14 09:26:53.311,1.74945,1.7501,1.00,1.30
2010.05.14 09:26:53.632,1.74935,1.75015,3.20,1.30
2010.05.14 09:26:53.963,1.74935,1.75015,3.30,1.30
2010.05.14 09:26:54.293,1.74935,1.75015,3.20,1.30
2010.05.14 09:26:55.429,1.74935,1.75015,3.30,1.30
2010.05.14 09:26:59.482,1.74935,1.75015,3.20,1.30
2010.05.14 09:27:01.372,1.74935,1.75015,3.20,1.30
2010.05.14 09:27:01.583,1.74945,1.7502,1.60,1.30
2010.05.14 09:27:02.344,1.74945,1.75025,1.70,1.60
2010.05.14 09:27:02.683,1.7495,1.75035,3.20,4.50
2010.05.14 09:27:03.023,1.7497,1.75045,1.60,2.90
2010.05.14 09:27:03.855,1.74965,1.7505,3.20,4.50
2010.05.14 09:27:05.060,1.74955,1.75035,3.20,1.30
2010.05.14 09:27:05.339,1.7495,1.7502,3.20,1.30
2010.05.14 09:27:06.083,1.7495,1.75015,1.60,1.30
2010.05.14 09:27:06.426,1.74935,1.7502,3.30,2.90
2010.05.14 09:27:07.201,1.74935,1.7502,3.20,2.90
2010.05.14 09:27:09.005,1.74935,1.7502,3.20,4.50
2010.05.14 09:27:09.544,1.74935,1.7502,3.30,4.50
2010.05.14 09:27:10.176,1.74945,1.7502,1.60,1.60
2010.05.14 09:27:10.343,1.74945,1.7503,1.60,4.50
2010.05.14 09:27:10.513,1.74945,1.7502,1.60,1.30
2010.05.14 09:27:10.841,1.74935,1.7502,3.20,2.90
2010.05.14 09:27:12.105,1.74945,1.7503,1.60,4.50
2010.05.14 09:27:12.922,1.74945,1.75025,1.60,1.00
2010.05.14 09:27:13.272,1.74925,1.75005,1.60,1.60
2010.05.14 09:27:14.743,1.7493,1.75015,3.20,4.50
2010.05.14 09:27:17.249,1.7493,1.7501,3.20,1.30
2010.05.14 09:27:17.515,1.74915,1.75,3.30,4.50
2010.05.14 09:27:17.785,1.74925,1.75005,1.60,1.60
2010.05.14 09:27:19.430,1.74905,1.7498,1.60,1.30
2010.05.14 09:27:20.263,1.74895,1.7498,3.20,2.90
2010.05.14 09:27:20.606,1.74895,1.7498,3.20,3.20
2010.05.14 09:27:20.943,1.74895,1.7498,3.20,4.50
2010.05.14 09:27:21.704,1.749,1.7498,1.60,1.60
2010.05.14 09:27:22.013,1.749,1.74985,3.20,2.90
2010.05.14 09:27:22.352,1.74895,1.7498,3.20,4.50
2010.05.14 09:27:23.909,1.74895,1.7498,3.20,3.20
2010.05.14 09:27:24.055,1.7491,1.74995,1.60,4.70
2010.05.14 09:27:25.292,1.749,1.74985,3.20,2.90
2010.05.14 09:27:26.208,1.74905,1.74985,1.60,1.30
2010.05.14 09:27:26.403,1.7492,1.75,1.60,1.30
2010.05.14 09:27:26.602,1.74925,1.7501,3.20,1.30
2010.05.14 09:27:28.334,1.74925,1.75,3.20,1.30
2010.05.14 09:27:28.824,1.7492,1.75,1.60,1.30
2010.05.14 09:27:29.164,1.74905,1.74985,1.60,2.90
2010.05.14 09:27:29.502,1.749,1.74985,3.20,2.90
2010.05.14 09:27:29.752,1.7491,1.74995,1.60,4.50
2010.05.14 09:27:30.783,1.7491,1.74975,1.60,1.30
2010.05.14 09:27:31.073,1.74905,1.74975,1.00,1.60
2010.05.14 09:27:31.604,1.74915,1.74985,1.60,1.60
2010.05.14 09:27:31.900,1.7493,1.75015,3.20,4.70
2010.05.14 09:27:33.242,1.7493,1.7501,3.20,1.30
2010.05.14 09:27:33.582,1.74925,1.75005,1.60,1.60
2010.05.14 09:27:34.982,1.74915,1.75,3.20,4.50
2010.05.14 09:27:37.749,1.74915,1.75,3.20,4.50
2010.05.14 09:27:38.002,1.74915,1.75,3.20,4.50
2010.05.14 09:27:39.056,1.7492,1.75005,3.20,4.50
2010.05.14 09:27:39.592,1.7492,1.75005,3.20,2.90
2010.05.14 09:27:39.792,1.7492,1.75,3.20,1.30
2010.05.14 09:27:40.268,1.7492,1.75,1.60,2.90
2010.05.14 09:27:40.475,1.74915,1.75,3.20,4.50
2010.05.14 09:27:41.362,1.74915,1.7499,3.20,1.30
2010.05.14 09:27:41.975,1.74915,1.7499,1.60,1.30
2010.05.14 09:27:42.244,1.7491,1.7499,1.60,1.30
2010.05.14 09:27:51.805,1.7491,1.74995,1.60,4.50
2010.05.14 09:27:52.904,1.7491,1.74995,1.60,3.20
2010.05.14 09:27:53.246,1.74925,1.7501,3.20,1.30
2010.05.14 09:27:53.404,1.74935,1.75015,1.60,1.30
2010.05.14 09:28:00.212,1.7493,1.75015,3.20,2.90
2010.05.14 09:28:00.873,1.7494,1.7502,1.60,1.30
2010.05.14 09:28:01.555,1.7494,1.75025,1.60,3.20
2010.05.14 09:28:01.871,1.74935,1.75015,1.60,1.60
2010.05.14 09:28:02.607,1.7494,1.75025,3.20,3.20
2010.05.14 09:28:02.875,1.74945,1.7503,3.20,1.60
2010.05.14 09:28:06.200,1.74955,1.7504,1.60,3.20
2010.05.14 09:28:07.685,1.7496,1.75045,3.20,4.80
2010.05.14 09:28:08.016,1.74965,1.75045,1.60,1.60
2010.05.14 09:28:08.857,1.74955,1.75035,1.00,2.90
2010.05.14 09:28:09.194,1.74955,1.75035,3.30,1.30
2010.05.14 09:28:10.004,1.7498,1.7505,1.60,1.30
2010.05.14 09:28:10.604,1.74975,1.7505,3.20,1.30
2010.05.14 09:28:10.836,1.74975,1.75055,3.20,2.90
2010.05.14 09:28:11.173,1.74975,1.75055,3.20,2.90
2010.05.14 09:28:11.513,1.7497,1.75045,1.60,1.30
2010.05.14 09:28:12.625,1.74985,1.75055,1.60,2.90
2010.05.14 09:28:12.936,1.7497,1.7504,1.60,1.30
2010.05.14 09:28:13.703,1.74965,1.75045,3.20,1.30
2010.05.14 09:28:14.043,1.74965,1.75045,3.30,1.30
2010.05.14 09:28:16.521,1.74965,1.75045,3.20,1.30
2010.05.14 09:28:16.784,1.7496,1.7504,3.20,1.30
2010.05.14 09:28:17.302,1.74965,1.75045,1.00,3.20
2010.05.14 09:28:17.822,1.74965,1.7505,1.70,4.50
2010.05.14 09:28:18.165,1.74975,1.75055,1.60,2.90
2010.05.14 09:28:18.557,1.74975,1.75055,1.60,3.10
2010.05.14 09:28:19.345,1.74975,1.75055,1.60,2.90
2010.05.14 09:28:19.683,1.74965,1.75055,4.50,6.30
2010.05.14 09:28:20.022,1.7496,1.75045,3.20,1.30
2010.05.14 09:28:22.573,1.7496,1.75045,1.60,3.00
2010.05.14 09:28:22.863,1.7496,1.7504,1.60,2.90
2010.05.14 09:28:23.152,1.74955,1.7504,1.60,2.90
2010.05.14 09:28:25.293,1.7496,1.7504,1.60,1.30
2010.05.14 09:28:25.481,1.7496,1.7504,3.20,1.30
2010.05.14 09:28:26.979,1.74965,1.7504,1.00,1.30
2010.05.14 09:28:28.353,1.7496,1.7504,3.20,1.30
2010.05.14 09:28:29.614,1.7496,1.75035,1.60,1.60
2010.05.14 09:28:29.960,1.74955,1.75035,1.60,2.90
2010.05.14 09:28:30.382,1.74955,1.75035,1.60,1.60
2010.05.14 09:28:30.482,1.74955,1.75035,1.60,2.90
2010.05.14 09:28:31.356,1.74955,1.75035,1.60,2.90
2010.05.14 09:28:33.296,1.74955,1.75035,1.70,2.90
2010.05.14 09:28:33.551,1.74955,1.75035,1.70,1.60
2010.05.14 09:28:34.175,1.7497,1.75035,1.60,2.90
2010.05.14 09:28:34.469,1.7497,1.75035,1.60,1.00
2010.05.14 09:28:34.754,1.7498,1.75025,1.00,1.00
2010.05.14 09:28:35.254,1.7498,1.75025,1.00,1.40
2010.05.14 09:28:35.596,1.74945,1.75025,1.60,1.40
2010.05.14 09:28:36.700,1.74945,1.75025,1.70,1.30
2010.05.14 09:28:36.996,1.74955,1.75035,1.60,2.90
2010.05.14 09:28:40.032,1.74955,1.75025,1.60,1.30
2010.05.14 09:28:40.282,1.74945,1.75025,3.20,1.30
2010.05.14 09:28:41.672,1.74945,1.7502,3.20,1.30
2010.05.14 09:28:41.952,1.7494,1.7502,1.60,1.30
2010.05.14 09:28:42.512,1.74945,1.7502,1.00,1.30
2010.05.14 09:28:43.033,1.74945,1.75025,1.00,3.20
2010.05.14 09:28:43.367,1.74955,1.75035,1.60,2.90
2010.05.14 09:28:44.953,1.74955,1.75035,1.60,3.10
2010.05.14 09:28:48.013,1.74955,1.75025,1.60,1.00
2010.05.14 09:28:48.182,1.7494,1.7502,1.60,1.30
2010.05.14 09:28:53.552,1.7494,1.75015,1.60,1.00
2010.05.14 09:28:54.097,1.7494,1.75005,1.60,1.00
2010.05.14 09:28:54.404,1.74925,1.75005,3.20,1.40
2010.05.14 09:28:58.111,1.74925,1.75005,3.30,1.30
2010.05.14 09:28:58.176,1.74935,1.7501,1.60,1.30
2010.05.14 09:29:00.104,1.7494,1.75025,1.60,4.50
2010.05.14 09:29:00.262,1.74935,1.7501,1.70,1.30
2010.05.14 09:29:01.203,1.74935,1.7501,1.60,1.30
2010.05.14 09:29:01.464,1.74925,1.75005,3.20,1.30
2010.05.14 09:29:04.602,1.74935,1.75005,1.00,1.30
2010.05.14 09:29:05.435,1.7494,1.7502,1.60,1.30
2010.05.14 09:29:07.983,1.74945,1.75025,3.20,1.30
2010.05.14 09:29:09.062,1.74945,1.7502,3.20,1.30
2010.05.14 09:29:09.563,1.7494,1.7502,1.60,1.30
2010.05.14 09:29:09.783,1.74955,1.7502,1.00,1.30
2010.05.14 09:29:10.003,1.74965,1.7502,1.60,1.30
2010.05.14 09:29:10.113,1.74965,1.75045,1.60,2.90
2010.05.14 09:29:10.333,1.74955,1.7501,2.90,3.20
2010.05.14 09:29:10.443,1.7493,1.74975,1.00,3.20
2010.05.14 09:29:10.977,1.7492,1.7496,1.60,1.60
2010.05.14 09:29:11.294,1.74915,1.7496,1.00,1.60
2010.05.14 09:29:12.572,1.74915,1.7496,1.00,1.60
2010.05.14 09:29:13.459,1.74925,1.7496,1.00,1.60
2010.05.14 09:29:13.614,1.74925,1.74975,1.00,3.20
2010.05.14 09:29:14.372,1.74925,1.74975,1.00,3.20
2010.05.14 09:29:15.541,1.74925,1.75005,3.30,1.30
2010.05.14 09:29:18.722,1.74925,1.75005,3.20,1.30
2010.05.14 09:29:19.402,1.74925,1.75005,3.20,1.30
2010.05.14 09:29:20.682,1.74925,1.75005,3.30,1.30
2010.05.14 09:29:20.882,1.7493,1.7501,1.30,3.20
2010.05.14 09:29:20.982,1.74925,1.75005,3.30,1.30
2010.05.14 09:29:21.952,1.7493,1.7501,1.60,1.60
2010.05.14 09:29:22.242,1.74925,1.75005,3.30,1.30
2010.05.14 09:29:26.383,1.74925,1.75005,3.20,1.30
2010.05.14 09:29:27.102,1.74925,1.75005,3.30,1.30
2010.05.14 09:29:28.062,1.74935,1.75015,1.60,4.50
2010.05.14 09:29:28.342,1.74925,1.75005,3.30,1.30
2010.05.14 09:29:28.622,1.74935,1.75015,1.60,4.50
2010.05.14 09:29:28.912,1.74925,1.75005,3.30,1.30
2010.05.14 09:29:29.201,1.74925,1.75005,4.90,1.30
2010.05.14 09:29:30.041,1.74925,1.7501,4.90,4.50
2010.05.14 09:29:33.447,1.7494,1.75025,3.20,6.30
2010.05.14 09:29:33.724,1.74925,1.7501,4.90,4.50
2010.05.14 09:29:34.003,1.7493,1.7501,1.60,1.60
2010.05.14 09:29:34.283,1.74925,1.7501,4.90,4.50
2010.05.14 09:29:35.032,1.74925,1.7501,6.30,3.20
2010.05.14 09:29:35.232,1.74935,1.75015,1.60,2.90
2010.05.14 09:29:36.572,1.7493,1.75015,3.20,2.90
2010.05.14 09:29:37.483,1.74925,1.7501,4.90,4.50
2010.05.14 09:29:39.771,1.74925,1.7501,4.80,4.50
2010.05.14 09:29:39.963,1.7492,1.75,3.20,1.30
2010.05.14 09:29:41.763,1.74925,1.75,1.00,1.30
2010.05.14 09:29:42.014,1.74925,1.7501,3.30,4.50
2010.05.14 09:29:43.503,1.74935,1.7501,1.00,4.50
2010.05.14 09:29:46.266,1.74935,1.7501,1.00,1.30
2010.05.14 09:29:48.243,1.74935,1.7501,1.00,1.30
2010.05.14 09:29:48.512,1.74945,1.75015,1.60,1.60
2010.05.14 09:29:50.302,1.7493,1.7501,1.60,1.30
2010.05.14 09:29:51.051,1.74925,1.7501,3.20,4.50
2010.05.14 09:29:51.636,1.74935,1.75015,1.60,4.60
2010.05.14 09:29:52.312,1.7493,1.75015,3.20,4.60
2010.05.14 09:29:53.102,1.74935,1.75015,1.00,4.50
2010.05.14 09:29:53.375,1.74935,1.7501,1.60,1.60
2010.05.14 09:29:53.645,1.74935,1.7501,1.00,4.50
2010.05.14 09:29:54.433,1.74935,1.75015,1.60,4.60
2010.05.14 09:29:54.772,1.7493,1.75015,3.20,4.60
2010.05.14 09:29:56.992,1.7493,1.7501,3.20,1.30
2010.05.14 09:29:57.171,1.74925,1.7501,3.20,4.50
2010.05.14 09:30:01.668,1.74925,1.7501,4.80,4.50
2010.05.14 09:30:06.194,1.74935,1.7501,1.00,4.50
2010.05.14 09:30:06.372,1.74935,1.7501,1.00,2.90
2010.05.14 09:30:06.412,1.74935,1.7501,1.00,1.60
2010.05.14 09:30:06.452,1.74935,1.75015,1.60,3.00
2010.05.14 09:30:07.543,1.74925,1.7501,4.80,4.50
2010.05.14 09:30:10.922,1.74935,1.7501,1.00,4.50
2010.05.14 09:30:11.074,1.74935,1.75015,1.70,2.90
2010.05.14 09:30:11.683,1.7494,1.7502,3.20,1.60
2010.05.14 09:30:12.373,1.74935,1.7501,1.60,4.50
2010.05.14 09:30:13.242,1.74935,1.7501,1.60,4.50
2010.05.14 09:30:13.472,1.74935,1.7501,1.70,4.50
2010.05.14 09:30:14.402,1.74935,1.75015,3.20,3.00
2010.05.14 09:30:14.717,1.74935,1.7501,1.60,4.50
2010.05.14 09:30:20.096,1.74935,1.7501,1.70,4.50
2010.05.14 09:30:20.444,1.7494,1.7501,1.60,1.60
2010.05.14 09:30:21.005,1.74935,1.7501,1.60,2.90
2010.05.14 09:30:21.071,1.74935,1.7501,1.60,4.50
2010.05.14 09:30:23.053,1.74925,1.7501,3.20,4.50
2010.05.14 09:30:23.313,1.74925,1.74995,1.00,2.90
2010.05.14 09:30:23.851,1.74925,1.74995,1.00,1.30
2010.05.14 09:30:24.183,1.74925,1.75,1.00,1.30
2010.05.14 09:30:24.523,1.7493,1.7501,3.20,1.30
2010.05.14 09:30:25.623,1.74925,1.7501,3.30,1.30
2010.05.14 09:30:26.325,1.74935,1.7501,1.00,1.30
2010.05.14 09:30:27.249,1.7495,1.7502,3.20,1.60
2010.05.14 09:30:28.887,1.74955,1.7502,1.00,1.60
2010.05.14 09:30:30.436,1.74955,1.7503,1.60,2.90
2010.05.14 09:30:30.671,1.74955,1.7502,1.60,4.50
2010.05.14 09:30:31.728,1.74955,1.7502,1.60,4.50
2010.05.14 09:30:32.075,1.74955,1.7502,1.60,3.20
2010.05.14 09:30:32.416,1.74955,1.75025,1.60,1.30
2010.05.14 09:30:33.092,1.74945,1.75025,1.60,1.30
2010.05.14 09:30:35.925,1.74945,1.75025,1.70,1.30
2010.05.14 09:30:36.794,1.74965,1.75045,1.60,2.90
2010.05.14 09:30:37.003,1.7495,1.75035,1.60,4.50
2010.05.14 09:30:37.214,1.74955,1.7503,1.60,1.30
2010.05.14 09:30:38.036,1.74955,1.75035,3.30,1.30
2010.05.14 09:30:38.372,1.74965,1.75045,1.60,2.90
2010.05.14 09:30:39.223,1.74965,1.75045,1.70,2.90
2010.05.14 09:30:40.806,1.74965,1.75035,1.00,3.20
2010.05.14 09:30:41.095,1.74965,1.75045,1.70,2.90
2010.05.14 09:30:42.687,1.74975,1.75045,1.00,2.90
2010.05.14 09:30:42.944,1.74975,1.75045,3.20,1.30
2010.05.14 09:30:43.203,1.74965,1.75045,1.70,2.90
2010.05.14 09:30:44.141,1.74965,1.75045,1.60,2.90
2010.05.14 09:30:44.485,1.74975,1.75045,1.00,2.90
2010.05.14 09:30:44.642,1.74965,1.75045,1.60,2.90
2010.05.14 09:30:44.794,1.74975,1.75045,1.00,2.90
2010.05.14 09:30:45.973,1.7497,1.7505,3.20,1.30
2010.05.14 09:30:47.623,1.7497,1.75045,3.20,1.30
2010.05.14 09:30:47.952,1.74965,1.75045,1.60,2.90
2010.05.14 09:30:52.997,1.74955,1.75035,3.20,1.30
2010.05.14 09:30:53.672,1.7496,1.75035,1.60,1.30
2010.05.14 09:30:54.727,1.74965,1.75045,1.60,3.00
2010.05.14 09:30:55.053,1.74965,1.75035,1.60,1.30
2010.05.14 09:30:55.661,1.74955,1.7504,3.20,3.20
2010.05.14 09:30:55.817,1.74965,1.75045,1.60,3.00
2010.05.14 09:30:56.813,1.74955,1.7503,1.00,1.30
2010.05.14 09:30:57.564,1.74965,1.75045,1.60,3.00
2010.05.14 09:30:59.744,1.74955,1.7504,4.90,3.20
2010.05.14 09:30:59.912,1.7497,1.7505,3.20,1.30
2010.05.14 09:31:00.232,1.74965,1.75045,1.70,1.60
2010.05.14 09:31:00.392,1.74965,1.7504,1.70,1.30
2010.05.14 09:31:01.104,1.75,1.75075,3.20,1.00
2010.05.14 09:31:01.383,1.75,1.7508,3.20,1.30
2010.05.14 09:31:01.663,1.75025,1.75105,3.20,1.40
2010.05.14 09:31:02.453,1.75025,1.75105,3.20,1.30
2010.05.14 09:31:04.234,1.75,1.7508,3.20,1.30
2010.05.14 09:31:04.932,1.75,1.7507,1.60,1.60
2010.05.14 09:31:05.123,1.7499,1.7507,1.60,2.90
2010.05.14 09:31:05.771,1.75,1.75075,1.60,1.60
2010.05.14 09:31:06.065,1.75,1.7508,3.20,1.30
2010.05.14 09:31:08.488,1.75,1.75075,3.20,1.00
2010.05.14 09:31:08.831,1.75,1.7508,3.20,1.30
2010.05.14 09:31:11.530,1.75,1.75075,3.20,1.00
2010.05.14 09:31:11.734,1.74995,1.75075,1.60,1.40
2010.05.14 09:31:12.374,1.74985,1.75065,3.20,1.30
2010.05.14 09:31:13.592,1.74985,1.75065,3.20,1.30
2010.05.14 09:31:14.864,1.74985,1.75065,3.30,1.30
2010.05.14 09:31:15.841,1.74985,1.7506,1.60,1.60
2010.05.14 09:31:16.091,1.74975,1.75055,1.70,1.30
2010.05.14 09:31:17.443,1.74985,1.75055,1.00,1.30
2010.05.14 09:31:18.775,1.74975,1.75055,1.70,1.30
2010.05.14 09:31:19.256,1.74985,1.75055,1.60,1.30
2010.05.14 09:31:19.456,1.74985,1.75065,3.20,1.30
2010.05.14 09:31:19.654,1.7499,1.75065,1.60,1.30
2010.05.14 09:31:19.853,1.7499,1.7506,3.20,1.30
2010.05.14 09:31:20.342,1.7499,1.7506,1.60,1.30
2010.05.14 09:31:20.535,1.7499,1.75055,1.60,1.30
2010.05.14 09:31:20.874,1.74975,1.7505,1.60,1.60
2010.05.14 09:31:21.213,1.74965,1.75045,1.60,2.90
2010.05.14 09:31:22.513,1.74965,1.75045,1.60,2.90
2010.05.14 09:31:23.112,1.74965,1.75045,1.70,2.90
2010.05.14 09:31:24.152,1.74965,1.75045,1.60,2.90
2010.05.14 09:31:24.473,1.7495,1.7503,3.20,1.30
2010.05.14 09:31:25.973,1.74955,1.75035,1.00,3.20
2010.05.14 09:31:26.062,1.7495,1.75035,3.20,3.20
2010.05.14 09:31:26.736,1.74955,1.75035,1.00,3.20
2010.05.14 09:31:27.074,1.7499,1.7505,1.60,1.60
2010.05.14 09:31:27.413,1.7499,1.75065,3.20,1.40
2010.05.14 09:31:27.752,1.7499,1.75065,3.20,1.30
2010.05.14 09:31:33.736,1.75005,1.75075,1.60,1.60
2010.05.14 09:31:34.073,1.75005,1.75075,1.60,1.60
2010.05.14 09:31:34.904,1.74995,1.75075,3.20,1.60
2010.05.14 09:31:35.243,1.75005,1.75075,1.60,1.60
2010.05.14 09:31:38.212,1.74995,1.75075,3.20,1.30
2010.05.14 09:31:41.454,1.74995,1.75075,3.30,1.30
2010.05.14 09:31:41.722,1.74995,1.7508,3.20,2.90
2010.05.14 09:31:42.298,1.75005,1.75075,1.60,1.30
2010.05.14 09:31:42.483,1.74995,1.75075,3.30,1.30
2010.05.14 09:31:44.332,1.74995,1.75065,3.30,1.30
2010.05.14 09:31:46.742,1.74995,1.75065,1.70,1.30
2010.05.14 09:31:46.914,1.75,1.7506,1.60,1.30
2010.05.14 09:31:47.442,1.74995,1.7506,1.00,1.30
2010.05.14 09:31:47.617,1.75005,1.75075,1.60,1.30
2010.05.14 09:31:49.532,1.75005,1.75075,1.60,1.30
2010.05.14 09:31:50.022,1.75,1.75075,1.60,1.30
2010.05.14 09:31:50.073,1.75,1.7506,1.60,1.30
2010.05.14 09:31:50.132,1.74995,1.7506,3.20,1.30
2010.05.14 09:31:50.181,1.74995,1.7506,4.80,1.30
2010.05.14 09:31:50.704,1.74995,1.75065,4.80,1.30
2010.05.14 09:31:54.715,1.75005,1.75075,1.60,1.30
2010.05.14 09:32:00.983,1.75005,1.75075,1.70,1.30
2010.05.14 09:32:02.207,1.74995,1.75065,3.30,1.30
2010.05.14 09:32:02.446,1.75005,1.75075,1.70,1.30
2010.05.14 09:32:03.767,1.75005,1.75065,1.60,1.30
2010.05.14 09:32:04.103,1.75015,1.75075,1.00,1.30
2010.05.14 09:32:04.574,1.75005,1.75075,1.60,1.30
2010.05.14 09:32:05.956,1.75015,1.75075,1.00,1.30
2010.05.14 09:32:06.463,1.7502,1.75075,1.60,1.30
2010.05.14 09:32:07.179,1.75015,1.7508,1.00,1.30
2010.05.14 09:32:09.136,1.7502,1.7509,1.60,1.30
2010.05.14 09:32:09.333,1.75015,1.7509,1.60,1.30
2010.05.14 09:32:09.533,1.75005,1.7508,1.70,1.30
2010.05.14 09:32:10.213,1.75005,1.75075,1.00,1.30
2010.05.14 09:32:11.662,1.75015,1.7508,1.00,1.30
2010.05.14 09:32:12.202,1.75005,1.7508,1.00,1.30
2010.05.14 09:32:14.442,1.75015,1.7508,1.00,1.30
2010.05.14 09:32:15.792,1.75005,1.7508,1.60,1.30
2010.05.14 09:32:15.972,1.75005,1.7506,1.60,1.30
2010.05.14 09:32:16.064,1.75005,1.7506,1.00,1.30
2010.05.14 09:32:16.687,1.75005,1.7508,1.00,4.50
2010.05.14 09:32:16.788,1.75015,1.7508,1.00,1.30
2010.05.14 09:32:17.123,1.75015,1.75075,1.00,1.30
2010.05.14 09:32:17.813,1.75015,1.7508,1.00,1.30
2010.05.14 09:32:18.290,1.7501,1.7508,3.20,1.30
2010.05.14 09:32:18.634,1.75015,1.7508,1.00,1.30
2010.05.14 09:32:19.506,1.7501,1.7508,3.20,1.30
2010.05.14 09:32:20.136,1.75005,1.75075,1.60,1.30
2010.05.14 09:32:27.212,1.75015,1.75075,1.00,1.30
2010.05.14 09:32:28.362,1.75015,1.75085,1.00,1.30
2010.05.14 09:32:28.612,1.75015,1.75085,1.00,1.30
2010.05.14 09:32:28.863,1.7502,1.75085,1.60,1.30
2010.05.14 09:32:29.113,1.7501,1.7509,3.20,1.30
2010.05.14 09:32:29.973,1.75015,1.7509,1.00,1.30
2010.05.14 09:32:32.833,1.7502,1.751,1.60,4.50
2010.05.14 09:32:32.984,1.75045,1.751,1.60,2.90
2010.05.14 09:32:35.132,1.7503,1.751,1.60,2.90
2010.05.14 09:32:35.964,1.7501,1.75085,1.00,1.30
2010.05.14 09:32:36.333,1.7501,1.75085,1.60,1.60
2010.05.14 09:32:37.043,1.7501,1.7509,1.60,1.30
2010.05.14 09:32:37.722,1.75015,1.7509,1.00,1.30
2010.05.14 09:32:38.063,1.7501,1.7509,1.60,1.30
2010.05.14 09:32:39.027,1.7497,1.75055,3.20,2.90
2010.05.14 09:32:39.234,1.74975,1.75055,1.00,2.90
2010.05.14 09:32:39.883,1.7497,1.75055,3.20,2.90
2010.05.14 09:32:40.507,1.7498,1.75055,1.60,1.30
2010.05.14 09:32:40.665,1.74985,1.75065,3.20,1.30
2010.05.14 09:32:40.825,1.7498,1.7506,1.60,1.30
2010.05.14 09:32:44.435,1.7501,1.7509,1.60,1.30
2010.05.14 09:32:45.464,1.7501,1.7508,1.60,1.30
2010.05.14 09:32:45.664,1.75015,1.7508,1.60,1.30
2010.05.14 09:32:45.846,1.75015,1.75095,3.20,1.30
2010.05.14 09:32:46.994,1.75015,1.75095,3.30,1.30
2010.05.14 09:32:47.534,1.75015,1.75095,3.20,1.30
2010.05.14 09:32:47.792,1.75015,1.7508,3.20,1.30
2010.05.14 09:32:48.044,1.7501,1.7508,1.60,1.30
2010.05.14 09:32:48.343,1.7501,1.7509,1.60,1.30
2010.05.14 09:32:49.674,1.75015,1.75095,1.00,4.50
2010.05.14 09:32:49.784,1.75015,1.75095,3.30,1.30
2010.05.14 09:32:53.359,1.7501,1.7509,1.60,1.30
2010.05.14 09:32:53.506,1.75005,1.7508,3.20,1.30
2010.05.14 09:32:53.645,1.74995,1.7508,3.30,4.50
2010.05.14 09:32:54.209,1.7499,1.7507,2.90,1.60
2010.05.14 09:32:54.561,1.74995,1.7507,1.00,4.50
2010.05.14 09:32:55.244,1.74995,1.7507,1.00,3.20
2010.05.14 09:32:56.032,1.75,1.7508,3.20,1.30
2010.05.14 09:32:56.933,1.75,1.75075,1.60,1.30
2010.05.14 09:32:57.650,1.74995,1.75075,3.30,1.30
2010.05.14 09:32:59.886,1.75005,1.7508,1.00,1.30
2010.05.14 09:33:03.593,1.75005,1.7508,1.00,1.30
2010.05.14 09:33:09.234,1.75,1.7507,3.20,1.30
2010.05.14 09:33:09.384,1.74995,1.7507,1.70,1.30
2010.05.14 09:33:09.534,1.74995,1.7507,1.00,1.30
2010.05.14 09:33:09.683,1.75005,1.7507,1.60,1.30
2010.05.14 09:33:12.516,1.74995,1.7507,1.00,1.30
2010.05.14 09:33:14.692,1.7499,1.7507,4.80,1.30
2010.05.14 09:33:15.753,1.74995,1.7507,1.00,1.30
2010.05.14 09:33:16.923,1.74995,1.7507,1.00,2.90
2010.05.14 09:33:19.287,1.7499,1.7507,1.60,2.90
2010.05.14 09:33:20.095,1.74985,1.75065,1.00,4.50
2010.05.14 09:33:20.384,1.74985,1.75055,1.00,1.30
2010.05.14 09:33:21.503,1.74985,1.7506,1.00,3.20
2010.05.14 09:33:21.842,1.74985,1.75065,1.00,4.50
2010.05.14 09:33:23.742,1.7499,1.7507,1.60,2.90
2010.05.14 09:33:24.944,1.74985,1.75065,1.00,4.50
2010.05.14 09:33:29.212,1.74985,1.7506,1.00,3.20
2010.05.14 09:33:29.343,1.74985,1.75055,1.00,1.30
2010.05.14 09:33:30.712,1.74975,1.75055,4.90,1.30
2010.05.14 09:33:30.982,1.74985,1.75055,1.00,1.30
2010.05.14 09:33:32.177,1.74975,1.75055,3.30,1.30
2010.05.14 09:33:32.366,1.74975,1.75045,1.60,1.60
2010.05.14 09:33:33.010,1.74965,1.7504,1.00,1.30
2010.05.14 09:33:38.882,1.74965,1.7504,1.60,1.30
2010.05.14 09:33:39.382,1.74965,1.7504,1.00,1.30
2010.05.14 09:33:41.354,1.74965,1.75035,1.00,1.30
2010.05.14 09:33:41.703,1.74965,1.7504,1.00,1.30
2010.05.14 09:33:43.394,1.74975,1.7504,1.00,1.30
2010.05.14 09:33:44.538,1.74965,1.7504,1.70,1.30
2010.05.14 09:33:44.733,1.74965,1.7504,1.60,1.30
2010.05.14 09:33:45.527,1.74965,1.7504,1.70,1.30
2010.05.14 09:33:45.723,1.74965,1.7504,1.60,1.30
2010.05.14 09:33:46.033,1.7496,1.7504,3.20,1.30
2010.05.14 09:33:46.632,1.74965,1.7504,1.00,1.30
2010.05.14 09:33:49.183,1.74965,1.7504,1.60,1.30
2010.05.14 09:33:49.782,1.74965,1.7504,1.70,1.30
2010.05.14 09:33:50.715,1.74975,1.7504,1.00,1.30
2010.05.14 09:33:51.054,1.7497,1.75045,1.60,1.60
2010.05.14 09:33:51.611,1.7497,1.7505,1.60,2.90
2010.05.14 09:33:51.781,1.74975,1.7505,1.00,2.90
2010.05.14 09:33:51.945,1.74975,1.75045,1.00,3.20
2010.05.14 09:33:52.286,1.74975,1.7505,1.00,2.90
2010.05.14 09:33:53.472,1.7497,1.7505,1.60,2.90
2010.05.14 09:33:53.783,1.74965,1.7503,3.20,1.30
2010.05.14 09:33:54.564,1.74935,1.75015,1.70,2.90
2010.05.14 09:33:54.853,1.74955,1.75015,1.00,1.60
2010.05.14 09:33:55.596,1.74965,1.75035,1.00,1.30
2010.05.14 09:33:58.619,1.74945,1.7503,3.30,1.60
2010.05.14 09:33:58.915,1.74945,1.75025,3.20,1.00
2010.05.14 09:33:59.208,1.74955,1.7502,1.00,1.30
2010.05.14 09:33:59.998,1.74955,1.75035,1.70,1.30
2010.05.14 09:34:01.523,1.74955,1.75035,1.00,2.90
2010.05.14 09:34:02.141,1.74955,1.75035,1.00,1.60
2010.05.14 09:34:02.495,1.74935,1.75015,1.00,4.50
2010.05.14 09:34:02.818,1.74935,1.75015,1.00,4.50
2010.05.14 09:34:03.600,1.74945,1.75015,1.00,3.20
2010.05.14 09:34:03.959,1.74935,1.7502,1.60,2.90
2010.05.14 09:34:04.305,1.74945,1.7502,1.00,2.90
2010.05.14 09:34:05.040,1.74935,1.7502,1.60,2.90
2010.05.14 09:34:05.805,1.74945,1.7502,1.00,2.90
2010.05.14 09:34:06.510,1.74945,1.7502,1.00,2.90
2010.05.14 09:34:06.856,1.74935,1.7502,3.00,1.60
2010.05.14 09:34:07.193,1.7494,1.7502,1.60,1.30
2010.05.14 09:34:08.015,1.74945,1.7503,3.20,2.90
2010.05.14 09:34:08.345,1.74945,1.7503,3.20,4.50
2010.05.14 09:34:09.175,1.74945,1.7503,3.20,4.50
2010.05.14 09:34:09.802,1.74945,1.7503,3.30,4.50
2010.05.14 09:34:10.144,1.74945,1.7503,3.30,2.90
2010.05.14 09:34:11.522,1.7495,1.7503,3.20,1.30
2010.05.14 09:34:12.896,1.74945,1.7503,1.70,2.90
2010.05.14 09:34:13.232,1.7495,1.7503,1.60,1.30
2010.05.14 09:34:14.053,1.7495,1.75025,1.60,1.00
2010.05.14 09:34:14.384,1.7495,1.7503,3.20,1.30
2010.05.14 09:34:16.874,1.74945,1.7502,3.20,1.30
2010.05.14 09:34:17.514,1.74955,1.7503,1.00,1.30
2010.05.14 09:34:18.026,1.74955,1.75035,1.00,2.90
2010.05.14 09:34:18.347,1.74955,1.75035,1.70,1.30
2010.05.14 09:34:20.754,1.74955,1.75025,1.70,1.30
2010.05.14 09:34:22.617,1.74955,1.75025,1.60,1.30
2010.05.14 09:34:23.615,1.74945,1.7502,3.20,1.30
2010.05.14 09:34:26.063,1.74955,1.7502,1.00,1.30
2010.05.14 09:34:26.502,1.74955,1.7502,1.00,1.30
2010.05.14 09:34:27.355,1.74945,1.7502,3.30,1.30
2010.05.14 09:34:28.772,1.74955,1.7502,1.00,1.30
2010.05.14 09:34:32.867,1.7496,1.7503,3.20,1.30
2010.05.14 09:34:34.845,1.74965,1.7503,1.00,1.30
2010.05.14 09:34:35.895,1.7496,1.7503,3.20,1.30
2010.05.14 09:34:40.131,1.74965,1.7503,1.00,1.30
2010.05.14 09:34:43.012,1.7496,1.7503,3.20,1.30
2010.05.14 09:34:43.234,1.74965,1.7503,1.00,1.30
2010.05.14 09:34:50.182,1.74965,1.7503,1.00,1.30
2010.05.14 09:34:50.864,1.7497,1.75045,3.20,1.30
2010.05.14 09:34:51.082,1.7497,1.75045,4.80,1.30
2010.05.14 09:34:51.302,1.74975,1.75045,1.60,1.30
2010.05.14 09:34:51.523,1.74975,1.75045,4.80,1.30
2010.05.14 09:34:52.228,1.7499,1.7506,3.20,1.30
2010.05.14 09:34:52.544,1.75005,1.75075,1.60,2.90
2010.05.14 09:34:52.863,1.7501,1.75075,1.60,2.90
2010.05.14 09:34:53.643,1.74995,1.75065,3.30,1.30
2010.05.14 09:34:53.983,1.74995,1.75065,1.00,1.30
2010.05.14 09:34:54.543,1.7499,1.75065,3.20,1.30
2010.05.14 09:34:55.554,1.74975,1.7506,3.20,1.60
2010.05.14 09:34:56.172,1.74975,1.75045,1.60,1.30
2010.05.14 09:34:56.395,1.74975,1.75045,1.60,1.30
2010.05.14 09:34:57.420,1.74975,1.75045,1.60,1.30
2010.05.14 09:34:57.765,1.74975,1.75045,1.60,1.30
2010.05.14 09:34:58.015,1.74975,1.75045,1.70,1.30
2010.05.14 09:35:00.003,1.74985,1.7505,1.00,1.30
2010.05.14 09:35:00.706,1.74975,1.75055,1.70,3.20
2010.05.14 09:35:00.871,1.74975,1.75045,1.60,1.30
2010.05.14 09:35:01.028,1.7497,1.7502,3.20,1.30
2010.05.14 09:35:01.858,1.74955,1.7502,1.00,1.30
2010.05.14 09:35:02.208,1.74945,1.7502,3.20,1.30
2010.05.14 09:35:02.496,1.74935,1.7501,1.60,1.30
2010.05.14 09:35:03.563,1.74935,1.7501,1.70,1.30
2010.05.14 09:35:05.294,1.74935,1.75,1.60,1.30
2010.05.14 09:35:05.577,1.74925,1.75,3.30,1.30
2010.05.14 09:35:05.943,1.74925,1.75,1.00,1.30
2010.05.14 09:35:06.540,1.7493,1.7501,1.60,1.30
2010.05.14 09:35:06.816,1.7494,1.7501,1.60,1.30
2010.05.14 09:35:09.063,1.7493,1.7501,3.20,1.30
2010.05.14 09:35:09.293,1.7493,1.74995,3.20,1.30
2010.05.14 09:35:09.987,1.7492,1.74985,1.60,1.30
2010.05.14 09:35:12.584,1.7492,1.7498,1.60,1.30
2010.05.14 09:35:12.938,1.74915,1.7498,1.00,1.30
2010.05.14 09:35:13.128,1.7492,1.74985,1.60,1.30
2010.05.14 09:35:14.314,1.7492,1.75,1.60,1.60
2010.05.14 09:35:14.657,1.7492,1.74985,1.60,1.30
2010.05.14 09:35:16.714,1.74915,1.74985,1.60,1.30
2010.05.14 09:35:16.913,1.7492,1.7498,1.60,1.30
2010.05.14 09:35:17.542,1.7491,1.7498,3.20,1.30
2010.05.14 09:35:20.912,1.7491,1.74985,3.20,1.30
2010.05.14 09:35:21.023,1.7492,1.74985,1.60,1.30
2010.05.14 09:35:22.746,1.7491,1.7498,3.20,1.30
2010.05.14 09:35:25.081,1.749,1.7497,3.20,1.30
2010.05.14 09:35:25.664,1.7491,1.7498,1.60,1.30
2010.05.14 09:35:26.628,1.74925,1.74995,1.60,2.90
2010.05.14 09:35:26.967,1.74935,1.75,1.00,1.30
2010.05.14 09:35:27.693,1.7493,1.75,3.20,1.30
2010.05.14 09:35:29.465,1.74935,1.75,1.00,1.30
2010.05.14 09:35:30.524,1.7493,1.75,3.20,1.30
2010.05.14 09:35:36.015,1.74935,1.75005,3.20,1.30
2010.05.14 09:35:36.143,1.74935,1.75005,3.20,1.30
2010.05.14 09:35:37.043,1.74935,1.75005,3.30,1.30
2010.05.14 09:35:38.902,1.74935,1.75005,3.20,1.30
2010.05.14 09:35:39.182,1.74935,1.75005,3.30,1.30
2010.05.14 09:35:40.124,1.74945,1.75015,1.60,1.30
2010.05.14 09:35:40.464,1.74945,1.75005,1.60,1.30
2010.05.14 09:35:40.683,1.74935,1.75005,3.30,1.30
2010.05.14 09:35:41.593,1.74935,1.75005,3.20,1.30
2010.05.14 09:35:43.184,1.74935,1.75005,3.30,1.30
2010.05.14 09:35:43.501,1.74935,1.75005,3.20,1.30
2010.05.14 09:35:44.086,1.74935,1.75005,1.60,1.30
2010.05.14 09:35:44.914,1.74925,1.74995,1.60,1.30
2010.05.14 09:35:45.932,1.74925,1.74995,1.60,1.30
2010.05.14 09:35:46.275,1.74925,1.74995,1.70,1.30
2010.05.14 09:35:46.764,1.74925,1.74995,1.60,1.30
2010.05.14 09:35:49.460,1.74925,1.74995,1.70,1.30
2010.05.14 09:35:49.826,1.7493,1.75,3.20,1.30
2010.05.14 09:35:50.620,1.74935,1.75005,1.00,1.30
2010.05.14 09:35:50.886,1.74935,1.75005,3.20,1.30
2010.05.14 09:35:53.183,1.7493,1.74995,1.60,1.30
2010.05.14 09:35:53.373,1.74925,1.74995,1.60,1.30
2010.05.14 09:35:54.526,1.74935,1.75005,3.20,1.30
2010.05.14 09:35:54.865,1.7495,1.75015,1.60,1.30
2010.05.14 09:35:56.228,1.74955,1.75025,1.00,2.90
2010.05.14 09:35:56.356,1.74945,1.7501,1.60,1.30
2010.05.14 09:35:56.945,1.7493,1.75,3.20,1.30
2010.05.14 09:35:58.444,1.74915,1.74985,3.20,1.30
2010.05.14 09:36:00.145,1.74915,1.7499,3.30,1.30
2010.05.14 09:36:07.174,1.74925,1.7499,1.00,1.30
2010.05.14 09:36:07.263,1.74925,1.74995,1.00,1.30
2010.05.14 09:36:08.109,1.74935,1.7501,1.60,1.30
2010.05.14 09:36:08.456,1.74935,1.7501,3.20,1.30
2010.05.14 09:36:09.994,1.7493,1.75,3.20,1.30
2010.05.14 09:36:12.797,1.7493,1.74995,3.20,1.30
2010.05.14 09:36:12.979,1.74915,1.7499,3.20,1.30
2010.05.14 09:36:14.132,1.74915,1.7499,3.20,1.30
2010.05.14 09:36:14.453,1.74915,1.74985,3.20,1.60
2010.05.14 09:36:14.784,1.74925,1.74985,1.60,1.60
2010.05.14 09:36:17.023,1.74925,1.7499,1.60,2.40
2010.05.14 09:36:17.692,1.74925,1.7499,1.60,1.60
2010.05.14 09:36:19.115,1.74925,1.7499,1.60,2.40
2010.05.14 09:36:19.707,1.7491,1.7498,1.60,2.90
2010.05.14 09:36:20.384,1.74915,1.7498,1.00,2.90
2010.05.14 09:36:21.545,1.74915,1.7499,3.20,1.30
2010.05.14 09:36:21.886,1.74905,1.74965,1.00,1.30
2010.05.14 09:36:22.124,1.7491,1.74975,1.60,2.40
2010.05.14 09:36:23.386,1.7491,1.74975,1.60,1.00
2010.05.14 09:36:23.539,1.749,1.74975,3.20,1.30
2010.05.14 09:36:26.542,1.74915,1.74975,1.00,1.30
2010.05.14 09:36:27.245,1.74915,1.7499,3.20,1.30
2010.05.14 09:36:27.813,1.74915,1.7499,3.20,1.30
2010.05.14 09:36:28.615,1.749,1.74975,3.20,1.30
2010.05.14 09:36:28.955,1.74915,1.74985,1.60,1.30
2010.05.14 09:36:29.298,1.74935,1.74995,3.20,1.00
2010.05.14 09:36:30.186,1.7493,1.75,3.20,1.30
2010.05.14 09:36:30.525,1.7495,1.7502,1.60,1.30
2010.05.14 09:36:31.474,1.7495,1.7501,1.60,1.30
2010.05.14 09:36:31.693,1.7494,1.7501,3.20,1.30
2010.05.14 09:36:32.517,1.7494,1.7501,1.60,1.30
2010.05.14 09:36:32.774,1.7495,1.75005,1.60,1.30
2010.05.14 09:36:33.344,1.74945,1.75005,1.00,1.30
2010.05.14 09:36:33.617,1.74945,1.7501,1.00,1.30
2010.05.14 09:36:34.294,1.74945,1.7501,1.60,1.30
2010.05.14 09:36:35.454,1.74945,1.7501,1.70,1.30
2010.05.14 09:36:35.801,1.74945,1.75005,1.60,1.30
2010.05.14 09:36:35.923,1.74925,1.75005,3.30,1.30
2010.05.14 09:36:36.043,1.74925,1.74995,3.30,1.30
2010.05.14 09:36:36.630,1.74925,1.74995,3.20,1.30
2010.05.14 09:36:36.755,1.74925,1.74995,3.30,1.30
2010.05.14 09:36:36.873,1.7493,1.74995,1.60,1.30
2010.05.14 09:36:37.895,1.74935,1.74995,1.00,1.30
2010.05.14 09:36:38.543,1.7493,1.75005,1.60,1.30
2010.05.14 09:36:38.753,1.74935,1.75005,1.70,1.30
2010.05.14 09:36:38.944,1.74935,1.75,1.70,1.30
2010.05.14 09:36:41.181,1.74945,1.75,1.00,1.30
2010.05.14 09:36:41.414,1.74945,1.7501,1.70,1.30
2010.05.14 09:36:41.642,1.74945,1.7501,3.30,1.30
2010.05.14 09:36:43.718,1.74945,1.7501,3.20,1.30
2010.05.14 09:36:43.975,1.7494,1.7501,3.20,1.30
2010.05.14 09:36:44.883,1.74935,1.75,1.60,1.30
2010.05.14 09:36:46.143,1.74935,1.75,1.70,1.30
2010.05.14 09:36:47.665,1.74935,1.74995,1.00,1.30
2010.05.14 09:36:47.963,1.74925,1.74995,3.30,1.30
2010.05.14 09:36:48.270,1.74925,1.74985,1.00,1.30
2010.05.14 09:36:48.848,1.74955,1.75025,3.20,1.30
2010.05.14 09:36:49.185,1.74945,1.7501,1.60,1.30
2010.05.14 09:36:49.863,1.74945,1.7501,1.70,1.30
2010.05.14 09:36:54.153,1.74945,1.7501,1.60,1.30
2010.05.14 09:36:54.432,1.74945,1.7501,1.70,1.30
2010.05.14 09:36:55.013,1.7495,1.7502,3.20,1.30
2010.05.14 09:36:55.356,1.7496,1.75025,1.60,1.30
2010.05.14 09:36:56.686,1.74935,1.75005,3.20,1.30
2010.05.14 09:36:58.044,1.74925,1.75,1.70,1.30
2010.05.14 09:36:58.353,1.74935,1.75005,3.20,1.30
2010.05.14 09:36:59.905,1.74945,1.7501,1.60,1.30
2010.05.14 09:37:01.473,1.7494,1.7501,1.60,1.30
2010.05.14 09:37:02.719,1.74935,1.7501,3.20,1.30
2010.05.14 09:37:03.064,1.74945,1.7501,1.60,1.30
2010.05.14 09:37:04.547,1.74935,1.75005,3.20,1.30
2010.05.14 09:37:04.738,1.74935,1.75005,1.60,1.40
2010.05.14 09:37:04.925,1.7493,1.75,1.60,1.30
2010.05.14 09:37:13.993,1.74945,1.75005,1.60,1.30
2010.05.14 09:37:14.163,1.74945,1.7501,1.60,1.30
2010.05.14 09:37:14.983,1.7493,1.74995,3.20,1.30
2010.05.14 09:37:16.150,1.7493,1.74995,1.60,1.30
2010.05.14 09:37:16.506,1.74925,1.74995,1.60,1.30
2010.05.14 09:37:16.846,1.7493,1.74995,3.20,1.30
2010.05.14 09:37:17.167,1.74925,1.74995,1.60,1.30
2010.05.14 09:37:20.670,1.7493,1.75,1.60,1.30
2010.05.14 09:37:20.876,1.74935,1.75,1.60,1.30
2010.05.14 09:37:21.087,1.74935,1.74985,1.60,1.30
2010.05.14 09:37:21.723,1.74925,1.74985,3.20,1.30
2010.05.14 09:37:24.014,1.74925,1.74995,3.20,1.30
2010.05.14 09:37:24.187,1.7492,1.74995,1.60,1.30
2010.05.14 09:37:24.361,1.7492,1.7499,1.60,1.60
2010.05.14 09:37:24.526,1.7491,1.74985,1.60,1.40
2010.05.14 09:37:25.744,1.7491,1.74985,1.60,1.00
2010.05.14 09:37:26.029,1.74925,1.75,1.60,1.30
2010.05.14 09:37:26.307,1.7492,1.7498,1.60,1.30
2010.05.14 09:37:27.058,1.749,1.7498,3.20,1.30
2010.05.14 09:37:27.395,1.74915,1.74995,1.60,1.30
2010.05.14 09:37:28.226,1.74905,1.74975,3.20,1.00
2010.05.14 09:37:28.564,1.749,1.74965,1.60,1.30
2010.05.14 09:37:29.763,1.749,1.74975,3.20,1.60
2010.05.14 09:37:30.102,1.749,1.7498,4.80,1.30
2010.05.14 09:37:30.625,1.749,1.7498,3.20,2.90
2010.05.14 09:37:30.971,1.749,1.74975,1.60,4.50
2010.05.14 09:37:31.505,1.749,1.74975,1.60,1.30
2010.05.14 09:37:35.045,1.74905,1.74985,1.60,1.40
2010.05.14 09:37:35.424,1.74905,1.74985,1.60,1.30
2010.05.14 09:37:35.588,1.749,1.74985,4.80,1.30
2010.05.14 09:37:35.745,1.7491,1.74985,1.60,1.30
2010.05.14 09:37:39.327,1.74915,1.7499,1.60,1.30
2010.05.14 09:37:39.745,1.7494,1.7499,1.60,1.30
2010.05.14 09:37:39.956,1.7494,1.7501,1.60,1.60
2010.05.14 09:37:40.162,1.7494,1.75015,1.60,1.30
2010.05.14 09:37:41.463,1.7494,1.74995,1.60,1.00
2010.05.14 09:37:41.624,1.7493,1.75,1.60,1.60
2010.05.14 09:37:42.121,1.7493,1.75,1.60,2.90
2010.05.14 09:37:42.277,1.7493,1.75,1.60,1.30
2010.05.14 09:37:42.953,1.74935,1.7502,4.50,1.60
2010.05.14 09:37:43.558,1.7495,1.75015,1.60,1.00
2010.05.14 09:37:43.836,1.74935,1.75015,3.20,1.30
2010.05.14 09:37:45.483,1.74935,1.74995,1.60,1.30
2010.05.14 09:37:45.827,1.74925,1.75,1.60,1.30
2010.05.14 09:37:46.573,1.74915,1.75,3.30,1.30
2010.05.14 09:37:47.502,1.7492,1.75,1.60,1.30
2010.05.14 09:37:47.753,1.74925,1.7501,1.60,2.90
2010.05.14 09:37:48.373,1.74925,1.75,1.60,1.30
2010.05.14 09:37:48.719,1.749,1.74975,1.60,1.30
2010.05.14 09:37:51.839,1.7489,1.7497,3.20,1.30
2010.05.14 09:37:52.734,1.74895,1.7497,1.60,1.30
2010.05.14 09:37:53.230,1.749,1.7497,1.60,1.30
2010.05.14 09:37:53.566,1.7488,1.74955,3.20,1.30
2010.05.14 09:37:54.600,1.74885,1.7496,1.60,1.30
2010.05.14 09:37:56.666,1.74915,1.7495,1.60,1.30
2010.05.14 09:37:58.576,1.7492,1.7496,3.20,1.30
2010.05.14 09:38:01.803,1.74885,1.7496,1.60,1.30
2010.05.14 09:38:02.042,1.74885,1.74945,1.60,1.00
2010.05.14 09:38:02.962,1.74855,1.74935,3.20,1.30
2010.05.14 09:38:03.230,1.74865,1.7494,1.60,1.30
2010.05.14 09:38:03.496,1.74865,1.7494,3.30,1.30
2010.05.14 09:38:03.993,1.74865,1.7495,3.30,2.90
2010.05.14 09:38:04.255,1.74875,1.7494,3.20,1.30
2010.05.14 09:38:04.592,1.74875,1.74955,3.20,1.30
2010.05.14 09:38:06.144,1.74875,1.74955,1.00,1.30
2010.05.14 09:38:08.093,1.7488,1.7496,3.20,1.30
2010.05.14 09:38:08.342,1.74885,1.7496,1.60,1.30
2010.05.14 09:38:08.593,1.74875,1.74955,3.30,1.30
2010.05.14 09:38:09.517,1.74885,1.7496,1.60,1.30
2010.05.14 09:38:11.244,1.74885,1.7496,1.70,1.30
2010.05.14 09:38:16.083,1.74885,1.7496,1.60,1.30
2010.05.14 09:38:16.652,1.74875,1.74955,1.00,3.20
2010.05.14 09:38:16.893,1.74875,1.7495,1.00,1.30
2010.05.14 09:38:17.747,1.74885,1.7496,1.70,1.30
2010.05.14 09:38:18.554,1.74885,1.7496,3.30,1.30
2010.05.14 09:38:19.713,1.74885,1.7496,3.20,1.30
2010.05.14 09:38:19.952,1.74885,1.7496,3.20,1.30
2010.05.14 09:38:20.416,1.74885,1.74955,3.20,1.30
2010.05.14 09:38:20.666,1.74885,1.7496,3.30,1.30
2010.05.14 09:38:20.914,1.74885,1.7497,3.30,1.30
2010.05.14 09:38:21.955,1.74885,1.7496,3.20,1.30
2010.05.14 09:38:22.263,1.7488,1.74955,3.20,1.30
2010.05.14 09:38:23.084,1.7488,1.7495,3.20,1.30
2010.05.14 09:38:23.407,1.74875,1.7495,1.70,1.30
2010.05.14 09:38:25.832,1.74875,1.7494,1.60,1.30
2010.05.14 09:38:25.992,1.74865,1.7494,3.30,1.30
2010.05.14 09:38:26.812,1.7485,1.74925,3.20,1.30
2010.05.14 09:38:27.046,1.74855,1.74925,1.70,1.30
2010.05.14 09:38:27.275,1.74855,1.74935,1.70,1.30
2010.05.14 09:38:27.790,1.74855,1.74935,3.30,1.30
2010.05.14 09:38:28.136,1.74865,1.74935,1.00,1.30
2010.05.14 09:38:28.476,1.7487,1.7495,3.20,1.30
2010.05.14 09:38:29.343,1.7487,1.7494,3.20,1.30
2010.05.14 09:38:29.683,1.7487,1.7494,1.60,1.30
2010.05.14 09:38:30.025,1.74855,1.7494,3.30,4.50
2010.05.14 09:38:30.499,1.74855,1.74935,3.30,1.30
2010.05.14 09:38:32.652,1.74855,1.74935,3.20,1.30
2010.05.14 09:38:32.873,1.74855,1.74935,3.30,1.30
2010.05.14 09:38:35.617,1.74875,1.7495,1.70,1.30
2010.05.14 09:38:36.425,1.74885,1.7495,1.00,1.30
2010.05.14 09:38:36.627,1.74865,1.7495,3.30,1.30
2010.05.14 09:38:36.965,1.74865,1.7494,3.30,1.30
2010.05.14 09:38:37.788,1.74855,1.74935,1.00,1.30
2010.05.14 09:38:39.595,1.74865,1.74935,1.60,1.30
2010.05.14 09:38:39.982,1.74865,1.74935,1.60,1.30
2010.05.14 09:38:40.623,1.7486,1.74935,1.60,1.30
2010.05.14 09:38:42.596,1.74865,1.74935,1.00,1.30
2010.05.14 09:38:43.695,1.7487,1.7495,3.20,1.30
2010.05.14 09:38:45.415,1.7487,1.7495,4.80,1.30
2010.05.14 09:38:47.183,1.7487,1.74945,4.80,1.00
2010.05.14 09:38:47.401,1.7487,1.74935,1.60,1.30
2010.05.14 09:38:47.615,1.7486,1.74935,2.40,1.30
2010.05.14 09:38:48.267,1.7486,1.74935,1.60,1.30
2010.05.14 09:38:49.283,1.7486,1.74935,1.60,1.50
2010.05.14 09:38:50.095,1.74845,1.7492,1.60,1.30
2010.05.14 09:38:50.487,1.74845,1.7492,1.70,1.30
2010.05.14 09:38:51.170,1.74845,1.7492,1.60,1.30
2010.05.14 09:38:51.672,1.74845,1.7492,1.70,1.30
2010.05.14 09:38:52.847,1.7484,1.74915,3.20,1.30
2010.05.14 09:38:53.104,1.74845,1.74915,1.00,1.30
2010.05.14 09:38:53.371,1.7484,1.749,1.60,1.30
2010.05.14 09:38:53.927,1.74825,1.74895,1.60,1.30
2010.05.14 09:38:54.267,1.7486,1.74925,1.60,1.30
2010.05.14 09:38:54.604,1.74845,1.74925,1.60,2.90
2010.05.14 09:38:55.449,1.74855,1.74925,1.60,2.90
2010.05.14 09:38:55.785,1.74845,1.7491,3.20,1.30
2010.05.14 09:38:56.309,1.74845,1.749,1.60,1.30
2010.05.14 09:38:56.599,1.74835,1.74905,3.20,1.30
2010.05.14 09:38:57.376,1.7484,1.74915,1.60,1.30
2010.05.14 09:38:57.719,1.7486,1.74935,1.60,1.60
2010.05.14 09:38:58.562,1.74865,1.7493,1.00,1.60
2010.05.14 09:38:58.899,1.74875,1.74945,1.60,1.30
2010.05.14 09:38:59.238,1.7488,1.7495,1.60,1.30
2010.05.14 09:38:59.965,1.74875,1.7495,1.60,1.30
2010.05.14 09:39:00.304,1.74855,1.7493,1.60,1.30
2010.05.14 09:39:01.734,1.74865,1.74945,3.30,1.30
2010.05.14 09:39:03.103,1.74865,1.74945,3.20,1.30
2010.05.14 09:39:04.243,1.74865,1.7494,3.20,1.30
2010.05.14 09:39:05.843,1.74865,1.7494,1.60,1.30
2010.05.14 09:39:06.123,1.74865,1.74935,1.60,1.30
2010.05.14 09:39:06.772,1.74865,1.74925,1.60,1.30
2010.05.14 09:39:07.114,1.74865,1.7494,3.20,1.30
2010.05.14 09:39:08.092,1.7487,1.74945,3.20,1.40
2010.05.14 09:39:08.440,1.7487,1.7493,1.60,1.60
2010.05.14 09:39:09.259,1.7484,1.74915,1.60,1.30
2010.05.14 09:39:09.611,1.74845,1.7492,1.60,1.30
2010.05.14 09:39:09.958,1.74845,1.74915,3.20,1.30
2010.05.14 09:39:10.794,1.74835,1.7491,1.60,1.30
2010.05.14 09:39:11.585,1.74835,1.74885,1.60,1.30
2010.05.14 09:39:11.932,1.74825,1.749,1.70,1.30
2010.05.14 09:39:12.278,1.74825,1.749,3.20,1.30
2010.05.14 09:39:13.044,1.74835,1.749,1.00,1.30
2010.05.14 09:39:13.387,1.7483,1.749,1.60,1.30
2010.05.14 09:39:13.725,1.74855,1.74925,1.60,1.30
2010.05.14 09:39:14.236,1.74855,1.74935,1.60,1.30
2010.05.14 09:39:14.579,1.7486,1.74935,3.20,1.30
2010.05.14 09:39:14.914,1.74865,1.7494,3.20,1.30
2010.05.14 09:39:16.091,1.74865,1.7494,1.70,1.30
2010.05.14 09:39:16.355,1.74865,1.7494,3.30,1.30
2010.05.14 09:39:17.427,1.74875,1.7494,1.00,1.30
2010.05.14 09:39:17.756,1.74865,1.7494,3.30,1.30
2010.05.14 09:39:18.086,1.74865,1.7494,3.20,1.30
2010.05.14 09:39:18.887,1.7487,1.74945,3.20,1.30
2010.05.14 09:39:19.224,1.74865,1.7494,3.30,1.30
2010.05.14 09:39:20.226,1.74875,1.7494,1.60,1.30
2010.05.14 09:39:20.564,1.74875,1.7495,3.20,1.30
2010.05.14 09:39:21.889,1.7489,1.7497,3.20,1.30
2010.05.14 09:39:22.125,1.74885,1.74965,1.60,1.30
2010.05.14 09:39:22.828,1.74885,1.74965,1.60,1.60
2010.05.14 09:39:23.179,1.74895,1.7498,3.20,1.30
2010.05.14 09:39:24.657,1.7489,1.74965,3.20,1.30
2010.05.14 09:39:25.460,1.74895,1.74975,1.70,1.30
2010.05.14 09:39:25.746,1.74905,1.74975,1.00,1.30
2010.05.14 09:39:26.026,1.74895,1.7498,1.30,3.20
2010.05.14 09:39:26.306,1.74905,1.74975,1.60,1.30
2010.05.14 09:39:26.786,1.74895,1.74975,1.00,2.90
2010.05.14 09:39:27.086,1.74905,1.74975,1.00,2.90
2010.05.14 09:39:27.393,1.74895,1.74975,1.00,2.90
2010.05.14 09:39:28.453,1.74895,1.74975,1.00,1.30
2010.05.14 09:39:28.797,1.74905,1.74975,1.00,1.30
2010.05.14 09:39:29.137,1.74915,1.74975,1.00,1.30
2010.05.14 09:39:29.898,1.74915,1.7498,1.00,4.50
2010.05.14 09:39:30.158,1.74915,1.7499,1.00,2.90
2010.05.14 09:39:30.449,1.74905,1.74925,1.60,1.30
2010.05.14 09:39:31.228,1.7485,1.74935,3.20,1.30
2010.05.14 09:39:31.458,1.7484,1.7492,1.60,1.30
2010.05.14 09:39:31.686,1.7484,1.74915,1.60,1.60
2010.05.14 09:39:32.405,1.74815,1.7489,1.00,1.30
2010.05.14 09:39:32.751,1.7483,1.74895,1.60,1.60
2010.05.14 09:39:33.677,1.74825,1.7491,1.60,2.90
2010.05.14 09:39:34.014,1.74825,1.7491,1.70,2.90
2010.05.14 09:39:35.702,1.74825,1.7491,3.10,1.60
2010.05.14 09:39:35.883,1.74825,1.7491,2.90,1.60
2010.05.14 09:39:36.532,1.74825,1.7491,3.10,1.60
2010.05.14 09:39:40.732,1.7483,1.74915,1.60,3.20
2010.05.14 09:39:41.356,1.7483,1.74915,3.20,3.20
2010.05.14 09:39:41.586,1.74835,1.74915,1.00,3.20
2010.05.14 09:39:41.813,1.74835,1.74915,3.10,1.60
2010.05.14 09:39:42.152,1.74835,1.7492,4.70,1.60
2010.05.14 09:39:42.985,1.74845,1.74925,1.70,1.60
2010.05.14 09:39:44.040,1.74845,1.74925,1.60,1.60
2010.05.14 09:39:44.320,1.74835,1.7492,3.20,2.90
2010.05.14 09:39:44.644,1.7483,1.74915,3.20,3.20
2010.05.14 09:39:45.521,1.74835,1.74915,1.00,3.20
2010.05.14 09:39:45.797,1.74825,1.7491,4.60,3.20
2010.05.14 09:39:48.008,1.74835,1.7491,1.00,3.20
2010.05.14 09:39:49.016,1.74825,1.74905,1.60,1.60
2010.05.14 09:39:49.257,1.74825,1.74905,4.50,1.00
2010.05.14 09:39:49.963,1.74825,1.74895,1.60,1.60
2010.05.14 09:39:50.308,1.7482,1.74895,1.60,1.60
2010.05.14 09:39:51.106,1.74815,1.74895,1.00,1.60
2010.05.14 09:39:51.783,1.74815,1.74895,1.50,1.60
2010.05.14 09:39:53.104,1.74805,1.7488,1.30,1.60
2010.05.14 09:39:53.443,1.74805,1.7489,3.10,3.20
2010.05.14 09:39:53.693,1.74805,1.7489,2.90,3.20
2010.05.14 09:39:54.166,1.74815,1.7489,1.60,1.60
2010.05.14 09:39:54.506,1.7482,1.749,1.30,1.60
2010.05.14 09:39:54.845,1.74795,1.7488,3.10,1.60
2010.05.14 09:39:55.641,1.748,1.7489,3.20,6.10
2010.05.14 09:39:57.317,1.748,1.74885,3.20,3.30
2010.05.14 09:39:57.543,1.748,1.74885,3.20,3.20
2010.05.14 09:39:58.004,1.74805,1.74885,1.00,3.20
2010.05.14 09:39:58.733,1.74815,1.749,1.60,3.20
2010.05.14 09:39:59.413,1.74805,1.74885,1.00,1.60
2010.05.14 09:40:00.023,1.74805,1.74885,1.70,1.60
2010.05.14 09:40:00.366,1.74805,1.74885,1.00,1.60
2010.05.14 09:40:01.044,1.74815,1.74895,1.00,3.20
2010.05.14 09:40:01.233,1.7481,1.74885,1.60,1.00
2010.05.14 09:40:01.872,1.74795,1.7488,4.60,3.20
2010.05.14 09:40:02.079,1.7479,1.7487,1.60,1.60
2010.05.14 09:40:02.961,1.74795,1.74875,1.60,1.60
2010.05.14 09:40:03.308,1.74795,1.74885,3.30,4.50
2010.05.14 09:40:03.644,1.74805,1.74885,1.00,4.50
2010.05.14 09:40:04.459,1.74795,1.74885,3.20,4.60
2010.05.14 09:40:06.331,1.74805,1.74885,1.00,4.50
2010.05.14 09:40:06.947,1.74805,1.74885,1.60,1.30
2010.05.14 09:40:07.244,1.74805,1.74885,1.60,1.50
2010.05.14 09:40:07.393,1.74795,1.7487,3.20,1.30
2010.05.14 09:40:08.233,1.74785,1.7487,3.20,1.30
2010.05.14 09:40:08.854,1.74785,1.7487,3.20,2.90
2010.05.14 09:40:10.213,1.7479,1.74875,3.20,1.00
2010.05.14 09:40:13.167,1.7479,1.7487,1.60,1.60
2010.05.14 09:40:13.384,1.74795,1.74875,1.60,1.60
2010.05.14 09:40:13.604,1.74795,1.7488,3.20,4.50
2010.05.14 09:40:14.654,1.74795,1.7487,1.00,1.60
2010.05.14 09:40:14.995,1.74795,1.7488,3.30,3.20
2010.05.14 09:40:15.335,1.74805,1.7488,1.00,3.20
2010.05.14 09:40:15.844,1.74795,1.7488,3.20,3.20
2010.05.14 09:40:16.524,1.748,1.74885,4.50,1.60
2010.05.14 09:40:17.527,1.748,1.7488,2.90,1.60
2010.05.14 09:40:17.826,1.74795,1.7487,1.00,1.60
2010.05.14 09:40:18.125,1.74795,1.7487,1.00,3.20
2010.05.14 09:40:24.534,1.74805,1.74885,1.00,3.20
2010.05.14 09:40:25.963,1.748,1.74885,1.30,3.20
2010.05.14 09:40:26.303,1.74805,1.74885,1.00,3.20
2010.05.14 09:40:26.643,1.748,1.74885,1.30,3.20
2010.05.14 09:40:26.792,1.748,1.74885,1.30,3.20
2010.05.14 09:40:27.616,1.748,1.74885,2.90,3.20
2010.05.14 09:40:27.913,1.748,1.74885,4.50,1.60
2010.05.14 09:40:28.203,1.74805,1.7489,3.20,2.90
2010.05.14 09:40:28.493,1.7481,1.7489,1.60,2.90
2010.05.14 09:40:28.988,1.7482,1.7489,1.60,1.30
2010.05.14 09:40:29.325,1.74805,1.7489,3.20,2.90
2010.05.14 09:40:29.663,1.74805,1.7489,3.30,2.90
2010.05.14 09:40:29.933,1.74805,1.7489,3.20,2.90
2010.05.14 09:40:30.474,1.74815,1.7489,1.00,2.90
2010.05.14 09:40:30.977,1.74835,1.7489,1.60,1.30
2010.05.14 09:40:31.131,1.7484,1.74905,1.60,1.30
2010.05.14 09:40:31.275,1.7484,1.74905,1.60,1.50
2010.05.14 09:40:32.354,1.7482,1.74905,1.60,3.10
2010.05.14 09:40:32.687,1.7481,1.7489,3.20,1.30
2010.05.14 09:40:33.478,1.74805,1.7489,1.60,2.90
2010.05.14 09:40:33.783,1.74805,1.74885,1.00,1.60
2010.05.14 09:40:34.825,1.74805,1.74885,1.00,1.60
2010.05.14 09:40:35.487,1.74815,1.74885,1.00,1.60
2010.05.14 09:40:35.828,1.74815,1.7489,3.20,1.30
2010.05.14 09:40:35.974,1.7481,1.7489,3.20,1.30
2010.05.14 09:40:36.608,1.74815,1.74885,1.00,1.60
2010.05.14 09:40:36.768,1.74815,1.74895,1.00,3.20
2010.05.14 09:40:37.255,1.74815,1.74895,1.00,1.60
2010.05.14 09:40:38.324,1.74825,1.74905,1.60,1.60
2010.05.14 09:40:39.759,1.7482,1.74905,4.50,1.60
2010.05.14 09:40:40.102,1.7482,1.74905,4.50,3.20
2010.05.14 09:40:40.864,1.7482,1.74905,4.50,3.30
2010.05.14 09:40:41.014,1.74805,1.7488,1.00,3.20
2010.05.14 09:40:41.173,1.74805,1.7489,3.20,4.50
2010.05.14 09:40:41.323,1.7481,1.74895,1.60,3.20
2010.05.14 09:40:42.094,1.74805,1.7489,4.60,1.60
2010.05.14 09:40:42.424,1.7482,1.74895,1.30,3.20
2010.05.14 09:40:42.764,1.7482,1.74905,4.50,3.20
2010.05.14 09:40:44.474,1.74825,1.74905,1.00,3.20
2010.05.14 09:40:44.614,1.7484,1.74925,3.20,3.20
2010.05.14 09:40:44.744,1.7484,1.74925,3.20,3.20
2010.05.14 09:40:44.873,1.7485,1.74925,1.30,3.20
2010.05.14 09:40:45.004,1.74855,1.74935,1.60,1.60
2010.05.14 09:40:45.946,1.74845,1.7493,4.70,1.60
2010.05.14 09:40:48.493,1.74845,1.7493,1.50,3.20
2010.05.14 09:40:49.295,1.74845,1.7493,1.30,3.20
2010.05.14 09:40:49.624,1.74845,1.74925,2.90,1.00
2010.05.14 09:40:49.955,1.74855,1.7494,1.60,3.20
2010.05.14 09:40:50.285,1.74845,1.74925,4.50,1.00
2010.05.14 09:40:51.123,1.74855,1.7494,1.60,3.20
2010.05.14 09:40:51.682,1.7485,1.74925,1.60,1.60
2010.05.14 09:40:52.435,1.7484,1.74925,4.50,1.60
2010.05.14 09:40:52.723,1.74845,1.74925,1.00,1.60
2010.05.14 09:40:53.480,1.7485,1.7493,1.60,1.60
2010.05.14 09:40:53.825,1.7485,1.74935,1.60,3.20
2010.05.14 09:40:54.628,1.74855,1.7494,4.50,3.20
2010.05.14 09:40:54.969,1.74865,1.74945,1.60,1.60
2010.05.14 09:40:55.317,1.7486,1.7494,1.60,1.60
2010.05.14 09:40:55.653,1.74855,1.7494,4.60,3.20
2010.05.14 09:40:59.006,1.74865,1.7494,1.00,3.20
2010.05.14 09:40:59.263,1.74855,1.7494,4.60,3.20
2010.05.14 09:40:59.956,1.74865,1.7494,1.00,3.20
2010.05.14 09:41:00.231,1.7487,1.74955,3.20,3.20
2010.05.14 09:41:00.775,1.7487,1.74955,3.20,3.30
2010.05.14 09:41:03.933,1.7487,1.74955,3.20,3.20
2010.05.14 09:41:04.162,1.7487,1.74955,3.20,3.30
2010.05.14 09:41:05.296,1.7487,1.7494,1.60,1.60
2010.05.14 09:41:05.633,1.7487,1.74955,3.20,3.20
2010.05.14 09:41:05.893,1.7487,1.74955,3.20,3.30
2010.05.14 09:41:06.660,1.7487,1.74955,3.20,3.20
2010.05.14 09:41:10.286,1.74885,1.7497,1.60,3.20
2010.05.14 09:41:14.133,1.74885,1.7497,1.70,3.20
2010.05.14 09:41:14.314,1.74895,1.7497,1.00,3.20
2010.05.14 09:41:14.801,1.749,1.7497,1.60,1.60
2010.05.14 09:41:15.124,1.749,1.7498,1.60,1.60
2010.05.14 09:41:15.774,1.74915,1.74995,1.00,1.60
2010.05.14 09:41:16.284,1.74915,1.74995,1.50,1.60
2010.05.14 09:41:16.627,1.74935,1.75015,1.60,1.60
2010.05.14 09:41:17.775,1.7492,1.75005,1.60,3.20
2010.05.14 09:41:21.215,1.7492,1.75005,1.60,3.20
2010.05.14 09:41:22.085,1.7492,1.75005,1.60,3.20
2010.05.14 09:41:23.103,1.74915,1.74995,1.50,1.60
2010.05.14 09:41:23.772,1.74915,1.74995,1.40,1.60
2010.05.14 09:41:24.037,1.74915,1.74995,3.00,1.60
2010.05.14 09:41:24.213,1.7492,1.75005,1.60,3.20
2010.05.14 09:41:25.311,1.7492,1.75005,1.60,3.30
2010.05.14 09:41:25.656,1.7491,1.74995,4.50,1.60
2010.05.14 09:41:26.823,1.74915,1.74995,1.30,1.60
2010.05.14 09:41:26.983,1.7492,1.75005,1.60,3.30
2010.05.14 09:41:27.143,1.7492,1.75,1.60,1.30
2010.05.14 09:41:27.930,1.7491,1.74995,4.50,1.60
2010.05.14 09:41:30.105,1.74915,1.74995,1.00,1.60
2010.05.14 09:41:30.789,1.74915,1.74995,1.00,1.60
2010.05.14 09:41:30.920,1.7491,1.74995,4.50,1.60
2010.05.14 09:41:31.653,1.7491,1.7499,2.90,1.60
2010.05.14 09:41:31.773,1.74905,1.7499,3.30,3.20
2010.05.14 09:41:32.577,1.7491,1.74995,4.50,1.60
2010.05.14 09:41:32.869,1.74915,1.74995,1.00,1.60
2010.05.14 09:41:33.235,1.7492,1.75005,1.60,3.20
2010.05.14 09:41:33.741,1.74925,1.75005,1.30,3.20
2010.05.14 09:41:33.925,1.7492,1.75005,2.90,3.20
2010.05.14 09:41:35.914,1.74895,1.7498,4.70,3.20
2010.05.14 09:41:37.122,1.74895,1.7498,4.60,3.20
2010.05.14 09:41:38.264,1.74895,1.7498,4.70,3.20
2010.05.14 09:41:38.874,1.74915,1.74995,3.10,3.20
2010.05.14 09:41:40.232,1.74915,1.74995,3.10,1.60
2010.05.14 09:41:40.417,1.74915,1.75,4.60,3.20
2010.05.14 09:41:40.595,1.74915,1.74995,4.50,1.00
2010.05.14 09:41:40.775,1.7489,1.74975,4.50,3.20
2010.05.14 09:41:41.411,1.7489,1.74975,4.50,3.20
2010.05.14 09:41:41.584,1.7487,1.74955,4.50,3.20
2010.05.14 09:41:42.902,1.74875,1.7495,2.90,1.60
2010.05.14 09:41:43.247,1.74865,1.7495,1.00,4.50
2010.05.14 09:41:43.586,1.7486,1.7495,3.20,4.50
2010.05.14 09:41:43.837,1.7486,1.7494,1.60,2.90
2010.05.14 09:41:44.572,1.7487,1.7495,1.60,2.90
2010.05.14 09:41:44.916,1.7487,1.74955,1.60,4.50
2010.05.14 09:41:47.296,1.74885,1.7497,1.00,4.50
2010.05.14 09:41:47.433,1.74885,1.7497,1.70,4.50
2010.05.14 09:41:47.931,1.74885,1.7497,1.70,2.90
2010.05.14 09:41:48.007,1.7487,1.74945,1.60,1.60
2010.05.14 09:41:48.077,1.7486,1.74945,1.60,1.60
2010.05.14 09:41:48.419,1.74865,1.7495,1.60,4.50
2010.05.14 09:41:49.235,1.7485,1.74935,2.90,1.60
2010.05.14 09:41:49.575,1.74865,1.74945,1.00,3.20
2010.05.14 09:41:49.897,1.7487,1.74955,1.60,1.70
2010.05.14 09:41:50.687,1.7487,1.74955,1.60,1.60
2010.05.14 09:41:52.456,1.74875,1.74955,1.00,1.60
2010.05.14 09:41:52.603,1.74875,1.74955,1.50,1.60
2010.05.14 09:41:52.743,1.74875,1.74965,4.70,4.50
2010.05.14 09:41:53.218,1.74875,1.74965,4.50,4.60
2010.05.14 09:41:54.076,1.74875,1.7496,3.00,3.20
2010.05.14 09:41:54.393,1.74875,1.7496,2.90,3.20
2010.05.14 09:41:54.703,1.74875,1.7496,3.10,3.20
2010.05.14 09:41:56.064,1.74875,1.7496,3.00,3.20
2010.05.14 09:41:56.256,1.749,1.7496,1.60,1.60
2010.05.14 09:41:56.720,1.749,1.74965,1.60,1.30
2010.05.14 09:41:56.917,1.74885,1.7497,4.50,3.20
2010.05.14 09:41:57.634,1.7488,1.74965,1.60,3.20
2010.05.14 09:41:57.973,1.7488,1.74965,2.90,3.20
2010.05.14 09:41:58.451,1.7488,1.74965,1.60,3.20
2010.05.14 09:42:01.105,1.7487,1.74955,4.50,1.60
2010.05.14 09:42:01.146,1.7488,1.7496,1.60,1.60
2010.05.14 09:42:01.184,1.7488,1.74965,1.60,3.20
2010.05.14 09:42:01.930,1.74875,1.74955,1.00,1.60
2010.05.14 09:42:04.805,1.7487,1.74955,4.50,1.60
2010.05.14 09:42:07.024,1.74865,1.7495,1.60,3.20
2010.05.14 09:42:07.343,1.7486,1.74935,1.60,1.60
2010.05.14 09:42:07.935,1.7485,1.74935,3.20,3.20
2010.05.14 09:42:11.673,1.74855,1.74935,1.00,3.20
2010.05.14 09:42:12.032,1.7485,1.74935,3.20,3.20
2010.05.14 09:42:12.713,1.74855,1.74935,1.00,3.20
2010.05.14 09:42:13.016,1.7485,1.74935,3.20,3.20
2010.05.14 09:42:13.318,1.7485,1.74925,3.20,1.00
2010.05.14 09:42:13.617,1.74815,1.749,3.20,3.20
2010.05.14 09:42:14.391,1.74815,1.7488,1.60,1.60
2010.05.14 09:42:14.739,1.74815,1.749,3.20,3.20
2010.05.14 09:42:15.446,1.7481,1.74895,3.20,3.20
2010.05.14 09:42:15.785,1.74815,1.749,3.20,3.20
2010.05.14 09:42:15.983,1.74815,1.749,3.30,3.20
2010.05.14 09:42:16.855,1.7481,1.74895,1.60,3.20
2010.05.14 09:42:17.154,1.748,1.74885,3.20,1.60
2010.05.14 09:42:17.454,1.74795,1.7488,3.30,3.20
2010.05.14 09:42:17.977,1.74795,1.7488,3.20,3.20
2010.05.14 09:42:18.656,1.74805,1.74885,1.00,1.60
2010.05.14 09:42:19.458,1.74805,1.74885,3.10,1.60
2010.05.14 09:42:19.798,1.74805,1.74885,1.00,1.60
2010.05.14 09:42:20.137,1.74805,1.74885,1.70,1.60
2010.05.14 09:42:20.395,1.7482,1.74905,3.20,3.20
2010.05.14 09:42:21.144,1.74815,1.749,3.20,3.20
2010.05.14 09:42:22.928,1.74815,1.74885,1.60,1.60
2010.05.14 09:42:23.601,1.7481,1.7489,1.60,1.30
2010.05.14 09:42:23.945,1.74795,1.7488,3.20,3.20
2010.05.14 09:42:25.298,1.74815,1.7489,1.60,1.60
2010.05.14 09:42:25.644,1.7482,1.749,1.60,1.60
2010.05.14 09:42:26.017,1.7483,1.7491,3.20,1.60
2010.05.14 09:42:26.485,1.7483,1.74905,1.60,1.60
2010.05.14 09:42:26.700,1.74835,1.7491,1.60,3.20
2010.05.14 09:42:27.046,1.74835,1.7491,3.20,1.60
2010.05.14 09:42:27.387,1.7484,1.7491,3.20,1.60
2010.05.14 09:42:28.196,1.74855,1.74925,1.00,1.60
2010.05.14 09:42:28.533,1.74855,1.7494,4.60,3.20
2010.05.14 09:42:30.069,1.7485,1.74935,1.60,3.20
2010.05.14 09:42:30.097,1.7485,1.74905,1.60,1.30
2010.05.14 09:42:30.145,1.74845,1.74905,1.00,1.30
2010.05.14 09:42:30.195,1.74825,1.74905,3.20,1.30
2010.05.14 09:42:30.750,1.74825,1.7491,4.50,3.20
2010.05.14 09:42:30.798,1.74815,1.749,1.60,3.20
2010.05.14 09:42:31.372,1.74825,1.749,1.30,1.60
2010.05.14 09:42:31.717,1.74825,1.749,1.00,3.20
2010.05.14 09:42:32.054,1.74815,1.749,4.60,3.20
2010.05.14 09:42:32.861,1.74815,1.749,4.70,3.20
2010.05.14 09:42:33.206,1.74825,1.749,1.00,3.20
2010.05.14 09:42:33.548,1.74835,1.74905,1.00,1.60
2010.05.14 09:42:34.773,1.74825,1.749,1.00,1.60
2010.05.14 09:42:35.115,1.74815,1.749,4.50,3.20
2010.05.14 09:42:35.454,1.74825,1.7489,1.60,2.90
2010.05.14 09:42:35.922,1.74825,1.7489,2.90,1.60
2010.05.14 09:42:36.166,1.74835,1.7491,1.30,3.20
2010.05.14 09:42:36.414,1.74835,1.74915,1.60,3.20
2010.05.14 09:42:37.473,1.74835,1.74915,1.60,3.20
2010.05.14 09:42:38.123,1.74825,1.7491,4.70,3.20
2010.05.14 09:42:38.469,1.74825,1.749,3.20,1.30
2010.05.14 09:42:38.806,1.74825,1.74905,1.50,3.20
2010.05.14 09:42:39.602,1.74825,1.74905,4.50,1.00
2010.05.14 09:42:39.947,1.7482,1.74905,1.60,4.60
2010.05.14 09:42:42.043,1.7482,1.74905,1.60,4.70
2010.05.14 09:42:42.203,1.7482,1.749,1.60,1.60
2010.05.14 09:42:42.364,1.74805,1.7488,1.00,1.60
2010.05.14 09:42:43.061,1.74815,1.74895,1.00,4.50
2010.05.14 09:42:43.368,1.74825,1.74905,1.00,3.20
2010.05.14 09:42:43.666,1.74835,1.7491,1.00,3.20
2010.05.14 09:42:44.420,1.74835,1.7491,1.00,3.20
2010.05.14 09:42:45.084,1.74835,1.7491,1.00,1.60
2010.05.14 09:42:45.930,1.74835,1.74915,1.00,4.50
2010.05.14 09:42:46.262,1.7484,1.74925,4.50,3.20
2010.05.14 09:42:47.631,1.74845,1.74925,1.30,3.20
2010.05.14 09:42:47.967,1.74845,1.7493,4.70,1.60
2010.05.14 09:42:48.304,1.74855,1.7494,2.90,3.20
2010.05.14 09:42:48.644,1.74845,1.74925,1.00,1.60
2010.05.14 09:42:49.132,1.74845,1.74915,1.00,3.20
2010.05.14 09:42:49.481,1.74855,1.74935,1.60,1.30
2010.05.14 09:42:49.828,1.7487,1.7494,2.90,1.60
2010.05.14 09:42:50.637,1.74825,1.7489,1.00,2.90
2010.05.14 09:42:50.975,1.74845,1.7491,1.30,1.60
2010.05.14 09:42:51.766,1.7481,1.7489,1.60,1.60
2010.05.14 09:42:52.278,1.74805,1.74885,1.30,3.20
2010.05.14 09:42:52.778,1.74815,1.74885,1.60,1.00
2010.05.14 09:42:53.124,1.74805,1.7488,1.60,1.60
2010.05.14 09:42:53.914,1.7479,1.7487,1.60,2.90
2010.05.14 09:42:54.935,1.74775,1.74855,1.00,3.20
2010.05.14 09:42:55.766,1.74785,1.74855,1.00,1.60
2010.05.14 09:42:56.014,1.74785,1.74865,1.70,1.30
2010.05.14 09:42:56.936,1.74795,1.74875,1.00,3.20
2010.05.14 09:42:57.249,1.74805,1.7488,1.00,2.90
2010.05.14 09:42:57.738,1.74805,1.74875,1.00,1.60
2010.05.14 09:42:58.037,1.74805,1.74885,3.20,1.30
2010.05.14 09:42:58.375,1.74785,1.7487,1.60,4.50
2010.05.14 09:42:59.377,1.74775,1.7486,3.30,2.90
2010.05.14 09:42:59.657,1.7477,1.74855,4.50,3.20
2010.05.14 09:43:00.371,1.7477,1.74855,3.20,4.60
2010.05.14 09:43:01.055,1.74765,1.7484,1.00,1.60
2010.05.14 09:43:01.888,1.7476,1.7482,1.60,1.30
2010.05.14 09:43:02.228,1.74735,1.74815,1.00,1.60
2010.05.14 09:43:02.567,1.7476,1.74825,1.60,1.60
2010.05.14 09:43:03.040,1.7476,1.74845,3.20,3.20
2010.05.14 09:43:03.350,1.74745,1.74825,3.20,1.30
2010.05.14 09:43:03.664,1.7474,1.74825,2.90,3.20
2010.05.14 09:43:04.161,1.7474,1.7481,1.30,1.60
2010.05.14 09:43:04.507,1.74725,1.74805,1.60,1.50
2010.05.14 09:43:05.129,1.74725,1.74795,1.60,1.00
2010.05.14 09:43:05.438,1.7471,1.7479,1.30,1.60
2010.05.14 09:43:05.746,1.74715,1.748,1.60,1.60
2010.05.14 09:43:06.515,1.74745,1.74825,1.00,3.30
2010.05.14 09:43:07.502,1.74745,1.74815,1.00,1.60
2010.05.14 09:43:08.384,1.74745,1.74825,3.30,1.00
2010.05.14 09:43:08.924,1.74755,1.74825,1.00,3.20
2010.05.14 09:43:09.234,1.7476,1.74845,3.20,3.20
2010.05.14 09:43:09.544,1.74765,1.74845,1.00,3.20
2010.05.14 09:43:10.346,1.7475,1.7483,1.60,1.30
2010.05.14 09:43:10.684,1.7475,1.7482,1.60,1.30
2010.05.14 09:43:11.158,1.74745,1.7482,1.60,1.30
2010.05.14 09:43:11.498,1.74745,1.74825,1.00,1.60
2010.05.14 09:43:12.170,1.7475,1.74835,1.60,6.10
2010.05.14 09:43:12.519,1.74745,1.7482,1.00,1.30
2010.05.14 09:43:13.686,1.74745,1.74825,1.00,6.10
2010.05.14 09:43:14.008,1.7475,1.74815,1.60,1.60
2010.05.14 09:43:14.328,1.74765,1.7483,1.00,1.60
2010.05.14 09:43:15.105,1.74755,1.7483,1.00,4.50
2010.05.14 09:43:15.444,1.74765,1.7483,1.00,3.20
2010.05.14 09:43:15.786,1.74765,1.7484,1.00,1.60
2010.05.14 09:43:16.974,1.74755,1.7484,2.90,1.60
2010.05.14 09:43:17.495,1.74755,1.74835,1.30,3.20
2010.05.14 09:43:17.712,1.74765,1.74835,1.00,3.20
2010.05.14 09:43:17.930,1.74775,1.7484,1.00,1.60
2010.05.14 09:43:18.485,1.7476,1.7484,1.30,1.60
2010.05.14 09:43:18.827,1.74745,1.7483,1.40,3.20
2010.05.14 09:43:19.796,1.74755,1.7483,1.40,3.20
2010.05.14 09:43:20.139,1.7478,1.74845,2.90,1.60
2010.05.14 09:43:20.486,1.74765,1.74845,1.70,1.60
2010.05.14 09:43:21.328,1.74765,1.74835,1.70,1.30
2010.05.14 09:43:21.566,1.74765,1.74845,1.70,1.60
2010.05.14 09:43:23.185,1.74765,1.74845,1.60,1.60
2010.05.14 09:43:23.526,1.74755,1.74835,1.00,4.50
2010.05.14 09:43:24.336,1.7475,1.74835,1.60,3.20
2010.05.14 09:43:24.674,1.7475,1.74835,1.60,3.20
2010.05.14 09:43:25.193,1.7475,1.74835,2.90,3.20
2010.05.14 09:43:25.484,1.74755,1.74835,1.00,3.20
2010.05.14 09:43:26.937,1.7475,1.74835,3.20,3.20
2010.05.14 09:43:27.287,1.74765,1.74845,1.60,1.60
2010.05.14 09:43:28.277,1.7476,1.74835,1.60,1.00
2010.05.14 09:43:28.614,1.74755,1.7484,1.60,3.20
2010.05.14 09:43:29.458,1.7475,1.7483,1.60,1.60
2010.05.14 09:43:29.793,1.74745,1.7483,4.60,1.60
2010.05.14 09:43:30.473,1.74745,1.74825,2.90,1.60
2010.05.14 09:43:30.984,1.74745,1.74825,1.30,3.20
2010.05.14 09:43:31.233,1.7474,1.74825,3.20,4.50
2010.05.14 09:43:31.443,1.74735,1.74815,1.70,1.60
2010.05.14 09:43:32.383,1.74745,1.74815,1.50,1.60
2010.05.14 09:43:32.724,1.74745,1.7483,4.70,1.60
2010.05.14 09:43:33.581,1.74735,1.7481,1.00,3.20
2010.05.14 09:43:33.905,1.74745,1.7482,3.00,1.60
2010.05.14 09:43:34.235,1.74745,1.74815,1.00,1.60
2010.05.14 09:43:35.046,1.74745,1.7482,1.00,3.20
2010.05.14 09:43:35.375,1.74745,1.7482,1.40,3.20
2010.05.14 09:43:35.704,1.74745,1.7483,4.60,1.60
2010.05.14 09:43:36.714,1.7475,1.74835,3.20,4.50
2010.05.14 09:43:37.063,1.7475,1.7482,1.60,1.60
2010.05.14 09:43:37.200,1.74745,1.7482,1.00,1.60
2010.05.14 09:43:37.936,1.74745,1.7482,1.00,3.20
2010.05.14 09:43:38.275,1.74745,1.74815,1.00,1.60
2010.05.14 09:43:38.614,1.74735,1.74815,1.60,1.60
2010.05.14 09:43:40.477,1.74735,1.74815,1.60,1.60
2010.05.14 09:43:40.675,1.74735,1.74805,1.60,1.60
2010.05.14 09:43:41.146,1.7473,1.74805,1.30,3.20
2010.05.14 09:43:41.251,1.74735,1.74805,1.00,1.60
2010.05.14 09:43:41.596,1.7474,1.7482,1.60,2.90
2010.05.14 09:43:41.935,1.74745,1.74815,3.20,1.30
2010.05.14 09:43:42.411,1.74745,1.74815,1.60,2.90
2010.05.14 09:43:42.704,1.74735,1.74815,1.00,4.50
2010.05.14 09:43:44.438,1.74735,1.7481,1.00,1.60
2010.05.14 09:43:44.774,1.74725,1.7481,4.70,1.60
2010.05.14 09:43:45.064,1.74725,1.7481,4.70,3.20
2010.05.14 09:43:46.516,1.74725,1.74805,1.00,3.20
2010.05.14 09:43:47.608,1.7472,1.74805,2.90,3.20
2010.05.14 09:43:47.824,1.74735,1.74815,2.90,1.60
2010.05.14 09:43:48.164,1.74735,1.74815,1.30,3.20
2010.05.14 09:43:49.094,1.74735,1.74815,2.90,1.60
2010.05.14 09:43:52.494,1.74725,1.74805,1.60,1.60
2010.05.14 09:43:52.676,1.74725,1.74805,1.00,3.20
2010.05.14 09:43:53.676,1.74725,1.74805,1.00,3.20
2010.05.14 09:43:54.846,1.74725,1.74805,1.70,1.60
2010.05.14 09:43:55.186,1.74725,1.7481,3.30,4.50
2010.05.14 09:43:56.114,1.74725,1.7481,4.70,3.20
2010.05.14 09:43:56.681,1.74735,1.74815,1.60,2.90
2010.05.14 09:43:56.876,1.74725,1.74805,1.00,3.20
2010.05.14 09:43:58.198,1.74735,1.74805,1.00,3.20
2010.05.14 09:43:58.537,1.74735,1.74815,1.70,1.60
2010.05.14 09:43:59.716,1.74735,1.74815,1.60,1.60
2010.05.14 09:43:59.994,1.74735,1.74815,1.60,4.50
2010.05.14 09:44:00.256,1.74725,1.74805,1.60,1.60
2010.05.14 09:44:00.909,1.7473,1.74805,1.60,1.60
2010.05.14 09:44:01.163,1.7473,1.74815,3.20,4.70
2010.05.14 09:44:01.504,1.74725,1.74805,1.60,1.60
2010.05.14 09:44:02.356,1.74725,1.74805,1.60,1.60
2010.05.14 09:44:02.803,1.74725,1.74805,1.70,1.60
2010.05.14 09:44:03.704,1.7473,1.74815,4.50,3.20
2010.05.14 09:44:04.342,1.7473,1.74815,4.50,3.30
2010.05.14 09:44:04.668,1.7473,1.74805,1.60,1.60
2010.05.14 09:44:05.166,1.74725,1.74805,1.60,1.60
2010.05.14 09:44:06.019,1.7473,1.7481,3.20,1.30
2010.05.14 09:44:06.177,1.74735,1.74805,1.60,1.00
2010.05.14 09:44:06.651,1.74735,1.74815,1.60,4.60
2010.05.14 09:44:06.805,1.7474,1.74815,1.60,4.60
2010.05.14 09:44:07.114,1.7474,1.74815,1.60,4.50
2010.05.14 09:44:08.723,1.7474,1.74815,1.60,4.70
2010.05.14 09:44:08.987,1.7473,1.74815,3.20,4.60
2010.05.14 09:44:10.854,1.74725,1.74805,1.70,1.60
2010.05.14 09:44:11.194,1.7473,1.74815,3.20,6.10
2010.05.14 09:44:12.646,1.7473,1.7481,3.20,1.60
2010.05.14 09:44:12.754,1.74725,1.74805,1.70,1.60
2010.05.14 09:44:13.637,1.7473,1.74805,1.60,1.60
2010.05.14 09:44:13.982,1.74725,1.7481,3.20,2.90
2010.05.14 09:44:14.327,1.74725,1.74805,1.30,1.60
2010.05.14 09:44:14.956,1.7474,1.74805,2.90,1.60
2010.05.14 09:44:15.299,1.74765,1.74845,1.60,1.60
2010.05.14 09:44:15.647,1.74765,1.7484,1.00,4.50
2010.05.14 09:44:16.424,1.74765,1.7484,1.00,3.20
2010.05.14 09:44:16.745,1.74775,1.74845,1.00,1.60
2010.05.14 09:44:17.063,1.7477,1.74845,4.50,1.60
2010.05.14 09:44:17.907,1.74765,1.74845,1.60,3.20
2010.05.14 09:44:18.434,1.74765,1.74845,1.70,3.20
2010.05.14 09:44:18.635,1.7481,1.74845,4.50,1.60
2010.05.14 09:44:19.140,1.7481,1.74885,4.50,1.00
2010.05.14 09:44:19.463,1.7479,1.7487,1.60,1.60
2010.05.14 09:44:20.068,1.74785,1.74865,1.00,4.50
2010.05.14 09:44:20.604,1.7478,1.74865,4.50,4.50
2010.05.14 09:44:20.944,1.7478,1.74865,4.50,4.60
2010.05.14 09:44:21.623,1.7478,1.74855,4.50,1.00
2010.05.14 09:44:22.396,1.7477,1.7485,1.60,1.60
2010.05.14 09:44:22.695,1.74785,1.74865,1.30,3.20
2010.05.14 09:44:23.237,1.7479,1.7487,1.60,1.60
2010.05.14 09:44:23.528,1.74775,1.7486,4.70,4.50
2010.05.14 09:44:24.157,1.7478,1.7486,3.20,1.30
2010.05.14 09:44:24.940,1.7478,1.74865,4.50,1.60
2010.05.14 09:44:25.563,1.7478,1.74845,4.50,1.00
2010.05.14 09:44:26.236,1.7477,1.7485,1.60,1.60
2010.05.14 09:44:26.914,1.7477,1.74845,1.60,1.00
2010.05.14 09:44:27.255,1.7477,1.7485,1.60,1.60
2010.05.14 09:44:27.728,1.74775,1.7485,1.30,1.60
2010.05.14 09:44:28.066,1.7479,1.74875,1.60,4.50
2010.05.14 09:44:28.404,1.74775,1.74855,3.10,1.60
2010.05.14 09:44:28.905,1.74775,1.74855,1.50,3.20
2010.05.14 09:44:29.195,1.74775,1.7486,4.50,1.60
2010.05.14 09:44:29.494,1.74775,1.74855,2.90,1.60
2010.05.14 09:44:29.833,1.7477,1.74855,4.50,4.50
2010.05.14 09:44:30.645,1.7477,1.7485,3.20,1.30
2010.05.14 09:44:30.834,1.74765,1.74845,1.60,1.60
2010.05.14 09:44:31.658,1.74775,1.74845,1.00,1.60
2010.05.14 09:44:31.963,1.74765,1.74845,1.60,1.60
2010.05.14 09:44:32.563,1.74775,1.74845,1.00,1.60
2010.05.14 09:44:33.435,1.74765,1.74845,1.60,1.60
2010.05.14 09:44:34.073,1.7477,1.74855,4.50,4.60
2010.05.14 09:44:35.085,1.74765,1.74845,1.60,1.60
2010.05.14 09:44:35.404,1.74775,1.7486,4.60,4.50
2010.05.14 09:44:36.525,1.74775,1.7486,4.70,4.50
2010.05.14 09:44:36.835,1.7478,1.74865,4.50,1.60
2010.05.14 09:44:37.915,1.7479,1.74875,1.60,4.50
2010.05.14 09:44:38.573,1.74795,1.74875,1.00,4.50
2010.05.14 09:44:39.734,1.748,1.74885,1.30,3.20
2010.05.14 09:44:40.955,1.74805,1.74885,1.00,3.20
2010.05.14 09:44:41.183,1.748,1.74885,1.30,3.20
2010.05.14 09:44:41.677,1.748,1.74875,1.30,1.00
2010.05.14 09:44:41.915,1.74795,1.7488,4.60,3.20
2010.05.14 09:44:42.618,1.74805,1.74885,1.60,2.90
2010.05.14 09:44:42.836,1.74805,1.7489,3.30,1.30
2010.05.14 09:44:43.734,1.74805,1.7489,3.20,1.30
2010.05.14 09:44:45.385,1.74815,1.7489,1.60,1.30
2010.05.14 09:44:45.729,1.74805,1.7489,3.30,1.30
2010.05.14 09:44:45.977,1.74815,1.7489,1.00,1.30
2010.05.14 09:44:46.230,1.74825,1.74905,1.00,1.30
2010.05.14 09:44:46.944,1.7482,1.74905,3.20,1.30
2010.05.14 09:44:48.746,1.7482,1.74895,3.20,1.00
2010.05.14 09:44:48.916,1.74815,1.74895,1.60,1.40
2010.05.14 09:44:49.084,1.74815,1.74895,1.60,1.30
2010.05.14 09:44:49.858,1.7482,1.749,1.60,1.60
2010.05.14 09:44:50.186,1.7482,1.749,3.20,2.90
2010.05.14 09:44:50.516,1.7482,1.74895,1.60,2.90
2010.05.14 09:44:51.259,1.7482,1.74905,3.20,1.50
2010.05.14 09:44:51.525,1.7482,1.749,1.60,1.60
2010.05.14 09:44:52.756,1.74825,1.74905,3.30,1.30
2010.05.14 09:44:53.075,1.7483,1.74915,3.20,3.10
2010.05.14 09:44:53.780,1.7483,1.74915,4.50,1.60
2010.05.14 09:44:54.115,1.7483,1.74915,4.50,1.70
2010.05.14 09:44:54.455,1.7483,1.74915,3.20,3.10
2010.05.14 09:44:55.146,1.7482,1.7488,1.30,3.20
2010.05.14 09:44:55.474,1.74795,1.7488,4.50,3.20
2010.05.14 09:44:56.597,1.7479,1.7487,1.60,1.60
2010.05.14 09:44:56.936,1.74815,1.74885,1.00,1.60
2010.05.14 09:44:57.715,1.74815,1.74885,1.60,2.90
2010.05.14 09:44:58.035,1.7479,1.74855,1.60,1.00
2010.05.14 09:44:58.560,1.74785,1.7485,1.30,1.60
2010.05.14 09:44:58.908,1.74765,1.7485,4.60,1.60
2010.05.14 09:44:59.245,1.74765,1.7485,4.70,1.60
2010.05.14 09:45:00.334,1.74775,1.7485,1.00,1.60
2010.05.14 09:45:00.674,1.74775,1.7486,1.70,4.50
2010.05.14 09:45:01.353,1.74775,1.74855,1.60,1.00
2010.05.14 09:45:02.166,1.74755,1.74835,1.60,1.60
2010.05.14 09:45:02.323,1.7476,1.74835,1.60,3.00
2010.05.14 09:45:02.827,1.7476,1.74835,3.20,1.40
2010.05.14 09:45:02.964,1.74765,1.74845,3.10,1.60
2010.05.14 09:45:03.123,1.74765,1.7485,4.70,1.60
2010.05.14 09:45:04.068,1.7476,1.74845,3.20,4.60
2010.05.14 09:45:04.403,1.7476,1.74845,3.20,4.70
2010.05.14 09:45:04.704,1.7476,1.7484,3.20,1.30
2010.05.14 09:45:05.505,1.74765,1.74845,4.50,1.00
2010.05.14 09:45:05.775,1.74765,1.7485,3.20,2.90
2010.05.14 09:45:06.048,1.7478,1.74835,1.30,1.60
2010.05.14 09:45:06.846,1.74765,1.7485,4.50,1.60
2010.05.14 09:45:07.175,1.7476,1.7484,3.20,2.90
2010.05.14 09:45:07.686,1.7476,1.7483,1.60,1.30
2010.05.14 09:45:08.029,1.7477,1.7483,2.90,1.60
2010.05.14 09:45:08.365,1.7477,1.74855,4.50,4.50
2010.05.14 09:45:08.707,1.7477,1.7485,1.60,4.50
2010.05.14 09:45:09.191,1.74765,1.74845,1.60,1.60
2010.05.14 09:45:09.537,1.7477,1.74855,4.50,4.50
2010.05.14 09:45:10.732,1.74775,1.74855,1.00,4.50
2010.05.14 09:45:11.080,1.74775,1.74855,3.20,1.40
2010.05.14 09:45:11.832,1.7477,1.74855,4.50,4.60
2010.05.14 09:45:12.137,1.74775,1.7486,4.60,1.60
2010.05.14 09:45:12.397,1.74775,1.74855,3.20,1.30
2010.05.14 09:45:12.897,1.74775,1.74855,1.60,2.90
2010.05.14 09:45:13.157,1.74765,1.74845,1.60,3.00
2010.05.14 09:45:13.497,1.7477,1.7484,1.30,3.20
2010.05.14 09:45:14.177,1.7477,1.7485,4.50,1.60
2010.05.14 09:45:14.495,1.74775,1.74845,1.60,1.60
2010.05.14 09:45:14.815,1.74755,1.74835,1.00,3.20
2010.05.14 09:45:15.646,1.74775,1.74855,1.30,1.60
2010.05.14 09:45:15.984,1.7476,1.74835,1.30,3.20
2010.05.14 09:45:16.488,1.74765,1.74835,1.00,3.20
2010.05.14 09:45:16.755,1.74755,1.7483,1.50,3.20
2010.05.14 09:45:17.610,1.74765,1.7483,1.00,3.20
2010.05.14 09:45:17.948,1.74765,1.74835,1.00,3.20
2010.05.14 09:45:18.286,1.7477,1.7484,1.30,1.60
2010.05.14 09:45:19.445,1.74775,1.7484,1.00,1.60
2010.05.14 09:45:19.786,1.7477,1.7484,1.30,1.60
2010.05.14 09:45:21.607,1.7477,1.74835,1.30,3.20
2010.05.14 09:45:22.444,1.7477,1.7484,1.30,1.60
2010.05.14 09:45:22.726,1.7476,1.7484,1.60,1.60
2010.05.14 09:45:23.352,1.74755,1.7483,1.50,1.60
2010.05.14 09:45:23.693,1.74745,1.74825,1.00,3.20
2010.05.14 09:45:24.017,1.74755,1.74825,1.00,3.20
2010.05.14 09:45:24.349,1.74745,1.74825,1.00,3.20
2010.05.14 09:45:25.175,1.74755,1.74825,1.00,3.20
2010.05.14 09:45:26.745,1.74745,1.74825,1.00,3.20
2010.05.14 09:45:27.013,1.74755,1.74825,1.00,3.20
2010.05.14 09:45:27.398,1.74755,1.74825,1.00,3.20
2010.05.14 09:45:28.345,1.7475,1.7483,2.90,1.60
2010.05.14 09:45:28.964,1.74755,1.74825,1.00,1.60
2010.05.14 09:45:29.988,1.74755,1.7484,4.70,3.20
2010.05.14 09:45:30.330,1.74775,1.74845,1.00,1.60
2010.05.14 09:45:31.199,1.74785,1.74855,1.30,3.20
2010.05.14 09:45:31.478,1.74775,1.7485,1.00,1.30
2010.05.14 09:45:31.784,1.74775,1.74845,1.00,1.60
2010.05.14 09:45:32.577,1.74775,1.7486,4.70,1.60
2010.05.14 09:45:32.913,1.74775,1.7486,4.60,1.60
2010.05.14 09:45:33.254,1.74775,1.7486,4.50,1.60
2010.05.14 09:45:33.594,1.74765,1.7485,3.30,4.50
2010.05.14 09:45:34.395,1.74775,1.7485,1.00,4.50
2010.05.14 09:45:35.574,1.74775,1.7484,1.00,1.60
2010.05.14 09:45:35.833,1.74775,1.7485,1.00,4.50
2010.05.14 09:45:36.618,1.74765,1.74845,1.00,4.50
2010.05.14 09:45:36.824,1.74775,1.74845,1.00,4.50
2010.05.14 09:45:38.155,1.74775,1.74845,1.00,2.90
2010.05.14 09:45:38.384,1.74775,1.74855,1.70,1.60
2010.05.14 09:45:39.614,1.74775,1.7485,1.70,1.30
2010.05.14 09:45:39.904,1.74775,1.7485,1.00,4.50
2010.05.14 09:45:40.765,1.74765,1.74845,1.00,4.50
2010.05.14 09:45:41.063,1.74775,1.74845,1.00,4.50
2010.05.14 09:45:41.728,1.74775,1.74845,1.00,1.30
2010.05.14 09:45:41.895,1.74775,1.74845,1.00,4.50
2010.05.14 09:45:42.407,1.74775,1.7485,1.70,1.60
2010.05.14 09:45:42.574,1.74785,1.7485,1.00,1.60
2010.05.14 09:45:42.743,1.74785,1.74855,1.00,1.60
2010.05.14 09:45:43.408,1.74775,1.74855,1.60,1.60
2010.05.14 09:45:45.405,1.74775,1.7485,1.60,1.30
2010.05.14 09:45:46.663,1.74785,1.7485,1.00,1.30
2010.05.14 09:45:47.305,1.74775,1.7485,1.60,1.30
2010.05.14 09:45:48.164,1.74785,1.7485,1.00,1.30
2010.05.14 09:45:51.017,1.74785,1.74865,1.70,2.90
2010.05.14 09:45:51.204,1.74785,1.74865,3.30,1.30
2010.05.14 09:45:51.394,1.74785,1.74855,3.30,1.30
2010.05.14 09:45:51.584,1.74785,1.74865,3.30,1.30
2010.05.14 09:45:54.443,1.74795,1.74865,1.00,1.30
2010.05.14 09:45:55.475,1.74795,1.74865,1.00,1.30
2010.05.14 09:45:56.295,1.74805,1.74865,1.00,1.30
2010.05.14 09:45:56.523,1.74805,1.74875,1.00,1.30
2010.05.14 09:45:57.076,1.74815,1.74875,1.00,1.30
2010.05.14 09:45:57.309,1.74805,1.74875,1.00,1.30
2010.05.14 09:45:58.667,1.74805,1.74875,1.60,1.30
2010.05.14 09:45:58.886,1.74815,1.74875,1.00,1.30
2010.05.14 09:45:59.110,1.74825,1.7489,1.00,1.30
2010.05.14 09:45:59.829,1.74825,1.749,3.20,1.30
2010.05.14 09:46:01.644,1.74845,1.7492,1.00,2.90
2010.05.14 09:46:01.804,1.74845,1.7492,1.70,1.30
2010.05.14 09:46:01.964,1.74845,1.7492,3.20,1.30
2010.05.14 09:46:02.636,1.74845,1.7492,3.30,1.30
2010.05.14 09:46:02.795,1.74855,1.74925,1.60,1.30
2010.05.14 09:46:03.138,1.7483,1.74905,3.20,1.30
2010.05.14 09:46:03.613,1.7483,1.7487,3.20,1.30
2010.05.14 09:46:03.959,1.74805,1.7488,3.20,1.30
2010.05.14 09:46:04.287,1.74805,1.74875,1.60,1.60
2010.05.14 09:46:04.795,1.74795,1.74875,2.90,1.60
2010.05.14 09:46:05.124,1.74795,1.7487,1.60,1.30
2010.05.14 09:46:07.694,1.74795,1.74865,1.60,1.00
2010.05.14 09:46:08.178,1.74795,1.7486,1.60,1.30
2010.05.14 09:46:08.359,1.7479,1.74865,1.60,1.30
2010.05.14 09:46:08.696,1.7479,1.74865,3.20,1.30
2010.05.14 09:46:10.487,1.7479,1.7486,1.60,1.30
2010.05.14 09:46:11.230,1.7479,1.74865,3.20,1.30
2010.05.14 09:46:13.148,1.7479,1.7486,3.20,1.30
2010.05.14 09:46:13.488,1.74785,1.7486,1.60,1.30
2010.05.14 09:46:14.053,1.74785,1.74865,1.60,1.30
2010.05.14 09:46:14.283,1.7479,1.74865,1.60,1.30
2010.05.14 09:46:14.514,1.7479,1.74865,3.20,1.30
2010.05.14 09:46:15.285,1.748,1.74875,1.60,1.30
2010.05.14 09:46:16.430,1.74805,1.74875,1.00,1.30
2010.05.14 09:46:16.737,1.748,1.74875,1.60,1.30
2010.05.14 09:46:18.205,1.74805,1.74875,1.00,1.30
2010.05.14 09:46:18.545,1.74805,1.7488,3.30,1.30
2010.05.14 09:46:19.671,1.74815,1.7488,1.00,1.30
2010.05.14 09:46:20.002,1.74805,1.74875,3.30,1.30
2010.05.14 09:46:20.204,1.74805,1.74875,1.00,2.90
2010.05.14 09:46:20.409,1.74815,1.74875,1.00,1.30
2010.05.14 09:46:21.077,1.74815,1.7488,1.00,1.30
2010.05.14 09:46:21.379,1.74825,1.74895,1.00,1.30
2010.05.14 09:46:21.675,1.74825,1.7489,1.00,1.30
2010.05.14 09:46:23.983,1.74825,1.7488,1.00,1.30
2010.05.14 09:46:24.207,1.74825,1.7489,1.00,1.30
2010.05.14 09:46:24.758,1.74825,1.7488,1.00,1.30
2010.05.14 09:46:25.563,1.74815,1.7488,1.00,1.30
2010.05.14 09:46:25.886,1.74825,1.7488,1.00,1.30
2010.05.14 09:46:26.205,1.74815,1.7488,1.00,1.30
2010.05.14 09:46:27.265,1.74805,1.74875,1.00,1.30
2010.05.14 09:46:27.525,1.748,1.7487,3.20,1.30
2010.05.14 09:46:28.209,1.74795,1.7487,1.60,1.30
2010.05.14 09:46:28.547,1.74795,1.7487,1.70,1.30
2010.05.14 09:46:28.885,1.74795,1.7487,1.60,1.30
2010.05.14 09:46:29.225,1.748,1.74875,1.60,1.30
2010.05.14 09:46:30.035,1.74805,1.7488,3.20,1.30
2010.05.14 09:46:30.374,1.74795,1.74875,1.00,4.50
2010.05.14 09:46:30.695,1.74805,1.74875,1.00,1.60
2010.05.14 09:46:31.189,1.74805,1.7488,1.00,2.90
2010.05.14 09:46:31.517,1.74805,1.7489,3.30,4.50
2010.05.14 09:46:31.794,1.74805,1.74875,3.20,1.30
2010.05.14 09:46:32.544,1.74795,1.74875,1.70,2.40
2010.05.14 09:46:32.958,1.74795,1.74875,1.70,2.90
2010.05.14 09:46:33.955,1.74815,1.74885,1.00,4.50
2010.05.14 09:46:35.343,1.74805,1.74885,1.00,4.50
2010.05.14 09:46:36.274,1.74815,1.74885,1.00,4.50
2010.05.14 09:46:36.425,1.74805,1.7489,3.30,2.90
2010.05.14 09:46:36.578,1.74815,1.7489,1.00,2.90
2010.05.14 09:46:36.873,1.74805,1.7489,3.30,2.90
2010.05.14 09:46:37.343,1.74815,1.7489,1.00,2.90
2010.05.14 09:46:37.656,1.74805,1.7489,3.30,2.90
2010.05.14 09:46:39.542,1.74805,1.7489,3.20,2.90
2010.05.14 09:46:39.769,1.74795,1.74875,1.60,2.90
2010.05.14 09:46:42.948,1.74795,1.74875,1.00,2.90
2010.05.14 09:46:43.043,1.74795,1.74875,1.00,4.50
2010.05.14 09:46:44.373,1.74805,1.74875,1.00,4.50
2010.05.14 09:46:45.005,1.74805,1.7488,1.00,1.60
2010.05.14 09:46:45.193,1.74815,1.7488,1.00,1.60
2010.05.14 09:46:45.374,1.74815,1.74895,1.00,4.50
2010.05.14 09:46:45.564,1.74815,1.7489,1.00,2.90
2010.05.14 09:46:46.388,1.74815,1.74895,1.70,1.30
2010.05.14 09:46:47.015,1.74825,1.74905,1.00,4.50
2010.05.14 09:46:47.786,1.74845,1.7491,1.00,1.60
2010.05.14 09:46:48.084,1.74845,1.74925,1.70,2.90
2010.05.14 09:46:48.748,1.7485,1.7493,1.60,2.90
2010.05.14 09:46:49.044,1.7485,1.7493,1.60,1.30
2010.05.14 09:46:50.254,1.74845,1.74915,1.70,1.30
2010.05.14 09:46:50.599,1.7484,1.74915,1.60,1.30
2010.05.14 09:46:50.935,1.74835,1.74915,3.20,1.30
2010.05.14 09:46:51.679,1.74835,1.74915,4.00,1.30
2010.05.14 09:46:53.025,1.74845,1.74915,1.00,1.30
2010.05.14 09:46:53.336,1.749,1.74965,1.00,1.30
2010.05.14 09:46:54.337,1.74905,1.74965,1.60,1.30
2010.05.14 09:46:54.664,1.74895,1.74965,1.60,1.30
2010.05.14 09:46:54.994,1.74895,1.74965,1.60,1.30
2010.05.14 09:46:55.326,1.74895,1.74965,1.60,1.30
2010.05.14 09:46:55.956,1.74885,1.74945,1.60,2.90
2010.05.14 09:46:56.290,1.7491,1.7494,1.60,1.60
2010.05.14 09:46:56.638,1.74885,1.74955,1.00,3.20
2010.05.14 09:46:57.152,1.74875,1.74955,1.00,3.20
2010.05.14 09:46:57.440,1.74875,1.74955,1.00,4.50
2010.05.14 09:46:57.707,1.74885,1.74955,1.00,4.50
2010.05.14 09:46:58.524,1.749,1.74985,4.50,3.20
2010.05.14 09:46:59.899,1.74905,1.74975,1.00,1.60
2010.05.14 09:47:00.164,1.74915,1.7498,1.00,3.20
2010.05.14 09:47:00.436,1.74915,1.7499,1.50,3.20
2010.05.14 09:47:00.704,1.74915,1.7499,1.30,3.20
2010.05.14 09:47:01.793,1.74925,1.7499,1.00,3.20
2010.05.14 09:47:02.454,1.74925,1.7499,1.00,3.20
2010.05.14 09:47:03.577,1.74925,1.7499,1.00,1.60
2010.05.14 09:47:03.788,1.7493,1.75,2.90,1.60
2010.05.14 09:47:04.473,1.7493,1.75,1.60,3.20
2010.05.14 09:47:08.656,1.74925,1.75005,1.00,6.10
2010.05.14 09:47:08.825,1.74925,1.75,1.00,1.60
2010.05.14 09:47:09.106,1.7491,1.74985,2.90,3.20
2010.05.14 09:47:09.806,1.7491,1.74985,1.60,3.20
2010.05.14 09:47:10.077,1.7491,1.74975,1.60,1.60
2010.05.14 09:47:11.445,1.7491,1.7497,1.60,3.20
2010.05.14 09:47:17.992,1.74895,1.74965,1.00,3.20
2010.05.14 09:47:19.946,1.7489,1.74955,1.60,1.60
2010.05.14 09:47:21.198,1.7489,1.7496,1.60,1.60
2010.05.14 09:47:21.548,1.74905,1.7497,1.00,3.20
2010.05.14 09:47:21.885,1.74895,1.7497,1.00,3.20
2010.05.14 09:47:22.365,1.74895,1.74965,1.00,3.20
2010.05.14 09:47:24.785,1.74895,1.7497,1.00,3.20
2010.05.14 09:47:29.014,1.74895,1.74955,1.00,1.60
2010.05.14 09:47:29.159,1.74905,1.7497,1.00,3.20
2010.05.14 09:47:30.590,1.74925,1.74975,1.00,1.60
2010.05.14 09:47:31.225,1.74935,1.74975,1.00,1.60
2010.05.14 09:47:31.895,1.74935,1.75,1.00,1.60
2010.05.14 09:47:32.186,1.74925,1.75,1.00,3.20
2010.05.14 09:47:32.790,1.74935,1.75,1.00,3.20
2010.05.14 09:47:33.139,1.74925,1.7498,1.00,1.60
2010.05.14 09:47:34.275,1.74925,1.7499,1.00,3.20
2010.05.14 09:47:34.955,1.74935,1.7499,1.00,3.20
2010.05.14 09:47:35.175,1.74935,1.74995,1.00,1.60
2010.05.14 09:47:35.395,1.74925,1.7499,1.00,1.60
2010.05.14 09:47:35.893,1.74925,1.7499,1.00,3.20
2010.05.14 09:47:36.125,1.74925,1.74995,1.00,1.60
2010.05.14 09:47:36.456,1.74915,1.75,4.50,3.20
2010.05.14 09:47:36.790,1.74915,1.7497,1.60,3.20
2010.05.14 09:47:37.539,1.74905,1.7497,1.00,3.20
2010.05.14 09:47:38.774,1.74925,1.7497,1.00,1.60
2010.05.14 09:47:39.041,1.74945,1.75015,1.00,1.30
2010.05.14 09:47:39.525,1.74955,1.75015,1.00,1.30
2010.05.14 09:47:39.785,1.74945,1.75015,1.00,1.30
2010.05.14 09:47:40.124,1.74955,1.75015,1.00,1.30
2010.05.14 09:47:40.963,1.74945,1.75015,1.00,1.30
2010.05.14 09:47:43.115,1.7493,1.75005,1.60,4.50
2010.05.14 09:47:43.354,1.7493,1.74995,1.60,1.30
2010.05.14 09:47:43.580,1.74935,1.74995,1.00,1.30
2010.05.14 09:47:44.290,1.74935,1.75005,1.00,1.60
2010.05.14 09:47:44.636,1.74935,1.75,1.00,1.30
2010.05.14 09:47:45.455,1.74945,1.75005,1.00,1.60
2010.05.14 09:47:45.776,1.74945,1.7501,1.00,2.90
2010.05.14 09:47:46.095,1.74945,1.75015,1.00,1.30
2010.05.14 09:47:46.926,1.74955,1.7502,1.00,3.20
2010.05.14 09:47:48.424,1.74955,1.7502,1.00,1.60
2010.05.14 09:47:48.767,1.74955,1.75025,1.00,3.20
2010.05.14 09:47:49.026,1.74965,1.75025,1.00,3.20
2010.05.14 09:47:49.247,1.74955,1.75025,1.00,4.50
2010.05.14 09:47:49.925,1.74945,1.75015,1.00,1.60
2010.05.14 09:47:50.265,1.74945,1.7502,1.00,1.30
2010.05.14 09:47:50.605,1.74945,1.7502,1.00,1.30
2010.05.14 09:47:51.745,1.74945,1.75015,1.00,1.60
2010.05.14 09:47:52.288,1.74945,1.7501,1.00,1.30
2010.05.14 09:47:53.214,1.74945,1.75,1.00,1.30
2010.05.14 09:47:54.674,1.74935,1.75,1.70,1.30
2010.05.14 09:47:54.846,1.74935,1.75,1.60,1.30
2010.05.14 09:47:55.196,1.74935,1.74995,1.60,1.30
2010.05.14 09:47:55.717,1.74935,1.74985,1.60,1.30
2010.05.14 09:47:56.057,1.74935,1.75,1.70,4.50
2010.05.14 09:47:56.397,1.74945,1.7501,1.00,1.60
2010.05.14 09:47:57.674,1.74955,1.7501,1.00,1.60
2010.05.14 09:47:57.974,1.74955,1.75015,1.00,1.60
2010.05.14 09:47:58.223,1.74955,1.7502,1.00,4.50
2010.05.14 09:47:58.474,1.74955,1.7501,1.00,1.60
2010.05.14 09:47:59.206,1.74945,1.7501,1.00,1.60
2010.05.14 09:47:59.829,1.74935,1.7501,1.70,1.60
2010.05.14 09:48:00.656,1.74945,1.75005,1.00,4.50
2010.05.14 09:48:00.985,1.74945,1.75005,1.00,1.30
2010.05.14 09:48:01.315,1.74955,1.75025,1.00,4.80
2010.05.14 09:48:02.367,1.74955,1.75025,1.00,3.20
2010.05.14 09:48:03.296,1.74955,1.75025,1.00,4.80
2010.05.14 09:48:03.975,1.74945,1.75015,1.00,1.30
2010.05.14 09:48:04.923,1.7494,1.75015,1.60,1.30
2010.05.14 09:48:05.144,1.74935,1.75,1.00,1.30
2010.05.14 09:48:06.374,1.7493,1.74995,1.60,1.30
2010.05.14 09:48:09.724,1.74935,1.74995,1.00,1.30
2010.05.14 09:48:09.915,1.7493,1.74995,1.60,1.30
2010.05.14 09:48:10.453,1.74925,1.74995,1.60,1.30
2010.05.14 09:48:11.251,1.74935,1.75,1.00,1.30
2010.05.14 09:48:12.456,1.74925,1.75,4.90,1.30
2010.05.14 09:48:13.195,1.74935,1.75,1.00,1.30
2010.05.14 09:48:13.486,1.74935,1.7501,1.00,1.30
2010.05.14 09:48:13.695,1.74935,1.7501,1.70,1.30
2010.05.14 09:48:14.895,1.74935,1.75,1.00,1.30
2010.05.14 09:48:16.778,1.74945,1.7501,1.00,1.30
2010.05.14 09:48:17.034,1.74945,1.7501,1.00,1.30
2010.05.14 09:48:17.164,1.74955,1.75015,1.00,1.30
2010.05.14 09:48:17.712,1.74955,1.7502,1.00,1.60
2010.05.14 09:48:17.857,1.74955,1.7502,1.70,1.60
2010.05.14 09:48:18.196,1.74955,1.7503,3.30,1.30
2010.05.14 09:48:18.877,1.74955,1.75025,3.30,1.30
2010.05.14 09:48:19.643,1.74955,1.7503,3.30,1.30
2010.05.14 09:48:22.370,1.74955,1.7503,3.20,1.30
2010.05.14 09:48:22.654,1.7495,1.75025,1.60,2.90
2010.05.14 09:48:23.212,1.74945,1.75015,1.00,1.30
2010.05.14 09:48:23.426,1.74945,1.7501,1.00,1.30
2010.05.14 09:48:23.646,1.74955,1.7502,1.00,1.30
2010.05.14 09:48:23.865,1.74955,1.75025,1.00,1.30
2010.05.14 09:48:24.355,1.74945,1.75025,3.30,1.30
2010.05.14 09:48:24.698,1.7496,1.75025,1.60,1.30
2010.05.14 09:48:25.038,1.74965,1.75015,1.00,1.60
2010.05.14 09:48:26.177,1.7495,1.75015,3.20,1.60
2010.05.14 09:48:26.514,1.74955,1.75015,1.00,1.60
2010.05.14 09:48:26.724,1.74945,1.7501,1.00,1.60
2010.05.14 09:48:27.405,1.74945,1.75015,1.00,1.60
2010.05.14 09:48:27.626,1.74935,1.75005,1.70,1.60
2010.05.14 09:48:27.945,1.74945,1.75,1.00,1.60
2010.05.14 09:48:28.460,1.74935,1.75,1.60,1.60
2010.05.14 09:48:28.776,1.74945,1.75,1.00,1.60
2010.05.14 09:48:29.075,1.74935,1.75,1.60,1.60
2010.05.14 09:48:29.377,1.74945,1.75,1.00,1.60
2010.05.14 09:48:30.080,1.74935,1.74985,1.00,1.60
2010.05.14 09:48:30.774,1.74925,1.7499,1.00,1.00
2010.05.14 09:48:31.268,1.74925,1.74995,1.00,1.60
2010.05.14 09:48:31.610,1.74925,1.74995,1.00,1.60
2010.05.14 09:48:31.957,1.74935,1.74995,1.00,1.60
2010.05.14 09:48:33.042,1.74935,1.75005,1.00,3.20
2010.05.14 09:48:33.348,1.74935,1.7501,1.00,1.30
2010.05.14 09:48:34.525,1.74935,1.75015,3.30,1.30
2010.05.14 09:48:34.854,1.74935,1.75015,3.30,2.90
2010.05.14 09:48:36.325,1.74935,1.75015,1.70,4.50
2010.05.14 09:48:37.340,1.74935,1.75015,1.70,2.90
2010.05.14 09:48:37.684,1.74935,1.75015,3.30,2.90
2010.05.14 09:48:38.384,1.74935,1.75015,3.30,1.30
2010.05.14 09:48:39.054,1.74945,1.75015,1.00,1.30
2010.05.14 09:48:40.159,1.7493,1.75005,3.20,1.30
2010.05.14 09:48:40.376,1.74935,1.7501,1.00,2.90
2010.05.14 09:48:41.064,1.74935,1.7501,1.00,1.30
2010.05.14 09:48:44.505,1.74925,1.74995,1.00,1.30
2010.05.14 09:48:44.815,1.74935,1.75005,1.00,3.20
2010.05.14 09:48:45.125,1.74945,1.75005,1.00,1.60
2010.05.14 09:48:45.603,1.74955,1.75005,1.60,1.60
2010.05.14 09:48:45.925,1.7495,1.74985,1.30,1.60
2010.05.14 09:48:46.256,1.7493,1.74965,1.60,3.20
2010.05.14 09:48:47.097,1.7493,1.7496,1.60,1.30
2010.05.14 09:48:47.433,1.7489,1.7496,1.60,1.30
2010.05.14 09:48:49.825,1.7493,1.74965,1.60,1.60
2010.05.14 09:48:50.171,1.7493,1.7501,3.20,1.30
2010.05.14 09:48:50.897,1.7493,1.75005,1.60,1.60
2010.05.14 09:48:51.146,1.74935,1.7502,3.20,2.90
2010.05.14 09:48:51.734,1.74935,1.7501,3.20,1.30
2010.05.14 09:48:52.213,1.74935,1.7501,1.60,1.30
2010.05.14 09:48:52.437,1.74935,1.7501,1.00,1.30
2010.05.14 09:48:53.094,1.74935,1.75015,1.00,3.20
2010.05.14 09:48:53.905,1.74935,1.7502,3.30,2.90
2010.05.14 09:48:57.554,1.74935,1.75005,1.00,1.30
2010.05.14 09:48:58.265,1.74935,1.75005,1.00,2.90
2010.05.14 09:48:58.547,1.74925,1.75005,1.70,2.90
2010.05.14 09:49:04.435,1.74915,1.74995,3.30,1.30
2010.05.14 09:49:05.780,1.74925,1.74995,1.00,1.30
2010.05.14 09:49:06.128,1.74945,1.75015,1.00,1.60
2010.05.14 09:49:06.964,1.7493,1.74995,1.60,1.60
2010.05.14 09:49:07.312,1.74945,1.75,1.00,1.30
2010.05.14 09:49:07.660,1.74945,1.7501,1.00,1.60
2010.05.14 09:49:08.186,1.74945,1.75015,1.00,1.60
2010.05.14 09:49:08.418,1.74935,1.75005,1.00,4.50
2010.05.14 09:49:08.649,1.74935,1.75005,1.00,2.90
2010.05.14 09:49:08.985,1.74935,1.75005,1.00,4.50
2010.05.14 09:49:09.803,1.74925,1.75005,1.00,4.50
2010.05.14 09:49:10.123,1.74925,1.75005,1.00,4.50
2010.05.14 09:49:10.445,1.74925,1.74995,1.00,1.60
2010.05.14 09:49:12.564,1.74935,1.74995,1.00,3.20
2010.05.14 09:49:12.800,1.74945,1.7501,1.00,3.20
2010.05.14 09:49:13.036,1.74935,1.7501,1.00,3.20
2010.05.14 09:49:13.277,1.74925,1.75,3.30,1.30
2010.05.14 09:49:14.076,1.74925,1.75,1.00,1.60
2010.05.14 09:49:14.247,1.7492,1.75005,1.60,4.50
2010.05.14 09:49:14.735,1.74925,1.75005,1.00,4.50
2010.05.14 09:49:15.405,1.74915,1.74995,1.00,1.60
2010.05.14 09:49:17.076,1.74925,1.74995,1.00,1.60
2010.05.14 09:49:17.754,1.74915,1.74995,1.00,1.60
2010.05.14 09:49:17.944,1.74925,1.74995,1.00,1.60
2010.05.14 09:49:18.657,1.74915,1.7499,1.00,3.20
2010.05.14 09:49:18.993,1.74905,1.7499,4.70,3.20
2010.05.14 09:49:19.334,1.74915,1.7498,1.00,1.60
2010.05.14 09:49:20.307,1.74905,1.7498,1.00,1.60
2010.05.14 09:49:21.438,1.74915,1.7498,1.00,1.60
2010.05.14 09:49:21.695,1.74905,1.7498,1.00,1.60
2010.05.14 09:49:22.012,1.74915,1.7498,1.00,1.60
2010.05.14 09:49:22.263,1.74905,1.7498,1.00,1.60
2010.05.14 09:49:23.226,1.74905,1.7498,1.00,1.60
2010.05.14 09:49:24.478,1.74895,1.7497,1.00,3.20
2010.05.14 09:49:24.815,1.74895,1.7497,1.00,4.50
2010.05.14 09:49:25.154,1.74905,1.7497,1.00,4.50
2010.05.14 09:49:25.655,1.74895,1.7497,1.00,4.50
2010.05.14 09:49:27.364,1.74905,1.7497,1.00,4.50
2010.05.14 09:49:27.706,1.74895,1.7497,1.00,4.50
2010.05.14 09:49:29.490,1.74905,1.7497,1.00,4.50
2010.05.14 09:49:29.735,1.74885,1.7497,3.10,3.20
2010.05.14 09:49:29.990,1.74895,1.7497,1.00,1.60
2010.05.14 09:49:30.715,1.74905,1.7497,1.00,2.90
2010.05.14 09:49:30.966,1.74895,1.7497,1.00,1.60
2010.05.14 09:49:31.294,1.74895,1.7497,1.00,1.30
2010.05.14 09:49:31.867,1.74895,1.7497,1.60,2.90
2010.05.14 09:49:32.156,1.74895,1.7496,1.00,3.20
2010.05.14 09:49:33.851,1.74885,1.74955,1.00,1.60
2010.05.14 09:49:34.199,1.74885,1.74955,1.00,4.50
2010.05.14 09:49:35.757,1.74875,1.74955,1.00,4.50
2010.05.14 09:49:35.887,1.74885,1.74955,1.00,4.50
2010.05.14 09:49:36.534,1.74875,1.74955,1.00,4.50
2010.05.14 09:49:36.637,1.74875,1.7494,1.00,4.50
2010.05.14 09:49:36.974,1.74865,1.7494,1.00,4.50
2010.05.14 09:49:39.370,1.74855,1.7494,3.20,4.50
2010.05.14 09:49:39.709,1.74855,1.7494,4.50,4.50
2010.05.14 09:49:40.059,1.74845,1.7493,3.20,4.50
2010.05.14 09:49:40.782,1.7485,1.74925,1.30,3.20
2010.05.14 09:49:41.716,1.74855,1.74925,1.00,3.20
2010.05.14 09:49:42.677,1.74825,1.749,1.00,4.50
2010.05.14 09:49:42.864,1.7486,1.74905,1.30,1.60
2010.05.14 09:49:43.054,1.7486,1.7494,1.30,3.20
2010.05.14 09:49:43.753,1.7485,1.74925,1.30,3.20
2010.05.14 09:49:45.677,1.74855,1.74925,1.00,3.20
2010.05.14 09:49:46.837,1.74855,1.74925,1.00,3.20
2010.05.14 09:49:55.413,1.74865,1.74925,1.00,3.20
2010.05.14 09:49:55.574,1.74865,1.74925,1.50,1.60
2010.05.14 09:49:55.734,1.74865,1.7494,1.50,3.20
2010.05.14 09:49:56.074,1.74875,1.7494,1.00,3.20
2010.05.14 09:49:56.876,1.74865,1.7494,1.50,3.20
2010.05.14 09:49:57.716,1.74865,1.7494,1.40,3.20
2010.05.14 09:49:57.888,1.74865,1.74925,1.00,1.60
2010.05.14 09:49:58.225,1.74865,1.74925,1.00,3.20
2010.05.14 09:49:58.565,1.74855,1.74925,1.00,3.20
2010.05.14 09:49:59.388,1.74865,1.74925,1.00,3.20
2010.05.14 09:49:59.697,1.74875,1.7493,1.00,1.60
2010.05.14 09:50:00.484,1.74875,1.74935,1.00,1.60
2010.05.14 09:50:00.827,1.74865,1.7494,1.50,3.20
2010.05.14 09:50:01.165,1.74865,1.7494,1.40,3.20
2010.05.14 09:50:02.718,1.74865,1.7494,1.50,3.20
2010.05.14 09:50:02.868,1.7487,1.74955,1.60,4.50
2010.05.14 09:50:03.014,1.7488,1.74955,1.30,3.20
2010.05.14 09:50:04.444,1.74865,1.7494,1.50,3.20
2010.05.14 09:50:05.244,1.7487,1.74955,1.60,6.10
2010.05.14 09:50:05.454,1.7488,1.74955,1.30,3.20
2010.05.14 09:50:07.374,1.74885,1.74955,1.00,3.20
2010.05.14 09:50:08.517,1.74885,1.74955,1.00,3.20
2010.05.14 09:50:08.716,1.74895,1.74955,1.00,1.60
2010.05.14 09:50:08.918,1.74895,1.7496,1.00,3.20
2010.05.14 09:50:09.405,1.74895,1.7497,1.00,3.20
2010.05.14 09:50:10.474,1.74885,1.7497,3.10,3.20
2010.05.14 09:50:11.075,1.74885,1.7496,1.50,3.20
2010.05.14 09:50:11.754,1.74885,1.7496,1.30,3.20
2010.05.14 09:50:12.441,1.74885,1.74945,1.00,1.60
2010.05.14 09:50:12.717,1.74875,1.74945,1.40,1.60
2010.05.14 09:50:12.991,1.74875,1.74945,1.50,1.60
2010.05.14 09:50:13.276,1.74875,1.74945,1.40,1.60
2010.05.14 09:50:14.022,1.74875,1.74945,1.40,3.20
2010.05.14 09:50:14.208,1.74885,1.74945,1.00,1.60
2010.05.14 09:50:14.575,1.74885,1.74945,1.00,1.60
2010.05.14 09:50:14.945,1.74895,1.74955,1.00,3.20
2010.05.14 09:50:15.596,1.74895,1.7496,1.00,3.20
2010.05.14 09:50:15.938,1.74895,1.74965,1.50,1.60
2010.05.14 09:50:17.026,1.74905,1.74965,1.00,1.60
2010.05.14 09:50:17.776,1.74905,1.74975,1.00,3.20
2010.05.14 09:50:18.042,1.749,1.74975,1.30,3.20
2010.05.14 09:50:18.324,1.74905,1.7498,1.00,3.20
2010.05.14 09:50:18.473,1.749,1.7498,1.30,3.20
2010.05.14 09:50:19.356,1.74895,1.7497,1.00,1.60
2010.05.14 09:50:20.255,1.74895,1.74965,1.00,1.60
2010.05.14 09:50:20.604,1.74885,1.74965,1.00,1.60
2010.05.14 09:50:21.339,1.7489,1.74965,1.30,1.60
2010.05.14 09:50:21.595,1.7489,1.74965,1.30,3.20
2010.05.14 09:50:21.855,1.74885,1.74955,1.00,1.60
2010.05.14 09:50:22.379,1.74885,1.74965,3.10,1.60
2010.05.14 09:50:22.707,1.74905,1.7497,1.00,3.20
2010.05.14 09:50:24.030,1.74905,1.74975,1.00,1.60
2010.05.14 09:50:24.278,1.74895,1.7497,1.00,3.20
2010.05.14 09:50:24.525,1.74895,1.7497,1.00,3.20
2010.05.14 09:50:25.573,1.74905,1.7497,1.00,3.20
2010.05.14 09:50:25.913,1.74905,1.7497,1.00,3.20
2010.05.14 09:50:27.406,1.74905,1.74975,1.00,3.20
2010.05.14 09:50:27.574,1.74905,1.74975,1.00,1.60
2010.05.14 09:50:30.514,1.7491,1.74985,1.30,3.20
2010.05.14 09:50:30.854,1.74915,1.74985,1.00,3.20
2010.05.14 09:50:31.655,1.7492,1.75,1.30,3.20
2010.05.14 09:50:31.895,1.7491,1.7498,1.60,1.30
2010.05.14 09:50:32.383,1.74905,1.7498,3.20,1.30
2010.05.14 09:50:32.626,1.749,1.7498,1.30,3.20
2010.05.14 09:50:34.137,1.74885,1.74955,1.00,1.60
2010.05.14 09:50:34.604,1.74885,1.74955,1.00,1.60
2010.05.14 09:50:35.187,1.74895,1.74955,1.30,1.60
2010.05.14 09:50:35.512,1.74905,1.7497,1.00,3.20
2010.05.14 09:50:35.840,1.74925,1.74985,1.00,3.20
2010.05.14 09:50:36.168,1.74925,1.7499,1.00,1.60
2010.05.14 09:50:36.976,1.74935,1.75,1.00,3.20
2010.05.14 09:50:37.315,1.74935,1.75,1.00,3.20
2010.05.14 09:50:38.489,1.74925,1.75,1.00,3.20
2010.05.14 09:50:38.745,1.74935,1.75005,1.00,3.20
2010.05.14 09:50:42.616,1.74935,1.7501,1.50,1.60
2010.05.14 09:50:42.684,1.74945,1.7501,1.00,1.60
2010.05.14 09:50:43.248,1.74935,1.7501,1.40,1.60
2010.05.14 09:50:44.550,1.74935,1.7501,1.00,1.60
2010.05.14 09:50:44.777,1.74935,1.75005,1.00,3.20
2010.05.14 09:50:45.979,1.74945,1.7501,1.00,3.20
2010.05.14 09:50:46.319,1.74945,1.7502,1.00,3.20
2010.05.14 09:50:48.154,1.74935,1.7502,4.70,3.20
2010.05.14 09:50:48.493,1.74945,1.7502,1.30,3.20
2010.05.14 09:50:49.246,1.74935,1.7501,1.40,1.60
2010.05.14 09:50:54.909,1.74925,1.75,1.00,3.20
2010.05.14 09:50:57.255,1.74925,1.75005,1.00,3.20
2010.05.14 09:50:57.534,1.74935,1.75005,1.00,3.20
2010.05.14 09:50:58.237,1.74935,1.7501,1.50,1.60
2010.05.14 09:50:58.465,1.74935,1.7501,1.00,3.20
2010.05.14 09:51:01.294,1.7493,1.7501,1.30,3.20
2010.05.14 09:51:01.635,1.74935,1.7501,1.00,3.20
2010.05.14 09:51:03.273,1.7493,1.7501,1.30,3.20
2010.05.14 09:51:03.495,1.74935,1.7501,1.00,3.20
2010.05.14 09:51:04.372,1.74935,1.7501,1.50,3.20
2010.05.14 09:51:04.719,1.74925,1.75,1.00,1.60
2010.05.14 09:51:05.275,1.74925,1.75,1.00,3.20
2010.05.14 09:51:05.515,1.74935,1.7501,1.30,3.20
2010.05.14 09:51:06.907,1.7493,1.75,1.60,3.20
2010.05.14 09:51:08.455,1.7493,1.7499,1.60,1.60
2010.05.14 09:51:10.817,1.7493,1.75,1.60,3.20
2010.05.14 09:51:11.806,1.7492,1.75005,4.50,1.60
2010.05.14 09:51:12.144,1.7492,1.75005,3.20,1.60
2010.05.14 09:51:12.947,1.74915,1.75005,3.30,3.20
2010.05.14 09:51:13.287,1.74915,1.74995,1.00,1.60
2010.05.14 09:51:14.128,1.7492,1.75005,1.30,3.20
2010.05.14 09:51:16.484,1.74915,1.74995,1.00,1.60
2010.05.14 09:51:17.984,1.74915,1.75,3.30,3.20
2010.05.14 09:51:21.514,1.7492,1.75,1.30,3.20
2010.05.14 09:51:21.725,1.7492,1.75005,4.50,1.60
2010.05.14 09:51:21.944,1.7492,1.75005,3.20,2.90
2010.05.14 09:51:22.154,1.74915,1.75,3.30,3.20
2010.05.14 09:51:23.610,1.74925,1.75,1.00,3.20
2010.05.14 09:51:23.805,1.74935,1.75,1.00,3.20
2010.05.14 09:51:23.994,1.74935,1.75015,1.00,4.50
2010.05.14 09:51:24.534,1.74935,1.7501,1.00,1.30
2010.05.14 09:51:24.820,1.74935,1.7501,1.00,2.90
2010.05.14 09:51:25.115,1.74935,1.7501,1.00,1.60
2010.05.14 09:51:26.117,1.7496,1.75035,1.60,1.60
2010.05.14 09:51:26.457,1.74975,1.75035,1.30,3.20
2010.05.14 09:51:27.245,1.7496,1.75025,1.60,1.60
2010.05.14 09:51:27.585,1.7495,1.75025,1.30,3.20
2010.05.14 09:51:28.424,1.74955,1.75025,1.00,3.20
2010.05.14 09:51:33.124,1.74955,1.75025,1.60,1.60
2010.05.14 09:51:33.248,1.74965,1.7504,1.30,3.20
2010.05.14 09:51:33.375,1.74965,1.75035,1.30,1.00
2010.05.14 09:51:33.716,1.74955,1.75025,3.20,1.60
2010.05.14 09:51:34.231,1.74955,1.75025,1.60,3.20
2010.05.14 09:51:34.578,1.74945,1.75025,1.70,3.20
2010.05.14 09:51:34.879,1.74955,1.7502,1.00,3.20
2010.05.14 09:51:35.658,1.7495,1.75025,1.30,3.20
2010.05.14 09:51:35.997,1.7494,1.7502,1.30,3.20
2010.05.14 09:51:36.335,1.74935,1.75005,1.50,3.20
2010.05.14 09:51:37.165,1.74935,1.7501,1.50,1.60
2010.05.14 09:51:38.847,1.74945,1.7501,1.00,1.60
2010.05.14 09:51:39.137,1.74945,1.7502,1.00,3.20
2010.05.14 09:51:40.074,1.7494,1.7502,1.30,3.20
2010.05.14 09:51:43.229,1.74945,1.7502,1.30,3.20
2010.05.14 09:51:43.520,1.74945,1.7502,1.00,3.20
2010.05.14 09:51:44.085,1.7495,1.75025,1.30,3.20
2010.05.14 09:51:45.514,1.7495,1.75025,1.30,3.20
2010.05.14 09:51:46.194,1.7494,1.75015,4.50,1.00
2010.05.14 09:51:46.374,1.74935,1.7501,2.90,1.60
2010.05.14 09:51:46.940,1.74935,1.7501,1.40,1.60
2010.05.14 09:51:47.160,1.7494,1.7502,1.30,3.20
2010.05.14 09:51:47.376,1.74945,1.7502,1.00,3.20
2010.05.14 09:51:49.779,1.7494,1.7502,1.30,3.20
2010.05.14 09:51:50.086,1.7494,1.75015,1.30,1.60
2010.05.14 09:51:51.659,1.74945,1.75015,1.00,1.60
2010.05.14 09:51:51.894,1.7494,1.75015,1.30,1.60
2010.05.14 09:51:52.562,1.74935,1.75,1.70,1.60
2010.05.14 09:51:52.769,1.74935,1.75005,1.50,1.60
2010.05.14 09:51:54.304,1.74935,1.7501,1.50,3.20
2010.05.14 09:51:54.985,1.74945,1.7501,1.00,3.20
2010.05.14 09:51:55.548,1.74945,1.75005,1.00,1.60
2010.05.14 09:51:55.839,1.74935,1.7501,3.10,3.20
2010.05.14 09:51:56.135,1.74935,1.7501,1.50,3.20
2010.05.14 09:51:56.726,1.7493,1.75005,1.60,3.20
2010.05.14 09:51:57.025,1.74935,1.75005,1.00,3.20
2010.05.14 09:51:57.502,1.74925,1.75005,3.10,3.20
2010.05.14 09:51:59.185,1.7495,1.7502,1.30,1.60
2010.05.14 09:51:59.458,1.74935,1.75005,1.00,3.20
2010.05.14 09:51:59.723,1.7494,1.75005,1.30,1.60
2010.05.14 09:51:59.987,1.7494,1.75015,1.30,1.60
2010.05.14 09:52:00.695,1.74935,1.75005,1.00,3.20
2010.05.14 09:52:01.034,1.74935,1.7501,1.00,3.20
2010.05.14 09:52:01.375,1.74935,1.75005,1.00,1.60
2010.05.14 09:52:02.117,1.74935,1.75005,1.00,3.20
2010.05.14 09:52:02.377,1.7494,1.75015,1.30,1.60
2010.05.14 09:52:03.136,1.74935,1.74995,1.30,1.60
2010.05.14 09:52:03.467,1.74905,1.7498,1.50,1.60
2010.05.14 09:52:03.796,1.74905,1.7498,1.30,1.60
2010.05.14 09:52:04.596,1.74905,1.7499,4.70,1.60
2010.05.14 09:52:04.934,1.74905,1.7499,4.50,1.60
2010.05.14 09:52:05.278,1.74895,1.74975,1.60,1.60
2010.05.14 09:52:06.086,1.74925,1.75,2.90,3.20
2010.05.14 09:52:06.427,1.74915,1.74985,1.60,3.20
2010.05.14 09:52:07.349,1.74895,1.7498,4.50,2.90
2010.05.14 09:52:07.646,1.74895,1.7497,1.60,1.30
2010.05.14 09:52:08.477,1.7489,1.7497,1.60,1.60
2010.05.14 09:52:09.675,1.74895,1.7498,3.20,4.50
2010.05.14 09:52:10.017,1.74895,1.7498,3.30,2.90
2010.05.14 09:52:10.214,1.74895,1.7498,3.30,1.30
2010.05.14 09:52:11.094,1.74905,1.7498,1.00,1.30
2010.05.14 09:52:12.226,1.74895,1.7498,3.20,1.30
2010.05.14 09:52:12.353,1.74895,1.7497,3.20,1.30
2010.05.14 09:52:12.476,1.74895,1.74975,1.00,4.50
2010.05.14 09:52:13.066,1.74895,1.74975,1.00,1.30
2010.05.14 09:52:13.199,1.74905,1.7499,3.20,1.30
2010.05.14 09:52:13.537,1.749,1.7498,1.60,1.30
2010.05.14 09:52:14.505,1.74905,1.7498,3.20,1.30
2010.05.14 09:52:14.845,1.749,1.7498,1.60,1.30
2010.05.14 09:52:16.021,1.74905,1.7498,1.00,1.30
2010.05.14 09:52:16.368,1.7491,1.7499,1.60,1.30
2010.05.14 09:52:18.436,1.749,1.74975,3.20,1.30
2010.05.14 09:52:18.637,1.74905,1.7498,1.60,1.30
2010.05.14 09:52:18.836,1.7491,1.7499,1.60,1.30
2010.05.14 09:52:20.245,1.749,1.7498,3.20,1.30
2010.05.14 09:52:21.749,1.7491,1.7498,1.60,1.30
2010.05.14 09:52:21.948,1.7491,1.74985,1.60,1.00
2010.05.14 09:52:22.147,1.7491,1.7498,1.60,1.30
2010.05.14 09:52:22.657,1.7491,1.74975,1.60,1.30
2010.05.14 09:52:22.855,1.74895,1.74975,1.60,1.30
2010.05.14 09:52:23.885,1.7489,1.74975,3.20,2.90
2010.05.14 09:52:24.114,1.7489,1.74975,3.20,4.50
2010.05.14 09:52:25.524,1.7489,1.7497,1.60,2.90
2010.05.14 09:52:26.217,1.74885,1.7497,1.70,4.50
2010.05.14 09:52:28.043,1.74885,1.7497,3.10,3.20
2010.05.14 09:52:28.646,1.7489,1.74975,3.20,4.50
2010.05.14 09:52:29.905,1.7489,1.7497,1.60,2.90
2010.05.14 09:52:30.567,1.74885,1.7497,1.70,4.50
2010.05.14 09:52:30.794,1.74885,1.74965,1.60,1.00
2010.05.14 09:52:31.074,1.74885,1.7497,1.60,4.50
2010.05.14 09:52:31.635,1.74885,1.7497,1.70,4.50
2010.05.14 09:52:31.915,1.74885,1.7497,1.60,4.50
2010.05.14 09:52:32.065,1.74885,1.7496,1.70,1.30
2010.05.14 09:52:32.216,1.74885,1.7496,1.00,1.30
2010.05.14 09:52:32.366,1.74885,1.74965,1.00,1.60
2010.05.14 09:52:32.988,1.74885,1.7496,1.70,1.30
2010.05.14 09:52:33.184,1.74885,1.7497,3.30,1.30
2010.05.14 09:52:33.784,1.74895,1.7497,1.00,1.30
2010.05.14 09:52:34.403,1.74895,1.74975,1.70,1.30
2010.05.14 09:52:34.655,1.749,1.7498,3.20,1.30
2010.05.14 09:52:37.234,1.74905,1.7498,1.00,1.30
2010.05.14 09:52:37.711,1.7491,1.7498,1.60,1.30
2010.05.14 09:52:37.927,1.74905,1.7499,1.60,2.90
2010.05.14 09:52:38.135,1.7491,1.74985,1.60,1.00
2010.05.14 09:52:38.345,1.7491,1.7499,1.60,2.90
2010.05.14 09:52:38.553,1.7491,1.7499,1.60,1.30
2010.05.14 09:52:40.034,1.74905,1.7499,3.30,4.50
2010.05.14 09:52:45.036,1.74915,1.7499,1.00,4.50
2010.05.14 09:52:45.205,1.74915,1.7499,1.50,3.20
2010.05.14 09:52:45.375,1.7492,1.75005,1.60,4.50
2010.05.14 09:52:49.674,1.74925,1.75005,1.00,4.50
2010.05.14 09:52:49.814,1.74925,1.75005,3.20,1.30
2010.05.14 09:52:49.953,1.74925,1.7501,3.20,3.20
2010.05.14 09:52:50.988,1.74925,1.7501,3.30,3.20
2010.05.14 09:52:52.312,1.74925,1.7499,1.70,1.60
2010.05.14 09:52:52.778,1.74925,1.75005,1.70,3.20
2010.05.14 09:52:52.955,1.74925,1.75005,3.20,1.00
2010.05.14 09:52:53.427,1.74925,1.7501,3.20,3.20
2010.05.14 09:52:53.606,1.7493,1.7501,1.30,3.20
2010.05.14 09:52:54.259,1.74925,1.7501,3.30,3.20
2010.05.14 09:52:54.566,1.74925,1.75005,3.20,1.00
2010.05.14 09:52:55.184,1.74925,1.7501,3.20,3.20
2010.05.14 09:52:56.315,1.74925,1.7501,3.30,3.20
2010.05.14 09:52:58.914,1.74925,1.7501,3.20,3.20
2010.05.14 09:52:59.174,1.7492,1.75005,1.60,4.50
2010.05.14 09:53:01.036,1.74915,1.7499,1.00,1.60
2010.05.14 09:53:02.177,1.74905,1.7499,3.20,1.60
2010.05.14 09:53:02.915,1.74905,1.7499,3.20,1.60
2010.05.14 09:53:03.033,1.74895,1.74965,1.60,1.30
2010.05.14 09:53:03.145,1.74885,1.74965,1.00,2.90
2010.05.14 09:53:03.918,1.7488,1.74965,3.20,2.90
2010.05.14 09:53:04.255,1.74875,1.7496,3.30,4.50
2010.05.14 09:53:06.444,1.7488,1.7496,1.30,3.20
2010.05.14 09:53:06.634,1.7489,1.7497,1.60,2.90
2010.05.14 09:53:07.684,1.74895,1.7497,1.00,2.90
2010.05.14 09:53:07.974,1.74895,1.7497,1.00,1.60
2010.05.14 09:53:08.565,1.74895,1.74975,1.70,1.60
2010.05.14 09:53:08.905,1.74905,1.7498,1.00,4.50
2010.05.14 09:53:09.584,1.74905,1.7498,1.00,4.50
2010.05.14 09:53:10.162,1.74915,1.7498,1.00,4.50
2010.05.14 09:53:10.509,1.7491,1.74985,1.60,1.60
2010.05.14 09:53:10.846,1.74905,1.74985,1.00,4.50
2010.05.14 09:53:11.608,1.749,1.74985,3.20,4.50
2010.05.14 09:53:11.944,1.74905,1.74985,1.00,4.50
2010.05.14 09:53:12.183,1.74905,1.74985,1.00,3.20
2010.05.14 09:53:12.506,1.749,1.74985,3.20,3.20
2010.05.14 09:53:12.757,1.74905,1.74985,1.00,3.20
2010.05.14 09:53:13.664,1.74905,1.74985,1.00,4.80
2010.05.14 09:53:14.044,1.74905,1.74985,4.70,1.60
2010.05.14 09:53:15.840,1.74905,1.74985,1.00,4.80
2010.05.14 09:53:15.978,1.74905,1.74985,1.00,3.20
2010.05.14 09:53:16.255,1.7491,1.74985,1.60,1.60
2010.05.14 09:53:18.920,1.74905,1.74985,4.70,1.60
2010.05.14 09:53:21.264,1.74905,1.7499,4.70,1.60
2010.05.14 09:53:21.795,1.74905,1.7498,3.30,1.30
2010.05.14 09:53:22.596,1.7489,1.7496,1.60,1.60
2010.05.14 09:53:22.935,1.74885,1.74935,1.00,1.30
2010.05.14 09:53:23.737,1.7488,1.74965,1.60,4.60
2010.05.14 09:53:24.038,1.74885,1.74965,1.00,4.50
2010.05.14 09:53:24.543,1.74885,1.74955,1.00,1.60
2010.05.14 09:53:24.837,1.74885,1.74965,1.00,4.50
2010.05.14 09:53:25.176,1.74885,1.74965,1.00,3.20
2010.05.14 09:53:25.854,1.74885,1.74965,1.00,4.50
2010.05.14 09:53:27.435,1.74885,1.74965,3.30,1.30
2010.05.14 09:53:27.583,1.74885,1.7497,3.30,4.50
2010.05.14 09:53:28.606,1.74885,1.74965,1.70,2.90
2010.05.14 09:53:28.905,1.74885,1.74965,1.00,4.50
2010.05.14 09:53:31.656,1.7488,1.74965,1.60,4.50
2010.05.14 09:53:33.740,1.7488,1.74955,1.60,1.30
2010.05.14 09:53:33.788,1.74875,1.7495,1.00,1.60
2010.05.14 09:53:34.365,1.74875,1.7496,1.70,6.10
2010.05.14 09:53:34.635,1.74875,1.7496,1.70,4.50
2010.05.14 09:53:35.636,1.74875,1.7495,1.00,1.60
2010.05.14 09:53:38.215,1.74885,1.7495,1.00,1.60
2010.05.14 09:53:38.385,1.74885,1.7496,1.00,4.50
2010.05.14 09:53:39.010,1.74875,1.7496,1.70,4.50
2010.05.14 09:53:39.185,1.74885,1.7495,1.00,1.60
2010.05.14 09:53:39.476,1.74885,1.7495,1.00,1.60
2010.05.14 09:53:39.895,1.74885,1.7496,1.00,4.50
2010.05.14 09:53:40.896,1.74885,1.7496,1.00,3.20
2010.05.14 09:53:41.243,1.74905,1.74965,1.00,4.50
2010.05.14 09:53:41.511,1.7492,1.74965,1.60,1.60
2010.05.14 09:53:42.237,1.749,1.74985,4.50,3.20
2010.05.14 09:53:42.577,1.74905,1.74985,1.00,4.50
2010.05.14 09:53:44.078,1.74915,1.75,1.70,4.50
2010.05.14 09:53:44.954,1.74915,1.75,1.60,4.50
2010.05.14 09:53:45.676,1.74915,1.74985,1.00,1.30
2010.05.14 09:53:45.864,1.74915,1.75,1.70,4.50
2010.05.14 09:53:46.047,1.74915,1.75,1.60,4.50
2010.05.14 09:53:46.414,1.74915,1.75,1.70,4.50
2010.05.14 09:53:47.365,1.74915,1.75,3.30,4.50
2010.05.14 09:53:48.374,1.74915,1.75,1.70,4.50
2010.05.14 09:53:49.576,1.74915,1.74995,1.70,1.60
2010.05.14 09:53:52.536,1.74915,1.7499,1.00,1.60
2010.05.14 09:53:52.765,1.74905,1.7499,4.60,1.60
2010.05.14 09:53:52.993,1.74905,1.74985,3.20,1.30
2010.05.14 09:53:53.854,1.74905,1.74985,1.00,4.50
2010.05.14 09:53:56.176,1.74905,1.7497,1.00,1.60
2010.05.14 09:53:56.365,1.74905,1.7497,1.00,3.20
2010.05.14 09:53:57.158,1.74905,1.7497,1.00,1.60
2010.05.14 09:53:57.368,1.74905,1.74985,1.00,3.20
2010.05.14 09:54:03.294,1.74905,1.74975,1.00,1.60
2010.05.14 09:54:03.989,1.74915,1.7499,1.00,1.60
2010.05.14 09:54:04.075,1.74905,1.7499,4.70,1.60
2010.05.14 09:54:04.415,1.74905,1.7499,4.60,1.60
2010.05.14 09:54:07.846,1.74915,1.74995,1.00,1.30
2010.05.14 09:54:08.044,1.74915,1.74995,1.00,1.30
2010.05.14 09:54:12.113,1.74915,1.74995,1.00,1.30
2010.05.14 09:54:12.915,1.74915,1.74995,1.00,1.30
2010.05.14 09:54:13.177,1.74915,1.7497,1.00,1.60
2010.05.14 09:54:13.266,1.749,1.7497,1.00,1.60
2010.05.14 09:54:14.496,1.74895,1.7497,1.00,1.60
2010.05.14 09:54:15.554,1.74905,1.7497,1.00,1.60
2010.05.14 09:54:17.347,1.74895,1.7497,1.00,1.60
2010.05.14 09:54:18.088,1.7489,1.7497,1.60,1.60
2010.05.14 09:54:18.257,1.74885,1.7496,1.00,3.20
2010.05.14 09:54:18.425,1.74895,1.7496,1.00,3.20
2010.05.14 09:54:19.125,1.74885,1.7496,1.00,3.20
2010.05.14 09:54:22.237,1.74885,1.74955,1.00,4.50
2010.05.14 09:54:22.565,1.74875,1.74955,1.00,4.50
2010.05.14 09:54:23.696,1.74885,1.74955,1.00,4.50
2010.05.14 09:54:24.006,1.74885,1.74955,1.00,4.50
2010.05.14 09:54:24.335,1.74875,1.7494,1.00,3.20
2010.05.14 09:54:24.593,1.74865,1.7494,1.00,3.20
2010.05.14 09:54:25.358,1.74875,1.7494,1.00,3.20
2010.05.14 09:54:25.691,1.74875,1.74945,1.00,1.60
2010.05.14 09:54:26.016,1.74885,1.7495,1.00,1.60
2010.05.14 09:54:26.509,1.74885,1.74955,1.00,4.50
2010.05.14 09:54:26.845,1.74875,1.74955,1.00,4.50
2010.05.14 09:54:28.756,1.74875,1.7495,1.00,2.90
2010.05.14 09:54:28.954,1.74875,1.74945,1.00,1.60
2010.05.14 09:54:33.375,1.74885,1.74955,1.00,4.50
2010.05.14 09:54:33.986,1.7487,1.74955,2.90,4.50
2010.05.14 09:54:34.817,1.74865,1.7494,1.00,3.20
2010.05.14 09:54:35.154,1.74865,1.74945,1.00,1.60
2010.05.14 09:54:36.107,1.74865,1.74945,1.00,2.90
2010.05.14 09:54:36.462,1.74865,1.7494,1.00,3.20
2010.05.14 09:54:37.066,1.74865,1.7494,1.00,3.20
2010.05.14 09:54:37.824,1.74855,1.7494,4.70,3.20
2010.05.14 09:54:38.084,1.74865,1.7494,1.00,3.20
2010.05.14 09:54:39.520,1.74875,1.74955,1.00,4.50
2010.05.14 09:54:39.796,1.7487,1.749,1.60,1.30
2010.05.14 09:54:40.076,1.74825,1.749,1.00,2.90
2010.05.14 09:54:40.860,1.7484,1.74925,2.90,4.50
2010.05.14 09:54:41.226,1.74835,1.7492,3.20,4.50
2010.05.14 09:54:42.024,1.74845,1.7492,1.00,3.20
2010.05.14 09:54:42.298,1.74845,1.74925,1.50,3.20
2010.05.14 09:54:42.578,1.74865,1.7493,1.00,3.20
2010.05.14 09:54:43.070,1.74865,1.7493,1.00,1.60
2010.05.14 09:54:43.406,1.74865,1.74945,1.00,3.20
2010.05.14 09:54:43.745,1.7486,1.74945,2.90,1.60
2010.05.14 09:54:44.512,1.74855,1.74935,1.00,1.60
2010.05.14 09:54:44.788,1.7486,1.7494,3.20,1.30
2010.05.14 09:54:46.089,1.7486,1.74935,3.20,1.00
2010.05.14 09:54:46.430,1.7484,1.74925,4.50,1.40
2010.05.14 09:54:46.766,1.74845,1.74925,1.00,1.30
2010.05.14 09:54:47.035,1.74845,1.74925,1.00,1.30
2010.05.14 09:54:47.744,1.7485,1.7493,1.60,1.60
2010.05.14 09:54:47.905,1.7484,1.74925,4.50,1.50
2010.05.14 09:54:48.064,1.7484,1.74925,4.50,1.30
2010.05.14 09:54:48.224,1.7484,1.74925,4.50,1.50
2010.05.14 09:54:48.887,1.7485,1.74905,1.60,1.30
2010.05.14 09:54:49.227,1.74845,1.749,3.20,1.30
2010.05.14 09:54:49.565,1.74845,1.74905,3.20,1.30
2010.05.14 09:54:50.745,1.74845,1.74905,1.60,1.30
2010.05.14 09:54:51.086,1.7483,1.7491,2.90,1.60
2010.05.14 09:54:51.582,1.7483,1.74905,1.60,1.30
2010.05.14 09:54:51.943,1.74815,1.74895,1.00,3.20
2010.05.14 09:54:52.289,1.74825,1.749,1.00,2.90
2010.05.14 09:54:52.994,1.7482,1.749,1.60,2.90
2010.05.14 09:54:53.269,1.7481,1.7489,1.60,1.30
2010.05.14 09:54:53.527,1.74805,1.7488,1.30,3.20
2010.05.14 09:54:54.301,1.74795,1.74865,1.00,3.20
2010.05.14 09:54:54.650,1.74795,1.7487,3.30,1.30
2010.05.14 09:54:55.507,1.74795,1.7488,3.30,3.20
2010.05.14 09:54:55.848,1.74795,1.7487,3.20,1.30
2010.05.14 09:54:56.188,1.7478,1.74865,3.20,3.20
2010.05.14 09:54:56.996,1.74775,1.74855,3.20,3.00
2010.05.14 09:54:57.335,1.74775,1.7485,1.60,1.60
2010.05.14 09:54:57.675,1.7478,1.74855,1.60,1.40
2010.05.14 09:54:58.190,1.7478,1.74855,1.60,1.00
2010.05.14 09:54:58.541,1.7479,1.74875,4.50,3.20
2010.05.14 09:54:59.338,1.7479,1.7487,3.20,1.30
2010.05.14 09:54:59.655,1.7479,1.74875,4.50,3.20
2010.05.14 09:54:59.974,1.74795,1.74875,1.60,1.60
2010.05.14 09:55:00.716,1.7479,1.74875,4.50,3.20
2010.05.14 09:55:01.005,1.7479,1.74875,4.50,3.30
2010.05.14 09:55:01.779,1.7479,1.7487,3.20,1.30
2010.05.14 09:55:02.086,1.74785,1.74865,3.20,1.00
2010.05.14 09:55:02.307,1.7478,1.74855,3.20,1.00
2010.05.14 09:55:02.829,1.7478,1.7485,3.20,1.30
2010.05.14 09:55:03.049,1.7476,1.74825,1.30,1.00
2010.05.14 09:55:03.268,1.7476,1.74825,1.30,3.20
2010.05.14 09:55:03.787,1.7474,1.74815,1.30,1.60
2010.05.14 09:55:04.130,1.74755,1.7484,2.90,1.60
2010.05.14 09:55:04.942,1.74755,1.7483,1.60,1.30
2010.05.14 09:55:05.288,1.7473,1.7482,3.20,3.20
2010.05.14 09:55:06.049,1.74735,1.74805,1.30,1.60
2010.05.14 09:55:06.356,1.7473,1.74805,1.30,1.60
2010.05.14 09:55:06.695,1.74735,1.74805,4.50,1.00
2010.05.14 09:55:07.227,1.74735,1.74805,1.60,1.00
2010.05.14 09:55:07.836,1.74705,1.7479,3.20,4.50
2010.05.14 09:55:08.137,1.74695,1.7478,4.70,1.60
2010.05.14 09:55:09.097,1.747,1.7477,1.30,1.60
2010.05.14 09:55:09.438,1.74705,1.7478,1.00,3.20
2010.05.14 09:55:09.966,1.74705,1.7478,3.10,1.60
2010.05.14 09:55:10.286,1.74695,1.74785,4.70,4.50
2010.05.14 09:55:10.626,1.74705,1.7478,1.00,3.20
2010.05.14 09:55:11.483,1.74755,1.74835,1.30,3.20
2010.05.14 09:55:11.800,1.7476,1.7484,1.30,1.60
2010.05.14 09:55:12.583,1.74765,1.74845,1.60,1.60
2010.05.14 09:55:13.633,1.7476,1.74825,1.60,1.60
2010.05.14 09:55:13.948,1.7475,1.7483,3.20,2.90
2010.05.14 09:55:14.256,1.7475,1.7482,3.20,1.60
2010.05.14 09:55:15.081,1.7475,1.74825,3.20,1.30
2010.05.14 09:55:15.767,1.74745,1.7482,1.70,1.30
2010.05.14 09:55:16.576,1.7475,1.74825,3.20,1.30
2010.05.14 09:55:17.771,1.7473,1.74805,3.20,1.30
2010.05.14 09:55:18.108,1.74725,1.748,1.60,1.30
2010.05.14 09:55:18.385,1.74725,1.748,1.70,1.30
2010.05.14 09:55:19.061,1.7473,1.748,3.20,1.30
2010.05.14 09:55:19.336,1.74735,1.74805,1.00,1.60
2010.05.14 09:55:19.675,1.74735,1.74815,3.20,1.30
2010.05.14 09:55:20.015,1.7473,1.74805,1.60,1.30
2010.05.14 09:55:20.811,1.74715,1.748,3.30,4.50
2010.05.14 09:55:21.116,1.7472,1.74805,4.50,3.30
2010.05.14 09:55:21.426,1.74705,1.7479,3.30,2.90
2010.05.14 09:55:22.205,1.74695,1.74775,3.00,1.60
2010.05.14 09:55:22.545,1.74695,1.7477,1.60,1.30
2010.05.14 09:55:23.548,1.7471,1.7479,1.60,1.60
2010.05.14 09:55:23.844,1.7471,1.74785,1.60,1.30
2010.05.14 09:55:24.364,1.74705,1.74785,3.20,1.30
2010.05.14 09:55:24.670,1.747,1.7478,1.60,3.20
2010.05.14 09:55:25.499,1.747,1.7478,3.20,2.90
2010.05.14 09:55:25.829,1.74695,1.74775,3.20,1.00
2010.05.14 09:55:26.159,1.74695,1.7477,1.60,1.60
2010.05.14 09:55:26.657,1.74695,1.74765,1.60,1.30
2010.05.14 09:55:26.966,1.7469,1.7477,1.60,1.60
2010.05.14 09:55:27.307,1.74695,1.74755,1.00,1.60
2010.05.14 09:55:28.377,1.7471,1.7477,1.30,3.20
2010.05.14 09:55:29.050,1.747,1.74775,1.30,3.20
2010.05.14 09:55:29.337,1.74725,1.74805,1.00,6.10
2010.05.14 09:55:29.625,1.74725,1.74805,1.00,4.50
2010.05.14 09:55:30.425,1.74725,1.74805,1.00,4.50
2010.05.14 09:55:30.766,1.74725,1.74805,1.00,3.20
2010.05.14 09:55:31.383,1.7473,1.7481,1.60,1.30
2010.05.14 09:55:31.745,1.74735,1.7482,3.20,1.30
2010.05.14 09:55:32.089,1.74725,1.7481,1.70,2.90
2010.05.14 09:55:32.872,1.74735,1.7481,1.00,2.90
2010.05.14 09:55:33.213,1.74765,1.7482,1.60,1.60
2010.05.14 09:55:34.015,1.74775,1.74815,3.20,1.30
2010.05.14 09:55:34.361,1.74765,1.7481,1.60,1.30
2010.05.14 09:55:34.708,1.74775,1.74825,3.20,1.30
2010.05.14 09:55:35.481,1.74775,1.74815,1.60,1.30
2010.05.14 09:55:35.801,1.74765,1.74815,1.60,1.30
2010.05.14 09:55:36.068,1.74765,1.7481,1.60,1.30
2010.05.14 09:55:37.377,1.7477,1.74815,3.20,2.90
2010.05.14 09:55:37.716,1.74755,1.7483,1.00,1.30
2010.05.14 09:55:38.845,1.74745,1.7483,3.30,1.30
2010.05.14 09:55:39.124,1.74745,1.7483,3.20,2.90
2010.05.14 09:55:39.868,1.74755,1.7483,1.00,4.50
2010.05.14 09:55:40.213,1.74745,1.7482,1.00,1.60
2010.05.14 09:55:40.558,1.74755,1.7482,1.00,1.60
2010.05.14 09:55:40.900,1.74755,1.7483,1.00,1.60
2010.05.14 09:55:41.375,1.74755,1.74835,1.00,4.50
2010.05.14 09:55:41.719,1.74755,1.7483,1.00,1.60
2010.05.14 09:55:41.984,1.74765,1.7483,1.00,1.60
2010.05.14 09:55:42.256,1.74765,1.74835,1.00,4.50
2010.05.14 09:55:42.978,1.74755,1.74835,1.00,4.50
2010.05.14 09:55:43.244,1.74765,1.74835,1.00,4.50
2010.05.14 09:55:43.463,1.74755,1.74835,1.00,4.50
2010.05.14 09:55:43.686,1.74765,1.74835,1.00,4.50
2010.05.14 09:55:44.359,1.74765,1.74835,1.00,3.20
2010.05.14 09:55:44.667,1.74765,1.74835,1.60,2.90
2010.05.14 09:55:44.975,1.7475,1.74835,4.50,4.50
2010.05.14 09:55:45.665,1.74755,1.74825,1.00,1.60
2010.05.14 09:55:45.996,1.74755,1.7483,1.00,4.50
2010.05.14 09:55:46.325,1.74745,1.7483,3.30,4.50
2010.05.14 09:55:46.658,1.74745,1.7482,1.00,1.60
2010.05.14 09:55:47.471,1.74755,1.74825,1.00,3.20
2010.05.14 09:55:47.815,1.74755,1.7483,1.00,1.60
2010.05.14 09:55:49.265,1.7475,1.7483,1.30,1.60
2010.05.14 09:55:50.182,1.74745,1.7483,1.70,2.90
2010.05.14 09:55:50.387,1.74745,1.7482,1.00,3.20
2010.05.14 09:55:51.067,1.7474,1.7482,1.60,3.20
2010.05.14 09:55:53.164,1.7474,1.7481,1.60,1.30
2010.05.14 09:55:53.566,1.7474,1.74805,1.60,1.60
2010.05.14 09:55:53.765,1.74735,1.74805,1.00,1.60
2010.05.14 09:55:54.465,1.7474,1.74815,1.60,3.20
2010.05.14 09:55:56.336,1.7474,1.74805,1.60,1.60
2010.05.14 09:55:56.679,1.7474,1.7481,1.60,4.50
2010.05.14 09:55:56.926,1.7474,1.7481,1.60,2.90
2010.05.14 09:55:57.498,1.7474,1.7481,1.60,4.50
2010.05.14 09:55:58.088,1.7474,1.7481,1.60,3.20
2010.05.14 09:55:58.889,1.7474,1.7481,2.90,3.20
2010.05.14 09:55:59.229,1.74745,1.7482,1.00,1.60
2010.05.14 09:55:59.517,1.74745,1.7482,1.00,3.20
2010.05.14 09:56:00.208,1.7474,1.7482,1.60,3.20
2010.05.14 09:56:00.539,1.7474,1.74825,1.30,3.20
2010.05.14 09:56:00.865,1.7474,1.7481,1.30,1.60
2010.05.14 09:56:01.375,1.74735,1.7481,1.00,1.60
2010.05.14 09:56:01.717,1.74735,1.74805,1.00,1.60
2010.05.14 09:56:02.056,1.74735,1.74815,1.00,3.20
2010.05.14 09:56:02.395,1.74775,1.74815,1.00,3.20
2010.05.14 09:56:03.226,1.74775,1.7485,1.30,3.20
2010.05.14 09:56:03.565,1.74765,1.7484,2.40,2.90
2010.05.14 09:56:04.354,1.74775,1.7485,1.00,3.20
2010.05.14 09:56:04.630,1.74785,1.74855,1.00,1.60
2010.05.14 09:56:05.735,1.74765,1.7485,4.70,3.20
2010.05.14 09:56:06.055,1.74785,1.7486,1.00,1.60
2010.05.14 09:56:06.603,1.74785,1.7485,1.00,1.60
2010.05.14 09:56:06.932,1.7479,1.74875,1.60,2.90
2010.05.14 09:56:07.280,1.74775,1.7486,1.70,2.90
2010.05.14 09:56:08.081,1.74775,1.7486,3.10,1.60
2010.05.14 09:56:08.329,1.74775,1.74865,3.20,4.50
2010.05.14 09:56:09.024,1.74765,1.7485,1.00,4.50
2010.05.14 09:56:09.268,1.74765,1.74845,1.70,1.60
2010.05.14 09:56:09.608,1.74775,1.74845,1.00,3.20
2010.05.14 09:56:10.199,1.74765,1.74845,3.10,1.60
2010.05.14 09:56:10.540,1.74765,1.74845,1.00,1.60
2010.05.14 09:56:11.216,1.74765,1.74845,1.00,3.20
2010.05.14 09:56:13.959,1.74795,1.74855,1.00,2.90
2010.05.14 09:56:14.048,1.74795,1.74855,1.00,1.60
2010.05.14 09:56:14.630,1.74785,1.74855,1.00,1.60
2010.05.14 09:56:14.730,1.748,1.7487,1.00,4.50
2010.05.14 09:56:14.827,1.74805,1.7487,1.00,4.50
2010.05.14 09:56:15.933,1.74785,1.7487,3.30,4.50
2010.05.14 09:56:16.127,1.74785,1.74865,1.00,1.60
2010.05.14 09:56:17.337,1.74795,1.74865,1.00,1.60
2010.05.14 09:56:18.210,1.74785,1.74865,1.00,1.60
2010.05.14 09:56:18.945,1.7478,1.74865,1.30,3.20
2010.05.14 09:56:19.515,1.7479,1.74865,1.30,1.60
2010.05.14 09:56:20.316,1.74785,1.7487,3.20,1.30
2010.05.14 09:56:20.655,1.74785,1.7487,1.60,4.50
2010.05.14 09:56:21.221,1.7479,1.7487,1.30,3.20
2010.05.14 09:56:21.568,1.74775,1.7486,4.50,1.60
2010.05.14 09:56:22.245,1.74775,1.7486,4.70,1.60
2010.05.14 09:56:23.135,1.74785,1.7486,1.00,1.60
2010.05.14 09:56:23.355,1.74785,1.74865,1.70,1.60
2010.05.14 09:56:23.961,1.74795,1.7488,1.60,4.50
2010.05.14 09:56:24.295,1.74795,1.74875,1.00,3.20
2010.05.14 09:56:24.635,1.74795,1.74875,1.70,1.60
2010.05.14 09:56:24.975,1.748,1.7488,1.60,1.60
2010.05.14 09:56:25.670,1.7479,1.7487,1.60,2.90
2010.05.14 09:56:26.021,1.74785,1.7486,1.00,3.20
2010.05.14 09:56:26.247,1.74785,1.7486,1.00,1.60
2010.05.14 09:56:26.898,1.74785,1.74865,1.00,1.60
2010.05.14 09:56:27.118,1.74795,1.7486,1.00,1.60
2010.05.14 09:56:27.426,1.7479,1.74865,1.60,1.30
2010.05.14 09:56:27.736,1.7479,1.74875,4.50,3.20
2010.05.14 09:56:28.487,1.74775,1.74855,1.00,3.20
2010.05.14 09:56:28.755,1.74775,1.74855,1.00,1.60
2010.05.14 09:56:29.907,1.74785,1.74855,1.00,1.60
2010.05.14 09:56:30.205,1.74785,1.74865,1.00,3.20
2010.05.14 09:56:30.505,1.74795,1.74865,1.00,3.20
2010.05.14 09:56:31.016,1.74795,1.74875,1.60,3.20
2010.05.14 09:56:31.365,1.7483,1.74885,1.60,1.60
2010.05.14 09:56:31.708,1.74795,1.74875,1.70,1.60
2010.05.14 09:56:32.466,1.74805,1.7489,4.50,4.80
2010.05.14 09:56:32.764,1.74805,1.7489,4.70,4.80
2010.05.14 09:56:34.150,1.74815,1.7489,1.00,4.80
2010.05.14 09:56:34.426,1.74815,1.7489,1.00,3.20
2010.05.14 09:56:34.656,1.74815,1.7489,1.50,3.20
2010.05.14 09:56:35.373,1.7482,1.74905,1.60,3.20
2010.05.14 09:56:35.704,1.7482,1.74905,1.60,3.20
2010.05.14 09:56:36.227,1.74825,1.74905,1.00,3.20
2010.05.14 09:56:36.564,1.7482,1.74905,1.60,3.20
2010.05.14 09:56:38.309,1.7482,1.74895,1.60,1.30
2010.05.14 09:56:38.525,1.74805,1.7489,4.70,3.20
2010.05.14 09:56:40.397,1.74785,1.7487,4.70,3.20
2010.05.14 09:56:40.736,1.74805,1.7487,1.40,1.60
2010.05.14 09:56:40.975,1.74815,1.74885,1.00,3.20
2010.05.14 09:56:41.717,1.74815,1.74885,1.00,3.20
2010.05.14 09:56:42.405,1.74805,1.74875,1.00,1.60
2010.05.14 09:56:43.397,1.74805,1.74885,1.00,3.20
2010.05.14 09:56:44.607,1.74835,1.749,1.00,1.60
2010.05.14 09:56:44.945,1.74825,1.749,1.00,1.60
2010.05.14 09:56:45.939,1.7483,1.749,1.30,1.60
2010.05.14 09:56:49.774,1.7482,1.749,1.30,4.80
2010.05.14 09:56:52.904,1.7482,1.7489,1.30,1.60
2010.05.14 09:56:53.044,1.74815,1.7489,1.50,1.60
2010.05.14 09:56:54.374,1.74815,1.7489,1.00,1.60
2010.05.14 09:56:55.814,1.74815,1.749,1.70,4.80
2010.05.14 09:56:56.315,1.7482,1.749,4.50,1.60
2010.05.14 09:56:56.977,1.74815,1.749,1.60,4.80
2010.05.14 09:56:57.316,1.74805,1.7488,1.60,3.20
2010.05.14 09:56:58.454,1.74805,1.7488,1.70,3.20
2010.05.14 09:57:00.597,1.74805,1.7487,1.60,1.30
2010.05.14 09:57:00.785,1.74805,1.74875,1.60,3.20
2010.05.14 09:57:01.442,1.74805,1.74875,1.70,1.60
2010.05.14 09:57:01.787,1.7481,1.74895,4.50,3.20
2010.05.14 09:57:02.128,1.74815,1.74885,1.00,1.30
2010.05.14 09:57:02.945,1.74805,1.74885,4.80,1.30
2010.05.14 09:57:03.285,1.74805,1.74875,1.60,2.90
2010.05.14 09:57:05.527,1.74795,1.74875,1.60,2.90
2010.05.14 09:57:05.806,1.74805,1.74875,1.00,2.90
2010.05.14 09:57:06.025,1.74805,1.74885,3.20,1.60
2010.05.14 09:57:06.245,1.74805,1.74885,3.30,1.60
2010.05.14 09:57:06.969,1.748,1.7488,3.20,1.30
2010.05.14 09:57:07.986,1.748,1.7487,1.60,2.90
2010.05.14 09:57:08.760,1.74795,1.7487,1.00,2.90
2010.05.14 09:57:09.697,1.7479,1.7487,1.60,4.50
2010.05.14 09:57:10.675,1.7479,1.7487,2.90,3.20
2010.05.14 09:57:10.865,1.74795,1.7488,1.60,2.90
2010.05.14 09:57:11.102,1.74795,1.7488,1.70,2.90
2010.05.14 09:57:11.294,1.74805,1.7488,1.00,2.90
2010.05.14 09:57:12.101,1.74805,1.74885,1.00,1.60
2010.05.14 09:57:12.446,1.74815,1.74885,1.70,1.60
2010.05.14 09:57:12.726,1.7481,1.74885,4.50,1.60
2010.05.14 09:57:13.497,1.74805,1.74885,1.00,1.60
2010.05.14 09:57:14.564,1.7481,1.74885,1.60,1.60
2010.05.14 09:57:15.625,1.7481,1.74895,1.60,4.50
2010.05.14 09:57:15.965,1.7481,1.7489,1.60,4.50
2010.05.14 09:57:16.214,1.7481,1.7489,1.60,2.90
2010.05.14 09:57:17.608,1.7481,1.74885,1.60,1.00
2010.05.14 09:57:17.894,1.7481,1.7489,1.60,2.90
2010.05.14 09:57:18.629,1.74815,1.74895,1.60,1.30
2010.05.14 09:57:18.921,1.7481,1.74895,4.80,4.50
2010.05.14 09:57:20.787,1.7481,1.7489,1.60,2.90
2010.05.14 09:57:21.168,1.74835,1.7489,1.00,2.90
2010.05.14 09:57:21.356,1.74835,1.74895,1.00,1.60
2010.05.14 09:57:21.858,1.74835,1.7491,1.00,4.50
2010.05.14 09:57:22.187,1.74835,1.7491,1.00,4.50
2010.05.14 09:57:22.526,1.7482,1.74875,1.60,1.60
2010.05.14 09:57:23.275,1.7483,1.74915,4.50,4.00
2010.05.14 09:57:23.555,1.74825,1.7491,3.20,2.90
2010.05.14 09:57:24.328,1.7483,1.74915,4.50,4.80
2010.05.14 09:57:25.590,1.74835,1.74915,1.00,4.80
2010.05.14 09:57:25.960,1.7483,1.74915,4.50,3.20
2010.05.14 09:57:26.579,1.74825,1.7491,1.70,4.50
2010.05.14 09:57:27.315,1.74825,1.7491,1.60,4.50
2010.05.14 09:57:27.555,1.74825,1.7491,1.60,4.50
2010.05.14 09:57:27.794,1.74825,1.7491,1.70,4.50
2010.05.14 09:57:28.034,1.74825,1.7491,1.60,4.50
2010.05.14 09:57:28.273,1.74825,1.7491,1.70,4.50
2010.05.14 09:57:28.514,1.74825,1.7491,1.60,4.50
2010.05.14 09:57:28.674,1.74825,1.74905,1.60,1.30
2010.05.14 09:57:29.326,1.74815,1.749,4.50,1.60
2010.05.14 09:57:29.496,1.74815,1.74895,1.00,3.20
2010.05.14 09:57:30.306,1.74825,1.74895,1.00,1.60
2010.05.14 09:57:30.651,1.7484,1.7492,1.60,1.60
2010.05.14 09:57:32.044,1.7485,1.74925,1.60,3.20
2010.05.14 09:57:33.386,1.7485,1.74915,1.60,1.00
2010.05.14 09:57:33.730,1.7485,1.74905,1.60,1.30
2010.05.14 09:57:34.493,1.7485,1.74905,1.60,3.00
2010.05.14 09:57:34.807,1.74825,1.74905,1.70,1.60
2010.05.14 09:57:35.087,1.7483,1.7491,1.60,1.60
2010.05.14 09:57:36.366,1.7483,1.74915,3.20,4.50
2010.05.14 09:57:36.620,1.74805,1.7488,1.60,3.20
2010.05.14 09:57:37.341,1.74805,1.7488,3.30,1.60
2010.05.14 09:57:37.687,1.7483,1.749,2.40,1.60
2010.05.14 09:57:38.027,1.7483,1.74915,6.10,3.20
2010.05.14 09:57:38.846,1.7483,1.74915,6.90,3.20
2010.05.14 09:57:39.189,1.74835,1.74915,1.00,3.20
2010.05.14 09:57:39.525,1.7483,1.74915,6.90,3.20
2010.05.14 09:57:40.026,1.7483,1.74905,5.60,1.30
2010.05.14 09:57:40.371,1.74845,1.74905,1.00,1.00
2010.05.14 09:57:40.720,1.7483,1.74895,1.60,1.70
2010.05.14 09:57:41.543,1.7483,1.7488,1.60,3.20
2010.05.14 09:57:42.642,1.7481,1.7487,1.00,1.30
2010.05.14 09:57:42.914,1.748,1.74865,1.00,3.20
2010.05.14 09:57:43.417,1.748,1.74865,1.00,3.20
2010.05.14 09:57:44.125,1.74795,1.74865,1.00,3.20
2010.05.14 09:57:44.445,1.74795,1.74865,1.60,3.20
2010.05.14 09:57:45.606,1.74795,1.74865,1.60,3.20
2010.05.14 09:57:45.946,1.74795,1.74865,1.60,3.20
2010.05.14 09:57:46.728,1.74795,1.74865,1.60,3.20
2010.05.14 09:57:47.066,1.74795,1.74865,1.60,3.20
2010.05.14 09:57:49.174,1.74805,1.74865,1.60,3.20
2010.05.14 09:57:49.335,1.74805,1.7488,1.70,3.20
2010.05.14 09:57:49.847,1.7481,1.74885,1.60,1.30
2010.05.14 09:57:50.166,1.74815,1.74895,1.00,3.20
2010.05.14 09:57:51.297,1.7481,1.74895,2.40,3.30
2010.05.14 09:57:51.636,1.7481,1.74895,2.40,3.20
2010.05.14 09:57:52.404,1.7481,1.74885,2.40,1.00
2010.05.14 09:57:53.024,1.7481,1.74895,2.40,3.20
2010.05.14 09:57:53.421,1.74815,1.74895,1.00,3.20
2010.05.14 09:57:54.471,1.74815,1.74895,1.00,3.20
2010.05.14 09:57:54.656,1.74815,1.74895,1.00,3.20
2010.05.14 09:57:55.315,1.74815,1.74895,1.00,3.20
2010.05.14 09:57:55.835,1.7482,1.749,1.00,3.20
2010.05.14 09:57:56.995,1.74815,1.749,4.70,3.20
2010.05.14 09:57:59.935,1.7482,1.749,1.30,3.20
2010.05.14 09:58:00.067,1.74825,1.74905,1.60,1.60
2010.05.14 09:58:00.324,1.74825,1.74905,1.70,1.60
2010.05.14 09:58:02.046,1.74835,1.74905,1.00,1.60
2010.05.14 09:58:02.385,1.7483,1.74915,4.50,3.20
2010.05.14 09:58:02.962,1.7483,1.74905,3.20,1.30
2010.05.14 09:58:03.215,1.74825,1.749,1.00,3.20
2010.05.14 09:58:03.744,1.74815,1.749,4.70,3.20
2010.05.14 09:58:04.506,1.74835,1.74915,3.20,1.30
2010.05.14 09:58:06.427,1.74835,1.74915,4.00,1.30
2010.05.14 09:58:07.519,1.74835,1.74915,4.10,1.30
2010.05.14 09:58:08.787,1.74835,1.7491,4.00,1.30
2010.05.14 09:58:09.026,1.74835,1.74915,4.10,1.30
2010.05.14 09:58:09.265,1.7484,1.7492,1.60,1.60
2010.05.14 09:58:09.985,1.7484,1.74925,3.20,2.90
2010.05.14 09:58:10.325,1.74845,1.74925,1.60,3.10
2010.05.14 09:58:10.985,1.74845,1.74915,1.60,1.00
2010.05.14 09:58:11.326,1.74845,1.74915,1.60,1.30
2010.05.14 09:58:11.996,1.74845,1.7492,1.60,1.30
2010.05.14 09:58:13.534,1.74845,1.7491,1.60,1.30
2010.05.14 09:58:13.806,1.74845,1.74905,1.60,1.60
2010.05.14 09:58:14.390,1.74845,1.749,1.60,3.20
2010.05.14 09:58:14.669,1.74845,1.74905,1.60,1.60
2010.05.14 09:58:19.227,1.74845,1.749,1.60,4.50
2010.05.14 09:58:19.421,1.74845,1.74895,1.60,3.20
2010.05.14 09:58:19.618,1.74845,1.74895,1.60,1.60
2010.05.14 09:58:20.405,1.74845,1.7492,1.60,1.30
2010.05.14 09:58:20.757,1.74845,1.74925,3.20,3.00
2010.05.14 09:58:21.094,1.74845,1.74925,1.60,4.60
2010.05.14 09:58:21.435,1.74845,1.74925,1.60,4.50
2010.05.14 09:58:22.295,1.74845,1.74925,1.70,4.50
2010.05.14 09:58:24.054,1.74845,1.74915,1.70,1.60
2010.05.14 09:58:25.868,1.74845,1.74915,1.60,1.60
2010.05.14 09:58:26.198,1.74845,1.74915,1.60,1.00
2010.05.14 09:58:26.984,1.74845,1.74915,1.60,1.40
2010.05.14 09:58:27.329,1.74845,1.7492,1.60,1.30
2010.05.14 09:58:27.654,1.74845,1.74915,1.60,1.40
2010.05.14 09:58:28.328,1.74845,1.7492,1.60,1.60
2010.05.14 09:58:28.835,1.74845,1.74915,1.60,3.20
2010.05.14 09:58:29.476,1.74845,1.74915,1.60,3.20
2010.05.14 09:58:29.808,1.74845,1.7491,1.60,4.50
2010.05.14 09:58:30.137,1.74845,1.749,1.60,1.60
2010.05.14 09:58:31.136,1.74845,1.749,1.60,3.20
2010.05.14 09:58:32.023,1.74825,1.749,1.60,3.20
2010.05.14 09:58:32.707,1.74825,1.749,1.60,3.20
2010.05.14 09:58:33.565,1.74825,1.749,1.60,1.60
2010.05.14 09:58:35.755,1.74825,1.749,1.60,1.60
2010.05.14 09:58:36.373,1.74825,1.749,1.60,1.60
2010.05.14 09:58:37.337,1.74825,1.7491,3.30,3.20
2010.05.14 09:58:40.046,1.74825,1.7491,3.20,3.20
2010.05.14 09:58:40.295,1.74825,1.749,1.60,2.90
2010.05.14 09:58:40.546,1.7483,1.749,1.30,1.60
2010.05.14 09:58:41.077,1.7483,1.74905,1.30,1.60
2010.05.14 09:58:41.417,1.7482,1.74905,1.60,3.20
2010.05.14 09:58:41.755,1.74815,1.74895,1.00,1.60
2010.05.14 09:58:42.766,1.74815,1.749,3.30,2.90
2010.05.14 09:58:43.085,1.74815,1.74895,1.00,1.60
2010.05.14 09:58:44.712,1.74825,1.749,1.00,1.60
2010.05.14 09:58:44.857,1.74825,1.74905,1.50,3.20
2010.05.14 09:58:45.006,1.74825,1.74905,1.00,3.20
2010.05.14 09:58:47.933,1.74825,1.7491,4.70,3.20
2010.05.14 09:58:50.615,1.74835,1.7491,1.00,1.60
2010.05.14 09:58:51.279,1.74835,1.74915,1.60,1.60
2010.05.14 09:58:51.572,1.74825,1.74905,1.00,4.50
2010.05.14 09:58:52.155,1.74825,1.74905,1.00,4.50
2010.05.14 09:58:52.938,1.74815,1.749,4.50,1.60
2010.05.14 09:58:53.257,1.7481,1.74895,4.50,4.60
2010.05.14 09:58:54.297,1.74805,1.74885,1.60,1.60
2010.05.14 09:58:55.477,1.7484,1.74925,4.50,4.50
2010.05.14 09:58:58.308,1.74895,1.74925,1.50,1.60
2010.05.14 09:58:58.539,1.74895,1.7497,1.30,3.20
2010.05.14 09:58:58.787,1.7489,1.7497,1.30,3.20
2010.05.14 09:58:59.532,1.74875,1.7495,1.50,1.60
2010.05.14 09:58:59.877,1.7488,1.7495,1.30,3.20
2010.05.14 09:59:00.362,1.7487,1.7495,1.30,3.20
2010.05.14 09:59:00.702,1.74855,1.74935,1.00,3.20
2010.05.14 09:59:01.048,1.74865,1.74935,1.00,3.20
2010.05.14 09:59:01.864,1.74855,1.74935,1.00,3.20
2010.05.14 09:59:02.203,1.74865,1.74935,1.60,1.60
2010.05.14 09:59:02.540,1.74875,1.74945,1.00,1.60
2010.05.14 09:59:02.877,1.74865,1.74945,1.60,1.60
2010.05.14 09:59:03.639,1.74875,1.7496,3.30,4.50
2010.05.14 09:59:03.929,1.74875,1.7496,3.20,4.50
2010.05.14 09:59:04.267,1.74875,1.74955,1.00,3.20
2010.05.14 09:59:04.731,1.74875,1.74945,1.00,1.30
2010.05.14 09:59:05.078,1.7486,1.7494,1.60,1.60
2010.05.14 09:59:05.357,1.74855,1.74935,1.70,1.60
2010.05.14 09:59:06.103,1.7486,1.7494,1.60,1.60
2010.05.14 09:59:06.439,1.74865,1.7494,1.50,1.60
2010.05.14 09:59:06.765,1.74875,1.7494,1.00,1.60
2010.05.14 09:59:07.596,1.74875,1.7495,1.00,3.20
2010.05.14 09:59:07.936,1.74875,1.74945,1.00,3.20
2010.05.14 09:59:08.275,1.74875,1.7495,1.00,1.60
2010.05.14 09:59:09.255,1.74865,1.7495,4.70,3.20
2010.05.14 09:59:09.525,1.74875,1.7495,1.00,3.20
2010.05.14 09:59:09.787,1.74875,1.7494,1.00,1.60
2010.05.14 09:59:10.047,1.74865,1.74945,1.60,1.60
2010.05.14 09:59:10.820,1.74865,1.74935,1.00,3.20
2010.05.14 09:59:11.734,1.74865,1.74945,1.70,1.60
2010.05.14 09:59:12.416,1.74875,1.74945,1.00,1.60
2010.05.14 09:59:13.204,1.74875,1.7496,4.70,1.60
2010.05.14 09:59:13.544,1.74885,1.7496,1.00,1.60
2010.05.14 09:59:14.215,1.74875,1.7496,4.70,1.60
2010.05.14 09:59:14.516,1.74875,1.7496,4.60,1.60
2010.05.14 09:59:15.589,1.74885,1.7496,1.00,1.60
2010.05.14 09:59:15.724,1.74875,1.7496,4.60,1.60
2010.05.14 09:59:16.224,1.7488,1.7496,1.30,1.60
2010.05.14 09:59:16.566,1.74895,1.74965,1.00,1.60
2010.05.14 09:59:17.241,1.74885,1.74965,1.00,1.60
2010.05.14 09:59:17.450,1.74895,1.74965,1.00,1.60
2010.05.14 09:59:17.646,1.74885,1.74965,1.00,1.60
2010.05.14 09:59:20.505,1.74885,1.74965,1.00,3.20
2010.05.14 09:59:20.755,1.74875,1.7495,1.00,3.20
2010.05.14 09:59:23.886,1.74875,1.74955,1.50,3.20
2010.05.14 09:59:24.115,1.74875,1.7496,4.70,3.20
2010.05.14 09:59:24.346,1.74875,1.74955,1.70,2.90
2010.05.14 09:59:24.890,1.74885,1.74955,1.00,4.50
2010.05.14 09:59:25.228,1.74885,1.74965,1.70,1.60
2010.05.14 09:59:26.677,1.74895,1.74965,1.00,1.60
2010.05.14 09:59:26.938,1.74885,1.74965,1.70,1.60
2010.05.14 09:59:28.416,1.74895,1.74965,1.00,1.60
2010.05.14 09:59:28.675,1.74885,1.74965,1.60,1.60
2010.05.14 09:59:28.925,1.74885,1.7497,3.30,4.50
2010.05.14 09:59:29.410,1.74895,1.7497,1.00,4.50
2010.05.14 09:59:29.667,1.74895,1.74965,1.00,1.60
2010.05.14 09:59:31.125,1.74895,1.74965,1.50,1.60
2010.05.14 09:59:31.467,1.74895,1.7498,4.70,1.60
2010.05.14 09:59:31.807,1.74905,1.7498,1.00,1.60
2010.05.14 09:59:32.594,1.74895,1.7498,3.20,2.90
2010.05.14 09:59:32.846,1.74905,1.7498,1.00,1.60
2010.05.14 09:59:33.087,1.74895,1.74975,3.30,1.60
2010.05.14 09:59:33.327,1.7489,1.74975,3.20,3.20
2010.05.14 09:59:33.565,1.74885,1.7496,1.00,1.60
2010.05.14 09:59:34.716,1.74875,1.7496,4.50,1.60
2010.05.14 09:59:34.875,1.74865,1.74935,1.00,1.60
2010.05.14 09:59:35.354,1.74865,1.7493,1.00,1.60
2010.05.14 09:59:35.514,1.74865,1.7493,1.00,3.20
2010.05.14 09:59:36.209,1.74835,1.74905,1.70,1.60
2010.05.14 09:59:36.438,1.74845,1.7491,1.00,1.60
2010.05.14 09:59:36.666,1.74845,1.7492,1.00,3.20
2010.05.14 09:59:37.528,1.74835,1.7492,3.30,3.20
2010.05.14 09:59:39.035,1.74835,1.7491,1.00,1.60
2010.05.14 09:59:42.084,1.7483,1.7491,1.60,1.60
2010.05.14 09:59:42.276,1.7483,1.74905,1.30,3.20
2010.05.14 09:59:42.466,1.7483,1.74915,6.10,3.20
2010.05.14 09:59:43.145,1.74835,1.7492,1.70,4.50
2010.05.14 09:59:43.405,1.7484,1.7492,1.60,1.60
2010.05.14 09:59:43.664,1.7484,1.74925,3.20,3.20
2010.05.14 09:59:44.686,1.74845,1.74915,1.00,1.30
2010.05.14 09:59:44.975,1.74845,1.74915,1.00,2.90
2010.05.14 09:59:45.255,1.74835,1.7491,1.00,1.60
2010.05.14 09:59:45.535,1.74845,1.7491,1.00,1.60
2010.05.14 09:59:46.067,1.74835,1.7491,1.00,1.60
2010.05.14 09:59:46.413,1.74845,1.7491,1.00,1.60
2010.05.14 09:59:46.758,1.74835,1.74905,1.00,4.50
2010.05.14 09:59:46.987,1.74835,1.7491,1.00,1.60
2010.05.14 09:59:47.466,1.74845,1.7491,1.00,1.60
2010.05.14 09:59:47.700,1.74845,1.7492,1.00,4.50
2010.05.14 09:59:47.927,1.74845,1.74915,1.00,2.90
2010.05.14 09:59:48.265,1.74845,1.7491,1.00,1.60
2010.05.14 09:59:49.209,1.74845,1.7492,1.00,1.60
2010.05.14 09:59:49.346,1.74845,1.74925,1.00,3.20
2010.05.14 09:59:49.615,1.74845,1.74925,1.00,4.50
2010.05.14 09:59:49.745,1.74845,1.7492,1.00,3.20
2010.05.14 09:59:53.336,1.74845,1.7492,1.00,1.60
2010.05.14 09:59:53.576,1.74845,1.7492,1.00,3.20
2010.05.14 09:59:54.025,1.74845,1.74925,1.00,4.50
2010.05.14 09:59:54.653,1.74845,1.7492,1.00,1.60
2010.05.14 09:59:54.860,1.74855,1.74925,1.00,3.20
2010.05.14 09:59:55.068,1.7485,1.7493,1.60,2.90
2010.05.14 09:59:55.763,1.7485,1.74905,1.60,1.30
2010.05.14 09:59:56.110,1.74835,1.749,1.60,1.60
2010.05.14 09:59:56.447,1.74835,1.74895,1.00,1.60
2010.05.14 09:59:57.415,1.74825,1.74895,4.60,1.60
2010.05.14 09:59:57.755,1.74825,1.74885,1.00,1.60
2010.05.14 09:59:59.116,1.74845,1.74915,1.00,1.60
