2016.09.06 03:00:00.321,1.52353,1.52381,1.00,1.00
2016.09.06 03:00:00.473,1.5235,1.5238,1.00,1.00
2016.09.06 03:00:02.218,1.5235,1.5238,1.50,1.00
2016.09.06 03:00:02.534,1.5235,1.52379,1.00,1.00
2016.09.06 03:00:04.245,1.52351,1.52379,1.00,1.00
2016.09.06 03:00:05.735,1.52354,1.52381,1.00,1.00
2016.09.06 03:00:06.236,1.5235,1.52375,1.00,1.00
2016.09.06 03:00:06.287,1.5235,1.52375,1.00,1.00
2016.09.06 03:00:06.338,1.52348,1.52375,1.00,1.00
2016.09.06 03:00:06.440,1.52345,1.52374,1.00,1.00
2016.09.06 03:00:06.864,1.52347,1.52375,1.00,1.00
2016.09.06 03:00:07.167,1.52343,1.52371,1.50,1.00
2016.09.06 03:00:07.218,1.52343,1.52371,1.00,1.00
2016.09.06 03:00:07.307,1.52343,1.52371,1.00,1.00
2016.09.06 03:00:07.511,1.52343,1.52371,1.00,1.00
2016.09.06 03:00:07.865,1.52341,1.52371,1.00,1.00
2016.09.06 03:00:08.012,1.52341,1.52371,1.50,1.00
2016.09.06 03:00:08.316,1.52341,1.52371,1.00,1.00
2016.09.06 03:00:08.468,1.52345,1.52373,1.00,1.00
2016.09.06 03:00:08.542,1.5235,1.52378,1.00,1.00
2016.09.06 03:00:08.592,1.5235,1.52378,1.00,1.00
2016.09.06 03:00:09.469,1.52349,1.52377,1.00,1.00
2016.09.06 03:00:12.646,1.52349,1.52378,1.00,1.00
2016.09.06 03:00:14.591,1.52348,1.52378,1.00,1.00
2016.09.06 03:00:17.255,1.52353,1.52383,1.00,1.00
2016.09.06 03:00:17.306,1.52354,1.52383,1.00,1.00
2016.09.06 03:00:17.457,1.5236,1.52388,1.00,1.00
2016.09.06 03:00:17.508,1.5236,1.52388,1.00,1.00
2016.09.06 03:00:17.609,1.5236,1.52388,1.00,1.00
2016.09.06 03:00:18.591,1.5236,1.52387,1.00,1.00
2016.09.06 03:00:18.642,1.5236,1.52387,1.00,1.00
2016.09.06 03:00:18.743,1.5236,1.52387,1.00,1.00
2016.09.06 03:00:23.053,1.5236,1.52387,1.00,1.00
2016.09.06 03:00:23.432,1.5236,1.52388,1.00,1.00
2016.09.06 03:00:23.483,1.52351,1.52378,1.00,1.00
2016.09.06 03:00:23.639,1.52347,1.52376,1.00,1.00
2016.09.06 03:00:23.691,1.52344,1.52372,1.00,1.00
2016.09.06 03:00:23.893,1.52346,1.52375,1.00,1.00
2016.09.06 03:00:24.250,1.52346,1.52375,1.00,1.00
2016.09.06 03:00:24.402,1.52344,1.52371,1.00,1.00
2016.09.06 03:00:26.503,1.52344,1.52371,1.00,1.00
2016.09.06 03:00:30.770,1.5234,1.52369,1.00,1.00
2016.09.06 03:00:30.922,1.5234,1.52369,1.00,1.00
2016.09.06 03:00:31.772,1.5234,1.52368,1.00,1.00
2016.09.06 03:00:32.126,1.5234,1.52368,1.00,1.00
2016.09.06 03:00:32.176,1.52336,1.52364,1.00,1.00
2016.09.06 03:00:32.227,1.52336,1.52364,1.00,1.00
2016.09.06 03:00:32.328,1.52336,1.52364,1.00,1.00
2016.09.06 03:00:32.459,1.52338,1.52365,1.00,1.00
2016.09.06 03:00:32.610,1.52339,1.52367,1.00,1.00
2016.09.06 03:00:34.729,1.52339,1.52367,1.00,1.00
2016.09.06 03:00:34.780,1.52335,1.52365,1.00,1.00
2016.09.06 03:00:34.932,1.52333,1.52362,1.50,1.00
2016.09.06 03:00:35.222,1.52333,1.52362,1.00,1.00
2016.09.06 03:00:35.759,1.52334,1.52361,1.00,1.00
2016.09.06 03:00:35.925,1.52332,1.52361,1.00,1.00
2016.09.06 03:00:39.801,1.52331,1.52358,1.00,1.00
2016.09.06 03:00:40.337,1.52332,1.52359,1.00,1.00
2016.09.06 03:00:41.108,1.5233,1.5236,1.00,1.00
2016.09.06 03:00:41.187,1.52333,1.52361,1.00,1.00
2016.09.06 03:00:41.289,1.52331,1.52361,1.50,1.00
2016.09.06 03:00:41.340,1.52332,1.52361,1.00,1.00
2016.09.06 03:00:41.391,1.52334,1.52364,1.00,1.00
2016.09.06 03:00:41.540,1.52344,1.52364,1.00,1.00
2016.09.06 03:00:41.643,1.52334,1.52364,1.00,1.00
2016.09.06 03:00:41.845,1.52334,1.52364,1.50,1.00
2016.09.06 03:00:42.294,1.52335,1.52365,1.00,1.00
2016.09.06 03:00:43.902,1.52334,1.52361,1.00,1.00
2016.09.06 03:00:44.451,1.52334,1.5236,1.00,1.00
2016.09.06 03:00:44.552,1.52332,1.5236,1.00,1.00
2016.09.06 03:00:45.202,1.52331,1.52359,1.00,1.00
2016.09.06 03:00:45.322,1.52333,1.52359,1.00,1.00
2016.09.06 03:00:48.125,1.52331,1.52359,1.00,1.00
2016.09.06 03:00:48.869,1.52331,1.52358,1.00,1.00
2016.09.06 03:00:50.329,1.5233,1.5236,1.00,1.00
2016.09.06 03:00:50.430,1.52334,1.5236,1.00,1.00
2016.09.06 03:00:56.827,1.52334,1.52361,1.50,1.00
2016.09.06 03:00:57.182,1.52334,1.52361,1.00,1.00
2016.09.06 03:00:57.732,1.52333,1.5236,1.00,1.00
2016.09.06 03:00:58.537,1.52333,1.52362,1.00,1.00
2016.09.06 03:01:01.758,1.52332,1.52359,1.00,1.00
2016.09.06 03:01:06.170,1.52331,1.52359,1.00,1.00
2016.09.06 03:01:08.227,1.52332,1.52359,1.00,1.00
2016.09.06 03:01:09.742,1.52333,1.52361,1.00,1.00
2016.09.06 03:01:10.046,1.52329,1.52354,1.50,1.00
2016.09.06 03:01:10.142,1.52326,1.52354,1.00,1.00
2016.09.06 03:01:10.192,1.52326,1.52354,1.00,1.00
2016.09.06 03:01:10.243,1.52324,1.5235,1.00,1.00
2016.09.06 03:01:10.344,1.52325,1.52354,1.00,1.00
2016.09.06 03:01:10.395,1.52325,1.52354,1.00,1.00
2016.09.06 03:01:10.445,1.52323,1.5235,1.00,1.00
2016.09.06 03:01:10.844,1.52324,1.52354,1.00,1.00
2016.09.06 03:01:11.891,1.52324,1.52354,1.00,1.00
2016.09.06 03:01:11.942,1.52323,1.5235,1.50,1.00
2016.09.06 03:01:11.992,1.52324,1.5235,1.00,1.00
2016.09.06 03:01:13.244,1.52324,1.52351,1.50,1.00
2016.09.06 03:01:13.752,1.52324,1.52352,1.50,1.00
2016.09.06 03:01:20.405,1.52326,1.52355,1.00,1.00
2016.09.06 03:01:20.456,1.52327,1.52357,1.00,1.00
2016.09.06 03:01:20.856,1.52329,1.52358,1.00,1.00
2016.09.06 03:01:20.906,1.52329,1.52358,1.00,1.00
2016.09.06 03:01:21.057,1.52338,1.52366,1.00,1.00
2016.09.06 03:01:21.170,1.52343,1.5237,1.50,1.00
2016.09.06 03:01:21.373,1.52339,1.52369,1.00,1.00
2016.09.06 03:01:21.525,1.52339,1.52369,1.00,1.00
2016.09.06 03:01:21.626,1.52339,1.52369,1.00,1.00
2016.09.06 03:01:21.727,1.52339,1.52369,1.00,1.00
2016.09.06 03:01:21.778,1.52333,1.52363,1.87,1.00
2016.09.06 03:01:21.829,1.52333,1.52363,1.00,1.00
2016.09.06 03:01:22.138,1.52329,1.52357,1.00,1.00
2016.09.06 03:01:22.441,1.52332,1.52359,1.00,1.00
2016.09.06 03:01:26.561,1.52333,1.52362,1.00,1.00
2016.09.06 03:01:26.612,1.52333,1.52362,1.50,1.00
2016.09.06 03:01:26.663,1.52336,1.52364,1.00,1.00
2016.09.06 03:01:32.031,1.52336,1.52364,2.25,1.00
2016.09.06 03:01:32.082,1.52344,1.5237,1.00,1.00
2016.09.06 03:01:32.386,1.52345,1.52372,1.00,1.00
2016.09.06 03:01:42.878,1.52344,1.52374,1.00,1.00
2016.09.06 03:01:51.392,1.52344,1.52374,1.50,1.00
2016.09.06 03:01:52.706,1.52344,1.52369,1.00,1.00
2016.09.06 03:01:52.807,1.52344,1.52366,1.00,1.00
2016.09.06 03:01:52.908,1.52339,1.52366,1.00,1.00
2016.09.06 03:01:53.691,1.52336,1.52365,1.00,1.00
2016.09.06 03:01:54.114,1.52334,1.52362,1.00,1.00
2016.09.06 03:01:54.424,1.52331,1.52361,1.00,1.00
2016.09.06 03:01:54.727,1.52334,1.52361,1.00,1.00
2016.09.06 03:01:58.710,1.52335,1.52367,1.00,1.00
2016.09.06 03:01:58.801,1.52341,1.52368,1.00,1.00
2016.09.06 03:01:58.853,1.52341,1.52369,1.00,1.00
2016.09.06 03:01:58.904,1.52346,1.52375,1.00,1.00
2016.09.06 03:02:01.256,1.52345,1.52375,1.50,1.00
2016.09.06 03:02:01.324,1.52345,1.52375,1.00,1.00
2016.09.06 03:02:01.477,1.52345,1.52375,1.50,1.00
2016.09.06 03:02:01.528,1.52345,1.52375,1.00,1.00
2016.09.06 03:02:03.837,1.52347,1.52375,1.00,1.00
2016.09.06 03:02:04.907,1.52345,1.52375,1.00,1.00
2016.09.06 03:02:05.643,1.52346,1.52375,1.00,1.00
2016.09.06 03:02:05.744,1.52346,1.52375,1.50,1.00
2016.09.06 03:02:06.547,1.52346,1.52375,1.00,1.00
2016.09.06 03:02:06.797,1.52346,1.52375,1.50,1.00
2016.09.06 03:02:08.554,1.52346,1.52375,1.00,1.00
2016.09.06 03:02:08.777,1.52346,1.52375,1.50,1.00
2016.09.06 03:02:08.894,1.52346,1.52375,1.00,1.00
2016.09.06 03:02:11.263,1.52349,1.52376,1.00,1.00
2016.09.06 03:02:15.122,1.52351,1.52382,1.00,1.00
2016.09.06 03:02:15.225,1.52353,1.52382,1.00,1.00
2016.09.06 03:02:15.924,1.52353,1.52382,1.00,1.00
2016.09.06 03:02:16.035,1.5235,1.52379,1.00,1.00
2016.09.06 03:02:16.374,1.52349,1.52377,1.00,1.00
2016.09.06 03:02:18.225,1.52349,1.52376,1.00,1.00
2016.09.06 03:02:27.949,1.52349,1.52377,1.00,1.00
2016.09.06 03:02:28.238,1.52349,1.52379,1.00,1.00
2016.09.06 03:02:31.056,1.52351,1.5238,1.00,1.00
2016.09.06 03:02:32.043,1.5235,1.5238,1.00,1.00
2016.09.06 03:02:32.547,1.5235,1.52379,1.00,1.00
2016.09.06 03:02:32.660,1.52348,1.52378,1.00,1.00
2016.09.06 03:02:33.177,1.52353,1.52378,1.00,1.00
2016.09.06 03:02:33.746,1.52353,1.52379,1.00,1.00
2016.09.06 03:02:34.258,1.52354,1.52379,1.00,1.00
2016.09.06 03:02:36.800,1.52354,1.52375,1.00,1.00
2016.09.06 03:02:37.065,1.52354,1.52377,1.00,1.00
2016.09.06 03:02:37.718,1.52353,1.52377,1.00,1.00
2016.09.06 03:02:38.453,1.52353,1.52376,1.00,1.00
2016.09.06 03:02:39.249,1.52354,1.52376,1.00,1.00
2016.09.06 03:02:39.818,1.52354,1.52377,1.00,1.00
2016.09.06 03:02:42.741,1.52353,1.52377,1.00,1.00
2016.09.06 03:02:43.448,1.52354,1.52377,1.00,1.00
2016.09.06 03:02:44.036,1.52354,1.52378,1.00,1.00
2016.09.06 03:02:44.379,1.52353,1.52375,1.00,1.00
2016.09.06 03:02:44.690,1.52349,1.52376,1.00,1.00
2016.09.06 03:02:44.993,1.52354,1.52376,1.00,1.00
2016.09.06 03:02:45.195,1.52353,1.52379,1.00,1.00
2016.09.06 03:02:45.296,1.52354,1.52376,1.00,1.00
2016.09.06 03:02:45.844,1.52353,1.52376,1.00,1.00
2016.09.06 03:02:48.547,1.52354,1.52376,1.00,1.00
2016.09.06 03:02:49.120,1.52353,1.52376,1.00,1.00
2016.09.06 03:02:55.415,1.52353,1.52377,1.00,1.00
2016.09.06 03:02:55.916,1.52353,1.52378,1.00,1.00
2016.09.06 03:02:56.432,1.52354,1.52379,1.00,1.00
2016.09.06 03:02:56.483,1.52352,1.52379,1.00,1.00
2016.09.06 03:02:57.986,1.52351,1.52378,1.00,1.00
2016.09.06 03:02:58.792,1.52351,1.5238,1.00,1.00
2016.09.06 03:03:08.500,1.52351,1.52379,1.00,1.00
2016.09.06 03:03:13.023,1.52349,1.52379,1.00,1.00
2016.09.06 03:03:14.007,1.5235,1.52377,1.00,1.00
2016.09.06 03:03:17.919,1.52347,1.52375,1.00,1.00
2016.09.06 03:03:18.158,1.5235,1.52377,1.00,1.00
2016.09.06 03:03:23.927,1.52354,1.52377,1.00,1.00
2016.09.06 03:03:24.477,1.52353,1.52377,1.00,1.00
2016.09.06 03:03:25.028,1.52354,1.52377,1.00,1.00
2016.09.06 03:03:25.129,1.5235,1.52377,1.00,1.00
2016.09.06 03:03:25.409,1.52354,1.52377,1.00,1.00
2016.09.06 03:03:25.583,1.5235,1.52377,1.00,1.00
2016.09.06 03:03:27.412,1.52354,1.52377,1.00,1.00
2016.09.06 03:03:30.087,1.5235,1.52377,1.00,1.00
2016.09.06 03:03:41.149,1.52352,1.52382,1.00,1.00
2016.09.06 03:03:41.251,1.52356,1.52383,1.00,1.00
2016.09.06 03:03:41.353,1.52352,1.52383,1.00,1.00
2016.09.06 03:03:41.454,1.52357,1.52384,1.00,1.00
2016.09.06 03:03:46.585,1.52355,1.52382,1.00,1.00
2016.09.06 03:03:46.764,1.52356,1.52386,1.00,1.00
2016.09.06 03:03:46.865,1.52358,1.52387,1.00,1.00
2016.09.06 03:03:47.169,1.52354,1.52381,1.00,1.00
2016.09.06 03:03:48.140,1.52354,1.52381,1.50,1.00
2016.09.06 03:03:48.190,1.52358,1.52388,1.00,1.00
2016.09.06 03:03:48.292,1.52358,1.52388,1.00,1.00
2016.09.06 03:03:48.642,1.52358,1.52388,1.00,1.00
2016.09.06 03:04:01.455,1.52355,1.52382,1.00,1.00
2016.09.06 03:04:05.319,1.52357,1.52384,1.00,1.00
2016.09.06 03:04:05.820,1.5236,1.52388,1.00,1.00
2016.09.06 03:04:07.775,1.5236,1.52388,1.00,1.00
2016.09.06 03:04:13.090,1.52359,1.52388,1.00,1.00
2016.09.06 03:04:14.092,1.52359,1.52389,1.00,1.00
2016.09.06 03:04:17.017,1.52359,1.52389,1.00,1.00
2016.09.06 03:04:17.528,1.52359,1.52389,1.00,1.00
2016.09.06 03:04:22.633,1.52358,1.52387,1.00,1.00
2016.09.06 03:04:24.122,1.52359,1.52386,1.00,1.00
2016.09.06 03:04:24.223,1.52359,1.52389,1.00,1.00
2016.09.06 03:04:24.858,1.52364,1.52389,1.00,1.00
2016.09.06 03:04:25.086,1.52359,1.52389,1.00,1.00
2016.09.06 03:04:25.599,1.52363,1.5239,1.00,1.00
2016.09.06 03:04:28.211,1.52363,1.52391,1.50,1.00
2016.09.06 03:04:29.751,1.52363,1.52389,1.00,1.00
2016.09.06 03:04:31.215,1.52363,1.52387,1.00,1.00
2016.09.06 03:04:31.266,1.5236,1.52387,1.00,1.00
2016.09.06 03:04:31.570,1.5236,1.5239,1.00,1.00
2016.09.06 03:04:33.319,1.52359,1.52389,1.00,1.00
2016.09.06 03:04:33.470,1.52363,1.52389,1.00,1.00
2016.09.06 03:04:36.550,1.52359,1.52389,1.00,1.00
2016.09.06 03:04:36.653,1.52359,1.52387,1.00,1.00
2016.09.06 03:04:37.222,1.5236,1.52388,1.00,1.00
2016.09.06 03:04:43.232,1.52359,1.52386,1.00,1.00
2016.09.06 03:04:51.891,1.52359,1.52387,1.00,1.00
2016.09.06 03:04:58.252,1.5236,1.52387,1.00,1.00
2016.09.06 03:05:01.952,1.5236,1.52387,1.00,1.00
2016.09.06 03:05:02.053,1.5236,1.52387,1.00,1.00
2016.09.06 03:05:04.170,1.52361,1.52389,1.00,1.00
2016.09.06 03:05:04.398,1.52362,1.52395,1.00,1.00
2016.09.06 03:05:04.451,1.52365,1.52395,1.00,1.00
2016.09.06 03:05:04.502,1.52368,1.52394,1.00,1.00
2016.09.06 03:05:04.553,1.52368,1.52394,1.00,1.00
2016.09.06 03:05:04.604,1.52364,1.52392,1.00,1.00
2016.09.06 03:05:04.920,1.52364,1.5239,1.00,1.00
2016.09.06 03:05:10.880,1.52362,1.5239,1.00,1.00
2016.09.06 03:05:16.283,1.52363,1.52397,1.00,1.00
2016.09.06 03:05:16.385,1.52366,1.52394,1.00,1.00
2016.09.06 03:05:16.435,1.52368,1.52394,1.00,1.00
2016.09.06 03:05:16.486,1.52368,1.52391,1.00,1.00
2016.09.06 03:05:16.566,1.52364,1.52391,1.00,1.00
2016.09.06 03:05:16.617,1.52364,1.52391,1.50,1.00
2016.09.06 03:05:16.820,1.52364,1.52391,1.00,1.00
2016.09.06 03:05:23.221,1.52361,1.52391,1.00,1.00
2016.09.06 03:05:23.323,1.52361,1.52388,1.00,1.00
2016.09.06 03:05:23.649,1.52364,1.52388,1.00,1.00
2016.09.06 03:05:27.891,1.52364,1.52386,1.00,1.00
2016.09.06 03:05:27.942,1.52359,1.52386,1.00,1.00
2016.09.06 03:05:27.993,1.52356,1.52386,1.50,1.00
2016.09.06 03:05:28.043,1.52356,1.52386,1.00,1.00
2016.09.06 03:05:28.398,1.52364,1.52383,1.00,1.00
2016.09.06 03:05:28.499,1.52356,1.52383,1.00,1.00
2016.09.06 03:05:28.814,1.52364,1.52383,1.00,1.00
2016.09.06 03:05:29.404,1.52364,1.52384,1.00,1.00
2016.09.06 03:05:29.950,1.52364,1.52385,1.00,1.00
2016.09.06 03:05:32.924,1.52355,1.52385,1.50,1.00
2016.09.06 03:05:33.025,1.52355,1.52385,1.00,1.00
2016.09.06 03:05:33.826,1.52355,1.52383,1.00,1.00
2016.09.06 03:05:34.373,1.52364,1.52383,1.00,1.00
2016.09.06 03:05:35.629,1.52364,1.52384,1.00,1.00
2016.09.06 03:05:36.727,1.52363,1.52394,1.00,1.12
2016.09.06 03:05:36.778,1.52363,1.52394,1.00,1.00
2016.09.06 03:05:36.929,1.52361,1.52386,1.00,1.00
2016.09.06 03:05:36.980,1.52356,1.52386,1.00,1.00
2016.09.06 03:05:37.283,1.52364,1.52386,1.00,1.00
2016.09.06 03:05:37.407,1.52356,1.52386,1.00,1.00
2016.09.06 03:05:37.458,1.52359,1.52386,1.00,1.00
2016.09.06 03:05:37.768,1.52364,1.52389,1.00,1.00
2016.09.06 03:05:43.327,1.52364,1.52387,1.00,1.00
2016.09.06 03:05:44.064,1.52364,1.52384,1.00,1.00
2016.09.06 03:05:44.252,1.52357,1.52384,1.00,1.00
2016.09.06 03:05:44.354,1.52354,1.52384,1.00,1.00
2016.09.06 03:05:44.556,1.52354,1.52384,1.50,1.00
2016.09.06 03:05:44.915,1.52354,1.52384,1.00,1.00
2016.09.06 03:05:45.367,1.52357,1.52385,1.00,1.00
2016.09.06 03:05:47.372,1.52355,1.52383,1.00,1.00
2016.09.06 03:05:47.748,1.52353,1.52383,1.50,1.00
2016.09.06 03:05:47.955,1.52354,1.52383,1.00,1.00
2016.09.06 03:05:48.232,1.52353,1.52383,1.50,1.00
2016.09.06 03:05:48.283,1.52353,1.5238,1.00,1.00
2016.09.06 03:05:48.485,1.52354,1.52382,1.00,1.00
2016.09.06 03:05:49.508,1.52354,1.5238,1.00,1.00
2016.09.06 03:05:50.009,1.52353,1.5238,1.00,1.00
2016.09.06 03:05:50.453,1.52355,1.52382,1.00,1.00
2016.09.06 03:05:51.289,1.52355,1.52384,1.00,1.00
2016.09.06 03:05:51.390,1.52357,1.52384,1.00,1.00
2016.09.06 03:05:52.876,1.52355,1.52384,1.00,1.00
2016.09.06 03:05:52.983,1.52357,1.52384,1.00,1.00
2016.09.06 03:05:53.974,1.52357,1.52385,1.00,1.00
2016.09.06 03:05:54.501,1.52358,1.52385,1.00,1.00
2016.09.06 03:05:55.864,1.52363,1.52385,1.00,1.00
2016.09.06 03:05:56.066,1.52358,1.52385,1.00,1.00
2016.09.06 03:05:56.168,1.52359,1.52389,1.00,1.00
2016.09.06 03:05:56.370,1.52363,1.52389,1.00,1.00
2016.09.06 03:05:56.660,1.5236,1.52389,1.00,1.00
2016.09.06 03:05:56.711,1.5236,1.52394,1.00,1.37
2016.09.06 03:05:56.761,1.52365,1.52392,1.00,1.00
2016.09.06 03:05:56.875,1.52364,1.52386,1.00,1.00
2016.09.06 03:05:56.926,1.52359,1.52386,1.00,1.00
2016.09.06 03:05:57.077,1.52364,1.52386,1.00,1.00
2016.09.06 03:05:58.397,1.52363,1.52386,1.00,1.00
2016.09.06 03:05:58.919,1.52363,1.52387,1.00,1.00
2016.09.06 03:06:02.435,1.52357,1.52387,1.00,1.00
2016.09.06 03:06:02.694,1.52361,1.5239,1.00,1.00
2016.09.06 03:06:03.182,1.52363,1.5239,1.00,1.00
2016.09.06 03:06:04.371,1.52364,1.5239,1.00,1.00
2016.09.06 03:06:04.574,1.52362,1.5239,1.00,1.00
2016.09.06 03:06:04.776,1.52364,1.5239,1.00,1.00
2016.09.06 03:06:13.382,1.52364,1.52391,1.50,1.00
2016.09.06 03:06:14.721,1.52364,1.52391,1.00,1.00
2016.09.06 03:06:17.020,1.52364,1.52392,1.50,1.00
2016.09.06 03:06:23.895,1.52364,1.52392,1.00,1.00
2016.09.06 03:06:28.145,1.52364,1.52391,1.00,1.00
2016.09.06 03:06:28.448,1.52364,1.52389,1.00,1.00
2016.09.06 03:06:31.971,1.52364,1.52391,1.00,1.00
2016.09.06 03:06:35.012,1.52364,1.52391,1.50,1.00
2016.09.06 03:06:38.800,1.52364,1.52391,1.00,1.00
2016.09.06 03:06:43.426,1.52362,1.52391,1.00,1.00
2016.09.06 03:06:44.076,1.52364,1.52391,1.00,1.00
2016.09.06 03:06:58.456,1.52364,1.52392,1.50,1.00
2016.09.06 03:07:02.674,1.52364,1.5239,1.00,1.00
2016.09.06 03:07:04.459,1.52363,1.5239,1.00,1.00
2016.09.06 03:07:11.221,1.52362,1.5239,1.00,1.00
2016.09.06 03:07:11.322,1.52359,1.52389,1.50,1.00
2016.09.06 03:07:11.475,1.52359,1.52386,1.00,1.00
2016.09.06 03:07:11.526,1.52357,1.52386,1.00,1.00
2016.09.06 03:07:11.576,1.52356,1.52386,1.50,1.00
2016.09.06 03:07:11.627,1.52356,1.52386,1.00,1.00
2016.09.06 03:07:12.477,1.52355,1.52385,1.00,1.00
2016.09.06 03:07:13.265,1.52355,1.52385,1.50,1.00
2016.09.06 03:07:13.335,1.52357,1.52385,1.00,1.00
2016.09.06 03:07:13.843,1.52356,1.52384,1.00,1.00
2016.09.06 03:07:17.147,1.52364,1.52384,1.00,1.00
2016.09.06 03:07:17.248,1.52356,1.52384,1.50,1.00
2016.09.06 03:07:17.299,1.52356,1.52385,1.00,1.00
2016.09.06 03:07:17.602,1.52355,1.52383,1.00,1.00
2016.09.06 03:07:21.731,1.52354,1.52382,1.50,1.00
2016.09.06 03:07:22.014,1.52354,1.52382,2.25,1.00
2016.09.06 03:07:22.709,1.52354,1.52382,1.50,1.00
2016.09.06 03:07:22.760,1.52354,1.52382,1.00,1.00
2016.09.06 03:07:22.811,1.52354,1.52382,1.50,1.00
2016.09.06 03:07:23.019,1.52353,1.5238,2.25,1.00
2016.09.06 03:07:23.070,1.52354,1.5238,1.00,1.00
2016.09.06 03:07:23.171,1.52353,1.5238,1.50,1.00
2016.09.06 03:07:23.436,1.52354,1.5238,1.00,1.00
2016.09.06 03:07:23.893,1.52354,1.52378,1.00,1.00
2016.09.06 03:07:24.094,1.52354,1.5238,1.00,1.00
2016.09.06 03:07:24.246,1.52352,1.5238,1.00,1.00
2016.09.06 03:07:24.464,1.52354,1.5238,1.00,1.00
2016.09.06 03:07:25.134,1.52354,1.52381,1.00,1.00
2016.09.06 03:07:28.499,1.52354,1.5238,1.00,1.00
2016.09.06 03:07:31.337,1.52354,1.52377,1.00,1.00
2016.09.06 03:07:32.717,1.52354,1.52376,1.00,1.00
2016.09.06 03:07:34.706,1.52354,1.52378,1.00,1.00
2016.09.06 03:07:37.728,1.52354,1.52376,1.00,1.00
2016.09.06 03:07:38.711,1.52354,1.52377,1.00,1.00
2016.09.06 03:07:43.517,1.52354,1.52379,1.00,1.00
2016.09.06 03:07:55.093,1.52351,1.52379,1.00,1.00
2016.09.06 03:07:58.660,1.5235,1.52378,1.00,1.00
2016.09.06 03:08:01.696,1.52354,1.52381,1.00,1.00
2016.09.06 03:08:02.852,1.52354,1.5238,1.00,1.00
2016.09.06 03:08:03.358,1.52354,1.52381,1.00,1.00
2016.09.06 03:08:07.792,1.52354,1.52379,1.00,1.00
2016.09.06 03:08:28.670,1.52354,1.52378,1.00,1.00
2016.09.06 03:08:31.098,1.5235,1.52378,2.25,1.00
2016.09.06 03:08:31.199,1.52351,1.52378,1.00,1.00
2016.09.06 03:08:31.310,1.5235,1.52378,2.25,1.00
2016.09.06 03:08:31.524,1.52354,1.52378,1.00,1.00
2016.09.06 03:08:43.737,1.52354,1.5238,1.00,1.00
2016.09.06 03:08:56.798,1.52355,1.5238,1.50,1.00
2016.09.06 03:08:56.899,1.52355,1.52382,1.00,1.00
2016.09.06 03:08:57.061,1.52355,1.52382,1.50,1.00
2016.09.06 03:08:57.298,1.52355,1.52382,1.00,1.00
2016.09.06 03:08:58.221,1.52353,1.5238,1.00,1.00
2016.09.06 03:08:59.096,1.52355,1.5238,1.00,1.00
2016.09.06 03:08:59.149,1.52355,1.52384,1.00,1.00
2016.09.06 03:08:59.201,1.52358,1.52384,1.00,1.00
2016.09.06 03:08:59.251,1.52358,1.52386,1.00,1.00
2016.09.06 03:08:59.572,1.52356,1.52386,2.25,1.00
2016.09.06 03:08:59.707,1.52356,1.52384,2.25,1.00
2016.09.06 03:09:00.098,1.52356,1.52384,1.50,1.00
2016.09.06 03:09:00.154,1.52356,1.52381,1.00,1.00
2016.09.06 03:09:00.205,1.52354,1.52381,1.00,1.00
2016.09.06 03:09:00.256,1.52354,1.52377,1.00,1.00
2016.09.06 03:09:00.814,1.52354,1.52378,1.00,1.00
2016.09.06 03:09:01.317,1.52354,1.52377,1.00,1.00
2016.09.06 03:09:02.632,1.52354,1.52379,1.00,1.00
2016.09.06 03:09:02.838,1.52354,1.52377,1.00,1.00
2016.09.06 03:09:03.414,1.52354,1.52378,1.00,1.00
2016.09.06 03:09:04.051,1.52354,1.52379,1.00,1.00
2016.09.06 03:09:04.611,1.52354,1.52377,1.00,1.00
2016.09.06 03:09:04.662,1.52354,1.52379,1.00,1.00
2016.09.06 03:09:05.166,1.52354,1.52378,1.00,1.00
2016.09.06 03:09:05.922,1.52354,1.52377,1.00,1.00
2016.09.06 03:09:06.122,1.52354,1.52379,1.00,1.00
2016.09.06 03:09:06.268,1.52354,1.52377,1.00,1.00
2016.09.06 03:09:06.972,1.52354,1.52378,1.00,1.00
2016.09.06 03:09:07.545,1.52354,1.52379,1.00,1.00
2016.09.06 03:09:08.170,1.52354,1.52377,1.00,1.00
2016.09.06 03:09:09.127,1.52354,1.52378,1.00,1.00
2016.09.06 03:09:09.772,1.52354,1.52379,1.00,1.00
2016.09.06 03:09:10.372,1.52354,1.52378,1.00,1.00
2016.09.06 03:09:10.974,1.52354,1.52377,1.00,1.00
2016.09.06 03:09:11.608,1.52354,1.52378,1.00,1.00
2016.09.06 03:09:12.575,1.52354,1.52377,1.00,1.00
2016.09.06 03:09:12.775,1.52354,1.52379,1.00,1.00
2016.09.06 03:09:12.975,1.52354,1.52377,1.00,1.00
2016.09.06 03:09:13.535,1.52354,1.52379,1.00,1.00
2016.09.06 03:09:14.076,1.52354,1.5238,1.00,1.00
2016.09.06 03:09:14.777,1.52354,1.52378,1.00,1.00
2016.09.06 03:09:15.738,1.52354,1.5238,1.00,1.00
2016.09.06 03:09:16.253,1.52354,1.52379,1.00,1.00
2016.09.06 03:09:19.782,1.52354,1.5238,1.00,1.00
2016.09.06 03:09:20.445,1.52354,1.52379,1.00,1.00
2016.09.06 03:09:22.047,1.52354,1.52378,1.00,1.00
2016.09.06 03:09:22.189,1.52354,1.5238,1.00,1.00
2016.09.06 03:09:22.735,1.52354,1.52379,1.00,1.00
2016.09.06 03:09:23.236,1.52354,1.52378,1.00,1.00
2016.09.06 03:09:23.836,1.52354,1.52379,1.00,1.00
2016.09.06 03:09:34.491,1.52355,1.52384,1.00,1.00
2016.09.06 03:09:34.592,1.52359,1.52384,1.00,1.00
2016.09.06 03:09:34.693,1.52356,1.52384,1.00,1.00
2016.09.06 03:09:34.804,1.52355,1.52383,2.25,1.00
2016.09.06 03:09:34.968,1.52354,1.52379,1.00,1.00
2016.09.06 03:09:35.864,1.52354,1.52377,1.00,1.00
2016.09.06 03:09:39.269,1.52354,1.52379,1.00,1.00
2016.09.06 03:09:39.470,1.52354,1.52377,1.00,1.00
2016.09.06 03:09:39.989,1.52354,1.52378,1.00,1.00
2016.09.06 03:09:40.493,1.52354,1.52377,1.00,1.00
2016.09.06 03:09:41.461,1.52349,1.52377,1.50,1.00
2016.09.06 03:09:41.512,1.52353,1.52383,1.00,1.00
2016.09.06 03:09:41.562,1.52353,1.52384,1.00,1.00
2016.09.06 03:09:41.613,1.52356,1.52384,1.50,1.00
2016.09.06 03:09:41.714,1.52354,1.5238,1.00,1.00
2016.09.06 03:09:42.297,1.52354,1.52379,1.00,1.00
2016.09.06 03:09:42.798,1.52349,1.52375,1.00,1.00
2016.09.06 03:09:42.848,1.52347,1.52375,1.00,1.00
2016.09.06 03:09:43.377,1.52348,1.52376,1.00,1.00
2016.09.06 03:09:43.806,1.52346,1.52376,1.50,1.00
2016.09.06 03:09:44.736,1.52346,1.52376,1.00,1.00
2016.09.06 03:09:44.787,1.52345,1.52373,1.50,1.00
2016.09.06 03:09:44.888,1.52345,1.52373,2.25,1.00
2016.09.06 03:09:45.045,1.52345,1.52372,1.00,1.00
2016.09.06 03:09:45.810,1.52344,1.52372,2.25,1.00
2016.09.06 03:09:47.012,1.52345,1.52372,1.00,1.00
2016.09.06 03:09:52.225,1.52344,1.52372,2.25,1.00
2016.09.06 03:09:54.007,1.52352,1.5238,1.00,1.00
2016.09.06 03:09:54.058,1.52352,1.5238,1.50,1.00
2016.09.06 03:09:54.108,1.52352,1.52381,1.50,1.00
2016.09.06 03:09:54.159,1.52352,1.52381,1.00,1.00
2016.09.06 03:09:54.210,1.52349,1.52375,1.00,1.00
2016.09.06 03:09:54.260,1.52347,1.52375,1.50,1.00
2016.09.06 03:09:54.311,1.52347,1.52375,1.00,1.00
2016.09.06 03:09:56.239,1.52345,1.52373,1.00,1.00
2016.09.06 03:09:56.676,1.52354,1.52373,1.00,1.00
2016.09.06 03:09:58.796,1.52354,1.52372,1.00,1.00
2016.09.06 03:10:00.578,1.52344,1.52372,3.00,1.00
2016.09.06 03:10:01.683,1.52344,1.52372,2.25,1.00
2016.09.06 03:10:01.734,1.52353,1.52381,1.00,1.50
2016.09.06 03:10:01.835,1.5235,1.52379,1.00,1.00
2016.09.06 03:10:01.987,1.52347,1.52375,1.50,1.00
2016.09.06 03:10:02.038,1.52347,1.52375,1.00,1.00
2016.09.06 03:10:02.519,1.52347,1.52375,1.50,1.00
2016.09.06 03:10:03.100,1.52347,1.52375,1.00,1.00
2016.09.06 03:10:03.533,1.52345,1.52373,1.00,1.00
2016.09.06 03:10:07.641,1.52351,1.52378,1.00,1.00
2016.09.06 03:10:07.692,1.52351,1.52381,1.00,1.00
2016.09.06 03:10:07.844,1.52347,1.52374,1.50,1.00
2016.09.06 03:10:07.945,1.52347,1.52374,1.00,1.00
2016.09.06 03:10:08.250,1.52346,1.52374,1.50,1.00
2016.09.06 03:10:10.335,1.52347,1.52374,1.00,1.00
2016.09.06 03:10:13.414,1.52346,1.52374,1.50,1.00
2016.09.06 03:10:13.841,1.52346,1.52373,1.00,1.00
2016.09.06 03:10:14.376,1.52347,1.52373,1.00,1.00
2016.09.06 03:10:14.639,1.52346,1.52374,1.50,1.00
2016.09.06 03:10:20.851,1.52347,1.52374,1.00,1.00
2016.09.06 03:10:21.355,1.52347,1.52375,1.50,1.00
2016.09.06 03:10:21.427,1.52347,1.52375,1.00,1.00
2016.09.06 03:10:27.316,1.52346,1.52375,1.00,1.00
2016.09.06 03:10:27.567,1.52345,1.52375,2.25,1.00
2016.09.06 03:10:27.687,1.52347,1.52377,1.50,1.00
2016.09.06 03:10:27.789,1.52348,1.52377,1.00,1.00
2016.09.06 03:10:27.890,1.52346,1.52375,1.50,1.00
2016.09.06 03:10:28.936,1.52346,1.52373,1.50,1.00
2016.09.06 03:10:29.170,1.52346,1.52374,2.25,1.00
2016.09.06 03:10:29.371,1.52347,1.52374,1.00,1.00
2016.09.06 03:10:35.194,1.52346,1.52374,2.25,1.00
2016.09.06 03:10:35.245,1.52346,1.52374,1.50,1.00
2016.09.06 03:10:35.877,1.52347,1.52374,1.00,1.00
2016.09.06 03:10:36.459,1.52347,1.52375,1.50,1.00
2016.09.06 03:10:36.550,1.52348,1.52375,1.00,1.00
2016.09.06 03:10:36.647,1.52347,1.52375,1.50,1.00
2016.09.06 03:10:36.698,1.52347,1.52375,1.00,1.00
2016.09.06 03:10:37.008,1.52347,1.52375,1.50,1.00
2016.09.06 03:10:37.109,1.52347,1.52375,1.00,1.00
2016.09.06 03:10:37.281,1.52347,1.52375,1.50,1.00
2016.09.06 03:10:37.481,1.52347,1.52375,1.00,1.00
2016.09.06 03:10:37.795,1.52347,1.52375,1.50,1.00
2016.09.06 03:10:38.591,1.52348,1.52377,1.00,1.00
2016.09.06 03:10:38.692,1.52347,1.52377,1.50,1.00
2016.09.06 03:10:39.042,1.52347,1.52375,1.50,1.00
2016.09.06 03:10:39.233,1.52347,1.52375,1.00,1.00
2016.09.06 03:10:39.543,1.5235,1.52378,1.00,1.00
2016.09.06 03:10:44.483,1.5235,1.52378,1.50,1.00
2016.09.06 03:10:44.534,1.52354,1.52378,1.00,1.00
2016.09.06 03:10:45.039,1.52354,1.52379,1.00,1.00
2016.09.06 03:10:47.260,1.52354,1.52378,1.00,1.00
2016.09.06 03:10:52.566,1.52354,1.5238,1.00,1.00
2016.09.06 03:10:53.158,1.52349,1.5238,1.00,1.00
2016.09.06 03:10:53.310,1.52348,1.52376,1.50,1.00
2016.09.06 03:10:53.360,1.52348,1.52376,1.00,1.00
2016.09.06 03:10:53.461,1.52346,1.52375,1.00,1.00
2016.09.06 03:10:53.521,1.52346,1.52375,1.50,1.00
2016.09.06 03:10:53.572,1.52349,1.52377,1.50,1.00
2016.09.06 03:10:53.623,1.52349,1.52377,1.00,1.00
2016.09.06 03:10:53.724,1.52348,1.52377,1.50,1.00
2016.09.06 03:10:53.831,1.5235,1.52377,1.00,1.00
2016.09.06 03:10:53.881,1.5235,1.52377,1.50,1.00
2016.09.06 03:10:54.345,1.5235,1.52377,1.00,1.00
2016.09.06 03:10:54.570,1.52349,1.52377,1.50,1.00
2016.09.06 03:10:54.620,1.5235,1.52377,1.00,1.00
2016.09.06 03:10:54.922,1.52349,1.52377,1.50,1.00
2016.09.06 03:10:55.073,1.5235,1.52377,1.00,1.00
2016.09.06 03:10:56.524,1.52349,1.52377,1.50,1.00
2016.09.06 03:10:57.024,1.5235,1.52377,1.00,1.00
2016.09.06 03:10:57.544,1.52349,1.52377,1.50,1.00
2016.09.06 03:10:58.376,1.5235,1.52377,1.00,1.00
2016.09.06 03:10:59.681,1.52349,1.52377,2.25,1.00
2016.09.06 03:10:59.782,1.52349,1.52377,1.50,1.00
2016.09.06 03:10:59.833,1.52349,1.52377,1.00,1.00
2016.09.06 03:10:59.951,1.52347,1.52377,2.25,1.00
2016.09.06 03:11:00.156,1.52348,1.52378,1.00,1.00
2016.09.06 03:11:00.351,1.52347,1.52378,2.25,1.00
2016.09.06 03:11:00.899,1.52347,1.52377,2.25,1.00
2016.09.06 03:11:01.185,1.52347,1.52374,1.50,1.00
2016.09.06 03:11:01.286,1.52346,1.52375,2.25,1.00
2016.09.06 03:11:01.337,1.52347,1.52375,1.00,1.00
2016.09.06 03:11:01.453,1.52346,1.52375,1.50,1.00
2016.09.06 03:11:01.767,1.52346,1.52375,2.25,1.00
2016.09.06 03:11:02.136,1.52353,1.52375,1.00,1.00
2016.09.06 03:11:02.237,1.52349,1.52375,1.00,1.00
2016.09.06 03:11:02.288,1.52349,1.52375,1.50,1.00
2016.09.06 03:11:02.439,1.52349,1.52375,1.00,1.00
2016.09.06 03:11:02.490,1.52347,1.52375,1.50,1.00
2016.09.06 03:11:02.541,1.52347,1.52375,1.00,1.00
2016.09.06 03:11:09.535,1.52347,1.52377,1.00,1.00
2016.09.06 03:11:09.771,1.52347,1.52377,1.50,1.00
2016.09.06 03:11:10.171,1.52347,1.52377,1.00,1.00
2016.09.06 03:11:10.415,1.52346,1.52374,1.00,1.00
2016.09.06 03:11:13.501,1.52344,1.52371,1.50,1.00
2016.09.06 03:11:13.594,1.52344,1.52371,1.00,1.00
2016.09.06 03:11:18.772,1.52344,1.52371,1.50,1.00
2016.09.06 03:11:21.227,1.52344,1.52371,2.25,1.00
2016.09.06 03:11:21.328,1.52345,1.52371,1.00,1.00
2016.09.06 03:11:21.899,1.52344,1.52371,2.25,1.00
2016.09.06 03:11:22.471,1.52346,1.52371,1.00,1.00
2016.09.06 03:11:22.522,1.52347,1.52375,1.00,1.00
2016.09.06 03:11:22.623,1.52346,1.52375,1.50,1.00
2016.09.06 03:11:22.724,1.52346,1.52373,1.00,1.00
2016.09.06 03:11:22.775,1.52345,1.52373,2.25,1.00
2016.09.06 03:11:22.826,1.52345,1.52373,1.50,1.00
2016.09.06 03:11:22.876,1.52345,1.52373,1.00,1.00
2016.09.06 03:11:22.927,1.52344,1.5237,1.00,1.00
2016.09.06 03:11:22.978,1.52341,1.5237,1.00,1.00
2016.09.06 03:11:23.053,1.52339,1.5237,1.00,1.00
2016.09.06 03:11:23.105,1.52339,1.52367,1.00,1.00
2016.09.06 03:11:23.408,1.52344,1.52367,1.00,1.00
2016.09.06 03:11:23.559,1.52337,1.52367,2.25,1.00
2016.09.06 03:11:23.610,1.52338,1.52367,1.00,1.00
2016.09.06 03:11:24.144,1.52339,1.52367,1.00,1.00
2016.09.06 03:11:24.660,1.52336,1.52364,1.50,1.00
2016.09.06 03:11:24.901,1.52336,1.52364,1.00,1.00
2016.09.06 03:11:25.755,1.52334,1.52359,1.00,1.00
2016.09.06 03:11:26.296,1.52333,1.52359,1.00,1.00
2016.09.06 03:11:29.122,1.52333,1.5236,1.00,1.00
2016.09.06 03:11:31.064,1.52334,1.5236,1.00,1.00
2016.09.06 03:11:31.666,1.52334,1.52359,1.00,1.00
2016.09.06 03:11:35.369,1.52333,1.52359,1.00,1.00
2016.09.06 03:11:36.007,1.52334,1.52359,1.00,1.00
2016.09.06 03:11:36.616,1.52333,1.52359,1.00,1.00
2016.09.06 03:11:39.534,1.52333,1.52361,1.00,1.00
2016.09.06 03:11:42.263,1.52336,1.52364,1.00,1.00
2016.09.06 03:11:42.567,1.52334,1.52362,1.00,1.00
2016.09.06 03:11:44.041,1.52333,1.52361,1.50,1.00
2016.09.06 03:11:44.458,1.52333,1.52361,2.25,1.00
2016.09.06 03:11:44.710,1.52333,1.52361,3.00,1.00
2016.09.06 03:11:45.100,1.52334,1.52361,1.00,1.00
2016.09.06 03:11:45.160,1.52335,1.52363,1.00,1.00
2016.09.06 03:11:45.361,1.52335,1.52363,1.50,1.00
2016.09.06 03:11:46.161,1.52336,1.52363,1.00,1.00
2016.09.06 03:11:46.262,1.52335,1.52363,1.50,1.00
2016.09.06 03:11:46.570,1.52336,1.52363,1.00,1.00
2016.09.06 03:11:47.678,1.52335,1.52363,1.50,1.00
2016.09.06 03:11:48.766,1.52337,1.52363,1.00,1.00
2016.09.06 03:11:48.816,1.52343,1.52363,1.00,1.00
2016.09.06 03:11:49.149,1.52343,1.52366,1.00,1.00
2016.09.06 03:11:49.250,1.52343,1.52364,1.00,1.00
2016.09.06 03:11:51.911,1.52336,1.52364,2.25,1.00
2016.09.06 03:11:51.961,1.52337,1.52364,1.00,1.00
2016.09.06 03:11:52.315,1.52336,1.52364,2.25,1.00
2016.09.06 03:11:53.776,1.52337,1.52364,1.00,1.00
2016.09.06 03:11:56.477,1.52355,1.52372,1.00,1.00
2016.09.06 03:11:56.528,1.52357,1.52382,1.00,1.00
2016.09.06 03:11:56.578,1.52365,1.5239,1.50,1.37
2016.09.06 03:11:56.667,1.5237,1.52399,1.00,1.00
2016.09.06 03:11:56.768,1.52373,1.52402,1.00,1.00
2016.09.06 03:11:56.819,1.52373,1.52403,1.50,1.00
2016.09.06 03:11:57.123,1.52377,1.52403,1.50,1.00
2016.09.06 03:11:57.314,1.52377,1.52403,1.00,1.00
2016.09.06 03:11:57.466,1.52376,1.52405,1.50,1.00
2016.09.06 03:11:57.796,1.52377,1.52405,1.00,1.00
2016.09.06 03:11:58.061,1.52377,1.52409,1.50,1.00
2016.09.06 03:11:58.162,1.52377,1.52407,1.00,1.00
2016.09.06 03:11:58.213,1.52375,1.52407,1.50,1.00
2016.09.06 03:11:58.332,1.52377,1.52407,1.00,1.00
2016.09.06 03:11:58.636,1.5238,1.52408,1.00,1.00
2016.09.06 03:11:59.585,1.52379,1.52408,1.00,1.00
2016.09.06 03:12:00.325,1.5238,1.52408,1.00,1.00
2016.09.06 03:12:00.426,1.52377,1.52408,1.50,1.00
2016.09.06 03:12:00.527,1.52378,1.52408,1.00,1.00
2016.09.06 03:12:00.729,1.52376,1.52408,1.00,1.00
2016.09.06 03:12:00.883,1.52376,1.52408,1.50,1.00
2016.09.06 03:12:00.934,1.52376,1.52408,1.00,1.00
2016.09.06 03:12:01.035,1.52377,1.52408,1.00,1.00
2016.09.06 03:12:04.701,1.52376,1.52408,1.50,1.00
2016.09.06 03:12:05.258,1.52377,1.52408,1.00,1.00
2016.09.06 03:12:05.422,1.52377,1.52408,1.00,1.00
2016.09.06 03:12:05.523,1.52376,1.52408,2.25,1.00
2016.09.06 03:12:05.624,1.52377,1.52408,1.00,1.00
2016.09.06 03:12:05.725,1.52377,1.52408,1.50,1.00
2016.09.06 03:12:06.028,1.52378,1.52408,1.00,1.00
2016.09.06 03:12:06.101,1.52377,1.52408,1.50,1.00
2016.09.06 03:12:06.450,1.52378,1.52408,1.00,1.00
2016.09.06 03:12:08.429,1.52376,1.52408,1.50,1.00
2016.09.06 03:12:08.530,1.52376,1.52407,2.25,1.00
2016.09.06 03:12:09.347,1.52376,1.52407,1.50,1.00
2016.09.06 03:12:09.448,1.52376,1.52407,1.00,1.00
2016.09.06 03:12:09.966,1.52377,1.52408,1.00,1.00
2016.09.06 03:12:12.752,1.52376,1.52408,2.25,1.00
2016.09.06 03:12:14.084,1.52376,1.52407,1.50,1.00
2016.09.06 03:12:14.528,1.52376,1.52407,1.00,1.00
2016.09.06 03:12:15.033,1.52377,1.52407,1.00,1.00
2016.09.06 03:12:15.135,1.52376,1.52407,1.50,1.00
2016.09.06 03:12:16.248,1.52376,1.52407,1.00,1.00
2016.09.06 03:12:16.350,1.52376,1.52407,1.50,1.00
2016.09.06 03:12:17.541,1.52376,1.52407,1.00,1.00
2016.09.06 03:12:17.642,1.52376,1.52407,1.50,1.00
2016.09.06 03:12:20.950,1.52376,1.52407,1.00,1.00
2016.09.06 03:12:21.051,1.52376,1.52407,1.50,1.00
2016.09.06 03:12:22.446,1.52376,1.52407,1.00,1.00
2016.09.06 03:12:22.956,1.52376,1.52407,1.50,1.00
2016.09.06 03:12:23.057,1.52376,1.52407,1.00,1.00
2016.09.06 03:12:23.749,1.52376,1.52407,1.50,1.00
2016.09.06 03:12:26.356,1.52377,1.52407,1.00,1.00
2016.09.06 03:12:27.100,1.52377,1.52405,1.00,1.00
2016.09.06 03:12:27.401,1.52377,1.52406,1.50,1.00
2016.09.06 03:12:28.302,1.52377,1.52405,1.00,1.00
2016.09.06 03:12:28.403,1.52376,1.52405,1.50,1.00
2016.09.06 03:12:28.660,1.52376,1.52405,2.25,1.00
2016.09.06 03:12:29.103,1.52376,1.52404,1.50,1.00
2016.09.06 03:12:30.267,1.52376,1.52404,1.00,1.00
2016.09.06 03:12:31.580,1.52376,1.52404,1.50,1.00
2016.09.06 03:12:35.421,1.52376,1.52404,1.00,1.00
2016.09.06 03:12:35.763,1.52376,1.52402,1.00,1.00
2016.09.06 03:12:35.813,1.52376,1.52402,1.50,1.00
2016.09.06 03:12:37.582,1.52376,1.52402,1.00,1.00
2016.09.06 03:12:39.171,1.52375,1.52402,2.25,1.00
2016.09.06 03:12:39.221,1.52377,1.52405,1.50,1.00
2016.09.06 03:12:39.323,1.52376,1.52402,1.00,1.00
2016.09.06 03:12:39.856,1.52375,1.52402,1.50,1.00
2016.09.06 03:12:39.907,1.52375,1.52402,2.25,1.00
2016.09.06 03:12:40.313,1.52376,1.52402,1.00,1.00
2016.09.06 03:12:40.381,1.52376,1.52405,1.00,1.00
2016.09.06 03:12:41.091,1.52375,1.52405,2.25,1.00
2016.09.06 03:12:43.186,1.52376,1.52405,1.00,1.00
2016.09.06 03:12:44.000,1.52375,1.52405,2.25,1.00
2016.09.06 03:12:44.051,1.52375,1.52405,1.50,1.00
2016.09.06 03:12:44.152,1.52376,1.52405,1.00,1.00
2016.09.06 03:12:44.401,1.52376,1.52405,1.50,1.00
2016.09.06 03:12:44.924,1.52377,1.52406,1.00,1.00
2016.09.06 03:12:46.657,1.52377,1.52406,1.50,1.00
2016.09.06 03:12:46.759,1.52377,1.52406,1.00,1.00
2016.09.06 03:12:46.810,1.52377,1.52406,1.50,1.00
2016.09.06 03:12:49.012,1.52377,1.52406,1.00,1.00
2016.09.06 03:12:50.216,1.52377,1.52406,1.50,1.00
2016.09.06 03:12:50.916,1.52377,1.52406,1.00,1.00
2016.09.06 03:12:51.842,1.52376,1.52402,1.00,1.00
2016.09.06 03:12:51.919,1.52373,1.52402,1.00,1.00
2016.09.06 03:12:52.071,1.52373,1.52402,1.50,1.00
2016.09.06 03:12:52.521,1.52374,1.52402,1.00,1.00
2016.09.06 03:12:52.623,1.52373,1.52402,1.50,1.00
2016.09.06 03:12:53.324,1.52374,1.52402,1.00,1.00
2016.09.06 03:12:53.709,1.52374,1.52402,1.50,1.00
2016.09.06 03:12:53.759,1.52374,1.52402,1.00,1.00
2016.09.06 03:12:54.028,1.52374,1.52402,1.50,1.00
2016.09.06 03:12:54.689,1.52374,1.52402,1.00,1.00
2016.09.06 03:12:54.739,1.52376,1.52402,1.00,1.00
2016.09.06 03:12:54.790,1.52376,1.52402,1.50,1.00
2016.09.06 03:12:55.146,1.52376,1.52404,1.50,1.00
2016.09.06 03:12:56.341,1.52376,1.52404,2.25,1.00
2016.09.06 03:12:56.442,1.52376,1.52404,1.50,1.00
2016.09.06 03:12:56.544,1.52376,1.52404,2.25,1.00
2016.09.06 03:12:57.183,1.52377,1.52406,1.00,1.00
2016.09.06 03:12:57.233,1.52376,1.52406,1.50,1.00
2016.09.06 03:12:59.970,1.52376,1.52406,1.00,1.00
2016.09.06 03:13:00.072,1.52376,1.52406,2.25,1.00
2016.09.06 03:13:00.441,1.52377,1.52406,1.00,1.00
2016.09.06 03:13:00.649,1.52376,1.52406,2.25,1.00
2016.09.06 03:13:00.750,1.52377,1.52406,1.00,1.00
2016.09.06 03:13:01.397,1.52377,1.52406,1.50,1.00
2016.09.06 03:13:01.447,1.52378,1.52406,1.00,1.00
2016.09.06 03:13:04.500,1.52376,1.52406,1.50,1.00
2016.09.06 03:13:04.771,1.52377,1.52406,1.00,1.00
2016.09.06 03:13:04.951,1.52379,1.52406,1.00,1.00
2016.09.06 03:13:05.530,1.52378,1.52406,1.00,1.00
2016.09.06 03:13:06.903,1.52379,1.52406,1.00,1.00
2016.09.06 03:13:07.511,1.52378,1.52406,1.00,1.00
2016.09.06 03:13:12.868,1.52377,1.52406,1.50,1.00
2016.09.06 03:13:12.970,1.52377,1.52406,1.00,1.00
2016.09.06 03:13:13.020,1.52376,1.52406,1.50,1.00
2016.09.06 03:13:13.071,1.52376,1.52406,1.00,1.00
2016.09.06 03:13:13.122,1.52376,1.52406,1.50,1.00
2016.09.06 03:13:13.176,1.52376,1.52406,2.25,1.00
2016.09.06 03:13:13.226,1.52376,1.52406,1.50,1.00
2016.09.06 03:13:13.277,1.52377,1.52406,1.00,1.00
2016.09.06 03:13:14.264,1.52377,1.52404,1.50,1.00
2016.09.06 03:13:17.019,1.52379,1.52404,1.00,1.00
2016.09.06 03:13:17.121,1.52377,1.52405,1.50,1.00
2016.09.06 03:13:17.222,1.52378,1.52405,1.00,1.00
2016.09.06 03:13:17.324,1.52377,1.52405,1.50,1.00
2016.09.06 03:13:17.425,1.52378,1.52405,1.00,1.00
2016.09.06 03:13:17.880,1.5238,1.52405,1.00,1.00
2016.09.06 03:13:18.124,1.52378,1.52405,1.50,1.00
2016.09.06 03:13:18.175,1.52378,1.52408,2.25,1.00
2016.09.06 03:13:18.226,1.52379,1.52408,1.00,1.00
2016.09.06 03:13:18.733,1.5238,1.52408,1.00,1.00
2016.09.06 03:13:20.505,1.52379,1.52408,1.50,1.00
2016.09.06 03:13:21.088,1.52379,1.52408,1.00,1.00
2016.09.06 03:13:22.794,1.52378,1.52408,1.50,1.00
2016.09.06 03:13:22.895,1.52377,1.52405,2.25,1.00
2016.09.06 03:13:22.996,1.52378,1.52405,1.00,1.00
2016.09.06 03:13:23.788,1.52377,1.52405,2.25,1.00
2016.09.06 03:13:24.800,1.52378,1.52404,1.00,1.00
2016.09.06 03:13:26.941,1.52377,1.52404,1.00,1.00
2016.09.06 03:13:40.923,1.52377,1.52404,1.50,1.00
2016.09.06 03:13:41.024,1.52377,1.52404,1.00,1.00
2016.09.06 03:13:44.301,1.52378,1.52405,1.00,1.00
2016.09.06 03:13:52.051,1.52381,1.52411,1.00,1.00
2016.09.06 03:13:52.207,1.52381,1.52411,1.50,1.00
2016.09.06 03:13:52.258,1.52381,1.52411,2.25,1.00
2016.09.06 03:13:52.359,1.52384,1.52412,1.00,1.00
2016.09.06 03:13:59.318,1.52384,1.52411,1.00,1.00
2016.09.06 03:14:00.744,1.52384,1.52411,2.25,1.00
2016.09.06 03:14:00.795,1.52385,1.52411,1.00,1.00
2016.09.06 03:14:00.845,1.52385,1.52411,1.50,1.00
2016.09.06 03:14:03.005,1.52385,1.52411,1.00,1.00
2016.09.06 03:14:03.266,1.52386,1.52415,1.50,1.00
2016.09.06 03:14:03.317,1.52393,1.52415,1.00,1.00
2016.09.06 03:14:03.418,1.52387,1.52415,1.00,1.00
2016.09.06 03:14:03.519,1.52385,1.52415,1.00,1.00
2016.09.06 03:14:03.708,1.52383,1.52413,1.50,1.00
2016.09.06 03:14:03.759,1.52384,1.52413,1.00,1.00
2016.09.06 03:14:03.810,1.52384,1.52413,1.50,1.00
2016.09.06 03:14:03.911,1.52384,1.52413,1.00,1.00
2016.09.06 03:14:03.962,1.52383,1.52413,2.25,1.00
2016.09.06 03:14:04.064,1.52386,1.52414,1.50,1.00
2016.09.06 03:14:04.165,1.52386,1.52414,2.25,1.00
2016.09.06 03:14:04.647,1.52386,1.52414,1.50,1.00
2016.09.06 03:14:04.698,1.52386,1.52414,1.00,1.00
2016.09.06 03:14:05.050,1.52386,1.52414,1.50,1.00
2016.09.06 03:14:05.101,1.52386,1.52414,2.25,1.00
2016.09.06 03:14:05.968,1.52387,1.52414,1.00,1.00
2016.09.06 03:14:06.019,1.52387,1.52414,1.50,1.00
2016.09.06 03:14:06.120,1.52388,1.52414,1.00,1.00
2016.09.06 03:14:08.262,1.52388,1.52417,1.00,1.00
2016.09.06 03:14:08.465,1.52387,1.52417,2.25,1.00
2016.09.06 03:14:08.574,1.52388,1.52417,1.00,1.00
2016.09.06 03:14:08.675,1.5239,1.52419,1.50,1.00
2016.09.06 03:14:08.790,1.5239,1.52419,1.00,1.00
2016.09.06 03:14:09.054,1.52388,1.52416,2.25,1.00
2016.09.06 03:14:09.155,1.52389,1.52416,1.00,1.00
2016.09.06 03:14:09.206,1.52389,1.52416,1.50,1.00
2016.09.06 03:14:09.256,1.52394,1.5242,1.00,1.00
2016.09.06 03:14:12.459,1.52394,1.52423,1.00,1.00
2016.09.06 03:14:12.913,1.52394,1.52423,1.50,1.00
2016.09.06 03:14:13.014,1.52394,1.52423,1.00,1.00
2016.09.06 03:14:13.126,1.52395,1.52425,1.00,1.00
2016.09.06 03:14:13.711,1.52395,1.52425,1.50,1.00
2016.09.06 03:14:13.812,1.52395,1.52425,1.00,1.00
2016.09.06 03:14:13.913,1.52395,1.52425,1.50,1.00
2016.09.06 03:14:13.964,1.52395,1.52425,2.25,1.00
2016.09.06 03:14:14.015,1.52396,1.52425,1.00,1.00
2016.09.06 03:14:14.117,1.52395,1.52425,2.25,1.00
2016.09.06 03:14:14.186,1.52396,1.52425,1.00,1.00
2016.09.06 03:14:14.388,1.52399,1.52428,1.00,1.00
2016.09.06 03:14:14.439,1.52404,1.52434,1.00,1.00
2016.09.06 03:14:14.489,1.52404,1.52434,1.00,1.00
2016.09.06 03:14:14.590,1.52404,1.52434,1.50,1.00
2016.09.06 03:14:14.641,1.52404,1.52434,2.25,1.00
2016.09.06 03:14:14.692,1.52405,1.52434,1.00,1.00
2016.09.06 03:14:14.812,1.52405,1.52434,1.50,1.00
2016.09.06 03:14:15.385,1.52405,1.52434,1.00,1.00
2016.09.06 03:14:15.923,1.52406,1.52433,1.00,1.00
2016.09.06 03:14:20.972,1.52405,1.52433,1.50,1.00
2016.09.06 03:14:21.503,1.52405,1.52433,1.00,1.00
2016.09.06 03:14:25.177,1.52405,1.52433,2.25,1.00
2016.09.06 03:14:25.635,1.52405,1.52433,1.50,1.00
2016.09.06 03:14:25.686,1.52405,1.52433,1.00,1.00
2016.09.06 03:14:26.203,1.52406,1.52433,1.00,1.00
2016.09.06 03:14:28.318,1.52406,1.52433,1.50,1.00
2016.09.06 03:14:28.420,1.52406,1.52433,1.00,1.00
2016.09.06 03:14:29.355,1.52405,1.52433,2.25,1.00
2016.09.06 03:14:30.322,1.52406,1.52433,1.00,1.00
2016.09.06 03:14:34.446,1.52405,1.52433,2.25,1.00
2016.09.06 03:14:35.006,1.52405,1.52433,1.50,1.00
2016.09.06 03:14:35.057,1.52405,1.52433,1.00,1.00
2016.09.06 03:14:35.187,1.52403,1.5243,2.25,1.00
2016.09.06 03:14:35.238,1.52403,1.5243,1.00,1.00
2016.09.06 03:14:35.339,1.52403,1.5243,2.25,1.00
2016.09.06 03:14:35.389,1.52404,1.52432,1.00,1.00
2016.09.06 03:14:35.601,1.52404,1.52432,1.50,1.00
2016.09.06 03:14:35.652,1.52404,1.52432,2.25,1.00
2016.09.06 03:14:35.702,1.52406,1.52432,1.00,1.00
2016.09.06 03:14:35.753,1.52406,1.52432,1.50,1.00
2016.09.06 03:14:36.134,1.52406,1.52432,1.00,1.00
2016.09.06 03:14:36.703,1.52405,1.52433,1.50,1.00
2016.09.06 03:14:36.753,1.52405,1.52433,1.00,1.00
2016.09.06 03:14:37.087,1.52403,1.52431,1.00,1.00
2016.09.06 03:14:42.534,1.52403,1.52431,1.50,1.00
2016.09.06 03:14:42.584,1.52404,1.52434,1.00,1.00
2016.09.06 03:14:42.736,1.52405,1.52434,1.50,1.00
2016.09.06 03:14:42.887,1.52405,1.52434,1.00,1.00
2016.09.06 03:14:43.193,1.52405,1.52434,1.50,1.00
2016.09.06 03:14:44.234,1.52405,1.52434,1.00,1.00
2016.09.06 03:14:44.794,1.52406,1.52434,1.00,1.00
2016.09.06 03:14:45.454,1.52405,1.52434,1.00,1.00
2016.09.06 03:14:47.770,1.52404,1.52434,3.00,1.00
2016.09.06 03:14:47.902,1.52404,1.52434,2.25,1.00
2016.09.06 03:14:48.200,1.52404,1.52434,1.50,1.00
2016.09.06 03:14:48.250,1.52404,1.52434,1.00,1.00
2016.09.06 03:14:50.164,1.52404,1.52434,1.50,1.00
2016.09.06 03:14:50.265,1.52405,1.52434,1.00,1.00
2016.09.06 03:14:51.650,1.52405,1.52434,1.50,1.00
2016.09.06 03:14:51.701,1.52406,1.52434,1.00,1.00
2016.09.06 03:14:56.588,1.52404,1.52434,2.25,1.00
2016.09.06 03:14:56.638,1.52404,1.52434,1.50,1.00
2016.09.06 03:15:01.112,1.52404,1.52434,1.00,1.00
2016.09.06 03:15:01.366,1.52404,1.52434,1.50,1.00
2016.09.06 03:15:01.743,1.52404,1.52434,2.25,1.00
2016.09.06 03:15:01.887,1.52408,1.52434,1.00,1.00
2016.09.06 03:15:02.218,1.52414,1.52437,1.00,1.00
2016.09.06 03:15:08.475,1.52411,1.52437,1.00,1.00
2016.09.06 03:15:08.576,1.5241,1.52437,2.25,1.00
2016.09.06 03:15:09.429,1.5241,1.52437,1.50,1.00
2016.09.06 03:15:09.536,1.52417,1.52444,1.00,1.00
2016.09.06 03:15:09.637,1.52425,1.52452,1.00,1.75
2016.09.06 03:15:09.688,1.52425,1.52452,1.00,1.00
2016.09.06 03:15:09.840,1.52425,1.52452,2.25,1.00
2016.09.06 03:15:09.930,1.52425,1.52452,1.50,1.00
2016.09.06 03:15:10.031,1.52425,1.52452,2.25,1.00
2016.09.06 03:15:10.132,1.52425,1.52452,1.00,1.00
2016.09.06 03:15:10.436,1.52422,1.52449,1.00,1.00
2016.09.06 03:15:10.537,1.52421,1.52449,2.25,1.00
2016.09.06 03:15:10.721,1.52421,1.52449,1.50,1.00
2016.09.06 03:15:10.772,1.52423,1.52449,1.00,1.00
2016.09.06 03:15:11.149,1.52422,1.52449,1.50,1.00
2016.09.06 03:15:13.439,1.52423,1.52449,1.00,1.00
2016.09.06 03:15:14.411,1.52423,1.52451,1.50,1.00
2016.09.06 03:15:15.140,1.52423,1.52451,1.00,1.00
2016.09.06 03:15:16.596,1.52423,1.52451,1.50,1.00
2016.09.06 03:15:16.647,1.52423,1.52451,2.25,1.00
2016.09.06 03:15:16.814,1.52423,1.52451,1.50,1.00
2016.09.06 03:15:16.966,1.52423,1.52451,1.00,1.00
2016.09.06 03:15:17.276,1.52421,1.52447,1.00,1.00
2016.09.06 03:15:17.432,1.5242,1.52446,1.50,1.00
2016.09.06 03:15:17.584,1.52421,1.52446,1.00,1.00
2016.09.06 03:15:18.203,1.52423,1.52446,1.00,1.00
2016.09.06 03:15:18.417,1.5242,1.52446,1.00,1.00
2016.09.06 03:15:18.468,1.52419,1.52446,1.50,1.00
2016.09.06 03:15:18.569,1.52419,1.52446,1.00,1.00
2016.09.06 03:15:18.654,1.52419,1.52446,1.50,1.00
2016.09.06 03:15:19.274,1.52419,1.52446,1.00,1.00
2016.09.06 03:15:19.472,1.52419,1.52446,1.50,1.00
2016.09.06 03:15:20.564,1.52418,1.52445,1.00,1.00
2016.09.06 03:15:20.769,1.52414,1.52442,2.25,1.00
2016.09.06 03:15:20.972,1.52415,1.52442,1.00,1.00
2016.09.06 03:15:21.073,1.52414,1.52442,2.25,1.00
2016.09.06 03:15:21.123,1.52414,1.52442,3.00,1.00
2016.09.06 03:15:21.175,1.52415,1.52442,1.00,1.00
2016.09.06 03:15:21.662,1.52414,1.52442,3.00,1.00
2016.09.06 03:15:22.537,1.52414,1.52437,1.00,1.00
2016.09.06 03:15:22.639,1.52409,1.52437,2.25,1.00
2016.09.06 03:15:22.689,1.5241,1.52437,1.00,1.00
2016.09.06 03:15:23.204,1.52409,1.52437,1.00,1.00
2016.09.06 03:15:23.864,1.5241,1.52438,1.00,1.00
2016.09.06 03:15:23.915,1.5241,1.52438,1.50,1.00
2016.09.06 03:15:23.966,1.52413,1.5244,1.00,1.00
2016.09.06 03:15:24.693,1.52413,1.5244,1.50,1.00
2016.09.06 03:15:25.797,1.52414,1.5244,1.00,1.00
2016.09.06 03:15:27.097,1.52413,1.5244,1.00,1.00
2016.09.06 03:15:27.148,1.52413,1.5244,1.50,1.00
2016.09.06 03:15:27.250,1.52413,1.5244,2.25,1.00
2016.09.06 03:15:27.301,1.52413,1.5244,3.00,1.00
2016.09.06 03:15:27.527,1.52414,1.5244,1.00,1.00
2016.09.06 03:15:29.571,1.52414,1.52443,1.00,1.00
2016.09.06 03:15:30.561,1.52414,1.52441,1.00,1.00
2016.09.06 03:15:30.870,1.52416,1.52444,1.00,1.00
2016.09.06 03:15:30.971,1.52417,1.52444,1.50,1.00
2016.09.06 03:15:31.022,1.52418,1.52444,1.00,1.00
2016.09.06 03:15:31.205,1.5242,1.52444,1.00,1.00
2016.09.06 03:15:31.338,1.5242,1.52447,1.00,1.00
2016.09.06 03:15:31.506,1.52418,1.52447,2.25,1.00
2016.09.06 03:15:32.690,1.52418,1.52447,1.50,1.00
2016.09.06 03:15:33.491,1.52418,1.52447,2.25,1.00
2016.09.06 03:15:33.992,1.52418,1.52447,1.50,1.00
2016.09.06 03:15:34.293,1.52418,1.52447,2.25,1.00
2016.09.06 03:15:34.914,1.52418,1.52447,1.50,1.00
2016.09.06 03:15:35.039,1.5242,1.52447,1.00,1.00
2016.09.06 03:15:35.570,1.5242,1.52448,1.00,1.00
2016.09.06 03:15:37.070,1.52417,1.52444,1.00,1.00
2016.09.06 03:15:37.600,1.52416,1.52444,1.00,1.00
2016.09.06 03:15:44.551,1.52415,1.52442,1.00,1.00
2016.09.06 03:15:45.870,1.52415,1.52442,1.50,1.00
2016.09.06 03:15:45.921,1.52417,1.52442,1.00,1.00
2016.09.06 03:15:45.996,1.52417,1.52442,1.50,1.00
2016.09.06 03:15:46.353,1.52417,1.52444,2.25,1.00
2016.09.06 03:15:46.455,1.52417,1.52444,1.50,1.00
2016.09.06 03:15:46.505,1.52417,1.52444,1.00,1.00
2016.09.06 03:15:47.038,1.52418,1.52445,1.00,1.00
2016.09.06 03:15:48.054,1.52418,1.52445,1.50,1.00
2016.09.06 03:15:48.155,1.52418,1.52445,1.00,1.00
2016.09.06 03:15:49.352,1.52418,1.52445,1.50,1.00
2016.09.06 03:15:49.770,1.52418,1.52445,1.00,1.00
2016.09.06 03:15:49.873,1.52419,1.52448,1.50,1.00
2016.09.06 03:15:49.974,1.5242,1.52448,1.00,1.00
2016.09.06 03:15:50.075,1.52419,1.52448,1.50,1.00
2016.09.06 03:15:50.171,1.52422,1.52448,1.00,1.00
2016.09.06 03:15:50.273,1.5242,1.52448,1.00,1.00
2016.09.06 03:15:50.374,1.52419,1.52448,1.50,1.00
2016.09.06 03:15:50.605,1.5242,1.52448,1.00,1.00
2016.09.06 03:15:50.662,1.52419,1.52448,2.25,1.00
2016.09.06 03:15:50.765,1.52419,1.52448,1.00,1.00
2016.09.06 03:15:50.883,1.52417,1.52445,2.25,1.00
2016.09.06 03:15:51.220,1.52424,1.52445,1.00,1.00
2016.09.06 03:15:51.270,1.52424,1.52448,1.00,1.00
2016.09.06 03:15:52.521,1.52419,1.52448,1.50,1.00
2016.09.06 03:15:52.637,1.5242,1.52448,1.00,1.00
2016.09.06 03:15:54.262,1.52419,1.52448,2.25,1.00
2016.09.06 03:15:54.313,1.52419,1.52448,1.50,1.00
2016.09.06 03:15:54.363,1.52419,1.52448,1.00,1.00
2016.09.06 03:15:54.465,1.52417,1.52445,1.00,1.00
2016.09.06 03:15:54.793,1.52416,1.52443,1.50,1.00
2016.09.06 03:15:55.294,1.52419,1.52447,1.00,1.00
2016.09.06 03:16:00.908,1.52417,1.52445,1.00,1.00
2016.09.06 03:16:04.073,1.52418,1.52445,1.00,1.00
2016.09.06 03:16:04.124,1.52418,1.52445,1.50,1.00
2016.09.06 03:16:04.175,1.52424,1.52445,1.00,1.00
2016.09.06 03:16:23.249,1.52417,1.52445,1.00,1.00
2016.09.06 03:16:24.123,1.52416,1.52445,1.50,1.00
2016.09.06 03:16:25.512,1.52416,1.52445,1.00,1.00
2016.09.06 03:16:25.563,1.52415,1.52445,2.25,1.00
2016.09.06 03:16:26.513,1.52416,1.52445,1.00,1.00
2016.09.06 03:16:26.564,1.52416,1.52445,1.50,1.00
2016.09.06 03:16:28.800,1.52424,1.52445,1.00,1.00
2016.09.06 03:16:30.620,1.52424,1.52447,1.00,1.00
2016.09.06 03:16:30.924,1.52424,1.52449,1.00,1.00
2016.09.06 03:16:32.686,1.52423,1.52449,1.00,1.00
2016.09.06 03:16:37.161,1.52424,1.52449,1.00,1.00
2016.09.06 03:16:41.110,1.52423,1.52449,1.00,1.00
2016.09.06 03:16:55.379,1.52421,1.52445,1.00,1.00
2016.09.06 03:16:55.430,1.52416,1.52445,1.00,1.00
2016.09.06 03:16:55.480,1.52415,1.52445,1.50,1.00
2016.09.06 03:16:55.531,1.52415,1.52445,1.00,1.00
2016.09.06 03:16:59.652,1.52415,1.52443,1.00,1.00
2016.09.06 03:17:03.568,1.52415,1.52443,1.50,1.00
2016.09.06 03:17:03.618,1.52415,1.52443,2.25,1.00
2016.09.06 03:17:04.214,1.52417,1.52445,1.00,1.00
2016.09.06 03:17:06.774,1.52418,1.52448,1.00,1.00
2016.09.06 03:17:07.214,1.52423,1.52448,1.00,1.00
2016.09.06 03:17:07.315,1.52427,1.52455,1.00,1.00
2016.09.06 03:17:07.366,1.5243,1.52455,1.00,1.00
2016.09.06 03:17:07.417,1.52433,1.52463,1.50,1.00
2016.09.06 03:17:07.468,1.52436,1.52466,1.00,1.00
2016.09.06 03:17:07.518,1.52436,1.52466,1.50,1.00
2016.09.06 03:17:07.569,1.52436,1.52466,2.25,1.00
2016.09.06 03:17:07.771,1.52437,1.52466,1.00,1.00
2016.09.06 03:17:08.107,1.52439,1.52467,1.00,1.00
2016.09.06 03:17:10.208,1.52439,1.52469,1.00,1.00
2016.09.06 03:17:18.409,1.52444,1.52469,1.00,1.00
2016.09.06 03:17:25.790,1.52444,1.5247,1.00,1.00
2016.09.06 03:17:28.778,1.52444,1.5247,1.00,1.50
2016.09.06 03:17:29.707,1.52444,1.52467,1.00,1.00
2016.09.06 03:17:30.397,1.52444,1.52466,1.00,1.00
2016.09.06 03:17:38.647,1.52443,1.52466,1.00,1.00
2016.09.06 03:17:39.508,1.52443,1.52465,1.00,1.00
2016.09.06 03:17:39.940,1.52438,1.52465,1.00,1.00
2016.09.06 03:17:40.114,1.52437,1.52465,2.25,1.00
2016.09.06 03:17:40.164,1.52437,1.52465,1.50,1.00
2016.09.06 03:17:40.499,1.52437,1.52465,1.00,1.00
2016.09.06 03:17:40.702,1.52436,1.52464,1.50,1.00
2016.09.06 03:17:40.777,1.52437,1.52464,1.00,1.00
2016.09.06 03:17:40.829,1.52437,1.52463,1.50,1.00
2016.09.06 03:17:40.931,1.52437,1.52463,1.00,1.00
2016.09.06 03:17:41.611,1.52437,1.52462,1.00,1.00
2016.09.06 03:17:44.715,1.52437,1.52463,1.00,1.00
2016.09.06 03:17:47.929,1.52443,1.52463,1.00,1.00
2016.09.06 03:17:50.423,1.52436,1.52463,1.50,1.00
2016.09.06 03:17:57.451,1.52436,1.52463,1.00,1.00
2016.09.06 03:18:09.386,1.52439,1.52463,1.00,1.00
2016.09.06 03:18:09.723,1.52444,1.52465,1.00,1.00
2016.09.06 03:18:15.308,1.52444,1.52464,1.00,1.00
2016.09.06 03:18:15.358,1.52439,1.52464,1.00,1.00
2016.09.06 03:18:15.409,1.52437,1.52464,1.50,1.00
2016.09.06 03:18:15.510,1.52437,1.52464,1.00,1.00
2016.09.06 03:18:15.561,1.52437,1.52461,1.00,1.00
2016.09.06 03:18:16.715,1.52436,1.52461,1.50,1.00
2016.09.06 03:18:17.116,1.52437,1.52461,1.00,1.00
2016.09.06 03:18:17.272,1.52437,1.52463,1.00,1.00
2016.09.06 03:18:17.486,1.52436,1.52461,1.00,1.00
2016.09.06 03:18:17.536,1.52434,1.52461,2.25,1.00
2016.09.06 03:18:17.587,1.52436,1.52461,1.00,1.00
2016.09.06 03:18:17.688,1.52435,1.52461,1.50,1.00
2016.09.06 03:18:17.992,1.52439,1.52464,1.00,1.00
2016.09.06 03:18:26.102,1.52438,1.52464,1.50,1.00
2016.09.06 03:18:26.744,1.52438,1.52464,1.00,1.00
2016.09.06 03:18:26.935,1.52438,1.52464,1.50,1.00
2016.09.06 03:18:27.134,1.52438,1.52464,1.00,1.00
2016.09.06 03:18:27.545,1.52437,1.52464,1.50,1.00
2016.09.06 03:18:29.877,1.52437,1.52464,1.00,1.00
2016.09.06 03:18:31.319,1.52438,1.52466,1.50,1.00
2016.09.06 03:18:31.619,1.52439,1.52468,1.00,1.00
2016.09.06 03:18:32.008,1.52437,1.52465,2.25,1.00
2016.09.06 03:18:33.876,1.52437,1.52465,1.50,1.00
2016.09.06 03:18:37.612,1.52437,1.52465,1.00,1.00
2016.09.06 03:18:43.675,1.52437,1.52465,1.50,1.00
2016.09.06 03:18:43.776,1.52437,1.52465,1.00,1.00
2016.09.06 03:18:44.076,1.52437,1.52465,1.50,1.00
2016.09.06 03:18:44.545,1.52437,1.52465,1.00,1.00
2016.09.06 03:18:45.066,1.52437,1.52464,1.00,1.00
2016.09.06 03:18:50.256,1.52438,1.52464,1.00,1.00
2016.09.06 03:18:55.168,1.52437,1.52464,1.00,1.00
2016.09.06 03:18:55.269,1.52437,1.52464,1.50,1.00
2016.09.06 03:18:55.410,1.52437,1.52464,1.00,1.00
2016.09.06 03:18:57.107,1.52436,1.52464,1.50,1.00
2016.09.06 03:18:57.219,1.52436,1.52463,1.00,1.00
2016.09.06 03:18:57.270,1.52435,1.52463,1.50,1.00
2016.09.06 03:18:57.421,1.52439,1.52466,1.00,1.00
2016.09.06 03:18:57.725,1.52439,1.52466,1.50,1.00
2016.09.06 03:18:58.214,1.52439,1.52468,1.50,1.00
2016.09.06 03:18:59.112,1.52439,1.52468,1.00,1.00
2016.09.06 03:18:59.923,1.52438,1.52468,2.25,1.00
2016.09.06 03:19:00.209,1.52438,1.52468,1.00,1.00
2016.09.06 03:19:01.546,1.52441,1.5247,1.00,1.00
2016.09.06 03:19:01.596,1.52441,1.5247,1.50,1.00
2016.09.06 03:19:01.647,1.52441,1.5247,1.00,1.00
2016.09.06 03:19:01.698,1.5244,1.5247,2.25,1.00
2016.09.06 03:19:01.803,1.52441,1.5247,1.00,1.00
2016.09.06 03:19:01.904,1.52443,1.5247,1.50,1.00
2016.09.06 03:19:01.955,1.52445,1.52471,1.00,1.00
2016.09.06 03:19:02.523,1.52442,1.52471,2.25,1.00
2016.09.06 03:19:02.625,1.52442,1.52469,1.00,1.00
2016.09.06 03:19:02.675,1.52441,1.52469,1.50,1.00
2016.09.06 03:19:02.726,1.52441,1.52469,1.00,1.00
2016.09.06 03:19:03.047,1.5244,1.52467,1.00,1.00
2016.09.06 03:19:06.231,1.52439,1.52466,1.50,1.00
2016.09.06 03:19:06.281,1.52439,1.52466,1.00,1.00
2016.09.06 03:19:06.725,1.52437,1.52463,1.00,1.00
2016.09.06 03:19:07.030,1.5243,1.52458,1.00,1.00
2016.09.06 03:19:07.853,1.52428,1.52457,1.50,1.00
2016.09.06 03:19:08.295,1.52429,1.52457,1.00,1.00
2016.09.06 03:19:09.845,1.52428,1.52457,1.50,1.00
2016.09.06 03:19:09.999,1.52429,1.52457,1.00,1.00
2016.09.06 03:19:14.707,1.52428,1.52457,1.50,1.00
2016.09.06 03:19:15.475,1.52429,1.52457,1.00,1.00
2016.09.06 03:19:15.577,1.52427,1.52456,1.00,1.00
2016.09.06 03:19:15.627,1.52426,1.52456,1.50,1.00
2016.09.06 03:19:15.678,1.52426,1.52453,1.00,1.00
2016.09.06 03:19:15.779,1.52428,1.52455,1.00,1.00
2016.09.06 03:19:16.075,1.52428,1.52455,2.25,1.00
2016.09.06 03:19:16.444,1.52428,1.52458,2.25,1.00
2016.09.06 03:19:16.545,1.52429,1.52458,1.00,1.00
2016.09.06 03:19:16.596,1.52429,1.52458,1.50,1.00
2016.09.06 03:19:16.646,1.52431,1.52458,1.00,1.00
2016.09.06 03:19:17.443,1.5243,1.52458,1.00,1.00
2016.09.06 03:19:17.914,1.52429,1.52458,1.50,1.00
2016.09.06 03:19:18.153,1.52429,1.52458,1.00,1.00
2016.09.06 03:19:18.520,1.5243,1.52458,1.50,1.00
2016.09.06 03:19:18.817,1.5243,1.52458,1.00,1.00
2016.09.06 03:19:18.943,1.5243,1.52458,1.50,1.00
2016.09.06 03:19:18.994,1.52434,1.52461,1.00,1.00
2016.09.06 03:19:19.045,1.52434,1.52461,1.50,1.00
2016.09.06 03:19:19.096,1.52435,1.52464,1.00,1.00
2016.09.06 03:19:19.174,1.52445,1.52473,1.00,1.00
2016.09.06 03:19:19.225,1.52445,1.52474,1.50,1.00
2016.09.06 03:19:19.276,1.52447,1.52476,1.00,1.00
2016.09.06 03:19:19.428,1.52447,1.52476,1.50,1.00
2016.09.06 03:19:19.529,1.52447,1.52476,1.00,1.00
2016.09.06 03:19:19.681,1.52447,1.52476,1.00,1.00
2016.09.06 03:19:20.166,1.52445,1.52474,1.00,1.00
2016.09.06 03:19:21.357,1.52446,1.52476,1.00,1.00
2016.09.06 03:19:29.968,1.52448,1.52476,1.00,1.00
2016.09.06 03:19:34.704,1.52446,1.52474,1.00,1.00
2016.09.06 03:19:35.623,1.52447,1.52475,1.00,1.00
2016.09.06 03:19:37.879,1.52448,1.52476,1.00,1.00
2016.09.06 03:19:41.412,1.52448,1.52476,1.00,1.00
2016.09.06 03:19:45.002,1.52446,1.52476,1.00,1.00
2016.09.06 03:19:45.338,1.5244,1.52473,1.00,1.00
2016.09.06 03:19:45.436,1.5244,1.52473,1.00,1.50
2016.09.06 03:19:45.487,1.5244,1.52468,1.00,1.00
2016.09.06 03:19:45.538,1.52438,1.52466,1.00,1.00
2016.09.06 03:19:45.639,1.52434,1.52464,1.00,1.00
2016.09.06 03:19:45.740,1.52434,1.52464,1.00,1.00
2016.09.06 03:19:45.893,1.5243,1.5246,1.50,1.00
2016.09.06 03:19:45.994,1.5243,1.5246,1.00,1.00
2016.09.06 03:19:46.045,1.5243,1.5246,1.00,1.00
2016.09.06 03:19:46.096,1.52427,1.52457,1.00,1.00
2016.09.06 03:19:46.409,1.52426,1.52454,1.00,1.00
2016.09.06 03:19:47.122,1.52428,1.52457,1.00,1.00
2016.09.06 03:19:47.512,1.5243,1.52459,1.00,1.00
2016.09.06 03:19:47.563,1.5243,1.52459,1.00,1.00
2016.09.06 03:19:51.151,1.5243,1.52459,1.00,1.00
2016.09.06 03:19:53.431,1.5243,1.52459,1.00,1.00
2016.09.06 03:19:55.433,1.5243,1.52459,1.00,1.00
2016.09.06 03:19:56.951,1.5243,1.52459,1.00,1.00
2016.09.06 03:19:57.280,1.5243,1.52459,1.00,1.00
2016.09.06 03:19:57.381,1.5243,1.52459,1.00,1.00
2016.09.06 03:19:57.561,1.5243,1.52459,1.00,1.00
2016.09.06 03:19:57.946,1.52428,1.52456,1.00,1.00
2016.09.06 03:19:58.304,1.52428,1.52456,1.50,1.00
2016.09.06 03:19:58.547,1.5243,1.52459,1.00,1.00
2016.09.06 03:19:58.746,1.52431,1.52459,1.00,1.00
2016.09.06 03:20:00.584,1.52431,1.52459,1.00,1.00
2016.09.06 03:20:01.352,1.5243,1.52459,1.00,1.00
2016.09.06 03:20:01.890,1.52431,1.52459,1.00,1.00
2016.09.06 03:20:03.087,1.52431,1.52458,1.00,1.00
2016.09.06 03:20:03.138,1.52425,1.52451,1.50,1.00
2016.09.06 03:20:03.239,1.52425,1.52451,1.00,1.00
2016.09.06 03:20:03.290,1.52424,1.52451,2.25,1.00
2016.09.06 03:20:03.340,1.52425,1.52451,1.00,1.00
2016.09.06 03:20:03.471,1.52424,1.52451,2.25,1.00
2016.09.06 03:20:03.596,1.52425,1.52451,1.00,1.00
2016.09.06 03:20:03.757,1.52424,1.52451,2.25,1.00
2016.09.06 03:20:03.858,1.52425,1.52451,1.00,1.00
2016.09.06 03:20:04.384,1.52425,1.52451,1.50,1.00
2016.09.06 03:20:04.435,1.52426,1.52451,1.00,1.00
2016.09.06 03:20:05.848,1.52425,1.52451,1.50,1.00
2016.09.06 03:20:06.885,1.52426,1.52451,1.00,1.00
2016.09.06 03:20:07.690,1.52425,1.52451,1.50,1.00
2016.09.06 03:20:08.460,1.52426,1.52451,1.00,1.00
2016.09.06 03:20:11.125,1.52426,1.52455,1.00,1.00
2016.09.06 03:20:11.176,1.52428,1.52455,1.00,1.00
2016.09.06 03:20:11.487,1.52439,1.52466,1.00,1.00
2016.09.06 03:20:11.539,1.5244,1.52467,1.00,1.00
2016.09.06 03:20:11.591,1.5244,1.52467,1.50,1.00
2016.09.06 03:20:11.692,1.52441,1.52467,1.00,1.00
2016.09.06 03:20:11.748,1.5244,1.52467,1.50,1.00
2016.09.06 03:20:11.901,1.5244,1.52467,1.00,1.00
2016.09.06 03:20:11.951,1.52439,1.52467,1.50,1.00
2016.09.06 03:20:12.154,1.52439,1.52467,1.00,1.00
2016.09.06 03:20:16.356,1.52441,1.52467,1.00,1.00
2016.09.06 03:20:16.528,1.5244,1.52467,1.50,1.00
2016.09.06 03:20:16.579,1.52441,1.52467,1.00,1.00
2016.09.06 03:20:16.657,1.5244,1.52467,1.50,1.00
2016.09.06 03:20:16.857,1.52441,1.52467,1.00,1.00
2016.09.06 03:20:17.467,1.52442,1.52467,1.00,1.00
2016.09.06 03:20:17.688,1.5244,1.52467,1.00,1.00
2016.09.06 03:20:18.249,1.52439,1.52467,1.50,1.00
2016.09.06 03:20:18.360,1.5244,1.52467,1.00,1.00
2016.09.06 03:20:18.735,1.52442,1.5247,1.00,1.00
2016.09.06 03:20:19.992,1.52442,1.5247,1.50,1.00
2016.09.06 03:20:20.476,1.52441,1.52467,1.00,1.00
2016.09.06 03:20:20.678,1.52442,1.5247,1.00,1.00
2016.09.06 03:20:26.389,1.52441,1.5247,1.00,1.00
2016.09.06 03:20:30.049,1.5244,1.52468,1.50,1.00
2016.09.06 03:20:32.998,1.52441,1.52468,1.00,1.00
2016.09.06 03:20:33.049,1.52441,1.52468,1.50,1.00
2016.09.06 03:20:33.099,1.52442,1.52468,1.00,1.00
2016.09.06 03:20:35.508,1.52441,1.52468,1.00,1.00
2016.09.06 03:20:36.993,1.5244,1.52468,2.25,1.00
2016.09.06 03:20:40.610,1.5244,1.52469,2.25,1.00
2016.09.06 03:20:42.904,1.5244,1.52469,1.50,1.00
2016.09.06 03:20:44.868,1.5244,1.52468,1.50,1.00
2016.09.06 03:20:44.918,1.5244,1.52468,1.00,1.00
2016.09.06 03:20:45.617,1.52441,1.52468,1.00,1.00
2016.09.06 03:20:45.869,1.52441,1.5247,1.00,1.00
2016.09.06 03:20:47.165,1.5244,1.5247,2.25,1.00
2016.09.06 03:20:48.021,1.52443,1.5247,1.00,1.00
2016.09.06 03:20:48.367,1.5244,1.5247,1.50,1.00
2016.09.06 03:20:48.418,1.5244,1.5247,1.00,1.00
2016.09.06 03:20:48.522,1.5244,1.5247,1.50,1.00
2016.09.06 03:20:49.570,1.5244,1.5247,1.00,1.00
2016.09.06 03:21:00.227,1.52439,1.52469,1.50,1.00
2016.09.06 03:21:00.278,1.52439,1.52469,1.00,1.00
2016.09.06 03:21:00.388,1.52439,1.52469,1.50,1.00
2016.09.06 03:21:01.186,1.52441,1.52468,1.00,1.00
2016.09.06 03:21:02.638,1.52442,1.52468,1.00,1.00
2016.09.06 03:21:03.286,1.52443,1.52468,1.00,1.00
2016.09.06 03:21:03.389,1.52443,1.52472,1.00,1.00
2016.09.06 03:21:03.540,1.52443,1.52472,1.50,1.00
2016.09.06 03:21:05.938,1.52445,1.52472,1.00,1.00
2016.09.06 03:21:05.988,1.52445,1.52472,1.50,1.00
2016.09.06 03:21:06.140,1.52445,1.52472,1.00,1.00
2016.09.06 03:21:06.300,1.52444,1.52472,1.50,1.00
2016.09.06 03:21:06.488,1.52444,1.52472,1.00,1.00
2016.09.06 03:21:06.692,1.52444,1.52472,1.50,1.00
2016.09.06 03:21:06.850,1.52445,1.52472,1.00,1.00
2016.09.06 03:21:07.390,1.52445,1.52472,1.50,1.00
2016.09.06 03:21:07.544,1.52445,1.52472,1.00,1.00
2016.09.06 03:21:07.595,1.52443,1.52472,1.50,1.00
2016.09.06 03:21:10.307,1.52444,1.52472,1.00,1.00
2016.09.06 03:21:10.408,1.52443,1.52472,1.50,1.00
2016.09.06 03:21:11.344,1.52443,1.52472,1.00,1.00
2016.09.06 03:21:11.598,1.52442,1.52472,1.50,1.00
2016.09.06 03:21:14.014,1.52442,1.52472,1.00,1.00
2016.09.06 03:21:14.551,1.52442,1.52472,1.00,1.00
2016.09.06 03:21:15.220,1.52442,1.52471,1.00,1.00
2016.09.06 03:21:18.002,1.52441,1.52471,1.50,1.00
2016.09.06 03:21:18.222,1.52441,1.52471,1.00,1.00
2016.09.06 03:21:22.712,1.52443,1.52471,1.00,1.00
2016.09.06 03:21:25.715,1.52442,1.52471,1.00,1.00
2016.09.06 03:21:29.563,1.52444,1.52471,1.00,1.00
2016.09.06 03:21:30.071,1.52443,1.52471,1.00,1.00
2016.09.06 03:21:30.221,1.52443,1.52473,1.50,1.00
2016.09.06 03:21:35.321,1.52444,1.52473,1.00,1.00
2016.09.06 03:21:35.767,1.52444,1.52473,1.50,1.00
2016.09.06 03:21:35.818,1.52444,1.52473,1.00,1.00
2016.09.06 03:21:35.969,1.52443,1.52473,1.50,1.00
2016.09.06 03:21:36.070,1.52443,1.52473,1.00,1.00
2016.09.06 03:21:42.081,1.52443,1.52473,1.50,1.00
2016.09.06 03:21:42.283,1.52443,1.52473,1.00,1.00
2016.09.06 03:21:45.238,1.52443,1.52471,1.00,1.00
2016.09.06 03:21:45.759,1.52442,1.5247,1.00,1.00
2016.09.06 03:21:46.339,1.52442,1.52469,1.00,1.00
2016.09.06 03:21:46.874,1.52438,1.52466,2.25,1.00
2016.09.06 03:21:46.926,1.52438,1.52466,1.50,1.00
2016.09.06 03:21:46.976,1.52438,1.52466,1.00,1.00
2016.09.06 03:21:47.178,1.52438,1.52466,1.00,1.50
2016.09.06 03:21:47.279,1.52436,1.52463,1.00,1.00
2016.09.06 03:21:47.595,1.52436,1.52463,1.50,1.00
2016.09.06 03:21:47.696,1.52436,1.52463,1.00,1.00
2016.09.06 03:21:47.847,1.52436,1.52466,1.00,1.00
2016.09.06 03:21:50.310,1.52437,1.52466,1.00,1.00
2016.09.06 03:21:52.403,1.52436,1.52466,1.50,1.00
2016.09.06 03:21:52.466,1.52436,1.52466,1.50,1.00
2016.09.06 03:21:52.604,1.52436,1.52466,1.00,1.00
2016.09.06 03:21:52.705,1.52436,1.52466,1.50,1.00
2016.09.06 03:21:54.367,1.52436,1.52466,1.00,1.00
2016.09.06 03:21:54.880,1.52437,1.52466,1.00,1.00
2016.09.06 03:21:55.610,1.52438,1.52466,1.00,1.00
2016.09.06 03:21:56.056,1.52437,1.52466,1.00,1.00
2016.09.06 03:21:56.279,1.52436,1.52466,2.25,1.00
2016.09.06 03:21:56.380,1.52437,1.52466,1.00,1.00
2016.09.06 03:21:56.613,1.52436,1.52466,2.25,1.00
2016.09.06 03:21:56.715,1.52437,1.52466,1.00,1.00
2016.09.06 03:21:57.427,1.52437,1.52466,1.00,1.50
2016.09.06 03:21:58.085,1.52436,1.52464,1.50,1.00
2016.09.06 03:21:58.319,1.52436,1.52464,1.00,1.00
2016.09.06 03:21:58.854,1.52436,1.52465,1.00,1.00
2016.09.06 03:21:59.065,1.52438,1.52466,1.00,1.00
2016.09.06 03:22:00.483,1.52435,1.52465,1.00,1.00
2016.09.06 03:22:00.686,1.52435,1.52465,1.00,1.00
2016.09.06 03:22:01.091,1.52436,1.52467,1.00,1.50
2016.09.06 03:22:04.362,1.52434,1.52466,1.00,1.00
2016.09.06 03:22:04.463,1.52434,1.52463,1.00,1.00
2016.09.06 03:22:05.364,1.52434,1.52464,1.00,1.00
2016.09.06 03:22:07.184,1.52433,1.52463,1.50,1.00
2016.09.06 03:22:07.291,1.52433,1.52463,1.00,1.00
2016.09.06 03:22:15.275,1.52433,1.5246,1.00,1.00
2016.09.06 03:22:16.080,1.52434,1.52463,1.00,1.00
2016.09.06 03:22:17.077,1.52435,1.52463,1.00,1.00
2016.09.06 03:22:28.091,1.52433,1.52463,1.00,1.00
2016.09.06 03:22:28.673,1.52433,1.52463,1.50,1.00
2016.09.06 03:22:32.443,1.52434,1.52463,1.00,1.00
2016.09.06 03:22:32.600,1.52435,1.52465,1.00,1.00
2016.09.06 03:22:32.701,1.52438,1.52466,1.00,1.00
2016.09.06 03:22:33.235,1.52437,1.52467,1.00,1.00
2016.09.06 03:22:33.549,1.52437,1.52467,1.00,1.00
2016.09.06 03:22:33.803,1.52435,1.52466,1.00,1.00
2016.09.06 03:22:33.854,1.52435,1.52466,1.00,1.00
2016.09.06 03:22:33.904,1.52435,1.52466,1.00,1.50
2016.09.06 03:22:38.013,1.52435,1.52464,1.00,1.00
2016.09.06 03:22:38.715,1.52436,1.52465,1.00,1.00
2016.09.06 03:22:39.040,1.5243,1.52461,2.25,1.00
2016.09.06 03:22:39.141,1.52434,1.52453,1.00,1.00
2016.09.06 03:22:39.243,1.52425,1.52447,1.00,1.00
2016.09.06 03:22:39.345,1.52423,1.52447,1.00,1.00
2016.09.06 03:22:39.447,1.52422,1.52453,1.50,1.00
2016.09.06 03:22:39.652,1.52422,1.52453,1.00,1.00
2016.09.06 03:22:39.754,1.52425,1.52456,1.00,1.00
2016.09.06 03:22:42.814,1.52424,1.52453,1.00,1.00
2016.09.06 03:22:45.363,1.52423,1.52453,1.00,1.00
2016.09.06 03:22:47.124,1.52425,1.52454,1.00,1.00
2016.09.06 03:22:47.677,1.52423,1.52452,1.00,1.00
2016.09.06 03:22:48.436,1.52424,1.52453,1.00,1.00
2016.09.06 03:22:52.172,1.52425,1.52456,1.00,1.00
2016.09.06 03:22:55.270,1.52425,1.52457,1.00,1.00
2016.09.06 03:22:55.320,1.52425,1.52462,1.00,1.00
2016.09.06 03:22:55.371,1.52434,1.52463,1.00,1.00
2016.09.06 03:22:55.422,1.52434,1.52463,1.00,1.00
2016.09.06 03:22:55.523,1.52434,1.52457,1.00,1.00
2016.09.06 03:22:55.768,1.52434,1.52463,1.00,1.00
2016.09.06 03:22:56.341,1.52431,1.52456,1.00,1.00
2016.09.06 03:22:56.442,1.52425,1.52456,1.12,1.50
2016.09.06 03:22:56.493,1.52424,1.52456,1.50,1.50
2016.09.06 03:22:56.544,1.52424,1.52456,1.37,1.50
2016.09.06 03:22:56.636,1.52424,1.52456,1.00,1.50
2016.09.06 03:22:59.272,1.52424,1.52456,1.00,1.00
2016.09.06 03:22:59.627,1.52424,1.52456,1.00,1.00
2016.09.06 03:23:00.445,1.52426,1.52456,1.00,1.00
2016.09.06 03:23:03.027,1.52426,1.52456,1.00,1.50
2016.09.06 03:23:04.128,1.52426,1.52456,1.00,1.00
2016.09.06 03:23:04.230,1.52427,1.52461,1.00,1.00
2016.09.06 03:23:04.280,1.52434,1.52464,1.00,1.00
2016.09.06 03:23:04.432,1.52436,1.52465,1.00,1.00
2016.09.06 03:23:04.735,1.52439,1.52466,1.00,1.00
2016.09.06 03:23:07.382,1.5243,1.52462,1.50,1.00
2016.09.06 03:23:07.433,1.5243,1.52456,1.50,1.00
2016.09.06 03:23:07.484,1.52427,1.52456,2.25,1.00
2016.09.06 03:23:07.535,1.52427,1.52456,1.37,1.00
2016.09.06 03:23:07.586,1.52425,1.52454,1.00,1.00
2016.09.06 03:23:08.457,1.52423,1.52454,1.00,1.00
2016.09.06 03:23:15.460,1.52424,1.52455,1.00,1.00
2016.09.06 03:23:19.547,1.52424,1.52455,1.00,1.00
2016.09.06 03:23:19.786,1.52418,1.52454,1.50,1.00
2016.09.06 03:23:19.837,1.52418,1.52454,1.00,1.00
2016.09.06 03:23:19.888,1.52416,1.52448,1.50,1.00
2016.09.06 03:23:19.939,1.52416,1.52448,1.00,1.00
2016.09.06 03:23:19.990,1.52415,1.52445,1.00,1.00
2016.09.06 03:23:26.649,1.52415,1.52437,1.00,1.00
2016.09.06 03:23:30.152,1.52415,1.52445,1.00,1.00
2016.09.06 03:23:30.518,1.52413,1.52444,1.00,1.00
2016.09.06 03:23:31.570,1.52413,1.52444,1.00,1.00
2016.09.06 03:23:38.350,1.52413,1.52444,1.00,1.00
2016.09.06 03:23:38.473,1.52413,1.52444,1.00,1.00
2016.09.06 03:23:40.289,1.52413,1.52444,1.00,1.00
2016.09.06 03:23:48.609,1.52421,1.52446,1.00,1.00
2016.09.06 03:23:48.660,1.52421,1.52446,1.00,1.00
2016.09.06 03:23:48.711,1.52428,1.52456,1.00,1.00
2016.09.06 03:23:48.812,1.52428,1.52457,1.00,1.12
2016.09.06 03:23:48.871,1.52428,1.52456,1.00,1.00
2016.09.06 03:23:48.972,1.52428,1.52457,1.00,1.00
2016.09.06 03:23:49.255,1.52428,1.52456,1.00,1.00
2016.09.06 03:23:49.306,1.52429,1.52456,1.00,1.00
2016.09.06 03:23:50.305,1.52428,1.52456,1.50,1.00
2016.09.06 03:23:52.471,1.52428,1.52456,1.50,1.50
2016.09.06 03:23:54.635,1.52428,1.52454,1.00,1.00
2016.09.06 03:23:55.171,1.52427,1.52454,1.00,1.00
2016.09.06 03:24:00.388,1.52426,1.52454,2.25,1.00
2016.09.06 03:24:00.490,1.52427,1.52454,1.00,1.00
2016.09.06 03:24:00.692,1.52426,1.52455,2.25,1.00
2016.09.06 03:24:01.190,1.52427,1.52455,1.00,1.00
2016.09.06 03:24:01.292,1.52426,1.52455,2.25,1.00
2016.09.06 03:24:04.395,1.52427,1.52455,1.00,1.00
2016.09.06 03:24:07.118,1.52426,1.52455,2.25,1.00
2016.09.06 03:24:09.204,1.52427,1.52455,1.00,1.00
2016.09.06 03:24:09.549,1.52426,1.52455,2.25,1.00
2016.09.06 03:24:10.206,1.52427,1.52455,1.00,1.00
2016.09.06 03:24:10.312,1.52426,1.52455,2.25,1.00
2016.09.06 03:24:12.388,1.52426,1.52455,1.50,1.00
2016.09.06 03:24:12.438,1.52427,1.52455,1.00,1.00
2016.09.06 03:24:15.440,1.52426,1.52455,1.50,1.00
2016.09.06 03:24:15.577,1.52426,1.52455,1.00,1.00
2016.09.06 03:24:18.921,1.52427,1.52455,1.00,1.00
2016.09.06 03:24:19.124,1.52428,1.52456,1.50,1.00
2016.09.06 03:24:19.174,1.52431,1.52461,1.00,1.00
2016.09.06 03:24:19.225,1.52431,1.52461,1.50,1.00
2016.09.06 03:24:19.276,1.52434,1.52464,1.00,1.00
2016.09.06 03:24:19.327,1.52434,1.52464,1.50,1.00
2016.09.06 03:24:19.428,1.52434,1.52464,1.00,1.00
2016.09.06 03:24:19.731,1.52436,1.52466,1.00,1.00
2016.09.06 03:24:19.902,1.52447,1.52475,1.00,1.00
2016.09.06 03:24:20.003,1.52447,1.52475,1.00,1.00
2016.09.06 03:24:20.117,1.52447,1.52475,1.00,1.00
2016.09.06 03:24:20.595,1.52447,1.52475,1.00,1.00
2016.09.06 03:24:20.696,1.52447,1.52475,1.00,1.00
2016.09.06 03:24:30.571,1.52446,1.52474,1.00,1.00
2016.09.06 03:24:35.279,1.52445,1.52473,1.00,1.00
2016.09.06 03:24:44.006,1.52447,1.52476,1.00,1.00
2016.09.06 03:24:48.996,1.52446,1.52475,1.00,1.00
2016.09.06 03:24:49.522,1.52444,1.52474,1.00,1.00
2016.09.06 03:24:49.605,1.52443,1.52471,2.25,1.00
2016.09.06 03:24:49.660,1.52444,1.52471,1.00,1.00
2016.09.06 03:24:50.027,1.5244,1.5247,1.50,1.00
2016.09.06 03:24:51.390,1.5244,1.5247,1.00,1.00
2016.09.06 03:24:54.341,1.52439,1.52467,1.00,1.00
2016.09.06 03:24:56.956,1.52441,1.52469,1.00,1.00
2016.09.06 03:24:57.261,1.52444,1.52471,1.00,1.00
2016.09.06 03:24:57.910,1.5244,1.52469,1.00,1.00
2016.09.06 03:25:00.130,1.5244,1.52469,1.50,1.00
2016.09.06 03:25:00.889,1.5244,1.52468,1.50,1.00
2016.09.06 03:25:03.526,1.5244,1.52468,1.00,1.00
2016.09.06 03:25:05.026,1.52443,1.52471,1.00,1.00
2016.09.06 03:25:05.553,1.52441,1.52471,1.50,1.00
2016.09.06 03:25:05.736,1.52442,1.52471,1.00,1.00
2016.09.06 03:25:05.939,1.52443,1.52471,1.50,1.00
2016.09.06 03:25:06.141,1.52444,1.52474,1.50,1.00
2016.09.06 03:25:07.842,1.52444,1.52474,1.00,1.00
2016.09.06 03:25:08.956,1.52446,1.52476,1.50,1.00
2016.09.06 03:25:09.057,1.52446,1.52476,1.00,1.00
2016.09.06 03:25:09.448,1.52443,1.5247,1.50,1.00
2016.09.06 03:25:09.498,1.52443,1.5247,1.00,1.00
2016.09.06 03:25:09.600,1.5244,1.52469,1.00,1.00
2016.09.06 03:25:09.852,1.5244,1.52469,1.50,1.00
2016.09.06 03:25:09.953,1.52444,1.52471,1.00,1.00
2016.09.06 03:25:10.055,1.52446,1.52474,1.00,1.00
2016.09.06 03:25:10.739,1.52447,1.52475,1.00,1.00
2016.09.06 03:25:11.940,1.52446,1.52475,1.00,1.00
2016.09.06 03:25:15.648,1.52446,1.52474,1.00,1.00
2016.09.06 03:25:26.161,1.52447,1.52474,1.00,1.00
2016.09.06 03:25:28.865,1.52448,1.52475,1.00,1.00
2016.09.06 03:25:33.712,1.52447,1.52474,1.00,1.00
2016.09.06 03:25:34.397,1.52447,1.52476,1.00,1.00
2016.09.06 03:25:39.672,1.52447,1.52477,1.00,1.00
2016.09.06 03:25:41.180,1.52448,1.52475,1.00,1.00
2016.09.06 03:25:45.685,1.52448,1.52476,1.00,1.00
2016.09.06 03:25:50.093,1.52449,1.52476,1.00,1.00
2016.09.06 03:25:51.095,1.52448,1.52476,1.00,1.00
2016.09.06 03:25:56.008,1.52445,1.52472,1.50,1.00
2016.09.06 03:25:56.059,1.52445,1.52472,1.00,1.00
2016.09.06 03:25:56.109,1.52444,1.52472,1.50,1.00
2016.09.06 03:25:56.211,1.52444,1.52472,1.00,1.00
2016.09.06 03:26:00.702,1.52443,1.52472,1.00,1.00
2016.09.06 03:26:00.853,1.52442,1.52463,1.00,1.00
2016.09.06 03:26:00.904,1.52438,1.52468,1.00,1.00
2016.09.06 03:26:01.106,1.52438,1.52468,1.50,1.00
2016.09.06 03:26:01.207,1.52438,1.52468,1.00,1.00
2016.09.06 03:26:01.721,1.52442,1.52469,1.00,1.00
2016.09.06 03:26:03.925,1.52444,1.52474,1.00,1.00
2016.09.06 03:26:04.077,1.52444,1.52474,1.00,1.00
2016.09.06 03:26:04.128,1.52444,1.52474,1.50,1.00
2016.09.06 03:26:04.229,1.52447,1.52475,1.00,1.00
2016.09.06 03:26:04.908,1.52446,1.52474,1.50,1.00
2016.09.06 03:26:05.509,1.52447,1.52475,1.00,1.00
2016.09.06 03:26:07.723,1.52448,1.52476,1.00,1.00
2016.09.06 03:26:12.157,1.52449,1.52476,1.00,1.00
2016.09.06 03:26:12.258,1.52448,1.52478,1.00,1.00
2016.09.06 03:26:12.431,1.52448,1.52478,1.50,1.00
2016.09.06 03:26:13.144,1.52449,1.52478,1.00,1.00
2016.09.06 03:26:13.675,1.5245,1.52478,1.50,1.00
2016.09.06 03:26:15.823,1.52451,1.52478,1.00,1.00
2016.09.06 03:26:16.133,1.5245,1.52479,1.50,1.00
2016.09.06 03:26:16.235,1.52452,1.5248,1.00,1.00
2016.09.06 03:26:16.285,1.52452,1.5248,1.50,1.00
2016.09.06 03:26:16.487,1.52452,1.5248,1.00,1.00
2016.09.06 03:26:16.914,1.52451,1.52478,1.00,1.00
2016.09.06 03:26:26.347,1.5245,1.52478,1.00,1.00
2016.09.06 03:26:29.081,1.52451,1.52478,1.00,1.00
2016.09.06 03:26:29.289,1.52451,1.52478,1.50,1.00
2016.09.06 03:26:29.805,1.52452,1.52478,1.00,1.00
2016.09.06 03:26:29.907,1.52451,1.52478,1.50,1.00
2016.09.06 03:26:30.326,1.52452,1.52478,1.00,1.00
2016.09.06 03:26:30.492,1.5245,1.52477,1.00,1.00
2016.09.06 03:26:30.593,1.52449,1.52477,1.50,1.00
2016.09.06 03:26:30.795,1.52449,1.52477,1.00,1.00
2016.09.06 03:26:31.442,1.5245,1.52477,1.00,1.00
2016.09.06 03:26:32.241,1.52449,1.52476,1.00,1.00
2016.09.06 03:26:35.593,1.52448,1.52476,1.50,1.00
2016.09.06 03:26:38.335,1.52448,1.52476,1.00,1.00
2016.09.06 03:26:38.436,1.52448,1.52476,1.50,1.00
2016.09.06 03:26:38.842,1.52448,1.52476,1.00,1.00
2016.09.06 03:26:38.944,1.52448,1.52476,1.50,1.00
2016.09.06 03:26:39.293,1.52448,1.52476,2.25,1.00
2016.09.06 03:26:39.344,1.52449,1.52476,1.00,1.00
2016.09.06 03:26:44.351,1.52448,1.52476,1.50,1.00
2016.09.06 03:26:44.556,1.52448,1.52476,1.00,1.00
2016.09.06 03:27:00.889,1.52448,1.52475,1.00,1.00
2016.09.06 03:27:03.817,1.52448,1.52475,1.50,1.00
2016.09.06 03:27:04.019,1.52448,1.52475,1.00,1.00
2016.09.06 03:27:04.120,1.52448,1.52475,1.50,1.00
2016.09.06 03:27:04.272,1.52448,1.52475,2.25,1.00
2016.09.06 03:27:04.578,1.52448,1.52475,1.50,1.00
2016.09.06 03:27:05.128,1.52448,1.52475,1.00,1.00
2016.09.06 03:27:05.179,1.52448,1.52475,1.50,1.00
2016.09.06 03:27:05.697,1.52448,1.52475,1.00,1.00
2016.09.06 03:27:06.479,1.52448,1.52475,1.50,1.00
2016.09.06 03:27:07.929,1.52448,1.52475,1.00,1.00
2016.09.06 03:27:15.907,1.52449,1.52476,1.00,1.00
2016.09.06 03:27:30.926,1.52448,1.52476,1.00,1.00
2016.09.06 03:27:39.366,1.52448,1.52476,1.50,1.00
2016.09.06 03:27:43.180,1.52448,1.52476,2.25,1.00
2016.09.06 03:27:45.784,1.52448,1.52476,1.50,1.00
2016.09.06 03:27:45.881,1.52448,1.52476,1.00,1.00
2016.09.06 03:27:46.398,1.52449,1.52477,1.00,1.00
2016.09.06 03:27:47.155,1.52449,1.52476,1.00,1.00
2016.09.06 03:27:54.000,1.52449,1.52476,1.50,1.00
2016.09.06 03:27:54.799,1.52452,1.52479,1.00,1.00
2016.09.06 03:27:55.002,1.52449,1.52477,2.25,1.00
2016.09.06 03:27:55.103,1.52449,1.52477,1.00,1.00
2016.09.06 03:27:55.903,1.52449,1.52477,1.50,1.00
2016.09.06 03:27:55.953,1.5245,1.52477,1.00,1.00
2016.09.06 03:27:56.309,1.52449,1.52477,2.25,1.00
2016.09.06 03:27:56.459,1.5245,1.52477,1.00,1.00
2016.09.06 03:27:59.307,1.52446,1.52476,1.50,1.00
2016.09.06 03:27:59.358,1.52446,1.52476,1.00,1.00
2016.09.06 03:28:00.131,1.52446,1.52476,1.50,1.00
2016.09.06 03:28:00.256,1.52446,1.52476,1.00,1.00
2016.09.06 03:28:00.307,1.52449,1.52478,1.00,1.00
2016.09.06 03:28:00.622,1.52449,1.52476,1.00,1.00
2016.09.06 03:28:01.513,1.52448,1.52476,1.00,1.00
2016.09.06 03:28:04.595,1.52447,1.52479,1.50,1.00
2016.09.06 03:28:04.646,1.5245,1.52479,1.00,1.00
2016.09.06 03:28:04.696,1.5245,1.5248,1.50,1.00
2016.09.06 03:28:04.793,1.5245,1.5248,2.25,1.00
2016.09.06 03:28:04.875,1.52453,1.52481,1.00,1.00
2016.09.06 03:28:05.763,1.52453,1.5248,1.00,1.00
2016.09.06 03:28:06.683,1.52453,1.52481,1.00,1.00
2016.09.06 03:28:06.837,1.52447,1.52473,1.00,1.00
2016.09.06 03:28:06.888,1.52444,1.52469,1.00,1.00
2016.09.06 03:28:06.939,1.52439,1.52469,1.50,1.00
2016.09.06 03:28:07.040,1.52439,1.52469,1.00,1.00
2016.09.06 03:28:07.193,1.52436,1.52465,1.50,1.00
2016.09.06 03:28:07.252,1.52437,1.52465,1.00,1.00
2016.09.06 03:28:08.988,1.52438,1.52465,1.00,1.00
2016.09.06 03:28:09.789,1.52436,1.52463,1.00,1.00
2016.09.06 03:28:09.941,1.52435,1.52463,1.50,1.00
2016.09.06 03:28:10.069,1.52436,1.52463,1.00,1.00
2016.09.06 03:28:10.579,1.52435,1.52457,1.00,1.00
2016.09.06 03:28:10.630,1.52435,1.52457,1.00,1.00
2016.09.06 03:28:10.681,1.5243,1.52457,1.00,1.00
2016.09.06 03:28:10.883,1.52425,1.52453,1.50,1.00
2016.09.06 03:28:10.944,1.52426,1.52453,1.00,1.00
2016.09.06 03:28:11.045,1.52425,1.52453,1.50,1.00
2016.09.06 03:28:11.146,1.52426,1.52453,1.00,1.00
2016.09.06 03:28:11.197,1.5243,1.5246,1.00,1.00
2016.09.06 03:28:11.247,1.5243,1.5246,1.50,1.00
2016.09.06 03:28:11.430,1.52432,1.5246,1.00,1.00
2016.09.06 03:28:12.055,1.52433,1.52461,1.00,1.00
2016.09.06 03:28:12.329,1.52435,1.52463,1.00,1.00
2016.09.06 03:28:12.379,1.52435,1.52463,1.50,1.00
2016.09.06 03:28:12.480,1.52435,1.52463,1.00,1.00
2016.09.06 03:28:12.582,1.52435,1.52463,1.50,1.00
2016.09.06 03:28:12.900,1.52436,1.52464,1.00,1.00
2016.09.06 03:28:14.797,1.52439,1.52466,1.00,1.00
2016.09.06 03:28:15.240,1.52439,1.52466,1.50,1.00
2016.09.06 03:28:15.407,1.5244,1.52469,1.00,1.00
2016.09.06 03:28:15.559,1.5244,1.52469,1.50,1.00
2016.09.06 03:28:15.609,1.5244,1.52467,1.00,1.00
2016.09.06 03:28:15.660,1.52438,1.52467,1.00,1.00
2016.09.06 03:28:15.711,1.52436,1.52465,1.00,1.00
2016.09.06 03:28:15.963,1.52438,1.52466,1.50,1.00
2016.09.06 03:28:16.269,1.52438,1.52466,1.00,1.00
2016.09.06 03:28:16.370,1.52438,1.52466,1.50,1.00
2016.09.06 03:28:16.421,1.5244,1.52468,1.00,1.00
2016.09.06 03:28:16.695,1.52438,1.52461,1.50,1.00
2016.09.06 03:28:16.746,1.52438,1.52461,1.00,1.00
2016.09.06 03:28:16.797,1.5243,1.52456,1.50,1.00
2016.09.06 03:28:16.847,1.5243,1.52456,1.12,1.00
2016.09.06 03:28:16.898,1.52427,1.52453,1.50,1.00
2016.09.06 03:28:16.948,1.52427,1.52453,1.00,1.00
2016.09.06 03:28:16.999,1.52425,1.52453,1.00,1.00
2016.09.06 03:28:17.132,1.52429,1.52456,1.00,1.00
2016.09.06 03:28:17.281,1.52429,1.52456,1.50,1.00
2016.09.06 03:28:17.382,1.52429,1.52456,2.25,1.00
2016.09.06 03:28:17.644,1.52429,1.52456,1.50,1.00
2016.09.06 03:28:17.695,1.52429,1.52456,1.00,1.00
2016.09.06 03:28:18.493,1.5243,1.52457,1.00,1.00
2016.09.06 03:28:26.502,1.52428,1.52458,1.00,1.00
2016.09.06 03:28:27.503,1.5243,1.52457,1.00,1.00
2016.09.06 03:28:31.008,1.5243,1.52458,1.00,1.00
2016.09.06 03:28:32.310,1.52429,1.52458,1.00,1.00
2016.09.06 03:28:35.965,1.52434,1.52464,1.00,1.00
2016.09.06 03:28:36.015,1.52434,1.52464,1.00,1.00
2016.09.06 03:28:36.066,1.52441,1.52465,1.00,1.00
2016.09.06 03:28:36.117,1.52446,1.52474,1.00,1.00
2016.09.06 03:28:36.597,1.52446,1.52474,1.50,1.00
2016.09.06 03:28:36.698,1.52446,1.52474,1.00,1.00
2016.09.06 03:28:37.002,1.52444,1.52472,1.00,1.00
2016.09.06 03:28:37.339,1.52446,1.52473,1.00,1.00
2016.09.06 03:28:37.949,1.52447,1.52474,1.00,1.00
2016.09.06 03:28:38.451,1.52448,1.52475,1.00,1.00
2016.09.06 03:28:38.855,1.52444,1.52472,1.00,1.00
2016.09.06 03:28:41.525,1.52443,1.52471,1.00,1.00
2016.09.06 03:28:46.030,1.52442,1.52469,1.00,1.00
2016.09.06 03:28:46.847,1.52443,1.5247,1.00,1.00
2016.09.06 03:28:52.989,1.52441,1.5247,1.50,1.00
2016.09.06 03:28:53.439,1.52442,1.5247,1.00,1.00
2016.09.06 03:28:54.563,1.52441,1.5247,1.50,1.00
2016.09.06 03:28:54.843,1.52442,1.5247,1.00,1.00
2016.09.06 03:28:55.364,1.52443,1.5247,1.00,1.00
2016.09.06 03:28:55.866,1.52442,1.5247,1.00,1.00
2016.09.06 03:28:56.212,1.52444,1.52472,1.00,1.00
2016.09.06 03:28:56.882,1.52446,1.52476,1.00,1.00
2016.09.06 03:28:56.932,1.52448,1.52476,1.00,1.00
2016.09.06 03:28:56.983,1.52448,1.52478,2.25,1.00
2016.09.06 03:28:57.034,1.52448,1.52478,1.50,1.00
2016.09.06 03:28:57.362,1.52447,1.52475,1.00,1.00
2016.09.06 03:28:59.048,1.52447,1.52477,1.00,1.00
2016.09.06 03:28:59.150,1.52446,1.52471,1.00,1.00
2016.09.06 03:28:59.201,1.52444,1.52471,1.00,1.00
2016.09.06 03:29:00.072,1.52442,1.5247,1.00,1.00
2016.09.06 03:29:00.476,1.52439,1.52467,1.00,1.00
2016.09.06 03:29:00.577,1.52436,1.52465,1.00,1.00
2016.09.06 03:29:00.741,1.52434,1.52461,1.50,1.00
2016.09.06 03:29:00.792,1.52434,1.52461,1.00,1.00
2016.09.06 03:29:00.994,1.52434,1.52461,1.50,1.00
2016.09.06 03:29:01.297,1.52434,1.52461,1.00,1.00
2016.09.06 03:29:01.601,1.52437,1.52464,1.00,1.00
2016.09.06 03:29:06.595,1.52433,1.52463,1.50,1.00
2016.09.06 03:29:06.707,1.52434,1.52461,1.00,1.00
2016.09.06 03:29:06.809,1.52432,1.5246,1.00,1.00
2016.09.06 03:29:07.070,1.52432,1.5246,1.50,1.00
2016.09.06 03:29:07.172,1.52432,1.5246,1.00,1.00
2016.09.06 03:29:07.592,1.52434,1.52462,1.00,1.00
2016.09.06 03:29:11.664,1.52434,1.52461,1.00,1.00
2016.09.06 03:29:15.798,1.52436,1.52464,1.00,1.00
2016.09.06 03:29:16.870,1.52435,1.52463,1.00,1.00
2016.09.06 03:29:24.080,1.52433,1.5246,1.00,1.00
2016.09.06 03:29:26.721,1.52432,1.5246,1.00,1.00
2016.09.06 03:29:27.524,1.5243,1.52459,1.00,1.00
2016.09.06 03:29:27.950,1.52432,1.52459,1.00,1.00
2016.09.06 03:29:28.001,1.52434,1.52462,1.00,1.00
2016.09.06 03:29:28.538,1.52434,1.52461,1.00,1.00
2016.09.06 03:29:29.332,1.52436,1.52464,1.00,1.00
2016.09.06 03:29:29.556,1.52434,1.52463,1.00,1.00
2016.09.06 03:29:30.314,1.52433,1.52462,1.00,1.00
2016.09.06 03:29:30.844,1.52434,1.52463,1.00,1.00
2016.09.06 03:29:31.802,1.52435,1.52463,1.00,1.00
2016.09.06 03:29:31.904,1.52435,1.52465,1.00,1.00
2016.09.06 03:29:33.019,1.52437,1.52465,1.00,1.00
2016.09.06 03:29:33.505,1.52437,1.52465,1.00,1.00
2016.09.06 03:29:33.607,1.5244,1.52468,1.00,1.00
2016.09.06 03:29:41.716,1.52441,1.52468,1.00,1.00
2016.09.06 03:29:46.263,1.52441,1.52469,1.00,1.00
2016.09.06 03:29:47.512,1.52441,1.52469,1.00,1.00
2016.09.06 03:29:49.755,1.52438,1.52466,1.00,1.00
2016.09.06 03:29:55.170,1.5244,1.5247,1.00,1.00
2016.09.06 03:30:00.416,1.5244,1.5247,1.00,1.00
2016.09.06 03:30:00.568,1.52437,1.52465,1.00,1.00
2016.09.06 03:30:00.670,1.52434,1.52463,1.00,1.00
2016.09.06 03:30:00.720,1.52434,1.52463,1.00,1.00
2016.09.06 03:30:00.771,1.52429,1.52457,1.00,1.00
2016.09.06 03:30:00.822,1.52429,1.52457,1.00,1.00
2016.09.06 03:30:01.856,1.52427,1.52455,1.00,1.00
2016.09.06 03:30:01.907,1.52427,1.52455,1.00,1.00
2016.09.06 03:30:02.066,1.52431,1.52458,1.00,1.00
2016.09.06 03:30:02.746,1.52427,1.52457,1.00,1.00
2016.09.06 03:30:02.847,1.52427,1.52457,1.00,1.00
2016.09.06 03:30:03.667,1.52429,1.52456,1.00,1.00
2016.09.06 03:30:05.150,1.52429,1.52456,1.00,1.00
2016.09.06 03:30:06.733,1.52429,1.52456,1.00,1.00
2016.09.06 03:30:07.757,1.5243,1.52457,1.00,1.00
2016.09.06 03:30:11.568,1.52429,1.52457,1.00,1.00
2016.09.06 03:30:11.738,1.52429,1.52457,1.00,1.00
2016.09.06 03:30:15.800,1.5243,1.52457,1.00,1.00
2016.09.06 03:30:16.762,1.5243,1.52458,1.00,1.00
2016.09.06 03:30:19.166,1.52431,1.52458,1.00,1.00
2016.09.06 03:30:20.692,1.52432,1.52459,1.00,1.00
2016.09.06 03:30:20.894,1.52435,1.52463,1.00,1.00
2016.09.06 03:30:21.097,1.52435,1.52465,1.00,1.00
2016.09.06 03:30:27.581,1.52436,1.52465,1.00,1.00
2016.09.06 03:30:31.280,1.52437,1.52465,1.00,1.00
2016.09.06 03:30:33.204,1.52434,1.52464,1.00,1.00
2016.09.06 03:30:40.908,1.52432,1.52459,1.00,1.00
2016.09.06 03:30:41.801,1.52434,1.52461,1.00,1.00
2016.09.06 03:30:42.302,1.52433,1.52461,1.00,1.00
2016.09.06 03:30:44.978,1.52433,1.52461,1.00,1.00
2016.09.06 03:30:46.300,1.52434,1.52463,1.00,1.00
2016.09.06 03:31:00.518,1.52437,1.52465,1.00,1.00
2016.09.06 03:31:00.821,1.52443,1.52471,1.00,1.00
2016.09.06 03:31:01.124,1.52442,1.52469,1.00,1.00
2016.09.06 03:31:02.120,1.52441,1.52471,1.00,1.00
2016.09.06 03:31:07.262,1.52444,1.52471,1.00,1.00
2016.09.06 03:31:07.363,1.52445,1.52475,1.00,1.00
2016.09.06 03:31:11.832,1.52446,1.52473,1.00,1.00
2016.09.06 03:31:16.338,1.52444,1.52472,1.00,1.00
2016.09.06 03:31:23.029,1.52444,1.52472,1.00,1.00
2016.09.06 03:31:23.356,1.5244,1.5247,1.50,1.00
2016.09.06 03:31:23.458,1.52433,1.52461,2.62,1.00
2016.09.06 03:31:23.509,1.52433,1.52461,1.87,1.00
2016.09.06 03:31:23.560,1.52431,1.52461,1.00,1.00
2016.09.06 03:31:24.467,1.52433,1.52461,1.00,1.00
2016.09.06 03:31:26.251,1.52432,1.5246,1.00,1.00
2016.09.06 03:31:27.875,1.5243,1.52458,1.00,1.00
2016.09.06 03:31:28.178,1.52428,1.52455,1.00,1.00
2016.09.06 03:31:31.459,1.52428,1.52456,1.00,1.00
2016.09.06 03:31:32.372,1.5243,1.5246,1.00,1.00
2016.09.06 03:31:32.483,1.52434,1.52462,1.00,1.50
2016.09.06 03:31:32.534,1.52434,1.52462,1.00,1.00
2016.09.06 03:31:32.585,1.52433,1.52463,1.00,1.00
2016.09.06 03:31:32.771,1.52433,1.52463,1.50,1.00
2016.09.06 03:31:33.089,1.52433,1.52463,1.00,1.00
2016.09.06 03:31:33.328,1.52433,1.52463,1.50,1.00
2016.09.06 03:31:33.379,1.52435,1.52464,1.00,1.00
2016.09.06 03:31:36.452,1.52435,1.52462,1.00,1.00
2016.09.06 03:31:36.503,1.52432,1.5246,1.00,1.00
2016.09.06 03:31:39.851,1.52432,1.5246,1.00,1.00
2016.09.06 03:31:40.188,1.52432,1.5246,1.00,1.00
2016.09.06 03:31:40.344,1.52432,1.5246,1.00,1.00
2016.09.06 03:31:40.395,1.52426,1.52454,1.00,1.00
2016.09.06 03:31:40.446,1.52426,1.52454,1.00,1.00
2016.09.06 03:31:40.497,1.52422,1.52452,1.00,1.00
2016.09.06 03:31:40.547,1.52422,1.52452,1.00,1.00
2016.09.06 03:31:40.598,1.52421,1.52448,1.00,1.00
2016.09.06 03:31:40.815,1.52416,1.52446,1.50,1.00
2016.09.06 03:31:40.988,1.52416,1.52446,1.00,1.00
2016.09.06 03:31:41.393,1.52415,1.52442,1.00,1.00
2016.09.06 03:31:41.968,1.52417,1.52445,1.00,1.00
2016.09.06 03:31:55.442,1.52417,1.52447,1.00,1.00
2016.09.06 03:32:06.121,1.52416,1.52446,1.00,1.00
2016.09.06 03:32:06.222,1.52418,1.52445,1.00,1.00
2016.09.06 03:32:07.714,1.52417,1.52445,1.00,1.00
2016.09.06 03:32:09.652,1.52417,1.52446,1.00,1.00
2016.09.06 03:32:12.124,1.52424,1.52446,1.00,1.00
2016.09.06 03:32:16.524,1.52424,1.52447,1.00,1.00
2016.09.06 03:32:18.440,1.52424,1.52446,1.00,1.00
2016.09.06 03:32:18.801,1.52419,1.52446,1.00,1.00
2016.09.06 03:32:19.733,1.52419,1.52448,1.00,1.00
2016.09.06 03:32:19.936,1.52415,1.52443,1.00,1.00
2016.09.06 03:32:20.887,1.52415,1.52443,1.50,1.00
2016.09.06 03:32:21.039,1.52418,1.52446,1.00,1.00
2016.09.06 03:32:27.082,1.52419,1.52446,1.00,1.00
2016.09.06 03:32:28.160,1.52417,1.52444,1.00,1.00
2016.09.06 03:32:35.136,1.52417,1.52444,1.00,1.00
2016.09.06 03:32:37.479,1.52417,1.52444,1.00,1.00
2016.09.06 03:32:42.067,1.52417,1.52445,1.00,1.00
2016.09.06 03:32:42.336,1.52417,1.52445,1.00,1.00
2016.09.06 03:32:46.566,1.52419,1.52447,1.00,1.00
2016.09.06 03:32:55.606,1.52415,1.52443,1.00,1.00
2016.09.06 03:32:55.761,1.52415,1.52443,1.00,1.00
2016.09.06 03:32:57.881,1.52415,1.52443,1.00,1.00
2016.09.06 03:32:58.185,1.52412,1.5244,1.00,1.00
2016.09.06 03:32:59.912,1.52415,1.52442,1.00,1.00
2016.09.06 03:32:59.962,1.52415,1.52442,1.00,1.00
2016.09.06 03:33:00.165,1.52415,1.52442,1.00,1.00
2016.09.06 03:33:01.591,1.52417,1.52444,1.00,1.00
2016.09.06 03:33:08.615,1.52418,1.52447,1.00,1.00
2016.09.06 03:33:08.716,1.52421,1.5245,1.00,1.00
2016.09.06 03:33:09.021,1.5243,1.52457,1.00,1.00
2016.09.06 03:33:09.071,1.52433,1.52457,1.00,1.00
2016.09.06 03:33:09.122,1.52433,1.5246,1.00,1.00
2016.09.06 03:33:11.236,1.52433,1.52461,1.50,1.00
2016.09.06 03:33:12.240,1.52433,1.5246,1.50,1.00
2016.09.06 03:33:17.811,1.52433,1.5246,1.00,1.00
2016.09.06 03:33:18.275,1.52432,1.5246,1.00,1.00
2016.09.06 03:33:29.023,1.52433,1.52461,1.00,1.00
2016.09.06 03:33:31.638,1.52434,1.52461,1.00,1.00
2016.09.06 03:33:35.240,1.52437,1.52464,1.00,1.00
2016.09.06 03:33:35.341,1.52437,1.52464,1.00,1.00
2016.09.06 03:33:36.077,1.52439,1.52466,1.00,1.00
2016.09.06 03:33:38.735,1.5244,1.5247,1.00,1.00
2016.09.06 03:33:40.349,1.5244,1.52469,1.00,1.00
2016.09.06 03:33:40.880,1.52444,1.52469,1.00,1.00
2016.09.06 03:33:41.581,1.5244,1.52469,1.00,1.00
2016.09.06 03:33:42.139,1.5244,1.52468,1.00,1.00
2016.09.06 03:33:46.644,1.52441,1.52468,1.00,1.00
2016.09.06 03:33:57.185,1.52439,1.52469,1.00,1.00
2016.09.06 03:34:01.663,1.52439,1.52468,1.00,1.00
2016.09.06 03:34:02.803,1.52442,1.5247,1.00,1.00
2016.09.06 03:34:04.267,1.52439,1.52466,1.00,1.00
2016.09.06 03:34:04.368,1.52436,1.52464,1.00,1.00
2016.09.06 03:34:04.477,1.52434,1.52461,1.00,1.00
2016.09.06 03:34:12.277,1.52434,1.52462,1.00,1.00
2016.09.06 03:34:16.783,1.52433,1.52461,1.00,1.00
2016.09.06 03:34:17.279,1.52433,1.52461,1.00,1.00
2016.09.06 03:34:23.293,1.52433,1.52461,1.00,1.00
2016.09.06 03:34:23.497,1.52437,1.52467,1.00,1.00
2016.09.06 03:34:23.598,1.52437,1.52467,1.00,1.00
2016.09.06 03:34:24.504,1.5244,1.52469,1.00,1.00
2016.09.06 03:34:31.805,1.52441,1.52469,1.00,1.00
2016.09.06 03:34:34.825,1.52439,1.52466,1.00,1.00
2016.09.06 03:34:35.048,1.52439,1.52469,1.00,1.00
2016.09.06 03:34:36.812,1.52439,1.52467,1.00,1.00
2016.09.06 03:34:36.913,1.52436,1.52465,1.00,1.00
2016.09.06 03:34:37.015,1.52436,1.52465,1.00,1.00
2016.09.06 03:34:37.404,1.52436,1.52465,1.00,1.00
2016.09.06 03:34:37.813,1.52435,1.52465,1.00,1.00
2016.09.06 03:34:41.110,1.52435,1.52465,1.00,1.00
2016.09.06 03:34:42.348,1.52435,1.52464,1.00,1.00
2016.09.06 03:34:43.437,1.52435,1.52464,1.00,1.00
2016.09.06 03:34:57.334,1.52435,1.52463,1.00,1.00
2016.09.06 03:35:01.840,1.52434,1.52463,1.00,1.00
2016.09.06 03:35:03.146,1.52435,1.52465,1.00,1.00
2016.09.06 03:35:04.844,1.52437,1.52464,1.00,1.00
2016.09.06 03:35:10.788,1.52435,1.52463,1.00,1.00
2016.09.06 03:35:14.602,1.52433,1.52461,1.50,1.00
2016.09.06 03:35:14.805,1.52434,1.52461,1.00,1.00
2016.09.06 03:35:16.560,1.52433,1.52461,1.50,1.00
2016.09.06 03:35:16.882,1.52433,1.5246,1.00,1.00
2016.09.06 03:35:28.074,1.52434,1.5246,1.00,1.00
2016.09.06 03:35:31.875,1.52434,1.52459,1.00,1.00
2016.09.06 03:35:35.981,1.52434,1.52463,1.00,1.00
2016.09.06 03:35:36.031,1.52434,1.52463,1.00,1.00
2016.09.06 03:35:36.337,1.52433,1.52463,1.50,1.00
2016.09.06 03:35:36.488,1.52435,1.52465,1.00,1.00
2016.09.06 03:35:38.384,1.52433,1.52463,1.50,1.00
2016.09.06 03:35:42.410,1.52433,1.52462,1.50,1.00
2016.09.06 03:35:42.487,1.52434,1.52462,1.00,1.00
2016.09.06 03:35:46.897,1.52434,1.52462,1.50,1.00
2016.09.06 03:35:51.727,1.52436,1.52465,1.00,1.00
2016.09.06 03:35:51.829,1.52444,1.52465,1.00,1.00
2016.09.06 03:35:52.043,1.52444,1.52465,1.00,1.00
2016.09.06 03:35:52.245,1.52444,1.52465,1.00,1.00
2016.09.06 03:35:53.192,1.52444,1.52466,1.00,1.00
2016.09.06 03:35:57.943,1.52439,1.52466,1.00,1.00
2016.09.06 03:36:01.921,1.52438,1.52466,1.00,1.00
2016.09.06 03:36:07.560,1.52434,1.52464,1.00,1.00
2016.09.06 03:36:07.915,1.52434,1.52464,1.50,1.00
2016.09.06 03:36:07.966,1.52434,1.52464,1.50,1.00
2016.09.06 03:36:08.017,1.52434,1.52464,1.00,1.00
2016.09.06 03:36:08.068,1.52432,1.5246,1.00,1.00
2016.09.06 03:36:16.066,1.52431,1.52459,1.00,1.00
2016.09.06 03:36:16.580,1.52432,1.5246,1.00,1.00
2016.09.06 03:36:17.132,1.52432,1.52461,1.00,1.00
2016.09.06 03:36:20.390,1.5243,1.5246,1.00,1.00
2016.09.06 03:36:20.751,1.52432,1.52459,1.00,1.00
2016.09.06 03:36:27.114,1.5243,1.5246,1.00,1.00
2016.09.06 03:36:31.492,1.52432,1.52459,1.00,1.00
2016.09.06 03:36:32.456,1.52432,1.5246,1.00,1.00
2016.09.06 03:36:38.065,1.5243,1.5246,1.00,1.00
2016.09.06 03:36:39.714,1.52429,1.52456,1.00,1.00
2016.09.06 03:36:40.018,1.52432,1.5246,1.00,1.00
2016.09.06 03:36:40.069,1.52433,1.5246,1.00,1.00
2016.09.06 03:36:40.381,1.52433,1.52458,1.00,1.00
2016.09.06 03:36:41.683,1.52433,1.5246,1.00,1.00
2016.09.06 03:36:42.672,1.52433,1.5246,1.50,1.00
2016.09.06 03:36:47.079,1.52433,1.52459,1.00,1.00
2016.09.06 03:37:01.600,1.52434,1.52461,1.00,1.00
2016.09.06 03:37:02.124,1.52433,1.5246,1.50,1.00
2016.09.06 03:37:07.431,1.52433,1.52459,1.00,1.00
2016.09.06 03:37:07.533,1.52437,1.52466,1.00,2.25
2016.09.06 03:37:07.583,1.52437,1.52466,1.00,1.50
2016.09.06 03:37:07.634,1.5244,1.52468,1.00,1.37
2016.09.06 03:37:07.685,1.5244,1.52468,1.00,1.00
2016.09.06 03:37:08.522,1.52441,1.52469,1.00,1.00
2016.09.06 03:37:08.573,1.52444,1.52469,1.00,1.00
2016.09.06 03:37:10.473,1.52441,1.52469,1.00,1.00
2016.09.06 03:37:12.827,1.52443,1.52469,1.00,1.00
2016.09.06 03:37:15.168,1.52443,1.52471,1.00,1.00
2016.09.06 03:37:17.114,1.52443,1.52469,1.00,1.00
2016.09.06 03:37:19.729,1.52443,1.52473,1.50,1.00
2016.09.06 03:37:19.780,1.52444,1.52473,1.00,1.00
2016.09.06 03:37:22.233,1.52444,1.52474,1.50,1.00
2016.09.06 03:37:22.649,1.52444,1.52471,1.00,1.00
2016.09.06 03:37:25.841,1.52444,1.52474,1.50,1.00
2016.09.06 03:37:26.289,1.52444,1.52472,1.50,1.00
2016.09.06 03:37:30.242,1.52444,1.52472,1.00,1.00
2016.09.06 03:37:32.136,1.52443,1.52472,1.00,1.00
2016.09.06 03:37:34.657,1.52444,1.52471,1.00,1.00
2016.09.06 03:37:38.661,1.52444,1.52475,1.00,1.00
2016.09.06 03:37:38.978,1.52449,1.52478,1.00,1.00
2016.09.06 03:37:39.029,1.52449,1.52482,1.00,1.00
2016.09.06 03:37:39.079,1.52454,1.52482,1.00,1.00
2016.09.06 03:37:39.594,1.52453,1.52482,1.00,1.00
2016.09.06 03:37:40.164,1.52453,1.52482,1.00,1.00
2016.09.06 03:37:46.993,1.52453,1.52482,1.00,1.00
2016.09.06 03:37:48.057,1.52454,1.52482,1.00,1.00
2016.09.06 03:37:51.663,1.52454,1.52482,1.00,1.00
2016.09.06 03:37:57.498,1.52454,1.52482,1.00,1.00
2016.09.06 03:38:03.271,1.52453,1.52482,1.00,1.00
2016.09.06 03:38:14.384,1.52454,1.52482,1.00,1.00
2016.09.06 03:38:14.494,1.52454,1.52485,1.00,1.00
2016.09.06 03:38:19.007,1.52454,1.52485,1.00,1.00
2016.09.06 03:38:19.499,1.52451,1.52485,1.00,1.00
2016.09.06 03:38:19.892,1.52451,1.52485,1.00,1.00
2016.09.06 03:38:25.174,1.52454,1.52486,1.00,1.00
2016.09.06 03:38:25.295,1.52454,1.52488,1.00,1.00
2016.09.06 03:38:25.598,1.52454,1.52487,1.00,1.00
2016.09.06 03:38:26.636,1.52454,1.52487,1.00,1.00
2016.09.06 03:38:27.154,1.52454,1.52477,1.00,1.00
2016.09.06 03:38:27.255,1.52439,1.52469,1.00,1.00
2016.09.06 03:38:27.306,1.52435,1.52469,1.37,1.00
2016.09.06 03:38:27.357,1.52435,1.52469,1.00,1.00
2016.09.06 03:38:27.407,1.52444,1.52469,1.00,1.00
2016.09.06 03:38:27.559,1.52444,1.52466,1.00,1.00
2016.09.06 03:38:30.050,1.52444,1.52469,1.00,1.00
2016.09.06 03:38:30.460,1.52444,1.52469,1.00,1.00
2016.09.06 03:38:30.761,1.52443,1.52469,1.00,1.00
2016.09.06 03:38:31.485,1.52444,1.52469,1.00,1.00
2016.09.06 03:38:32.220,1.52444,1.52468,1.00,1.00
2016.09.06 03:38:37.400,1.52434,1.52468,1.50,1.00
2016.09.06 03:38:42.204,1.52434,1.52468,1.00,1.00
2016.09.06 03:38:43.165,1.52437,1.5247,1.00,1.00
2016.09.06 03:38:43.215,1.52437,1.52472,1.00,1.00
2016.09.06 03:38:43.367,1.52437,1.52472,1.00,1.00
2016.09.06 03:38:43.635,1.52437,1.52472,1.00,1.00
2016.09.06 03:38:44.234,1.52443,1.52472,1.00,1.00
2016.09.06 03:38:44.284,1.52443,1.52475,1.50,1.00
2016.09.06 03:38:44.335,1.52448,1.52479,1.00,1.00
2016.09.06 03:38:44.386,1.52448,1.52482,1.00,1.00
2016.09.06 03:38:44.436,1.52454,1.52485,1.00,1.37
2016.09.06 03:38:44.487,1.52454,1.52486,1.00,1.00
2016.09.06 03:38:44.538,1.52454,1.52486,1.00,1.00
2016.09.06 03:38:47.238,1.52455,1.52487,1.00,1.00
2016.09.06 03:38:51.092,1.52455,1.52489,1.00,1.00
2016.09.06 03:38:51.244,1.52455,1.52489,1.00,1.00
2016.09.06 03:38:52.154,1.52455,1.52489,1.00,1.00
2016.09.06 03:38:52.576,1.52455,1.52489,1.00,1.00
2016.09.06 03:38:52.856,1.52455,1.52489,1.00,1.00
2016.09.06 03:38:53.157,1.52455,1.52489,1.00,1.00
2016.09.06 03:38:53.258,1.52455,1.52489,1.00,1.00
2016.09.06 03:38:53.695,1.52455,1.52489,1.00,1.00
2016.09.06 03:38:53.745,1.52455,1.52489,1.00,1.00
2016.09.06 03:38:57.756,1.52456,1.52489,1.00,1.00
2016.09.06 03:38:58.183,1.52459,1.52491,1.00,1.00
2016.09.06 03:38:58.673,1.52454,1.52487,1.00,1.00
2016.09.06 03:38:58.926,1.52454,1.52487,1.50,1.00
2016.09.06 03:38:59.659,1.52454,1.52486,1.50,1.00
2016.09.06 03:39:00.284,1.52457,1.52489,1.00,1.50
2016.09.06 03:39:00.334,1.52457,1.52489,1.00,1.00
2016.09.06 03:39:00.623,1.52458,1.52492,1.00,1.00
2016.09.06 03:39:00.673,1.52458,1.52492,1.00,1.00
2016.09.06 03:39:00.775,1.52458,1.52492,1.00,1.00
2016.09.06 03:39:00.825,1.52464,1.52492,1.00,1.00
2016.09.06 03:39:00.944,1.52458,1.52492,1.00,1.00
2016.09.06 03:39:01.069,1.52458,1.52492,1.00,1.00
2016.09.06 03:39:01.820,1.52458,1.52491,1.00,1.00
2016.09.06 03:39:01.871,1.52455,1.52489,1.00,1.00
2016.09.06 03:39:01.967,1.52453,1.52486,1.00,1.00
2016.09.06 03:39:02.068,1.52453,1.52486,1.00,1.00
2016.09.06 03:39:02.169,1.52453,1.52486,1.00,1.00
2016.09.06 03:39:02.271,1.52453,1.52486,1.00,1.00
2016.09.06 03:39:03.087,1.52453,1.52486,1.50,1.00
2016.09.06 03:39:05.678,1.52454,1.52486,1.00,1.00
2016.09.06 03:39:05.779,1.52454,1.52488,1.00,1.12
2016.09.06 03:39:05.830,1.52454,1.52488,1.50,1.12
2016.09.06 03:39:06.668,1.52456,1.52488,1.00,1.12
2016.09.06 03:39:12.876,1.52455,1.5249,1.00,1.50
2016.09.06 03:39:15.787,1.52455,1.5249,1.00,1.50
2016.09.06 03:39:15.838,1.52455,1.5249,1.00,1.50
2016.09.06 03:39:15.889,1.52454,1.52487,1.00,1.00
2016.09.06 03:39:15.990,1.52453,1.52485,1.00,1.00
2016.09.06 03:39:16.411,1.52456,1.52487,1.00,1.00
2016.09.06 03:39:17.383,1.52455,1.52487,1.00,1.00
2016.09.06 03:39:27.897,1.52455,1.52488,1.00,1.00
2016.09.06 03:39:32.401,1.52455,1.52486,1.00,1.00
2016.09.06 03:39:33.047,1.52455,1.52485,1.00,1.00
2016.09.06 03:39:33.148,1.52456,1.52487,1.00,1.00
2016.09.06 03:39:39.224,1.52454,1.52487,1.50,1.00
2016.09.06 03:39:39.326,1.52454,1.52487,1.50,1.00
2016.09.06 03:39:39.427,1.52454,1.52487,1.50,1.00
2016.09.06 03:39:40.025,1.52457,1.52488,1.00,1.00
2016.09.06 03:39:40.326,1.52459,1.5249,1.00,1.00
2016.09.06 03:39:40.660,1.52459,1.5249,1.00,1.00
2016.09.06 03:39:40.762,1.52459,1.5249,1.00,1.00
2016.09.06 03:39:41.061,1.52459,1.5249,1.00,1.00
2016.09.06 03:39:42.915,1.52458,1.5249,1.00,1.00
2016.09.06 03:39:47.421,1.5246,1.5249,1.00,1.00
2016.09.06 03:39:52.245,1.52457,1.52488,1.00,1.00
2016.09.06 03:39:57.933,1.52458,1.52488,1.00,1.00
2016.09.06 03:40:02.440,1.52456,1.52489,1.00,1.00
2016.09.06 03:40:02.738,1.52456,1.52489,1.00,1.00
2016.09.06 03:40:05.452,1.52459,1.5249,1.00,1.00
2016.09.06 03:40:05.559,1.5246,1.52493,1.00,1.12
2016.09.06 03:40:05.761,1.52463,1.52494,1.00,1.00
2016.09.06 03:40:05.862,1.52463,1.52494,1.00,1.00
2016.09.06 03:40:05.913,1.52464,1.52494,1.00,1.00
2016.09.06 03:40:06.115,1.52463,1.52494,1.50,1.00
2016.09.06 03:40:11.553,1.52464,1.52495,1.00,1.00
2016.09.06 03:40:11.604,1.52464,1.52495,1.50,1.00
2016.09.06 03:40:13.403,1.52464,1.52494,1.00,1.00
2016.09.06 03:40:15.090,1.52464,1.52494,1.00,1.00
2016.09.06 03:40:15.793,1.52463,1.52494,1.00,1.00
2016.09.06 03:40:16.081,1.52461,1.52492,1.00,1.00
2016.09.06 03:40:20.265,1.52461,1.52492,1.00,1.00
2016.09.06 03:40:32.482,1.52462,1.52492,1.00,1.00
2016.09.06 03:41:02.518,1.52463,1.52492,1.00,1.00
2016.09.06 03:41:03.869,1.52466,1.52495,1.00,1.00
2016.09.06 03:41:03.971,1.52467,1.52496,1.00,1.00
2016.09.06 03:41:04.823,1.52468,1.52497,1.00,1.00
2016.09.06 03:41:05.037,1.52466,1.52497,1.00,1.00
2016.09.06 03:41:05.239,1.52465,1.52494,1.00,1.00
2016.09.06 03:41:05.387,1.52463,1.52496,1.00,1.50
2016.09.06 03:41:05.438,1.52462,1.52493,1.00,1.00
2016.09.06 03:41:05.640,1.52464,1.52493,1.00,1.00
2016.09.06 03:41:06.044,1.52462,1.52493,1.00,1.00
2016.09.06 03:41:06.348,1.52461,1.52492,1.00,1.00
2016.09.06 03:41:07.274,1.52461,1.52492,1.00,1.00
2016.09.06 03:41:08.129,1.52464,1.52493,1.00,1.00
2016.09.06 03:41:08.280,1.52464,1.52493,1.00,1.00
2016.09.06 03:41:08.871,1.52464,1.52493,1.00,1.00
2016.09.06 03:41:08.972,1.52464,1.52493,1.00,1.00
2016.09.06 03:41:09.074,1.52465,1.52496,1.00,1.00
2016.09.06 03:41:09.390,1.52468,1.52497,1.00,1.00
2016.09.06 03:41:11.045,1.52467,1.52496,1.00,1.00
2016.09.06 03:41:11.844,1.52468,1.52497,1.00,1.00
2016.09.06 03:41:12.737,1.52466,1.52497,1.00,1.00
2016.09.06 03:41:12.937,1.52468,1.52497,1.00,1.00
2016.09.06 03:41:13.739,1.52467,1.52496,1.00,1.00
2016.09.06 03:41:13.949,1.52464,1.52495,1.00,1.00
2016.09.06 03:41:14.268,1.52461,1.52493,1.00,1.12
2016.09.06 03:41:14.319,1.52456,1.52493,1.12,1.12
2016.09.06 03:41:14.370,1.52456,1.52478,1.00,1.00
2016.09.06 03:41:14.420,1.52454,1.52478,1.00,1.00
2016.09.06 03:41:14.471,1.52443,1.52467,1.12,1.00
2016.09.06 03:41:14.573,1.52441,1.5247,1.00,1.00
2016.09.06 03:41:14.775,1.52444,1.5247,1.00,1.00
2016.09.06 03:41:15.179,1.52446,1.52475,1.00,1.00
2016.09.06 03:41:15.337,1.52446,1.52475,1.00,1.50
2016.09.06 03:41:15.388,1.52446,1.52475,1.00,1.00
2016.09.06 03:41:16.387,1.52446,1.52475,1.00,1.50
2016.09.06 03:41:17.255,1.52446,1.52475,1.00,1.00
2016.09.06 03:41:17.356,1.52444,1.52475,1.00,1.50
2016.09.06 03:41:17.458,1.52439,1.52469,1.00,1.00
2016.09.06 03:41:17.509,1.52438,1.52469,1.00,1.00
2016.09.06 03:41:17.812,1.5244,1.52469,1.00,1.00
2016.09.06 03:41:18.264,1.52443,1.52472,1.00,1.50
2016.09.06 03:41:18.315,1.52443,1.52472,1.00,1.00
2016.09.06 03:41:18.366,1.52443,1.52472,1.50,1.00
2016.09.06 03:41:21.248,1.52445,1.52474,1.00,1.50
2016.09.06 03:41:21.516,1.52445,1.52474,1.00,1.00
2016.09.06 03:41:22.506,1.52445,1.52474,1.00,1.50
2016.09.06 03:41:24.127,1.52445,1.52474,1.00,1.00
2016.09.06 03:41:26.433,1.52445,1.52474,1.00,1.50
2016.09.06 03:41:28.516,1.52445,1.52474,1.00,1.00
2016.09.06 03:41:30.972,1.52445,1.52474,1.00,1.50
2016.09.06 03:41:31.073,1.52442,1.52473,1.00,1.00
2016.09.06 03:41:31.174,1.52444,1.52474,1.00,1.00
2016.09.06 03:41:31.275,1.52444,1.52474,1.50,1.00
2016.09.06 03:41:31.978,1.52444,1.52475,1.50,1.00
2016.09.06 03:41:32.061,1.52445,1.52476,1.00,1.00
2016.09.06 03:41:34.404,1.52448,1.52477,1.00,1.00
2016.09.06 03:41:35.531,1.52448,1.52477,1.00,1.50
2016.09.06 03:41:36.320,1.52448,1.52477,1.00,1.00
2016.09.06 03:41:37.110,1.52448,1.52477,1.00,1.50
2016.09.06 03:41:37.907,1.52448,1.52477,1.00,1.00
2016.09.06 03:41:38.508,1.52448,1.52477,1.00,1.50
2016.09.06 03:41:41.222,1.52448,1.52477,1.00,1.00
2016.09.06 03:41:41.722,1.52448,1.52477,1.00,1.50
2016.09.06 03:41:42.233,1.52448,1.52477,1.00,1.00
2016.09.06 03:41:42.334,1.52448,1.52477,1.00,1.50
2016.09.06 03:41:42.921,1.52448,1.52476,1.00,1.00
2016.09.06 03:41:43.205,1.52448,1.52476,1.00,1.00
2016.09.06 03:41:43.306,1.52454,1.52476,1.00,1.00
2016.09.06 03:41:43.407,1.52454,1.52481,1.00,1.00
2016.09.06 03:41:43.912,1.52454,1.52482,1.00,1.00
2016.09.06 03:41:46.293,1.52454,1.52482,1.00,1.00
2016.09.06 03:41:47.278,1.52451,1.52482,1.00,1.00
2016.09.06 03:41:47.329,1.52449,1.52478,1.50,1.00
2016.09.06 03:41:47.380,1.52448,1.52477,1.00,1.00
2016.09.06 03:41:47.502,1.52453,1.52477,1.00,1.00
2016.09.06 03:41:47.603,1.52449,1.5248,1.00,1.00
2016.09.06 03:41:47.705,1.52452,1.52483,1.00,1.00
2016.09.06 03:41:47.755,1.52453,1.52483,1.00,1.00
2016.09.06 03:41:47.958,1.52452,1.52483,1.00,1.00
2016.09.06 03:41:48.008,1.52454,1.52483,1.00,1.00
2016.09.06 03:41:48.695,1.52454,1.52483,1.00,1.00
2016.09.06 03:41:50.197,1.52454,1.52483,1.00,1.00
2016.09.06 03:41:53.431,1.52454,1.52483,1.00,1.00
2016.09.06 03:41:54.588,1.52455,1.52484,1.00,1.00
2016.09.06 03:42:01.633,1.52455,1.52484,1.00,1.00
2016.09.06 03:42:02.256,1.52454,1.52483,1.00,1.00
2016.09.06 03:42:02.698,1.52454,1.52483,1.50,1.00
2016.09.06 03:42:03.524,1.52454,1.52483,1.50,1.00
2016.09.06 03:42:05.627,1.52454,1.52483,1.50,1.00
2016.09.06 03:42:06.251,1.52454,1.52483,1.50,1.00
2016.09.06 03:42:06.353,1.52455,1.52486,1.00,1.00
2016.09.06 03:42:06.403,1.52455,1.52486,1.00,1.00
2016.09.06 03:42:06.946,1.52452,1.52483,1.00,1.00
2016.09.06 03:42:07.047,1.52452,1.52483,1.00,1.00
2016.09.06 03:42:07.148,1.52452,1.52483,1.00,1.00
2016.09.06 03:42:08.006,1.52451,1.52481,1.00,1.00
2016.09.06 03:42:08.253,1.52451,1.52481,1.00,1.00
2016.09.06 03:42:08.354,1.52451,1.52481,1.00,1.00
2016.09.06 03:42:08.540,1.52454,1.52483,1.50,1.00
2016.09.06 03:42:08.590,1.52455,1.52483,1.00,1.00
2016.09.06 03:42:08.953,1.52454,1.52483,1.50,1.00
2016.09.06 03:42:09.433,1.52454,1.52483,1.50,1.00
2016.09.06 03:42:09.534,1.52454,1.52485,1.50,1.00
2016.09.06 03:42:13.213,1.52456,1.52485,1.00,1.00
2016.09.06 03:42:16.395,1.52456,1.52485,1.50,1.00
2016.09.06 03:42:16.497,1.52457,1.52485,1.00,1.00
2016.09.06 03:42:16.660,1.52456,1.52485,1.00,1.00
2016.09.06 03:42:17.455,1.52453,1.52482,1.50,1.00
2016.09.06 03:42:17.728,1.52453,1.52481,1.00,1.00
2016.09.06 03:42:18.032,1.52455,1.52481,1.00,1.00
2016.09.06 03:42:20.000,1.52453,1.52481,1.00,1.00
2016.09.06 03:42:21.423,1.52453,1.52482,1.00,1.00
2016.09.06 03:42:21.474,1.52451,1.52482,1.00,1.00
2016.09.06 03:42:21.524,1.5245,1.52481,1.50,1.00
2016.09.06 03:42:21.575,1.52451,1.52481,1.00,1.00
2016.09.06 03:42:21.707,1.52449,1.52479,1.00,1.00
2016.09.06 03:42:21.758,1.52449,1.52479,1.00,1.00
2016.09.06 03:42:21.808,1.52451,1.52479,1.00,1.00
2016.09.06 03:42:22.010,1.52447,1.52479,1.50,1.00
2016.09.06 03:42:22.424,1.5245,1.52479,1.00,1.00
2016.09.06 03:42:22.846,1.5245,1.52481,1.00,1.00
2016.09.06 03:42:22.948,1.52452,1.52481,1.00,1.00
2016.09.06 03:42:23.613,1.52453,1.52481,1.00,1.00
2016.09.06 03:42:23.664,1.52453,1.52484,1.50,1.00
2016.09.06 03:42:23.765,1.52453,1.52482,1.00,1.00
2016.09.06 03:42:23.866,1.52453,1.5248,1.00,1.00
2016.09.06 03:42:23.940,1.5245,1.5248,1.00,1.00
2016.09.06 03:42:24.760,1.5245,1.52481,1.50,1.00
2016.09.06 03:42:25.763,1.5245,1.52479,1.50,1.00
2016.09.06 03:42:25.814,1.5245,1.52479,1.00,1.00
2016.09.06 03:42:27.311,1.52444,1.52475,1.00,1.00
2016.09.06 03:42:27.363,1.52442,1.52469,1.00,1.00
2016.09.06 03:42:27.414,1.5244,1.52469,1.00,1.00
2016.09.06 03:42:27.465,1.52438,1.52467,1.00,1.00
2016.09.06 03:42:28.164,1.52437,1.52467,1.00,1.00
2016.09.06 03:42:29.316,1.52436,1.52467,1.00,1.00
2016.09.06 03:42:29.468,1.52442,1.52471,1.00,1.00
2016.09.06 03:42:29.583,1.52446,1.52471,1.00,1.00
2016.09.06 03:42:29.634,1.52446,1.52474,1.00,1.00
2016.09.06 03:42:29.685,1.52447,1.52478,1.00,1.00
2016.09.06 03:42:29.786,1.5245,1.52481,1.00,1.00
2016.09.06 03:42:30.538,1.52449,1.52478,1.00,1.00
2016.09.06 03:42:32.740,1.52448,1.52477,1.00,1.00
2016.09.06 03:42:38.800,1.52448,1.52477,1.50,1.00
2016.09.06 03:42:38.850,1.52451,1.5248,1.00,1.00
2016.09.06 03:42:41.185,1.52451,1.5248,1.00,1.00
2016.09.06 03:42:41.684,1.52454,1.52483,1.00,1.00
2016.09.06 03:42:41.734,1.52454,1.52483,1.00,1.00
2016.09.06 03:42:41.886,1.52454,1.52483,1.00,1.00
2016.09.06 03:42:41.937,1.52454,1.52483,1.00,1.00
2016.09.06 03:42:43.253,1.52453,1.52482,1.50,1.00
2016.09.06 03:42:46.558,1.52453,1.52482,1.00,1.00
2016.09.06 03:42:47.456,1.52453,1.52482,1.00,1.00
2016.09.06 03:42:47.763,1.52454,1.52484,1.00,1.00
2016.09.06 03:42:52.315,1.52454,1.52484,1.00,1.00
2016.09.06 03:42:53.868,1.52455,1.52484,1.00,1.00
2016.09.06 03:42:55.971,1.52454,1.52483,1.00,1.00
2016.09.06 03:42:56.233,1.52454,1.52483,1.50,1.00
2016.09.06 03:43:00.319,1.52454,1.52479,1.00,1.00
2016.09.06 03:43:00.421,1.52454,1.52481,1.00,1.00
2016.09.06 03:43:00.577,1.52454,1.52484,1.00,1.00
2016.09.06 03:43:02.779,1.52454,1.52485,1.50,1.00
2016.09.06 03:43:03.702,1.52454,1.52483,1.00,1.00
2016.09.06 03:43:08.806,1.52467,1.52491,1.00,1.12
2016.09.06 03:43:08.871,1.52467,1.52495,1.00,1.75
2016.09.06 03:43:08.922,1.5247,1.52496,1.00,1.20
2016.09.06 03:43:08.973,1.5247,1.52501,1.00,1.37
2016.09.06 03:43:09.050,1.52474,1.52503,1.00,1.00
2016.09.06 03:43:10.190,1.52472,1.52503,1.00,1.00
2016.09.06 03:43:13.544,1.52472,1.52501,1.00,1.00
2016.09.06 03:43:13.650,1.52474,1.52501,1.00,1.00
2016.09.06 03:43:14.499,1.52474,1.52502,1.00,1.00
2016.09.06 03:43:15.452,1.52472,1.52502,1.00,1.00
2016.09.06 03:43:15.573,1.52472,1.52502,1.00,1.00
2016.09.06 03:43:15.674,1.52472,1.52504,1.00,1.00
2016.09.06 03:43:15.724,1.52473,1.52502,1.00,1.00
2016.09.06 03:43:16.851,1.5247,1.52499,1.00,1.00
2016.09.06 03:43:20.052,1.52466,1.52495,1.00,1.00
2016.09.06 03:43:20.103,1.52466,1.52495,1.00,1.00
2016.09.06 03:43:21.509,1.52463,1.52494,1.00,1.00
2016.09.06 03:43:23.385,1.5248,1.525,1.00,1.00
2016.09.06 03:43:23.436,1.5248,1.52509,1.00,1.75
2016.09.06 03:43:23.487,1.5248,1.52509,1.00,1.37
2016.09.06 03:43:23.537,1.52483,1.52513,1.00,1.00
2016.09.06 03:43:23.588,1.52483,1.52513,1.50,1.00
2016.09.06 03:43:23.638,1.52485,1.52514,1.00,1.00
2016.09.06 03:43:23.689,1.52493,1.52514,1.00,1.00
2016.09.06 03:43:23.842,1.52493,1.52519,1.00,1.00
2016.09.06 03:43:32.826,1.52493,1.52518,1.00,1.00
2016.09.06 03:43:33.152,1.52493,1.5252,1.50,1.00
2016.09.06 03:43:33.627,1.52493,1.5252,1.00,1.00
2016.09.06 03:43:41.235,1.52493,1.52518,1.00,1.00
2016.09.06 03:43:42.224,1.5249,1.52518,1.00,1.00
2016.09.06 03:43:42.477,1.52486,1.52516,1.00,1.00
2016.09.06 03:43:47.844,1.52486,1.52514,1.00,1.00
2016.09.06 03:43:55.753,1.52483,1.52512,1.50,1.00
2016.09.06 03:43:58.356,1.52484,1.52512,1.00,1.00
2016.09.06 03:44:02.862,1.52485,1.52513,1.00,1.00
2016.09.06 03:44:05.070,1.52485,1.52513,1.00,1.00
2016.09.06 03:44:10.782,1.52481,1.52511,1.00,1.00
2016.09.06 03:44:10.883,1.52477,1.52505,1.00,1.00
2016.09.06 03:44:10.984,1.52477,1.52505,1.00,1.00
2016.09.06 03:44:14.672,1.52477,1.52505,1.00,1.00
2016.09.06 03:44:15.965,1.52477,1.52505,1.00,1.00
2016.09.06 03:44:17.281,1.52474,1.52497,1.00,1.00
2016.09.06 03:44:17.332,1.52469,1.52497,1.50,1.00
2016.09.06 03:44:17.383,1.52469,1.52497,1.00,1.00
2016.09.06 03:44:17.608,1.52473,1.52497,1.00,1.00
2016.09.06 03:44:18.182,1.52473,1.52499,1.00,1.00
2016.09.06 03:44:21.900,1.52473,1.52506,1.00,1.87
2016.09.06 03:44:21.965,1.52468,1.52506,1.00,1.87
2016.09.06 03:44:22.018,1.52484,1.52512,1.00,1.00
2016.09.06 03:44:22.069,1.52484,1.52512,1.00,1.00
2016.09.06 03:44:22.221,1.52485,1.52515,1.00,1.00
2016.09.06 03:44:22.395,1.52485,1.52515,1.00,1.00
2016.09.06 03:44:23.538,1.52489,1.52517,1.00,1.00
2016.09.06 03:44:23.640,1.52491,1.52518,1.00,1.00
2016.09.06 03:44:24.374,1.52491,1.52518,1.00,1.00
2016.09.06 03:44:24.424,1.52486,1.52516,1.00,1.00
2016.09.06 03:44:24.475,1.52486,1.52516,1.00,1.00
2016.09.06 03:44:24.921,1.52488,1.52516,1.00,1.00
2016.09.06 03:44:27.981,1.52488,1.52516,1.00,1.00
2016.09.06 03:44:29.922,1.52485,1.52513,1.00,1.00
2016.09.06 03:44:30.935,1.52486,1.52513,1.00,1.00
2016.09.06 03:44:33.000,1.52487,1.52515,1.00,1.00
2016.09.06 03:44:48.016,1.52487,1.52516,1.00,1.00
2016.09.06 03:44:49.665,1.52487,1.52514,1.00,1.00
2016.09.06 03:44:49.718,1.52487,1.52516,1.00,1.00
2016.09.06 03:44:54.976,1.52487,1.52516,1.00,1.50
2016.09.06 03:44:55.026,1.52487,1.52514,1.00,1.00
2016.09.06 03:44:56.767,1.52486,1.52514,1.00,1.00
2016.09.06 03:44:57.441,1.52484,1.52508,1.00,1.00
2016.09.06 03:44:57.593,1.52481,1.52508,1.00,1.00
2016.09.06 03:44:57.845,1.52479,1.52506,1.00,1.00
2016.09.06 03:44:58.462,1.5248,1.5251,1.00,1.00
2016.09.06 03:44:58.563,1.52484,1.52511,1.00,1.00
2016.09.06 03:44:59.617,1.52484,1.52512,1.00,1.00
2016.09.06 03:45:01.263,1.52483,1.52511,1.00,1.00
2016.09.06 03:45:02.344,1.52476,1.52503,1.12,1.00
2016.09.06 03:45:02.395,1.52476,1.52503,1.00,1.00
2016.09.06 03:45:02.496,1.52473,1.52501,1.00,1.00
2016.09.06 03:45:02.620,1.52468,1.52498,1.00,1.00
2016.09.06 03:45:02.963,1.52468,1.52498,1.00,1.00
2016.09.06 03:45:03.334,1.52467,1.52497,1.50,1.00
2016.09.06 03:45:03.814,1.52469,1.52496,1.00,1.00
2016.09.06 03:45:04.567,1.52472,1.52499,1.00,1.00
2016.09.06 03:45:08.552,1.5247,1.52497,1.00,1.00
2016.09.06 03:45:13.575,1.52469,1.52497,1.00,1.00
2016.09.06 03:45:15.375,1.52471,1.52499,1.00,1.00
2016.09.06 03:45:15.953,1.52471,1.52498,1.00,1.00
2016.09.06 03:45:16.299,1.52469,1.52497,1.00,1.00
2016.09.06 03:45:16.602,1.52467,1.52496,1.00,1.00
2016.09.06 03:45:17.631,1.52467,1.52496,1.50,1.00
2016.09.06 03:45:17.682,1.52471,1.52499,1.00,1.00
2016.09.06 03:45:17.783,1.52471,1.52499,1.00,1.00
2016.09.06 03:45:17.884,1.52471,1.52499,1.00,1.00
2016.09.06 03:45:18.657,1.52471,1.52498,1.00,1.00
2016.09.06 03:45:24.178,1.52471,1.52498,1.00,1.00
2016.09.06 03:45:28.613,1.52474,1.52503,1.00,1.00
2016.09.06 03:45:29.280,1.52473,1.52499,1.00,1.00
2016.09.06 03:45:29.331,1.52472,1.52499,1.00,1.00
2016.09.06 03:45:30.068,1.52472,1.525,1.00,1.00
2016.09.06 03:45:30.191,1.5247,1.525,1.00,1.00
2016.09.06 03:45:30.304,1.52471,1.52501,1.00,1.00
2016.09.06 03:45:31.177,1.52471,1.52499,1.00,1.00
2016.09.06 03:45:31.477,1.5247,1.525,1.00,1.00
2016.09.06 03:45:31.718,1.5247,1.525,1.00,1.00
2016.09.06 03:45:31.890,1.52473,1.525,1.00,1.00
2016.09.06 03:45:32.691,1.52476,1.52504,1.00,1.00
2016.09.06 03:45:32.793,1.52476,1.52504,1.00,1.00
2016.09.06 03:45:32.984,1.52479,1.52506,1.00,1.00
2016.09.06 03:45:33.085,1.52481,1.52509,1.00,1.00
2016.09.06 03:45:33.439,1.52484,1.52509,1.00,1.00
2016.09.06 03:45:33.680,1.52484,1.52512,1.00,1.00
2016.09.06 03:45:33.945,1.52481,1.52511,1.00,1.00
2016.09.06 03:45:34.407,1.52483,1.52511,1.00,1.00
2016.09.06 03:45:35.583,1.52483,1.52512,1.00,1.00
2016.09.06 03:45:35.634,1.52482,1.52512,1.00,1.00
2016.09.06 03:45:35.894,1.52483,1.52511,1.00,1.00
2016.09.06 03:45:41.198,1.52481,1.52511,1.00,1.00
2016.09.06 03:45:44.208,1.52484,1.52511,1.00,1.00
2016.09.06 03:45:44.511,1.52482,1.5251,1.00,1.00
2016.09.06 03:45:45.538,1.52483,1.52513,1.00,1.00
2016.09.06 03:45:45.640,1.52474,1.52491,1.00,1.00
2016.09.06 03:45:45.822,1.52463,1.52491,1.00,1.00
2016.09.06 03:45:45.924,1.52458,1.52488,1.00,1.00
2016.09.06 03:45:46.127,1.52455,1.52483,1.00,1.00
2016.09.06 03:45:46.617,1.52455,1.52483,1.00,1.00
2016.09.06 03:45:46.918,1.52456,1.52484,1.00,1.00
2016.09.06 03:45:47.329,1.52455,1.52483,1.00,1.00
2016.09.06 03:45:48.122,1.52456,1.52486,1.00,1.00
2016.09.06 03:45:48.922,1.52458,1.52486,1.00,1.00
2016.09.06 03:45:49.517,1.52457,1.52485,1.00,1.00
2016.09.06 03:45:49.618,1.52457,1.52487,1.00,1.00
2016.09.06 03:45:50.009,1.52457,1.52485,1.00,1.00
2016.09.06 03:45:50.219,1.52459,1.52489,1.00,1.00
2016.09.06 03:45:50.676,1.52459,1.52489,1.50,1.00
2016.09.06 03:45:50.886,1.52462,1.52492,1.00,1.00
2016.09.06 03:45:51.636,1.52464,1.52492,1.00,1.00
2016.09.06 03:45:52.811,1.52463,1.52492,1.00,1.00
2016.09.06 03:45:53.827,1.52463,1.52491,1.00,1.00
2016.09.06 03:45:54.542,1.52463,1.5249,1.00,1.00
2016.09.06 03:45:55.309,1.52463,1.52491,1.50,1.00
2016.09.06 03:45:55.649,1.52464,1.5249,1.00,1.00
2016.09.06 03:45:56.444,1.52464,1.52493,1.00,1.00
2016.09.06 03:45:56.546,1.52464,1.52491,1.00,1.00
2016.09.06 03:45:57.564,1.52464,1.52493,1.00,1.00
2016.09.06 03:45:58.048,1.52464,1.52491,1.00,1.00
2016.09.06 03:45:58.223,1.52464,1.52492,1.50,1.00
2016.09.06 03:45:59.044,1.52464,1.52491,1.00,1.00
2016.09.06 03:46:03.164,1.52464,1.5249,1.00,1.00
2016.09.06 03:46:03.837,1.52464,1.52493,1.00,1.00
2016.09.06 03:46:03.938,1.52464,1.5249,1.00,1.00
2016.09.06 03:46:04.868,1.52464,1.52492,1.00,1.00
2016.09.06 03:46:09.073,1.52464,1.52494,1.00,1.00
2016.09.06 03:46:09.124,1.52464,1.52492,1.00,1.00
2016.09.06 03:46:09.240,1.52464,1.52494,1.00,1.50
2016.09.06 03:46:09.290,1.52464,1.52494,1.00,1.00
2016.09.06 03:46:09.387,1.52464,1.52494,1.00,1.00
2016.09.06 03:46:09.702,1.52464,1.52491,1.00,1.00
2016.09.06 03:46:09.853,1.52463,1.52491,1.50,1.00
2016.09.06 03:46:09.955,1.52464,1.52488,1.00,1.00
2016.09.06 03:46:10.502,1.52463,1.52488,1.00,1.00
2016.09.06 03:46:11.062,1.52464,1.52488,1.00,1.00
2016.09.06 03:46:11.511,1.52464,1.5249,1.00,1.00
2016.09.06 03:46:16.785,1.52464,1.52488,1.00,1.00
2016.09.06 03:46:17.357,1.52464,1.52487,1.00,1.00
2016.09.06 03:46:18.387,1.52464,1.52489,1.00,1.00
2016.09.06 03:46:18.900,1.52464,1.5249,1.00,1.00
2016.09.06 03:46:19.745,1.52464,1.52491,1.00,1.00
2016.09.06 03:46:21.956,1.52464,1.52492,1.50,1.00
2016.09.06 03:46:22.057,1.52473,1.52492,1.00,1.00
2016.09.06 03:46:23.150,1.52473,1.52491,1.00,1.00
2016.09.06 03:46:23.546,1.52464,1.52492,1.00,1.00
2016.09.06 03:46:24.152,1.52463,1.52491,1.50,1.00
2016.09.06 03:46:24.782,1.52464,1.5249,1.00,1.00
2016.09.06 03:46:25.263,1.52464,1.52492,1.00,1.00
2016.09.06 03:46:26.148,1.52463,1.52492,1.00,1.00
2016.09.06 03:46:27.791,1.52463,1.52491,1.50,1.00
2016.09.06 03:46:28.873,1.52463,1.52493,1.50,1.00
2016.09.06 03:46:33.162,1.52465,1.52493,1.00,1.00
2016.09.06 03:46:43.361,1.52465,1.52493,1.00,1.00
2016.09.06 03:46:44.145,1.52465,1.52494,1.00,1.00
2016.09.06 03:46:44.304,1.52465,1.52494,1.00,1.00
2016.09.06 03:46:48.280,1.52464,1.52492,1.00,1.00
2016.09.06 03:46:55.015,1.52464,1.52494,1.00,1.00
2016.09.06 03:46:58.793,1.52466,1.52493,1.00,1.00
2016.09.06 03:47:03.298,1.52466,1.52494,1.00,1.00
2016.09.06 03:47:08.049,1.52463,1.52491,1.50,1.00
2016.09.06 03:47:12.765,1.52463,1.52489,1.00,1.00
2016.09.06 03:47:16.588,1.52464,1.52489,1.00,1.00
2016.09.06 03:47:18.346,1.52464,1.52488,1.00,1.00
2016.09.06 03:47:20.087,1.52463,1.52488,1.00,1.00
2016.09.06 03:47:20.318,1.52463,1.52491,1.00,1.00
2016.09.06 03:47:20.419,1.52467,1.52494,1.00,1.00
2016.09.06 03:47:21.325,1.52474,1.52494,1.00,1.00
2016.09.06 03:47:21.533,1.52473,1.52491,1.00,1.00
2016.09.06 03:47:21.634,1.52464,1.52491,1.00,1.00
2016.09.06 03:47:21.735,1.52464,1.52491,1.50,1.00
2016.09.06 03:47:22.434,1.52464,1.52491,1.00,1.00
2016.09.06 03:47:23.018,1.52463,1.52491,1.00,1.00
2016.09.06 03:47:23.068,1.52463,1.52489,1.00,1.00
2016.09.06 03:47:28.196,1.52459,1.52489,1.00,1.00
2016.09.06 03:47:28.398,1.52463,1.52489,1.00,1.00
2016.09.06 03:47:33.329,1.52464,1.52489,1.00,1.00
2016.09.06 03:47:33.833,1.52464,1.52488,1.00,1.00
2016.09.06 03:47:39.067,1.52464,1.52489,1.00,1.00
2016.09.06 03:47:39.377,1.52464,1.52487,1.00,1.00
2016.09.06 03:47:40.064,1.52464,1.52489,1.00,1.00
2016.09.06 03:47:43.709,1.52463,1.52489,1.00,1.00
2016.09.06 03:47:44.475,1.52463,1.52488,1.00,1.00
2016.09.06 03:47:48.366,1.52463,1.52487,1.00,1.00
2016.09.06 03:47:49.558,1.52464,1.52487,1.00,1.00
2016.09.06 03:47:59.023,1.52464,1.52486,1.00,1.00
2016.09.06 03:48:02.582,1.52464,1.52485,1.00,1.00
2016.09.06 03:48:02.994,1.52464,1.52487,1.00,1.00
2016.09.06 03:48:04.217,1.52464,1.52489,1.00,1.00
2016.09.06 03:48:05.544,1.52463,1.52489,1.00,1.00
2016.09.06 03:48:06.964,1.52464,1.52489,1.00,1.00
2016.09.06 03:48:07.328,1.52464,1.52491,1.00,1.00
2016.09.06 03:48:12.108,1.52464,1.5249,1.00,1.00
2016.09.06 03:48:12.759,1.52463,1.5249,1.00,1.00
2016.09.06 03:48:14.497,1.52463,1.5249,1.50,1.00
2016.09.06 03:48:14.596,1.52463,1.5249,1.00,1.00
2016.09.06 03:48:17.072,1.52464,1.5249,1.00,1.00
2016.09.06 03:48:20.705,1.52464,1.52491,1.00,1.00
2016.09.06 03:48:21.221,1.52464,1.5249,1.00,1.00
2016.09.06 03:48:21.946,1.52463,1.5249,1.50,1.00
2016.09.06 03:48:25.520,1.52465,1.52495,1.00,1.00
2016.09.06 03:48:25.570,1.52474,1.52495,1.00,1.00
2016.09.06 03:48:25.672,1.52474,1.52497,1.00,1.00
2016.09.06 03:48:25.925,1.52474,1.525,1.00,1.00
2016.09.06 03:48:26.026,1.52474,1.52502,1.00,1.00
2016.09.06 03:48:26.178,1.52473,1.52501,1.00,1.00
2016.09.06 03:48:26.228,1.52473,1.52497,1.00,1.00
2016.09.06 03:48:26.879,1.52474,1.52497,1.00,1.00
2016.09.06 03:48:27.132,1.52474,1.52499,1.00,1.00
2016.09.06 03:48:27.595,1.52474,1.52502,1.00,1.00
2016.09.06 03:48:29.158,1.52474,1.52503,1.50,1.00
2016.09.06 03:48:30.357,1.52475,1.52503,1.00,1.00
2016.09.06 03:48:33.422,1.52476,1.52503,1.00,1.00
2016.09.06 03:48:39.463,1.52479,1.52506,1.00,1.00
2016.09.06 03:48:39.564,1.52484,1.52506,1.00,1.00
2016.09.06 03:48:41.231,1.52484,1.52502,1.00,1.00
2016.09.06 03:48:41.282,1.52475,1.52502,1.00,1.00
2016.09.06 03:48:41.486,1.52484,1.52502,1.00,1.00
2016.09.06 03:48:42.249,1.52484,1.52505,1.00,1.00
2016.09.06 03:48:42.350,1.52484,1.52507,1.00,1.00
2016.09.06 03:48:43.981,1.52484,1.52506,1.00,1.00
2016.09.06 03:48:48.216,1.52478,1.52506,1.00,1.00
2016.09.06 03:48:48.441,1.52479,1.52508,1.00,1.00
2016.09.06 03:48:51.574,1.52483,1.52508,1.00,1.00
2016.09.06 03:49:00.926,1.52484,1.52508,1.00,1.00
2016.09.06 03:49:02.531,1.52483,1.52508,1.00,1.00
2016.09.06 03:49:03.464,1.52483,1.5251,1.00,1.00
2016.09.06 03:49:04.684,1.52483,1.52508,1.00,1.00
2016.09.06 03:49:05.298,1.52483,1.52509,1.00,1.00
2016.09.06 03:49:11.450,1.52483,1.52509,1.00,1.00
2016.09.06 03:49:19.582,1.52483,1.5251,1.00,1.00
2016.09.06 03:49:20.135,1.52483,1.52509,1.00,1.00
2016.09.06 03:49:21.534,1.52484,1.52509,1.00,1.00
2016.09.06 03:49:23.930,1.52483,1.52509,1.00,1.00
2016.09.06 03:49:24.725,1.52484,1.52509,1.00,1.00
2016.09.06 03:49:27.606,1.52483,1.52509,1.00,1.00
2016.09.06 03:49:27.846,1.5248,1.5251,1.00,1.00
2016.09.06 03:49:28.149,1.52479,1.52506,1.00,1.00
2016.09.06 03:49:28.775,1.52476,1.52504,1.00,1.00
2016.09.06 03:49:29.733,1.52476,1.52505,1.00,1.00
2016.09.06 03:49:30.863,1.52476,1.52505,1.00,1.00
2016.09.06 03:49:30.914,1.52484,1.52507,1.00,1.00
2016.09.06 03:49:31.015,1.5248,1.52507,1.00,1.00
2016.09.06 03:49:32.222,1.52479,1.52506,1.00,1.00
2016.09.06 03:49:32.514,1.52478,1.52508,1.00,1.00
2016.09.06 03:49:32.615,1.52484,1.52508,1.00,1.00
2016.09.06 03:49:33.197,1.52484,1.52507,1.00,1.00
2016.09.06 03:49:35.215,1.52483,1.52507,1.00,1.00
2016.09.06 03:49:36.504,1.52483,1.52506,1.00,1.00
2016.09.06 03:49:36.605,1.52483,1.52508,1.00,1.00
2016.09.06 03:49:37.200,1.52484,1.52508,1.00,1.00
2016.09.06 03:49:37.250,1.52478,1.52508,1.00,1.00
2016.09.06 03:49:37.301,1.52474,1.52503,1.00,1.00
2016.09.06 03:49:37.466,1.52474,1.52503,1.50,1.00
2016.09.06 03:49:37.517,1.52474,1.52501,1.00,1.00
2016.09.06 03:49:38.219,1.52473,1.52501,1.00,1.00
2016.09.06 03:49:38.321,1.52471,1.52493,1.00,1.00
2016.09.06 03:49:38.422,1.52463,1.52495,1.50,1.00
2016.09.06 03:49:38.523,1.52468,1.52496,1.00,1.00
2016.09.06 03:49:38.877,1.52468,1.52496,1.00,1.00
2016.09.06 03:49:38.928,1.52472,1.52499,1.00,1.00
2016.09.06 03:49:39.029,1.52473,1.52499,1.00,1.00
2016.09.06 03:49:39.621,1.52473,1.52498,1.00,1.00
2016.09.06 03:49:40.025,1.52484,1.52498,1.00,1.00
2016.09.06 03:49:40.126,1.52471,1.52498,1.00,1.00
2016.09.06 03:49:40.310,1.52473,1.52501,1.00,1.00
2016.09.06 03:49:40.361,1.52473,1.52501,1.50,1.00
2016.09.06 03:49:40.616,1.52473,1.52503,1.50,1.00
2016.09.06 03:49:40.668,1.52474,1.52503,1.00,1.00
2016.09.06 03:49:40.719,1.52474,1.52501,1.00,1.00
2016.09.06 03:49:41.058,1.52484,1.52499,1.00,1.00
2016.09.06 03:49:41.419,1.52484,1.52503,1.00,1.00
2016.09.06 03:49:41.719,1.52484,1.52508,1.00,1.00
2016.09.06 03:49:41.896,1.52474,1.52508,1.50,1.00
2016.09.06 03:49:41.950,1.52483,1.52508,1.00,1.00
2016.09.06 03:49:42.460,1.52484,1.52507,1.00,1.00
2016.09.06 03:49:44.833,1.52483,1.52507,1.00,1.00
2016.09.06 03:49:48.466,1.52484,1.52504,1.00,1.00
2016.09.06 03:49:48.858,1.52484,1.52506,1.00,1.00
2016.09.06 03:49:48.959,1.52483,1.52504,1.00,1.00
2016.09.06 03:49:49.060,1.52483,1.52506,1.00,1.00
2016.09.06 03:49:49.422,1.52484,1.52502,1.00,1.00
2016.09.06 03:49:49.826,1.52484,1.52499,1.00,1.00
2016.09.06 03:49:50.358,1.52483,1.525,1.00,1.00
2016.09.06 03:49:50.459,1.52473,1.525,1.00,1.00
2016.09.06 03:49:50.845,1.52473,1.52498,1.00,1.00
2016.09.06 03:49:51.599,1.52473,1.525,1.00,1.00
2016.09.06 03:49:52.745,1.52473,1.525,1.00,1.00
2016.09.06 03:49:53.377,1.52468,1.52498,1.00,1.00
2016.09.06 03:49:53.427,1.52468,1.52498,1.00,1.00
2016.09.06 03:49:53.579,1.52473,1.52498,1.00,1.00
2016.09.06 03:49:53.732,1.52473,1.525,1.00,1.00
2016.09.06 03:49:55.803,1.52473,1.525,1.00,1.00
2016.09.06 03:49:57.014,1.52473,1.525,1.00,1.00
2016.09.06 03:50:00.437,1.52473,1.52499,1.00,1.00
2016.09.06 03:50:01.093,1.52474,1.52499,1.00,1.00
2016.09.06 03:50:01.428,1.52473,1.52491,1.00,1.00
2016.09.06 03:50:02.327,1.52464,1.52491,1.00,1.00
2016.09.06 03:50:02.377,1.52473,1.52495,1.00,1.00
2016.09.06 03:50:02.485,1.52465,1.52495,1.00,1.00
2016.09.06 03:50:02.587,1.52464,1.52492,1.50,1.00
2016.09.06 03:50:02.688,1.52464,1.52492,1.00,1.00
2016.09.06 03:50:02.789,1.52464,1.52492,1.50,1.00
2016.09.06 03:50:02.955,1.52464,1.52492,1.00,1.00
2016.09.06 03:50:03.747,1.52465,1.52493,1.00,1.00
2016.09.06 03:50:07.089,1.52466,1.52493,1.00,1.00
2016.09.06 03:50:08.503,1.52466,1.52494,1.00,1.00
2016.09.06 03:50:14.900,1.52465,1.52502,1.00,1.12
2016.09.06 03:50:14.950,1.52475,1.52502,1.00,1.00
2016.09.06 03:50:15.001,1.52477,1.52505,1.00,1.00
2016.09.06 03:50:15.102,1.52475,1.52505,1.00,1.00
2016.09.06 03:50:15.264,1.52472,1.52501,1.00,1.00
2016.09.06 03:50:15.315,1.52474,1.52501,1.00,1.00
2016.09.06 03:50:15.416,1.52472,1.52501,1.00,1.00
2016.09.06 03:50:16.265,1.52471,1.52501,1.00,1.00
2016.09.06 03:50:16.598,1.52471,1.52501,1.00,1.00
2016.09.06 03:50:16.769,1.52473,1.52501,1.00,1.00
2016.09.06 03:50:17.608,1.52471,1.52501,1.00,1.00
2016.09.06 03:50:18.669,1.5247,1.525,1.00,1.00
2016.09.06 03:50:27.507,1.52474,1.52502,1.50,1.00
2016.09.06 03:50:27.611,1.52474,1.52502,1.00,1.00
2016.09.06 03:50:27.986,1.52474,1.52502,1.50,1.00
2016.09.06 03:50:32.684,1.52474,1.52502,1.00,1.00
2016.09.06 03:50:32.887,1.52474,1.52503,1.50,1.00
2016.09.06 03:50:32.937,1.52474,1.52501,1.00,1.00
2016.09.06 03:50:33.405,1.52472,1.52501,1.00,1.00
2016.09.06 03:50:33.507,1.52474,1.52501,1.00,1.00
2016.09.06 03:50:34.011,1.52472,1.525,1.00,1.00
2016.09.06 03:50:48.130,1.52468,1.52498,1.00,1.00
2016.09.06 03:50:48.231,1.5247,1.52497,1.00,1.00
2016.09.06 03:50:48.332,1.52471,1.52499,1.00,1.00
2016.09.06 03:50:48.535,1.52473,1.52501,1.00,1.00
2016.09.06 03:50:49.322,1.52474,1.52501,1.00,1.00
2016.09.06 03:50:49.423,1.52474,1.52501,1.50,1.00
2016.09.06 03:50:49.524,1.52474,1.52503,1.00,1.00
2016.09.06 03:50:51.348,1.52473,1.52499,1.00,1.00
2016.09.06 03:50:51.634,1.5247,1.52498,1.00,1.00
2016.09.06 03:50:57.125,1.52471,1.52501,1.00,1.00
2016.09.06 03:50:59.228,1.52471,1.525,1.00,1.00
2016.09.06 03:51:00.466,1.52473,1.52501,1.00,1.00
2016.09.06 03:51:18.753,1.52473,1.52502,1.00,1.00
2016.09.06 03:51:29.287,1.52472,1.52502,1.00,1.00
2016.09.06 03:51:47.816,1.52472,1.52499,1.00,1.00
2016.09.06 03:51:48.117,1.5247,1.525,1.00,1.00
2016.09.06 03:51:48.799,1.52472,1.52499,1.00,1.00
2016.09.06 03:51:49.394,1.52471,1.52499,1.00,1.00
2016.09.06 03:51:57.709,1.52471,1.52499,1.00,1.00
2016.09.06 03:51:58.216,1.5247,1.525,1.00,1.00
2016.09.06 03:51:58.717,1.52471,1.52501,1.00,1.00
2016.09.06 03:51:59.319,1.5247,1.525,1.00,1.00
2016.09.06 03:52:00.640,1.52472,1.525,1.00,1.00
2016.09.06 03:52:00.716,1.52471,1.52499,1.00,1.00
2016.09.06 03:52:03.947,1.52471,1.525,1.00,1.00
2016.09.06 03:52:08.347,1.52472,1.52502,1.00,1.00
2016.09.06 03:52:08.426,1.52472,1.52502,1.00,1.00
2016.09.06 03:52:08.956,1.52471,1.52501,1.00,1.00
2016.09.06 03:52:09.158,1.52473,1.52501,1.00,1.00
2016.09.06 03:52:11.230,1.52473,1.52501,1.00,1.00
2016.09.06 03:52:11.361,1.52471,1.52501,1.00,1.00
2016.09.06 03:52:11.505,1.52473,1.52501,1.00,1.00
2016.09.06 03:52:11.556,1.52475,1.52503,1.00,1.00
2016.09.06 03:52:11.662,1.52475,1.52503,1.00,1.00
2016.09.06 03:52:12.331,1.52473,1.52503,1.00,1.00
2016.09.06 03:52:12.564,1.52471,1.52499,1.00,1.00
2016.09.06 03:52:14.860,1.52474,1.525,1.00,1.00
2016.09.06 03:52:14.968,1.52474,1.52503,1.00,1.00
2016.09.06 03:52:15.119,1.52473,1.52503,1.50,1.00
2016.09.06 03:52:15.271,1.52474,1.52503,1.00,1.00
2016.09.06 03:52:15.639,1.52473,1.52503,1.50,1.00
2016.09.06 03:52:15.851,1.52473,1.525,1.50,1.00
2016.09.06 03:52:18.739,1.52475,1.52503,1.00,1.00
2016.09.06 03:52:20.485,1.52478,1.52505,1.00,1.00
2016.09.06 03:52:33.957,1.52479,1.52506,1.00,1.00
2016.09.06 03:52:39.990,1.52476,1.52506,1.00,1.00
2016.09.06 03:52:50.777,1.52478,1.52506,1.00,1.00
2016.09.06 03:52:53.703,1.52474,1.52502,1.00,1.00
2016.09.06 03:52:54.402,1.52473,1.52502,2.25,1.00
2016.09.06 03:52:54.503,1.52475,1.52502,1.00,1.00
2016.09.06 03:52:55.383,1.52473,1.52502,2.25,1.00
2016.09.06 03:53:00.091,1.52474,1.52503,1.00,1.00
2016.09.06 03:53:00.189,1.52473,1.52502,2.25,1.00
2016.09.06 03:53:00.522,1.52473,1.52502,1.50,1.00
2016.09.06 03:53:01.022,1.52473,1.52502,2.25,1.00
2016.09.06 03:53:01.123,1.52475,1.52504,1.00,1.00
2016.09.06 03:53:05.941,1.52475,1.52504,1.50,1.00
2016.09.06 03:53:06.042,1.52475,1.52504,1.00,1.00
2016.09.06 03:53:06.144,1.52475,1.52504,1.50,1.00
2016.09.06 03:53:06.488,1.52475,1.52504,1.00,1.00
2016.09.06 03:53:06.589,1.52475,1.52504,1.50,1.00
2016.09.06 03:53:06.741,1.52475,1.52504,1.00,1.00
2016.09.06 03:53:06.993,1.52483,1.5251,1.50,1.00
2016.09.06 03:53:07.712,1.52484,1.5251,1.00,1.00
2016.09.06 03:53:07.914,1.52495,1.52523,1.00,1.87
2016.09.06 03:53:07.965,1.52495,1.52523,1.00,1.12
2016.09.06 03:53:08.016,1.52495,1.52523,1.00,1.12
2016.09.06 03:53:08.117,1.52495,1.52523,1.00,1.00
2016.09.06 03:53:08.168,1.52495,1.52523,1.50,1.00
2016.09.06 03:53:08.269,1.52495,1.52523,1.00,1.00
2016.09.06 03:53:08.546,1.52495,1.52523,1.50,1.00
2016.09.06 03:53:08.946,1.52495,1.52524,1.00,1.00
2016.09.06 03:53:10.114,1.52494,1.5252,1.00,1.00
2016.09.06 03:53:10.316,1.52493,1.52523,1.50,1.00
2016.09.06 03:53:10.619,1.52494,1.52523,1.00,1.00
2016.09.06 03:53:11.251,1.52494,1.52521,1.00,1.00
2016.09.06 03:53:13.859,1.52494,1.52519,1.00,1.00
2016.09.06 03:53:14.366,1.52494,1.52518,1.00,1.00
2016.09.06 03:53:14.427,1.52494,1.5252,1.00,1.00
2016.09.06 03:53:14.528,1.52494,1.52513,1.00,1.00
2016.09.06 03:53:14.630,1.5249,1.52508,1.00,1.00
2016.09.06 03:53:14.681,1.5248,1.52508,1.00,1.00
2016.09.06 03:53:14.732,1.52475,1.52503,1.00,1.00
2016.09.06 03:53:14.934,1.5247,1.525,1.00,1.00
2016.09.06 03:53:15.214,1.52477,1.52507,1.00,1.12
2016.09.06 03:53:15.266,1.52477,1.52507,1.00,1.12
2016.09.06 03:53:15.317,1.52477,1.52507,1.00,1.00
2016.09.06 03:53:15.696,1.52483,1.52507,1.00,1.00
2016.09.06 03:53:17.416,1.52483,1.52508,1.00,1.00
2016.09.06 03:53:18.798,1.52478,1.52508,1.00,1.00
2016.09.06 03:53:19.024,1.52478,1.52506,1.00,1.00
2016.09.06 03:53:19.870,1.52477,1.52505,1.00,1.00
2016.09.06 03:53:19.921,1.52478,1.52508,1.00,1.00
2016.09.06 03:53:20.022,1.52484,1.52508,1.00,1.00
2016.09.06 03:53:21.630,1.52484,1.52506,1.00,1.00
2016.09.06 03:53:27.844,1.52478,1.52506,1.00,1.00
2016.09.06 03:53:36.240,1.52477,1.52505,1.00,1.00
2016.09.06 03:53:41.970,1.52477,1.52506,1.00,1.00
2016.09.06 03:53:42.250,1.52483,1.52506,1.00,1.00
2016.09.06 03:53:42.421,1.52477,1.52506,1.00,1.00
2016.09.06 03:53:42.861,1.52475,1.52503,1.00,1.00
2016.09.06 03:53:45.794,1.52474,1.52503,1.00,1.00
2016.09.06 03:53:49.056,1.52475,1.52504,1.00,1.00
2016.09.06 03:53:52.831,1.52475,1.52504,1.00,1.00
2016.09.06 03:53:52.983,1.52473,1.52502,1.00,1.00
2016.09.06 03:53:53.185,1.5247,1.52498,1.00,1.00
2016.09.06 03:53:54.378,1.52471,1.52498,1.00,1.00
2016.09.06 03:53:54.480,1.52473,1.52503,1.00,1.00
2016.09.06 03:53:54.530,1.52473,1.52503,1.50,1.00
2016.09.06 03:53:54.581,1.52475,1.52504,1.00,1.00
2016.09.06 03:53:54.783,1.52475,1.52504,1.00,1.00
2016.09.06 03:53:55.041,1.52465,1.52493,1.87,1.00
2016.09.06 03:53:55.091,1.5246,1.52488,1.00,1.00
2016.09.06 03:53:55.966,1.52458,1.52488,1.00,1.00
2016.09.06 03:53:58.792,1.52466,1.52493,1.00,1.00
2016.09.06 03:53:58.894,1.52468,1.52496,1.00,1.00
2016.09.06 03:54:01.875,1.52468,1.52498,1.00,1.00
2016.09.06 03:54:01.925,1.52468,1.52498,1.00,1.00
2016.09.06 03:54:01.976,1.5247,1.52498,1.00,1.00
2016.09.06 03:54:03.595,1.5247,1.52498,1.00,1.00
2016.09.06 03:54:04.078,1.52467,1.52497,1.00,1.00
2016.09.06 03:54:04.597,1.52467,1.52495,1.00,1.00
2016.09.06 03:54:11.593,1.52468,1.52498,1.00,1.00
2016.09.06 03:54:14.737,1.52468,1.52498,1.00,1.00
2016.09.06 03:54:15.213,1.52468,1.52498,1.00,1.00
2016.09.06 03:54:15.315,1.52466,1.52499,1.00,1.00
2016.09.06 03:54:15.417,1.52463,1.5249,1.00,1.00
2016.09.06 03:54:15.569,1.52464,1.5249,1.00,1.00
2016.09.06 03:54:15.861,1.52463,1.5249,1.00,1.00
2016.09.06 03:54:16.396,1.52464,1.52491,1.00,1.00
2016.09.06 03:54:19.098,1.52462,1.52489,1.00,1.00
2016.09.06 03:54:26.168,1.52464,1.52489,1.00,1.00
2016.09.06 03:54:26.281,1.52462,1.52489,1.00,1.00
2016.09.06 03:54:34.214,1.52461,1.52491,1.00,1.00
2016.09.06 03:54:39.278,1.52461,1.52491,1.00,1.00
2016.09.06 03:54:39.582,1.52461,1.52491,1.00,1.00
2016.09.06 03:54:39.784,1.52461,1.52491,1.00,1.00
2016.09.06 03:54:43.825,1.52462,1.52492,1.00,1.00
2016.09.06 03:54:43.932,1.52459,1.52489,1.00,1.00
2016.09.06 03:54:44.935,1.52461,1.52489,1.00,1.00
2016.09.06 03:54:45.127,1.52458,1.52488,1.00,1.00
2016.09.06 03:54:46.225,1.52461,1.52489,1.00,1.00
2016.09.06 03:54:46.275,1.52456,1.52486,1.00,1.00
2016.09.06 03:54:46.377,1.52455,1.52485,1.00,1.00
2016.09.06 03:54:46.478,1.52455,1.52485,1.00,1.00
2016.09.06 03:54:46.579,1.52455,1.52485,1.00,1.00
2016.09.06 03:54:49.233,1.52454,1.52484,1.50,1.00
2016.09.06 03:54:49.955,1.52454,1.52483,1.00,1.00
2016.09.06 03:54:50.811,1.52453,1.52483,1.00,1.00
2016.09.06 03:54:50.962,1.52451,1.52479,1.00,1.00
2016.09.06 03:54:51.188,1.52454,1.52479,1.00,1.00
2016.09.06 03:54:51.290,1.52451,1.52479,1.00,1.00
2016.09.06 03:54:51.989,1.52454,1.52479,1.00,1.00
2016.09.06 03:54:56.913,1.52451,1.52479,1.00,1.00
2016.09.06 03:54:59.745,1.52452,1.52479,1.00,1.00
2016.09.06 03:55:02.473,1.52454,1.52482,1.00,1.00
2016.09.06 03:55:02.701,1.52454,1.52482,1.00,1.00
2016.09.06 03:55:03.587,1.52456,1.52484,1.00,1.00
2016.09.06 03:55:04.105,1.52457,1.52484,1.00,1.00
2016.09.06 03:55:04.156,1.52458,1.52487,1.00,1.00
2016.09.06 03:55:04.590,1.52457,1.52486,1.00,1.00
2016.09.06 03:55:05.456,1.52459,1.52486,1.00,1.00
2016.09.06 03:55:06.594,1.52455,1.52485,1.00,1.00
2016.09.06 03:55:10.061,1.52457,1.52487,1.00,1.00
2016.09.06 03:55:10.112,1.52457,1.52487,1.00,1.00
2016.09.06 03:55:10.488,1.52457,1.52487,1.00,1.00
2016.09.06 03:55:10.613,1.52457,1.52487,1.00,1.00
2016.09.06 03:55:14.777,1.52457,1.52486,1.00,1.00
2016.09.06 03:55:15.585,1.52454,1.52481,1.50,1.00
2016.09.06 03:55:23.817,1.52456,1.52483,1.00,1.00
2016.09.06 03:55:24.029,1.52455,1.52483,1.00,1.00
2016.09.06 03:55:24.753,1.52455,1.52483,1.00,1.00
2016.09.06 03:55:25.268,1.52455,1.52482,1.00,1.00
2016.09.06 03:55:29.787,1.52455,1.52483,1.00,1.00
2016.09.06 03:55:31.125,1.52455,1.52483,1.00,1.00
2016.09.06 03:55:31.227,1.52455,1.52483,1.00,1.00
2016.09.06 03:55:31.537,1.52449,1.52476,1.00,1.00
2016.09.06 03:55:31.638,1.52451,1.52479,1.00,1.00
2016.09.06 03:55:34.292,1.5245,1.52479,1.00,1.00
2016.09.06 03:55:37.078,1.52453,1.52479,1.00,1.00
2016.09.06 03:55:37.672,1.52453,1.5248,1.00,1.00
2016.09.06 03:55:40.581,1.5245,1.5248,1.00,1.00
2016.09.06 03:55:44.014,1.52449,1.52479,1.00,1.00
2016.09.06 03:55:49.514,1.52453,1.52482,1.00,1.00
2016.09.06 03:55:49.565,1.52453,1.52482,1.50,1.00
2016.09.06 03:55:49.616,1.52456,1.52483,1.00,1.00
2016.09.06 03:55:49.799,1.52455,1.52485,1.00,1.00
2016.09.06 03:55:49.951,1.52458,1.52486,1.00,1.00
2016.09.06 03:55:50.052,1.52458,1.52486,1.00,1.00
2016.09.06 03:55:50.153,1.52466,1.52493,1.00,1.00
2016.09.06 03:55:50.233,1.52465,1.52497,1.00,1.00
2016.09.06 03:55:50.285,1.52465,1.52497,1.00,1.00
2016.09.06 03:55:50.336,1.5247,1.52497,1.00,1.00
2016.09.06 03:55:50.437,1.52471,1.52505,1.00,1.00
2016.09.06 03:55:50.497,1.52471,1.52505,1.00,1.00
2016.09.06 03:55:50.650,1.52472,1.525,1.00,1.00
2016.09.06 03:55:50.979,1.52476,1.52503,1.00,1.00
2016.09.06 03:55:51.486,1.52472,1.52501,1.00,1.00
2016.09.06 03:55:53.719,1.52473,1.52501,1.00,1.00
2016.09.06 03:55:54.563,1.52474,1.52503,1.00,1.00
2016.09.06 03:55:55.554,1.52476,1.52504,1.00,1.00
2016.09.06 03:55:59.828,1.52477,1.52504,1.00,1.00
2016.09.06 03:56:00.271,1.52477,1.52504,1.00,1.00
2016.09.06 03:56:00.372,1.52475,1.52503,1.00,1.00
2016.09.06 03:56:01.004,1.52474,1.52502,1.00,1.00
2016.09.06 03:56:03.358,1.52474,1.52502,1.50,1.00
2016.09.06 03:56:04.334,1.52476,1.52504,1.00,1.00
2016.09.06 03:56:08.259,1.52473,1.52503,1.00,1.00
2016.09.06 03:56:08.582,1.52473,1.52503,1.00,1.00
2016.09.06 03:56:09.240,1.52472,1.52502,1.00,1.00
2016.09.06 03:56:10.581,1.52476,1.52503,1.00,1.00
2016.09.06 03:56:14.847,1.52476,1.52504,1.00,1.00
2016.09.06 03:56:19.353,1.52473,1.52503,1.00,1.00
2016.09.06 03:56:20.794,1.52473,1.52503,1.00,1.00
2016.09.06 03:56:22.382,1.52473,1.52503,1.00,1.00
2016.09.06 03:56:22.708,1.52472,1.52499,1.00,1.00
2016.09.06 03:56:30.668,1.52471,1.52499,1.00,1.00
2016.09.06 03:56:34.373,1.52473,1.52501,1.00,1.00
2016.09.06 03:56:49.428,1.52474,1.52501,1.00,1.00
2016.09.06 03:56:52.401,1.52468,1.52495,1.00,1.00
2016.09.06 03:56:53.397,1.52466,1.52495,1.00,1.00
2016.09.06 03:56:53.934,1.52469,1.52496,1.00,1.00
2016.09.06 03:56:54.433,1.52466,1.52494,1.00,1.00
2016.09.06 03:56:57.841,1.52467,1.52495,1.00,1.00
2016.09.06 03:56:58.103,1.52467,1.52496,1.00,1.00
2016.09.06 03:56:58.305,1.5247,1.52499,1.00,1.50
2016.09.06 03:56:58.355,1.5247,1.52499,1.00,1.00
2016.09.06 03:56:58.820,1.52468,1.52498,1.00,1.00
2016.09.06 03:56:59.204,1.52471,1.52499,1.00,1.00
2016.09.06 03:56:59.648,1.52467,1.52497,1.00,1.00
2016.09.06 03:57:00.251,1.52469,1.52496,1.00,1.00
2016.09.06 03:57:02.425,1.52468,1.52498,1.00,1.00
2016.09.06 03:57:04.513,1.52469,1.52496,1.00,1.00
2016.09.06 03:57:09.119,1.52468,1.52496,1.00,1.00
2016.09.06 03:57:09.620,1.52469,1.52498,1.00,1.00
2016.09.06 03:57:09.670,1.52469,1.52498,1.00,1.00
2016.09.06 03:57:09.973,1.52469,1.52498,1.00,1.00
2016.09.06 03:57:10.520,1.52468,1.52497,1.00,1.00
2016.09.06 03:57:11.065,1.52468,1.52496,1.00,1.00
2016.09.06 03:57:11.272,1.52466,1.52496,1.00,1.00
2016.09.06 03:57:15.026,1.52467,1.52494,1.00,1.00
2016.09.06 03:57:16.171,1.52467,1.52496,1.00,1.00
2016.09.06 03:57:19.531,1.52469,1.52497,1.00,1.00
2016.09.06 03:57:21.577,1.52469,1.52497,1.00,1.00
2016.09.06 03:57:21.848,1.52466,1.52495,1.00,1.00
2016.09.06 03:57:23.743,1.52466,1.52493,1.00,1.00
2016.09.06 03:57:23.852,1.52466,1.52495,1.00,1.00
2016.09.06 03:57:28.593,1.52465,1.52494,1.00,1.00
2016.09.06 03:57:28.893,1.52465,1.52494,1.00,1.00
2016.09.06 03:57:28.994,1.52463,1.52492,1.00,1.00
2016.09.06 03:57:29.095,1.52461,1.52489,1.00,1.00
2016.09.06 03:57:34.555,1.52463,1.5249,1.00,1.00
2016.09.06 03:57:37.232,1.52463,1.5249,1.00,1.00
2016.09.06 03:57:37.282,1.52458,1.52487,1.00,1.00
2016.09.06 03:57:37.333,1.52458,1.52487,1.00,1.00
2016.09.06 03:57:37.384,1.52457,1.52484,1.00,1.00
2016.09.06 03:57:37.589,1.5245,1.5248,1.00,1.00
2016.09.06 03:57:37.640,1.5245,1.5248,1.00,1.00
2016.09.06 03:57:37.794,1.52449,1.52476,1.00,1.00
2016.09.06 03:57:44.418,1.52448,1.52475,1.00,1.00
2016.09.06 03:57:45.297,1.52447,1.52474,1.00,1.00
2016.09.06 03:57:45.348,1.52447,1.52474,1.00,1.00
2016.09.06 03:57:45.450,1.52447,1.52474,1.00,1.00
2016.09.06 03:57:45.501,1.52445,1.52473,1.00,1.00
2016.09.06 03:57:45.602,1.52443,1.52473,1.00,1.00
2016.09.06 03:57:45.703,1.52441,1.5247,1.00,1.00
2016.09.06 03:57:45.792,1.52436,1.5246,1.75,1.00
2016.09.06 03:57:45.904,1.52431,1.5246,1.37,1.00
2016.09.06 03:57:45.955,1.52431,1.5246,1.00,1.00
2016.09.06 03:57:46.208,1.52429,1.52456,1.00,1.00
2016.09.06 03:57:46.622,1.52425,1.52455,1.00,1.00
2016.09.06 03:57:49.621,1.52426,1.52453,1.00,1.00
2016.09.06 03:57:49.823,1.52425,1.52455,1.00,1.00
2016.09.06 03:57:49.974,1.52425,1.52455,1.00,1.00
2016.09.06 03:57:50.025,1.52429,1.52459,1.00,1.00
2016.09.06 03:57:52.282,1.52429,1.52457,1.00,1.00
2016.09.06 03:57:52.818,1.52427,1.52457,1.00,1.00
2016.09.06 03:58:04.047,1.52424,1.52452,1.50,1.00
2016.09.06 03:58:04.149,1.52424,1.52452,1.00,1.00
2016.09.06 03:58:04.199,1.52423,1.52452,1.00,1.00
2016.09.06 03:58:04.485,1.52424,1.52452,1.00,1.00
2016.09.06 03:58:05.103,1.52424,1.52451,1.00,1.00
2016.09.06 03:58:06.190,1.52424,1.52451,1.00,1.00
2016.09.06 03:58:06.354,1.52424,1.52453,1.00,1.00
2016.09.06 03:58:09.282,1.52424,1.52452,1.00,1.00
2016.09.06 03:58:10.111,1.52424,1.5245,1.00,1.00
2016.09.06 03:58:10.446,1.52424,1.52451,1.50,1.00
2016.09.06 03:58:11.011,1.52424,1.5245,1.00,1.00
2016.09.06 03:58:15.494,1.52422,1.5245,1.00,1.00
2016.09.06 03:58:16.267,1.5242,1.52448,1.00,1.00
2016.09.06 03:58:16.785,1.52422,1.52449,1.00,1.00
2016.09.06 03:58:17.826,1.52422,1.5245,1.00,1.00
2016.09.06 03:58:17.927,1.52419,1.52449,1.00,1.00
2016.09.06 03:58:18.028,1.52423,1.5245,1.00,1.00
2016.09.06 03:58:18.331,1.52423,1.5245,1.50,1.00
2016.09.06 03:58:19.145,1.52424,1.52452,1.00,1.50
2016.09.06 03:58:20.104,1.52424,1.52452,1.00,1.00
2016.09.06 03:58:20.318,1.52424,1.52452,1.00,1.00
2016.09.06 03:58:20.369,1.52428,1.52455,1.00,1.00
2016.09.06 03:58:20.470,1.5243,1.52458,1.00,1.00
2016.09.06 03:58:23.077,1.52433,1.52461,1.00,1.00
2016.09.06 03:58:23.331,1.52433,1.52462,1.00,1.50
2016.09.06 03:58:23.533,1.52431,1.52461,1.00,1.00
2016.09.06 03:58:23.735,1.52433,1.52462,1.00,1.50
2016.09.06 03:58:24.118,1.52433,1.52462,1.00,1.00
2016.09.06 03:58:24.431,1.52433,1.5246,1.00,1.00
2016.09.06 03:58:29.067,1.52434,1.52461,1.00,1.00
2016.09.06 03:58:29.168,1.52432,1.52461,1.00,1.00
2016.09.06 03:58:29.639,1.52434,1.52461,1.00,1.00
2016.09.06 03:58:30.941,1.52433,1.52463,1.00,1.50
2016.09.06 03:58:31.709,1.52433,1.52463,1.00,1.00
2016.09.06 03:58:33.320,1.52433,1.52463,1.00,1.50
2016.09.06 03:58:33.394,1.52433,1.52462,1.00,1.00
2016.09.06 03:58:33.695,1.52432,1.52459,1.00,1.00
2016.09.06 03:58:33.747,1.5243,1.52458,1.00,1.00
2016.09.06 03:58:34.298,1.52431,1.52459,1.00,1.00
2016.09.06 03:58:44.657,1.5243,1.52458,1.00,1.00
2016.09.06 03:58:44.809,1.52429,1.52457,1.00,1.50
2016.09.06 03:58:44.860,1.52426,1.52453,1.00,1.00
2016.09.06 03:58:44.961,1.52423,1.52451,1.00,1.00
2016.09.06 03:58:45.717,1.52423,1.52451,1.00,1.00
2016.09.06 03:58:45.998,1.52423,1.52452,1.00,1.00
2016.09.06 03:58:49.665,1.52425,1.52453,1.00,1.00
2016.09.06 03:58:50.388,1.52425,1.52455,1.00,1.50
2016.09.06 03:58:50.489,1.52421,1.5245,1.00,1.00
2016.09.06 03:58:50.539,1.52421,1.5245,1.00,1.00
2016.09.06 03:58:50.856,1.52418,1.52445,1.00,1.00
2016.09.06 03:58:50.951,1.5242,1.52448,1.00,1.00
2016.09.06 03:58:51.690,1.52419,1.52447,1.00,1.00
2016.09.06 03:58:51.869,1.52417,1.52447,1.00,1.00
2016.09.06 03:58:52.669,1.52418,1.52448,1.00,1.00
2016.09.06 03:58:56.683,1.52416,1.52444,1.00,1.00
2016.09.06 03:58:56.885,1.52407,1.52436,1.00,1.00
2016.09.06 03:58:56.936,1.52407,1.52436,1.00,1.00
2016.09.06 03:58:56.987,1.52406,1.52434,1.00,1.00
2016.09.06 03:58:57.037,1.52406,1.52434,1.00,1.00
2016.09.06 03:58:58.006,1.52404,1.52434,1.00,1.00
2016.09.06 03:59:01.092,1.52404,1.52432,1.00,1.00
2016.09.06 03:59:06.693,1.52406,1.52433,1.00,1.00
2016.09.06 03:59:07.805,1.52403,1.52433,1.00,1.00
2016.09.06 03:59:07.925,1.52404,1.52434,1.00,1.00
2016.09.06 03:59:09.911,1.52408,1.52436,1.00,1.00
2016.09.06 03:59:10.086,1.52411,1.52438,1.00,1.00
2016.09.06 03:59:10.136,1.52414,1.52442,1.00,1.00
2016.09.06 03:59:15.120,1.52415,1.52443,1.00,1.00
2016.09.06 03:59:15.376,1.52418,1.52446,1.00,1.00
2016.09.06 03:59:15.528,1.5242,1.52447,1.00,1.00
2016.09.06 03:59:15.780,1.5242,1.52447,1.00,1.00
2016.09.06 03:59:16.108,1.52418,1.52447,1.00,1.00
2016.09.06 03:59:16.314,1.52419,1.52449,1.00,1.00
2016.09.06 03:59:17.354,1.52419,1.52446,1.00,1.00
2016.09.06 03:59:17.511,1.5242,1.52448,1.00,1.00
2016.09.06 03:59:18.055,1.52419,1.52449,1.00,1.00
2016.09.06 03:59:19.758,1.52421,1.52449,1.00,1.00
2016.09.06 03:59:25.525,1.52421,1.52448,1.00,1.00
2016.09.06 03:59:25.576,1.52417,1.52446,1.00,1.00
2016.09.06 03:59:25.678,1.52414,1.52444,1.00,1.00
2016.09.06 03:59:25.779,1.52413,1.52441,1.00,1.00
2016.09.06 03:59:27.680,1.52414,1.52444,1.00,1.50
2016.09.06 03:59:27.731,1.52414,1.52444,1.00,1.00
2016.09.06 03:59:30.349,1.52417,1.52446,1.00,1.00
2016.09.06 03:59:31.054,1.52412,1.52441,1.00,1.00
2016.09.06 03:59:31.155,1.52408,1.52438,1.00,1.00
2016.09.06 03:59:31.206,1.52408,1.52438,1.00,1.00
2016.09.06 03:59:31.515,1.52408,1.52435,1.00,1.00
2016.09.06 03:59:32.144,1.52405,1.52435,1.00,1.00
2016.09.06 03:59:32.245,1.52412,1.5244,1.00,1.50
2016.09.06 03:59:32.346,1.52412,1.5244,1.00,1.00
2016.09.06 03:59:32.521,1.52415,1.52442,1.00,1.00
2016.09.06 03:59:34.011,1.52414,1.52441,1.00,1.00
2016.09.06 03:59:34.062,1.52414,1.52443,1.00,1.00
2016.09.06 03:59:34.544,1.52413,1.52441,1.00,1.00
2016.09.06 03:59:34.747,1.52414,1.52443,1.00,1.00
2016.09.06 03:59:35.258,1.52413,1.52442,1.00,1.00
2016.09.06 03:59:35.548,1.52414,1.52444,1.00,1.50
2016.09.06 03:59:36.498,1.52411,1.52439,1.00,1.00
2016.09.06 03:59:36.548,1.52411,1.52439,1.00,1.00
2016.09.06 03:59:37.507,1.52411,1.52439,1.00,1.00
2016.09.06 03:59:37.811,1.52412,1.5244,1.00,1.00
2016.09.06 03:59:37.862,1.5241,1.52438,1.00,1.00
2016.09.06 03:59:37.913,1.5241,1.52438,1.00,1.00
2016.09.06 03:59:38.659,1.52411,1.52439,1.00,1.00
2016.09.06 03:59:39.056,1.52415,1.52445,1.00,1.50
2016.09.06 03:59:39.107,1.52415,1.52445,1.00,1.00
2016.09.06 03:59:39.670,1.52415,1.52443,1.00,1.00
2016.09.06 03:59:40.058,1.52415,1.52445,1.00,1.00
2016.09.06 03:59:44.161,1.52414,1.52442,1.00,1.00
2016.09.06 03:59:44.466,1.52416,1.52443,1.00,1.00
2016.09.06 03:59:44.567,1.52414,1.52442,1.00,1.00
2016.09.06 03:59:45.663,1.52414,1.52444,1.00,1.00
2016.09.06 03:59:46.264,1.52414,1.52442,1.00,1.00
2016.09.06 03:59:46.364,1.52414,1.52444,1.00,1.00
2016.09.06 03:59:46.664,1.52414,1.52442,1.00,1.00
2016.09.06 03:59:46.765,1.52415,1.52444,1.00,1.00
2016.09.06 03:59:47.266,1.52413,1.52443,1.00,1.00
2016.09.06 03:59:47.571,1.52416,1.52443,1.00,1.00
2016.09.06 03:59:47.767,1.52414,1.52442,1.00,1.00
2016.09.06 03:59:48.280,1.52416,1.52443,1.00,1.00
2016.09.06 03:59:49.770,1.52417,1.52444,1.00,1.00
2016.09.06 03:59:50.771,1.52415,1.52445,1.00,1.00
2016.09.06 03:59:58.084,1.52414,1.52443,1.00,1.00
2016.09.06 03:59:58.185,1.52414,1.52443,1.00,1.00
2016.09.06 03:59:58.694,1.52415,1.52442,1.00,1.00
2016.09.06 03:59:59.399,1.52416,1.52443,1.00,1.00
