2012.02.24 06:00:00.522,1.59388,1.59425,1.43,1.50
2012.02.24 06:00:00.904,1.59378,1.59416,2.25,1.43
2012.02.24 06:00:01.227,1.59378,1.59413,2.25,1.43
2012.02.24 06:00:01.320,1.59378,1.59413,1.50,1.43
2012.02.24 06:00:01.391,1.59378,1.59413,2.25,1.43
2012.02.24 06:00:01.708,1.59403,1.59412,2.25,1.43
2012.02.24 06:00:01.781,1.59403,1.59412,1.50,1.43
2012.02.24 06:00:01.850,1.59411,1.59455,1.50,2.18
2012.02.24 06:00:02.038,1.59411,1.59457,1.50,1.73
2012.02.24 06:00:02.605,1.59405,1.59454,2.25,1.50
2012.02.24 06:00:02.752,1.59405,1.59454,1.50,2.25
2012.02.24 06:00:03.469,1.59405,1.59454,2.25,1.50
2012.02.24 06:00:04.365,1.59396,1.59445,2.25,1.50
2012.02.24 06:00:04.436,1.59396,1.59445,2.25,2.10
2012.02.24 06:00:05.022,1.59396,1.59424,2.25,1.43
2012.02.24 06:00:05.532,1.59396,1.59423,2.25,1.43
2012.02.24 06:00:05.777,1.59392,1.59423,1.50,1.43
2012.02.24 06:00:06.038,1.59386,1.5942,2.25,1.43
2012.02.24 06:00:06.438,1.59386,1.59422,2.25,1.43
2012.02.24 06:00:06.569,1.59386,1.59419,2.25,1.43
2012.02.24 06:00:07.066,1.59386,1.59422,2.25,1.43
2012.02.24 06:00:07.736,1.59386,1.5942,2.25,1.43
2012.02.24 06:00:08.713,1.59386,1.59422,2.25,1.43
2012.02.24 06:00:11.942,1.59386,1.59422,2.25,1.43
2012.02.24 06:00:12.246,1.59386,1.5942,2.25,1.43
2012.02.24 06:00:13.702,1.59386,1.59418,2.25,1.43
2012.02.24 06:00:14.035,1.59386,1.59416,1.50,1.43
2012.02.24 06:00:14.649,1.59382,1.59413,1.50,1.43
2012.02.24 06:00:14.783,1.59382,1.5941,1.50,1.43
2012.02.24 06:00:14.911,1.59376,1.5941,2.25,1.43
2012.02.24 06:00:14.978,1.59376,1.59407,2.25,1.43
2012.02.24 06:00:15.289,1.59376,1.59411,2.25,1.43
2012.02.24 06:00:15.458,1.59381,1.59411,1.50,1.43
2012.02.24 06:00:16.268,1.59381,1.59407,1.50,1.43
2012.02.24 06:00:16.338,1.59377,1.59407,1.50,1.43
2012.02.24 06:00:18.657,1.59377,1.59406,1.50,1.43
2012.02.24 06:00:22.329,1.59377,1.59407,1.50,1.43
2012.02.24 06:00:23.096,1.59377,1.59405,1.50,1.43
2012.02.24 06:00:24.442,1.59377,1.59405,2.25,1.43
2012.02.24 06:00:25.923,1.59391,1.59405,1.50,1.43
2012.02.24 06:00:26.046,1.59391,1.59432,1.50,1.35
2012.02.24 06:00:26.970,1.59391,1.59437,1.50,1.08
2012.02.24 06:00:27.238,1.59391,1.59438,1.50,2.93
2012.02.24 06:00:27.367,1.59384,1.59433,2.25,1.50
2012.02.24 06:00:28.276,1.59384,1.59433,1.50,1.50
2012.02.24 06:00:28.910,1.59384,1.59433,2.25,1.50
2012.02.24 06:00:30.929,1.59384,1.59433,1.50,1.50
2012.02.24 06:00:30.997,1.59379,1.59428,1.50,1.50
2012.02.24 06:00:31.597,1.59374,1.59421,2.25,1.50
2012.02.24 06:00:32.326,1.59367,1.59416,4.41,1.50
2012.02.24 06:00:32.668,1.59372,1.59421,2.25,1.50
2012.02.24 06:00:34.887,1.59372,1.59421,2.25,1.50
2012.02.24 06:00:36.716,1.59372,1.59421,2.25,1.50
2012.02.24 06:00:39.020,1.59368,1.59415,2.25,1.50
2012.02.24 06:00:39.149,1.59373,1.5942,2.25,2.93
2012.02.24 06:00:40.069,1.59367,1.59414,2.25,1.50
2012.02.24 06:00:40.182,1.59367,1.59414,2.25,1.50
2012.02.24 06:00:40.402,1.59367,1.59414,2.25,1.50
2012.02.24 06:00:40.603,1.59367,1.59416,2.25,1.50
2012.02.24 06:00:41.526,1.59362,1.59411,2.25,1.50
2012.02.24 06:00:41.920,1.59362,1.59411,2.25,1.88
2012.02.24 06:00:41.988,1.59347,1.59396,2.25,1.50
2012.02.24 06:00:42.637,1.59343,1.5939,2.25,1.50
2012.02.24 06:00:43.451,1.5933,1.59365,2.18,1.50
2012.02.24 06:00:43.756,1.59321,1.59355,1.13,1.43
2012.02.24 06:00:43.886,1.59346,1.59393,2.25,1.50
2012.02.24 06:00:44.018,1.59339,1.59388,2.25,1.50
2012.02.24 06:00:44.328,1.59339,1.5938,2.25,1.43
2012.02.24 06:00:45.549,1.59341,1.5938,2.25,1.43
2012.02.24 06:00:45.619,1.59342,1.59385,2.18,1.43
2012.02.24 06:00:45.956,1.59342,1.59385,2.18,1.43
2012.02.24 06:00:46.028,1.59333,1.59379,2.25,2.03
2012.02.24 06:00:46.458,1.59338,1.59379,1.50,2.03
2012.02.24 06:00:46.532,1.59332,1.59379,2.25,2.03
2012.02.24 06:00:46.600,1.59338,1.59385,1.50,2.93
2012.02.24 06:00:46.731,1.59338,1.59385,2.25,2.93
2012.02.24 06:00:47.440,1.59337,1.59379,2.25,1.43
2012.02.24 06:00:47.519,1.59329,1.59371,2.18,1.50
2012.02.24 06:00:47.836,1.59342,1.5939,2.25,2.25
2012.02.24 06:00:47.907,1.59342,1.59379,2.25,1.43
2012.02.24 06:00:48.648,1.59342,1.59379,2.25,2.03
2012.02.24 06:00:48.720,1.5933,1.5937,2.18,1.50
2012.02.24 06:00:48.790,1.59318,1.59355,2.25,1.43
2012.02.24 06:00:49.121,1.59338,1.5938,2.25,1.43
2012.02.24 06:00:50.128,1.59344,1.59377,2.25,1.43
2012.02.24 06:00:50.678,1.59344,1.59377,2.25,1.43
2012.02.24 06:00:50.963,1.59344,1.59373,1.50,1.35
2012.02.24 06:00:51.210,1.59344,1.59377,1.50,1.13
2012.02.24 06:00:51.283,1.59337,1.59378,2.25,1.43
2012.02.24 06:00:51.557,1.59337,1.59378,2.25,1.43
2012.02.24 06:00:52.487,1.59337,1.59378,2.25,1.43
2012.02.24 06:00:52.685,1.59337,1.59378,2.25,1.43
2012.02.24 06:00:52.755,1.59337,1.59362,1.50,1.43
2012.02.24 06:00:52.827,1.59331,1.59362,1.50,1.43
2012.02.24 06:00:53.214,1.59331,1.59362,2.25,1.43
2012.02.24 06:00:53.283,1.59331,1.59364,2.25,1.43
2012.02.24 06:00:53.487,1.59331,1.59364,1.50,1.43
2012.02.24 06:00:53.636,1.59331,1.59364,2.25,1.43
2012.02.24 06:00:53.949,1.59331,1.59364,2.25,2.03
2012.02.24 06:00:54.313,1.59319,1.59355,2.25,1.43
2012.02.24 06:00:54.578,1.59328,1.59355,1.50,1.43
2012.02.24 06:00:55.118,1.59328,1.59364,1.50,1.73
2012.02.24 06:00:55.190,1.59328,1.59364,2.25,1.73
2012.02.24 06:00:57.105,1.59328,1.59364,1.50,2.33
2012.02.24 06:00:57.279,1.59328,1.59364,2.25,2.33
2012.02.24 06:00:57.946,1.59328,1.59364,1.50,2.33
2012.02.24 06:00:58.017,1.59328,1.59364,2.25,2.33
2012.02.24 06:00:59.107,1.59322,1.59363,3.68,2.40
2012.02.24 06:00:59.178,1.59322,1.5936,2.25,2.03
2012.02.24 06:00:59.421,1.59322,1.5936,2.25,1.43
2012.02.24 06:00:59.489,1.59322,1.5936,2.25,1.43
2012.02.24 06:00:59.739,1.59322,1.5936,2.25,1.43
2012.02.24 06:01:00.341,1.59322,1.59355,2.25,1.43
2012.02.24 06:01:00.469,1.59322,1.59355,2.25,1.43
2012.02.24 06:01:01.044,1.59322,1.59353,2.25,1.43
2012.02.24 06:01:01.698,1.59322,1.59353,1.50,1.43
2012.02.24 06:01:01.766,1.59322,1.59353,1.50,2.33
2012.02.24 06:01:01.836,1.59316,1.59353,2.25,2.33
2012.02.24 06:01:02.326,1.59316,1.59345,1.50,1.43
2012.02.24 06:01:02.518,1.5931,1.59345,1.50,1.43
2012.02.24 06:01:03.897,1.5931,1.59342,2.25,1.43
2012.02.24 06:01:04.099,1.59295,1.59339,2.25,1.43
2012.02.24 06:01:04.167,1.59295,1.59339,2.25,2.18
2012.02.24 06:01:04.481,1.59299,1.59313,2.25,1.43
2012.02.24 06:01:04.552,1.59299,1.59344,2.25,1.43
2012.02.24 06:01:04.619,1.59299,1.5934,2.25,1.13
2012.02.24 06:01:04.748,1.59285,1.59325,1.48,1.43
2012.02.24 06:01:04.818,1.59286,1.59333,1.48,1.50
2012.02.24 06:01:04.895,1.59284,1.59322,2.23,1.35
2012.02.24 06:01:04.972,1.59266,1.59313,2.25,1.50
2012.02.24 06:01:05.068,1.59266,1.59313,2.25,1.50
2012.02.24 06:01:05.738,1.59278,1.59315,2.25,1.43
2012.02.24 06:01:05.828,1.59278,1.59306,2.25,1.43
2012.02.24 06:01:05.960,1.59271,1.59306,2.25,2.03
2012.02.24 06:01:06.030,1.59271,1.59296,2.25,1.43
2012.02.24 06:01:06.948,1.59266,1.59293,2.25,1.43
2012.02.24 06:01:07.765,1.59266,1.59294,2.25,1.43
2012.02.24 06:01:07.842,1.59272,1.59301,2.25,1.43
2012.02.24 06:01:08.030,1.59272,1.59292,2.25,1.43
2012.02.24 06:01:08.455,1.59266,1.5929,2.25,1.43
2012.02.24 06:01:08.760,1.59266,1.59303,2.25,1.43
2012.02.24 06:01:09.012,1.59278,1.59309,2.25,1.43
2012.02.24 06:01:09.077,1.59278,1.59313,2.25,1.43
2012.02.24 06:01:09.211,1.59284,1.59316,2.25,1.43
2012.02.24 06:01:09.338,1.59284,1.59322,2.25,2.03
2012.02.24 06:01:10.053,1.5929,1.59325,2.25,1.20
2012.02.24 06:01:10.124,1.5929,1.59325,2.25,2.33
2012.02.24 06:01:10.265,1.5929,1.59325,2.25,2.03
2012.02.24 06:01:10.455,1.5929,1.59325,2.25,2.03
2012.02.24 06:01:10.899,1.5929,1.59325,2.25,1.43
2012.02.24 06:01:11.731,1.5929,1.59325,2.25,1.43
2012.02.24 06:01:11.797,1.5929,1.59325,2.25,1.43
2012.02.24 06:01:11.987,1.5929,1.59321,2.25,1.43
2012.02.24 06:01:12.158,1.5929,1.59324,2.25,1.43
2012.02.24 06:01:12.229,1.5929,1.59324,2.25,1.43
2012.02.24 06:01:12.418,1.5929,1.59324,2.25,1.43
2012.02.24 06:01:13.017,1.5929,1.59328,2.25,2.18
2012.02.24 06:01:13.710,1.59286,1.59328,2.18,1.43
2012.02.24 06:01:14.989,1.59286,1.59328,2.18,1.43
2012.02.24 06:01:16.080,1.59299,1.5934,2.98,1.80
2012.02.24 06:01:17.108,1.593,1.5934,1.48,1.80
2012.02.24 06:01:17.416,1.59285,1.59319,1.48,1.43
2012.02.24 06:01:17.666,1.59296,1.59341,1.48,1.43
2012.02.24 06:01:18.576,1.593,1.59341,2.98,1.43
2012.02.24 06:01:18.707,1.59304,1.59341,1.48,1.43
2012.02.24 06:01:18.779,1.59304,1.59346,1.48,1.43
2012.02.24 06:01:19.478,1.59306,1.59346,1.48,1.43
2012.02.24 06:01:20.027,1.59306,1.59347,1.48,1.50
2012.02.24 06:01:20.553,1.59306,1.59348,2.98,1.43
2012.02.24 06:01:21.186,1.59306,1.59348,2.98,1.43
2012.02.24 06:01:22.384,1.59308,1.59348,1.48,1.43
2012.02.24 06:01:22.690,1.59302,1.59344,1.48,1.43
2012.02.24 06:01:22.816,1.59302,1.59344,1.48,1.43
2012.02.24 06:01:22.912,1.593,1.59344,2.23,2.18
2012.02.24 06:01:22.980,1.593,1.59343,2.23,1.35
2012.02.24 06:01:23.355,1.593,1.5933,1.50,1.43
2012.02.24 06:01:23.423,1.59289,1.5933,2.16,1.43
2012.02.24 06:01:23.548,1.59293,1.59334,1.50,1.43
2012.02.24 06:01:24.212,1.59292,1.59334,2.16,1.43
2012.02.24 06:01:24.280,1.59294,1.59337,1.43,1.43
2012.02.24 06:01:24.352,1.59294,1.59337,2.18,1.43
2012.02.24 06:01:24.659,1.59294,1.59335,2.16,1.43
2012.02.24 06:01:24.990,1.59295,1.59335,1.48,1.43
2012.02.24 06:01:25.064,1.59298,1.59338,1.43,1.43
2012.02.24 06:01:25.367,1.59299,1.59339,4.41,1.43
2012.02.24 06:01:25.621,1.5933,1.5937,2.16,2.03
2012.02.24 06:01:26.318,1.59326,1.59369,2.16,2.93
2012.02.24 06:01:26.405,1.59323,1.59365,1.11,2.93
2012.02.24 06:01:26.529,1.59319,1.59365,1.11,2.93
2012.02.24 06:01:26.655,1.59319,1.59362,2.53,1.43
2012.02.24 06:01:26.866,1.59319,1.59362,2.16,1.43
2012.02.24 06:01:27.412,1.59319,1.59362,2.16,1.43
2012.02.24 06:01:28.305,1.59321,1.59363,1.43,1.43
2012.02.24 06:01:28.448,1.59321,1.59359,1.43,1.50
2012.02.24 06:01:29.120,1.59312,1.59346,2.25,1.43
2012.02.24 06:01:30.608,1.59305,1.59346,1.48,2.03
2012.02.24 06:01:31.530,1.59292,1.59315,2.25,1.43
2012.02.24 06:01:31.634,1.59304,1.59339,2.25,1.43
2012.02.24 06:01:31.689,1.59297,1.59339,1.43,2.93
2012.02.24 06:01:31.762,1.59292,1.5933,2.23,1.43
2012.02.24 06:01:31.951,1.59297,1.59336,2.23,2.40
2012.02.24 06:01:32.021,1.59297,1.59336,2.23,2.40
2012.02.24 06:01:32.147,1.59297,1.59336,2.23,2.40
2012.02.24 06:01:32.482,1.59312,1.59333,2.25,1.43
2012.02.24 06:01:32.607,1.59312,1.59344,2.25,2.03
2012.02.24 06:01:33.189,1.59318,1.59344,1.50,2.03
2012.02.24 06:01:33.448,1.59312,1.59346,2.25,1.43
2012.02.24 06:01:33.969,1.59317,1.59352,1.50,1.88
2012.02.24 06:01:34.041,1.59312,1.59352,1.50,1.88
2012.02.24 06:01:34.368,1.59312,1.59349,1.50,1.43
2012.02.24 06:01:34.680,1.59312,1.59349,2.25,1.43
2012.02.24 06:01:35.353,1.59312,1.59354,3.68,1.05
2012.02.24 06:01:35.428,1.59324,1.5936,2.25,2.18
2012.02.24 06:01:35.558,1.59318,1.59356,2.25,1.43
2012.02.24 06:01:36.565,1.59318,1.59356,2.25,1.43
2012.02.24 06:01:36.728,1.59333,1.59371,2.25,1.43
2012.02.24 06:01:36.981,1.59338,1.59371,1.35,1.43
2012.02.24 06:01:37.111,1.59351,1.59395,1.50,1.43
2012.02.24 06:01:37.918,1.59351,1.59395,2.25,1.43
2012.02.24 06:01:38.963,1.59359,1.59395,1.50,1.43
2012.02.24 06:01:39.087,1.59353,1.59395,2.25,1.43
2012.02.24 06:01:39.220,1.59374,1.59391,1.50,1.43
2012.02.24 06:01:39.289,1.59374,1.59404,1.50,1.43
2012.02.24 06:01:39.362,1.59366,1.59404,2.25,1.43
2012.02.24 06:01:39.431,1.59366,1.59402,2.25,1.43
2012.02.24 06:01:40.142,1.59366,1.59402,1.50,1.43
2012.02.24 06:01:40.447,1.59371,1.59402,1.50,1.43
2012.02.24 06:01:40.762,1.59371,1.59409,1.50,1.43
2012.02.24 06:01:40.827,1.59371,1.59406,1.50,1.43
2012.02.24 06:01:40.957,1.59366,1.59406,1.50,1.43
2012.02.24 06:01:41.027,1.59366,1.59406,1.50,2.18
2012.02.24 06:01:41.276,1.59357,1.59404,1.43,2.85
2012.02.24 06:01:41.349,1.59357,1.59404,1.43,2.85
2012.02.24 06:01:42.126,1.59356,1.59403,1.50,2.18
2012.02.24 06:01:42.266,1.59364,1.594,1.50,1.43
2012.02.24 06:01:42.588,1.59364,1.59397,1.50,1.43
2012.02.24 06:01:42.718,1.59358,1.59397,1.50,1.43
2012.02.24 06:01:42.846,1.59358,1.59399,1.50,1.43
2012.02.24 06:01:43.039,1.59358,1.59402,1.50,1.43
2012.02.24 06:01:43.112,1.59358,1.59402,1.50,3.53
2012.02.24 06:01:43.301,1.5934,1.59375,1.50,1.43
2012.02.24 06:01:43.367,1.5934,1.59371,1.50,1.43
2012.02.24 06:01:43.498,1.59334,1.59371,2.25,1.43
2012.02.24 06:01:43.568,1.59334,1.59373,2.25,1.43
2012.02.24 06:01:44.164,1.59371,1.59402,1.50,2.35
2012.02.24 06:01:44.234,1.59371,1.59402,1.50,1.43
2012.02.24 06:01:44.478,1.59366,1.59402,1.50,1.43
2012.02.24 06:01:45.105,1.59366,1.59401,1.50,1.43
2012.02.24 06:01:45.978,1.5936,1.59401,1.50,1.43
2012.02.24 06:01:46.112,1.59358,1.59401,1.43,2.93
2012.02.24 06:01:46.792,1.59345,1.59388,2.18,1.43
2012.02.24 06:01:47.062,1.59355,1.59392,2.25,2.03
2012.02.24 06:01:47.580,1.59355,1.59376,2.25,2.10
2012.02.24 06:01:47.712,1.59328,1.59355,1.03,1.43
2012.02.24 06:01:47.781,1.59325,1.59355,2.25,1.43
2012.02.24 06:01:48.537,1.59332,1.59371,2.18,1.50
2012.02.24 06:01:49.723,1.59352,1.59389,1.43,2.40
2012.02.24 06:01:49.794,1.59356,1.59395,1.50,2.20
2012.02.24 06:01:49.920,1.59352,1.59395,1.43,1.43
2012.02.24 06:01:50.532,1.59349,1.59384,1.50,1.43
2012.02.24 06:01:50.657,1.59344,1.59384,2.93,1.43
2012.02.24 06:01:51.215,1.59344,1.59386,1.50,1.43
2012.02.24 06:01:51.671,1.5935,1.59386,1.50,1.43
2012.02.24 06:01:51.800,1.59352,1.59396,1.43,1.43
2012.02.24 06:01:51.928,1.59352,1.59396,2.18,1.43
2012.02.24 06:01:52.240,1.59352,1.59391,1.35,1.43
2012.02.24 06:01:52.937,1.5935,1.59376,1.50,1.43
2012.02.24 06:01:53.005,1.59339,1.59376,1.50,1.43
2012.02.24 06:01:53.309,1.59341,1.59384,1.43,2.03
2012.02.24 06:01:53.568,1.5934,1.59374,1.50,1.43
2012.02.24 06:01:53.818,1.59342,1.59383,1.43,1.43
2012.02.24 06:01:54.069,1.5934,1.59374,1.50,1.43
2012.02.24 06:01:54.138,1.59334,1.59374,2.25,1.43
2012.02.24 06:01:54.207,1.59334,1.59374,2.25,1.43
2012.02.24 06:01:54.340,1.59352,1.59383,1.43,1.50
2012.02.24 06:01:54.940,1.59352,1.59388,1.43,2.10
2012.02.24 06:01:55.019,1.59338,1.59375,2.25,1.43
2012.02.24 06:01:55.206,1.59348,1.59375,1.50,1.43
2012.02.24 06:01:55.278,1.59353,1.59394,2.18,2.20
2012.02.24 06:01:55.408,1.59353,1.59394,1.43,2.18
2012.02.24 06:01:55.481,1.59351,1.59395,1.43,2.18
2012.02.24 06:01:55.671,1.59355,1.59392,1.50,1.43
2012.02.24 06:01:55.740,1.5935,1.59392,1.43,1.43
2012.02.24 06:01:55.878,1.59353,1.59392,1.50,1.43
2012.02.24 06:01:56.462,1.59353,1.59393,1.50,1.43
2012.02.24 06:01:57.195,1.59353,1.59393,2.25,1.43
2012.02.24 06:01:57.288,1.59357,1.59402,1.50,1.43
2012.02.24 06:01:57.589,1.59364,1.59407,1.43,1.43
2012.02.24 06:01:57.909,1.59366,1.59408,1.43,1.43
2012.02.24 06:01:58.129,1.59364,1.59407,1.43,1.43
2012.02.24 06:01:58.456,1.59368,1.59408,1.43,1.43
2012.02.24 06:01:59.439,1.59369,1.59409,1.43,1.43
2012.02.24 06:01:59.780,1.59369,1.59409,1.43,2.18
2012.02.24 06:02:00.346,1.59366,1.59408,1.43,2.18
2012.02.24 06:02:00.589,1.59366,1.59405,1.43,1.50
2012.02.24 06:02:01.516,1.59366,1.59405,1.43,2.25
2012.02.24 06:02:01.765,1.59358,1.59397,1.50,2.03
2012.02.24 06:02:02.391,1.59357,1.59396,1.43,1.50
2012.02.24 06:02:02.643,1.59355,1.59396,1.43,1.50
2012.02.24 06:02:03.383,1.59355,1.5939,1.43,1.50
2012.02.24 06:02:03.996,1.59355,1.59384,1.43,2.10
2012.02.24 06:02:04.070,1.59346,1.59384,1.43,2.10
2012.02.24 06:02:04.197,1.59346,1.59387,1.43,1.43
2012.02.24 06:02:04.328,1.59355,1.59389,1.43,1.50
2012.02.24 06:02:04.459,1.59355,1.59394,1.43,2.48
2012.02.24 06:02:04.528,1.59355,1.59394,1.43,2.10
2012.02.24 06:02:06.943,1.59357,1.59397,1.50,2.03
2012.02.24 06:02:07.240,1.59357,1.59397,2.93,1.43
2012.02.24 06:02:08.181,1.59362,1.59397,2.25,1.43
2012.02.24 06:02:08.245,1.59357,1.59398,2.25,1.43
2012.02.24 06:02:09.787,1.59356,1.59398,2.18,1.43
2012.02.24 06:02:10.012,1.59356,1.59396,2.18,1.43
2012.02.24 06:02:11.736,1.59356,1.59394,1.43,1.50
2012.02.24 06:02:12.070,1.59356,1.59396,2.18,1.43
2012.02.24 06:02:12.511,1.5936,1.59396,1.50,1.43
2012.02.24 06:02:12.579,1.5936,1.59398,1.50,1.43
2012.02.24 06:02:15.008,1.5936,1.59398,2.25,1.43
2012.02.24 06:02:15.079,1.59366,1.59408,2.18,2.78
2012.02.24 06:02:15.537,1.59376,1.59414,1.43,1.05
2012.02.24 06:02:16.725,1.59376,1.59414,1.43,1.05
2012.02.24 06:02:17.260,1.59376,1.59414,1.43,1.05
2012.02.24 06:02:18.106,1.59376,1.59414,1.43,1.05
2012.02.24 06:02:21.412,1.59376,1.59414,1.43,2.55
2012.02.24 06:02:23.080,1.59375,1.59414,1.43,2.55
2012.02.24 06:02:24.638,1.59364,1.59407,1.43,1.43
2012.02.24 06:02:24.707,1.59364,1.59407,2.18,1.43
2012.02.24 06:02:25.012,1.59374,1.5941,1.43,1.65
2012.02.24 06:02:25.691,1.59369,1.59408,1.43,1.50
2012.02.24 06:02:25.758,1.59371,1.59408,1.43,1.50
2012.02.24 06:02:26.381,1.59374,1.59414,1.43,2.55
2012.02.24 06:02:26.738,1.59374,1.59409,1.43,1.50
2012.02.24 06:02:26.868,1.59364,1.59407,2.18,1.43
2012.02.24 06:02:26.939,1.59387,1.59407,1.35,1.43
2012.02.24 06:02:27.066,1.59412,1.59443,1.43,1.50
2012.02.24 06:02:27.141,1.59412,1.59439,1.43,1.50
2012.02.24 06:02:27.329,1.59403,1.59435,1.43,1.50
2012.02.24 06:02:28.701,1.59403,1.59444,1.43,3.68
2012.02.24 06:02:29.315,1.59401,1.59437,1.43,1.50
2012.02.24 06:02:32.791,1.59403,1.59437,1.43,1.50
2012.02.24 06:02:33.536,1.59406,1.59437,1.43,1.50
2012.02.24 06:02:33.611,1.59402,1.59443,1.43,1.50
2012.02.24 06:02:35.878,1.59402,1.59442,1.43,1.50
2012.02.24 06:02:39.438,1.59402,1.59434,1.43,1.50
2012.02.24 06:02:39.657,1.59396,1.59434,1.43,1.50
2012.02.24 06:02:41.534,1.59391,1.59432,1.43,1.43
2012.02.24 06:02:43.688,1.59392,1.59434,1.43,4.28
2012.02.24 06:02:45.551,1.59396,1.59434,1.43,1.50
2012.02.24 06:02:47.777,1.59393,1.59433,1.43,1.43
2012.02.24 06:02:54.948,1.59395,1.59434,1.43,1.50
2012.02.24 06:02:55.258,1.59401,1.59441,1.43,2.10
2012.02.24 06:02:55.902,1.59403,1.5944,1.43,1.50
2012.02.24 06:03:00.640,1.59422,1.59463,1.43,2.18
2012.02.24 06:03:00.958,1.59428,1.59467,1.43,2.25
2012.02.24 06:03:01.093,1.59418,1.59458,1.43,2.25
2012.02.24 06:03:01.216,1.59418,1.59458,1.43,2.25
2012.02.24 06:03:01.587,1.59409,1.59449,1.43,2.18
2012.02.24 06:03:02.028,1.59409,1.59441,1.43,1.50
2012.02.24 06:03:03.471,1.59408,1.59441,1.43,1.50
2012.02.24 06:03:04.750,1.59408,1.59441,1.43,2.25
2012.02.24 06:03:04.910,1.59408,1.59441,1.43,1.50
2012.02.24 06:03:04.978,1.59408,1.59435,1.43,1.50
2012.02.24 06:03:05.120,1.59398,1.59435,1.43,1.50
2012.02.24 06:03:05.307,1.59398,1.59435,1.43,2.25
2012.02.24 06:03:05.438,1.59398,1.59435,1.43,1.50
2012.02.24 06:03:05.525,1.59398,1.59435,1.43,2.25
2012.02.24 06:03:06.498,1.59398,1.59435,1.43,1.50
2012.02.24 06:03:07.401,1.59396,1.59435,1.43,1.50
2012.02.24 06:03:10.191,1.59396,1.59435,1.43,2.25
2012.02.24 06:03:11.356,1.59397,1.59435,1.43,2.25
2012.02.24 06:03:12.488,1.59399,1.59435,1.43,1.50
2012.02.24 06:03:13.245,1.59375,1.59415,2.18,1.50
2012.02.24 06:03:13.318,1.59375,1.59423,2.18,1.50
2012.02.24 06:03:13.670,1.59381,1.59424,1.50,1.43
2012.02.24 06:03:14.098,1.59376,1.59423,2.25,1.50
2012.02.24 06:03:14.381,1.59375,1.59417,2.18,1.50
2012.02.24 06:03:15.611,1.59375,1.59412,2.18,1.50
2012.02.24 06:03:16.000,1.59375,1.59412,1.43,1.50
2012.02.24 06:03:17.000,1.59374,1.59412,1.43,1.50
2012.02.24 06:03:17.071,1.59374,1.59416,1.43,1.50
2012.02.24 06:03:17.141,1.59374,1.59416,2.18,1.50
2012.02.24 06:03:18.065,1.59374,1.59421,2.25,1.50
2012.02.24 06:03:18.616,1.59374,1.59421,1.50,1.50
2012.02.24 06:03:20.041,1.59374,1.59421,2.25,1.50
2012.02.24 06:03:20.753,1.59376,1.59416,2.18,1.50
2012.02.24 06:03:20.822,1.59376,1.59421,2.18,1.50
2012.02.24 06:03:21.259,1.59381,1.59421,1.43,1.50
2012.02.24 06:03:23.047,1.59377,1.5942,1.43,1.43
2012.02.24 06:03:23.129,1.59384,1.5941,2.18,1.50
2012.02.24 06:03:23.384,1.59369,1.5941,1.43,1.50
2012.02.24 06:03:23.761,1.59382,1.59416,1.43,1.50
2012.02.24 06:03:23.893,1.59371,1.59415,1.43,1.43
2012.02.24 06:03:24.018,1.59375,1.59416,1.43,1.50
2012.02.24 06:03:24.927,1.59378,1.59416,1.43,1.50
2012.02.24 06:03:25.254,1.59385,1.59421,1.43,1.50
2012.02.24 06:03:25.873,1.59374,1.59417,1.43,1.50
2012.02.24 06:03:25.940,1.59374,1.59417,1.43,2.25
2012.02.24 06:03:26.011,1.59374,1.59417,1.43,1.50
2012.02.24 06:03:26.933,1.59384,1.59417,1.43,1.50
2012.02.24 06:03:27.070,1.59374,1.59417,2.18,1.50
2012.02.24 06:03:27.257,1.59374,1.59417,1.43,1.50
2012.02.24 06:03:27.386,1.59372,1.59417,1.43,1.50
2012.02.24 06:03:27.460,1.59372,1.59417,1.43,2.25
2012.02.24 06:03:27.800,1.59377,1.59417,1.43,2.25
2012.02.24 06:03:27.958,1.59377,1.59417,1.43,1.50
2012.02.24 06:03:28.982,1.59376,1.59417,1.43,1.50
2012.02.24 06:03:29.050,1.59376,1.59417,1.43,2.25
2012.02.24 06:03:29.119,1.59376,1.59417,1.43,1.50
2012.02.24 06:03:30.566,1.59378,1.59417,1.43,1.50
2012.02.24 06:03:30.983,1.59376,1.59417,1.43,1.50
2012.02.24 06:03:31.769,1.59377,1.59417,1.43,1.50
2012.02.24 06:03:32.797,1.59375,1.59415,1.43,1.43
2012.02.24 06:03:33.131,1.59375,1.59412,1.43,1.50
2012.02.24 06:03:33.256,1.59373,1.59412,1.43,1.50
2012.02.24 06:03:33.820,1.59373,1.59414,1.43,2.18
2012.02.24 06:03:33.889,1.59375,1.59417,1.43,1.43
2012.02.24 06:03:33.957,1.59379,1.59418,1.43,1.50
2012.02.24 06:03:34.297,1.59381,1.59418,1.43,1.50
2012.02.24 06:03:36.557,1.59381,1.59423,1.43,3.53
2012.02.24 06:03:36.729,1.59381,1.59423,1.43,2.93
2012.02.24 06:03:39.982,1.59381,1.59417,1.43,1.50
2012.02.24 06:03:40.719,1.59376,1.59416,1.43,1.43
2012.02.24 06:03:40.846,1.59381,1.59417,1.43,1.50
2012.02.24 06:03:43.647,1.59381,1.59422,1.43,1.50
2012.02.24 06:03:45.784,1.59381,1.59417,1.43,1.50
2012.02.24 06:03:51.418,1.59384,1.59417,1.43,1.50
2012.02.24 06:03:54.025,1.59384,1.59423,1.43,1.50
2012.02.24 06:03:54.956,1.59384,1.59418,1.43,1.50
2012.02.24 06:03:55.468,1.5938,1.59418,1.73,1.50
2012.02.24 06:03:55.538,1.5938,1.59418,1.43,1.50
2012.02.24 06:03:56.225,1.5938,1.59417,1.43,1.50
2012.02.24 06:03:56.292,1.59375,1.59411,1.43,1.50
2012.02.24 06:03:56.997,1.59375,1.59405,1.43,1.50
2012.02.24 06:03:57.125,1.59366,1.59405,1.43,1.50
2012.02.24 06:03:58.779,1.59366,1.59398,1.43,1.50
2012.02.24 06:03:58.846,1.59356,1.59398,2.18,2.93
2012.02.24 06:03:59.118,1.59365,1.59404,1.43,1.50
2012.02.24 06:03:59.246,1.59365,1.59408,1.43,1.43
2012.02.24 06:03:59.316,1.59357,1.59397,2.18,1.43
2012.02.24 06:04:00.837,1.59363,1.59406,1.43,1.43
2012.02.24 06:04:02.170,1.59355,1.59395,2.78,1.43
2012.02.24 06:04:02.417,1.5936,1.59402,1.43,1.43
2012.02.24 06:04:02.726,1.59362,1.59402,1.43,1.43
2012.02.24 06:04:03.319,1.59362,1.59398,1.43,1.05
2012.02.24 06:04:03.397,1.59343,1.5939,1.48,1.43
2012.02.24 06:04:03.590,1.59353,1.59393,1.43,1.43
2012.02.24 06:04:06.745,1.59351,1.59392,1.43,1.43
2012.02.24 06:04:15.428,1.59351,1.59392,2.18,1.43
2012.02.24 06:04:18.707,1.59348,1.59387,2.25,1.43
2012.02.24 06:04:18.780,1.59351,1.59402,2.18,2.03
2012.02.24 06:04:19.408,1.59354,1.59399,2.25,2.03
2012.02.24 06:04:19.587,1.59354,1.59401,2.25,2.03
2012.02.24 06:04:20.233,1.59354,1.59401,2.25,2.03
2012.02.24 06:04:21.409,1.59354,1.59401,2.25,1.43
2012.02.24 06:04:22.422,1.59352,1.59401,1.43,1.43
2012.02.24 06:04:23.037,1.59349,1.59386,1.50,1.43
2012.02.24 06:04:23.105,1.59351,1.59402,2.18,1.43
2012.02.24 06:04:23.237,1.59356,1.594,1.50,1.43
2012.02.24 06:04:23.367,1.59351,1.594,1.50,1.43
2012.02.24 06:04:28.245,1.59349,1.594,1.43,1.43
2012.02.24 06:04:29.667,1.59349,1.594,2.16,1.43
2012.02.24 06:04:29.977,1.59354,1.59403,1.43,1.43
2012.02.24 06:04:31.565,1.5935,1.59399,2.16,1.43
2012.02.24 06:04:31.891,1.5935,1.59399,1.43,2.03
2012.02.24 06:04:32.020,1.59346,1.59392,1.48,1.43
2012.02.24 06:04:33.072,1.59346,1.59393,1.48,2.03
2012.02.24 06:04:33.150,1.59349,1.59398,2.98,1.43
2012.02.24 06:04:33.336,1.5935,1.594,1.48,1.43
2012.02.24 06:04:33.866,1.59354,1.59401,1.48,1.43
2012.02.24 06:04:34.001,1.59349,1.59398,2.25,1.43
2012.02.24 06:04:35.640,1.5935,1.59399,2.16,1.43
2012.02.24 06:04:35.712,1.5935,1.59399,2.16,1.43
2012.02.24 06:04:36.187,1.59354,1.59399,1.48,1.43
2012.02.24 06:04:36.317,1.59346,1.59394,1.48,1.43
2012.02.24 06:04:36.451,1.59346,1.59392,1.48,1.43
2012.02.24 06:04:36.869,1.59347,1.59398,2.18,1.43
2012.02.24 06:04:37.185,1.59347,1.59398,2.91,1.43
2012.02.24 06:04:37.775,1.59349,1.594,2.16,1.43
2012.02.24 06:04:37.854,1.59344,1.59386,1.43,1.43
2012.02.24 06:04:38.325,1.59344,1.59386,2.18,1.43
2012.02.24 06:04:38.766,1.59344,1.59384,2.18,1.43
2012.02.24 06:04:38.956,1.59344,1.59384,1.43,1.43
2012.02.24 06:04:39.180,1.59344,1.59384,2.18,1.43
2012.02.24 06:04:39.519,1.59352,1.59384,1.50,1.43
2012.02.24 06:04:39.586,1.59352,1.59397,1.50,2.03
2012.02.24 06:04:40.639,1.59352,1.59397,1.50,1.43
2012.02.24 06:04:41.428,1.59356,1.59397,1.50,1.43
2012.02.24 06:04:44.561,1.59351,1.59397,1.50,1.43
2012.02.24 06:04:44.855,1.59351,1.59397,2.23,1.43
2012.02.24 06:04:45.647,1.59351,1.59397,2.23,2.03
2012.02.24 06:04:45.959,1.5934,1.59375,1.50,1.43
2012.02.24 06:04:46.146,1.5935,1.59394,1.11,1.50
2012.02.24 06:04:46.472,1.59358,1.59398,1.50,1.43
2012.02.24 06:04:48.340,1.59358,1.59398,1.50,2.18
2012.02.24 06:04:48.410,1.59351,1.59398,2.23,3.68
2012.02.24 06:04:48.480,1.5935,1.59385,1.11,1.43
2012.02.24 06:04:48.609,1.59344,1.59384,2.23,1.43
2012.02.24 06:04:50.806,1.59344,1.59384,3.66,1.43
2012.02.24 06:04:52.465,1.59344,1.59384,3.66,1.43
2012.02.24 06:04:52.776,1.59349,1.59384,1.50,1.43
2012.02.24 06:04:54.267,1.59344,1.59384,2.16,1.43
2012.02.24 06:04:54.340,1.59344,1.59384,2.16,1.43
2012.02.24 06:04:54.408,1.59348,1.59387,2.23,1.43
2012.02.24 06:04:54.597,1.59348,1.59385,2.23,1.43
2012.02.24 06:04:54.666,1.59348,1.59385,1.50,1.43
2012.02.24 06:04:55.599,1.59348,1.59384,1.50,1.43
2012.02.24 06:04:56.043,1.59348,1.59387,1.50,1.43
2012.02.24 06:04:56.113,1.59348,1.59387,2.23,1.43
2012.02.24 06:04:56.466,1.59348,1.59389,2.23,1.43
2012.02.24 06:04:56.700,1.59349,1.59389,1.48,1.43
2012.02.24 06:04:57.701,1.59355,1.59389,1.50,1.43
2012.02.24 06:04:57.776,1.5935,1.59386,2.23,1.43
2012.02.24 06:04:59.428,1.59354,1.59386,1.50,1.43
2012.02.24 06:04:59.998,1.59354,1.59385,1.50,1.43
2012.02.24 06:05:04.349,1.5935,1.59385,1.50,1.43
2012.02.24 06:05:05.088,1.59344,1.59385,2.25,1.43
2012.02.24 06:05:05.167,1.59338,1.59378,1.50,2.03
2012.02.24 06:05:05.662,1.59338,1.59385,2.25,1.80
2012.02.24 06:05:05.733,1.59343,1.59383,2.25,1.43
2012.02.24 06:05:05.863,1.59349,1.59383,1.50,1.43
2012.02.24 06:05:06.049,1.59349,1.59385,1.50,1.43
2012.02.24 06:05:07.806,1.59349,1.59381,1.50,1.43
2012.02.24 06:05:08.138,1.59356,1.59381,2.25,1.43
2012.02.24 06:05:08.531,1.59362,1.59394,1.50,1.43
2012.02.24 06:05:09.071,1.59362,1.59395,1.50,1.43
2012.02.24 06:05:10.101,1.59368,1.59399,1.50,1.43
2012.02.24 06:05:10.176,1.59368,1.59409,1.50,1.43
2012.02.24 06:05:10.255,1.59368,1.59406,1.50,1.43
2012.02.24 06:05:10.649,1.59368,1.59408,1.50,1.43
2012.02.24 06:05:10.839,1.59364,1.59408,1.50,1.43
2012.02.24 06:05:11.601,1.59364,1.59407,1.50,1.43
2012.02.24 06:05:12.488,1.59364,1.59406,1.50,1.43
2012.02.24 06:05:13.681,1.59364,1.59406,2.25,1.43
2012.02.24 06:05:14.208,1.59373,1.59407,1.50,1.43
2012.02.24 06:05:14.277,1.59368,1.59409,1.50,1.43
2012.02.24 06:05:23.302,1.59372,1.59409,2.25,1.43
2012.02.24 06:05:23.375,1.59376,1.59421,1.48,1.50
2012.02.24 06:05:23.452,1.59379,1.59424,1.50,2.18
2012.02.24 06:05:23.580,1.59375,1.59424,1.50,3.68
2012.02.24 06:05:24.198,1.59381,1.59424,1.50,2.18
2012.02.24 06:05:24.688,1.59376,1.59423,1.50,2.25
2012.02.24 06:05:25.597,1.59381,1.59426,1.50,2.18
2012.02.24 06:05:26.777,1.59381,1.59426,1.50,1.43
2012.02.24 06:05:27.238,1.59381,1.59427,2.25,1.43
2012.02.24 06:05:27.374,1.59381,1.59427,1.50,1.43
2012.02.24 06:05:31.941,1.59381,1.59427,1.50,2.18
2012.02.24 06:05:33.409,1.59376,1.59423,1.50,1.50
2012.02.24 06:05:34.129,1.5938,1.59426,1.50,2.18
2012.02.24 06:05:36.457,1.59376,1.59423,2.23,1.50
2012.02.24 06:05:37.305,1.59373,1.59419,1.48,1.50
2012.02.24 06:05:40.457,1.59377,1.59422,2.25,1.43
2012.02.24 06:05:40.527,1.59377,1.59424,2.25,1.43
2012.02.24 06:05:41.208,1.59372,1.59419,2.23,1.50
2012.02.24 06:05:41.410,1.59372,1.59419,2.23,1.50
2012.02.24 06:05:45.865,1.59372,1.59419,2.23,1.50
2012.02.24 06:05:46.077,1.59374,1.59419,1.11,2.25
2012.02.24 06:05:46.145,1.59374,1.59419,1.11,1.50
2012.02.24 06:05:47.220,1.59387,1.59424,1.11,1.43
2012.02.24 06:05:47.351,1.5939,1.59431,1.11,1.50
2012.02.24 06:05:47.424,1.5939,1.59431,1.11,1.50
2012.02.24 06:05:48.058,1.59395,1.59441,2.23,2.93
2012.02.24 06:05:48.138,1.59403,1.59447,1.11,1.50
2012.02.24 06:05:48.328,1.594,1.59447,2.23,2.25
2012.02.24 06:05:48.399,1.59408,1.59455,1.50,2.25
2012.02.24 06:05:48.807,1.59402,1.59449,1.50,1.50
2012.02.24 06:05:48.880,1.59397,1.59444,2.23,1.50
2012.02.24 06:05:48.950,1.59397,1.59444,2.23,1.50
2012.02.24 06:05:49.325,1.59391,1.5944,2.23,1.50
2012.02.24 06:05:49.453,1.59391,1.5944,2.23,1.50
2012.02.24 06:05:50.144,1.59391,1.5944,2.23,1.50
2012.02.24 06:05:50.207,1.59396,1.59445,2.23,2.25
2012.02.24 06:05:50.281,1.59402,1.59449,1.50,1.88
2012.02.24 06:05:50.651,1.59402,1.59438,1.50,1.13
2012.02.24 06:05:50.718,1.59391,1.59436,1.11,2.25
2012.02.24 06:05:50.790,1.59391,1.5943,1.11,1.50
2012.02.24 06:05:50.916,1.59383,1.59419,1.50,1.43
2012.02.24 06:05:51.988,1.59383,1.5942,1.50,1.43
2012.02.24 06:05:52.860,1.59383,1.5942,2.25,1.43
2012.02.24 06:05:52.932,1.59383,1.5942,1.50,1.43
2012.02.24 06:05:53.497,1.59388,1.5942,1.50,1.43
2012.02.24 06:05:54.691,1.59381,1.5942,1.50,1.43
2012.02.24 06:05:55.241,1.59381,1.5942,2.25,1.43
2012.02.24 06:05:56.048,1.59384,1.59418,1.48,1.43
2012.02.24 06:05:56.127,1.59405,1.59446,1.50,2.78
2012.02.24 06:05:56.280,1.59411,1.59446,1.50,2.03
2012.02.24 06:05:56.693,1.59411,1.59446,1.50,1.43
2012.02.24 06:05:56.942,1.59407,1.59446,1.50,1.43
2012.02.24 06:05:57.067,1.59402,1.59446,1.50,1.43
2012.02.24 06:05:57.651,1.59409,1.59447,1.50,1.80
2012.02.24 06:05:58.796,1.59409,1.59446,1.50,1.43
2012.02.24 06:05:59.121,1.59405,1.59447,1.50,1.80
2012.02.24 06:05:59.192,1.59398,1.59445,1.50,1.50
2012.02.24 06:05:59.787,1.59402,1.59447,1.50,2.55
2012.02.24 06:06:01.108,1.59398,1.59444,1.50,2.18
2012.02.24 06:06:02.177,1.59405,1.59444,1.50,2.18
2012.02.24 06:06:03.678,1.59405,1.59444,1.50,2.18
2012.02.24 06:06:05.162,1.59405,1.59444,1.50,1.43
2012.02.24 06:06:05.562,1.5941,1.59444,1.50,1.43
2012.02.24 06:06:07.576,1.59404,1.59444,1.50,1.43
2012.02.24 06:06:08.037,1.59399,1.59444,1.11,1.43
2012.02.24 06:06:08.618,1.59399,1.59444,1.11,2.18
2012.02.24 06:06:09.426,1.59399,1.59444,1.11,1.43
2012.02.24 06:06:09.785,1.59399,1.59441,1.11,1.50
2012.02.24 06:06:10.701,1.59399,1.59441,1.11,1.50
2012.02.24 06:06:10.767,1.59399,1.59444,2.61,1.43
2012.02.24 06:06:15.266,1.59406,1.59444,1.50,2.18
2012.02.24 06:06:16.065,1.59406,1.59453,1.50,1.50
2012.02.24 06:06:16.130,1.59406,1.59455,1.50,2.25
2012.02.24 06:06:20.668,1.59406,1.59455,2.23,2.25
2012.02.24 06:06:22.715,1.59403,1.59449,1.11,1.50
2012.02.24 06:06:25.109,1.59404,1.59444,1.11,1.50
2012.02.24 06:06:25.236,1.59397,1.59444,2.23,1.50
2012.02.24 06:06:25.689,1.59397,1.59444,2.23,1.50
2012.02.24 06:06:27.403,1.59393,1.59437,1.11,1.50
2012.02.24 06:06:27.469,1.59394,1.59443,2.23,1.50
2012.02.24 06:06:28.070,1.59394,1.59443,2.23,1.50
2012.02.24 06:06:28.139,1.59399,1.59448,2.23,1.50
2012.02.24 06:06:29.010,1.59393,1.59442,2.61,1.50
2012.02.24 06:06:29.080,1.59399,1.59448,1.50,1.50
2012.02.24 06:06:29.448,1.59395,1.59442,2.23,1.50
2012.02.24 06:06:31.118,1.594,1.59447,1.50,1.50
2012.02.24 06:06:31.437,1.59406,1.59455,1.50,1.13
2012.02.24 06:06:31.759,1.59411,1.59458,1.50,1.80
2012.02.24 06:06:32.071,1.59417,1.59454,1.50,1.50
2012.02.24 06:06:32.446,1.59412,1.59451,1.50,1.80
2012.02.24 06:06:33.251,1.59412,1.59449,1.50,2.18
2012.02.24 06:06:33.322,1.59407,1.59449,1.50,2.18
2012.02.24 06:06:35.336,1.59407,1.59451,1.50,2.18
2012.02.24 06:06:35.612,1.59401,1.59448,1.50,2.25
2012.02.24 06:06:37.836,1.59401,1.59448,2.23,2.25
2012.02.24 06:06:39.709,1.59407,1.5945,1.13,1.43
2012.02.24 06:06:39.777,1.5941,1.5945,2.23,1.43
2012.02.24 06:06:40.029,1.59411,1.59459,1.48,2.25
2012.02.24 06:06:40.098,1.5941,1.59459,2.23,2.25
2012.02.24 06:06:40.228,1.59405,1.59454,2.23,2.25
2012.02.24 06:06:40.300,1.59399,1.59441,1.11,1.50
2012.02.24 06:06:40.367,1.59399,1.59441,1.11,1.50
2012.02.24 06:06:40.440,1.59402,1.59449,2.23,1.50
2012.02.24 06:06:40.509,1.59406,1.59449,1.48,1.50
2012.02.24 06:06:41.073,1.59407,1.59449,1.11,1.50
2012.02.24 06:06:41.519,1.59406,1.59453,2.98,1.43
2012.02.24 06:06:41.589,1.59407,1.59455,1.11,1.50
2012.02.24 06:06:42.196,1.59407,1.59455,1.11,1.50
2012.02.24 06:06:42.267,1.59406,1.59452,2.23,1.43
2012.02.24 06:06:42.590,1.5941,1.59447,1.11,1.50
2012.02.24 06:06:43.720,1.59409,1.59455,1.11,2.25
2012.02.24 06:06:43.761,1.59409,1.59455,1.11,2.25
2012.02.24 06:06:43.837,1.59401,1.59443,2.16,1.50
2012.02.24 06:06:43.910,1.59399,1.59441,1.11,1.43
2012.02.24 06:06:43.977,1.59395,1.59441,2.16,1.43
2012.02.24 06:06:44.049,1.59395,1.59433,2.16,1.50
2012.02.24 06:06:44.117,1.59386,1.59433,1.48,1.50
2012.02.24 06:06:44.308,1.59381,1.59426,2.16,1.50
2012.02.24 06:06:45.518,1.59379,1.59426,1.50,1.50
2012.02.24 06:06:45.587,1.59383,1.59432,1.50,1.50
2012.02.24 06:06:46.681,1.59383,1.59432,2.25,1.50
2012.02.24 06:06:46.809,1.59388,1.59437,1.50,1.50
2012.02.24 06:06:46.877,1.59394,1.59443,1.50,2.63
2012.02.24 06:06:47.382,1.59394,1.59443,2.25,1.88
2012.02.24 06:06:47.452,1.59394,1.59443,1.50,1.88
2012.02.24 06:06:47.521,1.59389,1.59437,1.50,1.50
2012.02.24 06:06:49.870,1.59389,1.59434,1.50,1.50
2012.02.24 06:06:50.001,1.59377,1.59415,2.23,1.43
2012.02.24 06:06:50.251,1.59382,1.59431,1.50,2.25
2012.02.24 06:06:50.378,1.59382,1.59431,1.50,1.50
2012.02.24 06:06:50.448,1.59388,1.59434,1.50,1.35
2012.02.24 06:06:51.038,1.59388,1.59435,1.50,2.25
2012.02.24 06:06:51.179,1.59393,1.59442,1.50,1.88
2012.02.24 06:06:51.589,1.59393,1.59442,1.50,2.25
2012.02.24 06:06:51.759,1.59382,1.59429,1.50,1.88
2012.02.24 06:06:51.829,1.59382,1.59418,1.50,1.43
2012.02.24 06:06:51.958,1.59375,1.59418,3.68,1.43
2012.02.24 06:06:52.089,1.59375,1.59417,2.18,2.10
2012.02.24 06:06:52.289,1.5937,1.5941,1.50,2.03
2012.02.24 06:06:52.582,1.59368,1.5941,1.43,2.03
2012.02.24 06:06:53.189,1.59365,1.59406,1.50,1.43
2012.02.24 06:06:53.507,1.59357,1.59397,2.25,1.43
2012.02.24 06:06:53.641,1.59364,1.59406,3.68,2.03
2012.02.24 06:06:54.933,1.59364,1.59401,1.50,1.43
2012.02.24 06:06:55.617,1.59364,1.59401,2.10,1.43
2012.02.24 06:06:55.699,1.59381,1.5942,1.50,1.35
2012.02.24 06:06:55.832,1.59375,1.59421,1.50,1.35
2012.02.24 06:06:56.142,1.59371,1.59418,1.43,2.10
2012.02.24 06:06:56.269,1.59375,1.59418,1.43,2.10
2012.02.24 06:06:56.581,1.59375,1.59423,1.43,1.50
2012.02.24 06:06:56.991,1.59375,1.59423,1.43,2.25
2012.02.24 06:06:57.059,1.5937,1.59413,1.43,2.18
2012.02.24 06:06:57.724,1.59372,1.59414,1.43,2.18
2012.02.24 06:06:58.521,1.59372,1.5941,1.43,1.65
2012.02.24 06:06:58.591,1.59362,1.59404,1.43,1.43
2012.02.24 06:06:58.720,1.59368,1.59404,1.50,1.43
2012.02.24 06:06:58.850,1.59373,1.59413,1.43,1.43
2012.02.24 06:07:01.048,1.59377,1.59418,1.43,2.48
2012.02.24 06:07:01.358,1.59381,1.59421,1.43,3.38
2012.02.24 06:07:01.608,1.59385,1.59426,1.43,2.85
2012.02.24 06:07:01.878,1.59386,1.59428,1.43,2.18
2012.02.24 06:07:01.972,1.59386,1.59428,1.43,1.58
2012.02.24 06:07:02.141,1.59385,1.59422,1.50,1.43
2012.02.24 06:07:02.214,1.59381,1.59422,1.50,1.43
2012.02.24 06:07:02.835,1.59386,1.59424,1.43,1.35
2012.02.24 06:07:02.917,1.59373,1.59418,1.43,3.53
2012.02.24 06:07:02.991,1.59373,1.59418,2.18,3.53
2012.02.24 06:07:03.519,1.59376,1.59417,1.43,2.03
2012.02.24 06:07:03.587,1.59374,1.59416,1.43,2.03
2012.02.24 06:07:03.807,1.59374,1.59418,2.18,3.53
2012.02.24 06:07:05.783,1.59381,1.59418,1.43,1.50
2012.02.24 06:07:05.854,1.5938,1.59422,1.43,2.10
2012.02.24 06:07:06.367,1.59381,1.59422,1.50,1.35
2012.02.24 06:07:06.452,1.59381,1.59424,1.50,2.78
2012.02.24 06:07:06.579,1.5938,1.59419,1.43,1.50
2012.02.24 06:07:07.810,1.5938,1.59423,1.43,1.35
2012.02.24 06:07:08.902,1.59382,1.59423,1.43,1.35
2012.02.24 06:07:09.467,1.59389,1.59423,1.50,1.35
2012.02.24 06:07:09.659,1.59389,1.59424,1.50,1.43
2012.02.24 06:07:09.735,1.59395,1.59443,1.43,1.65
2012.02.24 06:07:09.800,1.59395,1.59443,1.43,2.40
2012.02.24 06:07:09.930,1.59396,1.59443,1.43,1.50
2012.02.24 06:07:10.728,1.59399,1.59448,1.50,3.68
2012.02.24 06:07:11.484,1.59404,1.59452,1.50,1.43
2012.02.24 06:07:11.879,1.59404,1.59452,1.50,2.18
2012.02.24 06:07:12.186,1.59388,1.5943,1.43,1.43
2012.02.24 06:07:12.769,1.59391,1.5943,1.50,1.43
2012.02.24 06:07:13.082,1.59396,1.59433,1.50,1.20
2012.02.24 06:07:13.390,1.59407,1.5945,1.43,2.10
2012.02.24 06:07:15.900,1.59408,1.5945,1.43,1.50
2012.02.24 06:07:16.430,1.59407,1.5945,1.43,1.50
2012.02.24 06:07:19.851,1.59403,1.5945,1.50,1.50
2012.02.24 06:07:20.365,1.59404,1.5945,1.43,1.50
2012.02.24 06:07:21.190,1.59404,1.5945,1.43,2.25
2012.02.24 06:07:21.381,1.59391,1.59432,1.43,2.93
2012.02.24 06:07:22.752,1.59393,1.59434,1.43,1.35
2012.02.24 06:07:23.678,1.59394,1.59436,1.43,2.33
2012.02.24 06:07:25.380,1.59389,1.59427,1.50,1.43
2012.02.24 06:07:25.511,1.59386,1.59427,2.18,1.43
2012.02.24 06:07:26.769,1.59386,1.59427,1.43,1.43
2012.02.24 06:07:28.187,1.59385,1.59426,1.43,1.43
2012.02.24 06:07:29.066,1.59385,1.59426,2.18,1.43
2012.02.24 06:07:29.139,1.59385,1.59426,2.18,2.03
2012.02.24 06:07:29.403,1.59376,1.59414,2.25,1.43
2012.02.24 06:07:29.535,1.59383,1.59421,1.50,1.73
2012.02.24 06:07:29.659,1.59388,1.59431,1.43,1.58
2012.02.24 06:07:30.384,1.59386,1.59431,1.43,2.33
2012.02.24 06:07:31.221,1.59402,1.59431,1.50,2.33
2012.02.24 06:07:31.528,1.59416,1.59443,1.43,1.50
2012.02.24 06:07:31.657,1.59416,1.59454,1.43,1.35
2012.02.24 06:07:31.727,1.59416,1.59458,1.43,3.68
2012.02.24 06:07:32.189,1.59416,1.59457,2.93,1.43
2012.02.24 06:07:32.258,1.59424,1.59464,1.50,1.35
2012.02.24 06:07:32.926,1.59424,1.59471,2.25,3.23
2012.02.24 06:07:33.004,1.59438,1.59478,1.43,2.10
2012.02.24 06:07:33.644,1.59438,1.59484,1.43,2.70
2012.02.24 06:07:33.707,1.59438,1.59484,1.43,2.25
2012.02.24 06:07:34.440,1.59438,1.59478,1.43,1.50
2012.02.24 06:07:34.668,1.59434,1.59477,1.43,1.43
2012.02.24 06:07:34.740,1.59434,1.59472,1.43,1.50
2012.02.24 06:07:37.538,1.59434,1.59472,1.43,2.25
2012.02.24 06:07:37.670,1.59432,1.59467,1.43,2.25
2012.02.24 06:07:37.860,1.59426,1.59467,1.43,2.25
2012.02.24 06:07:37.989,1.59417,1.59459,1.43,1.43
2012.02.24 06:07:38.755,1.59416,1.59456,1.43,1.50
2012.02.24 06:07:38.828,1.59412,1.59456,1.43,2.25
2012.02.24 06:07:40.220,1.59412,1.59451,1.43,1.05
2012.02.24 06:07:40.406,1.59404,1.59445,1.43,1.35
2012.02.24 06:07:40.537,1.59404,1.5944,1.43,1.50
2012.02.24 06:07:40.607,1.59391,1.5944,1.50,1.50
2012.02.24 06:07:40.998,1.59391,1.5944,2.25,1.50
2012.02.24 06:07:41.572,1.59391,1.5944,1.50,1.50
2012.02.24 06:07:41.645,1.59412,1.59451,1.43,1.50
2012.02.24 06:07:44.296,1.59412,1.59455,1.43,2.25
2012.02.24 06:07:45.347,1.59408,1.59441,1.50,1.43
2012.02.24 06:07:45.424,1.59396,1.59441,1.50,2.03
2012.02.24 06:07:45.488,1.59391,1.59434,1.50,1.35
2012.02.24 06:07:45.622,1.59391,1.59427,1.50,1.43
2012.02.24 06:07:46.408,1.59385,1.59427,1.43,1.43
2012.02.24 06:07:47.943,1.59385,1.59427,2.18,1.43
2012.02.24 06:07:49.112,1.59385,1.59427,1.43,1.43
2012.02.24 06:07:51.728,1.59388,1.59435,2.25,2.40
2012.02.24 06:07:52.060,1.59399,1.59439,1.50,1.80
2012.02.24 06:07:52.278,1.59404,1.59443,1.43,1.05
2012.02.24 06:07:52.488,1.59392,1.59439,2.25,1.50
2012.02.24 06:07:52.560,1.59392,1.59439,1.50,1.50
2012.02.24 06:07:53.442,1.59389,1.59434,1.43,1.50
2012.02.24 06:07:53.899,1.59391,1.5944,1.50,2.93
2012.02.24 06:07:54.029,1.59403,1.5944,1.43,1.50
2012.02.24 06:07:55.548,1.59399,1.59439,1.43,1.43
2012.02.24 06:07:56.440,1.59404,1.59444,1.43,1.58
2012.02.24 06:07:56.753,1.59418,1.59449,1.43,1.50
2012.02.24 06:07:56.822,1.59418,1.59456,1.43,1.50
2012.02.24 06:07:57.067,1.59418,1.5946,1.43,1.43
2012.02.24 06:07:57.198,1.59418,1.59456,1.43,1.50
2012.02.24 06:07:57.509,1.59422,1.59456,1.43,1.50
2012.02.24 06:07:57.578,1.59419,1.59456,1.43,1.50
2012.02.24 06:07:57.646,1.59424,1.59456,1.43,1.50
2012.02.24 06:07:58.131,1.59418,1.59456,1.43,1.50
2012.02.24 06:07:58.792,1.59422,1.59464,1.43,2.25
2012.02.24 06:07:59.440,1.59429,1.5946,1.43,1.50
2012.02.24 06:08:00.404,1.5943,1.5946,1.43,1.50
2012.02.24 06:08:01.281,1.5943,1.59464,1.43,1.50
2012.02.24 06:08:06.256,1.59431,1.59464,1.43,2.85
2012.02.24 06:08:06.609,1.59429,1.59464,1.43,2.85
2012.02.24 06:08:08.132,1.59429,1.59458,1.43,1.50
2012.02.24 06:08:09.738,1.59429,1.59453,1.43,1.50
2012.02.24 06:08:10.021,1.59429,1.5946,1.43,1.50
2012.02.24 06:08:11.845,1.59426,1.5946,1.43,1.50
2012.02.24 06:08:13.770,1.59426,1.59468,1.43,2.25
2012.02.24 06:08:13.838,1.59426,1.59468,1.43,1.65
2012.02.24 06:08:16.995,1.5942,1.59462,1.43,1.50
2012.02.24 06:08:17.180,1.59412,1.59457,1.43,2.93
2012.02.24 06:08:17.428,1.59422,1.59457,1.43,1.50
2012.02.24 06:08:17.619,1.59419,1.59457,1.43,1.50
2012.02.24 06:08:17.748,1.59419,1.59462,1.43,2.10
2012.02.24 06:08:18.817,1.59419,1.59462,1.43,2.10
2012.02.24 06:08:19.187,1.59419,1.59462,2.18,2.10
2012.02.24 06:08:19.852,1.59438,1.59481,1.43,2.10
2012.02.24 06:08:19.926,1.59448,1.59482,1.43,1.50
2012.02.24 06:08:24.358,1.59434,1.59476,1.43,1.50
2012.02.24 06:08:25.528,1.59435,1.59476,1.43,1.50
2012.02.24 06:08:25.781,1.59435,1.59476,1.43,2.25
2012.02.24 06:08:26.090,1.59432,1.59469,1.43,1.50
2012.02.24 06:08:26.774,1.59435,1.59474,1.43,2.25
2012.02.24 06:08:26.846,1.59437,1.59474,1.43,2.25
2012.02.24 06:08:30.278,1.59437,1.59479,1.43,1.43
2012.02.24 06:08:30.482,1.59444,1.59479,1.50,1.43
2012.02.24 06:08:30.608,1.59444,1.59484,1.50,1.35
2012.02.24 06:08:30.800,1.59441,1.59488,1.43,1.50
2012.02.24 06:08:31.423,1.59441,1.59483,1.43,1.50
2012.02.24 06:08:31.900,1.59442,1.59491,1.50,1.50
2012.02.24 06:08:32.167,1.59457,1.59491,1.43,1.50
2012.02.24 06:08:33.000,1.59455,1.59491,1.43,1.50
2012.02.24 06:08:33.522,1.59454,1.59491,1.43,1.50
2012.02.24 06:08:33.668,1.59454,1.59491,1.43,2.25
2012.02.24 06:08:33.737,1.59454,1.59491,1.43,1.50
2012.02.24 06:08:33.929,1.59454,1.59491,1.43,2.25
2012.02.24 06:08:34.240,1.59442,1.59487,1.50,1.20
2012.02.24 06:08:34.309,1.59438,1.59483,1.43,1.50
2012.02.24 06:08:34.512,1.59438,1.59477,1.43,1.50
2012.02.24 06:08:35.490,1.59453,1.59477,1.43,1.50
2012.02.24 06:08:35.687,1.59453,1.59489,1.43,2.25
2012.02.24 06:08:35.757,1.59453,1.59489,1.43,1.50
2012.02.24 06:08:37.559,1.59453,1.59494,1.43,2.18
2012.02.24 06:08:38.806,1.59462,1.59496,1.43,3.23
2012.02.24 06:08:38.878,1.59453,1.59494,1.43,2.33
2012.02.24 06:08:39.126,1.59462,1.59496,1.43,2.25
2012.02.24 06:08:39.949,1.59462,1.59496,1.43,1.50
2012.02.24 06:08:40.018,1.59462,1.59503,1.43,2.85
2012.02.24 06:08:43.079,1.59457,1.59499,1.43,2.03
2012.02.24 06:08:43.147,1.59457,1.59497,1.43,1.50
2012.02.24 06:08:43.479,1.59456,1.59496,1.43,2.18
2012.02.24 06:08:43.728,1.59458,1.59499,1.43,2.03
2012.02.24 06:08:43.856,1.59456,1.59498,1.43,1.43
2012.02.24 06:08:44.940,1.59457,1.595,1.43,2.03
2012.02.24 06:08:45.129,1.59461,1.59501,1.43,2.03
2012.02.24 06:08:45.349,1.59458,1.59502,1.43,3.53
2012.02.24 06:08:46.441,1.59457,1.59502,1.43,3.53
2012.02.24 06:08:46.507,1.59457,1.59496,1.43,1.50
2012.02.24 06:08:47.366,1.59468,1.59501,1.43,2.10
2012.02.24 06:08:47.500,1.59468,1.59501,1.43,1.50
2012.02.24 06:08:47.816,1.59471,1.59501,1.43,1.50
2012.02.24 06:08:48.492,1.59468,1.59501,1.43,1.50
2012.02.24 06:08:53.928,1.59468,1.59507,1.43,1.50
2012.02.24 06:08:55.592,1.59468,1.59507,1.43,2.25
2012.02.24 06:08:55.661,1.59468,1.59507,1.43,1.50
2012.02.24 06:08:55.727,1.59463,1.59507,1.43,2.93
2012.02.24 06:08:55.911,1.59463,1.59507,1.43,3.68
2012.02.24 06:08:57.278,1.59462,1.59504,1.43,2.18
2012.02.24 06:08:57.642,1.59462,1.59498,1.43,1.50
2012.02.24 06:08:57.831,1.59462,1.59503,1.43,1.50
2012.02.24 06:08:57.902,1.59473,1.59503,1.43,1.50
2012.02.24 06:08:58.248,1.59475,1.59503,1.43,1.50
2012.02.24 06:08:58.320,1.59475,1.5951,1.43,1.50
2012.02.24 06:09:00.400,1.59475,1.59504,1.43,1.50
2012.02.24 06:09:00.879,1.59475,1.59513,1.43,2.85
2012.02.24 06:09:05.468,1.59475,1.59508,1.43,1.50
2012.02.24 06:09:09.728,1.59475,1.59508,1.43,2.25
2012.02.24 06:09:09.800,1.59475,1.59508,1.43,1.50
2012.02.24 06:09:10.380,1.59475,1.59508,1.43,2.25
2012.02.24 06:09:10.713,1.59475,1.59508,1.43,1.50
2012.02.24 06:09:11.752,1.59468,1.59508,2.16,1.50
2012.02.24 06:09:14.180,1.59468,1.59508,2.16,2.25
2012.02.24 06:09:14.486,1.59468,1.59502,2.16,1.50
2012.02.24 06:09:20.459,1.59468,1.59508,2.16,2.25
2012.02.24 06:09:21.429,1.59468,1.59508,2.16,1.50
2012.02.24 06:09:22.775,1.5947,1.59508,1.43,1.50
2012.02.24 06:09:23.270,1.59466,1.59505,1.11,1.43
2012.02.24 06:09:23.341,1.59463,1.59505,1.11,1.43
2012.02.24 06:09:23.408,1.5946,1.59505,1.11,1.43
2012.02.24 06:09:23.994,1.5946,1.59505,1.11,1.43
2012.02.24 06:09:24.332,1.59459,1.59502,1.11,1.50
2012.02.24 06:09:26.048,1.59459,1.59496,1.11,1.50
2012.02.24 06:09:26.856,1.59459,1.59496,1.11,1.50
2012.02.24 06:09:27.443,1.59454,1.59496,1.11,1.50
2012.02.24 06:09:29.856,1.59453,1.59496,1.43,1.50
2012.02.24 06:09:30.603,1.59455,1.59496,1.43,1.50
2012.02.24 06:09:30.978,1.59455,1.59501,1.43,1.50
2012.02.24 06:09:33.147,1.59458,1.59501,1.43,1.50
2012.02.24 06:09:33.455,1.59462,1.59501,1.43,1.50
2012.02.24 06:09:34.048,1.59462,1.59508,1.43,2.25
2012.02.24 06:09:34.204,1.59462,1.59508,1.43,1.50
2012.02.24 06:09:36.999,1.59462,1.59508,1.43,2.25
2012.02.24 06:09:37.337,1.59462,1.59508,1.43,1.50
2012.02.24 06:09:37.722,1.59462,1.59508,1.43,2.25
2012.02.24 06:09:38.938,1.59462,1.595,1.43,1.50
2012.02.24 06:09:43.510,1.59462,1.59506,1.43,2.25
2012.02.24 06:09:43.709,1.59462,1.59506,1.43,2.25
2012.02.24 06:09:43.776,1.59462,1.59506,1.43,2.25
2012.02.24 06:09:45.841,1.59462,1.595,1.43,1.50
2012.02.24 06:09:46.318,1.59462,1.595,1.43,2.25
2012.02.24 06:09:46.857,1.59462,1.595,1.43,1.50
2012.02.24 06:09:47.656,1.59462,1.59502,1.43,2.93
2012.02.24 06:09:50.800,1.59462,1.59496,1.43,1.50
2012.02.24 06:09:54.658,1.59462,1.59502,1.43,2.93
2012.02.24 06:09:55.657,1.59463,1.59502,1.43,1.50
2012.02.24 06:09:55.726,1.59461,1.59502,1.43,1.50
2012.02.24 06:09:56.126,1.59461,1.59496,1.43,1.50
2012.02.24 06:09:58.708,1.59461,1.59501,1.43,1.50
2012.02.24 06:09:59.834,1.59462,1.59501,1.43,1.50
2012.02.24 06:10:05.003,1.59462,1.59504,1.43,1.43
2012.02.24 06:10:06.891,1.59462,1.59506,1.43,1.43
2012.02.24 06:10:07.189,1.59462,1.59506,1.43,2.18
2012.02.24 06:10:07.719,1.59462,1.59505,1.43,1.50
2012.02.24 06:10:08.309,1.59462,1.59504,1.43,1.43
2012.02.24 06:10:08.629,1.59468,1.59511,1.43,2.10
2012.02.24 06:10:09.369,1.59471,1.59512,1.43,1.43
2012.02.24 06:10:09.557,1.59469,1.59512,1.43,1.43
2012.02.24 06:10:10.430,1.59469,1.5951,1.43,1.50
2012.02.24 06:10:10.771,1.59469,1.59504,1.43,2.25
2012.02.24 06:10:10.841,1.59455,1.59504,1.50,3.68
2012.02.24 06:10:11.703,1.5946,1.59504,1.50,1.43
2012.02.24 06:10:12.159,1.5946,1.59509,1.50,2.93
2012.02.24 06:10:14.653,1.5946,1.59509,1.50,3.68
2012.02.24 06:10:14.723,1.59455,1.59492,1.43,1.50
2012.02.24 06:10:16.107,1.59445,1.5949,1.50,1.43
2012.02.24 06:10:16.287,1.59439,1.59487,2.16,1.50
2012.02.24 06:10:16.479,1.59439,1.59487,1.43,2.25
2012.02.24 06:10:17.602,1.59439,1.59481,1.43,1.50
2012.02.24 06:10:17.798,1.59439,1.59486,1.43,1.50
2012.02.24 06:10:19.207,1.59437,1.59486,2.25,2.93
2012.02.24 06:10:22.597,1.59437,1.59485,2.25,1.43
2012.02.24 06:10:23.097,1.59437,1.59484,2.25,1.43
2012.02.24 06:10:23.290,1.5943,1.59472,1.43,1.43
2012.02.24 06:10:24.893,1.5943,1.59471,1.43,1.43
2012.02.24 06:10:25.935,1.5943,1.59472,1.43,1.43
2012.02.24 06:10:26.620,1.59436,1.59475,1.43,1.50
2012.02.24 06:10:27.052,1.59436,1.59469,1.43,1.50
2012.02.24 06:10:27.117,1.5943,1.59469,1.43,1.50
2012.02.24 06:10:28.049,1.59429,1.59469,1.43,1.50
2012.02.24 06:10:28.178,1.59431,1.59469,1.43,1.50
2012.02.24 06:10:28.774,1.59431,1.59474,1.43,3.68
2012.02.24 06:10:28.842,1.59431,1.59468,1.43,1.50
2012.02.24 06:10:28.970,1.59423,1.59462,1.43,1.50
2012.02.24 06:10:29.158,1.59423,1.59462,2.18,1.50
2012.02.24 06:10:29.497,1.59432,1.59462,1.43,1.50
2012.02.24 06:10:29.568,1.59432,1.59469,1.43,1.50
2012.02.24 06:10:29.780,1.59432,1.59473,1.43,2.18
2012.02.24 06:10:32.958,1.59432,1.59468,1.43,1.50
2012.02.24 06:10:36.490,1.59432,1.59463,1.43,1.50
2012.02.24 06:10:36.559,1.59423,1.59463,1.43,2.93
2012.02.24 06:10:37.152,1.5942,1.59461,1.43,1.43
2012.02.24 06:10:38.176,1.5942,1.59456,1.43,1.50
2012.02.24 06:10:38.507,1.5942,1.5945,1.43,1.50
2012.02.24 06:10:38.585,1.5941,1.5945,1.43,1.50
2012.02.24 06:10:39.589,1.5941,1.59445,1.43,1.50
2012.02.24 06:10:43.199,1.59412,1.59445,1.43,1.50
2012.02.24 06:10:43.788,1.59413,1.59445,1.43,1.50
2012.02.24 06:10:45.420,1.59414,1.59445,1.43,1.50
2012.02.24 06:10:46.035,1.59415,1.59445,1.43,1.50
2012.02.24 06:10:46.342,1.59417,1.59449,1.43,1.50
2012.02.24 06:10:47.409,1.59416,1.59449,1.43,1.50
2012.02.24 06:10:49.819,1.5942,1.59455,1.43,1.50
2012.02.24 06:10:49.889,1.59417,1.59455,1.43,1.50
2012.02.24 06:10:50.358,1.59422,1.59455,1.43,1.50
2012.02.24 06:10:51.021,1.59417,1.59455,1.43,1.50
2012.02.24 06:10:51.091,1.59422,1.59455,1.43,1.50
2012.02.24 06:10:51.911,1.59422,1.59455,1.43,2.25
2012.02.24 06:10:52.292,1.59426,1.59455,1.43,1.50
2012.02.24 06:10:53.283,1.59426,1.59455,1.43,2.25
2012.02.24 06:10:53.357,1.59424,1.59455,1.43,1.50
2012.02.24 06:10:54.113,1.59424,1.59455,1.43,2.25
2012.02.24 06:10:56.170,1.59424,1.5945,1.43,1.50
2012.02.24 06:10:56.369,1.59415,1.5945,1.43,1.50
2012.02.24 06:10:56.812,1.59401,1.5945,3.30,2.93
2012.02.24 06:10:56.944,1.59401,1.59443,1.43,2.10
2012.02.24 06:10:57.134,1.59389,1.59436,2.10,1.50
2012.02.24 06:10:57.205,1.59391,1.59432,1.13,1.43
2012.02.24 06:10:58.028,1.59386,1.5943,1.48,1.50
2012.02.24 06:10:58.079,1.59384,1.5943,2.18,1.50
2012.02.24 06:10:58.155,1.59385,1.59425,2.18,1.50
2012.02.24 06:10:58.819,1.59385,1.5943,2.18,1.50
2012.02.24 06:10:59.939,1.59385,1.59425,2.18,1.50
2012.02.24 06:11:01.038,1.59387,1.59431,1.43,1.50
2012.02.24 06:11:01.568,1.59385,1.59431,2.18,1.50
2012.02.24 06:11:01.700,1.59385,1.59427,2.18,1.50
2012.02.24 06:11:02.340,1.59385,1.59427,1.43,2.25
2012.02.24 06:11:02.648,1.59385,1.594,1.43,1.50
2012.02.24 06:11:02.720,1.59365,1.59395,1.48,1.43
2012.02.24 06:11:02.909,1.59366,1.5941,2.18,1.50
2012.02.24 06:11:03.038,1.59361,1.59406,2.16,1.43
2012.02.24 06:11:03.107,1.59361,1.59406,1.43,1.43
2012.02.24 06:11:04.057,1.59361,1.59406,2.18,1.43
2012.02.24 06:11:04.384,1.59362,1.59402,2.18,1.43
2012.02.24 06:11:04.688,1.59362,1.59402,1.43,1.43
2012.02.24 06:11:04.821,1.59362,1.59402,2.18,1.43
2012.02.24 06:11:04.890,1.59362,1.59406,2.18,1.43
2012.02.24 06:11:04.966,1.59362,1.59404,2.18,1.43
2012.02.24 06:11:05.041,1.59345,1.59386,1.13,1.43
2012.02.24 06:11:05.110,1.59346,1.59386,1.35,1.43
2012.02.24 06:11:05.303,1.59362,1.59404,1.43,1.43
2012.02.24 06:11:08.798,1.59367,1.59409,1.43,1.43
2012.02.24 06:11:09.110,1.59368,1.59411,1.43,1.43
2012.02.24 06:11:09.916,1.59357,1.594,2.18,1.43
2012.02.24 06:11:09.989,1.59357,1.594,2.18,1.43
2012.02.24 06:11:11.780,1.59359,1.59401,1.43,1.43
2012.02.24 06:11:14.544,1.59358,1.59399,2.03,1.43
2012.02.24 06:11:15.049,1.59358,1.59399,1.43,1.43
2012.02.24 06:11:15.300,1.59361,1.59406,1.43,1.43
2012.02.24 06:11:15.829,1.59361,1.59406,1.43,2.03
2012.02.24 06:11:15.907,1.59348,1.594,1.13,1.50
2012.02.24 06:11:18.929,1.59347,1.59401,1.48,1.43
2012.02.24 06:11:19.056,1.59361,1.59407,1.43,1.43
2012.02.24 06:11:19.248,1.59362,1.594,1.43,1.50
2012.02.24 06:11:19.829,1.59362,1.59394,1.43,1.50
2012.02.24 06:11:19.903,1.59342,1.59386,2.18,1.43
2012.02.24 06:11:20.107,1.59342,1.59388,2.18,1.43
2012.02.24 06:11:20.337,1.59343,1.59386,2.18,1.43
2012.02.24 06:11:20.673,1.59342,1.59386,2.18,1.43
2012.02.24 06:11:20.930,1.59352,1.59395,2.18,1.43
2012.02.24 06:11:20.999,1.59352,1.59395,2.18,1.43
2012.02.24 06:11:21.130,1.59362,1.59404,2.18,1.43
2012.02.24 06:11:21.197,1.59362,1.59404,1.43,1.43
2012.02.24 06:11:21.769,1.59362,1.59404,2.18,1.43
2012.02.24 06:11:21.925,1.59362,1.59404,1.43,1.43
2012.02.24 06:11:22.501,1.59362,1.59404,2.18,1.43
2012.02.24 06:11:23.436,1.59362,1.59404,2.91,1.43
2012.02.24 06:11:23.867,1.59371,1.59414,2.18,1.43
2012.02.24 06:11:24.060,1.59373,1.59417,2.25,1.43
2012.02.24 06:11:24.510,1.59381,1.59423,2.91,1.43
2012.02.24 06:11:26.442,1.59389,1.59423,1.50,1.43
2012.02.24 06:11:26.899,1.59391,1.59432,1.43,1.43
2012.02.24 06:11:29.289,1.59391,1.59431,1.43,1.50
2012.02.24 06:11:31.508,1.59381,1.59423,2.53,1.43
2012.02.24 06:11:31.578,1.59381,1.59423,2.53,1.43
2012.02.24 06:11:31.919,1.59382,1.59423,1.11,2.03
2012.02.24 06:11:31.989,1.59381,1.59419,1.80,1.50
2012.02.24 06:11:32.118,1.59377,1.59416,2.98,1.43
2012.02.24 06:11:32.189,1.59381,1.59423,1.43,1.43
2012.02.24 06:11:32.408,1.59377,1.59417,2.98,1.43
2012.02.24 06:11:32.716,1.59381,1.59423,1.43,1.43
2012.02.24 06:11:34.129,1.59391,1.59431,1.43,2.10
2012.02.24 06:11:34.199,1.59391,1.59431,1.43,1.50
2012.02.24 06:11:34.762,1.59391,1.59432,1.43,1.43
2012.02.24 06:11:35.334,1.59391,1.59431,1.43,1.43
2012.02.24 06:11:35.402,1.59387,1.5943,1.43,1.43
2012.02.24 06:11:35.721,1.59383,1.59425,1.50,1.43
2012.02.24 06:11:35.795,1.59379,1.59425,2.93,1.43
2012.02.24 06:11:35.857,1.59379,1.59423,1.50,1.43
2012.02.24 06:11:36.167,1.59379,1.5942,1.43,1.43
2012.02.24 06:11:36.831,1.59391,1.59432,2.23,1.43
2012.02.24 06:11:37.344,1.59391,1.59433,2.23,1.43
2012.02.24 06:11:41.502,1.59387,1.59433,2.18,1.43
2012.02.24 06:11:42.128,1.59395,1.59433,1.50,1.43
2012.02.24 06:11:42.317,1.59395,1.59444,2.25,1.50
2012.02.24 06:11:42.729,1.59401,1.59445,1.50,1.43
2012.02.24 06:11:43.728,1.59401,1.59448,2.23,1.50
2012.02.24 06:11:44.405,1.59407,1.59451,1.50,1.43
2012.02.24 06:11:44.717,1.59407,1.59446,1.50,1.43
2012.02.24 06:11:44.979,1.594,1.59444,1.50,1.43
2012.02.24 06:11:45.049,1.594,1.59442,1.50,1.43
2012.02.24 06:11:45.381,1.594,1.59442,2.25,1.43
2012.02.24 06:11:45.449,1.594,1.59446,2.25,1.43
2012.02.24 06:11:45.578,1.594,1.59446,1.50,1.43
2012.02.24 06:11:45.709,1.594,1.59443,1.50,1.43
2012.02.24 06:11:46.020,1.594,1.5944,1.50,1.43
2012.02.24 06:11:46.878,1.59404,1.59439,1.50,1.43
2012.02.24 06:11:48.023,1.59404,1.59446,2.93,1.43
2012.02.24 06:11:48.154,1.59406,1.59449,1.43,1.35
2012.02.24 06:11:48.221,1.59404,1.59443,1.50,2.18
2012.02.24 06:11:48.289,1.59397,1.59443,2.23,1.43
2012.02.24 06:11:48.358,1.59397,1.59442,1.50,1.43
2012.02.24 06:11:49.088,1.59397,1.59443,1.50,1.43
2012.02.24 06:11:49.463,1.59388,1.5943,1.50,1.43
2012.02.24 06:11:49.660,1.59388,1.59436,1.50,2.18
2012.02.24 06:11:49.788,1.59388,1.59432,1.50,1.43
2012.02.24 06:11:49.858,1.59383,1.5943,1.50,1.50
2012.02.24 06:11:49.989,1.59383,1.59426,2.25,1.43
2012.02.24 06:11:51.468,1.59375,1.59422,2.18,1.50
2012.02.24 06:11:51.673,1.59379,1.59424,2.25,1.43
2012.02.24 06:11:51.801,1.59379,1.59424,1.50,1.43
2012.02.24 06:11:51.929,1.59379,1.59424,2.25,1.43
2012.02.24 06:11:52.741,1.59379,1.59426,2.25,1.50
2012.02.24 06:11:52.929,1.59383,1.59428,2.25,1.43
2012.02.24 06:11:53.705,1.59374,1.59417,2.25,1.43
2012.02.24 06:11:53.776,1.59374,1.59421,2.25,1.50
2012.02.24 06:11:53.848,1.59379,1.59423,2.25,1.43
2012.02.24 06:11:54.358,1.59388,1.59425,1.50,1.43
2012.02.24 06:11:54.560,1.59383,1.59422,2.25,1.43
2012.02.24 06:11:55.017,1.59383,1.59422,1.50,1.43
2012.02.24 06:11:55.151,1.59383,1.59417,2.25,1.43
2012.02.24 06:11:55.924,1.59371,1.59414,2.25,1.43
2012.02.24 06:11:55.995,1.59378,1.59419,2.18,1.43
2012.02.24 06:11:56.189,1.59378,1.59419,1.43,1.43
2012.02.24 06:11:56.318,1.59371,1.59414,2.25,1.43
2012.02.24 06:11:56.639,1.5937,1.59412,2.25,1.43
2012.02.24 06:11:56.826,1.5937,1.59414,2.25,1.43
2012.02.24 06:11:58.920,1.5937,1.59411,2.25,1.43
2012.02.24 06:11:59.781,1.59365,1.5941,2.25,1.43
2012.02.24 06:12:00.597,1.59365,1.5941,2.25,1.43
2012.02.24 06:12:01.688,1.59365,1.59411,2.25,1.43
2012.02.24 06:12:02.228,1.59371,1.59411,2.25,1.43
2012.02.24 06:12:02.879,1.59382,1.59429,2.25,1.80
2012.02.24 06:12:02.954,1.5939,1.59433,1.50,1.35
2012.02.24 06:12:03.019,1.5939,1.59428,1.50,1.43
2012.02.24 06:12:03.794,1.59386,1.59428,1.50,1.43
2012.02.24 06:12:04.039,1.59386,1.59431,1.50,1.43
2012.02.24 06:12:04.838,1.5938,1.59429,1.50,1.50
2012.02.24 06:12:10.626,1.59386,1.59431,1.50,1.43
2012.02.24 06:12:12.466,1.5938,1.59429,2.25,1.50
2012.02.24 06:12:15.353,1.59374,1.59423,2.25,1.50
2012.02.24 06:12:17.650,1.59374,1.59423,2.25,1.50
2012.02.24 06:12:17.780,1.59379,1.59428,2.25,1.50
2012.02.24 06:12:18.180,1.59379,1.59428,2.23,1.50
2012.02.24 06:12:18.839,1.59379,1.59428,2.23,1.50
2012.02.24 06:12:18.903,1.59376,1.59422,1.48,1.50
2012.02.24 06:12:21.758,1.59378,1.59422,1.11,1.50
2012.02.24 06:12:22.894,1.5938,1.59422,1.11,1.50
2012.02.24 06:12:23.212,1.59374,1.59415,1.11,1.50
2012.02.24 06:12:23.278,1.59371,1.59415,1.11,1.50
2012.02.24 06:12:23.778,1.59371,1.59415,1.11,1.50
2012.02.24 06:12:23.937,1.59374,1.5942,2.23,1.43
2012.02.24 06:12:24.497,1.59376,1.59419,1.48,1.43
2012.02.24 06:12:25.733,1.59375,1.5942,1.48,1.43
2012.02.24 06:12:26.242,1.59376,1.59419,1.48,1.43
2012.02.24 06:12:26.388,1.59376,1.59417,1.48,1.50
2012.02.24 06:12:26.697,1.59369,1.59412,2.98,1.43
2012.02.24 06:12:27.720,1.59375,1.59417,1.48,2.93
2012.02.24 06:12:30.260,1.59375,1.5942,1.48,1.43
2012.02.24 06:12:31.252,1.59375,1.59419,1.48,1.43
2012.02.24 06:12:31.755,1.59375,1.59417,1.48,1.50
2012.02.24 06:12:31.960,1.59369,1.59417,1.11,1.50
2012.02.24 06:12:32.091,1.59369,1.59414,1.11,1.43
2012.02.24 06:12:33.438,1.59374,1.59414,1.48,1.43
2012.02.24 06:12:36.183,1.59373,1.59412,1.48,1.43
2012.02.24 06:12:38.182,1.5937,1.59412,2.23,1.43
2012.02.24 06:12:41.906,1.59374,1.59412,1.11,1.43
2012.02.24 06:12:42.101,1.59374,1.5942,2.91,1.50
2012.02.24 06:12:42.233,1.59374,1.59412,1.48,1.43
2012.02.24 06:12:43.539,1.59373,1.59413,1.48,1.50
2012.02.24 06:12:44.490,1.59367,1.59413,1.48,2.93
2012.02.24 06:12:45.214,1.59366,1.59413,2.98,2.93
2012.02.24 06:12:47.417,1.59366,1.59412,2.98,1.43
2012.02.24 06:12:49.439,1.59366,1.59408,1.48,1.50
2012.02.24 06:13:08.698,1.59365,1.59409,2.98,1.43
2012.02.24 06:13:08.888,1.59369,1.59414,1.48,1.50
2012.02.24 06:13:08.959,1.59367,1.59414,1.48,1.50
2012.02.24 06:13:09.731,1.59369,1.59414,1.48,1.50
2012.02.24 06:13:10.239,1.59373,1.59416,2.25,1.43
2012.02.24 06:13:10.517,1.59373,1.59418,2.98,1.43
2012.02.24 06:13:11.408,1.59373,1.5942,2.98,1.43
2012.02.24 06:13:11.479,1.59373,1.5942,1.50,1.43
2012.02.24 06:13:11.548,1.59373,1.59415,1.50,1.43
2012.02.24 06:13:12.081,1.59373,1.59415,2.25,1.43
2012.02.24 06:13:12.520,1.59373,1.59415,1.50,1.43
2012.02.24 06:13:13.330,1.5937,1.59414,1.11,1.50
2012.02.24 06:13:14.549,1.59367,1.59414,1.48,1.50
2012.02.24 06:13:15.757,1.59367,1.59414,1.48,1.50
2012.02.24 06:13:17.017,1.59367,1.59414,1.48,1.50
2012.02.24 06:13:18.330,1.59367,1.59414,1.48,1.50
2012.02.24 06:13:18.662,1.59372,1.59414,1.48,1.50
2012.02.24 06:13:18.787,1.59372,1.59419,1.48,1.50
2012.02.24 06:13:19.280,1.59371,1.59419,1.11,1.50
2012.02.24 06:13:19.411,1.59373,1.59419,1.48,1.50
2012.02.24 06:13:20.137,1.59371,1.59411,1.48,1.50
2012.02.24 06:13:20.263,1.59366,1.59408,1.48,1.50
2012.02.24 06:13:22.336,1.59366,1.59408,1.48,1.50
2012.02.24 06:13:25.823,1.59377,1.59413,1.48,1.50
2012.02.24 06:13:26.008,1.59374,1.59418,1.11,1.50
2012.02.24 06:13:26.806,1.59374,1.59418,1.11,1.50
2012.02.24 06:13:26.999,1.59372,1.59418,1.11,1.50
2012.02.24 06:13:27.129,1.59371,1.59418,1.11,1.50
2012.02.24 06:13:27.378,1.59368,1.59412,1.11,1.50
2012.02.24 06:13:28.351,1.59369,1.59412,1.11,1.50
2012.02.24 06:13:28.984,1.59369,1.59417,1.11,1.50
2012.02.24 06:13:29.112,1.59373,1.59417,1.11,1.50
2012.02.24 06:13:29.420,1.59376,1.59408,1.11,1.50
2012.02.24 06:13:29.729,1.59367,1.59403,1.48,1.50
2012.02.24 06:13:31.113,1.59366,1.59408,1.48,1.50
2012.02.24 06:13:31.327,1.59365,1.59404,1.48,1.50
2012.02.24 06:13:31.681,1.59357,1.59404,1.88,1.50
2012.02.24 06:13:31.749,1.59355,1.59397,1.86,1.50
2012.02.24 06:13:32.976,1.59354,1.59397,1.48,1.50
2012.02.24 06:13:33.521,1.59356,1.59402,2.25,1.43
2012.02.24 06:13:34.681,1.59356,1.59402,2.25,1.43
2012.02.24 06:13:34.806,1.59354,1.59399,1.48,1.50
2012.02.24 06:13:39.957,1.59356,1.59402,2.25,1.43
2012.02.24 06:13:40.608,1.59356,1.59402,2.98,1.43
2012.02.24 06:13:41.204,1.59362,1.59402,1.50,1.43
2012.02.24 06:13:41.280,1.59361,1.59409,2.61,1.50
2012.02.24 06:13:41.461,1.59361,1.59404,1.11,1.50
2012.02.24 06:13:42.510,1.59363,1.5941,2.23,1.50
2012.02.24 06:13:42.579,1.59364,1.5941,1.48,1.50
2012.02.24 06:13:42.907,1.59373,1.59414,2.25,1.43
2012.02.24 06:13:43.073,1.59373,1.59416,2.25,1.43
2012.02.24 06:13:43.283,1.59367,1.59413,2.18,1.50
2012.02.24 06:13:43.970,1.59366,1.59411,2.25,1.43
2012.02.24 06:13:45.239,1.59366,1.59413,2.25,1.50
2012.02.24 06:13:46.684,1.59366,1.59413,2.25,1.50
2012.02.24 06:13:46.749,1.59373,1.59415,2.25,1.43
2012.02.24 06:13:46.938,1.59373,1.59415,1.50,1.43
2012.02.24 06:13:47.634,1.59366,1.59414,2.25,1.43
2012.02.24 06:13:47.817,1.59363,1.59409,1.48,1.50
2012.02.24 06:13:51.787,1.59367,1.59413,2.25,1.50
2012.02.24 06:13:55.217,1.59362,1.5941,1.48,1.50
2012.02.24 06:13:56.551,1.59358,1.59405,1.48,1.50
2012.02.24 06:13:57.960,1.59356,1.59403,2.98,1.43
2012.02.24 06:13:58.092,1.59356,1.59405,2.25,1.50
2012.02.24 06:14:00.151,1.59356,1.59404,2.25,1.43
2012.02.24 06:14:00.809,1.59356,1.59405,2.25,1.50
2012.02.24 06:14:01.528,1.59365,1.59406,2.25,1.43
2012.02.24 06:14:02.118,1.5937,1.59406,1.50,1.43
2012.02.24 06:14:02.308,1.5937,1.59419,2.61,1.50
2012.02.24 06:14:02.752,1.59376,1.59423,1.50,3.23
2012.02.24 06:14:25.098,1.59376,1.59423,1.50,2.25
2012.02.24 06:14:25.194,1.59376,1.59423,1.88,2.25
2012.02.24 06:14:26.053,1.59378,1.59423,1.11,1.50
2012.02.24 06:14:27.053,1.59376,1.59412,1.88,1.43
2012.02.24 06:14:27.183,1.59376,1.59422,1.50,2.18
2012.02.24 06:14:27.252,1.59371,1.59414,1.11,2.25
2012.02.24 06:14:27.498,1.59369,1.59414,1.11,2.25
2012.02.24 06:14:27.750,1.59372,1.59419,2.23,1.50
2012.02.24 06:14:27.818,1.59372,1.59419,2.23,1.50
2012.02.24 06:14:29.780,1.59372,1.59419,2.61,1.50
2012.02.24 06:14:32.640,1.59372,1.59419,2.61,2.25
2012.02.24 06:14:33.587,1.59372,1.59419,2.61,1.50
2012.02.24 06:14:35.536,1.59372,1.59419,2.61,1.50
2012.02.24 06:14:35.683,1.59372,1.59415,1.11,1.50
2012.02.24 06:14:36.711,1.59368,1.59415,1.11,2.25
2012.02.24 06:14:36.780,1.59372,1.59419,2.23,2.25
2012.02.24 06:14:37.203,1.59372,1.59419,2.23,1.50
2012.02.24 06:14:45.960,1.59372,1.59419,1.88,1.50
2012.02.24 06:14:46.093,1.59377,1.59426,2.23,3.68
2012.02.24 06:14:46.220,1.59378,1.59426,1.11,2.25
2012.02.24 06:14:47.216,1.59378,1.59426,1.11,1.50
2012.02.24 06:14:47.282,1.5938,1.59426,1.11,1.50
2012.02.24 06:14:47.408,1.59384,1.59431,1.50,1.50
2012.02.24 06:14:48.431,1.59384,1.59431,2.23,1.50
2012.02.24 06:14:49.015,1.59384,1.59431,1.50,1.50
2012.02.24 06:14:50.585,1.59379,1.59426,2.23,1.50
2012.02.24 06:14:52.171,1.59378,1.59421,1.11,1.50
2012.02.24 06:14:52.859,1.59378,1.59421,1.11,1.50
2012.02.24 06:14:53.268,1.59379,1.59426,2.23,1.50
2012.02.24 06:14:54.528,1.59379,1.59426,2.23,1.50
2012.02.24 06:14:54.936,1.59379,1.59426,2.23,1.50
2012.02.24 06:14:55.475,1.59383,1.59426,1.11,1.50
2012.02.24 06:14:56.028,1.59383,1.59426,1.11,1.50
2012.02.24 06:14:56.920,1.59386,1.59426,1.48,1.50
2012.02.24 06:14:57.078,1.59391,1.59434,2.25,1.43
2012.02.24 06:14:57.270,1.594,1.59434,1.50,1.43
2012.02.24 06:14:57.408,1.594,1.59449,1.50,1.50
2012.02.24 06:14:57.662,1.59396,1.59443,2.98,1.50
2012.02.24 06:14:57.735,1.59396,1.59443,1.50,1.50
2012.02.24 06:14:57.925,1.5939,1.59439,2.25,1.50
2012.02.24 06:14:58.050,1.5939,1.59439,1.50,1.50
2012.02.24 06:14:58.762,1.5939,1.59424,1.50,1.43
2012.02.24 06:14:58.854,1.59376,1.59424,1.48,1.50
2012.02.24 06:14:58.927,1.59381,1.59426,1.50,1.43
2012.02.24 06:14:59.005,1.59376,1.59423,1.48,1.50
2012.02.24 06:15:02.856,1.59374,1.59421,2.25,1.43
2012.02.24 06:15:03.051,1.59374,1.59423,2.25,1.50
2012.02.24 06:15:03.119,1.5938,1.59427,2.23,1.50
2012.02.24 06:15:03.192,1.5938,1.59427,2.25,1.50
2012.02.24 06:15:03.835,1.59381,1.59427,1.11,1.50
2012.02.24 06:15:04.867,1.59385,1.59427,1.48,1.50
2012.02.24 06:15:05.497,1.59381,1.59427,1.11,1.50
2012.02.24 06:15:05.959,1.59385,1.59434,2.23,2.25
2012.02.24 06:15:09.601,1.59385,1.59434,2.23,2.25
2012.02.24 06:15:10.059,1.59392,1.59439,1.50,3.68
2012.02.24 06:15:10.760,1.59392,1.59439,1.50,1.50
2012.02.24 06:15:10.829,1.59397,1.59446,1.50,1.88
2012.02.24 06:15:10.959,1.59393,1.5944,1.50,2.25
2012.02.24 06:15:11.282,1.59393,1.5944,1.50,1.50
2012.02.24 06:15:12.003,1.59393,1.5944,2.61,1.50
2012.02.24 06:15:12.828,1.59394,1.5944,1.11,1.50
2012.02.24 06:15:13.968,1.59394,1.5944,1.11,1.50
2012.02.24 06:15:14.108,1.59402,1.59449,1.50,2.93
2012.02.24 06:15:16.017,1.594,1.59444,2.16,1.50
2012.02.24 06:15:16.302,1.59397,1.59444,1.48,1.50
2012.02.24 06:15:16.370,1.59397,1.59438,1.48,1.50
2012.02.24 06:15:17.098,1.59395,1.59442,2.98,1.50
2012.02.24 06:15:18.026,1.59401,1.59447,1.43,1.50
2012.02.24 06:15:18.097,1.594,1.59445,1.50,1.43
2012.02.24 06:15:18.639,1.59397,1.59443,1.48,1.50
2012.02.24 06:15:24.591,1.59401,1.59443,1.43,1.50
2012.02.24 06:15:24.921,1.594,1.59436,1.43,1.50
2012.02.24 06:15:24.988,1.59393,1.59436,1.48,1.50
2012.02.24 06:15:25.062,1.59393,1.59439,2.25,1.43
2012.02.24 06:15:26.046,1.59393,1.59438,2.25,1.43
2012.02.24 06:15:26.108,1.59389,1.59436,2.98,1.50
2012.02.24 06:15:43.467,1.59389,1.59436,4.03,1.50
2012.02.24 06:15:44.263,1.59392,1.59436,1.48,1.50
2012.02.24 06:15:50.068,1.59385,1.59432,2.18,1.50
2012.02.24 06:16:21.077,1.5939,1.59437,2.25,1.50
2012.02.24 06:16:21.945,1.5939,1.59437,2.25,1.50
2012.02.24 06:16:22.936,1.59396,1.59438,2.25,1.43
2012.02.24 06:16:26.332,1.59401,1.59438,1.50,1.43
2012.02.24 06:16:26.400,1.59401,1.59448,2.93,1.50
2012.02.24 06:16:26.997,1.59406,1.59451,1.50,1.43
2012.02.24 06:16:27.660,1.59406,1.59452,1.50,1.43
2012.02.24 06:16:29.379,1.59406,1.5945,2.25,1.43
2012.02.24 06:16:29.882,1.59406,1.59453,2.25,1.50
2012.02.24 06:16:30.009,1.59418,1.59464,1.50,1.13
2012.02.24 06:16:30.600,1.59411,1.5946,1.50,1.50
2012.02.24 06:16:31.259,1.59425,1.59471,1.50,2.18
2012.02.24 06:16:31.554,1.5942,1.59469,1.50,2.25
2012.02.24 06:16:34.437,1.5942,1.59469,1.50,1.50
2012.02.24 06:16:34.509,1.59425,1.59469,1.11,1.50
2012.02.24 06:16:34.736,1.59428,1.59473,2.23,2.18
2012.02.24 06:16:36.062,1.59428,1.59473,2.23,2.18
2012.02.24 06:16:36.370,1.59428,1.59467,1.50,1.43
2012.02.24 06:16:36.600,1.59423,1.59466,1.50,1.43
2012.02.24 06:16:37.130,1.59423,1.59465,1.50,1.43
2012.02.24 06:16:37.998,1.59416,1.59465,2.98,2.93
2012.02.24 06:16:38.970,1.59416,1.59465,2.23,3.68
2012.02.24 06:16:39.045,1.59418,1.59459,1.11,1.50
2012.02.24 06:16:39.167,1.59418,1.59465,1.11,2.18
2012.02.24 06:16:40.931,1.59417,1.5946,1.11,1.50
2012.02.24 06:16:42.491,1.59417,1.59465,1.11,3.68
2012.02.24 06:16:45.030,1.59417,1.59465,1.11,2.25
2012.02.24 06:16:46.270,1.59422,1.59466,2.23,2.18
2012.02.24 06:16:46.939,1.59422,1.59465,2.23,2.18
2012.02.24 06:16:53.598,1.59419,1.59465,2.16,2.25
2012.02.24 06:16:54.167,1.59421,1.59465,1.11,2.25
2012.02.24 06:16:57.974,1.59423,1.5947,1.11,3.68
2012.02.24 06:16:58.036,1.59421,1.5947,3.66,3.68
2012.02.24 06:16:58.639,1.59421,1.5947,3.66,2.93
2012.02.24 06:16:59.514,1.59421,1.5947,3.66,2.93
2012.02.24 06:17:00.635,1.59421,1.5947,3.66,2.93
2012.02.24 06:17:00.709,1.59429,1.59471,1.50,1.43
2012.02.24 06:17:03.980,1.59423,1.5947,2.23,1.50
2012.02.24 06:17:05.568,1.59423,1.5947,2.23,1.50
2012.02.24 06:17:06.402,1.59429,1.5947,1.50,1.43
2012.02.24 06:17:06.932,1.59429,1.5947,1.50,2.18
2012.02.24 06:17:07.237,1.59429,1.5947,1.50,1.43
2012.02.24 06:17:08.122,1.59429,1.59469,1.50,1.43
2012.02.24 06:17:08.282,1.59429,1.59471,1.50,1.43
2012.02.24 06:17:08.778,1.59429,1.59469,1.50,1.43
2012.02.24 06:17:09.519,1.59433,1.59476,1.43,3.68
2012.02.24 06:17:10.699,1.59434,1.59476,1.43,2.25
2012.02.24 06:17:12.899,1.59436,1.59476,1.43,2.25
2012.02.24 06:17:28.184,1.59436,1.59477,1.43,1.43
2012.02.24 06:17:31.282,1.59435,1.59476,2.16,1.43
2012.02.24 06:17:33.048,1.59441,1.59476,1.50,1.43
2012.02.24 06:17:33.119,1.59444,1.59483,1.43,1.35
2012.02.24 06:17:33.190,1.59444,1.59486,1.43,1.43
2012.02.24 06:17:33.260,1.59446,1.59486,2.23,1.43
2012.02.24 06:17:33.448,1.59453,1.59493,2.16,1.50
2012.02.24 06:17:33.518,1.59454,1.59496,1.50,1.43
2012.02.24 06:17:34.065,1.59454,1.59496,2.23,1.43
2012.02.24 06:17:35.520,1.59454,1.59495,2.53,3.68
2012.02.24 06:17:36.421,1.59454,1.59495,1.43,3.68
2012.02.24 06:17:37.297,1.59455,1.59495,1.43,2.25
2012.02.24 06:17:40.053,1.59448,1.59487,1.50,1.43
2012.02.24 06:17:40.120,1.59445,1.59487,2.16,1.43
2012.02.24 06:17:40.249,1.59441,1.59484,3.66,1.43
2012.02.24 06:17:40.321,1.59441,1.59484,3.66,1.43
2012.02.24 06:17:40.388,1.59445,1.5949,2.16,1.65
2012.02.24 06:17:40.582,1.59446,1.59485,1.11,1.50
2012.02.24 06:17:41.418,1.5945,1.59497,2.23,1.43
2012.02.24 06:17:41.661,1.5945,1.59497,2.23,2.18
2012.02.24 06:17:42.170,1.5945,1.59497,2.23,1.43
2012.02.24 06:17:42.580,1.5945,1.59499,2.61,1.50
2012.02.24 06:17:42.778,1.59456,1.59503,1.50,2.25
2012.02.24 06:17:44.412,1.59456,1.59503,2.23,2.25
2012.02.24 06:17:44.481,1.59456,1.59503,1.50,2.25
2012.02.24 06:17:44.920,1.59452,1.59498,1.11,1.50
2012.02.24 06:17:47.044,1.59451,1.59498,2.61,1.50
2012.02.24 06:17:47.361,1.59466,1.59503,1.48,1.43
2012.02.24 06:17:47.432,1.59472,1.59512,1.43,1.50
2012.02.24 06:17:47.998,1.59463,1.59505,1.11,1.50
2012.02.24 06:17:48.071,1.59463,1.59505,1.11,1.50
2012.02.24 06:17:48.559,1.59466,1.59505,1.11,1.50
2012.02.24 06:17:48.749,1.59472,1.5951,1.43,1.50
2012.02.24 06:17:48.820,1.59463,1.59503,1.11,1.50
2012.02.24 06:17:48.894,1.59462,1.59503,2.16,2.25
2012.02.24 06:17:49.019,1.5946,1.59503,2.16,3.68
2012.02.24 06:17:49.779,1.5946,1.59503,2.91,3.68
2012.02.24 06:17:50.099,1.59472,1.59508,1.43,2.25
2012.02.24 06:17:50.170,1.59455,1.59502,1.11,1.50
2012.02.24 06:17:50.873,1.59455,1.59502,1.11,1.50
2012.02.24 06:17:51.002,1.59473,1.59502,1.43,1.50
2012.02.24 06:17:51.490,1.59472,1.59517,2.16,2.25
2012.02.24 06:17:51.830,1.59472,1.59511,2.16,1.50
2012.02.24 06:17:52.913,1.59474,1.59511,1.43,1.50
2012.02.24 06:17:53.919,1.59482,1.59511,1.43,1.50
2012.02.24 06:17:54.553,1.59482,1.59517,1.43,2.25
2012.02.24 06:17:54.948,1.59476,1.59517,2.16,2.25
2012.02.24 06:17:55.841,1.59477,1.59517,2.16,2.25
2012.02.24 06:17:59.475,1.59477,1.5952,1.43,1.43
2012.02.24 06:18:01.080,1.59477,1.5952,1.43,2.18
2012.02.24 06:18:01.422,1.59474,1.59515,2.16,2.18
2012.02.24 06:18:02.352,1.59473,1.59512,1.43,1.50
2012.02.24 06:18:02.577,1.59474,1.59514,1.03,2.18
2012.02.24 06:18:02.838,1.59482,1.59522,1.43,1.50
2012.02.24 06:18:04.698,1.59479,1.59522,2.16,2.93
2012.02.24 06:18:05.993,1.59479,1.59522,2.16,2.93
2012.02.24 06:18:06.065,1.59485,1.59522,2.16,1.50
2012.02.24 06:18:06.610,1.59484,1.59522,2.16,1.50
2012.02.24 06:18:06.922,1.59484,1.59527,2.16,1.50
2012.02.24 06:18:07.687,1.5949,1.59527,1.43,1.50
2012.02.24 06:18:07.880,1.59492,1.5954,1.43,1.50
2012.02.24 06:18:07.948,1.59492,1.5954,1.26,2.25
2012.02.24 06:18:08.710,1.59492,1.59534,1.11,2.25
2012.02.24 06:18:09.641,1.59493,1.59534,1.11,1.50
2012.02.24 06:18:10.180,1.59493,1.59534,1.11,2.25
2012.02.24 06:18:10.561,1.59493,1.59534,1.11,2.25
2012.02.24 06:18:11.554,1.59493,1.59534,1.11,2.25
2012.02.24 06:18:11.621,1.59493,1.59534,1.11,2.25
2012.02.24 06:18:12.168,1.59492,1.5953,1.11,1.50
2012.02.24 06:18:15.809,1.59492,1.5953,1.11,1.50
2012.02.24 06:18:16.289,1.59492,1.59524,1.11,1.50
2012.02.24 06:18:16.845,1.59492,1.59524,1.11,2.25
2012.02.24 06:18:20.297,1.59492,1.59529,1.11,2.25
2012.02.24 06:18:22.295,1.5949,1.59529,1.11,2.25
2012.02.24 06:18:26.380,1.5949,1.59529,1.11,2.25
2012.02.24 06:18:28.348,1.5949,1.59529,1.11,2.25
2012.02.24 06:18:29.356,1.59484,1.59524,2.53,2.25
2012.02.24 06:18:29.926,1.59485,1.59524,2.16,2.25
2012.02.24 06:18:30.451,1.59487,1.59524,1.11,2.25
2012.02.24 06:18:30.520,1.59477,1.59515,1.50,2.18
2012.02.24 06:18:30.588,1.59472,1.59515,2.16,1.43
2012.02.24 06:18:30.701,1.59472,1.59515,2.16,2.18
2012.02.24 06:18:31.359,1.59485,1.59517,1.43,2.25
2012.02.24 06:18:31.428,1.59485,1.59517,1.43,1.50
2012.02.24 06:18:31.559,1.59485,1.59527,1.43,2.25
2012.02.24 06:18:31.629,1.59485,1.59527,2.53,2.25
2012.02.24 06:18:31.700,1.59485,1.59527,2.53,1.50
2012.02.24 06:18:31.767,1.59485,1.59532,2.53,1.50
2012.02.24 06:18:33.378,1.59485,1.59532,2.53,1.50
2012.02.24 06:18:36.308,1.59491,1.59532,1.11,1.50
2012.02.24 06:18:37.082,1.59491,1.59532,1.11,1.50
2012.02.24 06:18:37.988,1.59491,1.59536,1.11,2.25
2012.02.24 06:18:38.060,1.59491,1.59536,1.11,1.50
2012.02.24 06:18:38.130,1.59491,1.59536,1.11,2.25
2012.02.24 06:18:39.128,1.59491,1.59536,1.11,2.25
2012.02.24 06:18:41.069,1.59494,1.59541,1.50,1.50
2012.02.24 06:18:45.580,1.59502,1.59541,1.43,1.50
2012.02.24 06:18:55.029,1.59502,1.59537,1.43,1.50
2012.02.24 06:18:55.731,1.59502,1.59541,1.43,1.50
2012.02.24 06:18:57.318,1.59502,1.59541,2.16,1.50
2012.02.24 06:18:57.869,1.59502,1.59541,1.43,1.50
2012.02.24 06:18:57.939,1.59495,1.59541,1.11,1.50
2012.02.24 06:18:59.283,1.59495,1.59541,1.11,1.50
2012.02.24 06:19:01.213,1.59495,1.59541,1.11,1.50
2012.02.24 06:19:01.628,1.59495,1.59537,1.11,1.50
2012.02.24 06:19:02.603,1.59495,1.59537,1.11,1.50
2012.02.24 06:19:02.669,1.59491,1.59534,1.11,2.18
2012.02.24 06:19:02.739,1.59491,1.59535,1.11,2.18
2012.02.24 06:19:04.165,1.59491,1.59535,1.11,2.18
2012.02.24 06:19:05.319,1.59491,1.59535,1.11,2.18
2012.02.24 06:19:05.976,1.5949,1.59535,1.11,2.18
2012.02.24 06:19:07.816,1.5949,1.59535,1.11,2.18
2012.02.24 06:19:09.214,1.5949,1.59535,1.11,2.18
2012.02.24 06:19:13.780,1.5949,1.59535,1.11,2.18
2012.02.24 06:19:14.437,1.5949,1.59535,1.11,2.18
2012.02.24 06:19:15.760,1.59488,1.59535,2.61,2.18
2012.02.24 06:19:16.347,1.59488,1.59535,2.61,2.18
2012.02.24 06:19:17.478,1.59488,1.59535,2.61,2.18
2012.02.24 06:19:20.743,1.59488,1.59535,2.61,2.18
2012.02.24 06:19:22.517,1.59488,1.59535,2.61,2.18
2012.02.24 06:19:23.298,1.59495,1.59533,1.11,1.43
2012.02.24 06:19:23.369,1.59499,1.59537,1.43,1.50
2012.02.24 06:19:23.439,1.59499,1.59539,1.43,1.43
2012.02.24 06:19:27.050,1.59502,1.59548,1.43,1.50
2012.02.24 06:19:27.120,1.59502,1.59548,2.16,1.50
2012.02.24 06:19:28.225,1.59503,1.59548,1.11,1.50
2012.02.24 06:19:28.580,1.59516,1.59558,1.13,1.50
2012.02.24 06:19:28.647,1.59516,1.59558,1.86,1.50
2012.02.24 06:19:33.282,1.59516,1.59558,1.86,1.50
2012.02.24 06:19:33.347,1.59516,1.59563,1.86,1.50
2012.02.24 06:19:34.065,1.5952,1.59563,1.11,1.50
2012.02.24 06:19:35.770,1.59519,1.59558,1.11,1.50
2012.02.24 06:19:36.018,1.59516,1.59558,1.48,1.50
2012.02.24 06:19:38.328,1.59516,1.59558,1.48,1.50
2012.02.24 06:19:39.905,1.59516,1.59558,1.48,1.50
2012.02.24 06:19:46.243,1.59516,1.59558,1.48,1.50
2012.02.24 06:19:47.010,1.59516,1.59563,1.48,1.50
2012.02.24 06:19:47.388,1.59516,1.59563,1.48,1.50
2012.02.24 06:19:49.379,1.59516,1.59563,1.48,1.50
2012.02.24 06:19:49.689,1.5952,1.59563,1.11,1.50
2012.02.24 06:19:50.163,1.5952,1.59569,2.61,1.50
2012.02.24 06:19:50.350,1.59524,1.59569,1.48,1.50
2012.02.24 06:19:51.166,1.59521,1.59569,1.11,1.50
2012.02.24 06:19:51.657,1.59521,1.59562,1.11,1.50
2012.02.24 06:19:52.212,1.59523,1.59562,1.48,1.50
2012.02.24 06:19:52.820,1.59524,1.59568,1.48,1.50
2012.02.24 06:19:54.275,1.59535,1.59577,1.50,2.18
2012.02.24 06:19:54.582,1.59521,1.59561,1.48,1.50
2012.02.24 06:19:54.722,1.59519,1.59561,2.16,1.50
2012.02.24 06:19:54.849,1.59519,1.59566,1.43,2.93
2012.02.24 06:19:54.921,1.59524,1.59566,1.43,1.50
2012.02.24 06:19:54.989,1.59517,1.59566,2.25,1.50
2012.02.24 06:19:55.619,1.59513,1.5956,2.25,1.50
2012.02.24 06:19:57.279,1.59513,1.5956,1.50,1.50
2012.02.24 06:19:57.883,1.59506,1.59555,2.25,1.50
2012.02.24 06:19:57.956,1.59501,1.5955,2.25,1.50
2012.02.24 06:20:00.177,1.59508,1.59555,1.50,1.50
2012.02.24 06:20:01.271,1.59508,1.59555,2.25,1.50
2012.02.24 06:20:01.451,1.59502,1.59551,2.25,1.50
2012.02.24 06:20:02.212,1.59502,1.59551,2.25,1.50
2012.02.24 06:20:02.279,1.59509,1.59558,2.25,1.50
2012.02.24 06:20:02.708,1.59503,1.59552,1.50,1.50
2012.02.24 06:20:02.782,1.59503,1.59544,1.50,1.43
2012.02.24 06:20:02.990,1.59503,1.59552,1.50,1.50
2012.02.24 06:20:03.061,1.59511,1.59558,1.50,1.50
2012.02.24 06:20:04.425,1.59503,1.5955,2.25,1.50
2012.02.24 06:20:04.496,1.59497,1.59544,1.50,1.43
2012.02.24 06:20:04.770,1.59497,1.59542,1.50,1.43
2012.02.24 06:20:05.103,1.59494,1.59536,2.25,1.43
2012.02.24 06:20:05.235,1.595,1.59543,1.50,1.43
2012.02.24 06:20:08.188,1.595,1.59542,1.50,1.43
2012.02.24 06:20:08.737,1.595,1.59543,1.50,1.43
2012.02.24 06:20:09.319,1.59494,1.59541,2.25,1.50
2012.02.24 06:20:09.948,1.59507,1.5955,3.68,1.43
2012.02.24 06:20:10.498,1.59507,1.59549,1.43,1.50
2012.02.24 06:20:11.107,1.59502,1.59543,1.50,1.43
2012.02.24 06:20:12.220,1.59502,1.59542,1.50,1.43
2012.02.24 06:20:17.270,1.59502,1.59542,2.25,1.43
2012.02.24 06:20:23.758,1.59495,1.59542,2.25,1.43
2012.02.24 06:20:23.869,1.59495,1.59542,2.25,1.43
2012.02.24 06:20:24.709,1.59501,1.59542,1.50,1.43
2012.02.24 06:20:24.902,1.59501,1.59548,2.25,1.50
2012.02.24 06:20:24.977,1.59508,1.59555,1.50,1.50
2012.02.24 06:20:25.053,1.59502,1.59549,2.25,1.50
2012.02.24 06:20:25.735,1.59496,1.59545,2.25,1.50
2012.02.24 06:20:26.134,1.59495,1.59539,1.48,1.50
2012.02.24 06:20:26.320,1.59502,1.59539,1.43,1.50
2012.02.24 06:20:26.453,1.59504,1.59539,1.43,1.50
2012.02.24 06:20:26.521,1.59504,1.59546,1.43,1.50
2012.02.24 06:20:26.647,1.59501,1.59546,1.43,1.50
2012.02.24 06:20:26.779,1.59503,1.59546,2.18,1.50
2012.02.24 06:20:27.019,1.59503,1.59551,2.18,1.50
2012.02.24 06:20:27.388,1.59503,1.59551,1.43,1.50
2012.02.24 06:20:29.601,1.59502,1.59551,1.50,1.50
2012.02.24 06:20:29.910,1.595,1.59544,1.43,1.50
2012.02.24 06:20:30.042,1.59497,1.59544,2.93,1.50
2012.02.24 06:20:38.437,1.59501,1.59548,1.50,1.43
2012.02.24 06:20:40.219,1.59501,1.59548,2.25,1.43
2012.02.24 06:20:44.492,1.59497,1.59544,3.68,1.50
2012.02.24 06:20:44.962,1.59497,1.59544,3.68,1.50
2012.02.24 06:20:45.033,1.59497,1.59544,3.68,1.50
2012.02.24 06:20:45.716,1.59497,1.59544,3.68,1.50
2012.02.24 06:20:54.670,1.59513,1.59551,1.43,1.50
2012.02.24 06:20:58.559,1.59516,1.59556,1.50,1.43
2012.02.24 06:20:58.692,1.59519,1.59563,1.43,1.50
2012.02.24 06:20:58.819,1.59513,1.59556,2.18,1.43
2012.02.24 06:20:59.132,1.5952,1.59563,1.43,1.50
2012.02.24 06:20:59.930,1.59521,1.5957,1.50,1.50
2012.02.24 06:21:02.204,1.59537,1.59572,1.50,1.50
2012.02.24 06:21:02.272,1.59537,1.59584,1.50,2.25
2012.02.24 06:21:02.461,1.59538,1.59584,1.43,2.25
2012.02.24 06:21:02.898,1.59532,1.59575,2.93,2.18
2012.02.24 06:21:05.640,1.59532,1.59575,2.93,1.43
2012.02.24 06:21:05.771,1.59532,1.59575,3.68,1.43
2012.02.24 06:21:05.960,1.59546,1.59587,1.50,1.43
2012.02.24 06:21:06.520,1.59555,1.59587,1.50,1.43
2012.02.24 06:21:06.590,1.59557,1.59602,1.43,1.50
2012.02.24 06:21:06.921,1.59559,1.59602,1.50,1.50
2012.02.24 06:21:06.990,1.5956,1.59611,1.50,2.18
2012.02.24 06:21:11.060,1.59566,1.59615,1.50,2.25
2012.02.24 06:21:13.358,1.59564,1.59604,1.50,2.25
2012.02.24 06:21:13.489,1.59557,1.59604,1.50,2.25
2012.02.24 06:21:13.781,1.59557,1.59604,2.93,2.25
2012.02.24 06:21:14.431,1.59557,1.59604,2.93,2.25
2012.02.24 06:21:14.792,1.59562,1.59606,1.50,3.68
2012.02.24 06:21:15.710,1.59557,1.59605,1.43,2.25
2012.02.24 06:21:24.542,1.59562,1.59606,1.50,1.43
2012.02.24 06:21:24.756,1.59563,1.59599,1.50,1.43
2012.02.24 06:21:25.011,1.59563,1.59606,2.93,1.43
2012.02.24 06:21:27.030,1.59563,1.59604,1.50,1.43
2012.02.24 06:21:29.449,1.59563,1.59604,1.50,2.18
2012.02.24 06:21:30.462,1.59563,1.59604,1.50,1.43
2012.02.24 06:21:31.197,1.59564,1.59607,1.43,1.43
2012.02.24 06:21:34.152,1.59563,1.59603,2.93,1.43
2012.02.24 06:21:38.110,1.59563,1.59601,1.43,1.50
2012.02.24 06:21:38.179,1.59561,1.59601,1.43,2.93
2012.02.24 06:21:38.312,1.59558,1.59601,1.43,2.93
2012.02.24 06:21:41.156,1.59558,1.59601,2.18,1.43
2012.02.24 06:21:41.288,1.59562,1.59601,1.50,1.43
2012.02.24 06:21:41.352,1.59564,1.59611,1.43,2.10
2012.02.24 06:21:41.491,1.59572,1.59613,1.50,1.43
2012.02.24 06:21:41.561,1.59577,1.59619,1.43,1.50
2012.02.24 06:21:42.241,1.59579,1.5962,2.25,1.43
2012.02.24 06:21:42.315,1.59583,1.59626,2.18,1.50
2012.02.24 06:21:43.503,1.59579,1.59626,1.50,1.50
2012.02.24 06:21:43.635,1.59576,1.59621,2.18,1.50
2012.02.24 06:21:44.619,1.59574,1.59614,2.25,1.43
2012.02.24 06:21:44.811,1.59579,1.59621,1.50,1.43
2012.02.24 06:21:44.943,1.59576,1.59622,2.25,1.50
2012.02.24 06:21:45.075,1.59578,1.59618,1.50,1.43
2012.02.24 06:21:45.260,1.59578,1.59623,1.50,1.43
2012.02.24 06:21:45.393,1.59578,1.59621,1.50,1.43
2012.02.24 06:21:47.062,1.59577,1.59621,1.50,2.93
2012.02.24 06:21:47.371,1.59568,1.59616,2.18,1.50
2012.02.24 06:21:47.533,1.59573,1.59617,1.50,1.43
2012.02.24 06:21:47.662,1.59573,1.59616,1.50,2.18
2012.02.24 06:21:48.032,1.59569,1.59616,1.50,1.50
2012.02.24 06:21:48.878,1.59571,1.59616,1.50,1.50
2012.02.24 06:21:48.948,1.59573,1.59619,1.50,1.43
2012.02.24 06:21:50.330,1.59573,1.59619,1.50,2.18
2012.02.24 06:21:51.968,1.59573,1.59617,1.50,1.43
2012.02.24 06:21:52.189,1.59573,1.59614,1.50,1.43
2012.02.24 06:21:52.522,1.59567,1.59614,1.50,2.18
2012.02.24 06:21:53.132,1.5957,1.59614,1.50,1.43
2012.02.24 06:21:53.264,1.59573,1.5962,1.50,1.50
2012.02.24 06:21:54.001,1.59575,1.5962,1.50,1.50
2012.02.24 06:21:54.637,1.59578,1.59625,1.50,2.18
2012.02.24 06:21:54.762,1.59578,1.59625,1.50,1.43
2012.02.24 06:21:55.115,1.59582,1.59625,1.50,2.18
2012.02.24 06:21:55.242,1.59582,1.59626,1.50,1.43
2012.02.24 06:21:55.311,1.59588,1.59626,1.50,1.43
2012.02.24 06:21:56.113,1.59591,1.59632,1.43,1.43
2012.02.24 06:21:56.432,1.59591,1.5963,1.43,1.50
2012.02.24 06:21:57.060,1.59591,1.59632,1.43,1.43
2012.02.24 06:21:57.131,1.59591,1.59629,1.43,1.50
2012.02.24 06:21:57.582,1.59591,1.59621,1.43,1.50
2012.02.24 06:22:00.041,1.5959,1.59626,1.43,2.25
2012.02.24 06:22:00.184,1.59585,1.59621,1.43,2.25
2012.02.24 06:22:00.253,1.59585,1.59621,1.43,1.50
2012.02.24 06:22:00.332,1.59585,1.59616,1.43,1.50
2012.02.24 06:22:00.593,1.59585,1.59621,1.43,3.00
2012.02.24 06:22:00.725,1.59583,1.5962,1.43,2.25
2012.02.24 06:22:01.067,1.59583,1.5962,1.43,1.50
2012.02.24 06:22:02.165,1.59583,1.59621,1.43,1.50
2012.02.24 06:22:02.234,1.59586,1.59625,1.43,2.25
2012.02.24 06:22:02.588,1.59589,1.59625,1.43,2.25
2012.02.24 06:22:07.330,1.59589,1.59622,1.43,1.50
2012.02.24 06:22:07.972,1.59589,1.59621,1.43,1.50
2012.02.24 06:22:08.557,1.59588,1.59621,1.43,1.50
2012.02.24 06:22:09.719,1.59587,1.59621,1.43,1.50
2012.02.24 06:22:10.308,1.59587,1.59626,1.43,2.25
2012.02.24 06:22:17.044,1.59587,1.5963,1.43,1.50
2012.02.24 06:22:18.184,1.59587,1.5963,1.43,2.25
2012.02.24 06:22:20.061,1.59588,1.5963,1.43,2.25
2012.02.24 06:22:20.663,1.59588,1.5963,1.43,1.50
2012.02.24 06:22:20.739,1.59595,1.5963,1.43,2.25
2012.02.24 06:22:20.813,1.59595,1.5963,1.43,1.50
2012.02.24 06:22:20.882,1.59595,1.59627,1.43,1.50
2012.02.24 06:22:20.952,1.59593,1.59627,1.43,1.50
2012.02.24 06:22:21.201,1.59594,1.59624,1.43,1.50
2012.02.24 06:22:21.708,1.59594,1.59622,1.43,1.50
2012.02.24 06:22:21.921,1.59583,1.59619,1.43,1.50
2012.02.24 06:22:22.956,1.59582,1.59619,1.43,1.50
2012.02.24 06:22:23.028,1.59592,1.59626,1.43,1.50
2012.02.24 06:22:24.880,1.59592,1.5963,1.43,1.50
2012.02.24 06:22:27.858,1.59596,1.59637,1.43,2.48
2012.02.24 06:22:28.090,1.59592,1.59631,1.43,1.50
2012.02.24 06:22:39.691,1.59592,1.59631,1.43,2.25
2012.02.24 06:22:41.302,1.59592,1.59631,1.43,1.50
2012.02.24 06:22:45.361,1.59592,1.59631,1.43,2.25
2012.02.24 06:22:45.430,1.59592,1.59631,1.43,1.50
2012.02.24 06:22:45.856,1.59592,1.59631,1.43,2.25
2012.02.24 06:22:45.970,1.59592,1.59631,1.43,1.50
2012.02.24 06:22:47.464,1.59592,1.59631,1.43,2.25
2012.02.24 06:22:48.513,1.59592,1.59631,1.43,1.50
2012.02.24 06:22:49.077,1.59589,1.59631,1.43,2.25
2012.02.24 06:22:49.628,1.59588,1.59631,1.43,3.68
2012.02.24 06:22:50.260,1.59588,1.59631,1.43,2.93
2012.02.24 06:22:51.397,1.59589,1.59631,1.50,1.43
2012.02.24 06:22:53.173,1.59589,1.59631,1.50,2.18
2012.02.24 06:22:53.981,1.59588,1.59631,1.43,3.68
2012.02.24 06:22:54.841,1.59588,1.59623,1.43,1.35
2012.02.24 06:22:55.597,1.59588,1.5962,1.43,2.85
2012.02.24 06:22:55.672,1.59575,1.59613,1.43,1.35
2012.02.24 06:22:56.123,1.59571,1.59608,1.50,1.43
2012.02.24 06:22:56.676,1.59575,1.59614,1.43,1.73
2012.02.24 06:22:58.902,1.59565,1.59608,2.93,1.43
2012.02.24 06:23:00.083,1.59569,1.59615,1.50,1.95
2012.02.24 06:23:00.834,1.59569,1.59613,1.50,1.43
2012.02.24 06:23:04.371,1.59576,1.59618,1.43,2.85
2012.02.24 06:23:05.431,1.59576,1.59612,1.43,1.50
2012.02.24 06:23:06.058,1.59575,1.59607,1.43,1.50
2012.02.24 06:23:06.255,1.59566,1.59602,1.43,1.50
2012.02.24 06:23:06.691,1.59566,1.59607,1.43,1.43
2012.02.24 06:23:06.890,1.59575,1.5961,1.43,1.50
2012.02.24 06:23:08.192,1.59575,1.59612,1.43,1.50
2012.02.24 06:23:08.260,1.59575,1.59617,1.43,3.60
2012.02.24 06:23:08.781,1.59573,1.59615,2.18,1.80
2012.02.24 06:23:08.852,1.59573,1.59615,1.43,1.43
2012.02.24 06:23:09.164,1.5957,1.59614,1.50,1.43
2012.02.24 06:23:09.894,1.59571,1.59613,1.43,2.18
2012.02.24 06:23:10.493,1.59574,1.5961,1.43,1.50
2012.02.24 06:23:10.898,1.59574,1.59607,1.43,1.50
2012.02.24 06:23:11.774,1.59574,1.59602,1.43,1.50
2012.02.24 06:23:11.903,1.59564,1.59602,1.43,1.50
2012.02.24 06:23:13.062,1.59564,1.59602,2.18,1.50
2012.02.24 06:23:13.137,1.59564,1.59602,1.43,1.50
2012.02.24 06:23:13.203,1.59564,1.59602,2.18,1.50
2012.02.24 06:23:13.372,1.59566,1.59604,2.18,1.50
2012.02.24 06:23:13.441,1.59566,1.59607,2.18,1.43
2012.02.24 06:23:13.780,1.59568,1.59607,1.50,1.43
2012.02.24 06:23:14.177,1.59575,1.59615,1.43,2.10
2012.02.24 06:23:14.533,1.59575,1.59609,1.43,1.50
2012.02.24 06:23:15.421,1.59553,1.59594,2.18,1.50
2012.02.24 06:23:15.510,1.59564,1.59602,1.43,1.50
2012.02.24 06:23:15.586,1.59567,1.59602,1.43,1.50
2012.02.24 06:23:15.900,1.59569,1.59602,1.43,1.50
2012.02.24 06:23:16.342,1.59566,1.59602,1.43,1.50
2012.02.24 06:23:16.549,1.59566,1.59599,1.43,1.50
2012.02.24 06:23:16.874,1.59563,1.59597,1.43,1.50
2012.02.24 06:23:17.767,1.59565,1.59597,2.18,1.50
2012.02.24 06:23:18.002,1.59565,1.59597,1.43,1.50
2012.02.24 06:23:19.073,1.59565,1.59591,1.43,1.50
2012.02.24 06:23:19.540,1.59569,1.59591,1.43,1.50
2012.02.24 06:23:19.730,1.59569,1.59596,1.43,1.50
2012.02.24 06:23:21.629,1.59568,1.59596,1.43,1.50
2012.02.24 06:23:22.350,1.59568,1.59602,1.43,1.50
2012.02.24 06:23:22.533,1.59565,1.59602,1.43,1.50
2012.02.24 06:23:23.593,1.59564,1.59602,2.18,1.50
2012.02.24 06:23:23.736,1.59564,1.59606,2.18,1.50
2012.02.24 06:23:23.801,1.59571,1.59606,1.43,1.50
2012.02.24 06:23:24.483,1.59575,1.59606,1.43,1.50
2012.02.24 06:23:27.203,1.59574,1.59606,1.43,1.50
2012.02.24 06:23:27.329,1.59568,1.59606,1.43,1.50
2012.02.24 06:23:29.273,1.59568,1.59609,1.43,1.50
2012.02.24 06:23:29.486,1.59576,1.59611,1.43,1.50
2012.02.24 06:23:33.757,1.59569,1.5961,1.43,1.43
2012.02.24 06:23:34.622,1.59569,1.59611,1.43,2.93
2012.02.24 06:23:34.873,1.59566,1.59607,1.43,1.43
2012.02.24 06:23:36.166,1.59566,1.59607,1.43,2.18
2012.02.24 06:23:36.238,1.59564,1.59607,2.93,1.43
2012.02.24 06:23:36.761,1.59564,1.59606,1.43,1.50
2012.02.24 06:23:37.580,1.59565,1.59606,1.43,1.50
2012.02.24 06:23:39.756,1.59565,1.59606,1.43,2.25
2012.02.24 06:23:40.430,1.59565,1.59598,1.43,1.50
2012.02.24 06:23:46.524,1.59565,1.59593,1.43,1.50
2012.02.24 06:23:46.600,1.59557,1.59593,1.43,1.50
2012.02.24 06:23:47.208,1.59561,1.59593,1.43,1.50
2012.02.24 06:23:47.509,1.59569,1.59598,1.43,1.50
2012.02.24 06:23:49.929,1.5957,1.59598,1.43,1.50
2012.02.24 06:23:51.702,1.5957,1.59601,1.43,1.50
2012.02.24 06:23:51.772,1.5957,1.59604,1.43,2.25
2012.02.24 06:23:52.786,1.5957,1.59604,1.43,1.50
2012.02.24 06:23:58.522,1.5957,1.596,1.43,1.50
2012.02.24 06:23:58.655,1.59567,1.596,1.43,1.50
2012.02.24 06:23:59.406,1.59566,1.59595,1.43,1.50
2012.02.24 06:23:59.943,1.59566,1.59596,1.43,1.50
2012.02.24 06:24:00.517,1.59566,1.59599,1.43,1.50
2012.02.24 06:24:03.479,1.59566,1.59601,1.43,1.50
2012.02.24 06:24:03.550,1.59566,1.59606,1.43,1.50
2012.02.24 06:24:03.681,1.59575,1.59606,1.43,2.25
2012.02.24 06:24:03.750,1.59565,1.59601,1.43,1.50
2012.02.24 06:24:06.126,1.59565,1.59608,1.43,1.43
2012.02.24 06:24:06.193,1.59566,1.59602,1.43,1.50
2012.02.24 06:24:06.698,1.59565,1.59602,1.43,1.50
2012.02.24 06:24:08.330,1.59565,1.59604,1.43,1.50
2012.02.24 06:24:08.408,1.59576,1.59609,1.43,1.50
2012.02.24 06:24:10.257,1.59576,1.59611,1.43,2.10
2012.02.24 06:24:10.335,1.59576,1.59616,1.43,2.18
2012.02.24 06:24:10.406,1.59581,1.59621,1.43,2.25
2012.02.24 06:24:10.474,1.59581,1.59621,1.43,1.50
2012.02.24 06:24:10.543,1.59576,1.59616,1.43,1.43
2012.02.24 06:24:11.117,1.59576,1.59615,1.43,1.50
2012.02.24 06:24:11.924,1.59576,1.59609,1.43,1.50
2012.02.24 06:24:12.124,1.59571,1.5961,1.43,1.50
2012.02.24 06:24:12.472,1.59571,1.59607,1.43,1.50
2012.02.24 06:24:12.600,1.59566,1.59605,1.43,1.50
2012.02.24 06:24:12.963,1.59566,1.59601,1.43,1.50
2012.02.24 06:24:14.572,1.59566,1.596,1.43,1.50
2012.02.24 06:24:15.254,1.59564,1.59605,1.43,1.50
2012.02.24 06:24:15.815,1.59564,1.59605,1.43,2.10
2012.02.24 06:24:16.142,1.59564,1.59602,1.43,1.50
2012.02.24 06:24:16.610,1.59564,1.596,1.43,1.50
2012.02.24 06:24:19.980,1.59564,1.59597,1.43,1.50
2012.02.24 06:24:20.523,1.59564,1.59594,1.43,1.50
2012.02.24 06:24:29.388,1.59564,1.59587,1.43,1.50
2012.02.24 06:24:29.651,1.59554,1.59587,1.43,1.50
2012.02.24 06:24:34.689,1.59563,1.59587,1.43,1.50
2012.02.24 06:24:35.594,1.59563,1.5959,1.43,1.50
2012.02.24 06:24:35.663,1.59563,1.59594,1.43,1.50
2012.02.24 06:24:35.865,1.5956,1.59594,1.43,1.50
2012.02.24 06:24:36.889,1.59558,1.59594,1.43,1.50
2012.02.24 06:24:39.863,1.59558,1.59596,1.43,1.50
2012.02.24 06:24:39.932,1.59558,1.59598,1.43,1.50
2012.02.24 06:24:42.039,1.59558,1.59599,1.43,1.43
2012.02.24 06:24:45.699,1.59559,1.59601,1.43,1.43
2012.02.24 06:24:46.249,1.5956,1.59602,1.43,1.43
2012.02.24 06:24:46.321,1.5956,1.596,1.43,1.43
2012.02.24 06:24:46.773,1.5956,1.59602,1.43,1.43
2012.02.24 06:24:47.810,1.5956,1.59599,1.43,1.50
2012.02.24 06:24:48.616,1.5956,1.59602,1.43,1.43
2012.02.24 06:24:48.687,1.5957,1.59604,1.43,1.50
2012.02.24 06:24:48.992,1.59572,1.5961,1.43,1.50
2012.02.24 06:24:49.299,1.5957,1.5961,1.43,1.50
2012.02.24 06:24:49.921,1.59558,1.59594,2.03,1.50
2012.02.24 06:24:50.362,1.59558,1.59594,1.43,1.50
2012.02.24 06:24:50.429,1.59558,1.59596,1.43,1.50
2012.02.24 06:24:50.559,1.59558,1.59599,1.43,1.50
2012.02.24 06:24:51.522,1.59558,1.59593,1.43,1.50
2012.02.24 06:24:52.250,1.59552,1.59593,1.43,1.50
2012.02.24 06:24:53.832,1.59552,1.59599,1.43,1.50
2012.02.24 06:24:57.200,1.59551,1.59599,1.43,1.50
2012.02.24 06:24:58.433,1.5955,1.59599,2.93,1.50
2012.02.24 06:24:59.550,1.59551,1.59599,1.43,1.50
2012.02.24 06:25:00.488,1.59552,1.59599,1.43,1.50
2012.02.24 06:25:07.431,1.59552,1.59599,2.18,1.50
2012.02.24 06:25:07.500,1.59558,1.59604,1.50,1.43
2012.02.24 06:25:07.824,1.59552,1.59594,1.43,1.50
2012.02.24 06:25:08.399,1.59546,1.5959,2.18,2.93
2012.02.24 06:25:13.951,1.59548,1.5959,1.50,1.43
2012.02.24 06:25:14.023,1.59551,1.59594,1.43,1.43
2012.02.24 06:25:14.899,1.5955,1.5959,1.50,1.43
2012.02.24 06:25:15.543,1.59546,1.5959,3.68,1.43
2012.02.24 06:25:30.295,1.59546,1.5959,1.50,1.43
2012.02.24 06:25:30.366,1.59558,1.59593,1.43,1.50
2012.02.24 06:25:30.435,1.59558,1.59599,1.43,1.43
2012.02.24 06:25:30.621,1.59558,1.59595,1.43,1.50
2012.02.24 06:25:30.873,1.59555,1.59593,1.43,1.50
2012.02.24 06:25:31.825,1.59545,1.5959,2.18,1.50
2012.02.24 06:25:32.411,1.59547,1.5959,1.43,1.50
2012.02.24 06:25:33.212,1.59547,1.59591,1.43,2.93
2012.02.24 06:25:35.609,1.59547,1.5959,1.43,1.43
2012.02.24 06:25:36.218,1.59545,1.59589,3.68,1.43
2012.02.24 06:25:39.373,1.59547,1.59589,1.43,1.43
2012.02.24 06:25:43.444,1.5955,1.5959,1.43,1.43
2012.02.24 06:25:45.537,1.59545,1.59589,3.68,1.43
2012.02.24 06:25:45.752,1.5955,1.5959,1.43,1.43
2012.02.24 06:25:52.112,1.59553,1.5959,1.50,1.43
2012.02.24 06:25:52.240,1.5955,1.5959,1.43,1.43
2012.02.24 06:25:52.312,1.59559,1.59597,1.43,1.50
2012.02.24 06:25:52.382,1.59559,1.59601,1.43,1.43
2012.02.24 06:25:53.020,1.59555,1.59601,2.93,1.50
2012.02.24 06:25:53.095,1.59552,1.5959,1.50,1.43
2012.02.24 06:25:53.273,1.5955,1.59589,1.43,1.50
2012.02.24 06:25:54.230,1.59547,1.59589,1.43,2.93
2012.02.24 06:25:56.682,1.59545,1.59589,3.68,2.93
2012.02.24 06:25:57.233,1.59547,1.59589,1.50,1.43
2012.02.24 06:25:57.854,1.59547,1.59588,1.50,1.43
2012.02.24 06:26:01.899,1.59552,1.59593,1.43,1.43
2012.02.24 06:26:05.031,1.59553,1.59594,1.43,1.50
2012.02.24 06:26:05.345,1.5956,1.59599,1.50,1.43
2012.02.24 06:26:05.814,1.59557,1.59598,3.68,1.43
2012.02.24 06:26:06.486,1.59557,1.59599,3.68,1.43
2012.02.24 06:26:09.813,1.59557,1.59595,1.50,1.43
2012.02.24 06:26:10.752,1.59554,1.59595,1.50,1.43
2012.02.24 06:26:10.882,1.59553,1.59595,2.18,1.43
2012.02.24 06:26:11.975,1.59553,1.59595,1.43,2.93
2012.02.24 06:26:13.700,1.59553,1.59589,1.43,1.50
2012.02.24 06:26:14.196,1.59553,1.59592,1.43,1.50
2012.02.24 06:26:14.261,1.59553,1.59595,1.43,2.93
2012.02.24 06:26:14.512,1.59553,1.59595,2.18,2.93
2012.02.24 06:26:14.952,1.59553,1.59595,1.43,2.93
2012.02.24 06:26:17.582,1.59553,1.59595,2.18,2.93
2012.02.24 06:26:17.861,1.59553,1.59595,1.43,2.93
2012.02.24 06:26:26.661,1.59546,1.59591,2.25,1.43
2012.02.24 06:26:28.223,1.59551,1.59591,1.50,1.43
2012.02.24 06:26:28.563,1.59555,1.59596,1.43,2.18
2012.02.24 06:26:29.099,1.59555,1.59596,1.43,1.43
2012.02.24 06:26:29.494,1.59554,1.59589,1.43,1.50
2012.02.24 06:26:32.341,1.59554,1.59594,1.43,1.50
2012.02.24 06:26:33.890,1.59551,1.59593,1.43,1.43
2012.02.24 06:26:41.327,1.59552,1.59592,1.43,1.43
2012.02.24 06:26:42.112,1.59554,1.59595,1.43,1.43
2012.02.24 06:26:42.753,1.59551,1.59593,1.43,1.43
2012.02.24 06:26:56.224,1.59554,1.59594,1.43,1.50
2012.02.24 06:26:56.357,1.59554,1.59597,1.43,1.43
2012.02.24 06:26:56.544,1.59554,1.59594,1.43,1.50
2012.02.24 06:26:56.675,1.59547,1.5959,2.25,1.43
2012.02.24 06:26:57.777,1.59542,1.59589,2.85,1.50
2012.02.24 06:26:58.359,1.59546,1.59595,2.25,1.50
2012.02.24 06:26:59.277,1.59546,1.5959,2.25,1.43
2012.02.24 06:27:01.166,1.59546,1.5959,1.50,1.43
2012.02.24 06:27:01.352,1.59544,1.59589,1.50,1.50
2012.02.24 06:27:01.482,1.59542,1.59589,1.50,1.50
2012.02.24 06:27:01.824,1.59542,1.59589,1.50,2.25
2012.02.24 06:27:02.476,1.59542,1.59589,1.50,1.50
2012.02.24 06:27:06.495,1.59542,1.59589,1.50,2.25
2012.02.24 06:27:07.373,1.59542,1.59589,1.50,1.50
2012.02.24 06:27:07.779,1.59545,1.59589,1.50,1.50
2012.02.24 06:27:08.151,1.59547,1.5959,2.25,1.43
2012.02.24 06:27:08.219,1.59547,1.59592,2.25,1.43
2012.02.24 06:27:08.757,1.59547,1.59591,2.25,1.43
2012.02.24 06:27:08.950,1.59542,1.59589,2.25,1.50
2012.02.24 06:27:09.087,1.59546,1.59595,2.25,1.50
2012.02.24 06:27:09.210,1.59546,1.59595,1.50,2.25
2012.02.24 06:27:10.329,1.59554,1.59592,1.43,1.50
2012.02.24 06:27:10.398,1.5955,1.5959,1.43,2.93
2012.02.24 06:27:10.604,1.59553,1.5959,1.43,1.50
2012.02.24 06:27:11.111,1.59554,1.5959,1.43,1.50
2012.02.24 06:27:11.355,1.59552,1.5959,1.43,1.50
2012.02.24 06:27:11.423,1.59547,1.59587,1.43,1.50
2012.02.24 06:27:11.498,1.59547,1.59585,1.43,1.50
2012.02.24 06:27:12.168,1.59543,1.59585,1.43,2.93
2012.02.24 06:27:12.230,1.59539,1.59579,1.43,1.50
2012.02.24 06:27:13.172,1.59539,1.59583,1.43,1.43
2012.02.24 06:27:16.702,1.59544,1.59583,1.50,1.43
2012.02.24 06:27:17.534,1.59544,1.59577,1.50,1.43
2012.02.24 06:27:17.603,1.59542,1.59577,1.50,1.43
2012.02.24 06:27:17.669,1.59539,1.59577,1.50,1.43
2012.02.24 06:27:17.742,1.59545,1.59592,1.50,1.50
2012.02.24 06:27:17.810,1.59543,1.59586,1.50,1.50
2012.02.24 06:27:17.880,1.59539,1.59586,1.50,1.50
2012.02.24 06:27:21.436,1.59542,1.59586,1.50,1.50
2012.02.24 06:27:21.753,1.59549,1.59584,1.50,1.43
2012.02.24 06:27:22.439,1.59543,1.59584,1.50,1.43
2012.02.24 06:27:23.776,1.59543,1.59584,1.50,2.18
2012.02.24 06:27:24.024,1.59543,1.59586,1.50,1.43
2012.02.24 06:27:24.921,1.59543,1.59586,1.50,2.18
2012.02.24 06:27:26.954,1.59541,1.59586,1.43,2.18
2012.02.24 06:27:27.083,1.59541,1.59586,1.43,1.43
2012.02.24 06:27:27.155,1.59541,1.59582,1.43,1.50
2012.02.24 06:27:27.341,1.59535,1.59578,2.18,1.43
2012.02.24 06:27:28.723,1.59538,1.59578,1.50,1.43
2012.02.24 06:27:31.149,1.59544,1.59585,1.50,1.43
2012.02.24 06:27:31.922,1.59542,1.59584,1.50,1.43
2012.02.24 06:27:32.008,1.5954,1.59584,1.43,1.43
2012.02.24 06:27:34.834,1.59539,1.59577,1.50,1.43
2012.02.24 06:27:36.732,1.5954,1.59583,1.43,1.43
2012.02.24 06:27:36.910,1.59539,1.59585,2.93,1.43
2012.02.24 06:27:38.364,1.59539,1.59581,1.50,1.43
2012.02.24 06:27:51.128,1.59544,1.59581,1.50,1.43
2012.02.24 06:27:55.322,1.59544,1.5958,1.50,1.43
2012.02.24 06:28:01.926,1.59544,1.5958,2.25,1.43
2012.02.24 06:28:04.874,1.59544,1.59579,2.25,1.43
2012.02.24 06:28:08.871,1.59544,1.59578,2.25,1.43
2012.02.24 06:28:09.184,1.59559,1.59592,1.50,1.43
2012.02.24 06:28:11.481,1.59555,1.59592,2.25,1.43
2012.02.24 06:28:11.736,1.59563,1.59592,2.25,1.43
2012.02.24 06:28:11.922,1.59563,1.59597,2.25,1.43
2012.02.24 06:28:16.539,1.59563,1.59596,2.25,1.43
2012.02.24 06:28:17.591,1.59563,1.596,2.25,1.43
2012.02.24 06:28:19.188,1.59563,1.59602,2.25,1.43
2012.02.24 06:28:26.520,1.59564,1.59597,1.35,1.43
2012.02.24 06:28:26.679,1.59563,1.59597,2.10,1.43
2012.02.24 06:28:27.544,1.59563,1.59597,1.50,1.43
2012.02.24 06:28:27.618,1.59563,1.59597,2.25,1.43
2012.02.24 06:28:27.953,1.59563,1.59597,1.50,1.43
2012.02.24 06:28:28.021,1.59554,1.59597,3.66,1.43
2012.02.24 06:28:28.156,1.59554,1.59597,2.93,1.43
2012.02.24 06:28:28.869,1.59555,1.59597,1.50,1.43
2012.02.24 06:28:30.842,1.59548,1.59593,1.50,1.43
2012.02.24 06:28:31.185,1.59548,1.59593,2.25,1.43
2012.02.24 06:28:52.581,1.59555,1.59596,2.18,1.43
2012.02.24 06:28:54.770,1.59546,1.59592,2.25,1.43
2012.02.24 06:29:08.733,1.59553,1.59593,2.25,1.43
2012.02.24 06:29:08.801,1.59553,1.59593,1.50,1.43
2012.02.24 06:29:09.035,1.59553,1.59593,2.25,1.43
2012.02.24 06:29:09.302,1.59553,1.59593,1.50,1.43
2012.02.24 06:29:09.750,1.59553,1.59593,2.25,1.43
2012.02.24 06:29:11.944,1.59553,1.59593,1.50,1.43
2012.02.24 06:29:12.720,1.59553,1.59593,2.25,1.43
2012.02.24 06:29:13.099,1.59558,1.59594,1.50,1.43
2012.02.24 06:29:13.633,1.59558,1.59596,2.25,1.43
2012.02.24 06:29:13.824,1.59556,1.59594,2.25,1.43
2012.02.24 06:29:14.488,1.59554,1.59597,2.18,2.93
2012.02.24 06:29:14.560,1.59547,1.59585,2.25,1.43
2012.02.24 06:29:17.003,1.59556,1.59585,2.25,1.43
2012.02.24 06:29:17.433,1.59563,1.59599,2.25,2.03
2012.02.24 06:29:17.566,1.59556,1.59599,2.25,2.03
2012.02.24 06:29:17.902,1.59552,1.59585,2.25,1.43
2012.02.24 06:29:18.474,1.59552,1.59585,2.25,1.43
2012.02.24 06:29:18.544,1.59547,1.59577,2.25,1.43
2012.02.24 06:29:18.842,1.59547,1.59579,2.25,1.43
2012.02.24 06:29:19.482,1.59547,1.59578,2.25,1.43
2012.02.24 06:29:22.611,1.59547,1.5958,2.25,1.43
2012.02.24 06:29:24.880,1.59547,1.59578,2.25,1.43
2012.02.24 06:29:25.809,1.59545,1.59577,2.25,1.43
2012.02.24 06:29:27.309,1.59545,1.59579,2.25,1.43
2012.02.24 06:29:35.652,1.59545,1.59577,2.25,1.43
2012.02.24 06:29:35.779,1.59545,1.59579,2.25,1.43
2012.02.24 06:29:39.022,1.59545,1.59577,2.25,1.43
2012.02.24 06:29:39.623,1.59545,1.59577,2.25,1.43
2012.02.24 06:29:40.409,1.59551,1.59592,2.25,1.43
2012.02.24 06:29:40.482,1.59551,1.59577,2.25,1.43
2012.02.24 06:29:40.842,1.59551,1.59593,2.25,1.43
2012.02.24 06:29:42.586,1.59556,1.59593,2.25,1.43
2012.02.24 06:29:43.365,1.59556,1.59594,2.25,1.43
2012.02.24 06:29:43.462,1.59561,1.59597,2.25,1.43
2012.02.24 06:29:43.537,1.59561,1.59597,2.25,1.43
2012.02.24 06:29:44.572,1.59577,1.59611,2.25,1.43
2012.02.24 06:29:44.942,1.59571,1.59602,2.25,1.43
2012.02.24 06:29:45.274,1.59576,1.59602,2.25,1.43
2012.02.24 06:29:45.988,1.59576,1.59617,2.25,2.03
2012.02.24 06:29:46.290,1.59576,1.59615,2.25,1.43
2012.02.24 06:29:46.562,1.59576,1.59617,2.25,1.43
2012.02.24 06:29:53.764,1.59576,1.59617,2.25,1.43
2012.02.24 06:29:53.904,1.59571,1.5962,2.25,1.50
2012.02.24 06:29:54.467,1.59571,1.5962,2.25,1.50
2012.02.24 06:29:54.827,1.59571,1.59616,2.25,1.43
2012.02.24 06:29:56.183,1.5958,1.5962,1.43,1.50
2012.02.24 06:29:56.253,1.5958,1.59622,1.50,1.50
2012.02.24 06:29:56.441,1.5958,1.59623,2.25,1.43
2012.02.24 06:29:56.574,1.5958,1.59629,2.25,1.50
2012.02.24 06:29:56.764,1.5958,1.59629,1.50,1.50
2012.02.24 06:29:56.835,1.5958,1.59622,1.50,1.43
2012.02.24 06:29:57.244,1.5958,1.59625,1.50,1.43
2012.02.24 06:29:57.311,1.5958,1.59625,2.25,1.43
2012.02.24 06:29:58.002,1.59585,1.59634,2.25,2.93
2012.02.24 06:29:58.219,1.59585,1.59629,2.25,1.50
2012.02.24 06:29:58.427,1.5958,1.59627,1.50,1.50
2012.02.24 06:29:58.796,1.59579,1.59622,1.43,1.50
2012.02.24 06:29:59.116,1.59574,1.59612,2.18,1.50
2012.02.24 06:29:59.362,1.59571,1.59612,1.43,1.50
2012.02.24 06:29:59.495,1.59571,1.59612,2.18,1.50
2012.02.24 06:30:01.382,1.59562,1.59607,2.25,1.50
2012.02.24 06:30:01.456,1.59562,1.59605,2.25,1.43
2012.02.24 06:30:01.775,1.59557,1.59593,2.25,1.43
2012.02.24 06:30:02.450,1.59554,1.59599,2.25,1.50
2012.02.24 06:30:02.538,1.59563,1.596,2.25,1.43
2012.02.24 06:30:05.733,1.59563,1.596,1.50,1.43
2012.02.24 06:30:06.444,1.59563,1.596,2.25,1.43
2012.02.24 06:30:07.652,1.59558,1.596,1.50,1.43
2012.02.24 06:30:08.169,1.59551,1.59599,2.25,1.50
2012.02.24 06:30:08.240,1.59548,1.59592,3.68,1.50
2012.02.24 06:30:08.549,1.59543,1.5958,2.25,1.43
2012.02.24 06:30:09.643,1.59543,1.5958,2.25,1.43
2012.02.24 06:30:10.199,1.59543,1.5958,1.50,1.43
2012.02.24 06:30:10.276,1.59543,1.5958,2.25,1.43
2012.02.24 06:30:10.415,1.59543,1.5958,1.50,1.43
2012.02.24 06:30:10.601,1.59535,1.59565,2.25,1.43
2012.02.24 06:30:10.773,1.59535,1.59579,2.25,1.43
2012.02.24 06:30:16.904,1.59535,1.59579,1.50,1.43
2012.02.24 06:30:17.090,1.59531,1.59578,1.50,1.50
2012.02.24 06:30:17.304,1.59526,1.59562,2.25,1.43
2012.02.24 06:30:17.806,1.59528,1.59564,2.25,1.43
2012.02.24 06:30:19.167,1.59525,1.59564,2.25,1.43
2012.02.24 06:30:33.742,1.59525,1.59564,2.25,1.43
2012.02.24 06:30:35.172,1.59525,1.59564,2.25,1.43
2012.02.24 06:30:42.691,1.59527,1.59574,2.25,1.43
2012.02.24 06:30:43.426,1.59527,1.59575,2.25,1.43
2012.02.24 06:30:45.261,1.59527,1.59575,2.25,1.43
2012.02.24 06:30:45.843,1.59528,1.59576,2.18,1.50
2012.02.24 06:30:46.207,1.59536,1.59576,1.48,1.50
2012.02.24 06:30:47.262,1.59536,1.59576,1.48,1.50
2012.02.24 06:30:47.574,1.59532,1.59578,2.25,1.43
2012.02.24 06:30:47.645,1.5953,1.59573,1.48,1.43
2012.02.24 06:30:48.628,1.5953,1.59574,1.48,1.43
2012.02.24 06:30:48.705,1.59528,1.59574,2.23,1.43
2012.02.24 06:30:50.362,1.5953,1.59574,1.48,1.43
2012.02.24 06:30:52.264,1.5953,1.59575,1.48,2.93
2012.02.24 06:31:08.781,1.59534,1.59579,1.48,1.43
2012.02.24 06:31:09.727,1.59534,1.59579,1.48,1.43
2012.02.24 06:31:10.714,1.59539,1.59579,1.50,1.43
2012.02.24 06:31:11.929,1.59534,1.59579,1.48,1.43
2012.02.24 06:31:12.470,1.59538,1.59579,1.50,1.43
2012.02.24 06:31:14.813,1.59538,1.59579,2.25,1.43
2012.02.24 06:31:14.881,1.59538,1.59579,1.50,1.43
2012.02.24 06:31:15.224,1.59538,1.59579,2.25,1.43
2012.02.24 06:31:15.445,1.59538,1.59579,1.50,1.43
2012.02.24 06:31:15.854,1.59536,1.59579,1.48,1.43
2012.02.24 06:31:15.984,1.59536,1.59579,1.48,1.43
2012.02.24 06:31:16.639,1.59536,1.59579,1.48,1.43
2012.02.24 06:31:17.531,1.59534,1.59579,2.25,1.43
2012.02.24 06:31:21.553,1.59538,1.59579,1.50,1.43
2012.02.24 06:31:21.866,1.59534,1.59579,2.25,1.43
2012.02.24 06:31:22.471,1.59534,1.59575,2.25,1.43
2012.02.24 06:31:23.877,1.59534,1.59575,2.25,1.43
2012.02.24 06:31:26.014,1.5954,1.59575,1.50,1.43
2012.02.24 06:31:26.239,1.5954,1.59575,2.25,1.43
2012.02.24 06:31:26.457,1.5954,1.59575,1.50,1.43
2012.02.24 06:31:28.232,1.59535,1.59575,2.25,1.43
2012.02.24 06:31:36.664,1.59535,1.59578,2.25,1.43
2012.02.24 06:31:36.925,1.5954,1.59579,1.50,1.43
2012.02.24 06:31:38.171,1.5954,1.59579,2.25,1.43
2012.02.24 06:31:38.871,1.59543,1.59583,2.18,1.43
2012.02.24 06:31:39.630,1.59538,1.5958,2.25,1.43
2012.02.24 06:31:44.068,1.59543,1.59591,2.25,1.73
2012.02.24 06:31:44.956,1.59543,1.59585,2.25,1.43
2012.02.24 06:31:45.146,1.59543,1.59586,2.25,1.43
2012.02.24 06:31:51.423,1.59537,1.59584,2.25,1.50
2012.02.24 06:31:55.723,1.59537,1.59584,2.25,1.50
2012.02.24 06:31:55.914,1.59537,1.59584,2.25,1.50
2012.02.24 06:31:59.259,1.59541,1.59585,2.25,1.43
2012.02.24 06:32:02.502,1.59541,1.59583,2.25,1.43
2012.02.24 06:32:02.638,1.59533,1.59578,1.48,1.50
2012.02.24 06:32:02.768,1.59531,1.59578,2.25,2.93
2012.02.24 06:32:03.581,1.59531,1.59577,2.25,1.43
2012.02.24 06:32:04.893,1.59531,1.59576,2.25,1.43
2012.02.24 06:32:09.207,1.59531,1.59578,2.25,2.93
2012.02.24 06:32:09.796,1.59536,1.59577,2.25,1.43
2012.02.24 06:32:09.861,1.59536,1.59584,2.25,1.43
2012.02.24 06:32:11.498,1.59536,1.59584,2.25,1.43
2012.02.24 06:32:15.672,1.59536,1.5958,2.25,1.43
2012.02.24 06:32:17.161,1.59536,1.5958,2.25,1.43
2012.02.24 06:32:17.932,1.59542,1.5958,1.50,1.43
2012.02.24 06:32:18.596,1.59536,1.5958,2.25,1.43
2012.02.24 06:32:21.658,1.59541,1.5958,1.50,1.43
2012.02.24 06:32:21.735,1.59543,1.59584,1.50,1.43
2012.02.24 06:32:22.043,1.59543,1.59586,1.50,1.43
2012.02.24 06:32:22.111,1.59543,1.59586,2.25,1.43
2012.02.24 06:32:22.717,1.59543,1.59585,2.25,1.43
2012.02.24 06:32:38.027,1.59543,1.59586,2.25,1.43
2012.02.24 06:32:54.149,1.59546,1.59587,2.25,1.43
2012.02.24 06:32:54.462,1.59554,1.59588,1.50,1.43
2012.02.24 06:32:54.533,1.59554,1.59591,1.50,1.43
2012.02.24 06:32:54.604,1.59557,1.59591,1.50,1.43
2012.02.24 06:32:54.955,1.59557,1.59598,1.50,1.43
2012.02.24 06:32:55.027,1.59557,1.59598,2.25,1.43
2012.02.24 06:32:55.791,1.59557,1.59603,1.50,1.43
2012.02.24 06:32:56.000,1.59561,1.59603,1.50,1.43
2012.02.24 06:32:56.318,1.59563,1.59603,1.50,1.43
2012.02.24 06:32:57.207,1.59563,1.596,1.50,1.43
2012.02.24 06:32:59.654,1.59563,1.59608,1.50,1.43
2012.02.24 06:32:59.723,1.59563,1.59608,2.25,1.43
2012.02.24 06:33:00.044,1.59568,1.59608,1.50,1.43
2012.02.24 06:33:00.113,1.59566,1.59608,2.25,1.43
2012.02.24 06:33:01.927,1.59564,1.59607,2.25,1.43
2012.02.24 06:33:02.655,1.59562,1.59608,2.25,2.93
2012.02.24 06:33:02.907,1.59559,1.59608,1.50,2.93
2012.02.24 06:33:03.165,1.59567,1.59608,1.50,1.43
2012.02.24 06:33:04.659,1.59575,1.59608,1.50,1.43
2012.02.24 06:33:04.796,1.59577,1.59611,2.25,1.43
2012.02.24 06:33:05.044,1.59575,1.59615,2.25,1.43
2012.02.24 06:33:05.292,1.59575,1.59615,1.50,1.43
2012.02.24 06:33:05.363,1.59575,1.59622,2.25,1.50
2012.02.24 06:33:05.494,1.59575,1.59615,2.25,1.43
2012.02.24 06:33:06.158,1.59585,1.59625,1.50,1.43
2012.02.24 06:33:06.234,1.59585,1.59627,1.50,1.43
2012.02.24 06:33:06.303,1.59585,1.59625,1.50,1.43
2012.02.24 06:33:06.495,1.59579,1.59625,1.50,1.43
2012.02.24 06:33:06.563,1.59579,1.59625,2.25,1.43
2012.02.24 06:33:06.753,1.59579,1.59625,1.50,1.43
2012.02.24 06:33:07.913,1.59579,1.59628,1.50,2.93
2012.02.24 06:33:08.707,1.59579,1.59626,2.25,1.43
2012.02.24 06:33:10.813,1.59575,1.59622,2.91,1.50
2012.02.24 06:33:11.051,1.59575,1.59622,2.18,1.50
2012.02.24 06:33:11.852,1.59575,1.59622,2.18,1.50
2012.02.24 06:33:12.315,1.59579,1.59626,2.25,2.93
2012.02.24 06:33:12.445,1.59586,1.59629,2.25,1.50
2012.02.24 06:33:12.577,1.59586,1.59635,1.50,2.25
2012.02.24 06:33:12.703,1.59586,1.59635,3.75,1.50
2012.02.24 06:33:13.016,1.59586,1.5963,2.25,1.50
2012.02.24 06:33:13.243,1.59587,1.59632,2.25,1.43
2012.02.24 06:33:14.020,1.59581,1.5963,2.25,1.50
2012.02.24 06:33:15.963,1.59581,1.5963,1.50,1.50
2012.02.24 06:33:16.215,1.59581,1.5963,2.25,1.50
2012.02.24 06:33:16.550,1.59581,1.59626,2.25,1.43
2012.02.24 06:33:20.503,1.59581,1.59626,1.50,1.43
2012.02.24 06:33:20.574,1.59576,1.59625,2.25,1.50
2012.02.24 06:33:22.645,1.59575,1.59619,2.18,1.50
2012.02.24 06:33:25.872,1.59577,1.59624,1.50,2.93
2012.02.24 06:33:26.292,1.59577,1.59622,1.50,1.43
2012.02.24 06:33:26.688,1.59569,1.59613,2.25,1.43
2012.02.24 06:33:27.257,1.59569,1.59614,2.25,1.43
2012.02.24 06:33:28.071,1.59569,1.59616,2.25,1.50
2012.02.24 06:33:28.472,1.59573,1.59622,2.25,1.50
2012.02.24 06:33:30.983,1.59573,1.59622,2.25,1.50
2012.02.24 06:33:31.182,1.59578,1.59625,2.25,1.43
2012.02.24 06:33:31.251,1.59578,1.59627,2.25,1.50
2012.02.24 06:33:33.071,1.59576,1.59621,2.18,1.50
2012.02.24 06:33:33.264,1.59575,1.59621,2.18,1.50
2012.02.24 06:33:35.060,1.59575,1.59621,2.18,1.50
2012.02.24 06:33:36.305,1.59576,1.59621,2.18,1.50
2012.02.24 06:33:36.378,1.59581,1.59628,2.93,1.50
2012.02.24 06:33:36.442,1.59581,1.59628,3.68,1.50
2012.02.24 06:33:36.776,1.59581,1.59625,2.25,1.43
2012.02.24 06:33:36.847,1.59581,1.59628,2.25,1.50
2012.02.24 06:33:41.290,1.59581,1.59628,1.50,1.50
2012.02.24 06:33:42.089,1.59581,1.59626,1.50,1.43
2012.02.24 06:33:42.167,1.59581,1.59628,1.50,1.50
2012.02.24 06:33:44.931,1.59581,1.59628,2.25,1.50
2012.02.24 06:33:47.143,1.59585,1.5963,2.25,1.43
2012.02.24 06:33:47.212,1.59585,1.59634,3.68,1.50
2012.02.24 06:33:52.477,1.59585,1.5963,3.68,1.50
2012.02.24 06:33:52.777,1.59582,1.59628,2.18,1.50
2012.02.24 06:33:56.723,1.59582,1.59628,1.43,1.50
2012.02.24 06:33:57.762,1.59582,1.59628,2.18,1.50
2012.02.24 06:33:58.070,1.59586,1.59634,2.18,1.50
2012.02.24 06:34:00.711,1.59586,1.59626,2.18,1.50
2012.02.24 06:34:00.915,1.59579,1.59621,2.18,1.43
2012.02.24 06:34:01.047,1.59576,1.59617,3.68,1.43
2012.02.24 06:34:01.737,1.59574,1.59611,2.25,1.43
2012.02.24 06:34:02.660,1.59575,1.59611,2.25,1.43
2012.02.24 06:34:03.751,1.5957,1.59611,3.68,1.43
2012.02.24 06:34:03.950,1.5957,1.59611,3.68,1.43
2012.02.24 06:34:04.203,1.5957,1.59611,3.68,1.43
2012.02.24 06:34:05.417,1.5957,1.5961,2.25,1.43
2012.02.24 06:34:06.632,1.5957,1.5961,1.50,1.43
2012.02.24 06:34:06.946,1.5957,1.5961,2.25,1.43
2012.02.24 06:34:11.711,1.5957,1.5961,2.25,1.43
2012.02.24 06:34:11.840,1.59577,1.5961,2.25,1.43
2012.02.24 06:34:12.065,1.59577,1.59603,2.25,1.43
2012.02.24 06:34:12.766,1.5957,1.59619,2.18,1.58
2012.02.24 06:34:12.840,1.59569,1.59622,2.18,1.43
2012.02.24 06:34:13.253,1.59569,1.59622,1.43,1.43
2012.02.24 06:34:13.381,1.59563,1.59607,2.18,1.43
2012.02.24 06:34:13.570,1.59569,1.59622,2.18,1.43
2012.02.24 06:34:16.942,1.59569,1.59622,2.03,1.43
2012.02.24 06:34:17.012,1.59569,1.59622,1.43,1.43
2012.02.24 06:34:17.385,1.59564,1.59606,2.18,1.43
2012.02.24 06:34:17.577,1.59573,1.59624,2.18,2.93
2012.02.24 06:34:17.705,1.59573,1.59624,2.18,2.93
2012.02.24 06:34:17.895,1.59571,1.59609,2.25,1.43
2012.02.24 06:34:18.025,1.59573,1.59624,2.18,2.93
2012.02.24 06:34:18.281,1.59571,1.59609,2.25,1.43
2012.02.24 06:34:19.753,1.59579,1.59618,2.25,1.43
2012.02.24 06:34:20.097,1.59575,1.59614,2.25,1.43
2012.02.24 06:34:20.165,1.59579,1.59622,2.18,1.50
2012.02.24 06:34:20.356,1.59582,1.59628,2.25,1.43
2012.02.24 06:34:21.818,1.59579,1.59624,2.18,1.50
2012.02.24 06:34:22.646,1.59577,1.59623,2.25,1.43
2012.02.24 06:34:24.775,1.59577,1.59623,2.25,1.43
2012.02.24 06:34:25.246,1.5957,1.59608,2.25,1.43
2012.02.24 06:34:26.306,1.5957,1.59609,2.25,1.43
2012.02.24 06:34:26.801,1.5957,1.59608,2.25,1.43
2012.02.24 06:34:27.846,1.5957,1.59609,2.25,1.43
2012.02.24 06:34:29.092,1.59568,1.5961,2.18,1.43
2012.02.24 06:34:29.246,1.59569,1.59612,2.18,1.43
2012.02.24 06:34:32.541,1.59575,1.59608,2.25,1.43
2012.02.24 06:34:33.180,1.59575,1.59609,2.25,1.43
2012.02.24 06:34:34.568,1.59575,1.59612,2.25,1.43
2012.02.24 06:34:34.632,1.59575,1.5961,2.25,1.43
2012.02.24 06:34:35.132,1.59575,1.59611,2.25,1.43
2012.02.24 06:34:35.460,1.59575,1.59609,2.25,1.43
2012.02.24 06:34:35.650,1.59575,1.59612,2.25,1.43
2012.02.24 06:34:36.221,1.59575,1.59609,2.25,1.43
2012.02.24 06:34:36.410,1.59575,1.59611,2.25,1.43
2012.02.24 06:34:36.760,1.59575,1.59609,2.25,1.43
2012.02.24 06:34:37.070,1.59575,1.59611,2.25,1.43
2012.02.24 06:34:37.815,1.59575,1.59609,2.25,1.43
2012.02.24 06:34:38.502,1.59575,1.59611,1.50,1.43
2012.02.24 06:34:38.574,1.5957,1.59611,2.93,1.43
2012.02.24 06:34:39.481,1.5957,1.5961,1.50,1.43
2012.02.24 06:34:40.001,1.5957,1.59611,2.93,1.43
2012.02.24 06:34:40.710,1.5957,1.5961,1.50,1.43
2012.02.24 06:34:43.833,1.59576,1.5961,1.50,1.43
2012.02.24 06:34:44.473,1.59576,1.59611,1.50,1.43
2012.02.24 06:34:45.201,1.59576,1.59609,1.50,1.43
2012.02.24 06:34:45.742,1.59573,1.59609,1.50,1.43
2012.02.24 06:34:45.810,1.59571,1.59609,1.50,1.43
2012.02.24 06:34:46.003,1.59571,1.59611,1.50,1.43
2012.02.24 06:34:46.522,1.59571,1.5961,2.10,1.43
2012.02.24 06:34:47.121,1.59576,1.5961,1.50,1.43
2012.02.24 06:34:47.331,1.59572,1.59608,2.10,1.43
2012.02.24 06:34:47.853,1.59572,1.59607,2.10,1.43
2012.02.24 06:34:50.355,1.59572,1.59607,1.35,1.43
2012.02.24 06:34:50.542,1.59576,1.59623,2.25,1.43
2012.02.24 06:34:50.671,1.59581,1.59623,1.50,1.43
2012.02.24 06:34:50.801,1.59575,1.59623,2.25,1.43
2012.02.24 06:34:52.521,1.59579,1.59623,1.50,1.43
2012.02.24 06:34:52.898,1.59575,1.59622,2.25,1.50
2012.02.24 06:34:52.970,1.59575,1.59622,2.25,1.50
2012.02.24 06:34:53.838,1.59581,1.59623,1.50,1.43
2012.02.24 06:34:54.911,1.59584,1.59623,2.25,1.43
2012.02.24 06:34:55.315,1.59586,1.59627,1.50,1.43
2012.02.24 06:34:55.538,1.59578,1.59623,1.50,1.43
2012.02.24 06:34:55.893,1.59578,1.59623,2.25,1.43
2012.02.24 06:34:56.225,1.5959,1.59625,1.43,1.50
2012.02.24 06:34:56.294,1.59591,1.59638,1.50,1.50
2012.02.24 06:34:58.773,1.59592,1.59638,2.18,1.50
2012.02.24 06:34:59.113,1.59591,1.59627,1.50,1.43
2012.02.24 06:34:59.361,1.59591,1.59638,3.68,1.50
2012.02.24 06:35:00.084,1.59591,1.59627,2.25,1.43
2012.02.24 06:35:06.545,1.59591,1.59627,1.50,1.43
2012.02.24 06:35:07.188,1.59591,1.59626,1.50,1.43
2012.02.24 06:35:11.490,1.59591,1.59626,2.25,1.43
2012.02.24 06:35:15.699,1.59591,1.59626,1.50,1.43
2012.02.24 06:35:25.272,1.59591,1.5963,1.50,1.43
2012.02.24 06:35:25.805,1.59589,1.5963,2.93,1.43
2012.02.24 06:35:26.412,1.59589,1.5963,2.18,1.43
2012.02.24 06:35:34.522,1.5959,1.5963,1.50,1.43
2012.02.24 06:35:34.954,1.5959,1.5963,2.25,1.43
2012.02.24 06:35:36.721,1.59592,1.59631,1.35,1.43
2012.02.24 06:35:53.513,1.59592,1.59629,1.35,1.43
2012.02.24 06:35:57.509,1.59592,1.59631,1.35,1.43
2012.02.24 06:36:03.244,1.59588,1.5963,1.43,1.50
2012.02.24 06:36:03.376,1.5958,1.59621,2.25,1.43
2012.02.24 06:36:03.707,1.5958,1.59619,2.25,1.43
2012.02.24 06:36:08.471,1.5958,1.59615,2.25,1.43
2012.02.24 06:36:08.604,1.5958,1.59618,2.25,1.43
2012.02.24 06:36:33.667,1.59579,1.59615,1.35,1.43
2012.02.24 06:36:34.051,1.59579,1.59618,2.85,1.43
2012.02.24 06:36:41.713,1.59579,1.59618,2.85,1.43
2012.02.24 06:36:41.984,1.59579,1.59618,2.85,1.43
2012.02.24 06:36:54.685,1.59581,1.59626,2.78,2.93
2012.02.24 06:36:54.937,1.59586,1.59626,2.18,2.93
2012.02.24 06:36:55.746,1.59588,1.59631,2.18,1.43
2012.02.24 06:36:57.901,1.59587,1.5963,2.18,1.43
2012.02.24 06:36:58.642,1.59587,1.5963,1.43,1.43
2012.02.24 06:36:59.791,1.59587,1.59628,1.43,1.50
2012.02.24 06:37:00.850,1.59581,1.59624,2.85,1.43
2012.02.24 06:37:15.711,1.59581,1.59624,2.25,1.43
2012.02.24 06:37:15.841,1.59587,1.59627,2.18,1.43
2012.02.24 06:37:26.202,1.59587,1.59627,1.88,2.03
2012.02.24 06:37:26.279,1.59587,1.5962,1.88,1.50
2012.02.24 06:37:26.344,1.59587,1.5962,1.43,1.50
2012.02.24 06:37:27.828,1.59576,1.59619,2.18,1.43
2012.02.24 06:37:36.252,1.59578,1.5962,3.68,1.43
2012.02.24 06:37:40.010,1.59577,1.59618,2.18,1.43
2012.02.24 06:37:48.549,1.59579,1.59619,2.18,1.43
2012.02.24 06:37:57.331,1.59579,1.59619,1.43,1.43
2012.02.24 06:37:57.402,1.59573,1.5961,2.85,1.43
2012.02.24 06:37:57.829,1.59573,1.5961,2.85,1.43
2012.02.24 06:38:07.152,1.59578,1.59615,2.25,1.43
2012.02.24 06:38:07.229,1.59578,1.5962,3.68,1.43
2012.02.24 06:38:07.293,1.5958,1.5962,2.18,1.43
2012.02.24 06:38:07.804,1.59584,1.59621,2.25,1.43
2012.02.24 06:38:10.693,1.59581,1.59621,2.18,1.43
2012.02.24 06:38:10.770,1.59579,1.59616,2.25,1.43
2012.02.24 06:38:10.904,1.5958,1.59622,2.18,1.43
2012.02.24 06:38:10.973,1.5958,1.59622,2.18,1.43
2012.02.24 06:38:11.225,1.59579,1.5962,2.25,1.43
2012.02.24 06:38:11.352,1.59578,1.59618,2.85,1.43
2012.02.24 06:38:12.653,1.59578,1.59618,2.10,1.43
2012.02.24 06:38:13.162,1.59578,1.59618,1.35,1.43
2012.02.24 06:38:14.172,1.59576,1.59618,1.35,1.43
2012.02.24 06:38:14.624,1.59578,1.59618,1.35,1.43
2012.02.24 06:38:14.957,1.59576,1.59618,1.35,1.43
2012.02.24 06:38:15.096,1.59576,1.59614,1.35,1.43
2012.02.24 06:38:15.181,1.59576,1.59618,1.35,1.43
2012.02.24 06:38:16.859,1.59574,1.59616,2.18,1.43
2012.02.24 06:38:18.193,1.59574,1.59616,1.43,1.43
2012.02.24 06:38:18.360,1.59574,1.59616,2.18,1.43
2012.02.24 06:38:18.495,1.59575,1.59618,2.18,1.43
2012.02.24 06:38:22.695,1.59575,1.59618,1.43,1.43
2012.02.24 06:38:24.575,1.59575,1.59618,2.18,1.43
2012.02.24 06:38:24.641,1.59575,1.59616,2.18,1.50
2012.02.24 06:38:24.952,1.59567,1.59607,2.78,1.43
2012.02.24 06:38:25.451,1.59569,1.59607,1.35,1.43
2012.02.24 06:38:26.859,1.59569,1.59609,1.35,1.43
2012.02.24 06:38:26.987,1.59567,1.59603,2.25,1.43
2012.02.24 06:38:27.276,1.59561,1.59601,2.18,1.50
2012.02.24 06:38:27.842,1.59554,1.596,2.25,1.43
2012.02.24 06:38:28.403,1.59554,1.59601,2.25,1.50
2012.02.24 06:38:28.832,1.59554,1.59599,2.25,1.50
2012.02.24 06:38:29.651,1.59552,1.59597,2.18,1.50
2012.02.24 06:38:30.513,1.59554,1.59599,2.25,1.50
2012.02.24 06:38:30.584,1.59554,1.59603,2.25,2.93
2012.02.24 06:38:31.456,1.59554,1.59602,2.25,1.43
2012.02.24 06:38:32.734,1.59554,1.59602,2.25,1.43
2012.02.24 06:38:33.270,1.59554,1.59603,2.25,1.50
2012.02.24 06:38:34.825,1.59554,1.596,3.68,1.50
2012.02.24 06:38:35.155,1.59554,1.59599,2.18,1.50
2012.02.24 06:38:37.231,1.59553,1.59599,2.18,1.50
2012.02.24 06:38:37.465,1.59553,1.59591,2.18,1.50
2012.02.24 06:38:37.800,1.59547,1.59589,2.18,2.93
2012.02.24 06:38:38.173,1.59552,1.59594,2.18,1.50
2012.02.24 06:38:38.452,1.59547,1.59589,3.68,1.43
2012.02.24 06:38:39.562,1.59546,1.59588,2.18,1.43
2012.02.24 06:38:40.722,1.59547,1.59587,2.18,1.43
2012.02.24 06:38:45.453,1.59547,1.59587,3.68,1.43
2012.02.24 06:38:45.640,1.59553,1.59597,2.18,1.50
2012.02.24 06:38:50.557,1.59553,1.59597,2.18,1.50
2012.02.24 06:38:50.683,1.59553,1.5959,2.18,1.50
2012.02.24 06:38:50.994,1.59547,1.59587,2.18,1.43
2012.02.24 06:39:01.013,1.59547,1.59589,2.18,1.43
2012.02.24 06:39:01.676,1.59547,1.59587,2.18,1.43
2012.02.24 06:39:01.996,1.59549,1.59589,2.18,1.43
2012.02.24 06:39:03.734,1.59549,1.59589,1.43,1.43
2012.02.24 06:39:09.156,1.5955,1.5959,1.43,1.50
2012.02.24 06:39:11.855,1.5955,1.59591,2.18,1.43
2012.02.24 06:39:12.612,1.5955,1.5959,2.18,1.50
2012.02.24 06:39:16.114,1.5955,1.5959,1.43,1.50
2012.02.24 06:39:16.412,1.5955,1.5959,2.18,1.50
2012.02.24 06:39:18.184,1.59554,1.59594,2.18,1.43
2012.02.24 06:39:18.262,1.5956,1.59595,1.43,1.50
2012.02.24 06:39:19.440,1.59557,1.59595,2.18,1.50
2012.02.24 06:39:20.632,1.59557,1.59595,2.18,1.50
2012.02.24 06:39:25.765,1.59555,1.59595,2.18,1.43
2012.02.24 06:39:25.941,1.59555,1.59595,2.18,1.43
2012.02.24 06:39:28.785,1.59555,1.59595,2.18,1.43
2012.02.24 06:39:29.472,1.59554,1.59594,2.18,1.43
2012.02.24 06:39:30.691,1.59553,1.59593,2.18,1.43
2012.02.24 06:39:35.861,1.59549,1.59589,2.18,1.43
2012.02.24 06:39:38.253,1.59553,1.59593,2.18,1.43
2012.02.24 06:39:39.906,1.59553,1.59593,2.18,1.43
2012.02.24 06:39:41.367,1.59558,1.59607,3.68,2.10
2012.02.24 06:39:43.024,1.59558,1.59607,3.68,1.50
2012.02.24 06:39:43.100,1.59561,1.59607,2.18,1.50
2012.02.24 06:39:43.253,1.5956,1.59607,2.18,1.50
2012.02.24 06:39:43.323,1.5956,1.59601,2.18,1.50
2012.02.24 06:39:48.601,1.59553,1.59594,2.18,1.50
2012.02.24 06:39:48.916,1.59548,1.59588,2.18,1.43
2012.02.24 06:39:49.478,1.59545,1.59587,2.25,1.43
2012.02.24 06:39:51.854,1.59545,1.59587,2.25,1.43
2012.02.24 06:39:52.044,1.59545,1.59585,2.25,1.43
2012.02.24 06:39:52.582,1.59545,1.59585,2.25,1.43
2012.02.24 06:39:53.520,1.59545,1.59586,2.25,1.43
2012.02.24 06:39:54.918,1.5955,1.59592,2.25,1.43
2012.02.24 06:39:58.950,1.59541,1.5958,2.25,1.43
2012.02.24 06:39:59.403,1.59541,1.59582,2.25,1.43
2012.02.24 06:39:59.725,1.59544,1.59585,2.18,1.50
2012.02.24 06:40:00.135,1.5954,1.59581,3.68,1.43
2012.02.24 06:40:00.966,1.59544,1.59586,2.18,1.43
2012.02.24 06:40:01.223,1.59545,1.59587,2.18,1.43
2012.02.24 06:40:01.552,1.59545,1.59587,2.18,1.43
2012.02.24 06:40:04.022,1.59545,1.59587,2.18,1.43
2012.02.24 06:40:04.571,1.59546,1.59588,2.18,1.50
2012.02.24 06:40:05.764,1.59548,1.59588,2.18,1.50
2012.02.24 06:40:06.325,1.59549,1.59588,2.18,1.50
2012.02.24 06:40:06.393,1.59549,1.59593,2.18,3.53
2012.02.24 06:40:11.816,1.59549,1.59593,2.18,3.53
2012.02.24 06:40:13.608,1.59547,1.5959,2.18,1.43
2012.02.24 06:40:15.875,1.59547,1.5959,2.18,1.43
2012.02.24 06:40:15.944,1.59549,1.59593,2.18,3.53
2012.02.24 06:40:17.241,1.59549,1.59593,2.18,3.53
2012.02.24 06:40:17.367,1.59549,1.59593,2.18,3.53
2012.02.24 06:40:21.486,1.59549,1.59593,2.18,3.53
2012.02.24 06:40:21.886,1.59559,1.59599,2.18,1.50
2012.02.24 06:40:21.953,1.59554,1.59592,1.35,1.43
2012.02.24 06:40:23.243,1.59554,1.59595,2.78,1.43
2012.02.24 06:40:23.374,1.59554,1.59592,1.35,1.43
2012.02.24 06:40:23.691,1.59547,1.5959,2.18,1.43
2012.02.24 06:40:26.545,1.59548,1.59592,2.18,1.43
2012.02.24 06:40:32.045,1.5955,1.59592,2.18,2.93
2012.02.24 06:40:32.644,1.5955,1.59592,2.18,2.93
2012.02.24 06:40:32.831,1.59555,1.59598,2.18,1.50
2012.02.24 06:40:33.452,1.59555,1.59596,2.18,1.50
2012.02.24 06:40:34.610,1.59555,1.59594,2.18,1.50
2012.02.24 06:40:43.206,1.59555,1.59594,2.18,1.50
2012.02.24 06:40:43.516,1.5955,1.59593,2.18,1.43
2012.02.24 06:40:44.034,1.59555,1.59595,2.18,1.43
2012.02.24 06:40:44.426,1.59553,1.59595,2.18,1.43
2012.02.24 06:40:47.681,1.59553,1.59593,2.18,1.50
2012.02.24 06:40:52.983,1.59554,1.59596,2.18,1.43
2012.02.24 06:40:54.764,1.59554,1.59594,2.18,1.50
2012.02.24 06:40:58.342,1.59554,1.59589,2.18,1.50
2012.02.24 06:41:06.434,1.59552,1.59589,2.18,1.50
2012.02.24 06:41:06.654,1.59552,1.59589,2.18,1.50
2012.02.24 06:41:08.512,1.59554,1.59593,2.18,1.50
2012.02.24 06:41:12.764,1.59554,1.59593,2.18,1.50
2012.02.24 06:41:13.794,1.59553,1.59593,2.18,1.50
2012.02.24 06:41:13.963,1.59549,1.59589,2.18,1.43
2012.02.24 06:41:17.242,1.59545,1.59586,2.18,1.43
2012.02.24 06:41:17.370,1.59548,1.59589,2.18,1.50
2012.02.24 06:41:18.543,1.59548,1.5959,2.18,1.43
2012.02.24 06:41:18.616,1.59548,1.5959,2.18,1.43
2012.02.24 06:41:18.805,1.59554,1.59595,2.18,1.43
2012.02.24 06:41:18.991,1.59551,1.59596,2.18,1.43
2012.02.24 06:41:19.181,1.59551,1.59593,2.18,1.50
2012.02.24 06:41:19.531,1.59553,1.59591,2.18,1.50
2012.02.24 06:41:23.478,1.5955,1.59591,1.43,1.50
2012.02.24 06:41:23.542,1.59552,1.59591,1.43,1.50
2012.02.24 06:41:23.873,1.59552,1.59591,2.18,1.50
2012.02.24 06:41:24.182,1.59555,1.59585,1.43,1.50
2012.02.24 06:41:24.787,1.59559,1.59591,1.43,1.50
2012.02.24 06:41:24.860,1.59556,1.59591,2.18,1.50
2012.02.24 06:41:25.428,1.59556,1.59591,2.18,1.50
2012.02.24 06:41:25.686,1.59556,1.59597,2.18,2.93
2012.02.24 06:41:26.254,1.59556,1.59597,2.18,2.93
2012.02.24 06:41:29.194,1.59558,1.59597,1.43,1.50
2012.02.24 06:41:29.406,1.59558,1.59597,2.18,1.50
2012.02.24 06:41:30.334,1.5956,1.596,2.25,1.43
2012.02.24 06:41:30.410,1.59564,1.59609,2.18,1.50
2012.02.24 06:41:30.996,1.59564,1.59603,2.18,1.50
2012.02.24 06:41:31.396,1.59564,1.59603,1.43,1.50
2012.02.24 06:41:31.523,1.59564,1.59598,1.43,1.50
2012.02.24 06:41:31.833,1.5955,1.5959,2.18,1.50
2012.02.24 06:41:31.964,1.5955,1.5959,2.18,1.50
2012.02.24 06:41:32.620,1.59553,1.59595,1.43,1.43
2012.02.24 06:41:32.704,1.59556,1.59595,2.25,1.43
2012.02.24 06:41:34.012,1.59556,1.59592,2.25,1.43
2012.02.24 06:41:34.146,1.59555,1.59598,2.18,2.93
2012.02.24 06:41:34.650,1.59558,1.59598,1.50,1.43
2012.02.24 06:41:35.444,1.59553,1.59598,2.18,1.43
2012.02.24 06:41:36.799,1.59553,1.59598,2.18,1.43
2012.02.24 06:41:36.932,1.5956,1.59601,2.18,1.50
2012.02.24 06:41:37.006,1.59561,1.59608,2.25,2.10
2012.02.24 06:41:37.074,1.59561,1.59608,2.25,1.50
2012.02.24 06:41:38.945,1.59561,1.59607,2.25,1.50
2012.02.24 06:41:39.018,1.5956,1.59604,2.18,1.50
2012.02.24 06:41:40.483,1.59561,1.59607,2.25,1.50
2012.02.24 06:41:40.551,1.59561,1.5961,2.25,1.50
2012.02.24 06:41:42.908,1.59561,1.59602,2.25,1.50
2012.02.24 06:41:43.261,1.59554,1.59595,2.18,1.50
2012.02.24 06:41:43.965,1.59554,1.59596,2.18,1.50
2012.02.24 06:41:44.033,1.59554,1.59599,2.18,1.43
2012.02.24 06:41:46.321,1.59555,1.59597,2.18,1.43
2012.02.24 06:41:48.203,1.59555,1.59597,2.18,1.43
2012.02.24 06:41:50.043,1.59555,1.59597,2.18,1.43
2012.02.24 06:41:50.121,1.59562,1.59602,1.43,1.50
2012.02.24 06:41:50.495,1.5956,1.59602,1.43,1.50
2012.02.24 06:41:53.276,1.59559,1.59596,1.43,1.50
2012.02.24 06:41:54.274,1.59559,1.59602,1.43,2.93
2012.02.24 06:41:54.593,1.59559,1.59602,2.18,2.93
2012.02.24 06:41:55.064,1.59554,1.59598,2.18,1.43
2012.02.24 06:41:55.392,1.59554,1.59595,2.18,1.43
2012.02.24 06:41:57.878,1.59554,1.59595,2.18,1.43
2012.02.24 06:42:03.855,1.59554,1.59595,2.18,1.43
2012.02.24 06:42:04.541,1.59554,1.59595,2.18,1.43
2012.02.24 06:42:06.954,1.59554,1.59595,2.18,1.43
2012.02.24 06:42:08.646,1.59555,1.59596,2.18,1.50
2012.02.24 06:42:09.984,1.59553,1.5959,2.18,1.50
2012.02.24 06:42:10.173,1.59551,1.5959,1.43,1.50
2012.02.24 06:42:14.732,1.59549,1.5959,1.43,1.50
2012.02.24 06:42:15.301,1.59548,1.59589,1.43,1.43
2012.02.24 06:42:16.041,1.59553,1.59593,1.43,1.43
2012.02.24 06:42:16.117,1.59548,1.5959,1.43,1.43
2012.02.24 06:42:19.676,1.59548,1.5959,2.18,1.43
2012.02.24 06:42:21.523,1.59551,1.59592,2.18,1.43
2012.02.24 06:42:26.902,1.59551,1.59592,1.43,1.43
2012.02.24 06:42:27.007,1.59551,1.59592,2.18,1.43
2012.02.24 06:42:27.314,1.59553,1.59592,2.25,1.43
2012.02.24 06:42:27.884,1.59554,1.59596,2.18,1.43
2012.02.24 06:42:27.953,1.59555,1.59598,2.18,1.43
2012.02.24 06:42:31.970,1.59559,1.59599,2.18,1.43
2012.02.24 06:42:38.764,1.5956,1.596,2.18,1.43
2012.02.24 06:42:39.908,1.59559,1.59599,2.18,1.43
2012.02.24 06:42:40.313,1.5956,1.596,2.18,1.43
2012.02.24 06:42:40.841,1.59559,1.59599,2.18,1.43
2012.02.24 06:42:42.184,1.59559,1.59599,1.43,1.43
2012.02.24 06:42:42.460,1.59559,1.59599,2.18,1.43
2012.02.24 06:42:43.703,1.5956,1.596,2.18,1.43
2012.02.24 06:42:45.713,1.5956,1.596,1.43,1.43
2012.02.24 06:42:47.959,1.5956,1.596,2.18,1.43
2012.02.24 06:42:50.032,1.5956,1.596,1.43,1.43
2012.02.24 06:42:50.265,1.5956,1.596,2.18,1.43
2012.02.24 06:42:57.844,1.59559,1.59601,2.18,1.43
2012.02.24 06:42:59.957,1.59559,1.59599,2.18,1.43
2012.02.24 06:43:01.377,1.59553,1.59595,2.25,1.43
2012.02.24 06:43:01.695,1.59558,1.596,1.43,1.50
2012.02.24 06:43:02.302,1.59558,1.596,2.18,1.50
2012.02.24 06:43:03.949,1.59553,1.59594,3.68,1.43
2012.02.24 06:43:07.852,1.59553,1.59593,2.18,1.43
2012.02.24 06:43:07.922,1.59553,1.59593,2.18,1.43
2012.02.24 06:43:15.236,1.59553,1.59593,2.18,1.43
2012.02.24 06:43:15.424,1.59547,1.59586,2.25,1.43
2012.02.24 06:43:15.657,1.59552,1.59599,2.25,2.03
2012.02.24 06:43:16.112,1.59552,1.59599,2.25,1.43
2012.02.24 06:43:16.185,1.59552,1.59599,2.25,1.43
2012.02.24 06:43:17.093,1.59552,1.59599,2.25,1.43
2012.02.24 06:43:17.669,1.59557,1.59599,1.50,1.43
2012.02.24 06:43:17.735,1.59557,1.59599,2.25,1.43
2012.02.24 06:43:18.544,1.59551,1.59598,2.25,1.50
2012.02.24 06:43:20.777,1.59556,1.59599,2.25,1.43
2012.02.24 06:43:21.421,1.59556,1.59599,2.25,1.43
2012.02.24 06:43:21.556,1.5956,1.59602,2.18,1.43
2012.02.24 06:43:21.743,1.59556,1.59598,2.25,1.43
2012.02.24 06:43:22.052,1.59559,1.59603,2.18,1.43
2012.02.24 06:43:22.753,1.59559,1.59605,2.18,1.43
2012.02.24 06:43:23.463,1.5956,1.59602,2.18,1.43
2012.02.24 06:43:28.716,1.5956,1.59602,1.43,1.43
2012.02.24 06:43:28.962,1.5956,1.59602,2.18,1.43
2012.02.24 06:43:29.421,1.5956,1.59605,2.18,2.93
2012.02.24 06:43:30.235,1.59569,1.59606,2.18,1.50
2012.02.24 06:43:30.366,1.59558,1.59606,2.18,1.50
2012.02.24 06:43:30.434,1.59558,1.59606,2.18,1.50
2012.02.24 06:43:31.925,1.59562,1.59603,2.18,1.50
2012.02.24 06:43:32.282,1.59562,1.596,2.18,1.50
2012.02.24 06:43:32.830,1.59562,1.59605,2.18,1.50
2012.02.24 06:43:33.902,1.59562,1.59605,2.18,1.50
2012.02.24 06:43:37.995,1.59562,1.59601,2.18,1.50
2012.02.24 06:43:39.020,1.59562,1.59599,2.18,1.50
2012.02.24 06:43:41.652,1.59562,1.59599,1.43,1.50
2012.02.24 06:43:43.577,1.59562,1.59599,2.18,1.50
2012.02.24 06:43:43.693,1.59562,1.59599,1.43,1.50
2012.02.24 06:43:45.172,1.59562,1.59599,2.18,1.50
2012.02.24 06:43:48.104,1.59562,1.59599,1.43,1.50
2012.02.24 06:43:48.174,1.59558,1.59599,2.18,1.50
2012.02.24 06:43:49.224,1.59552,1.59599,2.25,1.50
2012.02.24 06:43:49.297,1.59561,1.59599,1.43,1.50
2012.02.24 06:43:51.168,1.59561,1.59599,2.18,1.50
2012.02.24 06:43:51.390,1.59561,1.59599,1.43,1.50
2012.02.24 06:43:53.484,1.59561,1.59599,2.18,1.50
2012.02.24 06:44:00.374,1.59561,1.59596,2.18,1.50
2012.02.24 06:44:00.892,1.59554,1.59595,2.18,1.50
2012.02.24 06:44:01.978,1.59554,1.59596,2.18,1.43
2012.02.24 06:44:04.382,1.59551,1.59594,2.25,1.43
2012.02.24 06:44:04.694,1.59551,1.59585,2.25,1.43
2012.02.24 06:44:05.026,1.59553,1.59583,2.25,1.43
2012.02.24 06:44:05.093,1.59553,1.59599,2.25,1.43
2012.02.24 06:44:06.889,1.5955,1.59596,2.25,1.50
2012.02.24 06:44:08.399,1.59547,1.59596,3.68,1.50
2012.02.24 06:44:08.467,1.59547,1.59592,2.25,1.43
2012.02.24 06:44:08.782,1.59543,1.59589,2.18,1.50
2012.02.24 06:44:10.299,1.59543,1.59589,2.18,1.50
2012.02.24 06:44:10.902,1.59546,1.59592,2.25,1.43
2012.02.24 06:44:12.885,1.59546,1.59592,2.25,1.43
2012.02.24 06:44:12.952,1.59543,1.5959,2.18,1.50
2012.02.24 06:44:13.021,1.59543,1.5959,2.18,1.50
2012.02.24 06:44:15.406,1.59541,1.59589,2.25,1.43
2012.02.24 06:44:15.875,1.59539,1.59584,3.68,1.50
2012.02.24 06:44:16.593,1.59535,1.59575,2.25,1.43
2012.02.24 06:44:16.913,1.5954,1.59584,2.18,1.50
2012.02.24 06:44:17.042,1.59535,1.59575,2.25,1.43
2012.02.24 06:44:22.526,1.59541,1.59586,2.25,1.50
2012.02.24 06:44:22.591,1.59541,1.5959,2.25,2.93
2012.02.24 06:44:26.765,1.59542,1.59585,2.18,1.50
2012.02.24 06:44:27.077,1.59542,1.59583,2.18,1.50
2012.02.24 06:44:30.333,1.59542,1.59589,3.68,1.50
2012.02.24 06:44:30.464,1.59546,1.59591,3.68,1.50
2012.02.24 06:44:30.532,1.59546,1.59595,3.68,1.50
2012.02.24 06:44:30.604,1.59548,1.59595,1.43,1.50
2012.02.24 06:44:30.980,1.5955,1.59595,2.18,1.50
2012.02.24 06:44:31.475,1.59546,1.5959,2.18,1.50
2012.02.24 06:44:31.543,1.59546,1.5959,2.18,1.50
2012.02.24 06:44:31.795,1.59547,1.5959,2.18,1.50
2012.02.24 06:44:31.989,1.59547,1.59592,3.68,1.50
2012.02.24 06:44:32.058,1.59547,1.59594,3.68,1.50
2012.02.24 06:44:32.327,1.59547,1.59588,2.18,1.50
2012.02.24 06:44:32.947,1.59543,1.59585,2.18,1.50
2012.02.24 06:44:33.322,1.59543,1.59588,2.18,1.50
2012.02.24 06:44:36.186,1.59543,1.59588,1.43,1.50
2012.02.24 06:44:37.039,1.59547,1.59585,1.43,1.50
2012.02.24 06:44:37.166,1.59547,1.59591,1.43,1.50
2012.02.24 06:44:38.425,1.59546,1.59591,2.18,1.50
2012.02.24 06:44:38.492,1.59546,1.59586,2.18,1.50
2012.02.24 06:44:39.198,1.59542,1.59585,2.18,1.50
2012.02.24 06:44:39.768,1.59539,1.59579,2.18,1.43
2012.02.24 06:44:39.833,1.59539,1.59579,1.43,1.43
2012.02.24 06:44:40.827,1.59538,1.59578,1.43,1.43
2012.02.24 06:44:43.562,1.59539,1.59579,1.43,2.93
2012.02.24 06:44:59.888,1.59539,1.59579,2.03,1.43
2012.02.24 06:44:59.957,1.5954,1.59579,1.35,1.43
2012.02.24 06:45:00.085,1.59544,1.59585,2.18,1.50
2012.02.24 06:45:00.807,1.59541,1.59578,1.50,2.93
2012.02.24 06:45:00.881,1.59536,1.59578,2.18,2.93
2012.02.24 06:45:05.534,1.59536,1.59578,2.18,1.43
2012.02.24 06:45:08.002,1.59531,1.59571,2.18,1.43
2012.02.24 06:45:08.078,1.59531,1.59571,2.18,1.43
2012.02.24 06:45:08.205,1.5953,1.59571,1.50,1.43
2012.02.24 06:45:08.272,1.59528,1.59571,1.43,1.43
2012.02.24 06:45:08.415,1.59531,1.59571,1.50,1.43
2012.02.24 06:45:12.387,1.59532,1.59577,1.43,1.43
2012.02.24 06:45:12.453,1.59533,1.59575,2.18,1.43
2012.02.24 06:45:38.472,1.59533,1.59576,2.18,1.43
2012.02.24 06:45:38.784,1.59536,1.59578,2.18,2.93
2012.02.24 06:45:39.992,1.59534,1.59576,2.25,1.43
2012.02.24 06:45:40.345,1.59534,1.59576,1.50,1.43
2012.02.24 06:45:40.478,1.59529,1.59571,1.50,1.43
2012.02.24 06:45:42.006,1.59529,1.59571,2.25,1.43
2012.02.24 06:45:42.135,1.59533,1.59575,2.18,1.43
2012.02.24 06:45:43.643,1.59535,1.59577,2.25,1.43
2012.02.24 06:45:44.296,1.59535,1.59578,2.25,1.43
2012.02.24 06:45:44.366,1.59534,1.59578,1.43,1.43
2012.02.24 06:45:44.512,1.5953,1.59571,1.50,1.43
2012.02.24 06:45:45.275,1.5953,1.59571,2.25,1.43
2012.02.24 06:45:45.648,1.59537,1.59579,2.18,1.43
2012.02.24 06:45:45.846,1.59542,1.59586,2.25,1.43
2012.02.24 06:45:45.913,1.59543,1.59588,2.18,1.43
2012.02.24 06:45:47.163,1.59543,1.59583,2.18,1.50
2012.02.24 06:45:47.356,1.59532,1.59573,2.25,1.43
2012.02.24 06:45:47.429,1.59532,1.59571,2.25,1.43
2012.02.24 06:45:47.619,1.59533,1.59574,2.18,1.43
2012.02.24 06:45:47.866,1.59537,1.59579,2.93,1.43
2012.02.24 06:45:48.054,1.59537,1.59579,3.68,1.43
2012.02.24 06:45:48.836,1.59545,1.59585,2.18,1.43
2012.02.24 06:45:48.912,1.59544,1.59587,3.68,1.43
2012.02.24 06:45:49.494,1.59544,1.59588,2.18,2.93
2012.02.24 06:46:00.537,1.5954,1.59583,2.18,1.43
2012.02.24 06:46:05.622,1.59543,1.59588,2.18,2.93
2012.02.24 06:46:08.622,1.59546,1.59587,2.18,1.43
2012.02.24 06:46:09.642,1.59546,1.59587,1.43,1.43
2012.02.24 06:46:09.712,1.59542,1.59584,1.43,1.43
2012.02.24 06:46:09.843,1.5954,1.59583,1.43,1.43
2012.02.24 06:46:09.913,1.59539,1.59578,1.50,1.43
2012.02.24 06:46:10.042,1.59536,1.59578,2.18,1.43
2012.02.24 06:46:13.974,1.59539,1.59581,1.43,1.50
2012.02.24 06:46:19.100,1.59536,1.59578,2.18,1.43
2012.02.24 06:46:22.538,1.59534,1.59577,2.25,1.43
2012.02.24 06:46:22.846,1.59529,1.5957,1.43,1.43
2012.02.24 06:46:23.035,1.59533,1.59575,1.43,1.43
2012.02.24 06:46:23.105,1.59533,1.59575,2.18,1.43
2012.02.24 06:46:29.201,1.59533,1.59575,3.68,1.43
2012.02.24 06:46:29.485,1.59543,1.59584,2.18,1.43
2012.02.24 06:46:30.336,1.59545,1.59585,2.25,1.43
2012.02.24 06:46:36.722,1.59542,1.59584,2.18,1.50
2012.02.24 06:46:36.791,1.59542,1.59582,2.18,1.50
2012.02.24 06:46:39.972,1.59545,1.59584,2.25,1.50
2012.02.24 06:46:40.413,1.59545,1.59588,2.25,1.43
2012.02.24 06:46:41.099,1.59542,1.59587,2.18,2.93
2012.02.24 06:46:47.127,1.59542,1.59587,2.18,2.93
2012.02.24 06:46:48.406,1.59543,1.59585,2.18,1.43
2012.02.24 06:46:59.872,1.59545,1.59587,2.18,1.50
2012.02.24 06:47:03.141,1.59543,1.59584,2.18,1.43
2012.02.24 06:47:15.031,1.5955,1.59584,1.50,1.43
2012.02.24 06:47:15.104,1.5955,1.59584,2.25,1.43
2012.02.24 06:47:15.748,1.59557,1.59597,2.18,1.43
2012.02.24 06:47:15.830,1.59563,1.59599,2.18,1.50
2012.02.24 06:47:16.180,1.59561,1.596,1.43,1.50
2012.02.24 06:47:16.255,1.59558,1.596,1.43,1.50
2012.02.24 06:47:16.444,1.59556,1.59597,2.25,1.43
2012.02.24 06:47:18.232,1.5955,1.59596,2.25,1.50
2012.02.24 06:47:18.514,1.5955,1.59599,2.25,2.93
2012.02.24 06:47:18.688,1.59549,1.59593,2.25,1.50
2012.02.24 06:47:19.507,1.59547,1.59588,2.18,1.43
2012.02.24 06:47:20.054,1.59547,1.59588,1.43,1.43
2012.02.24 06:47:20.536,1.59545,1.59585,2.18,1.43
2012.02.24 06:47:22.021,1.59543,1.59584,1.35,1.43
2012.02.24 06:47:22.325,1.5955,1.59592,2.18,1.43
2012.02.24 06:47:27.063,1.5955,1.59592,3.66,1.43
2012.02.24 06:47:27.136,1.59555,1.59598,1.43,1.43
2012.02.24 06:47:27.583,1.59553,1.59591,1.48,1.43
2012.02.24 06:47:29.153,1.59551,1.59591,1.43,1.43
2012.02.24 06:47:29.663,1.59551,1.59588,1.43,1.50
2012.02.24 06:47:30.222,1.59551,1.59584,1.43,1.50
2012.02.24 06:47:30.301,1.5954,1.59583,2.18,2.93
2012.02.24 06:47:31.018,1.5954,1.59583,1.43,2.93
2012.02.24 06:47:31.275,1.59545,1.59583,1.43,1.50
2012.02.24 06:47:31.794,1.59544,1.59583,1.43,1.50
2012.02.24 06:47:32.714,1.59545,1.59583,1.43,1.50
2012.02.24 06:47:33.740,1.59544,1.59583,1.43,1.50
2012.02.24 06:47:35.254,1.59534,1.59573,2.23,1.43
2012.02.24 06:47:35.441,1.59526,1.59573,2.25,2.93
2012.02.24 06:47:36.143,1.59526,1.59567,2.25,1.43
2012.02.24 06:47:43.375,1.59519,1.59566,2.25,1.50
2012.02.24 06:47:46.472,1.59524,1.59567,2.25,1.43
2012.02.24 06:47:47.500,1.5953,1.59573,3.68,1.50
2012.02.24 06:47:47.573,1.59541,1.59579,1.43,1.50
2012.02.24 06:47:47.649,1.59541,1.59573,1.43,1.50
2012.02.24 06:47:48.016,1.59535,1.59573,1.43,1.50
2012.02.24 06:47:50.506,1.59535,1.59573,2.18,1.50
2012.02.24 06:47:53.801,1.59532,1.59573,1.43,1.50
2012.02.24 06:47:53.878,1.59526,1.59573,2.25,1.50
2012.02.24 06:47:56.348,1.5952,1.59563,2.18,1.50
2012.02.24 06:47:56.414,1.5952,1.59563,1.43,1.50
2012.02.24 06:47:57.102,1.5952,1.59569,2.93,1.50
2012.02.24 06:47:57.236,1.59525,1.59569,2.25,1.50
2012.02.24 06:47:57.304,1.59526,1.59572,2.25,1.43
2012.02.24 06:47:57.431,1.59526,1.59568,2.25,1.50
2012.02.24 06:47:57.742,1.59519,1.59559,1.50,1.43
2012.02.24 06:48:05.083,1.59525,1.59559,1.50,1.43
2012.02.24 06:48:05.284,1.59532,1.59572,1.43,2.93
2012.02.24 06:48:05.418,1.59536,1.59576,1.43,1.43
2012.02.24 06:48:06.917,1.59535,1.59577,2.18,1.43
2012.02.24 06:48:11.297,1.59535,1.59577,1.43,1.43
2012.02.24 06:48:11.365,1.59535,1.59577,2.18,1.43
2012.02.24 06:48:13.629,1.59536,1.59578,2.18,2.93
2012.02.24 06:48:14.017,1.59539,1.59578,1.43,1.50
2012.02.24 06:48:17.935,1.59544,1.59584,1.43,2.93
2012.02.24 06:48:18.126,1.59539,1.5958,1.43,1.43
2012.02.24 06:48:18.255,1.59538,1.59578,1.43,2.93
2012.02.24 06:48:18.565,1.5954,1.59578,1.43,1.50
2012.02.24 06:48:19.359,1.59539,1.59578,1.43,1.50
2012.02.24 06:48:19.983,1.59535,1.59578,1.43,2.93
2012.02.24 06:48:20.515,1.59536,1.59578,1.43,1.50
2012.02.24 06:48:22.204,1.59536,1.59577,1.43,1.43
2012.02.24 06:48:22.956,1.59536,1.59578,1.43,1.50
2012.02.24 06:48:23.097,1.59542,1.59583,1.43,1.43
2012.02.24 06:48:25.682,1.59534,1.59576,2.18,1.43
2012.02.24 06:48:26.004,1.59544,1.59578,1.43,1.50
2012.02.24 06:48:26.131,1.59533,1.59577,1.35,1.43
2012.02.24 06:48:27.753,1.59533,1.59575,1.35,1.50
2012.02.24 06:48:27.903,1.59532,1.59575,2.03,1.50
2012.02.24 06:48:27.973,1.59532,1.59573,2.03,1.50
2012.02.24 06:48:28.561,1.5953,1.59573,1.43,1.50
2012.02.24 06:48:30.202,1.59529,1.59573,1.43,1.50
2012.02.24 06:48:31.213,1.59532,1.59573,1.43,1.50
2012.02.24 06:48:31.593,1.59532,1.59573,2.18,1.50
2012.02.24 06:48:33.397,1.59533,1.59573,1.43,1.50
2012.02.24 06:48:33.464,1.59528,1.5957,1.43,1.43
2012.02.24 06:48:34.063,1.59527,1.59569,1.43,1.43
2012.02.24 06:48:34.391,1.59527,1.59569,2.03,1.43
2012.02.24 06:48:35.040,1.59535,1.59573,1.43,1.50
2012.02.24 06:48:35.101,1.59535,1.59578,2.18,2.93
2012.02.24 06:48:35.453,1.59537,1.59573,1.43,1.50
2012.02.24 06:48:38.600,1.59524,1.59567,4.28,1.43
2012.02.24 06:48:39.629,1.59526,1.59566,2.18,1.43
2012.02.24 06:48:39.985,1.59528,1.59568,1.43,1.50
2012.02.24 06:48:40.575,1.59529,1.59568,1.43,1.50
2012.02.24 06:48:41.735,1.59527,1.59568,1.43,1.50
2012.02.24 06:48:41.992,1.59528,1.59573,1.43,2.93
2012.02.24 06:48:42.485,1.59529,1.59568,1.43,1.50
2012.02.24 06:48:42.558,1.59519,1.59564,1.43,1.43
2012.02.24 06:48:43.664,1.59521,1.59564,1.50,1.43
2012.02.24 06:48:44.677,1.59524,1.59564,1.50,1.43
2012.02.24 06:48:45.803,1.59524,1.59563,1.50,1.43
2012.02.24 06:48:46.155,1.59524,1.59563,2.25,1.43
2012.02.24 06:48:46.465,1.59529,1.59565,1.50,1.43
2012.02.24 06:48:46.536,1.59529,1.59568,1.50,1.43
2012.02.24 06:48:46.603,1.5953,1.59576,1.43,2.10
2012.02.24 06:48:46.983,1.5953,1.59569,1.43,1.50
2012.02.24 06:48:48.350,1.5953,1.59571,1.43,1.50
2012.02.24 06:48:48.423,1.5953,1.59574,1.43,1.50
2012.02.24 06:48:53.454,1.59527,1.59574,2.25,1.50
2012.02.24 06:48:53.979,1.59527,1.59566,2.25,1.43
2012.02.24 06:48:58.005,1.59527,1.59573,2.25,1.43
2012.02.24 06:49:01.765,1.59527,1.59567,2.25,1.43
2012.02.24 06:49:01.861,1.59527,1.59574,2.25,2.93
2012.02.24 06:49:02.513,1.59527,1.59573,2.25,1.43
2012.02.24 06:49:02.733,1.59529,1.59574,1.43,2.93
2012.02.24 06:49:03.052,1.59531,1.59573,2.18,1.43
2012.02.24 06:49:04.461,1.59531,1.59573,1.43,1.43
2012.02.24 06:49:06.697,1.59531,1.59573,2.18,1.43
2012.02.24 06:49:06.768,1.59531,1.59573,1.43,1.43
2012.02.24 06:49:07.307,1.59532,1.59573,2.25,1.43
2012.02.24 06:49:07.903,1.59532,1.59573,1.50,1.43
2012.02.24 06:49:08.154,1.59532,1.59573,2.25,1.43
2012.02.24 06:49:08.821,1.59532,1.59573,1.50,1.43
2012.02.24 06:49:09.016,1.59532,1.59576,1.50,1.43
2012.02.24 06:49:09.382,1.59532,1.59576,2.25,1.43
2012.02.24 06:49:10.633,1.59532,1.59575,2.25,1.43
2012.02.24 06:49:12.683,1.59532,1.59575,1.50,1.43
2012.02.24 06:49:13.327,1.59532,1.59574,2.25,1.43
2012.02.24 06:49:13.403,1.59532,1.59576,1.50,1.43
2012.02.24 06:49:14.273,1.59532,1.59576,2.25,1.43
2012.02.24 06:49:15.414,1.59532,1.59576,1.50,1.43
2012.02.24 06:49:15.484,1.5953,1.59575,1.43,1.50
2012.02.24 06:49:15.613,1.59528,1.59574,1.50,1.43
2012.02.24 06:49:16.212,1.59528,1.59575,1.50,2.93
2012.02.24 06:49:25.723,1.59528,1.59573,1.50,1.50
2012.02.24 06:49:25.792,1.59523,1.5957,2.93,1.50
2012.02.24 06:49:27.530,1.59523,1.5957,3.68,1.50
2012.02.24 06:49:27.869,1.59527,1.59575,2.25,1.43
2012.02.24 06:49:29.447,1.59527,1.59573,2.25,1.50
2012.02.24 06:49:29.793,1.59534,1.5957,1.43,1.50
2012.02.24 06:49:29.872,1.59534,1.59576,1.43,1.50
2012.02.24 06:49:30.183,1.59534,1.59567,1.43,1.50
2012.02.24 06:49:30.315,1.59524,1.59567,2.18,1.50
2012.02.24 06:49:30.505,1.59525,1.59572,2.25,1.50
2012.02.24 06:49:31.064,1.59533,1.59578,2.18,1.50
2012.02.24 06:49:31.869,1.59533,1.59578,1.43,1.50
2012.02.24 06:49:31.935,1.59533,1.59572,1.43,1.50
2012.02.24 06:49:32.244,1.59534,1.59567,1.43,1.50
2012.02.24 06:49:32.316,1.59523,1.59567,2.03,1.50
2012.02.24 06:49:32.545,1.59533,1.59567,1.43,1.50
2012.02.24 06:49:32.792,1.59524,1.59567,2.78,1.50
2012.02.24 06:49:32.862,1.5953,1.59567,1.43,1.50
2012.02.24 06:49:34.083,1.59524,1.59567,2.18,1.50
2012.02.24 06:49:35.982,1.59524,1.59565,2.18,1.43
2012.02.24 06:49:36.192,1.59522,1.59564,1.43,1.43
2012.02.24 06:49:36.325,1.5952,1.59563,1.43,1.43
2012.02.24 06:49:36.504,1.5952,1.59561,1.43,1.50
2012.02.24 06:49:37.369,1.59519,1.59561,1.43,1.50
2012.02.24 06:49:37.787,1.59523,1.59561,1.43,1.50
2012.02.24 06:49:38.369,1.59525,1.59561,1.43,1.50
2012.02.24 06:49:38.917,1.59526,1.59561,1.43,1.50
2012.02.24 06:49:39.493,1.59524,1.59561,1.43,1.50
2012.02.24 06:49:40.190,1.59525,1.59561,1.43,1.50
2012.02.24 06:49:40.270,1.59527,1.59567,1.43,1.50
2012.02.24 06:49:42.856,1.59525,1.59566,1.43,1.43
2012.02.24 06:49:43.046,1.59526,1.59562,1.43,1.50
2012.02.24 06:49:43.678,1.59524,1.59562,1.43,1.50
2012.02.24 06:49:43.996,1.59524,1.59567,1.43,1.50
2012.02.24 06:49:44.404,1.59522,1.59565,1.43,1.43
2012.02.24 06:49:44.516,1.59523,1.59567,1.43,2.93
2012.02.24 06:49:44.765,1.59523,1.59567,2.18,2.93
2012.02.24 06:49:44.953,1.59523,1.59567,1.43,2.93
2012.02.24 06:49:45.023,1.59522,1.59565,1.43,1.43
2012.02.24 06:49:45.606,1.59524,1.59567,1.43,1.50
2012.02.24 06:49:45.992,1.59522,1.59565,1.43,1.43
2012.02.24 06:49:46.212,1.59523,1.59567,1.43,2.93
2012.02.24 06:49:46.787,1.59524,1.59567,1.43,1.50
2012.02.24 06:49:46.972,1.59522,1.59565,1.43,1.43
2012.02.24 06:49:47.459,1.59524,1.59566,1.43,1.43
2012.02.24 06:49:47.927,1.59523,1.59564,1.43,1.43
2012.02.24 06:49:48.152,1.59524,1.59566,1.43,1.43
2012.02.24 06:49:48.710,1.59524,1.59567,1.43,1.50
2012.02.24 06:49:48.912,1.59523,1.59564,1.43,1.43
2012.02.24 06:49:49.756,1.59524,1.59562,1.43,1.50
2012.02.24 06:49:49.834,1.59503,1.59542,1.43,1.50
2012.02.24 06:49:50.023,1.59496,1.59536,2.78,1.50
2012.02.24 06:49:50.573,1.59496,1.59536,2.18,1.50
2012.02.24 06:49:51.021,1.59497,1.59538,1.43,1.43
2012.02.24 06:49:52.033,1.59494,1.59537,2.25,1.43
2012.02.24 06:49:53.004,1.59497,1.59538,2.18,1.43
2012.02.24 06:49:53.082,1.595,1.59541,2.18,2.10
2012.02.24 06:49:55.023,1.59496,1.59541,2.18,1.50
2012.02.24 06:49:59.158,1.59494,1.59536,3.68,1.43
2012.02.24 06:50:06.925,1.59498,1.59536,1.50,1.43
2012.02.24 06:50:07.282,1.59498,1.59536,2.25,1.43
2012.02.24 06:50:08.109,1.59492,1.5953,2.25,1.43
2012.02.24 06:50:08.177,1.59492,1.5953,2.25,1.43
2012.02.24 06:50:10.190,1.59504,1.59545,1.50,2.03
2012.02.24 06:50:10.262,1.59504,1.59545,2.25,2.18
2012.02.24 06:50:10.582,1.59504,1.59545,2.25,1.58
2012.02.24 06:50:10.827,1.59504,1.59546,1.50,1.43
2012.02.24 06:50:21.935,1.595,1.59546,1.50,1.43
2012.02.24 06:50:23.878,1.595,1.59546,2.25,1.43
2012.02.24 06:50:26.958,1.595,1.59546,1.50,1.43
2012.02.24 06:50:27.614,1.595,1.59546,2.25,1.43
2012.02.24 06:50:28.154,1.595,1.59547,2.25,2.93
2012.02.24 06:50:28.222,1.595,1.59547,1.50,2.93
2012.02.24 06:50:29.891,1.595,1.59546,1.50,1.43
2012.02.24 06:50:31.175,1.595,1.59546,2.25,1.43
2012.02.24 06:50:33.022,1.595,1.59545,2.25,1.43
2012.02.24 06:50:33.752,1.595,1.59544,2.25,1.43
2012.02.24 06:50:34.514,1.595,1.59544,1.50,1.43
2012.02.24 06:50:35.335,1.59504,1.59544,1.50,1.43
2012.02.24 06:50:35.462,1.59504,1.59546,1.50,1.43
2012.02.24 06:50:38.008,1.59504,1.59546,2.25,1.43
2012.02.24 06:50:39.647,1.59504,1.59546,1.50,1.43
2012.02.24 06:50:40.325,1.59499,1.59546,1.50,2.93
2012.02.24 06:50:42.140,1.59499,1.59544,1.50,1.43
2012.02.24 06:50:42.533,1.59495,1.59541,2.18,1.50
2012.02.24 06:50:43.280,1.59494,1.59529,1.50,1.43
2012.02.24 06:50:43.355,1.59486,1.59529,2.25,1.43
2012.02.24 06:50:44.774,1.59486,1.59529,2.25,1.43
2012.02.24 06:50:45.043,1.59493,1.59542,2.25,2.10
2012.02.24 06:50:45.112,1.59493,1.59542,2.25,1.50
2012.02.24 06:50:47.888,1.59498,1.59541,1.50,1.43
2012.02.24 06:50:48.018,1.59498,1.59546,1.50,1.43
2012.02.24 06:50:48.675,1.59498,1.59547,1.50,2.93
2012.02.24 06:50:48.985,1.59497,1.5954,2.25,1.50
2012.02.24 06:50:49.341,1.59497,1.59543,2.25,1.43
2012.02.24 06:50:50.447,1.59497,1.59542,2.25,1.43
2012.02.24 06:50:50.528,1.59491,1.5954,2.25,1.50
2012.02.24 06:50:51.172,1.59497,1.59543,2.25,1.43
2012.02.24 06:50:54.934,1.59497,1.59544,2.25,1.50
2012.02.24 06:50:56.005,1.59497,1.59544,2.25,1.50
2012.02.24 06:51:01.343,1.59497,1.59542,2.25,1.43
2012.02.24 06:51:02.516,1.59497,1.59543,2.25,1.43
2012.02.24 06:51:03.052,1.59497,1.59542,2.25,1.43
2012.02.24 06:51:04.384,1.59497,1.59543,2.25,1.43
2012.02.24 06:51:04.949,1.59497,1.59542,2.25,1.43
2012.02.24 06:51:05.836,1.59497,1.59543,2.25,1.43
2012.02.24 06:51:06.332,1.59492,1.59539,3.68,1.50
2012.02.24 06:51:08.913,1.59497,1.59542,2.25,1.50
2012.02.24 06:51:09.455,1.59497,1.59543,2.25,1.43
2012.02.24 06:51:10.013,1.59497,1.59544,2.25,1.50
2012.02.24 06:51:11.002,1.59499,1.59544,1.50,1.50
2012.02.24 06:51:11.083,1.59501,1.59545,1.50,1.43
2012.02.24 06:51:12.804,1.59501,1.59546,1.50,1.43
2012.02.24 06:51:28.040,1.59497,1.59543,2.18,1.50
2012.02.24 06:51:28.386,1.59499,1.59543,1.50,1.50
2012.02.24 06:51:28.455,1.595,1.59546,1.50,1.43
2012.02.24 06:51:29.566,1.595,1.59544,1.50,1.43
2012.02.24 06:51:29.693,1.595,1.59546,1.50,1.43
2012.02.24 06:51:29.884,1.595,1.59546,2.25,1.43
2012.02.24 06:51:30.089,1.595,1.59544,1.50,1.43
2012.02.24 06:51:31.582,1.595,1.59545,1.50,1.43
2012.02.24 06:51:43.027,1.595,1.59545,2.25,1.43
2012.02.24 06:51:43.308,1.59505,1.59549,2.25,1.43
2012.02.24 06:51:52.139,1.59505,1.59547,2.25,1.43
2012.02.24 06:51:52.704,1.59505,1.59547,1.50,1.43
2012.02.24 06:51:53.925,1.59505,1.59547,2.25,1.43
2012.02.24 06:51:53.991,1.59505,1.59547,1.50,1.43
2012.02.24 06:51:54.354,1.59505,1.59547,2.25,1.43
2012.02.24 06:51:55.120,1.59505,1.59547,1.50,1.43
2012.02.24 06:51:55.960,1.59505,1.59547,2.25,1.43
2012.02.24 06:51:57.115,1.59505,1.59548,2.25,1.43
2012.02.24 06:51:57.365,1.59505,1.5955,2.25,1.43
2012.02.24 06:52:11.208,1.59504,1.59548,2.25,1.50
2012.02.24 06:52:12.108,1.59499,1.59548,1.50,2.93
2012.02.24 06:52:16.127,1.59505,1.59548,1.50,1.43
2012.02.24 06:52:16.951,1.59499,1.59546,1.50,1.50
2012.02.24 06:52:17.498,1.59503,1.59548,1.50,2.93
2012.02.24 06:52:18.237,1.59501,1.59545,1.50,1.50
2012.02.24 06:52:18.421,1.59497,1.59545,1.43,1.50
2012.02.24 06:52:19.020,1.59501,1.59549,1.50,1.43
2012.02.24 06:52:20.405,1.59501,1.59547,1.50,1.43
2012.02.24 06:52:26.303,1.59501,1.59547,2.25,1.43
2012.02.24 06:52:28.944,1.59501,1.59548,2.25,1.43
2012.02.24 06:52:29.773,1.59501,1.59548,1.50,1.43
2012.02.24 06:52:32.012,1.59501,1.59546,1.50,1.43
2012.02.24 06:52:32.213,1.59497,1.59544,1.50,1.50
2012.02.24 06:52:32.283,1.595,1.59544,1.50,1.50
2012.02.24 06:52:32.762,1.59502,1.59546,1.50,1.43
2012.02.24 06:52:34.487,1.59502,1.59544,1.50,1.43
2012.02.24 06:52:34.943,1.59502,1.59545,2.25,1.43
2012.02.24 06:52:35.487,1.59502,1.59545,1.50,1.43
2012.02.24 06:52:35.962,1.59502,1.59548,1.50,1.43
2012.02.24 06:52:36.103,1.59502,1.59546,1.50,1.43
2012.02.24 06:52:37.507,1.59502,1.59546,2.25,1.43
2012.02.24 06:52:37.631,1.59504,1.59549,2.18,1.50
2012.02.24 06:52:37.944,1.59503,1.59545,2.18,1.50
2012.02.24 06:52:38.567,1.59503,1.59545,1.43,1.50
2012.02.24 06:52:38.640,1.59496,1.59545,2.25,1.50
2012.02.24 06:52:44.574,1.59497,1.59545,2.18,1.50
2012.02.24 06:52:46.528,1.59497,1.59545,1.43,1.50
2012.02.24 06:52:47.941,1.59498,1.59545,1.43,1.50
2012.02.24 06:52:51.694,1.59503,1.5955,2.93,1.50
2012.02.24 06:52:52.004,1.59503,1.5955,3.68,1.50
2012.02.24 06:52:52.589,1.59505,1.59548,2.18,1.50
2012.02.24 06:52:52.914,1.59496,1.59539,2.18,1.50
2012.02.24 06:52:53.042,1.59497,1.59542,2.25,1.50
2012.02.24 06:52:53.722,1.59497,1.59543,2.25,1.43
2012.02.24 06:52:54.212,1.59497,1.59541,2.25,1.43
2012.02.24 06:52:54.374,1.59497,1.59541,2.25,1.43
2012.02.24 06:52:59.065,1.59497,1.59542,2.25,1.43
2012.02.24 06:52:59.314,1.59497,1.59544,2.25,2.93
2012.02.24 06:53:00.133,1.59492,1.59538,2.25,1.43
2012.02.24 06:53:03.481,1.59492,1.59539,2.25,1.50
2012.02.24 06:53:07.525,1.59497,1.59544,2.25,1.50
2012.02.24 06:53:07.595,1.59497,1.59544,2.25,1.50
2012.02.24 06:53:20.761,1.59499,1.59544,1.43,1.50
2012.02.24 06:53:20.896,1.59493,1.59539,2.18,1.50
2012.02.24 06:53:21.625,1.59498,1.59539,2.18,1.50
2012.02.24 06:53:23.425,1.59498,1.59539,1.43,1.50
2012.02.24 06:53:23.568,1.59493,1.59539,2.18,1.50
2012.02.24 06:53:23.873,1.59497,1.59544,3.68,1.50
2012.02.24 06:53:24.375,1.59498,1.59544,1.43,1.50
2012.02.24 06:53:24.687,1.59498,1.5954,1.43,1.50
2012.02.24 06:53:25.301,1.59498,1.59534,1.43,1.50
2012.02.24 06:53:27.225,1.59498,1.59539,1.43,1.50
2012.02.24 06:53:27.355,1.59498,1.59539,2.18,1.50
2012.02.24 06:53:28.497,1.59498,1.59539,1.43,1.50
2012.02.24 06:53:29.227,1.59492,1.59539,3.68,1.50
2012.02.24 06:53:35.567,1.59492,1.59539,2.93,1.50
2012.02.24 06:53:35.640,1.59492,1.59532,1.43,1.50
2012.02.24 06:53:35.964,1.59477,1.59523,2.25,1.43
2012.02.24 06:53:37.045,1.59487,1.59535,2.25,1.43
2012.02.24 06:53:39.295,1.59489,1.59536,2.18,1.50
2012.02.24 06:53:39.605,1.59493,1.5954,2.25,2.93
2012.02.24 06:53:41.045,1.59493,1.59539,2.25,1.43
2012.02.24 06:53:44.254,1.59493,1.59538,2.25,1.43
2012.02.24 06:53:44.436,1.59493,1.59538,2.25,1.43
2012.02.24 06:53:45.466,1.59498,1.59538,1.50,1.43
2012.02.24 06:53:45.803,1.59498,1.5954,1.50,1.43
2012.02.24 06:53:46.012,1.59498,1.5954,2.25,1.43
2012.02.24 06:53:50.636,1.59498,1.5954,1.50,1.43
2012.02.24 06:53:51.401,1.59491,1.5954,3.68,2.93
2012.02.24 06:53:53.491,1.59491,1.59539,2.25,1.43
2012.02.24 06:53:55.790,1.59491,1.59536,2.25,1.50
2012.02.24 06:53:56.002,1.5949,1.59539,2.25,2.93
2012.02.24 06:54:00.042,1.5949,1.59536,2.25,1.43
2012.02.24 06:54:02.793,1.5949,1.59539,2.25,2.93
2012.02.24 06:54:04.824,1.59495,1.59541,2.25,1.43
2012.02.24 06:54:16.252,1.59495,1.59544,3.68,2.93
2012.02.24 06:54:16.535,1.59501,1.59544,1.50,1.43
2012.02.24 06:54:38.158,1.59505,1.59544,1.50,1.43
2012.02.24 06:54:39.453,1.59501,1.59544,1.50,1.43
2012.02.24 06:54:47.136,1.59505,1.59547,1.50,1.43
2012.02.24 06:54:47.263,1.59506,1.59554,2.25,1.43
2012.02.24 06:54:47.340,1.59513,1.59554,2.25,1.43
2012.02.24 06:54:47.411,1.59513,1.59554,1.50,1.43
2012.02.24 06:54:50.746,1.59513,1.59554,2.25,1.43
2012.02.24 06:54:50.816,1.59508,1.59554,1.50,1.43
2012.02.24 06:54:53.779,1.59516,1.59554,1.50,1.43
2012.02.24 06:54:53.963,1.59516,1.59556,1.50,1.43
2012.02.24 06:54:54.328,1.59511,1.59556,1.50,1.43
2012.02.24 06:54:56.027,1.59509,1.59554,1.50,1.50
2012.02.24 06:54:56.861,1.595,1.59541,3.68,1.43
2012.02.24 06:54:56.945,1.59501,1.59543,1.43,1.43
2012.02.24 06:54:58.668,1.59501,1.59543,2.18,1.43
2012.02.24 06:54:59.593,1.595,1.59542,2.25,1.43
2012.02.24 06:54:59.662,1.595,1.59542,1.50,1.43
2012.02.24 06:55:10.347,1.59503,1.59545,1.43,1.43
2012.02.24 06:55:10.652,1.59504,1.59544,2.18,1.43
2012.02.24 06:55:10.975,1.59511,1.59549,1.43,1.50
2012.02.24 06:55:11.513,1.5951,1.5955,1.43,1.43
2012.02.24 06:55:12.217,1.5951,1.5955,2.03,1.43
2012.02.24 06:55:12.297,1.59529,1.59569,1.43,1.43
2012.02.24 06:55:12.372,1.59529,1.59569,1.43,2.18
2012.02.24 06:55:12.453,1.59533,1.59573,1.43,1.43
2012.02.24 06:55:12.528,1.59533,1.59564,1.43,2.25
2012.02.24 06:55:13.852,1.59534,1.59564,1.43,2.25
2012.02.24 06:55:14.477,1.59534,1.59563,1.43,1.50
2012.02.24 06:55:14.663,1.5953,1.59563,1.43,1.50
2012.02.24 06:55:15.404,1.5953,1.59568,1.43,2.25
2012.02.24 06:55:17.029,1.59529,1.59568,1.43,2.25
2012.02.24 06:55:17.283,1.59531,1.59568,1.43,2.25
2012.02.24 06:55:19.003,1.59529,1.59568,1.43,2.25
2012.02.24 06:55:19.104,1.59531,1.59568,1.43,2.25
2012.02.24 06:55:19.840,1.5953,1.59568,1.43,2.25
2012.02.24 06:55:20.598,1.5953,1.59563,1.43,1.50
2012.02.24 06:55:20.936,1.59526,1.59563,1.43,2.25
2012.02.24 06:55:22.112,1.59526,1.59558,1.43,1.50
2012.02.24 06:55:23.144,1.59526,1.59558,1.43,2.25
2012.02.24 06:55:23.649,1.59526,1.59558,1.43,1.50
2012.02.24 06:55:23.815,1.59524,1.59558,1.43,1.50
2012.02.24 06:55:24.224,1.59524,1.59561,1.43,1.50
2012.02.24 06:55:24.293,1.59524,1.59564,1.43,2.25
2012.02.24 06:55:26.230,1.59524,1.59564,1.43,2.25
2012.02.24 06:55:27.467,1.59524,1.59564,1.43,2.25
2012.02.24 06:55:27.546,1.59524,1.59558,1.43,1.50
2012.02.24 06:55:27.674,1.59521,1.59558,1.43,1.50
2012.02.24 06:55:28.148,1.59521,1.59558,1.43,2.25
2012.02.24 06:55:28.405,1.59525,1.59564,1.43,2.25
2012.02.24 06:55:29.112,1.59524,1.59564,1.43,2.25
2012.02.24 06:55:30.365,1.59525,1.59564,1.43,2.25
2012.02.24 06:55:30.440,1.59525,1.59564,1.43,2.25
2012.02.24 06:55:30.507,1.59525,1.59564,1.43,2.25
2012.02.24 06:55:30.574,1.59527,1.59564,1.43,2.25
2012.02.24 06:55:31.168,1.59527,1.59564,1.43,2.25
2012.02.24 06:55:32.092,1.59531,1.59564,1.43,2.25
2012.02.24 06:55:32.617,1.59528,1.59568,1.43,2.18
2012.02.24 06:55:33.296,1.59536,1.5957,1.43,2.25
2012.02.24 06:55:33.853,1.59537,1.5957,1.43,2.25
2012.02.24 06:55:34.901,1.59539,1.59574,1.43,1.35
2012.02.24 06:55:35.097,1.59542,1.59575,1.43,2.25
2012.02.24 06:55:35.168,1.59542,1.5958,1.43,2.25
2012.02.24 06:55:35.296,1.59542,1.5958,1.43,2.25
2012.02.24 06:55:36.168,1.59542,1.5958,1.43,2.25
2012.02.24 06:55:36.587,1.59542,1.5958,1.43,2.25
2012.02.24 06:55:37.589,1.59542,1.5958,1.43,2.25
2012.02.24 06:55:38.056,1.59542,1.5958,1.43,2.25
2012.02.24 06:55:38.248,1.59542,1.5958,1.43,2.25
2012.02.24 06:55:38.954,1.59542,1.5958,1.43,2.25
2012.02.24 06:55:40.698,1.59537,1.59578,1.43,2.18
2012.02.24 06:55:41.046,1.59535,1.59576,1.43,2.25
2012.02.24 06:55:41.709,1.59536,1.59576,1.43,2.25
2012.02.24 06:55:42.224,1.59535,1.59576,1.43,2.25
2012.02.24 06:55:45.647,1.59535,1.59576,1.43,2.25
2012.02.24 06:55:46.095,1.59537,1.59576,1.43,2.25
2012.02.24 06:55:47.237,1.59537,1.59578,1.43,1.43
2012.02.24 06:55:47.442,1.59537,1.59578,1.43,2.18
2012.02.24 06:55:47.627,1.59537,1.59578,1.43,1.43
2012.02.24 06:55:48.772,1.59537,1.59578,1.43,2.18
2012.02.24 06:55:48.944,1.59537,1.59578,1.43,1.43
2012.02.24 06:55:51.497,1.59535,1.59579,1.43,1.43
2012.02.24 06:55:53.631,1.59535,1.59579,1.43,2.18
2012.02.24 06:55:54.994,1.59535,1.59576,1.43,1.50
2012.02.24 06:55:55.763,1.59535,1.59578,1.43,1.50
2012.02.24 06:55:56.023,1.59536,1.5958,1.43,1.43
2012.02.24 06:55:59.209,1.59536,1.5958,1.43,2.18
2012.02.24 06:56:01.683,1.59536,1.5958,1.43,1.43
2012.02.24 06:56:02.588,1.59536,1.59579,1.43,2.10
2012.02.24 06:56:04.205,1.59533,1.59576,1.43,2.18
2012.02.24 06:56:07.463,1.59534,1.59576,1.43,2.18
2012.02.24 06:56:07.826,1.59535,1.59577,1.43,1.43
2012.02.24 06:56:08.832,1.59536,1.59578,1.43,1.43
2012.02.24 06:56:10.315,1.59536,1.59578,1.43,2.18
2012.02.24 06:56:13.307,1.59539,1.59578,1.50,2.18
2012.02.24 06:56:13.597,1.59539,1.59578,1.50,1.43
2012.02.24 06:56:13.810,1.59539,1.59578,1.50,2.18
2012.02.24 06:56:13.965,1.59539,1.59578,1.50,1.43
2012.02.24 06:56:14.185,1.59539,1.59578,1.50,2.18
2012.02.24 06:56:14.630,1.59539,1.59578,1.50,1.43
2012.02.24 06:56:15.499,1.59539,1.59579,1.50,1.43
2012.02.24 06:56:15.566,1.59537,1.59579,1.43,1.43
2012.02.24 06:56:15.785,1.59537,1.59579,1.43,2.18
2012.02.24 06:56:16.705,1.59534,1.59578,2.93,2.18
2012.02.24 06:56:17.599,1.59534,1.59578,2.93,1.43
2012.02.24 06:56:18.317,1.59535,1.59575,1.43,1.43
2012.02.24 06:56:19.277,1.59535,1.59575,1.43,2.18
2012.02.24 06:56:20.905,1.59534,1.59576,1.50,2.18
2012.02.24 06:56:22.656,1.59534,1.59576,1.50,1.43
2012.02.24 06:56:25.066,1.59534,1.59576,3.68,1.43
2012.02.24 06:56:25.376,1.59538,1.59579,2.23,1.43
2012.02.24 06:56:26.251,1.59539,1.59581,1.43,1.43
2012.02.24 06:56:26.317,1.59539,1.59581,2.16,1.43
2012.02.24 06:56:27.752,1.59539,1.59581,2.16,1.43
2012.02.24 06:56:28.057,1.59516,1.59542,1.50,1.43
2012.02.24 06:56:28.186,1.59516,1.59542,2.23,1.43
2012.02.24 06:56:28.253,1.59516,1.59542,1.50,1.43
2012.02.24 06:56:28.324,1.59516,1.59552,2.25,2.03
2012.02.24 06:56:28.608,1.59511,1.59543,2.25,1.43
2012.02.24 06:56:28.705,1.59511,1.59543,1.50,1.43
2012.02.24 06:56:29.598,1.59508,1.59549,2.23,1.43
2012.02.24 06:56:29.674,1.59505,1.59543,2.98,1.43
2012.02.24 06:56:31.334,1.59509,1.59543,1.50,1.43
2012.02.24 06:56:32.345,1.59511,1.5955,1.50,2.03
2012.02.24 06:56:32.536,1.59511,1.5955,2.25,2.03
2012.02.24 06:56:33.268,1.59511,1.59543,1.50,1.43
2012.02.24 06:56:33.624,1.59506,1.59543,2.98,1.43
2012.02.24 06:56:33.955,1.59506,1.59541,2.25,1.43
2012.02.24 06:56:34.266,1.5951,1.59541,1.50,1.43
2012.02.24 06:56:34.907,1.5951,1.59542,2.25,1.43
2012.02.24 06:56:39.390,1.5951,1.59542,2.23,1.43
2012.02.24 06:56:39.527,1.5951,1.59548,2.23,1.43
2012.02.24 06:56:39.670,1.5951,1.5955,2.23,1.43
2012.02.24 06:56:40.177,1.5951,1.59549,1.50,1.43
2012.02.24 06:56:40.773,1.5951,1.59551,2.23,1.43
2012.02.24 06:56:40.929,1.5951,1.59553,1.50,1.43
2012.02.24 06:56:44.074,1.59511,1.59553,1.50,1.43
2012.02.24 06:56:44.678,1.59514,1.59551,1.50,1.43
2012.02.24 06:56:45.028,1.59517,1.59552,1.50,1.43
2012.02.24 06:56:46.308,1.59511,1.59552,1.50,1.43
2012.02.24 06:56:46.399,1.59511,1.59552,2.25,1.43
2012.02.24 06:56:47.144,1.5952,1.5956,1.43,1.50
2012.02.24 06:56:47.333,1.59514,1.59552,2.25,1.43
2012.02.24 06:56:47.543,1.59519,1.59561,1.43,1.50
2012.02.24 06:56:48.930,1.59519,1.59561,2.18,1.50
2012.02.24 06:56:49.468,1.59519,1.59562,3.68,1.43
2012.02.24 06:56:50.053,1.59519,1.59562,2.93,1.43
2012.02.24 06:56:50.130,1.59519,1.59558,1.50,1.43
2012.02.24 06:56:50.711,1.59519,1.59558,2.25,1.43
2012.02.24 06:56:50.782,1.59519,1.59558,1.50,1.43
2012.02.24 06:56:51.167,1.59519,1.59558,2.25,1.43
2012.02.24 06:56:51.451,1.59519,1.59558,1.50,1.43
2012.02.24 06:56:51.776,1.59519,1.59561,1.50,1.43
2012.02.24 06:56:51.907,1.59519,1.59561,2.25,1.43
2012.02.24 06:56:52.118,1.59519,1.59558,1.50,1.43
2012.02.24 06:56:52.715,1.59519,1.59552,1.50,1.43
2012.02.24 06:56:52.793,1.59517,1.59552,2.25,1.43
2012.02.24 06:56:53.597,1.59511,1.59552,2.18,1.43
2012.02.24 06:56:54.058,1.59518,1.59557,2.18,1.50
2012.02.24 06:56:55.107,1.59514,1.5956,3.68,1.43
2012.02.24 06:56:55.182,1.59514,1.59558,3.68,2.93
2012.02.24 06:56:55.318,1.59514,1.59556,2.18,1.50
2012.02.24 06:56:55.388,1.59511,1.59552,2.18,1.43
2012.02.24 06:56:55.985,1.59511,1.59551,2.18,1.50
2012.02.24 06:56:56.608,1.59511,1.59551,2.18,1.50
2012.02.24 06:56:56.683,1.5951,1.59548,2.78,1.50
2012.02.24 06:56:56.752,1.5951,1.5955,4.28,1.43
2012.02.24 06:56:56.969,1.5951,1.59549,2.85,1.43
2012.02.24 06:56:57.040,1.59512,1.59557,2.18,1.43
2012.02.24 06:56:57.167,1.59512,1.59553,2.18,1.43
2012.02.24 06:56:57.627,1.5952,1.59569,2.25,2.93
2012.02.24 06:56:58.329,1.59519,1.59563,2.18,1.50
2012.02.24 06:56:58.700,1.59518,1.59563,2.18,1.50
2012.02.24 06:56:58.924,1.5952,1.59567,2.25,1.50
2012.02.24 06:56:59.457,1.5952,1.59567,2.25,1.50
2012.02.24 06:56:59.585,1.5952,1.59567,2.25,1.50
2012.02.24 06:57:00.298,1.59526,1.5957,2.25,1.43
2012.02.24 06:57:00.614,1.59533,1.59574,2.18,1.43
2012.02.24 06:57:00.686,1.59532,1.59576,2.18,1.43
2012.02.24 06:57:01.144,1.59533,1.59574,2.18,1.43
2012.02.24 06:57:01.585,1.59531,1.59575,2.93,1.43
2012.02.24 06:57:01.768,1.59531,1.59576,3.68,1.43
2012.02.24 06:57:02.939,1.5954,1.59576,1.50,1.43
2012.02.24 06:57:03.394,1.59543,1.59576,1.50,1.43
2012.02.24 06:57:03.643,1.59547,1.5959,1.50,1.43
2012.02.24 06:57:05.365,1.59547,1.59591,2.25,1.43
2012.02.24 06:57:05.509,1.59553,1.59594,1.43,1.43
2012.02.24 06:57:05.573,1.5955,1.59595,1.43,1.43
2012.02.24 06:57:05.805,1.59552,1.59595,1.50,1.43
2012.02.24 06:57:06.425,1.59555,1.59596,1.43,1.43
2012.02.24 06:57:08.244,1.59555,1.59597,1.43,1.43
2012.02.24 06:57:09.375,1.59558,1.59597,1.50,1.43
2012.02.24 06:57:09.728,1.59561,1.59605,1.43,1.50
2012.02.24 06:57:09.796,1.59561,1.59603,1.43,1.50
2012.02.24 06:57:10.122,1.59555,1.59597,2.18,1.43
2012.02.24 06:57:13.381,1.59555,1.59597,1.43,1.43
2012.02.24 06:57:13.635,1.59558,1.59599,1.43,1.43
2012.02.24 06:57:15.827,1.5956,1.59601,1.43,1.50
2012.02.24 06:57:16.225,1.59558,1.59598,1.43,1.43
2012.02.24 06:57:16.536,1.59562,1.59599,1.50,1.43
2012.02.24 06:57:16.611,1.59562,1.59607,1.50,2.93
2012.02.24 06:57:16.677,1.59562,1.59605,1.50,1.43
2012.02.24 06:57:17.094,1.59562,1.59603,1.50,1.43
2012.02.24 06:57:17.725,1.59562,1.59595,1.50,1.43
2012.02.24 06:57:17.919,1.59555,1.59594,1.50,1.43
2012.02.24 06:57:17.986,1.59552,1.59594,1.50,1.43
2012.02.24 06:57:18.334,1.59552,1.59594,2.25,1.43
2012.02.24 06:57:18.483,1.59554,1.59594,1.43,1.43
2012.02.24 06:57:19.666,1.59552,1.59594,2.93,1.43
2012.02.24 06:57:20.427,1.59553,1.59593,1.43,1.43
2012.02.24 06:57:23.259,1.59553,1.59595,1.43,2.93
2012.02.24 06:57:23.726,1.59553,1.59595,2.18,2.93
2012.02.24 06:57:24.305,1.59553,1.59595,2.93,1.43
2012.02.24 06:57:25.228,1.59553,1.59594,2.93,1.43
2012.02.24 06:57:26.732,1.59553,1.59594,3.68,1.43
2012.02.24 06:57:27.058,1.59553,1.59594,2.93,1.43
2012.02.24 06:57:27.573,1.59552,1.59595,1.43,2.93
2012.02.24 06:57:28.485,1.59552,1.59595,2.18,2.93
2012.02.24 06:57:29.575,1.59552,1.59595,1.43,2.93
2012.02.24 06:57:30.095,1.59554,1.59595,1.43,1.50
2012.02.24 06:57:30.406,1.59564,1.59604,1.43,1.50
2012.02.24 06:57:30.758,1.59555,1.59596,2.25,1.43
2012.02.24 06:57:31.482,1.5956,1.59596,1.50,1.43
2012.02.24 06:57:31.627,1.5956,1.59598,1.50,1.43
2012.02.24 06:57:31.758,1.5956,1.59602,1.50,1.43
2012.02.24 06:57:32.039,1.5956,1.59606,1.50,1.43
2012.02.24 06:57:34.147,1.5956,1.59604,1.50,1.43
2012.02.24 06:57:35.956,1.59566,1.59607,1.43,1.50
2012.02.24 06:57:37.868,1.59556,1.59604,3.68,1.43
2012.02.24 06:57:37.944,1.59556,1.59597,2.25,1.43
2012.02.24 06:57:38.304,1.59556,1.596,3.68,1.43
2012.02.24 06:57:38.375,1.59556,1.59598,2.18,1.50
2012.02.24 06:57:38.765,1.59557,1.59604,3.68,2.93
2012.02.24 06:57:38.835,1.59565,1.59612,1.50,1.50
2012.02.24 06:57:40.674,1.59565,1.59612,2.25,2.93
2012.02.24 06:57:40.994,1.59569,1.59612,1.50,1.43
2012.02.24 06:57:41.188,1.59561,1.5961,2.93,1.50
2012.02.24 06:57:41.318,1.59561,1.59606,2.25,1.43
2012.02.24 06:57:41.392,1.59561,1.5961,2.25,1.50
2012.02.24 06:57:41.587,1.59568,1.59613,1.50,1.43
2012.02.24 06:57:42.646,1.59562,1.59611,1.50,2.93
2012.02.24 06:57:42.832,1.59562,1.59609,1.50,1.43
2012.02.24 06:57:43.698,1.59568,1.59609,1.50,1.43
2012.02.24 06:57:43.889,1.59571,1.59618,1.50,2.25
2012.02.24 06:57:43.958,1.59571,1.5961,1.50,1.43
2012.02.24 06:57:44.144,1.59571,1.59612,1.50,1.43
2012.02.24 06:57:44.214,1.59565,1.59612,2.25,1.43
2012.02.24 06:57:44.835,1.59565,1.5961,1.50,1.43
2012.02.24 06:57:45.731,1.59565,1.59608,1.50,1.50
2012.02.24 06:57:45.794,1.59558,1.59607,1.50,1.50
2012.02.24 06:57:48.387,1.5956,1.59607,1.43,1.50
2012.02.24 06:57:48.824,1.5956,1.59607,2.18,1.50
2012.02.24 06:57:48.893,1.59564,1.5961,2.25,1.43
2012.02.24 06:57:51.737,1.59564,1.5961,2.25,1.43
2012.02.24 06:57:52.674,1.5957,1.5961,1.50,1.43
2012.02.24 06:57:53.213,1.5957,1.5961,2.25,1.43
2012.02.24 06:57:55.757,1.59572,1.59617,2.25,2.93
2012.02.24 06:57:56.330,1.59579,1.59617,1.50,1.43
2012.02.24 06:57:57.013,1.59577,1.59617,2.25,1.43
2012.02.24 06:58:03.240,1.59574,1.59617,1.50,1.43
2012.02.24 06:58:03.368,1.59579,1.59617,1.50,1.43
2012.02.24 06:58:03.886,1.59579,1.59618,1.50,1.43
2012.02.24 06:58:04.425,1.59579,1.59614,1.50,1.43
2012.02.24 06:58:05.382,1.59579,1.59612,1.50,1.43
2012.02.24 06:58:06.347,1.59573,1.59612,2.25,1.43
2012.02.24 06:58:07.988,1.59573,1.59622,1.50,1.50
2012.02.24 06:58:08.664,1.59574,1.59621,1.50,1.50
2012.02.24 06:58:08.741,1.59579,1.59621,1.43,1.50
2012.02.24 06:58:08.946,1.59574,1.59621,2.25,1.50
2012.02.24 06:58:10.814,1.59579,1.59621,1.43,1.50
2012.02.24 06:58:11.854,1.59574,1.59621,1.50,1.50
2012.02.24 06:58:12.387,1.59574,1.59621,2.25,1.50
2012.02.24 06:58:12.893,1.59578,1.59621,1.43,1.50
2012.02.24 06:58:13.530,1.59578,1.59621,2.18,1.50
2012.02.24 06:58:13.907,1.5958,1.59623,2.25,1.50
2012.02.24 06:58:13.978,1.5958,1.59627,2.25,1.50
2012.02.24 06:58:14.205,1.5958,1.59627,1.50,1.50
2012.02.24 06:58:14.401,1.59584,1.59629,1.50,1.43
2012.02.24 06:58:14.713,1.59592,1.59633,1.43,2.93
2012.02.24 06:58:15.102,1.59592,1.59627,1.43,1.50
2012.02.24 06:58:15.233,1.59586,1.59627,2.18,2.93
2012.02.24 06:58:17.185,1.59586,1.59623,2.18,1.50
2012.02.24 06:58:17.764,1.59577,1.59617,1.13,1.50
2012.02.24 06:58:18.477,1.59575,1.5962,2.25,1.50
2012.02.24 06:58:18.547,1.59575,1.59622,2.25,2.93
2012.02.24 06:58:20.227,1.59575,1.59622,2.25,2.93
2012.02.24 06:58:21.288,1.59575,1.5962,2.25,1.43
2012.02.24 06:58:21.419,1.59583,1.59622,1.43,1.50
2012.02.24 06:58:21.746,1.59591,1.5963,1.43,1.50
2012.02.24 06:58:22.491,1.59584,1.59623,2.18,1.50
2012.02.24 06:58:22.809,1.59581,1.59619,2.18,1.50
2012.02.24 06:58:22.878,1.59581,1.59617,1.43,1.50
2012.02.24 06:58:22.947,1.59574,1.59614,2.18,1.50
2012.02.24 06:58:23.256,1.5957,1.59612,2.18,1.43
2012.02.24 06:58:24.418,1.59569,1.5961,1.43,1.43
2012.02.24 06:58:24.494,1.59571,1.59612,2.18,1.50
2012.02.24 06:58:25.583,1.59571,1.59614,2.18,1.50
2012.02.24 06:58:25.654,1.59571,1.59611,2.18,1.50
2012.02.24 06:58:29.075,1.59571,1.59618,3.68,2.93
2012.02.24 06:58:36.535,1.59573,1.59618,2.18,1.50
2012.02.24 06:58:37.247,1.59573,1.59618,1.43,1.50
2012.02.24 06:58:37.867,1.59571,1.59616,2.25,1.43
2012.02.24 06:58:37.938,1.59571,1.59616,1.50,1.43
2012.02.24 06:58:38.008,1.59571,1.59612,1.50,1.50
2012.02.24 06:58:38.646,1.59571,1.59593,1.50,1.43
2012.02.24 06:58:38.725,1.59545,1.59584,2.25,1.43
2012.02.24 06:58:38.945,1.59545,1.59584,2.25,1.43
2012.02.24 06:58:39.194,1.59549,1.59584,1.35,1.43
2012.02.24 06:58:39.264,1.59549,1.59592,1.35,1.50
2012.02.24 06:58:39.336,1.59549,1.59595,1.35,1.50
2012.02.24 06:58:40.764,1.59549,1.5959,1.35,1.50
2012.02.24 06:58:41.692,1.59552,1.59592,2.25,1.50
2012.02.24 06:58:41.777,1.59566,1.59605,2.18,1.50
2012.02.24 06:58:42.561,1.59566,1.596,2.18,1.50
2012.02.24 06:58:42.878,1.59566,1.59592,1.43,1.50
2012.02.24 06:58:42.948,1.59557,1.59592,2.18,1.50
2012.02.24 06:58:43.075,1.59557,1.59592,2.18,1.50
2012.02.24 06:58:43.274,1.59557,1.59597,2.18,1.50
2012.02.24 06:58:44.060,1.59554,1.59587,1.35,1.50
2012.02.24 06:58:44.141,1.59542,1.59579,2.18,1.50
2012.02.24 06:58:44.452,1.59542,1.59581,2.18,1.50
2012.02.24 06:58:44.524,1.59542,1.59583,2.18,1.43
2012.02.24 06:58:44.697,1.59545,1.59583,1.35,1.43
2012.02.24 06:58:44.898,1.59555,1.5959,2.18,1.50
2012.02.24 06:58:44.963,1.59555,1.5959,1.43,1.50
2012.02.24 06:58:45.037,1.59546,1.59588,2.18,1.43
2012.02.24 06:58:45.416,1.59546,1.59584,2.18,1.50
2012.02.24 06:58:46.685,1.59536,1.59579,4.65,1.43
2012.02.24 06:58:46.754,1.59536,1.59578,2.55,1.50
2012.02.24 06:58:47.427,1.59536,1.59578,2.18,2.10
2012.02.24 06:58:47.744,1.59529,1.59569,2.25,1.43
2012.02.24 06:58:47.993,1.59529,1.59569,1.50,1.43
2012.02.24 06:58:48.240,1.59528,1.59565,1.35,1.50
2012.02.24 06:58:48.364,1.59528,1.59569,2.85,1.43
2012.02.24 06:58:49.369,1.5953,1.59569,2.25,1.43
2012.02.24 06:58:49.443,1.59534,1.59572,2.18,1.50
2012.02.24 06:58:49.686,1.59534,1.5957,2.18,1.50
2012.02.24 06:58:50.244,1.59521,1.59567,2.18,1.50
2012.02.24 06:58:53.735,1.59533,1.59573,2.18,2.93
2012.02.24 06:59:00.425,1.59534,1.59573,1.43,1.50
2012.02.24 06:59:00.503,1.59534,1.59573,2.18,1.50
2012.02.24 06:59:01.749,1.59536,1.5958,2.18,1.50
2012.02.24 06:59:04.635,1.59536,1.5958,2.18,1.50
2012.02.24 06:59:04.707,1.59536,1.5958,2.18,1.50
2012.02.24 06:59:07.872,1.59535,1.59574,2.18,1.50
2012.02.24 06:59:12.655,1.59531,1.59572,2.18,1.50
2012.02.24 06:59:13.140,1.59531,1.5957,2.18,1.50
2012.02.24 06:59:14.735,1.59533,1.59575,2.18,1.50
2012.02.24 06:59:15.472,1.59533,1.59575,2.18,1.50
2012.02.24 06:59:17.727,1.59533,1.59576,2.18,1.50
2012.02.24 06:59:17.798,1.59533,1.59579,2.18,1.50
2012.02.24 06:59:18.107,1.59533,1.59569,2.18,1.50
2012.02.24 06:59:18.706,1.59533,1.59579,2.18,1.50
2012.02.24 06:59:22.426,1.5953,1.59577,2.25,1.43
2012.02.24 06:59:22.993,1.5953,1.59577,2.25,1.43
2012.02.24 06:59:23.305,1.59529,1.59573,2.25,1.50
2012.02.24 06:59:24.538,1.59523,1.59568,2.25,1.50
2012.02.24 06:59:24.662,1.59522,1.59568,2.18,1.50
2012.02.24 06:59:24.758,1.59522,1.59562,2.18,1.50
2012.02.24 06:59:25.483,1.59522,1.59562,2.18,1.50
2012.02.24 06:59:25.560,1.59522,1.59562,2.18,1.50
2012.02.24 06:59:27.706,1.59518,1.59562,1.43,1.50
2012.02.24 06:59:27.776,1.59503,1.59544,3.68,1.43
2012.02.24 06:59:28.512,1.59503,1.59544,3.68,1.43
2012.02.24 06:59:28.594,1.59519,1.59565,2.18,1.50
2012.02.24 06:59:28.667,1.59519,1.59559,2.18,1.50
2012.02.24 06:59:29.059,1.59507,1.59554,2.25,1.50
2012.02.24 06:59:29.734,1.59507,1.59554,2.25,1.50
2012.02.24 06:59:29.806,1.59507,1.59554,2.25,1.50
2012.02.24 06:59:29.907,1.59507,1.59554,2.25,1.50
2012.02.24 06:59:30.226,1.59504,1.59548,2.25,1.50
2012.02.24 06:59:30.785,1.59518,1.59558,2.18,1.50
2012.02.24 06:59:30.862,1.59518,1.5956,2.18,1.50
2012.02.24 06:59:30.929,1.59518,1.59566,2.18,1.50
2012.02.24 06:59:31.000,1.59517,1.59566,1.50,1.50
2012.02.24 06:59:31.928,1.59517,1.59563,2.25,1.50
2012.02.24 06:59:32.274,1.59512,1.59561,2.25,1.50
2012.02.24 06:59:32.987,1.59516,1.59561,2.25,1.50
2012.02.24 06:59:33.067,1.59521,1.59567,2.18,1.50
2012.02.24 06:59:34.427,1.59521,1.59563,2.18,1.50
2012.02.24 06:59:34.872,1.59519,1.59561,2.18,1.50
2012.02.24 06:59:37.174,1.59519,1.59561,1.43,1.50
2012.02.24 06:59:37.364,1.59514,1.59561,2.25,1.50
2012.02.24 06:59:38.566,1.59509,1.59556,2.25,1.50
2012.02.24 06:59:40.185,1.59513,1.59557,2.25,1.50
2012.02.24 06:59:41.053,1.59507,1.59556,2.25,1.50
2012.02.24 06:59:43.091,1.59507,1.59552,2.25,1.50
2012.02.24 06:59:43.461,1.59503,1.5955,2.25,1.50
2012.02.24 06:59:43.776,1.59503,1.59536,2.25,1.43
2012.02.24 06:59:46.136,1.59503,1.59536,2.25,1.43
2012.02.24 06:59:47.017,1.59503,1.59536,2.25,1.43
2012.02.24 06:59:49.665,1.59503,1.59535,2.25,1.43
2012.02.24 06:59:49.740,1.59503,1.59535,2.25,1.43
2012.02.24 06:59:49.987,1.59496,1.59535,2.25,2.93
2012.02.24 06:59:50.115,1.59488,1.59529,2.25,1.43
2012.02.24 06:59:50.426,1.59492,1.59534,2.18,1.43
2012.02.24 06:59:50.736,1.59492,1.59534,2.18,2.93
2012.02.24 06:59:50.863,1.59487,1.59529,2.25,1.43
2012.02.24 06:59:51.671,1.59487,1.59529,2.25,1.43
2012.02.24 06:59:51.738,1.59491,1.59531,2.18,1.43
2012.02.24 06:59:51.985,1.59491,1.59531,2.18,1.43
2012.02.24 06:59:52.618,1.59493,1.59534,2.18,1.43
2012.02.24 06:59:53.279,1.59493,1.59534,1.43,1.43
2012.02.24 06:59:53.404,1.59486,1.59524,2.25,1.43
2012.02.24 06:59:53.958,1.59486,1.59524,1.50,1.43
2012.02.24 06:59:54.085,1.59486,1.59526,1.50,1.43
2012.02.24 06:59:56.207,1.59486,1.59526,2.25,1.43
2012.02.24 06:59:56.806,1.59486,1.59527,3.68,1.43
2012.02.24 06:59:57.914,1.59486,1.59527,2.93,1.43
2012.02.24 06:59:58.491,1.5949,1.59524,1.50,1.43
2012.02.24 06:59:58.564,1.5949,1.59532,1.50,1.43
2012.02.24 06:59:58.640,1.59486,1.59532,1.50,1.43
