2012.10.21 22:00:00.189,1.59506,1.59664,0.75,0.75
2012.10.21 22:00:00.429,1.59527,1.59664,0.75,0.75
2012.10.21 22:00:00.550,1.5951,1.59664,0.75,0.75
2012.10.21 22:00:02.280,1.59509,1.59664,0.75,0.75
2012.10.21 22:00:02.340,1.59506,1.59664,0.75,0.75
2012.10.21 22:00:02.400,1.59507,1.59633,0.75,0.75
2012.10.21 22:00:03.080,1.59536,1.59644,0.75,0.75
2012.10.21 22:00:03.200,1.59506,1.59634,0.75,0.75
2012.10.21 22:00:05.191,1.59567,1.59643,0.75,0.75
2012.10.21 22:00:07.736,1.59556,1.59634,0.75,0.75
2012.10.21 22:00:08.068,1.59576,1.59644,0.75,0.75
2012.10.21 22:00:08.770,1.59587,1.59663,0.75,0.75
2012.10.21 22:00:13.460,1.59596,1.59664,0.75,0.75
2012.10.21 22:00:13.763,1.59587,1.59663,0.75,0.75
2012.10.21 22:00:14.060,1.59597,1.59663,0.75,0.75
2012.10.21 22:00:20.670,1.59597,1.59653,0.75,0.75
2012.10.21 22:00:21.120,1.59597,1.59663,0.75,0.75
2012.10.21 22:00:22.510,1.59586,1.59664,0.75,0.75
2012.10.21 22:00:22.718,1.59596,1.59664,0.75,0.75
2012.10.21 22:00:24.500,1.59586,1.59654,0.75,0.75
2012.10.21 22:00:24.831,1.59586,1.59664,0.75,0.75
2012.10.21 22:00:25.070,1.59586,1.59654,0.75,0.75
2012.10.21 22:00:25.490,1.59587,1.59643,0.75,0.75
2012.10.21 22:00:25.847,1.59577,1.59633,0.75,0.75
2012.10.21 22:00:29.570,1.59576,1.59644,0.75,0.75
2012.10.21 22:00:38.390,1.59587,1.59663,0.75,0.75
2012.10.21 22:00:38.510,1.59576,1.59644,0.75,0.75
2012.10.21 22:00:44.681,1.59576,1.59634,0.75,0.75
2012.10.21 22:00:44.957,1.59576,1.59644,0.75,0.75
2012.10.21 22:00:45.450,1.59577,1.59633,0.75,0.75
2012.10.21 22:00:45.880,1.59577,1.59643,0.75,0.75
2012.10.21 22:00:46.511,1.59587,1.59663,0.75,0.75
2012.10.21 22:00:46.991,1.59577,1.59653,0.75,0.75
2012.10.21 22:00:47.500,1.59587,1.59653,0.75,0.75
2012.10.21 22:00:47.860,1.59587,1.59643,0.75,0.75
2012.10.21 22:00:48.307,1.59576,1.59644,0.75,0.75
2012.10.21 22:00:49.880,1.59576,1.59654,0.75,0.75
2012.10.21 22:00:50.001,1.59577,1.59643,0.75,0.75
2012.10.21 22:00:51.716,1.59576,1.59634,0.75,0.75
2012.10.21 22:01:01.571,1.59536,1.59634,0.75,0.75
2012.10.21 22:01:01.690,1.59528,1.59633,0.75,0.75
2012.10.21 22:01:02.240,1.59527,1.59633,0.75,0.75
2012.10.21 22:01:02.630,1.59529,1.59633,0.75,0.75
2012.10.21 22:01:05.240,1.59576,1.59634,0.75,0.75
2012.10.21 22:01:12.191,1.59576,1.59644,0.75,0.75
2012.10.21 22:01:12.311,1.59576,1.59634,0.75,0.75
2012.10.21 22:01:31.431,1.59577,1.59643,0.75,0.75
2012.10.21 22:01:31.551,1.59577,1.59633,0.75,0.75
2012.10.21 22:01:31.671,1.59577,1.59643,0.75,0.75
2012.10.21 22:01:31.756,1.59576,1.59634,0.75,0.75
2012.10.21 22:01:32.101,1.59586,1.59644,0.75,0.75
2012.10.21 22:01:43.951,1.59576,1.59634,0.75,0.75
2012.10.21 22:01:56.191,1.59587,1.59643,0.75,0.75
2012.10.21 22:02:00.741,1.59557,1.59643,0.75,0.75
2012.10.21 22:02:01.411,1.59551,1.59643,0.75,0.75
2012.10.21 22:02:01.671,1.59556,1.59644,0.75,0.75
2012.10.21 22:02:05.181,1.59586,1.59644,0.75,0.75
2012.10.21 22:02:16.241,1.59597,1.59653,0.75,0.75
2012.10.21 22:02:16.481,1.59596,1.59664,0.75,0.75
2012.10.21 22:02:16.541,1.59596,1.59654,0.75,0.75
2012.10.21 22:02:42.138,1.59587,1.59643,0.75,0.75
2012.10.21 22:02:42.441,1.59576,1.59624,0.75,0.75
2012.10.21 22:02:45.882,1.59587,1.59643,0.75,0.75
2012.10.21 22:02:46.692,1.59596,1.59654,0.75,0.75
2012.10.21 22:02:56.941,1.59597,1.5969,0.75,0.23
2012.10.21 22:02:57.289,1.59597,1.59693,0.75,0.75
2012.10.21 22:03:01.151,1.59584,1.59683,0.75,0.75
2012.10.21 22:03:01.396,1.59577,1.59683,0.75,0.75
2012.10.21 22:03:12.871,1.59581,1.59683,0.75,0.75
2012.10.21 22:03:13.372,1.59617,1.59693,0.75,0.75
2012.10.21 22:04:06.173,1.5959,1.59722,1.50,1.61
2012.10.21 22:04:06.943,1.5959,1.59722,1.50,1.61
2012.10.21 22:04:08.201,1.5959,1.59722,1.50,1.61
2012.10.21 22:04:10.150,1.59586,1.59722,1.50,1.61
2012.10.21 22:04:10.669,1.5958,1.59722,1.50,1.61
2012.10.21 22:04:14.892,1.59587,1.59728,1.50,1.23
2012.10.21 22:04:15.191,1.59587,1.59722,1.50,1.23
2012.10.21 22:04:15.431,1.59587,1.59722,1.50,1.23
2012.10.21 22:04:19.674,1.59587,1.59722,1.50,1.23
2012.10.21 22:04:31.444,1.59587,1.59722,1.50,1.23
2012.10.21 22:04:32.562,1.59587,1.59722,1.50,1.23
2012.10.21 22:05:04.872,1.59581,1.59722,1.50,1.23
2012.10.21 22:05:22.489,1.5958,1.59593,1.50,0.75
2012.10.21 22:05:22.551,1.59568,1.59642,1.38,1.50
2012.10.21 22:05:22.610,1.59521,1.59642,1.50,1.50
2012.10.21 22:05:23.410,1.59521,1.59652,1.50,1.50
2012.10.21 22:05:23.531,1.59541,1.59652,1.50,1.50
2012.10.21 22:05:23.591,1.59536,1.59617,1.50,1.50
2012.10.21 22:05:23.651,1.59503,1.59617,1.50,1.50
2012.10.21 22:05:24.230,1.59496,1.59563,1.50,0.75
2012.10.21 22:05:24.781,1.59499,1.59632,1.50,1.50
2012.10.21 22:05:24.901,1.59519,1.59647,1.50,1.50
2012.10.21 22:05:25.201,1.59511,1.59637,1.50,2.78
2012.10.21 22:05:25.321,1.59511,1.59655,1.50,1.50
2012.10.21 22:05:25.761,1.5954,1.59687,1.50,2.25
2012.10.21 22:05:25.882,1.59542,1.59687,1.50,2.25
2012.10.21 22:05:26.065,1.5954,1.59689,1.50,1.50
2012.10.21 22:05:26.391,1.59557,1.59703,1.50,1.50
2012.10.21 22:05:26.453,1.59548,1.59694,1.50,1.50
2012.10.21 22:05:26.612,1.59548,1.59697,1.50,1.50
2012.10.21 22:05:29.190,1.59556,1.59702,1.50,1.50
2012.10.21 22:05:29.311,1.59545,1.59677,1.50,1.50
2012.10.21 22:05:37.392,1.59532,1.59675,1.50,1.50
2012.10.21 22:05:39.481,1.59545,1.59676,1.50,1.50
2012.10.21 22:05:39.541,1.59551,1.59676,1.50,1.50
2012.10.21 22:05:44.994,1.59536,1.59672,1.50,1.50
2012.10.21 22:05:45.188,1.59536,1.59646,1.50,1.50
2012.10.21 22:05:45.310,1.59526,1.59646,1.50,1.50
2012.10.21 22:05:57.811,1.59526,1.59646,1.50,2.38
2012.10.21 22:06:04.561,1.59527,1.59643,1.50,1.47
2012.10.21 22:06:05.025,1.5953,1.59643,1.50,1.47
2012.10.21 22:06:05.448,1.59539,1.59639,1.50,1.34
2012.10.21 22:06:12.542,1.59539,1.59639,1.50,1.34
2012.10.21 22:06:12.841,1.59539,1.59639,1.50,1.34
2012.10.21 22:06:13.862,1.59539,1.59639,1.50,1.34
2012.10.21 22:06:14.082,1.59542,1.59639,1.73,1.34
2012.10.21 22:06:15.161,1.59542,1.59639,1.73,1.34
2012.10.21 22:06:15.492,1.59542,1.59633,1.73,1.20
2012.10.21 22:06:15.671,1.59533,1.59633,1.50,1.43
2012.10.21 22:06:15.792,1.59533,1.59635,1.50,1.36
2012.10.21 22:06:15.912,1.59533,1.59634,1.50,1.59
2012.10.21 22:06:21.922,1.59525,1.59622,1.73,1.56
2012.10.21 22:06:22.517,1.59525,1.59622,1.73,1.56
2012.10.21 22:06:36.042,1.5952,1.59617,1.38,1.73
2012.10.21 22:06:36.102,1.59516,1.5961,1.73,1.23
2012.10.21 22:06:36.162,1.59516,1.5961,1.73,1.23
2012.10.21 22:06:36.502,1.59508,1.5961,1.38,1.23
2012.10.21 22:06:37.791,1.59504,1.59603,1.73,1.45
2012.10.21 22:06:38.491,1.59508,1.5961,1.47,1.61
2012.10.21 22:06:38.931,1.59508,1.5961,1.47,1.61
2012.10.21 22:06:40.941,1.59504,1.59603,1.65,1.45
2012.10.21 22:06:45.382,1.59504,1.59603,1.73,1.32
2012.10.21 22:06:48.002,1.59504,1.59603,1.73,1.32
2012.10.21 22:06:51.123,1.59504,1.59603,1.73,1.32
2012.10.21 22:07:00.431,1.59504,1.59602,1.73,1.38
2012.10.21 22:07:00.951,1.59504,1.59602,1.73,1.38
2012.10.21 22:07:03.882,1.59504,1.59601,1.73,1.59
2012.10.21 22:07:04.941,1.59504,1.59601,1.73,1.59
2012.10.21 22:07:21.692,1.59532,1.59603,1.73,1.47
2012.10.21 22:07:27.112,1.59528,1.59603,1.73,1.47
2012.10.21 22:07:28.032,1.59535,1.59614,2.19,1.63
2012.10.21 22:07:34.532,1.59535,1.59614,1.44,1.63
2012.10.21 22:07:35.612,1.59535,1.59614,1.44,1.63
2012.10.21 22:07:40.531,1.59535,1.59614,2.19,1.63
2012.10.21 22:07:42.184,1.59535,1.59614,2.19,1.63
2012.10.21 22:07:43.734,1.59535,1.59614,2.19,1.63
2012.10.21 22:07:45.279,1.59535,1.59614,1.44,1.63
2012.10.21 22:07:49.272,1.59535,1.59614,1.44,1.63
2012.10.21 22:07:49.333,1.59528,1.59607,1.73,1.61
2012.10.21 22:07:49.452,1.59522,1.59598,2.22,1.43
2012.10.21 22:07:49.783,1.59524,1.59607,1.63,1.36
2012.10.21 22:07:51.562,1.59522,1.59599,1.73,1.38
2012.10.21 22:07:51.682,1.59524,1.59601,1.54,1.56
2012.10.21 22:07:58.213,1.59532,1.59611,1.73,1.20
2012.10.21 22:07:58.273,1.59541,1.59617,1.73,1.50
2012.10.21 22:07:58.453,1.59541,1.59633,1.73,1.59
2012.10.21 22:07:58.813,1.59546,1.59632,1.50,1.27
2012.10.21 22:07:58.933,1.59548,1.59636,1.50,1.50
2012.10.21 22:08:00.900,1.59545,1.59638,1.50,1.50
2012.10.21 22:08:00.964,1.59548,1.59627,2.25,1.50
2012.10.21 22:08:01.087,1.59548,1.59624,1.50,1.50
2012.10.21 22:08:01.323,1.59558,1.59622,1.50,1.50
2012.10.21 22:08:05.243,1.5956,1.59653,1.73,2.18
2012.10.21 22:08:05.423,1.5956,1.59653,1.73,2.18
2012.10.21 22:08:06.084,1.5956,1.59653,1.73,2.18
2012.10.21 22:08:08.394,1.59559,1.59649,1.73,1.25
2012.10.21 22:08:08.716,1.59563,1.59619,1.50,1.45
2012.10.21 22:08:12.778,1.59559,1.59615,1.50,1.73
2012.10.21 22:08:12.832,1.59557,1.59615,2.25,1.73
2012.10.21 22:08:14.501,1.59557,1.59614,1.50,1.45
2012.10.21 22:08:16.648,1.59557,1.59609,1.50,1.32
2012.10.21 22:08:18.053,1.59557,1.59609,1.50,1.32
2012.10.21 22:08:21.623,1.59552,1.59607,1.50,1.73
2012.10.21 22:08:21.684,1.59552,1.59607,1.50,1.73
2012.10.21 22:08:22.362,1.59552,1.59607,1.50,1.73
2012.10.21 22:08:34.463,1.59552,1.59607,1.50,1.73
2012.10.21 22:08:39.634,1.59552,1.59607,1.50,1.73
2012.10.21 22:08:39.943,1.5955,1.59607,1.50,1.73
2012.10.21 22:08:42.724,1.59552,1.59607,1.50,1.73
2012.10.21 22:08:42.843,1.5956,1.59612,1.50,1.61
2012.10.21 22:08:42.903,1.5956,1.59615,1.50,1.47
2012.10.21 22:09:00.413,1.5956,1.59618,1.50,2.07
2012.10.21 22:09:00.783,1.59555,1.59611,1.50,1.59
2012.10.21 22:09:01.294,1.59553,1.59611,1.50,1.59
2012.10.21 22:09:04.923,1.59555,1.59611,1.50,1.59
2012.10.21 22:09:05.044,1.59555,1.59608,1.50,1.41
2012.10.21 22:09:09.064,1.59555,1.59611,1.50,1.63
2012.10.21 22:09:20.605,1.59556,1.59611,1.50,1.63
2012.10.21 22:09:20.990,1.5956,1.59611,1.50,1.63
2012.10.21 22:09:38.234,1.5956,1.59614,1.50,1.43
2012.10.21 22:09:41.347,1.59564,1.59614,1.50,1.43
2012.10.21 22:10:00.693,1.59564,1.59614,1.50,1.43
2012.10.21 22:10:00.753,1.59557,1.59614,1.50,2.18
2012.10.21 22:10:00.813,1.59556,1.59614,1.50,1.73
2012.10.21 22:10:04.953,1.59556,1.59614,2.25,1.73
2012.10.21 22:10:05.013,1.59557,1.59614,1.50,1.73
2012.10.21 22:10:05.473,1.59565,1.59615,1.50,1.45
2012.10.21 22:10:16.455,1.59565,1.59611,1.50,1.45
2012.10.21 22:10:16.574,1.59565,1.59614,1.50,1.54
2012.10.21 22:10:22.943,1.59565,1.59612,1.50,1.63
2012.10.21 22:10:25.145,1.59562,1.59612,1.50,1.63
2012.10.21 22:10:25.263,1.59561,1.59612,1.50,1.63
2012.10.21 22:11:00.204,1.59555,1.5961,1.50,1.73
2012.10.21 22:11:00.264,1.59553,1.5961,1.50,1.73
2012.10.21 22:11:04.840,1.59555,1.5961,1.50,1.73
2012.10.21 22:11:04.904,1.59557,1.59612,1.50,1.73
2012.10.21 22:11:13.305,1.59566,1.59615,1.50,1.47
2012.10.21 22:11:13.364,1.59566,1.59618,1.50,1.63
2012.10.21 22:11:13.425,1.59566,1.59624,1.50,1.63
2012.10.21 22:11:13.784,1.59579,1.59623,1.50,1.63
2012.10.21 22:11:13.844,1.59579,1.59639,1.50,1.73
2012.10.21 22:11:13.964,1.59579,1.5964,1.50,1.59
2012.10.21 22:11:14.024,1.59589,1.59645,1.50,1.59
2012.10.21 22:11:15.083,1.59589,1.59645,1.50,1.59
2012.10.21 22:11:35.343,1.5959,1.59645,1.50,1.59
2012.10.21 22:11:49.964,1.59606,1.59655,1.50,1.26
2012.10.21 22:11:50.024,1.59606,1.59665,1.50,1.50
2012.10.21 22:11:50.147,1.59616,1.59674,1.50,1.50
2012.10.21 22:11:51.664,1.59609,1.59667,1.50,1.50
2012.10.21 22:11:51.724,1.59627,1.59685,1.50,1.73
2012.10.21 22:11:54.998,1.59627,1.59686,1.50,1.73
2012.10.21 22:11:55.434,1.59619,1.59677,1.50,1.50
2012.10.21 22:12:00.123,1.59619,1.59677,1.50,1.73
2012.10.21 22:12:00.427,1.59619,1.59677,1.50,1.73
2012.10.21 22:12:05.254,1.5962,1.59677,1.50,1.73
2012.10.21 22:12:05.655,1.59625,1.59684,1.50,1.27
2012.10.21 22:12:11.868,1.59626,1.59684,1.50,1.27
2012.10.21 22:12:12.553,1.59622,1.59677,1.50,1.73
2012.10.21 22:12:16.457,1.59626,1.59684,2.25,1.27
2012.10.21 22:12:51.484,1.59626,1.59687,2.25,1.73
2012.10.21 22:12:51.604,1.59627,1.59685,1.50,1.73
2012.10.21 22:12:51.974,1.59627,1.59687,1.50,1.73
2012.10.21 22:12:55.744,1.59622,1.5968,1.50,1.50
2012.10.21 22:12:55.934,1.59619,1.5968,1.73,1.50
2012.10.21 22:12:56.233,1.59616,1.59677,1.50,1.50
2012.10.21 22:12:56.300,1.59614,1.59671,1.50,1.50
2012.10.21 22:12:58.641,1.59616,1.59679,1.50,1.50
2012.10.21 22:12:58.764,1.59619,1.59679,1.50,1.50
2012.10.21 22:13:19.254,1.59616,1.59679,1.50,1.50
2012.10.21 22:13:19.317,1.59615,1.59675,1.50,1.50
2012.10.21 22:13:19.576,1.59615,1.59675,1.50,1.50
2012.10.21 22:13:19.694,1.59615,1.59675,1.50,1.50
2012.10.21 22:13:19.797,1.59615,1.59675,1.50,1.50
2012.10.21 22:13:31.143,1.59623,1.59681,1.50,1.50
2012.10.21 22:13:31.393,1.59623,1.59681,1.50,1.50
2012.10.21 22:13:33.225,1.59623,1.59681,1.50,1.50
2012.10.21 22:13:33.904,1.59632,1.59691,1.50,1.50
2012.10.21 22:13:34.254,1.59638,1.59696,1.50,1.50
2012.10.21 22:13:36.424,1.59638,1.59695,1.50,1.50
2012.10.21 22:13:36.544,1.5963,1.59688,1.50,1.50
2012.10.21 22:13:39.663,1.59627,1.59688,1.50,1.50
2012.10.21 22:13:39.724,1.59621,1.59685,1.50,1.50
2012.10.21 22:13:39.783,1.59621,1.5968,1.50,1.50
2012.10.21 22:13:47.285,1.59615,1.5968,1.50,1.50
2012.10.21 22:13:47.343,1.59612,1.59673,1.50,1.50
2012.10.21 22:13:47.524,1.59605,1.59664,1.50,1.50
2012.10.21 22:13:58.683,1.59594,1.59663,1.50,1.50
2012.10.21 22:13:58.743,1.59594,1.59656,1.50,1.50
2012.10.21 22:13:59.494,1.59588,1.59647,1.50,1.50
2012.10.21 22:13:59.734,1.59578,1.59637,1.50,1.50
2012.10.21 22:13:59.973,1.59578,1.59636,1.50,1.50
2012.10.21 22:14:00.093,1.59568,1.59628,1.50,1.50
2012.10.21 22:14:00.153,1.59554,1.59613,1.50,1.50
2012.10.21 22:14:00.279,1.59547,1.59613,1.50,2.25
2012.10.21 22:14:00.333,1.59546,1.59605,1.50,1.50
2012.10.21 22:14:09.194,1.59547,1.5961,1.50,1.50
2012.10.21 22:14:09.254,1.59551,1.59611,1.50,1.50
2012.10.21 22:14:09.463,1.59547,1.59611,1.50,1.50
2012.10.21 22:14:09.529,1.59544,1.59603,1.50,1.50
2012.10.21 22:14:20.744,1.59547,1.59609,1.50,1.50
2012.10.21 22:14:20.804,1.5955,1.5961,1.50,1.50
2012.10.21 22:14:20.995,1.59551,1.5961,1.50,1.50
2012.10.21 22:14:21.385,1.5955,1.5961,1.50,1.50
2012.10.21 22:14:33.755,1.59547,1.59609,1.50,1.50
2012.10.21 22:14:33.814,1.59544,1.59603,1.50,1.50
2012.10.21 22:14:54.233,1.59542,1.59601,1.50,1.50
2012.10.21 22:15:00.988,1.59542,1.59598,1.50,1.50
2012.10.21 22:15:01.364,1.59534,1.59593,1.50,1.50
2012.10.21 22:15:02.044,1.59541,1.59599,1.50,1.50
2012.10.21 22:15:16.034,1.59547,1.59605,1.50,1.50
2012.10.21 22:15:16.334,1.59547,1.59611,1.50,1.50
2012.10.21 22:15:16.393,1.59552,1.59614,1.50,1.50
2012.10.21 22:15:16.575,1.59547,1.59611,1.50,1.50
2012.10.21 22:15:16.638,1.59545,1.59603,1.50,1.50
2012.10.21 22:15:25.914,1.59547,1.59612,1.50,1.50
2012.10.21 22:15:25.973,1.59551,1.59612,1.50,1.50
2012.10.21 22:15:26.093,1.59554,1.59612,1.50,1.50
2012.10.21 22:15:26.751,1.59554,1.59612,1.50,1.50
2012.10.21 22:15:32.503,1.59546,1.59605,1.50,1.50
2012.10.21 22:15:32.904,1.59546,1.59605,1.50,1.50
2012.10.21 22:15:33.106,1.59546,1.59605,1.50,1.50
2012.10.21 22:15:33.473,1.59554,1.59611,1.50,1.50
2012.10.21 22:15:38.643,1.59552,1.59611,1.50,1.50
2012.10.21 22:15:38.824,1.59554,1.59611,1.50,1.50
2012.10.21 22:15:39.303,1.59552,1.59611,1.50,1.50
2012.10.21 22:15:39.424,1.59554,1.59611,1.50,1.50
2012.10.21 22:15:39.863,1.59552,1.59611,1.50,1.50
2012.10.21 22:15:48.823,1.59554,1.59618,1.50,1.50
2012.10.21 22:15:48.895,1.59558,1.59618,1.50,1.50
2012.10.21 22:15:53.693,1.59571,1.59628,1.50,1.50
2012.10.21 22:15:53.753,1.59579,1.59636,1.50,1.50
2012.10.21 22:15:53.874,1.59591,1.59649,1.50,1.50
2012.10.21 22:15:54.434,1.59598,1.59657,1.50,1.50
2012.10.21 22:15:55.353,1.59598,1.59657,1.50,1.50
2012.10.21 22:15:56.254,1.59598,1.59657,1.50,1.50
2012.10.21 22:15:56.835,1.59598,1.59657,1.50,1.50
2012.10.21 22:16:01.125,1.59597,1.59657,1.50,1.50
2012.10.21 22:16:01.363,1.59597,1.59656,1.50,1.32
2012.10.21 22:16:01.575,1.59589,1.59644,1.73,1.50
2012.10.21 22:16:01.634,1.59586,1.59644,2.48,1.50
2012.10.21 22:16:09.183,1.59586,1.59644,1.73,1.50
2012.10.21 22:16:09.564,1.59577,1.59634,1.50,1.50
2012.10.21 22:16:10.315,1.59577,1.59634,1.50,1.50
2012.10.21 22:16:10.444,1.59577,1.59634,1.50,1.50
2012.10.21 22:16:12.953,1.59577,1.59634,1.50,1.50
2012.10.21 22:16:30.335,1.59571,1.59631,1.50,1.50
2012.10.21 22:17:05.477,1.59568,1.59624,1.50,1.50
2012.10.21 22:17:05.593,1.59566,1.59624,1.50,1.50
2012.10.21 22:17:26.141,1.59566,1.59628,1.50,1.50
2012.10.21 22:17:26.231,1.5957,1.59629,1.50,1.50
2012.10.21 22:17:39.841,1.59564,1.59629,1.50,1.50
2012.10.21 22:17:39.904,1.59561,1.59623,1.50,1.50
2012.10.21 22:17:43.054,1.59571,1.59629,1.50,1.50
2012.10.21 22:17:43.543,1.59571,1.5963,1.50,1.50
2012.10.21 22:17:47.225,1.59571,1.59629,1.50,1.50
2012.10.21 22:17:54.315,1.59563,1.59624,1.50,1.50
2012.10.21 22:17:54.374,1.59563,1.59622,1.50,1.50
2012.10.21 22:18:05.075,1.59563,1.59621,1.50,1.50
2012.10.21 22:18:06.940,1.59563,1.59622,1.50,1.50
2012.10.21 22:18:16.291,1.59563,1.59621,1.50,1.50
2012.10.21 22:18:17.864,1.59557,1.59614,1.50,1.50
2012.10.21 22:18:17.924,1.59555,1.59614,1.50,1.50
2012.10.21 22:18:20.443,1.59557,1.59623,1.50,2.25
2012.10.21 22:18:20.503,1.59563,1.59623,1.50,1.50
2012.10.21 22:18:24.024,1.59563,1.59623,1.50,1.50
2012.10.21 22:18:24.204,1.5956,1.59615,1.50,1.50
2012.10.21 22:18:24.265,1.59557,1.59615,1.50,1.50
2012.10.21 22:18:26.084,1.59557,1.59624,1.50,1.50
2012.10.21 22:18:26.204,1.59568,1.59627,1.50,1.50
2012.10.21 22:18:32.684,1.59568,1.59627,1.50,1.50
2012.10.21 22:18:35.211,1.59568,1.59627,1.50,1.50
2012.10.21 22:18:35.811,1.59568,1.59627,1.50,1.50
2012.10.21 22:18:36.489,1.59568,1.59627,1.50,1.50
2012.10.21 22:18:38.284,1.59561,1.59619,1.50,1.50
2012.10.21 22:18:38.815,1.59555,1.59614,1.50,2.25
2012.10.21 22:18:39.354,1.59552,1.59614,1.50,2.25
2012.10.21 22:18:39.475,1.59562,1.5962,1.50,1.50
2012.10.21 22:18:43.344,1.59562,1.5962,1.50,1.50
2012.10.21 22:18:44.664,1.59562,1.5962,1.50,1.50
2012.10.21 22:18:46.204,1.59562,1.5962,1.50,1.50
2012.10.21 22:18:46.746,1.59557,1.59612,1.50,1.50
2012.10.21 22:18:46.804,1.59555,1.59612,1.50,1.50
2012.10.21 22:18:51.685,1.59555,1.59612,1.50,1.50
2012.10.21 22:19:02.444,1.59555,1.59614,1.50,1.50
2012.10.21 22:19:02.504,1.59563,1.5962,1.50,1.50
2012.10.21 22:19:02.565,1.59566,1.59624,1.50,1.50
2012.10.21 22:19:02.624,1.59574,1.59629,1.50,1.50
2012.10.21 22:19:02.925,1.59579,1.59635,1.50,1.50
2012.10.21 22:19:03.020,1.59579,1.59635,1.50,1.50
2012.10.21 22:19:03.134,1.59576,1.59634,1.50,1.50
2012.10.21 22:19:03.194,1.59574,1.59628,1.50,1.50
2012.10.21 22:19:03.611,1.59565,1.59621,1.50,1.50
2012.10.21 22:19:03.677,1.59565,1.59619,1.50,1.50
2012.10.21 22:19:05.773,1.59565,1.59619,1.50,1.50
2012.10.21 22:19:07.594,1.59565,1.59621,1.50,1.50
2012.10.21 22:19:09.790,1.59571,1.59626,1.50,1.50
2012.10.21 22:19:12.045,1.59565,1.59619,1.50,1.50
2012.10.21 22:19:12.105,1.59563,1.59619,1.50,1.50
2012.10.21 22:19:12.744,1.59571,1.59626,1.50,1.50
2012.10.21 22:19:12.871,1.59571,1.59629,1.50,1.73
2012.10.21 22:19:13.054,1.59571,1.59633,1.50,1.50
2012.10.21 22:19:13.114,1.59581,1.59636,1.50,1.50
2012.10.21 22:19:14.934,1.59581,1.59636,1.50,1.50
2012.10.21 22:19:15.184,1.59581,1.59637,1.50,1.50
2012.10.21 22:19:17.663,1.59588,1.59644,1.50,1.50
2012.10.21 22:19:21.561,1.59588,1.59644,1.50,1.50
2012.10.21 22:19:22.031,1.59584,1.59636,1.50,1.50
2012.10.21 22:19:22.099,1.59581,1.59636,1.50,1.50
2012.10.21 22:19:22.330,1.59581,1.59636,1.50,1.50
2012.10.21 22:19:22.564,1.59558,1.59614,1.50,1.50
2012.10.21 22:19:25.204,1.59558,1.59614,1.50,1.50
2012.10.21 22:19:26.886,1.59558,1.59614,1.50,1.73
2012.10.21 22:19:27.714,1.59552,1.59608,1.50,1.50
2012.10.21 22:19:27.912,1.59552,1.59602,1.50,1.56
2012.10.21 22:19:28.165,1.59552,1.59602,1.50,1.56
2012.10.21 22:19:28.344,1.59541,1.59597,1.50,1.73
2012.10.21 22:19:28.986,1.59541,1.59597,1.50,1.50
2012.10.21 22:19:29.104,1.59543,1.59597,1.50,1.50
2012.10.21 22:19:29.763,1.5955,1.59605,1.50,1.50
2012.10.21 22:19:34.624,1.59558,1.59613,1.50,1.50
2012.10.21 22:19:46.964,1.5955,1.59606,1.50,1.50
2012.10.21 22:19:47.024,1.5955,1.59605,1.50,1.50
2012.10.21 22:19:47.204,1.59542,1.59596,1.50,1.73
2012.10.21 22:19:50.980,1.59544,1.59596,1.50,1.73
2012.10.21 22:19:51.365,1.59548,1.59603,1.50,1.73
2012.10.21 22:19:57.704,1.59548,1.59603,1.50,1.50
2012.10.21 22:19:58.004,1.59556,1.59611,1.50,1.73
2012.10.21 22:19:58.648,1.59556,1.59614,1.50,2.48
2012.10.21 22:19:58.769,1.59556,1.59614,1.50,1.50
2012.10.21 22:19:59.103,1.59567,1.59622,1.50,1.50
2012.10.21 22:19:59.344,1.59587,1.5964,1.50,1.73
2012.10.21 22:20:04.524,1.59588,1.5964,1.50,1.50
2012.10.21 22:20:04.584,1.59595,1.59649,1.50,1.73
2012.10.21 22:20:06.934,1.59596,1.59649,1.50,1.73
2012.10.21 22:20:07.054,1.596,1.59656,1.50,1.50
2012.10.21 22:20:08.375,1.59602,1.59658,1.50,1.50
2012.10.21 22:20:08.555,1.59613,1.59665,1.50,1.73
2012.10.21 22:20:10.564,1.59616,1.59665,1.50,1.73
2012.10.21 22:20:11.086,1.59619,1.59674,1.50,1.32
2012.10.21 22:20:22.454,1.59619,1.59674,1.50,1.32
2012.10.21 22:20:22.574,1.59611,1.59667,1.50,1.73
2012.10.21 22:20:32.044,1.59604,1.5966,1.50,1.50
2012.10.21 22:20:32.184,1.59604,1.59655,1.50,1.54
2012.10.21 22:20:32.304,1.59597,1.59652,1.50,1.73
2012.10.21 22:20:43.684,1.59596,1.59652,1.50,1.73
2012.10.21 22:20:43.804,1.5959,1.59644,1.50,1.50
2012.10.21 22:20:44.433,1.5959,1.59644,1.50,1.50
2012.10.21 22:20:44.614,1.5958,1.59634,1.50,1.50
2012.10.21 22:20:45.119,1.5958,1.59634,1.50,1.50
2012.10.21 22:21:05.274,1.5958,1.59636,1.50,1.50
2012.10.21 22:21:11.125,1.59583,1.59639,1.50,1.50
2012.10.21 22:21:13.934,1.59583,1.59639,1.50,1.50
2012.10.21 22:21:13.994,1.59572,1.59627,1.50,1.50
2012.10.21 22:21:17.694,1.59575,1.59627,1.50,1.38
2012.10.21 22:21:17.875,1.59576,1.59629,1.50,1.26
2012.10.21 22:21:17.937,1.59582,1.59638,1.50,1.50
2012.10.21 22:21:18.294,1.59593,1.59647,1.50,1.50
2012.10.21 22:21:20.964,1.59583,1.59639,1.50,1.50
2012.10.21 22:21:21.084,1.59583,1.59638,1.50,1.50
2012.10.21 22:21:21.944,1.59584,1.59641,1.50,1.50
2012.10.21 22:21:22.004,1.59614,1.59666,1.50,1.32
2012.10.21 22:21:22.129,1.59614,1.59668,1.50,1.50
2012.10.21 22:21:22.424,1.59651,1.59703,1.50,1.50
2012.10.21 22:21:22.484,1.59651,1.59704,1.50,1.50
2012.10.21 22:21:22.603,1.59643,1.59698,1.50,1.50
2012.10.21 22:21:22.924,1.59641,1.59696,1.50,1.50
2012.10.21 22:21:23.043,1.59636,1.5969,1.50,1.50
2012.10.21 22:21:23.293,1.59624,1.5968,1.50,1.50
2012.10.21 22:21:23.413,1.59585,1.5964,1.50,1.50
2012.10.21 22:21:23.473,1.59582,1.59637,1.50,1.50
2012.10.21 22:21:23.664,1.59572,1.59615,1.50,1.25
2012.10.21 22:21:23.724,1.59572,1.59615,1.50,1.25
2012.10.21 22:21:24.014,1.59562,1.59617,1.50,2.36
2012.10.21 22:21:25.865,1.59562,1.59617,1.50,1.61
2012.10.21 22:21:25.984,1.59575,1.59631,1.50,1.50
2012.10.21 22:21:26.294,1.59575,1.59637,1.50,1.50
2012.10.21 22:21:26.414,1.59592,1.5965,1.50,1.50
2012.10.21 22:21:26.834,1.59601,1.59659,1.50,1.50
2012.10.21 22:21:27.254,1.59612,1.59668,1.50,1.50
2012.10.21 22:21:31.424,1.59611,1.59677,1.50,1.50
2012.10.21 22:21:31.544,1.5961,1.59677,1.50,1.50
2012.10.21 22:21:32.074,1.59607,1.59665,1.50,1.50
2012.10.21 22:21:37.854,1.59614,1.59672,1.50,1.50
2012.10.21 22:21:43.624,1.59614,1.59669,1.50,1.50
2012.10.21 22:21:43.803,1.59608,1.59662,1.50,1.50
2012.10.21 22:21:44.127,1.59601,1.59655,1.50,1.50
2012.10.21 22:21:44.183,1.596,1.59655,1.50,1.50
2012.10.21 22:21:44.708,1.596,1.59655,1.50,1.50
2012.10.21 22:22:04.155,1.59592,1.59654,1.50,1.50
2012.10.21 22:22:04.214,1.59592,1.59647,1.50,1.50
2012.10.21 22:22:04.764,1.59582,1.59638,1.50,1.50
2012.10.21 22:22:05.184,1.59582,1.59644,1.50,2.25
2012.10.21 22:22:05.245,1.59589,1.59644,1.50,1.50
2012.10.21 22:22:08.944,1.59589,1.59644,1.50,1.50
2012.10.21 22:22:09.004,1.59582,1.59636,1.50,1.50
2012.10.21 22:22:10.164,1.59582,1.59638,1.50,1.50
2012.10.21 22:22:10.284,1.5959,1.59646,1.50,1.73
2012.10.21 22:22:10.344,1.5959,1.59646,1.50,1.50
2012.10.21 22:22:10.524,1.59581,1.59644,1.50,1.50
2012.10.21 22:22:10.584,1.59581,1.59639,1.50,1.50
2012.10.21 22:22:11.034,1.59589,1.59647,1.50,1.50
2012.10.21 22:22:13.425,1.59592,1.59653,1.50,1.50
2012.10.21 22:22:13.484,1.59597,1.59653,1.50,1.50
2012.10.21 22:22:31.519,1.59589,1.59647,1.50,1.50
2012.10.21 22:22:34.426,1.59589,1.59645,1.50,1.50
2012.10.21 22:22:40.335,1.59577,1.59635,1.50,1.50
2012.10.21 22:22:40.394,1.59577,1.59633,1.50,1.50
2012.10.21 22:22:40.515,1.59572,1.59626,1.50,1.50
2012.10.21 22:22:40.575,1.5957,1.59626,1.50,1.50
2012.10.21 22:22:40.755,1.59556,1.59624,1.50,1.50
2012.10.21 22:22:40.815,1.59555,1.59611,1.50,1.50
2012.10.21 22:22:41.116,1.59562,1.59618,1.50,1.50
2012.10.21 22:22:41.306,1.59562,1.5962,1.50,1.50
2012.10.21 22:22:43.667,1.59562,1.59618,1.50,1.50
2012.10.21 22:22:44.656,1.59562,1.5962,1.50,1.50
2012.10.21 22:22:54.294,1.59562,1.59624,1.50,1.50
2012.10.21 22:22:54.414,1.59569,1.59625,1.50,1.50
2012.10.21 22:22:58.804,1.59578,1.59632,1.50,1.50
2012.10.21 22:23:10.684,1.59569,1.59624,1.50,1.50
2012.10.21 22:23:23.094,1.59561,1.59623,1.50,1.50
2012.10.21 22:23:23.154,1.59561,1.59619,1.50,1.50
2012.10.21 22:23:33.584,1.59564,1.59624,1.50,1.50
2012.10.21 22:23:33.834,1.5957,1.59625,1.50,1.50
2012.10.21 22:23:48.994,1.5957,1.59625,1.50,1.50
2012.10.21 22:23:49.625,1.5957,1.59625,1.50,1.50
2012.10.21 22:23:49.864,1.5957,1.59632,1.50,1.50
2012.10.21 22:23:49.924,1.59574,1.59634,1.50,1.50
2012.10.21 22:23:56.844,1.59569,1.59634,1.50,1.50
2012.10.21 22:23:57.165,1.59569,1.59633,1.50,1.50
2012.10.21 22:23:57.284,1.59566,1.59624,1.50,1.50
2012.10.21 22:23:57.485,1.59573,1.59631,1.50,1.50
2012.10.21 22:23:58.215,1.59573,1.59636,1.50,1.50
2012.10.21 22:23:58.274,1.59581,1.59639,1.50,1.50
2012.10.21 22:24:01.116,1.59575,1.59631,1.50,1.50
2012.10.21 22:24:16.115,1.59569,1.59631,1.50,1.50
2012.10.21 22:24:16.174,1.59568,1.59624,1.50,1.50
2012.10.21 22:24:17.484,1.59568,1.59623,1.50,1.50
2012.10.21 22:24:17.545,1.59558,1.59613,1.50,1.50
2012.10.21 22:24:17.815,1.59558,1.59613,1.50,1.50
2012.10.21 22:24:17.934,1.59551,1.59605,1.50,1.50
2012.10.21 22:24:18.054,1.59543,1.59599,1.50,1.50
2012.10.21 22:24:18.174,1.59536,1.59594,1.50,1.50
2012.10.21 22:24:18.294,1.59536,1.59594,1.50,1.50
2012.10.21 22:24:18.474,1.59544,1.59599,1.50,1.50
2012.10.21 22:24:21.005,1.59544,1.59599,1.50,1.50
2012.10.21 22:24:21.264,1.59544,1.59599,1.50,1.50
2012.10.21 22:24:29.224,1.59544,1.596,1.50,1.50
2012.10.21 22:24:29.291,1.59551,1.59609,1.50,1.50
2012.10.21 22:24:29.884,1.59558,1.59616,1.50,1.50
2012.10.21 22:24:30.447,1.59558,1.59621,1.50,1.50
2012.10.21 22:24:30.505,1.59566,1.59622,1.50,1.50
2012.10.21 22:24:31.404,1.59567,1.59622,1.50,1.50
2012.10.21 22:24:31.644,1.59577,1.59633,1.50,1.50
2012.10.21 22:24:33.586,1.59577,1.5964,2.25,1.50
2012.10.21 22:24:33.649,1.59584,1.5964,1.50,1.50
2012.10.21 22:24:34.226,1.59577,1.59639,1.50,1.50
2012.10.21 22:24:34.284,1.59577,1.59633,1.50,1.50
2012.10.21 22:24:40.964,1.59577,1.59633,1.73,1.50
2012.10.21 22:24:41.084,1.59587,1.59645,2.25,1.50
2012.10.21 22:24:44.325,1.59589,1.59645,1.50,1.50
2012.10.21 22:24:44.444,1.59598,1.5965,1.50,1.50
2012.10.21 22:24:44.504,1.59598,1.59653,1.73,1.50
2012.10.21 22:24:44.685,1.59604,1.59659,1.50,1.50
2012.10.21 22:24:44.744,1.59604,1.59661,1.50,1.73
2012.10.21 22:24:46.545,1.59606,1.59664,1.50,1.73
2012.10.21 22:24:47.106,1.59612,1.59666,1.50,1.73
2012.10.21 22:24:48.616,1.59618,1.59667,1.50,1.73
2012.10.21 22:24:48.795,1.59603,1.59659,1.50,1.50
2012.10.21 22:24:49.175,1.596,1.59656,1.73,1.50
2012.10.21 22:24:59.326,1.596,1.59656,1.50,1.50
2012.10.21 22:24:59.751,1.596,1.59656,1.50,1.50
2012.10.21 22:25:03.756,1.596,1.59656,1.50,1.50
2012.10.21 22:25:22.636,1.596,1.59656,1.50,1.50
2012.10.21 22:25:25.216,1.596,1.59656,1.50,1.50
2012.10.21 22:25:29.324,1.59598,1.59653,1.50,1.50
2012.10.21 22:25:43.337,1.59601,1.59653,1.50,1.50
2012.10.21 22:25:43.780,1.59605,1.59661,1.50,1.50
2012.10.21 22:26:00.997,1.59605,1.59664,1.50,1.50
2012.10.21 22:26:13.766,1.59604,1.5966,1.50,1.50
2012.10.21 22:26:14.007,1.59604,1.5966,1.50,1.50
2012.10.21 22:26:25.947,1.59604,1.5966,1.50,1.50
2012.10.21 22:26:26.197,1.59606,1.5966,1.50,1.50
2012.10.21 22:26:26.675,1.59613,1.59669,1.50,1.50
2012.10.21 22:26:30.146,1.59613,1.59669,1.50,1.50
2012.10.21 22:26:30.267,1.59607,1.59662,1.50,1.50
2012.10.21 22:26:36.867,1.59607,1.59662,1.50,1.50
2012.10.21 22:26:51.284,1.59607,1.59661,1.50,1.50
2012.10.21 22:27:02.756,1.59599,1.59653,1.50,1.50
2012.10.21 22:27:02.817,1.59591,1.59645,1.50,1.50
2012.10.21 22:27:10.768,1.59591,1.59645,1.50,1.50
2012.10.21 22:27:12.096,1.59591,1.59645,1.50,1.50
2012.10.21 22:27:22.956,1.59589,1.59644,1.50,1.50
2012.10.21 22:27:31.939,1.59589,1.59644,1.50,1.50
2012.10.21 22:27:32.508,1.59581,1.59635,1.50,1.50
2012.10.21 22:27:32.626,1.5958,1.59635,1.50,1.50
2012.10.21 22:27:33.706,1.59581,1.59635,1.50,1.50
2012.10.21 22:27:34.393,1.59587,1.59642,1.50,1.50
2012.10.21 22:27:35.716,1.5958,1.59634,1.50,1.50
2012.10.21 22:27:54.089,1.5958,1.59634,1.50,1.50
2012.10.21 22:27:54.317,1.59571,1.59626,1.50,1.50
2012.10.21 22:28:15.978,1.59569,1.59622,1.50,1.50
2012.10.21 22:28:16.036,1.59566,1.59622,1.50,1.50
2012.10.21 22:28:18.492,1.59566,1.59625,1.50,1.50
2012.10.21 22:28:25.186,1.59572,1.59641,1.50,1.50
2012.10.21 22:28:25.246,1.59585,1.59642,1.50,1.50
2012.10.21 22:28:25.306,1.59585,1.59644,1.50,1.50
2012.10.21 22:28:25.426,1.59594,1.59653,1.50,1.50
2012.10.21 22:28:34.676,1.59594,1.5965,1.50,1.50
2012.10.21 22:28:41.536,1.59586,1.59644,1.50,1.50
2012.10.21 22:28:44.476,1.59589,1.59645,1.50,1.50
2012.10.21 22:28:44.596,1.59614,1.59668,1.73,1.50
2012.10.21 22:28:55.406,1.59614,1.59668,1.73,1.50
2012.10.21 22:29:12.576,1.59616,1.59671,1.50,1.50
2012.10.21 22:29:13.181,1.59615,1.59664,1.73,1.50
2012.10.21 22:29:17.396,1.5961,1.59664,2.22,1.50
2012.10.21 22:29:25.164,1.59616,1.5967,1.73,1.50
2012.10.21 22:29:30.498,1.59614,1.59664,1.73,1.50
2012.10.21 22:29:30.737,1.5961,1.59664,2.38,1.50
2012.10.21 22:29:30.970,1.5961,1.59664,1.73,1.50
2012.10.21 22:29:33.128,1.59608,1.59663,1.45,1.50
2012.10.21 22:29:33.386,1.59607,1.59663,1.73,1.50
2012.10.21 22:29:35.908,1.59607,1.59663,1.50,1.50
2012.10.21 22:29:36.136,1.59602,1.59656,1.73,1.50
2012.10.21 22:30:22.271,1.59606,1.59661,1.73,1.50
2012.10.21 22:30:33.361,1.59607,1.59663,1.50,1.73
2012.10.21 22:30:35.524,1.59607,1.59662,1.50,1.50
2012.10.21 22:30:44.192,1.59607,1.59662,2.25,1.73
2012.10.21 22:30:44.316,1.59607,1.59662,2.48,1.50
2012.10.21 22:30:44.702,1.59615,1.5967,1.50,1.73
2012.10.21 22:30:49.367,1.59604,1.59658,1.73,1.50
2012.10.21 22:30:49.432,1.59603,1.59658,1.73,1.50
2012.10.21 22:30:49.497,1.59603,1.59658,1.50,1.73
2012.10.21 22:30:49.737,1.59604,1.59658,1.50,1.73
2012.10.21 22:31:04.267,1.59604,1.59658,1.73,1.50
2012.10.21 22:31:11.318,1.59603,1.59659,1.73,1.50
2012.10.21 22:31:11.437,1.59603,1.59659,1.73,1.50
2012.10.21 22:31:14.816,1.59605,1.59659,1.50,1.50
2012.10.21 22:31:15.361,1.59603,1.59659,1.73,1.50
2012.10.21 22:31:15.748,1.59603,1.59659,1.73,1.50
2012.10.21 22:31:19.470,1.59605,1.59659,1.73,1.50
2012.10.21 22:31:21.772,1.59607,1.59659,1.73,1.50
2012.10.21 22:31:21.827,1.5961,1.59665,1.50,1.50
2012.10.21 22:31:22.007,1.59613,1.59665,1.50,1.50
2012.10.21 22:31:22.470,1.59617,1.59672,2.48,1.50
2012.10.21 22:31:26.837,1.5962,1.59674,1.73,1.50
2012.10.21 22:31:27.067,1.59626,1.59681,1.73,1.50
2012.10.21 22:31:27.557,1.59626,1.59681,1.73,1.50
2012.10.21 22:31:28.206,1.59626,1.59681,1.73,1.50
2012.10.21 22:31:39.217,1.59626,1.59681,1.73,1.50
2012.10.21 22:31:39.977,1.59626,1.59681,1.73,1.50
2012.10.21 22:31:40.517,1.59626,1.59681,1.73,1.50
2012.10.21 22:31:40.867,1.59618,1.59673,1.73,1.50
2012.10.21 22:31:42.466,1.59618,1.59673,1.73,1.50
2012.10.21 22:31:43.767,1.59618,1.59673,1.73,1.50
2012.10.21 22:31:49.438,1.59618,1.59673,1.73,1.50
2012.10.21 22:31:51.397,1.59625,1.59678,1.50,1.73
2012.10.21 22:31:53.126,1.59625,1.59678,1.73,1.50
2012.10.21 22:31:59.637,1.59625,1.59678,1.50,1.50
2012.10.21 22:32:24.676,1.59621,1.59676,1.50,1.73
2012.10.21 22:32:24.988,1.59631,1.59685,1.50,1.73
2012.10.21 22:32:26.488,1.5963,1.59685,1.50,1.73
2012.10.21 22:32:27.748,1.59631,1.59685,1.50,1.73
2012.10.21 22:32:36.447,1.59626,1.59678,1.73,1.50
2012.10.21 22:32:36.507,1.59622,1.59677,1.50,1.73
2012.10.21 22:32:36.686,1.59622,1.59678,1.73,1.50
2012.10.21 22:32:37.046,1.5963,1.59684,1.50,1.50
2012.10.21 22:32:44.436,1.59628,1.59684,1.73,1.50
2012.10.21 22:32:44.496,1.59628,1.59684,1.50,1.73
2012.10.21 22:32:44.697,1.59624,1.5968,1.73,1.50
2012.10.21 22:32:45.009,1.59634,1.59686,1.73,1.50
2012.10.21 22:32:46.268,1.59631,1.59683,1.50,1.50
2012.10.21 22:33:06.281,1.59629,1.59681,1.50,1.50
2012.10.21 22:33:41.487,1.59641,1.597,1.41,1.50
2012.10.21 22:33:41.556,1.59641,1.59705,1.41,1.50
2012.10.21 22:33:41.678,1.59641,1.59715,1.41,1.73
2012.10.21 22:33:41.739,1.59631,1.59709,1.32,1.73
2012.10.21 22:33:42.166,1.59632,1.59694,1.73,1.50
2012.10.21 22:33:42.286,1.59635,1.59687,1.50,1.50
2012.10.21 22:33:58.406,1.59635,1.5969,1.50,1.73
2012.10.21 22:34:02.591,1.59641,1.59694,1.73,1.50
2012.10.21 22:34:08.407,1.59646,1.59701,1.50,1.73
2012.10.21 22:34:13.077,1.59646,1.59701,1.73,1.50
2012.10.21 22:34:13.420,1.59647,1.59703,1.73,2.25
2012.10.21 22:34:13.537,1.59654,1.59708,1.73,1.50
2012.10.21 22:34:33.797,1.59654,1.59709,1.73,1.50
2012.10.21 22:34:33.857,1.59657,1.59712,1.50,1.73
2012.10.21 22:34:39.947,1.59657,1.59711,1.50,1.73
2012.10.21 22:34:40.179,1.5965,1.59705,1.73,1.50
2012.10.21 22:35:00.223,1.59656,1.59708,1.50,1.50
2012.10.21 22:35:00.287,1.59656,1.5971,1.50,1.50
2012.10.21 22:35:20.538,1.59657,1.5971,1.73,1.50
2012.10.21 22:35:20.996,1.59657,1.59709,1.73,1.50
2012.10.21 22:35:21.057,1.59657,1.59709,1.50,1.73
2012.10.21 22:35:52.397,1.59647,1.59704,1.50,1.73
2012.10.21 22:35:55.327,1.59646,1.597,2.25,1.50
2012.10.21 22:36:06.118,1.59648,1.59702,1.50,1.50
2012.10.21 22:36:16.335,1.5965,1.59704,1.50,1.73
2012.10.21 22:36:16.847,1.5965,1.59705,1.50,1.73
2012.10.21 22:36:18.247,1.5965,1.59705,1.50,1.50
2012.10.21 22:37:06.438,1.59649,1.59707,1.50,1.73
2012.10.21 22:37:18.227,1.59651,1.59709,1.50,1.73
2012.10.21 22:37:30.707,1.59664,1.59717,1.50,1.59
2012.10.21 22:37:30.827,1.59664,1.59718,1.73,1.50
2012.10.21 22:37:31.438,1.59664,1.59716,1.73,1.50
2012.10.21 22:37:31.697,1.59662,1.59716,1.50,1.73
2012.10.21 22:37:31.827,1.59655,1.59709,1.73,1.50
2012.10.21 22:37:32.456,1.59655,1.59709,1.50,1.73
2012.10.21 22:37:41.007,1.59649,1.59703,1.50,1.50
2012.10.21 22:37:44.357,1.59656,1.59704,1.50,1.73
2012.10.21 22:38:20.378,1.59662,1.59716,1.50,1.50
2012.10.21 22:38:20.618,1.59664,1.59716,1.73,1.50
2012.10.21 22:38:20.797,1.59662,1.59716,1.73,1.50
2012.10.21 22:38:24.437,1.59664,1.59716,1.50,1.50
2012.10.21 22:38:24.787,1.5967,1.59724,1.50,1.50
2012.10.21 22:38:31.227,1.5967,1.59724,1.50,1.73
2012.10.21 22:38:31.655,1.59669,1.59724,1.50,1.73
2012.10.21 22:38:45.268,1.59669,1.59723,1.50,1.50
2012.10.21 22:38:54.758,1.59669,1.59723,1.50,1.50
2012.10.21 22:38:55.122,1.5967,1.59724,1.50,1.73
2012.10.21 22:38:55.238,1.59666,1.59717,1.50,1.50
2012.10.21 22:38:55.538,1.59665,1.59717,1.50,1.50
2012.10.21 22:39:15.257,1.59666,1.59717,1.73,1.50
2012.10.21 22:39:15.839,1.59668,1.59723,1.50,1.50
2012.10.21 22:39:27.829,1.59668,1.59723,1.50,1.73
2012.10.21 22:39:27.948,1.59659,1.59714,1.50,1.50
2012.10.21 22:39:31.768,1.5966,1.59714,1.50,1.73
2012.10.21 22:39:31.828,1.5966,1.59714,1.50,1.50
2012.10.21 22:39:51.507,1.59677,1.59725,1.50,1.45
2012.10.21 22:39:51.568,1.59677,1.59732,1.50,1.50
2012.10.21 22:39:51.628,1.59678,1.59733,1.50,1.50
2012.10.21 22:39:51.807,1.59678,1.59734,1.50,1.50
2012.10.21 22:39:59.667,1.59686,1.59733,1.50,1.38
2012.10.21 22:39:59.787,1.59673,1.59725,1.50,1.38
2012.10.21 22:39:59.907,1.59666,1.59721,1.50,1.73
2012.10.21 22:39:59.967,1.59667,1.59723,1.50,1.73
2012.10.21 22:40:00.268,1.59676,1.5974,1.50,1.50
2012.10.21 22:40:00.327,1.59677,1.59745,1.50,1.50
2012.10.21 22:40:00.387,1.59687,1.59745,1.50,1.50
2012.10.21 22:40:05.217,1.59687,1.59742,1.50,1.50
2012.10.21 22:40:06.040,1.59687,1.59744,1.50,1.50
2012.10.21 22:40:08.307,1.59687,1.59742,1.50,1.50
2012.10.21 22:40:08.617,1.59693,1.5975,1.50,1.50
2012.10.21 22:40:11.549,1.59686,1.59741,1.50,1.50
2012.10.21 22:40:24.843,1.59689,1.59739,1.50,1.50
2012.10.21 22:40:25.339,1.59694,1.59737,1.50,1.50
2012.10.21 22:40:26.863,1.59694,1.59737,1.50,1.50
2012.10.21 22:40:33.728,1.59678,1.59721,1.50,1.50
2012.10.21 22:40:54.358,1.59673,1.59717,1.50,1.50
2012.10.21 22:41:14.191,1.59673,1.59719,1.50,1.50
2012.10.21 22:41:33.774,1.59675,1.59722,1.50,1.50
2012.10.21 22:41:56.317,1.59673,1.5972,1.50,1.50
2012.10.21 22:42:17.341,1.5967,1.59718,1.50,1.50
2012.10.21 22:42:38.244,1.59668,1.59716,1.50,1.50
2012.10.21 22:42:38.302,1.59668,1.59715,1.50,1.50
2012.10.21 22:42:50.625,1.59661,1.59707,1.50,1.50
2012.10.21 22:42:52.321,1.59662,1.59717,1.50,1.50
2012.10.21 22:42:52.382,1.5967,1.59717,1.50,1.50
2012.10.21 22:42:53.632,1.59672,1.59728,1.50,1.50
2012.10.21 22:42:53.692,1.5968,1.59728,1.50,1.50
2012.10.21 22:42:53.752,1.5968,1.59732,1.50,1.73
2012.10.21 22:42:53.812,1.59689,1.59734,1.50,1.50
2012.10.21 22:42:53.872,1.59697,1.59742,1.50,1.50
2012.10.21 22:43:04.971,1.59697,1.5974,1.50,1.50
2012.10.21 22:43:05.161,1.59686,1.59734,1.50,2.25
2012.10.21 22:43:15.692,1.59705,1.59734,1.50,1.50
2012.10.21 22:43:15.753,1.59726,1.59768,1.50,1.70
2012.10.21 22:43:15.812,1.59726,1.5977,1.73,1.50
2012.10.21 22:43:16.350,1.59726,1.5977,1.50,1.50
2012.10.21 22:43:27.713,1.59724,1.59768,1.73,1.50
2012.10.21 22:43:27.832,1.59716,1.59762,2.25,1.50
2012.10.21 22:43:27.892,1.59716,1.59762,2.48,1.50
2012.10.21 22:43:28.283,1.59718,1.59762,1.73,1.50
2012.10.21 22:43:35.292,1.59718,1.59762,1.73,1.50
2012.10.21 22:43:35.620,1.59726,1.59771,1.73,1.50
2012.10.21 22:43:51.723,1.59726,1.59771,1.73,1.50
2012.10.21 22:43:51.903,1.59726,1.59771,1.50,1.50
2012.10.21 22:43:54.306,1.59726,1.59771,1.50,1.50
2012.10.21 22:43:54.483,1.59735,1.59779,1.50,1.50
2012.10.21 22:43:58.153,1.59733,1.59777,1.50,1.50
2012.10.21 22:44:00.773,1.59735,1.59779,1.50,1.50
2012.10.21 22:44:10.088,1.59733,1.59777,1.50,1.50
2012.10.21 22:44:13.184,1.59735,1.59779,1.50,1.50
2012.10.21 22:44:15.292,1.59732,1.59777,1.50,1.50
2012.10.21 22:44:32.333,1.59738,1.59783,1.50,2.25
2012.10.21 22:44:36.111,1.59737,1.59783,1.50,2.25
2012.10.21 22:44:36.232,1.59727,1.59772,1.73,1.50
2012.10.21 22:44:36.295,1.59727,1.59772,1.50,1.50
2012.10.21 22:44:36.912,1.59727,1.5977,1.50,1.50
2012.10.21 22:44:36.975,1.59718,1.59763,1.73,1.50
2012.10.21 22:44:38.532,1.59718,1.59763,1.50,2.48
2012.10.21 22:44:40.132,1.59718,1.59763,1.50,2.48
2012.10.21 22:44:40.192,1.59718,1.59762,1.50,1.73
2012.10.21 22:44:41.451,1.59718,1.59763,1.50,1.73
2012.10.21 22:44:41.512,1.59718,1.59763,1.50,1.73
2012.10.21 22:44:57.258,1.59717,1.59763,1.50,1.73
2012.10.21 22:44:57.802,1.59716,1.59761,2.25,1.73
2012.10.21 22:45:08.582,1.59717,1.59764,1.50,1.73
2012.10.21 22:45:08.892,1.59725,1.59771,1.50,1.50
2012.10.21 22:45:22.223,1.59727,1.59773,1.50,1.50
2012.10.21 22:45:22.283,1.59736,1.59781,1.50,1.73
2012.10.21 22:45:22.406,1.59736,1.59781,1.50,1.50
2012.10.21 22:45:22.763,1.59737,1.59783,1.50,2.25
2012.10.21 22:45:22.823,1.59738,1.59783,1.50,1.50
2012.10.21 22:45:23.023,1.59738,1.59783,1.50,1.50
2012.10.21 22:45:26.982,1.59737,1.59783,1.50,2.25
2012.10.21 22:45:27.042,1.59734,1.59779,1.50,1.50
2012.10.21 22:45:28.385,1.59731,1.59779,1.73,1.50
2012.10.21 22:45:28.503,1.59731,1.59779,1.73,1.50
2012.10.21 22:45:28.623,1.59731,1.59779,1.50,1.50
2012.10.21 22:45:47.228,1.59731,1.59779,1.50,1.50
2012.10.21 22:45:56.121,1.5973,1.59778,1.50,1.73
2012.10.21 22:45:56.367,1.59724,1.59771,1.50,1.50
2012.10.21 22:45:57.002,1.59724,1.59773,1.50,1.50
2012.10.21 22:45:57.062,1.59731,1.59776,1.50,1.50
2012.10.21 22:46:04.683,1.59731,1.59778,1.50,1.50
2012.10.21 22:46:17.384,1.59733,1.59782,1.50,1.50
2012.10.21 22:46:17.443,1.59734,1.59782,1.50,1.50
2012.10.21 22:46:38.283,1.59736,1.59783,1.50,1.50
2012.10.21 22:46:38.971,1.59737,1.59785,1.50,1.50
2012.10.21 22:46:52.643,1.59739,1.5979,1.50,1.50
2012.10.21 22:46:52.702,1.59745,1.5979,1.50,1.50
2012.10.21 22:47:13.293,1.59745,1.59792,1.50,1.50
2012.10.21 22:47:13.352,1.59746,1.59794,1.50,2.25
2012.10.21 22:47:32.450,1.59746,1.59792,1.50,1.50
2012.10.21 22:47:33.902,1.59742,1.59785,1.50,1.50
2012.10.21 22:47:39.903,1.59734,1.59782,1.50,1.45
2012.10.21 22:47:39.963,1.59734,1.59779,1.50,1.73
2012.10.21 22:47:40.203,1.59737,1.59779,1.50,1.73
2012.10.21 22:47:40.263,1.59744,1.5979,1.50,1.50
2012.10.21 22:47:55.703,1.59749,1.59794,1.50,1.50
2012.10.21 22:48:04.633,1.59749,1.59794,1.50,1.73
2012.10.21 22:48:09.757,1.59746,1.59794,1.50,1.73
2012.10.21 22:48:09.814,1.59744,1.59789,1.50,1.50
2012.10.21 22:48:30.249,1.59746,1.59791,1.50,1.73
2012.10.21 22:48:30.774,1.59748,1.59793,1.50,1.73
2012.10.21 22:48:33.694,1.59748,1.59793,1.50,1.50
2012.10.21 22:48:40.154,1.59748,1.59793,1.50,1.73
2012.10.21 22:48:40.453,1.59738,1.59785,1.50,1.50
2012.10.21 22:49:01.222,1.59738,1.59787,1.73,1.50
2012.10.21 22:49:01.282,1.59742,1.5979,1.50,1.73
2012.10.21 22:49:02.873,1.59742,1.59794,1.73,1.50
2012.10.21 22:49:02.933,1.5975,1.59796,1.50,1.73
2012.10.21 22:49:07.749,1.59752,1.59796,1.50,1.50
2012.10.21 22:49:08.153,1.59757,1.59803,1.50,2.48
2012.10.21 22:49:10.602,1.59757,1.59803,1.73,1.50
2012.10.21 22:49:10.863,1.59757,1.59802,2.25,1.50
2012.10.21 22:49:12.998,1.59757,1.59803,2.25,1.50
2012.10.21 22:49:13.564,1.59764,1.59809,1.50,1.73
2012.10.21 22:49:13.682,1.59767,1.59812,1.50,1.73
2012.10.21 22:49:13.953,1.59767,1.59812,1.50,1.73
2012.10.21 22:49:14.569,1.59764,1.59809,1.50,1.73
2012.10.21 22:49:15.452,1.59756,1.59799,1.50,1.50
2012.10.21 22:49:15.513,1.59754,1.59799,1.50,1.73
2012.10.21 22:49:15.692,1.59756,1.59801,1.50,1.73
2012.10.21 22:49:15.812,1.59757,1.59803,1.50,1.73
2012.10.21 22:49:15.932,1.59761,1.59806,1.50,1.73
2012.10.21 22:49:16.222,1.59764,1.59809,1.50,1.73
2012.10.21 22:49:16.900,1.59764,1.59809,1.50,1.50
2012.10.21 22:49:29.493,1.59766,1.59814,1.50,1.50
2012.10.21 22:49:29.553,1.5977,1.59815,1.50,1.73
2012.10.21 22:49:47.774,1.5977,1.59815,1.50,1.50
2012.10.21 22:49:49.893,1.59765,1.5981,1.50,1.50
2012.10.21 22:49:49.953,1.59767,1.59813,1.50,2.25
2012.10.21 22:49:53.242,1.59774,1.59811,1.50,1.50
2012.10.21 22:49:53.604,1.59782,1.59818,1.50,1.50
2012.10.21 22:49:53.962,1.59782,1.59817,1.50,1.50
2012.10.21 22:50:01.384,1.59782,1.59818,1.50,1.50
2012.10.21 22:50:14.183,1.5978,1.59817,1.50,1.50
2012.10.21 22:50:14.302,1.5978,1.59816,1.50,1.50
2012.10.21 22:50:16.073,1.5978,1.59814,1.50,1.73
2012.10.21 22:50:18.803,1.5978,1.59814,1.50,1.50
2012.10.21 22:50:28.829,1.59772,1.59814,1.50,2.25
2012.10.21 22:50:28.893,1.59772,1.5981,1.50,1.50
2012.10.21 22:50:49.233,1.59774,1.5981,1.50,1.50
2012.10.21 22:51:50.279,1.59753,1.59824,1.73,1.73
2012.10.21 22:52:10.734,1.59769,1.59808,1.50,1.50
2012.10.21 22:52:31.352,1.5977,1.59807,1.50,1.50
2012.10.21 22:52:39.393,1.59771,1.59807,1.50,1.50
2012.10.21 22:52:39.573,1.59778,1.59814,1.50,1.50
2012.10.21 22:52:39.753,1.59771,1.59813,1.50,1.73
2012.10.21 22:52:39.814,1.59769,1.59808,1.50,1.50
2012.10.21 22:53:00.275,1.59768,1.59806,1.50,1.50
2012.10.21 22:53:00.333,1.59768,1.59805,1.50,1.50
2012.10.21 22:53:05.940,1.5977,1.59812,1.50,1.50
2012.10.21 22:53:06.003,1.59774,1.59812,1.50,1.50
2012.10.21 22:53:11.833,1.59769,1.59812,1.50,1.50
2012.10.21 22:53:11.893,1.59767,1.59804,1.50,1.50
2012.10.21 22:53:29.475,1.59767,1.59809,1.50,1.50
2012.10.21 22:53:29.536,1.59773,1.59811,1.50,1.73
2012.10.21 22:53:33.353,1.59766,1.59802,1.50,1.50
2012.10.21 22:53:39.962,1.59764,1.59802,1.50,1.50
2012.10.21 22:53:53.332,1.59764,1.59805,1.50,1.50
2012.10.21 22:53:53.453,1.5977,1.59806,1.50,1.50
2012.10.21 22:54:14.303,1.59772,1.59808,1.50,1.50
2012.10.21 22:54:15.043,1.59773,1.59808,1.50,1.50
2012.10.21 22:54:19.594,1.59777,1.59817,1.50,1.50
2012.10.21 22:54:19.653,1.59778,1.59817,1.50,1.50
2012.10.21 22:54:26.223,1.59772,1.59813,1.50,1.73
2012.10.21 22:54:26.283,1.59772,1.59808,1.50,1.50
2012.10.21 22:54:29.763,1.59774,1.59808,1.50,1.50
2012.10.21 22:54:41.733,1.59772,1.59808,1.50,1.50
2012.10.21 22:54:43.845,1.59774,1.59808,1.50,1.50
2012.10.21 22:54:44.203,1.59779,1.59816,1.50,1.50
2012.10.21 22:54:55.353,1.59773,1.59809,1.50,1.50
2012.10.21 22:54:55.703,1.59771,1.59809,1.50,1.50
2012.10.21 22:54:57.553,1.59773,1.59809,1.50,1.50
2012.10.21 22:54:59.103,1.59777,1.59816,1.50,1.50
2012.10.21 22:54:59.163,1.59779,1.59816,1.50,1.50
2012.10.21 22:55:14.324,1.59781,1.59822,1.50,1.50
2012.10.21 22:55:14.443,1.59786,1.59822,2.25,1.50
2012.10.21 22:55:35.294,1.59787,1.59825,1.50,1.50
2012.10.21 22:56:16.272,1.59789,1.59827,1.50,1.50
2012.10.21 22:56:23.984,1.59799,1.59838,1.50,1.73
2012.10.21 22:56:24.043,1.59801,1.59838,1.50,1.73
2012.10.21 22:56:24.164,1.59801,1.59838,1.50,1.50
2012.10.21 22:56:24.224,1.59806,1.59844,2.25,1.50
2012.10.21 22:56:25.094,1.59798,1.59836,1.50,1.50
2012.10.21 22:56:30.323,1.59798,1.59835,1.50,1.50
2012.10.21 22:56:32.554,1.59799,1.59836,1.50,1.50
2012.10.21 22:56:32.734,1.59806,1.59843,1.50,1.50
2012.10.21 22:56:38.664,1.59804,1.59843,1.50,1.50
2012.10.21 22:56:40.887,1.59797,1.59841,1.50,1.50
2012.10.21 22:56:41.003,1.59796,1.59834,1.50,2.25
2012.10.21 22:56:47.304,1.59798,1.59842,1.50,1.73
2012.10.21 22:56:47.364,1.59806,1.59842,1.50,1.73
2012.10.21 22:56:47.484,1.59806,1.59842,1.50,1.50
2012.10.21 22:56:48.015,1.59806,1.59842,1.50,1.73
2012.10.21 22:56:49.133,1.59806,1.59842,1.50,1.50
2012.10.21 22:56:58.984,1.59812,1.5985,1.50,1.50
2012.10.21 22:57:01.683,1.59808,1.5985,1.50,1.73
2012.10.21 22:57:01.744,1.59807,1.59842,1.50,1.50
2012.10.21 22:57:22.214,1.59806,1.59842,2.25,1.50
2012.10.21 22:57:28.895,1.59807,1.59846,1.50,1.50
2012.10.21 22:57:28.954,1.5981,1.59849,1.50,1.50
2012.10.21 22:57:49.055,1.59807,1.59846,2.25,1.50
2012.10.21 22:57:50.461,1.59809,1.59846,1.50,1.50
2012.10.21 22:57:50.585,1.59817,1.59853,1.50,1.50
2012.10.21 22:57:52.953,1.59819,1.59862,1.50,1.50
2012.10.21 22:57:53.014,1.59826,1.59862,1.50,1.50
2012.10.21 22:57:53.194,1.59827,1.59869,1.50,1.50
2012.10.21 22:57:53.254,1.5983,1.59869,1.50,1.50
2012.10.21 22:57:55.135,1.5983,1.59866,1.50,1.50
2012.10.21 22:57:55.683,1.59824,1.5986,1.50,1.50
2012.10.21 22:57:58.254,1.5983,1.59865,1.50,1.73
2012.10.21 22:57:58.373,1.5983,1.59867,1.50,1.50
2012.10.21 22:57:58.904,1.5983,1.59865,1.50,1.73
2012.10.21 22:57:58.967,1.59822,1.5986,1.50,1.50
2012.10.21 22:58:00.108,1.59799,1.59872,1.32,1.41
2012.10.21 22:58:00.923,1.59813,1.59874,1.50,1.41
2012.10.21 22:58:01.043,1.59813,1.5988,1.73,1.38
2012.10.21 22:58:01.105,1.59813,1.59884,2.09,1.61
2012.10.21 22:58:01.344,1.59813,1.59875,1.50,1.41
2012.10.21 22:58:01.544,1.59813,1.59875,1.50,1.41
2012.10.21 22:58:01.888,1.59813,1.59872,1.50,1.43
2012.10.21 22:58:02.345,1.59813,1.59875,1.50,1.25
2012.10.21 22:58:03.053,1.59813,1.59872,1.50,1.47
2012.10.21 22:58:03.684,1.59813,1.59874,1.50,1.47
2012.10.21 22:58:03.863,1.59813,1.59885,1.73,1.34
2012.10.21 22:58:09.616,1.59803,1.59874,1.50,1.47
2012.10.21 22:58:09.734,1.59803,1.59865,1.50,1.47
2012.10.21 22:58:09.913,1.59792,1.59873,1.27,1.47
2012.10.21 22:58:09.973,1.59812,1.59885,1.29,1.36
2012.10.21 22:58:10.034,1.59814,1.59885,1.73,1.36
2012.10.21 22:58:10.093,1.59821,1.59892,1.34,1.43
2012.10.21 22:58:14.314,1.59814,1.59887,1.34,2.22
2012.10.21 22:58:16.753,1.59824,1.59897,1.27,1.34
2012.10.21 22:58:18.983,1.59821,1.59887,1.50,1.73
2012.10.21 22:58:21.443,1.59824,1.59897,1.38,1.41
2012.10.21 22:58:24.995,1.59815,1.59886,1.59,1.52
2012.10.21 22:58:25.953,1.59792,1.59889,1.34,1.59
2012.10.21 22:58:26.763,1.59792,1.59889,1.34,1.59
2012.10.21 22:58:27.283,1.59815,1.59886,1.63,1.20
2012.10.21 22:58:31.663,1.59823,1.59876,1.73,1.73
2012.10.21 22:58:31.722,1.59815,1.59883,1.63,1.73
2012.10.21 22:58:31.783,1.59756,1.59827,1.41,1.56
2012.10.21 22:58:31.903,1.59764,1.59826,1.73,1.73
2012.10.21 22:58:32.203,1.59756,1.59827,1.41,1.56
2012.10.21 22:58:32.604,1.59746,1.59817,1.59,1.52
2012.10.21 22:58:34.384,1.59746,1.59817,1.59,1.52
2012.10.21 22:58:34.445,1.59739,1.59812,1.59,1.45
2012.10.21 22:58:34.504,1.59731,1.59804,1.63,1.52
2012.10.21 22:58:38.303,1.59728,1.59799,1.34,1.50
2012.10.21 22:58:38.683,1.59728,1.59799,1.34,1.50
2012.10.21 22:58:38.742,1.59726,1.59797,1.25,1.43
2012.10.21 22:58:41.096,1.59728,1.59799,1.20,1.36
2012.10.21 22:58:41.893,1.59725,1.59798,1.45,1.50
2012.10.21 22:58:42.992,1.59732,1.59803,1.63,1.23
2012.10.21 22:58:43.621,1.59732,1.59803,1.63,1.23
2012.10.21 22:58:46.713,1.59699,1.59796,1.25,1.54
2012.10.21 22:58:46.952,1.59678,1.59798,1.34,1.34
2012.10.21 22:59:01.219,1.59678,1.59798,1.34,1.34
2012.10.21 22:59:09.292,1.59686,1.59806,1.20,1.47
2012.10.21 22:59:11.532,1.59691,1.59809,1.54,1.34
2012.10.21 22:59:18.830,1.59685,1.59803,1.27,1.20
2012.10.21 22:59:22.183,1.59687,1.59781,1.41,1.38
2012.10.21 22:59:22.243,1.59684,1.59804,1.32,1.20
2012.10.21 22:59:35.853,1.59678,1.59798,1.36,1.47
2012.10.21 22:59:39.882,1.59705,1.59776,1.29,1.50
2012.10.21 22:59:40.428,1.59705,1.59776,1.29,1.50
2012.10.21 22:59:41.202,1.5971,1.59783,1.59,1.50
2012.10.21 22:59:41.747,1.59708,1.59779,1.50,1.38
2012.10.21 22:59:42.252,1.59702,1.59774,1.38,1.59
2012.10.21 22:59:44.413,1.59705,1.59776,1.32,1.32
2012.10.21 22:59:45.942,1.59711,1.59782,1.47,1.38
2012.10.21 22:59:48.602,1.59708,1.59779,1.52,1.36
2012.10.21 22:59:52.982,1.59711,1.59782,1.38,1.29
2012.10.21 22:59:53.452,1.59708,1.59804,1.25,1.47
2012.10.21 22:59:56.003,1.59708,1.59804,1.45,1.36
2012.10.21 22:59:58.612,1.59708,1.59804,1.54,1.52
