2012.10.22 06:00:00.603,1.59517,1.59551,1.50,1.73
2012.10.22 06:00:00.803,1.59517,1.59551,1.50,1.50
2012.10.22 06:00:00.924,1.59517,1.5955,1.50,1.50
2012.10.22 06:00:01.214,1.5951,1.59543,1.13,1.73
2012.10.22 06:00:01.274,1.59507,1.59536,1.13,1.50
2012.10.22 06:00:01.393,1.59502,1.59536,1.50,1.50
2012.10.22 06:00:01.783,1.59507,1.59542,1.50,1.50
2012.10.22 06:00:01.844,1.59508,1.59543,1.50,1.50
2012.10.22 06:00:03.783,1.5951,1.59544,1.35,1.50
2012.10.22 06:00:04.355,1.5951,1.59544,1.13,2.25
2012.10.22 06:00:04.853,1.5951,1.59544,1.13,1.50
2012.10.22 06:00:05.734,1.59516,1.59551,1.50,1.73
2012.10.22 06:00:07.334,1.59515,1.59549,1.50,1.50
2012.10.22 06:00:07.664,1.5951,1.59543,1.13,2.25
2012.10.22 06:00:08.227,1.59507,1.59543,1.50,2.48
2012.10.22 06:00:08.931,1.59502,1.59536,1.50,1.50
2012.10.22 06:00:09.674,1.59502,1.59536,1.73,1.50
2012.10.22 06:00:09.734,1.59507,1.59542,1.50,1.50
2012.10.22 06:00:11.374,1.59513,1.59549,1.50,1.50
2012.10.22 06:00:27.375,1.59513,1.59546,1.50,1.50
2012.10.22 06:00:27.647,1.59507,1.59541,1.88,1.50
2012.10.22 06:00:34.844,1.59506,1.59541,1.50,1.73
2012.10.22 06:00:35.441,1.595,1.59533,1.50,1.50
2012.10.22 06:00:37.784,1.59506,1.5954,2.25,1.50
2012.10.22 06:00:38.506,1.59507,1.59544,1.50,1.50
2012.10.22 06:00:38.565,1.59515,1.59548,1.50,1.73
2012.10.22 06:00:38.795,1.59516,1.59549,1.50,1.50
2012.10.22 06:00:54.820,1.59516,1.59549,2.10,1.50
2012.10.22 06:00:56.692,1.59516,1.59549,2.10,1.50
2012.10.22 06:00:59.190,1.59517,1.59553,1.73,2.25
2012.10.22 06:00:59.253,1.5952,1.59553,1.50,1.50
2012.10.22 06:01:18.043,1.59527,1.59562,1.50,1.50
2012.10.22 06:01:18.239,1.59527,1.59563,2.25,1.50
2012.10.22 06:01:19.125,1.59527,1.59563,1.50,1.50
2012.10.22 06:01:19.185,1.5952,1.59553,1.50,1.50
2012.10.22 06:01:39.259,1.59524,1.59557,1.50,1.50
2012.10.22 06:01:43.584,1.59525,1.59558,1.50,1.50
2012.10.22 06:01:47.967,1.59517,1.59553,1.50,1.50
2012.10.22 06:01:48.024,1.59515,1.59551,1.50,1.50
2012.10.22 06:01:48.216,1.59508,1.59542,1.50,1.50
2012.10.22 06:01:48.576,1.595,1.59533,1.50,1.50
2012.10.22 06:02:09.354,1.59501,1.59535,1.50,1.50
2012.10.22 06:02:09.973,1.59501,1.59537,1.50,1.50
2012.10.22 06:02:15.920,1.59501,1.59542,1.50,1.73
2012.10.22 06:02:16.254,1.59508,1.59544,1.50,2.48
2012.10.22 06:02:19.034,1.59508,1.59544,1.50,2.48
2012.10.22 06:02:21.424,1.59508,1.59544,1.50,2.25
2012.10.22 06:02:22.110,1.59508,1.59544,1.50,2.48
2012.10.22 06:02:24.474,1.59508,1.59544,1.50,2.25
2012.10.22 06:02:24.834,1.59508,1.5955,1.73,1.50
2012.10.22 06:02:24.992,1.59516,1.59552,1.50,1.50
2012.10.22 06:02:42.044,1.59516,1.59552,1.50,1.73
2012.10.22 06:02:42.125,1.59516,1.59552,1.50,1.50
2012.10.22 06:02:45.075,1.59512,1.59548,1.50,1.50
2012.10.22 06:02:51.974,1.59512,1.59546,1.50,1.50
2012.10.22 06:02:52.334,1.59521,1.59554,1.50,1.50
2012.10.22 06:02:57.236,1.59524,1.59557,1.50,1.50
2012.10.22 06:02:58.874,1.59528,1.59564,1.50,2.25
2012.10.22 06:02:59.504,1.59533,1.59569,1.50,1.50
2012.10.22 06:02:59.784,1.59535,1.59571,1.50,1.73
2012.10.22 06:03:02.305,1.59533,1.59569,1.50,1.50
2012.10.22 06:03:03.905,1.59533,1.59569,1.50,1.73
2012.10.22 06:03:04.024,1.59528,1.59562,1.50,1.50
2012.10.22 06:03:08.464,1.59534,1.5957,1.50,1.50
2012.10.22 06:03:08.765,1.59534,1.59568,1.50,1.73
2012.10.22 06:03:08.974,1.59534,1.5957,1.50,1.73
2012.10.22 06:03:09.294,1.59534,1.59572,1.50,1.38
2012.10.22 06:03:09.475,1.59543,1.59577,1.50,1.50
2012.10.22 06:03:10.184,1.59537,1.59574,1.73,1.50
2012.10.22 06:03:10.304,1.59535,1.59571,1.73,1.50
2012.10.22 06:03:10.624,1.59535,1.59569,1.73,1.50
2012.10.22 06:03:15.851,1.59536,1.59571,1.50,1.50
2012.10.22 06:03:16.095,1.59536,1.59574,1.73,1.50
2012.10.22 06:03:16.155,1.59544,1.59576,1.50,1.50
2012.10.22 06:03:17.608,1.59544,1.59576,1.50,1.50
2012.10.22 06:03:17.667,1.59533,1.59565,1.73,1.50
2012.10.22 06:03:17.844,1.59535,1.59567,1.35,1.50
2012.10.22 06:03:17.964,1.59541,1.59574,1.50,1.50
2012.10.22 06:03:18.147,1.59533,1.59566,1.73,1.50
2012.10.22 06:03:18.205,1.59533,1.59566,1.50,1.50
2012.10.22 06:03:20.815,1.59526,1.59564,1.50,1.50
2012.10.22 06:03:20.934,1.59526,1.59561,1.50,1.73
2012.10.22 06:03:20.994,1.59525,1.59558,1.50,1.73
2012.10.22 06:03:21.404,1.59516,1.59554,2.25,1.50
2012.10.22 06:03:21.464,1.59516,1.59552,2.25,1.50
2012.10.22 06:03:21.945,1.59516,1.5955,1.50,1.50
2012.10.22 06:03:22.675,1.59516,1.59552,2.25,1.50
2012.10.22 06:03:22.874,1.59523,1.59557,1.50,1.73
2012.10.22 06:03:24.587,1.59523,1.59557,1.50,1.50
2012.10.22 06:03:28.105,1.59523,1.59557,1.50,1.73
2012.10.22 06:03:33.563,1.59523,1.59557,1.50,1.73
2012.10.22 06:03:43.284,1.59522,1.59556,1.50,1.50
2012.10.22 06:03:45.917,1.59522,1.59558,1.50,1.73
2012.10.22 06:03:46.097,1.5953,1.59564,1.50,1.73
2012.10.22 06:03:46.214,1.5953,1.59564,1.50,1.50
2012.10.22 06:04:02.304,1.59533,1.59564,1.50,1.50
2012.10.22 06:04:02.483,1.5954,1.59573,1.50,1.73
2012.10.22 06:04:03.114,1.5954,1.59574,1.50,1.50
2012.10.22 06:04:03.444,1.59541,1.59573,1.50,1.50
2012.10.22 06:04:03.512,1.59538,1.59573,1.50,1.50
2012.10.22 06:04:11.254,1.59533,1.59573,1.50,1.50
2012.10.22 06:04:11.314,1.59531,1.59565,1.50,1.50
2012.10.22 06:04:13.784,1.59531,1.59571,1.73,1.50
2012.10.22 06:04:13.844,1.59537,1.59573,1.73,2.25
2012.10.22 06:04:17.524,1.59533,1.59573,1.50,2.48
2012.10.22 06:04:17.910,1.59531,1.59565,1.50,1.50
2012.10.22 06:04:21.457,1.59533,1.59573,1.50,2.48
2012.10.22 06:04:21.527,1.59539,1.59573,1.50,2.48
2012.10.22 06:04:24.614,1.59539,1.59573,1.50,2.48
2012.10.22 06:04:41.607,1.59534,1.59573,1.50,2.48
2012.10.22 06:04:41.667,1.59532,1.59566,1.50,1.50
2012.10.22 06:04:47.064,1.59526,1.59559,1.50,1.50
2012.10.22 06:04:47.604,1.59518,1.59554,1.50,2.48
2012.10.22 06:05:01.903,1.59514,1.59554,1.50,2.25
2012.10.22 06:05:01.964,1.59512,1.59546,1.73,1.50
2012.10.22 06:05:07.082,1.59514,1.59554,1.50,2.25
2012.10.22 06:05:07.147,1.5952,1.59554,1.50,2.25
2012.10.22 06:05:27.293,1.59518,1.59552,1.50,1.50
2012.10.22 06:05:28.825,1.59512,1.59552,1.50,1.73
2012.10.22 06:05:28.914,1.5951,1.59544,1.50,1.50
2012.10.22 06:05:40.194,1.5951,1.59542,1.50,1.73
2012.10.22 06:05:41.314,1.595,1.59534,1.50,1.50
2012.10.22 06:05:58.287,1.595,1.59533,1.50,1.50
2012.10.22 06:05:58.584,1.59492,1.59525,1.50,1.50
2012.10.22 06:06:04.965,1.59495,1.59528,1.50,1.50
2012.10.22 06:06:10.625,1.59501,1.59534,1.50,1.50
2012.10.22 06:06:11.246,1.59503,1.59535,1.50,1.50
2012.10.22 06:06:11.762,1.59507,1.5954,1.50,1.50
2012.10.22 06:06:11.824,1.59508,1.59542,1.50,1.73
2012.10.22 06:06:12.732,1.59507,1.59542,1.50,1.73
2012.10.22 06:06:13.165,1.595,1.59534,1.50,1.50
2012.10.22 06:06:13.439,1.59502,1.59536,1.50,1.50
2012.10.22 06:06:19.385,1.59507,1.59542,1.50,1.73
2012.10.22 06:06:19.444,1.5951,1.59543,1.50,1.73
2012.10.22 06:06:30.154,1.5951,1.59543,1.50,1.50
2012.10.22 06:06:40.304,1.59507,1.59543,2.25,2.25
2012.10.22 06:06:50.955,1.59507,1.59541,1.50,1.73
2012.10.22 06:06:51.074,1.59498,1.59532,1.50,1.50
2012.10.22 06:07:11.276,1.59502,1.59534,1.50,1.73
2012.10.22 06:07:13.996,1.59502,1.59534,1.50,1.50
2012.10.22 06:07:18.648,1.59502,1.59534,1.50,1.50
2012.10.22 06:07:29.225,1.59502,1.59536,1.50,1.50
2012.10.22 06:07:30.944,1.59502,1.59534,1.50,1.50
2012.10.22 06:07:32.304,1.59498,1.59533,1.50,1.50
2012.10.22 06:07:36.103,1.595,1.5954,1.50,1.50
2012.10.22 06:07:36.164,1.59506,1.5954,1.50,1.50
2012.10.22 06:07:50.578,1.59507,1.59543,1.50,1.50
2012.10.22 06:07:50.695,1.59513,1.59546,1.50,1.50
2012.10.22 06:07:57.038,1.59508,1.59543,1.50,1.50
2012.10.22 06:07:57.156,1.59505,1.59541,1.50,1.50
2012.10.22 06:08:07.844,1.59505,1.59538,1.50,1.50
2012.10.22 06:08:07.964,1.59505,1.59541,1.50,1.73
2012.10.22 06:08:09.923,1.59505,1.59538,1.50,1.50
2012.10.22 06:08:33.974,1.59507,1.59541,1.50,1.50
2012.10.22 06:08:34.715,1.59505,1.59538,1.50,1.50
2012.10.22 06:08:44.924,1.59499,1.59533,1.73,2.25
2012.10.22 06:08:44.984,1.59499,1.59532,1.73,1.50
2012.10.22 06:08:49.593,1.59499,1.59532,1.50,1.50
2012.10.22 06:08:49.717,1.59487,1.59521,1.73,1.50
2012.10.22 06:08:50.015,1.59478,1.59513,1.65,1.50
2012.10.22 06:09:03.231,1.59478,1.59514,1.50,1.50
2012.10.22 06:09:07.594,1.59478,1.59513,1.50,1.50
2012.10.22 06:09:15.964,1.5947,1.59504,1.73,1.50
2012.10.22 06:09:21.790,1.59463,1.59503,1.50,1.50
2012.10.22 06:09:21.860,1.59463,1.59499,1.50,1.73
2012.10.22 06:09:24.895,1.59463,1.59503,1.50,1.73
2012.10.22 06:09:25.206,1.59471,1.59504,1.50,1.73
2012.10.22 06:09:25.429,1.59471,1.59504,1.50,1.50
2012.10.22 06:09:29.563,1.59471,1.59503,1.50,1.50
2012.10.22 06:09:29.625,1.59463,1.59496,1.73,1.50
2012.10.22 06:09:30.006,1.59456,1.59489,1.50,1.73
2012.10.22 06:09:30.064,1.59456,1.5949,1.50,1.73
2012.10.22 06:09:30.455,1.59456,1.5949,1.50,1.50
2012.10.22 06:09:34.554,1.59456,1.59489,1.50,1.50
2012.10.22 06:09:34.887,1.59456,1.59489,1.50,1.73
2012.10.22 06:09:35.065,1.59446,1.59479,1.50,1.50
2012.10.22 06:09:35.185,1.59446,1.59481,1.50,1.50
2012.10.22 06:09:35.487,1.59446,1.59479,1.50,1.73
2012.10.22 06:09:35.626,1.59439,1.59473,1.50,1.73
2012.10.22 06:09:35.955,1.59447,1.59479,1.50,1.50
2012.10.22 06:09:37.424,1.59447,1.59481,1.50,1.73
2012.10.22 06:09:38.229,1.59447,1.59484,1.50,1.73
2012.10.22 06:09:38.284,1.59453,1.59487,1.50,1.73
2012.10.22 06:09:39.924,1.59455,1.59489,1.73,1.50
2012.10.22 06:09:39.985,1.59461,1.59494,1.50,1.50
2012.10.22 06:09:40.635,1.59464,1.59497,1.50,1.50
2012.10.22 06:09:41.316,1.59469,1.59504,1.50,1.50
2012.10.22 06:09:43.224,1.59464,1.59498,1.50,1.50
2012.10.22 06:09:46.924,1.59462,1.59496,1.50,1.50
2012.10.22 06:09:49.374,1.59462,1.59496,1.50,1.73
2012.10.22 06:09:49.595,1.59455,1.59487,1.50,1.50
2012.10.22 06:09:50.954,1.59457,1.59489,1.50,1.50
2012.10.22 06:09:51.855,1.59465,1.59497,1.50,1.73
2012.10.22 06:09:53.945,1.59466,1.59499,1.50,1.73
2012.10.22 06:09:55.039,1.59465,1.59497,1.50,1.50
2012.10.22 06:10:00.174,1.59466,1.59499,1.50,1.50
2012.10.22 06:10:00.357,1.59467,1.59504,1.50,1.50
2012.10.22 06:10:00.414,1.59472,1.59504,1.50,1.50
2012.10.22 06:10:03.995,1.59474,1.59506,1.50,1.50
2012.10.22 06:10:04.555,1.5948,1.59513,1.50,1.50
2012.10.22 06:10:09.055,1.59481,1.59514,1.50,1.50
2012.10.22 06:10:09.175,1.5948,1.59514,1.73,2.25
2012.10.22 06:10:11.074,1.59473,1.59507,1.50,1.50
2012.10.22 06:10:31.267,1.59468,1.59502,1.73,1.50
2012.10.22 06:10:42.007,1.59468,1.59502,1.50,1.50
2012.10.22 06:10:49.845,1.59468,1.59502,1.50,1.73
2012.10.22 06:10:51.525,1.59469,1.59502,1.50,1.73
2012.10.22 06:10:58.166,1.59469,1.59503,1.50,1.73
2012.10.22 06:10:59.117,1.59469,1.59503,1.50,1.50
2012.10.22 06:11:03.404,1.59469,1.59503,1.50,1.73
2012.10.22 06:11:03.725,1.59469,1.59502,1.50,1.73
2012.10.22 06:11:05.054,1.59463,1.59496,1.50,1.50
2012.10.22 06:11:05.564,1.59463,1.59496,1.50,1.73
2012.10.22 06:11:07.004,1.59456,1.5949,1.50,1.73
2012.10.22 06:11:07.662,1.59456,1.5949,1.50,1.73
2012.10.22 06:11:08.226,1.59456,1.5949,1.50,1.73
2012.10.22 06:11:08.966,1.59456,1.59493,1.50,1.50
2012.10.22 06:11:09.087,1.59464,1.59498,1.50,1.73
2012.10.22 06:11:09.273,1.59466,1.595,1.50,1.50
2012.10.22 06:11:09.515,1.59466,1.595,1.50,1.73
2012.10.22 06:11:09.726,1.59456,1.5949,1.50,1.50
2012.10.22 06:11:11.085,1.59457,1.59495,1.50,1.50
2012.10.22 06:11:11.145,1.59463,1.59495,1.50,1.50
2012.10.22 06:11:11.285,1.59456,1.59494,2.25,1.50
2012.10.22 06:11:11.344,1.59456,1.59489,1.50,1.50
2012.10.22 06:11:11.815,1.59455,1.59489,1.73,1.50
2012.10.22 06:11:12.220,1.59448,1.59482,1.50,1.50
2012.10.22 06:11:15.105,1.5945,1.59482,1.50,1.50
2012.10.22 06:11:15.285,1.59457,1.59492,1.50,1.73
2012.10.22 06:11:15.345,1.59457,1.59492,1.50,1.50
2012.10.22 06:11:20.996,1.59459,1.59493,1.50,1.50
2012.10.22 06:11:21.114,1.59463,1.59496,1.50,1.50
2012.10.22 06:11:24.455,1.59466,1.59499,1.50,1.50
2012.10.22 06:11:24.777,1.59466,1.59499,1.73,1.50
2012.10.22 06:11:24.850,1.59472,1.59505,1.50,1.50
2012.10.22 06:11:27.365,1.59473,1.59506,1.50,1.50
2012.10.22 06:11:29.123,1.59473,1.59506,1.73,1.50
2012.10.22 06:11:32.374,1.59472,1.59505,1.73,1.50
2012.10.22 06:11:37.918,1.59473,1.59506,1.50,1.50
2012.10.22 06:11:41.664,1.59473,1.59506,1.73,1.50
2012.10.22 06:11:41.728,1.59481,1.59517,1.50,1.50
2012.10.22 06:11:42.165,1.59496,1.5953,1.50,1.73
2012.10.22 06:11:42.224,1.59497,1.59532,1.73,1.50
2012.10.22 06:11:42.465,1.59497,1.5953,1.73,1.50
2012.10.22 06:11:54.095,1.59497,1.59532,2.25,1.73
2012.10.22 06:11:55.566,1.59497,1.5953,1.50,1.50
2012.10.22 06:11:56.385,1.59497,1.59532,2.25,1.50
2012.10.22 06:11:56.934,1.59497,1.5953,1.50,1.50
2012.10.22 06:11:57.915,1.5949,1.59524,1.50,1.50
2012.10.22 06:12:02.185,1.59492,1.59526,1.50,1.50
2012.10.22 06:12:02.655,1.59497,1.59533,1.50,2.25
2012.10.22 06:12:02.775,1.59499,1.59533,1.50,2.25
2012.10.22 06:12:07.275,1.59501,1.59533,1.50,1.50
2012.10.22 06:12:07.584,1.59506,1.59538,1.50,1.50
2012.10.22 06:12:22.634,1.59506,1.59538,1.50,1.50
2012.10.22 06:12:22.755,1.59492,1.59524,1.35,1.50
2012.10.22 06:12:22.815,1.5949,1.59523,1.35,1.50
2012.10.22 06:12:22.887,1.59488,1.59523,1.50,1.50
2012.10.22 06:12:22.945,1.59488,1.59522,1.50,1.73
2012.10.22 06:12:23.125,1.59477,1.59512,1.50,1.50
2012.10.22 06:12:23.634,1.59477,1.59512,1.50,1.73
2012.10.22 06:12:24.395,1.59477,1.5951,1.50,1.73
2012.10.22 06:12:24.515,1.59469,1.59503,1.50,1.73
2012.10.22 06:12:25.395,1.59469,1.59505,1.50,1.73
2012.10.22 06:12:25.454,1.59469,1.59505,1.50,1.50
2012.10.22 06:12:44.885,1.59472,1.59505,1.50,1.50
2012.10.22 06:13:25.184,1.59473,1.59505,1.50,1.50
2012.10.22 06:13:25.882,1.59475,1.59507,1.50,1.35
2012.10.22 06:13:29.955,1.59485,1.59515,1.50,3.08
2012.10.22 06:13:30.016,1.59485,1.59516,1.50,1.50
2012.10.22 06:13:30.134,1.59482,1.59515,1.50,1.73
2012.10.22 06:13:30.315,1.59473,1.59505,1.50,1.50
2012.10.22 06:13:32.715,1.59475,1.59507,1.50,1.73
2012.10.22 06:13:33.075,1.59472,1.59506,1.50,1.50
2012.10.22 06:13:34.915,1.59474,1.59508,1.50,1.73
2012.10.22 06:13:34.975,1.59482,1.59516,1.73,1.65
2012.10.22 06:13:36.174,1.59476,1.59514,2.48,1.50
2012.10.22 06:13:36.416,1.59474,1.59508,1.50,1.73
2012.10.22 06:13:39.115,1.59476,1.59509,1.50,1.58
2012.10.22 06:13:39.294,1.59484,1.59516,1.50,1.35
2012.10.22 06:13:40.705,1.59482,1.59509,1.50,1.58
2012.10.22 06:13:40.765,1.59474,1.59507,1.50,1.73
2012.10.22 06:13:43.734,1.59477,1.5951,1.50,1.73
2012.10.22 06:13:43.855,1.59484,1.59516,1.50,1.50
2012.10.22 06:13:46.157,1.59483,1.59516,1.50,1.50
2012.10.22 06:13:47.259,1.59484,1.59517,1.50,2.10
2012.10.22 06:13:47.614,1.59471,1.59503,1.34,1.50
2012.10.22 06:13:47.895,1.59469,1.59503,1.50,1.50
2012.10.22 06:13:56.714,1.59469,1.59501,1.50,1.35
2012.10.22 06:13:57.185,1.59462,1.59495,1.73,1.50
2012.10.22 06:13:57.245,1.59462,1.59495,1.50,1.50
2012.10.22 06:13:58.147,1.59462,1.59495,1.50,1.50
2012.10.22 06:13:58.581,1.59462,1.59493,1.50,2.85
2012.10.22 06:13:59.687,1.59462,1.59487,1.50,1.35
2012.10.22 06:14:00.185,1.59462,1.59493,1.50,2.85
2012.10.22 06:14:00.459,1.59456,1.59486,1.73,1.50
2012.10.22 06:14:00.515,1.59454,1.59486,1.73,1.50
2012.10.22 06:14:18.596,1.59454,1.59486,1.50,1.50
2012.10.22 06:14:18.655,1.59446,1.5948,1.73,1.50
2012.10.22 06:14:19.128,1.5944,1.59474,1.50,2.25
2012.10.22 06:14:20.195,1.59446,1.59482,1.50,1.73
2012.10.22 06:14:20.776,1.59446,1.59479,1.50,1.50
2012.10.22 06:14:21.196,1.59446,1.59482,1.50,1.73
2012.10.22 06:14:21.830,1.59446,1.59479,1.50,1.50
2012.10.22 06:14:36.700,1.59442,1.59473,1.50,1.50
2012.10.22 06:14:36.755,1.59439,1.59473,1.73,1.50
2012.10.22 06:14:56.395,1.59442,1.59475,1.50,1.50
2012.10.22 06:14:56.634,1.5945,1.59483,1.73,1.50
2012.10.22 06:15:06.066,1.5945,1.59483,1.73,1.50
2012.10.22 06:15:06.927,1.5945,1.59483,1.73,1.50
2012.10.22 06:15:10.877,1.59452,1.59483,1.73,1.50
2012.10.22 06:15:11.414,1.59457,1.59487,1.50,1.35
2012.10.22 06:15:14.159,1.59457,1.5949,2.25,1.35
2012.10.22 06:15:14.337,1.59457,1.5949,2.48,1.35
2012.10.22 06:15:22.065,1.59457,1.59491,2.48,1.35
2012.10.22 06:15:40.307,1.59464,1.59492,1.73,2.10
2012.10.22 06:15:40.365,1.59464,1.59498,1.73,1.50
2012.10.22 06:15:40.426,1.59466,1.595,1.73,1.50
2012.10.22 06:15:40.941,1.59474,1.59504,1.73,1.50
2012.10.22 06:15:41.011,1.59474,1.59508,1.73,1.65
2012.10.22 06:15:41.326,1.59478,1.59508,1.63,1.50
2012.10.22 06:15:41.805,1.59472,1.59508,1.73,1.50
2012.10.22 06:15:42.118,1.59472,1.59508,1.73,2.10
2012.10.22 06:15:44.245,1.59474,1.59508,1.50,2.10
2012.10.22 06:15:44.605,1.59474,1.59508,1.73,1.50
2012.10.22 06:15:44.926,1.59483,1.59517,1.73,1.50
2012.10.22 06:15:48.258,1.59483,1.59517,1.73,1.50
2012.10.22 06:15:48.850,1.59483,1.59517,1.50,1.50
2012.10.22 06:16:05.255,1.59482,1.59517,1.50,1.50
2012.10.22 06:16:05.615,1.59482,1.59523,1.50,1.73
2012.10.22 06:16:05.678,1.59488,1.59523,1.50,1.73
2012.10.22 06:16:06.245,1.59488,1.59522,1.50,1.73
2012.10.22 06:16:10.896,1.59488,1.59523,1.50,1.73
2012.10.22 06:16:11.079,1.59488,1.59523,1.50,1.50
2012.10.22 06:16:11.195,1.5949,1.59523,1.50,1.50
2012.10.22 06:16:11.505,1.59496,1.59529,1.50,1.73
2012.10.22 06:16:11.875,1.59496,1.59532,1.50,1.73
2012.10.22 06:16:12.492,1.59496,1.59532,1.50,1.50
2012.10.22 06:16:13.585,1.59499,1.59539,1.50,1.73
2012.10.22 06:16:13.645,1.59506,1.59539,1.50,1.73
2012.10.22 06:16:15.875,1.59503,1.59536,1.50,1.50
2012.10.22 06:16:22.956,1.59496,1.59534,1.50,1.73
2012.10.22 06:16:23.017,1.59496,1.5953,1.50,1.50
2012.10.22 06:16:23.137,1.59496,1.59529,1.50,1.50
2012.10.22 06:16:23.545,1.59488,1.59523,1.73,1.50
2012.10.22 06:16:27.565,1.59497,1.5953,1.50,1.50
2012.10.22 06:16:28.755,1.59497,1.59531,2.25,1.50
2012.10.22 06:16:43.945,1.59497,1.59533,2.25,1.50
2012.10.22 06:16:44.004,1.59503,1.59536,1.50,1.50
2012.10.22 06:16:44.706,1.59503,1.59536,1.50,1.50
2012.10.22 06:16:45.186,1.59497,1.5953,1.50,1.50
2012.10.22 06:16:54.875,1.59499,1.5953,1.73,1.50
2012.10.22 06:16:54.995,1.59504,1.59537,1.50,2.10
2012.10.22 06:16:55.206,1.59506,1.59537,1.50,1.35
2012.10.22 06:16:55.266,1.59507,1.59544,1.73,1.50
2012.10.22 06:16:55.325,1.59515,1.59548,1.50,1.65
2012.10.22 06:16:55.445,1.59516,1.59549,1.50,1.50
2012.10.22 06:16:56.178,1.59507,1.59543,1.50,2.25
2012.10.22 06:17:08.656,1.59515,1.59547,1.50,1.50
2012.10.22 06:17:10.669,1.5951,1.59543,1.50,1.50
2012.10.22 06:17:10.725,1.59507,1.59543,1.50,2.25
2012.10.22 06:17:31.637,1.59507,1.59543,2.25,1.50
2012.10.22 06:17:31.965,1.59507,1.59541,1.50,1.50
2012.10.22 06:17:32.226,1.59499,1.59533,1.73,1.50
2012.10.22 06:17:32.297,1.59498,1.59532,1.50,1.50
2012.10.22 06:17:36.755,1.59498,1.59532,1.50,1.73
2012.10.22 06:17:38.536,1.59498,1.59532,1.50,1.50
2012.10.22 06:17:47.225,1.59498,1.59531,1.73,1.50
2012.10.22 06:17:48.635,1.5949,1.59524,1.50,1.50
2012.10.22 06:18:07.325,1.5949,1.59526,1.50,1.50
2012.10.22 06:18:11.875,1.59497,1.59532,1.50,1.73
2012.10.22 06:18:13.563,1.59498,1.59533,1.50,1.50
2012.10.22 06:18:13.626,1.59505,1.59538,1.50,1.73
2012.10.22 06:18:16.237,1.59505,1.59539,1.50,1.73
2012.10.22 06:18:34.345,1.59503,1.59537,1.50,1.73
2012.10.22 06:18:45.352,1.59503,1.59537,1.50,1.73
2012.10.22 06:18:53.075,1.59503,1.59537,1.50,1.73
2012.10.22 06:18:55.365,1.59504,1.5954,1.50,1.73
2012.10.22 06:19:06.396,1.59504,1.59538,1.50,1.73
2012.10.22 06:19:12.850,1.59504,1.59538,1.50,1.73
2012.10.22 06:19:13.125,1.59504,1.59538,1.50,1.73
2012.10.22 06:19:22.135,1.59504,1.59538,1.50,1.73
2012.10.22 06:19:22.256,1.59497,1.59529,1.50,1.73
2012.10.22 06:19:27.256,1.59497,1.59529,1.50,1.73
2012.10.22 06:19:27.436,1.59497,1.59529,1.50,1.73
2012.10.22 06:19:41.225,1.59497,1.59529,1.50,1.65
2012.10.22 06:19:41.696,1.59497,1.59528,1.50,1.19
2012.10.22 06:19:42.266,1.5949,1.59523,1.50,1.73
2012.10.22 06:19:42.328,1.5949,1.59523,1.50,1.73
2012.10.22 06:19:42.448,1.59484,1.59516,1.50,1.73
2012.10.22 06:19:42.816,1.59492,1.59522,1.50,1.55
2012.10.22 06:19:43.055,1.59507,1.59541,2.25,1.50
2012.10.22 06:19:43.236,1.59507,1.59543,2.25,1.65
2012.10.22 06:19:43.296,1.59514,1.59546,1.50,1.13
2012.10.22 06:19:43.891,1.59514,1.59537,1.50,1.35
2012.10.22 06:19:44.016,1.595,1.59533,1.50,1.73
2012.10.22 06:19:44.527,1.595,1.59533,1.50,1.73
2012.10.22 06:19:56.511,1.59496,1.59526,1.50,1.50
2012.10.22 06:19:56.575,1.59493,1.59526,1.50,1.50
2012.10.22 06:20:01.867,1.59496,1.59529,1.50,1.50
2012.10.22 06:20:07.107,1.59496,1.59529,1.50,1.50
2012.10.22 06:20:07.345,1.59504,1.59537,1.50,1.50
2012.10.22 06:20:08.475,1.59501,1.59537,1.50,1.50
2012.10.22 06:20:14.886,1.59504,1.59537,1.50,1.50
2012.10.22 06:20:14.946,1.59511,1.59545,1.50,1.73
2012.10.22 06:20:15.126,1.59511,1.59544,1.50,1.73
2012.10.22 06:20:15.905,1.59503,1.59536,1.50,1.50
2012.10.22 06:20:16.327,1.59505,1.59538,1.50,1.50
2012.10.22 06:20:22.896,1.59505,1.59538,1.50,1.73
2012.10.22 06:20:23.466,1.59505,1.59538,1.50,1.50
2012.10.22 06:20:36.306,1.59506,1.59542,2.25,1.50
2012.10.22 06:20:54.126,1.59506,1.59539,1.50,1.50
2012.10.22 06:20:54.658,1.59507,1.59542,1.50,1.50
2012.10.22 06:20:56.527,1.59506,1.59539,1.50,1.50
2012.10.22 06:20:58.566,1.59507,1.59542,1.50,1.73
2012.10.22 06:20:58.795,1.59507,1.59542,1.50,1.73
2012.10.22 06:21:00.986,1.59506,1.59539,1.50,1.73
2012.10.22 06:21:17.285,1.59505,1.59538,1.50,1.73
2012.10.22 06:21:26.018,1.59513,1.59548,1.50,1.73
2012.10.22 06:21:26.566,1.5952,1.59554,1.50,2.48
2012.10.22 06:21:28.897,1.5952,1.59554,1.50,2.48
2012.10.22 06:21:42.555,1.5952,1.59554,1.50,2.48
2012.10.22 06:21:53.445,1.59522,1.59554,1.13,2.48
2012.10.22 06:21:53.566,1.59522,1.59554,1.13,2.48
2012.10.22 06:21:53.894,1.5952,1.59554,1.50,2.48
2012.10.22 06:21:54.896,1.59529,1.59562,1.50,1.73
2012.10.22 06:21:55.913,1.59529,1.59561,1.50,1.54
2012.10.22 06:22:12.669,1.5953,1.59562,1.50,1.54
2012.10.22 06:22:12.787,1.59536,1.5957,1.50,1.73
2012.10.22 06:22:15.843,1.59536,1.5957,1.50,1.73
2012.10.22 06:22:24.356,1.59543,1.5957,1.35,1.73
2012.10.22 06:22:24.476,1.59555,1.59588,1.50,1.65
2012.10.22 06:22:25.395,1.59555,1.59588,1.50,1.50
2012.10.22 06:22:26.177,1.59555,1.59591,1.50,1.73
2012.10.22 06:22:42.337,1.59555,1.59593,1.50,1.73
2012.10.22 06:22:42.457,1.59564,1.59596,1.50,1.50
2012.10.22 06:22:43.686,1.59557,1.59591,1.50,1.50
2012.10.22 06:22:54.894,1.59555,1.59591,1.50,1.73
2012.10.22 06:22:55.477,1.59555,1.59589,1.50,1.73
2012.10.22 06:22:57.073,1.59555,1.59591,1.50,1.73
2012.10.22 06:23:00.607,1.59546,1.59589,2.25,1.73
2012.10.22 06:23:00.666,1.59546,1.5958,2.25,1.50
2012.10.22 06:23:00.896,1.59546,1.59578,1.50,1.50
2012.10.22 06:23:05.396,1.59547,1.5958,1.50,1.50
2012.10.22 06:23:05.576,1.59553,1.59585,1.50,1.50
2012.10.22 06:23:05.696,1.59555,1.59587,1.50,1.73
2012.10.22 06:23:06.417,1.59553,1.59587,1.50,1.50
2012.10.22 06:23:06.926,1.59553,1.59587,1.50,1.73
2012.10.22 06:23:11.306,1.59546,1.5958,2.63,1.50
2012.10.22 06:23:16.617,1.59546,1.59579,1.50,1.50
2012.10.22 06:23:17.786,1.59548,1.59581,1.50,1.73
2012.10.22 06:23:17.986,1.59548,1.59582,1.50,1.50
2012.10.22 06:23:19.906,1.59549,1.59582,1.50,1.50
2012.10.22 06:23:19.966,1.59557,1.59593,2.25,2.48
2012.10.22 06:23:20.086,1.59557,1.59593,2.25,2.25
2012.10.22 06:23:40.317,1.5956,1.59593,1.50,1.50
2012.10.22 06:23:42.816,1.59561,1.59594,1.50,1.73
2012.10.22 06:23:43.364,1.5956,1.59594,1.50,2.25
2012.10.22 06:23:45.116,1.59561,1.59594,1.50,1.50
2012.10.22 06:23:45.682,1.59568,1.59602,1.50,1.50
2012.10.22 06:24:02.186,1.59568,1.59604,1.50,1.73
2012.10.22 06:24:02.777,1.59575,1.59607,1.50,1.58
2012.10.22 06:24:18.529,1.59583,1.59614,1.50,1.59
2012.10.22 06:24:18.586,1.59583,1.59616,1.50,1.73
2012.10.22 06:24:25.397,1.59583,1.59614,1.50,1.58
2012.10.22 06:24:27.696,1.59577,1.59611,1.50,1.50
2012.10.22 06:24:41.627,1.59578,1.59614,1.50,1.50
2012.10.22 06:24:41.689,1.59582,1.59616,1.50,1.50
2012.10.22 06:24:41.747,1.59576,1.59612,2.25,1.50
2012.10.22 06:24:49.906,1.59578,1.59609,1.35,1.50
2012.10.22 06:24:50.145,1.59568,1.59604,1.50,2.25
2012.10.22 06:24:51.828,1.59566,1.59604,1.50,2.25
2012.10.22 06:24:51.887,1.59564,1.59597,1.73,1.50
2012.10.22 06:24:52.217,1.59561,1.59594,1.50,1.73
2012.10.22 06:24:52.396,1.59554,1.59587,1.50,1.50
2012.10.22 06:24:55.979,1.59555,1.59588,1.50,1.73
2012.10.22 06:24:57.100,1.59555,1.59588,1.50,1.50
2012.10.22 06:24:57.556,1.59565,1.59598,1.50,1.73
2012.10.22 06:25:01.256,1.59571,1.59605,1.50,1.73
2012.10.22 06:25:02.445,1.59571,1.59605,1.50,1.73
2012.10.22 06:25:03.577,1.59571,1.59605,1.50,1.50
2012.10.22 06:25:04.177,1.59571,1.59605,1.50,1.50
2012.10.22 06:25:04.426,1.59569,1.59605,1.73,1.50
2012.10.22 06:25:04.488,1.59567,1.59603,1.50,1.50
2012.10.22 06:25:04.547,1.59564,1.59596,1.50,1.50
2012.10.22 06:25:04.906,1.59564,1.59594,1.50,1.50
2012.10.22 06:25:05.206,1.59553,1.59589,1.50,1.50
2012.10.22 06:25:08.181,1.59563,1.59595,1.50,1.50
2012.10.22 06:25:09.176,1.59563,1.59593,1.50,1.50
2012.10.22 06:25:09.236,1.59556,1.59588,1.73,1.50
2012.10.22 06:25:09.318,1.59556,1.59588,1.50,1.50
2012.10.22 06:25:19.692,1.59556,1.59594,1.50,1.50
2012.10.22 06:25:19.756,1.5956,1.59596,1.50,1.73
2012.10.22 06:25:21.666,1.59556,1.59596,1.50,1.73
2012.10.22 06:25:21.726,1.59555,1.59589,1.50,1.50
2012.10.22 06:25:34.696,1.59556,1.59595,1.50,1.73
2012.10.22 06:25:34.756,1.59561,1.59595,1.50,1.50
2012.10.22 06:25:38.427,1.59562,1.59595,1.73,1.50
2012.10.22 06:25:38.667,1.59568,1.59604,1.50,1.50
2012.10.22 06:25:40.207,1.59571,1.59612,1.50,1.50
2012.10.22 06:25:40.326,1.59576,1.59612,1.50,1.50
2012.10.22 06:25:54.623,1.5957,1.59612,1.50,1.73
2012.10.22 06:25:54.687,1.59568,1.59604,1.50,1.50
2012.10.22 06:25:58.846,1.5957,1.59604,1.50,1.50
2012.10.22 06:25:58.972,1.59577,1.59612,2.25,1.50
2012.10.22 06:26:01.447,1.59583,1.59612,1.35,1.50
2012.10.22 06:26:01.506,1.59586,1.59619,1.73,1.50
2012.10.22 06:26:02.667,1.59583,1.59616,1.73,1.50
2012.10.22 06:26:02.786,1.59576,1.59608,1.50,1.50
2012.10.22 06:26:02.966,1.59567,1.59602,2.48,1.50
2012.10.22 06:26:03.426,1.59567,1.59602,2.25,1.50
2012.10.22 06:26:05.427,1.59568,1.59609,1.50,1.50
2012.10.22 06:26:05.532,1.59573,1.59609,1.50,1.50
2012.10.22 06:26:11.687,1.59575,1.59609,1.50,1.50
2012.10.22 06:26:12.327,1.59582,1.59617,1.50,1.50
2012.10.22 06:26:31.826,1.59578,1.59615,1.50,1.50
2012.10.22 06:26:31.887,1.59578,1.59613,1.58,1.50
2012.10.22 06:26:32.116,1.59578,1.59613,1.50,1.50
2012.10.22 06:26:32.627,1.59578,1.59613,1.58,1.50
2012.10.22 06:26:34.186,1.59571,1.59604,2.18,1.50
2012.10.22 06:26:34.306,1.59571,1.59604,1.50,1.50
2012.10.22 06:26:35.787,1.59562,1.59602,1.50,1.50
2012.10.22 06:26:35.846,1.59562,1.59597,1.50,1.50
2012.10.22 06:26:43.610,1.59564,1.59593,1.50,1.50
2012.10.22 06:26:47.507,1.59563,1.59593,1.50,1.50
2012.10.22 06:26:50.176,1.59564,1.596,1.50,1.50
2012.10.22 06:26:50.246,1.59566,1.596,1.50,1.50
2012.10.22 06:26:52.477,1.59568,1.59603,1.50,1.73
2012.10.22 06:26:52.556,1.59573,1.59606,1.50,1.73
2012.10.22 06:26:53.536,1.59575,1.59608,1.13,1.73
2012.10.22 06:26:53.756,1.59574,1.59606,1.13,1.50
2012.10.22 06:26:54.057,1.59569,1.59601,1.50,1.50
2012.10.22 06:26:57.349,1.59569,1.59601,1.13,1.50
2012.10.22 06:26:57.497,1.59569,1.59601,1.13,1.73
2012.10.22 06:26:57.826,1.59569,1.59601,1.13,1.73
2012.10.22 06:27:02.945,1.59575,1.59604,1.13,1.73
2012.10.22 06:27:03.010,1.59575,1.59605,1.88,1.73
2012.10.22 06:27:03.767,1.59567,1.59598,1.50,1.73
2012.10.22 06:27:04.103,1.59575,1.59604,1.13,1.73
2012.10.22 06:27:04.167,1.59575,1.59606,1.88,1.73
2012.10.22 06:27:05.477,1.59576,1.59608,1.50,1.73
2012.10.22 06:27:05.536,1.59585,1.59618,1.50,1.73
2012.10.22 06:27:07.157,1.59596,1.59624,1.50,2.38
2012.10.22 06:27:07.498,1.59602,1.59624,1.50,1.63
2012.10.22 06:27:08.373,1.59602,1.59634,1.50,2.48
2012.10.22 06:27:08.507,1.59602,1.59634,1.50,2.48
2012.10.22 06:27:09.180,1.59602,1.59634,1.50,2.48
2012.10.22 06:27:10.697,1.59602,1.59631,1.50,1.73
2012.10.22 06:27:10.916,1.59605,1.59634,1.50,1.50
2012.10.22 06:27:11.463,1.59602,1.59634,1.50,2.48
2012.10.22 06:27:14.936,1.59602,1.59634,1.50,2.48
2012.10.22 06:27:15.641,1.59602,1.59634,1.50,2.25
2012.10.22 06:27:15.767,1.59609,1.59639,1.50,1.73
2012.10.22 06:27:20.436,1.59605,1.59634,1.50,1.50
2012.10.22 06:27:20.662,1.59603,1.59634,1.50,2.25
2012.10.22 06:27:24.077,1.5961,1.5964,1.50,1.58
2012.10.22 06:27:24.256,1.5961,1.5964,1.50,1.35
2012.10.22 06:27:24.757,1.59617,1.59647,1.50,1.50
2012.10.22 06:27:24.956,1.59617,1.59648,2.25,1.65
2012.10.22 06:27:26.228,1.59617,1.59647,1.50,1.65
2012.10.22 06:27:26.438,1.59606,1.59642,1.50,1.73
2012.10.22 06:27:47.137,1.59609,1.59651,1.50,1.73
2012.10.22 06:27:47.197,1.59615,1.59651,1.50,1.73
2012.10.22 06:27:47.697,1.59607,1.59644,1.50,1.50
2012.10.22 06:27:50.837,1.59607,1.59643,1.50,1.73
2012.10.22 06:27:50.898,1.59606,1.59636,1.50,1.50
2012.10.22 06:27:51.448,1.59606,1.59643,1.50,2.48
2012.10.22 06:27:51.508,1.59608,1.59643,1.50,1.73
2012.10.22 06:28:02.637,1.59602,1.59643,1.50,2.48
2012.10.22 06:28:02.697,1.59602,1.59638,1.50,1.50
2012.10.22 06:28:04.836,1.59602,1.59635,1.50,1.50
2012.10.22 06:28:05.037,1.59595,1.59634,1.50,1.50
2012.10.22 06:28:05.097,1.59595,1.59629,1.50,1.50
2012.10.22 06:28:24.149,1.59595,1.59627,1.50,1.35
2012.10.22 06:28:24.387,1.59583,1.59618,1.50,1.73
2012.10.22 06:28:24.448,1.59583,1.59618,1.50,1.73
2012.10.22 06:28:24.509,1.59583,1.59616,1.50,1.73
2012.10.22 06:28:24.820,1.59583,1.59616,1.50,1.73
2012.10.22 06:28:25.178,1.59585,1.59618,1.50,2.04
2012.10.22 06:28:25.298,1.59585,1.59618,1.50,1.50
2012.10.22 06:28:26.568,1.59586,1.59619,1.50,1.35
2012.10.22 06:28:27.119,1.59592,1.59621,1.50,1.35
2012.10.22 06:28:43.867,1.59597,1.59626,1.50,1.13
2012.10.22 06:28:44.047,1.59597,1.59629,1.50,1.05
2012.10.22 06:28:44.167,1.59597,1.5963,1.50,1.50
2012.10.22 06:28:48.395,1.59596,1.5963,1.50,1.73
2012.10.22 06:28:51.927,1.59596,1.5963,1.50,1.50
2012.10.22 06:28:53.406,1.59597,1.5963,1.50,1.50
2012.10.22 06:28:53.767,1.59596,1.59631,1.50,1.50
2012.10.22 06:28:54.787,1.59596,1.59632,1.50,1.50
2012.10.22 06:28:55.147,1.59611,1.59642,1.50,1.73
2012.10.22 06:28:55.276,1.59611,1.59642,1.50,1.73
2012.10.22 06:28:55.356,1.59611,1.59642,1.50,1.50
2012.10.22 06:28:57.898,1.59614,1.59642,1.50,1.50
2012.10.22 06:29:03.147,1.59617,1.59647,1.50,1.35
2012.10.22 06:29:03.207,1.5962,1.59649,1.50,1.35
2012.10.22 06:29:03.937,1.5962,1.59647,1.50,1.35
2012.10.22 06:29:04.057,1.59612,1.59642,1.50,1.50
2012.10.22 06:29:05.593,1.59614,1.59644,1.50,1.50
2012.10.22 06:29:05.656,1.59618,1.59646,1.50,1.50
2012.10.22 06:29:13.421,1.59618,1.59649,1.50,1.50
2012.10.22 06:29:14.646,1.59618,1.59646,1.50,1.50
2012.10.22 06:29:16.939,1.59612,1.59643,1.50,1.50
2012.10.22 06:29:17.000,1.59612,1.59642,1.50,1.50
2012.10.22 06:29:17.057,1.59603,1.59637,1.73,1.50
2012.10.22 06:29:17.327,1.59597,1.59633,1.50,1.50
2012.10.22 06:29:17.392,1.59597,1.5963,1.50,1.50
2012.10.22 06:29:18.565,1.59596,1.59629,1.50,1.50
2012.10.22 06:29:18.817,1.59591,1.59624,1.50,1.50
2012.10.22 06:29:20.117,1.59594,1.59627,1.50,1.50
2012.10.22 06:29:20.473,1.59598,1.5963,1.50,1.50
2012.10.22 06:29:20.786,1.59598,1.59633,1.73,1.50
2012.10.22 06:29:20.991,1.59606,1.59634,1.50,1.50
2012.10.22 06:29:22.706,1.59606,1.59634,1.50,1.50
2012.10.22 06:29:22.766,1.59596,1.59627,1.73,1.50
2012.10.22 06:29:22.826,1.59596,1.59627,1.50,1.50
2012.10.22 06:29:22.946,1.59595,1.59625,1.50,1.50
2012.10.22 06:29:25.618,1.59589,1.59618,1.50,1.50
2012.10.22 06:29:34.017,1.59589,1.59617,1.50,1.50
2012.10.22 06:29:36.397,1.59584,1.59614,1.50,1.50
2012.10.22 06:29:36.456,1.59582,1.59612,1.50,1.50
2012.10.22 06:29:42.757,1.59576,1.5961,1.73,1.50
2012.10.22 06:29:42.829,1.59576,1.59604,1.73,1.50
2012.10.22 06:29:42.887,1.59577,1.59612,1.50,1.50
2012.10.22 06:29:42.947,1.5958,1.59612,1.50,1.50
2012.10.22 06:29:43.597,1.5958,1.59614,1.50,1.50
2012.10.22 06:29:43.878,1.59588,1.59619,1.50,1.50
2012.10.22 06:29:45.607,1.59584,1.59614,1.50,1.50
2012.10.22 06:29:45.666,1.59582,1.59613,1.50,1.50
2012.10.22 06:29:50.788,1.59582,1.59611,1.50,1.50
2012.10.22 06:29:50.910,1.59574,1.59603,1.50,1.50
2012.10.22 06:29:51.427,1.59576,1.59603,1.50,1.50
2012.10.22 06:29:52.087,1.59581,1.5961,1.50,1.73
2012.10.22 06:29:52.226,1.59574,1.59604,1.50,1.50
2012.10.22 06:29:53.518,1.59574,1.59604,1.50,1.50
2012.10.22 06:29:53.758,1.59567,1.59596,1.50,1.50
2012.10.22 06:29:55.368,1.59567,1.59596,1.50,1.50
2012.10.22 06:29:56.187,1.59567,1.59596,1.50,1.50
2012.10.22 06:29:58.496,1.59567,1.59596,1.50,1.50
2012.10.22 06:30:00.947,1.59567,1.59596,1.50,1.73
2012.10.22 06:30:03.337,1.59569,1.59596,1.50,1.50
2012.10.22 06:30:03.659,1.59573,1.59604,1.50,1.88
2012.10.22 06:30:04.177,1.59573,1.59604,1.50,1.50
2012.10.22 06:30:04.297,1.59581,1.59613,1.50,1.50
2012.10.22 06:30:04.730,1.59581,1.59613,1.50,1.50
2012.10.22 06:30:06.316,1.59578,1.59608,1.50,1.50
2012.10.22 06:30:08.476,1.59584,1.59613,1.50,1.50
2012.10.22 06:30:09.277,1.59584,1.59613,1.50,1.50
2012.10.22 06:30:09.397,1.59576,1.59606,1.50,1.50
2012.10.22 06:30:12.709,1.59576,1.59609,2.25,1.50
2012.10.22 06:30:12.778,1.59579,1.59614,1.50,1.50
2012.10.22 06:30:12.837,1.59584,1.59614,1.50,1.50
2012.10.22 06:30:13.639,1.59584,1.59614,1.50,1.50
2012.10.22 06:30:14.132,1.59584,1.59614,1.50,1.50
2012.10.22 06:30:14.636,1.59586,1.59616,1.50,1.50
2012.10.22 06:30:15.747,1.59584,1.59614,1.50,1.50
2012.10.22 06:30:16.277,1.59586,1.59616,1.50,1.50
2012.10.22 06:30:16.822,1.59584,1.59614,1.50,1.50
2012.10.22 06:30:24.777,1.59586,1.59621,1.50,1.50
2012.10.22 06:30:24.838,1.59592,1.59623,1.50,1.73
2012.10.22 06:30:32.317,1.59594,1.59624,1.50,1.50
2012.10.22 06:30:32.665,1.59598,1.59628,1.50,1.50
2012.10.22 06:30:35.378,1.59598,1.59628,1.50,1.50
2012.10.22 06:30:37.590,1.59592,1.59621,1.50,1.50
2012.10.22 06:30:37.707,1.59591,1.59621,1.50,1.50
2012.10.22 06:30:37.926,1.59591,1.59622,1.50,1.50
2012.10.22 06:30:38.187,1.59591,1.59624,1.50,1.50
2012.10.22 06:30:38.246,1.59598,1.59627,1.50,1.50
2012.10.22 06:30:56.606,1.59598,1.5963,1.50,1.50
2012.10.22 06:30:56.788,1.59606,1.59636,1.50,1.50
2012.10.22 06:30:57.146,1.59598,1.59627,1.50,1.50
2012.10.22 06:30:58.667,1.59598,1.5963,1.50,1.73
2012.10.22 06:31:05.107,1.59598,1.59627,1.50,1.50
2012.10.22 06:31:08.307,1.59598,1.5963,1.50,1.73
2012.10.22 06:31:10.026,1.59592,1.59621,1.50,1.50
2012.10.22 06:31:10.217,1.59591,1.59621,1.50,1.50
2012.10.22 06:31:10.396,1.59591,1.5962,1.50,1.73
2012.10.22 06:31:10.456,1.59578,1.5961,1.50,1.50
2012.10.22 06:31:19.967,1.59578,1.59607,1.50,1.50
2012.10.22 06:31:20.115,1.59573,1.59602,1.50,1.50
2012.10.22 06:31:20.296,1.59566,1.59602,1.50,1.73
2012.10.22 06:31:20.357,1.59565,1.59595,1.50,1.50
2012.10.22 06:31:22.136,1.59565,1.596,1.50,1.73
2012.10.22 06:31:22.196,1.59572,1.59602,1.50,1.73
2012.10.22 06:31:32.557,1.59572,1.59602,1.50,1.73
2012.10.22 06:31:33.135,1.59572,1.59602,1.50,1.50
2012.10.22 06:31:42.217,1.59579,1.59611,1.73,1.50
2012.10.22 06:31:42.337,1.59581,1.59611,1.50,1.50
2012.10.22 06:31:42.636,1.59579,1.59611,1.73,1.50
2012.10.22 06:31:42.879,1.59569,1.59603,1.50,1.50
2012.10.22 06:31:50.426,1.59569,1.59605,1.50,1.73
2012.10.22 06:31:50.868,1.59579,1.59612,1.50,1.73
2012.10.22 06:31:50.986,1.59579,1.59612,1.73,1.50
2012.10.22 06:31:51.866,1.59578,1.59611,1.73,1.50
2012.10.22 06:31:52.046,1.59569,1.59603,1.50,1.73
2012.10.22 06:31:53.187,1.59571,1.59605,1.50,1.50
2012.10.22 06:31:53.246,1.59577,1.59613,1.50,1.50
2012.10.22 06:31:53.737,1.59588,1.59622,1.50,1.80
2012.10.22 06:31:54.097,1.59593,1.59622,1.73,1.50
2012.10.22 06:31:54.168,1.59593,1.59622,1.73,1.50
2012.10.22 06:31:54.347,1.59589,1.59621,1.73,1.50
2012.10.22 06:31:54.407,1.59581,1.59615,1.73,1.50
2012.10.22 06:31:54.467,1.59579,1.59615,1.88,1.50
2012.10.22 06:32:00.397,1.59572,1.59613,1.73,1.50
2012.10.22 06:32:00.457,1.59572,1.59606,1.73,1.50
2012.10.22 06:32:01.047,1.59572,1.59606,1.73,1.50
2012.10.22 06:32:01.166,1.59573,1.59606,1.50,1.50
2012.10.22 06:32:40.768,1.59573,1.59607,1.50,1.50
2012.10.22 06:32:41.208,1.59566,1.596,2.48,1.50
2012.10.22 06:32:42.039,1.59568,1.596,1.73,1.50
2012.10.22 06:32:52.594,1.59566,1.596,2.48,1.50
2012.10.22 06:32:53.148,1.59568,1.596,1.73,1.50
2012.10.22 06:32:55.687,1.59576,1.59608,1.50,1.50
2012.10.22 06:32:55.746,1.59576,1.5961,1.50,1.50
2012.10.22 06:33:09.267,1.59583,1.59615,1.50,1.50
2012.10.22 06:33:11.832,1.59577,1.59614,1.50,1.73
2012.10.22 06:33:11.886,1.59576,1.5961,1.50,1.50
2012.10.22 06:33:12.178,1.59576,1.59609,1.50,1.50
2012.10.22 06:33:18.170,1.59566,1.596,1.50,1.50
2012.10.22 06:33:25.287,1.59567,1.59609,1.50,1.73
2012.10.22 06:33:25.636,1.59575,1.59609,1.50,1.73
2012.10.22 06:33:26.575,1.59575,1.59608,1.50,1.73
2012.10.22 06:33:27.741,1.59575,1.59609,1.50,1.73
2012.10.22 06:33:28.115,1.59575,1.59608,1.50,1.73
2012.10.22 06:33:32.757,1.59575,1.59609,1.50,1.73
2012.10.22 06:33:35.977,1.59575,1.59608,1.50,1.73
2012.10.22 06:33:45.194,1.59572,1.59604,1.50,1.50
2012.10.22 06:33:45.257,1.59571,1.59604,1.50,1.50
2012.10.22 06:33:49.779,1.59562,1.59596,1.50,1.50
2012.10.22 06:34:08.476,1.59562,1.59596,1.50,1.73
2012.10.22 06:34:09.164,1.59562,1.59596,1.50,1.50
2012.10.22 06:34:10.247,1.59564,1.596,1.50,1.73
2012.10.22 06:34:11.082,1.59564,1.59597,1.50,1.50
2012.10.22 06:34:13.209,1.59564,1.596,1.50,1.73
2012.10.22 06:34:13.597,1.59557,1.59597,2.25,1.50
2012.10.22 06:34:13.657,1.59557,1.59592,2.25,1.50
2012.10.22 06:34:15.097,1.59557,1.59599,1.50,1.73
2012.10.22 06:34:15.157,1.59567,1.596,1.50,1.73
2012.10.22 06:34:32.806,1.59558,1.59599,1.50,1.73
2012.10.22 06:34:32.866,1.59558,1.59594,1.50,1.50
2012.10.22 06:34:46.193,1.5956,1.59602,1.50,1.50
2012.10.22 06:34:46.257,1.59566,1.59602,1.50,1.50
2012.10.22 06:34:54.208,1.5956,1.59599,1.50,1.50
2012.10.22 06:34:54.267,1.5956,1.59593,1.50,1.50
2012.10.22 06:34:56.398,1.59561,1.59601,1.50,1.73
2012.10.22 06:34:56.457,1.59566,1.59601,1.50,1.73
2012.10.22 06:35:07.658,1.59558,1.59592,1.50,1.50
2012.10.22 06:35:22.687,1.59575,1.59603,1.50,1.45
2012.10.22 06:35:22.998,1.59578,1.59606,1.13,1.45
2012.10.22 06:35:23.299,1.59578,1.59608,1.35,1.50
2012.10.22 06:35:23.807,1.59581,1.59615,1.50,1.50
2012.10.22 06:35:24.357,1.59579,1.59613,1.50,1.50
2012.10.22 06:35:24.905,1.59579,1.59613,1.50,1.73
2012.10.22 06:35:25.927,1.5959,1.59622,1.50,1.20
2012.10.22 06:35:26.047,1.59592,1.59626,1.50,1.50
2012.10.22 06:35:26.167,1.59592,1.59626,1.50,1.50
2012.10.22 06:35:29.744,1.59603,1.59633,1.50,1.50
2012.10.22 06:35:29.868,1.59597,1.59633,1.73,2.25
2012.10.22 06:35:30.116,1.59601,1.59633,1.50,1.50
2012.10.22 06:35:30.558,1.59601,1.59633,1.50,1.73
2012.10.22 06:35:30.677,1.59601,1.59633,1.50,1.73
2012.10.22 06:35:30.917,1.59601,1.59633,1.50,1.73
2012.10.22 06:35:31.097,1.59592,1.59626,1.50,1.73
2012.10.22 06:35:31.457,1.59594,1.59628,1.50,2.34
2012.10.22 06:35:31.778,1.59594,1.59628,1.50,1.73
2012.10.22 06:35:32.458,1.59594,1.59628,1.50,1.73
2012.10.22 06:35:32.577,1.59606,1.59638,1.50,1.50
2012.10.22 06:35:32.637,1.59613,1.59647,1.50,1.73
2012.10.22 06:35:32.877,1.59613,1.59647,1.50,1.73
2012.10.22 06:35:33.237,1.59613,1.59647,1.50,1.50
2012.10.22 06:35:35.948,1.59616,1.59651,1.50,1.50
2012.10.22 06:35:36.038,1.59619,1.59653,1.50,1.50
2012.10.22 06:35:38.167,1.59621,1.59653,1.50,1.50
2012.10.22 06:35:38.408,1.59628,1.59662,1.50,1.50
2012.10.22 06:35:39.387,1.59623,1.59656,1.50,1.50
2012.10.22 06:35:39.997,1.5962,1.59656,1.50,1.50
2012.10.22 06:35:46.278,1.59623,1.59656,1.50,1.50
2012.10.22 06:35:46.687,1.59634,1.59668,1.50,1.73
2012.10.22 06:35:46.748,1.59635,1.59668,1.73,1.50
2012.10.22 06:35:48.227,1.59635,1.59668,1.73,1.50
2012.10.22 06:35:48.668,1.59634,1.59668,1.50,1.50
2012.10.22 06:35:48.728,1.59634,1.59668,1.50,1.73
2012.10.22 06:35:48.847,1.59626,1.5966,2.25,1.50
2012.10.22 06:35:55.698,1.59626,1.5966,1.50,1.73
2012.10.22 06:35:59.579,1.59626,1.5966,1.50,1.50
2012.10.22 06:36:06.658,1.59626,1.59668,2.25,1.73
2012.10.22 06:36:06.838,1.59634,1.5967,1.50,1.73
2012.10.22 06:36:07.138,1.59634,1.59668,1.50,1.50
2012.10.22 06:36:07.318,1.59636,1.5967,1.50,1.73
2012.10.22 06:36:07.499,1.59636,1.59668,1.50,1.73
2012.10.22 06:36:08.010,1.59629,1.59663,1.73,1.50
2012.10.22 06:36:08.188,1.59628,1.59663,1.50,1.50
2012.10.22 06:36:08.367,1.59629,1.59663,1.50,1.50
2012.10.22 06:36:08.897,1.59628,1.59663,1.50,2.25
2012.10.22 06:36:10.202,1.59627,1.59662,1.50,1.50
2012.10.22 06:36:10.545,1.59623,1.59657,1.73,1.50
2012.10.22 06:36:10.859,1.59634,1.59666,1.50,1.50
2012.10.22 06:36:11.291,1.59637,1.59673,1.50,2.25
2012.10.22 06:36:11.407,1.59639,1.59673,1.50,2.25
2012.10.22 06:36:12.978,1.5964,1.59673,1.50,1.50
2012.10.22 06:36:13.417,1.59639,1.59673,1.50,2.25
2012.10.22 06:36:18.277,1.59633,1.59667,1.50,1.50
2012.10.22 06:36:21.727,1.59631,1.59665,1.50,1.50
2012.10.22 06:36:21.999,1.59624,1.59658,1.50,1.50
2012.10.22 06:36:24.857,1.59626,1.59663,1.50,1.50
2012.10.22 06:36:24.917,1.5963,1.59664,1.50,1.50
2012.10.22 06:36:25.137,1.59633,1.59666,1.50,1.50
2012.10.22 06:36:26.826,1.5963,1.59664,1.50,1.50
2012.10.22 06:36:37.238,1.59626,1.59663,1.73,1.50
2012.10.22 06:36:37.297,1.59626,1.59658,1.73,1.50
2012.10.22 06:36:37.357,1.59626,1.59658,1.50,1.50
2012.10.22 06:36:38.997,1.59618,1.5965,1.73,1.50
2012.10.22 06:36:43.807,1.59626,1.59656,1.50,1.50
2012.10.22 06:36:43.928,1.59626,1.59659,1.50,1.50
2012.10.22 06:37:04.217,1.59625,1.59659,1.50,1.50
2012.10.22 06:37:10.908,1.59617,1.59657,2.25,1.50
2012.10.22 06:37:10.968,1.59617,1.59653,2.25,1.50
2012.10.22 06:37:14.077,1.59625,1.59659,1.50,1.50
2012.10.22 06:37:17.178,1.59626,1.59659,1.73,1.50
2012.10.22 06:37:20.057,1.59626,1.59659,1.50,1.50
2012.10.22 06:37:34.228,1.59625,1.59659,2.25,1.50
2012.10.22 06:37:36.817,1.59623,1.59659,1.50,1.73
2012.10.22 06:37:37.227,1.59626,1.59666,1.50,1.73
2012.10.22 06:37:37.409,1.5963,1.59666,1.50,1.50
2012.10.22 06:37:39.997,1.5963,1.59666,1.50,1.73
2012.10.22 06:37:41.808,1.59623,1.59657,1.50,1.50
2012.10.22 06:37:51.418,1.59624,1.59657,1.50,1.50
2012.10.22 06:37:52.068,1.59623,1.59657,1.50,1.50
2012.10.22 06:38:00.528,1.59617,1.59657,2.25,1.50
2012.10.22 06:38:00.587,1.59617,1.59649,1.50,1.50
2012.10.22 06:38:02.917,1.59617,1.59656,1.50,1.50
2012.10.22 06:38:02.977,1.59622,1.59657,1.50,1.50
2012.10.22 06:38:07.920,1.59623,1.59657,1.50,1.50
2012.10.22 06:38:08.038,1.59632,1.59664,1.50,1.73
2012.10.22 06:38:08.400,1.5964,1.59674,1.50,1.50
2012.10.22 06:38:08.908,1.59632,1.59668,1.50,1.50
2012.10.22 06:38:09.652,1.59642,1.59675,1.50,1.73
2012.10.22 06:38:10.289,1.59642,1.59678,1.50,1.50
2012.10.22 06:38:10.348,1.59642,1.59675,1.50,1.50
2012.10.22 06:38:10.751,1.59636,1.5967,1.50,1.50
2012.10.22 06:38:12.957,1.59637,1.5967,1.50,1.50
2012.10.22 06:38:13.160,1.59647,1.59687,1.50,1.50
2012.10.22 06:38:13.478,1.59645,1.59679,1.50,1.73
2012.10.22 06:38:14.218,1.59647,1.59683,1.50,1.73
2012.10.22 06:38:14.338,1.59651,1.59686,1.50,1.50
2012.10.22 06:38:15.267,1.59651,1.59688,1.50,1.73
2012.10.22 06:38:16.637,1.59651,1.59686,1.50,1.73
2012.10.22 06:38:20.627,1.59645,1.59679,1.50,1.50
2012.10.22 06:38:20.748,1.59637,1.59674,2.25,1.73
2012.10.22 06:38:21.168,1.59644,1.5968,1.50,1.50
2012.10.22 06:38:24.389,1.59639,1.5968,1.50,1.73
2012.10.22 06:38:24.447,1.59637,1.59673,2.25,1.50
2012.10.22 06:38:25.007,1.59637,1.59673,1.50,1.50
2012.10.22 06:38:25.127,1.5963,1.59664,1.73,1.50
2012.10.22 06:38:25.308,1.5962,1.59656,1.50,1.50
2012.10.22 06:38:27.428,1.59629,1.59663,1.50,1.73
2012.10.22 06:38:27.669,1.59636,1.59672,1.50,1.50
2012.10.22 06:38:31.008,1.59636,1.59669,1.50,1.50
2012.10.22 06:38:31.535,1.5963,1.59663,1.50,1.73
2012.10.22 06:38:33.198,1.59632,1.59664,1.50,1.73
2012.10.22 06:38:33.258,1.59632,1.59664,1.73,1.50
2012.10.22 06:38:33.438,1.59637,1.59673,1.50,2.25
2012.10.22 06:38:33.498,1.59639,1.59673,1.50,1.50
2012.10.22 06:38:34.709,1.59641,1.59675,1.50,1.50
2012.10.22 06:38:35.121,1.59647,1.5968,1.50,1.50
2012.10.22 06:38:35.180,1.59647,1.59683,2.25,2.48
2012.10.22 06:38:35.677,1.5965,1.59683,1.50,1.50
2012.10.22 06:38:35.978,1.59659,1.59693,1.73,1.50
2012.10.22 06:38:36.641,1.59659,1.59693,1.73,1.50
2012.10.22 06:38:39.529,1.59657,1.59693,2.22,1.50
2012.10.22 06:38:39.594,1.59657,1.59688,1.47,1.50
2012.10.22 06:38:39.778,1.59661,1.59688,1.45,1.50
2012.10.22 06:38:39.898,1.59654,1.59688,1.73,1.50
2012.10.22 06:38:40.049,1.59654,1.59688,1.73,1.50
2012.10.22 06:38:40.109,1.59654,1.59688,1.50,1.50
2012.10.22 06:38:40.169,1.59654,1.59688,1.50,1.50
2012.10.22 06:38:40.840,1.59654,1.59688,1.50,1.50
2012.10.22 06:38:41.711,1.59654,1.59686,1.50,1.50
2012.10.22 06:38:42.244,1.59646,1.5968,1.73,1.50
2012.10.22 06:38:42.659,1.59646,1.5968,1.73,1.50
2012.10.22 06:38:42.839,1.59639,1.59672,1.50,1.50
2012.10.22 06:38:42.899,1.59636,1.59672,1.73,1.50
2012.10.22 06:38:44.844,1.5963,1.59664,1.50,1.50
2012.10.22 06:38:45.278,1.5963,1.59664,1.50,2.48
2012.10.22 06:38:45.640,1.59633,1.59667,1.50,1.73
2012.10.22 06:38:59.798,1.5964,1.59673,1.50,1.73
2012.10.22 06:39:00.168,1.5964,1.59672,1.50,1.50
2012.10.22 06:39:00.229,1.59633,1.59665,1.73,1.50
2012.10.22 06:39:00.419,1.59635,1.59667,1.50,1.50
2012.10.22 06:39:00.752,1.59633,1.59665,1.73,1.50
2012.10.22 06:39:01.065,1.59628,1.59659,1.73,1.50
2012.10.22 06:39:01.181,1.59628,1.59659,1.50,1.50
2012.10.22 06:39:05.237,1.59627,1.59659,1.50,1.50
2012.10.22 06:39:05.779,1.59623,1.59652,1.50,1.50
2012.10.22 06:39:22.688,1.59616,1.59649,1.73,1.50
2012.10.22 06:39:22.747,1.59615,1.59649,1.73,1.50
2012.10.22 06:39:27.325,1.59615,1.59649,1.73,1.50
2012.10.22 06:39:37.611,1.59616,1.59654,1.73,1.50
2012.10.22 06:39:37.667,1.59619,1.59654,1.50,1.50
2012.10.22 06:39:38.607,1.59622,1.59655,1.50,1.50
2012.10.22 06:39:47.497,1.59619,1.59653,1.50,1.50
2012.10.22 06:39:48.108,1.59622,1.59655,1.50,1.73
2012.10.22 06:39:48.577,1.59619,1.59654,1.50,1.50
2012.10.22 06:39:48.638,1.59615,1.59647,1.50,1.50
2012.10.22 06:40:00.567,1.59608,1.5964,1.50,1.50
2012.10.22 06:40:04.210,1.59606,1.5964,2.48,1.50
2012.10.22 06:40:21.218,1.59611,1.59646,1.50,1.50
2012.10.22 06:40:22.087,1.59613,1.59648,1.50,1.50
2012.10.22 06:40:23.506,1.59616,1.59651,1.50,1.50
2012.10.22 06:40:23.567,1.59618,1.59654,1.50,2.48
2012.10.22 06:40:25.948,1.59621,1.59654,1.73,1.50
2012.10.22 06:40:26.009,1.59627,1.5966,1.50,1.50
2012.10.22 06:40:26.069,1.59627,1.59661,2.25,1.50
2012.10.22 06:40:26.694,1.59627,1.59661,1.50,1.73
2012.10.22 06:40:26.988,1.59621,1.59661,1.50,1.73
2012.10.22 06:40:27.047,1.59619,1.59655,1.50,1.50
2012.10.22 06:40:29.528,1.59619,1.59655,1.73,1.50
2012.10.22 06:40:29.648,1.59621,1.59655,1.73,1.50
2012.10.22 06:40:29.769,1.59628,1.59662,1.73,1.50
2012.10.22 06:40:30.117,1.59629,1.59662,1.50,1.50
2012.10.22 06:40:30.507,1.59628,1.59662,1.73,1.50
2012.10.22 06:40:31.056,1.59628,1.59662,1.50,1.50
2012.10.22 06:40:40.789,1.59628,1.59662,1.73,1.50
2012.10.22 06:40:43.848,1.59628,1.59662,1.73,1.50
2012.10.22 06:40:50.258,1.59629,1.59668,1.73,1.50
2012.10.22 06:40:50.317,1.59634,1.59668,1.50,1.50
2012.10.22 06:40:54.328,1.59626,1.59667,2.48,1.50
2012.10.22 06:40:54.388,1.59626,1.59662,2.48,1.50
2012.10.22 06:41:05.886,1.59626,1.5966,1.50,1.50
2012.10.22 06:41:06.346,1.59622,1.59655,1.50,1.50
2012.10.22 06:41:07.920,1.59619,1.59653,1.50,1.50
2012.10.22 06:41:08.157,1.59617,1.59652,1.73,1.50
2012.10.22 06:41:08.277,1.59614,1.59647,1.50,1.50
2012.10.22 06:41:49.218,1.59617,1.59647,1.50,1.50
2012.10.22 06:42:02.779,1.59615,1.59647,1.50,1.50
2012.10.22 06:42:03.489,1.5961,1.59644,1.50,1.73
2012.10.22 06:42:03.765,1.59607,1.59643,1.50,1.50
2012.10.22 06:42:11.478,1.59606,1.59643,1.50,1.50
2012.10.22 06:42:12.236,1.59602,1.59635,1.50,1.50
2012.10.22 06:42:15.198,1.59601,1.59634,1.50,1.50
2012.10.22 06:42:15.378,1.59594,1.59627,1.50,1.50
2012.10.22 06:42:31.587,1.59596,1.59634,1.50,1.50
2012.10.22 06:42:31.708,1.59604,1.59637,1.50,1.73
2012.10.22 06:42:52.209,1.59606,1.59638,1.50,1.50
2012.10.22 06:42:52.779,1.59606,1.59641,1.50,1.50
2012.10.22 06:42:55.308,1.59605,1.59634,1.50,1.50
2012.10.22 06:42:55.698,1.59605,1.59634,1.50,1.50
2012.10.22 06:42:56.119,1.59603,1.5964,1.73,1.50
2012.10.22 06:42:56.181,1.5961,1.59641,1.73,1.50
2012.10.22 06:42:56.240,1.59603,1.59641,2.48,1.50
2012.10.22 06:42:57.004,1.59601,1.59635,1.50,1.50
2012.10.22 06:43:04.058,1.59609,1.59643,1.50,2.48
2012.10.22 06:43:04.611,1.59609,1.59643,1.50,1.50
2012.10.22 06:43:08.568,1.5961,1.59644,1.50,1.50
2012.10.22 06:43:08.688,1.59617,1.5965,1.50,1.73
2012.10.22 06:43:10.698,1.59616,1.59648,1.50,1.73
2012.10.22 06:43:10.949,1.59617,1.5965,1.50,1.73
2012.10.22 06:43:11.309,1.59607,1.59641,1.73,1.50
2012.10.22 06:43:13.169,1.59616,1.59646,1.50,1.50
2012.10.22 06:43:13.228,1.59616,1.59649,1.50,1.50
2012.10.22 06:43:15.497,1.59613,1.59649,1.50,1.50
2012.10.22 06:43:15.648,1.59605,1.59641,1.50,1.50
2012.10.22 06:43:28.111,1.59607,1.59645,1.50,1.73
2012.10.22 06:43:28.167,1.5961,1.59648,1.50,1.73
2012.10.22 06:43:28.648,1.5961,1.59645,1.50,2.07
2012.10.22 06:43:28.887,1.59601,1.59636,1.50,1.73
2012.10.22 06:43:40.579,1.59603,1.59638,1.50,1.73
2012.10.22 06:43:40.758,1.59609,1.59642,1.50,1.13
2012.10.22 06:43:50.718,1.59607,1.59643,1.50,1.50
2012.10.22 06:43:50.838,1.59603,1.59638,1.50,1.50
2012.10.22 06:43:59.178,1.59607,1.59642,1.50,1.50
2012.10.22 06:43:59.238,1.5961,1.59644,1.50,1.50
2012.10.22 06:43:59.298,1.59605,1.59637,1.50,1.50
2012.10.22 06:44:16.118,1.59603,1.59637,1.50,1.50
2012.10.22 06:44:17.958,1.59605,1.59637,1.50,1.50
2012.10.22 06:44:18.209,1.59606,1.59642,1.50,1.73
2012.10.22 06:44:18.268,1.59609,1.59644,1.50,2.48
2012.10.22 06:44:18.391,1.59609,1.59644,1.50,2.25
2012.10.22 06:44:31.918,1.59603,1.59636,1.50,1.50
2012.10.22 06:44:39.273,1.59597,1.59633,1.50,1.50
2012.10.22 06:44:39.328,1.59597,1.59631,1.50,1.50
2012.10.22 06:44:51.370,1.59598,1.59633,1.50,1.50
2012.10.22 06:44:51.488,1.59602,1.59635,1.50,1.50
2012.10.22 06:44:53.868,1.59597,1.59631,1.50,1.50
2012.10.22 06:45:01.209,1.59598,1.59631,1.73,1.50
2012.10.22 06:45:01.330,1.59604,1.59639,1.50,1.50
2012.10.22 06:45:04.458,1.59609,1.59644,1.50,1.50
2012.10.22 06:45:12.318,1.59606,1.59644,1.73,1.50
2012.10.22 06:45:12.378,1.59603,1.59637,1.73,1.50
2012.10.22 06:45:15.538,1.59606,1.59641,1.73,1.50
2012.10.22 06:45:15.894,1.59611,1.59643,1.50,1.50
2012.10.22 06:45:16.638,1.59609,1.59643,1.50,2.25
2012.10.22 06:45:30.228,1.59605,1.59637,1.50,1.50
2012.10.22 06:45:34.258,1.59607,1.59641,1.50,1.73
2012.10.22 06:45:34.769,1.59608,1.59643,1.50,1.73
2012.10.22 06:45:35.078,1.59608,1.59641,1.50,1.73
2012.10.22 06:45:35.438,1.59608,1.59643,1.50,1.50
2012.10.22 06:45:35.628,1.59611,1.59644,1.50,1.50
2012.10.22 06:45:36.333,1.59616,1.59651,1.50,1.50
2012.10.22 06:45:36.388,1.59617,1.59653,1.50,1.50
2012.10.22 06:45:41.559,1.59619,1.59653,1.50,1.50
2012.10.22 06:45:41.919,1.59626,1.59661,1.50,1.50
2012.10.22 06:45:42.038,1.59621,1.59655,1.50,1.50
2012.10.22 06:45:52.220,1.59618,1.59653,1.50,1.50
2012.10.22 06:45:54.211,1.59621,1.59655,1.50,1.50
2012.10.22 06:45:54.908,1.59618,1.59653,1.50,1.50
2012.10.22 06:45:59.688,1.59617,1.59652,1.50,1.50
2012.10.22 06:45:59.751,1.59616,1.59647,1.50,1.50
2012.10.22 06:46:03.848,1.59614,1.59645,1.50,1.50
2012.10.22 06:46:04.088,1.59608,1.59644,1.50,1.73
2012.10.22 06:46:04.148,1.59606,1.59642,1.50,1.50
2012.10.22 06:46:07.938,1.59608,1.59642,1.50,1.73
2012.10.22 06:46:08.058,1.59618,1.59652,1.50,1.50
2012.10.22 06:46:11.198,1.59616,1.59652,2.25,1.50
2012.10.22 06:46:11.319,1.59616,1.5965,1.50,1.50
2012.10.22 06:46:11.673,1.59611,1.59645,1.73,1.50
2012.10.22 06:46:13.168,1.59611,1.59645,1.73,1.50
2012.10.22 06:46:13.476,1.59621,1.59654,1.50,1.50
2012.10.22 06:46:21.119,1.59626,1.5966,1.50,1.50
2012.10.22 06:46:21.309,1.59626,1.59657,1.50,1.50
2012.10.22 06:46:21.626,1.5962,1.59653,1.73,1.50
2012.10.22 06:46:23.439,1.59618,1.59653,1.73,2.25
2012.10.22 06:46:25.548,1.5962,1.59653,1.50,1.50
2012.10.22 06:46:32.488,1.59626,1.5966,1.50,1.50
2012.10.22 06:46:45.169,1.59626,1.5966,1.50,1.73
2012.10.22 06:46:45.498,1.59634,1.5967,2.10,1.73
2012.10.22 06:46:45.559,1.59637,1.5967,1.50,1.73
2012.10.22 06:46:46.169,1.59637,1.5967,1.50,1.50
2012.10.22 06:46:57.849,1.59637,1.5967,1.50,1.50
2012.10.22 06:46:58.212,1.59636,1.5967,1.73,1.50
2012.10.22 06:46:58.272,1.59636,1.5967,1.50,1.73
2012.10.22 06:46:58.778,1.59636,1.5967,1.50,1.73
2012.10.22 06:47:02.689,1.59628,1.59663,1.50,1.50
2012.10.22 06:47:02.748,1.59627,1.5966,1.50,1.50
2012.10.22 06:47:03.082,1.59628,1.5966,1.50,1.73
2012.10.22 06:47:04.072,1.59627,1.5966,1.50,1.73
2012.10.22 06:47:05.942,1.59628,1.5966,1.50,1.73
2012.10.22 06:47:07.809,1.59627,1.5966,1.50,1.73
2012.10.22 06:47:07.869,1.59626,1.59658,1.50,1.73
2012.10.22 06:47:08.170,1.59618,1.59654,1.50,2.48
2012.10.22 06:47:11.648,1.59618,1.59654,1.50,2.48
2012.10.22 06:47:11.768,1.59618,1.59654,1.50,2.48
2012.10.22 06:47:12.689,1.59618,1.59654,1.50,2.48
2012.10.22 06:47:18.368,1.5962,1.59654,1.50,1.50
2012.10.22 06:47:18.428,1.59629,1.59663,1.50,1.73
2012.10.22 06:47:18.669,1.59629,1.59662,1.50,1.47
2012.10.22 06:47:19.091,1.59629,1.59659,1.50,1.52
2012.10.22 06:47:19.149,1.5962,1.59654,1.50,1.73
2012.10.22 06:47:19.410,1.5962,1.59654,1.50,1.73
2012.10.22 06:47:19.470,1.59626,1.59661,1.50,1.73
2012.10.22 06:47:19.768,1.59635,1.59669,1.50,1.73
2012.10.22 06:47:22.758,1.59626,1.59662,2.25,1.73
2012.10.22 06:47:23.280,1.59626,1.59662,2.25,1.73
2012.10.22 06:47:31.493,1.59621,1.59662,1.50,1.73
2012.10.22 06:47:31.551,1.59619,1.59655,1.50,1.50
2012.10.22 06:47:40.239,1.59621,1.59655,1.50,1.50
2012.10.22 06:47:40.479,1.59627,1.59662,1.50,1.73
2012.10.22 06:47:40.880,1.59629,1.59662,1.50,1.73
2012.10.22 06:47:41.000,1.59629,1.59662,1.50,1.73
2012.10.22 06:47:41.120,1.59627,1.59662,1.50,1.50
2012.10.22 06:47:41.856,1.5962,1.59653,1.65,1.50
2012.10.22 06:47:42.200,1.59627,1.59661,1.50,1.50
2012.10.22 06:47:42.859,1.59625,1.59659,1.50,1.50
2012.10.22 06:47:42.920,1.59615,1.59647,1.73,1.50
2012.10.22 06:47:43.279,1.59621,1.59654,1.50,1.73
2012.10.22 06:47:43.634,1.59613,1.59646,1.50,1.50
2012.10.22 06:47:48.849,1.59612,1.59646,1.73,1.50
2012.10.22 06:47:52.149,1.59613,1.59646,1.50,1.50
2012.10.22 06:47:52.269,1.59621,1.59654,1.50,1.73
2012.10.22 06:47:52.329,1.59621,1.59654,1.50,1.50
2012.10.22 06:47:55.604,1.59619,1.59653,1.50,1.73
2012.10.22 06:48:09.119,1.59617,1.59653,1.50,1.73
2012.10.22 06:48:09.239,1.5961,1.59644,1.50,1.50
2012.10.22 06:48:09.669,1.5961,1.59644,1.50,1.73
2012.10.22 06:48:09.757,1.5961,1.59644,1.50,1.50
2012.10.22 06:48:10.178,1.59609,1.59643,1.50,1.50
2012.10.22 06:48:17.497,1.59609,1.59643,1.50,1.73
2012.10.22 06:48:18.219,1.59609,1.59643,1.50,1.50
2012.10.22 06:48:18.869,1.59609,1.59643,1.50,1.73
2012.10.22 06:48:19.049,1.59609,1.59643,1.50,1.73
2012.10.22 06:48:19.529,1.5961,1.59643,1.35,1.50
2012.10.22 06:48:19.649,1.59609,1.59643,1.50,1.50
2012.10.22 06:48:19.908,1.59609,1.59643,1.65,1.50
2012.10.22 06:48:20.029,1.59609,1.59643,1.50,1.50
2012.10.22 06:48:20.137,1.5961,1.59644,1.50,1.50
2012.10.22 06:48:20.863,1.5961,1.59644,1.73,1.50
2012.10.22 06:48:21.630,1.5961,1.59644,1.50,1.50
2012.10.22 06:48:29.284,1.59612,1.59644,1.73,1.50
2012.10.22 06:48:35.409,1.5962,1.59651,1.50,1.50
2012.10.22 06:48:35.589,1.5962,1.59651,1.50,1.50
2012.10.22 06:48:35.888,1.59628,1.5966,1.50,1.50
2012.10.22 06:48:50.926,1.59627,1.5966,1.50,1.50
2012.10.22 06:48:51.048,1.59627,1.59656,1.50,1.50
2012.10.22 06:48:51.648,1.59618,1.59651,1.50,1.50
2012.10.22 06:48:52.638,1.59617,1.59651,1.50,1.50
2012.10.22 06:49:11.276,1.59616,1.5965,1.50,1.50
2012.10.22 06:49:11.339,1.59616,1.59649,1.50,1.50
2012.10.22 06:49:14.449,1.59617,1.59649,1.50,1.50
2012.10.22 06:49:20.410,1.59616,1.59649,1.50,1.50
2012.10.22 06:49:22.060,1.59617,1.59649,1.50,1.50
2012.10.22 06:49:39.377,1.59625,1.59655,1.50,1.50
2012.10.22 06:49:39.443,1.59625,1.59657,1.50,1.50
2012.10.22 06:49:46.154,1.59625,1.59657,1.50,1.50
2012.10.22 06:49:49.749,1.59631,1.59664,1.50,1.50
2012.10.22 06:49:52.604,1.5963,1.59664,1.50,2.25
2012.10.22 06:49:55.769,1.59631,1.59664,1.50,1.50
2012.10.22 06:49:55.951,1.59637,1.59672,1.50,1.73
2012.10.22 06:49:56.239,1.59639,1.59681,1.50,1.73
2012.10.22 06:49:56.299,1.59647,1.59681,1.50,1.73
2012.10.22 06:49:56.579,1.59647,1.59681,1.50,1.50
2012.10.22 06:49:56.859,1.59639,1.59679,1.50,1.50
2012.10.22 06:49:56.919,1.59639,1.59675,1.50,1.50
2012.10.22 06:49:57.998,1.59642,1.59683,1.50,1.73
2012.10.22 06:49:58.090,1.59645,1.59683,1.50,1.73
2012.10.22 06:50:03.648,1.59642,1.59683,1.50,1.73
2012.10.22 06:50:03.709,1.59641,1.59675,1.50,1.50
2012.10.22 06:50:06.560,1.59641,1.5968,1.50,1.73
2012.10.22 06:50:06.622,1.59645,1.59682,1.50,1.73
2012.10.22 06:50:16.429,1.59645,1.59682,1.50,1.50
2012.10.22 06:50:20.739,1.59638,1.59674,1.50,2.25
2012.10.22 06:50:27.538,1.5964,1.59674,1.50,1.50
2012.10.22 06:50:41.039,1.59643,1.59675,1.50,1.50
2012.10.22 06:50:41.651,1.59643,1.59676,1.50,1.50
2012.10.22 06:50:44.802,1.59636,1.59669,1.50,1.50
2012.10.22 06:50:45.169,1.59636,1.59669,1.50,1.50
2012.10.22 06:50:46.098,1.59636,1.59669,1.50,1.73
2012.10.22 06:50:46.680,1.59635,1.59668,1.50,1.73
2012.10.22 06:50:46.739,1.59636,1.59669,1.50,1.73
2012.10.22 06:50:48.409,1.59636,1.59669,1.50,1.73
2012.10.22 06:50:48.469,1.59637,1.59676,1.50,1.20
2012.10.22 06:50:48.529,1.59641,1.59677,1.50,1.73
2012.10.22 06:50:54.719,1.59641,1.59677,1.50,1.73
2012.10.22 06:50:55.269,1.59641,1.59677,1.50,1.73
2012.10.22 06:51:02.343,1.59641,1.59677,1.73,1.50
2012.10.22 06:51:09.339,1.59642,1.59679,1.73,1.50
2012.10.22 06:51:11.719,1.59642,1.59679,1.50,1.50
2012.10.22 06:51:15.419,1.59646,1.59684,1.50,1.50
2012.10.22 06:51:15.479,1.5965,1.59684,1.50,1.50
2012.10.22 06:51:15.539,1.5965,1.59684,1.50,1.73
2012.10.22 06:51:15.849,1.5965,1.59684,1.50,1.50
2012.10.22 06:51:29.009,1.59657,1.59691,1.50,1.50
2012.10.22 06:51:29.069,1.59651,1.59683,1.50,1.50
2012.10.22 06:51:29.129,1.59653,1.59685,1.50,1.50
2012.10.22 06:51:29.189,1.59657,1.59694,2.25,1.73
2012.10.22 06:51:36.399,1.59657,1.59694,1.50,2.48
2012.10.22 06:51:36.651,1.59657,1.59694,1.50,1.50
2012.10.22 06:51:36.895,1.59656,1.59691,1.50,1.50
2012.10.22 06:51:36.960,1.59652,1.59685,1.50,1.50
2012.10.22 06:51:37.019,1.59656,1.59695,1.50,1.50
2012.10.22 06:51:37.079,1.59659,1.59695,1.50,1.50
2012.10.22 06:51:37.560,1.59668,1.59704,1.50,1.50
2012.10.22 06:51:40.102,1.59666,1.59704,1.50,1.73
2012.10.22 06:51:40.160,1.59664,1.59696,1.50,1.50
2012.10.22 06:51:40.300,1.59662,1.59696,1.50,1.50
2012.10.22 06:51:40.539,1.59656,1.59689,1.50,1.50
2012.10.22 06:51:42.463,1.59656,1.59696,2.25,1.50
2012.10.22 06:51:42.522,1.59662,1.59696,1.50,1.50
2012.10.22 06:51:44.049,1.59656,1.59689,1.50,1.50
2012.10.22 06:51:45.469,1.59656,1.59689,1.50,1.50
2012.10.22 06:51:48.399,1.59662,1.59695,1.50,1.73
2012.10.22 06:51:48.520,1.59663,1.59696,1.50,1.50
2012.10.22 06:51:51.740,1.59667,1.59703,1.50,2.25
2012.10.22 06:51:51.799,1.59669,1.59703,1.50,2.25
2012.10.22 06:51:52.039,1.5967,1.59703,1.50,1.50
2012.10.22 06:52:05.570,1.59677,1.59711,2.25,1.50
2012.10.22 06:52:07.259,1.59677,1.59711,1.50,1.50
2012.10.22 06:52:08.329,1.59677,1.59711,2.25,1.50
2012.10.22 06:52:08.389,1.59678,1.59711,1.73,1.50
2012.10.22 06:52:08.449,1.59685,1.5972,1.50,1.50
2012.10.22 06:52:10.639,1.59685,1.5972,1.50,1.50
2012.10.22 06:52:24.013,1.59693,1.59725,1.73,1.50
2012.10.22 06:52:31.359,1.59693,1.59724,1.50,1.50
2012.10.22 06:52:31.427,1.59691,1.59724,1.65,1.50
2012.10.22 06:52:31.549,1.59686,1.5972,1.50,1.50
2012.10.22 06:52:31.689,1.59686,1.5972,1.73,1.50
2012.10.22 06:52:31.999,1.59686,1.5972,1.73,1.50
2012.10.22 06:52:51.040,1.59692,1.59724,1.50,1.50
2012.10.22 06:52:51.099,1.59692,1.59726,1.50,1.50
2012.10.22 06:53:10.960,1.59694,1.59723,1.35,1.50
2012.10.22 06:53:16.651,1.5969,1.59723,1.35,2.25
2012.10.22 06:53:18.251,1.59694,1.59723,1.35,1.50
2012.10.22 06:53:31.253,1.5969,1.5972,1.50,1.50
2012.10.22 06:53:31.799,1.59685,1.59718,1.50,1.50
2012.10.22 06:53:32.619,1.59694,1.59726,1.50,1.73
2012.10.22 06:53:33.320,1.59692,1.59724,1.50,1.50
2012.10.22 06:53:33.439,1.59692,1.59724,1.50,1.73
2012.10.22 06:53:33.740,1.59692,1.59724,1.50,1.73
2012.10.22 06:53:35.509,1.59692,1.59726,1.50,1.50
2012.10.22 06:53:53.019,1.59689,1.59725,1.73,1.50
2012.10.22 06:53:56.800,1.59692,1.59725,1.73,1.50
2012.10.22 06:53:56.979,1.59697,1.59733,1.50,1.50
2012.10.22 06:53:57.100,1.597,1.59733,1.50,1.50
2012.10.22 06:53:57.589,1.59705,1.59739,1.50,1.50
2012.10.22 06:53:57.770,1.597,1.59732,1.73,1.50
2012.10.22 06:53:58.721,1.59698,1.59732,1.73,1.50
2012.10.22 06:53:59.946,1.597,1.59732,1.50,1.50
2012.10.22 06:54:18.340,1.597,1.59733,1.73,1.50
2012.10.22 06:54:37.049,1.59708,1.59744,1.50,1.50
2012.10.22 06:54:37.439,1.5971,1.59744,1.50,1.50
2012.10.22 06:54:37.739,1.59722,1.59755,1.50,1.73
2012.10.22 06:54:37.979,1.59721,1.59754,1.50,1.50
2012.10.22 06:54:38.667,1.59716,1.59754,1.50,1.73
2012.10.22 06:54:38.733,1.59715,1.59748,1.50,1.50
2012.10.22 06:54:47.269,1.59716,1.59754,1.50,1.50
2012.10.22 06:54:47.399,1.5972,1.59754,1.50,1.50
2012.10.22 06:55:02.100,1.59716,1.59754,1.50,1.73
2012.10.22 06:55:02.160,1.59715,1.59748,1.35,1.50
2012.10.22 06:55:06.370,1.59712,1.59746,1.50,1.50
2012.10.22 06:55:06.801,1.59707,1.59741,1.50,1.50
2012.10.22 06:55:13.770,1.59707,1.59743,2.25,1.73
2012.10.22 06:55:13.830,1.5971,1.59744,1.50,1.73
2012.10.22 06:55:13.890,1.59712,1.59744,1.50,1.73
2012.10.22 06:55:14.189,1.5971,1.59743,1.50,1.50
2012.10.22 06:55:14.489,1.59712,1.59744,1.50,1.50
2012.10.22 06:55:15.959,1.5971,1.59744,1.50,1.50
2012.10.22 06:55:18.301,1.59712,1.59744,1.73,1.50
2012.10.22 06:55:18.363,1.5971,1.59743,1.73,1.50
2012.10.22 06:55:18.689,1.59712,1.59744,1.50,1.50
2012.10.22 06:55:26.110,1.59712,1.59744,1.50,1.50
2012.10.22 06:55:27.801,1.59718,1.59752,1.73,1.50
2012.10.22 06:55:27.979,1.59718,1.59752,1.73,1.50
2012.10.22 06:55:28.040,1.5972,1.59752,1.50,1.50
2012.10.22 06:55:28.099,1.59718,1.59752,1.50,1.50
2012.10.22 06:55:28.290,1.59718,1.59752,1.50,1.73
2012.10.22 06:55:28.649,1.59708,1.59734,1.05,1.50
2012.10.22 06:55:30.406,1.59709,1.59739,1.50,1.50
2012.10.22 06:55:30.469,1.59709,1.59742,1.50,1.50
2012.10.22 06:55:33.959,1.59702,1.59734,1.73,1.50
2012.10.22 06:55:40.729,1.597,1.59734,1.73,1.50
2012.10.22 06:55:40.970,1.59702,1.59734,1.50,1.50
2012.10.22 06:55:44.169,1.597,1.59733,1.50,1.50
2012.10.22 06:55:44.229,1.59697,1.59732,1.50,1.50
2012.10.22 06:55:44.290,1.59693,1.59726,1.50,1.73
2012.10.22 06:55:48.409,1.59699,1.59733,1.50,1.50
2012.10.22 06:55:48.469,1.597,1.59733,1.50,1.50
2012.10.22 06:56:02.390,1.59706,1.59741,1.50,1.73
2012.10.22 06:56:04.190,1.59706,1.59741,1.50,1.50
2012.10.22 06:56:06.339,1.59713,1.59747,1.50,1.50
2012.10.22 06:56:18.339,1.59713,1.59747,1.50,1.50
2012.10.22 06:56:18.800,1.59713,1.59747,1.50,1.50
2012.10.22 06:56:19.697,1.59713,1.59747,1.50,1.50
2012.10.22 06:56:20.020,1.59722,1.59755,1.50,1.50
2012.10.22 06:56:20.260,1.59726,1.59762,2.25,1.73
2012.10.22 06:56:20.556,1.59728,1.59762,1.50,1.73
2012.10.22 06:56:31.230,1.59727,1.59762,1.50,1.50
2012.10.22 06:56:41.480,1.59728,1.59762,1.50,1.50
2012.10.22 06:56:47.669,1.59727,1.59762,1.50,1.50
2012.10.22 06:57:00.236,1.59726,1.59762,2.25,1.50
2012.10.22 06:57:07.554,1.59726,1.5976,1.50,1.50
2012.10.22 06:57:09.203,1.59726,1.5976,1.50,1.50
2012.10.22 06:57:09.262,1.59724,1.5976,1.50,1.50
2012.10.22 06:57:10.795,1.5972,1.59753,1.50,1.50
2012.10.22 06:57:11.033,1.59726,1.5976,1.50,1.73
2012.10.22 06:57:11.679,1.59726,1.5976,1.50,1.50
2012.10.22 06:57:11.889,1.59726,1.5976,1.50,1.50
2012.10.22 06:57:13.752,1.59726,1.5976,1.50,1.50
2012.10.22 06:57:27.195,1.59727,1.5976,1.35,1.50
2012.10.22 06:57:27.313,1.59733,1.59766,1.50,1.50
2012.10.22 06:57:27.373,1.59733,1.59768,1.50,1.50
2012.10.22 06:57:31.388,1.59742,1.59776,1.50,1.50
2012.10.22 06:57:31.873,1.59742,1.59773,1.50,1.50
2012.10.22 06:57:32.468,1.59734,1.59767,2.10,1.50
2012.10.22 06:57:33.505,1.59734,1.59767,1.50,1.50
2012.10.22 06:57:34.403,1.59739,1.59776,1.50,2.11
2012.10.22 06:57:34.535,1.59742,1.59776,1.50,1.73
2012.10.22 06:57:34.932,1.59739,1.59774,1.50,1.50
2012.10.22 06:57:35.052,1.59736,1.59773,1.50,1.50
2012.10.22 06:57:35.112,1.59735,1.59768,1.50,1.50
2012.10.22 06:57:35.233,1.59735,1.59768,1.50,1.50
2012.10.22 06:57:48.402,1.59743,1.59777,1.50,1.73
2012.10.22 06:57:50.983,1.5975,1.59784,1.50,1.50
2012.10.22 06:57:52.764,1.59751,1.59784,1.50,1.50
2012.10.22 06:58:01.112,1.5975,1.59784,1.50,2.25
2012.10.22 06:58:01.242,1.59746,1.59784,1.50,2.25
2012.10.22 06:58:01.362,1.59743,1.59777,1.50,1.50
2012.10.22 06:58:01.664,1.59746,1.59777,1.35,1.50
2012.10.22 06:58:01.843,1.5975,1.59784,1.50,1.73
2012.10.22 06:58:01.963,1.59752,1.59785,1.50,1.50
2012.10.22 06:58:02.502,1.59757,1.59791,2.25,1.50
2012.10.22 06:58:04.938,1.59759,1.59798,1.50,1.73
2012.10.22 06:58:05.002,1.59763,1.59798,1.50,1.73
2012.10.22 06:58:05.882,1.59765,1.59798,1.50,1.50
2012.10.22 06:58:06.483,1.59763,1.59796,1.50,1.50
2012.10.22 06:58:06.543,1.59754,1.59788,1.50,1.73
2012.10.22 06:58:06.711,1.59756,1.5979,1.50,1.73
2012.10.22 06:58:06.924,1.59757,1.59793,1.50,1.73
2012.10.22 06:58:07.345,1.5976,1.59794,1.50,1.73
2012.10.22 06:58:07.953,1.59756,1.5979,1.50,1.50
2012.10.22 06:58:09.403,1.59756,1.5979,1.50,1.73
2012.10.22 06:58:14.023,1.59756,1.5979,1.50,1.50
2012.10.22 06:58:15.106,1.59756,1.5979,1.50,1.50
2012.10.22 06:58:17.082,1.59761,1.59798,1.50,1.73
2012.10.22 06:58:17.143,1.59761,1.59798,1.50,1.73
2012.10.22 06:58:17.974,1.59751,1.59794,1.50,1.73
2012.10.22 06:58:18.032,1.59751,1.59787,1.50,1.73
2012.10.22 06:58:19.923,1.59746,1.59784,1.50,1.73
2012.10.22 06:58:19.982,1.59746,1.59781,1.50,1.50
2012.10.22 06:58:21.153,1.59744,1.59781,1.50,1.73
2012.10.22 06:58:23.237,1.59744,1.59781,1.50,1.73
2012.10.22 06:58:23.306,1.59737,1.59773,1.50,1.73
2012.10.22 06:58:29.243,1.59737,1.59773,1.50,1.73
2012.10.22 06:58:30.213,1.59736,1.59771,1.50,1.73
2012.10.22 06:58:30.272,1.59732,1.59765,1.50,1.50
2012.10.22 06:58:37.943,1.59731,1.59764,1.50,1.73
2012.10.22 06:58:39.962,1.59731,1.59764,1.50,1.73
2012.10.22 06:58:44.214,1.5972,1.59757,1.50,2.19
2012.10.22 06:58:44.273,1.5972,1.59755,1.50,1.73
2012.10.22 06:58:45.223,1.59722,1.59757,1.50,2.19
2012.10.22 06:58:45.342,1.59729,1.59763,1.50,1.73
2012.10.22 06:58:51.213,1.59729,1.59762,1.50,1.73
2012.10.22 06:58:51.333,1.5972,1.59754,1.50,1.73
2012.10.22 06:58:51.652,1.5972,1.59754,1.50,1.73
2012.10.22 06:58:53.482,1.5972,1.59754,1.50,1.73
2012.10.22 06:58:53.829,1.59721,1.59755,1.50,1.50
2012.10.22 06:58:55.292,1.59726,1.59761,1.50,1.50
2012.10.22 06:58:55.352,1.59727,1.59761,1.50,1.50
2012.10.22 06:59:10.222,1.59728,1.59761,1.50,1.50
2012.10.22 06:59:10.342,1.59736,1.59769,1.50,1.50
2012.10.22 06:59:11.432,1.59736,1.59769,1.50,1.50
2012.10.22 06:59:16.272,1.59737,1.5978,1.73,1.50
2012.10.22 06:59:16.332,1.59743,1.5978,1.50,1.50
2012.10.22 06:59:22.462,1.59743,1.59777,1.50,1.50
2012.10.22 06:59:22.643,1.59737,1.59771,1.50,1.73
2012.10.22 06:59:24.603,1.59742,1.59775,1.50,1.73
2012.10.22 06:59:24.663,1.59742,1.59775,1.50,1.73
2012.10.22 06:59:25.602,1.59742,1.59775,1.50,1.73
2012.10.22 06:59:26.069,1.59742,1.59775,1.50,1.73
2012.10.22 06:59:27.282,1.59742,1.59775,1.50,1.73
2012.10.22 06:59:27.342,1.59737,1.59773,2.25,1.73
2012.10.22 06:59:27.463,1.59737,1.59769,1.50,1.73
2012.10.22 06:59:27.893,1.59736,1.59769,1.50,1.73
2012.10.22 06:59:29.827,1.59731,1.59763,1.50,1.50
2012.10.22 06:59:29.882,1.59729,1.59763,1.50,1.73
2012.10.22 06:59:32.823,1.59729,1.59763,1.50,1.73
2012.10.22 06:59:32.942,1.59721,1.59754,1.65,1.73
2012.10.22 06:59:34.523,1.59716,1.59754,1.50,2.48
2012.10.22 06:59:34.583,1.59716,1.5975,1.50,1.50
2012.10.22 06:59:34.843,1.59717,1.5975,1.50,1.50
2012.10.22 06:59:55.282,1.5972,1.59752,1.50,1.50
2012.10.22 06:59:58.484,1.59718,1.59752,1.73,1.50
2012.10.22 06:59:58.684,1.5972,1.59752,1.50,1.50
2012.10.22 06:59:59.072,1.59709,1.59743,1.73,1.50
2012.10.22 06:59:59.164,1.59718,1.59751,1.73,1.50
