2013.12.06 11:00:00.244,1.66697,1.66748,1.15,1.00
2013.12.06 11:00:00.547,1.66697,1.66748,1.58,1.00
2013.12.06 11:00:00.597,1.66697,1.66748,1.15,1.00
2013.12.06 11:00:00.764,1.66691,1.66739,1.50,1.00
2013.12.06 11:00:00.866,1.66697,1.66743,1.15,1.00
2013.12.06 11:00:00.917,1.66697,1.66743,1.15,1.00
2013.12.06 11:00:01.018,1.66697,1.66743,1.08,1.10
2013.12.06 11:00:01.386,1.66686,1.66729,1.18,1.00
2013.12.06 11:00:01.487,1.66679,1.66729,1.18,1.00
2013.12.06 11:00:01.638,1.66668,1.66718,1.15,1.00
2013.12.06 11:00:01.740,1.66687,1.66733,1.00,1.08
2013.12.06 11:00:02.194,1.66676,1.66729,1.00,1.00
2013.12.06 11:00:02.295,1.66665,1.66728,1.50,1.00
2013.12.06 11:00:02.396,1.66659,1.66718,1.50,1.00
2013.12.06 11:00:02.698,1.66664,1.66718,1.50,1.00
2013.12.06 11:00:03.000,1.6668,1.66718,1.00,1.00
2013.12.06 11:00:03.302,1.66673,1.66718,1.00,1.00
2013.12.06 11:00:03.353,1.66673,1.66726,1.00,1.00
2013.12.06 11:00:03.579,1.66677,1.66726,2.25,1.00
2013.12.06 11:00:03.632,1.66684,1.66732,1.50,1.00
2013.12.06 11:00:03.734,1.66675,1.66716,1.10,1.00
2013.12.06 11:00:04.037,1.66666,1.66697,1.00,4.50
2013.12.06 11:00:04.139,1.66669,1.66693,1.08,2.18
2013.12.06 11:00:04.240,1.66677,1.66735,1.00,1.15
2013.12.06 11:00:04.341,1.66676,1.66729,1.00,1.00
2013.12.06 11:00:04.517,1.6668,1.66734,1.00,1.08
2013.12.06 11:00:04.668,1.66687,1.66734,1.00,1.08
2013.12.06 11:00:04.776,1.66687,1.66734,1.00,1.10
2013.12.06 11:00:05.030,1.66689,1.66735,1.00,1.00
2013.12.06 11:00:05.132,1.66687,1.66741,1.58,1.00
2013.12.06 11:00:05.233,1.66696,1.66741,1.00,1.00
2013.12.06 11:00:05.540,1.66707,1.66742,1.00,1.00
2013.12.06 11:00:05.843,1.66716,1.66748,1.00,1.00
2013.12.06 11:00:06.120,1.66716,1.66754,1.00,1.15
2013.12.06 11:00:06.463,1.66722,1.66754,1.00,1.08
2013.12.06 11:00:06.615,1.66717,1.66757,1.00,1.45
2013.12.06 11:00:06.767,1.66717,1.66757,1.00,1.00
2013.12.06 11:00:07.019,1.66717,1.66763,1.00,1.13
2013.12.06 11:00:07.070,1.66727,1.66773,1.00,1.48
2013.12.06 11:00:07.524,1.66717,1.66768,1.08,1.13
2013.12.06 11:00:07.629,1.66723,1.66768,1.00,1.13
2013.12.06 11:00:07.947,1.66724,1.66768,1.08,1.38
2013.12.06 11:00:07.997,1.66723,1.66768,1.00,1.00
2013.12.06 11:00:08.098,1.66723,1.66768,1.18,1.00
2013.12.06 11:00:08.250,1.66729,1.66773,1.00,1.38
2013.12.06 11:00:08.675,1.66727,1.66773,1.00,1.38
2013.12.06 11:00:08.827,1.66728,1.66773,1.08,1.38
2013.12.06 11:00:09.384,1.66727,1.66773,1.15,1.38
2013.12.06 11:00:09.533,1.66727,1.66773,1.00,1.38
2013.12.06 11:00:09.735,1.66729,1.66773,1.00,1.00
2013.12.06 11:00:09.836,1.66727,1.66773,1.00,1.00
2013.12.06 11:00:10.340,1.66727,1.66773,1.08,1.10
2013.12.06 11:00:10.642,1.66727,1.66773,1.18,1.15
2013.12.06 11:00:10.946,1.66713,1.66758,1.83,1.00
2013.12.06 11:00:11.111,1.66709,1.66749,1.83,1.00
2013.12.06 11:00:11.263,1.66713,1.66749,1.10,1.00
2013.12.06 11:00:11.364,1.66713,1.66749,1.15,1.00
2013.12.06 11:00:11.581,1.66718,1.66753,1.15,1.00
2013.12.06 11:00:13.054,1.66717,1.66753,1.20,1.00
2013.12.06 11:00:13.991,1.66709,1.66753,1.15,1.15
2013.12.06 11:00:14.321,1.66714,1.66753,1.08,1.08
2013.12.06 11:00:14.473,1.6671,1.66753,2.25,1.10
2013.12.06 11:00:14.624,1.66717,1.66763,1.18,1.15
2013.12.06 11:00:14.675,1.66722,1.66763,1.08,1.15
2013.12.06 11:00:14.978,1.66726,1.66769,1.15,1.15
2013.12.06 11:00:15.280,1.66736,1.66772,1.08,1.00
2013.12.06 11:00:15.583,1.66736,1.66772,1.08,2.51
2013.12.06 11:00:15.986,1.66721,1.66768,1.58,3.43
2013.12.06 11:00:16.538,1.66721,1.66768,1.58,3.40
2013.12.06 11:00:17.089,1.66718,1.66764,2.25,2.50
2013.12.06 11:00:17.292,1.66719,1.66762,1.83,1.00
2013.12.06 11:00:17.609,1.66717,1.66759,1.20,1.00
2013.12.06 11:00:17.660,1.66717,1.66759,1.20,1.00
2013.12.06 11:00:17.791,1.66714,1.66759,1.95,1.00
2013.12.06 11:00:18.227,1.66711,1.66759,1.53,2.66
2013.12.06 11:00:19.094,1.66707,1.66757,1.53,3.08
2013.12.06 11:00:19.400,1.66716,1.66757,1.38,1.20
2013.12.06 11:00:19.602,1.66718,1.6676,1.45,1.18
2013.12.06 11:00:19.653,1.66727,1.6676,1.38,1.18
2013.12.06 11:00:19.704,1.66727,1.6676,1.38,1.18
2013.12.06 11:00:19.755,1.66727,1.66768,1.38,1.65
2013.12.06 11:00:20.092,1.66727,1.66768,1.53,1.28
2013.12.06 11:00:20.143,1.66727,1.66768,1.28,1.28
2013.12.06 11:00:20.294,1.66727,1.66768,1.13,1.95
2013.12.06 11:00:20.395,1.66727,1.66768,1.28,1.28
2013.12.06 11:00:20.497,1.66727,1.6677,1.45,1.95
2013.12.06 11:00:20.749,1.66727,1.6677,1.58,1.53
2013.12.06 11:00:20.850,1.66727,1.6677,1.38,1.88
2013.12.06 11:00:22.518,1.66727,1.6677,1.58,1.28
2013.12.06 11:00:25.430,1.66727,1.66772,1.58,2.63
2013.12.06 11:00:26.110,1.66736,1.66772,1.38,1.65
2013.12.06 11:00:26.211,1.66736,1.66772,1.38,1.65
2013.12.06 11:00:26.540,1.66736,1.66775,1.38,1.20
2013.12.06 11:00:26.939,1.66728,1.66775,1.53,2.20
2013.12.06 11:00:28.710,1.66728,1.66775,1.53,2.20
2013.12.06 11:00:29.145,1.66728,1.66775,1.53,2.20
2013.12.06 11:00:29.567,1.6673,1.66775,1.45,1.15
2013.12.06 11:00:29.668,1.66736,1.6678,1.45,1.58
2013.12.06 11:00:29.719,1.66736,1.6678,1.45,1.58
2013.12.06 11:00:30.380,1.66731,1.66779,1.53,1.08
2013.12.06 11:00:30.480,1.66728,1.66775,1.20,2.28
2013.12.06 11:00:30.582,1.66726,1.66775,1.53,2.71
2013.12.06 11:00:30.908,1.66726,1.66771,1.55,2.58
2013.12.06 11:00:31.244,1.66728,1.66771,1.48,2.58
2013.12.06 11:00:31.345,1.66728,1.66771,1.45,1.08
2013.12.06 11:00:31.395,1.66728,1.66771,1.45,1.08
2013.12.06 11:00:31.446,1.66728,1.66771,1.53,1.00
2013.12.06 11:00:31.696,1.66727,1.66774,1.53,1.15
2013.12.06 11:00:31.797,1.66727,1.66774,1.53,1.15
2013.12.06 11:00:36.988,1.66726,1.66774,1.53,1.10
2013.12.06 11:00:37.194,1.66726,1.66774,1.53,2.61
2013.12.06 11:00:39.054,1.66726,1.66774,1.53,3.25
2013.12.06 11:00:39.206,1.66726,1.66774,1.53,3.25
2013.12.06 11:00:39.912,1.66726,1.66774,1.53,3.25
2013.12.06 11:00:41.032,1.66726,1.66774,1.53,3.63
2013.12.06 11:00:43.014,1.66726,1.66773,1.53,2.20
2013.12.06 11:00:43.389,1.66726,1.66773,1.53,2.20
2013.12.06 11:00:43.542,1.66726,1.66773,1.53,1.20
2013.12.06 11:00:43.778,1.66728,1.66774,1.53,1.53
2013.12.06 11:00:44.104,1.66726,1.66773,1.53,2.21
2013.12.06 11:00:44.406,1.66717,1.66766,1.53,3.25
2013.12.06 11:00:44.945,1.66717,1.66765,1.53,2.28
2013.12.06 11:00:46.980,1.66726,1.66765,1.00,1.15
2013.12.06 11:00:47.131,1.66726,1.66763,1.00,2.95
2013.12.06 11:00:47.509,1.66726,1.66755,1.00,1.00
2013.12.06 11:00:47.610,1.66726,1.66755,1.00,1.20
2013.12.06 11:00:47.661,1.66726,1.66755,1.00,1.18
2013.12.06 11:00:47.912,1.66716,1.66755,1.13,2.88
2013.12.06 11:00:49.747,1.66716,1.66755,1.13,1.28
2013.12.06 11:00:49.999,1.66716,1.66755,1.38,1.15
2013.12.06 11:00:50.437,1.66716,1.66754,1.38,2.20
2013.12.06 11:00:50.898,1.66716,1.66754,1.38,1.15
2013.12.06 11:00:51.160,1.66716,1.66754,1.38,2.20
2013.12.06 11:00:51.526,1.66716,1.66754,1.38,1.20
2013.12.06 11:00:52.510,1.66716,1.66754,1.38,1.15
2013.12.06 11:00:54.698,1.66716,1.66754,1.00,1.28
2013.12.06 11:00:54.850,1.66706,1.66748,1.53,2.20
2013.12.06 11:00:54.901,1.66706,1.66748,1.45,2.21
2013.12.06 11:00:55.230,1.66716,1.66752,1.00,1.28
2013.12.06 11:00:55.533,1.66716,1.66752,1.38,1.18
2013.12.06 11:00:55.855,1.66726,1.66752,1.00,1.00
2013.12.06 11:00:56.171,1.66726,1.66758,1.00,2.03
2013.12.06 11:00:56.992,1.66716,1.66758,1.55,2.03
2013.12.06 11:00:57.043,1.66716,1.66758,1.55,2.03
2013.12.06 11:00:57.164,1.66716,1.66758,1.38,3.08
2013.12.06 11:01:02.169,1.66707,1.66756,1.53,2.28
2013.12.06 11:01:05.460,1.66716,1.6676,1.53,1.53
2013.12.06 11:01:05.511,1.66716,1.6676,1.53,1.28
2013.12.06 11:01:05.713,1.66717,1.6676,1.13,2.88
2013.12.06 11:01:05.764,1.66721,1.6676,1.00,1.88
2013.12.06 11:01:05.966,1.66736,1.66773,1.00,1.13
2013.12.06 11:01:06.017,1.66746,1.66773,1.00,1.30
2013.12.06 11:01:06.304,1.6676,1.66794,1.15,1.13
2013.12.06 11:01:06.456,1.66765,1.66794,1.15,1.13
2013.12.06 11:01:06.557,1.66767,1.66803,1.15,1.73
2013.12.06 11:01:06.961,1.66767,1.66803,1.15,2.10
2013.12.06 11:01:07.671,1.66768,1.66798,1.15,1.00
2013.12.06 11:01:07.973,1.66761,1.66798,1.15,1.00
2013.12.06 11:01:08.542,1.66765,1.66798,1.15,1.00
2013.12.06 11:01:09.415,1.66769,1.66803,1.18,1.00
2013.12.06 11:01:09.517,1.66772,1.66803,1.95,1.00
2013.12.06 11:01:10.969,1.66773,1.66803,1.15,1.13
2013.12.06 11:01:14.731,1.66773,1.66803,1.58,1.00
2013.12.06 11:01:19.089,1.66771,1.66803,1.65,1.00
2013.12.06 11:01:19.191,1.66769,1.668,1.83,1.00
2013.12.06 11:01:19.343,1.66769,1.66799,1.20,1.13
2013.12.06 11:01:19.460,1.66767,1.66803,1.00,1.88
2013.12.06 11:01:19.561,1.66767,1.66803,1.15,1.38
2013.12.06 11:01:20.086,1.66767,1.6681,1.28,1.90
2013.12.06 11:01:24.298,1.66767,1.66813,1.53,2.40
2013.12.06 11:01:24.400,1.66767,1.66813,1.15,1.58
2013.12.06 11:01:24.501,1.66769,1.66813,1.08,3.08
2013.12.06 11:01:24.551,1.66767,1.66808,1.00,4.13
2013.12.06 11:01:24.653,1.66758,1.66806,2.03,3.53
2013.12.06 11:01:24.754,1.66761,1.66806,1.65,1.53
2013.12.06 11:01:25.070,1.66762,1.66804,1.00,2.96
2013.12.06 11:01:25.172,1.6676,1.66804,1.00,2.96
2013.12.06 11:01:25.823,1.6676,1.66804,1.00,2.96
2013.12.06 11:01:26.438,1.66756,1.66804,1.15,2.96
2013.12.06 11:01:26.634,1.66756,1.66804,1.65,1.53
2013.12.06 11:01:27.384,1.66757,1.66803,1.18,2.96
2013.12.06 11:01:27.485,1.66757,1.66801,1.00,2.88
2013.12.06 11:01:27.535,1.66758,1.66801,1.08,1.13
2013.12.06 11:01:28.059,1.66753,1.66799,1.83,1.00
2013.12.06 11:01:28.414,1.66753,1.66799,1.15,1.00
2013.12.06 11:01:29.277,1.66759,1.66799,1.00,1.00
2013.12.06 11:01:29.328,1.66759,1.66799,1.15,1.00
2013.12.06 11:01:30.248,1.66755,1.66799,1.15,1.00
2013.12.06 11:01:31.557,1.66767,1.66801,1.00,1.53
2013.12.06 11:01:35.676,1.66756,1.66801,1.15,1.53
2013.12.06 11:01:35.880,1.66758,1.66804,1.15,2.03
2013.12.06 11:01:36.027,1.66758,1.66804,1.15,2.03
2013.12.06 11:01:39.989,1.66758,1.66804,1.15,1.65
2013.12.06 11:01:41.666,1.66758,1.66804,1.15,1.65
2013.12.06 11:01:41.997,1.66768,1.66804,1.15,1.38
2013.12.06 11:01:42.639,1.6677,1.66809,1.15,1.38
2013.12.06 11:01:43.426,1.66766,1.66809,1.83,1.38
2013.12.06 11:01:43.476,1.66766,1.66809,1.15,1.38
2013.12.06 11:01:43.628,1.66766,1.66808,1.00,3.38
2013.12.06 11:01:43.779,1.66766,1.66808,1.15,1.45
2013.12.06 11:01:44.304,1.66766,1.66808,1.15,1.48
2013.12.06 11:01:48.018,1.66766,1.66808,1.15,1.48
2013.12.06 11:01:48.272,1.66766,1.66808,1.08,1.90
2013.12.06 11:01:48.884,1.66766,1.66808,1.08,1.90
2013.12.06 11:01:49.648,1.66766,1.66808,1.08,1.90
2013.12.06 11:01:50.968,1.66766,1.66808,1.08,1.90
2013.12.06 11:01:51.176,1.66766,1.66808,1.65,1.48
2013.12.06 11:01:51.277,1.66766,1.66808,1.18,1.48
2013.12.06 11:01:51.328,1.66766,1.66808,1.18,1.48
2013.12.06 11:01:52.099,1.66766,1.66808,1.18,1.48
2013.12.06 11:01:53.715,1.66766,1.66808,1.18,1.48
2013.12.06 11:01:54.941,1.66766,1.66808,1.18,1.48
2013.12.06 11:01:56.695,1.66766,1.66808,1.18,1.48
2013.12.06 11:01:58.447,1.66766,1.66808,1.18,1.48
2013.12.06 11:01:59.437,1.66766,1.66808,1.18,1.48
2013.12.06 11:01:59.909,1.66766,1.66808,1.18,1.48
2013.12.06 11:02:00.658,1.66766,1.66808,1.18,1.48
2013.12.06 11:02:01.639,1.66766,1.66808,1.18,1.48
2013.12.06 11:02:01.841,1.66757,1.66802,1.65,1.38
2013.12.06 11:02:02.550,1.66757,1.66802,1.65,1.38
2013.12.06 11:02:03.031,1.66757,1.66798,1.15,1.38
2013.12.06 11:02:03.082,1.66757,1.66798,1.15,1.38
2013.12.06 11:02:03.132,1.66757,1.66795,1.00,1.38
2013.12.06 11:02:03.183,1.66757,1.66795,1.00,1.38
2013.12.06 11:02:03.698,1.66757,1.66791,1.00,1.38
2013.12.06 11:02:03.749,1.66746,1.66791,1.15,1.38
2013.12.06 11:02:04.419,1.66746,1.66791,1.15,1.38
2013.12.06 11:02:05.187,1.66746,1.66791,1.15,1.38
2013.12.06 11:02:05.889,1.66746,1.66791,1.15,1.38
2013.12.06 11:02:06.397,1.66746,1.66791,1.15,1.38
2013.12.06 11:02:07.606,1.66746,1.66791,1.15,1.38
2013.12.06 11:02:08.156,1.66746,1.66791,1.15,1.38
2013.12.06 11:02:08.823,1.66746,1.66791,1.15,1.38
2013.12.06 11:02:09.657,1.66746,1.66791,1.18,1.55
2013.12.06 11:02:11.126,1.66746,1.66791,1.18,1.55
2013.12.06 11:02:12.365,1.66746,1.66786,1.00,1.38
2013.12.06 11:02:12.468,1.66746,1.66786,1.00,1.38
2013.12.06 11:02:12.625,1.66736,1.66786,1.95,3.03
2013.12.06 11:02:12.676,1.66736,1.66786,1.95,3.03
2013.12.06 11:02:13.327,1.66736,1.66786,1.95,3.03
2013.12.06 11:02:13.657,1.66747,1.66786,1.00,1.53
2013.12.06 11:02:16.186,1.66747,1.66786,1.00,1.53
2013.12.06 11:02:16.744,1.66747,1.66786,1.00,1.53
2013.12.06 11:02:18.758,1.66747,1.66786,1.00,1.53
2013.12.06 11:02:19.384,1.66747,1.66786,1.00,1.53
2013.12.06 11:02:20.044,1.66747,1.66786,1.00,1.53
2013.12.06 11:02:20.457,1.66747,1.66786,1.20,1.38
2013.12.06 11:02:21.035,1.66747,1.66786,1.20,1.38
2013.12.06 11:02:21.415,1.66747,1.66786,1.20,1.38
2013.12.06 11:02:22.406,1.66747,1.66786,1.20,1.58
2013.12.06 11:02:22.882,1.66747,1.66786,1.20,1.53
2013.12.06 11:02:23.448,1.66747,1.66786,1.20,1.53
2013.12.06 11:02:23.676,1.66747,1.66786,1.20,1.53
2013.12.06 11:02:24.303,1.66747,1.66786,1.20,1.53
2013.12.06 11:02:29.726,1.66742,1.66786,1.15,1.38
2013.12.06 11:02:34.587,1.66742,1.66786,2.25,1.38
2013.12.06 11:02:35.129,1.66746,1.66786,1.15,1.38
2013.12.06 11:02:36.010,1.66746,1.66786,1.15,1.38
2013.12.06 11:02:37.158,1.66743,1.66786,1.15,1.38
2013.12.06 11:02:37.514,1.66739,1.66785,1.15,3.03
2013.12.06 11:02:37.615,1.66739,1.66785,1.15,3.03
2013.12.06 11:02:37.930,1.66737,1.66784,1.28,3.71
2013.12.06 11:02:38.406,1.66737,1.66784,2.03,3.71
2013.12.06 11:02:38.919,1.66737,1.66784,2.03,2.96
2013.12.06 11:02:39.449,1.66738,1.66784,1.15,1.53
2013.12.06 11:02:39.600,1.66739,1.66784,1.15,1.28
2013.12.06 11:02:39.701,1.66747,1.66786,1.18,1.20
2013.12.06 11:02:40.015,1.66756,1.66789,1.00,1.15
2013.12.06 11:02:40.354,1.66747,1.66789,1.48,1.53
2013.12.06 11:02:40.404,1.66747,1.66789,1.20,1.08
2013.12.06 11:02:40.455,1.66747,1.66786,1.13,2.20
2013.12.06 11:02:40.767,1.66747,1.66789,1.00,1.53
2013.12.06 11:02:41.332,1.66757,1.66789,1.00,1.53
2013.12.06 11:02:43.169,1.66757,1.66795,1.00,1.53
2013.12.06 11:02:43.797,1.66757,1.66798,1.00,1.53
2013.12.06 11:02:47.783,1.66757,1.66801,1.15,1.28
2013.12.06 11:02:47.834,1.66757,1.66803,1.53,2.40
2013.12.06 11:02:47.986,1.66758,1.66803,1.20,1.90
2013.12.06 11:02:50.157,1.66766,1.66803,1.00,1.53
2013.12.06 11:02:50.309,1.66766,1.66803,1.15,1.38
2013.12.06 11:02:52.791,1.66765,1.66803,1.15,1.38
2013.12.06 11:02:53.026,1.66765,1.66803,1.15,1.00
2013.12.06 11:02:53.655,1.66766,1.66813,1.15,1.53
2013.12.06 11:02:57.726,1.66766,1.66813,1.15,1.53
2013.12.06 11:02:58.197,1.66766,1.66813,1.15,1.53
2013.12.06 11:02:58.857,1.66766,1.66813,1.15,1.53
2013.12.06 11:02:58.908,1.66766,1.66813,1.53,1.53
2013.12.06 11:02:58.959,1.66766,1.66813,1.53,1.53
2013.12.06 11:02:59.713,1.66766,1.66812,1.55,2.88
2013.12.06 11:03:02.666,1.66766,1.66813,1.53,1.53
2013.12.06 11:03:04.351,1.66766,1.66813,1.53,1.53
2013.12.06 11:03:04.655,1.66766,1.66812,1.38,3.38
2013.12.06 11:03:05.008,1.66766,1.66812,1.53,2.03
2013.12.06 11:03:06.667,1.66766,1.66811,1.38,2.88
2013.12.06 11:03:07.308,1.66766,1.66811,1.38,2.88
2013.12.06 11:03:07.945,1.66766,1.66811,1.38,2.88
2013.12.06 11:03:13.209,1.66758,1.66808,1.95,2.95
2013.12.06 11:03:13.311,1.66758,1.66803,1.45,2.70
2013.12.06 11:03:13.362,1.66756,1.66799,1.55,1.48
2013.12.06 11:03:13.514,1.66756,1.66799,2.03,1.38
2013.12.06 11:03:14.107,1.66757,1.66799,1.28,1.38
2013.12.06 11:03:14.960,1.66756,1.66799,1.28,1.38
2013.12.06 11:03:15.011,1.66756,1.66799,1.28,1.38
2013.12.06 11:03:16.560,1.66756,1.66804,2.03,2.70
2013.12.06 11:03:16.762,1.66756,1.66804,2.03,2.03
2013.12.06 11:03:16.863,1.66756,1.66804,1.53,2.03
2013.12.06 11:03:17.121,1.66758,1.66804,1.20,1.53
2013.12.06 11:03:17.676,1.66756,1.66804,1.53,2.63
2013.12.06 11:03:17.777,1.66756,1.66804,1.53,2.63
2013.12.06 11:03:18.108,1.66756,1.66804,1.53,2.63
2013.12.06 11:03:21.284,1.66756,1.66804,1.53,2.63
2013.12.06 11:03:23.824,1.66766,1.66804,1.00,2.63
2013.12.06 11:03:23.926,1.66766,1.66804,1.38,1.95
2013.12.06 11:03:24.028,1.66766,1.66804,1.45,1.88
2013.12.06 11:03:24.332,1.66756,1.66804,1.65,1.95
2013.12.06 11:03:25.464,1.66756,1.66802,1.45,2.88
2013.12.06 11:03:26.480,1.66756,1.66802,1.45,2.88
2013.12.06 11:03:26.804,1.66756,1.66802,1.45,3.63
2013.12.06 11:03:27.011,1.66756,1.66802,1.45,3.63
2013.12.06 11:03:27.615,1.66759,1.66802,1.00,2.63
2013.12.06 11:03:27.817,1.66759,1.66804,1.15,1.95
2013.12.06 11:03:27.918,1.66767,1.66804,1.00,1.58
2013.12.06 11:03:28.458,1.66767,1.6681,1.38,3.00
2013.12.06 11:03:28.915,1.66758,1.66808,1.88,1.58
2013.12.06 11:03:29.220,1.66758,1.66808,2.25,2.71
2013.12.06 11:03:35.963,1.66767,1.66806,1.38,2.88
2013.12.06 11:03:36.380,1.66756,1.66803,1.90,2.88
2013.12.06 11:03:36.733,1.66756,1.66803,1.90,1.53
2013.12.06 11:03:36.784,1.66756,1.66803,1.93,1.53
2013.12.06 11:03:38.014,1.66756,1.66803,1.55,1.53
2013.12.06 11:03:38.447,1.66756,1.66803,1.93,1.53
2013.12.06 11:03:39.664,1.66756,1.66803,1.93,1.53
2013.12.06 11:03:39.715,1.66756,1.66804,2.33,1.53
2013.12.06 11:03:40.295,1.66756,1.66804,2.33,1.53
2013.12.06 11:03:48.765,1.66756,1.66804,2.33,1.53
2013.12.06 11:03:49.900,1.66757,1.66804,1.90,1.53
2013.12.06 11:03:50.587,1.66757,1.66804,1.90,1.53
2013.12.06 11:03:54.374,1.66757,1.66804,1.53,1.53
2013.12.06 11:03:54.626,1.66757,1.66804,1.53,2.95
2013.12.06 11:03:55.210,1.66757,1.66804,1.45,3.63
2013.12.06 11:03:55.921,1.66757,1.66804,1.83,3.63
2013.12.06 11:04:01.416,1.66756,1.66804,1.93,3.63
2013.12.06 11:04:01.964,1.66756,1.668,1.38,2.88
2013.12.06 11:04:02.465,1.66756,1.668,1.38,2.88
2013.12.06 11:04:03.130,1.66756,1.668,1.38,2.88
2013.12.06 11:04:04.915,1.66756,1.66801,1.65,1.53
2013.12.06 11:04:06.344,1.66756,1.66801,1.53,1.53
2013.12.06 11:04:06.732,1.66756,1.66799,1.38,2.88
2013.12.06 11:04:07.379,1.66756,1.66799,1.38,2.88
2013.12.06 11:04:07.905,1.66756,1.66799,1.38,2.88
2013.12.06 11:04:09.474,1.66756,1.66801,1.65,1.53
2013.12.06 11:04:09.795,1.66762,1.66797,1.00,2.96
2013.12.06 11:04:10.099,1.66749,1.66797,1.90,2.96
2013.12.06 11:04:10.250,1.66748,1.66793,1.58,2.88
2013.12.06 11:04:11.054,1.66748,1.66793,1.58,2.88
2013.12.06 11:04:12.195,1.66748,1.66793,2.40,1.53
2013.12.06 11:04:12.246,1.6675,1.66794,1.58,1.45
2013.12.06 11:04:12.936,1.6675,1.66794,1.88,1.38
2013.12.06 11:04:15.190,1.6675,1.66794,1.58,1.45
2013.12.06 11:04:15.241,1.66748,1.66794,2.40,1.53
2013.12.06 11:04:17.705,1.66748,1.66794,1.53,1.55
2013.12.06 11:04:23.200,1.66748,1.66793,1.48,2.88
2013.12.06 11:04:43.538,1.66748,1.66792,1.38,2.88
2013.12.06 11:04:47.424,1.66746,1.66792,1.48,2.88
2013.12.06 11:04:47.741,1.66747,1.66779,1.53,1.38
2013.12.06 11:04:48.225,1.66743,1.66779,1.18,1.38
2013.12.06 11:04:50.135,1.66743,1.66779,2.03,1.38
2013.12.06 11:04:53.872,1.66743,1.66779,1.18,1.38
2013.12.06 11:04:54.018,1.66743,1.66779,1.18,1.38
2013.12.06 11:05:01.471,1.66744,1.66779,1.58,1.38
2013.12.06 11:05:02.461,1.66739,1.66779,1.53,1.38
2013.12.06 11:05:02.562,1.66737,1.66768,1.53,1.38
2013.12.06 11:05:02.663,1.66738,1.66768,1.10,1.38
2013.12.06 11:05:02.814,1.66738,1.66768,1.10,1.38
2013.12.06 11:05:02.992,1.66738,1.66768,1.10,1.38
2013.12.06 11:05:03.486,1.66741,1.66774,1.00,1.48
2013.12.06 11:05:03.537,1.66741,1.66774,1.00,1.48
2013.12.06 11:05:03.689,1.6674,1.66774,1.00,1.48
2013.12.06 11:05:03.790,1.6674,1.66774,1.08,1.38
2013.12.06 11:05:04.173,1.66746,1.66774,1.10,1.38
2013.12.06 11:05:04.518,1.66746,1.66774,1.10,1.38
2013.12.06 11:05:06.196,1.66744,1.66774,1.00,1.38
2013.12.06 11:05:06.907,1.66743,1.66774,1.00,1.38
2013.12.06 11:05:07.312,1.6674,1.66774,1.28,1.38
2013.12.06 11:05:08.154,1.6674,1.66774,1.28,1.38
2013.12.06 11:05:08.757,1.66741,1.66774,1.28,1.38
2013.12.06 11:05:08.945,1.66741,1.66774,1.28,1.38
2013.12.06 11:05:09.052,1.66741,1.66774,1.20,1.38
2013.12.06 11:05:09.702,1.66741,1.66768,1.00,1.38
2013.12.06 11:05:10.031,1.66737,1.66768,1.18,1.38
2013.12.06 11:05:14.582,1.66739,1.66768,1.13,1.38
2013.12.06 11:05:15.099,1.66739,1.66768,1.13,1.38
2013.12.06 11:05:15.415,1.66738,1.66768,1.20,1.38
2013.12.06 11:05:15.566,1.66733,1.66768,1.53,1.38
2013.12.06 11:05:22.807,1.66738,1.66768,1.10,1.38
2013.12.06 11:05:23.204,1.66738,1.66768,1.10,1.38
2013.12.06 11:05:26.681,1.66739,1.66768,1.00,1.38
2013.12.06 11:05:27.207,1.66739,1.66768,1.00,1.13
2013.12.06 11:05:27.710,1.6674,1.66773,1.00,1.38
2013.12.06 11:05:28.264,1.6674,1.66773,1.00,1.38
2013.12.06 11:05:29.030,1.66741,1.66773,1.00,1.38
2013.12.06 11:05:29.564,1.66743,1.66773,1.00,1.38
2013.12.06 11:05:29.615,1.66743,1.66784,1.13,2.70
2013.12.06 11:05:29.666,1.66743,1.66784,1.28,2.03
2013.12.06 11:05:29.969,1.66752,1.66784,1.45,1.38
2013.12.06 11:05:30.288,1.66758,1.66784,1.10,1.38
2013.12.06 11:05:30.625,1.66758,1.66784,1.00,1.38
2013.12.06 11:05:30.934,1.66752,1.66778,1.00,1.38
2013.12.06 11:05:31.321,1.66745,1.66778,1.15,1.38
2013.12.06 11:05:31.372,1.66745,1.66778,1.15,1.38
2013.12.06 11:05:31.423,1.66745,1.66778,1.15,1.38
2013.12.06 11:05:34.002,1.66745,1.66778,1.15,1.38
2013.12.06 11:05:35.022,1.66747,1.66778,1.18,1.38
2013.12.06 11:05:35.534,1.66747,1.66778,1.15,1.38
2013.12.06 11:05:37.081,1.66747,1.66778,1.15,1.00
2013.12.06 11:05:37.993,1.66747,1.66784,1.15,1.38
2013.12.06 11:05:38.424,1.66747,1.66784,1.15,1.38
2013.12.06 11:05:39.101,1.66751,1.66784,1.58,1.38
2013.12.06 11:05:39.973,1.66754,1.66784,1.00,1.38
2013.12.06 11:05:40.584,1.66754,1.66784,1.08,1.38
2013.12.06 11:05:40.962,1.66754,1.66784,1.08,1.38
2013.12.06 11:05:54.611,1.66751,1.66784,1.15,1.38
2013.12.06 11:05:54.712,1.66748,1.66784,2.33,1.38
2013.12.06 11:05:54.864,1.66753,1.66784,1.53,1.13
2013.12.06 11:05:55.016,1.66754,1.66794,1.53,1.38
2013.12.06 11:05:56.802,1.66758,1.66794,1.28,1.38
2013.12.06 11:05:57.105,1.66755,1.66794,1.58,1.38
2013.12.06 11:05:57.639,1.66751,1.66794,1.90,1.45
2013.12.06 11:05:57.954,1.66751,1.66794,1.90,1.53
2013.12.06 11:05:58.004,1.66751,1.66794,1.53,1.53
2013.12.06 11:05:58.105,1.66749,1.66794,2.40,2.03
2013.12.06 11:05:58.207,1.66749,1.66794,1.83,2.70
2013.12.06 11:05:58.308,1.6675,1.66794,1.00,3.38
2013.12.06 11:05:58.853,1.66745,1.66789,1.90,1.38
2013.12.06 11:06:14.596,1.66749,1.66793,1.75,2.63
2013.12.06 11:06:14.793,1.66749,1.66793,1.75,2.63
2013.12.06 11:06:15.694,1.6675,1.66793,1.00,2.88
2013.12.06 11:06:25.162,1.66742,1.66788,1.58,1.38
2013.12.06 11:06:27.895,1.6675,1.66788,1.00,1.38
2013.12.06 11:06:29.251,1.66742,1.66788,1.58,1.38
2013.12.06 11:06:36.552,1.66742,1.66788,1.58,1.38
2013.12.06 11:06:45.583,1.66743,1.66761,1.90,1.00
2013.12.06 11:06:45.684,1.66743,1.66758,1.50,1.00
2013.12.06 11:06:45.937,1.66741,1.66773,1.75,1.38
2013.12.06 11:06:46.139,1.66742,1.66783,1.50,2.03
2013.12.06 11:06:46.391,1.66742,1.66783,2.40,1.38
2013.12.06 11:06:49.465,1.66742,1.66783,1.55,1.53
2013.12.06 11:06:49.656,1.6674,1.66783,1.15,1.53
2013.12.06 11:06:49.863,1.6674,1.66783,1.15,1.53
2013.12.06 11:06:50.902,1.66737,1.66783,1.53,1.53
2013.12.06 11:06:54.104,1.66738,1.66783,2.03,1.53
2013.12.06 11:06:54.155,1.66738,1.66783,2.40,1.53
2013.12.06 11:06:54.484,1.66743,1.66783,1.90,1.38
2013.12.06 11:06:55.251,1.66744,1.66783,1.90,1.38
2013.12.06 11:06:55.933,1.66744,1.66783,1.90,1.38
2013.12.06 11:06:58.662,1.66745,1.66783,1.18,1.38
2013.12.06 11:06:59.144,1.66742,1.66783,1.90,1.38
2013.12.06 11:06:59.933,1.66742,1.66783,1.65,1.38
2013.12.06 11:07:01.194,1.66744,1.66783,1.65,1.38
2013.12.06 11:07:03.905,1.66749,1.66783,1.18,1.38
2013.12.06 11:07:04.208,1.66756,1.66794,1.08,1.55
2013.12.06 11:07:04.510,1.66755,1.66789,1.58,1.38
2013.12.06 11:07:04.952,1.66757,1.66793,1.15,1.38
2013.12.06 11:07:05.064,1.66757,1.66793,1.53,1.38
2013.12.06 11:07:05.115,1.66756,1.66789,1.53,1.00
2013.12.06 11:07:05.316,1.66756,1.66789,1.18,1.00
2013.12.06 11:07:05.702,1.66757,1.66793,1.48,1.85
2013.12.06 11:07:05.853,1.66756,1.66788,2.03,1.00
2013.12.06 11:07:05.954,1.66756,1.66788,1.65,1.13
2013.12.06 11:07:09.914,1.66753,1.66788,1.53,1.00
2013.12.06 11:07:10.436,1.66752,1.66788,1.53,1.00
2013.12.06 11:07:10.796,1.66753,1.66788,1.10,1.38
2013.12.06 11:07:11.242,1.66749,1.66788,2.03,1.38
2013.12.06 11:07:11.444,1.66749,1.66788,2.03,1.00
2013.12.06 11:07:11.706,1.66756,1.66794,1.65,1.55
2013.12.06 11:07:11.757,1.66756,1.66794,1.65,1.55
2013.12.06 11:07:12.198,1.66756,1.66794,1.65,1.55
2013.12.06 11:07:12.299,1.66756,1.66794,1.00,1.53
2013.12.06 11:07:12.551,1.66753,1.66794,1.38,1.53
2013.12.06 11:07:13.198,1.66751,1.66789,1.53,1.00
2013.12.06 11:07:17.332,1.66752,1.66789,1.53,1.00
2013.12.06 11:07:18.655,1.66756,1.66789,1.15,1.13
2013.12.06 11:07:25.943,1.66752,1.66789,1.53,1.13
2013.12.06 11:07:26.275,1.66753,1.66789,1.53,1.13
2013.12.06 11:07:27.382,1.66753,1.66789,1.15,1.38
2013.12.06 11:07:27.433,1.66751,1.66789,1.28,1.38
2013.12.06 11:07:27.697,1.6675,1.66789,1.28,1.38
2013.12.06 11:07:28.012,1.6675,1.66789,1.18,1.38
2013.12.06 11:07:29.049,1.6675,1.66789,1.28,1.38
2013.12.06 11:07:29.160,1.6675,1.66789,1.53,1.38
2013.12.06 11:07:29.414,1.66754,1.66794,1.15,1.38
2013.12.06 11:07:29.465,1.66754,1.66794,1.53,1.38
2013.12.06 11:07:35.193,1.66754,1.66788,1.15,1.38
2013.12.06 11:07:35.344,1.66754,1.66788,1.18,1.38
2013.12.06 11:07:37.371,1.66754,1.66788,1.18,1.38
2013.12.06 11:07:43.237,1.66754,1.66788,1.18,1.38
2013.12.06 11:07:43.338,1.66751,1.66788,1.53,1.38
2013.12.06 11:07:44.571,1.66749,1.66788,1.95,1.38
2013.12.06 11:07:44.672,1.66749,1.66788,1.53,1.38
2013.12.06 11:07:45.283,1.6675,1.66788,1.28,1.38
2013.12.06 11:07:45.722,1.6675,1.66788,1.18,1.38
2013.12.06 11:07:46.257,1.6675,1.66788,1.53,1.38
2013.12.06 11:07:46.836,1.66751,1.66788,1.28,1.38
2013.12.06 11:07:52.761,1.66751,1.66788,1.53,1.38
2013.12.06 11:08:06.414,1.66749,1.66788,1.65,1.38
2013.12.06 11:08:07.633,1.66752,1.66788,1.53,1.38
2013.12.06 11:08:08.153,1.66752,1.66788,1.53,1.38
2013.12.06 11:08:13.628,1.66751,1.66788,1.53,1.38
2013.12.06 11:08:23.080,1.66751,1.66788,1.53,1.00
2013.12.06 11:08:23.952,1.6675,1.66794,1.58,1.48
2013.12.06 11:08:24.003,1.66751,1.66794,1.90,1.48
2013.12.06 11:08:24.104,1.66751,1.66794,1.90,1.20
2013.12.06 11:08:24.510,1.6676,1.66794,1.53,1.00
2013.12.06 11:08:24.561,1.66758,1.66794,1.53,1.38
2013.12.06 11:08:34.097,1.66756,1.66794,1.20,1.38
2013.12.06 11:08:36.826,1.66756,1.66794,1.20,1.38
2013.12.06 11:08:38.241,1.66756,1.66794,1.20,1.38
2013.12.06 11:08:38.773,1.66761,1.66794,1.08,1.38
2013.12.06 11:08:38.824,1.66761,1.66794,1.45,1.38
2013.12.06 11:08:38.976,1.66758,1.66794,1.65,1.13
2013.12.06 11:08:39.128,1.66758,1.66794,1.65,1.38
2013.12.06 11:08:39.382,1.66753,1.66794,3.75,1.13
2013.12.06 11:08:39.483,1.66755,1.66794,1.90,1.13
2013.12.06 11:08:41.553,1.66759,1.66804,1.53,1.53
2013.12.06 11:08:41.918,1.66756,1.66804,1.90,1.53
2013.12.06 11:08:47.967,1.66758,1.66804,1.65,1.53
2013.12.06 11:08:58.919,1.66758,1.66804,2.40,1.53
2013.12.06 11:08:59.250,1.66758,1.66804,2.40,1.53
2013.12.06 11:09:02.251,1.66758,1.66804,1.90,1.58
2013.12.06 11:09:04.588,1.66757,1.66804,1.90,1.53
2013.12.06 11:09:05.070,1.6676,1.66798,1.58,1.00
2013.12.06 11:09:05.390,1.6677,1.66798,1.15,1.00
2013.12.06 11:09:06.943,1.6677,1.66798,1.53,1.00
2013.12.06 11:09:07.380,1.6677,1.66798,1.15,1.00
2013.12.06 11:09:08.043,1.6677,1.66798,1.15,1.00
2013.12.06 11:09:08.551,1.6677,1.66798,1.00,1.00
2013.12.06 11:09:08.602,1.6677,1.66798,1.00,1.38
2013.12.06 11:09:08.773,1.66763,1.66798,1.15,1.38
2013.12.06 11:09:09.352,1.66763,1.66798,1.15,1.38
2013.12.06 11:09:13.287,1.66763,1.66798,1.00,1.38
2013.12.06 11:09:13.338,1.66763,1.66798,1.00,1.38
2013.12.06 11:09:14.003,1.66759,1.66798,2.40,1.38
2013.12.06 11:09:19.579,1.66766,1.66803,1.00,1.53
2013.12.06 11:09:19.731,1.66766,1.66803,1.15,1.38
2013.12.06 11:09:19.955,1.66766,1.66803,1.28,1.38
2013.12.06 11:09:20.900,1.66766,1.66804,1.15,1.38
2013.12.06 11:09:21.121,1.66766,1.66804,1.53,1.38
2013.12.06 11:09:21.461,1.66766,1.66804,1.53,1.38
2013.12.06 11:09:28.849,1.66766,1.66804,1.53,1.38
2013.12.06 11:09:28.900,1.66766,1.66804,1.53,1.38
2013.12.06 11:09:34.089,1.66766,1.66804,2.03,1.38
2013.12.06 11:09:38.493,1.66766,1.66804,2.03,1.38
2013.12.06 11:09:41.459,1.66766,1.66804,1.53,1.38
2013.12.06 11:09:52.497,1.66766,1.66804,1.53,1.38
2013.12.06 11:10:03.017,1.66766,1.66804,2.03,1.38
2013.12.06 11:10:14.681,1.66766,1.66804,1.55,1.38
2013.12.06 11:10:20.428,1.66764,1.66813,2.70,2.25
2013.12.06 11:10:20.731,1.66767,1.66813,2.03,1.50
2013.12.06 11:10:20.882,1.66767,1.66813,2.40,1.13
2013.12.06 11:10:21.185,1.6677,1.66813,1.53,1.35
2013.12.06 11:10:21.700,1.66769,1.66813,1.58,1.43
2013.12.06 11:10:21.751,1.66769,1.66813,1.58,1.43
2013.12.06 11:10:22.128,1.66769,1.66809,1.53,1.00
2013.12.06 11:10:22.179,1.66769,1.66811,1.53,1.50
2013.12.06 11:10:22.302,1.66769,1.66811,1.53,1.50
2013.12.06 11:10:24.419,1.66769,1.66811,1.53,1.50
2013.12.06 11:10:24.520,1.66769,1.66811,1.53,1.50
2013.12.06 11:10:25.029,1.66767,1.66811,1.53,1.50
2013.12.06 11:10:26.688,1.66767,1.66811,1.53,1.50
2013.12.06 11:10:26.839,1.66766,1.66811,1.90,1.13
2013.12.06 11:10:26.941,1.66766,1.66811,1.90,1.13
2013.12.06 11:10:27.251,1.66768,1.66811,1.53,1.50
2013.12.06 11:10:32.070,1.66768,1.66811,1.53,1.50
2013.12.06 11:10:35.151,1.66767,1.66811,1.53,1.50
2013.12.06 11:10:41.137,1.66765,1.66811,1.65,1.50
2013.12.06 11:10:45.247,1.66765,1.66811,2.33,1.50
2013.12.06 11:10:46.047,1.66765,1.66811,1.58,1.13
2013.12.06 11:10:46.199,1.66769,1.66816,1.58,1.28
2013.12.06 11:10:46.351,1.66769,1.66816,1.95,2.03
2013.12.06 11:10:46.603,1.66765,1.66816,1.65,4.35
2013.12.06 11:10:47.226,1.66765,1.66798,1.65,1.00
2013.12.06 11:10:49.679,1.66766,1.66804,1.53,1.38
2013.12.06 11:10:49.780,1.66766,1.66804,1.90,1.00
2013.12.06 11:10:50.021,1.66768,1.66804,1.53,1.13
2013.12.06 11:10:57.229,1.66765,1.66799,1.90,1.00
2013.12.06 11:11:01.320,1.66763,1.66799,2.33,1.00
2013.12.06 11:11:08.575,1.66762,1.66799,1.58,1.38
2013.12.06 11:11:08.912,1.66754,1.66778,1.00,1.00
2013.12.06 11:11:09.417,1.66747,1.66778,1.53,1.00
2013.12.06 11:11:09.519,1.66747,1.66783,2.40,1.00
2013.12.06 11:11:09.778,1.66747,1.66783,2.03,1.00
2013.12.06 11:11:09.962,1.66747,1.66783,1.88,1.53
2013.12.06 11:11:10.231,1.66747,1.66783,2.25,2.03
2013.12.06 11:11:10.533,1.66744,1.66778,1.38,1.10
2013.12.06 11:11:10.740,1.66747,1.66783,1.38,2.03
2013.12.06 11:11:10.975,1.66744,1.66778,1.88,1.00
2013.12.06 11:11:11.076,1.66745,1.66778,1.38,1.38
2013.12.06 11:11:11.177,1.66737,1.66778,1.53,1.38
2013.12.06 11:11:11.431,1.66731,1.66778,1.65,1.58
2013.12.06 11:11:13.152,1.66735,1.66778,1.53,1.58
2013.12.06 11:11:13.370,1.66735,1.66778,1.53,1.58
2013.12.06 11:11:14.909,1.66732,1.66778,1.53,1.28
2013.12.06 11:11:15.363,1.66731,1.66778,3.15,1.28
2013.12.06 11:11:15.926,1.66738,1.66778,1.38,1.00
2013.12.06 11:11:17.821,1.66734,1.66778,1.53,1.48
2013.12.06 11:11:18.024,1.66732,1.66778,1.53,1.48
2013.12.06 11:11:18.332,1.66733,1.66769,1.53,1.00
2013.12.06 11:11:18.779,1.66733,1.66769,1.53,1.00
2013.12.06 11:11:19.070,1.66733,1.66773,1.53,1.38
2013.12.06 11:11:19.708,1.66728,1.66773,2.33,1.45
2013.12.06 11:11:20.279,1.66728,1.66768,1.90,1.00
2013.12.06 11:11:22.448,1.66732,1.66774,1.65,1.48
2013.12.06 11:11:24.182,1.66732,1.66774,1.90,1.10
2013.12.06 11:11:24.283,1.66734,1.66774,2.25,1.00
2013.12.06 11:11:24.808,1.66735,1.66774,1.90,1.00
2013.12.06 11:11:25.213,1.66738,1.66783,1.90,1.53
2013.12.06 11:11:25.560,1.66738,1.66778,1.90,1.00
2013.12.06 11:11:26.169,1.66735,1.66778,1.90,1.00
2013.12.06 11:11:32.960,1.66735,1.66778,1.90,1.00
2013.12.06 11:11:33.062,1.66735,1.66777,1.75,2.50
2013.12.06 11:11:33.162,1.66735,1.66777,1.75,3.63
2013.12.06 11:11:33.374,1.66735,1.66769,1.38,1.00
2013.12.06 11:11:33.425,1.66734,1.66769,1.38,1.00
2013.12.06 11:11:33.599,1.66734,1.66769,1.38,1.00
2013.12.06 11:11:34.699,1.66728,1.66769,1.90,1.00
2013.12.06 11:11:37.481,1.66728,1.66769,1.90,1.00
2013.12.06 11:11:40.839,1.66728,1.66769,1.90,1.00
2013.12.06 11:11:41.388,1.66728,1.66769,1.90,1.00
2013.12.06 11:11:41.725,1.66728,1.66769,1.90,1.00
2013.12.06 11:11:43.149,1.66728,1.66769,1.90,1.00
2013.12.06 11:11:47.487,1.66728,1.66769,1.90,1.00
2013.12.06 11:11:53.619,1.66728,1.66769,1.90,1.00
2013.12.06 11:11:57.128,1.66728,1.66769,1.93,1.00
2013.12.06 11:11:58.448,1.66727,1.66769,3.08,1.18
2013.12.06 11:11:58.910,1.66727,1.66769,2.33,1.18
2013.12.06 11:12:02.079,1.66727,1.66769,3.08,1.18
2013.12.06 11:12:15.537,1.66728,1.66769,1.90,2.13
2013.12.06 11:12:17.195,1.66727,1.66769,1.90,1.00
2013.12.06 11:12:17.609,1.66727,1.66769,1.90,1.00
2013.12.06 11:12:18.091,1.66736,1.66769,1.53,1.00
2013.12.06 11:12:18.354,1.66736,1.66773,1.53,1.00
2013.12.06 11:12:18.405,1.66736,1.66773,1.53,1.00
2013.12.06 11:12:18.708,1.66741,1.66773,1.53,1.00
2013.12.06 11:12:21.129,1.66741,1.66773,1.53,1.00
2013.12.06 11:12:28.718,1.66741,1.66773,1.53,1.00
2013.12.06 11:12:42.434,1.66742,1.66773,1.95,1.00
2013.12.06 11:12:42.586,1.66748,1.66773,1.28,1.00
2013.12.06 11:12:43.330,1.66749,1.66783,1.53,1.13
2013.12.06 11:12:43.380,1.66749,1.66783,1.53,1.00
2013.12.06 11:12:43.731,1.66756,1.66783,1.53,1.00
2013.12.06 11:12:43.882,1.66756,1.66794,1.53,1.38
2013.12.06 11:12:43.933,1.66756,1.66794,1.53,1.38
2013.12.06 11:12:46.867,1.66759,1.66794,1.53,1.38
2013.12.06 11:12:48.748,1.66759,1.66794,1.53,1.38
2013.12.06 11:12:49.101,1.66759,1.66794,1.53,1.38
2013.12.06 11:12:49.203,1.66759,1.66794,1.53,1.38
2013.12.06 11:12:50.957,1.66759,1.66794,1.53,1.00
2013.12.06 11:13:00.101,1.66759,1.66794,1.53,1.38
2013.12.06 11:13:00.498,1.66759,1.66794,1.53,1.38
2013.12.06 11:13:02.258,1.66759,1.66794,1.53,1.38
2013.12.06 11:13:04.348,1.66759,1.66794,1.53,1.00
2013.12.06 11:13:04.953,1.66761,1.66803,1.53,1.85
2013.12.06 11:13:08.332,1.66761,1.66803,1.53,1.85
2013.12.06 11:13:09.650,1.66761,1.66803,1.95,1.75
2013.12.06 11:13:09.999,1.66768,1.66803,1.53,1.00
2013.12.06 11:13:20.865,1.66768,1.66803,1.53,1.00
2013.12.06 11:13:25.388,1.66768,1.66803,1.53,1.00
2013.12.06 11:13:36.950,1.66769,1.66803,1.53,1.00
2013.12.06 11:13:37.261,1.66769,1.66798,1.53,1.00
2013.12.06 11:13:37.620,1.66769,1.66798,1.53,1.00
2013.12.06 11:13:42.786,1.6677,1.66804,1.15,1.38
2013.12.06 11:13:43.038,1.6677,1.66804,1.53,1.00
2013.12.06 11:13:48.723,1.66766,1.66804,1.53,1.13
2013.12.06 11:13:51.377,1.66763,1.66804,2.25,1.13
2013.12.06 11:13:53.017,1.66761,1.66804,1.90,1.20
2013.12.06 11:13:54.041,1.66761,1.66804,1.90,1.20
2013.12.06 11:13:54.267,1.66775,1.66804,1.00,1.00
2013.12.06 11:13:54.996,1.66766,1.66814,2.40,1.53
2013.12.06 11:13:55.453,1.66766,1.66809,1.90,1.00
2013.12.06 11:13:56.666,1.66767,1.66813,1.90,1.53
2013.12.06 11:13:56.899,1.66775,1.66813,1.00,1.53
2013.12.06 11:13:57.242,1.66767,1.66813,1.90,1.53
2013.12.06 11:14:00.268,1.66764,1.66808,1.90,1.38
2013.12.06 11:14:02.688,1.66764,1.66808,1.90,1.38
2013.12.06 11:14:03.428,1.66764,1.66808,1.90,1.38
2013.12.06 11:14:04.336,1.66764,1.66808,1.90,1.38
2013.12.06 11:14:06.975,1.66764,1.66808,1.90,1.00
2013.12.06 11:14:10.409,1.66766,1.66808,2.25,1.38
2013.12.06 11:14:18.281,1.66769,1.66808,1.53,1.38
2013.12.06 11:14:18.332,1.66769,1.66808,1.55,1.38
2013.12.06 11:14:18.686,1.66757,1.66807,3.08,2.95
2013.12.06 11:14:18.857,1.66757,1.66807,2.40,2.96
2013.12.06 11:14:19.516,1.66757,1.66807,2.40,2.96
2013.12.06 11:14:19.738,1.66757,1.66807,2.40,2.96
2013.12.06 11:14:23.750,1.66759,1.66807,1.58,1.38
2013.12.06 11:14:23.851,1.66765,1.66807,1.65,1.38
2013.12.06 11:14:23.952,1.66765,1.66807,2.33,1.38
2013.12.06 11:14:24.465,1.66769,1.66807,1.15,1.38
2013.12.06 11:14:25.776,1.66765,1.66807,1.58,1.38
2013.12.06 11:14:25.935,1.6676,1.66807,2.33,1.38
2013.12.06 11:14:26.036,1.6676,1.66807,1.90,1.55
2013.12.06 11:14:27.447,1.66764,1.66807,1.53,1.38
2013.12.06 11:14:27.907,1.66761,1.66807,1.58,1.38
2013.12.06 11:14:28.008,1.6676,1.66807,1.90,1.55
2013.12.06 11:14:28.656,1.6676,1.66807,1.90,1.55
2013.12.06 11:14:30.949,1.6676,1.66804,1.75,3.63
2013.12.06 11:14:31.201,1.66763,1.66802,1.00,1.55
2013.12.06 11:14:32.396,1.66758,1.668,1.75,2.63
2013.12.06 11:14:32.497,1.6676,1.668,1.75,1.53
2013.12.06 11:14:36.226,1.6676,1.66801,1.83,1.45
2013.12.06 11:14:36.489,1.6676,1.66801,1.75,1.53
2013.12.06 11:14:39.115,1.66763,1.66801,1.00,1.53
2013.12.06 11:14:43.311,1.66756,1.66801,1.88,2.63
2013.12.06 11:14:44.031,1.66756,1.66801,1.95,2.88
2013.12.06 11:14:55.726,1.66754,1.66798,1.90,1.48
2013.12.06 11:15:01.379,1.66754,1.66798,1.90,1.48
2013.12.06 11:15:06.565,1.66754,1.66798,1.93,1.48
2013.12.06 11:15:11.217,1.66757,1.66801,1.83,1.95
2013.12.06 11:15:11.419,1.66757,1.66801,1.90,1.53
2013.12.06 11:15:12.104,1.66757,1.66801,2.40,1.53
2013.12.06 11:15:12.718,1.66757,1.66801,2.33,1.20
2013.12.06 11:15:21.234,1.66757,1.66801,2.25,2.63
2013.12.06 11:15:21.285,1.66757,1.66801,2.33,1.95
2013.12.06 11:15:21.418,1.66757,1.66801,2.40,1.53
2013.12.06 11:15:22.846,1.66757,1.66801,2.40,1.53
2013.12.06 11:15:25.485,1.66757,1.66801,2.40,1.53
2013.12.06 11:15:25.990,1.66761,1.66801,1.38,1.53
2013.12.06 11:15:28.352,1.66761,1.66801,1.38,1.53
2013.12.06 11:15:41.450,1.66766,1.66803,1.10,1.53
2013.12.06 11:15:41.603,1.66763,1.66803,1.00,2.03
2013.12.06 11:15:42.054,1.66761,1.66803,1.95,2.03
2013.12.06 11:15:42.125,1.66761,1.66803,1.95,2.03
2013.12.06 11:15:43.993,1.66761,1.66803,1.95,2.03
2013.12.06 11:15:48.424,1.66761,1.66788,1.65,1.00
2013.12.06 11:15:50.520,1.66756,1.66794,1.93,1.38
2013.12.06 11:15:50.621,1.66756,1.66794,2.33,1.38
2013.12.06 11:15:50.722,1.66762,1.66794,1.50,1.13
2013.12.06 11:15:51.176,1.66756,1.66794,2.25,1.38
2013.12.06 11:15:51.328,1.66756,1.66794,1.90,1.38
2013.12.06 11:15:51.378,1.66756,1.66794,1.90,1.38
2013.12.06 11:15:51.530,1.66759,1.66794,1.38,1.38
2013.12.06 11:15:52.068,1.66759,1.66794,1.38,1.38
2013.12.06 11:15:57.194,1.66759,1.66794,1.38,1.38
2013.12.06 11:16:01.415,1.66759,1.66794,1.38,1.38
2013.12.06 11:16:01.969,1.66763,1.66794,1.38,1.38
2013.12.06 11:16:04.320,1.66761,1.66794,1.38,1.53
2013.12.06 11:16:04.623,1.66752,1.66794,1.75,3.63
2013.12.06 11:16:04.724,1.66749,1.66794,1.85,3.63
2013.12.06 11:16:07.074,1.66747,1.66792,1.83,2.88
2013.12.06 11:16:07.175,1.66747,1.66791,1.75,2.88
2013.12.06 11:16:07.376,1.66747,1.66791,1.83,1.95
2013.12.06 11:16:07.912,1.66747,1.66791,1.93,1.53
2013.12.06 11:16:08.074,1.66752,1.66791,1.75,2.03
2013.12.06 11:16:08.279,1.66757,1.66794,1.38,1.28
2013.12.06 11:16:08.329,1.66757,1.66794,1.38,1.15
2013.12.06 11:16:08.431,1.66751,1.66794,1.55,1.65
2013.12.06 11:16:08.532,1.6675,1.66794,1.88,1.50
2013.12.06 11:16:08.582,1.66751,1.66794,1.53,1.08
2013.12.06 11:16:09.335,1.66749,1.66794,1.53,1.15
2013.12.06 11:16:09.436,1.6675,1.66794,1.55,1.15
2013.12.06 11:16:09.487,1.6675,1.66794,1.53,1.15
2013.12.06 11:16:12.375,1.6675,1.66794,1.53,1.15
2013.12.06 11:16:13.204,1.6675,1.66794,1.53,1.15
2013.12.06 11:16:15.587,1.6675,1.66794,1.53,1.15
2013.12.06 11:16:18.425,1.6675,1.66794,1.53,1.15
2013.12.06 11:16:29.403,1.6675,1.66794,1.53,1.18
2013.12.06 11:16:29.936,1.66756,1.66799,2.03,1.28
2013.12.06 11:16:29.987,1.66756,1.66802,2.40,1.53
2013.12.06 11:16:50.409,1.66759,1.66802,1.48,1.53
2013.12.06 11:16:59.714,1.66759,1.66802,1.48,1.20
2013.12.06 11:16:59.765,1.66756,1.66801,2.33,2.63
2013.12.06 11:16:59.916,1.66755,1.66798,1.93,1.55
2013.12.06 11:16:59.967,1.66755,1.66798,1.85,1.95
2013.12.06 11:17:00.484,1.66752,1.66795,1.38,3.38
2013.12.06 11:17:01.412,1.6675,1.66794,1.45,2.71
2013.12.06 11:17:01.463,1.6675,1.66794,1.53,1.53
2013.12.06 11:17:02.452,1.66757,1.66794,1.45,1.38
2013.12.06 11:17:04.031,1.66763,1.66794,1.00,1.38
2013.12.06 11:17:04.339,1.66763,1.66794,1.15,1.13
2013.12.06 11:17:04.843,1.66763,1.66794,1.15,1.38
2013.12.06 11:17:06.017,1.66757,1.66794,1.53,1.38
2013.12.06 11:17:11.899,1.66757,1.66794,1.15,1.38
2013.12.06 11:17:12.201,1.66752,1.66788,1.15,1.38
2013.12.06 11:17:12.547,1.66748,1.66788,1.58,1.38
2013.12.06 11:17:12.698,1.66748,1.66788,1.58,1.13
2013.12.06 11:17:13.116,1.66748,1.66778,1.58,1.00
2013.12.06 11:17:13.268,1.66745,1.66778,2.25,1.00
2013.12.06 11:17:13.774,1.66745,1.66778,1.58,1.00
2013.12.06 11:17:17.960,1.6675,1.66784,1.15,1.38
2013.12.06 11:17:19.022,1.6675,1.66778,1.15,1.00
2013.12.06 11:17:20.537,1.6675,1.66778,1.15,1.00
2013.12.06 11:17:40.831,1.66747,1.66778,1.58,1.00
2013.12.06 11:17:41.347,1.66747,1.66778,1.15,1.00
2013.12.06 11:18:01.246,1.66747,1.66778,1.15,1.00
2013.12.06 11:18:01.823,1.66747,1.66778,1.15,1.00
2013.12.06 11:18:10.176,1.66747,1.66778,1.18,1.00
2013.12.06 11:18:10.789,1.6675,1.66778,1.18,1.00
2013.12.06 11:18:10.987,1.66759,1.66778,1.00,1.00
2013.12.06 11:18:11.089,1.66754,1.66784,1.18,1.13
2013.12.06 11:18:11.190,1.66759,1.66784,1.00,1.00
2013.12.06 11:18:11.562,1.66759,1.66784,1.08,1.00
2013.12.06 11:18:12.073,1.66759,1.66784,1.15,1.00
2013.12.06 11:18:12.503,1.66754,1.66784,1.15,1.00
2013.12.06 11:18:14.465,1.66747,1.66784,1.28,1.00
2013.12.06 11:18:17.054,1.66747,1.66784,1.15,1.38
2013.12.06 11:18:17.207,1.66743,1.66779,1.15,1.00
2013.12.06 11:18:29.268,1.66744,1.66779,1.53,1.00
2013.12.06 11:18:29.574,1.6675,1.66779,1.15,1.00
2013.12.06 11:18:30.324,1.6675,1.66784,1.15,1.38
2013.12.06 11:18:34.224,1.6675,1.66784,1.15,1.38
2013.12.06 11:18:34.679,1.66745,1.66784,1.55,1.48
2013.12.06 11:18:34.881,1.66746,1.66779,1.18,1.00
2013.12.06 11:18:34.982,1.66742,1.66779,1.58,1.00
2013.12.06 11:18:35.234,1.66742,1.66784,1.58,1.53
2013.12.06 11:18:35.285,1.66742,1.66784,1.55,1.45
2013.12.06 11:18:35.588,1.66741,1.66784,1.95,3.33
2013.12.06 11:18:35.638,1.66741,1.66784,1.95,1.38
2013.12.06 11:18:35.740,1.66745,1.66784,1.20,1.38
2013.12.06 11:18:36.154,1.66746,1.66784,1.53,1.38
2013.12.06 11:18:37.526,1.6675,1.66784,1.53,1.38
2013.12.06 11:18:42.792,1.6675,1.66784,1.53,1.38
2013.12.06 11:18:42.893,1.6675,1.66784,1.53,1.13
2013.12.06 11:18:43.213,1.66755,1.66784,1.18,1.00
2013.12.06 11:18:46.137,1.66755,1.66784,1.15,1.00
2013.12.06 11:18:46.187,1.66752,1.66784,1.28,1.00
2013.12.06 11:18:46.289,1.66752,1.66784,1.28,1.00
2013.12.06 11:18:46.695,1.66741,1.66784,1.58,1.38
2013.12.06 11:18:46.745,1.66741,1.66784,1.58,1.38
2013.12.06 11:18:49.919,1.66758,1.66784,1.00,1.38
2013.12.06 11:18:50.020,1.66749,1.66784,1.38,1.38
2013.12.06 11:18:52.429,1.66744,1.66778,1.53,1.00
2013.12.06 11:18:57.354,1.66744,1.66778,1.53,1.00
2013.12.06 11:19:06.320,1.66737,1.66781,1.90,1.28
2013.12.06 11:19:06.481,1.66737,1.66781,1.75,2.63
2013.12.06 11:19:06.583,1.66733,1.66779,2.03,1.55
2013.12.06 11:19:06.796,1.66733,1.66779,1.53,1.28
2013.12.06 11:19:07.098,1.66742,1.66783,1.38,1.90
2013.12.06 11:19:07.250,1.66742,1.66783,1.45,1.93
2013.12.06 11:19:12.529,1.66737,1.66783,2.03,1.65
2013.12.06 11:19:12.630,1.66737,1.66783,1.53,1.53
2013.12.06 11:19:12.731,1.66737,1.66783,1.53,2.96
2013.12.06 11:19:14.402,1.66746,1.66783,1.38,1.53
2013.12.06 11:19:14.504,1.66746,1.66783,1.38,1.53
2013.12.06 11:19:14.705,1.66736,1.66783,1.53,1.55
2013.12.06 11:19:15.783,1.66736,1.66778,1.53,2.28
2013.12.06 11:19:15.833,1.66736,1.66775,1.53,1.00
2013.12.06 11:19:15.935,1.66734,1.66775,1.90,1.50
2013.12.06 11:19:15.986,1.66734,1.66775,1.75,3.00
2013.12.06 11:19:16.137,1.66727,1.66768,1.88,1.00
2013.12.06 11:19:16.188,1.66727,1.66767,1.38,2.50
2013.12.06 11:19:16.238,1.66727,1.66764,1.38,2.28
2013.12.06 11:19:16.725,1.66718,1.66764,1.90,2.28
2013.12.06 11:19:16.928,1.66718,1.66764,1.90,2.71
2013.12.06 11:19:18.462,1.66726,1.66764,1.38,1.95
2013.12.06 11:19:18.770,1.66726,1.66764,1.38,1.95
2013.12.06 11:19:22.704,1.66726,1.66764,1.38,1.55
2013.12.06 11:19:23.377,1.66726,1.66768,1.38,1.53
2013.12.06 11:19:29.641,1.66726,1.66768,1.38,1.53
2013.12.06 11:19:30.190,1.66726,1.66768,1.38,1.53
2013.12.06 11:19:30.730,1.66726,1.66768,1.38,1.53
2013.12.06 11:19:31.316,1.66726,1.66768,1.38,1.53
2013.12.06 11:19:32.062,1.66726,1.66768,1.38,1.53
2013.12.06 11:19:34.339,1.66726,1.66768,1.38,1.53
2013.12.06 11:19:38.198,1.66727,1.66768,2.25,1.13
2013.12.06 11:19:38.553,1.66739,1.66771,1.08,1.88
2013.12.06 11:19:38.856,1.66746,1.66779,1.00,1.75
2013.12.06 11:19:38.957,1.66746,1.66784,1.53,1.38
2013.12.06 11:19:43.493,1.66746,1.66784,2.03,1.48
2013.12.06 11:19:44.190,1.66746,1.66784,1.53,1.48
2013.12.06 11:19:45.229,1.66746,1.66784,1.53,1.48
2013.12.06 11:19:45.840,1.66746,1.66784,1.53,1.48
2013.12.06 11:19:48.019,1.66746,1.66784,1.53,1.48
2013.12.06 11:19:48.810,1.66746,1.66784,2.03,1.38
2013.12.06 11:19:49.556,1.66746,1.66784,1.45,1.38
2013.12.06 11:19:50.510,1.66746,1.66784,1.45,1.38
2013.12.06 11:19:51.450,1.66746,1.66784,1.45,1.38
2013.12.06 11:19:54.067,1.66746,1.66784,1.45,1.38
2013.12.06 11:19:54.219,1.66746,1.66784,2.03,1.38
2013.12.06 11:19:54.752,1.66747,1.66784,1.53,1.38
2013.12.06 11:19:56.510,1.66747,1.66784,1.53,1.38
2013.12.06 11:19:57.459,1.66751,1.66784,1.18,1.38
2013.12.06 11:19:57.761,1.66756,1.66789,1.13,1.38
2013.12.06 11:19:57.812,1.66754,1.66788,1.50,1.00
2013.12.06 11:19:57.863,1.66754,1.66788,1.50,1.13
2013.12.06 11:19:57.913,1.66757,1.66789,1.15,1.38
2013.12.06 11:19:57.964,1.66757,1.66789,1.15,1.00
2013.12.06 11:19:58.015,1.66757,1.66789,1.15,1.00
2013.12.06 11:19:58.217,1.66759,1.66803,1.15,1.55
2013.12.06 11:19:58.750,1.66759,1.66803,1.28,1.55
2013.12.06 11:19:58.901,1.66762,1.66803,1.18,1.48
2013.12.06 11:19:59.470,1.66762,1.66803,1.53,1.38
2013.12.06 11:20:00.570,1.66762,1.66803,1.53,1.38
2013.12.06 11:20:01.162,1.66762,1.66803,1.28,1.38
2013.12.06 11:20:01.670,1.66762,1.66803,1.15,1.38
2013.12.06 11:20:01.721,1.66762,1.66803,1.15,1.38
2013.12.06 11:20:02.680,1.66762,1.66803,1.15,1.38
2013.12.06 11:20:02.832,1.66757,1.66803,1.53,1.53
2013.12.06 11:20:03.033,1.6676,1.66803,1.53,1.45
2013.12.06 11:20:03.590,1.6676,1.66803,1.15,1.48
2013.12.06 11:20:03.652,1.6676,1.66803,1.53,1.48
2013.12.06 11:20:04.201,1.6676,1.66803,1.53,1.48
2013.12.06 11:20:05.422,1.6676,1.66803,1.53,1.48
2013.12.06 11:20:05.675,1.6676,1.66803,1.15,1.48
2013.12.06 11:20:05.973,1.6676,1.66803,1.53,1.48
2013.12.06 11:20:06.396,1.66768,1.66803,1.00,1.58
2013.12.06 11:20:06.649,1.66766,1.66804,1.53,1.75
2013.12.06 11:20:06.852,1.66766,1.66804,1.53,1.75
2013.12.06 11:20:07.162,1.66763,1.66804,1.53,1.38
2013.12.06 11:20:07.665,1.66766,1.66804,1.15,1.38
2013.12.06 11:20:07.968,1.66766,1.66804,1.28,1.38
2013.12.06 11:20:08.619,1.66767,1.66804,1.15,1.38
2013.12.06 11:20:09.124,1.66765,1.66804,1.53,1.38
2013.12.06 11:20:09.871,1.66766,1.66804,1.28,1.38
2013.12.06 11:20:10.183,1.66766,1.66804,1.15,1.38
2013.12.06 11:20:10.726,1.66766,1.66804,1.53,1.38
2013.12.06 11:20:11.261,1.66764,1.66804,1.53,1.38
2013.12.06 11:20:11.642,1.66764,1.66804,1.15,1.38
2013.12.06 11:20:11.990,1.66764,1.66804,1.53,1.38
2013.12.06 11:20:12.549,1.66764,1.66804,1.15,1.38
2013.12.06 11:20:13.071,1.66765,1.66804,1.53,1.38
2013.12.06 11:20:13.151,1.66765,1.66804,1.15,1.38
2013.12.06 11:20:13.663,1.66765,1.66804,1.48,1.48
2013.12.06 11:20:13.966,1.66765,1.66804,1.10,1.48
2013.12.06 11:20:14.170,1.66765,1.66804,1.48,1.48
2013.12.06 11:20:14.469,1.66765,1.66804,1.10,1.48
2013.12.06 11:20:15.605,1.66765,1.66804,1.10,1.48
2013.12.06 11:20:21.467,1.66757,1.66804,2.33,1.45
2013.12.06 11:20:21.517,1.66757,1.66804,1.90,1.53
2013.12.06 11:20:24.703,1.66757,1.66804,1.90,1.53
2013.12.06 11:20:24.804,1.66764,1.66804,1.08,1.55
2013.12.06 11:20:25.061,1.66764,1.66804,1.15,1.48
2013.12.06 11:20:25.636,1.66765,1.66804,1.15,1.48
2013.12.06 11:20:27.902,1.66765,1.66804,1.15,1.48
2013.12.06 11:20:28.560,1.66765,1.66804,1.15,1.48
2013.12.06 11:20:28.904,1.66759,1.66804,1.58,1.45
2013.12.06 11:20:30.771,1.66766,1.66804,1.10,1.45
2013.12.06 11:20:31.349,1.66766,1.66804,1.10,1.45
2013.12.06 11:20:32.041,1.66766,1.66804,1.10,1.45
2013.12.06 11:20:32.638,1.66766,1.66804,1.10,1.45
2013.12.06 11:20:34.354,1.66765,1.66804,1.08,1.45
2013.12.06 11:20:41.391,1.66765,1.66804,1.08,1.45
2013.12.06 11:20:41.542,1.66765,1.66804,1.08,1.38
2013.12.06 11:20:42.107,1.66765,1.66804,1.15,1.38
2013.12.06 11:20:42.638,1.66766,1.66804,1.15,1.38
2013.12.06 11:20:44.292,1.66766,1.66804,1.15,1.38
2013.12.06 11:20:44.594,1.66768,1.66809,1.18,1.53
2013.12.06 11:20:44.912,1.66767,1.66809,1.53,1.53
2013.12.06 11:20:47.166,1.66763,1.66809,1.53,1.38
2013.12.06 11:20:47.589,1.66763,1.66809,1.53,3.03
2013.12.06 11:20:48.300,1.66763,1.66809,1.53,3.78
2013.12.06 11:20:55.690,1.66763,1.66809,1.53,3.78
2013.12.06 11:20:56.193,1.66763,1.66809,1.65,3.70
2013.12.06 11:20:56.244,1.66763,1.66808,1.65,2.96
2013.12.06 11:20:56.460,1.66763,1.66808,1.65,2.96
2013.12.06 11:20:56.945,1.66763,1.66808,1.65,2.96
2013.12.06 11:20:59.649,1.66763,1.66808,1.18,2.96
2013.12.06 11:21:00.433,1.66763,1.66808,1.18,2.96
2013.12.06 11:21:00.690,1.66764,1.66808,1.10,3.86
2013.12.06 11:21:02.951,1.66764,1.66808,1.10,3.86
2013.12.06 11:21:06.464,1.66763,1.66808,1.15,2.95
2013.12.06 11:21:06.952,1.66767,1.66808,1.20,1.48
2013.12.06 11:21:07.414,1.66768,1.66808,1.15,1.38
2013.12.06 11:21:09.360,1.66767,1.66808,1.20,1.45
2013.12.06 11:21:10.862,1.66767,1.66808,1.20,1.53
2013.12.06 11:21:10.971,1.66767,1.66808,1.20,1.53
2013.12.06 11:21:22.634,1.66767,1.66808,1.10,1.53
2013.12.06 11:21:23.243,1.66767,1.66808,1.48,1.53
2013.12.06 11:21:25.379,1.66767,1.66808,1.48,1.53
2013.12.06 11:21:38.649,1.66776,1.66808,1.00,1.53
2013.12.06 11:21:39.430,1.66776,1.6681,1.00,1.53
2013.12.06 11:21:45.180,1.66776,1.6681,1.00,1.53
2013.12.06 11:21:51.297,1.66767,1.66809,1.90,1.38
2013.12.06 11:21:53.879,1.66777,1.66811,1.00,2.03
2013.12.06 11:21:55.328,1.66777,1.66811,1.00,1.35
2013.12.06 11:21:58.960,1.66777,1.66811,1.00,1.35
2013.12.06 11:22:00.132,1.66774,1.66811,1.00,1.35
2013.12.06 11:22:00.182,1.66774,1.66811,1.00,1.35
2013.12.06 11:22:00.337,1.6677,1.66811,1.00,1.50
2013.12.06 11:22:00.610,1.6677,1.66811,1.00,1.50
2013.12.06 11:22:01.161,1.6677,1.66811,1.38,1.50
2013.12.06 11:22:01.478,1.6677,1.66811,1.38,1.50
2013.12.06 11:22:03.899,1.6677,1.66811,1.00,1.50
2013.12.06 11:22:04.202,1.66766,1.66811,2.70,1.50
2013.12.06 11:22:04.253,1.66766,1.66811,2.70,1.50
2013.12.06 11:22:04.457,1.66766,1.66811,2.70,1.50
2013.12.06 11:22:04.508,1.66776,1.66811,1.00,1.50
2013.12.06 11:22:04.817,1.66776,1.66816,1.13,2.33
2013.12.06 11:22:05.690,1.66776,1.66816,1.50,2.96
2013.12.06 11:22:05.892,1.66778,1.66816,1.00,1.58
2013.12.06 11:22:08.069,1.66778,1.66818,1.38,1.50
2013.12.06 11:22:08.414,1.66787,1.66825,1.00,1.90
2013.12.06 11:22:08.465,1.66785,1.66825,1.00,1.90
2013.12.06 11:22:09.573,1.66782,1.66825,1.20,1.90
2013.12.06 11:22:10.513,1.66782,1.66825,1.20,1.90
2013.12.06 11:22:11.877,1.66777,1.66824,2.40,4.08
2013.12.06 11:22:12.029,1.66777,1.66824,2.40,5.18
2013.12.06 11:22:12.697,1.66777,1.66824,2.03,5.18
2013.12.06 11:22:13.433,1.66777,1.66821,1.00,3.76
2013.12.06 11:22:14.043,1.66777,1.66814,1.00,3.25
2013.12.06 11:22:14.497,1.66778,1.66814,1.20,1.50
2013.12.06 11:22:14.728,1.66786,1.66815,1.00,1.75
2013.12.06 11:22:15.069,1.66776,1.66815,1.13,3.90
2013.12.06 11:22:15.120,1.66776,1.66815,1.13,3.90
2013.12.06 11:22:15.548,1.66776,1.66815,1.13,3.90
2013.12.06 11:22:15.868,1.66796,1.66815,1.00,2.40
2013.12.06 11:22:15.919,1.66796,1.66815,1.00,2.33
2013.12.06 11:22:16.071,1.66786,1.66818,1.00,1.90
2013.12.06 11:22:16.222,1.66786,1.66823,1.38,1.20
2013.12.06 11:22:16.474,1.66786,1.66823,1.38,1.20
2013.12.06 11:22:16.725,1.66786,1.66824,1.38,1.53
2013.12.06 11:22:16.868,1.66786,1.66824,1.38,1.53
2013.12.06 11:22:19.196,1.66786,1.66824,1.38,1.53
2013.12.06 11:22:22.278,1.66796,1.66826,1.00,1.65
2013.12.06 11:22:22.799,1.66796,1.66826,1.00,1.65
2013.12.06 11:22:23.399,1.66796,1.66826,1.00,1.65
2013.12.06 11:22:23.601,1.66796,1.66828,1.00,1.20
2013.12.06 11:22:26.791,1.66788,1.66828,1.65,1.38
2013.12.06 11:22:32.246,1.66788,1.66828,1.93,1.38
2013.12.06 11:22:32.398,1.66786,1.66828,1.38,1.53
2013.12.06 11:22:32.449,1.66786,1.66824,1.00,1.13
2013.12.06 11:22:32.499,1.66786,1.66823,1.00,2.63
2013.12.06 11:22:33.031,1.66786,1.66823,1.00,2.88
2013.12.06 11:22:34.739,1.66779,1.66823,1.13,3.63
2013.12.06 11:22:34.840,1.66777,1.6682,1.45,1.45
2013.12.06 11:22:35.042,1.6677,1.66817,1.15,3.63
2013.12.06 11:22:35.151,1.6677,1.66817,1.15,3.63
2013.12.06 11:22:35.657,1.66769,1.66814,1.00,2.96
2013.12.06 11:22:36.209,1.66768,1.66814,1.20,2.96
2013.12.06 11:22:36.721,1.66769,1.66814,1.00,1.53
2013.12.06 11:22:36.873,1.66769,1.66814,1.08,1.53
2013.12.06 11:22:45.568,1.66769,1.66814,1.15,1.53
2013.12.06 11:22:46.076,1.66767,1.66814,2.03,2.03
2013.12.06 11:22:48.429,1.66767,1.66814,2.03,2.03
2013.12.06 11:22:55.129,1.66776,1.66814,1.00,1.53
2013.12.06 11:22:57.153,1.66776,1.66814,1.38,1.53
2013.12.06 11:22:57.254,1.66776,1.6682,1.38,2.25
2013.12.06 11:23:09.591,1.66776,1.6682,1.38,3.26
2013.12.06 11:23:15.586,1.66786,1.6682,1.00,3.26
2013.12.06 11:23:16.759,1.66776,1.66824,1.53,2.33
2013.12.06 11:23:16.961,1.66776,1.66824,1.00,2.25
2013.12.06 11:23:26.267,1.66776,1.66816,1.38,2.88
2013.12.06 11:23:26.469,1.66776,1.66818,1.38,1.53
2013.12.06 11:23:27.088,1.66776,1.66818,1.53,1.53
2013.12.06 11:23:27.743,1.66776,1.66818,1.48,1.55
2013.12.06 11:23:28.717,1.66777,1.66816,1.00,3.38
2013.12.06 11:23:29.026,1.66777,1.66816,1.00,3.25
2013.12.06 11:23:29.177,1.66777,1.66815,1.00,3.76
2013.12.06 11:23:30.352,1.66777,1.66812,1.00,2.88
2013.12.06 11:23:41.049,1.66767,1.66805,1.75,2.88
2013.12.06 11:23:41.100,1.66767,1.66805,1.75,3.55
2013.12.06 11:23:41.151,1.66767,1.66803,1.38,2.63
2013.12.06 11:23:41.252,1.66767,1.66803,1.00,3.01
2013.12.06 11:23:41.403,1.66765,1.66799,1.00,1.48
2013.12.06 11:23:41.554,1.66756,1.66799,1.50,3.26
2013.12.06 11:23:41.853,1.66756,1.66799,1.50,2.70
2013.12.06 11:23:42.250,1.66756,1.66799,1.50,3.38
2013.12.06 11:23:42.553,1.66767,1.66799,1.13,1.20
2013.12.06 11:23:42.897,1.66767,1.668,1.13,1.53
2013.12.06 11:23:44.330,1.66767,1.668,1.00,1.53
2013.12.06 11:23:44.481,1.66756,1.66799,1.90,1.38
2013.12.06 11:23:44.536,1.66761,1.66799,1.00,1.38
2013.12.06 11:23:44.688,1.66756,1.66799,1.38,1.90
2013.12.06 11:23:44.789,1.66756,1.66796,1.38,3.25
2013.12.06 11:23:45.326,1.66756,1.66796,1.38,3.25
2013.12.06 11:23:46.846,1.66756,1.66796,1.38,3.25
2013.12.06 11:23:47.508,1.66756,1.66796,1.00,3.25
2013.12.06 11:23:47.810,1.66756,1.66795,1.00,3.56
2013.12.06 11:23:51.618,1.66746,1.66789,1.90,1.38
2013.12.06 11:23:51.770,1.66746,1.66789,1.48,1.55
2013.12.06 11:23:53.007,1.66746,1.66789,1.48,1.55
2013.12.06 11:23:54.227,1.66757,1.6679,1.00,1.58
2013.12.06 11:23:54.500,1.66757,1.6679,1.00,1.53
2013.12.06 11:23:55.448,1.66757,1.6679,1.00,1.53
2013.12.06 11:23:56.140,1.66757,1.6679,1.00,1.53
2013.12.06 11:23:56.659,1.66747,1.66788,1.75,1.48
2013.12.06 11:23:56.811,1.66747,1.66788,1.75,1.48
2013.12.06 11:23:59.339,1.66747,1.66788,1.00,3.28
2013.12.06 11:23:59.946,1.66756,1.66785,1.00,2.86
2013.12.06 11:24:00.836,1.66756,1.66785,1.00,2.86
2013.12.06 11:24:01.387,1.66756,1.66785,1.00,3.48
2013.12.06 11:24:01.590,1.66756,1.66785,1.00,1.53
2013.12.06 11:24:02.136,1.66756,1.66785,1.00,1.53
2013.12.06 11:24:06.437,1.66746,1.66785,1.48,1.45
2013.12.06 11:24:06.538,1.66746,1.66785,1.58,1.38
2013.12.06 11:24:09.775,1.66757,1.66792,1.00,2.25
2013.12.06 11:24:25.586,1.66757,1.66792,1.00,2.25
2013.12.06 11:24:26.829,1.66757,1.66792,1.00,3.00
2013.12.06 11:24:28.226,1.66757,1.66792,1.00,3.00
2013.12.06 11:24:29.118,1.66757,1.66793,1.38,1.90
2013.12.06 11:24:30.579,1.66756,1.66793,1.38,1.53
2013.12.06 11:24:30.680,1.66756,1.66793,1.38,1.15
2013.12.06 11:24:31.018,1.66757,1.66795,1.38,1.20
2013.12.06 11:24:31.189,1.66757,1.66796,1.38,1.53
2013.12.06 11:24:32.445,1.66757,1.66796,1.38,1.53
2013.12.06 11:24:34.260,1.66757,1.668,1.48,1.65
2013.12.06 11:24:34.585,1.66766,1.66803,1.00,1.90
2013.12.06 11:24:34.838,1.66766,1.66803,1.38,1.20
2013.12.06 11:24:34.888,1.66767,1.66807,1.38,1.65
2013.12.06 11:24:35.551,1.66764,1.66807,1.48,2.68
2013.12.06 11:24:35.637,1.66764,1.66807,1.48,2.40
2013.12.06 11:24:35.990,1.66769,1.6681,1.48,1.53
2013.12.06 11:24:36.687,1.66767,1.6681,1.55,1.53
2013.12.06 11:24:39.275,1.66767,1.6681,1.55,1.53
2013.12.06 11:24:39.375,1.66767,1.6681,1.55,1.53
2013.12.06 11:24:40.286,1.66767,1.6681,1.55,1.53
2013.12.06 11:24:40.387,1.66768,1.66813,1.65,1.53
2013.12.06 11:24:40.731,1.66768,1.66813,1.90,1.53
2013.12.06 11:24:44.999,1.66774,1.66813,1.38,1.53
2013.12.06 11:24:47.926,1.66774,1.66813,1.55,1.45
2013.12.06 11:24:48.837,1.66771,1.66813,2.78,1.45
2013.12.06 11:24:50.164,1.66774,1.66813,1.55,1.45
2013.12.06 11:24:50.266,1.66774,1.66813,1.55,1.08
2013.12.06 11:25:00.257,1.66777,1.66814,1.88,1.28
2013.12.06 11:25:00.867,1.66778,1.66819,1.38,1.95
2013.12.06 11:25:04.106,1.66778,1.66819,1.38,1.95
2013.12.06 11:25:05.553,1.66778,1.66819,1.45,1.53
2013.12.06 11:25:05.704,1.66777,1.66816,2.33,2.63
2013.12.06 11:25:06.007,1.66777,1.66809,1.38,1.00
2013.12.06 11:25:06.209,1.66763,1.66809,1.50,1.38
2013.12.06 11:25:06.360,1.66758,1.66798,1.93,1.00
2013.12.06 11:25:06.461,1.66754,1.66798,1.15,1.50
2013.12.06 11:25:06.512,1.66754,1.66798,1.08,1.58
2013.12.06 11:25:06.659,1.66754,1.66796,1.00,3.00
2013.12.06 11:25:07.851,1.66749,1.66796,1.90,3.00
2013.12.06 11:25:08.396,1.66756,1.66796,1.00,2.50
2013.12.06 11:25:13.147,1.66756,1.66797,1.00,1.15
2013.12.06 11:25:18.455,1.66756,1.66795,1.00,2.20
2013.12.06 11:25:18.829,1.66756,1.66798,1.08,1.53
2013.12.06 11:25:18.880,1.66756,1.66798,1.08,1.95
2013.12.06 11:25:19.121,1.66747,1.66797,1.90,2.71
2013.12.06 11:25:21.483,1.66754,1.66797,1.53,1.00
2013.12.06 11:25:22.018,1.66756,1.66797,1.58,1.15
2013.12.06 11:25:26.324,1.66767,1.66799,1.00,1.15
2013.12.06 11:25:26.477,1.66767,1.66806,1.00,1.15
2013.12.06 11:25:29.738,1.66767,1.66813,1.28,2.03
2013.12.06 11:25:39.213,1.66777,1.66813,1.13,1.15
2013.12.06 11:25:39.493,1.66777,1.6682,1.13,1.20
2013.12.06 11:25:39.594,1.66777,1.66822,1.28,1.53
2013.12.06 11:25:41.846,1.66787,1.66822,1.00,1.15
2013.12.06 11:25:45.490,1.66776,1.66822,2.03,1.15
2013.12.06 11:25:45.807,1.66779,1.66822,1.58,1.15
2013.12.06 11:25:47.535,1.66776,1.66822,2.03,1.15
2013.12.06 11:25:48.080,1.66786,1.66822,1.00,1.15
2013.12.06 11:25:48.779,1.66777,1.66822,1.53,1.15
2013.12.06 11:25:49.225,1.66787,1.66822,1.00,1.15
2013.12.06 11:25:55.486,1.66787,1.66827,1.00,1.20
2013.12.06 11:26:00.761,1.66787,1.66827,1.00,2.63
2013.12.06 11:26:01.283,1.66787,1.66825,1.00,2.88
2013.12.06 11:26:03.954,1.66787,1.66825,1.00,1.15
2013.12.06 11:26:09.608,1.66787,1.66828,1.10,1.15
2013.12.06 11:26:15.672,1.66787,1.66832,1.15,1.65
2013.12.06 11:26:21.035,1.66789,1.66832,1.55,1.28
2013.12.06 11:26:21.085,1.6679,1.66832,1.13,1.20
2013.12.06 11:26:21.136,1.66796,1.66832,1.18,1.00
2013.12.06 11:26:21.237,1.66796,1.66838,1.55,1.15
2013.12.06 11:26:21.439,1.66796,1.66838,1.48,1.15
2013.12.06 11:26:21.591,1.66796,1.6684,1.53,1.15
2013.12.06 11:26:25.426,1.66798,1.6684,1.00,2.20
2013.12.06 11:26:26.767,1.66793,1.66837,1.18,2.28
2013.12.06 11:26:26.869,1.66793,1.66835,1.00,2.96
2013.12.06 11:26:33.907,1.66795,1.66835,1.08,1.28
2013.12.06 11:26:33.958,1.66795,1.66835,1.15,1.20
2013.12.06 11:26:34.244,1.66798,1.66835,1.08,1.13
2013.12.06 11:26:34.808,1.66799,1.66842,1.18,1.53
2013.12.06 11:26:35.131,1.66807,1.66842,1.00,1.53
2013.12.06 11:26:35.625,1.66807,1.66843,1.38,2.25
2013.12.06 11:26:35.726,1.66807,1.66843,1.53,1.00
2013.12.06 11:26:35.777,1.66816,1.66847,1.00,2.33
2013.12.06 11:26:36.325,1.66816,1.6685,1.00,1.50
2013.12.06 11:26:37.754,1.66816,1.6685,1.38,1.83
2013.12.06 11:26:38.006,1.66816,1.6685,1.38,1.68
2013.12.06 11:26:40.349,1.66816,1.6685,1.38,1.00
2013.12.06 11:26:40.399,1.66816,1.66854,1.38,1.53
2013.12.06 11:26:42.568,1.66826,1.66856,1.00,1.88
2013.12.06 11:26:43.154,1.66826,1.66863,1.00,1.58
2013.12.06 11:26:45.396,1.66826,1.66864,1.13,1.90
2013.12.06 11:26:45.447,1.66826,1.66864,1.38,1.90
2013.12.06 11:26:45.651,1.66826,1.66864,1.38,1.90
2013.12.06 11:26:45.703,1.66826,1.66864,1.38,2.33
2013.12.06 11:26:46.030,1.66826,1.66864,1.13,2.33
2013.12.06 11:26:47.996,1.66826,1.66864,1.38,2.33
2013.12.06 11:26:52.256,1.66836,1.66865,1.00,1.53
2013.12.06 11:26:52.307,1.66836,1.66865,1.00,1.55
2013.12.06 11:26:52.778,1.66826,1.66865,3.15,1.30
2013.12.06 11:26:52.829,1.66826,1.66865,3.15,1.00
2013.12.06 11:26:53.139,1.6683,1.66865,1.38,1.00
2013.12.06 11:26:53.763,1.66831,1.66865,1.38,1.00
2013.12.06 11:26:54.445,1.66831,1.66865,1.38,1.00
2013.12.06 11:26:55.604,1.66829,1.66865,1.50,1.15
2013.12.06 11:26:55.707,1.66827,1.66863,1.38,2.63
2013.12.06 11:26:55.758,1.66825,1.66859,1.00,2.50
2013.12.06 11:26:55.826,1.66822,1.66859,1.00,2.50
2013.12.06 11:26:55.928,1.66818,1.66859,1.50,2.63
2013.12.06 11:26:56.231,1.66807,1.66846,1.83,1.00
2013.12.06 11:26:56.483,1.66807,1.66844,1.75,2.50
2013.12.06 11:26:56.685,1.66811,1.66843,1.00,2.58
2013.12.06 11:27:03.735,1.66806,1.66843,1.38,1.15
2013.12.06 11:27:05.228,1.66806,1.66843,1.38,1.15
2013.12.06 11:27:05.402,1.66806,1.66845,1.75,1.15
2013.12.06 11:27:05.454,1.66806,1.66845,1.75,1.15
2013.12.06 11:27:06.015,1.66806,1.66845,1.75,1.15
2013.12.06 11:27:06.587,1.66806,1.66852,1.93,1.20
2013.12.06 11:27:08.979,1.66806,1.66852,1.93,2.20
2013.12.06 11:27:09.231,1.668,1.66849,1.58,2.95
2013.12.06 11:27:09.282,1.668,1.66849,1.58,3.70
2013.12.06 11:27:09.333,1.668,1.66849,1.58,3.70
2013.12.06 11:27:09.893,1.668,1.66843,1.50,2.88
2013.12.06 11:27:09.944,1.668,1.6684,1.00,2.88
2013.12.06 11:27:11.851,1.66796,1.66839,1.75,2.20
2013.12.06 11:27:12.167,1.66796,1.66839,1.90,1.15
2013.12.06 11:27:12.695,1.66796,1.66839,1.90,1.15
2013.12.06 11:27:13.484,1.66796,1.66842,1.90,1.53
2013.12.06 11:27:14.014,1.66796,1.66842,1.90,1.53
2013.12.06 11:27:14.065,1.66796,1.66842,1.90,1.53
2013.12.06 11:27:14.368,1.66798,1.66842,1.85,1.83
2013.12.06 11:27:14.469,1.66807,1.66842,1.00,1.15
2013.12.06 11:27:16.621,1.66797,1.66843,2.40,1.53
2013.12.06 11:27:16.892,1.66799,1.66843,1.83,2.98
2013.12.06 11:27:16.943,1.66799,1.66843,1.85,3.38
2013.12.06 11:27:17.478,1.66797,1.66843,1.90,3.63
2013.12.06 11:27:17.684,1.66797,1.66843,1.90,3.63
2013.12.06 11:27:17.885,1.66797,1.66843,1.90,3.63
2013.12.06 11:27:18.569,1.66797,1.66843,1.90,3.63
2013.12.06 11:27:19.547,1.66797,1.66843,1.90,4.38
2013.12.06 11:27:20.644,1.66807,1.66843,1.00,3.63
2013.12.06 11:27:22.738,1.66807,1.66844,1.00,1.53
2013.12.06 11:27:22.839,1.66807,1.66845,1.38,1.15
2013.12.06 11:27:22.890,1.668,1.66845,1.58,1.18
2013.12.06 11:27:23.823,1.66806,1.66849,1.93,1.53
2013.12.06 11:27:24.026,1.66806,1.66852,1.90,1.53
2013.12.06 11:27:24.703,1.66806,1.66852,1.90,1.53
2013.12.06 11:27:25.410,1.66806,1.66852,1.90,1.53
2013.12.06 11:27:25.511,1.66807,1.66854,1.58,1.53
2013.12.06 11:27:25.612,1.66807,1.66854,1.58,1.53
2013.12.06 11:27:26.274,1.66807,1.66854,1.58,1.53
2013.12.06 11:27:26.577,1.66806,1.66854,1.90,1.53
2013.12.06 11:27:26.791,1.66809,1.66854,1.65,1.53
2013.12.06 11:27:28.218,1.66809,1.66854,1.15,1.53
2013.12.06 11:27:28.369,1.66806,1.66854,1.65,1.53
2013.12.06 11:27:29.217,1.668,1.66848,1.58,1.38
2013.12.06 11:27:29.520,1.66807,1.66846,1.00,2.96
2013.12.06 11:27:32.089,1.66807,1.66848,1.13,1.53
2013.12.06 11:27:32.522,1.66807,1.66848,1.38,1.53
2013.12.06 11:27:32.860,1.66817,1.66852,1.00,1.90
2013.12.06 11:27:36.904,1.66817,1.66852,1.00,1.90
2013.12.06 11:27:37.159,1.66817,1.66852,1.00,1.90
2013.12.06 11:27:37.260,1.66817,1.66853,1.00,1.53
2013.12.06 11:27:37.361,1.66817,1.66853,1.00,1.53
2013.12.06 11:27:37.869,1.66817,1.66853,1.00,1.53
2013.12.06 11:27:40.129,1.66817,1.66853,1.00,1.53
2013.12.06 11:27:40.235,1.66817,1.66853,1.00,1.53
2013.12.06 11:27:42.772,1.66817,1.66853,1.00,1.53
2013.12.06 11:27:53.615,1.66817,1.66852,1.00,2.96
2013.12.06 11:27:54.981,1.66817,1.66852,1.00,2.96
2013.12.06 11:27:55.483,1.66817,1.66852,1.00,2.96
2013.12.06 11:27:56.744,1.66817,1.66848,1.00,2.88
2013.12.06 11:27:56.896,1.66806,1.66848,1.00,3.38
2013.12.06 11:27:57.071,1.66806,1.66846,1.00,1.55
2013.12.06 11:28:01.897,1.66806,1.66844,1.00,2.88
2013.12.06 11:28:02.200,1.66806,1.66844,1.00,2.88
2013.12.06 11:28:02.776,1.66806,1.66844,1.00,2.88
2013.12.06 11:28:05.166,1.66806,1.66844,1.00,2.88
2013.12.06 11:28:07.901,1.66817,1.66844,1.00,2.88
2013.12.06 11:28:07.952,1.66817,1.66846,1.00,1.53
2013.12.06 11:28:08.105,1.66807,1.66846,1.00,1.53
2013.12.06 11:28:08.749,1.66807,1.66846,1.13,1.53
2013.12.06 11:28:10.051,1.66817,1.66846,1.00,1.53
2013.12.06 11:28:11.441,1.66806,1.66846,1.38,1.53
2013.12.06 11:28:11.792,1.66806,1.66846,1.38,1.53
2013.12.06 11:28:13.442,1.66806,1.66846,1.38,1.53
2013.12.06 11:28:16.071,1.66806,1.66846,1.88,1.53
2013.12.06 11:28:16.545,1.66806,1.66846,1.88,1.53
2013.12.06 11:28:16.646,1.66806,1.66846,1.00,1.53
2013.12.06 11:28:23.656,1.66801,1.66845,1.20,4.13
2013.12.06 11:28:23.871,1.66795,1.66838,1.85,2.28
2013.12.06 11:28:24.232,1.66787,1.66833,1.53,3.63
2013.12.06 11:28:24.866,1.66787,1.66833,1.53,3.63
2013.12.06 11:28:32.898,1.66789,1.66833,1.38,3.63
2013.12.06 11:28:34.923,1.66789,1.66833,1.53,1.55
2013.12.06 11:28:35.642,1.66789,1.66833,1.53,1.53
2013.12.06 11:28:36.005,1.66787,1.66833,1.53,1.53
2013.12.06 11:28:36.106,1.66787,1.66833,1.53,1.53
2013.12.06 11:28:36.207,1.6679,1.66833,2.25,1.38
2013.12.06 11:28:36.258,1.6679,1.66833,2.25,1.13
2013.12.06 11:28:44.707,1.66796,1.66839,1.38,1.20
2013.12.06 11:28:48.974,1.66796,1.66839,1.13,1.20
2013.12.06 11:28:51.424,1.66796,1.66839,1.13,3.38
2013.12.06 11:28:55.394,1.66807,1.66839,1.00,3.38
2013.12.06 11:28:55.831,1.66796,1.66839,1.13,3.38
2013.12.06 11:28:56.588,1.66796,1.66835,1.00,2.88
2013.12.06 11:29:05.147,1.66796,1.66834,1.00,3.38
2013.12.06 11:29:05.738,1.66796,1.6683,1.00,1.55
2013.12.06 11:29:12.165,1.66796,1.6683,1.00,1.53
2013.12.06 11:29:12.266,1.66787,1.6683,1.00,1.53
2013.12.06 11:29:12.367,1.66787,1.66827,1.00,2.96
2013.12.06 11:29:12.801,1.66787,1.66827,1.00,3.38
2013.12.06 11:29:13.111,1.66787,1.66827,1.00,3.38
2013.12.06 11:29:13.434,1.66787,1.66826,1.00,3.71
2013.12.06 11:29:15.094,1.66797,1.66826,1.00,1.53
2013.12.06 11:29:15.246,1.66797,1.66826,1.00,1.95
2013.12.06 11:29:18.053,1.66797,1.66826,1.00,1.55
2013.12.06 11:29:20.640,1.66807,1.66831,1.00,1.53
2013.12.06 11:29:20.741,1.66797,1.66832,1.10,1.38
2013.12.06 11:29:20.944,1.66796,1.66833,1.00,1.53
2013.12.06 11:29:32.263,1.66796,1.66831,1.00,2.88
2013.12.06 11:29:39.666,1.66796,1.66831,1.00,2.88
2013.12.06 11:29:41.549,1.66796,1.6683,1.00,1.53
2013.12.06 11:29:41.650,1.66796,1.66827,1.00,2.88
2013.12.06 11:29:46.097,1.66796,1.66825,1.00,3.38
2013.12.06 11:29:46.249,1.66786,1.66823,1.00,2.96
2013.12.06 11:29:46.659,1.66786,1.66823,1.00,1.53
2013.12.06 11:29:49.692,1.66786,1.66823,1.00,1.53
2013.12.06 11:29:49.743,1.66786,1.66823,1.00,1.53
2013.12.06 11:29:49.913,1.66786,1.66823,1.13,1.53
2013.12.06 11:29:50.115,1.66777,1.66823,1.65,1.53
2013.12.06 11:29:52.404,1.66777,1.66823,1.48,4.13
2013.12.06 11:29:52.506,1.66786,1.66823,1.00,3.38
2013.12.06 11:29:54.811,1.66786,1.66823,1.00,1.53
2013.12.06 11:29:56.727,1.66796,1.66826,1.00,1.53
2013.12.06 11:29:56.879,1.66796,1.66828,1.00,1.55
2013.12.06 11:29:56.973,1.66796,1.66828,1.00,1.55
2013.12.06 11:29:57.173,1.66787,1.6683,1.55,1.53
2013.12.06 11:30:00.627,1.66787,1.66833,2.03,3.45
2013.12.06 11:30:00.970,1.66796,1.66833,1.00,2.33
2013.12.06 11:30:01.299,1.66796,1.66833,1.00,3.76
2013.12.06 11:30:01.700,1.66796,1.66833,1.00,3.76
2013.12.06 11:30:02.532,1.66786,1.66833,1.38,3.76
2013.12.06 11:30:03.132,1.66786,1.66833,1.38,3.76
2013.12.06 11:30:07.225,1.66786,1.66833,1.38,3.76
2013.12.06 11:30:07.532,1.66787,1.66833,1.13,3.76
2013.12.06 11:30:07.811,1.66797,1.66833,1.00,3.76
2013.12.06 11:30:09.205,1.66797,1.6683,1.00,1.53
2013.12.06 11:30:09.510,1.66797,1.6683,1.00,1.53
2013.12.06 11:30:09.864,1.66797,1.66834,1.00,1.53
2013.12.06 11:30:10.517,1.66797,1.66834,1.00,1.53
2013.12.06 11:30:12.434,1.66806,1.66834,1.00,1.53
2013.12.06 11:30:12.972,1.66806,1.66834,1.00,1.53
2013.12.06 11:30:16.504,1.66796,1.66836,1.00,1.65
2013.12.06 11:30:19.185,1.66796,1.66836,1.08,1.65
2013.12.06 11:30:28.894,1.66796,1.66837,1.28,1.53
2013.12.06 11:30:37.430,1.66806,1.66838,1.00,1.53
2013.12.06 11:30:37.481,1.66806,1.66841,1.00,1.55
2013.12.06 11:30:37.582,1.66806,1.66841,1.13,1.45
2013.12.06 11:30:37.735,1.66817,1.66846,1.00,1.53
2013.12.06 11:30:38.416,1.66817,1.66849,1.00,1.53
2013.12.06 11:30:38.748,1.66817,1.66849,1.00,1.53
2013.12.06 11:30:40.653,1.66817,1.66849,1.00,1.53
2013.12.06 11:30:44.076,1.66817,1.66849,1.00,1.53
2013.12.06 11:30:48.583,1.66817,1.66849,1.00,1.53
2013.12.06 11:30:49.441,1.66817,1.66849,1.00,1.53
2013.12.06 11:30:50.761,1.66817,1.66849,1.00,1.53
2013.12.06 11:30:52.742,1.66817,1.66849,1.00,1.53
2013.12.06 11:30:54.643,1.66817,1.66849,1.00,1.53
2013.12.06 11:30:55.201,1.66817,1.66849,1.00,1.53
2013.12.06 11:30:55.381,1.66817,1.66849,1.00,1.53
2013.12.06 11:30:56.370,1.66817,1.66849,1.00,1.53
2013.12.06 11:30:56.908,1.66817,1.66849,1.00,1.53
2013.12.06 11:30:57.570,1.66817,1.66849,1.00,1.53
2013.12.06 11:31:00.451,1.66817,1.66851,1.00,1.58
2013.12.06 11:31:01.200,1.66817,1.66852,1.00,1.53
2013.12.06 11:31:04.002,1.66817,1.66852,1.00,1.53
2013.12.06 11:31:05.964,1.66817,1.66853,1.00,1.53
2013.12.06 11:31:06.166,1.66806,1.66853,1.18,2.96
2013.12.06 11:31:06.368,1.66817,1.66853,1.00,1.65
2013.12.06 11:31:06.419,1.66817,1.66853,1.00,1.65
2013.12.06 11:31:06.637,1.66817,1.66853,1.00,2.58
2013.12.06 11:31:07.156,1.66817,1.66853,1.00,2.88
2013.12.06 11:31:07.459,1.66826,1.66856,1.00,1.88
2013.12.06 11:31:07.711,1.66836,1.66865,1.00,1.15
2013.12.06 11:31:07.913,1.66846,1.66877,1.00,1.88
2013.12.06 11:31:08.015,1.66837,1.66878,1.75,1.15
2013.12.06 11:31:08.217,1.66837,1.66878,1.13,1.15
2013.12.06 11:31:08.369,1.66827,1.66876,1.53,2.71
2013.12.06 11:31:08.673,1.66846,1.66876,1.00,1.20
2013.12.06 11:31:09.028,1.66846,1.66878,1.00,1.45
2013.12.06 11:31:09.079,1.66846,1.66885,1.00,1.20
2013.12.06 11:31:09.180,1.66846,1.66888,1.38,1.20
2013.12.06 11:31:09.483,1.66846,1.66891,1.53,2.03
2013.12.06 11:31:09.685,1.66846,1.66887,1.00,1.55
2013.12.06 11:31:10.088,1.66846,1.66883,1.00,2.28
2013.12.06 11:31:10.290,1.66846,1.66883,1.00,1.53
2013.12.06 11:31:10.820,1.66846,1.66883,1.00,1.53
2013.12.06 11:31:11.362,1.66847,1.66883,1.00,1.53
2013.12.06 11:31:11.673,1.66847,1.66886,1.00,1.53
2013.12.06 11:31:12.183,1.66847,1.66889,1.15,2.03
2013.12.06 11:31:14.172,1.66856,1.66889,1.00,1.53
2013.12.06 11:31:14.425,1.66856,1.66894,1.00,3.00
2013.12.06 11:31:14.576,1.66856,1.66894,1.00,1.65
2013.12.06 11:31:15.525,1.66867,1.66896,1.00,1.15
2013.12.06 11:31:15.626,1.66856,1.66899,1.45,1.95
2013.12.06 11:31:15.727,1.66856,1.66903,1.90,1.88
2013.12.06 11:31:15.778,1.66858,1.66903,1.65,1.45
2013.12.06 11:31:15.896,1.66858,1.66904,1.90,1.53
2013.12.06 11:31:16.436,1.66859,1.66904,1.90,1.53
2013.12.06 11:31:16.810,1.66866,1.66907,1.00,2.78
2013.12.06 11:31:18.137,1.66866,1.66907,1.00,1.53
2013.12.06 11:31:18.238,1.66866,1.66911,1.53,1.53
2013.12.06 11:31:18.289,1.66877,1.66913,1.00,1.58
2013.12.06 11:31:18.798,1.66877,1.66913,1.00,1.95
2013.12.06 11:31:18.849,1.66877,1.66913,1.00,1.53
2013.12.06 11:31:19.357,1.66877,1.66916,1.00,1.95
2013.12.06 11:31:19.511,1.66877,1.66916,1.00,1.53
2013.12.06 11:31:20.015,1.66877,1.66916,1.00,1.53
2013.12.06 11:31:26.834,1.66887,1.66916,1.00,1.28
2013.12.06 11:31:26.935,1.66877,1.66916,1.00,1.28
2013.12.06 11:31:27.137,1.66877,1.66921,1.53,1.15
2013.12.06 11:31:27.659,1.66877,1.66923,1.53,1.58
2013.12.06 11:31:27.911,1.66875,1.66919,1.20,1.28
2013.12.06 11:31:27.963,1.66869,1.66916,1.15,2.78
2013.12.06 11:31:28.014,1.66869,1.66916,1.15,2.78
2013.12.06 11:31:28.065,1.66877,1.66916,1.00,2.78
2013.12.06 11:31:28.367,1.66867,1.66908,1.38,1.55
2013.12.06 11:31:28.418,1.66867,1.66908,1.00,2.98
2013.12.06 11:31:28.469,1.66867,1.66905,1.00,1.13
2013.12.06 11:31:28.620,1.66867,1.66904,1.00,3.63
2013.12.06 11:31:29.968,1.66866,1.66904,1.00,3.63
2013.12.06 11:31:31.290,1.66866,1.669,1.00,2.23
2013.12.06 11:31:31.391,1.66856,1.669,1.38,2.03
2013.12.06 11:31:31.444,1.66856,1.669,1.00,2.03
2013.12.06 11:31:31.651,1.66856,1.669,1.00,2.03
2013.12.06 11:31:31.803,1.66856,1.669,1.00,2.96
2013.12.06 11:31:31.854,1.66856,1.66897,1.00,2.96
2013.12.06 11:31:32.156,1.66856,1.66895,1.00,2.95
2013.12.06 11:31:32.559,1.66856,1.66894,1.00,2.88
2013.12.06 11:31:39.121,1.66856,1.66894,1.00,1.55
2013.12.06 11:31:42.599,1.66847,1.66891,2.40,1.00
2013.12.06 11:31:42.700,1.66847,1.6689,1.08,2.95
2013.12.06 11:31:42.751,1.66847,1.66889,1.00,2.96
2013.12.06 11:31:43.003,1.66847,1.66889,1.00,2.96
2013.12.06 11:31:43.311,1.66847,1.66886,1.13,2.96
2013.12.06 11:31:45.062,1.66847,1.66886,1.13,2.96
2013.12.06 11:31:45.572,1.66847,1.66886,1.13,2.96
2013.12.06 11:31:49.709,1.66847,1.66885,1.00,3.03
2013.12.06 11:31:50.221,1.66847,1.66885,1.00,3.03
2013.12.06 11:31:50.806,1.66847,1.66885,1.00,1.53
2013.12.06 11:31:51.223,1.66847,1.66887,1.00,1.53
2013.12.06 11:31:51.543,1.66847,1.66887,1.15,1.53
2013.12.06 11:31:55.867,1.66847,1.66888,1.08,1.95
2013.12.06 11:31:56.170,1.66847,1.66886,1.00,2.96
2013.12.06 11:31:57.971,1.66847,1.66883,1.00,2.98
2013.12.06 11:31:58.330,1.66847,1.66884,1.00,1.53
2013.12.06 11:31:58.582,1.66847,1.66885,1.10,1.28
2013.12.06 11:32:00.060,1.66847,1.66886,1.00,2.03
2013.12.06 11:32:00.830,1.66847,1.66882,1.00,2.98
2013.12.06 11:32:01.731,1.66847,1.66884,1.00,1.53
2013.12.06 11:32:01.832,1.66847,1.66888,1.20,2.40
2013.12.06 11:32:02.380,1.66847,1.66888,1.20,1.53
2013.12.06 11:32:04.641,1.66856,1.66892,1.00,1.95
2013.12.06 11:32:04.691,1.66856,1.66892,1.00,1.53
2013.12.06 11:32:05.296,1.66847,1.66892,1.15,1.48
2013.12.06 11:32:05.448,1.66847,1.66892,1.10,2.88
2013.12.06 11:32:05.620,1.66847,1.66892,1.10,2.88
2013.12.06 11:32:05.932,1.66847,1.66888,1.10,2.98
2013.12.06 11:32:05.983,1.66847,1.66888,1.10,2.71
2013.12.06 11:32:06.952,1.66847,1.66889,1.10,2.03
2013.12.06 11:32:07.154,1.66847,1.66889,1.10,1.53
2013.12.06 11:32:07.383,1.66847,1.66889,1.10,1.53
2013.12.06 11:32:09.923,1.66847,1.66889,1.10,1.53
2013.12.06 11:32:10.533,1.66847,1.66889,1.10,1.53
2013.12.06 11:32:17.155,1.66847,1.66889,1.10,1.53
2013.12.06 11:32:17.306,1.66847,1.66885,1.10,1.00
2013.12.06 11:32:17.458,1.66837,1.66881,1.18,1.55
2013.12.06 11:32:18.042,1.66837,1.66881,1.18,1.53
2013.12.06 11:32:19.052,1.66846,1.66881,1.00,1.53
2013.12.06 11:32:19.428,1.66846,1.66884,1.00,1.53
2013.12.06 11:32:21.151,1.66846,1.66889,1.08,2.03
2013.12.06 11:32:21.768,1.66846,1.66889,1.08,2.03
2013.12.06 11:32:24.973,1.66846,1.66889,1.08,2.03
2013.12.06 11:32:25.074,1.66846,1.66889,1.08,1.58
2013.12.06 11:32:25.604,1.66846,1.66888,1.00,3.25
2013.12.06 11:32:25.906,1.66846,1.66885,1.00,3.63
2013.12.06 11:32:26.560,1.66846,1.66886,1.00,1.53
2013.12.06 11:32:28.175,1.66846,1.66886,1.00,1.65
2013.12.06 11:32:28.390,1.66836,1.66884,1.58,3.06
2013.12.06 11:32:28.441,1.66836,1.66884,1.20,4.88
2013.12.06 11:32:30.360,1.66836,1.66878,1.10,2.98
2013.12.06 11:32:30.562,1.66836,1.66878,1.10,1.53
2013.12.06 11:32:30.613,1.66836,1.66878,1.10,1.53
2013.12.06 11:32:33.969,1.66846,1.66878,1.00,1.53
2013.12.06 11:32:36.798,1.66846,1.66881,1.00,1.20
2013.12.06 11:32:36.848,1.66846,1.66882,1.00,1.53
2013.12.06 11:32:37.505,1.66846,1.66885,1.00,1.58
2013.12.06 11:32:37.688,1.66846,1.66886,1.00,1.90
2013.12.06 11:32:38.911,1.66857,1.66887,1.00,1.58
2013.12.06 11:32:39.012,1.66847,1.6689,1.08,2.03
2013.12.06 11:32:39.063,1.66847,1.6689,1.08,3.05
2013.12.06 11:32:39.384,1.66847,1.66886,1.00,2.96
2013.12.06 11:32:39.435,1.66847,1.66886,1.00,1.53
2013.12.06 11:32:39.536,1.66847,1.66886,1.00,1.50
2013.12.06 11:32:39.907,1.66857,1.6689,1.00,1.53
2013.12.06 11:32:40.326,1.66857,1.6689,1.00,2.63
2013.12.06 11:32:41.063,1.66857,1.66894,1.00,3.00
2013.12.06 11:32:41.961,1.66857,1.66894,1.00,1.28
2013.12.06 11:32:43.489,1.66866,1.66894,1.00,1.28
2013.12.06 11:32:44.251,1.66866,1.66898,1.00,1.53
2013.12.06 11:32:44.640,1.66866,1.66898,1.00,1.53
2013.12.06 11:32:44.947,1.66866,1.66898,1.00,2.03
2013.12.06 11:32:44.998,1.66856,1.66895,1.00,3.38
2013.12.06 11:32:54.528,1.66847,1.66894,1.53,2.78
2013.12.06 11:32:54.689,1.66847,1.66894,1.95,1.53
2013.12.06 11:32:54.740,1.66847,1.66894,1.95,1.55
2013.12.06 11:32:54.791,1.66857,1.66894,1.00,1.15
2013.12.06 11:32:56.700,1.66847,1.66894,2.33,1.18
2013.12.06 11:32:57.119,1.66847,1.66894,2.03,3.71
2013.12.06 11:33:00.431,1.66847,1.66894,1.65,2.71
2013.12.06 11:33:00.935,1.66848,1.66894,1.28,3.71
2013.12.06 11:33:05.720,1.66847,1.66894,1.28,3.46
2013.12.06 11:33:05.872,1.66847,1.6689,1.00,2.96
2013.12.06 11:33:06.374,1.66847,1.6689,1.00,2.96
2013.12.06 11:33:07.693,1.66847,1.66889,1.00,2.96
2013.12.06 11:33:08.250,1.66847,1.66888,1.00,2.88
2013.12.06 11:33:09.657,1.66847,1.66887,1.00,1.53
2013.12.06 11:33:10.335,1.66847,1.66887,1.00,1.28
2013.12.06 11:33:12.146,1.66848,1.66887,1.00,1.20
2013.12.06 11:33:12.247,1.66848,1.66889,1.00,1.53
2013.12.06 11:33:12.699,1.66848,1.66889,1.18,1.55
2013.12.06 11:33:13.878,1.66849,1.66893,1.08,2.40
2013.12.06 11:33:14.232,1.66857,1.66893,1.00,1.53
2013.12.06 11:33:14.283,1.66857,1.66897,1.00,1.53
2013.12.06 11:33:14.384,1.66857,1.66897,1.00,1.53
2013.12.06 11:33:14.702,1.66857,1.66897,1.00,1.53
2013.12.06 11:33:15.231,1.66857,1.66897,1.00,1.53
2013.12.06 11:33:15.382,1.66857,1.66897,1.00,1.53
2013.12.06 11:33:15.734,1.66857,1.66897,1.00,1.53
2013.12.06 11:33:16.680,1.66857,1.66897,1.00,1.53
2013.12.06 11:33:17.478,1.66857,1.66899,1.00,1.53
2013.12.06 11:33:17.528,1.66857,1.66899,1.08,1.53
2013.12.06 11:33:17.579,1.66857,1.66899,1.28,1.53
2013.12.06 11:33:17.781,1.66861,1.669,1.00,2.03
2013.12.06 11:33:18.009,1.66857,1.669,1.53,1.53
2013.12.06 11:33:18.109,1.66861,1.669,1.00,1.53
2013.12.06 11:33:18.412,1.66861,1.669,1.08,1.48
2013.12.06 11:33:18.463,1.66861,1.669,1.08,1.55
2013.12.06 11:33:19.804,1.66861,1.669,1.08,1.55
2013.12.06 11:33:21.833,1.66876,1.669,1.00,2.03
2013.12.06 11:33:22.363,1.66876,1.66905,1.00,1.95
2013.12.06 11:33:23.168,1.66876,1.66905,1.00,2.14
2013.12.06 11:33:23.535,1.66876,1.66905,1.00,1.58
2013.12.06 11:33:23.787,1.66867,1.66905,1.00,3.76
2013.12.06 11:33:23.838,1.66867,1.66903,1.00,3.01
2013.12.06 11:33:24.150,1.66867,1.66897,1.00,2.88
2013.12.06 11:33:25.839,1.66867,1.66894,1.00,1.45
2013.12.06 11:33:26.455,1.66867,1.66895,1.00,1.58
2013.12.06 11:33:29.989,1.66857,1.66895,1.00,3.33
2013.12.06 11:33:30.040,1.66857,1.66893,1.00,3.01
2013.12.06 11:33:30.342,1.66866,1.66893,1.00,2.18
2013.12.06 11:33:31.908,1.66866,1.66894,1.00,1.65
2013.12.06 11:33:35.195,1.66857,1.66894,1.00,1.50
2013.12.06 11:33:35.296,1.66857,1.66894,1.00,1.50
2013.12.06 11:33:35.600,1.66867,1.66894,1.00,1.50
2013.12.06 11:33:36.698,1.66867,1.66894,1.00,1.50
2013.12.06 11:33:39.382,1.66867,1.66894,1.00,1.50
2013.12.06 11:34:01.409,1.66867,1.66894,1.00,1.58
2013.12.06 11:34:01.916,1.66867,1.66894,1.00,1.58
2013.12.06 11:34:02.633,1.66867,1.66894,1.00,1.58
2013.12.06 11:34:02.835,1.66867,1.66891,1.00,2.93
2013.12.06 11:34:02.936,1.66856,1.66891,1.00,1.50
2013.12.06 11:34:03.046,1.66856,1.66891,1.00,1.50
2013.12.06 11:34:03.569,1.66867,1.66891,1.00,1.50
2013.12.06 11:34:06.318,1.66857,1.66891,1.00,1.50
2013.12.06 11:34:06.428,1.66857,1.66891,1.00,1.50
2013.12.06 11:34:06.975,1.66857,1.66886,1.00,1.00
2013.12.06 11:34:07.469,1.66857,1.66886,1.00,1.58
2013.12.06 11:34:07.807,1.66866,1.66888,1.00,1.65
2013.12.06 11:34:11.107,1.66866,1.66889,1.00,1.65
2013.12.06 11:34:11.756,1.66866,1.66889,1.00,1.53
2013.12.06 11:34:18.598,1.66866,1.66892,1.00,1.53
2013.12.06 11:34:18.649,1.66857,1.66892,1.38,1.53
2013.12.06 11:34:19.166,1.66857,1.66892,1.00,1.95
2013.12.06 11:34:20.017,1.66857,1.66892,1.00,1.95
2013.12.06 11:34:20.068,1.66867,1.66892,1.00,1.95
2013.12.06 11:34:20.467,1.66867,1.66892,1.00,1.53
2013.12.06 11:34:21.029,1.66867,1.66896,1.00,1.58
2013.12.06 11:34:21.337,1.66867,1.66896,1.00,1.58
2013.12.06 11:34:25.072,1.66867,1.66896,1.00,1.58
2013.12.06 11:34:43.877,1.66867,1.66901,1.00,1.65
2013.12.06 11:34:45.207,1.66867,1.66902,1.00,1.90
2013.12.06 11:34:46.122,1.66867,1.66902,1.00,1.90
2013.12.06 11:34:46.226,1.66876,1.66907,1.00,3.08
2013.12.06 11:34:46.428,1.66876,1.66907,1.00,1.95
2013.12.06 11:34:47.116,1.66876,1.66908,1.00,1.13
2013.12.06 11:34:47.403,1.66876,1.66908,1.00,1.88
2013.12.06 11:34:49.724,1.66867,1.66908,1.65,2.88
2013.12.06 11:34:49.825,1.66867,1.66908,1.08,2.88
2013.12.06 11:34:50.329,1.66867,1.66904,1.00,3.15
2013.12.06 11:34:50.917,1.66867,1.66904,1.00,3.15
2013.12.06 11:34:56.091,1.66867,1.66903,1.00,3.71
2013.12.06 11:34:56.251,1.66856,1.66895,1.18,2.51
2013.12.06 11:34:56.439,1.66856,1.66889,1.10,1.38
2013.12.06 11:34:57.030,1.66856,1.66889,1.00,1.38
2013.12.06 11:34:57.746,1.66866,1.66893,1.00,1.50
2013.12.06 11:34:58.166,1.66866,1.66893,1.00,1.50
2013.12.06 11:35:00.918,1.66866,1.66894,1.00,1.85
2013.12.06 11:35:01.170,1.66867,1.66901,1.00,1.58
2013.12.06 11:35:01.372,1.66867,1.66901,1.00,1.20
2013.12.06 11:35:01.677,1.66876,1.669,1.00,1.38
2013.12.06 11:35:01.728,1.66876,1.669,1.00,1.45
2013.12.06 11:35:01.930,1.66876,1.669,1.00,1.20
2013.12.06 11:35:02.082,1.66866,1.669,1.00,1.20
2013.12.06 11:35:02.206,1.66866,1.669,1.00,1.45
2013.12.06 11:35:04.351,1.66866,1.669,1.13,1.53
2013.12.06 11:35:05.185,1.66866,1.66904,1.13,3.30
2013.12.06 11:35:10.061,1.66866,1.66904,1.38,2.03
2013.12.06 11:35:10.375,1.66866,1.66904,1.85,1.18
2013.12.06 11:35:10.679,1.66877,1.66909,1.00,1.58
2013.12.06 11:35:12.939,1.66867,1.66908,1.75,1.08
2013.12.06 11:35:13.040,1.66867,1.66908,1.75,1.45
2013.12.06 11:35:13.456,1.66867,1.66906,1.38,3.25
2013.12.06 11:35:14.030,1.66867,1.66906,1.38,3.25
2013.12.06 11:35:15.097,1.66867,1.66906,1.38,3.25
2013.12.06 11:35:16.433,1.66862,1.66899,1.38,1.18
2013.12.06 11:35:16.534,1.66858,1.66899,1.35,1.18
2013.12.06 11:35:16.636,1.66856,1.66897,2.33,2.23
2013.12.06 11:35:16.686,1.66856,1.66897,2.25,1.53
2013.12.06 11:35:16.989,1.66856,1.66897,1.75,2.96
2013.12.06 11:35:17.117,1.66856,1.66897,1.38,2.96
2013.12.06 11:35:17.319,1.66856,1.66897,1.88,2.96
2013.12.06 11:35:17.840,1.66856,1.66897,1.95,1.65
2013.12.06 11:35:20.912,1.66856,1.66897,1.88,1.65
2013.12.06 11:35:21.164,1.66852,1.66888,1.00,1.58
2013.12.06 11:35:21.265,1.66852,1.66882,1.00,2.20
2013.12.06 11:35:21.315,1.66839,1.66882,1.00,2.20
2013.12.06 11:35:22.184,1.66837,1.66882,1.65,1.15
2013.12.06 11:35:22.742,1.66837,1.66882,1.65,1.15
2013.12.06 11:35:22.793,1.66837,1.66882,1.65,1.15
2013.12.06 11:35:22.995,1.66837,1.66882,1.65,1.83
2013.12.06 11:35:23.045,1.66837,1.66882,1.48,2.25
2013.12.06 11:35:26.645,1.66837,1.66879,1.38,1.85
2013.12.06 11:35:27.390,1.66837,1.66876,1.38,2.50
2013.12.06 11:35:31.599,1.66837,1.66876,1.38,1.83
2013.12.06 11:35:32.179,1.66829,1.66873,1.75,2.58
2013.12.06 11:35:32.384,1.66837,1.66873,1.00,1.15
2013.12.06 11:35:32.637,1.66826,1.66865,1.38,2.50
2013.12.06 11:35:32.688,1.66826,1.66865,1.75,1.58
2013.12.06 11:35:33.146,1.66837,1.66865,1.00,1.58
2013.12.06 11:35:33.896,1.66832,1.66865,1.00,1.58
2013.12.06 11:35:34.048,1.66819,1.66864,1.75,3.26
2013.12.06 11:35:34.150,1.66819,1.66864,1.75,3.63
2013.12.06 11:35:34.342,1.66816,1.66862,2.33,2.63
2013.12.06 11:35:34.796,1.6682,1.66862,1.75,1.18
2013.12.06 11:35:36.860,1.66831,1.66864,1.00,1.15
2013.12.06 11:35:37.112,1.66826,1.66864,1.75,1.15
2013.12.06 11:35:37.627,1.66826,1.66864,1.75,1.15
2013.12.06 11:35:38.312,1.66831,1.66864,1.00,1.15
2013.12.06 11:35:39.286,1.66826,1.66864,1.75,1.15
2013.12.06 11:35:39.946,1.66826,1.66864,1.75,1.15
2013.12.06 11:35:40.506,1.66826,1.66864,1.75,1.58
2013.12.06 11:35:41.706,1.66826,1.66864,1.75,1.58
2013.12.06 11:35:42.276,1.66826,1.66864,1.75,1.58
2013.12.06 11:35:46.453,1.66819,1.66864,1.83,1.15
2013.12.06 11:35:46.504,1.66819,1.66864,2.25,1.15
2013.12.06 11:35:46.605,1.66819,1.66864,2.33,1.18
2013.12.06 11:35:48.765,1.66819,1.66864,2.33,1.15
2013.12.06 11:35:51.510,1.66827,1.66865,1.75,1.28
2013.12.06 11:35:52.058,1.66822,1.66858,1.75,1.00
2013.12.06 11:35:52.210,1.66822,1.66858,1.75,1.00
2013.12.06 11:36:06.533,1.66826,1.66861,1.75,1.53
2013.12.06 11:36:14.419,1.66826,1.66861,1.75,1.53
2013.12.06 11:36:14.966,1.66826,1.66862,1.75,1.53
2013.12.06 11:36:24.046,1.66827,1.66863,1.35,1.15
2013.12.06 11:36:34.694,1.66827,1.66863,1.35,1.53
2013.12.06 11:36:51.949,1.66827,1.66864,1.35,1.55
2013.12.06 11:36:52.000,1.66827,1.66864,1.35,1.55
2013.12.06 11:36:54.221,1.66827,1.66864,1.35,1.55
2013.12.06 11:36:59.955,1.66836,1.66871,1.00,1.53
2013.12.06 11:37:00.454,1.66836,1.66871,1.00,1.38
2013.12.06 11:37:00.554,1.66827,1.66866,2.40,2.88
2013.12.06 11:37:00.605,1.66827,1.66866,2.03,2.88
2013.12.06 11:37:00.908,1.66837,1.66866,1.00,1.88
2013.12.06 11:37:01.210,1.66855,1.66866,1.00,1.00
2013.12.06 11:37:01.419,1.66846,1.6687,1.00,1.00
2013.12.06 11:37:01.471,1.66846,1.6688,1.00,1.28
2013.12.06 11:37:01.572,1.66846,1.6688,1.15,1.00
2013.12.06 11:37:01.673,1.66846,1.66882,1.15,1.00
2013.12.06 11:37:02.098,1.66846,1.66892,1.15,1.58
2013.12.06 11:37:02.452,1.66846,1.66892,1.15,1.90
2013.12.06 11:37:02.705,1.66846,1.6689,1.00,3.01
2013.12.06 11:37:02.756,1.66846,1.6689,1.18,1.90
2013.12.06 11:37:02.907,1.66843,1.66889,2.03,1.48
2013.12.06 11:37:03.009,1.66846,1.66889,1.55,1.20
2013.12.06 11:37:03.059,1.66847,1.66893,1.20,2.93
2013.12.06 11:37:03.110,1.66848,1.66893,1.28,2.25
2013.12.06 11:37:03.211,1.66851,1.66893,1.15,1.10
2013.12.06 11:37:03.965,1.66851,1.66893,1.15,1.48
2013.12.06 11:37:04.413,1.66851,1.66893,1.15,1.95
2013.12.06 11:37:04.727,1.66848,1.66889,1.58,1.38
2013.12.06 11:37:04.878,1.66846,1.66891,1.65,1.53
2013.12.06 11:37:04.979,1.66847,1.66888,1.15,1.38
2013.12.06 11:37:09.688,1.66843,1.66888,1.15,1.38
2013.12.06 11:37:21.791,1.66842,1.66887,1.15,2.66
2013.12.06 11:37:22.134,1.6684,1.66886,1.15,2.65
2013.12.06 11:37:22.204,1.6684,1.66886,1.15,2.66
2013.12.06 11:37:23.015,1.6684,1.66886,1.15,2.66
2013.12.06 11:37:24.004,1.6684,1.66886,1.15,1.90
2013.12.06 11:37:24.257,1.66837,1.66883,1.15,3.53
2013.12.06 11:37:24.358,1.66837,1.66883,1.53,3.53
2013.12.06 11:37:24.509,1.66846,1.66883,1.00,1.45
2013.12.06 11:37:24.642,1.66846,1.66883,1.00,1.48
2013.12.06 11:37:24.855,1.66846,1.66883,1.00,1.48
2013.12.06 11:37:25.407,1.66846,1.66884,1.00,1.53
2013.12.06 11:37:25.985,1.66846,1.66884,1.00,1.53
2013.12.06 11:37:26.497,1.66846,1.66884,1.00,1.53
2013.12.06 11:37:27.166,1.66846,1.66884,1.00,1.53
2013.12.06 11:37:29.080,1.66846,1.66884,1.18,1.48
2013.12.06 11:37:29.824,1.66846,1.66884,1.18,1.48
2013.12.06 11:37:34.896,1.66846,1.66884,1.18,1.48
2013.12.06 11:37:37.128,1.66846,1.66884,1.00,1.53
2013.12.06 11:37:37.229,1.66846,1.66884,1.00,1.48
2013.12.06 11:37:37.537,1.66846,1.66884,1.00,1.55
2013.12.06 11:37:41.036,1.66846,1.66884,1.20,1.38
2013.12.06 11:37:41.187,1.66837,1.66884,1.53,4.28
2013.12.06 11:37:41.519,1.66837,1.66884,1.53,2.03
2013.12.06 11:37:41.878,1.66847,1.66884,1.00,1.53
2013.12.06 11:37:43.700,1.66847,1.66884,1.00,1.53
2013.12.06 11:37:44.246,1.66847,1.66884,1.00,1.38
2013.12.06 11:37:44.766,1.66847,1.66884,1.00,1.38
2013.12.06 11:37:45.075,1.66847,1.66884,1.00,1.45
2013.12.06 11:37:45.126,1.66847,1.66884,1.00,1.53
2013.12.06 11:37:45.654,1.66847,1.66884,1.00,1.53
2013.12.06 11:37:45.906,1.66847,1.66884,1.00,1.53
2013.12.06 11:37:46.451,1.66847,1.66884,1.00,1.53
2013.12.06 11:37:47.215,1.66847,1.66884,1.00,1.53
2013.12.06 11:37:47.543,1.66847,1.66887,1.00,2.70
2013.12.06 11:37:47.593,1.66847,1.66887,1.08,2.03
2013.12.06 11:37:47.745,1.66847,1.66887,1.15,2.03
2013.12.06 11:37:47.941,1.66856,1.66887,1.00,1.88
2013.12.06 11:37:49.550,1.66846,1.66892,1.53,1.58
2013.12.06 11:37:49.651,1.66846,1.66892,1.15,3.33
2013.12.06 11:37:50.196,1.66846,1.66891,1.15,2.03
2013.12.06 11:37:50.462,1.66846,1.66887,1.00,3.53
2013.12.06 11:37:51.433,1.66846,1.66887,1.00,3.03
2013.12.06 11:37:52.014,1.66846,1.66887,1.00,2.03
2013.12.06 11:37:52.570,1.66846,1.66887,1.00,3.03
2013.12.06 11:37:53.105,1.66846,1.66887,1.00,3.03
2013.12.06 11:37:53.948,1.66846,1.66887,1.00,2.78
2013.12.06 11:37:54.164,1.66846,1.66887,1.00,3.03
2013.12.06 11:37:54.652,1.66846,1.66887,1.15,2.03
2013.12.06 11:37:54.980,1.66846,1.66887,1.00,2.03
2013.12.06 11:37:55.154,1.66846,1.66887,1.00,2.03
2013.12.06 11:37:55.404,1.66846,1.66887,1.00,2.03
2013.12.06 11:37:55.924,1.66846,1.66887,1.00,3.03
2013.12.06 11:37:56.914,1.66846,1.66887,1.00,3.03
2013.12.06 11:37:57.422,1.66846,1.66887,1.00,3.03
2013.12.06 11:37:58.124,1.66846,1.66887,1.00,3.03
2013.12.06 11:37:58.663,1.66846,1.66887,1.00,2.03
2013.12.06 11:38:00.103,1.66846,1.66887,1.00,2.03
2013.12.06 11:38:02.352,1.66846,1.66886,1.00,3.03
2013.12.06 11:38:02.911,1.66846,1.66885,1.00,3.03
2013.12.06 11:38:03.214,1.66842,1.66884,1.00,2.98
2013.12.06 11:38:03.264,1.66841,1.66883,1.08,3.06
2013.12.06 11:38:03.614,1.66857,1.66883,1.00,1.38
2013.12.06 11:38:03.665,1.66857,1.66885,1.00,1.65
2013.12.06 11:38:06.521,1.66857,1.66885,1.00,1.55
2013.12.06 11:38:06.622,1.66847,1.66885,1.00,2.98
2013.12.06 11:38:06.984,1.66847,1.66885,1.00,3.31
2013.12.06 11:38:15.625,1.66847,1.66883,1.00,3.00
2013.12.06 11:38:15.826,1.66836,1.66879,1.55,1.38
2013.12.06 11:38:16.104,1.66836,1.66879,1.18,1.38
2013.12.06 11:38:16.955,1.66836,1.66872,1.00,1.00
2013.12.06 11:38:17.276,1.66836,1.66872,1.00,1.43
2013.12.06 11:38:17.377,1.66827,1.66868,1.08,1.58
2013.12.06 11:38:17.710,1.66827,1.66868,1.08,1.58
2013.12.06 11:38:18.307,1.66827,1.66868,1.00,1.58
2013.12.06 11:38:18.816,1.66827,1.66868,1.00,1.58
2013.12.06 11:38:24.625,1.66826,1.66867,1.00,3.75
2013.12.06 11:38:24.676,1.66826,1.66866,1.00,2.96
2013.12.06 11:38:25.086,1.66817,1.66862,1.48,2.88
2013.12.06 11:38:25.389,1.66826,1.66862,1.00,2.63
2013.12.06 11:38:25.439,1.66826,1.66862,1.00,2.63
2013.12.06 11:38:26.224,1.66826,1.66862,1.00,1.53
2013.12.06 11:38:26.426,1.66827,1.66863,1.00,2.78
2013.12.06 11:38:28.163,1.66826,1.66863,1.13,1.53
2013.12.06 11:38:28.316,1.66826,1.66863,1.00,3.03
2013.12.06 11:38:28.820,1.66826,1.66863,1.00,1.53
2013.12.06 11:38:28.994,1.66826,1.66863,1.00,1.53
2013.12.06 11:38:29.415,1.66826,1.66863,1.00,3.03
2013.12.06 11:38:29.927,1.66826,1.66863,1.00,3.03
2013.12.06 11:38:30.445,1.66826,1.66863,1.00,3.71
2013.12.06 11:38:30.956,1.66826,1.66861,1.00,3.63
2013.12.06 11:38:31.316,1.66817,1.66861,1.38,3.63
2013.12.06 11:38:31.418,1.66817,1.66861,1.38,3.63
2013.12.06 11:38:31.734,1.66827,1.66861,1.00,1.53
2013.12.06 11:38:31.901,1.66816,1.66861,1.53,1.53
2013.12.06 11:38:32.103,1.66827,1.66861,1.00,3.38
2013.12.06 11:38:32.153,1.66827,1.66861,1.00,1.53
2013.12.06 11:38:32.658,1.66827,1.66861,1.00,2.96
2013.12.06 11:38:33.183,1.66827,1.66861,1.00,2.03
2013.12.06 11:38:33.385,1.66827,1.66861,1.00,1.53
2013.12.06 11:38:33.902,1.66827,1.66861,1.00,1.53
2013.12.06 11:38:34.406,1.66827,1.66861,1.00,2.96
2013.12.06 11:38:34.918,1.66827,1.66861,1.00,2.96
2013.12.06 11:38:35.273,1.66827,1.66861,1.00,2.96
2013.12.06 11:38:35.474,1.66827,1.66861,1.00,1.53
2013.12.06 11:38:35.975,1.66827,1.66861,1.00,1.53
2013.12.06 11:38:36.680,1.66827,1.66861,1.00,1.53
2013.12.06 11:38:36.983,1.66827,1.66861,1.00,1.53
2013.12.06 11:38:37.235,1.66827,1.66861,1.00,1.53
2013.12.06 11:38:37.656,1.66827,1.6686,1.00,2.95
2013.12.06 11:38:38.160,1.66827,1.6686,1.00,1.53
2013.12.06 11:38:38.578,1.66816,1.6686,1.38,1.53
2013.12.06 11:38:38.679,1.66816,1.6686,1.38,1.53
2013.12.06 11:38:38.984,1.66826,1.66859,1.00,2.88
2013.12.06 11:38:39.135,1.66817,1.66859,1.38,2.88
2013.12.06 11:38:39.344,1.66827,1.66859,1.00,2.88
2013.12.06 11:38:39.847,1.66827,1.66859,1.00,1.53
2013.12.06 11:38:40.201,1.66827,1.66859,1.00,1.53
2013.12.06 11:38:40.428,1.66827,1.66859,1.00,1.53
2013.12.06 11:38:40.932,1.66827,1.66859,1.00,1.53
2013.12.06 11:38:41.386,1.66827,1.6686,1.00,1.53
2013.12.06 11:38:41.564,1.66816,1.6686,1.48,1.53
2013.12.06 11:38:41.615,1.66816,1.6686,1.48,1.53
2013.12.06 11:38:41.968,1.66816,1.66858,1.38,2.88
2013.12.06 11:38:42.277,1.66826,1.66858,1.00,1.55
2013.12.06 11:38:42.576,1.66816,1.6686,1.38,2.03
2013.12.06 11:38:42.727,1.66816,1.6686,1.38,2.70
2013.12.06 11:38:44.444,1.66816,1.66853,1.38,1.55
2013.12.06 11:38:44.494,1.66816,1.66853,1.38,1.55
2013.12.06 11:38:44.646,1.66807,1.66849,1.48,2.71
2013.12.06 11:38:44.747,1.66807,1.66845,1.13,2.50
2013.12.06 11:38:44.798,1.66807,1.66845,1.13,1.08
2013.12.06 11:38:44.901,1.66807,1.66848,1.13,1.28
2013.12.06 11:38:44.957,1.66816,1.66848,1.00,1.18
2013.12.06 11:38:51.511,1.66816,1.66852,1.13,1.15
2013.12.06 11:38:51.612,1.66816,1.66853,1.38,1.15
2013.12.06 11:38:58.689,1.66826,1.66853,1.00,1.15
2013.12.06 11:38:58.748,1.66826,1.66853,1.00,1.15
2013.12.06 11:38:59.634,1.66817,1.66855,1.15,1.38
2013.12.06 11:39:00.466,1.66817,1.66855,1.00,1.53
2013.12.06 11:39:03.765,1.66817,1.66855,1.00,1.53
2013.12.06 11:39:10.903,1.66817,1.66855,1.00,1.53
2013.12.06 11:39:11.206,1.66817,1.66854,2.33,1.38
2013.12.06 11:39:11.256,1.66817,1.66854,1.45,1.38
2013.12.06 11:39:11.408,1.66827,1.66863,1.10,1.45
2013.12.06 11:39:11.459,1.66827,1.6687,1.48,1.53
2013.12.06 11:39:11.560,1.66827,1.66872,1.65,1.90
2013.12.06 11:39:11.712,1.66827,1.66872,1.28,2.40
2013.12.06 11:39:11.845,1.66837,1.66872,1.00,2.40
2013.12.06 11:39:12.350,1.66837,1.66872,1.00,2.40
2013.12.06 11:39:13.383,1.66826,1.66872,1.55,3.15
2013.12.06 11:39:13.602,1.66837,1.66872,1.00,3.15
2013.12.06 11:39:14.000,1.66837,1.66872,1.00,3.15
2013.12.06 11:39:14.592,1.66826,1.66872,1.55,1.65
2013.12.06 11:39:14.643,1.66826,1.66872,1.55,1.65
2013.12.06 11:39:17.064,1.66826,1.66872,1.18,2.66
2013.12.06 11:39:20.238,1.66826,1.66871,1.10,3.08
2013.12.06 11:39:22.036,1.66826,1.66869,1.00,2.88
2013.12.06 11:39:22.087,1.66836,1.66869,1.00,2.88
2013.12.06 11:39:22.404,1.66826,1.66869,1.00,2.88
2013.12.06 11:39:22.548,1.66818,1.66868,1.13,2.96
2013.12.06 11:39:22.699,1.66817,1.66867,1.20,3.05
2013.12.06 11:39:22.801,1.66816,1.66865,1.53,4.38
2013.12.06 11:39:22.902,1.66816,1.66865,1.53,4.38
2013.12.06 11:39:23.214,1.66827,1.66865,1.00,4.13
2013.12.06 11:39:24.636,1.66816,1.66863,1.15,2.96
2013.12.06 11:39:30.177,1.66816,1.66863,1.15,2.96
2013.12.06 11:39:30.507,1.66816,1.66863,1.15,1.53
2013.12.06 11:39:30.856,1.66816,1.66863,1.53,1.53
2013.12.06 11:39:30.957,1.66816,1.66863,1.53,1.53
2013.12.06 11:39:31.159,1.66816,1.66861,1.48,2.88
2013.12.06 11:39:31.613,1.66816,1.66861,1.48,2.88
2013.12.06 11:39:31.715,1.66816,1.66861,1.10,2.88
2013.12.06 11:39:32.265,1.66806,1.66856,1.15,3.63
2013.12.06 11:39:32.366,1.66806,1.66853,1.10,2.88
2013.12.06 11:39:32.593,1.66806,1.66853,1.10,2.88
2013.12.06 11:39:32.714,1.66806,1.66853,1.10,2.88
2013.12.06 11:39:32.916,1.66816,1.66853,1.00,2.88
2013.12.06 11:39:33.018,1.66807,1.66853,1.00,3.63
2013.12.06 11:39:33.381,1.66807,1.66853,1.00,3.63
2013.12.06 11:39:36.016,1.66807,1.66853,1.00,3.63
2013.12.06 11:39:36.319,1.66807,1.66848,1.00,2.88
2013.12.06 11:39:36.420,1.66807,1.66848,1.00,2.88
2013.12.06 11:39:38.963,1.66807,1.66844,1.00,4.28
2013.12.06 11:39:40.591,1.66797,1.66844,1.13,5.78
2013.12.06 11:39:40.692,1.66797,1.66844,1.45,6.53
2013.12.06 11:39:41.057,1.66796,1.66839,1.48,3.61
2013.12.06 11:39:41.161,1.66796,1.66839,1.48,3.61
2013.12.06 11:39:42.838,1.66796,1.66839,1.48,3.18
2013.12.06 11:39:43.384,1.66796,1.66839,1.10,4.36
2013.12.06 11:39:43.963,1.66796,1.66839,1.10,4.36
2013.12.06 11:39:54.938,1.66796,1.66836,1.00,3.71
2013.12.06 11:40:01.523,1.66796,1.66835,1.00,3.23
2013.12.06 11:40:01.726,1.66787,1.66833,1.53,3.20
2013.12.06 11:40:01.928,1.66787,1.66829,1.48,3.93
2013.12.06 11:40:02.029,1.66787,1.66829,1.10,3.18
2013.12.06 11:40:02.737,1.66787,1.66829,1.10,3.18
2013.12.06 11:40:03.014,1.66787,1.66829,1.10,3.18
2013.12.06 11:40:03.800,1.66787,1.66829,1.10,1.53
2013.12.06 11:40:04.566,1.66787,1.66829,1.10,1.53
2013.12.06 11:40:05.132,1.66787,1.66829,1.20,2.03
2013.12.06 11:40:05.233,1.66787,1.66829,1.20,3.18
2013.12.06 11:40:10.162,1.66787,1.66829,1.20,3.18
2013.12.06 11:40:12.369,1.66787,1.66829,1.20,3.20
2013.12.06 11:40:30.886,1.66787,1.66827,1.00,2.96
2013.12.06 11:40:30.987,1.66787,1.66827,1.00,2.96
2013.12.06 11:40:31.536,1.66787,1.66827,1.00,2.96
2013.12.06 11:40:32.968,1.66787,1.66828,1.13,1.53
2013.12.06 11:40:33.031,1.66797,1.66828,1.00,1.53
2013.12.06 11:40:33.567,1.66797,1.66828,1.00,1.53
2013.12.06 11:40:34.231,1.66797,1.66831,1.00,1.53
2013.12.06 11:40:36.848,1.66797,1.66831,1.00,2.88
2013.12.06 11:40:37.153,1.66797,1.66831,1.00,2.88
2013.12.06 11:40:45.760,1.66787,1.66831,1.00,4.38
2013.12.06 11:40:45.964,1.66787,1.66829,1.00,2.96
2013.12.06 11:40:46.309,1.66787,1.66825,1.00,2.88
2013.12.06 11:40:46.360,1.66776,1.66824,1.53,3.91
2013.12.06 11:40:46.411,1.66776,1.66822,1.08,3.53
2013.12.06 11:40:46.742,1.66776,1.66822,1.45,3.63
2013.12.06 11:40:48.262,1.66787,1.66821,1.00,1.53
2013.12.06 11:40:58.740,1.66787,1.66821,1.00,1.45
2013.12.06 11:40:58.942,1.66787,1.66821,1.00,1.53
2013.12.06 11:40:59.044,1.66787,1.66821,1.00,1.53
2013.12.06 11:40:59.637,1.66787,1.66822,1.00,1.53
2013.12.06 11:41:01.370,1.66787,1.66822,1.00,1.53
2013.12.06 11:41:01.718,1.66777,1.6682,1.38,2.88
2013.12.06 11:41:03.141,1.66786,1.6682,1.00,2.88
2013.12.06 11:41:03.468,1.66776,1.6682,1.38,3.63
2013.12.06 11:41:04.257,1.66776,1.6682,1.38,4.38
2013.12.06 11:41:07.286,1.66776,1.6682,1.38,4.38
2013.12.06 11:41:08.701,1.66776,1.6682,1.38,4.38
2013.12.06 11:41:21.053,1.66787,1.66817,1.00,2.63
2013.12.06 11:41:21.154,1.66787,1.66817,1.00,2.63
2013.12.06 11:41:21.406,1.66776,1.6682,1.45,1.20
2013.12.06 11:41:21.801,1.66779,1.6682,1.00,1.88
2013.12.06 11:41:22.301,1.66787,1.6682,1.00,2.88
2013.12.06 11:41:24.020,1.66777,1.6682,1.75,2.88
2013.12.06 11:41:25.536,1.66777,1.6682,1.75,2.88
2013.12.06 11:41:25.694,1.66777,1.6682,1.38,2.88
2013.12.06 11:41:26.390,1.66777,1.6682,1.38,2.88
2013.12.06 11:41:26.722,1.66777,1.6682,1.38,2.88
2013.12.06 11:41:27.313,1.66777,1.66816,1.38,2.88
2013.12.06 11:41:27.621,1.66787,1.66816,1.00,3.00
2013.12.06 11:41:28.970,1.66777,1.66816,1.00,1.53
2013.12.06 11:41:29.092,1.66777,1.66816,1.00,1.53
2013.12.06 11:41:30.620,1.66786,1.66816,1.00,1.53
2013.12.06 11:41:31.655,1.66777,1.66814,1.00,1.45
2013.12.06 11:41:31.705,1.66777,1.66814,1.00,1.45
2013.12.06 11:41:34.711,1.66777,1.66816,1.00,1.73
2013.12.06 11:41:41.023,1.66777,1.6682,1.08,1.53
2013.12.06 11:41:44.420,1.66777,1.6682,1.08,1.53
2013.12.06 11:41:45.082,1.66777,1.6682,1.20,1.53
2013.12.06 11:41:45.371,1.66777,1.6682,1.20,1.53
2013.12.06 11:41:45.702,1.66777,1.6682,1.00,2.18
2013.12.06 11:41:46.210,1.66777,1.66819,1.00,3.53
2013.12.06 11:41:46.641,1.66787,1.66819,1.00,2.88
2013.12.06 11:41:47.200,1.66787,1.66819,1.00,2.88
2013.12.06 11:41:47.457,1.66776,1.66822,1.15,2.33
2013.12.06 11:41:47.697,1.66776,1.66822,1.15,2.33
2013.12.06 11:41:48.259,1.66776,1.66822,1.15,2.03
2013.12.06 11:41:49.061,1.66786,1.66822,1.00,1.53
2013.12.06 11:41:49.112,1.66786,1.66822,1.00,1.53
2013.12.06 11:41:51.841,1.6678,1.66824,1.18,1.90
2013.12.06 11:41:51.891,1.6678,1.66824,1.18,1.90
2013.12.06 11:41:51.993,1.6678,1.66824,1.15,1.95
2013.12.06 11:41:52.094,1.6678,1.66824,1.15,1.95
2013.12.06 11:42:05.585,1.6678,1.66824,1.15,1.53
2013.12.06 11:42:05.636,1.6678,1.66824,1.15,1.53
2013.12.06 11:42:05.990,1.6678,1.66824,1.58,1.83
2013.12.06 11:42:07.388,1.6678,1.66824,2.25,1.75
2013.12.06 11:42:07.999,1.6678,1.66824,2.25,1.75
2013.12.06 11:42:08.791,1.6678,1.66824,2.25,1.75
2013.12.06 11:42:11.211,1.6678,1.66824,2.25,1.75
2013.12.06 11:42:12.090,1.6678,1.66824,2.25,1.75
2013.12.06 11:42:28.287,1.66782,1.66824,1.15,1.75
2013.12.06 11:42:28.946,1.66786,1.6683,1.18,1.90
2013.12.06 11:42:29.248,1.66787,1.66831,1.18,1.90
2013.12.06 11:42:29.848,1.66786,1.66831,1.18,1.53
2013.12.06 11:42:32.029,1.66786,1.66831,1.18,1.53
2013.12.06 11:42:42.821,1.66786,1.66831,1.18,3.15
2013.12.06 11:42:45.090,1.66786,1.66831,1.18,2.03
2013.12.06 11:42:46.953,1.66786,1.66829,1.18,3.05
2013.12.06 11:42:47.147,1.66786,1.66829,1.18,1.55
2013.12.06 11:42:47.672,1.66786,1.66829,1.18,1.55
2013.12.06 11:42:49.750,1.66786,1.66829,1.18,1.53
2013.12.06 11:42:54.912,1.66782,1.66828,1.53,1.38
2013.12.06 11:42:55.453,1.66787,1.66828,1.20,1.53
2013.12.06 11:43:00.181,1.66782,1.66828,1.18,3.70
2013.12.06 11:43:00.282,1.66776,1.66827,2.70,3.25
2013.12.06 11:43:01.736,1.66781,1.66827,1.15,4.00
2013.12.06 11:43:02.363,1.66781,1.66827,1.15,4.00
2013.12.06 11:43:08.196,1.66786,1.66827,1.10,1.83
2013.12.06 11:43:08.620,1.66805,1.66827,1.00,1.83
2013.12.06 11:43:08.773,1.66807,1.66827,1.00,1.75
2013.12.06 11:43:09.189,1.66807,1.66836,1.00,2.03
2013.12.06 11:43:09.391,1.66807,1.66836,1.00,1.95
2013.12.06 11:43:09.644,1.66807,1.66836,1.00,1.88
2013.12.06 11:43:09.975,1.66807,1.66837,1.15,1.75
2013.12.06 11:43:10.025,1.66807,1.66837,1.15,1.75
2013.12.06 11:43:10.510,1.66799,1.66835,1.20,2.88
2013.12.06 11:43:10.561,1.66797,1.66835,1.80,2.88
2013.12.06 11:43:10.612,1.66796,1.66835,1.53,2.88
2013.12.06 11:43:10.662,1.66796,1.66834,1.15,2.88
2013.12.06 11:43:10.713,1.66796,1.66834,1.15,2.88
2013.12.06 11:43:11.235,1.66796,1.66834,1.08,2.96
2013.12.06 11:43:11.426,1.66796,1.66834,1.00,3.03
2013.12.06 11:43:13.429,1.66796,1.66833,1.13,3.03
2013.12.06 11:43:14.616,1.66796,1.66833,1.00,1.90
2013.12.06 11:43:15.160,1.66796,1.66832,1.00,3.00
2013.12.06 11:43:15.312,1.66796,1.66832,1.10,2.10
2013.12.06 11:43:15.464,1.66787,1.66827,1.28,3.10
2013.12.06 11:43:15.615,1.66787,1.66827,1.20,1.75
2013.12.06 11:43:15.767,1.66786,1.66826,1.18,3.33
2013.12.06 11:43:16.305,1.66786,1.66826,1.18,3.33
2013.12.06 11:43:16.406,1.66786,1.66826,1.18,3.33
2013.12.06 11:43:17.144,1.66786,1.66826,1.55,3.08
2013.12.06 11:43:17.195,1.66786,1.66826,1.90,2.71
2013.12.06 11:43:17.690,1.66786,1.6682,1.38,1.00
2013.12.06 11:43:17.899,1.66786,1.66821,1.38,1.90
2013.12.06 11:43:17.950,1.66786,1.66822,1.38,1.65
2013.12.06 11:43:18.002,1.66786,1.66822,1.75,1.58
2013.12.06 11:43:18.663,1.66787,1.66822,1.75,1.58
2013.12.06 11:43:19.703,1.66787,1.66822,1.00,2.18
2013.12.06 11:43:20.219,1.66787,1.66822,1.00,2.18
2013.12.06 11:43:24.658,1.6678,1.66819,1.15,1.38
2013.12.06 11:43:24.840,1.66787,1.66822,1.00,2.18
2013.12.06 11:43:25.189,1.66797,1.66822,1.00,2.18
2013.12.06 11:43:25.290,1.66797,1.66822,1.00,2.18
2013.12.06 11:43:25.853,1.66787,1.66822,1.00,1.43
2013.12.06 11:43:27.627,1.6678,1.66818,1.15,1.38
2013.12.06 11:43:28.747,1.66777,1.66818,1.15,1.38
2013.12.06 11:43:28.798,1.66777,1.66818,1.15,1.38
2013.12.06 11:43:29.051,1.66769,1.66815,1.58,3.03
2013.12.06 11:43:29.153,1.66766,1.66815,1.90,4.38
2013.12.06 11:43:31.319,1.66766,1.66815,1.90,4.00
2013.12.06 11:43:33.079,1.66766,1.66815,1.90,4.00
2013.12.06 11:43:33.312,1.66769,1.66815,1.15,3.63
2013.12.06 11:43:33.362,1.66766,1.66815,1.90,3.63
2013.12.06 11:43:34.391,1.66766,1.66815,1.90,2.03
2013.12.06 11:43:43.580,1.6677,1.66815,1.53,1.55
2013.12.06 11:43:44.080,1.6677,1.66815,1.53,1.55
2013.12.06 11:43:44.630,1.6677,1.66815,1.53,1.55
2013.12.06 11:43:48.691,1.66766,1.66814,1.90,2.96
2013.12.06 11:43:49.148,1.66776,1.66814,1.00,1.53
2013.12.06 11:43:49.917,1.66768,1.66814,1.53,2.03
2013.12.06 11:43:50.197,1.66766,1.66814,1.75,3.38
2013.12.06 11:43:50.398,1.66766,1.66813,1.83,1.53
2013.12.06 11:43:50.899,1.66766,1.66813,1.90,1.45
2013.12.06 11:43:52.153,1.66768,1.66814,1.55,1.53
2013.12.06 11:43:58.312,1.66776,1.66816,1.00,1.53
2013.12.06 11:43:58.540,1.66776,1.66819,1.48,1.95
2013.12.06 11:43:58.641,1.66776,1.66819,1.48,1.65
2013.12.06 11:43:58.742,1.66787,1.66819,1.00,1.65
2013.12.06 11:43:59.045,1.66787,1.66819,1.00,1.53
2013.12.06 11:43:59.095,1.66777,1.66819,1.48,1.53
2013.12.06 11:43:59.525,1.66771,1.66817,1.90,3.06
2013.12.06 11:44:00.067,1.66774,1.66817,1.65,3.06
2013.12.06 11:44:00.180,1.66774,1.66815,1.65,2.30
2013.12.06 11:44:00.920,1.6677,1.66815,1.58,1.20
2013.12.06 11:44:08.666,1.66772,1.66815,1.53,1.48
2013.12.06 11:44:09.173,1.66772,1.66815,1.53,1.10
2013.12.06 11:44:10.466,1.66777,1.66819,1.48,1.53
2013.12.06 11:44:10.977,1.66777,1.66819,1.48,1.53
2013.12.06 11:44:17.528,1.66776,1.66818,1.55,1.20
2013.12.06 11:44:18.428,1.66776,1.66818,1.55,1.20
2013.12.06 11:44:20.200,1.66775,1.66817,1.53,3.03
2013.12.06 11:44:21.630,1.66777,1.66816,1.53,2.88
2013.12.06 11:44:21.932,1.66777,1.66812,1.53,2.13
2013.12.06 11:44:22.706,1.66776,1.66812,1.53,2.13
2013.12.06 11:44:23.366,1.66775,1.66812,1.53,1.00
2013.12.06 11:44:24.457,1.66775,1.66812,1.53,1.00
2013.12.06 11:44:24.761,1.66776,1.66812,1.95,1.00
2013.12.06 11:44:25.267,1.66776,1.66812,2.70,1.13
2013.12.06 11:44:25.914,1.66776,1.66812,1.20,1.38
2013.12.06 11:44:26.668,1.66776,1.66812,1.20,1.00
2013.12.06 11:44:27.231,1.66775,1.66812,1.53,1.00
2013.12.06 11:44:29.359,1.66776,1.66808,1.53,1.00
2013.12.06 11:44:29.969,1.66776,1.66808,1.53,1.00
2013.12.06 11:44:33.883,1.66775,1.66811,1.53,1.38
2013.12.06 11:44:35.448,1.66775,1.66811,1.53,1.38
2013.12.06 11:44:44.693,1.66777,1.66811,1.53,1.00
2013.12.06 11:44:45.202,1.66777,1.66813,1.53,1.00
2013.12.06 11:44:45.286,1.66777,1.66813,1.53,1.00
2013.12.06 11:44:45.387,1.66776,1.66813,1.95,1.13
2013.12.06 11:44:45.488,1.66775,1.66813,1.53,2.26
2013.12.06 11:44:48.330,1.66776,1.66813,1.53,2.51
2013.12.06 11:44:54.588,1.66774,1.66813,1.53,3.01
2013.12.06 11:44:54.917,1.66774,1.66813,1.53,3.26
2013.12.06 11:44:56.349,1.66774,1.66813,1.53,3.01
2013.12.06 11:44:57.320,1.66775,1.66813,1.53,2.26
2013.12.06 11:44:58.460,1.66775,1.66813,1.53,2.51
2013.12.06 11:44:59.977,1.66779,1.66813,1.53,2.51
2013.12.06 11:45:01.972,1.66775,1.6681,1.53,2.13
2013.12.06 11:45:02.224,1.66767,1.66807,1.48,2.30
2013.12.06 11:45:02.275,1.66767,1.66805,1.48,1.00
2013.12.06 11:45:02.325,1.66767,1.66805,1.48,1.00
2013.12.06 11:45:02.427,1.66759,1.66803,1.53,3.03
2013.12.06 11:45:02.641,1.66757,1.66803,1.93,3.08
2013.12.06 11:45:03.229,1.66757,1.66803,1.85,3.70
2013.12.06 11:45:03.863,1.66762,1.66803,1.58,3.33
2013.12.06 11:45:04.065,1.66767,1.66802,1.38,2.28
2013.12.06 11:45:04.166,1.66767,1.66802,1.38,1.15
2013.12.06 11:45:04.217,1.66767,1.66802,1.38,1.00
2013.12.06 11:45:04.620,1.66767,1.66802,1.38,1.08
2013.12.06 11:45:04.873,1.66767,1.668,1.38,1.00
2013.12.06 11:45:05.063,1.66767,1.668,1.38,1.00
2013.12.06 11:45:05.114,1.66767,1.668,1.38,1.65
2013.12.06 11:45:05.625,1.66767,1.668,1.38,1.00
2013.12.06 11:45:11.529,1.66763,1.668,1.58,1.08
2013.12.06 11:45:11.980,1.66763,1.668,1.58,1.15
2013.12.06 11:45:12.750,1.66763,1.668,1.58,1.15
2013.12.06 11:45:14.556,1.66763,1.668,1.58,1.15
2013.12.06 11:45:20.789,1.66763,1.668,1.58,1.15
2013.12.06 11:45:26.975,1.66763,1.66802,1.58,1.15
2013.12.06 11:45:31.513,1.66762,1.66799,1.58,1.00
2013.12.06 11:45:31.565,1.66762,1.66799,1.58,2.28
2013.12.06 11:45:31.712,1.66752,1.66799,1.65,3.70
2013.12.06 11:45:31.763,1.66752,1.66799,1.65,4.38
2013.12.06 11:45:32.403,1.66752,1.66798,1.53,2.96
2013.12.06 11:45:41.240,1.66751,1.66798,1.73,2.96
2013.12.06 11:45:45.399,1.66756,1.66798,1.38,1.53
2013.12.06 11:45:47.049,1.66752,1.66798,1.73,1.53
2013.12.06 11:46:02.799,1.66751,1.66798,2.18,1.28
2013.12.06 11:46:02.902,1.66756,1.66801,1.90,1.65
2013.12.06 11:46:02.953,1.66756,1.66801,2.40,1.65
2013.12.06 11:46:03.155,1.66762,1.66804,1.75,2.03
2013.12.06 11:46:03.256,1.66762,1.66804,1.75,1.15
2013.12.06 11:46:04.190,1.66762,1.66804,1.75,1.28
2013.12.06 11:46:04.392,1.66756,1.66804,2.85,1.48
2013.12.06 11:46:04.444,1.66756,1.66802,2.18,2.96
2013.12.06 11:46:04.495,1.66751,1.66799,2.33,1.38
2013.12.06 11:46:15.779,1.66751,1.66799,1.65,3.63
2013.12.06 11:46:16.031,1.66748,1.66796,1.58,3.46
2013.12.06 11:46:16.132,1.66746,1.66795,1.90,3.53
2013.12.06 11:46:16.233,1.66746,1.66795,1.90,3.78
2013.12.06 11:46:16.334,1.66746,1.66792,1.93,2.95
2013.12.06 11:46:16.887,1.66739,1.66788,2.25,2.28
2013.12.06 11:46:17.393,1.66739,1.66788,2.25,1.38
2013.12.06 11:46:17.471,1.66739,1.66788,1.58,2.95
2013.12.06 11:46:26.965,1.66741,1.66788,1.58,1.38
2013.12.06 11:46:27.524,1.66741,1.66788,1.58,1.38
2013.12.06 11:46:30.037,1.66741,1.66788,1.58,1.38
2013.12.06 11:46:36.130,1.66746,1.66789,1.90,1.58
2013.12.06 11:46:36.181,1.66746,1.66789,1.90,1.38
2013.12.06 11:46:39.674,1.66746,1.66789,1.90,1.38
2013.12.06 11:46:39.976,1.66746,1.66788,1.85,2.96
2013.12.06 11:46:40.280,1.66747,1.66786,1.38,2.96
2013.12.06 11:46:40.683,1.66747,1.66786,1.38,3.33
2013.12.06 11:46:41.299,1.66747,1.66786,1.38,1.53
2013.12.06 11:46:41.854,1.66747,1.66786,1.38,1.53
2013.12.06 11:46:41.905,1.66747,1.66785,1.38,1.45
2013.12.06 11:46:42.006,1.66747,1.66785,1.38,1.45
2013.12.06 11:46:43.218,1.66747,1.66782,1.38,2.88
2013.12.06 11:46:45.500,1.66741,1.66782,1.75,1.45
2013.12.06 11:46:46.070,1.66741,1.66782,1.75,1.45
2013.12.06 11:46:46.601,1.66741,1.66782,1.75,1.53
2013.12.06 11:46:52.873,1.66747,1.66782,1.75,1.28
2013.12.06 11:46:52.924,1.66747,1.66782,1.75,1.13
2013.12.06 11:46:53.466,1.66757,1.66789,1.38,1.95
2013.12.06 11:47:05.192,1.66747,1.66789,1.75,1.95
2013.12.06 11:47:05.394,1.66749,1.66794,2.25,1.58
2013.12.06 11:47:06.206,1.66749,1.66794,2.25,1.58
2013.12.06 11:47:08.998,1.66757,1.66801,1.45,1.58
2013.12.06 11:47:12.298,1.66754,1.66798,2.25,1.38
2013.12.06 11:47:13.386,1.66754,1.66798,2.25,1.38
2013.12.06 11:47:14.129,1.66751,1.66796,1.58,3.03
2013.12.06 11:47:15.228,1.66754,1.66796,1.58,1.38
2013.12.06 11:47:15.976,1.66747,1.66792,2.40,2.71
2013.12.06 11:47:16.637,1.66747,1.66792,2.33,3.38
2013.12.06 11:47:19.158,1.66747,1.66792,1.85,3.38
2013.12.06 11:47:27.508,1.66747,1.6679,1.85,3.03
2013.12.06 11:47:27.760,1.66752,1.66785,3.75,1.38
2013.12.06 11:47:28.287,1.66751,1.66784,3.75,2.96
2013.12.06 11:47:28.828,1.66751,1.66784,3.75,2.96
2013.12.06 11:47:29.369,1.66751,1.66784,3.75,2.96
2013.12.06 11:47:29.455,1.6674,1.66784,1.58,2.96
2013.12.06 11:47:29.898,1.66736,1.66784,1.90,2.03
2013.12.06 11:47:30.562,1.66736,1.66784,1.90,2.03
2013.12.06 11:47:31.107,1.66746,1.66784,1.75,2.03
2013.12.06 11:47:31.615,1.66746,1.66784,1.75,2.03
2013.12.06 11:47:32.123,1.66746,1.66784,1.95,1.88
2013.12.06 11:47:45.214,1.66746,1.66784,1.95,1.38
2013.12.06 11:47:45.823,1.66746,1.66784,1.95,1.38
2013.12.06 11:47:51.117,1.66746,1.66784,1.95,2.28
2013.12.06 11:47:51.738,1.66739,1.66784,2.25,1.88
2013.12.06 11:47:58.198,1.66747,1.66784,1.75,1.38
2013.12.06 11:47:58.403,1.66737,1.66784,1.90,2.03
2013.12.06 11:47:58.756,1.66746,1.66784,1.75,2.03
2013.12.06 11:47:59.355,1.66746,1.66784,1.85,2.68
2013.12.06 11:47:59.730,1.66756,1.66784,1.38,1.28
2013.12.06 11:48:00.238,1.66756,1.66788,1.38,2.03
2013.12.06 11:48:00.439,1.66756,1.66788,1.50,1.55
2013.12.06 11:48:01.064,1.66756,1.66788,1.75,1.18
2013.12.06 11:48:01.950,1.66747,1.66788,1.90,1.48
2013.12.06 11:48:03.937,1.66747,1.66788,1.90,1.95
2013.12.06 11:48:04.511,1.66747,1.66788,1.90,1.95
2013.12.06 11:48:05.299,1.66747,1.66788,1.90,1.20
2013.12.06 11:48:06.687,1.66747,1.66792,1.90,1.28
2013.12.06 11:48:06.970,1.66757,1.66792,1.75,1.15
2013.12.06 11:48:07.071,1.66757,1.66792,1.75,1.15
2013.12.06 11:48:07.380,1.66757,1.66796,1.75,1.53
2013.12.06 11:48:07.891,1.66757,1.66796,1.93,1.13
2013.12.06 11:48:18.347,1.66757,1.66796,1.93,1.13
2013.12.06 11:48:19.807,1.66757,1.66796,1.93,1.20
2013.12.06 11:48:19.909,1.66757,1.66796,1.93,1.10
2013.12.06 11:48:20.969,1.66757,1.66795,1.90,2.50
2013.12.06 11:48:21.281,1.66757,1.66794,1.75,2.28
2013.12.06 11:48:22.086,1.66756,1.66794,1.75,1.53
2013.12.06 11:48:22.514,1.66756,1.66794,1.90,1.00
2013.12.06 11:48:22.987,1.66756,1.66797,1.90,1.10
2013.12.06 11:48:28.837,1.66756,1.66797,1.90,1.10
2013.12.06 11:48:29.140,1.66766,1.66801,1.38,1.15
2013.12.06 11:48:29.731,1.66757,1.66801,1.90,1.53
2013.12.06 11:48:30.492,1.66767,1.66801,1.38,1.28
2013.12.06 11:48:30.933,1.66767,1.66801,1.38,1.28
2013.12.06 11:48:31.585,1.66767,1.66805,1.38,1.53
2013.12.06 11:48:31.687,1.66767,1.66806,1.38,1.55
2013.12.06 11:48:32.089,1.66767,1.6681,1.90,1.53
2013.12.06 11:48:33.387,1.66767,1.66812,1.90,1.53
2013.12.06 11:48:38.475,1.66767,1.66812,1.90,1.53
2013.12.06 11:48:38.677,1.66767,1.66812,1.90,1.53
2013.12.06 11:48:38.778,1.66767,1.66812,1.90,1.38
2013.12.06 11:48:39.011,1.66767,1.66812,1.90,1.38
2013.12.06 11:48:39.086,1.66767,1.66812,1.90,1.38
2013.12.06 11:48:40.846,1.66767,1.66812,1.90,1.38
2013.12.06 11:48:41.727,1.66767,1.66812,1.90,1.13
2013.12.06 11:48:41.884,1.66767,1.66812,1.90,1.38
2013.12.06 11:48:42.096,1.66767,1.66812,1.93,2.88
2013.12.06 11:48:42.166,1.66767,1.66812,1.93,2.88
2013.12.06 11:48:42.318,1.66767,1.66812,1.93,2.88
2013.12.06 11:48:42.419,1.66767,1.6681,1.93,1.55
2013.12.06 11:48:42.717,1.66767,1.6681,1.93,1.55
2013.12.06 11:48:43.089,1.66767,1.6681,1.93,1.55
2013.12.06 11:48:43.266,1.66767,1.66807,1.75,2.66
2013.12.06 11:48:43.815,1.66767,1.66807,1.75,3.03
2013.12.06 11:48:44.586,1.66767,1.66807,1.75,3.03
2013.12.06 11:48:44.908,1.66776,1.66807,1.13,1.28
2013.12.06 11:48:45.247,1.66776,1.66809,1.38,1.88
2013.12.06 11:48:46.896,1.66776,1.66809,1.38,1.88
2013.12.06 11:48:47.378,1.66776,1.6681,1.38,1.65
2013.12.06 11:48:51.147,1.66767,1.66808,1.93,1.00
2013.12.06 11:48:51.400,1.66777,1.66814,1.38,1.90
2013.12.06 11:48:51.653,1.66777,1.66816,1.10,1.65
2013.12.06 11:48:52.202,1.66777,1.6682,1.58,1.95
2013.12.06 11:48:53.196,1.66777,1.6682,1.48,1.53
2013.12.06 11:48:53.707,1.66777,1.6682,1.20,1.53
2013.12.06 11:48:55.705,1.6677,1.66819,1.58,1.45
2013.12.06 11:48:57.466,1.66776,1.66819,1.58,1.53
2013.12.06 11:48:59.855,1.66776,1.66819,1.08,1.45
2013.12.06 11:49:06.788,1.6677,1.66819,1.58,3.03
2013.12.06 11:49:07.363,1.66766,1.66818,1.90,3.63
2013.12.06 11:49:09.541,1.66766,1.66818,1.90,3.26
2013.12.06 11:49:11.014,1.66777,1.66819,1.10,1.90
2013.12.06 11:49:11.216,1.66777,1.66821,1.48,1.58
2013.12.06 11:49:11.984,1.66777,1.66821,1.65,1.53
2013.12.06 11:49:13.207,1.66777,1.66823,1.53,1.53
2013.12.06 11:49:13.509,1.66777,1.66823,1.53,1.55
2013.12.06 11:49:14.115,1.66777,1.66823,1.90,1.55
2013.12.06 11:49:19.476,1.66775,1.66818,1.58,1.38
2013.12.06 11:49:22.726,1.66775,1.66818,1.58,1.38
2013.12.06 11:49:23.670,1.66777,1.66823,1.90,1.55
2013.12.06 11:49:33.736,1.66783,1.66819,1.00,1.38
2013.12.06 11:49:33.837,1.66775,1.66819,1.58,1.38
2013.12.06 11:49:34.374,1.6677,1.66819,1.58,1.38
2013.12.06 11:49:34.915,1.66767,1.66817,1.58,2.96
2013.12.06 11:49:38.826,1.6677,1.66817,1.58,1.38
2013.12.06 11:49:38.927,1.66775,1.66817,1.58,1.38
2013.12.06 11:49:39.028,1.66779,1.66817,1.58,1.38
2013.12.06 11:49:41.315,1.66779,1.66817,1.58,1.38
2013.12.06 11:49:41.646,1.66779,1.66817,1.58,1.38
2013.12.06 11:49:42.753,1.66779,1.66817,1.58,1.38
2013.12.06 11:49:43.282,1.66779,1.66817,1.58,1.38
2013.12.06 11:49:43.337,1.66779,1.66817,1.58,1.38
2013.12.06 11:49:44.022,1.66779,1.66817,1.58,1.38
2013.12.06 11:49:45.506,1.66779,1.66817,1.58,1.38
2013.12.06 11:49:47.137,1.66779,1.66817,1.20,1.38
2013.12.06 11:49:47.238,1.66773,1.66817,1.58,1.38
2013.12.06 11:49:48.244,1.66773,1.66817,1.58,1.38
2013.12.06 11:49:48.844,1.66773,1.66817,1.58,1.38
2013.12.06 11:49:51.655,1.66776,1.66824,1.90,1.95
2013.12.06 11:49:55.855,1.66779,1.66824,2.25,1.38
2013.12.06 11:49:56.056,1.66783,1.66824,2.25,1.38
2013.12.06 11:49:56.258,1.66778,1.66824,1.58,1.45
2013.12.06 11:49:56.410,1.66777,1.66824,1.90,1.38
2013.12.06 11:49:56.925,1.66777,1.66823,1.90,3.03
2013.12.06 11:49:57.276,1.66776,1.66818,1.58,1.00
2013.12.06 11:49:59.643,1.66776,1.66822,2.33,1.55
2013.12.06 11:50:00.905,1.66776,1.66819,1.58,1.00
2013.12.06 11:50:01.406,1.66779,1.66823,2.25,1.38
2013.12.06 11:50:02.176,1.66779,1.66823,2.25,1.38
2013.12.06 11:50:03.647,1.66779,1.66823,2.25,1.13
2013.12.06 11:50:04.155,1.66777,1.66819,1.58,2.13
2013.12.06 11:50:04.816,1.66777,1.66819,1.58,2.13
2013.12.06 11:50:06.584,1.66777,1.66818,1.58,2.13
2013.12.06 11:50:07.126,1.66773,1.66818,1.58,1.50
2013.12.06 11:50:07.675,1.66772,1.66808,1.58,1.00
2013.12.06 11:50:07.984,1.66768,1.6681,2.25,1.38
2013.12.06 11:50:08.559,1.66768,1.6681,2.25,1.38
2013.12.06 11:50:10.773,1.66768,1.66808,2.25,1.00
2013.12.06 11:50:11.624,1.66768,1.66808,1.58,1.00
2013.12.06 11:50:12.601,1.66765,1.66808,1.58,1.00
2013.12.06 11:50:15.949,1.66767,1.6681,1.90,1.45
2013.12.06 11:50:16.000,1.66767,1.6681,1.90,1.53
2013.12.06 11:50:16.699,1.66764,1.66806,1.58,2.20
2013.12.06 11:50:17.359,1.66764,1.66806,2.25,2.13
2013.12.06 11:50:19.976,1.66766,1.66811,1.90,2.03
2013.12.06 11:50:20.026,1.66766,1.66811,1.90,2.03
2013.12.06 11:50:20.328,1.66766,1.66811,1.90,2.03
2013.12.06 11:50:20.853,1.66764,1.66809,2.25,1.00
2013.12.06 11:50:21.622,1.66766,1.66811,1.90,2.03
2013.12.06 11:50:21.842,1.66764,1.66809,2.25,1.00
2013.12.06 11:50:21.993,1.66767,1.66809,1.53,1.00
2013.12.06 11:50:23.382,1.66767,1.66811,1.53,1.53
2013.12.06 11:50:23.432,1.66767,1.66811,1.53,1.53
2013.12.06 11:50:24.676,1.66766,1.66811,2.03,1.53
2013.12.06 11:50:24.943,1.66766,1.66811,2.03,1.53
2013.12.06 11:50:26.703,1.66766,1.66811,2.03,1.53
2013.12.06 11:50:28.378,1.66766,1.66808,1.53,1.00
2013.12.06 11:50:30.093,1.6677,1.66808,1.58,1.00
2013.12.06 11:50:30.245,1.66785,1.66808,3.75,1.00
2013.12.06 11:50:30.346,1.66776,1.66811,1.90,1.38
2013.12.06 11:50:30.447,1.6678,1.66811,1.58,1.38
2013.12.06 11:50:30.699,1.66781,1.66814,1.58,1.38
2013.12.06 11:50:30.851,1.66786,1.66823,1.20,1.00
2013.12.06 11:50:30.901,1.66786,1.66823,1.20,1.38
2013.12.06 11:50:33.588,1.66785,1.66823,1.20,1.38
2013.12.06 11:50:34.200,1.66786,1.66823,1.20,1.38
2013.12.06 11:50:34.733,1.66786,1.66823,1.20,1.38
2013.12.06 11:50:34.785,1.66787,1.66823,1.20,1.38
2013.12.06 11:50:35.093,1.66795,1.66833,1.20,1.38
2013.12.06 11:50:35.653,1.66795,1.66833,1.58,1.38
2013.12.06 11:50:36.181,1.66795,1.66833,1.58,1.38
2013.12.06 11:50:39.379,1.66795,1.66833,1.58,1.38
2013.12.06 11:50:43.015,1.66795,1.66833,1.20,1.38
2013.12.06 11:50:48.588,1.66795,1.66833,1.20,1.00
2013.12.06 11:50:49.295,1.66799,1.66833,1.20,1.38
2013.12.06 11:50:49.490,1.66799,1.66833,1.20,1.38
2013.12.06 11:50:49.624,1.66799,1.66843,1.20,2.18
2013.12.06 11:50:50.165,1.66798,1.66843,1.20,2.18
2013.12.06 11:50:50.482,1.66798,1.66843,1.20,2.55
2013.12.06 11:50:50.533,1.66798,1.66843,1.20,3.26
2013.12.06 11:50:50.820,1.66797,1.66843,1.53,3.33
2013.12.06 11:50:51.664,1.66802,1.66843,1.50,2.48
2013.12.06 11:50:51.919,1.66798,1.66839,1.50,1.88
2013.12.06 11:50:52.020,1.66802,1.66839,1.08,1.88
2013.12.06 11:50:52.122,1.668,1.66839,1.50,1.38
2013.12.06 11:50:52.223,1.668,1.66839,1.50,1.38
2013.12.06 11:50:52.475,1.66799,1.6684,1.50,1.38
2013.12.06 11:50:52.550,1.668,1.6684,1.20,1.38
2013.12.06 11:50:52.653,1.668,1.6684,1.20,1.38
2013.12.06 11:50:53.107,1.668,1.6684,1.20,1.38
2013.12.06 11:50:53.543,1.668,1.6684,1.20,1.38
2013.12.06 11:50:53.856,1.66807,1.6684,1.20,1.00
2013.12.06 11:50:54.393,1.66807,1.6684,1.20,1.00
2013.12.06 11:50:55.385,1.66806,1.6684,1.50,1.38
2013.12.06 11:50:56.373,1.66806,1.6684,1.50,1.00
2013.12.06 11:50:57.084,1.66807,1.6684,1.20,1.00
2013.12.06 11:50:57.767,1.66807,1.6684,1.20,1.00
2013.12.06 11:50:58.091,1.66807,1.66843,1.20,1.38
2013.12.06 11:50:58.414,1.66808,1.66843,1.20,1.38
2013.12.06 11:51:03.461,1.66816,1.66843,1.20,1.38
2013.12.06 11:51:03.562,1.66816,1.66849,1.20,1.38
2013.12.06 11:51:03.663,1.66816,1.66852,1.20,1.38
2013.12.06 11:51:06.954,1.66823,1.66854,1.20,1.38
2013.12.06 11:51:07.233,1.66823,1.66856,1.20,1.38
2013.12.06 11:51:10.299,1.66823,1.66856,1.20,1.38
2013.12.06 11:51:11.410,1.66823,1.66856,1.20,1.38
2013.12.06 11:51:11.460,1.66829,1.66856,1.15,1.38
2013.12.06 11:51:11.511,1.66829,1.66856,1.15,1.00
2013.12.06 11:51:11.562,1.66829,1.66864,1.83,1.88
2013.12.06 11:51:11.878,1.66836,1.66864,1.15,1.88
2013.12.06 11:51:12.638,1.66835,1.66858,1.50,1.00
2013.12.06 11:51:12.768,1.66833,1.66858,1.15,1.00
2013.12.06 11:51:12.820,1.66833,1.66858,1.18,1.38
2013.12.06 11:51:13.034,1.66829,1.66858,1.28,1.38
2013.12.06 11:51:16.478,1.66824,1.66858,1.20,2.88
2013.12.06 11:51:17.894,1.66824,1.66858,1.20,1.38
2013.12.06 11:51:18.908,1.66824,1.66858,1.20,1.38
2013.12.06 11:51:19.211,1.66822,1.66858,1.20,1.38
2013.12.06 11:51:20.553,1.66822,1.66858,1.20,1.38
2013.12.06 11:51:23.184,1.66822,1.66858,1.20,1.38
2013.12.06 11:51:23.235,1.66824,1.66858,1.20,1.38
2013.12.06 11:51:23.753,1.66826,1.66858,1.20,1.38
2013.12.06 11:51:25.814,1.66826,1.66858,1.20,1.38
2013.12.06 11:51:29.064,1.66822,1.66858,1.20,1.38
2013.12.06 11:51:30.231,1.66822,1.66858,1.20,1.38
2013.12.06 11:51:35.252,1.66822,1.66858,1.20,1.38
2013.12.06 11:51:36.790,1.66822,1.66858,1.20,1.38
2013.12.06 11:51:36.941,1.66826,1.6686,1.20,1.38
2013.12.06 11:51:37.608,1.66826,1.66863,1.20,1.38
2013.12.06 11:51:46.491,1.6683,1.66863,1.20,1.38
2013.12.06 11:51:47.479,1.6683,1.66863,1.20,1.38
2013.12.06 11:51:47.782,1.66825,1.66859,1.20,1.38
2013.12.06 11:51:48.371,1.66823,1.66859,1.20,1.38
2013.12.06 11:51:48.801,1.66821,1.66859,1.50,1.38
2013.12.06 11:51:51.540,1.66821,1.66859,1.50,1.00
2013.12.06 11:51:56.888,1.66821,1.66858,1.20,2.50
2013.12.06 11:51:57.191,1.66819,1.66849,1.20,1.38
2013.12.06 11:51:57.292,1.66814,1.66849,1.20,2.88
2013.12.06 11:51:57.698,1.66816,1.66849,1.20,1.38
2013.12.06 11:51:58.040,1.66813,1.66839,1.20,1.00
2013.12.06 11:51:58.592,1.66818,1.66844,1.20,1.38
2013.12.06 11:51:58.693,1.66818,1.66844,1.20,1.38
2013.12.06 11:51:59.182,1.66818,1.66844,1.20,1.00
2013.12.06 11:51:59.589,1.66818,1.66844,1.20,1.00
2013.12.06 11:52:00.222,1.66818,1.66844,1.20,1.00
2013.12.06 11:52:00.288,1.66818,1.66844,1.20,1.00
2013.12.06 11:52:04.401,1.66813,1.66844,1.58,1.00
2013.12.06 11:52:04.654,1.66816,1.66854,1.53,1.38
2013.12.06 11:52:04.957,1.66816,1.66854,1.53,1.38
2013.12.06 11:52:05.327,1.66816,1.66854,1.53,1.38
2013.12.06 11:52:05.911,1.66818,1.66854,1.20,1.38
2013.12.06 11:52:06.561,1.66818,1.66854,1.20,1.88
2013.12.06 11:52:07.622,1.66818,1.66854,1.20,1.38
2013.12.06 11:52:07.723,1.66818,1.66854,1.58,1.38
2013.12.06 11:52:08.142,1.66818,1.66854,1.58,1.38
2013.12.06 11:52:11.661,1.66818,1.66854,1.58,1.38
2013.12.06 11:52:11.882,1.66818,1.66854,1.58,1.38
2013.12.06 11:52:12.981,1.66818,1.66854,1.58,1.38
2013.12.06 11:52:14.249,1.66818,1.66849,1.58,1.00
2013.12.06 11:52:16.558,1.66818,1.66849,1.58,1.00
2013.12.06 11:52:17.997,1.66818,1.66849,1.58,1.00
2013.12.06 11:52:18.423,1.66818,1.66853,1.58,1.38
2013.12.06 11:52:20.371,1.66818,1.66848,1.58,1.00
2013.12.06 11:52:22.132,1.66818,1.66854,1.58,1.38
2013.12.06 11:52:22.482,1.66824,1.66854,1.58,1.38
2013.12.06 11:52:22.691,1.66827,1.66857,2.40,1.00
2013.12.06 11:52:22.742,1.66833,1.66866,1.13,1.75
2013.12.06 11:52:22.894,1.66833,1.66866,1.20,1.00
2013.12.06 11:52:23.411,1.66833,1.66866,1.20,1.13
2013.12.06 11:52:23.953,1.66836,1.66866,1.58,1.00
2013.12.06 11:52:24.546,1.66836,1.66866,1.58,1.00
2013.12.06 11:52:26.291,1.66836,1.66866,1.58,1.00
2013.12.06 11:52:26.420,1.66837,1.66873,1.90,1.13
2013.12.06 11:52:27.651,1.66841,1.66873,1.58,1.13
2013.12.06 11:52:29.737,1.66841,1.66873,1.58,1.13
2013.12.06 11:52:32.250,1.66841,1.66868,1.58,1.00
2013.12.06 11:52:33.032,1.66845,1.66868,1.58,1.00
2013.12.06 11:52:33.580,1.66849,1.66868,1.28,1.00
2013.12.06 11:52:33.733,1.66848,1.66874,1.28,1.00
2013.12.06 11:52:35.333,1.66848,1.66874,1.95,1.13
2013.12.06 11:52:36.486,1.66853,1.66874,1.20,1.00
2013.12.06 11:52:36.588,1.66853,1.66884,1.20,1.50
2013.12.06 11:52:36.790,1.66856,1.66884,1.28,1.13
2013.12.06 11:52:36.840,1.66856,1.66884,1.95,1.13
2013.12.06 11:52:37.373,1.66862,1.66884,1.83,1.00
2013.12.06 11:52:37.540,1.66863,1.66893,1.50,1.38
2013.12.06 11:52:37.980,1.66863,1.66889,1.50,1.00
2013.12.06 11:52:43.265,1.66862,1.66889,1.15,1.00
2013.12.06 11:52:55.740,1.66862,1.66894,1.53,1.50
2013.12.06 11:52:57.128,1.66862,1.66894,1.53,1.13
2013.12.06 11:52:59.200,1.66865,1.66894,1.15,1.13
2013.12.06 11:52:59.566,1.66865,1.66894,1.83,1.13
2013.12.06 11:53:01.520,1.66865,1.66894,1.83,1.38
2013.12.06 11:53:19.864,1.66865,1.66894,1.28,1.38
2013.12.06 11:53:28.023,1.66865,1.66894,1.28,1.38
2013.12.06 11:53:28.647,1.66865,1.66894,1.28,1.38
2013.12.06 11:53:28.973,1.66865,1.66894,1.28,1.38
2013.12.06 11:53:29.270,1.66862,1.66894,1.58,1.38
2013.12.06 11:53:29.422,1.6686,1.66894,1.58,1.38
2013.12.06 11:53:33.419,1.6686,1.66888,1.58,1.00
2013.12.06 11:53:33.785,1.66865,1.66888,1.28,1.00
2013.12.06 11:53:34.038,1.66859,1.66888,1.88,2.50
2013.12.06 11:53:35.729,1.66859,1.66894,1.58,1.50
2013.12.06 11:53:41.568,1.66859,1.66888,1.58,1.00
2013.12.06 11:53:51.260,1.66863,1.66888,1.58,1.00
2013.12.06 11:53:52.050,1.66865,1.66888,1.28,1.00
2013.12.06 11:53:54.136,1.66859,1.66888,1.88,1.00
2013.12.06 11:53:54.187,1.66859,1.66879,1.88,1.00
2013.12.06 11:53:54.238,1.66853,1.66879,1.58,1.00
2013.12.06 11:53:54.770,1.6685,1.66879,1.58,1.00
2013.12.06 11:53:55.400,1.66853,1.66879,1.58,1.00
2013.12.06 11:53:57.612,1.66856,1.66884,1.53,1.38
2013.12.06 11:53:59.460,1.66856,1.66884,1.53,1.13
2013.12.06 11:53:59.899,1.66856,1.66884,1.90,1.00
2013.12.06 11:54:00.225,1.66856,1.66884,1.90,1.00
2013.12.06 11:54:00.326,1.66856,1.66887,1.90,1.00
2013.12.06 11:54:00.427,1.6686,1.66894,1.55,1.38
2013.12.06 11:54:00.528,1.66863,1.66894,1.53,1.38
2013.12.06 11:54:00.730,1.66859,1.66894,1.65,1.38
2013.12.06 11:54:00.781,1.66859,1.66889,1.65,1.00
2013.12.06 11:54:12.081,1.66861,1.66889,1.53,1.00
2013.12.06 11:54:12.132,1.66861,1.66894,1.53,1.00
2013.12.06 11:54:12.183,1.66868,1.66894,1.15,1.00
2013.12.06 11:54:12.742,1.66868,1.66894,1.65,1.00
2013.12.06 11:54:16.163,1.66869,1.66894,1.08,1.00
2013.12.06 11:54:16.482,1.66876,1.66904,1.15,1.50
2013.12.06 11:54:25.919,1.66876,1.66904,1.15,1.50
2013.12.06 11:54:32.629,1.66876,1.66904,1.15,1.38
2013.12.06 11:54:38.362,1.66876,1.66904,1.15,1.38
2013.12.06 11:54:38.513,1.66876,1.66904,1.15,1.38
2013.12.06 11:54:46.354,1.66876,1.66904,1.18,1.38
2013.12.06 11:54:46.729,1.66879,1.66904,1.00,1.38
2013.12.06 11:54:46.880,1.66879,1.66904,1.08,1.13
2013.12.06 11:54:47.569,1.66879,1.66904,1.15,1.38
2013.12.06 11:54:49.397,1.66879,1.66904,1.15,1.13
2013.12.06 11:54:57.042,1.66876,1.66904,1.15,1.13
2013.12.06 11:54:57.143,1.66876,1.66904,1.20,1.13
2013.12.06 11:54:57.480,1.66876,1.66904,1.18,1.13
2013.12.06 11:54:58.153,1.66876,1.66904,1.15,1.13
2013.12.06 11:55:00.283,1.66876,1.66904,1.15,1.38
2013.12.06 11:55:00.385,1.66876,1.66904,1.18,1.38
2013.12.06 11:55:00.486,1.66876,1.66904,1.18,1.38
2013.12.06 11:55:01.008,1.66876,1.66904,1.18,1.38
2013.12.06 11:55:01.539,1.66876,1.66904,1.10,1.75
2013.12.06 11:55:01.742,1.66866,1.66898,1.53,2.51
2013.12.06 11:55:02.444,1.66866,1.66898,1.53,2.51
2013.12.06 11:55:02.795,1.66866,1.66898,1.45,1.88
2013.12.06 11:55:03.121,1.66858,1.66888,1.20,1.13
2013.12.06 11:55:04.420,1.66867,1.66893,1.00,1.88
2013.12.06 11:55:04.471,1.66867,1.66893,1.13,1.00
2013.12.06 11:55:04.572,1.66867,1.66893,1.65,1.13
2013.12.06 11:55:04.902,1.66867,1.66893,1.15,1.38
2013.12.06 11:55:05.010,1.66867,1.66893,1.10,1.38
2013.12.06 11:55:05.113,1.66867,1.66893,1.10,1.38
2013.12.06 11:55:05.631,1.66867,1.66893,1.10,1.38
2013.12.06 11:55:06.767,1.66867,1.66893,1.28,1.38
2013.12.06 11:55:06.868,1.66876,1.66899,1.00,1.38
2013.12.06 11:55:07.070,1.66867,1.66898,1.28,1.38
2013.12.06 11:55:17.879,1.66867,1.66898,1.13,1.38
2013.12.06 11:55:22.021,1.66867,1.66897,1.13,2.51
2013.12.06 11:55:30.284,1.66867,1.66897,1.00,1.38
2013.12.06 11:55:30.616,1.66861,1.66889,1.15,1.00
2013.12.06 11:55:30.919,1.66867,1.66893,1.15,1.38
2013.12.06 11:55:32.710,1.66867,1.66893,1.20,1.38
2013.12.06 11:55:32.913,1.66867,1.66893,1.20,1.38
2013.12.06 11:55:35.670,1.66867,1.66893,1.20,1.38
2013.12.06 11:55:42.952,1.66867,1.66893,1.20,1.38
2013.12.06 11:55:43.053,1.66867,1.66893,1.00,1.88
2013.12.06 11:55:43.774,1.66867,1.66893,1.00,1.88
2013.12.06 11:55:44.320,1.66862,1.66889,1.18,1.00
2013.12.06 11:55:44.711,1.6686,1.66888,1.20,1.00
2013.12.06 11:55:45.115,1.66857,1.66893,1.53,1.75
2013.12.06 11:55:45.508,1.66853,1.66888,1.95,1.00
2013.12.06 11:55:46.658,1.66853,1.66888,1.95,1.00
2013.12.06 11:55:46.759,1.66856,1.66894,1.53,1.75
2013.12.06 11:55:47.126,1.66856,1.66894,1.53,1.75
2013.12.06 11:55:47.716,1.66856,1.66894,1.90,1.38
2013.12.06 11:55:48.497,1.66853,1.66888,1.58,1.00
2013.12.06 11:55:53.154,1.66854,1.66888,1.53,1.00
2013.12.06 11:55:53.458,1.66858,1.66888,1.53,1.00
2013.12.06 11:55:53.690,1.66861,1.66893,1.53,1.00
2013.12.06 11:55:53.943,1.66863,1.66893,1.58,1.00
2013.12.06 11:55:54.145,1.66865,1.66893,1.55,1.00
2013.12.06 11:55:54.491,1.66865,1.66893,1.55,1.00
2013.12.06 11:55:58.418,1.66867,1.66903,1.53,1.75
2013.12.06 11:55:58.469,1.66867,1.66903,1.53,1.00
2013.12.06 11:55:58.683,1.66867,1.66903,1.53,1.75
2013.12.06 11:55:58.748,1.66867,1.66903,1.53,1.00
2013.12.06 11:55:59.943,1.66867,1.66903,1.38,1.90
2013.12.06 11:56:00.948,1.66867,1.66903,1.38,1.90
2013.12.06 11:56:04.326,1.66861,1.66898,1.48,1.00
2013.12.06 11:56:05.809,1.66857,1.66898,1.75,1.10
2013.12.06 11:56:06.111,1.66859,1.66888,1.55,1.00
2013.12.06 11:56:06.212,1.6686,1.66888,1.48,1.00
2013.12.06 11:56:06.652,1.66853,1.66888,1.88,1.00
2013.12.06 11:56:11.281,1.66854,1.66888,1.38,1.00
2013.12.06 11:56:14.788,1.66854,1.66888,1.38,1.00
2013.12.06 11:56:15.455,1.66851,1.66888,1.38,1.00
2013.12.06 11:56:15.707,1.66851,1.66888,1.38,1.00
2013.12.06 11:56:17.555,1.66847,1.66888,1.55,1.00
2013.12.06 11:56:18.164,1.66847,1.66888,1.55,1.00
2013.12.06 11:56:21.204,1.66847,1.66887,1.38,2.28
2013.12.06 11:56:33.248,1.66847,1.66886,1.38,2.28
2013.12.06 11:56:33.452,1.66843,1.66878,1.53,1.00
2013.12.06 11:56:33.503,1.66843,1.66878,1.38,1.00
2013.12.06 11:56:33.705,1.66841,1.66878,1.48,1.00
2013.12.06 11:56:36.683,1.66838,1.66878,1.45,1.00
2013.12.06 11:56:36.784,1.66838,1.66878,1.38,1.38
2013.12.06 11:56:37.087,1.66838,1.66875,1.38,3.60
2013.12.06 11:56:37.458,1.66837,1.66875,1.38,3.63
2013.12.06 11:56:37.974,1.66837,1.66875,1.38,3.63
2013.12.06 11:56:38.727,1.66837,1.66875,1.38,1.20
2013.12.06 11:56:43.868,1.66841,1.66869,1.55,1.00
2013.12.06 11:56:44.120,1.66837,1.66869,1.38,1.00
2013.12.06 11:56:44.272,1.66837,1.66873,1.53,1.00
2013.12.06 11:56:44.713,1.66836,1.66881,1.53,1.53
2013.12.06 11:56:45.460,1.66839,1.66881,1.20,1.45
2013.12.06 11:56:45.662,1.6684,1.66878,1.53,1.00
2013.12.06 11:56:45.713,1.6684,1.66878,1.53,1.00
2013.12.06 11:56:45.934,1.66837,1.66878,1.53,1.00
2013.12.06 11:56:47.596,1.66837,1.66878,1.53,1.00
2013.12.06 11:56:47.911,1.66837,1.66878,1.53,1.00
2013.12.06 11:56:49.857,1.66837,1.66878,1.53,1.00
2013.12.06 11:56:51.380,1.66846,1.66883,1.55,2.25
2013.12.06 11:56:51.633,1.66849,1.66883,1.53,2.50
2013.12.06 11:56:52.204,1.66849,1.66883,1.53,2.25
2013.12.06 11:56:52.897,1.66867,1.66883,1.00,2.25
2013.12.06 11:56:53.249,1.66857,1.66883,1.00,3.01
2013.12.06 11:56:53.672,1.66867,1.66883,1.00,1.00
2013.12.06 11:56:53.773,1.66867,1.66894,1.00,1.83
2013.12.06 11:56:54.689,1.66867,1.66895,1.00,1.75
2013.12.06 11:56:55.669,1.66857,1.66894,1.95,2.85
2013.12.06 11:56:55.719,1.66857,1.66894,1.38,3.00
2013.12.06 11:56:55.770,1.66857,1.66888,1.38,1.00
2013.12.06 11:56:57.048,1.66857,1.66884,1.38,1.00
2013.12.06 11:56:57.465,1.66857,1.66884,1.13,1.00
2013.12.06 11:56:58.868,1.66857,1.66884,1.38,1.00
2013.12.06 11:56:59.193,1.66846,1.66884,1.53,2.26
2013.12.06 11:56:59.762,1.66846,1.66884,1.53,2.26
2013.12.06 11:57:04.158,1.66846,1.66883,1.53,1.00
2013.12.06 11:57:04.750,1.66846,1.66882,1.45,1.00
2013.12.06 11:57:06.670,1.66846,1.66879,1.45,2.13
2013.12.06 11:57:06.822,1.66846,1.66879,1.45,2.50
2013.12.06 11:57:06.898,1.66846,1.66879,1.45,2.13
2013.12.06 11:57:08.482,1.66846,1.66879,1.45,2.13
2013.12.06 11:57:12.210,1.66846,1.66879,1.45,1.00
2013.12.06 11:57:12.261,1.66857,1.66881,1.13,1.00
2013.12.06 11:57:12.412,1.66857,1.66883,1.38,1.10
2013.12.06 11:57:13.938,1.66857,1.66883,1.38,1.13
2013.12.06 11:57:14.267,1.66857,1.66883,1.38,1.13
2013.12.06 11:57:17.128,1.66857,1.66883,1.38,1.13
2013.12.06 11:57:18.020,1.66857,1.66883,1.38,2.13
2013.12.06 11:57:24.431,1.66857,1.66883,1.38,1.00
2013.12.06 11:57:24.758,1.66857,1.66883,1.38,1.13
2013.12.06 11:57:25.079,1.66866,1.66885,1.00,1.38
2013.12.06 11:57:25.782,1.66858,1.66885,1.38,1.13
2013.12.06 11:57:25.833,1.66858,1.66885,1.00,1.13
2013.12.06 11:57:26.085,1.66858,1.66892,1.15,1.35
2013.12.06 11:57:26.606,1.66856,1.66892,1.55,1.35
2013.12.06 11:57:26.907,1.66856,1.66892,1.53,1.35
2013.12.06 11:57:27.214,1.66866,1.66892,1.00,1.00
2013.12.06 11:57:27.421,1.66857,1.66892,1.28,1.35
2013.12.06 11:57:27.472,1.66857,1.66892,1.28,1.35
2013.12.06 11:57:29.366,1.66867,1.66892,1.00,1.35
2013.12.06 11:57:29.495,1.66867,1.66892,1.00,1.00
2013.12.06 11:57:30.266,1.66867,1.66892,1.00,1.35
2013.12.06 11:57:30.395,1.66856,1.66892,1.53,1.35
2013.12.06 11:57:30.953,1.66866,1.66892,1.00,1.35
2013.12.06 11:57:31.580,1.66866,1.66892,1.00,1.00
2013.12.06 11:57:31.731,1.66857,1.66893,2.03,1.73
2013.12.06 11:57:31.782,1.66857,1.66893,2.03,1.98
2013.12.06 11:57:31.883,1.66857,1.66893,2.03,1.98
2013.12.06 11:57:31.985,1.66857,1.66893,2.03,1.98
2013.12.06 11:57:32.136,1.66857,1.66893,1.53,1.43
2013.12.06 11:57:32.340,1.66857,1.66893,1.53,1.35
2013.12.06 11:57:32.441,1.66857,1.66893,2.03,2.10
2013.12.06 11:57:32.556,1.66858,1.66893,1.55,1.35
2013.12.06 11:57:35.734,1.66857,1.66893,1.28,1.35
2013.12.06 11:57:35.835,1.66857,1.66893,1.53,2.43
2013.12.06 11:57:42.680,1.66857,1.66893,2.03,2.10
2013.12.06 11:57:43.430,1.66857,1.66893,2.03,2.10
2013.12.06 11:57:43.640,1.66857,1.66893,2.03,2.10
2013.12.06 11:57:46.106,1.66857,1.66889,1.38,1.00
2013.12.06 11:57:49.579,1.66856,1.66886,1.38,4.13
2013.12.06 11:57:49.708,1.66856,1.66884,1.00,3.01
2013.12.06 11:57:49.810,1.66856,1.66884,1.00,4.51
2013.12.06 11:57:49.861,1.66845,1.66879,1.38,3.48
2013.12.06 11:57:49.962,1.66839,1.66879,1.53,3.86
2013.12.06 11:57:50.368,1.66847,1.66875,1.00,3.12
2013.12.06 11:57:50.714,1.66836,1.66869,1.95,1.38
2013.12.06 11:57:50.877,1.66836,1.66869,1.88,1.38
2013.12.06 11:57:52.870,1.66836,1.66869,1.38,1.38
2013.12.06 11:57:59.435,1.66836,1.66869,1.38,2.88
2013.12.06 11:57:59.486,1.66836,1.66869,1.38,2.88
2013.12.06 11:58:11.991,1.66836,1.66869,1.38,3.63
2013.12.06 11:58:12.501,1.66836,1.66869,1.38,4.38
2013.12.06 11:58:13.326,1.66827,1.66859,1.73,1.00
2013.12.06 11:58:13.427,1.66827,1.66859,1.28,1.13
2013.12.06 11:58:13.478,1.66819,1.66859,2.25,1.13
2013.12.06 11:58:13.881,1.66817,1.66859,1.58,1.38
2013.12.06 11:58:14.042,1.66819,1.66859,1.28,1.50
2013.12.06 11:58:14.566,1.66817,1.66859,1.58,1.38
2013.12.06 11:58:15.296,1.66817,1.66859,1.58,1.38
2013.12.06 11:58:15.448,1.66819,1.66859,1.58,1.13
2013.12.06 11:58:15.651,1.66826,1.6686,1.38,1.43
2013.12.06 11:58:15.784,1.66826,1.6686,1.65,1.68
2013.12.06 11:58:15.885,1.66826,1.66864,1.65,1.75
2013.12.06 11:58:16.395,1.66826,1.66864,1.65,1.75
2013.12.06 11:58:16.698,1.66826,1.66864,1.65,1.75
2013.12.06 11:58:16.850,1.66827,1.66865,1.38,1.95
2013.12.06 11:58:16.951,1.66827,1.66865,1.00,1.38
2013.12.06 11:58:17.452,1.66827,1.66865,1.00,1.38
2013.12.06 11:58:17.604,1.66819,1.66863,2.25,2.51
2013.12.06 11:58:17.920,1.66817,1.66859,1.85,1.45
2013.12.06 11:58:18.322,1.66817,1.66857,1.38,2.95
2013.12.06 11:58:18.373,1.66817,1.66857,1.38,3.38
2013.12.06 11:58:18.706,1.66817,1.66857,1.38,3.38
2013.12.06 11:58:19.019,1.66817,1.66859,1.85,1.53
2013.12.06 11:58:19.391,1.66817,1.66863,2.03,1.90
2013.12.06 11:58:19.929,1.66826,1.66863,1.53,1.50
2013.12.06 11:58:20.447,1.66829,1.66864,1.18,1.75
2013.12.06 11:58:20.800,1.66827,1.66864,1.58,1.38
2013.12.06 11:58:21.065,1.66828,1.66863,1.18,2.51
2013.12.06 11:58:21.595,1.66828,1.66863,1.18,2.51
2013.12.06 11:58:21.798,1.66828,1.66863,1.65,2.51
2013.12.06 11:58:22.101,1.66828,1.66863,2.03,1.75
2013.12.06 11:58:23.494,1.66828,1.66863,2.03,1.50
2013.12.06 11:58:23.545,1.66828,1.66863,2.03,1.50
2013.12.06 11:58:23.876,1.66831,1.66863,1.53,1.38
2013.12.06 11:58:24.648,1.66831,1.66863,1.15,1.38
2013.12.06 11:58:25.375,1.66829,1.66863,1.20,1.38
2013.12.06 11:58:25.740,1.66827,1.66863,2.03,1.38
2013.12.06 11:58:27.379,1.66828,1.66863,1.53,1.75
2013.12.06 11:58:29.907,1.66827,1.66863,2.03,1.75
2013.12.06 11:58:31.415,1.66828,1.66863,1.53,1.75
2013.12.06 11:58:32.586,1.66827,1.66863,2.03,1.75
2013.12.06 11:58:33.227,1.66827,1.66863,2.03,2.10
2013.12.06 11:58:33.758,1.66827,1.66859,1.28,1.00
2013.12.06 11:58:34.997,1.66827,1.66861,1.15,1.00
2013.12.06 11:58:39.007,1.66827,1.66861,1.18,1.00
2013.12.06 11:58:39.259,1.66826,1.66862,1.65,1.35
2013.12.06 11:58:42.106,1.66826,1.66862,1.53,1.35
2013.12.06 11:58:48.999,1.66826,1.66862,1.20,1.43
2013.12.06 11:58:49.049,1.66826,1.66862,1.48,1.43
2013.12.06 11:58:51.073,1.66826,1.66862,1.38,1.50
2013.12.06 11:58:51.174,1.66818,1.66858,1.83,1.13
2013.12.06 11:58:51.275,1.66818,1.66858,1.83,1.00
2013.12.06 11:58:51.477,1.66818,1.66859,1.83,1.45
2013.12.06 11:58:51.723,1.66809,1.66856,1.58,2.28
2013.12.06 11:58:51.937,1.66816,1.6686,1.55,1.53
2013.12.06 11:58:52.478,1.66816,1.66863,1.55,1.58
2013.12.06 11:58:52.982,1.66816,1.66863,1.53,1.55
2013.12.06 11:58:53.033,1.66816,1.66863,1.53,1.55
2013.12.06 11:58:53.335,1.66816,1.66862,1.53,3.38
2013.12.06 11:58:53.638,1.66807,1.66857,2.33,2.71
2013.12.06 11:58:54.073,1.66813,1.66857,1.90,1.13
2013.12.06 11:58:55.717,1.66815,1.66857,1.53,1.00
2013.12.06 11:58:56.153,1.66816,1.66857,1.53,1.00
2013.12.06 11:58:57.139,1.66818,1.66864,1.53,2.40
2013.12.06 11:58:57.469,1.66818,1.66864,1.53,2.40
2013.12.06 11:58:58.797,1.66818,1.66859,1.53,1.00
2013.12.06 11:58:59.380,1.66818,1.66859,1.53,1.13
2013.12.06 11:58:59.430,1.66818,1.66859,1.53,1.13
2013.12.06 11:59:02.271,1.66819,1.66864,1.53,1.90
2013.12.06 11:59:04.881,1.66819,1.66854,1.38,2.50
2013.12.06 11:59:04.932,1.66813,1.66854,1.65,1.63
2013.12.06 11:59:05.391,1.66811,1.66854,1.58,1.75
2013.12.06 11:59:05.629,1.66811,1.66854,1.58,1.38
2013.12.06 11:59:08.509,1.66814,1.66854,1.58,1.38
2013.12.06 11:59:09.016,1.66817,1.66854,1.53,1.50
2013.12.06 11:59:09.865,1.66817,1.66854,1.53,1.38
2013.12.06 11:59:14.537,1.66817,1.66854,1.28,1.38
2013.12.06 11:59:14.588,1.6681,1.66854,3.00,1.38
2013.12.06 11:59:15.134,1.6681,1.66854,3.00,1.50
2013.12.06 11:59:16.675,1.6681,1.66854,3.00,1.50
2013.12.06 11:59:17.224,1.6681,1.66854,3.00,1.50
2013.12.06 11:59:17.477,1.6681,1.66854,3.00,1.50
2013.12.06 11:59:26.201,1.66813,1.66848,1.38,2.13
2013.12.06 11:59:26.503,1.668,1.66838,2.33,1.00
2013.12.06 11:59:31.600,1.66802,1.66836,1.20,2.13
2013.12.06 11:59:32.134,1.66796,1.66829,1.53,1.00
2013.12.06 11:59:33.051,1.66793,1.66829,1.15,1.00
2013.12.06 11:59:33.555,1.66793,1.66829,1.15,1.38
2013.12.06 11:59:37.001,1.66792,1.66833,1.53,1.75
2013.12.06 11:59:38.197,1.66795,1.66833,1.15,1.75
2013.12.06 11:59:38.459,1.66795,1.66834,1.95,2.10
2013.12.06 11:59:39.796,1.66795,1.66834,1.28,2.85
2013.12.06 11:59:40.295,1.66796,1.66834,1.15,3.48
2013.12.06 11:59:40.654,1.66788,1.66833,1.58,2.96
2013.12.06 11:59:42.931,1.66788,1.66833,1.58,1.00
2013.12.06 11:59:46.108,1.66793,1.66833,1.28,1.38
2013.12.06 11:59:47.405,1.66793,1.66829,1.28,1.00
2013.12.06 11:59:48.448,1.66788,1.66827,1.15,3.10
2013.12.06 11:59:48.549,1.66788,1.66827,1.15,1.75
2013.12.06 11:59:48.945,1.66788,1.66827,1.15,2.25
2013.12.06 11:59:49.490,1.66788,1.66825,1.15,2.51
2013.12.06 11:59:51.360,1.66788,1.66825,1.15,1.75
2013.12.06 11:59:51.745,1.66788,1.66825,1.08,1.75
2013.12.06 11:59:51.846,1.6678,1.66823,1.88,2.51
2013.12.06 11:59:52.938,1.6678,1.66818,1.88,2.13
2013.12.06 11:59:53.140,1.6678,1.66818,1.88,1.38
2013.12.06 11:59:53.317,1.66777,1.66818,1.90,1.75
2013.12.06 11:59:53.368,1.66779,1.66818,1.58,1.75
2013.12.06 11:59:53.469,1.66779,1.66818,1.58,1.00
2013.12.06 11:59:53.519,1.66788,1.66818,1.00,1.00
2013.12.06 11:59:53.843,1.66787,1.66824,1.15,1.75
2013.12.06 11:59:54.376,1.66787,1.66824,1.15,1.38
2013.12.06 11:59:54.950,1.66787,1.66824,1.15,1.75
2013.12.06 11:59:56.617,1.66788,1.66824,1.15,1.75
2013.12.06 11:59:57.854,1.66783,1.66824,1.20,1.75
2013.12.06 11:59:57.955,1.66779,1.66824,1.58,1.93
2013.12.06 11:59:58.626,1.66779,1.66824,1.58,1.93
2013.12.06 11:59:59.116,1.66783,1.66824,1.58,1.85
