2016.10.03 20:00:00.079,1.54135,1.54165,1.00,1.00
2016.10.03 20:00:00.459,1.54134,1.54164,1.00,1.00
2016.10.03 20:00:00.670,1.54134,1.54164,1.00,1.00
2016.10.03 20:00:00.985,1.54139,1.54169,1.00,1.00
2016.10.03 20:00:01.288,1.54137,1.54167,1.00,1.00
2016.10.03 20:00:01.736,1.54132,1.54162,1.00,1.00
2016.10.03 20:00:01.837,1.54128,1.54158,1.37,1.00
2016.10.03 20:00:01.888,1.54128,1.54158,1.00,1.00
2016.10.03 20:00:02.314,1.54124,1.54155,1.00,1.00
2016.10.03 20:00:02.905,1.54126,1.54156,1.00,1.00
2016.10.03 20:00:03.421,1.54124,1.54156,1.00,1.00
2016.10.03 20:00:03.522,1.54127,1.54157,1.00,1.00
2016.10.03 20:00:05.216,1.54125,1.54157,1.00,1.00
2016.10.03 20:00:06.556,1.54123,1.54153,1.00,1.00
2016.10.03 20:00:06.911,1.54121,1.54151,1.00,1.00
2016.10.03 20:00:07.540,1.54122,1.54153,1.00,1.00
2016.10.03 20:00:09.013,1.54124,1.54153,1.00,1.00
2016.10.03 20:00:09.316,1.54118,1.54147,1.00,1.00
2016.10.03 20:00:10.341,1.54119,1.54148,1.00,1.00
2016.10.03 20:00:10.636,1.54119,1.54151,1.00,1.00
2016.10.03 20:00:10.737,1.54123,1.54153,1.00,1.00
2016.10.03 20:00:11.044,1.54126,1.54155,1.00,1.00
2016.10.03 20:00:12.659,1.54124,1.54154,1.00,1.00
2016.10.03 20:00:13.198,1.54124,1.54153,1.00,1.00
2016.10.03 20:00:13.952,1.54123,1.54153,1.00,1.00
2016.10.03 20:00:15.677,1.54124,1.54153,1.00,1.00
2016.10.03 20:00:16.437,1.54124,1.54155,1.00,1.00
2016.10.03 20:00:16.967,1.54122,1.54154,1.00,1.00
2016.10.03 20:00:18.143,1.54121,1.54153,1.00,1.00
2016.10.03 20:00:19.438,1.5412,1.54152,1.00,1.00
2016.10.03 20:00:20.247,1.54123,1.54153,1.00,1.00
2016.10.03 20:00:20.787,1.54125,1.54157,1.00,1.00
2016.10.03 20:00:21.472,1.54124,1.54156,1.00,1.00
2016.10.03 20:00:21.876,1.54126,1.54156,1.00,1.00
2016.10.03 20:00:22.664,1.54121,1.54156,1.00,1.00
2016.10.03 20:00:22.765,1.54125,1.54155,1.00,1.00
2016.10.03 20:00:22.867,1.54121,1.54156,1.00,1.00
2016.10.03 20:00:22.968,1.54125,1.54156,1.00,1.00
2016.10.03 20:00:24.765,1.54124,1.54154,1.00,1.00
2016.10.03 20:00:25.146,1.54126,1.54155,1.00,1.00
2016.10.03 20:00:25.486,1.54126,1.54158,1.00,1.00
2016.10.03 20:00:26.309,1.54124,1.54155,1.00,1.00
2016.10.03 20:00:26.764,1.54122,1.54152,1.00,1.00
2016.10.03 20:00:27.503,1.54124,1.54154,1.00,1.00
2016.10.03 20:00:27.806,1.54127,1.54156,1.00,1.00
2016.10.03 20:00:28.565,1.54127,1.54157,1.00,1.00
2016.10.03 20:00:30.412,1.54138,1.54168,1.00,1.00
2016.10.03 20:00:32.817,1.5413,1.5416,1.00,1.00
2016.10.03 20:00:33.022,1.54125,1.5416,1.00,1.00
2016.10.03 20:00:33.124,1.5413,1.54159,1.00,1.00
2016.10.03 20:00:34.082,1.54129,1.54161,1.00,1.00
2016.10.03 20:00:35.582,1.54131,1.54161,1.00,1.00
2016.10.03 20:00:36.182,1.54129,1.54161,1.00,1.00
2016.10.03 20:00:38.291,1.54128,1.5416,1.00,1.00
2016.10.03 20:00:41.089,1.5413,1.5416,1.00,1.00
2016.10.03 20:00:42.809,1.54127,1.54161,1.00,1.00
2016.10.03 20:00:42.911,1.5413,1.5416,1.00,1.00
2016.10.03 20:00:43.928,1.54131,1.54161,1.00,1.00
2016.10.03 20:00:45.430,1.5413,1.5416,1.00,1.00
2016.10.03 20:00:48.099,1.54129,1.54159,1.00,1.00
2016.10.03 20:00:50.202,1.54129,1.54158,1.00,1.00
2016.10.03 20:00:52.906,1.54125,1.54159,1.00,1.00
2016.10.03 20:00:53.007,1.54128,1.54158,1.00,1.00
2016.10.03 20:00:54.052,1.54128,1.5416,1.00,1.00
2016.10.03 20:00:59.729,1.54128,1.54158,1.00,1.00
2016.10.03 20:01:01.123,1.54128,1.5416,1.00,1.00
2016.10.03 20:01:02.026,1.54129,1.54161,1.00,1.00
2016.10.03 20:01:03.058,1.54135,1.54165,1.00,1.00
2016.10.03 20:01:03.436,1.5413,1.5416,1.00,1.00
2016.10.03 20:01:03.487,1.54132,1.54164,1.00,1.00
2016.10.03 20:01:04.131,1.54134,1.54164,1.00,1.00
2016.10.03 20:01:05.924,1.54133,1.54163,1.00,1.00
2016.10.03 20:01:06.045,1.54133,1.54165,1.00,1.00
2016.10.03 20:01:10.588,1.54133,1.54163,1.00,1.00
2016.10.03 20:01:13.281,1.54128,1.54159,1.00,1.00
2016.10.03 20:01:13.338,1.54124,1.54157,1.50,1.00
2016.10.03 20:01:13.446,1.54125,1.54157,1.00,1.00
2016.10.03 20:01:14.475,1.54127,1.54157,1.00,1.00
2016.10.03 20:01:15.575,1.54122,1.54154,1.00,1.00
2016.10.03 20:01:15.939,1.54124,1.54154,1.00,1.00
2016.10.03 20:01:16.605,1.54125,1.54155,1.00,1.00
2016.10.03 20:01:17.276,1.54127,1.54158,1.00,1.00
2016.10.03 20:01:18.910,1.54127,1.54159,1.00,1.00
2016.10.03 20:01:19.968,1.54129,1.54159,1.00,1.00
2016.10.03 20:01:23.191,1.54126,1.54161,1.00,1.00
2016.10.03 20:01:23.292,1.5413,1.54159,1.00,1.00
2016.10.03 20:01:24.252,1.54129,1.54161,1.00,1.00
2016.10.03 20:01:24.354,1.54133,1.54163,1.00,1.00
2016.10.03 20:01:24.692,1.54135,1.54165,1.00,1.00
2016.10.03 20:01:25.354,1.54136,1.54166,1.00,1.00
2016.10.03 20:01:26.082,1.54135,1.54166,1.00,1.00
2016.10.03 20:01:30.809,1.54135,1.54167,1.00,1.00
2016.10.03 20:01:32.316,1.54142,1.54173,1.00,1.00
2016.10.03 20:01:33.279,1.54138,1.54172,1.00,1.00
2016.10.03 20:01:33.380,1.54139,1.54169,1.00,1.00
2016.10.03 20:01:33.481,1.54137,1.54168,1.00,1.00
2016.10.03 20:01:34.266,1.54137,1.54166,1.00,1.00
2016.10.03 20:01:35.270,1.54135,1.54167,1.00,1.00
2016.10.03 20:01:36.647,1.54137,1.54167,1.00,1.00
2016.10.03 20:01:37.204,1.54134,1.54166,1.00,1.00
2016.10.03 20:01:37.871,1.54136,1.54166,1.00,1.00
2016.10.03 20:01:40.504,1.54137,1.54167,1.00,1.00
2016.10.03 20:01:41.918,1.54136,1.54166,1.00,1.00
2016.10.03 20:01:42.019,1.54134,1.54166,1.00,1.00
2016.10.03 20:01:42.179,1.54134,1.54164,1.00,1.00
2016.10.03 20:01:43.198,1.54135,1.54165,1.00,1.00
2016.10.03 20:01:43.414,1.54135,1.54165,1.00,1.00
2016.10.03 20:01:43.515,1.54136,1.54165,1.00,1.00
2016.10.03 20:01:43.718,1.54137,1.54167,1.00,1.00
2016.10.03 20:01:46.984,1.54137,1.54169,1.00,1.00
2016.10.03 20:01:47.526,1.54138,1.5417,1.00,1.00
2016.10.03 20:01:47.627,1.54138,1.54167,1.00,1.00
2016.10.03 20:01:47.969,1.5414,1.54169,1.00,1.00
2016.10.03 20:01:48.907,1.54136,1.54168,1.00,1.00
2016.10.03 20:01:49.906,1.54137,1.54166,1.00,1.00
2016.10.03 20:01:50.918,1.54137,1.54167,1.00,1.00
2016.10.03 20:01:52.400,1.54136,1.54165,1.00,1.00
2016.10.03 20:01:53.492,1.54132,1.54167,1.00,1.00
2016.10.03 20:01:53.594,1.54136,1.54165,1.00,1.00
2016.10.03 20:02:00.442,1.54135,1.54165,1.00,1.00
2016.10.03 20:02:00.780,1.54131,1.54161,1.00,1.00
2016.10.03 20:02:01.504,1.54129,1.54161,1.12,1.00
2016.10.03 20:02:04.024,1.54129,1.54159,1.00,1.00
2016.10.03 20:02:05.309,1.5413,1.54159,1.00,1.00
2016.10.03 20:02:08.018,1.54131,1.54161,1.00,1.00
2016.10.03 20:02:08.551,1.54132,1.54162,1.00,1.00
2016.10.03 20:02:15.937,1.54132,1.54161,1.00,1.00
2016.10.03 20:02:18.131,1.54129,1.54161,1.00,1.00
2016.10.03 20:02:24.045,1.5413,1.54159,1.00,1.00
2016.10.03 20:02:25.694,1.5413,1.54161,1.00,1.00
2016.10.03 20:02:26.989,1.54131,1.54161,1.00,1.00
2016.10.03 20:02:35.369,1.5413,1.5416,1.00,1.00
2016.10.03 20:02:36.410,1.54129,1.54159,1.00,1.00
2016.10.03 20:02:40.709,1.5413,1.5416,1.00,1.00
2016.10.03 20:02:41.012,1.54131,1.54163,1.00,1.00
2016.10.03 20:02:41.063,1.54131,1.54163,1.00,1.00
2016.10.03 20:02:41.196,1.54135,1.54166,1.00,1.00
2016.10.03 20:02:43.096,1.54131,1.5416,1.00,1.00
2016.10.03 20:02:43.292,1.54133,1.54164,1.00,1.00
2016.10.03 20:02:55.604,1.54134,1.54164,1.00,1.00
2016.10.03 20:02:58.524,1.54134,1.54166,1.00,1.00
2016.10.03 20:02:59.740,1.54136,1.54165,1.00,1.00
2016.10.03 20:03:00.338,1.54129,1.5416,1.00,1.00
2016.10.03 20:03:01.312,1.54129,1.54161,1.00,1.00
2016.10.03 20:03:01.448,1.54133,1.54165,1.00,1.00
2016.10.03 20:03:02.413,1.54134,1.54165,1.00,1.00
2016.10.03 20:03:04.216,1.54134,1.54166,1.00,1.00
2016.10.03 20:03:05.447,1.54136,1.54165,1.00,1.00
2016.10.03 20:03:05.750,1.54139,1.54168,1.00,1.00
2016.10.03 20:03:06.766,1.54138,1.5417,1.00,1.00
2016.10.03 20:03:10.635,1.54139,1.54168,1.00,1.00
2016.10.03 20:03:20.064,1.54136,1.54165,1.00,1.00
2016.10.03 20:03:21.040,1.54135,1.54165,1.00,1.00
2016.10.03 20:03:22.188,1.54134,1.54165,1.00,1.00
2016.10.03 20:03:25.649,1.54134,1.54163,1.00,1.00
2016.10.03 20:03:30.656,1.54132,1.54164,1.00,1.00
2016.10.03 20:03:30.757,1.54132,1.54161,1.00,1.00
2016.10.03 20:03:31.267,1.5413,1.5416,1.00,1.00
2016.10.03 20:03:32.594,1.54129,1.54158,1.00,1.00
2016.10.03 20:03:32.796,1.54123,1.54154,1.50,1.00
2016.10.03 20:03:32.847,1.54123,1.54154,1.00,1.00
2016.10.03 20:03:33.574,1.54125,1.54155,1.00,1.00
2016.10.03 20:03:34.161,1.54124,1.54153,1.00,1.00
2016.10.03 20:03:35.286,1.54125,1.54154,1.00,1.00
2016.10.03 20:03:35.463,1.54125,1.54156,1.00,1.00
2016.10.03 20:03:36.795,1.54125,1.54154,1.00,1.00
2016.10.03 20:03:37.766,1.54125,1.54156,1.00,1.00
2016.10.03 20:03:39.709,1.54129,1.54158,1.00,1.00
2016.10.03 20:03:40.418,1.5413,1.54159,1.00,1.00
2016.10.03 20:03:40.642,1.54131,1.54163,1.00,1.00
2016.10.03 20:03:40.692,1.54131,1.5416,1.00,1.00
2016.10.03 20:03:42.292,1.54132,1.54161,1.00,1.00
2016.10.03 20:03:44.696,1.5413,1.54159,1.00,1.00
2016.10.03 20:03:45.325,1.54127,1.54159,1.00,1.00
2016.10.03 20:03:45.376,1.5413,1.5416,1.00,1.00
2016.10.03 20:03:46.377,1.54131,1.54161,1.00,1.00
2016.10.03 20:03:48.005,1.54128,1.5416,1.00,1.00
2016.10.03 20:03:48.821,1.54128,1.54157,1.00,1.00
2016.10.03 20:03:55.701,1.54127,1.54157,1.00,1.00
2016.10.03 20:03:57.596,1.5413,1.54161,1.00,1.00
2016.10.03 20:03:58.737,1.54127,1.54158,1.00,1.00
2016.10.03 20:03:58.838,1.54124,1.54156,1.00,1.00
2016.10.03 20:03:58.940,1.54127,1.54158,1.00,1.00
2016.10.03 20:04:00.237,1.54128,1.54158,1.00,1.00
2016.10.03 20:04:00.439,1.54124,1.54155,1.00,1.00
2016.10.03 20:04:00.635,1.54126,1.54157,1.00,1.00
2016.10.03 20:04:01.641,1.54126,1.54158,1.00,1.00
2016.10.03 20:04:01.962,1.54128,1.5416,1.00,1.00
2016.10.03 20:04:02.697,1.54129,1.5416,1.00,1.00
2016.10.03 20:04:05.643,1.54128,1.5416,1.00,1.00
2016.10.03 20:04:06.463,1.54132,1.54162,1.00,1.00
2016.10.03 20:04:12.440,1.54133,1.54163,1.00,1.00
2016.10.03 20:04:16.648,1.54132,1.54163,1.00,1.00
2016.10.03 20:04:18.326,1.54132,1.54164,1.00,1.00
2016.10.03 20:04:18.629,1.54136,1.54165,1.00,1.00
2016.10.03 20:04:20.382,1.54132,1.54164,1.00,1.00
2016.10.03 20:04:25.576,1.54136,1.54165,1.00,1.00
2016.10.03 20:04:25.879,1.54138,1.54167,1.00,1.00
2016.10.03 20:04:26.676,1.54137,1.54169,1.00,1.00
2016.10.03 20:04:27.931,1.54139,1.5417,1.00,1.00
2016.10.03 20:04:29.073,1.54138,1.54167,1.00,1.00
2016.10.03 20:04:29.464,1.54136,1.54167,1.00,1.00
2016.10.03 20:04:35.680,1.54136,1.54168,1.00,1.00
2016.10.03 20:04:36.247,1.5414,1.5417,1.00,1.00
2016.10.03 20:04:39.053,1.5414,1.54171,1.00,1.00
2016.10.03 20:04:39.358,1.54142,1.54171,1.00,1.00
2016.10.03 20:04:39.459,1.54146,1.54177,1.00,1.00
2016.10.03 20:04:40.448,1.54147,1.54177,1.00,1.00
2016.10.03 20:04:41.023,1.54147,1.54176,1.00,1.00
2016.10.03 20:04:42.182,1.54146,1.54178,1.00,1.00
2016.10.03 20:04:43.662,1.54151,1.54182,1.00,1.00
2016.10.03 20:04:44.008,1.54156,1.54186,1.00,1.00
2016.10.03 20:04:44.778,1.54154,1.54185,1.00,1.00
2016.10.03 20:04:45.767,1.54153,1.54185,1.00,1.00
2016.10.03 20:04:50.662,1.54153,1.54182,1.00,1.00
2016.10.03 20:04:56.169,1.54155,1.54185,1.00,1.00
2016.10.03 20:05:00.500,1.54154,1.54183,1.00,1.00
2016.10.03 20:05:00.601,1.5415,1.5418,1.00,1.00
2016.10.03 20:05:00.810,1.54149,1.54178,1.00,1.00
2016.10.03 20:05:03.644,1.54142,1.54174,1.00,1.00
2016.10.03 20:05:04.581,1.54141,1.54173,1.00,1.00
2016.10.03 20:05:05.088,1.54142,1.54172,1.00,1.00
2016.10.03 20:05:05.690,1.54143,1.54174,1.00,1.00
2016.10.03 20:05:06.299,1.54144,1.54175,1.00,1.00
2016.10.03 20:05:07.125,1.54145,1.54175,1.00,1.00
2016.10.03 20:05:07.685,1.54143,1.54173,1.00,1.00
2016.10.03 20:05:08.225,1.54142,1.54172,1.00,1.00
2016.10.03 20:05:09.086,1.54143,1.54172,1.00,1.00
2016.10.03 20:05:10.103,1.54142,1.54174,1.00,1.00
2016.10.03 20:05:11.026,1.54142,1.54172,1.00,1.00
2016.10.03 20:05:18.021,1.54144,1.54175,1.00,1.00
2016.10.03 20:05:20.710,1.54143,1.54175,1.00,1.00
2016.10.03 20:05:20.865,1.54145,1.54175,1.00,1.00
2016.10.03 20:05:21.799,1.54145,1.54176,1.00,1.00
2016.10.03 20:05:22.242,1.54145,1.54174,1.00,1.00
2016.10.03 20:05:23.140,1.54144,1.54174,1.00,1.00
2016.10.03 20:05:25.903,1.54144,1.54176,1.00,1.00
2016.10.03 20:05:27.609,1.54146,1.54176,1.00,1.00
2016.10.03 20:05:28.126,1.54145,1.54175,1.00,1.00
2016.10.03 20:05:29.853,1.54146,1.54176,1.00,1.00
2016.10.03 20:05:35.715,1.54146,1.54175,1.00,1.00
2016.10.03 20:05:36.062,1.5414,1.5417,1.00,1.00
2016.10.03 20:05:40.922,1.54142,1.54172,1.00,1.00
2016.10.03 20:05:41.125,1.5414,1.54171,1.00,1.00
2016.10.03 20:05:43.159,1.54146,1.54175,1.00,1.00
2016.10.03 20:05:43.368,1.54147,1.54178,1.00,1.00
2016.10.03 20:05:46.230,1.54146,1.54178,1.00,1.00
2016.10.03 20:05:50.735,1.54146,1.54177,1.00,1.00
2016.10.03 20:05:51.770,1.54138,1.54166,1.00,1.00
2016.10.03 20:05:51.921,1.54137,1.54166,1.00,1.00
2016.10.03 20:05:52.005,1.54133,1.54165,1.00,1.00
2016.10.03 20:05:55.942,1.54134,1.54163,1.00,1.00
2016.10.03 20:06:01.810,1.54135,1.54165,1.00,1.00
2016.10.03 20:06:02.650,1.54134,1.54164,1.00,1.00
2016.10.03 20:06:03.462,1.54135,1.54165,1.00,1.00
2016.10.03 20:06:05.854,1.54133,1.54164,1.00,1.00
2016.10.03 20:06:06.855,1.54134,1.54164,1.00,1.00
2016.10.03 20:06:10.960,1.54133,1.54164,1.00,1.00
2016.10.03 20:06:12.480,1.54132,1.54163,1.00,1.00
2016.10.03 20:06:16.086,1.54133,1.54164,1.00,1.00
2016.10.03 20:06:20.872,1.54133,1.54165,1.00,1.00
2016.10.03 20:06:23.197,1.54138,1.54168,1.00,1.00
2016.10.03 20:06:26.100,1.54136,1.54166,1.00,1.00
2016.10.03 20:06:34.120,1.54136,1.54168,1.00,1.00
2016.10.03 20:06:35.890,1.54139,1.54168,1.00,1.00
2016.10.03 20:06:41.098,1.54137,1.54168,1.00,1.00
2016.10.03 20:06:50.911,1.54139,1.54168,1.00,1.00
2016.10.03 20:06:59.654,1.54136,1.54167,1.00,1.00
2016.10.03 20:07:01.067,1.54135,1.54164,1.00,1.00
2016.10.03 20:07:05.926,1.54134,1.54164,1.00,1.00
2016.10.03 20:07:11.131,1.54135,1.54164,1.00,1.00
2016.10.03 20:07:16.454,1.54133,1.54165,1.00,1.00
2016.10.03 20:07:16.980,1.54136,1.54165,1.00,1.00
2016.10.03 20:07:20.977,1.54137,1.54167,1.00,1.00
2016.10.03 20:07:27.060,1.54137,1.54166,1.00,1.00
2016.10.03 20:07:33.756,1.54135,1.54167,1.00,1.00
2016.10.03 20:07:35.662,1.54136,1.54168,1.00,1.00
2016.10.03 20:07:35.879,1.54136,1.54168,1.00,1.00
2016.10.03 20:07:35.980,1.54136,1.54166,1.00,1.00
2016.10.03 20:07:38.726,1.54135,1.54165,1.00,1.00
2016.10.03 20:07:44.590,1.5413,1.54162,1.50,1.00
2016.10.03 20:07:44.692,1.54136,1.54165,1.00,1.00
2016.10.03 20:07:45.671,1.54136,1.54166,1.00,1.00
2016.10.03 20:07:46.686,1.54137,1.54166,1.00,1.00
2016.10.03 20:07:47.839,1.54137,1.54167,1.00,1.00
2016.10.03 20:07:48.775,1.54137,1.54168,1.00,1.00
2016.10.03 20:07:50.700,1.54137,1.54168,1.00,1.00
2016.10.03 20:07:50.978,1.54139,1.54168,1.00,1.00
2016.10.03 20:07:52.095,1.54138,1.54168,1.00,1.00
2016.10.03 20:07:56.186,1.54139,1.54168,1.00,1.00
2016.10.03 20:07:57.188,1.54138,1.54168,1.00,1.00
2016.10.03 20:08:05.998,1.54137,1.54167,1.00,1.00
2016.10.03 20:08:11.204,1.54138,1.54168,1.00,1.00
2016.10.03 20:08:21.115,1.54138,1.54169,1.00,1.00
2016.10.03 20:08:52.299,1.54137,1.54168,1.00,1.00
2016.10.03 20:08:52.401,1.54139,1.54168,1.00,1.00
2016.10.03 20:09:01.688,1.54138,1.54168,1.00,1.00
2016.10.03 20:09:04.869,1.54138,1.54168,1.00,1.00
2016.10.03 20:09:04.974,1.54143,1.54172,1.00,1.00
2016.10.03 20:09:05.236,1.54138,1.54169,1.00,1.00
2016.10.03 20:09:06.072,1.54138,1.54168,1.00,1.00
2016.10.03 20:09:15.131,1.54139,1.54169,1.00,1.00
2016.10.03 20:09:16.686,1.5414,1.5417,1.00,1.00
2016.10.03 20:09:17.903,1.54144,1.54173,1.00,1.00
2016.10.03 20:09:18.889,1.54142,1.54174,1.00,1.00
2016.10.03 20:09:21.893,1.54142,1.54173,1.00,1.00
2016.10.03 20:09:26.398,1.54143,1.54173,1.00,1.00
2016.10.03 20:09:31.344,1.54139,1.5417,1.00,1.00
2016.10.03 20:09:36.216,1.54141,1.5417,1.00,1.00
2016.10.03 20:09:38.265,1.54136,1.54166,1.00,1.00
2016.10.03 20:09:40.032,1.54137,1.54169,1.00,1.00
2016.10.03 20:09:42.160,1.54138,1.5417,1.00,1.00
2016.10.03 20:09:48.333,1.54137,1.54169,1.00,1.00
2016.10.03 20:10:00.294,1.54133,1.54163,1.00,1.00
2016.10.03 20:10:01.186,1.54125,1.54156,1.00,1.00
2016.10.03 20:10:01.236,1.54125,1.54156,1.00,1.00
2016.10.03 20:10:01.608,1.54124,1.54153,1.00,1.00
2016.10.03 20:10:01.659,1.54125,1.54157,1.00,1.00
2016.10.03 20:10:01.760,1.54129,1.5416,1.00,1.00
2016.10.03 20:10:06.262,1.54128,1.5416,1.00,1.00
2016.10.03 20:10:07.263,1.54129,1.54158,1.00,1.00
2016.10.03 20:10:08.880,1.54127,1.54159,1.00,1.00
2016.10.03 20:10:08.981,1.54131,1.5416,1.00,1.00
2016.10.03 20:10:09.870,1.54131,1.54162,1.00,1.00
2016.10.03 20:10:11.470,1.54131,1.5416,1.00,1.00
2016.10.03 20:10:21.983,1.54131,1.54161,1.00,1.00
2016.10.03 20:10:25.892,1.54129,1.54161,1.00,1.00
2016.10.03 20:10:30.407,1.54131,1.54161,1.00,1.00
2016.10.03 20:10:30.988,1.54131,1.54161,1.00,1.00
2016.10.03 20:10:31.039,1.54135,1.54167,1.00,1.00
2016.10.03 20:10:31.241,1.54135,1.54169,1.00,1.00
2016.10.03 20:10:31.362,1.54136,1.54166,1.00,1.00
2016.10.03 20:10:32.297,1.54135,1.54165,1.00,1.00
2016.10.03 20:10:36.302,1.54135,1.54166,1.00,1.00
2016.10.03 20:10:37.352,1.54136,1.54166,1.00,1.00
2016.10.03 20:10:38.340,1.54136,1.54167,1.00,1.00
2016.10.03 20:10:49.516,1.54136,1.54167,1.00,1.00
2016.10.03 20:10:49.772,1.54142,1.54172,1.00,1.12
2016.10.03 20:10:49.823,1.54142,1.54172,1.00,1.00
2016.10.03 20:10:51.469,1.54142,1.54174,1.00,1.00
2016.10.03 20:10:52.232,1.54145,1.54176,1.00,1.00
2016.10.03 20:10:56.553,1.54144,1.54176,1.00,1.00
2016.10.03 20:10:57.147,1.54144,1.54176,1.00,1.00
2016.10.03 20:11:01.167,1.54144,1.54175,1.00,1.00
2016.10.03 20:11:06.440,1.54144,1.54176,1.00,1.00
2016.10.03 20:11:06.785,1.54144,1.54174,1.00,1.00
2016.10.03 20:11:07.154,1.54145,1.54177,1.00,1.00
2016.10.03 20:11:11.648,1.54145,1.54176,1.00,1.00
2016.10.03 20:11:15.151,1.54146,1.54176,1.00,1.00
2016.10.03 20:11:16.354,1.54144,1.54174,1.00,1.00
2016.10.03 20:11:18.400,1.54141,1.54172,1.00,1.00
2016.10.03 20:11:19.699,1.54141,1.5417,1.00,1.00
2016.10.03 20:11:20.196,1.54143,1.54172,1.00,1.00
2016.10.03 20:11:20.516,1.54147,1.54176,1.00,1.00
2016.10.03 20:11:20.769,1.54144,1.54172,1.00,1.00
2016.10.03 20:11:20.927,1.54143,1.54172,1.00,1.00
2016.10.03 20:11:20.979,1.5414,1.54171,1.00,1.00
2016.10.03 20:11:21.459,1.54142,1.54172,1.00,1.00
2016.10.03 20:11:23.273,1.54139,1.54169,1.00,1.00
2016.10.03 20:11:23.705,1.54136,1.54168,1.00,1.00
2016.10.03 20:11:26.668,1.54136,1.54167,1.00,1.00
2016.10.03 20:11:32.002,1.54136,1.54166,1.00,1.00
2016.10.03 20:11:33.891,1.54137,1.54167,1.00,1.00
2016.10.03 20:11:36.019,1.54135,1.54165,1.00,1.00
2016.10.03 20:11:56.441,1.54137,1.54168,1.00,1.00
2016.10.03 20:11:56.543,1.54134,1.54166,1.00,1.00
2016.10.03 20:11:57.429,1.54136,1.54165,1.00,1.00
2016.10.03 20:11:58.251,1.54137,1.54166,1.00,1.00
2016.10.03 20:12:03.322,1.54135,1.54166,1.00,1.00
2016.10.03 20:12:04.065,1.54136,1.54167,1.00,1.00
2016.10.03 20:12:05.769,1.54136,1.54165,1.00,1.00
2016.10.03 20:12:06.528,1.54134,1.54166,1.00,1.00
2016.10.03 20:12:07.975,1.54135,1.54164,1.00,1.00
2016.10.03 20:12:16.484,1.54138,1.54167,1.00,1.00
2016.10.03 20:12:16.953,1.54136,1.54165,1.00,1.00
2016.10.03 20:12:22.272,1.54136,1.54166,1.00,1.00
2016.10.03 20:12:34.276,1.54137,1.54166,1.00,1.00
2016.10.03 20:12:41.267,1.54142,1.54174,1.00,1.00
2016.10.03 20:12:42.186,1.54143,1.54175,1.00,1.00
2016.10.03 20:12:43.199,1.54144,1.54173,1.00,1.00
2016.10.03 20:12:47.092,1.54143,1.54173,1.00,1.00
2016.10.03 20:12:49.843,1.54143,1.54172,1.00,1.00
2016.10.03 20:12:51.597,1.54144,1.54174,1.00,1.00
2016.10.03 20:12:52.642,1.54143,1.54174,1.00,1.00
2016.10.03 20:12:52.844,1.54142,1.54171,1.00,1.00
2016.10.03 20:12:56.825,1.5414,1.5417,1.00,1.00
2016.10.03 20:13:00.149,1.54137,1.54169,1.00,1.00
2016.10.03 20:13:00.250,1.54132,1.54163,1.00,1.00
2016.10.03 20:13:00.582,1.5413,1.54161,1.00,1.00
2016.10.03 20:13:03.321,1.54132,1.54164,1.00,1.00
2016.10.03 20:13:06.616,1.54135,1.54164,1.00,1.00
2016.10.03 20:13:14.421,1.54135,1.54164,1.00,1.00
2016.10.03 20:13:14.472,1.54138,1.5417,1.00,1.00
2016.10.03 20:13:15.128,1.54137,1.54168,1.00,1.00
2016.10.03 20:13:17.077,1.54136,1.54167,1.00,1.00
2016.10.03 20:13:18.031,1.54135,1.54167,1.00,1.00
2016.10.03 20:13:20.081,1.54131,1.54163,1.00,1.00
2016.10.03 20:13:21.076,1.54131,1.54162,1.00,1.00
2016.10.03 20:13:21.651,1.54133,1.54163,1.00,1.00
2016.10.03 20:13:27.188,1.5413,1.54161,1.00,1.00
2016.10.03 20:13:32.678,1.54129,1.54161,1.00,1.00
2016.10.03 20:13:36.667,1.54131,1.5416,1.00,1.00
2016.10.03 20:13:37.870,1.54129,1.54161,1.00,1.00
2016.10.03 20:13:40.395,1.54129,1.5416,1.00,1.00
2016.10.03 20:13:47.185,1.5413,1.5416,1.00,1.00
2016.10.03 20:13:52.393,1.5413,1.54159,1.00,1.00
2016.10.03 20:13:53.394,1.54129,1.54161,1.00,1.00
2016.10.03 20:13:58.107,1.5413,1.54162,1.00,1.00
2016.10.03 20:14:11.925,1.54131,1.5416,1.00,1.00
2016.10.03 20:14:12.928,1.5413,1.5416,1.00,1.00
2016.10.03 20:14:13.929,1.5413,1.54161,1.00,1.00
2016.10.03 20:14:21.841,1.5413,1.5416,1.00,1.00
2016.10.03 20:14:22.846,1.54129,1.5416,1.00,1.00
2016.10.03 20:14:23.275,1.54131,1.5416,1.00,1.00
2016.10.03 20:14:25.496,1.54133,1.54163,1.00,1.00
2016.10.03 20:14:26.956,1.54133,1.54165,1.00,1.00
2016.10.03 20:14:29.301,1.54133,1.54162,1.00,1.00
2016.10.03 20:14:30.163,1.54133,1.54163,1.00,1.00
2016.10.03 20:14:32.269,1.54133,1.54164,1.00,1.00
2016.10.03 20:14:33.278,1.54129,1.5416,1.00,1.00
2016.10.03 20:14:41.535,1.54129,1.54161,1.00,1.00
2016.10.03 20:14:41.851,1.54129,1.54159,1.00,1.00
2016.10.03 20:14:42.927,1.54131,1.54162,1.00,1.00
2016.10.03 20:14:43.028,1.54133,1.54165,1.00,1.00
2016.10.03 20:14:43.432,1.54133,1.54165,1.50,1.00
2016.10.03 20:14:46.192,1.54133,1.54165,1.00,1.00
2016.10.03 20:14:46.403,1.54133,1.54163,1.00,1.00
2016.10.03 20:14:47.423,1.54133,1.54164,1.00,1.00
2016.10.03 20:14:48.213,1.54134,1.54165,1.00,1.00
2016.10.03 20:14:51.836,1.54129,1.5416,1.00,1.00
2016.10.03 20:14:52.139,1.54133,1.54164,1.00,1.00
2016.10.03 20:14:52.937,1.54133,1.54165,1.00,1.00
2016.10.03 20:14:55.402,1.54134,1.54165,1.00,1.00
2016.10.03 20:14:56.708,1.54135,1.54164,1.00,1.00
2016.10.03 20:14:57.008,1.54136,1.54166,1.00,1.00
2016.10.03 20:15:02.422,1.54136,1.54165,1.00,1.00
2016.10.03 20:15:03.259,1.54136,1.54167,1.00,1.00
2016.10.03 20:15:04.191,1.54136,1.54165,1.00,1.00
2016.10.03 20:15:06.963,1.54124,1.54156,2.25,1.00
2016.10.03 20:15:07.014,1.54124,1.54156,1.37,1.00
2016.10.03 20:15:07.065,1.54123,1.54153,1.00,1.00
2016.10.03 20:15:07.167,1.54116,1.54151,1.00,1.00
2016.10.03 20:15:07.218,1.54116,1.54151,1.00,1.00
2016.10.03 20:15:07.320,1.54116,1.54151,1.00,1.00
2016.10.03 20:15:07.421,1.54116,1.54151,1.00,1.00
2016.10.03 20:15:07.931,1.54117,1.54148,1.00,1.00
2016.10.03 20:15:12.048,1.54115,1.54149,1.00,1.00
2016.10.03 20:15:12.149,1.54118,1.5415,1.00,1.00
2016.10.03 20:15:13.156,1.5412,1.5415,1.00,1.00
2016.10.03 20:15:13.257,1.54118,1.5415,1.00,1.00
2016.10.03 20:15:13.686,1.5412,1.5415,1.00,1.00
2016.10.03 20:15:13.743,1.54118,1.5415,1.00,1.00
2016.10.03 20:15:14.292,1.54119,1.54151,1.00,1.00
2016.10.03 20:15:18.350,1.54121,1.54153,1.00,1.00
2016.10.03 20:15:18.662,1.54126,1.54156,1.00,1.00
2016.10.03 20:15:18.764,1.54127,1.54158,1.00,1.00
2016.10.03 20:15:19.600,1.54128,1.54159,1.00,1.00
2016.10.03 20:15:19.657,1.5413,1.5416,1.00,1.00
2016.10.03 20:15:20.592,1.54131,1.54161,1.00,1.00
2016.10.03 20:15:21.996,1.5413,1.54161,1.00,1.00
2016.10.03 20:15:22.958,1.5413,1.5416,1.00,1.00
2016.10.03 20:15:24.582,1.5413,1.54159,1.00,1.00
2016.10.03 20:15:25.600,1.54128,1.5416,1.00,1.00
2016.10.03 20:15:29.915,1.54131,1.54161,1.00,1.00
2016.10.03 20:15:30.395,1.54131,1.54163,1.00,1.00
2016.10.03 20:15:37.004,1.54132,1.54161,1.00,1.00
2016.10.03 20:15:37.309,1.54132,1.54164,1.00,1.00
2016.10.03 20:15:37.431,1.54132,1.54162,1.00,1.00
2016.10.03 20:15:37.963,1.54134,1.54163,1.00,1.00
2016.10.03 20:15:38.402,1.54132,1.54162,1.00,1.00
2016.10.03 20:15:39.395,1.54132,1.54164,1.00,1.00
2016.10.03 20:15:42.142,1.54133,1.54162,1.00,1.00
2016.10.03 20:15:43.214,1.54132,1.54162,1.00,1.00
2016.10.03 20:15:52.009,1.54133,1.54163,1.00,1.00
2016.10.03 20:15:53.010,1.54133,1.54162,1.00,1.00
2016.10.03 20:15:54.429,1.54134,1.54164,1.00,1.00
2016.10.03 20:15:57.252,1.54133,1.54163,1.00,1.00
2016.10.03 20:16:17.667,1.54134,1.54164,1.00,1.00
2016.10.03 20:16:20.282,1.54132,1.54164,1.00,1.00
2016.10.03 20:16:22.165,1.54133,1.54165,1.00,1.00
2016.10.03 20:16:35.402,1.54136,1.54166,1.00,1.00
2016.10.03 20:16:35.807,1.54138,1.54168,1.00,1.00
2016.10.03 20:16:38.920,1.5414,1.5417,1.00,1.00
2016.10.03 20:16:52.134,1.54139,1.54168,1.00,1.00
2016.10.03 20:16:52.445,1.54137,1.54166,1.00,1.00
2016.10.03 20:16:53.349,1.54136,1.54166,1.00,1.00
2016.10.03 20:16:56.907,1.54136,1.54165,1.00,1.00
2016.10.03 20:16:57.908,1.54136,1.54166,1.00,1.00
2016.10.03 20:16:58.750,1.54134,1.54163,1.00,1.00
2016.10.03 20:17:07.128,1.54135,1.54165,1.00,1.00
2016.10.03 20:17:22.239,1.54134,1.54164,1.00,1.00
2016.10.03 20:17:27.358,1.54135,1.54164,1.00,1.00
2016.10.03 20:17:37.871,1.54134,1.54166,1.00,1.00
2016.10.03 20:17:38.990,1.54135,1.54166,1.00,1.00
2016.10.03 20:17:42.377,1.54136,1.54166,1.00,1.00
2016.10.03 20:17:47.224,1.54136,1.54167,1.00,1.00
2016.10.03 20:17:47.393,1.54136,1.54165,1.00,1.00
2016.10.03 20:17:48.205,1.54137,1.54166,1.00,1.00
2016.10.03 20:17:52.352,1.54138,1.54167,1.00,1.00
2016.10.03 20:17:53.142,1.54136,1.54167,1.00,1.00
2016.10.03 20:17:53.344,1.54138,1.54167,1.00,1.00
2016.10.03 20:17:56.848,1.54136,1.54168,1.00,1.00
2016.10.03 20:17:57.050,1.54138,1.54168,1.00,1.00
2016.10.03 20:17:57.406,1.54135,1.54167,1.00,1.00
2016.10.03 20:18:05.766,1.54135,1.54168,1.00,1.00
2016.10.03 20:18:06.883,1.54135,1.54168,1.00,1.00
2016.10.03 20:18:07.386,1.54135,1.54169,1.00,1.00
2016.10.03 20:18:07.926,1.54136,1.54169,1.00,1.00
2016.10.03 20:18:12.433,1.54136,1.54168,1.00,1.00
2016.10.03 20:18:13.401,1.54136,1.54168,1.00,1.00
2016.10.03 20:18:14.946,1.54136,1.54166,1.00,1.00
2016.10.03 20:18:15.838,1.54135,1.54166,1.00,1.00
2016.10.03 20:18:16.646,1.54135,1.54166,1.00,1.00
2016.10.03 20:18:17.870,1.54134,1.54166,1.87,1.00
2016.10.03 20:18:20.753,1.54135,1.54167,1.00,1.00
2016.10.03 20:18:22.246,1.54136,1.54168,1.00,1.00
2016.10.03 20:18:23.266,1.54138,1.54167,1.00,1.00
2016.10.03 20:18:26.728,1.54136,1.54166,1.00,1.00
2016.10.03 20:18:27.284,1.54136,1.54168,1.00,1.00
2016.10.03 20:18:27.486,1.54135,1.54166,1.00,1.00
2016.10.03 20:18:28.273,1.54136,1.54166,1.00,1.00
2016.10.03 20:18:32.764,1.54137,1.54166,1.00,1.00
2016.10.03 20:18:37.595,1.5414,1.5417,1.00,1.00
2016.10.03 20:18:38.575,1.54141,1.5417,1.00,1.00
2016.10.03 20:18:42.813,1.5414,1.54172,1.00,1.00
2016.10.03 20:18:43.793,1.54142,1.54172,1.00,1.00
2016.10.03 20:18:54.834,1.54142,1.54171,1.00,1.00
2016.10.03 20:18:55.720,1.54141,1.54173,1.00,1.00
2016.10.03 20:18:57.517,1.54144,1.54173,1.00,1.00
2016.10.03 20:19:02.838,1.54142,1.54174,1.00,1.00
2016.10.03 20:19:06.840,1.5414,1.54171,1.00,1.00
2016.10.03 20:19:08.035,1.54141,1.54171,1.00,1.00
2016.10.03 20:19:12.519,1.54141,1.5417,1.00,1.00
2016.10.03 20:19:17.927,1.5414,1.54172,1.00,1.00
2016.10.03 20:19:29.216,1.5414,1.54172,1.00,1.00
2016.10.03 20:19:29.267,1.54143,1.54173,1.00,1.00
2016.10.03 20:19:30.274,1.54144,1.54173,1.00,1.00
2016.10.03 20:19:37.477,1.54141,1.54173,1.00,1.00
2016.10.03 20:19:39.754,1.5414,1.54172,1.00,1.00
2016.10.03 20:19:52.507,1.54141,1.54172,1.00,1.00
2016.10.03 20:19:57.032,1.54143,1.54172,1.00,1.00
2016.10.03 20:19:57.568,1.54143,1.54173,1.00,1.00
2016.10.03 20:19:58.120,1.54143,1.54172,1.00,1.00
2016.10.03 20:19:58.638,1.54144,1.54173,1.00,1.00
2016.10.03 20:20:00.726,1.54141,1.54173,1.00,1.00
2016.10.03 20:20:01.328,1.54143,1.54172,1.00,1.00
2016.10.03 20:20:02.237,1.54142,1.54171,1.00,1.00
2016.10.03 20:20:02.338,1.5414,1.54171,1.00,1.00
2016.10.03 20:20:07.809,1.54142,1.54171,1.00,1.00
2016.10.03 20:20:09.312,1.54139,1.54171,1.00,1.00
2016.10.03 20:20:15.649,1.54142,1.54171,1.00,1.00
2016.10.03 20:20:22.223,1.5414,1.54171,1.00,1.00
2016.10.03 20:20:22.426,1.54142,1.54171,1.00,1.00
2016.10.03 20:20:33.052,1.54141,1.54171,1.00,1.00
2016.10.03 20:20:33.661,1.5414,1.5417,1.00,1.00
2016.10.03 20:20:37.550,1.54139,1.54168,1.00,1.00
2016.10.03 20:20:38.551,1.5414,1.54169,1.00,1.00
2016.10.03 20:20:39.566,1.54139,1.54168,1.00,1.00
2016.10.03 20:20:42.897,1.5414,1.5417,1.00,1.00
2016.10.03 20:20:43.906,1.5414,1.54172,1.00,1.00
2016.10.03 20:20:44.861,1.5414,1.54171,1.00,1.00
2016.10.03 20:20:54.301,1.54141,1.54171,1.00,1.00
2016.10.03 20:20:54.408,1.54139,1.54171,1.00,1.00
2016.10.03 20:20:55.434,1.5414,1.5417,1.00,1.00
2016.10.03 20:20:59.802,1.54141,1.54171,1.00,1.00
2016.10.03 20:21:00.796,1.54141,1.54172,1.00,1.00
2016.10.03 20:21:02.244,1.54141,1.5417,1.00,1.00
2016.10.03 20:21:03.199,1.5414,1.54172,1.00,1.00
2016.10.03 20:21:08.349,1.54141,1.5417,1.00,1.00
2016.10.03 20:21:10.331,1.5414,1.5417,1.00,1.00
2016.10.03 20:21:11.653,1.54139,1.5417,1.00,1.00
2016.10.03 20:21:14.620,1.54138,1.5417,1.00,1.00
2016.10.03 20:21:17.303,1.54141,1.54173,1.00,1.00
2016.10.03 20:21:18.305,1.54141,1.54172,1.00,1.00
2016.10.03 20:21:20.486,1.54141,1.54171,1.00,1.00
2016.10.03 20:21:21.888,1.54141,1.54172,1.00,1.00
2016.10.03 20:21:22.595,1.5414,1.54169,1.00,1.00
2016.10.03 20:21:26.915,1.54138,1.54169,1.00,1.00
2016.10.03 20:21:27.794,1.54138,1.54167,1.00,1.00
2016.10.03 20:21:30.492,1.54137,1.54169,1.00,1.00
2016.10.03 20:21:52.748,1.54138,1.54167,1.00,1.00
2016.10.03 20:21:52.849,1.54137,1.54166,1.00,1.00
2016.10.03 20:21:53.134,1.54141,1.5417,1.00,1.00
2016.10.03 20:21:57.541,1.54139,1.54168,1.00,1.00
2016.10.03 20:22:07.081,1.5414,1.54171,1.00,1.00
2016.10.03 20:22:07.766,1.54139,1.5417,1.00,1.00
2016.10.03 20:22:18.264,1.54139,1.54171,1.00,1.00
2016.10.03 20:22:19.387,1.54136,1.54165,1.00,1.00
2016.10.03 20:22:20.188,1.54137,1.54167,1.00,1.00
2016.10.03 20:22:21.193,1.54136,1.54166,1.00,1.00
2016.10.03 20:22:22.773,1.54136,1.54165,1.00,1.00
2016.10.03 20:22:23.774,1.54135,1.54165,1.00,1.00
2016.10.03 20:22:24.775,1.54135,1.54164,1.00,1.00
2016.10.03 20:22:34.946,1.54135,1.54165,1.00,1.00
2016.10.03 20:22:35.475,1.54134,1.54164,1.00,1.00
2016.10.03 20:22:52.840,1.54134,1.54165,1.00,1.00
2016.10.03 20:22:53.829,1.54135,1.54165,1.00,1.00
2016.10.03 20:22:58.032,1.54134,1.54164,1.00,1.00
2016.10.03 20:23:07.933,1.54135,1.54164,1.00,1.00
2016.10.03 20:23:09.293,1.54133,1.54165,1.00,1.00
2016.10.03 20:23:10.174,1.5413,1.5416,1.00,1.00
2016.10.03 20:23:10.507,1.54134,1.54164,1.00,1.00
2016.10.03 20:23:11.159,1.54132,1.54163,1.00,1.00
2016.10.03 20:23:18.368,1.54132,1.54164,1.00,1.00
2016.10.03 20:23:22.967,1.54133,1.54162,1.00,1.00
2016.10.03 20:23:24.416,1.54133,1.54164,1.00,1.00
2016.10.03 20:23:28.133,1.54133,1.54163,1.00,1.00
2016.10.03 20:23:32.737,1.54131,1.54162,1.00,1.00
2016.10.03 20:23:37.732,1.54132,1.54163,1.00,1.00
2016.10.03 20:23:43.105,1.54134,1.54163,1.00,1.00
2016.10.03 20:23:51.752,1.54134,1.54165,1.00,1.00
2016.10.03 20:23:52.918,1.54135,1.54165,1.00,1.00
2016.10.03 20:23:57.061,1.54133,1.54163,1.00,1.00
2016.10.03 20:23:58.156,1.54134,1.54164,1.00,1.00
2016.10.03 20:24:07.947,1.54132,1.54164,1.00,1.00
2016.10.03 20:24:24.822,1.54132,1.54162,1.00,1.00
2016.10.03 20:24:33.098,1.54133,1.54165,1.00,1.00
2016.10.03 20:24:38.003,1.54133,1.54163,1.00,1.00
2016.10.03 20:24:39.017,1.54133,1.54164,1.00,1.00
2016.10.03 20:24:39.706,1.54132,1.54161,1.00,1.00
2016.10.03 20:24:40.708,1.5413,1.54161,1.00,1.00
2016.10.03 20:24:43.212,1.54131,1.54161,1.00,1.00
2016.10.03 20:24:49.540,1.54135,1.54165,1.00,1.00
2016.10.03 20:24:50.636,1.54136,1.54165,1.00,1.00
2016.10.03 20:24:51.348,1.54133,1.54163,1.00,1.00
2016.10.03 20:24:51.867,1.54132,1.54162,1.00,1.00
2016.10.03 20:24:52.367,1.54133,1.54164,1.00,1.00
2016.10.03 20:24:53.328,1.54134,1.54164,1.00,1.00
2016.10.03 20:25:06.745,1.54132,1.54163,1.00,1.00
2016.10.03 20:25:06.796,1.54132,1.54163,1.00,1.00
2016.10.03 20:25:07.753,1.54133,1.54163,1.00,1.00
2016.10.03 20:25:08.750,1.54133,1.54162,1.00,1.00
2016.10.03 20:25:09.953,1.54134,1.54163,1.00,1.00
2016.10.03 20:25:13.261,1.54133,1.54163,1.00,1.00
2016.10.03 20:25:25.795,1.54125,1.54154,1.00,1.00
2016.10.03 20:25:25.897,1.54125,1.54154,1.00,1.00
2016.10.03 20:25:26.791,1.54122,1.54154,1.00,1.00
2016.10.03 20:25:28.302,1.54124,1.54156,1.00,1.00
2016.10.03 20:25:29.326,1.54126,1.54155,1.00,1.00
2016.10.03 20:25:31.102,1.54125,1.54154,1.00,1.00
2016.10.03 20:25:31.707,1.54125,1.54155,1.00,1.00
2016.10.03 20:25:32.471,1.54125,1.54156,1.00,1.00
2016.10.03 20:25:33.451,1.54127,1.54156,1.00,1.00
2016.10.03 20:25:34.412,1.54126,1.54158,1.00,1.00
2016.10.03 20:25:38.108,1.54127,1.54156,1.00,1.00
2016.10.03 20:25:40.441,1.54125,1.54154,1.00,1.00
2016.10.03 20:25:40.745,1.54127,1.54156,1.00,1.00
2016.10.03 20:25:43.316,1.54125,1.54156,1.00,1.00
2016.10.03 20:25:48.459,1.54128,1.5416,1.00,1.00
2016.10.03 20:25:48.829,1.54128,1.54158,1.00,1.00
2016.10.03 20:25:49.430,1.54127,1.54157,1.00,1.00
2016.10.03 20:25:51.634,1.54128,1.54158,1.00,1.00
2016.10.03 20:25:53.738,1.54128,1.54157,1.00,1.00
2016.10.03 20:25:54.288,1.54127,1.54157,1.00,1.00
2016.10.03 20:25:54.941,1.54128,1.54158,1.00,1.00
2016.10.03 20:25:56.093,1.54129,1.5416,1.00,1.00
2016.10.03 20:25:57.158,1.54128,1.54159,1.00,1.00
2016.10.03 20:25:58.871,1.5413,1.54159,1.00,1.00
2016.10.03 20:25:58.948,1.54128,1.54159,1.00,1.00
2016.10.03 20:26:03.655,1.54128,1.5416,1.00,1.00
2016.10.03 20:26:06.962,1.54129,1.5416,1.00,1.00
2016.10.03 20:26:08.163,1.54128,1.5416,1.00,1.00
2016.10.03 20:26:08.866,1.54129,1.54158,1.00,1.00
2016.10.03 20:26:13.373,1.54128,1.54157,1.00,1.00
2016.10.03 20:26:23.284,1.54129,1.54158,1.00,1.00
2016.10.03 20:26:24.285,1.54128,1.5416,1.00,1.00
2016.10.03 20:26:25.286,1.5413,1.54159,1.00,1.00
2016.10.03 20:26:26.897,1.5413,1.5416,1.00,1.00
2016.10.03 20:26:33.803,1.54129,1.5416,1.00,1.00
2016.10.03 20:26:36.855,1.5413,1.5416,1.00,1.00
2016.10.03 20:26:37.813,1.54131,1.5416,1.00,1.00
2016.10.03 20:26:54.033,1.54129,1.54161,1.00,1.00
2016.10.03 20:26:54.557,1.5413,1.54162,1.00,1.00
2016.10.03 20:27:03.229,1.5413,1.5416,1.00,1.00
2016.10.03 20:27:03.603,1.54125,1.54157,1.00,1.00
2016.10.03 20:27:03.704,1.54125,1.54154,1.00,1.00
2016.10.03 20:27:04.556,1.54123,1.54154,1.00,1.00
2016.10.03 20:27:08.372,1.54122,1.54154,1.00,1.00
2016.10.03 20:27:10.026,1.54122,1.54154,1.00,1.00
2016.10.03 20:27:11.283,1.54125,1.54157,1.00,1.00
2016.10.03 20:27:12.189,1.54124,1.54153,1.00,1.00
2016.10.03 20:27:13.210,1.54124,1.54155,1.00,1.00
2016.10.03 20:27:13.480,1.54127,1.54158,1.00,1.00
2016.10.03 20:27:20.635,1.54128,1.54158,1.00,1.00
2016.10.03 20:27:20.912,1.54128,1.5416,1.00,1.00
2016.10.03 20:27:23.999,1.54127,1.54157,1.00,1.00
2016.10.03 20:27:25.702,1.54126,1.54156,1.00,1.00
2016.10.03 20:27:25.803,1.54124,1.54156,1.00,1.00
2016.10.03 20:27:28.507,1.54126,1.54155,1.00,1.00
2016.10.03 20:27:37.731,1.54126,1.54156,1.00,1.00
2016.10.03 20:27:38.449,1.54125,1.54155,1.00,1.00
2016.10.03 20:27:53.501,1.54126,1.54156,1.00,1.00
2016.10.03 20:27:54.466,1.54125,1.54156,1.00,1.00
2016.10.03 20:28:00.999,1.54127,1.54156,1.00,1.00
2016.10.03 20:28:01.307,1.54129,1.54158,1.00,1.00
2016.10.03 20:28:15.245,1.54127,1.54156,1.00,1.00
2016.10.03 20:28:15.875,1.54126,1.54155,1.00,1.00
2016.10.03 20:28:19.014,1.54125,1.54157,1.00,1.00
2016.10.03 20:28:24.119,1.54125,1.54156,1.00,1.00
2016.10.03 20:28:26.652,1.5412,1.5415,1.00,1.00
2016.10.03 20:28:26.763,1.54119,1.54148,1.00,1.00
2016.10.03 20:28:27.623,1.54119,1.54149,1.00,1.00
2016.10.03 20:28:31.656,1.54119,1.54152,1.00,1.00
2016.10.03 20:28:31.758,1.54121,1.54152,1.00,1.00
2016.10.03 20:28:37.938,1.54124,1.54154,1.00,1.00
2016.10.03 20:28:38.206,1.54124,1.54156,1.00,1.00
2016.10.03 20:28:39.438,1.54124,1.54154,1.00,1.00
2016.10.03 20:28:49.150,1.54125,1.54156,1.00,1.00
2016.10.03 20:28:52.754,1.54122,1.54156,1.00,1.00
2016.10.03 20:28:53.784,1.5412,1.54152,1.00,1.00
2016.10.03 20:28:53.949,1.54121,1.54154,1.00,1.00
2016.10.03 20:28:54.202,1.54124,1.54156,1.00,1.00
2016.10.03 20:28:54.866,1.54123,1.54155,1.00,1.00
2016.10.03 20:28:58.589,1.54121,1.54152,1.00,1.00
2016.10.03 20:28:58.761,1.54118,1.54152,1.00,1.00
2016.10.03 20:29:01.683,1.5412,1.54153,1.00,1.00
2016.10.03 20:29:01.987,1.54119,1.5415,1.00,1.00
2016.10.03 20:29:02.787,1.54119,1.54153,1.00,1.00
2016.10.03 20:29:02.990,1.54121,1.54154,1.00,1.00
2016.10.03 20:29:03.167,1.54119,1.54153,1.00,1.00
2016.10.03 20:29:03.891,1.5412,1.54152,1.00,1.00
2016.10.03 20:29:04.888,1.54119,1.5415,1.00,1.00
2016.10.03 20:29:06.904,1.54119,1.54152,1.00,1.00
2016.10.03 20:29:08.574,1.54119,1.54151,1.00,1.00
2016.10.03 20:29:11.901,1.5412,1.54152,1.00,1.00
2016.10.03 20:29:12.680,1.54121,1.54155,1.00,1.00
2016.10.03 20:29:18.616,1.54125,1.54156,1.00,1.00
2016.10.03 20:29:19.589,1.54124,1.54156,1.00,1.00
2016.10.03 20:29:22.929,1.5412,1.54154,1.00,1.00
2016.10.03 20:29:31.738,1.5412,1.54154,1.00,1.00
2016.10.03 20:29:34.128,1.54121,1.54152,1.00,1.00
2016.10.03 20:29:38.665,1.5412,1.54151,1.00,1.00
2016.10.03 20:29:38.766,1.54117,1.54149,1.37,1.00
2016.10.03 20:29:39.083,1.54117,1.54149,1.00,1.00
2016.10.03 20:29:39.739,1.54116,1.54149,1.00,1.00
2016.10.03 20:29:41.259,1.54116,1.54149,1.00,1.00
2016.10.03 20:29:43.847,1.54118,1.54149,1.00,1.00
2016.10.03 20:29:47.171,1.54118,1.54149,1.00,1.00
2016.10.03 20:29:47.273,1.54118,1.54149,1.12,1.00
2016.10.03 20:29:49.157,1.54116,1.5415,1.75,1.00
2016.10.03 20:29:51.986,1.54118,1.54152,1.12,1.00
2016.10.03 20:29:52.968,1.54119,1.54152,1.00,1.00
2016.10.03 20:29:54.575,1.54125,1.54157,1.00,1.00
2016.10.03 20:29:55.573,1.54124,1.54157,1.00,1.00
2016.10.03 20:29:56.158,1.54124,1.54157,1.00,1.00
2016.10.03 20:29:57.114,1.54124,1.54155,1.00,1.00
2016.10.03 20:29:58.882,1.54124,1.54157,1.00,1.00
2016.10.03 20:29:59.448,1.54124,1.54157,1.00,1.00
2016.10.03 20:30:00.122,1.54121,1.54155,1.50,1.00
2016.10.03 20:30:00.173,1.54121,1.54155,1.50,1.00
2016.10.03 20:30:00.223,1.54121,1.54155,1.37,1.00
2016.10.03 20:30:00.274,1.54121,1.54155,1.00,1.00
2016.10.03 20:30:00.455,1.54123,1.54157,1.00,1.00
2016.10.03 20:30:01.292,1.54123,1.54156,1.00,1.00
2016.10.03 20:30:05.717,1.54123,1.54155,1.00,1.00
2016.10.03 20:30:06.021,1.54121,1.54152,1.00,1.00
2016.10.03 20:30:06.352,1.54123,1.54154,1.00,1.00
2016.10.03 20:30:07.006,1.54123,1.54155,1.00,1.00
2016.10.03 20:30:08.706,1.54122,1.54155,1.00,1.00
2016.10.03 20:30:09.764,1.54123,1.54155,1.00,1.00
2016.10.03 20:30:13.908,1.54124,1.54155,1.00,1.00
2016.10.03 20:30:23.724,1.54122,1.54156,1.00,1.00
2016.10.03 20:30:28.330,1.54121,1.54152,1.00,1.00
2016.10.03 20:30:38.751,1.54119,1.54153,1.00,1.00
2016.10.03 20:30:46.100,1.5412,1.54153,1.00,1.00
2016.10.03 20:30:50.717,1.5412,1.54151,1.00,1.00
2016.10.03 20:30:53.791,1.54118,1.54152,1.00,1.00
2016.10.03 20:31:14.000,1.54119,1.54153,1.00,1.00
2016.10.03 20:31:18.543,1.5412,1.54152,1.00,1.00
2016.10.03 20:31:19.549,1.54118,1.54152,1.00,1.00
2016.10.03 20:31:29.042,1.54118,1.54151,1.00,1.00
2016.10.03 20:31:37.275,1.54112,1.54143,1.00,1.00
2016.10.03 20:31:42.591,1.5411,1.54143,1.00,1.00
2016.10.03 20:31:43.142,1.54111,1.54143,1.00,1.00
2016.10.03 20:31:43.920,1.5411,1.54143,1.00,1.00
2016.10.03 20:31:44.693,1.54112,1.54143,1.00,1.00
2016.10.03 20:31:45.292,1.54111,1.54142,1.00,1.00
2016.10.03 20:31:45.678,1.54111,1.54144,1.00,1.00
2016.10.03 20:31:48.167,1.54111,1.54142,1.00,1.00
2016.10.03 20:31:49.101,1.54111,1.54145,1.00,1.00
2016.10.03 20:31:50.265,1.54111,1.54143,1.00,1.00
2016.10.03 20:31:53.913,1.5411,1.54142,1.00,1.00
2016.10.03 20:31:58.190,1.54111,1.54143,1.00,1.00
2016.10.03 20:31:59.077,1.54113,1.54145,1.00,1.00
2016.10.03 20:32:04.384,1.54113,1.54146,1.00,1.00
2016.10.03 20:32:08.912,1.54111,1.54143,1.00,1.00
2016.10.03 20:32:09.745,1.54107,1.54141,1.00,1.00
2016.10.03 20:32:09.795,1.54109,1.54141,1.00,1.00
2016.10.03 20:32:13.611,1.54109,1.54143,1.00,1.00
2016.10.03 20:32:13.712,1.54108,1.54141,1.00,1.00
2016.10.03 20:32:15.967,1.54104,1.54141,1.00,1.00
2016.10.03 20:32:16.172,1.54104,1.54141,1.50,1.00
2016.10.03 20:32:19.252,1.54104,1.54141,1.00,1.00
2016.10.03 20:32:19.937,1.54103,1.54141,1.00,1.00
2016.10.03 20:32:20.724,1.54104,1.54141,1.00,1.00
2016.10.03 20:32:23.958,1.54103,1.54141,1.00,1.00
2016.10.03 20:32:25.363,1.54105,1.54141,1.00,1.00
2016.10.03 20:32:26.333,1.54104,1.54141,1.00,1.00
2016.10.03 20:32:36.659,1.54105,1.54141,1.00,1.00
2016.10.03 20:32:38.963,1.54103,1.54141,1.00,1.00
2016.10.03 20:32:40.690,1.54106,1.54141,1.00,1.00
2016.10.03 20:32:40.870,1.54104,1.54141,1.00,1.00
2016.10.03 20:32:45.045,1.54104,1.54141,1.00,1.00
2016.10.03 20:32:50.801,1.54105,1.54141,1.00,1.00
2016.10.03 20:32:52.691,1.54104,1.54141,1.00,1.00
2016.10.03 20:32:54.594,1.54106,1.54141,1.00,1.00
2016.10.03 20:32:59.201,1.54103,1.54141,1.00,1.00
2016.10.03 20:33:20.875,1.54106,1.54141,1.00,1.00
2016.10.03 20:33:23.481,1.54104,1.54141,1.00,1.00
2016.10.03 20:33:27.691,1.54115,1.54131,1.00,1.00
2016.10.03 20:33:27.742,1.54109,1.54122,1.00,1.00
2016.10.03 20:33:27.793,1.54108,1.54125,1.00,1.00
2016.10.03 20:33:27.844,1.54106,1.54124,1.00,1.00
2016.10.03 20:33:27.945,1.54104,1.54122,1.00,1.00
2016.10.03 20:33:27.996,1.54086,1.54119,1.00,1.00
2016.10.03 20:33:29.253,1.54087,1.54119,1.00,1.00
2016.10.03 20:33:34.563,1.54087,1.5412,1.00,1.00
2016.10.03 20:33:44.262,1.54085,1.5412,1.00,1.00
2016.10.03 20:33:59.380,1.54086,1.54118,1.00,1.00
2016.10.03 20:34:00.190,1.54085,1.54125,1.00,1.00
2016.10.03 20:34:00.293,1.5409,1.54124,1.00,1.00
2016.10.03 20:34:00.707,1.54094,1.54126,1.00,1.00
2016.10.03 20:34:09.191,1.54094,1.54128,1.00,1.00
2016.10.03 20:34:16.805,1.54094,1.54128,1.00,1.00
2016.10.03 20:34:16.907,1.54094,1.54128,1.00,1.00
2016.10.03 20:34:20.705,1.54091,1.54123,1.00,1.00
2016.10.03 20:34:29.416,1.54092,1.54126,1.00,1.00
2016.10.03 20:34:36.626,1.54093,1.54127,1.00,1.00
2016.10.03 20:34:37.249,1.54093,1.54127,1.00,1.00
2016.10.03 20:34:38.228,1.5409,1.54124,1.00,1.00
2016.10.03 20:34:38.776,1.54093,1.54127,1.00,1.00
2016.10.03 20:34:51.469,1.54093,1.54127,1.00,1.00
2016.10.03 20:34:54.250,1.54095,1.54127,1.00,1.00
2016.10.03 20:34:56.753,1.54091,1.54124,1.00,1.00
2016.10.03 20:35:09.268,1.5409,1.54124,1.00,1.00
2016.10.03 20:35:09.491,1.54093,1.54127,1.00,1.00
2016.10.03 20:35:16.196,1.54094,1.54126,1.00,1.00
2016.10.03 20:35:16.297,1.54086,1.54125,1.00,1.00
2016.10.03 20:35:16.348,1.54079,1.54125,1.00,1.00
2016.10.03 20:35:16.399,1.54081,1.54115,1.00,1.00
2016.10.03 20:35:16.793,1.54081,1.54113,1.00,1.00
2016.10.03 20:35:17.213,1.54084,1.54118,1.00,1.00
2016.10.03 20:35:17.314,1.54087,1.5412,1.00,1.00
2016.10.03 20:35:17.929,1.54086,1.54121,1.00,1.00
2016.10.03 20:35:18.282,1.54088,1.54121,1.00,1.00
2016.10.03 20:35:19.988,1.54087,1.5412,1.00,1.00
2016.10.03 20:35:21.384,1.54088,1.54118,1.00,1.00
2016.10.03 20:35:21.786,1.54086,1.54119,1.00,1.00
2016.10.03 20:35:21.941,1.54089,1.54119,1.00,1.00
2016.10.03 20:35:22.244,1.54092,1.54122,1.00,1.00
2016.10.03 20:35:22.295,1.54093,1.54126,1.00,1.00
2016.10.03 20:35:22.978,1.54097,1.54127,1.00,1.00
2016.10.03 20:35:23.735,1.54098,1.54128,1.00,1.00
2016.10.03 20:35:23.937,1.54098,1.5413,1.00,1.00
2016.10.03 20:35:24.313,1.54099,1.54132,1.00,1.00
2016.10.03 20:35:25.025,1.54099,1.5413,1.00,1.00
2016.10.03 20:35:26.635,1.54096,1.54129,1.00,1.00
2016.10.03 20:35:29.512,1.54097,1.5413,1.00,1.00
2016.10.03 20:35:29.940,1.54095,1.54127,1.00,1.00
2016.10.03 20:35:34.814,1.54094,1.54127,1.00,1.00
2016.10.03 20:35:40.141,1.54096,1.54128,1.00,1.00
2016.10.03 20:35:40.646,1.54095,1.54127,1.00,1.00
2016.10.03 20:35:42.228,1.54098,1.54129,1.00,1.00
2016.10.03 20:35:44.512,1.54099,1.54129,1.00,1.00
2016.10.03 20:35:49.818,1.54098,1.54129,1.00,1.00
2016.10.03 20:35:54.423,1.54099,1.54129,1.00,1.00
2016.10.03 20:35:56.673,1.54096,1.54128,1.00,1.00
2016.10.03 20:35:57.628,1.54098,1.54129,1.00,1.00
2016.10.03 20:36:02.178,1.54094,1.54126,1.00,1.00
2016.10.03 20:36:10.460,1.54095,1.54127,1.00,1.00
2016.10.03 20:36:12.679,1.54092,1.54124,1.00,1.00
2016.10.03 20:36:12.781,1.5409,1.54123,1.00,1.00
2016.10.03 20:36:15.398,1.5409,1.54123,1.00,1.00
2016.10.03 20:36:15.600,1.54086,1.5412,1.00,1.00
2016.10.03 20:36:15.650,1.54086,1.54123,1.00,1.00
2016.10.03 20:36:16.165,1.54084,1.5412,1.00,1.00
2016.10.03 20:36:19.991,1.54085,1.54121,1.00,1.00
2016.10.03 20:36:24.463,1.54085,1.5412,1.00,1.00
2016.10.03 20:36:26.775,1.54085,1.54118,1.00,1.00
2016.10.03 20:36:34.341,1.54078,1.54113,1.00,1.00
2016.10.03 20:36:35.189,1.54077,1.54112,1.00,1.00
2016.10.03 20:36:39.493,1.54079,1.54112,1.00,1.00
2016.10.03 20:36:44.696,1.5408,1.5411,1.00,1.00
2016.10.03 20:36:50.529,1.54082,1.54114,1.00,1.00
2016.10.03 20:36:54.525,1.54082,1.54112,1.00,1.00
2016.10.03 20:36:55.339,1.54081,1.54113,1.00,1.00
2016.10.03 20:37:00.548,1.54084,1.54114,1.00,1.00
2016.10.03 20:37:09.533,1.54084,1.54116,1.00,1.00
2016.10.03 20:37:13.223,1.54084,1.54116,1.00,1.00
2016.10.03 20:37:13.274,1.54097,1.54127,1.00,1.00
2016.10.03 20:37:13.375,1.54088,1.54124,1.00,1.00
2016.10.03 20:37:13.430,1.54088,1.54124,1.00,1.00
2016.10.03 20:37:13.480,1.54093,1.54124,1.00,1.00
2016.10.03 20:37:14.014,1.54093,1.54123,1.00,1.00
2016.10.03 20:37:14.741,1.54093,1.54123,1.50,1.00
2016.10.03 20:37:16.886,1.54093,1.54123,1.00,1.00
2016.10.03 20:37:16.987,1.54093,1.54125,1.00,1.00
2016.10.03 20:37:17.189,1.54096,1.54126,1.00,1.00
2016.10.03 20:37:20.051,1.54096,1.54128,1.00,1.00
2016.10.03 20:37:20.806,1.54094,1.54125,1.00,1.00
2016.10.03 20:37:20.857,1.54094,1.54125,1.00,1.00
2016.10.03 20:37:23.744,1.54114,1.54125,1.00,1.00
2016.10.03 20:37:23.795,1.54114,1.54138,1.00,1.00
2016.10.03 20:37:23.846,1.54102,1.54142,1.50,1.00
2016.10.03 20:37:23.897,1.54107,1.54139,1.00,1.00
2016.10.03 20:37:23.947,1.54107,1.54139,1.00,1.00
2016.10.03 20:37:23.998,1.54102,1.54135,1.00,1.00
2016.10.03 20:37:24.760,1.54098,1.54135,1.00,1.00
2016.10.03 20:37:25.294,1.54098,1.54134,1.00,1.00
2016.10.03 20:37:25.649,1.54092,1.5413,1.00,1.00
2016.10.03 20:37:25.717,1.54097,1.54128,1.00,1.00
2016.10.03 20:37:25.768,1.54095,1.54131,1.00,1.00
2016.10.03 20:37:25.970,1.5409,1.54119,1.00,1.00
2016.10.03 20:37:26.071,1.54082,1.54119,1.00,1.00
2016.10.03 20:37:26.331,1.5408,1.54113,1.00,1.00
2016.10.03 20:37:27.298,1.5408,1.54112,1.00,1.00
2016.10.03 20:37:27.399,1.54077,1.54116,1.00,1.00
2016.10.03 20:37:27.501,1.54077,1.54112,1.00,1.00
2016.10.03 20:37:28.393,1.54079,1.54112,1.00,1.00
2016.10.03 20:37:28.910,1.54081,1.54115,1.00,1.00
2016.10.03 20:37:28.961,1.54083,1.54115,1.50,1.00
2016.10.03 20:37:29.012,1.54093,1.54131,1.00,1.00
2016.10.03 20:37:29.062,1.54093,1.54131,1.00,1.00
2016.10.03 20:37:29.113,1.54098,1.54134,1.00,1.00
2016.10.03 20:37:29.518,1.54099,1.54137,1.00,1.00
2016.10.03 20:37:29.975,1.54102,1.54138,1.00,1.00
2016.10.03 20:37:32.549,1.54104,1.54138,1.00,1.00
2016.10.03 20:37:32.650,1.54102,1.54138,1.00,1.00
2016.10.03 20:37:32.701,1.54108,1.54141,1.00,1.00
2016.10.03 20:37:32.983,1.54108,1.54141,1.00,1.00
2016.10.03 20:37:33.221,1.54108,1.54141,1.00,1.00
2016.10.03 20:37:37.359,1.54108,1.54141,1.00,1.00
2016.10.03 20:37:38.146,1.54108,1.54141,1.00,1.00
2016.10.03 20:37:38.197,1.54107,1.54142,1.00,1.00
2016.10.03 20:37:38.248,1.54107,1.54142,1.00,1.00
2016.10.03 20:37:38.400,1.54109,1.54142,1.00,1.00
2016.10.03 20:37:38.755,1.54109,1.54142,1.00,1.00
2016.10.03 20:37:39.596,1.5411,1.54142,1.00,1.00
2016.10.03 20:37:39.646,1.5411,1.54142,1.00,1.00
2016.10.03 20:37:40.357,1.5411,1.54142,1.00,1.00
2016.10.03 20:37:40.867,1.5411,1.54141,1.00,1.00
2016.10.03 20:37:42.013,1.54115,1.54147,1.00,1.00
2016.10.03 20:37:42.114,1.54117,1.54149,1.00,1.00
2016.10.03 20:37:43.428,1.54115,1.54145,1.00,1.00
2016.10.03 20:37:43.802,1.5411,1.5414,1.00,1.00
2016.10.03 20:37:44.804,1.54109,1.54139,1.00,1.00
2016.10.03 20:37:45.283,1.54113,1.54144,1.00,1.00
2016.10.03 20:37:48.036,1.54108,1.5414,1.00,1.00
2016.10.03 20:37:48.087,1.54108,1.5414,1.00,1.00
2016.10.03 20:37:52.044,1.54111,1.5414,1.00,1.00
2016.10.03 20:37:54.617,1.54109,1.5414,1.00,1.00
2016.10.03 20:37:55.380,1.54109,1.5414,1.00,1.00
2016.10.03 20:37:55.897,1.54109,1.54141,1.00,1.00
2016.10.03 20:37:58.010,1.54109,1.54141,1.00,1.00
2016.10.03 20:37:59.434,1.5411,1.54142,1.00,1.00
2016.10.03 20:38:00.608,1.54111,1.54143,1.00,1.00
2016.10.03 20:38:01.159,1.5411,1.54142,1.00,1.00
2016.10.03 20:38:01.210,1.5411,1.54142,1.00,1.00
2016.10.03 20:38:01.260,1.54107,1.54138,1.00,1.00
2016.10.03 20:38:01.366,1.54107,1.54138,1.00,1.00
2016.10.03 20:38:02.247,1.54107,1.54137,1.00,1.00
2016.10.03 20:38:03.401,1.54107,1.54137,1.00,1.00
2016.10.03 20:38:05.152,1.54107,1.54136,1.00,1.00
2016.10.03 20:38:05.902,1.54107,1.54136,1.00,1.00
2016.10.03 20:38:06.220,1.54107,1.54136,1.00,1.00
2016.10.03 20:38:06.853,1.54106,1.54136,1.00,1.00
2016.10.03 20:38:10.358,1.54105,1.54136,1.00,1.00
2016.10.03 20:38:14.903,1.54106,1.54136,1.00,1.00
2016.10.03 20:38:17.966,1.54106,1.54135,1.00,1.00
2016.10.03 20:38:24.117,1.54106,1.54139,1.00,1.00
2016.10.03 20:38:33.026,1.54105,1.54138,1.00,1.00
2016.10.03 20:38:33.384,1.54105,1.54134,1.00,1.00
2016.10.03 20:38:35.200,1.54105,1.54135,1.00,1.00
2016.10.03 20:38:39.727,1.54103,1.54135,1.00,1.00
2016.10.03 20:38:50.552,1.54103,1.54135,1.00,1.00
2016.10.03 20:38:54.709,1.54101,1.54133,1.00,1.00
2016.10.03 20:38:55.742,1.54102,1.54131,1.00,1.00
2016.10.03 20:38:56.840,1.54101,1.54131,1.00,1.00
2016.10.03 20:38:59.946,1.54101,1.54133,1.00,1.00
2016.10.03 20:39:00.066,1.54101,1.54136,1.00,1.00
2016.10.03 20:39:01.120,1.54111,1.54141,1.00,1.00
2016.10.03 20:39:01.221,1.54115,1.54147,1.00,1.00
2016.10.03 20:39:01.272,1.54115,1.54147,1.00,1.00
2016.10.03 20:39:01.322,1.54119,1.54148,1.00,1.00
2016.10.03 20:39:01.524,1.54112,1.54143,1.00,1.00
2016.10.03 20:39:02.139,1.54106,1.54141,1.00,1.00
2016.10.03 20:39:02.342,1.54106,1.54136,1.00,1.00
2016.10.03 20:39:09.759,1.54104,1.54134,1.00,1.00
2016.10.03 20:39:13.367,1.54102,1.54134,1.00,1.00
2016.10.03 20:39:13.569,1.54115,1.54146,1.00,1.00
2016.10.03 20:39:13.716,1.54115,1.54146,1.00,1.00
2016.10.03 20:39:13.953,1.54117,1.54147,1.00,1.00
2016.10.03 20:39:15.159,1.54115,1.54144,1.00,1.00
2016.10.03 20:39:16.456,1.5411,1.54144,1.00,1.00
2016.10.03 20:39:18.972,1.54115,1.54145,1.00,1.00
2016.10.03 20:39:19.174,1.54112,1.54143,1.00,1.00
2016.10.03 20:39:22.091,1.54108,1.54137,1.00,1.00
2016.10.03 20:39:24.748,1.54107,1.54136,1.00,1.00
2016.10.03 20:39:39.868,1.54106,1.54136,1.00,1.00
2016.10.03 20:39:40.510,1.54102,1.54137,1.00,1.00
2016.10.03 20:39:54.889,1.54102,1.54135,1.00,1.00
2016.10.03 20:40:01.030,1.54102,1.54135,1.00,1.00
2016.10.03 20:40:01.823,1.54102,1.54138,1.00,1.00
2016.10.03 20:40:02.105,1.54102,1.54135,1.00,1.00
2016.10.03 20:40:08.715,1.54102,1.54137,1.00,1.00
2016.10.03 20:40:09.946,1.54101,1.54139,1.00,1.00
2016.10.03 20:40:10.363,1.541,1.54136,1.00,1.00
2016.10.03 20:40:10.465,1.541,1.54136,1.00,1.00
2016.10.03 20:40:13.045,1.541,1.54136,1.00,1.00
2016.10.03 20:40:13.147,1.541,1.54136,1.00,1.00
2016.10.03 20:40:15.121,1.541,1.54137,1.00,1.00
2016.10.03 20:40:15.573,1.54102,1.54138,1.00,1.00
2016.10.03 20:40:18.156,1.54102,1.54138,1.00,1.00
2016.10.03 20:40:18.258,1.54102,1.54138,1.00,1.00
2016.10.03 20:40:20.430,1.54103,1.54138,1.00,1.00
2016.10.03 20:40:25.664,1.54103,1.54138,1.00,1.00
2016.10.03 20:40:25.744,1.54101,1.54138,1.00,1.00
2016.10.03 20:40:25.795,1.54101,1.54138,1.00,1.00
2016.10.03 20:40:47.314,1.54101,1.54138,1.00,1.00
2016.10.03 20:40:47.415,1.54101,1.54138,1.00,1.00
2016.10.03 20:40:48.094,1.54101,1.54138,1.00,1.00
2016.10.03 20:40:48.195,1.54101,1.54138,1.00,1.00
2016.10.03 20:40:51.338,1.54103,1.54138,1.00,1.00
2016.10.03 20:40:55.906,1.54103,1.54138,1.00,1.00
2016.10.03 20:40:56.007,1.54103,1.54138,1.00,1.00
2016.10.03 20:40:56.707,1.54103,1.54138,1.00,1.00
2016.10.03 20:40:57.461,1.54102,1.54139,1.00,1.00
2016.10.03 20:41:04.116,1.54102,1.54139,1.00,1.00
2016.10.03 20:41:10.033,1.54102,1.5414,1.00,1.00
2016.10.03 20:41:13.442,1.54103,1.54141,1.00,1.00
2016.10.03 20:41:14.380,1.54108,1.54143,1.00,1.00
2016.10.03 20:41:14.680,1.54108,1.54143,1.00,1.00
2016.10.03 20:41:14.734,1.54108,1.54143,1.00,1.00
2016.10.03 20:41:14.945,1.54108,1.54143,1.00,1.00
2016.10.03 20:41:15.265,1.54108,1.54143,1.00,1.00
2016.10.03 20:41:15.366,1.54108,1.54143,1.00,1.00
2016.10.03 20:41:20.139,1.54108,1.54143,1.00,1.00
2016.10.03 20:41:21.426,1.54108,1.54142,1.00,1.00
2016.10.03 20:41:25.103,1.54107,1.54142,1.00,1.00
2016.10.03 20:41:25.947,1.54107,1.54142,1.00,1.00
2016.10.03 20:41:26.798,1.54108,1.54143,1.00,1.00
2016.10.03 20:41:27.149,1.54108,1.54143,1.00,1.00
2016.10.03 20:41:27.750,1.54108,1.54143,1.00,1.00
2016.10.03 20:41:29.652,1.54108,1.54143,1.00,1.00
2016.10.03 20:41:31.314,1.54107,1.54142,1.00,1.00
2016.10.03 20:41:31.365,1.54107,1.54142,1.00,1.00
2016.10.03 20:41:32.569,1.54107,1.54142,1.00,1.00
2016.10.03 20:41:35.574,1.54108,1.54143,1.00,1.00
2016.10.03 20:41:37.468,1.54108,1.54143,1.00,1.00
2016.10.03 20:41:37.772,1.54106,1.54141,1.00,1.00
2016.10.03 20:41:38.679,1.54106,1.54139,1.00,1.00
2016.10.03 20:41:39.364,1.54106,1.54139,1.00,1.00
2016.10.03 20:41:39.813,1.54102,1.54139,1.00,1.00
2016.10.03 20:41:40.803,1.54102,1.54138,1.00,1.00
2016.10.03 20:41:42.577,1.54102,1.54138,1.00,1.00
2016.10.03 20:41:42.678,1.54102,1.54138,1.00,1.00
2016.10.03 20:41:43.302,1.54102,1.54138,1.00,1.00
2016.10.03 20:41:43.403,1.54102,1.54138,1.00,1.00
2016.10.03 20:41:45.310,1.54104,1.54137,1.00,1.00
2016.10.03 20:41:46.228,1.54105,1.54136,1.00,1.00
2016.10.03 20:41:50.713,1.54105,1.54136,1.00,1.00
2016.10.03 20:41:52.189,1.54105,1.54136,1.00,1.00
2016.10.03 20:41:55.142,1.54105,1.54138,1.00,1.00
2016.10.03 20:41:59.831,1.54109,1.54139,1.00,1.00
2016.10.03 20:42:15.335,1.5411,1.5414,1.00,1.00
2016.10.03 20:42:15.435,1.54106,1.54137,1.00,1.00
2016.10.03 20:42:17.939,1.54111,1.54141,1.00,1.00
2016.10.03 20:42:18.040,1.54111,1.54141,1.00,1.00
2016.10.03 20:42:18.242,1.54107,1.54138,1.00,1.00
2016.10.03 20:42:18.971,1.54105,1.54138,1.00,1.00
2016.10.03 20:42:25.851,1.54104,1.54137,1.00,1.00
2016.10.03 20:42:26.384,1.54104,1.54137,1.00,1.00
2016.10.03 20:42:30.357,1.54106,1.54136,1.00,1.00
2016.10.03 20:42:39.398,1.54106,1.54138,1.00,1.00
2016.10.03 20:42:40.400,1.54105,1.54138,1.00,1.00
2016.10.03 20:42:55.196,1.54104,1.54138,1.00,1.00
2016.10.03 20:42:55.278,1.54104,1.54138,1.00,1.00
2016.10.03 20:42:55.979,1.54104,1.54138,1.00,1.00
2016.10.03 20:42:58.289,1.54104,1.54138,1.00,1.00
2016.10.03 20:42:58.340,1.54108,1.54141,1.00,1.00
2016.10.03 20:42:58.391,1.54108,1.54141,1.00,1.00
2016.10.03 20:42:58.441,1.54119,1.54152,1.00,1.00
2016.10.03 20:43:00.439,1.54121,1.54152,1.00,1.00
2016.10.03 20:43:04.114,1.54121,1.54153,1.00,1.00
2016.10.03 20:43:05.747,1.54113,1.54146,1.00,1.00
2016.10.03 20:43:06.524,1.54116,1.54147,1.00,1.00
2016.10.03 20:43:13.375,1.54115,1.54147,1.00,1.00
2016.10.03 20:43:15.497,1.54113,1.54147,1.00,1.00
2016.10.03 20:43:22.237,1.54111,1.54142,1.00,1.00
2016.10.03 20:43:22.339,1.54109,1.54142,1.00,1.00
2016.10.03 20:43:23.479,1.54104,1.54138,1.00,1.00
2016.10.03 20:43:23.581,1.54103,1.54134,1.00,1.00
2016.10.03 20:43:24.178,1.54104,1.54134,1.00,1.00
2016.10.03 20:43:24.649,1.54105,1.54138,1.00,1.00
2016.10.03 20:43:25.078,1.54107,1.5414,1.00,1.00
2016.10.03 20:43:26.044,1.54108,1.54141,1.00,1.00
2016.10.03 20:43:31.992,1.54109,1.54142,1.00,1.00
2016.10.03 20:43:34.003,1.5411,1.54142,1.00,1.00
2016.10.03 20:43:34.104,1.54107,1.54141,1.00,1.00
2016.10.03 20:43:34.183,1.54107,1.54138,1.00,1.00
2016.10.03 20:43:34.704,1.54107,1.54143,1.00,1.00
2016.10.03 20:43:34.805,1.54107,1.54139,1.00,1.00
2016.10.03 20:43:40.972,1.54107,1.54138,1.00,1.00
2016.10.03 20:43:45.511,1.54106,1.54138,1.00,1.00
2016.10.03 20:43:45.613,1.54104,1.54136,1.50,1.00
2016.10.03 20:43:46.113,1.54107,1.54138,1.00,1.00
2016.10.03 20:43:46.427,1.54109,1.5414,1.00,1.00
2016.10.03 20:43:46.918,1.54104,1.54136,1.50,1.00
2016.10.03 20:43:50.827,1.54104,1.54137,1.50,1.00
2016.10.03 20:43:54.818,1.54104,1.54136,1.50,1.00
2016.10.03 20:43:55.323,1.54104,1.54137,1.50,1.00
2016.10.03 20:43:55.629,1.54106,1.5414,1.00,1.00
2016.10.03 20:43:56.718,1.54107,1.54138,1.00,1.00
2016.10.03 20:43:57.327,1.54106,1.54138,1.00,1.00
2016.10.03 20:44:00.507,1.54105,1.54138,1.00,1.00
2016.10.03 20:44:01.280,1.54105,1.54138,1.00,1.00
2016.10.03 20:44:01.583,1.54107,1.54139,1.00,1.00
2016.10.03 20:44:01.923,1.54111,1.54144,1.00,1.00
2016.10.03 20:44:02.912,1.54113,1.54144,1.00,1.00
2016.10.03 20:44:07.245,1.5411,1.54144,1.00,1.00
2016.10.03 20:44:13.430,1.54109,1.54143,1.00,1.00
2016.10.03 20:44:14.954,1.5411,1.54143,1.00,1.00
2016.10.03 20:44:15.696,1.54109,1.54143,1.00,1.00
2016.10.03 20:44:16.066,1.5411,1.54141,1.00,1.00
2016.10.03 20:44:20.860,1.54109,1.54143,1.00,1.00
2016.10.03 20:44:21.751,1.54112,1.54146,1.00,1.00
2016.10.03 20:44:25.354,1.54113,1.54144,1.00,1.00
2016.10.03 20:44:25.657,1.54112,1.54146,1.00,1.00
2016.10.03 20:44:26.178,1.54111,1.54145,1.00,1.00
2016.10.03 20:44:29.804,1.54113,1.54144,1.00,1.00
2016.10.03 20:44:30.552,1.5411,1.54144,1.00,1.00
2016.10.03 20:44:39.165,1.54109,1.54143,1.00,1.00
2016.10.03 20:44:40.503,1.54112,1.54144,1.00,1.00
2016.10.03 20:44:41.501,1.54111,1.54144,1.00,1.00
2016.10.03 20:44:50.984,1.54111,1.54143,1.00,1.00
2016.10.03 20:44:54.390,1.54107,1.54139,1.00,1.00
2016.10.03 20:44:54.694,1.54105,1.54137,1.00,1.00
2016.10.03 20:44:55.493,1.54106,1.54137,1.00,1.00
2016.10.03 20:45:00.107,1.54107,1.54138,1.00,1.00
2016.10.03 20:45:02.415,1.54106,1.54137,1.00,1.00
2016.10.03 20:45:10.532,1.54106,1.54138,1.00,1.00
2016.10.03 20:45:12.070,1.54106,1.5414,1.00,1.00
2016.10.03 20:45:13.759,1.54105,1.54139,1.00,1.00
2016.10.03 20:45:13.860,1.54108,1.5414,1.00,1.00
2016.10.03 20:45:14.248,1.54112,1.54146,1.00,1.00
2016.10.03 20:45:15.642,1.54115,1.54147,1.00,1.00
2016.10.03 20:45:16.873,1.54116,1.54148,1.00,1.00
2016.10.03 20:45:17.745,1.5411,1.54142,1.00,1.00
2016.10.03 20:45:18.049,1.54108,1.5414,1.00,1.00
2016.10.03 20:45:20.148,1.54107,1.54139,1.00,1.00
2016.10.03 20:45:20.250,1.54109,1.54145,1.00,1.00
2016.10.03 20:45:20.569,1.54106,1.54143,1.00,1.00
2016.10.03 20:45:21.175,1.54111,1.54143,1.00,1.00
2016.10.03 20:45:21.391,1.54112,1.54146,1.00,1.00
2016.10.03 20:45:22.155,1.54112,1.54144,1.00,1.00
2016.10.03 20:45:30.761,1.54111,1.54145,1.00,1.00
2016.10.03 20:45:33.101,1.54109,1.54145,1.00,1.00
2016.10.03 20:45:35.017,1.54111,1.54144,1.00,1.00
2016.10.03 20:45:36.032,1.5411,1.54146,1.00,1.00
2016.10.03 20:45:36.989,1.54111,1.54144,1.00,1.00
2016.10.03 20:45:40.647,1.54112,1.54144,1.00,1.00
2016.10.03 20:45:46.088,1.5411,1.54144,1.00,1.00
2016.10.03 20:45:47.983,1.54112,1.54144,1.00,1.00
2016.10.03 20:45:50.807,1.54114,1.54146,1.00,1.00
2016.10.03 20:45:51.658,1.54114,1.54146,1.00,1.00
2016.10.03 20:45:52.889,1.54113,1.54145,1.00,1.00
2016.10.03 20:45:55.614,1.54111,1.54145,1.00,1.00
2016.10.03 20:45:58.961,1.54109,1.54143,1.00,1.00
2016.10.03 20:45:59.293,1.54106,1.5414,1.00,1.00
2016.10.03 20:46:00.548,1.54105,1.54139,1.00,1.00
2016.10.03 20:46:00.870,1.541,1.54133,1.00,1.00
2016.10.03 20:46:01.174,1.54102,1.54135,1.00,1.00
2016.10.03 20:46:02.142,1.54101,1.54132,1.00,1.00
2016.10.03 20:46:02.297,1.54098,1.5413,1.00,1.00
2016.10.03 20:46:02.348,1.54102,1.54133,1.00,1.00
2016.10.03 20:46:02.753,1.54103,1.54136,1.00,1.00
2016.10.03 20:46:02.955,1.54102,1.54133,1.00,1.00
2016.10.03 20:46:03.909,1.54103,1.54135,1.00,1.00
2016.10.03 20:46:05.234,1.54101,1.54134,1.00,1.00
2016.10.03 20:46:06.213,1.54101,1.54135,1.00,1.00
2016.10.03 20:46:07.087,1.54101,1.54135,1.00,1.00
2016.10.03 20:46:07.138,1.54093,1.54126,1.00,1.00
2016.10.03 20:46:07.189,1.54093,1.54126,1.00,1.00
2016.10.03 20:46:08.969,1.54098,1.54129,1.00,1.00
2016.10.03 20:46:10.226,1.54095,1.54128,1.00,1.00
2016.10.03 20:46:10.623,1.54097,1.54128,1.00,1.00
2016.10.03 20:46:12.727,1.54094,1.54127,1.00,1.00
2016.10.03 20:46:15.053,1.54093,1.54126,1.00,1.00
2016.10.03 20:46:15.855,1.54098,1.54129,1.00,1.00
2016.10.03 20:46:16.636,1.54098,1.54132,1.00,1.00
2016.10.03 20:46:18.648,1.54098,1.54132,1.00,1.00
2016.10.03 20:46:18.985,1.54098,1.5413,1.00,1.00
2016.10.03 20:46:25.601,1.54099,1.5413,1.00,1.00
2016.10.03 20:46:26.121,1.54098,1.5413,1.00,1.00
2016.10.03 20:46:27.175,1.54097,1.5413,1.00,1.00
2016.10.03 20:46:30.884,1.54096,1.54129,1.00,1.00
2016.10.03 20:46:41.707,1.54094,1.54127,1.00,1.00
2016.10.03 20:46:42.681,1.54094,1.54125,1.00,1.00
2016.10.03 20:46:46.890,1.54093,1.54125,1.00,1.00
2016.10.03 20:46:51.196,1.54093,1.54126,1.00,1.00
2016.10.03 20:46:52.406,1.54091,1.54124,1.00,1.00
2016.10.03 20:46:53.247,1.54092,1.54125,1.00,1.00
2016.10.03 20:46:55.708,1.54091,1.54125,1.00,1.00
2016.10.03 20:46:58.908,1.54091,1.54125,1.00,1.00
2016.10.03 20:47:00.391,1.54091,1.54125,1.00,1.00
2016.10.03 20:47:00.614,1.54091,1.54125,1.00,1.00
2016.10.03 20:47:02.942,1.54091,1.54125,1.00,1.00
2016.10.03 20:47:05.874,1.54091,1.54124,1.00,1.00
2016.10.03 20:47:10.783,1.54091,1.54123,1.00,1.00
2016.10.03 20:47:11.768,1.54092,1.54123,1.00,1.00
2016.10.03 20:47:15.968,1.54093,1.54124,1.00,1.00
2016.10.03 20:47:21.135,1.54096,1.54128,1.00,1.00
2016.10.03 20:47:21.186,1.541,1.54131,1.00,1.00
2016.10.03 20:47:21.801,1.54102,1.54134,1.00,1.00
2016.10.03 20:47:25.486,1.54104,1.54137,1.00,1.00
2016.10.03 20:47:25.695,1.54106,1.54137,1.00,1.00
2016.10.03 20:47:31.008,1.54103,1.54137,1.00,1.00
2016.10.03 20:47:35.632,1.54103,1.54136,1.00,1.00
2016.10.03 20:47:40.790,1.54102,1.54138,1.00,1.00
2016.10.03 20:47:46.031,1.54104,1.54138,1.00,1.00
2016.10.03 20:47:48.837,1.54102,1.54137,1.00,1.00
2016.10.03 20:47:51.360,1.54102,1.54136,1.00,1.00
2016.10.03 20:47:52.377,1.54101,1.54136,1.00,1.00
2016.10.03 20:48:01.055,1.541,1.54135,1.00,1.00
2016.10.03 20:48:04.261,1.541,1.5414,1.00,1.00
2016.10.03 20:48:06.338,1.541,1.54141,1.00,1.00
2016.10.03 20:48:07.368,1.541,1.54144,1.00,1.00
2016.10.03 20:48:07.469,1.54106,1.54145,1.00,1.00
2016.10.03 20:48:08.643,1.54107,1.54146,1.00,1.00
2016.10.03 20:48:10.878,1.54108,1.54147,1.00,1.00
2016.10.03 20:48:15.788,1.54107,1.54148,1.00,1.00
2016.10.03 20:48:16.617,1.54106,1.54148,1.00,1.00
2016.10.03 20:48:20.604,1.54106,1.54146,1.00,1.00
2016.10.03 20:48:21.133,1.54107,1.54147,1.00,1.00
2016.10.03 20:48:21.866,1.54106,1.54146,1.00,1.00
2016.10.03 20:48:24.603,1.54107,1.54147,1.00,1.00
2016.10.03 20:48:25.025,1.54109,1.54149,1.00,1.00
2016.10.03 20:48:25.876,1.54108,1.54149,1.00,1.00
2016.10.03 20:48:26.292,1.54106,1.54149,1.00,1.00
2016.10.03 20:48:27.617,1.54105,1.54148,1.00,1.00
2016.10.03 20:48:36.398,1.54104,1.54147,1.00,1.00
2016.10.03 20:48:41.607,1.54106,1.54147,1.00,1.00
2016.10.03 20:48:51.367,1.54107,1.54148,1.00,1.00
2016.10.03 20:48:51.886,1.54106,1.54147,1.00,1.00
2016.10.03 20:48:53.050,1.54109,1.5415,1.00,1.00
2016.10.03 20:48:56.763,1.54108,1.54149,1.00,1.00
2016.10.03 20:48:57.646,1.54107,1.54148,1.00,1.00
2016.10.03 20:49:00.163,1.54106,1.54147,1.00,1.00
2016.10.03 20:49:01.170,1.54106,1.54148,1.00,1.00
2016.10.03 20:49:02.203,1.54104,1.54143,1.50,1.00
2016.10.03 20:49:02.506,1.54104,1.5414,1.00,1.00
2016.10.03 20:49:03.057,1.54103,1.5414,1.00,1.00
2016.10.03 20:49:06.505,1.54103,1.54139,1.00,1.00
2016.10.03 20:49:07.185,1.54103,1.54145,1.50,1.00
2016.10.03 20:49:07.286,1.54103,1.54145,1.00,1.00
2016.10.03 20:49:11.020,1.54107,1.54144,1.00,1.00
2016.10.03 20:49:14.998,1.54108,1.54144,1.00,1.00
2016.10.03 20:49:15.299,1.54104,1.54145,1.00,1.00
2016.10.03 20:49:15.703,1.54107,1.54145,1.00,1.00
2016.10.03 20:49:15.932,1.54104,1.54145,1.00,1.00
2016.10.03 20:49:17.896,1.54103,1.54145,1.00,1.00
2016.10.03 20:49:21.402,1.54103,1.54145,1.50,1.00
2016.10.03 20:49:21.905,1.54103,1.54146,1.50,1.00
2016.10.03 20:49:25.221,1.54103,1.54146,1.00,1.00
2016.10.03 20:49:25.836,1.54102,1.54141,1.00,1.00
2016.10.03 20:49:26.333,1.54107,1.54143,1.00,1.00
2016.10.03 20:49:26.836,1.54103,1.54141,1.00,1.00
2016.10.03 20:49:28.030,1.54105,1.54141,1.00,1.00
2016.10.03 20:49:28.383,1.54107,1.54143,1.00,1.00
2016.10.03 20:49:29.379,1.54108,1.54145,1.00,1.00
2016.10.03 20:49:31.237,1.54107,1.54144,1.00,1.00
2016.10.03 20:49:36.048,1.54106,1.54144,1.00,1.00
2016.10.03 20:49:40.857,1.54105,1.54142,1.00,1.00
2016.10.03 20:49:41.407,1.54105,1.54143,1.00,1.00
2016.10.03 20:49:41.957,1.54106,1.54144,1.00,1.00
2016.10.03 20:49:44.563,1.54106,1.54148,1.00,1.00
2016.10.03 20:49:45.535,1.54106,1.54147,1.00,1.00
2016.10.03 20:49:46.971,1.54104,1.54145,1.00,1.00
2016.10.03 20:49:47.022,1.54104,1.54145,1.00,1.00
2016.10.03 20:49:47.528,1.54103,1.54144,1.00,1.00
2016.10.03 20:49:51.546,1.54103,1.54146,1.00,1.00
2016.10.03 20:49:57.690,1.54106,1.54145,1.00,1.00
2016.10.03 20:50:01.267,1.54103,1.54146,1.00,1.00
2016.10.03 20:50:01.734,1.54104,1.54146,1.00,1.00
2016.10.03 20:50:02.290,1.54104,1.54147,1.50,1.00
2016.10.03 20:50:02.630,1.54104,1.54148,1.00,1.00
2016.10.03 20:50:02.771,1.54104,1.54142,1.00,1.00
2016.10.03 20:50:04.577,1.54104,1.54142,1.50,1.00
2016.10.03 20:50:05.085,1.54104,1.54142,1.00,1.00
2016.10.03 20:50:07.286,1.54103,1.54142,1.00,1.00
2016.10.03 20:50:08.493,1.54104,1.54142,1.00,1.00
2016.10.03 20:50:11.095,1.54102,1.54143,1.00,1.00
2016.10.03 20:50:12.175,1.54102,1.54142,1.00,1.00
2016.10.03 20:50:16.310,1.54103,1.54146,1.00,1.00
2016.10.03 20:50:21.600,1.54104,1.54146,1.00,1.00
2016.10.03 20:50:26.145,1.54102,1.54143,1.00,1.00
2016.10.03 20:50:27.412,1.54104,1.54139,1.00,1.00
2016.10.03 20:50:28.147,1.54105,1.54142,1.00,1.00
2016.10.03 20:50:31.359,1.54103,1.54142,1.00,1.00
2016.10.03 20:50:32.547,1.54103,1.54144,1.00,1.00
2016.10.03 20:50:39.674,1.54104,1.54142,1.00,1.00
2016.10.03 20:50:41.207,1.54102,1.54143,1.00,1.00
2016.10.03 20:50:46.339,1.54101,1.54143,1.00,1.00
2016.10.03 20:50:52.061,1.54103,1.54145,1.00,1.00
2016.10.03 20:50:54.254,1.54102,1.54142,1.00,1.00
2016.10.03 20:50:56.859,1.54101,1.54142,1.00,1.00
2016.10.03 20:50:57.445,1.54102,1.54143,1.00,1.00
2016.10.03 20:50:58.024,1.54102,1.54142,1.00,1.00
2016.10.03 20:50:58.863,1.54101,1.54142,1.00,1.00
2016.10.03 20:50:59.293,1.54102,1.54144,1.00,1.00
2016.10.03 20:51:01.416,1.54104,1.54143,1.00,1.00
2016.10.03 20:51:03.491,1.54105,1.54143,1.00,1.00
2016.10.03 20:51:03.800,1.54103,1.54141,1.00,1.00
2016.10.03 20:51:04.227,1.54104,1.54141,1.00,1.00
2016.10.03 20:51:04.278,1.54104,1.54145,1.50,1.00
2016.10.03 20:51:06.313,1.54104,1.54145,1.00,1.00
2016.10.03 20:51:06.560,1.54104,1.54145,1.50,1.00
2016.10.03 20:51:06.810,1.5411,1.54154,1.00,1.00
2016.10.03 20:51:06.861,1.5411,1.54156,1.00,1.00
2016.10.03 20:51:07.168,1.54112,1.54154,1.00,1.00
2016.10.03 20:51:08.029,1.54113,1.54156,1.00,1.00
2016.10.03 20:51:11.185,1.54111,1.54156,1.00,1.00
2016.10.03 20:51:12.531,1.54111,1.54154,1.00,1.00
2016.10.03 20:51:16.392,1.5411,1.54154,1.00,1.00
2016.10.03 20:51:20.845,1.54111,1.54155,1.00,1.00
2016.10.03 20:51:22.666,1.54114,1.54157,1.00,1.00
2016.10.03 20:51:22.853,1.54114,1.54157,1.50,1.00
2016.10.03 20:51:22.904,1.54114,1.54161,1.50,1.00
2016.10.03 20:51:22.954,1.54114,1.54161,1.00,1.00
2016.10.03 20:51:23.006,1.54118,1.54157,1.00,1.00
2016.10.03 20:51:26.207,1.54118,1.54156,1.00,1.00
2016.10.03 20:51:41.227,1.54115,1.54155,1.00,1.00
2016.10.03 20:51:43.054,1.54112,1.54155,1.00,1.00
2016.10.03 20:51:43.314,1.54112,1.54153,1.00,1.00
2016.10.03 20:51:46.454,1.54111,1.54154,1.00,1.00
2016.10.03 20:51:54.181,1.54111,1.54153,1.00,1.00
2016.10.03 20:51:56.246,1.54114,1.54154,1.00,1.00
2016.10.03 20:51:57.248,1.54114,1.54153,1.00,1.00
2016.10.03 20:51:58.862,1.54112,1.54156,1.00,1.00
2016.10.03 20:52:00.273,1.54123,1.54156,1.00,1.00
2016.10.03 20:52:00.476,1.54125,1.54161,1.00,1.00
2016.10.03 20:52:01.453,1.54124,1.54157,1.00,1.00
2016.10.03 20:52:06.762,1.54126,1.54159,1.00,1.00
2016.10.03 20:52:06.863,1.54123,1.54158,1.00,1.00
2016.10.03 20:52:06.965,1.54123,1.54156,1.00,1.00
2016.10.03 20:52:10.796,1.54123,1.54156,1.00,1.00
2016.10.03 20:52:12.516,1.54123,1.54156,1.00,1.00
2016.10.03 20:52:24.683,1.54123,1.54154,1.00,1.00
2016.10.03 20:52:25.384,1.54122,1.54154,1.00,1.00
2016.10.03 20:52:26.386,1.54123,1.54154,1.00,1.00
2016.10.03 20:52:31.640,1.54124,1.54154,1.00,1.00
2016.10.03 20:52:32.533,1.54123,1.54152,1.00,1.00
2016.10.03 20:52:32.634,1.54124,1.54154,1.00,1.00
2016.10.03 20:52:34.344,1.54124,1.54155,1.00,1.00
2016.10.03 20:52:36.903,1.54123,1.54155,1.00,1.00
2016.10.03 20:52:39.007,1.54123,1.54157,1.00,1.00
2016.10.03 20:52:39.738,1.54125,1.54164,1.00,1.00
2016.10.03 20:52:39.839,1.54133,1.54164,1.00,1.00
2016.10.03 20:52:39.941,1.54135,1.54169,1.00,1.00
2016.10.03 20:52:40.185,1.54135,1.54169,1.00,1.00
2016.10.03 20:52:41.026,1.54135,1.54169,1.00,1.00
2016.10.03 20:52:43.149,1.54134,1.54164,1.00,1.00
2016.10.03 20:52:43.354,1.54129,1.54163,1.00,1.00
2016.10.03 20:52:46.616,1.54131,1.54162,1.00,1.00
2016.10.03 20:52:47.602,1.54129,1.5416,1.00,1.00
2016.10.03 20:52:47.653,1.54129,1.54162,1.00,1.00
2016.10.03 20:52:48.520,1.54129,1.54163,1.00,1.00
2016.10.03 20:52:50.624,1.54128,1.54159,1.00,1.00
2016.10.03 20:52:52.038,1.54128,1.5416,1.00,1.00
2016.10.03 20:52:56.514,1.54129,1.5416,1.00,1.00
2016.10.03 20:53:06.961,1.54128,1.54162,1.00,1.00
2016.10.03 20:53:08.967,1.54131,1.54164,1.00,1.00
2016.10.03 20:53:09.339,1.54134,1.54167,1.00,1.00
2016.10.03 20:53:11.473,1.54134,1.54165,1.00,1.00
2016.10.03 20:53:20.215,1.54129,1.54163,1.00,1.00
2016.10.03 20:53:22.110,1.54131,1.54162,1.00,1.00
2016.10.03 20:53:31.626,1.5413,1.54161,1.00,1.00
2016.10.03 20:53:41.544,1.54129,1.5416,1.00,1.00
2016.10.03 20:53:47.372,1.54132,1.54163,1.00,1.00
2016.10.03 20:53:52.465,1.54132,1.54165,1.00,1.00
2016.10.03 20:53:57.523,1.54132,1.54163,1.00,1.00
2016.10.03 20:54:02.488,1.54133,1.54164,1.00,1.00
2016.10.03 20:54:27.358,1.54132,1.54164,1.00,1.00
2016.10.03 20:54:27.897,1.54132,1.54165,1.00,1.00
2016.10.03 20:54:30.078,1.54133,1.54164,1.00,1.00
2016.10.03 20:54:36.699,1.54134,1.54167,1.00,1.00
2016.10.03 20:54:36.750,1.54133,1.54164,1.00,1.00
2016.10.03 20:54:37.493,1.54135,1.54166,1.00,1.00
2016.10.03 20:54:37.645,1.54135,1.54166,1.00,1.00
2016.10.03 20:54:37.695,1.54132,1.54165,1.00,1.00
2016.10.03 20:54:38.179,1.54133,1.54166,1.00,1.00
2016.10.03 20:54:38.696,1.54133,1.54164,1.00,1.00
2016.10.03 20:54:44.863,1.54133,1.54166,1.00,1.00
2016.10.03 20:54:49.906,1.54133,1.54166,1.00,1.00
2016.10.03 20:54:51.077,1.54132,1.54166,1.00,1.00
2016.10.03 20:54:51.382,1.54134,1.54166,1.00,1.00
2016.10.03 20:54:51.584,1.54134,1.54168,1.00,1.00
2016.10.03 20:54:52.910,1.54135,1.54167,1.00,1.00
2016.10.03 20:54:54.196,1.54132,1.54166,1.00,1.00
2016.10.03 20:54:58.499,1.54135,1.54166,1.00,1.00
2016.10.03 20:54:59.181,1.54135,1.54167,1.00,1.00
2016.10.03 20:55:00.516,1.54136,1.5417,1.00,1.00
2016.10.03 20:55:01.082,1.54144,1.5417,1.00,1.00
2016.10.03 20:55:01.184,1.54144,1.54174,1.00,1.00
2016.10.03 20:55:01.507,1.54143,1.54174,1.00,1.00
2016.10.03 20:55:01.893,1.54144,1.54177,1.00,1.00
2016.10.03 20:55:06.921,1.54144,1.54181,1.00,1.00
2016.10.03 20:55:07.405,1.54146,1.54182,1.00,1.00
2016.10.03 20:55:08.150,1.54148,1.54181,1.00,1.00
2016.10.03 20:55:09.011,1.54147,1.54181,1.00,1.00
2016.10.03 20:55:10.412,1.54144,1.54181,1.00,1.00
2016.10.03 20:55:11.766,1.54146,1.54182,1.00,1.00
2016.10.03 20:55:12.717,1.54148,1.54181,1.00,1.00
2016.10.03 20:55:16.924,1.54146,1.54182,1.00,1.00
2016.10.03 20:55:22.546,1.54146,1.5418,1.00,1.00
2016.10.03 20:55:23.138,1.54146,1.54181,1.00,1.00
2016.10.03 20:55:26.740,1.54147,1.54181,1.00,1.00
2016.10.03 20:55:31.780,1.54148,1.54182,1.00,1.00
2016.10.03 20:55:32.850,1.54147,1.54181,1.00,1.00
2016.10.03 20:55:33.631,1.54147,1.5418,1.00,1.00
2016.10.03 20:55:36.661,1.54146,1.54179,1.00,1.00
2016.10.03 20:55:40.220,1.54147,1.54183,1.00,1.00
2016.10.03 20:55:41.773,1.54147,1.54179,1.00,1.00
2016.10.03 20:55:42.522,1.54149,1.54182,1.00,1.00
2016.10.03 20:55:42.623,1.54148,1.5418,1.00,1.00
2016.10.03 20:55:42.825,1.54149,1.54182,1.00,1.00
2016.10.03 20:55:47.031,1.5415,1.54185,1.00,1.00
2016.10.03 20:55:50.992,1.5415,1.54187,1.00,1.50
2016.10.03 20:55:52.945,1.5415,1.54187,1.00,1.00
2016.10.03 20:55:52.996,1.54149,1.54189,1.00,1.50
2016.10.03 20:55:55.673,1.54149,1.54189,1.00,1.00
2016.10.03 20:55:56.806,1.54149,1.54186,1.00,1.00
2016.10.03 20:55:57.807,1.5415,1.54184,1.00,1.00
2016.10.03 20:56:03.510,1.54151,1.54185,1.00,1.00
2016.10.03 20:56:04.053,1.5415,1.54184,1.00,1.00
2016.10.03 20:56:05.669,1.54131,1.54186,1.00,1.00
2016.10.03 20:56:05.890,1.5413,1.54173,1.00,1.00
2016.10.03 20:56:06.765,1.5413,1.5417,1.00,1.00
2016.10.03 20:56:11.880,1.54128,1.5417,1.00,1.00
2016.10.03 20:56:16.943,1.54127,1.54177,1.00,1.00
2016.10.03 20:56:24.163,1.54127,1.54173,1.00,1.00
2016.10.03 20:56:24.264,1.54127,1.54176,1.00,1.00
2016.10.03 20:56:26.866,1.54128,1.54176,1.00,1.00
2016.10.03 20:56:28.269,1.54127,1.54176,1.00,1.00
2016.10.03 20:56:31.177,1.54127,1.54178,1.00,1.00
2016.10.03 20:56:32.069,1.54129,1.54178,1.00,1.00
2016.10.03 20:56:32.674,1.54129,1.54179,1.00,1.00
2016.10.03 20:56:34.582,1.54129,1.54177,1.00,1.00
2016.10.03 20:56:35.992,1.54129,1.54176,1.00,1.00
2016.10.03 20:56:36.384,1.54129,1.54173,1.00,1.00
2016.10.03 20:56:37.787,1.54129,1.5417,1.00,1.00
2016.10.03 20:56:42.523,1.54127,1.5417,1.00,1.00
2016.10.03 20:56:43.386,1.54128,1.5417,1.00,1.00
2016.10.03 20:56:45.189,1.54129,1.5417,1.00,1.00
2016.10.03 20:56:47.658,1.54129,1.54173,1.00,1.00
2016.10.03 20:56:52.171,1.54129,1.54174,1.00,1.00
2016.10.03 20:56:53.276,1.54129,1.54173,1.00,1.00
2016.10.03 20:56:53.327,1.54127,1.54173,1.00,1.00
2016.10.03 20:56:54.204,1.54128,1.54173,1.00,1.00
2016.10.03 20:56:56.918,1.54129,1.54173,1.00,1.00
2016.10.03 20:56:58.283,1.54129,1.54176,1.00,1.00
2016.10.03 20:57:00.116,1.5413,1.54176,1.00,1.00
2016.10.03 20:57:00.640,1.54129,1.54176,1.00,1.00
2016.10.03 20:57:01.185,1.54129,1.54173,1.00,1.00
2016.10.03 20:57:01.567,1.54129,1.54171,1.00,1.00
2016.10.03 20:57:01.767,1.54129,1.54174,1.00,1.00
2016.10.03 20:57:01.900,1.54129,1.54171,1.00,1.00
2016.10.03 20:57:01.951,1.54127,1.54171,1.00,1.00
2016.10.03 20:57:02.496,1.54128,1.54171,1.00,1.00
2016.10.03 20:57:07.459,1.54127,1.54171,1.00,1.00
2016.10.03 20:57:09.916,1.54127,1.54175,1.00,1.00
2016.10.03 20:57:10.309,1.54128,1.54177,1.00,1.00
2016.10.03 20:57:10.854,1.54128,1.54178,1.00,1.00
2016.10.03 20:57:11.369,1.54127,1.54178,1.00,1.00
2016.10.03 20:57:11.621,1.54124,1.54173,1.00,1.00
2016.10.03 20:57:11.672,1.54118,1.54173,1.00,1.00
2016.10.03 20:57:11.825,1.5412,1.54176,1.00,1.00
2016.10.03 20:57:12.423,1.54119,1.54176,1.00,1.50
2016.10.03 20:57:14.226,1.54121,1.54176,1.00,1.50
2016.10.03 20:57:15.459,1.54121,1.54176,1.00,1.00
2016.10.03 20:57:15.797,1.54124,1.54181,1.00,1.00
2016.10.03 20:57:15.911,1.54124,1.54176,1.00,1.00
2016.10.03 20:57:16.587,1.54125,1.54176,1.00,1.00
2016.10.03 20:57:16.910,1.54127,1.54176,1.00,1.00
2016.10.03 20:57:17.305,1.54124,1.54176,1.00,1.00
2016.10.03 20:57:17.507,1.54127,1.54176,1.00,1.00
2016.10.03 20:57:17.786,1.54123,1.54176,1.00,1.00
2016.10.03 20:57:21.736,1.54115,1.5417,1.00,1.00
2016.10.03 20:57:21.990,1.54117,1.54172,1.00,1.00
2016.10.03 20:57:22.190,1.54114,1.54171,1.00,1.00
2016.10.03 20:57:22.390,1.54117,1.54172,1.00,1.00
2016.10.03 20:57:29.997,1.54118,1.54173,1.00,1.00
2016.10.03 20:57:30.198,1.54116,1.54173,1.00,1.00
2016.10.03 20:57:31.725,1.54118,1.54173,1.00,1.00
2016.10.03 20:57:33.804,1.54119,1.54174,1.00,1.00
2016.10.03 20:57:34.309,1.54118,1.54173,1.00,1.00
2016.10.03 20:57:34.908,1.54117,1.54172,1.00,1.00
2016.10.03 20:57:37.375,1.54115,1.5417,1.00,1.00
2016.10.03 20:57:37.734,1.54117,1.54172,1.00,1.00
2016.10.03 20:57:38.061,1.54115,1.5417,1.00,1.00
2016.10.03 20:57:41.709,1.54114,1.54171,1.00,1.00
2016.10.03 20:57:42.052,1.54113,1.54168,1.00,1.00
2016.10.03 20:57:42.255,1.54114,1.54171,1.00,1.00
2016.10.03 20:57:42.911,1.54113,1.54168,1.00,1.00
2016.10.03 20:57:43.321,1.54115,1.5417,1.00,1.00
2016.10.03 20:57:44.264,1.54114,1.54168,1.00,1.00
2016.10.03 20:57:45.299,1.54113,1.54168,1.00,1.00
2016.10.03 20:57:45.599,1.54113,1.54168,1.50,1.00
2016.10.03 20:57:45.713,1.54115,1.5417,1.00,1.00
2016.10.03 20:57:45.914,1.54113,1.54169,1.00,1.00
2016.10.03 20:57:47.205,1.54115,1.54169,1.00,1.00
2016.10.03 20:57:48.803,1.54114,1.54169,1.00,1.00
2016.10.03 20:57:48.944,1.54115,1.5417,1.50,1.00
2016.10.03 20:57:49.045,1.54115,1.54171,1.00,1.00
2016.10.03 20:57:49.651,1.54116,1.54171,1.00,1.00
2016.10.03 20:57:50.107,1.54116,1.54171,1.50,1.00
2016.10.03 20:57:51.241,1.54116,1.5417,1.00,1.00
2016.10.03 20:57:57.013,1.54115,1.5417,1.00,1.00
2016.10.03 20:57:57.451,1.54118,1.54175,1.00,1.00
2016.10.03 20:57:57.961,1.5412,1.54177,1.00,1.00
2016.10.03 20:57:58.426,1.54118,1.54173,1.00,1.00
2016.10.03 20:57:59.443,1.54117,1.54174,1.00,1.00
2016.10.03 20:58:06.152,1.5412,1.54175,1.00,1.00
2016.10.03 20:58:06.352,1.54117,1.54174,1.00,1.00
2016.10.03 20:58:07.170,1.5412,1.54175,1.00,1.00
2016.10.03 20:58:16.120,1.54116,1.54173,1.00,1.00
2016.10.03 20:58:16.222,1.54114,1.54171,1.00,1.00
2016.10.03 20:58:16.525,1.54117,1.54172,1.00,1.00
2016.10.03 20:58:16.880,1.54113,1.54168,1.00,1.00
2016.10.03 20:58:16.932,1.54111,1.54166,1.50,1.00
2016.10.03 20:58:17.156,1.5411,1.54162,1.00,1.00
2016.10.03 20:58:17.257,1.54107,1.54162,1.00,1.00
2016.10.03 20:58:17.517,1.54104,1.54161,1.00,1.00
2016.10.03 20:58:23.038,1.54105,1.54162,1.00,1.00
2016.10.03 20:58:27.227,1.54103,1.5416,1.00,1.00
2016.10.03 20:58:30.771,1.54103,1.54158,1.00,1.00
2016.10.03 20:58:32.333,1.54101,1.54156,1.00,1.00
2016.10.03 20:58:33.466,1.54105,1.54161,1.00,1.00
2016.10.03 20:58:33.779,1.54108,1.54163,1.00,1.00
2016.10.03 20:58:34.270,1.54105,1.54161,1.00,1.00
2016.10.03 20:58:37.942,1.54104,1.5416,1.00,1.00
2016.10.03 20:58:38.447,1.54103,1.5416,1.00,1.00
2016.10.03 20:58:38.548,1.54102,1.54157,1.00,1.00
2016.10.03 20:58:38.858,1.54104,1.54157,1.00,1.00
2016.10.03 20:58:39.107,1.54102,1.54157,1.00,1.00
2016.10.03 20:58:39.930,1.54104,1.54157,1.00,1.00
2016.10.03 20:58:40.528,1.54103,1.54157,1.00,1.00
2016.10.03 20:58:40.579,1.54103,1.54161,1.50,1.00
2016.10.03 20:58:46.747,1.54103,1.54161,1.00,1.00
2016.10.03 20:58:47.670,1.54104,1.54162,1.00,1.00
2016.10.03 20:58:50.492,1.54105,1.54163,1.00,1.00
2016.10.03 20:58:51.050,1.54103,1.54161,1.00,1.00
2016.10.03 20:58:51.581,1.54101,1.54161,1.00,1.00
2016.10.03 20:58:53.155,1.54102,1.54162,1.00,1.00
2016.10.03 20:58:55.395,1.54105,1.54163,1.00,1.00
2016.10.03 20:58:55.866,1.54103,1.54161,1.00,1.00
2016.10.03 20:58:57.269,1.54094,1.54154,1.50,1.00
2016.10.03 20:58:57.370,1.54097,1.54155,1.00,1.00
2016.10.03 20:58:57.771,1.541,1.54158,1.00,1.00
2016.10.03 20:58:58.296,1.54098,1.54158,1.00,1.00
2016.10.03 20:58:58.468,1.541,1.54158,1.00,1.00
2016.10.03 20:58:59.029,1.54099,1.54157,1.00,1.00
2016.10.03 20:58:59.762,1.541,1.54158,1.00,1.00
2016.10.03 20:58:59.982,1.54098,1.54158,1.00,1.00
2016.10.03 20:59:00.190,1.54104,1.54164,1.00,1.00
2016.10.03 20:59:00.573,1.54096,1.54154,1.00,1.00
2016.10.03 20:59:00.670,1.54097,1.54157,1.00,1.00
2016.10.03 20:59:00.872,1.54094,1.54152,1.00,1.00
2016.10.03 20:59:00.973,1.54094,1.54154,1.50,1.00
2016.10.03 20:59:01.276,1.54094,1.5415,1.00,1.00
2016.10.03 20:59:02.039,1.54093,1.5415,1.00,1.00
2016.10.03 20:59:02.089,1.54096,1.54154,1.00,1.00
2016.10.03 20:59:02.421,1.54096,1.54154,0.75,0.75
2016.10.03 20:59:02.766,1.54094,1.54152,0.75,0.75
2016.10.03 20:59:03.953,1.54094,1.54152,1.50,0.75
2016.10.03 20:59:06.246,1.54094,1.54152,0.75,0.75
2016.10.03 20:59:06.616,1.5409,1.54149,0.75,0.75
2016.10.03 20:59:07.098,1.54088,1.54151,0.75,0.75
2016.10.03 20:59:07.312,1.54088,1.54149,0.75,0.75
2016.10.03 20:59:07.680,1.54093,1.54152,0.75,0.75
2016.10.03 20:59:08.488,1.54089,1.54152,0.75,0.75
2016.10.03 20:59:08.697,1.5408,1.54139,0.75,0.75
2016.10.03 20:59:08.747,1.54079,1.54139,0.75,0.75
2016.10.03 20:59:08.798,1.54077,1.54137,0.75,0.75
2016.10.03 20:59:09.229,1.54079,1.54137,0.75,0.75
2016.10.03 20:59:09.404,1.54087,1.54149,0.75,0.75
2016.10.03 20:59:09.712,1.54095,1.54153,0.75,0.75
2016.10.03 20:59:11.200,1.54094,1.54155,0.75,0.75
2016.10.03 20:59:14.010,1.5409,1.54152,0.75,0.75
2016.10.03 20:59:18.356,1.54091,1.5415,0.75,0.75
2016.10.03 20:59:21.818,1.54092,1.54151,0.75,0.75
2016.10.03 20:59:24.020,1.5409,1.54152,0.75,0.75
2016.10.03 20:59:28.524,1.54084,1.54144,0.75,0.75
2016.10.03 20:59:28.604,1.54085,1.54147,0.75,0.75
2016.10.03 20:59:28.654,1.54085,1.54145,0.75,0.75
2016.10.03 20:59:29.497,1.54084,1.54145,0.75,0.75
2016.10.03 20:59:29.928,1.54089,1.5415,0.75,0.75
2016.10.03 20:59:30.442,1.5409,1.54151,0.75,0.75
2016.10.03 20:59:37.409,1.54104,1.54151,0.75,0.75
2016.10.03 20:59:37.750,1.54104,1.54149,0.75,0.75
2016.10.03 20:59:40.696,1.54093,1.54149,0.75,0.75
2016.10.03 20:59:40.836,1.54088,1.54149,0.75,0.75
2016.10.03 20:59:40.937,1.54085,1.54152,0.75,0.75
2016.10.03 20:59:41.183,1.54083,1.54152,0.75,0.75
2016.10.03 20:59:43.340,1.54083,1.54153,0.75,0.75
2016.10.03 20:59:45.253,1.54084,1.54155,0.75,0.75
2016.10.03 20:59:45.844,1.5407,1.54174,0.75,0.75
2016.10.03 20:59:46.391,1.54066,1.54185,0.75,0.75
2016.10.03 20:59:46.492,1.54063,1.54182,1.50,0.75
2016.10.03 20:59:46.745,1.54071,1.54182,0.75,0.75
2016.10.03 20:59:47.045,1.5407,1.54179,0.75,0.75
2016.10.03 20:59:47.099,1.5407,1.54179,0.75,0.75
2016.10.03 20:59:50.581,1.54071,1.5418,0.75,0.75
2016.10.03 20:59:50.849,1.54063,1.54195,0.75,1.50
2016.10.03 20:59:51.850,1.54063,1.54195,0.75,0.75
2016.10.03 20:59:54.168,1.54063,1.54197,0.75,0.75
2016.10.03 20:59:54.928,1.54063,1.54196,0.75,0.75
2016.10.03 20:59:55.153,1.54063,1.54192,0.75,0.75
2016.10.03 20:59:55.805,1.54061,1.54192,0.75,0.75
2016.10.03 20:59:55.908,1.54061,1.54196,0.75,0.75
2016.10.03 20:59:56.096,1.54057,1.54198,0.75,0.75
2016.10.03 20:59:56.356,1.54043,1.54226,0.45,0.37
2016.10.03 20:59:56.414,1.54041,1.54226,0.37,0.37
2016.10.03 20:59:56.464,1.54048,1.5423,0.37,0.37
2016.10.03 20:59:56.515,1.54048,1.5423,0.37,0.37
2016.10.03 20:59:56.565,1.54048,1.54234,0.37,0.37
