2010.09.13 08:00:01.979,1.74835,1.7489,1.00,1.00
2010.09.13 08:00:02.169,1.7484,1.7488,1.00,1.00
2010.09.13 08:00:03.008,1.7484,1.749,1.00,1.00
2010.09.13 08:00:04.910,1.7484,1.7489,1.00,1.00
2010.09.13 08:00:06.341,1.7485,1.7489,1.00,1.00
2010.09.13 08:00:07.283,1.7485,1.7491,1.00,1.00
2010.09.13 08:00:08.440,1.74855,1.7491,1.00,1.00
2010.09.13 08:00:09.227,1.74855,1.749,1.00,1.00
2010.09.13 08:00:11.909,1.74855,1.7489,1.00,1.00
2010.09.13 08:00:12.783,1.74855,1.749,1.00,1.00
2010.09.13 08:00:14.668,1.74855,1.7489,1.00,1.00
2010.09.13 08:00:15.573,1.74855,1.749,1.00,1.00
2010.09.13 08:00:16.432,1.74855,1.7492,1.00,1.00
2010.09.13 08:00:16.629,1.74865,1.7491,1.00,1.00
2010.09.13 08:00:17.803,1.7485,1.7492,1.00,1.00
2010.09.13 08:00:18.627,1.7485,1.7492,1.00,1.00
2010.09.13 08:00:19.971,1.7485,1.7492,1.10,1.00
2010.09.13 08:00:20.245,1.7485,1.7491,1.00,1.00
2010.09.13 08:00:21.549,1.7485,1.7491,1.00,1.00
2010.09.13 08:00:21.815,1.7485,1.74905,1.00,1.00
2010.09.13 08:00:24.798,1.74855,1.7492,1.00,1.00
2010.09.13 08:00:25.002,1.74855,1.7491,1.00,1.00
2010.09.13 08:00:26.286,1.74855,1.7492,1.00,1.00
2010.09.13 08:00:26.547,1.7485,1.74905,2.00,1.00
2010.09.13 08:00:27.330,1.7485,1.74905,1.00,1.00
2010.09.13 08:00:27.656,1.7485,1.749,1.00,1.00
2010.09.13 08:00:27.985,1.7484,1.749,1.00,1.00
2010.09.13 08:00:28.826,1.74835,1.7489,1.00,1.00
2010.09.13 08:00:29.093,1.74835,1.74905,1.00,1.00
2010.09.13 08:00:29.362,1.74835,1.749,1.00,1.00
2010.09.13 08:00:29.738,1.74835,1.7489,1.00,1.00
2010.09.13 08:00:31.057,1.74835,1.74905,1.00,1.00
2010.09.13 08:00:31.203,1.7484,1.74905,1.00,1.00
2010.09.13 08:00:31.354,1.74835,1.749,1.00,1.00
2010.09.13 08:00:31.924,1.7483,1.749,1.00,1.00
2010.09.13 08:00:32.093,1.7485,1.7491,1.00,1.00
2010.09.13 08:00:34.371,1.7485,1.7491,1.00,1.00
2010.09.13 08:00:37.022,1.74855,1.7491,1.00,1.00
2010.09.13 08:00:37.442,1.74845,1.749,1.30,1.00
2010.09.13 08:00:37.481,1.7484,1.749,1.40,1.00
2010.09.13 08:00:38.068,1.7485,1.749,1.00,1.00
2010.09.13 08:00:38.407,1.7484,1.749,1.00,1.00
2010.09.13 08:00:38.750,1.74845,1.749,1.00,1.00
2010.09.13 08:00:39.607,1.74855,1.749,1.00,1.00
2010.09.13 08:00:39.785,1.74845,1.749,1.00,1.00
2010.09.13 08:00:40.130,1.74845,1.749,2.00,1.00
2010.09.13 08:00:40.679,1.74855,1.749,1.00,1.00
2010.09.13 08:00:48.190,1.74855,1.7491,1.00,1.00
2010.09.13 08:00:50.242,1.74855,1.7492,1.00,1.00
2010.09.13 08:00:53.502,1.7485,1.7492,1.00,1.00
2010.09.13 08:00:54.754,1.74855,1.7491,1.00,1.00
2010.09.13 08:00:55.093,1.74865,1.7492,1.00,1.00
2010.09.13 08:00:55.814,1.74865,1.7491,1.00,1.00
2010.09.13 08:00:56.091,1.74865,1.7492,1.00,1.00
2010.09.13 08:00:56.372,1.74855,1.7492,2.00,1.00
2010.09.13 08:00:56.652,1.74855,1.7492,1.00,1.00
2010.09.13 08:00:57.726,1.74855,1.7492,1.00,1.00
2010.09.13 08:00:57.991,1.74855,1.74925,1.00,3.60
2010.09.13 08:00:58.253,1.74855,1.7491,1.00,1.60
2010.09.13 08:00:58.342,1.7484,1.7491,1.70,2.30
2010.09.13 08:00:58.432,1.7484,1.7491,1.00,2.30
2010.09.13 08:00:59.323,1.74845,1.7492,1.00,3.90
2010.09.13 08:01:01.031,1.74845,1.7491,1.00,1.00
2010.09.13 08:01:04.463,1.74845,1.7492,1.00,3.90
2010.09.13 08:01:04.520,1.74845,1.7492,1.70,3.90
2010.09.13 08:01:04.631,1.7488,1.7492,1.00,3.20
2010.09.13 08:01:05.373,1.7487,1.74925,1.30,1.00
2010.09.13 08:01:05.552,1.74855,1.7492,1.00,3.20
2010.09.13 08:01:05.721,1.74855,1.74925,1.00,1.00
2010.09.13 08:01:07.573,1.74855,1.7492,1.00,1.00
2010.09.13 08:01:08.110,1.74855,1.7493,1.00,3.70
2010.09.13 08:01:10.810,1.74855,1.7492,1.00,1.00
2010.09.13 08:01:11.020,1.74845,1.7492,1.10,1.00
2010.09.13 08:01:11.230,1.74845,1.7492,1.10,4.00
2010.09.13 08:01:12.249,1.74845,1.7491,1.10,1.00
2010.09.13 08:01:17.759,1.74845,1.7491,1.00,1.00
2010.09.13 08:01:19.549,1.7484,1.7491,1.00,1.00
2010.09.13 08:01:19.739,1.7484,1.7491,1.00,1.60
2010.09.13 08:01:19.842,1.7484,1.749,1.00,1.60
2010.09.13 08:01:19.860,1.7484,1.749,1.00,3.20
2010.09.13 08:01:20.706,1.74845,1.74905,1.00,1.60
2010.09.13 08:01:20.973,1.74845,1.7491,1.00,1.00
2010.09.13 08:01:22.771,1.74845,1.7491,1.00,1.00
2010.09.13 08:01:28.246,1.74855,1.7491,1.00,1.00
2010.09.13 08:01:29.851,1.74855,1.7491,1.00,1.00
2010.09.13 08:01:48.512,1.74865,1.74925,1.00,1.00
2010.09.13 08:01:55.698,1.74855,1.7492,1.00,1.00
2010.09.13 08:01:56.459,1.74855,1.74925,1.00,3.60
2010.09.13 08:01:56.677,1.74865,1.74925,1.00,1.00
2010.09.13 08:01:58.080,1.74865,1.7493,1.00,1.00
2010.09.13 08:01:59.931,1.7487,1.74935,1.00,1.00
2010.09.13 08:02:01.014,1.7487,1.7493,1.00,1.00
2010.09.13 08:02:02.322,1.7487,1.7492,1.00,1.00
2010.09.13 08:02:03.172,1.7487,1.74935,1.00,3.60
2010.09.13 08:02:03.829,1.7487,1.7493,1.00,1.00
2010.09.13 08:02:04.190,1.7487,1.74935,1.00,1.00
2010.09.13 08:02:05.281,1.7487,1.74935,1.00,3.60
2010.09.13 08:02:07.351,1.74865,1.7493,1.00,1.00
2010.09.13 08:02:07.665,1.74865,1.74935,1.00,3.60
2010.09.13 08:02:07.703,1.74855,1.74925,1.00,1.00
2010.09.13 08:02:08.586,1.74855,1.7491,1.00,1.00
2010.09.13 08:02:08.645,1.74855,1.74915,1.00,1.60
2010.09.13 08:02:08.931,1.74855,1.7492,1.00,1.00
2010.09.13 08:02:09.770,1.74855,1.74925,1.00,1.60
2010.09.13 08:02:10.041,1.74865,1.7493,1.00,1.00
2010.09.13 08:02:15.232,1.74865,1.7493,1.00,1.00
2010.09.13 08:02:15.437,1.74855,1.7492,1.00,1.60
2010.09.13 08:02:16.431,1.74855,1.74925,1.00,1.60
2010.09.13 08:02:16.693,1.74855,1.7493,1.00,4.00
2010.09.13 08:02:16.949,1.74855,1.7493,1.00,3.90
2010.09.13 08:02:17.211,1.7486,1.7493,1.00,4.00
2010.09.13 08:02:17.980,1.7486,1.7493,1.00,3.60
2010.09.13 08:02:19.842,1.74865,1.7493,1.00,1.00
2010.09.13 08:02:19.982,1.74855,1.7493,1.00,1.00
2010.09.13 08:02:20.122,1.74855,1.7493,1.00,3.60
2010.09.13 08:02:20.821,1.7486,1.7493,1.00,3.60
2010.09.13 08:02:22.383,1.74865,1.7493,1.00,3.60
2010.09.13 08:02:22.637,1.74865,1.7492,1.00,1.00
2010.09.13 08:02:23.942,1.74855,1.7492,1.00,1.00
2010.09.13 08:02:24.280,1.7485,1.7492,1.00,1.00
2010.09.13 08:02:24.650,1.74855,1.74925,1.00,1.60
2010.09.13 08:02:25.602,1.74855,1.7492,1.00,1.60
2010.09.13 08:02:26.759,1.74855,1.7493,1.00,3.70
2010.09.13 08:02:27.079,1.74865,1.7493,1.00,1.00
2010.09.13 08:02:27.388,1.74865,1.7492,1.00,1.00
2010.09.13 08:02:28.590,1.74865,1.74935,1.00,5.20
2010.09.13 08:02:32.453,1.74865,1.7492,1.00,1.00
2010.09.13 08:02:32.499,1.74865,1.7493,1.00,1.00
2010.09.13 08:02:33.610,1.74865,1.7492,1.00,1.00
2010.09.13 08:02:33.836,1.74865,1.7493,1.00,1.00
2010.09.13 08:02:34.838,1.74865,1.7493,1.00,1.00
2010.09.13 08:02:35.813,1.74855,1.7493,1.00,4.00
2010.09.13 08:02:37.127,1.74855,1.7491,1.00,1.00
2010.09.13 08:02:38.288,1.7485,1.7491,1.00,1.00
2010.09.13 08:02:38.835,1.7485,1.7492,1.00,2.00
2010.09.13 08:02:39.088,1.74855,1.7492,1.00,1.00
2010.09.13 08:02:48.182,1.74855,1.74925,1.00,1.00
2010.09.13 08:02:49.627,1.74865,1.74925,1.00,1.00
2010.09.13 08:02:50.320,1.74855,1.74925,1.00,1.00
2010.09.13 08:02:57.790,1.74865,1.7491,1.00,1.00
2010.09.13 08:03:01.187,1.74865,1.74925,1.00,1.00
2010.09.13 08:03:01.494,1.74865,1.7491,1.00,1.00
2010.09.13 08:03:01.777,1.74855,1.7492,1.00,1.00
2010.09.13 08:03:02.617,1.74855,1.7492,1.00,1.60
2010.09.13 08:03:02.854,1.7485,1.7492,1.00,1.60
2010.09.13 08:03:04.335,1.7485,1.7492,1.00,1.70
2010.09.13 08:03:04.608,1.74845,1.74915,1.00,3.20
2010.09.13 08:03:06.310,1.74845,1.74915,1.00,4.80
2010.09.13 08:03:06.471,1.7485,1.74915,1.00,4.80
2010.09.13 08:03:06.631,1.7485,1.74915,1.00,1.60
2010.09.13 08:03:07.327,1.7485,1.7492,1.00,1.70
2010.09.13 08:03:07.859,1.74855,1.74915,1.00,1.00
2010.09.13 08:03:09.569,1.7485,1.74915,1.00,1.00
2010.09.13 08:03:10.448,1.7484,1.74915,1.00,3.60
2010.09.13 08:03:12.132,1.7485,1.74915,1.00,3.60
2010.09.13 08:03:12.321,1.7485,1.74915,1.00,1.00
2010.09.13 08:03:12.510,1.7484,1.74915,1.00,1.00
2010.09.13 08:03:13.315,1.7485,1.74915,1.00,1.00
2010.09.13 08:03:13.552,1.74855,1.74915,1.00,1.00
2010.09.13 08:03:16.591,1.7485,1.74915,1.00,1.00
2010.09.13 08:03:16.793,1.7485,1.7491,1.00,1.00
2010.09.13 08:03:17.541,1.7485,1.74915,1.00,1.00
2010.09.13 08:03:17.841,1.7485,1.74915,1.00,1.00
2010.09.13 08:03:18.142,1.7484,1.74915,1.00,1.00
2010.09.13 08:03:19.081,1.7484,1.74915,1.00,3.60
2010.09.13 08:03:19.984,1.7484,1.7491,1.00,1.00
2010.09.13 08:03:20.191,1.74855,1.7491,1.00,1.00
2010.09.13 08:03:21.201,1.74855,1.749,1.00,1.00
2010.09.13 08:03:21.652,1.74855,1.7489,1.00,1.00
2010.09.13 08:03:21.881,1.74855,1.74915,1.00,1.00
2010.09.13 08:03:23.570,1.74865,1.74915,1.00,1.00
2010.09.13 08:03:24.639,1.7484,1.7491,1.00,2.30
2010.09.13 08:03:24.827,1.7485,1.7491,1.00,1.60
2010.09.13 08:03:25.402,1.7485,1.74915,1.00,1.00
2010.09.13 08:03:25.594,1.7483,1.749,1.00,1.00
2010.09.13 08:03:25.794,1.7483,1.749,1.00,1.00
2010.09.13 08:03:27.249,1.7483,1.74905,1.00,3.90
2010.09.13 08:03:29.069,1.7484,1.74905,1.00,1.60
2010.09.13 08:03:29.139,1.7484,1.7491,1.00,4.00
2010.09.13 08:03:30.622,1.7484,1.7491,1.00,3.90
2010.09.13 08:03:32.260,1.7485,1.7491,1.00,3.90
2010.09.13 08:03:32.491,1.7484,1.7491,1.00,3.90
2010.09.13 08:03:41.720,1.7484,1.749,1.00,1.00
2010.09.13 08:03:43.021,1.7484,1.7491,1.00,4.00
2010.09.13 08:03:43.155,1.7484,1.749,1.00,1.00
2010.09.13 08:03:46.374,1.7484,1.7491,1.00,4.00
2010.09.13 08:03:48.882,1.7484,1.7491,1.00,3.90
2010.09.13 08:03:50.463,1.7484,1.7491,1.00,4.00
2010.09.13 08:03:51.004,1.7484,1.749,1.00,1.00
2010.09.13 08:03:54.089,1.7484,1.7491,1.00,4.00
2010.09.13 08:04:05.576,1.7484,1.7491,1.00,3.90
2010.09.13 08:04:07.795,1.7484,1.7491,1.00,3.90
2010.09.13 08:04:07.953,1.74855,1.749,1.00,1.00
2010.09.13 08:04:08.086,1.74855,1.749,1.00,1.00
2010.09.13 08:04:09.484,1.74855,1.74925,1.00,1.00
2010.09.13 08:04:13.700,1.7485,1.74925,1.00,1.10
2010.09.13 08:04:13.780,1.7485,1.74925,1.00,2.70
2010.09.13 08:04:13.931,1.7485,1.7492,1.00,1.60
2010.09.13 08:04:15.250,1.74855,1.7492,1.00,1.60
2010.09.13 08:04:15.381,1.74855,1.74925,1.00,1.00
2010.09.13 08:04:16.310,1.74865,1.74925,1.00,1.00
2010.09.13 08:04:18.009,1.74855,1.74925,1.00,1.00
2010.09.13 08:04:20.274,1.7485,1.7492,1.00,1.60
2010.09.13 08:04:23.244,1.7485,1.7492,1.00,1.60
2010.09.13 08:04:24.639,1.7485,1.7492,1.00,1.60
2010.09.13 08:04:24.839,1.7485,1.7491,1.00,1.00
2010.09.13 08:04:25.521,1.7485,1.7492,1.00,1.60
2010.09.13 08:04:27.909,1.7485,1.74915,1.00,1.00
2010.09.13 08:04:28.722,1.74855,1.74915,1.00,1.00
2010.09.13 08:04:29.812,1.7484,1.74915,1.00,3.60
2010.09.13 08:04:31.148,1.7484,1.74915,1.00,2.00
2010.09.13 08:04:31.477,1.74855,1.74915,1.00,1.00
2010.09.13 08:04:36.160,1.7488,1.74915,1.00,1.00
2010.09.13 08:04:37.156,1.7486,1.74915,1.00,1.00
2010.09.13 08:04:38.891,1.7487,1.7493,1.00,1.60
2010.09.13 08:04:40.146,1.7487,1.7493,1.00,1.60
2010.09.13 08:04:40.642,1.7486,1.7493,2.40,1.60
2010.09.13 08:04:40.890,1.7486,1.7493,1.00,1.60
2010.09.13 08:04:41.781,1.7485,1.74925,1.20,1.00
2010.09.13 08:04:45.371,1.74855,1.7493,1.00,4.00
2010.09.13 08:04:45.553,1.74855,1.7492,1.00,1.30
2010.09.13 08:04:45.732,1.7485,1.74905,1.00,1.00
2010.09.13 08:04:47.431,1.7485,1.749,1.00,1.00
2010.09.13 08:04:48.156,1.7485,1.74905,1.00,1.00
2010.09.13 08:04:48.377,1.74835,1.749,1.60,1.00
2010.09.13 08:04:48.914,1.74835,1.7489,1.60,1.00
2010.09.13 08:04:49.604,1.74835,1.74885,1.60,1.00
2010.09.13 08:04:49.829,1.748,1.7486,2.00,1.00
2010.09.13 08:04:50.044,1.748,1.7486,1.00,1.00
2010.09.13 08:04:50.794,1.748,1.7484,1.00,1.00
2010.09.13 08:04:51.093,1.74795,1.7484,2.00,1.00
2010.09.13 08:04:52.061,1.74795,1.7485,2.00,1.30
2010.09.13 08:04:52.334,1.748,1.7487,1.00,1.00
2010.09.13 08:04:52.632,1.748,1.74875,1.00,1.00
2010.09.13 08:04:53.533,1.7481,1.74875,1.00,1.00
2010.09.13 08:04:53.871,1.748,1.74875,1.00,1.00
2010.09.13 08:04:55.275,1.7481,1.74875,1.00,1.00
2010.09.13 08:04:57.102,1.7481,1.74875,1.00,1.00
2010.09.13 08:04:57.919,1.7481,1.74875,1.00,1.00
2010.09.13 08:04:58.940,1.748,1.74875,1.00,1.00
2010.09.13 08:04:59.168,1.748,1.7486,1.00,1.00
2010.09.13 08:05:03.322,1.748,1.7487,1.00,1.00
2010.09.13 08:05:06.289,1.74795,1.7486,1.00,1.00
2010.09.13 08:05:07.587,1.748,1.7486,1.00,1.00
2010.09.13 08:05:08.123,1.7481,1.7486,1.00,1.00
2010.09.13 08:05:08.260,1.7481,1.74875,1.00,4.90
2010.09.13 08:05:08.862,1.7481,1.7487,1.00,1.00
2010.09.13 08:05:10.550,1.7481,1.74875,1.00,1.00
2010.09.13 08:05:11.269,1.7481,1.7487,1.00,1.00
2010.09.13 08:05:13.655,1.7481,1.7486,1.00,1.00
2010.09.13 08:05:15.103,1.7481,1.7487,1.00,1.00
2010.09.13 08:05:20.569,1.7481,1.74875,1.00,1.00
2010.09.13 08:05:22.590,1.7481,1.7488,1.00,5.60
2010.09.13 08:05:23.221,1.7481,1.7488,1.00,4.00
2010.09.13 08:05:24.054,1.7481,1.74875,1.00,1.00
2010.09.13 08:05:25.773,1.7481,1.7486,1.00,1.00
2010.09.13 08:05:26.152,1.748,1.7486,1.00,1.00
2010.09.13 08:05:27.042,1.7481,1.7487,1.00,1.00
2010.09.13 08:05:28.172,1.7481,1.74875,1.00,1.00
2010.09.13 08:05:28.952,1.7481,1.7486,1.00,1.00
2010.09.13 08:05:31.055,1.7481,1.7487,1.00,1.00
2010.09.13 08:05:36.069,1.7479,1.7486,1.00,1.00
2010.09.13 08:05:36.415,1.7481,1.7487,1.00,1.00
2010.09.13 08:05:37.964,1.7481,1.74875,1.00,2.30
2010.09.13 08:05:38.215,1.7481,1.74875,1.00,1.00
2010.09.13 08:05:41.795,1.748,1.7487,1.00,1.00
2010.09.13 08:05:42.240,1.748,1.7487,1.00,1.00
2010.09.13 08:05:42.472,1.74795,1.7485,1.60,1.00
2010.09.13 08:05:43.211,1.74805,1.7485,1.60,1.00
2010.09.13 08:05:43.357,1.74805,1.74875,3.20,1.00
2010.09.13 08:05:43.502,1.74805,1.74875,1.60,1.00
2010.09.13 08:05:43.641,1.748,1.74875,1.00,1.00
2010.09.13 08:05:43.829,1.748,1.74875,1.00,1.00
2010.09.13 08:05:44.913,1.748,1.7487,1.00,1.00
2010.09.13 08:05:50.273,1.748,1.7486,1.00,1.00
2010.09.13 08:05:51.251,1.7479,1.7486,1.00,1.00
2010.09.13 08:05:51.556,1.7479,1.74855,1.00,1.00
2010.09.13 08:05:52.564,1.7479,1.7486,1.00,1.00
2010.09.13 08:05:52.907,1.7479,1.7486,1.00,1.00
2010.09.13 08:05:53.256,1.7479,1.74845,1.00,1.00
2010.09.13 08:05:56.161,1.74785,1.74835,1.60,1.00
2010.09.13 08:05:56.479,1.7477,1.74835,1.00,1.00
2010.09.13 08:05:57.250,1.7476,1.74835,1.00,1.00
2010.09.13 08:05:57.537,1.7476,1.74835,1.00,3.90
2010.09.13 08:05:57.768,1.7476,1.7483,1.00,1.60
2010.09.13 08:05:58.512,1.7476,1.7483,1.00,1.60
2010.09.13 08:05:58.856,1.7477,1.7483,1.00,1.00
2010.09.13 08:06:00.121,1.7478,1.7483,1.00,1.00
2010.09.13 08:06:00.642,1.7477,1.7483,1.00,1.00
2010.09.13 08:06:03.151,1.7476,1.7483,1.00,1.00
2010.09.13 08:06:03.281,1.7477,1.7483,1.00,1.00
2010.09.13 08:06:03.411,1.7476,1.7483,1.00,1.00
2010.09.13 08:06:06.300,1.7476,1.7483,1.00,1.00
2010.09.13 08:06:06.466,1.7475,1.7482,1.00,1.00
2010.09.13 08:06:06.621,1.7476,1.7482,1.00,1.00
2010.09.13 08:06:07.182,1.7475,1.74815,1.00,1.00
2010.09.13 08:06:08.019,1.7475,1.7482,1.00,1.00
2010.09.13 08:06:08.654,1.7476,1.7482,1.00,1.00
2010.09.13 08:06:11.483,1.7476,1.7483,1.00,1.00
2010.09.13 08:06:11.826,1.7476,1.7483,1.00,1.00
2010.09.13 08:06:12.833,1.7477,1.7483,1.00,1.00
2010.09.13 08:06:14.371,1.7476,1.7483,1.00,1.00
2010.09.13 08:06:14.594,1.7477,1.7483,1.00,1.00
2010.09.13 08:06:17.677,1.7476,1.7483,1.00,1.00
2010.09.13 08:06:17.882,1.7478,1.7483,1.00,1.00
2010.09.13 08:06:18.091,1.7478,1.7483,1.00,1.00
2010.09.13 08:06:18.301,1.7477,1.7483,1.00,1.00
2010.09.13 08:06:18.850,1.7478,1.7483,1.00,1.00
2010.09.13 08:06:19.129,1.7477,1.7483,1.00,1.00
2010.09.13 08:06:19.881,1.7478,1.7483,1.00,1.00
2010.09.13 08:06:22.723,1.7478,1.7484,1.00,3.60
2010.09.13 08:06:22.847,1.7478,1.7484,1.00,1.00
2010.09.13 08:06:24.720,1.7477,1.7484,1.00,1.00
2010.09.13 08:06:26.352,1.74775,1.7484,1.00,1.00
2010.09.13 08:06:27.406,1.7478,1.7484,1.00,1.00
2010.09.13 08:06:28.061,1.7478,1.74845,1.00,1.00
2010.09.13 08:06:28.312,1.7479,1.7485,1.00,1.00
2010.09.13 08:06:29.323,1.7479,1.74845,1.00,1.00
2010.09.13 08:06:30.515,1.7479,1.7485,1.00,1.00
2010.09.13 08:06:33.802,1.748,1.7485,1.00,1.00
2010.09.13 08:06:34.004,1.7479,1.7485,2.30,1.00
2010.09.13 08:06:34.596,1.7479,1.74845,1.60,1.00
2010.09.13 08:06:34.914,1.74775,1.7483,1.60,1.00
2010.09.13 08:06:35.226,1.7475,1.74825,3.20,1.00
2010.09.13 08:06:35.804,1.7475,1.74825,1.60,1.00
2010.09.13 08:06:36.139,1.7474,1.74825,2.40,1.00
2010.09.13 08:06:36.466,1.7475,1.74825,1.00,1.00
2010.09.13 08:06:37.933,1.7474,1.74825,2.40,1.00
2010.09.13 08:06:39.001,1.7474,1.7482,1.00,2.40
2010.09.13 08:06:39.235,1.7475,1.7482,1.00,1.00
2010.09.13 08:06:39.463,1.7475,1.7483,1.00,3.20
2010.09.13 08:06:42.627,1.74745,1.7482,1.00,1.00
2010.09.13 08:06:42.761,1.74745,1.7482,1.00,1.60
2010.09.13 08:06:43.706,1.7475,1.74825,1.00,1.60
2010.09.13 08:06:43.966,1.7475,1.7483,2.10,3.20
2010.09.13 08:06:44.223,1.7476,1.7483,1.00,3.20
2010.09.13 08:06:44.482,1.7475,1.7483,2.10,1.00
2010.09.13 08:06:45.272,1.7475,1.7483,1.00,3.20
2010.09.13 08:06:50.764,1.7475,1.7483,1.00,3.20
2010.09.13 08:06:50.900,1.74755,1.7483,1.30,3.20
2010.09.13 08:06:51.030,1.74765,1.7483,1.00,3.20
2010.09.13 08:06:51.162,1.74765,1.7484,1.00,3.70
2010.09.13 08:06:53.624,1.74765,1.7484,1.00,3.60
2010.09.13 08:06:55.543,1.74765,1.7484,1.00,3.90
2010.09.13 08:06:56.620,1.74765,1.7484,1.00,4.00
2010.09.13 08:06:56.785,1.7476,1.7483,1.00,1.60
2010.09.13 08:06:58.842,1.7476,1.7483,1.00,1.60
2010.09.13 08:07:02.622,1.74765,1.7484,1.00,3.90
2010.09.13 08:07:05.291,1.74765,1.7484,1.00,2.30
2010.09.13 08:07:05.543,1.74775,1.7484,1.00,1.00
2010.09.13 08:07:06.519,1.74775,1.74845,2.00,3.60
2010.09.13 08:07:06.846,1.7478,1.74845,1.00,1.00
2010.09.13 08:07:08.270,1.7478,1.74845,1.00,1.00
2010.09.13 08:07:12.092,1.74775,1.7484,1.00,1.00
2010.09.13 08:07:13.356,1.7478,1.7484,1.00,1.00
2010.09.13 08:07:13.801,1.7478,1.74845,1.00,1.00
2010.09.13 08:07:14.352,1.7478,1.7484,1.00,1.00
2010.09.13 08:07:15.709,1.74775,1.7484,1.00,1.00
2010.09.13 08:07:16.093,1.7479,1.7484,1.00,1.00
2010.09.13 08:07:17.971,1.7478,1.7484,1.00,1.00
2010.09.13 08:07:18.619,1.74775,1.7484,1.00,1.00
2010.09.13 08:07:28.182,1.74775,1.7483,1.00,1.00
2010.09.13 08:07:29.097,1.7477,1.7484,1.00,4.00
2010.09.13 08:07:29.359,1.74765,1.7483,1.00,1.00
2010.09.13 08:07:29.860,1.7477,1.7484,1.00,4.00
2010.09.13 08:07:30.609,1.74765,1.7483,1.00,1.00
2010.09.13 08:07:34.092,1.74775,1.7483,1.00,1.00
2010.09.13 08:07:34.432,1.7477,1.7484,1.00,1.00
2010.09.13 08:07:35.259,1.7477,1.7484,1.00,4.00
2010.09.13 08:07:35.500,1.74765,1.7483,1.00,1.00
2010.09.13 08:07:36.701,1.74765,1.7484,1.00,4.00
2010.09.13 08:07:37.846,1.74765,1.7484,1.00,3.70
2010.09.13 08:07:44.153,1.74765,1.7484,1.00,5.10
2010.09.13 08:07:44.276,1.7476,1.74825,1.00,1.60
2010.09.13 08:07:45.624,1.74755,1.74825,1.00,1.60
2010.09.13 08:07:48.097,1.74755,1.74825,1.00,2.00
2010.09.13 08:07:49.906,1.7476,1.7482,1.00,3.90
2010.09.13 08:07:50.044,1.7475,1.7482,1.00,4.00
2010.09.13 08:07:50.182,1.7475,1.7482,1.00,3.90
2010.09.13 08:07:51.009,1.7475,1.7481,1.00,1.00
2010.09.13 08:07:51.360,1.7475,1.7482,1.00,3.90
2010.09.13 08:07:53.983,1.7475,1.7482,1.00,3.90
2010.09.13 08:07:58.310,1.7475,1.7482,1.00,3.60
2010.09.13 08:08:02.611,1.7475,1.7482,1.00,3.60
2010.09.13 08:08:03.348,1.7474,1.74805,1.00,1.60
2010.09.13 08:08:03.427,1.7474,1.74805,1.00,1.60
2010.09.13 08:08:03.956,1.7474,1.74805,1.00,1.60
2010.09.13 08:08:04.102,1.74735,1.74805,1.00,1.60
2010.09.13 08:08:04.683,1.7474,1.74805,1.00,1.60
2010.09.13 08:08:04.752,1.7474,1.74805,1.00,1.60
2010.09.13 08:08:05.240,1.7475,1.74805,1.00,1.60
2010.09.13 08:08:07.482,1.7474,1.748,1.00,1.00
2010.09.13 08:08:08.228,1.7474,1.748,1.00,2.30
2010.09.13 08:08:08.341,1.7474,1.748,1.00,3.90
2010.09.13 08:08:10.622,1.7474,1.748,1.00,1.00
2010.09.13 08:08:11.373,1.7474,1.74795,1.00,2.30
2010.09.13 08:08:11.663,1.7474,1.748,1.00,3.90
2010.09.13 08:08:12.554,1.7474,1.74795,1.00,1.60
2010.09.13 08:08:13.661,1.7474,1.74795,1.00,1.60
2010.09.13 08:08:14.552,1.7474,1.74795,1.00,1.60
2010.09.13 08:08:15.133,1.7473,1.74795,1.00,1.60
2010.09.13 08:08:15.876,1.74735,1.7479,1.00,3.20
2010.09.13 08:08:16.000,1.74735,1.748,1.00,1.60
2010.09.13 08:08:16.910,1.7474,1.748,1.00,1.60
2010.09.13 08:08:18.331,1.7475,1.748,1.00,1.60
2010.09.13 08:08:18.529,1.74745,1.748,1.00,1.00
2010.09.13 08:08:18.714,1.7474,1.7481,1.00,1.60
2010.09.13 08:08:19.534,1.7474,1.748,1.00,2.30
2010.09.13 08:08:19.872,1.7473,1.748,1.00,3.90
2010.09.13 08:08:20.211,1.7473,1.748,1.00,3.90
2010.09.13 08:08:21.252,1.74735,1.74805,1.00,3.20
2010.09.13 08:08:21.574,1.7473,1.748,1.00,3.90
2010.09.13 08:08:22.164,1.7473,1.748,1.00,4.00
2010.09.13 08:08:22.465,1.7473,1.748,1.00,1.00
2010.09.13 08:08:23.875,1.7474,1.74805,1.00,3.20
2010.09.13 08:08:24.080,1.7474,1.74805,1.00,3.20
2010.09.13 08:08:24.291,1.7474,1.74805,1.00,3.20
2010.09.13 08:08:24.893,1.74735,1.74805,2.00,3.20
2010.09.13 08:08:25.177,1.74745,1.74805,1.00,3.20
2010.09.13 08:08:25.464,1.74745,1.74805,2.00,1.60
2010.09.13 08:08:26.294,1.74745,1.74805,1.00,1.60
2010.09.13 08:08:26.970,1.7475,1.74805,1.00,1.60
2010.09.13 08:08:27.768,1.74755,1.74805,1.00,1.60
2010.09.13 08:08:28.022,1.7475,1.74805,1.00,1.60
2010.09.13 08:08:29.093,1.7476,1.74805,1.00,1.60
2010.09.13 08:08:30.032,1.7475,1.74805,1.00,1.60
2010.09.13 08:08:30.385,1.74755,1.74805,1.00,1.60
2010.09.13 08:08:31.280,1.7474,1.74805,1.00,3.20
2010.09.13 08:08:31.632,1.7474,1.74815,1.00,3.90
2010.09.13 08:08:32.478,1.7474,1.74785,1.30,1.00
2010.09.13 08:08:32.799,1.74745,1.74815,1.00,1.60
2010.09.13 08:08:33.116,1.74745,1.74815,1.00,3.20
2010.09.13 08:08:34.131,1.7475,1.74815,1.00,3.20
2010.09.13 08:08:35.178,1.74745,1.74815,1.00,3.20
2010.09.13 08:08:35.338,1.7475,1.74815,1.00,3.20
2010.09.13 08:08:35.492,1.74755,1.74815,1.00,3.20
2010.09.13 08:08:36.234,1.7476,1.7482,1.00,1.00
2010.09.13 08:08:36.583,1.74755,1.7482,1.00,1.00
2010.09.13 08:08:37.468,1.7476,1.7482,1.00,1.00
2010.09.13 08:08:37.749,1.74755,1.7482,1.00,1.00
2010.09.13 08:08:38.021,1.74755,1.7482,1.00,1.00
2010.09.13 08:08:39.806,1.74755,1.74825,1.00,3.60
2010.09.13 08:08:41.280,1.74755,1.74825,1.00,2.00
2010.09.13 08:08:42.691,1.74755,1.74825,1.00,1.00
2010.09.13 08:08:45.992,1.7477,1.74825,1.00,1.00
2010.09.13 08:08:47.287,1.7476,1.74825,2.10,1.00
2010.09.13 08:08:47.643,1.7476,1.74825,1.00,1.00
2010.09.13 08:08:48.514,1.7476,1.74825,2.10,1.00
2010.09.13 08:08:48.806,1.7477,1.7483,1.00,1.00
2010.09.13 08:08:50.752,1.7476,1.7483,2.10,1.00
2010.09.13 08:08:51.512,1.7476,1.7483,1.00,1.00
2010.09.13 08:08:51.789,1.7476,1.7483,1.40,1.00
2010.09.13 08:08:52.056,1.7476,1.7483,1.00,1.00
2010.09.13 08:08:52.944,1.7476,1.74835,1.00,3.20
2010.09.13 08:08:53.283,1.7476,1.7483,1.00,1.00
2010.09.13 08:08:53.859,1.7476,1.74825,1.00,1.60
2010.09.13 08:08:55.234,1.7477,1.74825,1.00,1.60
2010.09.13 08:08:55.527,1.7477,1.7484,1.00,4.90
2010.09.13 08:08:56.321,1.7477,1.7484,1.00,4.80
2010.09.13 08:08:56.669,1.7476,1.74825,1.00,1.60
2010.09.13 08:09:03.750,1.7476,1.74825,1.00,1.60
2010.09.13 08:09:03.921,1.74755,1.74825,1.00,1.60
2010.09.13 08:09:04.827,1.7475,1.7482,1.00,3.60
2010.09.13 08:09:05.117,1.7474,1.7481,1.00,1.60
2010.09.13 08:09:05.401,1.7474,1.7481,1.00,3.20
2010.09.13 08:09:06.318,1.74755,1.7481,1.00,3.20
2010.09.13 08:09:06.852,1.7477,1.7482,1.00,1.00
2010.09.13 08:09:07.408,1.74765,1.7482,1.00,1.00
2010.09.13 08:09:10.340,1.74775,1.74825,2.00,1.60
2010.09.13 08:09:10.571,1.7477,1.74835,1.00,3.90
2010.09.13 08:09:11.623,1.74775,1.7484,1.00,1.60
2010.09.13 08:09:11.969,1.74775,1.7485,1.00,4.00
2010.09.13 08:09:12.161,1.74775,1.7484,1.00,1.00
2010.09.13 08:09:13.266,1.7479,1.7485,1.00,1.60
2010.09.13 08:09:13.491,1.7478,1.74855,1.00,3.60
2010.09.13 08:09:14.622,1.7478,1.7484,1.00,1.00
2010.09.13 08:09:14.864,1.7477,1.7484,1.00,1.00
2010.09.13 08:09:15.390,1.7477,1.7484,1.00,1.00
2010.09.13 08:09:16.328,1.7477,1.7484,1.00,1.00
2010.09.13 08:09:17.070,1.7477,1.74845,1.00,3.60
2010.09.13 08:09:17.198,1.7477,1.7484,1.00,1.00
2010.09.13 08:09:17.936,1.7478,1.74845,1.00,1.00
2010.09.13 08:09:18.054,1.7478,1.7484,2.00,1.00
2010.09.13 08:09:18.936,1.74785,1.74845,1.00,1.00
2010.09.13 08:09:19.284,1.74795,1.7484,1.00,1.00
2010.09.13 08:09:20.912,1.74785,1.7484,1.00,1.00
2010.09.13 08:09:23.369,1.74785,1.74845,1.00,1.00
2010.09.13 08:09:25.871,1.74795,1.74845,1.00,1.00
2010.09.13 08:09:26.836,1.7478,1.7485,2.00,1.00
2010.09.13 08:09:27.054,1.74775,1.7484,1.00,1.00
2010.09.13 08:09:27.261,1.74775,1.7484,1.00,3.90
2010.09.13 08:09:28.542,1.74775,1.7484,1.00,4.00
2010.09.13 08:09:29.081,1.74775,1.7483,1.00,1.00
2010.09.13 08:09:29.765,1.74775,1.7484,1.00,1.00
2010.09.13 08:09:30.840,1.74775,1.7484,1.00,2.30
2010.09.13 08:09:31.188,1.7478,1.7485,1.00,2.10
2010.09.13 08:09:31.495,1.7478,1.7485,1.00,1.70
2010.09.13 08:09:32.584,1.7478,1.7484,1.00,1.00
2010.09.13 08:09:33.363,1.7478,1.7485,1.00,1.70
2010.09.13 08:09:34.249,1.74775,1.74845,1.00,3.20
2010.09.13 08:09:34.593,1.74775,1.7484,1.00,3.90
2010.09.13 08:09:35.431,1.74775,1.74845,1.00,3.20
2010.09.13 08:09:36.811,1.74775,1.7484,1.00,1.00
2010.09.13 08:09:37.002,1.7478,1.74845,1.00,3.20
2010.09.13 08:09:37.399,1.74775,1.7484,1.00,1.00
2010.09.13 08:09:38.251,1.7477,1.7484,1.00,1.00
2010.09.13 08:09:38.571,1.7478,1.7485,1.00,1.60
2010.09.13 08:09:39.423,1.7478,1.74845,1.00,1.60
2010.09.13 08:09:39.666,1.74775,1.74845,1.00,1.60
2010.09.13 08:09:39.914,1.74785,1.7484,1.00,1.00
2010.09.13 08:09:40.152,1.74795,1.7484,1.00,1.00
2010.09.13 08:09:40.924,1.74795,1.74855,1.00,1.00
2010.09.13 08:09:41.161,1.74785,1.74855,1.00,1.00
2010.09.13 08:09:42.728,1.74795,1.74855,1.00,2.00
2010.09.13 08:09:43.032,1.74785,1.74855,1.00,1.00
2010.09.13 08:09:43.617,1.7478,1.7484,1.00,1.00
2010.09.13 08:09:43.778,1.7477,1.7485,1.00,3.90
2010.09.13 08:09:44.124,1.7477,1.74845,1.00,3.20
2010.09.13 08:09:45.025,1.7478,1.7485,1.00,3.20
2010.09.13 08:09:45.295,1.74785,1.7485,1.00,1.00
2010.09.13 08:09:47.999,1.74795,1.7484,1.00,1.00
2010.09.13 08:09:49.950,1.74795,1.7486,1.00,1.00
2010.09.13 08:09:51.990,1.74795,1.7485,1.00,1.00
2010.09.13 08:09:52.212,1.74795,1.7485,1.00,1.00
2010.09.13 08:09:52.322,1.74795,1.7485,2.00,1.00
2010.09.13 08:09:52.882,1.74795,1.7485,1.00,1.00
2010.09.13 08:09:52.996,1.74785,1.7485,1.00,1.00
2010.09.13 08:09:53.305,1.74795,1.7485,1.00,1.00
2010.09.13 08:09:54.363,1.74795,1.7485,1.00,1.00
2010.09.13 08:09:55.080,1.74795,1.7486,1.00,1.00
2010.09.13 08:09:57.918,1.7481,1.7486,1.00,1.00
2010.09.13 08:09:58.143,1.748,1.7487,1.00,1.00
2010.09.13 08:09:59.431,1.748,1.7487,2.00,1.00
2010.09.13 08:09:59.662,1.74815,1.7487,1.00,1.00
2010.09.13 08:10:00.121,1.74815,1.7486,1.00,1.00
2010.09.13 08:10:01.083,1.74815,1.7488,1.00,1.00
2010.09.13 08:10:03.923,1.7481,1.7488,1.00,1.00
2010.09.13 08:10:04.303,1.74805,1.7488,1.00,1.00
2010.09.13 08:10:05.011,1.74805,1.7486,1.00,1.00
2010.09.13 08:10:05.118,1.74795,1.7486,1.00,1.00
2010.09.13 08:10:05.402,1.74795,1.7487,1.00,1.70
2010.09.13 08:10:14.272,1.74795,1.7487,1.00,1.60
2010.09.13 08:10:14.911,1.7479,1.74865,1.00,1.00
2010.09.13 08:10:15.063,1.7479,1.74865,1.00,3.90
2010.09.13 08:10:16.246,1.7479,1.7485,1.00,1.00
2010.09.13 08:10:17.918,1.7478,1.7485,1.00,1.00
2010.09.13 08:10:18.258,1.7478,1.7485,1.00,1.00
2010.09.13 08:10:19.831,1.7479,1.7485,1.00,1.00
2010.09.13 08:10:20.772,1.7479,1.74865,1.00,3.90
2010.09.13 08:10:21.401,1.7479,1.7486,1.00,1.00
2010.09.13 08:10:23.309,1.7479,1.74865,1.00,3.90
2010.09.13 08:10:24.225,1.74795,1.7486,1.00,1.00
2010.09.13 08:10:24.662,1.74795,1.7486,1.00,1.00
2010.09.13 08:10:25.278,1.74795,1.7485,1.00,1.00
2010.09.13 08:10:25.495,1.74795,1.7486,1.00,1.00
2010.09.13 08:10:26.108,1.74795,1.7486,1.00,1.00
2010.09.13 08:10:27.279,1.74805,1.7486,1.00,1.00
2010.09.13 08:10:27.572,1.74805,1.74865,1.00,1.00
2010.09.13 08:10:28.403,1.74805,1.7487,1.00,1.00
2010.09.13 08:10:30.258,1.74805,1.7485,1.00,1.00
2010.09.13 08:10:30.444,1.74805,1.7486,1.00,1.00
2010.09.13 08:10:30.813,1.74805,1.7485,1.00,1.00
2010.09.13 08:10:31.522,1.74805,1.7486,1.00,1.00
2010.09.13 08:10:33.636,1.74795,1.7486,1.00,1.00
2010.09.13 08:10:37.793,1.74805,1.7486,1.00,1.00
2010.09.13 08:10:38.617,1.7479,1.7486,1.00,1.00
2010.09.13 08:10:40.983,1.7479,1.7486,1.00,1.00
2010.09.13 08:10:41.589,1.7479,1.7486,1.00,1.00
2010.09.13 08:10:42.427,1.74795,1.7486,1.00,1.00
2010.09.13 08:10:42.712,1.74785,1.7485,1.00,1.00
2010.09.13 08:10:43.262,1.74785,1.7486,1.00,4.00
2010.09.13 08:10:43.833,1.7479,1.7486,1.00,4.00
2010.09.13 08:10:44.131,1.74785,1.7486,1.00,4.00
2010.09.13 08:10:44.435,1.74795,1.7486,1.00,1.00
2010.09.13 08:10:44.735,1.74795,1.7487,1.00,2.40
2010.09.13 08:10:45.538,1.748,1.7486,1.00,1.00
2010.09.13 08:10:45.800,1.7479,1.7486,2.00,1.00
2010.09.13 08:10:46.583,1.7479,1.7486,1.00,1.00
2010.09.13 08:10:47.261,1.7479,1.7486,1.00,1.00
2010.09.13 08:10:55.609,1.74785,1.7485,1.00,1.00
2010.09.13 08:10:55.696,1.74785,1.7486,1.00,2.40
2010.09.13 08:10:57.472,1.7479,1.7486,1.00,2.40
2010.09.13 08:10:58.576,1.748,1.7486,1.00,1.60
2010.09.13 08:10:58.870,1.74785,1.7486,1.00,2.40
2010.09.13 08:10:59.153,1.7479,1.74855,1.00,1.00
2010.09.13 08:10:59.991,1.7479,1.7486,1.00,2.40
2010.09.13 08:11:01.330,1.7479,1.7485,1.30,1.00
2010.09.13 08:11:01.684,1.7478,1.74855,1.00,3.90
2010.09.13 08:11:03.142,1.7478,1.74855,1.00,3.90
2010.09.13 08:11:03.395,1.7479,1.7485,1.00,1.00
2010.09.13 08:11:06.029,1.748,1.7485,1.00,1.00
2010.09.13 08:11:06.838,1.748,1.7487,1.00,1.00
2010.09.13 08:11:07.115,1.748,1.7486,1.00,1.00
2010.09.13 08:11:08.538,1.748,1.74875,1.00,2.30
2010.09.13 08:11:08.853,1.7479,1.74875,1.00,1.60
2010.09.13 08:11:09.706,1.748,1.7486,3.20,1.00
2010.09.13 08:11:09.977,1.7479,1.7486,2.00,1.00
2010.09.13 08:11:10.246,1.7479,1.7486,1.00,1.00
2010.09.13 08:11:13.308,1.7479,1.7487,3.60,1.00
2010.09.13 08:11:13.504,1.7479,1.7486,2.30,1.00
2010.09.13 08:11:14.210,1.7479,1.7486,1.00,1.00
2010.09.13 08:11:17.149,1.74785,1.7485,1.00,1.00
2010.09.13 08:11:17.443,1.7479,1.7486,1.00,1.00
2010.09.13 08:11:19.789,1.7479,1.7485,1.00,1.00
2010.09.13 08:11:20.422,1.7479,1.7485,1.00,1.00
2010.09.13 08:11:20.635,1.74785,1.7485,1.00,1.00
2010.09.13 08:11:21.583,1.748,1.7485,1.00,1.00
2010.09.13 08:11:22.082,1.748,1.7485,1.00,1.00
2010.09.13 08:11:22.383,1.7478,1.7485,3.30,1.00
2010.09.13 08:11:23.047,1.7478,1.7485,1.00,1.00
2010.09.13 08:11:23.355,1.7478,1.74855,1.00,1.60
2010.09.13 08:11:24.051,1.7478,1.74855,1.00,1.60
2010.09.13 08:11:26.701,1.74815,1.7487,1.00,1.70
2010.09.13 08:11:26.875,1.748,1.74855,1.60,1.60
2010.09.13 08:11:27.042,1.7479,1.74855,1.60,1.60
2010.09.13 08:11:27.211,1.7478,1.74855,1.00,1.60
2010.09.13 08:11:28.227,1.7479,1.7485,1.00,1.00
2010.09.13 08:11:28.578,1.7479,1.7486,2.00,1.00
2010.09.13 08:11:29.472,1.74815,1.74875,1.00,1.60
2010.09.13 08:11:29.758,1.74795,1.7487,1.00,2.30
2010.09.13 08:11:31.215,1.74795,1.7486,1.00,1.00
2010.09.13 08:11:31.596,1.74795,1.7487,1.00,2.40
2010.09.13 08:11:31.750,1.74795,1.7487,1.00,2.30
2010.09.13 08:11:32.667,1.748,1.74875,1.00,2.30
2010.09.13 08:11:32.954,1.74805,1.74875,1.00,1.60
2010.09.13 08:11:33.786,1.74815,1.7487,1.00,1.00
2010.09.13 08:11:34.766,1.74805,1.7487,1.00,1.00
2010.09.13 08:11:35.085,1.74805,1.7486,1.00,1.00
2010.09.13 08:11:36.475,1.74795,1.7487,1.00,1.60
2010.09.13 08:11:39.400,1.74795,1.7486,1.00,1.00
2010.09.13 08:11:43.875,1.74805,1.7486,1.00,1.00
2010.09.13 08:11:44.051,1.74805,1.7487,1.00,1.00
2010.09.13 08:11:48.298,1.7481,1.74875,1.00,1.00
2010.09.13 08:11:48.483,1.7481,1.7487,1.00,1.00
2010.09.13 08:11:51.175,1.74805,1.7487,1.00,1.00
2010.09.13 08:11:51.399,1.7481,1.7486,1.00,1.00
2010.09.13 08:11:52.082,1.74805,1.7487,1.00,1.00
2010.09.13 08:11:53.027,1.74795,1.74875,1.00,1.00
2010.09.13 08:11:53.205,1.74805,1.7487,1.00,1.60
2010.09.13 08:11:54.161,1.74805,1.7488,1.00,4.00
2010.09.13 08:11:55.721,1.74795,1.7487,1.00,1.60
2010.09.13 08:11:56.472,1.7479,1.74865,1.20,1.00
2010.09.13 08:11:57.211,1.74795,1.74865,1.00,3.20
2010.09.13 08:11:57.373,1.74795,1.7486,1.00,1.00
2010.09.13 08:11:58.573,1.748,1.7487,1.00,1.60
2010.09.13 08:12:00.672,1.74795,1.7486,1.00,1.00
2010.09.13 08:12:01.867,1.74805,1.7487,1.00,1.00
2010.09.13 08:12:02.768,1.74805,1.7488,1.00,2.00
2010.09.13 08:12:02.940,1.748,1.74875,1.00,1.00
2010.09.13 08:12:04.420,1.748,1.7487,1.00,1.00
2010.09.13 08:12:04.511,1.74785,1.7486,1.00,3.90
2010.09.13 08:12:05.345,1.7479,1.74855,1.00,2.30
2010.09.13 08:12:05.762,1.7479,1.74855,1.00,3.90
2010.09.13 08:12:19.518,1.7479,1.74855,1.00,3.90
2010.09.13 08:12:19.572,1.7479,1.74855,1.00,3.20
2010.09.13 08:12:20.344,1.748,1.7486,1.00,1.00
2010.09.13 08:12:20.839,1.748,1.7486,1.00,1.00
2010.09.13 08:12:22.772,1.74815,1.7486,1.00,1.00
2010.09.13 08:12:24.643,1.74805,1.7486,1.00,1.00
2010.09.13 08:12:25.504,1.7479,1.7486,1.00,1.00
2010.09.13 08:12:25.696,1.748,1.7486,1.00,1.10
2010.09.13 08:12:25.952,1.748,1.7486,1.00,2.70
2010.09.13 08:12:26.212,1.748,1.7486,1.00,4.30
2010.09.13 08:12:27.022,1.748,1.7486,1.00,4.30
2010.09.13 08:12:28.351,1.748,1.7486,1.00,3.60
2010.09.13 08:12:29.752,1.748,1.74855,1.00,1.00
2010.09.13 08:12:30.081,1.748,1.74855,1.00,2.30
2010.09.13 08:12:30.252,1.748,1.74855,1.00,3.90
2010.09.13 08:12:31.831,1.748,1.74855,1.00,2.30
2010.09.13 08:12:32.016,1.748,1.74855,1.00,1.00
2010.09.13 08:12:32.640,1.748,1.7486,1.00,5.20
2010.09.13 08:12:39.640,1.748,1.7486,1.00,5.20
2010.09.13 08:12:39.805,1.748,1.7486,1.00,3.60
2010.09.13 08:12:39.964,1.748,1.7486,1.00,1.00
2010.09.13 08:12:40.200,1.7481,1.7486,1.00,1.00
2010.09.13 08:12:42.291,1.748,1.7486,1.00,1.00
2010.09.13 08:12:42.607,1.7479,1.7486,1.00,1.00
2010.09.13 08:12:42.902,1.7479,1.7486,1.00,3.60
2010.09.13 08:12:45.028,1.748,1.74855,1.00,1.00
2010.09.13 08:12:45.065,1.7479,1.74855,1.00,1.00
2010.09.13 08:12:45.665,1.748,1.74855,1.00,3.20
2010.09.13 08:12:45.861,1.748,1.74855,1.00,1.60
2010.09.13 08:12:46.201,1.748,1.74855,1.00,1.00
2010.09.13 08:12:46.542,1.748,1.74855,1.00,1.60
2010.09.13 08:12:47.163,1.748,1.7486,1.00,3.60
2010.09.13 08:12:48.094,1.748,1.74855,1.00,3.60
2010.09.13 08:12:48.842,1.748,1.74855,1.00,1.00
2010.09.13 08:12:49.663,1.7481,1.74855,1.00,1.00
2010.09.13 08:12:52.062,1.7479,1.74855,1.00,1.00
2010.09.13 08:12:53.372,1.7479,1.74855,1.00,1.00
2010.09.13 08:12:53.721,1.7479,1.74855,1.00,1.00
2010.09.13 08:12:53.903,1.748,1.74855,1.00,1.00
2010.09.13 08:12:55.210,1.748,1.74855,1.00,2.00
2010.09.13 08:12:55.244,1.7479,1.74855,1.00,3.60
2010.09.13 08:12:55.909,1.7479,1.74855,1.00,1.00
2010.09.13 08:12:55.991,1.7479,1.74855,2.10,1.00
2010.09.13 08:12:56.558,1.748,1.74855,1.00,1.00
2010.09.13 08:12:57.691,1.748,1.74855,1.00,1.00
2010.09.13 08:12:58.064,1.7482,1.74855,1.00,1.00
2010.09.13 08:12:58.230,1.7482,1.7487,1.00,1.60
2010.09.13 08:13:01.816,1.748,1.7487,1.00,1.60
2010.09.13 08:13:01.945,1.748,1.7487,1.00,1.60
2010.09.13 08:13:02.606,1.748,1.74865,1.00,1.00
2010.09.13 08:13:02.739,1.748,1.74865,1.00,2.30
2010.09.13 08:13:03.584,1.748,1.74865,1.00,3.90
2010.09.13 08:13:03.923,1.74795,1.74865,1.00,3.90
2010.09.13 08:13:08.135,1.7479,1.74865,1.00,3.60
2010.09.13 08:13:11.624,1.7479,1.74865,1.00,3.60
2010.09.13 08:13:13.691,1.748,1.74865,1.00,3.60
2010.09.13 08:13:13.943,1.748,1.74865,1.00,1.00
2010.09.13 08:13:14.692,1.7479,1.7486,1.00,1.00
2010.09.13 08:13:17.592,1.748,1.7486,1.00,1.00
2010.09.13 08:13:18.356,1.7481,1.74865,1.00,3.60
2010.09.13 08:13:18.543,1.748,1.74865,1.00,3.60
2010.09.13 08:13:19.975,1.7481,1.74865,1.00,3.60
2010.09.13 08:13:21.353,1.7481,1.74865,1.00,1.00
2010.09.13 08:13:23.981,1.7481,1.74865,1.00,3.60
2010.09.13 08:13:24.239,1.748,1.74865,1.00,3.60
2010.09.13 08:13:27.500,1.748,1.74865,1.00,1.00
2010.09.13 08:13:28.331,1.748,1.7486,1.00,1.00
2010.09.13 08:13:29.009,1.7479,1.7486,1.00,1.00
2010.09.13 08:13:30.917,1.74795,1.7486,1.00,1.00
2010.09.13 08:13:36.608,1.7481,1.74865,1.00,3.90
2010.09.13 08:13:38.260,1.7481,1.74865,1.00,3.60
2010.09.13 08:13:41.793,1.7481,1.74865,1.00,1.00
2010.09.13 08:13:47.952,1.74805,1.74865,1.00,1.00
2010.09.13 08:13:48.682,1.74805,1.74875,1.00,3.60
2010.09.13 08:13:48.960,1.7481,1.74875,1.00,1.00
2010.09.13 08:13:50.162,1.748,1.7487,1.00,1.60
2010.09.13 08:13:54.321,1.748,1.7487,1.00,1.60
2010.09.13 08:13:54.512,1.748,1.74875,2.10,1.00
2010.09.13 08:13:54.740,1.7481,1.74875,1.00,1.00
2010.09.13 08:13:54.972,1.7482,1.74875,1.00,1.00
2010.09.13 08:13:55.741,1.74815,1.74875,1.00,1.00
2010.09.13 08:13:57.951,1.74815,1.7488,1.00,1.60
2010.09.13 08:13:58.062,1.7481,1.74875,1.00,1.00
2010.09.13 08:14:01.424,1.7481,1.74875,1.00,1.00
2010.09.13 08:14:02.163,1.7481,1.74875,1.00,2.30
2010.09.13 08:14:02.502,1.7481,1.74875,1.00,1.60
2010.09.13 08:14:02.843,1.7481,1.74885,1.00,3.90
2010.09.13 08:14:03.713,1.7481,1.74885,1.00,3.90
2010.09.13 08:14:05.822,1.7481,1.74875,1.00,1.00
2010.09.13 08:14:06.112,1.7481,1.74875,1.00,2.30
2010.09.13 08:14:11.621,1.7481,1.74875,1.00,2.30
2010.09.13 08:14:11.733,1.7481,1.74875,1.00,1.60
2010.09.13 08:14:12.319,1.7482,1.7488,1.00,1.00
2010.09.13 08:14:12.669,1.7482,1.74885,1.00,1.00
2010.09.13 08:14:13.548,1.7481,1.74875,1.00,1.00
2010.09.13 08:14:13.901,1.7481,1.74885,1.00,3.60
2010.09.13 08:14:15.016,1.7482,1.74885,1.00,3.60
2010.09.13 08:14:17.450,1.7482,1.74875,1.00,1.00
2010.09.13 08:14:17.601,1.7482,1.74875,1.00,2.30
2010.09.13 08:14:18.368,1.7481,1.74875,1.00,2.30
2010.09.13 08:14:19.696,1.7482,1.74875,1.00,1.60
2010.09.13 08:14:20.595,1.7482,1.74885,1.00,1.00
2010.09.13 08:14:21.051,1.7482,1.74885,1.00,1.10
2010.09.13 08:14:21.913,1.7482,1.74885,1.00,4.30
2010.09.13 08:14:23.273,1.7482,1.74875,1.00,1.60
2010.09.13 08:14:23.562,1.7482,1.74885,1.00,4.30
2010.09.13 08:14:24.343,1.7482,1.74885,1.00,4.30
2010.09.13 08:14:25.233,1.7483,1.74885,1.00,1.00
2010.09.13 08:14:26.701,1.7482,1.74885,1.40,1.00
2010.09.13 08:14:27.024,1.7482,1.74885,1.00,3.90
2010.09.13 08:14:29.871,1.74825,1.74885,1.00,3.20
2010.09.13 08:14:30.182,1.74825,1.7488,1.00,1.00
2010.09.13 08:14:31.016,1.74825,1.74885,1.00,3.20
2010.09.13 08:14:31.253,1.7482,1.74885,1.00,3.90
2010.09.13 08:14:32.996,1.7482,1.74885,1.30,1.00
2010.09.13 08:14:33.303,1.74815,1.74885,1.00,3.90
2010.09.13 08:14:38.113,1.7481,1.74875,2.20,1.00
2010.09.13 08:14:38.243,1.7481,1.74875,2.20,2.30
2010.09.13 08:14:39.157,1.7481,1.74875,2.10,2.30
2010.09.13 08:14:39.334,1.7482,1.74875,1.00,1.00
2010.09.13 08:14:39.515,1.7482,1.7488,1.00,1.70
2010.09.13 08:14:39.693,1.7482,1.7488,1.00,1.00
2010.09.13 08:14:47.184,1.74815,1.7488,1.00,1.00
2010.09.13 08:14:49.154,1.7481,1.74875,2.20,1.00
2010.09.13 08:14:49.476,1.74815,1.7488,1.00,1.00
2010.09.13 08:14:50.501,1.7482,1.7488,1.00,1.00
2010.09.13 08:14:51.110,1.7482,1.74875,1.00,2.30
2010.09.13 08:14:51.299,1.7481,1.74875,2.10,2.30
2010.09.13 08:14:51.711,1.7482,1.74875,1.00,2.30
2010.09.13 08:14:52.679,1.7481,1.74875,2.00,2.30
2010.09.13 08:14:53.263,1.7481,1.74875,2.20,2.30
2010.09.13 08:14:57.637,1.74815,1.74875,1.00,2.30
2010.09.13 08:14:58.127,1.7482,1.74875,1.00,2.30
2010.09.13 08:15:05.293,1.7482,1.74875,1.00,1.60
2010.09.13 08:15:07.295,1.7482,1.74875,1.00,2.30
2010.09.13 08:15:12.153,1.7482,1.74875,1.00,3.60
2010.09.13 08:15:12.313,1.7482,1.74865,1.00,1.60
2010.09.13 08:15:12.477,1.7482,1.7486,1.00,2.30
2010.09.13 08:15:13.416,1.7482,1.7487,1.00,2.30
2010.09.13 08:15:14.447,1.7482,1.7487,1.00,1.00
2010.09.13 08:15:15.878,1.7482,1.7486,1.00,1.00
2010.09.13 08:15:16.642,1.7481,1.7486,1.00,1.00
2010.09.13 08:15:18.393,1.7482,1.7486,1.00,1.00
2010.09.13 08:15:18.815,1.7481,1.7486,1.00,1.00
2010.09.13 08:15:19.364,1.7482,1.7486,1.00,1.00
2010.09.13 08:15:19.803,1.7481,1.7486,1.00,1.00
2010.09.13 08:15:21.526,1.7482,1.7486,1.00,1.00
2010.09.13 08:15:21.863,1.7481,1.7486,1.00,1.00
2010.09.13 08:15:32.722,1.7482,1.7486,1.00,1.00
2010.09.13 08:15:34.453,1.7482,1.74865,1.00,4.90
2010.09.13 08:15:34.537,1.7482,1.74865,1.00,1.70
2010.09.13 08:15:34.625,1.7482,1.74865,1.00,1.00
2010.09.13 08:15:38.191,1.7482,1.7487,1.00,2.30
2010.09.13 08:15:47.827,1.7482,1.7487,1.00,1.00
2010.09.13 08:15:48.845,1.7482,1.7487,1.00,1.50
2010.09.13 08:15:48.972,1.7482,1.7487,1.00,1.70
2010.09.13 08:15:49.124,1.748,1.74845,2.00,1.60
2010.09.13 08:15:49.275,1.7479,1.74845,1.00,1.00
2010.09.13 08:15:49.980,1.74805,1.74855,1.30,1.00
2010.09.13 08:15:50.277,1.748,1.74855,1.00,1.00
2010.09.13 08:15:51.108,1.74795,1.74855,1.00,1.00
2010.09.13 08:15:51.934,1.748,1.74855,1.00,1.00
2010.09.13 08:15:54.595,1.74795,1.74855,1.00,1.00
2010.09.13 08:15:56.011,1.748,1.7486,1.00,4.50
2010.09.13 08:15:56.076,1.748,1.7486,1.00,1.30
2010.09.13 08:15:56.659,1.7481,1.7486,1.00,1.30
2010.09.13 08:15:57.021,1.7481,1.7487,1.00,1.00
2010.09.13 08:15:58.201,1.7481,1.7488,1.00,2.30
2010.09.13 08:15:58.495,1.7481,1.7488,1.00,2.30
2010.09.13 08:15:58.800,1.7481,1.7487,1.00,1.60
2010.09.13 08:15:59.094,1.7481,1.7487,1.00,3.90
2010.09.13 08:15:59.637,1.7481,1.7487,1.00,2.30
2010.09.13 08:15:59.968,1.7481,1.7487,1.00,3.90
2010.09.13 08:16:00.396,1.7481,1.7487,1.00,3.90
2010.09.13 08:16:01.982,1.748,1.7487,1.00,3.90
2010.09.13 08:16:02.101,1.7481,1.7487,1.00,1.60
2010.09.13 08:16:02.222,1.7481,1.7488,1.00,2.40
2010.09.13 08:16:03.201,1.7482,1.7488,1.00,2.30
2010.09.13 08:16:03.885,1.7482,1.7488,1.00,2.30
2010.09.13 08:16:05.862,1.7481,1.7488,1.00,2.30
2010.09.13 08:16:06.483,1.7482,1.7488,1.00,1.60
2010.09.13 08:16:06.753,1.7482,1.7488,2.20,1.60
2010.09.13 08:16:07.538,1.7482,1.74885,2.20,1.00
2010.09.13 08:16:07.812,1.7483,1.74885,1.00,1.00
2010.09.13 08:16:22.184,1.7482,1.74885,2.10,1.00
2010.09.13 08:16:22.424,1.7482,1.74885,2.00,1.00
2010.09.13 08:16:22.783,1.7482,1.7488,2.00,1.60
2010.09.13 08:16:23.343,1.7482,1.7488,1.30,2.30
2010.09.13 08:16:23.682,1.7481,1.7488,1.00,2.30
2010.09.13 08:16:38.104,1.7482,1.7488,2.00,1.60
2010.09.13 08:16:38.361,1.74825,1.74885,1.00,1.00
2010.09.13 08:16:39.384,1.74825,1.74895,1.00,5.50
2010.09.13 08:16:39.690,1.7482,1.74885,2.20,1.00
2010.09.13 08:16:40.056,1.7482,1.74885,2.00,1.00
2010.09.13 08:16:40.352,1.7482,1.74885,2.20,1.00
2010.09.13 08:16:41.121,1.7482,1.74885,2.00,1.00
2010.09.13 08:16:43.412,1.7482,1.74885,2.20,1.00
2010.09.13 08:16:43.682,1.7483,1.74885,1.00,1.00
2010.09.13 08:16:46.428,1.7482,1.74885,2.00,1.00
2010.09.13 08:16:46.662,1.7482,1.74885,1.00,2.00
2010.09.13 08:16:46.694,1.7482,1.7488,1.00,1.00
2010.09.13 08:16:46.775,1.7481,1.7488,1.00,1.00
2010.09.13 08:16:46.803,1.7482,1.7488,1.00,1.00
2010.09.13 08:16:46.874,1.7482,1.7488,1.00,2.30
2010.09.13 08:16:47.454,1.7481,1.7488,1.00,3.90
2010.09.13 08:16:48.134,1.7481,1.7488,1.00,3.90
2010.09.13 08:16:49.337,1.7481,1.7488,1.00,3.90
2010.09.13 08:16:49.674,1.7481,1.7488,1.00,3.60
2010.09.13 08:16:52.500,1.7481,1.7488,2.00,3.60
2010.09.13 08:16:52.808,1.748,1.7487,1.00,1.00
2010.09.13 08:16:52.961,1.748,1.74865,1.00,1.60
2010.09.13 08:16:55.838,1.7482,1.7488,1.00,1.00
2010.09.13 08:16:57.059,1.7482,1.7488,1.00,1.00
2010.09.13 08:16:58.893,1.7482,1.7488,1.00,3.60
2010.09.13 08:16:59.149,1.7481,1.7488,1.00,3.60
2010.09.13 08:17:01.672,1.7481,1.7487,1.00,1.00
2010.09.13 08:17:02.506,1.7481,1.7487,1.00,2.30
2010.09.13 08:17:02.842,1.7481,1.7487,1.00,2.30
2010.09.13 08:17:03.185,1.7481,1.7487,1.00,1.00
2010.09.13 08:17:03.892,1.74815,1.7487,1.30,1.00
2010.09.13 08:17:04.173,1.7482,1.74875,1.00,1.00
2010.09.13 08:17:05.202,1.7481,1.7487,1.00,2.00
2010.09.13 08:17:05.498,1.7481,1.74875,1.00,2.00
2010.09.13 08:17:05.935,1.7481,1.74875,1.00,2.00
2010.09.13 08:17:06.672,1.7482,1.74875,1.00,2.00
2010.09.13 08:17:06.957,1.7481,1.7487,1.00,2.30
2010.09.13 08:17:07.239,1.7481,1.7487,1.00,3.60
2010.09.13 08:17:07.515,1.7481,1.7487,1.00,2.30
2010.09.13 08:17:10.013,1.7481,1.74865,1.00,1.00
2010.09.13 08:17:10.123,1.7481,1.74865,1.00,3.90
2010.09.13 08:17:11.034,1.748,1.74865,1.00,3.90
2010.09.13 08:17:14.135,1.74795,1.74865,1.00,3.90
2010.09.13 08:17:18.890,1.748,1.74865,1.00,3.90
2010.09.13 08:17:19.510,1.748,1.7486,1.00,1.60
2010.09.13 08:17:19.729,1.74795,1.74855,1.00,1.00
2010.09.13 08:17:25.422,1.7481,1.7487,1.00,2.30
2010.09.13 08:17:25.699,1.74805,1.7487,2.00,2.40
2010.09.13 08:17:26.526,1.7481,1.7487,1.00,1.00
2010.09.13 08:17:28.564,1.7482,1.7487,1.00,1.00
2010.09.13 08:17:29.346,1.74825,1.7487,1.00,1.00
2010.09.13 08:17:29.655,1.7482,1.7487,1.00,1.00
2010.09.13 08:17:31.346,1.74815,1.7487,2.00,1.00
2010.09.13 08:17:32.907,1.74805,1.7487,2.00,1.00
2010.09.13 08:17:33.188,1.74805,1.7487,2.00,1.00
2010.09.13 08:17:33.757,1.74805,1.7487,1.00,2.00
2010.09.13 08:17:34.108,1.7481,1.74865,1.00,3.60
2010.09.13 08:17:34.464,1.74795,1.74865,1.00,3.60
2010.09.13 08:17:35.340,1.7479,1.74855,1.00,2.00
2010.09.13 08:17:35.695,1.7479,1.74855,2.20,1.00
2010.09.13 08:17:36.039,1.74805,1.74865,1.00,2.90
2010.09.13 08:17:36.195,1.74805,1.7486,1.00,1.60
2010.09.13 08:17:36.900,1.74805,1.74855,1.00,1.30
2010.09.13 08:17:37.058,1.7479,1.74855,1.00,2.00
2010.09.13 08:17:39.096,1.74795,1.74855,1.00,1.30
2010.09.13 08:17:39.260,1.74795,1.74865,1.00,5.20
2010.09.13 08:17:43.139,1.74795,1.74865,1.00,3.60
2010.09.13 08:17:45.592,1.748,1.74865,1.00,3.60
2010.09.13 08:17:45.704,1.74805,1.7487,1.00,3.80
2010.09.13 08:17:45.803,1.74805,1.7487,1.00,2.00
2010.09.13 08:17:45.905,1.74805,1.7487,1.00,3.60
2010.09.13 08:17:46.565,1.74805,1.7487,1.00,2.00
2010.09.13 08:17:48.473,1.74805,1.74865,1.00,1.00
2010.09.13 08:17:50.720,1.7479,1.74855,2.20,1.00
2010.09.13 08:17:51.044,1.748,1.74855,1.00,1.00
2010.09.13 08:17:51.442,1.7479,1.74855,2.00,1.00
2010.09.13 08:17:51.582,1.74805,1.7486,1.00,1.30
2010.09.13 08:17:51.722,1.74805,1.7486,1.00,2.90
2010.09.13 08:17:52.348,1.748,1.74855,1.00,1.00
2010.09.13 08:17:52.899,1.7479,1.74855,2.10,3.90
2010.09.13 08:17:53.054,1.7479,1.74855,2.10,1.00
2010.09.13 08:17:53.202,1.748,1.74855,1.00,1.00
2010.09.13 08:17:54.413,1.7479,1.74855,2.00,1.00
2010.09.13 08:17:54.647,1.7479,1.74855,2.20,3.90
2010.09.13 08:17:54.875,1.74795,1.74865,1.00,2.30
2010.09.13 08:17:56.195,1.74795,1.7486,1.00,1.40
2010.09.13 08:17:56.443,1.7479,1.74855,2.10,1.00
2010.09.13 08:18:04.542,1.74795,1.74855,1.00,1.00
2010.09.13 08:18:08.562,1.7479,1.74855,1.40,1.00
2010.09.13 08:18:08.904,1.74785,1.74855,1.00,3.90
2010.09.13 08:18:09.096,1.74795,1.7486,1.00,1.70
2010.09.13 08:18:09.628,1.74795,1.7486,1.00,1.00
2010.09.13 08:18:11.865,1.748,1.74855,1.00,1.00
2010.09.13 08:18:12.026,1.74795,1.74855,1.00,1.00
2010.09.13 08:18:13.077,1.74795,1.74855,1.00,2.00
2010.09.13 08:18:13.368,1.7478,1.7484,1.00,2.30
2010.09.13 08:18:14.283,1.7478,1.7484,1.00,2.30
2010.09.13 08:18:14.570,1.7479,1.7485,1.00,3.20
2010.09.13 08:18:15.134,1.7479,1.74855,1.00,5.20
2010.09.13 08:18:15.852,1.7479,1.7485,1.00,3.20
2010.09.13 08:18:16.234,1.74795,1.7485,1.00,3.20
2010.09.13 08:18:16.425,1.7479,1.7484,1.00,1.60
2010.09.13 08:18:17.453,1.7479,1.7485,1.00,3.20
2010.09.13 08:18:20.078,1.74795,1.74855,1.00,1.00
2010.09.13 08:18:23.737,1.74805,1.74855,2.00,1.00
2010.09.13 08:18:24.337,1.74805,1.74855,1.30,1.00
2010.09.13 08:18:24.672,1.74785,1.74855,1.00,3.90
2010.09.13 08:18:25.836,1.74795,1.74855,1.00,1.00
2010.09.13 08:18:26.060,1.748,1.7485,1.00,1.00
2010.09.13 08:18:26.274,1.748,1.74855,1.00,1.00
2010.09.13 08:18:26.494,1.74785,1.74855,1.00,1.00
2010.09.13 08:18:27.411,1.74785,1.74845,1.00,1.00
2010.09.13 08:18:27.710,1.74795,1.74855,2.00,1.00
2010.09.13 08:18:28.004,1.748,1.74855,1.00,1.00
2010.09.13 08:18:28.807,1.748,1.7486,1.00,1.60
2010.09.13 08:18:29.563,1.7481,1.7486,1.00,1.60
2010.09.13 08:18:30.488,1.7481,1.7487,2.00,1.00
2010.09.13 08:18:31.895,1.7481,1.7487,2.00,1.00
2010.09.13 08:18:32.003,1.74815,1.7487,1.00,1.00
2010.09.13 08:18:32.116,1.74815,1.7487,2.00,1.00
2010.09.13 08:18:32.924,1.74815,1.7487,1.30,1.00
2010.09.13 08:18:35.160,1.7481,1.7487,1.00,1.00
2010.09.13 08:18:35.913,1.7481,1.7486,1.00,1.00
2010.09.13 08:18:36.175,1.74815,1.7487,1.00,1.00
2010.09.13 08:18:36.996,1.7481,1.7487,2.00,1.00
2010.09.13 08:18:37.258,1.74815,1.7487,1.00,1.00
2010.09.13 08:18:38.465,1.74815,1.7488,1.00,3.30
2010.09.13 08:18:38.718,1.74825,1.7488,1.00,1.70
2010.09.13 08:18:38.967,1.74825,1.7488,1.00,1.00
2010.09.13 08:18:40.766,1.7482,1.7488,1.30,1.00
2010.09.13 08:18:41.524,1.7482,1.7487,1.30,1.00
2010.09.13 08:18:41.761,1.7481,1.7487,1.00,3.20
2010.09.13 08:18:42.536,1.7482,1.7487,1.30,1.60
2010.09.13 08:18:42.798,1.74825,1.74885,1.00,1.00
2010.09.13 08:18:44.264,1.74825,1.7489,2.00,3.30
2010.09.13 08:18:44.503,1.74825,1.7489,2.00,1.00
2010.09.13 08:18:45.452,1.74825,1.74885,1.00,1.00
2010.09.13 08:18:45.801,1.7484,1.7489,1.00,1.00
2010.09.13 08:18:46.955,1.7485,1.74895,1.00,1.00
2010.09.13 08:18:47.244,1.7485,1.7489,1.00,1.00
2010.09.13 08:18:48.137,1.7484,1.7489,1.00,1.00
2010.09.13 08:18:53.002,1.7483,1.74895,2.00,1.00
2010.09.13 08:18:55.521,1.74835,1.7489,1.00,1.00
2010.09.13 08:18:55.698,1.74845,1.7489,1.30,1.00
2010.09.13 08:18:55.867,1.74845,1.7489,2.00,1.00
2010.09.13 08:19:00.126,1.74835,1.7489,1.00,1.00
2010.09.13 08:19:01.530,1.74845,1.7488,2.00,1.00
2010.09.13 08:19:01.741,1.7483,1.74895,2.00,1.00
2010.09.13 08:19:02.691,1.7483,1.7489,2.00,1.00
2010.09.13 08:19:04.382,1.7482,1.7489,2.00,1.00
2010.09.13 08:19:05.007,1.7483,1.7489,1.30,1.00
2010.09.13 08:19:05.546,1.7482,1.74885,1.00,1.30
2010.09.13 08:19:05.842,1.7483,1.7487,1.30,1.00
2010.09.13 08:19:06.138,1.7482,1.7487,1.00,1.00
2010.09.13 08:19:06.971,1.7482,1.7488,1.00,1.00
2010.09.13 08:19:07.242,1.7482,1.7487,1.00,1.00
2010.09.13 08:19:08.586,1.7482,1.7488,1.00,1.00
2010.09.13 08:19:08.845,1.7482,1.7487,1.00,1.00
2010.09.13 08:19:09.668,1.7482,1.74885,1.00,2.00
2010.09.13 08:19:10.274,1.7482,1.74885,2.00,1.00
2010.09.13 08:19:11.624,1.7482,1.7488,2.00,1.00
2010.09.13 08:19:12.126,1.7482,1.7487,1.00,1.00
2010.09.13 08:19:13.354,1.7482,1.7488,1.00,1.00
2010.09.13 08:19:14.921,1.7482,1.74885,1.00,2.00
2010.09.13 08:19:15.395,1.7482,1.7488,1.00,1.00
2010.09.13 08:19:17.136,1.7482,1.7488,2.00,1.00
2010.09.13 08:19:20.012,1.7483,1.7488,2.00,1.00
2010.09.13 08:19:20.248,1.7482,1.7488,1.00,1.00
2010.09.13 08:19:20.926,1.7482,1.7488,2.00,1.00
2010.09.13 08:19:22.388,1.7482,1.7488,1.00,1.00
2010.09.13 08:19:22.792,1.7482,1.74885,1.00,2.00
2010.09.13 08:19:24.934,1.7482,1.74885,1.00,2.00
2010.09.13 08:19:25.686,1.74825,1.74885,1.30,1.00
2010.09.13 08:19:25.851,1.7482,1.74885,1.00,2.00
2010.09.13 08:19:26.174,1.74825,1.74885,1.30,1.00
2010.09.13 08:19:26.807,1.7482,1.74885,1.00,2.00
2010.09.13 08:19:27.159,1.7482,1.7489,2.00,3.20
2010.09.13 08:19:27.505,1.7482,1.7489,2.00,1.00
2010.09.13 08:19:27.845,1.7482,1.7488,2.00,1.00
2010.09.13 08:19:28.998,1.7482,1.74885,1.00,2.00
2010.09.13 08:19:29.224,1.7482,1.7489,2.00,2.10
2010.09.13 08:19:29.442,1.7482,1.7489,2.00,1.00
2010.09.13 08:19:30.055,1.7482,1.7489,2.00,1.00
2010.09.13 08:19:39.243,1.7482,1.74885,1.00,1.30
2010.09.13 08:19:39.415,1.7482,1.7488,1.00,1.00
2010.09.13 08:19:40.035,1.7482,1.7488,1.00,1.00
2010.09.13 08:19:40.386,1.7482,1.7488,1.00,1.00
2010.09.13 08:19:40.738,1.7482,1.7488,1.00,1.30
2010.09.13 08:19:41.496,1.7481,1.7488,1.00,2.10
2010.09.13 08:19:41.736,1.7481,1.7488,1.00,3.70
2010.09.13 08:19:42.841,1.7481,1.7487,1.00,1.00
2010.09.13 08:19:45.155,1.74815,1.7488,1.30,1.00
2010.09.13 08:19:45.326,1.7481,1.7488,1.00,2.10
2010.09.13 08:19:45.495,1.7482,1.7488,1.00,2.40
2010.09.13 08:19:46.221,1.7481,1.7488,1.00,3.70
2010.09.13 08:19:46.546,1.7481,1.7487,1.00,1.00
2010.09.13 08:19:47.740,1.7481,1.7488,1.00,3.70
2010.09.13 08:19:48.082,1.7482,1.7488,1.00,2.40
2010.09.13 08:19:48.253,1.7482,1.7488,1.00,1.00
2010.09.13 08:19:49.424,1.7482,1.7488,1.00,1.00
2010.09.13 08:19:54.799,1.7483,1.74885,1.00,1.30
2010.09.13 08:19:55.107,1.7482,1.7489,2.10,1.00
2010.09.13 08:19:56.329,1.7482,1.7488,1.00,1.00
2010.09.13 08:20:01.487,1.7482,1.7489,2.00,1.00
2010.09.13 08:20:01.896,1.7483,1.7489,1.00,1.00
2010.09.13 08:20:02.561,1.7483,1.7489,2.00,1.00
2010.09.13 08:20:03.341,1.7483,1.7488,2.00,1.00
2010.09.13 08:20:03.683,1.7483,1.7489,2.00,1.00
2010.09.13 08:20:04.616,1.7483,1.7489,2.10,1.00
2010.09.13 08:20:08.542,1.7483,1.74895,2.10,1.00
2010.09.13 08:20:08.846,1.7483,1.7489,2.00,1.00
2010.09.13 08:20:10.835,1.7483,1.74895,2.10,1.00
2010.09.13 08:20:12.663,1.74835,1.749,1.00,1.80
2010.09.13 08:20:12.842,1.7483,1.74895,2.10,1.00
2010.09.13 08:20:13.701,1.7483,1.7489,2.00,1.00
2010.09.13 08:20:14.003,1.74835,1.749,1.00,2.00
2010.09.13 08:20:14.855,1.74835,1.749,1.00,1.00
2010.09.13 08:20:15.794,1.74845,1.749,2.00,1.00
2010.09.13 08:20:16.121,1.74845,1.7489,2.00,1.00
2010.09.13 08:20:16.453,1.74835,1.749,1.00,1.00
2010.09.13 08:20:17.664,1.74845,1.74905,1.00,1.00
2010.09.13 08:20:18.784,1.74845,1.7491,1.00,3.80
2010.09.13 08:20:19.024,1.74845,1.7491,2.00,1.00
2010.09.13 08:20:19.342,1.74845,1.7491,2.00,1.00
2010.09.13 08:20:20.615,1.7485,1.7491,1.00,1.00
2010.09.13 08:20:21.194,1.74835,1.7491,2.00,2.20
2010.09.13 08:20:21.957,1.7485,1.74905,1.00,1.60
2010.09.13 08:20:22.653,1.7485,1.7491,1.00,1.00
2010.09.13 08:20:23.418,1.74845,1.7491,2.00,1.00
2010.09.13 08:20:26.063,1.74845,1.7491,2.00,1.00
2010.09.13 08:20:26.635,1.74845,1.7491,2.00,1.00
2010.09.13 08:20:29.655,1.74845,1.7491,2.00,1.00
2010.09.13 08:20:29.993,1.74845,1.7491,2.00,1.00
2010.09.13 08:20:30.338,1.74845,1.749,1.00,1.60
2010.09.13 08:20:31.221,1.74835,1.749,1.00,2.30
2010.09.13 08:20:31.539,1.74835,1.749,1.00,2.40
2010.09.13 08:20:31.856,1.74835,1.749,1.00,2.40
2010.09.13 08:20:32.064,1.74835,1.7489,1.00,1.00
2010.09.13 08:20:32.817,1.74835,1.7489,1.00,1.00
2010.09.13 08:20:33.023,1.74835,1.7489,1.00,1.00
2010.09.13 08:20:33.283,1.74835,1.749,1.00,2.40
2010.09.13 08:20:33.547,1.7485,1.74905,1.00,2.90
2010.09.13 08:20:34.349,1.7485,1.74905,1.00,1.60
2010.09.13 08:20:37.519,1.7484,1.74905,1.00,1.60
2010.09.13 08:20:40.564,1.74845,1.749,1.30,1.00
2010.09.13 08:20:40.812,1.7485,1.749,1.00,1.00
2010.09.13 08:20:52.292,1.7485,1.7491,1.00,1.00
2010.09.13 08:20:53.837,1.7485,1.74915,1.00,5.20
2010.09.13 08:20:54.192,1.7486,1.749,1.00,1.00
2010.09.13 08:20:59.596,1.7486,1.74915,1.00,1.60
2010.09.13 08:20:59.741,1.7485,1.74915,1.00,5.20
2010.09.13 08:21:00.898,1.7485,1.74915,1.00,3.60
2010.09.13 08:21:01.185,1.7486,1.7491,1.00,1.00
2010.09.13 08:21:02.575,1.7485,1.7491,1.00,1.00
2010.09.13 08:21:03.013,1.7485,1.749,1.00,1.00
2010.09.13 08:21:03.626,1.7485,1.7491,1.00,1.00
2010.09.13 08:21:05.777,1.7485,1.7491,2.00,1.00
2010.09.13 08:21:05.942,1.7485,1.7492,2.00,3.30
2010.09.13 08:21:06.954,1.7485,1.7491,2.20,1.00
2010.09.13 08:21:07.630,1.74865,1.7491,1.00,1.00
2010.09.13 08:21:08.912,1.74865,1.7492,1.00,2.10
2010.09.13 08:21:12.703,1.74865,1.7492,1.00,2.00
2010.09.13 08:21:12.924,1.74865,1.7492,1.00,2.10
2010.09.13 08:21:14.845,1.7485,1.749,2.00,1.00
2010.09.13 08:21:15.786,1.7485,1.749,1.00,1.00
2010.09.13 08:21:16.798,1.7485,1.7491,1.00,1.00
2010.09.13 08:21:17.099,1.7485,1.749,1.00,1.00
2010.09.13 08:21:18.249,1.7486,1.749,1.00,1.00
2010.09.13 08:21:18.595,1.7485,1.7492,2.00,5.30
2010.09.13 08:21:19.718,1.7486,1.7492,1.00,5.30
2010.09.13 08:21:19.955,1.7485,1.7492,2.00,5.30
2010.09.13 08:21:20.184,1.7485,1.7492,2.00,5.20
2010.09.13 08:21:25.093,1.7485,1.7492,2.00,5.30
2010.09.13 08:21:25.297,1.7485,1.74915,2.00,3.20
2010.09.13 08:21:25.988,1.7485,1.7491,1.00,1.00
2010.09.13 08:21:27.704,1.7485,1.749,1.00,1.00
2010.09.13 08:21:27.996,1.7485,1.7491,1.00,1.00
2010.09.13 08:21:28.268,1.7485,1.7491,2.00,1.00
2010.09.13 08:21:29.085,1.7485,1.7491,2.00,1.00
2010.09.13 08:21:30.288,1.7486,1.7491,1.00,1.00
2010.09.13 08:21:30.795,1.7486,1.7491,1.00,1.00
2010.09.13 08:21:32.465,1.7486,1.7491,1.00,1.00
2010.09.13 08:21:34.956,1.7486,1.7491,1.00,1.00
2010.09.13 08:21:35.805,1.7486,1.7491,1.00,1.00
2010.09.13 08:21:36.153,1.7486,1.7491,1.00,1.00
2010.09.13 08:21:37.311,1.7486,1.749,1.00,1.00
2010.09.13 08:21:37.590,1.7486,1.7491,1.00,1.00
2010.09.13 08:21:37.765,1.7486,1.7491,1.00,1.00
2010.09.13 08:21:37.944,1.74855,1.7491,1.30,1.00
2010.09.13 08:21:39.571,1.7485,1.749,1.00,1.60
2010.09.13 08:21:39.725,1.7485,1.74915,1.00,1.00
2010.09.13 08:21:40.325,1.7485,1.7491,1.00,1.00
2010.09.13 08:21:41.723,1.7485,1.74915,1.00,1.00
2010.09.13 08:21:42.168,1.7485,1.74915,1.00,1.00
2010.09.13 08:21:42.405,1.74865,1.74915,1.00,1.00
2010.09.13 08:21:43.504,1.7487,1.74915,1.30,1.00
2010.09.13 08:21:44.368,1.74875,1.74915,1.00,1.00
2010.09.13 08:21:44.631,1.7485,1.74915,2.20,1.00
2010.09.13 08:21:47.297,1.7486,1.74915,1.00,1.00
2010.09.13 08:21:48.083,1.7486,1.74915,1.00,1.00
2010.09.13 08:21:48.263,1.7486,1.7492,1.00,1.00
2010.09.13 08:21:49.633,1.74875,1.7492,1.00,1.00
2010.09.13 08:21:51.302,1.7486,1.7492,1.00,1.00
2010.09.13 08:21:51.600,1.7486,1.7492,1.00,1.00
2010.09.13 08:21:53.247,1.7486,1.7492,2.20,1.00
2010.09.13 08:21:53.898,1.74865,1.7492,1.00,1.00
2010.09.13 08:21:56.303,1.7486,1.7492,1.00,1.00
2010.09.13 08:21:58.123,1.7486,1.74915,1.00,1.00
2010.09.13 08:22:01.012,1.74865,1.74915,1.00,1.00
2010.09.13 08:22:05.624,1.74875,1.74915,1.00,1.00
2010.09.13 08:22:06.272,1.7488,1.74915,1.00,1.00
2010.09.13 08:22:06.467,1.74885,1.74915,1.30,1.00
2010.09.13 08:22:07.199,1.7489,1.74915,1.00,1.00
2010.09.13 08:22:07.535,1.7486,1.74915,1.00,1.00
2010.09.13 08:22:07.873,1.7486,1.7491,1.00,1.00
2010.09.13 08:22:08.800,1.74865,1.7492,1.00,1.00
2010.09.13 08:22:09.114,1.74865,1.7491,1.00,1.00
2010.09.13 08:22:10.670,1.7486,1.7491,1.50,1.00
2010.09.13 08:22:10.911,1.74865,1.7491,1.00,1.00
2010.09.13 08:22:11.800,1.7486,1.7491,1.00,1.00
2010.09.13 08:22:12.017,1.7486,1.7493,1.00,1.00
2010.09.13 08:22:12.287,1.7486,1.7492,1.00,3.20
2010.09.13 08:22:13.041,1.7486,1.7491,1.00,1.00
2010.09.13 08:22:13.664,1.7486,1.7492,1.00,4.00
2010.09.13 08:22:15.326,1.7486,1.7492,1.00,4.00
2010.09.13 08:22:16.281,1.7486,1.7491,1.00,1.00
2010.09.13 08:22:17.143,1.7485,1.7491,1.00,1.00
2010.09.13 08:22:17.308,1.74845,1.74895,1.30,1.00
2010.09.13 08:22:18.125,1.7484,1.74895,1.00,1.00
2010.09.13 08:22:18.411,1.74835,1.749,2.00,3.60
2010.09.13 08:22:18.616,1.74835,1.7489,2.00,1.00
2010.09.13 08:22:19.549,1.74835,1.749,2.00,1.00
2010.09.13 08:22:21.493,1.74845,1.749,2.00,1.00
2010.09.13 08:22:21.691,1.7485,1.749,1.00,1.00
2010.09.13 08:22:21.938,1.7487,1.7491,1.00,1.60
2010.09.13 08:22:22.765,1.74845,1.749,1.30,1.00
2010.09.13 08:22:23.067,1.74845,1.74905,2.00,1.00
2010.09.13 08:22:24.533,1.74845,1.749,2.00,1.00
2010.09.13 08:22:25.096,1.7487,1.7491,1.00,3.20
2010.09.13 08:22:25.775,1.7487,1.7493,2.00,1.00
2010.09.13 08:22:26.041,1.7487,1.7491,2.00,1.00
2010.09.13 08:22:26.673,1.74865,1.7491,1.00,1.00
2010.09.13 08:22:27.733,1.7486,1.7491,1.00,1.00
2010.09.13 08:22:27.927,1.74865,1.7492,1.00,1.00
2010.09.13 08:22:28.128,1.7487,1.7492,1.30,1.00
2010.09.13 08:22:28.963,1.7487,1.7493,1.30,1.00
2010.09.13 08:22:29.255,1.7487,1.7492,2.00,1.00
2010.09.13 08:22:29.541,1.74875,1.7492,1.00,1.00
2010.09.13 08:22:30.123,1.7485,1.7492,1.00,1.00
2010.09.13 08:22:30.607,1.7485,1.7492,1.00,3.90
2010.09.13 08:22:30.949,1.7485,1.7491,1.00,1.00
2010.09.13 08:22:32.106,1.7486,1.74915,1.00,3.20
2010.09.13 08:22:32.344,1.7486,1.7492,1.00,1.00
2010.09.13 08:22:33.013,1.7486,1.7492,1.00,1.00
2010.09.13 08:22:33.316,1.7486,1.7492,2.00,1.00
2010.09.13 08:22:33.619,1.74865,1.74915,1.00,1.30
2010.09.13 08:22:34.409,1.74865,1.7491,1.00,1.00
2010.09.13 08:22:34.702,1.74845,1.7491,2.00,1.00
2010.09.13 08:22:36.728,1.74845,1.749,1.00,1.00
2010.09.13 08:22:36.864,1.74845,1.749,1.70,1.00
2010.09.13 08:22:37.084,1.74845,1.7491,2.00,1.00
2010.09.13 08:22:37.654,1.74845,1.7491,2.00,2.30
2010.09.13 08:22:37.691,1.74845,1.749,1.00,1.00
2010.09.13 08:22:39.408,1.74845,1.74905,1.00,1.30
2010.09.13 08:22:39.505,1.74845,1.7491,2.00,1.00
2010.09.13 08:22:39.872,1.7486,1.74915,1.00,1.00
2010.09.13 08:22:41.983,1.7486,1.7491,1.00,1.00
2010.09.13 08:22:42.863,1.7486,1.74915,1.00,1.00
2010.09.13 08:22:43.572,1.7486,1.74915,1.00,1.00
2010.09.13 08:22:45.816,1.7486,1.74915,1.00,1.00
2010.09.13 08:22:47.966,1.7487,1.74915,1.00,1.00
2010.09.13 08:22:50.158,1.7487,1.7492,1.00,1.00
2010.09.13 08:22:57.689,1.7485,1.7491,1.00,1.60
2010.09.13 08:22:58.094,1.7485,1.7492,1.00,4.00
2010.09.13 08:22:59.247,1.7485,1.7491,1.00,2.30
2010.09.13 08:23:01.257,1.74845,1.7491,1.00,2.30
2010.09.13 08:23:02.056,1.7487,1.7491,1.00,1.60
2010.09.13 08:23:02.406,1.74895,1.7493,1.00,2.00
2010.09.13 08:23:05.953,1.7489,1.7493,1.00,2.00
2010.09.13 08:23:07.039,1.7489,1.7493,1.00,2.00
2010.09.13 08:23:07.855,1.74895,1.7493,1.00,1.00
2010.09.13 08:23:10.362,1.7489,1.7493,1.00,1.00
2010.09.13 08:23:12.759,1.74895,1.7493,1.00,1.00
2010.09.13 08:23:12.866,1.74895,1.74945,1.00,1.60
2010.09.13 08:23:12.909,1.74895,1.7495,1.00,1.30
2010.09.13 08:23:12.956,1.74895,1.7494,1.00,1.00
2010.09.13 08:23:13.575,1.7489,1.7494,1.00,1.00
2010.09.13 08:23:13.994,1.7489,1.74955,1.00,3.60
2010.09.13 08:23:14.338,1.7491,1.74955,1.00,1.00
2010.09.13 08:23:15.448,1.749,1.74955,1.00,1.00
2010.09.13 08:23:15.688,1.7491,1.74955,1.00,1.00
2010.09.13 08:23:15.976,1.749,1.7495,1.00,1.00
2010.09.13 08:23:16.970,1.749,1.74955,1.00,1.00
2010.09.13 08:23:18.905,1.74915,1.74955,1.30,1.00
2010.09.13 08:23:18.955,1.7491,1.74955,1.00,1.00
2010.09.13 08:23:22.637,1.7491,1.7495,1.00,1.00
2010.09.13 08:23:22.930,1.74905,1.7495,2.00,1.00
2010.09.13 08:23:27.898,1.74905,1.74955,2.00,1.00
2010.09.13 08:23:28.237,1.74895,1.7494,1.00,1.00
2010.09.13 08:23:28.577,1.74895,1.7495,2.00,1.00
2010.09.13 08:23:29.361,1.74885,1.7495,1.00,2.00
2010.09.13 08:23:33.830,1.74885,1.74945,1.00,1.30
2010.09.13 08:23:34.201,1.7488,1.7494,1.00,1.00
2010.09.13 08:23:35.393,1.7487,1.7493,1.00,2.30
2010.09.13 08:23:35.696,1.74865,1.7491,1.60,1.00
2010.09.13 08:23:36.553,1.7486,1.74915,1.00,1.60
2010.09.13 08:23:36.955,1.7487,1.74915,1.00,1.60
2010.09.13 08:23:37.858,1.74865,1.74915,1.00,1.60
2010.09.13 08:23:38.136,1.7487,1.74915,1.00,1.60
2010.09.13 08:23:38.406,1.74855,1.74915,1.00,1.60
2010.09.13 08:23:39.243,1.74855,1.7492,1.00,1.00
2010.09.13 08:23:39.568,1.74855,1.7492,1.00,1.00
2010.09.13 08:23:39.921,1.74855,1.74925,1.00,6.30
2010.09.13 08:23:41.053,1.74855,1.7492,1.00,4.10
2010.09.13 08:23:41.145,1.74855,1.7492,1.00,2.50
2010.09.13 08:23:41.323,1.74855,1.7492,1.00,1.00
2010.09.13 08:23:42.113,1.74855,1.7492,1.00,1.00
2010.09.13 08:23:44.002,1.74855,1.7492,1.00,1.00
2010.09.13 08:23:44.332,1.74855,1.7492,1.00,1.00
2010.09.13 08:23:48.193,1.74855,1.74915,1.00,1.00
2010.09.13 08:23:51.545,1.7486,1.74915,1.00,1.00
2010.09.13 08:23:51.721,1.74865,1.7492,2.00,1.70
2010.09.13 08:23:51.898,1.74865,1.7492,2.00,1.00
2010.09.13 08:23:53.236,1.74865,1.7492,2.00,1.00
2010.09.13 08:23:53.546,1.74865,1.7492,2.00,1.00
2010.09.13 08:23:54.390,1.7486,1.7492,1.00,1.00
2010.09.13 08:23:56.855,1.74855,1.7491,1.00,1.00
2010.09.13 08:23:58.685,1.74855,1.74915,1.00,1.00
2010.09.13 08:24:00.213,1.74855,1.7491,1.00,1.00
2010.09.13 08:24:01.874,1.74855,1.7492,1.00,1.00
2010.09.13 08:24:02.024,1.74855,1.74915,1.00,1.00
2010.09.13 08:24:02.183,1.74855,1.7491,1.00,1.00
2010.09.13 08:24:04.734,1.74855,1.74915,1.00,1.00
2010.09.13 08:24:07.139,1.74855,1.74915,1.00,2.00
2010.09.13 08:24:07.311,1.74845,1.749,1.00,1.00
2010.09.13 08:24:07.476,1.74845,1.7491,1.00,1.70
2010.09.13 08:24:08.377,1.7484,1.7491,2.00,1.60
2010.09.13 08:24:08.728,1.7484,1.749,1.00,1.00
2010.09.13 08:24:10.278,1.74825,1.7489,2.30,2.30
2010.09.13 08:24:11.436,1.74825,1.7489,2.30,2.40
2010.09.13 08:24:13.513,1.74825,1.7489,2.30,3.10
2010.09.13 08:24:13.655,1.74825,1.74885,1.00,1.60
2010.09.13 08:24:13.796,1.74825,1.74875,1.00,1.60
2010.09.13 08:24:14.529,1.74825,1.74875,1.00,2.90
2010.09.13 08:24:16.197,1.74825,1.74875,1.00,1.30
2010.09.13 08:24:16.429,1.7483,1.7486,1.30,3.20
2010.09.13 08:24:17.251,1.74835,1.74885,1.00,1.60
2010.09.13 08:24:17.547,1.74825,1.74885,1.00,1.60
2010.09.13 08:24:18.711,1.74845,1.74885,1.00,1.60
2010.09.13 08:24:19.795,1.7482,1.74885,1.00,3.90
2010.09.13 08:24:20.133,1.74825,1.74885,1.00,1.60
2010.09.13 08:24:22.124,1.74825,1.74885,2.00,1.60
2010.09.13 08:24:23.440,1.7483,1.74885,1.00,1.60
2010.09.13 08:24:23.555,1.74835,1.74885,1.30,1.60
2010.09.13 08:24:23.667,1.74835,1.74885,2.00,1.60
2010.09.13 08:24:24.321,1.7486,1.749,1.00,1.00
2010.09.13 08:24:25.978,1.7486,1.74905,1.00,1.00
2010.09.13 08:24:26.300,1.74855,1.74905,1.30,1.00
2010.09.13 08:24:26.509,1.7485,1.74905,1.00,1.00
2010.09.13 08:24:26.725,1.74845,1.74905,1.30,1.00
2010.09.13 08:24:27.480,1.7485,1.74905,1.00,1.00
2010.09.13 08:24:28.277,1.7486,1.74905,1.00,1.00
2010.09.13 08:24:30.505,1.74855,1.74905,1.00,1.00
2010.09.13 08:24:31.186,1.7486,1.74905,1.30,1.00
2010.09.13 08:24:31.743,1.74865,1.7492,1.00,1.60
2010.09.13 08:24:31.949,1.74865,1.7492,1.00,1.60
2010.09.13 08:24:33.355,1.7487,1.74925,1.30,1.10
2010.09.13 08:24:33.946,1.74875,1.74925,1.00,1.00
2010.09.13 08:24:34.204,1.7486,1.74915,1.30,1.00
2010.09.13 08:24:34.548,1.74855,1.74915,1.00,3.20
2010.09.13 08:24:35.223,1.74845,1.7491,1.00,1.00
2010.09.13 08:24:35.577,1.74845,1.749,1.00,1.00
2010.09.13 08:24:36.830,1.74845,1.74905,1.00,1.60
2010.09.13 08:24:37.102,1.74835,1.74895,1.30,1.00
2010.09.13 08:24:37.380,1.7485,1.74895,1.00,1.00
2010.09.13 08:24:38.377,1.7485,1.74895,1.00,1.00
2010.09.13 08:24:38.683,1.74845,1.74895,1.30,1.00
2010.09.13 08:24:39.279,1.7484,1.74895,1.00,1.00
2010.09.13 08:24:39.592,1.7484,1.74895,1.00,1.00
2010.09.13 08:24:41.708,1.7484,1.74895,1.00,1.00
2010.09.13 08:24:41.940,1.7484,1.74895,1.00,1.00
2010.09.13 08:24:42.117,1.74835,1.749,2.00,2.00
2010.09.13 08:24:42.993,1.7486,1.749,1.00,2.00
2010.09.13 08:24:43.279,1.74875,1.749,1.00,1.00
2010.09.13 08:24:44.578,1.74875,1.7492,1.00,1.00
2010.09.13 08:24:46.125,1.74875,1.7493,1.00,1.00
2010.09.13 08:24:46.445,1.74865,1.7493,1.00,1.00
2010.09.13 08:24:47.895,1.74865,1.7493,1.00,1.00
2010.09.13 08:24:48.086,1.74865,1.74935,1.00,5.20
2010.09.13 08:24:48.473,1.74865,1.7493,1.00,1.00
2010.09.13 08:24:48.665,1.74865,1.74925,1.00,2.00
2010.09.13 08:24:49.239,1.74865,1.74915,1.00,1.30
2010.09.13 08:24:49.484,1.74865,1.74925,1.00,3.60
2010.09.13 08:24:49.720,1.7486,1.7491,1.60,1.00
2010.09.13 08:24:49.958,1.74845,1.7491,2.00,1.00
2010.09.13 08:24:50.610,1.74845,1.7491,1.00,3.40
2010.09.13 08:24:50.861,1.74845,1.7491,2.00,1.00
2010.09.13 08:24:51.932,1.7485,1.7491,1.00,1.70
2010.09.13 08:24:52.137,1.7485,1.7491,1.00,3.30
2010.09.13 08:24:52.743,1.74845,1.7491,1.00,3.40
2010.09.13 08:24:52.953,1.74845,1.7491,1.00,3.70
2010.09.13 08:24:53.837,1.7485,1.7491,1.00,3.30
2010.09.13 08:24:54.180,1.74845,1.7491,2.00,1.00
2010.09.13 08:24:55.839,1.74845,1.7491,1.00,2.10
2010.09.13 08:24:56.603,1.74845,1.7491,1.00,2.00
2010.09.13 08:24:59.037,1.74845,1.749,1.00,3.20
2010.09.13 08:24:59.346,1.7483,1.74895,1.00,1.00
2010.09.13 08:24:59.824,1.7484,1.74895,1.00,1.00
2010.09.13 08:25:02.150,1.7484,1.74885,1.00,3.60
2010.09.13 08:25:02.381,1.7483,1.74895,1.00,5.20
2010.09.13 08:25:02.608,1.7483,1.74895,1.00,3.60
2010.09.13 08:25:03.511,1.74835,1.74895,1.00,2.90
2010.09.13 08:25:03.858,1.74835,1.749,1.00,2.00
2010.09.13 08:25:04.722,1.74835,1.749,1.00,1.00
2010.09.13 08:25:05.158,1.7484,1.749,1.00,1.00
2010.09.13 08:25:10.194,1.7484,1.749,1.00,1.00
2010.09.13 08:25:10.354,1.7484,1.749,2.30,1.00
2010.09.13 08:25:11.196,1.7484,1.749,2.40,3.60
2010.09.13 08:25:11.388,1.7484,1.749,2.20,1.00
2010.09.13 08:25:12.340,1.7484,1.749,1.00,1.00
2010.09.13 08:25:12.528,1.7484,1.749,2.20,1.00
2010.09.13 08:25:13.881,1.7484,1.749,1.00,1.00
2010.09.13 08:25:14.134,1.7484,1.74905,1.00,1.00
2010.09.13 08:25:16.324,1.7484,1.7491,1.00,4.00
2010.09.13 08:25:17.644,1.7484,1.749,1.00,1.00
2010.09.13 08:25:17.974,1.7484,1.749,1.00,1.00
2010.09.13 08:25:19.263,1.7484,1.74905,1.00,1.60
2010.09.13 08:25:19.365,1.7484,1.74905,1.50,1.60
2010.09.13 08:25:19.543,1.74845,1.74905,1.00,1.60
2010.09.13 08:25:21.204,1.7485,1.74905,1.00,1.60
2010.09.13 08:25:21.990,1.7485,1.74905,1.00,1.60
2010.09.13 08:25:22.757,1.74855,1.74905,1.00,1.60
2010.09.13 08:25:26.782,1.7483,1.74885,1.00,1.00
2010.09.13 08:25:27.130,1.7482,1.74885,2.20,1.00
2010.09.13 08:25:27.915,1.7482,1.7488,1.00,1.60
2010.09.13 08:25:28.123,1.7482,1.7488,1.00,1.60
2010.09.13 08:25:29.363,1.7484,1.74885,1.00,1.00
2010.09.13 08:25:29.506,1.7483,1.74885,2.10,1.00
2010.09.13 08:25:30.099,1.7484,1.74885,1.00,1.00
2010.09.13 08:25:30.181,1.7483,1.74885,1.00,1.00
2010.09.13 08:25:31.577,1.74835,1.74885,1.00,1.00
2010.09.13 08:25:32.149,1.7484,1.74885,1.00,1.00
2010.09.13 08:25:33.729,1.7484,1.74885,1.00,1.00
2010.09.13 08:25:34.017,1.7484,1.7489,1.00,1.60
2010.09.13 08:25:34.793,1.74845,1.7489,1.00,1.60
2010.09.13 08:25:34.847,1.7485,1.7489,1.00,1.60
2010.09.13 08:25:35.100,1.74845,1.7489,1.00,1.60
2010.09.13 08:25:36.555,1.7485,1.7489,1.00,1.60
2010.09.13 08:25:36.753,1.74845,1.7489,1.00,1.60
2010.09.13 08:25:41.947,1.7484,1.7489,1.00,1.60
2010.09.13 08:25:42.294,1.7484,1.7489,1.00,1.60
2010.09.13 08:25:43.207,1.7484,1.7489,1.00,2.90
2010.09.13 08:25:43.491,1.7482,1.7489,1.00,2.00
2010.09.13 08:25:43.765,1.7482,1.7489,1.00,3.60
2010.09.13 08:25:45.624,1.74825,1.7489,1.00,1.30
2010.09.13 08:25:46.467,1.7484,1.74895,1.00,1.00
2010.09.13 08:25:48.377,1.7483,1.74895,1.00,1.00
2010.09.13 08:25:49.146,1.7484,1.74895,1.00,1.00
2010.09.13 08:25:49.617,1.7483,1.74895,1.00,1.00
2010.09.13 08:25:55.334,1.74825,1.74895,2.00,1.00
2010.09.13 08:25:58.859,1.74825,1.74895,2.00,2.00
2010.09.13 08:25:58.967,1.7482,1.7489,1.00,3.60
2010.09.13 08:26:02.633,1.7482,1.7489,2.20,2.30
2010.09.13 08:26:02.870,1.7482,1.7489,2.20,1.60
2010.09.13 08:26:04.293,1.7482,1.7489,1.00,3.60
2010.09.13 08:26:06.314,1.7484,1.7488,1.00,1.00
2010.09.13 08:26:08.446,1.7483,1.7488,1.00,1.00
2010.09.13 08:26:09.466,1.7483,1.7488,1.00,1.00
2010.09.13 08:26:11.231,1.7485,1.7488,1.00,1.00
2010.09.13 08:26:11.450,1.7484,1.7488,1.00,1.00
2010.09.13 08:26:12.342,1.7483,1.7488,2.40,1.00
2010.09.13 08:26:15.974,1.7483,1.7488,2.20,1.00
2010.09.13 08:26:16.796,1.7483,1.7488,1.00,1.00
2010.09.13 08:26:18.677,1.7483,1.7489,1.00,1.60
2010.09.13 08:26:18.906,1.7483,1.74895,1.00,1.00
2010.09.13 08:26:19.653,1.7483,1.74895,1.50,1.00
2010.09.13 08:26:19.753,1.7483,1.74895,1.00,1.00
2010.09.13 08:26:20.860,1.74835,1.749,1.30,3.60
2010.09.13 08:26:21.149,1.7483,1.749,1.00,1.70
2010.09.13 08:26:21.437,1.7483,1.74895,1.00,1.00
2010.09.13 08:26:22.256,1.7484,1.74895,1.00,1.00
2010.09.13 08:26:22.580,1.7483,1.749,2.40,1.00
2010.09.13 08:26:23.123,1.7483,1.749,2.20,1.00
2010.09.13 08:26:24.703,1.74835,1.749,1.30,1.00
2010.09.13 08:26:24.915,1.7484,1.749,1.00,1.00
2010.09.13 08:26:25.781,1.7483,1.749,1.00,5.30
2010.09.13 08:26:26.066,1.7483,1.749,1.00,5.40
2010.09.13 08:26:26.326,1.7483,1.749,1.00,5.20
2010.09.13 08:26:27.117,1.7483,1.749,1.00,5.30
2010.09.13 08:26:27.899,1.7483,1.749,1.00,3.70
2010.09.13 08:26:28.557,1.74835,1.749,1.00,1.00
2010.09.13 08:26:28.836,1.7483,1.749,1.00,5.30
2010.09.13 08:26:30.933,1.7483,1.74895,1.00,1.30
2010.09.13 08:26:31.077,1.7483,1.74885,1.00,1.00
2010.09.13 08:26:31.765,1.74825,1.74885,1.00,1.00
2010.09.13 08:26:31.917,1.7483,1.749,2.00,1.00
2010.09.13 08:26:33.337,1.7483,1.749,2.10,1.00
2010.09.13 08:26:40.774,1.74835,1.749,1.00,1.00
2010.09.13 08:26:46.395,1.74835,1.74905,1.00,3.90
2010.09.13 08:26:47.054,1.74835,1.749,1.00,1.00
2010.09.13 08:26:50.757,1.7484,1.74895,1.00,1.00
2010.09.13 08:26:51.894,1.74835,1.749,1.00,1.00
2010.09.13 08:26:53.047,1.74845,1.74905,1.00,2.00
2010.09.13 08:26:53.275,1.74845,1.74905,1.00,1.00
2010.09.13 08:26:58.518,1.74845,1.7491,1.00,2.00
2010.09.13 08:27:01.056,1.74845,1.7491,1.00,3.60
2010.09.13 08:27:02.324,1.7485,1.7491,1.00,2.00
2010.09.13 08:27:02.995,1.7485,1.7491,1.00,1.00
2010.09.13 08:27:03.126,1.7486,1.7491,1.00,1.00
2010.09.13 08:27:04.077,1.7486,1.7491,1.00,2.00
2010.09.13 08:27:04.420,1.7486,1.7491,1.00,1.00
2010.09.13 08:27:08.441,1.7486,1.74915,1.00,1.60
2010.09.13 08:27:10.710,1.7485,1.74915,1.00,1.60
2010.09.13 08:27:15.575,1.7486,1.7492,1.00,1.00
2010.09.13 08:27:15.806,1.7486,1.74915,1.00,1.60
2010.09.13 08:27:15.915,1.7486,1.74915,1.00,3.20
2010.09.13 08:27:16.024,1.74845,1.74915,1.00,5.20
2010.09.13 08:27:16.957,1.7485,1.74915,1.00,5.20
2010.09.13 08:27:18.755,1.7485,1.74915,1.00,5.60
2010.09.13 08:27:21.127,1.74845,1.7491,1.00,1.00
2010.09.13 08:27:23.895,1.74845,1.74905,1.00,1.60
2010.09.13 08:27:24.143,1.7484,1.74905,1.40,1.60
2010.09.13 08:27:24.235,1.7484,1.74905,1.00,1.60
2010.09.13 08:27:26.207,1.74845,1.74905,1.00,1.60
2010.09.13 08:27:26.297,1.74845,1.7491,1.00,1.40
2010.09.13 08:27:26.388,1.74845,1.7491,1.00,1.00
2010.09.13 08:27:26.574,1.7485,1.74915,1.00,5.60
2010.09.13 08:27:27.805,1.74845,1.74915,1.00,5.60
2010.09.13 08:27:29.143,1.74845,1.7491,1.00,2.00
2010.09.13 08:27:29.443,1.74845,1.7491,1.00,1.00
2010.09.13 08:27:30.893,1.74845,1.7491,1.00,1.00
2010.09.13 08:27:32.413,1.7485,1.7491,1.00,1.00
2010.09.13 08:27:32.944,1.7485,1.7491,1.00,1.00
2010.09.13 08:27:33.642,1.7485,1.7491,1.00,1.00
2010.09.13 08:27:34.005,1.7485,1.7491,1.00,1.00
2010.09.13 08:27:34.346,1.7485,1.7491,1.00,1.00
2010.09.13 08:27:35.215,1.7485,1.7491,1.00,1.00
2010.09.13 08:27:35.565,1.74845,1.7491,1.00,1.00
2010.09.13 08:27:35.906,1.7485,1.7491,1.00,1.00
2010.09.13 08:27:36.739,1.74845,1.7491,1.00,1.00
2010.09.13 08:27:38.042,1.74845,1.7491,1.00,1.80
2010.09.13 08:27:38.271,1.7484,1.7491,1.00,5.20
2010.09.13 08:27:39.990,1.7485,1.74915,1.00,1.00
2010.09.13 08:27:41.369,1.74845,1.749,1.00,1.00
2010.09.13 08:27:43.362,1.7485,1.7491,1.00,1.00
2010.09.13 08:27:44.174,1.7485,1.7491,1.00,1.00
2010.09.13 08:27:44.878,1.7485,1.74915,1.00,1.00
2010.09.13 08:27:45.574,1.7485,1.74915,1.00,1.70
2010.09.13 08:27:45.918,1.7485,1.7491,1.00,2.30
2010.09.13 08:27:46.269,1.7485,1.74915,1.00,1.00
2010.09.13 08:27:46.918,1.7485,1.74915,1.00,1.70
2010.09.13 08:27:47.069,1.7485,1.7491,1.00,2.30
2010.09.13 08:27:49.044,1.7485,1.74915,1.00,1.00
2010.09.13 08:27:51.793,1.7485,1.7491,1.00,1.00
2010.09.13 08:27:53.334,1.7486,1.7491,1.00,1.00
2010.09.13 08:27:54.997,1.7486,1.7491,1.00,1.00
2010.09.13 08:27:55.213,1.7486,1.7491,1.00,1.00
2010.09.13 08:27:58.444,1.74865,1.7491,1.00,1.00
2010.09.13 08:28:01.863,1.74865,1.7491,2.00,1.00
2010.09.13 08:28:02.137,1.7487,1.7492,1.00,1.60
2010.09.13 08:28:04.388,1.7487,1.7492,1.00,1.60
2010.09.13 08:28:05.839,1.74865,1.7492,1.00,1.60
2010.09.13 08:28:06.158,1.74875,1.7492,1.00,1.60
2010.09.13 08:28:06.475,1.74865,1.7492,1.00,1.60
2010.09.13 08:28:09.095,1.74865,1.7493,1.00,1.00
2010.09.13 08:28:09.735,1.7486,1.74925,2.00,1.00
2010.09.13 08:28:10.347,1.7486,1.74925,2.00,2.30
2010.09.13 08:28:10.531,1.7486,1.7492,1.00,1.00
2010.09.13 08:28:12.194,1.7485,1.7492,1.00,4.40
2010.09.13 08:28:14.214,1.7486,1.7492,1.00,1.00
2010.09.13 08:28:16.367,1.7486,1.7492,1.00,1.00
2010.09.13 08:28:16.706,1.74865,1.7492,1.00,1.00
2010.09.13 08:28:17.969,1.7486,1.7492,1.00,1.00
2010.09.13 08:28:19.035,1.7486,1.7492,1.00,1.00
2010.09.13 08:28:22.632,1.7486,1.7492,1.00,1.00
2010.09.13 08:28:23.243,1.7486,1.74925,1.00,2.30
2010.09.13 08:28:23.647,1.7486,1.74925,1.00,3.90
2010.09.13 08:28:24.353,1.7486,1.74925,2.10,3.90
2010.09.13 08:28:24.702,1.74865,1.7493,1.00,2.00
2010.09.13 08:28:25.051,1.74865,1.7492,1.00,1.00
2010.09.13 08:28:27.067,1.74865,1.7493,1.00,2.00
2010.09.13 08:28:27.859,1.74875,1.7493,1.00,1.00
2010.09.13 08:28:27.930,1.7487,1.7493,1.00,1.00
2010.09.13 08:28:28.525,1.7487,1.7493,1.00,1.00
2010.09.13 08:28:29.574,1.74865,1.7493,1.00,1.00
2010.09.13 08:28:31.357,1.7486,1.74925,1.00,1.00
2010.09.13 08:28:31.673,1.74865,1.7493,1.00,3.60
2010.09.13 08:28:32.427,1.74865,1.7493,1.00,1.00
2010.09.13 08:28:32.888,1.7487,1.74935,1.30,2.30
2010.09.13 08:28:33.126,1.74865,1.74935,1.00,3.90
2010.09.13 08:28:34.296,1.7487,1.74935,1.00,3.90
2010.09.13 08:28:34.625,1.74875,1.74935,1.00,1.60
2010.09.13 08:28:36.023,1.7488,1.74935,1.00,1.60
2010.09.13 08:28:37.288,1.7487,1.74935,1.00,1.60
2010.09.13 08:28:38.077,1.7487,1.74935,1.00,3.60
2010.09.13 08:28:38.634,1.7487,1.74935,1.00,5.20
2010.09.13 08:28:38.943,1.7487,1.74935,1.00,1.60
2010.09.13 08:28:39.245,1.7487,1.74935,1.00,1.60
2010.09.13 08:28:40.628,1.7487,1.74935,1.00,1.60
2010.09.13 08:28:41.048,1.7488,1.74935,1.00,1.60
2010.09.13 08:28:41.197,1.7487,1.74935,1.00,1.60
2010.09.13 08:28:41.351,1.7487,1.7494,1.00,5.20
2010.09.13 08:28:41.962,1.7487,1.7494,2.00,5.50
2010.09.13 08:28:42.217,1.7487,1.7494,1.00,6.90
2010.09.13 08:28:43.622,1.74875,1.7494,2.00,4.80
2010.09.13 08:28:43.940,1.7488,1.7494,1.00,1.60
2010.09.13 08:28:44.248,1.74875,1.7494,1.00,1.60
2010.09.13 08:28:45.354,1.7488,1.7494,1.00,1.60
2010.09.13 08:28:47.066,1.74875,1.7494,1.30,5.50
2010.09.13 08:28:47.243,1.7487,1.7493,1.00,1.00
2010.09.13 08:28:48.279,1.74875,1.7493,1.00,1.00
2010.09.13 08:28:48.845,1.7487,1.7494,1.00,3.70
2010.09.13 08:28:49.676,1.7488,1.7494,1.30,5.60
2010.09.13 08:28:50.007,1.74885,1.7494,1.00,1.60
2010.09.13 08:28:51.477,1.74875,1.7494,1.00,3.20
2010.09.13 08:28:51.617,1.7488,1.7494,1.00,1.60
2010.09.13 08:28:51.755,1.7488,1.74945,1.00,1.60
2010.09.13 08:28:53.135,1.7488,1.7494,1.00,1.00
2010.09.13 08:28:53.797,1.7489,1.7494,1.00,1.00
2010.09.13 08:28:54.046,1.74885,1.7494,1.00,1.00
2010.09.13 08:28:54.294,1.74885,1.7494,1.00,1.00
2010.09.13 08:28:54.874,1.74885,1.7493,1.00,1.00
2010.09.13 08:28:55.220,1.74875,1.7494,1.00,1.00
2010.09.13 08:28:55.709,1.74875,1.74945,1.00,1.60
2010.09.13 08:28:56.746,1.74875,1.7494,1.00,1.00
2010.09.13 08:29:00.315,1.74885,1.74945,1.00,1.60
2010.09.13 08:29:00.606,1.7488,1.7494,1.30,1.00
2010.09.13 08:29:00.753,1.74875,1.7494,1.00,1.00
2010.09.13 08:29:01.441,1.7488,1.7494,1.00,1.00
2010.09.13 08:29:01.794,1.7489,1.7494,2.00,1.00
2010.09.13 08:29:06.461,1.7487,1.74935,1.00,1.60
2010.09.13 08:29:07.024,1.7488,1.74935,1.00,1.60
2010.09.13 08:29:08.087,1.74865,1.7493,1.00,3.90
2010.09.13 08:29:08.313,1.74865,1.7493,1.00,1.00
2010.09.13 08:29:10.434,1.74865,1.7493,1.00,3.90
2010.09.13 08:29:11.095,1.7487,1.7493,1.00,3.90
2010.09.13 08:29:11.464,1.74875,1.7494,1.00,1.00
2010.09.13 08:29:11.847,1.74875,1.7494,1.00,1.00
2010.09.13 08:29:12.456,1.7488,1.7494,1.00,1.00
2010.09.13 08:29:12.734,1.74885,1.7494,1.30,1.00
2010.09.13 08:29:13.586,1.7489,1.7494,1.00,1.00
2010.09.13 08:29:13.929,1.7489,1.7494,1.00,1.00
2010.09.13 08:29:16.062,1.7489,1.7493,1.00,1.00
2010.09.13 08:29:17.293,1.7488,1.7493,1.00,1.00
2010.09.13 08:29:17.553,1.74875,1.7494,1.00,1.00
2010.09.13 08:29:17.806,1.74865,1.7493,1.00,1.00
2010.09.13 08:29:18.057,1.74865,1.7493,1.00,2.30
2010.09.13 08:29:19.213,1.74865,1.7493,1.00,1.00
2010.09.13 08:29:19.524,1.74865,1.7493,1.00,2.30
2010.09.13 08:29:19.835,1.7487,1.74935,1.00,1.30
2010.09.13 08:29:20.015,1.74865,1.7493,1.00,2.30
2010.09.13 08:29:20.562,1.7487,1.7493,1.00,1.60
2010.09.13 08:29:20.752,1.7487,1.7494,1.00,3.90
2010.09.13 08:29:22.106,1.74865,1.7493,1.00,2.30
2010.09.13 08:29:22.314,1.74865,1.7493,1.00,1.00
2010.09.13 08:29:22.935,1.74865,1.7493,1.00,2.30
2010.09.13 08:29:23.902,1.7487,1.74935,1.00,1.60
2010.09.13 08:29:24.216,1.7487,1.7494,1.00,5.60
2010.09.13 08:29:25.000,1.74875,1.7494,1.00,4.80
2010.09.13 08:29:25.843,1.74875,1.7494,2.00,4.80
2010.09.13 08:29:26.064,1.74885,1.7494,1.00,5.30
2010.09.13 08:29:26.655,1.74885,1.7494,1.00,2.10
2010.09.13 08:29:26.997,1.74885,1.7494,2.00,2.00
2010.09.13 08:29:29.273,1.7488,1.7494,2.00,2.00
2010.09.13 08:29:30.196,1.74875,1.7494,1.00,5.20
2010.09.13 08:29:31.396,1.7487,1.7493,1.00,1.60
2010.09.13 08:29:31.704,1.7487,1.7493,1.00,1.60
2010.09.13 08:29:32.016,1.74875,1.7494,1.00,5.20
2010.09.13 08:29:35.330,1.74895,1.7494,2.00,1.00
2010.09.13 08:29:37.194,1.7489,1.7494,2.00,1.00
2010.09.13 08:29:38.180,1.74895,1.7495,2.00,1.00
2010.09.13 08:29:40.551,1.74895,1.7494,2.00,1.00
2010.09.13 08:29:41.412,1.74895,1.7495,2.00,1.00
2010.09.13 08:29:42.575,1.74895,1.7496,2.00,2.00
2010.09.13 08:29:43.466,1.7489,1.7496,2.10,5.20
2010.09.13 08:29:43.724,1.74895,1.7496,2.00,2.00
2010.09.13 08:29:44.964,1.74895,1.7496,1.00,2.00
2010.09.13 08:29:45.184,1.7489,1.7496,2.10,3.60
2010.09.13 08:29:45.742,1.74895,1.7496,1.30,3.60
2010.09.13 08:29:46.091,1.74895,1.7496,2.00,1.00
2010.09.13 08:29:46.439,1.74905,1.7496,1.00,1.00
2010.09.13 08:29:47.315,1.74905,1.7496,2.00,1.00
2010.09.13 08:29:48.323,1.74905,1.7496,2.00,1.00
2010.09.13 08:29:49.846,1.7491,1.7497,2.00,1.60
2010.09.13 08:29:50.046,1.7492,1.74975,1.00,1.00
2010.09.13 08:29:52.188,1.74925,1.74975,1.00,1.00
2010.09.13 08:29:53.665,1.7492,1.74975,1.00,1.00
2010.09.13 08:29:58.722,1.7492,1.74985,1.00,3.20
2010.09.13 08:30:04.726,1.7492,1.7498,1.00,1.00
2010.09.13 08:30:09.205,1.7492,1.74985,1.00,3.20
2010.09.13 08:30:10.715,1.7492,1.7498,1.00,1.00
2010.09.13 08:30:11.595,1.7492,1.74985,1.00,3.20
2010.09.13 08:30:15.787,1.7492,1.7497,1.00,1.00
2010.09.13 08:30:15.987,1.7492,1.74985,1.00,3.20
2010.09.13 08:30:16.455,1.7491,1.74975,1.30,1.00
2010.09.13 08:30:17.179,1.74905,1.74975,2.00,1.00
2010.09.13 08:30:17.419,1.7491,1.7498,2.00,3.20
2010.09.13 08:30:18.898,1.74915,1.74975,1.30,1.60
2010.09.13 08:30:19.165,1.74915,1.74985,1.30,5.50
2010.09.13 08:30:19.751,1.7492,1.74985,1.00,4.80
2010.09.13 08:30:20.886,1.7491,1.7497,2.00,1.00
2010.09.13 08:30:21.652,1.7491,1.7498,2.10,3.20
2010.09.13 08:30:21.909,1.7491,1.7498,2.10,1.60
2010.09.13 08:30:22.044,1.74915,1.7498,1.30,1.60
2010.09.13 08:30:22.184,1.74915,1.7498,1.30,1.00
2010.09.13 08:30:22.325,1.7492,1.7498,1.00,1.60
2010.09.13 08:30:22.595,1.7492,1.7498,1.00,1.00
2010.09.13 08:30:27.807,1.74915,1.7498,1.30,1.00
2010.09.13 08:30:28.035,1.7491,1.7498,2.10,3.20
2010.09.13 08:30:29.408,1.7491,1.7498,2.10,1.60
2010.09.13 08:30:29.603,1.7491,1.74975,1.00,2.30
2010.09.13 08:30:29.787,1.7491,1.74975,1.00,3.20
2010.09.13 08:30:29.967,1.7491,1.74975,2.10,1.60
2010.09.13 08:30:30.145,1.74915,1.74975,1.30,1.60
2010.09.13 08:30:30.325,1.7492,1.7498,1.00,1.00
2010.09.13 08:30:35.238,1.74915,1.74975,1.30,1.60
2010.09.13 08:30:35.541,1.74905,1.74975,2.00,3.90
2010.09.13 08:30:36.540,1.7493,1.7498,1.00,1.00
2010.09.13 08:30:38.008,1.74935,1.7499,2.00,1.00
2010.09.13 08:30:39.978,1.74935,1.75,2.00,1.00
2010.09.13 08:30:42.598,1.74945,1.75,1.00,1.00
2010.09.13 08:30:46.343,1.7494,1.75,1.30,1.00
2010.09.13 08:30:46.545,1.74935,1.75,1.30,1.00
2010.09.13 08:30:47.225,1.7493,1.75,1.00,1.00
2010.09.13 08:30:47.419,1.74935,1.7499,2.00,1.00
2010.09.13 08:30:49.564,1.7492,1.74995,2.10,3.90
2010.09.13 08:30:50.702,1.7493,1.74995,1.00,3.20
2010.09.13 08:30:50.829,1.7493,1.74995,2.00,1.60
2010.09.13 08:30:56.332,1.7493,1.7499,1.00,1.30
2010.09.13 08:30:56.651,1.7492,1.74985,1.00,2.30
2010.09.13 08:30:57.821,1.7493,1.74985,1.00,2.30
2010.09.13 08:30:59.304,1.7493,1.74985,1.00,2.00
2010.09.13 08:31:01.695,1.7493,1.74985,1.00,2.00
2010.09.13 08:31:01.887,1.7493,1.74985,1.00,1.00
2010.09.13 08:31:02.744,1.7494,1.74985,1.30,1.00
2010.09.13 08:31:03.001,1.74935,1.74985,1.00,1.00
2010.09.13 08:31:04.166,1.7494,1.74985,1.00,1.00
2010.09.13 08:31:04.845,1.74935,1.74985,1.00,1.00
2010.09.13 08:31:05.644,1.7493,1.74985,1.00,1.00
2010.09.13 08:31:05.928,1.7493,1.74985,2.20,1.00
2010.09.13 08:31:07.595,1.7494,1.74985,1.00,1.00
2010.09.13 08:31:08.362,1.7493,1.74985,2.00,2.00
2010.09.13 08:31:08.709,1.7492,1.74995,2.20,3.90
2010.09.13 08:31:09.606,1.7492,1.74995,2.20,2.30
2010.09.13 08:31:10.154,1.7492,1.74995,2.20,3.90
2010.09.13 08:31:11.011,1.7492,1.74985,1.00,6.10
2010.09.13 08:31:11.256,1.74915,1.7498,1.30,1.00
2010.09.13 08:31:11.496,1.7492,1.74985,1.00,4.80
2010.09.13 08:31:13.952,1.7492,1.74985,1.00,4.80
2010.09.13 08:31:14.931,1.7492,1.74975,1.00,3.90
2010.09.13 08:31:15.812,1.7492,1.7498,1.00,4.80
2010.09.13 08:31:16.023,1.74935,1.74995,1.30,1.00
2010.09.13 08:31:16.370,1.74945,1.7499,2.00,1.60
2010.09.13 08:31:17.240,1.74945,1.7501,2.00,1.00
2010.09.13 08:31:17.497,1.74945,1.75015,2.00,1.60
2010.09.13 08:31:18.017,1.74955,1.7502,1.30,2.80
2010.09.13 08:31:18.806,1.7496,1.7502,1.00,2.00
2010.09.13 08:31:19.151,1.7493,1.75,2.00,1.00
2010.09.13 08:31:19.493,1.7493,1.75,2.20,1.00
2010.09.13 08:31:20.246,1.74935,1.75,1.30,1.00
2010.09.13 08:31:20.483,1.7492,1.7498,1.00,2.00
2010.09.13 08:31:21.002,1.7493,1.7498,2.00,2.00
2010.09.13 08:31:21.532,1.7493,1.7498,2.00,1.00
2010.09.13 08:31:21.781,1.74945,1.7498,1.00,1.00
2010.09.13 08:31:22.563,1.74945,1.7501,2.00,1.70
2010.09.13 08:31:22.914,1.74935,1.75,2.00,1.00
2010.09.13 08:31:26.174,1.74945,1.75005,1.00,3.20
2010.09.13 08:31:26.966,1.74945,1.7501,1.00,2.40
2010.09.13 08:31:27.122,1.74945,1.7501,1.00,2.30
2010.09.13 08:31:27.910,1.74945,1.7501,1.00,2.40
2010.09.13 08:31:28.515,1.7495,1.7501,1.30,2.30
2010.09.13 08:31:28.752,1.7495,1.7501,1.00,1.00
2010.09.13 08:31:29.195,1.7495,1.75015,1.00,1.00
2010.09.13 08:31:29.454,1.7495,1.7502,1.00,4.00
2010.09.13 08:31:30.535,1.7495,1.7501,1.00,1.00
2010.09.13 08:31:30.618,1.74945,1.7501,1.00,1.00
2010.09.13 08:31:30.694,1.74945,1.7501,1.00,2.40
2010.09.13 08:31:31.316,1.74945,1.7501,2.00,2.40
2010.09.13 08:31:31.655,1.7495,1.7501,1.00,1.00
2010.09.13 08:31:32.414,1.74945,1.7501,1.00,1.00
2010.09.13 08:31:32.594,1.74945,1.7501,1.00,2.40
2010.09.13 08:31:33.703,1.74945,1.75,1.00,1.00
2010.09.13 08:31:33.798,1.7494,1.75,1.30,1.00
2010.09.13 08:31:33.888,1.7494,1.75,1.40,1.00
2010.09.13 08:31:34.620,1.7493,1.75,1.00,2.30
2010.09.13 08:31:35.309,1.7494,1.75005,1.00,1.00
2010.09.13 08:31:36.247,1.7494,1.75,1.00,2.30
2010.09.13 08:31:37.723,1.7493,1.74995,1.00,1.00
2010.09.13 08:31:37.935,1.7493,1.74995,1.00,2.00
2010.09.13 08:31:38.877,1.7492,1.7499,2.10,1.00
2010.09.13 08:31:39.219,1.7492,1.7499,2.10,1.60
2010.09.13 08:31:41.268,1.7492,1.7497,2.00,1.00
2010.09.13 08:31:41.517,1.7492,1.7499,2.00,1.70
2010.09.13 08:31:43.464,1.74925,1.7499,1.00,1.70
2010.09.13 08:31:44.045,1.74925,1.7499,1.00,3.10
2010.09.13 08:31:44.401,1.7493,1.75,2.00,4.00
2010.09.13 08:31:44.747,1.7493,1.7499,2.00,1.00
2010.09.13 08:31:45.696,1.7492,1.7498,1.30,1.00
2010.09.13 08:31:46.394,1.7492,1.7499,1.30,1.00
2010.09.13 08:31:47.357,1.7492,1.7499,1.30,1.00
2010.09.13 08:31:47.697,1.7492,1.7497,1.30,1.00
2010.09.13 08:31:47.904,1.7493,1.7497,1.30,1.00
2010.09.13 08:31:48.657,1.7493,1.7499,1.30,1.00
2010.09.13 08:31:50.586,1.7493,1.7497,1.30,1.00
2010.09.13 08:31:50.785,1.7493,1.7499,1.30,1.00
2010.09.13 08:31:51.386,1.7493,1.74985,1.30,1.00
2010.09.13 08:31:51.596,1.7492,1.74985,1.30,1.00
2010.09.13 08:31:52.140,1.7491,1.74985,2.00,2.00
2010.09.13 08:31:52.276,1.7491,1.7498,2.00,1.00
2010.09.13 08:31:52.413,1.7491,1.7498,2.00,1.60
2010.09.13 08:31:53.023,1.7491,1.7497,2.00,1.00
2010.09.13 08:31:53.238,1.7491,1.7498,2.00,1.60
2010.09.13 08:31:54.067,1.7492,1.7498,1.30,1.00
2010.09.13 08:31:54.964,1.7492,1.7499,1.30,1.00
2010.09.13 08:31:55.155,1.74915,1.74985,1.30,1.60
2010.09.13 08:31:56.075,1.74915,1.7498,1.30,1.00
2010.09.13 08:31:56.424,1.7491,1.7498,1.30,3.30
2010.09.13 08:31:56.725,1.74915,1.74985,1.30,1.60
2010.09.13 08:31:58.124,1.7492,1.74985,1.30,1.60
2010.09.13 08:31:58.376,1.74915,1.74985,1.30,1.60
2010.09.13 08:31:59.124,1.74915,1.7497,1.30,1.00
2010.09.13 08:31:59.401,1.7492,1.7497,1.30,1.00
2010.09.13 08:31:59.675,1.74915,1.7497,1.00,1.00
2010.09.13 08:31:59.838,1.7491,1.74985,2.00,3.60
2010.09.13 08:31:59.995,1.74915,1.7498,1.30,1.60
2010.09.13 08:32:00.593,1.7492,1.74985,1.00,1.30
2010.09.13 08:32:00.759,1.7491,1.7498,2.00,1.60
2010.09.13 08:32:01.058,1.7491,1.7498,2.00,1.70
2010.09.13 08:32:01.544,1.7491,1.7498,2.00,1.60
2010.09.13 08:32:02.656,1.7491,1.7497,2.00,1.00
2010.09.13 08:32:02.864,1.7491,1.7496,1.30,1.00
2010.09.13 08:32:02.986,1.7491,1.74975,1.30,1.00
2010.09.13 08:32:03.108,1.74905,1.7496,1.00,1.60
2010.09.13 08:32:04.788,1.74905,1.7496,1.00,1.60
2010.09.13 08:32:04.987,1.749,1.7497,1.00,3.90
2010.09.13 08:32:06.229,1.749,1.7497,1.00,4.00
2010.09.13 08:32:06.582,1.749,1.7497,1.00,3.90
2010.09.13 08:32:07.893,1.749,1.7497,1.00,5.20
2010.09.13 08:32:11.194,1.74895,1.7496,1.00,2.30
2010.09.13 08:32:12.578,1.74905,1.74975,1.00,5.20
2010.09.13 08:32:13.879,1.7491,1.74975,1.00,5.20
2010.09.13 08:32:16.415,1.74905,1.74975,1.00,5.20
2010.09.13 08:32:18.500,1.7491,1.74975,1.00,3.60
2010.09.13 08:32:18.730,1.7491,1.7498,1.00,5.20
2010.09.13 08:32:19.307,1.7491,1.7498,1.00,5.30
2010.09.13 08:32:22.782,1.74905,1.74975,1.00,5.20
2010.09.13 08:32:23.008,1.749,1.7496,1.50,1.00
2010.09.13 08:32:23.644,1.749,1.7496,1.00,1.00
2010.09.13 08:32:23.870,1.7491,1.7496,1.00,1.00
2010.09.13 08:32:25.125,1.749,1.7497,1.00,5.20
2010.09.13 08:32:26.826,1.74895,1.7497,2.00,5.20
2010.09.13 08:32:29.346,1.749,1.74965,1.00,1.00
2010.09.13 08:32:29.618,1.74895,1.74965,2.00,1.00
2010.09.13 08:32:31.573,1.7491,1.74965,2.00,1.00
2010.09.13 08:32:32.347,1.74905,1.74965,1.30,1.00
2010.09.13 08:32:32.686,1.74905,1.74965,2.00,1.00
2010.09.13 08:32:34.524,1.749,1.74965,1.00,1.00
2010.09.13 08:32:34.774,1.749,1.74965,1.00,1.00
2010.09.13 08:32:35.744,1.749,1.7496,1.00,1.00
2010.09.13 08:32:36.015,1.7488,1.74945,1.00,3.90
2010.09.13 08:32:37.686,1.7488,1.74945,1.00,3.90
2010.09.13 08:32:38.557,1.749,1.74935,1.00,1.00
2010.09.13 08:32:39.271,1.74905,1.74935,1.30,1.00
2010.09.13 08:32:39.605,1.74905,1.7497,2.00,1.00
2010.09.13 08:32:41.336,1.7491,1.7497,1.00,1.00
2010.09.13 08:32:42.054,1.74915,1.7497,1.00,1.00
2010.09.13 08:32:42.793,1.74905,1.7497,2.00,1.00
2010.09.13 08:32:43.047,1.7491,1.7497,2.00,1.00
2010.09.13 08:32:43.295,1.7491,1.7497,1.00,1.00
2010.09.13 08:32:44.147,1.74905,1.7497,1.00,1.00
2010.09.13 08:32:44.450,1.749,1.74965,1.00,1.00
2010.09.13 08:32:46.694,1.749,1.74965,2.20,1.00
2010.09.13 08:32:47.462,1.7491,1.7497,1.30,1.00
2010.09.13 08:32:47.587,1.7491,1.7497,2.10,1.00
2010.09.13 08:32:47.696,1.7491,1.7497,2.20,1.00
2010.09.13 08:32:48.956,1.74925,1.7498,1.00,1.00
2010.09.13 08:32:49.271,1.74915,1.7498,2.30,1.00
2010.09.13 08:32:50.098,1.74915,1.7498,1.00,2.10
2010.09.13 08:32:50.368,1.7491,1.74975,1.00,1.00
2010.09.13 08:32:50.906,1.7491,1.74965,1.00,1.30
2010.09.13 08:32:51.477,1.7491,1.74965,1.00,2.00
2010.09.13 08:32:51.773,1.749,1.74955,1.00,1.00
2010.09.13 08:32:52.068,1.749,1.74955,1.00,1.00
2010.09.13 08:32:52.577,1.749,1.74955,1.00,1.00
2010.09.13 08:32:53.530,1.749,1.7497,1.00,1.00
2010.09.13 08:32:55.008,1.74895,1.7496,1.00,1.30
2010.09.13 08:32:55.125,1.7491,1.74955,1.00,1.00
2010.09.13 08:32:56.411,1.74895,1.74955,1.00,1.00
2010.09.13 08:32:56.667,1.749,1.74955,1.00,1.00
2010.09.13 08:32:57.709,1.749,1.74955,1.00,1.00
2010.09.13 08:32:58.752,1.74905,1.7496,2.00,1.00
2010.09.13 08:32:59.408,1.74905,1.7497,2.00,1.00
2010.09.13 08:33:00.367,1.74905,1.74955,1.30,1.00
2010.09.13 08:33:00.845,1.749,1.74955,1.00,1.00
2010.09.13 08:33:03.344,1.74895,1.74955,1.00,1.00
2010.09.13 08:33:03.564,1.7491,1.7498,2.00,1.00
2010.09.13 08:33:04.499,1.7491,1.7498,2.20,1.00
2010.09.13 08:33:04.854,1.74925,1.7499,1.00,4.00
2010.09.13 08:33:05.201,1.74915,1.7498,2.00,1.00
2010.09.13 08:33:06.375,1.7491,1.7498,2.20,1.00
2010.09.13 08:33:07.495,1.749,1.74965,1.00,1.00
2010.09.13 08:33:09.272,1.749,1.74965,1.00,1.00
2010.09.13 08:33:10.080,1.7491,1.7498,2.00,1.00
2010.09.13 08:33:10.604,1.7491,1.7498,2.10,1.00
2010.09.13 08:33:10.876,1.74925,1.7498,1.00,1.00
2010.09.13 08:33:12.666,1.74925,1.7497,1.00,1.00
2010.09.13 08:33:12.884,1.74925,1.7498,1.00,1.00
2010.09.13 08:33:15.885,1.7492,1.7498,1.30,1.00
2010.09.13 08:33:16.046,1.74925,1.7497,1.00,1.00
2010.09.13 08:33:16.367,1.74915,1.74985,2.00,1.00
2010.09.13 08:33:18.585,1.7492,1.74985,1.30,1.00
2010.09.13 08:33:19.276,1.74925,1.74985,1.00,1.00
2010.09.13 08:33:19.388,1.74915,1.7498,2.00,1.00
2010.09.13 08:33:20.986,1.74915,1.74985,2.00,1.00
2010.09.13 08:33:23.238,1.7492,1.74985,1.00,1.00
2010.09.13 08:33:24.971,1.74915,1.7498,2.00,1.00
2010.09.13 08:33:25.956,1.7492,1.74985,1.00,1.00
2010.09.13 08:33:27.265,1.74915,1.7498,2.00,1.00
2010.09.13 08:33:27.519,1.7492,1.74985,1.30,1.00
2010.09.13 08:33:27.644,1.74925,1.7499,1.00,1.00
2010.09.13 08:33:29.473,1.7492,1.7498,1.30,1.00
2010.09.13 08:33:30.207,1.7491,1.7498,2.00,1.00
2010.09.13 08:33:31.801,1.7491,1.7498,2.20,1.00
2010.09.13 08:33:31.988,1.7491,1.7498,2.00,1.00
2010.09.13 08:33:33.684,1.7491,1.7498,2.20,1.00
2010.09.13 08:33:33.905,1.74915,1.74985,1.00,2.90
2010.09.13 08:33:34.124,1.74915,1.7499,2.00,2.00
2010.09.13 08:33:38.544,1.74915,1.74985,2.00,1.00
2010.09.13 08:33:40.757,1.74915,1.7498,1.30,1.00
2010.09.13 08:33:40.835,1.7491,1.7498,2.10,1.00
2010.09.13 08:33:41.608,1.7491,1.7498,2.00,1.00
2010.09.13 08:33:41.650,1.7491,1.7498,2.20,1.00
2010.09.13 08:33:42.032,1.7491,1.7498,2.00,1.00
2010.09.13 08:33:42.914,1.749,1.7497,1.00,1.00
2010.09.13 08:33:43.161,1.749,1.7497,1.00,1.00
2010.09.13 08:33:43.407,1.749,1.7497,1.00,1.00
2010.09.13 08:33:43.644,1.749,1.7497,1.00,1.00
2010.09.13 08:33:44.394,1.749,1.7497,1.00,1.00
2010.09.13 08:33:44.660,1.749,1.7496,1.00,1.00
2010.09.13 08:33:44.927,1.749,1.7497,1.00,1.00
2010.09.13 08:33:45.184,1.749,1.7497,1.00,1.00
2010.09.13 08:33:45.968,1.749,1.7497,1.00,1.00
2010.09.13 08:33:46.772,1.74905,1.7497,1.30,1.00
2010.09.13 08:33:47.110,1.7491,1.74975,1.00,1.00
2010.09.13 08:33:47.264,1.7491,1.7498,2.10,1.00
2010.09.13 08:33:48.264,1.74905,1.7497,2.00,1.00
2010.09.13 08:33:48.439,1.7491,1.74975,1.40,1.00
2010.09.13 08:33:48.609,1.7491,1.7498,2.10,1.00
2010.09.13 08:33:49.330,1.7491,1.7498,2.00,1.00
2010.09.13 08:33:49.682,1.74885,1.7495,1.60,1.00
2010.09.13 08:33:50.560,1.74885,1.74955,1.00,2.00
2010.09.13 08:33:50.860,1.7489,1.7495,1.00,1.00
2010.09.13 08:33:51.445,1.74885,1.74955,1.00,2.00
2010.09.13 08:33:52.243,1.74885,1.7495,2.00,1.60
2010.09.13 08:33:52.589,1.7489,1.7494,1.00,1.00
2010.09.13 08:33:59.174,1.7489,1.74945,1.00,1.00
2010.09.13 08:33:59.645,1.7489,1.7495,1.00,3.30
2010.09.13 08:33:59.856,1.749,1.7495,1.00,2.00
2010.09.13 08:34:00.729,1.749,1.7495,1.00,1.00
2010.09.13 08:34:00.887,1.74885,1.7495,2.00,1.00
2010.09.13 08:34:02.920,1.7489,1.7495,1.00,1.00
2010.09.13 08:34:03.684,1.7488,1.7495,1.00,1.00
2010.09.13 08:34:04.754,1.7489,1.7495,1.00,1.00
2010.09.13 08:34:05.336,1.74885,1.7495,2.00,1.00
2010.09.13 08:34:08.673,1.74885,1.74955,2.00,1.00
2010.09.13 08:34:10.685,1.7488,1.7495,1.00,1.00
2010.09.13 08:34:12.021,1.7488,1.7495,1.00,1.00
2010.09.13 08:34:14.267,1.7489,1.7495,1.00,1.00
2010.09.13 08:34:15.188,1.7488,1.7495,1.00,1.00
2010.09.13 08:34:15.494,1.7489,1.7495,1.00,1.00
2010.09.13 08:34:15.794,1.7489,1.7494,1.00,1.00
2010.09.13 08:34:17.699,1.7488,1.7494,1.00,1.00
2010.09.13 08:34:18.153,1.7489,1.7494,1.00,1.00
2010.09.13 08:34:19.746,1.749,1.74945,1.00,1.30
2010.09.13 08:34:19.926,1.749,1.74955,1.00,1.00
2010.09.13 08:34:21.061,1.7489,1.74955,1.00,1.00
2010.09.13 08:34:21.233,1.74905,1.74955,1.00,1.00
2010.09.13 08:34:21.410,1.7493,1.74955,1.30,1.00
2010.09.13 08:34:22.006,1.74925,1.74955,1.60,1.00
2010.09.13 08:34:22.183,1.749,1.7496,2.30,2.00
2010.09.13 08:34:22.529,1.7491,1.7496,1.30,2.00
2010.09.13 08:34:23.422,1.7491,1.7496,2.00,2.00
2010.09.13 08:34:23.580,1.74935,1.74995,2.00,1.00
2010.09.13 08:34:23.738,1.74935,1.75005,2.00,1.00
2010.09.13 08:34:25.039,1.74935,1.7498,2.00,1.00
2010.09.13 08:34:32.598,1.74935,1.7498,1.00,1.00
2010.09.13 08:34:32.766,1.74935,1.7498,2.00,1.00
2010.09.13 08:34:34.857,1.74935,1.7499,2.00,1.00
2010.09.13 08:34:36.750,1.7492,1.7498,1.00,1.00
2010.09.13 08:34:37.197,1.7492,1.7498,1.00,1.00
2010.09.13 08:34:38.371,1.74935,1.7498,1.00,1.00
2010.09.13 08:34:38.644,1.74935,1.7499,2.00,1.00
2010.09.13 08:34:40.044,1.74935,1.7499,2.00,1.00
2010.09.13 08:34:41.272,1.74935,1.75,2.00,1.00
2010.09.13 08:34:41.835,1.74935,1.7498,2.00,1.00
2010.09.13 08:34:42.158,1.7492,1.7498,2.40,1.00
2010.09.13 08:34:42.765,1.74925,1.74995,2.00,1.00
2010.09.13 08:34:42.979,1.7491,1.7497,1.60,1.00
2010.09.13 08:34:44.160,1.7491,1.7497,1.60,1.00
2010.09.13 08:34:45.088,1.7491,1.7497,1.60,1.00
2010.09.13 08:34:48.449,1.7491,1.74975,1.60,1.00
2010.09.13 08:34:49.967,1.7492,1.74965,1.00,1.00
2010.09.13 08:34:50.438,1.7491,1.74965,1.60,1.00
2010.09.13 08:34:50.464,1.7491,1.7497,1.60,1.30
2010.09.13 08:34:51.044,1.7491,1.74975,1.60,3.90
2010.09.13 08:34:51.333,1.7491,1.74975,1.70,1.00
2010.09.13 08:34:52.714,1.7491,1.7498,2.20,2.70
2010.09.13 08:34:53.006,1.7491,1.7498,2.20,1.10
2010.09.13 08:34:56.182,1.7492,1.74965,1.00,1.00
2010.09.13 08:34:56.404,1.7493,1.74965,1.00,1.00
2010.09.13 08:34:59.131,1.7492,1.74965,1.00,1.00
2010.09.13 08:34:59.533,1.7493,1.74965,1.00,1.00
2010.09.13 08:34:59.754,1.7491,1.7497,1.00,1.30
2010.09.13 08:35:00.528,1.7491,1.74975,1.00,1.00
2010.09.13 08:35:00.682,1.7491,1.74975,2.20,1.00
2010.09.13 08:35:01.881,1.7491,1.74975,2.10,1.00
2010.09.13 08:35:03.467,1.7491,1.74975,2.00,1.00
2010.09.13 08:35:03.764,1.7491,1.74975,2.20,1.00
2010.09.13 08:35:05.304,1.7491,1.74975,2.00,1.00
2010.09.13 08:35:07.076,1.7491,1.74975,2.20,1.00
2010.09.13 08:35:07.903,1.7491,1.74975,2.00,1.00
2010.09.13 08:35:08.197,1.7491,1.74975,2.20,1.00
2010.09.13 08:35:08.504,1.7491,1.7498,2.20,1.00
2010.09.13 08:35:09.804,1.7491,1.7498,1.00,2.00
2010.09.13 08:35:10.165,1.7491,1.74975,1.00,1.00
2010.09.13 08:35:10.349,1.7492,1.74975,1.00,1.00
2010.09.13 08:35:11.065,1.7492,1.7497,1.00,1.00
2010.09.13 08:35:11.301,1.7491,1.74975,1.00,1.00
2010.09.13 08:35:12.807,1.7491,1.74975,1.00,1.00
2010.09.13 08:35:13.079,1.74925,1.7499,2.00,1.00
2010.09.13 08:35:13.348,1.74935,1.7499,1.30,1.00
2010.09.13 08:35:14.138,1.7491,1.7497,1.00,1.00
2010.09.13 08:35:14.395,1.749,1.7497,2.10,1.00
2010.09.13 08:35:14.654,1.74915,1.74975,1.00,1.60
2010.09.13 08:35:15.639,1.7491,1.7498,1.00,2.00
2010.09.13 08:35:15.937,1.7491,1.7498,1.00,2.00
2010.09.13 08:35:16.798,1.74905,1.7498,2.00,2.00
2010.09.13 08:35:17.144,1.7491,1.7498,1.00,2.00
2010.09.13 08:35:17.823,1.7492,1.7498,1.00,2.00
2010.09.13 08:35:18.886,1.74905,1.7498,2.00,2.00
2010.09.13 08:35:19.732,1.74915,1.7498,1.00,1.00
2010.09.13 08:35:20.878,1.7493,1.7498,1.00,1.00
2010.09.13 08:35:21.218,1.7492,1.7498,2.00,1.00
2010.09.13 08:35:22.618,1.7493,1.7498,1.00,1.00
2010.09.13 08:35:22.890,1.7492,1.7498,2.00,1.00
2010.09.13 08:35:23.982,1.74915,1.7498,1.00,1.00
2010.09.13 08:35:24.558,1.7492,1.7498,2.00,1.00
2010.09.13 08:35:25.530,1.7493,1.7498,1.00,1.00
2010.09.13 08:35:25.809,1.74915,1.7498,1.00,1.00
2010.09.13 08:35:26.600,1.74915,1.7498,1.00,1.70
2010.09.13 08:35:26.902,1.74905,1.7498,2.00,2.00
2010.09.13 08:35:27.197,1.74915,1.7498,1.00,1.00
2010.09.13 08:35:30.905,1.7492,1.7498,1.00,1.00
2010.09.13 08:35:33.056,1.74915,1.7498,1.00,1.00
2010.09.13 08:35:33.966,1.7492,1.7498,1.00,1.00
2010.09.13 08:35:34.522,1.7492,1.7498,1.00,1.00
2010.09.13 08:35:34.873,1.74915,1.7498,1.00,1.00
2010.09.13 08:35:35.600,1.74915,1.7498,1.00,1.00
2010.09.13 08:35:38.359,1.7492,1.7498,1.00,1.00
2010.09.13 08:35:38.813,1.7492,1.74985,1.00,1.00
2010.09.13 08:35:42.683,1.74915,1.74985,2.00,1.00
2010.09.13 08:35:42.930,1.7494,1.7498,1.60,1.00
2010.09.13 08:35:43.501,1.7494,1.7498,2.90,1.00
2010.09.13 08:35:43.641,1.7493,1.7499,2.00,1.00
2010.09.13 08:35:45.098,1.7493,1.7499,2.20,1.00
2010.09.13 08:35:46.044,1.7493,1.7499,2.00,1.00
2010.09.13 08:35:48.559,1.7494,1.7499,2.00,1.00
2010.09.13 08:35:49.361,1.7494,1.75005,1.30,1.00
2010.09.13 08:35:49.569,1.7493,1.74995,1.30,1.00
2010.09.13 08:35:49.776,1.7493,1.75,2.00,1.60
2010.09.13 08:35:50.348,1.7493,1.75005,2.00,2.30
2010.09.13 08:35:50.706,1.7494,1.7501,2.00,1.00
2010.09.13 08:35:53.886,1.7493,1.75005,2.00,1.00
2010.09.13 08:35:54.399,1.7493,1.75,1.00,1.30
2010.09.13 08:35:54.764,1.7493,1.75,2.00,1.60
2010.09.13 08:35:58.560,1.7493,1.75,2.00,2.00
2010.09.13 08:35:58.907,1.7493,1.75,1.00,3.30
2010.09.13 08:35:58.935,1.74925,1.74995,2.00,1.00
2010.09.13 08:36:00.206,1.7493,1.75,2.00,1.00
2010.09.13 08:36:02.065,1.74925,1.74995,2.00,1.00
2010.09.13 08:36:03.345,1.74925,1.7499,2.00,1.00
2010.09.13 08:36:05.498,1.7493,1.74995,1.00,1.00
2010.09.13 08:36:07.025,1.74925,1.7499,2.00,1.00
2010.09.13 08:36:09.517,1.74925,1.7499,1.00,1.00
2010.09.13 08:36:10.175,1.74925,1.7499,1.00,1.00
2010.09.13 08:36:10.509,1.74925,1.7499,1.00,2.00
2010.09.13 08:36:10.727,1.74915,1.74985,3.60,1.00
2010.09.13 08:36:11.368,1.74915,1.74985,2.00,1.00
2010.09.13 08:36:11.582,1.7492,1.7498,1.00,1.00
2010.09.13 08:36:12.855,1.7492,1.7498,1.00,1.00
2010.09.13 08:36:13.987,1.7492,1.7498,1.00,1.00
2010.09.13 08:36:19.216,1.7491,1.7498,2.20,1.00
2010.09.13 08:36:22.375,1.7492,1.7498,1.00,1.00
2010.09.13 08:36:22.504,1.7491,1.7498,2.20,1.00
2010.09.13 08:36:30.584,1.7491,1.7498,1.00,2.00
2010.09.13 08:36:30.694,1.7491,1.74975,1.00,1.00
2010.09.13 08:36:33.750,1.7491,1.74975,1.50,1.00
2010.09.13 08:36:33.796,1.7491,1.7498,2.20,2.30
2010.09.13 08:36:33.867,1.7491,1.7498,2.20,1.00
2010.09.13 08:36:37.451,1.7491,1.7498,2.00,1.00
2010.09.13 08:36:38.121,1.7491,1.7498,2.00,1.00
2010.09.13 08:36:38.607,1.7491,1.7496,2.00,1.00
2010.09.13 08:36:39.417,1.7491,1.7497,2.00,1.00
2010.09.13 08:36:40.148,1.74925,1.7498,1.00,1.00
2010.09.13 08:36:41.090,1.74915,1.7498,1.60,1.00
2010.09.13 08:36:41.235,1.7491,1.7498,1.00,2.20
2010.09.13 08:37:03.877,1.74915,1.7498,1.60,2.20
2010.09.13 08:37:04.137,1.74915,1.7498,1.00,1.00
2010.09.13 08:37:04.396,1.749,1.74965,1.60,2.00
2010.09.13 08:37:05.296,1.74895,1.74965,1.00,2.00
2010.09.13 08:37:06.077,1.74895,1.7496,1.00,1.00
2010.09.13 08:37:07.514,1.74895,1.74955,1.00,1.00
2010.09.13 08:37:08.660,1.74885,1.74955,2.30,1.00
2010.09.13 08:37:08.846,1.74885,1.74955,1.00,1.00
2010.09.13 08:37:21.545,1.74885,1.7495,1.00,1.40
2010.09.13 08:37:21.731,1.7488,1.7495,1.00,2.10
2010.09.13 08:37:22.857,1.7488,1.7494,1.00,1.00
2010.09.13 08:37:23.378,1.7488,1.7495,1.00,3.70
2010.09.13 08:37:24.172,1.7488,1.7495,1.00,2.10
2010.09.13 08:37:26.566,1.7488,1.7494,1.00,1.00
2010.09.13 08:37:26.675,1.74875,1.7494,1.00,1.00
2010.09.13 08:37:27.348,1.7488,1.74945,1.00,1.30
2010.09.13 08:37:27.689,1.7488,1.7495,1.00,2.10
2010.09.13 08:37:29.754,1.7488,1.7494,1.00,1.00
2010.09.13 08:37:30.209,1.74875,1.7494,1.00,1.00
2010.09.13 08:37:34.640,1.7488,1.7494,1.00,1.00
2010.09.13 08:37:39.117,1.74875,1.7494,1.00,1.00
2010.09.13 08:37:39.871,1.7488,1.7495,1.00,3.70
2010.09.13 08:37:40.149,1.7488,1.7495,1.00,2.10
2010.09.13 08:37:40.604,1.7488,1.7494,1.00,1.00
2010.09.13 08:37:40.725,1.7488,1.7495,1.00,2.10
2010.09.13 08:37:41.845,1.7488,1.7494,1.00,1.00
2010.09.13 08:37:42.067,1.7488,1.7495,1.00,2.10
2010.09.13 08:37:43.671,1.7488,1.7495,1.00,2.00
2010.09.13 08:37:44.561,1.74885,1.74955,1.00,1.00
2010.09.13 08:37:46.114,1.7488,1.7495,1.00,2.00
2010.09.13 08:37:46.945,1.7488,1.7494,1.00,1.00
2010.09.13 08:37:47.286,1.7488,1.7495,1.00,2.10
2010.09.13 08:37:47.941,1.7488,1.7495,1.00,2.20
2010.09.13 08:37:48.283,1.7488,1.7495,1.00,2.00
2010.09.13 08:37:51.778,1.7488,1.7495,1.00,2.20
2010.09.13 08:37:52.933,1.7488,1.7495,1.00,2.00
2010.09.13 08:37:54.468,1.7488,1.7495,1.00,2.00
2010.09.13 08:37:54.813,1.74905,1.7496,1.00,1.00
2010.09.13 08:37:55.779,1.74905,1.7497,1.00,1.00
2010.09.13 08:37:58.090,1.749,1.7497,1.00,1.00
2010.09.13 08:37:58.155,1.749,1.7497,1.00,1.00
2010.09.13 08:38:00.793,1.749,1.7497,1.00,1.00
2010.09.13 08:38:01.515,1.749,1.7497,1.00,1.00
2010.09.13 08:38:03.160,1.749,1.7497,1.00,1.00
2010.09.13 08:38:04.086,1.749,1.7497,1.00,1.00
2010.09.13 08:38:04.611,1.749,1.7497,1.00,1.00
2010.09.13 08:38:04.833,1.749,1.7497,1.00,1.00
2010.09.13 08:38:05.021,1.749,1.74975,1.00,2.00
2010.09.13 08:38:08.604,1.749,1.74975,1.00,2.00
2010.09.13 08:38:11.418,1.74895,1.74965,3.60,1.00
2010.09.13 08:38:11.452,1.74895,1.74965,1.00,2.00
2010.09.13 08:38:12.648,1.74895,1.74965,2.00,1.00
2010.09.13 08:38:13.714,1.749,1.74965,1.00,1.00
2010.09.13 08:38:14.253,1.74905,1.74975,1.00,3.60
2010.09.13 08:38:14.614,1.74905,1.74975,1.00,2.00
2010.09.13 08:38:15.253,1.749,1.74975,1.00,2.00
2010.09.13 08:38:16.008,1.74895,1.74965,2.00,1.00
2010.09.13 08:38:16.075,1.74895,1.74965,1.00,2.00
2010.09.13 08:38:19.507,1.7491,1.7496,1.00,1.00
2010.09.13 08:38:19.695,1.7491,1.7497,1.00,1.00
2010.09.13 08:38:19.794,1.7491,1.74975,1.00,1.70
2010.09.13 08:38:20.435,1.749,1.74975,1.00,2.00
2010.09.13 08:38:20.876,1.7491,1.7497,1.00,1.00
2010.09.13 08:38:24.686,1.7491,1.74975,1.00,1.00
2010.09.13 08:38:26.564,1.7491,1.7498,1.00,2.20
2010.09.13 08:38:28.864,1.74915,1.7498,1.00,1.00
2010.09.13 08:38:29.634,1.74915,1.7498,1.00,1.50
2010.09.13 08:38:29.848,1.7491,1.7498,1.00,2.20
2010.09.13 08:38:34.076,1.7491,1.7496,1.00,1.00
2010.09.13 08:38:34.210,1.74895,1.7497,3.60,2.00
2010.09.13 08:38:36.588,1.74895,1.7496,2.90,1.00
2010.09.13 08:38:36.766,1.7489,1.7496,2.20,1.00
2010.09.13 08:38:37.743,1.749,1.7496,1.00,1.00
2010.09.13 08:38:37.972,1.7489,1.7496,2.20,1.00
2010.09.13 08:38:38.708,1.7491,1.7496,1.00,1.00
2010.09.13 08:38:38.992,1.749,1.7496,1.00,1.00
2010.09.13 08:38:39.265,1.7489,1.7496,2.10,1.00
2010.09.13 08:38:40.268,1.7489,1.7496,2.00,1.00
2010.09.13 08:38:42.439,1.749,1.7496,1.00,1.00
2010.09.13 08:38:42.668,1.749,1.74965,1.00,1.30
2010.09.13 08:38:42.774,1.749,1.7497,1.00,2.10
2010.09.13 08:38:43.548,1.749,1.74965,1.00,1.30
2010.09.13 08:38:43.666,1.749,1.7496,1.00,1.00
2010.09.13 08:38:44.246,1.7489,1.7496,2.00,1.00
2010.09.13 08:38:44.536,1.749,1.7496,1.00,1.00
2010.09.13 08:38:44.825,1.7489,1.7496,2.20,1.00
2010.09.13 08:38:45.653,1.74895,1.7496,1.00,1.00
2010.09.13 08:38:48.177,1.7489,1.74955,1.00,1.00
2010.09.13 08:38:53.323,1.7489,1.7495,1.00,1.00
2010.09.13 08:38:53.623,1.7489,1.7495,1.00,2.00
2010.09.13 08:38:55.595,1.74885,1.74955,1.00,1.00
2010.09.13 08:39:00.066,1.7489,1.74955,1.00,1.00
2010.09.13 08:39:00.495,1.7489,1.7495,1.00,2.00
2010.09.13 08:39:05.837,1.7488,1.7495,3.80,1.00
2010.09.13 08:39:06.015,1.7489,1.74955,1.00,1.00
2010.09.13 08:39:09.904,1.74895,1.7496,1.00,2.10
2010.09.13 08:39:10.689,1.749,1.7496,1.00,1.00
2010.09.13 08:39:14.822,1.7489,1.74955,1.00,1.00
2010.09.13 08:39:16.786,1.74895,1.7496,1.00,1.00
2010.09.13 08:39:17.670,1.74895,1.7496,1.00,1.00
2010.09.13 08:39:18.026,1.7487,1.7494,3.20,1.30
2010.09.13 08:39:18.723,1.74875,1.74945,1.00,2.30
2010.09.13 08:39:18.911,1.74875,1.74945,1.00,1.00
2010.09.13 08:39:19.096,1.74875,1.7494,1.00,1.00
2010.09.13 08:39:19.434,1.7488,1.74945,1.00,1.00
2010.09.13 08:39:20.825,1.74875,1.74945,1.00,1.00
2010.09.13 08:39:21.696,1.74875,1.7494,1.00,1.00
2010.09.13 08:39:22.694,1.74875,1.7493,1.00,1.00
2010.09.13 08:39:26.487,1.74885,1.7494,1.00,1.00
2010.09.13 08:39:27.113,1.7489,1.74955,2.30,1.30
2010.09.13 08:39:27.931,1.7489,1.7496,1.00,1.00
2010.09.13 08:39:28.874,1.7489,1.7496,1.00,1.00
2010.09.13 08:39:30.410,1.749,1.7496,1.00,1.00
2010.09.13 08:39:30.616,1.74895,1.7495,1.60,1.00
2010.09.13 08:39:31.379,1.74885,1.7496,1.30,1.00
2010.09.13 08:39:31.588,1.74885,1.7495,1.00,1.00
2010.09.13 08:39:32.466,1.7488,1.74945,2.90,1.00
2010.09.13 08:39:32.630,1.74885,1.7495,1.00,2.10
2010.09.13 08:39:32.788,1.7489,1.7495,1.00,1.00
2010.09.13 08:39:33.496,1.7489,1.7493,1.00,1.00
2010.09.13 08:39:33.847,1.749,1.7493,1.00,2.00
2010.09.13 08:39:35.413,1.74895,1.7493,1.00,2.00
2010.09.13 08:39:35.760,1.7489,1.7493,1.70,2.00
2010.09.13 08:39:35.909,1.7489,1.7493,1.60,2.00
2010.09.13 08:39:36.609,1.7489,1.7493,1.00,2.00
2010.09.13 08:39:39.486,1.749,1.7493,1.00,1.00
2010.09.13 08:39:39.717,1.7489,1.7493,1.00,1.00
2010.09.13 08:39:39.945,1.7488,1.7493,3.10,1.00
2010.09.13 08:39:40.700,1.7489,1.7493,1.00,1.00
2010.09.13 08:39:42.748,1.7488,1.7493,1.00,1.00
2010.09.13 08:39:42.909,1.7489,1.7493,1.00,1.00
2010.09.13 08:39:48.409,1.7488,1.7493,1.00,1.00
2010.09.13 08:39:48.797,1.7488,1.74925,1.00,1.60
2010.09.13 08:39:48.911,1.7488,1.7492,1.00,1.00
2010.09.13 08:39:49.073,1.7488,1.7492,1.00,1.00
2010.09.13 08:39:49.803,1.7487,1.7492,1.00,1.00
2010.09.13 08:39:50.632,1.7488,1.7492,1.00,1.00
2010.09.13 08:40:00.311,1.7488,1.7492,1.00,1.00
2010.09.13 08:40:01.415,1.7487,1.7492,1.00,1.00
2010.09.13 08:40:08.915,1.7487,1.7492,1.00,1.20
2010.09.13 08:40:16.489,1.7487,1.7492,1.00,2.80
2010.09.13 08:40:17.027,1.7487,1.7492,1.00,2.80
2010.09.13 08:40:17.106,1.7487,1.7492,1.60,2.80
2010.09.13 08:40:17.677,1.7487,1.7492,4.60,2.80
2010.09.13 08:40:17.916,1.7487,1.7492,1.40,1.00
2010.09.13 08:40:18.156,1.7488,1.7492,1.00,1.00
2010.09.13 08:40:19.215,1.7488,1.74955,1.00,6.50
2010.09.13 08:40:19.434,1.74885,1.7495,1.60,1.00
2010.09.13 08:40:20.014,1.74885,1.7495,3.20,1.00
2010.09.13 08:40:20.363,1.7488,1.7495,1.00,1.00
2010.09.13 08:40:21.278,1.7488,1.7495,1.00,1.00
2010.09.13 08:40:21.543,1.74875,1.7494,1.00,1.00
2010.09.13 08:40:22.048,1.74875,1.74945,1.00,2.00
2010.09.13 08:40:22.854,1.7488,1.74945,1.00,2.00
2010.09.13 08:40:32.875,1.74895,1.74945,1.00,1.30
2010.09.13 08:40:33.498,1.74895,1.7495,1.00,1.00
2010.09.13 08:40:33.669,1.74885,1.74955,1.30,1.10
2010.09.13 08:40:33.840,1.74885,1.74955,2.00,1.00
2010.09.13 08:40:35.237,1.7489,1.74955,1.00,1.00
2010.09.13 08:40:35.808,1.74895,1.74955,1.00,1.00
2010.09.13 08:40:37.207,1.749,1.74955,1.00,1.00
2010.09.13 08:40:37.900,1.7491,1.74955,1.00,1.00
2010.09.13 08:40:39.767,1.749,1.74975,2.30,2.00
2010.09.13 08:40:40.048,1.749,1.74965,1.60,2.00
2010.09.13 08:40:40.274,1.74895,1.74965,1.00,2.00
2010.09.13 08:40:42.275,1.7491,1.74965,1.00,1.30
2010.09.13 08:40:43.102,1.7491,1.7498,1.00,2.20
2010.09.13 08:40:43.606,1.7491,1.7496,1.00,1.00
2010.09.13 08:40:46.917,1.749,1.7496,2.30,1.00
2010.09.13 08:40:47.139,1.749,1.7497,1.00,1.00
2010.09.13 08:40:47.897,1.749,1.74975,1.00,2.00
2010.09.13 08:40:48.536,1.74895,1.74965,2.00,1.00
2010.09.13 08:40:48.855,1.74895,1.74965,1.00,2.00
2010.09.13 08:40:50.220,1.7491,1.7498,1.00,1.80
2010.09.13 08:40:52.579,1.74895,1.74965,3.90,2.00
2010.09.13 08:40:53.539,1.74895,1.74965,2.30,2.00
2010.09.13 08:40:53.569,1.74895,1.74965,1.00,2.00
2010.09.13 08:40:58.971,1.74885,1.7496,2.00,2.00
2010.09.13 08:40:59.098,1.7488,1.7495,1.00,1.00
2010.09.13 08:41:00.605,1.7489,1.7495,1.00,1.00
2010.09.13 08:41:02.245,1.7489,1.74955,1.60,1.00
2010.09.13 08:41:02.593,1.74885,1.74955,2.00,1.00
2010.09.13 08:41:08.835,1.74885,1.7496,2.00,2.00
2010.09.13 08:41:13.746,1.7489,1.7496,1.60,2.00
2010.09.13 08:41:13.955,1.74885,1.7496,2.00,2.00
2010.09.13 08:41:15.147,1.74895,1.74965,1.00,2.00
2010.09.13 08:41:15.997,1.7489,1.7496,1.60,2.00
2010.09.13 08:41:16.525,1.7489,1.7496,1.70,2.00
2010.09.13 08:41:17.128,1.74895,1.74965,1.00,2.00
2010.09.13 08:41:19.191,1.74885,1.74955,3.90,1.30
2010.09.13 08:41:19.346,1.74885,1.7495,1.60,1.00
2010.09.13 08:41:20.215,1.7488,1.7495,1.00,1.00
2010.09.13 08:41:21.845,1.74885,1.7496,2.00,2.00
2010.09.13 08:41:22.614,1.74895,1.7496,1.00,1.30
2010.09.13 08:41:23.497,1.74895,1.74965,1.00,2.00
2010.09.13 08:41:24.114,1.7489,1.7496,2.90,1.00
2010.09.13 08:41:24.327,1.74895,1.7496,1.00,1.30
2010.09.13 08:41:24.872,1.74895,1.74965,1.00,2.00
2010.09.13 08:41:31.679,1.749,1.74965,1.00,1.30
2010.09.13 08:41:31.878,1.749,1.7497,1.00,1.00
2010.09.13 08:41:32.068,1.749,1.7496,1.00,1.00
2010.09.13 08:41:32.798,1.74895,1.74965,5.20,1.00
2010.09.13 08:41:33.065,1.74895,1.74965,3.90,2.00
2010.09.13 08:41:33.335,1.74895,1.74965,1.00,2.00
2010.09.13 08:41:34.615,1.7491,1.7497,1.00,1.00
2010.09.13 08:41:34.949,1.7491,1.7497,1.00,1.40
2010.09.13 08:41:35.158,1.749,1.7497,1.60,1.40
2010.09.13 08:41:35.708,1.74895,1.7497,1.30,1.40
2010.09.13 08:41:37.386,1.7491,1.7498,1.00,3.70
2010.09.13 08:41:37.576,1.7491,1.7498,1.00,2.10
2010.09.13 08:41:37.982,1.7491,1.7498,1.00,2.10
2010.09.13 08:41:39.066,1.7491,1.7498,1.00,2.00
2010.09.13 08:41:39.937,1.7491,1.7497,1.00,1.00
2010.09.13 08:41:40.385,1.7491,1.7498,1.00,2.10
2010.09.13 08:41:41.056,1.7491,1.7496,1.00,1.00
2010.09.13 08:41:41.127,1.7491,1.7498,1.00,2.00
2010.09.13 08:41:43.421,1.74915,1.74975,1.60,1.00
2010.09.13 08:41:43.558,1.749,1.7497,1.00,1.30
2010.09.13 08:41:43.694,1.74895,1.7497,1.30,1.40
2010.09.13 08:41:43.839,1.7491,1.7498,1.30,1.60
2010.09.13 08:41:44.436,1.7491,1.7498,1.30,1.00
2010.09.13 08:41:44.784,1.7491,1.74985,1.50,1.70
2010.09.13 08:41:45.892,1.7491,1.74985,1.30,1.70
2010.09.13 08:41:46.172,1.7491,1.74985,1.40,1.70
2010.09.13 08:41:47.817,1.74925,1.74985,1.00,1.70
2010.09.13 08:41:48.019,1.74925,1.74985,1.00,1.00
2010.09.13 08:41:48.245,1.7493,1.74985,1.00,1.00
2010.09.13 08:41:48.465,1.74925,1.74985,1.00,1.00
2010.09.13 08:41:48.906,1.74925,1.7499,1.00,1.00
2010.09.13 08:41:49.124,1.74925,1.74995,1.00,2.00
2010.09.13 08:41:50.083,1.74925,1.74985,1.00,1.30
2010.09.13 08:41:50.218,1.7492,1.74985,1.00,2.00
2010.09.13 08:41:52.546,1.7493,1.74985,1.00,2.00
2010.09.13 08:41:57.840,1.7492,1.74985,1.00,2.00
2010.09.13 08:41:57.929,1.7493,1.74985,1.00,2.00
2010.09.13 08:41:58.338,1.7492,1.74985,1.00,2.00
2010.09.13 08:41:58.765,1.7492,1.7498,1.00,2.00
2010.09.13 08:41:59.669,1.7492,1.7497,1.00,1.00
2010.09.13 08:42:01.778,1.7492,1.7497,1.00,1.00
2010.09.13 08:42:02.604,1.7492,1.74965,1.00,1.00
2010.09.13 08:42:02.832,1.7491,1.74965,1.00,1.00
2010.09.13 08:42:03.058,1.7491,1.7497,1.00,1.00
2010.09.13 08:42:04.527,1.7492,1.7497,1.00,1.00
2010.09.13 08:42:05.216,1.7491,1.7497,1.00,1.00
2010.09.13 08:42:06.640,1.7492,1.7497,1.00,1.00
2010.09.13 08:42:07.114,1.7493,1.7497,1.00,1.00
2010.09.13 08:42:08.415,1.7492,1.7497,1.00,1.00
2010.09.13 08:42:08.904,1.7492,1.7497,1.00,1.00
2010.09.13 08:42:09.995,1.7492,1.74975,1.00,1.30
2010.09.13 08:42:10.256,1.7492,1.74985,1.60,1.00
2010.09.13 08:42:11.161,1.7492,1.74985,1.00,1.00
2010.09.13 08:42:11.537,1.74915,1.74985,5.20,1.00
2010.09.13 08:42:15.848,1.7492,1.7497,1.00,1.00
2010.09.13 08:42:16.167,1.7493,1.7497,1.00,1.00
2010.09.13 08:42:16.912,1.7492,1.7497,1.00,1.00
2010.09.13 08:42:17.595,1.7493,1.7497,1.00,1.00
2010.09.13 08:42:20.116,1.7492,1.7497,1.00,1.00
2010.09.13 08:42:21.265,1.7491,1.7497,1.00,1.00
2010.09.13 08:42:24.288,1.7492,1.7497,1.00,1.00
2010.09.13 08:42:28.044,1.7493,1.7497,1.00,1.00
2010.09.13 08:42:30.677,1.7491,1.7497,1.00,1.00
2010.09.13 08:42:32.784,1.7491,1.74965,1.00,1.00
2010.09.13 08:42:35.664,1.7491,1.7497,1.00,2.00
2010.09.13 08:42:35.816,1.7491,1.74965,1.00,1.00
2010.09.13 08:42:39.664,1.7491,1.7497,1.00,2.00
2010.09.13 08:42:39.769,1.7491,1.7497,1.00,1.00
2010.09.13 08:42:40.905,1.7491,1.74965,1.00,1.00
2010.09.13 08:42:43.204,1.7492,1.74965,1.00,1.00
2010.09.13 08:42:43.634,1.7492,1.7497,1.00,1.00
2010.09.13 08:42:43.825,1.7492,1.74965,1.00,1.00
2010.09.13 08:42:44.693,1.7492,1.7497,1.00,1.00
2010.09.13 08:42:44.838,1.7493,1.74975,1.00,1.30
2010.09.13 08:42:45.177,1.7493,1.7498,1.00,1.00
2010.09.13 08:42:46.867,1.74915,1.74985,1.00,2.00
2010.09.13 08:42:47.587,1.74915,1.74985,5.20,1.00
2010.09.13 08:42:47.937,1.7493,1.74985,1.00,1.00
2010.09.13 08:42:48.646,1.7493,1.7499,1.00,1.00
2010.09.13 08:42:49.326,1.7493,1.74985,1.00,1.00
2010.09.13 08:42:49.670,1.7493,1.74985,1.00,2.00
2010.09.13 08:42:50.233,1.7493,1.74985,1.00,1.00
2010.09.13 08:42:50.585,1.7493,1.74985,1.00,2.40
2010.09.13 08:42:50.928,1.7493,1.74985,1.00,4.00
2010.09.13 08:42:53.703,1.7493,1.74985,1.00,2.00
2010.09.13 08:42:54.043,1.7493,1.74985,1.00,4.00
2010.09.13 08:42:55.733,1.7493,1.74985,1.00,2.70
2010.09.13 08:42:56.395,1.7493,1.74985,1.00,2.00
2010.09.13 08:42:58.415,1.7493,1.74985,1.00,4.00
2010.09.13 08:42:59.410,1.7492,1.74985,1.00,2.00
2010.09.13 08:42:59.522,1.7493,1.74985,1.00,2.00
2010.09.13 08:43:03.539,1.7494,1.7499,1.00,1.00
2010.09.13 08:43:08.605,1.7493,1.7499,3.20,1.00
2010.09.13 08:43:08.788,1.7493,1.74985,1.00,1.00
2010.09.13 08:43:09.652,1.7493,1.74985,1.00,2.00
2010.09.13 08:43:10.872,1.7493,1.74985,1.00,1.00
2010.09.13 08:43:11.146,1.7493,1.7499,1.00,1.00
2010.09.13 08:43:13.236,1.7493,1.7499,1.00,1.00
2010.09.13 08:43:13.565,1.7493,1.74985,1.00,2.00
2010.09.13 08:43:14.947,1.74925,1.7499,1.60,1.00
2010.09.13 08:43:15.765,1.7493,1.74995,1.00,1.00
2010.09.13 08:43:15.926,1.7493,1.74995,4.00,1.00
2010.09.13 08:43:16.705,1.7493,1.7499,3.30,1.00
2010.09.13 08:43:16.896,1.7493,1.7499,1.00,1.00
2010.09.13 08:43:20.180,1.74925,1.7499,1.60,1.00
2010.09.13 08:43:20.498,1.7491,1.7498,4.00,1.00
2010.09.13 08:43:21.127,1.7492,1.7498,1.00,1.00
2010.09.13 08:43:21.972,1.7492,1.7497,1.00,1.00
2010.09.13 08:43:22.296,1.7493,1.7497,1.00,1.00
2010.09.13 08:43:22.428,1.7492,1.7497,1.00,1.00
2010.09.13 08:43:24.166,1.7491,1.7497,1.00,1.00
2010.09.13 08:43:26.094,1.7492,1.7497,1.00,1.00
2010.09.13 08:43:26.539,1.7491,1.7497,1.00,1.00
2010.09.13 08:43:26.604,1.7491,1.74965,1.00,1.00
2010.09.13 08:43:27.529,1.7491,1.7496,1.00,2.00
2010.09.13 08:43:27.729,1.7492,1.7496,1.00,2.00
2010.09.13 08:43:27.928,1.7491,1.7497,1.00,1.00
2010.09.13 08:43:28.623,1.74915,1.7498,2.30,1.00
2010.09.13 08:43:28.957,1.7492,1.74985,1.00,2.00
2010.09.13 08:43:29.281,1.7492,1.74985,3.20,2.00
2010.09.13 08:43:29.852,1.7492,1.74985,1.60,2.00
2010.09.13 08:43:30.142,1.7492,1.74985,1.00,2.00
2010.09.13 08:43:30.425,1.7492,1.74985,1.00,2.00
2010.09.13 08:43:31.509,1.7492,1.7498,1.00,2.00
2010.09.13 08:43:31.775,1.7492,1.74985,1.00,2.00
2010.09.13 08:43:32.931,1.7492,1.7498,1.00,2.00
2010.09.13 08:43:33.876,1.7492,1.7498,1.00,1.00
2010.09.13 08:43:34.616,1.7492,1.74985,1.00,2.00
2010.09.13 08:43:37.384,1.7492,1.74985,1.00,2.00
2010.09.13 08:43:40.398,1.7492,1.7498,1.00,1.30
2010.09.13 08:43:40.446,1.74915,1.7498,3.90,1.30
2010.09.13 08:43:40.494,1.74915,1.7498,3.20,2.00
2010.09.13 08:43:40.947,1.7491,1.7498,2.40,2.00
2010.09.13 08:43:42.945,1.74915,1.74985,1.00,2.00
2010.09.13 08:43:43.552,1.74915,1.74985,2.30,2.00
2010.09.13 08:43:43.842,1.74915,1.74985,3.90,2.00
2010.09.13 08:43:44.936,1.7492,1.74985,1.00,2.00
2010.09.13 08:43:46.098,1.74915,1.7498,3.90,1.00
2010.09.13 08:43:46.214,1.7492,1.74985,1.00,2.00
2010.09.13 08:43:46.335,1.74915,1.7498,3.90,1.00
2010.09.13 08:43:50.256,1.74915,1.74985,3.90,2.00
2010.09.13 08:43:50.405,1.74915,1.7498,3.20,2.00
2010.09.13 08:43:50.648,1.7491,1.7498,2.40,2.00
2010.09.13 08:43:57.026,1.7492,1.7498,1.00,2.00
2010.09.13 08:43:57.646,1.7492,1.7497,1.00,2.00
2010.09.13 08:43:58.068,1.7492,1.74955,1.00,1.00
2010.09.13 08:44:02.475,1.7491,1.74955,1.00,1.00
2010.09.13 08:44:05.634,1.7491,1.7495,1.00,1.00
2010.09.13 08:44:07.600,1.7491,1.74955,1.00,1.00
2010.09.13 08:44:07.767,1.7491,1.7495,1.00,1.00
2010.09.13 08:44:09.815,1.7491,1.74955,1.00,1.00
2010.09.13 08:44:10.728,1.7491,1.74965,1.00,1.00
2010.09.13 08:44:11.979,1.7491,1.7496,1.00,1.30
2010.09.13 08:44:12.171,1.7492,1.7496,1.00,1.30
2010.09.13 08:44:12.361,1.7491,1.74965,1.00,1.00
2010.09.13 08:44:13.968,1.7491,1.74965,1.00,1.00
2010.09.13 08:44:19.483,1.7491,1.74965,1.00,1.00
2010.09.13 08:44:20.079,1.749,1.74965,1.00,1.00
2010.09.13 08:44:23.566,1.74905,1.7497,1.00,1.00
2010.09.13 08:44:28.725,1.7491,1.7497,1.00,1.00
2010.09.13 08:44:28.795,1.74905,1.7497,1.00,1.00
2010.09.13 08:44:29.079,1.7491,1.7497,1.00,1.00
2010.09.13 08:44:30.326,1.74905,1.7497,1.00,1.00
2010.09.13 08:44:30.625,1.749,1.7497,4.40,2.00
2010.09.13 08:44:30.926,1.749,1.7493,1.20,1.60
2010.09.13 08:44:31.207,1.749,1.74925,1.00,3.20
2010.09.13 08:44:34.039,1.749,1.7494,1.00,3.20
2010.09.13 08:44:34.469,1.7491,1.7494,1.00,3.20
2010.09.13 08:44:35.411,1.7491,1.74935,1.00,3.20
2010.09.13 08:44:35.756,1.749,1.74935,1.00,3.20
2010.09.13 08:44:36.099,1.749,1.7493,1.00,1.60
2010.09.13 08:44:36.649,1.749,1.74935,1.00,1.60
2010.09.13 08:44:36.906,1.749,1.74935,1.00,3.20
2010.09.13 08:44:38.997,1.749,1.74935,1.00,3.20
2010.09.13 08:44:40.055,1.749,1.7495,1.00,2.00
2010.09.13 08:44:45.114,1.749,1.7495,1.00,1.30
2010.09.13 08:44:45.891,1.7489,1.74955,1.70,2.00
2010.09.13 08:44:47.305,1.7489,1.7495,1.70,1.00
2010.09.13 08:44:47.387,1.749,1.7495,1.00,1.00
2010.09.13 08:44:47.994,1.749,1.7495,1.00,2.00
2010.09.13 08:44:49.999,1.749,1.7495,1.00,1.00
2010.09.13 08:44:56.379,1.74905,1.74965,1.60,1.00
2010.09.13 08:44:57.077,1.749,1.74965,2.40,1.00
2010.09.13 08:44:57.281,1.7488,1.7494,1.00,1.00
2010.09.13 08:44:57.486,1.7488,1.7495,1.00,2.00
2010.09.13 08:44:57.827,1.7489,1.7496,1.00,1.00
2010.09.13 08:44:59.165,1.749,1.7496,1.00,1.00
2010.09.13 08:45:00.077,1.7489,1.7496,1.00,1.00
2010.09.13 08:45:02.046,1.749,1.7496,1.00,1.00
2010.09.13 08:45:02.600,1.7491,1.7497,1.30,1.60
2010.09.13 08:45:02.730,1.74905,1.74975,3.20,2.00
2010.09.13 08:45:02.859,1.74905,1.7497,3.20,1.00
2010.09.13 08:45:03.761,1.74905,1.7497,1.60,1.00
2010.09.13 08:45:04.108,1.749,1.74975,2.20,2.00
2010.09.13 08:45:07.881,1.749,1.7496,2.00,1.00
2010.09.13 08:45:10.783,1.74925,1.74985,1.00,2.00
2010.09.13 08:45:11.060,1.74925,1.74985,1.00,1.00
2010.09.13 08:45:12.050,1.7492,1.7498,1.30,1.00
2010.09.13 08:45:12.287,1.7491,1.7498,1.00,2.20
2010.09.13 08:45:12.529,1.7491,1.7498,2.00,1.00
2010.09.13 08:45:13.266,1.74915,1.74985,1.00,1.00
2010.09.13 08:45:13.587,1.74915,1.7498,1.00,1.00
2010.09.13 08:45:14.079,1.74915,1.7497,1.00,1.00
2010.09.13 08:45:14.396,1.7491,1.7497,1.00,1.00
2010.09.13 08:45:15.277,1.7491,1.7498,1.00,2.00
2010.09.13 08:45:16.316,1.7491,1.7498,1.00,2.00
2010.09.13 08:45:17.012,1.7491,1.7497,1.00,1.30
2010.09.13 08:45:17.192,1.749,1.74965,1.00,1.00
2010.09.13 08:45:17.789,1.7489,1.7492,1.60,1.00
2010.09.13 08:45:18.405,1.74875,1.74925,1.50,1.30
2010.09.13 08:45:18.677,1.74885,1.7496,1.30,2.00
2010.09.13 08:45:20.557,1.7489,1.7496,1.00,2.00
2010.09.13 08:45:23.818,1.7489,1.7495,1.00,1.00
2010.09.13 08:45:23.886,1.74885,1.7495,1.30,1.00
2010.09.13 08:45:24.016,1.74885,1.7493,1.30,1.60
2010.09.13 08:45:24.086,1.7488,1.74925,1.00,1.30
2010.09.13 08:45:24.156,1.7486,1.7492,1.00,1.00
2010.09.13 08:45:24.285,1.7487,1.7492,1.30,1.00
2010.09.13 08:45:24.877,1.74875,1.7493,1.00,2.00
2010.09.13 08:45:25.159,1.74885,1.7496,1.30,2.00
2010.09.13 08:45:25.658,1.749,1.7496,1.00,1.00
2010.09.13 08:45:25.906,1.749,1.74965,1.00,1.00
2010.09.13 08:45:28.106,1.749,1.74965,1.00,1.00
2010.09.13 08:45:29.846,1.749,1.74965,1.00,1.00
2010.09.13 08:45:30.154,1.749,1.74955,1.00,1.00
2010.09.13 08:45:32.185,1.74905,1.7496,1.00,1.30
2010.09.13 08:45:32.255,1.7491,1.7496,1.00,1.30
2010.09.13 08:45:32.325,1.7491,1.7497,1.00,1.00
2010.09.13 08:45:39.911,1.749,1.74945,1.00,1.00
2010.09.13 08:45:40.995,1.749,1.74945,1.00,1.00
2010.09.13 08:45:42.027,1.7489,1.74945,1.00,1.00
2010.09.13 08:45:43.165,1.7489,1.7495,1.00,1.30
2010.09.13 08:45:43.245,1.7489,1.74955,1.00,1.00
2010.09.13 08:45:43.884,1.7489,1.74955,1.00,2.00
2010.09.13 08:45:44.701,1.7489,1.7495,1.00,1.00
2010.09.13 08:45:44.983,1.7489,1.7493,1.00,2.00
2010.09.13 08:45:45.959,1.7488,1.7494,1.00,1.00
2010.09.13 08:45:46.297,1.74875,1.74935,1.00,1.30
2010.09.13 08:45:46.638,1.7488,1.7494,1.00,1.00
2010.09.13 08:45:49.739,1.749,1.7494,1.00,1.00
2010.09.13 08:45:54.684,1.7488,1.7494,1.00,1.00
2010.09.13 08:45:54.987,1.7487,1.7493,1.00,2.00
2010.09.13 08:45:55.139,1.74885,1.7493,1.00,1.30
2010.09.13 08:45:55.760,1.74885,1.7495,1.00,1.10
2010.09.13 08:45:56.024,1.74885,1.7495,1.00,2.70
2010.09.13 08:45:56.291,1.7488,1.7494,1.00,1.00
2010.09.13 08:45:58.205,1.74875,1.7494,1.00,1.00
2010.09.13 08:46:00.333,1.7487,1.7493,1.00,2.00
2010.09.13 08:46:00.525,1.7488,1.7493,1.00,2.00
2010.09.13 08:46:02.058,1.7486,1.7493,1.00,2.00
2010.09.13 08:46:03.060,1.7487,1.7493,1.00,2.00
2010.09.13 08:46:04.065,1.74865,1.7493,1.00,1.40
2010.09.13 08:46:04.196,1.7487,1.74935,1.00,1.00
2010.09.13 08:46:05.110,1.7487,1.74935,1.40,1.00
2010.09.13 08:46:05.399,1.7487,1.74935,1.00,1.00
2010.09.13 08:46:05.965,1.7487,1.7493,1.00,1.30
2010.09.13 08:46:07.080,1.7487,1.7493,1.00,2.00
2010.09.13 08:46:08.235,1.7486,1.7493,1.00,2.10
2010.09.13 08:46:08.385,1.7486,1.7493,1.00,2.00
2010.09.13 08:46:09.308,1.7486,1.7493,1.00,2.00
2010.09.13 08:46:09.495,1.7486,1.7493,1.00,2.00
2010.09.13 08:46:09.791,1.7488,1.7493,1.00,2.00
2010.09.13 08:46:15.758,1.7488,1.7493,1.00,1.30
2010.09.13 08:46:15.910,1.7488,1.7494,1.00,1.00
2010.09.13 08:46:16.837,1.74875,1.7494,1.00,1.00
2010.09.13 08:46:17.941,1.7488,1.7494,1.00,1.00
2010.09.13 08:46:18.814,1.7489,1.7494,1.00,1.00
2010.09.13 08:46:21.337,1.749,1.7494,1.00,1.00
2010.09.13 08:46:22.428,1.7488,1.7494,1.00,1.00
2010.09.13 08:46:22.675,1.7489,1.7494,1.00,1.00
2010.09.13 08:46:22.871,1.7488,1.7494,1.00,1.00
2010.09.13 08:46:28.823,1.74875,1.7494,1.00,1.00
2010.09.13 08:46:30.330,1.7488,1.7494,1.00,1.00
2010.09.13 08:46:31.421,1.7487,1.74935,1.00,1.00
2010.09.13 08:46:40.287,1.7488,1.7494,1.00,1.00
2010.09.13 08:46:40.488,1.7488,1.7494,1.00,1.00
2010.09.13 08:46:40.856,1.7489,1.7494,1.00,1.00
2010.09.13 08:46:44.341,1.7489,1.7494,1.00,1.00
2010.09.13 08:46:45.445,1.7489,1.7495,1.00,1.00
2010.09.13 08:46:47.516,1.7489,1.7494,1.00,1.00
2010.09.13 08:46:48.708,1.7489,1.7495,1.00,1.00
2010.09.13 08:46:52.329,1.7489,1.74955,1.00,2.00
2010.09.13 08:46:52.934,1.7489,1.74955,1.00,1.00
2010.09.13 08:46:56.579,1.7489,1.74955,1.00,1.00
2010.09.13 08:46:56.687,1.7489,1.74955,1.00,1.00
2010.09.13 08:46:58.253,1.749,1.7497,1.00,1.00
2010.09.13 08:46:58.517,1.749,1.7497,1.00,1.00
2010.09.13 08:46:59.192,1.7489,1.74955,1.00,1.00
2010.09.13 08:46:59.536,1.7489,1.74955,1.00,1.00
2010.09.13 08:47:00.520,1.749,1.74955,1.00,1.00
2010.09.13 08:47:00.736,1.749,1.74955,1.00,1.00
2010.09.13 08:47:01.569,1.749,1.7497,2.00,1.00
2010.09.13 08:47:01.906,1.749,1.7497,2.20,1.00
2010.09.13 08:47:03.566,1.749,1.7497,2.00,1.00
2010.09.13 08:47:09.326,1.7491,1.7497,1.00,1.00
2010.09.13 08:47:10.734,1.7491,1.7497,1.00,1.00
2010.09.13 08:47:11.076,1.7492,1.7497,1.00,1.00
2010.09.13 08:47:12.307,1.7492,1.74975,1.00,1.30
2010.09.13 08:47:12.447,1.7491,1.7497,1.00,1.00
2010.09.13 08:47:13.314,1.74905,1.7498,2.00,2.00
2010.09.13 08:47:17.094,1.7491,1.74975,1.00,1.30
2010.09.13 08:47:17.155,1.7491,1.7497,1.00,1.00
2010.09.13 08:47:20.112,1.7491,1.7497,1.00,1.00
2010.09.13 08:47:20.237,1.7491,1.7497,1.40,1.00
2010.09.13 08:47:20.376,1.74915,1.7498,1.00,1.00
2010.09.13 08:47:21.638,1.7492,1.7497,1.00,1.00
2010.09.13 08:47:25.880,1.7491,1.7497,1.00,1.00
2010.09.13 08:47:26.012,1.7492,1.7497,1.00,1.00
2010.09.13 08:47:31.267,1.7491,1.74975,1.00,1.30
2010.09.13 08:47:31.415,1.7491,1.7498,1.00,3.70
2010.09.13 08:47:32.220,1.7491,1.7498,1.00,2.10
2010.09.13 08:47:32.502,1.7491,1.7497,1.00,1.00
2010.09.13 08:47:33.037,1.749,1.74965,1.50,1.00
2010.09.13 08:47:33.757,1.749,1.74965,1.00,1.00
2010.09.13 08:47:36.875,1.749,1.7497,1.00,2.00
2010.09.13 08:47:37.245,1.7491,1.7497,1.00,1.30
2010.09.13 08:47:37.883,1.7491,1.74975,1.00,3.60
2010.09.13 08:47:37.998,1.7492,1.74975,1.00,2.00
2010.09.13 08:47:38.629,1.7491,1.74975,1.00,2.00
2010.09.13 08:47:39.057,1.74905,1.7497,1.00,1.00
2010.09.13 08:47:40.186,1.7491,1.74975,1.00,2.00
2010.09.13 08:47:40.359,1.7491,1.74975,1.00,1.00
2010.09.13 08:47:40.756,1.7491,1.74975,1.00,2.00
2010.09.13 08:47:41.299,1.74905,1.7497,1.00,1.00
2010.09.13 08:47:41.876,1.74905,1.74975,1.00,2.00
2010.09.13 08:47:44.086,1.74905,1.7497,1.00,1.00
2010.09.13 08:47:44.520,1.74905,1.74975,1.00,2.00
2010.09.13 08:47:48.290,1.7491,1.74975,1.00,2.00
2010.09.13 08:47:49.712,1.7492,1.74975,1.00,2.00
2010.09.13 08:47:49.904,1.7491,1.7498,1.00,2.00
2010.09.13 08:47:51.143,1.7492,1.74975,1.00,1.00
2010.09.13 08:47:56.290,1.7492,1.7498,1.00,1.00
2010.09.13 08:47:58.374,1.7492,1.7498,1.00,1.00
2010.09.13 08:47:58.667,1.7493,1.7498,1.00,1.00
2010.09.13 08:47:58.948,1.7492,1.7498,1.00,1.00
2010.09.13 08:47:59.649,1.7492,1.7497,1.00,1.00
2010.09.13 08:48:00.526,1.7491,1.7497,1.00,1.00
2010.09.13 08:48:01.280,1.7492,1.7497,1.00,1.00
2010.09.13 08:48:02.551,1.7493,1.74975,1.00,1.30
2010.09.13 08:48:02.714,1.7493,1.74985,1.00,1.00
2010.09.13 08:48:04.369,1.7492,1.7499,1.00,4.00
2010.09.13 08:48:04.659,1.7492,1.7499,1.00,1.00
2010.09.13 08:48:05.508,1.7493,1.7499,1.00,1.00
2010.09.13 08:48:05.799,1.7493,1.74995,1.00,1.00
2010.09.13 08:48:06.082,1.7495,1.74995,1.00,1.00
2010.09.13 08:48:06.829,1.7493,1.74995,1.00,1.00
2010.09.13 08:48:07.156,1.7493,1.74995,1.00,1.00
2010.09.13 08:48:08.970,1.7494,1.75,1.00,1.30
2010.09.13 08:48:09.157,1.7494,1.7501,2.10,1.00
2010.09.13 08:48:10.121,1.7494,1.7501,2.20,1.00
2010.09.13 08:48:10.627,1.7494,1.7501,2.00,1.00
2010.09.13 08:48:12.029,1.74955,1.7502,2.00,1.00
2010.09.13 08:48:12.581,1.74955,1.7501,1.30,1.00
2010.09.13 08:48:12.916,1.74955,1.75015,1.00,1.30
2010.09.13 08:48:13.241,1.74955,1.7502,2.00,1.00
2010.09.13 08:48:14.768,1.74955,1.75,2.00,1.00
2010.09.13 08:48:15.642,1.74955,1.7501,2.00,1.00
2010.09.13 08:48:15.932,1.74945,1.7501,5.20,1.00
2010.09.13 08:48:16.782,1.74945,1.7502,2.00,1.00
2010.09.13 08:48:19.565,1.74955,1.7502,1.00,1.00
2010.09.13 08:48:20.156,1.7496,1.7502,1.00,1.00
2010.09.13 08:48:20.816,1.7496,1.7501,1.00,1.00
2010.09.13 08:48:21.162,1.74955,1.7501,1.00,1.00
2010.09.13 08:48:21.849,1.7496,1.7501,1.00,1.00
2010.09.13 08:48:23.832,1.74955,1.7502,1.00,1.00
2010.09.13 08:48:23.937,1.7496,1.7502,1.00,1.00
2010.09.13 08:48:24.279,1.74955,1.7501,1.00,1.00
2010.09.13 08:48:27.333,1.74955,1.75015,1.00,1.30
2010.09.13 08:48:27.602,1.74955,1.7501,1.70,1.00
2010.09.13 08:48:27.738,1.74955,1.7501,1.00,1.00
2010.09.13 08:48:28.543,1.74955,1.7502,1.00,4.00
2010.09.13 08:48:28.887,1.74955,1.7502,1.00,1.00
2010.09.13 08:48:30.608,1.7495,1.75005,1.00,1.00
2010.09.13 08:48:35.433,1.7496,1.7501,1.00,1.00
2010.09.13 08:48:37.218,1.7495,1.7501,1.00,1.00
2010.09.13 08:48:38.324,1.7495,1.7501,1.00,1.00
2010.09.13 08:48:38.485,1.7496,1.75005,1.00,1.00
2010.09.13 08:48:39.169,1.7496,1.7501,1.00,1.00
2010.09.13 08:48:39.323,1.7496,1.75005,1.00,1.00
2010.09.13 08:48:39.676,1.7495,1.74995,1.00,1.00
2010.09.13 08:48:40.020,1.7495,1.75005,1.00,1.00
2010.09.13 08:48:40.367,1.7495,1.75005,1.00,1.00
2010.09.13 08:48:42.127,1.7495,1.7501,1.00,2.00
2010.09.13 08:48:42.227,1.7496,1.7501,1.00,1.00
2010.09.13 08:48:43.165,1.7495,1.74995,1.00,1.00
2010.09.13 08:48:44.313,1.7495,1.75,1.00,1.30
2010.09.13 08:48:44.558,1.74945,1.74995,1.00,1.00
2010.09.13 08:48:45.328,1.7495,1.74995,1.00,1.00
2010.09.13 08:48:52.754,1.7495,1.75005,1.00,1.00
2010.09.13 08:48:52.952,1.7495,1.7501,1.00,1.00
2010.09.13 08:48:54.944,1.7495,1.74995,1.00,1.00
2010.09.13 08:48:55.478,1.74945,1.74995,1.00,1.00
2010.09.13 08:49:02.251,1.74945,1.7499,1.00,1.00
2010.09.13 08:49:03.510,1.7494,1.74995,1.00,1.00
2010.09.13 08:49:04.403,1.7494,1.74995,1.00,1.00
2010.09.13 08:49:05.207,1.7495,1.74995,1.00,1.00
2010.09.13 08:49:06.690,1.7495,1.7501,1.00,2.00
2010.09.13 08:49:06.947,1.7495,1.75005,1.00,1.00
2010.09.13 08:49:10.295,1.74935,1.7499,1.20,1.00
2010.09.13 08:49:10.423,1.74935,1.7499,1.00,1.00
2010.09.13 08:49:10.647,1.74935,1.74995,1.00,1.00
2010.09.13 08:49:12.397,1.7495,1.74995,1.00,1.00
2010.09.13 08:49:13.329,1.7495,1.75005,1.00,1.00
2010.09.13 08:49:14.268,1.7495,1.7501,1.00,1.00
2010.09.13 08:49:14.857,1.7495,1.7501,1.00,2.00
2010.09.13 08:49:15.158,1.7495,1.75005,1.00,1.00
2010.09.13 08:49:15.913,1.7494,1.74995,1.00,1.00
2010.09.13 08:49:16.238,1.7495,1.74995,1.00,1.00
2010.09.13 08:49:23.588,1.7495,1.74995,1.00,1.00
2010.09.13 08:49:24.396,1.74955,1.7501,1.00,1.00
2010.09.13 08:49:24.590,1.74955,1.74995,1.00,1.00
2010.09.13 08:49:24.780,1.7495,1.74995,1.00,1.00
2010.09.13 08:49:28.907,1.7495,1.75,1.00,1.30
2010.09.13 08:49:29.148,1.74955,1.75,1.00,1.30
2010.09.13 08:49:30.326,1.74955,1.75005,1.00,1.00
2010.09.13 08:49:31.934,1.74955,1.7502,1.50,1.00
2010.09.13 08:49:32.238,1.74955,1.7502,1.50,1.00
2010.09.13 08:49:33.866,1.74955,1.7502,1.50,1.00
2010.09.13 08:49:34.407,1.74965,1.7502,1.00,1.00
2010.09.13 08:49:35.298,1.74975,1.75025,1.00,1.00
2010.09.13 08:49:40.299,1.74975,1.7502,1.00,1.00
2010.09.13 08:49:40.504,1.74965,1.75025,1.00,1.00
2010.09.13 08:49:44.691,1.7496,1.7502,2.80,1.00
2010.09.13 08:49:44.937,1.7496,1.7502,2.80,2.00
2010.09.13 08:49:45.067,1.7496,1.7502,1.20,1.00
2010.09.13 08:49:45.197,1.7496,1.7502,1.20,2.00
2010.09.13 08:49:48.087,1.7496,1.7501,1.20,1.00
2010.09.13 08:49:48.386,1.7496,1.7501,1.00,1.00
2010.09.13 08:49:51.771,1.7496,1.7502,1.00,1.60
2010.09.13 08:49:51.903,1.7496,1.75025,1.20,1.00
2010.09.13 08:49:54.894,1.7497,1.7503,1.00,1.50
2010.09.13 08:49:55.107,1.7497,1.7502,1.00,1.00
2010.09.13 08:49:55.343,1.7497,1.7502,1.00,1.00
2010.09.13 08:49:55.942,1.7497,1.7502,1.00,2.00
2010.09.13 08:49:58.954,1.7497,1.75025,1.00,1.00
2010.09.13 08:49:59.112,1.7497,1.7502,1.00,2.00
2010.09.13 08:50:00.195,1.74975,1.75025,1.00,1.00
2010.09.13 08:50:00.474,1.7497,1.7502,1.00,2.00
2010.09.13 08:50:03.098,1.7497,1.75025,1.00,1.00
2010.09.13 08:50:05.827,1.7497,1.75035,1.00,5.20
2010.09.13 08:50:05.995,1.74965,1.75035,2.00,2.00
2010.09.13 08:50:08.038,1.74965,1.75025,2.00,1.00
2010.09.13 08:50:10.942,1.7497,1.7503,1.00,1.30
2010.09.13 08:50:11.028,1.74975,1.7504,1.00,2.20
2010.09.13 08:50:11.345,1.74975,1.7504,1.00,2.00
2010.09.13 08:50:11.997,1.74975,1.7502,1.00,1.00
2010.09.13 08:50:12.350,1.74975,1.7503,1.00,1.00
2010.09.13 08:50:12.703,1.7498,1.7505,2.00,1.00
2010.09.13 08:50:13.542,1.75,1.7505,2.00,1.00
2010.09.13 08:50:13.820,1.75005,1.7504,1.00,1.00
2010.09.13 08:50:14.427,1.75005,1.7504,1.00,1.00
2010.09.13 08:50:14.710,1.7501,1.7506,1.00,1.00
2010.09.13 08:50:15.659,1.7501,1.7507,1.30,1.00
2010.09.13 08:50:15.939,1.75015,1.7507,1.00,1.00
2010.09.13 08:50:16.823,1.75015,1.7506,1.00,1.00
2010.09.13 08:50:18.566,1.75015,1.7506,1.00,1.00
2010.09.13 08:50:18.827,1.75015,1.7506,1.00,1.00
2010.09.13 08:50:19.890,1.75015,1.75055,1.00,1.30
2010.09.13 08:50:20.225,1.75015,1.7506,1.00,1.40
2010.09.13 08:50:21.697,1.75015,1.75055,1.00,1.30
2010.09.13 08:50:23.358,1.75015,1.7506,1.00,2.40
2010.09.13 08:50:23.577,1.75015,1.7506,1.00,1.50
2010.09.13 08:50:24.260,1.75015,1.7506,1.00,2.00
2010.09.13 08:50:24.582,1.75015,1.75055,1.00,1.30
2010.09.13 08:50:27.032,1.7501,1.75055,2.40,1.30
2010.09.13 08:50:27.137,1.7501,1.75055,1.00,1.30
2010.09.13 08:50:28.310,1.7501,1.7506,1.00,3.70
2010.09.13 08:50:28.922,1.7501,1.7506,1.00,1.40
2010.09.13 08:50:28.980,1.7501,1.7506,1.00,1.00
2010.09.13 08:50:30.182,1.7501,1.7506,1.00,1.40
2010.09.13 08:50:30.566,1.7501,1.7505,1.00,1.00
2010.09.13 08:50:31.407,1.7501,1.7506,1.00,1.00
2010.09.13 08:50:31.754,1.7501,1.75055,1.00,1.30
2010.09.13 08:50:35.807,1.7501,1.7506,1.00,2.40
2010.09.13 08:50:36.101,1.75,1.7506,2.80,1.00
2010.09.13 08:50:36.943,1.7501,1.7506,1.00,1.00
2010.09.13 08:50:39.510,1.7501,1.7506,1.00,1.00
2010.09.13 08:50:39.647,1.7501,1.7506,1.00,1.00
2010.09.13 08:50:40.053,1.7501,1.7506,1.00,1.00
2010.09.13 08:50:40.753,1.7501,1.7506,1.00,1.00
2010.09.13 08:50:40.972,1.7501,1.75055,1.00,1.30
2010.09.13 08:50:41.507,1.7501,1.7506,1.00,2.30
2010.09.13 08:50:41.689,1.7501,1.7506,1.00,1.00
2010.09.13 08:50:59.278,1.7501,1.7507,1.00,2.00
2010.09.13 08:50:59.557,1.7501,1.7506,2.00,1.00
2010.09.13 08:51:03.266,1.7501,1.7507,2.00,1.00
2010.09.13 08:51:05.546,1.7501,1.75065,2.00,1.30
2010.09.13 08:51:05.687,1.7501,1.7506,2.00,1.00
2010.09.13 08:51:09.077,1.7501,1.7506,1.60,1.00
2010.09.13 08:51:10.647,1.7501,1.7505,1.60,1.00
2010.09.13 08:51:11.367,1.75005,1.7505,2.00,2.00
2010.09.13 08:51:13.996,1.75005,1.7505,2.00,1.00
2010.09.13 08:51:14.869,1.75005,1.7505,2.00,2.00
2010.09.13 08:51:15.135,1.75005,1.75055,2.00,1.00
2010.09.13 08:51:17.616,1.75005,1.7506,2.00,1.00
2010.09.13 08:51:17.868,1.75005,1.75055,2.00,1.00
2010.09.13 08:51:21.009,1.75005,1.7506,2.00,2.00
2010.09.13 08:51:21.228,1.75005,1.7506,2.00,1.00
2010.09.13 08:51:28.835,1.7501,1.7506,1.00,1.00
2010.09.13 08:51:29.668,1.7501,1.75055,1.00,1.00
2010.09.13 08:51:32.329,1.7501,1.7506,1.00,1.00
2010.09.13 08:51:32.888,1.7501,1.75055,1.00,1.00
2010.09.13 08:51:37.294,1.7501,1.7506,1.00,1.00
2010.09.13 08:51:37.538,1.7501,1.75055,1.00,1.00
2010.09.13 08:51:37.727,1.7501,1.75055,1.00,2.30
2010.09.13 08:51:37.829,1.7501,1.7505,1.00,1.00
2010.09.13 08:51:38.471,1.7501,1.7505,1.00,2.00
2010.09.13 08:51:43.075,1.74995,1.7505,1.00,2.00
2010.09.13 08:51:51.981,1.75,1.7505,1.00,2.00
2010.09.13 08:51:52.682,1.75,1.7506,1.00,1.00
2010.09.13 08:51:52.830,1.75,1.7505,1.00,1.00
2010.09.13 08:51:53.499,1.75005,1.75055,1.00,1.00
2010.09.13 08:51:56.493,1.75005,1.7505,1.00,2.00
2010.09.13 08:51:57.238,1.75005,1.7505,1.00,2.10
2010.09.13 08:51:58.642,1.75005,1.7505,1.00,2.00
2010.09.13 08:52:01.115,1.75005,1.7504,1.00,1.00
2010.09.13 08:52:01.330,1.75005,1.7505,1.00,2.00
2010.09.13 08:52:03.578,1.75,1.7505,1.60,2.00
2010.09.13 08:52:03.627,1.75,1.7505,1.60,1.00
2010.09.13 08:52:03.729,1.75,1.7505,1.60,2.00
2010.09.13 08:52:03.827,1.75,1.7505,1.60,1.30
2010.09.13 08:52:03.877,1.74995,1.7505,1.00,1.30
2010.09.13 08:52:04.728,1.74995,1.75055,1.00,1.00
2010.09.13 08:52:05.374,1.74995,1.7505,1.00,2.00
2010.09.13 08:52:06.596,1.74995,1.7505,1.00,1.00
2010.09.13 08:52:07.388,1.74995,1.7505,1.00,1.00
2010.09.13 08:52:08.279,1.74995,1.7505,1.00,1.00
2010.09.13 08:52:25.876,1.74995,1.7506,1.00,4.00
2010.09.13 08:52:26.059,1.74995,1.7506,1.00,2.40
2010.09.13 08:52:26.148,1.74995,1.7506,1.00,1.00
2010.09.13 08:52:26.808,1.75,1.7506,1.00,1.00
2010.09.13 08:52:27.151,1.75,1.7506,1.00,1.00
2010.09.13 08:52:28.310,1.75,1.7506,1.00,1.00
2010.09.13 08:52:28.840,1.75,1.7505,1.00,1.00
2010.09.13 08:52:29.692,1.74995,1.7506,1.00,1.00
2010.09.13 08:52:30.041,1.75,1.7506,1.00,1.00
2010.09.13 08:52:30.388,1.74995,1.7506,1.00,1.00
2010.09.13 08:52:31.199,1.75,1.7506,1.00,1.00
2010.09.13 08:52:33.700,1.75,1.7505,1.00,1.00
2010.09.13 08:52:34.930,1.74995,1.7506,1.10,1.00
2010.09.13 08:52:35.159,1.74995,1.7506,2.40,1.00
2010.09.13 08:52:35.734,1.75005,1.7506,1.00,1.00
2010.09.13 08:52:36.042,1.75005,1.7505,1.00,1.30
2010.09.13 08:52:36.349,1.75005,1.7505,1.00,2.00
2010.09.13 08:52:39.003,1.75005,1.7505,1.20,2.00
2010.09.13 08:52:39.107,1.75005,1.7505,1.00,2.00
2010.09.13 08:52:40.298,1.75005,1.75045,1.00,1.00
2010.09.13 08:52:40.461,1.7501,1.7504,1.60,3.20
2010.09.13 08:52:41.166,1.75,1.75015,1.00,1.00
2010.09.13 08:52:41.503,1.74965,1.75015,1.00,1.00
2010.09.13 08:52:42.928,1.74965,1.7502,1.00,1.00
2010.09.13 08:52:43.268,1.7497,1.7502,1.00,1.00
2010.09.13 08:52:48.407,1.7497,1.75015,1.00,1.30
2010.09.13 08:52:49.041,1.7497,1.75015,1.00,2.00
2010.09.13 08:52:49.305,1.74975,1.75015,1.00,2.00
2010.09.13 08:52:58.965,1.74975,1.75005,1.00,1.00
2010.09.13 08:52:59.993,1.74975,1.75,1.00,1.00
2010.09.13 08:53:01.621,1.74975,1.7499,1.00,1.00
2010.09.13 08:53:09.441,1.7497,1.7499,1.60,1.00
2010.09.13 08:53:09.751,1.74955,1.7499,1.00,1.00
2010.09.13 08:53:16.617,1.7496,1.75,1.00,1.00
2010.09.13 08:53:18.808,1.7496,1.7499,1.00,1.00
2010.09.13 08:53:19.318,1.74955,1.75005,1.00,1.00
2010.09.13 08:53:20.275,1.7496,1.75005,1.00,1.00
2010.09.13 08:53:28.934,1.74965,1.75005,1.00,1.00
2010.09.13 08:53:29.253,1.74965,1.75005,2.00,1.00
2010.09.13 08:53:39.293,1.74965,1.7501,2.00,1.30
2010.09.13 08:53:40.286,1.74995,1.7503,1.00,1.30
2010.09.13 08:53:40.491,1.74995,1.7503,1.00,2.00
2010.09.13 08:53:41.249,1.74995,1.7503,1.00,1.00
2010.09.13 08:53:42.654,1.74995,1.75035,1.00,2.00
2010.09.13 08:53:42.997,1.74995,1.75035,1.00,1.00
2010.09.13 08:53:49.214,1.7499,1.75035,1.00,1.00
2010.09.13 08:53:50.376,1.7499,1.75035,2.00,1.00
2010.09.13 08:53:50.827,1.7499,1.7503,2.00,1.00
2010.09.13 08:53:53.684,1.75025,1.7504,1.00,1.00
2010.09.13 08:53:53.839,1.7498,1.75035,2.00,2.90
2010.09.13 08:53:53.997,1.7498,1.7503,2.00,1.00
2010.09.13 08:53:55.750,1.74995,1.75045,1.00,2.00
2010.09.13 08:53:56.040,1.74995,1.7502,1.00,1.00
2010.09.13 08:53:56.716,1.7498,1.7502,2.00,1.00
2010.09.13 08:53:57.414,1.7498,1.7501,2.00,2.00
2010.09.13 08:53:58.361,1.7498,1.75,2.00,1.00
2010.09.13 08:53:59.613,1.7498,1.75,1.60,1.00
2010.09.13 08:54:00.329,1.74955,1.75,2.80,1.00
2010.09.13 08:54:00.568,1.74955,1.75,2.00,1.00
2010.09.13 08:54:19.128,1.7496,1.75,1.00,1.00
2010.09.13 08:54:22.347,1.7496,1.74995,1.00,2.00
2010.09.13 08:54:23.813,1.74955,1.74995,1.00,1.00
2010.09.13 08:54:27.374,1.74955,1.7499,1.00,1.00
2010.09.13 08:54:29.403,1.74955,1.74995,1.00,1.00
2010.09.13 08:54:34.921,1.7495,1.74995,2.00,1.00
2010.09.13 08:54:35.129,1.7495,1.74995,2.00,2.00
2010.09.13 08:54:36.463,1.7495,1.74995,2.00,1.00
2010.09.13 08:54:39.518,1.7495,1.74995,2.80,1.00
2010.09.13 08:54:42.906,1.7495,1.7499,2.80,1.00
2010.09.13 08:54:49.184,1.74955,1.7499,1.00,1.00
2010.09.13 08:54:49.787,1.74955,1.7499,2.00,1.00
2010.09.13 08:54:51.187,1.74955,1.74995,2.00,2.00
2010.09.13 08:54:51.337,1.74955,1.74995,2.00,1.00
2010.09.13 08:54:52.437,1.74955,1.7499,2.00,1.00
2010.09.13 08:54:55.090,1.74955,1.74995,2.00,2.00
2010.09.13 08:54:59.043,1.7496,1.74995,1.00,2.00
2010.09.13 08:55:03.453,1.7496,1.7499,1.00,1.30
2010.09.13 08:55:03.567,1.7496,1.7499,1.00,2.00
2010.09.13 08:55:05.468,1.7496,1.7499,1.00,2.00
2010.09.13 08:55:08.036,1.7496,1.7499,1.00,1.30
2010.09.13 08:55:08.148,1.7496,1.74995,1.00,2.00
2010.09.13 08:55:09.598,1.7496,1.74995,1.00,2.00
2010.09.13 08:55:09.887,1.74955,1.74995,1.60,2.00
2010.09.13 08:55:11.394,1.74955,1.7499,1.60,1.00
2010.09.13 08:55:11.701,1.74955,1.7499,1.60,2.00
2010.09.13 08:55:13.697,1.74955,1.7499,1.60,1.00
2010.09.13 08:55:14.307,1.74955,1.74995,1.60,2.00
2010.09.13 08:55:15.287,1.74955,1.7499,1.60,1.00
2010.09.13 08:55:15.429,1.74955,1.7499,1.60,2.00
2010.09.13 08:55:19.354,1.74955,1.7498,1.60,1.00
2010.09.13 08:55:19.497,1.74955,1.74985,1.60,1.30
2010.09.13 08:55:19.569,1.74955,1.7499,1.60,2.00
2010.09.13 08:55:19.639,1.7495,1.7499,1.60,2.00
2010.09.13 08:55:20.273,1.7495,1.74995,1.70,2.00
2010.09.13 08:55:20.617,1.74955,1.74995,1.00,2.00
2010.09.13 08:55:22.818,1.7496,1.7499,1.00,2.00
2010.09.13 08:55:23.086,1.7496,1.7498,1.00,1.00
2010.09.13 08:55:23.887,1.7496,1.7499,1.00,1.00
2010.09.13 08:55:24.750,1.7497,1.74995,1.00,2.00
2010.09.13 08:55:25.063,1.7495,1.7499,2.40,1.30
2010.09.13 08:55:25.321,1.7495,1.74995,2.40,2.00
2010.09.13 08:55:28.018,1.7495,1.74995,2.50,2.00
2010.09.13 08:55:28.269,1.7495,1.74995,1.70,2.00
2010.09.13 08:55:29.528,1.7495,1.74995,2.10,2.00
2010.09.13 08:55:34.464,1.7495,1.74995,1.00,2.00
2010.09.13 08:55:36.916,1.7495,1.74995,1.00,2.00
2010.09.13 08:55:37.125,1.7495,1.7498,1.00,1.00
2010.09.13 08:55:38.331,1.7495,1.7498,1.00,1.00
2010.09.13 08:55:38.718,1.7495,1.7498,1.00,1.00
2010.09.13 08:55:38.909,1.7495,1.7498,1.00,1.00
2010.09.13 08:55:39.096,1.7495,1.7498,1.00,1.00
2010.09.13 08:55:41.728,1.7495,1.7498,1.00,1.00
2010.09.13 08:55:42.686,1.7495,1.7498,1.00,1.00
2010.09.13 08:55:46.338,1.7495,1.74995,1.00,1.00
2010.09.13 08:55:47.200,1.7496,1.74995,1.00,1.00
2010.09.13 08:55:51.018,1.7496,1.75005,1.00,1.00
2010.09.13 08:55:51.880,1.7497,1.75005,1.00,1.00
2010.09.13 08:55:52.571,1.7496,1.74995,1.00,1.30
2010.09.13 08:55:52.736,1.7496,1.75,1.00,1.00
2010.09.13 08:55:52.907,1.7496,1.75,1.00,1.00
2010.09.13 08:55:53.070,1.7496,1.75,1.00,1.00
2010.09.13 08:55:58.878,1.7495,1.75,1.00,1.00
2010.09.13 08:55:58.978,1.7495,1.75005,1.00,2.00
2010.09.13 08:55:59.078,1.7495,1.75005,1.00,1.00
2010.09.13 08:55:59.927,1.7495,1.75005,1.00,1.00
2010.09.13 08:56:02.125,1.7496,1.75005,1.00,1.00
2010.09.13 08:56:02.950,1.7496,1.75015,1.00,1.00
2010.09.13 08:56:06.358,1.7496,1.75005,1.00,1.00
2010.09.13 08:56:08.169,1.7494,1.75005,1.00,1.00
2010.09.13 08:56:08.281,1.7495,1.75005,1.00,1.00
2010.09.13 08:56:09.188,1.7495,1.75015,1.00,1.00
2010.09.13 08:56:09.808,1.7496,1.75015,1.00,1.00
2010.09.13 08:56:10.695,1.7496,1.75015,1.00,1.00
2010.09.13 08:56:10.936,1.7495,1.75015,1.00,1.00
2010.09.13 08:56:11.179,1.7496,1.75015,1.00,1.00
2010.09.13 08:56:11.419,1.7495,1.75015,1.00,1.00
2010.09.13 08:56:13.678,1.7496,1.75015,1.00,1.00
2010.09.13 08:56:13.893,1.7495,1.75015,1.00,1.00
2010.09.13 08:56:14.680,1.7496,1.75015,1.00,1.00
2010.09.13 08:56:15.286,1.7495,1.75015,1.00,1.00
2010.09.13 08:56:17.445,1.7495,1.75005,1.00,1.00
2010.09.13 08:56:17.599,1.7495,1.75015,1.00,1.00
2010.09.13 08:56:19.378,1.7495,1.75005,1.00,1.00
2010.09.13 08:56:24.698,1.7494,1.75005,1.00,1.00
2010.09.13 08:56:24.982,1.7495,1.74995,1.00,1.00
2010.09.13 08:56:25.875,1.7495,1.74995,1.00,2.00
2010.09.13 08:56:26.121,1.7495,1.75,1.00,1.00
2010.09.13 08:56:29.921,1.7495,1.74995,1.00,1.30
2010.09.13 08:56:30.079,1.7495,1.74995,1.00,2.00
2010.09.13 08:56:30.266,1.7494,1.74995,1.00,2.00
2010.09.13 08:56:30.457,1.74935,1.74995,1.60,2.00
2010.09.13 08:56:31.063,1.7494,1.74995,1.60,1.30
2010.09.13 08:56:31.309,1.7495,1.75015,1.00,2.00
2010.09.13 08:56:32.631,1.7495,1.75015,1.00,2.00
2010.09.13 08:56:32.979,1.7495,1.75015,1.00,2.00
2010.09.13 08:56:35.826,1.74945,1.7501,1.30,1.00
2010.09.13 08:56:35.958,1.7495,1.7501,1.00,1.00
2010.09.13 08:56:36.147,1.7495,1.75015,1.00,2.00
2010.09.13 08:56:36.775,1.7495,1.75015,1.00,2.00
2010.09.13 08:56:37.000,1.7495,1.75015,1.00,2.00
2010.09.13 08:56:37.594,1.7495,1.7501,1.00,1.00
2010.09.13 08:56:37.816,1.7495,1.75015,1.00,2.00
2010.09.13 08:56:39.135,1.7495,1.75015,1.00,2.30
2010.09.13 08:56:49.624,1.7495,1.75015,1.00,1.00
2010.09.13 08:56:49.704,1.7495,1.75015,1.00,1.00
2010.09.13 08:56:55.661,1.7494,1.75005,1.30,1.00
2010.09.13 08:56:56.308,1.7494,1.75005,1.00,1.00
2010.09.13 08:56:58.487,1.7493,1.75,1.00,2.00
2010.09.13 08:57:04.015,1.7494,1.75,1.00,2.00
2010.09.13 08:57:04.167,1.74945,1.75015,2.00,1.00
2010.09.13 08:57:04.297,1.7495,1.75015,1.00,1.00
2010.09.13 08:57:06.567,1.7496,1.75015,1.00,1.00
2010.09.13 08:57:06.850,1.7495,1.75015,1.00,1.00
2010.09.13 08:57:08.259,1.7496,1.75015,1.00,1.00
2010.09.13 08:57:08.808,1.74945,1.75015,2.00,1.00
2010.09.13 08:57:09.417,1.7495,1.7502,1.00,2.90
2010.09.13 08:57:09.548,1.74965,1.7503,1.00,1.00
2010.09.13 08:57:12.515,1.74955,1.75025,2.00,1.00
2010.09.13 08:57:12.864,1.7496,1.75035,2.20,5.20
2010.09.13 08:57:13.433,1.7496,1.75035,2.20,3.60
2010.09.13 08:57:13.632,1.7496,1.75035,2.20,2.00
2010.09.13 08:57:14.509,1.7497,1.75035,1.00,1.00
2010.09.13 08:57:14.855,1.7497,1.75035,1.00,2.00
2010.09.13 08:57:16.979,1.7496,1.7503,2.10,1.00
2010.09.13 08:57:18.687,1.7496,1.75025,1.60,1.00
2010.09.13 08:57:18.817,1.7496,1.75025,1.00,1.00
2010.09.13 08:57:19.860,1.74955,1.75025,2.00,1.00
2010.09.13 08:57:21.445,1.7495,1.7502,1.00,1.00
2010.09.13 08:57:26.076,1.7495,1.7502,1.00,1.00
2010.09.13 08:57:26.180,1.7495,1.75015,1.00,1.30
2010.09.13 08:57:26.277,1.7496,1.75015,1.00,1.30
2010.09.13 08:57:26.378,1.7496,1.7501,1.00,1.00
2010.09.13 08:57:26.707,1.7495,1.7501,1.00,1.00
2010.09.13 08:57:28.698,1.7497,1.7502,1.00,1.60
2010.09.13 08:57:29.470,1.7497,1.75025,1.00,2.00
2010.09.13 08:57:30.596,1.7496,1.75025,1.00,2.00
2010.09.13 08:57:34.026,1.7496,1.75025,1.00,1.30
2010.09.13 08:57:34.210,1.7496,1.7502,1.00,1.00
2010.09.13 08:57:36.179,1.7496,1.7503,1.00,2.00
2010.09.13 08:57:36.338,1.74955,1.75015,1.30,1.00
2010.09.13 08:57:36.498,1.7495,1.75015,1.00,1.00
2010.09.13 08:57:37.183,1.7495,1.75,1.00,1.00
2010.09.13 08:57:37.481,1.7495,1.7501,1.00,5.20
2010.09.13 08:57:37.778,1.7495,1.7501,1.00,2.00
2010.09.13 08:57:38.613,1.7495,1.7501,1.00,2.00
2010.09.13 08:57:42.076,1.7496,1.7501,1.00,1.00
2010.09.13 08:57:42.272,1.7496,1.7502,1.00,2.30
2010.09.13 08:57:42.460,1.7496,1.7502,1.00,1.00
2010.09.13 08:57:43.568,1.7496,1.7502,1.00,1.00
2010.09.13 08:57:49.026,1.7496,1.7501,1.00,1.00
2010.09.13 08:57:49.181,1.7496,1.7502,1.00,2.30
2010.09.13 08:57:50.400,1.7496,1.7502,1.00,1.00
2010.09.13 08:57:50.594,1.7497,1.7502,1.00,1.00
2010.09.13 08:57:50.779,1.7497,1.75025,1.00,2.00
2010.09.13 08:57:51.443,1.7497,1.75025,1.00,1.00
2010.09.13 08:57:53.334,1.7497,1.75025,1.00,1.00
2010.09.13 08:57:53.665,1.7498,1.75035,1.00,2.00
2010.09.13 08:57:55.070,1.7497,1.75035,1.00,1.30
2010.09.13 08:57:55.288,1.7497,1.7504,1.00,1.00
2010.09.13 08:58:01.275,1.7497,1.7504,1.00,1.00
2010.09.13 08:58:02.548,1.7498,1.7504,1.00,1.00
2010.09.13 08:58:02.866,1.7498,1.7504,1.00,1.00
2010.09.13 08:58:09.291,1.7497,1.7504,1.00,1.00
2010.09.13 08:58:09.747,1.7498,1.7504,1.00,1.00
2010.09.13 08:58:10.999,1.7498,1.7504,1.50,1.00
2010.09.13 08:58:12.330,1.74985,1.7505,1.00,1.00
2010.09.13 08:58:12.997,1.7499,1.7505,1.00,1.00
2010.09.13 08:58:16.275,1.7499,1.7505,1.30,1.00
2010.09.13 08:58:16.514,1.75005,1.7506,1.00,1.00
2010.09.13 08:58:17.060,1.75005,1.7506,1.70,1.00
2010.09.13 08:58:17.401,1.75005,1.7507,1.00,1.00
2010.09.13 08:58:19.239,1.7502,1.7507,1.00,1.00
2010.09.13 08:58:21.171,1.7502,1.75055,1.00,1.00
2010.09.13 08:58:29.763,1.75005,1.75055,2.00,1.00
2010.09.13 08:58:34.268,1.7502,1.75055,1.60,1.00
2010.09.13 08:58:35.057,1.75,1.7505,1.00,1.00
2010.09.13 08:58:35.271,1.7499,1.7505,1.30,1.00
2010.09.13 08:58:35.489,1.74995,1.75055,1.00,1.00
2010.09.13 08:58:36.448,1.74985,1.75055,2.00,1.00
2010.09.13 08:58:38.355,1.75,1.75055,1.00,1.00
2010.09.13 08:58:39.572,1.7498,1.75045,5.20,1.00
2010.09.13 08:58:39.886,1.7498,1.75045,2.30,1.00
2010.09.13 08:58:40.324,1.7498,1.75045,2.40,1.00
2010.09.13 08:58:40.828,1.74995,1.7505,1.00,1.30
2010.09.13 08:58:41.163,1.74995,1.75055,1.00,1.00
2010.09.13 08:58:45.933,1.75,1.75055,1.00,1.00
2010.09.13 08:58:53.309,1.74995,1.75055,1.00,1.00
2010.09.13 08:58:54.652,1.75,1.75055,1.00,1.00
2010.09.13 08:58:58.917,1.74995,1.75055,2.00,1.00
2010.09.13 08:58:59.088,1.75,1.75055,1.00,1.00
2010.09.13 08:59:01.187,1.75005,1.75055,2.00,1.00
2010.09.13 08:59:03.341,1.7501,1.75055,1.30,1.00
2010.09.13 08:59:03.686,1.75025,1.75055,1.00,1.00
2010.09.13 08:59:03.861,1.7501,1.75055,1.00,1.00
2010.09.13 08:59:08.324,1.75025,1.75055,1.00,1.00
2010.09.13 08:59:08.525,1.7503,1.75055,2.00,1.00
2010.09.13 08:59:11.430,1.75045,1.75055,1.00,1.00
2010.09.13 08:59:11.880,1.7503,1.75055,2.00,1.00
2010.09.13 08:59:21.557,1.7503,1.75055,1.30,1.00
2010.09.13 08:59:21.678,1.75025,1.75055,1.00,1.00
2010.09.13 08:59:29.450,1.7502,1.75055,1.00,1.00
2010.09.13 08:59:32.835,1.75015,1.75055,1.00,1.00
2010.09.13 08:59:38.119,1.7502,1.75055,1.00,1.00
2010.09.13 08:59:39.672,1.7502,1.75055,1.10,1.00
2010.09.13 08:59:40.837,1.7502,1.75055,1.00,1.00
2010.09.13 08:59:45.080,1.7502,1.75055,1.10,1.00
2010.09.13 08:59:47.248,1.7502,1.75055,1.00,1.00
2010.09.13 08:59:50.158,1.7501,1.75055,1.60,1.00
2010.09.13 08:59:52.001,1.75015,1.75055,1.00,1.00
2010.09.13 08:59:52.793,1.75025,1.75055,2.00,1.00
2010.09.13 08:59:54.031,1.7504,1.75055,1.00,1.00
2010.09.13 08:59:57.361,1.7503,1.75055,2.00,1.00
2010.09.13 08:59:58.223,1.7504,1.75055,1.00,1.00
2010.09.13 08:59:58.568,1.75055,1.75065,1.00,1.00
2010.09.13 08:59:58.910,1.75065,1.75135,1.00,2.00
2010.09.13 08:59:59.615,1.7506,1.7512,1.30,1.00
2010.09.13 08:59:59.864,1.75055,1.7512,1.00,1.00
