2017.06.27 13:00:00.581,1.54664,1.54707,1.07,1.20
2017.06.27 13:00:00.886,1.54663,1.54704,2.32,1.12
2017.06.27 13:00:01.258,1.54663,1.54705,1.95,1.37
2017.06.27 13:00:01.310,1.54663,1.54705,1.57,1.37
2017.06.27 13:00:02.027,1.54664,1.54705,1.07,1.37
2017.06.27 13:00:02.430,1.54664,1.54708,1.10,1.82
2017.06.27 13:00:02.852,1.5466,1.54704,1.95,1.95
2017.06.27 13:00:03.238,1.5466,1.54704,1.57,1.57
2017.06.27 13:00:03.744,1.5466,1.54705,1.57,1.50
2017.06.27 13:00:04.111,1.54664,1.54704,1.07,1.12
2017.06.27 13:00:04.415,1.54664,1.54704,1.07,1.12
2017.06.27 13:00:04.787,1.54664,1.54705,1.07,1.37
2017.06.27 13:00:05.335,1.54664,1.54704,1.07,1.12
2017.06.27 13:00:05.437,1.54665,1.54705,1.45,1.37
2017.06.27 13:00:05.845,1.54665,1.54704,1.07,1.12
2017.06.27 13:00:06.048,1.54662,1.54706,1.45,1.47
2017.06.27 13:00:06.184,1.54661,1.54707,1.20,1.95
2017.06.27 13:00:06.746,1.54661,1.54707,1.57,2.02
2017.06.27 13:00:06.848,1.54661,1.54706,1.45,1.50
2017.06.27 13:00:07.729,1.54661,1.54707,1.45,1.20
2017.06.27 13:00:08.374,1.54659,1.54705,1.57,1.37
2017.06.27 13:00:08.526,1.54659,1.54705,1.57,1.37
2017.06.27 13:00:08.842,1.54659,1.54705,1.20,1.45
2017.06.27 13:00:08.944,1.54659,1.54705,1.57,2.62
2017.06.27 13:00:09.465,1.54659,1.54703,1.57,1.00
2017.06.27 13:00:09.601,1.5466,1.54703,1.07,1.00
2017.06.27 13:00:09.893,1.5466,1.54703,1.07,1.00
2017.06.27 13:00:10.443,1.5466,1.54703,1.67,1.07
2017.06.27 13:00:10.545,1.5466,1.54705,2.55,1.95
2017.06.27 13:00:10.893,1.54663,1.54707,4.05,1.12
2017.06.27 13:00:11.046,1.54667,1.54709,1.60,1.95
2017.06.27 13:00:11.097,1.54667,1.54709,1.60,1.57
2017.06.27 13:00:11.253,1.54672,1.54715,1.60,1.82
2017.06.27 13:00:11.355,1.5467,1.54716,1.60,1.95
2017.06.27 13:00:11.540,1.54674,1.54719,2.17,1.82
2017.06.27 13:00:11.896,1.54674,1.54714,3.30,1.07
2017.06.27 13:00:11.947,1.54674,1.54713,2.10,1.00
2017.06.27 13:00:12.049,1.5468,1.54712,1.60,1.00
2017.06.27 13:00:12.380,1.54674,1.54702,1.00,1.00
2017.06.27 13:00:12.482,1.54671,1.54702,2.25,1.00
2017.06.27 13:00:12.635,1.54673,1.54701,1.00,1.00
2017.06.27 13:00:12.939,1.54677,1.54701,1.00,1.00
2017.06.27 13:00:13.068,1.54673,1.54701,1.57,1.00
2017.06.27 13:00:13.574,1.54674,1.547,1.00,1.00
2017.06.27 13:00:13.777,1.54675,1.54704,1.00,1.00
2017.06.27 13:00:13.878,1.54677,1.54704,1.00,1.00
2017.06.27 13:00:14.537,1.54682,1.54709,1.00,1.00
2017.06.27 13:00:14.849,1.54697,1.54723,1.00,1.00
2017.06.27 13:00:15.154,1.54695,1.54718,1.00,1.00
2017.06.27 13:00:15.533,1.54697,1.54722,1.00,1.00
2017.06.27 13:00:15.737,1.54699,1.54722,1.00,1.00
2017.06.27 13:00:15.991,1.54683,1.5471,1.00,1.00
2017.06.27 13:00:16.513,1.54682,1.54709,1.07,1.00
2017.06.27 13:00:16.615,1.54685,1.54711,1.00,1.00
2017.06.27 13:00:16.666,1.54683,1.5471,1.00,1.00
2017.06.27 13:00:17.034,1.54679,1.54708,1.10,1.00
2017.06.27 13:00:17.237,1.5468,1.54711,1.00,1.00
2017.06.27 13:00:17.288,1.54682,1.54709,1.00,1.00
2017.06.27 13:00:17.592,1.54674,1.54703,1.07,1.00
2017.06.27 13:00:17.643,1.54679,1.54708,1.00,1.20
2017.06.27 13:00:17.930,1.54681,1.5471,1.00,1.00
2017.06.27 13:00:18.486,1.54681,1.54704,1.00,1.00
2017.06.27 13:00:18.995,1.5468,1.54702,1.00,1.00
2017.06.27 13:00:19.360,1.54678,1.54704,1.00,1.00
2017.06.27 13:00:19.546,1.54678,1.54707,1.00,1.50
2017.06.27 13:00:19.648,1.54678,1.54703,1.00,1.00
2017.06.27 13:00:19.863,1.54678,1.54705,1.00,1.00
2017.06.27 13:00:19.965,1.54676,1.54704,1.00,1.00
2017.06.27 13:00:20.117,1.54676,1.54702,1.10,1.00
2017.06.27 13:00:20.169,1.54676,1.54704,1.10,1.00
2017.06.27 13:00:20.739,1.54676,1.54703,1.00,1.00
2017.06.27 13:00:20.959,1.54679,1.54703,1.00,1.00
2017.06.27 13:00:21.010,1.54677,1.54705,1.00,1.00
2017.06.27 13:00:21.301,1.54674,1.54697,1.07,1.00
2017.06.27 13:00:21.404,1.54665,1.54698,1.95,1.00
2017.06.27 13:00:21.537,1.54665,1.54695,1.20,1.00
2017.06.27 13:00:21.588,1.54664,1.54693,1.57,1.00
2017.06.27 13:00:21.993,1.54664,1.54693,1.07,1.00
2017.06.27 13:00:22.044,1.54667,1.54694,1.00,1.00
2017.06.27 13:00:22.146,1.54667,1.54696,1.00,1.50
2017.06.27 13:00:22.348,1.54665,1.54696,1.00,1.50
2017.06.27 13:00:22.603,1.54668,1.54697,1.00,1.00
2017.06.27 13:00:22.654,1.54669,1.54699,1.00,1.00
2017.06.27 13:00:22.756,1.54673,1.54699,1.00,1.00
2017.06.27 13:00:22.807,1.54673,1.54702,1.00,1.50
2017.06.27 13:00:22.909,1.5467,1.54701,1.10,1.00
2017.06.27 13:00:22.960,1.54675,1.54697,1.00,1.00
2017.06.27 13:00:23.214,1.5467,1.54698,1.10,1.00
2017.06.27 13:00:23.316,1.54674,1.54696,1.00,1.00
2017.06.27 13:00:23.450,1.54672,1.54697,1.00,1.00
2017.06.27 13:00:23.552,1.54671,1.54698,1.07,1.00
2017.06.27 13:00:23.603,1.54676,1.54706,1.00,2.70
2017.06.27 13:00:23.654,1.54681,1.5471,1.07,2.25
2017.06.27 13:00:23.705,1.54685,1.54715,1.00,3.75
2017.06.27 13:00:23.807,1.54685,1.54715,1.10,1.00
2017.06.27 13:00:23.858,1.54685,1.54715,1.07,1.00
2017.06.27 13:00:23.959,1.54685,1.54715,1.00,1.00
2017.06.27 13:00:24.010,1.54681,1.54713,1.07,1.00
2017.06.27 13:00:24.540,1.54681,1.54713,1.00,1.00
2017.06.27 13:00:25.276,1.54681,1.54711,1.00,1.00
2017.06.27 13:00:25.428,1.54678,1.54709,1.12,1.10
2017.06.27 13:00:25.530,1.54676,1.54708,1.50,1.07
2017.06.27 13:00:25.631,1.54676,1.54708,1.00,1.00
2017.06.27 13:00:25.783,1.54676,1.54706,1.00,1.00
2017.06.27 13:00:25.834,1.54676,1.54708,1.00,1.50
2017.06.27 13:00:26.088,1.54676,1.54706,1.00,1.00
2017.06.27 13:00:26.392,1.54679,1.54707,1.00,1.00
2017.06.27 13:00:26.696,1.54679,1.54705,1.00,1.07
2017.06.27 13:00:26.798,1.54677,1.54704,1.00,1.10
2017.06.27 13:00:27.042,1.54677,1.54702,1.00,1.00
2017.06.27 13:00:27.194,1.54677,1.54704,1.00,1.00
2017.06.27 13:00:27.447,1.54676,1.54702,1.00,1.00
2017.06.27 13:00:27.960,1.54676,1.54701,1.00,1.00
2017.06.27 13:00:28.013,1.54672,1.54699,1.00,1.00
2017.06.27 13:00:28.310,1.54675,1.54701,1.00,1.00
2017.06.27 13:00:28.614,1.54673,1.54699,1.00,1.00
2017.06.27 13:00:28.900,1.54663,1.54694,1.55,1.00
2017.06.27 13:00:29.053,1.54663,1.54691,1.00,1.00
2017.06.27 13:00:29.307,1.5466,1.54689,1.00,1.00
2017.06.27 13:00:29.760,1.54665,1.54689,1.00,1.50
2017.06.27 13:00:30.445,1.54665,1.54687,1.00,1.00
2017.06.27 13:00:30.744,1.54663,1.54686,1.00,1.00
2017.06.27 13:00:31.372,1.54666,1.54689,1.00,1.00
2017.06.27 13:00:31.575,1.54668,1.54693,1.00,1.00
2017.06.27 13:00:31.839,1.54663,1.54687,1.00,1.00
2017.06.27 13:00:33.771,1.54653,1.54676,1.00,1.00
2017.06.27 13:00:34.176,1.5465,1.54673,1.00,1.00
2017.06.27 13:00:35.391,1.54653,1.54678,1.00,1.00
2017.06.27 13:00:35.442,1.54656,1.54676,1.00,1.00
2017.06.27 13:00:35.493,1.54651,1.54678,1.00,1.00
2017.06.27 13:00:36.020,1.5465,1.54676,1.00,1.00
2017.06.27 13:00:36.358,1.54652,1.54678,1.00,1.00
2017.06.27 13:00:36.878,1.5465,1.54675,1.00,1.00
2017.06.27 13:00:37.345,1.54654,1.54679,1.00,1.00
2017.06.27 13:00:38.039,1.54656,1.54679,1.00,1.00
2017.06.27 13:00:38.292,1.54654,1.54679,1.50,1.00
2017.06.27 13:00:38.698,1.54655,1.54681,1.00,1.00
2017.06.27 13:00:38.815,1.54654,1.54679,1.00,1.00
2017.06.27 13:00:39.332,1.54653,1.54679,1.00,1.00
2017.06.27 13:00:39.989,1.54655,1.54681,1.00,1.00
2017.06.27 13:00:40.293,1.54641,1.54667,1.00,1.00
2017.06.27 13:00:40.611,1.54642,1.54669,1.00,1.00
2017.06.27 13:00:40.662,1.54645,1.54672,1.00,1.00
2017.06.27 13:00:40.967,1.54647,1.54672,1.00,1.00
2017.06.27 13:00:41.486,1.54647,1.54673,1.00,1.00
2017.06.27 13:00:41.800,1.54649,1.54678,1.00,1.00
2017.06.27 13:00:42.155,1.54651,1.5468,1.00,1.00
2017.06.27 13:00:42.502,1.5465,1.54677,1.00,1.00
2017.06.27 13:00:43.073,1.54647,1.54676,1.00,1.00
2017.06.27 13:00:43.614,1.54647,1.54675,1.00,1.00
2017.06.27 13:00:44.076,1.54648,1.54673,1.00,1.00
2017.06.27 13:00:44.611,1.54647,1.54674,1.00,1.00
2017.06.27 13:00:44.919,1.54645,1.54668,1.00,1.00
2017.06.27 13:00:45.122,1.54642,1.54668,1.00,1.00
2017.06.27 13:00:45.224,1.54642,1.54666,1.00,1.00
2017.06.27 13:00:45.547,1.54647,1.5467,1.00,1.00
2017.06.27 13:00:45.852,1.54644,1.54667,1.00,1.00
2017.06.27 13:00:46.248,1.54641,1.54666,1.00,1.00
2017.06.27 13:00:46.401,1.54634,1.54661,1.00,1.50
2017.06.27 13:00:46.707,1.54633,1.54658,1.37,1.00
2017.06.27 13:00:46.758,1.54634,1.54661,1.37,1.00
2017.06.27 13:00:47.052,1.54634,1.54661,1.37,1.00
2017.06.27 13:00:47.410,1.54635,1.54662,1.00,1.00
2017.06.27 13:00:47.511,1.54634,1.5466,1.12,1.00
2017.06.27 13:00:48.033,1.54634,1.54662,1.37,1.00
2017.06.27 13:00:48.431,1.54634,1.54662,1.37,1.00
2017.06.27 13:00:48.785,1.5464,1.54661,1.00,1.00
2017.06.27 13:00:48.846,1.54643,1.54666,1.00,1.00
2017.06.27 13:00:49.201,1.54646,1.54667,1.00,1.00
2017.06.27 13:00:49.637,1.54646,1.54671,1.12,1.50
2017.06.27 13:00:50.295,1.54645,1.54671,1.50,1.50
2017.06.27 13:00:50.599,1.54643,1.54669,2.25,1.00
2017.06.27 13:00:51.014,1.5464,1.54666,1.12,1.00
2017.06.27 13:00:51.521,1.5464,1.54667,1.00,1.00
2017.06.27 13:00:51.842,1.54642,1.54667,1.00,1.00
2017.06.27 13:00:52.374,1.54643,1.54668,1.00,1.00
2017.06.27 13:00:52.890,1.54642,1.54667,1.00,1.00
2017.06.27 13:00:53.264,1.5464,1.54667,1.00,1.00
2017.06.27 13:00:53.315,1.54642,1.54668,1.00,1.00
2017.06.27 13:00:53.618,1.54642,1.54666,1.12,1.00
2017.06.27 13:00:54.425,1.54643,1.54667,1.00,1.00
2017.06.27 13:00:57.072,1.54643,1.54667,1.37,1.00
2017.06.27 13:00:57.126,1.54643,1.54669,1.37,1.00
2017.06.27 13:00:57.886,1.54643,1.54667,1.37,1.00
2017.06.27 13:00:58.257,1.54641,1.54664,1.57,1.00
2017.06.27 13:00:58.308,1.5464,1.54664,1.07,1.00
2017.06.27 13:00:58.663,1.54638,1.54665,1.45,1.00
2017.06.27 13:00:59.251,1.54641,1.54666,1.00,1.00
2017.06.27 13:00:59.555,1.54639,1.54664,1.47,1.00
2017.06.27 13:01:00.313,1.5464,1.54667,1.00,1.00
2017.06.27 13:01:00.854,1.5464,1.54666,1.12,1.00
2017.06.27 13:01:01.342,1.54639,1.54664,1.12,1.00
2017.06.27 13:01:01.853,1.5464,1.54665,1.00,1.00
2017.06.27 13:01:02.308,1.54642,1.54665,1.00,1.00
2017.06.27 13:01:02.658,1.54643,1.54667,1.12,1.00
2017.06.27 13:01:02.709,1.54643,1.54669,1.37,1.00
2017.06.27 13:01:03.238,1.54642,1.54669,1.37,1.00
2017.06.27 13:01:03.788,1.54644,1.54669,1.12,1.00
2017.06.27 13:01:04.311,1.54643,1.54669,1.12,1.00
2017.06.27 13:01:04.837,1.54644,1.54669,1.00,1.00
2017.06.27 13:01:05.438,1.54645,1.54668,1.00,1.00
2017.06.27 13:01:06.748,1.54644,1.54668,1.00,1.00
2017.06.27 13:01:07.298,1.54642,1.54667,1.87,1.00
2017.06.27 13:01:07.521,1.54644,1.5467,1.00,1.00
2017.06.27 13:01:08.350,1.54644,1.54669,1.00,1.00
2017.06.27 13:01:09.003,1.54645,1.54669,1.00,1.00
2017.06.27 13:01:09.537,1.54647,1.54669,1.00,1.00
2017.06.27 13:01:09.689,1.54645,1.54669,1.12,1.00
2017.06.27 13:01:10.038,1.54652,1.54676,1.00,1.00
2017.06.27 13:01:10.089,1.54653,1.54678,1.00,1.12
2017.06.27 13:01:10.242,1.54656,1.5468,1.00,1.00
2017.06.27 13:01:10.757,1.54657,1.5468,1.00,1.00
2017.06.27 13:01:11.286,1.54656,1.54679,1.00,1.00
2017.06.27 13:01:11.831,1.54657,1.5468,1.00,1.00
2017.06.27 13:01:11.882,1.54658,1.54682,1.00,1.00
2017.06.27 13:01:11.934,1.54652,1.54674,1.00,1.00
2017.06.27 13:01:11.985,1.54649,1.54673,1.50,1.00
2017.06.27 13:01:12.493,1.54648,1.54674,1.00,1.00
2017.06.27 13:01:13.303,1.54648,1.54673,1.00,1.00
2017.06.27 13:01:13.676,1.54648,1.54671,1.50,1.00
2017.06.27 13:01:14.102,1.5465,1.54671,1.00,1.00
2017.06.27 13:01:14.628,1.54649,1.54671,1.00,1.00
2017.06.27 13:01:15.231,1.5465,1.54671,1.00,1.00
2017.06.27 13:01:15.332,1.54648,1.54674,1.50,1.00
2017.06.27 13:01:15.383,1.54649,1.54672,1.50,1.00
2017.06.27 13:01:15.586,1.54652,1.54676,1.00,1.00
2017.06.27 13:01:15.637,1.54654,1.5468,1.00,1.00
2017.06.27 13:01:15.739,1.54659,1.54682,1.00,1.00
2017.06.27 13:01:16.040,1.54658,1.5468,1.00,1.00
2017.06.27 13:01:16.536,1.54656,1.54679,1.00,1.00
2017.06.27 13:01:16.639,1.54654,1.54678,1.00,1.00
2017.06.27 13:01:16.791,1.54657,1.54679,1.00,1.00
2017.06.27 13:01:17.384,1.54658,1.54682,1.00,1.00
2017.06.27 13:01:17.748,1.5466,1.54683,1.00,1.00
2017.06.27 13:01:18.103,1.54657,1.5468,1.50,1.00
2017.06.27 13:01:18.401,1.54659,1.54685,1.00,1.00
2017.06.27 13:01:18.896,1.54661,1.54685,1.00,1.00
2017.06.27 13:01:18.998,1.54659,1.54685,1.00,1.00
2017.06.27 13:01:19.100,1.5466,1.54683,1.00,1.00
2017.06.27 13:01:19.569,1.54662,1.54685,1.00,1.00
2017.06.27 13:01:19.620,1.54658,1.54683,1.50,1.00
2017.06.27 13:01:19.670,1.5466,1.54683,1.00,1.00
2017.06.27 13:01:21.494,1.5466,1.54685,1.00,1.00
2017.06.27 13:01:21.637,1.54662,1.54685,1.00,1.00
2017.06.27 13:01:22.990,1.54661,1.54684,1.00,1.00
2017.06.27 13:01:23.395,1.54657,1.54683,1.00,1.00
2017.06.27 13:01:24.049,1.54657,1.54681,1.00,1.50
2017.06.27 13:01:24.592,1.54658,1.54682,1.00,1.00
2017.06.27 13:01:25.120,1.54656,1.54681,1.00,1.50
2017.06.27 13:01:25.474,1.54655,1.54679,1.00,1.00
2017.06.27 13:01:25.776,1.54655,1.54677,1.00,1.00
2017.06.27 13:01:26.029,1.54656,1.54679,1.00,1.00
2017.06.27 13:01:27.014,1.54654,1.54679,1.00,1.00
2017.06.27 13:01:27.217,1.54658,1.54683,1.00,1.00
2017.06.27 13:01:27.521,1.54657,1.5468,1.00,1.00
2017.06.27 13:01:29.257,1.54656,1.54681,1.00,1.00
2017.06.27 13:01:29.433,1.54656,1.54677,1.00,1.00
2017.06.27 13:01:29.955,1.54658,1.54682,1.00,1.00
2017.06.27 13:01:30.007,1.5466,1.54683,1.00,1.00
2017.06.27 13:01:30.310,1.54662,1.54685,1.00,1.00
2017.06.27 13:01:31.094,1.54664,1.54687,1.50,1.00
2017.06.27 13:01:31.603,1.54665,1.54688,1.00,1.00
2017.06.27 13:01:32.202,1.54666,1.54689,1.00,1.00
2017.06.27 13:01:32.880,1.54668,1.5469,1.00,1.00
2017.06.27 13:01:33.430,1.54667,1.54689,1.00,1.00
2017.06.27 13:01:33.634,1.54665,1.54688,1.00,1.00
2017.06.27 13:01:33.937,1.54666,1.5469,1.00,1.00
2017.06.27 13:01:33.989,1.54668,1.54692,1.00,1.00
2017.06.27 13:01:34.415,1.54665,1.54692,1.00,1.00
2017.06.27 13:01:34.517,1.54669,1.54693,1.00,1.00
2017.06.27 13:01:34.567,1.54666,1.54691,1.00,1.00
2017.06.27 13:01:34.720,1.54664,1.5469,1.00,1.00
2017.06.27 13:01:35.124,1.54677,1.54701,1.00,2.25
2017.06.27 13:01:35.327,1.54681,1.54706,1.00,1.00
2017.06.27 13:01:35.632,1.54679,1.54703,1.00,1.00
2017.06.27 13:01:36.580,1.5468,1.54705,1.00,1.00
2017.06.27 13:01:37.584,1.5468,1.54707,1.50,1.00
2017.06.27 13:01:38.402,1.5468,1.54705,1.00,1.00
2017.06.27 13:01:38.453,1.54679,1.54707,1.00,1.00
2017.06.27 13:01:39.150,1.5468,1.54708,1.00,1.00
2017.06.27 13:01:39.657,1.54679,1.54708,1.50,1.10
2017.06.27 13:01:40.158,1.5468,1.54708,1.00,1.10
2017.06.27 13:01:40.438,1.54678,1.54707,1.50,1.00
2017.06.27 13:01:40.607,1.54679,1.54705,1.00,1.00
2017.06.27 13:01:40.759,1.5468,1.54709,1.50,1.00
2017.06.27 13:01:41.281,1.54681,1.54709,1.00,1.00
2017.06.27 13:01:41.706,1.5468,1.54707,1.00,1.50
2017.06.27 13:01:42.031,1.54679,1.54705,1.00,1.50
2017.06.27 13:01:42.204,1.5468,1.54708,1.00,1.50
2017.06.27 13:01:42.765,1.54681,1.5471,1.00,1.00
2017.06.27 13:01:43.192,1.54676,1.547,1.00,1.00
2017.06.27 13:01:43.698,1.54677,1.547,1.00,1.00
2017.06.27 13:01:44.515,1.54676,1.547,1.00,1.00
2017.06.27 13:01:45.053,1.54676,1.54699,1.00,1.00
2017.06.27 13:01:45.154,1.54674,1.54699,1.00,1.00
2017.06.27 13:01:45.575,1.54672,1.54696,1.00,1.00
2017.06.27 13:01:46.116,1.5467,1.54696,1.50,1.00
2017.06.27 13:01:46.658,1.54671,1.54696,1.00,1.00
2017.06.27 13:01:47.262,1.5467,1.54696,1.00,1.00
2017.06.27 13:01:47.436,1.54672,1.54696,1.00,1.00
2017.06.27 13:01:48.965,1.5467,1.54696,1.00,1.00
2017.06.27 13:01:49.224,1.54671,1.54699,1.00,1.00
2017.06.27 13:01:49.376,1.54673,1.54699,1.00,1.00
2017.06.27 13:01:49.867,1.54675,1.547,1.00,1.00
2017.06.27 13:01:50.339,1.54675,1.54698,1.00,1.00
2017.06.27 13:01:50.932,1.54682,1.54706,1.00,1.00
2017.06.27 13:01:51.034,1.54684,1.54706,1.00,1.00
2017.06.27 13:01:51.553,1.54685,1.54706,1.00,1.00
2017.06.27 13:01:52.191,1.54686,1.54706,1.00,1.00
2017.06.27 13:01:52.704,1.54685,1.54706,1.00,1.00
2017.06.27 13:01:53.458,1.54685,1.54708,1.00,1.00
2017.06.27 13:01:53.986,1.54686,1.54707,1.00,1.00
2017.06.27 13:01:54.188,1.54686,1.54709,1.00,1.00
2017.06.27 13:01:54.239,1.54686,1.54704,1.00,1.00
2017.06.27 13:01:54.290,1.54682,1.54704,1.00,1.00
2017.06.27 13:01:54.341,1.54679,1.54704,1.00,1.00
2017.06.27 13:01:54.442,1.54681,1.54707,1.50,1.00
2017.06.27 13:01:54.493,1.54684,1.54709,1.00,1.00
2017.06.27 13:01:54.999,1.54685,1.54709,1.00,1.00
2017.06.27 13:01:55.509,1.54684,1.54709,1.00,1.00
2017.06.27 13:01:55.712,1.54682,1.54709,1.50,1.00
2017.06.27 13:01:56.679,1.54683,1.54707,1.00,1.00
2017.06.27 13:01:56.780,1.54683,1.54709,1.00,1.50
2017.06.27 13:01:57.150,1.54685,1.54709,1.00,1.00
2017.06.27 13:01:57.755,1.54686,1.5471,1.00,1.00
2017.06.27 13:01:58.281,1.54685,1.54709,1.00,1.00
2017.06.27 13:01:58.887,1.54684,1.5471,1.00,1.00
2017.06.27 13:02:00.351,1.54683,1.54707,1.00,1.00
2017.06.27 13:02:00.919,1.54684,1.54709,1.00,1.00
2017.06.27 13:02:00.970,1.54687,1.54711,1.00,1.00
2017.06.27 13:02:01.122,1.54687,1.54714,1.00,1.00
2017.06.27 13:02:01.225,1.54685,1.54712,1.50,1.00
2017.06.27 13:02:01.562,1.54698,1.5472,1.00,1.00
2017.06.27 13:02:01.613,1.54696,1.5472,1.00,1.00
2017.06.27 13:02:01.967,1.54695,1.54716,1.00,1.00
2017.06.27 13:02:02.018,1.54691,1.54716,1.50,1.00
2017.06.27 13:02:02.069,1.54691,1.54713,1.00,1.00
2017.06.27 13:02:02.120,1.54691,1.54716,1.00,1.00
2017.06.27 13:02:02.318,1.54693,1.5472,1.00,1.00
2017.06.27 13:02:02.368,1.54696,1.5472,1.00,1.00
2017.06.27 13:02:02.672,1.54694,1.54718,1.00,1.00
2017.06.27 13:02:04.756,1.54692,1.54717,1.00,1.00
2017.06.27 13:02:05.319,1.54691,1.54716,1.00,1.00
2017.06.27 13:02:06.633,1.54692,1.54716,1.00,1.00
2017.06.27 13:02:08.879,1.54691,1.54716,1.50,1.00
2017.06.27 13:02:09.473,1.54692,1.54716,1.00,1.00
2017.06.27 13:02:09.759,1.54693,1.54718,1.00,1.00
2017.06.27 13:02:10.660,1.54692,1.54718,1.50,1.00
2017.06.27 13:02:11.693,1.54692,1.54716,1.00,1.00
2017.06.27 13:02:11.997,1.54691,1.54714,1.00,1.00
2017.06.27 13:02:12.542,1.54692,1.54714,1.00,1.00
2017.06.27 13:02:13.048,1.54692,1.54715,1.00,1.00
2017.06.27 13:02:13.099,1.54694,1.54718,1.00,1.00
2017.06.27 13:02:13.225,1.54692,1.54718,1.00,1.00
2017.06.27 13:02:13.631,1.54691,1.54715,1.50,1.00
2017.06.27 13:02:15.007,1.5469,1.54714,1.50,1.00
2017.06.27 13:02:16.340,1.54691,1.54714,1.00,1.00
2017.06.27 13:02:16.965,1.54693,1.54716,1.50,1.00
2017.06.27 13:02:17.478,1.54692,1.54717,1.00,1.00
2017.06.27 13:02:20.184,1.54693,1.54717,1.00,1.00
2017.06.27 13:02:22.060,1.54693,1.54716,1.00,1.00
2017.06.27 13:02:22.669,1.54693,1.54717,1.00,1.00
2017.06.27 13:02:23.191,1.54691,1.54716,1.00,1.00
2017.06.27 13:02:23.242,1.54691,1.54714,1.00,1.00
2017.06.27 13:02:23.394,1.54689,1.54713,1.00,1.00
2017.06.27 13:02:23.446,1.54691,1.54714,1.00,1.00
2017.06.27 13:02:23.761,1.54693,1.54714,1.00,1.00
2017.06.27 13:02:24.278,1.54693,1.54713,1.00,1.00
2017.06.27 13:02:24.417,1.54693,1.54715,1.00,1.00
2017.06.27 13:02:25.284,1.54692,1.54715,1.00,1.00
2017.06.27 13:02:25.386,1.54692,1.54713,1.00,1.00
2017.06.27 13:02:25.886,1.54695,1.54714,1.00,1.00
2017.06.27 13:02:26.146,1.54695,1.54718,1.00,1.00
2017.06.27 13:02:26.197,1.54694,1.5472,1.50,1.00
2017.06.27 13:02:26.248,1.54696,1.54721,1.00,1.00
2017.06.27 13:02:26.552,1.54702,1.54724,1.00,1.00
2017.06.27 13:02:27.173,1.54703,1.54724,1.00,1.00
2017.06.27 13:02:27.224,1.54705,1.54729,1.00,1.57
2017.06.27 13:02:27.326,1.54703,1.54729,1.50,1.50
2017.06.27 13:02:27.529,1.54705,1.54729,1.00,1.50
2017.06.27 13:02:27.581,1.54703,1.54729,1.00,1.50
2017.06.27 13:02:27.986,1.54701,1.54725,1.00,1.00
2017.06.27 13:02:28.149,1.54699,1.54724,1.00,1.00
2017.06.27 13:02:29.005,1.54698,1.54724,1.00,1.00
2017.06.27 13:02:31.075,1.54694,1.54721,1.12,1.00
2017.06.27 13:02:31.578,1.54693,1.54721,1.00,1.10
2017.06.27 13:02:32.250,1.54693,1.54723,1.00,1.00
2017.06.27 13:02:32.301,1.54691,1.54721,1.50,1.00
2017.06.27 13:02:32.810,1.54696,1.54722,1.00,1.00
2017.06.27 13:02:33.115,1.54699,1.54723,1.00,1.00
2017.06.27 13:02:33.932,1.54699,1.54724,1.00,1.00
2017.06.27 13:02:34.233,1.54701,1.54726,1.00,1.00
2017.06.27 13:02:34.576,1.54703,1.54728,1.00,1.00
2017.06.27 13:02:35.083,1.54703,1.54729,1.00,1.00
2017.06.27 13:02:35.976,1.54702,1.54729,1.00,1.00
2017.06.27 13:02:37.235,1.54706,1.54729,1.00,1.00
2017.06.27 13:02:37.387,1.54705,1.54735,1.10,1.50
2017.06.27 13:02:37.438,1.54708,1.54738,1.35,1.50
2017.06.27 13:02:37.793,1.54706,1.54735,1.00,1.00
2017.06.27 13:02:38.100,1.54705,1.54733,1.00,2.25
2017.06.27 13:02:38.799,1.54706,1.54733,1.00,1.50
2017.06.27 13:02:39.512,1.54713,1.54733,1.00,1.00
2017.06.27 13:02:39.664,1.54712,1.54737,1.00,1.00
2017.06.27 13:02:40.311,1.54706,1.54732,1.00,1.00
2017.06.27 13:02:40.565,1.54708,1.54733,1.00,1.00
2017.06.27 13:02:41.300,1.54707,1.54731,1.00,1.00
2017.06.27 13:02:41.814,1.54706,1.54731,1.00,1.00
2017.06.27 13:02:42.117,1.54708,1.54732,1.00,1.00
2017.06.27 13:02:43.109,1.54707,1.54731,1.00,1.00
2017.06.27 13:02:43.660,1.54706,1.54731,1.00,1.00
2017.06.27 13:02:44.859,1.54704,1.54731,1.50,1.00
2017.06.27 13:02:44.955,1.54704,1.54729,1.00,1.00
2017.06.27 13:02:45.788,1.54712,1.54729,1.00,1.00
2017.06.27 13:02:45.840,1.54712,1.54731,1.00,1.00
2017.06.27 13:02:46.718,1.54711,1.54731,1.00,1.00
2017.06.27 13:02:47.338,1.54712,1.54731,1.00,1.00
2017.06.27 13:02:47.558,1.54713,1.54734,1.00,1.00
2017.06.27 13:02:47.693,1.54715,1.54734,1.00,1.00
2017.06.27 13:02:48.013,1.54713,1.54734,1.00,1.00
2017.06.27 13:02:48.353,1.54711,1.54731,1.00,1.00
2017.06.27 13:02:48.657,1.54709,1.54729,1.00,1.00
2017.06.27 13:02:48.990,1.54708,1.54732,1.00,1.00
2017.06.27 13:02:49.399,1.5471,1.54734,1.00,1.00
2017.06.27 13:02:49.734,1.54712,1.54734,1.00,1.00
2017.06.27 13:02:50.248,1.54713,1.54734,1.00,1.00
2017.06.27 13:02:50.732,1.54717,1.54737,1.00,1.00
2017.06.27 13:02:50.833,1.54717,1.54739,1.00,1.00
2017.06.27 13:02:51.205,1.54715,1.54739,1.00,1.00
2017.06.27 13:02:51.804,1.54714,1.54739,1.00,1.00
2017.06.27 13:02:52.247,1.54712,1.54739,1.00,1.00
2017.06.27 13:02:52.549,1.54711,1.54737,1.00,1.00
2017.06.27 13:02:53.393,1.54708,1.54734,1.00,1.00
2017.06.27 13:02:53.696,1.54715,1.54735,1.00,1.00
2017.06.27 13:02:54.070,1.54717,1.54738,1.00,1.00
2017.06.27 13:02:54.439,1.54713,1.54738,1.00,1.00
2017.06.27 13:02:55.010,1.54714,1.54739,1.00,1.00
2017.06.27 13:02:55.268,1.54719,1.54739,1.00,1.00
2017.06.27 13:02:56.250,1.54718,1.54736,1.00,1.00
2017.06.27 13:02:57.128,1.54713,1.5474,1.00,1.00
2017.06.27 13:02:57.231,1.5472,1.5474,1.00,1.00
2017.06.27 13:02:58.196,1.54719,1.5474,1.00,1.00
2017.06.27 13:02:58.719,1.5472,1.5474,1.00,1.00
2017.06.27 13:02:59.299,1.54719,1.5474,1.00,1.00
2017.06.27 13:02:59.603,1.5472,1.54737,1.00,1.00
2017.06.27 13:03:00.759,1.5472,1.54734,1.00,1.00
2017.06.27 13:03:00.810,1.54718,1.54734,1.00,1.00
2017.06.27 13:03:01.642,1.54717,1.54734,1.00,1.00
2017.06.27 13:03:03.801,1.54716,1.54734,1.00,1.00
2017.06.27 13:03:05.016,1.54715,1.54734,1.00,1.00
2017.06.27 13:03:05.067,1.54715,1.54726,1.00,1.00
2017.06.27 13:03:05.118,1.54709,1.54723,1.00,1.00
2017.06.27 13:03:05.169,1.54704,1.54719,1.00,1.00
2017.06.27 13:03:05.270,1.54707,1.54723,1.00,1.00
2017.06.27 13:03:05.321,1.54704,1.54723,1.00,1.00
2017.06.27 13:03:05.777,1.54704,1.5472,1.00,1.00
2017.06.27 13:03:05.879,1.54701,1.5472,1.00,1.00
2017.06.27 13:03:06.615,1.54702,1.5472,1.00,1.00
2017.06.27 13:03:08.033,1.54701,1.5472,1.00,1.00
2017.06.27 13:03:08.575,1.54702,1.5472,1.00,1.00
2017.06.27 13:03:09.236,1.547,1.54718,1.00,1.00
2017.06.27 13:03:10.283,1.54701,1.54718,1.00,1.00
2017.06.27 13:03:10.828,1.547,1.54718,1.00,1.00
2017.06.27 13:03:11.379,1.54701,1.54718,1.00,1.00
2017.06.27 13:03:12.830,1.547,1.54718,1.00,1.00
2017.06.27 13:03:13.372,1.547,1.54717,1.00,1.00
2017.06.27 13:03:13.922,1.547,1.54714,1.00,1.00
2017.06.27 13:03:14.367,1.547,1.54718,1.00,1.00
2017.06.27 13:03:14.541,1.54701,1.5472,1.00,1.00
2017.06.27 13:03:14.596,1.54705,1.5472,1.00,1.00
2017.06.27 13:03:15.407,1.54705,1.54721,1.00,1.00
2017.06.27 13:03:15.966,1.54704,1.54721,1.00,1.00
2017.06.27 13:03:16.624,1.54703,1.54721,1.00,1.00
2017.06.27 13:03:17.148,1.54704,1.54721,1.00,1.00
2017.06.27 13:03:17.625,1.54705,1.54723,1.00,1.00
2017.06.27 13:03:18.182,1.54704,1.54724,1.00,1.00
2017.06.27 13:03:18.709,1.54705,1.54724,1.00,1.00
2017.06.27 13:03:19.425,1.54704,1.54724,1.00,1.00
2017.06.27 13:03:19.592,1.54706,1.54726,1.00,1.00
2017.06.27 13:03:19.906,1.54708,1.54726,1.00,1.00
2017.06.27 13:03:20.007,1.54702,1.54726,1.50,1.00
2017.06.27 13:03:20.109,1.54709,1.54728,1.00,1.00
2017.06.27 13:03:20.160,1.54704,1.54728,2.10,1.00
2017.06.27 13:03:20.713,1.5471,1.54726,1.00,1.00
2017.06.27 13:03:20.865,1.54708,1.54726,1.00,1.00
2017.06.27 13:03:21.444,1.54709,1.54729,1.00,1.00
2017.06.27 13:03:21.968,1.5471,1.54732,1.00,1.00
2017.06.27 13:03:22.070,1.54712,1.54732,1.00,1.00
2017.06.27 13:03:22.483,1.54713,1.54735,1.00,1.00
2017.06.27 13:03:22.534,1.54713,1.54732,1.00,1.00
2017.06.27 13:03:22.701,1.54711,1.54732,1.00,1.00
2017.06.27 13:03:23.239,1.5471,1.54732,1.00,1.00
2017.06.27 13:03:23.504,1.5471,1.54734,1.00,1.00
2017.06.27 13:03:24.081,1.54711,1.54734,1.00,1.00
2017.06.27 13:03:24.335,1.54707,1.54734,1.35,1.00
2017.06.27 13:03:24.538,1.54707,1.54732,1.35,1.00
2017.06.27 13:03:24.589,1.54707,1.54734,1.35,1.00
2017.06.27 13:03:26.233,1.54709,1.54733,1.00,1.00
2017.06.27 13:03:26.408,1.54706,1.54731,1.00,1.00
2017.06.27 13:03:28.118,1.54704,1.54728,2.25,1.00
2017.06.27 13:03:28.819,1.547,1.54722,1.12,1.00
2017.06.27 13:03:28.870,1.54696,1.54719,1.00,1.00
2017.06.27 13:03:28.920,1.54696,1.54717,1.00,1.00
2017.06.27 13:03:28.971,1.54691,1.54717,1.10,1.00
2017.06.27 13:03:29.022,1.54689,1.54713,1.00,1.00
2017.06.27 13:03:29.903,1.54686,1.54713,1.07,1.00
2017.06.27 13:03:30.106,1.54686,1.54713,1.10,1.00
2017.06.27 13:03:30.157,1.54685,1.5471,1.57,1.00
2017.06.27 13:03:30.377,1.54688,1.54714,1.10,1.00
2017.06.27 13:03:30.967,1.54688,1.54715,1.00,1.00
2017.06.27 13:03:31.527,1.54688,1.54712,1.00,1.00
2017.06.27 13:03:31.729,1.54685,1.54712,1.00,1.50
2017.06.27 13:03:33.272,1.54687,1.54714,1.00,1.00
2017.06.27 13:03:34.281,1.54687,1.54712,1.00,1.00
2017.06.27 13:03:34.485,1.54687,1.54714,1.00,1.50
2017.06.27 13:03:35.268,1.54687,1.54712,1.00,1.00
2017.06.27 13:03:35.872,1.54686,1.54711,1.00,1.00
2017.06.27 13:03:36.035,1.54684,1.5471,1.00,1.00
2017.06.27 13:03:36.288,1.54686,1.54711,1.00,1.00
2017.06.27 13:03:36.938,1.54688,1.54713,1.00,1.00
2017.06.27 13:03:38.366,1.54689,1.54713,1.00,1.00
2017.06.27 13:03:38.771,1.54691,1.54716,1.00,1.00
2017.06.27 13:03:39.431,1.54689,1.54716,1.00,1.00
2017.06.27 13:03:40.428,1.54689,1.54714,1.00,1.00
2017.06.27 13:03:42.784,1.54686,1.54711,1.00,1.00
2017.06.27 13:03:43.139,1.54684,1.54709,1.50,1.00
2017.06.27 13:03:43.778,1.54685,1.5471,1.00,1.00
2017.06.27 13:03:44.942,1.54685,1.54712,1.00,1.00
2017.06.27 13:03:45.206,1.54685,1.54712,1.42,1.00
2017.06.27 13:03:45.725,1.54685,1.54712,1.42,1.00
2017.06.27 13:03:45.776,1.54685,1.54712,1.42,1.00
2017.06.27 13:03:46.068,1.54685,1.54712,1.42,1.00
2017.06.27 13:03:47.364,1.54684,1.54711,1.42,1.00
2017.06.27 13:03:47.770,1.54684,1.54711,1.10,1.00
2017.06.27 13:03:48.002,1.54683,1.54709,1.57,1.00
2017.06.27 13:03:48.256,1.54694,1.54721,1.60,1.00
2017.06.27 13:03:48.307,1.54696,1.54723,1.00,1.12
2017.06.27 13:03:48.561,1.54696,1.54723,1.60,1.00
2017.06.27 13:03:48.663,1.54699,1.54726,1.00,1.00
2017.06.27 13:03:49.223,1.54704,1.54726,1.00,1.00
2017.06.27 13:03:49.639,1.54704,1.54724,1.00,1.00
2017.06.27 13:03:50.073,1.54706,1.54725,1.00,1.00
2017.06.27 13:03:50.697,1.54705,1.54725,1.00,1.00
2017.06.27 13:03:51.252,1.547,1.54725,1.35,1.00
2017.06.27 13:03:52.120,1.54701,1.54726,1.00,1.00
2017.06.27 13:03:53.105,1.54701,1.54725,1.00,1.00
2017.06.27 13:03:53.257,1.54697,1.54723,1.00,1.00
2017.06.27 13:03:53.664,1.54699,1.54724,1.00,1.00
2017.06.27 13:03:53.996,1.54701,1.54726,1.00,1.00
2017.06.27 13:03:54.705,1.54701,1.54727,1.00,1.00
2017.06.27 13:03:55.268,1.547,1.54724,1.00,1.00
2017.06.27 13:03:56.152,1.54703,1.5473,1.35,1.00
2017.06.27 13:03:56.203,1.54706,1.5473,1.00,1.00
2017.06.27 13:03:56.507,1.54708,1.54732,1.00,1.00
2017.06.27 13:03:57.140,1.54708,1.54735,1.00,1.00
2017.06.27 13:03:58.090,1.54709,1.54733,1.00,1.00
2017.06.27 13:03:58.367,1.54707,1.54732,1.00,1.00
2017.06.27 13:03:58.899,1.54708,1.54733,1.00,1.00
2017.06.27 13:03:59.051,1.54706,1.54732,1.50,1.00
2017.06.27 13:03:59.963,1.54707,1.54733,1.00,1.00
2017.06.27 13:04:00.979,1.54707,1.54732,1.00,1.00
2017.06.27 13:04:01.732,1.54705,1.5473,1.00,1.00
2017.06.27 13:04:02.237,1.54704,1.54728,1.00,1.00
2017.06.27 13:04:02.288,1.54702,1.54728,1.50,1.00
2017.06.27 13:04:02.819,1.54705,1.54729,1.00,1.00
2017.06.27 13:04:03.377,1.54703,1.54729,1.00,1.00
2017.06.27 13:04:03.580,1.54706,1.54729,1.00,1.00
2017.06.27 13:04:04.181,1.54705,1.54729,1.00,1.00
2017.06.27 13:04:04.792,1.54706,1.5473,1.00,1.00
2017.06.27 13:04:05.502,1.54707,1.5473,1.00,1.00
2017.06.27 13:04:05.913,1.54709,1.54731,1.00,1.00
2017.06.27 13:04:06.065,1.54706,1.5473,1.00,1.00
2017.06.27 13:04:06.217,1.54708,1.5473,1.00,1.00
2017.06.27 13:04:06.756,1.54706,1.5473,1.00,1.00
2017.06.27 13:04:07.279,1.54708,1.54731,1.00,1.00
2017.06.27 13:04:08.026,1.54707,1.54731,1.00,1.00
2017.06.27 13:04:09.313,1.54706,1.54731,1.50,1.00
2017.06.27 13:04:09.979,1.54706,1.5473,1.00,1.00
2017.06.27 13:04:10.283,1.54712,1.54734,1.00,1.00
2017.06.27 13:04:10.812,1.5471,1.54734,1.60,1.00
2017.06.27 13:04:11.116,1.5471,1.54736,2.10,1.00
2017.06.27 13:04:11.167,1.54714,1.54736,1.00,1.00
2017.06.27 13:04:11.319,1.54714,1.54739,1.50,1.00
2017.06.27 13:04:11.370,1.54717,1.54737,1.00,1.00
2017.06.27 13:04:11.422,1.54713,1.54737,1.00,1.00
2017.06.27 13:04:11.473,1.54716,1.5474,1.00,1.00
2017.06.27 13:04:11.764,1.54711,1.54737,1.12,1.00
2017.06.27 13:04:11.865,1.54713,1.54737,1.00,1.00
2017.06.27 13:04:12.324,1.5471,1.54737,1.50,1.00
2017.06.27 13:04:12.478,1.54713,1.54737,1.00,1.00
2017.06.27 13:04:12.859,1.54715,1.54737,1.00,1.00
2017.06.27 13:04:13.178,1.54713,1.54737,1.00,1.00
2017.06.27 13:04:13.470,1.54715,1.54737,1.00,1.00
2017.06.27 13:04:13.673,1.54713,1.54737,1.00,1.00
2017.06.27 13:04:13.908,1.54711,1.54737,1.00,1.00
2017.06.27 13:04:14.112,1.54714,1.54737,1.00,1.00
2017.06.27 13:04:14.661,1.54715,1.54737,1.00,1.00
2017.06.27 13:04:15.191,1.54714,1.54737,1.00,1.00
2017.06.27 13:04:16.653,1.54713,1.54737,1.00,1.00
2017.06.27 13:04:17.499,1.54711,1.54737,1.00,1.00
2017.06.27 13:04:18.610,1.5471,1.54737,1.50,1.00
2017.06.27 13:04:18.812,1.54712,1.54737,1.00,1.00
2017.06.27 13:04:19.865,1.54711,1.54736,1.00,1.00
2017.06.27 13:04:20.463,1.54712,1.54737,1.00,1.00
2017.06.27 13:04:21.213,1.54712,1.54736,1.50,1.00
2017.06.27 13:04:21.836,1.54714,1.54736,1.00,1.00
2017.06.27 13:04:21.989,1.54712,1.54736,1.00,1.00
2017.06.27 13:04:23.356,1.54711,1.54735,1.50,1.00
2017.06.27 13:04:24.413,1.54711,1.54736,1.00,1.00
2017.06.27 13:04:24.615,1.54713,1.54736,1.00,1.00
2017.06.27 13:04:24.717,1.54713,1.54738,1.50,1.00
2017.06.27 13:04:25.021,1.54711,1.54736,1.50,1.00
2017.06.27 13:04:25.828,1.54712,1.54736,1.00,1.00
2017.06.27 13:04:26.898,1.54711,1.54736,1.50,1.00
2017.06.27 13:04:27.464,1.54713,1.54736,1.00,1.00
2017.06.27 13:04:28.035,1.54712,1.54736,1.00,1.00
2017.06.27 13:04:28.579,1.54711,1.54736,1.50,1.00
2017.06.27 13:04:29.115,1.54712,1.54735,1.00,1.00
2017.06.27 13:04:29.499,1.5471,1.54735,1.50,1.00
2017.06.27 13:04:29.600,1.54712,1.54735,1.00,1.00
2017.06.27 13:04:29.651,1.5471,1.54735,1.50,1.00
2017.06.27 13:04:30.134,1.54708,1.54734,1.50,1.00
2017.06.27 13:04:30.495,1.54711,1.54735,1.00,1.00
2017.06.27 13:04:30.547,1.54712,1.54738,1.00,1.00
2017.06.27 13:04:30.700,1.54714,1.54738,1.00,1.00
2017.06.27 13:04:30.802,1.54712,1.54738,1.00,1.00
2017.06.27 13:04:31.393,1.54712,1.54736,1.00,1.00
2017.06.27 13:04:31.816,1.5471,1.54735,1.00,1.00
2017.06.27 13:04:31.918,1.54707,1.54731,1.12,1.00
2017.06.27 13:04:32.873,1.54708,1.54732,1.00,1.00
2017.06.27 13:04:34.034,1.5471,1.54732,1.00,1.00
2017.06.27 13:04:34.341,1.5471,1.54735,1.00,1.00
2017.06.27 13:04:34.543,1.54708,1.54735,1.00,1.00
2017.06.27 13:04:35.000,1.54712,1.54735,1.00,1.00
2017.06.27 13:04:35.102,1.54708,1.54735,1.50,1.00
2017.06.27 13:04:35.153,1.54709,1.54732,1.00,1.00
2017.06.27 13:04:35.203,1.54704,1.5473,2.32,1.00
2017.06.27 13:04:35.362,1.54707,1.54731,1.00,1.00
2017.06.27 13:04:35.463,1.54708,1.54734,1.00,1.00
2017.06.27 13:04:35.666,1.5471,1.54734,1.00,1.00
2017.06.27 13:04:36.199,1.54711,1.54735,1.00,1.00
2017.06.27 13:04:36.859,1.5471,1.54734,1.50,1.00
2017.06.27 13:04:37.240,1.54707,1.54732,1.37,1.00
2017.06.27 13:04:37.743,1.54709,1.54728,1.00,1.00
2017.06.27 13:04:38.314,1.54709,1.5473,1.00,1.00
2017.06.27 13:04:38.467,1.54708,1.54733,1.00,1.00
2017.06.27 13:04:38.518,1.54706,1.54729,1.07,1.00
2017.06.27 13:04:38.569,1.54705,1.54729,1.00,1.00
2017.06.27 13:04:39.157,1.54706,1.54728,1.00,1.00
2017.06.27 13:04:39.208,1.5471,1.54734,1.37,1.00
2017.06.27 13:04:39.310,1.54716,1.54736,1.00,1.00
2017.06.27 13:04:39.664,1.54717,1.54741,1.00,1.00
2017.06.27 13:04:39.767,1.5472,1.54741,1.00,1.00
2017.06.27 13:04:40.200,1.54716,1.54741,1.00,1.00
2017.06.27 13:04:40.661,1.54721,1.54741,1.00,1.00
2017.06.27 13:04:41.269,1.5472,1.54741,1.00,1.00
2017.06.27 13:04:41.829,1.54721,1.54741,1.00,1.00
2017.06.27 13:04:41.930,1.54719,1.54741,1.00,1.00
2017.06.27 13:04:42.447,1.54719,1.54742,1.00,1.00
2017.06.27 13:04:42.700,1.54723,1.54744,1.00,1.00
2017.06.27 13:04:42.802,1.54719,1.54741,1.00,1.00
2017.06.27 13:04:42.853,1.54721,1.54741,1.00,1.00
2017.06.27 13:04:43.028,1.54719,1.54741,1.00,1.00
2017.06.27 13:04:43.181,1.54721,1.54741,1.00,1.00
2017.06.27 13:04:43.317,1.54719,1.54741,1.00,1.00
2017.06.27 13:04:43.532,1.54716,1.54741,1.00,1.00
2017.06.27 13:04:43.785,1.54714,1.54738,1.00,1.00
2017.06.27 13:04:43.938,1.5472,1.54746,1.00,2.25
2017.06.27 13:04:43.989,1.54723,1.54748,1.00,1.37
2017.06.27 13:04:44.141,1.54724,1.54751,1.35,1.00
2017.06.27 13:04:44.948,1.54725,1.54749,1.00,1.00
2017.06.27 13:04:45.492,1.54726,1.5475,1.00,1.00
2017.06.27 13:04:45.837,1.54719,1.54743,1.12,1.00
2017.06.27 13:04:46.145,1.54717,1.54741,1.00,1.00
2017.06.27 13:04:46.448,1.54719,1.54743,1.00,1.00
2017.06.27 13:04:46.733,1.54717,1.54742,1.00,1.00
2017.06.27 13:04:46.986,1.54715,1.54742,1.00,1.00
2017.06.27 13:04:47.138,1.54714,1.54737,1.00,1.00
2017.06.27 13:04:47.651,1.54714,1.54738,1.00,1.00
2017.06.27 13:04:48.367,1.54714,1.54739,1.50,1.00
2017.06.27 13:04:48.418,1.54714,1.54741,1.50,1.00
2017.06.27 13:04:48.620,1.54718,1.54742,1.00,1.00
2017.06.27 13:04:48.736,1.54714,1.5474,1.00,1.00
2017.06.27 13:04:48.787,1.54713,1.54737,1.00,1.00
2017.06.27 13:04:49.099,1.54716,1.5474,1.00,1.00
2017.06.27 13:04:49.404,1.54714,1.54738,1.50,1.00
2017.06.27 13:04:49.756,1.54714,1.5474,1.50,1.00
2017.06.27 13:04:49.962,1.54715,1.54742,1.10,1.00
2017.06.27 13:04:50.378,1.54718,1.54743,1.00,1.00
2017.06.27 13:04:51.244,1.54717,1.54741,1.00,1.00
2017.06.27 13:04:51.295,1.54714,1.54739,1.50,1.00
2017.06.27 13:04:51.448,1.54716,1.5474,1.00,1.00
2017.06.27 13:04:52.420,1.54715,1.5474,1.00,1.00
2017.06.27 13:04:53.301,1.54714,1.54735,1.00,1.00
2017.06.27 13:04:53.556,1.54709,1.54734,1.00,1.00
2017.06.27 13:04:53.861,1.54714,1.54734,1.00,1.00
2017.06.27 13:04:53.963,1.54709,1.54734,1.00,1.00
2017.06.27 13:04:54.501,1.54707,1.54734,1.00,1.00
2017.06.27 13:04:54.552,1.54707,1.54732,1.00,1.00
2017.06.27 13:04:54.603,1.54708,1.54734,1.00,1.00
2017.06.27 13:04:54.704,1.54711,1.54736,1.00,1.00
2017.06.27 13:04:55.009,1.54714,1.54738,1.00,1.00
2017.06.27 13:04:55.594,1.54714,1.5474,2.25,1.00
2017.06.27 13:04:55.898,1.54716,1.5474,1.00,1.00
2017.06.27 13:04:56.217,1.54716,1.54743,1.00,1.00
2017.06.27 13:04:56.951,1.54714,1.54741,2.25,1.00
2017.06.27 13:04:57.415,1.54714,1.54736,1.00,1.00
2017.06.27 13:04:57.467,1.5471,1.54734,1.50,1.00
2017.06.27 13:04:57.518,1.54709,1.54732,1.37,1.00
2017.06.27 13:04:57.569,1.54709,1.54736,1.50,1.00
2017.06.27 13:04:57.620,1.54708,1.54733,1.00,1.00
2017.06.27 13:04:57.960,1.54714,1.54733,1.00,1.00
2017.06.27 13:04:58.122,1.54707,1.54733,1.00,1.00
2017.06.27 13:04:59.048,1.54708,1.54734,1.00,1.00
2017.06.27 13:04:59.351,1.54714,1.54735,1.00,1.00
2017.06.27 13:04:59.656,1.54713,1.54732,1.00,1.00
2017.06.27 13:04:59.943,1.54708,1.54732,1.00,1.00
2017.06.27 13:05:00.479,1.54707,1.54731,1.00,1.00
2017.06.27 13:05:00.732,1.54709,1.54731,1.00,1.00
2017.06.27 13:05:01.372,1.54706,1.54733,1.00,1.00
2017.06.27 13:05:01.474,1.54708,1.54734,1.00,1.00
2017.06.27 13:05:01.526,1.54705,1.54732,1.50,1.00
2017.06.27 13:05:01.580,1.54707,1.54734,1.50,1.00
2017.06.27 13:05:01.883,1.54709,1.54734,1.00,1.00
2017.06.27 13:05:02.395,1.54708,1.54734,1.00,1.00
2017.06.27 13:05:02.709,1.5471,1.54735,1.50,1.00
2017.06.27 13:05:02.862,1.54703,1.5473,2.25,1.00
2017.06.27 13:05:03.431,1.54704,1.5473,1.00,1.00
2017.06.27 13:05:03.937,1.54703,1.54729,1.50,1.00
2017.06.27 13:05:04.493,1.54705,1.54729,1.00,1.00
2017.06.27 13:05:05.031,1.54706,1.5473,1.00,1.00
2017.06.27 13:05:05.297,1.54703,1.5473,1.00,1.00
2017.06.27 13:05:05.842,1.54703,1.54729,1.00,1.00
2017.06.27 13:05:05.893,1.54705,1.54729,1.00,1.00
2017.06.27 13:05:06.291,1.54703,1.54727,1.00,1.00
2017.06.27 13:05:06.664,1.54703,1.5473,1.00,1.00
2017.06.27 13:05:08.834,1.54705,1.54729,1.00,1.00
2017.06.27 13:05:09.315,1.54702,1.54728,1.00,1.00
2017.06.27 13:05:09.483,1.54692,1.54719,1.27,1.00
2017.06.27 13:05:09.585,1.54689,1.54717,1.07,1.00
2017.06.27 13:05:09.890,1.54688,1.54717,1.57,1.00
2017.06.27 13:05:10.431,1.54686,1.54713,1.57,1.00
2017.06.27 13:05:10.736,1.54684,1.54711,1.00,1.00
2017.06.27 13:05:12.184,1.54684,1.54713,1.00,1.00
2017.06.27 13:05:13.016,1.54681,1.54708,1.10,1.00
2017.06.27 13:05:13.485,1.54682,1.54711,1.00,1.00
2017.06.27 13:05:14.158,1.54683,1.54709,1.00,1.00
2017.06.27 13:05:14.259,1.54684,1.54711,1.00,1.00
2017.06.27 13:05:14.467,1.54686,1.54711,1.00,1.00
2017.06.27 13:05:14.772,1.54677,1.54704,1.12,1.00
2017.06.27 13:05:14.924,1.5468,1.54705,1.00,1.00
2017.06.27 13:05:16.354,1.5468,1.54707,1.50,1.00
2017.06.27 13:05:16.610,1.54685,1.5471,1.00,1.00
2017.06.27 13:05:21.482,1.54678,1.54702,1.00,1.00
2017.06.27 13:05:21.990,1.54678,1.54704,1.00,1.00
2017.06.27 13:05:22.576,1.54674,1.547,1.00,1.00
2017.06.27 13:05:22.899,1.54676,1.547,1.00,1.00
2017.06.27 13:05:23.500,1.54678,1.54702,1.00,1.00
2017.06.27 13:05:23.879,1.54675,1.54701,1.00,1.00
2017.06.27 13:05:24.888,1.54676,1.54701,1.00,1.00
2017.06.27 13:05:25.425,1.54677,1.54702,1.00,1.00
2017.06.27 13:05:25.788,1.54669,1.54693,1.95,1.00
2017.06.27 13:05:26.792,1.54668,1.54695,1.00,1.00
2017.06.27 13:05:27.197,1.54664,1.5469,1.00,1.00
2017.06.27 13:05:27.349,1.5466,1.5469,1.10,1.00
2017.06.27 13:05:27.925,1.54658,1.5469,1.50,1.00
2017.06.27 13:05:28.296,1.54664,1.54688,1.00,1.00
2017.06.27 13:05:29.232,1.54662,1.54689,1.00,1.00
2017.06.27 13:05:29.928,1.54662,1.54686,1.00,1.00
2017.06.27 13:05:31.317,1.54663,1.54686,1.00,1.00
2017.06.27 13:05:33.084,1.54661,1.54686,1.00,1.00
2017.06.27 13:05:34.246,1.54662,1.54687,1.00,1.00
2017.06.27 13:05:35.263,1.54663,1.54688,1.00,1.00
2017.06.27 13:05:36.553,1.54665,1.54688,1.00,1.00
2017.06.27 13:05:36.604,1.54663,1.54688,1.00,1.00
2017.06.27 13:05:37.570,1.54665,1.54688,1.00,1.00
2017.06.27 13:05:37.875,1.54663,1.54686,1.00,1.00
2017.06.27 13:05:38.751,1.54662,1.54686,1.00,1.00
2017.06.27 13:05:38.904,1.54663,1.54688,1.00,1.00
2017.06.27 13:05:39.758,1.54662,1.54687,1.00,1.00
2017.06.27 13:05:42.203,1.54666,1.54687,1.00,1.00
2017.06.27 13:05:42.694,1.54662,1.54684,1.00,1.00
2017.06.27 13:05:42.745,1.54664,1.54684,1.00,1.00
2017.06.27 13:05:43.258,1.54665,1.54684,1.00,1.00
2017.06.27 13:05:43.865,1.54664,1.54684,1.00,1.00
2017.06.27 13:05:44.427,1.54663,1.54685,1.00,1.00
2017.06.27 13:05:45.467,1.54664,1.54685,1.00,1.00
2017.06.27 13:05:46.126,1.54663,1.5468,1.00,1.00
2017.06.27 13:05:46.280,1.54659,1.5468,1.00,1.00
2017.06.27 13:05:46.383,1.54668,1.5469,1.00,1.37
2017.06.27 13:05:46.536,1.5467,1.54692,1.50,1.00
2017.06.27 13:05:46.739,1.54672,1.54692,1.00,1.00
2017.06.27 13:05:46.892,1.5467,1.54692,1.00,1.00
2017.06.27 13:05:47.290,1.54673,1.54695,1.00,1.00
2017.06.27 13:05:47.594,1.54671,1.54695,1.50,1.00
2017.06.27 13:05:47.898,1.54673,1.54695,1.00,1.00
2017.06.27 13:05:48.201,1.54675,1.54696,1.00,1.00
2017.06.27 13:05:48.492,1.54672,1.54694,1.50,1.00
2017.06.27 13:05:48.997,1.54673,1.54694,1.00,1.00
2017.06.27 13:05:49.251,1.5467,1.54692,1.50,1.00
2017.06.27 13:05:49.302,1.54672,1.54692,1.00,1.00
2017.06.27 13:05:49.353,1.5467,1.54692,1.50,1.00
2017.06.27 13:05:49.598,1.54671,1.54696,1.35,1.00
2017.06.27 13:05:49.653,1.54681,1.54704,1.00,1.45
2017.06.27 13:05:49.905,1.54676,1.54696,1.35,1.00
2017.06.27 13:05:50.007,1.54676,1.54693,1.00,1.00
2017.06.27 13:05:50.159,1.54669,1.54693,1.00,1.00
2017.06.27 13:05:50.312,1.54672,1.54693,1.00,1.00
2017.06.27 13:05:51.035,1.54672,1.54694,1.00,1.00
2017.06.27 13:05:51.873,1.54673,1.54695,1.00,1.00
2017.06.27 13:05:52.831,1.54672,1.54694,1.00,1.00
2017.06.27 13:05:53.924,1.54671,1.54693,1.00,1.00
2017.06.27 13:05:54.690,1.5467,1.54692,1.00,1.00
2017.06.27 13:05:55.028,1.54666,1.54687,1.00,1.00
2017.06.27 13:05:55.382,1.54668,1.5469,1.00,1.00
2017.06.27 13:05:55.534,1.5467,1.54693,1.00,1.00
2017.06.27 13:05:56.425,1.5467,1.54691,1.00,1.00
2017.06.27 13:05:56.974,1.54669,1.54691,1.00,1.00
2017.06.27 13:05:57.362,1.54666,1.5469,1.00,1.00
2017.06.27 13:05:57.414,1.54666,1.54688,1.00,1.00
2017.06.27 13:05:58.308,1.54666,1.54687,1.00,1.00
2017.06.27 13:05:58.486,1.54668,1.54691,1.50,1.00
2017.06.27 13:05:58.790,1.54672,1.54692,1.00,1.00
2017.06.27 13:05:59.375,1.54669,1.54692,1.50,1.00
2017.06.27 13:05:59.947,1.5467,1.54692,1.00,1.00
2017.06.27 13:06:00.273,1.54676,1.54697,1.00,1.00
2017.06.27 13:06:00.583,1.54681,1.54702,1.00,1.00
2017.06.27 13:06:01.019,1.54681,1.547,1.00,1.00
2017.06.27 13:06:01.570,1.54681,1.54701,1.00,1.00
2017.06.27 13:06:01.883,1.54683,1.54703,1.00,1.00
2017.06.27 13:06:03.243,1.5468,1.54701,1.00,1.00
2017.06.27 13:06:04.285,1.5468,1.54702,1.00,1.00
2017.06.27 13:06:05.865,1.54679,1.54702,1.00,1.50
2017.06.27 13:06:06.413,1.54679,1.54701,1.00,1.00
2017.06.27 13:06:08.373,1.54679,1.54702,1.00,1.50
2017.06.27 13:06:09.602,1.5468,1.54701,1.00,1.00
2017.06.27 13:06:09.653,1.54677,1.54698,1.00,1.00
2017.06.27 13:06:10.106,1.54675,1.54696,1.00,1.00
2017.06.27 13:06:10.618,1.54674,1.54695,1.00,1.00
2017.06.27 13:06:10.921,1.54677,1.54698,1.00,1.50
2017.06.27 13:06:11.619,1.54674,1.54697,1.00,1.00
2017.06.27 13:06:12.609,1.54673,1.54696,1.00,1.00
2017.06.27 13:06:13.406,1.54671,1.54694,1.00,1.00
2017.06.27 13:06:14.395,1.54671,1.54692,1.00,1.00
2017.06.27 13:06:14.972,1.54669,1.54692,1.00,1.00
2017.06.27 13:06:16.393,1.54671,1.54692,1.00,1.00
2017.06.27 13:06:16.912,1.54672,1.54692,1.00,1.00
2017.06.27 13:06:17.091,1.54669,1.5469,1.00,1.00
2017.06.27 13:06:17.294,1.5466,1.54683,1.50,1.00
2017.06.27 13:06:17.345,1.54658,1.5468,1.75,1.00
2017.06.27 13:06:17.444,1.54655,1.54678,1.37,1.00
2017.06.27 13:06:18.127,1.54655,1.54678,1.00,1.00
2017.06.27 13:06:18.517,1.54658,1.54679,1.00,1.00
2017.06.27 13:06:18.914,1.54661,1.54682,1.00,1.00
2017.06.27 13:06:19.593,1.5466,1.54681,1.00,1.00
2017.06.27 13:06:19.644,1.54658,1.5468,1.00,1.00
2017.06.27 13:06:19.695,1.54663,1.54684,1.00,1.00
2017.06.27 13:06:20.933,1.54671,1.54687,1.00,1.00
2017.06.27 13:06:20.984,1.54673,1.54694,1.00,1.00
2017.06.27 13:06:21.977,1.54674,1.54697,1.00,1.50
2017.06.27 13:06:22.131,1.54678,1.54698,1.00,1.50
2017.06.27 13:06:22.233,1.54687,1.54708,1.00,1.12
2017.06.27 13:06:22.390,1.54691,1.54711,1.00,1.00
2017.06.27 13:06:22.542,1.54688,1.54709,1.00,1.00
2017.06.27 13:06:22.974,1.5469,1.54711,1.00,1.00
2017.06.27 13:06:23.228,1.54677,1.54699,1.00,1.00
2017.06.27 13:06:24.053,1.54678,1.547,1.00,1.00
2017.06.27 13:06:24.154,1.54688,1.54709,1.00,1.50
2017.06.27 13:06:24.205,1.54684,1.5471,1.00,1.00
2017.06.27 13:06:24.896,1.54688,1.54713,1.00,1.00
2017.06.27 13:06:24.998,1.54684,1.5471,1.00,1.00
2017.06.27 13:06:25.099,1.54684,1.54712,1.00,1.50
2017.06.27 13:06:25.252,1.54683,1.54709,1.00,1.00
2017.06.27 13:06:25.916,1.54688,1.54709,1.00,1.00
2017.06.27 13:06:26.485,1.54686,1.54712,1.00,1.50
2017.06.27 13:06:26.536,1.5469,1.54711,1.00,1.00
2017.06.27 13:06:27.148,1.54689,1.54717,2.10,1.00
2017.06.27 13:06:27.270,1.54693,1.54719,1.00,1.00
2017.06.27 13:06:27.581,1.54696,1.54721,1.00,1.00
2017.06.27 13:06:27.739,1.54691,1.54719,1.00,1.00
2017.06.27 13:06:28.045,1.54691,1.54717,1.00,1.00
2017.06.27 13:06:28.410,1.54688,1.54714,1.00,1.00
2017.06.27 13:06:28.713,1.54693,1.54714,1.00,1.00
2017.06.27 13:06:29.316,1.54692,1.54713,1.00,1.00
2017.06.27 13:06:30.514,1.54688,1.54709,1.00,1.00
2017.06.27 13:06:30.832,1.5469,1.54711,1.00,1.00
2017.06.27 13:06:31.490,1.54691,1.54712,1.00,1.00
2017.06.27 13:06:33.362,1.5469,1.54711,1.00,1.00
2017.06.27 13:06:33.615,1.54688,1.5471,1.00,1.00
2017.06.27 13:06:34.288,1.54689,1.54711,1.00,1.00
2017.06.27 13:06:34.802,1.54689,1.54712,1.00,1.00
2017.06.27 13:06:35.282,1.54688,1.5471,1.00,1.00
2017.06.27 13:06:35.829,1.54688,1.54712,1.00,1.00
2017.06.27 13:06:36.680,1.5469,1.54713,1.00,1.00
2017.06.27 13:06:36.731,1.54688,1.54712,1.00,1.00
2017.06.27 13:06:36.933,1.54685,1.54709,1.00,1.00
2017.06.27 13:06:37.770,1.54685,1.54708,1.00,1.00
2017.06.27 13:06:39.018,1.54685,1.54709,1.00,1.00
2017.06.27 13:06:42.671,1.54685,1.54707,1.00,1.00
2017.06.27 13:06:43.109,1.54681,1.54705,1.00,1.00
2017.06.27 13:06:44.086,1.54681,1.54703,1.00,1.00
2017.06.27 13:06:44.816,1.54682,1.54704,1.00,1.00
2017.06.27 13:06:45.802,1.54684,1.54704,1.00,1.00
2017.06.27 13:06:46.055,1.54685,1.54707,1.50,1.00
2017.06.27 13:06:46.106,1.54688,1.5471,1.00,1.00
2017.06.27 13:06:46.560,1.5469,1.54714,1.00,1.00
2017.06.27 13:06:46.863,1.5469,1.54712,1.00,1.00
2017.06.27 13:06:46.914,1.54688,1.54712,1.00,1.50
2017.06.27 13:06:47.067,1.54691,1.54713,1.00,1.50
2017.06.27 13:06:47.585,1.54691,1.54712,1.00,1.00
2017.06.27 13:06:48.108,1.5469,1.54712,1.00,1.00
2017.06.27 13:06:49.080,1.54689,1.54711,1.00,1.00
2017.06.27 13:06:50.366,1.5469,1.54711,1.00,1.00
2017.06.27 13:06:50.695,1.54688,1.54709,1.00,1.00
2017.06.27 13:06:51.381,1.54689,1.54711,1.00,1.00
2017.06.27 13:06:51.888,1.54687,1.5471,1.00,1.00
2017.06.27 13:06:52.355,1.54687,1.54708,1.00,1.00
2017.06.27 13:06:52.904,1.54687,1.54711,1.00,1.00
2017.06.27 13:06:53.299,1.5469,1.54711,1.00,1.00
2017.06.27 13:06:53.502,1.5469,1.54714,1.00,1.00
2017.06.27 13:06:53.553,1.54688,1.54711,1.00,1.00
2017.06.27 13:06:54.061,1.54686,1.5471,1.00,1.00
2017.06.27 13:06:54.535,1.54689,1.5471,1.00,1.00
2017.06.27 13:06:55.082,1.5469,1.54711,1.00,1.00
2017.06.27 13:06:55.420,1.54692,1.54713,1.00,1.00
2017.06.27 13:06:55.705,1.54689,1.54713,1.00,1.00
2017.06.27 13:06:56.163,1.54689,1.54711,1.00,1.00
2017.06.27 13:06:56.497,1.54691,1.54713,1.00,1.00
2017.06.27 13:06:56.818,1.54689,1.54712,1.00,1.00
2017.06.27 13:06:57.100,1.54683,1.54705,1.00,1.00
2017.06.27 13:06:57.826,1.54682,1.54704,1.00,1.00
2017.06.27 13:06:58.411,1.54683,1.54705,1.00,1.00
2017.06.27 13:06:58.719,1.54686,1.54708,1.00,1.00
2017.06.27 13:06:58.821,1.54687,1.54711,1.00,1.00
2017.06.27 13:06:59.625,1.54687,1.54709,1.00,1.00
2017.06.27 13:06:59.930,1.54687,1.54711,1.00,1.00
2017.06.27 13:07:00.462,1.54689,1.54713,1.00,1.00
2017.06.27 13:07:01.469,1.54689,1.54712,1.00,1.00
2017.06.27 13:07:01.914,1.54691,1.54714,1.00,1.00
2017.06.27 13:07:02.475,1.54692,1.54715,1.00,1.00
2017.06.27 13:07:02.976,1.54693,1.54716,1.00,1.00
2017.06.27 13:07:04.173,1.54691,1.54714,1.00,1.00
2017.06.27 13:07:05.028,1.54695,1.54717,1.00,1.00
2017.06.27 13:07:05.484,1.54695,1.54717,1.00,1.00
2017.06.27 13:07:06.362,1.54695,1.54719,1.00,1.00
2017.06.27 13:07:07.987,1.54696,1.54717,1.00,1.00
2017.06.27 13:07:09.091,1.54695,1.54717,1.00,1.00
2017.06.27 13:07:10.077,1.54694,1.54717,1.00,1.00
2017.06.27 13:07:11.079,1.54694,1.54718,1.00,1.00
2017.06.27 13:07:11.852,1.54697,1.54718,1.00,1.00
2017.06.27 13:07:12.440,1.54698,1.54718,1.00,1.00
2017.06.27 13:07:12.601,1.54697,1.54721,1.50,1.00
2017.06.27 13:07:12.652,1.54699,1.54721,1.00,1.00
2017.06.27 13:07:13.172,1.54699,1.5472,1.00,1.00
2017.06.27 13:07:13.721,1.547,1.54719,1.00,1.00
2017.06.27 13:07:13.873,1.54696,1.54719,1.50,1.00
2017.06.27 13:07:14.411,1.54697,1.54719,1.00,1.00
2017.06.27 13:07:14.615,1.54699,1.54719,1.00,1.00
2017.06.27 13:07:14.919,1.54697,1.54717,1.00,1.00
2017.06.27 13:07:15.126,1.54697,1.54719,1.00,1.00
2017.06.27 13:07:15.566,1.54697,1.54713,1.00,1.00
2017.06.27 13:07:15.617,1.54694,1.54713,1.00,1.00
2017.06.27 13:07:15.668,1.54692,1.54713,1.50,1.00
2017.06.27 13:07:16.177,1.54695,1.54713,1.00,1.00
2017.06.27 13:07:16.228,1.54697,1.5472,1.00,1.00
2017.06.27 13:07:16.713,1.54699,1.5472,1.00,1.00
2017.06.27 13:07:17.361,1.54697,1.54719,1.50,1.00
2017.06.27 13:07:17.779,1.54699,1.54719,1.00,1.00
2017.06.27 13:07:17.981,1.54697,1.54719,1.50,1.00
2017.06.27 13:07:19.622,1.54697,1.5472,1.50,1.00
2017.06.27 13:07:20.643,1.54697,1.54718,1.00,1.00
2017.06.27 13:07:21.902,1.54698,1.54719,1.00,1.00
2017.06.27 13:07:23.210,1.54694,1.54716,1.50,1.00
2017.06.27 13:07:23.414,1.54696,1.54715,1.00,1.00
2017.06.27 13:07:23.465,1.54696,1.54717,1.00,1.00
2017.06.27 13:07:23.516,1.54694,1.54717,1.00,1.00
2017.06.27 13:07:24.134,1.54698,1.54717,1.00,1.00
2017.06.27 13:07:24.675,1.54699,1.54718,1.00,1.00
2017.06.27 13:07:26.992,1.54697,1.54718,1.00,1.00
2017.06.27 13:07:27.295,1.54699,1.54718,1.00,1.00
2017.06.27 13:07:27.913,1.547,1.54718,1.00,1.00
2017.06.27 13:07:28.601,1.54698,1.54718,1.00,1.00
2017.06.27 13:07:29.315,1.54699,1.54718,1.00,1.00
2017.06.27 13:07:30.602,1.547,1.54718,1.00,1.00
2017.06.27 13:07:30.855,1.54702,1.54718,1.00,1.00
2017.06.27 13:07:30.956,1.547,1.54718,1.00,1.00
2017.06.27 13:07:31.210,1.54699,1.5472,1.00,1.00
2017.06.27 13:07:31.261,1.54702,1.5472,1.00,1.00
2017.06.27 13:07:31.540,1.54704,1.54724,1.00,1.00
2017.06.27 13:07:32.375,1.54704,1.54725,1.50,1.00
2017.06.27 13:07:32.764,1.54708,1.54729,1.00,1.00
2017.06.27 13:07:33.273,1.54708,1.54728,1.00,1.00
2017.06.27 13:07:33.986,1.54708,1.54729,1.50,1.00
2017.06.27 13:07:34.977,1.54707,1.54729,1.00,1.00
2017.06.27 13:07:36.018,1.54706,1.54729,1.50,1.00
2017.06.27 13:07:36.449,1.54707,1.54727,1.00,1.00
2017.06.27 13:07:36.500,1.54706,1.54729,1.00,1.00
2017.06.27 13:07:37.093,1.54707,1.54729,1.00,1.00
2017.06.27 13:07:37.643,1.54708,1.54729,1.00,1.00
2017.06.27 13:07:39.184,1.54707,1.54728,1.50,1.00
2017.06.27 13:07:39.701,1.54708,1.54728,1.00,1.00
2017.06.27 13:07:40.210,1.54707,1.54728,1.50,1.00
2017.06.27 13:07:40.415,1.54707,1.5473,1.50,1.00
2017.06.27 13:07:40.660,1.5471,1.54731,1.00,1.00
2017.06.27 13:07:41.283,1.54709,1.54731,1.00,1.00
2017.06.27 13:07:42.722,1.5471,1.54731,1.00,1.00
2017.06.27 13:07:43.061,1.54708,1.54731,1.50,1.00
2017.06.27 13:07:43.112,1.54703,1.54727,1.00,1.00
2017.06.27 13:07:44.080,1.54705,1.54727,1.00,1.00
2017.06.27 13:07:45.109,1.54705,1.54726,1.00,1.00
2017.06.27 13:07:45.799,1.54706,1.54727,1.00,1.00
2017.06.27 13:07:45.850,1.54707,1.5473,1.00,1.00
2017.06.27 13:07:46.001,1.54706,1.54727,1.50,1.00
2017.06.27 13:07:46.339,1.54703,1.54727,1.50,1.00
2017.06.27 13:07:46.901,1.54704,1.54727,1.00,1.00
2017.06.27 13:07:47.321,1.54706,1.54727,1.00,1.00
2017.06.27 13:07:48.102,1.54705,1.54726,1.00,1.00
2017.06.27 13:07:48.779,1.54705,1.54727,1.00,1.00
2017.06.27 13:07:50.121,1.54707,1.54728,1.00,1.00
2017.06.27 13:07:52.247,1.54704,1.54727,1.00,1.00
2017.06.27 13:07:52.488,1.54706,1.54727,1.00,1.00
2017.06.27 13:07:52.691,1.54704,1.54727,1.00,1.00
2017.06.27 13:07:54.165,1.54705,1.54727,1.00,1.00
2017.06.27 13:07:55.414,1.54707,1.54731,1.00,1.00
2017.06.27 13:07:55.467,1.54709,1.54733,1.00,1.00
2017.06.27 13:07:55.772,1.54712,1.54734,1.00,1.00
2017.06.27 13:07:56.382,1.5471,1.54734,1.00,1.00
2017.06.27 13:07:57.341,1.54715,1.54736,1.00,1.00
2017.06.27 13:07:57.657,1.54722,1.54743,1.00,1.00
2017.06.27 13:07:57.708,1.54729,1.54754,1.00,1.00
2017.06.27 13:07:57.809,1.54729,1.54757,1.00,1.00
2017.06.27 13:07:57.860,1.54731,1.54754,1.00,1.00
2017.06.27 13:07:58.780,1.54732,1.54754,1.00,1.00
2017.06.27 13:07:59.086,1.54735,1.54758,1.00,1.00
2017.06.27 13:07:59.244,1.5473,1.54754,1.00,1.00
2017.06.27 13:08:00.287,1.54731,1.54752,1.00,1.00
2017.06.27 13:08:00.540,1.54733,1.54757,1.00,1.00
2017.06.27 13:08:01.553,1.54735,1.54757,1.00,1.00
2017.06.27 13:08:02.065,1.54734,1.54756,1.00,1.00
2017.06.27 13:08:02.648,1.54728,1.54752,1.10,1.00
2017.06.27 13:08:03.315,1.54727,1.54753,1.00,1.00
2017.06.27 13:08:03.367,1.54728,1.5475,1.00,1.00
2017.06.27 13:08:03.418,1.54725,1.54749,1.00,1.00
2017.06.27 13:08:03.948,1.54724,1.54746,1.00,1.00
2017.06.27 13:08:04.202,1.54729,1.54752,1.00,1.00
2017.06.27 13:08:04.253,1.54731,1.54752,1.00,1.00
2017.06.27 13:08:04.354,1.54728,1.54751,1.00,1.00
2017.06.27 13:08:04.507,1.54726,1.54747,1.00,1.00
2017.06.27 13:08:04.558,1.54722,1.54745,1.00,1.00
2017.06.27 13:08:05.153,1.54719,1.54743,1.00,1.00
2017.06.27 13:08:06.282,1.54717,1.5474,1.00,1.00
2017.06.27 13:08:06.869,1.54716,1.54739,1.00,1.00
2017.06.27 13:08:06.920,1.54713,1.54737,1.00,1.00
2017.06.27 13:08:07.716,1.54718,1.5474,1.00,1.00
2017.06.27 13:08:08.020,1.54715,1.54737,1.00,1.00
2017.06.27 13:08:08.902,1.54713,1.54736,1.00,1.00
2017.06.27 13:08:09.429,1.54712,1.54735,1.00,1.00
2017.06.27 13:08:10.216,1.54711,1.54735,1.00,1.00
2017.06.27 13:08:10.295,1.54711,1.54737,1.00,1.00
2017.06.27 13:08:10.347,1.54718,1.54738,1.00,1.00
2017.06.27 13:08:10.400,1.54718,1.54742,1.00,1.00
2017.06.27 13:08:10.451,1.5471,1.54741,1.57,1.60
2017.06.27 13:08:10.705,1.547,1.54725,1.50,1.00
2017.06.27 13:08:11.410,1.54699,1.54722,1.00,1.00
2017.06.27 13:08:11.714,1.54697,1.5472,1.00,1.00
2017.06.27 13:08:12.534,1.54696,1.54719,1.00,1.00
2017.06.27 13:08:18.945,1.54696,1.5472,1.00,1.00
2017.06.27 13:08:19.199,1.54693,1.54718,1.00,1.00
2017.06.27 13:08:19.351,1.54694,1.54716,1.00,1.00
2017.06.27 13:08:21.081,1.54691,1.54712,1.00,1.00
2017.06.27 13:08:21.214,1.54687,1.54711,1.10,1.00
2017.06.27 13:08:22.071,1.54687,1.5471,1.00,1.00
2017.06.27 13:08:22.224,1.54694,1.54711,1.00,1.00
2017.06.27 13:08:22.334,1.54692,1.54711,1.00,1.00
2017.06.27 13:08:22.386,1.54692,1.54715,1.00,1.00
2017.06.27 13:08:22.892,1.54693,1.54714,1.00,1.00
2017.06.27 13:08:23.145,1.54691,1.54712,1.00,1.00
2017.06.27 13:08:23.662,1.54693,1.54714,1.00,1.00
2017.06.27 13:08:24.316,1.54691,1.54714,1.00,1.00
2017.06.27 13:08:25.032,1.5469,1.54713,1.00,1.00
2017.06.27 13:08:25.083,1.54696,1.54717,1.00,1.00
2017.06.27 13:08:25.185,1.547,1.54722,1.00,1.00
2017.06.27 13:08:25.652,1.54703,1.54724,1.00,1.00
2017.06.27 13:08:26.323,1.54704,1.54725,1.00,1.00
2017.06.27 13:08:26.486,1.54704,1.54728,1.00,1.00
2017.06.27 13:08:26.979,1.54702,1.54726,1.00,1.00
2017.06.27 13:08:27.334,1.54705,1.54729,1.00,1.00
2017.06.27 13:08:27.838,1.54704,1.54729,1.00,1.00
2017.06.27 13:08:28.383,1.54705,1.54727,1.00,1.00
2017.06.27 13:08:31.059,1.54705,1.54729,1.00,1.50
2017.06.27 13:08:31.210,1.54709,1.54731,1.00,1.50
2017.06.27 13:08:31.539,1.54707,1.54732,1.00,1.50
2017.06.27 13:08:31.742,1.54702,1.54727,1.00,1.00
2017.06.27 13:08:31.996,1.54697,1.54726,1.00,1.35
2017.06.27 13:08:32.047,1.54695,1.54719,1.00,1.00
2017.06.27 13:08:32.380,1.547,1.54723,1.00,1.00
2017.06.27 13:08:32.988,1.547,1.54722,1.00,1.00
2017.06.27 13:08:33.089,1.54698,1.54722,1.00,1.00
2017.06.27 13:08:33.671,1.54698,1.54723,1.00,1.00
2017.06.27 13:08:33.823,1.547,1.54724,1.00,1.00
2017.06.27 13:08:34.279,1.54697,1.54719,1.10,1.00
2017.06.27 13:08:34.330,1.54698,1.54721,1.00,1.00
2017.06.27 13:08:34.640,1.54699,1.54724,1.00,1.00
2017.06.27 13:08:35.312,1.54707,1.54729,1.00,1.50
2017.06.27 13:08:35.671,1.5471,1.54732,1.00,1.00
2017.06.27 13:08:36.621,1.54707,1.54728,1.00,1.00
2017.06.27 13:08:36.712,1.54707,1.5473,1.00,1.00
2017.06.27 13:08:36.763,1.54707,1.54727,1.00,1.00
2017.06.27 13:08:36.814,1.54707,1.5473,1.00,1.00
2017.06.27 13:08:37.606,1.54707,1.54729,1.00,1.00
2017.06.27 13:08:38.379,1.54705,1.54729,1.00,1.00
2017.06.27 13:08:38.754,1.5471,1.5473,1.00,1.00
2017.06.27 13:08:38.805,1.5471,1.54732,1.00,1.00
2017.06.27 13:08:39.164,1.54706,1.54731,1.00,1.37
2017.06.27 13:08:39.699,1.54706,1.54728,1.00,1.00
2017.06.27 13:08:39.800,1.54704,1.54727,1.00,1.00
2017.06.27 13:08:40.081,1.54705,1.54729,1.00,1.00
2017.06.27 13:08:40.351,1.54707,1.54729,1.00,1.00
2017.06.27 13:08:40.655,1.5471,1.54731,1.00,1.00
2017.06.27 13:08:41.251,1.54711,1.54733,1.00,1.50
2017.06.27 13:08:41.767,1.54712,1.54734,1.00,1.00
2017.06.27 13:08:42.428,1.5471,1.54733,1.00,1.00
2017.06.27 13:08:43.521,1.54712,1.54734,1.00,1.00
2017.06.27 13:08:43.673,1.54708,1.54731,1.00,1.00
2017.06.27 13:08:43.806,1.54705,1.54728,1.00,1.00
2017.06.27 13:08:43.907,1.54702,1.54728,1.00,1.50
2017.06.27 13:08:44.009,1.54701,1.54725,1.00,1.00
2017.06.27 13:08:44.312,1.54703,1.54727,1.00,1.00
2017.06.27 13:08:44.823,1.54704,1.54728,1.00,1.00
2017.06.27 13:08:45.127,1.54706,1.54729,1.00,1.00
2017.06.27 13:08:46.093,1.54707,1.54729,1.00,1.00
2017.06.27 13:08:46.413,1.5471,1.54732,1.00,1.12
2017.06.27 13:08:46.565,1.54713,1.54736,1.00,1.00
2017.06.27 13:08:46.616,1.54716,1.54739,1.00,1.00
2017.06.27 13:08:47.252,1.54714,1.54736,1.00,1.00
2017.06.27 13:08:47.648,1.54716,1.5474,1.00,1.00
2017.06.27 13:08:47.699,1.54716,1.54737,1.00,1.00
2017.06.27 13:08:47.750,1.54716,1.5474,1.00,1.50
2017.06.27 13:08:47.801,1.54718,1.54739,1.00,1.00
2017.06.27 13:08:47.852,1.54718,1.54741,1.00,1.50
2017.06.27 13:08:48.422,1.54719,1.54742,1.00,1.00
2017.06.27 13:08:48.726,1.54719,1.54744,1.00,1.50
2017.06.27 13:08:49.030,1.54721,1.54744,1.00,1.00
2017.06.27 13:08:49.133,1.54725,1.54749,1.00,1.00
2017.06.27 13:08:49.183,1.54724,1.54746,1.00,1.00
2017.06.27 13:08:49.514,1.54726,1.54748,1.00,1.00
2017.06.27 13:08:49.819,1.54724,1.54745,1.00,1.00
2017.06.27 13:08:49.978,1.54721,1.54743,1.00,1.00
2017.06.27 13:08:50.029,1.54719,1.54741,1.00,1.00
2017.06.27 13:08:50.544,1.54718,1.54741,1.00,1.37
2017.06.27 13:08:50.946,1.54718,1.54741,1.00,1.50
2017.06.27 13:08:51.047,1.54716,1.54741,1.00,1.00
2017.06.27 13:08:51.377,1.54719,1.54742,1.00,1.87
2017.06.27 13:08:52.218,1.54719,1.54741,1.00,1.00
2017.06.27 13:08:52.421,1.5472,1.54743,1.00,1.50
2017.06.27 13:08:52.472,1.54722,1.54744,1.00,1.00
2017.06.27 13:08:53.088,1.54719,1.54741,1.00,1.00
2017.06.27 13:08:53.343,1.54717,1.54742,1.00,1.00
2017.06.27 13:08:53.561,1.54721,1.54744,1.00,1.00
2017.06.27 13:08:53.867,1.54723,1.54746,1.00,1.00
2017.06.27 13:08:54.073,1.54716,1.5474,1.00,1.00
2017.06.27 13:08:54.127,1.5472,1.54742,1.00,1.00
2017.06.27 13:08:54.178,1.54718,1.54748,1.00,1.47
2017.06.27 13:08:54.230,1.54718,1.54748,1.00,1.00
2017.06.27 13:08:54.281,1.54722,1.54747,1.00,1.00
2017.06.27 13:08:54.585,1.54726,1.54748,1.00,1.50
2017.06.27 13:08:55.165,1.54727,1.5475,1.00,1.00
2017.06.27 13:08:55.216,1.54728,1.54753,1.00,1.00
2017.06.27 13:08:55.520,1.54726,1.54751,1.00,1.00
2017.06.27 13:08:56.040,1.54726,1.5475,1.00,1.00
2017.06.27 13:08:56.344,1.5473,1.54752,1.00,1.00
2017.06.27 13:08:56.647,1.54733,1.54755,1.00,1.00
2017.06.27 13:08:56.983,1.5474,1.54762,1.00,1.00
2017.06.27 13:08:57.034,1.54734,1.54757,1.00,1.00
2017.06.27 13:08:57.085,1.5473,1.54752,1.00,1.60
2017.06.27 13:08:57.342,1.54719,1.54743,1.00,1.00
2017.06.27 13:08:57.721,1.54723,1.54743,1.00,1.00
2017.06.27 13:08:57.925,1.5472,1.54743,1.00,1.00
2017.06.27 13:08:58.078,1.54718,1.5474,1.00,1.00
2017.06.27 13:08:58.318,1.54719,1.54742,1.00,1.00
2017.06.27 13:08:58.471,1.5472,1.54745,1.00,1.00
2017.06.27 13:08:58.572,1.54723,1.54746,1.00,1.00
2017.06.27 13:08:59.280,1.54723,1.54743,1.00,1.00
2017.06.27 13:08:59.685,1.54723,1.54747,1.00,1.00
2017.06.27 13:09:00.140,1.54721,1.54743,1.00,1.00
2017.06.27 13:09:00.443,1.54717,1.54739,1.00,1.00
2017.06.27 13:09:00.545,1.54718,1.54741,1.00,1.00
2017.06.27 13:09:01.539,1.54719,1.54741,1.00,1.00
2017.06.27 13:09:01.998,1.54717,1.54739,1.00,1.00
2017.06.27 13:09:03.313,1.54715,1.54739,1.00,1.50
2017.06.27 13:09:03.856,1.54715,1.54738,1.00,1.00
2017.06.27 13:09:03.908,1.54717,1.54739,1.00,1.00
2017.06.27 13:09:03.959,1.54717,1.54741,1.00,1.00
2017.06.27 13:09:04.142,1.54716,1.54739,1.00,1.00
2017.06.27 13:09:04.904,1.54716,1.54738,1.00,1.00
2017.06.27 13:09:05.450,1.54715,1.54738,1.00,1.50
2017.06.27 13:09:05.984,1.54716,1.54738,1.00,1.00
2017.06.27 13:09:06.086,1.54722,1.54745,1.00,3.00
2017.06.27 13:09:06.137,1.54726,1.54748,1.00,1.00
2017.06.27 13:09:06.238,1.54727,1.54751,1.00,1.00
2017.06.27 13:09:06.361,1.54725,1.54749,1.00,1.00
2017.06.27 13:09:06.665,1.54727,1.54748,1.00,1.00
2017.06.27 13:09:06.969,1.54724,1.54745,1.00,1.00
2017.06.27 13:09:07.222,1.54722,1.54744,1.00,1.00
2017.06.27 13:09:07.740,1.5472,1.54744,1.00,1.00
2017.06.27 13:09:07.962,1.54723,1.54745,1.00,1.50
2017.06.27 13:09:08.063,1.54724,1.54748,1.00,1.00
2017.06.27 13:09:08.216,1.54736,1.54755,1.00,1.37
2017.06.27 13:09:08.267,1.54736,1.5476,1.00,1.37
2017.06.27 13:09:08.735,1.54734,1.54756,1.00,1.00
2017.06.27 13:09:08.887,1.54723,1.5475,1.07,1.00
2017.06.27 13:09:08.938,1.54723,1.5475,1.00,1.00
2017.06.27 13:09:09.713,1.54725,1.5475,1.00,1.00
2017.06.27 13:09:10.016,1.54724,1.54746,1.00,1.00
2017.06.27 13:09:10.168,1.54724,1.54748,1.00,1.00
2017.06.27 13:09:11.112,1.54723,1.54747,1.00,1.00
2017.06.27 13:09:12.741,1.54722,1.54746,1.00,1.00
2017.06.27 13:09:12.792,1.54722,1.54744,1.00,1.00
2017.06.27 13:09:12.844,1.54723,1.54747,1.00,1.00
2017.06.27 13:09:13.353,1.54723,1.54746,1.00,1.00
2017.06.27 13:09:13.683,1.54721,1.54745,1.00,1.00
2017.06.27 13:09:13.940,1.54724,1.54745,1.00,1.00
2017.06.27 13:09:14.470,1.54723,1.54745,1.00,1.00
2017.06.27 13:09:14.901,1.54724,1.54748,1.00,1.00
2017.06.27 13:09:15.104,1.54724,1.54745,1.00,1.00
2017.06.27 13:09:15.477,1.54721,1.54745,1.00,1.00
2017.06.27 13:09:15.875,1.54723,1.54747,1.00,1.00
2017.06.27 13:09:16.186,1.54723,1.54744,1.00,1.00
2017.06.27 13:09:16.696,1.54723,1.54745,1.00,1.00
2017.06.27 13:09:18.045,1.54724,1.54745,1.00,1.00
2017.06.27 13:09:18.257,1.54724,1.54747,1.00,1.50
2017.06.27 13:09:18.781,1.54724,1.54746,1.00,1.00
2017.06.27 13:09:19.909,1.54724,1.54747,1.00,1.50
2017.06.27 13:09:22.144,1.54724,1.54746,1.00,1.00
2017.06.27 13:09:22.654,1.54725,1.54747,1.00,1.00
2017.06.27 13:09:23.485,1.54725,1.54746,1.00,1.00
2017.06.27 13:09:25.884,1.54725,1.54747,1.00,1.00
2017.06.27 13:09:27.021,1.54725,1.54746,1.00,1.00
2017.06.27 13:09:28.064,1.54725,1.54747,1.00,1.00
2017.06.27 13:09:29.083,1.54725,1.54746,1.00,1.00
2017.06.27 13:09:29.185,1.54729,1.5475,1.00,1.00
2017.06.27 13:09:29.286,1.54727,1.54749,1.00,1.00
2017.06.27 13:09:29.388,1.54727,1.54747,1.00,1.00
2017.06.27 13:09:29.915,1.54727,1.54749,1.00,1.00
2017.06.27 13:09:30.962,1.54727,1.54748,1.00,1.00
2017.06.27 13:09:31.361,1.54727,1.54752,1.50,1.10
2017.06.27 13:09:31.412,1.54729,1.54752,1.00,1.10
2017.06.27 13:09:31.717,1.54727,1.54752,1.00,1.07
2017.06.27 13:09:31.768,1.54726,1.54749,1.50,1.00
2017.06.27 13:09:31.911,1.54724,1.54749,1.50,1.10
2017.06.27 13:09:32.114,1.54726,1.54751,1.50,1.10
2017.06.27 13:09:32.895,1.54726,1.54749,1.50,1.00
2017.06.27 13:09:33.066,1.54712,1.54747,1.00,1.82
2017.06.27 13:09:33.117,1.5472,1.54747,1.00,1.45
2017.06.27 13:09:33.220,1.54718,1.54743,1.00,1.10
2017.06.27 13:09:33.271,1.54721,1.54745,1.00,1.07
2017.06.27 13:09:33.322,1.54721,1.54745,1.00,1.00
2017.06.27 13:09:33.423,1.54723,1.54747,1.00,1.00
2017.06.27 13:09:33.780,1.54725,1.5475,1.00,1.00
2017.06.27 13:09:33.983,1.54728,1.5475,1.00,1.10
2017.06.27 13:09:34.337,1.54726,1.5475,1.00,1.00
2017.06.27 13:09:34.490,1.54727,1.54752,1.50,1.00
2017.06.27 13:09:35.471,1.54727,1.5475,1.00,1.00
2017.06.27 13:09:36.001,1.54728,1.54751,1.00,1.10
2017.06.27 13:09:36.528,1.54727,1.5475,1.00,1.00
2017.06.27 13:09:36.738,1.54725,1.5475,1.00,1.10
2017.06.27 13:09:37.041,1.54727,1.5475,1.00,1.10
2017.06.27 13:09:37.664,1.54727,1.5475,1.00,1.42
2017.06.27 13:09:37.993,1.54712,1.54735,1.00,1.00
2017.06.27 13:09:38.804,1.54708,1.54732,1.50,1.00
2017.06.27 13:09:39.083,1.54701,1.54729,1.07,1.00
2017.06.27 13:09:39.134,1.54701,1.54729,1.00,1.00
2017.06.27 13:09:39.185,1.54703,1.54727,1.00,1.00
2017.06.27 13:09:39.522,1.54702,1.54725,1.00,1.00
2017.06.27 13:09:40.171,1.54702,1.54727,1.00,1.00
2017.06.27 13:09:40.323,1.54701,1.54724,1.00,1.00
2017.06.27 13:09:42.351,1.54699,1.54724,1.50,1.00
2017.06.27 13:09:44.022,1.54701,1.54725,1.00,1.00
2017.06.27 13:09:44.530,1.547,1.54725,1.50,1.00
2017.06.27 13:09:45.075,1.54701,1.54725,1.00,1.00
2017.06.27 13:09:47.224,1.54693,1.54722,1.07,1.37
2017.06.27 13:09:47.709,1.54697,1.54722,1.00,1.00
2017.06.27 13:09:48.217,1.54699,1.54722,1.00,1.00
2017.06.27 13:09:48.662,1.54701,1.54723,1.00,1.00
2017.06.27 13:09:51.922,1.54699,1.54724,1.00,1.00
2017.06.27 13:09:52.834,1.54694,1.54721,1.10,1.00
2017.06.27 13:09:52.936,1.54694,1.54719,1.50,1.00
2017.06.27 13:09:53.285,1.54697,1.54719,1.00,1.00
2017.06.27 13:09:53.639,1.54697,1.54722,1.00,1.00
2017.06.27 13:09:53.860,1.54695,1.5472,1.00,1.00
2017.06.27 13:09:55.242,1.54696,1.54718,1.00,1.00
2017.06.27 13:09:59.691,1.5469,1.54715,1.00,1.00
2017.06.27 13:09:59.843,1.54688,1.54713,1.00,1.00
2017.06.27 13:10:01.697,1.54691,1.54713,1.00,1.00
2017.06.27 13:10:02.326,1.5469,1.54713,1.00,1.00
2017.06.27 13:10:02.629,1.54692,1.54713,1.00,1.00
2017.06.27 13:10:04.058,1.54689,1.54713,1.10,1.00
2017.06.27 13:10:04.395,1.54689,1.5472,1.10,2.85
2017.06.27 13:10:05.094,1.5469,1.5472,1.00,2.85
2017.06.27 13:10:05.767,1.54689,1.5472,1.00,2.85
2017.06.27 13:10:05.903,1.54685,1.54723,1.05,3.00
2017.06.27 13:10:05.956,1.54699,1.54719,1.00,1.00
2017.06.27 13:10:06.007,1.54701,1.54726,1.00,1.35
2017.06.27 13:10:06.108,1.54696,1.54726,1.00,1.35
2017.06.27 13:10:06.159,1.5469,1.54726,1.52,1.35
2017.06.27 13:10:06.728,1.54695,1.54726,1.00,1.35
2017.06.27 13:10:07.234,1.54696,1.54722,1.00,1.12
2017.06.27 13:10:07.342,1.54694,1.54721,1.50,1.00
2017.06.27 13:10:07.937,1.54695,1.54719,1.00,1.00
2017.06.27 13:10:08.239,1.54699,1.54723,1.00,1.50
2017.06.27 13:10:08.723,1.54703,1.54724,1.00,1.75
2017.06.27 13:10:09.027,1.54706,1.54728,1.00,1.35
2017.06.27 13:10:09.129,1.54701,1.54727,1.00,1.75
2017.06.27 13:10:09.320,1.54704,1.5473,1.00,1.75
2017.06.27 13:10:09.874,1.54705,1.5473,1.00,1.75
2017.06.27 13:10:10.376,1.54706,1.5473,1.00,1.75
2017.06.27 13:10:11.026,1.54709,1.5473,1.00,1.75
2017.06.27 13:10:11.129,1.54708,1.54741,1.00,3.97
2017.06.27 13:10:11.571,1.54706,1.54741,1.00,4.05
2017.06.27 13:10:11.622,1.54708,1.5474,1.00,2.47
2017.06.27 13:10:11.945,1.54708,1.54734,1.00,1.72
2017.06.27 13:10:12.283,1.54705,1.5473,1.00,1.35
2017.06.27 13:10:14.033,1.54704,1.54728,1.00,1.00
2017.06.27 13:10:14.867,1.54703,1.54728,1.00,1.60
2017.06.27 13:10:15.069,1.54699,1.54732,1.00,1.60
2017.06.27 13:10:15.221,1.54695,1.54731,1.10,2.47
2017.06.27 13:10:15.525,1.54699,1.54725,1.00,1.60
2017.06.27 13:10:15.727,1.54695,1.54728,1.00,2.10
2017.06.27 13:10:16.038,1.54697,1.5472,1.00,1.00
2017.06.27 13:10:16.619,1.54689,1.54725,1.00,2.17
2017.06.27 13:10:17.122,1.54688,1.54725,1.00,2.10
2017.06.27 13:10:17.173,1.54691,1.54715,1.00,1.00
2017.06.27 13:10:17.678,1.5469,1.54714,1.00,1.00
2017.06.27 13:10:18.179,1.54689,1.54713,1.00,1.00
2017.06.27 13:10:18.483,1.54691,1.54714,1.00,1.00
2017.06.27 13:10:19.048,1.5469,1.54716,1.00,1.00
2017.06.27 13:10:19.421,1.54689,1.54714,1.00,1.00
2017.06.27 13:10:19.771,1.54687,1.54711,1.00,1.00
2017.06.27 13:10:20.014,1.54688,1.54714,1.00,1.00
2017.06.27 13:10:21.077,1.54688,1.54715,1.50,1.00
2017.06.27 13:10:21.625,1.5469,1.54716,1.50,1.00
2017.06.27 13:10:22.097,1.54692,1.54716,1.00,1.00
2017.06.27 13:10:22.528,1.54692,1.54718,1.00,1.00
2017.06.27 13:10:22.782,1.54694,1.5472,1.00,1.37
2017.06.27 13:10:23.303,1.54693,1.54717,1.00,1.00
2017.06.27 13:10:24.401,1.54694,1.54717,1.00,1.00
2017.06.27 13:10:24.659,1.54693,1.54728,1.00,1.45
2017.06.27 13:10:24.924,1.54695,1.54731,1.00,4.05
2017.06.27 13:10:25.544,1.54694,1.54731,1.00,4.05
2017.06.27 13:10:25.854,1.547,1.54731,1.00,1.05
2017.06.27 13:10:26.129,1.54697,1.54731,1.00,1.05
2017.06.27 13:10:26.230,1.54695,1.54729,1.00,1.47
2017.06.27 13:10:26.742,1.54703,1.54727,1.00,1.00
2017.06.27 13:10:27.015,1.547,1.54726,1.00,1.12
2017.06.27 13:10:27.116,1.54693,1.5473,1.00,1.75
2017.06.27 13:10:27.620,1.54694,1.54727,1.00,1.05
2017.06.27 13:10:27.822,1.54698,1.54722,1.00,1.00
2017.06.27 13:10:29.281,1.54699,1.54723,1.00,1.00
2017.06.27 13:10:29.887,1.54699,1.54722,1.00,1.00
2017.06.27 13:10:31.380,1.54698,1.54722,1.00,1.00
2017.06.27 13:10:32.471,1.54698,1.54724,1.00,1.00
2017.06.27 13:10:34.250,1.54698,1.54724,1.00,1.37
2017.06.27 13:10:34.765,1.54697,1.54722,1.00,1.00
2017.06.27 13:10:36.406,1.54694,1.54724,1.00,1.05
2017.06.27 13:10:36.525,1.54697,1.54722,1.00,1.35
2017.06.27 13:10:38.099,1.54696,1.54722,1.00,1.00
2017.06.27 13:10:39.149,1.54696,1.54722,1.00,1.60
2017.06.27 13:10:39.453,1.54694,1.54717,1.00,1.00
2017.06.27 13:10:40.039,1.54696,1.5472,1.00,1.00
2017.06.27 13:10:40.241,1.54698,1.54721,1.00,1.00
2017.06.27 13:10:40.545,1.54693,1.54725,1.00,1.72
2017.06.27 13:10:41.065,1.54699,1.54722,1.00,1.00
2017.06.27 13:10:41.919,1.547,1.54724,1.00,1.00
2017.06.27 13:10:41.970,1.54702,1.54725,1.00,1.00
2017.06.27 13:10:43.054,1.54703,1.54726,1.00,1.00
2017.06.27 13:10:43.567,1.54704,1.54727,1.00,1.00
2017.06.27 13:10:44.275,1.54703,1.54729,1.00,1.00
2017.06.27 13:10:44.427,1.54708,1.54734,1.00,1.47
2017.06.27 13:10:44.478,1.54711,1.54736,1.00,1.10
2017.06.27 13:10:44.630,1.54714,1.54737,1.00,1.00
2017.06.27 13:10:45.803,1.54714,1.54737,1.00,1.60
2017.06.27 13:10:45.904,1.54712,1.54735,1.00,1.00
2017.06.27 13:10:46.577,1.54713,1.54736,1.00,1.35
2017.06.27 13:10:47.238,1.54714,1.54737,1.00,1.60
2017.06.27 13:10:47.740,1.54713,1.54736,1.00,1.35
2017.06.27 13:10:51.214,1.547,1.54737,1.00,1.70
2017.06.27 13:10:51.265,1.54702,1.54738,1.00,1.67
2017.06.27 13:10:51.568,1.54709,1.54732,1.00,1.00
2017.06.27 13:10:52.294,1.54707,1.54732,1.00,1.00
2017.06.27 13:10:53.328,1.54704,1.54737,1.00,1.70
2017.06.27 13:10:57.294,1.54704,1.54737,1.00,1.60
2017.06.27 13:10:57.801,1.54703,1.54739,1.00,2.92
2017.06.27 13:10:58.282,1.54705,1.5474,1.00,2.92
2017.06.27 13:11:00.193,1.54706,1.54739,1.00,2.92
2017.06.27 13:11:00.345,1.54704,1.54739,1.00,2.92
2017.06.27 13:11:01.127,1.54703,1.54739,1.00,2.92
2017.06.27 13:11:01.744,1.54704,1.54739,1.00,2.92
2017.06.27 13:11:01.795,1.54702,1.5474,1.00,2.92
2017.06.27 13:11:01.982,1.54707,1.5473,1.00,1.00
2017.06.27 13:11:03.119,1.5471,1.54733,1.00,1.00
2017.06.27 13:11:03.677,1.54707,1.5474,1.00,1.00
2017.06.27 13:11:04.058,1.54712,1.54734,1.00,1.00
2017.06.27 13:11:04.423,1.54713,1.54736,1.00,1.00
2017.06.27 13:11:04.626,1.54715,1.54736,1.00,1.00
2017.06.27 13:11:04.845,1.54713,1.54736,1.00,1.00
2017.06.27 13:11:05.378,1.54716,1.54741,1.00,1.00
2017.06.27 13:11:05.429,1.54719,1.54741,1.00,1.00
2017.06.27 13:11:05.481,1.54722,1.54745,1.00,1.00
2017.06.27 13:11:05.684,1.54719,1.54742,1.00,1.00
2017.06.27 13:11:06.050,1.54717,1.5474,1.00,1.00
2017.06.27 13:11:10.015,1.54715,1.5474,1.00,1.00
2017.06.27 13:11:10.066,1.54715,1.54738,1.00,1.00
2017.06.27 13:11:10.401,1.54713,1.54736,1.00,1.00
2017.06.27 13:11:11.291,1.54711,1.54736,1.00,1.00
2017.06.27 13:11:12.734,1.54713,1.54736,1.00,1.00
2017.06.27 13:11:14.601,1.54714,1.54737,1.00,1.00
2017.06.27 13:11:15.136,1.54706,1.54742,1.10,2.10
2017.06.27 13:11:15.687,1.54707,1.54742,1.00,2.10
2017.06.27 13:11:15.788,1.54705,1.54742,1.10,2.10
2017.06.27 13:11:15.990,1.54712,1.54735,1.00,1.00
2017.06.27 13:11:16.377,1.54714,1.54735,1.00,1.00
2017.06.27 13:11:16.894,1.54713,1.54734,1.00,1.00
2017.06.27 13:11:17.207,1.54715,1.54734,1.00,1.00
2017.06.27 13:11:17.514,1.54717,1.54734,1.00,1.00
2017.06.27 13:11:17.616,1.54716,1.54736,1.00,1.00
2017.06.27 13:11:17.769,1.54713,1.54736,1.00,1.00
2017.06.27 13:11:17.820,1.54721,1.54738,1.00,1.00
2017.06.27 13:11:17.997,1.54721,1.54748,1.00,1.60
2017.06.27 13:11:18.560,1.54718,1.54747,1.00,1.60
2017.06.27 13:11:18.611,1.54719,1.54747,1.00,2.10
2017.06.27 13:11:19.628,1.54718,1.54747,1.00,2.17
2017.06.27 13:11:20.135,1.54719,1.54748,1.00,2.92
2017.06.27 13:11:20.703,1.54718,1.54748,1.00,2.17
2017.06.27 13:11:21.309,1.54717,1.54747,1.00,2.17
2017.06.27 13:11:23.306,1.54718,1.54747,1.00,2.10
2017.06.27 13:11:24.204,1.54717,1.54748,1.00,2.10
2017.06.27 13:11:24.708,1.54718,1.54741,1.50,1.00
2017.06.27 13:11:25.106,1.54715,1.54737,1.00,1.00
2017.06.27 13:11:25.682,1.54714,1.54737,1.50,1.00
2017.06.27 13:11:26.301,1.54715,1.54738,1.50,1.00
2017.06.27 13:11:27.426,1.54714,1.54738,1.00,1.00
2017.06.27 13:11:27.957,1.54713,1.54738,1.50,1.00
2017.06.27 13:11:28.485,1.54713,1.54743,1.00,1.60
2017.06.27 13:11:29.044,1.54712,1.54744,1.00,1.60
2017.06.27 13:11:29.219,1.54713,1.54743,1.00,1.60
2017.06.27 13:11:29.321,1.54711,1.54744,1.00,1.60
2017.06.27 13:11:30.036,1.54712,1.54743,1.00,1.60
2017.06.27 13:11:30.618,1.54711,1.54744,1.00,1.60
2017.06.27 13:11:31.597,1.54712,1.54741,1.00,1.60
2017.06.27 13:11:32.117,1.54713,1.54741,1.00,1.60
2017.06.27 13:11:32.218,1.54714,1.54737,1.00,1.00
2017.06.27 13:11:33.691,1.54711,1.54742,1.00,1.60
2017.06.27 13:11:33.742,1.54707,1.54739,1.50,2.10
2017.06.27 13:11:33.793,1.5471,1.54739,1.00,2.10
2017.06.27 13:11:34.185,1.54698,1.54722,1.00,1.05
2017.06.27 13:11:34.236,1.54689,1.54722,1.50,1.05
2017.06.27 13:11:34.444,1.54689,1.54723,1.50,1.42
2017.06.27 13:11:34.646,1.54689,1.54725,1.50,2.55
2017.06.27 13:11:34.949,1.54692,1.54725,1.00,1.70
2017.06.27 13:11:35.705,1.54693,1.54725,1.00,2.10
2017.06.27 13:11:36.135,1.54695,1.54725,1.00,1.60
2017.06.27 13:11:36.914,1.54694,1.54725,1.00,1.60
2017.06.27 13:11:37.476,1.54694,1.54724,1.00,1.60
2017.06.27 13:11:37.779,1.54697,1.5472,1.00,1.00
2017.06.27 13:11:38.106,1.54699,1.54722,1.00,1.00
2017.06.27 13:11:38.718,1.54701,1.54722,1.00,1.00
2017.06.27 13:11:38.769,1.54699,1.54721,1.00,1.00
2017.06.27 13:11:39.170,1.547,1.54723,1.00,1.00
2017.06.27 13:11:39.544,1.54699,1.54729,1.00,2.10
2017.06.27 13:11:40.301,1.54701,1.54724,1.00,1.00
2017.06.27 13:11:41.235,1.54702,1.54727,1.00,1.00
2017.06.27 13:11:41.739,1.54702,1.54727,1.00,2.10
2017.06.27 13:11:41.958,1.54698,1.54727,1.00,1.60
2017.06.27 13:11:42.464,1.54697,1.5473,1.00,1.70
2017.06.27 13:11:42.616,1.54699,1.54729,1.00,1.60
2017.06.27 13:11:42.888,1.54697,1.5473,1.00,2.10
2017.06.27 13:11:43.393,1.54698,1.54729,1.00,1.60
2017.06.27 13:11:43.903,1.54697,1.5473,1.00,2.10
2017.06.27 13:11:44.971,1.547,1.54723,1.00,1.00
2017.06.27 13:11:46.163,1.54709,1.54723,1.00,1.00
2017.06.27 13:11:46.264,1.54712,1.54732,1.00,1.00
2017.06.27 13:11:46.366,1.54712,1.54735,1.00,1.10
2017.06.27 13:11:46.519,1.5471,1.54735,1.50,1.00
2017.06.27 13:11:46.823,1.54712,1.54735,1.00,1.10
2017.06.27 13:11:47.383,1.54711,1.54735,1.00,1.10
2017.06.27 13:11:47.899,1.5471,1.54735,1.50,1.10
2017.06.27 13:11:48.202,1.54714,1.54735,1.00,1.00
2017.06.27 13:11:48.354,1.54714,1.54744,1.00,1.05
2017.06.27 13:11:48.731,1.54715,1.54743,1.00,1.05
2017.06.27 13:11:49.268,1.54715,1.54737,1.00,1.00
2017.06.27 13:11:50.870,1.54715,1.54743,1.00,1.05
2017.06.27 13:11:52.205,1.54714,1.54743,1.00,1.05
2017.06.27 13:11:53.443,1.54714,1.54745,1.00,2.17
2017.06.27 13:11:53.707,1.54714,1.54743,1.00,1.05
2017.06.27 13:11:54.601,1.54714,1.54745,1.00,2.55
2017.06.27 13:11:54.737,1.54714,1.54736,1.50,1.00
2017.06.27 13:11:55.058,1.54716,1.54736,1.00,1.00
2017.06.27 13:11:55.729,1.54715,1.54736,1.00,1.00
2017.06.27 13:11:56.016,1.54715,1.54744,1.00,2.55
2017.06.27 13:11:56.938,1.54716,1.54744,1.00,2.55
2017.06.27 13:11:57.532,1.54715,1.54744,1.00,2.55
2017.06.27 13:11:57.583,1.54715,1.54742,1.00,2.17
2017.06.27 13:11:58.154,1.54714,1.54742,1.00,1.67
2017.06.27 13:11:58.684,1.54715,1.54742,1.00,1.67
2017.06.27 13:11:58.837,1.54713,1.54739,1.00,3.67
2017.06.27 13:11:58.888,1.5471,1.54739,1.00,2.92
2017.06.27 13:11:58.939,1.54714,1.54741,1.00,1.35
2017.06.27 13:11:59.469,1.54715,1.54745,1.00,2.17
2017.06.27 13:11:59.880,1.54715,1.54737,1.00,1.00
2017.06.27 13:12:00.160,1.54713,1.54737,1.00,1.00
2017.06.27 13:12:00.688,1.54715,1.54737,1.00,1.00
2017.06.27 13:12:01.127,1.54713,1.54737,1.50,1.00
2017.06.27 13:12:01.279,1.54715,1.54737,1.00,1.00
2017.06.27 13:12:01.879,1.54715,1.54738,1.00,1.00
2017.06.27 13:12:02.610,1.54716,1.54738,1.00,1.00
2017.06.27 13:12:03.285,1.54717,1.54738,1.00,1.00
2017.06.27 13:12:04.809,1.54716,1.54738,1.00,1.00
2017.06.27 13:12:05.382,1.54717,1.54738,1.00,1.00
2017.06.27 13:12:06.157,1.54714,1.54743,1.00,2.10
2017.06.27 13:12:06.258,1.54714,1.54741,1.00,2.10
2017.06.27 13:12:06.662,1.54713,1.5474,1.00,4.35
2017.06.27 13:12:07.166,1.54714,1.54739,1.00,1.67
2017.06.27 13:12:07.940,1.54713,1.5474,1.00,2.92
2017.06.27 13:12:07.991,1.54715,1.54737,1.00,1.00
2017.06.27 13:12:08.277,1.54717,1.5474,1.00,1.35
2017.06.27 13:12:08.884,1.54716,1.5474,1.00,1.35
2017.06.27 13:12:09.562,1.54717,1.5474,1.00,1.35
2017.06.27 13:12:11.076,1.54716,1.54744,1.00,2.17
2017.06.27 13:12:11.902,1.54718,1.54744,1.00,2.10
2017.06.27 13:12:12.237,1.54715,1.54745,1.00,5.92
2017.06.27 13:12:12.288,1.54713,1.54745,1.00,2.17
2017.06.27 13:12:12.482,1.54714,1.54738,1.00,1.00
2017.06.27 13:12:12.803,1.54716,1.54737,1.00,1.70
2017.06.27 13:12:12.955,1.5471,1.54731,1.00,1.00
2017.06.27 13:12:13.006,1.54708,1.54731,1.00,1.00
2017.06.27 13:12:13.520,1.54708,1.54731,1.00,1.60
2017.06.27 13:12:13.812,1.54696,1.54735,1.37,2.92
2017.06.27 13:12:15.038,1.54705,1.54727,1.00,1.00
2017.06.27 13:12:15.765,1.54705,1.54726,1.00,1.00
2017.06.27 13:12:15.917,1.54694,1.54727,1.87,1.00
2017.06.27 13:12:16.515,1.54694,1.54728,1.87,1.35
2017.06.27 13:12:17.636,1.54694,1.54727,1.87,1.00
2017.06.27 13:12:17.917,1.54694,1.54725,1.50,1.00
2017.06.27 13:12:18.263,1.54695,1.54727,2.25,1.00
2017.06.27 13:12:18.314,1.54695,1.54732,2.70,1.35
2017.06.27 13:12:18.365,1.54702,1.54725,1.00,1.00
2017.06.27 13:12:18.651,1.54694,1.54725,2.62,1.42
2017.06.27 13:12:19.673,1.54694,1.54728,1.75,2.17
2017.06.27 13:12:20.187,1.54702,1.54725,1.00,1.35
2017.06.27 13:12:20.706,1.54701,1.54723,1.00,1.00
2017.06.27 13:12:21.212,1.54701,1.54724,1.00,1.00
2017.06.27 13:12:21.753,1.54701,1.54723,1.00,1.42
2017.06.27 13:12:22.082,1.54701,1.54722,1.00,1.70
2017.06.27 13:12:22.285,1.54697,1.54718,1.00,1.67
2017.06.27 13:12:22.822,1.54687,1.54717,1.95,1.42
2017.06.27 13:12:22.924,1.54691,1.54714,1.75,1.60
2017.06.27 13:12:23.256,1.54684,1.54711,1.20,1.00
2017.06.27 13:12:23.509,1.54683,1.54711,1.45,1.00
2017.06.27 13:12:23.560,1.54683,1.54713,1.45,1.42
2017.06.27 13:12:23.611,1.54688,1.54713,1.00,1.00
2017.06.27 13:12:23.915,1.5469,1.54713,1.00,1.00
2017.06.27 13:12:26.316,1.54687,1.54715,1.00,1.10
2017.06.27 13:12:26.860,1.54691,1.54715,1.00,1.00
2017.06.27 13:12:27.164,1.54693,1.54716,1.00,1.00
2017.06.27 13:12:27.467,1.54693,1.54714,1.00,1.00
2017.06.27 13:12:28.103,1.54692,1.54714,1.00,1.00
2017.06.27 13:12:28.957,1.54692,1.54715,1.00,1.00
2017.06.27 13:12:29.506,1.54692,1.54716,1.00,1.42
2017.06.27 13:12:29.759,1.54687,1.54712,1.00,1.00
2017.06.27 13:12:30.265,1.54688,1.54717,1.00,2.17
2017.06.27 13:12:30.316,1.54688,1.54711,1.00,1.00
2017.06.27 13:12:30.846,1.54687,1.54711,1.00,1.10
2017.06.27 13:12:31.173,1.54689,1.54711,1.00,1.10
2017.06.27 13:12:31.755,1.54689,1.54712,1.00,1.57
2017.06.27 13:12:32.301,1.54687,1.54711,1.00,1.00
2017.06.27 13:12:32.809,1.54688,1.54712,1.00,1.10
2017.06.27 13:12:33.244,1.5469,1.54712,1.00,1.00
2017.06.27 13:12:34.699,1.5469,1.54711,1.00,1.00
2017.06.27 13:12:34.851,1.5469,1.54713,1.00,1.57
2017.06.27 13:12:35.356,1.54689,1.54712,1.00,1.00
2017.06.27 13:12:36.433,1.5469,1.54712,1.00,1.00
2017.06.27 13:12:36.635,1.54688,1.54711,1.00,1.00
2017.06.27 13:12:37.494,1.54689,1.54712,1.00,1.00
2017.06.27 13:12:37.595,1.54687,1.54712,1.00,1.50
2017.06.27 13:12:38.642,1.54682,1.54712,1.45,1.00
2017.06.27 13:12:39.233,1.54682,1.54713,1.45,1.00
2017.06.27 13:12:39.408,1.54688,1.54713,1.00,1.00
2017.06.27 13:12:39.711,1.54691,1.54716,1.00,1.00
2017.06.27 13:12:40.015,1.54694,1.54717,1.00,1.00
2017.06.27 13:12:41.036,1.54695,1.54718,1.00,1.00
2017.06.27 13:12:41.368,1.54687,1.54721,1.00,1.00
2017.06.27 13:12:41.823,1.54685,1.54722,3.45,1.42
2017.06.27 13:12:42.545,1.54685,1.54722,2.70,1.42
2017.06.27 13:12:42.711,1.54693,1.54718,1.00,1.00
2017.06.27 13:12:43.014,1.54695,1.54718,1.00,1.00
2017.06.27 13:12:43.272,1.54686,1.54714,1.00,1.00
2017.06.27 13:12:43.323,1.54684,1.54714,1.00,1.00
2017.06.27 13:12:43.374,1.54687,1.54712,1.00,1.00
2017.06.27 13:12:43.627,1.54692,1.54718,1.00,1.35
2017.06.27 13:12:43.678,1.54693,1.54714,1.00,1.00
2017.06.27 13:12:43.728,1.5469,1.54714,1.00,1.00
2017.06.27 13:12:44.474,1.54688,1.54711,1.00,1.00
2017.06.27 13:12:45.001,1.54689,1.54712,1.00,1.00
2017.06.27 13:12:46.800,1.54691,1.54714,1.00,1.00
2017.06.27 13:12:46.850,1.54691,1.54716,1.00,1.00
2017.06.27 13:12:48.439,1.54688,1.54721,1.00,2.10
2017.06.27 13:12:48.756,1.54685,1.54722,1.12,2.17
2017.06.27 13:12:48.807,1.54691,1.54716,1.00,1.00
2017.06.27 13:12:49.111,1.54683,1.54718,1.75,1.70
2017.06.27 13:12:49.696,1.54683,1.5472,1.75,1.67
2017.06.27 13:12:49.899,1.54691,1.54714,1.00,1.00
2017.06.27 13:12:50.439,1.54692,1.54715,1.00,1.00
2017.06.27 13:12:51.155,1.54692,1.54717,1.00,1.00
2017.06.27 13:12:51.357,1.54692,1.54715,1.00,1.00
2017.06.27 13:12:53.676,1.54692,1.54717,1.00,1.00
2017.06.27 13:12:54.831,1.54691,1.54716,1.00,1.00
2017.06.27 13:12:56.219,1.54689,1.54714,1.00,1.00
2017.06.27 13:12:56.733,1.5469,1.54715,1.00,1.00
2017.06.27 13:12:57.343,1.54691,1.54716,1.00,1.00
2017.06.27 13:13:00.134,1.54693,1.54716,1.00,1.00
2017.06.27 13:13:02.604,1.54689,1.54717,1.00,1.00
2017.06.27 13:13:02.756,1.54685,1.54718,1.00,1.00
2017.06.27 13:13:02.908,1.54688,1.54717,1.00,1.00
2017.06.27 13:13:03.228,1.5469,1.54717,1.00,1.00
2017.06.27 13:13:03.543,1.54693,1.54716,1.00,1.00
2017.06.27 13:13:03.847,1.54687,1.54723,9.15,1.00
2017.06.27 13:13:03.949,1.54693,1.5472,1.00,1.00
2017.06.27 13:13:04.052,1.54691,1.5472,1.00,1.00
2017.06.27 13:13:04.103,1.54691,1.54722,1.00,1.00
2017.06.27 13:13:04.263,1.54705,1.54724,1.00,1.00
2017.06.27 13:13:04.314,1.54712,1.54736,1.00,1.75
2017.06.27 13:13:04.720,1.5471,1.54732,1.00,1.00
2017.06.27 13:13:05.228,1.54711,1.54732,1.00,1.00
2017.06.27 13:13:05.730,1.54713,1.54732,1.00,1.00
2017.06.27 13:13:05.882,1.54714,1.54736,1.00,1.00
2017.06.27 13:13:06.454,1.54713,1.54736,1.00,1.00
2017.06.27 13:13:07.135,1.54713,1.54745,1.00,5.92
2017.06.27 13:13:07.618,1.54713,1.54744,1.00,2.17
2017.06.27 13:13:07.669,1.54709,1.54744,1.00,5.92
2017.06.27 13:13:07.771,1.54709,1.54733,1.50,1.00
2017.06.27 13:13:08.075,1.54709,1.54731,1.00,1.00
2017.06.27 13:13:08.625,1.54708,1.54731,1.00,1.00
2017.06.27 13:13:09.372,1.54709,1.54731,1.00,1.00
2017.06.27 13:13:10.223,1.54708,1.54731,1.00,1.00
2017.06.27 13:13:10.868,1.54709,1.54731,1.00,1.00
2017.06.27 13:13:11.538,1.54711,1.54731,1.00,1.00
2017.06.27 13:13:11.819,1.54712,1.54736,1.00,1.00
2017.06.27 13:13:12.954,1.54711,1.54736,1.50,1.00
2017.06.27 13:13:13.055,1.54712,1.54739,1.00,1.10
2017.06.27 13:13:13.106,1.54712,1.54739,1.00,1.07
2017.06.27 13:13:13.525,1.5471,1.54739,1.00,1.07
2017.06.27 13:13:14.189,1.54708,1.5474,1.00,1.67
2017.06.27 13:13:14.291,1.54709,1.54732,1.50,1.00
2017.06.27 13:13:15.267,1.54709,1.54731,1.00,1.00
2017.06.27 13:13:15.528,1.54706,1.5473,1.00,1.00
2017.06.27 13:13:15.579,1.54706,1.54727,1.00,1.00
2017.06.27 13:13:15.883,1.54709,1.54729,1.00,1.00
2017.06.27 13:13:15.934,1.54707,1.54729,1.00,1.00
2017.06.27 13:13:16.574,1.54708,1.54729,1.00,1.00
2017.06.27 13:13:16.777,1.5471,1.54729,1.00,1.00
2017.06.27 13:13:17.538,1.5471,1.5473,1.00,1.00
2017.06.27 13:13:18.007,1.54707,1.5473,1.00,1.00
2017.06.27 13:13:18.159,1.5471,1.5473,1.00,1.00
2017.06.27 13:13:18.261,1.54712,1.54739,1.00,2.10
2017.06.27 13:13:18.886,1.54713,1.54739,1.00,2.10
2017.06.27 13:13:19.240,1.54711,1.54738,1.00,1.60
2017.06.27 13:13:19.759,1.54712,1.54739,1.00,1.60
2017.06.27 13:13:19.895,1.54711,1.54739,1.00,1.00
2017.06.27 13:13:19.946,1.54718,1.54741,1.00,1.00
2017.06.27 13:13:19.997,1.54719,1.54748,1.00,1.82
2017.06.27 13:13:20.048,1.54723,1.54741,1.00,1.00
2017.06.27 13:13:20.150,1.54722,1.54743,1.00,1.00
2017.06.27 13:13:20.651,1.54721,1.54743,1.00,1.00
2017.06.27 13:13:21.215,1.54721,1.54744,1.50,1.00
2017.06.27 13:13:21.715,1.54719,1.54743,1.50,1.00
2017.06.27 13:13:21.851,1.54716,1.54741,1.00,1.10
2017.06.27 13:13:22.308,1.54718,1.54741,1.50,1.00
2017.06.27 13:13:22.626,1.5472,1.54743,1.50,1.00
2017.06.27 13:13:23.140,1.54718,1.54742,1.00,1.10
2017.06.27 13:13:23.191,1.54718,1.54739,1.00,1.00
2017.06.27 13:13:23.699,1.54717,1.54739,1.00,1.00
2017.06.27 13:13:24.823,1.54718,1.54739,1.00,1.00
2017.06.27 13:13:24.925,1.54715,1.54738,1.50,1.10
2017.06.27 13:13:25.486,1.54715,1.54737,1.00,1.00
2017.06.27 13:13:26.076,1.54716,1.54737,1.00,1.00
2017.06.27 13:13:26.688,1.54716,1.54739,1.00,1.00
2017.06.27 13:13:28.128,1.54717,1.5474,1.00,1.00
2017.06.27 13:13:28.281,1.54719,1.5474,1.00,1.00
2017.06.27 13:13:28.433,1.54719,1.54742,1.00,1.00
2017.06.27 13:13:29.843,1.54719,1.54741,1.00,1.00
2017.06.27 13:13:31.149,1.54718,1.54741,1.00,1.00
2017.06.27 13:13:31.351,1.54714,1.54746,1.00,1.67
2017.06.27 13:13:31.889,1.54714,1.54746,1.00,1.80
2017.06.27 13:13:32.635,1.54713,1.54734,1.00,1.00
2017.06.27 13:13:32.686,1.5471,1.54734,1.00,1.00
2017.06.27 13:13:32.787,1.54709,1.54731,1.00,1.00
2017.06.27 13:13:33.219,1.54713,1.54734,1.00,1.00
2017.06.27 13:13:33.371,1.54709,1.54734,1.00,1.00
2017.06.27 13:13:33.907,1.5471,1.54735,1.00,1.00
2017.06.27 13:13:34.643,1.54711,1.54735,1.00,1.00
2017.06.27 13:13:34.694,1.54711,1.54735,1.00,1.60
2017.06.27 13:13:34.997,1.5471,1.54734,1.00,1.60
2017.06.27 13:13:35.048,1.54705,1.54726,1.00,1.00
2017.06.27 13:13:35.351,1.54703,1.54726,1.00,1.00
2017.06.27 13:13:35.500,1.547,1.54724,1.00,1.00
2017.06.27 13:13:36.020,1.54701,1.54724,1.00,1.00
2017.06.27 13:13:37.405,1.547,1.54721,1.00,1.00
2017.06.27 13:13:37.913,1.54699,1.54721,1.00,1.00
2017.06.27 13:13:38.393,1.54697,1.5472,1.00,1.00
2017.06.27 13:13:38.495,1.54695,1.5472,1.00,1.60
2017.06.27 13:13:38.596,1.54692,1.54716,1.00,1.00
2017.06.27 13:13:38.647,1.54692,1.54714,1.00,1.00
2017.06.27 13:13:38.698,1.54689,1.54714,1.00,1.00
2017.06.27 13:13:38.850,1.54693,1.54716,1.00,1.00
2017.06.27 13:13:39.409,1.54694,1.54716,1.00,1.00
2017.06.27 13:13:40.032,1.54695,1.54717,1.00,1.00
2017.06.27 13:13:40.203,1.54693,1.54717,1.00,1.00
2017.06.27 13:13:40.305,1.54694,1.54715,1.00,1.00
2017.06.27 13:13:40.654,1.54697,1.54715,1.00,1.00
2017.06.27 13:13:40.706,1.54695,1.54718,1.00,1.00
2017.06.27 13:13:40.757,1.54697,1.54718,1.00,1.00
2017.06.27 13:13:40.960,1.54694,1.54716,1.00,1.00
2017.06.27 13:13:41.062,1.54697,1.54719,1.00,1.00
2017.06.27 13:13:41.404,1.54699,1.54719,1.00,1.00
2017.06.27 13:13:41.657,1.54699,1.54721,1.00,1.00
2017.06.27 13:13:42.205,1.54698,1.54721,1.00,1.00
2017.06.27 13:13:42.381,1.547,1.54721,1.00,1.00
2017.06.27 13:13:42.872,1.54699,1.54727,1.00,1.35
2017.06.27 13:13:42.923,1.54699,1.5472,1.00,1.00
2017.06.27 13:13:43.177,1.54697,1.5472,1.00,1.00
2017.06.27 13:13:43.718,1.54698,1.5472,1.00,1.00
2017.06.27 13:13:43.870,1.54699,1.54718,1.00,1.00
2017.06.27 13:13:44.258,1.54697,1.54718,1.00,1.00
2017.06.27 13:13:44.309,1.54694,1.54717,1.00,1.00
2017.06.27 13:13:44.360,1.54695,1.54714,1.00,1.00
2017.06.27 13:13:44.513,1.54693,1.54714,1.00,1.00
2017.06.27 13:13:44.665,1.54691,1.54714,1.50,1.00
2017.06.27 13:13:45.226,1.54688,1.54713,1.00,1.00
2017.06.27 13:13:45.632,1.5469,1.54713,1.00,1.00
2017.06.27 13:13:46.014,1.54692,1.54713,1.00,1.00
2017.06.27 13:13:46.442,1.5469,1.54712,1.50,1.00
2017.06.27 13:13:47.555,1.54689,1.54719,1.00,2.17
2017.06.27 13:13:48.430,1.54689,1.54719,1.00,2.17
2017.06.27 13:13:49.028,1.5469,1.54719,1.00,1.42
2017.06.27 13:13:49.596,1.5469,1.54711,1.00,1.00
2017.06.27 13:13:50.215,1.54689,1.54711,1.50,1.00
2017.06.27 13:13:50.567,1.5469,1.54713,1.00,1.00
2017.06.27 13:13:50.719,1.54692,1.54713,1.00,1.00
2017.06.27 13:13:50.770,1.5469,1.54713,1.00,1.00
2017.06.27 13:13:50.864,1.54692,1.54714,1.00,1.00
2017.06.27 13:13:51.593,1.5469,1.54713,1.00,1.00
2017.06.27 13:13:52.100,1.54689,1.54713,1.50,1.00
2017.06.27 13:13:52.635,1.5469,1.54713,1.00,1.00
2017.06.27 13:13:53.796,1.54692,1.54715,1.00,1.00
2017.06.27 13:13:53.847,1.54693,1.54717,1.00,1.00
2017.06.27 13:13:53.944,1.54695,1.54717,1.00,1.00
2017.06.27 13:13:53.995,1.54693,1.54717,1.00,1.00
2017.06.27 13:13:54.499,1.54692,1.54717,1.50,1.00
2017.06.27 13:13:55.022,1.54691,1.54715,1.50,1.00
2017.06.27 13:13:55.349,1.54693,1.54717,1.00,1.00
2017.06.27 13:13:55.810,1.54693,1.54715,1.00,1.00
2017.06.27 13:13:56.404,1.54692,1.54715,1.50,1.00
2017.06.27 13:13:56.955,1.54689,1.54719,1.00,1.60
2017.06.27 13:13:57.258,1.5469,1.54714,1.50,1.00
2017.06.27 13:13:57.561,1.54687,1.5472,1.00,1.70
2017.06.27 13:13:57.612,1.5469,1.54719,1.00,1.60
2017.06.27 13:13:58.127,1.54691,1.5472,1.00,1.60
2017.06.27 13:13:58.460,1.54692,1.54714,1.00,1.00
2017.06.27 13:13:59.368,1.54691,1.54714,1.00,1.00
2017.06.27 13:13:59.908,1.54692,1.54714,1.00,1.00
2017.06.27 13:14:00.433,1.54693,1.54715,1.00,1.00
2017.06.27 13:14:00.941,1.54692,1.54715,1.00,1.00
2017.06.27 13:14:02.805,1.54693,1.54715,1.00,1.00
2017.06.27 13:14:03.452,1.54694,1.54715,1.00,1.00
2017.06.27 13:14:03.962,1.54693,1.54715,1.00,1.00
2017.06.27 13:14:04.507,1.54694,1.54715,1.00,1.00
2017.06.27 13:14:04.710,1.54693,1.54717,1.50,1.00
2017.06.27 13:14:04.913,1.54692,1.54715,1.50,1.00
2017.06.27 13:14:05.674,1.54693,1.54715,1.00,1.00
2017.06.27 13:14:06.221,1.54692,1.54715,1.00,1.00
2017.06.27 13:14:06.444,1.54691,1.54722,1.00,1.80
2017.06.27 13:14:06.732,1.54693,1.54722,1.00,1.67
2017.06.27 13:14:07.109,1.54693,1.54716,1.00,1.00
2017.06.27 13:14:07.528,1.54691,1.54716,1.50,1.00
2017.06.27 13:14:08.120,1.5469,1.54715,1.00,1.00
2017.06.27 13:14:08.715,1.5469,1.54713,1.00,1.00
2017.06.27 13:14:09.260,1.54691,1.54714,1.00,1.00
2017.06.27 13:14:11.444,1.54692,1.54714,1.00,1.00
2017.06.27 13:14:13.827,1.54691,1.54714,1.50,1.00
2017.06.27 13:14:14.358,1.54691,1.54715,1.00,1.00
2017.06.27 13:14:15.125,1.54691,1.54713,1.00,1.00
2017.06.27 13:14:16.522,1.5469,1.54713,1.50,1.00
2017.06.27 13:14:17.049,1.5469,1.54713,1.00,1.07
2017.06.27 13:14:17.260,1.54688,1.54718,1.00,1.80
2017.06.27 13:14:17.787,1.54689,1.54718,1.00,1.80
2017.06.27 13:14:18.584,1.54689,1.54716,1.00,1.05
2017.06.27 13:14:18.685,1.54687,1.54711,1.00,1.42
2017.06.27 13:14:19.333,1.54688,1.54711,1.00,1.42
2017.06.27 13:14:19.955,1.54688,1.54711,1.00,1.35
2017.06.27 13:14:20.454,1.54684,1.54707,1.00,1.00
2017.06.27 13:14:20.759,1.54682,1.54705,1.00,1.00
2017.06.27 13:14:21.360,1.54683,1.54705,1.00,1.00
2017.06.27 13:14:21.816,1.54682,1.54712,1.00,1.80
2017.06.27 13:14:22.149,1.54682,1.54712,1.00,3.30
2017.06.27 13:14:22.690,1.54684,1.54712,1.00,3.30
2017.06.27 13:14:23.217,1.54685,1.54712,1.00,4.80
2017.06.27 13:14:23.267,1.54684,1.54712,1.00,1.97
2017.06.27 13:14:23.319,1.54685,1.54711,1.00,1.30
2017.06.27 13:14:23.837,1.54686,1.54713,1.00,1.70
2017.06.27 13:14:24.394,1.54685,1.54713,1.00,1.67
2017.06.27 13:14:24.973,1.54686,1.54713,1.00,1.70
2017.06.27 13:14:25.024,1.54686,1.54706,1.00,1.00
2017.06.27 13:14:25.578,1.54687,1.54706,1.00,1.00
2017.06.27 13:14:26.125,1.54686,1.54706,1.00,1.37
2017.06.27 13:14:26.709,1.54687,1.54706,1.00,1.37
2017.06.27 13:14:27.221,1.54686,1.54706,1.00,1.37
2017.06.27 13:14:27.797,1.54687,1.54706,1.00,1.12
2017.06.27 13:14:29.017,1.54686,1.54706,1.00,1.12
2017.06.27 13:14:29.068,1.54684,1.54706,1.00,1.00
2017.06.27 13:14:29.119,1.54682,1.54706,1.00,1.37
2017.06.27 13:14:29.271,1.5468,1.54703,1.50,1.00
2017.06.27 13:14:29.999,1.54681,1.54703,1.00,1.00
2017.06.27 13:14:30.503,1.54681,1.54702,1.00,1.00
2017.06.27 13:14:31.071,1.5468,1.54702,1.00,1.00
2017.06.27 13:14:32.186,1.54679,1.54702,1.50,1.00
2017.06.27 13:14:32.338,1.54682,1.54704,1.00,1.35
2017.06.27 13:14:32.594,1.54682,1.54706,1.00,1.00
2017.06.27 13:14:32.646,1.54685,1.54707,1.00,1.35
2017.06.27 13:14:32.697,1.54683,1.54707,1.00,1.72
2017.06.27 13:14:33.207,1.54683,1.54707,1.00,1.97
2017.06.27 13:14:33.258,1.54681,1.54703,1.00,1.30
2017.06.27 13:14:33.309,1.54681,1.54704,1.00,1.97
2017.06.27 13:14:33.360,1.54678,1.54701,1.00,1.35
2017.06.27 13:14:33.411,1.54678,1.547,1.00,1.37
2017.06.27 13:14:33.714,1.54676,1.54699,1.00,1.30
2017.06.27 13:14:34.263,1.54677,1.547,1.00,1.60
2017.06.27 13:14:36.482,1.54678,1.547,1.00,1.60
2017.06.27 13:14:37.054,1.54677,1.547,1.00,1.60
2017.06.27 13:14:37.671,1.54678,1.547,1.00,1.60
2017.06.27 13:14:38.205,1.54678,1.547,1.00,1.35
2017.06.27 13:14:38.602,1.5468,1.54702,1.00,1.60
2017.06.27 13:14:39.142,1.5468,1.54699,1.00,1.00
2017.06.27 13:14:39.688,1.54679,1.54699,1.00,1.00
2017.06.27 13:14:40.099,1.54679,1.54701,1.00,1.00
2017.06.27 13:14:40.745,1.5468,1.54701,1.00,1.00
2017.06.27 13:14:41.265,1.54679,1.54701,1.00,1.00
2017.06.27 13:14:41.679,1.54681,1.54702,1.00,1.00
2017.06.27 13:14:42.503,1.54682,1.54702,1.00,1.00
2017.06.27 13:14:43.043,1.54682,1.54703,1.00,1.00
2017.06.27 13:14:43.359,1.54686,1.54707,1.00,1.60
2017.06.27 13:14:43.851,1.54688,1.54707,1.00,1.00
2017.06.27 13:14:43.901,1.54683,1.54707,1.00,1.60
2017.06.27 13:14:43.952,1.54685,1.54704,1.00,2.85
2017.06.27 13:14:44.003,1.54685,1.547,1.00,1.30
2017.06.27 13:14:44.104,1.54679,1.547,1.00,1.30
2017.06.27 13:14:44.155,1.54681,1.54704,1.00,2.10
2017.06.27 13:14:44.368,1.54677,1.54704,1.00,1.00
2017.06.27 13:14:44.470,1.54671,1.54705,1.50,1.35
2017.06.27 13:14:44.571,1.54676,1.54705,1.00,1.35
2017.06.27 13:14:44.824,1.54668,1.54701,1.50,1.60
2017.06.27 13:14:44.976,1.54673,1.54701,1.00,1.60
2017.06.27 13:14:45.442,1.54672,1.54699,1.00,1.60
2017.06.27 13:14:45.543,1.54669,1.54699,1.00,1.60
2017.06.27 13:14:45.695,1.54672,1.547,1.00,2.85
2017.06.27 13:14:45.796,1.54673,1.547,1.00,1.60
2017.06.27 13:14:46.173,1.54671,1.547,1.00,1.60
2017.06.27 13:14:46.527,1.54671,1.54694,1.50,1.00
2017.06.27 13:14:47.172,1.54672,1.54694,1.00,1.00
2017.06.27 13:14:47.820,1.54672,1.54693,1.00,1.00
2017.06.27 13:14:48.361,1.54671,1.54693,1.00,1.00
2017.06.27 13:14:48.904,1.54672,1.54693,1.00,1.00
2017.06.27 13:14:49.464,1.54671,1.54694,1.00,1.00
2017.06.27 13:14:50.076,1.54672,1.54694,1.00,1.00
2017.06.27 13:14:50.865,1.54674,1.54697,1.00,1.00
2017.06.27 13:14:50.916,1.54676,1.54697,1.00,1.00
2017.06.27 13:14:51.017,1.54677,1.54699,1.00,1.00
2017.06.27 13:14:51.118,1.54676,1.54697,1.00,1.00
2017.06.27 13:14:51.220,1.54672,1.54697,1.00,1.60
2017.06.27 13:14:51.594,1.54671,1.54694,1.00,1.00
2017.06.27 13:14:52.156,1.5467,1.54693,1.00,1.00
2017.06.27 13:14:52.510,1.54671,1.5469,1.00,1.00
2017.06.27 13:14:52.662,1.54669,1.5469,1.00,1.00
2017.06.27 13:14:52.713,1.54671,1.5469,1.00,1.00
2017.06.27 13:14:53.344,1.5467,1.54692,1.00,1.00
2017.06.27 13:14:53.501,1.5467,1.5469,1.00,1.00
2017.06.27 13:14:54.145,1.5467,1.54691,1.00,1.00
2017.06.27 13:14:54.654,1.54671,1.54691,1.00,1.00
2017.06.27 13:14:55.202,1.54671,1.54692,1.00,1.00
2017.06.27 13:14:55.693,1.54668,1.54691,1.00,1.00
2017.06.27 13:14:55.795,1.54671,1.54691,1.00,1.00
2017.06.27 13:14:55.947,1.54672,1.54693,1.00,1.00
2017.06.27 13:14:56.485,1.54673,1.54693,1.00,1.00
2017.06.27 13:14:56.916,1.54671,1.54693,1.00,1.00
2017.06.27 13:14:57.169,1.54669,1.54691,1.00,1.00
2017.06.27 13:14:57.686,1.5467,1.54691,1.00,1.00
2017.06.27 13:14:58.112,1.54668,1.54691,1.50,1.00
2017.06.27 13:14:58.163,1.5467,1.54691,1.00,1.00
2017.06.27 13:14:58.707,1.54669,1.54691,1.00,1.00
2017.06.27 13:14:59.273,1.54668,1.54691,1.50,1.00
2017.06.27 13:14:59.783,1.54669,1.54691,1.00,1.00
2017.06.27 13:15:00.291,1.54669,1.54692,1.00,1.35
2017.06.27 13:15:00.593,1.54672,1.54692,1.00,1.35
2017.06.27 13:15:00.938,1.54669,1.5469,1.00,1.50
2017.06.27 13:15:01.447,1.5467,1.5469,1.00,1.50
2017.06.27 13:15:03.211,1.54669,1.54692,1.00,1.00
2017.06.27 13:15:03.718,1.5467,1.54691,1.00,1.00
2017.06.27 13:15:04.274,1.54669,1.54691,1.00,1.00
2017.06.27 13:15:05.625,1.54669,1.5469,1.00,1.00
2017.06.27 13:15:06.308,1.54668,1.5469,1.00,1.00
2017.06.27 13:15:08.199,1.54669,1.5469,1.00,1.00
2017.06.27 13:15:08.351,1.54669,1.54692,1.00,1.00
2017.06.27 13:15:08.882,1.54668,1.54692,1.00,1.00
2017.06.27 13:15:09.395,1.54671,1.54692,1.00,1.00
2017.06.27 13:15:09.750,1.54671,1.54697,1.00,1.67
2017.06.27 13:15:10.576,1.5467,1.54698,1.00,1.67
2017.06.27 13:15:10.788,1.5467,1.54697,1.00,1.67
2017.06.27 13:15:11.394,1.54671,1.54697,1.00,2.17
2017.06.27 13:15:12.133,1.54671,1.5469,1.00,1.00
2017.06.27 13:15:12.184,1.54669,1.54692,1.00,1.00
2017.06.27 13:15:12.539,1.54673,1.54692,1.00,1.00
2017.06.27 13:15:12.641,1.54671,1.54692,1.00,1.00
2017.06.27 13:15:12.793,1.54671,1.54694,1.00,1.00
2017.06.27 13:15:13.474,1.54671,1.54693,1.00,1.00
2017.06.27 13:15:14.024,1.54672,1.54693,1.00,1.00
2017.06.27 13:15:14.277,1.54672,1.547,1.00,1.67
2017.06.27 13:15:14.402,1.54669,1.547,1.00,1.67
2017.06.27 13:15:14.504,1.54671,1.547,1.00,1.67
2017.06.27 13:15:14.769,1.54669,1.54701,1.00,2.92
2017.06.27 13:15:15.033,1.54669,1.54694,1.50,1.00
2017.06.27 13:15:15.342,1.54667,1.54691,1.00,1.00
2017.06.27 13:15:15.670,1.54668,1.54688,1.00,1.00
2017.06.27 13:15:15.720,1.54666,1.54688,1.00,1.00
2017.06.27 13:15:16.228,1.54667,1.54688,1.00,1.00
2017.06.27 13:15:16.789,1.54668,1.54689,1.00,1.00
2017.06.27 13:15:17.668,1.54667,1.54689,1.00,1.00
2017.06.27 13:15:17.969,1.54669,1.54689,1.00,1.00
2017.06.27 13:15:18.649,1.54669,1.5469,1.00,1.00
2017.06.27 13:15:19.211,1.5467,1.54691,1.00,1.00
2017.06.27 13:15:19.532,1.54669,1.54689,1.00,1.00
2017.06.27 13:15:19.785,1.5467,1.54692,1.00,1.00
2017.06.27 13:15:20.403,1.54669,1.54692,1.00,1.00
2017.06.27 13:15:20.922,1.54672,1.54693,1.00,1.00
2017.06.27 13:15:21.226,1.54674,1.54694,1.00,1.00
2017.06.27 13:15:21.277,1.54671,1.54693,1.00,1.00
2017.06.27 13:15:21.811,1.5467,1.54693,1.50,1.00
2017.06.27 13:15:22.321,1.54671,1.54692,1.00,1.00
2017.06.27 13:15:23.083,1.5467,1.54692,1.00,1.00
2017.06.27 13:15:23.383,1.54671,1.547,1.00,2.17
2017.06.27 13:15:24.061,1.5467,1.54699,1.00,1.67
2017.06.27 13:15:24.608,1.54671,1.54699,1.00,1.67
2017.06.27 13:15:24.709,1.5467,1.54699,1.00,1.42
2017.06.27 13:15:24.760,1.54674,1.54699,1.00,1.00
2017.06.27 13:15:24.862,1.54676,1.54705,1.00,1.67
2017.06.27 13:15:25.066,1.54678,1.54705,1.00,1.42
2017.06.27 13:15:25.218,1.54672,1.54705,1.00,1.42
2017.06.27 13:15:25.320,1.54676,1.54699,1.00,1.00
2017.06.27 13:15:25.633,1.54674,1.54699,1.00,1.00
2017.06.27 13:15:25.866,1.54676,1.54699,1.00,1.00
2017.06.27 13:15:26.367,1.54677,1.547,1.00,1.00
2017.06.27 13:15:26.900,1.54676,1.547,1.00,1.00
2017.06.27 13:15:27.522,1.54677,1.547,1.00,1.00
2017.06.27 13:15:28.280,1.54677,1.54698,1.00,1.00
2017.06.27 13:15:28.498,1.54677,1.547,1.00,1.00
2017.06.27 13:15:28.905,1.54675,1.547,1.37,1.60
2017.06.27 13:15:28.956,1.54675,1.547,1.37,1.00
2017.06.27 13:15:29.007,1.54675,1.54692,1.00,1.00
2017.06.27 13:15:29.058,1.54675,1.54697,1.00,3.60
2017.06.27 13:15:29.109,1.54675,1.54695,1.00,1.80
2017.06.27 13:15:29.261,1.54675,1.54697,1.00,1.67
2017.06.27 13:15:29.501,1.54663,1.54698,1.50,1.35
2017.06.27 13:15:29.907,1.5467,1.54698,1.00,1.10
2017.06.27 13:15:30.362,1.54672,1.547,1.00,1.07
2017.06.27 13:15:30.578,1.54673,1.54701,1.00,1.10
2017.06.27 13:15:30.629,1.54673,1.54696,1.00,1.00
2017.06.27 13:15:31.142,1.54674,1.54697,1.00,1.00
2017.06.27 13:15:31.444,1.54672,1.54697,1.00,1.00
2017.06.27 13:15:34.109,1.54672,1.54696,1.00,1.00
2017.06.27 13:15:35.455,1.54673,1.54696,1.00,1.00
2017.06.27 13:15:35.609,1.54672,1.54705,1.00,1.67
2017.06.27 13:15:35.660,1.54674,1.54705,1.00,1.67
2017.06.27 13:15:35.944,1.54666,1.54702,1.00,1.67
2017.06.27 13:15:36.197,1.54664,1.54702,1.50,1.67
2017.06.27 13:15:36.248,1.54664,1.54702,1.50,1.80
2017.06.27 13:15:36.881,1.54673,1.54702,1.00,1.67
2017.06.27 13:15:37.184,1.54676,1.54699,1.00,1.00
2017.06.27 13:15:37.386,1.54673,1.54707,2.25,1.67
2017.06.27 13:15:37.588,1.54668,1.54707,1.00,2.17
2017.06.27 13:15:38.201,1.54668,1.54707,1.00,2.17
2017.06.27 13:15:38.370,1.54676,1.54707,1.00,2.17
2017.06.27 13:15:38.674,1.54684,1.547,1.00,1.00
2017.06.27 13:15:38.775,1.54684,1.54713,1.00,1.67
2017.06.27 13:15:38.826,1.54684,1.54712,1.00,1.42
2017.06.27 13:15:39.118,1.54683,1.54712,1.00,1.42
2017.06.27 13:15:39.678,1.54684,1.54709,1.00,1.07
2017.06.27 13:15:40.261,1.54683,1.54708,1.00,1.07
2017.06.27 13:15:40.791,1.54683,1.54706,1.00,1.00
2017.06.27 13:15:41.468,1.54682,1.54705,1.50,1.00
2017.06.27 13:15:42.146,1.54683,1.54705,1.00,1.00
2017.06.27 13:15:42.298,1.54678,1.54703,1.50,1.07
2017.06.27 13:15:42.827,1.54678,1.54701,1.50,1.00
2017.06.27 13:15:42.981,1.5468,1.54703,1.00,1.10
2017.06.27 13:15:43.082,1.54678,1.54703,1.00,1.00
2017.06.27 13:15:43.216,1.54677,1.54701,1.00,1.00
2017.06.27 13:15:43.519,1.54682,1.54702,1.00,1.00
2017.06.27 13:15:44.090,1.54681,1.54702,1.00,1.00
2017.06.27 13:15:44.652,1.54679,1.54702,1.00,1.00
2017.06.27 13:15:44.702,1.54677,1.54702,1.50,1.07
2017.06.27 13:15:44.804,1.54675,1.54699,1.50,1.00
2017.06.27 13:15:45.322,1.54676,1.54705,1.00,1.05
2017.06.27 13:15:45.830,1.54675,1.54706,1.00,1.05
2017.06.27 13:15:46.084,1.54674,1.54704,1.00,1.80
2017.06.27 13:15:46.488,1.54672,1.54695,1.00,1.00
2017.06.27 13:15:46.892,1.54674,1.54695,1.00,1.00
2017.06.27 13:15:46.993,1.54672,1.54695,1.50,1.00
2017.06.27 13:15:47.449,1.54674,1.54695,1.00,1.00
2017.06.27 13:15:47.752,1.54676,1.54696,1.00,1.00
2017.06.27 13:15:48.525,1.54677,1.54696,1.00,1.00
2017.06.27 13:15:49.269,1.54676,1.54696,1.00,1.00
2017.06.27 13:15:49.320,1.54676,1.54698,1.00,1.00
2017.06.27 13:15:49.371,1.54674,1.54698,1.50,1.00
2017.06.27 13:15:49.725,1.54676,1.54698,1.00,1.00
2017.06.27 13:15:49.928,1.54674,1.54698,1.00,1.00
2017.06.27 13:15:50.080,1.54678,1.54698,1.00,1.00
2017.06.27 13:15:50.611,1.54677,1.54698,1.00,1.00
2017.06.27 13:15:50.712,1.54675,1.54698,1.00,1.00
2017.06.27 13:15:51.067,1.54671,1.54702,1.00,1.67
2017.06.27 13:15:51.219,1.54674,1.54702,1.00,1.05
2017.06.27 13:15:51.748,1.54673,1.54702,1.00,1.05
2017.06.27 13:15:52.092,1.54672,1.54695,1.00,1.00
2017.06.27 13:15:52.521,1.54674,1.54695,1.00,1.10
2017.06.27 13:15:52.863,1.54676,1.54699,1.00,1.07
2017.06.27 13:15:53.016,1.54674,1.54697,1.00,1.00
2017.06.27 13:15:53.117,1.5468,1.547,1.00,1.00
2017.06.27 13:15:53.751,1.54676,1.547,1.50,1.00
2017.06.27 13:15:53.902,1.54676,1.54698,1.00,1.00
2017.06.27 13:15:54.098,1.54674,1.54699,1.00,1.07
2017.06.27 13:15:54.199,1.54673,1.54696,1.50,1.00
2017.06.27 13:15:54.503,1.54676,1.54698,1.00,1.00
2017.06.27 13:15:54.553,1.54673,1.54698,1.00,1.00
2017.06.27 13:15:54.806,1.54677,1.54698,1.00,1.00
2017.06.27 13:15:55.154,1.54679,1.547,1.00,1.00
2017.06.27 13:15:55.685,1.54679,1.54701,1.00,1.10
2017.06.27 13:15:56.072,1.5468,1.54708,1.00,1.05
2017.06.27 13:15:56.727,1.54681,1.54708,1.00,1.80
2017.06.27 13:15:56.953,1.5468,1.547,1.00,1.00
2017.06.27 13:15:57.156,1.54677,1.547,1.00,1.00
2017.06.27 13:15:57.258,1.54676,1.54698,1.00,1.00
2017.06.27 13:15:57.753,1.54672,1.54695,1.00,1.70
2017.06.27 13:15:57.905,1.54673,1.54696,1.00,1.10
2017.06.27 13:15:58.218,1.5467,1.54694,1.00,1.00
2017.06.27 13:15:58.320,1.54673,1.54696,1.00,1.00
2017.06.27 13:15:59.028,1.54673,1.54696,1.00,1.07
2017.06.27 13:15:59.331,1.54674,1.547,1.00,1.70
2017.06.27 13:15:59.866,1.54675,1.54702,1.00,1.07
2017.06.27 13:16:00.052,1.54675,1.54698,1.00,1.00
2017.06.27 13:16:00.406,1.5468,1.54699,1.00,1.00
2017.06.27 13:16:00.457,1.54682,1.54702,1.00,1.00
2017.06.27 13:16:00.508,1.54683,1.54704,1.00,1.00
2017.06.27 13:16:01.013,1.54683,1.54705,1.00,1.00
2017.06.27 13:16:01.502,1.54681,1.54704,1.00,1.00
2017.06.27 13:16:01.604,1.5468,1.54701,1.00,1.00
2017.06.27 13:16:01.907,1.54683,1.54701,1.00,1.00
2017.06.27 13:16:02.449,1.54683,1.54711,1.00,2.17
2017.06.27 13:16:02.646,1.54681,1.5471,1.00,1.67
2017.06.27 13:16:02.905,1.54681,1.54703,1.00,1.00
2017.06.27 13:16:03.409,1.54682,1.54703,1.00,1.00
2017.06.27 13:16:03.511,1.5468,1.54702,1.00,1.00
2017.06.27 13:16:03.612,1.54678,1.54702,1.00,1.00
2017.06.27 13:16:03.713,1.54675,1.547,1.00,1.00
2017.06.27 13:16:03.765,1.54678,1.547,1.00,1.00
2017.06.27 13:16:04.068,1.54676,1.547,1.00,1.00
2017.06.27 13:16:04.371,1.54678,1.547,1.00,1.00
2017.06.27 13:16:04.726,1.54681,1.547,1.00,1.00
2017.06.27 13:16:04.829,1.54681,1.54702,1.00,1.00
2017.06.27 13:16:04.880,1.54681,1.54705,1.00,1.00
2017.06.27 13:16:10.113,1.54682,1.54704,1.00,1.00
2017.06.27 13:16:10.479,1.54684,1.54704,1.00,1.00
2017.06.27 13:16:11.107,1.54683,1.54704,1.00,1.00
2017.06.27 13:16:11.158,1.54683,1.54706,1.00,1.00
2017.06.27 13:16:11.687,1.54684,1.54705,1.00,1.00
2017.06.27 13:16:12.235,1.54684,1.54706,1.00,1.00
2017.06.27 13:16:13.011,1.54683,1.54706,1.00,1.00
2017.06.27 13:16:13.537,1.54684,1.54706,1.00,1.00
2017.06.27 13:16:14.100,1.54683,1.54706,1.00,1.00
2017.06.27 13:16:15.610,1.54681,1.54706,1.50,1.00
2017.06.27 13:16:17.673,1.54682,1.54706,1.00,1.00
2017.06.27 13:16:18.223,1.54681,1.54706,1.50,1.00
2017.06.27 13:16:18.793,1.54682,1.54705,1.00,1.00
2017.06.27 13:16:19.329,1.54683,1.54705,1.00,1.00
2017.06.27 13:16:19.959,1.54682,1.54705,1.00,1.00
2017.06.27 13:16:20.439,1.54683,1.54705,1.60,1.00
2017.06.27 13:16:20.491,1.54693,1.54718,1.50,2.25
2017.06.27 13:16:20.542,1.54696,1.54719,1.00,1.75
2017.06.27 13:16:21.048,1.54697,1.54719,1.00,1.75
2017.06.27 13:16:21.150,1.54697,1.54719,1.00,1.00
2017.06.27 13:16:21.660,1.54696,1.54719,1.50,1.00
2017.06.27 13:16:22.193,1.54696,1.5472,1.50,1.00
2017.06.27 13:16:22.735,1.54697,1.54721,1.00,1.00
2017.06.27 13:16:23.135,1.54697,1.54721,1.00,1.70
2017.06.27 13:16:23.186,1.5469,1.54715,1.00,1.00
2017.06.27 13:16:23.339,1.5469,1.54715,1.00,1.60
2017.06.27 13:16:23.642,1.54688,1.5471,1.00,1.00
2017.06.27 13:16:23.693,1.54686,1.5471,1.50,1.00
2017.06.27 13:16:24.203,1.54684,1.54709,1.50,1.00
2017.06.27 13:16:24.823,1.54685,1.54709,1.00,1.00
2017.06.27 13:16:25.929,1.54685,1.54708,1.00,1.00
2017.06.27 13:16:26.804,1.54685,1.54707,1.00,1.00
2017.06.27 13:16:27.371,1.54684,1.54707,1.50,1.00
2017.06.27 13:16:27.916,1.54684,1.54706,1.50,1.00
2017.06.27 13:16:29.156,1.54685,1.54706,1.00,1.00
2017.06.27 13:16:30.719,1.54684,1.54706,1.50,1.00
2017.06.27 13:16:31.376,1.54685,1.54706,1.00,1.00
2017.06.27 13:16:31.911,1.54684,1.54706,1.50,1.00
2017.06.27 13:16:33.621,1.54681,1.54706,1.00,1.00
2017.06.27 13:16:33.672,1.54683,1.54706,1.00,1.00
2017.06.27 13:16:33.824,1.5468,1.54706,1.50,1.00
2017.06.27 13:16:34.107,1.54677,1.54709,1.00,2.92
2017.06.27 13:16:34.798,1.54678,1.54709,1.00,3.60
2017.06.27 13:16:35.039,1.54676,1.54709,1.00,2.85
2017.06.27 13:16:35.090,1.54676,1.54709,1.00,1.60
2017.06.27 13:16:35.318,1.54678,1.54701,1.00,1.00
2017.06.27 13:16:35.470,1.54676,1.54701,3.00,1.00
2017.06.27 13:16:35.522,1.54684,1.54715,1.00,1.67
2017.06.27 13:16:35.573,1.54678,1.54715,1.50,1.67
2017.06.27 13:16:36.184,1.54678,1.54714,1.50,1.67
2017.06.27 13:16:36.286,1.54682,1.54703,1.00,1.00
2017.06.27 13:16:36.588,1.54684,1.54704,1.00,1.00
2017.06.27 13:16:36.840,1.54682,1.54704,1.00,1.00
2017.06.27 13:16:37.143,1.54685,1.54704,1.00,1.00
2017.06.27 13:16:37.295,1.54685,1.54706,1.00,1.00
2017.06.27 13:16:37.980,1.54686,1.54706,1.00,1.00
2017.06.27 13:16:38.030,1.54688,1.54706,1.00,1.00
2017.06.27 13:16:38.485,1.5469,1.54707,1.00,1.00
2017.06.27 13:16:38.586,1.5469,1.5472,1.00,1.12
2017.06.27 13:16:38.827,1.54689,1.54711,1.00,1.00
2017.06.27 13:16:39.430,1.54689,1.5471,1.00,1.00
2017.06.27 13:16:40.280,1.54691,1.5471,1.00,1.00
2017.06.27 13:16:40.791,1.54687,1.5471,1.00,1.00
2017.06.27 13:16:40.943,1.54688,1.54708,1.00,1.00
2017.06.27 13:16:41.095,1.54686,1.54708,1.00,1.00
2017.06.27 13:16:41.596,1.54685,1.54708,1.00,1.00
2017.06.27 13:16:41.798,1.54685,1.54706,1.00,1.00
2017.06.27 13:16:42.333,1.54686,1.54706,1.00,1.00
2017.06.27 13:16:42.933,1.54687,1.54706,1.00,1.00
2017.06.27 13:16:43.659,1.54686,1.54706,1.00,1.00
2017.06.27 13:16:44.699,1.54686,1.54716,1.00,1.37
2017.06.27 13:16:44.861,1.5469,1.54717,1.00,1.05
2017.06.27 13:16:45.367,1.5469,1.54713,1.00,1.00
2017.06.27 13:16:45.906,1.54691,1.54714,1.00,1.00
2017.06.27 13:16:46.782,1.5469,1.54714,1.00,1.00
2017.06.27 13:16:47.174,1.54689,1.5471,1.00,1.00
2017.06.27 13:16:48.482,1.5469,1.5471,1.00,1.00
2017.06.27 13:16:48.972,1.54693,1.54722,1.00,1.67
2017.06.27 13:16:49.075,1.54689,1.54724,1.00,1.60
2017.06.27 13:16:49.177,1.54691,1.54723,1.00,2.17
2017.06.27 13:16:49.328,1.54689,1.54723,1.50,1.70
2017.06.27 13:16:49.532,1.54693,1.54723,1.00,1.70
2017.06.27 13:16:49.930,1.54695,1.54723,1.00,1.70
2017.06.27 13:16:50.257,1.54691,1.54716,1.00,1.60
2017.06.27 13:16:50.569,1.54689,1.54712,1.50,1.00
2017.06.27 13:16:51.038,1.54692,1.54712,1.00,1.00
2017.06.27 13:16:51.342,1.54689,1.54712,1.00,1.60
2017.06.27 13:16:52.215,1.54689,1.54712,1.00,1.42
2017.06.27 13:16:53.141,1.54686,1.54717,1.00,1.67
2017.06.27 13:16:53.495,1.54688,1.54717,1.00,1.67
2017.06.27 13:16:53.950,1.54685,1.54717,1.00,1.67
2017.06.27 13:16:54.103,1.54684,1.54717,1.00,2.55
2017.06.27 13:16:54.408,1.54694,1.54715,1.00,1.00
2017.06.27 13:16:54.711,1.54695,1.54721,1.00,1.00
2017.06.27 13:16:54.946,1.54699,1.54721,1.00,1.00
2017.06.27 13:16:55.480,1.54698,1.54721,1.00,1.00
2017.06.27 13:16:55.942,1.547,1.54721,1.00,1.00
2017.06.27 13:16:56.613,1.547,1.54722,1.00,1.00
2017.06.27 13:16:57.003,1.54701,1.54724,1.00,1.00
2017.06.27 13:16:57.539,1.54702,1.54724,1.00,1.00
2017.06.27 13:16:57.792,1.547,1.54724,1.50,1.00
2017.06.27 13:16:59.510,1.54701,1.54724,1.00,1.00
2017.06.27 13:17:00.024,1.54702,1.54724,1.00,1.00
2017.06.27 13:17:00.529,1.54701,1.54724,1.00,1.00
2017.06.27 13:17:00.924,1.54699,1.54722,1.50,1.00
2017.06.27 13:17:01.850,1.54698,1.54731,1.00,1.05
2017.06.27 13:17:02.155,1.547,1.54731,1.00,1.05
2017.06.27 13:17:02.490,1.54699,1.54731,1.00,1.05
2017.06.27 13:17:02.841,1.54699,1.54721,1.00,1.00
2017.06.27 13:17:03.340,1.54696,1.54718,1.00,1.00
2017.06.27 13:17:03.528,1.54697,1.5472,1.00,1.00
2017.06.27 13:17:03.579,1.54701,1.5472,1.00,1.00
2017.06.27 13:17:03.832,1.54702,1.54731,1.00,2.17
2017.06.27 13:17:03.934,1.54701,1.54731,1.00,2.17
2017.06.27 13:17:04.237,1.54695,1.5473,1.00,2.17
2017.06.27 13:17:04.288,1.54698,1.5472,1.00,1.00
2017.06.27 13:17:04.813,1.54699,1.5472,1.00,1.00
2017.06.27 13:17:05.312,1.54695,1.54718,1.00,1.00
2017.06.27 13:17:05.413,1.54692,1.54717,1.00,1.00
2017.06.27 13:17:06.395,1.54692,1.54718,1.50,1.00
2017.06.27 13:17:06.446,1.54696,1.54718,1.00,1.00
2017.06.27 13:17:06.749,1.54699,1.5472,1.00,1.00
2017.06.27 13:17:07.011,1.54699,1.5473,1.00,4.80
2017.06.27 13:17:07.558,1.54698,1.54729,1.00,3.67
2017.06.27 13:17:07.747,1.547,1.54723,1.00,1.00
2017.06.27 13:17:09.717,1.54701,1.54723,1.00,1.00
2017.06.27 13:17:09.920,1.54701,1.5473,1.00,1.60
2017.06.27 13:17:10.450,1.54702,1.54729,1.00,1.35
2017.06.27 13:17:10.602,1.54702,1.54731,1.00,1.00
2017.06.27 13:17:11.116,1.54703,1.54725,1.50,1.00
2017.06.27 13:17:12.148,1.54704,1.54725,1.00,1.00
2017.06.27 13:17:12.333,1.54706,1.54728,1.00,1.00
2017.06.27 13:17:12.586,1.54704,1.54737,1.00,1.80
2017.06.27 13:17:12.990,1.54702,1.54735,1.00,2.17
2017.06.27 13:17:13.442,1.54701,1.54725,1.00,1.00
2017.06.27 13:17:13.793,1.54703,1.54725,1.00,1.00
2017.06.27 13:17:14.372,1.5471,1.54728,1.00,1.00
2017.06.27 13:17:14.473,1.54712,1.54733,1.00,1.00
2017.06.27 13:17:14.524,1.54714,1.54733,1.00,1.00
2017.06.27 13:17:14.699,1.54714,1.54735,1.00,1.00
2017.06.27 13:17:14.801,1.5471,1.54735,1.00,1.00
2017.06.27 13:17:15.534,1.54719,1.54735,1.00,1.00
2017.06.27 13:17:15.585,1.54715,1.54735,1.00,1.00
2017.06.27 13:17:15.686,1.54713,1.54735,1.00,1.00
2017.06.27 13:17:15.831,1.5471,1.54743,1.00,1.70
2017.06.27 13:17:16.085,1.54711,1.54743,1.00,1.35
2017.06.27 13:17:16.186,1.54713,1.54743,1.00,1.35
2017.06.27 13:17:16.490,1.54707,1.54743,2.25,1.60
2017.06.27 13:17:16.692,1.54712,1.54737,1.00,1.00
2017.06.27 13:17:17.231,1.54713,1.54737,1.00,1.00
2017.06.27 13:17:17.744,1.54714,1.54737,1.00,1.00
2017.06.27 13:17:18.255,1.54713,1.54738,1.50,1.00
2017.06.27 13:17:19.519,1.54717,1.54738,1.00,1.00
2017.06.27 13:17:19.570,1.54714,1.54739,1.50,1.00
2017.06.27 13:17:19.671,1.54718,1.54739,1.00,1.00
2017.06.27 13:17:19.814,1.54719,1.54742,1.00,1.00
2017.06.27 13:17:19.966,1.54717,1.54742,1.00,1.00
2017.06.27 13:17:20.766,1.54718,1.54742,1.00,1.00
2017.06.27 13:17:20.817,1.5472,1.54743,1.00,1.00
2017.06.27 13:17:22.648,1.54718,1.54744,1.50,1.00
2017.06.27 13:17:22.699,1.54722,1.54744,1.00,1.00
2017.06.27 13:17:22.852,1.54723,1.54746,1.00,1.00
2017.06.27 13:17:23.708,1.54724,1.54747,1.00,1.00
2017.06.27 13:17:24.014,1.54723,1.54751,1.00,2.25
2017.06.27 13:17:24.571,1.54722,1.54751,1.00,2.10
2017.06.27 13:17:25.098,1.54723,1.54751,1.00,2.10
2017.06.27 13:17:25.402,1.54724,1.54746,1.00,1.00
2017.06.27 13:17:25.604,1.54722,1.54746,1.50,1.00
2017.06.27 13:17:26.184,1.54723,1.54746,1.00,1.00
2017.06.27 13:17:26.538,1.54722,1.54751,1.00,1.60
2017.06.27 13:17:26.737,1.54724,1.54751,1.00,1.00
2017.06.27 13:17:27.041,1.54732,1.54751,1.00,1.00
2017.06.27 13:17:27.093,1.5473,1.54751,1.00,1.00
2017.06.27 13:17:27.241,1.54732,1.54751,1.00,1.00
2017.06.27 13:17:27.496,1.5473,1.54751,1.00,1.00
2017.06.27 13:17:28.003,1.54729,1.54751,1.00,1.00
2017.06.27 13:17:28.104,1.54727,1.54751,1.00,1.00
2017.06.27 13:17:28.244,1.54729,1.5476,1.00,1.67
2017.06.27 13:17:28.496,1.54723,1.5476,1.50,1.67
2017.06.27 13:17:28.548,1.54728,1.5476,1.00,1.67
2017.06.27 13:17:28.650,1.54723,1.54759,1.50,1.70
2017.06.27 13:17:28.751,1.54729,1.54759,1.00,1.70
2017.06.27 13:17:28.852,1.54722,1.5476,1.50,2.92
2017.06.27 13:17:28.954,1.54733,1.54762,1.00,2.17
2017.06.27 13:17:29.303,1.54731,1.54754,1.00,1.00
2017.06.27 13:17:29.808,1.54731,1.54753,1.00,1.00
2017.06.27 13:17:30.162,1.54733,1.54754,1.00,1.00
2017.06.27 13:17:30.670,1.54733,1.54755,1.00,1.00
2017.06.27 13:17:31.025,1.54735,1.54755,1.00,1.00
2017.06.27 13:17:31.228,1.54732,1.54755,1.00,1.00
2017.06.27 13:17:31.330,1.54736,1.54755,1.00,1.00
2017.06.27 13:17:31.381,1.54734,1.54755,1.00,1.00
2017.06.27 13:17:31.431,1.54736,1.54755,1.00,1.00
2017.06.27 13:17:31.533,1.54734,1.54755,1.00,1.00
2017.06.27 13:17:31.634,1.54732,1.54755,1.00,1.00
2017.06.27 13:17:31.686,1.54734,1.54754,1.00,1.00
2017.06.27 13:17:32.141,1.54736,1.54754,1.00,1.00
2017.06.27 13:17:32.294,1.54734,1.54754,1.00,1.00
2017.06.27 13:17:32.395,1.54736,1.54754,1.00,1.00
2017.06.27 13:17:32.446,1.54734,1.54754,1.00,1.00
2017.06.27 13:17:32.497,1.54736,1.54754,1.00,1.00
2017.06.27 13:17:32.800,1.54734,1.54754,1.00,1.00
2017.06.27 13:17:33.022,1.54736,1.54754,1.00,1.00
2017.06.27 13:17:33.225,1.54734,1.54754,1.00,1.00
2017.06.27 13:17:33.730,1.54735,1.54754,1.00,1.00
2017.06.27 13:17:34.034,1.54736,1.54756,1.00,1.00
2017.06.27 13:17:34.539,1.54734,1.54757,1.50,1.00
2017.06.27 13:17:34.590,1.54736,1.54757,1.00,1.00
2017.06.27 13:17:34.995,1.54738,1.54758,1.00,1.00
2017.06.27 13:17:35.500,1.54737,1.54759,1.00,1.00
2017.06.27 13:17:36.047,1.54738,1.54759,1.00,1.00
2017.06.27 13:17:36.557,1.54737,1.5476,1.00,1.00
2017.06.27 13:17:37.063,1.54737,1.54759,1.00,1.00
2017.06.27 13:17:37.374,1.54736,1.54761,1.00,1.00
2017.06.27 13:17:37.425,1.54737,1.54755,1.00,1.50
2017.06.27 13:17:37.476,1.54738,1.54756,1.00,1.00
2017.06.27 13:17:37.578,1.54733,1.54755,1.00,1.00
2017.06.27 13:17:37.629,1.54735,1.54756,1.00,1.50
2017.06.27 13:17:37.680,1.54733,1.54756,1.00,1.50
2017.06.27 13:17:37.781,1.54733,1.54758,1.00,2.25
2017.06.27 13:17:37.833,1.54733,1.54756,1.00,1.00
2017.06.27 13:17:37.884,1.54728,1.54759,1.50,2.10
2017.06.27 13:17:38.118,1.54726,1.54756,1.50,1.60
2017.06.27 13:17:38.169,1.54734,1.54755,1.00,1.35
2017.06.27 13:17:38.220,1.54726,1.54756,1.50,1.35
2017.06.27 13:17:38.271,1.54734,1.54756,1.00,1.60
2017.06.27 13:17:38.322,1.54732,1.54756,1.00,1.30
2017.06.27 13:17:38.373,1.54727,1.54753,1.00,1.30
2017.06.27 13:17:38.424,1.54725,1.54752,1.00,1.30
2017.06.27 13:17:38.475,1.54728,1.54751,1.00,2.25
2017.06.27 13:17:38.880,1.54731,1.54751,1.00,1.00
2017.06.27 13:17:39.709,1.5473,1.54751,1.00,1.00
2017.06.27 13:17:40.384,1.5473,1.54752,1.00,1.00
2017.06.27 13:17:40.933,1.54732,1.54753,1.00,1.00
2017.06.27 13:17:41.085,1.54732,1.54755,1.00,1.00
2017.06.27 13:17:41.871,1.54731,1.54755,1.00,1.00
2017.06.27 13:17:42.402,1.5473,1.54754,1.00,1.00
2017.06.27 13:17:42.506,1.5473,1.54752,1.00,1.00
2017.06.27 13:17:42.658,1.54732,1.54755,1.00,1.00
2017.06.27 13:17:42.810,1.5473,1.54755,1.00,1.00
2017.06.27 13:17:42.962,1.5473,1.54753,1.00,1.00
2017.06.27 13:17:43.306,1.54734,1.54756,1.00,1.00
2017.06.27 13:17:43.487,1.54734,1.54759,1.50,1.00
2017.06.27 13:17:46.256,1.54736,1.54759,1.00,1.00
2017.06.27 13:17:46.458,1.54736,1.54764,1.00,2.10
2017.06.27 13:17:46.803,1.54735,1.54763,1.00,1.50
2017.06.27 13:17:46.972,1.54736,1.54764,1.00,2.10
2017.06.27 13:17:47.225,1.54736,1.54763,1.00,1.50
2017.06.27 13:17:47.555,1.54735,1.54758,1.50,1.00
2017.06.27 13:17:47.606,1.54738,1.54763,1.00,1.37
2017.06.27 13:17:48.116,1.54738,1.54763,1.00,2.25
2017.06.27 13:17:48.632,1.54735,1.54766,1.10,2.10
2017.06.27 13:17:49.178,1.54739,1.54764,1.00,1.37
2017.06.27 13:17:50.448,1.54739,1.54764,1.00,1.12
2017.06.27 13:17:50.751,1.54733,1.54764,1.10,1.50
2017.06.27 13:17:51.332,1.54733,1.54763,1.10,1.50
2017.06.27 13:17:51.584,1.54736,1.5476,1.00,1.00
2017.06.27 13:17:52.301,1.54735,1.54759,1.00,1.00
2017.06.27 13:17:52.542,1.54734,1.54761,1.00,1.00
2017.06.27 13:17:52.851,1.54733,1.54759,1.00,1.00
2017.06.27 13:17:53.816,1.54733,1.54757,1.00,1.00
2017.06.27 13:17:55.023,1.54732,1.54756,1.00,1.00
2017.06.27 13:17:55.541,1.54732,1.54755,1.00,1.00
2017.06.27 13:17:56.077,1.54733,1.54756,1.00,1.00
2017.06.27 13:17:56.380,1.54732,1.54754,1.00,1.00
2017.06.27 13:17:56.964,1.54733,1.54755,1.00,1.00
2017.06.27 13:17:57.065,1.54726,1.5476,1.07,2.10
2017.06.27 13:17:57.116,1.54733,1.54755,1.00,1.00
2017.06.27 13:17:57.268,1.5473,1.54753,1.00,1.00
2017.06.27 13:17:58.589,1.54724,1.54757,1.07,1.50
2017.06.27 13:17:58.639,1.54725,1.54755,1.07,1.50
2017.06.27 13:17:59.142,1.54725,1.54754,1.07,1.50
2017.06.27 13:17:59.651,1.54724,1.54755,1.07,1.50
2017.06.27 13:17:59.752,1.54723,1.54756,1.07,1.50
2017.06.27 13:18:00.064,1.54723,1.54753,1.07,1.50
2017.06.27 13:18:00.115,1.54722,1.54756,1.45,1.50
2017.06.27 13:18:00.417,1.54718,1.54752,1.95,1.00
2017.06.27 13:18:00.721,1.54729,1.54751,1.00,1.00
2017.06.27 13:18:01.165,1.54728,1.54753,1.00,1.00
2017.06.27 13:18:01.465,1.54731,1.54754,1.00,1.87
2017.06.27 13:18:01.768,1.54731,1.54754,1.00,1.87
2017.06.27 13:18:01.979,1.54731,1.54754,1.00,1.50
2017.06.27 13:18:02.131,1.54731,1.54754,1.00,1.37
2017.06.27 13:18:02.334,1.54731,1.54754,1.00,1.12
2017.06.27 13:18:04.178,1.5472,1.54759,2.70,2.85
2017.06.27 13:18:04.229,1.5473,1.54753,1.00,1.00
2017.06.27 13:18:04.533,1.54732,1.54755,1.00,1.00
2017.06.27 13:18:04.837,1.54733,1.54758,1.00,1.00
2017.06.27 13:18:05.619,1.54724,1.54758,1.95,1.37
2017.06.27 13:18:06.215,1.54725,1.54757,1.07,1.00
2017.06.27 13:18:06.651,1.54725,1.54757,1.07,1.12
2017.06.27 13:18:07.153,1.54725,1.54757,1.07,1.00
2017.06.27 13:18:07.685,1.54725,1.54757,1.07,1.00
2017.06.27 13:18:08.066,1.54723,1.54755,1.95,1.00
2017.06.27 13:18:08.568,1.54725,1.54756,1.07,1.00
2017.06.27 13:18:08.873,1.54736,1.54757,1.00,1.12
2017.06.27 13:18:09.427,1.54736,1.54759,1.00,1.87
2017.06.27 13:18:09.478,1.54736,1.54757,1.00,1.12
2017.06.27 13:18:09.984,1.54735,1.54757,1.00,1.12
2017.06.27 13:18:10.442,1.54733,1.54756,1.00,1.00
2017.06.27 13:18:11.120,1.54733,1.54755,1.00,1.00
2017.06.27 13:18:11.622,1.54733,1.54756,1.00,1.00
2017.06.27 13:18:12.143,1.54733,1.54757,1.00,1.00
2017.06.27 13:18:12.714,1.54733,1.54758,1.00,1.12
2017.06.27 13:18:13.044,1.54731,1.5476,1.00,2.10
2017.06.27 13:18:13.449,1.54729,1.54759,1.00,2.10
2017.06.27 13:18:13.652,1.54731,1.54756,1.00,1.00
2017.06.27 13:18:13.987,1.54733,1.54758,1.00,1.00
2017.06.27 13:18:14.522,1.54733,1.54756,1.00,1.00
2017.06.27 13:18:17.393,1.54733,1.54761,1.00,1.50
2017.06.27 13:18:17.932,1.54732,1.54761,1.00,1.50
2017.06.27 13:18:18.184,1.54731,1.54759,1.00,2.10
2017.06.27 13:18:18.235,1.54729,1.5476,1.00,2.10
2017.06.27 13:18:18.286,1.54732,1.54756,1.00,1.00
2017.06.27 13:18:18.457,1.54729,1.54754,1.50,1.00
2017.06.27 13:18:18.918,1.54732,1.54754,1.00,1.00
2017.06.27 13:18:19.197,1.54732,1.54758,1.00,1.50
2017.06.27 13:18:19.878,1.54731,1.54759,1.00,1.50
2017.06.27 13:18:19.929,1.54735,1.5476,1.00,1.00
2017.06.27 13:18:20.536,1.54734,1.54761,1.00,1.50
2017.06.27 13:18:21.784,1.54736,1.54761,1.00,1.50
2017.06.27 13:18:22.699,1.54736,1.54762,1.00,1.50
2017.06.27 13:18:22.801,1.54736,1.54764,1.00,1.50
2017.06.27 13:18:22.852,1.54735,1.54759,1.00,1.50
2017.06.27 13:18:22.953,1.54733,1.54763,1.00,1.50
2017.06.27 13:18:23.004,1.54733,1.54763,1.00,1.50
2017.06.27 13:18:23.313,1.54728,1.54763,1.95,1.00
2017.06.27 13:18:23.414,1.54735,1.54762,1.00,1.50
2017.06.27 13:18:23.465,1.54735,1.54762,1.00,1.50
2017.06.27 13:18:23.687,1.54732,1.54761,1.07,1.50
2017.06.27 13:18:23.995,1.54736,1.5476,1.00,1.50
2017.06.27 13:18:24.240,1.54735,1.54761,1.00,1.00
2017.06.27 13:18:24.652,1.54735,1.54759,1.57,1.00
2017.06.27 13:18:25.583,1.54735,1.5476,1.10,1.00
2017.06.27 13:18:26.089,1.54738,1.54761,1.00,1.00
2017.06.27 13:18:26.668,1.54736,1.54761,1.10,1.00
2017.06.27 13:18:27.175,1.54738,1.54761,1.00,1.50
2017.06.27 13:18:27.701,1.54737,1.54761,1.00,1.50
2017.06.27 13:18:28.283,1.54737,1.5476,1.00,1.50
2017.06.27 13:18:28.897,1.54737,1.5476,1.00,1.50
2017.06.27 13:18:29.232,1.54734,1.54757,1.00,1.12
2017.06.27 13:18:29.536,1.54737,1.5476,1.00,1.00
2017.06.27 13:18:30.776,1.54738,1.5476,1.00,1.00
2017.06.27 13:18:31.377,1.54738,1.54761,1.00,1.00
2017.06.27 13:18:31.863,1.54739,1.54763,1.00,1.00
2017.06.27 13:18:31.914,1.54741,1.54764,1.00,1.12
2017.06.27 13:18:32.218,1.54741,1.54759,1.00,1.00
2017.06.27 13:18:32.268,1.54734,1.5476,1.00,1.50
2017.06.27 13:18:32.370,1.54736,1.54759,1.00,2.25
2017.06.27 13:18:32.836,1.54734,1.54762,1.00,2.10
2017.06.27 13:18:33.082,1.54738,1.54761,1.00,1.12
2017.06.27 13:18:33.519,1.54738,1.54761,1.00,2.25
2017.06.27 13:18:33.621,1.54735,1.54757,1.00,1.12
2017.06.27 13:18:33.722,1.54732,1.54756,1.00,1.12
2017.06.27 13:18:34.364,1.54735,1.54758,1.00,1.37
2017.06.27 13:18:34.872,1.54732,1.54763,1.00,2.10
2017.06.27 13:18:34.973,1.54729,1.54762,1.10,2.10
2017.06.27 13:18:35.024,1.54736,1.54759,1.00,1.00
2017.06.27 13:18:35.632,1.54748,1.54762,1.00,1.00
2017.06.27 13:18:35.682,1.5475,1.5477,1.00,1.00
2017.06.27 13:18:35.784,1.54749,1.54772,2.10,1.00
2017.06.27 13:18:35.835,1.54752,1.54775,1.50,1.00
2017.06.27 13:18:36.138,1.54752,1.54774,1.00,1.50
2017.06.27 13:18:36.341,1.54741,1.54773,1.67,1.50
2017.06.27 13:18:36.442,1.54743,1.54776,1.67,1.50
2017.06.27 13:18:36.751,1.54743,1.54773,1.42,1.50
2017.06.27 13:18:37.462,1.54747,1.54773,1.00,2.25
2017.06.27 13:18:37.614,1.54747,1.54773,1.00,1.12
2017.06.27 13:18:37.665,1.54742,1.54774,1.00,1.50
2017.06.27 13:18:37.891,1.54749,1.54776,1.10,1.00
2017.06.27 13:18:38.194,1.54758,1.54782,1.00,1.00
2017.06.27 13:18:38.649,1.54761,1.54786,1.00,2.25
2017.06.27 13:18:38.851,1.54761,1.54786,1.00,1.50
2017.06.27 13:18:38.902,1.5476,1.54784,1.00,1.00
2017.06.27 13:18:39.604,1.54761,1.54785,1.00,1.00
2017.06.27 13:18:39.934,1.54761,1.54784,1.00,1.50
2017.06.27 13:18:40.484,1.54761,1.54782,1.00,1.50
2017.06.27 13:18:40.635,1.54759,1.54782,1.00,2.25
2017.06.27 13:18:41.296,1.54759,1.54782,1.00,1.12
2017.06.27 13:18:41.873,1.54758,1.54784,1.00,2.25
2017.06.27 13:18:41.924,1.54753,1.54785,1.00,1.00
2017.06.27 13:18:42.025,1.54752,1.54784,2.32,1.50
2017.06.27 13:18:42.145,1.54752,1.54785,1.57,1.00
2017.06.27 13:18:42.863,1.54752,1.54786,1.57,1.50
2017.06.27 13:18:43.490,1.54762,1.54786,1.00,2.25
2017.06.27 13:18:43.903,1.5476,1.54783,1.00,1.30
2017.06.27 13:18:44.054,1.5476,1.54781,1.00,1.30
2017.06.27 13:18:44.156,1.54755,1.54781,1.00,1.00
2017.06.27 13:18:44.358,1.54757,1.54782,1.00,1.12
2017.06.27 13:18:44.897,1.54761,1.54784,1.00,1.72
2017.06.27 13:18:45.099,1.54757,1.54783,1.00,1.72
2017.06.27 13:18:45.302,1.54761,1.54784,1.00,1.00
2017.06.27 13:18:46.337,1.54752,1.54787,1.50,1.30
2017.06.27 13:18:47.080,1.54753,1.54787,1.00,1.30
2017.06.27 13:18:47.732,1.54752,1.54789,1.00,2.10
2017.06.27 13:18:48.247,1.54752,1.54787,1.50,1.30
2017.06.27 13:18:48.807,1.54753,1.5479,1.00,2.10
2017.06.27 13:18:50.593,1.54753,1.5479,1.00,2.10
2017.06.27 13:18:50.845,1.54752,1.54791,1.95,2.85
2017.06.27 13:18:51.402,1.54752,1.54788,1.95,1.50
2017.06.27 13:18:51.756,1.54752,1.54788,1.57,1.50
2017.06.27 13:18:51.808,1.54752,1.54785,1.10,1.50
2017.06.27 13:18:52.331,1.54752,1.54785,1.57,1.50
2017.06.27 13:18:52.573,1.54752,1.54787,1.57,2.10
2017.06.27 13:18:52.624,1.54752,1.54784,1.10,1.50
2017.06.27 13:18:53.006,1.54761,1.54784,1.00,1.50
2017.06.27 13:18:53.910,1.54761,1.54783,1.00,1.50
2017.06.27 13:18:54.012,1.54761,1.54783,1.00,1.30
2017.06.27 13:18:54.164,1.5476,1.54783,1.00,1.72
2017.06.27 13:18:54.316,1.5476,1.54783,1.00,1.12
2017.06.27 13:18:54.468,1.5476,1.54783,1.00,1.37
2017.06.27 13:18:54.588,1.54749,1.54784,1.50,1.50
2017.06.27 13:18:54.892,1.54749,1.54781,1.00,2.10
2017.06.27 13:18:55.310,1.54756,1.5478,1.00,2.85
2017.06.27 13:18:55.819,1.54755,1.54779,1.00,1.12
2017.06.27 13:18:56.164,1.54753,1.54777,1.00,1.00
2017.06.27 13:18:56.526,1.54753,1.54777,1.00,1.97
2017.06.27 13:18:56.882,1.54741,1.54776,1.07,1.50
2017.06.27 13:18:57.389,1.54741,1.54776,1.07,1.50
2017.06.27 13:18:57.899,1.54741,1.54776,1.07,1.50
2017.06.27 13:18:58.512,1.54741,1.54777,1.07,2.10
2017.06.27 13:18:58.709,1.54751,1.54774,1.00,1.00
2017.06.27 13:18:58.932,1.54742,1.54777,1.95,1.50
2017.06.27 13:18:58.983,1.54742,1.54777,1.95,1.50
2017.06.27 13:18:59.677,1.54752,1.54777,1.00,2.25
2017.06.27 13:19:00.206,1.54752,1.54772,1.00,1.00
2017.06.27 13:19:00.511,1.54741,1.54772,1.95,1.00
2017.06.27 13:19:00.663,1.54753,1.54768,1.00,1.00
2017.06.27 13:19:00.866,1.54737,1.54767,1.07,1.00
2017.06.27 13:19:01.126,1.54737,1.54766,1.07,1.00
2017.06.27 13:19:01.278,1.54735,1.54766,2.70,1.00
2017.06.27 13:19:01.430,1.54745,1.54766,1.00,1.00
2017.06.27 13:19:01.835,1.54743,1.54767,1.00,1.50
2017.06.27 13:19:02.152,1.54743,1.54765,1.00,1.00
2017.06.27 13:19:02.302,1.54746,1.54769,1.00,1.00
2017.06.27 13:19:03.062,1.54746,1.54768,1.00,1.00
2017.06.27 13:19:03.213,1.54748,1.54768,1.00,1.00
2017.06.27 13:19:03.315,1.54748,1.5477,1.00,1.00
2017.06.27 13:19:03.517,1.54743,1.5477,1.07,1.00
2017.06.27 13:19:03.568,1.54742,1.54772,1.07,1.00
2017.06.27 13:19:03.754,1.54741,1.5477,1.95,1.00
2017.06.27 13:19:03.906,1.54738,1.54769,3.45,1.00
2017.06.27 13:19:03.957,1.54738,1.54767,1.45,1.00
2017.06.27 13:19:04.109,1.54744,1.54769,1.00,1.00
2017.06.27 13:19:04.261,1.54747,1.5477,1.00,1.00
2017.06.27 13:19:04.565,1.54747,1.54766,1.00,1.00
2017.06.27 13:19:04.666,1.54737,1.54766,1.07,1.00
2017.06.27 13:19:04.944,1.54733,1.54763,2.17,1.00
2017.06.27 13:19:05.146,1.54736,1.54768,1.07,1.50
2017.06.27 13:19:05.247,1.54735,1.5477,1.20,1.50
2017.06.27 13:19:05.349,1.54736,1.54766,1.07,1.00
2017.06.27 13:19:05.698,1.54743,1.54766,1.00,1.00
2017.06.27 13:19:06.008,1.54743,1.54764,1.00,1.00
2017.06.27 13:19:06.539,1.54743,1.54763,1.00,1.00
2017.06.27 13:19:06.642,1.54741,1.54763,1.00,1.00
2017.06.27 13:19:06.896,1.54741,1.54761,1.00,1.00
2017.06.27 13:19:06.997,1.54738,1.5476,1.00,1.00
2017.06.27 13:19:07.370,1.54738,1.54758,1.00,1.00
2017.06.27 13:19:07.827,1.54727,1.54757,1.95,1.00
2017.06.27 13:19:07.878,1.54735,1.54758,1.00,1.00
2017.06.27 13:19:08.497,1.54735,1.54757,1.00,1.00
2017.06.27 13:19:08.851,1.54738,1.54758,1.00,1.00
2017.06.27 13:19:09.214,1.54736,1.54757,1.00,1.00
2017.06.27 13:19:10.207,1.54736,1.54761,1.00,1.00
2017.06.27 13:19:10.309,1.54736,1.54757,1.00,1.00
2017.06.27 13:19:10.974,1.54737,1.54757,1.00,1.00
2017.06.27 13:19:11.130,1.54737,1.54763,1.00,1.50
2017.06.27 13:19:11.231,1.54742,1.54764,1.00,1.00
2017.06.27 13:19:11.383,1.54736,1.54769,2.55,1.00
2017.06.27 13:19:11.434,1.54741,1.5477,1.07,1.00
2017.06.27 13:19:11.783,1.5474,1.5477,1.45,1.00
2017.06.27 13:19:12.120,1.54749,1.54771,1.00,1.00
2017.06.27 13:19:12.806,1.54749,1.5477,1.00,1.00
2017.06.27 13:19:13.137,1.54749,1.54767,1.00,1.00
2017.06.27 13:19:13.406,1.54733,1.54765,1.45,1.00
2017.06.27 13:19:13.994,1.54737,1.54765,1.07,1.00
2017.06.27 13:19:14.146,1.54736,1.54766,1.20,1.12
2017.06.27 13:19:14.532,1.54747,1.54769,1.00,1.00
2017.06.27 13:19:15.036,1.54747,1.54768,1.00,1.00
2017.06.27 13:19:15.240,1.5475,1.54772,1.00,1.00
2017.06.27 13:19:15.291,1.54747,1.54772,1.57,1.00
2017.06.27 13:19:15.494,1.54747,1.54772,1.00,3.00
2017.06.27 13:19:15.610,1.54741,1.54773,1.10,1.50
2017.06.27 13:19:15.661,1.54738,1.54774,1.00,2.25
2017.06.27 13:19:15.815,1.54738,1.54772,1.00,2.25
2017.06.27 13:19:16.199,1.54738,1.54773,1.00,1.50
2017.06.27 13:19:16.250,1.54738,1.54769,1.00,1.00
2017.06.27 13:19:17.114,1.54738,1.54768,1.10,1.00
2017.06.27 13:19:17.428,1.54737,1.54769,1.07,1.00
2017.06.27 13:19:17.882,1.54737,1.54767,1.07,1.00
2017.06.27 13:19:17.983,1.54737,1.5477,1.07,1.00
2017.06.27 13:19:18.099,1.54749,1.5477,1.00,1.00
2017.06.27 13:19:18.404,1.54741,1.54763,1.00,1.00
2017.06.27 13:19:18.530,1.54736,1.54758,1.00,1.37
2017.06.27 13:19:18.631,1.54737,1.54761,1.00,1.00
2017.06.27 13:19:18.934,1.5473,1.54765,1.07,1.50
2017.06.27 13:19:18.985,1.5473,1.54761,1.07,1.00
2017.06.27 13:19:19.288,1.54742,1.54762,1.00,1.00
2017.06.27 13:19:19.581,1.54742,1.54764,1.00,1.00
2017.06.27 13:19:19.784,1.54736,1.5477,1.07,1.50
2017.06.27 13:19:20.073,1.54736,1.54767,1.07,1.00
2017.06.27 13:19:20.405,1.54735,1.54766,1.07,1.00
2017.06.27 13:19:20.711,1.54745,1.54766,1.00,1.00
2017.06.27 13:19:21.332,1.54745,1.54767,1.00,1.00
2017.06.27 13:19:21.876,1.54746,1.54768,1.00,1.00
2017.06.27 13:19:22.028,1.54748,1.54771,1.00,1.00
2017.06.27 13:19:22.529,1.5475,1.54771,1.00,1.00
2017.06.27 13:19:23.042,1.5475,1.5477,1.00,1.00
2017.06.27 13:19:23.756,1.54747,1.54767,1.00,1.00
2017.06.27 13:19:24.227,1.54747,1.5477,1.00,1.87
2017.06.27 13:19:24.777,1.54747,1.54769,1.00,1.00
2017.06.27 13:19:25.011,1.54747,1.54767,1.00,1.00
2017.06.27 13:19:25.062,1.54745,1.54767,1.00,1.00
2017.06.27 13:19:25.172,1.54745,1.54769,1.00,1.00
2017.06.27 13:19:25.374,1.54749,1.54772,1.00,1.87
2017.06.27 13:19:26.043,1.54749,1.5477,1.00,1.00
2017.06.27 13:19:26.274,1.54748,1.54772,1.00,1.50
2017.06.27 13:19:26.325,1.54751,1.54772,1.00,1.00
2017.06.27 13:19:26.863,1.54751,1.54771,1.00,1.00
2017.06.27 13:19:27.411,1.54751,1.54773,1.00,1.00
2017.06.27 13:19:27.590,1.54751,1.54767,1.00,1.00
2017.06.27 13:19:27.641,1.54745,1.54773,1.07,2.25
2017.06.27 13:19:27.692,1.54742,1.54775,2.17,1.00
2017.06.27 13:19:27.743,1.54744,1.5478,1.67,1.50
2017.06.27 13:19:27.794,1.54749,1.5478,1.35,1.50
2017.06.27 13:19:27.895,1.54751,1.54783,1.57,1.00
2017.06.27 13:19:27.946,1.54751,1.54781,1.00,1.00
2017.06.27 13:19:27.996,1.5475,1.54783,2.10,1.12
2017.06.27 13:19:28.047,1.5475,1.54781,2.10,1.00
2017.06.27 13:19:28.350,1.54753,1.54783,1.00,1.50
2017.06.27 13:19:28.877,1.54752,1.54784,2.10,1.00
2017.06.27 13:19:28.928,1.54762,1.54784,1.00,1.00
2017.06.27 13:19:29.462,1.5476,1.54784,1.00,1.00
2017.06.27 13:19:29.815,1.54763,1.54784,1.00,1.00
2017.06.27 13:19:30.321,1.54763,1.54785,1.00,1.12
2017.06.27 13:19:30.744,1.54763,1.54783,1.00,1.00
2017.06.27 13:19:30.795,1.54763,1.54785,1.00,1.00
2017.06.27 13:19:31.733,1.54763,1.54788,1.00,1.12
2017.06.27 13:19:31.887,1.54763,1.54784,1.00,1.00
2017.06.27 13:19:32.014,1.54754,1.54784,1.57,1.00
2017.06.27 13:19:33.192,1.54754,1.54785,1.57,1.00
2017.06.27 13:19:33.904,1.54755,1.54785,1.00,1.00
2017.06.27 13:19:34.220,1.54766,1.54785,1.00,1.00
2017.06.27 13:19:34.540,1.54764,1.54784,1.00,1.00
2017.06.27 13:19:35.047,1.54764,1.54785,1.00,1.00
2017.06.27 13:19:35.606,1.54764,1.54784,1.00,1.00
2017.06.27 13:19:35.948,1.54763,1.5478,1.00,1.00
2017.06.27 13:19:36.049,1.5476,1.54781,1.00,1.00
2017.06.27 13:19:36.545,1.5476,1.54779,1.00,1.00
2017.06.27 13:19:36.835,1.5476,1.54784,1.00,2.25
2017.06.27 13:19:36.936,1.5476,1.54781,1.00,1.00
2017.06.27 13:19:37.350,1.54749,1.54781,4.57,1.00
2017.06.27 13:19:37.890,1.5475,1.54782,1.00,1.00
2017.06.27 13:19:38.526,1.54751,1.54782,1.00,1.00
2017.06.27 13:19:38.851,1.54761,1.54781,1.00,1.00
2017.06.27 13:19:39.003,1.54759,1.5478,1.00,1.00
2017.06.27 13:19:39.104,1.54761,1.54779,1.00,1.00
2017.06.27 13:19:40.021,1.54759,1.54779,1.00,1.00
2017.06.27 13:19:40.072,1.54756,1.54779,1.00,1.00
2017.06.27 13:19:40.122,1.54758,1.54777,1.00,1.00
2017.06.27 13:19:40.670,1.54758,1.54778,1.00,1.00
2017.06.27 13:19:41.095,1.54756,1.54777,1.00,1.00
2017.06.27 13:19:41.613,1.54756,1.54778,1.00,1.00
2017.06.27 13:19:42.220,1.54756,1.54777,1.00,1.00
2017.06.27 13:19:42.765,1.54759,1.54778,1.00,1.00
2017.06.27 13:19:43.068,1.54756,1.54776,1.00,1.12
2017.06.27 13:19:43.119,1.54756,1.54772,1.00,1.00
2017.06.27 13:19:43.271,1.54753,1.54772,1.00,1.00
2017.06.27 13:19:43.467,1.54753,1.54776,1.00,1.50
2017.06.27 13:19:43.992,1.54752,1.54775,1.00,1.37
2017.06.27 13:19:44.144,1.54752,1.54772,1.00,1.00
2017.06.27 13:19:44.448,1.54741,1.54773,1.57,1.00
2017.06.27 13:19:44.981,1.54741,1.54772,1.57,1.00
2017.06.27 13:19:45.519,1.54741,1.54773,1.57,1.00
2017.06.27 13:19:46.099,1.54741,1.54773,1.10,1.00
2017.06.27 13:19:47.197,1.54741,1.54772,1.10,1.00
2017.06.27 13:19:47.298,1.54752,1.54772,1.00,1.00
2017.06.27 13:19:47.829,1.54752,1.54773,1.00,1.00
2017.06.27 13:19:48.552,1.54752,1.54772,1.00,1.00
2017.06.27 13:19:48.654,1.54752,1.54778,1.00,2.25
2017.06.27 13:19:48.705,1.54754,1.54773,1.00,1.00
2017.06.27 13:19:48.755,1.54752,1.54775,1.00,1.12
2017.06.27 13:19:48.907,1.54755,1.54779,1.00,1.50
2017.06.27 13:19:48.958,1.54753,1.54777,1.00,1.00
2017.06.27 13:19:49.473,1.54756,1.54778,1.00,1.50
2017.06.27 13:19:49.524,1.54756,1.54779,1.00,1.00
2017.06.27 13:19:50.190,1.54756,1.5478,1.00,3.00
2017.06.27 13:19:50.803,1.54756,1.54779,1.00,1.12
2017.06.27 13:19:51.319,1.54748,1.54779,1.50,1.37
2017.06.27 13:19:51.741,1.5475,1.5478,1.00,1.37
2017.06.27 13:19:52.114,1.5475,1.54779,1.00,2.25
2017.06.27 13:19:52.417,1.54754,1.54779,1.00,1.12
2017.06.27 13:19:54.131,1.54754,1.5478,1.00,1.00
2017.06.27 13:19:54.761,1.54753,1.5478,1.00,1.50
2017.06.27 13:19:55.094,1.54756,1.54779,1.00,1.00
2017.06.27 13:19:55.655,1.54756,1.5478,1.00,1.50
2017.06.27 13:19:56.292,1.54757,1.5478,1.00,1.00
2017.06.27 13:19:56.546,1.54757,1.54782,1.00,1.50
2017.06.27 13:19:56.597,1.54757,1.54779,1.00,1.00
2017.06.27 13:19:56.781,1.54757,1.54781,1.00,1.00
2017.06.27 13:19:56.883,1.54757,1.54779,1.00,1.00
2017.06.27 13:19:57.187,1.54757,1.54776,1.00,1.00
2017.06.27 13:19:57.295,1.54751,1.54776,1.00,1.00
2017.06.27 13:19:57.546,1.5475,1.54778,1.00,1.00
2017.06.27 13:19:57.649,1.54757,1.54777,1.00,1.00
2017.06.27 13:19:57.770,1.54757,1.54779,1.00,1.00
2017.06.27 13:19:57.821,1.54752,1.5478,1.00,1.00
2017.06.27 13:19:58.346,1.54751,1.54781,1.50,1.00
2017.06.27 13:19:58.424,1.54751,1.54778,1.50,1.00
2017.06.27 13:19:58.731,1.54759,1.54779,1.00,1.00
2017.06.27 13:19:59.066,1.54759,1.54776,1.00,1.00
2017.06.27 13:19:59.269,1.54759,1.54778,1.00,1.00
2017.06.27 13:19:59.420,1.54759,1.54776,1.00,1.00
2017.06.27 13:19:59.522,1.54755,1.54775,1.00,1.00
2017.06.27 13:20:00.075,1.54755,1.54774,1.00,1.00
2017.06.27 13:20:00.499,1.54755,1.54771,1.00,1.00
2017.06.27 13:20:00.752,1.54741,1.54772,2.17,1.00
2017.06.27 13:20:01.053,1.54741,1.54764,1.00,2.47
2017.06.27 13:20:01.104,1.54733,1.54758,1.00,2.10
2017.06.27 13:20:01.155,1.54737,1.54756,1.00,1.97
2017.06.27 13:20:01.205,1.54737,1.54755,1.00,1.30
2017.06.27 13:20:01.256,1.54732,1.54754,1.00,1.00
2017.06.27 13:20:01.307,1.54732,1.54751,1.00,1.00
2017.06.27 13:20:01.819,1.54731,1.54752,1.00,1.00
2017.06.27 13:20:02.171,1.54732,1.5475,1.00,1.00
2017.06.27 13:20:02.222,1.54729,1.5475,1.00,1.00
2017.06.27 13:20:02.411,1.54729,1.54748,1.00,1.00
2017.06.27 13:20:02.512,1.54729,1.5475,1.00,1.00
2017.06.27 13:20:03.022,1.54729,1.54749,1.00,1.00
2017.06.27 13:20:03.264,1.54729,1.54751,1.00,1.00
2017.06.27 13:20:03.365,1.54729,1.54749,1.00,1.00
2017.06.27 13:20:03.997,1.5473,1.54751,1.00,1.00
2017.06.27 13:20:04.683,1.5473,1.5475,1.00,1.00
2017.06.27 13:20:05.236,1.54729,1.5475,1.00,1.00
2017.06.27 13:20:05.489,1.54731,1.54751,1.00,1.00
2017.06.27 13:20:06.357,1.54735,1.54763,1.07,1.00
2017.06.27 13:20:06.539,1.54735,1.5476,1.07,1.00
2017.06.27 13:20:06.691,1.54734,1.54759,1.07,1.00
2017.06.27 13:20:06.741,1.5474,1.54758,1.00,1.00
2017.06.27 13:20:06.894,1.5474,1.5476,1.00,1.00
2017.06.27 13:20:07.556,1.5474,1.54759,1.00,1.00
2017.06.27 13:20:08.089,1.54741,1.5476,1.00,1.00
2017.06.27 13:20:08.431,1.54741,1.54762,1.00,1.00
2017.06.27 13:20:08.684,1.54742,1.5476,1.00,1.00
2017.06.27 13:20:08.886,1.54739,1.54759,1.00,1.00
2017.06.27 13:20:08.937,1.54739,1.54757,1.00,1.00
2017.06.27 13:20:09.508,1.54739,1.54759,1.00,1.00
2017.06.27 13:20:09.559,1.54739,1.54761,1.00,1.00
2017.06.27 13:20:09.710,1.5474,1.54764,1.00,1.00
2017.06.27 13:20:10.459,1.5474,1.54766,1.00,1.37
2017.06.27 13:20:10.510,1.54745,1.54766,1.00,1.50
2017.06.27 13:20:11.025,1.54744,1.54765,1.00,1.00
2017.06.27 13:20:11.739,1.54742,1.54765,1.00,1.00
2017.06.27 13:20:11.929,1.54738,1.54767,1.67,1.00
2017.06.27 13:20:11.980,1.5474,1.54771,1.42,1.00
2017.06.27 13:20:12.133,1.54739,1.54769,1.67,1.00
2017.06.27 13:20:12.285,1.5474,1.54772,1.42,1.00
2017.06.27 13:20:12.387,1.54742,1.54776,1.10,2.25
2017.06.27 13:20:12.743,1.54742,1.54771,1.00,1.00
2017.06.27 13:20:13.057,1.54741,1.54772,1.07,1.00
2017.06.27 13:20:13.108,1.5474,1.54777,1.07,2.25
2017.06.27 13:20:13.325,1.54739,1.54777,1.37,2.85
2017.06.27 13:20:13.426,1.54741,1.54771,1.07,1.00
2017.06.27 13:20:13.754,1.54749,1.54772,1.00,1.50
2017.06.27 13:20:14.428,1.54748,1.54772,1.00,1.50
2017.06.27 13:20:15.104,1.54744,1.54774,1.42,1.00
2017.06.27 13:20:15.155,1.54744,1.54775,1.42,1.00
2017.06.27 13:20:15.479,1.54749,1.54774,1.00,1.00
2017.06.27 13:20:15.988,1.5475,1.54774,1.00,1.00
2017.06.27 13:20:16.520,1.5475,1.54775,1.00,1.12
2017.06.27 13:20:16.847,1.5475,1.54773,1.00,1.00
2017.06.27 13:20:17.377,1.54749,1.54773,1.00,1.00
2017.06.27 13:20:17.753,1.54749,1.54775,1.00,1.00
2017.06.27 13:20:17.854,1.54751,1.54775,1.00,1.12
2017.06.27 13:20:18.413,1.54752,1.54775,1.00,1.50
2017.06.27 13:20:19.116,1.54752,1.54774,1.00,1.00
2017.06.27 13:20:20.441,1.54752,1.54775,1.00,1.50
2017.06.27 13:20:20.864,1.5475,1.54776,1.00,1.87
2017.06.27 13:20:21.436,1.5475,1.54776,1.00,1.12
2017.06.27 13:20:21.959,1.54752,1.54775,1.00,1.12
2017.06.27 13:20:22.498,1.5475,1.54773,1.00,1.00
2017.06.27 13:20:22.801,1.54752,1.54775,1.00,1.00
2017.06.27 13:20:23.593,1.54751,1.5478,1.00,1.50
2017.06.27 13:20:23.863,1.54753,1.54782,1.00,1.50
2017.06.27 13:20:23.914,1.54751,1.54782,1.00,1.50
2017.06.27 13:20:24.226,1.54749,1.54783,1.10,1.50
2017.06.27 13:20:24.277,1.54751,1.54775,1.00,1.00
2017.06.27 13:20:24.549,1.54746,1.54772,1.50,1.00
2017.06.27 13:20:25.538,1.54747,1.5477,1.00,1.00
2017.06.27 13:20:25.798,1.54747,1.54773,1.00,1.12
2017.06.27 13:20:26.506,1.54747,1.54772,1.00,1.50
2017.06.27 13:20:26.556,1.54747,1.54772,1.00,1.50
2017.06.27 13:20:26.708,1.54736,1.54767,1.00,1.50
2017.06.27 13:20:26.921,1.5474,1.54766,1.00,3.60
2017.06.27 13:20:27.326,1.54741,1.54766,1.00,1.00
2017.06.27 13:20:27.478,1.54736,1.54769,1.10,1.35
2017.06.27 13:20:27.579,1.54738,1.54772,1.00,1.97
2017.06.27 13:20:27.898,1.54745,1.5477,1.00,1.60
2017.06.27 13:20:28.203,1.54741,1.54764,1.00,2.10
2017.06.27 13:20:28.608,1.54736,1.54765,1.00,1.97
2017.06.27 13:20:29.018,1.54733,1.54765,1.00,1.72
2017.06.27 13:20:29.372,1.54741,1.54766,1.00,2.85
2017.06.27 13:20:29.979,1.54742,1.54764,1.00,1.72
2017.06.27 13:20:30.390,1.54731,1.54764,1.00,1.35
2017.06.27 13:20:30.722,1.54737,1.5476,1.00,1.00
2017.06.27 13:20:31.247,1.54738,1.54761,1.00,1.00
2017.06.27 13:20:31.588,1.54736,1.54759,1.00,1.00
2017.06.27 13:20:32.147,1.54736,1.54759,1.00,1.60
2017.06.27 13:20:32.570,1.54731,1.54754,1.00,1.00
2017.06.27 13:20:32.772,1.54733,1.54755,1.00,1.00
2017.06.27 13:20:35.178,1.54728,1.54764,1.07,3.60
2017.06.27 13:20:35.705,1.54728,1.54764,1.07,2.85
2017.06.27 13:20:35.933,1.54728,1.54762,1.07,1.50
2017.06.27 13:20:36.036,1.54735,1.5476,1.00,1.12
2017.06.27 13:20:36.648,1.54737,1.54759,1.00,1.00
2017.06.27 13:20:37.052,1.54735,1.54759,1.00,1.00
2017.06.27 13:20:37.555,1.54735,1.54759,1.00,1.87
2017.06.27 13:20:37.858,1.54732,1.54757,1.00,1.00
2017.06.27 13:20:38.162,1.54732,1.54754,1.00,1.50
2017.06.27 13:20:38.263,1.54721,1.54753,1.07,1.50
2017.06.27 13:20:38.597,1.54721,1.54755,1.07,1.50
2017.06.27 13:20:39.169,1.5472,1.54755,1.07,1.00
2017.06.27 13:20:40.593,1.54724,1.54754,1.10,1.00
2017.06.27 13:20:40.897,1.5473,1.54754,1.00,1.50
2017.06.27 13:20:41.648,1.5473,1.54753,1.00,1.00
2017.06.27 13:20:42.161,1.5473,1.54754,1.00,1.87
2017.06.27 13:20:42.473,1.5473,1.54752,1.00,1.00
2017.06.27 13:20:42.815,1.54729,1.5475,1.00,1.00
2017.06.27 13:20:43.382,1.54729,1.54751,1.00,1.00
2017.06.27 13:20:44.075,1.54728,1.54751,1.00,1.50
2017.06.27 13:20:44.723,1.54727,1.5475,1.00,1.00
2017.06.27 13:20:46.408,1.54725,1.54751,1.00,1.12
2017.06.27 13:20:46.610,1.54725,1.54749,1.00,1.00
2017.06.27 13:20:46.936,1.54725,1.54751,1.00,1.50
2017.06.27 13:20:47.838,1.54725,1.5475,1.00,1.00
2017.06.27 13:20:48.847,1.54724,1.54749,1.00,1.00
2017.06.27 13:20:49.086,1.54726,1.54749,1.00,1.00
2017.06.27 13:20:50.058,1.54726,1.5475,1.00,1.50
2017.06.27 13:20:51.302,1.54725,1.5475,1.00,1.00
2017.06.27 13:20:52.812,1.54728,1.54751,1.00,1.00
2017.06.27 13:20:52.914,1.54728,1.54754,1.00,1.37
2017.06.27 13:20:54.299,1.54728,1.54754,1.00,1.37
2017.06.27 13:20:54.501,1.54722,1.54747,1.00,1.37
2017.06.27 13:20:54.552,1.5472,1.54745,1.00,1.12
2017.06.27 13:20:55.345,1.5472,1.54745,1.00,2.92
2017.06.27 13:20:55.447,1.54718,1.54742,1.00,1.37
2017.06.27 13:20:55.498,1.54719,1.54743,1.00,1.20
2017.06.27 13:20:55.700,1.54719,1.54741,1.00,1.30
2017.06.27 13:20:55.751,1.54716,1.54741,1.00,1.80
2017.06.27 13:20:56.650,1.54709,1.54742,1.00,1.05
2017.06.27 13:20:57.027,1.54718,1.54743,1.00,1.20
2017.06.27 13:20:57.265,1.54716,1.54744,1.00,1.80
2017.06.27 13:20:57.414,1.54717,1.54741,1.00,1.20
2017.06.27 13:20:57.955,1.54717,1.54741,1.00,1.20
2017.06.27 13:20:59.297,1.54717,1.54742,1.00,1.00
2017.06.27 13:20:59.800,1.54716,1.54741,1.00,1.00
2017.06.27 13:21:00.002,1.54717,1.54743,1.00,1.50
2017.06.27 13:21:00.678,1.5471,1.54745,1.10,1.12
2017.06.27 13:21:00.897,1.54712,1.54748,1.00,1.37
2017.06.27 13:21:01.220,1.54719,1.54745,1.00,1.00
2017.06.27 13:21:01.995,1.54719,1.54744,1.00,1.00
2017.06.27 13:21:03.101,1.54721,1.54744,1.00,1.37
2017.06.27 13:21:03.203,1.54719,1.54744,1.00,1.00
2017.06.27 13:21:03.414,1.54719,1.54743,1.00,1.37
2017.06.27 13:21:04.318,1.54719,1.54741,1.00,1.12
2017.06.27 13:21:04.829,1.54719,1.54742,1.00,1.37
2017.06.27 13:21:05.221,1.54721,1.54742,1.00,1.00
2017.06.27 13:21:05.323,1.54721,1.54744,1.00,1.12
2017.06.27 13:21:05.576,1.54721,1.54744,1.00,1.37
2017.06.27 13:21:05.627,1.5471,1.54745,1.10,1.50
2017.06.27 13:21:06.591,1.54719,1.54743,1.00,1.00
2017.06.27 13:21:07.477,1.54718,1.54742,1.00,1.87
2017.06.27 13:21:07.528,1.54715,1.5474,1.00,1.00
2017.06.27 13:21:07.882,1.54715,1.54738,1.00,1.00
2017.06.27 13:21:08.629,1.54705,1.54738,1.10,1.00
2017.06.27 13:21:09.158,1.54706,1.5474,1.00,1.72
2017.06.27 13:21:09.310,1.54707,1.5474,2.10,1.00
2017.06.27 13:21:09.361,1.54709,1.54743,1.00,1.37
2017.06.27 13:21:09.412,1.54708,1.54745,1.00,1.37
2017.06.27 13:21:09.462,1.54708,1.54745,2.10,1.87
2017.06.27 13:21:10.156,1.54711,1.54745,1.00,1.87
2017.06.27 13:21:10.836,1.54717,1.54742,1.00,1.00
2017.06.27 13:21:12.133,1.54718,1.54743,1.00,1.00
2017.06.27 13:21:12.490,1.54718,1.54741,1.00,1.00
2017.06.27 13:21:13.240,1.54719,1.54739,1.00,1.00
2017.06.27 13:21:13.579,1.54719,1.54737,1.00,1.00
2017.06.27 13:21:13.680,1.54715,1.54739,1.00,1.50
2017.06.27 13:21:13.883,1.54717,1.54742,1.00,1.50
2017.06.27 13:21:15.441,1.54718,1.54743,1.00,1.50
2017.06.27 13:21:15.492,1.5472,1.54745,1.00,1.00
2017.06.27 13:21:15.543,1.54718,1.54744,1.00,1.00
2017.06.27 13:21:16.238,1.54721,1.54744,1.00,1.00
2017.06.27 13:21:16.980,1.54721,1.54743,1.00,1.00
2017.06.27 13:21:17.739,1.54721,1.54744,1.00,1.87
2017.06.27 13:21:18.310,1.5472,1.54744,1.00,1.37
2017.06.27 13:21:19.262,1.5472,1.54744,1.00,1.37
2017.06.27 13:21:21.559,1.5472,1.54742,1.00,1.12
2017.06.27 13:21:21.610,1.5472,1.54746,1.00,1.87
2017.06.27 13:21:21.762,1.54723,1.54743,1.00,1.00
2017.06.27 13:21:22.145,1.54723,1.54741,1.00,1.00
2017.06.27 13:21:22.456,1.54723,1.54746,1.00,1.00
2017.06.27 13:21:22.508,1.54723,1.54742,1.00,1.00
2017.06.27 13:21:23.066,1.54723,1.54741,1.00,1.00
2017.06.27 13:21:23.620,1.54723,1.5474,1.00,1.00
2017.06.27 13:21:24.614,1.54723,1.54739,1.00,1.00
2017.06.27 13:21:24.826,1.54709,1.54736,1.07,1.00
2017.06.27 13:21:24.879,1.54719,1.54736,1.00,1.00
2017.06.27 13:21:24.980,1.54707,1.54736,1.42,1.00
2017.06.27 13:21:25.082,1.54707,1.54742,1.42,1.50
2017.06.27 13:21:25.385,1.54708,1.54736,1.07,1.00
2017.06.27 13:21:25.811,1.54717,1.54735,1.00,1.00
2017.06.27 13:21:25.862,1.54715,1.54735,1.00,1.00
2017.06.27 13:21:26.042,1.54715,1.54733,1.00,1.00
2017.06.27 13:21:26.556,1.54715,1.54734,1.00,1.00
2017.06.27 13:21:26.809,1.54705,1.54732,1.07,1.00
2017.06.27 13:21:27.454,1.54704,1.54733,1.42,1.00
2017.06.27 13:21:27.505,1.54714,1.54733,1.00,1.00
2017.06.27 13:21:28.265,1.54714,1.54732,1.00,1.00
2017.06.27 13:21:28.782,1.54714,1.54733,1.00,1.00
2017.06.27 13:21:29.316,1.54714,1.54732,1.00,1.00
2017.06.27 13:21:30.164,1.54715,1.54732,1.00,1.00
2017.06.27 13:21:30.266,1.54711,1.5473,1.00,1.00
2017.06.27 13:21:30.413,1.54711,1.54727,1.00,1.00
2017.06.27 13:21:30.464,1.54708,1.54731,1.00,1.00
2017.06.27 13:21:30.515,1.54708,1.54727,1.00,1.00
2017.06.27 13:21:30.667,1.54708,1.54733,1.00,2.25
2017.06.27 13:21:30.819,1.54701,1.5473,1.00,1.50
2017.06.27 13:21:31.779,1.547,1.54731,1.10,1.50
2017.06.27 13:21:32.305,1.54701,1.54731,1.00,2.25
2017.06.27 13:21:33.139,1.54699,1.54731,1.07,3.00
2017.06.27 13:21:33.391,1.54699,1.54732,1.10,3.00
2017.06.27 13:21:34.957,1.547,1.54722,1.00,1.00
2017.06.27 13:21:35.558,1.54695,1.54721,1.67,1.00
2017.06.27 13:21:35.609,1.54693,1.54721,1.57,1.00
2017.06.27 13:21:35.659,1.54693,1.54718,1.07,1.00
2017.06.27 13:21:36.036,1.54697,1.5472,1.00,1.00
2017.06.27 13:21:36.534,1.54693,1.54717,1.07,1.00
2017.06.27 13:21:36.869,1.547,1.54717,1.00,1.00
2017.06.27 13:21:37.534,1.547,1.54719,1.00,1.00
2017.06.27 13:21:37.585,1.54702,1.54719,1.00,1.00
2017.06.27 13:21:37.686,1.547,1.54719,1.00,1.00
2017.06.27 13:21:38.261,1.547,1.54717,1.00,1.00
2017.06.27 13:21:38.766,1.547,1.54718,1.00,1.00
2017.06.27 13:21:39.494,1.547,1.54719,1.00,1.00
2017.06.27 13:21:40.034,1.547,1.54718,1.00,1.00
2017.06.27 13:21:40.571,1.547,1.54719,1.00,1.00
2017.06.27 13:21:41.177,1.547,1.54718,1.00,1.00
2017.06.27 13:21:42.135,1.547,1.54719,1.00,1.00
2017.06.27 13:21:42.924,1.547,1.54721,1.00,1.00
2017.06.27 13:21:43.177,1.54694,1.54722,1.10,1.00
2017.06.27 13:21:43.474,1.54702,1.54722,1.00,1.00
2017.06.27 13:21:43.850,1.54702,1.5472,1.00,1.00
2017.06.27 13:21:44.115,1.54701,1.54723,1.00,1.00
2017.06.27 13:21:44.411,1.54697,1.54723,1.10,1.00
2017.06.27 13:21:44.512,1.54698,1.5473,1.00,1.50
2017.06.27 13:21:45.035,1.54699,1.54729,1.00,1.50
2017.06.27 13:21:45.275,1.54704,1.54728,1.00,1.00
2017.06.27 13:21:46.279,1.54705,1.54728,1.00,1.00
2017.06.27 13:21:49.226,1.54704,1.54727,1.00,1.00
2017.06.27 13:21:51.195,1.54704,1.54727,1.07,1.00
2017.06.27 13:21:51.415,1.54704,1.54729,1.07,1.50
2017.06.27 13:21:52.024,1.54704,1.54729,1.10,1.50
2017.06.27 13:21:53.167,1.54704,1.54729,1.07,1.50
2017.06.27 13:21:54.193,1.54704,1.54729,1.07,1.87
2017.06.27 13:21:55.007,1.54704,1.54728,1.10,1.12
2017.06.27 13:21:55.795,1.54704,1.54729,1.07,2.25
2017.06.27 13:21:56.788,1.54704,1.54727,1.07,1.00
2017.06.27 13:21:57.806,1.54704,1.54727,1.00,1.00
2017.06.27 13:21:59.062,1.54704,1.54727,1.07,1.00
2017.06.27 13:21:59.650,1.54704,1.54727,1.07,1.00
2017.06.27 13:22:00.202,1.54704,1.54727,1.00,1.00
2017.06.27 13:22:00.705,1.54704,1.54727,1.00,1.37
2017.06.27 13:22:00.756,1.54702,1.54725,1.00,1.12
2017.06.27 13:22:00.858,1.54703,1.54728,1.00,1.87
2017.06.27 13:22:11.314,1.54702,1.54725,1.00,1.00
2017.06.27 13:22:11.884,1.54702,1.54725,1.00,1.37
2017.06.27 13:22:12.036,1.54698,1.54721,1.00,1.12
2017.06.27 13:22:12.239,1.54695,1.54724,1.00,2.25
2017.06.27 13:22:12.807,1.54693,1.54724,1.00,1.37
2017.06.27 13:22:12.959,1.54689,1.54723,1.67,1.87
2017.06.27 13:22:13.514,1.54691,1.54722,1.35,1.50
2017.06.27 13:22:13.565,1.54691,1.54724,2.17,1.87
2017.06.27 13:22:13.848,1.54698,1.54724,1.00,2.62
2017.06.27 13:22:14.153,1.54698,1.54719,1.00,1.57
2017.06.27 13:22:14.204,1.54691,1.54717,1.00,1.37
2017.06.27 13:22:14.255,1.54688,1.54714,1.00,1.37
2017.06.27 13:22:14.559,1.54683,1.54717,1.00,1.97
2017.06.27 13:22:15.087,1.54681,1.54717,1.00,2.85
2017.06.27 13:22:15.600,1.54682,1.54717,1.00,1.97
2017.06.27 13:22:15.651,1.5468,1.54715,1.35,1.30
2017.06.27 13:22:15.853,1.54685,1.54716,1.00,2.85
2017.06.27 13:22:16.224,1.54685,1.54711,1.00,1.00
2017.06.27 13:22:16.275,1.54683,1.54711,1.00,1.00
2017.06.27 13:22:17.379,1.54683,1.54712,1.00,1.00
2017.06.27 13:22:17.964,1.54683,1.54712,1.60,1.00
2017.06.27 13:22:18.512,1.54683,1.54709,1.00,1.00
2017.06.27 13:22:18.927,1.54688,1.5471,1.00,1.00
2017.06.27 13:22:19.451,1.54688,1.54711,1.00,1.00
2017.06.27 13:22:21.567,1.54688,1.54707,1.00,1.00
2017.06.27 13:22:22.131,1.54678,1.54707,2.10,1.00
2017.06.27 13:22:22.182,1.54678,1.54707,2.17,1.00
2017.06.27 13:22:22.687,1.54686,1.54708,1.00,1.00
2017.06.27 13:22:23.430,1.54686,1.54707,1.00,1.00
2017.06.27 13:22:24.049,1.54686,1.54709,1.00,1.00
2017.06.27 13:22:24.576,1.54686,1.5471,1.00,1.00
2017.06.27 13:22:26.781,1.54685,1.54712,1.35,1.00
2017.06.27 13:22:30.621,1.54688,1.54714,1.00,1.00
2017.06.27 13:22:31.869,1.54688,1.5471,1.00,1.00
2017.06.27 13:22:32.475,1.54688,1.54708,1.00,1.00
2017.06.27 13:22:33.025,1.54688,1.54709,1.00,1.00
2017.06.27 13:22:33.505,1.54685,1.5471,1.35,1.00
2017.06.27 13:22:34.014,1.54685,1.54711,1.35,1.00
2017.06.27 13:22:34.587,1.54685,1.5471,1.35,1.00
2017.06.27 13:22:34.693,1.54685,1.5471,1.60,1.00
2017.06.27 13:22:34.844,1.54685,1.54717,2.17,1.50
2017.06.27 13:22:35.167,1.54691,1.54712,1.00,1.00
2017.06.27 13:22:35.994,1.54691,1.54712,1.60,1.00
2017.06.27 13:22:36.045,1.54692,1.54715,1.60,1.00
2017.06.27 13:22:36.096,1.54694,1.54718,1.35,1.50
2017.06.27 13:22:36.147,1.54694,1.54718,1.60,1.50
2017.06.27 13:22:36.451,1.54696,1.5472,1.60,1.50
2017.06.27 13:22:36.766,1.54696,1.54718,1.60,1.00
2017.06.27 13:22:36.873,1.54696,1.54718,1.35,1.00
2017.06.27 13:22:37.415,1.54695,1.54718,1.00,1.37
2017.06.27 13:22:38.432,1.54695,1.54718,1.00,1.12
2017.06.27 13:22:38.483,1.54694,1.54719,1.35,1.37
2017.06.27 13:22:38.585,1.54694,1.5472,1.35,1.87
2017.06.27 13:22:39.281,1.54695,1.5472,1.00,1.00
2017.06.27 13:22:39.883,1.54695,1.54721,1.00,1.50
2017.06.27 13:22:41.011,1.54696,1.54721,1.00,1.00
2017.06.27 13:22:41.209,1.54696,1.54718,1.00,1.00
2017.06.27 13:22:41.605,1.54696,1.54716,1.00,1.00
2017.06.27 13:22:41.707,1.54696,1.54718,1.00,1.00
2017.06.27 13:22:43.137,1.54696,1.54717,1.00,1.00
2017.06.27 13:22:43.728,1.54696,1.54718,1.00,1.00
2017.06.27 13:22:44.739,1.54698,1.54718,1.00,1.00
2017.06.27 13:22:44.942,1.54689,1.54721,1.60,1.37
2017.06.27 13:22:44.993,1.54697,1.5472,1.00,1.37
2017.06.27 13:22:45.533,1.54686,1.54716,1.70,1.00
2017.06.27 13:22:46.075,1.54687,1.54717,1.35,1.12
2017.06.27 13:22:46.253,1.54695,1.54717,1.00,1.12
2017.06.27 13:22:46.557,1.54695,1.54715,1.00,1.00
2017.06.27 13:22:48.018,1.54695,1.54716,1.00,1.00
2017.06.27 13:22:48.798,1.54695,1.54715,1.00,1.00
2017.06.27 13:22:48.900,1.54695,1.54717,1.00,1.00
2017.06.27 13:22:49.254,1.54687,1.54717,1.35,1.00
2017.06.27 13:22:49.457,1.54695,1.54716,1.00,1.00
2017.06.27 13:22:51.937,1.54695,1.54713,1.00,1.00
2017.06.27 13:22:51.988,1.54691,1.54713,1.00,1.00
2017.06.27 13:22:52.089,1.54689,1.5471,1.00,1.00
2017.06.27 13:22:52.241,1.54686,1.54709,1.00,1.00
2017.06.27 13:22:52.393,1.54686,1.54707,1.00,1.00
2017.06.27 13:22:52.494,1.54683,1.54706,1.00,1.00
2017.06.27 13:22:52.596,1.54683,1.54704,1.00,1.00
2017.06.27 13:22:53.097,1.54682,1.54704,1.00,1.00
2017.06.27 13:22:53.312,1.54682,1.54706,1.00,1.50
2017.06.27 13:22:54.085,1.54682,1.54705,1.00,1.00
2017.06.27 13:22:54.631,1.54682,1.54706,1.00,1.50
2017.06.27 13:22:55.555,1.54682,1.54705,1.00,1.00
2017.06.27 13:22:56.042,1.54683,1.54707,1.00,1.00
2017.06.27 13:22:56.720,1.54683,1.54706,1.00,1.00
2017.06.27 13:22:58.370,1.54683,1.54707,1.00,1.50
2017.06.27 13:22:58.471,1.54685,1.5471,1.00,1.00
2017.06.27 13:22:58.981,1.54685,1.54709,1.00,1.00
2017.06.27 13:22:59.704,1.54682,1.54704,1.00,1.37
2017.06.27 13:22:59.755,1.5468,1.54698,1.00,1.12
2017.06.27 13:22:59.856,1.5468,1.54693,1.00,1.37
2017.06.27 13:22:59.907,1.54669,1.54692,1.00,1.37
2017.06.27 13:22:59.958,1.54668,1.54692,1.00,1.00
2017.06.27 13:23:00.242,1.54663,1.54692,2.17,1.00
2017.06.27 13:23:00.770,1.54663,1.54693,1.67,1.00
2017.06.27 13:23:00.821,1.54663,1.54695,1.67,1.00
2017.06.27 13:23:01.904,1.54665,1.54693,1.67,1.00
2017.06.27 13:23:02.080,1.54663,1.54694,1.67,1.12
2017.06.27 13:23:02.131,1.54663,1.54691,1.67,1.00
2017.06.27 13:23:02.283,1.54663,1.54693,1.67,1.00
2017.06.27 13:23:02.434,1.54669,1.54693,1.00,1.00
2017.06.27 13:23:03.251,1.54669,1.54694,1.00,1.00
2017.06.27 13:23:03.752,1.54669,1.54695,1.00,1.50
2017.06.27 13:23:04.616,1.54669,1.54694,1.00,1.00
2017.06.27 13:23:04.920,1.54678,1.54702,1.00,1.50
2017.06.27 13:23:06.599,1.54678,1.54704,1.00,1.00
2017.06.27 13:23:08.103,1.5468,1.54704,1.00,1.00
2017.06.27 13:23:08.750,1.5468,1.54705,1.00,1.00
2017.06.27 13:23:09.074,1.54682,1.54706,1.00,1.37
2017.06.27 13:23:09.125,1.54683,1.54707,1.00,1.00
2017.06.27 13:23:09.176,1.54681,1.54705,1.00,1.37
2017.06.27 13:23:09.277,1.54681,1.54705,1.00,1.00
2017.06.27 13:23:10.195,1.54679,1.54705,1.00,1.12
2017.06.27 13:23:10.320,1.54678,1.54702,1.00,1.00
2017.06.27 13:23:11.069,1.54677,1.54701,1.00,1.00
2017.06.27 13:23:12.060,1.54676,1.54701,1.00,1.00
2017.06.27 13:23:13.195,1.54681,1.54705,1.00,1.00
2017.06.27 13:23:14.554,1.54679,1.54703,1.00,1.00
2017.06.27 13:23:14.851,1.54684,1.54713,1.00,1.00
2017.06.27 13:23:14.902,1.54683,1.54708,1.10,1.00
2017.06.27 13:23:14.953,1.54688,1.54715,1.42,2.25
2017.06.27 13:23:15.004,1.54691,1.54715,1.00,1.00
2017.06.27 13:23:15.054,1.54693,1.54719,1.00,1.00
2017.06.27 13:23:15.307,1.54693,1.54717,1.00,1.00
2017.06.27 13:23:15.669,1.54693,1.54719,1.10,1.12
2017.06.27 13:23:15.770,1.54695,1.5472,1.00,1.00
2017.06.27 13:23:16.300,1.54695,1.54721,1.00,1.50
2017.06.27 13:23:16.605,1.54696,1.54719,1.00,1.00
2017.06.27 13:23:17.062,1.54698,1.54722,1.00,1.37
2017.06.27 13:23:17.503,1.54698,1.54724,1.00,1.12
2017.06.27 13:23:18.611,1.54698,1.54722,1.00,1.00
2017.06.27 13:23:18.787,1.54698,1.5472,1.00,1.00
2017.06.27 13:23:18.888,1.54696,1.54721,1.00,1.37
2017.06.27 13:23:19.091,1.54695,1.54718,1.00,1.12
2017.06.27 13:23:19.613,1.54695,1.54717,1.00,1.12
2017.06.27 13:23:20.086,1.54695,1.54719,1.00,1.00
2017.06.27 13:23:20.339,1.54696,1.54721,1.00,1.87
2017.06.27 13:23:20.841,1.54698,1.54721,1.00,1.00
2017.06.27 13:23:20.892,1.54696,1.54721,1.00,1.00
2017.06.27 13:23:21.246,1.54695,1.54719,1.00,1.00
2017.06.27 13:23:22.274,1.54695,1.54721,1.50,1.37
2017.06.27 13:23:22.620,1.54692,1.54716,1.00,1.00
2017.06.27 13:23:22.923,1.54689,1.54714,1.00,1.00
2017.06.27 13:23:23.426,1.54688,1.54714,1.50,1.12
2017.06.27 13:23:23.997,1.54688,1.54714,1.00,2.25
2017.06.27 13:23:24.148,1.54685,1.54712,1.50,1.37
2017.06.27 13:23:24.694,1.54686,1.54712,1.00,1.37
2017.06.27 13:23:25.419,1.54686,1.54712,1.00,1.00
2017.06.27 13:23:25.760,1.54685,1.54712,1.50,1.37
2017.06.27 13:23:26.308,1.54684,1.54711,1.00,1.37
2017.06.27 13:23:27.201,1.54684,1.54711,1.50,1.12
2017.06.27 13:23:28.618,1.54684,1.54711,1.50,1.37
2017.06.27 13:23:29.108,1.54683,1.54709,1.00,1.37
2017.06.27 13:23:29.634,1.54683,1.54709,1.00,1.37
2017.06.27 13:23:29.998,1.54696,1.54721,1.00,1.87
2017.06.27 13:23:30.251,1.54699,1.54723,1.50,1.00
2017.06.27 13:23:30.813,1.54702,1.54723,1.00,1.00
2017.06.27 13:23:30.965,1.54699,1.54725,1.00,1.00
2017.06.27 13:23:31.184,1.54702,1.54725,1.00,1.00
2017.06.27 13:23:31.841,1.54703,1.54725,1.00,1.00
2017.06.27 13:23:32.144,1.54701,1.54722,1.00,1.00
2017.06.27 13:23:33.084,1.54702,1.54722,1.00,1.00
2017.06.27 13:23:33.718,1.54701,1.54722,1.00,1.00
2017.06.27 13:23:34.339,1.54702,1.54722,1.00,1.00
2017.06.27 13:23:34.997,1.54701,1.54722,1.00,1.00
2017.06.27 13:23:35.557,1.54702,1.54722,1.00,1.00
2017.06.27 13:23:36.083,1.54703,1.54722,1.00,1.00
2017.06.27 13:23:36.134,1.547,1.54724,1.00,1.00
2017.06.27 13:23:36.640,1.54699,1.54723,1.00,1.00
2017.06.27 13:23:37.155,1.54698,1.54722,1.00,1.00
2017.06.27 13:23:37.695,1.54699,1.54722,1.00,1.00
2017.06.27 13:23:38.310,1.54698,1.54722,1.00,1.00
2017.06.27 13:23:39.145,1.54699,1.5472,1.00,1.00
2017.06.27 13:23:40.100,1.54698,1.5472,1.00,1.00
2017.06.27 13:23:40.151,1.54698,1.54722,1.00,1.00
2017.06.27 13:23:40.320,1.54708,1.54725,1.00,1.00
2017.06.27 13:23:40.371,1.54707,1.54729,1.00,1.00
2017.06.27 13:23:40.422,1.54705,1.54729,1.00,1.00
2017.06.27 13:23:41.358,1.54704,1.54728,1.00,1.00
2017.06.27 13:23:42.353,1.54702,1.54729,1.50,1.12
2017.06.27 13:23:42.907,1.54702,1.54729,1.50,1.37
2017.06.27 13:23:43.436,1.54703,1.54729,1.00,1.37
2017.06.27 13:23:43.998,1.54704,1.54728,1.00,1.00
2017.06.27 13:23:44.859,1.54703,1.54728,1.00,1.12
2017.06.27 13:23:46.408,1.54702,1.54728,1.50,1.12
2017.06.27 13:23:46.659,1.54704,1.54728,1.00,1.00
2017.06.27 13:23:49.255,1.54707,1.54728,1.00,1.00
2017.06.27 13:23:49.559,1.54711,1.54731,1.00,1.00
2017.06.27 13:23:50.284,1.54712,1.54731,1.00,1.00
2017.06.27 13:23:50.647,1.5471,1.54731,1.00,1.00
2017.06.27 13:23:50.968,1.5471,1.54737,1.00,1.50
2017.06.27 13:23:51.483,1.54711,1.54737,1.00,1.50
2017.06.27 13:23:51.928,1.54715,1.54735,1.00,1.12
2017.06.27 13:23:52.447,1.54714,1.54735,1.00,1.12
2017.06.27 13:23:52.960,1.54715,1.54734,1.00,1.00
2017.06.27 13:23:53.340,1.54715,1.54738,1.00,1.50
2017.06.27 13:23:53.950,1.54714,1.54738,1.00,1.50
2017.06.27 13:23:54.906,1.54715,1.54738,1.00,1.50
2017.06.27 13:23:55.014,1.54715,1.54738,1.00,1.00
2017.06.27 13:23:55.065,1.54715,1.54743,1.00,1.07
2017.06.27 13:23:55.219,1.54715,1.54743,1.00,1.45
2017.06.27 13:23:55.606,1.54716,1.54738,1.00,1.50
2017.06.27 13:23:55.657,1.54717,1.5474,1.00,1.00
2017.06.27 13:23:55.759,1.54716,1.5474,1.50,1.37
2017.06.27 13:23:55.809,1.54717,1.5474,1.00,1.00
2017.06.27 13:23:56.165,1.54715,1.54739,1.00,1.37
2017.06.27 13:23:56.216,1.54713,1.54739,1.50,1.37
2017.06.27 13:23:56.797,1.54713,1.54739,1.00,1.12
2017.06.27 13:23:57.000,1.54712,1.54737,1.50,1.00
2017.06.27 13:23:57.303,1.5472,1.54737,1.00,1.00
2017.06.27 13:23:57.404,1.54717,1.54737,1.00,1.00
2017.06.27 13:23:57.512,1.54718,1.54747,1.00,1.50
2017.06.27 13:23:57.765,1.54716,1.54743,1.00,1.50
2017.06.27 13:23:57.815,1.54715,1.54743,1.00,1.50
2017.06.27 13:23:58.321,1.54717,1.54741,1.00,1.00
2017.06.27 13:23:58.835,1.54716,1.54741,1.00,1.00
2017.06.27 13:23:59.400,1.54715,1.54741,1.00,1.00
2017.06.27 13:23:59.733,1.54717,1.54741,1.00,1.00
2017.06.27 13:24:00.269,1.54718,1.54742,1.00,1.00
2017.06.27 13:24:00.794,1.54718,1.54742,1.00,1.37
2017.06.27 13:24:01.371,1.54718,1.54742,1.00,1.50
2017.06.27 13:24:01.884,1.54717,1.54741,1.50,1.12
2017.06.27 13:24:02.952,1.54717,1.54741,1.50,1.37
2017.06.27 13:24:03.215,1.54707,1.54735,1.00,1.50
2017.06.27 13:24:03.641,1.54705,1.54735,1.00,1.50
2017.06.27 13:24:04.171,1.54706,1.54735,1.00,2.25
2017.06.27 13:24:04.696,1.54707,1.54735,1.00,1.37
2017.06.27 13:24:04.747,1.54707,1.54735,1.00,2.25
2017.06.27 13:24:05.151,1.54709,1.54731,1.00,1.00
2017.06.27 13:24:05.719,1.54708,1.54731,1.50,1.00
2017.06.27 13:24:06.640,1.54708,1.5473,1.00,1.00
2017.06.27 13:24:07.844,1.54707,1.5473,1.50,1.00
2017.06.27 13:24:08.566,1.54708,1.5473,1.00,1.00
2017.06.27 13:24:09.110,1.54707,1.5473,1.00,1.00
2017.06.27 13:24:09.262,1.547,1.54733,1.00,1.50
2017.06.27 13:24:09.414,1.547,1.54731,1.00,1.50
2017.06.27 13:24:09.718,1.54704,1.54727,1.00,1.00
2017.06.27 13:24:10.493,1.54703,1.54725,1.00,1.00
2017.06.27 13:24:11.148,1.54702,1.54724,1.00,1.00
2017.06.27 13:24:11.853,1.54706,1.54724,1.00,1.00
2017.06.27 13:24:12.423,1.54706,1.54725,1.00,1.00
2017.06.27 13:24:13.239,1.54705,1.54725,1.00,1.00
2017.06.27 13:24:14.044,1.54706,1.54725,1.00,1.00
2017.06.27 13:24:14.626,1.54706,1.54726,1.00,1.00
2017.06.27 13:24:14.998,1.54709,1.54729,1.00,1.00
2017.06.27 13:24:15.487,1.54706,1.54728,1.00,1.60
2017.06.27 13:24:15.539,1.54705,1.54727,1.00,1.60
2017.06.27 13:24:15.590,1.54705,1.54727,1.00,1.35
2017.06.27 13:24:15.944,1.54712,1.54734,1.00,2.85
2017.06.27 13:24:16.282,1.5473,1.54748,1.00,1.75
2017.06.27 13:24:16.384,1.54731,1.54748,1.00,1.00
2017.06.27 13:24:16.485,1.54732,1.5475,1.00,1.00
2017.06.27 13:24:16.537,1.54732,1.54752,1.00,1.00
2017.06.27 13:24:17.070,1.54731,1.54752,1.00,1.00
2017.06.27 13:24:17.622,1.54732,1.54752,1.00,1.00
2017.06.27 13:24:17.746,1.54735,1.54752,1.00,1.00
2017.06.27 13:24:17.949,1.54735,1.5476,1.00,1.50
2017.06.27 13:24:18.202,1.54734,1.54755,1.00,1.00
2017.06.27 13:24:18.505,1.54737,1.54757,1.00,1.00
2017.06.27 13:24:18.556,1.54734,1.54757,1.00,1.00
2017.06.27 13:24:19.753,1.54738,1.54757,1.00,1.00
2017.06.27 13:24:20.096,1.54741,1.54758,1.00,1.00
2017.06.27 13:24:20.198,1.54743,1.5477,1.00,1.50
2017.06.27 13:24:20.248,1.54745,1.54765,1.00,1.00
2017.06.27 13:24:20.559,1.54747,1.54765,1.00,1.00
2017.06.27 13:24:20.660,1.54745,1.54765,1.00,1.00
2017.06.27 13:24:21.164,1.54744,1.54765,1.00,1.12
2017.06.27 13:24:22.110,1.54746,1.54765,1.00,1.12
2017.06.27 13:24:22.627,1.54745,1.54765,1.00,1.37
2017.06.27 13:24:24.144,1.54744,1.54765,1.00,1.37
2017.06.27 13:24:24.470,1.54746,1.54765,1.00,1.12
2017.06.27 13:24:25.558,1.54747,1.54765,1.00,1.00
2017.06.27 13:24:26.065,1.54747,1.54766,1.00,1.00
2017.06.27 13:24:26.224,1.54748,1.54768,1.00,1.00
2017.06.27 13:24:27.290,1.54748,1.54767,1.00,1.00
2017.06.27 13:24:27.792,1.54747,1.54767,1.00,1.00
2017.06.27 13:24:28.348,1.54748,1.54767,1.00,1.00
2017.06.27 13:24:28.858,1.54747,1.54767,1.00,1.00
2017.06.27 13:24:29.011,1.54743,1.54775,1.00,2.10
2017.06.27 13:24:29.535,1.54744,1.54776,1.00,2.85
2017.06.27 13:24:30.068,1.54746,1.54776,1.00,3.60
2017.06.27 13:24:30.119,1.54746,1.54776,1.00,1.72
2017.06.27 13:24:30.170,1.54748,1.54777,1.00,1.70
2017.06.27 13:24:30.221,1.54749,1.54776,1.00,1.60
2017.06.27 13:24:30.957,1.54749,1.54779,1.00,2.85
2017.06.27 13:24:31.137,1.54758,1.54785,1.00,1.37
2017.06.27 13:24:31.542,1.5476,1.54793,1.50,1.35
2017.06.27 13:24:32.112,1.54767,1.54793,1.00,1.42
2017.06.27 13:24:32.162,1.54766,1.5479,1.00,1.35
2017.06.27 13:24:32.214,1.54764,1.5479,1.00,1.35
2017.06.27 13:24:32.316,1.54762,1.54793,1.00,2.10
2017.06.27 13:24:32.367,1.54764,1.54793,1.00,2.10
2017.06.27 13:24:32.520,1.54756,1.54789,1.00,1.60
2017.06.27 13:24:32.844,1.54757,1.54793,1.57,2.10
2017.06.27 13:24:33.029,1.54758,1.54795,1.57,5.10
2017.06.27 13:24:33.079,1.54761,1.54785,1.00,1.00
2017.06.27 13:24:33.384,1.54764,1.54783,1.00,1.00
2017.06.27 13:24:34.188,1.54763,1.54783,1.00,1.00
2017.06.27 13:24:34.492,1.54761,1.5478,1.00,1.00
2017.06.27 13:24:35.077,1.54761,1.54781,1.00,1.00
2017.06.27 13:24:35.618,1.54762,1.54781,1.00,1.00
2017.06.27 13:24:36.141,1.54761,1.54781,1.00,1.00
2017.06.27 13:24:36.801,1.54762,1.54781,1.00,1.00
2017.06.27 13:24:37.314,1.54761,1.54781,1.00,1.00
2017.06.27 13:24:38.300,1.54761,1.5478,1.00,1.00
2017.06.27 13:24:39.106,1.54762,1.5478,1.00,1.00
2017.06.27 13:24:39.479,1.5476,1.5478,1.00,1.00
2017.06.27 13:24:40.019,1.5476,1.54779,1.00,1.00
2017.06.27 13:24:40.596,1.54759,1.54779,1.00,1.00
2017.06.27 13:24:40.748,1.5476,1.54781,1.00,1.00
2017.06.27 13:24:41.233,1.5476,1.54778,1.00,1.00
2017.06.27 13:24:41.916,1.5476,1.54777,1.00,1.00
2017.06.27 13:24:42.485,1.54761,1.54777,1.00,1.00
2017.06.27 13:24:42.875,1.5476,1.54779,1.00,1.00
2017.06.27 13:24:43.314,1.54764,1.54779,1.00,1.00
2017.06.27 13:24:43.415,1.54766,1.54782,1.00,1.00
2017.06.27 13:24:43.517,1.54766,1.54785,1.00,1.00
2017.06.27 13:24:43.669,1.54763,1.54785,1.00,1.00
2017.06.27 13:24:43.821,1.54761,1.54783,1.00,1.00
2017.06.27 13:24:44.377,1.54759,1.54783,1.00,1.00
2017.06.27 13:24:46.007,1.54759,1.54781,1.00,1.00
2017.06.27 13:24:47.019,1.54759,1.54782,1.00,1.00
2017.06.27 13:24:47.744,1.54757,1.54782,3.00,1.00
2017.06.27 13:24:48.137,1.54763,1.54782,1.00,1.00
2017.06.27 13:24:48.188,1.54761,1.54782,1.00,1.00
2017.06.27 13:24:48.289,1.54761,1.54791,1.00,1.60
2017.06.27 13:24:49.314,1.54762,1.54779,1.00,1.00
2017.06.27 13:24:49.853,1.54761,1.54779,1.00,1.00
2017.06.27 13:24:50.349,1.54763,1.54779,1.00,1.00
2017.06.27 13:24:50.451,1.54764,1.54782,1.00,1.00
2017.06.27 13:24:50.704,1.54762,1.54782,1.00,1.00
2017.06.27 13:24:50.856,1.5476,1.54781,1.00,1.00
2017.06.27 13:24:50.958,1.54761,1.54779,1.00,1.00
2017.06.27 13:24:51.500,1.54762,1.54779,1.00,1.00
2017.06.27 13:24:52.284,1.54761,1.54779,1.00,1.00
2017.06.27 13:24:52.645,1.54763,1.54779,1.00,1.00
2017.06.27 13:24:52.897,1.54764,1.5479,1.00,1.60
2017.06.27 13:24:53.155,1.54761,1.5479,1.00,1.60
2017.06.27 13:24:53.257,1.54761,1.5478,1.00,1.00
2017.06.27 13:24:54.143,1.54762,1.5478,1.00,1.00
2017.06.27 13:24:54.599,1.54764,1.54779,1.00,1.00
2017.06.27 13:24:55.059,1.54762,1.54779,1.00,1.00
2017.06.27 13:24:55.111,1.54769,1.54779,1.00,1.00
2017.06.27 13:24:55.162,1.54765,1.54779,1.00,1.00
2017.06.27 13:24:55.315,1.54768,1.54781,1.00,1.00
2017.06.27 13:24:55.366,1.54771,1.54797,1.00,1.05
2017.06.27 13:24:55.545,1.54772,1.54789,1.00,1.00
2017.06.27 13:24:56.048,1.54773,1.54789,1.00,1.00
2017.06.27 13:24:57.183,1.54773,1.5479,1.00,1.00
2017.06.27 13:25:00.166,1.54776,1.5479,1.00,1.00
2017.06.27 13:25:00.217,1.54775,1.54792,1.00,1.00
2017.06.27 13:25:00.318,1.54773,1.54792,1.00,1.00
2017.06.27 13:25:00.862,1.54767,1.54791,1.10,1.00
2017.06.27 13:25:01.659,1.54765,1.5479,1.07,1.00
2017.06.27 13:25:01.996,1.54765,1.5479,1.07,1.00
2017.06.27 13:25:02.362,1.54765,1.5479,1.07,1.00
2017.06.27 13:25:02.923,1.54768,1.5479,1.10,1.00
2017.06.27 13:25:02.974,1.54768,1.54788,1.10,1.00
2017.06.27 13:25:03.500,1.54767,1.54788,1.10,1.00
2017.06.27 13:25:04.184,1.54763,1.54788,1.07,1.00
2017.06.27 13:25:04.690,1.54766,1.54787,1.00,1.00
2017.06.27 13:25:05.110,1.54768,1.54787,1.00,1.00
2017.06.27 13:25:05.262,1.54768,1.54793,1.00,1.00
2017.06.27 13:25:05.364,1.54761,1.54794,1.57,1.00
2017.06.27 13:25:05.671,1.54759,1.54793,1.57,1.35
2017.06.27 13:25:05.768,1.54766,1.54793,1.00,1.35
2017.06.27 13:25:06.207,1.54768,1.54786,1.00,1.00
2017.06.27 13:25:06.308,1.54768,1.54788,1.00,1.00
2017.06.27 13:25:06.763,1.5477,1.54788,1.00,1.00
2017.06.27 13:25:07.225,1.54769,1.5479,1.00,1.00
2017.06.27 13:25:08.718,1.54774,1.5479,1.00,1.00
2017.06.27 13:25:08.812,1.54774,1.54795,1.00,1.00
2017.06.27 13:25:08.864,1.54777,1.54795,1.00,1.00
2017.06.27 13:25:09.132,1.54777,1.54797,1.00,1.00
2017.06.27 13:25:09.183,1.54779,1.54797,1.00,1.00
2017.06.27 13:25:09.488,1.54783,1.54797,1.00,1.00
2017.06.27 13:25:09.691,1.54784,1.54807,1.00,1.00
2017.06.27 13:25:10.165,1.54784,1.54802,1.00,1.00
2017.06.27 13:25:11.447,1.54784,1.54807,1.00,1.00
2017.06.27 13:25:11.870,1.54782,1.54808,1.00,1.60
2017.06.27 13:25:11.921,1.54783,1.54805,1.00,1.00
2017.06.27 13:25:12.461,1.54784,1.54805,1.00,1.00
2017.06.27 13:25:12.605,1.5478,1.54805,1.00,1.00
2017.06.27 13:25:12.660,1.54784,1.54808,1.00,2.10
2017.06.27 13:25:13.093,1.54786,1.54807,1.00,1.00
2017.06.27 13:25:13.245,1.54783,1.54807,1.00,1.00
2017.06.27 13:25:13.497,1.54783,1.548,1.00,1.00
2017.06.27 13:25:13.953,1.54782,1.54806,1.00,1.00
2017.06.27 13:25:14.127,1.54782,1.54806,1.00,1.60
2017.06.27 13:25:14.380,1.54782,1.54807,1.00,1.60
2017.06.27 13:25:14.582,1.54784,1.54808,1.00,2.10
2017.06.27 13:25:15.398,1.54783,1.54807,1.00,1.60
2017.06.27 13:25:15.703,1.54783,1.54801,1.00,1.00
2017.06.27 13:25:16.341,1.54784,1.54801,1.00,1.00
2017.06.27 13:25:16.799,1.54784,1.54808,1.00,2.10
2017.06.27 13:25:17.319,1.54783,1.54808,1.00,2.10
2017.06.27 13:25:17.899,1.54783,1.54808,1.00,1.35
2017.06.27 13:25:18.153,1.54781,1.548,1.00,1.00
2017.06.27 13:25:18.456,1.54785,1.548,1.00,1.00
2017.06.27 13:25:18.558,1.54781,1.548,1.00,1.00
2017.06.27 13:25:19.156,1.54782,1.548,1.00,1.00
2017.06.27 13:25:19.662,1.54783,1.548,1.00,1.00
2017.06.27 13:25:20.154,1.54777,1.548,1.50,2.10
2017.06.27 13:25:20.205,1.54771,1.54794,1.00,1.00
2017.06.27 13:25:20.256,1.54769,1.54791,1.00,1.00
2017.06.27 13:25:20.800,1.5477,1.54791,1.00,1.00
2017.06.27 13:25:21.145,1.54783,1.54791,1.00,1.00
2017.06.27 13:25:21.377,1.54805,1.54825,1.07,1.12
2017.06.27 13:25:21.428,1.54816,1.54835,1.00,1.00
2017.06.27 13:25:21.479,1.54822,1.54842,1.00,1.37
2017.06.27 13:25:21.530,1.54822,1.54845,1.00,1.00
2017.06.27 13:25:21.631,1.54816,1.54848,1.00,2.32
2017.06.27 13:25:21.682,1.54813,1.54844,1.00,1.00
2017.06.27 13:25:21.733,1.54812,1.54843,1.00,2.02
2017.06.27 13:25:21.784,1.54803,1.54842,1.50,1.57
2017.06.27 13:25:21.835,1.54801,1.54842,1.50,1.67
2017.06.27 13:25:21.937,1.54801,1.54839,1.50,1.07
2017.06.27 13:25:22.279,1.54806,1.54839,1.00,1.70
2017.06.27 13:25:22.331,1.54804,1.54839,1.00,1.67
2017.06.27 13:25:22.419,1.54804,1.54828,1.00,1.00
2017.06.27 13:25:22.723,1.54802,1.54828,1.00,1.00
2017.06.27 13:25:22.824,1.548,1.54828,1.00,1.00
2017.06.27 13:25:22.975,1.54802,1.54828,1.00,1.00
2017.06.27 13:25:23.077,1.548,1.54828,1.00,1.00
2017.06.27 13:25:23.128,1.548,1.54826,1.00,1.00
2017.06.27 13:25:23.633,1.54797,1.54826,1.00,1.00
2017.06.27 13:25:24.129,1.54795,1.54826,1.00,1.00
2017.06.27 13:25:24.180,1.54795,1.54822,1.00,1.00
2017.06.27 13:25:24.660,1.54793,1.54822,1.10,1.00
2017.06.27 13:25:24.863,1.54795,1.54822,1.00,1.00
2017.06.27 13:25:25.404,1.54792,1.54822,1.00,1.00
2017.06.27 13:25:25.456,1.54789,1.54818,1.00,1.00
2017.06.27 13:25:25.608,1.54784,1.54815,1.00,1.00
2017.06.27 13:25:26.111,1.54783,1.54815,1.50,1.00
2017.06.27 13:25:26.162,1.54785,1.54815,1.00,1.00
2017.06.27 13:25:26.213,1.54784,1.54821,1.00,2.92
2017.06.27 13:25:26.638,1.54786,1.54817,1.00,1.00
2017.06.27 13:25:26.689,1.54784,1.54817,1.00,1.00
2017.06.27 13:25:26.941,1.54784,1.54813,1.00,1.00
2017.06.27 13:25:27.594,1.54783,1.54813,1.50,1.00
2017.06.27 13:25:28.098,1.54782,1.54812,1.00,1.00
2017.06.27 13:25:28.708,1.54783,1.54812,1.00,1.00
2017.06.27 13:25:29.329,1.54782,1.54812,1.00,1.00
2017.06.27 13:25:29.380,1.5478,1.54812,1.00,1.50
2017.06.27 13:25:30.067,1.54782,1.54812,1.00,1.50
2017.06.27 13:25:30.372,1.5478,1.5481,1.50,1.00
2017.06.27 13:25:30.691,1.54782,1.5481,1.00,1.00
2017.06.27 13:25:30.958,1.5478,1.5481,1.50,1.00
2017.06.27 13:25:31.110,1.54782,1.5481,1.00,1.00
2017.06.27 13:25:31.628,1.54781,1.54814,1.00,1.12
2017.06.27 13:25:32.157,1.54781,1.54813,1.00,1.00
2017.06.27 13:25:32.670,1.54782,1.54813,1.00,1.00
2017.06.27 13:25:32.965,1.54782,1.54808,1.50,1.00
2017.06.27 13:25:38.932,1.54781,1.54816,1.00,1.80
2017.06.27 13:25:39.687,1.5478,1.54815,1.00,1.70
2017.06.27 13:25:39.738,1.5478,1.54815,1.00,1.70
2017.06.27 13:25:39.789,1.54783,1.54815,1.00,1.60
2017.06.27 13:25:40.159,1.54782,1.54809,1.50,1.00
2017.06.27 13:25:40.531,1.54785,1.54811,1.00,1.00
2017.06.27 13:25:41.041,1.54784,1.54811,1.50,1.00
2017.06.27 13:25:41.565,1.54785,1.54811,1.50,1.00
2017.06.27 13:25:42.807,1.54787,1.54811,1.00,1.00
2017.06.27 13:25:42.925,1.54784,1.54818,1.00,1.60
2017.06.27 13:25:43.128,1.54786,1.54818,1.00,1.60
2017.06.27 13:25:43.471,1.54783,1.54816,1.00,1.60
2017.06.27 13:25:43.775,1.54786,1.54811,1.00,1.00
2017.06.27 13:25:44.134,1.54784,1.54808,1.00,1.00
2017.06.27 13:25:45.134,1.54785,1.54808,1.00,1.00
2017.06.27 13:25:46.215,1.54782,1.54808,1.50,1.00
2017.06.27 13:25:47.298,1.5478,1.54816,1.00,1.70
2017.06.27 13:25:48.045,1.54779,1.54816,1.00,1.67
2017.06.27 13:25:49.543,1.54783,1.54809,1.00,1.00
2017.06.27 13:25:49.849,1.54786,1.54811,1.50,1.00
2017.06.27 13:25:53.330,1.54786,1.54809,1.00,1.00
2017.06.27 13:25:54.701,1.54786,1.54817,1.60,1.00
2017.06.27 13:25:54.752,1.54787,1.54819,1.05,1.00
2017.06.27 13:25:54.802,1.54788,1.54824,1.67,1.00
2017.06.27 13:25:54.853,1.54792,1.54817,1.67,1.00
2017.06.27 13:25:54.955,1.54798,1.54822,1.60,1.00
2017.06.27 13:25:55.006,1.54804,1.54829,1.00,1.00
2017.06.27 13:25:55.057,1.54802,1.54825,1.00,1.00
2017.06.27 13:25:56.400,1.548,1.54825,1.00,1.00
2017.06.27 13:25:59.055,1.54801,1.54826,1.00,1.00
2017.06.27 13:26:00.429,1.54801,1.54825,1.00,1.00
2017.06.27 13:26:01.912,1.54798,1.54833,1.00,1.35
2017.06.27 13:26:02.492,1.54799,1.54833,1.00,1.35
2017.06.27 13:26:03.011,1.548,1.54833,1.00,1.35
2017.06.27 13:26:03.423,1.54795,1.54833,2.25,2.55
2017.06.27 13:26:03.473,1.54792,1.54827,1.50,1.60
2017.06.27 13:26:03.525,1.54801,1.54825,1.00,1.60
2017.06.27 13:26:03.576,1.54797,1.54822,1.00,1.00
2017.06.27 13:26:03.760,1.54791,1.54829,1.12,1.42
2017.06.27 13:26:03.811,1.54797,1.54831,1.00,1.57
2017.06.27 13:26:04.115,1.548,1.54825,1.00,1.00
2017.06.27 13:26:04.873,1.54802,1.54825,1.00,1.00
2017.06.27 13:26:07.131,1.54801,1.54824,1.00,1.00
2017.06.27 13:26:07.537,1.54799,1.54824,1.00,1.00
2017.06.27 13:26:08.048,1.54795,1.54829,1.00,1.67
2017.06.27 13:26:08.555,1.54796,1.54826,1.00,1.42
2017.06.27 13:26:09.195,1.54796,1.54825,1.00,1.00
2017.06.27 13:26:10.463,1.54795,1.54825,1.00,1.00
2017.06.27 13:26:10.513,1.54794,1.54825,1.00,1.60
2017.06.27 13:26:10.615,1.54794,1.54826,1.00,1.60
2017.06.27 13:26:10.868,1.54794,1.54826,1.00,1.60
2017.06.27 13:26:11.247,1.54798,1.54825,1.00,1.60
2017.06.27 13:26:11.903,1.54797,1.54825,1.00,1.60
2017.06.27 13:26:12.550,1.54798,1.54819,1.00,1.00
2017.06.27 13:26:12.652,1.54795,1.54819,1.00,1.00
2017.06.27 13:26:12.964,1.54793,1.54816,1.50,1.00
2017.06.27 13:26:13.909,1.5479,1.5482,1.00,1.35
2017.06.27 13:26:14.557,1.5479,1.54811,1.00,1.00
2017.06.27 13:26:15.222,1.54789,1.54811,1.00,1.00
2017.06.27 13:26:15.756,1.5479,1.54811,1.00,1.00
2017.06.27 13:26:15.807,1.54788,1.54811,1.00,1.00
2017.06.27 13:26:15.859,1.54788,1.54809,1.00,2.92
2017.06.27 13:26:15.910,1.54788,1.54807,1.00,1.00
2017.06.27 13:26:15.961,1.54784,1.54804,1.00,1.00
2017.06.27 13:26:16.012,1.54786,1.54798,1.00,1.00
2017.06.27 13:26:16.114,1.54791,1.54816,1.00,1.10
2017.06.27 13:26:16.165,1.54789,1.54816,1.00,1.70
2017.06.27 13:26:16.418,1.54782,1.54816,1.00,1.00
2017.06.27 13:26:16.469,1.5478,1.54817,1.00,1.35
2017.06.27 13:26:16.571,1.54788,1.54817,1.00,1.35
2017.06.27 13:26:16.910,1.54788,1.54812,1.00,1.00
2017.06.27 13:26:16.961,1.54788,1.54815,1.00,1.35
2017.06.27 13:26:17.012,1.54786,1.54812,1.50,1.00
2017.06.27 13:26:17.519,1.54786,1.54812,1.00,1.60
2017.06.27 13:26:18.039,1.54781,1.54816,1.57,1.60
2017.06.27 13:26:18.453,1.54787,1.54817,1.00,1.72
2017.06.27 13:26:18.797,1.54785,1.54816,1.00,1.60
2017.06.27 13:26:19.668,1.54784,1.54816,1.00,1.60
2017.06.27 13:26:19.719,1.54786,1.54816,1.00,2.10
2017.06.27 13:26:19.826,1.54784,1.54816,1.00,2.10
2017.06.27 13:26:20.505,1.54785,1.54816,1.00,1.60
2017.06.27 13:26:21.048,1.54785,1.54816,1.00,1.00
2017.06.27 13:26:21.099,1.54787,1.54816,1.00,1.00
2017.06.27 13:26:21.425,1.5479,1.54814,1.00,1.00
2017.06.27 13:26:21.759,1.54792,1.54814,1.00,1.00
2017.06.27 13:26:22.320,1.54791,1.54814,1.50,1.00
2017.06.27 13:26:22.892,1.5479,1.54812,1.50,1.00
2017.06.27 13:26:23.128,1.54788,1.54812,1.50,1.00
2017.06.27 13:26:23.332,1.54789,1.5481,1.00,1.00
2017.06.27 13:26:23.433,1.54787,1.5481,1.00,1.00
2017.06.27 13:26:23.535,1.54788,1.54812,1.00,1.00
2017.06.27 13:26:24.385,1.54787,1.54811,1.00,1.00
2017.06.27 13:26:27.978,1.54787,1.54809,1.00,1.00
2017.06.27 13:26:29.060,1.54772,1.54813,2.17,1.60
2017.06.27 13:26:29.161,1.54773,1.54812,1.80,1.60
2017.06.27 13:26:29.642,1.54773,1.54812,1.42,1.60
2017.06.27 13:26:29.848,1.54774,1.54813,1.07,1.60
2017.06.27 13:26:29.949,1.54777,1.54814,1.07,1.00
2017.06.27 13:26:30.000,1.54786,1.54809,1.00,1.00
2017.06.27 13:26:30.051,1.54787,1.54812,1.00,1.00
2017.06.27 13:26:30.379,1.54795,1.54817,1.00,1.00
2017.06.27 13:26:30.430,1.54797,1.54821,1.00,1.00
2017.06.27 13:26:30.532,1.54805,1.54827,1.00,1.07
2017.06.27 13:26:31.429,1.54805,1.54827,1.00,1.67
2017.06.27 13:26:31.480,1.548,1.54822,1.00,1.00
2017.06.27 13:26:31.582,1.54798,1.54822,1.00,1.00
2017.06.27 13:26:31.633,1.54796,1.54818,1.00,1.00
2017.06.27 13:26:31.986,1.54793,1.54819,1.00,1.00
2017.06.27 13:26:32.971,1.54792,1.54819,1.00,1.10
2017.06.27 13:26:33.079,1.54787,1.54824,1.00,1.05
2017.06.27 13:26:33.181,1.54785,1.54825,1.00,1.80
2017.06.27 13:26:33.231,1.54794,1.54826,1.00,3.07
2017.06.27 13:26:33.446,1.54785,1.54822,1.87,1.07
2017.06.27 13:26:33.497,1.54787,1.54822,2.47,1.10
2017.06.27 13:26:33.801,1.54804,1.54831,1.00,1.00
2017.06.27 13:26:34.660,1.54804,1.54829,1.00,1.00
2017.06.27 13:26:34.881,1.54802,1.54829,1.00,1.00
2017.06.27 13:26:34.982,1.54802,1.54827,1.00,1.00
2017.06.27 13:26:35.542,1.54802,1.54829,1.00,1.00
2017.06.27 13:26:35.873,1.54803,1.54827,1.00,1.00
2017.06.27 13:26:36.401,1.54802,1.54827,1.00,1.00
2017.06.27 13:26:36.757,1.54799,1.54827,1.00,1.00
2017.06.27 13:26:36.858,1.54799,1.54825,1.00,1.00
2017.06.27 13:26:37.171,1.54801,1.54825,1.00,1.00
2017.06.27 13:26:37.276,1.54801,1.54832,1.00,1.60
2017.06.27 13:26:38.043,1.54801,1.5483,1.00,1.00
2017.06.27 13:26:38.144,1.54801,1.54824,1.00,1.00
2017.06.27 13:26:38.664,1.54802,1.54824,1.00,1.00
2017.06.27 13:26:39.499,1.54803,1.54824,1.00,1.00
2017.06.27 13:26:39.635,1.54803,1.5483,1.00,1.00
2017.06.27 13:26:39.948,1.54801,1.5483,1.00,1.00
2017.06.27 13:26:40.369,1.54801,1.54826,1.00,1.00
2017.06.27 13:26:40.879,1.54801,1.5483,1.00,1.00
2017.06.27 13:26:42.335,1.548,1.5483,1.00,1.00
2017.06.27 13:26:42.516,1.54799,1.54823,1.00,1.00
2017.06.27 13:26:43.087,1.548,1.54823,1.50,1.00
2017.06.27 13:26:43.441,1.54802,1.54823,1.00,1.00
2017.06.27 13:26:44.700,1.54801,1.54823,1.00,1.00
2017.06.27 13:26:45.237,1.54802,1.54823,1.00,1.00
2017.06.27 13:26:45.925,1.54801,1.54823,1.00,1.00
2017.06.27 13:26:46.077,1.54803,1.54826,1.00,1.00
2017.06.27 13:26:46.179,1.54803,1.54835,1.00,2.55
2017.06.27 13:26:46.230,1.54803,1.5483,1.00,1.00
2017.06.27 13:26:46.497,1.54793,1.54827,1.50,1.35
2017.06.27 13:26:46.699,1.54793,1.54828,1.57,1.60
2017.06.27 13:26:46.801,1.54793,1.54828,1.57,1.60
2017.06.27 13:26:47.304,1.54793,1.54828,1.57,1.60
2017.06.27 13:26:47.661,1.54799,1.54828,1.00,1.60
2017.06.27 13:26:48.006,1.54803,1.54823,1.00,1.00
2017.06.27 13:26:48.107,1.54805,1.54828,1.00,1.50
2017.06.27 13:26:48.314,1.54803,1.54828,1.00,1.50
2017.06.27 13:26:48.365,1.54805,1.54828,1.00,1.50
2017.06.27 13:26:48.881,1.54804,1.54829,1.00,1.00
2017.06.27 13:26:49.184,1.54805,1.54831,1.00,1.00
2017.06.27 13:26:49.538,1.54809,1.5483,1.00,1.00
2017.06.27 13:26:49.639,1.54813,1.54836,1.50,1.00
2017.06.27 13:26:49.690,1.54814,1.54838,1.00,1.00
2017.06.27 13:26:49.842,1.54812,1.54838,1.00,1.00
2017.06.27 13:26:50.044,1.54812,1.5484,1.00,1.00
2017.06.27 13:26:50.151,1.54814,1.5484,1.00,1.00
2017.06.27 13:26:50.582,1.54817,1.5484,1.00,1.00
2017.06.27 13:26:50.683,1.54812,1.54837,1.50,1.00
2017.06.27 13:26:50.784,1.54811,1.54834,1.50,1.00
2017.06.27 13:26:51.091,1.54815,1.54838,1.00,1.00
2017.06.27 13:26:51.596,1.54816,1.54838,1.50,1.00
2017.06.27 13:26:51.798,1.54825,1.54849,1.00,1.00
2017.06.27 13:26:51.900,1.54825,1.54853,1.00,1.00
2017.06.27 13:26:51.951,1.54821,1.54854,1.50,1.10
2017.06.27 13:26:52.204,1.54821,1.54853,1.50,1.07
2017.06.27 13:26:52.530,1.54826,1.54854,1.00,1.42
2017.06.27 13:26:53.053,1.54825,1.5485,1.00,1.00
2017.06.27 13:26:53.670,1.54826,1.5485,1.00,1.00
2017.06.27 13:26:54.224,1.54827,1.5485,1.00,1.00
2017.06.27 13:26:54.534,1.5483,1.54851,1.00,1.00
2017.06.27 13:26:54.585,1.5483,1.54854,1.00,1.00
2017.06.27 13:26:54.838,1.54832,1.54854,1.00,1.00
2017.06.27 13:26:54.889,1.5483,1.54854,1.00,1.00
2017.06.27 13:26:55.048,1.54832,1.54854,1.00,1.00
2017.06.27 13:26:55.638,1.54831,1.54854,1.00,1.00
2017.06.27 13:26:55.841,1.54822,1.54846,1.00,1.00
2017.06.27 13:26:55.892,1.54817,1.5484,1.12,1.00
2017.06.27 13:26:56.449,1.54819,1.5484,1.00,1.00
2017.06.27 13:26:57.000,1.54819,1.54849,1.00,1.00
2017.06.27 13:26:57.310,1.54819,1.54846,1.00,1.00
2017.06.27 13:26:57.412,1.5482,1.54855,1.00,1.82
2017.06.27 13:26:57.463,1.54823,1.54856,1.00,1.82
2017.06.27 13:26:57.565,1.54825,1.54858,1.00,1.67
2017.06.27 13:26:57.616,1.54826,1.54849,1.00,1.00
2017.06.27 13:26:57.717,1.54826,1.54853,1.00,1.00
2017.06.27 13:26:57.919,1.54828,1.54853,1.00,1.00
2017.06.27 13:26:58.406,1.54831,1.54854,1.00,1.00
2017.06.27 13:26:58.892,1.54831,1.54861,1.00,1.60
2017.06.27 13:26:59.412,1.5483,1.54859,1.00,1.35
2017.06.27 13:26:59.463,1.54828,1.54859,1.00,1.35
2017.06.27 13:26:59.514,1.54829,1.54858,1.00,1.60
2017.06.27 13:26:59.565,1.54826,1.54857,1.00,1.67
2017.06.27 13:26:59.868,1.54835,1.54859,1.00,1.00
2017.06.27 13:26:59.919,1.54833,1.54861,1.00,1.60
2017.06.27 13:27:00.020,1.54825,1.54861,1.57,1.00
2017.06.27 13:27:00.071,1.54833,1.54861,1.00,1.00
2017.06.27 13:27:00.742,1.54833,1.54863,1.00,1.60
2017.06.27 13:27:01.356,1.54833,1.54863,1.00,1.60
2017.06.27 13:27:01.407,1.54825,1.54863,1.50,2.85
2017.06.27 13:27:01.458,1.54831,1.54862,1.00,2.17
2017.06.27 13:27:02.009,1.54831,1.54863,1.00,2.55
2017.06.27 13:27:02.511,1.54832,1.54855,1.00,1.00
2017.06.27 13:27:02.562,1.54832,1.54859,1.00,1.35
2017.06.27 13:27:03.105,1.54833,1.5486,1.00,1.60
2017.06.27 13:27:05.100,1.54832,1.54859,1.00,1.00
2017.06.27 13:27:05.603,1.54833,1.54859,1.00,1.00
2017.06.27 13:27:05.704,1.54827,1.54849,1.00,1.00
2017.06.27 13:27:05.856,1.54822,1.54847,1.00,1.00
2017.06.27 13:27:07.040,1.54822,1.54846,1.00,1.00
2017.06.27 13:27:07.828,1.5482,1.5485,1.00,1.70
2017.06.27 13:27:08.981,1.54821,1.54845,1.00,1.00
2017.06.27 13:27:10.808,1.5482,1.54844,1.00,1.00
2017.06.27 13:27:10.935,1.5482,1.54846,1.00,1.50
2017.06.27 13:27:11.523,1.54819,1.54843,1.50,1.00
2017.06.27 13:27:12.016,1.5482,1.54846,1.00,1.10
2017.06.27 13:27:12.117,1.54822,1.54846,1.00,1.00
2017.06.27 13:27:12.624,1.54823,1.54846,1.00,1.00
2017.06.27 13:27:12.674,1.54825,1.54849,1.00,1.50
2017.06.27 13:27:13.702,1.54827,1.54851,1.00,1.00
2017.06.27 13:27:14.120,1.54825,1.5485,1.00,1.00
2017.06.27 13:27:15.602,1.54826,1.5485,1.00,1.00
2017.06.27 13:27:16.296,1.54826,1.54849,1.00,1.00
2017.06.27 13:27:17.345,1.54825,1.54857,1.00,2.10
2017.06.27 13:27:17.507,1.54825,1.54853,1.00,1.00
2017.06.27 13:27:17.773,1.54827,1.5486,1.00,1.42
2017.06.27 13:27:17.824,1.54835,1.54858,1.00,1.00
2017.06.27 13:27:17.975,1.54836,1.54862,1.00,1.10
2017.06.27 13:27:18.077,1.54838,1.54862,1.00,1.00
2017.06.27 13:27:18.354,1.54838,1.5487,1.00,1.05
2017.06.27 13:27:19.080,1.54838,1.54869,1.00,1.37
2017.06.27 13:27:19.233,1.54838,1.54862,1.00,1.00
2017.06.27 13:27:19.486,1.54836,1.54862,1.00,1.00
2017.06.27 13:27:20.330,1.54836,1.5486,1.50,1.00
2017.06.27 13:27:20.700,1.54832,1.54858,1.00,1.00
2017.06.27 13:27:21.206,1.5483,1.54863,1.00,1.57
2017.06.27 13:27:21.707,1.5483,1.54856,1.00,1.00
2017.06.27 13:27:22.010,1.54827,1.54853,1.00,1.00
2017.06.27 13:27:22.361,1.54832,1.54858,1.00,1.00
2017.06.27 13:27:23.533,1.54835,1.54858,1.00,1.00
2017.06.27 13:27:24.122,1.54835,1.54857,1.00,1.00
2017.06.27 13:27:24.224,1.54833,1.54857,1.00,1.00
2017.06.27 13:27:24.433,1.54832,1.5486,1.00,1.00
2017.06.27 13:27:24.486,1.54829,1.5486,1.00,1.87
2017.06.27 13:27:24.537,1.54829,1.54855,1.50,1.00
2017.06.27 13:27:24.891,1.54831,1.54856,1.00,1.00
2017.06.27 13:27:25.440,1.5483,1.54853,1.00,1.00
2017.06.27 13:27:25.991,1.54831,1.54853,1.00,1.00
2017.06.27 13:27:26.320,1.54833,1.54854,1.00,1.00
2017.06.27 13:27:27.647,1.54835,1.54864,1.00,1.72
2017.06.27 13:27:28.737,1.54834,1.54864,1.00,1.80
2017.06.27 13:27:29.153,1.54835,1.54864,1.00,1.80
2017.06.27 13:27:29.204,1.54832,1.54862,1.00,1.60
2017.06.27 13:27:29.438,1.54843,1.54859,1.00,1.00
2017.06.27 13:27:29.590,1.54842,1.54867,1.00,1.75
2017.06.27 13:27:29.774,1.54837,1.54869,1.00,1.35
2017.06.27 13:27:29.978,1.54843,1.5487,1.00,1.60
2017.06.27 13:27:30.331,1.54836,1.54871,1.50,2.10
2017.06.27 13:27:30.382,1.54838,1.54871,1.50,2.10
2017.06.27 13:27:30.712,1.54844,1.5487,1.00,1.60
2017.06.27 13:27:30.864,1.54833,1.54866,1.47,1.00
2017.06.27 13:27:31.133,1.54831,1.54864,1.20,1.00
2017.06.27 13:27:31.436,1.5483,1.54864,1.10,1.00
2017.06.27 13:27:31.487,1.54836,1.54862,1.00,1.00
2017.06.27 13:27:31.789,1.54836,1.5486,1.00,1.00
2017.06.27 13:27:32.282,1.54826,1.54861,1.10,1.00
2017.06.27 13:27:32.526,1.54828,1.54861,1.00,1.00
2017.06.27 13:27:32.870,1.54839,1.54862,1.00,1.00
2017.06.27 13:27:33.022,1.54833,1.5487,1.00,1.57
2017.06.27 13:27:33.349,1.54833,1.54864,1.00,1.00
2017.06.27 13:27:33.875,1.54839,1.54863,1.00,1.00
2017.06.27 13:27:34.301,1.54839,1.54865,1.00,1.00
2017.06.27 13:27:35.230,1.54839,1.54866,1.00,1.50
2017.06.27 13:27:35.332,1.54837,1.54865,1.00,1.00
2017.06.27 13:27:35.484,1.54834,1.54865,1.00,1.00
2017.06.27 13:27:35.775,1.54835,1.54862,1.00,1.00
2017.06.27 13:27:36.338,1.54835,1.54863,1.00,1.00
2017.06.27 13:27:36.817,1.54839,1.54862,1.00,1.00
2017.06.27 13:27:37.120,1.54838,1.5486,1.00,1.00
2017.06.27 13:27:37.645,1.54838,1.54859,1.00,1.00
2017.06.27 13:27:37.852,1.54836,1.54859,1.00,1.00
2017.06.27 13:27:38.500,1.54836,1.54861,1.00,1.00
2017.06.27 13:27:39.059,1.54836,1.5486,1.00,1.00
2017.06.27 13:27:39.631,1.54836,1.54863,1.00,1.50
2017.06.27 13:27:40.166,1.54837,1.54862,1.00,1.00
2017.06.27 13:27:40.624,1.54837,1.54864,1.00,1.50
2017.06.27 13:27:41.222,1.54837,1.54863,1.00,1.00
2017.06.27 13:27:41.666,1.54839,1.54861,1.00,1.00
2017.06.27 13:27:41.767,1.54837,1.54861,1.00,1.00
2017.06.27 13:27:41.919,1.54839,1.54862,1.00,1.00
2017.06.27 13:27:42.433,1.54839,1.54863,1.00,1.00
2017.06.27 13:27:42.974,1.5484,1.54863,1.00,1.00
2017.06.27 13:27:43.499,1.5484,1.54862,1.00,1.00
2017.06.27 13:27:43.878,1.5484,1.54864,1.00,1.00
2017.06.27 13:27:43.929,1.5484,1.54866,1.00,1.00
2017.06.27 13:27:44.175,1.54843,1.54866,1.00,1.00
2017.06.27 13:27:44.830,1.54843,1.54865,1.00,1.00
2017.06.27 13:27:45.336,1.54842,1.54866,1.00,1.00
2017.06.27 13:27:45.675,1.54842,1.54868,1.00,1.00
2017.06.27 13:27:45.827,1.54847,1.5487,1.00,1.00
2017.06.27 13:27:46.139,1.54847,1.54867,1.00,1.00
2017.06.27 13:27:46.342,1.54842,1.54868,1.00,1.00
2017.06.27 13:27:46.845,1.54842,1.54867,1.00,1.00
2017.06.27 13:27:46.997,1.54844,1.54867,1.00,1.00
2017.06.27 13:27:47.534,1.54845,1.54868,1.00,1.00
2017.06.27 13:27:48.052,1.54844,1.54868,1.00,1.00
2017.06.27 13:27:48.356,1.54844,1.5487,1.00,1.00
2017.06.27 13:27:48.407,1.54848,1.54869,1.00,1.00
2017.06.27 13:27:48.913,1.54848,1.5487,1.00,1.00
2017.06.27 13:27:49.014,1.54848,1.54873,1.00,1.10
2017.06.27 13:27:49.239,1.54845,1.54871,1.00,1.00
2017.06.27 13:27:49.505,1.54845,1.54867,1.00,1.00
2017.06.27 13:27:49.808,1.54845,1.54865,1.00,1.00
2017.06.27 13:27:50.477,1.54835,1.54865,1.00,1.00
2017.06.27 13:27:50.907,1.54832,1.54865,1.35,1.00
2017.06.27 13:27:51.735,1.5483,1.54866,2.55,1.00
2017.06.27 13:27:52.124,1.54841,1.54865,1.00,1.00
2017.06.27 13:27:52.830,1.54841,1.54864,1.00,1.00
2017.06.27 13:27:53.411,1.54841,1.54865,1.00,1.00
2017.06.27 13:27:53.947,1.54841,1.54864,1.00,1.00
2017.06.27 13:27:54.318,1.54841,1.54866,1.00,1.00
2017.06.27 13:27:54.650,1.54841,1.54865,1.00,1.60
2017.06.27 13:27:54.701,1.54837,1.54858,1.00,1.00
2017.06.27 13:27:54.882,1.54834,1.54855,1.00,1.00
2017.06.27 13:27:55.034,1.54821,1.54854,1.12,1.00
2017.06.27 13:27:55.438,1.5482,1.54855,1.37,1.00
2017.06.27 13:27:55.769,1.54832,1.54855,1.00,1.00
2017.06.27 13:27:56.086,1.54836,1.54855,1.00,1.00
2017.06.27 13:27:56.626,1.54834,1.54855,1.00,1.00
2017.06.27 13:27:57.154,1.54834,1.54854,1.00,1.00
2017.06.27 13:27:57.729,1.54834,1.54856,1.00,1.00
2017.06.27 13:27:58.439,1.54832,1.54852,1.00,1.00
2017.06.27 13:27:58.490,1.5483,1.54852,1.00,1.00
2017.06.27 13:27:58.540,1.54833,1.54852,1.00,1.00
2017.06.27 13:27:59.054,1.54833,1.54855,1.00,1.00
2017.06.27 13:27:59.603,1.54833,1.54854,1.00,1.00
2017.06.27 13:27:59.952,1.54833,1.54857,1.00,1.00
2017.06.27 13:28:00.235,1.54825,1.54857,1.95,1.00
2017.06.27 13:28:00.290,1.54825,1.54858,1.45,1.00
2017.06.27 13:28:00.444,1.54829,1.54868,1.20,1.00
2017.06.27 13:28:00.495,1.5483,1.5487,1.80,1.00
2017.06.27 13:28:00.799,1.54826,1.54865,1.80,1.50
2017.06.27 13:28:01.101,1.54826,1.54857,1.80,1.00
2017.06.27 13:28:01.614,1.54825,1.54857,2.17,1.00
2017.06.27 13:28:01.790,1.54837,1.54857,1.00,1.00
2017.06.27 13:28:02.327,1.54836,1.54856,1.00,1.00
2017.06.27 13:28:02.617,1.54832,1.54856,1.00,1.00
2017.06.27 13:28:02.869,1.54832,1.54854,1.00,1.00
2017.06.27 13:28:03.373,1.54832,1.54855,1.00,1.00
2017.06.27 13:28:04.363,1.54832,1.54854,1.00,1.00
2017.06.27 13:28:04.616,1.54819,1.54854,2.55,1.00
2017.06.27 13:28:05.169,1.54819,1.54853,1.80,1.00
2017.06.27 13:28:05.494,1.54819,1.54853,1.05,1.00
2017.06.27 13:28:05.595,1.54819,1.54853,1.05,1.00
2017.06.27 13:28:06.109,1.54819,1.54854,1.80,1.00
2017.06.27 13:28:06.617,1.54819,1.54854,1.05,1.00
2017.06.27 13:28:06.668,1.54819,1.54854,1.37,1.00
2017.06.27 13:28:06.955,1.54819,1.54855,1.05,1.00
2017.06.27 13:28:07.502,1.54832,1.54855,1.00,1.50
2017.06.27 13:28:08.698,1.54832,1.54854,1.00,1.00
2017.06.27 13:28:10.242,1.5483,1.54854,1.00,1.00
2017.06.27 13:28:10.806,1.54829,1.54853,1.00,1.00
2017.06.27 13:28:11.313,1.54829,1.54852,1.00,1.00
2017.06.27 13:28:12.188,1.54829,1.54853,1.00,1.50
2017.06.27 13:28:12.290,1.54829,1.54851,1.00,1.50
2017.06.27 13:28:13.409,1.54819,1.54858,2.55,1.00
2017.06.27 13:28:13.967,1.54821,1.5486,1.20,1.60
2017.06.27 13:28:14.503,1.54821,1.5486,1.20,1.60
2017.06.27 13:28:15.098,1.5483,1.54854,1.00,1.00
2017.06.27 13:28:15.757,1.54821,1.54862,1.80,2.10
2017.06.27 13:28:16.306,1.5483,1.54854,1.00,1.00
2017.06.27 13:28:17.254,1.54824,1.54861,1.07,1.60
2017.06.27 13:28:19.426,1.54824,1.54861,1.07,1.60
2017.06.27 13:28:19.962,1.54824,1.54862,1.07,1.60
2017.06.27 13:28:21.180,1.54824,1.54862,1.07,1.60
2017.06.27 13:28:22.074,1.54824,1.54861,1.07,1.80
2017.06.27 13:28:22.125,1.54829,1.54852,1.00,1.00
2017.06.27 13:28:22.910,1.54831,1.54852,1.00,1.00
2017.06.27 13:28:23.420,1.54828,1.54852,1.00,1.00
2017.06.27 13:28:26.246,1.54824,1.54854,1.00,1.00
2017.06.27 13:28:26.669,1.54829,1.54855,1.00,1.50
2017.06.27 13:28:27.301,1.54828,1.54854,1.00,1.50
2017.06.27 13:28:27.891,1.54828,1.54854,1.07,1.00
2017.06.27 13:28:27.942,1.54825,1.54856,1.05,1.00
2017.06.27 13:28:28.379,1.54826,1.54857,1.05,1.00
2017.06.27 13:28:28.914,1.54827,1.54857,1.05,1.00
2017.06.27 13:28:29.066,1.54826,1.54859,1.05,1.00
2017.06.27 13:28:29.117,1.54825,1.54859,1.05,1.00
2017.06.27 13:28:29.168,1.54825,1.54857,1.05,1.00
2017.06.27 13:28:29.732,1.54826,1.54857,1.37,1.00
2017.06.27 13:28:30.253,1.54826,1.54858,1.37,1.00
2017.06.27 13:28:30.660,1.54834,1.5486,1.00,1.50
2017.06.27 13:28:31.203,1.54834,1.54859,1.00,1.00
2017.06.27 13:28:31.393,1.54826,1.54859,1.05,1.00
2017.06.27 13:28:32.213,1.54826,1.54859,1.05,1.00
2017.06.27 13:28:32.314,1.54834,1.54859,1.00,1.00
2017.06.27 13:28:32.822,1.54834,1.54858,1.00,1.50
2017.06.27 13:28:33.854,1.54834,1.54857,1.00,1.00
2017.06.27 13:28:34.208,1.54824,1.54857,1.37,1.00
2017.06.27 13:28:34.468,1.54831,1.54856,1.00,1.00
2017.06.27 13:28:35.030,1.54831,1.54857,1.00,1.00
2017.06.27 13:28:35.628,1.54832,1.54858,1.00,1.50
2017.06.27 13:28:36.588,1.54832,1.54857,1.00,1.00
2017.06.27 13:28:37.217,1.54833,1.54857,1.00,1.00
2017.06.27 13:28:37.774,1.54832,1.54857,1.00,1.00
2017.06.27 13:28:38.485,1.54832,1.54858,1.00,1.50
2017.06.27 13:28:39.017,1.54831,1.54858,1.00,1.00
2017.06.27 13:28:41.694,1.54831,1.54857,1.00,1.00
2017.06.27 13:28:42.948,1.54826,1.54864,1.10,1.60
2017.06.27 13:28:43.156,1.54832,1.54856,1.00,1.00
2017.06.27 13:28:43.714,1.54831,1.54855,1.00,1.00
2017.06.27 13:28:44.259,1.54831,1.54856,1.00,1.50
2017.06.27 13:28:45.744,1.54833,1.54856,1.00,1.00
2017.06.27 13:28:46.988,1.54833,1.54856,1.60,1.00
2017.06.27 13:28:47.089,1.54836,1.54861,1.00,1.00
2017.06.27 13:28:48.123,1.5483,1.54862,1.67,1.00
2017.06.27 13:28:48.652,1.5483,1.54863,2.17,1.00
2017.06.27 13:28:49.170,1.5483,1.54862,1.67,1.00
2017.06.27 13:28:49.666,1.54829,1.54861,1.67,1.00
2017.06.27 13:28:49.717,1.54835,1.54858,1.00,1.00
2017.06.27 13:28:51.213,1.54835,1.5486,1.00,1.00
2017.06.27 13:28:53.961,1.54837,1.54859,1.00,1.00
2017.06.27 13:28:54.905,1.54838,1.54859,2.85,1.00
2017.06.27 13:28:55.085,1.54838,1.54863,1.35,1.00
2017.06.27 13:28:55.136,1.54841,1.54864,1.00,1.00
2017.06.27 13:28:56.115,1.54841,1.54865,1.00,1.00
2017.06.27 13:29:02.634,1.54833,1.54872,2.92,1.00
2017.06.27 13:29:02.849,1.54836,1.54859,2.10,1.00
2017.06.27 13:29:02.906,1.54838,1.54861,1.00,1.00
2017.06.27 13:29:03.007,1.54836,1.54859,1.00,1.00
2017.06.27 13:29:03.866,1.54835,1.54858,1.00,1.00
2017.06.27 13:29:04.930,1.54834,1.54857,1.00,1.00
2017.06.27 13:29:05.032,1.5483,1.54855,1.00,1.00
2017.06.27 13:29:05.537,1.54828,1.54853,1.00,1.00
2017.06.27 13:29:06.345,1.54831,1.54856,1.00,1.00
2017.06.27 13:29:06.648,1.54834,1.54857,1.00,1.00
2017.06.27 13:29:07.455,1.54835,1.54858,1.00,1.00
2017.06.27 13:29:09.120,1.54835,1.54857,1.00,1.00
2017.06.27 13:29:09.719,1.54835,1.54858,1.00,1.50
2017.06.27 13:29:10.022,1.54829,1.54864,2.17,1.00
2017.06.27 13:29:10.073,1.54829,1.54868,2.17,1.00
2017.06.27 13:29:10.155,1.54827,1.54868,1.80,1.00
2017.06.27 13:29:10.257,1.54828,1.54865,1.67,1.00
2017.06.27 13:29:10.307,1.54828,1.54868,1.67,1.50
2017.06.27 13:29:10.459,1.54828,1.54865,2.17,1.00
2017.06.27 13:29:10.560,1.54827,1.54865,1.67,1.50
2017.06.27 13:29:10.712,1.54827,1.54865,2.92,1.50
2017.06.27 13:29:11.016,1.54828,1.54859,2.17,1.00
2017.06.27 13:29:11.067,1.54829,1.54861,2.17,1.00
2017.06.27 13:29:11.596,1.54829,1.5486,2.17,1.00
2017.06.27 13:29:12.570,1.54829,1.54858,2.17,1.00
2017.06.27 13:29:12.672,1.54827,1.54857,1.67,1.00
2017.06.27 13:29:12.856,1.54837,1.54857,1.00,1.00
2017.06.27 13:29:12.907,1.54826,1.54857,1.60,1.00
2017.06.27 13:29:13.058,1.54827,1.54859,1.60,1.00
2017.06.27 13:29:13.210,1.54834,1.54859,1.00,1.00
2017.06.27 13:29:13.740,1.54834,1.54857,1.00,1.00
2017.06.27 13:29:13.892,1.54834,1.54859,1.00,1.00
2017.06.27 13:29:14.080,1.54827,1.54859,1.67,1.00
2017.06.27 13:29:14.232,1.54827,1.54858,1.67,1.00
2017.06.27 13:29:14.770,1.54826,1.54859,1.80,1.00
2017.06.27 13:29:15.374,1.54833,1.54858,1.00,1.00
2017.06.27 13:29:16.988,1.54833,1.54858,1.60,1.00
2017.06.27 13:29:17.280,1.54841,1.54873,1.60,1.00
2017.06.27 13:29:17.383,1.54841,1.54876,1.60,1.50
2017.06.27 13:29:17.485,1.54842,1.5488,2.17,1.50
2017.06.27 13:29:18.487,1.54849,1.54871,1.00,1.00
2017.06.27 13:29:19.050,1.54849,1.54872,1.00,1.00
2017.06.27 13:29:19.354,1.54847,1.5487,1.00,1.00
2017.06.27 13:29:20.038,1.54845,1.5487,1.00,1.50
2017.06.27 13:29:20.546,1.54846,1.54871,1.00,1.50
2017.06.27 13:29:21.139,1.54846,1.5487,1.00,1.00
2017.06.27 13:29:21.658,1.54846,1.54871,1.00,1.50
2017.06.27 13:29:22.225,1.54847,1.54871,1.00,1.50
2017.06.27 13:29:22.553,1.54847,1.54866,1.00,1.00
2017.06.27 13:29:22.604,1.54843,1.54868,1.35,1.50
2017.06.27 13:29:22.706,1.54843,1.54865,1.60,1.00
2017.06.27 13:29:22.757,1.54844,1.54869,1.35,1.00
2017.06.27 13:29:23.320,1.54844,1.54868,1.35,1.00
2017.06.27 13:29:23.843,1.54844,1.54867,1.00,1.00
2017.06.27 13:29:23.894,1.54844,1.54869,1.00,1.00
2017.06.27 13:29:24.300,1.54846,1.54869,2.10,1.00
2017.06.27 13:29:24.351,1.54847,1.54869,1.60,1.00
2017.06.27 13:29:24.503,1.54848,1.54881,1.60,1.50
2017.06.27 13:29:24.705,1.54853,1.54875,1.00,1.00
2017.06.27 13:29:25.604,1.54854,1.54876,1.00,1.00
2017.06.27 13:29:26.733,1.54848,1.54882,2.10,1.00
2017.06.27 13:29:27.098,1.54848,1.54877,1.60,1.00
2017.06.27 13:29:27.454,1.54854,1.54876,1.00,1.00
2017.06.27 13:29:30.435,1.54854,1.54875,1.00,1.00
2017.06.27 13:29:30.485,1.54852,1.54874,1.00,1.00
2017.06.27 13:29:30.536,1.54849,1.54872,1.00,1.00
2017.06.27 13:29:30.710,1.5485,1.54874,1.00,1.00
2017.06.27 13:29:31.600,1.5485,1.54875,1.35,1.00
2017.06.27 13:29:31.701,1.54855,1.54876,1.00,1.00
2017.06.27 13:29:31.802,1.54843,1.54875,1.70,1.00
2017.06.27 13:29:31.853,1.54844,1.54872,1.00,1.00
2017.06.27 13:29:31.983,1.54843,1.54881,1.00,1.50
2017.06.27 13:29:32.522,1.54844,1.5488,1.00,1.50
2017.06.27 13:29:32.744,1.54852,1.54874,1.00,1.00
2017.06.27 13:29:33.695,1.54854,1.54877,1.00,1.50
2017.06.27 13:29:34.048,1.54856,1.54877,1.00,1.00
2017.06.27 13:29:34.302,1.54853,1.54875,1.00,1.00
2017.06.27 13:29:34.394,1.54853,1.54872,1.00,1.00
2017.06.27 13:29:34.445,1.54853,1.54878,1.00,1.00
2017.06.27 13:29:34.597,1.54853,1.54876,1.00,1.00
2017.06.27 13:29:35.269,1.54853,1.54875,1.00,1.00
2017.06.27 13:29:35.732,1.54854,1.54877,1.00,1.50
2017.06.27 13:29:36.290,1.54854,1.54876,1.00,1.00
2017.06.27 13:29:36.870,1.54853,1.54876,1.00,1.50
2017.06.27 13:29:37.297,1.54856,1.54878,1.00,1.00
2017.06.27 13:29:37.398,1.54857,1.54881,1.00,1.50
2017.06.27 13:29:37.449,1.54857,1.54879,1.00,1.00
2017.06.27 13:29:37.976,1.54858,1.5488,1.00,1.00
2017.06.27 13:29:38.279,1.54857,1.54877,1.00,1.00
2017.06.27 13:29:38.458,1.54857,1.5488,1.00,1.00
2017.06.27 13:29:38.559,1.54856,1.54878,1.00,1.00
2017.06.27 13:29:39.061,1.54856,1.54877,1.00,1.00
2017.06.27 13:29:39.634,1.54856,1.54877,2.92,1.00
2017.06.27 13:29:39.685,1.54859,1.5488,2.17,1.00
2017.06.27 13:29:40.442,1.54859,1.54894,2.17,1.50
2017.06.27 13:29:40.618,1.54866,1.54888,1.00,1.50
2017.06.27 13:29:40.973,1.54866,1.54886,1.00,1.00
2017.06.27 13:29:41.024,1.54866,1.54888,1.00,1.00
2017.06.27 13:29:41.075,1.54863,1.54885,1.00,1.00
2017.06.27 13:29:41.379,1.54875,1.54893,1.67,1.75
2017.06.27 13:29:41.628,1.54885,1.54908,1.00,1.00
2017.06.27 13:29:41.780,1.54885,1.54905,1.00,1.00
2017.06.27 13:29:42.084,1.54875,1.54894,1.00,1.00
2017.06.27 13:29:42.135,1.54875,1.54896,1.00,1.00
2017.06.27 13:29:42.287,1.54873,1.54896,1.00,1.00
2017.06.27 13:29:42.440,1.54873,1.54896,1.07,1.00
2017.06.27 13:29:42.491,1.54874,1.54898,1.07,1.00
2017.06.27 13:29:42.997,1.54874,1.54898,1.00,1.50
2017.06.27 13:29:43.099,1.54867,1.54898,1.80,1.00
2017.06.27 13:29:43.201,1.5487,1.54897,2.55,1.00
2017.06.27 13:29:43.303,1.54881,1.54904,1.35,1.50
2017.06.27 13:29:43.405,1.54878,1.54909,1.67,1.12
2017.06.27 13:29:43.589,1.5488,1.54909,1.05,1.12
2017.06.27 13:29:43.842,1.54872,1.54912,1.67,2.25
2017.06.27 13:29:44.073,1.54872,1.54903,1.67,1.00
2017.06.27 13:29:44.600,1.54873,1.54903,1.70,1.00
2017.06.27 13:29:45.219,1.54872,1.54904,1.67,1.00
2017.06.27 13:29:45.530,1.54867,1.54901,2.55,1.00
2017.06.27 13:29:45.936,1.54875,1.54911,1.80,1.00
2017.06.27 13:29:45.987,1.54875,1.54914,1.80,1.50
2017.06.27 13:29:46.139,1.54874,1.54914,2.17,1.00
2017.06.27 13:29:46.392,1.54878,1.54913,1.80,1.50
2017.06.27 13:29:46.695,1.54899,1.54923,1.60,1.00
2017.06.27 13:29:46.845,1.54898,1.54926,1.60,1.00
2017.06.27 13:29:46.896,1.54898,1.54925,1.60,1.00
2017.06.27 13:29:47.149,1.549,1.54923,1.00,1.00
2017.06.27 13:29:47.555,1.549,1.54921,1.00,1.00
2017.06.27 13:29:47.606,1.54897,1.54919,1.00,1.00
2017.06.27 13:29:47.656,1.54895,1.54917,1.00,1.00
2017.06.27 13:29:48.162,1.54893,1.54917,1.00,1.00
2017.06.27 13:29:48.463,1.5489,1.54916,1.00,1.50
2017.06.27 13:29:48.564,1.54891,1.54914,1.00,1.00
2017.06.27 13:29:49.483,1.5489,1.54914,1.00,1.00
2017.06.27 13:29:50.065,1.54889,1.54913,1.00,1.00
2017.06.27 13:29:50.387,1.54888,1.5491,1.00,1.00
2017.06.27 13:29:50.540,1.54878,1.54921,2.85,2.70
2017.06.27 13:29:50.691,1.54878,1.54919,2.17,1.10
2017.06.27 13:29:50.822,1.54884,1.54921,1.00,1.20
2017.06.27 13:29:51.137,1.54885,1.54907,1.00,1.00
2017.06.27 13:29:52.069,1.5488,1.54918,1.00,1.07
2017.06.27 13:29:52.231,1.54878,1.54916,1.00,1.05
2017.06.27 13:29:52.332,1.54874,1.54913,1.00,1.20
2017.06.27 13:29:52.466,1.54877,1.54902,1.00,1.00
2017.06.27 13:29:52.821,1.5488,1.54904,1.00,1.00
2017.06.27 13:29:52.973,1.54875,1.54913,1.00,1.00
2017.06.27 13:29:53.024,1.54875,1.54911,1.00,1.00
2017.06.27 13:29:53.536,1.54876,1.54911,1.00,1.00
2017.06.27 13:29:53.968,1.54878,1.54911,1.00,1.00
2017.06.27 13:29:54.120,1.54879,1.54914,1.00,1.00
2017.06.27 13:29:54.424,1.54874,1.54914,1.67,1.00
2017.06.27 13:29:54.676,1.54874,1.54913,1.70,1.00
2017.06.27 13:29:54.819,1.54879,1.54918,1.42,1.00
2017.06.27 13:29:54.971,1.54882,1.54918,1.00,1.00
2017.06.27 13:29:55.173,1.54877,1.54919,2.17,1.00
2017.06.27 13:29:55.224,1.54882,1.54918,1.00,1.00
2017.06.27 13:29:55.527,1.54885,1.54919,1.00,1.00
2017.06.27 13:29:55.907,1.54885,1.54907,1.50,1.00
2017.06.27 13:29:56.059,1.54878,1.54902,1.00,1.00
2017.06.27 13:29:56.110,1.54876,1.54899,1.50,1.00
2017.06.27 13:29:56.212,1.54882,1.54907,1.00,1.00
2017.06.27 13:29:56.314,1.54885,1.54907,1.00,1.00
2017.06.27 13:29:56.365,1.54882,1.54907,1.00,1.00
2017.06.27 13:29:56.416,1.54886,1.54909,1.00,1.00
2017.06.27 13:29:56.567,1.54879,1.54914,1.00,1.57
2017.06.27 13:29:56.906,1.54882,1.54914,1.00,1.00
2017.06.27 13:29:57.432,1.54879,1.54915,2.10,1.00
2017.06.27 13:29:57.584,1.54878,1.54914,1.35,1.00
2017.06.27 13:29:57.634,1.54884,1.54908,1.00,1.00
2017.06.27 13:29:58.145,1.54887,1.5491,1.00,1.00
2017.06.27 13:29:58.196,1.5489,1.54914,1.00,1.00
2017.06.27 13:29:59.064,1.54888,1.54911,1.00,1.00
2017.06.27 13:29:59.435,1.54885,1.54909,1.00,1.00
2017.06.27 13:30:00.186,1.54886,1.54909,1.60,1.00
2017.06.27 13:30:00.526,1.54892,1.54909,1.67,1.00
2017.06.27 13:30:00.728,1.54894,1.54909,1.42,1.00
2017.06.27 13:30:00.779,1.54893,1.54927,1.67,1.20
2017.06.27 13:30:01.072,1.54887,1.54919,1.35,1.00
2017.06.27 13:30:01.385,1.54896,1.54914,2.10,1.00
2017.06.27 13:30:01.652,1.54895,1.54931,1.60,1.37
2017.06.27 13:30:01.718,1.54894,1.54933,2.92,1.50
2017.06.27 13:30:01.934,1.54897,1.54936,1.67,2.25
2017.06.27 13:30:01.986,1.54897,1.54936,2.17,2.25
2017.06.27 13:30:02.494,1.549,1.5493,2.10,1.00
2017.06.27 13:30:02.802,1.54898,1.54928,1.00,1.87
2017.06.27 13:30:03.173,1.54897,1.54927,1.00,1.37
2017.06.27 13:30:03.454,1.54891,1.54929,1.42,2.25
2017.06.27 13:30:03.556,1.54891,1.54929,1.07,2.25
2017.06.27 13:30:03.906,1.54892,1.54928,1.42,1.12
2017.06.27 13:30:04.007,1.54894,1.54933,1.07,1.57
2017.06.27 13:30:04.058,1.54895,1.54931,1.00,1.47
2017.06.27 13:30:04.109,1.54893,1.54929,1.60,1.37
2017.06.27 13:30:04.413,1.54894,1.54929,1.42,1.37
2017.06.27 13:30:04.637,1.5489,1.54927,1.67,1.37
2017.06.27 13:30:04.804,1.5489,1.54928,1.67,1.37
2017.06.27 13:30:04.905,1.54891,1.54928,1.10,1.37
2017.06.27 13:30:04.956,1.54889,1.54927,1.07,1.50
2017.06.27 13:30:05.006,1.54889,1.54923,1.10,1.37
2017.06.27 13:30:05.411,1.54889,1.54921,1.00,1.37
2017.06.27 13:30:06.245,1.54882,1.54916,1.60,1.37
2017.06.27 13:30:06.600,1.54888,1.54912,1.00,1.00
2017.06.27 13:30:07.235,1.54893,1.54912,1.00,1.00
2017.06.27 13:30:07.944,1.5489,1.54912,1.00,1.00
2017.06.27 13:30:08.125,1.54896,1.54912,1.00,1.00
2017.06.27 13:30:08.176,1.54892,1.54909,1.00,1.00
2017.06.27 13:30:08.226,1.54902,1.54909,1.00,1.00
2017.06.27 13:30:08.630,1.54902,1.54932,1.00,2.25
2017.06.27 13:30:08.901,1.54902,1.54929,1.00,1.50
2017.06.27 13:30:09.053,1.54896,1.54926,1.00,1.95
2017.06.27 13:30:09.214,1.54896,1.54915,1.00,1.00
2017.06.27 13:30:09.265,1.54894,1.5492,1.00,1.37
2017.06.27 13:30:09.315,1.54894,1.5492,1.00,1.37
2017.06.27 13:30:09.619,1.54892,1.5492,1.00,1.50
2017.06.27 13:30:09.670,1.54888,1.54915,1.00,1.37
2017.06.27 13:30:09.771,1.54879,1.54913,1.00,1.37
2017.06.27 13:30:10.239,1.54886,1.54914,1.00,1.47
2017.06.27 13:30:10.618,1.54886,1.54905,1.00,1.00
2017.06.27 13:30:11.004,1.54891,1.54905,1.00,1.00
2017.06.27 13:30:11.055,1.5489,1.54917,1.00,1.45
2017.06.27 13:30:11.208,1.54888,1.54915,1.00,1.50
2017.06.27 13:30:11.359,1.54878,1.54915,1.50,2.32
2017.06.27 13:30:11.411,1.54888,1.54914,1.00,1.57
2017.06.27 13:30:11.462,1.54878,1.54914,1.50,1.57
2017.06.27 13:30:12.008,1.54879,1.54913,1.50,1.57
2017.06.27 13:30:12.059,1.54894,1.54918,1.00,1.00
2017.06.27 13:30:12.363,1.54907,1.54934,1.00,1.50
2017.06.27 13:30:12.666,1.54911,1.54934,1.00,1.50
2017.06.27 13:30:13.167,1.54911,1.54934,1.00,1.37
2017.06.27 13:30:13.673,1.54911,1.54931,1.00,1.37
2017.06.27 13:30:14.214,1.5491,1.54931,1.00,1.00
2017.06.27 13:30:14.744,1.54902,1.54931,1.00,1.37
2017.06.27 13:30:15.290,1.54901,1.54932,1.00,1.37
2017.06.27 13:30:15.442,1.54897,1.54929,1.10,1.37
2017.06.27 13:30:15.707,1.54895,1.54927,1.50,1.37
2017.06.27 13:30:16.227,1.54895,1.54927,1.00,1.37
2017.06.27 13:30:16.531,1.549,1.54926,1.50,1.00
2017.06.27 13:30:16.734,1.54898,1.54926,1.50,1.00
2017.06.27 13:30:16.836,1.54898,1.54923,1.00,1.00
2017.06.27 13:30:17.036,1.54895,1.54922,1.50,1.00
2017.06.27 13:30:17.137,1.54897,1.54918,1.00,1.00
2017.06.27 13:30:17.448,1.54895,1.54918,1.12,1.00
2017.06.27 13:30:17.651,1.54896,1.54918,1.50,1.00
2017.06.27 13:30:18.007,1.54891,1.54915,1.50,1.00
2017.06.27 13:30:18.188,1.54891,1.54913,1.50,1.00
2017.06.27 13:30:18.492,1.54895,1.54915,1.50,1.00
2017.06.27 13:30:18.721,1.54892,1.54915,1.12,1.00
2017.06.27 13:30:18.873,1.54892,1.54915,2.25,1.00
2017.06.27 13:30:19.075,1.54894,1.54917,1.50,1.00
2017.06.27 13:30:19.410,1.54892,1.54917,1.12,1.00
2017.06.27 13:30:19.512,1.54892,1.54917,2.25,1.00
2017.06.27 13:30:19.868,1.54892,1.54917,1.00,1.00
2017.06.27 13:30:20.502,1.54892,1.54917,2.25,1.00
2017.06.27 13:30:20.975,1.54891,1.54914,1.00,1.00
2017.06.27 13:30:21.487,1.5489,1.54913,1.00,1.00
2017.06.27 13:30:21.854,1.54891,1.54913,1.50,1.00
2017.06.27 13:30:22.107,1.5489,1.54913,1.00,1.00
2017.06.27 13:30:22.612,1.5489,1.54914,1.00,1.00
2017.06.27 13:30:22.713,1.54888,1.54917,1.00,1.00
2017.06.27 13:30:22.814,1.54887,1.54915,1.50,1.00
2017.06.27 13:30:23.411,1.54888,1.54917,1.00,1.00
2017.06.27 13:30:23.563,1.5489,1.54916,1.00,1.00
2017.06.27 13:30:24.095,1.54889,1.54916,1.00,1.00
2017.06.27 13:30:24.398,1.54888,1.54912,2.25,1.00
2017.06.27 13:30:24.930,1.5489,1.54913,1.50,1.00
2017.06.27 13:30:25.233,1.54891,1.54911,1.00,1.00
2017.06.27 13:30:25.335,1.54887,1.54911,1.50,1.00
2017.06.27 13:30:25.436,1.54886,1.54911,1.00,1.50
2017.06.27 13:30:25.538,1.54888,1.5491,1.00,1.00
2017.06.27 13:30:25.841,1.54886,1.54911,1.12,1.00
2017.06.27 13:30:26.360,1.54889,1.54911,1.00,1.00
2017.06.27 13:30:26.411,1.54887,1.54911,1.00,1.00
2017.06.27 13:30:26.664,1.54888,1.5491,1.50,1.00
2017.06.27 13:30:26.766,1.54887,1.5491,1.00,1.00
2017.06.27 13:30:27.466,1.54886,1.5491,1.00,1.00
2017.06.27 13:30:27.517,1.54886,1.54912,1.00,1.00
2017.06.27 13:30:29.116,1.54884,1.5491,1.00,1.50
2017.06.27 13:30:30.146,1.54886,1.54909,1.00,1.00
2017.06.27 13:30:31.197,1.54885,1.54908,1.00,1.00
2017.06.27 13:30:32.237,1.54884,1.5491,1.00,1.50
2017.06.27 13:30:32.893,1.54885,1.54908,1.00,1.00
2017.06.27 13:30:33.408,1.54886,1.54909,1.00,1.00
2017.06.27 13:30:35.200,1.5488,1.54912,1.05,1.00
2017.06.27 13:30:35.723,1.54879,1.54912,1.95,1.00
2017.06.27 13:30:35.874,1.54879,1.54911,3.00,1.00
2017.06.27 13:30:35.976,1.54879,1.54912,1.95,1.00
2017.06.27 13:30:36.026,1.54879,1.54913,1.45,1.00
2017.06.27 13:30:36.077,1.54879,1.54915,3.07,1.00
2017.06.27 13:30:36.229,1.54882,1.54916,2.85,1.00
2017.06.27 13:30:36.457,1.54881,1.54916,1.45,1.00
2017.06.27 13:30:36.508,1.54882,1.54916,1.57,1.00
2017.06.27 13:30:36.962,1.54884,1.54918,1.05,1.00
2017.06.27 13:30:37.064,1.54884,1.54917,1.05,1.00
2017.06.27 13:30:37.115,1.54884,1.54925,1.05,1.57
2017.06.27 13:30:37.166,1.54885,1.54924,1.05,1.00
2017.06.27 13:30:37.473,1.5489,1.54915,1.00,1.00
2017.06.27 13:30:38.182,1.54891,1.54915,1.00,1.00
2017.06.27 13:30:38.855,1.54892,1.54915,1.00,1.00
2017.06.27 13:30:39.554,1.54892,1.54915,2.17,1.00
2017.06.27 13:30:39.849,1.54894,1.5492,1.50,1.00
2017.06.27 13:30:39.951,1.54893,1.54926,1.50,1.00
2017.06.27 13:30:40.002,1.54894,1.54925,1.50,1.50
2017.06.27 13:30:40.431,1.54892,1.54925,1.50,1.50
2017.06.27 13:30:40.809,1.54892,1.54916,1.50,1.00
2017.06.27 13:30:40.862,1.54895,1.5492,1.42,1.00
2017.06.27 13:30:40.913,1.54902,1.54926,1.50,1.00
2017.06.27 13:30:41.014,1.54902,1.54928,1.50,1.00
2017.06.27 13:30:41.065,1.54903,1.54933,1.50,1.00
2017.06.27 13:30:41.669,1.54903,1.54934,1.50,1.50
2017.06.27 13:30:41.952,1.54899,1.54934,1.50,1.10
2017.06.27 13:30:42.003,1.54901,1.5493,1.50,1.00
2017.06.27 13:30:42.205,1.54894,1.54922,1.00,1.00
2017.06.27 13:30:42.508,1.54896,1.54922,1.00,1.00
2017.06.27 13:30:42.815,1.54893,1.54922,1.50,1.00
2017.06.27 13:30:42.866,1.54899,1.54928,1.00,1.00
2017.06.27 13:30:42.967,1.54899,1.54922,1.50,1.00
2017.06.27 13:30:43.296,1.54902,1.54921,1.00,1.00
2017.06.27 13:30:43.346,1.54901,1.54932,1.00,1.37
2017.06.27 13:30:43.448,1.54902,1.54921,1.00,1.00
2017.06.27 13:30:44.382,1.54901,1.54921,1.00,1.00
2017.06.27 13:30:44.919,1.54902,1.54922,1.00,1.00
2017.06.27 13:30:45.458,1.54901,1.54922,1.00,1.00
2017.06.27 13:30:45.987,1.54902,1.54922,1.00,1.00
2017.06.27 13:30:46.341,1.54901,1.54933,1.00,1.35
2017.06.27 13:30:46.814,1.54909,1.54933,1.50,2.25
2017.06.27 13:30:46.966,1.54912,1.54936,1.00,1.00
2017.06.27 13:30:47.017,1.54907,1.54936,1.00,1.00
2017.06.27 13:30:47.118,1.54908,1.54938,1.00,1.00
2017.06.27 13:30:47.169,1.54907,1.5494,1.00,1.00
2017.06.27 13:30:47.220,1.54907,1.54943,1.50,1.45
2017.06.27 13:30:47.271,1.54907,1.5494,1.50,1.00
2017.06.27 13:30:47.322,1.54905,1.5494,1.00,1.10
2017.06.27 13:30:47.463,1.54907,1.54941,1.50,1.42
2017.06.27 13:30:47.766,1.54914,1.54944,1.50,1.12
2017.06.27 13:30:48.120,1.54912,1.54944,1.00,2.10
2017.06.27 13:30:48.171,1.5491,1.54939,1.00,1.00
2017.06.27 13:30:48.493,1.54919,1.54932,1.00,1.00
2017.06.27 13:30:48.544,1.54917,1.54935,1.00,1.00
2017.06.27 13:30:48.596,1.54916,1.54939,1.87,1.00
2017.06.27 13:30:49.024,1.54917,1.54948,1.00,1.57
2017.06.27 13:30:49.619,1.54916,1.54939,1.00,1.00
2017.06.27 13:30:49.670,1.54912,1.54937,1.00,1.00
2017.06.27 13:30:50.189,1.54911,1.54936,1.12,1.00
2017.06.27 13:30:50.807,1.54911,1.54936,2.25,1.00
2017.06.27 13:30:51.290,1.54912,1.54933,1.00,1.00
2017.06.27 13:30:51.443,1.54906,1.54929,1.00,1.00
2017.06.27 13:30:51.748,1.54906,1.54927,1.00,1.00
2017.06.27 13:30:51.900,1.54906,1.54929,1.00,1.00
2017.06.27 13:30:51.951,1.54906,1.54927,1.00,1.00
2017.06.27 13:30:52.347,1.54906,1.54929,1.00,1.00
2017.06.27 13:30:52.398,1.54909,1.54933,1.00,1.00
2017.06.27 13:30:52.449,1.54911,1.54935,1.00,1.50
2017.06.27 13:30:52.753,1.54913,1.54938,1.50,1.50
2017.06.27 13:30:53.255,1.54913,1.54937,1.50,1.00
2017.06.27 13:30:54.018,1.54916,1.54936,1.00,1.00
2017.06.27 13:30:54.481,1.54918,1.54936,1.50,1.00
2017.06.27 13:30:54.685,1.54922,1.54947,1.50,1.00
2017.06.27 13:30:54.736,1.54922,1.54939,1.00,1.00
2017.06.27 13:30:54.787,1.54914,1.54939,1.50,1.00
2017.06.27 13:30:54.838,1.54915,1.54946,1.50,1.00
2017.06.27 13:30:54.889,1.54916,1.54944,1.00,1.00
2017.06.27 13:30:54.940,1.54914,1.54945,1.00,1.50
2017.06.27 13:30:55.042,1.54914,1.54944,1.50,1.50
2017.06.27 13:30:55.143,1.54914,1.54945,1.00,1.50
2017.06.27 13:30:55.293,1.54915,1.54938,1.00,1.00
2017.06.27 13:30:55.608,1.5492,1.54938,1.00,1.00
2017.06.27 13:30:55.861,1.54919,1.5494,1.00,1.00
2017.06.27 13:30:56.374,1.5492,1.54939,1.00,1.00
2017.06.27 13:30:57.093,1.5492,1.54938,1.00,1.00
2017.06.27 13:30:57.245,1.54915,1.54939,1.50,1.00
2017.06.27 13:30:57.764,1.54918,1.5494,1.00,1.00
2017.06.27 13:30:58.171,1.54918,1.54942,1.00,1.00
2017.06.27 13:30:58.384,1.54918,1.54939,1.00,1.00
2017.06.27 13:30:58.933,1.54916,1.54932,1.00,1.00
2017.06.27 13:30:59.388,1.54908,1.54932,1.00,1.00
2017.06.27 13:30:59.489,1.54909,1.54937,1.50,1.00
2017.06.27 13:30:59.540,1.54908,1.54932,1.00,1.00
2017.06.27 13:30:59.591,1.54909,1.54937,1.50,1.00
2017.06.27 13:30:59.737,1.54917,1.54934,1.50,1.00
2017.06.27 13:30:59.991,1.54922,1.54947,1.50,1.00
2017.06.27 13:31:00.092,1.54922,1.54947,1.50,1.00
2017.06.27 13:31:00.143,1.54924,1.54947,1.50,1.00
2017.06.27 13:31:00.321,1.54924,1.54949,1.50,1.00
2017.06.27 13:31:00.472,1.54927,1.54949,1.00,1.00
2017.06.27 13:31:00.776,1.54931,1.54955,1.00,1.00
2017.06.27 13:31:01.059,1.54933,1.5496,1.00,1.50
2017.06.27 13:31:01.669,1.54931,1.5496,1.50,1.50
2017.06.27 13:31:01.719,1.54934,1.54951,1.00,1.00
2017.06.27 13:31:01.918,1.54929,1.54951,1.00,1.00
2017.06.27 13:31:02.019,1.54929,1.54955,1.00,1.00
2017.06.27 13:31:02.070,1.54929,1.54953,1.00,1.00
2017.06.27 13:31:02.374,1.54922,1.54945,1.50,1.00
2017.06.27 13:31:02.526,1.54922,1.54947,1.37,1.00
2017.06.27 13:31:02.760,1.54926,1.54947,1.00,1.00
2017.06.27 13:31:03.063,1.54923,1.54945,1.50,1.00
2017.06.27 13:31:03.418,1.54922,1.54945,1.12,1.00
2017.06.27 13:31:03.569,1.54922,1.54942,1.00,1.00
2017.06.27 13:31:03.713,1.54918,1.54943,1.50,1.00
2017.06.27 13:31:03.764,1.54918,1.54947,1.50,1.00
2017.06.27 13:31:03.815,1.54919,1.54944,1.50,1.00
2017.06.27 13:31:04.118,1.5493,1.54953,1.12,1.00
2017.06.27 13:31:04.641,1.5493,1.54952,1.12,1.00
2017.06.27 13:31:04.843,1.5493,1.54954,1.00,1.50
2017.06.27 13:31:04.894,1.54932,1.54954,1.00,1.00
2017.06.27 13:31:05.198,1.54932,1.54954,1.50,1.00
2017.06.27 13:31:05.684,1.54933,1.54956,1.00,1.00
2017.06.27 13:31:05.735,1.54931,1.54954,1.50,1.00
2017.06.27 13:31:05.786,1.54932,1.54961,1.50,1.50
2017.06.27 13:31:05.887,1.54933,1.54953,1.00,1.00
2017.06.27 13:31:05.938,1.54932,1.54955,1.50,1.00
2017.06.27 13:31:05.989,1.54931,1.54961,1.50,1.00
2017.06.27 13:31:06.091,1.54932,1.54956,1.50,1.00
2017.06.27 13:31:06.523,1.54934,1.54957,1.50,1.00
2017.06.27 13:31:06.826,1.54934,1.54954,1.50,1.00
2017.06.27 13:31:07.432,1.54933,1.54955,1.50,1.50
2017.06.27 13:31:07.483,1.54933,1.54954,1.00,1.00
2017.06.27 13:31:07.585,1.54931,1.54951,1.50,1.00
2017.06.27 13:31:07.889,1.54928,1.54949,1.50,1.00
2017.06.27 13:31:07.940,1.5493,1.54951,1.00,1.00
2017.06.27 13:31:08.041,1.5493,1.54951,1.50,1.00
2017.06.27 13:31:08.193,1.5493,1.54954,1.50,1.00
2017.06.27 13:31:08.326,1.54929,1.5495,1.50,1.50
2017.06.27 13:31:09.337,1.54927,1.5495,1.12,1.50
2017.06.27 13:31:09.887,1.54927,1.5495,2.25,1.00
2017.06.27 13:31:10.291,1.54928,1.54952,1.50,1.00
2017.06.27 13:31:10.594,1.54935,1.54956,1.00,1.00
2017.06.27 13:31:11.100,1.54936,1.54956,1.00,1.00
2017.06.27 13:31:11.619,1.54934,1.54956,1.00,1.00
2017.06.27 13:31:11.954,1.54932,1.54954,2.25,1.00
2017.06.27 13:31:12.433,1.54934,1.54956,1.00,1.00
2017.06.27 13:31:12.484,1.54937,1.54961,2.25,1.50
2017.06.27 13:31:12.635,1.54939,1.54969,1.50,1.57
2017.06.27 13:31:13.161,1.54939,1.54967,1.50,1.00
2017.06.27 13:31:13.212,1.54939,1.54969,1.00,1.00
2017.06.27 13:31:13.262,1.54942,1.54966,1.00,1.00
2017.06.27 13:31:13.313,1.5494,1.54967,1.00,1.00
2017.06.27 13:31:13.364,1.5494,1.54963,1.50,1.00
2017.06.27 13:31:13.516,1.54938,1.54965,1.50,1.00
2017.06.27 13:31:13.776,1.54941,1.54967,1.50,1.00
2017.06.27 13:31:13.827,1.54941,1.54969,1.50,1.00
2017.06.27 13:31:13.928,1.5494,1.54969,1.00,1.00
2017.06.27 13:31:13.979,1.54935,1.54966,1.00,1.00
2017.06.27 13:31:14.030,1.54935,1.54959,1.50,1.00
2017.06.27 13:31:14.131,1.54932,1.5496,1.00,1.00
2017.06.27 13:31:14.182,1.54931,1.54957,1.37,1.00
2017.06.27 13:31:14.511,1.54938,1.54959,1.50,1.00
2017.06.27 13:31:14.764,1.54937,1.54959,1.50,1.00
2017.06.27 13:31:15.067,1.54936,1.54957,1.50,1.00
2017.06.27 13:31:15.168,1.54934,1.54958,1.50,1.00
2017.06.27 13:31:15.269,1.54935,1.5496,1.00,1.00
2017.06.27 13:31:15.320,1.54936,1.54961,1.50,1.00
2017.06.27 13:31:15.422,1.54932,1.5496,1.00,1.07
2017.06.27 13:31:15.528,1.54931,1.54957,1.00,1.00
2017.06.27 13:31:15.592,1.54929,1.54961,1.00,1.95
2017.06.27 13:31:15.643,1.5493,1.54961,1.50,1.07
2017.06.27 13:31:15.694,1.54933,1.54962,1.50,1.57
2017.06.27 13:31:15.745,1.54932,1.54962,1.00,1.57
2017.06.27 13:31:15.846,1.54933,1.54965,1.00,1.50
2017.06.27 13:31:15.897,1.54933,1.54956,1.00,1.00
2017.06.27 13:31:15.949,1.54934,1.54967,1.50,1.07
2017.06.27 13:31:16.177,1.54934,1.54961,1.00,1.00
2017.06.27 13:31:16.635,1.54936,1.54964,1.50,1.10
2017.06.27 13:31:16.837,1.54935,1.54966,1.00,1.07
2017.06.27 13:31:16.888,1.54933,1.54961,1.50,1.00
2017.06.27 13:31:16.939,1.54931,1.54961,1.00,1.00
2017.06.27 13:31:16.989,1.5494,1.54964,1.00,3.45
2017.06.27 13:31:17.091,1.5494,1.54963,1.00,1.00
2017.06.27 13:31:17.483,1.54924,1.54966,2.55,1.07
2017.06.27 13:31:17.584,1.54929,1.54965,1.72,1.57
2017.06.27 13:31:17.887,1.54937,1.54961,1.00,1.00
2017.06.27 13:31:17.988,1.54939,1.54967,1.00,1.07
2017.06.27 13:31:18.039,1.54936,1.54967,1.00,1.57
2017.06.27 13:31:18.248,1.5494,1.54963,1.00,1.00
2017.06.27 13:31:18.553,1.54938,1.54961,1.12,1.50
2017.06.27 13:31:19.008,1.54938,1.54964,1.00,1.00
2017.06.27 13:31:19.059,1.54937,1.54961,1.50,1.00
2017.06.27 13:31:19.211,1.54937,1.54964,1.50,1.00
2017.06.27 13:31:19.262,1.54939,1.54965,1.50,1.00
2017.06.27 13:31:19.312,1.54937,1.54972,1.00,1.00
2017.06.27 13:31:19.415,1.54938,1.54962,1.00,1.00
2017.06.27 13:31:19.466,1.54937,1.54968,1.00,1.00
2017.06.27 13:31:19.713,1.54936,1.54956,1.00,1.00
2017.06.27 13:31:19.763,1.54937,1.54966,1.00,1.00
2017.06.27 13:31:19.814,1.54937,1.54962,1.00,1.00
2017.06.27 13:31:20.082,1.54933,1.54961,1.00,2.25
2017.06.27 13:31:20.133,1.54933,1.54959,1.00,1.50
2017.06.27 13:31:20.437,1.54923,1.54946,1.50,1.00
2017.06.27 13:31:20.488,1.54923,1.54955,1.50,1.50
2017.06.27 13:31:20.539,1.54929,1.54954,1.00,1.00
2017.06.27 13:31:20.589,1.54918,1.54956,1.80,1.50
2017.06.27 13:31:20.640,1.54919,1.54954,1.37,1.50
2017.06.27 13:31:20.949,1.54923,1.54945,1.00,1.00
2017.06.27 13:31:21.050,1.54923,1.5495,1.00,1.50
2017.06.27 13:31:21.101,1.54923,1.54945,1.00,1.00
2017.06.27 13:31:21.152,1.54921,1.54945,1.00,1.00
2017.06.27 13:31:21.203,1.54923,1.54948,1.00,1.00
2017.06.27 13:31:21.355,1.54923,1.54942,1.00,1.00
2017.06.27 13:31:21.905,1.54922,1.54943,1.00,1.00
2017.06.27 13:31:22.440,1.54922,1.54944,1.00,1.00
2017.06.27 13:31:22.988,1.54922,1.54943,1.00,1.00
2017.06.27 13:31:23.291,1.54922,1.5494,1.00,1.00
2017.06.27 13:31:23.342,1.54922,1.54944,1.00,1.00
2017.06.27 13:31:23.393,1.54922,1.54942,1.00,1.00
2017.06.27 13:31:23.444,1.54919,1.54943,2.25,1.00
2017.06.27 13:31:23.596,1.54919,1.54941,2.25,1.00
2017.06.27 13:31:23.934,1.5493,1.54946,1.57,1.00
2017.06.27 13:31:24.238,1.54928,1.54944,1.50,1.00
2017.06.27 13:31:24.289,1.54929,1.54965,1.50,1.00
2017.06.27 13:31:24.339,1.5493,1.54966,1.50,1.50
2017.06.27 13:31:24.643,1.54929,1.54959,1.50,1.00
2017.06.27 13:31:24.947,1.5493,1.54958,1.50,1.00
2017.06.27 13:31:25.315,1.5493,1.5496,1.50,1.00
2017.06.27 13:31:25.750,1.54929,1.54958,1.57,1.00
2017.06.27 13:31:26.054,1.54939,1.54959,1.00,1.00
2017.06.27 13:31:26.206,1.54937,1.54958,1.00,1.00
2017.06.27 13:31:26.257,1.54937,1.54956,1.00,1.00
2017.06.27 13:31:26.460,1.54936,1.54959,1.00,1.00
2017.06.27 13:31:26.612,1.54936,1.54957,1.00,1.00
2017.06.27 13:31:26.930,1.54934,1.54957,1.00,1.00
2017.06.27 13:31:27.132,1.54934,1.54953,1.00,1.00
2017.06.27 13:31:27.435,1.54929,1.54945,1.00,1.00
2017.06.27 13:31:27.486,1.54923,1.54951,1.00,1.00
2017.06.27 13:31:27.587,1.54923,1.54948,1.00,1.00
2017.06.27 13:31:28.054,1.54918,1.54948,2.17,1.00
2017.06.27 13:31:28.234,1.5492,1.54951,2.10,1.00
2017.06.27 13:31:28.537,1.54931,1.54951,1.00,1.00
2017.06.27 13:31:28.945,1.54931,1.54948,1.00,1.00
2017.06.27 13:31:29.097,1.54931,1.54951,1.00,1.50
2017.06.27 13:31:29.199,1.54931,1.54943,1.00,1.00
2017.06.27 13:31:29.249,1.54916,1.54952,1.37,1.50
2017.06.27 13:31:29.557,1.54913,1.54946,3.30,1.00
2017.06.27 13:31:29.879,1.54923,1.54946,1.00,1.00
2017.06.27 13:31:30.081,1.54924,1.54948,1.50,1.00
2017.06.27 13:31:30.517,1.54932,1.54951,1.00,1.00
2017.06.27 13:31:30.880,1.54929,1.54947,1.12,1.00
2017.06.27 13:31:30.932,1.54929,1.54952,1.00,2.25
2017.06.27 13:31:30.983,1.54929,1.54946,1.00,1.00
2017.06.27 13:31:31.287,1.54924,1.54947,1.00,1.00
2017.06.27 13:31:31.389,1.54926,1.54947,1.00,1.00
2017.06.27 13:31:31.440,1.54926,1.54951,1.00,1.00
2017.06.27 13:31:31.671,1.54926,1.54946,1.00,1.00
2017.06.27 13:31:31.722,1.54926,1.54948,1.00,1.00
2017.06.27 13:31:31.824,1.54926,1.54951,1.00,1.00
2017.06.27 13:31:31.875,1.54926,1.54947,1.00,1.00
2017.06.27 13:31:32.983,1.54933,1.54955,1.50,1.00
2017.06.27 13:31:33.034,1.54933,1.54959,1.50,1.00
2017.06.27 13:31:33.085,1.54935,1.54959,1.00,1.12
2017.06.27 13:31:33.388,1.54935,1.54953,1.00,1.00
2017.06.27 13:31:33.802,1.54934,1.54955,1.00,1.00
2017.06.27 13:31:33.853,1.54934,1.54957,2.25,1.00
2017.06.27 13:31:34.156,1.54938,1.54955,1.00,1.00
2017.06.27 13:31:34.207,1.54934,1.54954,1.00,1.00
2017.06.27 13:31:34.308,1.54934,1.54957,1.00,1.00
2017.06.27 13:31:34.359,1.54931,1.54956,1.12,1.00
2017.06.27 13:31:34.923,1.54931,1.5495,1.00,1.00
2017.06.27 13:31:35.277,1.54931,1.54948,1.00,1.00
2017.06.27 13:31:35.430,1.54928,1.54949,1.50,1.00
2017.06.27 13:31:35.818,1.54928,1.54955,1.50,1.50
2017.06.27 13:31:35.975,1.54918,1.54945,1.50,1.00
2017.06.27 13:31:36.026,1.54924,1.54947,1.50,1.00
2017.06.27 13:31:36.330,1.5492,1.54938,1.00,1.00
2017.06.27 13:31:36.381,1.54918,1.54938,1.00,1.00
2017.06.27 13:31:36.432,1.54918,1.54948,1.50,1.00
2017.06.27 13:31:36.534,1.54922,1.54947,1.00,1.50
2017.06.27 13:31:36.884,1.5492,1.54944,1.00,1.00
2017.06.27 13:31:37.204,1.54919,1.54941,1.00,1.00
2017.06.27 13:31:38.122,1.54919,1.54939,1.37,1.00
2017.06.27 13:31:38.323,1.54919,1.54941,2.25,1.00
2017.06.27 13:31:38.845,1.54918,1.54942,1.50,1.00
2017.06.27 13:31:39.157,1.54919,1.5494,1.00,1.00
2017.06.27 13:31:39.502,1.54915,1.54935,1.00,1.00
2017.06.27 13:31:39.932,1.54914,1.54937,1.00,1.00
2017.06.27 13:31:39.983,1.54914,1.54934,1.00,1.00
2017.06.27 13:31:40.085,1.54914,1.54937,1.00,1.00
2017.06.27 13:31:40.338,1.54916,1.54938,1.00,1.00
2017.06.27 13:31:40.573,1.54916,1.5494,1.12,1.00
2017.06.27 13:31:40.725,1.54917,1.5494,1.50,1.00
2017.06.27 13:31:40.826,1.54917,1.54945,1.50,1.50
2017.06.27 13:31:41.002,1.54915,1.54946,1.50,1.50
2017.06.27 13:31:41.103,1.54915,1.54939,1.50,1.00
2017.06.27 13:31:41.154,1.54914,1.54939,1.00,1.00
2017.06.27 13:31:41.205,1.54914,1.54933,1.00,1.00
2017.06.27 13:31:41.257,1.54908,1.54939,1.00,1.07
2017.06.27 13:31:41.432,1.54904,1.54928,1.50,1.00
2017.06.27 13:31:41.690,1.54903,1.54931,1.50,1.50
2017.06.27 13:31:42.194,1.54904,1.54931,1.50,1.50
2017.06.27 13:31:42.691,1.54905,1.54936,2.25,1.07
2017.06.27 13:31:43.179,1.54906,1.5493,2.25,1.00
2017.06.27 13:31:43.577,1.54906,1.54938,1.50,1.57
2017.06.27 13:31:43.628,1.54906,1.54932,2.25,1.00
2017.06.27 13:31:44.136,1.54909,1.54933,1.12,1.00
2017.06.27 13:31:44.439,1.54909,1.54933,3.00,1.00
2017.06.27 13:31:44.844,1.54908,1.54937,2.25,1.00
2017.06.27 13:31:45.475,1.5491,1.54938,2.25,1.00
2017.06.27 13:31:45.576,1.54912,1.54941,1.50,1.57
2017.06.27 13:31:46.120,1.54912,1.54941,1.50,1.07
2017.06.27 13:31:46.323,1.54911,1.54942,1.50,1.57
2017.06.27 13:31:46.850,1.54911,1.54942,1.00,1.57
2017.06.27 13:31:47.236,1.54914,1.54935,1.00,1.00
2017.06.27 13:31:47.289,1.54914,1.54938,2.25,1.00
2017.06.27 13:31:47.470,1.54912,1.54937,1.00,1.00
2017.06.27 13:31:47.521,1.54909,1.54932,1.00,1.00
2017.06.27 13:31:47.673,1.54906,1.54936,1.50,1.07
2017.06.27 13:31:47.724,1.54905,1.54937,1.50,1.07
2017.06.27 13:31:47.978,1.54907,1.54939,1.50,1.07
2017.06.27 13:31:48.232,1.54911,1.54939,1.00,1.07
2017.06.27 13:31:48.536,1.54913,1.54939,1.00,1.57
2017.06.27 13:31:48.890,1.54911,1.54939,1.00,1.07
2017.06.27 13:31:49.225,1.5492,1.54947,1.00,1.45
2017.06.27 13:31:49.276,1.54921,1.54947,1.00,1.45
2017.06.27 13:31:49.468,1.54924,1.54951,1.00,1.20
2017.06.27 13:31:49.739,1.54924,1.54953,1.00,1.07
2017.06.27 13:31:49.994,1.54928,1.54953,1.00,1.07
2017.06.27 13:31:50.045,1.54928,1.5496,1.00,1.65
2017.06.27 13:31:50.146,1.54925,1.54959,1.50,1.65
2017.06.27 13:31:50.516,1.54925,1.5496,1.50,1.65
2017.06.27 13:31:50.819,1.54932,1.54958,1.00,1.20
2017.06.27 13:31:51.427,1.54932,1.54953,1.00,1.00
2017.06.27 13:31:52.006,1.54931,1.54952,1.00,1.00
2017.06.27 13:31:52.378,1.54933,1.54952,1.00,1.00
2017.06.27 13:31:52.489,1.54932,1.54959,1.00,1.65
2017.06.27 13:31:52.540,1.54932,1.54959,1.00,1.45
2017.06.27 13:31:52.590,1.5493,1.54959,1.00,1.45
2017.06.27 13:31:52.641,1.54928,1.54951,1.00,1.00
2017.06.27 13:31:52.976,1.5493,1.54951,1.00,1.00
2017.06.27 13:31:53.329,1.54932,1.54951,1.00,1.00
2017.06.27 13:31:53.635,1.54932,1.54962,2.25,1.20
2017.06.27 13:31:54.212,1.54931,1.54963,2.25,1.45
2017.06.27 13:31:54.733,1.5493,1.54954,2.25,1.00
2017.06.27 13:31:55.037,1.54934,1.54955,2.25,1.00
2017.06.27 13:31:55.166,1.54934,1.54957,2.25,1.00
2017.06.27 13:31:55.428,1.54935,1.5496,1.50,1.10
2017.06.27 13:31:56.163,1.54934,1.5496,1.87,1.00
2017.06.27 13:31:56.360,1.54935,1.54958,1.00,1.00
2017.06.27 13:31:56.666,1.54939,1.54962,1.12,1.00
2017.06.27 13:31:57.121,1.54939,1.54964,1.12,1.10
2017.06.27 13:31:58.768,1.54939,1.54964,1.12,1.07
2017.06.27 13:31:59.816,1.54931,1.54965,1.50,1.45
2017.06.27 13:32:00.119,1.5493,1.54962,1.00,1.45
2017.06.27 13:32:00.706,1.5493,1.54961,1.50,1.45
2017.06.27 13:32:01.256,1.5493,1.54955,1.12,1.00
2017.06.27 13:32:01.795,1.5493,1.54955,2.25,1.00
2017.06.27 13:32:02.350,1.54931,1.54956,1.00,1.00
2017.06.27 13:32:02.689,1.54928,1.54952,1.00,1.10
2017.06.27 13:32:02.740,1.54926,1.54951,1.12,1.00
2017.06.27 13:32:03.321,1.54928,1.54951,1.00,1.00
2017.06.27 13:32:03.849,1.54926,1.54951,1.00,1.00
2017.06.27 13:32:04.001,1.54924,1.54957,1.00,1.20
2017.06.27 13:32:04.514,1.54924,1.54956,1.50,1.07
2017.06.27 13:32:04.565,1.54927,1.54951,1.00,1.00
2017.06.27 13:32:05.180,1.54926,1.54949,1.50,1.00
2017.06.27 13:32:05.683,1.54926,1.5495,1.50,1.00
2017.06.27 13:32:05.836,1.54929,1.54954,1.00,1.00
2017.06.27 13:32:06.281,1.54928,1.54951,1.00,1.00
2017.06.27 13:32:06.937,1.54925,1.54949,1.00,1.00
2017.06.27 13:32:07.481,1.54925,1.54948,1.00,1.00
2017.06.27 13:32:10.077,1.54926,1.5495,1.12,1.00
2017.06.27 13:32:10.582,1.54914,1.54953,1.70,1.00
2017.06.27 13:32:10.633,1.54921,1.54952,1.50,1.00
2017.06.27 13:32:11.428,1.5492,1.54952,1.50,1.00
2017.06.27 13:32:11.745,1.54922,1.54948,1.00,1.00
2017.06.27 13:32:12.204,1.54923,1.54946,1.00,1.00
2017.06.27 13:32:12.876,1.54917,1.54943,1.00,1.00
2017.06.27 13:32:13.031,1.54919,1.54944,1.00,1.07
2017.06.27 13:32:13.082,1.54917,1.54943,1.00,1.07
2017.06.27 13:32:13.701,1.54916,1.54943,1.12,1.07
2017.06.27 13:32:13.964,1.54919,1.54943,1.00,1.07
2017.06.27 13:32:14.495,1.54919,1.5495,1.00,1.00
2017.06.27 13:32:14.546,1.54917,1.5495,1.00,1.07
2017.06.27 13:32:14.888,1.54919,1.54951,1.00,1.07
2017.06.27 13:32:15.293,1.54917,1.54951,1.00,1.07
2017.06.27 13:32:15.446,1.54912,1.54943,1.50,1.00
2017.06.27 13:32:15.751,1.5492,1.54949,1.00,1.07
2017.06.27 13:32:16.158,1.54921,1.54949,1.50,1.07
2017.06.27 13:32:16.721,1.5492,1.5495,1.50,1.07
2017.06.27 13:32:17.150,1.5492,1.5495,1.50,1.10
2017.06.27 13:32:17.201,1.54921,1.5495,1.50,1.10
2017.06.27 13:32:17.302,1.54921,1.54952,1.50,1.07
2017.06.27 13:32:17.403,1.5492,1.54945,2.25,1.00
2017.06.27 13:32:17.722,1.54923,1.54947,1.00,1.00
2017.06.27 13:32:18.248,1.54922,1.54945,1.00,1.00
2017.06.27 13:32:18.828,1.54923,1.54945,1.00,1.00
2017.06.27 13:32:19.606,1.54921,1.54945,1.50,1.00
2017.06.27 13:32:20.712,1.54921,1.54945,2.25,1.00
2017.06.27 13:32:21.256,1.54924,1.54945,1.00,1.00
2017.06.27 13:32:21.307,1.54921,1.54945,1.00,1.00
2017.06.27 13:32:21.408,1.54919,1.54949,1.00,1.00
2017.06.27 13:32:21.949,1.54919,1.54949,1.50,1.00
2017.06.27 13:32:22.535,1.54921,1.54946,1.00,1.00
2017.06.27 13:32:23.232,1.54922,1.54946,1.00,1.00
2017.06.27 13:32:23.484,1.54923,1.54956,1.00,1.45
2017.06.27 13:32:24.010,1.54922,1.54956,1.00,1.55
2017.06.27 13:32:24.216,1.54924,1.54947,1.00,1.00
2017.06.27 13:32:24.266,1.54924,1.54949,1.00,1.00
2017.06.27 13:32:24.317,1.54926,1.54949,1.00,1.00
2017.06.27 13:32:24.418,1.54926,1.54958,1.00,1.82
2017.06.27 13:32:24.959,1.54926,1.54957,1.00,1.50
2017.06.27 13:32:25.212,1.54926,1.54951,1.50,1.00
2017.06.27 13:32:25.713,1.54927,1.54951,1.00,1.00
2017.06.27 13:32:26.674,1.54926,1.54951,1.50,1.00
2017.06.27 13:32:27.181,1.54927,1.54951,1.00,1.00
2017.06.27 13:32:28.080,1.54927,1.54958,1.00,1.50
2017.06.27 13:32:28.140,1.54928,1.54951,1.00,1.00
2017.06.27 13:32:28.836,1.54929,1.54951,1.00,1.00
2017.06.27 13:32:29.342,1.54933,1.54959,1.00,1.00
2017.06.27 13:32:29.393,1.54936,1.54959,1.00,1.00
2017.06.27 13:32:29.761,1.54938,1.54961,1.00,1.00
2017.06.27 13:32:30.064,1.54939,1.54963,1.00,1.00
2017.06.27 13:32:30.277,1.54941,1.54964,1.00,1.07
2017.06.27 13:32:30.329,1.54937,1.54961,1.50,1.00
2017.06.27 13:32:30.584,1.54939,1.54961,1.12,1.00
2017.06.27 13:32:30.786,1.54941,1.54965,1.00,1.00
2017.06.27 13:32:31.039,1.54938,1.54961,1.00,1.00
2017.06.27 13:32:31.732,1.54938,1.54963,1.00,1.00
2017.06.27 13:32:31.934,1.54936,1.54961,1.12,1.00
2017.06.27 13:32:32.478,1.54935,1.54961,1.00,1.00
2017.06.27 13:32:33.015,1.54934,1.5496,1.35,1.00
2017.06.27 13:32:33.629,1.54935,1.5496,1.00,1.00
2017.06.27 13:32:33.974,1.54936,1.54958,1.00,1.00
2017.06.27 13:32:34.126,1.54937,1.5496,1.00,1.00
2017.06.27 13:32:34.263,1.54932,1.54957,2.25,1.00
2017.06.27 13:32:34.567,1.54936,1.54959,1.00,1.00
2017.06.27 13:32:35.441,1.54936,1.54961,1.50,1.10
2017.06.27 13:32:36.374,1.54936,1.54959,1.50,1.00
2017.06.27 13:32:36.935,1.54939,1.5496,1.12,1.00
2017.06.27 13:32:37.036,1.54939,1.54965,1.00,1.07
2017.06.27 13:32:37.087,1.54942,1.54965,1.00,1.00
2017.06.27 13:32:37.290,1.54943,1.54968,1.50,1.00
2017.06.27 13:32:37.840,1.54945,1.54968,1.50,1.00
2017.06.27 13:32:37.891,1.54943,1.54968,1.50,1.00
2017.06.27 13:32:38.044,1.54945,1.54975,1.12,1.20
2017.06.27 13:32:38.525,1.54945,1.54968,1.00,1.00
2017.06.27 13:32:39.053,1.54944,1.54968,1.87,1.00
2017.06.27 13:32:39.383,1.54946,1.5497,1.00,1.00
2017.06.27 13:32:40.313,1.54945,1.54969,1.00,1.00
2017.06.27 13:32:40.822,1.54945,1.54968,1.00,1.00
2017.06.27 13:32:40.956,1.54942,1.54978,1.50,2.32
2017.06.27 13:32:41.007,1.54942,1.54977,1.50,1.07
2017.06.27 13:32:41.539,1.54944,1.54977,1.50,1.57
2017.06.27 13:32:41.843,1.54943,1.54975,1.50,1.20
2017.06.27 13:32:42.038,1.54943,1.54978,1.50,3.07
2017.06.27 13:32:42.191,1.54945,1.54977,1.50,1.20
2017.06.27 13:32:42.504,1.54947,1.54971,2.25,1.00
2017.06.27 13:32:43.006,1.54948,1.54972,1.12,1.00
2017.06.27 13:32:43.310,1.54949,1.54975,2.25,1.00
2017.06.27 13:32:43.512,1.5495,1.54975,1.50,1.00
2017.06.27 13:32:43.563,1.54949,1.54984,1.50,2.32
2017.06.27 13:32:43.664,1.54952,1.54983,1.50,1.45
2017.06.27 13:32:44.013,1.54952,1.54982,1.50,1.95
2017.06.27 13:32:44.316,1.54952,1.54978,1.50,1.50
2017.06.27 13:32:44.670,1.54951,1.54973,1.00,1.00
2017.06.27 13:32:44.920,1.54947,1.54971,2.25,1.00
2017.06.27 13:32:45.427,1.54947,1.54971,1.12,1.00
2017.06.27 13:32:46.017,1.54946,1.5497,2.25,1.00
2017.06.27 13:32:46.426,1.54944,1.54969,1.50,1.00
2017.06.27 13:32:47.256,1.54945,1.54969,2.25,1.00
2017.06.27 13:32:47.770,1.54946,1.5497,1.00,1.00
2017.06.27 13:32:48.024,1.54946,1.54976,1.00,1.00
2017.06.27 13:32:48.596,1.54947,1.5497,1.00,1.00
2017.06.27 13:32:49.194,1.54946,1.5497,1.00,1.00
2017.06.27 13:32:49.513,1.54947,1.5497,1.50,1.00
2017.06.27 13:32:49.779,1.54946,1.5497,1.50,1.00
2017.06.27 13:32:50.344,1.54947,1.5497,1.50,1.00
2017.06.27 13:32:51.434,1.54945,1.54968,1.00,1.00
2017.06.27 13:32:51.738,1.54946,1.54979,1.00,1.10
2017.06.27 13:32:52.275,1.54947,1.54978,1.00,1.00
2017.06.27 13:32:52.527,1.54947,1.54971,1.00,1.00
2017.06.27 13:32:52.999,1.54947,1.54971,1.50,1.00
2017.06.27 13:32:53.486,1.54947,1.54972,1.12,1.00
2017.06.27 13:32:54.043,1.54948,1.54972,1.50,1.00
2017.06.27 13:32:54.589,1.5495,1.54973,1.00,1.00
2017.06.27 13:32:55.628,1.5495,1.54972,1.50,1.00
2017.06.27 13:32:55.730,1.54951,1.54974,1.12,1.00
2017.06.27 13:32:57.605,1.54952,1.54975,1.00,1.00
2017.06.27 13:33:00.388,1.54951,1.54975,1.00,1.00
2017.06.27 13:33:01.249,1.54949,1.54972,2.25,1.00
2017.06.27 13:33:02.002,1.54949,1.54972,1.12,1.00
2017.06.27 13:33:03.566,1.54949,1.54972,1.50,1.00
2017.06.27 13:33:03.892,1.54949,1.5497,1.50,1.00
2017.06.27 13:33:04.727,1.5495,1.54971,1.50,1.00
2017.06.27 13:33:05.294,1.54949,1.54971,1.12,1.00
2017.06.27 13:33:05.614,1.54951,1.54972,1.00,1.00
2017.06.27 13:33:05.766,1.54951,1.54974,1.50,1.00
2017.06.27 13:33:05.918,1.54954,1.54975,1.00,1.00
2017.06.27 13:33:06.324,1.54951,1.54973,1.12,1.00
2017.06.27 13:33:06.937,1.54948,1.54971,2.25,1.00
2017.06.27 13:33:07.550,1.54949,1.54968,1.00,1.00
2017.06.27 13:33:07.601,1.5495,1.54981,1.50,1.95
2017.06.27 13:33:07.702,1.5495,1.5498,1.50,1.00
2017.06.27 13:33:07.753,1.54947,1.54984,2.10,1.07
2017.06.27 13:33:07.804,1.54952,1.54975,1.00,1.00
2017.06.27 13:33:08.138,1.54951,1.54973,1.00,1.00
2017.06.27 13:33:08.442,1.54954,1.54976,1.50,1.00
2017.06.27 13:33:08.544,1.54954,1.54976,1.00,1.00
2017.06.27 13:33:08.825,1.54951,1.54975,1.50,1.00
2017.06.27 13:33:09.171,1.54952,1.54973,1.00,1.00
2017.06.27 13:33:09.758,1.54953,1.54973,1.50,1.00
2017.06.27 13:33:10.168,1.54955,1.54974,1.50,1.00
2017.06.27 13:33:10.321,1.54955,1.54977,2.25,1.00
2017.06.27 13:33:10.575,1.54955,1.54977,1.12,1.00
2017.06.27 13:33:11.118,1.54955,1.54977,2.25,1.00
2017.06.27 13:33:11.422,1.54953,1.54975,1.50,1.00
2017.06.27 13:33:11.906,1.54954,1.54975,1.50,1.00
2017.06.27 13:33:12.244,1.54957,1.54988,1.00,1.45
2017.06.27 13:33:12.547,1.54957,1.54976,1.00,1.00
2017.06.27 13:33:13.004,1.54953,1.54976,1.50,1.00
2017.06.27 13:33:13.126,1.54953,1.54976,1.00,1.00
2017.06.27 13:33:13.641,1.5495,1.54973,2.25,1.00
2017.06.27 13:33:14.162,1.54951,1.54973,1.50,1.00
2017.06.27 13:33:14.506,1.54952,1.54974,1.50,1.00
2017.06.27 13:33:14.557,1.54953,1.54974,1.00,1.00
2017.06.27 13:33:15.012,1.54951,1.54973,1.50,1.00
2017.06.27 13:33:15.063,1.54952,1.54973,1.50,1.00
2017.06.27 13:33:15.292,1.54951,1.54979,1.50,1.00
2017.06.27 13:33:15.494,1.54951,1.54971,1.50,1.00
2017.06.27 13:33:15.596,1.5495,1.54971,1.00,1.00
2017.06.27 13:33:15.930,1.54947,1.54969,1.12,1.00
2017.06.27 13:33:16.317,1.54948,1.54969,1.50,1.00
2017.06.27 13:33:16.822,1.54949,1.54969,1.50,1.00
2017.06.27 13:33:17.041,1.54948,1.54969,1.00,1.00
2017.06.27 13:33:17.371,1.54945,1.54973,1.50,1.07
2017.06.27 13:33:17.892,1.54946,1.54972,1.50,1.00
2017.06.27 13:33:18.195,1.5495,1.54979,1.50,1.20
2017.06.27 13:33:18.486,1.54949,1.5498,1.50,1.57
2017.06.27 13:33:18.537,1.54949,1.5498,1.50,1.95
2017.06.27 13:33:18.892,1.54947,1.54978,1.50,1.00
2017.06.27 13:33:19.144,1.54947,1.5498,1.50,1.10
2017.06.27 13:33:19.377,1.54947,1.54978,1.50,1.00
2017.06.27 13:33:19.711,1.54949,1.5498,1.00,1.10
2017.06.27 13:33:20.216,1.5495,1.54979,1.00,1.50
2017.06.27 13:33:20.541,1.5495,1.54971,1.00,1.00
2017.06.27 13:33:21.170,1.54949,1.54971,1.50,1.00
2017.06.27 13:33:21.777,1.5495,1.54972,1.12,1.00
2017.06.27 13:33:22.291,1.54949,1.54971,1.12,1.00
2017.06.27 13:33:22.645,1.54949,1.54971,1.00,1.07
2017.06.27 13:33:22.696,1.54942,1.54972,1.00,1.20
2017.06.27 13:33:22.747,1.54938,1.54973,1.50,1.95
2017.06.27 13:33:23.276,1.54939,1.54972,1.50,1.95
2017.06.27 13:33:23.529,1.5494,1.54962,1.12,1.00
2017.06.27 13:33:23.631,1.54938,1.54962,1.12,1.00
2017.06.27 13:33:24.030,1.5494,1.54963,1.50,1.00
2017.06.27 13:33:24.233,1.54939,1.54963,1.00,1.00
2017.06.27 13:33:24.775,1.54938,1.54962,2.25,1.00
2017.06.27 13:33:25.529,1.54938,1.54961,2.25,1.00
2017.06.27 13:33:25.960,1.54939,1.54961,1.50,1.00
2017.06.27 13:33:26.263,1.54939,1.54962,1.12,1.00
2017.06.27 13:33:26.709,1.54937,1.5496,2.25,1.00
2017.06.27 13:33:26.986,1.54937,1.5496,2.25,1.00
2017.06.27 13:33:27.680,1.54936,1.54958,1.50,1.00
2017.06.27 13:33:28.091,1.54933,1.54957,1.50,1.00
2017.06.27 13:33:28.599,1.54933,1.54957,1.12,1.00
2017.06.27 13:33:28.965,1.54934,1.54957,1.50,1.00
2017.06.27 13:33:29.016,1.54935,1.54959,2.25,1.00
2017.06.27 13:33:29.649,1.54937,1.54959,1.50,1.00
2017.06.27 13:33:30.139,1.54938,1.54957,1.50,1.00
2017.06.27 13:33:30.241,1.54942,1.5497,1.00,1.20
2017.06.27 13:33:30.790,1.54941,1.5497,1.00,1.20
2017.06.27 13:33:31.121,1.54941,1.54959,1.00,1.00
2017.06.27 13:33:31.662,1.54942,1.54959,1.00,1.00
2017.06.27 13:33:32.166,1.54943,1.54959,1.00,1.00
2017.06.27 13:33:32.823,1.54949,1.54959,1.00,1.00
2017.06.27 13:33:32.924,1.54949,1.54977,1.00,1.07
2017.06.27 13:33:32.975,1.54948,1.54969,1.00,1.00
2017.06.27 13:33:33.312,1.54948,1.54966,1.00,1.00
2017.06.27 13:33:33.853,1.54949,1.54967,1.00,1.00
2017.06.27 13:33:34.078,1.54946,1.54967,1.50,1.00
2017.06.27 13:33:34.592,1.54949,1.54966,1.00,1.00
2017.06.27 13:33:34.895,1.54947,1.54967,1.00,1.00
2017.06.27 13:33:35.484,1.54949,1.54967,1.00,1.00
2017.06.27 13:33:35.535,1.54943,1.54967,2.25,1.00
2017.06.27 13:33:35.586,1.5495,1.54967,1.00,1.00
2017.06.27 13:33:35.742,1.54948,1.54967,1.00,1.00
2017.06.27 13:33:36.286,1.54949,1.54966,1.00,1.00
2017.06.27 13:33:36.995,1.54951,1.54966,1.00,1.00
2017.06.27 13:33:37.046,1.54951,1.54969,1.00,1.00
2017.06.27 13:33:37.220,1.54946,1.54969,1.12,1.00
2017.06.27 13:33:37.630,1.54952,1.54969,1.00,1.00
2017.06.27 13:33:38.480,1.54952,1.54977,1.00,1.10
2017.06.27 13:33:39.021,1.5495,1.54977,1.00,1.07
2017.06.27 13:33:39.135,1.54951,1.54968,1.00,1.00
2017.06.27 13:33:39.286,1.54952,1.5497,1.00,1.00
2017.06.27 13:33:39.795,1.54951,1.5497,1.00,1.00
2017.06.27 13:33:40.323,1.5495,1.5497,1.00,1.00
2017.06.27 13:33:40.374,1.5495,1.54968,1.00,1.00
2017.06.27 13:33:40.475,1.54948,1.54968,1.00,1.00
2017.06.27 13:33:40.577,1.54945,1.54966,1.50,1.00
2017.06.27 13:33:40.894,1.54947,1.54981,1.50,1.07
2017.06.27 13:33:41.053,1.54948,1.54981,1.50,1.67
2017.06.27 13:33:41.205,1.54949,1.54981,1.50,1.67
2017.06.27 13:33:41.763,1.54949,1.5498,1.50,1.42
2017.06.27 13:33:42.196,1.54949,1.54978,1.50,1.07
2017.06.27 13:33:42.550,1.5495,1.54972,1.50,1.00
2017.06.27 13:33:43.280,1.5495,1.54973,1.50,1.00
2017.06.27 13:33:43.382,1.54952,1.54973,1.50,1.00
2017.06.27 13:33:43.433,1.54952,1.5498,1.50,1.07
2017.06.27 13:33:43.536,1.54952,1.54984,1.50,1.67
2017.06.27 13:33:43.637,1.54952,1.54984,1.50,1.57
2017.06.27 13:33:43.750,1.54951,1.5498,1.50,1.00
2017.06.27 13:33:44.080,1.54953,1.54973,1.50,1.00
2017.06.27 13:33:44.583,1.54952,1.54973,2.25,1.00
2017.06.27 13:33:45.107,1.54953,1.54972,1.50,1.00
2017.06.27 13:33:45.240,1.54951,1.54972,2.25,1.00
2017.06.27 13:33:45.762,1.54952,1.54972,1.50,1.00
2017.06.27 13:33:46.725,1.54951,1.54972,1.37,1.00
2017.06.27 13:33:47.691,1.54951,1.54972,1.00,1.00
2017.06.27 13:33:47.842,1.54947,1.54977,1.50,1.42
2017.06.27 13:33:47.893,1.54945,1.54976,1.50,1.07
2017.06.27 13:33:47.994,1.54945,1.54968,1.50,1.00
2017.06.27 13:33:48.600,1.54944,1.54968,2.25,1.00
2017.06.27 13:33:48.917,1.54944,1.54966,1.50,1.00
2017.06.27 13:33:49.464,1.54947,1.54966,1.00,1.00
2017.06.27 13:33:49.566,1.54944,1.54966,1.50,1.00
2017.06.27 13:33:50.108,1.54943,1.54966,1.00,1.00
2017.06.27 13:33:51.722,1.54945,1.54966,1.00,1.00
2017.06.27 13:33:52.127,1.54943,1.54966,1.12,1.00
2017.06.27 13:33:52.380,1.54946,1.54966,1.50,1.00
2017.06.27 13:33:52.481,1.54944,1.54966,1.50,1.00
2017.06.27 13:33:52.763,1.54944,1.54973,1.50,1.20
2017.06.27 13:33:53.093,1.54944,1.54965,1.50,1.00
2017.06.27 13:33:53.577,1.54943,1.54967,2.25,1.00
2017.06.27 13:33:54.209,1.54944,1.54967,1.50,1.00
2017.06.27 13:33:54.828,1.54943,1.54967,2.25,1.00
2017.06.27 13:33:55.373,1.54945,1.54966,1.12,1.00
2017.06.27 13:33:56.121,1.54944,1.54966,1.12,1.00
2017.06.27 13:33:56.715,1.5494,1.54962,1.50,1.00
2017.06.27 13:33:56.817,1.54938,1.54962,2.25,1.00
2017.06.27 13:33:57.069,1.54939,1.54962,1.50,1.00
2017.06.27 13:33:57.373,1.54944,1.54964,1.00,1.00
2017.06.27 13:33:57.424,1.54942,1.54964,1.00,1.00
2017.06.27 13:33:57.958,1.54944,1.54964,1.00,1.00
2017.06.27 13:33:58.487,1.54943,1.54964,1.00,1.00
2017.06.27 13:33:58.986,1.54944,1.54964,1.50,1.00
2017.06.27 13:33:59.521,1.54949,1.54964,1.50,1.00
2017.06.27 13:33:59.623,1.54947,1.54964,1.35,1.00
2017.06.27 13:33:59.674,1.54949,1.54964,1.50,1.00
2017.06.27 13:33:59.826,1.5495,1.54982,1.50,1.45
2017.06.27 13:34:00.401,1.5495,1.54982,1.50,1.05
2017.06.27 13:34:00.453,1.54946,1.5498,1.00,1.95
2017.06.27 13:34:00.612,1.54948,1.54978,1.00,1.37
2017.06.27 13:34:01.118,1.54947,1.54978,1.00,1.05
2017.06.27 13:34:01.425,1.54945,1.54967,1.50,1.00
2017.06.27 13:34:01.825,1.54948,1.54967,1.00,1.00
2017.06.27 13:34:02.570,1.54947,1.54967,1.00,1.00
2017.06.27 13:34:02.903,1.54947,1.54968,1.50,1.00
2017.06.27 13:34:03.054,1.54947,1.54978,1.50,1.07
2017.06.27 13:34:03.156,1.54946,1.54977,1.50,1.07
2017.06.27 13:34:03.258,1.54945,1.54977,1.50,1.20
2017.06.27 13:34:03.310,1.54943,1.54978,1.50,1.05
2017.06.27 13:34:03.363,1.54944,1.54979,1.50,1.05
2017.06.27 13:34:03.717,1.54944,1.54975,1.50,1.07
2017.06.27 13:34:04.020,1.54944,1.54966,1.00,1.00
2017.06.27 13:34:04.856,1.54944,1.54965,1.00,1.00
2017.06.27 13:34:05.307,1.54942,1.54968,1.50,1.07
2017.06.27 13:34:05.358,1.54942,1.54965,1.50,1.00
2017.06.27 13:34:05.510,1.54941,1.54967,1.00,1.10
2017.06.27 13:34:05.561,1.54939,1.54966,1.50,1.00
2017.06.27 13:34:06.035,1.54941,1.54971,1.50,1.95
2017.06.27 13:34:06.339,1.5494,1.54962,1.50,1.00
2017.06.27 13:34:06.440,1.5494,1.54968,1.50,1.00
2017.06.27 13:34:06.642,1.5494,1.54965,1.00,1.00
2017.06.27 13:34:07.001,1.54939,1.54961,1.00,1.00
2017.06.27 13:34:07.463,1.54943,1.54961,1.50,1.00
2017.06.27 13:34:07.514,1.5494,1.54961,1.00,1.00
2017.06.27 13:34:07.565,1.54948,1.54963,1.00,1.00
2017.06.27 13:34:07.615,1.54948,1.54972,1.00,1.07
2017.06.27 13:34:08.144,1.54945,1.54969,1.50,1.00
2017.06.27 13:34:08.245,1.54948,1.54971,1.00,1.00
2017.06.27 13:34:08.549,1.54948,1.54969,1.00,1.00
2017.06.27 13:34:08.853,1.54947,1.54971,1.00,1.00
2017.06.27 13:34:09.403,1.54947,1.5497,1.00,1.00
2017.06.27 13:34:09.504,1.54948,1.5497,1.50,1.00
2017.06.27 13:34:10.307,1.54946,1.5497,1.50,1.00
2017.06.27 13:34:10.757,1.54948,1.5497,1.50,1.00
2017.06.27 13:34:10.858,1.54949,1.54973,1.50,1.50
2017.06.27 13:34:12.850,1.54945,1.54976,1.00,1.45
2017.06.27 13:34:13.472,1.54945,1.54976,1.00,1.20
2017.06.27 13:34:13.523,1.54944,1.54968,1.00,1.00
2017.06.27 13:34:13.999,1.54944,1.54966,1.00,1.00
2017.06.27 13:34:14.201,1.54947,1.54972,1.50,1.00
2017.06.27 13:34:14.909,1.54948,1.54972,1.00,1.00
2017.06.27 13:34:15.417,1.54946,1.54971,1.50,1.00
2017.06.27 13:34:15.539,1.54948,1.54971,1.00,1.00
2017.06.27 13:34:15.591,1.5495,1.54975,1.50,1.00
2017.06.27 13:34:16.572,1.5495,1.54973,1.00,1.00
2017.06.27 13:34:18.576,1.54947,1.54976,1.50,1.00
2017.06.27 13:34:18.872,1.54948,1.54977,1.50,1.00
2017.06.27 13:34:19.263,1.5495,1.54975,1.12,1.00
2017.06.27 13:34:19.521,1.54946,1.54976,1.50,1.00
2017.06.27 13:34:20.066,1.54946,1.54977,1.50,1.00
2017.06.27 13:34:20.218,1.5495,1.54975,1.00,1.00
2017.06.27 13:34:20.522,1.5495,1.54972,1.00,1.00
2017.06.27 13:34:20.574,1.54948,1.54971,1.00,1.00
2017.06.27 13:34:20.676,1.54946,1.54971,1.00,1.00
2017.06.27 13:34:21.499,1.54946,1.5497,1.00,1.00
2017.06.27 13:34:21.600,1.54944,1.54969,1.00,1.00
2017.06.27 13:34:21.973,1.5494,1.54969,1.50,1.00
2017.06.27 13:34:22.176,1.54937,1.54967,1.50,1.00
2017.06.27 13:34:22.684,1.54939,1.54965,1.12,1.00
2017.06.27 13:34:23.038,1.54942,1.54965,1.00,1.00
2017.06.27 13:34:23.612,1.54942,1.54964,1.00,1.00
2017.06.27 13:34:24.200,1.54944,1.54964,1.00,1.00
2017.06.27 13:34:24.250,1.54942,1.54965,1.00,1.00
2017.06.27 13:34:24.301,1.54944,1.54965,1.00,1.00
2017.06.27 13:34:24.818,1.54943,1.54966,1.50,1.00
2017.06.27 13:34:25.259,1.54941,1.54965,1.00,1.65
2017.06.27 13:34:25.311,1.54929,1.54962,1.50,1.12
2017.06.27 13:34:25.463,1.54926,1.5496,1.50,1.52
2017.06.27 13:34:25.514,1.54934,1.5496,1.00,1.07
2017.06.27 13:34:26.026,1.54933,1.5496,1.12,1.10
2017.06.27 13:34:26.329,1.54937,1.54959,1.50,1.00
2017.06.27 13:34:26.535,1.54937,1.54964,1.50,1.10
2017.06.27 13:34:26.922,1.54933,1.54965,1.50,1.07
2017.06.27 13:34:27.025,1.54937,1.54962,1.50,1.00
2017.06.27 13:34:27.075,1.54937,1.54965,1.50,1.07
2017.06.27 13:34:27.588,1.54938,1.54963,1.50,1.00
2017.06.27 13:34:27.740,1.54941,1.54963,1.00,1.00
2017.06.27 13:34:27.791,1.54942,1.54966,1.00,1.00
2017.06.27 13:34:28.305,1.54941,1.54966,1.00,1.00
2017.06.27 13:34:28.810,1.5494,1.54971,1.00,1.05
2017.06.27 13:34:28.912,1.5494,1.5497,1.00,1.05
2017.06.27 13:34:29.274,1.5494,1.54963,1.50,1.00
2017.06.27 13:34:29.796,1.54939,1.54962,1.00,1.00
2017.06.27 13:34:30.357,1.54939,1.54962,1.37,1.00
2017.06.27 13:34:30.559,1.5494,1.54965,1.12,1.00
2017.06.27 13:34:30.942,1.54942,1.54964,1.00,1.00
2017.06.27 13:34:31.303,1.54942,1.54964,1.37,1.00
2017.06.27 13:34:32.321,1.54944,1.54969,1.00,1.50
2017.06.27 13:34:32.372,1.54944,1.54967,1.12,1.00
2017.06.27 13:34:32.574,1.54944,1.54969,1.00,1.00
2017.06.27 13:34:33.210,1.54939,1.5497,1.50,1.00
2017.06.27 13:34:33.484,1.54941,1.54974,1.00,2.17
2017.06.27 13:34:34.132,1.54941,1.54974,1.00,2.10
2017.06.27 13:34:34.672,1.5494,1.54974,1.12,2.17
2017.06.27 13:34:34.993,1.54937,1.54974,1.50,1.67
2017.06.27 13:34:35.044,1.54942,1.54966,1.00,1.60
2017.06.27 13:34:35.095,1.54937,1.5496,1.00,1.00
2017.06.27 13:34:35.979,1.54939,1.54962,1.00,1.00
2017.06.27 13:34:37.016,1.54938,1.54961,1.00,1.00
2017.06.27 13:34:37.992,1.54938,1.5496,1.00,1.00
2017.06.27 13:34:38.925,1.54938,1.54956,1.00,2.85
2017.06.27 13:34:39.076,1.54925,1.54944,1.00,1.00
2017.06.27 13:34:39.127,1.54919,1.54944,1.87,2.25
2017.06.27 13:34:39.178,1.54918,1.54941,1.87,1.00
2017.06.27 13:34:39.334,1.54922,1.54945,1.12,1.00
2017.06.27 13:34:40.093,1.54923,1.54948,1.00,1.00
2017.06.27 13:34:40.465,1.54926,1.54949,1.00,1.00
2017.06.27 13:34:40.804,1.54928,1.54951,1.00,1.00
2017.06.27 13:34:41.107,1.5492,1.54943,1.00,1.00
2017.06.27 13:34:42.144,1.54919,1.54942,1.00,1.00
2017.06.27 13:34:42.448,1.54922,1.54944,1.00,1.00
2017.06.27 13:34:43.014,1.54922,1.54945,1.00,1.50
2017.06.27 13:34:43.610,1.54926,1.54942,1.00,1.00
2017.06.27 13:34:43.712,1.54915,1.54943,1.50,1.00
2017.06.27 13:34:43.985,1.54916,1.54945,2.25,1.57
2017.06.27 13:34:44.530,1.54916,1.54944,2.25,1.00
2017.06.27 13:34:45.012,1.5492,1.54945,1.00,1.00
2017.06.27 13:34:45.951,1.54921,1.54945,1.00,1.00
2017.06.27 13:34:46.434,1.54921,1.54943,1.00,1.00
2017.06.27 13:34:46.486,1.54919,1.54943,1.00,1.00
2017.06.27 13:34:46.689,1.5492,1.54941,1.00,1.00
2017.06.27 13:34:47.494,1.54919,1.54937,1.00,1.00
2017.06.27 13:34:47.545,1.54917,1.54937,1.00,1.00
2017.06.27 13:34:47.596,1.54917,1.5494,1.00,1.00
2017.06.27 13:34:47.973,1.54919,1.54941,1.00,1.00
2017.06.27 13:34:48.644,1.54919,1.54942,1.00,1.00
2017.06.27 13:34:48.975,1.54919,1.54937,1.00,1.00
2017.06.27 13:34:49.136,1.54906,1.54938,1.35,1.00
2017.06.27 13:34:49.187,1.54908,1.54942,2.47,1.00
2017.06.27 13:34:49.784,1.54908,1.54941,2.10,1.00
2017.06.27 13:34:49.835,1.54911,1.54941,1.00,1.00
2017.06.27 13:34:50.366,1.5491,1.54941,1.00,1.00
2017.06.27 13:34:50.989,1.54911,1.5494,1.00,1.00
2017.06.27 13:34:51.614,1.5491,1.5494,1.00,1.00
2017.06.27 13:34:52.299,1.5491,1.54941,1.00,1.00
2017.06.27 13:34:52.926,1.5491,1.5494,1.00,1.00
2017.06.27 13:34:53.262,1.54918,1.54942,1.00,1.00
2017.06.27 13:34:53.823,1.54918,1.54943,1.00,1.50
2017.06.27 13:34:54.046,1.5491,1.54943,1.12,1.00
2017.06.27 13:34:54.569,1.54911,1.54943,1.00,1.00
2017.06.27 13:34:55.109,1.54911,1.54942,1.00,1.00
2017.06.27 13:34:55.210,1.54913,1.54942,1.00,1.00
2017.06.27 13:34:55.738,1.54912,1.54943,1.00,1.00
2017.06.27 13:34:56.276,1.54913,1.54943,1.00,1.00
2017.06.27 13:34:56.811,1.54913,1.54942,1.00,1.00
2017.06.27 13:34:57.141,1.5492,1.54941,1.00,1.00
2017.06.27 13:34:57.395,1.5492,1.54943,1.00,1.00
2017.06.27 13:34:57.597,1.5491,1.54945,1.00,1.07
2017.06.27 13:34:57.648,1.5491,1.54941,1.00,1.00
2017.06.27 13:34:57.991,1.5491,1.54939,1.00,1.00
2017.06.27 13:34:58.321,1.54917,1.5494,1.00,1.50
2017.06.27 13:34:58.702,1.54917,1.54938,1.00,1.00
2017.06.27 13:34:59.149,1.5491,1.54943,1.50,1.57
2017.06.27 13:34:59.200,1.54912,1.54944,1.50,1.20
2017.06.27 13:34:59.251,1.54912,1.54945,1.50,1.07
2017.06.27 13:34:59.301,1.54911,1.5494,1.50,1.00
2017.06.27 13:34:59.402,1.54912,1.54945,1.50,1.57
2017.06.27 13:34:59.917,1.54913,1.54946,1.50,3.30
2017.06.27 13:35:00.999,1.54917,1.54942,1.00,1.00
2017.06.27 13:35:03.019,1.54913,1.54945,1.00,1.07
2017.06.27 13:35:03.366,1.54912,1.54943,1.50,1.00
2017.06.27 13:35:03.720,1.54915,1.54941,1.50,1.00
2017.06.27 13:35:04.024,1.54916,1.54944,1.50,1.00
2017.06.27 13:35:04.075,1.54916,1.54942,1.50,1.00
2017.06.27 13:35:05.269,1.54917,1.54943,1.12,1.50
2017.06.27 13:35:05.833,1.54917,1.54942,1.00,1.00
2017.06.27 13:35:07.029,1.54919,1.54944,1.00,1.00
2017.06.27 13:35:07.439,1.54919,1.54942,1.00,1.00
2017.06.27 13:35:07.938,1.54919,1.54942,1.00,1.07
2017.06.27 13:35:08.206,1.54896,1.54925,1.00,1.00
2017.06.27 13:35:08.307,1.54898,1.54927,1.50,1.07
2017.06.27 13:35:08.358,1.54898,1.54928,1.50,1.57
2017.06.27 13:35:08.459,1.54898,1.54923,1.50,1.00
2017.06.27 13:35:08.763,1.549,1.54924,1.50,1.00
2017.06.27 13:35:09.118,1.54906,1.54932,1.50,1.00
2017.06.27 13:35:09.169,1.5491,1.54935,1.50,1.00
2017.06.27 13:35:09.772,1.54909,1.54934,1.50,1.00
2017.06.27 13:35:10.097,1.54911,1.54935,1.50,1.00
2017.06.27 13:35:10.924,1.54913,1.54934,1.00,1.00
2017.06.27 13:35:11.469,1.54912,1.54932,1.00,1.00
2017.06.27 13:35:11.520,1.54912,1.54935,1.00,1.50
2017.06.27 13:35:12.044,1.54912,1.54934,1.00,1.00
2017.06.27 13:35:12.684,1.54911,1.54935,1.50,1.00
2017.06.27 13:35:13.196,1.54911,1.54934,1.50,1.00
2017.06.27 13:35:13.755,1.54913,1.54935,1.00,1.00
2017.06.27 13:35:14.388,1.54913,1.54934,1.00,1.00
2017.06.27 13:35:14.912,1.54913,1.54935,1.00,1.00
2017.06.27 13:35:15.415,1.54913,1.54933,1.00,1.00
2017.06.27 13:35:15.779,1.54913,1.54935,1.00,1.00
2017.06.27 13:35:15.931,1.54913,1.54932,1.00,1.00
2017.06.27 13:35:16.301,1.5491,1.54932,1.50,1.00
2017.06.27 13:35:16.849,1.54909,1.54933,1.50,1.00
2017.06.27 13:35:16.900,1.54908,1.54931,1.50,1.00
2017.06.27 13:35:16.951,1.54907,1.54931,1.00,1.00
2017.06.27 13:35:17.419,1.54904,1.54931,1.50,1.00
2017.06.27 13:35:18.513,1.54908,1.54929,1.00,1.00
2017.06.27 13:35:20.166,1.54908,1.54927,1.00,1.00
2017.06.27 13:35:20.612,1.54904,1.54929,1.50,1.00
2017.06.27 13:35:20.814,1.54904,1.54931,1.50,1.00
2017.06.27 13:35:21.360,1.54904,1.54931,1.00,1.00
2017.06.27 13:35:21.846,1.54909,1.54933,1.00,1.60
2017.06.27 13:35:21.998,1.54896,1.54923,2.25,1.00
2017.06.27 13:35:22.050,1.54897,1.54921,1.50,1.00
2017.06.27 13:35:22.101,1.54896,1.54928,1.00,2.17
2017.06.27 13:35:22.202,1.54894,1.54921,1.00,1.00
2017.06.27 13:35:22.253,1.54895,1.54927,1.00,2.17
2017.06.27 13:35:22.305,1.549,1.54922,1.00,1.00
2017.06.27 13:35:22.685,1.549,1.5492,1.00,1.00
2017.06.27 13:35:23.141,1.54901,1.54923,1.00,1.50
2017.06.27 13:35:23.344,1.54901,1.54921,1.00,1.00
2017.06.27 13:35:23.445,1.54894,1.54915,1.50,1.00
2017.06.27 13:35:23.547,1.54889,1.54914,1.12,1.50
2017.06.27 13:35:23.648,1.54891,1.54915,2.25,1.00
2017.06.27 13:35:23.985,1.54895,1.54916,1.00,1.00
2017.06.27 13:35:24.188,1.5489,1.5492,1.50,1.00
2017.06.27 13:35:24.592,1.5489,1.54917,1.50,1.00
2017.06.27 13:35:24.898,1.5489,1.54915,2.25,1.00
2017.06.27 13:35:25.427,1.54892,1.54916,1.00,1.50
2017.06.27 13:35:25.991,1.54892,1.54915,1.12,1.00
2017.06.27 13:35:26.620,1.54892,1.54916,1.00,1.50
2017.06.27 13:35:26.945,1.54892,1.54914,1.50,1.00
2017.06.27 13:35:27.475,1.54892,1.54914,2.25,1.00
2017.06.27 13:35:27.781,1.54889,1.5491,1.12,1.00
2017.06.27 13:35:28.642,1.54888,1.54909,2.25,1.00
2017.06.27 13:35:29.327,1.54888,1.54909,1.00,1.50
2017.06.27 13:35:29.871,1.54888,1.5491,2.25,1.50
2017.06.27 13:35:30.172,1.54889,1.54908,1.50,1.00
2017.06.27 13:35:30.273,1.54889,1.5491,1.50,1.00
2017.06.27 13:35:30.375,1.54891,1.54913,1.12,1.00
2017.06.27 13:35:30.925,1.54888,1.54912,1.37,1.00
2017.06.27 13:35:30.976,1.5489,1.54912,1.50,1.00
2017.06.27 13:35:31.280,1.54893,1.54912,1.00,1.00
2017.06.27 13:35:31.776,1.54894,1.54915,2.25,1.00
2017.06.27 13:35:32.928,1.54893,1.54915,1.50,1.00
2017.06.27 13:35:33.098,1.54892,1.54918,1.50,1.00
2017.06.27 13:35:33.149,1.54891,1.54918,1.50,1.00
2017.06.27 13:35:33.200,1.54893,1.54915,1.00,1.00
2017.06.27 13:35:33.911,1.54893,1.54915,2.25,1.00
2017.06.27 13:35:34.111,1.54893,1.54918,1.50,1.00
2017.06.27 13:35:34.667,1.54894,1.54919,1.50,1.00
2017.06.27 13:35:35.114,1.54892,1.54916,2.25,1.00
2017.06.27 13:35:35.463,1.54892,1.54913,1.00,1.00
2017.06.27 13:35:35.816,1.54892,1.54914,1.00,1.70
2017.06.27 13:35:35.917,1.54882,1.5491,1.50,1.00
2017.06.27 13:35:36.120,1.54882,1.54906,1.50,1.00
2017.06.27 13:35:36.520,1.54883,1.5491,1.00,1.00
2017.06.27 13:35:36.571,1.54884,1.5491,2.25,1.00
2017.06.27 13:35:36.723,1.54885,1.54912,1.50,1.00
2017.06.27 13:35:36.875,1.54887,1.54913,1.50,1.00
2017.06.27 13:35:37.178,1.54889,1.5491,1.12,1.00
2017.06.27 13:35:37.657,1.54889,1.54906,1.00,1.10
2017.06.27 13:35:37.808,1.54879,1.54902,1.00,1.00
2017.06.27 13:35:37.859,1.54876,1.54902,1.50,1.00
2017.06.27 13:35:38.365,1.54878,1.54902,1.50,1.00
2017.06.27 13:35:38.466,1.5488,1.54904,1.50,1.00
2017.06.27 13:35:38.613,1.54886,1.54905,1.50,1.00
2017.06.27 13:35:38.664,1.54884,1.54905,1.00,1.00
2017.06.27 13:35:38.765,1.54885,1.54905,1.50,1.00
2017.06.27 13:35:38.917,1.54886,1.54914,1.50,1.00
2017.06.27 13:35:39.069,1.54885,1.54918,1.00,1.42
2017.06.27 13:35:39.271,1.54884,1.54917,1.12,2.17
2017.06.27 13:35:39.614,1.54884,1.5491,2.25,1.00
2017.06.27 13:35:39.816,1.54882,1.54909,1.00,1.00
2017.06.27 13:35:39.867,1.54881,1.54901,1.00,1.00
2017.06.27 13:35:39.918,1.54876,1.549,1.00,1.00
2017.06.27 13:35:39.969,1.54876,1.54897,1.00,1.00
2017.06.27 13:35:40.172,1.54873,1.54899,2.25,1.00
2017.06.27 13:35:40.425,1.5487,1.54897,2.25,1.00
2017.06.27 13:35:40.601,1.54874,1.54903,1.50,1.00
2017.06.27 13:35:40.655,1.54879,1.54911,1.12,1.00
2017.06.27 13:35:40.756,1.54879,1.54905,2.25,1.00
2017.06.27 13:35:41.263,1.54879,1.54906,2.25,1.00
2017.06.27 13:35:41.364,1.54878,1.54905,1.50,1.00
2017.06.27 13:35:41.466,1.5488,1.54905,1.50,1.00
2017.06.27 13:35:41.756,1.54886,1.54911,1.50,1.00
2017.06.27 13:35:41.858,1.54887,1.54911,1.50,1.00
2017.06.27 13:35:41.908,1.54887,1.54913,1.50,1.00
2017.06.27 13:35:42.010,1.54886,1.54919,1.50,2.17
2017.06.27 13:35:42.111,1.54884,1.54916,1.50,1.10
2017.06.27 13:35:42.162,1.54884,1.54909,1.50,1.00
2017.06.27 13:35:42.263,1.54884,1.54915,1.50,1.00
2017.06.27 13:35:42.314,1.54883,1.54914,1.00,1.00
2017.06.27 13:35:42.365,1.54882,1.54912,1.50,1.00
2017.06.27 13:35:42.666,1.54877,1.54905,1.50,1.00
2017.06.27 13:35:42.970,1.54879,1.54904,1.00,1.00
2017.06.27 13:35:43.395,1.54878,1.54902,1.50,1.00
2017.06.27 13:35:43.712,1.5488,1.54905,1.50,1.00
2017.06.27 13:35:44.241,1.5488,1.54904,1.00,1.00
2017.06.27 13:35:44.543,1.54882,1.54906,1.00,1.00
2017.06.27 13:35:45.082,1.54882,1.54905,1.00,1.00
2017.06.27 13:35:45.605,1.54882,1.54906,1.00,1.00
2017.06.27 13:35:46.279,1.54881,1.54905,1.50,1.00
2017.06.27 13:35:46.830,1.54881,1.54906,1.50,1.00
2017.06.27 13:35:47.346,1.54882,1.54905,1.37,1.00
2017.06.27 13:35:47.660,1.54882,1.54903,1.00,1.00
2017.06.27 13:35:48.196,1.54879,1.54903,1.50,1.00
2017.06.27 13:35:48.634,1.54878,1.54904,1.50,1.00
2017.06.27 13:35:49.242,1.5488,1.54903,1.50,1.00
2017.06.27 13:35:49.527,1.54881,1.54906,1.50,1.00
2017.06.27 13:35:49.679,1.54883,1.54905,1.50,1.00
2017.06.27 13:35:49.730,1.54884,1.54907,1.12,1.00
2017.06.27 13:35:50.254,1.54884,1.54906,1.00,1.00
2017.06.27 13:35:50.770,1.54882,1.54906,1.00,1.00
2017.06.27 13:35:51.862,1.54884,1.54906,1.00,1.00
2017.06.27 13:35:52.418,1.54884,1.54912,1.00,1.00
2017.06.27 13:35:52.839,1.54885,1.54909,1.00,1.00
2017.06.27 13:35:53.661,1.54887,1.5491,1.00,1.00
2017.06.27 13:35:53.973,1.54885,1.5491,1.00,1.00
2017.06.27 13:35:54.494,1.54885,1.54909,1.00,1.00
2017.06.27 13:35:55.009,1.5488,1.54908,2.25,1.00
2017.06.27 13:35:55.902,1.5488,1.54909,1.50,1.00
2017.06.27 13:35:56.003,1.54884,1.54912,1.00,1.00
2017.06.27 13:35:56.504,1.54884,1.54913,1.12,1.00
2017.06.27 13:35:56.808,1.54886,1.54915,1.50,1.00
2017.06.27 13:35:57.350,1.54887,1.54916,1.50,1.00
2017.06.27 13:35:57.538,1.54886,1.5492,1.50,1.60
2017.06.27 13:35:57.589,1.54887,1.54919,1.00,2.10
2017.06.27 13:35:57.690,1.54883,1.54917,2.25,1.60
2017.06.27 13:35:57.791,1.54884,1.54919,2.25,1.60
2017.06.27 13:35:57.842,1.54887,1.54921,1.50,1.50
2017.06.27 13:35:58.146,1.54887,1.54918,1.50,1.00
2017.06.27 13:35:58.677,1.54887,1.54919,1.50,1.50
2017.06.27 13:35:58.980,1.5489,1.54915,1.00,1.00
2017.06.27 13:36:00.175,1.5489,1.54916,1.00,1.00
2017.06.27 13:36:02.271,1.5489,1.54916,1.00,2.10
2017.06.27 13:36:02.323,1.54887,1.54914,1.00,2.10
2017.06.27 13:36:02.762,1.54884,1.54913,1.12,1.35
2017.06.27 13:36:03.102,1.54882,1.54911,1.50,1.00
2017.06.27 13:36:03.405,1.54884,1.5491,1.50,1.00
2017.06.27 13:36:03.456,1.54882,1.54911,1.50,1.00
2017.06.27 13:36:04.047,1.54882,1.54911,1.50,1.00
2017.06.27 13:36:04.483,1.54884,1.54907,1.37,1.00
2017.06.27 13:36:05.093,1.54884,1.54906,1.87,1.00
2017.06.27 13:36:05.493,1.54884,1.54908,2.25,1.00
2017.06.27 13:36:05.544,1.54885,1.5491,1.50,1.00
2017.06.27 13:36:05.646,1.54885,1.54902,1.00,1.00
2017.06.27 13:36:05.697,1.54885,1.54904,1.00,1.00
2017.06.27 13:36:05.748,1.54883,1.54903,1.00,1.00
2017.06.27 13:36:05.799,1.54883,1.54908,1.00,1.00
2017.06.27 13:36:05.850,1.54883,1.54908,2.25,1.00
2017.06.27 13:36:05.901,1.54883,1.54912,1.50,1.00
2017.06.27 13:36:06.003,1.54886,1.54914,1.00,1.50
2017.06.27 13:36:06.182,1.5488,1.54914,1.50,1.57
2017.06.27 13:36:06.284,1.54881,1.54912,1.50,1.00
2017.06.27 13:36:07.294,1.54883,1.54907,1.50,1.00
2017.06.27 13:36:07.843,1.54882,1.54907,1.50,1.00
2017.06.27 13:36:07.944,1.54884,1.54907,1.00,1.00
2017.06.27 13:36:08.344,1.54884,1.54897,1.00,1.00
2017.06.27 13:36:08.395,1.54882,1.54902,1.00,1.00
2017.06.27 13:36:08.496,1.5488,1.5491,1.00,2.17
2017.06.27 13:36:08.548,1.54886,1.5491,1.00,1.00
2017.06.27 13:36:08.598,1.54878,1.54913,1.00,2.25
2017.06.27 13:36:08.649,1.54883,1.54913,1.50,1.00
2017.06.27 13:36:08.700,1.54886,1.54918,1.50,2.92
2017.06.27 13:36:08.751,1.5488,1.54918,1.00,2.92
2017.06.27 13:36:08.801,1.5488,1.54917,1.50,1.57
2017.06.27 13:36:09.559,1.54887,1.54915,1.50,1.00
2017.06.27 13:36:09.960,1.54887,1.54919,1.50,1.00
2017.06.27 13:36:10.011,1.54886,1.54922,1.50,2.10
2017.06.27 13:36:10.062,1.54886,1.54922,1.50,2.10
2017.06.27 13:36:10.366,1.54884,1.54917,2.25,1.00
2017.06.27 13:36:10.417,1.54888,1.54915,1.00,1.00
2017.06.27 13:36:10.468,1.54885,1.5492,1.00,1.67
2017.06.27 13:36:10.615,1.54886,1.54918,1.00,1.60
2017.06.27 13:36:10.717,1.54892,1.54921,1.00,1.60
2017.06.27 13:36:10.819,1.54892,1.54921,1.00,1.60
2017.06.27 13:36:10.971,1.54889,1.54922,1.50,1.60
2017.06.27 13:36:11.023,1.5489,1.54922,1.50,1.60
2017.06.27 13:36:11.125,1.54894,1.54918,1.00,1.00
2017.06.27 13:36:11.428,1.54892,1.54915,1.00,1.00
2017.06.27 13:36:11.833,1.54887,1.54917,1.50,1.00
2017.06.27 13:36:11.934,1.54893,1.54919,1.00,1.00
2017.06.27 13:36:12.380,1.54892,1.54917,1.00,1.00
2017.06.27 13:36:12.734,1.54892,1.54915,1.00,1.00
2017.06.27 13:36:12.968,1.54889,1.54917,2.25,1.00
2017.06.27 13:36:13.070,1.54892,1.54915,1.00,1.00
2017.06.27 13:36:13.727,1.54891,1.54918,1.50,1.00
2017.06.27 13:36:14.286,1.54892,1.54919,1.50,1.00
2017.06.27 13:36:14.337,1.54892,1.54917,1.50,1.00
2017.06.27 13:36:14.540,1.54889,1.54917,1.50,1.00
2017.06.27 13:36:14.641,1.54897,1.54917,1.00,1.00
2017.06.27 13:36:15.157,1.54897,1.54916,1.00,1.00
2017.06.27 13:36:15.926,1.54897,1.54915,1.00,1.00
2017.06.27 13:36:16.314,1.54889,1.54915,1.50,1.00
2017.06.27 13:36:16.364,1.54891,1.54916,1.50,1.00
2017.06.27 13:36:16.466,1.54889,1.54916,1.50,1.00
2017.06.27 13:36:16.969,1.54889,1.54915,1.50,1.00
2017.06.27 13:36:17.021,1.54891,1.54915,1.50,1.00
2017.06.27 13:36:17.605,1.54893,1.54916,1.00,1.50
2017.06.27 13:36:18.043,1.54893,1.54914,1.00,1.00
2017.06.27 13:36:18.245,1.54893,1.54916,1.00,1.00
2017.06.27 13:36:18.463,1.54893,1.54911,1.00,1.00
2017.06.27 13:36:18.936,1.54884,1.54911,2.25,1.00
2017.06.27 13:36:19.439,1.54894,1.54915,1.00,1.00
2017.06.27 13:36:19.490,1.54891,1.54915,1.00,1.50
2017.06.27 13:36:19.894,1.54893,1.54917,1.00,1.00
2017.06.27 13:36:20.152,1.5489,1.54917,1.50,1.00
2017.06.27 13:36:20.509,1.54891,1.54922,1.50,1.00
2017.06.27 13:36:20.942,1.54895,1.54919,1.00,1.00
2017.06.27 13:36:21.323,1.54896,1.54926,1.00,1.67
2017.06.27 13:36:21.844,1.54896,1.54929,1.00,2.17
2017.06.27 13:36:21.895,1.54902,1.5493,1.00,2.17
2017.06.27 13:36:22.200,1.54906,1.54927,1.00,1.00
2017.06.27 13:36:22.301,1.54904,1.54927,1.12,1.00
2017.06.27 13:36:22.837,1.54903,1.54927,1.50,1.00
2017.06.27 13:36:23.140,1.54904,1.54927,2.25,1.00
2017.06.27 13:36:23.452,1.54907,1.54927,1.00,1.00
2017.06.27 13:36:23.839,1.54911,1.54927,1.00,1.00
2017.06.27 13:36:23.889,1.54914,1.54945,1.50,1.42
2017.06.27 13:36:23.942,1.54911,1.54946,1.50,1.67
2017.06.27 13:36:23.993,1.54912,1.54947,1.50,1.67
2017.06.27 13:36:24.596,1.54911,1.54947,1.50,1.42
2017.06.27 13:36:24.651,1.54919,1.5495,1.50,1.67
2017.06.27 13:36:24.703,1.54916,1.54951,1.50,2.92
2017.06.27 13:36:24.804,1.54915,1.54949,1.00,1.67
2017.06.27 13:36:24.905,1.5492,1.54943,1.00,1.00
2017.06.27 13:36:25.208,1.54919,1.54941,1.00,1.00
2017.06.27 13:36:25.259,1.5492,1.54943,1.00,1.00
2017.06.27 13:36:25.660,1.54922,1.54945,1.50,1.00
2017.06.27 13:36:25.964,1.54923,1.54947,2.25,1.00
2017.06.27 13:36:26.066,1.54923,1.54949,3.00,1.00
2017.06.27 13:36:26.396,1.54925,1.54951,2.25,1.00
2017.06.27 13:36:26.700,1.54928,1.54951,2.25,1.00
2017.06.27 13:36:26.903,1.54929,1.54962,1.50,1.42
2017.06.27 13:36:27.107,1.54929,1.54958,1.50,1.50
2017.06.27 13:36:27.209,1.54929,1.5496,1.50,1.00
2017.06.27 13:36:27.260,1.54928,1.54961,2.25,1.00
2017.06.27 13:36:27.361,1.54937,1.54967,1.00,1.00
2017.06.27 13:36:27.463,1.54937,1.5497,2.25,1.07
2017.06.27 13:36:27.656,1.54936,1.54974,1.00,2.25
2017.06.27 13:36:27.707,1.54938,1.54973,1.00,1.45
2017.06.27 13:36:28.046,1.54954,1.54978,1.60,1.45
2017.06.27 13:36:28.097,1.54973,1.5499,1.00,2.25
2017.06.27 13:36:28.154,1.54977,1.5499,1.50,1.50
2017.06.27 13:36:28.372,1.54973,1.54993,1.00,1.12
2017.06.27 13:36:28.423,1.54983,1.55003,1.00,1.00
2017.06.27 13:36:28.709,1.54989,1.55011,1.00,1.00
2017.06.27 13:36:28.761,1.54985,1.55011,1.50,1.00
2017.06.27 13:36:28.812,1.54987,1.55011,1.50,1.00
2017.06.27 13:36:28.865,1.5499,1.55022,1.50,1.60
2017.06.27 13:36:29.071,1.54987,1.55024,1.00,1.60
2017.06.27 13:36:29.122,1.54988,1.5502,1.00,2.10
2017.06.27 13:36:29.172,1.54985,1.55014,1.00,1.00
2017.06.27 13:36:29.274,1.54984,1.55014,3.00,1.00
2017.06.27 13:36:29.324,1.54991,1.55024,1.00,2.85
2017.06.27 13:36:29.426,1.54986,1.55017,1.50,1.60
2017.06.27 13:36:29.554,1.54983,1.55018,1.00,1.35
2017.06.27 13:36:29.608,1.54986,1.55017,1.00,1.60
2017.06.27 13:36:29.709,1.54979,1.55009,1.00,1.60
2017.06.27 13:36:29.861,1.5498,1.55012,1.00,2.85
2017.06.27 13:36:30.161,1.54975,1.55011,1.00,1.00
2017.06.27 13:36:30.267,1.5498,1.55011,1.00,2.85
2017.06.27 13:36:30.368,1.54973,1.55011,1.50,1.60
2017.06.27 13:36:30.419,1.54974,1.55011,1.00,2.85
2017.06.27 13:36:30.470,1.54974,1.5501,1.00,1.60
2017.06.27 13:36:30.572,1.54971,1.55005,1.00,1.00
2017.06.27 13:36:30.623,1.54977,1.55006,1.00,1.35
2017.06.27 13:36:30.747,1.54975,1.55006,1.00,1.35
2017.06.27 13:36:30.899,1.54973,1.55007,1.00,1.72
2017.06.27 13:36:30.950,1.5497,1.55007,1.00,1.72
2017.06.27 13:36:31.051,1.54964,1.55002,1.00,1.00
2017.06.27 13:36:31.152,1.54964,1.55005,1.00,1.60
2017.06.27 13:36:31.253,1.54964,1.55006,1.00,1.60
2017.06.27 13:36:31.573,1.54953,1.54985,1.50,1.00
2017.06.27 13:36:31.876,1.54949,1.54983,1.50,1.00
2017.06.27 13:36:31.927,1.54949,1.5498,1.00,1.00
2017.06.27 13:36:31.978,1.54943,1.54983,1.95,1.60
2017.06.27 13:36:32.028,1.54946,1.54978,2.25,1.35
2017.06.27 13:36:32.272,1.54944,1.54974,1.00,1.00
2017.06.27 13:36:32.323,1.54944,1.54972,1.00,1.00
2017.06.27 13:36:32.374,1.54944,1.54978,1.00,1.00
2017.06.27 13:36:32.576,1.54944,1.54976,1.00,1.00
2017.06.27 13:36:32.925,1.54948,1.54976,1.45,1.00
2017.06.27 13:36:33.027,1.54943,1.54977,1.00,1.00
2017.06.27 13:36:33.178,1.54943,1.54983,1.00,1.20
2017.06.27 13:36:33.229,1.54948,1.54984,1.00,1.00
2017.06.27 13:36:33.380,1.54944,1.54983,1.00,1.00
2017.06.27 13:36:33.431,1.54948,1.54983,1.00,1.00
2017.06.27 13:36:33.612,1.54949,1.54988,4.87,1.00
2017.06.27 13:36:33.916,1.54953,1.54976,1.00,1.00
2017.06.27 13:36:34.017,1.54943,1.54976,1.00,1.00
2017.06.27 13:36:34.119,1.54949,1.54982,2.25,1.00
2017.06.27 13:36:34.220,1.54949,1.54987,2.25,1.00
2017.06.27 13:36:34.371,1.54954,1.54983,1.00,1.00
2017.06.27 13:36:34.564,1.54954,1.54988,1.00,1.00
2017.06.27 13:36:34.615,1.54954,1.54983,1.00,1.00
2017.06.27 13:36:34.666,1.54954,1.5499,1.00,1.00
2017.06.27 13:36:34.717,1.54954,1.54981,1.00,1.00
2017.06.27 13:36:34.767,1.54954,1.54983,1.00,1.00
2017.06.27 13:36:35.275,1.54947,1.54983,1.87,1.00
2017.06.27 13:36:35.326,1.5495,1.54983,1.37,1.00
2017.06.27 13:36:35.427,1.54954,1.54991,1.00,1.00
2017.06.27 13:36:35.578,1.54954,1.54988,1.00,1.00
2017.06.27 13:36:35.881,1.54954,1.54992,1.00,1.00
2017.06.27 13:36:35.932,1.54954,1.54987,1.00,1.00
2017.06.27 13:36:36.084,1.54947,1.54981,1.00,1.00
2017.06.27 13:36:36.185,1.54946,1.54988,1.37,1.00
2017.06.27 13:36:36.286,1.54945,1.54978,1.37,1.00
2017.06.27 13:36:36.491,1.54943,1.54983,3.75,1.00
2017.06.27 13:36:36.643,1.54944,1.54977,1.00,1.00
2017.06.27 13:36:36.694,1.54944,1.54983,1.37,1.00
2017.06.27 13:36:36.744,1.54944,1.54976,1.37,1.00
2017.06.27 13:36:36.910,1.54944,1.54985,1.37,1.00
2017.06.27 13:36:37.011,1.54944,1.54981,1.37,1.00
2017.06.27 13:36:37.112,1.54944,1.54986,2.62,1.00
2017.06.27 13:36:37.163,1.54944,1.54984,1.37,1.00
2017.06.27 13:36:37.500,1.54943,1.54971,1.00,1.00
2017.06.27 13:36:37.601,1.54943,1.54973,1.00,1.00
2017.06.27 13:36:37.753,1.54954,1.54972,1.00,1.00
2017.06.27 13:36:37.854,1.54953,1.54975,1.00,1.00
2017.06.27 13:36:38.006,1.54945,1.54981,1.50,1.00
2017.06.27 13:36:38.258,1.54945,1.54975,1.50,1.00
2017.06.27 13:36:38.388,1.54945,1.54981,1.50,1.00
2017.06.27 13:36:38.446,1.54943,1.54971,1.37,1.00
2017.06.27 13:36:38.496,1.54944,1.54979,1.37,1.50
2017.06.27 13:36:38.547,1.54944,1.54973,1.37,1.00
2017.06.27 13:36:38.598,1.54944,1.54972,1.37,1.00
2017.06.27 13:36:38.649,1.54944,1.54972,1.37,1.00
2017.06.27 13:36:38.750,1.54948,1.5498,1.50,1.00
2017.06.27 13:36:38.901,1.54947,1.54979,1.00,1.00
2017.06.27 13:36:39.103,1.54948,1.5497,1.00,1.00
2017.06.27 13:36:39.154,1.54946,1.5497,1.50,1.00
2017.06.27 13:36:39.371,1.54945,1.54976,1.50,1.00
2017.06.27 13:36:39.422,1.54945,1.54974,1.50,1.00
2017.06.27 13:36:39.473,1.54945,1.54976,1.50,1.50
2017.06.27 13:36:39.675,1.54943,1.54976,1.00,1.00
2017.06.27 13:36:39.726,1.54949,1.54976,1.50,1.00
2017.06.27 13:36:40.030,1.54945,1.5498,1.50,1.00
2017.06.27 13:36:40.389,1.54948,1.54982,1.50,1.50
2017.06.27 13:36:40.490,1.54945,1.5498,1.00,1.10
2017.06.27 13:36:40.541,1.54946,1.54974,1.50,1.00
2017.06.27 13:36:40.592,1.54946,1.5498,1.00,1.10
2017.06.27 13:36:40.643,1.54947,1.54978,1.00,1.00
2017.06.27 13:36:40.946,1.54955,1.54988,1.00,1.07
2017.06.27 13:36:41.238,1.54947,1.5499,1.00,2.25
2017.06.27 13:36:41.289,1.54953,1.54985,1.12,1.00
2017.06.27 13:36:41.592,1.54963,1.54994,1.50,1.07
2017.06.27 13:36:41.694,1.5496,1.54992,1.00,1.00
2017.06.27 13:36:41.795,1.54958,1.5499,1.00,1.00
2017.06.27 13:36:42.144,1.54961,1.54993,1.00,1.07
2017.06.27 13:36:42.245,1.54961,1.54993,1.00,1.10
2017.06.27 13:36:42.347,1.54961,1.54993,1.00,1.07
2017.06.27 13:36:42.398,1.54959,1.54993,2.25,1.57
2017.06.27 13:36:42.805,1.54957,1.5499,1.50,1.07
2017.06.27 13:36:43.109,1.54966,1.54989,1.00,1.97
2017.06.27 13:36:43.161,1.54963,1.54983,1.00,1.35
2017.06.27 13:36:43.212,1.54958,1.54977,1.00,1.00
2017.06.27 13:36:43.313,1.54954,1.54987,1.50,1.65
2017.06.27 13:36:43.414,1.54951,1.54987,1.50,1.00
2017.06.27 13:36:43.653,1.54954,1.54987,1.37,1.00
2017.06.27 13:36:43.974,1.54949,1.54987,1.00,2.62
2017.06.27 13:36:44.025,1.54946,1.54987,1.00,4.12
2017.06.27 13:36:44.076,1.5495,1.54986,1.00,2.62
2017.06.27 13:36:44.379,1.54954,1.54986,1.00,1.50
2017.06.27 13:36:44.573,1.54952,1.54986,1.00,1.37
2017.06.27 13:36:44.624,1.54949,1.54983,1.50,1.07
2017.06.27 13:36:44.725,1.54951,1.54983,1.50,1.07
2017.06.27 13:36:44.775,1.5495,1.54982,1.50,1.10
2017.06.27 13:36:44.826,1.5495,1.54982,1.50,1.07
2017.06.27 13:36:45.129,1.54952,1.54976,1.00,1.00
2017.06.27 13:36:45.180,1.54955,1.54986,1.00,1.27
2017.06.27 13:36:45.231,1.54951,1.54983,1.50,1.07
2017.06.27 13:36:45.281,1.54951,1.54982,1.50,1.07
2017.06.27 13:36:45.474,1.54955,1.54986,1.00,1.07
2017.06.27 13:36:45.531,1.54952,1.54979,1.50,1.00
2017.06.27 13:36:45.683,1.54952,1.54984,1.50,1.07
2017.06.27 13:36:46.310,1.54954,1.54986,1.00,1.00
2017.06.27 13:36:46.363,1.54953,1.5498,1.00,1.00
2017.06.27 13:36:46.464,1.54953,1.54982,1.00,1.00
2017.06.27 13:36:46.566,1.54954,1.54984,1.50,1.00
2017.06.27 13:36:46.616,1.54952,1.54983,1.50,1.00
2017.06.27 13:36:46.798,1.54952,1.54987,1.50,1.00
2017.06.27 13:36:46.901,1.54954,1.54984,1.50,1.00
2017.06.27 13:36:46.953,1.54954,1.54987,1.50,1.00
2017.06.27 13:36:47.156,1.54954,1.54988,1.57,1.00
2017.06.27 13:36:47.403,1.54956,1.54993,1.12,1.07
2017.06.27 13:36:47.455,1.54956,1.5499,1.00,1.67
2017.06.27 13:36:47.507,1.54954,1.54986,1.50,1.20
2017.06.27 13:36:47.666,1.54957,1.54986,1.00,1.00
2017.06.27 13:36:47.818,1.54951,1.54985,1.00,1.00
2017.06.27 13:36:47.920,1.54958,1.54986,1.00,1.00
2017.06.27 13:36:48.223,1.5496,1.54986,1.00,1.00
2017.06.27 13:36:48.663,1.54957,1.54987,1.00,1.10
2017.06.27 13:36:48.765,1.54954,1.54987,1.00,1.42
2017.06.27 13:36:48.868,1.54954,1.54986,1.00,1.07
2017.06.27 13:36:49.494,1.54953,1.54986,1.00,1.07
2017.06.27 13:36:49.836,1.54953,1.54983,1.00,1.07
2017.06.27 13:36:50.016,1.54953,1.54983,1.00,1.00
2017.06.27 13:36:50.219,1.54946,1.54984,1.50,1.42
2017.06.27 13:36:50.320,1.54952,1.5498,1.00,1.00
2017.06.27 13:36:50.472,1.54953,1.54984,1.00,1.00
2017.06.27 13:36:50.699,1.54948,1.54975,1.50,1.00
2017.06.27 13:36:51.242,1.5495,1.54974,1.50,1.00
2017.06.27 13:36:51.545,1.54949,1.54972,1.50,1.00
2017.06.27 13:36:51.596,1.54947,1.54972,1.00,1.00
2017.06.27 13:36:51.647,1.54945,1.54967,1.00,1.00
2017.06.27 13:36:51.723,1.54939,1.54966,1.50,1.00
2017.06.27 13:36:51.884,1.54935,1.5496,1.50,1.00
2017.06.27 13:36:52.035,1.54936,1.54968,1.50,1.07
2017.06.27 13:36:52.086,1.54934,1.54968,2.25,1.07
2017.06.27 13:36:52.289,1.54932,1.54966,1.00,1.80
2017.06.27 13:36:52.443,1.54928,1.5496,1.00,1.07
2017.06.27 13:36:52.544,1.54927,1.54953,1.00,1.00
2017.06.27 13:36:52.708,1.5493,1.54959,1.50,1.00
2017.06.27 13:36:52.810,1.54927,1.54963,1.50,1.07
2017.06.27 13:36:52.861,1.54926,1.5496,1.50,1.07
2017.06.27 13:36:53.164,1.54928,1.54954,1.50,1.00
2017.06.27 13:36:53.401,1.54926,1.54953,1.50,1.00
2017.06.27 13:36:53.682,1.54924,1.54952,1.50,1.00
2017.06.27 13:36:54.116,1.54925,1.54951,1.50,1.00
2017.06.27 13:36:54.218,1.54925,1.54951,1.50,1.00
2017.06.27 13:36:54.519,1.54924,1.54949,1.00,1.00
2017.06.27 13:36:54.823,1.54917,1.54943,1.50,1.00
2017.06.27 13:36:54.975,1.54918,1.54951,1.50,1.57
2017.06.27 13:36:55.127,1.54917,1.54948,2.25,1.00
2017.06.27 13:36:55.178,1.54917,1.5495,1.37,1.10
2017.06.27 13:36:55.280,1.54914,1.54939,1.00,1.00
2017.06.27 13:36:55.331,1.54908,1.54945,1.47,1.00
2017.06.27 13:36:55.432,1.54908,1.54942,2.25,1.00
2017.06.27 13:36:55.769,1.54909,1.54936,1.50,1.00
2017.06.27 13:36:56.022,1.54912,1.54943,1.00,1.50
2017.06.27 13:36:56.073,1.54909,1.54941,1.57,1.00
2017.06.27 13:36:56.440,1.54909,1.54935,1.50,1.00
2017.06.27 13:36:56.592,1.54908,1.54935,1.00,1.00
2017.06.27 13:36:56.796,1.54908,1.54938,1.10,1.00
2017.06.27 13:36:57.112,1.54908,1.54936,1.00,1.00
2017.06.27 13:36:57.364,1.54908,1.54941,1.00,1.00
2017.06.27 13:36:57.415,1.54913,1.54942,1.00,1.00
2017.06.27 13:36:57.466,1.54908,1.54944,1.37,1.00
2017.06.27 13:36:57.517,1.54908,1.54939,1.47,1.00
2017.06.27 13:36:57.836,1.54913,1.54938,1.00,1.00
2017.06.27 13:36:57.937,1.54911,1.54938,1.50,1.00
2017.06.27 13:36:58.039,1.54912,1.54944,1.00,1.00
2017.06.27 13:36:58.241,1.5491,1.54937,1.12,1.00
2017.06.27 13:36:58.544,1.54912,1.54938,1.50,1.00
2017.06.27 13:36:58.842,1.54923,1.5495,1.00,1.10
2017.06.27 13:36:59.196,1.54925,1.54949,1.00,1.00
2017.06.27 13:36:59.743,1.54924,1.54949,1.00,1.10
2017.06.27 13:37:00.046,1.54929,1.54954,1.00,1.07
2017.06.27 13:37:00.472,1.54927,1.54954,1.00,1.10
2017.06.27 13:37:00.675,1.54927,1.54955,1.00,1.07
2017.06.27 13:37:00.851,1.54926,1.54957,1.00,1.07
2017.06.27 13:37:00.902,1.54926,1.54951,1.00,1.00
2017.06.27 13:37:01.356,1.54932,1.54954,1.00,1.20
2017.06.27 13:37:01.508,1.54935,1.54959,1.00,1.00
2017.06.27 13:37:01.559,1.54933,1.54961,1.00,2.02
2017.06.27 13:37:01.797,1.54933,1.54962,1.37,1.20
2017.06.27 13:37:01.848,1.54937,1.54962,1.00,1.00
2017.06.27 13:37:01.899,1.54938,1.54968,1.37,2.02
2017.06.27 13:37:01.950,1.54941,1.54968,1.00,1.45
2017.06.27 13:37:02.102,1.54939,1.54974,1.50,1.07
2017.06.27 13:37:02.253,1.54943,1.54973,1.37,1.00
2017.06.27 13:37:02.597,1.54933,1.54969,2.25,1.37
2017.06.27 13:37:02.699,1.54935,1.5497,1.50,1.20
2017.06.27 13:37:03.003,1.5494,1.5497,1.50,1.07
2017.06.27 13:37:03.053,1.5494,1.54971,1.00,1.10
2017.06.27 13:37:03.155,1.5494,1.5497,1.50,1.07
2017.06.27 13:37:03.624,1.54945,1.54971,1.00,1.07
2017.06.27 13:37:03.963,1.54947,1.54973,1.00,1.27
2017.06.27 13:37:04.065,1.5494,1.54971,1.00,1.42
2017.06.27 13:37:04.115,1.54939,1.5497,1.00,1.45
2017.06.27 13:37:04.166,1.54935,1.5497,2.25,1.45
2017.06.27 13:37:04.217,1.54934,1.54971,2.25,1.07
2017.06.27 13:37:04.268,1.54936,1.54969,1.50,1.07
2017.06.27 13:37:04.561,1.54939,1.54972,1.50,1.07
2017.06.27 13:37:04.663,1.54944,1.54972,1.00,1.07
2017.06.27 13:37:04.916,1.54945,1.54972,1.00,1.10
2017.06.27 13:37:05.118,1.54943,1.54973,1.00,1.07
2017.06.27 13:37:05.169,1.54945,1.54972,1.00,1.07
2017.06.27 13:37:05.321,1.54944,1.54976,2.25,1.00
2017.06.27 13:37:05.481,1.54952,1.54981,1.00,1.07
2017.06.27 13:37:05.684,1.54947,1.5498,2.25,1.07
2017.06.27 13:37:05.735,1.54949,1.5498,1.00,1.10
2017.06.27 13:37:06.038,1.54955,1.54983,1.00,1.07
2017.06.27 13:37:06.589,1.54954,1.54981,1.00,1.82
2017.06.27 13:37:06.640,1.54947,1.54977,1.00,1.07
2017.06.27 13:37:06.741,1.54941,1.54977,1.50,1.45
2017.06.27 13:37:06.792,1.54938,1.54978,1.50,1.65
2017.06.27 13:37:07.096,1.54945,1.54972,1.00,1.07
2017.06.27 13:37:07.292,1.5494,1.54972,2.25,1.07
2017.06.27 13:37:07.394,1.54947,1.54976,1.00,1.95
2017.06.27 13:37:07.830,1.54951,1.54977,1.00,1.20
2017.06.27 13:37:07.881,1.54952,1.54979,1.00,1.07
2017.06.27 13:37:07.932,1.54954,1.54979,1.00,1.07
2017.06.27 13:37:08.276,1.54945,1.54974,1.00,1.07
2017.06.27 13:37:08.327,1.5494,1.54974,1.50,1.07
2017.06.27 13:37:08.428,1.54939,1.54972,1.50,1.10
2017.06.27 13:37:08.479,1.54943,1.54972,1.50,1.10
2017.06.27 13:37:08.631,1.54942,1.54975,1.00,1.57
2017.06.27 13:37:08.833,1.54946,1.54974,1.00,1.00
2017.06.27 13:37:09.042,1.54944,1.54975,1.00,1.07
2017.06.27 13:37:09.093,1.5494,1.54974,1.00,1.07
2017.06.27 13:37:09.144,1.5494,1.54974,1.00,1.07
2017.06.27 13:37:09.447,1.54934,1.54967,1.00,1.10
2017.06.27 13:37:09.548,1.54934,1.54965,1.50,1.00
2017.06.27 13:37:09.599,1.54933,1.54966,1.50,1.07
2017.06.27 13:37:09.700,1.54933,1.54965,1.00,1.57
2017.06.27 13:37:10.040,1.54931,1.54958,1.00,1.00
2017.06.27 13:37:10.343,1.54931,1.54956,1.12,1.00
2017.06.27 13:37:10.444,1.54931,1.54959,1.00,1.50
2017.06.27 13:37:10.495,1.54931,1.54954,1.00,1.00
2017.06.27 13:37:10.647,1.54927,1.54951,1.00,1.00
2017.06.27 13:37:11.151,1.54927,1.5495,1.00,1.00
2017.06.27 13:37:19.449,1.5492,1.54942,1.00,1.00
2017.06.27 13:37:19.835,1.5492,1.54942,1.00,1.07
2017.06.27 13:37:20.037,1.54917,1.54941,1.00,1.07
2017.06.27 13:37:20.153,1.54917,1.54941,1.00,1.10
2017.06.27 13:37:20.687,1.54917,1.54948,1.00,1.07
2017.06.27 13:37:20.738,1.54915,1.54948,1.00,1.07
2017.06.27 13:37:20.890,1.54919,1.5494,1.00,1.00
2017.06.27 13:37:22.278,1.54907,1.54941,1.60,1.00
2017.06.27 13:37:22.616,1.54921,1.54941,1.00,1.00
2017.06.27 13:37:22.971,1.54919,1.54941,1.00,1.50
2017.06.27 13:37:23.122,1.54917,1.5494,1.00,1.00
2017.06.27 13:37:23.426,1.54918,1.54943,1.00,1.07
2017.06.27 13:37:23.682,1.54906,1.54941,1.72,1.00
2017.06.27 13:37:24.150,1.54903,1.54942,3.22,1.57
2017.06.27 13:37:24.282,1.54912,1.54937,1.00,1.00
2017.06.27 13:37:24.591,1.54914,1.54938,1.00,1.00
2017.06.27 13:37:25.124,1.54914,1.54937,1.00,1.00
2017.06.27 13:37:25.175,1.54914,1.5494,1.00,1.00
2017.06.27 13:37:25.454,1.54914,1.5494,1.00,1.20
2017.06.27 13:37:25.558,1.54902,1.54941,1.00,1.20
2017.06.27 13:37:25.609,1.54898,1.54939,1.12,1.07
2017.06.27 13:37:25.660,1.54904,1.54939,1.00,1.07
2017.06.27 13:37:25.812,1.54905,1.54943,1.00,1.95
2017.06.27 13:37:25.864,1.54902,1.54943,2.10,1.20
2017.06.27 13:37:25.965,1.54909,1.54935,1.00,1.00
2017.06.27 13:37:26.295,1.54917,1.54941,1.00,1.00
2017.06.27 13:37:26.854,1.54916,1.54941,1.00,1.00
2017.06.27 13:37:27.292,1.54916,1.54948,1.00,1.57
2017.06.27 13:37:27.394,1.54914,1.54949,1.00,1.07
2017.06.27 13:37:27.546,1.54916,1.54948,1.00,1.10
2017.06.27 13:37:28.053,1.54917,1.54941,1.50,1.00
2017.06.27 13:37:28.184,1.54918,1.54943,1.00,1.00
2017.06.27 13:37:28.690,1.54917,1.54943,1.00,1.00
2017.06.27 13:37:28.741,1.54917,1.54941,1.00,1.00
2017.06.27 13:37:29.242,1.54918,1.54942,1.00,1.00
2017.06.27 13:37:29.343,1.54915,1.54942,1.00,1.00
2017.06.27 13:37:29.791,1.54918,1.54942,1.00,1.00
2017.06.27 13:37:30.011,1.54918,1.54951,1.00,1.07
2017.06.27 13:37:30.163,1.54915,1.54949,1.37,1.10
2017.06.27 13:37:30.214,1.54921,1.54949,1.00,1.10
2017.06.27 13:37:30.551,1.54921,1.54946,1.00,1.00
2017.06.27 13:37:31.065,1.5492,1.54946,1.00,1.00
2017.06.27 13:37:31.368,1.54919,1.54943,1.00,1.10
2017.06.27 13:37:31.419,1.54914,1.54948,1.00,1.20
2017.06.27 13:37:31.470,1.54913,1.54939,1.00,1.00
2017.06.27 13:37:31.590,1.54904,1.5494,3.75,1.00
2017.06.27 13:37:31.641,1.54904,1.54934,2.62,1.00
2017.06.27 13:37:31.692,1.54904,1.54939,1.87,1.00
2017.06.27 13:37:31.843,1.54904,1.54935,2.47,1.00
2017.06.27 13:37:32.045,1.54904,1.54937,2.47,1.00
2017.06.27 13:37:32.519,1.54904,1.54939,1.72,1.00
2017.06.27 13:37:32.570,1.54904,1.54935,1.72,1.00
2017.06.27 13:37:32.891,1.54912,1.54935,1.00,1.00
2017.06.27 13:37:33.394,1.54913,1.54936,1.00,1.00
2017.06.27 13:37:33.725,1.54915,1.54937,1.00,1.00
2017.06.27 13:37:34.020,1.54919,1.54943,1.00,1.00
2017.06.27 13:37:34.274,1.54917,1.54942,1.00,1.00
2017.06.27 13:37:34.326,1.54916,1.54939,1.00,1.00
2017.06.27 13:37:35.182,1.54915,1.54938,1.00,1.00
2017.06.27 13:37:35.690,1.54912,1.54937,1.00,1.00
2017.06.27 13:37:35.943,1.54904,1.54944,1.60,1.07
2017.06.27 13:37:36.044,1.54904,1.54943,2.10,1.07
2017.06.27 13:37:36.626,1.54904,1.54944,2.25,1.72
2017.06.27 13:37:36.980,1.54904,1.5494,1.00,1.07
2017.06.27 13:37:37.283,1.54907,1.54933,1.00,1.00
2017.06.27 13:37:38.443,1.54906,1.54941,1.00,1.20
2017.06.27 13:37:38.494,1.54908,1.54941,1.00,1.20
2017.06.27 13:37:38.718,1.54903,1.54942,1.00,1.95
2017.06.27 13:37:38.921,1.54913,1.5494,1.00,1.00
2017.06.27 13:37:38.972,1.54913,1.54943,1.00,1.07
2017.06.27 13:37:39.023,1.54911,1.54948,1.00,1.50
2017.06.27 13:37:39.074,1.54916,1.5495,1.00,1.10
2017.06.27 13:37:39.390,1.54918,1.54954,1.00,1.07
2017.06.27 13:37:39.618,1.54916,1.54954,1.00,1.95
2017.06.27 13:37:39.669,1.54919,1.54944,1.00,1.00
2017.06.27 13:37:39.972,1.54921,1.54946,1.00,1.00
2017.06.27 13:37:40.326,1.54923,1.54947,1.00,1.00
2017.06.27 13:37:40.631,1.5492,1.54947,1.00,1.00
2017.06.27 13:37:40.783,1.54923,1.54947,1.00,1.00
2017.06.27 13:37:41.314,1.54922,1.54947,1.00,1.00
2017.06.27 13:37:41.478,1.54924,1.54954,1.00,1.00
2017.06.27 13:37:41.538,1.54926,1.54954,1.00,1.00
2017.06.27 13:37:42.166,1.54925,1.54954,1.00,1.00
2017.06.27 13:37:42.808,1.54925,1.5495,1.50,1.00
2017.06.27 13:37:43.112,1.54927,1.5495,1.00,1.00
2017.06.27 13:37:44.819,1.5493,1.54953,1.00,1.00
2017.06.27 13:37:45.021,1.54933,1.5496,1.00,1.10
2017.06.27 13:37:45.072,1.54927,1.5496,1.50,1.10
2017.06.27 13:37:45.173,1.54925,1.54963,1.50,1.07
2017.06.27 13:37:45.224,1.5493,1.54963,1.00,1.57
2017.06.27 13:37:45.520,1.54921,1.54959,1.50,1.07
2017.06.27 13:37:45.621,1.54923,1.54959,1.50,1.10
2017.06.27 13:37:45.925,1.54935,1.54968,1.00,1.07
2017.06.27 13:37:46.228,1.54938,1.54962,1.00,1.10
2017.06.27 13:37:47.380,1.54939,1.54962,1.00,1.00
2017.06.27 13:37:47.481,1.54937,1.54962,1.00,1.00
2017.06.27 13:37:47.532,1.54937,1.54962,1.60,1.00
2017.06.27 13:37:47.583,1.5494,1.54966,1.60,1.00
2017.06.27 13:37:47.779,1.54946,1.54971,1.60,1.00
2017.06.27 13:37:47.830,1.54955,1.5498,1.00,1.00
2017.06.27 13:37:47.881,1.54952,1.54979,1.00,1.00
2017.06.27 13:37:47.932,1.54956,1.5498,1.00,1.07
2017.06.27 13:37:48.034,1.54952,1.54978,1.00,1.00
2017.06.27 13:37:48.085,1.54953,1.54982,1.00,1.07
2017.06.27 13:37:48.136,1.54953,1.54983,1.00,1.57
2017.06.27 13:37:48.187,1.54951,1.54983,1.00,1.10
2017.06.27 13:37:48.238,1.54951,1.54978,1.00,1.00
2017.06.27 13:37:48.548,1.54955,1.54977,1.00,1.00
2017.06.27 13:37:48.791,1.54944,1.54975,1.00,1.00
2017.06.27 13:37:49.304,1.54943,1.54974,1.35,1.00
2017.06.27 13:37:49.457,1.54943,1.54978,1.00,1.10
2017.06.27 13:37:49.508,1.5495,1.54976,1.00,1.00
2017.06.27 13:37:49.820,1.54952,1.54975,1.00,1.00
2017.06.27 13:37:50.251,1.54952,1.54973,1.00,1.00
2017.06.27 13:37:50.504,1.54952,1.54975,1.00,1.00
2017.06.27 13:37:50.706,1.54952,1.54973,1.00,1.00
2017.06.27 13:37:50.816,1.54952,1.54977,1.00,1.07
2017.06.27 13:37:51.171,1.54946,1.54985,1.80,1.50
2017.06.27 13:37:51.222,1.54946,1.54979,1.20,1.00
2017.06.27 13:37:51.374,1.54946,1.54981,1.20,1.00
2017.06.27 13:37:51.881,1.54943,1.54982,1.45,1.50
2017.06.27 13:37:51.966,1.54944,1.54976,1.45,1.00
2017.06.27 13:37:52.289,1.54952,1.54977,1.00,1.00
2017.06.27 13:37:52.601,1.54954,1.54976,1.00,1.00
2017.06.27 13:37:52.652,1.54954,1.54979,1.00,1.07
2017.06.27 13:37:53.083,1.54956,1.5498,1.00,1.50
2017.06.27 13:37:54.085,1.54956,1.54978,1.00,1.00
2017.06.27 13:37:54.136,1.54953,1.54977,1.00,1.00
2017.06.27 13:37:54.642,1.54953,1.54976,1.00,1.00
2017.06.27 13:37:54.693,1.54953,1.54979,1.00,1.00
2017.06.27 13:37:54.875,1.54954,1.54977,1.00,1.00
2017.06.27 13:37:55.378,1.54953,1.54977,1.00,1.00
2017.06.27 13:37:55.480,1.54953,1.54979,1.00,1.00
2017.06.27 13:37:55.802,1.54955,1.54979,1.00,1.00
2017.06.27 13:37:56.105,1.54955,1.54977,1.00,1.00
2017.06.27 13:37:56.156,1.54955,1.54979,1.00,1.00
2017.06.27 13:37:56.409,1.54955,1.54977,1.00,1.00
2017.06.27 13:37:56.929,1.54955,1.54978,1.00,1.00
2017.06.27 13:37:57.564,1.54955,1.54979,1.00,1.00
2017.06.27 13:37:57.867,1.54957,1.54978,1.00,1.00
2017.06.27 13:37:58.198,1.54944,1.54974,1.00,1.00
2017.06.27 13:37:58.249,1.54951,1.54972,1.00,1.00
2017.06.27 13:37:58.300,1.54951,1.54975,1.00,1.00
2017.06.27 13:37:58.401,1.54951,1.54978,1.00,1.00
2017.06.27 13:37:58.452,1.54951,1.54976,1.00,1.00
2017.06.27 13:37:58.654,1.54956,1.54982,1.00,1.00
2017.06.27 13:37:59.015,1.54958,1.54983,1.00,1.00
2017.06.27 13:37:59.564,1.54959,1.54983,1.00,1.00
2017.06.27 13:37:59.868,1.54955,1.54992,1.50,1.07
2017.06.27 13:38:00.172,1.54951,1.54987,1.10,1.00
2017.06.27 13:38:00.476,1.54957,1.5498,1.00,1.00
2017.06.27 13:38:01.037,1.54957,1.54981,1.00,1.00
2017.06.27 13:38:01.563,1.54958,1.54982,1.00,1.00
2017.06.27 13:38:02.109,1.54958,1.54981,1.00,1.00
2017.06.27 13:38:02.413,1.54961,1.54984,1.00,1.00
2017.06.27 13:38:02.836,1.54954,1.54986,1.00,1.00
2017.06.27 13:38:02.887,1.54957,1.54983,1.00,1.00
2017.06.27 13:38:02.991,1.54956,1.54989,1.00,1.00
2017.06.27 13:38:03.043,1.54958,1.54982,1.00,1.00
2017.06.27 13:38:03.144,1.54953,1.54983,1.07,1.00
2017.06.27 13:38:03.246,1.5495,1.54984,1.05,1.00
2017.06.27 13:38:03.347,1.5495,1.54983,1.37,1.00
2017.06.27 13:38:03.397,1.54954,1.54984,1.00,1.00
2017.06.27 13:38:03.952,1.5495,1.54985,1.37,1.00
2017.06.27 13:38:04.004,1.54948,1.54987,1.05,1.50
2017.06.27 13:38:04.156,1.54947,1.54983,2.55,1.00
2017.06.27 13:38:04.308,1.5495,1.5499,1.05,1.00
2017.06.27 13:38:04.359,1.54953,1.54992,1.37,1.00
2017.06.27 13:38:04.460,1.54952,1.54986,1.05,1.00
2017.06.27 13:38:04.713,1.54951,1.54988,1.05,1.00
2017.06.27 13:38:05.071,1.54949,1.54984,1.60,1.00
2017.06.27 13:38:05.580,1.54949,1.54984,1.05,1.00
2017.06.27 13:38:05.631,1.54952,1.54989,1.30,1.07
2017.06.27 13:38:05.732,1.54952,1.54986,1.35,1.00
2017.06.27 13:38:05.783,1.5495,1.54988,1.05,1.00
2017.06.27 13:38:06.134,1.54951,1.54983,1.00,1.00
2017.06.27 13:38:06.602,1.54952,1.54981,1.00,1.00
2017.06.27 13:38:06.905,1.54957,1.54982,1.00,1.00
2017.06.27 13:38:07.007,1.54952,1.5498,1.07,1.00
2017.06.27 13:38:07.204,1.54952,1.54979,1.00,1.00
2017.06.27 13:38:07.356,1.54951,1.54984,1.10,1.50
2017.06.27 13:38:07.609,1.54951,1.54978,1.00,1.00
2017.06.27 13:38:07.761,1.54943,1.54975,1.30,1.00
2017.06.27 13:38:07.812,1.54942,1.54973,2.85,1.00
2017.06.27 13:38:08.115,1.54953,1.54976,1.00,1.00
2017.06.27 13:38:08.868,1.54952,1.54975,1.00,1.00
2017.06.27 13:38:09.889,1.54954,1.54976,1.00,1.00
2017.06.27 13:38:11.053,1.54955,1.54977,1.00,1.00
2017.06.27 13:38:11.591,1.54954,1.54976,1.00,1.00
2017.06.27 13:38:12.175,1.54944,1.54982,1.10,1.00
2017.06.27 13:38:12.327,1.54944,1.54981,1.00,1.45
2017.06.27 13:38:12.630,1.54952,1.54977,1.00,1.00
2017.06.27 13:38:12.940,1.54953,1.54981,1.00,1.00
2017.06.27 13:38:13.751,1.54953,1.54979,1.00,1.00
2017.06.27 13:38:15.504,1.54952,1.54978,1.00,1.00
2017.06.27 13:38:16.914,1.54946,1.54982,1.60,1.00
2017.06.27 13:38:17.481,1.54947,1.54983,1.35,1.00
2017.06.27 13:38:17.532,1.54953,1.54977,1.00,1.00
2017.06.27 13:38:17.835,1.54955,1.54979,1.00,1.00
2017.06.27 13:38:18.038,1.5495,1.54981,1.00,1.10
2017.06.27 13:38:18.088,1.5495,1.54976,1.50,1.00
2017.06.27 13:38:18.629,1.5495,1.54973,1.00,1.00
2017.06.27 13:38:19.649,1.5495,1.54974,1.00,1.00
2017.06.27 13:38:20.565,1.54946,1.5498,1.00,1.00
2017.06.27 13:38:20.667,1.5495,1.54979,1.00,1.00
2017.06.27 13:38:20.769,1.54951,1.54989,1.35,1.07
2017.06.27 13:38:20.819,1.54953,1.54989,1.72,1.07
2017.06.27 13:38:21.027,1.54954,1.54996,2.17,1.50
2017.06.27 13:38:21.280,1.54954,1.54995,2.17,1.00
2017.06.27 13:38:21.583,1.54962,1.54996,1.00,1.07
2017.06.27 13:38:21.887,1.54964,1.54996,1.00,1.00
2017.06.27 13:38:22.211,1.54966,1.54986,1.00,1.00
2017.06.27 13:38:22.580,1.54964,1.54986,1.00,1.00
2017.06.27 13:38:23.095,1.54963,1.54986,1.00,1.00
2017.06.27 13:38:23.614,1.54964,1.54986,1.00,1.00
2017.06.27 13:38:23.665,1.54966,1.54987,1.00,1.00
2017.06.27 13:38:23.918,1.54963,1.54987,1.50,1.00
2017.06.27 13:38:24.071,1.54965,1.54985,1.00,1.00
2017.06.27 13:38:24.362,1.54963,1.54985,1.00,1.00
2017.06.27 13:38:24.413,1.5496,1.54985,1.00,1.00
2017.06.27 13:38:25.254,1.54963,1.54991,1.00,1.00
2017.06.27 13:38:25.355,1.54954,1.5499,1.07,1.00
2017.06.27 13:38:25.507,1.54954,1.5499,1.00,1.00
2017.06.27 13:38:25.608,1.54951,1.54983,1.00,1.00
2017.06.27 13:38:25.710,1.54946,1.54983,1.70,1.00
2017.06.27 13:38:25.811,1.54947,1.54985,1.60,1.00
2017.06.27 13:38:25.912,1.54945,1.54983,2.17,1.00
2017.06.27 13:38:26.456,1.54947,1.54983,1.00,1.00
2017.06.27 13:38:26.506,1.54945,1.54982,1.10,1.00
2017.06.27 13:38:26.608,1.54945,1.54984,1.07,1.00
2017.06.27 13:38:27.055,1.54947,1.54983,1.60,1.00
2017.06.27 13:38:27.106,1.54945,1.54985,1.67,1.00
2017.06.27 13:38:27.157,1.54956,1.54979,1.00,1.00
2017.06.27 13:38:27.460,1.5495,1.54973,1.00,1.00
2017.06.27 13:38:27.662,1.54943,1.54978,1.00,1.80
2017.06.27 13:38:27.713,1.54943,1.54969,1.00,1.00
2017.06.27 13:38:27.902,1.5494,1.54972,1.00,1.10
2017.06.27 13:38:28.515,1.54943,1.54981,1.50,1.00
2017.06.27 13:38:28.966,1.54942,1.5498,1.00,1.07
2017.06.27 13:38:29.270,1.54941,1.54981,1.00,1.07
2017.06.27 13:38:29.593,1.54948,1.5498,1.00,1.07
2017.06.27 13:38:29.695,1.5494,1.54981,1.50,1.07
2017.06.27 13:38:29.796,1.54949,1.54981,1.00,1.07
2017.06.27 13:38:29.861,1.54949,1.54981,1.00,1.07
2017.06.27 13:38:30.144,1.54949,1.54981,1.00,1.07
2017.06.27 13:38:30.351,1.54946,1.5498,1.00,1.07
2017.06.27 13:38:30.452,1.54946,1.54978,1.00,1.07
2017.06.27 13:38:30.769,1.54944,1.54967,1.00,1.00
2017.06.27 13:38:31.388,1.54945,1.54967,1.00,1.00
2017.06.27 13:38:31.740,1.54947,1.54967,1.00,1.00
2017.06.27 13:38:31.843,1.54948,1.54978,1.00,1.00
2017.06.27 13:38:31.894,1.54947,1.54983,1.00,1.07
2017.06.27 13:38:31.945,1.54949,1.54983,1.00,1.00
2017.06.27 13:38:31.995,1.54949,1.54985,1.00,1.00
2017.06.27 13:38:32.455,1.54948,1.54982,1.00,1.07
2017.06.27 13:38:32.722,1.54948,1.54985,1.10,1.00
2017.06.27 13:38:32.823,1.5495,1.54984,1.10,1.00
2017.06.27 13:38:33.378,1.5495,1.54985,1.10,1.00
2017.06.27 13:38:33.677,1.54945,1.54985,1.42,1.00
2017.06.27 13:38:33.880,1.54946,1.54984,1.07,1.00
2017.06.27 13:38:34.242,1.54944,1.54983,1.70,1.00
2017.06.27 13:38:34.802,1.54944,1.54983,1.60,1.45
2017.06.27 13:38:35.443,1.54949,1.54973,1.00,1.00
2017.06.27 13:38:36.943,1.54949,1.54974,1.00,1.00
2017.06.27 13:38:37.340,1.54951,1.54974,1.00,1.00
2017.06.27 13:38:37.863,1.54951,1.54973,1.00,1.00
2017.06.27 13:38:38.391,1.5495,1.54973,1.00,1.00
2017.06.27 13:38:39.138,1.54944,1.54976,1.67,1.00
2017.06.27 13:38:39.744,1.54944,1.54975,1.67,1.00
2017.06.27 13:38:40.241,1.54949,1.54973,1.00,1.00
2017.06.27 13:38:40.394,1.54944,1.54976,1.67,1.00
2017.06.27 13:38:41.018,1.54944,1.54975,1.60,1.00
2017.06.27 13:38:41.069,1.54949,1.54972,1.00,1.00
2017.06.27 13:38:42.119,1.54948,1.54971,1.00,1.00
2017.06.27 13:38:42.643,1.54947,1.5497,1.00,1.00
2017.06.27 13:38:43.298,1.54945,1.5497,1.00,1.00
2017.06.27 13:38:43.801,1.54946,1.54971,1.00,1.50
2017.06.27 13:38:44.960,1.54946,1.54968,1.00,1.00
2017.06.27 13:38:45.061,1.54944,1.54967,1.00,1.00
2017.06.27 13:38:45.112,1.54941,1.54966,1.00,1.00
2017.06.27 13:38:45.980,1.5494,1.54964,1.00,1.00
2017.06.27 13:38:46.530,1.54941,1.54965,1.00,1.00
2017.06.27 13:38:47.232,1.54934,1.5497,2.17,1.50
2017.06.27 13:38:47.646,1.54934,1.54972,1.67,1.00
2017.06.27 13:38:47.921,1.54934,1.54974,2.92,1.00
2017.06.27 13:38:48.203,1.5494,1.54965,1.00,1.00
2017.06.27 13:38:49.416,1.54939,1.54964,1.00,1.00
2017.06.27 13:38:50.900,1.54941,1.54964,1.00,1.00
2017.06.27 13:38:51.186,1.54934,1.5496,2.17,1.00
2017.06.27 13:38:51.248,1.54934,1.54958,1.00,1.00
2017.06.27 13:38:51.899,1.54932,1.54958,1.00,1.00
2017.06.27 13:38:52.163,1.54919,1.54951,1.50,1.57
2017.06.27 13:38:52.215,1.54924,1.54955,2.10,1.65
2017.06.27 13:38:52.316,1.54928,1.54957,1.30,1.20
2017.06.27 13:38:52.367,1.54933,1.54959,1.00,1.00
2017.06.27 13:38:52.418,1.54926,1.54964,1.67,1.00
2017.06.27 13:38:52.671,1.54926,1.54966,1.67,1.12
2017.06.27 13:38:53.198,1.54932,1.54954,1.00,1.00
2017.06.27 13:38:53.451,1.54929,1.54954,1.00,1.00
2017.06.27 13:38:53.875,1.54931,1.54957,1.00,1.00
2017.06.27 13:38:53.926,1.54933,1.54959,1.00,1.00
2017.06.27 13:38:54.246,1.54927,1.54953,1.50,1.00
2017.06.27 13:38:54.550,1.54932,1.54956,1.00,1.00
2017.06.27 13:38:54.651,1.54925,1.54964,2.17,1.00
2017.06.27 13:38:54.752,1.54924,1.54964,2.17,1.00
2017.06.27 13:38:55.064,1.54931,1.54958,1.00,1.00
2017.06.27 13:38:55.368,1.54932,1.54955,1.00,1.00
2017.06.27 13:38:55.420,1.54934,1.5496,1.00,1.00
2017.06.27 13:38:55.572,1.54936,1.5496,1.00,1.00
2017.06.27 13:38:56.161,1.54933,1.54957,1.00,1.00
2017.06.27 13:38:56.464,1.54931,1.54955,1.00,1.00
2017.06.27 13:38:56.768,1.54931,1.54955,2.10,1.00
2017.06.27 13:38:56.963,1.54931,1.5497,2.17,1.00
2017.06.27 13:38:57.014,1.54934,1.54974,1.60,1.39
2017.06.27 13:38:57.317,1.5494,1.54965,1.00,1.00
2017.06.27 13:38:57.633,1.54942,1.54967,1.00,1.00
2017.06.27 13:38:57.940,1.54939,1.54965,1.00,1.00
2017.06.27 13:38:58.185,1.54941,1.54965,1.00,1.00
2017.06.27 13:38:58.395,1.54945,1.5497,1.00,1.00
2017.06.27 13:38:58.903,1.54946,1.5497,1.00,1.00
2017.06.27 13:38:59.055,1.54944,1.5497,1.00,1.00
2017.06.27 13:38:59.396,1.54944,1.54974,1.00,1.00
2017.06.27 13:39:00.065,1.54944,1.54976,1.00,1.00
2017.06.27 13:39:00.330,1.54945,1.54978,1.00,1.00
2017.06.27 13:39:00.381,1.54948,1.54979,1.00,1.00
2017.06.27 13:39:00.432,1.54946,1.54979,1.00,1.00
2017.06.27 13:39:00.623,1.54948,1.54979,1.00,1.00
2017.06.27 13:39:00.674,1.54948,1.54982,1.00,1.50
2017.06.27 13:39:00.726,1.54939,1.5498,3.30,1.00
2017.06.27 13:39:00.777,1.5494,1.54979,1.60,1.00
2017.06.27 13:39:00.979,1.5494,1.54981,2.17,1.20
2017.06.27 13:39:01.030,1.54948,1.54982,1.00,1.10
2017.06.27 13:39:01.081,1.54943,1.54982,1.67,1.00
2017.06.27 13:39:01.132,1.5495,1.54982,1.00,1.00
2017.06.27 13:39:01.490,1.54952,1.54982,1.00,1.00
2017.06.27 13:39:01.592,1.54951,1.54986,1.00,1.50
2017.06.27 13:39:01.729,1.54954,1.54986,1.00,1.00
2017.06.27 13:39:02.032,1.54959,1.54983,1.00,1.00
2017.06.27 13:39:02.134,1.54957,1.54982,1.00,1.00
2017.06.27 13:39:02.438,1.54961,1.54987,1.00,1.00
2017.06.27 13:39:02.539,1.54962,1.54989,1.07,1.00
2017.06.27 13:39:02.762,1.54969,1.54996,1.00,1.00
2017.06.27 13:39:02.864,1.54966,1.54993,1.00,1.00
2017.06.27 13:39:03.835,1.54968,1.54995,1.00,1.00
2017.06.27 13:39:04.652,1.5497,1.54994,1.00,1.00
2017.06.27 13:39:05.051,1.54967,1.54994,1.00,1.00
2017.06.27 13:39:05.584,1.54967,1.54993,1.00,1.00
2017.06.27 13:39:06.155,1.54966,1.54992,1.50,1.00
2017.06.27 13:39:06.491,1.54968,1.54993,1.00,1.50
2017.06.27 13:39:08.366,1.54967,1.54991,1.00,1.00
2017.06.27 13:39:08.518,1.54961,1.54991,1.42,1.00
2017.06.27 13:39:08.831,1.54962,1.54993,1.67,1.00
2017.06.27 13:39:09.359,1.5496,1.54993,1.05,1.00
2017.06.27 13:39:09.772,1.5496,1.54998,1.05,1.95
2017.06.27 13:39:09.823,1.54967,1.54992,1.00,1.00
2017.06.27 13:39:10.327,1.54968,1.54993,1.00,1.00
2017.06.27 13:39:10.920,1.54965,1.54992,1.00,1.00
2017.06.27 13:39:11.230,1.54964,1.54988,1.00,1.00
2017.06.27 13:39:11.382,1.5496,1.54985,1.00,1.00
2017.06.27 13:39:11.906,1.54954,1.54986,1.00,1.00
2017.06.27 13:39:12.161,1.54952,1.54986,1.35,1.00
2017.06.27 13:39:12.433,1.54957,1.54982,1.00,1.00
2017.06.27 13:39:12.986,1.54955,1.54981,1.00,1.00
2017.06.27 13:39:13.932,1.54957,1.54984,1.00,1.00
2017.06.27 13:39:14.135,1.54956,1.5498,1.00,1.00
2017.06.27 13:39:14.540,1.54953,1.5498,1.00,1.00
2017.06.27 13:39:15.072,1.54954,1.54979,1.00,1.00
2017.06.27 13:39:15.678,1.54945,1.54983,1.42,1.00
2017.06.27 13:39:15.834,1.54944,1.54981,2.17,1.00
2017.06.27 13:39:15.893,1.5495,1.54989,1.80,1.50
2017.06.27 13:39:15.994,1.5495,1.54991,1.07,1.00
2017.06.27 13:39:16.045,1.54953,1.5499,1.42,1.00
2017.06.27 13:39:16.348,1.5496,1.54988,1.00,1.00
2017.06.27 13:39:16.788,1.54959,1.54992,1.37,1.00
2017.06.27 13:39:16.839,1.54964,1.54992,1.00,1.00
2017.06.27 13:39:16.889,1.54962,1.54992,1.00,1.00
2017.06.27 13:39:17.125,1.54964,1.54992,1.00,1.00
2017.06.27 13:39:17.227,1.54962,1.54992,1.00,1.00
2017.06.27 13:39:17.974,1.54963,1.54992,1.00,1.00
2017.06.27 13:39:18.125,1.54964,1.54988,1.50,1.00
2017.06.27 13:39:18.525,1.54962,1.54987,1.00,1.00
2017.06.27 13:39:18.993,1.54962,1.54985,1.50,1.00
2017.06.27 13:39:19.542,1.54962,1.54984,1.00,1.00
2017.06.27 13:39:19.796,1.54962,1.54986,1.00,1.00
2017.06.27 13:39:19.947,1.5496,1.54984,1.07,1.00
2017.06.27 13:39:20.481,1.5496,1.54984,1.10,1.50
2017.06.27 13:39:21.050,1.5496,1.54983,1.00,1.00
2017.06.27 13:39:21.709,1.54959,1.54984,1.07,1.50
2017.06.27 13:39:21.979,1.54958,1.54983,1.10,1.00
2017.06.27 13:39:22.489,1.54957,1.54983,1.07,1.00
2017.06.27 13:39:23.148,1.54957,1.54983,1.10,1.50
2017.06.27 13:39:23.552,1.54958,1.54982,1.07,1.00
2017.06.27 13:39:24.613,1.54954,1.54983,1.80,1.00
2017.06.27 13:39:24.839,1.54954,1.54985,1.80,1.00
2017.06.27 13:39:25.303,1.54954,1.54987,1.80,1.00
2017.06.27 13:39:25.911,1.54954,1.54988,1.80,1.00
2017.06.27 13:39:26.522,1.54954,1.54988,1.80,1.00
2017.06.27 13:39:27.140,1.54954,1.54989,1.05,1.50
2017.06.27 13:39:27.242,1.54954,1.54987,1.80,1.00
2017.06.27 13:39:27.545,1.5496,1.54984,1.00,1.00
2017.06.27 13:39:29.263,1.5496,1.54986,1.00,1.00
2017.06.27 13:39:29.415,1.54956,1.54992,1.05,1.00
2017.06.27 13:39:29.979,1.54958,1.54992,1.05,1.00
2017.06.27 13:39:30.549,1.54958,1.54992,1.05,1.00
2017.06.27 13:39:30.929,1.54964,1.54991,1.37,1.00
2017.06.27 13:39:30.980,1.54964,1.54994,1.05,1.12
2017.06.27 13:39:31.082,1.54963,1.54987,1.07,1.00
2017.06.27 13:39:31.133,1.5496,1.54995,1.05,1.37
2017.06.27 13:39:31.672,1.54961,1.54995,1.05,1.37
2017.06.27 13:39:31.954,1.54961,1.54989,1.05,1.00
2017.06.27 13:39:32.461,1.5496,1.54988,1.80,1.00
2017.06.27 13:39:32.630,1.54968,1.54992,1.00,1.50
2017.06.27 13:39:32.985,1.54968,1.5499,1.00,1.00
2017.06.27 13:39:33.137,1.54966,1.54989,1.00,1.00
2017.06.27 13:39:33.389,1.54964,1.54988,1.35,1.00
2017.06.27 13:39:33.671,1.54966,1.5499,1.00,1.00
2017.06.27 13:39:34.481,1.54961,1.54992,1.05,1.00
2017.06.27 13:39:34.615,1.54964,1.5499,1.35,1.00
2017.06.27 13:39:34.767,1.54962,1.54993,1.05,1.00
2017.06.27 13:39:35.290,1.54962,1.54994,1.05,1.00
2017.06.27 13:39:35.491,1.54966,1.5499,1.70,1.00
2017.06.27 13:39:35.809,1.54977,1.55003,1.07,1.00
2017.06.27 13:39:35.917,1.54977,1.55003,1.07,1.00
2017.06.27 13:39:36.662,1.54981,1.55003,1.00,1.00
2017.06.27 13:39:37.029,1.54979,1.55003,1.10,1.00
2017.06.27 13:39:37.200,1.54978,1.55012,1.07,1.00
2017.06.27 13:39:37.573,1.54979,1.55001,1.10,1.00
2017.06.27 13:39:37.877,1.54977,1.55001,1.50,1.00
2017.06.27 13:39:38.240,1.54977,1.55003,1.10,1.00
2017.06.27 13:39:38.493,1.54977,1.55001,1.10,1.00
2017.06.27 13:39:38.993,1.5497,1.55003,1.05,1.00
2017.06.27 13:39:39.094,1.54976,1.55001,1.07,1.00
2017.06.27 13:39:40.223,1.54975,1.55001,1.07,1.50
2017.06.27 13:39:41.235,1.54975,1.55001,1.07,1.00
2017.06.27 13:39:41.849,1.54975,1.55,1.07,1.00
2017.06.27 13:39:41.900,1.54975,1.55,1.80,1.00
2017.06.27 13:39:42.002,1.54976,1.55002,1.07,1.00
2017.06.27 13:39:42.053,1.54976,1.55002,1.07,1.50
2017.06.27 13:39:42.104,1.54974,1.55,1.07,1.00
2017.06.27 13:39:42.307,1.54979,1.55003,1.10,1.00
2017.06.27 13:39:42.825,1.54979,1.55003,1.07,1.00
2017.06.27 13:39:43.280,1.54978,1.54999,1.10,1.00
2017.06.27 13:39:43.331,1.54974,1.54998,1.00,1.00
2017.06.27 13:39:43.382,1.54974,1.54994,1.00,1.00
2017.06.27 13:39:43.433,1.54969,1.54993,1.00,1.00
2017.06.27 13:39:43.484,1.54966,1.54991,1.00,1.50
2017.06.27 13:39:44.371,1.54964,1.54993,1.07,1.00
2017.06.27 13:39:44.523,1.54967,1.54991,1.00,1.00
2017.06.27 13:39:45.009,1.54966,1.54989,1.00,1.00
2017.06.27 13:39:45.631,1.54966,1.5499,1.00,1.00
2017.06.27 13:39:46.975,1.54965,1.54989,1.00,1.00
2017.06.27 13:39:47.499,1.54966,1.5499,1.00,1.00
2017.06.27 13:39:48.024,1.54964,1.54988,1.00,1.00
2017.06.27 13:39:48.525,1.54963,1.54987,1.00,1.00
2017.06.27 13:39:49.609,1.54963,1.54989,1.00,1.00
2017.06.27 13:39:50.174,1.54963,1.54987,1.00,1.00
2017.06.27 13:39:51.094,1.5496,1.54986,1.35,1.00
2017.06.27 13:39:51.831,1.5496,1.54984,1.00,1.00
2017.06.27 13:39:52.135,1.54957,1.54983,1.00,1.00
2017.06.27 13:39:52.429,1.5496,1.54984,1.00,1.00
2017.06.27 13:39:53.342,1.54954,1.54993,1.42,1.37
2017.06.27 13:39:53.860,1.54953,1.54993,2.17,1.37
2017.06.27 13:39:54.410,1.54954,1.54989,1.42,1.00
2017.06.27 13:39:54.714,1.54959,1.54985,1.00,1.00
2017.06.27 13:39:55.881,1.54959,1.54983,1.00,1.00
2017.06.27 13:39:56.359,1.54954,1.54989,1.42,1.00
2017.06.27 13:39:56.980,1.54954,1.5499,1.42,1.00
2017.06.27 13:39:57.517,1.54954,1.54989,2.10,1.00
2017.06.27 13:39:57.670,1.54959,1.54983,1.00,1.00
2017.06.27 13:39:57.721,1.54956,1.54982,1.00,1.00
2017.06.27 13:39:59.073,1.54958,1.54982,1.00,1.00
2017.06.27 13:39:59.397,1.54943,1.54974,2.17,1.00
2017.06.27 13:39:59.599,1.54946,1.5497,1.12,1.00
2017.06.27 13:40:00.124,1.54946,1.5497,1.07,1.00
2017.06.27 13:40:00.226,1.54945,1.54969,1.00,1.00
2017.06.27 13:40:00.373,1.54947,1.54973,1.00,1.00
2017.06.27 13:40:00.525,1.54949,1.54975,1.00,1.00
2017.06.27 13:40:00.828,1.54952,1.54975,1.60,1.00
2017.06.27 13:40:00.982,1.54955,1.54981,1.57,1.00
2017.06.27 13:40:01.513,1.54954,1.5498,1.60,1.00
2017.06.27 13:40:01.565,1.54954,1.5498,1.35,1.00
2017.06.27 13:40:02.172,1.54954,1.5498,1.60,1.00
2017.06.27 13:40:02.636,1.54954,1.5498,1.00,1.00
2017.06.27 13:40:03.193,1.54954,1.5498,1.60,1.00
2017.06.27 13:40:03.626,1.54954,1.54992,1.60,1.00
2017.06.27 13:40:04.082,1.54954,1.54991,1.60,1.00
2017.06.27 13:40:04.613,1.54953,1.54992,1.60,1.10
2017.06.27 13:40:05.244,1.54953,1.54988,1.60,1.00
2017.06.27 13:40:05.295,1.54952,1.54989,1.35,1.50
2017.06.27 13:40:05.447,1.54956,1.54982,1.00,1.00
2017.06.27 13:40:05.834,1.54958,1.54982,1.00,1.00
2017.06.27 13:40:06.339,1.54958,1.54982,1.60,1.00
2017.06.27 13:40:06.614,1.54955,1.54995,2.17,1.00
2017.06.27 13:40:06.715,1.54955,1.54998,1.67,1.00
2017.06.27 13:40:06.816,1.54956,1.54995,1.67,1.00
2017.06.27 13:40:07.323,1.54954,1.54992,2.17,1.00
2017.06.27 13:40:07.374,1.54957,1.54994,1.70,1.00
2017.06.27 13:40:07.919,1.54955,1.54994,1.67,1.00
2017.06.27 13:40:08.473,1.54962,1.54986,1.00,1.00
2017.06.27 13:40:09.244,1.54961,1.54985,1.00,1.00
2017.06.27 13:40:11.294,1.54951,1.54992,1.42,1.45
2017.06.27 13:40:11.460,1.54953,1.54989,1.00,1.57
2017.06.27 13:40:11.511,1.54948,1.54989,2.17,1.57
2017.06.27 13:40:12.506,1.54955,1.54979,1.00,1.00
2017.06.27 13:40:12.731,1.54954,1.54989,2.17,1.00
2017.06.27 13:40:12.791,1.54955,1.54993,1.70,1.00
2017.06.27 13:40:13.231,1.54961,1.54987,1.00,1.00
2017.06.27 13:40:14.372,1.54958,1.54986,1.00,1.00
2017.06.27 13:40:14.425,1.54958,1.54982,1.00,1.00
2017.06.27 13:40:14.730,1.54956,1.5498,1.00,1.50
2017.06.27 13:40:15.231,1.54956,1.54979,1.00,1.00
2017.06.27 13:40:15.840,1.54956,1.5498,1.00,1.50
2017.06.27 13:40:16.421,1.54956,1.54979,1.00,1.00
2017.06.27 13:40:16.522,1.54951,1.54977,1.35,1.50
2017.06.27 13:40:16.806,1.54953,1.54979,1.00,1.50
2017.06.27 13:40:17.850,1.54955,1.54979,1.00,1.00
2017.06.27 13:40:18.396,1.54956,1.54979,1.00,1.00
2017.06.27 13:40:18.699,1.54953,1.54973,1.00,1.00
2017.06.27 13:40:18.801,1.54951,1.54974,1.00,1.00
2017.06.27 13:40:19.131,1.54949,1.54973,1.00,1.00
2017.06.27 13:40:19.590,1.54947,1.54971,1.00,1.00
2017.06.27 13:40:19.948,1.54949,1.54973,1.00,1.00
2017.06.27 13:40:19.999,1.5495,1.54975,1.00,1.00
2017.06.27 13:40:20.543,1.54951,1.54975,1.00,1.00
2017.06.27 13:40:21.047,1.54948,1.54973,1.00,1.00
2017.06.27 13:40:22.325,1.54946,1.54979,1.42,1.00
2017.06.27 13:40:22.861,1.54947,1.54978,1.00,1.00
2017.06.27 13:40:23.424,1.54946,1.54978,1.42,1.00
2017.06.27 13:40:23.534,1.54946,1.54978,1.70,1.00
2017.06.27 13:40:23.926,1.54954,1.54976,1.00,1.00
2017.06.27 13:40:24.477,1.54954,1.54977,1.00,1.50
2017.06.27 13:40:24.781,1.54954,1.54975,1.00,1.00
2017.06.27 13:40:24.870,1.54943,1.54975,1.67,1.00
2017.06.27 13:40:25.022,1.54943,1.54973,1.67,1.00
2017.06.27 13:40:25.952,1.54944,1.54974,1.42,1.00
2017.06.27 13:40:26.333,1.54955,1.54983,1.00,1.10
2017.06.27 13:40:27.194,1.54954,1.54973,1.00,1.00
2017.06.27 13:40:28.570,1.54955,1.54973,1.00,1.00
2017.06.27 13:40:28.773,1.54955,1.54983,1.00,1.00
2017.06.27 13:40:28.875,1.54955,1.54985,1.00,1.95
2017.06.27 13:40:29.129,1.54955,1.54983,1.00,1.00
2017.06.27 13:40:30.037,1.54959,1.54983,1.00,1.00
2017.06.27 13:40:30.275,1.54957,1.54985,1.00,1.00
2017.06.27 13:40:30.325,1.5496,1.54985,1.00,1.00
2017.06.27 13:40:30.477,1.54961,1.54987,1.00,1.00
2017.06.27 13:40:30.578,1.54954,1.54986,1.00,1.00
2017.06.27 13:40:30.932,1.54951,1.54986,1.00,1.07
2017.06.27 13:40:30.983,1.54958,1.54987,1.00,1.07
2017.06.27 13:40:31.440,1.54948,1.54978,1.00,1.07
2017.06.27 13:40:31.492,1.54945,1.54977,1.00,1.57
2017.06.27 13:40:31.593,1.54949,1.54974,1.00,1.50
2017.06.27 13:40:31.695,1.54951,1.54978,1.00,1.00
2017.06.27 13:40:32.213,1.5495,1.54977,1.00,1.00
2017.06.27 13:40:32.349,1.54952,1.54973,1.00,1.00
2017.06.27 13:40:32.714,1.54953,1.54975,1.00,1.00
2017.06.27 13:40:32.866,1.54949,1.54975,1.00,1.00
2017.06.27 13:40:33.609,1.54949,1.54974,1.00,1.00
2017.06.27 13:40:33.964,1.54952,1.54974,1.00,1.00
2017.06.27 13:40:34.015,1.54954,1.54977,1.00,1.00
2017.06.27 13:40:34.066,1.54954,1.54974,1.00,1.00
2017.06.27 13:40:34.388,1.54953,1.54972,1.00,1.00
2017.06.27 13:40:34.640,1.54947,1.54972,1.00,1.00
2017.06.27 13:40:35.083,1.54948,1.54974,1.00,1.00
2017.06.27 13:40:35.516,1.54948,1.5497,1.00,1.00
2017.06.27 13:40:36.227,1.54948,1.54971,1.00,1.00
2017.06.27 13:40:36.489,1.54943,1.54969,1.07,1.00
2017.06.27 13:40:37.046,1.54943,1.5497,1.07,1.00
2017.06.27 13:40:37.791,1.54943,1.5497,1.10,1.00
2017.06.27 13:40:37.963,1.54947,1.54968,1.00,1.00
2017.06.27 13:40:38.165,1.54934,1.54962,1.07,1.00
2017.06.27 13:40:38.476,1.54933,1.54964,1.67,1.00
2017.06.27 13:40:38.527,1.54934,1.54964,1.05,1.00
2017.06.27 13:40:38.739,1.54934,1.54966,1.80,1.00
2017.06.27 13:40:39.077,1.54934,1.54964,1.80,1.00
2017.06.27 13:40:39.330,1.54933,1.54963,1.67,1.00
2017.06.27 13:40:39.572,1.54933,1.54965,2.17,1.00
2017.06.27 13:40:40.090,1.54934,1.54964,1.67,1.00
2017.06.27 13:40:40.430,1.54941,1.54961,1.00,1.00
2017.06.27 13:40:40.582,1.54937,1.5496,1.00,1.00
2017.06.27 13:40:40.875,1.5494,1.54964,1.00,1.50
2017.06.27 13:40:41.420,1.5494,1.54963,1.00,1.00
2017.06.27 13:40:41.953,1.54939,1.54962,1.00,1.50
2017.06.27 13:40:42.854,1.54939,1.54961,1.00,1.00
2017.06.27 13:40:43.399,1.54939,1.5496,1.00,1.00
2017.06.27 13:40:43.552,1.5494,1.54975,2.17,1.00
2017.06.27 13:40:43.804,1.54941,1.54969,1.70,1.00
2017.06.27 13:40:44.235,1.54943,1.54971,1.60,1.00
2017.06.27 13:40:44.336,1.54941,1.5497,1.70,1.00
2017.06.27 13:40:44.846,1.54941,1.54969,1.70,1.00
2017.06.27 13:40:45.110,1.54943,1.54965,1.00,1.00
2017.06.27 13:40:45.262,1.54946,1.54973,1.67,1.00
2017.06.27 13:40:45.363,1.54943,1.54969,1.67,1.00
2017.06.27 13:40:45.891,1.54944,1.54969,1.67,1.00
2017.06.27 13:40:45.942,1.54943,1.54975,1.67,1.00
2017.06.27 13:40:45.996,1.54943,1.54973,1.67,1.00
2017.06.27 13:40:46.299,1.54956,1.54977,1.00,1.00
2017.06.27 13:40:46.451,1.54959,1.54981,1.00,1.50
2017.06.27 13:40:46.922,1.54961,1.54984,1.10,1.00
2017.06.27 13:40:47.277,1.54962,1.54986,1.00,1.00
2017.06.27 13:40:47.479,1.5496,1.54982,1.00,1.00
2017.06.27 13:40:47.805,1.54957,1.54979,1.00,1.00
2017.06.27 13:40:48.144,1.54956,1.54977,1.00,1.00
2017.06.27 13:40:48.720,1.54955,1.54977,1.00,1.00
2017.06.27 13:40:49.590,1.54953,1.54977,1.00,1.00
2017.06.27 13:40:50.636,1.54953,1.54977,1.07,1.00
2017.06.27 13:40:50.889,1.54947,1.5498,1.05,1.00
2017.06.27 13:40:50.939,1.54947,1.54978,1.05,1.00
2017.06.27 13:40:51.255,1.54953,1.54976,1.00,1.50
2017.06.27 13:40:51.813,1.54954,1.54976,1.00,1.00
2017.06.27 13:40:52.116,1.54958,1.54979,1.00,1.00
2017.06.27 13:40:52.642,1.54957,1.54979,1.50,1.00
2017.06.27 13:40:53.110,1.54959,1.54979,1.00,1.00
2017.06.27 13:40:53.314,1.54959,1.54981,1.50,1.00
2017.06.27 13:40:53.840,1.54958,1.54981,1.00,1.00
2017.06.27 13:40:54.253,1.54962,1.54981,1.00,1.00
2017.06.27 13:40:54.637,1.54964,1.54981,1.00,1.00
2017.06.27 13:40:54.687,1.54964,1.54984,1.00,1.00
2017.06.27 13:40:54.839,1.54963,1.54992,1.00,1.00
2017.06.27 13:40:55.042,1.54962,1.54982,1.00,1.00
2017.06.27 13:40:55.242,1.54957,1.54979,1.00,1.00
2017.06.27 13:40:55.344,1.54955,1.54977,1.00,1.00
2017.06.27 13:40:55.991,1.54954,1.54986,1.00,1.07
2017.06.27 13:40:56.093,1.54952,1.54985,1.00,1.07
2017.06.27 13:40:56.144,1.54952,1.54973,1.00,1.00
2017.06.27 13:40:56.398,1.54951,1.54975,1.50,1.00
2017.06.27 13:40:56.965,1.54952,1.54975,1.00,1.00
2017.06.27 13:40:57.016,1.54952,1.54977,1.00,1.00
2017.06.27 13:40:57.914,1.54952,1.54975,1.00,1.50
2017.06.27 13:40:58.217,1.54952,1.54966,1.00,1.00
2017.06.27 13:40:58.646,1.54952,1.54968,1.00,1.00
2017.06.27 13:40:59.070,1.54938,1.54968,1.70,1.00
2017.06.27 13:40:59.571,1.54938,1.54967,1.67,1.00
2017.06.27 13:40:59.925,1.54939,1.54969,1.80,1.00
2017.06.27 13:41:00.158,1.54942,1.5497,1.60,1.00
2017.06.27 13:41:00.209,1.54942,1.54972,1.60,1.00
2017.06.27 13:41:00.768,1.54943,1.54972,1.60,1.00
2017.06.27 13:41:00.869,1.5494,1.54959,1.00,1.00
2017.06.27 13:41:00.971,1.54936,1.54957,1.00,1.00
2017.06.27 13:41:01.022,1.54933,1.54955,1.00,1.00
2017.06.27 13:41:01.687,1.54933,1.54956,1.00,1.00
2017.06.27 13:41:01.872,1.54931,1.54956,1.00,1.50
2017.06.27 13:41:02.149,1.54931,1.54954,1.00,1.00
2017.06.27 13:41:02.684,1.54931,1.54955,1.00,1.00
2017.06.27 13:41:02.969,1.54925,1.54956,1.05,1.00
2017.06.27 13:41:03.242,1.54922,1.54946,1.57,1.00
2017.06.27 13:41:03.344,1.54917,1.5495,1.37,1.00
2017.06.27 13:41:03.546,1.54923,1.54951,2.17,1.00
2017.06.27 13:41:03.597,1.54923,1.54954,1.67,1.00
2017.06.27 13:41:03.698,1.54923,1.54953,1.80,1.00
2017.06.27 13:41:04.109,1.54923,1.54953,1.80,1.00
2017.06.27 13:41:04.495,1.54929,1.54952,1.00,1.00
2017.06.27 13:41:04.913,1.54929,1.54949,1.00,1.00
2017.06.27 13:41:05.015,1.54927,1.54949,1.00,1.00
2017.06.27 13:41:05.393,1.54926,1.54946,1.00,1.00
2017.06.27 13:41:05.444,1.54926,1.54949,1.00,1.00
2017.06.27 13:41:05.597,1.54926,1.54946,1.00,1.00
2017.06.27 13:41:05.648,1.54922,1.54946,1.42,1.00
2017.06.27 13:41:05.867,1.54922,1.54952,1.35,1.00
2017.06.27 13:41:05.918,1.54921,1.54945,1.70,1.00
2017.06.27 13:41:06.462,1.54922,1.54946,1.35,1.00
2017.06.27 13:41:06.565,1.5492,1.54945,1.00,1.00
2017.06.27 13:41:06.666,1.54923,1.54946,1.00,1.00
2017.06.27 13:41:06.991,1.54921,1.54943,1.00,1.00
2017.06.27 13:41:07.702,1.5492,1.54943,1.00,1.00
2017.06.27 13:41:07.803,1.54918,1.54942,1.00,1.50
2017.06.27 13:41:07.854,1.54918,1.5494,1.00,1.00
2017.06.27 13:41:08.551,1.54916,1.54939,1.00,1.00
2017.06.27 13:41:09.383,1.54916,1.54936,1.00,1.00
2017.06.27 13:41:09.673,1.54913,1.54934,1.00,1.00
2017.06.27 13:41:10.242,1.54913,1.54935,1.42,1.00
2017.06.27 13:41:10.293,1.54917,1.54935,1.35,1.00
2017.06.27 13:41:10.496,1.54921,1.54946,1.80,1.00
2017.06.27 13:41:11.040,1.54921,1.54945,1.60,1.00
2017.06.27 13:41:11.348,1.54921,1.54949,1.60,1.00
2017.06.27 13:41:12.631,1.54927,1.54951,1.00,1.50
2017.06.27 13:41:13.245,1.54927,1.5495,1.00,1.00
2017.06.27 13:41:13.491,1.54921,1.5495,1.60,1.00
2017.06.27 13:41:13.797,1.54921,1.5495,1.60,1.00
2017.06.27 13:41:14.018,1.54924,1.54949,1.00,1.50
2017.06.27 13:41:14.802,1.54924,1.54948,1.00,1.00
2017.06.27 13:41:15.106,1.54926,1.5495,1.00,1.50
2017.06.27 13:41:15.450,1.54924,1.54947,1.00,1.00
2017.06.27 13:41:16.052,1.54924,1.54946,1.00,1.00
2017.06.27 13:41:16.581,1.54924,1.54947,1.00,1.00
2017.06.27 13:41:16.733,1.54922,1.54947,1.00,1.50
2017.06.27 13:41:16.783,1.54922,1.54945,1.00,1.00
2017.06.27 13:41:16.834,1.54922,1.54947,1.00,1.50
2017.06.27 13:41:17.389,1.54917,1.54948,1.35,1.00
2017.06.27 13:41:17.440,1.54914,1.54947,3.60,1.00
2017.06.27 13:41:17.491,1.54914,1.54946,2.10,1.00
2017.06.27 13:41:18.049,1.54914,1.54946,2.10,1.00
2017.06.27 13:41:18.100,1.54916,1.54946,1.60,1.00
2017.06.27 13:41:18.151,1.54917,1.54948,1.60,1.00
2017.06.27 13:41:18.512,1.54923,1.54947,1.00,1.50
2017.06.27 13:41:19.241,1.54923,1.54946,1.00,1.00
2017.06.27 13:41:20.182,1.54923,1.54944,1.00,1.00
2017.06.27 13:41:20.362,1.54916,1.54938,1.00,1.00
2017.06.27 13:41:20.514,1.54908,1.54939,1.50,1.00
2017.06.27 13:41:20.615,1.54908,1.54937,2.10,1.00
2017.06.27 13:41:20.666,1.54908,1.54939,2.10,1.00
2017.06.27 13:41:21.323,1.54913,1.54937,1.00,1.00
2017.06.27 13:41:21.666,1.54917,1.54939,1.00,1.00
2017.06.27 13:41:22.811,1.54917,1.5494,1.00,1.50
2017.06.27 13:41:23.590,1.54916,1.5494,1.00,1.00
2017.06.27 13:41:23.641,1.54916,1.54942,1.00,1.00
2017.06.27 13:41:23.692,1.54919,1.54942,1.00,1.00
2017.06.27 13:41:24.728,1.54914,1.54942,1.60,1.00
2017.06.27 13:41:24.778,1.54914,1.54942,1.70,1.00
2017.06.27 13:41:25.314,1.54913,1.54942,2.10,1.00
2017.06.27 13:41:25.828,1.54917,1.54941,1.35,1.00
2017.06.27 13:41:26.081,1.5492,1.54946,1.60,1.00
2017.06.27 13:41:26.132,1.54923,1.54947,1.00,1.00
2017.06.27 13:41:26.920,1.54925,1.54947,1.00,1.00
2017.06.27 13:41:27.469,1.54925,1.54948,1.00,1.50
2017.06.27 13:41:27.960,1.54925,1.54945,1.00,1.00
2017.06.27 13:41:28.527,1.54925,1.54946,1.00,1.00
2017.06.27 13:41:28.835,1.54917,1.54947,1.60,1.00
2017.06.27 13:41:28.936,1.54924,1.54947,1.00,1.00
2017.06.27 13:41:29.189,1.54913,1.5494,1.00,1.00
2017.06.27 13:41:29.414,1.54918,1.54947,1.60,1.00
2017.06.27 13:41:29.717,1.54928,1.54952,1.60,1.00
2017.06.27 13:41:30.248,1.54928,1.54952,1.60,1.00
2017.06.27 13:41:30.519,1.54924,1.54957,1.60,1.00
2017.06.27 13:41:30.620,1.54923,1.54952,1.00,1.00
2017.06.27 13:41:30.772,1.54924,1.54956,1.00,1.00
2017.06.27 13:41:30.822,1.54924,1.54953,1.00,1.00
2017.06.27 13:41:31.352,1.54923,1.54953,2.10,1.00
2017.06.27 13:41:31.891,1.54924,1.54952,1.00,1.00
2017.06.27 13:41:32.194,1.54916,1.54945,1.60,1.00
2017.06.27 13:41:32.245,1.54916,1.54953,1.60,1.00
2017.06.27 13:41:32.297,1.54916,1.54951,5.10,1.00
2017.06.27 13:41:32.695,1.54916,1.54949,3.60,1.00
2017.06.27 13:41:33.209,1.54916,1.54948,3.60,1.00
2017.06.27 13:41:34.006,1.54915,1.54947,5.85,1.00
2017.06.27 13:41:34.316,1.54925,1.54946,1.00,1.00
2017.06.27 13:41:34.593,1.54922,1.54945,1.00,1.50
2017.06.27 13:41:36.286,1.54922,1.54944,1.00,1.00
2017.06.27 13:41:36.914,1.54922,1.54945,1.00,1.00
2017.06.27 13:41:37.192,1.54918,1.54947,1.70,1.00
2017.06.27 13:41:37.739,1.54919,1.54948,1.60,1.00
2017.06.27 13:41:38.305,1.54919,1.54947,1.60,1.00
2017.06.27 13:41:38.664,1.54923,1.54947,1.00,1.00
2017.06.27 13:41:38.920,1.54921,1.54947,1.00,1.00
2017.06.27 13:41:39.329,1.54916,1.54947,1.67,1.00
2017.06.27 13:41:39.431,1.54915,1.54944,1.60,1.00
2017.06.27 13:41:39.481,1.54915,1.54946,1.60,1.00
2017.06.27 13:41:39.532,1.54916,1.54943,1.35,1.00
2017.06.27 13:41:39.835,1.54917,1.54946,1.70,1.00
2017.06.27 13:41:40.194,1.54916,1.54946,2.10,1.00
2017.06.27 13:41:40.315,1.54917,1.54946,1.35,1.00
2017.06.27 13:41:40.417,1.54916,1.54943,1.60,1.00
2017.06.27 13:41:40.469,1.54916,1.54945,1.60,1.00
2017.06.27 13:41:40.520,1.54915,1.54944,1.60,1.00
2017.06.27 13:41:40.672,1.54915,1.54947,2.17,1.00
2017.06.27 13:41:40.723,1.54916,1.54945,1.60,1.00
2017.06.27 13:41:41.596,1.54915,1.54946,1.60,1.00
2017.06.27 13:41:42.192,1.54922,1.54946,1.00,1.00
2017.06.27 13:41:42.694,1.54923,1.54945,1.00,1.00
2017.06.27 13:41:43.288,1.54922,1.54945,1.00,1.00
2017.06.27 13:41:44.856,1.54922,1.54944,1.35,1.00
2017.06.27 13:41:44.907,1.54922,1.54948,1.60,1.00
2017.06.27 13:41:44.958,1.54925,1.54946,1.00,1.00
2017.06.27 13:41:45.312,1.54919,1.54945,1.60,1.00
2017.06.27 13:41:45.915,1.5492,1.54945,1.00,1.50
2017.06.27 13:41:46.067,1.54922,1.54946,1.00,1.00
2017.06.27 13:41:46.574,1.54922,1.54944,1.35,1.00
2017.06.27 13:41:46.962,1.54922,1.54946,1.00,1.50
2017.06.27 13:41:47.142,1.54921,1.54944,1.00,1.00
2017.06.27 13:41:48.126,1.54921,1.54943,1.00,1.00
2017.06.27 13:41:49.109,1.54921,1.54944,1.00,1.00
2017.06.27 13:41:49.698,1.5492,1.54942,1.00,1.00
2017.06.27 13:41:50.606,1.54919,1.54942,1.00,1.00
2017.06.27 13:41:51.159,1.54919,1.54945,1.00,1.50
2017.06.27 13:41:51.210,1.54919,1.54943,1.00,1.00
2017.06.27 13:41:51.876,1.54919,1.54944,1.00,1.00
2017.06.27 13:41:52.830,1.54919,1.54943,1.00,1.00
2017.06.27 13:41:53.347,1.5492,1.54943,1.00,1.00
2017.06.27 13:41:53.620,1.54918,1.54944,1.00,1.50
2017.06.27 13:41:53.672,1.54917,1.54939,1.00,1.00
2017.06.27 13:41:53.868,1.54914,1.54939,2.10,1.00
2017.06.27 13:41:54.173,1.54914,1.54936,1.00,1.00
2017.06.27 13:41:54.224,1.54914,1.54938,1.00,1.00
2017.06.27 13:41:54.819,1.5492,1.54944,1.35,1.00
2017.06.27 13:41:55.362,1.5492,1.54945,1.35,1.00
2017.06.27 13:41:56.119,1.5492,1.54944,1.00,1.00
2017.06.27 13:41:56.661,1.5492,1.54945,1.00,1.00
2017.06.27 13:41:57.250,1.54919,1.54945,1.35,1.00
2017.06.27 13:41:57.860,1.54915,1.54944,3.60,1.00
2017.06.27 13:41:58.162,1.54919,1.54939,1.35,1.00
2017.06.27 13:41:58.263,1.54919,1.54942,1.35,1.00
2017.06.27 13:41:58.365,1.54917,1.5494,1.60,1.00
2017.06.27 13:41:58.486,1.54919,1.54942,1.35,1.00
2017.06.27 13:41:58.587,1.54919,1.5494,1.35,1.00
2017.06.27 13:41:58.992,1.54919,1.54942,1.35,1.00
2017.06.27 13:41:59.464,1.54919,1.54939,1.00,1.00
2017.06.27 13:41:59.666,1.54915,1.54944,1.35,1.50
2017.06.27 13:41:59.767,1.54916,1.54941,1.00,1.00
2017.06.27 13:42:00.075,1.54916,1.54938,1.35,1.00
2017.06.27 13:42:00.581,1.54916,1.54939,1.35,1.00
2017.06.27 13:42:00.632,1.54916,1.54941,1.35,1.50
2017.06.27 13:42:01.154,1.54917,1.5494,1.00,1.00
2017.06.27 13:42:01.735,1.54916,1.5494,1.35,1.00
2017.06.27 13:42:02.274,1.54916,1.54939,1.35,1.00
2017.06.27 13:42:02.381,1.54916,1.54939,1.60,1.00
2017.06.27 13:42:02.432,1.54922,1.54945,1.00,1.50
2017.06.27 13:42:02.584,1.54916,1.54945,1.70,1.00
2017.06.27 13:42:03.089,1.54917,1.54944,1.70,1.00
2017.06.27 13:42:03.336,1.54917,1.5494,1.35,1.00
2017.06.27 13:42:03.576,1.54918,1.54942,1.00,1.00
2017.06.27 13:42:03.779,1.54916,1.5494,1.00,1.00
2017.06.27 13:42:04.084,1.54917,1.54943,1.00,1.00
2017.06.27 13:42:04.438,1.54917,1.54941,1.00,1.00
2017.06.27 13:42:04.572,1.54913,1.54941,1.60,1.00
2017.06.27 13:42:04.843,1.54919,1.5494,1.00,1.00
2017.06.27 13:42:05.095,1.54909,1.54932,1.00,1.00
2017.06.27 13:42:05.715,1.54911,1.54933,1.00,1.00
2017.06.27 13:42:06.068,1.5491,1.54931,1.00,1.00
2017.06.27 13:42:06.119,1.54908,1.54931,1.00,1.00
2017.06.27 13:42:07.012,1.54908,1.5493,1.00,1.00
2017.06.27 13:42:07.063,1.54907,1.54928,1.00,1.00
2017.06.27 13:42:07.734,1.54906,1.54928,1.00,1.00
2017.06.27 13:42:07.799,1.54906,1.5493,1.00,1.00
2017.06.27 13:42:08.186,1.54906,1.54927,1.00,1.00
2017.06.27 13:42:08.708,1.54906,1.54928,1.00,1.00
2017.06.27 13:42:09.615,1.54905,1.54925,1.00,1.00
2017.06.27 13:42:09.956,1.54904,1.54928,1.00,1.00
2017.06.27 13:42:10.505,1.54904,1.54926,1.00,1.00
2017.06.27 13:42:10.708,1.54905,1.54928,1.00,1.00
2017.06.27 13:42:10.759,1.54905,1.54926,1.00,1.00
2017.06.27 13:42:10.810,1.54905,1.54928,1.00,1.00
2017.06.27 13:42:10.995,1.54904,1.54933,1.00,1.50
2017.06.27 13:42:11.412,1.54904,1.54928,1.00,1.00
2017.06.27 13:42:11.716,1.54904,1.54921,1.00,1.00
2017.06.27 13:42:11.767,1.54904,1.54923,1.00,1.50
2017.06.27 13:42:12.054,1.54904,1.54925,1.00,1.00
2017.06.27 13:42:12.828,1.54904,1.54924,1.00,1.00
2017.06.27 13:42:13.349,1.54904,1.54925,1.00,1.50
2017.06.27 13:42:13.861,1.54904,1.54924,1.00,1.00
2017.06.27 13:42:14.418,1.54904,1.54923,1.00,1.00
2017.06.27 13:42:14.944,1.54904,1.54922,1.00,1.00
2017.06.27 13:42:16.062,1.54904,1.54923,1.00,1.50
2017.06.27 13:42:16.607,1.54904,1.54927,2.10,1.00
2017.06.27 13:42:16.658,1.54906,1.54929,1.60,1.50
2017.06.27 13:42:16.809,1.54907,1.54931,1.60,1.50
2017.06.27 13:42:17.715,1.54907,1.54931,1.00,1.00
2017.06.27 13:42:17.817,1.54904,1.5493,1.35,1.00
2017.06.27 13:42:17.868,1.5491,1.5493,1.00,1.00
2017.06.27 13:42:18.172,1.54907,1.5493,1.00,1.00
2017.06.27 13:42:18.690,1.54907,1.54931,1.60,1.00
2017.06.27 13:42:19.596,1.5491,1.54934,1.00,1.50
2017.06.27 13:42:19.748,1.54911,1.54937,1.00,1.50
2017.06.27 13:42:20.299,1.54911,1.54936,1.00,1.00
2017.06.27 13:42:20.350,1.54911,1.54927,1.00,1.00
2017.06.27 13:42:20.401,1.54911,1.54929,1.00,1.00
2017.06.27 13:42:20.502,1.54911,1.54937,1.00,1.00
2017.06.27 13:42:20.553,1.54911,1.54936,1.00,1.07
2017.06.27 13:42:20.604,1.54904,1.54937,1.00,1.57
2017.06.27 13:42:20.756,1.54904,1.5493,1.35,1.00
2017.06.27 13:42:20.806,1.54904,1.54938,1.35,1.57
2017.06.27 13:42:21.331,1.54904,1.54936,1.60,1.00
2017.06.27 13:42:21.662,1.54904,1.54934,1.60,1.00
2017.06.27 13:42:21.973,1.54904,1.54932,1.60,1.00
2017.06.27 13:42:22.276,1.54908,1.54931,1.00,1.00
2017.06.27 13:42:23.454,1.54907,1.5493,1.00,1.50
2017.06.27 13:42:23.504,1.54905,1.5493,1.00,1.50
2017.06.27 13:42:23.606,1.54904,1.54928,1.50,1.00
2017.06.27 13:42:24.376,1.54906,1.54929,1.00,1.00
2017.06.27 13:42:25.296,1.54906,1.54931,1.00,1.50
2017.06.27 13:42:25.655,1.54909,1.54932,1.00,1.00
2017.06.27 13:42:26.666,1.54909,1.54934,1.00,1.50
2017.06.27 13:42:27.273,1.54909,1.54932,1.00,1.00
2017.06.27 13:42:28.104,1.54909,1.54933,1.00,1.00
2017.06.27 13:42:28.776,1.5491,1.54933,1.00,1.00
2017.06.27 13:42:30.016,1.54902,1.54936,1.00,1.50
2017.06.27 13:42:30.668,1.54902,1.54935,1.00,1.00
2017.06.27 13:42:31.329,1.54902,1.54936,1.00,1.50
2017.06.27 13:42:31.645,1.54899,1.54935,1.00,1.50
2017.06.27 13:42:31.696,1.54901,1.54933,1.00,1.00
2017.06.27 13:42:32.288,1.54901,1.54934,1.00,1.00
2017.06.27 13:42:32.592,1.54903,1.54927,1.00,1.00
2017.06.27 13:42:32.895,1.54899,1.54917,1.00,1.00
2017.06.27 13:42:32.997,1.54899,1.54923,1.00,1.82
2017.06.27 13:42:33.199,1.54899,1.54923,1.00,1.00
2017.06.27 13:42:33.423,1.54893,1.54929,1.97,1.00
2017.06.27 13:42:33.574,1.54893,1.54929,1.72,1.00
2017.06.27 13:42:33.726,1.5489,1.5493,3.97,2.32
2017.06.27 13:42:33.878,1.54892,1.54928,1.05,1.50
2017.06.27 13:42:33.979,1.54893,1.5493,1.60,1.57
2017.06.27 13:42:34.524,1.54893,1.54931,1.72,1.00
2017.06.27 13:42:34.882,1.54894,1.54929,1.60,1.00
2017.06.27 13:42:35.737,1.54897,1.54929,1.50,1.00
2017.06.27 13:42:36.176,1.54896,1.54931,2.10,1.00
2017.06.27 13:42:36.277,1.54896,1.54935,2.10,1.07
2017.06.27 13:42:36.328,1.54903,1.54927,1.00,1.00
2017.06.27 13:42:36.636,1.54902,1.54925,1.00,1.00
2017.06.27 13:42:36.687,1.549,1.54925,1.00,1.50
2017.06.27 13:42:36.839,1.54893,1.54926,2.10,1.00
2017.06.27 13:42:36.966,1.54898,1.54923,1.00,1.00
2017.06.27 13:42:37.129,1.54899,1.54925,1.00,1.00
2017.06.27 13:42:37.180,1.54899,1.54925,1.37,1.00
2017.06.27 13:42:37.533,1.54899,1.54931,1.50,1.00
2017.06.27 13:42:37.634,1.54899,1.54923,1.50,1.00
2017.06.27 13:42:37.970,1.54901,1.54927,1.50,1.00
2017.06.27 13:42:38.021,1.549,1.54924,1.50,1.00
2017.06.27 13:42:38.324,1.54902,1.54921,1.00,1.00
2017.06.27 13:42:38.375,1.54895,1.54927,1.50,1.00
2017.06.27 13:42:38.426,1.54897,1.54922,1.37,1.00
2017.06.27 13:42:38.933,1.54894,1.54918,1.37,1.00
2017.06.27 13:42:38.984,1.54894,1.54918,1.37,1.00
2017.06.27 13:42:39.086,1.54897,1.5492,1.12,1.00
2017.06.27 13:42:39.557,1.54897,1.54915,1.00,1.00
2017.06.27 13:42:39.607,1.54892,1.54914,1.00,1.00
2017.06.27 13:42:39.658,1.54892,1.54907,1.00,1.00
2017.06.27 13:42:39.845,1.54892,1.54917,1.00,1.00
2017.06.27 13:42:39.896,1.54892,1.54912,1.00,1.00
2017.06.27 13:42:39.947,1.54884,1.54919,1.50,1.07
2017.06.27 13:42:40.048,1.54889,1.54919,1.00,1.00
2017.06.27 13:42:40.251,1.54888,1.54921,1.50,1.10
2017.06.27 13:42:40.352,1.54888,1.54918,1.50,1.50
2017.06.27 13:42:40.403,1.54885,1.54915,1.00,1.50
2017.06.27 13:42:40.454,1.54884,1.54908,1.50,1.00
2017.06.27 13:42:40.505,1.54884,1.54908,1.00,1.00
2017.06.27 13:42:40.555,1.54885,1.54908,1.50,1.00
2017.06.27 13:42:40.686,1.54887,1.5491,1.00,1.50
2017.06.27 13:42:40.939,1.54883,1.54918,1.50,1.57
2017.06.27 13:42:40.990,1.54884,1.54914,1.50,1.50
2017.06.27 13:42:41.293,1.54885,1.54916,1.50,1.50
2017.06.27 13:42:41.655,1.54885,1.54909,1.12,1.00
2017.06.27 13:42:41.958,1.54883,1.54909,1.00,1.00
2017.06.27 13:42:42.312,1.54883,1.54907,1.50,1.00
2017.06.27 13:42:42.564,1.54883,1.54911,1.57,1.00
2017.06.27 13:42:42.616,1.54889,1.54911,1.00,1.50
2017.06.27 13:42:42.777,1.54891,1.54914,1.00,1.00
2017.06.27 13:42:43.547,1.54893,1.54916,1.00,1.00
2017.06.27 13:42:43.920,1.54895,1.54919,1.00,1.00
2017.06.27 13:42:44.432,1.54895,1.54919,1.37,1.00
2017.06.27 13:42:44.533,1.54897,1.54921,1.00,1.00
2017.06.27 13:42:45.299,1.54898,1.54922,1.37,1.00
2017.06.27 13:42:45.350,1.54899,1.54924,1.12,1.00
2017.06.27 13:42:45.654,1.54901,1.54924,1.00,1.00
2017.06.27 13:42:46.047,1.54897,1.5492,1.00,1.00
2017.06.27 13:42:46.199,1.54898,1.54923,1.00,1.00
2017.06.27 13:42:46.417,1.549,1.54925,1.00,1.00
2017.06.27 13:42:46.670,1.54893,1.54929,1.50,1.00
2017.06.27 13:42:46.721,1.54896,1.5492,1.12,1.00
2017.06.27 13:42:47.223,1.54898,1.54923,1.50,1.00
2017.06.27 13:42:47.728,1.54899,1.54924,1.37,1.00
2017.06.27 13:42:48.266,1.54899,1.54924,1.12,1.00
2017.06.27 13:42:48.584,1.54898,1.54921,1.12,1.00
2017.06.27 13:42:48.887,1.549,1.5492,1.00,1.00
2017.06.27 13:42:49.190,1.549,1.54922,1.00,1.50
2017.06.27 13:42:49.241,1.549,1.5492,1.00,1.00
2017.06.27 13:42:49.342,1.549,1.54922,1.50,1.00
2017.06.27 13:42:49.393,1.54904,1.54922,1.50,1.00
2017.06.27 13:42:49.724,1.54908,1.54922,1.50,1.00
2017.06.27 13:42:50.153,1.54908,1.54937,1.50,1.50
2017.06.27 13:42:50.203,1.54906,1.5493,1.00,1.00
2017.06.27 13:42:50.305,1.549,1.54925,1.00,1.00
2017.06.27 13:42:50.457,1.54899,1.54922,1.00,1.00
2017.06.27 13:42:50.508,1.54898,1.54924,1.00,1.00
2017.06.27 13:42:50.668,1.54894,1.54919,1.50,1.00
2017.06.27 13:42:50.770,1.54893,1.54923,1.00,1.00
2017.06.27 13:42:50.821,1.54892,1.54914,1.50,1.00
2017.06.27 13:42:50.872,1.54891,1.54916,1.50,1.00
2017.06.27 13:42:50.974,1.54894,1.54917,1.50,1.00
2017.06.27 13:42:51.387,1.54893,1.54919,1.50,1.00
2017.06.27 13:42:51.892,1.54891,1.54918,2.10,1.00
2017.06.27 13:42:51.943,1.54897,1.54918,1.00,1.00
2017.06.27 13:42:52.427,1.54897,1.5492,1.00,1.00
2017.06.27 13:42:52.579,1.54897,1.54915,1.00,1.00
2017.06.27 13:42:52.731,1.5489,1.54913,1.50,1.00
2017.06.27 13:42:52.889,1.5489,1.54913,1.50,1.00
2017.06.27 13:42:52.990,1.54893,1.54913,1.00,1.00
2017.06.27 13:42:53.542,1.54893,1.54914,1.00,1.00
2017.06.27 13:42:53.999,1.54893,1.54917,1.37,1.50
2017.06.27 13:42:54.143,1.54897,1.54918,1.00,1.00
2017.06.27 13:42:54.348,1.54897,1.54921,1.12,1.00
2017.06.27 13:42:55.121,1.54896,1.54921,1.50,1.50
2017.06.27 13:42:55.619,1.54896,1.54919,1.00,1.50
2017.06.27 13:42:55.922,1.54899,1.54919,2.10,1.00
2017.06.27 13:42:55.973,1.54898,1.54924,1.50,1.00
2017.06.27 13:42:56.024,1.54897,1.54924,1.30,1.00
2017.06.27 13:42:56.213,1.54898,1.54924,1.50,1.00
2017.06.27 13:42:56.265,1.54896,1.54932,1.50,1.57
2017.06.27 13:42:56.648,1.54901,1.54925,1.00,1.00
2017.06.27 13:42:57.119,1.54899,1.54918,1.00,1.00
2017.06.27 13:42:57.170,1.54899,1.5492,1.00,1.00
2017.06.27 13:42:57.344,1.54895,1.54917,1.00,1.00
2017.06.27 13:42:57.495,1.54893,1.54919,1.50,1.00
2017.06.27 13:42:57.804,1.54893,1.54926,1.50,1.57
2017.06.27 13:42:57.955,1.54893,1.54925,1.50,1.50
2017.06.27 13:42:58.221,1.54893,1.54919,1.50,1.00
2017.06.27 13:42:58.391,1.54894,1.54924,1.50,1.00
2017.06.27 13:42:58.441,1.54894,1.54917,1.50,1.00
2017.06.27 13:42:58.907,1.54892,1.54917,2.25,1.00
2017.06.27 13:42:59.445,1.54893,1.54917,2.25,1.00
2017.06.27 13:42:59.782,1.5489,1.54913,1.50,1.00
2017.06.27 13:43:00.224,1.54888,1.54913,1.12,1.00
2017.06.27 13:43:00.477,1.54886,1.54919,1.50,1.50
2017.06.27 13:43:00.704,1.54885,1.54915,1.50,1.00
2017.06.27 13:43:00.807,1.54883,1.54915,1.50,1.00
2017.06.27 13:43:00.858,1.54884,1.54908,1.50,1.00
2017.06.27 13:43:01.161,1.54883,1.54906,1.12,1.00
2017.06.27 13:43:01.694,1.54883,1.54905,1.00,1.00
2017.06.27 13:43:01.996,1.54879,1.54901,1.00,1.00
2017.06.27 13:43:02.249,1.5488,1.5491,1.50,1.50
2017.06.27 13:43:02.350,1.54881,1.54908,1.00,1.00
2017.06.27 13:43:02.401,1.54879,1.54911,1.00,1.50
2017.06.27 13:43:02.453,1.54877,1.54908,1.50,1.50
2017.06.27 13:43:02.815,1.54877,1.549,1.37,1.00
2017.06.27 13:43:03.151,1.54882,1.54905,1.50,1.50
2017.06.27 13:43:03.667,1.54883,1.54906,1.12,1.50
2017.06.27 13:43:04.471,1.54882,1.54906,1.00,1.00
2017.06.27 13:43:04.775,1.54894,1.54913,1.50,1.00
2017.06.27 13:43:04.927,1.5489,1.54913,1.50,1.00
2017.06.27 13:43:05.129,1.54891,1.54921,1.50,1.00
2017.06.27 13:43:05.231,1.54891,1.54923,1.50,1.00
2017.06.27 13:43:05.779,1.54891,1.54922,1.50,1.00
2017.06.27 13:43:05.981,1.54895,1.54926,1.50,1.00
2017.06.27 13:43:06.285,1.54895,1.5492,1.00,1.00
2017.06.27 13:43:06.610,1.54892,1.54919,1.50,1.00
2017.06.27 13:43:06.661,1.54892,1.54917,1.00,1.00
2017.06.27 13:43:07.162,1.54891,1.54918,1.50,1.00
2017.06.27 13:43:07.465,1.54894,1.5492,1.50,1.00
2017.06.27 13:43:07.813,1.54896,1.54922,1.00,1.00
2017.06.27 13:43:08.116,1.54895,1.54919,1.00,1.00
2017.06.27 13:43:08.474,1.54895,1.54928,1.00,1.00
2017.06.27 13:43:08.790,1.54897,1.54922,1.00,1.00
2017.06.27 13:43:09.393,1.54896,1.54922,1.00,1.00
2017.06.27 13:43:09.921,1.54895,1.54922,1.00,1.00
2017.06.27 13:43:10.589,1.54892,1.54924,1.50,1.00
2017.06.27 13:43:10.640,1.54892,1.54922,1.50,1.00
2017.06.27 13:43:10.945,1.54892,1.54917,1.00,1.00
2017.06.27 13:43:11.398,1.54884,1.54917,1.00,1.00
2017.06.27 13:43:11.552,1.54882,1.54915,1.37,1.00
2017.06.27 13:43:11.924,1.54882,1.54913,1.37,1.00
2017.06.27 13:43:12.311,1.54885,1.54909,1.00,1.00
2017.06.27 13:43:12.363,1.54879,1.54912,1.00,1.00
2017.06.27 13:43:12.565,1.54879,1.54914,1.00,1.10
2017.06.27 13:43:12.616,1.54886,1.54911,1.00,1.00
2017.06.27 13:43:12.919,1.54883,1.54909,1.00,1.00
2017.06.27 13:43:12.970,1.54881,1.54907,1.00,1.00
2017.06.27 13:43:13.977,1.54882,1.54907,1.00,1.00
2017.06.27 13:43:14.953,1.54884,1.54907,1.00,1.00
2017.06.27 13:43:15.054,1.54886,1.5491,1.00,1.00
2017.06.27 13:43:15.443,1.54884,1.54917,1.00,1.00
2017.06.27 13:43:16.332,1.54883,1.54916,1.35,1.00
2017.06.27 13:43:16.687,1.54887,1.54911,1.00,1.00
2017.06.27 13:43:16.971,1.54884,1.54917,1.00,1.00
2017.06.27 13:43:17.310,1.54881,1.54918,2.92,1.00
2017.06.27 13:43:17.528,1.54884,1.54919,1.00,1.00
2017.06.27 13:43:17.579,1.54884,1.54921,1.00,1.00
2017.06.27 13:43:17.629,1.54888,1.54913,1.00,1.00
2017.06.27 13:43:18.186,1.54887,1.54913,1.00,1.00
2017.06.27 13:43:18.491,1.54886,1.54909,1.00,1.00
2017.06.27 13:43:18.632,1.54883,1.54907,1.00,1.00
2017.06.27 13:43:19.346,1.54883,1.54906,1.00,1.00
2017.06.27 13:43:20.426,1.54884,1.54907,1.00,1.00
2017.06.27 13:43:20.660,1.54886,1.54909,1.00,1.00
2017.06.27 13:43:20.768,1.54887,1.54911,1.00,1.00
2017.06.27 13:43:20.818,1.54889,1.54912,1.00,1.00
2017.06.27 13:43:21.526,1.54889,1.54911,1.00,1.00
2017.06.27 13:43:21.804,1.54875,1.54915,1.87,1.57
2017.06.27 13:43:22.317,1.54874,1.54907,1.12,1.00
2017.06.27 13:43:22.654,1.54881,1.549,1.00,1.00
2017.06.27 13:43:22.705,1.54874,1.549,1.00,1.50
2017.06.27 13:43:23.453,1.54874,1.54897,1.00,1.00
2017.06.27 13:43:23.503,1.54865,1.54897,1.12,1.00
2017.06.27 13:43:24.075,1.54864,1.54897,1.72,1.00
2017.06.27 13:43:24.227,1.54863,1.54899,1.20,1.00
2017.06.27 13:43:24.328,1.54863,1.54902,1.50,1.07
2017.06.27 13:43:24.479,1.54863,1.54896,1.00,1.00
2017.06.27 13:43:24.530,1.54864,1.54899,1.50,1.00
2017.06.27 13:43:24.926,1.54865,1.54897,1.00,1.00
2017.06.27 13:43:25.446,1.54866,1.54896,1.00,1.00
2017.06.27 13:43:25.819,1.54863,1.54898,2.17,1.00
2017.06.27 13:43:26.208,1.54863,1.54896,1.70,1.00
2017.06.27 13:43:26.512,1.5487,1.54889,1.00,1.00
2017.06.27 13:43:26.613,1.54858,1.54885,1.50,1.00
2017.06.27 13:43:26.664,1.54858,1.5489,1.50,1.00
2017.06.27 13:43:26.715,1.54854,1.54891,1.00,1.10
2017.06.27 13:43:26.817,1.54857,1.54891,1.60,1.00
2017.06.27 13:43:26.918,1.54864,1.54902,1.00,2.40
2017.06.27 13:43:27.025,1.54866,1.54901,1.00,1.27
2017.06.27 13:43:27.177,1.54873,1.54908,1.50,2.70
2017.06.27 13:43:27.228,1.54869,1.54908,1.00,1.95
2017.06.27 13:43:27.532,1.54873,1.54908,1.00,1.57
2017.06.27 13:43:27.583,1.54871,1.54908,1.00,1.57
2017.06.27 13:43:27.684,1.54873,1.54908,1.00,1.57
2017.06.27 13:43:27.785,1.54869,1.54908,2.25,2.32
2017.06.27 13:43:27.836,1.54869,1.54907,1.50,1.10
2017.06.27 13:43:27.963,1.54873,1.54899,1.50,1.00
2017.06.27 13:43:28.166,1.5487,1.54907,1.00,1.37
2017.06.27 13:43:28.267,1.54864,1.549,2.32,1.00
2017.06.27 13:43:28.318,1.54867,1.549,1.00,1.00
2017.06.27 13:43:28.369,1.54867,1.54907,1.50,1.95
2017.06.27 13:43:28.470,1.54873,1.54907,1.00,1.95
2017.06.27 13:43:28.833,1.54873,1.54896,1.00,1.00
2017.06.27 13:43:28.884,1.54864,1.54899,1.00,1.00
2017.06.27 13:43:29.086,1.54861,1.549,1.57,1.00
2017.06.27 13:43:29.188,1.54868,1.54891,1.50,1.00
2017.06.27 13:43:30.241,1.54869,1.54891,1.00,1.00
2017.06.27 13:43:30.292,1.5487,1.54893,1.00,1.00
2017.06.27 13:43:30.444,1.54872,1.54893,1.00,1.00
2017.06.27 13:43:30.747,1.54871,1.54907,1.00,1.20
2017.06.27 13:43:30.913,1.54865,1.54905,1.07,1.00
2017.06.27 13:43:30.964,1.54864,1.54905,1.07,1.07
2017.06.27 13:43:31.170,1.54869,1.54907,1.00,1.57
2017.06.27 13:43:31.474,1.54872,1.54897,1.00,1.00
2017.06.27 13:43:32.057,1.54871,1.54907,1.07,1.00
2017.06.27 13:43:32.108,1.54871,1.5491,1.07,1.00
2017.06.27 13:43:32.741,1.54872,1.54909,1.57,1.00
2017.06.27 13:43:33.027,1.5488,1.54902,1.00,1.00
2017.06.27 13:43:33.128,1.54879,1.54904,1.00,1.00
2017.06.27 13:43:33.410,1.54883,1.54906,1.00,1.00
2017.06.27 13:43:33.612,1.54876,1.54913,1.57,1.00
2017.06.27 13:43:33.663,1.54876,1.54915,1.57,1.50
2017.06.27 13:43:33.981,1.5488,1.54917,1.00,1.00
2017.06.27 13:43:34.291,1.5489,1.54914,1.00,1.00
2017.06.27 13:43:34.938,1.5489,1.54912,1.00,1.00
2017.06.27 13:43:35.393,1.54891,1.54914,1.00,1.00
2017.06.27 13:43:35.545,1.54886,1.54918,1.57,1.00
2017.06.27 13:43:36.158,1.54886,1.54917,1.10,1.00
2017.06.27 13:43:36.259,1.54887,1.5492,1.05,1.00
2017.06.27 13:43:36.309,1.54887,1.54924,1.05,1.50
2017.06.27 13:43:36.410,1.5489,1.54925,1.07,1.00
2017.06.27 13:43:36.612,1.54894,1.54927,1.10,1.00
2017.06.27 13:43:37.054,1.54889,1.54932,1.07,1.10
2017.06.27 13:43:37.310,1.54885,1.54921,2.55,1.00
2017.06.27 13:43:37.672,1.5489,1.54924,1.07,1.00
2017.06.27 13:43:37.723,1.54897,1.54922,1.00,1.00
2017.06.27 13:43:38.029,1.54899,1.54924,1.00,1.00
2017.06.27 13:43:38.436,1.54901,1.54925,1.00,1.00
2017.06.27 13:43:38.537,1.54893,1.54932,1.20,1.50
2017.06.27 13:43:38.689,1.54893,1.54922,1.20,1.00
2017.06.27 13:43:39.094,1.54886,1.54917,1.20,1.00
2017.06.27 13:43:39.145,1.54885,1.54925,2.17,1.10
2017.06.27 13:43:39.299,1.54889,1.54925,1.00,1.57
2017.06.27 13:43:39.602,1.54895,1.54919,1.00,1.00
2017.06.27 13:43:39.953,1.54891,1.54913,1.00,1.00
2017.06.27 13:43:40.479,1.54892,1.54915,1.00,1.50
2017.06.27 13:43:41.745,1.54892,1.54914,1.00,1.00
2017.06.27 13:43:42.003,1.54892,1.54911,1.00,1.00
2017.06.27 13:43:42.054,1.54888,1.54911,1.00,1.00
2017.06.27 13:43:42.105,1.54886,1.54909,1.00,1.00
2017.06.27 13:43:42.206,1.54884,1.54909,1.00,1.00
2017.06.27 13:43:42.257,1.54881,1.54905,1.00,1.00
2017.06.27 13:43:42.907,1.54881,1.54904,1.00,1.07
2017.06.27 13:43:43.332,1.54881,1.54902,1.00,1.07
2017.06.27 13:43:43.383,1.54864,1.54902,1.00,1.07
2017.06.27 13:43:43.433,1.54867,1.54902,1.00,1.07
2017.06.27 13:43:43.766,1.54866,1.54903,1.00,1.10
2017.06.27 13:43:44.110,1.54866,1.54903,1.00,1.07
2017.06.27 13:43:44.413,1.54866,1.54902,1.00,1.57
2017.06.27 13:43:44.762,1.54871,1.54894,1.00,1.00
2017.06.27 13:43:45.376,1.54868,1.54892,1.00,1.00
2017.06.27 13:43:45.478,1.54868,1.5489,1.00,1.00
2017.06.27 13:43:45.529,1.54866,1.54891,1.00,1.00
2017.06.27 13:43:45.942,1.54866,1.54889,1.00,1.00
2017.06.27 13:43:46.093,1.54866,1.54891,1.00,1.00
2017.06.27 13:43:46.145,1.54868,1.54892,1.00,1.00
2017.06.27 13:43:46.449,1.54873,1.54896,1.50,1.00
2017.06.27 13:43:46.804,1.54873,1.54896,1.00,1.07
2017.06.27 13:43:47.064,1.54864,1.54892,1.00,1.07
2017.06.27 13:43:47.115,1.54858,1.54892,1.00,1.07
2017.06.27 13:43:47.165,1.54858,1.54885,1.00,1.00
2017.06.27 13:43:47.267,1.54857,1.54887,1.00,1.00
2017.06.27 13:43:47.519,1.5486,1.54887,1.00,1.00
2017.06.27 13:43:47.571,1.54858,1.54886,1.00,1.00
2017.06.27 13:43:48.189,1.54857,1.54887,1.00,1.00
2017.06.27 13:43:48.290,1.54855,1.54886,1.00,1.00
2017.06.27 13:43:48.341,1.54862,1.54884,1.00,1.00
2017.06.27 13:43:48.392,1.5486,1.54883,1.00,1.50
2017.06.27 13:43:48.544,1.54858,1.54882,1.00,1.00
2017.06.27 13:43:48.595,1.54856,1.54881,1.00,1.00
2017.06.27 13:43:48.696,1.54859,1.54882,1.00,1.50
2017.06.27 13:43:48.848,1.54855,1.5488,1.00,1.00
2017.06.27 13:43:49.135,1.54853,1.54878,1.00,1.00
2017.06.27 13:43:49.872,1.5485,1.5488,1.00,1.00
2017.06.27 13:43:49.974,1.54853,1.54878,1.00,1.00
2017.06.27 13:43:50.132,1.5485,1.54879,1.00,1.00
2017.06.27 13:43:50.681,1.5485,1.5488,1.00,1.00
2017.06.27 13:43:51.046,1.54849,1.54884,1.00,1.10
2017.06.27 13:43:51.097,1.54856,1.54883,1.00,1.00
2017.06.27 13:43:51.198,1.54847,1.54878,1.50,1.00
2017.06.27 13:43:51.249,1.54855,1.54877,1.00,1.00
2017.06.27 13:43:51.773,1.54854,1.54877,1.00,1.00
2017.06.27 13:43:52.440,1.54852,1.54877,1.00,1.00
2017.06.27 13:43:52.796,1.54856,1.54879,1.00,1.00
2017.06.27 13:43:52.993,1.54857,1.54882,1.00,1.00
2017.06.27 13:43:53.048,1.54861,1.54884,1.00,1.50
2017.06.27 13:43:53.631,1.54861,1.54879,1.00,1.00
2017.06.27 13:43:53.682,1.54859,1.54879,1.00,1.00
2017.06.27 13:43:53.733,1.54858,1.54881,1.00,1.00
2017.06.27 13:43:54.495,1.54858,1.5488,1.00,1.00
2017.06.27 13:43:54.596,1.54858,1.54876,1.00,1.00
2017.06.27 13:43:54.798,1.54848,1.54874,1.00,1.00
2017.06.27 13:43:55.051,1.5485,1.54874,1.00,1.00
2017.06.27 13:43:55.533,1.54852,1.54875,1.00,1.50
2017.06.27 13:43:56.061,1.54852,1.54874,1.00,1.00
2017.06.27 13:43:56.617,1.54852,1.54871,1.00,1.00
2017.06.27 13:43:56.766,1.54848,1.54871,1.00,1.00
2017.06.27 13:43:56.817,1.54842,1.54871,1.00,1.00
2017.06.27 13:43:56.868,1.54848,1.54869,1.00,1.00
2017.06.27 13:43:56.920,1.54846,1.54869,1.00,1.00
2017.06.27 13:43:57.173,1.54846,1.54871,1.00,1.00
2017.06.27 13:43:57.710,1.54847,1.54872,1.00,1.50
2017.06.27 13:43:57.865,1.5485,1.54872,1.00,1.00
2017.06.27 13:43:58.067,1.54851,1.54874,1.00,1.00
2017.06.27 13:43:58.263,1.54851,1.54876,1.00,1.50
2017.06.27 13:43:58.791,1.54851,1.54873,1.00,1.00
2017.06.27 13:43:58.842,1.54851,1.54876,1.00,1.00
2017.06.27 13:43:58.944,1.54853,1.54878,1.00,1.00
2017.06.27 13:43:59.248,1.54855,1.5488,1.00,1.50
2017.06.27 13:43:59.549,1.54857,1.54878,1.00,1.00
2017.06.27 13:43:59.701,1.54857,1.5488,1.00,1.50
2017.06.27 13:43:59.853,1.54851,1.54879,1.00,1.00
2017.06.27 13:44:00.113,1.54856,1.54876,1.00,1.00
2017.06.27 13:44:00.164,1.54856,1.54879,1.00,1.50
2017.06.27 13:44:00.265,1.54851,1.54877,1.00,1.00
2017.06.27 13:44:00.460,1.54854,1.54878,1.00,1.00
2017.06.27 13:44:01.290,1.54854,1.54875,1.00,1.00
2017.06.27 13:44:01.421,1.54851,1.54874,1.00,1.00
2017.06.27 13:44:01.870,1.54851,1.54877,1.00,1.00
2017.06.27 13:44:02.325,1.54854,1.54877,1.00,1.00
2017.06.27 13:44:02.644,1.54857,1.5488,1.00,1.00
2017.06.27 13:44:03.627,1.54857,1.54881,1.00,1.00
2017.06.27 13:44:03.973,1.54857,1.54883,1.00,1.00
2017.06.27 13:44:04.327,1.54859,1.54884,1.00,1.00
2017.06.27 13:44:05.186,1.54855,1.54881,1.50,1.00
2017.06.27 13:44:05.641,1.54859,1.54881,1.00,1.00
2017.06.27 13:44:05.742,1.54859,1.54891,1.00,1.50
2017.06.27 13:44:05.976,1.54862,1.54891,1.00,1.00
2017.06.27 13:44:06.329,1.54861,1.54894,1.00,1.00
2017.06.27 13:44:06.380,1.54862,1.54892,1.00,1.00
2017.06.27 13:44:06.683,1.54867,1.5489,1.00,1.00
2017.06.27 13:44:06.889,1.54865,1.54897,1.00,1.00
2017.06.27 13:44:06.940,1.54861,1.5489,1.00,1.00
2017.06.27 13:44:06.991,1.54859,1.5489,1.00,1.00
2017.06.27 13:44:07.092,1.54865,1.54888,1.00,1.00
2017.06.27 13:44:07.193,1.54855,1.5489,1.00,1.00
2017.06.27 13:44:07.244,1.54857,1.54889,1.50,1.00
2017.06.27 13:44:07.295,1.54857,1.54892,1.00,1.07
2017.06.27 13:44:07.345,1.54865,1.54892,1.00,1.20
2017.06.27 13:44:07.800,1.54867,1.54891,1.00,1.00
2017.06.27 13:44:07.851,1.54867,1.54893,1.00,1.10
2017.06.27 13:44:07.955,1.54867,1.54886,1.00,1.00
2017.06.27 13:44:08.625,1.54866,1.54886,1.00,1.00
2017.06.27 13:44:09.167,1.54866,1.5489,1.00,1.00
2017.06.27 13:44:09.760,1.54867,1.5489,1.00,1.00
2017.06.27 13:44:10.262,1.54868,1.5489,1.00,1.00
2017.06.27 13:44:10.313,1.54867,1.54892,1.00,1.00
2017.06.27 13:44:10.414,1.54865,1.54902,1.00,1.07
2017.06.27 13:44:10.465,1.54864,1.54902,1.00,1.07
2017.06.27 13:44:10.516,1.54861,1.54898,1.12,1.07
2017.06.27 13:44:10.567,1.5486,1.54898,1.00,1.07
2017.06.27 13:44:10.668,1.54856,1.54896,1.00,1.20
2017.06.27 13:44:11.187,1.54855,1.54894,2.62,1.07
2017.06.27 13:44:11.288,1.54856,1.54894,1.50,1.07
2017.06.27 13:44:11.491,1.54859,1.54893,1.00,1.07
2017.06.27 13:44:11.795,1.54863,1.54887,1.00,1.00
2017.06.27 13:44:12.342,1.54862,1.54886,1.00,1.00
2017.06.27 13:44:12.610,1.54863,1.5489,1.00,1.00
2017.06.27 13:44:12.712,1.54867,1.54892,1.00,1.07
2017.06.27 13:44:12.763,1.54856,1.54895,1.00,1.07
2017.06.27 13:44:12.864,1.54856,1.54895,1.12,1.57
2017.06.27 13:44:13.015,1.54856,1.54895,1.87,1.10
2017.06.27 13:44:13.167,1.54863,1.54888,1.00,1.00
2017.06.27 13:44:13.470,1.54859,1.54892,1.00,1.00
2017.06.27 13:44:13.571,1.54868,1.54892,1.00,1.00
2017.06.27 13:44:13.915,1.54866,1.5489,1.00,1.00
2017.06.27 13:44:14.449,1.54865,1.54891,1.00,1.00
2017.06.27 13:44:14.955,1.54865,1.54888,1.00,1.00
2017.06.27 13:44:15.830,1.54862,1.54887,1.00,1.00
2017.06.27 13:44:15.931,1.54862,1.54885,1.00,1.00
2017.06.27 13:44:18.447,1.54862,1.54887,1.00,1.00
2017.06.27 13:44:19.478,1.54862,1.54885,1.00,1.00
2017.06.27 13:44:21.127,1.54852,1.54884,1.50,1.00
2017.06.27 13:44:21.676,1.54852,1.54885,1.00,1.00
2017.06.27 13:44:21.778,1.54851,1.54882,1.00,1.00
2017.06.27 13:44:21.942,1.54852,1.54886,1.35,1.00
2017.06.27 13:44:22.043,1.54852,1.54886,1.60,1.00
2017.06.27 13:44:22.347,1.54855,1.54881,1.00,1.00
2017.06.27 13:44:22.992,1.54856,1.54879,1.00,1.00
2017.06.27 13:44:25.225,1.54854,1.54879,1.00,1.00
2017.06.27 13:44:26.143,1.54856,1.54881,1.00,1.00
2017.06.27 13:44:27.001,1.54858,1.54881,1.00,1.00
2017.06.27 13:44:27.123,1.54854,1.54885,1.35,1.00
2017.06.27 13:44:27.174,1.54855,1.54882,1.00,1.00
2017.06.27 13:44:27.723,1.54859,1.54883,1.00,1.00
2017.06.27 13:44:28.853,1.54861,1.54884,1.00,1.00
2017.06.27 13:44:29.468,1.54859,1.54884,1.00,1.00
2017.06.27 13:44:30.027,1.54856,1.54887,1.00,1.00
2017.06.27 13:44:30.078,1.54855,1.5489,1.72,1.10
2017.06.27 13:44:30.129,1.54858,1.54888,1.00,1.00
2017.06.27 13:44:30.281,1.54855,1.54886,1.12,1.00
2017.06.27 13:44:30.436,1.54855,1.54891,1.12,1.57
2017.06.27 13:44:30.487,1.5486,1.54883,1.00,1.00
2017.06.27 13:44:31.104,1.54862,1.54885,1.00,1.00
2017.06.27 13:44:31.481,1.54862,1.54887,1.00,1.00
2017.06.27 13:44:31.583,1.5486,1.54885,1.00,1.00
2017.06.27 13:44:32.039,1.54863,1.54886,1.00,1.00
2017.06.27 13:44:32.567,1.54861,1.54886,1.00,1.00
2017.06.27 13:44:32.820,1.54859,1.54882,1.00,1.00
2017.06.27 13:44:33.301,1.54859,1.54884,1.00,1.50
2017.06.27 13:44:34.109,1.54854,1.54884,1.60,1.00
2017.06.27 13:44:34.613,1.54854,1.54887,1.60,1.00
2017.06.27 13:44:35.118,1.54855,1.54886,1.72,1.00
2017.06.27 13:44:35.243,1.54855,1.54886,1.72,1.00
2017.06.27 13:44:35.344,1.54855,1.54888,2.47,1.00
2017.06.27 13:44:35.495,1.54855,1.54885,1.00,1.00
2017.06.27 13:44:35.798,1.54862,1.54884,1.00,1.00
2017.06.27 13:44:36.306,1.54862,1.54885,1.00,1.00
2017.06.27 13:44:36.357,1.54862,1.54887,1.00,1.00
2017.06.27 13:44:36.811,1.54856,1.54891,1.60,1.07
2017.06.27 13:44:36.862,1.54863,1.54889,1.00,1.00
2017.06.27 13:44:37.773,1.54864,1.54889,1.00,1.00
2017.06.27 13:44:38.861,1.54865,1.54888,1.00,1.00
2017.06.27 13:44:39.904,1.54863,1.54886,1.00,1.00
2017.06.27 13:44:40.409,1.54863,1.54886,1.00,1.57
2017.06.27 13:44:40.540,1.5486,1.54886,1.00,1.07
2017.06.27 13:44:41.001,1.54854,1.54889,1.35,1.07
2017.06.27 13:44:41.302,1.54858,1.54882,1.00,1.00
2017.06.27 13:44:41.625,1.54862,1.54885,1.00,1.00
2017.06.27 13:44:41.828,1.54859,1.54884,1.00,1.00
2017.06.27 13:44:41.979,1.54857,1.54883,1.00,1.00
2017.06.27 13:44:42.132,1.54861,1.54884,1.00,1.00
2017.06.27 13:44:42.467,1.54859,1.54882,1.00,1.00
2017.06.27 13:44:43.393,1.54856,1.54892,1.35,1.07
2017.06.27 13:44:43.444,1.54855,1.54892,1.60,1.20
2017.06.27 13:44:43.788,1.54863,1.54886,1.00,1.00
2017.06.27 13:44:44.293,1.54864,1.54887,1.00,1.00
2017.06.27 13:44:44.623,1.54864,1.54885,1.00,1.00
2017.06.27 13:44:44.675,1.54864,1.54887,1.00,1.00
2017.06.27 13:44:44.776,1.54857,1.5489,1.00,1.10
2017.06.27 13:44:44.827,1.5486,1.54885,1.00,1.00
2017.06.27 13:44:45.674,1.54861,1.54885,1.00,1.00
2017.06.27 13:44:46.027,1.5486,1.54883,1.00,1.00
2017.06.27 13:44:46.281,1.54855,1.54884,1.00,1.07
2017.06.27 13:44:46.818,1.54855,1.54884,1.00,1.07
2017.06.27 13:44:47.020,1.54853,1.54884,1.00,1.07
2017.06.27 13:44:47.172,1.5485,1.54883,1.00,1.07
2017.06.27 13:44:47.761,1.54849,1.54881,1.00,1.07
2017.06.27 13:44:47.939,1.54852,1.54877,1.00,1.00
2017.06.27 13:44:48.193,1.54846,1.54879,1.00,1.10
2017.06.27 13:44:48.243,1.5485,1.5488,1.00,1.07
2017.06.27 13:44:48.547,1.54852,1.54883,1.00,1.07
2017.06.27 13:44:49.061,1.54853,1.54883,1.00,1.07
2017.06.27 13:44:49.112,1.54848,1.54884,1.00,1.07
2017.06.27 13:44:49.264,1.54846,1.54882,1.00,1.10
2017.06.27 13:44:49.315,1.54846,1.54882,1.00,1.07
2017.06.27 13:44:49.849,1.54846,1.54885,1.00,1.07
2017.06.27 13:44:50.357,1.54853,1.54876,1.00,1.00
2017.06.27 13:44:51.051,1.54854,1.54877,1.00,1.00
2017.06.27 13:44:51.516,1.54852,1.54875,1.50,1.00
2017.06.27 13:44:52.027,1.54849,1.5488,1.00,1.10
2017.06.27 13:44:52.078,1.54847,1.5488,1.00,1.10
2017.06.27 13:44:52.334,1.54845,1.54877,1.00,1.00
2017.06.27 13:44:52.681,1.54846,1.54871,1.00,1.00
2017.06.27 13:44:53.001,1.54846,1.54869,1.00,1.50
2017.06.27 13:44:53.603,1.54847,1.5487,1.00,1.00
2017.06.27 13:44:54.367,1.54847,1.54869,1.00,1.00
2017.06.27 13:44:54.418,1.54845,1.54868,1.00,1.00
2017.06.27 13:44:54.469,1.54842,1.54868,1.35,1.00
2017.06.27 13:44:54.521,1.54844,1.54869,1.00,1.00
2017.06.27 13:44:54.824,1.54849,1.54872,1.00,1.00
2017.06.27 13:44:55.161,1.54857,1.54882,1.00,1.00
2017.06.27 13:44:55.262,1.54861,1.54886,1.00,1.00
2017.06.27 13:44:55.465,1.5486,1.54891,1.00,1.50
2017.06.27 13:44:55.616,1.54858,1.5489,1.50,1.00
2017.06.27 13:44:55.768,1.54861,1.54891,1.00,1.50
2017.06.27 13:44:56.091,1.54864,1.54888,1.00,1.00
2017.06.27 13:44:56.621,1.54865,1.54889,1.00,1.00
2017.06.27 13:44:57.116,1.54865,1.54895,1.00,1.00
2017.06.27 13:44:57.217,1.54864,1.54898,1.00,1.57
2017.06.27 13:44:57.369,1.54866,1.54897,1.00,1.00
2017.06.27 13:44:57.621,1.54865,1.54899,2.25,1.00
2017.06.27 13:44:57.672,1.54873,1.54901,1.00,1.10
2017.06.27 13:44:58.228,1.54872,1.54901,1.00,1.00
2017.06.27 13:44:58.569,1.5487,1.54901,1.00,1.00
2017.06.27 13:44:58.670,1.54874,1.54897,1.00,1.00
2017.06.27 13:44:59.318,1.54869,1.54902,1.35,1.00
2017.06.27 13:44:59.369,1.54872,1.54901,1.00,1.00
2017.06.27 13:44:59.420,1.54867,1.54902,2.85,1.00
2017.06.27 13:44:59.471,1.54868,1.54905,1.60,1.07
2017.06.27 13:44:59.774,1.54874,1.54907,1.00,1.27
2017.06.27 13:45:00.123,1.54872,1.54907,1.35,1.07
2017.06.27 13:45:00.174,1.54872,1.54905,1.35,1.10
2017.06.27 13:45:00.528,1.54872,1.54895,1.00,1.00
2017.06.27 13:45:01.073,1.54873,1.54896,1.00,1.00
2017.06.27 13:45:01.581,1.5487,1.54895,1.00,1.00
2017.06.27 13:45:01.725,1.54871,1.54893,1.00,1.00
2017.06.27 13:45:01.776,1.54872,1.54895,1.00,1.00
2017.06.27 13:45:01.827,1.54869,1.54894,1.00,1.00
2017.06.27 13:45:02.461,1.54873,1.54896,1.00,1.00
2017.06.27 13:45:03.333,1.5487,1.54894,1.00,1.00
2017.06.27 13:45:03.869,1.5487,1.54893,1.00,1.00
2017.06.27 13:45:03.920,1.54868,1.54893,1.00,1.50
2017.06.27 13:45:04.827,1.54863,1.54887,1.00,1.00
2017.06.27 13:45:05.130,1.5487,1.54893,1.00,1.00
2017.06.27 13:45:05.282,1.54872,1.54896,1.00,1.00
2017.06.27 13:45:05.622,1.54875,1.54898,1.00,1.00
2017.06.27 13:45:06.077,1.54869,1.54899,1.00,1.00
2017.06.27 13:45:06.178,1.54866,1.54897,2.10,1.00
2017.06.27 13:45:06.486,1.54867,1.54899,1.70,1.00
2017.06.27 13:45:06.637,1.54877,1.54899,1.00,1.00
2017.06.27 13:45:07.144,1.54873,1.54903,1.00,1.00
2017.06.27 13:45:07.359,1.5487,1.54904,1.60,1.00
2017.06.27 13:45:07.460,1.54873,1.54904,1.00,1.00
2017.06.27 13:45:07.561,1.54869,1.54909,1.67,1.50
2017.06.27 13:45:07.612,1.54874,1.54908,1.00,1.50
2017.06.27 13:45:07.764,1.54873,1.5491,1.60,1.00
2017.06.27 13:45:07.815,1.54873,1.54912,1.70,1.00
2017.06.27 13:45:07.865,1.54873,1.54912,2.07,2.25
2017.06.27 13:45:08.170,1.54875,1.54909,1.30,1.00
2017.06.27 13:45:08.702,1.54874,1.54907,1.80,1.00
2017.06.27 13:45:09.224,1.54874,1.54908,1.72,1.00
2017.06.27 13:45:09.326,1.54873,1.5491,2.07,1.00
2017.06.27 13:45:09.377,1.54874,1.54908,1.05,1.00
2017.06.27 13:45:09.884,1.54874,1.54909,1.72,1.00
2017.06.27 13:45:10.434,1.54873,1.54908,1.97,1.00
2017.06.27 13:45:11.563,1.54874,1.54907,1.72,1.00
2017.06.27 13:45:11.868,1.5487,1.54905,1.72,1.00
2017.06.27 13:45:12.121,1.54873,1.54904,1.00,1.00
2017.06.27 13:45:12.222,1.54868,1.54905,3.22,1.00
2017.06.27 13:45:12.273,1.54874,1.54906,1.00,1.00
2017.06.27 13:45:12.610,1.5488,1.54903,1.00,1.00
2017.06.27 13:45:12.813,1.54877,1.54902,1.00,1.50
2017.06.27 13:45:12.914,1.54877,1.54899,1.00,1.00
2017.06.27 13:45:13.016,1.54877,1.54901,1.00,1.00
2017.06.27 13:45:13.302,1.54876,1.54899,1.00,1.00
2017.06.27 13:45:14.055,1.54876,1.54898,1.00,1.00
2017.06.27 13:45:14.307,1.54877,1.549,1.00,1.00
2017.06.27 13:45:15.124,1.54877,1.54899,1.00,1.00
2017.06.27 13:45:15.175,1.54874,1.54897,1.50,1.00
2017.06.27 13:45:16.624,1.54874,1.54899,1.00,1.50
2017.06.27 13:45:17.589,1.54876,1.54901,1.00,1.00
2017.06.27 13:45:17.897,1.54876,1.54899,1.00,1.00
2017.06.27 13:45:18.251,1.54875,1.54897,1.00,1.00
2017.06.27 13:45:18.403,1.54872,1.54897,1.00,1.00
2017.06.27 13:45:18.845,1.54873,1.54899,1.00,1.50
2017.06.27 13:45:19.789,1.54868,1.54903,1.97,1.00
2017.06.27 13:45:20.157,1.54868,1.54907,1.97,1.10
2017.06.27 13:45:20.208,1.54876,1.54901,1.00,1.00
2017.06.27 13:45:20.825,1.54876,1.549,1.00,1.00
2017.06.27 13:45:21.078,1.54866,1.54901,4.35,1.00
2017.06.27 13:45:22.289,1.54867,1.549,1.97,1.00
2017.06.27 13:45:22.794,1.54868,1.549,1.97,1.00
2017.06.27 13:45:23.128,1.54868,1.54903,2.10,1.00
2017.06.27 13:45:23.442,1.54874,1.54903,1.00,1.00
2017.06.27 13:45:24.068,1.54874,1.54902,1.00,1.00
2017.06.27 13:45:24.220,1.54866,1.54898,3.22,1.00
2017.06.27 13:45:24.271,1.54866,1.54897,3.22,1.00
2017.06.27 13:45:24.322,1.54874,1.54902,1.00,1.00
2017.06.27 13:45:24.585,1.5487,1.54901,1.35,1.00
2017.06.27 13:45:25.034,1.54868,1.54901,1.72,1.00
2017.06.27 13:45:25.338,1.54866,1.549,3.22,1.00
2017.06.27 13:45:25.440,1.54874,1.54899,1.00,1.00
2017.06.27 13:45:25.491,1.54864,1.54897,1.97,1.00
2017.06.27 13:45:25.725,1.54874,1.54897,1.00,1.00
2017.06.27 13:45:25.776,1.54874,1.54901,1.00,1.50
2017.06.27 13:45:25.979,1.54864,1.54901,2.10,1.50
2017.06.27 13:45:26.030,1.54864,1.54897,2.10,1.00
2017.06.27 13:45:26.365,1.54864,1.54895,1.60,1.00
2017.06.27 13:45:27.093,1.54864,1.54894,1.60,1.00
2017.06.27 13:45:27.245,1.54866,1.54899,1.72,1.00
2017.06.27 13:45:27.296,1.54865,1.54901,1.80,1.00
2017.06.27 13:45:27.700,1.54867,1.54903,1.72,1.00
2017.06.27 13:45:27.804,1.54867,1.54903,1.72,1.00
2017.06.27 13:45:28.208,1.54874,1.54901,1.00,1.00
2017.06.27 13:45:28.259,1.54867,1.54901,1.60,1.00
2017.06.27 13:45:28.511,1.54873,1.54903,1.35,1.00
2017.06.27 13:45:28.642,1.54876,1.54901,1.00,1.00
2017.06.27 13:45:29.178,1.54874,1.54903,1.00,1.00
2017.06.27 13:45:29.400,1.54876,1.54901,1.00,1.00
2017.06.27 13:45:34.108,1.54878,1.54903,1.00,1.00
2017.06.27 13:45:34.536,1.54873,1.54906,1.97,1.00
2017.06.27 13:45:35.255,1.54881,1.54904,1.00,1.00
2017.06.27 13:45:35.559,1.54883,1.54906,1.00,1.00
2017.06.27 13:45:36.689,1.54879,1.54907,1.30,1.00
2017.06.27 13:45:37.377,1.54882,1.54905,1.00,1.00
2017.06.27 13:45:38.445,1.54882,1.54904,1.00,1.00
2017.06.27 13:45:38.751,1.54874,1.54905,4.35,1.00
2017.06.27 13:45:38.954,1.54876,1.54907,1.97,1.00
2017.06.27 13:45:39.188,1.54884,1.54907,1.00,1.00
2017.06.27 13:45:39.525,1.54882,1.54905,1.00,1.00
2017.06.27 13:45:39.707,1.54876,1.54907,1.97,1.00
2017.06.27 13:45:39.759,1.54876,1.54909,1.97,1.00
2017.06.27 13:45:40.225,1.54874,1.54907,4.35,1.00
2017.06.27 13:45:40.727,1.54879,1.54907,1.30,1.00
2017.06.27 13:45:40.828,1.54879,1.54909,1.30,1.00
2017.06.27 13:45:40.980,1.54884,1.54907,1.00,1.00
2017.06.27 13:45:41.319,1.54884,1.54907,2.47,1.00
2017.06.27 13:45:41.370,1.54884,1.54915,1.72,1.00
2017.06.27 13:45:41.573,1.54883,1.54919,1.97,1.57
2017.06.27 13:45:42.149,1.54883,1.54918,1.97,1.50
2017.06.27 13:45:42.200,1.5489,1.54916,1.00,1.00
2017.06.27 13:45:42.806,1.54889,1.54915,1.00,1.00
2017.06.27 13:45:43.364,1.54889,1.54914,1.00,1.00
2017.06.27 13:45:43.788,1.54889,1.54912,1.00,1.00
2017.06.27 13:45:44.315,1.54887,1.54912,1.00,1.00
2017.06.27 13:45:44.517,1.54889,1.54912,1.00,1.00
2017.06.27 13:45:44.771,1.5489,1.54914,1.00,1.00
2017.06.27 13:45:45.150,1.54887,1.54912,1.12,1.00
2017.06.27 13:45:45.690,1.54887,1.54912,1.37,1.00
2017.06.27 13:45:47.185,1.54884,1.54921,1.37,2.17
2017.06.27 13:45:47.478,1.5489,1.54915,1.12,1.00
2017.06.27 13:45:47.581,1.54888,1.54921,1.30,1.00
2017.06.27 13:45:47.637,1.54893,1.54921,1.00,1.00
2017.06.27 13:45:47.994,1.54893,1.54924,1.12,1.00
2017.06.27 13:45:48.415,1.54893,1.54914,1.12,1.00
2017.06.27 13:45:48.618,1.5489,1.54914,1.00,1.50
2017.06.27 13:45:48.873,1.54888,1.54914,1.00,1.50
2017.06.27 13:45:49.075,1.54888,1.54912,1.00,1.00
2017.06.27 13:45:49.278,1.54888,1.54914,1.00,1.00
2017.06.27 13:45:49.719,1.54884,1.54907,1.50,1.00
2017.06.27 13:45:49.922,1.54884,1.54915,1.00,1.70
2017.06.27 13:45:50.634,1.54884,1.54909,1.50,1.00
2017.06.27 13:45:51.168,1.54884,1.54915,1.00,1.00
2017.06.27 13:45:51.269,1.54883,1.54922,1.00,2.92
2017.06.27 13:45:51.471,1.54883,1.54919,1.60,1.00
2017.06.27 13:45:52.011,1.54884,1.54919,1.60,1.00
2017.06.27 13:45:52.726,1.54889,1.54919,1.00,1.00
2017.06.27 13:45:53.030,1.54893,1.54914,1.00,1.00
2017.06.27 13:45:53.081,1.54891,1.54914,1.00,1.00
2017.06.27 13:45:53.697,1.54892,1.54914,1.00,1.00
2017.06.27 13:45:53.799,1.54889,1.54914,1.50,1.00
2017.06.27 13:45:53.950,1.5489,1.5492,1.00,1.67
2017.06.27 13:45:54.001,1.54885,1.54919,1.00,1.05
2017.06.27 13:45:54.052,1.54878,1.54916,1.50,1.67
2017.06.27 13:45:54.103,1.54878,1.54911,1.00,1.00
2017.06.27 13:45:54.454,1.54876,1.54911,1.50,2.17
2017.06.27 13:45:54.505,1.54875,1.54912,2.10,1.70
2017.06.27 13:45:54.826,1.54877,1.54912,1.50,1.60
2017.06.27 13:45:55.129,1.54883,1.54913,1.00,2.10
2017.06.27 13:45:56.065,1.54883,1.54904,1.00,1.00
2017.06.27 13:45:56.391,1.54885,1.54904,1.00,1.00
2017.06.27 13:45:56.710,1.54886,1.54913,1.00,1.00
2017.06.27 13:45:56.823,1.54884,1.54913,1.00,1.00
2017.06.27 13:45:57.223,1.54885,1.54909,1.50,1.00
2017.06.27 13:45:57.736,1.54885,1.54908,1.00,1.00
2017.06.27 13:45:58.291,1.54884,1.54908,1.50,1.00
2017.06.27 13:45:58.632,1.54883,1.54905,1.00,1.00
2017.06.27 13:45:58.683,1.54884,1.54907,1.00,1.00
2017.06.27 13:45:58.885,1.54874,1.54909,1.00,1.67
2017.06.27 13:45:58.986,1.54874,1.54912,1.60,1.60
2017.06.27 13:45:59.138,1.54879,1.54913,1.00,2.17
2017.06.27 13:45:59.526,1.54881,1.54914,1.00,1.70
2017.06.27 13:45:59.829,1.54881,1.54905,1.00,1.00
2017.06.27 13:46:00.180,1.54883,1.54905,1.00,1.00
2017.06.27 13:46:00.281,1.54881,1.54904,1.00,1.00
2017.06.27 13:46:00.806,1.54879,1.54904,1.50,1.00
2017.06.27 13:46:01.045,1.54881,1.54904,1.00,1.00
2017.06.27 13:46:01.398,1.54881,1.54902,1.00,1.00
2017.06.27 13:46:02.002,1.54883,1.54904,1.00,1.00
2017.06.27 13:46:02.255,1.54881,1.54904,1.00,1.00
2017.06.27 13:46:02.638,1.54884,1.54904,1.00,1.00
2017.06.27 13:46:02.689,1.54881,1.54904,1.00,1.00
2017.06.27 13:46:03.047,1.54883,1.54903,1.00,1.00
2017.06.27 13:46:03.553,1.54881,1.54914,1.00,1.42
2017.06.27 13:46:03.604,1.54881,1.54914,1.00,1.42
2017.06.27 13:46:03.655,1.54883,1.54914,1.00,1.42
2017.06.27 13:46:04.084,1.54881,1.54914,1.00,1.50
2017.06.27 13:46:04.134,1.54882,1.54906,1.00,1.00
2017.06.27 13:46:04.530,1.54886,1.54908,1.00,1.00
2017.06.27 13:46:04.715,1.54887,1.5491,1.50,1.00
2017.06.27 13:46:04.765,1.54889,1.5491,1.00,1.00
2017.06.27 13:46:05.068,1.54887,1.5491,1.00,1.00
2017.06.27 13:46:05.220,1.54895,1.5491,1.00,1.00
2017.06.27 13:46:05.321,1.54894,1.54916,1.50,1.00
2017.06.27 13:46:05.635,1.54893,1.54926,1.00,1.70
2017.06.27 13:46:06.344,1.54892,1.54925,1.00,1.07
2017.06.27 13:46:06.670,1.54901,1.54923,1.00,1.00
2017.06.27 13:46:07.397,1.54898,1.5492,1.00,1.00
2017.06.27 13:46:09.011,1.54897,1.54922,1.00,1.00
2017.06.27 13:46:09.516,1.54896,1.54921,1.00,1.00
2017.06.27 13:46:10.400,1.54886,1.54924,2.55,1.35
2017.06.27 13:46:10.451,1.54886,1.54922,1.72,1.00
2017.06.27 13:46:10.502,1.54886,1.54924,2.47,1.35
2017.06.27 13:46:10.603,1.54886,1.54921,1.30,1.00
2017.06.27 13:46:10.870,1.54885,1.54924,2.85,2.17
2017.06.27 13:46:10.921,1.54894,1.54916,1.00,1.00
2017.06.27 13:46:12.667,1.54884,1.5492,1.10,1.50
2017.06.27 13:46:13.199,1.54885,1.54921,1.10,1.00
2017.06.27 13:46:13.250,1.54887,1.54921,1.00,1.00
2017.06.27 13:46:13.553,1.5489,1.54916,1.00,1.00
2017.06.27 13:46:15.528,1.54893,1.54916,1.00,1.00
2017.06.27 13:46:15.579,1.54894,1.54918,1.00,1.00
2017.06.27 13:46:15.680,1.54898,1.54917,1.00,1.00
2017.06.27 13:46:15.863,1.54895,1.54917,1.00,1.00
2017.06.27 13:46:15.914,1.54893,1.54917,2.25,1.00
2017.06.27 13:46:16.167,1.54897,1.54917,1.00,1.00
2017.06.27 13:46:16.369,1.54894,1.54929,1.00,1.10
2017.06.27 13:46:16.572,1.54897,1.54928,1.00,1.07
2017.06.27 13:46:16.947,1.54898,1.54921,1.00,1.00
2017.06.27 13:46:17.964,1.54897,1.54921,1.50,1.00
2017.06.27 13:46:18.266,1.549,1.54923,1.00,1.00
2017.06.27 13:46:18.317,1.54897,1.54923,1.50,1.00
2017.06.27 13:46:18.711,1.549,1.54923,1.00,1.00
2017.06.27 13:46:18.813,1.54899,1.5493,1.00,2.17
2017.06.27 13:46:18.966,1.54899,1.54929,1.00,1.07
2017.06.27 13:46:19.067,1.54899,1.5493,1.00,1.10
2017.06.27 13:46:19.452,1.549,1.5493,1.00,1.42
2017.06.27 13:46:19.964,1.54899,1.54929,1.00,1.10
2017.06.27 13:46:20.254,1.54896,1.54927,1.00,1.00
2017.06.27 13:46:20.530,1.54897,1.54929,1.00,1.10
2017.06.27 13:46:20.581,1.54899,1.54929,1.00,1.10
2017.06.27 13:46:20.884,1.54901,1.54929,1.00,1.00
2017.06.27 13:46:21.309,1.54901,1.54929,1.00,1.07
2017.06.27 13:46:21.422,1.54898,1.54929,1.00,1.07
2017.06.27 13:46:21.473,1.54896,1.54929,1.00,1.07
2017.06.27 13:46:21.614,1.54897,1.5492,1.00,1.00
2017.06.27 13:46:22.130,1.54898,1.54921,1.00,1.00
2017.06.27 13:46:22.232,1.54899,1.54923,1.00,1.00
2017.06.27 13:46:22.485,1.54898,1.54921,1.50,1.00
2017.06.27 13:46:22.939,1.54899,1.54929,1.00,1.07
2017.06.27 13:46:23.498,1.54899,1.5493,1.00,1.07
2017.06.27 13:46:24.013,1.549,1.54929,1.00,1.07
2017.06.27 13:46:24.390,1.549,1.54922,1.00,1.00
2017.06.27 13:46:24.871,1.54897,1.5493,1.00,1.07
2017.06.27 13:46:25.237,1.549,1.5493,1.00,1.07
2017.06.27 13:46:25.794,1.54899,1.5493,1.00,1.07
2017.06.27 13:46:26.203,1.54898,1.54922,1.50,1.00
2017.06.27 13:46:26.838,1.54899,1.54923,1.50,1.00
2017.06.27 13:46:27.155,1.54901,1.54923,1.00,1.00
2017.06.27 13:46:27.256,1.54901,1.54925,1.00,1.00
2017.06.27 13:46:28.198,1.54902,1.54925,1.00,1.00
2017.06.27 13:46:28.249,1.54901,1.54933,1.00,1.05
2017.06.27 13:46:28.451,1.549,1.54926,1.00,1.67
2017.06.27 13:46:28.754,1.54895,1.54917,1.00,1.00
2017.06.27 13:46:29.275,1.54894,1.54917,1.00,1.00
2017.06.27 13:46:29.578,1.54899,1.54917,1.00,1.00
2017.06.27 13:46:29.679,1.54894,1.54918,1.00,1.00
2017.06.27 13:46:30.096,1.54897,1.54918,1.00,1.00
2017.06.27 13:46:30.147,1.54898,1.5492,1.00,1.00
2017.06.27 13:46:30.248,1.54896,1.5492,1.00,1.00
2017.06.27 13:46:30.754,1.54897,1.5492,1.00,1.00
2017.06.27 13:46:31.459,1.54897,1.54919,1.00,1.00
2017.06.27 13:46:31.929,1.54898,1.54921,1.00,1.00
2017.06.27 13:46:31.980,1.54898,1.5493,1.00,1.67
2017.06.27 13:46:32.598,1.54897,1.54929,1.00,1.67
2017.06.27 13:46:33.110,1.54896,1.54928,1.00,1.67
2017.06.27 13:46:34.153,1.54896,1.54921,1.50,1.00
2017.06.27 13:46:34.909,1.54897,1.54921,1.00,1.00
2017.06.27 13:46:35.427,1.54896,1.54921,1.50,1.00
2017.06.27 13:46:35.973,1.54897,1.5492,1.00,1.00
2017.06.27 13:46:36.192,1.54896,1.54927,1.00,1.67
2017.06.27 13:46:36.242,1.54895,1.54918,1.00,1.00
2017.06.27 13:46:36.758,1.54896,1.54918,1.00,1.00
2017.06.27 13:46:36.859,1.54894,1.54918,1.00,1.00
2017.06.27 13:46:37.689,1.54899,1.54918,1.00,1.00
2017.06.27 13:46:37.998,1.54896,1.54918,1.00,1.00
2017.06.27 13:46:38.352,1.54895,1.54928,1.00,1.67
2017.06.27 13:46:38.954,1.54894,1.54927,1.00,1.67
2017.06.27 13:46:39.286,1.54899,1.54929,1.00,4.05
2017.06.27 13:46:39.596,1.54898,1.54929,1.00,3.30
2017.06.27 13:46:39.697,1.54895,1.54927,1.00,1.67
2017.06.27 13:46:40.199,1.54896,1.54927,1.00,1.67
2017.06.27 13:46:40.712,1.54893,1.54927,1.00,1.67
2017.06.27 13:46:40.813,1.54893,1.54918,1.00,1.00
2017.06.27 13:46:41.163,1.54896,1.54918,1.00,1.00
2017.06.27 13:46:41.863,1.54895,1.54918,1.00,1.00
2017.06.27 13:46:42.289,1.54896,1.54928,1.00,1.67
2017.06.27 13:46:43.048,1.54895,1.54928,1.00,1.67
2017.06.27 13:46:43.346,1.54897,1.54928,1.00,1.67
2017.06.27 13:46:43.448,1.54894,1.54929,1.00,3.67
2017.06.27 13:46:43.960,1.54893,1.54926,1.00,1.67
2017.06.27 13:46:44.012,1.54894,1.5492,1.00,1.00
2017.06.27 13:46:44.316,1.54896,1.54918,1.50,1.00
2017.06.27 13:46:47.030,1.54897,1.54919,1.00,1.00
2017.06.27 13:46:47.567,1.54897,1.5492,1.00,1.00
2017.06.27 13:46:48.941,1.54895,1.54926,1.00,2.17
2017.06.27 13:46:50.549,1.54894,1.54926,1.00,2.17
2017.06.27 13:46:51.528,1.54893,1.54926,1.00,1.67
2017.06.27 13:46:51.629,1.54888,1.54924,1.12,1.67
2017.06.27 13:46:51.680,1.54894,1.54917,1.00,1.00
2017.06.27 13:46:51.832,1.54894,1.54924,1.00,1.67
2017.06.27 13:46:51.984,1.54896,1.54924,1.00,1.67
2017.06.27 13:46:52.168,1.54895,1.54927,1.00,1.67
2017.06.27 13:46:52.270,1.54893,1.54927,1.00,2.17
2017.06.27 13:46:52.421,1.5489,1.54926,1.50,1.42
2017.06.27 13:46:52.523,1.54892,1.54926,1.00,1.42
2017.06.27 13:46:52.574,1.54889,1.54927,1.00,1.67
2017.06.27 13:46:52.676,1.54893,1.54928,1.00,2.17
2017.06.27 13:46:53.093,1.54895,1.54927,1.00,1.67
2017.06.27 13:46:53.424,1.54895,1.54918,1.00,1.00
2017.06.27 13:46:54.223,1.54896,1.54918,1.00,1.00
2017.06.27 13:46:54.559,1.549,1.54921,1.00,1.00
2017.06.27 13:46:54.610,1.549,1.54924,1.50,1.00
2017.06.27 13:46:55.510,1.54901,1.54924,1.00,1.00
2017.06.27 13:46:56.640,1.549,1.54924,1.00,1.00
2017.06.27 13:46:57.907,1.54901,1.54924,1.00,1.00
2017.06.27 13:46:58.110,1.54896,1.54932,1.00,3.67
2017.06.27 13:46:58.211,1.54897,1.54931,1.00,1.80
2017.06.27 13:46:58.515,1.54899,1.54922,1.00,1.00
2017.06.27 13:46:59.867,1.54898,1.54921,1.00,1.00
2017.06.27 13:47:00.457,1.549,1.54923,1.00,1.00
2017.06.27 13:47:01.822,1.54894,1.54931,1.00,3.30
2017.06.27 13:47:02.370,1.54894,1.5493,1.50,2.17
2017.06.27 13:47:02.675,1.54898,1.54922,1.00,1.00
2017.06.27 13:47:03.181,1.54897,1.54921,1.00,1.00
2017.06.27 13:47:03.232,1.54897,1.54923,1.00,1.00
2017.06.27 13:47:03.485,1.54899,1.54923,1.00,1.00
2017.06.27 13:47:03.536,1.54897,1.54923,1.00,1.00
2017.06.27 13:47:03.943,1.54899,1.54923,1.00,1.00
2017.06.27 13:47:04.223,1.54897,1.54923,1.50,1.00
2017.06.27 13:47:04.417,1.54895,1.54932,1.00,2.17
2017.06.27 13:47:04.468,1.54897,1.54932,1.00,1.42
2017.06.27 13:47:04.974,1.54902,1.54926,1.50,1.00
2017.06.27 13:47:05.076,1.54902,1.54928,1.50,1.00
2017.06.27 13:47:06.118,1.54904,1.54928,1.00,1.00
2017.06.27 13:47:06.360,1.54902,1.54928,1.00,1.00
2017.06.27 13:47:07.087,1.54903,1.54928,1.00,1.00
2017.06.27 13:47:07.607,1.54902,1.54928,1.00,1.00
2017.06.27 13:47:07.809,1.54902,1.54926,1.00,1.00
2017.06.27 13:47:07.922,1.54902,1.54928,1.00,1.50
2017.06.27 13:47:08.024,1.54897,1.54929,1.30,1.00
2017.06.27 13:47:08.175,1.54904,1.54927,1.00,1.00
2017.06.27 13:47:08.479,1.54902,1.54923,1.00,1.00
2017.06.27 13:47:08.582,1.54902,1.54925,1.00,1.00
2017.06.27 13:47:09.115,1.54902,1.54926,1.00,1.50
2017.06.27 13:47:09.420,1.54902,1.54924,1.00,1.00
2017.06.27 13:47:09.622,1.54893,1.54922,1.35,1.00
2017.06.27 13:47:09.926,1.54894,1.54924,1.00,1.00
2017.06.27 13:47:11.127,1.54894,1.54923,1.00,1.00
2017.06.27 13:47:11.178,1.54894,1.54921,1.00,1.00
2017.06.27 13:47:11.229,1.54894,1.54923,1.00,1.00
2017.06.27 13:47:12.026,1.54898,1.54923,1.00,1.00
2017.06.27 13:47:12.523,1.549,1.54924,1.00,1.00
2017.06.27 13:47:12.574,1.54894,1.54925,1.72,1.00
2017.06.27 13:47:12.944,1.54894,1.54923,1.80,1.00
2017.06.27 13:47:13.391,1.549,1.54922,1.00,1.00
2017.06.27 13:47:13.960,1.54902,1.54922,1.00,1.00
2017.06.27 13:47:14.513,1.54902,1.54924,1.00,1.00
2017.06.27 13:47:14.563,1.54902,1.54922,1.00,1.00
2017.06.27 13:47:14.732,1.54902,1.54925,1.00,1.00
2017.06.27 13:47:14.985,1.54902,1.54927,1.00,1.00
2017.06.27 13:47:15.214,1.54902,1.54924,1.00,1.00
2017.06.27 13:47:15.743,1.54903,1.54923,1.00,1.00
2017.06.27 13:47:15.945,1.54895,1.54925,1.50,1.00
2017.06.27 13:47:15.996,1.54895,1.54923,1.00,1.00
2017.06.27 13:47:16.097,1.54895,1.54925,1.60,1.00
2017.06.27 13:47:16.249,1.54895,1.54923,1.60,1.00
2017.06.27 13:47:16.594,1.54902,1.54924,1.00,1.00
2017.06.27 13:47:17.271,1.54901,1.54924,1.00,1.00
2017.06.27 13:47:17.479,1.54901,1.54927,1.00,1.50
2017.06.27 13:47:17.796,1.54899,1.54924,1.00,1.00
2017.06.27 13:47:18.132,1.54895,1.54918,1.00,1.00
2017.06.27 13:47:18.487,1.54893,1.54916,1.00,1.00
2017.06.27 13:47:18.588,1.5489,1.54914,1.00,1.00
2017.06.27 13:47:19.037,1.5489,1.54916,1.00,1.00
2017.06.27 13:47:20.881,1.54889,1.54919,1.00,1.35
2017.06.27 13:47:21.495,1.5489,1.54916,1.00,1.00
2017.06.27 13:47:22.034,1.54894,1.54916,1.00,1.00
2017.06.27 13:47:22.566,1.54893,1.54916,1.00,1.00
2017.06.27 13:47:22.700,1.54893,1.5492,1.00,1.35
2017.06.27 13:47:23.292,1.54892,1.5492,1.00,1.35
2017.06.27 13:47:23.599,1.54893,1.54915,1.00,1.00
2017.06.27 13:47:24.337,1.54892,1.54915,1.00,1.00
2017.06.27 13:47:24.875,1.54893,1.54915,1.00,1.00
2017.06.27 13:47:25.415,1.54892,1.54915,1.50,1.00
2017.06.27 13:47:26.323,1.54893,1.54915,1.00,1.00
2017.06.27 13:47:26.911,1.54892,1.54915,1.00,1.00
2017.06.27 13:47:27.422,1.54891,1.54914,1.50,1.00
2017.06.27 13:47:27.727,1.54894,1.54915,1.00,1.00
2017.06.27 13:47:27.779,1.54894,1.54917,1.00,1.00
2017.06.27 13:47:27.940,1.54892,1.54915,1.00,1.00
2017.06.27 13:47:28.243,1.54889,1.54919,1.00,1.60
2017.06.27 13:47:28.345,1.54891,1.54915,1.00,1.00
2017.06.27 13:47:28.952,1.54892,1.54915,1.00,1.00
2017.06.27 13:47:29.205,1.5489,1.54921,1.00,1.70
2017.06.27 13:47:29.256,1.54884,1.54921,1.00,1.60
2017.06.27 13:47:29.307,1.54888,1.54922,1.00,2.55
2017.06.27 13:47:29.358,1.54886,1.54922,1.00,2.55
2017.06.27 13:47:29.510,1.54888,1.5492,1.00,1.60
2017.06.27 13:47:29.732,1.54885,1.54922,1.50,1.72
2017.06.27 13:47:29.784,1.54883,1.54922,1.35,1.05
2017.06.27 13:47:29.886,1.54883,1.5492,1.00,1.70
2017.06.27 13:47:30.190,1.54888,1.54921,1.00,2.92
2017.06.27 13:47:30.493,1.54888,1.5492,1.00,1.67
2017.06.27 13:47:30.544,1.5489,1.54921,1.00,1.07
2017.06.27 13:47:30.855,1.54888,1.54911,1.00,1.00
2017.06.27 13:47:30.957,1.54889,1.54922,1.00,1.80
2017.06.27 13:47:31.159,1.54886,1.54921,1.00,2.17
2017.06.27 13:47:31.210,1.54884,1.54921,1.50,1.42
2017.06.27 13:47:31.846,1.54884,1.5492,1.50,1.00
2017.06.27 13:47:32.134,1.54884,1.54918,1.50,1.00
2017.06.27 13:47:32.471,1.54883,1.54917,1.00,2.85
2017.06.27 13:47:33.153,1.5488,1.54914,1.60,1.00
2017.06.27 13:47:33.204,1.54887,1.5491,1.00,1.00
2017.06.27 13:47:33.916,1.54887,1.54908,1.00,1.00
2017.06.27 13:47:34.554,1.54886,1.54909,1.00,1.00
2017.06.27 13:47:34.894,1.54888,1.54909,1.00,1.00
2017.06.27 13:47:35.248,1.54887,1.54907,1.00,1.00
2017.06.27 13:47:35.349,1.54887,1.5491,1.00,1.00
2017.06.27 13:47:35.654,1.54889,1.54912,1.00,1.00
2017.06.27 13:47:36.264,1.54889,1.54911,1.00,1.00
2017.06.27 13:47:36.720,1.54889,1.54909,1.00,1.00
2017.06.27 13:47:36.821,1.54886,1.5491,1.00,1.00
2017.06.27 13:47:37.258,1.54889,1.54913,1.00,1.00
2017.06.27 13:47:38.173,1.54887,1.54921,1.35,1.20
2017.06.27 13:47:38.275,1.54891,1.54915,1.00,1.00
2017.06.27 13:47:38.473,1.54892,1.54917,1.00,1.00
2017.06.27 13:47:39.542,1.54885,1.5492,1.35,1.00
2017.06.27 13:47:40.202,1.54885,1.54919,1.35,1.00
2017.06.27 13:47:40.304,1.54885,1.54917,1.35,1.00
2017.06.27 13:47:40.406,1.54885,1.54919,1.35,1.00
2017.06.27 13:47:40.920,1.54885,1.5492,1.35,1.00
2017.06.27 13:47:41.021,1.54893,1.54916,1.00,1.00
2017.06.27 13:47:42.671,1.54891,1.54916,1.00,1.00
2017.06.27 13:47:43.170,1.54893,1.54916,1.00,1.00
2017.06.27 13:47:43.768,1.54892,1.54915,1.00,1.50
2017.06.27 13:47:43.819,1.54889,1.54915,1.00,1.50
2017.06.27 13:47:44.547,1.54891,1.54916,1.00,1.00
2017.06.27 13:47:44.851,1.54893,1.54918,1.00,1.00
2017.06.27 13:47:45.104,1.5489,1.54925,1.35,1.82
2017.06.27 13:47:45.423,1.54891,1.54926,1.00,1.12
2017.06.27 13:47:45.950,1.5489,1.54926,1.35,1.12
2017.06.27 13:47:46.611,1.54891,1.54926,1.00,1.12
2017.06.27 13:47:47.331,1.54891,1.54927,1.00,2.17
2017.06.27 13:47:47.866,1.54891,1.54927,1.00,2.17
2017.06.27 13:47:48.169,1.54892,1.54925,1.35,1.00
2017.06.27 13:47:48.270,1.54894,1.54929,1.35,1.00
2017.06.27 13:47:48.807,1.54894,1.54928,1.35,1.00
2017.06.27 13:47:49.310,1.54901,1.54924,1.00,1.00
2017.06.27 13:47:50.723,1.54893,1.54928,1.60,1.50
2017.06.27 13:47:51.227,1.54894,1.54929,1.35,1.00
2017.06.27 13:47:51.759,1.54901,1.54924,1.00,1.00
2017.06.27 13:47:53.182,1.54901,1.54923,1.00,1.00
2017.06.27 13:47:53.334,1.54888,1.54921,2.17,1.00
2017.06.27 13:47:53.385,1.54889,1.54924,1.60,1.00
2017.06.27 13:47:53.647,1.54889,1.54923,2.17,1.00
2017.06.27 13:47:53.850,1.5489,1.54926,1.70,1.00
2017.06.27 13:47:54.002,1.5489,1.54926,1.70,1.00
2017.06.27 13:47:54.306,1.54898,1.54923,1.00,1.00
2017.06.27 13:47:54.615,1.54901,1.54924,1.00,1.00
2017.06.27 13:47:55.075,1.54899,1.54924,1.00,1.00
2017.06.27 13:47:55.430,1.54899,1.54922,1.00,1.00
2017.06.27 13:47:55.531,1.54897,1.54922,1.00,1.50
2017.06.27 13:47:55.639,1.54888,1.54922,2.17,1.00
2017.06.27 13:47:55.791,1.54889,1.54921,3.60,1.00
2017.06.27 13:47:56.010,1.54894,1.54925,1.60,1.00
2017.06.27 13:47:56.061,1.54898,1.54921,1.00,1.00
2017.06.27 13:47:56.392,1.549,1.54923,1.00,1.00
2017.06.27 13:47:57.309,1.54893,1.54926,1.00,1.60
2017.06.27 13:47:57.764,1.54894,1.54919,1.50,1.00
2017.06.27 13:47:58.244,1.54894,1.54927,1.60,1.00
2017.06.27 13:47:58.295,1.54893,1.54929,1.60,1.00
2017.06.27 13:47:58.699,1.54894,1.54925,1.60,1.00
2017.06.27 13:47:59.002,1.54901,1.54924,1.00,1.50
2017.06.27 13:47:59.544,1.54894,1.54925,1.35,1.00
2017.06.27 13:48:00.295,1.54893,1.54924,1.60,1.00
2017.06.27 13:48:00.547,1.54893,1.54926,1.60,1.00
2017.06.27 13:48:00.598,1.54893,1.54923,1.60,1.00
2017.06.27 13:48:00.923,1.5489,1.54925,2.85,1.00
2017.06.27 13:48:01.075,1.54889,1.54927,1.60,1.67
2017.06.27 13:48:01.277,1.54888,1.54928,1.67,2.10
2017.06.27 13:48:01.581,1.54888,1.5492,1.67,1.00
2017.06.27 13:48:02.633,1.54889,1.54919,1.70,1.00
2017.06.27 13:48:02.952,1.54893,1.54921,1.35,1.00
2017.06.27 13:48:03.464,1.54894,1.54921,1.00,1.00
2017.06.27 13:48:03.970,1.54893,1.54922,1.42,1.00
2017.06.27 13:48:04.302,1.54894,1.54922,1.60,1.00
2017.06.27 13:48:04.634,1.54899,1.54922,1.00,1.00
2017.06.27 13:48:05.155,1.549,1.54923,1.00,1.50
2017.06.27 13:48:05.571,1.549,1.54921,1.00,1.00
2017.06.27 13:48:06.091,1.54899,1.54922,1.00,1.50
2017.06.27 13:48:07.181,1.54894,1.54932,2.17,1.60
2017.06.27 13:48:07.460,1.54903,1.54925,1.00,1.00
2017.06.27 13:48:07.982,1.54902,1.54925,1.00,1.00
2017.06.27 13:48:08.796,1.54895,1.54932,1.67,2.10
2017.06.27 13:48:09.363,1.54902,1.54927,1.00,1.00
2017.06.27 13:48:09.616,1.54897,1.54933,1.70,1.00
2017.06.27 13:48:10.280,1.54894,1.5493,2.17,1.00
2017.06.27 13:48:10.584,1.54902,1.54925,1.00,1.00
2017.06.27 13:48:11.037,1.54893,1.54926,1.60,1.50
2017.06.27 13:48:11.586,1.54894,1.54925,1.60,1.00
2017.06.27 13:48:12.015,1.54899,1.54922,1.00,1.00
2017.06.27 13:48:12.514,1.54901,1.54923,1.00,1.00
2017.06.27 13:48:12.565,1.54901,1.54925,1.00,1.00
2017.06.27 13:48:12.717,1.54899,1.54923,1.50,1.00
2017.06.27 13:48:12.868,1.54897,1.54922,1.00,1.00
2017.06.27 13:48:13.239,1.54896,1.54919,1.00,1.00
2017.06.27 13:48:13.543,1.54899,1.54921,1.00,1.00
2017.06.27 13:48:13.644,1.54896,1.54921,1.50,1.00
2017.06.27 13:48:14.068,1.54896,1.54919,1.00,1.00
2017.06.27 13:48:14.643,1.54895,1.54919,1.00,1.00
2017.06.27 13:48:15.199,1.54894,1.54919,1.50,1.00
2017.06.27 13:48:15.701,1.54893,1.54918,1.00,1.35
2017.06.27 13:48:15.856,1.54887,1.54921,1.50,1.70
2017.06.27 13:48:16.022,1.5489,1.54921,1.00,1.60
2017.06.27 13:48:16.326,1.54894,1.54916,1.00,1.00
2017.06.27 13:48:16.872,1.54894,1.5492,2.10,1.00
2017.06.27 13:48:16.923,1.54898,1.5492,2.10,1.00
2017.06.27 13:48:17.177,1.54907,1.54927,1.00,1.50
2017.06.27 13:48:17.329,1.54904,1.54927,2.10,1.00
2017.06.27 13:48:17.431,1.54905,1.54927,2.10,1.00
2017.06.27 13:48:17.482,1.54908,1.54927,1.00,1.00
2017.06.27 13:48:17.639,1.54906,1.54927,1.50,1.00
2017.06.27 13:48:17.690,1.5491,1.54927,1.00,1.00
2017.06.27 13:48:17.793,1.54909,1.54937,1.00,1.12
2017.06.27 13:48:17.945,1.54911,1.54941,1.00,1.67
2017.06.27 13:48:18.248,1.54911,1.54933,1.00,1.00
2017.06.27 13:48:18.351,1.54909,1.54933,1.00,1.00
2017.06.27 13:48:18.452,1.54911,1.54933,1.00,1.00
2017.06.27 13:48:18.958,1.54908,1.54937,1.00,1.42
2017.06.27 13:48:19.494,1.54907,1.54938,1.00,1.42
2017.06.27 13:48:19.596,1.54909,1.54938,1.00,1.07
2017.06.27 13:48:20.135,1.54909,1.54937,1.00,1.07
2017.06.27 13:48:20.560,1.5491,1.54933,1.00,1.00
2017.06.27 13:48:21.113,1.54907,1.54932,1.00,1.00
2017.06.27 13:48:21.518,1.54911,1.54934,1.00,1.00
2017.06.27 13:48:22.042,1.5491,1.54934,1.00,1.00
2017.06.27 13:48:22.591,1.54912,1.54934,1.00,1.00
2017.06.27 13:48:22.692,1.54909,1.54934,1.50,1.00
2017.06.27 13:48:22.895,1.54909,1.54938,1.00,2.32
2017.06.27 13:48:23.034,1.54907,1.54938,1.00,2.32
2017.06.27 13:48:23.377,1.54909,1.5493,1.00,1.00
2017.06.27 13:48:23.529,1.54906,1.5493,1.00,1.00
2017.06.27 13:48:25.843,1.54907,1.5493,1.00,1.00
2017.06.27 13:48:25.944,1.54909,1.5493,1.00,1.00
2017.06.27 13:48:25.995,1.54906,1.5493,1.50,1.00
2017.06.27 13:48:26.465,1.54909,1.5493,1.00,1.00
2017.06.27 13:48:26.617,1.54907,1.5493,1.00,1.00
2017.06.27 13:48:26.908,1.54909,1.5493,1.00,1.00
2017.06.27 13:48:27.010,1.54906,1.5493,1.50,1.00
2017.06.27 13:48:27.112,1.54908,1.5493,1.00,1.00
2017.06.27 13:48:27.691,1.54907,1.5493,1.50,1.00
2017.06.27 13:48:28.198,1.54908,1.5493,1.00,1.00
2017.06.27 13:48:28.552,1.54909,1.54932,1.00,1.00
2017.06.27 13:48:29.111,1.5491,1.54933,1.00,1.00
2017.06.27 13:48:29.702,1.54909,1.54933,1.00,1.00
2017.06.27 13:48:30.234,1.54909,1.54932,1.50,1.00
2017.06.27 13:48:30.336,1.54911,1.54932,1.35,1.00
2017.06.27 13:48:30.488,1.54917,1.54949,1.00,1.82
2017.06.27 13:48:30.764,1.54911,1.54949,2.10,1.07
2017.06.27 13:48:30.865,1.54913,1.54949,1.00,1.45
2017.06.27 13:48:30.967,1.54913,1.54949,1.00,1.20
2017.06.27 13:48:31.018,1.54913,1.54949,2.25,2.17
2017.06.27 13:48:31.272,1.54905,1.54944,1.72,1.95
2017.06.27 13:48:31.777,1.54906,1.54943,2.10,1.07
2017.06.27 13:48:31.878,1.54914,1.54942,1.00,1.07
2017.06.27 13:48:32.393,1.54913,1.54944,1.00,1.07
2017.06.27 13:48:32.650,1.54906,1.54942,2.10,1.07
2017.06.27 13:48:33.026,1.54914,1.54942,1.00,1.07
2017.06.27 13:48:33.329,1.54914,1.54935,1.00,1.00
2017.06.27 13:48:34.048,1.54914,1.54934,1.00,1.00
2017.06.27 13:48:35.074,1.54914,1.54933,1.00,1.00
2017.06.27 13:48:35.604,1.54914,1.54932,1.00,1.00
2017.06.27 13:48:35.654,1.54914,1.54934,1.00,1.00
2017.06.27 13:48:36.217,1.54914,1.5494,1.00,1.00
2017.06.27 13:48:36.757,1.54914,1.54937,1.00,1.00
2017.06.27 13:48:37.279,1.54914,1.54936,1.00,1.00
2017.06.27 13:48:37.886,1.54913,1.54936,1.00,1.00
2017.06.27 13:48:38.210,1.54913,1.54934,1.00,1.00
2017.06.27 13:48:38.362,1.54909,1.54934,1.00,1.00
2017.06.27 13:48:38.413,1.54909,1.54932,1.00,1.00
2017.06.27 13:48:39.399,1.54908,1.54931,1.00,1.00
2017.06.27 13:48:40.263,1.54909,1.54932,1.00,1.00
2017.06.27 13:48:40.461,1.54909,1.54934,1.00,1.00
2017.06.27 13:48:41.582,1.54905,1.54938,1.35,1.00
2017.06.27 13:48:41.634,1.54905,1.54941,1.60,1.12
2017.06.27 13:48:41.685,1.54906,1.54939,1.60,1.00
2017.06.27 13:48:41.736,1.54906,1.54941,1.60,1.10
2017.06.27 13:48:42.456,1.5491,1.54933,1.00,1.00
2017.06.27 13:48:42.978,1.54914,1.54936,1.00,1.00
2017.06.27 13:48:43.383,1.54905,1.54941,1.60,1.10
2017.06.27 13:48:43.631,1.54906,1.54941,1.60,1.12
2017.06.27 13:48:43.974,1.54911,1.54936,1.00,1.00
2017.06.27 13:48:44.507,1.54904,1.54938,1.60,1.10
2017.06.27 13:48:45.054,1.54904,1.54939,1.60,1.10
2017.06.27 13:48:45.364,1.54904,1.54941,1.60,1.10
2017.06.27 13:48:45.717,1.54904,1.54938,1.60,1.00
2017.06.27 13:48:46.021,1.54909,1.54931,1.00,1.00
2017.06.27 13:48:46.353,1.54912,1.54934,1.00,1.00
2017.06.27 13:48:46.404,1.54906,1.54942,2.85,1.00
2017.06.27 13:48:46.455,1.54912,1.54937,1.35,1.00
2017.06.27 13:48:46.785,1.54914,1.54939,1.50,1.00
2017.06.27 13:48:47.420,1.54915,1.54939,1.00,1.00
2017.06.27 13:48:49.796,1.54913,1.54949,1.00,1.05
2017.06.27 13:48:50.298,1.54913,1.54948,1.00,1.37
2017.06.27 13:48:50.450,1.54913,1.5495,1.00,1.80
2017.06.27 13:48:50.706,1.54918,1.54941,1.00,1.00
2017.06.27 13:48:53.766,1.54918,1.5494,1.00,1.00
2017.06.27 13:48:54.325,1.54914,1.54945,1.00,1.00
2017.06.27 13:48:54.458,1.54914,1.54942,1.00,1.00
2017.06.27 13:48:54.849,1.54916,1.5494,1.00,1.00
2017.06.27 13:48:58.327,1.54914,1.54944,1.00,1.00
2017.06.27 13:48:58.804,1.54916,1.54941,1.00,1.00
2017.06.27 13:49:00.177,1.54914,1.54946,1.00,1.07
2017.06.27 13:49:00.640,1.54918,1.54942,1.00,1.00
2017.06.27 13:49:01.618,1.54917,1.54942,1.00,1.00
2017.06.27 13:49:03.337,1.54914,1.54946,1.60,1.10
2017.06.27 13:49:03.886,1.54914,1.54946,1.00,1.07
2017.06.27 13:49:04.128,1.54917,1.5494,1.00,1.00
2017.06.27 13:49:04.397,1.54913,1.54938,1.00,1.35
2017.06.27 13:49:04.448,1.54913,1.54934,1.00,1.00
2017.06.27 13:49:04.619,1.54904,1.54937,1.00,2.17
2017.06.27 13:49:04.829,1.54904,1.54932,1.00,1.00
2017.06.27 13:49:05.183,1.54899,1.54932,1.60,1.50
2017.06.27 13:49:05.677,1.54901,1.54927,1.00,1.00
2017.06.27 13:49:05.993,1.54903,1.54927,1.00,1.00
2017.06.27 13:49:06.338,1.54903,1.5493,1.00,1.00
2017.06.27 13:49:06.490,1.54903,1.54928,1.00,1.00
2017.06.27 13:49:06.811,1.54905,1.54928,1.00,1.00
2017.06.27 13:49:07.077,1.54905,1.54931,1.00,1.50
2017.06.27 13:49:07.128,1.54905,1.54929,1.00,1.00
2017.06.27 13:49:07.432,1.54905,1.54927,1.00,1.00
2017.06.27 13:49:07.937,1.54905,1.54928,1.00,1.00
2017.06.27 13:49:08.328,1.54905,1.54922,1.00,1.10
2017.06.27 13:49:08.480,1.54885,1.54916,2.10,1.00
2017.06.27 13:49:08.632,1.54883,1.54921,2.85,1.57
2017.06.27 13:49:08.784,1.54883,1.54916,2.85,1.00
2017.06.27 13:49:08.886,1.54884,1.5492,1.60,1.10
2017.06.27 13:49:09.286,1.54883,1.54925,2.10,2.17
2017.06.27 13:49:09.387,1.54884,1.54924,1.60,2.17
2017.06.27 13:49:09.919,1.54883,1.54919,1.60,1.00
2017.06.27 13:49:10.224,1.54884,1.54921,2.85,1.00
2017.06.27 13:49:10.606,1.54891,1.54917,1.00,1.00
2017.06.27 13:49:11.594,1.54894,1.54917,1.00,1.00
2017.06.27 13:49:12.103,1.54894,1.54918,1.00,1.00
2017.06.27 13:49:12.420,1.54893,1.54916,1.00,1.00
2017.06.27 13:49:13.136,1.54892,1.54916,1.00,1.00
2017.06.27 13:49:14.115,1.54892,1.54915,1.00,1.00
2017.06.27 13:49:15.150,1.54891,1.54917,1.00,1.00
2017.06.27 13:49:15.613,1.54894,1.54917,1.00,1.00
2017.06.27 13:49:16.671,1.54893,1.54917,1.00,1.00
2017.06.27 13:49:17.178,1.54896,1.54919,1.00,1.50
2017.06.27 13:49:17.229,1.54892,1.54918,1.00,1.00
2017.06.27 13:49:17.381,1.54891,1.54915,1.00,1.00
2017.06.27 13:49:18.307,1.5489,1.54914,1.00,1.00
2017.06.27 13:49:18.560,1.54884,1.54919,1.67,1.00
2017.06.27 13:49:18.724,1.54884,1.54921,2.17,1.00
2017.06.27 13:49:18.779,1.5489,1.54913,1.00,1.00
2017.06.27 13:49:18.830,1.54891,1.54915,1.00,1.00
2017.06.27 13:49:19.033,1.54893,1.54915,1.00,1.00
2017.06.27 13:49:19.084,1.54891,1.54915,1.00,1.00
2017.06.27 13:49:19.488,1.54892,1.54918,1.00,1.00
2017.06.27 13:49:19.640,1.54892,1.54912,1.00,1.00
2017.06.27 13:49:20.131,1.5489,1.54912,1.00,1.00
2017.06.27 13:49:20.435,1.5489,1.54914,1.00,1.00
2017.06.27 13:49:20.688,1.54892,1.54915,1.00,1.00
2017.06.27 13:49:20.993,1.54892,1.54917,1.00,1.00
2017.06.27 13:49:21.145,1.54892,1.54915,1.00,1.00
2017.06.27 13:49:21.564,1.54891,1.54912,1.00,1.00
2017.06.27 13:49:21.665,1.54891,1.54914,1.00,1.00
2017.06.27 13:49:21.830,1.54891,1.5491,1.00,1.00
2017.06.27 13:49:21.880,1.54887,1.5491,1.00,1.00
2017.06.27 13:49:21.931,1.54887,1.54913,1.00,1.50
2017.06.27 13:49:22.043,1.54887,1.5491,1.00,1.00
2017.06.27 13:49:22.094,1.54887,1.54913,1.00,1.50
2017.06.27 13:49:22.262,1.54887,1.5491,1.00,1.00
2017.06.27 13:49:22.374,1.54887,1.54912,1.00,1.00
2017.06.27 13:49:22.893,1.54887,1.5491,1.00,1.00
2017.06.27 13:49:23.423,1.54887,1.54911,1.00,1.00
2017.06.27 13:49:24.818,1.54887,1.5491,1.00,1.00
2017.06.27 13:49:25.124,1.54884,1.54903,1.00,1.00
2017.06.27 13:49:25.276,1.54878,1.54901,1.00,1.50
2017.06.27 13:49:25.377,1.54878,1.54899,1.00,1.00
2017.06.27 13:49:25.744,1.54878,1.54897,1.00,1.00
2017.06.27 13:49:25.845,1.54874,1.54896,1.50,1.00
2017.06.27 13:49:26.449,1.54874,1.54897,1.50,1.00
2017.06.27 13:49:26.633,1.54874,1.54899,1.50,1.50
2017.06.27 13:49:27.140,1.54874,1.549,1.00,1.00
2017.06.27 13:49:27.242,1.54877,1.54901,1.00,1.50
2017.06.27 13:49:27.588,1.54875,1.54898,1.00,1.00
2017.06.27 13:49:27.689,1.54872,1.54897,1.00,1.00
2017.06.27 13:49:28.079,1.54874,1.54897,1.00,1.00
2017.06.27 13:49:28.332,1.54872,1.54896,1.00,1.00
2017.06.27 13:49:28.434,1.54874,1.54896,1.00,1.00
2017.06.27 13:49:28.536,1.54874,1.54898,1.00,1.50
2017.06.27 13:49:28.663,1.54874,1.54896,1.00,1.00
2017.06.27 13:49:29.176,1.54873,1.54896,1.00,1.00
2017.06.27 13:49:29.759,1.54874,1.54896,1.00,1.00
2017.06.27 13:49:29.811,1.54874,1.54898,1.00,1.50
2017.06.27 13:49:30.014,1.54875,1.549,1.00,1.50
2017.06.27 13:49:30.428,1.54866,1.54899,1.67,1.00
2017.06.27 13:49:30.898,1.54866,1.54899,1.67,1.00
2017.06.27 13:49:31.845,1.54873,1.54899,1.00,1.00
2017.06.27 13:49:32.179,1.54867,1.54899,1.67,1.00
2017.06.27 13:49:32.230,1.54874,1.54898,1.00,1.00
2017.06.27 13:49:32.867,1.54874,1.54897,1.00,1.00
2017.06.27 13:49:33.299,1.54873,1.54899,1.00,1.00
2017.06.27 13:49:33.351,1.54873,1.54901,1.00,1.00
2017.06.27 13:49:33.452,1.54876,1.54901,1.00,1.00
2017.06.27 13:49:33.908,1.54874,1.54902,1.00,1.00
2017.06.27 13:49:34.658,1.54874,1.54901,1.00,1.00
2017.06.27 13:49:35.081,1.54877,1.54902,1.00,1.00
2017.06.27 13:49:36.221,1.54877,1.54901,1.00,1.00
2017.06.27 13:49:37.250,1.54877,1.54902,1.00,1.00
2017.06.27 13:49:37.559,1.54877,1.54898,1.00,1.00
2017.06.27 13:49:37.808,1.54874,1.54898,1.00,1.00
2017.06.27 13:49:38.382,1.54874,1.54897,1.00,1.00
2017.06.27 13:49:38.452,1.54874,1.54899,1.00,1.00
2017.06.27 13:49:38.604,1.54874,1.54897,1.00,1.00
2017.06.27 13:49:39.145,1.54875,1.54899,1.00,1.00
2017.06.27 13:49:41.263,1.54875,1.54898,1.00,1.00
2017.06.27 13:49:41.773,1.54875,1.549,1.00,1.00
2017.06.27 13:49:41.824,1.54875,1.549,1.60,1.00
2017.06.27 13:49:41.926,1.54878,1.54902,1.00,1.00
2017.06.27 13:49:42.181,1.54873,1.54909,1.60,1.00
2017.06.27 13:49:42.434,1.54873,1.54906,1.60,1.00
2017.06.27 13:49:42.973,1.54873,1.54907,1.60,1.00
2017.06.27 13:49:43.357,1.54881,1.54905,1.00,1.00
2017.06.27 13:49:43.863,1.54882,1.54906,1.00,1.00
2017.06.27 13:49:44.635,1.54882,1.54908,1.00,1.00
2017.06.27 13:49:44.685,1.54882,1.54905,1.00,1.00
2017.06.27 13:49:44.787,1.54879,1.54903,1.00,1.00
2017.06.27 13:49:45.302,1.54878,1.54903,1.00,1.00
2017.06.27 13:49:46.001,1.54878,1.54901,1.00,1.00
2017.06.27 13:49:46.655,1.54878,1.54897,1.00,1.00
2017.06.27 13:49:46.764,1.54878,1.54899,1.00,1.00
2017.06.27 13:49:46.866,1.54878,1.54901,1.00,1.00
2017.06.27 13:49:47.479,1.54878,1.54898,1.00,1.00
2017.06.27 13:49:47.530,1.54878,1.549,1.00,1.00
2017.06.27 13:49:47.917,1.54878,1.54898,1.00,1.00
2017.06.27 13:49:48.018,1.54878,1.549,1.00,1.00
2017.06.27 13:49:48.069,1.54878,1.54898,1.00,1.00
2017.06.27 13:49:48.467,1.54876,1.54897,1.00,1.00
2017.06.27 13:49:48.721,1.54877,1.54894,1.00,1.00
2017.06.27 13:49:48.772,1.54874,1.54894,1.00,1.00
2017.06.27 13:49:48.823,1.54874,1.54897,1.00,1.00
2017.06.27 13:49:49.051,1.54874,1.54895,1.00,1.00
2017.06.27 13:49:49.597,1.54874,1.54896,1.00,1.00
2017.06.27 13:49:49.719,1.54874,1.54899,1.50,1.00
2017.06.27 13:49:49.820,1.54874,1.54895,1.00,1.00
2017.06.27 13:49:50.306,1.54874,1.54897,1.00,1.00
2017.06.27 13:49:51.906,1.54873,1.54895,1.50,1.00
2017.06.27 13:49:52.581,1.54871,1.54893,1.00,1.00
2017.06.27 13:49:52.879,1.54869,1.54893,1.00,1.00
2017.06.27 13:49:53.082,1.54869,1.54891,1.00,1.00
2017.06.27 13:49:53.576,1.54869,1.54888,1.00,1.00
2017.06.27 13:49:53.677,1.54865,1.54885,1.00,1.00
2017.06.27 13:49:53.894,1.54873,1.54899,1.60,1.12
2017.06.27 13:49:53.947,1.54873,1.54899,1.60,1.12
2017.06.27 13:49:54.464,1.54874,1.54904,1.60,2.25
2017.06.27 13:49:54.515,1.54874,1.54904,1.60,2.25
2017.06.27 13:49:54.966,1.5487,1.549,1.60,1.37
2017.06.27 13:49:55.125,1.54871,1.54897,1.35,1.00
2017.06.27 13:49:55.176,1.5487,1.54903,1.60,1.37
2017.06.27 13:49:55.227,1.5487,1.54904,1.60,1.00
2017.06.27 13:49:55.329,1.54876,1.54901,1.00,1.00
2017.06.27 13:49:55.687,1.54879,1.54899,1.00,1.00
2017.06.27 13:49:56.298,1.54879,1.54901,1.00,1.00
2017.06.27 13:49:56.349,1.54879,1.54899,1.00,1.00
2017.06.27 13:49:56.399,1.54879,1.54902,1.00,1.00
2017.06.27 13:49:56.836,1.54881,1.54903,1.00,1.00
2017.06.27 13:49:56.941,1.5487,1.54906,1.60,1.00
2017.06.27 13:49:57.547,1.54873,1.54905,1.00,1.00
2017.06.27 13:49:57.740,1.54879,1.54904,1.00,1.00
2017.06.27 13:49:58.305,1.54878,1.54901,1.00,1.00
2017.06.27 13:49:58.743,1.54872,1.54897,1.00,1.00
2017.06.27 13:49:58.845,1.54868,1.54893,1.00,1.00
2017.06.27 13:50:00.078,1.5487,1.54892,1.00,1.00
2017.06.27 13:50:00.445,1.54871,1.54895,1.00,1.00
2017.06.27 13:50:00.799,1.54874,1.54895,1.00,1.00
2017.06.27 13:50:00.850,1.54874,1.54897,1.00,1.00
2017.06.27 13:50:01.357,1.54873,1.54897,1.50,1.00
2017.06.27 13:50:01.552,1.54873,1.54897,2.17,1.00
2017.06.27 13:50:01.958,1.54874,1.54907,1.60,2.17
2017.06.27 13:50:03.511,1.54874,1.54908,1.70,1.87
2017.06.27 13:50:04.042,1.54873,1.54907,1.67,1.75
2017.06.27 13:50:04.712,1.54873,1.54908,1.70,1.87
2017.06.27 13:50:05.924,1.54874,1.54908,1.60,1.00
2017.06.27 13:50:05.975,1.54878,1.54908,1.00,1.00
2017.06.27 13:50:06.026,1.54877,1.54912,1.00,1.35
2017.06.27 13:50:06.545,1.54876,1.54914,1.35,2.17
2017.06.27 13:50:07.060,1.54875,1.54911,1.60,1.00
2017.06.27 13:50:07.274,1.54875,1.54907,1.60,1.00
2017.06.27 13:50:07.683,1.54879,1.54901,1.00,1.00
2017.06.27 13:50:08.540,1.54874,1.54904,1.00,1.50
2017.06.27 13:50:09.130,1.54874,1.54903,1.00,1.00
2017.06.27 13:50:09.544,1.54865,1.54903,4.42,1.00
2017.06.27 13:50:09.595,1.54874,1.54903,1.00,1.00
2017.06.27 13:50:10.159,1.54874,1.54902,1.00,1.00
2017.06.27 13:50:10.432,1.54866,1.54902,5.17,1.00
2017.06.27 13:50:10.534,1.54866,1.54904,5.92,1.50
2017.06.27 13:50:10.585,1.54877,1.54899,1.00,1.00
2017.06.27 13:50:12.110,1.54876,1.54899,1.00,1.00
2017.06.27 13:50:13.944,1.54874,1.54896,1.00,1.00
2017.06.27 13:50:16.309,1.54875,1.54897,1.00,1.00
2017.06.27 13:50:16.563,1.54875,1.54899,1.00,1.00
2017.06.27 13:50:16.817,1.54877,1.549,1.00,1.00
2017.06.27 13:50:17.989,1.54874,1.54905,1.00,1.12
2017.06.27 13:50:18.090,1.54876,1.54906,1.00,2.25
2017.06.27 13:50:18.243,1.54876,1.54907,1.00,1.00
2017.06.27 13:50:18.609,1.54871,1.54907,2.10,1.00
2017.06.27 13:50:18.660,1.54876,1.54907,1.00,1.00
2017.06.27 13:50:18.989,1.54879,1.54901,1.00,1.00
2017.06.27 13:50:19.920,1.54878,1.549,1.00,1.00
2017.06.27 13:50:20.487,1.54873,1.54907,1.60,1.20
2017.06.27 13:50:20.867,1.54877,1.54902,1.00,1.00
2017.06.27 13:50:21.171,1.54881,1.54906,1.00,1.00
2017.06.27 13:50:21.510,1.54881,1.54903,1.00,1.00
2017.06.27 13:50:22.403,1.5488,1.54903,1.00,1.00
2017.06.27 13:50:22.949,1.54881,1.54903,1.00,1.00
2017.06.27 13:50:23.856,1.54881,1.54904,1.00,1.00
2017.06.27 13:50:23.957,1.54877,1.54902,1.00,1.00
2017.06.27 13:50:25.027,1.54875,1.54899,1.00,1.00
2017.06.27 13:50:25.331,1.5487,1.54892,1.00,1.00
2017.06.27 13:50:25.381,1.54864,1.54892,1.37,1.00
2017.06.27 13:50:26.057,1.54864,1.54893,1.00,1.50
2017.06.27 13:50:26.371,1.54863,1.54896,1.35,1.00
2017.06.27 13:50:26.422,1.54868,1.54891,1.00,1.00
2017.06.27 13:50:27.100,1.54863,1.54895,1.00,1.00
2017.06.27 13:50:27.398,1.54863,1.54897,1.00,1.00
2017.06.27 13:50:27.449,1.54867,1.5489,1.00,1.00
2017.06.27 13:50:29.420,1.54867,1.5489,3.67,1.00
2017.06.27 13:50:29.673,1.54873,1.54905,1.35,1.00
2017.06.27 13:50:30.178,1.5488,1.54903,1.00,1.00
2017.06.27 13:50:30.635,1.54877,1.5491,1.00,1.45
2017.06.27 13:50:30.786,1.54874,1.5491,1.50,1.95
2017.06.27 13:50:30.837,1.54876,1.5491,1.00,1.95
2017.06.27 13:50:31.141,1.5488,1.54905,1.00,1.00
2017.06.27 13:50:33.472,1.54879,1.54904,1.00,1.00
2017.06.27 13:50:33.778,1.54874,1.54897,1.00,1.00
2017.06.27 13:50:34.089,1.54872,1.54895,1.00,1.00
2017.06.27 13:50:34.578,1.54864,1.54903,2.92,1.20
2017.06.27 13:50:34.751,1.54865,1.54901,1.35,1.00
2017.06.27 13:50:35.101,1.54871,1.54894,1.00,1.00
2017.06.27 13:50:35.418,1.54873,1.54896,1.00,1.00
2017.06.27 13:50:36.077,1.54874,1.54897,1.00,1.00
2017.06.27 13:50:36.642,1.54875,1.549,1.00,1.00
2017.06.27 13:50:37.644,1.54878,1.54901,1.00,1.00
2017.06.27 13:50:40.710,1.54878,1.54903,1.00,1.50
2017.06.27 13:50:40.989,1.54878,1.54903,1.60,1.00
2017.06.27 13:50:41.091,1.54882,1.54907,1.00,1.50
2017.06.27 13:50:43.518,1.54884,1.54907,1.00,1.00
2017.06.27 13:50:45.534,1.54887,1.54907,2.85,1.00
2017.06.27 13:50:45.585,1.5489,1.54913,1.60,1.37
2017.06.27 13:50:45.636,1.54898,1.54921,1.00,1.50
2017.06.27 13:50:45.889,1.54894,1.54919,1.00,1.00
2017.06.27 13:50:46.142,1.54897,1.5492,1.00,1.00
2017.06.27 13:50:46.816,1.54895,1.54918,1.00,1.00
2017.06.27 13:50:47.120,1.54893,1.54916,1.00,1.00
2017.06.27 13:50:48.286,1.54895,1.54918,1.00,1.00
2017.06.27 13:50:48.672,1.54898,1.54921,1.00,1.00
2017.06.27 13:50:49.583,1.5489,1.54927,1.60,1.50
2017.06.27 13:50:49.634,1.54892,1.54927,1.60,1.50
2017.06.27 13:50:49.994,1.54901,1.54924,1.00,1.00
2017.06.27 13:50:50.680,1.54902,1.54925,1.00,1.00
2017.06.27 13:50:51.194,1.54902,1.54924,1.00,1.00
2017.06.27 13:50:51.736,1.54902,1.54925,1.00,1.50
2017.06.27 13:50:52.040,1.549,1.54921,1.00,1.00
2017.06.27 13:50:53.883,1.549,1.54918,1.00,1.00
2017.06.27 13:50:54.085,1.54894,1.54919,1.00,1.00
2017.06.27 13:50:54.237,1.54892,1.54919,1.35,1.00
2017.06.27 13:50:54.338,1.54889,1.54919,1.35,1.00
2017.06.27 13:50:54.390,1.54893,1.54915,1.00,1.00
2017.06.27 13:50:55.042,1.54893,1.54914,1.00,1.00
2017.06.27 13:50:55.244,1.54891,1.54913,1.00,1.00
2017.06.27 13:50:55.793,1.54891,1.54912,1.00,1.00
2017.06.27 13:50:56.028,1.54891,1.54914,1.00,1.00
2017.06.27 13:50:56.796,1.54892,1.54914,1.00,1.00
2017.06.27 13:50:56.984,1.54892,1.54916,1.00,1.00
2017.06.27 13:50:57.378,1.54887,1.54916,1.60,1.00
2017.06.27 13:50:57.984,1.54893,1.54916,1.00,1.50
2017.06.27 13:50:58.575,1.54893,1.54915,1.00,1.00
2017.06.27 13:50:59.124,1.54893,1.54916,1.00,1.50
2017.06.27 13:50:59.713,1.54893,1.54914,1.00,1.00
2017.06.27 13:50:59.966,1.54887,1.54914,1.00,1.00
2017.06.27 13:51:00.475,1.54886,1.54915,1.00,1.00
2017.06.27 13:51:00.705,1.54892,1.54915,1.00,1.50
2017.06.27 13:51:01.722,1.54892,1.54914,1.00,1.00
2017.06.27 13:51:01.976,1.54884,1.54912,1.00,1.00
2017.06.27 13:51:02.151,1.54878,1.54906,1.00,1.37
2017.06.27 13:51:02.201,1.54874,1.54904,1.75,1.12
2017.06.27 13:51:02.353,1.54869,1.54902,1.35,1.50
2017.06.27 13:51:02.758,1.54868,1.54901,1.35,1.00
2017.06.27 13:51:02.809,1.54868,1.54897,1.35,1.00
2017.06.27 13:51:02.954,1.54865,1.549,4.42,1.00
2017.06.27 13:51:03.459,1.54866,1.54903,1.60,1.00
2017.06.27 13:51:03.712,1.54865,1.54901,3.60,1.00
2017.06.27 13:51:04.048,1.54864,1.54899,2.10,1.12
2017.06.27 13:51:04.352,1.54875,1.549,1.00,1.00
2017.06.27 13:51:04.403,1.54868,1.54905,2.10,1.07
2017.06.27 13:51:04.971,1.54869,1.54905,1.60,1.20
2017.06.27 13:51:05.375,1.54867,1.54904,2.10,1.10
2017.06.27 13:51:05.908,1.54867,1.54904,2.10,1.10
2017.06.27 13:51:06.699,1.54867,1.54903,2.85,1.00
2017.06.27 13:51:06.901,1.54867,1.54903,1.60,1.00
2017.06.27 13:51:07.471,1.5487,1.54905,1.60,1.10
2017.06.27 13:51:07.774,1.5487,1.54904,1.00,1.07
2017.06.27 13:51:08.113,1.54878,1.54901,1.00,1.00
2017.06.27 13:51:08.265,1.5487,1.54907,1.60,1.57
2017.06.27 13:51:08.937,1.54874,1.54899,1.00,1.00
2017.06.27 13:51:09.606,1.54868,1.549,2.10,1.10
2017.06.27 13:51:10.133,1.54864,1.54899,5.85,1.00
2017.06.27 13:51:10.514,1.54867,1.54901,1.60,1.10
2017.06.27 13:51:11.106,1.54868,1.54901,1.60,1.10
2017.06.27 13:51:11.207,1.54869,1.54904,2.10,1.07
2017.06.27 13:51:11.511,1.54876,1.54899,1.00,1.00
2017.06.27 13:51:11.663,1.54868,1.54906,2.85,1.07
2017.06.27 13:51:11.866,1.54874,1.54906,1.00,1.57
2017.06.27 13:51:12.394,1.54874,1.54905,1.00,1.00
2017.06.27 13:51:12.723,1.54875,1.54898,1.00,1.00
2017.06.27 13:51:13.557,1.54874,1.54898,1.00,1.00
2017.06.27 13:51:13.931,1.54874,1.54903,1.00,1.00
2017.06.27 13:51:14.301,1.54865,1.54903,2.92,1.00
2017.06.27 13:51:14.452,1.54875,1.54898,1.00,1.00
2017.06.27 13:51:14.774,1.54865,1.549,1.35,1.00
2017.06.27 13:51:15.378,1.54865,1.54901,1.35,1.10
2017.06.27 13:51:15.480,1.54864,1.54898,1.60,1.00
2017.06.27 13:51:15.831,1.54869,1.54892,1.00,1.00
2017.06.27 13:51:17.735,1.54858,1.54896,1.60,1.00
2017.06.27 13:51:18.302,1.54864,1.54895,1.00,1.00
2017.06.27 13:51:18.807,1.54864,1.54896,1.00,1.00
2017.06.27 13:51:19.347,1.54864,1.54897,1.00,1.00
2017.06.27 13:51:19.729,1.54866,1.54891,1.00,1.00
2017.06.27 13:51:20.033,1.54868,1.54891,1.00,1.00
2017.06.27 13:51:20.179,1.54864,1.54898,2.17,1.00
2017.06.27 13:51:20.230,1.54866,1.54902,1.70,1.00
2017.06.27 13:51:20.331,1.54866,1.54904,1.67,1.50
2017.06.27 13:51:20.382,1.54864,1.54902,2.92,1.00
2017.06.27 13:51:20.848,1.54873,1.54896,1.00,1.00
2017.06.27 13:51:21.435,1.54872,1.54895,1.00,1.00
2017.06.27 13:51:21.486,1.5487,1.54895,1.00,1.00
2017.06.27 13:51:22.042,1.5487,1.54893,1.00,1.00
2017.06.27 13:51:22.976,1.54869,1.54892,1.00,1.00
2017.06.27 13:51:23.639,1.54868,1.54891,1.00,1.00
2017.06.27 13:51:27.513,1.54869,1.54894,1.00,1.00
2017.06.27 13:51:27.563,1.54871,1.54896,1.00,1.50
2017.06.27 13:51:28.028,1.54871,1.54894,1.00,1.00
2017.06.27 13:51:28.079,1.54871,1.54896,1.00,1.50
2017.06.27 13:51:28.644,1.54871,1.54894,1.00,1.00
2017.06.27 13:51:29.470,1.54871,1.54894,2.85,1.50
2017.06.27 13:51:29.623,1.54871,1.54894,3.67,1.00
2017.06.27 13:51:29.675,1.54873,1.54894,1.32,1.00
2017.06.27 13:51:29.777,1.54871,1.54894,1.00,1.00
2017.06.27 13:51:29.878,1.54871,1.5489,1.00,1.00
2017.06.27 13:51:29.930,1.54871,1.54892,1.00,1.00
2017.06.27 13:51:30.337,1.54871,1.54885,1.00,1.00
2017.06.27 13:51:30.488,1.54871,1.54887,1.00,1.00
2017.06.27 13:51:30.741,1.54855,1.54888,1.70,1.00
2017.06.27 13:51:31.504,1.54854,1.54887,4.42,1.00
2017.06.27 13:51:32.053,1.54854,1.54886,2.85,1.00
2017.06.27 13:51:32.205,1.54854,1.54882,1.00,1.00
2017.06.27 13:51:32.554,1.54854,1.5488,1.00,1.00
2017.06.27 13:51:33.149,1.54853,1.54879,1.00,1.00
2017.06.27 13:51:34.272,1.54853,1.54878,1.00,1.00
2017.06.27 13:51:34.752,1.54854,1.5488,1.00,1.00
2017.06.27 13:51:36.699,1.54853,1.5488,1.00,1.00
2017.06.27 13:51:37.248,1.54853,1.54884,1.00,1.50
2017.06.27 13:51:37.299,1.54853,1.54879,1.00,1.00
2017.06.27 13:51:37.633,1.54855,1.54879,1.00,1.00
2017.06.27 13:51:38.357,1.54855,1.5488,1.00,1.00
2017.06.27 13:51:39.883,1.54853,1.54883,1.00,1.00
2017.06.27 13:51:40.174,1.54854,1.5488,1.00,1.00
2017.06.27 13:51:40.518,1.54854,1.54877,1.50,1.00
2017.06.27 13:51:40.771,1.54855,1.54879,1.35,1.00
2017.06.27 13:51:40.872,1.54858,1.54881,1.00,1.00
2017.06.27 13:51:40.974,1.54855,1.54879,1.00,1.00
2017.06.27 13:51:41.025,1.54858,1.54881,1.00,1.00
2017.06.27 13:51:41.178,1.54855,1.5488,1.00,1.50
2017.06.27 13:51:41.229,1.54855,1.54877,1.00,1.00
2017.06.27 13:51:41.693,1.54852,1.54877,1.00,1.50
2017.06.27 13:51:41.996,1.54854,1.54877,1.00,1.00
2017.06.27 13:51:43.548,1.54854,1.54876,1.00,1.00
2017.06.27 13:51:43.917,1.54847,1.54878,1.00,1.00
2017.06.27 13:51:44.440,1.54846,1.54879,1.00,1.00
2017.06.27 13:51:44.974,1.54847,1.54879,1.00,1.00
2017.06.27 13:51:45.186,1.54847,1.54878,1.70,1.00
2017.06.27 13:51:45.369,1.54846,1.54881,2.17,1.00
2017.06.27 13:51:45.672,1.54855,1.54877,1.00,1.00
2017.06.27 13:51:46.354,1.54855,1.54876,1.00,1.00
2017.06.27 13:51:46.457,1.54844,1.54881,1.35,2.02
2017.06.27 13:51:46.508,1.54844,1.54878,1.35,1.00
2017.06.27 13:51:46.559,1.54844,1.54881,1.35,1.50
2017.06.27 13:51:46.986,1.54844,1.54878,1.35,1.00
2017.06.27 13:51:47.363,1.54844,1.54879,1.60,1.00
2017.06.27 13:51:47.414,1.54843,1.54881,2.17,1.00
2017.06.27 13:51:48.011,1.54845,1.54881,1.67,1.00
2017.06.27 13:51:48.162,1.54846,1.5488,1.05,1.00
2017.06.27 13:51:48.418,1.54846,1.54882,1.05,1.00
2017.06.27 13:51:49.116,1.54854,1.54877,1.00,1.00
2017.06.27 13:51:49.938,1.54846,1.54883,1.05,1.00
2017.06.27 13:51:50.039,1.54853,1.54882,1.00,1.00
2017.06.27 13:51:50.245,1.54845,1.54883,1.80,1.00
2017.06.27 13:51:50.960,1.54845,1.54882,2.55,1.00
2017.06.27 13:51:51.466,1.54846,1.54883,1.67,1.00
2017.06.27 13:51:51.567,1.54855,1.5488,1.00,1.00
2017.06.27 13:51:52.456,1.54857,1.5488,1.00,1.00
2017.06.27 13:51:54.566,1.5485,1.54881,1.67,1.00
2017.06.27 13:51:54.712,1.5485,1.54883,1.67,1.00
2017.06.27 13:51:55.331,1.5485,1.54884,1.67,1.00
2017.06.27 13:51:55.955,1.5485,1.54883,1.67,1.00
2017.06.27 13:51:57.434,1.5485,1.54884,1.67,1.00
2017.06.27 13:51:57.485,1.54854,1.54884,1.70,1.00
2017.06.27 13:51:57.817,1.54862,1.54885,1.00,1.00
2017.06.27 13:51:58.827,1.54855,1.54885,1.00,1.00
2017.06.27 13:51:59.150,1.5486,1.54885,1.00,1.00
2017.06.27 13:51:59.946,1.54856,1.54895,1.67,1.00
2017.06.27 13:51:59.997,1.54863,1.54887,1.00,1.00
2017.06.27 13:52:00.152,1.54854,1.54893,1.67,1.00
2017.06.27 13:52:00.683,1.54853,1.54892,2.92,1.00
2017.06.27 13:52:01.138,1.54861,1.54885,1.00,1.00
2017.06.27 13:52:01.679,1.54856,1.54882,1.00,1.00
2017.06.27 13:52:03.209,1.54857,1.54883,1.00,1.00
2017.06.27 13:52:03.259,1.54857,1.54881,1.00,1.00
2017.06.27 13:52:03.563,1.54859,1.54883,1.00,1.00
2017.06.27 13:52:05.118,1.54854,1.54884,1.10,1.50
2017.06.27 13:52:05.621,1.54856,1.54881,1.00,1.00
2017.06.27 13:52:09.277,1.54855,1.54878,1.00,1.00
2017.06.27 13:52:10.034,1.54855,1.54877,1.00,1.00
2017.06.27 13:52:10.085,1.54844,1.54875,1.57,1.00
2017.06.27 13:52:10.247,1.54843,1.54875,2.10,1.00
2017.06.27 13:52:10.299,1.54844,1.54878,2.55,1.00
2017.06.27 13:52:10.401,1.54845,1.54878,1.05,1.00
2017.06.27 13:52:10.730,1.54847,1.54872,1.42,1.00
2017.06.27 13:52:11.079,1.54849,1.54872,1.00,1.00
2017.06.27 13:52:12.070,1.54847,1.54873,1.07,1.00
2017.06.27 13:52:12.608,1.54846,1.54872,1.67,1.00
2017.06.27 13:52:13.051,1.54845,1.54868,1.00,1.00
2017.06.27 13:52:13.102,1.54842,1.54867,1.00,1.00
2017.06.27 13:52:13.153,1.54841,1.54864,1.00,1.00
2017.06.27 13:52:13.508,1.54834,1.54871,1.60,1.00
2017.06.27 13:52:13.730,1.54834,1.54868,1.10,1.00
2017.06.27 13:52:14.041,1.54843,1.54861,1.00,1.00
2017.06.27 13:52:14.497,1.54842,1.54864,1.00,1.00
2017.06.27 13:52:15.089,1.54841,1.54864,1.00,1.00
2017.06.27 13:52:15.883,1.5484,1.54864,1.00,1.00
2017.06.27 13:52:15.984,1.5484,1.54869,1.00,1.00
2017.06.27 13:52:16.136,1.54839,1.54868,1.00,1.50
2017.06.27 13:52:16.187,1.54836,1.54869,1.00,1.50
2017.06.27 13:52:16.288,1.54838,1.54868,1.00,1.57
2017.06.27 13:52:16.871,1.54838,1.54868,1.00,1.57
2017.06.27 13:52:17.036,1.54835,1.54867,1.00,1.67
2017.06.27 13:52:17.087,1.54831,1.54863,1.00,1.70
2017.06.27 13:52:17.391,1.54832,1.54853,1.00,1.00
2017.06.27 13:52:17.443,1.54832,1.5486,1.00,1.00
2017.06.27 13:52:17.963,1.54833,1.54859,1.00,1.00
2017.06.27 13:52:18.248,1.54834,1.54856,1.00,1.00
2017.06.27 13:52:18.401,1.54838,1.54864,1.00,1.00
2017.06.27 13:52:18.452,1.54836,1.54864,1.00,1.00
2017.06.27 13:52:18.502,1.54836,1.54861,1.00,1.00
2017.06.27 13:52:18.807,1.54842,1.54863,1.00,1.00
2017.06.27 13:52:18.959,1.5484,1.54863,1.50,1.00
2017.06.27 13:52:19.217,1.54841,1.54866,1.00,1.00
2017.06.27 13:52:19.744,1.54842,1.54866,1.00,1.00
2017.06.27 13:52:20.305,1.54841,1.54866,1.50,1.00
2017.06.27 13:52:21.652,1.54841,1.54864,1.00,1.00
2017.06.27 13:52:21.805,1.54838,1.54862,1.00,1.00
2017.06.27 13:52:22.007,1.54833,1.54864,1.07,1.00
2017.06.27 13:52:22.058,1.54833,1.54864,1.67,1.00
2017.06.27 13:52:22.108,1.54833,1.54869,1.67,1.00
2017.06.27 13:52:22.515,1.54834,1.54867,1.67,1.00
2017.06.27 13:52:22.854,1.54839,1.54865,1.00,1.00
2017.06.27 13:52:23.182,1.54839,1.54863,1.00,1.00
2017.06.27 13:52:23.308,1.54839,1.54865,1.00,1.00
2017.06.27 13:52:25.028,1.54841,1.54864,1.00,1.00
2017.06.27 13:52:26.227,1.54841,1.54865,1.00,1.00
2017.06.27 13:52:26.530,1.54838,1.54861,1.00,1.00
2017.06.27 13:52:26.682,1.54836,1.54862,1.00,1.50
2017.06.27 13:52:27.264,1.54836,1.54859,1.00,1.00
2017.06.27 13:52:27.567,1.54836,1.54857,1.00,1.00
2017.06.27 13:52:28.082,1.54836,1.54856,1.00,1.00
2017.06.27 13:52:29.314,1.54836,1.54855,1.00,1.00
2017.06.27 13:52:29.802,1.54836,1.54853,1.00,1.00
2017.06.27 13:52:29.904,1.54836,1.54857,1.00,1.50
2017.06.27 13:52:30.056,1.54836,1.54859,1.00,1.50
2017.06.27 13:52:30.106,1.54836,1.54852,1.00,1.00
2017.06.27 13:52:30.208,1.54836,1.54856,1.00,1.50
2017.06.27 13:52:30.258,1.54836,1.54851,1.00,1.00
2017.06.27 13:52:30.767,1.54823,1.54852,1.67,1.00
2017.06.27 13:52:30.919,1.54823,1.5485,1.00,1.00
2017.06.27 13:52:30.970,1.54823,1.54852,1.00,1.00
2017.06.27 13:52:31.272,1.54824,1.54854,1.00,1.00
2017.06.27 13:52:31.818,1.54823,1.54854,1.10,1.00
2017.06.27 13:52:32.520,1.54829,1.54851,1.00,1.00
2017.06.27 13:52:33.384,1.54829,1.54852,1.00,1.00
2017.06.27 13:52:33.789,1.54827,1.54849,1.00,1.00
2017.06.27 13:52:33.991,1.54828,1.54852,1.00,1.00
2017.06.27 13:52:34.343,1.54829,1.54854,1.00,1.50
2017.06.27 13:52:35.606,1.54823,1.54856,1.67,1.00
2017.06.27 13:52:36.232,1.5482,1.54855,1.67,1.00
2017.06.27 13:52:36.446,1.5482,1.54854,1.67,1.00
2017.06.27 13:52:36.986,1.5482,1.54855,1.67,1.00
2017.06.27 13:52:37.566,1.54824,1.54856,1.35,1.00
2017.06.27 13:52:37.668,1.54824,1.54852,1.00,1.00
2017.06.27 13:52:37.719,1.5482,1.54854,1.70,1.00
2017.06.27 13:52:37.770,1.5482,1.54851,1.70,1.00
2017.06.27 13:52:37.930,1.5482,1.54853,1.10,1.00
2017.06.27 13:52:37.981,1.54824,1.54853,1.00,1.00
2017.06.27 13:52:38.296,1.54821,1.54854,1.60,1.00
2017.06.27 13:52:38.734,1.5482,1.54852,1.42,1.00
2017.06.27 13:52:39.037,1.54825,1.54849,1.00,1.00
2017.06.27 13:52:39.309,1.54813,1.54839,1.00,1.00
2017.06.27 13:52:39.511,1.54813,1.54837,1.00,1.00
2017.06.27 13:52:40.300,1.54819,1.54844,1.00,1.00
2017.06.27 13:52:41.665,1.54819,1.54843,1.00,1.00
2017.06.27 13:52:41.929,1.54814,1.54842,1.00,1.00
2017.06.27 13:52:42.233,1.54819,1.54842,1.00,1.00
2017.06.27 13:52:43.743,1.54819,1.5484,1.00,1.00
2017.06.27 13:52:43.996,1.54815,1.54838,1.00,1.50
2017.06.27 13:52:44.504,1.54815,1.54837,1.00,1.00
2017.06.27 13:52:45.047,1.54814,1.54836,1.00,1.00
2017.06.27 13:52:45.564,1.54814,1.54837,1.50,1.50
2017.06.27 13:52:45.938,1.54807,1.54836,1.70,1.00
2017.06.27 13:52:46.100,1.54807,1.54836,2.92,1.00
2017.06.27 13:52:46.202,1.54813,1.54843,1.67,1.50
2017.06.27 13:52:47.421,1.54824,1.54847,1.00,1.00
2017.06.27 13:52:47.883,1.54824,1.54849,1.00,1.00
2017.06.27 13:52:48.161,1.54827,1.54852,1.00,3.00
2017.06.27 13:52:48.615,1.54827,1.54849,1.00,1.00
2017.06.27 13:52:49.148,1.54827,1.5485,1.00,1.00
2017.06.27 13:52:49.203,1.54827,1.54852,1.00,1.00
2017.06.27 13:52:49.826,1.54826,1.54851,1.00,1.00
2017.06.27 13:52:49.877,1.54826,1.54849,1.00,1.00
2017.06.27 13:52:50.183,1.54824,1.54849,1.00,1.00
2017.06.27 13:52:50.489,1.54823,1.54846,1.00,1.00
2017.06.27 13:52:51.074,1.54824,1.54846,1.00,1.00
2017.06.27 13:52:51.125,1.54824,1.54859,1.00,2.25
2017.06.27 13:52:51.627,1.54823,1.54858,1.00,1.50
2017.06.27 13:52:52.182,1.54824,1.54858,1.35,1.00
2017.06.27 13:52:52.385,1.54826,1.54858,1.60,1.50
2017.06.27 13:52:52.690,1.54825,1.5486,1.60,1.00
2017.06.27 13:52:52.791,1.54825,1.5486,1.60,1.00
2017.06.27 13:52:52.943,1.54825,1.54858,1.60,1.12
2017.06.27 13:52:53.277,1.54827,1.54852,1.00,1.00
2017.06.27 13:52:53.779,1.54828,1.54853,1.00,1.00
2017.06.27 13:52:55.172,1.54828,1.54851,1.00,1.00
2017.06.27 13:52:55.674,1.54827,1.54852,1.00,1.00
2017.06.27 13:52:58.040,1.54831,1.54856,1.00,1.00
2017.06.27 13:52:58.999,1.54831,1.54855,1.00,1.00
2017.06.27 13:52:59.503,1.54831,1.54855,1.60,1.00
2017.06.27 13:52:59.605,1.54841,1.54864,1.00,1.00
2017.06.27 13:52:59.847,1.54844,1.54867,1.00,1.00
2017.06.27 13:53:00.503,1.5484,1.54865,1.00,1.00
2017.06.27 13:53:00.787,1.54835,1.54874,1.60,2.70
2017.06.27 13:53:00.838,1.54842,1.54866,1.00,1.00
2017.06.27 13:53:01.388,1.54841,1.54865,1.00,1.00
2017.06.27 13:53:01.875,1.54837,1.54864,1.00,1.00
2017.06.27 13:53:02.023,1.54836,1.54861,1.00,1.00
2017.06.27 13:53:02.547,1.54837,1.54861,1.00,1.00
2017.06.27 13:53:03.292,1.54838,1.54865,1.00,1.00
2017.06.27 13:53:03.343,1.54837,1.54862,1.00,1.00
2017.06.27 13:53:04.412,1.54838,1.54862,1.60,1.00
2017.06.27 13:53:04.817,1.54834,1.54876,1.67,4.57
2017.06.27 13:53:04.968,1.54839,1.54871,1.00,1.95
2017.06.27 13:53:05.470,1.54838,1.54871,1.00,1.20
2017.06.27 13:53:06.529,1.54838,1.54872,1.00,1.57
2017.06.27 13:53:06.796,1.54835,1.54871,1.00,1.45
2017.06.27 13:53:07.373,1.54835,1.54871,1.00,1.95
2017.06.27 13:53:08.002,1.54834,1.54871,1.00,1.95
2017.06.27 13:53:08.638,1.54835,1.54871,1.00,1.95
2017.06.27 13:53:09.156,1.54834,1.54871,1.00,1.95
2017.06.27 13:53:09.358,1.54837,1.54871,1.00,1.95
2017.06.27 13:53:09.889,1.54837,1.54872,1.00,1.95
2017.06.27 13:53:10.153,1.54834,1.54872,1.50,2.70
2017.06.27 13:53:11.234,1.54835,1.54871,1.00,1.95
2017.06.27 13:53:11.385,1.54839,1.54862,1.00,1.00
2017.06.27 13:53:11.798,1.54837,1.54861,1.00,1.00
2017.06.27 13:53:11.967,1.54839,1.54863,1.00,1.00
2017.06.27 13:53:12.794,1.54834,1.54858,1.00,1.00
2017.06.27 13:53:13.098,1.54831,1.54855,1.00,1.00
2017.06.27 13:53:13.544,1.54834,1.54857,1.00,1.00
2017.06.27 13:53:14.051,1.54834,1.54856,1.00,1.00
2017.06.27 13:53:14.435,1.54835,1.54858,1.00,1.00
2017.06.27 13:53:14.903,1.54833,1.54864,1.00,1.10
2017.06.27 13:53:15.128,1.54836,1.54865,1.60,1.00
2017.06.27 13:53:15.280,1.54837,1.54873,2.10,1.00
2017.06.27 13:53:15.433,1.54835,1.54875,1.50,1.05
2017.06.27 13:53:15.668,1.54835,1.54871,1.00,1.00
2017.06.27 13:53:15.973,1.54831,1.54869,2.10,1.10
2017.06.27 13:53:16.438,1.54838,1.54865,1.00,1.00
2017.06.27 13:53:17.002,1.5483,1.54867,1.00,1.00
2017.06.27 13:53:18.018,1.54837,1.54863,1.00,1.00
2017.06.27 13:53:18.608,1.54837,1.54858,1.00,1.00
2017.06.27 13:53:18.760,1.54826,1.54854,1.30,1.00
2017.06.27 13:53:19.187,1.54826,1.54856,1.72,1.00
2017.06.27 13:53:19.935,1.54826,1.54855,1.30,1.00
2017.06.27 13:53:19.986,1.54826,1.54855,1.72,1.00
2017.06.27 13:53:20.288,1.54834,1.54858,1.00,1.00
2017.06.27 13:53:20.390,1.54835,1.54868,1.60,1.50
2017.06.27 13:53:20.541,1.54833,1.54866,1.00,1.50
2017.06.27 13:53:20.643,1.54833,1.54868,1.35,1.50
2017.06.27 13:53:20.745,1.54834,1.54861,1.10,1.00
2017.06.27 13:53:20.897,1.54833,1.54863,1.60,1.00
2017.06.27 13:53:21.415,1.54833,1.54862,2.10,1.00
2017.06.27 13:53:21.769,1.5484,1.54863,1.00,1.00
2017.06.27 13:53:21.820,1.5484,1.54865,1.00,1.00
2017.06.27 13:53:21.870,1.54842,1.54865,1.00,1.00
2017.06.27 13:53:22.174,1.54841,1.54863,1.00,1.00
2017.06.27 13:53:22.365,1.54834,1.54863,1.00,1.00
2017.06.27 13:53:22.618,1.54834,1.54865,1.42,1.00
2017.06.27 13:53:22.719,1.54834,1.54863,1.35,1.00
2017.06.27 13:53:23.022,1.54839,1.54863,1.00,1.00
2017.06.27 13:53:23.587,1.54842,1.54862,1.00,1.00
2017.06.27 13:53:23.642,1.54843,1.54864,1.00,1.00
2017.06.27 13:53:24.166,1.54842,1.54863,1.00,1.00
2017.06.27 13:53:24.539,1.54842,1.54858,1.00,1.00
2017.06.27 13:53:24.824,1.54828,1.54857,2.17,1.00
2017.06.27 13:53:25.411,1.54829,1.54858,1.00,1.00
2017.06.27 13:53:25.462,1.54835,1.54858,1.00,1.50
2017.06.27 13:53:26.935,1.54835,1.54857,1.00,1.00
2017.06.27 13:53:27.508,1.54835,1.54858,1.00,1.50
2017.06.27 13:53:28.491,1.54835,1.54857,1.00,1.00
2017.06.27 13:53:28.903,1.54829,1.54857,1.10,1.00
2017.06.27 13:53:28.954,1.54829,1.54855,1.00,1.00
2017.06.27 13:53:29.056,1.54825,1.54854,1.12,1.00
2017.06.27 13:53:29.108,1.54824,1.54847,1.50,1.00
2017.06.27 13:53:29.159,1.54824,1.54853,2.25,1.00
2017.06.27 13:53:29.210,1.54824,1.54858,2.92,1.50
2017.06.27 13:53:29.262,1.54824,1.54853,1.75,1.00
2017.06.27 13:53:29.313,1.54823,1.54856,2.17,1.50
2017.06.27 13:53:29.693,1.54828,1.5485,1.00,1.00
2017.06.27 13:53:30.199,1.54826,1.54848,1.00,1.00
2017.06.27 13:53:30.528,1.54825,1.54844,1.00,1.00
2017.06.27 13:53:30.659,1.54821,1.54845,1.00,1.00
2017.06.27 13:53:30.710,1.54822,1.54848,1.00,1.00
2017.06.27 13:53:30.812,1.54824,1.54848,1.00,1.00
2017.06.27 13:53:31.065,1.54822,1.54848,1.00,1.00
2017.06.27 13:53:31.369,1.54829,1.54852,1.00,1.50
2017.06.27 13:53:31.706,1.54828,1.5485,1.00,1.00
2017.06.27 13:53:31.757,1.54823,1.5485,1.07,1.00
2017.06.27 13:53:32.279,1.54824,1.54851,1.10,1.00
2017.06.27 13:53:32.937,1.54824,1.5485,1.00,1.00
2017.06.27 13:53:33.176,1.54827,1.54851,1.00,1.00
2017.06.27 13:53:34.855,1.54827,1.54852,1.00,1.00
2017.06.27 13:53:35.109,1.54819,1.54848,1.82,1.00
2017.06.27 13:53:35.489,1.54824,1.54848,1.00,1.00
2017.06.27 13:53:35.664,1.54824,1.54853,1.00,1.50
2017.06.27 13:53:35.715,1.54819,1.54854,1.67,1.50
2017.06.27 13:53:35.918,1.54824,1.54849,1.00,1.00
2017.06.27 13:53:35.969,1.54824,1.54851,1.00,1.00
2017.06.27 13:53:36.172,1.54824,1.54849,1.00,1.00
2017.06.27 13:53:36.588,1.54821,1.54844,1.00,1.00
2017.06.27 13:53:37.070,1.54818,1.54843,1.00,1.00
2017.06.27 13:53:37.273,1.54819,1.54845,1.00,1.00
2017.06.27 13:53:37.884,1.54819,1.54845,1.07,1.00
2017.06.27 13:53:38.146,1.54816,1.5485,1.80,1.00
2017.06.27 13:53:38.585,1.54814,1.54843,1.80,1.00
2017.06.27 13:53:38.636,1.54814,1.54846,1.80,1.00
2017.06.27 13:53:38.687,1.54814,1.54845,1.67,1.00
2017.06.27 13:53:39.201,1.54822,1.54844,1.00,1.00
2017.06.27 13:53:39.667,1.54823,1.54846,1.00,1.50
2017.06.27 13:53:40.139,1.54823,1.54844,1.00,1.00
2017.06.27 13:53:40.241,1.54823,1.54846,1.00,1.50
2017.06.27 13:53:40.848,1.54814,1.54854,2.17,2.62
2017.06.27 13:53:40.949,1.54824,1.54846,1.00,1.00
2017.06.27 13:53:41.584,1.54827,1.5485,1.00,1.00
2017.06.27 13:53:41.685,1.54829,1.54852,1.00,1.00
2017.06.27 13:53:41.989,1.54833,1.54856,1.00,1.00
2017.06.27 13:53:42.244,1.54828,1.54852,1.00,1.00
2017.06.27 13:53:42.648,1.5483,1.5485,1.00,1.00
2017.06.27 13:53:42.801,1.54827,1.5485,1.00,1.50
2017.06.27 13:53:42.851,1.54829,1.5485,1.00,1.00
2017.06.27 13:53:42.953,1.54829,1.54852,1.00,1.50
2017.06.27 13:53:43.069,1.54827,1.54849,1.00,1.00
2017.06.27 13:53:43.373,1.54829,1.54851,1.00,1.00
2017.06.27 13:53:43.858,1.54829,1.54848,1.00,1.00
2017.06.27 13:53:44.208,1.54817,1.54849,1.67,1.00
2017.06.27 13:53:44.527,1.54815,1.54848,3.30,1.00
2017.06.27 13:53:44.629,1.54815,1.54852,1.05,1.00
2017.06.27 13:53:44.730,1.54814,1.54856,2.55,2.25
2017.06.27 13:53:44.781,1.54814,1.54851,1.80,1.00
2017.06.27 13:53:44.832,1.54814,1.54851,1.42,1.00
2017.06.27 13:53:45.342,1.54813,1.54852,1.67,1.50
2017.06.27 13:53:45.694,1.54813,1.5485,1.67,1.00
2017.06.27 13:53:46.014,1.54824,1.54847,1.00,1.00
2017.06.27 13:53:46.116,1.54824,1.54849,1.00,1.00
2017.06.27 13:53:46.166,1.54824,1.54847,1.00,1.00
2017.06.27 13:53:46.410,1.54825,1.5485,1.00,1.00
2017.06.27 13:53:46.716,1.54824,1.54847,1.00,1.00
2017.06.27 13:53:46.938,1.54813,1.54848,1.67,1.00
2017.06.27 13:53:47.062,1.54813,1.5485,1.67,1.00
2017.06.27 13:53:47.505,1.54822,1.54847,1.00,1.00
2017.06.27 13:53:47.902,1.54824,1.54847,1.00,1.00
2017.06.27 13:53:48.205,1.54813,1.54851,1.67,1.00
2017.06.27 13:53:48.357,1.54813,1.54853,2.92,1.00
2017.06.27 13:53:48.408,1.54814,1.54853,2.55,1.00
2017.06.27 13:53:49.114,1.54824,1.54853,1.00,1.00
2017.06.27 13:53:49.418,1.54825,1.5485,1.00,1.00
2017.06.27 13:53:49.624,1.54824,1.54856,1.10,1.00
2017.06.27 13:53:50.151,1.54824,1.54857,1.00,1.50
2017.06.27 13:53:50.668,1.54824,1.54858,1.00,1.50
2017.06.27 13:53:50.719,1.54831,1.54854,1.00,1.00
2017.06.27 13:53:51.185,1.54829,1.54853,1.00,1.00
2017.06.27 13:53:51.600,1.54834,1.54854,1.00,1.00
2017.06.27 13:53:51.651,1.54834,1.54858,1.00,1.00
2017.06.27 13:53:51.702,1.54834,1.54858,1.60,1.00
2017.06.27 13:53:51.891,1.54834,1.54858,1.42,1.00
2017.06.27 13:53:52.396,1.54833,1.54858,1.00,1.00
2017.06.27 13:53:53.540,1.54828,1.54868,1.80,1.50
2017.06.27 13:53:54.391,1.54828,1.54867,1.72,1.00
2017.06.27 13:53:54.593,1.54826,1.54866,3.30,1.00
2017.06.27 13:53:54.644,1.54827,1.54864,1.00,1.00
2017.06.27 13:53:54.694,1.54826,1.54866,1.35,1.50
2017.06.27 13:53:54.745,1.54825,1.54862,1.00,1.50
2017.06.27 13:53:55.048,1.54821,1.54857,2.17,1.00
2017.06.27 13:53:55.223,1.54827,1.54864,1.05,1.50
2017.06.27 13:53:55.274,1.54827,1.54861,1.67,1.00
2017.06.27 13:53:55.325,1.54827,1.54865,1.67,1.50
2017.06.27 13:53:55.874,1.54828,1.54864,2.55,1.50
2017.06.27 13:53:56.250,1.54836,1.5486,1.00,1.00
2017.06.27 13:53:56.682,1.54841,1.5486,2.10,1.00
2017.06.27 13:53:56.784,1.5485,1.54867,1.00,1.00
2017.06.27 13:53:56.835,1.54852,1.54875,1.00,1.00
2017.06.27 13:53:56.936,1.54847,1.54879,1.00,1.00
2017.06.27 13:53:57.037,1.54844,1.54881,1.07,1.00
2017.06.27 13:53:57.088,1.54843,1.5488,1.00,1.50
2017.06.27 13:53:57.390,1.54843,1.54883,2.55,1.00
2017.06.27 13:53:57.441,1.54843,1.54883,1.80,1.00
2017.06.27 13:53:57.760,1.54844,1.54879,1.07,1.50
2017.06.27 13:53:58.404,1.54844,1.54877,1.42,1.00
2017.06.27 13:53:58.506,1.54839,1.54877,1.67,1.00
2017.06.27 13:53:58.708,1.54837,1.54875,1.67,1.50
2017.06.27 13:53:59.117,1.54837,1.54872,1.42,1.00
2017.06.27 13:53:59.268,1.54837,1.54874,1.42,1.00
2017.06.27 13:53:59.513,1.54845,1.54868,1.00,1.00
2017.06.27 13:53:59.933,1.54848,1.54871,1.00,1.00
2017.06.27 13:54:00.210,1.54845,1.5487,1.00,1.00
2017.06.27 13:54:00.715,1.54845,1.54869,1.00,1.00
2017.06.27 13:54:01.220,1.54845,1.5487,1.00,1.00
2017.06.27 13:54:01.772,1.54844,1.54869,1.00,1.00
2017.06.27 13:54:01.823,1.54837,1.54868,1.42,1.00
2017.06.27 13:54:02.430,1.54837,1.54867,1.35,1.00
2017.06.27 13:54:02.694,1.54845,1.54868,1.00,1.00
2017.06.27 13:54:02.995,1.54841,1.54867,1.00,1.50
2017.06.27 13:54:03.198,1.54843,1.54868,1.00,1.00
2017.06.27 13:54:03.710,1.54845,1.5487,1.00,1.00
2017.06.27 13:54:04.288,1.54845,1.54868,1.00,1.00
2017.06.27 13:54:04.490,1.54834,1.54868,2.17,1.00
2017.06.27 13:54:04.844,1.54842,1.54865,1.00,1.00
2017.06.27 13:54:06.082,1.54843,1.54867,1.00,1.00
2017.06.27 13:54:06.234,1.54836,1.54868,1.67,1.00
2017.06.27 13:54:06.436,1.54834,1.54862,1.07,1.00
2017.06.27 13:54:06.487,1.54834,1.54862,1.07,1.00
2017.06.27 13:54:07.127,1.54834,1.54862,1.10,1.00
2017.06.27 13:54:07.380,1.54833,1.54859,1.07,1.00
2017.06.27 13:54:07.633,1.54833,1.54862,1.57,1.00
2017.06.27 13:54:07.785,1.54834,1.54861,1.57,1.00
2017.06.27 13:54:08.291,1.54837,1.54862,1.07,1.00
2017.06.27 13:54:08.594,1.54844,1.54862,1.00,1.00
2017.06.27 13:54:08.767,1.54844,1.54868,1.00,1.00
2017.06.27 13:54:08.868,1.54838,1.54876,1.42,1.00
2017.06.27 13:54:09.083,1.54844,1.54886,1.57,1.60
2017.06.27 13:54:09.189,1.54844,1.54881,1.57,1.00
2017.06.27 13:54:09.492,1.54844,1.54879,1.57,1.50
2017.06.27 13:54:09.798,1.54843,1.54874,1.20,1.00
2017.06.27 13:54:10.035,1.54843,1.54874,1.07,1.00
2017.06.27 13:54:10.138,1.54843,1.54871,1.10,1.00
2017.06.27 13:54:10.290,1.54844,1.54873,1.00,1.50
2017.06.27 13:54:10.442,1.54844,1.54877,1.00,1.50
2017.06.27 13:54:10.493,1.54836,1.54877,2.17,1.50
2017.06.27 13:54:10.769,1.54844,1.54877,1.00,1.50
2017.06.27 13:54:11.285,1.54844,1.54876,1.00,1.50
2017.06.27 13:54:11.585,1.54844,1.5488,1.00,1.00
2017.06.27 13:54:11.686,1.54843,1.54878,1.07,1.00
2017.06.27 13:54:11.989,1.54843,1.54883,2.17,1.00
2017.06.27 13:54:12.511,1.54844,1.54883,2.92,1.00
2017.06.27 13:54:12.842,1.54854,1.54879,1.00,1.00
2017.06.27 13:54:13.793,1.54855,1.5488,1.00,1.00
2017.06.27 13:54:13.996,1.54845,1.54884,2.17,1.00
2017.06.27 13:54:14.516,1.54845,1.54885,3.30,1.50
2017.06.27 13:54:14.637,1.54852,1.54875,1.00,1.00
2017.06.27 13:54:14.789,1.54852,1.54877,1.00,1.00
2017.06.27 13:54:15.331,1.54851,1.54874,1.00,1.00
2017.06.27 13:54:15.388,1.54848,1.54873,1.00,1.00
2017.06.27 13:54:15.591,1.54852,1.54875,1.00,1.00
2017.06.27 13:54:17.149,1.54852,1.54876,1.00,1.00
2017.06.27 13:54:21.882,1.54849,1.54884,1.00,1.60
2017.06.27 13:54:21.933,1.54846,1.54884,1.00,1.60
2017.06.27 13:54:22.259,1.54851,1.54874,1.00,1.00
2017.06.27 13:54:22.360,1.54853,1.54877,1.35,1.00
2017.06.27 13:54:22.481,1.54853,1.54877,2.92,1.00
2017.06.27 13:54:22.734,1.54855,1.54891,1.50,1.20
2017.06.27 13:54:23.146,1.54858,1.54891,1.00,1.20
2017.06.27 13:54:23.298,1.54856,1.54892,1.00,1.05
2017.06.27 13:54:23.348,1.54858,1.54886,1.00,1.00
2017.06.27 13:54:23.893,1.54857,1.54885,1.00,1.00
2017.06.27 13:54:24.496,1.54858,1.54886,1.00,1.00
2017.06.27 13:54:25.161,1.54857,1.54885,1.00,1.00
2017.06.27 13:54:25.666,1.54856,1.54884,1.00,1.00
2017.06.27 13:54:26.097,1.54856,1.54882,1.00,1.00
2017.06.27 13:54:27.332,1.54854,1.54883,1.00,1.00
2017.06.27 13:54:28.270,1.54854,1.54883,2.17,1.00
2017.06.27 13:54:28.422,1.54854,1.54892,1.60,1.00
2017.06.27 13:54:28.473,1.54855,1.54894,1.70,1.50
2017.06.27 13:54:28.832,1.54863,1.54887,1.00,1.00
2017.06.27 13:54:29.160,1.54866,1.5489,1.00,1.00
2017.06.27 13:54:29.464,1.54867,1.5489,2.10,1.00
2017.06.27 13:54:29.617,1.54868,1.54906,1.67,1.12
2017.06.27 13:54:29.947,1.54867,1.54902,1.42,1.00
2017.06.27 13:54:30.285,1.54871,1.54896,1.00,1.00
2017.06.27 13:54:31.092,1.54869,1.54895,1.00,1.00
2017.06.27 13:54:31.258,1.54864,1.54894,1.00,1.00
2017.06.27 13:54:31.309,1.5486,1.54894,1.75,1.00
2017.06.27 13:54:31.411,1.54864,1.5489,1.00,1.00
2017.06.27 13:54:32.082,1.54864,1.54888,1.00,1.00
2017.06.27 13:54:32.590,1.54863,1.54887,1.00,1.00
2017.06.27 13:54:32.692,1.54863,1.5489,1.00,1.00
2017.06.27 13:54:32.742,1.54862,1.54887,1.00,1.00
2017.06.27 13:54:33.181,1.54865,1.54889,1.00,1.00
2017.06.27 13:54:33.458,1.54867,1.54892,1.00,1.00
2017.06.27 13:54:33.974,1.54863,1.54891,1.00,1.00
2017.06.27 13:54:34.075,1.54866,1.5489,1.00,1.00
2017.06.27 13:54:34.499,1.54865,1.54893,1.60,1.00
2017.06.27 13:54:34.550,1.54864,1.549,1.80,1.00
2017.06.27 13:54:34.701,1.54865,1.54905,2.55,1.57
2017.06.27 13:54:34.752,1.54878,1.54902,1.00,1.00
2017.06.27 13:54:35.055,1.54875,1.54899,1.00,1.00
2017.06.27 13:54:35.367,1.54876,1.54901,1.00,1.00
2017.06.27 13:54:35.912,1.54876,1.549,1.00,1.00
2017.06.27 13:54:36.419,1.54873,1.54892,1.00,1.00
2017.06.27 13:54:36.610,1.54866,1.54888,1.00,1.00
2017.06.27 13:54:36.666,1.54866,1.5489,1.00,1.50
2017.06.27 13:54:36.717,1.54863,1.54889,1.00,1.00
2017.06.27 13:54:37.526,1.54865,1.54891,1.00,1.50
2017.06.27 13:54:37.913,1.54865,1.54889,1.00,1.00
2017.06.27 13:54:38.415,1.54866,1.5489,1.00,1.50
2017.06.27 13:54:38.766,1.54863,1.5489,1.00,1.00
2017.06.27 13:54:38.988,1.54858,1.54891,1.07,1.00
2017.06.27 13:54:39.349,1.54858,1.54895,1.10,1.00
2017.06.27 13:54:39.400,1.54863,1.54889,1.00,1.00
2017.06.27 13:54:39.934,1.54864,1.5489,1.00,1.00
2017.06.27 13:54:40.459,1.54863,1.54889,1.00,1.00
2017.06.27 13:54:41.572,1.54857,1.54892,1.07,1.00
2017.06.27 13:54:41.673,1.54865,1.54888,1.00,1.00
2017.06.27 13:54:41.867,1.54862,1.54886,1.00,1.00
2017.06.27 13:54:41.918,1.5486,1.54886,1.00,1.00
2017.06.27 13:54:42.880,1.54856,1.54895,1.00,2.25
2017.06.27 13:54:42.930,1.54857,1.54889,1.00,1.00
2017.06.27 13:54:44.416,1.54857,1.54888,1.00,1.00
2017.06.27 13:54:44.806,1.54862,1.54888,1.00,1.50
2017.06.27 13:54:46.404,1.54864,1.54886,1.00,1.00
2017.06.27 13:54:46.455,1.54864,1.54888,1.00,1.00
2017.06.27 13:54:46.997,1.54863,1.54888,1.00,1.00
2017.06.27 13:54:47.547,1.54857,1.54887,1.00,1.00
2017.06.27 13:54:48.115,1.54857,1.54886,1.00,1.00
2017.06.27 13:54:48.677,1.54857,1.54888,1.10,1.00
2017.06.27 13:54:49.171,1.54854,1.54885,2.32,1.00
2017.06.27 13:54:49.695,1.54854,1.54886,1.00,1.50
2017.06.27 13:54:50.081,1.54854,1.54882,1.00,1.00
2017.06.27 13:54:50.333,1.54854,1.54885,1.00,1.00
2017.06.27 13:54:50.441,1.54854,1.54882,1.00,1.00
2017.06.27 13:54:50.492,1.54846,1.54879,2.17,1.00
2017.06.27 13:54:50.593,1.54847,1.54881,1.67,1.00
2017.06.27 13:54:50.696,1.54846,1.54879,1.67,1.00
2017.06.27 13:54:51.019,1.54856,1.54878,1.00,1.00
2017.06.27 13:54:51.453,1.54854,1.54889,1.00,1.00
2017.06.27 13:54:51.605,1.54854,1.54884,1.00,1.00
2017.06.27 13:54:52.024,1.54859,1.54884,1.00,1.50
2017.06.27 13:54:53.203,1.54859,1.54882,1.00,1.50
2017.06.27 13:54:53.737,1.54858,1.54881,1.00,1.00
2017.06.27 13:54:54.438,1.54859,1.54881,1.00,1.00
2017.06.27 13:54:55.043,1.54858,1.54882,1.00,1.00
2017.06.27 13:54:55.656,1.54859,1.54881,1.00,1.50
2017.06.27 13:54:56.037,1.54859,1.54879,1.00,1.00
2017.06.27 13:54:56.088,1.54859,1.54881,1.00,1.50
2017.06.27 13:54:57.035,1.54861,1.54881,1.00,1.00
2017.06.27 13:54:57.597,1.5486,1.54881,1.00,1.00
2017.06.27 13:54:57.723,1.5486,1.54883,1.00,1.50
2017.06.27 13:54:58.143,1.5486,1.54881,1.00,1.00
2017.06.27 13:54:58.396,1.54857,1.54879,1.00,1.00
2017.06.27 13:54:58.946,1.54857,1.54878,1.00,1.00
2017.06.27 13:54:59.250,1.54857,1.5488,1.00,1.50
2017.06.27 13:54:59.301,1.54855,1.5488,1.00,1.50
2017.06.27 13:54:59.554,1.54856,1.54878,1.00,1.00
2017.06.27 13:55:00.524,1.54856,1.54879,1.00,1.00
2017.06.27 13:55:00.891,1.54856,1.54877,1.00,1.00
2017.06.27 13:55:00.993,1.54856,1.54879,1.00,1.00
2017.06.27 13:55:01.195,1.54856,1.54881,1.00,1.00
2017.06.27 13:55:01.246,1.54858,1.54881,1.00,1.00
2017.06.27 13:55:01.726,1.5485,1.54889,2.17,1.00
2017.06.27 13:55:02.266,1.54848,1.54889,1.67,1.00
2017.06.27 13:55:02.792,1.54847,1.54888,1.80,1.10
2017.06.27 13:55:03.256,1.54857,1.5488,1.00,1.00
2017.06.27 13:55:03.756,1.54847,1.54887,1.80,1.00
2017.06.27 13:55:04.294,1.54847,1.54883,1.05,1.00
2017.06.27 13:55:04.615,1.54847,1.54886,3.30,1.50
2017.06.27 13:55:05.230,1.54847,1.54887,3.30,1.00
2017.06.27 13:55:05.659,1.54856,1.54879,1.00,1.00
2017.06.27 13:55:06.128,1.54842,1.54881,1.67,1.00
2017.06.27 13:55:06.289,1.54842,1.54882,1.42,1.67
2017.06.27 13:55:06.391,1.5484,1.54877,1.75,1.00
2017.06.27 13:55:06.771,1.54847,1.54872,1.00,1.00
2017.06.27 13:55:07.583,1.54838,1.54877,1.80,1.00
2017.06.27 13:55:08.414,1.54838,1.54876,1.80,1.00
2017.06.27 13:55:09.374,1.54838,1.54877,1.80,1.00
2017.06.27 13:55:09.591,1.54847,1.54871,1.00,1.00
2017.06.27 13:55:09.717,1.54838,1.54877,1.80,1.00
2017.06.27 13:55:09.958,1.54838,1.54877,2.17,1.00
2017.06.27 13:55:11.018,1.54838,1.54877,2.17,1.00
2017.06.27 13:55:11.357,1.54841,1.54876,1.67,1.00
2017.06.27 13:55:11.407,1.54844,1.54878,1.60,1.00
2017.06.27 13:55:11.458,1.54844,1.54881,1.80,1.00
2017.06.27 13:55:11.612,1.54845,1.54883,1.05,1.12
2017.06.27 13:55:11.815,1.54844,1.54885,4.05,1.50
2017.06.27 13:55:11.866,1.54846,1.54885,1.05,1.50
2017.06.27 13:55:12.060,1.54846,1.54888,1.80,1.35
2017.06.27 13:55:12.436,1.54844,1.5488,1.57,1.37
2017.06.27 13:55:13.021,1.54844,1.5488,1.00,1.95
2017.06.27 13:55:13.379,1.54844,1.5488,1.00,1.10
2017.06.27 13:55:13.430,1.54842,1.54879,1.42,1.00
2017.06.27 13:55:13.481,1.54843,1.54883,2.85,1.00
2017.06.27 13:55:13.865,1.54851,1.54887,1.05,1.57
2017.06.27 13:55:14.066,1.54856,1.5489,1.35,1.00
2017.06.27 13:55:14.607,1.54857,1.54891,1.00,1.00
2017.06.27 13:55:14.994,1.54852,1.54887,1.20,1.00
2017.06.27 13:55:15.245,1.54851,1.54891,1.80,1.57
2017.06.27 13:55:15.296,1.54851,1.54886,1.80,1.00
2017.06.27 13:55:15.784,1.54849,1.54887,1.00,1.10
2017.06.27 13:55:15.885,1.5485,1.54885,1.00,1.00
2017.06.27 13:55:15.936,1.5485,1.54888,1.00,1.00
2017.06.27 13:55:16.037,1.5485,1.54892,1.00,2.92
2017.06.27 13:55:16.209,1.5485,1.54886,1.00,1.00
2017.06.27 13:55:16.752,1.54851,1.54887,1.00,1.00
2017.06.27 13:55:17.056,1.54861,1.54884,1.00,1.00
2017.06.27 13:55:17.491,1.54859,1.54883,1.00,1.00
2017.06.27 13:55:17.693,1.54858,1.54881,1.00,1.00
2017.06.27 13:55:17.996,1.5486,1.54883,1.00,1.00
2017.06.27 13:55:18.768,1.54859,1.54882,1.00,1.00
2017.06.27 13:55:19.784,1.5486,1.54883,1.00,1.00
2017.06.27 13:55:20.153,1.54861,1.54877,1.00,1.00
2017.06.27 13:55:20.305,1.54837,1.54875,1.72,1.00
2017.06.27 13:55:20.407,1.54843,1.54877,1.30,1.00
2017.06.27 13:55:20.457,1.54845,1.5488,2.47,1.07
2017.06.27 13:55:20.508,1.54847,1.54883,1.80,1.07
2017.06.27 13:55:21.506,1.54858,1.54881,1.00,1.10
2017.06.27 13:55:22.033,1.54858,1.54881,1.00,1.07
2017.06.27 13:55:22.443,1.54854,1.54886,1.00,1.10
2017.06.27 13:55:22.545,1.54858,1.54883,1.00,1.00
2017.06.27 13:55:23.852,1.54858,1.54885,1.00,1.00
2017.06.27 13:55:24.514,1.5485,1.54886,1.35,1.00
2017.06.27 13:55:24.665,1.54855,1.54889,1.00,1.07
2017.06.27 13:55:24.716,1.54855,1.54889,1.00,1.00
2017.06.27 13:55:24.817,1.54854,1.54886,1.00,1.00
2017.06.27 13:55:25.019,1.54855,1.54888,1.00,1.00
2017.06.27 13:55:26.200,1.54854,1.54888,1.00,1.00
2017.06.27 13:55:26.802,1.54855,1.54888,1.00,1.00
2017.06.27 13:55:26.852,1.54867,1.5489,1.00,1.00
2017.06.27 13:55:27.054,1.54862,1.54894,1.60,1.00
2017.06.27 13:55:27.105,1.54863,1.54896,1.35,1.00
2017.06.27 13:55:27.462,1.5487,1.54895,1.00,1.00
2017.06.27 13:55:27.768,1.5487,1.54889,1.00,1.00
2017.06.27 13:55:27.920,1.5487,1.54891,1.00,1.00
2017.06.27 13:55:28.113,1.54868,1.54886,1.00,1.00
2017.06.27 13:55:28.214,1.54853,1.54886,2.85,1.00
2017.06.27 13:55:28.366,1.54854,1.5489,2.25,1.50
2017.06.27 13:55:28.467,1.54853,1.54887,1.50,1.00
2017.06.27 13:55:28.670,1.54853,1.54882,1.00,1.00
2017.06.27 13:55:28.771,1.54854,1.54888,1.00,1.00
2017.06.27 13:55:29.037,1.54853,1.54891,1.57,1.50
2017.06.27 13:55:29.087,1.54862,1.54887,1.00,1.00
2017.06.27 13:55:29.511,1.54862,1.54883,1.00,1.00
2017.06.27 13:55:30.135,1.54862,1.54884,1.00,1.00
2017.06.27 13:55:30.442,1.54861,1.54882,1.00,1.00
2017.06.27 13:55:30.766,1.54859,1.54882,1.00,1.00
2017.06.27 13:55:30.868,1.54857,1.5488,1.00,1.00
2017.06.27 13:55:31.169,1.5486,1.54881,1.00,1.00
2017.06.27 13:55:31.372,1.54858,1.5488,1.00,1.00
2017.06.27 13:55:31.892,1.54858,1.54881,1.00,1.50
2017.06.27 13:55:32.354,1.54858,1.54879,1.00,1.00
2017.06.27 13:55:32.657,1.54848,1.54879,1.00,1.00
2017.06.27 13:55:33.015,1.54844,1.54877,1.67,1.00
2017.06.27 13:55:33.116,1.54845,1.54879,1.70,1.00
2017.06.27 13:55:33.412,1.54844,1.54879,1.42,1.00
2017.06.27 13:55:33.463,1.54857,1.54877,1.00,1.00
2017.06.27 13:55:33.514,1.54853,1.54877,1.00,1.00
2017.06.27 13:55:33.931,1.54842,1.54877,1.60,1.00
2017.06.27 13:55:34.033,1.54842,1.54876,1.95,1.00
2017.06.27 13:55:34.083,1.54843,1.54874,1.00,1.00
2017.06.27 13:55:34.387,1.54854,1.54874,1.00,1.00
2017.06.27 13:55:34.893,1.54854,1.54875,1.00,1.00
2017.06.27 13:55:35.216,1.54854,1.54872,1.00,1.00
2017.06.27 13:55:35.570,1.54837,1.54875,3.07,1.50
2017.06.27 13:55:36.423,1.54836,1.54866,1.45,1.00
2017.06.27 13:55:36.524,1.54833,1.54864,1.95,1.00
2017.06.27 13:55:37.027,1.54834,1.54865,1.82,1.00
2017.06.27 13:55:37.317,1.54832,1.54863,2.92,1.00
2017.06.27 13:55:37.677,1.5484,1.54863,1.00,1.50
2017.06.27 13:55:37.994,1.54843,1.54867,1.00,1.00
2017.06.27 13:55:38.228,1.54844,1.54869,1.00,1.00
2017.06.27 13:55:38.380,1.54844,1.54864,1.00,1.00
2017.06.27 13:55:38.532,1.54844,1.54869,1.00,1.00
2017.06.27 13:55:38.633,1.54831,1.54872,1.67,1.50
2017.06.27 13:55:38.778,1.54832,1.54867,1.67,1.00
2017.06.27 13:55:39.081,1.54843,1.54866,1.00,1.00
2017.06.27 13:55:39.802,1.54844,1.54869,1.00,1.00
2017.06.27 13:55:40.207,1.54835,1.54869,1.05,1.00
2017.06.27 13:55:40.258,1.54836,1.54867,1.67,1.00
2017.06.27 13:55:40.599,1.54836,1.54869,2.17,1.00
2017.06.27 13:55:41.022,1.54845,1.5487,1.00,1.50
2017.06.27 13:55:41.388,1.54845,1.54868,1.00,1.00
2017.06.27 13:55:41.722,1.54866,1.54871,1.00,1.00
2017.06.27 13:55:41.824,1.54855,1.54871,1.07,1.00
2017.06.27 13:55:41.976,1.54852,1.54871,1.95,1.00
2017.06.27 13:55:42.077,1.54854,1.54887,1.57,1.00
2017.06.27 13:55:42.178,1.54854,1.54894,1.42,1.00
2017.06.27 13:55:42.229,1.54856,1.54893,1.50,1.00
2017.06.27 13:55:42.514,1.54855,1.54895,1.60,1.00
2017.06.27 13:55:42.767,1.54855,1.54896,1.80,1.00
2017.06.27 13:55:43.070,1.54863,1.549,1.80,1.00
2017.06.27 13:55:43.632,1.54865,1.54899,1.05,1.00
2017.06.27 13:55:44.160,1.54864,1.54901,1.67,1.00
2017.06.27 13:55:44.700,1.54868,1.54901,1.07,1.00
2017.06.27 13:55:44.852,1.54866,1.549,1.07,1.00
2017.06.27 13:55:44.903,1.54875,1.54898,1.00,1.00
2017.06.27 13:55:44.953,1.54873,1.54899,1.00,1.50
2017.06.27 13:55:45.055,1.54872,1.54896,1.00,1.00
2017.06.27 13:55:46.110,1.54871,1.54894,1.00,1.00
2017.06.27 13:55:46.664,1.54872,1.54895,1.00,1.00
2017.06.27 13:55:47.566,1.5487,1.54896,1.00,1.50
2017.06.27 13:55:47.617,1.54872,1.54896,1.00,1.00
2017.06.27 13:55:48.599,1.54872,1.54895,1.00,1.00
2017.06.27 13:55:49.131,1.54873,1.54896,1.00,1.00
2017.06.27 13:55:49.937,1.54873,1.54897,1.00,1.00
2017.06.27 13:55:50.289,1.54875,1.54898,1.00,1.00
2017.06.27 13:55:50.352,1.54874,1.54908,1.00,1.00
2017.06.27 13:55:50.402,1.54874,1.54904,1.00,1.00
2017.06.27 13:55:50.454,1.54871,1.54904,1.00,1.00
2017.06.27 13:55:50.505,1.54866,1.54904,1.60,1.00
2017.06.27 13:55:50.606,1.54875,1.54898,1.00,1.00
2017.06.27 13:55:50.910,1.54873,1.54896,1.00,1.00
2017.06.27 13:55:51.112,1.5487,1.54903,1.35,1.00
2017.06.27 13:55:51.464,1.54874,1.54902,1.00,1.00
2017.06.27 13:55:51.717,1.54874,1.54907,1.00,1.00
2017.06.27 13:55:51.768,1.54873,1.54909,1.67,1.00
2017.06.27 13:55:51.818,1.54879,1.54906,1.00,1.00
2017.06.27 13:55:51.920,1.54874,1.54911,1.07,1.00
2017.06.27 13:55:51.971,1.54874,1.54913,1.20,1.00
2017.06.27 13:55:52.022,1.54884,1.54909,1.00,1.00
2017.06.27 13:55:52.364,1.54886,1.54909,1.00,1.00
2017.06.27 13:55:52.668,1.54886,1.54906,1.00,1.00
2017.06.27 13:55:52.771,1.54886,1.54908,1.00,1.00
2017.06.27 13:55:53.293,1.54886,1.54909,1.00,1.50
2017.06.27 13:55:53.396,1.54886,1.54906,1.00,1.00
2017.06.27 13:55:53.447,1.54885,1.54908,1.00,1.50
2017.06.27 13:55:53.965,1.54885,1.54909,1.00,1.00
2017.06.27 13:55:54.418,1.54887,1.54912,1.00,1.00
2017.06.27 13:55:54.469,1.54889,1.54914,1.00,1.00
2017.06.27 13:55:54.873,1.54889,1.54912,1.00,1.00
2017.06.27 13:55:54.924,1.54889,1.54914,1.00,1.50
2017.06.27 13:55:55.442,1.54889,1.54913,1.00,1.00
2017.06.27 13:55:55.594,1.54883,1.54914,1.10,1.00
2017.06.27 13:55:55.646,1.54883,1.54912,1.10,1.00
2017.06.27 13:55:55.979,1.54889,1.54912,1.00,1.00
2017.06.27 13:55:56.512,1.54889,1.54913,1.00,1.00
2017.06.27 13:55:56.955,1.54887,1.54912,1.00,1.00
2017.06.27 13:55:57.885,1.54888,1.54912,1.00,1.00
2017.06.27 13:55:58.544,1.54886,1.54912,1.00,1.00
2017.06.27 13:55:58.726,1.54875,1.54913,2.55,1.00
2017.06.27 13:55:58.777,1.54886,1.54911,1.00,1.00
2017.06.27 13:55:59.518,1.54888,1.54912,1.00,1.00
2017.06.27 13:55:59.653,1.54889,1.54915,1.00,1.00
2017.06.27 13:55:59.876,1.54889,1.5491,1.00,1.00
2017.06.27 13:55:59.927,1.54889,1.54915,1.00,1.50
2017.06.27 13:56:00.180,1.54885,1.54913,1.00,1.00
2017.06.27 13:56:00.635,1.54884,1.54911,1.50,1.00
2017.06.27 13:56:02.515,1.54886,1.54914,1.00,1.00
2017.06.27 13:56:03.560,1.54885,1.54912,1.00,1.00
2017.06.27 13:56:04.771,1.54886,1.54913,1.00,1.00
2017.06.27 13:56:05.122,1.5489,1.54913,1.00,1.00
2017.06.27 13:56:05.424,1.54892,1.54915,1.00,1.00
2017.06.27 13:56:06.407,1.54892,1.54914,1.00,1.00
2017.06.27 13:56:06.458,1.54888,1.54911,1.00,1.00
2017.06.27 13:56:06.559,1.54883,1.54907,1.00,1.00
2017.06.27 13:56:07.574,1.54883,1.54906,1.00,1.00
2017.06.27 13:56:08.081,1.54884,1.54906,1.00,1.00
2017.06.27 13:56:08.584,1.54884,1.54907,1.10,1.00
2017.06.27 13:56:08.636,1.54886,1.54909,1.00,1.00
2017.06.27 13:56:08.783,1.54876,1.54912,1.00,1.00
2017.06.27 13:56:08.834,1.54876,1.54915,1.00,1.42
2017.06.27 13:56:09.130,1.54883,1.54913,1.00,1.00
2017.06.27 13:56:09.384,1.54884,1.54916,1.00,1.00
2017.06.27 13:56:09.537,1.54891,1.54914,1.00,1.00
2017.06.27 13:56:09.842,1.54889,1.54912,1.00,1.00
2017.06.27 13:56:10.718,1.54888,1.54911,1.00,1.00
2017.06.27 13:56:12.162,1.54886,1.54911,1.00,1.00
2017.06.27 13:56:12.670,1.54885,1.5491,1.00,1.00
2017.06.27 13:56:14.234,1.54888,1.54911,1.00,1.00
2017.06.27 13:56:14.691,1.54888,1.54906,1.00,1.00
2017.06.27 13:56:15.225,1.54887,1.54906,1.00,1.00
2017.06.27 13:56:15.726,1.54887,1.5491,1.00,1.00
2017.06.27 13:56:15.776,1.54887,1.54903,1.00,1.00
2017.06.27 13:56:15.979,1.54874,1.54904,1.67,1.00
2017.06.27 13:56:16.080,1.54884,1.54903,1.00,1.00
2017.06.27 13:56:17.114,1.54884,1.54902,1.00,1.00
2017.06.27 13:56:17.165,1.54882,1.54902,1.00,1.00
2017.06.27 13:56:17.317,1.5488,1.54902,1.00,1.00
2017.06.27 13:56:17.738,1.5488,1.54904,1.00,1.50
2017.06.27 13:56:18.413,1.54881,1.54904,1.00,1.00
2017.06.27 13:56:18.985,1.54881,1.54903,1.00,1.00
2017.06.27 13:56:19.450,1.54882,1.54901,1.00,1.00
2017.06.27 13:56:19.501,1.54879,1.549,1.00,1.00
2017.06.27 13:56:19.552,1.54878,1.54898,1.00,1.00
2017.06.27 13:56:19.696,1.54878,1.549,1.00,1.00
2017.06.27 13:56:19.967,1.54878,1.54898,1.00,1.00
2017.06.27 13:56:20.220,1.54876,1.54902,1.35,1.00
2017.06.27 13:56:20.271,1.54882,1.54904,1.00,1.50
2017.06.27 13:56:20.322,1.54883,1.54907,1.00,1.00
2017.06.27 13:56:20.474,1.54883,1.54904,1.50,1.00
2017.06.27 13:56:20.525,1.54883,1.54906,1.50,1.00
2017.06.27 13:56:21.081,1.54883,1.54905,1.50,1.00
2017.06.27 13:56:21.284,1.54885,1.54905,1.00,1.00
2017.06.27 13:56:21.845,1.54884,1.54904,1.00,1.00
2017.06.27 13:56:22.505,1.54884,1.54905,1.00,1.00
2017.06.27 13:56:22.909,1.54876,1.54905,1.42,1.00
2017.06.27 13:56:23.562,1.54876,1.54905,1.42,1.00
2017.06.27 13:56:23.613,1.54884,1.54905,1.00,1.00
2017.06.27 13:56:24.155,1.54884,1.54906,1.00,1.00
2017.06.27 13:56:24.699,1.54884,1.54905,1.00,1.00
2017.06.27 13:56:25.218,1.54884,1.54908,1.00,1.00
2017.06.27 13:56:25.805,1.54884,1.54907,1.50,1.00
2017.06.27 13:56:25.856,1.54886,1.54907,1.00,1.00
2017.06.27 13:56:26.406,1.54886,1.54909,1.00,1.50
2017.06.27 13:56:27.648,1.54884,1.54909,1.00,1.00
2017.06.27 13:56:28.166,1.54884,1.54911,1.00,1.00
2017.06.27 13:56:28.267,1.54887,1.5491,1.00,1.00
2017.06.27 13:56:28.779,1.54888,1.5491,1.00,1.00
2017.06.27 13:56:28.830,1.54891,1.54914,1.00,1.00
2017.06.27 13:56:28.881,1.54893,1.54916,1.00,1.00
2017.06.27 13:56:29.386,1.54892,1.54916,1.00,1.50
2017.06.27 13:56:29.928,1.54892,1.54915,1.00,1.00
2017.06.27 13:56:30.646,1.54891,1.54914,1.00,1.00
2017.06.27 13:56:31.670,1.54893,1.54917,1.60,1.00
2017.06.27 13:56:32.119,1.54894,1.54928,1.00,1.50
2017.06.27 13:56:32.271,1.54894,1.54923,1.00,1.00
2017.06.27 13:56:32.486,1.54895,1.54931,1.00,1.00
2017.06.27 13:56:32.757,1.549,1.54926,1.00,1.00
2017.06.27 13:56:33.111,1.54903,1.54926,1.00,1.00
2017.06.27 13:56:33.260,1.549,1.54926,1.00,1.50
2017.06.27 13:56:33.778,1.549,1.54925,1.00,1.00
2017.06.27 13:56:33.981,1.54895,1.54926,1.67,1.00
2017.06.27 13:56:34.284,1.54902,1.54926,1.00,1.00
2017.06.27 13:56:35.110,1.54902,1.54928,1.00,1.50
2017.06.27 13:56:35.565,1.54895,1.54927,1.67,1.00
2017.06.27 13:56:36.173,1.54895,1.54926,1.80,1.00
2017.06.27 13:56:36.224,1.54895,1.54928,1.67,1.00
2017.06.27 13:56:36.325,1.54904,1.54927,1.00,1.00
2017.06.27 13:56:36.377,1.54904,1.54929,1.00,1.00
2017.06.27 13:56:36.428,1.54905,1.54921,1.00,1.00
2017.06.27 13:56:36.479,1.549,1.54921,1.00,1.00
2017.06.27 13:56:36.683,1.54897,1.54919,1.00,1.00
2017.06.27 13:56:36.936,1.54897,1.54922,1.00,1.00
2017.06.27 13:56:37.038,1.54899,1.54922,1.00,1.00
2017.06.27 13:56:37.546,1.54898,1.54922,1.00,1.00
2017.06.27 13:56:37.957,1.549,1.54922,1.00,1.00
2017.06.27 13:56:38.363,1.54899,1.54925,1.00,1.00
2017.06.27 13:56:38.491,1.54902,1.54926,1.00,1.00
2017.06.27 13:56:38.643,1.54896,1.54926,1.00,1.00
2017.06.27 13:56:39.147,1.54895,1.54926,1.00,1.00
2017.06.27 13:56:39.349,1.54902,1.54925,1.00,1.50
2017.06.27 13:56:39.870,1.54901,1.54925,1.00,1.00
2017.06.27 13:56:40.263,1.54903,1.54926,1.00,1.50
2017.06.27 13:56:40.775,1.54904,1.54926,1.00,1.00
2017.06.27 13:56:41.023,1.54902,1.54925,1.00,1.50
2017.06.27 13:56:41.859,1.54902,1.54924,1.00,1.00
2017.06.27 13:56:42.406,1.54901,1.54922,1.00,1.00
2017.06.27 13:56:42.709,1.54894,1.54911,1.00,1.00
2017.06.27 13:56:42.760,1.54888,1.54911,1.00,1.00
2017.06.27 13:56:43.270,1.54888,1.5491,1.00,1.00
2017.06.27 13:56:43.842,1.54884,1.54911,1.00,1.00
2017.06.27 13:56:44.951,1.5489,1.54911,1.00,1.00
2017.06.27 13:56:45.145,1.54901,1.54924,1.00,1.00
2017.06.27 13:56:45.651,1.54901,1.54923,1.00,1.00
2017.06.27 13:56:46.252,1.549,1.54923,1.00,1.00
2017.06.27 13:56:46.872,1.549,1.54922,1.00,1.00
2017.06.27 13:56:47.555,1.549,1.54923,1.00,1.00
2017.06.27 13:56:48.493,1.54899,1.54923,1.00,1.00
2017.06.27 13:56:49.025,1.54899,1.54924,1.00,1.00
2017.06.27 13:56:49.553,1.549,1.54924,1.00,1.00
2017.06.27 13:56:50.506,1.549,1.54923,1.00,1.00
2017.06.27 13:56:50.709,1.54894,1.54923,1.12,1.00
2017.06.27 13:56:51.493,1.54894,1.54924,1.00,1.00
2017.06.27 13:56:52.127,1.54894,1.54922,1.00,1.00
2017.06.27 13:56:52.432,1.54891,1.54915,1.00,1.00
2017.06.27 13:56:52.949,1.54894,1.54915,1.00,1.00
2017.06.27 13:56:53.545,1.54895,1.54917,1.00,1.00
2017.06.27 13:56:54.312,1.54895,1.54918,1.00,1.50
2017.06.27 13:56:54.464,1.54894,1.54916,1.50,1.00
2017.06.27 13:56:54.974,1.54895,1.54917,1.00,1.00
2017.06.27 13:56:55.292,1.54892,1.54914,1.00,1.00
2017.06.27 13:56:55.646,1.54895,1.54916,1.00,1.00
2017.06.27 13:56:55.849,1.54895,1.5492,1.00,1.00
2017.06.27 13:56:55.899,1.54894,1.54917,1.00,1.00
2017.06.27 13:56:56.211,1.54894,1.54923,1.00,1.00
2017.06.27 13:56:56.262,1.54897,1.54925,1.35,1.00
2017.06.27 13:56:56.811,1.54898,1.54924,1.00,1.00
2017.06.27 13:56:57.113,1.54903,1.54921,1.00,1.00
2017.06.27 13:56:57.165,1.54903,1.54924,1.00,1.00
2017.06.27 13:56:57.216,1.54901,1.54922,1.00,1.00
2017.06.27 13:56:57.726,1.54901,1.54921,1.00,1.00
2017.06.27 13:56:58.280,1.549,1.54921,1.00,1.00
2017.06.27 13:56:58.626,1.54902,1.54923,1.00,1.00
2017.06.27 13:56:59.001,1.54902,1.54925,1.00,1.00
2017.06.27 13:56:59.052,1.54904,1.54925,1.00,1.00
2017.06.27 13:57:00.039,1.54903,1.54926,1.00,1.00
2017.06.27 13:57:00.560,1.54903,1.54927,1.00,1.00
2017.06.27 13:57:01.103,1.54903,1.54926,1.00,1.00
2017.06.27 13:57:01.415,1.54895,1.54926,1.35,1.00
2017.06.27 13:57:02.116,1.54895,1.54926,1.72,1.00
2017.06.27 13:57:02.459,1.54905,1.54925,1.00,1.00
2017.06.27 13:57:03.590,1.54905,1.54926,1.00,1.00
2017.06.27 13:57:04.943,1.54905,1.54925,1.00,1.00
2017.06.27 13:57:05.488,1.54905,1.54926,1.00,1.00
2017.06.27 13:57:06.086,1.54906,1.54926,1.00,1.00
2017.06.27 13:57:06.440,1.54906,1.54921,1.00,1.00
2017.06.27 13:57:06.542,1.54901,1.5492,1.00,1.00
2017.06.27 13:57:06.794,1.54898,1.54921,1.00,1.50
2017.06.27 13:57:06.998,1.54894,1.54923,1.35,1.00
2017.06.27 13:57:07.522,1.54894,1.54924,1.35,1.00
2017.06.27 13:57:08.162,1.54894,1.54923,1.35,1.00
2017.06.27 13:57:09.871,1.54894,1.54922,1.35,1.00
2017.06.27 13:57:09.972,1.54901,1.54922,1.00,1.00
2017.06.27 13:57:11.108,1.54901,1.54923,1.00,1.50
2017.06.27 13:57:11.210,1.54899,1.54922,1.00,1.00
2017.06.27 13:57:11.412,1.54897,1.54921,1.00,1.50
2017.06.27 13:57:11.766,1.54897,1.54919,1.00,1.00
2017.06.27 13:57:12.042,1.54893,1.54917,1.00,1.00
2017.06.27 13:57:12.194,1.54897,1.54916,1.00,1.00
2017.06.27 13:57:12.346,1.54893,1.54913,1.00,1.00
2017.06.27 13:57:12.447,1.54896,1.54917,1.00,1.00
2017.06.27 13:57:12.959,1.54895,1.54917,1.00,1.00
2017.06.27 13:57:13.494,1.54895,1.54918,1.00,1.00
2017.06.27 13:57:13.987,1.54895,1.54916,1.00,1.00
2017.06.27 13:57:14.696,1.54896,1.54917,1.00,1.00
2017.06.27 13:57:15.321,1.54895,1.54917,1.00,1.00
2017.06.27 13:57:15.852,1.54895,1.54916,1.00,1.00
2017.06.27 13:57:16.387,1.54895,1.54915,1.00,1.00
2017.06.27 13:57:16.921,1.54895,1.54916,1.00,1.00
2017.06.27 13:57:17.200,1.54885,1.54916,1.97,1.00
2017.06.27 13:57:17.443,1.5489,1.54915,1.42,1.00
2017.06.27 13:57:17.545,1.549,1.54923,1.00,1.00
2017.06.27 13:57:17.596,1.549,1.5492,1.00,1.00
2017.06.27 13:57:17.647,1.54904,1.54928,1.00,1.37
2017.06.27 13:57:17.748,1.54904,1.54929,1.00,1.50
2017.06.27 13:57:17.850,1.54907,1.5493,1.00,1.50
2017.06.27 13:57:18.362,1.54907,1.54929,1.00,1.00
2017.06.27 13:57:18.949,1.54907,1.5493,1.00,1.50
2017.06.27 13:57:19.276,1.54908,1.5493,1.60,1.00
2017.06.27 13:57:19.328,1.54914,1.54935,1.00,1.00
2017.06.27 13:57:19.379,1.54915,1.54937,1.00,1.00
2017.06.27 13:57:19.531,1.54915,1.5494,1.35,1.00
2017.06.27 13:57:19.582,1.54918,1.54941,1.00,1.50
2017.06.27 13:57:20.180,1.54918,1.5494,1.00,1.00
2017.06.27 13:57:20.332,1.54916,1.54939,1.00,1.00
2017.06.27 13:57:21.518,1.54911,1.54939,2.85,1.00
2017.06.27 13:57:21.733,1.54915,1.54939,1.00,1.00
2017.06.27 13:57:22.057,1.54917,1.5494,1.00,1.00
2017.06.27 13:57:22.588,1.54917,1.54941,1.00,1.00
2017.06.27 13:57:23.775,1.54918,1.54941,1.00,1.00
2017.06.27 13:57:24.166,1.54918,1.54943,1.00,1.00
2017.06.27 13:57:24.814,1.54918,1.54942,1.00,1.00
2017.06.27 13:57:25.333,1.54918,1.54941,1.00,1.00
2017.06.27 13:57:25.909,1.54918,1.54942,1.00,1.00
2017.06.27 13:57:26.423,1.54918,1.54943,1.00,1.50
2017.06.27 13:57:26.474,1.54918,1.54939,1.00,1.00
2017.06.27 13:57:26.525,1.54918,1.54941,1.00,1.00
2017.06.27 13:57:26.728,1.54913,1.54942,1.00,1.00
2017.06.27 13:57:27.982,1.5491,1.5494,2.10,1.00
2017.06.27 13:57:28.297,1.54913,1.54935,1.00,1.00
2017.06.27 13:57:28.858,1.5491,1.54935,1.00,1.00
2017.06.27 13:57:30.115,1.5491,1.54934,1.00,1.00
2017.06.27 13:57:30.318,1.54909,1.54936,1.35,1.50
2017.06.27 13:57:30.542,1.54911,1.54936,1.00,1.00
2017.06.27 13:57:30.964,1.54911,1.54934,1.00,1.00
2017.06.27 13:57:31.015,1.54911,1.54937,1.00,1.00
2017.06.27 13:57:31.268,1.5491,1.54934,1.00,1.00
2017.06.27 13:57:31.611,1.54909,1.54932,1.00,1.00
2017.06.27 13:57:31.662,1.54909,1.54934,1.00,1.00
2017.06.27 13:57:32.225,1.54909,1.54932,1.00,1.00
2017.06.27 13:57:32.377,1.54907,1.54933,1.35,1.00
2017.06.27 13:57:32.884,1.54908,1.54933,1.00,1.00
2017.06.27 13:57:33.426,1.54908,1.54934,1.00,1.00
2017.06.27 13:57:33.981,1.54908,1.54933,1.00,1.00
2017.06.27 13:57:34.530,1.54908,1.54932,1.00,1.00
2017.06.27 13:57:34.633,1.54908,1.54934,1.00,1.00
2017.06.27 13:57:35.077,1.54908,1.54935,1.60,1.50
2017.06.27 13:57:35.381,1.54916,1.54939,1.00,1.50
2017.06.27 13:57:36.384,1.54916,1.54933,1.00,1.00
2017.06.27 13:57:36.485,1.54914,1.54934,1.00,1.00
2017.06.27 13:57:36.637,1.54914,1.54932,1.00,1.00
2017.06.27 13:57:36.739,1.54914,1.54937,1.00,1.50
2017.06.27 13:57:36.790,1.54914,1.54935,1.00,1.00
2017.06.27 13:57:36.841,1.54912,1.54935,1.00,1.00
2017.06.27 13:57:37.393,1.54912,1.54936,1.00,1.00
2017.06.27 13:57:38.073,1.54912,1.54935,1.00,1.00
2017.06.27 13:57:38.773,1.54912,1.54936,1.00,1.00
2017.06.27 13:57:39.605,1.54912,1.54935,1.00,1.00
2017.06.27 13:57:40.176,1.54911,1.54934,1.00,1.00
2017.06.27 13:57:41.119,1.5491,1.54936,1.00,1.50
2017.06.27 13:57:41.726,1.5491,1.54935,1.00,1.00
2017.06.27 13:57:42.094,1.54912,1.54935,1.00,1.00
2017.06.27 13:57:42.551,1.54912,1.54938,1.00,1.00
2017.06.27 13:57:42.703,1.54912,1.54936,1.00,1.00
2017.06.27 13:57:42.754,1.54912,1.54938,1.00,1.00
2017.06.27 13:57:43.377,1.54913,1.54938,1.00,1.00
2017.06.27 13:57:47.620,1.54914,1.54938,1.50,1.00
2017.06.27 13:57:48.197,1.54915,1.54938,1.00,1.00
2017.06.27 13:57:48.727,1.54915,1.54939,1.00,1.00
2017.06.27 13:57:48.879,1.54913,1.54948,1.35,1.12
2017.06.27 13:57:49.501,1.54913,1.54947,1.35,1.00
2017.06.27 13:57:49.957,1.54909,1.54943,2.17,1.00
2017.06.27 13:57:50.007,1.5491,1.54945,1.60,1.00
2017.06.27 13:57:50.058,1.5491,1.54945,1.60,1.00
2017.06.27 13:57:50.272,1.5491,1.54947,1.60,1.50
2017.06.27 13:57:50.525,1.54913,1.54938,1.00,1.00
2017.06.27 13:57:51.745,1.54914,1.54938,1.00,1.00
2017.06.27 13:57:52.984,1.5491,1.54938,2.10,1.00
2017.06.27 13:57:54.169,1.5491,1.54937,1.60,1.00
2017.06.27 13:57:55.256,1.54909,1.54937,1.00,1.00
2017.06.27 13:57:55.746,1.54913,1.54937,1.00,1.00
2017.06.27 13:57:55.848,1.54913,1.54939,1.00,1.00
2017.06.27 13:57:56.724,1.54913,1.54938,1.00,1.00
2017.06.27 13:57:57.225,1.54912,1.54938,1.00,1.00
2017.06.27 13:57:57.420,1.54916,1.5494,1.00,1.00
2017.06.27 13:57:57.723,1.54918,1.54941,1.35,1.00
2017.06.27 13:57:58.490,1.54918,1.54944,1.35,1.00
2017.06.27 13:57:58.743,1.54918,1.54944,1.60,1.00
2017.06.27 13:57:59.163,1.54916,1.54947,1.67,1.00
2017.06.27 13:57:59.753,1.54915,1.54948,1.67,1.00
2017.06.27 13:58:00.154,1.54916,1.54946,1.67,1.00
2017.06.27 13:58:00.499,1.54921,1.54944,1.00,1.00
2017.06.27 13:58:00.783,1.54922,1.54946,1.00,1.00
2017.06.27 13:58:02.144,1.54921,1.54946,1.00,1.00
2017.06.27 13:58:03.973,1.54922,1.54946,1.00,1.00
2017.06.27 13:58:04.532,1.54921,1.54946,1.00,1.50
2017.06.27 13:58:05.544,1.54921,1.54944,1.00,1.00
2017.06.27 13:58:06.462,1.54921,1.54941,1.00,1.00
2017.06.27 13:58:06.513,1.54919,1.54942,1.00,1.50
2017.06.27 13:58:07.182,1.54918,1.54941,1.00,1.50
2017.06.27 13:58:10.268,1.54918,1.5494,1.00,1.00
2017.06.27 13:58:10.320,1.54915,1.5494,1.00,1.50
2017.06.27 13:58:10.371,1.54915,1.54938,1.00,1.00
2017.06.27 13:58:10.423,1.54913,1.54937,1.00,1.50
2017.06.27 13:58:11.400,1.54913,1.54936,1.00,1.00
2017.06.27 13:58:11.506,1.54909,1.54932,1.00,1.00
2017.06.27 13:58:11.658,1.54906,1.5493,1.00,1.00
2017.06.27 13:58:12.466,1.54906,1.54929,1.00,1.00
2017.06.27 13:58:13.017,1.54906,1.5493,1.00,1.50
2017.06.27 13:58:13.383,1.54906,1.54928,1.00,1.00
2017.06.27 13:58:13.484,1.54903,1.54926,1.00,1.00
2017.06.27 13:58:13.535,1.54903,1.54924,1.00,1.00
2017.06.27 13:58:14.027,1.54897,1.54924,1.35,1.00
2017.06.27 13:58:14.275,1.54897,1.54928,1.35,2.25
2017.06.27 13:58:14.326,1.54896,1.54921,2.10,1.00
2017.06.27 13:58:14.892,1.54896,1.54921,1.50,1.00
2017.06.27 13:58:15.801,1.54897,1.54921,1.00,1.00
2017.06.27 13:58:18.290,1.54898,1.54921,1.00,1.50
2017.06.27 13:58:19.737,1.54902,1.54924,1.00,1.00
2017.06.27 13:58:20.141,1.549,1.54922,1.00,1.00
2017.06.27 13:58:20.260,1.54897,1.54921,1.00,1.00
2017.06.27 13:58:20.311,1.54897,1.54919,1.00,1.00
2017.06.27 13:58:20.413,1.54897,1.54921,1.00,1.50
2017.06.27 13:58:20.933,1.54897,1.5492,1.00,1.00
2017.06.27 13:58:21.173,1.54897,1.54918,1.00,1.00
2017.06.27 13:58:21.224,1.54895,1.54918,1.00,1.00
2017.06.27 13:58:21.276,1.54895,1.54916,1.00,1.00
2017.06.27 13:58:21.378,1.54892,1.54914,1.00,1.00
2017.06.27 13:58:21.480,1.54891,1.54907,1.00,1.00
2017.06.27 13:58:21.567,1.54891,1.54914,1.00,1.00
2017.06.27 13:58:21.619,1.54883,1.54911,1.00,1.00
2017.06.27 13:58:21.670,1.54884,1.54918,1.00,1.57
2017.06.27 13:58:21.721,1.54886,1.54912,1.00,1.00
2017.06.27 13:58:22.574,1.54886,1.54911,1.00,1.00
2017.06.27 13:58:22.892,1.54886,1.54908,1.00,1.00
2017.06.27 13:58:23.069,1.54886,1.54911,1.00,1.00
2017.06.27 13:58:23.533,1.54888,1.54912,1.00,1.00
2017.06.27 13:58:24.194,1.54887,1.54911,1.00,1.00
2017.06.27 13:58:24.433,1.54887,1.54913,1.00,1.00
2017.06.27 13:58:24.587,1.54888,1.54911,1.00,1.00
2017.06.27 13:58:25.582,1.54886,1.54911,1.00,1.00
2017.06.27 13:58:26.162,1.54886,1.5491,1.00,1.00
2017.06.27 13:58:26.754,1.54887,1.5491,1.00,1.00
2017.06.27 13:58:27.108,1.54885,1.5491,1.00,1.00
2017.06.27 13:58:27.260,1.54885,1.54908,1.00,1.00
2017.06.27 13:58:27.421,1.54886,1.54911,1.00,1.50
2017.06.27 13:58:27.573,1.54886,1.54908,1.00,1.00
2017.06.27 13:58:27.623,1.54884,1.54908,1.00,1.00
2017.06.27 13:58:28.131,1.54884,1.54907,1.00,1.50
2017.06.27 13:58:28.334,1.54877,1.54907,1.60,1.00
2017.06.27 13:58:28.896,1.54875,1.54906,5.10,1.00
2017.06.27 13:58:29.054,1.54881,1.54904,1.00,1.00
2017.06.27 13:58:32.717,1.54876,1.54909,1.00,1.07
2017.06.27 13:58:32.920,1.54878,1.54913,1.00,1.95
2017.06.27 13:58:33.222,1.5488,1.54905,1.00,1.00
2017.06.27 13:58:33.686,1.54878,1.54902,1.00,1.00
2017.06.27 13:58:34.004,1.54876,1.54899,1.00,1.00
2017.06.27 13:58:34.602,1.54876,1.54897,1.00,1.00
2017.06.27 13:58:34.653,1.54876,1.54899,1.00,1.00
2017.06.27 13:58:34.906,1.54867,1.54907,2.10,1.95
2017.06.27 13:58:35.435,1.54867,1.54907,2.47,1.95
2017.06.27 13:58:35.704,1.54876,1.54901,1.00,1.00
2017.06.27 13:58:36.483,1.54874,1.54897,1.00,1.00
2017.06.27 13:58:37.393,1.54876,1.54901,1.00,1.00
2017.06.27 13:58:40.258,1.54876,1.54899,1.00,1.00
2017.06.27 13:58:40.410,1.54874,1.54899,1.00,1.00
2017.06.27 13:58:40.627,1.54873,1.54897,1.00,1.00
2017.06.27 13:58:41.148,1.54872,1.54895,1.50,1.00
2017.06.27 13:58:42.188,1.54871,1.54894,1.00,1.00
2017.06.27 13:58:42.694,1.54872,1.54894,1.00,1.00
2017.06.27 13:58:42.845,1.54864,1.54899,1.60,1.00
2017.06.27 13:58:43.333,1.54864,1.54896,1.60,1.00
2017.06.27 13:58:43.665,1.5487,1.54895,1.00,1.00
2017.06.27 13:58:44.018,1.54872,1.54895,1.00,1.50
2017.06.27 13:58:44.322,1.54868,1.54891,1.00,1.00
2017.06.27 13:58:45.356,1.54869,1.54892,1.00,1.00
2017.06.27 13:58:46.735,1.54868,1.54891,1.00,1.00
2017.06.27 13:58:47.654,1.54863,1.54885,1.00,1.00
2017.06.27 13:58:47.756,1.54864,1.54889,1.00,1.00
2017.06.27 13:58:47.908,1.54868,1.54891,1.00,1.00
2017.06.27 13:58:48.612,1.54862,1.54894,1.80,1.00
2017.06.27 13:58:48.663,1.54866,1.54896,1.05,1.00
2017.06.27 13:58:48.764,1.54866,1.54898,1.05,1.00
2017.06.27 13:58:48.916,1.54875,1.54899,1.00,1.00
2017.06.27 13:58:49.429,1.54875,1.54898,1.00,1.50
2017.06.27 13:58:50.110,1.54875,1.54899,1.00,1.00
2017.06.27 13:58:50.444,1.54877,1.54898,1.00,1.00
2017.06.27 13:58:51.004,1.54877,1.54897,1.00,1.00
2017.06.27 13:58:51.352,1.54877,1.54899,1.00,1.00
2017.06.27 13:58:51.403,1.54878,1.54901,1.00,1.00
2017.06.27 13:58:51.454,1.54879,1.54904,1.00,1.00
2017.06.27 13:58:51.505,1.54882,1.54906,1.00,1.00
2017.06.27 13:58:51.657,1.54878,1.54909,1.60,1.00
2017.06.27 13:58:51.961,1.54878,1.54917,1.72,1.57
2017.06.27 13:58:52.012,1.54878,1.54911,1.72,1.00
2017.06.27 13:58:52.358,1.54889,1.54912,1.00,1.00
2017.06.27 13:58:53.111,1.54889,1.54911,1.00,1.00
2017.06.27 13:58:53.674,1.54888,1.54911,1.00,1.00
2017.06.27 13:58:54.442,1.54887,1.5491,1.00,1.00
2017.06.27 13:58:55.584,1.54886,1.54909,1.00,1.00
2017.06.27 13:58:55.635,1.54884,1.54908,1.00,1.00
2017.06.27 13:58:56.191,1.54884,1.54909,1.00,1.50
2017.06.27 13:58:56.292,1.54884,1.54907,1.00,1.00
2017.06.27 13:58:56.545,1.54878,1.54904,1.50,1.00
2017.06.27 13:58:57.074,1.5488,1.54903,1.12,1.00
2017.06.27 13:58:57.276,1.54878,1.54903,1.00,1.00
2017.06.27 13:58:58.239,1.54878,1.54903,1.37,1.00
2017.06.27 13:58:58.340,1.54879,1.54902,2.25,1.00
2017.06.27 13:58:58.543,1.54884,1.54917,1.00,1.12
2017.06.27 13:58:58.594,1.54883,1.54906,2.25,1.00
2017.06.27 13:58:58.745,1.54886,1.54914,1.50,1.00
2017.06.27 13:58:58.796,1.54884,1.54909,1.50,1.00
2017.06.27 13:58:59.225,1.54884,1.54907,1.50,1.00
2017.06.27 13:58:59.427,1.54882,1.54906,1.50,1.00
2017.06.27 13:58:59.654,1.54883,1.54906,1.50,1.00
2017.06.27 13:59:00.077,1.54886,1.54906,1.00,1.00
2017.06.27 13:59:00.179,1.54884,1.54906,1.00,1.00
2017.06.27 13:59:00.828,1.54881,1.54907,1.50,1.00
2017.06.27 13:59:00.879,1.5488,1.54906,1.50,1.00
2017.06.27 13:59:00.930,1.54881,1.54904,1.12,1.00
2017.06.27 13:59:01.434,1.5488,1.54905,1.00,1.00
2017.06.27 13:59:01.747,1.54885,1.54903,1.00,1.00
2017.06.27 13:59:01.849,1.54885,1.54906,1.00,1.00
2017.06.27 13:59:02.153,1.54885,1.54908,1.00,1.50
2017.06.27 13:59:02.700,1.54885,1.54907,1.00,1.00
2017.06.27 13:59:03.205,1.54885,1.54906,1.00,1.00
2017.06.27 13:59:03.829,1.54884,1.54905,1.00,1.00
2017.06.27 13:59:03.881,1.54884,1.54903,1.00,1.00
2017.06.27 13:59:04.083,1.54873,1.54902,1.42,1.00
2017.06.27 13:59:04.784,1.54873,1.54901,1.35,1.00
2017.06.27 13:59:04.936,1.54873,1.54899,1.42,1.00
2017.06.27 13:59:05.163,1.54873,1.54902,1.42,1.00
2017.06.27 13:59:05.214,1.54879,1.54904,1.00,1.50
2017.06.27 13:59:05.753,1.5488,1.54905,1.35,1.00
2017.06.27 13:59:05.854,1.54881,1.54912,1.60,1.00
2017.06.27 13:59:05.905,1.54884,1.54912,1.60,1.00
2017.06.27 13:59:06.209,1.54894,1.54914,1.00,1.00
2017.06.27 13:59:06.513,1.54898,1.54921,1.00,1.50
2017.06.27 13:59:06.639,1.54892,1.54914,1.00,1.00
2017.06.27 13:59:07.237,1.54892,1.54913,1.00,1.00
2017.06.27 13:59:07.765,1.54892,1.54914,1.00,1.00
2017.06.27 13:59:08.765,1.54893,1.54915,1.00,1.50
2017.06.27 13:59:09.119,1.54894,1.54917,1.00,1.50
2017.06.27 13:59:09.699,1.54894,1.54916,1.00,1.00
2017.06.27 13:59:09.750,1.54894,1.54914,1.00,1.00
2017.06.27 13:59:10.265,1.54894,1.54915,1.00,1.00
2017.06.27 13:59:10.598,1.549,1.54916,1.50,1.00
2017.06.27 13:59:10.700,1.549,1.54921,1.50,1.00
2017.06.27 13:59:10.801,1.549,1.54927,1.57,1.00
2017.06.27 13:59:11.111,1.54903,1.54936,1.50,2.25
2017.06.27 13:59:11.162,1.54906,1.54932,1.50,1.37
2017.06.27 13:59:11.213,1.54908,1.54936,1.50,1.00
2017.06.27 13:59:11.512,1.54909,1.54934,1.50,1.00
2017.06.27 13:59:12.264,1.54909,1.54935,1.50,1.00
2017.06.27 13:59:12.673,1.54913,1.54937,1.00,1.50
2017.06.27 13:59:13.209,1.54914,1.54937,1.00,1.00
2017.06.27 13:59:13.762,1.54913,1.54936,1.00,1.00
2017.06.27 13:59:14.784,1.54913,1.54937,1.00,1.00
2017.06.27 13:59:15.048,1.54918,1.54936,1.00,1.00
2017.06.27 13:59:15.185,1.54917,1.54939,1.00,1.00
2017.06.27 13:59:15.237,1.54919,1.54941,1.00,1.00
2017.06.27 13:59:16.090,1.54916,1.5494,1.00,1.00
2017.06.27 13:59:17.155,1.54916,1.54939,1.00,1.00
2017.06.27 13:59:17.639,1.54913,1.54937,1.00,1.00
2017.06.27 13:59:18.591,1.54914,1.54937,1.00,1.00
2017.06.27 13:59:19.205,1.54916,1.5494,1.00,1.00
2017.06.27 13:59:20.503,1.54916,1.54939,1.00,1.00
2017.06.27 13:59:20.605,1.5492,1.54942,1.00,1.00
2017.06.27 13:59:20.656,1.54921,1.54946,1.00,1.50
2017.06.27 13:59:20.814,1.54924,1.54945,1.00,1.00
2017.06.27 13:59:21.489,1.54926,1.54947,1.00,1.00
2017.06.27 13:59:22.599,1.54926,1.54946,1.00,1.00
2017.06.27 13:59:22.650,1.54924,1.54946,1.00,1.00
2017.06.27 13:59:23.229,1.54924,1.54945,1.00,1.00
2017.06.27 13:59:24.087,1.54924,1.54946,1.00,1.00
2017.06.27 13:59:24.619,1.54924,1.54945,1.00,1.00
2017.06.27 13:59:24.871,1.54927,1.54946,1.00,1.00
2017.06.27 13:59:25.056,1.54931,1.54954,1.00,1.50
2017.06.27 13:59:25.576,1.54931,1.54952,1.00,1.00
2017.06.27 13:59:26.017,1.54929,1.54952,1.00,1.00
2017.06.27 13:59:26.200,1.54925,1.54947,1.00,1.00
2017.06.27 13:59:27.099,1.54924,1.54947,1.00,1.00
2017.06.27 13:59:27.465,1.54926,1.54947,1.00,1.00
2017.06.27 13:59:27.516,1.54926,1.54949,1.10,1.00
2017.06.27 13:59:28.023,1.54926,1.5495,1.10,1.00
2017.06.27 13:59:28.093,1.54928,1.5495,1.00,1.00
2017.06.27 13:59:28.640,1.54929,1.5495,1.00,1.00
2017.06.27 13:59:29.211,1.54931,1.5495,1.00,1.00
2017.06.27 13:59:29.568,1.54931,1.54943,1.00,1.00
2017.06.27 13:59:29.721,1.54914,1.5494,1.00,1.00
2017.06.27 13:59:29.895,1.54921,1.54944,1.00,1.00
2017.06.27 13:59:30.198,1.54911,1.54934,1.00,1.50
2017.06.27 13:59:31.287,1.54911,1.54935,1.57,1.00
2017.06.27 13:59:31.591,1.54933,1.54951,1.00,1.00
2017.06.27 13:59:31.743,1.54943,1.54968,1.00,1.00
2017.06.27 13:59:31.794,1.54939,1.54968,1.00,1.00
2017.06.27 13:59:32.285,1.54944,1.54968,1.00,1.00
2017.06.27 13:59:32.487,1.54942,1.54968,1.00,1.00
2017.06.27 13:59:33.003,1.54943,1.54968,1.00,1.00
2017.06.27 13:59:33.524,1.54944,1.54965,1.00,1.00
2017.06.27 13:59:33.931,1.54944,1.54976,1.00,1.45
2017.06.27 13:59:34.322,1.54944,1.54966,1.00,1.00
2017.06.27 13:59:34.373,1.54942,1.54966,1.00,1.00
2017.06.27 13:59:34.935,1.54943,1.54966,1.00,1.00
2017.06.27 13:59:35.037,1.54945,1.54966,1.00,1.00
2017.06.27 13:59:35.290,1.5494,1.54966,1.00,1.00
2017.06.27 13:59:35.503,1.54942,1.54966,1.00,1.00
2017.06.27 13:59:35.705,1.54943,1.54978,1.00,1.80
2017.06.27 13:59:36.033,1.54944,1.54967,1.00,1.00
2017.06.27 13:59:36.337,1.54946,1.54967,1.00,1.00
2017.06.27 13:59:36.957,1.54945,1.54967,1.00,1.00
2017.06.27 13:59:37.668,1.54946,1.54967,1.00,1.00
2017.06.27 13:59:38.181,1.54947,1.54967,1.00,1.00
2017.06.27 13:59:38.560,1.5494,1.54967,2.25,1.00
2017.06.27 13:59:38.721,1.54942,1.54965,1.00,1.00
2017.06.27 13:59:38.925,1.54939,1.54965,1.00,1.00
2017.06.27 13:59:39.027,1.5494,1.5496,1.00,1.00
2017.06.27 13:59:39.990,1.54939,1.5496,1.00,1.00
2017.06.27 13:59:40.298,1.54943,1.54968,1.00,1.00
2017.06.27 13:59:40.875,1.54944,1.54968,1.00,1.00
2017.06.27 13:59:41.203,1.54946,1.54969,1.00,1.00
2017.06.27 13:59:41.254,1.54946,1.54971,1.00,1.00
2017.06.27 13:59:41.458,1.54944,1.54971,1.00,1.00
2017.06.27 13:59:41.560,1.54942,1.54962,1.00,1.00
2017.06.27 13:59:41.661,1.54942,1.54965,1.00,1.87
2017.06.27 13:59:41.813,1.54931,1.54958,1.00,1.00
2017.06.27 13:59:42.656,1.54929,1.54955,1.00,1.00
2017.06.27 13:59:42.858,1.54916,1.54955,1.00,1.00
2017.06.27 13:59:42.960,1.54921,1.54948,1.00,1.00
2017.06.27 13:59:43.647,1.54913,1.54952,1.50,1.00
2017.06.27 13:59:43.749,1.54913,1.54954,1.50,1.12
2017.06.27 13:59:43.800,1.5492,1.54947,1.00,1.00
2017.06.27 13:59:45.187,1.54916,1.54954,1.00,1.12
2017.06.27 13:59:45.721,1.5492,1.54955,1.00,1.50
2017.06.27 13:59:46.041,1.54922,1.54956,1.50,1.95
2017.06.27 13:59:46.244,1.54915,1.54955,1.00,2.70
2017.06.27 13:59:46.390,1.54913,1.54953,1.00,1.00
2017.06.27 13:59:46.894,1.54913,1.54951,1.00,1.95
2017.06.27 13:59:47.260,1.54913,1.54948,1.00,1.50
2017.06.27 13:59:47.361,1.54904,1.54948,3.00,1.50
2017.06.27 13:59:47.412,1.54913,1.54948,1.00,2.25
2017.06.27 13:59:47.704,1.5491,1.54948,1.00,1.87
2017.06.27 13:59:47.755,1.54914,1.54947,1.00,1.00
2017.06.27 13:59:47.906,1.54906,1.54947,1.50,1.00
2017.06.27 13:59:47.957,1.54912,1.54947,1.00,1.45
2017.06.27 13:59:48.363,1.54914,1.54947,1.00,1.45
2017.06.27 13:59:48.703,1.54913,1.5495,1.00,1.37
2017.06.27 13:59:48.855,1.54912,1.54951,1.00,1.12
2017.06.27 13:59:49.012,1.54914,1.54951,1.00,1.12
2017.06.27 13:59:49.549,1.54912,1.54951,1.00,1.95
2017.06.27 13:59:49.650,1.54909,1.54952,1.50,1.95
2017.06.27 13:59:49.751,1.54914,1.54952,1.00,1.00
2017.06.27 13:59:50.055,1.54909,1.5495,1.00,1.00
2017.06.27 13:59:50.106,1.54915,1.54954,1.00,1.00
2017.06.27 13:59:50.634,1.54916,1.54954,1.00,1.00
2017.06.27 13:59:50.736,1.54921,1.5496,1.00,1.00
2017.06.27 13:59:50.837,1.54916,1.54959,1.00,1.00
2017.06.27 13:59:50.888,1.54913,1.54957,1.50,1.00
2017.06.27 13:59:51.217,1.54914,1.54953,1.00,1.00
2017.06.27 13:59:51.318,1.54914,1.54955,1.00,1.00
2017.06.27 13:59:51.369,1.54914,1.54953,1.00,1.00
2017.06.27 13:59:51.420,1.54912,1.54952,1.00,1.00
2017.06.27 13:59:51.606,1.54906,1.54952,1.50,1.00
2017.06.27 13:59:51.706,1.54882,1.54965,1.00,1.00
2017.06.27 13:59:52.204,1.54889,1.54966,1.00,1.00
2017.06.27 13:59:52.724,1.54893,1.54959,1.00,1.00
2017.06.27 13:59:53.026,1.54889,1.54954,1.50,1.00
2017.06.27 13:59:53.260,1.54896,1.54962,1.00,1.00
2017.06.27 13:59:53.311,1.54896,1.54964,1.00,1.00
2017.06.27 13:59:53.607,1.549,1.54966,1.00,1.00
2017.06.27 13:59:53.658,1.54897,1.54966,1.00,1.00
2017.06.27 13:59:53.709,1.54894,1.54965,1.50,1.00
2017.06.27 13:59:53.810,1.54895,1.54961,1.00,1.00
2017.06.27 13:59:54.012,1.54891,1.54961,1.00,1.00
2017.06.27 13:59:54.163,1.54891,1.54959,1.50,1.00
2017.06.27 13:59:54.465,1.54887,1.54958,1.50,1.00
2017.06.27 13:59:54.516,1.54887,1.54953,1.50,1.00
2017.06.27 13:59:54.567,1.54888,1.5496,1.00,1.00
2017.06.27 13:59:54.719,1.54876,1.5495,1.00,1.00
2017.06.27 13:59:54.853,1.54869,1.54947,1.50,1.50
2017.06.27 13:59:54.904,1.54869,1.5494,1.00,1.00
2017.06.27 13:59:55.207,1.54862,1.54934,1.50,1.00
2017.06.27 13:59:55.258,1.54864,1.54934,1.50,1.00
2017.06.27 13:59:55.415,1.54865,1.54944,1.00,1.00
2017.06.27 13:59:55.693,1.54865,1.54948,2.25,1.60
2017.06.27 13:59:55.795,1.54867,1.54948,1.00,1.60
2017.06.27 13:59:56.115,1.54867,1.54907,1.00,1.00
2017.06.27 13:59:56.498,1.54869,1.54906,1.00,1.00
2017.06.27 13:59:56.631,1.54868,1.54948,1.00,1.60
2017.06.27 13:59:56.682,1.54859,1.54937,1.00,1.00
2017.06.27 13:59:56.733,1.54855,1.54936,1.50,1.00
2017.06.27 13:59:56.884,1.54855,1.5494,1.50,1.00
2017.06.27 13:59:56.935,1.54856,1.54932,1.50,1.00
2017.06.27 13:59:57.254,1.54856,1.54894,1.50,1.00
2017.06.27 13:59:57.510,1.54856,1.54932,1.00,1.00
2017.06.27 13:59:57.561,1.54857,1.54934,1.00,1.00
2017.06.27 13:59:57.611,1.5486,1.54936,1.00,1.00
2017.06.27 13:59:57.662,1.54861,1.54943,1.00,1.00
2017.06.27 13:59:58.016,1.54863,1.54945,1.00,1.50
2017.06.27 13:59:58.402,1.54858,1.54942,1.00,1.50
2017.06.27 13:59:58.457,1.54855,1.54931,2.25,1.00
2017.06.27 13:59:58.798,1.54881,1.54936,1.00,1.00
2017.06.27 13:59:58.848,1.54881,1.54943,1.00,1.50
2017.06.27 13:59:58.899,1.5488,1.54946,1.00,1.50
2017.06.27 13:59:58.950,1.5488,1.54905,1.00,1.00
2017.06.27 13:59:59.054,1.5488,1.54911,1.00,1.00
2017.06.27 13:59:59.195,1.54885,1.54911,1.00,1.00
2017.06.27 13:59:59.296,1.54882,1.54912,1.00,1.00
2017.06.27 13:59:59.398,1.54885,1.54912,1.00,1.00
2017.06.27 13:59:59.550,1.54883,1.54912,1.00,1.00
2017.06.27 13:59:59.651,1.5488,1.54912,1.00,1.00
2017.06.27 13:59:59.802,1.54865,1.54912,1.50,1.00
2017.06.27 13:59:59.997,1.54865,1.54908,1.50,1.00
