2018.05.21 12:00:00.075,1.70258,1.70289,1.50,1.00
2018.05.21 12:00:00.126,1.70258,1.70286,1.35,1.00
2018.05.21 12:00:00.177,1.70258,1.7029,2.10,1.50
2018.05.21 12:00:00.380,1.70258,1.70288,1.50,1.00
2018.05.21 12:00:00.530,1.70259,1.7029,1.00,1.00
2018.05.21 12:00:00.583,1.70262,1.7029,1.00,1.00
2018.05.21 12:00:00.635,1.70262,1.70292,1.00,1.00
2018.05.21 12:00:00.685,1.70267,1.70293,1.00,1.00
2018.05.21 12:00:00.739,1.70266,1.70298,1.00,1.00
2018.05.21 12:00:00.789,1.70268,1.703,1.00,1.50
2018.05.21 12:00:01.568,1.70269,1.703,1.00,1.50
2018.05.21 12:00:02.153,1.70269,1.70298,1.00,1.00
2018.05.21 12:00:02.357,1.70269,1.70301,1.00,1.88
2018.05.21 12:00:02.753,1.70271,1.70301,1.00,1.00
2018.05.21 12:00:02.856,1.70273,1.70305,1.00,1.50
2018.05.21 12:00:02.960,1.70275,1.70306,1.00,1.88
2018.05.21 12:00:03.276,1.70278,1.7031,1.00,2.81
2018.05.21 12:00:03.584,1.70276,1.70307,1.00,1.75
2018.05.21 12:00:04.319,1.70276,1.70303,1.00,1.63
2018.05.21 12:00:04.911,1.70273,1.70303,1.00,1.63
2018.05.21 12:00:05.014,1.70273,1.703,1.00,1.00
2018.05.21 12:00:05.279,1.70271,1.703,1.00,1.00
2018.05.21 12:00:05.860,1.70271,1.70301,1.00,1.00
2018.05.21 12:00:05.994,1.70275,1.70303,1.00,1.00
2018.05.21 12:00:06.045,1.70273,1.70303,1.00,1.63
2018.05.21 12:00:06.588,1.70272,1.70304,1.00,2.25
2018.05.21 12:00:07.095,1.70271,1.70298,1.00,1.25
2018.05.21 12:00:07.146,1.70266,1.70294,1.50,1.00
2018.05.21 12:00:07.197,1.70268,1.70295,1.00,1.00
2018.05.21 12:00:07.248,1.70266,1.70298,1.00,2.63
2018.05.21 12:00:07.794,1.70267,1.70296,1.00,1.13
2018.05.21 12:00:08.237,1.7027,1.70298,1.00,1.25
2018.05.21 12:00:08.345,1.7027,1.70302,1.00,2.44
2018.05.21 12:00:08.499,1.70272,1.70303,1.00,2.19
2018.05.21 12:00:09.008,1.70271,1.70302,1.00,1.13
2018.05.21 12:00:09.613,1.70271,1.70303,1.00,2.00
2018.05.21 12:00:10.202,1.70271,1.70303,1.00,1.31
2018.05.21 12:00:10.254,1.70273,1.70303,1.00,1.31
2018.05.21 12:00:11.468,1.70273,1.70304,1.00,2.25
2018.05.21 12:00:11.778,1.70272,1.70303,1.00,1.63
2018.05.21 12:00:12.109,1.70272,1.70303,1.00,2.19
2018.05.21 12:00:12.161,1.70268,1.70299,1.00,1.13
2018.05.21 12:00:12.365,1.70265,1.70297,1.00,1.94
2018.05.21 12:00:12.519,1.70264,1.70296,1.00,1.00
2018.05.21 12:00:12.619,1.70267,1.70297,1.00,1.00
2018.05.21 12:00:12.822,1.70265,1.70297,1.00,1.25
2018.05.21 12:00:13.379,1.70267,1.70299,1.00,1.69
2018.05.21 12:00:13.920,1.70268,1.703,1.00,1.69
2018.05.21 12:00:14.445,1.70269,1.703,1.00,1.00
2018.05.21 12:00:14.870,1.70265,1.70298,1.50,1.00
2018.05.21 12:00:15.346,1.70267,1.70298,1.00,1.25
2018.05.21 12:00:15.450,1.70268,1.703,1.00,1.50
2018.05.21 12:00:15.604,1.70268,1.703,1.00,1.38
2018.05.21 12:00:15.790,1.7027,1.70301,1.00,1.25
2018.05.21 12:00:15.896,1.70272,1.70301,1.00,1.25
2018.05.21 12:00:16.206,1.70271,1.70302,1.00,1.38
2018.05.21 12:00:16.709,1.70272,1.70303,1.00,1.88
2018.05.21 12:00:16.761,1.70272,1.70303,1.00,1.88
2018.05.21 12:00:17.271,1.70272,1.70303,1.00,1.88
2018.05.21 12:00:17.701,1.70274,1.70304,1.00,1.50
2018.05.21 12:00:18.202,1.70274,1.70304,1.00,1.75
2018.05.21 12:00:18.253,1.70272,1.703,1.00,1.00
2018.05.21 12:00:18.763,1.70273,1.70303,1.00,1.75
2018.05.21 12:00:19.399,1.70273,1.70303,1.00,1.50
2018.05.21 12:00:19.937,1.70273,1.70303,1.00,1.75
2018.05.21 12:00:20.196,1.70271,1.70303,1.00,1.38
2018.05.21 12:00:20.247,1.70271,1.70303,1.00,1.44
2018.05.21 12:00:20.348,1.70274,1.70303,1.00,1.56
2018.05.21 12:00:21.055,1.70271,1.70304,1.00,1.38
2018.05.21 12:00:21.158,1.70273,1.70306,1.00,1.75
2018.05.21 12:00:21.210,1.70272,1.70305,1.00,2.25
2018.05.21 12:00:21.363,1.70272,1.70305,1.00,2.25
2018.05.21 12:00:21.883,1.70272,1.70305,1.50,2.25
2018.05.21 12:00:22.444,1.70272,1.70303,1.00,1.50
2018.05.21 12:00:22.751,1.70278,1.70308,1.00,1.00
2018.05.21 12:00:23.268,1.70277,1.70308,1.00,1.00
2018.05.21 12:00:23.371,1.70277,1.7031,1.00,1.00
2018.05.21 12:00:23.528,1.7028,1.70309,1.00,1.00
2018.05.21 12:00:23.841,1.70287,1.70315,1.00,1.38
2018.05.21 12:00:23.893,1.70287,1.70315,1.00,1.38
2018.05.21 12:00:23.946,1.70287,1.70317,1.00,1.75
2018.05.21 12:00:23.998,1.70287,1.70317,1.00,1.37
2018.05.21 12:00:24.049,1.70287,1.70317,1.00,1.75
2018.05.21 12:00:24.356,1.70287,1.70315,1.00,1.50
2018.05.21 12:00:24.408,1.70284,1.70311,1.00,1.00
2018.05.21 12:00:24.459,1.70283,1.70312,1.00,1.75
2018.05.21 12:00:24.598,1.70281,1.70312,1.00,1.75
2018.05.21 12:00:24.650,1.70281,1.70309,1.00,1.25
2018.05.21 12:00:24.830,1.70281,1.7031,1.00,1.56
2018.05.21 12:00:24.882,1.70281,1.7031,1.00,1.37
2018.05.21 12:00:25.035,1.70281,1.7031,1.00,1.88
2018.05.21 12:00:25.584,1.70281,1.70311,1.00,1.75
2018.05.21 12:00:25.891,1.70281,1.70311,1.00,1.75
2018.05.21 12:00:26.419,1.70281,1.70308,1.00,1.44
2018.05.21 12:00:26.728,1.70279,1.70309,1.50,1.75
2018.05.21 12:00:26.874,1.70279,1.70309,1.50,1.12
2018.05.21 12:00:27.457,1.70279,1.70309,1.50,1.37
2018.05.21 12:00:27.937,1.70281,1.70309,1.00,1.44
2018.05.21 12:00:28.466,1.70281,1.70309,1.00,1.00
2018.05.21 12:00:29.303,1.7028,1.70309,1.00,1.44
2018.05.21 12:00:29.823,1.7028,1.70309,1.00,1.25
2018.05.21 12:00:30.188,1.7028,1.70307,1.00,1.00
2018.05.21 12:00:30.289,1.7028,1.70309,1.00,1.25
2018.05.21 12:00:30.967,1.7028,1.70309,1.00,1.44
2018.05.21 12:00:31.468,1.7028,1.7031,1.00,1.44
2018.05.21 12:00:32.120,1.7028,1.7031,1.00,1.38
2018.05.21 12:00:32.171,1.7028,1.7031,1.00,1.38
2018.05.21 12:00:32.245,1.70276,1.7031,1.00,1.88
2018.05.21 12:00:32.296,1.70276,1.7031,1.00,1.50
2018.05.21 12:00:32.608,1.70279,1.70309,1.00,1.00
2018.05.21 12:00:32.710,1.70279,1.70311,1.00,1.00
2018.05.21 12:00:32.762,1.70279,1.70311,1.00,1.38
2018.05.21 12:00:32.814,1.70279,1.70311,1.00,1.25
2018.05.21 12:00:33.407,1.70279,1.70311,1.00,1.44
2018.05.21 12:00:34.389,1.70279,1.70311,1.00,1.25
2018.05.21 12:00:34.603,1.70282,1.70311,1.00,1.00
2018.05.21 12:00:35.249,1.70282,1.70313,1.00,1.44
2018.05.21 12:00:35.961,1.70282,1.70313,1.00,1.38
2018.05.21 12:00:36.479,1.70282,1.70313,1.00,1.44
2018.05.21 12:00:37.193,1.70282,1.7031,1.00,1.00
2018.05.21 12:00:38.384,1.70283,1.7031,1.00,1.00
2018.05.21 12:00:38.628,1.70279,1.7031,1.00,1.00
2018.05.21 12:00:40.908,1.70277,1.7031,1.00,1.25
2018.05.21 12:00:41.668,1.70278,1.70311,1.00,1.69
2018.05.21 12:00:42.197,1.70279,1.70311,1.00,1.25
2018.05.21 12:00:42.716,1.70278,1.70311,1.00,1.00
2018.05.21 12:00:43.842,1.70278,1.70311,1.00,1.44
2018.05.21 12:00:44.388,1.70279,1.70311,1.00,1.38
2018.05.21 12:00:45.195,1.70281,1.70311,1.00,1.13
2018.05.21 12:00:45.296,1.70278,1.7031,1.00,1.38
2018.05.21 12:00:45.436,1.70281,1.70307,1.00,1.00
2018.05.21 12:00:45.487,1.70284,1.70312,1.00,1.00
2018.05.21 12:00:45.590,1.70284,1.70315,1.00,1.00
2018.05.21 12:00:46.091,1.70284,1.70316,1.00,1.88
2018.05.21 12:00:46.244,1.70284,1.70316,1.00,1.69
2018.05.21 12:00:46.346,1.70284,1.70309,1.00,1.00
2018.05.21 12:00:46.397,1.70284,1.70316,1.00,1.00
2018.05.21 12:00:46.652,1.70285,1.70312,1.00,1.00
2018.05.21 12:00:46.754,1.70285,1.70316,1.00,1.00
2018.05.21 12:00:47.011,1.70281,1.70306,1.00,1.50
2018.05.21 12:00:47.113,1.70281,1.70308,1.00,1.00
2018.05.21 12:00:47.165,1.70281,1.70313,1.00,2.44
2018.05.21 12:00:47.703,1.70281,1.70313,1.00,2.63
2018.05.21 12:00:47.909,1.70281,1.70309,1.00,1.00
2018.05.21 12:00:48.110,1.70283,1.70313,1.00,1.50
2018.05.21 12:00:50.690,1.70283,1.70315,1.00,1.69
2018.05.21 12:00:51.195,1.70283,1.70314,1.00,1.00
2018.05.21 12:00:51.706,1.70283,1.70315,1.00,1.69
2018.05.21 12:00:52.295,1.70283,1.70314,1.00,1.50
2018.05.21 12:00:52.794,1.70281,1.70311,1.00,1.00
2018.05.21 12:00:52.998,1.70284,1.70316,1.00,1.38
2018.05.21 12:00:53.695,1.70284,1.70316,1.00,1.13
2018.05.21 12:00:54.283,1.70287,1.70316,1.00,1.00
2018.05.21 12:00:54.335,1.70289,1.70319,1.00,1.00
2018.05.21 12:00:54.437,1.70294,1.7032,1.00,1.00
2018.05.21 12:00:54.488,1.70294,1.70322,1.00,1.00
2018.05.21 12:00:54.766,1.703,1.70327,1.00,1.38
2018.05.21 12:00:54.970,1.70298,1.70329,1.00,1.38
2018.05.21 12:00:55.274,1.703,1.7033,1.00,1.38
2018.05.21 12:00:55.347,1.703,1.7033,1.00,1.00
2018.05.21 12:00:55.454,1.703,1.7033,1.00,1.38
2018.05.21 12:00:55.611,1.70302,1.70333,1.00,1.38
2018.05.21 12:00:55.662,1.70302,1.70333,1.00,1.56
2018.05.21 12:00:55.765,1.703,1.70333,1.00,1.00
2018.05.21 12:00:55.816,1.703,1.70331,1.00,1.00
2018.05.21 12:00:56.345,1.703,1.7033,1.00,1.38
2018.05.21 12:00:56.396,1.70298,1.7033,1.00,1.38
2018.05.21 12:00:56.451,1.70301,1.7033,1.00,1.38
2018.05.21 12:00:56.502,1.703,1.7033,1.00,1.44
2018.05.21 12:00:56.553,1.70304,1.70332,1.00,1.00
2018.05.21 12:00:56.926,1.70304,1.7033,1.00,1.00
2018.05.21 12:00:57.331,1.70303,1.7033,1.50,1.88
2018.05.21 12:00:57.433,1.70294,1.70323,1.00,1.50
2018.05.21 12:00:57.534,1.70293,1.70321,1.00,1.25
2018.05.21 12:00:58.056,1.70293,1.70324,1.00,1.38
2018.05.21 12:00:58.585,1.70293,1.70324,1.00,1.38
2018.05.21 12:00:59.209,1.70293,1.70324,1.00,1.38
2018.05.21 12:00:59.715,1.70293,1.70324,1.00,1.38
2018.05.21 12:01:00.256,1.70293,1.70322,1.00,1.25
2018.05.21 12:01:00.762,1.70293,1.70324,1.00,1.38
2018.05.21 12:01:01.298,1.70293,1.70324,1.00,1.00
2018.05.21 12:01:01.348,1.70293,1.70318,1.00,1.00
2018.05.21 12:01:01.399,1.70297,1.70326,1.00,1.00
2018.05.21 12:01:01.450,1.70296,1.70327,1.00,1.38
2018.05.21 12:01:01.981,1.70296,1.70325,1.00,1.38
2018.05.21 12:01:02.032,1.70293,1.70325,1.00,1.38
2018.05.21 12:01:02.083,1.70293,1.70325,1.00,1.00
2018.05.21 12:01:02.133,1.70298,1.70325,1.00,1.25
2018.05.21 12:01:02.437,1.70293,1.70328,1.50,1.88
2018.05.21 12:01:02.765,1.70293,1.70325,1.00,1.00
2018.05.21 12:01:02.816,1.70293,1.70325,1.00,1.38
2018.05.21 12:01:03.120,1.70293,1.70325,1.50,1.00
2018.05.21 12:01:03.171,1.70293,1.70325,1.50,1.38
2018.05.21 12:01:03.272,1.70293,1.70324,1.00,1.00
2018.05.21 12:01:03.373,1.70292,1.70321,2.25,1.00
2018.05.21 12:01:03.601,1.70293,1.70324,1.00,1.13
2018.05.21 12:01:04.066,1.70293,1.70324,1.00,1.38
2018.05.21 12:01:04.327,1.70287,1.70319,1.00,1.00
2018.05.21 12:01:04.379,1.70285,1.70317,1.00,1.00
2018.05.21 12:01:04.686,1.70288,1.7032,1.00,1.50
2018.05.21 12:01:05.233,1.70288,1.70318,1.00,1.00
2018.05.21 12:01:05.488,1.70288,1.7032,1.00,1.50
2018.05.21 12:01:06.187,1.70288,1.70319,1.00,1.00
2018.05.21 12:01:06.520,1.70289,1.70321,1.00,1.88
2018.05.21 12:01:06.622,1.70287,1.70321,1.00,2.63
2018.05.21 12:01:06.673,1.70289,1.7032,1.00,1.00
2018.05.21 12:01:06.991,1.70287,1.70321,1.50,1.88
2018.05.21 12:01:07.737,1.70287,1.70318,1.50,1.00
2018.05.21 12:01:08.058,1.70291,1.70322,1.00,1.00
2018.05.21 12:01:08.365,1.7029,1.70317,1.00,1.00
2018.05.21 12:01:08.472,1.70289,1.70323,1.00,3.19
2018.05.21 12:01:08.523,1.70291,1.70323,1.00,1.44
2018.05.21 12:01:08.829,1.70289,1.70318,1.00,1.00
2018.05.21 12:01:09.279,1.7029,1.70316,1.00,1.00
2018.05.21 12:01:09.609,1.70293,1.70316,1.00,1.00
2018.05.21 12:01:09.863,1.70291,1.70316,1.00,1.00
2018.05.21 12:01:10.504,1.70291,1.70317,1.00,1.00
2018.05.21 12:01:11.265,1.70292,1.70317,1.00,1.00
2018.05.21 12:01:11.469,1.7029,1.70317,1.00,1.00
2018.05.21 12:01:12.020,1.7029,1.7032,1.50,1.00
2018.05.21 12:01:12.624,1.70293,1.70319,1.00,1.00
2018.05.21 12:01:12.726,1.70292,1.70323,1.00,1.50
2018.05.21 12:01:12.879,1.70295,1.70323,1.00,1.50
2018.05.21 12:01:13.197,1.70291,1.70319,1.88,1.00
2018.05.21 12:01:13.350,1.70291,1.70323,1.44,1.00
2018.05.21 12:01:13.721,1.70291,1.7032,1.88,1.00
2018.05.21 12:01:13.873,1.70292,1.70323,1.00,1.00
2018.05.21 12:01:14.287,1.70292,1.7032,1.00,1.00
2018.05.21 12:01:14.461,1.70292,1.70322,1.00,1.50
2018.05.21 12:01:14.717,1.7029,1.70322,1.00,1.38
2018.05.21 12:01:14.768,1.70289,1.70318,1.00,1.00
2018.05.21 12:01:14.820,1.70286,1.70318,1.00,1.00
2018.05.21 12:01:15.050,1.70288,1.70317,1.00,1.00
2018.05.21 12:01:15.252,1.70291,1.70321,1.00,1.00
2018.05.21 12:01:15.304,1.70293,1.70321,1.00,1.00
2018.05.21 12:01:15.805,1.70293,1.70322,1.00,1.00
2018.05.21 12:01:15.856,1.7029,1.7032,1.00,1.00
2018.05.21 12:01:16.598,1.70289,1.7032,1.00,1.00
2018.05.21 12:01:16.852,1.70289,1.70317,1.00,1.00
2018.05.21 12:01:17.277,1.70287,1.70317,1.00,1.00
2018.05.21 12:01:17.671,1.70287,1.70315,1.00,1.00
2018.05.21 12:01:17.978,1.70288,1.70317,1.25,1.00
2018.05.21 12:01:18.241,1.7029,1.70319,1.00,1.00
2018.05.21 12:01:18.294,1.70291,1.70323,1.88,1.38
2018.05.21 12:01:18.345,1.70293,1.70323,1.00,1.38
2018.05.21 12:01:18.398,1.70295,1.70325,1.00,1.50
2018.05.21 12:01:18.449,1.70298,1.70325,1.00,1.00
2018.05.21 12:01:18.603,1.70298,1.7033,1.00,1.38
2018.05.21 12:01:18.654,1.70295,1.70325,1.50,1.25
2018.05.21 12:01:18.981,1.70297,1.70322,1.00,1.00
2018.05.21 12:01:19.135,1.70294,1.70322,1.00,1.00
2018.05.21 12:01:19.186,1.70296,1.70322,1.00,1.00
2018.05.21 12:01:19.237,1.70294,1.70322,1.50,1.00
2018.05.21 12:01:19.692,1.70293,1.70326,3.00,1.13
2018.05.21 12:01:19.916,1.70297,1.70326,1.00,1.13
2018.05.21 12:01:20.295,1.70299,1.70326,1.00,1.00
2018.05.21 12:01:20.827,1.70298,1.70327,1.50,1.00
2018.05.21 12:01:21.899,1.70295,1.70325,1.00,1.00
2018.05.21 12:01:22.253,1.70295,1.70322,1.00,1.00
2018.05.21 12:01:23.421,1.70295,1.70325,1.00,1.00
2018.05.21 12:01:23.949,1.70295,1.70327,1.00,1.38
2018.05.21 12:01:24.000,1.70298,1.70327,1.00,1.38
2018.05.21 12:01:24.083,1.70294,1.70326,1.50,1.38
2018.05.21 12:01:24.136,1.70294,1.70324,1.00,1.38
2018.05.21 12:01:24.291,1.70286,1.70315,1.00,1.00
2018.05.21 12:01:24.346,1.70285,1.70313,1.00,1.00
2018.05.21 12:01:24.398,1.70282,1.70312,1.00,1.00
2018.05.21 12:01:24.450,1.70282,1.70307,1.00,1.00
2018.05.21 12:01:25.336,1.70285,1.70307,1.00,1.00
2018.05.21 12:01:25.388,1.70286,1.70313,1.00,1.00
2018.05.21 12:01:25.440,1.70293,1.70317,1.00,1.00
2018.05.21 12:01:25.491,1.70291,1.70319,1.50,1.00
2018.05.21 12:01:25.724,1.7029,1.70321,1.50,1.25
2018.05.21 12:01:25.985,1.70292,1.70321,1.00,1.00
2018.05.21 12:01:26.292,1.70289,1.7032,1.00,1.00
2018.05.21 12:01:26.344,1.70289,1.70318,1.00,1.00
2018.05.21 12:01:26.509,1.70287,1.70318,1.50,1.00
2018.05.21 12:01:26.779,1.70291,1.70318,1.00,1.00
2018.05.21 12:01:27.084,1.70294,1.70321,1.00,1.00
2018.05.21 12:01:27.627,1.70293,1.70326,1.50,1.44
2018.05.21 12:01:27.729,1.70293,1.70323,1.50,1.00
2018.05.21 12:01:28.847,1.70293,1.70326,1.50,1.44
2018.05.21 12:01:29.223,1.70297,1.70326,1.00,1.25
2018.05.21 12:01:29.433,1.70295,1.70326,1.00,1.25
2018.05.21 12:01:29.490,1.70297,1.70326,1.00,1.00
2018.05.21 12:01:30.002,1.70297,1.70331,1.00,2.63
2018.05.21 12:01:30.403,1.70297,1.70331,1.00,2.63
2018.05.21 12:01:30.779,1.70295,1.70329,1.00,1.38
2018.05.21 12:01:31.108,1.70298,1.70329,1.00,1.88
2018.05.21 12:01:31.159,1.70298,1.70329,1.00,2.25
2018.05.21 12:01:31.210,1.70298,1.70329,1.00,2.63
2018.05.21 12:01:31.312,1.70298,1.70329,1.00,1.50
2018.05.21 12:01:32.960,1.703,1.70329,1.00,1.38
2018.05.21 12:01:33.013,1.70298,1.70329,1.35,1.38
2018.05.21 12:01:33.575,1.70297,1.70329,1.50,1.50
2018.05.21 12:01:33.830,1.70299,1.70329,1.00,1.00
2018.05.21 12:01:34.131,1.70304,1.70333,1.50,1.69
2018.05.21 12:01:34.703,1.70304,1.70333,1.50,1.44
2018.05.21 12:01:35.346,1.70304,1.70333,1.00,1.00
2018.05.21 12:01:35.666,1.70313,1.70337,1.00,1.00
2018.05.21 12:01:35.716,1.70311,1.70337,1.00,1.00
2018.05.21 12:01:36.460,1.70306,1.70337,1.00,1.25
2018.05.21 12:01:36.621,1.70302,1.70336,1.00,1.00
2018.05.21 12:01:36.672,1.70302,1.70334,1.00,1.63
2018.05.21 12:01:36.982,1.70299,1.70331,1.44,1.00
2018.05.21 12:01:37.563,1.70299,1.70331,1.25,1.00
2018.05.21 12:01:37.770,1.703,1.70333,1.13,1.13
2018.05.21 12:01:37.980,1.70301,1.70335,1.00,1.25
2018.05.21 12:01:38.534,1.70301,1.70335,1.00,1.44
2018.05.21 12:01:39.055,1.70301,1.70333,1.00,1.50
2018.05.21 12:01:39.683,1.70301,1.70332,1.00,1.25
2018.05.21 12:01:40.204,1.70301,1.70333,1.00,1.25
2018.05.21 12:01:40.868,1.70301,1.70333,1.00,1.88
2018.05.21 12:01:41.362,1.70297,1.70328,1.00,1.00
2018.05.21 12:01:41.566,1.70299,1.70331,1.00,2.25
2018.05.21 12:01:41.669,1.70301,1.70331,1.00,1.00
2018.05.21 12:01:43.391,1.703,1.70331,1.00,2.25
2018.05.21 12:01:44.371,1.70302,1.70331,1.00,2.25
2018.05.21 12:01:44.677,1.70295,1.70322,1.00,1.00
2018.05.21 12:01:45.263,1.70295,1.70324,1.00,1.00
2018.05.21 12:01:45.824,1.70295,1.70322,1.00,1.00
2018.05.21 12:01:45.960,1.70295,1.70324,1.00,1.00
2018.05.21 12:01:46.438,1.70295,1.7032,1.00,1.00
2018.05.21 12:01:46.600,1.70295,1.70324,1.00,1.00
2018.05.21 12:01:47.042,1.70292,1.70322,1.44,1.00
2018.05.21 12:01:47.094,1.70292,1.70324,1.25,1.50
2018.05.21 12:01:47.640,1.70292,1.70323,1.00,1.00
2018.05.21 12:01:47.845,1.70292,1.70322,1.00,1.88
2018.05.21 12:01:48.102,1.70289,1.70319,1.00,1.00
2018.05.21 12:01:48.667,1.70289,1.70318,1.00,1.00
2018.05.21 12:01:49.024,1.70289,1.7032,1.00,1.13
2018.05.21 12:01:49.877,1.70287,1.7032,1.00,1.00
2018.05.21 12:01:50.431,1.70291,1.70321,1.00,1.00
2018.05.21 12:01:50.583,1.70287,1.70321,1.00,2.44
2018.05.21 12:01:51.092,1.70291,1.70321,1.00,1.69
2018.05.21 12:01:51.719,1.70292,1.70321,1.00,1.00
2018.05.21 12:01:52.260,1.70291,1.70321,1.50,1.00
2018.05.21 12:01:52.799,1.70292,1.70321,1.00,1.00
2018.05.21 12:01:54.456,1.70291,1.70321,2.25,1.00
2018.05.21 12:01:55.291,1.70292,1.70321,1.00,1.00
2018.05.21 12:01:55.810,1.70291,1.70321,1.50,1.00
2018.05.21 12:01:56.360,1.70292,1.70322,1.00,1.00
2018.05.21 12:01:56.931,1.70291,1.70322,2.25,1.00
2018.05.21 12:01:57.296,1.70295,1.70325,1.00,1.44
2018.05.21 12:01:57.611,1.70292,1.70321,1.00,1.00
2018.05.21 12:01:58.083,1.70292,1.70323,1.25,1.00
2018.05.21 12:01:58.134,1.70294,1.70323,1.00,1.00
2018.05.21 12:01:58.643,1.70293,1.70323,1.00,1.00
2018.05.21 12:01:59.327,1.70293,1.70324,1.00,1.00
2018.05.21 12:01:59.687,1.70296,1.70324,1.00,1.00
2018.05.21 12:01:59.898,1.70295,1.70326,1.00,1.00
2018.05.21 12:01:59.949,1.70298,1.70328,1.00,1.00
2018.05.21 12:02:00.260,1.70292,1.70322,1.50,1.00
2018.05.21 12:02:00.361,1.70292,1.70325,1.00,1.00
2018.05.21 12:02:00.725,1.70294,1.70325,1.00,1.50
2018.05.21 12:02:01.403,1.70292,1.70322,1.00,1.00
2018.05.21 12:02:01.555,1.70285,1.70319,1.50,1.38
2018.05.21 12:02:01.657,1.70286,1.70318,1.00,1.25
2018.05.21 12:02:01.708,1.70288,1.70318,1.00,1.44
2018.05.21 12:02:01.759,1.70285,1.70318,1.00,1.44
2018.05.21 12:02:02.261,1.70285,1.70318,1.00,1.38
2018.05.21 12:02:02.313,1.70289,1.70318,1.00,1.25
2018.05.21 12:02:04.184,1.70289,1.70315,1.00,1.00
2018.05.21 12:02:04.553,1.70289,1.70313,1.00,1.00
2018.05.21 12:02:05.656,1.70291,1.70313,1.00,1.00
2018.05.21 12:02:05.707,1.70288,1.70315,1.00,1.00
2018.05.21 12:02:05.759,1.70291,1.70315,1.00,1.00
2018.05.21 12:02:05.862,1.70289,1.70315,1.00,1.00
2018.05.21 12:02:05.964,1.70291,1.70315,1.00,1.00
2018.05.21 12:02:06.465,1.70291,1.70314,1.00,1.00
2018.05.21 12:02:06.569,1.70289,1.70313,1.00,1.00
2018.05.21 12:02:06.621,1.70289,1.70307,1.00,1.00
2018.05.21 12:02:06.673,1.7028,1.70304,1.50,1.00
2018.05.21 12:02:06.724,1.70278,1.70302,1.50,1.00
2018.05.21 12:02:07.035,1.70272,1.70296,1.00,1.00
2018.05.21 12:02:07.136,1.7027,1.70296,1.00,1.00
2018.05.21 12:02:07.871,1.70274,1.70296,1.00,1.00
2018.05.21 12:02:07.922,1.70275,1.70299,1.00,1.00
2018.05.21 12:02:07.973,1.7027,1.70299,1.13,1.00
2018.05.21 12:02:08.365,1.70272,1.70301,1.00,1.00
2018.05.21 12:02:08.676,1.70275,1.70298,1.50,1.00
2018.05.21 12:02:08.979,1.70281,1.70303,1.00,1.00
2018.05.21 12:02:09.327,1.70283,1.70304,1.00,1.00
2018.05.21 12:02:10.728,1.70277,1.70304,1.00,1.00
2018.05.21 12:02:10.912,1.70276,1.70302,1.50,1.00
2018.05.21 12:02:11.219,1.70275,1.70298,1.00,1.00
2018.05.21 12:02:11.374,1.70277,1.70301,1.00,1.00
2018.05.21 12:02:11.426,1.70273,1.70301,1.25,1.00
2018.05.21 12:02:11.528,1.7027,1.70301,1.38,1.00
2018.05.21 12:02:11.702,1.7027,1.70298,1.00,1.00
2018.05.21 12:02:12.008,1.70273,1.70299,1.00,1.00
2018.05.21 12:02:12.920,1.70276,1.70299,1.00,1.00
2018.05.21 12:02:14.594,1.70275,1.70299,1.00,1.00
2018.05.21 12:02:15.004,1.70277,1.70301,1.00,1.00
2018.05.21 12:02:15.311,1.70275,1.70298,1.00,1.00
2018.05.21 12:02:15.468,1.70273,1.70298,1.00,1.00
2018.05.21 12:02:15.520,1.70273,1.703,1.12,1.00
2018.05.21 12:02:15.576,1.70278,1.70297,1.00,1.00
2018.05.21 12:02:15.627,1.70276,1.703,1.00,1.00
2018.05.21 12:02:15.832,1.70274,1.70301,1.00,1.00
2018.05.21 12:02:16.048,1.70273,1.70296,1.00,1.00
2018.05.21 12:02:16.384,1.70273,1.70298,1.00,1.00
2018.05.21 12:02:16.924,1.70272,1.70298,1.25,1.00
2018.05.21 12:02:17.195,1.7028,1.70301,1.00,1.00
2018.05.21 12:02:17.297,1.70277,1.70302,1.00,1.00
2018.05.21 12:02:17.449,1.7028,1.70302,1.00,1.00
2018.05.21 12:02:17.703,1.70281,1.70305,1.00,1.00
2018.05.21 12:02:17.854,1.7028,1.70308,1.00,1.00
2018.05.21 12:02:18.108,1.70277,1.70304,1.00,1.00
2018.05.21 12:02:18.159,1.70274,1.70305,1.00,1.00
2018.05.21 12:02:18.210,1.70274,1.70301,1.00,1.00
2018.05.21 12:02:18.525,1.70274,1.70299,1.00,1.00
2018.05.21 12:02:18.780,1.70271,1.70299,1.00,1.00
2018.05.21 12:02:18.883,1.70271,1.70295,1.25,1.00
2018.05.21 12:02:18.934,1.70271,1.70297,1.00,1.00
2018.05.21 12:02:19.526,1.70271,1.70299,1.25,1.00
2018.05.21 12:02:19.578,1.70271,1.70303,1.25,1.00
2018.05.21 12:02:19.680,1.70271,1.70302,1.38,1.00
2018.05.21 12:02:19.884,1.70271,1.70301,1.25,1.00
2018.05.21 12:02:19.987,1.70274,1.70305,1.00,3.19
2018.05.21 12:02:20.038,1.70274,1.70303,1.13,1.00
2018.05.21 12:02:20.641,1.70274,1.70304,1.00,1.00
2018.05.21 12:02:21.181,1.70273,1.70306,1.25,1.50
2018.05.21 12:02:21.283,1.70273,1.70303,1.38,1.00
2018.05.21 12:02:21.589,1.7028,1.70306,1.00,1.00
2018.05.21 12:02:21.690,1.70277,1.70306,1.25,1.00
2018.05.21 12:02:22.006,1.70277,1.70303,1.00,1.00
2018.05.21 12:02:22.284,1.70277,1.70306,1.25,1.50
2018.05.21 12:02:22.488,1.70277,1.70304,1.00,1.00
2018.05.21 12:02:22.620,1.70277,1.70306,1.00,1.50
2018.05.21 12:02:23.128,1.70276,1.70305,1.44,1.00
2018.05.21 12:02:23.296,1.70273,1.70299,1.38,1.00
2018.05.21 12:02:23.348,1.70273,1.70299,1.38,1.00
2018.05.21 12:02:23.400,1.70275,1.70301,1.00,1.00
2018.05.21 12:02:23.520,1.70271,1.70296,1.44,1.00
2018.05.21 12:02:23.571,1.70269,1.70301,1.63,1.00
2018.05.21 12:02:23.993,1.70267,1.70299,1.38,1.00
2018.05.21 12:02:24.096,1.7027,1.70301,1.38,1.50
2018.05.21 12:02:24.199,1.7027,1.70301,1.25,1.50
2018.05.21 12:02:24.415,1.7027,1.70301,1.38,1.50
2018.05.21 12:02:24.466,1.7027,1.70301,1.44,1.00
2018.05.21 12:02:25.094,1.7027,1.703,1.00,1.50
2018.05.21 12:02:25.332,1.7027,1.70298,1.00,1.00
2018.05.21 12:02:25.524,1.7027,1.703,1.00,1.00
2018.05.21 12:02:25.745,1.7027,1.70298,1.44,1.00
2018.05.21 12:02:25.897,1.70269,1.70299,1.00,1.00
2018.05.21 12:02:25.999,1.70269,1.70297,1.13,1.00
2018.05.21 12:02:26.151,1.70269,1.703,1.13,1.00
2018.05.21 12:02:26.404,1.70269,1.70297,1.00,1.00
2018.05.21 12:02:26.506,1.70269,1.703,1.13,1.00
2018.05.21 12:02:26.557,1.70269,1.70297,1.13,1.00
2018.05.21 12:02:26.761,1.70268,1.70299,1.00,1.00
2018.05.21 12:02:26.812,1.70267,1.70297,1.44,1.00
2018.05.21 12:02:27.020,1.70267,1.70299,1.38,1.00
2018.05.21 12:02:27.291,1.70267,1.70297,1.38,1.00
2018.05.21 12:02:27.495,1.70267,1.70299,1.38,1.00
2018.05.21 12:02:27.705,1.70267,1.70296,1.19,1.00
2018.05.21 12:02:27.757,1.70267,1.70299,1.38,1.00
2018.05.21 12:02:27.962,1.70274,1.70302,1.00,1.00
2018.05.21 12:02:28.189,1.70284,1.70313,1.00,1.00
2018.05.21 12:02:28.836,1.70285,1.70315,1.50,1.50
2018.05.21 12:02:28.887,1.70285,1.70312,1.50,1.25
2018.05.21 12:02:29.140,1.70285,1.70315,1.50,2.44
2018.05.21 12:02:29.192,1.70285,1.70312,1.00,1.00
2018.05.21 12:02:30.039,1.70285,1.7031,1.00,1.00
2018.05.21 12:02:30.141,1.70276,1.70307,1.00,1.50
2018.05.21 12:02:30.243,1.70274,1.70306,1.00,1.00
2018.05.21 12:02:30.827,1.70274,1.70305,1.00,1.00
2018.05.21 12:02:31.078,1.70275,1.70307,1.00,2.25
2018.05.21 12:02:31.129,1.70273,1.70304,1.00,1.00
2018.05.21 12:02:31.625,1.70275,1.70307,1.00,2.25
2018.05.21 12:02:31.879,1.70273,1.70306,1.00,1.00
2018.05.21 12:02:32.198,1.70273,1.703,1.00,1.00
2018.05.21 12:02:32.913,1.70276,1.703,1.00,1.00
2018.05.21 12:02:32.964,1.70276,1.70303,1.00,1.00
2018.05.21 12:02:34.321,1.70275,1.70303,1.00,1.00
2018.05.21 12:02:34.373,1.70273,1.70303,1.00,1.00
2018.05.21 12:02:34.425,1.70273,1.703,1.00,1.00
2018.05.21 12:02:34.955,1.70272,1.703,1.00,1.00
2018.05.21 12:02:37.620,1.70272,1.70301,1.69,1.00
2018.05.21 12:02:41.658,1.7027,1.70301,1.00,1.00
2018.05.21 12:02:41.710,1.70273,1.70299,1.00,1.00
2018.05.21 12:02:42.247,1.70272,1.70298,1.00,1.00
2018.05.21 12:02:43.608,1.70272,1.703,1.00,1.50
2018.05.21 12:02:44.262,1.7027,1.70296,1.00,1.00
2018.05.21 12:02:44.366,1.70263,1.70291,1.00,3.38
2018.05.21 12:02:44.417,1.70259,1.70285,1.00,1.00
2018.05.21 12:02:44.563,1.70246,1.70274,1.00,2.25
2018.05.21 12:02:44.615,1.70241,1.70271,1.00,1.00
2018.05.21 12:02:44.667,1.70239,1.70263,1.00,1.00
2018.05.21 12:02:45.079,1.70238,1.70265,1.00,1.00
2018.05.21 12:02:45.182,1.70239,1.70267,1.00,1.00
2018.05.21 12:02:45.538,1.70239,1.70269,1.00,1.00
2018.05.21 12:02:45.756,1.70241,1.70269,1.00,1.00
2018.05.21 12:02:46.502,1.7024,1.70269,1.00,1.00
2018.05.21 12:02:46.916,1.70246,1.70269,1.00,1.00
2018.05.21 12:02:46.968,1.70244,1.7027,1.00,1.00
2018.05.21 12:02:47.020,1.70243,1.70272,1.00,1.00
2018.05.21 12:02:47.123,1.70241,1.7027,1.25,1.00
2018.05.21 12:02:47.482,1.7024,1.70268,1.00,1.00
2018.05.21 12:02:47.533,1.7024,1.7027,1.00,1.00
2018.05.21 12:02:47.687,1.70242,1.7027,1.00,1.00
2018.05.21 12:02:48.234,1.70242,1.70271,1.00,1.00
2018.05.21 12:02:48.757,1.70242,1.7027,1.00,1.50
2018.05.21 12:02:49.343,1.70242,1.70269,1.00,1.00
2018.05.21 12:02:49.867,1.70242,1.70268,1.00,1.00
2018.05.21 12:02:50.391,1.70242,1.70269,1.50,1.00
2018.05.21 12:02:50.721,1.70245,1.70271,1.00,1.00
2018.05.21 12:02:51.075,1.70245,1.70269,1.00,1.00
2018.05.21 12:02:51.595,1.70243,1.70269,1.00,1.00
2018.05.21 12:02:51.698,1.70245,1.70269,1.00,1.00
2018.05.21 12:02:51.901,1.70243,1.70269,1.00,1.00
2018.05.21 12:02:52.426,1.70243,1.7027,1.00,1.00
2018.05.21 12:02:52.962,1.70243,1.70269,1.50,1.00
2018.05.21 12:02:53.059,1.70243,1.70271,1.50,1.00
2018.05.21 12:02:53.266,1.70246,1.70271,1.00,1.00
2018.05.21 12:02:53.795,1.70245,1.7027,1.00,1.00
2018.05.21 12:02:54.322,1.70245,1.70269,1.00,1.00
2018.05.21 12:02:54.761,1.70243,1.70269,1.00,1.00
2018.05.21 12:02:56.782,1.7024,1.70269,1.00,1.00
2018.05.21 12:02:56.885,1.70237,1.70266,1.00,1.00
2018.05.21 12:02:57.192,1.7024,1.70266,1.00,1.00
2018.05.21 12:02:57.466,1.70242,1.70269,1.00,1.00
2018.05.21 12:02:58.141,1.70242,1.70268,1.00,1.00
2018.05.21 12:02:58.216,1.7024,1.70268,1.00,1.00
2018.05.21 12:02:58.267,1.7024,1.70266,1.00,1.00
2018.05.21 12:02:59.632,1.70239,1.70266,1.00,1.00
2018.05.21 12:03:00.862,1.70238,1.70266,1.00,1.00
2018.05.21 12:03:01.896,1.70239,1.70264,1.00,1.00
2018.05.21 12:03:01.947,1.70241,1.70267,1.00,1.00
2018.05.21 12:03:02.453,1.7024,1.70267,1.00,1.00
2018.05.21 12:03:02.990,1.70239,1.70267,1.00,1.00
2018.05.21 12:03:03.517,1.70239,1.70268,1.00,1.00
2018.05.21 12:03:03.820,1.70237,1.70267,1.00,1.00
2018.05.21 12:03:04.925,1.70236,1.70266,1.69,1.00
2018.05.21 12:03:04.976,1.70242,1.70268,1.00,1.00
2018.05.21 12:03:05.027,1.70239,1.70268,1.00,1.50
2018.05.21 12:03:05.294,1.70239,1.70266,1.00,1.00
2018.05.21 12:03:06.009,1.70238,1.70266,1.00,1.00
2018.05.21 12:03:06.575,1.70238,1.70265,1.00,1.00
2018.05.21 12:03:07.830,1.70238,1.70267,1.00,1.50
2018.05.21 12:03:08.278,1.70234,1.70265,1.00,1.00
2018.05.21 12:03:08.379,1.70233,1.70262,1.25,1.00
2018.05.21 12:03:08.742,1.7024,1.70267,1.00,1.00
2018.05.21 12:03:09.167,1.7024,1.70271,1.00,1.38
2018.05.21 12:03:09.371,1.7024,1.70271,1.00,1.00
2018.05.21 12:03:09.903,1.70239,1.70271,1.00,3.38
2018.05.21 12:03:10.464,1.70241,1.70272,1.00,1.25
2018.05.21 12:03:10.952,1.70237,1.70267,1.00,1.00
2018.05.21 12:03:11.387,1.70239,1.70271,1.50,1.44
2018.05.21 12:03:11.439,1.70241,1.7027,1.00,1.44
2018.05.21 12:03:11.542,1.70239,1.70268,1.00,1.25
2018.05.21 12:03:11.593,1.70236,1.70268,1.50,1.44
2018.05.21 12:03:11.944,1.70238,1.70268,1.00,1.50
2018.05.21 12:03:12.464,1.70242,1.7027,1.00,2.25
2018.05.21 12:03:13.111,1.70237,1.70265,1.00,1.00
2018.05.21 12:03:13.628,1.70238,1.70266,1.00,1.00
2018.05.21 12:03:13.934,1.70238,1.70264,1.00,1.00
2018.05.21 12:03:14.098,1.70238,1.70266,1.00,1.00
2018.05.21 12:03:14.618,1.70238,1.70268,1.00,1.00
2018.05.21 12:03:15.790,1.70235,1.70263,1.00,1.00
2018.05.21 12:03:16.333,1.70232,1.70262,1.50,1.00
2018.05.21 12:03:16.941,1.70236,1.70265,1.00,1.00
2018.05.21 12:03:17.276,1.70238,1.70266,1.00,1.00
2018.05.21 12:03:17.776,1.70241,1.70269,1.00,1.25
2018.05.21 12:03:18.298,1.7024,1.7027,1.50,1.00
2018.05.21 12:03:18.892,1.70241,1.7027,1.00,1.00
2018.05.21 12:03:19.613,1.70241,1.70266,1.00,1.00
2018.05.21 12:03:19.665,1.70239,1.70265,1.00,1.00
2018.05.21 12:03:19.979,1.70238,1.70267,1.00,1.00
2018.05.21 12:03:20.611,1.70238,1.70266,1.00,1.00
2018.05.21 12:03:21.020,1.70238,1.70263,1.00,1.00
2018.05.21 12:03:21.354,1.70236,1.70262,1.00,1.00
2018.05.21 12:03:21.457,1.70238,1.70261,1.00,1.00
2018.05.21 12:03:21.966,1.70237,1.70262,1.00,1.00
2018.05.21 12:03:22.304,1.70238,1.70264,1.00,1.00
2018.05.21 12:03:22.406,1.70238,1.70262,1.00,1.00
2018.05.21 12:03:22.609,1.70236,1.70262,1.00,1.00
2018.05.21 12:03:22.970,1.70236,1.70265,1.50,1.00
2018.05.21 12:03:23.021,1.70238,1.70265,1.00,1.50
2018.05.21 12:03:23.379,1.70237,1.70262,1.00,1.00
2018.05.21 12:03:24.240,1.70237,1.70265,1.00,1.00
2018.05.21 12:03:24.394,1.70238,1.70263,1.00,1.00
2018.05.21 12:03:24.709,1.70238,1.70265,1.50,1.00
2018.05.21 12:03:24.864,1.70241,1.70265,1.00,1.00
2018.05.21 12:03:25.028,1.70238,1.70265,1.50,1.00
2018.05.21 12:03:25.555,1.70238,1.70266,1.00,1.00
2018.05.21 12:03:27.487,1.70239,1.70266,1.00,1.00
2018.05.21 12:03:27.792,1.70239,1.70263,1.00,1.00
2018.05.21 12:03:28.192,1.70236,1.70263,1.50,1.00
2018.05.21 12:03:28.293,1.70238,1.70264,1.00,1.00
2018.05.21 12:03:28.597,1.7024,1.70264,1.00,1.00
2018.05.21 12:03:28.718,1.70237,1.70266,1.50,1.00
2018.05.21 12:03:28.769,1.70238,1.70264,1.00,1.00
2018.05.21 12:03:29.075,1.70242,1.70267,1.00,1.00
2018.05.21 12:03:29.126,1.70242,1.70269,1.00,1.00
2018.05.21 12:03:29.177,1.7024,1.70268,1.00,1.00
2018.05.21 12:03:29.229,1.70239,1.70265,1.00,1.00
2018.05.21 12:03:29.280,1.70237,1.70265,1.50,1.00
2018.05.21 12:03:29.331,1.70237,1.70262,1.00,1.00
2018.05.21 12:03:29.665,1.70239,1.70264,1.00,1.00
2018.05.21 12:03:29.931,1.70239,1.70268,1.00,1.44
2018.05.21 12:03:30.482,1.70239,1.70268,1.00,1.00
2018.05.21 12:03:32.007,1.70243,1.70268,1.00,1.00
2018.05.21 12:03:32.313,1.70243,1.7027,1.00,1.00
2018.05.21 12:03:32.466,1.70234,1.70264,1.50,1.25
2018.05.21 12:03:32.517,1.70236,1.70259,1.00,1.00
2018.05.21 12:03:32.620,1.70238,1.70264,1.00,1.69
2018.05.21 12:03:32.722,1.70235,1.70263,1.00,1.00
2018.05.21 12:03:33.233,1.70235,1.70262,1.50,1.00
2018.05.21 12:03:33.644,1.70238,1.70262,1.00,1.00
2018.05.21 12:03:33.847,1.70236,1.70262,1.00,1.00
2018.05.21 12:03:34.774,1.70237,1.70265,1.00,1.00
2018.05.21 12:03:35.296,1.70244,1.70268,1.00,1.00
2018.05.21 12:03:35.347,1.70244,1.70271,1.00,1.00
2018.05.21 12:03:35.858,1.70241,1.70271,1.00,1.50
2018.05.21 12:03:36.010,1.70243,1.7027,1.00,1.00
2018.05.21 12:03:36.334,1.7024,1.70267,1.00,1.00
2018.05.21 12:03:36.436,1.70236,1.70264,1.00,1.00
2018.05.21 12:03:36.487,1.70236,1.70261,1.00,1.00
2018.05.21 12:03:36.812,1.70243,1.70266,1.00,1.00
2018.05.21 12:03:36.914,1.7024,1.70266,1.00,1.00
2018.05.21 12:03:37.117,1.7024,1.70264,1.00,1.00
2018.05.21 12:03:37.565,1.70244,1.70266,1.00,1.00
2018.05.21 12:03:37.657,1.70244,1.70269,1.00,1.00
2018.05.21 12:03:37.708,1.70248,1.70271,1.00,1.00
2018.05.21 12:03:38.064,1.70248,1.70273,1.00,1.00
2018.05.21 12:03:38.290,1.70252,1.70277,1.00,1.00
2018.05.21 12:03:38.392,1.70249,1.70276,1.00,1.00
2018.05.21 12:03:38.444,1.70252,1.70277,1.00,1.00
2018.05.21 12:03:38.781,1.70259,1.70279,1.00,1.00
2018.05.21 12:03:38.925,1.70259,1.70281,1.00,1.00
2018.05.21 12:03:39.079,1.70254,1.7028,1.00,1.00
2018.05.21 12:03:39.233,1.70254,1.70278,1.00,1.00
2018.05.21 12:03:39.541,1.70258,1.70282,1.00,1.00
2018.05.21 12:03:40.018,1.70258,1.70286,1.00,2.44
2018.05.21 12:03:40.544,1.70258,1.70285,1.00,1.25
2018.05.21 12:03:41.109,1.70258,1.70286,1.00,1.50
2018.05.21 12:03:41.653,1.70259,1.70286,1.00,1.50
2018.05.21 12:03:42.159,1.70262,1.70286,1.00,1.00
2018.05.21 12:03:42.806,1.7026,1.70285,1.00,1.00
2018.05.21 12:03:42.858,1.70257,1.70286,1.00,3.75
2018.05.21 12:03:43.011,1.70257,1.70283,1.00,1.00
2018.05.21 12:03:43.115,1.70259,1.70286,1.00,1.25
2018.05.21 12:03:43.274,1.70259,1.70284,1.00,1.00
2018.05.21 12:03:43.625,1.70262,1.70284,1.00,1.00
2018.05.21 12:03:43.677,1.70259,1.70285,1.50,1.00
2018.05.21 12:03:43.745,1.70257,1.70282,1.00,1.00
2018.05.21 12:03:43.799,1.70257,1.70284,1.00,1.50
2018.05.21 12:03:43.983,1.70253,1.70282,1.00,1.00
2018.05.21 12:03:44.189,1.70253,1.7028,1.00,1.00
2018.05.21 12:03:44.608,1.70256,1.7028,1.00,1.00
2018.05.21 12:03:44.658,1.70253,1.7028,1.00,1.00
2018.05.21 12:03:45.320,1.70252,1.7028,1.00,1.00
2018.05.21 12:03:45.370,1.70252,1.70278,1.00,1.00
2018.05.21 12:03:45.522,1.7025,1.70277,1.50,1.00
2018.05.21 12:03:46.196,1.7025,1.70278,1.50,1.00
2018.05.21 12:03:47.003,1.7025,1.70277,1.00,1.00
2018.05.21 12:03:47.367,1.7025,1.70279,1.00,1.50
2018.05.21 12:03:47.898,1.70249,1.70279,1.50,1.50
2018.05.21 12:03:49.910,1.70248,1.70278,1.50,1.00
2018.05.21 12:03:50.063,1.70245,1.70274,1.50,2.25
2018.05.21 12:03:50.368,1.70245,1.70272,1.50,2.25
2018.05.21 12:03:51.223,1.70245,1.70271,1.00,2.25
2018.05.21 12:03:51.946,1.70244,1.70271,1.00,2.25
2018.05.21 12:03:52.632,1.70245,1.70271,1.00,2.25
2018.05.21 12:03:53.120,1.70245,1.70268,1.00,1.00
2018.05.21 12:03:53.172,1.70244,1.70276,1.00,1.69
2018.05.21 12:03:53.376,1.70245,1.70274,1.00,1.00
2018.05.21 12:03:53.428,1.70244,1.70276,2.25,1.25
2018.05.21 12:03:53.954,1.70242,1.70268,1.00,1.00
2018.05.21 12:03:54.464,1.70242,1.70269,1.50,1.00
2018.05.21 12:03:55.060,1.70242,1.70268,2.25,1.00
2018.05.21 12:03:55.922,1.70241,1.70269,2.25,1.00
2018.05.21 12:03:56.244,1.70243,1.70273,1.50,1.00
2018.05.21 12:03:56.348,1.70245,1.70275,1.50,1.00
2018.05.21 12:03:56.694,1.70247,1.70275,1.50,1.00
2018.05.21 12:03:57.250,1.70248,1.70275,1.00,1.00
2018.05.21 12:03:58.232,1.70247,1.70275,1.50,1.00
2018.05.21 12:03:58.774,1.70248,1.70275,1.00,1.00
2018.05.21 12:03:59.367,1.70247,1.70275,1.50,1.00
2018.05.21 12:03:59.943,1.70247,1.70276,1.00,1.00
2018.05.21 12:04:00.988,1.70248,1.70276,1.00,1.00
2018.05.21 12:04:01.896,1.70248,1.70278,1.50,1.00
2018.05.21 12:04:04.045,1.70249,1.70279,1.00,1.00
2018.05.21 12:04:04.723,1.70251,1.70279,1.00,1.00
2018.05.21 12:04:05.285,1.70248,1.70276,1.50,1.00
2018.05.21 12:04:05.388,1.70245,1.70275,1.38,1.50
2018.05.21 12:04:05.587,1.70248,1.70275,1.00,1.00
2018.05.21 12:04:05.688,1.70246,1.70275,1.00,1.00
2018.05.21 12:04:06.006,1.70245,1.70273,1.50,1.00
2018.05.21 12:04:06.545,1.70246,1.70273,1.00,1.00
2018.05.21 12:04:07.094,1.70245,1.70273,1.00,1.00
2018.05.21 12:04:07.606,1.70244,1.70272,1.00,1.00
2018.05.21 12:04:07.656,1.70247,1.70276,1.00,1.00
2018.05.21 12:04:07.808,1.70249,1.70279,1.00,1.00
2018.05.21 12:04:07.859,1.70251,1.70279,1.00,1.00
2018.05.21 12:04:08.163,1.70252,1.70274,1.00,1.00
2018.05.21 12:04:08.265,1.70251,1.7028,1.00,1.00
2018.05.21 12:04:08.532,1.7025,1.70277,1.00,1.00
2018.05.21 12:04:08.583,1.7025,1.70283,1.00,1.56
2018.05.21 12:04:08.634,1.70252,1.70283,1.00,1.69
2018.05.21 12:04:08.839,1.70248,1.70278,1.00,1.00
2018.05.21 12:04:08.890,1.70252,1.70279,1.00,1.00
2018.05.21 12:04:08.942,1.70249,1.70279,1.00,1.00
2018.05.21 12:04:08.993,1.7025,1.70275,1.00,1.00
2018.05.21 12:04:09.044,1.7025,1.70281,1.00,1.50
2018.05.21 12:04:09.095,1.7025,1.70278,1.00,1.50
2018.05.21 12:04:09.352,1.70249,1.70281,1.00,3.38
2018.05.21 12:04:09.406,1.70248,1.70277,1.00,1.25
2018.05.21 12:04:09.612,1.70246,1.70278,1.00,1.00
2018.05.21 12:04:09.715,1.70247,1.70273,1.00,1.00
2018.05.21 12:04:09.868,1.70247,1.70279,1.00,1.44
2018.05.21 12:04:10.264,1.70245,1.70277,1.50,1.00
2018.05.21 12:04:11.056,1.70248,1.7028,1.00,1.50
2018.05.21 12:04:11.377,1.7025,1.70284,1.00,1.00
2018.05.21 12:04:11.920,1.70249,1.70284,1.50,1.25
2018.05.21 12:04:11.971,1.70249,1.70279,1.50,1.00
2018.05.21 12:04:12.073,1.70251,1.70283,1.00,1.00
2018.05.21 12:04:12.124,1.70249,1.70279,1.00,1.00
2018.05.21 12:04:12.635,1.70249,1.70278,1.00,1.00
2018.05.21 12:04:13.236,1.70249,1.70277,1.00,1.00
2018.05.21 12:04:13.399,1.70249,1.70279,1.00,1.00
2018.05.21 12:04:13.654,1.7025,1.70282,1.00,1.25
2018.05.21 12:04:14.045,1.70248,1.7028,1.50,1.00
2018.05.21 12:04:14.511,1.70249,1.70282,1.00,1.25
2018.05.21 12:04:14.854,1.70249,1.70279,1.00,1.00
2018.05.21 12:04:15.215,1.70251,1.70285,1.00,3.00
2018.05.21 12:04:15.266,1.70249,1.70281,1.00,1.00
2018.05.21 12:04:15.419,1.70248,1.70278,1.50,1.00
2018.05.21 12:04:15.767,1.70256,1.70286,1.00,1.88
2018.05.21 12:04:15.870,1.70253,1.70283,1.25,1.00
2018.05.21 12:04:15.923,1.70253,1.70281,1.00,1.00
2018.05.21 12:04:16.953,1.7025,1.70281,1.44,1.00
2018.05.21 12:04:17.215,1.70249,1.70278,3.00,1.00
2018.05.21 12:04:17.319,1.70249,1.70281,1.50,1.00
2018.05.21 12:04:18.525,1.70249,1.7028,3.19,1.00
2018.05.21 12:04:19.100,1.70249,1.70281,1.69,1.00
2018.05.21 12:04:21.008,1.70251,1.70282,1.00,1.00
2018.05.21 12:04:21.310,1.70256,1.70278,1.00,1.00
2018.05.21 12:04:21.361,1.70258,1.70289,1.00,1.69
2018.05.21 12:04:21.464,1.70258,1.70285,1.00,1.00
2018.05.21 12:04:21.515,1.70258,1.70288,1.00,1.00
2018.05.21 12:04:21.567,1.70258,1.70283,1.00,1.00
2018.05.21 12:04:21.668,1.70257,1.70285,1.00,1.00
2018.05.21 12:04:21.719,1.70257,1.70287,1.50,1.00
2018.05.21 12:04:21.770,1.70257,1.7029,1.00,1.69
2018.05.21 12:04:21.820,1.70259,1.70289,1.50,1.00
2018.05.21 12:04:22.124,1.70261,1.70292,1.50,1.00
2018.05.21 12:04:22.327,1.70261,1.70288,1.00,2.25
2018.05.21 12:04:22.428,1.70259,1.70288,1.50,2.63
2018.05.21 12:04:23.018,1.70259,1.70288,1.00,2.44
2018.05.21 12:04:23.486,1.70261,1.7029,1.00,1.88
2018.05.21 12:04:23.538,1.70261,1.7029,1.00,2.25
2018.05.21 12:04:23.692,1.70259,1.70287,1.50,2.25
2018.05.21 12:04:24.254,1.70258,1.70287,1.00,1.00
2018.05.21 12:04:24.559,1.70259,1.7029,1.00,2.63
2018.05.21 12:04:25.099,1.7026,1.7029,1.00,2.25
2018.05.21 12:04:25.658,1.7026,1.70291,1.00,1.00
2018.05.21 12:04:27.418,1.7026,1.70289,1.00,1.00
2018.05.21 12:04:27.805,1.70259,1.70291,2.25,1.00
2018.05.21 12:04:28.342,1.7026,1.70291,1.00,1.00
2018.05.21 12:04:29.610,1.7026,1.70289,1.00,1.00
2018.05.21 12:04:30.056,1.70263,1.70289,1.00,1.00
2018.05.21 12:04:30.158,1.70263,1.70291,1.00,1.00
2018.05.21 12:04:30.893,1.70263,1.70292,1.00,1.00
2018.05.21 12:04:30.945,1.70263,1.70294,1.00,1.00
2018.05.21 12:04:31.047,1.70263,1.70292,1.00,1.00
2018.05.21 12:04:31.589,1.70263,1.70293,1.00,1.00
2018.05.21 12:04:31.951,1.70267,1.70299,1.00,1.50
2018.05.21 12:04:32.003,1.70271,1.70299,1.00,1.88
2018.05.21 12:04:32.157,1.70267,1.70295,1.00,1.00
2018.05.21 12:04:32.260,1.70266,1.70292,1.00,1.00
2018.05.21 12:04:32.429,1.70266,1.70297,1.50,1.00
2018.05.21 12:04:32.532,1.70268,1.70297,1.00,1.00
2018.05.21 12:04:33.018,1.70267,1.70294,1.00,1.00
2018.05.21 12:04:33.719,1.70267,1.70295,1.00,1.13
2018.05.21 12:04:34.542,1.70267,1.70293,1.00,1.00
2018.05.21 12:04:35.265,1.70267,1.70295,1.00,1.25
2018.05.21 12:04:35.367,1.70267,1.70297,1.00,1.25
2018.05.21 12:04:35.419,1.70265,1.70295,1.50,1.00
2018.05.21 12:04:36.028,1.70265,1.70293,1.00,1.00
2018.05.21 12:04:36.388,1.70263,1.70293,1.25,1.00
2018.05.21 12:04:37.488,1.70266,1.70293,1.00,1.00
2018.05.21 12:04:39.703,1.70267,1.70296,1.00,1.00
2018.05.21 12:04:39.763,1.70267,1.70294,1.00,1.00
2018.05.21 12:04:40.017,1.70269,1.70297,1.00,1.25
2018.05.21 12:04:40.563,1.70268,1.70298,1.00,1.44
2018.05.21 12:04:40.821,1.7027,1.70298,1.00,1.25
2018.05.21 12:04:41.405,1.7027,1.70298,1.00,1.44
2018.05.21 12:04:41.456,1.70266,1.70296,1.00,1.00
2018.05.21 12:04:44.952,1.70264,1.70295,1.50,1.00
2018.05.21 12:04:45.485,1.70264,1.70294,1.00,1.00
2018.05.21 12:04:46.499,1.70265,1.70294,1.00,1.00
2018.05.21 12:04:48.758,1.70267,1.70297,1.00,1.00
2018.05.21 12:04:49.014,1.70268,1.70299,1.00,1.25
2018.05.21 12:04:49.065,1.70268,1.70297,1.00,1.00
2018.05.21 12:04:49.740,1.70266,1.70294,1.00,1.00
2018.05.21 12:04:50.560,1.70265,1.70294,1.00,1.00
2018.05.21 12:04:51.070,1.70266,1.70295,1.50,1.00
2018.05.21 12:04:52.120,1.70268,1.70297,1.00,1.00
2018.05.21 12:04:52.904,1.70268,1.70298,1.00,1.38
2018.05.21 12:04:52.956,1.70266,1.70295,1.50,1.44
2018.05.21 12:04:53.060,1.70266,1.70296,1.00,1.00
2018.05.21 12:04:54.339,1.70266,1.70296,1.00,1.44
2018.05.21 12:04:54.845,1.70266,1.70296,1.00,1.25
2018.05.21 12:04:55.193,1.70263,1.70293,2.25,1.00
2018.05.21 12:04:55.500,1.70263,1.7029,1.00,1.00
2018.05.21 12:04:56.895,1.70261,1.7029,3.00,1.00
2018.05.21 12:04:59.365,1.70261,1.70289,1.50,1.00
2018.05.21 12:04:59.417,1.70261,1.70287,1.00,1.00
2018.05.21 12:04:59.513,1.70261,1.70291,1.00,1.12
2018.05.21 12:04:59.565,1.70264,1.70289,1.00,1.00
2018.05.21 12:04:59.616,1.70263,1.70291,1.00,1.00
2018.05.21 12:04:59.667,1.70259,1.70291,2.25,1.00
2018.05.21 12:04:59.718,1.70261,1.7029,1.50,1.00
2018.05.21 12:04:59.769,1.70262,1.70294,1.00,3.38
2018.05.21 12:04:59.820,1.70267,1.70299,1.00,1.00
2018.05.21 12:05:00.149,1.70257,1.7028,1.00,1.00
2018.05.21 12:05:00.200,1.70255,1.70284,1.00,1.00
2018.05.21 12:05:00.251,1.70258,1.70286,1.00,1.00
2018.05.21 12:05:00.505,1.70258,1.70288,1.00,1.00
2018.05.21 12:05:00.788,1.70256,1.70284,1.00,1.00
2018.05.21 12:05:01.516,1.70256,1.70285,1.00,1.00
2018.05.21 12:05:02.065,1.70255,1.70285,1.25,1.00
2018.05.21 12:05:02.383,1.70254,1.70283,1.00,1.00
2018.05.21 12:05:03.517,1.70253,1.70283,2.44,1.00
2018.05.21 12:05:04.057,1.70254,1.70283,1.00,1.00
2018.05.21 12:05:04.388,1.70263,1.70291,1.00,1.00
2018.05.21 12:05:04.441,1.70261,1.7029,1.00,1.00
2018.05.21 12:05:04.770,1.70264,1.70295,1.00,1.50
2018.05.21 12:05:04.873,1.70261,1.70291,1.69,1.00
2018.05.21 12:05:05.397,1.70262,1.7029,1.00,1.00
2018.05.21 12:05:05.447,1.70264,1.70294,1.00,1.50
2018.05.21 12:05:05.549,1.70265,1.70296,1.00,1.00
2018.05.21 12:05:06.013,1.70267,1.70295,1.00,1.00
2018.05.21 12:05:06.065,1.70265,1.70295,1.00,1.00
2018.05.21 12:05:06.713,1.70265,1.70293,1.00,1.00
2018.05.21 12:05:06.765,1.70265,1.70295,1.00,1.00
2018.05.21 12:05:07.326,1.70263,1.70293,2.25,1.00
2018.05.21 12:05:07.428,1.70265,1.70296,1.00,1.00
2018.05.21 12:05:07.530,1.70263,1.70293,2.25,1.00
2018.05.21 12:05:07.947,1.70263,1.7029,1.50,1.00
2018.05.21 12:05:08.472,1.70268,1.70296,1.00,1.25
2018.05.21 12:05:08.726,1.70266,1.70295,1.00,1.00
2018.05.21 12:05:08.828,1.70265,1.70293,1.00,1.00
2018.05.21 12:05:08.921,1.70268,1.70298,1.00,1.44
2018.05.21 12:05:09.559,1.70267,1.70297,1.50,1.00
2018.05.21 12:05:09.774,1.70269,1.70297,1.00,1.00
2018.05.21 12:05:10.952,1.7027,1.70297,1.00,1.00
2018.05.21 12:05:14.230,1.7027,1.70298,1.50,1.00
2018.05.21 12:05:14.762,1.7027,1.70299,1.00,1.00
2018.05.21 12:05:15.391,1.70271,1.70299,1.00,1.00
2018.05.21 12:05:16.070,1.70271,1.70297,1.00,1.00
2018.05.21 12:05:16.224,1.70267,1.70296,1.50,1.00
2018.05.21 12:05:16.735,1.70267,1.70295,1.00,1.00
2018.05.21 12:05:17.479,1.70267,1.70294,1.00,1.00
2018.05.21 12:05:18.691,1.70268,1.70297,1.00,1.00
2018.05.21 12:05:18.743,1.70272,1.70299,1.60,1.00
2018.05.21 12:05:18.897,1.70271,1.70299,1.69,1.00
2018.05.21 12:05:19.562,1.70271,1.70296,1.50,1.00
2018.05.21 12:05:20.064,1.70268,1.70293,1.00,1.00
2018.05.21 12:05:20.624,1.70268,1.70294,1.00,1.00
2018.05.21 12:05:21.239,1.70268,1.70296,1.00,1.00
2018.05.21 12:05:21.290,1.70269,1.70299,1.00,1.00
2018.05.21 12:05:21.341,1.70272,1.70299,1.00,1.00
2018.05.21 12:05:21.677,1.70272,1.70295,1.00,1.00
2018.05.21 12:05:21.943,1.70272,1.70298,1.00,1.00
2018.05.21 12:05:21.994,1.70269,1.70293,1.00,1.00
2018.05.21 12:05:22.477,1.70269,1.70296,1.00,1.00
2018.05.21 12:05:22.994,1.70269,1.70298,1.00,1.00
2018.05.21 12:05:23.199,1.70269,1.70288,1.00,1.00
2018.05.21 12:05:23.404,1.70269,1.70297,1.00,1.50
2018.05.21 12:05:23.994,1.70269,1.70295,1.00,1.00
2018.05.21 12:05:24.300,1.70269,1.70289,1.00,1.00
2018.05.21 12:05:24.351,1.70265,1.70289,1.00,1.00
2018.05.21 12:05:24.897,1.70265,1.70288,1.00,1.00
2018.05.21 12:05:25.237,1.70265,1.70293,1.00,1.00
2018.05.21 12:05:25.656,1.70265,1.70288,1.00,1.00
2018.05.21 12:05:25.797,1.70265,1.70293,1.00,1.00
2018.05.21 12:05:26.114,1.70265,1.70291,1.00,1.00
2018.05.21 12:05:26.431,1.70265,1.70293,1.00,1.00
2018.05.21 12:05:26.483,1.70268,1.70296,1.00,1.00
2018.05.21 12:05:26.900,1.70265,1.70293,1.50,1.00
2018.05.21 12:05:27.234,1.70265,1.70291,1.50,1.00
2018.05.21 12:05:27.795,1.70266,1.70291,1.00,1.00
2018.05.21 12:05:27.916,1.70266,1.70293,1.00,1.00
2018.05.21 12:05:28.416,1.70266,1.70295,1.00,1.00
2018.05.21 12:05:28.919,1.70266,1.70294,1.00,1.00
2018.05.21 12:05:29.468,1.70265,1.70294,1.00,1.00
2018.05.21 12:05:29.695,1.70266,1.70291,1.00,1.00
2018.05.21 12:05:30.233,1.70266,1.70294,1.00,1.00
2018.05.21 12:05:30.723,1.70266,1.70289,1.00,1.00
2018.05.21 12:05:31.176,1.70266,1.70293,1.00,1.00
2018.05.21 12:05:31.700,1.70267,1.70292,1.00,1.00
2018.05.21 12:05:32.228,1.70267,1.70293,1.00,1.00
2018.05.21 12:05:33.136,1.70267,1.70292,1.00,1.00
2018.05.21 12:05:33.188,1.70267,1.70289,1.00,1.00
2018.05.21 12:05:33.395,1.70267,1.70297,1.00,1.00
2018.05.21 12:05:33.646,1.70267,1.70292,1.00,1.00
2018.05.21 12:05:34.195,1.70267,1.70295,1.00,1.00
2018.05.21 12:05:34.648,1.70267,1.70291,1.00,1.00
2018.05.21 12:05:35.139,1.70267,1.70297,1.00,1.00
2018.05.21 12:05:35.512,1.70267,1.70292,1.00,1.00
2018.05.21 12:05:36.005,1.70264,1.70294,1.00,1.50
2018.05.21 12:05:36.549,1.70264,1.70291,1.00,1.00
2018.05.21 12:05:37.058,1.70264,1.70292,1.00,1.00
2018.05.21 12:05:37.468,1.70264,1.70292,1.88,1.00
2018.05.21 12:05:37.520,1.7027,1.70297,1.00,1.00
2018.05.21 12:05:38.558,1.7027,1.70298,1.00,1.00
2018.05.21 12:05:38.692,1.70272,1.70297,1.00,1.00
2018.05.21 12:05:39.200,1.70273,1.70298,1.00,1.00
2018.05.21 12:05:39.524,1.70273,1.703,1.00,1.00
2018.05.21 12:05:40.089,1.70273,1.70296,1.00,1.00
2018.05.21 12:05:40.506,1.70269,1.70297,1.50,1.00
2018.05.21 12:05:40.658,1.70266,1.70294,1.00,1.00
2018.05.21 12:05:41.012,1.70266,1.70292,1.00,1.00
2018.05.21 12:05:41.499,1.70266,1.70294,1.00,1.00
2018.05.21 12:05:41.778,1.70266,1.70292,1.00,1.00
2018.05.21 12:05:42.314,1.70266,1.70291,1.00,1.00
2018.05.21 12:05:42.827,1.70266,1.70292,1.00,1.00
2018.05.21 12:05:43.291,1.70266,1.70294,1.00,1.00
2018.05.21 12:05:43.828,1.70266,1.70293,1.00,1.00
2018.05.21 12:05:44.036,1.70263,1.70291,2.25,1.00
2018.05.21 12:05:44.289,1.70266,1.70296,1.00,1.00
2018.05.21 12:05:44.391,1.70269,1.70296,1.00,1.00
2018.05.21 12:05:44.692,1.70269,1.70291,1.00,1.00
2018.05.21 12:05:45.228,1.70269,1.70292,1.00,1.00
2018.05.21 12:05:45.279,1.70269,1.70296,1.00,1.00
2018.05.21 12:05:45.426,1.70269,1.70292,1.00,1.00
2018.05.21 12:05:45.926,1.70268,1.70295,1.00,1.00
2018.05.21 12:05:46.501,1.70269,1.70296,1.00,2.25
2018.05.21 12:05:47.427,1.70268,1.70296,2.25,3.00
2018.05.21 12:05:47.944,1.70268,1.70295,1.50,1.00
2018.05.21 12:05:48.426,1.70268,1.70293,1.50,1.00
2018.05.21 12:05:48.928,1.70269,1.70294,1.00,1.00
2018.05.21 12:05:49.479,1.70268,1.70294,1.00,1.00
2018.05.21 12:05:49.857,1.70269,1.70291,1.00,1.00
2018.05.21 12:05:50.807,1.70269,1.70292,1.00,1.00
2018.05.21 12:05:51.347,1.70269,1.70291,1.00,1.00
2018.05.21 12:05:52.328,1.70269,1.70295,1.00,3.38
2018.05.21 12:05:52.867,1.70269,1.70293,1.00,1.00
2018.05.21 12:05:53.297,1.70268,1.70295,1.50,2.63
2018.05.21 12:05:53.477,1.70268,1.70291,1.00,1.00
2018.05.21 12:05:53.985,1.70268,1.70294,1.00,1.00
2018.05.21 12:05:54.496,1.70269,1.70289,1.00,1.00
2018.05.21 12:05:54.917,1.70269,1.70295,1.00,1.88
2018.05.21 12:05:55.371,1.70265,1.70291,1.00,1.00
2018.05.21 12:05:55.678,1.70265,1.70295,1.00,1.88
2018.05.21 12:05:56.007,1.70265,1.70291,1.00,1.00
2018.05.21 12:05:56.934,1.70265,1.70292,1.00,1.00
2018.05.21 12:05:57.264,1.70265,1.7029,1.00,1.00
2018.05.21 12:05:57.487,1.70265,1.70294,1.00,1.00
2018.05.21 12:05:58.468,1.70265,1.70291,1.00,1.00
2018.05.21 12:05:58.857,1.70265,1.70294,1.00,1.00
2018.05.21 12:05:59.407,1.70265,1.70293,1.00,1.00
2018.05.21 12:05:59.594,1.70267,1.70293,1.00,1.00
2018.05.21 12:05:59.917,1.70264,1.70293,1.00,1.50
2018.05.21 12:05:59.978,1.70263,1.70291,1.00,1.00
2018.05.21 12:06:00.285,1.70259,1.70291,1.50,1.00
2018.05.21 12:06:00.387,1.70259,1.70289,1.69,1.00
2018.05.21 12:06:00.870,1.70259,1.70291,1.00,1.00
2018.05.21 12:06:01.503,1.7026,1.70292,1.00,1.50
2018.05.21 12:06:01.555,1.70262,1.70286,1.00,1.00
2018.05.21 12:06:01.656,1.7026,1.70286,1.00,1.00
2018.05.21 12:06:02.019,1.7026,1.70288,1.00,1.00
2018.05.21 12:06:03.052,1.7026,1.70285,1.00,1.00
2018.05.21 12:06:03.180,1.7026,1.7029,1.00,1.00
2018.05.21 12:06:03.346,1.7026,1.70288,1.00,1.00
2018.05.21 12:06:05.323,1.7026,1.70289,1.00,4.13
2018.05.21 12:06:05.629,1.7026,1.70286,1.00,1.00
2018.05.21 12:06:05.679,1.7026,1.70289,1.00,1.00
2018.05.21 12:06:05.849,1.7026,1.70284,1.00,1.00
2018.05.21 12:06:06.046,1.70263,1.70292,1.00,1.00
2018.05.21 12:06:06.148,1.70263,1.70284,1.00,1.00
2018.05.21 12:06:06.507,1.70262,1.70291,1.00,1.38
2018.05.21 12:06:06.609,1.70262,1.70284,1.00,1.00
2018.05.21 12:06:07.091,1.70261,1.70292,1.00,1.38
2018.05.21 12:06:08.048,1.70261,1.70287,1.00,1.00
2018.05.21 12:06:08.599,1.70261,1.70288,1.00,1.00
2018.05.21 12:06:09.246,1.70261,1.70289,1.00,1.00
2018.05.21 12:06:09.564,1.70263,1.70287,1.00,1.00
2018.05.21 12:06:10.100,1.70265,1.70288,1.00,1.00
2018.05.21 12:06:10.486,1.70262,1.70288,1.00,1.00
2018.05.21 12:06:10.560,1.7026,1.70292,1.00,1.00
2018.05.21 12:06:10.612,1.70259,1.70283,1.00,1.00
2018.05.21 12:06:10.866,1.70257,1.70284,1.50,1.00
2018.05.21 12:06:10.969,1.70253,1.70283,1.50,1.50
2018.05.21 12:06:11.071,1.70252,1.70281,1.00,1.00
2018.05.21 12:06:11.708,1.70252,1.7028,1.00,1.00
2018.05.21 12:06:12.071,1.70252,1.70276,1.00,1.00
2018.05.21 12:06:12.652,1.70252,1.70277,1.00,1.00
2018.05.21 12:06:12.912,1.70251,1.70281,1.00,1.25
2018.05.21 12:06:13.013,1.70253,1.70283,1.00,1.00
2018.05.21 12:06:13.328,1.70253,1.70277,1.00,1.00
2018.05.21 12:06:13.518,1.70251,1.70277,1.00,1.00
2018.05.21 12:06:14.803,1.70251,1.70283,1.00,1.88
2018.05.21 12:06:15.119,1.70255,1.70284,1.00,1.00
2018.05.21 12:06:15.423,1.70256,1.70277,1.00,1.00
2018.05.21 12:06:15.575,1.70254,1.70276,1.00,1.00
2018.05.21 12:06:15.626,1.70256,1.70276,1.50,1.00
2018.05.21 12:06:15.677,1.70258,1.70282,1.00,1.00
2018.05.21 12:06:15.764,1.70255,1.70282,1.69,1.00
2018.05.21 12:06:15.815,1.70258,1.70289,1.00,1.00
2018.05.21 12:06:15.866,1.70255,1.70287,1.00,1.00
2018.05.21 12:06:15.968,1.70255,1.70277,1.00,1.00
2018.05.21 12:06:16.221,1.70253,1.70276,1.69,1.00
2018.05.21 12:06:16.721,1.70254,1.70284,1.25,1.00
2018.05.21 12:06:16.771,1.70256,1.70285,1.00,1.00
2018.05.21 12:06:17.096,1.70256,1.70275,1.25,1.00
2018.05.21 12:06:17.356,1.70256,1.70277,1.00,1.00
2018.05.21 12:06:17.887,1.70253,1.70275,1.00,1.00
2018.05.21 12:06:18.041,1.70255,1.70283,1.00,1.00
2018.05.21 12:06:18.197,1.70258,1.70287,1.00,1.00
2018.05.21 12:06:18.248,1.70261,1.70286,1.00,1.00
2018.05.21 12:06:18.385,1.70255,1.70286,1.69,1.00
2018.05.21 12:06:18.436,1.7026,1.70286,1.00,1.00
2018.05.21 12:06:18.487,1.70256,1.70289,1.25,1.00
2018.05.21 12:06:18.692,1.70258,1.70289,1.00,1.00
2018.05.21 12:06:18.744,1.70256,1.70289,1.69,1.00
2018.05.21 12:06:18.949,1.70261,1.70289,1.00,1.00
2018.05.21 12:06:19.051,1.70256,1.70287,1.69,1.00
2018.05.21 12:06:19.103,1.70264,1.70294,1.00,1.00
2018.05.21 12:06:19.420,1.70264,1.70289,1.00,1.00
2018.05.21 12:06:19.726,1.70267,1.70288,1.00,1.00
2018.05.21 12:06:19.892,1.70267,1.70291,1.00,1.00
2018.05.21 12:06:20.431,1.70267,1.70288,1.00,1.00
2018.05.21 12:06:20.917,1.70267,1.70296,1.00,3.19
2018.05.21 12:06:21.423,1.70266,1.70295,1.00,1.13
2018.05.21 12:06:21.575,1.70265,1.70287,1.00,1.00
2018.05.21 12:06:21.782,1.70265,1.70295,1.00,1.88
2018.05.21 12:06:21.833,1.70265,1.70289,1.00,1.00
2018.05.21 12:06:21.985,1.70263,1.7029,1.00,1.00
2018.05.21 12:06:22.300,1.70264,1.70292,1.00,1.00
2018.05.21 12:06:22.809,1.70266,1.70291,1.00,1.00
2018.05.21 12:06:23.013,1.70266,1.70297,1.50,1.25
2018.05.21 12:06:23.165,1.70266,1.70288,1.00,1.00
2018.05.21 12:06:23.319,1.70266,1.70296,1.00,1.00
2018.05.21 12:06:23.587,1.70266,1.70292,1.00,1.00
2018.05.21 12:06:23.820,1.70266,1.70296,1.00,1.44
2018.05.21 12:06:24.009,1.70266,1.70288,1.00,1.00
2018.05.21 12:06:24.111,1.70266,1.70296,1.00,1.13
2018.05.21 12:06:24.449,1.70266,1.7029,1.00,1.00
2018.05.21 12:06:24.617,1.70266,1.70296,1.00,1.13
2018.05.21 12:06:24.887,1.70266,1.7029,1.00,1.00
2018.05.21 12:06:25.041,1.70266,1.70296,1.00,1.00
2018.05.21 12:06:25.415,1.70266,1.70291,1.00,1.00
2018.05.21 12:06:25.725,1.7026,1.70284,1.50,1.00
2018.05.21 12:06:25.896,1.70264,1.70296,1.00,1.00
2018.05.21 12:06:25.948,1.70264,1.70294,1.00,1.00
2018.05.21 12:06:26.457,1.70265,1.70295,1.00,1.00
2018.05.21 12:06:26.774,1.70265,1.70287,1.00,1.00
2018.05.21 12:06:26.960,1.70271,1.70296,1.00,2.25
2018.05.21 12:06:27.012,1.70269,1.70297,1.00,1.00
2018.05.21 12:06:27.274,1.70262,1.70294,2.44,1.00
2018.05.21 12:06:27.949,1.70267,1.70294,1.00,1.00
2018.05.21 12:06:28.256,1.7026,1.70283,1.00,1.00
2018.05.21 12:06:28.612,1.7026,1.70286,1.00,1.00
2018.05.21 12:06:29.103,1.7026,1.70284,1.00,1.00
2018.05.21 12:06:29.513,1.70264,1.70284,1.00,1.00
2018.05.21 12:06:29.564,1.70259,1.70284,1.50,1.00
2018.05.21 12:06:29.769,1.70257,1.70283,1.50,1.00
2018.05.21 12:06:29.922,1.7026,1.70284,1.00,1.00
2018.05.21 12:06:30.087,1.7026,1.70286,1.00,1.00
2018.05.21 12:06:30.547,1.7026,1.7028,1.00,1.00
2018.05.21 12:06:30.650,1.70265,1.7029,1.00,1.00
2018.05.21 12:06:30.701,1.70265,1.70293,1.00,1.00
2018.05.21 12:06:30.954,1.70263,1.70287,1.00,1.00
2018.05.21 12:06:31.406,1.70266,1.70287,1.00,1.00
2018.05.21 12:06:31.507,1.70264,1.70287,1.00,1.00
2018.05.21 12:06:31.748,1.70264,1.70293,1.00,1.00
2018.05.21 12:06:32.126,1.70264,1.70288,1.00,1.00
2018.05.21 12:06:32.457,1.70264,1.70294,1.00,1.00
2018.05.21 12:06:32.876,1.70264,1.70291,1.00,1.00
2018.05.21 12:06:33.257,1.70264,1.70294,1.00,1.00
2018.05.21 12:06:33.483,1.70268,1.70296,1.00,1.00
2018.05.21 12:06:34.197,1.70266,1.70295,1.00,1.00
2018.05.21 12:06:34.249,1.70266,1.70289,1.00,1.00
2018.05.21 12:06:34.301,1.70263,1.70289,1.50,1.00
2018.05.21 12:06:34.454,1.7026,1.70289,1.00,1.00
2018.05.21 12:06:34.558,1.7026,1.7028,1.00,1.00
2018.05.21 12:06:34.609,1.70258,1.70281,1.00,1.00
2018.05.21 12:06:34.782,1.70262,1.70291,1.00,1.00
2018.05.21 12:06:34.955,1.70259,1.70291,1.00,1.00
2018.05.21 12:06:35.006,1.70259,1.70286,1.00,1.00
2018.05.21 12:06:35.508,1.70259,1.70285,1.00,1.00
2018.05.21 12:06:35.978,1.70259,1.7028,1.00,1.00
2018.05.21 12:06:36.457,1.70259,1.70284,1.00,1.00
2018.05.21 12:06:36.977,1.7026,1.70283,1.00,1.00
2018.05.21 12:06:37.411,1.70258,1.70284,1.25,1.00
2018.05.21 12:06:37.665,1.70264,1.70293,1.00,1.50
2018.05.21 12:06:37.868,1.70264,1.70285,1.00,1.00
2018.05.21 12:06:37.981,1.70262,1.70286,1.00,1.00
2018.05.21 12:06:38.852,1.7026,1.70284,1.00,1.00
2018.05.21 12:06:39.359,1.70261,1.70286,1.00,1.00
2018.05.21 12:06:39.886,1.70261,1.70285,1.00,1.00
2018.05.21 12:06:40.429,1.7026,1.70285,1.50,1.00
2018.05.21 12:06:41.292,1.70261,1.70285,1.00,1.00
2018.05.21 12:06:41.659,1.7026,1.70287,1.00,1.00
2018.05.21 12:06:44.369,1.7026,1.70285,1.50,1.00
2018.05.21 12:06:45.843,1.7026,1.70287,1.00,1.00
2018.05.21 12:06:46.838,1.7026,1.70285,1.50,1.00
2018.05.21 12:06:48.836,1.7026,1.70287,1.00,1.00
2018.05.21 12:06:49.361,1.7026,1.70286,1.00,1.00
2018.05.21 12:06:49.906,1.7026,1.70287,1.00,1.00
2018.05.21 12:06:50.378,1.70262,1.70285,1.00,1.00
2018.05.21 12:06:50.430,1.7026,1.70285,1.50,1.00
2018.05.21 12:06:50.757,1.7026,1.70291,1.00,1.00
2018.05.21 12:06:51.013,1.7026,1.70286,1.50,1.00
2018.05.21 12:06:51.586,1.70261,1.70286,1.00,1.00
2018.05.21 12:06:51.707,1.70261,1.70291,1.00,1.00
2018.05.21 12:06:51.924,1.7026,1.70286,1.50,1.00
2018.05.21 12:06:52.369,1.70262,1.70282,1.00,1.00
2018.05.21 12:06:52.421,1.70266,1.70294,1.00,1.00
2018.05.21 12:06:52.950,1.70266,1.70295,1.00,1.00
2018.05.21 12:06:53.218,1.70266,1.70293,1.00,1.00
2018.05.21 12:06:53.728,1.70266,1.70295,1.00,1.50
2018.05.21 12:06:54.917,1.70266,1.70294,1.00,1.00
2018.05.21 12:06:55.445,1.70266,1.70295,1.00,1.50
2018.05.21 12:06:55.496,1.70269,1.70296,1.00,1.00
2018.05.21 12:06:55.904,1.70269,1.70292,1.00,1.00
2018.05.21 12:06:56.146,1.70267,1.70292,1.00,1.00
2018.05.21 12:06:56.380,1.70267,1.70296,1.00,1.00
2018.05.21 12:06:56.878,1.7027,1.70291,1.00,1.00
2018.05.21 12:06:57.318,1.7027,1.70299,1.00,1.25
2018.05.21 12:06:57.797,1.7027,1.70297,1.00,1.00
2018.05.21 12:06:57.899,1.70268,1.70297,1.00,1.00
2018.05.21 12:06:58.248,1.70268,1.703,1.00,1.00
2018.05.21 12:06:58.747,1.70268,1.70297,1.00,1.00
2018.05.21 12:06:59.177,1.70269,1.70299,1.00,1.00
2018.05.21 12:06:59.483,1.7027,1.70296,1.00,1.00
2018.05.21 12:06:59.744,1.70275,1.70303,1.00,1.00
2018.05.21 12:06:59.809,1.70277,1.70303,1.00,1.00
2018.05.21 12:07:00.372,1.70277,1.70304,1.00,3.00
2018.05.21 12:07:00.725,1.70274,1.70297,1.00,1.00
2018.05.21 12:07:00.922,1.70271,1.70297,1.00,1.00
2018.05.21 12:07:01.178,1.70273,1.70297,1.00,1.00
2018.05.21 12:07:01.230,1.70273,1.70303,1.00,3.00
2018.05.21 12:07:01.490,1.70273,1.70296,1.00,1.00
2018.05.21 12:07:01.541,1.70271,1.70296,1.00,1.00
2018.05.21 12:07:02.049,1.7027,1.70297,1.00,1.00
2018.05.21 12:07:02.614,1.7027,1.70296,1.00,1.00
2018.05.21 12:07:03.155,1.70271,1.70297,1.00,1.00
2018.05.21 12:07:03.307,1.70268,1.70296,1.00,1.00
2018.05.21 12:07:03.458,1.70268,1.70298,1.00,1.00
2018.05.21 12:07:03.993,1.70268,1.70295,1.00,1.00
2018.05.21 12:07:04.518,1.70268,1.70296,1.00,1.00
2018.05.21 12:07:05.185,1.70268,1.70295,1.00,1.00
2018.05.21 12:07:06.204,1.70268,1.70296,1.00,1.00
2018.05.21 12:07:06.998,1.70268,1.70297,1.00,1.00
2018.05.21 12:07:07.314,1.70268,1.70295,1.00,1.00
2018.05.21 12:07:07.613,1.70266,1.70295,1.00,1.00
2018.05.21 12:07:07.714,1.70264,1.70291,1.00,1.00
2018.05.21 12:07:08.021,1.70264,1.70286,1.00,1.00
2018.05.21 12:07:08.072,1.70264,1.70294,1.69,1.50
2018.05.21 12:07:08.123,1.70267,1.70294,1.00,1.00
2018.05.21 12:07:08.675,1.7027,1.70295,1.00,1.00
2018.05.21 12:07:08.727,1.7027,1.70301,1.00,1.00
2018.05.21 12:07:08.779,1.70274,1.70301,1.00,1.00
2018.05.21 12:07:09.387,1.70274,1.70302,1.00,1.00
2018.05.21 12:07:09.732,1.70271,1.70299,1.50,1.00
2018.05.21 12:07:09.834,1.70269,1.70299,1.00,1.00
2018.05.21 12:07:10.171,1.70267,1.70297,1.00,1.00
2018.05.21 12:07:10.474,1.70268,1.70294,1.00,1.00
2018.05.21 12:07:11.248,1.70268,1.70293,1.00,1.00
2018.05.21 12:07:11.781,1.70268,1.70294,1.00,1.00
2018.05.21 12:07:13.237,1.70268,1.70292,1.00,1.00
2018.05.21 12:07:13.740,1.70268,1.70294,1.00,1.00
2018.05.21 12:07:14.288,1.70268,1.70293,1.00,1.00
2018.05.21 12:07:14.607,1.70266,1.70293,1.00,1.00
2018.05.21 12:07:14.883,1.70264,1.70292,1.69,1.00
2018.05.21 12:07:15.242,1.70265,1.70295,1.00,1.00
2018.05.21 12:07:15.778,1.70265,1.70294,1.00,1.00
2018.05.21 12:07:16.286,1.70265,1.70295,1.00,1.00
2018.05.21 12:07:16.730,1.70265,1.70292,1.00,1.00
2018.05.21 12:07:17.265,1.70264,1.70292,1.00,1.00
2018.05.21 12:07:17.596,1.70265,1.70289,1.00,1.00
2018.05.21 12:07:17.941,1.70267,1.70289,1.00,1.00
2018.05.21 12:07:18.477,1.70267,1.7029,1.00,1.00
2018.05.21 12:07:19.019,1.70267,1.70289,1.00,1.00
2018.05.21 12:07:19.548,1.70267,1.70292,1.00,1.00
2018.05.21 12:07:20.498,1.70267,1.70287,1.00,1.00
2018.05.21 12:07:21.007,1.70265,1.70291,1.00,1.00
2018.05.21 12:07:21.159,1.70267,1.70292,1.00,1.00
2018.05.21 12:07:21.313,1.70267,1.70297,1.00,1.50
2018.05.21 12:07:21.751,1.70268,1.70295,1.00,1.00
2018.05.21 12:07:22.269,1.70268,1.70297,1.00,1.00
2018.05.21 12:07:22.518,1.7027,1.70296,1.00,1.00
2018.05.21 12:07:22.722,1.70276,1.70304,1.00,1.00
2018.05.21 12:07:22.925,1.70282,1.70304,1.00,1.00
2018.05.21 12:07:23.029,1.70278,1.70305,1.00,1.00
2018.05.21 12:07:23.081,1.70275,1.70304,1.50,1.00
2018.05.21 12:07:23.233,1.70275,1.70307,1.50,1.50
2018.05.21 12:07:23.697,1.70275,1.70305,1.00,1.00
2018.05.21 12:07:24.013,1.70277,1.70306,1.00,1.00
2018.05.21 12:07:24.324,1.70272,1.70303,1.50,1.00
2018.05.21 12:07:24.376,1.70271,1.703,1.50,1.00
2018.05.21 12:07:25.683,1.70272,1.703,1.00,1.00
2018.05.21 12:07:25.993,1.70277,1.703,1.00,1.00
2018.05.21 12:07:26.044,1.70279,1.70306,1.00,1.00
2018.05.21 12:07:26.099,1.70281,1.70309,1.00,1.00
2018.05.21 12:07:26.308,1.7028,1.70302,1.00,1.00
2018.05.21 12:07:26.409,1.70277,1.70303,1.00,1.00
2018.05.21 12:07:26.575,1.70279,1.70302,1.00,1.00
2018.05.21 12:07:26.628,1.70277,1.70302,1.00,1.00
2018.05.21 12:07:26.733,1.70276,1.70304,1.00,1.00
2018.05.21 12:07:26.784,1.70273,1.70304,1.00,1.00
2018.05.21 12:07:26.836,1.70272,1.70295,1.00,1.00
2018.05.21 12:07:27.342,1.70271,1.70298,1.00,1.00
2018.05.21 12:07:27.981,1.70271,1.70297,1.00,1.00
2018.05.21 12:07:28.807,1.70271,1.70296,1.00,1.00
2018.05.21 12:07:29.298,1.70273,1.70297,1.00,1.00
2018.05.21 12:07:29.349,1.70273,1.70301,1.00,1.00
2018.05.21 12:07:29.400,1.7027,1.70298,1.00,1.00
2018.05.21 12:07:29.557,1.70272,1.70302,1.50,1.50
2018.05.21 12:07:29.609,1.70275,1.70301,1.00,1.00
2018.05.21 12:07:29.815,1.70274,1.70305,1.50,1.00
2018.05.21 12:07:29.867,1.70276,1.70305,1.00,1.00
2018.05.21 12:07:30.348,1.70275,1.70303,1.00,1.00
2018.05.21 12:07:30.654,1.7027,1.70298,1.00,1.00
2018.05.21 12:07:31.050,1.70273,1.70296,1.00,1.00
2018.05.21 12:07:31.199,1.70273,1.70302,1.00,1.00
2018.05.21 12:07:31.626,1.70273,1.70295,1.00,1.00
2018.05.21 12:07:32.129,1.70273,1.703,1.00,1.00
2018.05.21 12:07:32.624,1.7027,1.70295,1.00,1.00
2018.05.21 12:07:32.827,1.70273,1.70303,1.00,1.50
2018.05.21 12:07:32.878,1.70271,1.703,1.00,1.00
2018.05.21 12:07:33.215,1.70266,1.70294,2.25,1.00
2018.05.21 12:07:34.130,1.70266,1.70293,1.50,1.00
2018.05.21 12:07:34.284,1.70267,1.70295,1.00,2.25
2018.05.21 12:07:34.437,1.70267,1.70286,1.00,1.00
2018.05.21 12:07:34.489,1.70265,1.70295,1.50,1.00
2018.05.21 12:07:34.540,1.70268,1.70296,1.00,1.00
2018.05.21 12:07:34.952,1.70267,1.70294,1.00,1.00
2018.05.21 12:07:35.106,1.70265,1.70294,1.00,1.00
2018.05.21 12:07:35.682,1.70264,1.70294,1.50,1.00
2018.05.21 12:07:35.768,1.70264,1.7029,1.50,1.00
2018.05.21 12:07:36.190,1.70265,1.70293,1.00,1.00
2018.05.21 12:07:36.720,1.70267,1.70294,1.00,1.00
2018.05.21 12:07:36.772,1.70264,1.70293,1.50,1.00
2018.05.21 12:07:37.668,1.70259,1.70285,1.00,1.00
2018.05.21 12:07:37.823,1.70255,1.70285,1.00,1.50
2018.05.21 12:07:38.101,1.70262,1.7029,1.00,1.50
2018.05.21 12:07:38.416,1.70256,1.70284,1.00,1.00
2018.05.21 12:07:38.704,1.70256,1.70286,1.00,1.50
2018.05.21 12:07:38.807,1.70254,1.70281,1.00,1.00
2018.05.21 12:07:39.113,1.70259,1.70281,1.00,1.00
2018.05.21 12:07:39.393,1.70259,1.70283,1.00,1.00
2018.05.21 12:07:39.444,1.70255,1.70283,1.00,1.00
2018.05.21 12:07:39.495,1.70258,1.70283,1.00,1.00
2018.05.21 12:07:39.698,1.70257,1.70285,1.00,1.00
2018.05.21 12:07:39.749,1.70259,1.70287,1.00,1.00
2018.05.21 12:07:40.055,1.70256,1.70286,1.00,1.00
2018.05.21 12:07:40.274,1.70255,1.70284,1.00,1.00
2018.05.21 12:07:40.679,1.70254,1.70275,1.00,1.00
2018.05.21 12:07:40.730,1.70254,1.70283,1.00,1.00
2018.05.21 12:07:41.036,1.70256,1.70282,1.00,1.00
2018.05.21 12:07:41.183,1.70254,1.70283,1.00,1.00
2018.05.21 12:07:41.234,1.70251,1.70279,1.00,1.00
2018.05.21 12:07:41.285,1.70251,1.70281,1.00,1.00
2018.05.21 12:07:41.393,1.70248,1.70276,1.00,1.00
2018.05.21 12:07:42.031,1.70248,1.70274,1.00,1.00
2018.05.21 12:07:42.855,1.70248,1.70273,1.00,1.00
2018.05.21 12:07:43.509,1.70248,1.70275,1.00,1.00
2018.05.21 12:07:44.834,1.70247,1.70268,1.00,1.00
2018.05.21 12:07:45.037,1.70247,1.70275,1.00,1.00
2018.05.21 12:07:45.339,1.70247,1.70269,1.00,1.00
2018.05.21 12:07:45.677,1.7025,1.70269,1.00,1.00
2018.05.21 12:07:45.728,1.7025,1.70279,1.00,1.00
2018.05.21 12:07:45.778,1.70249,1.7028,1.38,1.50
2018.05.21 12:07:46.082,1.70254,1.70275,1.38,1.00
2018.05.21 12:07:46.133,1.70254,1.70275,1.44,1.00
2018.05.21 12:07:46.235,1.70253,1.70283,1.25,1.00
2018.05.21 12:07:46.468,1.70254,1.70281,1.00,1.00
2018.05.21 12:07:46.520,1.70254,1.70283,1.00,3.00
2018.05.21 12:07:46.572,1.70254,1.70273,1.00,1.00
2018.05.21 12:07:46.776,1.70254,1.70283,1.00,3.00
2018.05.21 12:07:47.030,1.70254,1.70271,1.25,1.00
2018.05.21 12:07:47.234,1.70254,1.70282,1.25,1.50
2018.05.21 12:07:47.691,1.70254,1.70272,1.00,1.00
2018.05.21 12:07:47.793,1.70254,1.70283,1.00,2.25
2018.05.21 12:07:47.945,1.70254,1.70274,1.00,1.00
2018.05.21 12:07:48.425,1.70252,1.70271,1.00,1.00
2018.05.21 12:07:48.654,1.70247,1.70271,1.00,1.00
2018.05.21 12:07:48.806,1.70247,1.70279,1.00,2.25
2018.05.21 12:07:49.158,1.7025,1.70279,1.00,1.50
2018.05.21 12:07:49.484,1.70261,1.70289,1.00,1.00
2018.05.21 12:07:49.809,1.70259,1.70284,1.00,1.00
2018.05.21 12:07:49.912,1.70261,1.7029,1.00,1.00
2018.05.21 12:07:50.120,1.70261,1.70283,1.00,1.00
2018.05.21 12:07:50.451,1.70263,1.70291,1.00,1.00
2018.05.21 12:07:50.554,1.70265,1.70286,1.00,1.00
2018.05.21 12:07:50.656,1.70268,1.70294,1.00,1.00
2018.05.21 12:07:50.912,1.70263,1.70293,1.00,1.00
2018.05.21 12:07:51.116,1.70266,1.70294,1.00,1.50
2018.05.21 12:07:51.208,1.70264,1.70293,1.00,1.00
2018.05.21 12:07:51.279,1.70269,1.70292,1.00,1.00
2018.05.21 12:07:51.330,1.70267,1.70297,1.00,1.00
2018.05.21 12:07:51.381,1.70271,1.70297,1.00,1.00
2018.05.21 12:07:51.533,1.70267,1.70297,1.00,1.00
2018.05.21 12:07:51.635,1.70267,1.70292,1.00,1.00
2018.05.21 12:07:51.788,1.70266,1.70297,1.00,1.50
2018.05.21 12:07:51.840,1.70268,1.70297,1.00,1.00
2018.05.21 12:07:52.371,1.70269,1.70297,1.00,1.50
2018.05.21 12:07:52.475,1.70265,1.70297,1.00,2.25
2018.05.21 12:07:52.887,1.70266,1.70295,1.00,1.00
2018.05.21 12:07:53.387,1.70266,1.70293,1.00,1.00
2018.05.21 12:07:53.718,1.7027,1.70294,1.00,1.00
2018.05.21 12:07:53.843,1.70267,1.70297,1.00,1.00
2018.05.21 12:07:54.366,1.70268,1.70296,1.00,1.00
2018.05.21 12:07:54.785,1.70266,1.70296,1.00,1.00
2018.05.21 12:07:54.836,1.70271,1.70297,1.00,1.00
2018.05.21 12:07:54.887,1.70271,1.703,1.00,1.00
2018.05.21 12:07:54.938,1.70271,1.70304,1.00,3.00
2018.05.21 12:07:54.989,1.70268,1.70296,1.50,1.00
2018.05.21 12:07:55.091,1.70266,1.70295,1.50,1.50
2018.05.21 12:07:55.456,1.70266,1.70293,1.00,1.00
2018.05.21 12:07:55.918,1.70268,1.70297,1.00,1.00
2018.05.21 12:07:55.970,1.70268,1.70295,1.00,2.25
2018.05.21 12:07:56.506,1.70268,1.70296,1.00,2.25
2018.05.21 12:07:56.810,1.70266,1.70294,1.00,1.00
2018.05.21 12:07:57.193,1.7027,1.70295,1.00,3.00
2018.05.21 12:07:57.699,1.7027,1.70296,1.00,3.00
2018.05.21 12:07:57.854,1.70272,1.70299,1.00,1.00
2018.05.21 12:07:57.986,1.70269,1.70296,1.00,1.00
2018.05.21 12:07:58.088,1.7027,1.703,1.00,1.00
2018.05.21 12:07:58.191,1.70273,1.70299,1.00,1.00
2018.05.21 12:07:58.706,1.70273,1.70298,1.00,1.00
2018.05.21 12:07:58.808,1.70273,1.70304,1.00,1.50
2018.05.21 12:07:58.858,1.70273,1.70302,1.00,1.00
2018.05.21 12:07:59.207,1.70273,1.703,1.00,1.00
2018.05.21 12:07:59.782,1.70272,1.703,1.00,1.50
2018.05.21 12:08:00.283,1.70272,1.70299,1.00,1.00
2018.05.21 12:08:00.589,1.70272,1.70297,1.00,1.00
2018.05.21 12:08:01.101,1.70272,1.70295,1.00,1.00
2018.05.21 12:08:01.253,1.70271,1.70299,1.00,1.00
2018.05.21 12:08:01.354,1.70268,1.70296,1.00,1.00
2018.05.21 12:08:01.708,1.70266,1.70296,1.00,1.00
2018.05.21 12:08:01.813,1.70269,1.70297,1.00,1.50
2018.05.21 12:08:02.117,1.70269,1.70291,1.00,1.00
2018.05.21 12:08:02.653,1.7027,1.70292,1.00,1.00
2018.05.21 12:08:03.018,1.7027,1.703,1.00,1.00
2018.05.21 12:08:03.172,1.7027,1.70298,1.00,1.00
2018.05.21 12:08:03.479,1.70268,1.70293,1.00,1.00
2018.05.21 12:08:03.798,1.70272,1.70292,1.00,1.00
2018.05.21 12:08:04.330,1.7027,1.70292,1.00,1.00
2018.05.21 12:08:04.482,1.7027,1.70294,1.00,1.00
2018.05.21 12:08:04.618,1.70272,1.70294,1.00,1.00
2018.05.21 12:08:04.792,1.70273,1.703,1.00,1.00
2018.05.21 12:08:04.845,1.70273,1.70298,1.00,2.25
2018.05.21 12:08:04.947,1.70273,1.70301,1.00,1.00
2018.05.21 12:08:04.998,1.70276,1.70301,1.00,1.00
2018.05.21 12:08:05.049,1.70277,1.70303,1.00,1.00
2018.05.21 12:08:05.100,1.7028,1.70304,1.00,1.00
2018.05.21 12:08:05.151,1.7028,1.70307,1.00,2.25
2018.05.21 12:08:05.518,1.70281,1.70304,1.00,1.00
2018.05.21 12:08:05.970,1.70281,1.70307,1.00,1.00
2018.05.21 12:08:06.467,1.7028,1.70302,1.00,1.00
2018.05.21 12:08:06.983,1.7028,1.70303,1.00,1.00
2018.05.21 12:08:07.310,1.70283,1.70303,1.00,1.00
2018.05.21 12:08:07.518,1.70283,1.70307,1.00,1.00
2018.05.21 12:08:07.570,1.70285,1.70309,1.00,1.00
2018.05.21 12:08:07.904,1.70287,1.70309,1.00,1.00
2018.05.21 12:08:08.021,1.70287,1.70312,1.00,1.00
2018.05.21 12:08:08.558,1.70287,1.70313,1.00,1.00
2018.05.21 12:08:08.888,1.7029,1.70313,1.00,1.00
2018.05.21 12:08:08.939,1.70287,1.70312,1.00,1.00
2018.05.21 12:08:08.990,1.70289,1.70311,1.00,1.00
2018.05.21 12:08:09.041,1.70287,1.70311,1.00,1.00
2018.05.21 12:08:09.375,1.7029,1.70312,1.00,1.00
2018.05.21 12:08:09.528,1.70288,1.70312,1.00,1.00
2018.05.21 12:08:09.927,1.70292,1.70311,1.00,1.00
2018.05.21 12:08:10.321,1.70291,1.70313,1.00,1.00
2018.05.21 12:08:10.625,1.70293,1.70313,1.00,1.00
2018.05.21 12:08:10.851,1.7029,1.70313,1.00,1.00
2018.05.21 12:08:11.065,1.70291,1.70317,1.00,1.00
2018.05.21 12:08:11.278,1.70288,1.70317,1.00,1.00
2018.05.21 12:08:11.379,1.70291,1.70316,1.00,1.00
2018.05.21 12:08:11.742,1.70289,1.70314,1.00,1.00
2018.05.21 12:08:11.794,1.70287,1.70314,1.00,1.00
2018.05.21 12:08:12.481,1.70287,1.70313,1.00,1.00
2018.05.21 12:08:12.533,1.70287,1.70316,1.00,1.00
2018.05.21 12:08:13.299,1.70287,1.70317,1.00,1.00
2018.05.21 12:08:13.985,1.70291,1.70317,1.00,1.00
2018.05.21 12:08:15.555,1.70291,1.70318,1.00,1.00
2018.05.21 12:08:18.331,1.70295,1.70317,1.00,1.00
2018.05.21 12:08:18.383,1.70287,1.7031,1.00,1.00
2018.05.21 12:08:18.435,1.70284,1.7031,1.00,1.00
2018.05.21 12:08:18.537,1.70282,1.70309,1.00,1.00
2018.05.21 12:08:18.691,1.70288,1.70315,1.00,1.00
2018.05.21 12:08:18.743,1.70286,1.70316,1.00,1.00
2018.05.21 12:08:18.795,1.70289,1.70316,1.00,1.00
2018.05.21 12:08:18.847,1.70284,1.70313,1.00,1.00
2018.05.21 12:08:19.108,1.70285,1.70311,1.00,1.00
2018.05.21 12:08:19.159,1.70283,1.70311,1.00,1.00
2018.05.21 12:08:19.210,1.70281,1.70311,1.00,1.50
2018.05.21 12:08:19.261,1.70281,1.70308,1.00,1.00
2018.05.21 12:08:19.769,1.70281,1.70309,1.00,1.00
2018.05.21 12:08:20.111,1.70283,1.703,1.00,1.00
2018.05.21 12:08:20.162,1.70283,1.70311,1.00,1.00
2018.05.21 12:08:20.562,1.70286,1.70311,1.00,1.00
2018.05.21 12:08:20.613,1.70284,1.70311,1.00,1.00
2018.05.21 12:08:20.665,1.70284,1.70309,1.00,1.00
2018.05.21 12:08:21.008,1.70283,1.70311,1.00,1.00
2018.05.21 12:08:21.060,1.7028,1.7031,1.00,1.50
2018.05.21 12:08:21.162,1.70283,1.70311,1.00,1.00
2018.05.21 12:08:21.480,1.70289,1.70313,1.00,1.00
2018.05.21 12:08:21.683,1.70288,1.70315,1.00,1.00
2018.05.21 12:08:21.734,1.70285,1.70313,1.00,1.00
2018.05.21 12:08:21.785,1.70282,1.70311,1.00,1.00
2018.05.21 12:08:21.836,1.70282,1.70308,1.00,1.00
2018.05.21 12:08:21.989,1.7028,1.70307,1.00,1.00
2018.05.21 12:08:22.216,1.7028,1.70305,1.00,1.00
2018.05.21 12:08:22.737,1.7028,1.70304,1.00,1.00
2018.05.21 12:08:23.249,1.7028,1.70305,1.00,1.00
2018.05.21 12:08:23.607,1.70278,1.70303,1.00,1.00
2018.05.21 12:08:24.118,1.70278,1.70302,1.00,1.00
2018.05.21 12:08:25.840,1.70278,1.70304,1.00,1.00
2018.05.21 12:08:26.475,1.70277,1.70304,1.00,1.00
2018.05.21 12:08:27.000,1.70273,1.70303,1.50,1.50
2018.05.21 12:08:27.103,1.70276,1.70303,1.00,1.00
2018.05.21 12:08:27.418,1.70274,1.703,1.00,1.00
2018.05.21 12:08:27.951,1.70274,1.70299,1.00,1.00
2018.05.21 12:08:28.154,1.70274,1.70301,1.00,1.00
2018.05.21 12:08:28.669,1.70274,1.70302,1.00,1.00
2018.05.21 12:08:29.065,1.70276,1.70301,1.00,1.00
2018.05.21 12:08:29.168,1.70275,1.70303,1.00,3.00
2018.05.21 12:08:29.219,1.70277,1.70302,1.00,1.00
2018.05.21 12:08:29.542,1.70281,1.70302,1.00,1.00
2018.05.21 12:08:29.644,1.70279,1.70304,1.00,1.00
2018.05.21 12:08:29.992,1.70282,1.70305,1.00,1.00
2018.05.21 12:08:30.044,1.70282,1.7031,1.00,1.00
2018.05.21 12:08:31.344,1.70282,1.70309,1.00,1.00
2018.05.21 12:08:31.894,1.70281,1.70308,1.00,1.00
2018.05.21 12:08:32.233,1.70279,1.70308,1.00,1.50
2018.05.21 12:08:32.336,1.70283,1.70309,1.00,1.50
2018.05.21 12:08:32.594,1.70281,1.70309,1.00,1.50
2018.05.21 12:08:33.259,1.70281,1.70307,1.00,1.00
2018.05.21 12:08:34.579,1.70281,1.70306,1.00,1.00
2018.05.21 12:08:35.088,1.70281,1.70308,1.00,1.00
2018.05.21 12:08:35.431,1.70283,1.70308,1.00,1.00
2018.05.21 12:08:35.990,1.7028,1.70307,1.50,1.00
2018.05.21 12:08:36.498,1.7028,1.70308,1.50,1.00
2018.05.21 12:08:36.649,1.70282,1.70307,1.00,1.00
2018.05.21 12:08:37.089,1.70282,1.70311,1.00,1.00
2018.05.21 12:08:37.647,1.70282,1.70312,1.00,1.00
2018.05.21 12:08:37.771,1.70284,1.70313,1.00,1.50
2018.05.21 12:08:39.978,1.70284,1.70312,1.50,1.00
2018.05.21 12:08:40.619,1.70284,1.70313,1.00,1.50
2018.05.21 12:08:41.050,1.70284,1.70308,1.00,1.00
2018.05.21 12:08:41.570,1.70282,1.70308,1.50,1.00
2018.05.21 12:08:41.828,1.70284,1.70308,1.00,1.00
2018.05.21 12:08:42.046,1.70284,1.70312,1.00,1.00
2018.05.21 12:08:43.957,1.70284,1.70313,1.00,1.00
2018.05.21 12:08:44.651,1.70284,1.70314,1.00,1.00
2018.05.21 12:08:45.037,1.70283,1.70312,1.00,1.00
2018.05.21 12:08:45.539,1.70283,1.70309,1.00,1.00
2018.05.21 12:08:46.539,1.70283,1.70308,1.00,1.00
2018.05.21 12:08:47.139,1.70283,1.70312,1.00,1.00
2018.05.21 12:08:47.584,1.70283,1.7031,1.00,1.00
2018.05.21 12:08:48.276,1.70283,1.70309,1.00,1.00
2018.05.21 12:08:49.298,1.70283,1.7031,1.00,1.00
2018.05.21 12:08:49.629,1.70283,1.70308,1.00,1.00
2018.05.21 12:08:49.936,1.70286,1.70308,1.00,1.00
2018.05.21 12:08:49.987,1.70286,1.70316,1.00,3.75
2018.05.21 12:08:50.039,1.70288,1.7032,1.00,1.00
2018.05.21 12:08:50.090,1.70291,1.70321,1.00,2.25
2018.05.21 12:08:50.395,1.70291,1.70318,1.00,1.00
2018.05.21 12:08:50.724,1.70288,1.70309,1.00,1.00
2018.05.21 12:08:51.035,1.70286,1.7031,1.00,1.00
2018.05.21 12:08:51.136,1.70285,1.70315,1.00,1.00
2018.05.21 12:08:52.084,1.70285,1.70316,1.00,1.00
2018.05.21 12:08:52.137,1.70285,1.70314,1.00,1.00
2018.05.21 12:08:52.580,1.70287,1.70314,1.00,1.00
2018.05.21 12:08:52.836,1.70285,1.70313,1.00,1.00
2018.05.21 12:08:53.124,1.70286,1.70317,1.00,1.00
2018.05.21 12:08:53.227,1.70286,1.70314,1.00,1.00
2018.05.21 12:08:53.278,1.70284,1.70314,1.50,1.00
2018.05.21 12:08:53.433,1.70284,1.70316,1.00,1.00
2018.05.21 12:08:53.586,1.70287,1.70317,1.00,1.50
2018.05.21 12:08:53.897,1.70287,1.70312,1.00,1.50
2018.05.21 12:08:54.302,1.70287,1.7031,1.00,1.00
2018.05.21 12:08:54.797,1.70287,1.70316,1.00,1.00
2018.05.21 12:08:55.348,1.70291,1.70319,1.00,1.00
2018.05.21 12:08:55.398,1.70291,1.70321,1.00,1.00
2018.05.21 12:08:55.881,1.70291,1.70319,1.50,1.00
2018.05.21 12:08:56.188,1.70283,1.7031,1.00,1.00
2018.05.21 12:08:56.239,1.70283,1.70312,1.00,1.00
2018.05.21 12:08:56.716,1.70283,1.70315,1.00,1.00
2018.05.21 12:08:57.218,1.70284,1.70313,1.00,1.00
2018.05.21 12:08:57.769,1.70285,1.70313,1.00,1.00
2018.05.21 12:08:57.870,1.7028,1.70311,1.00,1.00
2018.05.21 12:08:58.174,1.70281,1.70313,1.00,1.00
2018.05.21 12:08:58.225,1.7028,1.70311,1.00,1.00
2018.05.21 12:08:58.647,1.70281,1.70308,1.00,1.00
2018.05.21 12:08:59.183,1.70281,1.70309,1.00,1.00
2018.05.21 12:08:59.386,1.70277,1.70308,1.50,1.00
2018.05.21 12:08:59.478,1.7028,1.70306,1.00,1.00
2018.05.21 12:08:59.529,1.7028,1.70309,1.00,1.50
2018.05.21 12:08:59.580,1.70286,1.70311,1.00,1.00
2018.05.21 12:08:59.630,1.70284,1.70313,1.00,1.50
2018.05.21 12:08:59.681,1.70282,1.70313,1.00,2.25
2018.05.21 12:08:59.732,1.70284,1.70313,1.00,1.50
2018.05.21 12:08:59.937,1.70284,1.70315,1.00,1.50
2018.05.21 12:08:59.988,1.70284,1.7031,1.00,1.00
2018.05.21 12:09:00.479,1.70283,1.70312,1.00,1.00
2018.05.21 12:09:00.699,1.70285,1.70312,1.00,1.00
2018.05.21 12:09:00.993,1.70285,1.70314,1.00,1.00
2018.05.21 12:09:01.495,1.70284,1.70314,1.00,1.00
2018.05.21 12:09:02.020,1.70284,1.70315,1.00,1.50
2018.05.21 12:09:02.549,1.70288,1.70316,1.00,1.00
2018.05.21 12:09:02.601,1.70288,1.70318,1.00,1.00
2018.05.21 12:09:03.436,1.70288,1.70319,1.50,1.00
2018.05.21 12:09:06.006,1.7029,1.70321,1.00,1.00
2018.05.21 12:09:07.917,1.7029,1.70322,1.50,1.00
2018.05.21 12:09:08.236,1.70293,1.70321,1.00,1.00
2018.05.21 12:09:08.287,1.70293,1.70323,1.00,1.50
2018.05.21 12:09:09.053,1.70293,1.70321,1.00,1.00
2018.05.21 12:09:09.159,1.70291,1.70322,1.50,1.00
2018.05.21 12:09:09.777,1.70291,1.70321,1.50,1.00
2018.05.21 12:09:11.021,1.70291,1.70322,1.50,1.50
2018.05.21 12:09:11.338,1.70291,1.7032,1.50,1.00
2018.05.21 12:09:11.693,1.70295,1.7032,1.00,1.00
2018.05.21 12:09:11.795,1.70294,1.70323,1.00,1.00
2018.05.21 12:09:12.320,1.70294,1.7032,1.00,1.00
2018.05.21 12:09:15.099,1.70294,1.70321,1.00,1.00
2018.05.21 12:09:15.388,1.7029,1.70319,1.50,2.25
2018.05.21 12:09:15.592,1.70293,1.70315,1.00,1.00
2018.05.21 12:09:17.058,1.70293,1.70317,1.00,1.00
2018.05.21 12:09:17.558,1.70293,1.70315,1.00,1.00
2018.05.21 12:09:18.238,1.70293,1.70316,1.00,1.00
2018.05.21 12:09:18.426,1.70291,1.70315,1.00,1.00
2018.05.21 12:09:18.581,1.70287,1.70311,1.50,1.00
2018.05.21 12:09:19.110,1.70287,1.7031,1.50,1.00
2018.05.21 12:09:19.449,1.70285,1.7031,1.00,1.00
2018.05.21 12:09:19.602,1.70285,1.70312,1.00,1.00
2018.05.21 12:09:19.756,1.70289,1.70312,1.00,1.00
2018.05.21 12:09:20.288,1.70289,1.70311,1.00,1.00
2018.05.21 12:09:20.852,1.70289,1.70312,1.00,1.00
2018.05.21 12:09:21.108,1.70289,1.70314,1.00,1.00
2018.05.21 12:09:22.567,1.70289,1.70315,1.00,1.00
2018.05.21 12:09:23.068,1.70289,1.70312,1.00,1.00
2018.05.21 12:09:23.848,1.7029,1.70312,1.00,1.00
2018.05.21 12:09:23.900,1.70288,1.70311,1.00,1.00
2018.05.21 12:09:24.015,1.70286,1.70312,1.50,1.00
2018.05.21 12:09:24.067,1.70289,1.70314,1.00,1.00
2018.05.21 12:09:24.433,1.70287,1.70315,1.00,1.50
2018.05.21 12:09:25.193,1.70287,1.70308,1.50,1.00
2018.05.21 12:09:25.682,1.70287,1.70314,1.50,1.00
2018.05.21 12:09:26.274,1.70287,1.70312,1.50,1.00
2018.05.21 12:09:26.639,1.70291,1.70316,1.00,1.00
2018.05.21 12:09:27.187,1.70291,1.70317,1.00,1.00
2018.05.21 12:09:28.101,1.70291,1.70318,1.00,1.00
2018.05.21 12:09:28.638,1.70291,1.70316,1.00,1.00
2018.05.21 12:09:29.162,1.70291,1.70319,1.00,1.00
2018.05.21 12:09:29.310,1.70293,1.70319,1.00,1.00
2018.05.21 12:09:29.793,1.70295,1.70321,1.00,1.00
2018.05.21 12:09:29.844,1.70292,1.7032,1.00,1.50
2018.05.21 12:09:29.946,1.70296,1.70324,1.00,3.00
2018.05.21 12:09:29.997,1.70293,1.70324,1.00,1.00
2018.05.21 12:09:30.118,1.7029,1.70318,1.50,1.00
2018.05.21 12:09:30.431,1.7029,1.70314,1.50,1.00
2018.05.21 12:09:30.916,1.7029,1.70316,1.50,1.00
2018.05.21 12:09:31.018,1.70292,1.70316,1.00,1.00
2018.05.21 12:09:31.540,1.70292,1.70315,1.00,1.00
2018.05.21 12:09:32.049,1.70292,1.70316,1.00,1.00
2018.05.21 12:09:32.101,1.7029,1.70316,1.50,1.00
2018.05.21 12:09:32.153,1.70292,1.70316,1.00,1.00
2018.05.21 12:09:33.417,1.70292,1.70317,1.00,1.00
2018.05.21 12:09:33.917,1.70292,1.70315,1.00,1.00
2018.05.21 12:09:34.468,1.70292,1.70316,1.00,1.00
2018.05.21 12:09:34.699,1.70302,1.70327,1.00,1.00
2018.05.21 12:09:35.097,1.70302,1.70325,1.00,1.00
2018.05.21 12:09:35.985,1.70298,1.70322,1.00,1.00
2018.05.21 12:09:36.138,1.70295,1.70321,1.50,1.00
2018.05.21 12:09:36.391,1.70295,1.70315,1.50,1.00
2018.05.21 12:09:36.942,1.70295,1.70318,1.00,1.00
2018.05.21 12:09:36.994,1.70292,1.70318,1.00,1.00
2018.05.21 12:09:37.517,1.70293,1.70319,1.00,1.00
2018.05.21 12:09:38.804,1.70295,1.70319,1.00,1.00
2018.05.21 12:09:38.856,1.70292,1.70319,1.00,1.00
2018.05.21 12:09:39.007,1.70293,1.70317,1.00,1.00
2018.05.21 12:09:39.479,1.7029,1.70317,1.50,1.00
2018.05.21 12:09:39.954,1.70291,1.70315,1.00,1.00
2018.05.21 12:09:40.168,1.70286,1.70312,1.00,1.00
2018.05.21 12:09:40.985,1.70286,1.70309,1.00,1.00
2018.05.21 12:09:41.507,1.70286,1.7031,1.00,1.00
2018.05.21 12:09:42.438,1.70286,1.70311,1.00,1.00
2018.05.21 12:09:43.003,1.70284,1.70311,1.00,1.00
2018.05.21 12:09:43.495,1.70288,1.70311,1.00,1.00
2018.05.21 12:09:43.598,1.70292,1.7032,1.00,1.00
2018.05.21 12:09:43.650,1.70294,1.7032,1.00,1.00
2018.05.21 12:09:43.764,1.70294,1.70323,1.00,1.00
2018.05.21 12:09:43.816,1.70294,1.70315,1.00,1.00
2018.05.21 12:09:43.972,1.70294,1.70323,1.00,1.00
2018.05.21 12:09:44.023,1.70294,1.70325,1.00,1.50
2018.05.21 12:09:44.506,1.70294,1.7032,1.00,1.00
2018.05.21 12:09:45.516,1.70294,1.70319,1.00,1.00
2018.05.21 12:09:46.205,1.70294,1.7032,1.00,1.00
2018.05.21 12:09:46.472,1.70293,1.70324,1.50,1.00
2018.05.21 12:09:48.015,1.70296,1.70324,1.00,1.00
2018.05.21 12:09:49.280,1.70294,1.70322,1.00,1.50
2018.05.21 12:09:49.383,1.70292,1.70322,1.50,1.50
2018.05.21 12:09:49.434,1.70292,1.70317,1.00,1.00
2018.05.21 12:09:49.485,1.70289,1.70317,1.50,1.00
2018.05.21 12:09:49.810,1.70289,1.70319,1.50,1.00
2018.05.21 12:09:50.144,1.7029,1.70316,1.00,1.00
2018.05.21 12:09:50.763,1.7029,1.70318,1.00,1.00
2018.05.21 12:09:51.344,1.70289,1.70317,1.50,1.00
2018.05.21 12:09:51.945,1.7029,1.70318,1.00,1.50
2018.05.21 12:09:52.738,1.70289,1.70316,1.00,1.00
2018.05.21 12:09:53.048,1.70288,1.70314,1.00,1.00
2018.05.21 12:09:53.507,1.70288,1.70316,1.00,1.00
2018.05.21 12:09:54.435,1.70288,1.70317,1.00,1.00
2018.05.21 12:09:54.587,1.70285,1.70314,1.00,1.50
2018.05.21 12:09:55.118,1.70286,1.70316,1.00,2.25
2018.05.21 12:09:55.271,1.70289,1.70316,1.00,1.00
2018.05.21 12:09:55.543,1.70289,1.70319,1.00,1.00
2018.05.21 12:09:56.839,1.7029,1.70318,1.00,1.00
2018.05.21 12:09:57.179,1.70289,1.7032,1.00,1.00
2018.05.21 12:09:58.198,1.70289,1.70319,1.00,1.00
2018.05.21 12:09:58.824,1.70289,1.70318,1.00,1.00
2018.05.21 12:09:59.595,1.70288,1.70318,1.00,1.50
2018.05.21 12:10:00.143,1.70287,1.70317,1.00,1.00
2018.05.21 12:10:00.674,1.70287,1.70315,1.00,1.00
2018.05.21 12:10:01.191,1.70286,1.70316,1.00,1.00
2018.05.21 12:10:01.678,1.70286,1.70314,1.00,1.00
2018.05.21 12:10:02.204,1.70287,1.70314,1.00,1.00
2018.05.21 12:10:02.529,1.70285,1.70314,1.00,1.00
2018.05.21 12:10:02.944,1.70287,1.70316,1.00,1.00
2018.05.21 12:10:03.350,1.70289,1.70317,1.00,1.00
2018.05.21 12:10:03.655,1.70286,1.70314,1.00,1.00
2018.05.21 12:10:03.972,1.70284,1.70312,1.50,1.00
2018.05.21 12:10:05.369,1.70285,1.70313,1.00,1.00
2018.05.21 12:10:05.929,1.70286,1.70314,1.00,1.50
2018.05.21 12:10:06.032,1.7028,1.7031,1.00,1.00
2018.05.21 12:10:06.185,1.70283,1.7031,1.00,1.00
2018.05.21 12:10:06.290,1.70286,1.70314,1.00,1.00
2018.05.21 12:10:07.331,1.70284,1.70312,1.00,1.00
2018.05.21 12:10:07.636,1.7028,1.70308,1.00,1.00
2018.05.21 12:10:07.955,1.70284,1.70312,1.00,1.50
2018.05.21 12:10:08.107,1.70287,1.70317,1.00,1.50
2018.05.21 12:10:08.260,1.70289,1.70318,1.00,1.00
2018.05.21 12:10:08.403,1.70287,1.70318,1.50,1.00
2018.05.21 12:10:09.198,1.70287,1.70317,1.50,1.00
2018.05.21 12:10:10.096,1.70288,1.70317,1.00,1.00
2018.05.21 12:10:10.566,1.70288,1.70319,1.00,1.50
2018.05.21 12:10:10.896,1.70287,1.70315,1.00,1.00
2018.05.21 12:10:10.999,1.70281,1.7031,1.00,1.00
2018.05.21 12:10:11.050,1.70279,1.70308,1.50,1.00
2018.05.21 12:10:11.392,1.70281,1.70309,1.00,1.00
2018.05.21 12:10:12.479,1.70279,1.70309,1.50,1.50
2018.05.21 12:10:12.639,1.70279,1.70306,1.00,1.00
2018.05.21 12:10:13.019,1.70273,1.70302,1.00,1.00
2018.05.21 12:10:13.649,1.70272,1.70301,1.00,1.50
2018.05.21 12:10:13.754,1.70268,1.70299,1.00,1.00
2018.05.21 12:10:13.813,1.7027,1.703,1.00,1.00
2018.05.21 12:10:13.918,1.70268,1.703,1.50,1.00
2018.05.21 12:10:14.079,1.70267,1.70297,1.00,1.00
2018.05.21 12:10:14.594,1.70266,1.70296,1.50,1.00
2018.05.21 12:10:14.876,1.70268,1.70299,1.00,1.00
2018.05.21 12:10:15.540,1.70269,1.70299,1.00,1.00
2018.05.21 12:10:16.538,1.70268,1.70299,1.00,1.00
2018.05.21 12:10:17.058,1.70268,1.703,1.00,1.00
2018.05.21 12:10:17.110,1.70266,1.70297,1.00,1.50
2018.05.21 12:10:17.417,1.70266,1.70293,1.00,1.00
2018.05.21 12:10:17.761,1.70264,1.70293,1.00,1.00
2018.05.21 12:10:19.082,1.70264,1.70295,1.50,1.00
2018.05.21 12:10:19.133,1.70264,1.70297,2.25,1.50
2018.05.21 12:10:20.013,1.70264,1.70296,1.50,1.00
2018.05.21 12:10:20.820,1.70264,1.70295,1.50,1.00
2018.05.21 12:10:20.947,1.70264,1.70297,1.50,1.50
2018.05.21 12:10:20.998,1.70265,1.70295,1.00,1.00
2018.05.21 12:10:21.415,1.70264,1.70297,1.50,1.50
2018.05.21 12:10:21.467,1.70265,1.70295,1.00,1.00
2018.05.21 12:10:21.711,1.7026,1.70291,2.25,1.00
2018.05.21 12:10:22.610,1.70261,1.70292,1.00,1.00
2018.05.21 12:10:23.124,1.7026,1.70291,1.50,1.00
2018.05.21 12:10:23.285,1.70263,1.70294,1.00,1.50
2018.05.21 12:10:23.611,1.70265,1.70294,1.00,1.00
2018.05.21 12:10:24.117,1.70266,1.70295,1.00,1.00
2018.05.21 12:10:25.020,1.7027,1.70299,1.00,1.00
2018.05.21 12:10:25.122,1.70272,1.70302,1.00,1.00
2018.05.21 12:10:25.174,1.70275,1.70303,1.00,1.00
2018.05.21 12:10:25.396,1.70278,1.70307,1.00,1.50
2018.05.21 12:10:25.447,1.70279,1.70309,1.50,1.50
2018.05.21 12:10:25.552,1.70278,1.70307,1.50,1.00
2018.05.21 12:10:25.603,1.70279,1.70309,1.00,1.50
2018.05.21 12:10:26.368,1.70279,1.70308,1.50,1.00
2018.05.21 12:10:26.889,1.70278,1.70307,1.00,1.00
2018.05.21 12:10:28.229,1.70279,1.70308,1.50,1.00
2018.05.21 12:10:28.401,1.70279,1.7031,1.00,1.00
2018.05.21 12:10:28.453,1.70285,1.70314,1.00,1.00
2018.05.21 12:10:28.606,1.70282,1.70313,1.00,1.00
2018.05.21 12:10:28.658,1.70284,1.70313,1.00,1.00
2018.05.21 12:10:29.601,1.70285,1.70314,1.00,1.50
2018.05.21 12:10:30.894,1.70284,1.70313,1.00,1.00
2018.05.21 12:10:31.911,1.70284,1.70312,1.00,1.00
2018.05.21 12:10:34.488,1.70285,1.70314,1.00,1.50
2018.05.21 12:10:35.456,1.70286,1.70314,1.00,1.00
2018.05.21 12:10:36.585,1.7029,1.70316,1.00,1.00
2018.05.21 12:10:36.644,1.70291,1.70318,1.00,1.00
2018.05.21 12:10:36.696,1.70293,1.70322,1.00,1.50
2018.05.21 12:10:36.951,1.70291,1.70318,1.00,1.00
2018.05.21 12:10:37.355,1.70293,1.70318,1.00,1.00
2018.05.21 12:10:37.789,1.70291,1.7032,1.00,2.25
2018.05.21 12:10:38.217,1.7029,1.70316,1.00,1.00
2018.05.21 12:10:38.728,1.7029,1.70317,1.50,1.00
2018.05.21 12:10:39.374,1.70291,1.70317,1.00,1.00
2018.05.21 12:10:39.923,1.7029,1.70316,1.00,1.00
2018.05.21 12:10:40.678,1.7029,1.70317,1.50,1.00
2018.05.21 12:10:43.860,1.70291,1.70317,1.00,1.00
2018.05.21 12:10:43.963,1.70292,1.70319,1.00,1.50
2018.05.21 12:10:44.620,1.7029,1.70317,1.50,1.00
2018.05.21 12:10:44.932,1.70292,1.70318,1.00,1.00
2018.05.21 12:10:45.187,1.70293,1.7032,1.00,1.50
2018.05.21 12:10:45.761,1.70292,1.70319,1.00,1.00
2018.05.21 12:10:50.346,1.70294,1.70319,1.00,1.00
2018.05.21 12:10:50.995,1.70294,1.70321,1.50,1.50
2018.05.21 12:10:53.796,1.70295,1.70322,1.00,1.00
2018.05.21 12:10:53.848,1.70295,1.70324,1.00,1.50
2018.05.21 12:10:54.596,1.70295,1.70323,1.00,1.00
2018.05.21 12:10:54.648,1.70297,1.70324,1.00,1.50
2018.05.21 12:10:55.255,1.70297,1.70325,1.00,1.00
2018.05.21 12:10:55.610,1.70295,1.70321,1.00,1.00
2018.05.21 12:10:55.712,1.70292,1.70319,1.00,1.00
2018.05.21 12:10:57.539,1.70294,1.70321,1.00,1.00
2018.05.21 12:10:57.590,1.70295,1.70323,1.00,1.00
2018.05.21 12:10:58.125,1.70295,1.70322,1.00,1.00
2018.05.21 12:10:58.664,1.70295,1.70323,1.00,1.00
2018.05.21 12:10:58.767,1.70294,1.7032,1.00,1.00
2018.05.21 12:10:59.324,1.70293,1.70321,1.00,1.00
2018.05.21 12:10:59.854,1.70293,1.70322,1.00,1.00
2018.05.21 12:11:00.161,1.70296,1.70323,1.50,1.00
2018.05.21 12:11:00.238,1.70296,1.70325,1.50,1.50
2018.05.21 12:11:01.592,1.70296,1.70321,1.00,1.00
2018.05.21 12:11:04.425,1.70296,1.70324,1.00,1.50
2018.05.21 12:11:04.476,1.70296,1.70322,1.50,1.00
2018.05.21 12:11:08.451,1.70294,1.70322,1.00,1.50
2018.05.21 12:11:10.096,1.70293,1.70322,1.00,1.50
2018.05.21 12:11:10.518,1.70294,1.7032,1.00,1.00
2018.05.21 12:11:10.620,1.70295,1.70324,1.00,1.50
2018.05.21 12:11:11.566,1.70294,1.70324,1.50,1.00
2018.05.21 12:11:11.618,1.70294,1.70319,1.00,1.00
2018.05.21 12:11:12.141,1.70294,1.7032,1.50,1.00
2018.05.21 12:11:12.683,1.70293,1.7032,1.00,1.00
2018.05.21 12:11:13.082,1.70294,1.70322,1.00,1.00
2018.05.21 12:11:13.828,1.70295,1.70322,1.00,1.00
2018.05.21 12:11:16.019,1.70296,1.70322,1.00,1.00
2018.05.21 12:11:16.399,1.70293,1.70324,1.50,1.00
2018.05.21 12:11:16.676,1.70293,1.70322,1.50,1.00
2018.05.21 12:11:17.132,1.70296,1.70324,1.00,1.00
2018.05.21 12:11:18.177,1.70296,1.70322,1.00,1.00
2018.05.21 12:11:19.072,1.70296,1.70323,1.00,1.00
2018.05.21 12:11:20.125,1.70296,1.70317,1.00,1.00
2018.05.21 12:11:20.176,1.70291,1.7032,1.50,1.00
2018.05.21 12:11:20.988,1.70291,1.70322,1.50,1.00
2018.05.21 12:11:21.727,1.70292,1.70321,1.00,1.00
2018.05.21 12:11:22.136,1.70291,1.70318,1.00,1.00
2018.05.21 12:11:22.460,1.70293,1.70321,1.00,1.00
2018.05.21 12:11:22.603,1.70294,1.70325,1.00,1.00
2018.05.21 12:11:23.570,1.70294,1.70324,1.00,1.00
2018.05.21 12:11:24.322,1.70294,1.70325,1.00,1.00
2018.05.21 12:11:25.325,1.70297,1.70326,1.00,1.50
2018.05.21 12:11:25.837,1.70297,1.70325,1.00,1.00
2018.05.21 12:11:26.616,1.70297,1.70326,1.00,1.00
2018.05.21 12:11:26.930,1.70301,1.70328,1.00,1.00
2018.05.21 12:11:27.259,1.70305,1.7033,1.00,1.00
2018.05.21 12:11:27.569,1.70297,1.70322,1.00,1.00
2018.05.21 12:11:28.015,1.70297,1.70324,1.00,1.50
2018.05.21 12:11:28.816,1.70297,1.70322,1.00,1.50
2018.05.21 12:11:29.071,1.70297,1.70324,1.00,1.50
2018.05.21 12:11:29.581,1.70298,1.70324,1.00,2.25
2018.05.21 12:11:30.414,1.70297,1.70324,1.50,1.00
2018.05.21 12:11:30.945,1.70297,1.70325,1.50,1.00
2018.05.21 12:11:30.996,1.70297,1.70322,1.00,1.00
2018.05.21 12:11:31.633,1.70297,1.70323,1.50,1.50
2018.05.21 12:11:32.265,1.70297,1.70322,1.00,1.00
2018.05.21 12:11:32.680,1.70297,1.70326,1.50,1.50
2018.05.21 12:11:32.732,1.70297,1.70322,1.00,1.00
2018.05.21 12:11:33.068,1.70293,1.70317,1.00,1.50
2018.05.21 12:11:33.119,1.70291,1.70316,1.00,1.00
2018.05.21 12:11:33.222,1.70294,1.7032,1.00,2.25
2018.05.21 12:11:33.324,1.70292,1.7032,1.00,2.25
2018.05.21 12:11:33.479,1.70291,1.70317,1.00,1.00
2018.05.21 12:11:33.535,1.70289,1.70317,2.25,1.00
2018.05.21 12:11:33.595,1.70294,1.70319,1.00,1.00
2018.05.21 12:11:33.646,1.70299,1.70325,1.00,1.00
2018.05.21 12:11:33.748,1.70295,1.70321,1.00,1.00
2018.05.21 12:11:34.156,1.70293,1.70319,1.00,1.00
2018.05.21 12:11:34.501,1.7029,1.70316,1.50,1.00
2018.05.21 12:11:34.707,1.70291,1.7032,1.00,1.50
2018.05.21 12:11:34.759,1.70292,1.70318,1.00,1.00
2018.05.21 12:11:34.811,1.70294,1.70322,1.00,1.50
2018.05.21 12:11:35.055,1.70292,1.70318,1.00,1.00
2018.05.21 12:11:35.413,1.7029,1.70316,1.50,1.00
2018.05.21 12:11:35.936,1.70299,1.70322,1.00,1.50
2018.05.21 12:11:35.988,1.70299,1.70324,1.00,1.00
2018.05.21 12:11:36.090,1.703,1.70326,1.00,1.00
2018.05.21 12:11:36.296,1.70298,1.70324,1.50,1.00
2018.05.21 12:11:36.400,1.70295,1.70322,1.00,1.00
2018.05.21 12:11:37.038,1.70294,1.7032,1.00,1.00
2018.05.21 12:11:37.371,1.70294,1.70322,1.00,1.00
2018.05.21 12:11:38.339,1.70292,1.70315,1.00,1.00
2018.05.21 12:11:38.391,1.70288,1.70315,1.50,1.00
2018.05.21 12:11:39.132,1.7029,1.70316,1.00,1.00
2018.05.21 12:11:39.411,1.70296,1.70324,1.00,1.00
2018.05.21 12:11:39.462,1.703,1.70325,1.00,1.00
2018.05.21 12:11:39.966,1.70299,1.70324,1.00,1.00
2018.05.21 12:11:40.490,1.70299,1.70323,1.00,1.00
2018.05.21 12:11:41.423,1.70299,1.70324,1.00,1.00
2018.05.21 12:11:42.062,1.70299,1.70325,1.00,1.00
2018.05.21 12:11:42.587,1.70299,1.70324,1.00,1.00
2018.05.21 12:11:42.751,1.70299,1.70326,1.00,1.50
2018.05.21 12:11:43.300,1.70298,1.70325,1.00,1.50
2018.05.21 12:11:43.351,1.70297,1.70323,1.00,1.00
2018.05.21 12:11:43.402,1.70295,1.70323,1.50,1.00
2018.05.21 12:11:43.453,1.70295,1.70321,1.50,1.00
2018.05.21 12:11:43.503,1.70295,1.70323,1.00,1.00
2018.05.21 12:11:44.047,1.70296,1.70322,1.00,1.00
2018.05.21 12:11:44.595,1.70296,1.70324,1.00,1.00
2018.05.21 12:11:44.797,1.70295,1.70321,1.50,1.00
2018.05.21 12:11:45.783,1.70295,1.70323,1.50,1.00
2018.05.21 12:11:45.885,1.70295,1.7032,1.50,1.00
2018.05.21 12:11:46.375,1.70295,1.70323,1.50,1.50
2018.05.21 12:11:47.588,1.70295,1.70322,1.00,1.00
2018.05.21 12:11:48.585,1.70295,1.70321,1.00,1.50
2018.05.21 12:11:49.119,1.70295,1.7032,1.00,1.00
2018.05.21 12:11:51.524,1.70295,1.70321,1.00,1.50
2018.05.21 12:11:51.778,1.70295,1.70319,1.00,1.00
2018.05.21 12:11:52.318,1.70295,1.70318,1.00,1.00
2018.05.21 12:11:53.670,1.70295,1.70319,1.00,1.50
2018.05.21 12:11:55.103,1.70295,1.70318,1.00,1.00
2018.05.21 12:11:55.384,1.70293,1.70319,1.00,1.00
2018.05.21 12:11:55.497,1.70294,1.70321,1.00,1.00
2018.05.21 12:11:56.185,1.70297,1.70321,1.00,1.00
2018.05.21 12:11:56.236,1.70298,1.70324,1.00,1.00
2018.05.21 12:11:56.442,1.70293,1.70314,1.00,1.00
2018.05.21 12:11:56.543,1.70288,1.70314,1.00,1.00
2018.05.21 12:11:58.299,1.70292,1.70317,1.00,1.00
2018.05.21 12:11:58.402,1.70295,1.70321,1.00,1.00
2018.05.21 12:11:58.454,1.70295,1.70324,1.00,2.25
2018.05.21 12:11:59.307,1.70295,1.70323,1.00,1.00
2018.05.21 12:11:59.613,1.70297,1.70325,1.00,2.25
2018.05.21 12:12:00.223,1.70298,1.70324,1.00,1.00
2018.05.21 12:12:01.443,1.70295,1.70323,1.00,1.50
2018.05.21 12:12:01.537,1.70295,1.70321,1.50,1.00
2018.05.21 12:12:01.741,1.70296,1.70323,1.00,1.00
2018.05.21 12:12:02.865,1.70295,1.70322,1.50,1.50
2018.05.21 12:12:03.771,1.70295,1.70321,1.00,1.00
2018.05.21 12:12:04.246,1.70294,1.70319,1.00,1.00
2018.05.21 12:12:04.760,1.70295,1.70321,1.00,1.00
2018.05.21 12:12:05.987,1.70293,1.70321,1.00,1.50
2018.05.21 12:12:06.494,1.70293,1.70317,1.00,1.00
2018.05.21 12:12:08.585,1.70293,1.70316,1.00,1.00
2018.05.21 12:12:10.508,1.70289,1.70313,1.00,1.00
2018.05.21 12:12:10.677,1.70285,1.70311,1.00,1.00
2018.05.21 12:12:11.192,1.70285,1.70312,1.50,1.00
2018.05.21 12:12:12.102,1.70285,1.70313,1.50,1.00
2018.05.21 12:12:12.329,1.70287,1.70317,1.00,1.00
2018.05.21 12:12:12.380,1.70289,1.70317,1.00,1.00
2018.05.21 12:12:13.845,1.70289,1.70319,1.50,1.00
2018.05.21 12:12:14.348,1.70289,1.70317,1.00,1.00
2018.05.21 12:12:14.702,1.70292,1.70318,1.00,1.00
2018.05.21 12:12:16.486,1.70297,1.70324,1.00,1.00
2018.05.21 12:12:16.538,1.703,1.70325,1.00,1.00
2018.05.21 12:12:16.640,1.703,1.70327,1.50,1.00
2018.05.21 12:12:16.912,1.70302,1.70331,1.00,1.00
2018.05.21 12:12:17.454,1.70302,1.7033,1.00,1.00
2018.05.21 12:12:17.978,1.70302,1.70331,1.00,1.50
2018.05.21 12:12:18.269,1.703,1.70331,1.00,1.50
2018.05.21 12:12:18.320,1.70299,1.70329,1.00,1.00
2018.05.21 12:12:18.815,1.70301,1.7033,1.00,1.00
2018.05.21 12:12:18.970,1.70303,1.70333,1.00,1.50
2018.05.21 12:12:19.127,1.70303,1.70331,1.00,1.00
2018.05.21 12:12:20.683,1.70305,1.70333,1.00,1.00
2018.05.21 12:12:20.874,1.7031,1.70339,1.00,1.50
2018.05.21 12:12:21.407,1.70311,1.70339,1.00,1.00
2018.05.21 12:12:21.896,1.70311,1.70336,1.00,1.00
2018.05.21 12:12:21.956,1.70309,1.70336,1.00,1.00
2018.05.21 12:12:22.485,1.70308,1.70335,1.00,1.00
2018.05.21 12:12:22.969,1.70305,1.70334,1.00,1.00
2018.05.21 12:12:23.123,1.70307,1.70336,1.00,2.25
2018.05.21 12:12:23.434,1.70302,1.70329,1.00,1.00
2018.05.21 12:12:24.408,1.70302,1.70325,1.00,1.00
2018.05.21 12:12:25.051,1.70302,1.70327,1.00,1.00
2018.05.21 12:12:25.445,1.70299,1.70327,1.00,1.00
2018.05.21 12:12:27.393,1.70299,1.70324,1.00,1.00
2018.05.21 12:12:27.444,1.70299,1.70327,1.00,1.00
2018.05.21 12:12:27.536,1.70302,1.70327,1.00,1.00
2018.05.21 12:12:27.588,1.70302,1.70329,1.00,1.00
2018.05.21 12:12:27.795,1.703,1.70329,1.00,1.00
2018.05.21 12:12:30.392,1.70301,1.7033,1.00,1.00
2018.05.21 12:12:30.599,1.70303,1.70331,1.00,1.00
2018.05.21 12:12:30.961,1.70305,1.70331,1.00,1.00
2018.05.21 12:12:31.063,1.70306,1.70333,1.00,1.00
2018.05.21 12:12:31.639,1.70307,1.70332,1.00,1.00
2018.05.21 12:12:34.201,1.70306,1.70331,1.00,1.00
2018.05.21 12:12:34.746,1.70305,1.70331,1.00,1.00
2018.05.21 12:12:34.991,1.70308,1.70336,1.00,1.50
2018.05.21 12:12:35.093,1.70311,1.7034,1.00,1.50
2018.05.21 12:12:35.204,1.70311,1.70337,1.00,1.00
2018.05.21 12:12:35.719,1.70308,1.70336,1.00,1.00
2018.05.21 12:12:35.987,1.70302,1.70329,1.00,1.50
2018.05.21 12:12:36.332,1.70296,1.70324,1.00,1.00
2018.05.21 12:12:36.927,1.70295,1.70324,1.50,1.00
2018.05.21 12:12:37.034,1.70297,1.70328,1.00,1.50
2018.05.21 12:12:38.119,1.70297,1.70325,1.00,1.00
2018.05.21 12:12:38.170,1.70295,1.70324,1.50,1.00
2018.05.21 12:12:38.276,1.70295,1.70322,1.00,1.00
2018.05.21 12:12:38.328,1.70293,1.70322,1.00,1.00
2018.05.21 12:12:39.975,1.70291,1.7032,1.00,1.00
2018.05.21 12:12:40.279,1.70296,1.70324,1.00,1.00
2018.05.21 12:12:40.384,1.70296,1.70327,1.00,1.50
2018.05.21 12:12:40.436,1.70296,1.70325,1.00,1.00
2018.05.21 12:12:40.742,1.70291,1.70317,1.00,1.00
2018.05.21 12:12:41.750,1.70291,1.70318,1.00,1.00
2018.05.21 12:12:41.960,1.70287,1.70315,1.50,1.00
2018.05.21 12:12:42.288,1.7029,1.70318,1.00,1.00
2018.05.21 12:12:42.338,1.7029,1.70321,1.00,1.00
2018.05.21 12:12:44.595,1.7029,1.70319,1.00,1.00
2018.05.21 12:12:45.049,1.70289,1.70317,1.00,1.00
2018.05.21 12:12:45.569,1.7029,1.70316,1.00,1.00
2018.05.21 12:12:45.996,1.70295,1.70323,1.50,1.00
2018.05.21 12:12:46.048,1.70297,1.70325,1.00,1.00
2018.05.21 12:12:46.202,1.70299,1.70328,1.00,1.00
2018.05.21 12:12:46.304,1.70303,1.70333,1.00,1.00
2018.05.21 12:12:46.356,1.70305,1.70333,1.00,1.00
2018.05.21 12:12:46.458,1.70303,1.70333,1.50,1.00
2018.05.21 12:12:47.806,1.70305,1.70333,1.00,1.00
2018.05.21 12:12:48.149,1.70303,1.70331,1.00,1.00
2018.05.21 12:12:48.456,1.70303,1.70327,1.00,1.00
2018.05.21 12:12:48.561,1.703,1.70328,1.00,1.00
2018.05.21 12:12:48.664,1.70298,1.70324,1.00,1.00
2018.05.21 12:12:49.441,1.70298,1.70323,1.00,1.00
2018.05.21 12:12:49.850,1.70299,1.70327,1.00,1.00
2018.05.21 12:12:50.360,1.703,1.70328,1.50,1.00
2018.05.21 12:12:50.821,1.70298,1.70328,1.00,1.00
2018.05.21 12:12:51.328,1.70297,1.70325,1.00,1.00
2018.05.21 12:12:51.431,1.70293,1.70322,2.25,1.00
2018.05.21 12:12:51.483,1.70293,1.7032,1.50,1.00
2018.05.21 12:12:51.586,1.70295,1.70324,1.00,1.50
2018.05.21 12:12:51.740,1.70296,1.70326,1.00,1.50
2018.05.21 12:12:51.791,1.70295,1.70322,1.50,1.00
2018.05.21 12:12:52.123,1.70294,1.70324,1.00,1.00
2018.05.21 12:12:52.175,1.70296,1.70324,1.00,1.00
2018.05.21 12:12:53.073,1.70294,1.70324,1.00,1.00
2018.05.21 12:12:53.982,1.70293,1.70323,1.00,1.00
2018.05.21 12:12:54.245,1.70295,1.70323,1.00,1.00
2018.05.21 12:12:54.500,1.70293,1.70322,1.00,1.00
2018.05.21 12:12:54.552,1.70293,1.7032,1.00,1.00
2018.05.21 12:12:54.989,1.70295,1.7032,1.00,1.00
2018.05.21 12:12:55.191,1.70292,1.7032,1.00,1.00
2018.05.21 12:12:56.178,1.70292,1.70321,1.50,1.00
2018.05.21 12:12:56.229,1.70299,1.70328,1.00,1.00
2018.05.21 12:12:56.553,1.70299,1.70324,1.00,1.00
2018.05.21 12:12:56.705,1.70299,1.70327,1.00,1.00
2018.05.21 12:12:56.757,1.70301,1.70327,1.00,1.00
2018.05.21 12:12:56.808,1.70301,1.70329,1.00,1.00
2018.05.21 12:12:56.859,1.70299,1.70328,1.00,1.00
2018.05.21 12:12:56.960,1.70299,1.70326,1.00,1.00
2018.05.21 12:12:58.246,1.70301,1.70326,1.00,1.00
2018.05.21 12:12:59.238,1.70301,1.70324,1.00,1.00
2018.05.21 12:12:59.424,1.70301,1.70326,1.00,1.00
2018.05.21 12:12:59.925,1.70301,1.70327,1.50,1.00
2018.05.21 12:13:00.161,1.70303,1.70331,1.00,1.00
2018.05.21 12:13:00.263,1.70303,1.70329,1.00,1.00
2018.05.21 12:13:00.515,1.70306,1.70334,1.00,1.00
2018.05.21 12:13:00.569,1.70309,1.7033,1.00,1.00
2018.05.21 12:13:00.620,1.70307,1.70329,1.50,1.00
2018.05.21 12:13:00.672,1.70307,1.70333,1.00,1.00
2018.05.21 12:13:00.774,1.70305,1.70332,2.25,1.00
2018.05.21 12:13:01.278,1.70305,1.70333,2.25,1.00
2018.05.21 12:13:01.552,1.70306,1.70335,1.00,1.00
2018.05.21 12:13:02.224,1.70307,1.70335,1.00,1.00
2018.05.21 12:13:02.750,1.70306,1.70335,1.50,1.00
2018.05.21 12:13:03.523,1.70306,1.70334,1.50,1.00
2018.05.21 12:13:04.139,1.70305,1.70333,1.50,1.00
2018.05.21 12:13:04.714,1.70305,1.70332,1.00,1.00
2018.05.21 12:13:05.476,1.70305,1.7033,1.00,1.00
2018.05.21 12:13:05.527,1.70303,1.7033,1.50,1.00
2018.05.21 12:13:05.754,1.70301,1.70329,2.25,1.00
2018.05.21 12:13:06.024,1.70303,1.70328,1.00,1.00
2018.05.21 12:13:06.076,1.70303,1.7033,1.50,1.00
2018.05.21 12:13:06.127,1.70305,1.7033,1.00,1.00
2018.05.21 12:13:06.178,1.70303,1.7033,1.00,1.00
2018.05.21 12:13:06.636,1.70301,1.7033,2.25,1.00
2018.05.21 12:13:09.339,1.70301,1.70328,2.25,1.00
2018.05.21 12:13:10.279,1.70301,1.70327,1.50,1.00
2018.05.21 12:13:12.960,1.70302,1.70328,1.00,1.00
2018.05.21 12:13:14.065,1.70301,1.70327,1.00,1.00
2018.05.21 12:13:14.596,1.70301,1.70325,1.00,1.00
2018.05.21 12:13:14.647,1.70299,1.70325,1.00,1.00
2018.05.21 12:13:15.315,1.703,1.70325,1.00,1.00
2018.05.21 12:13:16.490,1.703,1.70324,1.00,1.00
2018.05.21 12:13:16.592,1.70298,1.70324,1.50,1.00
2018.05.21 12:13:16.968,1.703,1.70324,1.00,1.00
2018.05.21 12:13:17.074,1.70298,1.70325,2.25,1.00
2018.05.21 12:13:18.037,1.703,1.70325,1.00,1.00
2018.05.21 12:13:28.917,1.703,1.70324,1.00,1.00
2018.05.21 12:13:29.019,1.70301,1.70328,1.00,1.00
2018.05.21 12:13:29.165,1.70304,1.70328,1.00,1.00
2018.05.21 12:13:29.711,1.70304,1.70329,1.00,1.00
2018.05.21 12:13:30.157,1.70301,1.70329,1.00,1.00
2018.05.21 12:13:31.681,1.703,1.70328,1.00,1.00
2018.05.21 12:13:31.732,1.70299,1.70326,1.50,1.00
2018.05.21 12:13:31.886,1.70304,1.70333,1.00,1.00
2018.05.21 12:13:31.938,1.70306,1.70333,1.50,1.00
2018.05.21 12:13:32.404,1.70306,1.70329,1.50,1.00
2018.05.21 12:13:32.455,1.70302,1.70327,1.50,1.00
2018.05.21 12:13:32.614,1.70299,1.70323,1.00,1.00
2018.05.21 12:13:33.006,1.70294,1.70323,1.50,1.00
2018.05.21 12:13:33.359,1.703,1.70328,1.00,1.00
2018.05.21 12:13:34.018,1.70302,1.70327,1.00,1.00
2018.05.21 12:13:34.721,1.70304,1.70327,1.00,1.00
2018.05.21 12:13:34.823,1.70304,1.7033,1.00,1.00
2018.05.21 12:13:37.085,1.70303,1.70326,1.00,1.00
2018.05.21 12:13:37.138,1.703,1.70326,1.50,1.00
2018.05.21 12:13:38.131,1.70303,1.70327,1.00,1.00
2018.05.21 12:13:38.687,1.70302,1.70327,1.00,1.00
2018.05.21 12:13:38.992,1.70305,1.7033,1.00,1.00
2018.05.21 12:13:40.096,1.70303,1.70331,1.00,1.00
2018.05.21 12:13:40.748,1.70304,1.70331,1.00,1.00
2018.05.21 12:13:41.249,1.70305,1.70331,1.00,1.00
2018.05.21 12:13:42.518,1.70305,1.70332,1.00,1.00
2018.05.21 12:13:43.059,1.70306,1.70332,1.00,1.00
2018.05.21 12:13:43.307,1.7031,1.70336,1.00,1.50
2018.05.21 12:13:43.511,1.70308,1.70335,1.00,1.00
2018.05.21 12:13:43.563,1.70308,1.70333,1.00,1.00
2018.05.21 12:13:44.137,1.70305,1.70333,1.00,1.00
2018.05.21 12:13:44.892,1.70306,1.70337,1.00,1.00
2018.05.21 12:13:44.944,1.7031,1.70339,1.00,1.50
2018.05.21 12:13:45.285,1.70312,1.70341,1.00,1.50
2018.05.21 12:13:45.594,1.70311,1.70339,1.00,1.00
2018.05.21 12:13:46.338,1.7031,1.70338,1.50,1.00
2018.05.21 12:13:47.028,1.7031,1.70337,1.50,1.00
2018.05.21 12:13:48.060,1.7031,1.70338,2.25,1.00
2018.05.21 12:13:48.364,1.70313,1.7034,1.00,1.00
2018.05.21 12:13:48.881,1.70312,1.7034,1.00,1.00
2018.05.21 12:13:49.395,1.70311,1.7034,1.50,1.00
2018.05.21 12:13:51.114,1.70311,1.70337,1.00,1.00
2018.05.21 12:13:51.272,1.70311,1.7034,1.00,1.00
2018.05.21 12:13:51.323,1.70313,1.70341,1.00,1.00
2018.05.21 12:13:51.629,1.70315,1.70343,1.00,1.00
2018.05.21 12:13:52.023,1.70315,1.70345,1.00,1.00
2018.05.21 12:13:53.847,1.70315,1.70344,1.00,1.00
2018.05.21 12:13:55.681,1.70315,1.70345,3.00,1.00
2018.05.21 12:13:55.783,1.70315,1.70342,1.50,1.00
2018.05.21 12:13:56.293,1.70315,1.70339,1.00,1.00
2018.05.21 12:13:56.447,1.70306,1.70332,1.50,1.00
2018.05.21 12:13:56.601,1.70303,1.70331,1.00,1.00
2018.05.21 12:13:56.702,1.70303,1.70329,1.00,1.00
2018.05.21 12:13:57.011,1.70305,1.70327,1.00,1.00
2018.05.21 12:13:57.063,1.70302,1.70326,1.50,1.00
2018.05.21 12:13:57.790,1.70302,1.70327,1.00,1.00
2018.05.21 12:13:58.478,1.70302,1.70326,1.00,1.00
2018.05.21 12:13:59.400,1.70302,1.70327,1.00,1.00
2018.05.21 12:13:59.452,1.70299,1.70318,1.00,1.00
2018.05.21 12:13:59.504,1.70295,1.70318,1.50,1.00
2018.05.21 12:13:59.868,1.703,1.70328,1.00,1.00
2018.05.21 12:14:00.071,1.70304,1.70328,1.00,1.00
2018.05.21 12:14:00.367,1.70301,1.70328,1.00,1.00
2018.05.21 12:14:00.673,1.70299,1.70324,1.50,1.00
2018.05.21 12:14:00.997,1.70295,1.70317,1.50,1.00
2018.05.21 12:14:01.100,1.70294,1.70322,1.00,1.00
2018.05.21 12:14:01.151,1.70296,1.70318,1.00,1.00
2018.05.21 12:14:01.201,1.70294,1.7032,1.00,1.00
2018.05.21 12:14:01.252,1.70294,1.70322,1.00,1.00
2018.05.21 12:14:01.490,1.70292,1.70318,1.00,1.00
2018.05.21 12:14:02.005,1.70288,1.70316,1.00,1.00
2018.05.21 12:14:06.587,1.70291,1.70317,1.00,1.00
2018.05.21 12:14:06.639,1.70292,1.70319,1.00,1.00
2018.05.21 12:14:06.689,1.70294,1.70319,1.00,1.00
2018.05.21 12:14:06.740,1.70292,1.70319,1.50,1.00
2018.05.21 12:14:07.312,1.70293,1.70319,1.00,1.00
2018.05.21 12:14:07.897,1.70292,1.70319,1.50,1.00
2018.05.21 12:14:08.642,1.7029,1.70319,1.00,1.00
2018.05.21 12:14:09.169,1.70291,1.70319,1.00,1.00
2018.05.21 12:14:09.934,1.70292,1.70319,1.00,1.00
2018.05.21 12:14:10.474,1.70291,1.70319,1.50,1.00
2018.05.21 12:14:10.578,1.70289,1.70315,1.00,1.00
2018.05.21 12:14:11.628,1.70287,1.70314,1.00,1.00
2018.05.21 12:14:11.679,1.70286,1.70309,1.00,1.00
2018.05.21 12:14:11.782,1.70286,1.70315,1.00,1.00
2018.05.21 12:14:11.833,1.70288,1.70315,1.00,1.00
2018.05.21 12:14:11.885,1.70287,1.70317,1.50,1.00
2018.05.21 12:14:11.987,1.70292,1.7032,1.00,1.00
2018.05.21 12:14:12.039,1.70292,1.70322,1.00,1.00
2018.05.21 12:14:12.090,1.70292,1.70318,1.00,1.00
2018.05.21 12:14:12.392,1.70281,1.70307,1.00,1.00
2018.05.21 12:14:12.701,1.70278,1.70304,1.00,1.00
2018.05.21 12:14:13.288,1.70277,1.70304,1.00,1.00
2018.05.21 12:14:13.609,1.70279,1.70304,1.00,1.00
2018.05.21 12:14:13.925,1.7028,1.70307,1.00,1.00
2018.05.21 12:14:14.595,1.7028,1.70306,1.00,1.00
2018.05.21 12:14:14.831,1.7028,1.70304,1.00,1.00
2018.05.21 12:14:15.352,1.7028,1.70303,1.00,1.00
2018.05.21 12:14:16.719,1.7028,1.70304,1.00,1.00
2018.05.21 12:14:16.822,1.7028,1.70306,1.50,1.00
2018.05.21 12:14:17.447,1.7028,1.70305,1.50,1.00
2018.05.21 12:14:20.909,1.7028,1.70307,1.50,1.00
2018.05.21 12:14:20.960,1.70283,1.70309,1.00,1.00
2018.05.21 12:14:21.012,1.70283,1.70311,1.00,1.00
2018.05.21 12:14:21.194,1.70281,1.70309,1.00,1.00
2018.05.21 12:14:21.501,1.70281,1.70307,1.50,1.00
2018.05.21 12:14:21.815,1.70281,1.70304,1.00,1.00
2018.05.21 12:14:21.927,1.70281,1.70308,1.50,1.00
2018.05.21 12:14:21.979,1.70282,1.70304,1.00,1.00
2018.05.21 12:14:22.030,1.70279,1.70305,1.00,1.00
2018.05.21 12:14:22.449,1.70279,1.70302,1.00,1.00
2018.05.21 12:14:22.603,1.70276,1.703,1.00,1.00
2018.05.21 12:14:22.905,1.70274,1.70302,1.50,1.00
2018.05.21 12:14:23.289,1.70276,1.70301,1.00,1.00
2018.05.21 12:14:23.493,1.70276,1.70303,1.00,1.00
2018.05.21 12:14:23.681,1.70278,1.70303,1.00,1.00
2018.05.21 12:14:23.858,1.70275,1.70301,1.00,1.00
2018.05.21 12:14:24.010,1.70278,1.70301,1.00,1.00
2018.05.21 12:14:25.096,1.70278,1.70303,1.00,1.00
2018.05.21 12:14:29.102,1.70278,1.70304,1.00,1.00
2018.05.21 12:14:29.153,1.70275,1.70299,1.00,1.00
2018.05.21 12:14:29.637,1.70274,1.70301,1.50,1.50
2018.05.21 12:14:29.944,1.70274,1.70299,1.00,1.00
2018.05.21 12:14:30.569,1.70274,1.70301,1.00,1.00
2018.05.21 12:14:33.119,1.70274,1.70295,1.00,1.00
2018.05.21 12:14:33.170,1.7027,1.70295,1.00,1.50
2018.05.21 12:14:33.644,1.7027,1.70297,1.00,1.00
2018.05.21 12:14:35.186,1.7027,1.70296,1.50,1.00
2018.05.21 12:14:35.240,1.7027,1.70294,1.00,1.00
2018.05.21 12:14:35.297,1.70267,1.70294,1.00,1.00
2018.05.21 12:14:35.349,1.70267,1.70291,1.00,1.00
2018.05.21 12:14:35.452,1.70262,1.70291,1.50,1.00
2018.05.21 12:14:35.503,1.70267,1.70294,1.00,1.00
2018.05.21 12:14:36.043,1.70266,1.70294,1.00,1.00
2018.05.21 12:14:36.297,1.70267,1.70296,1.00,1.50
2018.05.21 12:14:36.398,1.70267,1.70294,1.00,1.00
2018.05.21 12:14:36.979,1.70266,1.70296,1.50,1.00
2018.05.21 12:14:37.381,1.70267,1.70292,1.00,1.00
2018.05.21 12:14:37.584,1.70273,1.703,1.50,1.00
2018.05.21 12:14:38.247,1.70273,1.70299,1.00,1.00
2018.05.21 12:14:38.584,1.70269,1.70293,1.00,1.00
2018.05.21 12:14:39.002,1.70266,1.70292,1.00,1.00
2018.05.21 12:14:39.104,1.70266,1.70296,1.00,1.00
2018.05.21 12:14:39.212,1.70266,1.70293,1.00,1.00
2018.05.21 12:14:39.263,1.70266,1.70296,1.50,1.00
2018.05.21 12:14:39.365,1.70269,1.70297,1.00,1.00
2018.05.21 12:14:39.894,1.70269,1.70298,1.00,1.00
2018.05.21 12:14:40.256,1.70269,1.70295,1.00,1.00
2018.05.21 12:14:40.812,1.70269,1.70296,1.00,1.50
2018.05.21 12:14:40.915,1.70266,1.70295,1.00,1.50
2018.05.21 12:14:42.960,1.70267,1.70296,1.00,1.00
2018.05.21 12:14:43.582,1.70267,1.70297,1.00,1.00
2018.05.21 12:14:44.597,1.70266,1.70295,1.00,1.00
2018.05.21 12:14:44.900,1.70271,1.70295,1.00,1.00
2018.05.21 12:14:45.994,1.70271,1.70296,1.00,1.00
2018.05.21 12:14:47.760,1.70269,1.70292,1.00,1.00
2018.05.21 12:14:47.863,1.70266,1.70292,1.00,1.00
2018.05.21 12:14:47.915,1.7027,1.70292,1.00,1.00
2018.05.21 12:14:48.020,1.7027,1.70294,1.00,1.00
2018.05.21 12:14:48.527,1.7027,1.70295,1.00,1.00
2018.05.21 12:14:49.528,1.7027,1.70296,1.00,1.00
2018.05.21 12:14:49.580,1.70265,1.70296,2.25,1.00
2018.05.21 12:14:50.027,1.7027,1.70292,1.00,1.00
2018.05.21 12:14:50.181,1.7027,1.703,1.00,1.00
2018.05.21 12:14:50.232,1.7027,1.70298,1.00,1.00
2018.05.21 12:14:50.565,1.70272,1.70298,1.00,1.00
2018.05.21 12:14:51.021,1.70272,1.703,1.00,1.00
2018.05.21 12:14:51.532,1.70272,1.70299,1.00,1.00
2018.05.21 12:14:51.930,1.7027,1.70295,1.00,1.00
2018.05.21 12:14:52.031,1.70266,1.70293,1.00,1.00
2018.05.21 12:14:52.133,1.70266,1.70295,1.00,1.00
2018.05.21 12:14:52.325,1.7027,1.70295,1.00,1.00
2018.05.21 12:14:53.163,1.70267,1.70292,1.00,1.00
2018.05.21 12:14:53.466,1.70258,1.70286,1.00,1.00
2018.05.21 12:14:54.233,1.70257,1.70286,1.00,1.00
2018.05.21 12:14:54.449,1.70259,1.70286,1.00,1.00
2018.05.21 12:14:54.603,1.70262,1.70291,1.00,1.00
2018.05.21 12:14:55.148,1.70263,1.70291,1.50,1.00
2018.05.21 12:14:56.645,1.70264,1.70291,1.00,1.00
2018.05.21 12:14:57.166,1.70265,1.70296,1.00,1.50
2018.05.21 12:14:57.649,1.70263,1.70293,1.50,1.00
2018.05.21 12:14:59.279,1.70266,1.70294,1.00,1.00
2018.05.21 12:14:59.333,1.70267,1.70296,1.00,1.00
2018.05.21 12:14:59.435,1.70269,1.70297,1.00,1.00
2018.05.21 12:14:59.694,1.70267,1.70296,1.00,1.00
2018.05.21 12:14:59.802,1.7027,1.70297,1.00,1.00
2018.05.21 12:15:00.139,1.70273,1.70298,1.00,1.00
2018.05.21 12:15:00.271,1.70268,1.70295,1.00,1.00
2018.05.21 12:15:00.424,1.70268,1.70298,1.00,1.00
2018.05.21 12:15:00.844,1.70271,1.703,1.00,1.50
2018.05.21 12:15:01.411,1.70272,1.70301,1.00,1.00
2018.05.21 12:15:01.755,1.70266,1.70295,1.69,1.00
2018.05.21 12:15:02.059,1.70266,1.70291,1.00,1.00
2018.05.21 12:15:02.388,1.70266,1.70293,1.00,1.00
2018.05.21 12:15:02.489,1.70262,1.70291,2.25,1.00
2018.05.21 12:15:03.036,1.70263,1.70291,1.00,1.00
2018.05.21 12:15:03.548,1.70262,1.7029,1.50,1.00
2018.05.21 12:15:04.253,1.70263,1.7029,1.00,1.50
2018.05.21 12:15:04.888,1.70262,1.7029,1.50,1.00
2018.05.21 12:15:05.042,1.70265,1.7029,1.00,1.00
2018.05.21 12:15:05.436,1.70265,1.70294,1.50,1.50
2018.05.21 12:15:06.334,1.70265,1.70296,1.50,1.00
2018.05.21 12:15:06.632,1.70265,1.70294,1.00,1.00
2018.05.21 12:15:07.275,1.70265,1.70292,1.00,1.00
2018.05.21 12:15:07.827,1.70265,1.70291,1.00,1.00
2018.05.21 12:15:08.196,1.70263,1.7029,1.00,1.00
2018.05.21 12:15:08.689,1.70264,1.70292,1.00,1.50
2018.05.21 12:15:09.196,1.70264,1.70291,1.00,1.00
2018.05.21 12:15:09.429,1.70263,1.70288,1.00,1.00
2018.05.21 12:15:09.643,1.70257,1.70284,1.00,2.25
2018.05.21 12:15:09.694,1.70257,1.70282,1.00,1.00
2018.05.21 12:15:10.319,1.70257,1.70283,1.00,1.50
2018.05.21 12:15:11.752,1.70257,1.70284,1.00,1.50
2018.05.21 12:15:12.253,1.70257,1.70285,1.00,1.00
2018.05.21 12:15:12.573,1.70259,1.70286,1.00,1.00
2018.05.21 12:15:12.976,1.7026,1.70284,1.00,1.00
2018.05.21 12:15:14.346,1.70257,1.70284,1.50,1.00
2018.05.21 12:15:14.398,1.70257,1.70282,1.00,1.00
2018.05.21 12:15:14.552,1.7025,1.70277,1.50,1.00
2018.05.21 12:15:14.603,1.70252,1.70277,1.00,1.00
2018.05.21 12:15:14.938,1.70249,1.70276,1.00,1.00
2018.05.21 12:15:15.091,1.70252,1.70276,1.00,1.00
2018.05.21 12:15:15.598,1.70252,1.70278,1.00,1.00
2018.05.21 12:15:15.852,1.7025,1.70273,1.00,1.00
2018.05.21 12:15:15.904,1.7025,1.70276,1.00,1.00
2018.05.21 12:15:16.327,1.70248,1.70275,1.00,1.00
2018.05.21 12:15:16.728,1.70246,1.70272,1.50,1.00
2018.05.21 12:15:16.937,1.70248,1.70275,1.00,1.00
2018.05.21 12:15:17.138,1.70248,1.70273,1.00,1.00
2018.05.21 12:15:17.644,1.70248,1.70274,1.00,1.00
2018.05.21 12:15:20.768,1.70248,1.70275,1.00,1.00
2018.05.21 12:15:22.125,1.70248,1.70274,1.00,1.00
2018.05.21 12:15:22.668,1.70248,1.70275,1.00,1.00
2018.05.21 12:15:23.618,1.70248,1.70273,1.00,1.00
2018.05.21 12:15:28.394,1.70248,1.70275,1.00,1.00
2018.05.21 12:15:29.571,1.70245,1.70273,1.00,1.50
2018.05.21 12:15:29.795,1.70245,1.70269,1.00,1.00
2018.05.21 12:15:30.229,1.70245,1.70273,1.00,1.50
2018.05.21 12:15:30.280,1.70243,1.70273,1.00,1.00
2018.05.21 12:15:30.383,1.70243,1.70271,1.00,1.00
2018.05.21 12:15:31.143,1.70243,1.7027,1.00,1.00
2018.05.21 12:15:31.368,1.70243,1.70273,1.00,1.00
2018.05.21 12:15:31.693,1.70247,1.70274,1.00,1.00
2018.05.21 12:15:32.256,1.70247,1.70275,1.00,1.50
2018.05.21 12:15:33.178,1.70247,1.70274,1.00,1.00
2018.05.21 12:15:33.693,1.70248,1.70275,1.00,1.00
2018.05.21 12:15:34.019,1.70257,1.70283,1.00,1.00
2018.05.21 12:15:34.407,1.70257,1.70285,1.00,1.50
2018.05.21 12:15:35.175,1.70254,1.70276,1.00,1.00
2018.05.21 12:15:35.226,1.70251,1.70276,1.00,1.50
2018.05.21 12:15:35.327,1.70249,1.70275,1.00,1.50
2018.05.21 12:15:35.378,1.70247,1.70276,1.00,2.25
2018.05.21 12:15:35.631,1.70248,1.70272,1.00,1.00
2018.05.21 12:15:36.139,1.70247,1.70276,1.00,1.00
2018.05.21 12:15:36.465,1.70246,1.70274,1.00,1.00
2018.05.21 12:15:36.516,1.70247,1.70276,1.00,1.00
2018.05.21 12:15:36.619,1.70252,1.70277,1.00,1.00
2018.05.21 12:15:36.951,1.70251,1.70273,1.00,1.00
2018.05.21 12:15:37.153,1.70251,1.70277,1.00,1.00
2018.05.21 12:15:37.619,1.70251,1.70274,1.00,1.00
2018.05.21 12:15:37.951,1.70249,1.70274,1.00,1.00
2018.05.21 12:15:38.104,1.70247,1.70274,1.00,1.00
2018.05.21 12:15:38.980,1.70246,1.70274,1.00,2.25
2018.05.21 12:15:39.031,1.70243,1.70273,1.50,1.00
2018.05.21 12:15:39.133,1.70244,1.70269,1.00,1.00
2018.05.21 12:15:39.830,1.70243,1.70269,1.00,1.00
2018.05.21 12:15:40.150,1.70245,1.7027,1.00,1.00
2018.05.21 12:15:40.668,1.70245,1.70272,1.00,1.00
2018.05.21 12:15:40.966,1.70244,1.70267,1.00,1.00
2018.05.21 12:15:41.017,1.70246,1.7027,1.00,1.00
2018.05.21 12:15:41.168,1.70244,1.70269,1.00,1.00
2018.05.21 12:15:41.685,1.70244,1.7027,1.00,1.00
2018.05.21 12:15:41.909,1.70244,1.70272,1.00,1.00
2018.05.21 12:15:42.562,1.70244,1.70273,1.00,1.50
2018.05.21 12:15:42.789,1.70244,1.70271,1.00,1.00
2018.05.21 12:15:43.105,1.70246,1.70271,1.00,1.00
2018.05.21 12:15:43.402,1.70247,1.70277,1.00,1.00
2018.05.21 12:15:43.454,1.70249,1.70276,1.00,1.00
2018.05.21 12:15:44.298,1.70249,1.70277,1.00,1.00
2018.05.21 12:15:44.647,1.70252,1.70278,1.00,1.00
2018.05.21 12:15:44.994,1.70245,1.70267,1.00,1.00
2018.05.21 12:15:45.096,1.70241,1.70267,1.00,1.00
2018.05.21 12:15:45.443,1.70241,1.70269,1.00,1.00
2018.05.21 12:15:48.035,1.70245,1.70271,1.00,1.00
2018.05.21 12:15:48.575,1.70254,1.70277,1.00,1.00
2018.05.21 12:15:48.627,1.70254,1.70279,1.00,1.00
2018.05.21 12:15:48.730,1.7025,1.70278,1.12,1.50
2018.05.21 12:15:48.782,1.70251,1.70275,1.00,1.00
2018.05.21 12:15:48.903,1.70249,1.70275,1.00,1.00
2018.05.21 12:15:49.440,1.7025,1.70276,1.00,1.00
2018.05.21 12:15:49.674,1.70249,1.70274,1.00,1.00
2018.05.21 12:15:49.725,1.7025,1.70276,1.00,1.00
2018.05.21 12:15:50.229,1.70249,1.70275,1.00,1.00
2018.05.21 12:15:50.736,1.70247,1.70274,1.00,1.00
2018.05.21 12:15:50.801,1.70245,1.70275,1.50,1.50
2018.05.21 12:15:50.861,1.70245,1.70273,1.50,1.00
2018.05.21 12:15:51.211,1.70247,1.70273,1.00,1.00
2018.05.21 12:15:51.791,1.70247,1.70272,1.00,1.00
2018.05.21 12:15:52.218,1.70247,1.70274,1.00,1.50
2018.05.21 12:15:52.809,1.70247,1.70272,1.00,1.00
2018.05.21 12:15:54.452,1.70247,1.70274,1.00,1.50
2018.05.21 12:15:54.976,1.70247,1.70272,1.00,1.00
2018.05.21 12:15:55.665,1.70246,1.70272,1.00,1.00
2018.05.21 12:15:56.185,1.70247,1.70271,1.00,1.00
2018.05.21 12:15:56.236,1.70241,1.70269,1.00,1.50
2018.05.21 12:15:56.287,1.70244,1.70268,1.00,1.00
2018.05.21 12:15:56.338,1.70244,1.70271,1.00,1.00
2018.05.21 12:15:56.940,1.70244,1.70272,1.00,2.25
2018.05.21 12:15:57.193,1.70244,1.70269,1.00,1.00
2018.05.21 12:15:57.349,1.70242,1.70269,1.00,1.00
2018.05.21 12:15:58.288,1.70242,1.7027,1.00,1.00
2018.05.21 12:15:59.633,1.70241,1.7027,1.00,1.00
2018.05.21 12:16:00.194,1.70241,1.70269,1.00,1.00
2018.05.21 12:16:00.246,1.70238,1.70268,1.50,1.00
2018.05.21 12:16:00.350,1.70243,1.70265,1.00,1.00
2018.05.21 12:16:00.402,1.70247,1.70273,1.00,1.50
2018.05.21 12:16:00.455,1.70248,1.70275,1.00,1.00
2018.05.21 12:16:00.551,1.70247,1.70272,1.00,1.00
2018.05.21 12:16:00.756,1.70237,1.70264,1.00,1.00
2018.05.21 12:16:00.807,1.70233,1.70256,1.00,1.00
2018.05.21 12:16:00.859,1.70229,1.70257,1.00,1.00
2018.05.21 12:16:00.911,1.70234,1.70257,1.00,1.00
2018.05.21 12:16:01.014,1.7024,1.70267,1.00,1.00
2018.05.21 12:16:01.065,1.70238,1.70267,1.00,1.50
2018.05.21 12:16:01.116,1.70238,1.70265,1.00,1.00
2018.05.21 12:16:01.397,1.70236,1.70264,1.00,1.00
2018.05.21 12:16:01.552,1.70236,1.70262,1.00,1.00
2018.05.21 12:16:02.016,1.70234,1.70262,1.00,1.00
2018.05.21 12:16:02.073,1.70238,1.70261,1.00,1.00
2018.05.21 12:16:02.128,1.70238,1.70264,1.00,1.00
2018.05.21 12:16:02.181,1.70238,1.70266,1.00,1.50
2018.05.21 12:16:02.284,1.70238,1.70264,1.00,1.00
2018.05.21 12:16:02.827,1.70238,1.70265,1.00,1.50
2018.05.21 12:16:03.779,1.70238,1.70264,1.00,1.00
2018.05.21 12:16:05.604,1.70233,1.70258,1.00,1.00
2018.05.21 12:16:05.656,1.70229,1.70258,1.00,1.50
2018.05.21 12:16:05.708,1.70228,1.70253,1.25,1.00
2018.05.21 12:16:05.760,1.70229,1.70257,1.00,1.00
2018.05.21 12:16:05.811,1.70225,1.70252,1.00,1.00
2018.05.21 12:16:06.125,1.7022,1.70249,1.00,1.00
2018.05.21 12:16:06.176,1.70222,1.70249,1.00,1.50
2018.05.21 12:16:06.614,1.70224,1.70252,1.00,2.25
2018.05.21 12:16:06.665,1.70224,1.7025,1.00,1.00
2018.05.21 12:16:06.766,1.70222,1.70249,1.00,1.00
2018.05.21 12:16:07.280,1.70223,1.7025,1.00,1.00
2018.05.21 12:16:07.396,1.70227,1.7025,1.00,1.50
2018.05.21 12:16:07.601,1.70228,1.70257,1.00,1.50
2018.05.21 12:16:08.098,1.70228,1.70252,1.00,1.00
2018.05.21 12:16:08.319,1.70226,1.70252,1.00,1.00
2018.05.21 12:16:08.547,1.70226,1.70254,1.00,2.25
2018.05.21 12:16:08.599,1.70224,1.70252,1.50,1.00
2018.05.21 12:16:08.752,1.70224,1.70254,1.50,2.25
2018.05.21 12:16:09.075,1.70226,1.70254,1.00,2.25
2018.05.21 12:16:09.388,1.70234,1.70254,1.00,1.00
2018.05.21 12:16:09.490,1.7023,1.70257,1.00,1.00
2018.05.21 12:16:09.743,1.70232,1.70257,1.00,1.00
2018.05.21 12:16:09.794,1.70232,1.7026,1.00,1.00
2018.05.21 12:16:09.895,1.70229,1.70256,1.00,1.00
2018.05.21 12:16:10.061,1.70229,1.70259,1.00,1.50
2018.05.21 12:16:10.264,1.70231,1.70259,1.00,1.00
2018.05.21 12:16:10.808,1.70231,1.70258,1.00,1.00
2018.05.21 12:16:11.358,1.70231,1.70257,1.00,1.00
2018.05.21 12:16:11.942,1.7023,1.70257,1.00,1.00
2018.05.21 12:16:13.062,1.7023,1.70258,1.00,1.50
2018.05.21 12:16:13.720,1.7023,1.70257,1.00,1.00
2018.05.21 12:16:14.596,1.70233,1.70257,1.00,1.50
2018.05.21 12:16:15.372,1.70233,1.70256,1.00,1.00
2018.05.21 12:16:16.228,1.70226,1.70254,1.62,1.00
2018.05.21 12:16:16.279,1.70223,1.70248,1.00,1.50
2018.05.21 12:16:16.431,1.70221,1.70247,1.00,1.00
2018.05.21 12:16:16.798,1.70216,1.70247,1.25,1.50
2018.05.21 12:16:16.849,1.70214,1.70239,1.00,1.00
2018.05.21 12:16:16.899,1.70216,1.70242,1.00,1.00
2018.05.21 12:16:16.950,1.70219,1.70243,1.00,1.00
2018.05.21 12:16:17.052,1.70227,1.70252,1.00,1.50
2018.05.21 12:16:17.103,1.7023,1.70255,1.00,1.00
2018.05.21 12:16:17.204,1.70231,1.70258,1.00,1.50
2018.05.21 12:16:17.357,1.70234,1.70257,1.00,1.00
2018.05.21 12:16:17.425,1.70229,1.70258,2.44,1.00
2018.05.21 12:16:17.477,1.70231,1.70259,1.00,1.00
2018.05.21 12:16:17.991,1.70232,1.70258,1.00,1.00
2018.05.21 12:16:18.093,1.70232,1.7026,1.00,1.50
2018.05.21 12:16:18.756,1.70233,1.7026,1.00,1.00
2018.05.21 12:16:19.088,1.70233,1.70258,1.00,1.00
2018.05.21 12:16:19.293,1.70234,1.70261,1.00,1.50
2018.05.21 12:16:19.458,1.70234,1.70257,1.00,1.00
2018.05.21 12:16:19.509,1.70234,1.70259,1.00,1.00
2018.05.21 12:16:19.561,1.70236,1.70264,1.00,1.50
2018.05.21 12:16:19.612,1.70236,1.70262,1.00,1.00
2018.05.21 12:16:19.949,1.70238,1.70262,1.00,1.00
2018.05.21 12:16:20.001,1.70235,1.70264,1.00,1.50
2018.05.21 12:16:20.053,1.70235,1.70262,1.00,1.00
2018.05.21 12:16:20.362,1.70235,1.70259,1.00,1.00
2018.05.21 12:16:21.030,1.70235,1.70261,1.00,1.00
2018.05.21 12:16:21.081,1.70235,1.70264,1.00,1.50
2018.05.21 12:16:21.336,1.70239,1.70265,1.00,1.00
2018.05.21 12:16:22.159,1.70239,1.70266,1.00,1.50
2018.05.21 12:16:23.783,1.70242,1.70269,1.00,1.50
2018.05.21 12:16:24.191,1.70241,1.70267,1.00,1.50
2018.05.21 12:16:24.818,1.70241,1.70268,1.00,1.00
2018.05.21 12:16:25.149,1.7024,1.70265,1.00,1.00
2018.05.21 12:16:25.300,1.70237,1.70265,1.00,1.50
2018.05.21 12:16:25.745,1.70237,1.70261,1.00,1.00
2018.05.21 12:16:25.954,1.70239,1.70266,1.00,1.00
2018.05.21 12:16:26.056,1.70242,1.70269,1.00,1.00
2018.05.21 12:16:26.685,1.70243,1.70269,1.00,1.00
2018.05.21 12:16:26.929,1.70243,1.70271,1.00,2.25
2018.05.21 12:16:27.033,1.70245,1.70272,1.00,2.25
2018.05.21 12:16:27.562,1.70246,1.70271,1.00,1.00
2018.05.21 12:16:28.075,1.70246,1.70272,1.00,1.00
2018.05.21 12:16:28.667,1.70246,1.70271,1.00,1.00
2018.05.21 12:16:28.838,1.70246,1.70273,1.00,1.50
2018.05.21 12:16:29.678,1.70246,1.70272,1.00,1.50
2018.05.21 12:16:30.142,1.70242,1.70269,1.00,1.00
2018.05.21 12:16:31.141,1.70242,1.70268,1.00,1.00
2018.05.21 12:16:31.687,1.70242,1.70269,1.00,1.00
2018.05.21 12:16:32.548,1.70242,1.7027,1.00,1.50
2018.05.21 12:16:33.116,1.70246,1.70272,1.00,1.00
2018.05.21 12:16:33.399,1.70243,1.70272,1.00,1.00
2018.05.21 12:16:33.450,1.70245,1.70273,1.50,1.00
2018.05.21 12:16:33.791,1.7024,1.70267,1.00,1.00
2018.05.21 12:16:34.334,1.70239,1.70266,1.50,1.00
2018.05.21 12:16:35.989,1.70238,1.70266,1.00,1.00
2018.05.21 12:16:36.670,1.70242,1.70267,1.00,1.00
2018.05.21 12:16:36.721,1.70239,1.70267,1.00,1.00
2018.05.21 12:16:36.772,1.70246,1.70267,1.00,1.00
2018.05.21 12:16:36.823,1.70247,1.70274,1.00,1.00
2018.05.21 12:16:37.005,1.70249,1.70275,1.00,1.00
2018.05.21 12:16:37.325,1.70247,1.70271,1.00,1.00
2018.05.21 12:16:37.376,1.70247,1.70273,1.00,1.00
2018.05.21 12:16:37.427,1.70249,1.70273,1.00,1.00
2018.05.21 12:16:37.785,1.70245,1.70268,1.00,1.00
2018.05.21 12:16:37.837,1.70245,1.70274,1.00,1.50
2018.05.21 12:16:38.154,1.70249,1.70275,1.00,1.00
2018.05.21 12:16:38.256,1.70252,1.70279,1.00,1.00
2018.05.21 12:16:38.519,1.70249,1.70274,1.00,1.00
2018.05.21 12:16:38.570,1.70248,1.70277,1.00,1.50
2018.05.21 12:16:38.840,1.70248,1.70275,1.00,1.00
2018.05.21 12:16:38.892,1.70246,1.70274,1.00,1.00
2018.05.21 12:16:38.944,1.7025,1.70277,1.00,1.00
2018.05.21 12:16:39.153,1.70246,1.70274,1.00,1.00
2018.05.21 12:16:39.672,1.70247,1.70274,1.00,1.00
2018.05.21 12:16:39.938,1.70249,1.70275,1.00,1.00
2018.05.21 12:16:40.148,1.70249,1.70277,1.00,1.50
2018.05.21 12:16:40.200,1.70246,1.70275,1.37,1.50
2018.05.21 12:16:40.511,1.70242,1.7027,1.00,1.00
2018.05.21 12:16:40.816,1.70248,1.70275,1.00,1.00
2018.05.21 12:16:41.140,1.70249,1.70273,1.00,1.00
2018.05.21 12:16:41.644,1.70249,1.70272,1.00,1.00
2018.05.21 12:16:42.922,1.70248,1.70272,1.00,1.50
2018.05.21 12:16:42.974,1.70245,1.70272,1.00,1.50
2018.05.21 12:16:43.025,1.70245,1.7027,1.00,1.00
2018.05.21 12:16:43.076,1.70245,1.70272,1.00,1.50
2018.05.21 12:16:43.128,1.70244,1.70265,1.00,1.00
2018.05.21 12:16:43.308,1.70246,1.70272,1.00,1.00
2018.05.21 12:16:43.534,1.70246,1.7027,1.00,1.00
2018.05.21 12:16:43.759,1.70246,1.70272,1.00,1.00
2018.05.21 12:16:44.501,1.70246,1.7027,1.00,1.00
2018.05.21 12:16:45.180,1.70246,1.70271,1.00,1.00
2018.05.21 12:16:45.726,1.7024,1.7027,1.81,1.00
2018.05.21 12:16:45.776,1.70236,1.70262,1.00,1.00
2018.05.21 12:16:46.079,1.7024,1.70263,1.00,1.00
2018.05.21 12:16:46.181,1.70238,1.70262,1.00,1.00
2018.05.21 12:16:46.686,1.70238,1.70263,1.00,1.00
2018.05.21 12:16:46.842,1.7024,1.70263,1.00,1.00
2018.05.21 12:16:47.516,1.7024,1.7026,1.00,1.00
2018.05.21 12:16:47.611,1.70238,1.7026,1.00,1.00
2018.05.21 12:16:47.716,1.70238,1.70258,1.00,1.00
2018.05.21 12:16:47.769,1.70238,1.70261,1.00,1.50
2018.05.21 12:16:48.183,1.70236,1.7026,1.00,1.00
2018.05.21 12:16:48.465,1.70235,1.70258,1.00,1.00
2018.05.21 12:16:49.328,1.70229,1.70255,1.00,1.00
2018.05.21 12:16:49.425,1.70224,1.70251,1.00,1.00
2018.05.21 12:16:49.477,1.70227,1.7025,1.50,1.00
2018.05.21 12:16:49.529,1.70225,1.7025,1.25,1.00
2018.05.21 12:16:49.580,1.70227,1.70252,1.69,1.00
2018.05.21 12:16:49.887,1.70238,1.70257,1.00,1.00
2018.05.21 12:16:49.939,1.70237,1.70261,1.00,1.00
2018.05.21 12:16:50.012,1.70235,1.7026,1.00,1.00
2018.05.21 12:16:50.063,1.70232,1.70256,1.00,1.00
2018.05.21 12:16:50.582,1.70231,1.70256,1.00,1.00
2018.05.21 12:16:51.048,1.70236,1.70256,1.00,1.00
2018.05.21 12:16:51.553,1.70236,1.70257,1.00,1.00
2018.05.21 12:16:52.027,1.70234,1.70257,1.00,1.00
2018.05.21 12:16:52.303,1.70232,1.70257,1.00,1.00
2018.05.21 12:16:52.789,1.70232,1.70253,1.00,1.00
2018.05.21 12:16:53.972,1.7023,1.70253,1.00,1.00
2018.05.21 12:16:54.074,1.70228,1.70251,1.00,1.00
2018.05.21 12:16:54.600,1.70228,1.7025,1.00,1.00
2018.05.21 12:16:54.970,1.7023,1.70252,1.00,1.00
2018.05.21 12:16:55.178,1.7023,1.70254,1.00,1.00
2018.05.21 12:16:55.280,1.7023,1.70249,1.00,1.00
2018.05.21 12:16:55.484,1.70227,1.70249,1.00,1.00
2018.05.21 12:16:56.066,1.70228,1.7025,1.00,1.00
2018.05.21 12:16:56.117,1.70228,1.70248,1.00,1.00
2018.05.21 12:16:56.422,1.7023,1.70249,1.00,1.00
2018.05.21 12:16:56.537,1.7023,1.70252,1.00,1.00
2018.05.21 12:16:56.639,1.7023,1.70254,1.00,1.00
2018.05.21 12:16:56.692,1.70228,1.70254,1.00,1.00
2018.05.21 12:16:56.848,1.70224,1.70248,1.00,1.50
2018.05.21 12:16:57.154,1.70225,1.70251,1.00,1.00
2018.05.21 12:16:57.409,1.70224,1.70249,1.00,1.00
2018.05.21 12:16:57.785,1.70223,1.70246,1.50,1.00
2018.05.21 12:16:58.228,1.70225,1.70248,1.00,1.00
2018.05.21 12:16:58.573,1.70227,1.70249,1.00,1.00
2018.05.21 12:16:59.199,1.70225,1.70248,1.00,1.00
2018.05.21 12:16:59.307,1.70229,1.70251,1.00,1.00
2018.05.21 12:16:59.359,1.70225,1.70248,1.00,1.00
2018.05.21 12:16:59.462,1.70223,1.70248,1.00,1.00
2018.05.21 12:16:59.972,1.70223,1.70247,1.00,1.00
2018.05.21 12:17:00.261,1.70225,1.70249,1.00,1.00
2018.05.21 12:17:00.314,1.70223,1.70248,1.00,1.50
2018.05.21 12:17:00.419,1.70223,1.70246,1.00,1.00
2018.05.21 12:17:01.394,1.70222,1.70244,1.00,1.50
2018.05.21 12:17:01.545,1.7022,1.70243,1.00,1.00
2018.05.21 12:17:01.884,1.70217,1.70242,1.00,1.00
2018.05.21 12:17:02.678,1.70217,1.70238,1.00,1.00
2018.05.21 12:17:03.205,1.70213,1.70236,1.00,1.00
2018.05.21 12:17:03.256,1.70213,1.70233,1.00,1.00
2018.05.21 12:17:03.307,1.70215,1.70236,1.00,1.00
2018.05.21 12:17:03.358,1.70217,1.70232,1.00,1.00
2018.05.21 12:17:03.409,1.70217,1.70235,1.00,1.00
2018.05.21 12:17:03.562,1.70214,1.70236,1.00,1.00
2018.05.21 12:17:03.720,1.70218,1.70235,1.00,1.00
2018.05.21 12:17:03.825,1.70215,1.70235,1.00,1.00
2018.05.21 12:17:03.976,1.70217,1.70235,1.00,1.00
2018.05.21 12:17:04.290,1.70219,1.70237,1.00,1.00
2018.05.21 12:17:04.407,1.70219,1.70239,1.00,1.00
2018.05.21 12:17:04.458,1.70218,1.70241,1.00,1.50
2018.05.21 12:17:04.509,1.70221,1.7024,1.00,1.00
2018.05.21 12:17:04.664,1.70221,1.70244,1.00,1.50
2018.05.21 12:17:04.768,1.70221,1.70241,1.00,1.00
2018.05.21 12:17:04.829,1.70221,1.70243,1.00,1.00
2018.05.21 12:17:04.982,1.70224,1.70245,1.00,1.00
2018.05.21 12:17:05.249,1.70215,1.70237,1.00,1.00
2018.05.21 12:17:05.300,1.70215,1.70235,1.00,1.00
2018.05.21 12:17:06.003,1.70215,1.70237,1.00,1.00
2018.05.21 12:17:06.054,1.70214,1.70234,1.00,1.00
2018.05.21 12:17:06.689,1.70215,1.70234,1.00,1.00
2018.05.21 12:17:06.792,1.70216,1.70236,1.00,1.50
2018.05.21 12:17:06.843,1.70212,1.70235,1.19,1.00
2018.05.21 12:17:07.009,1.70212,1.70234,1.00,1.00
2018.05.21 12:17:07.381,1.70212,1.70232,1.00,1.00
2018.05.21 12:17:07.691,1.70213,1.70234,1.00,1.00
2018.05.21 12:17:07.793,1.70215,1.70234,1.00,1.00
2018.05.21 12:17:08.119,1.70219,1.70237,1.00,1.00
2018.05.21 12:17:08.170,1.70217,1.70238,1.00,1.00
2018.05.21 12:17:08.440,1.70218,1.7024,1.00,1.00
2018.05.21 12:17:08.592,1.70217,1.70236,1.00,1.00
2018.05.21 12:17:09.402,1.70217,1.70235,1.00,1.00
2018.05.21 12:17:09.463,1.70215,1.70235,1.00,1.00
2018.05.21 12:17:09.612,1.70213,1.70232,1.00,1.00
2018.05.21 12:17:10.400,1.70214,1.70232,1.00,1.00
2018.05.21 12:17:10.452,1.70212,1.70231,1.00,1.00
2018.05.21 12:17:10.504,1.70209,1.70231,1.00,1.00
2018.05.21 12:17:10.641,1.70209,1.70229,1.00,1.00
2018.05.21 12:17:10.999,1.70209,1.70231,1.00,1.00
2018.05.21 12:17:11.550,1.7021,1.70232,1.00,1.00
2018.05.21 12:17:11.602,1.7021,1.70229,1.00,1.00
2018.05.21 12:17:11.915,1.70209,1.70227,1.00,1.00
2018.05.21 12:17:12.520,1.70208,1.70226,1.00,1.00
2018.05.21 12:17:12.936,1.70208,1.70228,1.00,1.00
2018.05.21 12:17:13.472,1.70208,1.70227,1.00,1.00
2018.05.21 12:17:13.829,1.70209,1.70232,1.00,1.00
2018.05.21 12:17:14.169,1.70208,1.70229,1.00,1.00
2018.05.21 12:17:14.271,1.70204,1.70228,1.50,1.00
2018.05.21 12:17:14.326,1.70206,1.70227,1.00,1.00
2018.05.21 12:17:14.378,1.70207,1.70235,1.00,1.50
2018.05.21 12:17:14.430,1.70206,1.70233,1.00,1.00
2018.05.21 12:17:14.708,1.70207,1.70235,1.00,1.00
2018.05.21 12:17:15.117,1.70211,1.70235,1.00,1.00
2018.05.21 12:17:15.169,1.70211,1.70237,1.00,1.00
2018.05.21 12:17:15.376,1.70211,1.70235,1.00,1.00
2018.05.21 12:17:15.469,1.70211,1.70237,1.00,1.00
2018.05.21 12:17:15.520,1.70211,1.70235,1.00,1.00
2018.05.21 12:17:15.936,1.70208,1.70234,1.00,1.00
2018.05.21 12:17:16.090,1.7021,1.70234,1.00,1.00
2018.05.21 12:17:16.417,1.70214,1.70237,1.00,1.00
2018.05.21 12:17:16.468,1.70212,1.70236,1.00,1.00
2018.05.21 12:17:16.519,1.70212,1.70238,1.00,1.00
2018.05.21 12:17:17.091,1.70212,1.70237,1.00,1.00
2018.05.21 12:17:17.924,1.70209,1.70237,1.00,1.00
2018.05.21 12:17:18.397,1.7021,1.70239,1.00,1.00
2018.05.21 12:17:18.654,1.70211,1.70237,1.00,1.00
2018.05.21 12:17:18.840,1.70216,1.70243,1.00,1.00
2018.05.21 12:17:19.301,1.70214,1.70241,1.00,1.00
2018.05.21 12:17:19.870,1.70214,1.7024,1.00,1.00
2018.05.21 12:17:20.428,1.70213,1.70239,1.00,1.00
2018.05.21 12:17:20.737,1.70218,1.70244,1.00,1.00
2018.05.21 12:17:21.247,1.70218,1.70243,1.00,1.00
2018.05.21 12:17:21.767,1.70218,1.70244,1.00,1.00
2018.05.21 12:17:21.817,1.70215,1.70244,1.00,1.00
2018.05.21 12:17:21.868,1.70215,1.70241,1.00,1.00
2018.05.21 12:17:21.919,1.70212,1.70241,1.00,1.00
2018.05.21 12:17:21.970,1.70215,1.70241,1.00,1.00
2018.05.21 12:17:22.071,1.70219,1.70246,1.00,1.00
2018.05.21 12:17:22.174,1.70221,1.70248,1.00,1.00
2018.05.21 12:17:22.662,1.70219,1.70246,1.00,1.00
2018.05.21 12:17:22.797,1.70215,1.70244,1.00,1.00
2018.05.21 12:17:24.492,1.70215,1.70242,1.00,1.00
2018.05.21 12:17:24.542,1.70212,1.7024,1.00,1.00
2018.05.21 12:17:24.644,1.70211,1.70238,1.00,1.00
2018.05.21 12:17:24.694,1.70211,1.7024,1.00,1.50
2018.05.21 12:17:24.745,1.70214,1.7024,1.00,1.00
2018.05.21 12:17:25.086,1.70212,1.70239,1.00,1.00
2018.05.21 12:17:25.187,1.70217,1.70244,1.00,1.00
2018.05.21 12:17:25.238,1.70218,1.70247,1.00,1.50
2018.05.21 12:17:25.289,1.70224,1.7025,1.00,1.50
2018.05.21 12:17:25.735,1.70222,1.70249,1.25,1.00
2018.05.21 12:17:25.852,1.70224,1.70251,1.00,1.00
2018.05.21 12:17:27.234,1.70223,1.7025,1.00,1.00
2018.05.21 12:17:27.600,1.70223,1.70252,1.00,1.00
2018.05.21 12:17:27.655,1.70223,1.7025,1.00,1.00
2018.05.21 12:17:28.328,1.70222,1.7025,1.00,1.00
2018.05.21 12:17:28.641,1.70227,1.70251,1.00,1.00
2018.05.21 12:17:29.274,1.70227,1.7025,1.00,1.00
2018.05.21 12:17:29.326,1.70222,1.70248,1.00,1.00
2018.05.21 12:17:29.378,1.70222,1.7025,1.00,1.00
2018.05.21 12:17:30.267,1.70223,1.70251,1.00,1.00
2018.05.21 12:17:30.422,1.70225,1.70253,1.00,1.00
2018.05.21 12:17:30.524,1.70226,1.70256,1.00,1.00
2018.05.21 12:17:30.575,1.70228,1.70256,1.00,1.00
2018.05.21 12:17:31.191,1.70227,1.70256,1.00,1.00
2018.05.21 12:17:31.499,1.70229,1.70256,1.00,1.00
2018.05.21 12:17:31.813,1.70226,1.70257,1.00,1.50
2018.05.21 12:17:31.916,1.70228,1.70256,1.00,1.00
2018.05.21 12:17:32.068,1.70228,1.70258,1.00,1.50
2018.05.21 12:17:32.472,1.7023,1.70258,1.00,1.00
2018.05.21 12:17:32.858,1.70232,1.70258,1.00,1.00
2018.05.21 12:17:33.838,1.70233,1.70258,1.00,1.00
2018.05.21 12:17:34.487,1.70233,1.70259,1.00,1.00
2018.05.21 12:17:34.590,1.70235,1.70263,1.00,2.25
2018.05.21 12:17:35.782,1.70233,1.70261,1.00,1.00
2018.05.21 12:17:35.885,1.70235,1.70264,1.00,1.00
2018.05.21 12:17:36.387,1.70236,1.70265,1.00,1.00
2018.05.21 12:17:36.967,1.70233,1.70264,1.00,1.50
2018.05.21 12:17:37.457,1.70233,1.70262,1.00,1.00
2018.05.21 12:17:37.836,1.70231,1.70259,1.00,1.00
2018.05.21 12:17:39.340,1.70227,1.70257,1.00,1.00
2018.05.21 12:17:39.421,1.70226,1.70255,1.00,1.00
2018.05.21 12:17:41.265,1.70223,1.70254,1.00,1.00
2018.05.21 12:17:43.411,1.70222,1.70252,1.50,1.00
2018.05.21 12:17:43.463,1.7022,1.70252,1.50,1.00
2018.05.21 12:17:43.514,1.70221,1.70249,1.00,1.00
2018.05.21 12:17:43.566,1.70223,1.70252,1.00,1.00
2018.05.21 12:17:43.619,1.70223,1.70254,1.00,1.00
2018.05.21 12:17:43.670,1.70225,1.70253,1.00,1.00
2018.05.21 12:17:43.722,1.70223,1.70252,1.00,1.00
2018.05.21 12:17:44.385,1.70222,1.70251,1.00,1.00
2018.05.21 12:17:44.901,1.70221,1.70251,1.50,1.00
2018.05.21 12:17:45.183,1.70223,1.70251,1.00,1.00
2018.05.21 12:17:45.632,1.70223,1.70249,1.00,1.00
2018.05.21 12:17:45.683,1.70224,1.70251,1.00,1.00
2018.05.21 12:17:45.784,1.70221,1.70251,1.00,1.00
2018.05.21 12:17:46.368,1.70224,1.70252,1.00,1.00
2018.05.21 12:17:46.419,1.70225,1.70255,1.00,1.50
2018.05.21 12:17:46.958,1.70224,1.70252,1.00,1.00
2018.05.21 12:17:47.112,1.70226,1.70255,1.00,1.00
2018.05.21 12:17:47.265,1.70226,1.70257,1.00,1.00
2018.05.21 12:17:47.366,1.70226,1.70254,1.00,1.00
2018.05.21 12:17:47.418,1.70222,1.70253,1.50,1.00
2018.05.21 12:17:47.943,1.70223,1.70253,1.00,1.00
2018.05.21 12:17:47.994,1.70223,1.70251,1.00,1.00
2018.05.21 12:17:48.046,1.70226,1.70255,1.00,1.00
2018.05.21 12:17:48.939,1.70225,1.70255,1.00,1.00
2018.05.21 12:17:49.056,1.70222,1.70253,2.44,1.00
2018.05.21 12:17:50.443,1.70224,1.70254,1.00,1.00
2018.05.21 12:17:50.546,1.70221,1.70252,1.00,1.00
2018.05.21 12:17:50.597,1.70222,1.7025,1.00,1.00
2018.05.21 12:17:51.282,1.70221,1.7025,1.00,1.00
2018.05.21 12:17:51.414,1.70219,1.7025,1.00,1.50
2018.05.21 12:17:53.042,1.70219,1.70249,1.00,1.00
2018.05.21 12:17:53.093,1.70221,1.70249,1.00,1.00
2018.05.21 12:17:53.944,1.70221,1.70251,1.00,1.00
2018.05.21 12:17:53.996,1.70222,1.70253,1.00,1.50
2018.05.21 12:17:54.047,1.70222,1.70251,1.00,1.00
2018.05.21 12:17:54.600,1.70224,1.70252,1.00,1.50
2018.05.21 12:17:55.149,1.70223,1.70251,1.00,1.00
2018.05.21 12:17:55.475,1.70228,1.70252,1.00,1.00
2018.05.21 12:17:55.526,1.70226,1.70254,1.00,1.00
2018.05.21 12:17:55.577,1.70238,1.70256,1.00,1.00
2018.05.21 12:17:55.628,1.70236,1.7026,1.00,1.00
2018.05.21 12:17:55.679,1.70238,1.70263,1.00,1.50
2018.05.21 12:17:55.831,1.7024,1.70263,1.00,1.00
2018.05.21 12:17:55.881,1.7024,1.70265,1.00,1.00
2018.05.21 12:17:56.098,1.70238,1.70264,1.00,1.00
2018.05.21 12:17:56.150,1.70236,1.70263,1.00,1.00
2018.05.21 12:17:56.456,1.70233,1.70262,1.00,1.00
2018.05.21 12:17:56.557,1.70231,1.7026,1.00,1.00
2018.05.21 12:17:58.313,1.70231,1.70259,1.00,1.00
2018.05.21 12:17:59.719,1.70231,1.70258,1.00,1.00
2018.05.21 12:17:59.973,1.70234,1.70263,1.00,1.00
2018.05.21 12:18:00.761,1.70233,1.70263,1.00,1.50
2018.05.21 12:18:00.813,1.70235,1.70258,1.00,1.00
2018.05.21 12:18:00.865,1.70236,1.70263,1.00,1.00
2018.05.21 12:18:00.968,1.70237,1.70266,1.00,1.50
2018.05.21 12:18:01.070,1.70234,1.70261,1.50,1.00
2018.05.21 12:18:01.144,1.70234,1.70263,1.00,1.00
2018.05.21 12:18:01.395,1.70233,1.7026,1.00,1.00
2018.05.21 12:18:02.006,1.70232,1.70259,1.00,1.00
2018.05.21 12:18:03.024,1.70232,1.70258,1.50,1.00
2018.05.21 12:18:03.575,1.70232,1.70259,1.50,1.00
2018.05.21 12:18:05.530,1.70234,1.70263,1.00,1.00
2018.05.21 12:18:06.037,1.70233,1.70259,1.00,1.00
2018.05.21 12:18:06.088,1.70231,1.70258,1.50,1.00
2018.05.21 12:18:06.396,1.70231,1.70262,1.50,1.50
2018.05.21 12:18:06.966,1.70232,1.70262,1.00,1.00
2018.05.21 12:18:09.049,1.70236,1.70266,1.00,1.00
2018.05.21 12:18:09.371,1.70237,1.7026,1.00,1.00
2018.05.21 12:18:09.423,1.70233,1.7026,1.00,1.00
2018.05.21 12:18:09.478,1.70237,1.70264,1.00,1.00
2018.05.21 12:18:09.993,1.70237,1.70265,1.00,1.50
2018.05.21 12:18:10.447,1.70237,1.70263,1.00,1.00
2018.05.21 12:18:12.409,1.70237,1.70264,1.00,1.00
2018.05.21 12:18:13.277,1.70237,1.70263,1.00,1.00
2018.05.21 12:18:14.038,1.70236,1.7026,1.00,1.00
2018.05.21 12:18:14.595,1.70235,1.7026,1.00,1.00
2018.05.21 12:18:14.896,1.70238,1.70266,1.00,1.00
2018.05.21 12:18:15.211,1.70236,1.70266,1.00,1.00
2018.05.21 12:18:15.732,1.70236,1.70265,1.00,1.00
2018.05.21 12:18:15.783,1.70236,1.70263,1.00,1.00
2018.05.21 12:18:16.259,1.70236,1.70261,1.00,1.00
2018.05.21 12:18:16.534,1.70236,1.70266,1.00,1.50
2018.05.21 12:18:17.193,1.70237,1.70266,1.00,2.25
2018.05.21 12:18:17.312,1.70236,1.70259,1.00,1.00
2018.05.21 12:18:17.426,1.70239,1.70266,1.00,1.00
2018.05.21 12:18:17.477,1.70242,1.7027,1.00,1.00
2018.05.21 12:18:17.631,1.70243,1.70266,1.00,1.00
2018.05.21 12:18:17.682,1.70235,1.70263,1.19,1.00
2018.05.21 12:18:17.785,1.70232,1.70262,1.00,1.50
2018.05.21 12:18:17.837,1.70235,1.70262,1.00,1.00
2018.05.21 12:18:18.543,1.70235,1.70263,1.00,1.00
2018.05.21 12:18:18.658,1.70237,1.70266,1.00,1.00
2018.05.21 12:18:18.730,1.70239,1.70266,1.00,1.00
2018.05.21 12:18:19.156,1.70239,1.70259,1.00,1.00
2018.05.21 12:18:19.447,1.70239,1.70266,1.00,1.00
2018.05.21 12:18:19.790,1.70237,1.70267,1.00,1.50
2018.05.21 12:18:19.892,1.70234,1.70261,1.00,1.00
2018.05.21 12:18:20.223,1.70236,1.70261,1.00,1.00
2018.05.21 12:18:20.357,1.70236,1.70263,1.00,1.00
2018.05.21 12:18:20.560,1.70238,1.70263,1.00,1.00
2018.05.21 12:18:20.610,1.70239,1.70267,1.00,1.00
2018.05.21 12:18:21.138,1.7024,1.70268,1.00,1.50
2018.05.21 12:18:21.295,1.70243,1.70271,1.00,1.00
2018.05.21 12:18:21.397,1.70245,1.70275,1.00,1.00
2018.05.21 12:18:21.448,1.70245,1.70269,1.00,1.00
2018.05.21 12:18:21.824,1.70242,1.70269,1.00,1.00
2018.05.21 12:18:22.038,1.70242,1.70272,1.00,1.00
2018.05.21 12:18:22.449,1.70242,1.70268,1.00,1.00
2018.05.21 12:18:22.964,1.70242,1.70271,1.00,1.00
2018.05.21 12:18:23.488,1.70242,1.7027,1.00,1.00
2018.05.21 12:18:23.667,1.70244,1.7027,1.00,1.00
2018.05.21 12:18:23.923,1.70247,1.70278,1.00,1.00
2018.05.21 12:18:24.127,1.70245,1.70276,1.00,1.00
2018.05.21 12:18:24.430,1.70247,1.70269,1.00,1.00
2018.05.21 12:18:24.481,1.70247,1.70276,1.00,1.00
2018.05.21 12:18:24.532,1.7025,1.7028,1.00,1.00
2018.05.21 12:18:24.881,1.70248,1.70278,1.00,1.00
2018.05.21 12:18:25.192,1.70246,1.70275,1.00,1.00
2018.05.21 12:18:25.843,1.70246,1.70274,1.00,1.00
2018.05.21 12:18:26.211,1.70249,1.70274,1.00,1.00
2018.05.21 12:18:26.422,1.70249,1.70278,1.00,1.00
2018.05.21 12:18:26.943,1.7025,1.70279,1.00,1.50
2018.05.21 12:18:27.045,1.70247,1.70277,1.00,1.50
2018.05.21 12:18:27.361,1.70246,1.70273,1.00,1.00
2018.05.21 12:18:28.828,1.70246,1.70274,1.00,1.50
2018.05.21 12:18:29.463,1.70246,1.70273,1.00,1.00
2018.05.21 12:18:30.289,1.70247,1.70273,1.00,1.00
2018.05.21 12:18:30.340,1.70247,1.70277,1.00,1.00
2018.05.21 12:18:30.391,1.70251,1.70279,1.00,1.00
2018.05.21 12:18:30.492,1.70249,1.70278,1.00,1.00
2018.05.21 12:18:30.860,1.70249,1.70275,1.00,1.00
2018.05.21 12:18:31.397,1.70249,1.70272,1.00,1.00
2018.05.21 12:18:31.448,1.70246,1.70272,1.00,1.00
2018.05.21 12:18:31.858,1.70245,1.7027,1.00,1.00
2018.05.21 12:18:32.195,1.70243,1.70275,1.00,1.50
2018.05.21 12:18:32.485,1.70248,1.70277,1.00,1.00
2018.05.21 12:18:33.006,1.70245,1.70274,1.00,1.00
2018.05.21 12:18:33.668,1.70245,1.70272,1.00,1.00
2018.05.21 12:18:34.218,1.70245,1.70273,1.00,1.00
2018.05.21 12:18:35.167,1.70244,1.70274,1.00,1.00
2018.05.21 12:18:35.544,1.70244,1.70269,1.00,1.00
2018.05.21 12:18:35.892,1.70241,1.70263,1.00,1.00
2018.05.21 12:18:36.196,1.70239,1.70259,1.50,1.00
2018.05.21 12:18:36.297,1.70239,1.70261,1.00,1.00
2018.05.21 12:18:36.348,1.70237,1.70261,1.00,1.00
2018.05.21 12:18:36.470,1.70237,1.70259,1.25,1.00
2018.05.21 12:18:37.296,1.70238,1.70259,1.00,1.00
2018.05.21 12:18:38.316,1.70238,1.70256,1.00,1.00
2018.05.21 12:18:38.897,1.70236,1.70256,1.00,1.00
2018.05.21 12:18:39.340,1.70234,1.70256,1.00,1.00
2018.05.21 12:18:39.392,1.70231,1.70254,1.69,1.00
2018.05.21 12:18:39.444,1.70224,1.70245,1.00,1.00
2018.05.21 12:18:39.651,1.70216,1.70239,1.00,1.00
2018.05.21 12:18:40.241,1.70216,1.70241,1.00,1.00
2018.05.21 12:18:42.944,1.70216,1.7024,1.00,1.00
2018.05.21 12:18:45.307,1.70217,1.7024,1.00,1.00
2018.05.21 12:18:45.358,1.70219,1.70242,1.00,1.00
2018.05.21 12:18:45.461,1.70219,1.70244,1.00,1.00
2018.05.21 12:18:46.561,1.7022,1.70244,1.00,1.00
2018.05.21 12:18:47.419,1.7022,1.70245,1.00,1.00
2018.05.21 12:18:47.572,1.7022,1.70247,1.50,1.00
2018.05.21 12:18:49.245,1.7022,1.70246,1.00,1.00
2018.05.21 12:18:49.506,1.70218,1.70246,1.50,1.00
2018.05.21 12:18:50.197,1.70218,1.70247,1.50,1.50
2018.05.21 12:18:50.746,1.70218,1.70245,1.50,1.00
2018.05.21 12:18:51.196,1.7022,1.70247,1.00,1.00
2018.05.21 12:18:51.897,1.7022,1.70245,1.00,1.00
2018.05.21 12:18:52.444,1.70221,1.70245,1.00,1.00
2018.05.21 12:18:53.454,1.70223,1.70245,1.00,1.00
2018.05.21 12:18:53.556,1.70223,1.70248,1.00,1.00
2018.05.21 12:18:53.897,1.70227,1.70248,1.00,1.00
2018.05.21 12:18:53.949,1.70224,1.7025,1.35,1.00
2018.05.21 12:18:54.003,1.70232,1.70249,1.00,1.00
2018.05.21 12:18:54.054,1.70232,1.70254,1.00,1.00
2018.05.21 12:18:54.106,1.70232,1.70256,1.00,1.00
2018.05.21 12:18:54.412,1.70232,1.70253,1.00,1.00
2018.05.21 12:18:54.727,1.70232,1.70255,1.00,1.00
2018.05.21 12:18:55.062,1.70232,1.70253,1.00,1.00
2018.05.21 12:18:55.687,1.70233,1.70254,1.00,1.00
2018.05.21 12:18:56.208,1.70229,1.70253,1.00,1.00
2018.05.21 12:18:56.259,1.70225,1.70253,1.50,1.00
2018.05.21 12:18:56.310,1.70229,1.70253,1.00,1.00
2018.05.21 12:19:01.996,1.70228,1.70253,1.00,1.00
2018.05.21 12:19:02.503,1.70227,1.70253,1.00,1.00
2018.05.21 12:19:02.554,1.70227,1.70256,1.00,1.50
2018.05.21 12:19:02.605,1.70231,1.70255,1.00,1.00
2018.05.21 12:19:03.029,1.7023,1.70257,1.00,1.00
2018.05.21 12:19:03.390,1.70227,1.70255,2.25,1.00
2018.05.21 12:19:03.440,1.70227,1.70252,1.00,1.50
2018.05.21 12:19:03.794,1.70227,1.7025,1.00,1.00
2018.05.21 12:19:04.473,1.70222,1.70249,1.00,1.00
2018.05.21 12:19:04.525,1.70219,1.70248,1.00,1.50
2018.05.21 12:19:04.577,1.70215,1.7024,1.50,1.00
2018.05.21 12:19:04.680,1.70213,1.7024,1.00,1.00
2018.05.21 12:19:04.783,1.70213,1.70238,1.00,1.00
2018.05.21 12:19:05.281,1.7021,1.70238,1.50,1.50
2018.05.21 12:19:06.480,1.70212,1.70237,1.00,1.00
2018.05.21 12:19:06.649,1.70213,1.7024,1.00,1.00
2018.05.21 12:19:06.804,1.70211,1.7024,1.50,1.00
2018.05.21 12:19:06.858,1.70214,1.70237,1.00,1.00
2018.05.21 12:19:06.913,1.70214,1.7024,1.00,1.00
2018.05.21 12:19:06.965,1.70213,1.70238,1.00,1.00
2018.05.21 12:19:07.201,1.7021,1.70237,1.00,1.00
2018.05.21 12:19:07.253,1.7021,1.70234,1.00,1.00
2018.05.21 12:19:07.879,1.7021,1.70237,1.00,1.00
2018.05.21 12:19:08.466,1.7021,1.70236,1.00,1.00
2018.05.21 12:19:08.990,1.7021,1.70237,1.00,1.50
2018.05.21 12:19:09.173,1.70212,1.70237,1.00,1.00
2018.05.21 12:19:09.487,1.70216,1.7024,1.00,1.00
2018.05.21 12:19:09.690,1.70216,1.70242,1.00,1.00
2018.05.21 12:19:10.327,1.70215,1.70241,1.00,1.00
2018.05.21 12:19:10.532,1.70215,1.70239,1.00,1.00
2018.05.21 12:19:10.583,1.70212,1.70239,1.00,1.00
2018.05.21 12:19:11.069,1.70212,1.70237,1.00,1.00
2018.05.21 12:19:11.171,1.70212,1.70239,1.00,1.00
2018.05.21 12:19:11.431,1.70216,1.70246,1.00,1.00
2018.05.21 12:19:11.583,1.70219,1.70248,1.00,1.00
2018.05.21 12:19:12.118,1.70219,1.70247,1.00,1.00
2018.05.21 12:19:12.464,1.70212,1.70238,1.50,1.00
2018.05.21 12:19:12.939,1.70209,1.70239,1.00,1.00
2018.05.21 12:19:13.495,1.70209,1.70238,1.00,1.00
2018.05.21 12:19:13.546,1.70216,1.7024,1.00,1.00
2018.05.21 12:19:13.597,1.70216,1.70242,1.00,1.00
2018.05.21 12:19:13.699,1.70216,1.70238,1.00,1.00
2018.05.21 12:19:13.750,1.70216,1.70242,1.00,1.00
2018.05.21 12:19:14.018,1.70211,1.70235,1.50,1.00
2018.05.21 12:19:14.189,1.7021,1.70239,1.00,1.50
2018.05.21 12:19:14.343,1.7021,1.70241,1.00,1.00
2018.05.21 12:19:14.495,1.70214,1.70238,1.00,1.00
2018.05.21 12:19:14.597,1.70217,1.70243,1.00,1.50
2018.05.21 12:19:15.058,1.70223,1.70249,1.00,1.00
2018.05.21 12:19:15.109,1.70223,1.70251,1.00,1.00
2018.05.21 12:19:15.294,1.70217,1.70249,1.50,1.50
2018.05.21 12:19:15.346,1.70217,1.70244,1.50,1.00
2018.05.21 12:19:15.797,1.70217,1.70248,1.00,1.00
2018.05.21 12:19:16.345,1.70217,1.70246,1.00,1.00
2018.05.21 12:19:16.617,1.70217,1.70248,1.00,1.00
2018.05.21 12:19:17.291,1.70215,1.70241,1.00,1.00
2018.05.21 12:19:17.446,1.70212,1.70241,1.00,1.00
2018.05.21 12:19:18.190,1.70212,1.7024,1.00,1.00
2018.05.21 12:19:18.291,1.70212,1.70238,1.00,1.00
2018.05.21 12:19:18.749,1.70212,1.7024,1.00,1.00
2018.05.21 12:19:19.303,1.70212,1.70241,1.00,1.50
2018.05.21 12:19:19.419,1.7021,1.70239,1.00,1.00
2018.05.21 12:19:19.984,1.7021,1.70238,1.00,1.00
2018.05.21 12:19:20.394,1.70213,1.7024,1.00,1.00
2018.05.21 12:19:20.548,1.70212,1.70242,1.00,1.00
2018.05.21 12:19:20.989,1.70214,1.70243,1.00,1.00
2018.05.21 12:19:21.536,1.70213,1.70243,1.00,1.50
2018.05.21 12:19:21.839,1.70217,1.70246,1.00,1.00
2018.05.21 12:19:22.180,1.70217,1.70244,1.00,1.00
2018.05.21 12:19:22.547,1.70215,1.70238,1.00,1.00
2018.05.21 12:19:22.907,1.70213,1.70237,1.00,1.00
2018.05.21 12:19:23.009,1.70209,1.70237,1.50,1.00
2018.05.21 12:19:23.061,1.70209,1.70235,1.50,1.00
2018.05.21 12:19:24.004,1.70207,1.70235,1.00,1.00
2018.05.21 12:19:24.993,1.70208,1.70239,1.00,1.00
2018.05.21 12:19:25.045,1.70212,1.70241,1.00,2.25
2018.05.21 12:19:25.315,1.70209,1.70241,1.00,1.00
2018.05.21 12:19:25.366,1.70211,1.70234,1.00,1.00
2018.05.21 12:19:26.021,1.70209,1.70234,1.00,1.00
2018.05.21 12:19:26.072,1.70206,1.70231,1.50,1.00
2018.05.21 12:19:26.576,1.70206,1.70228,1.00,1.00
2018.05.21 12:19:27.066,1.70206,1.70231,1.00,1.00
2018.05.21 12:19:27.576,1.70206,1.70233,1.00,1.00
2018.05.21 12:19:28.598,1.70206,1.70235,1.00,1.50
2018.05.21 12:19:29.080,1.70206,1.70233,1.00,1.00
2018.05.21 12:19:29.595,1.70204,1.70233,1.00,1.00
2018.05.21 12:19:30.057,1.70204,1.70235,1.00,1.50
2018.05.21 12:19:30.528,1.70206,1.70235,1.00,1.00
2018.05.21 12:19:30.579,1.70206,1.70238,1.50,1.00
2018.05.21 12:19:30.689,1.70206,1.70236,1.50,1.00
2018.05.21 12:19:31.207,1.70206,1.70238,1.50,1.00
2018.05.21 12:19:31.322,1.70208,1.70237,1.00,1.00
2018.05.21 12:19:31.861,1.70209,1.70238,1.00,1.50
2018.05.21 12:19:32.435,1.70209,1.70237,1.00,1.00
2018.05.21 12:19:32.757,1.70209,1.70235,1.00,1.00
2018.05.21 12:19:33.112,1.70209,1.70237,1.00,1.00
2018.05.21 12:19:33.566,1.70209,1.70234,1.00,1.00
2018.05.21 12:19:33.908,1.70209,1.70238,1.00,1.00
2018.05.21 12:19:35.989,1.70209,1.70239,1.00,1.00
2018.05.21 12:19:36.463,1.70211,1.70238,1.00,1.00
2018.05.21 12:19:36.795,1.70214,1.70239,1.00,1.00
2018.05.21 12:19:37.237,1.70213,1.70241,1.00,1.00
2018.05.21 12:19:39.379,1.70214,1.70244,1.00,1.00
2018.05.21 12:19:39.430,1.70219,1.70246,1.00,1.00
2018.05.21 12:19:39.882,1.7022,1.70249,1.00,1.00
2018.05.21 12:19:40.395,1.70218,1.70239,1.00,1.00
2018.05.21 12:19:40.446,1.70216,1.70239,1.00,1.00
2018.05.21 12:19:40.580,1.70212,1.70239,1.00,1.00
2018.05.21 12:19:40.631,1.70215,1.70239,1.00,1.00
2018.05.21 12:19:40.782,1.70213,1.70239,1.00,1.00
2018.05.21 12:19:40.833,1.70211,1.70239,1.50,1.00
2018.05.21 12:19:41.368,1.70211,1.7024,1.00,1.00
2018.05.21 12:19:41.877,1.7021,1.7024,1.00,1.00
2018.05.21 12:19:44.284,1.70209,1.70239,1.50,1.00
2018.05.21 12:19:44.596,1.70209,1.70241,1.50,1.00
2018.05.21 12:19:53.380,1.7021,1.70241,1.00,1.00
2018.05.21 12:19:54.601,1.70213,1.70241,1.00,1.00
2018.05.21 12:19:54.916,1.70213,1.70239,1.00,1.00
2018.05.21 12:19:55.422,1.70213,1.70238,1.00,1.00
2018.05.21 12:19:55.679,1.70214,1.70243,1.00,1.00
2018.05.21 12:19:56.134,1.70213,1.70241,1.00,1.00
2018.05.21 12:19:56.699,1.70213,1.7024,1.00,1.00
2018.05.21 12:19:57.247,1.70213,1.70241,1.00,1.00
2018.05.21 12:19:58.198,1.70213,1.7024,1.00,1.00
2018.05.21 12:19:58.908,1.70213,1.70241,1.00,1.50
2018.05.21 12:19:59.261,1.70211,1.70241,1.00,1.00
2018.05.21 12:19:59.312,1.70211,1.70237,1.00,1.00
2018.05.21 12:19:59.665,1.70208,1.70236,1.00,1.00
2018.05.21 12:20:00.154,1.70206,1.70235,1.50,1.00
2018.05.21 12:20:00.410,1.70204,1.70236,1.00,1.00
2018.05.21 12:20:00.513,1.70205,1.70233,1.00,1.00
2018.05.21 12:20:00.666,1.70202,1.70234,1.50,2.25
2018.05.21 12:20:00.924,1.70202,1.70231,1.00,1.50
2018.05.21 12:20:01.448,1.70201,1.70232,1.00,1.50
2018.05.21 12:20:01.759,1.70202,1.70229,1.00,1.00
2018.05.21 12:20:02.112,1.70202,1.70227,1.00,1.00
2018.05.21 12:20:02.721,1.70202,1.70226,1.00,1.00
2018.05.21 12:20:03.081,1.70205,1.70227,1.00,1.00
2018.05.21 12:20:03.235,1.70205,1.70231,1.00,1.00
2018.05.21 12:20:03.404,1.70205,1.70233,1.00,1.00
2018.05.21 12:20:03.760,1.70202,1.70232,1.00,1.00
2018.05.21 12:20:03.934,1.70204,1.70233,1.00,1.50
2018.05.21 12:20:04.280,1.70204,1.70228,1.50,1.00
2018.05.21 12:20:04.865,1.70204,1.70229,1.00,1.00
2018.05.21 12:20:05.436,1.70204,1.70228,1.00,1.00
2018.05.21 12:20:05.838,1.70204,1.70231,1.00,1.00
2018.05.21 12:20:06.853,1.70204,1.70232,1.50,1.00
2018.05.21 12:20:07.279,1.70204,1.70234,2.25,1.00
2018.05.21 12:20:07.827,1.70204,1.7023,1.50,1.00
2018.05.21 12:20:08.019,1.70198,1.70226,1.50,1.00
2018.05.21 12:20:08.525,1.70197,1.70225,1.00,1.00
2018.05.21 12:20:09.058,1.70201,1.70225,1.00,1.50
2018.05.21 12:20:09.109,1.70199,1.70225,1.00,1.50
2018.05.21 12:20:09.160,1.70197,1.70225,1.00,1.50
2018.05.21 12:20:09.702,1.70198,1.70225,2.25,1.00
2018.05.21 12:20:10.110,1.70198,1.70228,2.25,1.00
2018.05.21 12:20:10.635,1.70198,1.70227,1.50,1.00
2018.05.21 12:20:12.142,1.70198,1.70228,2.25,1.50
2018.05.21 12:20:13.086,1.70198,1.70224,2.25,1.00
2018.05.21 12:20:13.223,1.70192,1.70221,1.50,1.00
2018.05.21 12:20:13.326,1.70188,1.70218,1.50,1.50
2018.05.21 12:20:13.429,1.70188,1.70213,1.00,1.00
2018.05.21 12:20:13.481,1.70186,1.70213,1.00,1.00
2018.05.21 12:20:13.587,1.7019,1.70213,1.00,1.00
2018.05.21 12:20:13.695,1.70189,1.70217,1.00,1.00
2018.05.21 12:20:13.879,1.70186,1.70215,1.00,1.00
2018.05.21 12:20:14.002,1.70186,1.70213,1.00,1.00
2018.05.21 12:20:14.555,1.70184,1.70213,1.00,1.50
2018.05.21 12:20:14.865,1.70184,1.7021,1.00,1.00
2018.05.21 12:20:15.463,1.70183,1.7021,1.00,1.00
2018.05.21 12:20:15.988,1.70183,1.70209,1.00,1.50
2018.05.21 12:20:16.557,1.70182,1.70209,1.00,1.50
2018.05.21 12:20:16.944,1.70182,1.70207,1.00,1.00
2018.05.21 12:20:17.197,1.7018,1.70206,1.00,1.00
2018.05.21 12:20:17.694,1.70178,1.70207,1.00,1.00
2018.05.21 12:20:17.908,1.70178,1.70204,1.00,1.00
2018.05.21 12:20:18.210,1.7018,1.70204,1.00,1.00
2018.05.21 12:20:18.262,1.70178,1.70204,1.00,1.00
2018.05.21 12:20:18.365,1.70178,1.70208,1.00,1.00
2018.05.21 12:20:18.908,1.7018,1.70209,1.00,1.00
2018.05.21 12:20:19.062,1.70177,1.70207,1.00,1.00
2018.05.21 12:20:19.247,1.70177,1.70205,1.00,1.00
2018.05.21 12:20:20.039,1.70177,1.70206,1.00,1.00
2018.05.21 12:20:20.337,1.70181,1.70211,1.00,1.50
2018.05.21 12:20:20.838,1.70181,1.70212,1.00,1.00
2018.05.21 12:20:20.991,1.70184,1.70212,1.00,1.00
2018.05.21 12:20:21.426,1.70182,1.70212,1.00,1.50
2018.05.21 12:20:21.529,1.70182,1.7021,1.00,1.00
2018.05.21 12:20:21.580,1.70183,1.70212,1.00,1.00
2018.05.21 12:20:22.197,1.70195,1.70218,1.00,1.00
2018.05.21 12:20:22.402,1.70193,1.70219,1.00,1.00
2018.05.21 12:20:22.657,1.70194,1.70223,1.00,2.25
2018.05.21 12:20:22.891,1.70197,1.70223,1.00,1.00
2018.05.21 12:20:23.753,1.70197,1.70224,1.00,1.00
2018.05.21 12:20:25.147,1.70197,1.70225,1.00,1.00
2018.05.21 12:20:25.482,1.70204,1.70232,1.00,1.00
2018.05.21 12:20:25.785,1.70208,1.70235,1.00,1.00
2018.05.21 12:20:26.093,1.70192,1.7022,1.00,1.00
2018.05.21 12:20:26.144,1.7019,1.70219,1.00,1.00
2018.05.21 12:20:26.196,1.70191,1.70217,1.00,1.00
2018.05.21 12:20:26.503,1.7019,1.70214,1.00,1.00
2018.05.21 12:20:26.605,1.70187,1.70215,1.00,1.00
2018.05.21 12:20:26.707,1.70185,1.70213,1.00,1.00
2018.05.21 12:20:27.030,1.70183,1.70208,1.00,1.00
2018.05.21 12:20:27.188,1.70181,1.70208,1.00,1.00
2018.05.21 12:20:27.441,1.70181,1.70212,1.00,1.00
2018.05.21 12:20:28.488,1.70181,1.7021,1.00,1.00
2018.05.21 12:20:29.140,1.70182,1.7021,1.00,1.00
2018.05.21 12:20:29.491,1.70186,1.70212,1.00,1.00
2018.05.21 12:20:29.989,1.70186,1.70215,1.00,1.00
2018.05.21 12:20:30.460,1.70186,1.70218,1.00,1.50
2018.05.21 12:20:30.511,1.70188,1.70218,1.00,1.00
2018.05.21 12:20:30.816,1.70186,1.70212,1.00,1.00
2018.05.21 12:20:30.918,1.70187,1.70219,1.00,1.50
2018.05.21 12:20:31.458,1.70186,1.70218,1.50,1.50
2018.05.21 12:20:31.561,1.70183,1.70214,1.00,1.00
2018.05.21 12:20:31.895,1.702,1.70225,1.00,1.00
2018.05.21 12:20:32.050,1.70186,1.70216,1.00,1.00
2018.05.21 12:20:32.446,1.70183,1.70213,1.00,1.00
2018.05.21 12:20:32.951,1.70184,1.70209,1.00,1.00
2018.05.21 12:20:33.509,1.70184,1.7021,1.00,1.00
2018.05.21 12:20:33.561,1.70178,1.70207,1.00,1.00
2018.05.21 12:20:33.612,1.70182,1.70212,1.00,1.00
2018.05.21 12:20:33.768,1.70186,1.70216,1.00,1.50
2018.05.21 12:20:33.871,1.70186,1.70218,1.00,1.00
2018.05.21 12:20:33.922,1.70189,1.70219,1.00,1.00
2018.05.21 12:20:34.127,1.70186,1.70218,1.00,1.00
2018.05.21 12:20:34.269,1.70188,1.70218,1.00,1.50
2018.05.21 12:20:34.527,1.70188,1.7022,1.00,1.00
2018.05.21 12:20:34.740,1.7019,1.7022,1.00,1.00
2018.05.21 12:20:35.073,1.7019,1.70215,1.00,1.00
2018.05.21 12:20:35.291,1.7019,1.70218,1.00,1.50
2018.05.21 12:20:35.840,1.7019,1.70217,1.00,1.00
2018.05.21 12:20:35.947,1.7019,1.7022,1.00,1.50
2018.05.21 12:20:35.999,1.70188,1.70216,1.00,1.00
2018.05.21 12:20:36.306,1.70196,1.70225,1.00,1.00
2018.05.21 12:20:36.459,1.70192,1.70224,1.50,1.00
2018.05.21 12:20:36.513,1.70196,1.70225,1.00,1.00
2018.05.21 12:20:37.018,1.70197,1.70229,1.00,1.50
2018.05.21 12:20:37.385,1.70196,1.70227,1.00,1.00
2018.05.21 12:20:37.684,1.70194,1.70226,1.50,1.00
2018.05.21 12:20:38.069,1.70195,1.70222,1.00,1.00
2018.05.21 12:20:38.388,1.70195,1.70218,1.00,1.00
2018.05.21 12:20:38.642,1.70194,1.70221,1.00,1.00
2018.05.21 12:20:39.127,1.70195,1.70217,1.00,1.00
2018.05.21 12:20:39.621,1.70194,1.70214,1.00,1.00
2018.05.21 12:20:40.127,1.70193,1.70218,1.00,1.00
2018.05.21 12:20:40.178,1.70194,1.70216,1.00,1.00
2018.05.21 12:20:40.280,1.702,1.70223,1.00,1.00
2018.05.21 12:20:40.331,1.70203,1.70226,1.00,1.00
2018.05.21 12:20:40.383,1.70201,1.70229,1.00,1.00
2018.05.21 12:20:40.434,1.70202,1.70227,1.00,1.00
2018.05.21 12:20:40.485,1.70201,1.70229,1.00,1.00
2018.05.21 12:20:40.946,1.70199,1.70228,1.00,1.00
2018.05.21 12:20:41.048,1.70197,1.70229,1.00,1.00
2018.05.21 12:20:41.562,1.70196,1.70225,1.00,1.00
2018.05.21 12:20:41.868,1.70193,1.70222,1.00,1.00
2018.05.21 12:20:42.209,1.70188,1.7022,1.25,1.00
2018.05.21 12:20:42.523,1.70188,1.70218,1.25,1.00
2018.05.21 12:20:43.017,1.70191,1.70219,1.00,1.00
2018.05.21 12:20:43.272,1.70191,1.70223,1.00,1.00
2018.05.21 12:20:44.315,1.70191,1.70222,1.00,1.00
2018.05.21 12:20:44.845,1.70193,1.70225,1.00,1.50
2018.05.21 12:20:44.904,1.70195,1.70223,1.00,1.00
2018.05.21 12:20:45.007,1.70191,1.7022,1.00,1.00
2018.05.21 12:20:45.205,1.70193,1.70222,1.00,1.00
2018.05.21 12:20:45.410,1.70194,1.70225,1.00,1.00
2018.05.21 12:20:45.516,1.70197,1.70226,1.00,1.00
2018.05.21 12:20:45.858,1.70199,1.70224,1.00,1.00
2018.05.21 12:20:46.029,1.70199,1.70226,1.00,1.00
2018.05.21 12:20:47.027,1.70199,1.7023,1.00,1.00
2018.05.21 12:20:47.350,1.70198,1.70228,1.00,1.00
2018.05.21 12:20:47.882,1.70198,1.70227,1.00,1.00
2018.05.21 12:20:48.426,1.70198,1.70226,1.00,1.00
2018.05.21 12:20:48.928,1.70199,1.70228,1.00,1.50
2018.05.21 12:20:50.990,1.70197,1.70229,1.00,1.00
2018.05.21 12:20:51.526,1.70198,1.7023,1.00,1.00
2018.05.21 12:20:52.226,1.70197,1.70227,1.00,1.50
2018.05.21 12:20:52.529,1.70196,1.70225,1.00,1.00
2018.05.21 12:20:52.580,1.70198,1.70228,1.00,1.00
2018.05.21 12:20:52.956,1.70192,1.70218,1.00,1.00
2018.05.21 12:20:53.392,1.70189,1.70217,1.00,1.50
2018.05.21 12:20:53.444,1.7019,1.70211,1.00,1.00
2018.05.21 12:20:53.496,1.70183,1.70215,1.00,1.50
2018.05.21 12:20:53.548,1.70182,1.70212,1.00,1.00
2018.05.21 12:20:54.168,1.70181,1.70211,1.25,1.50
2018.05.21 12:20:54.649,1.70184,1.70211,1.00,1.00
2018.05.21 12:20:54.700,1.70184,1.70213,1.00,1.50
2018.05.21 12:20:54.913,1.70184,1.70211,1.00,1.00
2018.05.21 12:20:54.964,1.70182,1.70211,1.00,1.00
2018.05.21 12:20:55.216,1.70186,1.70211,1.00,1.00
2018.05.21 12:20:55.800,1.70186,1.70212,1.00,1.00
2018.05.21 12:20:55.902,1.70192,1.7022,1.00,1.00
2018.05.21 12:20:55.953,1.70194,1.70219,1.00,1.00
2018.05.21 12:20:56.206,1.70178,1.70207,1.38,1.00
2018.05.21 12:20:56.513,1.70178,1.7021,1.38,1.00
2018.05.21 12:20:56.615,1.70176,1.70206,1.50,1.50
2018.05.21 12:20:56.666,1.70176,1.70206,1.25,1.00
2018.05.21 12:20:57.172,1.70176,1.70206,1.38,2.25
2018.05.21 12:20:57.698,1.70176,1.70205,1.38,1.50
2018.05.21 12:20:58.102,1.70179,1.70204,1.38,1.00
2018.05.21 12:20:58.154,1.70179,1.70203,1.00,1.00
2018.05.21 12:20:58.255,1.70174,1.70201,1.19,1.00
2018.05.21 12:20:58.306,1.70172,1.70199,1.44,1.00
2018.05.21 12:20:58.393,1.70171,1.70203,1.38,1.50
2018.05.21 12:20:58.443,1.70171,1.70201,1.38,1.00
2018.05.21 12:20:58.494,1.70172,1.70203,1.38,1.00
2018.05.21 12:20:58.545,1.70171,1.70203,1.38,1.50
2018.05.21 12:20:58.748,1.7018,1.70208,1.00,1.00
2018.05.21 12:20:58.849,1.70178,1.70206,1.00,1.00
2018.05.21 12:20:58.950,1.70176,1.70206,1.25,1.00
2018.05.21 12:20:59.997,1.70174,1.70206,1.50,1.00
2018.05.21 12:21:00.190,1.70174,1.70206,1.38,1.00
2018.05.21 12:21:00.448,1.70182,1.70213,1.00,1.00
2018.05.21 12:21:00.501,1.70183,1.70215,1.44,1.00
2018.05.21 12:21:00.839,1.70184,1.70212,1.44,1.00
2018.05.21 12:21:01.005,1.70181,1.70211,1.44,1.00
2018.05.21 12:21:01.108,1.70181,1.70211,1.38,1.00
2018.05.21 12:21:01.413,1.70183,1.70214,1.38,1.00
2018.05.21 12:21:01.958,1.70183,1.70215,1.38,1.50
2018.05.21 12:21:02.618,1.70183,1.70215,1.38,1.50
2018.05.21 12:21:03.229,1.70186,1.70218,1.38,2.25
2018.05.21 12:21:03.332,1.70189,1.7022,1.00,1.00
2018.05.21 12:21:03.384,1.70188,1.70217,1.25,1.00
2018.05.21 12:21:03.713,1.70184,1.70213,1.00,1.00
2018.05.21 12:21:04.253,1.70183,1.70213,1.00,1.00
2018.05.21 12:21:04.648,1.70181,1.70213,1.00,1.00
2018.05.21 12:21:04.700,1.70181,1.70209,1.00,1.00
2018.05.21 12:21:04.752,1.70178,1.7021,1.88,1.00
2018.05.21 12:21:05.091,1.70178,1.70208,1.00,1.00
2018.05.21 12:21:05.192,1.70185,1.70217,1.00,1.00
2018.05.21 12:21:05.243,1.70183,1.70213,1.88,1.00
2018.05.21 12:21:05.294,1.70183,1.70213,1.69,1.00
2018.05.21 12:21:05.395,1.70184,1.70214,1.31,1.00
2018.05.21 12:21:05.547,1.70181,1.70212,1.00,1.50
2018.05.21 12:21:05.650,1.70178,1.7021,1.88,1.00
2018.05.21 12:21:06.067,1.70179,1.70209,1.00,1.00
2018.05.21 12:21:06.119,1.70179,1.70209,1.38,1.00
2018.05.21 12:21:06.272,1.70181,1.70213,1.38,1.25
2018.05.21 12:21:06.374,1.70181,1.70213,1.63,1.00
2018.05.21 12:21:06.425,1.70183,1.70215,1.38,1.00
2018.05.21 12:21:06.848,1.7019,1.70219,1.25,1.69
2018.05.21 12:21:06.899,1.70187,1.70218,1.13,1.00
2018.05.21 12:21:07.052,1.70184,1.70213,1.38,1.00
2018.05.21 12:21:07.483,1.70184,1.70214,1.69,1.00
2018.05.21 12:21:07.585,1.70184,1.70214,1.38,1.00
2018.05.21 12:21:07.965,1.70187,1.70217,1.00,1.00
2018.05.21 12:21:08.953,1.70187,1.70217,1.31,1.00
2018.05.21 12:21:09.129,1.70184,1.70213,1.44,1.00
2018.05.21 12:21:09.773,1.70183,1.70213,1.44,1.00
2018.05.21 12:21:10.308,1.70183,1.70213,1.00,1.00
2018.05.21 12:21:10.818,1.70183,1.70213,1.38,1.00
2018.05.21 12:21:10.878,1.70183,1.70215,1.38,1.50
2018.05.21 12:21:11.305,1.70189,1.70215,1.31,1.00
2018.05.21 12:21:11.408,1.70193,1.70223,1.00,1.00
2018.05.21 12:21:11.510,1.70196,1.70225,1.00,1.00
2018.05.21 12:21:11.655,1.70194,1.70226,1.25,1.00
2018.05.21 12:21:11.705,1.70197,1.70227,1.25,1.50
2018.05.21 12:21:12.009,1.70196,1.70225,1.00,1.00
2018.05.21 12:21:12.314,1.70198,1.70228,1.00,1.00
2018.05.21 12:21:12.601,1.70195,1.70225,1.25,1.00
2018.05.21 12:21:12.908,1.70197,1.70228,1.38,1.50
2018.05.21 12:21:13.029,1.70199,1.70231,1.00,1.50
2018.05.21 12:21:13.604,1.70199,1.7023,1.00,1.50
2018.05.21 12:21:13.706,1.70202,1.70232,1.00,1.50
2018.05.21 12:21:14.013,1.70198,1.70228,1.31,1.00
2018.05.21 12:21:14.115,1.70195,1.70227,1.25,1.00
2018.05.21 12:21:14.206,1.70195,1.70225,1.25,1.00
2018.05.21 12:21:14.257,1.70196,1.70228,1.00,1.00
2018.05.21 12:21:14.409,1.70196,1.70226,1.13,1.00
2018.05.21 12:21:14.714,1.70199,1.70229,1.44,1.00
2018.05.21 12:21:14.868,1.70199,1.70231,1.13,1.50
2018.05.21 12:21:15.395,1.702,1.70232,1.25,1.00
2018.05.21 12:21:15.497,1.70203,1.70233,1.00,1.00
2018.05.21 12:21:15.999,1.70202,1.70233,1.50,2.25
2018.05.21 12:21:16.323,1.70198,1.70227,1.00,1.00
2018.05.21 12:21:16.740,1.70199,1.70229,1.00,1.00
2018.05.21 12:21:17.928,1.70206,1.7023,1.00,1.00
2018.05.21 12:21:17.979,1.70204,1.7023,1.00,1.00
2018.05.21 12:21:18.030,1.70203,1.70235,1.00,1.50
2018.05.21 12:21:18.142,1.70205,1.70235,1.00,1.00
2018.05.21 12:21:18.396,1.70205,1.70237,1.00,1.00
2018.05.21 12:21:18.956,1.70206,1.70236,1.00,1.00
2018.05.21 12:21:19.008,1.70204,1.70234,1.44,1.00
2018.05.21 12:21:19.162,1.70201,1.70232,1.44,1.00
2018.05.21 12:21:19.416,1.70201,1.70232,1.38,1.00
2018.05.21 12:21:19.517,1.70202,1.70234,1.88,1.00
2018.05.21 12:21:20.039,1.70202,1.70234,1.38,1.00
2018.05.21 12:21:20.140,1.70202,1.70234,1.25,1.00
2018.05.21 12:21:20.703,1.70202,1.70234,1.88,1.00
2018.05.21 12:21:21.219,1.70204,1.70234,1.00,1.00
2018.05.21 12:21:21.995,1.70203,1.70233,1.00,1.00
2018.05.21 12:21:22.517,1.70202,1.70232,1.88,1.00
2018.05.21 12:21:23.095,1.70202,1.70232,1.25,1.00
2018.05.21 12:21:23.881,1.70203,1.70235,1.00,1.00
2018.05.21 12:21:24.125,1.70204,1.70232,1.00,1.00
2018.05.21 12:21:24.179,1.70202,1.70233,1.50,1.00
2018.05.21 12:21:24.281,1.70205,1.70234,1.00,1.00
2018.05.21 12:21:24.584,1.70205,1.70237,1.00,2.25
2018.05.21 12:21:24.736,1.70203,1.70235,1.25,1.00
2018.05.21 12:21:25.185,1.70206,1.70236,1.00,1.00
2018.05.21 12:21:25.369,1.70207,1.70238,1.00,1.50
2018.05.21 12:21:25.593,1.70209,1.70239,1.00,1.50
2018.05.21 12:21:25.644,1.70207,1.70239,1.00,1.00
2018.05.21 12:21:27.017,1.70205,1.70235,1.00,1.50
2018.05.21 12:21:27.407,1.70209,1.70237,1.00,2.25
2018.05.21 12:21:27.623,1.70216,1.70246,1.00,1.00
2018.05.21 12:21:27.767,1.70215,1.70243,1.00,1.00
2018.05.21 12:21:27.820,1.70213,1.70243,1.00,1.00
2018.05.21 12:21:28.128,1.70211,1.70243,1.69,1.00
2018.05.21 12:21:28.819,1.70211,1.70241,1.88,1.00
2018.05.21 12:21:29.332,1.70212,1.70242,1.25,1.00
2018.05.21 12:21:29.854,1.70213,1.70243,1.00,1.00
2018.05.21 12:21:30.172,1.70216,1.70243,1.00,1.00
2018.05.21 12:21:30.223,1.70213,1.70243,1.00,1.00
2018.05.21 12:21:30.740,1.70214,1.70244,1.00,1.50
2018.05.21 12:21:30.843,1.70214,1.70246,1.00,1.00
2018.05.21 12:21:30.895,1.70219,1.70247,1.00,1.00
2018.05.21 12:21:30.947,1.70217,1.70247,1.00,1.00
2018.05.21 12:21:31.064,1.70219,1.70249,1.00,1.00
2018.05.21 12:21:31.226,1.70212,1.70244,1.00,1.00
2018.05.21 12:21:31.331,1.70212,1.70242,1.00,1.00
2018.05.21 12:21:31.492,1.70209,1.70241,1.50,1.00
2018.05.21 12:21:31.593,1.70209,1.70238,1.50,1.00
2018.05.21 12:21:32.137,1.70209,1.70235,1.00,1.00
2018.05.21 12:21:32.187,1.70209,1.70238,1.25,1.00
2018.05.21 12:21:32.390,1.70211,1.70238,1.00,1.00
2018.05.21 12:21:32.699,1.70211,1.7024,1.50,1.00
2018.05.21 12:21:33.327,1.7021,1.70238,1.00,1.00
2018.05.21 12:21:34.379,1.70211,1.70238,1.00,1.00
2018.05.21 12:21:34.685,1.70211,1.70236,1.44,1.00
2018.05.21 12:21:34.737,1.70211,1.70239,1.44,1.00
2018.05.21 12:21:35.271,1.7021,1.7024,1.38,1.00
2018.05.21 12:21:35.783,1.7021,1.7024,1.44,1.00
2018.05.21 12:21:36.295,1.70212,1.7024,1.25,1.00
2018.05.21 12:21:37.491,1.70212,1.70242,1.00,1.50
2018.05.21 12:21:38.241,1.70212,1.70241,1.25,1.00
2018.05.21 12:21:38.344,1.70208,1.70235,1.00,1.00
2018.05.21 12:21:38.600,1.70208,1.70237,1.00,1.00
2018.05.21 12:21:40.780,1.70208,1.70236,1.00,1.00
2018.05.21 12:21:42.516,1.70211,1.70236,1.00,1.00
2018.05.21 12:21:42.669,1.70208,1.70236,1.00,1.00
2018.05.21 12:21:43.521,1.70211,1.70238,1.00,1.00
2018.05.21 12:21:43.623,1.70214,1.70242,1.00,1.00
2018.05.21 12:21:43.675,1.70215,1.70245,1.00,1.50
2018.05.21 12:21:43.727,1.70217,1.70244,1.00,1.00
2018.05.21 12:21:43.779,1.70214,1.70243,1.00,1.00
2018.05.21 12:21:43.881,1.70212,1.70242,1.00,1.00
2018.05.21 12:21:44.406,1.70213,1.70241,1.00,1.00
2018.05.21 12:21:44.560,1.70204,1.7023,1.50,1.00
2018.05.21 12:21:44.662,1.70191,1.70223,2.81,2.25
2018.05.21 12:21:44.713,1.70191,1.70221,1.00,1.00
2018.05.21 12:21:45.068,1.70188,1.70218,1.00,1.00
2018.05.21 12:21:45.729,1.70187,1.70217,1.00,1.00
2018.05.21 12:21:45.780,1.70184,1.70216,1.00,1.00
2018.05.21 12:21:45.892,1.70184,1.70214,1.50,1.00
2018.05.21 12:21:46.196,1.70187,1.70214,1.00,1.00
2018.05.21 12:21:47.806,1.70189,1.70218,1.00,1.50
2018.05.21 12:21:47.957,1.70187,1.70216,1.50,1.25
2018.05.21 12:21:48.262,1.70187,1.70214,1.00,1.00
2018.05.21 12:21:48.910,1.70185,1.70214,1.00,1.00
2018.05.21 12:21:48.962,1.70181,1.70211,1.00,1.00
2018.05.21 12:21:49.013,1.70183,1.70211,1.00,1.00
2018.05.21 12:21:49.067,1.70185,1.70214,1.00,1.00
2018.05.21 12:21:49.624,1.70186,1.70214,1.00,1.00
2018.05.21 12:21:50.162,1.70186,1.70217,1.00,1.00
2018.05.21 12:21:50.365,1.70185,1.70215,1.00,1.00
2018.05.21 12:21:50.884,1.70185,1.70214,1.00,1.00
2018.05.21 12:21:51.391,1.70185,1.70215,1.00,1.50
2018.05.21 12:21:52.178,1.70184,1.70212,1.00,1.00
2018.05.21 12:21:52.690,1.70183,1.70212,1.00,1.00
2018.05.21 12:21:52.842,1.70184,1.70214,1.00,1.50
2018.05.21 12:21:53.371,1.70185,1.70214,1.00,1.00
2018.05.21 12:21:53.617,1.70188,1.70214,1.00,1.00
2018.05.21 12:21:53.669,1.70188,1.70217,1.00,1.50
2018.05.21 12:21:54.179,1.70187,1.70217,1.00,1.00
2018.05.21 12:21:54.433,1.7019,1.70217,1.00,1.00
2018.05.21 12:21:54.484,1.70192,1.7022,1.00,1.00
2018.05.21 12:21:54.536,1.70189,1.7022,1.00,1.00
2018.05.21 12:21:54.738,1.70188,1.70218,1.00,1.00
2018.05.21 12:21:55.518,1.70186,1.70215,1.00,1.00
2018.05.21 12:21:55.671,1.70183,1.70213,1.50,1.00
2018.05.21 12:21:55.824,1.70185,1.70212,1.00,1.00
2018.05.21 12:21:55.875,1.70183,1.70212,1.00,1.00
2018.05.21 12:21:56.391,1.70183,1.70214,1.00,1.00
2018.05.21 12:21:56.443,1.70186,1.70214,1.00,1.00
2018.05.21 12:21:56.953,1.70186,1.70213,1.00,1.00
2018.05.21 12:21:57.056,1.70186,1.70215,1.00,1.00
2018.05.21 12:21:57.573,1.70185,1.70215,1.00,1.00
2018.05.21 12:21:58.153,1.70186,1.70215,1.00,1.00
2018.05.21 12:21:58.671,1.70186,1.70213,1.00,1.00
2018.05.21 12:21:58.999,1.7019,1.70213,1.00,1.00
2018.05.21 12:21:59.521,1.70191,1.70213,1.00,1.00
2018.05.21 12:21:59.626,1.70189,1.70213,1.00,1.00
2018.05.21 12:21:59.677,1.70191,1.70213,1.00,1.00
2018.05.21 12:21:59.830,1.70189,1.70213,1.00,1.00
2018.05.21 12:22:00.198,1.70189,1.70216,1.00,1.00
2018.05.21 12:22:00.373,1.70186,1.70215,1.00,1.00
2018.05.21 12:22:00.425,1.70188,1.70213,1.00,1.00
2018.05.21 12:22:00.476,1.70188,1.70215,1.00,1.00
2018.05.21 12:22:00.578,1.70188,1.70217,1.00,1.00
2018.05.21 12:22:01.151,1.70187,1.70213,1.00,1.00
2018.05.21 12:22:01.656,1.70186,1.70212,1.00,1.00
2018.05.21 12:22:03.355,1.70186,1.70215,1.00,1.00
2018.05.21 12:22:03.964,1.70186,1.70213,1.00,1.00
2018.05.21 12:22:04.476,1.70184,1.70213,1.00,1.00
2018.05.21 12:22:05.200,1.70184,1.70214,1.00,1.50
2018.05.21 12:22:05.960,1.70183,1.70213,1.00,1.00
2018.05.21 12:22:06.568,1.70183,1.70214,1.00,1.00
2018.05.21 12:22:07.084,1.70183,1.70213,1.00,1.00
2018.05.21 12:22:09.938,1.70184,1.70214,1.00,1.50
2018.05.21 12:22:10.757,1.70183,1.70213,1.00,1.00
2018.05.21 12:22:11.728,1.70184,1.70214,1.00,1.50
2018.05.21 12:22:12.279,1.70183,1.70213,1.00,1.00
2018.05.21 12:22:12.813,1.70184,1.70214,1.00,1.88
2018.05.21 12:22:13.334,1.70183,1.70214,1.00,1.13
2018.05.21 12:22:14.596,1.70184,1.70214,1.00,1.00
2018.05.21 12:22:14.857,1.70186,1.70214,1.00,1.00
2018.05.21 12:22:15.171,1.70184,1.70211,1.00,1.00
2018.05.21 12:22:15.324,1.70182,1.7021,1.00,1.00
2018.05.21 12:22:15.477,1.70182,1.70212,1.00,1.00
2018.05.21 12:22:15.883,1.70184,1.70209,1.00,1.00
2018.05.21 12:22:15.934,1.70181,1.70209,1.00,1.69
2018.05.21 12:22:16.106,1.70183,1.7021,1.00,1.00
2018.05.21 12:22:16.208,1.70183,1.70212,1.00,1.25
2018.05.21 12:22:16.462,1.70183,1.7021,1.00,1.00
2018.05.21 12:22:16.972,1.70182,1.7021,1.00,1.00
2018.05.21 12:22:17.554,1.70183,1.7021,1.00,1.00
2018.05.21 12:22:17.903,1.70181,1.70207,1.00,1.00
2018.05.21 12:22:18.107,1.70182,1.7021,1.00,1.50
2018.05.21 12:22:18.663,1.70182,1.70209,1.00,1.00
2018.05.21 12:22:19.770,1.70185,1.7021,1.00,1.00
2018.05.21 12:22:20.299,1.70185,1.70211,1.00,1.00
2018.05.21 12:22:20.674,1.70183,1.70211,1.00,1.00
2018.05.21 12:22:20.791,1.70184,1.70215,1.00,1.88
2018.05.21 12:22:21.734,1.70185,1.70214,1.00,1.88
2018.05.21 12:22:21.862,1.70185,1.70211,1.00,1.00
2018.05.21 12:22:22.510,1.70184,1.70211,1.00,1.00
2018.05.21 12:22:23.065,1.7018,1.70205,1.00,1.00
2018.05.21 12:22:23.299,1.70168,1.70198,1.54,1.00
2018.05.21 12:22:23.875,1.70169,1.70198,1.00,1.00
2018.05.21 12:22:24.106,1.70171,1.70201,1.50,1.50
2018.05.21 12:22:24.565,1.70171,1.70195,1.00,1.00
2018.05.21 12:22:24.617,1.70173,1.70205,1.00,1.50
2018.05.21 12:22:24.669,1.70182,1.70207,1.00,1.00
2018.05.21 12:22:24.721,1.70183,1.7021,1.00,1.00
2018.05.21 12:22:25.068,1.7018,1.7021,1.00,1.00
2018.05.21 12:22:25.119,1.70178,1.7021,1.50,1.88
2018.05.21 12:22:25.170,1.70175,1.70207,1.00,2.25
2018.05.21 12:22:25.222,1.70175,1.70205,1.00,1.00
2018.05.21 12:22:26.420,1.70176,1.70205,1.00,1.00
2018.05.21 12:22:26.947,1.70176,1.70206,1.00,1.00
2018.05.21 12:22:27.452,1.70173,1.70202,1.00,1.00
2018.05.21 12:22:27.837,1.70179,1.70208,1.00,1.00
2018.05.21 12:22:27.887,1.70179,1.70211,1.50,1.88
2018.05.21 12:22:27.938,1.70179,1.70209,1.50,1.00
2018.05.21 12:22:28.449,1.70178,1.70209,1.00,1.69
2018.05.21 12:22:28.995,1.70179,1.70206,1.00,1.00
2018.05.21 12:22:29.046,1.70173,1.70203,1.00,1.00
2018.05.21 12:22:29.299,1.70176,1.70205,1.00,1.00
2018.05.21 12:22:29.970,1.70176,1.70204,1.00,1.00
2018.05.21 12:22:30.071,1.70176,1.70206,1.00,2.25
2018.05.21 12:22:30.123,1.70179,1.70206,1.00,1.50
2018.05.21 12:22:30.670,1.70178,1.70206,1.00,1.00
2018.05.21 12:22:31.047,1.70178,1.70208,1.00,2.25
2018.05.21 12:22:31.353,1.70181,1.70208,1.00,1.00
2018.05.21 12:22:31.458,1.70181,1.70211,1.00,1.00
2018.05.21 12:22:31.611,1.70184,1.70211,1.00,1.00
2018.05.21 12:22:31.663,1.70181,1.70211,1.00,1.00
2018.05.21 12:22:31.838,1.70183,1.70213,1.00,1.88
2018.05.21 12:22:32.043,1.7018,1.70212,1.00,1.69
2018.05.21 12:22:32.144,1.7018,1.70209,1.00,1.00
2018.05.21 12:22:32.448,1.70184,1.70212,1.00,1.25
2018.05.21 12:22:32.778,1.70184,1.7021,1.00,1.00
2018.05.21 12:22:33.132,1.70181,1.70211,1.00,1.00
2018.05.21 12:22:33.234,1.70179,1.7021,1.00,1.00
2018.05.21 12:22:33.285,1.70183,1.7021,1.00,1.00
2018.05.21 12:22:33.751,1.70183,1.70212,1.00,1.00
2018.05.21 12:22:34.077,1.70183,1.7021,1.00,1.00
2018.05.21 12:22:34.618,1.70183,1.70209,1.00,1.00
2018.05.21 12:22:35.448,1.70183,1.7021,1.00,1.00
2018.05.21 12:22:35.498,1.70179,1.70209,1.00,1.00
2018.05.21 12:22:35.549,1.70182,1.70209,1.00,1.00
2018.05.21 12:22:35.651,1.70177,1.70205,1.00,1.00
2018.05.21 12:22:36.114,1.70179,1.70206,1.00,1.00
2018.05.21 12:22:36.166,1.70177,1.70206,1.00,1.00
2018.05.21 12:22:36.693,1.70177,1.70205,1.00,1.00
2018.05.21 12:22:37.196,1.70177,1.70206,1.00,1.00
2018.05.21 12:22:37.400,1.7018,1.70207,1.00,1.50
2018.05.21 12:22:37.937,1.7018,1.70209,1.00,1.50
2018.05.21 12:22:37.988,1.7018,1.70206,1.00,1.00
2018.05.21 12:22:38.507,1.70179,1.70206,1.00,1.50
2018.05.21 12:22:39.127,1.70179,1.70205,1.00,1.00
2018.05.21 12:22:40.106,1.70177,1.70205,1.00,1.00
2018.05.21 12:22:43.630,1.70177,1.70206,1.00,1.50
2018.05.21 12:22:43.681,1.70174,1.70206,1.35,2.25
2018.05.21 12:22:43.913,1.70174,1.70204,1.00,1.00
2018.05.21 12:22:44.218,1.70171,1.70201,1.00,1.00
2018.05.21 12:22:45.086,1.7017,1.702,1.50,1.00
2018.05.21 12:22:45.453,1.70167,1.70197,1.00,1.00
2018.05.21 12:22:46.002,1.70167,1.70197,1.44,1.50
2018.05.21 12:22:46.527,1.70167,1.70197,1.00,1.00
2018.05.21 12:22:47.033,1.70167,1.70198,1.69,1.00
2018.05.21 12:22:47.546,1.70168,1.70197,1.00,1.00
2018.05.21 12:22:48.348,1.70168,1.70198,1.25,2.25
2018.05.21 12:22:48.870,1.70167,1.70197,1.25,1.50
2018.05.21 12:22:49.329,1.70167,1.70193,1.44,1.00
2018.05.21 12:22:49.938,1.70167,1.70193,1.00,1.00
2018.05.21 12:22:50.153,1.70167,1.70195,1.00,1.00
2018.05.21 12:22:50.713,1.70167,1.70194,1.00,1.00
2018.05.21 12:22:51.230,1.70167,1.70199,1.00,1.88
2018.05.21 12:22:51.281,1.7017,1.70198,1.00,1.00
2018.05.21 12:22:51.452,1.7017,1.702,1.00,1.50
2018.05.21 12:22:51.504,1.7017,1.702,1.00,1.38
2018.05.21 12:22:51.555,1.7017,1.702,1.00,1.25
2018.05.21 12:22:51.810,1.70171,1.70202,1.00,1.69
2018.05.21 12:22:52.325,1.70172,1.70201,1.00,1.00
2018.05.21 12:22:52.736,1.70172,1.70199,1.00,1.00
2018.05.21 12:22:52.938,1.70172,1.70202,1.00,1.00
2018.05.21 12:22:52.989,1.70175,1.70203,1.00,1.13
2018.05.21 12:22:53.040,1.70172,1.70203,1.00,1.00
2018.05.21 12:22:53.704,1.70172,1.70202,1.00,1.00
2018.05.21 12:22:54.062,1.70174,1.70202,1.00,1.00
2018.05.21 12:22:54.114,1.70172,1.70202,1.00,1.00
2018.05.21 12:22:54.216,1.70175,1.70202,1.00,1.00
2018.05.21 12:22:54.268,1.70172,1.70202,1.00,1.00
2018.05.21 12:22:54.839,1.70174,1.70202,1.00,1.00
2018.05.21 12:22:54.890,1.70172,1.70202,1.00,1.00
2018.05.21 12:22:55.542,1.70175,1.70202,1.00,1.25
2018.05.21 12:22:55.593,1.70172,1.70202,1.00,1.25
2018.05.21 12:22:56.233,1.70174,1.70202,1.00,1.00
2018.05.21 12:22:56.284,1.70172,1.70202,1.00,1.00
2018.05.21 12:22:56.542,1.70172,1.702,1.00,1.00
2018.05.21 12:22:57.051,1.70171,1.70198,1.00,1.00
2018.05.21 12:22:57.104,1.70171,1.70201,1.50,2.44
2018.05.21 12:22:57.645,1.7017,1.702,2.25,1.25
2018.05.21 12:22:58.059,1.70173,1.70201,1.00,1.00
2018.05.21 12:22:59.609,1.70172,1.70201,1.00,1.00
2018.05.21 12:23:00.857,1.70171,1.70201,1.50,1.50
2018.05.21 12:23:01.463,1.70174,1.702,1.00,1.00
2018.05.21 12:23:01.617,1.70162,1.70194,1.00,1.50
2018.05.21 12:23:01.668,1.70162,1.70191,1.00,1.00
2018.05.21 12:23:02.010,1.70164,1.70189,1.00,1.00
2018.05.21 12:23:02.062,1.70165,1.70193,1.00,1.00
2018.05.21 12:23:02.483,1.70163,1.70191,1.00,1.00
2018.05.21 12:23:02.873,1.70163,1.70189,1.00,1.00
2018.05.21 12:23:04.134,1.70158,1.70189,1.00,1.00
2018.05.21 12:23:04.185,1.70158,1.70187,1.00,1.00
2018.05.21 12:23:05.998,1.70159,1.70187,1.00,1.00
2018.05.21 12:23:06.516,1.70162,1.70189,1.00,1.00
2018.05.21 12:23:06.819,1.70164,1.70189,1.00,1.00
2018.05.21 12:23:07.623,1.7016,1.70189,1.13,1.00
2018.05.21 12:23:07.930,1.70164,1.70189,1.00,1.00
2018.05.21 12:23:08.152,1.70165,1.70192,1.00,1.00
2018.05.21 12:23:09.273,1.70165,1.70189,1.00,1.00
2018.05.21 12:23:09.527,1.70165,1.70192,1.00,1.00
2018.05.21 12:23:13.220,1.7017,1.70192,1.00,1.00
2018.05.21 12:23:13.355,1.70165,1.70192,1.50,1.00
2018.05.21 12:23:13.940,1.70164,1.70192,1.50,1.00
2018.05.21 12:23:14.384,1.70165,1.70194,1.00,1.50
2018.05.21 12:23:15.624,1.70163,1.70194,1.00,1.50
2018.05.21 12:23:16.687,1.70164,1.70194,1.00,1.69
2018.05.21 12:23:17.194,1.70163,1.70194,1.00,1.50
2018.05.21 12:23:17.681,1.70165,1.70194,1.00,1.69
2018.05.21 12:23:18.016,1.70167,1.70196,1.00,1.00
2018.05.21 12:23:18.169,1.70167,1.70198,1.00,1.50
2018.05.21 12:23:18.771,1.70167,1.70196,1.00,1.00
2018.05.21 12:23:19.038,1.70168,1.70198,1.00,3.00
2018.05.21 12:23:19.971,1.70169,1.70198,1.00,2.25
2018.05.21 12:23:20.454,1.70172,1.70199,1.00,1.50
2018.05.21 12:23:21.030,1.70173,1.70199,1.00,1.00
2018.05.21 12:23:22.247,1.70171,1.70199,1.00,1.50
2018.05.21 12:23:22.350,1.70169,1.70197,1.00,1.00
2018.05.21 12:23:22.905,1.70171,1.70197,1.00,1.00
2018.05.21 12:23:22.956,1.70171,1.70199,1.00,1.00
2018.05.21 12:23:23.109,1.70169,1.70199,1.00,1.50
2018.05.21 12:23:23.313,1.70168,1.70197,1.00,1.00
2018.05.21 12:23:23.624,1.7017,1.70199,1.00,1.00
2018.05.21 12:23:24.107,1.70173,1.70199,1.00,1.00
2018.05.21 12:23:24.313,1.70171,1.70199,1.00,1.00
2018.05.21 12:23:24.606,1.70173,1.70199,1.00,1.00
2018.05.21 12:23:24.747,1.70171,1.70199,1.00,1.00
2018.05.21 12:23:24.952,1.70173,1.70199,1.00,1.50
2018.05.21 12:23:25.150,1.70171,1.70199,1.00,1.50
2018.05.21 12:23:25.373,1.70173,1.70199,1.00,1.50
2018.05.21 12:23:25.475,1.70171,1.70199,1.00,1.50
2018.05.21 12:23:25.882,1.70169,1.70199,1.00,2.25
2018.05.21 12:23:25.933,1.70171,1.70199,1.00,2.25
2018.05.21 12:23:25.984,1.70169,1.70199,1.00,2.25
2018.05.21 12:23:26.035,1.7017,1.70197,1.00,1.00
2018.05.21 12:23:26.239,1.70168,1.70196,1.00,1.00
2018.05.21 12:23:26.603,1.7017,1.70196,1.00,1.00
2018.05.21 12:23:26.705,1.70165,1.70193,1.00,1.00
2018.05.21 12:23:26.756,1.70167,1.70196,1.00,1.00
2018.05.21 12:23:26.808,1.7017,1.70195,1.00,1.00
2018.05.21 12:23:26.860,1.70167,1.70195,1.00,1.00
2018.05.21 12:23:27.114,1.70162,1.70188,1.00,1.00
2018.05.21 12:23:27.415,1.7016,1.7018,1.00,1.00
2018.05.21 12:23:27.955,1.7016,1.70179,1.00,1.00
2018.05.21 12:23:28.581,1.7016,1.7018,1.00,1.00
2018.05.21 12:23:29.087,1.7016,1.70179,1.00,1.00
2018.05.21 12:23:29.522,1.7016,1.70182,1.00,1.00
2018.05.21 12:23:29.573,1.7016,1.70184,1.00,1.00
2018.05.21 12:23:29.624,1.7016,1.7018,1.00,1.00
2018.05.21 12:23:29.980,1.7016,1.70183,1.00,1.00
2018.05.21 12:23:30.594,1.7016,1.7018,1.00,1.00
2018.05.21 12:23:31.403,1.7016,1.70182,1.00,1.00
2018.05.21 12:23:31.634,1.70162,1.70183,1.00,1.00
2018.05.21 12:23:31.685,1.70163,1.70188,1.00,1.00
2018.05.21 12:23:31.788,1.70164,1.70192,1.00,1.50
2018.05.21 12:23:32.357,1.70164,1.70194,1.00,1.00
2018.05.21 12:23:32.509,1.70167,1.70194,1.00,1.00
2018.05.21 12:23:32.560,1.70163,1.70193,1.00,1.00
2018.05.21 12:23:32.611,1.70167,1.70193,1.00,1.00
2018.05.21 12:23:32.663,1.70163,1.70193,2.25,1.00
2018.05.21 12:23:32.867,1.70165,1.70193,1.00,1.00
2018.05.21 12:23:33.020,1.70161,1.70191,1.00,1.00
2018.05.21 12:23:33.071,1.70163,1.70191,1.00,1.00
2018.05.21 12:23:33.529,1.70165,1.70192,1.00,1.25
2018.05.21 12:23:33.632,1.70161,1.70192,1.00,1.00
2018.05.21 12:23:34.151,1.70162,1.70193,1.00,1.00
2018.05.21 12:23:35.937,1.70165,1.70194,1.00,1.00
2018.05.21 12:23:36.352,1.70162,1.70192,1.00,1.00
2018.05.21 12:23:36.504,1.70164,1.70192,1.00,1.00
2018.05.21 12:23:36.555,1.70162,1.70192,1.00,1.00
2018.05.21 12:23:36.707,1.70165,1.70194,1.00,1.88
2018.05.21 12:23:36.909,1.70161,1.70193,1.00,1.00
2018.05.21 12:23:37.420,1.70162,1.70192,1.00,1.00
2018.05.21 12:23:37.471,1.70164,1.70193,1.00,1.38
2018.05.21 12:23:37.579,1.70165,1.70194,1.00,1.88
2018.05.21 12:23:37.782,1.70162,1.7019,1.00,1.50
2018.05.21 12:23:37.883,1.7016,1.70189,1.50,1.00
2018.05.21 12:23:38.828,1.7016,1.7019,1.25,1.00
2018.05.21 12:23:38.930,1.70163,1.70191,1.00,1.00
2018.05.21 12:23:39.442,1.70162,1.70191,1.00,1.00
2018.05.21 12:23:39.977,1.70162,1.7019,1.00,1.00
2018.05.21 12:23:40.130,1.7016,1.70191,2.63,1.00
2018.05.21 12:23:40.677,1.7016,1.7019,1.69,1.00
2018.05.21 12:23:41.925,1.7016,1.70191,1.00,1.00
2018.05.21 12:23:41.977,1.70159,1.70189,1.50,1.00
2018.05.21 12:23:42.458,1.70158,1.70187,1.00,1.50
2018.05.21 12:23:42.768,1.70158,1.70185,1.44,1.00
2018.05.21 12:23:43.074,1.70158,1.70186,1.88,1.00
2018.05.21 12:23:43.126,1.70158,1.70187,1.00,1.00
2018.05.21 12:23:43.202,1.70158,1.70187,1.38,1.00
2018.05.21 12:23:43.354,1.70157,1.70185,1.50,1.00
2018.05.21 12:23:43.410,1.70158,1.70184,1.38,1.00
2018.05.21 12:23:43.461,1.70156,1.70184,1.25,1.00
2018.05.21 12:23:43.664,1.70156,1.70185,1.38,1.50
2018.05.21 12:23:44.032,1.70156,1.70185,1.13,1.50
2018.05.21 12:23:44.386,1.70155,1.70183,1.00,1.00
2018.05.21 12:23:44.699,1.70153,1.70184,1.25,1.00
2018.05.21 12:23:45.218,1.70152,1.70183,1.00,1.50
2018.05.21 12:23:45.795,1.70151,1.70183,1.88,1.00
2018.05.21 12:23:46.658,1.70151,1.70183,1.88,1.00
2018.05.21 12:23:47.454,1.70151,1.70183,1.38,1.00
2018.05.21 12:23:48.061,1.70151,1.70183,1.44,1.00
2018.05.21 12:23:48.611,1.70153,1.70183,1.00,1.00
2018.05.21 12:23:49.156,1.70152,1.70182,1.44,1.00
2018.05.21 12:23:49.629,1.70152,1.70182,1.38,1.00
2018.05.21 12:23:49.732,1.70153,1.70183,1.25,1.00
2018.05.21 12:23:49.783,1.70156,1.70186,1.00,1.50
2018.05.21 12:23:50.084,1.70154,1.70184,1.00,1.00
2018.05.21 12:23:50.990,1.70154,1.70185,1.13,1.00
2018.05.21 12:23:51.505,1.70154,1.70186,1.00,1.00
2018.05.21 12:23:52.507,1.70158,1.70186,1.00,1.00
2018.05.21 12:23:52.558,1.70159,1.70189,1.00,1.00
2018.05.21 12:23:52.843,1.70161,1.70189,1.00,1.00
2018.05.21 12:23:52.944,1.70159,1.70189,1.50,1.00
2018.05.21 12:23:53.335,1.70156,1.70188,1.50,1.00
2018.05.21 12:23:53.386,1.70162,1.70188,1.00,1.00
2018.05.21 12:23:53.488,1.70156,1.70188,1.88,1.00
2018.05.21 12:23:53.591,1.70156,1.70185,2.06,1.00
2018.05.21 12:23:53.979,1.70159,1.70187,1.00,1.00
2018.05.21 12:23:54.132,1.70166,1.70196,1.50,1.50
2018.05.21 12:23:54.184,1.70168,1.70196,1.00,1.00
2018.05.21 12:23:54.235,1.70171,1.702,1.00,1.00
2018.05.21 12:23:54.287,1.70175,1.70201,1.00,1.00
2018.05.21 12:23:54.338,1.70176,1.70206,1.00,1.00
2018.05.21 12:23:54.472,1.70178,1.70206,1.00,1.00
2018.05.21 12:23:54.578,1.70179,1.70209,1.00,1.00
2018.05.21 12:23:54.681,1.70185,1.70213,1.00,1.44
2018.05.21 12:23:55.227,1.70185,1.70213,1.50,1.00
2018.05.21 12:23:55.914,1.70185,1.70212,1.00,1.00
2018.05.21 12:23:55.965,1.70182,1.70212,1.00,1.00
2018.05.21 12:23:56.066,1.70184,1.70212,1.88,1.00
2018.05.21 12:23:56.117,1.70187,1.70216,1.00,1.00
2018.05.21 12:23:56.218,1.70184,1.70212,1.69,1.00
2018.05.21 12:23:56.536,1.70176,1.70204,1.25,1.00
2018.05.21 12:23:56.840,1.70174,1.70202,1.38,1.00
2018.05.21 12:23:57.195,1.70176,1.70206,1.00,1.00
2018.05.21 12:23:57.330,1.70174,1.70202,1.25,1.00
2018.05.21 12:23:57.684,1.70171,1.702,1.69,1.00
2018.05.21 12:23:57.735,1.70169,1.70197,1.44,1.00
2018.05.21 12:23:58.054,1.70167,1.70195,1.38,1.00
2018.05.21 12:23:58.340,1.70167,1.70195,1.25,1.00
2018.05.21 12:23:58.957,1.70166,1.70195,1.25,1.00
2018.05.21 12:23:59.760,1.70166,1.70195,1.38,1.00
2018.05.21 12:24:00.368,1.70167,1.70192,1.00,1.00
2018.05.21 12:24:00.675,1.70159,1.70188,1.38,1.00
2018.05.21 12:24:01.009,1.70159,1.7019,1.38,1.00
2018.05.21 12:24:01.390,1.70159,1.7019,1.44,1.00
2018.05.21 12:24:01.453,1.70156,1.70187,1.88,1.00
2018.05.21 12:24:01.758,1.70153,1.70185,1.38,1.00
2018.05.21 12:24:02.065,1.70172,1.70198,1.00,1.50
2018.05.21 12:24:02.609,1.70173,1.70199,1.00,1.00
2018.05.21 12:24:02.712,1.70169,1.70199,1.38,1.00
2018.05.21 12:24:02.815,1.70169,1.70199,1.25,1.00
2018.05.21 12:24:03.131,1.7017,1.70201,1.25,1.00
2018.05.21 12:24:03.603,1.70172,1.70201,1.25,1.00
2018.05.21 12:24:03.910,1.7018,1.70203,1.25,1.00
2018.05.21 12:24:03.962,1.70177,1.70204,1.00,1.00
2018.05.21 12:24:04.014,1.70177,1.70199,1.50,1.00
2018.05.21 12:24:04.065,1.70171,1.70197,1.69,1.00
2018.05.21 12:24:04.117,1.7017,1.70197,1.38,1.00
2018.05.21 12:24:04.168,1.70171,1.70198,1.25,1.00
2018.05.21 12:24:04.480,1.7017,1.702,1.44,1.00
2018.05.21 12:24:04.740,1.7017,1.70197,1.25,1.00
2018.05.21 12:24:05.243,1.7017,1.70198,1.44,1.00
2018.05.21 12:24:05.702,1.70167,1.70197,1.38,1.00
2018.05.21 12:24:06.224,1.70168,1.70198,1.38,1.00
2018.05.21 12:24:06.943,1.70168,1.70198,1.38,1.00
2018.05.21 12:24:07.478,1.70168,1.70198,1.38,1.50
2018.05.21 12:24:07.984,1.70168,1.70198,1.38,1.50
2018.05.21 12:24:08.580,1.70168,1.70198,1.38,1.00
2018.05.21 12:24:09.200,1.70168,1.70198,1.00,1.00
2018.05.21 12:24:09.453,1.70168,1.70197,1.38,1.00
2018.05.21 12:24:09.799,1.70168,1.70198,1.38,1.00
2018.05.21 12:24:10.244,1.70169,1.70198,1.38,1.00
2018.05.21 12:24:10.497,1.7017,1.702,1.38,2.25
2018.05.21 12:24:10.548,1.70174,1.702,1.00,1.00
2018.05.21 12:24:10.649,1.70171,1.702,1.00,1.00
2018.05.21 12:24:11.141,1.70168,1.702,1.00,1.00
2018.05.21 12:24:11.687,1.70169,1.70199,1.00,1.00
2018.05.21 12:24:11.790,1.70164,1.70196,2.63,1.00
2018.05.21 12:24:11.840,1.70167,1.70199,1.00,1.69
2018.05.21 12:24:11.892,1.70169,1.70199,1.00,1.00
2018.05.21 12:24:12.199,1.70167,1.70197,1.00,1.00
2018.05.21 12:24:12.628,1.70167,1.70199,1.25,1.00
2018.05.21 12:24:12.730,1.70169,1.702,1.00,2.25
2018.05.21 12:24:13.669,1.70169,1.70201,1.00,2.25
2018.05.21 12:24:13.990,1.7017,1.70198,1.00,1.00
2018.05.21 12:24:14.195,1.70173,1.70202,1.00,2.44
2018.05.21 12:24:14.247,1.70175,1.70202,1.00,1.00
2018.05.21 12:24:14.441,1.70171,1.70202,1.25,1.00
2018.05.21 12:24:14.973,1.70171,1.70201,1.00,1.00
2018.05.21 12:24:15.646,1.70173,1.70202,1.00,1.50
2018.05.21 12:24:16.071,1.70175,1.70202,1.00,1.00
2018.05.21 12:24:16.122,1.70173,1.70202,1.00,1.00
2018.05.21 12:24:16.174,1.70171,1.70202,1.00,1.00
2018.05.21 12:24:16.378,1.70173,1.70203,1.00,1.50
2018.05.21 12:24:16.767,1.70171,1.70201,1.25,1.00
2018.05.21 12:24:17.081,1.70175,1.70202,1.00,1.00
2018.05.21 12:24:17.184,1.70174,1.70204,1.00,1.50
2018.05.21 12:24:19.068,1.70173,1.70203,1.00,1.00
2018.05.21 12:24:19.119,1.70169,1.70199,1.44,1.00
2018.05.21 12:24:19.426,1.70167,1.70196,1.44,1.00
2018.05.21 12:24:19.833,1.70164,1.70196,1.38,1.00
2018.05.21 12:24:20.384,1.70164,1.70196,1.38,1.00
2018.05.21 12:24:20.923,1.70164,1.70196,1.38,1.00
2018.05.21 12:24:21.430,1.70163,1.70195,1.38,1.50
2018.05.21 12:24:21.757,1.70163,1.70195,1.38,1.50
2018.05.21 12:24:21.808,1.70163,1.70195,1.38,1.50
2018.05.21 12:24:22.401,1.70164,1.70196,1.38,1.00
2018.05.21 12:24:23.089,1.70164,1.70196,1.38,1.00
2018.05.21 12:24:23.484,1.70162,1.70192,1.00,1.00
2018.05.21 12:24:23.536,1.70163,1.70192,1.44,1.00
2018.05.21 12:24:23.881,1.70159,1.7019,1.38,1.00
2018.05.21 12:24:24.238,1.70159,1.7019,1.44,1.00
2018.05.21 12:24:24.503,1.7016,1.70192,1.38,1.50
2018.05.21 12:24:24.902,1.70159,1.70191,1.25,1.00
2018.05.21 12:24:25.134,1.70159,1.70189,1.38,1.00
2018.05.21 12:24:25.744,1.70159,1.7019,1.38,1.50
2018.05.21 12:24:26.026,1.70159,1.7019,1.25,1.00
2018.05.21 12:24:26.553,1.70159,1.70191,1.38,1.50
2018.05.21 12:24:26.605,1.70162,1.70193,1.13,1.00
2018.05.21 12:24:27.107,1.70163,1.70196,1.00,1.00
2018.05.21 12:24:27.566,1.70165,1.70197,1.00,1.00
2018.05.21 12:24:28.027,1.70163,1.70195,1.00,1.00
2018.05.21 12:24:28.539,1.70165,1.70194,1.00,1.00
2018.05.21 12:24:28.858,1.70163,1.70194,1.00,1.00
2018.05.21 12:24:29.186,1.70163,1.70195,1.38,2.25
2018.05.21 12:24:29.288,1.70163,1.70195,1.25,1.00
2018.05.21 12:24:29.632,1.70165,1.70194,1.00,1.00
2018.05.21 12:24:30.814,1.70165,1.70194,1.44,1.00
2018.05.21 12:24:31.532,1.70164,1.70195,1.38,1.00
2018.05.21 12:24:31.838,1.70162,1.70192,1.50,1.00
2018.05.21 12:24:31.889,1.70162,1.70192,1.38,1.00
2018.05.21 12:24:31.940,1.70164,1.70196,1.38,1.00
2018.05.21 12:24:32.093,1.70166,1.70199,1.44,1.00
2018.05.21 12:24:32.204,1.70161,1.70191,1.38,1.00
2018.05.21 12:24:32.306,1.70163,1.70194,1.38,2.25
2018.05.21 12:24:32.765,1.70164,1.70193,1.38,1.00
2018.05.21 12:24:33.308,1.70164,1.70193,1.63,1.00
2018.05.21 12:24:33.695,1.70164,1.70193,1.38,1.00
2018.05.21 12:24:33.847,1.70163,1.70193,1.88,1.00
2018.05.21 12:24:33.898,1.70163,1.70193,1.38,1.00
2018.05.21 12:24:34.461,1.70161,1.70193,1.63,1.00
2018.05.21 12:24:34.615,1.70165,1.70194,1.00,1.00
2018.05.21 12:24:34.768,1.70163,1.70192,1.38,1.00
2018.05.21 12:24:34.870,1.70163,1.70195,1.38,1.00
2018.05.21 12:24:35.503,1.70163,1.70195,1.38,1.50
2018.05.21 12:24:35.555,1.70177,1.70202,1.00,1.00
2018.05.21 12:24:35.658,1.70177,1.70207,1.38,1.00
2018.05.21 12:24:35.710,1.70176,1.702,1.38,1.00
2018.05.21 12:24:35.761,1.70179,1.70208,1.00,1.00
2018.05.21 12:24:35.973,1.70175,1.70207,1.56,2.25
2018.05.21 12:24:36.380,1.70175,1.70207,1.38,1.00
2018.05.21 12:24:36.883,1.70175,1.70207,1.38,1.50
2018.05.21 12:24:37.238,1.70175,1.70207,1.38,1.50
2018.05.21 12:24:37.289,1.70175,1.70207,1.00,1.50
2018.05.21 12:24:37.391,1.70175,1.70207,1.38,1.50
2018.05.21 12:24:37.442,1.70175,1.70207,1.00,1.50
2018.05.21 12:24:37.496,1.70175,1.70207,1.38,1.50
2018.05.21 12:24:37.598,1.70176,1.70207,1.00,1.00
2018.05.21 12:24:37.649,1.70175,1.70207,1.63,1.50
2018.05.21 12:24:37.822,1.70175,1.70207,1.00,1.50
2018.05.21 12:24:37.873,1.70175,1.70207,1.38,1.50
2018.05.21 12:24:38.182,1.70188,1.70215,1.00,1.00
2018.05.21 12:24:38.233,1.70183,1.70212,1.25,1.50
2018.05.21 12:24:38.438,1.7018,1.7021,1.50,1.00
2018.05.21 12:24:38.541,1.70178,1.70209,1.38,1.00
2018.05.21 12:24:38.593,1.70178,1.70209,1.38,1.00
2018.05.21 12:24:38.827,1.70178,1.70209,1.00,1.50
2018.05.21 12:24:39.086,1.70176,1.70206,1.00,1.00
2018.05.21 12:24:39.411,1.70188,1.70217,1.00,1.00
2018.05.21 12:24:39.716,1.70187,1.70213,1.00,1.50
2018.05.21 12:24:39.918,1.70185,1.70213,1.31,1.50
2018.05.21 12:24:40.465,1.70184,1.70213,1.00,1.50
2018.05.21 12:24:40.879,1.70187,1.70212,1.00,1.00
2018.05.21 12:24:40.980,1.7019,1.70219,1.00,1.50
2018.05.21 12:24:41.132,1.70189,1.70221,1.00,1.50
2018.05.21 12:24:41.351,1.70175,1.70206,1.38,1.00
2018.05.21 12:24:41.655,1.70171,1.70203,1.38,1.00
2018.05.21 12:24:41.885,1.70171,1.70203,1.00,1.00
2018.05.21 12:24:41.935,1.70171,1.70203,1.38,1.00
2018.05.21 12:24:42.241,1.70177,1.70205,1.38,1.00
2018.05.21 12:24:42.292,1.70175,1.70205,1.00,1.50
2018.05.21 12:24:42.350,1.70176,1.70206,1.44,1.00
2018.05.21 12:24:42.655,1.70176,1.70206,1.38,1.00
2018.05.21 12:24:42.756,1.70176,1.70207,1.38,1.00
2018.05.21 12:24:43.195,1.70181,1.70211,1.00,3.00
2018.05.21 12:24:43.453,1.70186,1.70217,1.00,1.50
2018.05.21 12:24:43.505,1.70188,1.70216,1.00,1.00
2018.05.21 12:24:43.826,1.7019,1.70217,1.25,1.00
2018.05.21 12:24:44.131,1.7019,1.70217,1.38,1.00
2018.05.21 12:24:44.657,1.70188,1.70217,1.38,1.00
2018.05.21 12:24:45.144,1.70187,1.70218,1.00,1.50
2018.05.21 12:24:45.196,1.70189,1.70217,1.25,1.50
2018.05.21 12:24:45.506,1.70193,1.70217,1.63,1.00
2018.05.21 12:24:45.557,1.70194,1.70217,1.00,1.00
2018.05.21 12:24:45.608,1.70187,1.70216,2.63,1.00
2018.05.21 12:24:45.658,1.70186,1.70214,1.38,1.00
2018.05.21 12:24:45.709,1.70184,1.70214,1.88,1.00
2018.05.21 12:24:45.760,1.70183,1.70212,1.25,1.00
2018.05.21 12:24:45.861,1.70176,1.70205,1.19,1.00
2018.05.21 12:24:46.104,1.70181,1.70211,1.38,1.00
2018.05.21 12:24:46.155,1.70183,1.70213,1.38,1.00
2018.05.21 12:24:46.258,1.7018,1.70212,1.00,1.00
2018.05.21 12:24:46.463,1.70179,1.70211,1.00,1.37
2018.05.21 12:24:46.969,1.70179,1.70211,1.44,1.50
2018.05.21 12:24:47.297,1.70183,1.70211,1.00,1.50
2018.05.21 12:24:47.348,1.70179,1.70211,1.88,1.50
2018.05.21 12:24:47.502,1.70182,1.70211,1.13,1.50
2018.05.21 12:24:48.011,1.70181,1.70213,1.25,3.00
2018.05.21 12:24:48.536,1.70182,1.70212,1.00,1.50
2018.05.21 12:24:49.220,1.70182,1.70212,1.25,2.25
2018.05.21 12:24:49.509,1.70182,1.70212,1.25,1.00
2018.05.21 12:24:51.020,1.7018,1.70212,1.25,1.00
2018.05.21 12:24:51.071,1.70182,1.70212,1.00,1.00
2018.05.21 12:24:51.275,1.7018,1.70212,1.25,1.50
2018.05.21 12:24:51.811,1.70183,1.70212,1.00,1.00
2018.05.21 12:24:52.317,1.70182,1.70212,1.00,1.50
2018.05.21 12:24:52.827,1.70181,1.70211,1.25,1.50
2018.05.21 12:24:53.647,1.70179,1.70211,1.69,1.50
2018.05.21 12:24:53.699,1.70179,1.70206,1.00,1.00
2018.05.21 12:24:53.851,1.70175,1.70205,1.25,1.00
2018.05.21 12:24:54.121,1.70175,1.70205,1.63,1.00
2018.05.21 12:24:54.635,1.70175,1.70205,1.38,1.00
2018.05.21 12:24:55.160,1.70176,1.70204,1.00,1.00
2018.05.21 12:24:55.314,1.70174,1.70201,1.38,1.00
2018.05.21 12:24:55.416,1.70177,1.70205,1.13,1.00
2018.05.21 12:24:55.467,1.70177,1.70207,1.25,1.50
2018.05.21 12:24:55.772,1.70174,1.70204,1.38,1.00
2018.05.21 12:24:56.108,1.7018,1.70207,1.00,1.00
2018.05.21 12:24:56.211,1.70184,1.70212,1.00,1.69
2018.05.21 12:24:56.312,1.70179,1.70206,1.25,1.00
2018.05.21 12:24:56.414,1.7018,1.70208,1.00,1.00
2018.05.21 12:24:56.555,1.7018,1.70209,1.38,1.00
2018.05.21 12:24:56.710,1.70183,1.70212,1.00,1.00
2018.05.21 12:24:57.244,1.70182,1.70212,1.13,1.50
2018.05.21 12:24:58.530,1.70182,1.70212,1.38,1.00
2018.05.21 12:24:58.588,1.70184,1.70214,1.13,1.50
2018.05.21 12:24:59.175,1.70184,1.70213,1.13,1.00
2018.05.21 12:24:59.750,1.70184,1.70213,1.38,1.00
2018.05.21 12:25:00.160,1.70188,1.70215,1.00,1.50
2018.05.21 12:25:00.262,1.70186,1.70216,1.25,1.50
2018.05.21 12:25:00.415,1.70185,1.70214,1.00,1.00
2018.05.21 12:25:00.701,1.70183,1.70213,1.25,1.00
2018.05.21 12:25:01.109,1.70183,1.70212,1.38,1.00
2018.05.21 12:25:01.660,1.70183,1.70213,1.38,1.00
2018.05.21 12:25:01.762,1.70186,1.70215,1.00,1.00
2018.05.21 12:25:02.220,1.70189,1.70215,1.00,1.00
2018.05.21 12:25:02.447,1.70186,1.70217,1.00,1.00
2018.05.21 12:25:02.599,1.70185,1.70215,1.00,1.00
2018.05.21 12:25:02.802,1.70185,1.70217,1.00,1.50
2018.05.21 12:25:02.903,1.70185,1.70215,1.25,1.00
2018.05.21 12:25:03.222,1.70187,1.70214,1.00,1.00
2018.05.21 12:25:03.376,1.70188,1.70218,1.00,1.50
2018.05.21 12:25:03.581,1.7019,1.70218,1.00,1.00
2018.05.21 12:25:03.889,1.70187,1.70217,1.00,1.00
2018.05.21 12:25:04.248,1.7019,1.70217,1.00,1.00
2018.05.21 12:25:04.782,1.70189,1.70218,1.00,1.25
2018.05.21 12:25:05.329,1.7019,1.70217,1.00,1.00
2018.05.21 12:25:05.814,1.70188,1.70216,1.00,1.00
2018.05.21 12:25:06.040,1.70192,1.70219,1.00,1.00
2018.05.21 12:25:06.607,1.70192,1.7022,1.00,1.69
2018.05.21 12:25:07.119,1.70192,1.7022,1.00,1.88
2018.05.21 12:25:07.823,1.70192,1.7022,1.00,1.69
2018.05.21 12:25:09.326,1.7019,1.70218,1.00,1.00
2018.05.21 12:25:09.753,1.70192,1.70221,1.00,1.00
2018.05.21 12:25:10.110,1.70191,1.70218,1.00,1.00
2018.05.21 12:25:10.540,1.70192,1.70221,1.00,1.00
2018.05.21 12:25:10.752,1.70191,1.70218,1.00,1.00
2018.05.21 12:25:11.108,1.7019,1.7022,1.25,1.00
2018.05.21 12:25:13.094,1.70191,1.70221,1.00,1.50
2018.05.21 12:25:14.623,1.70191,1.70218,1.00,1.00
2018.05.21 12:25:15.019,1.70187,1.70214,1.00,1.00
2018.05.21 12:25:15.122,1.70191,1.70219,1.00,1.50
2018.05.21 12:25:15.174,1.70193,1.7022,1.00,1.50
2018.05.21 12:25:15.328,1.70195,1.70223,1.00,1.00
2018.05.21 12:25:15.550,1.70196,1.70225,1.00,1.88
2018.05.21 12:25:16.066,1.70196,1.70224,1.00,1.00
2018.05.21 12:25:16.609,1.70196,1.70225,1.00,1.88
2018.05.21 12:25:17.192,1.70196,1.70225,1.00,1.88
2018.05.21 12:25:17.294,1.70196,1.70224,1.00,1.69
2018.05.21 12:25:17.397,1.70176,1.70206,1.44,1.00
2018.05.21 12:25:17.602,1.70175,1.70202,1.38,1.00
2018.05.21 12:25:17.909,1.70173,1.702,1.25,1.00
2018.05.21 12:25:18.018,1.70172,1.70202,1.44,1.50
2018.05.21 12:25:18.601,1.70172,1.70201,1.38,1.00
2018.05.21 12:25:19.164,1.70172,1.70202,1.38,1.00
2018.05.21 12:25:19.695,1.70173,1.70203,1.44,1.00
2018.05.21 12:25:19.897,1.7017,1.70199,1.38,1.00
2018.05.21 12:25:20.201,1.70168,1.70195,1.38,1.00
2018.05.21 12:25:20.897,1.70168,1.70195,1.38,1.00
2018.05.21 12:25:21.402,1.70168,1.70196,1.13,1.00
2018.05.21 12:25:21.983,1.70168,1.70196,1.38,1.00
2018.05.21 12:25:22.141,1.70169,1.70197,1.38,1.00
2018.05.21 12:25:22.670,1.70169,1.70196,1.44,1.00
2018.05.21 12:25:23.142,1.70178,1.70202,1.00,1.00
2018.05.21 12:25:23.197,1.70169,1.70195,1.00,1.00
2018.05.21 12:25:23.249,1.70166,1.70194,1.25,1.00
2018.05.21 12:25:23.835,1.70164,1.70194,1.38,1.00
2018.05.21 12:25:24.342,1.70167,1.70195,1.25,1.50
2018.05.21 12:25:24.811,1.70164,1.70194,1.38,1.00
2018.05.21 12:25:25.319,1.70166,1.70193,1.00,1.00
2018.05.21 12:25:25.780,1.70167,1.70191,1.00,1.00
2018.05.21 12:25:25.831,1.70165,1.70191,1.25,1.00
2018.05.21 12:25:26.188,1.70163,1.70191,1.00,1.00
2018.05.21 12:25:26.650,1.70165,1.70191,1.00,1.00
2018.05.21 12:25:27.410,1.70166,1.70191,1.00,1.00
2018.05.21 12:25:27.462,1.70164,1.70191,1.00,1.00
2018.05.21 12:25:27.617,1.70159,1.70188,1.38,1.50
2018.05.21 12:25:27.824,1.70157,1.70184,1.00,1.00
2018.05.21 12:25:27.876,1.70155,1.70186,1.44,1.00
2018.05.21 12:25:27.927,1.70155,1.70186,1.38,1.00
2018.05.21 12:25:28.267,1.70155,1.70184,1.56,1.00
2018.05.21 12:25:28.545,1.70157,1.70186,1.38,1.00
2018.05.21 12:25:29.184,1.70159,1.70186,1.13,1.00
2018.05.21 12:25:30.009,1.70158,1.70186,1.13,1.00
2018.05.21 12:25:30.614,1.70158,1.70186,1.38,1.00
2018.05.21 12:25:30.882,1.7016,1.70189,1.44,1.50
2018.05.21 12:25:31.438,1.7016,1.70189,1.25,1.00
2018.05.21 12:25:31.489,1.7016,1.70188,1.38,1.00
2018.05.21 12:25:32.205,1.7016,1.70188,1.38,1.00
2018.05.21 12:25:32.716,1.7016,1.70188,1.38,1.00
2018.05.21 12:25:32.968,1.7016,1.70188,1.25,1.00
2018.05.21 12:25:38.098,1.70159,1.70188,1.00,1.50
2018.05.21 12:25:38.258,1.70157,1.70185,1.38,1.00
2018.05.21 12:25:39.212,1.70156,1.70185,1.38,1.50
2018.05.21 12:25:39.900,1.70155,1.7018,1.00,1.00
2018.05.21 12:25:39.952,1.70152,1.7018,1.00,1.00
2018.05.21 12:25:40.004,1.7015,1.70178,1.38,1.00
2018.05.21 12:25:40.107,1.7015,1.7018,1.38,1.00
2018.05.21 12:25:40.159,1.70154,1.70183,1.63,1.00
2018.05.21 12:25:40.469,1.70151,1.70179,1.38,1.50
2018.05.21 12:25:40.520,1.70151,1.70179,1.00,1.50
2018.05.21 12:25:40.572,1.70151,1.70179,1.38,1.50
2018.05.21 12:25:40.674,1.70151,1.70179,1.00,1.50
2018.05.21 12:25:40.777,1.70151,1.70179,1.38,1.50
2018.05.21 12:25:41.205,1.70151,1.70179,1.38,1.50
2018.05.21 12:25:41.603,1.70151,1.70179,1.00,1.50
2018.05.21 12:25:41.654,1.70151,1.70179,1.38,1.50
2018.05.21 12:25:41.958,1.70151,1.70179,1.38,1.00
2018.05.21 12:25:42.498,1.70151,1.70179,1.13,1.00
2018.05.21 12:25:42.711,1.70155,1.70179,1.00,1.00
2018.05.21 12:25:44.487,1.70153,1.70179,1.13,1.00
2018.05.21 12:25:44.996,1.70154,1.70179,1.00,1.00
2018.05.21 12:25:45.172,1.70158,1.70179,1.00,1.00
2018.05.21 12:25:45.223,1.70159,1.70186,1.00,1.00
2018.05.21 12:25:45.274,1.70161,1.70186,1.00,1.00
2018.05.21 12:25:45.782,1.7016,1.70186,1.00,1.00
2018.05.21 12:25:46.290,1.70159,1.70186,1.25,1.00
2018.05.21 12:25:47.577,1.70159,1.70186,1.44,1.00
2018.05.21 12:25:48.117,1.70159,1.70186,1.38,1.00
2018.05.21 12:25:48.765,1.70159,1.70186,1.44,1.00
2018.05.21 12:25:49.294,1.70159,1.70186,1.38,1.00
2018.05.21 12:25:49.720,1.70164,1.70191,1.00,1.50
2018.05.21 12:25:49.925,1.70163,1.70194,1.38,1.50
2018.05.21 12:25:50.452,1.70165,1.70194,1.00,1.00
2018.05.21 12:25:50.992,1.70166,1.70194,1.00,1.00
2018.05.21 12:25:52.250,1.70165,1.70192,1.00,1.00
2018.05.21 12:25:53.682,1.70163,1.70192,1.00,1.00
2018.05.21 12:25:54.280,1.70164,1.70192,1.00,1.00
2018.05.21 12:25:55.854,1.70163,1.70192,1.00,1.00
2018.05.21 12:25:56.009,1.70165,1.70192,1.00,1.00
2018.05.21 12:25:56.536,1.70164,1.70191,1.00,1.00
2018.05.21 12:25:57.400,1.70162,1.70191,1.00,1.87
2018.05.21 12:25:57.451,1.70161,1.70189,1.00,1.87
2018.05.21 12:25:57.502,1.70159,1.7019,1.25,2.25
2018.05.21 12:25:57.553,1.70159,1.70188,1.00,2.62
2018.05.21 12:25:57.766,1.70157,1.70186,1.25,1.87
2018.05.21 12:25:58.320,1.70157,1.70184,1.25,1.00
2018.05.21 12:25:58.845,1.70157,1.70185,1.00,1.00
2018.05.21 12:26:00.404,1.70156,1.70185,1.00,2.62
2018.05.21 12:26:00.608,1.70153,1.70182,1.25,1.50
2018.05.21 12:26:01.490,1.70153,1.70181,1.00,1.00
2018.05.21 12:26:02.894,1.70152,1.7018,1.13,1.00
2018.05.21 12:26:03.262,1.70152,1.70178,1.00,1.00
2018.05.21 12:26:03.460,1.7015,1.70178,1.00,1.00
2018.05.21 12:26:03.511,1.70149,1.70175,1.00,1.00
2018.05.21 12:26:04.061,1.70149,1.70175,1.44,1.00
2018.05.21 12:26:04.600,1.70149,1.70175,1.13,1.00
2018.05.21 12:26:04.934,1.70149,1.70175,1.38,1.00
2018.05.21 12:26:04.985,1.70149,1.70175,1.44,1.00
2018.05.21 12:26:05.036,1.70149,1.70177,1.38,1.00
2018.05.21 12:26:05.087,1.70149,1.70177,1.38,1.00
2018.05.21 12:26:05.140,1.70149,1.70177,1.38,1.00
2018.05.21 12:26:05.292,1.70149,1.70176,1.38,1.00
2018.05.21 12:26:05.343,1.70149,1.70176,1.00,1.00
2018.05.21 12:26:05.395,1.70149,1.70176,1.38,1.00
2018.05.21 12:26:05.446,1.70149,1.70176,1.00,1.00
2018.05.21 12:26:05.619,1.70149,1.70176,1.38,1.00
2018.05.21 12:26:05.771,1.70149,1.70176,1.00,1.00
2018.05.21 12:26:05.872,1.70149,1.70176,1.19,1.00
2018.05.21 12:26:06.024,1.70152,1.70178,1.00,1.50
2018.05.21 12:26:06.605,1.70152,1.70178,1.38,1.00
2018.05.21 12:26:06.908,1.7015,1.70178,1.25,1.50
2018.05.21 12:26:06.959,1.7015,1.70178,1.38,1.50
2018.05.21 12:26:07.010,1.7015,1.70178,1.00,1.50
2018.05.21 12:26:07.242,1.7015,1.70178,1.44,1.50
2018.05.21 12:26:07.294,1.7015,1.70178,1.00,1.50
2018.05.21 12:26:07.447,1.7015,1.70178,1.19,1.50
2018.05.21 12:26:07.615,1.7015,1.70178,1.44,1.50
2018.05.21 12:26:07.826,1.7015,1.70178,1.38,1.50
2018.05.21 12:26:07.980,1.7015,1.70178,1.19,1.50
2018.05.21 12:26:08.391,1.7015,1.70178,1.38,1.00
2018.05.21 12:26:08.560,1.7015,1.70178,1.00,1.00
2018.05.21 12:26:08.868,1.7015,1.70178,1.38,1.50
2018.05.21 12:26:09.106,1.7015,1.70178,1.25,1.50
2018.05.21 12:26:09.237,1.7015,1.70178,1.38,1.00
2018.05.21 12:26:09.288,1.7015,1.70178,1.00,1.00
2018.05.21 12:26:09.453,1.7015,1.70179,1.38,1.00
2018.05.21 12:26:09.758,1.70153,1.70179,1.19,1.00
2018.05.21 12:26:09.860,1.70153,1.70179,1.13,1.00
2018.05.21 12:26:10.126,1.70151,1.70179,1.00,1.00
2018.05.21 12:26:10.335,1.70147,1.70175,1.88,1.00
2018.05.21 12:26:10.638,1.70154,1.70182,1.38,1.00
2018.05.21 12:26:10.891,1.70154,1.70182,1.00,1.00
2018.05.21 12:26:11.048,1.70154,1.70182,1.38,1.00
2018.05.21 12:26:11.150,1.70154,1.70182,1.44,1.50
2018.05.21 12:26:11.405,1.70158,1.70182,1.00,1.00
2018.05.21 12:26:11.509,1.70166,1.70193,1.00,1.00
2018.05.21 12:26:11.561,1.70162,1.70188,1.00,1.00
2018.05.21 12:26:11.821,1.70151,1.70178,1.00,1.00
2018.05.21 12:26:11.872,1.70147,1.70177,1.00,1.00
2018.05.21 12:26:11.923,1.70149,1.70177,1.50,1.00
2018.05.21 12:26:12.431,1.70149,1.70178,1.00,1.00
2018.05.21 12:26:12.769,1.70149,1.70175,1.00,1.00
2018.05.21 12:26:13.597,1.70147,1.70175,1.00,1.00
2018.05.21 12:26:14.597,1.70148,1.70175,1.00,1.00
2018.05.21 12:26:15.232,1.70146,1.70175,1.00,1.00
2018.05.21 12:26:15.283,1.70142,1.7017,1.00,1.00
2018.05.21 12:26:15.385,1.70142,1.70172,1.44,1.00
2018.05.21 12:26:16.003,1.70142,1.70172,1.38,1.00
2018.05.21 12:26:16.104,1.70142,1.70172,1.25,1.00
2018.05.21 12:26:16.256,1.70142,1.70172,1.38,1.00
2018.05.21 12:26:16.559,1.70143,1.7017,1.00,1.00
2018.05.21 12:26:17.088,1.70143,1.7017,1.19,1.00
2018.05.21 12:26:17.647,1.70142,1.7017,1.00,1.00
2018.05.21 12:26:19.118,1.70138,1.70168,1.38,1.00
2018.05.21 12:26:19.431,1.70141,1.70166,1.00,1.00
2018.05.21 12:26:19.584,1.70138,1.70166,1.38,1.00
2018.05.21 12:26:20.097,1.70138,1.70166,1.00,1.00
2018.05.21 12:26:20.249,1.70135,1.70165,1.00,1.00
2018.05.21 12:26:20.300,1.70134,1.70165,1.88,1.00
2018.05.21 12:26:20.605,1.70134,1.70165,1.25,1.00
2018.05.21 12:26:20.707,1.70136,1.70164,1.25,1.00
2018.05.21 12:26:21.208,1.70136,1.70164,1.19,1.50
2018.05.21 12:26:21.742,1.70136,1.70164,1.38,1.50
2018.05.21 12:26:21.995,1.70136,1.70164,1.13,1.50
2018.05.21 12:26:22.584,1.70136,1.70164,1.44,1.50
2018.05.21 12:26:22.804,1.70136,1.70162,1.25,1.00
2018.05.21 12:26:23.109,1.70136,1.70164,1.25,1.50
2018.05.21 12:26:23.651,1.70136,1.70164,1.19,1.50
2018.05.21 12:26:24.215,1.70136,1.70164,1.38,1.50
2018.05.21 12:26:24.418,1.70136,1.70164,1.25,1.50
2018.05.21 12:26:24.952,1.70136,1.70164,1.44,1.00
2018.05.21 12:26:25.505,1.70136,1.70164,1.13,1.00
2018.05.21 12:26:25.760,1.70136,1.70164,1.44,1.00
2018.05.21 12:26:26.014,1.70136,1.70164,1.00,1.00
2018.05.21 12:26:26.589,1.70136,1.70164,1.44,1.00
2018.05.21 12:26:26.643,1.70136,1.70164,1.38,1.00
2018.05.21 12:26:26.695,1.70136,1.70164,1.38,1.00
2018.05.21 12:26:26.746,1.70136,1.70164,1.00,1.00
2018.05.21 12:26:26.849,1.70136,1.70164,1.38,1.00
2018.05.21 12:26:27.002,1.70136,1.70164,1.00,1.00
2018.05.21 12:26:27.206,1.70136,1.70164,1.38,1.00
2018.05.21 12:26:27.511,1.70136,1.70164,1.38,1.00
2018.05.21 12:26:27.714,1.70136,1.70164,1.00,1.00
2018.05.21 12:26:27.962,1.70136,1.70164,1.38,1.00
2018.05.21 12:26:28.268,1.70136,1.70162,1.38,1.00
2018.05.21 12:26:28.581,1.7013,1.70161,1.25,1.00
2018.05.21 12:26:28.632,1.70129,1.70158,1.25,1.00
2018.05.21 12:26:29.056,1.70128,1.70156,1.44,1.50
2018.05.21 12:26:29.361,1.70125,1.70154,1.38,1.50
2018.05.21 12:26:29.413,1.70125,1.70154,1.00,1.50
2018.05.21 12:26:29.464,1.70125,1.70154,1.38,1.50
2018.05.21 12:26:29.617,1.70125,1.70154,1.00,1.00
2018.05.21 12:26:29.668,1.70125,1.70154,1.38,1.00
2018.05.21 12:26:29.775,1.70125,1.70154,1.00,1.50
2018.05.21 12:26:29.827,1.70126,1.70154,1.38,1.00
2018.05.21 12:26:30.336,1.70126,1.70154,1.38,1.00
2018.05.21 12:26:30.641,1.70126,1.70154,1.44,1.00
2018.05.21 12:26:30.742,1.70124,1.70152,1.00,1.00
2018.05.21 12:26:30.794,1.70138,1.70158,1.00,1.00
2018.05.21 12:26:30.845,1.70138,1.7016,1.00,1.00
2018.05.21 12:26:30.897,1.70132,1.70159,1.00,1.00
2018.05.21 12:26:31.000,1.70125,1.70156,1.38,1.00
2018.05.21 12:26:31.308,1.70125,1.70156,1.38,1.00
2018.05.21 12:26:31.411,1.70127,1.70155,1.25,1.00
2018.05.21 12:26:31.798,1.70122,1.70151,1.00,1.00
2018.05.21 12:26:31.950,1.70122,1.70151,1.38,1.00
2018.05.21 12:26:32.254,1.70122,1.70151,1.00,1.00
2018.05.21 12:26:32.483,1.70122,1.70151,1.38,1.00
2018.05.21 12:26:32.533,1.70122,1.70151,1.38,1.00
2018.05.21 12:26:32.635,1.70122,1.70151,1.00,1.00
2018.05.21 12:26:32.736,1.70122,1.70151,1.38,1.00
2018.05.21 12:26:32.787,1.70122,1.70151,1.25,1.00
2018.05.21 12:26:32.838,1.70122,1.70151,1.38,1.00
2018.05.21 12:26:33.041,1.70127,1.70156,1.00,1.00
2018.05.21 12:26:33.092,1.70124,1.70154,1.00,1.50
2018.05.21 12:26:33.143,1.70124,1.70155,1.38,1.00
2018.05.21 12:26:33.244,1.70124,1.70155,1.25,1.00
2018.05.21 12:26:33.295,1.70124,1.70155,1.38,1.00
2018.05.21 12:26:33.346,1.70124,1.70152,1.00,1.00
2018.05.21 12:26:33.397,1.70125,1.70153,1.38,1.00
2018.05.21 12:26:33.859,1.70127,1.70153,1.38,1.00
2018.05.21 12:26:33.961,1.70127,1.70153,1.13,1.00
2018.05.21 12:26:34.115,1.70124,1.70152,1.00,1.00
2018.05.21 12:26:34.166,1.70121,1.7015,1.00,1.00
2018.05.21 12:26:34.218,1.70119,1.70149,1.00,1.50
2018.05.21 12:26:34.455,1.70121,1.70149,1.00,1.00
2018.05.21 12:26:34.760,1.70127,1.70152,1.44,1.00
2018.05.21 12:26:34.913,1.70124,1.70152,1.00,1.50
2018.05.21 12:26:35.375,1.70125,1.70152,1.38,1.00
2018.05.21 12:26:35.782,1.70125,1.70153,1.25,1.00
2018.05.21 12:26:35.833,1.70129,1.70153,1.00,1.00
2018.05.21 12:26:36.019,1.70125,1.70153,1.38,1.00
2018.05.21 12:26:36.070,1.70125,1.70155,1.38,1.00
2018.05.21 12:26:36.639,1.70125,1.70155,1.38,1.00
2018.05.21 12:26:36.740,1.70125,1.70155,1.38,1.00
2018.05.21 12:26:37.223,1.70125,1.70155,1.38,1.00
2018.05.21 12:26:37.379,1.70125,1.70155,1.00,1.00
2018.05.21 12:26:37.429,1.70125,1.70155,1.38,1.00
2018.05.21 12:26:38.065,1.70125,1.70155,1.38,1.50
2018.05.21 12:26:38.400,1.70127,1.70155,1.38,1.50
2018.05.21 12:26:38.575,1.70127,1.70155,1.00,1.50
2018.05.21 12:26:38.678,1.70127,1.70155,1.19,1.50
2018.05.21 12:26:39.049,1.70131,1.70157,1.00,1.00
2018.05.21 12:26:39.134,1.70135,1.70162,1.00,1.69
2018.05.21 12:26:39.237,1.7013,1.7016,1.38,1.00
2018.05.21 12:26:39.434,1.7013,1.70158,1.00,1.00
2018.05.21 12:26:39.740,1.70128,1.70156,1.38,1.00
2018.05.21 12:26:39.844,1.70128,1.70156,1.00,1.00
2018.05.21 12:26:39.997,1.70128,1.70156,1.38,1.00
2018.05.21 12:26:40.108,1.70128,1.70156,1.00,1.00
2018.05.21 12:26:40.161,1.7013,1.70159,1.13,2.25
2018.05.21 12:26:40.221,1.70129,1.70157,1.25,1.00
2018.05.21 12:26:40.635,1.70128,1.70156,1.38,1.00
2018.05.21 12:26:40.790,1.70128,1.70156,1.00,1.00
2018.05.21 12:26:40.943,1.70128,1.70156,1.38,1.00
2018.05.21 12:26:41.096,1.70125,1.70155,1.44,1.00
2018.05.21 12:26:41.148,1.70125,1.70155,1.38,1.00
2018.05.21 12:26:41.660,1.70125,1.70155,1.00,1.00
2018.05.21 12:26:41.961,1.70125,1.70155,1.38,1.00
2018.05.21 12:26:42.374,1.70125,1.70155,1.00,1.00
2018.05.21 12:26:42.426,1.70124,1.70153,1.44,1.00
2018.05.21 12:26:42.874,1.70124,1.70152,1.38,1.00
2018.05.21 12:26:42.926,1.70124,1.70152,1.00,1.00
2018.05.21 12:26:43.130,1.70124,1.70153,1.38,1.00
2018.05.21 12:26:43.438,1.70124,1.70153,1.38,1.00
2018.05.21 12:26:43.943,1.70124,1.70153,1.38,1.00
2018.05.21 12:26:44.060,1.70124,1.70153,1.38,1.00
2018.05.21 12:26:44.163,1.70124,1.70153,1.00,1.00
2018.05.21 12:26:44.214,1.70124,1.70153,1.38,1.00
2018.05.21 12:26:44.317,1.70124,1.70152,1.50,1.00
2018.05.21 12:26:44.368,1.70124,1.70152,1.19,1.00
2018.05.21 12:26:44.523,1.70124,1.70152,1.38,1.00
2018.05.21 12:26:44.625,1.70125,1.70152,1.38,1.00
2018.05.21 12:26:44.676,1.70125,1.70152,1.38,1.00
2018.05.21 12:26:44.778,1.70125,1.70152,1.38,1.00
2018.05.21 12:26:44.830,1.70125,1.70152,1.38,1.00
2018.05.21 12:26:44.932,1.70125,1.70152,1.00,1.00
2018.05.21 12:26:45.116,1.70125,1.70152,1.38,1.00
2018.05.21 12:26:45.649,1.70125,1.70153,1.19,1.00
2018.05.21 12:26:46.004,1.70125,1.70153,1.38,1.00
2018.05.21 12:26:46.056,1.70125,1.70153,1.00,1.00
2018.05.21 12:26:46.110,1.70125,1.70153,1.38,1.00
2018.05.21 12:26:46.162,1.70125,1.70153,1.00,1.00
2018.05.21 12:26:46.213,1.70125,1.70153,1.38,1.00
2018.05.21 12:26:46.434,1.70125,1.70153,1.00,1.00
2018.05.21 12:26:46.537,1.70125,1.70152,1.38,1.00
2018.05.21 12:26:46.640,1.70125,1.70152,1.00,1.00
2018.05.21 12:26:46.691,1.70126,1.70152,1.38,1.00
2018.05.21 12:26:46.793,1.70126,1.70152,1.00,1.00
2018.05.21 12:26:46.895,1.70126,1.70152,1.38,1.00
2018.05.21 12:26:47.062,1.70126,1.70152,1.38,1.00
2018.05.21 12:26:47.591,1.70126,1.70152,1.38,1.00
2018.05.21 12:26:47.692,1.70126,1.70152,1.38,1.00
2018.05.21 12:26:48.299,1.70126,1.70153,1.38,1.50
2018.05.21 12:26:48.675,1.70126,1.70153,1.00,1.50
2018.05.21 12:26:48.889,1.70126,1.70152,1.38,1.00
2018.05.21 12:26:49.222,1.70126,1.70153,1.00,1.00
2018.05.21 12:26:49.273,1.70126,1.70153,1.38,1.00
2018.05.21 12:26:49.374,1.70126,1.70152,1.00,1.00
2018.05.21 12:26:49.425,1.70126,1.70152,1.38,1.00
2018.05.21 12:26:49.607,1.70126,1.70152,1.00,1.00
2018.05.21 12:26:49.865,1.70126,1.70152,1.38,1.00
2018.05.21 12:26:50.506,1.70126,1.70152,1.38,1.00
2018.05.21 12:26:50.726,1.70128,1.70156,1.38,1.00
2018.05.21 12:26:50.827,1.70129,1.70156,1.38,1.00
2018.05.21 12:26:52.018,1.70129,1.70156,1.38,1.00
2018.05.21 12:26:52.640,1.70129,1.70156,1.38,1.00
2018.05.21 12:26:53.147,1.70129,1.70156,1.00,1.00
2018.05.21 12:26:53.199,1.70131,1.70158,1.38,1.50
2018.05.21 12:26:53.738,1.70131,1.70157,1.38,1.00
2018.05.21 12:26:54.279,1.70131,1.70158,1.38,1.50
2018.05.21 12:26:54.382,1.7013,1.70158,1.19,2.25
2018.05.21 12:26:54.936,1.7013,1.70158,1.38,3.00
2018.05.21 12:26:54.988,1.7013,1.70158,1.00,2.25
2018.05.21 12:26:55.039,1.7013,1.70158,1.38,2.25
2018.05.21 12:26:55.369,1.70128,1.70155,1.38,1.00
2018.05.21 12:26:55.421,1.70128,1.70155,1.44,1.00
2018.05.21 12:26:55.948,1.70128,1.70156,1.38,1.00
2018.05.21 12:26:55.999,1.70128,1.70156,1.00,1.00
2018.05.21 12:26:56.258,1.70126,1.70154,1.38,1.00
2018.05.21 12:26:56.876,1.70127,1.70155,1.38,1.00
2018.05.21 12:26:57.421,1.70127,1.70155,1.44,1.50
2018.05.21 12:26:57.967,1.70127,1.70155,1.38,1.00
2018.05.21 12:26:58.895,1.70127,1.70155,1.38,1.00
2018.05.21 12:26:59.451,1.70127,1.70155,1.38,1.00
2018.05.21 12:26:59.987,1.70124,1.70154,1.38,1.00
2018.05.21 12:27:00.090,1.70124,1.70152,1.44,1.00
2018.05.21 12:27:00.281,1.70124,1.70154,1.00,1.00
2018.05.21 12:27:00.383,1.70128,1.70157,1.38,1.00
2018.05.21 12:27:00.737,1.70126,1.70156,1.38,1.50
2018.05.21 12:27:01.022,1.70126,1.70154,1.38,1.00
2018.05.21 12:27:01.320,1.70123,1.70154,1.38,1.00
2018.05.21 12:27:01.858,1.70123,1.70152,1.38,1.00
2018.05.21 12:27:01.909,1.70123,1.70152,1.00,1.12
2018.05.21 12:27:01.960,1.70123,1.70152,1.38,1.12
2018.05.21 12:27:02.112,1.70123,1.70151,1.00,1.00
2018.05.21 12:27:02.163,1.70123,1.70151,1.56,1.00
2018.05.21 12:27:02.264,1.70123,1.70151,1.38,1.00
2018.05.21 12:27:02.966,1.70123,1.70151,1.38,1.00
2018.05.21 12:27:03.599,1.70123,1.70151,1.38,1.00
2018.05.21 12:27:03.817,1.70121,1.70149,1.00,1.00
2018.05.21 12:27:03.869,1.70121,1.70149,1.56,1.00
2018.05.21 12:27:03.920,1.70122,1.7015,1.00,1.00
2018.05.21 12:27:04.024,1.70122,1.7015,1.56,1.00
2018.05.21 12:27:04.376,1.70122,1.7015,1.38,1.00
2018.05.21 12:27:04.478,1.70122,1.7015,1.38,1.00
2018.05.21 12:27:04.579,1.70122,1.7015,1.38,1.00
2018.05.21 12:27:05.140,1.70122,1.7015,1.38,1.00
2018.05.21 12:27:05.667,1.70122,1.7015,1.38,1.00
2018.05.21 12:27:06.041,1.70122,1.70152,1.38,1.00
2018.05.21 12:27:06.643,1.70122,1.70152,1.38,1.00
2018.05.21 12:27:07.149,1.70122,1.70152,1.38,2.25
2018.05.21 12:27:07.676,1.70122,1.70152,1.38,1.00
2018.05.21 12:27:08.218,1.70122,1.70152,1.38,1.50
2018.05.21 12:27:08.884,1.70122,1.70152,1.63,2.25
2018.05.21 12:27:09.009,1.70129,1.70157,1.00,1.50
2018.05.21 12:27:09.548,1.70125,1.70153,1.00,1.00
2018.05.21 12:27:09.854,1.70124,1.70154,1.38,1.50
2018.05.21 12:27:10.639,1.70124,1.70154,1.38,1.00
2018.05.21 12:27:11.210,1.70124,1.70154,1.38,1.00
2018.05.21 12:27:11.817,1.70124,1.70154,1.38,1.00
2018.05.21 12:27:12.387,1.70124,1.70154,1.63,1.00
2018.05.21 12:27:13.141,1.70124,1.70154,1.38,1.00
2018.05.21 12:27:14.070,1.70124,1.70154,1.63,1.00
2018.05.21 12:27:14.265,1.70124,1.70154,1.00,1.00
2018.05.21 12:27:14.450,1.70124,1.70154,1.38,1.00
2018.05.21 12:27:14.502,1.70125,1.70153,1.00,1.00
2018.05.21 12:27:14.552,1.70125,1.70153,1.38,1.00
2018.05.21 12:27:14.857,1.70117,1.70144,1.00,1.50
2018.05.21 12:27:15.402,1.70117,1.70144,1.44,1.50
2018.05.21 12:27:15.929,1.70117,1.70143,1.44,1.00
2018.05.21 12:27:16.321,1.7012,1.70144,1.00,1.00
2018.05.21 12:27:17.044,1.7012,1.70143,1.00,1.00
2018.05.21 12:27:17.563,1.70121,1.70144,1.00,1.00
2018.05.21 12:27:17.819,1.70124,1.70151,1.00,1.87
2018.05.21 12:27:17.940,1.70124,1.70144,1.00,1.00
2018.05.21 12:27:18.227,1.70096,1.70121,1.50,1.00
2018.05.21 12:27:18.278,1.70098,1.70118,1.00,1.00
2018.05.21 12:27:18.329,1.70091,1.70118,1.00,1.00
2018.05.21 12:27:18.634,1.70091,1.70115,1.00,1.00
2018.05.21 12:27:18.785,1.70092,1.70117,1.00,1.00
2018.05.21 12:27:18.836,1.70095,1.70118,1.00,1.00
2018.05.21 12:27:18.975,1.70093,1.7012,1.25,1.50
2018.05.21 12:27:19.078,1.70091,1.70117,1.44,1.00
2018.05.21 12:27:19.333,1.70093,1.7012,1.00,1.50
2018.05.21 12:27:19.864,1.70093,1.70119,1.00,1.00
2018.05.21 12:27:20.390,1.70093,1.7012,1.00,1.50
2018.05.21 12:27:21.223,1.70093,1.70119,1.00,1.50
2018.05.21 12:27:21.274,1.70091,1.70118,1.00,1.00
2018.05.21 12:27:21.360,1.70088,1.70117,1.00,1.00
2018.05.21 12:27:21.815,1.70088,1.70106,1.00,2.10
2018.05.21 12:27:21.867,1.70081,1.70103,1.00,1.00
2018.05.21 12:27:22.021,1.70081,1.70107,1.00,1.00
2018.05.21 12:27:22.278,1.70081,1.70102,1.00,1.00
2018.05.21 12:27:22.329,1.70081,1.70107,1.00,1.00
2018.05.21 12:27:23.881,1.70081,1.70104,1.00,1.00
2018.05.21 12:27:24.885,1.70081,1.70106,1.00,1.00
2018.05.21 12:27:25.857,1.70081,1.70105,1.00,1.00
2018.05.21 12:27:26.359,1.70082,1.70106,1.00,1.50
2018.05.21 12:27:26.871,1.70085,1.7011,1.50,1.50
2018.05.21 12:27:27.124,1.70085,1.70108,1.00,1.00
2018.05.21 12:27:27.174,1.70087,1.70112,1.00,1.00
2018.05.21 12:27:27.759,1.70089,1.70114,1.00,1.00
2018.05.21 12:27:27.860,1.70093,1.70121,1.00,1.50
2018.05.21 12:27:29.542,1.70096,1.70123,1.00,1.50
2018.05.21 12:27:30.971,1.70096,1.70123,1.00,1.88
2018.05.21 12:27:31.490,1.70096,1.70123,1.00,1.88
2018.05.21 12:27:31.694,1.70096,1.70123,1.00,1.25
2018.05.21 12:27:32.265,1.70096,1.70123,1.00,1.44
2018.05.21 12:27:32.743,1.70094,1.70121,1.00,2.25
2018.05.21 12:27:32.794,1.70091,1.7012,1.50,1.00
2018.05.21 12:27:32.845,1.70089,1.70118,1.00,1.25
2018.05.21 12:27:33.257,1.70088,1.70114,1.00,1.00
2018.05.21 12:27:33.308,1.70085,1.70114,1.00,1.50
2018.05.21 12:27:33.363,1.70085,1.70112,1.00,1.00
2018.05.21 12:27:33.853,1.70083,1.70112,1.00,1.50
2018.05.21 12:27:35.992,1.70083,1.70111,1.00,1.00
2018.05.21 12:27:36.667,1.70082,1.70111,1.38,1.50
2018.05.21 12:27:37.982,1.70082,1.70111,1.38,1.00
2018.05.21 12:27:38.225,1.70082,1.70111,1.00,1.50
2018.05.21 12:27:39.068,1.70082,1.70106,1.00,1.19
2018.05.21 12:27:39.120,1.70073,1.70099,1.00,1.00
2018.05.21 12:27:39.223,1.70067,1.70094,1.00,1.00
2018.05.21 12:27:39.274,1.70064,1.70091,1.00,1.00
2018.05.21 12:27:40.097,1.70065,1.70092,1.00,1.00
2018.05.21 12:27:40.403,1.70068,1.70094,1.00,1.50
2018.05.21 12:27:41.501,1.70073,1.701,1.00,1.00
2018.05.21 12:27:41.603,1.70079,1.70107,1.00,1.88
2018.05.21 12:27:42.134,1.70079,1.70107,1.00,1.31
2018.05.21 12:27:43.836,1.70078,1.70104,1.00,1.00
2018.05.21 12:27:44.600,1.7008,1.70107,1.00,3.38
2018.05.21 12:27:44.753,1.70077,1.70106,1.00,1.31
2018.05.21 12:27:44.855,1.70077,1.70106,1.00,1.75
2018.05.21 12:27:44.906,1.70077,1.70106,1.00,1.81
2018.05.21 12:27:45.122,1.70081,1.70106,1.00,1.25
2018.05.21 12:27:45.325,1.70078,1.70105,1.00,1.00
2018.05.21 12:27:45.719,1.70078,1.70105,1.00,1.50
2018.05.21 12:27:45.770,1.7008,1.70106,1.00,1.31
2018.05.21 12:27:46.299,1.70081,1.70106,1.00,1.31
2018.05.21 12:27:46.870,1.7008,1.70106,1.00,1.50
2018.05.21 12:27:47.113,1.70078,1.70105,1.00,1.00
2018.05.21 12:27:47.746,1.70081,1.70106,1.00,1.25
2018.05.21 12:27:48.571,1.7008,1.70106,1.00,1.00
2018.05.21 12:27:48.909,1.70078,1.70104,1.00,1.00
2018.05.21 12:27:49.010,1.70079,1.70109,1.00,1.31
2018.05.21 12:27:49.062,1.70082,1.7011,1.00,1.00
2018.05.21 12:27:50.141,1.70078,1.70106,1.00,1.00
2018.05.21 12:27:50.454,1.70078,1.70104,1.00,1.00
2018.05.21 12:27:50.990,1.70077,1.70106,1.00,1.00
2018.05.21 12:27:51.498,1.70081,1.70108,1.00,1.00
2018.05.21 12:27:51.549,1.70082,1.7011,1.00,1.50
2018.05.21 12:27:51.878,1.70077,1.70099,1.00,1.60
2018.05.21 12:27:51.982,1.70069,1.70092,1.00,1.00
2018.05.21 12:27:52.033,1.70067,1.70093,1.00,1.50
2018.05.21 12:27:56.270,1.70065,1.70092,1.00,1.00
2018.05.21 12:27:57.309,1.70065,1.70093,1.00,2.25
2018.05.21 12:27:57.361,1.70068,1.70093,1.00,1.50
2018.05.21 12:27:57.894,1.70067,1.70093,1.00,2.25
2018.05.21 12:27:58.216,1.70072,1.70098,1.00,1.50
2018.05.21 12:27:59.150,1.70072,1.701,1.00,1.50
2018.05.21 12:27:59.682,1.70072,1.70099,1.00,1.50
2018.05.21 12:27:59.966,1.70071,1.70097,1.00,1.00
2018.05.21 12:28:00.479,1.7007,1.70098,1.50,1.50
2018.05.21 12:28:01.008,1.70069,1.70098,1.00,1.50
2018.05.21 12:28:01.417,1.70069,1.70095,1.00,1.00
2018.05.21 12:28:02.445,1.70067,1.70091,1.00,1.00
2018.05.21 12:28:02.497,1.70065,1.70091,1.00,1.00
2018.05.21 12:28:03.058,1.70069,1.70094,1.00,1.00
2018.05.21 12:28:03.262,1.70069,1.70097,1.00,1.00
2018.05.21 12:28:03.749,1.70073,1.70099,1.00,1.00
2018.05.21 12:28:06.000,1.70073,1.70102,1.00,1.25
2018.05.21 12:28:07.239,1.70075,1.70103,1.00,1.50
2018.05.21 12:28:07.670,1.70077,1.70105,1.00,1.00
2018.05.21 12:28:08.042,1.70077,1.70103,1.00,1.00
2018.05.21 12:28:08.194,1.70079,1.70106,1.00,1.00
2018.05.21 12:28:08.346,1.70081,1.70109,1.00,1.50
2018.05.21 12:28:08.398,1.70086,1.70109,1.00,1.00
2018.05.21 12:28:08.450,1.70087,1.70113,1.00,1.00
2018.05.21 12:28:08.552,1.70079,1.70099,1.00,1.00
2018.05.21 12:28:08.603,1.7007,1.70093,1.00,1.37
2018.05.21 12:28:08.654,1.70067,1.70093,1.00,1.00
2018.05.21 12:28:08.811,1.70065,1.70093,1.00,2.25
2018.05.21 12:28:09.313,1.70066,1.70092,1.00,1.00
2018.05.21 12:28:09.824,1.70066,1.70093,1.00,1.50
2018.05.21 12:28:14.625,1.70067,1.70095,1.00,2.25
2018.05.21 12:28:15.106,1.70067,1.70093,1.00,1.00
2018.05.21 12:28:15.651,1.70066,1.70093,1.00,1.38
2018.05.21 12:28:18.035,1.70066,1.70095,1.00,1.88
2018.05.21 12:28:18.567,1.70066,1.70095,1.00,1.88
2018.05.21 12:28:19.248,1.70066,1.70095,1.00,1.88
2018.05.21 12:28:19.641,1.70068,1.70094,1.00,1.25
2018.05.21 12:28:20.961,1.70071,1.70096,1.00,1.00
2018.05.21 12:28:21.012,1.70071,1.70098,1.00,1.00
2018.05.21 12:28:21.063,1.70073,1.70102,1.00,2.25
2018.05.21 12:28:21.590,1.70074,1.70101,1.00,1.44
2018.05.21 12:28:21.743,1.70076,1.70103,1.00,1.50
2018.05.21 12:28:22.248,1.70077,1.70104,1.00,2.25
2018.05.21 12:28:22.792,1.70077,1.70104,1.00,1.00
2018.05.21 12:28:23.312,1.7008,1.70106,1.00,1.88
2018.05.21 12:28:23.878,1.70068,1.70092,1.00,1.00
2018.05.21 12:28:23.931,1.7006,1.70088,1.00,1.00
2018.05.21 12:28:24.444,1.70058,1.70086,1.00,1.00
2018.05.21 12:28:24.957,1.70057,1.70086,1.00,1.00
2018.05.21 12:28:27.144,1.70065,1.70091,1.00,1.50
2018.05.21 12:28:27.195,1.70065,1.70093,1.00,1.00
2018.05.21 12:28:27.246,1.70068,1.70096,1.00,1.00
2018.05.21 12:28:27.550,1.70073,1.701,1.00,1.50
2018.05.21 12:28:28.271,1.7007,1.70098,1.00,1.00
2018.05.21 12:28:29.160,1.70067,1.70093,1.00,1.00
2018.05.21 12:28:29.362,1.70069,1.70096,1.00,1.00
2018.05.21 12:28:30.755,1.70061,1.70088,1.00,1.00
2018.05.21 12:28:31.061,1.70056,1.70085,1.00,2.63
2018.05.21 12:28:31.113,1.70056,1.70085,1.00,1.37
2018.05.21 12:28:31.654,1.70056,1.70084,1.00,1.81
2018.05.21 12:28:33.043,1.70056,1.70084,1.00,1.13
2018.05.21 12:28:33.594,1.70056,1.70084,1.00,1.44
2018.05.21 12:28:34.544,1.70056,1.70084,1.00,1.25
2018.05.21 12:28:35.991,1.70056,1.70082,1.00,1.00
2018.05.21 12:28:37.293,1.70056,1.70082,1.00,1.44
2018.05.21 12:28:37.820,1.70062,1.70086,1.00,1.13
2018.05.21 12:28:37.873,1.7006,1.70086,1.00,1.00
2018.05.21 12:28:37.924,1.7006,1.70089,1.50,1.00
2018.05.21 12:28:38.026,1.70062,1.70093,1.00,1.88
2018.05.21 12:28:38.567,1.70062,1.70093,1.00,1.69
2018.05.21 12:28:38.829,1.70062,1.70091,1.00,1.00
2018.05.21 12:28:39.363,1.70062,1.70091,1.00,1.44
2018.05.21 12:28:39.671,1.70062,1.70087,1.00,1.00
2018.05.21 12:28:40.002,1.70065,1.70089,1.00,1.00
2018.05.21 12:28:40.308,1.70063,1.70087,1.00,1.00
2018.05.21 12:28:40.654,1.70064,1.70085,1.00,1.00
2018.05.21 12:28:41.062,1.70062,1.70085,1.00,1.00
2018.05.21 12:28:41.164,1.70061,1.70083,1.00,1.00
2018.05.21 12:28:41.677,1.7006,1.70083,1.00,1.00
2018.05.21 12:28:42.184,1.70059,1.70079,1.00,1.00
2018.05.21 12:28:42.235,1.70057,1.70079,1.00,1.00
2018.05.21 12:28:42.829,1.70059,1.70079,1.00,1.00
2018.05.21 12:28:43.324,1.70056,1.70079,1.00,1.00
2018.05.21 12:28:43.590,1.70056,1.70081,1.00,1.00
2018.05.21 12:28:44.008,1.70058,1.70081,1.00,1.00
2018.05.21 12:28:44.603,1.70056,1.70081,1.00,1.00
2018.05.21 12:28:45.127,1.70056,1.70082,1.00,1.00
2018.05.21 12:28:47.505,1.70057,1.70082,1.00,1.00
2018.05.21 12:28:47.557,1.70059,1.70082,1.00,1.00
2018.05.21 12:28:47.863,1.70058,1.70084,1.00,1.00
2018.05.21 12:28:47.991,1.70061,1.70086,1.00,1.00
2018.05.21 12:28:48.524,1.70061,1.70087,1.00,1.00
2018.05.21 12:28:48.676,1.70061,1.7009,1.00,1.00
2018.05.21 12:28:50.637,1.70061,1.7009,1.00,1.44
2018.05.21 12:28:52.424,1.70062,1.70091,1.00,1.13
2018.05.21 12:28:54.302,1.70062,1.70091,1.00,1.44
2018.05.21 12:28:54.800,1.7006,1.70091,1.00,1.25
2018.05.21 12:28:55.197,1.70061,1.70091,1.00,1.38
2018.05.21 12:28:55.248,1.70061,1.70091,1.00,1.00
2018.05.21 12:28:55.793,1.7006,1.70091,1.00,1.38
2018.05.21 12:28:56.647,1.7006,1.70091,1.00,1.13
2018.05.21 12:28:57.202,1.7006,1.70091,1.00,1.38
2018.05.21 12:28:57.794,1.7006,1.70091,1.00,1.13
2018.05.21 12:28:59.131,1.70065,1.70091,1.00,1.13
2018.05.21 12:28:59.283,1.7006,1.70091,1.00,1.13
2018.05.21 12:28:59.451,1.70062,1.70091,1.00,1.38
2018.05.21 12:29:00.057,1.70063,1.70092,1.00,1.38
2018.05.21 12:29:00.518,1.70062,1.70088,1.00,1.44
2018.05.21 12:29:00.569,1.70062,1.7009,1.00,1.00
2018.05.21 12:29:00.619,1.70062,1.7009,1.00,1.38
2018.05.21 12:29:01.125,1.70061,1.7009,1.00,1.38
2018.05.21 12:29:01.277,1.70061,1.7009,1.00,1.00
2018.05.21 12:29:01.786,1.70062,1.7009,1.00,1.00
2018.05.21 12:29:01.961,1.70062,1.70088,1.00,1.44
2018.05.21 12:29:02.012,1.70055,1.70082,1.00,1.44
2018.05.21 12:29:02.164,1.70055,1.70082,1.00,1.38
2018.05.21 12:29:02.393,1.70055,1.70083,1.00,1.00
2018.05.21 12:29:02.494,1.70055,1.70083,1.00,1.50
2018.05.21 12:29:02.935,1.70055,1.70083,1.00,1.00
2018.05.21 12:29:03.734,1.70055,1.70084,1.00,1.12
2018.05.21 12:29:04.247,1.70055,1.70083,1.00,1.00
2018.05.21 12:29:04.795,1.70048,1.70077,1.50,1.00
2018.05.21 12:29:04.846,1.70048,1.70079,1.00,1.00
2018.05.21 12:29:04.898,1.70049,1.70079,1.00,1.38
2018.05.21 12:29:05.254,1.70046,1.70076,1.00,1.00
2018.05.21 12:29:05.694,1.70047,1.70071,1.00,1.00
2018.05.21 12:29:05.746,1.70042,1.70071,1.50,1.00
2018.05.21 12:29:06.248,1.70043,1.70071,1.00,1.00
2018.05.21 12:29:08.842,1.70042,1.70071,1.00,1.00
2018.05.21 12:29:09.223,1.70044,1.70074,1.00,1.00
2018.05.21 12:29:10.717,1.70044,1.70073,1.00,1.00
2018.05.21 12:29:12.497,1.70044,1.70074,1.00,1.00
2018.05.21 12:29:12.951,1.70042,1.7007,1.00,1.00
2018.05.21 12:29:14.597,1.70042,1.70071,1.00,1.00
2018.05.21 12:29:15.021,1.70042,1.7007,1.00,1.69
2018.05.21 12:29:15.173,1.70039,1.70067,1.00,1.87
2018.05.21 12:29:16.301,1.70039,1.70067,1.00,1.87
2018.05.21 12:29:16.818,1.70038,1.70067,1.00,1.37
2018.05.21 12:29:17.386,1.70035,1.70064,1.00,1.00
2018.05.21 12:29:17.639,1.70037,1.70068,1.00,1.00
2018.05.21 12:29:18.883,1.7004,1.7007,1.00,1.50
2018.05.21 12:29:20.990,1.7004,1.70071,1.00,1.50
2018.05.21 12:29:25.099,1.70041,1.70069,1.00,1.00
2018.05.21 12:29:25.496,1.70046,1.70069,1.00,1.00
2018.05.21 12:29:25.788,1.70043,1.70069,1.00,1.00
2018.05.21 12:29:26.289,1.70041,1.70069,1.00,1.00
2018.05.21 12:29:26.738,1.70045,1.70069,1.00,1.00
2018.05.21 12:29:27.765,1.70043,1.70069,1.00,1.00
2018.05.21 12:29:28.579,1.70043,1.70067,1.00,1.00
2018.05.21 12:29:28.819,1.7004,1.70067,1.00,1.00
2018.05.21 12:29:29.635,1.70038,1.70069,1.00,1.00
2018.05.21 12:29:29.737,1.70045,1.70069,1.00,1.00
2018.05.21 12:29:30.079,1.70038,1.70069,1.00,1.00
2018.05.21 12:29:30.517,1.70038,1.70067,1.00,1.00
2018.05.21 12:29:31.519,1.70039,1.70067,1.00,1.00
2018.05.21 12:29:33.645,1.70036,1.70067,1.44,1.00
2018.05.21 12:29:33.747,1.70034,1.70064,1.00,1.00
2018.05.21 12:29:35.482,1.70038,1.70067,1.00,1.25
2018.05.21 12:29:35.807,1.7005,1.70078,1.00,1.61
2018.05.21 12:29:36.318,1.7005,1.70078,1.00,1.16
2018.05.21 12:29:36.920,1.7005,1.70078,1.00,1.61
2018.05.21 12:29:37.239,1.7005,1.70079,1.00,2.25
2018.05.21 12:29:37.341,1.70049,1.70078,1.00,1.37
2018.05.21 12:29:37.860,1.70049,1.70078,1.00,1.12
2018.05.21 12:29:38.379,1.70049,1.70078,1.00,1.37
2018.05.21 12:29:38.481,1.7005,1.7008,1.00,1.12
2018.05.21 12:29:42.466,1.70048,1.70079,1.00,1.50
2018.05.21 12:29:42.575,1.70047,1.70077,1.00,1.00
2018.05.21 12:29:43.089,1.70048,1.70077,1.00,1.00
2018.05.21 12:29:44.638,1.70046,1.70077,1.00,1.00
2018.05.21 12:29:45.109,1.70041,1.70078,1.88,1.00
2018.05.21 12:29:45.648,1.70041,1.70079,1.38,1.69
2018.05.21 12:29:46.174,1.70041,1.70078,1.38,1.00
2018.05.21 12:29:46.722,1.7004,1.70077,1.63,1.25
2018.05.21 12:29:47.569,1.7004,1.70077,1.38,1.00
2018.05.21 12:29:48.141,1.7004,1.70077,1.56,1.00
2018.05.21 12:29:48.244,1.7004,1.70077,1.00,1.00
2018.05.21 12:29:48.461,1.70043,1.70079,1.00,1.00
2018.05.21 12:29:49.158,1.70042,1.70079,1.98,1.50
2018.05.21 12:29:49.795,1.70042,1.70079,1.98,1.00
2018.05.21 12:29:50.302,1.70043,1.70078,1.24,1.00
2018.05.21 12:29:50.841,1.70041,1.70078,2.48,1.00
2018.05.21 12:29:51.796,1.70041,1.70078,1.38,1.00
2018.05.21 12:29:51.847,1.70041,1.70076,1.38,1.00
2018.05.21 12:29:51.898,1.70041,1.70079,1.38,1.50
2018.05.21 12:29:52.229,1.70037,1.70077,2.48,1.00
2018.05.21 12:29:52.743,1.70042,1.7008,2.63,1.00
2018.05.21 12:29:52.794,1.70049,1.70085,1.00,2.25
2018.05.21 12:29:52.846,1.7005,1.70083,1.00,1.00
2018.05.21 12:29:52.967,1.7005,1.70087,1.50,1.00
2018.05.21 12:29:53.022,1.70055,1.70087,1.00,1.00
2018.05.21 12:29:53.228,1.70056,1.70089,1.00,1.00
2018.05.21 12:29:55.381,1.70051,1.70089,1.31,1.00
2018.05.21 12:29:59.049,1.70051,1.70089,1.56,1.00
2018.05.21 12:30:00.036,1.70051,1.70089,1.44,1.00
2018.05.21 12:30:00.366,1.70048,1.70082,1.00,1.00
2018.05.21 12:30:00.419,1.70045,1.70082,1.00,1.00
2018.05.21 12:30:00.471,1.70045,1.7008,1.00,1.00
2018.05.21 12:30:00.562,1.70044,1.70082,1.50,1.00
2018.05.21 12:30:01.827,1.70045,1.7008,1.00,1.00
2018.05.21 12:30:02.203,1.70044,1.70083,1.88,1.00
2018.05.21 12:30:02.717,1.70045,1.70082,1.88,1.00
2018.05.21 12:30:03.258,1.70045,1.70082,2.06,1.00
2018.05.21 12:30:03.602,1.70046,1.70086,1.38,1.50
2018.05.21 12:30:03.807,1.7005,1.70084,1.25,1.00
2018.05.21 12:30:04.333,1.70049,1.70085,1.88,1.00
2018.05.21 12:30:04.846,1.7005,1.70084,1.00,1.00
2018.05.21 12:30:05.349,1.7005,1.70084,1.44,1.00
2018.05.21 12:30:05.681,1.7005,1.70088,1.88,1.00
2018.05.21 12:30:05.733,1.70049,1.70086,2.25,1.44
2018.05.21 12:30:06.033,1.70046,1.70083,1.50,1.25
2018.05.21 12:30:06.580,1.70047,1.70083,1.00,1.25
2018.05.21 12:30:07.090,1.70048,1.70077,1.00,1.00
2018.05.21 12:30:07.347,1.70043,1.70074,1.00,1.00
2018.05.21 12:30:07.398,1.70041,1.70074,1.00,1.00
2018.05.21 12:30:07.552,1.7004,1.70071,1.50,1.00
2018.05.21 12:30:08.060,1.7004,1.70072,1.50,1.00
2018.05.21 12:30:08.163,1.70042,1.70075,1.25,1.35
2018.05.21 12:30:08.317,1.70045,1.70074,1.00,1.00
2018.05.21 12:30:08.516,1.70044,1.70077,1.00,1.35
2018.05.21 12:30:08.819,1.70046,1.70076,1.00,1.00
2018.05.21 12:30:09.129,1.70045,1.70073,1.00,1.00
2018.05.21 12:30:09.334,1.70053,1.70082,1.00,1.35
2018.05.21 12:30:10.079,1.70058,1.70082,1.00,1.00
2018.05.21 12:30:10.916,1.70058,1.70083,1.00,1.50
2018.05.21 12:30:11.444,1.70057,1.70083,1.00,1.00
2018.05.21 12:30:12.277,1.70058,1.70083,1.00,1.00
2018.05.21 12:30:12.631,1.70057,1.70085,1.00,1.50
2018.05.21 12:30:13.075,1.70059,1.70084,1.00,1.00
2018.05.21 12:30:13.529,1.70056,1.70085,1.00,1.69
2018.05.21 12:30:13.770,1.70055,1.70083,1.50,1.50
2018.05.21 12:30:14.079,1.70055,1.70081,1.00,1.00
2018.05.21 12:30:14.437,1.70055,1.70079,1.00,1.00
2018.05.21 12:30:14.576,1.7005,1.70081,1.00,1.50
2018.05.21 12:30:14.677,1.70053,1.70082,1.00,1.50
2018.05.21 12:30:15.028,1.70057,1.70082,1.00,1.50
2018.05.21 12:30:15.281,1.70053,1.70082,1.38,1.00
2018.05.21 12:30:15.671,1.70061,1.70082,1.00,1.00
2018.05.21 12:30:15.885,1.70053,1.70082,1.00,1.00
2018.05.21 12:30:15.986,1.70058,1.70082,1.00,1.00
2018.05.21 12:30:16.773,1.70054,1.70082,1.00,1.00
2018.05.21 12:30:16.925,1.70059,1.70082,1.00,1.00
2018.05.21 12:30:17.933,1.70055,1.70082,1.00,1.00
2018.05.21 12:30:18.494,1.70057,1.70085,1.00,1.00
2018.05.21 12:30:18.546,1.70054,1.70086,1.00,1.00
2018.05.21 12:30:18.598,1.70054,1.7008,1.00,1.38
2018.05.21 12:30:18.703,1.7005,1.70076,1.00,1.88
2018.05.21 12:30:18.755,1.70045,1.70076,1.50,2.63
2018.05.21 12:30:18.807,1.70047,1.70076,1.00,1.38
2018.05.21 12:30:18.910,1.70047,1.70078,1.00,1.69
2018.05.21 12:30:18.961,1.70047,1.70075,1.00,1.00
2018.05.21 12:30:19.069,1.70047,1.70078,1.00,1.25
2018.05.21 12:30:19.339,1.70053,1.70074,1.00,1.00
2018.05.21 12:30:19.390,1.70052,1.70078,1.00,1.44
2018.05.21 12:30:19.441,1.70048,1.70078,1.00,1.44
2018.05.21 12:30:19.597,1.70052,1.70078,1.00,1.25
2018.05.21 12:30:19.819,1.70048,1.70078,1.00,1.88
2018.05.21 12:30:19.870,1.70048,1.70074,1.00,1.00
2018.05.21 12:30:20.254,1.70053,1.70078,1.00,1.88
2018.05.21 12:30:20.356,1.70048,1.70075,2.25,1.00
2018.05.21 12:30:20.407,1.70048,1.70078,2.25,1.88
2018.05.21 12:30:20.617,1.70053,1.70075,1.00,1.00
2018.05.21 12:30:20.771,1.70048,1.70078,1.00,1.44
2018.05.21 12:30:21.220,1.70052,1.70078,1.00,1.25
2018.05.21 12:30:21.560,1.70048,1.70075,1.00,1.00
2018.05.21 12:30:21.611,1.70047,1.70078,1.50,1.25
2018.05.21 12:30:21.843,1.70048,1.70075,1.00,1.00
2018.05.21 12:30:21.893,1.70047,1.70078,1.50,2.10
2018.05.21 12:30:22.124,1.70052,1.70078,1.00,2.10
2018.05.21 12:30:22.277,1.70047,1.70078,1.50,1.54
2018.05.21 12:30:22.422,1.70053,1.70078,1.00,2.10
2018.05.21 12:30:22.669,1.70047,1.70078,1.50,1.54
2018.05.21 12:30:22.721,1.70053,1.70078,1.00,1.73
2018.05.21 12:30:22.970,1.70049,1.70078,1.00,1.73
2018.05.21 12:30:23.347,1.70052,1.70078,1.00,1.25
2018.05.21 12:30:23.562,1.70049,1.70078,1.00,1.44
2018.05.21 12:30:23.918,1.70053,1.70078,1.00,1.44
2018.05.21 12:30:24.295,1.70047,1.70078,1.50,1.44
2018.05.21 12:30:24.428,1.70053,1.70078,1.00,1.44
2018.05.21 12:30:24.670,1.70047,1.70078,1.50,1.44
2018.05.21 12:30:24.822,1.70052,1.70078,1.00,1.44
2018.05.21 12:30:25.038,1.70047,1.70078,1.00,1.38
2018.05.21 12:30:25.140,1.70059,1.70081,1.00,1.00
2018.05.21 12:30:25.191,1.7006,1.70084,1.00,1.00
2018.05.21 12:30:25.801,1.70059,1.70084,1.00,1.00
2018.05.21 12:30:26.329,1.70054,1.70084,1.00,1.00
2018.05.21 12:30:27.107,1.70056,1.70084,1.00,1.00
2018.05.21 12:30:27.159,1.70058,1.70087,1.00,1.50
2018.05.21 12:30:27.211,1.7006,1.70089,1.00,1.00
2018.05.21 12:30:27.263,1.7006,1.70091,1.00,1.50
2018.05.21 12:30:27.315,1.70062,1.70091,1.00,1.00
2018.05.21 12:30:27.820,1.70062,1.70092,1.00,1.00
2018.05.21 12:30:29.348,1.70061,1.70091,1.00,1.00
2018.05.21 12:30:29.870,1.7006,1.70091,1.00,1.00
2018.05.21 12:30:31.185,1.70063,1.70094,1.00,2.63
2018.05.21 12:30:31.520,1.70062,1.7009,1.00,1.00
2018.05.21 12:30:32.470,1.70061,1.7009,1.00,1.00
2018.05.21 12:30:32.725,1.70061,1.70092,1.00,2.25
2018.05.21 12:30:33.190,1.70061,1.7009,1.00,1.00
2018.05.21 12:30:33.292,1.70058,1.70088,1.25,1.00
2018.05.21 12:30:40.062,1.7006,1.70088,1.00,1.00
2018.05.21 12:30:40.177,1.70062,1.70091,1.00,1.00
2018.05.21 12:30:40.328,1.70064,1.70092,1.00,1.00
2018.05.21 12:30:41.168,1.70067,1.70095,1.00,1.50
2018.05.21 12:30:41.708,1.70067,1.70096,1.00,1.00
2018.05.21 12:30:42.651,1.70066,1.70094,1.00,1.00
2018.05.21 12:30:42.702,1.70064,1.70093,1.00,1.00
2018.05.21 12:30:42.753,1.70062,1.7009,1.00,1.00
2018.05.21 12:30:42.804,1.70058,1.70089,2.25,1.00
2018.05.21 12:30:42.855,1.70058,1.70086,1.00,1.00
2018.05.21 12:30:43.387,1.70058,1.70087,1.00,1.00
2018.05.21 12:30:44.602,1.70057,1.70086,1.25,1.00
2018.05.21 12:30:45.981,1.70058,1.70087,1.00,1.00
2018.05.21 12:30:46.422,1.7006,1.70088,1.00,1.00
2018.05.21 12:30:46.577,1.70061,1.7009,1.00,1.00
2018.05.21 12:30:46.966,1.70062,1.70092,1.00,1.00
2018.05.21 12:30:47.663,1.70062,1.7009,1.00,1.00
2018.05.21 12:30:47.714,1.7006,1.7009,1.00,1.00
2018.05.21 12:30:50.694,1.7006,1.7009,1.00,1.37
2018.05.21 12:30:51.384,1.70059,1.70088,1.00,1.00
2018.05.21 12:30:55.107,1.70059,1.70087,1.00,1.00
2018.05.21 12:30:57.227,1.70057,1.70088,1.50,1.00
2018.05.21 12:30:57.279,1.70056,1.70086,1.00,1.00
2018.05.21 12:30:57.584,1.70051,1.7008,1.25,1.00
2018.05.21 12:30:58.630,1.70049,1.7008,1.50,1.00
2018.05.21 12:30:59.274,1.70049,1.70077,1.31,1.00
2018.05.21 12:30:59.710,1.70047,1.70075,1.75,1.00
2018.05.21 12:31:00.175,1.70044,1.70073,1.88,1.00
2018.05.21 12:31:00.353,1.70046,1.70075,1.31,1.00
2018.05.21 12:31:00.455,1.70049,1.70078,1.00,1.00
2018.05.21 12:31:00.966,1.7005,1.70078,1.00,1.00
2018.05.21 12:31:01.068,1.70047,1.70075,1.00,1.00
2018.05.21 12:31:01.171,1.70045,1.70075,1.00,1.00
2018.05.21 12:31:03.637,1.70045,1.70075,1.38,1.00
2018.05.21 12:31:03.688,1.70048,1.70078,1.00,1.00
2018.05.21 12:31:04.208,1.70048,1.70077,1.00,1.00
2018.05.21 12:31:04.323,1.7005,1.70077,1.00,1.00
2018.05.21 12:31:05.037,1.7005,1.70074,1.00,1.00
2018.05.21 12:31:05.343,1.70052,1.70073,1.00,1.00
2018.05.21 12:31:05.445,1.7005,1.70072,1.50,1.00
2018.05.21 12:31:05.496,1.70052,1.70072,1.00,1.00
2018.05.21 12:31:05.547,1.70049,1.70072,1.00,1.00
2018.05.21 12:31:06.212,1.70048,1.7007,1.00,1.00
2018.05.21 12:31:06.852,1.70049,1.7007,1.00,1.00
2018.05.21 12:31:07.141,1.70048,1.70072,1.00,1.00
2018.05.21 12:31:07.948,1.70047,1.70072,1.00,1.00
2018.05.21 12:31:08.951,1.70047,1.70069,1.00,1.00
2018.05.21 12:31:09.814,1.70047,1.70071,1.00,1.00
2018.05.21 12:31:09.865,1.70047,1.70069,1.00,1.00
2018.05.21 12:31:11.146,1.70047,1.70071,1.00,1.00
2018.05.21 12:31:13.319,1.70047,1.7007,1.00,1.00
2018.05.21 12:31:15.954,1.70047,1.70069,1.00,1.00
2018.05.21 12:31:16.075,1.70046,1.70065,1.00,1.00
2018.05.21 12:31:16.126,1.70046,1.70069,1.00,1.00
2018.05.21 12:31:19.081,1.70046,1.70071,1.00,1.00
2018.05.21 12:31:19.949,1.70047,1.70071,1.00,1.50
2018.05.21 12:31:21.363,1.70046,1.70072,1.00,1.50
2018.05.21 12:31:22.278,1.70046,1.70071,1.00,1.00
2018.05.21 12:31:24.069,1.70047,1.70071,1.00,1.00
2018.05.21 12:31:24.120,1.70047,1.70067,1.00,1.00
2018.05.21 12:31:24.671,1.70047,1.70068,1.00,1.00
2018.05.21 12:31:25.204,1.70046,1.70067,1.00,1.12
2018.05.21 12:31:25.997,1.70046,1.70068,1.00,1.00
2018.05.21 12:31:26.562,1.70047,1.70067,1.00,1.00
2018.05.21 12:31:27.098,1.70046,1.70067,1.00,1.00
2018.05.21 12:31:27.148,1.70047,1.70072,1.00,1.00
2018.05.21 12:31:27.364,1.70047,1.70069,1.00,1.00
2018.05.21 12:31:27.671,1.70046,1.70066,1.00,1.00
2018.05.21 12:31:27.722,1.70046,1.70069,1.00,1.00
2018.05.21 12:31:28.281,1.70046,1.7007,1.00,1.50
2018.05.21 12:31:29.414,1.70047,1.7007,1.00,1.00
2018.05.21 12:31:29.649,1.70047,1.70069,1.00,1.37
2018.05.21 12:31:30.291,1.70047,1.70069,1.00,1.00
2018.05.21 12:31:32.715,1.70047,1.70069,1.00,1.37
2018.05.21 12:31:33.893,1.70047,1.70069,1.00,1.12
2018.05.21 12:31:34.402,1.70047,1.70069,1.00,1.37
2018.05.21 12:31:35.256,1.70047,1.70067,1.00,1.00
2018.05.21 12:31:35.492,1.70053,1.70074,1.00,1.00
2018.05.21 12:31:35.544,1.70056,1.70074,1.00,1.00
2018.05.21 12:31:35.798,1.70053,1.70074,1.00,1.00
2018.05.21 12:31:35.901,1.70059,1.70084,1.00,1.87
2018.05.21 12:31:35.953,1.70059,1.70084,1.00,1.37
2018.05.21 12:31:36.410,1.70055,1.70082,1.00,1.00
2018.05.21 12:31:36.461,1.70055,1.70082,1.00,1.50
2018.05.21 12:31:36.868,1.7006,1.70084,1.00,1.75
2018.05.21 12:31:37.357,1.70058,1.70084,1.00,1.75
2018.05.21 12:31:37.408,1.70055,1.7008,1.00,1.00
2018.05.21 12:31:37.665,1.70053,1.7008,1.00,1.12
2018.05.21 12:31:38.888,1.70057,1.70082,1.00,1.50
2018.05.21 12:31:39.706,1.70053,1.70078,1.00,1.37
2018.05.21 12:31:39.757,1.70053,1.70075,1.00,1.00
2018.05.21 12:31:39.909,1.7005,1.70075,1.00,1.50
2018.05.21 12:31:40.384,1.70054,1.70079,1.00,1.50
2018.05.21 12:31:40.640,1.70052,1.70079,1.00,1.50
2018.05.21 12:31:40.851,1.7005,1.70075,1.00,1.37
2018.05.21 12:31:40.952,1.7005,1.70076,1.00,1.00
2018.05.21 12:31:41.410,1.70054,1.70079,1.00,1.00
2018.05.21 12:31:42.627,1.70056,1.70079,1.00,1.37
2018.05.21 12:31:42.831,1.70057,1.70082,1.00,1.00
2018.05.21 12:31:43.825,1.70055,1.70082,1.00,1.00
2018.05.21 12:31:43.927,1.70055,1.7008,1.00,1.00
2018.05.21 12:31:44.234,1.70058,1.70083,1.00,1.00
2018.05.21 12:31:44.761,1.70059,1.70084,1.00,1.00
2018.05.21 12:31:46.831,1.70059,1.70085,1.00,1.00
2018.05.21 12:31:47.865,1.70062,1.70086,1.00,1.00
2018.05.21 12:31:48.068,1.70062,1.70089,1.00,1.00
2018.05.21 12:31:49.710,1.70069,1.70093,1.00,1.50
2018.05.21 12:31:49.764,1.70066,1.70095,1.00,1.38
2018.05.21 12:31:49.816,1.70065,1.70086,1.00,1.00
2018.05.21 12:31:49.867,1.70056,1.70086,1.00,1.00
2018.05.21 12:31:50.300,1.70055,1.70083,1.00,1.00
2018.05.21 12:31:50.615,1.70055,1.70081,1.00,1.00
2018.05.21 12:31:52.347,1.70055,1.70082,1.00,1.00
2018.05.21 12:31:52.949,1.70055,1.70083,1.00,1.00
2018.05.21 12:31:53.489,1.70056,1.70083,1.00,1.00
2018.05.21 12:31:54.736,1.70059,1.70089,1.00,1.50
2018.05.21 12:31:54.787,1.70061,1.7009,1.00,1.00
2018.05.21 12:31:55.460,1.70061,1.70093,1.00,1.00
2018.05.21 12:31:56.816,1.70062,1.70093,1.00,1.12
2018.05.21 12:31:57.413,1.70062,1.70093,1.00,1.37
2018.05.21 12:31:57.961,1.70061,1.70093,1.50,1.37
2018.05.21 12:31:58.522,1.70061,1.70087,1.00,1.00
2018.05.21 12:31:58.574,1.70058,1.70087,1.00,1.00
2018.05.21 12:31:58.880,1.7006,1.70087,1.00,1.00
2018.05.21 12:31:59.034,1.7006,1.7009,1.50,1.00
2018.05.21 12:31:59.137,1.70062,1.70093,1.00,1.37
2018.05.21 12:31:59.370,1.70062,1.70093,1.00,1.12
2018.05.21 12:32:00.070,1.70059,1.70091,2.25,1.00
2018.05.21 12:32:00.609,1.7006,1.7009,1.00,1.00
2018.05.21 12:32:01.444,1.7006,1.70089,1.00,1.00
2018.05.21 12:32:02.908,1.70058,1.7009,1.00,2.44
2018.05.21 12:32:03.222,1.70055,1.7008,1.00,1.00
2018.05.21 12:32:03.526,1.70055,1.70081,1.00,1.87
2018.05.21 12:32:03.680,1.70055,1.70082,1.00,3.37
2018.05.21 12:32:03.833,1.7006,1.70082,1.00,1.00
2018.05.21 12:32:03.885,1.7006,1.70087,1.00,1.00
2018.05.21 12:32:03.936,1.70062,1.70089,1.00,1.00
2018.05.21 12:32:06.930,1.70059,1.70086,1.50,1.00
2018.05.21 12:32:07.254,1.70058,1.70083,1.00,1.00
2018.05.21 12:32:10.103,1.70057,1.70083,1.00,1.00
2018.05.21 12:32:14.598,1.70057,1.70085,1.00,1.00
2018.05.21 12:32:14.751,1.7006,1.70086,1.00,1.00
2018.05.21 12:32:15.282,1.70061,1.70087,1.00,1.37
2018.05.21 12:32:15.969,1.70061,1.70087,1.00,1.00
2018.05.21 12:32:19.755,1.70062,1.70087,1.00,1.00
2018.05.21 12:32:20.288,1.70063,1.70088,1.00,1.00
2018.05.21 12:32:21.000,1.70061,1.70088,1.00,1.00
2018.05.21 12:32:21.575,1.7006,1.70088,1.00,1.12
2018.05.21 12:32:25.180,1.70059,1.70088,1.25,1.00
2018.05.21 12:32:25.873,1.7006,1.70086,1.00,1.00
2018.05.21 12:32:26.025,1.70057,1.70085,1.25,1.00
2018.05.21 12:32:26.126,1.70057,1.70083,1.00,1.00
2018.05.21 12:32:29.643,1.70058,1.70085,1.00,1.00
2018.05.21 12:32:31.232,1.70059,1.70086,1.00,1.00
2018.05.21 12:32:34.041,1.70061,1.70086,1.00,1.00
2018.05.21 12:32:34.297,1.70056,1.70082,2.25,1.00
2018.05.21 12:32:34.400,1.70053,1.70079,1.00,1.00
2018.05.21 12:32:34.921,1.70052,1.70079,1.00,2.25
2018.05.21 12:32:35.289,1.70052,1.70077,1.00,1.00
2018.05.21 12:32:35.991,1.7005,1.70076,1.00,1.00
2018.05.21 12:32:36.555,1.7005,1.70075,1.00,1.00
2018.05.21 12:32:36.875,1.70051,1.70078,1.00,1.00
2018.05.21 12:32:39.864,1.7005,1.70076,1.00,1.00
2018.05.21 12:32:42.379,1.70049,1.70075,1.00,1.00
2018.05.21 12:32:44.598,1.70049,1.70077,1.00,1.00
2018.05.21 12:32:46.500,1.7005,1.70077,1.00,1.00
2018.05.21 12:32:47.113,1.70053,1.7008,1.00,1.00
2018.05.21 12:32:47.215,1.7005,1.70078,1.00,1.00
2018.05.21 12:32:47.317,1.70055,1.70081,1.00,1.87
2018.05.21 12:32:47.369,1.70057,1.70083,1.00,1.50
2018.05.21 12:32:47.420,1.70057,1.70083,1.00,1.37
2018.05.21 12:32:47.647,1.70055,1.70082,1.00,1.75
2018.05.21 12:32:48.442,1.70055,1.70082,1.00,1.50
2018.05.21 12:32:49.027,1.70055,1.70082,1.00,1.75
2018.05.21 12:32:49.078,1.70055,1.70082,1.00,1.37
2018.05.21 12:32:50.619,1.70055,1.70082,1.00,1.00
2018.05.21 12:32:50.721,1.70058,1.70083,1.00,1.87
2018.05.21 12:32:51.249,1.70059,1.70083,1.00,1.00
2018.05.21 12:32:51.812,1.7006,1.70083,1.00,1.12
2018.05.21 12:32:51.863,1.70062,1.70089,1.00,1.87
2018.05.21 12:32:51.914,1.70065,1.70091,1.00,1.50
2018.05.21 12:32:52.957,1.70065,1.70091,1.37,1.50
2018.05.21 12:32:53.262,1.7007,1.70095,1.00,1.00
2018.05.21 12:32:55.109,1.70069,1.70094,1.00,1.00
2018.05.21 12:32:59.598,1.70068,1.70093,1.00,1.00
2018.05.21 12:33:03.304,1.70072,1.70093,1.00,1.00
2018.05.21 12:33:03.356,1.70068,1.70093,1.00,1.00
2018.05.21 12:33:05.990,1.70068,1.70094,1.00,1.00
2018.05.21 12:33:07.346,1.70069,1.70094,1.00,1.00
2018.05.21 12:33:07.870,1.70068,1.70094,1.00,1.00
2018.05.21 12:33:14.606,1.70067,1.70093,1.00,1.00
2018.05.21 12:33:17.889,1.70065,1.70093,1.50,1.25
2018.05.21 12:33:17.940,1.70068,1.7009,1.00,1.00
2018.05.21 12:33:18.043,1.70063,1.70086,1.00,1.00
2018.05.21 12:33:18.259,1.70061,1.70082,1.00,1.00
2018.05.21 12:33:18.311,1.70058,1.70081,1.00,1.00
2018.05.21 12:33:18.414,1.70064,1.70087,1.00,1.37
2018.05.21 12:33:18.466,1.70061,1.70086,1.50,1.00
2018.05.21 12:33:18.518,1.70061,1.70081,1.00,1.00
2018.05.21 12:33:18.570,1.70054,1.70077,1.00,1.00
2018.05.21 12:33:18.723,1.70052,1.70077,1.50,1.00
2018.05.21 12:33:18.825,1.70054,1.7008,1.00,1.00
2018.05.21 12:33:19.184,1.70056,1.7008,1.00,1.00
2018.05.21 12:33:19.236,1.70054,1.7008,1.50,1.00
2018.05.21 12:33:19.522,1.70054,1.70077,1.00,1.00
2018.05.21 12:33:25.098,1.70054,1.70078,1.00,1.00
2018.05.21 12:33:25.352,1.70052,1.70078,1.00,1.00
2018.05.21 12:33:25.455,1.7005,1.70077,1.50,1.00
2018.05.21 12:33:25.812,1.70048,1.70073,1.50,1.00
2018.05.21 12:33:26.237,1.7005,1.70076,1.00,1.00
2018.05.21 12:33:28.888,1.70048,1.70076,1.50,1.00
2018.05.21 12:33:29.041,1.7005,1.70076,1.00,1.00
2018.05.21 12:33:29.195,1.7005,1.70078,1.50,1.00
2018.05.21 12:33:29.276,1.70052,1.70077,1.50,1.00
2018.05.21 12:33:29.328,1.7005,1.70076,1.00,1.00
2018.05.21 12:33:29.562,1.70053,1.70078,1.00,1.00
2018.05.21 12:33:29.818,1.70054,1.7008,1.00,1.00
2018.05.21 12:33:31.065,1.70055,1.70081,1.00,1.00
2018.05.21 12:33:31.690,1.70056,1.70081,1.50,1.00
2018.05.21 12:33:31.971,1.70058,1.70079,1.00,1.00
2018.05.21 12:33:32.123,1.70059,1.70082,1.00,1.00
2018.05.21 12:33:32.174,1.70058,1.7008,1.00,1.00
2018.05.21 12:33:32.377,1.70051,1.70076,1.50,1.00
2018.05.21 12:33:32.894,1.70054,1.70076,1.50,1.00
2018.05.21 12:33:34.620,1.70052,1.70076,1.00,1.00
2018.05.21 12:33:34.727,1.70052,1.70074,1.00,1.00
2018.05.21 12:33:35.019,1.70049,1.70073,1.00,1.00
2018.05.21 12:33:35.525,1.70049,1.70072,1.50,1.00
2018.05.21 12:33:35.642,1.70049,1.70076,1.00,1.00
2018.05.21 12:33:36.436,1.70052,1.70076,1.00,1.00
2018.05.21 12:33:36.969,1.70049,1.70076,1.00,1.00
2018.05.21 12:33:37.746,1.7005,1.70076,1.00,1.00
2018.05.21 12:33:39.312,1.7005,1.70075,1.00,1.00
2018.05.21 12:33:39.419,1.70062,1.70078,1.00,1.00
2018.05.21 12:33:39.524,1.70051,1.70077,1.00,1.00
2018.05.21 12:33:39.578,1.70048,1.7007,1.00,1.00
2018.05.21 12:33:39.629,1.70045,1.7007,1.50,1.00
2018.05.21 12:33:40.195,1.70046,1.70069,1.00,1.00
2018.05.21 12:33:43.084,1.70046,1.7007,1.00,1.00
2018.05.21 12:33:47.199,1.70049,1.7007,1.00,1.00
2018.05.21 12:33:47.948,1.7005,1.7007,1.00,1.00
2018.05.21 12:33:48.469,1.70047,1.7007,1.00,1.00
2018.05.21 12:33:49.962,1.70047,1.70072,1.00,1.00
2018.05.21 12:33:50.275,1.70047,1.70074,1.00,1.00
2018.05.21 12:33:50.922,1.70046,1.70074,1.50,1.00
2018.05.21 12:33:50.973,1.7005,1.70074,1.00,1.00
2018.05.21 12:33:51.128,1.7005,1.70077,1.00,1.25
2018.05.21 12:33:51.389,1.70049,1.70074,1.00,1.00
2018.05.21 12:33:51.968,1.70048,1.70072,1.00,1.00
2018.05.21 12:33:52.319,1.7005,1.70071,1.00,1.00
2018.05.21 12:33:52.937,1.70048,1.70071,1.00,1.00
2018.05.21 12:33:53.446,1.70047,1.70071,1.00,1.00
2018.05.21 12:33:54.291,1.70047,1.7007,1.00,1.00
2018.05.21 12:33:54.813,1.70046,1.70071,1.00,1.00
2018.05.21 12:33:56.927,1.70046,1.70069,1.00,1.00
2018.05.21 12:33:57.454,1.70046,1.70068,1.00,1.00
2018.05.21 12:33:57.862,1.70046,1.70066,1.00,1.00
2018.05.21 12:33:58.383,1.70046,1.70067,1.00,1.00
2018.05.21 12:33:59.603,1.70046,1.70069,1.00,1.00
2018.05.21 12:34:00.159,1.70046,1.7007,1.00,1.00
2018.05.21 12:34:00.663,1.70047,1.7007,1.00,1.00
2018.05.21 12:34:00.815,1.7005,1.7007,1.00,1.00
2018.05.21 12:34:01.300,1.70048,1.7007,1.00,1.00
2018.05.21 12:34:01.401,1.70049,1.70073,1.00,1.00
2018.05.21 12:34:01.567,1.70048,1.70075,1.50,1.00
2018.05.21 12:34:01.748,1.7005,1.70075,1.00,1.00
2018.05.21 12:34:01.799,1.70049,1.70077,1.50,1.25
2018.05.21 12:34:01.850,1.70053,1.70077,1.00,1.00
2018.05.21 12:34:02.308,1.70056,1.70077,1.00,1.00
2018.05.21 12:34:02.359,1.70056,1.70079,1.00,1.00
2018.05.21 12:34:02.851,1.70059,1.70079,1.00,1.00
2018.05.21 12:34:03.321,1.70054,1.70079,1.00,1.00
2018.05.21 12:34:03.648,1.70055,1.70083,1.00,1.25
2018.05.21 12:34:03.746,1.70057,1.70083,1.00,1.00
2018.05.21 12:34:04.142,1.70065,1.70086,1.00,1.00
2018.05.21 12:34:04.195,1.70058,1.70086,1.50,1.00
2018.05.21 12:34:04.247,1.70059,1.70084,1.00,1.00
2018.05.21 12:34:04.775,1.7006,1.70084,1.00,1.00
2018.05.21 12:34:05.433,1.70061,1.70084,1.00,1.00
2018.05.21 12:34:05.991,1.7006,1.70083,1.00,1.00
2018.05.21 12:34:06.718,1.70058,1.70083,1.50,1.00
2018.05.21 12:34:07.294,1.70057,1.70084,1.50,1.00
2018.05.21 12:34:07.345,1.70057,1.7008,1.00,1.00
2018.05.21 12:34:07.701,1.70055,1.70079,1.00,1.00
2018.05.21 12:34:08.224,1.70053,1.70079,1.00,1.00
2018.05.21 12:34:08.747,1.70054,1.70079,1.00,1.00
2018.05.21 12:34:09.200,1.70061,1.70081,1.00,1.00
2018.05.21 12:34:09.355,1.70061,1.70083,1.00,1.00
2018.05.21 12:34:09.873,1.7006,1.70084,1.00,1.00
2018.05.21 12:34:11.369,1.70061,1.70084,1.00,1.00
2018.05.21 12:34:11.471,1.70062,1.70088,1.00,1.00
2018.05.21 12:34:11.523,1.70064,1.7009,1.00,1.00
2018.05.21 12:34:11.574,1.70066,1.70093,1.00,1.00
2018.05.21 12:34:11.626,1.70068,1.70093,1.00,1.00
2018.05.21 12:34:12.545,1.70067,1.70093,1.00,1.00
2018.05.21 12:34:13.937,1.70062,1.7009,1.50,1.00
2018.05.21 12:34:14.040,1.70061,1.70086,1.00,1.00
2018.05.21 12:34:14.092,1.70065,1.70092,1.00,1.00
2018.05.21 12:34:14.230,1.70053,1.70079,1.91,1.00
2018.05.21 12:34:14.281,1.70053,1.70079,1.00,1.00
2018.05.21 12:34:14.434,1.70056,1.70081,1.00,1.00
2018.05.21 12:34:14.488,1.70056,1.70084,1.00,1.19
2018.05.21 12:34:14.741,1.70053,1.70081,1.50,1.00
2018.05.21 12:34:15.397,1.70056,1.70081,1.00,1.00
2018.05.21 12:34:15.899,1.70057,1.70081,1.00,1.00
2018.05.21 12:34:16.377,1.7006,1.70081,1.00,1.00
2018.05.21 12:34:16.928,1.70061,1.70081,1.00,1.00
2018.05.21 12:34:17.425,1.70058,1.70081,1.00,1.00
2018.05.21 12:34:17.652,1.70059,1.70086,1.00,1.00
2018.05.21 12:34:17.704,1.70061,1.70086,1.00,1.00
2018.05.21 12:34:18.017,1.70059,1.70087,1.00,1.00
2018.05.21 12:34:18.284,1.70057,1.7008,1.00,1.00
2018.05.21 12:34:18.335,1.70052,1.7008,1.00,1.00
2018.05.21 12:34:19.439,1.70051,1.70079,1.00,1.00
2018.05.21 12:34:19.490,1.70055,1.7008,1.00,1.00
2018.05.21 12:34:19.680,1.70058,1.70086,1.00,1.50
2018.05.21 12:34:19.935,1.70054,1.70082,1.50,1.00
2018.05.21 12:34:20.991,1.70055,1.7008,1.00,1.00
2018.05.21 12:34:21.656,1.70058,1.70086,1.00,1.00
2018.05.21 12:34:23.610,1.70062,1.70087,1.00,1.00
2018.05.21 12:34:24.209,1.70065,1.70091,1.00,1.00
2018.05.21 12:34:24.991,1.70065,1.70092,1.00,1.50
2018.05.21 12:34:25.043,1.70062,1.70087,1.00,1.00
2018.05.21 12:34:25.200,1.7006,1.70086,1.00,1.00
2018.05.21 12:34:25.302,1.70059,1.70084,1.50,1.00
2018.05.21 12:34:25.353,1.7006,1.70088,1.00,1.00
2018.05.21 12:34:25.505,1.7006,1.70085,1.00,1.00
2018.05.21 12:34:25.606,1.70058,1.70085,1.00,1.00
2018.05.21 12:34:26.114,1.70057,1.70085,1.00,1.50
2018.05.21 12:34:26.887,1.70058,1.70085,1.00,1.00
2018.05.21 12:34:28.140,1.70058,1.70083,1.00,1.00
2018.05.21 12:34:28.477,1.70054,1.70081,1.00,1.00
2018.05.21 12:34:29.122,1.70055,1.70082,1.00,1.00
2018.05.21 12:34:29.897,1.70057,1.70084,1.00,1.00
2018.05.21 12:34:30.707,1.70061,1.70087,1.00,1.00
2018.05.21 12:34:30.968,1.70057,1.70085,1.00,1.00
2018.05.21 12:34:31.308,1.70059,1.70086,1.00,1.00
2018.05.21 12:34:31.639,1.70061,1.70087,1.00,1.00
2018.05.21 12:34:33.019,1.7006,1.70085,1.00,1.00
2018.05.21 12:34:34.171,1.70056,1.70082,2.25,1.00
2018.05.21 12:34:34.543,1.7006,1.70085,1.00,1.00
2018.05.21 12:34:35.932,1.70059,1.70087,1.00,1.00
2018.05.21 12:34:36.034,1.70061,1.70087,1.00,1.00
2018.05.21 12:34:38.826,1.70059,1.70085,1.00,1.00
2018.05.21 12:34:38.929,1.70056,1.70084,1.00,1.00
2018.05.21 12:34:38.981,1.70055,1.70082,1.00,1.00
2018.05.21 12:34:39.313,1.70057,1.70082,1.00,1.00
2018.05.21 12:34:39.979,1.70057,1.70083,1.00,1.00
2018.05.21 12:34:42.338,1.70057,1.70085,1.00,1.00
2018.05.21 12:34:42.644,1.7006,1.70085,1.00,1.00
2018.05.21 12:34:42.696,1.70057,1.70085,1.00,1.00
2018.05.21 12:34:42.863,1.70059,1.70086,1.00,1.00
2018.05.21 12:34:44.647,1.70062,1.70088,1.00,1.00
2018.05.21 12:34:45.100,1.70059,1.70085,1.00,1.00
2018.05.21 12:34:45.353,1.70057,1.70084,1.00,1.00
2018.05.21 12:34:47.194,1.70055,1.70083,1.00,1.00
2018.05.21 12:34:48.666,1.70056,1.70084,1.00,1.00
2018.05.21 12:34:49.832,1.70057,1.70084,1.00,1.00
2018.05.21 12:34:50.035,1.70055,1.7008,1.00,1.00
2018.05.21 12:34:50.197,1.70052,1.70079,1.00,1.00
2018.05.21 12:34:50.763,1.70052,1.7008,1.00,1.50
2018.05.21 12:34:50.991,1.70052,1.70077,1.00,1.00
2018.05.21 12:34:51.577,1.70049,1.70077,1.00,1.00
2018.05.21 12:34:52.244,1.70052,1.70079,1.00,1.25
2018.05.21 12:34:52.591,1.70056,1.70082,1.00,1.00
2018.05.21 12:34:59.599,1.70055,1.7008,1.00,1.00
2018.05.21 12:35:01.288,1.70053,1.7008,1.00,1.50
2018.05.21 12:35:01.339,1.70053,1.70078,1.00,1.00
2018.05.21 12:35:02.056,1.70054,1.70078,1.00,1.00
2018.05.21 12:35:02.159,1.70048,1.70073,1.00,1.00
2018.05.21 12:35:02.313,1.70047,1.7007,1.00,1.00
2018.05.21 12:35:03.259,1.70046,1.7007,1.00,1.00
2018.05.21 12:35:03.794,1.70046,1.70071,1.00,1.00
2018.05.21 12:35:04.867,1.7005,1.70074,1.00,1.00
2018.05.21 12:35:04.918,1.7005,1.70076,1.00,1.00
2018.05.21 12:35:05.426,1.70049,1.70074,1.00,1.50
2018.05.21 12:35:05.478,1.70046,1.70073,1.50,1.50
2018.05.21 12:35:05.529,1.70046,1.7007,1.50,1.00
2018.05.21 12:35:05.581,1.70046,1.70073,1.50,1.50
2018.05.21 12:35:05.632,1.70046,1.70071,1.50,1.00
2018.05.21 12:35:06.328,1.70046,1.70072,1.00,1.00
2018.05.21 12:35:07.393,1.70046,1.7007,1.00,1.00
2018.05.21 12:35:10.099,1.70046,1.70071,1.00,1.00
2018.05.21 12:35:12.742,1.70045,1.70071,1.00,1.00
2018.05.21 12:35:12.944,1.70043,1.7007,1.00,1.50
2018.05.21 12:35:13.208,1.70043,1.70068,1.00,1.00
2018.05.21 12:35:13.363,1.7004,1.70066,1.00,1.00
2018.05.21 12:35:13.468,1.70041,1.70069,1.00,1.50
2018.05.21 12:35:13.520,1.70041,1.70065,1.00,1.00
2018.05.21 12:35:13.800,1.70039,1.70064,1.50,1.00
2018.05.21 12:35:14.348,1.70039,1.70063,1.00,1.00
2018.05.21 12:35:14.464,1.70037,1.70063,1.00,1.50
2018.05.21 12:35:14.966,1.70036,1.70063,1.00,1.00
2018.05.21 12:35:15.171,1.70039,1.70063,1.00,1.00
2018.05.21 12:35:15.223,1.70037,1.70062,1.00,1.00
2018.05.21 12:35:15.326,1.70033,1.70061,1.50,1.00
2018.05.21 12:35:15.377,1.70033,1.70058,2.25,1.00
2018.05.21 12:35:15.928,1.70034,1.70057,1.00,1.00
2018.05.21 12:35:16.029,1.70035,1.70059,1.00,1.00
2018.05.21 12:35:16.132,1.70034,1.70061,1.00,1.00
2018.05.21 12:35:16.385,1.70032,1.70058,1.50,1.00
2018.05.21 12:35:16.855,1.70032,1.70056,1.00,1.00
2018.05.21 12:35:17.380,1.70032,1.70055,1.00,1.00
2018.05.21 12:35:17.902,1.70032,1.70058,1.00,1.00
2018.05.21 12:35:18.076,1.70034,1.70057,1.00,1.00
2018.05.21 12:35:18.383,1.70034,1.70059,1.00,1.00
2018.05.21 12:35:18.535,1.70036,1.70061,1.00,1.00
2018.05.21 12:35:18.854,1.70035,1.70059,1.00,1.00
2018.05.21 12:35:18.906,1.70036,1.70063,1.00,1.50
2018.05.21 12:35:19.007,1.70038,1.70062,1.00,1.00
2018.05.21 12:35:19.058,1.70038,1.70064,1.00,1.50
2018.05.21 12:35:19.159,1.70038,1.70062,1.00,1.00
2018.05.21 12:35:19.262,1.70041,1.70066,1.00,1.00
2018.05.21 12:35:19.313,1.70043,1.70068,1.00,1.00
2018.05.21 12:35:19.616,1.70041,1.70066,1.00,1.00
2018.05.21 12:35:20.043,1.70045,1.7007,1.00,1.50
2018.05.21 12:35:20.304,1.70041,1.70067,1.00,1.00
2018.05.21 12:35:20.998,1.7004,1.70066,1.00,1.00
2018.05.21 12:35:21.499,1.7004,1.70067,1.00,1.50
2018.05.21 12:35:22.776,1.7004,1.70066,1.00,1.00
2018.05.21 12:35:22.830,1.7004,1.70064,1.00,1.00
2018.05.21 12:35:22.982,1.70038,1.70063,1.00,1.00
2018.05.21 12:35:23.773,1.7004,1.70064,1.00,1.00
2018.05.21 12:35:23.825,1.70041,1.70068,1.00,1.00
2018.05.21 12:35:23.877,1.70046,1.70069,1.00,1.00
2018.05.21 12:35:23.982,1.70051,1.70076,1.00,1.00
2018.05.21 12:35:24.086,1.70052,1.70079,1.00,1.50
2018.05.21 12:35:24.250,1.7005,1.70076,1.00,1.00
2018.05.21 12:35:24.859,1.70052,1.70078,1.00,1.00
2018.05.21 12:35:25.492,1.70052,1.70077,1.00,1.00
2018.05.21 12:35:26.757,1.7005,1.70077,1.00,1.00
2018.05.21 12:35:26.809,1.70049,1.70075,1.50,1.00
2018.05.21 12:35:27.743,1.7005,1.70076,1.00,1.00
2018.05.21 12:35:27.794,1.7005,1.70078,1.00,1.00
2018.05.21 12:35:27.895,1.70052,1.70078,1.00,1.00
2018.05.21 12:35:28.274,1.7005,1.70076,1.00,1.00
2018.05.21 12:35:29.077,1.7005,1.70075,1.00,1.00
2018.05.21 12:35:29.627,1.70048,1.70076,1.00,1.00
2018.05.21 12:35:30.658,1.70051,1.70078,1.00,1.00
2018.05.21 12:35:38.341,1.70049,1.70075,1.00,1.00
2018.05.21 12:35:38.663,1.70055,1.70083,1.00,1.00
2018.05.21 12:35:38.715,1.70051,1.70069,1.00,1.00
2018.05.21 12:35:38.976,1.70041,1.70068,1.00,1.50
2018.05.21 12:35:39.423,1.70039,1.70064,1.50,1.00
2018.05.21 12:35:43.422,1.70042,1.70068,1.00,1.50
2018.05.21 12:35:43.473,1.70043,1.70071,1.00,1.25
2018.05.21 12:35:43.524,1.70046,1.70072,1.00,1.25
2018.05.21 12:35:44.091,1.70046,1.70073,1.00,1.37
2018.05.21 12:35:44.494,1.70046,1.70073,1.00,1.00
2018.05.21 12:35:44.599,1.70046,1.70071,1.00,1.00
2018.05.21 12:35:45.201,1.70046,1.70073,1.00,1.00
2018.05.21 12:35:45.456,1.7005,1.70076,1.00,1.00
2018.05.21 12:35:45.711,1.70046,1.70073,1.50,1.00
2018.05.21 12:35:45.763,1.70049,1.70076,1.00,1.00
2018.05.21 12:35:46.299,1.7005,1.70077,2.25,1.00
2018.05.21 12:35:46.565,1.70051,1.70079,1.00,1.00
2018.05.21 12:35:47.494,1.70053,1.70079,1.00,1.00
2018.05.21 12:35:47.973,1.70055,1.70082,1.00,1.00
2018.05.21 12:35:48.125,1.70059,1.70084,1.00,1.00
2018.05.21 12:35:48.661,1.70061,1.70086,1.00,1.44
2018.05.21 12:35:49.166,1.7006,1.70086,1.00,1.00
2018.05.21 12:35:49.703,1.70064,1.7009,1.50,1.50
2018.05.21 12:35:50.017,1.7007,1.70094,1.00,1.00
2018.05.21 12:35:50.068,1.70067,1.70095,1.00,1.50
2018.05.21 12:35:50.322,1.70069,1.70097,1.00,1.50
2018.05.21 12:35:50.789,1.70066,1.70091,1.00,1.00
2018.05.21 12:35:51.093,1.70069,1.70096,1.00,1.00
2018.05.21 12:35:51.195,1.70069,1.70094,1.00,1.00
2018.05.21 12:35:51.419,1.70068,1.70096,1.50,1.00
2018.05.21 12:35:52.292,1.70068,1.70093,1.50,1.00
2018.05.21 12:35:52.612,1.70066,1.70088,1.00,1.00
2018.05.21 12:35:52.663,1.70064,1.70088,1.00,1.00
2018.05.21 12:35:53.457,1.70063,1.70088,1.50,1.00
2018.05.21 12:35:54.961,1.70071,1.70098,1.00,1.00
2018.05.21 12:35:55.016,1.70069,1.70094,2.25,1.00
2018.05.21 12:35:55.169,1.70068,1.70096,1.50,1.00
2018.05.21 12:35:55.272,1.70074,1.70099,1.00,1.00
2018.05.21 12:35:55.801,1.70072,1.70097,1.00,1.00
2018.05.21 12:35:56.004,1.7007,1.70096,1.00,1.00
2018.05.21 12:35:57.220,1.7007,1.70093,1.00,1.00
2018.05.21 12:35:57.391,1.70068,1.70093,2.25,1.00
2018.05.21 12:35:58.741,1.7007,1.70095,1.00,1.00
2018.05.21 12:35:59.375,1.7007,1.70094,1.00,1.00
2018.05.21 12:36:00.236,1.70069,1.70094,1.00,1.00
2018.05.21 12:36:02.279,1.70069,1.70096,1.00,1.00
2018.05.21 12:36:02.813,1.7007,1.70097,1.00,1.00
2018.05.21 12:36:03.399,1.70069,1.70096,1.00,1.00
2018.05.21 12:36:05.486,1.70071,1.70098,1.00,1.00
2018.05.21 12:36:05.757,1.70069,1.70097,1.00,1.00
2018.05.21 12:36:05.859,1.70068,1.70095,1.00,1.00
2018.05.21 12:36:06.179,1.70072,1.70097,1.00,1.00
2018.05.21 12:36:06.231,1.7007,1.70097,1.00,1.00
2018.05.21 12:36:06.283,1.70072,1.70097,1.00,1.00
2018.05.21 12:36:08.015,1.70072,1.70098,1.00,1.00
2018.05.21 12:36:08.124,1.70073,1.701,1.00,1.00
2018.05.21 12:36:08.176,1.70074,1.70102,1.00,1.00
2018.05.21 12:36:08.227,1.70072,1.701,1.00,1.00
2018.05.21 12:36:08.643,1.70074,1.70099,1.00,1.00
2018.05.21 12:36:09.115,1.70076,1.70101,1.00,1.00
2018.05.21 12:36:11.394,1.70076,1.70102,1.00,1.00
2018.05.21 12:36:12.255,1.70078,1.70104,1.50,1.00
2018.05.21 12:36:12.305,1.70082,1.70109,1.00,1.00
2018.05.21 12:36:12.837,1.70083,1.7011,1.00,1.25
2018.05.21 12:36:14.598,1.70083,1.70109,1.00,1.00
2018.05.21 12:36:15.246,1.70082,1.70109,1.00,1.00
2018.05.21 12:36:15.857,1.70083,1.70109,1.00,1.00
2018.05.21 12:36:16.166,1.70086,1.70112,1.00,1.00
2018.05.21 12:36:16.217,1.70087,1.70115,1.00,1.00
2018.05.21 12:36:16.328,1.70086,1.70111,1.00,1.00
2018.05.21 12:36:16.432,1.70087,1.70113,1.00,1.00
2018.05.21 12:36:16.636,1.70085,1.7011,2.25,1.00
2018.05.21 12:36:16.687,1.70086,1.70112,1.00,1.00
2018.05.21 12:36:16.840,1.70084,1.7011,1.00,1.00
2018.05.21 12:36:17.186,1.70082,1.70108,1.00,1.00
2018.05.21 12:36:18.108,1.70082,1.7011,1.00,1.00
2018.05.21 12:36:18.644,1.70083,1.70111,1.00,1.00
2018.05.21 12:36:19.091,1.70083,1.70109,1.00,1.00
2018.05.21 12:36:19.883,1.70082,1.70108,1.50,1.00
2018.05.21 12:36:21.035,1.70083,1.70109,1.00,1.00
2018.05.21 12:36:21.363,1.70082,1.70107,1.00,1.00
2018.05.21 12:36:21.915,1.70082,1.70108,1.00,1.00
2018.05.21 12:36:22.231,1.70084,1.7011,1.00,1.00
2018.05.21 12:36:23.758,1.70082,1.7011,2.25,1.00
2018.05.21 12:36:23.810,1.70082,1.70108,1.50,1.00
2018.05.21 12:36:24.025,1.70077,1.70105,1.00,1.00
2018.05.21 12:36:25.795,1.70077,1.70103,1.00,1.00
2018.05.21 12:36:26.421,1.70078,1.70104,1.00,1.00
2018.05.21 12:36:27.340,1.70077,1.70103,1.00,1.00
2018.05.21 12:36:27.391,1.70077,1.70105,1.00,1.00
2018.05.21 12:36:29.063,1.70078,1.70106,1.00,1.00
2018.05.21 12:36:29.114,1.7008,1.70108,1.00,1.00
2018.05.21 12:36:29.551,1.70084,1.7011,1.00,1.44
2018.05.21 12:36:29.602,1.70082,1.70109,1.00,1.25
2018.05.21 12:36:30.136,1.70083,1.7011,1.00,1.00
2018.05.21 12:36:30.745,1.70082,1.70108,1.00,1.00
2018.05.21 12:36:31.267,1.70081,1.70109,1.00,1.00
2018.05.21 12:36:31.574,1.70083,1.70108,1.00,1.00
2018.05.21 12:36:33.873,1.70082,1.7011,1.00,1.00
2018.05.21 12:36:33.924,1.70084,1.7011,1.00,1.00
2018.05.21 12:36:35.991,1.70085,1.7011,1.00,1.00
2018.05.21 12:36:36.521,1.70084,1.70109,1.00,1.00
2018.05.21 12:36:37.418,1.70085,1.7011,1.00,1.00
2018.05.21 12:36:37.838,1.70082,1.7011,1.00,1.00
2018.05.21 12:36:37.941,1.70084,1.7011,1.00,1.00
2018.05.21 12:36:40.640,1.70085,1.7011,1.00,1.00
2018.05.21 12:36:44.617,1.70084,1.70112,1.00,1.00
2018.05.21 12:36:46.092,1.70084,1.7011,1.00,1.00
2018.05.21 12:36:46.352,1.70084,1.70112,1.00,1.00
2018.05.21 12:36:48.714,1.70084,1.7011,1.00,1.00
2018.05.21 12:36:49.022,1.70083,1.70108,1.00,1.00
2018.05.21 12:36:50.992,1.70083,1.70109,1.00,1.00
2018.05.21 12:36:58.092,1.70082,1.70108,1.00,1.00
2018.05.21 12:36:58.442,1.70075,1.70102,1.50,1.00
2018.05.21 12:36:58.646,1.70083,1.70109,1.00,1.75
2018.05.21 12:36:58.834,1.70075,1.701,1.50,1.00
2018.05.21 12:36:59.584,1.70077,1.70102,1.00,1.00
2018.05.21 12:36:59.946,1.70074,1.701,1.00,1.00
2018.05.21 12:37:00.526,1.70075,1.70101,1.00,1.00
2018.05.21 12:37:01.007,1.70072,1.70099,1.00,1.00
2018.05.21 12:37:01.058,1.70075,1.701,1.00,1.00
2018.05.21 12:37:01.263,1.70073,1.70099,1.00,1.00
2018.05.21 12:37:01.883,1.70071,1.70099,1.50,1.00
2018.05.21 12:37:01.934,1.70069,1.70087,1.50,1.00
2018.05.21 12:37:01.985,1.70072,1.70099,1.00,1.75
2018.05.21 12:37:02.036,1.70075,1.70088,1.00,1.00
2018.05.21 12:37:02.087,1.70075,1.70101,1.50,1.00
2018.05.21 12:37:02.138,1.70076,1.70099,1.00,1.00
2018.05.21 12:37:03.023,1.70072,1.70095,1.50,1.00
2018.05.21 12:37:03.354,1.70074,1.70096,1.00,1.00
2018.05.21 12:37:03.900,1.70076,1.70099,1.00,1.00
2018.05.21 12:37:04.054,1.70078,1.70099,1.00,1.00
2018.05.21 12:37:04.106,1.70079,1.70104,1.00,1.00
2018.05.21 12:37:04.158,1.70082,1.70105,1.00,1.00
2018.05.21 12:37:04.694,1.70083,1.70106,1.00,1.00
2018.05.21 12:37:05.992,1.70082,1.70105,1.00,1.00
2018.05.21 12:37:07.558,1.7008,1.70105,1.00,1.00
2018.05.21 12:37:07.874,1.70082,1.70105,1.00,1.00
2018.05.21 12:37:08.115,1.7008,1.70105,1.00,1.00
2018.05.21 12:37:10.099,1.7008,1.70103,1.00,1.00
2018.05.21 12:37:10.150,1.70078,1.70104,1.50,1.00
2018.05.21 12:37:10.661,1.70079,1.70102,1.00,1.00
2018.05.21 12:37:12.559,1.70082,1.70105,1.00,1.00
2018.05.21 12:37:12.908,1.70078,1.70101,1.00,1.00
2018.05.21 12:37:14.583,1.70076,1.70099,1.00,1.00
2018.05.21 12:37:15.123,1.70082,1.70105,1.00,1.00
2018.05.21 12:37:15.268,1.70089,1.70115,1.50,1.00
2018.05.21 12:37:15.827,1.7009,1.70115,1.00,1.00
2018.05.21 12:37:16.338,1.70089,1.70115,1.50,1.00
2018.05.21 12:37:16.542,1.70093,1.70117,1.00,1.00
2018.05.21 12:37:18.547,1.70093,1.70118,1.00,1.00
2018.05.21 12:37:20.684,1.7009,1.70113,1.00,1.00
2018.05.21 12:37:20.845,1.70092,1.70117,1.00,1.00
2018.05.21 12:37:20.898,1.7009,1.70114,1.00,1.00
2018.05.21 12:37:21.425,1.70091,1.70114,1.00,1.00
2018.05.21 12:37:21.578,1.70089,1.70114,1.00,1.00
2018.05.21 12:37:22.327,1.70092,1.70115,1.00,1.00
2018.05.21 12:37:23.165,1.70091,1.70117,1.00,1.00
2018.05.21 12:37:24.302,1.70091,1.70115,1.00,1.00
2018.05.21 12:37:24.609,1.70094,1.70117,1.00,1.00
2018.05.21 12:37:25.121,1.70093,1.70116,1.00,1.00
2018.05.21 12:37:29.480,1.70094,1.70118,1.00,1.00
2018.05.21 12:37:29.531,1.70092,1.70118,1.00,1.00
2018.05.21 12:37:29.598,1.70092,1.70115,1.00,1.00
2018.05.21 12:37:30.122,1.70093,1.70116,1.00,1.00
2018.05.21 12:37:30.174,1.70091,1.70116,1.00,1.00
2018.05.21 12:37:31.168,1.70092,1.70118,1.00,1.00
2018.05.21 12:37:31.949,1.70092,1.70117,1.00,1.00
2018.05.21 12:37:32.102,1.70091,1.70115,1.00,1.00
2018.05.21 12:37:32.522,1.7009,1.70113,1.00,1.00
2018.05.21 12:37:35.991,1.7009,1.70116,1.00,1.00
2018.05.21 12:37:40.119,1.70092,1.70115,1.00,1.00
2018.05.21 12:37:40.888,1.70088,1.70103,1.50,1.00
2018.05.21 12:37:40.995,1.70078,1.70101,1.00,1.00
2018.05.21 12:37:41.420,1.70078,1.70103,1.00,1.00
2018.05.21 12:37:41.937,1.70079,1.70104,1.00,1.00
2018.05.21 12:37:42.544,1.70078,1.70104,1.00,1.00
2018.05.21 12:37:43.072,1.70079,1.70105,1.00,1.00
2018.05.21 12:37:43.698,1.7008,1.70104,1.00,1.00
2018.05.21 12:37:43.750,1.70081,1.70107,1.50,1.00
2018.05.21 12:37:44.166,1.70083,1.70107,1.00,1.00
2018.05.21 12:37:44.603,1.70081,1.70107,1.00,1.00
2018.05.21 12:37:45.235,1.70085,1.70109,1.00,1.00
2018.05.21 12:37:45.633,1.70084,1.70106,1.00,1.00
2018.05.21 12:37:47.775,1.70084,1.70108,1.00,1.00
2018.05.21 12:37:47.826,1.70084,1.70102,1.00,1.00
2018.05.21 12:37:47.877,1.7008,1.70099,1.00,1.00
2018.05.21 12:37:47.978,1.70081,1.70105,1.00,1.00
2018.05.21 12:37:48.079,1.70078,1.70102,1.00,1.00
2018.05.21 12:37:48.383,1.7008,1.70103,1.00,1.00
2018.05.21 12:37:48.484,1.70078,1.70103,1.00,1.00
2018.05.21 12:37:48.677,1.70081,1.70103,1.00,1.00
2018.05.21 12:37:50.065,1.70072,1.70093,1.00,1.00
2018.05.21 12:37:50.167,1.70066,1.70091,1.87,1.00
2018.05.21 12:37:50.218,1.70066,1.70091,1.50,1.00
2018.05.21 12:37:50.998,1.70065,1.70091,1.00,1.00
2018.05.21 12:37:51.439,1.70077,1.70097,1.00,1.00
2018.05.21 12:37:51.490,1.70077,1.70099,1.00,1.00
2018.05.21 12:37:51.541,1.70077,1.70101,1.00,1.69
2018.05.21 12:37:51.848,1.70073,1.70095,1.50,1.00
2018.05.21 12:37:51.899,1.70065,1.70089,1.00,1.00
2018.05.21 12:37:51.951,1.70061,1.70085,1.50,1.00
2018.05.21 12:37:52.632,1.70061,1.70086,1.00,1.00
2018.05.21 12:37:53.087,1.70061,1.70084,1.00,1.00
2018.05.21 12:37:53.137,1.70056,1.70082,1.00,1.00
2018.05.21 12:37:53.188,1.70062,1.70085,1.00,1.00
2018.05.21 12:37:53.239,1.70059,1.70083,1.50,1.00
2018.05.21 12:37:53.740,1.70058,1.70083,1.00,1.00
2018.05.21 12:37:53.974,1.7006,1.70083,1.00,1.00
2018.05.21 12:37:54.076,1.70056,1.70082,1.44,1.00
2018.05.21 12:37:54.399,1.70059,1.70083,1.00,1.00
2018.05.21 12:37:54.710,1.70062,1.70086,1.00,1.00
2018.05.21 12:37:55.268,1.70062,1.70088,1.00,1.50
2018.05.21 12:37:55.320,1.70064,1.70088,1.00,1.50
2018.05.21 12:37:56.149,1.70064,1.7009,1.00,1.00
2018.05.21 12:37:56.200,1.70063,1.70086,1.00,1.00
2018.05.21 12:37:56.737,1.70062,1.70087,1.00,1.00
2018.05.21 12:37:57.485,1.70062,1.70085,1.00,1.00
2018.05.21 12:37:58.100,1.70061,1.70085,1.00,1.00
2018.05.21 12:37:58.650,1.7006,1.70085,1.50,1.00
2018.05.21 12:37:59.631,1.70062,1.70086,1.00,1.00
2018.05.21 12:38:00.331,1.70063,1.70086,1.00,1.00
2018.05.21 12:38:00.873,1.70064,1.70087,1.00,1.00
2018.05.21 12:38:01.529,1.70064,1.70088,1.00,1.00
2018.05.21 12:38:03.866,1.70063,1.70085,1.00,1.00
2018.05.21 12:38:04.386,1.7006,1.70082,1.00,1.00
2018.05.21 12:38:04.921,1.70059,1.70082,1.00,1.00
2018.05.21 12:38:05.751,1.70061,1.70082,1.00,1.00
2018.05.21 12:38:06.043,1.70061,1.70085,1.00,1.00
2018.05.21 12:38:06.568,1.70061,1.70086,1.50,1.00
2018.05.21 12:38:07.246,1.70061,1.70085,1.00,1.00
2018.05.21 12:38:07.781,1.70061,1.70084,1.00,1.00
2018.05.21 12:38:07.832,1.70059,1.70082,1.00,1.00
2018.05.21 12:38:07.882,1.70063,1.70087,1.00,1.00
2018.05.21 12:38:07.933,1.70065,1.70087,1.00,1.00
2018.05.21 12:38:07.984,1.70066,1.70089,1.00,1.00
2018.05.21 12:38:08.035,1.70064,1.70088,2.25,1.00
2018.05.21 12:38:08.137,1.70062,1.70088,1.50,1.00
2018.05.21 12:38:08.860,1.70065,1.70088,1.00,1.00
2018.05.21 12:38:09.603,1.70065,1.70089,1.00,1.00
2018.05.21 12:38:10.125,1.70066,1.70089,1.00,1.00
2018.05.21 12:38:10.652,1.70067,1.7009,1.50,1.00
2018.05.21 12:38:11.036,1.70069,1.70092,1.00,1.00
2018.05.21 12:38:16.492,1.70067,1.70092,1.00,1.00
2018.05.21 12:38:18.434,1.70068,1.70093,1.00,1.00
2018.05.21 12:38:19.015,1.7007,1.70093,1.00,1.00
2018.05.21 12:38:19.229,1.70068,1.70093,1.00,1.00
2018.05.21 12:38:19.283,1.7007,1.70093,1.00,1.00
2018.05.21 12:38:20.450,1.70073,1.70096,1.00,1.00
2018.05.21 12:38:21.096,1.70075,1.70096,1.00,1.00
2018.05.21 12:38:21.604,1.70075,1.70097,1.00,1.00
2018.05.21 12:38:21.842,1.70081,1.70104,1.00,1.00
2018.05.21 12:38:21.996,1.70075,1.70098,1.50,1.00
2018.05.21 12:38:22.200,1.70077,1.70101,1.00,1.00
2018.05.21 12:38:22.251,1.70079,1.70102,1.50,1.00
2018.05.21 12:38:22.601,1.70081,1.70102,1.00,1.00
2018.05.21 12:38:23.134,1.70081,1.70105,1.50,1.00
2018.05.21 12:38:23.664,1.70081,1.70104,1.00,1.00
2018.05.21 12:38:24.390,1.70082,1.70105,1.00,1.00
2018.05.21 12:38:25.125,1.70082,1.70106,1.00,1.00
2018.05.21 12:38:25.176,1.70085,1.70107,1.00,1.00
2018.05.21 12:38:25.227,1.70083,1.70109,1.00,1.00
2018.05.21 12:38:25.542,1.70085,1.70109,1.00,1.00
2018.05.21 12:38:26.075,1.70085,1.70108,1.00,1.00
2018.05.21 12:38:26.596,1.70078,1.70104,1.50,1.00
2018.05.21 12:38:26.647,1.70081,1.70104,1.00,1.00
2018.05.21 12:38:26.699,1.70078,1.70102,1.00,1.00
2018.05.21 12:38:26.750,1.7008,1.70102,1.00,1.00
2018.05.21 12:38:26.903,1.70078,1.70102,1.00,1.00
2018.05.21 12:38:27.005,1.70076,1.70102,1.00,1.00
2018.05.21 12:38:27.056,1.70076,1.70099,1.00,1.00
2018.05.21 12:38:27.472,1.70075,1.70097,1.00,1.00
2018.05.21 12:38:27.575,1.7007,1.70094,1.00,1.00
2018.05.21 12:38:27.882,1.70068,1.70091,1.00,1.00
2018.05.21 12:38:28.011,1.70068,1.70096,1.50,1.00
2018.05.21 12:38:28.217,1.70071,1.70096,1.00,1.00
2018.05.21 12:38:28.472,1.70071,1.70098,1.00,1.00
2018.05.21 12:38:28.624,1.70073,1.70097,1.00,1.00
2018.05.21 12:38:30.202,1.70073,1.70098,1.00,1.50
2018.05.21 12:38:30.875,1.70073,1.70099,1.00,1.50
2018.05.21 12:38:31.206,1.70075,1.70099,1.00,1.50
2018.05.21 12:38:32.389,1.70075,1.70098,1.00,1.00
2018.05.21 12:38:32.644,1.70073,1.70098,1.00,1.00
2018.05.21 12:38:33.449,1.70072,1.70098,1.50,1.00
2018.05.21 12:38:34.000,1.70072,1.70099,1.00,1.00
2018.05.21 12:38:34.159,1.70077,1.70099,1.00,1.00
2018.05.21 12:38:35.028,1.70079,1.70099,1.00,1.00
2018.05.21 12:38:36.057,1.70079,1.70098,1.00,1.00
2018.05.21 12:38:36.208,1.70079,1.701,1.00,1.00
2018.05.21 12:38:36.368,1.70076,1.701,1.00,1.00
2018.05.21 12:38:36.785,1.70076,1.70098,1.00,1.00
2018.05.21 12:38:37.039,1.70073,1.70096,1.00,1.00
2018.05.21 12:38:37.572,1.70073,1.70097,1.00,1.00
2018.05.21 12:38:38.079,1.70073,1.70098,1.00,1.00
2018.05.21 12:38:38.231,1.70073,1.70096,1.00,1.00
2018.05.21 12:38:38.546,1.70071,1.70094,1.00,1.00
2018.05.21 12:38:38.914,1.70072,1.70089,1.00,1.50
2018.05.21 12:38:39.253,1.70068,1.70089,1.00,1.50
2018.05.21 12:38:39.640,1.70069,1.70093,1.00,1.00
2018.05.21 12:38:39.691,1.70071,1.70093,1.00,1.00
2018.05.21 12:38:40.046,1.70069,1.70092,1.00,1.37
2018.05.21 12:38:40.313,1.70066,1.70094,1.50,1.75
2018.05.21 12:38:40.688,1.70068,1.70094,1.00,1.75
2018.05.21 12:38:40.740,1.70066,1.70094,1.50,1.75
2018.05.21 12:38:41.270,1.70067,1.70094,1.50,1.50
2018.05.21 12:38:41.597,1.7007,1.70094,1.00,1.50
2018.05.21 12:38:42.300,1.7007,1.70094,1.00,1.37
2018.05.21 12:38:42.676,1.7007,1.70096,1.00,1.00
2018.05.21 12:38:42.777,1.70074,1.70099,1.00,1.00
2018.05.21 12:38:42.879,1.70074,1.70101,1.00,2.25
2018.05.21 12:38:42.963,1.70076,1.70103,1.00,1.12
2018.05.21 12:38:43.273,1.70067,1.70086,1.00,1.12
2018.05.21 12:38:43.476,1.70064,1.70087,1.00,1.00
2018.05.21 12:38:43.527,1.70064,1.7009,1.00,1.00
2018.05.21 12:38:43.578,1.70068,1.7009,1.00,1.00
2018.05.21 12:38:43.680,1.70079,1.70107,1.00,3.00
2018.05.21 12:38:43.731,1.70083,1.70107,1.00,2.25
2018.05.21 12:38:44.336,1.70083,1.70107,1.00,2.25
2018.05.21 12:38:44.439,1.70084,1.70105,1.00,1.00
2018.05.21 12:38:44.491,1.70086,1.70111,1.00,2.25
2018.05.21 12:38:44.861,1.70083,1.70107,1.00,1.75
2018.05.21 12:38:45.373,1.70084,1.70106,1.00,1.75
2018.05.21 12:38:45.737,1.70085,1.70105,1.00,1.75
2018.05.21 12:38:45.826,1.70082,1.70105,1.00,1.75
2018.05.21 12:38:45.882,1.70083,1.70103,1.00,1.00
2018.05.21 12:38:46.034,1.70079,1.70101,1.00,1.00
2018.05.21 12:38:46.186,1.70081,1.70101,1.00,1.00
2018.05.21 12:38:46.502,1.70076,1.70099,1.00,1.00
2018.05.21 12:38:46.554,1.70074,1.70096,1.00,1.00
2018.05.21 12:38:46.861,1.70077,1.70094,1.00,1.00
2018.05.21 12:38:47.020,1.70074,1.70096,1.00,1.00
2018.05.21 12:38:47.072,1.70077,1.701,1.50,1.00
2018.05.21 12:38:47.130,1.70077,1.70104,1.50,1.87
2018.05.21 12:38:47.182,1.70071,1.70098,1.50,1.00
2018.05.21 12:38:47.496,1.70071,1.70091,1.00,1.00
2018.05.21 12:38:47.548,1.70068,1.7009,1.00,1.00
2018.05.21 12:38:48.074,1.70067,1.7009,1.00,1.00
2018.05.21 12:38:48.229,1.70067,1.70092,1.50,1.00
2018.05.21 12:38:48.284,1.70073,1.70095,1.00,1.00
2018.05.21 12:38:48.658,1.70074,1.70097,1.00,1.50
2018.05.21 12:38:48.709,1.70072,1.70097,1.50,1.00
2018.05.21 12:38:49.220,1.70072,1.70096,1.00,1.00
2018.05.21 12:38:49.697,1.70072,1.70094,1.00,1.12
2018.05.21 12:38:49.850,1.70068,1.70091,1.00,1.00
2018.05.21 12:38:49.901,1.70068,1.70089,1.00,1.00
2018.05.21 12:38:50.520,1.70071,1.70089,1.00,1.00
2018.05.21 12:38:50.572,1.7007,1.70092,1.00,1.00
2018.05.21 12:38:50.623,1.7007,1.70094,1.00,1.00
2018.05.21 12:38:50.674,1.70073,1.70092,1.00,1.00
2018.05.21 12:38:50.725,1.70073,1.70094,1.00,1.00
2018.05.21 12:38:51.155,1.70073,1.70096,1.00,1.12
2018.05.21 12:38:51.509,1.70073,1.70094,1.00,1.00
2018.05.21 12:38:52.350,1.70073,1.70092,1.00,1.00
2018.05.21 12:38:52.453,1.70069,1.70089,1.00,1.00
2018.05.21 12:38:52.983,1.70068,1.70088,1.00,1.00
2018.05.21 12:38:53.316,1.70066,1.70085,1.00,1.00
2018.05.21 12:38:53.367,1.70061,1.70082,1.00,1.00
2018.05.21 12:38:53.469,1.70061,1.7008,1.00,1.00
2018.05.21 12:38:53.524,1.70066,1.70089,1.00,1.00
2018.05.21 12:38:53.575,1.70068,1.70094,1.00,1.00
2018.05.21 12:38:53.663,1.70074,1.70096,1.00,1.00
2018.05.21 12:38:54.690,1.70074,1.70097,1.00,1.00
2018.05.21 12:38:55.590,1.70076,1.70097,1.00,1.00
2018.05.21 12:38:58.285,1.70079,1.70097,1.00,1.00
2018.05.21 12:38:58.786,1.70079,1.70099,1.00,1.00
2018.05.21 12:38:59.336,1.70079,1.701,1.00,1.50
2018.05.21 12:38:59.874,1.70079,1.70101,1.00,1.00
2018.05.21 12:39:00.262,1.70079,1.70097,1.00,1.00
2018.05.21 12:39:00.313,1.70075,1.70097,1.00,1.00
2018.05.21 12:39:01.192,1.70079,1.70099,1.00,1.00
2018.05.21 12:39:01.294,1.70075,1.70096,1.00,1.00
2018.05.21 12:39:01.694,1.70075,1.70099,1.00,1.00
2018.05.21 12:39:01.859,1.70075,1.70103,1.00,1.50
2018.05.21 12:39:01.910,1.70079,1.70103,1.00,1.50
2018.05.21 12:39:02.215,1.70079,1.70102,1.00,1.37
2018.05.21 12:39:02.931,1.70079,1.70101,1.00,1.12
2018.05.21 12:39:03.291,1.70076,1.70099,1.00,1.00
2018.05.21 12:39:03.836,1.70076,1.70098,1.00,1.00
2018.05.21 12:39:04.118,1.70073,1.70098,1.00,1.00
2018.05.21 12:39:04.272,1.70072,1.70094,1.00,1.00
2018.05.21 12:39:04.492,1.70069,1.70092,1.00,1.00
2018.05.21 12:39:04.747,1.70072,1.70093,1.00,1.00
2018.05.21 12:39:05.053,1.70071,1.70091,1.00,1.00
2018.05.21 12:39:05.757,1.7007,1.70091,1.00,1.00
2018.05.21 12:39:06.010,1.7007,1.70093,1.00,1.00
2018.05.21 12:39:06.530,1.7007,1.70094,1.00,1.00
2018.05.21 12:39:07.239,1.70071,1.70094,1.00,1.00
2018.05.21 12:39:07.772,1.70071,1.70095,1.00,1.00
2018.05.21 12:39:08.021,1.70071,1.70093,1.00,1.00
2018.05.21 12:39:08.072,1.70069,1.70093,1.00,1.00
2018.05.21 12:39:08.691,1.70071,1.70093,1.00,1.25
2018.05.21 12:39:09.230,1.70071,1.70094,1.00,1.00
2018.05.21 12:39:10.290,1.70069,1.70079,1.00,1.00
2018.05.21 12:39:10.341,1.70059,1.70079,1.00,1.00
2018.05.21 12:39:10.494,1.70059,1.70077,1.00,1.00
2018.05.21 12:39:11.488,1.7006,1.70077,1.00,1.00
2018.05.21 12:39:11.641,1.70058,1.70077,1.00,1.00
2018.05.21 12:39:12.852,1.70059,1.70078,1.00,1.00
2018.05.21 12:39:13.306,1.70059,1.70081,1.00,1.50
2018.05.21 12:39:13.357,1.70061,1.7008,1.00,1.00
2018.05.21 12:39:13.934,1.70061,1.70081,1.00,1.50
2018.05.21 12:39:14.762,1.70058,1.70081,1.00,1.00
2018.05.21 12:39:14.916,1.7006,1.70081,1.00,1.00
2018.05.21 12:39:16.863,1.70059,1.70078,1.00,1.50
2018.05.21 12:39:16.966,1.70055,1.70078,1.00,1.50
2018.05.21 12:39:18.303,1.70059,1.70078,1.00,1.50
2018.05.21 12:39:20.314,1.70051,1.70078,1.00,1.50
2018.05.21 12:39:21.018,1.70052,1.70078,1.00,1.00
2018.05.21 12:39:22.244,1.70053,1.7008,1.00,1.00
2018.05.21 12:39:22.295,1.70055,1.70078,1.00,1.00
2018.05.21 12:39:22.397,1.70052,1.7008,1.00,1.12
2018.05.21 12:39:22.449,1.70054,1.70082,1.00,1.12
2018.05.21 12:39:22.881,1.70053,1.70078,1.00,1.00
2018.05.21 12:39:23.593,1.70054,1.70078,1.00,1.00
2018.05.21 12:39:24.447,1.70052,1.70078,1.00,1.50
2018.05.21 12:39:24.844,1.7005,1.70078,1.00,1.50
2018.05.21 12:39:24.896,1.70054,1.70078,1.50,1.00
2018.05.21 12:39:25.182,1.70051,1.70077,1.00,1.00
2018.05.21 12:39:25.233,1.70051,1.70079,1.00,1.50
2018.05.21 12:39:25.284,1.70051,1.70075,1.00,1.00
2018.05.21 12:39:25.386,1.70049,1.70075,1.50,1.00
2018.05.21 12:39:25.591,1.70047,1.70075,1.00,1.00
2018.05.21 12:39:26.068,1.70044,1.70073,1.50,1.00
2018.05.21 12:39:26.373,1.70047,1.70075,1.00,1.00
2018.05.21 12:39:26.898,1.70048,1.70076,1.00,1.12
2018.05.21 12:39:27.408,1.70049,1.70076,1.00,1.00
2018.05.21 12:39:27.965,1.70046,1.70076,1.00,1.00
2018.05.21 12:39:28.523,1.70047,1.70076,1.00,1.00
2018.05.21 12:39:28.973,1.70045,1.70074,1.00,1.00
2018.05.21 12:39:29.518,1.70045,1.70077,1.00,1.38
2018.05.21 12:39:29.838,1.70047,1.70077,1.00,1.38
2018.05.21 12:39:30.069,1.70047,1.70077,1.00,1.25
2018.05.21 12:39:33.082,1.70049,1.70074,1.00,1.00
2018.05.21 12:39:33.590,1.7005,1.70074,1.00,1.00
2018.05.21 12:39:33.757,1.7005,1.70078,1.00,1.50
2018.05.21 12:39:34.018,1.70054,1.70078,1.00,1.00
2018.05.21 12:39:34.069,1.70051,1.70078,1.00,1.00
2018.05.21 12:39:34.586,1.70051,1.70079,1.00,1.00
2018.05.21 12:39:35.717,1.70051,1.70078,1.00,1.00
2018.05.21 12:39:36.172,1.70049,1.70078,1.00,1.00
2018.05.21 12:39:36.429,1.70051,1.70078,1.00,1.00
2018.05.21 12:39:37.299,1.70053,1.70078,1.00,1.00
2018.05.21 12:39:38.288,1.70053,1.7008,1.00,1.00
2018.05.21 12:39:39.448,1.70053,1.70078,1.00,1.00
2018.05.21 12:39:39.550,1.70049,1.70078,1.00,1.00
2018.05.21 12:39:40.501,1.70048,1.70082,1.88,2.06
2018.05.21 12:39:40.553,1.70056,1.70086,1.00,1.31
2018.05.21 12:39:40.868,1.70063,1.70093,1.00,1.00
2018.05.21 12:39:41.010,1.70061,1.70093,1.50,1.37
2018.05.21 12:39:41.061,1.70059,1.70091,2.25,1.37
2018.05.21 12:39:41.471,1.70063,1.70088,1.00,1.00
2018.05.21 12:39:42.441,1.70065,1.7009,1.00,1.00
2018.05.21 12:39:42.745,1.70067,1.70092,1.00,1.00
2018.05.21 12:39:43.080,1.70066,1.7009,1.00,1.81
2018.05.21 12:39:43.591,1.70066,1.7009,1.00,1.00
2018.05.21 12:39:44.599,1.70064,1.7009,1.00,1.50
2018.05.21 12:39:44.801,1.70066,1.70091,1.00,1.25
2018.05.21 12:39:45.646,1.70064,1.70089,1.00,1.12
2018.05.21 12:39:45.954,1.70067,1.70092,1.00,1.88
2018.05.21 12:39:46.551,1.70065,1.70092,1.00,1.38
2018.05.21 12:39:47.100,1.70065,1.70092,1.00,1.73
2018.05.21 12:39:47.212,1.7006,1.70087,1.00,1.88
2018.05.21 12:39:47.266,1.7006,1.70088,1.00,1.88
2018.05.21 12:39:47.420,1.7006,1.70084,1.00,1.00
2018.05.21 12:39:48.368,1.70059,1.70084,1.00,1.00
2018.05.21 12:39:50.153,1.70062,1.70086,1.00,1.25
2018.05.21 12:39:50.638,1.70063,1.70088,1.00,1.25
2018.05.21 12:39:50.689,1.7006,1.70085,1.00,1.13
2018.05.21 12:39:51.043,1.70057,1.70084,1.00,1.25
2018.05.21 12:39:51.093,1.70059,1.70085,1.00,1.25
2018.05.21 12:39:51.380,1.70057,1.70085,1.00,1.25
2018.05.21 12:39:51.431,1.70057,1.70083,1.00,1.00
2018.05.21 12:39:53.733,1.70056,1.70082,1.00,1.00
2018.05.21 12:39:54.305,1.70056,1.70081,1.00,1.00
2018.05.21 12:39:54.357,1.70058,1.70085,1.00,1.60
2018.05.21 12:39:54.409,1.70053,1.7008,1.00,1.00
2018.05.21 12:39:54.512,1.70051,1.70076,1.00,1.00
2018.05.21 12:39:54.614,1.70052,1.70079,1.00,1.00
2018.05.21 12:39:55.145,1.70052,1.7008,1.00,1.00
2018.05.21 12:39:55.439,1.70056,1.70081,1.00,1.00
2018.05.21 12:39:55.772,1.70058,1.7008,1.00,1.00
2018.05.21 12:39:56.079,1.7006,1.7008,1.00,1.00
2018.05.21 12:39:56.130,1.7006,1.70082,1.00,1.00
2018.05.21 12:39:56.818,1.7006,1.70083,1.00,1.00
2018.05.21 12:39:57.339,1.7006,1.70082,1.00,1.00
2018.05.21 12:39:57.854,1.7006,1.70083,1.00,1.00
2018.05.21 12:39:58.392,1.7006,1.70082,1.00,1.00
2018.05.21 12:39:59.100,1.7006,1.70083,1.00,1.00
2018.05.21 12:39:59.686,1.7006,1.70082,1.00,1.00
2018.05.21 12:40:00.166,1.70057,1.7008,1.00,1.00
2018.05.21 12:40:00.269,1.70054,1.70081,1.88,1.00
2018.05.21 12:40:00.320,1.70058,1.70081,1.00,1.00
2018.05.21 12:40:00.637,1.7006,1.70082,1.00,1.00
2018.05.21 12:40:01.201,1.70062,1.70082,1.00,1.00
2018.05.21 12:40:01.728,1.70061,1.7008,1.00,1.00
2018.05.21 12:40:01.780,1.70058,1.70079,1.00,1.00
2018.05.21 12:40:01.832,1.70058,1.70082,1.50,1.00
2018.05.21 12:40:01.938,1.7006,1.70082,2.25,1.00
2018.05.21 12:40:01.989,1.7006,1.70084,1.50,1.00
2018.05.21 12:40:02.517,1.7006,1.70083,1.50,1.00
2018.05.21 12:40:02.820,1.7006,1.70087,1.50,1.00
2018.05.21 12:40:02.922,1.70059,1.70085,1.00,1.00
2018.05.21 12:40:03.278,1.70058,1.70082,1.00,1.00
2018.05.21 12:40:03.787,1.70057,1.70081,1.38,1.00
2018.05.21 12:40:04.104,1.70057,1.70083,1.25,1.00
2018.05.21 12:40:05.199,1.70057,1.70082,1.00,1.00
2018.05.21 12:40:05.250,1.70057,1.7008,1.00,1.00
2018.05.21 12:40:05.352,1.70057,1.70082,1.00,1.00
2018.05.21 12:40:05.929,1.70057,1.70081,1.00,1.00
2018.05.21 12:40:07.242,1.70056,1.70081,1.00,1.00
2018.05.21 12:40:08.497,1.70056,1.7008,1.00,1.00
2018.05.21 12:40:10.727,1.70056,1.70081,1.00,1.00
2018.05.21 12:40:11.148,1.70054,1.70081,1.00,1.00
2018.05.21 12:40:11.748,1.70054,1.7008,1.00,1.00
2018.05.21 12:40:12.520,1.70053,1.70079,1.25,1.00
2018.05.21 12:40:13.140,1.70053,1.70081,1.38,1.00
2018.05.21 12:40:13.270,1.70051,1.70078,1.00,1.00
2018.05.21 12:40:13.321,1.70049,1.70074,1.38,1.00
2018.05.21 12:40:13.379,1.70046,1.70073,1.88,1.00
2018.05.21 12:40:13.450,1.70045,1.70075,1.38,1.00
2018.05.21 12:40:13.988,1.70045,1.70074,1.88,1.00
2018.05.21 12:40:14.527,1.70045,1.70075,1.38,1.00
2018.05.21 12:40:15.078,1.70045,1.70074,1.88,1.50
2018.05.21 12:40:15.539,1.70044,1.70072,1.38,1.00
2018.05.21 12:40:16.088,1.70045,1.70071,1.44,1.00
2018.05.21 12:40:16.395,1.70045,1.70072,1.38,1.00
2018.05.21 12:40:16.664,1.70047,1.70074,1.38,1.00
2018.05.21 12:40:16.765,1.70048,1.70074,1.38,1.00
2018.05.21 12:40:16.867,1.70049,1.70078,1.00,1.00
2018.05.21 12:40:16.917,1.70049,1.70076,1.44,1.00
2018.05.21 12:40:17.538,1.70049,1.70075,1.25,1.00
2018.05.21 12:40:19.457,1.70049,1.70074,1.25,1.00
2018.05.21 12:40:20.287,1.70052,1.70076,1.00,1.00
2018.05.21 12:40:20.338,1.70053,1.7008,1.00,1.00
2018.05.21 12:40:20.826,1.70053,1.70082,1.00,1.50
2018.05.21 12:40:20.878,1.70053,1.7008,1.00,1.00
2018.05.21 12:40:21.183,1.70053,1.70082,1.00,1.00
2018.05.21 12:40:21.718,1.70053,1.70083,1.00,1.50
2018.05.21 12:40:21.833,1.70053,1.70081,1.00,1.00
2018.05.21 12:40:22.343,1.70053,1.70082,1.00,1.00
2018.05.21 12:40:22.929,1.70053,1.70083,1.00,1.50
2018.05.21 12:40:23.490,1.70052,1.70081,1.00,1.00
2018.05.21 12:40:25.154,1.70052,1.70082,1.00,1.50
2018.05.21 12:40:25.665,1.70052,1.70081,1.00,1.00
2018.05.21 12:40:26.407,1.70052,1.70082,1.00,1.50
2018.05.21 12:40:26.732,1.7006,1.70087,1.00,1.00
2018.05.21 12:40:26.835,1.7006,1.7009,1.50,1.00
2018.05.21 12:40:27.122,1.70063,1.70092,1.00,1.00
2018.05.21 12:40:27.688,1.70064,1.70093,1.00,1.25
2018.05.21 12:40:27.992,1.70065,1.7009,1.00,1.00
2018.05.21 12:40:28.196,1.70064,1.70093,1.00,1.50
2018.05.21 12:40:28.247,1.70066,1.70095,1.00,1.00
2018.05.21 12:40:28.557,1.70064,1.70094,1.00,1.00
2018.05.21 12:40:29.111,1.70064,1.70093,1.00,1.00
2018.05.21 12:40:29.415,1.70066,1.70093,1.00,1.00
2018.05.21 12:40:29.582,1.70061,1.70089,1.00,1.00
2018.05.21 12:40:29.801,1.70064,1.7009,1.00,1.00
2018.05.21 12:40:29.852,1.70061,1.70091,1.50,1.00
2018.05.21 12:40:30.301,1.7006,1.7009,1.00,1.44
2018.05.21 12:40:30.820,1.7006,1.70088,1.00,1.50
2018.05.21 12:40:35.880,1.70054,1.70084,1.00,1.00
2018.05.21 12:40:36.011,1.70053,1.70081,1.00,1.35
2018.05.21 12:40:36.318,1.7005,1.70078,1.50,1.00
2018.05.21 12:40:38.069,1.70049,1.70077,2.25,1.00
2018.05.21 12:40:40.101,1.70049,1.70079,1.00,1.00
2018.05.21 12:40:40.829,1.70049,1.70077,1.50,1.00
2018.05.21 12:40:41.832,1.70049,1.70076,1.00,1.00
2018.05.21 12:40:41.884,1.70045,1.70073,1.00,1.00
2018.05.21 12:40:42.016,1.70045,1.70075,1.38,1.50
2018.05.21 12:40:42.119,1.70045,1.70075,1.00,1.50
2018.05.21 12:40:42.171,1.70043,1.70071,1.75,1.00
2018.05.21 12:40:42.279,1.70056,1.70082,1.00,1.00
2018.05.21 12:40:42.391,1.70059,1.70083,1.00,1.00
2018.05.21 12:40:42.442,1.70058,1.70087,1.00,1.00
2018.05.21 12:40:42.648,1.70062,1.70087,1.00,1.00
2018.05.21 12:40:42.802,1.7006,1.70087,1.00,1.50
2018.05.21 12:40:44.112,1.7006,1.70085,1.00,1.00
2018.05.21 12:40:44.433,1.70047,1.70072,1.81,1.50
2018.05.21 12:40:44.485,1.70052,1.70078,1.00,1.00
2018.05.21 12:40:44.539,1.70056,1.7008,1.00,1.12
2018.05.21 12:40:44.590,1.70053,1.7008,1.00,1.12
2018.05.21 12:40:44.642,1.7005,1.7008,1.00,1.12
2018.05.21 12:40:44.745,1.70052,1.7008,1.00,1.00
2018.05.21 12:40:45.074,1.70054,1.70081,1.00,1.00
2018.05.21 12:40:45.803,1.70054,1.7008,1.00,1.00
2018.05.21 12:40:46.176,1.70052,1.70079,1.50,1.00
2018.05.21 12:40:46.228,1.70054,1.70079,1.00,1.00
2018.05.21 12:40:46.279,1.70054,1.70082,1.00,1.00
2018.05.21 12:40:46.331,1.70055,1.70084,1.00,1.00
2018.05.21 12:40:46.541,1.7006,1.70084,1.00,1.00
2018.05.21 12:40:46.682,1.70058,1.70084,1.00,1.00
2018.05.21 12:40:46.834,1.70056,1.70085,1.50,1.00
2018.05.21 12:40:47.368,1.70056,1.70084,1.00,1.00
2018.05.21 12:40:47.419,1.70058,1.70085,1.00,1.50
2018.05.21 12:40:47.671,1.70063,1.70091,1.00,1.00
2018.05.21 12:40:47.722,1.70063,1.70089,1.00,1.00
2018.05.21 12:40:48.053,1.70063,1.70087,1.00,1.00
2018.05.21 12:40:48.260,1.70061,1.70087,1.00,1.37
2018.05.21 12:40:48.526,1.7006,1.70084,1.00,1.00
2018.05.21 12:40:49.054,1.70059,1.70083,1.00,1.00
2018.05.21 12:40:50.479,1.70059,1.70082,1.00,1.50
2018.05.21 12:40:50.678,1.70057,1.70081,1.00,1.12
2018.05.21 12:40:50.931,1.70052,1.70081,1.00,1.00
2018.05.21 12:40:51.471,1.70052,1.70079,1.00,1.00
2018.05.21 12:40:51.793,1.70054,1.70078,1.00,1.50
2018.05.21 12:40:51.844,1.70054,1.70078,1.00,1.00
2018.05.21 12:40:52.249,1.70054,1.70075,1.00,1.00
2018.05.21 12:40:52.470,1.70045,1.70075,1.00,1.00
2018.05.21 12:40:53.111,1.70044,1.70074,1.50,1.00
2018.05.21 12:40:53.163,1.70042,1.70071,1.00,1.12
2018.05.21 12:40:53.434,1.70044,1.70074,1.00,1.12
2018.05.21 12:40:53.638,1.70041,1.70073,1.00,1.00
2018.05.21 12:40:53.791,1.7004,1.70069,2.25,1.00
2018.05.21 12:40:54.277,1.70041,1.70071,1.00,1.00
2018.05.21 12:40:54.328,1.7004,1.70069,1.00,1.00
2018.05.21 12:40:54.663,1.70042,1.70071,1.00,1.00
2018.05.21 12:40:54.966,1.70049,1.70075,1.00,1.00
2018.05.21 12:40:55.017,1.70045,1.70075,1.00,1.00
2018.05.21 12:40:55.573,1.70046,1.70075,1.00,1.00
2018.05.21 12:40:56.121,1.7005,1.70078,1.00,1.50
2018.05.21 12:40:56.527,1.70048,1.70077,1.00,1.00
2018.05.21 12:40:57.062,1.70049,1.70078,1.00,2.25
2018.05.21 12:40:57.581,1.70049,1.70077,1.00,1.00
2018.05.21 12:40:58.058,1.70047,1.70078,1.00,2.25
2018.05.21 12:40:58.211,1.70048,1.70077,1.00,1.00
2018.05.21 12:40:58.728,1.70048,1.70078,1.00,1.00
2018.05.21 12:40:59.599,1.70048,1.70077,1.00,1.00
2018.05.21 12:41:00.491,1.7005,1.70078,1.00,1.00
2018.05.21 12:41:01.019,1.7005,1.70079,1.00,1.00
2018.05.21 12:41:01.489,1.70048,1.70077,1.50,1.00
2018.05.21 12:41:01.798,1.70049,1.70077,1.00,1.13
2018.05.21 12:41:01.849,1.70047,1.70078,1.00,1.88
2018.05.21 12:41:02.369,1.70047,1.70077,1.00,1.13
2018.05.21 12:41:03.529,1.70048,1.70076,1.00,1.25
2018.05.21 12:41:03.911,1.70046,1.70071,1.25,1.00
2018.05.21 12:41:04.001,1.70047,1.70078,1.00,1.00
2018.05.21 12:41:04.053,1.70048,1.70076,1.00,1.00
2018.05.21 12:41:04.551,1.70046,1.70077,1.00,1.00
2018.05.21 12:41:04.602,1.70046,1.70075,1.38,1.00
2018.05.21 12:41:04.922,1.70048,1.7008,1.00,1.50
2018.05.21 12:41:05.439,1.70048,1.7008,1.44,1.00
2018.05.21 12:41:05.592,1.70048,1.70078,1.25,1.00
2018.05.21 12:41:07.232,1.70047,1.70078,1.50,1.50
2018.05.21 12:41:07.542,1.70043,1.70074,1.13,1.00
2018.05.21 12:41:07.859,1.70047,1.70078,1.81,1.50
2018.05.21 12:41:07.910,1.70043,1.70075,1.00,1.00
2018.05.21 12:41:08.062,1.70043,1.70075,1.38,1.25
2018.05.21 12:41:08.163,1.70043,1.70075,1.38,1.00
2018.05.21 12:41:08.671,1.70045,1.70074,1.00,1.00
2018.05.21 12:41:09.374,1.70045,1.70073,1.00,1.00
2018.05.21 12:41:09.528,1.70046,1.70075,1.00,1.00
2018.05.21 12:41:09.696,1.70047,1.70077,1.25,1.00
2018.05.21 12:41:09.747,1.70051,1.70078,1.00,1.00
2018.05.21 12:41:09.798,1.70052,1.7008,1.00,1.69
2018.05.21 12:41:10.339,1.70051,1.7008,1.38,1.00
2018.05.21 12:41:10.688,1.70051,1.7008,1.25,1.00
2018.05.21 12:41:10.740,1.70051,1.70082,1.38,1.00
2018.05.21 12:41:11.532,1.70051,1.70082,1.00,1.00
2018.05.21 12:41:12.250,1.70051,1.70082,1.38,1.00
2018.05.21 12:41:12.759,1.70052,1.70083,1.44,1.50
2018.05.21 12:41:13.286,1.70052,1.70083,1.25,1.00
2018.05.21 12:41:13.593,1.70067,1.70095,1.00,1.00
2018.05.21 12:41:14.240,1.70063,1.70092,1.00,1.00
2018.05.21 12:41:14.292,1.70059,1.70091,1.25,1.00
2018.05.21 12:41:14.343,1.70059,1.70089,1.00,1.00
2018.05.21 12:41:14.691,1.70065,1.70087,1.00,1.00
2018.05.21 12:41:14.742,1.7006,1.70088,1.00,1.00
2018.05.21 12:41:15.259,1.70059,1.70088,1.00,1.00
2018.05.21 12:41:16.518,1.70058,1.70088,1.00,1.00
2018.05.21 12:41:16.672,1.70057,1.70085,1.00,1.00
2018.05.21 12:41:16.724,1.70055,1.70084,1.00,1.00
2018.05.21 12:41:16.906,1.70058,1.70083,1.00,1.00
2018.05.21 12:41:17.009,1.70064,1.70093,1.00,1.00
2018.05.21 12:41:17.060,1.70059,1.70082,1.00,1.00
2018.05.21 12:41:17.163,1.70055,1.70085,2.25,1.00
2018.05.21 12:41:17.214,1.70055,1.70087,1.50,1.50
2018.05.21 12:41:18.086,1.70055,1.70087,1.88,1.00
2018.05.21 12:41:18.589,1.70054,1.70086,1.44,1.00
2018.05.21 12:41:18.998,1.70057,1.70086,1.88,1.00
2018.05.21 12:41:19.679,1.70057,1.70088,1.88,1.00
2018.05.21 12:41:20.186,1.70058,1.70088,1.44,1.00
2018.05.21 12:41:21.018,1.70057,1.70087,1.38,1.00
2018.05.21 12:41:21.480,1.70057,1.70087,1.13,1.00
2018.05.21 12:41:22.003,1.70062,1.70093,1.00,2.25
2018.05.21 12:41:22.054,1.70059,1.70088,1.50,1.00
2018.05.21 12:41:22.589,1.70059,1.70087,1.00,1.00
2018.05.21 12:41:23.112,1.70058,1.70087,1.00,1.00
2018.05.21 12:41:23.728,1.70061,1.7009,1.00,1.00
2018.05.21 12:41:23.830,1.70057,1.70087,1.00,1.00
2018.05.21 12:41:24.332,1.70056,1.70085,1.50,1.00
2018.05.21 12:41:25.151,1.70055,1.70084,2.44,1.00
2018.05.21 12:41:25.493,1.70054,1.70081,1.00,1.00
2018.05.21 12:41:26.059,1.70052,1.70081,2.00,1.00
2018.05.21 12:41:26.501,1.70053,1.70083,2.19,1.00
2018.05.21 12:41:26.655,1.70052,1.70082,1.12,1.00
2018.05.21 12:41:27.201,1.7005,1.70079,1.31,1.00
2018.05.21 12:41:27.455,1.70046,1.70077,1.44,1.00
2018.05.21 12:41:27.618,1.70045,1.70074,1.00,1.00
2018.05.21 12:41:27.943,1.70046,1.70075,1.44,1.00
2018.05.21 12:41:27.995,1.70045,1.70074,1.00,1.00
2018.05.21 12:41:29.601,1.70044,1.70073,1.25,1.00
2018.05.21 12:41:30.080,1.70044,1.70073,1.44,1.00
2018.05.21 12:41:30.283,1.70044,1.70073,1.00,1.00
2018.05.21 12:41:30.508,1.70044,1.70073,1.38,1.00
2018.05.21 12:41:30.659,1.70044,1.70073,1.13,1.00
2018.05.21 12:41:31.539,1.70043,1.70075,1.88,1.50
2018.05.21 12:41:32.397,1.70043,1.70073,1.38,1.00
2018.05.21 12:41:32.938,1.70043,1.70073,1.13,1.00
2018.05.21 12:41:33.631,1.70043,1.70073,1.38,1.00
2018.05.21 12:41:34.373,1.70043,1.70073,1.13,1.00
2018.05.21 12:41:34.887,1.70043,1.70073,1.38,1.00
2018.05.21 12:41:35.417,1.70046,1.70075,1.00,1.00
2018.05.21 12:41:35.467,1.70044,1.70075,3.00,1.00
2018.05.21 12:41:35.569,1.70045,1.70075,1.38,1.00
2018.05.21 12:41:35.771,1.70044,1.70075,1.50,1.00
2018.05.21 12:41:36.024,1.70043,1.70073,1.88,1.00
2018.05.21 12:41:36.591,1.70044,1.70074,1.25,1.00
2018.05.21 12:41:37.168,1.70044,1.70074,1.38,1.00
2018.05.21 12:41:37.496,1.70044,1.70074,1.38,1.00
2018.05.21 12:41:37.597,1.70044,1.70074,1.38,1.00
2018.05.21 12:41:38.108,1.70044,1.70074,1.25,1.00
2018.05.21 12:41:38.621,1.70043,1.70073,1.38,1.00
2018.05.21 12:41:38.672,1.70043,1.70073,1.88,1.00
2018.05.21 12:41:38.943,1.70043,1.70073,1.50,1.00
2018.05.21 12:41:38.994,1.70043,1.70073,1.88,1.00
2018.05.21 12:41:39.496,1.70043,1.70072,1.38,1.00
2018.05.21 12:41:40.254,1.70042,1.70072,1.88,1.00
2018.05.21 12:41:40.305,1.70042,1.70074,1.38,1.00
2018.05.21 12:41:40.458,1.70044,1.70074,1.13,1.00
2018.05.21 12:41:41.715,1.70044,1.70074,1.44,1.00
2018.05.21 12:41:41.885,1.70042,1.70071,1.00,1.00
2018.05.21 12:41:41.936,1.70044,1.70074,1.00,1.00
2018.05.21 12:41:42.038,1.70046,1.70075,1.00,1.12
2018.05.21 12:41:42.677,1.70048,1.70077,1.00,1.00
2018.05.21 12:41:43.830,1.70048,1.70078,1.00,1.00
2018.05.21 12:41:45.090,1.70048,1.7008,1.50,1.50
2018.05.21 12:41:45.141,1.7005,1.70081,1.00,1.00
2018.05.21 12:41:45.447,1.70053,1.70083,1.00,1.50
2018.05.21 12:41:45.600,1.70051,1.70081,1.00,1.37
2018.05.21 12:41:45.751,1.70049,1.7008,1.50,1.31
2018.05.21 12:41:46.377,1.70049,1.70079,1.00,1.00
2018.05.21 12:41:46.927,1.70049,1.7008,1.00,1.31
2018.05.21 12:41:47.236,1.70054,1.7008,1.00,1.12
2018.05.21 12:41:47.737,1.70054,1.70081,1.00,1.12
2018.05.21 12:41:48.269,1.70054,1.70081,1.00,1.37
2018.05.21 12:41:48.779,1.70051,1.7008,1.25,1.12
2018.05.21 12:41:49.219,1.70051,1.70078,1.38,1.00
2018.05.21 12:41:49.372,1.70049,1.70076,1.00,1.00
2018.05.21 12:41:49.901,1.70048,1.70076,1.13,1.00
2018.05.21 12:41:50.131,1.70048,1.70076,1.88,1.00
2018.05.21 12:41:50.641,1.70048,1.70076,1.88,1.00
2018.05.21 12:41:51.152,1.70049,1.70077,1.00,1.00
2018.05.21 12:41:51.300,1.70049,1.70079,1.50,1.50
2018.05.21 12:41:51.749,1.70051,1.70079,1.00,1.50
2018.05.21 12:41:52.280,1.7005,1.70079,1.00,1.37
2018.05.21 12:41:52.821,1.7005,1.70079,1.00,1.00
2018.05.21 12:41:53.331,1.70051,1.70079,1.00,1.00
2018.05.21 12:41:53.618,1.70051,1.70081,1.25,1.00
2018.05.21 12:41:53.670,1.70053,1.70084,1.50,1.00
2018.05.21 12:41:53.722,1.70055,1.70085,1.00,1.00
2018.05.21 12:41:54.237,1.70056,1.70085,1.00,1.00
2018.05.21 12:41:54.784,1.70055,1.70085,1.50,1.00
2018.05.21 12:41:55.091,1.70053,1.7008,1.00,1.00
2018.05.21 12:41:55.193,1.7005,1.70079,1.00,1.00
2018.05.21 12:41:55.724,1.70051,1.70079,1.00,1.00
2018.05.21 12:41:56.398,1.7005,1.70079,1.50,1.00
2018.05.21 12:41:57.035,1.70051,1.70079,1.00,1.00
2018.05.21 12:41:57.916,1.7005,1.70079,1.50,1.00
2018.05.21 12:41:58.558,1.70051,1.70079,1.00,1.00
2018.05.21 12:42:00.104,1.70051,1.70079,1.44,1.00
2018.05.21 12:42:00.663,1.70051,1.70079,1.25,1.00
2018.05.21 12:42:00.920,1.70052,1.70081,1.00,1.50
2018.05.21 12:42:00.971,1.70053,1.70083,1.38,1.00
2018.05.21 12:42:01.153,1.70056,1.70086,1.00,1.25
2018.05.21 12:42:04.286,1.70056,1.70086,1.38,1.00
2018.05.21 12:42:04.388,1.70059,1.70088,1.00,1.00
2018.05.21 12:42:04.542,1.70063,1.70093,1.00,1.00
2018.05.21 12:42:05.166,1.70062,1.70093,1.00,1.00
2018.05.21 12:42:05.271,1.70063,1.70095,1.00,1.00
2018.05.21 12:42:05.828,1.70064,1.70095,1.00,1.00
2018.05.21 12:42:06.394,1.70064,1.70094,1.50,1.00
2018.05.21 12:42:06.907,1.70063,1.70093,1.00,1.00
2018.05.21 12:42:14.802,1.70061,1.7009,1.50,1.00
2018.05.21 12:42:14.959,1.70057,1.70087,1.00,1.00
2018.05.21 12:42:15.011,1.70059,1.70087,1.38,1.00
2018.05.21 12:42:15.062,1.70059,1.70087,1.69,1.00
2018.05.21 12:42:15.114,1.70064,1.7009,1.00,1.00
2018.05.21 12:42:15.377,1.7006,1.70089,1.00,1.00
2018.05.21 12:42:15.529,1.70058,1.70088,2.25,1.00
2018.05.21 12:42:15.630,1.70058,1.70088,2.63,1.00
2018.05.21 12:42:16.025,1.70059,1.70088,1.13,1.00
2018.05.21 12:42:16.077,1.70058,1.70086,1.00,1.00
2018.05.21 12:42:16.636,1.70059,1.70085,1.25,1.00
2018.05.21 12:42:16.892,1.70059,1.70088,1.88,1.00
2018.05.21 12:42:16.943,1.70059,1.70088,1.88,1.00
2018.05.21 12:42:17.298,1.7006,1.70088,1.88,1.00
2018.05.21 12:42:17.938,1.7006,1.70088,1.25,1.00
2018.05.21 12:42:18.477,1.70061,1.70088,1.00,1.00
2018.05.21 12:42:20.650,1.70061,1.70089,1.00,1.00
2018.05.21 12:42:20.753,1.70061,1.70091,1.44,1.00
2018.05.21 12:42:20.959,1.70064,1.70092,1.00,1.00
2018.05.21 12:42:21.302,1.70063,1.70083,1.00,1.00
2018.05.21 12:42:21.606,1.70053,1.70072,1.50,1.00
2018.05.21 12:42:22.070,1.70056,1.70074,1.00,1.00
2018.05.21 12:42:22.173,1.70056,1.70077,1.50,1.00
2018.05.21 12:42:22.224,1.70056,1.70075,1.88,1.00
2018.05.21 12:42:22.897,1.7006,1.70077,1.00,1.00
2018.05.21 12:42:22.999,1.70062,1.70082,1.00,1.00
2018.05.21 12:42:23.530,1.70063,1.70082,1.00,1.00
2018.05.21 12:42:24.052,1.70064,1.70082,1.00,1.00
2018.05.21 12:42:24.289,1.70064,1.70084,1.00,1.00
2018.05.21 12:42:24.340,1.70064,1.70082,1.00,1.00
2018.05.21 12:42:24.868,1.70064,1.70083,1.00,1.00
2018.05.21 12:42:25.282,1.70066,1.70084,1.00,1.00
2018.05.21 12:42:25.384,1.70065,1.70086,1.00,1.00
2018.05.21 12:42:25.536,1.70064,1.70084,1.00,1.00
2018.05.21 12:42:25.638,1.70065,1.70086,1.00,1.00
2018.05.21 12:42:25.689,1.70065,1.70084,1.00,1.00
2018.05.21 12:42:26.163,1.70066,1.70086,1.50,1.00
2018.05.21 12:42:26.749,1.70066,1.70085,1.50,1.00
2018.05.21 12:42:28.029,1.70066,1.70083,1.00,1.00
2018.05.21 12:42:28.130,1.70062,1.70084,1.50,1.00
2018.05.21 12:42:28.181,1.70062,1.70082,1.50,1.00
2018.05.21 12:42:28.658,1.7006,1.70078,1.00,1.00
2018.05.21 12:42:29.068,1.70061,1.70082,1.00,1.00
2018.05.21 12:42:29.272,1.70063,1.70083,1.00,1.00
2018.05.21 12:42:29.601,1.70065,1.70081,1.00,1.00
2018.05.21 12:42:29.893,1.70063,1.70081,1.00,1.00
2018.05.21 12:42:29.944,1.70061,1.70079,1.00,1.00
2018.05.21 12:42:30.046,1.70062,1.70082,1.00,1.00
2018.05.21 12:42:30.097,1.70064,1.70082,1.00,1.00
2018.05.21 12:42:30.791,1.70064,1.70083,1.00,1.00
2018.05.21 12:42:31.046,1.70062,1.70082,1.50,1.00
2018.05.21 12:42:31.097,1.70062,1.7008,1.00,1.00
2018.05.21 12:42:31.300,1.70063,1.70083,1.00,1.00
2018.05.21 12:42:31.668,1.70061,1.70082,1.00,1.00
2018.05.21 12:42:31.769,1.70067,1.70084,1.00,1.00
2018.05.21 12:42:31.871,1.70068,1.70086,1.00,1.00
2018.05.21 12:42:31.922,1.70068,1.70084,1.00,1.00
2018.05.21 12:42:32.891,1.70066,1.70084,1.00,1.00
2018.05.21 12:42:33.824,1.70066,1.70085,1.13,1.00
2018.05.21 12:42:34.347,1.70066,1.70084,1.13,1.00
2018.05.21 12:42:35.616,1.70066,1.70085,1.19,1.00
2018.05.21 12:42:35.668,1.70066,1.70085,1.00,1.00
2018.05.21 12:42:35.820,1.70068,1.70085,1.00,1.00
2018.05.21 12:42:36.125,1.70066,1.70085,1.00,1.00
2018.05.21 12:42:36.177,1.70066,1.70085,1.38,1.00
2018.05.21 12:42:36.696,1.70068,1.70086,1.00,1.00
2018.05.21 12:42:37.246,1.70068,1.70085,1.00,1.00
2018.05.21 12:42:37.762,1.70068,1.70086,1.13,1.00
2018.05.21 12:42:38.295,1.70068,1.70085,1.44,1.00
2018.05.21 12:42:38.753,1.70066,1.70085,1.38,1.00
2018.05.21 12:42:39.298,1.70066,1.70086,1.38,1.00
2018.05.21 12:42:39.845,1.70068,1.70085,1.00,1.00
2018.05.21 12:42:40.729,1.70068,1.70085,1.38,1.00
2018.05.21 12:42:40.780,1.70068,1.70085,1.00,1.00
2018.05.21 12:42:41.269,1.70066,1.70085,1.38,1.00
2018.05.21 12:42:41.847,1.70068,1.70086,1.38,1.00
2018.05.21 12:42:42.194,1.70068,1.70084,1.38,1.00
2018.05.21 12:42:42.463,1.70066,1.70086,1.38,1.00
2018.05.21 12:42:42.833,1.70066,1.70085,1.00,1.00
2018.05.21 12:42:43.086,1.70068,1.70085,1.00,1.00
2018.05.21 12:42:43.442,1.70067,1.70087,1.63,1.00
2018.05.21 12:42:43.494,1.70067,1.70086,1.00,1.00
2018.05.21 12:42:43.596,1.70067,1.70086,1.38,1.00
2018.05.21 12:42:43.804,1.70067,1.70086,1.00,1.00
2018.05.21 12:42:44.111,1.70067,1.70087,1.38,1.00
2018.05.21 12:42:44.365,1.70067,1.70087,1.00,1.00
2018.05.21 12:42:44.467,1.70067,1.70087,1.38,1.00
2018.05.21 12:42:44.621,1.70066,1.70086,1.88,1.00
2018.05.21 12:42:44.825,1.7007,1.70088,1.00,1.00
2018.05.21 12:42:44.928,1.70066,1.70087,1.00,1.00
2018.05.21 12:42:45.468,1.70066,1.70086,1.25,1.00
2018.05.21 12:42:45.520,1.70066,1.70088,1.13,1.00
2018.05.21 12:42:45.724,1.70064,1.70088,1.00,1.00
2018.05.21 12:42:45.775,1.70064,1.70085,1.44,1.00
2018.05.21 12:42:46.118,1.70064,1.70081,1.00,1.00
2018.05.21 12:42:46.787,1.70063,1.70081,1.00,1.00
2018.05.21 12:42:47.341,1.70064,1.70081,1.00,1.00
2018.05.21 12:42:47.494,1.70064,1.70083,1.00,1.00
2018.05.21 12:42:48.068,1.70064,1.70082,1.00,1.00
2018.05.21 12:42:48.600,1.70064,1.70083,1.00,1.00
2018.05.21 12:42:48.860,1.70064,1.70081,1.00,1.00
2018.05.21 12:42:49.490,1.70064,1.7008,1.00,1.00
2018.05.21 12:42:50.038,1.70064,1.70082,1.00,1.00
2018.05.21 12:42:50.300,1.70064,1.7008,1.00,1.00
2018.05.21 12:42:50.566,1.70062,1.7008,1.00,1.00
2018.05.21 12:42:50.617,1.70058,1.7008,1.00,1.00
2018.05.21 12:42:51.309,1.70058,1.7008,1.44,1.00
2018.05.21 12:42:52.079,1.70062,1.70081,1.00,1.00
2018.05.21 12:42:52.385,1.70062,1.70079,1.00,1.00
2018.05.21 12:42:52.887,1.70062,1.7008,1.00,1.00
2018.05.21 12:42:53.994,1.70062,1.70081,1.00,1.00
2018.05.21 12:42:54.587,1.70062,1.7008,1.00,1.00
2018.05.21 12:42:55.098,1.70061,1.70081,1.00,1.00
2018.05.21 12:42:55.631,1.70061,1.7008,1.00,1.00
2018.05.21 12:42:55.936,1.70061,1.70082,1.00,1.00
2018.05.21 12:42:56.459,1.70061,1.70081,1.00,1.00
2018.05.21 12:42:56.970,1.70061,1.70082,1.00,1.00
2018.05.21 12:42:57.471,1.70061,1.70081,1.00,1.00
2018.05.21 12:42:57.675,1.7006,1.70079,1.00,1.00
2018.05.21 12:42:57.838,1.7006,1.70082,1.13,1.00
2018.05.21 12:42:57.896,1.70062,1.70083,1.00,1.00
2018.05.21 12:42:58.461,1.70062,1.70083,1.19,1.00
2018.05.21 12:42:59.003,1.70062,1.70085,1.25,1.00
2018.05.21 12:42:59.157,1.70062,1.70086,1.44,1.00
2018.05.21 12:42:59.209,1.70062,1.70086,1.13,1.00
2018.05.21 12:42:59.260,1.70062,1.70086,1.19,1.00
2018.05.21 12:42:59.312,1.70062,1.70086,1.00,1.00
2018.05.21 12:42:59.465,1.70062,1.70086,1.38,1.00
2018.05.21 12:42:59.516,1.70062,1.70086,1.13,1.00
2018.05.21 12:42:59.790,1.70063,1.70085,1.19,1.00
2018.05.21 12:43:00.403,1.70063,1.70085,1.19,1.00
2018.05.21 12:43:00.455,1.70063,1.70085,1.13,1.00
2018.05.21 12:43:00.506,1.70063,1.70085,1.38,1.00
2018.05.21 12:43:00.607,1.70063,1.70085,1.00,1.00
2018.05.21 12:43:00.759,1.70063,1.70085,1.44,1.00
2018.05.21 12:43:00.878,1.70063,1.70086,1.25,1.00
2018.05.21 12:43:00.980,1.70063,1.70085,1.38,1.00
2018.05.21 12:43:01.082,1.70063,1.70086,1.00,1.00
2018.05.21 12:43:01.335,1.70063,1.70084,1.00,1.00
2018.05.21 12:43:01.893,1.70063,1.70084,1.38,1.00
2018.05.21 12:43:01.945,1.70063,1.70086,1.00,1.00
2018.05.21 12:43:02.489,1.70063,1.70084,1.25,1.00
2018.05.21 12:43:02.908,1.70063,1.70086,1.38,1.00
2018.05.21 12:43:03.010,1.70063,1.70084,1.13,1.00
2018.05.21 12:43:03.112,1.70063,1.70086,1.44,1.00
2018.05.21 12:43:03.636,1.70063,1.70085,1.00,1.00
2018.05.21 12:43:04.098,1.70063,1.70086,1.38,1.00
2018.05.21 12:43:04.303,1.70063,1.70086,1.25,1.00
2018.05.21 12:43:04.354,1.70063,1.70084,1.38,1.00
2018.05.21 12:43:04.711,1.70063,1.70086,1.44,1.00
2018.05.21 12:43:05.098,1.70063,1.70084,1.38,1.00
2018.05.21 12:43:05.152,1.70063,1.70086,1.38,1.00
2018.05.21 12:43:05.355,1.70063,1.70084,1.00,1.00
2018.05.21 12:43:05.563,1.70061,1.70083,1.00,1.00
2018.05.21 12:43:06.112,1.70061,1.70084,1.00,1.00
2018.05.21 12:43:06.631,1.70061,1.70085,1.00,1.00
2018.05.21 12:43:06.813,1.70059,1.70084,1.00,1.00
2018.05.21 12:43:06.865,1.70059,1.70082,1.00,1.00
2018.05.21 12:43:07.515,1.70057,1.70082,1.25,1.00
2018.05.21 12:43:07.566,1.70057,1.70079,1.00,1.00
2018.05.21 12:43:08.139,1.70055,1.70078,1.38,1.00
2018.05.21 12:43:08.293,1.70053,1.70076,1.00,1.00
2018.05.21 12:43:08.395,1.70053,1.70077,1.38,1.00
2018.05.21 12:43:09.158,1.70053,1.70078,1.38,1.00
2018.05.21 12:43:09.708,1.70053,1.70077,1.38,1.00
2018.05.21 12:43:10.269,1.70053,1.70078,1.25,1.00
2018.05.21 12:43:10.372,1.70053,1.70078,1.38,1.00
2018.05.21 12:43:10.524,1.70053,1.70077,1.00,1.00
2018.05.21 12:43:10.635,1.70053,1.70077,1.38,1.00
2018.05.21 12:43:10.690,1.70053,1.70078,1.25,1.00
2018.05.21 12:43:10.844,1.70053,1.70078,1.38,1.00
2018.05.21 12:43:11.385,1.70057,1.70079,1.00,1.00
2018.05.21 12:43:11.934,1.70057,1.7008,1.00,1.00
2018.05.21 12:43:12.209,1.70054,1.70078,1.00,1.00
2018.05.21 12:43:12.751,1.70054,1.70077,1.00,1.00
2018.05.21 12:43:13.435,1.70054,1.70076,1.00,1.00
2018.05.21 12:43:13.979,1.70054,1.70077,1.00,1.00
2018.05.21 12:43:14.448,1.70056,1.70077,1.00,1.00
2018.05.21 12:43:14.979,1.70056,1.70078,1.50,1.00
2018.05.21 12:43:15.481,1.70056,1.70077,1.50,1.00
2018.05.21 12:43:15.999,1.70056,1.70076,1.50,1.00
2018.05.21 12:43:16.152,1.70056,1.70079,1.50,1.00
2018.05.21 12:43:16.204,1.70058,1.70079,1.00,1.00
2018.05.21 12:43:16.709,1.70058,1.7008,1.00,1.00
2018.05.21 12:43:17.013,1.70053,1.70075,1.00,1.00
2018.05.21 12:43:17.519,1.70054,1.70074,1.00,1.00
2018.05.21 12:43:19.014,1.70054,1.70075,1.00,1.00
2018.05.21 12:43:19.531,1.70054,1.70074,1.00,1.00
2018.05.21 12:43:20.835,1.70054,1.70075,1.00,1.00
2018.05.21 12:43:21.357,1.70053,1.70075,1.50,1.00
2018.05.21 12:43:21.980,1.70053,1.70074,1.50,1.00
2018.05.21 12:43:23.011,1.70056,1.70076,1.00,1.00
2018.05.21 12:43:23.163,1.70057,1.70078,1.00,1.00
2018.05.21 12:43:23.689,1.70056,1.70077,1.00,1.00
2018.05.21 12:43:24.193,1.70055,1.70077,1.50,1.00
2018.05.21 12:43:25.177,1.70055,1.70076,1.50,1.00
2018.05.21 12:43:25.762,1.70055,1.70077,1.50,1.00
2018.05.21 12:43:26.273,1.70055,1.70076,1.50,1.00
2018.05.21 12:43:27.459,1.70055,1.70077,1.50,1.00
2018.05.21 12:43:27.963,1.70055,1.70076,1.50,1.00
2018.05.21 12:43:28.829,1.70055,1.70077,1.50,1.00
2018.05.21 12:43:29.343,1.70055,1.70076,1.00,1.00
2018.05.21 12:43:29.862,1.70056,1.70076,1.00,1.00
2018.05.21 12:43:32.264,1.70056,1.70077,1.00,1.00
2018.05.21 12:43:32.772,1.70056,1.70076,1.00,1.00
2018.05.21 12:43:33.885,1.70056,1.70077,1.00,1.00
2018.05.21 12:43:34.496,1.70056,1.70078,1.00,1.00
2018.05.21 12:43:35.435,1.70056,1.70077,1.00,1.00
2018.05.21 12:43:35.967,1.70056,1.70078,1.00,1.00
2018.05.21 12:43:36.517,1.70055,1.70077,1.00,1.00
2018.05.21 12:43:37.078,1.70055,1.70078,1.00,1.00
2018.05.21 12:43:37.589,1.70055,1.70077,1.00,1.00
2018.05.21 12:43:39.547,1.70055,1.70078,1.00,1.00
2018.05.21 12:43:40.069,1.70055,1.70077,1.00,1.00
2018.05.21 12:43:40.605,1.70054,1.70076,1.00,1.00
2018.05.21 12:43:41.359,1.70054,1.70077,1.00,1.00
2018.05.21 12:43:42.022,1.70054,1.70076,1.00,1.00
2018.05.21 12:43:42.565,1.70054,1.70077,1.00,1.00
2018.05.21 12:43:43.226,1.70054,1.70076,1.00,1.00
2018.05.21 12:43:45.486,1.70054,1.70077,1.13,1.00
2018.05.21 12:43:45.911,1.70054,1.70075,1.00,1.00
2018.05.21 12:43:46.081,1.70054,1.70077,1.25,1.00
2018.05.21 12:43:46.575,1.70054,1.70078,1.19,1.00
2018.05.21 12:43:46.625,1.70054,1.70078,1.13,1.00
2018.05.21 12:43:46.727,1.70054,1.70078,1.38,1.00
2018.05.21 12:43:46.886,1.70054,1.70078,1.38,1.00
2018.05.21 12:43:47.388,1.70054,1.70077,1.13,1.00
2018.05.21 12:43:47.939,1.70054,1.70077,1.38,1.00
2018.05.21 12:43:48.440,1.70054,1.70078,1.13,1.00
2018.05.21 12:43:48.859,1.70054,1.70075,1.38,1.00
2018.05.21 12:43:49.148,1.70054,1.70077,1.38,1.00
2018.05.21 12:43:49.673,1.70054,1.70076,1.00,1.00
2018.05.21 12:43:50.379,1.70054,1.70076,1.38,1.00
2018.05.21 12:43:50.897,1.70055,1.70075,1.44,1.00
2018.05.21 12:43:51.507,1.70056,1.70076,1.00,1.00
2018.05.21 12:43:52.735,1.70056,1.70075,1.00,1.00
2018.05.21 12:43:53.292,1.70056,1.70076,1.00,1.00
2018.05.21 12:43:53.611,1.70062,1.70081,1.00,1.00
2018.05.21 12:43:54.123,1.70062,1.7008,1.00,1.00
2018.05.21 12:43:54.227,1.7006,1.7008,1.00,1.00
2018.05.21 12:43:54.282,1.70062,1.70082,1.00,1.00
2018.05.21 12:43:54.826,1.70063,1.70082,1.00,1.00
2018.05.21 12:43:56.142,1.70063,1.70083,1.00,1.00
2018.05.21 12:43:56.751,1.70063,1.70082,1.00,1.00
2018.05.21 12:43:57.080,1.70057,1.70079,1.00,1.60
2018.05.21 12:43:57.188,1.7005,1.70067,1.00,1.00
2018.05.21 12:43:57.291,1.70046,1.70066,1.00,1.00
2018.05.21 12:43:57.403,1.70053,1.70071,1.00,1.00
2018.05.21 12:43:57.455,1.70053,1.70073,1.00,1.00
2018.05.21 12:43:57.559,1.70059,1.70074,1.00,1.00
2018.05.21 12:43:57.610,1.70061,1.70078,1.00,1.00
2018.05.21 12:43:57.662,1.70061,1.7008,1.00,1.00
2018.05.21 12:43:57.815,1.70064,1.70082,1.00,1.00
2018.05.21 12:43:58.361,1.70064,1.70081,1.00,1.00
2018.05.21 12:43:58.968,1.70064,1.70082,1.00,1.00
2018.05.21 12:43:59.638,1.70062,1.70082,1.00,1.00
2018.05.21 12:44:00.155,1.70062,1.70084,1.00,1.00
2018.05.21 12:44:00.224,1.70066,1.70082,1.00,1.00
2018.05.21 12:44:00.327,1.70065,1.70084,1.00,1.00
2018.05.21 12:44:00.721,1.70069,1.70084,1.00,1.00
2018.05.21 12:44:00.773,1.70065,1.70085,1.00,1.00
2018.05.21 12:44:00.963,1.70062,1.70082,1.00,1.00
2018.05.21 12:44:01.476,1.70061,1.70082,1.00,1.00
2018.05.21 12:44:02.001,1.70062,1.70082,1.00,1.00
2018.05.21 12:44:02.452,1.70064,1.70081,1.00,1.00
2018.05.21 12:44:02.502,1.70062,1.70081,1.00,1.00
2018.05.21 12:44:03.622,1.70062,1.70082,1.00,1.00
2018.05.21 12:44:04.220,1.70062,1.70083,1.00,1.00
2018.05.21 12:44:05.165,1.70064,1.70082,1.00,1.00
2018.05.21 12:44:05.216,1.70064,1.70085,1.00,1.00
2018.05.21 12:44:05.267,1.70066,1.70085,1.00,1.00
2018.05.21 12:44:05.318,1.70067,1.70088,1.00,1.00
2018.05.21 12:44:05.873,1.70068,1.70087,1.00,1.00
2018.05.21 12:44:06.374,1.7007,1.70088,1.00,1.00
2018.05.21 12:44:06.939,1.7007,1.70087,1.00,1.00
2018.05.21 12:44:07.209,1.7007,1.70089,1.00,1.00
2018.05.21 12:44:07.602,1.7007,1.70087,1.00,1.00
2018.05.21 12:44:08.135,1.70069,1.70087,1.00,1.00
2018.05.21 12:44:09.036,1.70069,1.70088,1.00,1.00
2018.05.21 12:44:09.559,1.70069,1.70089,1.00,1.00
2018.05.21 12:44:10.152,1.70069,1.70088,1.00,1.00
2018.05.21 12:44:10.686,1.70071,1.70089,1.00,1.00
2018.05.21 12:44:11.268,1.70071,1.70088,1.00,1.00
2018.05.21 12:44:11.786,1.70071,1.70089,1.00,1.00
2018.05.21 12:44:12.298,1.70071,1.7009,1.00,1.00
2018.05.21 12:44:13.098,1.70071,1.70089,1.00,1.00
2018.05.21 12:44:15.662,1.7008,1.70095,1.00,1.00
2018.05.21 12:44:15.714,1.7008,1.70097,1.00,1.00
2018.05.21 12:44:16.240,1.7008,1.70099,1.00,1.00
2018.05.21 12:44:16.741,1.7008,1.70098,1.00,1.00
2018.05.21 12:44:17.932,1.70079,1.70097,1.00,1.00
2018.05.21 12:44:18.441,1.70079,1.70096,1.00,1.00
2018.05.21 12:44:19.102,1.70078,1.70096,1.00,1.00
2018.05.21 12:44:20.093,1.70078,1.70097,1.00,1.00
2018.05.21 12:44:21.329,1.70078,1.70096,1.00,1.00
2018.05.21 12:44:21.925,1.70078,1.70097,1.00,1.00
2018.05.21 12:44:22.048,1.70078,1.70099,1.00,1.00
2018.05.21 12:44:22.657,1.70078,1.701,1.00,1.00
2018.05.21 12:44:23.325,1.70078,1.70098,1.00,1.00
2018.05.21 12:44:24.183,1.70078,1.70099,1.00,1.00
2018.05.21 12:44:24.963,1.7008,1.70099,1.00,1.00
2018.05.21 12:44:25.474,1.70081,1.70099,1.00,1.00
2018.05.21 12:44:25.999,1.70082,1.701,1.00,1.00
2018.05.21 12:44:26.527,1.70081,1.70099,1.00,1.00
2018.05.21 12:44:26.789,1.70081,1.70102,1.00,1.00
2018.05.21 12:44:26.892,1.70085,1.70102,1.00,1.00
2018.05.21 12:44:27.199,1.70087,1.70104,1.00,1.00
2018.05.21 12:44:29.600,1.70085,1.70104,1.00,1.00
2018.05.21 12:44:31.551,1.7009,1.70106,1.00,1.00
2018.05.21 12:44:31.670,1.70096,1.70113,1.00,1.00
2018.05.21 12:44:31.771,1.70098,1.70116,1.00,1.00
2018.05.21 12:44:31.973,1.70097,1.70114,1.00,1.00
2018.05.21 12:44:32.024,1.70096,1.70116,1.00,1.00
2018.05.21 12:44:32.592,1.70096,1.70115,1.00,1.00
2018.05.21 12:44:32.693,1.70099,1.70116,1.00,1.00
2018.05.21 12:44:32.744,1.701,1.70118,1.00,1.25
2018.05.21 12:44:33.052,1.70097,1.70115,1.00,1.00
2018.05.21 12:44:33.589,1.70096,1.70114,1.00,1.00
2018.05.21 12:44:34.098,1.70096,1.70115,1.00,1.00
2018.05.21 12:44:34.319,1.70097,1.70117,1.00,1.00
2018.05.21 12:44:34.821,1.70097,1.70118,1.00,1.00
2018.05.21 12:44:35.379,1.70098,1.70118,1.00,1.00
2018.05.21 12:44:35.684,1.70097,1.70116,1.00,1.00
2018.05.21 12:44:35.787,1.70095,1.70116,1.00,1.00
2018.05.21 12:44:36.292,1.70096,1.70116,1.00,1.00
2018.05.21 12:44:36.833,1.70096,1.70115,1.00,1.00
2018.05.21 12:44:37.338,1.70097,1.70117,1.00,1.00
2018.05.21 12:44:37.641,1.70099,1.70117,1.00,1.00
2018.05.21 12:44:37.692,1.70097,1.7012,1.00,1.69
2018.05.21 12:44:37.743,1.70095,1.70117,1.00,1.00
2018.05.21 12:44:38.108,1.7009,1.70109,1.50,1.00
2018.05.21 12:44:38.210,1.70088,1.70108,1.00,1.00
2018.05.21 12:44:38.261,1.70088,1.70106,1.00,1.00
2018.05.21 12:44:38.789,1.70088,1.70107,1.00,1.00
2018.05.21 12:44:39.702,1.70088,1.70108,1.00,1.00
2018.05.21 12:44:40.593,1.7009,1.70107,1.00,1.00
2018.05.21 12:44:40.644,1.70081,1.70105,2.25,1.00
2018.05.21 12:44:40.695,1.70082,1.70102,1.00,1.00
2018.05.21 12:44:41.016,1.70082,1.70099,1.00,1.00
2018.05.21 12:44:41.424,1.70075,1.70095,1.00,1.00
2018.05.21 12:44:41.475,1.70075,1.70093,1.00,1.00
2018.05.21 12:44:42.256,1.70075,1.70094,1.00,1.00
2018.05.21 12:44:42.920,1.70075,1.70095,1.00,1.00
2018.05.21 12:44:43.957,1.70075,1.70096,1.00,1.00
2018.05.21 12:44:44.460,1.70076,1.70095,1.00,1.00
2018.05.21 12:44:44.775,1.70078,1.70096,1.00,1.00
2018.05.21 12:44:45.291,1.70078,1.70095,1.00,1.00
2018.05.21 12:44:45.864,1.70078,1.70096,1.00,1.00
2018.05.21 12:44:45.983,1.70073,1.70095,1.00,1.00
2018.05.21 12:44:46.034,1.70075,1.70091,1.00,1.00
2018.05.21 12:44:46.088,1.70072,1.70093,1.00,1.00
2018.05.21 12:44:46.139,1.70071,1.7009,1.00,1.50
2018.05.21 12:44:46.811,1.70069,1.70089,1.00,1.00
2018.05.21 12:44:47.167,1.70066,1.70086,1.00,1.00
2018.05.21 12:44:47.275,1.70073,1.70095,1.00,1.00
2018.05.21 12:44:47.326,1.70076,1.70095,1.00,1.00
2018.05.21 12:44:47.545,1.70076,1.70097,1.00,1.00
2018.05.21 12:44:48.052,1.70076,1.70098,1.00,1.00
2018.05.21 12:44:48.244,1.70079,1.70098,1.00,1.50
2018.05.21 12:44:48.295,1.70081,1.70102,1.00,1.50
2018.05.21 12:44:48.398,1.7008,1.70099,1.00,1.00
2018.05.21 12:44:48.450,1.70078,1.70099,1.00,1.50
2018.05.21 12:44:48.502,1.70081,1.70099,1.00,1.00
2018.05.21 12:44:48.553,1.7008,1.70101,1.00,1.00
2018.05.21 12:44:48.605,1.70081,1.70104,1.00,1.00
2018.05.21 12:44:48.659,1.70085,1.70103,1.00,1.00
2018.05.21 12:44:48.994,1.70081,1.70099,1.00,1.00
2018.05.21 12:44:49.047,1.70079,1.70099,1.00,1.50
2018.05.21 12:44:49.098,1.7008,1.70101,1.00,1.00
2018.05.21 12:44:49.149,1.70083,1.70103,1.00,1.50
2018.05.21 12:44:49.608,1.70083,1.70105,1.00,1.00
2018.05.21 12:44:50.110,1.70082,1.70104,1.00,1.00
2018.05.21 12:44:50.677,1.70082,1.70105,1.00,1.00
2018.05.21 12:44:51.246,1.70082,1.70104,1.00,1.00
2018.05.21 12:44:51.804,1.70083,1.70104,1.00,1.50
2018.05.21 12:44:52.015,1.70086,1.70104,1.00,1.00
2018.05.21 12:44:52.066,1.70089,1.70108,1.00,1.50
2018.05.21 12:44:52.268,1.7009,1.70105,1.00,1.00
2018.05.21 12:44:52.390,1.7009,1.7011,1.00,1.00
2018.05.21 12:44:52.492,1.70091,1.70108,1.00,1.00
2018.05.21 12:44:52.544,1.70088,1.70108,1.00,1.00
2018.05.21 12:44:52.645,1.70088,1.7011,1.00,1.00
2018.05.21 12:44:52.834,1.7009,1.7011,1.00,1.00
2018.05.21 12:44:52.987,1.70091,1.70112,1.00,1.00
2018.05.21 12:44:53.986,1.70091,1.70111,1.00,1.00
2018.05.21 12:44:54.492,1.70091,1.70112,1.00,1.00
2018.05.21 12:44:54.696,1.70095,1.70115,1.00,1.00
2018.05.21 12:44:54.797,1.70092,1.70118,1.00,1.00
2018.05.21 12:44:55.142,1.70096,1.70119,1.00,1.00
2018.05.21 12:44:55.449,1.70093,1.70116,1.00,1.00
2018.05.21 12:44:55.754,1.70093,1.70112,1.00,1.00
2018.05.21 12:44:56.403,1.70093,1.70114,1.00,1.00
2018.05.21 12:44:57.143,1.70093,1.70112,1.00,1.00
2018.05.21 12:44:58.467,1.70094,1.70112,1.00,1.00
2018.05.21 12:44:58.570,1.70095,1.70114,1.00,1.00
2018.05.21 12:44:58.622,1.70089,1.70116,1.50,1.00
2018.05.21 12:44:58.674,1.7009,1.70111,1.00,1.00
2018.05.21 12:44:58.725,1.70086,1.7011,1.00,1.00
2018.05.21 12:44:58.827,1.70088,1.70109,1.00,1.00
2018.05.21 12:44:59.047,1.70095,1.70117,1.00,1.00
2018.05.21 12:44:59.099,1.70101,1.70121,1.00,1.00
2018.05.21 12:44:59.150,1.70101,1.70124,1.00,1.00
2018.05.21 12:44:59.201,1.70103,1.70128,1.00,1.00
2018.05.21 12:44:59.253,1.70099,1.7012,1.00,1.00
2018.05.21 12:44:59.304,1.701,1.70126,1.00,1.00
2018.05.21 12:44:59.357,1.70095,1.70122,1.00,1.00
2018.05.21 12:44:59.532,1.70096,1.70118,1.00,1.00
2018.05.21 12:44:59.844,1.701,1.70119,1.00,1.50
2018.05.21 12:44:59.896,1.701,1.70121,1.00,1.00
2018.05.21 12:45:00.155,1.70093,1.70116,1.00,1.00
2018.05.21 12:45:00.206,1.70082,1.70109,1.00,1.50
2018.05.21 12:45:00.258,1.70083,1.70106,1.00,1.00
2018.05.21 12:45:00.562,1.70085,1.70106,1.00,1.00
2018.05.21 12:45:00.766,1.70086,1.70108,1.00,1.00
2018.05.21 12:45:00.817,1.70085,1.70104,1.00,1.00
2018.05.21 12:45:00.868,1.70085,1.70107,1.00,1.00
2018.05.21 12:45:01.078,1.70096,1.70114,1.00,1.00
2018.05.21 12:45:01.147,1.70095,1.7012,1.00,1.12
2018.05.21 12:45:01.427,1.70095,1.70122,1.00,1.00
2018.05.21 12:45:01.581,1.70094,1.70119,1.00,1.00
2018.05.21 12:45:01.683,1.70094,1.70121,1.00,1.00
2018.05.21 12:45:01.786,1.70097,1.70116,1.00,1.00
2018.05.21 12:45:01.995,1.70095,1.70117,1.00,1.00
2018.05.21 12:45:02.047,1.70097,1.70115,1.00,1.00
2018.05.21 12:45:02.149,1.70095,1.70115,1.00,1.00
2018.05.21 12:45:02.200,1.70093,1.70114,1.00,1.00
2018.05.21 12:45:02.251,1.70093,1.70116,1.00,1.00
2018.05.21 12:45:02.821,1.70093,1.70115,1.00,1.00
2018.05.21 12:45:03.247,1.70095,1.70115,1.00,1.00
2018.05.21 12:45:03.332,1.70095,1.70118,1.00,1.00
2018.05.21 12:45:03.384,1.70097,1.70119,1.00,1.00
2018.05.21 12:45:03.709,1.70098,1.70116,1.00,1.00
2018.05.21 12:45:03.864,1.70093,1.70116,1.00,1.00
2018.05.21 12:45:03.916,1.7009,1.70114,1.00,1.00
2018.05.21 12:45:03.967,1.70089,1.7011,1.50,1.00
2018.05.21 12:45:04.428,1.70085,1.70108,1.00,1.00
2018.05.21 12:45:04.480,1.70085,1.70106,1.00,1.00
2018.05.21 12:45:05.343,1.70091,1.70104,1.00,1.00
2018.05.21 12:45:05.397,1.7009,1.70112,1.00,1.00
2018.05.21 12:45:05.448,1.70094,1.70115,1.00,1.00
2018.05.21 12:45:05.845,1.70094,1.70113,1.00,1.00
2018.05.21 12:45:06.088,1.70091,1.70114,1.00,1.00
2018.05.21 12:45:06.139,1.70091,1.7011,1.00,1.00
2018.05.21 12:45:06.484,1.70094,1.70116,1.00,1.00
2018.05.21 12:45:06.537,1.70097,1.70113,1.00,1.00
2018.05.21 12:45:06.589,1.70099,1.70116,1.00,1.00
2018.05.21 12:45:06.643,1.70099,1.70118,1.00,1.00
2018.05.21 12:45:07.160,1.70099,1.70119,1.00,1.00
2018.05.21 12:45:07.211,1.70099,1.70116,1.00,1.00
2018.05.21 12:45:07.623,1.70096,1.70114,1.00,1.00
2018.05.21 12:45:07.725,1.70093,1.70112,1.00,1.00
2018.05.21 12:45:07.776,1.70092,1.7011,1.00,1.00
2018.05.21 12:45:08.288,1.7009,1.7011,1.00,1.00
2018.05.21 12:45:08.339,1.70089,1.70107,1.00,1.00
2018.05.21 12:45:08.441,1.70087,1.70106,1.00,1.00
2018.05.21 12:45:08.542,1.70089,1.70106,1.00,1.00
2018.05.21 12:45:08.773,1.70094,1.70112,1.00,1.00
2018.05.21 12:45:08.824,1.70097,1.70116,1.00,1.00
2018.05.21 12:45:09.079,1.70099,1.70116,1.00,1.00
2018.05.21 12:45:09.130,1.70099,1.70118,1.00,1.00
2018.05.21 12:45:09.427,1.70096,1.70117,1.00,1.00
2018.05.21 12:45:09.540,1.70098,1.70117,1.00,1.00
2018.05.21 12:45:10.040,1.70086,1.70108,1.00,1.12
2018.05.21 12:45:10.163,1.70083,1.70105,1.50,1.00
2018.05.21 12:45:10.471,1.70086,1.70104,1.00,1.00
2018.05.21 12:45:10.523,1.70084,1.70105,1.00,1.00
2018.05.21 12:45:10.626,1.70083,1.70103,1.00,1.00
2018.05.21 12:45:11.038,1.70095,1.70111,1.00,1.00
2018.05.21 12:45:11.583,1.70095,1.70112,1.00,1.00
2018.05.21 12:45:12.099,1.70095,1.70114,1.00,1.00
2018.05.21 12:45:12.647,1.70095,1.70113,1.00,1.00
2018.05.21 12:45:13.065,1.70097,1.70124,1.00,1.00
2018.05.21 12:45:13.369,1.70095,1.70124,1.00,1.00
2018.05.21 12:45:13.420,1.70098,1.70125,1.00,1.50
2018.05.21 12:45:13.521,1.70093,1.70121,1.00,1.50
2018.05.21 12:45:13.767,1.70092,1.70119,1.00,1.00
2018.05.21 12:45:13.920,1.70088,1.70117,1.00,1.00
2018.05.21 12:45:14.023,1.70086,1.70112,1.00,1.00
2018.05.21 12:45:14.074,1.70086,1.70114,1.00,1.50
2018.05.21 12:45:14.125,1.70092,1.70116,1.00,1.50
2018.05.21 12:45:14.228,1.70095,1.70121,1.00,1.50
2018.05.21 12:45:14.442,1.70095,1.70123,1.00,1.00
2018.05.21 12:45:14.748,1.70098,1.70124,1.00,1.00
2018.05.21 12:45:14.799,1.70096,1.70125,1.00,1.00
2018.05.21 12:45:14.850,1.70096,1.7012,1.00,1.00
2018.05.21 12:45:14.908,1.70099,1.70125,1.00,1.00
2018.05.21 12:45:15.508,1.70099,1.70126,1.00,1.50
2018.05.21 12:45:16.496,1.70099,1.70125,1.00,1.00
2018.05.21 12:45:17.132,1.70095,1.70124,1.00,1.50
2018.05.21 12:45:17.184,1.70093,1.70121,1.00,1.00
2018.05.21 12:45:17.552,1.70088,1.70115,1.00,1.00
2018.05.21 12:45:17.655,1.70086,1.70114,1.00,1.00
2018.05.21 12:45:17.707,1.70086,1.70112,1.00,1.00
2018.05.21 12:45:17.962,1.70087,1.70114,1.00,1.00
2018.05.21 12:45:18.429,1.70087,1.70112,1.00,1.00
2018.05.21 12:45:18.530,1.70085,1.70112,1.00,1.00
2018.05.21 12:45:18.651,1.70087,1.70113,1.00,1.00
2018.05.21 12:45:19.187,1.70087,1.70114,1.00,1.00
2018.05.21 12:45:19.719,1.70087,1.70115,1.00,1.00
2018.05.21 12:45:19.822,1.7009,1.70119,1.00,1.00
2018.05.21 12:45:19.874,1.70092,1.7012,1.00,1.00
2018.05.21 12:45:20.283,1.70094,1.70121,1.00,1.00
2018.05.21 12:45:20.892,1.70092,1.70119,1.00,1.00
2018.05.21 12:45:20.943,1.70089,1.70118,1.00,1.00
2018.05.21 12:45:21.479,1.7009,1.70118,1.00,1.00
2018.05.21 12:45:22.048,1.70096,1.70122,1.00,2.25
2018.05.21 12:45:22.100,1.70093,1.70122,1.00,1.00
2018.05.21 12:45:22.164,1.70095,1.70123,1.00,1.00
2018.05.21 12:45:22.467,1.70098,1.70124,1.00,1.50
2018.05.21 12:45:23.043,1.70098,1.70124,1.00,1.75
2018.05.21 12:45:23.994,1.70098,1.70124,1.00,1.50
2018.05.21 12:45:24.596,1.70098,1.70124,1.00,1.12
2018.05.21 12:45:24.801,1.70105,1.70129,1.00,1.00
2018.05.21 12:45:24.953,1.701,1.70129,1.00,1.69
2018.05.21 12:45:25.005,1.70101,1.70129,1.00,1.50
2018.05.21 12:45:25.282,1.70102,1.70129,1.00,1.25
2018.05.21 12:45:25.790,1.70102,1.70128,1.00,1.00
2018.05.21 12:45:26.526,1.70103,1.70129,1.00,1.00
2018.05.21 12:45:26.678,1.70097,1.70123,1.00,1.00
2018.05.21 12:45:26.858,1.70088,1.70117,1.00,2.25
2018.05.21 12:45:27.528,1.70088,1.70116,1.00,1.00
2018.05.21 12:45:27.579,1.70086,1.70113,1.00,1.00
2018.05.21 12:45:27.630,1.70083,1.70111,1.00,1.00
2018.05.21 12:45:28.054,1.7009,1.70115,1.00,1.00
2018.05.21 12:45:28.156,1.70083,1.70109,1.00,1.00
2018.05.21 12:45:28.208,1.7008,1.70107,1.00,1.00
2018.05.21 12:45:29.263,1.70077,1.70104,1.00,1.00
2018.05.21 12:45:29.417,1.70077,1.70106,1.00,1.00
2018.05.21 12:45:29.642,1.70077,1.70104,1.00,1.00
2018.05.21 12:45:29.796,1.70078,1.70107,1.00,1.00
2018.05.21 12:45:30.153,1.70078,1.70105,1.00,1.00
2018.05.21 12:45:31.332,1.70076,1.70105,1.00,1.00
2018.05.21 12:45:31.997,1.70073,1.70102,1.00,1.00
2018.05.21 12:45:32.305,1.7005,1.70079,1.00,1.50
2018.05.21 12:45:32.710,1.70052,1.70078,1.00,1.25
2018.05.21 12:45:32.862,1.70054,1.70081,1.00,1.50
2018.05.21 12:45:33.781,1.70052,1.70081,1.00,1.00
2018.05.21 12:45:33.883,1.7005,1.70079,1.00,1.00
2018.05.21 12:45:34.344,1.70052,1.70076,1.00,1.00
2018.05.21 12:45:34.533,1.70052,1.70078,1.00,1.00
2018.05.21 12:45:35.143,1.70051,1.70077,1.00,1.00
2018.05.21 12:45:36.018,1.70051,1.70079,1.00,1.50
2018.05.21 12:45:36.580,1.70051,1.7008,1.25,1.00
2018.05.21 12:45:37.947,1.70054,1.7008,1.00,1.00
2018.05.21 12:45:38.491,1.70053,1.70079,1.00,1.00
2018.05.21 12:45:39.137,1.70052,1.70081,1.00,1.00
2018.05.21 12:45:39.783,1.70054,1.7008,1.00,1.00
2018.05.21 12:45:40.299,1.70051,1.70074,1.00,1.00
2018.05.21 12:45:40.555,1.70051,1.70078,1.00,1.00
2018.05.21 12:45:40.982,1.7005,1.70076,1.00,1.00
2018.05.21 12:45:41.288,1.70051,1.70074,1.00,1.00
2018.05.21 12:45:41.491,1.70051,1.70077,1.00,1.00
2018.05.21 12:45:41.743,1.70048,1.70075,1.00,1.00
2018.05.21 12:45:41.794,1.70046,1.70072,1.00,1.00
2018.05.21 12:45:42.113,1.70049,1.70075,1.00,1.00
2018.05.21 12:45:42.164,1.70049,1.70077,1.00,1.50
2018.05.21 12:45:42.468,1.70045,1.70072,1.00,1.00
2018.05.21 12:45:42.570,1.7004,1.70069,1.00,1.50
2018.05.21 12:45:42.621,1.7004,1.70066,1.00,1.00
2018.05.21 12:45:42.781,1.7004,1.70068,1.00,1.00
2018.05.21 12:45:43.207,1.70042,1.70069,1.00,1.00
2018.05.21 12:45:43.409,1.70042,1.70071,1.00,1.50
2018.05.21 12:45:43.924,1.70043,1.70071,1.00,1.50
2018.05.21 12:45:44.815,1.70043,1.7007,1.00,1.00
2018.05.21 12:45:45.352,1.70043,1.70071,1.00,1.50
2018.05.21 12:45:45.403,1.70043,1.70068,1.00,1.00
2018.05.21 12:45:45.897,1.70043,1.70071,1.00,2.25
2018.05.21 12:45:46.357,1.70041,1.70069,1.00,1.00
2018.05.21 12:45:46.866,1.70042,1.70069,1.00,1.00
2018.05.21 12:45:47.376,1.70039,1.70066,1.00,1.00
2018.05.21 12:45:48.634,1.70043,1.70068,1.00,1.50
2018.05.21 12:45:48.686,1.70041,1.70068,1.00,1.50
2018.05.21 12:45:49.417,1.70041,1.70069,1.00,1.50
2018.05.21 12:45:50.010,1.70043,1.70071,1.00,1.00
2018.05.21 12:45:51.026,1.70044,1.70072,1.00,1.00
2018.05.21 12:45:51.566,1.70045,1.70072,1.00,1.00
2018.05.21 12:45:52.298,1.70047,1.70073,1.00,2.25
2018.05.21 12:45:52.349,1.70045,1.70073,1.00,2.63
2018.05.21 12:45:52.973,1.70045,1.70071,1.00,1.00
2018.05.21 12:45:53.075,1.70046,1.70073,1.00,1.25
2018.05.21 12:45:53.590,1.70046,1.70073,1.00,2.44
2018.05.21 12:45:54.071,1.70044,1.7007,1.00,1.00
2018.05.21 12:45:54.808,1.70046,1.70073,1.00,2.25
2018.05.21 12:45:55.320,1.70047,1.70072,1.00,1.00
2018.05.21 12:45:55.827,1.70047,1.70073,1.00,2.44
2018.05.21 12:45:56.235,1.70047,1.70073,1.00,1.88
2018.05.21 12:45:56.438,1.70047,1.70073,1.00,1.69
2018.05.21 12:45:56.609,1.70046,1.70072,1.00,1.19
2018.05.21 12:45:57.300,1.70046,1.70072,1.00,1.50
2018.05.21 12:45:57.604,1.70048,1.70074,1.00,1.50
2018.05.21 12:45:57.930,1.7005,1.70076,1.00,1.00
2018.05.21 12:45:58.435,1.70051,1.70077,1.00,1.00
2018.05.21 12:45:58.869,1.70051,1.70074,1.00,1.00
2018.05.21 12:45:59.600,1.7005,1.70074,1.00,1.00
2018.05.21 12:45:59.923,1.7005,1.70077,1.00,1.00
2018.05.21 12:46:00.149,1.70045,1.70069,1.00,1.00
2018.05.21 12:46:00.200,1.70043,1.70069,1.00,1.00
2018.05.21 12:46:00.402,1.70045,1.70069,1.00,1.00
2018.05.21 12:46:00.657,1.70042,1.70071,1.00,1.00
2018.05.21 12:46:03.211,1.70042,1.70071,1.44,1.00
2018.05.21 12:46:03.748,1.70042,1.70071,1.00,1.00
2018.05.21 12:46:04.210,1.70058,1.70076,1.00,1.00
2018.05.21 12:46:04.261,1.70054,1.70078,1.00,1.72
2018.05.21 12:46:04.312,1.70057,1.7008,1.00,1.00
2018.05.21 12:46:04.464,1.70042,1.70068,1.50,1.00
2018.05.21 12:46:04.565,1.70046,1.70072,1.00,1.00
2018.05.21 12:46:04.666,1.70048,1.70077,1.00,1.00
2018.05.21 12:46:04.768,1.70051,1.70077,1.00,1.00
2018.05.21 12:46:05.291,1.70051,1.70078,1.00,2.10
2018.05.21 12:46:06.018,1.7005,1.70076,1.00,1.00
2018.05.21 12:46:06.423,1.70055,1.70078,1.00,1.00
2018.05.21 12:46:06.475,1.70055,1.70082,1.00,1.00
2018.05.21 12:46:09.199,1.70056,1.70082,1.00,1.00
2018.05.21 12:46:09.250,1.70056,1.70084,1.00,1.00
2018.05.21 12:46:09.303,1.70058,1.70084,1.00,1.00
2018.05.21 12:46:10.240,1.70056,1.70084,1.00,1.00
2018.05.21 12:46:11.207,1.70059,1.70085,1.00,1.25
2018.05.21 12:46:11.309,1.70058,1.70087,1.00,1.35
2018.05.21 12:46:11.830,1.70058,1.70085,1.00,1.00
2018.05.21 12:46:12.085,1.70056,1.70085,1.00,1.00
2018.05.21 12:46:12.609,1.70057,1.70085,1.00,1.00
2018.05.21 12:46:13.330,1.70056,1.70085,1.00,1.00
2018.05.21 12:46:14.648,1.70056,1.70084,1.00,1.00
2018.05.21 12:46:15.640,1.70052,1.70078,1.00,1.00
2018.05.21 12:46:15.691,1.70049,1.70078,1.00,1.00
2018.05.21 12:46:15.743,1.70054,1.70081,1.00,2.63
2018.05.21 12:46:15.811,1.70054,1.70081,1.00,1.50
2018.05.21 12:46:15.964,1.70057,1.70085,1.00,2.48
2018.05.21 12:46:16.015,1.70055,1.70082,1.00,1.35
2018.05.21 12:46:16.270,1.70058,1.70084,1.00,1.60
2018.05.21 12:46:16.761,1.7006,1.70088,1.00,1.00
2018.05.21 12:46:16.812,1.70064,1.70091,1.50,1.00
2018.05.21 12:46:16.894,1.70065,1.70094,1.00,1.00
2018.05.21 12:46:16.947,1.70069,1.70094,1.00,1.00
2018.05.21 12:46:17.049,1.70062,1.7009,1.00,1.00
2018.05.21 12:46:17.150,1.70064,1.70091,1.00,1.00
2018.05.21 12:46:17.201,1.70064,1.70093,1.00,1.00
2018.05.21 12:46:17.252,1.70063,1.70089,1.50,1.00
2018.05.21 12:46:17.353,1.70059,1.70088,1.69,1.00
2018.05.21 12:46:17.860,1.7006,1.70088,1.00,1.00
2018.05.21 12:46:18.783,1.70059,1.70086,1.50,1.00
2018.05.21 12:46:19.086,1.70058,1.70084,1.00,1.00
2018.05.21 12:46:20.015,1.70057,1.70082,1.00,1.00
2018.05.21 12:46:20.067,1.70059,1.70086,1.00,1.00
2018.05.21 12:46:20.119,1.70062,1.70088,1.50,1.00
2018.05.21 12:46:20.429,1.70065,1.7009,1.00,1.25
2018.05.21 12:46:21.154,1.70065,1.70091,1.00,1.13
2018.05.21 12:46:21.657,1.70065,1.70092,1.00,1.00
2018.05.21 12:46:22.235,1.70065,1.70089,1.00,1.00
2018.05.21 12:46:22.422,1.70065,1.70092,1.00,1.00
2018.05.21 12:46:22.544,1.70068,1.70092,1.00,1.00
2018.05.21 12:46:22.697,1.70068,1.70095,1.50,1.00
2018.05.21 12:46:22.817,1.70068,1.70093,1.50,1.00
2018.05.21 12:46:22.969,1.7007,1.70096,1.00,1.12
2018.05.21 12:46:23.227,1.70067,1.70093,1.00,1.00
2018.05.21 12:46:23.997,1.70069,1.70096,1.00,1.25
2018.05.21 12:46:24.049,1.70073,1.70094,1.00,1.00
2018.05.21 12:46:24.192,1.70075,1.70101,1.00,1.25
2018.05.21 12:46:24.244,1.70072,1.70098,1.00,1.00
2018.05.21 12:46:25.046,1.70072,1.70099,1.00,1.00
2018.05.21 12:46:25.450,1.70072,1.70101,1.00,1.25
2018.05.21 12:46:25.501,1.70074,1.701,1.50,1.25
2018.05.21 12:46:25.654,1.70068,1.70095,1.00,1.00
2018.05.21 12:46:25.705,1.7007,1.70096,1.00,1.00
2018.05.21 12:46:26.049,1.70072,1.70098,1.00,1.38
2018.05.21 12:46:26.352,1.70073,1.70101,1.00,1.75
2018.05.21 12:46:26.454,1.70071,1.70097,1.00,1.00
2018.05.21 12:46:26.934,1.70071,1.701,1.00,1.50
2018.05.21 12:46:27.020,1.70071,1.701,1.00,1.75
2018.05.21 12:46:27.073,1.70071,1.701,1.00,1.50
2018.05.21 12:46:27.233,1.70072,1.701,1.00,1.00
2018.05.21 12:46:27.425,1.70076,1.70104,1.00,1.00
2018.05.21 12:46:27.732,1.70073,1.701,1.00,1.00
2018.05.21 12:46:27.834,1.70068,1.70097,1.50,1.00
2018.05.21 12:46:27.990,1.70066,1.70092,1.00,1.00
2018.05.21 12:46:28.144,1.70066,1.70094,1.00,1.00
2018.05.21 12:46:28.303,1.70062,1.7009,1.00,1.00
2018.05.21 12:46:28.628,1.70064,1.70091,1.00,1.00
2018.05.21 12:46:28.934,1.70064,1.70087,1.00,1.00
2018.05.21 12:46:28.985,1.70064,1.7009,1.00,1.00
2018.05.21 12:46:29.137,1.70062,1.70087,1.00,1.00
2018.05.21 12:46:29.289,1.70063,1.7009,1.00,1.00
2018.05.21 12:46:29.529,1.70064,1.70088,1.00,1.00
2018.05.21 12:46:29.580,1.70064,1.7009,1.00,1.00
2018.05.21 12:46:29.631,1.70063,1.70092,1.00,1.00
2018.05.21 12:46:29.682,1.70063,1.7009,1.00,1.00
2018.05.21 12:46:29.840,1.70063,1.70092,1.00,1.00
2018.05.21 12:46:29.942,1.7006,1.70087,1.00,1.00
2018.05.21 12:46:30.095,1.70064,1.70092,1.00,1.00
2018.05.21 12:46:30.146,1.70067,1.70094,1.00,1.00
2018.05.21 12:46:30.459,1.70079,1.70105,1.00,1.00
2018.05.21 12:46:30.714,1.70079,1.70107,1.00,1.00
2018.05.21 12:46:30.766,1.70082,1.70108,1.00,1.00
2018.05.21 12:46:31.321,1.70083,1.70109,1.00,1.19
2018.05.21 12:46:31.575,1.70085,1.70111,1.00,1.25
2018.05.21 12:46:31.729,1.70084,1.70113,1.00,1.00
2018.05.21 12:46:32.027,1.70084,1.70112,1.00,1.44
2018.05.21 12:46:32.332,1.70079,1.70105,1.00,1.00
2018.05.21 12:46:32.635,1.70082,1.70108,1.00,1.00
2018.05.21 12:46:32.839,1.70082,1.7011,1.00,1.25
2018.05.21 12:46:32.942,1.70087,1.70113,1.00,1.25
2018.05.21 12:46:32.994,1.70085,1.70113,1.00,1.13
2018.05.21 12:46:33.554,1.70086,1.70112,1.00,1.00
2018.05.21 12:46:34.310,1.70086,1.70114,1.00,1.25
2018.05.21 12:46:34.657,1.70082,1.70107,1.00,1.00
2018.05.21 12:46:34.759,1.7008,1.70106,1.00,1.00
2018.05.21 12:46:35.176,1.70082,1.70108,1.00,1.00
2018.05.21 12:46:35.227,1.7008,1.70107,1.00,1.00
2018.05.21 12:46:35.683,1.70082,1.7011,1.00,1.38
2018.05.21 12:46:36.139,1.70082,1.70111,1.00,1.00
2018.05.21 12:46:36.190,1.70082,1.70111,1.00,1.38
2018.05.21 12:46:36.242,1.70082,1.70111,1.00,1.00
2018.05.21 12:46:36.370,1.70082,1.7011,1.00,1.38
2018.05.21 12:46:37.343,1.70081,1.70108,1.00,1.00
2018.05.21 12:46:37.647,1.70082,1.70112,1.00,1.25
2018.05.21 12:46:37.805,1.70088,1.70115,1.00,1.88
2018.05.21 12:46:38.059,1.70085,1.70112,1.00,1.00
2018.05.21 12:46:38.454,1.70082,1.70109,1.00,1.00
2018.05.21 12:46:38.623,1.7008,1.70108,1.00,1.00
2018.05.21 12:46:38.674,1.70084,1.70111,1.00,1.38
2018.05.21 12:46:38.802,1.70087,1.70113,1.00,1.00
2018.05.21 12:46:39.366,1.70086,1.70112,1.00,1.00
2018.05.21 12:46:40.423,1.70086,1.70114,1.00,1.00
2018.05.21 12:46:40.474,1.70086,1.70112,1.00,1.00
2018.05.21 12:46:40.576,1.70088,1.70115,1.00,1.00
2018.05.21 12:46:41.239,1.70089,1.70117,1.00,1.25
2018.05.21 12:46:41.771,1.70089,1.70117,1.00,1.38
2018.05.21 12:46:42.349,1.70088,1.70117,1.50,1.44
2018.05.21 12:46:42.400,1.70091,1.70117,1.00,1.44
2018.05.21 12:46:42.451,1.70092,1.70118,1.00,1.00
2018.05.21 12:46:42.604,1.7009,1.70117,1.00,1.00
2018.05.21 12:46:42.656,1.7009,1.70115,1.00,1.00
2018.05.21 12:46:42.808,1.70089,1.70117,1.00,1.13
2018.05.21 12:46:43.211,1.70089,1.70115,1.00,1.00
2018.05.21 12:46:43.518,1.70091,1.70117,1.00,1.00
2018.05.21 12:46:44.602,1.70091,1.70118,1.00,1.25
2018.05.21 12:46:45.857,1.70091,1.7012,1.00,1.00
2018.05.21 12:46:45.908,1.70093,1.7012,1.00,1.00
2018.05.21 12:46:47.253,1.70091,1.70116,1.00,1.00
2018.05.21 12:46:47.362,1.70081,1.70108,1.00,1.00
2018.05.21 12:46:47.415,1.70081,1.70106,1.00,1.00
2018.05.21 12:46:47.518,1.7008,1.70109,1.00,1.00
2018.05.21 12:46:47.570,1.70081,1.70107,1.00,1.00
2018.05.21 12:46:47.894,1.70078,1.70105,1.00,1.00
2018.05.21 12:46:48.371,1.7008,1.70108,1.00,1.50
2018.05.21 12:46:49.084,1.70076,1.70103,1.50,1.00
2018.05.21 12:46:49.599,1.70077,1.70104,1.00,1.00
2018.05.21 12:46:50.005,1.70077,1.70106,1.00,1.00
2018.05.21 12:46:50.056,1.70079,1.70106,1.00,1.00
2018.05.21 12:46:50.363,1.70077,1.70103,1.50,1.00
2018.05.21 12:46:50.794,1.70075,1.70103,1.00,1.00
2018.05.21 12:46:51.345,1.70075,1.70104,1.00,1.00
2018.05.21 12:46:51.733,1.70079,1.70106,1.00,1.31
2018.05.21 12:46:51.785,1.7008,1.70108,1.00,1.13
2018.05.21 12:46:53.014,1.70083,1.70109,1.00,1.13
2018.05.21 12:46:53.574,1.70083,1.70109,1.00,1.88
2018.05.21 12:46:53.624,1.7008,1.70108,1.00,1.50
2018.05.21 12:46:54.335,1.7008,1.70106,1.00,1.13
2018.05.21 12:46:54.487,1.70078,1.70107,1.00,1.81
2018.05.21 12:46:54.575,1.7008,1.70107,1.00,1.56
2018.05.21 12:46:54.829,1.70075,1.70102,1.00,1.31
2018.05.21 12:46:54.930,1.70079,1.70106,1.00,1.94
2018.05.21 12:46:55.032,1.70082,1.70108,1.00,2.25
2018.05.21 12:46:55.083,1.70081,1.7011,1.00,1.75
2018.05.21 12:46:55.134,1.70081,1.70108,1.00,1.50
2018.05.21 12:46:55.269,1.70078,1.70104,1.00,1.00
2018.05.21 12:46:55.574,1.70081,1.70108,1.00,1.75
2018.05.21 12:46:55.625,1.70078,1.70106,1.00,1.13
2018.05.21 12:46:56.175,1.70078,1.70106,1.00,1.37
2018.05.21 12:46:56.534,1.70081,1.7011,1.00,1.12
2018.05.21 12:46:56.586,1.70086,1.70113,1.00,1.63
2018.05.21 12:46:56.638,1.70086,1.70113,1.00,1.13
2018.05.21 12:46:56.868,1.70085,1.70112,1.00,1.38
2018.05.21 12:46:57.123,1.70083,1.7011,1.00,1.13
2018.05.21 12:46:57.663,1.70083,1.7011,1.00,1.38
2018.05.21 12:46:57.715,1.70083,1.70109,1.00,1.13
2018.05.21 12:46:57.766,1.7008,1.70106,1.00,1.00
2018.05.21 12:46:57.970,1.7008,1.70108,1.00,1.00
2018.05.21 12:46:58.124,1.70085,1.70111,1.00,1.37
2018.05.21 12:46:58.661,1.70083,1.70111,1.00,1.25
2018.05.21 12:46:58.713,1.70083,1.70111,1.00,1.38
2018.05.21 12:46:59.351,1.70082,1.70108,1.00,1.00
2018.05.21 12:46:59.453,1.70081,1.7011,1.00,1.00
2018.05.21 12:46:59.606,1.70082,1.70108,1.00,1.00
2018.05.21 12:47:00.270,1.70084,1.70111,1.00,1.38
2018.05.21 12:47:00.375,1.70084,1.70112,1.00,1.25
2018.05.21 12:47:00.889,1.70084,1.70112,1.00,1.44
2018.05.21 12:47:01.431,1.70084,1.70112,1.00,1.25
2018.05.21 12:47:01.909,1.70084,1.7011,1.00,1.00
2018.05.21 12:47:02.230,1.70082,1.70109,1.00,1.25
2018.05.21 12:47:02.281,1.7008,1.70106,1.00,1.00
2018.05.21 12:47:02.543,1.70079,1.70108,1.00,1.00
2018.05.21 12:47:03.081,1.7008,1.70109,1.00,1.00
2018.05.21 12:47:04.391,1.70081,1.70109,1.00,1.00
2018.05.21 12:47:04.589,1.70081,1.70107,1.00,1.00
2018.05.21 12:47:06.010,1.7008,1.70106,1.00,1.00
2018.05.21 12:47:07.136,1.70081,1.70107,1.50,1.00
2018.05.21 12:47:07.189,1.70081,1.70112,1.50,1.00
2018.05.21 12:47:07.242,1.70086,1.70112,1.00,1.00
2018.05.21 12:47:07.570,1.70088,1.70114,1.00,1.00
2018.05.21 12:47:07.773,1.70085,1.70113,1.00,1.00
2018.05.21 12:47:07.965,1.70087,1.70113,1.00,1.00
2018.05.21 12:47:08.518,1.70083,1.70109,1.50,1.00
2018.05.21 12:47:08.969,1.70085,1.70111,1.00,1.00
2018.05.21 12:47:09.020,1.70085,1.70114,1.00,1.50
2018.05.21 12:47:09.200,1.70084,1.7011,1.50,1.00
2018.05.21 12:47:09.735,1.70085,1.70111,1.00,1.00
2018.05.21 12:47:10.470,1.70084,1.7011,1.50,1.00
2018.05.21 12:47:10.819,1.70082,1.70111,1.50,1.00
2018.05.21 12:47:10.983,1.70084,1.70111,1.00,1.00
2018.05.21 12:47:11.035,1.70085,1.70114,1.00,1.00
2018.05.21 12:47:11.137,1.70086,1.70112,1.00,1.00
2018.05.21 12:47:11.991,1.70083,1.7011,1.00,1.00
2018.05.21 12:47:12.042,1.70081,1.70108,2.25,1.00
2018.05.21 12:47:12.375,1.70078,1.70105,1.00,1.00
2018.05.21 12:47:12.629,1.7008,1.70108,1.00,1.50
2018.05.21 12:47:13.039,1.7008,1.70106,1.00,1.00
2018.05.21 12:47:13.548,1.70079,1.70106,1.50,1.00
2018.05.21 12:47:14.632,1.70077,1.70103,1.00,1.00
2018.05.21 12:47:14.734,1.70076,1.70105,1.00,1.00
2018.05.21 12:47:14.786,1.70078,1.70104,1.00,1.00
2018.05.21 12:47:15.151,1.70076,1.70104,1.00,1.00
2018.05.21 12:47:15.899,1.70075,1.70103,1.00,1.00
2018.05.21 12:47:16.508,1.70076,1.70103,1.00,1.00
2018.05.21 12:47:16.692,1.70076,1.70105,1.00,1.00
2018.05.21 12:47:16.895,1.70076,1.70103,1.00,1.00
2018.05.21 12:47:17.439,1.70075,1.70102,1.50,1.00
2018.05.21 12:47:17.987,1.70076,1.70102,1.00,1.00
2018.05.21 12:47:18.274,1.70076,1.70105,1.00,1.00
2018.05.21 12:47:18.479,1.70076,1.70103,1.50,1.00
2018.05.21 12:47:18.985,1.70074,1.70103,1.50,1.00
2018.05.21 12:47:20.727,1.70076,1.70103,1.00,1.00
2018.05.21 12:47:21.044,1.70077,1.70105,1.00,1.00
2018.05.21 12:47:21.546,1.70077,1.70104,1.00,1.00
2018.05.21 12:47:22.666,1.70079,1.70104,1.00,1.00
2018.05.21 12:47:22.994,1.70076,1.70101,1.00,1.00
2018.05.21 12:47:25.549,1.70077,1.70102,1.00,1.00
2018.05.21 12:47:26.799,1.70078,1.70103,1.00,1.00
2018.05.21 12:47:27.807,1.70081,1.70106,1.00,1.00
2018.05.21 12:47:28.068,1.70082,1.70108,1.00,1.00
2018.05.21 12:47:28.623,1.70081,1.70107,1.00,1.00
2018.05.21 12:47:29.279,1.70082,1.70107,1.00,1.00
2018.05.21 12:47:29.600,1.7008,1.70107,1.00,1.00
2018.05.21 12:47:31.632,1.70081,1.70108,1.00,1.25
2018.05.21 12:47:31.734,1.70088,1.70112,1.00,1.00
2018.05.21 12:47:31.863,1.70092,1.70118,1.00,1.00
2018.05.21 12:47:32.268,1.70093,1.70118,1.00,1.75
2018.05.21 12:47:32.319,1.70093,1.70118,1.00,1.50
2018.05.21 12:47:32.509,1.70096,1.70123,1.00,1.81
2018.05.21 12:47:33.051,1.70096,1.70123,1.00,1.00
2018.05.21 12:47:33.622,1.70096,1.70123,1.00,1.44
2018.05.21 12:47:34.151,1.70096,1.70123,1.00,1.12
2018.05.21 12:47:34.685,1.70095,1.70122,1.00,1.13
2018.05.21 12:47:34.786,1.70094,1.70119,1.00,1.00
2018.05.21 12:47:35.183,1.70096,1.70123,1.00,1.00
2018.05.21 12:47:35.335,1.70098,1.70123,1.00,1.00
2018.05.21 12:47:36.005,1.70098,1.70125,1.00,1.25
2018.05.21 12:47:37.895,1.70101,1.70126,1.00,1.00
2018.05.21 12:47:38.410,1.70102,1.70127,1.00,1.00
2018.05.21 12:47:38.614,1.70084,1.70111,1.00,1.00
2018.05.21 12:47:38.817,1.70083,1.70108,1.00,1.00
2018.05.21 12:47:42.134,1.70085,1.7011,1.00,1.00
2018.05.21 12:47:42.185,1.70083,1.7011,1.00,1.00
2018.05.21 12:47:42.236,1.7008,1.70107,1.00,1.00
2018.05.21 12:47:43.713,1.70082,1.70107,1.00,1.00
2018.05.21 12:47:43.764,1.7008,1.70108,1.00,1.25
2018.05.21 12:47:44.605,1.70081,1.70109,1.00,1.13
2018.05.21 12:47:46.494,1.70083,1.70108,1.00,1.00
2018.05.21 12:47:47.175,1.70082,1.70107,1.00,1.50
2018.05.21 12:47:48.614,1.70082,1.70107,1.00,1.69
2018.05.21 12:47:48.970,1.70085,1.70107,1.00,1.00
2018.05.21 12:47:49.021,1.70086,1.7011,1.00,1.00
2018.05.21 12:47:49.072,1.70084,1.70109,1.00,1.00
2018.05.21 12:47:49.123,1.70085,1.70111,1.00,1.50
2018.05.21 12:47:49.174,1.70083,1.70108,1.00,1.00
2018.05.21 12:47:49.684,1.70084,1.70111,1.00,1.69
2018.05.21 12:47:50.697,1.70083,1.70108,1.00,1.00
2018.05.21 12:47:51.001,1.70084,1.70111,1.00,1.69
2018.05.21 12:47:51.884,1.70085,1.7011,1.00,1.00
2018.05.21 12:47:52.395,1.70084,1.70109,1.00,1.00
2018.05.21 12:47:53.401,1.70084,1.70111,1.00,1.50
2018.05.21 12:47:53.605,1.70084,1.70111,1.00,1.38
2018.05.21 12:47:53.656,1.70082,1.70107,1.00,1.00
2018.05.21 12:47:53.961,1.70082,1.70107,1.00,1.38
2018.05.21 12:47:54.012,1.70082,1.70107,1.00,1.13
2018.05.21 12:47:54.671,1.70079,1.70106,1.00,1.00
2018.05.21 12:47:54.722,1.70082,1.70107,1.00,1.25
2018.05.21 12:47:55.056,1.7008,1.70105,1.00,1.44
2018.05.21 12:47:55.107,1.70077,1.70103,2.25,1.00
2018.05.21 12:47:55.210,1.70079,1.70104,1.00,1.00
2018.05.21 12:47:55.516,1.70079,1.70106,1.00,1.13
2018.05.21 12:47:55.889,1.70083,1.70108,1.00,1.38
2018.05.21 12:47:56.168,1.70083,1.70108,1.00,1.00
2018.05.21 12:47:56.219,1.70083,1.70108,1.00,1.38
2018.05.21 12:47:56.370,1.70085,1.7011,1.00,1.00
2018.05.21 12:47:56.421,1.70082,1.70107,1.00,1.00
2018.05.21 12:47:57.017,1.70084,1.70111,1.00,1.38
2018.05.21 12:47:57.535,1.70084,1.70109,1.00,1.25
2018.05.21 12:47:58.225,1.70084,1.70109,1.00,1.38
2018.05.21 12:47:58.764,1.70084,1.70109,1.00,1.13
2018.05.21 12:47:59.178,1.70084,1.70109,1.00,1.19
2018.05.21 12:47:59.682,1.70083,1.7011,1.00,1.38
2018.05.21 12:48:00.109,1.70086,1.70113,1.00,1.38
2018.05.21 12:48:00.435,1.70084,1.70111,1.00,1.44
2018.05.21 12:48:00.486,1.70084,1.70111,1.00,1.00
2018.05.21 12:48:01.237,1.70084,1.70111,1.00,1.38
2018.05.21 12:48:01.390,1.70084,1.70111,1.00,1.25
2018.05.21 12:48:01.499,1.70084,1.70109,1.00,1.25
2018.05.21 12:48:02.633,1.70084,1.70109,1.00,1.19
2018.05.21 12:48:02.685,1.70084,1.70109,1.00,1.25
2018.05.21 12:48:03.455,1.70084,1.70109,1.00,1.38
2018.05.21 12:48:03.583,1.70084,1.70109,1.00,1.00
2018.05.21 12:48:03.685,1.70084,1.70109,1.00,1.38
2018.05.21 12:48:03.736,1.70084,1.70109,1.00,1.00
2018.05.21 12:48:03.838,1.70084,1.70109,1.00,1.38
2018.05.21 12:48:03.889,1.70084,1.70109,1.00,1.25
2018.05.21 12:48:04.216,1.70084,1.70109,1.00,1.38
2018.05.21 12:48:04.732,1.70084,1.70109,1.00,1.38
2018.05.21 12:48:05.476,1.70084,1.70109,1.00,1.38
2018.05.21 12:48:05.926,1.70085,1.7011,1.00,1.44
2018.05.21 12:48:06.079,1.70085,1.7011,1.00,1.38
2018.05.21 12:48:06.424,1.70085,1.7011,1.00,1.38
2018.05.21 12:48:06.899,1.70085,1.70111,1.00,1.13
2018.05.21 12:48:07.684,1.70085,1.70111,1.00,1.38
2018.05.21 12:48:08.192,1.70085,1.70111,1.00,1.13
2018.05.21 12:48:08.742,1.70085,1.70111,1.00,1.38
2018.05.21 12:48:09.253,1.70085,1.70111,1.00,1.13
2018.05.21 12:48:09.756,1.70085,1.70111,1.00,1.38
2018.05.21 12:48:10.286,1.70084,1.70111,1.00,1.38
2018.05.21 12:48:10.892,1.70084,1.70111,1.00,1.13
2018.05.21 12:48:11.487,1.70084,1.70111,1.00,1.38
2018.05.21 12:48:12.008,1.70084,1.70111,1.00,1.13
2018.05.21 12:48:12.288,1.70088,1.70113,1.00,1.38
2018.05.21 12:48:12.837,1.70088,1.70113,1.00,1.38
2018.05.21 12:48:12.891,1.70088,1.70113,1.00,1.00
2018.05.21 12:48:13.045,1.70088,1.70113,1.00,1.38
2018.05.21 12:48:13.418,1.70088,1.70113,1.00,1.00
2018.05.21 12:48:13.594,1.70088,1.70113,1.00,1.38
2018.05.21 12:48:14.238,1.70088,1.70113,1.00,1.38
2018.05.21 12:48:14.527,1.70088,1.70113,1.00,1.00
2018.05.21 12:48:14.579,1.70088,1.70113,1.00,1.38
2018.05.21 12:48:14.990,1.70089,1.70116,1.00,2.63
2018.05.21 12:48:15.193,1.70089,1.70116,1.00,2.63
2018.05.21 12:48:15.243,1.70089,1.70116,1.00,2.63
2018.05.21 12:48:15.597,1.70088,1.70115,1.00,1.38
2018.05.21 12:48:15.801,1.70079,1.70102,2.25,1.00
2018.05.21 12:48:16.021,1.70082,1.70109,1.00,1.00
2018.05.21 12:48:16.071,1.70085,1.70112,1.00,1.38
2018.05.21 12:48:16.276,1.70085,1.70112,1.00,1.00
2018.05.21 12:48:16.327,1.70087,1.70114,1.00,1.56
2018.05.21 12:48:16.532,1.70078,1.70105,2.25,1.00
2018.05.21 12:48:16.584,1.70082,1.70107,1.00,1.00
2018.05.21 12:48:17.176,1.70083,1.70108,1.00,1.00
2018.05.21 12:48:17.749,1.70082,1.70109,1.00,1.00
2018.05.21 12:48:18.090,1.70076,1.70101,1.00,1.00
2018.05.21 12:48:18.394,1.70079,1.70104,1.00,1.00
2018.05.21 12:48:18.904,1.7008,1.70105,1.00,1.00
2018.05.21 12:48:19.493,1.70081,1.70106,1.00,1.00
2018.05.21 12:48:19.654,1.7008,1.70108,1.00,1.00
2018.05.21 12:48:20.845,1.7008,1.70106,1.00,1.00
2018.05.21 12:48:21.005,1.70078,1.70105,1.00,1.00
2018.05.21 12:48:22.531,1.70078,1.70103,1.00,1.00
2018.05.21 12:48:22.583,1.70078,1.70105,1.00,1.00
2018.05.21 12:48:22.737,1.7008,1.70105,1.00,1.00
2018.05.21 12:48:22.789,1.7008,1.70107,1.00,1.00
2018.05.21 12:48:22.841,1.70082,1.7011,1.00,1.00
2018.05.21 12:48:22.944,1.70083,1.70108,1.00,1.00
2018.05.21 12:48:23.374,1.70086,1.70111,1.00,1.00
2018.05.21 12:48:23.952,1.70087,1.70112,1.00,1.00
2018.05.21 12:48:24.942,1.70087,1.70114,1.00,1.00
2018.05.21 12:48:25.412,1.70087,1.70112,1.00,1.00
2018.05.21 12:48:26.389,1.70088,1.70113,1.00,1.00
2018.05.21 12:48:26.703,1.7009,1.70117,1.00,1.00
2018.05.21 12:48:26.805,1.7009,1.70115,1.00,1.00
2018.05.21 12:48:26.857,1.70088,1.70115,1.00,1.00
2018.05.21 12:48:26.909,1.70092,1.70117,1.00,1.00
2018.05.21 12:48:26.974,1.7009,1.70117,1.00,1.00
2018.05.21 12:48:29.179,1.70089,1.70116,1.00,1.00
2018.05.21 12:48:29.477,1.70089,1.70114,1.00,1.00
2018.05.21 12:48:29.629,1.70089,1.70116,1.00,1.00
2018.05.21 12:48:29.732,1.70092,1.70119,1.00,1.00
2018.05.21 12:48:30.267,1.70091,1.70118,1.00,1.00
2018.05.21 12:48:31.469,1.70092,1.70119,1.00,1.25
2018.05.21 12:48:32.020,1.70091,1.70118,1.00,1.00
2018.05.21 12:48:32.587,1.70091,1.70116,1.00,1.00
2018.05.21 12:48:32.893,1.70093,1.70118,1.00,1.00
2018.05.21 12:48:33.844,1.70092,1.70118,1.00,1.00
2018.05.21 12:48:36.006,1.70091,1.70118,1.00,1.00
2018.05.21 12:48:36.549,1.70092,1.70119,1.00,1.00
2018.05.21 12:48:37.721,1.70104,1.70127,1.00,1.00
2018.05.21 12:48:38.027,1.70108,1.70127,1.00,1.00
2018.05.21 12:48:38.671,1.7011,1.70127,1.00,1.00
2018.05.21 12:48:40.152,1.70109,1.70127,1.00,1.00
2018.05.21 12:48:41.411,1.70109,1.70134,1.00,1.25
2018.05.21 12:48:42.092,1.70109,1.70134,1.00,1.44
2018.05.21 12:48:42.837,1.70107,1.70134,1.00,1.44
2018.05.21 12:48:42.939,1.70109,1.70136,1.00,1.38
2018.05.21 12:48:43.467,1.70109,1.70136,1.00,1.38
2018.05.21 12:48:43.984,1.70109,1.70136,1.00,1.44
2018.05.21 12:48:44.614,1.70108,1.70133,1.00,1.00
2018.05.21 12:48:45.170,1.70107,1.70132,1.00,1.00
2018.05.21 12:48:45.515,1.70103,1.70128,1.00,1.00
2018.05.21 12:48:48.177,1.70104,1.70131,1.00,1.00
2018.05.21 12:48:48.280,1.70107,1.70134,1.00,1.00
2018.05.21 12:48:49.418,1.70106,1.70131,1.00,1.00
2018.05.21 12:48:50.043,1.70105,1.7013,1.00,1.00
2018.05.21 12:48:50.248,1.70105,1.70132,1.00,1.00
2018.05.21 12:48:50.354,1.70106,1.70134,1.00,1.50
2018.05.21 12:48:50.406,1.70109,1.70134,1.00,1.25
2018.05.21 12:48:50.712,1.70106,1.70131,1.00,1.00
2018.05.21 12:48:51.077,1.70104,1.70129,1.00,1.00
2018.05.21 12:48:51.384,1.70102,1.70127,1.00,1.00
2018.05.21 12:48:52.175,1.70103,1.70128,1.00,1.00
2018.05.21 12:48:52.515,1.70105,1.7013,1.00,1.00
2018.05.21 12:48:56.311,1.70104,1.70129,1.00,1.00
2018.05.21 12:48:57.197,1.70105,1.70132,1.00,1.44
2018.05.21 12:48:57.740,1.70105,1.70132,1.00,1.25
2018.05.21 12:48:58.310,1.70105,1.70132,1.00,1.44
2018.05.21 12:48:58.882,1.70107,1.70132,1.00,1.25
2018.05.21 12:48:59.036,1.70105,1.70133,1.00,1.00
2018.05.21 12:48:59.270,1.70107,1.70132,1.00,1.00
2018.05.21 12:48:59.684,1.70108,1.70135,1.00,1.00
2018.05.21 12:49:00.097,1.70112,1.70135,1.00,1.00
2018.05.21 12:49:01.520,1.70112,1.70136,1.00,1.00
2018.05.21 12:49:02.584,1.7011,1.70136,1.00,1.00
2018.05.21 12:49:03.097,1.7011,1.70135,1.00,1.00
2018.05.21 12:49:03.668,1.70111,1.70136,1.00,1.00
2018.05.21 12:49:04.153,1.70108,1.70135,1.00,1.00
2018.05.21 12:49:05.509,1.7011,1.70138,1.00,1.00
2018.05.21 12:49:06.022,1.70114,1.7014,1.00,1.38
2018.05.21 12:49:06.546,1.70113,1.70139,1.00,1.44
2018.05.21 12:49:07.065,1.70113,1.70139,1.00,1.00
2018.05.21 12:49:09.744,1.70111,1.70137,1.00,1.00
2018.05.21 12:49:10.264,1.7011,1.70136,1.00,1.00
2018.05.21 12:49:11.699,1.70112,1.70139,1.00,1.00
2018.05.21 12:49:12.225,1.7011,1.70138,1.00,1.00
2018.05.21 12:49:12.377,1.70112,1.7014,1.00,1.44
2018.05.21 12:49:13.106,1.70112,1.7014,1.00,1.00
2018.05.21 12:49:13.531,1.70112,1.7014,1.00,1.38
2018.05.21 12:49:14.112,1.70111,1.70137,1.00,1.00
2018.05.21 12:49:14.608,1.70112,1.70139,1.00,1.25
2018.05.21 12:49:15.169,1.70112,1.70139,1.00,1.44
2018.05.21 12:49:15.858,1.70112,1.70139,1.00,1.25
2018.05.21 12:49:16.506,1.70112,1.70138,1.00,1.00
2018.05.21 12:49:18.994,1.70111,1.70136,1.00,1.00
2018.05.21 12:49:19.045,1.70109,1.70137,1.00,1.00
2018.05.21 12:49:19.096,1.70109,1.70135,1.00,1.00
2018.05.21 12:49:20.261,1.70111,1.70138,1.00,1.13
2018.05.21 12:49:20.875,1.70115,1.7014,1.00,1.00
2018.05.21 12:49:21.186,1.70114,1.7014,1.00,1.38
2018.05.21 12:49:21.342,1.70114,1.7014,1.00,1.13
2018.05.21 12:49:22.295,1.70114,1.7014,1.00,1.38
2018.05.21 12:49:22.827,1.70114,1.7014,1.00,1.13
2018.05.21 12:49:23.198,1.70114,1.7014,1.00,1.38
2018.05.21 12:49:23.306,1.70114,1.7014,1.00,1.13
2018.05.21 12:49:23.409,1.70114,1.70141,1.00,1.38
2018.05.21 12:49:23.562,1.70114,1.70141,1.00,1.00
2018.05.21 12:49:24.160,1.70114,1.70141,1.00,1.38
2018.05.21 12:49:24.212,1.70114,1.70141,1.00,1.25
2018.05.21 12:49:24.263,1.70116,1.70141,1.00,1.38
2018.05.21 12:49:24.820,1.70116,1.70141,1.00,1.38
2018.05.21 12:49:25.124,1.70115,1.70131,1.00,1.00
2018.05.21 12:49:25.176,1.70109,1.70132,1.00,1.00
2018.05.21 12:49:25.227,1.70103,1.70129,1.00,1.00
2018.05.21 12:49:25.505,1.7011,1.70135,1.00,1.38
2018.05.21 12:49:25.659,1.70105,1.7013,1.00,1.00
2018.05.21 12:49:26.180,1.70107,1.70133,1.00,1.38
2018.05.21 12:49:26.231,1.70107,1.70133,1.00,1.00
2018.05.21 12:49:26.398,1.70107,1.70132,1.00,1.38
2018.05.21 12:49:26.448,1.70105,1.70132,1.00,1.38
2018.05.21 12:49:26.658,1.70107,1.70135,1.00,2.63
2018.05.21 12:49:26.974,1.70105,1.70131,1.00,1.38
2018.05.21 12:49:27.270,1.70109,1.70136,1.00,1.38
2018.05.21 12:49:27.816,1.70108,1.70135,1.00,1.44
2018.05.21 12:49:28.150,1.70112,1.70138,1.00,1.88
2018.05.21 12:49:28.309,1.70112,1.70138,1.00,1.50
2018.05.21 12:49:28.430,1.70112,1.70138,1.00,1.88
2018.05.21 12:49:29.066,1.70112,1.70138,1.00,1.88
2018.05.21 12:49:29.213,1.70114,1.70142,1.00,1.69
2018.05.21 12:49:29.264,1.70116,1.70142,1.00,1.00
2018.05.21 12:49:29.418,1.70113,1.7014,1.00,1.13
2018.05.21 12:49:29.572,1.70117,1.70138,1.00,1.00
2018.05.21 12:49:29.675,1.70116,1.70142,1.00,1.38
2018.05.21 12:49:29.827,1.70114,1.70142,1.00,1.38
2018.05.21 12:49:30.444,1.70114,1.70142,1.00,1.38
2018.05.21 12:49:30.495,1.70114,1.70142,1.00,1.25
2018.05.21 12:49:30.800,1.70115,1.70143,1.00,1.38
2018.05.21 12:49:31.003,1.70115,1.70143,1.00,1.50
2018.05.21 12:49:31.053,1.70115,1.70143,1.00,1.38
2018.05.21 12:49:31.155,1.70115,1.70143,1.00,1.25
2018.05.21 12:49:31.219,1.70115,1.70143,1.00,1.38
2018.05.21 12:49:31.728,1.70116,1.70141,1.00,1.44
2018.05.21 12:49:32.519,1.70116,1.70141,1.00,1.25
2018.05.21 12:49:33.501,1.70116,1.70141,1.00,1.44
2018.05.21 12:49:34.107,1.70116,1.70141,1.00,1.25
2018.05.21 12:49:34.609,1.70116,1.70141,1.00,1.38
2018.05.21 12:49:34.762,1.70113,1.7014,1.00,1.38
2018.05.21 12:49:35.185,1.70115,1.70141,1.00,1.25
2018.05.21 12:49:35.773,1.70115,1.70141,1.00,1.44
2018.05.21 12:49:36.042,1.70117,1.70144,1.00,1.00
2018.05.21 12:49:36.557,1.70117,1.70144,1.00,1.38
2018.05.21 12:49:36.863,1.70118,1.70144,1.00,1.38
2018.05.21 12:49:36.987,1.70118,1.70144,1.00,1.00
2018.05.21 12:49:37.524,1.70118,1.70144,1.00,1.38
2018.05.21 12:49:37.743,1.70118,1.70145,1.00,1.25
2018.05.21 12:49:37.895,1.7012,1.70146,1.00,1.13
2018.05.21 12:49:38.361,1.70122,1.70148,1.00,1.38
2018.05.21 12:49:38.412,1.70122,1.70149,1.00,1.00
2018.05.21 12:49:38.463,1.70129,1.70151,1.00,1.00
2018.05.21 12:49:38.515,1.70128,1.70153,1.00,1.69
2018.05.21 12:49:38.565,1.70129,1.70153,1.00,1.38
2018.05.21 12:49:38.616,1.70129,1.70155,1.00,1.00
2018.05.21 12:49:38.901,1.70127,1.70154,1.00,1.00
2018.05.21 12:49:39.003,1.70127,1.70152,1.00,1.00
2018.05.21 12:49:39.053,1.70125,1.70153,1.00,1.00
2018.05.21 12:49:39.206,1.70123,1.70151,1.00,1.44
2018.05.21 12:49:39.829,1.70123,1.70151,1.00,1.38
2018.05.21 12:49:40.358,1.70122,1.7015,1.00,1.13
2018.05.21 12:49:40.696,1.70125,1.70151,1.00,1.13
2018.05.21 12:49:41.229,1.70126,1.70152,1.00,1.13
2018.05.21 12:49:41.625,1.70126,1.70152,1.00,1.38
2018.05.21 12:49:41.676,1.70126,1.70152,1.00,1.25
2018.05.21 12:49:42.218,1.70125,1.70151,1.00,1.00
2018.05.21 12:49:42.761,1.70124,1.7015,1.00,1.13
2018.05.21 12:49:43.309,1.70127,1.70153,1.00,1.88
2018.05.21 12:49:43.466,1.70119,1.70146,1.00,1.00
2018.05.21 12:49:44.253,1.70119,1.70145,1.00,1.00
2018.05.21 12:49:44.305,1.70121,1.70147,1.00,1.00
2018.05.21 12:49:44.612,1.70119,1.70147,1.00,1.38
2018.05.21 12:49:45.120,1.70118,1.70144,1.00,1.00
2018.05.21 12:49:45.428,1.70121,1.70146,1.00,1.00
2018.05.21 12:49:45.976,1.7012,1.70146,1.00,1.00
2018.05.21 12:49:47.389,1.70121,1.70147,1.00,1.00
2018.05.21 12:49:47.775,1.70117,1.70144,1.00,1.00
2018.05.21 12:49:48.064,1.70118,1.70146,1.00,1.00
2018.05.21 12:49:48.115,1.70122,1.70148,1.00,1.00
2018.05.21 12:49:48.169,1.7012,1.70148,1.00,1.44
2018.05.21 12:49:48.676,1.70119,1.70147,1.00,1.00
2018.05.21 12:49:49.120,1.70121,1.70147,1.00,1.00
2018.05.21 12:49:49.222,1.70117,1.70145,1.00,1.00
2018.05.21 12:49:49.475,1.70118,1.70143,1.00,1.00
2018.05.21 12:49:50.197,1.70118,1.70146,1.00,1.00
2018.05.21 12:49:50.298,1.70118,1.70146,1.00,1.38
2018.05.21 12:49:50.836,1.70119,1.70146,1.00,1.38
2018.05.21 12:49:51.089,1.70123,1.70149,1.00,1.69
2018.05.21 12:49:51.190,1.70126,1.70149,1.00,1.00
2018.05.21 12:49:51.241,1.70121,1.70146,1.00,1.00
2018.05.21 12:49:52.177,1.70123,1.70149,1.00,1.44
2018.05.21 12:49:52.778,1.70123,1.70149,1.00,1.25
2018.05.21 12:49:53.309,1.70123,1.70149,1.00,1.38
2018.05.21 12:49:54.105,1.70121,1.70145,1.00,1.00
2018.05.21 12:49:55.198,1.70124,1.70147,1.00,1.19
2018.05.21 12:49:55.504,1.70121,1.70148,1.00,1.38
2018.05.21 12:49:56.028,1.70121,1.70148,1.00,1.13
2018.05.21 12:49:56.568,1.70121,1.70148,1.00,1.38
2018.05.21 12:49:57.169,1.70118,1.70144,1.00,1.00
2018.05.21 12:49:57.544,1.7012,1.70148,1.00,1.38
2018.05.21 12:49:58.211,1.7012,1.70148,1.00,1.38
2018.05.21 12:49:58.773,1.7012,1.70148,1.00,1.38
2018.05.21 12:49:59.382,1.7012,1.70148,1.00,1.38
2018.05.21 12:49:59.603,1.70118,1.70146,1.00,1.44
2018.05.21 12:50:00.129,1.70118,1.70146,1.00,1.25
2018.05.21 12:50:00.846,1.70119,1.70147,1.00,1.25
2018.05.21 12:50:01.396,1.70118,1.70146,1.00,1.25
2018.05.21 12:50:01.498,1.7012,1.70145,1.00,1.00
2018.05.21 12:50:02.475,1.70118,1.70146,1.00,1.38
2018.05.21 12:50:02.526,1.7012,1.70145,1.00,1.38
2018.05.21 12:50:02.880,1.70117,1.70143,1.00,1.00
2018.05.21 12:50:03.396,1.70116,1.70142,1.00,1.00
2018.05.21 12:50:04.423,1.70117,1.70145,1.00,1.13
2018.05.21 12:50:04.953,1.70118,1.70144,1.00,1.13
2018.05.21 12:50:05.499,1.70117,1.70143,1.00,1.00
2018.05.21 12:50:05.943,1.70119,1.70146,1.00,1.00
2018.05.21 12:50:10.172,1.70119,1.70144,1.00,1.00
2018.05.21 12:50:11.320,1.70118,1.70144,1.00,1.00
2018.05.21 12:50:11.841,1.70117,1.70143,1.00,1.00
2018.05.21 12:50:11.893,1.70114,1.70141,1.50,1.00
2018.05.21 12:50:12.118,1.70117,1.70143,1.00,1.00
2018.05.21 12:50:12.815,1.70119,1.70144,1.00,1.00
2018.05.21 12:50:13.600,1.70118,1.70144,1.00,1.00
2018.05.21 12:50:14.251,1.70114,1.70142,1.00,1.00
2018.05.21 12:50:14.303,1.70114,1.70139,1.00,1.00
2018.05.21 12:50:14.807,1.70113,1.70138,1.00,1.00
2018.05.21 12:50:16.495,1.70112,1.70138,1.00,1.00
2018.05.21 12:50:17.139,1.70112,1.70138,1.00,1.44
2018.05.21 12:50:17.672,1.70112,1.70138,1.00,1.00
2018.05.21 12:50:18.496,1.70115,1.70138,1.00,1.00
2018.05.21 12:50:18.999,1.70114,1.70138,1.00,1.00
2018.05.21 12:50:20.635,1.70113,1.70137,1.00,1.00
2018.05.21 12:50:21.140,1.70114,1.70137,1.00,1.00
2018.05.21 12:50:21.444,1.7011,1.70134,1.00,1.00
2018.05.21 12:50:21.495,1.70109,1.70132,1.00,1.00
2018.05.21 12:50:21.546,1.70107,1.70133,1.00,1.00
2018.05.21 12:50:23.599,1.70107,1.70132,1.00,1.00
2018.05.21 12:50:23.701,1.70109,1.70135,1.00,1.00
2018.05.21 12:50:25.149,1.70111,1.70137,1.00,1.00
2018.05.21 12:50:25.669,1.70109,1.70134,1.00,1.00
2018.05.21 12:50:25.977,1.70107,1.70132,1.00,1.00
2018.05.21 12:50:26.936,1.70106,1.70131,1.00,1.00
2018.05.21 12:50:27.262,1.70103,1.70128,1.00,1.00
2018.05.21 12:50:27.781,1.70103,1.70129,1.00,1.00
2018.05.21 12:50:28.319,1.70104,1.7013,1.00,1.00
2018.05.21 12:50:29.644,1.70104,1.70129,1.00,1.00
2018.05.21 12:50:31.478,1.70101,1.70126,1.50,1.00
2018.05.21 12:50:32.020,1.70102,1.70127,1.00,1.00
2018.05.21 12:50:32.528,1.70101,1.70126,1.00,1.00
2018.05.21 12:50:32.732,1.70098,1.70124,1.00,1.00
2018.05.21 12:50:33.335,1.70098,1.70123,1.00,1.00
2018.05.21 12:50:36.014,1.70099,1.70124,1.00,1.00
2018.05.21 12:50:36.371,1.70099,1.70126,1.00,1.00
2018.05.21 12:50:37.501,1.70101,1.70126,1.00,1.00
2018.05.21 12:50:39.219,1.70101,1.70127,1.00,1.00
2018.05.21 12:50:40.211,1.70099,1.70128,1.00,1.00
2018.05.21 12:50:41.008,1.70103,1.70129,1.00,1.00
2018.05.21 12:50:41.546,1.70102,1.70129,1.00,1.00
2018.05.21 12:50:41.850,1.701,1.70126,1.00,1.00
2018.05.21 12:50:42.987,1.70099,1.70126,1.00,1.00
2018.05.21 12:50:43.651,1.70102,1.70129,1.00,1.00
2018.05.21 12:50:43.703,1.70099,1.70127,1.50,1.00
2018.05.21 12:50:43.907,1.70099,1.70127,1.00,1.38
2018.05.21 12:50:44.193,1.70099,1.70127,1.00,1.13
2018.05.21 12:50:44.728,1.701,1.70127,1.00,1.38
2018.05.21 12:50:45.134,1.701,1.70128,1.00,1.00
2018.05.21 12:50:45.685,1.701,1.70128,1.00,1.38
2018.05.21 12:50:46.641,1.701,1.70129,1.00,1.38
2018.05.21 12:50:47.143,1.701,1.70129,1.00,1.38
2018.05.21 12:50:47.394,1.701,1.70129,1.00,1.38
2018.05.21 12:50:47.512,1.701,1.70129,1.00,1.00
2018.05.21 12:50:47.614,1.701,1.70129,1.00,1.38
2018.05.21 12:50:47.933,1.70104,1.70132,1.00,2.06
2018.05.21 12:50:48.241,1.70106,1.70132,1.00,1.63
2018.05.21 12:50:48.773,1.70106,1.70132,1.00,1.81
2018.05.21 12:50:49.343,1.70106,1.70132,1.00,1.38
2018.05.21 12:50:49.395,1.70109,1.70135,1.00,1.25
2018.05.21 12:50:49.447,1.70107,1.70134,1.00,1.00
2018.05.21 12:50:49.949,1.70108,1.70134,1.00,1.00
2018.05.21 12:50:50.847,1.7011,1.70138,1.00,1.00
2018.05.21 12:50:51.592,1.7011,1.70136,1.00,1.00
2018.05.21 12:50:51.644,1.70108,1.70136,1.00,1.00
2018.05.21 12:50:52.027,1.70108,1.70134,1.00,1.00
2018.05.21 12:50:52.711,1.70108,1.70136,1.00,1.00
2018.05.21 12:50:53.221,1.70107,1.70135,1.00,1.00
2018.05.21 12:50:54.131,1.70107,1.70133,1.00,1.00
2018.05.21 12:50:54.739,1.70108,1.70134,1.00,1.00
2018.05.21 12:50:54.790,1.70108,1.70136,1.00,1.00
2018.05.21 12:50:54.842,1.7011,1.70137,1.00,1.00
2018.05.21 12:50:54.893,1.70107,1.70136,1.00,1.12
2018.05.21 12:50:54.945,1.7011,1.70136,1.00,1.00
2018.05.21 12:50:55.461,1.7011,1.70138,1.00,1.25
2018.05.21 12:50:56.994,1.70109,1.70135,1.00,1.00
2018.05.21 12:50:57.329,1.70111,1.70137,1.00,1.00
2018.05.21 12:50:57.749,1.70113,1.7014,1.00,1.12
2018.05.21 12:50:57.852,1.70109,1.70139,1.00,1.00
2018.05.21 12:50:58.093,1.70112,1.70142,1.00,1.50
2018.05.21 12:50:58.408,1.70109,1.70137,1.00,1.00
2018.05.21 12:50:58.909,1.70108,1.70138,1.50,1.00
2018.05.21 12:50:59.213,1.70112,1.70142,1.00,1.00
2018.05.21 12:50:59.754,1.70111,1.70142,1.00,1.00
2018.05.21 12:51:00.393,1.70112,1.70142,1.50,1.50
2018.05.21 12:51:01.493,1.70112,1.7014,1.00,1.00
2018.05.21 12:51:02.398,1.70113,1.7014,1.00,1.00
2018.05.21 12:51:02.691,1.70114,1.70144,1.00,1.00
2018.05.21 12:51:04.763,1.70115,1.70145,1.00,1.00
2018.05.21 12:51:05.996,1.70118,1.70146,1.00,1.00
2018.05.21 12:51:07.536,1.70121,1.7015,1.00,1.00
2018.05.21 12:51:07.587,1.70123,1.70151,1.00,1.25
2018.05.21 12:51:08.088,1.70124,1.70152,1.00,1.25
2018.05.21 12:51:08.740,1.70126,1.70156,1.00,2.25
2018.05.21 12:51:08.895,1.70127,1.70157,1.00,1.38
2018.05.21 12:51:08.947,1.70127,1.70157,1.00,1.44
2018.05.21 12:51:08.998,1.70127,1.70157,1.00,1.38
2018.05.21 12:51:09.052,1.70127,1.70157,1.00,1.25
2018.05.21 12:51:09.103,1.70127,1.70157,1.00,1.38
2018.05.21 12:51:09.252,1.70127,1.70157,1.00,1.25
2018.05.21 12:51:09.304,1.70127,1.70157,1.00,1.38
2018.05.21 12:51:09.613,1.70127,1.70157,1.00,1.38
2018.05.21 12:51:09.972,1.70129,1.70157,1.00,1.38
2018.05.21 12:51:10.206,1.70129,1.70157,1.00,1.00
2018.05.21 12:51:10.408,1.70129,1.70157,1.00,1.38
2018.05.21 12:51:10.748,1.70129,1.70156,1.00,1.38
2018.05.21 12:51:10.900,1.70129,1.70156,1.00,1.38
2018.05.21 12:51:11.345,1.70129,1.70157,1.00,1.00
2018.05.21 12:51:11.412,1.70127,1.70155,1.00,1.56
2018.05.21 12:51:11.463,1.70127,1.70155,1.00,1.19
2018.05.21 12:51:11.832,1.70127,1.70155,1.00,1.38
2018.05.21 12:51:11.884,1.70127,1.70155,1.00,1.00
2018.05.21 12:51:11.935,1.70127,1.70155,1.00,1.38
2018.05.21 12:51:12.393,1.70127,1.70155,1.00,1.38
2018.05.21 12:51:12.679,1.70127,1.70155,1.00,1.00
2018.05.21 12:51:12.730,1.70127,1.70155,1.00,1.38
2018.05.21 12:51:12.832,1.70125,1.70152,1.00,1.00
2018.05.21 12:51:12.883,1.70123,1.7015,1.00,1.00
2018.05.21 12:51:13.231,1.70122,1.7015,1.50,1.38
2018.05.21 12:51:13.283,1.70121,1.70149,1.50,1.00
2018.05.21 12:51:13.386,1.70122,1.70149,1.00,1.38
2018.05.21 12:51:13.743,1.70122,1.70149,1.00,1.00
2018.05.21 12:51:13.795,1.70122,1.70149,1.00,1.38
2018.05.21 12:51:14.343,1.70121,1.70149,2.25,1.38
2018.05.21 12:51:14.497,1.70123,1.70151,1.00,1.00
2018.05.21 12:51:14.548,1.70121,1.70149,1.50,1.25
2018.05.21 12:51:14.752,1.70123,1.70153,1.00,1.44
2018.05.21 12:51:15.225,1.70122,1.70149,1.00,1.25
2018.05.21 12:51:15.535,1.70121,1.70146,1.00,1.00
2018.05.21 12:51:16.778,1.70118,1.70146,1.00,1.00
2018.05.21 12:51:17.603,1.70118,1.70147,1.00,1.00
2018.05.21 12:51:18.114,1.70118,1.70148,1.00,1.00
2018.05.21 12:51:19.108,1.70119,1.70148,1.00,1.00
2018.05.21 12:51:19.722,1.7012,1.7015,1.00,1.25
2018.05.21 12:51:20.250,1.70123,1.70151,1.00,1.00
2018.05.21 12:51:20.994,1.70121,1.70151,1.00,1.00
2018.05.21 12:51:21.147,1.70123,1.70151,1.00,1.00
2018.05.21 12:51:21.197,1.70121,1.70152,1.00,1.00
2018.05.21 12:51:21.248,1.70124,1.70152,1.00,1.25
2018.05.21 12:51:21.552,1.70124,1.70152,1.00,1.38
2018.05.21 12:51:22.085,1.70123,1.70151,1.00,1.00
2018.05.21 12:51:22.918,1.70121,1.70149,1.00,1.00
2018.05.21 12:51:24.581,1.70121,1.70151,1.00,1.00
2018.05.21 12:51:26.670,1.70121,1.70151,1.00,1.38
2018.05.21 12:51:26.721,1.70123,1.70151,1.00,1.25
2018.05.21 12:51:26.849,1.70121,1.70151,1.00,1.00
2018.05.21 12:51:28.198,1.70119,1.70148,1.00,1.00
2018.05.21 12:51:28.401,1.70116,1.70146,1.00,1.00
2018.05.21 12:51:29.476,1.70117,1.70147,1.00,1.00
2018.05.21 12:51:29.833,1.70117,1.70145,1.00,1.00
2018.05.21 12:51:32.375,1.70116,1.70144,1.00,1.00
2018.05.21 12:51:33.449,1.70116,1.70144,1.00,1.44
2018.05.21 12:51:33.908,1.70113,1.70143,1.50,1.00
2018.05.21 12:51:34.604,1.70112,1.7014,1.00,1.00
2018.05.21 12:51:35.746,1.70111,1.7014,1.00,1.25
2018.05.21 12:51:36.118,1.7011,1.70138,1.00,1.00
2018.05.21 12:51:36.886,1.70108,1.70138,1.00,1.00
2018.05.21 12:51:36.988,1.70108,1.70136,1.00,1.00
2018.05.21 12:51:37.549,1.70109,1.70137,1.00,1.13
2018.05.21 12:51:38.545,1.70108,1.70137,1.00,1.13
2018.05.21 12:51:39.100,1.70107,1.70137,1.50,1.13
2018.05.21 12:51:39.527,1.70107,1.70137,1.50,1.38
2018.05.21 12:51:40.055,1.70108,1.70134,1.00,1.13
2018.05.21 12:51:40.592,1.70107,1.70134,1.00,1.13
2018.05.21 12:51:41.428,1.70107,1.70135,1.50,1.50
2018.05.21 12:51:41.981,1.70108,1.70135,1.00,1.25
2018.05.21 12:51:42.985,1.70107,1.70135,1.50,1.25
2018.05.21 12:51:43.875,1.70108,1.70135,1.00,1.00
2018.05.21 12:51:43.977,1.70109,1.70137,1.00,1.00
2018.05.21 12:51:44.183,1.70111,1.7014,1.00,1.69
2018.05.21 12:51:44.291,1.70113,1.70143,1.00,1.25
2018.05.21 12:51:44.394,1.70115,1.70143,1.00,1.25
2018.05.21 12:51:44.936,1.70114,1.70142,1.00,1.00
2018.05.21 12:51:46.548,1.70113,1.70143,1.00,1.00
2018.05.21 12:51:47.099,1.70114,1.70143,1.00,1.00
2018.05.21 12:51:47.656,1.70113,1.70141,1.00,1.00
2018.05.21 12:51:47.707,1.70111,1.7014,1.00,1.00
2018.05.21 12:51:47.861,1.7011,1.70138,1.00,1.00
2018.05.21 12:51:48.865,1.7011,1.70138,1.00,1.63
2018.05.21 12:51:48.915,1.7011,1.70138,1.00,1.25
2018.05.21 12:51:49.017,1.70107,1.70136,1.00,1.00
2018.05.21 12:51:49.067,1.70109,1.70136,1.00,1.00
2018.05.21 12:51:49.169,1.70105,1.70136,1.50,1.00
2018.05.21 12:51:49.472,1.70107,1.70136,1.00,1.00
2018.05.21 12:51:49.573,1.70108,1.70138,1.00,1.00
2018.05.21 12:51:50.813,1.7011,1.70138,1.00,1.00
2018.05.21 12:51:51.017,1.70109,1.7014,1.50,1.00
2018.05.21 12:51:51.068,1.70111,1.70139,1.00,1.00
2018.05.21 12:51:52.964,1.70112,1.70141,1.00,1.38
2018.05.21 12:51:53.271,1.70114,1.70142,1.00,1.38
2018.05.21 12:51:53.323,1.70112,1.70142,1.00,1.88
2018.05.21 12:51:53.896,1.70112,1.7014,1.00,1.44
2018.05.21 12:51:54.271,1.70113,1.70144,1.00,1.38
2018.05.21 12:51:54.322,1.70115,1.70145,1.00,1.38
2018.05.21 12:51:54.996,1.70115,1.70145,1.00,1.38
2018.05.21 12:51:55.256,1.70112,1.70142,1.00,1.38
2018.05.21 12:51:55.946,1.70112,1.70142,1.00,1.44
2018.05.21 12:51:56.468,1.70112,1.70142,1.00,1.38
2018.05.21 12:51:56.889,1.70112,1.70142,1.00,1.38
2018.05.21 12:51:57.223,1.70112,1.70142,1.00,1.38
2018.05.21 12:51:57.738,1.70112,1.70142,1.00,1.00
2018.05.21 12:51:58.008,1.70112,1.70142,1.00,1.38
2018.05.21 12:51:58.490,1.70112,1.70142,1.00,1.38
2018.05.21 12:51:58.811,1.70112,1.70142,1.00,1.56
2018.05.21 12:51:59.422,1.70112,1.70142,1.00,1.56
2018.05.21 12:51:59.880,1.70108,1.70136,1.00,1.00
2018.05.21 12:51:59.983,1.70107,1.70135,1.00,1.38
2018.05.21 12:52:00.034,1.70105,1.70133,1.00,1.25
2018.05.21 12:52:01.524,1.70106,1.70134,1.00,1.00
2018.05.21 12:52:02.270,1.70105,1.70134,1.00,1.00
2018.05.21 12:52:02.797,1.70105,1.70134,1.00,1.44
2018.05.21 12:52:03.769,1.70105,1.70134,1.50,1.13
2018.05.21 12:52:04.275,1.70105,1.70134,1.00,1.38
2018.05.21 12:52:04.955,1.70105,1.70134,1.00,1.31
2018.05.21 12:52:05.536,1.70105,1.70134,1.50,1.38
2018.05.21 12:52:06.244,1.70105,1.70134,2.25,1.13
2018.05.21 12:52:06.752,1.70106,1.70135,1.00,1.38
2018.05.21 12:52:07.044,1.70109,1.70138,1.00,1.25
2018.05.21 12:52:07.095,1.70111,1.7014,1.00,1.13
2018.05.21 12:52:07.426,1.70111,1.70141,1.00,1.38
2018.05.21 12:52:07.599,1.70111,1.70141,1.00,1.88
2018.05.21 12:52:08.119,1.7011,1.70137,1.00,1.00
2018.05.21 12:52:08.672,1.70111,1.70141,1.00,1.38
2018.05.21 12:52:08.842,1.70113,1.70141,1.00,1.38
2018.05.21 12:52:09.457,1.70111,1.70141,1.00,1.38
2018.05.21 12:52:09.514,1.70108,1.70136,1.50,1.00
2018.05.21 12:52:09.872,1.7011,1.70138,1.00,1.38
2018.05.21 12:52:09.924,1.70111,1.70139,1.00,1.44
2018.05.21 12:52:10.331,1.70114,1.70142,1.00,1.38
2018.05.21 12:52:10.685,1.70117,1.70144,1.00,1.00
2018.05.21 12:52:10.736,1.70116,1.70139,1.50,1.00
2018.05.21 12:52:10.837,1.7011,1.70138,1.00,1.38
2018.05.21 12:52:10.888,1.70108,1.70136,1.00,1.00
2018.05.21 12:52:10.990,1.70108,1.70136,1.00,1.75
2018.05.21 12:52:11.148,1.70108,1.70136,1.00,1.25
2018.05.21 12:52:11.445,1.70105,1.70134,1.00,1.00
2018.05.21 12:52:11.605,1.70106,1.70136,1.00,1.00
2018.05.21 12:52:11.656,1.70103,1.70131,1.00,1.00
2018.05.21 12:52:12.265,1.70103,1.7013,1.00,1.00
2018.05.21 12:52:12.777,1.70102,1.7013,1.87,1.00
2018.05.21 12:52:13.318,1.70103,1.7013,1.00,1.00
2018.05.21 12:52:13.524,1.70111,1.70139,1.00,1.13
2018.05.21 12:52:13.579,1.70111,1.70138,1.00,1.88
2018.05.21 12:52:13.815,1.70112,1.7014,1.00,1.44
2018.05.21 12:52:13.970,1.70112,1.7014,1.00,1.38
2018.05.21 12:52:14.511,1.70112,1.70141,1.00,1.38
2018.05.21 12:52:14.653,1.70112,1.70141,1.00,1.88
2018.05.21 12:52:14.919,1.7011,1.70139,1.50,1.44
2018.05.21 12:52:15.329,1.70112,1.70142,1.00,1.38
2018.05.21 12:52:15.586,1.70112,1.70142,1.00,1.38
2018.05.21 12:52:16.169,1.70112,1.70142,1.00,1.44
2018.05.21 12:52:16.265,1.7011,1.70138,1.50,1.00
2018.05.21 12:52:17.297,1.70111,1.70138,1.00,1.00
2018.05.21 12:52:18.014,1.70113,1.70141,1.00,1.88
2018.05.21 12:52:18.518,1.70113,1.70141,1.00,1.00
2018.05.21 12:52:19.161,1.70112,1.7014,1.00,1.00
2018.05.21 12:52:21.610,1.7011,1.70138,1.00,1.00
2018.05.21 12:52:22.155,1.70111,1.70138,1.00,1.00
2018.05.21 12:52:22.849,1.70111,1.70136,1.00,1.00
2018.05.21 12:52:22.903,1.70109,1.70135,1.00,1.00
2018.05.21 12:52:22.957,1.70106,1.70135,1.00,1.00
2018.05.21 12:52:23.055,1.70109,1.70137,1.00,1.00
2018.05.21 12:52:23.611,1.70107,1.70137,2.25,1.00
2018.05.21 12:52:24.391,1.70108,1.70137,1.00,1.00
2018.05.21 12:52:24.730,1.70108,1.70134,1.00,1.00
2018.05.21 12:52:24.834,1.70104,1.70134,1.50,1.00
2018.05.21 12:52:24.886,1.70107,1.70135,1.00,1.00
2018.05.21 12:52:25.045,1.70105,1.70134,1.00,1.50
2018.05.21 12:52:26.559,1.70104,1.70133,1.38,1.00
2018.05.21 12:52:27.272,1.70104,1.70133,1.13,1.00
2018.05.21 12:52:27.780,1.70106,1.70137,1.13,1.00
2018.05.21 12:52:28.020,1.70109,1.7014,1.00,1.25
2018.05.21 12:52:28.324,1.70102,1.70132,1.50,1.00
2018.05.21 12:52:28.663,1.70104,1.70132,1.00,1.00
2018.05.21 12:52:29.197,1.70105,1.70132,1.00,1.00
2018.05.21 12:52:29.349,1.70104,1.70135,1.50,1.00
2018.05.21 12:52:29.854,1.70105,1.70135,1.00,1.50
2018.05.21 12:52:31.256,1.70104,1.70135,1.50,1.00
2018.05.21 12:52:31.647,1.70104,1.70132,1.25,1.00
2018.05.21 12:52:32.163,1.70105,1.70133,1.00,1.00
2018.05.21 12:52:32.495,1.70104,1.70131,1.00,1.00
2018.05.21 12:52:33.029,1.70105,1.70131,1.00,1.25
2018.05.21 12:52:33.130,1.70105,1.70133,1.00,1.00
2018.05.21 12:52:33.181,1.70107,1.70135,1.00,1.00
2018.05.21 12:52:33.714,1.70106,1.70134,1.50,1.00
2018.05.21 12:52:34.241,1.70107,1.70134,1.00,1.00
2018.05.21 12:52:34.788,1.70107,1.70135,1.00,1.00
2018.05.21 12:52:35.243,1.70106,1.70132,1.00,1.00
2018.05.21 12:52:35.447,1.70104,1.70131,1.00,1.00
2018.05.21 12:52:36.030,1.70104,1.70133,1.00,1.00
2018.05.21 12:52:37.923,1.70105,1.70133,1.00,1.50
2018.05.21 12:52:38.695,1.70104,1.70133,1.00,1.00
2018.05.21 12:52:39.548,1.70104,1.70132,1.00,1.00
2018.05.21 12:52:40.612,1.70105,1.70132,1.00,1.00
2018.05.21 12:52:41.011,1.70105,1.70129,1.00,1.00
2018.05.21 12:52:42.007,1.70105,1.7013,1.00,1.50
2018.05.21 12:52:42.059,1.70098,1.7013,1.50,1.44
2018.05.21 12:52:42.415,1.701,1.7013,1.00,1.44
2018.05.21 12:52:42.467,1.70101,1.70131,1.00,1.00
2018.05.21 12:52:43.015,1.70102,1.70132,1.00,1.00
2018.05.21 12:52:45.763,1.70103,1.70132,1.00,1.00
2018.05.21 12:52:46.285,1.70102,1.70132,1.00,1.00
2018.05.21 12:52:46.335,1.70104,1.70132,1.00,1.00
2018.05.21 12:52:46.386,1.70105,1.70135,1.00,1.50
2018.05.21 12:52:46.920,1.70104,1.70135,1.50,1.00
2018.05.21 12:52:47.472,1.70105,1.70135,1.00,1.00
2018.05.21 12:52:48.303,1.70105,1.70132,1.00,1.00
2018.05.21 12:52:48.495,1.701,1.7013,1.00,1.00
2018.05.21 12:52:49.471,1.70099,1.70129,1.00,1.00
2018.05.21 12:52:50.716,1.70097,1.70127,1.50,1.38
2018.05.21 12:52:50.861,1.70093,1.70124,1.25,1.00
2018.05.21 12:52:50.912,1.70095,1.70124,1.00,1.00
2018.05.21 12:52:53.551,1.70093,1.70124,1.38,1.00
2018.05.21 12:52:53.602,1.70093,1.70124,1.44,1.00
2018.05.21 12:52:54.586,1.70093,1.70122,1.38,1.00
2018.05.21 12:52:55.040,1.70093,1.70122,1.13,1.00
2018.05.21 12:52:55.584,1.70092,1.70121,1.38,1.00
2018.05.21 12:52:56.145,1.70092,1.70121,1.88,1.00
2018.05.21 12:52:57.733,1.70092,1.70121,1.50,1.00
2018.05.21 12:52:58.381,1.70092,1.70122,1.00,1.00
2018.05.21 12:52:58.901,1.70092,1.70122,1.00,1.88
2018.05.21 12:52:59.411,1.70092,1.70122,1.00,1.00
2018.05.21 12:53:00.086,1.70091,1.70122,1.50,1.00
2018.05.21 12:53:00.587,1.70092,1.70122,1.00,1.00
2018.05.21 12:53:01.484,1.70093,1.70122,1.00,1.00
2018.05.21 12:53:01.990,1.70092,1.70123,1.50,1.38
2018.05.21 12:53:02.640,1.70095,1.70122,1.00,1.00
2018.05.21 12:53:02.743,1.70095,1.70124,1.00,1.00
2018.05.21 12:53:03.293,1.70095,1.70125,1.00,1.50
2018.05.21 12:53:03.672,1.70095,1.70124,1.00,1.38
2018.05.21 12:53:03.976,1.70094,1.7012,1.00,1.00
2018.05.21 12:53:04.511,1.70095,1.7012,1.00,1.25
2018.05.21 12:53:05.538,1.70095,1.70119,1.00,1.00
2018.05.21 12:53:06.016,1.70095,1.70121,1.00,1.25
2018.05.21 12:53:07.471,1.70094,1.70121,1.00,1.38
2018.05.21 12:53:07.623,1.70089,1.70117,1.00,1.44
2018.05.21 12:53:07.674,1.70088,1.70116,1.00,1.38
2018.05.21 12:53:07.728,1.70088,1.70115,1.00,1.50
2018.05.21 12:53:08.233,1.70088,1.70115,1.00,1.88
2018.05.21 12:53:08.781,1.70087,1.70115,1.00,1.25
2018.05.21 12:53:09.249,1.70088,1.70112,1.00,1.00
2018.05.21 12:53:09.852,1.70087,1.70112,1.00,1.00
2018.05.21 12:53:10.412,1.70088,1.70112,1.00,1.00
2018.05.21 12:53:11.021,1.70087,1.70112,1.00,1.00
2018.05.21 12:53:11.073,1.70081,1.7011,1.00,1.00
2018.05.21 12:53:11.225,1.70081,1.70112,1.50,1.69
2018.05.21 12:53:14.070,1.7008,1.70111,2.25,1.00
2018.05.21 12:53:14.603,1.70081,1.70112,1.00,1.00
2018.05.21 12:53:15.144,1.7008,1.70112,2.25,1.25
2018.05.21 12:53:15.687,1.70081,1.70112,1.00,1.25
2018.05.21 12:53:16.422,1.7008,1.70112,2.25,1.25
2018.05.21 12:53:16.595,1.70087,1.70115,1.50,1.00
2018.05.21 12:53:16.974,1.70087,1.70113,1.50,1.00
2018.05.21 12:53:17.176,1.70088,1.70115,1.00,1.00
2018.05.21 12:53:17.698,1.70088,1.70116,1.00,1.00
2018.05.21 12:53:18.247,1.70087,1.70116,1.00,1.00
2018.05.21 12:53:20.307,1.70088,1.70116,1.00,1.00
2018.05.21 12:53:21.001,1.70088,1.70117,1.00,1.00
2018.05.21 12:53:21.908,1.70087,1.70117,1.87,1.00
2018.05.21 12:53:22.425,1.70088,1.70117,1.00,1.00
2018.05.21 12:53:22.975,1.70087,1.70117,1.00,1.00
2018.05.21 12:53:23.843,1.70088,1.70117,1.00,1.00
2018.05.21 12:53:24.375,1.70089,1.70118,1.00,1.00
2018.05.21 12:53:24.607,1.70087,1.70118,1.50,1.00
2018.05.21 12:53:24.658,1.70088,1.70114,1.00,1.00
2018.05.21 12:53:25.147,1.70094,1.70113,1.00,1.00
2018.05.21 12:53:25.209,1.70095,1.70122,1.00,1.00
2018.05.21 12:53:25.364,1.70093,1.70124,1.00,1.00
2018.05.21 12:53:25.416,1.70099,1.70128,1.00,1.87
2018.05.21 12:53:25.517,1.70099,1.70131,1.00,3.75
2018.05.21 12:53:25.569,1.701,1.70129,1.00,1.44
2018.05.21 12:53:25.726,1.70098,1.70129,1.00,1.88
2018.05.21 12:53:25.830,1.70095,1.70125,1.00,1.00
2018.05.21 12:53:25.882,1.70097,1.70129,1.00,1.69
2018.05.21 12:53:25.933,1.701,1.70129,1.00,1.00
2018.05.21 12:53:26.948,1.70101,1.70132,1.00,1.44
2018.05.21 12:53:26.999,1.70105,1.70131,1.00,1.00
2018.05.21 12:53:27.303,1.70103,1.70129,1.00,1.25
2018.05.21 12:53:27.856,1.70102,1.70129,1.00,1.00
2018.05.21 12:53:28.357,1.70102,1.7013,1.00,1.50
2018.05.21 12:53:28.815,1.701,1.70128,1.00,1.00
2018.05.21 12:53:30.550,1.70099,1.70127,1.00,1.50
2018.05.21 12:53:30.907,1.70097,1.70125,1.00,1.00
2018.05.21 12:53:31.224,1.70095,1.70121,1.00,1.00
2018.05.21 12:53:31.532,1.70093,1.70119,1.00,1.00
2018.05.21 12:53:31.633,1.70092,1.70121,1.00,1.50
2018.05.21 12:53:32.066,1.70093,1.70119,1.00,1.00
2018.05.21 12:53:32.573,1.70092,1.7012,1.00,1.00
2018.05.21 12:53:33.509,1.70092,1.70121,1.00,1.50
2018.05.21 12:53:34.891,1.70092,1.7012,1.00,1.00
2018.05.21 12:53:35.728,1.70092,1.70121,1.00,1.50
2018.05.21 12:53:36.044,1.70093,1.70119,1.00,1.00
2018.05.21 12:53:36.883,1.70097,1.70125,1.00,1.00
2018.05.21 12:53:36.935,1.70099,1.70126,1.00,2.06
2018.05.21 12:53:37.089,1.70093,1.70127,1.00,2.63
2018.05.21 12:53:37.173,1.70094,1.70122,1.00,1.00
2018.05.21 12:53:37.477,1.70092,1.7012,1.00,1.00
2018.05.21 12:53:37.783,1.70094,1.7012,1.00,1.00
2018.05.21 12:53:37.834,1.70095,1.70122,1.00,1.00
2018.05.21 12:53:38.289,1.70094,1.7012,1.00,1.00
2018.05.21 12:53:39.017,1.70094,1.70121,1.00,1.00
2018.05.21 12:53:39.288,1.70092,1.70121,1.00,1.00
2018.05.21 12:53:41.803,1.70096,1.70124,1.00,1.50
2018.05.21 12:53:42.132,1.701,1.70126,1.00,1.50
2018.05.21 12:53:42.650,1.70099,1.70126,1.00,1.00
2018.05.21 12:53:44.621,1.70099,1.70127,1.00,1.00
2018.05.21 12:53:44.673,1.70097,1.70126,1.00,1.00
2018.05.21 12:53:46.581,1.70098,1.70127,1.00,1.50
2018.05.21 12:53:47.095,1.70098,1.70126,1.00,1.00
2018.05.21 12:53:47.650,1.70099,1.70125,1.00,1.00
2018.05.21 12:53:47.938,1.70099,1.70128,1.00,1.00
2018.05.21 12:53:48.504,1.701,1.70127,1.00,1.00
2018.05.21 12:53:49.055,1.701,1.70128,1.00,1.50
2018.05.21 12:53:49.646,1.70099,1.70128,1.00,1.50
2018.05.21 12:53:50.115,1.70101,1.70128,1.00,1.50
2018.05.21 12:53:50.629,1.701,1.70128,1.00,1.00
2018.05.21 12:53:51.040,1.70102,1.70128,1.00,1.00
2018.05.21 12:53:51.560,1.70101,1.70129,1.00,1.50
2018.05.21 12:53:53.908,1.70101,1.70128,1.00,1.00
2018.05.21 12:53:54.888,1.70105,1.70128,1.00,1.00
2018.05.21 12:53:54.940,1.70105,1.70131,1.00,1.00
2018.05.21 12:53:54.991,1.701,1.7013,1.00,1.75
2018.05.21 12:53:55.049,1.70103,1.7013,1.00,1.00
2018.05.21 12:53:55.100,1.701,1.70126,1.00,1.50
2018.05.21 12:53:55.403,1.70097,1.70125,1.00,1.37
2018.05.21 12:53:55.505,1.70099,1.70127,1.00,1.87
2018.05.21 12:53:55.796,1.70101,1.70127,1.00,1.00
2018.05.21 12:53:56.102,1.70098,1.7012,1.00,2.10
2018.05.21 12:53:56.152,1.70095,1.70123,1.00,1.50
2018.05.21 12:53:56.203,1.70099,1.70125,1.00,1.00
2018.05.21 12:53:56.732,1.70099,1.70126,1.00,1.00
2018.05.21 12:53:58.490,1.70099,1.70127,1.00,1.00
2018.05.21 12:53:59.648,1.70102,1.70128,1.00,1.00
2018.05.21 12:54:00.505,1.70102,1.70129,1.00,1.00
2018.05.21 12:54:01.543,1.70102,1.70128,1.00,1.00
2018.05.21 12:54:02.149,1.70106,1.70135,1.00,3.75
2018.05.21 12:54:02.463,1.70105,1.7013,1.00,1.75
2018.05.21 12:54:02.615,1.70105,1.7013,1.00,1.63
2018.05.21 12:54:03.175,1.70105,1.70132,1.00,2.25
2018.05.21 12:54:03.682,1.70106,1.70132,1.00,1.38
2018.05.21 12:54:03.784,1.70106,1.70132,1.00,1.88
2018.05.21 12:54:04.286,1.70105,1.70129,1.00,1.00
2018.05.21 12:54:04.388,1.70102,1.70131,1.00,2.63
2018.05.21 12:54:04.928,1.70102,1.70131,1.00,2.06
2018.05.21 12:54:05.999,1.70103,1.70129,1.00,1.00
2018.05.21 12:54:06.363,1.70106,1.70131,1.00,1.13
2018.05.21 12:54:06.414,1.70094,1.70117,1.00,1.00
2018.05.21 12:54:06.515,1.70091,1.70117,1.00,1.50
2018.05.21 12:54:06.617,1.70089,1.70117,1.00,1.50
2018.05.21 12:54:07.182,1.70089,1.70116,1.00,1.00
2018.05.21 12:54:08.439,1.70089,1.70115,1.00,1.00
2018.05.21 12:54:10.104,1.7009,1.70115,1.00,1.00
2018.05.21 12:54:10.608,1.70091,1.70115,1.00,1.00
2018.05.21 12:54:10.661,1.70097,1.70116,1.00,1.00
2018.05.21 12:54:10.801,1.70096,1.70121,1.00,1.19
2018.05.21 12:54:10.856,1.70097,1.70123,1.00,2.25
2018.05.21 12:54:10.958,1.70097,1.70123,1.00,1.75
2018.05.21 12:54:11.060,1.70092,1.70118,1.00,1.00
2018.05.21 12:54:11.111,1.70096,1.70121,1.00,1.44
2018.05.21 12:54:11.658,1.70096,1.70122,1.00,2.06
2018.05.21 12:54:12.170,1.70096,1.70123,1.00,1.88
2018.05.21 12:54:12.433,1.70096,1.70123,1.00,1.88
2018.05.21 12:54:13.006,1.70096,1.70124,1.00,3.56
2018.05.21 12:54:14.007,1.70098,1.70124,1.00,2.63
2018.05.21 12:54:14.632,1.70099,1.70124,1.00,1.50
2018.05.21 12:54:14.836,1.70094,1.7012,1.00,1.00
2018.05.21 12:54:15.100,1.70098,1.70124,1.00,2.63
2018.05.21 12:54:15.202,1.70098,1.70124,1.00,1.00
2018.05.21 12:54:15.253,1.701,1.70125,1.00,2.44
2018.05.21 12:54:16.082,1.701,1.70124,1.00,1.00
2018.05.21 12:54:16.610,1.70101,1.70125,1.00,1.00
2018.05.21 12:54:17.126,1.70099,1.70124,1.00,1.00
2018.05.21 12:54:17.645,1.70099,1.70126,1.00,1.44
2018.05.21 12:54:18.194,1.70099,1.70126,1.00,1.25
2018.05.21 12:54:18.703,1.70099,1.70126,1.00,1.38
2018.05.21 12:54:19.059,1.70101,1.70128,1.00,1.38
2018.05.21 12:54:19.211,1.70094,1.7012,1.00,1.00
2018.05.21 12:54:19.262,1.70098,1.7012,1.00,1.50
2018.05.21 12:54:19.364,1.70099,1.70123,1.00,1.25
2018.05.21 12:54:19.872,1.70099,1.70127,1.00,1.75
2018.05.21 12:54:20.036,1.70098,1.70125,1.00,1.75
2018.05.21 12:54:20.241,1.70096,1.70122,1.00,2.25
2018.05.21 12:54:20.805,1.70095,1.70122,1.00,1.37
2018.05.21 12:54:21.492,1.70095,1.70123,1.00,1.50
2018.05.21 12:54:22.003,1.70095,1.70123,1.00,2.25
2018.05.21 12:54:22.054,1.70095,1.70123,1.00,1.50
2018.05.21 12:54:22.106,1.70097,1.70124,1.00,1.44
2018.05.21 12:54:22.675,1.70097,1.70124,1.00,1.25
2018.05.21 12:54:23.197,1.70097,1.70124,1.00,1.44
2018.05.21 12:54:23.989,1.70097,1.70124,1.00,1.25
2018.05.21 12:54:24.091,1.70095,1.70124,1.00,1.25
2018.05.21 12:54:24.653,1.70095,1.70124,1.00,1.44
2018.05.21 12:54:24.705,1.70095,1.70124,1.00,1.38
2018.05.21 12:54:25.011,1.70098,1.70124,1.00,1.38
2018.05.21 12:54:25.193,1.70088,1.70114,1.00,1.00
2018.05.21 12:54:25.295,1.7009,1.70116,1.00,2.25
2018.05.21 12:54:25.448,1.70093,1.70122,1.00,1.50
2018.05.21 12:54:25.498,1.70093,1.70122,1.00,1.50
2018.05.21 12:54:25.775,1.70093,1.70121,1.00,1.25
2018.05.21 12:54:25.929,1.70096,1.70121,1.00,1.25
2018.05.21 12:54:26.233,1.70098,1.70123,1.00,1.00
2018.05.21 12:54:26.453,1.70094,1.70122,1.00,1.00
2018.05.21 12:54:26.721,1.70095,1.70122,1.00,1.38
2018.05.21 12:54:27.030,1.70095,1.70122,1.00,1.00
2018.05.21 12:54:27.862,1.70095,1.70121,1.00,1.25
2018.05.21 12:54:28.536,1.70095,1.70122,1.00,1.13
2018.05.21 12:54:28.638,1.70095,1.70119,1.00,1.00
2018.05.21 12:54:28.690,1.70095,1.70122,1.00,1.38
2018.05.21 12:54:29.199,1.70095,1.70122,1.00,1.88
2018.05.21 12:54:29.612,1.70093,1.70121,1.00,1.13
2018.05.21 12:54:30.240,1.70093,1.70122,1.00,1.13
2018.05.21 12:54:30.716,1.70095,1.70121,1.00,1.00
2018.05.21 12:54:30.838,1.70098,1.70125,1.00,1.00
2018.05.21 12:54:31.507,1.70098,1.70126,1.00,1.38
2018.05.21 12:54:36.155,1.70097,1.70126,1.00,1.25
2018.05.21 12:54:36.458,1.70097,1.70124,1.00,1.00
2018.05.21 12:54:37.020,1.70098,1.70124,1.00,1.25
2018.05.21 12:54:37.611,1.70098,1.70124,1.00,1.44
2018.05.21 12:54:38.600,1.70098,1.70124,1.00,1.25
2018.05.21 12:54:39.538,1.70101,1.70127,1.00,1.50
2018.05.21 12:54:39.877,1.70103,1.70129,1.00,1.38
2018.05.21 12:54:40.410,1.70102,1.70131,1.00,1.38
2018.05.21 12:54:40.939,1.70102,1.70131,1.00,1.38
2018.05.21 12:54:41.208,1.701,1.70129,1.00,1.38
2018.05.21 12:54:41.802,1.70099,1.70128,1.00,1.25
2018.05.21 12:54:43.390,1.70102,1.70128,1.00,1.25
2018.05.21 12:54:43.943,1.70103,1.7013,1.00,1.38
2018.05.21 12:54:44.571,1.70103,1.7013,1.00,1.38
2018.05.21 12:54:45.160,1.70104,1.70132,1.00,2.63
2018.05.21 12:54:45.261,1.70105,1.70134,1.00,1.38
2018.05.21 12:54:45.363,1.70105,1.70134,1.00,1.56
2018.05.21 12:54:45.887,1.70105,1.7013,1.00,1.13
2018.05.21 12:54:46.362,1.70102,1.70131,1.00,1.88
2018.05.21 12:54:46.900,1.70102,1.70131,1.00,1.56
2018.05.21 12:54:47.052,1.70102,1.70131,1.00,1.00
2018.05.21 12:54:47.632,1.70102,1.70131,1.00,1.38
2018.05.21 12:54:48.180,1.70102,1.70131,1.00,1.38
2018.05.21 12:54:48.696,1.70102,1.70131,1.00,1.50
2018.05.21 12:54:49.153,1.70102,1.70131,1.00,1.38
2018.05.21 12:54:50.137,1.70102,1.70131,1.00,1.38
2018.05.21 12:54:50.362,1.70102,1.70131,1.00,1.00
2018.05.21 12:54:50.882,1.70102,1.70131,1.00,1.44
2018.05.21 12:54:50.933,1.70102,1.70131,1.00,1.38
2018.05.21 12:54:50.985,1.70102,1.70131,1.00,1.38
2018.05.21 12:54:51.139,1.70102,1.70129,1.00,1.38
2018.05.21 12:54:51.191,1.70102,1.70129,1.00,1.25
2018.05.21 12:54:51.748,1.70102,1.70129,1.00,1.19
2018.05.21 12:54:52.290,1.70102,1.70129,1.00,1.00
2018.05.21 12:54:52.342,1.70102,1.70129,1.00,1.38
2018.05.21 12:54:52.393,1.70102,1.70129,1.00,1.00
2018.05.21 12:54:52.912,1.70101,1.70128,1.00,1.38
2018.05.21 12:54:53.015,1.70097,1.70125,1.00,1.00
2018.05.21 12:54:53.067,1.70095,1.70123,1.00,1.00
2018.05.21 12:54:53.460,1.70098,1.70125,1.00,1.00
2018.05.21 12:54:53.970,1.70098,1.70124,1.00,1.00
2018.05.21 12:54:54.021,1.70096,1.70124,1.00,1.00
2018.05.21 12:54:54.073,1.70096,1.70122,1.00,1.00
2018.05.21 12:54:55.136,1.70095,1.70121,1.00,1.00
2018.05.21 12:54:55.506,1.70097,1.70123,1.00,1.00
2018.05.21 12:54:55.557,1.70098,1.70125,1.00,1.25
2018.05.21 12:54:55.709,1.70095,1.70124,1.00,1.00
2018.05.21 12:54:56.219,1.70095,1.70121,1.00,1.00
2018.05.21 12:54:56.404,1.70095,1.70124,1.00,1.00
2018.05.21 12:54:56.829,1.70096,1.70122,1.00,1.00
2018.05.21 12:54:57.329,1.70096,1.7012,1.00,1.00
2018.05.21 12:54:57.380,1.70096,1.70122,1.00,1.00
2018.05.21 12:54:58.295,1.70093,1.70122,1.00,1.00
2018.05.21 12:54:58.346,1.70093,1.70119,1.00,1.00
2018.05.21 12:54:58.850,1.70092,1.70118,1.00,1.00
2018.05.21 12:54:58.903,1.70089,1.70117,1.00,1.00
2018.05.21 12:54:58.953,1.70091,1.70118,1.00,1.00
2018.05.21 12:54:59.004,1.70092,1.7012,1.00,1.00
2018.05.21 12:54:59.538,1.70092,1.70121,1.00,1.50
2018.05.21 12:54:59.639,1.70094,1.7012,1.00,1.00
2018.05.21 12:55:00.756,1.70097,1.70121,1.00,1.00
2018.05.21 12:55:00.807,1.70097,1.70124,1.00,1.38
2018.05.21 12:55:00.859,1.70095,1.70121,1.00,1.00
2018.05.21 12:55:01.116,1.70092,1.70119,1.00,1.00
2018.05.21 12:55:01.509,1.7009,1.70119,1.00,1.81
2018.05.21 12:55:02.071,1.7009,1.70119,1.00,1.12
2018.05.21 12:55:02.122,1.7009,1.70119,1.00,2.06
2018.05.21 12:55:02.173,1.7009,1.70119,1.00,1.87
2018.05.21 12:55:02.329,1.70085,1.70107,1.00,1.00
2018.05.21 12:55:02.558,1.70078,1.70105,1.00,1.00
2018.05.21 12:55:02.614,1.70076,1.70105,1.00,1.50
2018.05.21 12:55:02.716,1.70079,1.70106,1.00,1.56
2018.05.21 12:55:03.021,1.70079,1.70106,1.00,1.56
2018.05.21 12:55:03.551,1.70079,1.70106,1.00,1.38
2018.05.21 12:55:04.711,1.70079,1.70106,1.00,1.88
2018.05.21 12:55:05.009,1.70074,1.70104,1.00,1.00
2018.05.21 12:55:05.437,1.70072,1.70102,1.00,1.00
2018.05.21 12:55:05.998,1.70073,1.70105,1.00,1.00
2018.05.21 12:55:06.287,1.7007,1.701,1.00,1.00
2018.05.21 12:55:06.694,1.70072,1.70102,1.00,1.38
2018.05.21 12:55:07.098,1.70072,1.70102,1.00,1.13
2018.05.21 12:55:07.149,1.70072,1.70102,1.00,1.38
2018.05.21 12:55:07.301,1.70072,1.70102,1.00,1.13
2018.05.21 12:55:07.547,1.70073,1.70103,1.00,1.38
2018.05.21 12:55:07.751,1.70073,1.70103,1.00,1.44
2018.05.21 12:55:07.955,1.7007,1.701,1.00,1.00
2018.05.21 12:55:08.007,1.70073,1.70103,1.00,1.38
2018.05.21 12:55:08.558,1.70073,1.70103,1.00,1.38
2018.05.21 12:55:08.837,1.70073,1.70103,1.00,1.25
2018.05.21 12:55:08.996,1.70073,1.70103,1.00,1.38
2018.05.21 12:55:09.303,1.7007,1.701,1.00,1.00
2018.05.21 12:55:09.456,1.70073,1.70103,1.00,1.19
2018.05.21 12:55:10.003,1.70072,1.70102,1.00,1.00
2018.05.21 12:55:10.582,1.70069,1.70101,1.00,1.00
2018.05.21 12:55:10.633,1.70069,1.70098,1.00,1.00
2018.05.21 12:55:11.013,1.70054,1.70083,1.00,1.00
2018.05.21 12:55:11.064,1.70055,1.70085,1.00,1.00
2018.05.21 12:55:11.589,1.70056,1.70086,1.50,1.00
2018.05.21 12:55:11.757,1.70061,1.70091,1.00,1.00
2018.05.21 12:55:12.264,1.70062,1.70092,1.00,1.00
2018.05.21 12:55:12.860,1.70064,1.70093,1.00,1.00
2018.05.21 12:55:13.574,1.70065,1.70093,1.00,1.00
2018.05.21 12:55:14.086,1.70064,1.70093,2.25,1.00
2018.05.21 12:55:14.354,1.70065,1.70095,1.50,1.00
2018.05.21 12:55:14.406,1.70066,1.70097,1.00,1.00
2018.05.21 12:55:14.679,1.70069,1.70101,1.00,2.25
2018.05.21 12:55:14.990,1.70071,1.70102,1.00,1.00
2018.05.21 12:55:15.093,1.7007,1.70097,1.00,1.00
2018.05.21 12:55:15.435,1.70066,1.70097,1.50,1.00
2018.05.21 12:55:16.023,1.70066,1.70095,1.00,1.00
2018.05.21 12:55:16.764,1.70065,1.70095,1.50,1.00
2018.05.21 12:55:17.071,1.70063,1.70092,1.50,1.00
2018.05.21 12:55:17.388,1.70065,1.70094,1.00,1.00
2018.05.21 12:55:18.089,1.70064,1.70094,1.00,1.00
2018.05.21 12:55:18.679,1.70065,1.70094,1.00,1.00
2018.05.21 12:55:20.529,1.70064,1.70094,1.00,1.00
2018.05.21 12:55:20.635,1.70069,1.70101,1.00,1.00
2018.05.21 12:55:20.686,1.70069,1.70098,1.50,1.00
2018.05.21 12:55:20.739,1.7007,1.70101,1.50,1.00
2018.05.21 12:55:21.080,1.70077,1.70105,1.00,1.50
2018.05.21 12:55:21.131,1.70077,1.70107,1.00,1.00
2018.05.21 12:55:21.626,1.70079,1.7011,1.00,1.38
2018.05.21 12:55:22.146,1.70079,1.7011,1.00,1.38
2018.05.21 12:55:22.453,1.70077,1.70107,2.25,1.00
2018.05.21 12:55:22.504,1.70078,1.70105,1.00,1.00
2018.05.21 12:55:23.104,1.70077,1.70105,1.00,1.00
2018.05.21 12:55:23.653,1.70077,1.70106,1.00,1.00
2018.05.21 12:55:24.236,1.70078,1.70105,1.00,1.00
2018.05.21 12:55:25.132,1.70078,1.70103,1.00,1.00
2018.05.21 12:55:25.288,1.70078,1.70107,1.00,1.25
2018.05.21 12:55:25.494,1.70078,1.70105,1.00,1.25
2018.05.21 12:55:26.461,1.70078,1.70104,1.00,1.00
2018.05.21 12:55:27.245,1.70077,1.70104,1.00,1.00
2018.05.21 12:55:27.755,1.70078,1.70104,1.00,1.00
2018.05.21 12:55:27.991,1.70072,1.70102,1.00,1.00
2018.05.21 12:55:28.042,1.70071,1.701,1.88,1.00
2018.05.21 12:55:28.143,1.70072,1.70103,1.69,1.00
2018.05.21 12:55:28.244,1.70072,1.70103,1.88,1.00
2018.05.21 12:55:28.295,1.70074,1.70106,1.00,1.00
2018.05.21 12:55:29.609,1.70074,1.70104,1.50,1.00
2018.05.21 12:55:31.408,1.70075,1.70104,1.00,1.00
2018.05.21 12:55:31.920,1.70077,1.70105,1.00,1.00
2018.05.21 12:55:32.800,1.70076,1.70105,1.00,1.00
2018.05.21 12:55:33.210,1.70078,1.70107,1.00,1.00
2018.05.21 12:55:33.917,1.70077,1.70106,1.00,1.00
2018.05.21 12:55:34.435,1.70076,1.70106,1.50,1.00
2018.05.21 12:55:35.590,1.70077,1.70106,1.00,1.00
2018.05.21 12:55:36.033,1.70076,1.70108,1.50,1.00
2018.05.21 12:55:36.243,1.70077,1.70106,1.00,1.00
2018.05.21 12:55:36.752,1.70078,1.70107,1.00,1.00
2018.05.21 12:55:36.854,1.70078,1.70109,1.00,1.00
2018.05.21 12:55:37.059,1.70079,1.70106,1.00,1.00
2018.05.21 12:55:37.687,1.7008,1.70106,1.00,1.00
2018.05.21 12:55:38.251,1.70079,1.70106,1.00,1.00
2018.05.21 12:55:38.769,1.7008,1.70106,1.00,1.00
2018.05.21 12:55:39.745,1.70077,1.70102,1.00,1.00
2018.05.21 12:55:40.150,1.70076,1.701,1.50,1.00
2018.05.21 12:55:40.251,1.70077,1.70103,1.00,1.00
2018.05.21 12:55:40.758,1.70077,1.70102,1.00,1.00
2018.05.21 12:55:41.299,1.70076,1.70102,1.00,1.00
2018.05.21 12:55:41.849,1.70077,1.70103,1.00,1.00
2018.05.21 12:55:42.352,1.70076,1.70103,1.50,1.00
2018.05.21 12:55:43.090,1.70077,1.70103,1.00,1.00
2018.05.21 12:55:43.636,1.70076,1.70103,1.00,1.00
2018.05.21 12:55:44.150,1.70077,1.70102,1.00,1.00
2018.05.21 12:55:44.617,1.70077,1.70104,1.00,1.00
2018.05.21 12:55:45.118,1.70076,1.70105,2.25,1.00
2018.05.21 12:55:45.771,1.70077,1.70105,1.00,1.00
2018.05.21 12:55:47.819,1.70081,1.7011,1.00,1.00
2018.05.21 12:55:47.871,1.70085,1.70111,1.00,1.00
2018.05.21 12:55:47.922,1.70085,1.70113,1.00,1.00
2018.05.21 12:55:48.647,1.70084,1.70113,1.50,1.00
2018.05.21 12:55:49.164,1.70085,1.70113,1.00,1.00
2018.05.21 12:55:49.674,1.70085,1.70112,1.00,1.00
2018.05.21 12:55:50.219,1.70086,1.70115,1.00,1.00
2018.05.21 12:55:50.814,1.70085,1.70115,1.00,1.00
2018.05.21 12:55:51.078,1.70085,1.70113,1.00,1.00
2018.05.21 12:55:51.945,1.70084,1.70113,1.50,1.00
2018.05.21 12:55:52.492,1.70085,1.70113,1.00,1.00
2018.05.21 12:55:53.307,1.70084,1.70113,1.50,1.00
2018.05.21 12:55:53.532,1.70091,1.70121,2.25,1.00
2018.05.21 12:55:53.707,1.7009,1.70109,1.00,1.00
2018.05.21 12:55:53.814,1.70084,1.70109,1.00,1.00
2018.05.21 12:55:54.360,1.70085,1.70109,1.00,1.00
2018.05.21 12:55:54.513,1.70085,1.70111,1.00,1.00
2018.05.21 12:55:54.589,1.70084,1.70113,1.00,1.00
2018.05.21 12:55:54.691,1.70089,1.70119,1.00,1.00
2018.05.21 12:55:54.742,1.70092,1.70119,1.00,1.00
2018.05.21 12:55:54.895,1.70086,1.70116,2.25,1.00
2018.05.21 12:55:55.875,1.70087,1.70116,1.00,1.00
2018.05.21 12:55:56.431,1.70087,1.70115,1.00,1.00
2018.05.21 12:55:57.010,1.70086,1.70115,3.00,1.00
2018.05.21 12:55:57.112,1.70087,1.70118,1.50,1.00
2018.05.21 12:55:57.444,1.70087,1.70114,1.00,1.00
2018.05.21 12:55:57.952,1.70086,1.70113,2.25,1.00
2018.05.21 12:55:58.487,1.70087,1.70113,1.00,1.00
2018.05.21 12:55:58.991,1.70086,1.70113,2.25,1.00
2018.05.21 12:55:59.507,1.70087,1.70113,1.00,1.00
2018.05.21 12:55:59.884,1.70087,1.70115,1.00,1.50
2018.05.21 12:56:00.388,1.70087,1.70114,1.00,1.00
2018.05.21 12:56:00.819,1.70081,1.70112,3.00,1.00
2018.05.21 12:56:01.409,1.70082,1.70112,1.00,1.00
2018.05.21 12:56:01.933,1.70082,1.70111,1.00,1.50
2018.05.21 12:56:04.280,1.70082,1.70112,1.50,1.00
2018.05.21 12:56:04.907,1.70083,1.70112,1.00,1.00
2018.05.21 12:56:05.010,1.70081,1.70113,2.25,1.50
2018.05.21 12:56:05.667,1.70082,1.70113,1.00,1.50
2018.05.21 12:56:06.018,1.70085,1.70114,1.00,1.50
2018.05.21 12:56:06.998,1.70084,1.70113,1.00,1.00
2018.05.21 12:56:10.102,1.70082,1.70114,1.87,1.00
2018.05.21 12:56:12.264,1.70085,1.70114,1.00,1.00
2018.05.21 12:56:13.236,1.70083,1.70114,1.00,1.00
2018.05.21 12:56:13.551,1.70085,1.70114,1.00,1.00
2018.05.21 12:56:13.709,1.70085,1.70116,1.00,1.00
2018.05.21 12:56:13.811,1.70088,1.70118,1.00,1.00
2018.05.21 12:56:14.141,1.7009,1.70119,1.00,1.00
2018.05.21 12:56:14.658,1.7009,1.7012,1.00,1.00
2018.05.21 12:56:16.495,1.7009,1.70119,1.00,1.00
2018.05.21 12:56:18.423,1.70089,1.7012,1.00,1.50
2018.05.21 12:56:18.634,1.70083,1.70115,1.00,1.00
2018.05.21 12:56:18.738,1.70089,1.7012,1.00,1.50
2018.05.21 12:56:19.083,1.70086,1.70113,1.00,1.00
2018.05.21 12:56:19.186,1.70082,1.70113,1.00,1.50
2018.05.21 12:56:19.909,1.70085,1.70115,1.00,1.00
2018.05.21 12:56:20.358,1.70083,1.70113,1.00,1.00
2018.05.21 12:56:20.513,1.70081,1.70113,1.00,1.00
2018.05.21 12:56:21.045,1.70081,1.70112,1.00,1.50
2018.05.21 12:56:21.641,1.7008,1.70112,2.25,1.00
2018.05.21 12:56:22.154,1.70082,1.70111,1.00,1.00
2018.05.21 12:56:24.701,1.70081,1.7011,1.00,1.00
2018.05.21 12:56:25.038,1.7008,1.70108,1.00,1.00
2018.05.21 12:56:25.206,1.70081,1.70112,2.25,1.50
2018.05.21 12:56:26.259,1.70085,1.70114,1.00,1.50
2018.05.21 12:56:26.310,1.70082,1.70113,1.50,1.00
2018.05.21 12:56:27.067,1.70083,1.70111,1.00,1.00
2018.05.21 12:56:27.687,1.70082,1.70111,2.25,1.00
2018.05.21 12:56:28.404,1.70083,1.70111,1.00,1.00
2018.05.21 12:56:28.929,1.70082,1.70111,1.00,1.00
2018.05.21 12:56:29.032,1.70084,1.70114,1.00,1.50
2018.05.21 12:56:29.687,1.70083,1.70114,1.00,1.00
2018.05.21 12:56:31.494,1.70083,1.70115,1.00,1.00
2018.05.21 12:56:32.587,1.70091,1.70116,1.00,1.00
2018.05.21 12:56:32.638,1.70089,1.70118,1.00,1.00
2018.05.21 12:56:32.689,1.70088,1.70113,1.00,1.00
2018.05.21 12:56:32.741,1.70083,1.70113,1.00,1.00
2018.05.21 12:56:32.793,1.70086,1.70115,1.00,1.00
2018.05.21 12:56:32.948,1.70094,1.70124,1.00,1.00
2018.05.21 12:56:33.204,1.70092,1.70122,1.00,1.00
2018.05.21 12:56:33.493,1.70093,1.70124,1.00,1.00
2018.05.21 12:56:33.543,1.70092,1.70121,1.00,1.00
2018.05.21 12:56:33.645,1.7009,1.70122,1.00,1.00
2018.05.21 12:56:35.012,1.70089,1.7012,1.00,1.00
2018.05.21 12:56:35.329,1.70087,1.70117,1.00,1.00
2018.05.21 12:56:35.685,1.70086,1.70115,1.00,1.00
2018.05.21 12:56:36.230,1.70085,1.70115,1.50,1.00
2018.05.21 12:56:36.819,1.70086,1.70116,1.00,1.00
2018.05.21 12:56:40.139,1.70086,1.70115,1.00,1.00
2018.05.21 12:56:40.396,1.70084,1.70115,1.50,1.00
2018.05.21 12:56:40.741,1.70086,1.70115,1.00,1.00
2018.05.21 12:56:41.428,1.70086,1.70114,1.00,1.00
2018.05.21 12:56:41.985,1.70084,1.70115,1.50,1.50
2018.05.21 12:56:42.680,1.70084,1.70114,1.00,1.00
2018.05.21 12:56:42.799,1.70086,1.70114,1.00,1.00
2018.05.21 12:56:42.902,1.70086,1.70116,1.00,1.50
2018.05.21 12:56:43.422,1.70086,1.70115,1.00,1.00
2018.05.21 12:56:43.957,1.70086,1.70116,1.00,1.50
2018.05.21 12:56:44.480,1.70086,1.70115,1.00,1.00
2018.05.21 12:56:44.531,1.70084,1.70113,1.00,1.00
2018.05.21 12:56:44.583,1.70082,1.70113,1.00,1.50
2018.05.21 12:56:45.249,1.70082,1.70112,1.00,1.00
2018.05.21 12:56:45.553,1.70084,1.70113,1.00,1.50
2018.05.21 12:56:46.502,1.70082,1.70113,1.00,1.00
2018.05.21 12:56:49.707,1.7008,1.70108,1.00,1.00
2018.05.21 12:56:49.860,1.70085,1.70114,1.00,1.00
2018.05.21 12:56:50.393,1.70085,1.70115,1.00,1.50
2018.05.21 12:56:50.841,1.70084,1.70113,1.50,1.00
2018.05.21 12:56:51.352,1.70085,1.70113,1.00,1.00
2018.05.21 12:56:51.659,1.70084,1.7011,1.50,1.00
2018.05.21 12:56:51.711,1.70084,1.70112,1.00,1.00
2018.05.21 12:56:51.967,1.70084,1.70114,1.50,1.25
2018.05.21 12:56:52.284,1.70084,1.70112,2.25,1.00
2018.05.21 12:56:52.868,1.70084,1.70114,1.50,1.00
2018.05.21 12:56:53.407,1.70085,1.70115,1.00,1.25
2018.05.21 12:56:54.044,1.70085,1.70116,1.00,1.69
2018.05.21 12:56:54.248,1.70085,1.70116,1.00,1.88
2018.05.21 12:56:54.452,1.70085,1.70116,1.00,1.69
2018.05.21 12:56:54.630,1.70085,1.70114,1.00,1.00
2018.05.21 12:56:55.158,1.70086,1.70114,1.00,1.00
2018.05.21 12:56:55.770,1.70086,1.70115,1.00,1.25
2018.05.21 12:56:56.336,1.70086,1.70114,1.00,1.00
2018.05.21 12:56:56.844,1.70085,1.70115,1.00,1.69
2018.05.21 12:56:57.520,1.70085,1.70114,1.50,1.00
2018.05.21 12:56:58.061,1.70085,1.70113,1.00,1.00
2018.05.21 12:56:58.794,1.70086,1.70114,1.00,1.00
2018.05.21 12:56:59.233,1.70084,1.70113,1.50,1.50
2018.05.21 12:57:02.866,1.70084,1.70113,1.50,1.44
2018.05.21 12:57:03.585,1.70084,1.70113,1.50,1.00
2018.05.21 12:57:04.175,1.70084,1.70112,2.25,1.00
2018.05.21 12:57:04.682,1.70084,1.70113,1.50,1.50
2018.05.21 12:57:05.995,1.70085,1.70114,1.00,1.00
2018.05.21 12:57:06.719,1.70084,1.70114,1.00,1.00
2018.05.21 12:57:07.299,1.70084,1.70114,1.00,1.44
2018.05.21 12:57:07.952,1.70083,1.70114,1.00,1.44
2018.05.21 12:57:08.498,1.70083,1.70114,1.00,1.25
2018.05.21 12:57:08.899,1.70083,1.70114,1.00,1.38
2018.05.21 12:57:09.438,1.70083,1.70114,1.00,1.25
2018.05.21 12:57:09.960,1.70084,1.70114,1.00,1.44
2018.05.21 12:57:10.342,1.70084,1.70114,1.00,1.38
2018.05.21 12:57:10.647,1.70087,1.70115,1.00,1.38
2018.05.21 12:57:11.157,1.70086,1.70114,1.00,1.38
2018.05.21 12:57:11.659,1.70085,1.70115,1.00,1.38
2018.05.21 12:57:12.168,1.70085,1.70115,1.00,1.38
2018.05.21 12:57:12.508,1.70087,1.70115,1.00,1.56
2018.05.21 12:57:13.164,1.70087,1.70115,1.00,1.81
2018.05.21 12:57:13.470,1.70091,1.70119,1.00,1.38
2018.05.21 12:57:13.854,1.70091,1.70121,1.00,1.63
2018.05.21 12:57:14.400,1.70091,1.70121,1.00,1.38
2018.05.21 12:57:14.934,1.70091,1.70121,1.00,1.38
2018.05.21 12:57:14.985,1.70088,1.70119,1.00,1.00
2018.05.21 12:57:15.037,1.70088,1.70117,1.00,1.44
2018.05.21 12:57:15.088,1.70086,1.70116,1.00,1.00
2018.05.21 12:57:15.139,1.70085,1.70114,1.00,1.00
2018.05.21 12:57:15.446,1.70078,1.70104,1.00,1.00
2018.05.21 12:57:15.987,1.70076,1.70104,1.60,1.00
2018.05.21 12:57:16.522,1.70076,1.70105,1.00,1.00
2018.05.21 12:57:17.611,1.70076,1.70104,1.00,1.00
2018.05.21 12:57:18.165,1.70076,1.70105,1.00,1.00
2018.05.21 12:57:18.667,1.70077,1.70105,1.00,1.00
2018.05.21 12:57:18.718,1.70075,1.70105,1.31,1.00
2018.05.21 12:57:18.821,1.70071,1.701,1.54,1.00
2018.05.21 12:57:19.131,1.70081,1.70111,1.00,1.00
2018.05.21 12:57:19.429,1.70084,1.70113,1.00,1.00
2018.05.21 12:57:19.835,1.70084,1.70113,1.00,1.38
2018.05.21 12:57:19.886,1.70084,1.70113,1.50,1.00
2018.05.21 12:57:20.995,1.70085,1.70113,1.00,1.00
2018.05.21 12:57:22.548,1.70086,1.70115,1.00,1.88
2018.05.21 12:57:23.210,1.70087,1.70114,1.00,1.00
2018.05.21 12:57:23.261,1.70084,1.70114,1.00,1.00
2018.05.21 12:57:23.364,1.70083,1.70114,1.38,1.00
2018.05.21 12:57:23.918,1.70087,1.70115,1.00,1.00
2018.05.21 12:57:24.430,1.70086,1.70116,1.00,1.00
2018.05.21 12:57:25.077,1.70087,1.70117,1.00,1.00
2018.05.21 12:57:26.289,1.70086,1.70115,1.00,1.00
2018.05.21 12:57:26.790,1.70087,1.70116,1.00,1.00
2018.05.21 12:57:26.939,1.70088,1.70118,1.00,1.00
2018.05.21 12:57:27.539,1.70088,1.70119,1.00,1.00
2018.05.21 12:57:28.541,1.70087,1.70115,1.00,1.00
2018.05.21 12:57:29.049,1.70088,1.70116,1.00,1.00
2018.05.21 12:57:29.632,1.70088,1.70119,1.00,1.25
2018.05.21 12:57:30.283,1.70088,1.70117,1.00,1.00
2018.05.21 12:57:31.144,1.70088,1.70118,1.00,1.00
2018.05.21 12:57:32.298,1.70087,1.70118,1.50,1.00
2018.05.21 12:57:32.683,1.70089,1.70117,1.00,1.00
2018.05.21 12:57:35.597,1.70086,1.70115,1.00,1.00
2018.05.21 12:57:36.098,1.70085,1.70116,1.50,1.00
2018.05.21 12:57:36.283,1.70086,1.70114,1.00,1.00
2018.05.21 12:57:36.580,1.70084,1.70114,1.00,1.00
2018.05.21 12:57:37.099,1.70085,1.70113,1.00,1.00
2018.05.21 12:57:38.284,1.70085,1.70114,1.00,1.00
2018.05.21 12:57:38.743,1.70085,1.70116,1.00,1.00
2018.05.21 12:57:39.687,1.70086,1.70116,1.00,1.00
2018.05.21 12:57:40.189,1.70087,1.70115,1.00,1.00
2018.05.21 12:57:40.607,1.70085,1.70114,1.00,1.00
2018.05.21 12:57:40.710,1.70083,1.70113,1.00,1.00
2018.05.21 12:57:40.812,1.70082,1.70111,1.00,1.00
2018.05.21 12:57:42.773,1.70082,1.70113,1.00,1.00
2018.05.21 12:57:43.597,1.70082,1.70109,1.00,1.00
2018.05.21 12:57:43.648,1.7008,1.70109,1.50,1.00
2018.05.21 12:57:44.608,1.70082,1.70111,1.00,1.00
2018.05.21 12:57:45.566,1.7008,1.70109,1.00,1.00
2018.05.21 12:57:45.720,1.70078,1.70109,1.69,1.00
2018.05.21 12:57:45.770,1.7008,1.70108,1.00,1.00
2018.05.21 12:57:46.074,1.70081,1.7011,1.13,1.00
2018.05.21 12:57:46.125,1.70081,1.70108,1.00,1.00
2018.05.21 12:57:46.295,1.70079,1.70107,1.13,1.00
2018.05.21 12:57:46.346,1.70079,1.70109,1.13,1.00
2018.05.21 12:57:46.649,1.70079,1.70107,1.00,1.00
2018.05.21 12:57:46.852,1.70079,1.70109,1.38,1.00
2018.05.21 12:57:47.195,1.70081,1.70111,1.00,1.00
2018.05.21 12:57:48.178,1.70081,1.70109,1.00,1.00
2018.05.21 12:57:48.703,1.7008,1.70108,1.00,1.00
2018.05.21 12:57:51.033,1.70079,1.7011,1.00,1.50
2018.05.21 12:57:51.180,1.70079,1.70108,1.00,1.00
2018.05.21 12:57:51.484,1.70076,1.70104,1.00,1.00
2018.05.21 12:57:51.989,1.70076,1.70105,1.00,1.00
2018.05.21 12:57:52.587,1.70077,1.70104,1.00,1.00
2018.05.21 12:57:53.120,1.70077,1.70105,1.00,1.00
2018.05.21 12:57:53.526,1.70075,1.70104,1.00,1.50
2018.05.21 12:57:54.116,1.70075,1.70103,1.00,1.00
2018.05.21 12:57:54.638,1.70075,1.70104,1.00,1.00
2018.05.21 12:57:55.173,1.70076,1.70104,1.00,1.00
2018.05.21 12:57:55.612,1.70073,1.70104,1.00,1.50
2018.05.21 12:57:55.664,1.70075,1.70104,1.00,1.50
2018.05.21 12:57:55.973,1.70073,1.70104,1.13,1.00
2018.05.21 12:57:56.487,1.70073,1.70103,1.00,1.00
2018.05.21 12:57:57.195,1.70073,1.70103,1.38,1.00
2018.05.21 12:57:57.448,1.70073,1.70103,1.00,1.00
2018.05.21 12:57:57.549,1.70075,1.70104,1.25,1.00
2018.05.21 12:57:58.420,1.70075,1.70104,1.19,1.00
2018.05.21 12:57:58.939,1.70075,1.70104,1.13,1.00
2018.05.21 12:58:00.371,1.70074,1.70105,1.25,1.50
2018.05.21 12:58:00.919,1.70073,1.70104,1.35,1.50
2018.05.21 12:58:01.464,1.70073,1.70103,1.54,1.00
2018.05.21 12:58:01.792,1.7007,1.70098,1.85,1.00
2018.05.21 12:58:01.894,1.70069,1.701,1.98,1.00
2018.05.21 12:58:02.400,1.70071,1.70099,1.60,1.00
2018.05.21 12:58:02.911,1.7007,1.70098,1.85,1.00
2018.05.21 12:58:03.639,1.70072,1.70102,1.35,1.00
2018.05.21 12:58:03.691,1.70074,1.70102,1.00,1.00
2018.05.21 12:58:04.091,1.70078,1.70106,1.00,1.00
2018.05.21 12:58:04.244,1.70076,1.70106,1.00,1.00
2018.05.21 12:58:04.396,1.70084,1.70115,1.00,1.25
2018.05.21 12:58:04.498,1.70082,1.70111,1.00,1.00
2018.05.21 12:58:04.843,1.7008,1.70108,1.00,1.00
2018.05.21 12:58:05.996,1.70082,1.7011,1.00,1.00
2018.05.21 12:58:06.436,1.70079,1.70107,1.00,1.00
2018.05.21 12:58:08.058,1.70077,1.70108,1.00,1.00
2018.05.21 12:58:08.171,1.70079,1.70107,1.00,1.00
2018.05.21 12:58:08.837,1.70077,1.70106,1.00,1.00
2018.05.21 12:58:09.224,1.70081,1.70111,1.00,1.44
2018.05.21 12:58:09.528,1.70079,1.70107,1.00,1.00
2018.05.21 12:58:10.089,1.70078,1.70107,1.00,1.00
2018.05.21 12:58:10.614,1.70077,1.70106,1.00,1.00
2018.05.21 12:58:11.137,1.70079,1.7011,1.00,1.63
2018.05.21 12:58:11.444,1.70078,1.70106,1.00,1.12
2018.05.21 12:58:11.808,1.7008,1.70109,1.00,1.00
2018.05.21 12:58:11.909,1.7008,1.70111,1.00,2.25
2018.05.21 12:58:12.446,1.70079,1.7011,1.00,1.00
2018.05.21 12:58:12.712,1.7008,1.70108,1.00,1.00
2018.05.21 12:58:13.658,1.70079,1.70108,1.00,1.00
2018.05.21 12:58:14.206,1.70081,1.70108,1.00,1.00
2018.05.21 12:58:14.257,1.70079,1.70108,1.00,1.00
2018.05.21 12:58:14.797,1.70078,1.70108,1.00,1.00
2018.05.21 12:58:15.348,1.70079,1.70109,1.00,1.00
2018.05.21 12:58:16.546,1.7008,1.70109,1.00,1.00
2018.05.21 12:58:17.106,1.7008,1.70109,1.00,1.44
2018.05.21 12:58:17.670,1.70078,1.70109,1.00,1.25
2018.05.21 12:58:18.934,1.7008,1.70108,1.00,1.00
2018.05.21 12:58:19.485,1.7008,1.70109,1.00,1.00
2018.05.21 12:58:19.820,1.70078,1.70109,1.25,1.00
2018.05.21 12:58:25.103,1.70079,1.70109,1.00,1.00
2018.05.21 12:58:25.956,1.70077,1.70108,1.00,1.00
2018.05.21 12:58:26.104,1.70076,1.70104,1.00,1.00
2018.05.21 12:58:26.206,1.70077,1.70106,1.00,1.00
2018.05.21 12:58:26.718,1.70082,1.7011,1.00,1.00
2018.05.21 12:58:27.293,1.70082,1.70111,1.00,1.00
2018.05.21 12:58:29.608,1.70083,1.70111,1.00,1.00
2018.05.21 12:58:31.429,1.70082,1.7011,1.00,1.00
2018.05.21 12:58:31.942,1.70081,1.70109,1.00,1.00
2018.05.21 12:58:32.816,1.70081,1.70108,1.00,1.00
2018.05.21 12:58:32.869,1.70076,1.70107,1.50,1.00
2018.05.21 12:58:33.123,1.70079,1.70108,1.00,1.50
2018.05.21 12:58:35.118,1.70081,1.70109,1.00,1.00
2018.05.21 12:58:35.601,1.70079,1.70108,1.00,1.88
2018.05.21 12:58:35.702,1.70079,1.70108,1.00,1.00
2018.05.21 12:58:36.239,1.70078,1.70106,1.00,1.00
2018.05.21 12:58:36.290,1.70082,1.70111,1.00,1.00
2018.05.21 12:58:36.392,1.70084,1.70113,1.00,1.13
2018.05.21 12:58:38.797,1.70084,1.70112,1.00,1.00
2018.05.21 12:58:40.139,1.70083,1.70113,1.00,1.00
2018.05.21 12:58:41.527,1.70083,1.70114,1.00,2.63
2018.05.21 12:58:42.157,1.70081,1.70109,1.00,1.00
2018.05.21 12:58:42.638,1.70084,1.70113,1.00,1.00
2018.05.21 12:58:43.590,1.70086,1.70113,1.00,1.00
2018.05.21 12:58:44.133,1.70086,1.70114,1.00,2.63
2018.05.21 12:58:44.622,1.70084,1.70114,1.00,1.50
2018.05.21 12:58:45.143,1.70084,1.70113,1.00,1.00
2018.05.21 12:58:45.664,1.70084,1.70114,1.00,1.00
2018.05.21 12:58:45.715,1.70086,1.70114,1.00,1.00
2018.05.21 12:58:45.818,1.70084,1.70115,1.00,1.00
2018.05.21 12:58:46.326,1.70085,1.70115,1.00,1.00
2018.05.21 12:58:47.074,1.70087,1.70117,1.00,1.00
2018.05.21 12:58:47.380,1.70085,1.70113,1.00,1.00
2018.05.21 12:58:47.894,1.70084,1.70114,1.00,1.00
2018.05.21 12:58:48.211,1.70084,1.70112,1.00,1.00
2018.05.21 12:58:48.774,1.70084,1.70111,1.00,1.00
2018.05.21 12:58:49.308,1.70084,1.70112,1.00,1.00
2018.05.21 12:58:49.823,1.70084,1.70111,1.00,1.00
2018.05.21 12:58:50.397,1.70084,1.70112,1.00,1.00
2018.05.21 12:58:50.657,1.70084,1.70114,1.00,1.50
2018.05.21 12:58:50.995,1.70084,1.70112,1.00,1.00
2018.05.21 12:58:52.606,1.70082,1.7011,1.00,1.50
2018.05.21 12:58:53.131,1.70081,1.70109,1.25,1.00
2018.05.21 12:58:53.642,1.7008,1.70107,1.00,1.00
2018.05.21 12:58:53.982,1.70078,1.70106,1.50,1.00
2018.05.21 12:58:54.638,1.70078,1.70106,1.88,1.00
2018.05.21 12:58:56.456,1.70078,1.70106,1.50,1.00
2018.05.21 12:58:56.961,1.70077,1.70105,1.00,1.50
2018.05.21 12:58:57.545,1.70076,1.70104,1.00,1.00
2018.05.21 12:58:58.212,1.70073,1.70103,2.25,1.00
2018.05.21 12:58:58.606,1.70076,1.70104,1.25,1.50
2018.05.21 12:58:58.863,1.70073,1.70103,1.88,1.00
2018.05.21 12:58:58.914,1.70072,1.701,1.88,1.00
2018.05.21 12:58:59.499,1.70071,1.70099,2.63,1.00
2018.05.21 12:59:00.044,1.70072,1.701,1.38,1.00
2018.05.21 12:59:00.207,1.70072,1.70102,1.00,1.00
2018.05.21 12:59:00.257,1.70072,1.701,1.00,1.00
2018.05.21 12:59:00.644,1.7007,1.701,1.00,1.50
2018.05.21 12:59:00.696,1.7007,1.70098,1.00,1.00
2018.05.21 12:59:01.216,1.70071,1.70098,1.00,1.00
2018.05.21 12:59:01.726,1.70071,1.70099,1.00,1.00
2018.05.21 12:59:02.465,1.70072,1.70099,1.00,1.00
2018.05.21 12:59:02.998,1.70071,1.70099,2.10,1.00
2018.05.21 12:59:03.456,1.70073,1.70101,1.00,1.00
2018.05.21 12:59:03.559,1.70072,1.70103,1.00,1.50
2018.05.21 12:59:04.108,1.70073,1.70103,1.00,1.50
2018.05.21 12:59:04.623,1.70072,1.70102,1.00,1.88
2018.05.21 12:59:05.006,1.70072,1.701,1.00,1.00
2018.05.21 12:59:05.107,1.7007,1.701,1.25,1.00
2018.05.21 12:59:05.360,1.70072,1.70101,1.00,1.00
2018.05.21 12:59:05.694,1.70074,1.70102,1.00,1.12
2018.05.21 12:59:06.002,1.70076,1.70105,1.00,1.38
2018.05.21 12:59:06.055,1.70074,1.70102,1.00,1.88
2018.05.21 12:59:06.109,1.70077,1.70105,1.00,2.25
2018.05.21 12:59:06.344,1.70073,1.70104,1.50,1.38
2018.05.21 12:59:06.788,1.70075,1.70104,1.00,1.44
2018.05.21 12:59:07.337,1.70074,1.70102,1.00,1.00
2018.05.21 12:59:08.241,1.70074,1.70104,1.00,1.00
2018.05.21 12:59:08.496,1.70074,1.70102,1.00,1.00
2018.05.21 12:59:09.814,1.70075,1.70102,1.00,1.37
2018.05.21 12:59:10.070,1.70071,1.701,1.50,1.00
2018.05.21 12:59:10.540,1.70075,1.70102,1.00,1.12
2018.05.21 12:59:10.706,1.70072,1.70102,1.00,1.12
2018.05.21 12:59:11.238,1.70072,1.70102,1.00,1.37
2018.05.21 12:59:11.360,1.7007,1.70099,1.00,1.00
2018.05.21 12:59:11.833,1.70072,1.701,1.00,1.00
2018.05.21 12:59:11.885,1.70069,1.70099,2.25,1.00
2018.05.21 12:59:12.802,1.7007,1.70099,1.00,1.00
2018.05.21 12:59:12.853,1.70072,1.70102,1.00,1.31
2018.05.21 12:59:12.955,1.70072,1.70098,1.00,1.00
2018.05.21 12:59:13.007,1.7007,1.70098,1.50,1.00
2018.05.21 12:59:14.422,1.70073,1.70101,1.00,1.00
2018.05.21 12:59:18.142,1.70074,1.70101,1.00,1.00
2018.05.21 12:59:18.658,1.70073,1.70101,1.00,1.12
2018.05.21 12:59:21.066,1.70074,1.70104,1.00,1.69
2018.05.21 12:59:22.143,1.70074,1.70104,1.00,1.88
2018.05.21 12:59:22.556,1.70075,1.70105,1.00,1.00
2018.05.21 12:59:22.606,1.70079,1.70106,1.00,1.00
2018.05.21 12:59:22.657,1.70076,1.70106,1.00,1.00
2018.05.21 12:59:22.708,1.70075,1.70104,1.00,1.25
2018.05.21 12:59:22.760,1.70073,1.70103,1.50,1.00
2018.05.21 12:59:22.862,1.70075,1.70103,1.00,1.00
2018.05.21 12:59:25.129,1.70073,1.70104,1.50,1.00
2018.05.21 12:59:25.658,1.70076,1.70104,1.00,1.00
2018.05.21 12:59:25.839,1.70073,1.70104,1.00,1.00
2018.05.21 12:59:26.389,1.70073,1.70103,1.50,1.00
2018.05.21 12:59:26.441,1.70075,1.70103,1.50,1.00
2018.05.21 12:59:26.953,1.70076,1.70105,1.00,1.50
2018.05.21 12:59:27.617,1.70075,1.70105,1.50,1.50
2018.05.21 12:59:28.143,1.70076,1.70104,1.00,1.00
2018.05.21 12:59:28.647,1.70076,1.70103,1.00,1.00
2018.05.21 12:59:29.156,1.70076,1.70103,1.00,1.44
2018.05.21 12:59:29.716,1.70076,1.70104,1.00,1.44
2018.05.21 12:59:29.819,1.70077,1.70105,1.50,1.25
2018.05.21 12:59:29.874,1.70077,1.70105,1.50,1.38
2018.05.21 12:59:30.510,1.70076,1.70104,1.00,1.44
2018.05.21 12:59:31.014,1.70076,1.70104,1.00,1.50
2018.05.21 12:59:31.219,1.70074,1.70101,1.00,1.00
2018.05.21 12:59:31.321,1.70071,1.70101,1.50,1.00
2018.05.21 12:59:31.886,1.70072,1.70101,1.00,1.00
2018.05.21 12:59:33.154,1.70073,1.70101,1.00,1.00
2018.05.21 12:59:34.673,1.70072,1.70101,1.00,1.00
2018.05.21 12:59:35.221,1.70073,1.70101,1.00,1.00
2018.05.21 12:59:35.842,1.70071,1.70101,1.50,1.00
2018.05.21 12:59:37.114,1.70073,1.70101,1.00,1.00
2018.05.21 12:59:37.678,1.70072,1.70101,1.00,1.00
2018.05.21 12:59:38.184,1.70072,1.701,1.00,1.00
2018.05.21 12:59:38.509,1.70074,1.70102,1.00,1.12
2018.05.21 12:59:40.111,1.70074,1.70103,1.00,1.00
2018.05.21 12:59:40.615,1.70074,1.70102,1.00,1.12
2018.05.21 12:59:41.159,1.70074,1.70101,1.00,1.00
2018.05.21 12:59:41.612,1.70075,1.70103,1.00,1.12
2018.05.21 12:59:41.935,1.70078,1.70107,1.00,1.13
2018.05.21 12:59:41.987,1.70078,1.70106,1.00,1.38
2018.05.21 12:59:42.090,1.70078,1.70106,1.00,1.00
2018.05.21 12:59:42.660,1.70077,1.70105,1.50,1.13
2018.05.21 12:59:43.194,1.70078,1.70105,1.00,1.00
2018.05.21 12:59:43.737,1.70077,1.70104,1.00,1.00
2018.05.21 12:59:43.848,1.70079,1.70106,1.00,1.00
2018.05.21 12:59:44.389,1.7008,1.70106,1.00,1.00
2018.05.21 12:59:44.645,1.70079,1.70108,1.00,1.25
2018.05.21 12:59:45.933,1.70081,1.70107,1.00,1.00
2018.05.21 12:59:46.814,1.7008,1.70107,1.00,1.13
2018.05.21 12:59:48.574,1.7008,1.70107,1.00,1.75
2018.05.21 12:59:48.729,1.70078,1.70105,1.00,1.38
2018.05.21 12:59:49.339,1.70077,1.70104,1.00,1.00
2018.05.21 12:59:49.640,1.70078,1.70107,1.00,1.37
2018.05.21 12:59:50.200,1.70078,1.70107,1.50,1.12
2018.05.21 12:59:50.784,1.70078,1.70107,1.50,1.50
2018.05.21 12:59:51.079,1.7008,1.70106,1.00,1.00
2018.05.21 12:59:51.618,1.70081,1.70107,1.00,1.00
2018.05.21 12:59:54.984,1.70079,1.70107,1.00,1.00
2018.05.21 12:59:55.965,1.70076,1.70105,1.00,1.00
2018.05.21 12:59:56.016,1.70078,1.70104,1.00,1.00
2018.05.21 12:59:56.528,1.70077,1.70103,1.50,1.00
2018.05.21 12:59:56.631,1.70075,1.70103,1.00,1.00
2018.05.21 12:59:57.141,1.70076,1.70104,1.50,1.00
2018.05.21 12:59:57.267,1.70075,1.70102,1.50,1.00
2018.05.21 12:59:57.842,1.70074,1.70101,1.50,1.00
2018.05.21 12:59:58.227,1.70074,1.70099,2.25,1.00
2018.05.21 12:59:59.203,1.70073,1.70099,2.25,1.00
2018.05.21 12:59:59.717,1.70074,1.701,1.50,1.00
