2014.12.16 07:00:00.384,1.60606,1.60666,1.12,1.00
2014.12.16 07:00:00.535,1.60607,1.60669,1.87,1.00
2014.12.16 07:00:00.863,1.60609,1.60666,1.50,1.00
2014.12.16 07:00:00.913,1.60609,1.60666,1.12,1.00
2014.12.16 07:00:01.165,1.6061,1.60666,1.37,1.00
2014.12.16 07:00:01.677,1.6061,1.60667,1.87,1.00
2014.12.16 07:00:02.193,1.6061,1.60666,1.75,1.00
2014.12.16 07:00:03.215,1.6061,1.60667,3.00,1.00
2014.12.16 07:00:03.571,1.60613,1.60667,1.12,1.00
2014.12.16 07:00:03.723,1.60612,1.60667,1.12,1.00
2014.12.16 07:00:04.299,1.60612,1.60666,1.12,1.00
2014.12.16 07:00:04.400,1.60616,1.60666,1.00,1.00
2014.12.16 07:00:04.702,1.60619,1.60666,1.37,1.00
2014.12.16 07:00:05.004,1.60623,1.60666,1.00,1.00
2014.12.16 07:00:05.363,1.60625,1.60666,1.75,1.00
2014.12.16 07:00:05.882,1.60625,1.60667,1.75,1.00
2014.12.16 07:00:08.812,1.60621,1.60666,1.37,1.00
2014.12.16 07:00:08.913,1.60618,1.60657,3.00,1.00
2014.12.16 07:00:09.014,1.60618,1.60666,2.25,1.00
2014.12.16 07:00:09.115,1.60613,1.60656,1.75,1.00
2014.12.16 07:00:09.368,1.60613,1.60675,1.75,1.00
2014.12.16 07:00:09.871,1.60613,1.60676,1.75,1.50
2014.12.16 07:00:09.922,1.60613,1.60671,1.75,1.00
2014.12.16 07:00:10.023,1.60605,1.60666,1.75,1.00
2014.12.16 07:00:10.224,1.60605,1.60657,1.75,1.00
2014.12.16 07:00:10.620,1.60604,1.60657,1.00,1.00
2014.12.16 07:00:10.672,1.60611,1.60657,1.00,1.00
2014.12.16 07:00:10.924,1.60614,1.60666,1.00,1.50
2014.12.16 07:00:11.128,1.60621,1.60657,1.00,1.00
2014.12.16 07:00:11.433,1.60624,1.60656,1.00,1.00
2014.12.16 07:00:11.483,1.60617,1.60656,1.00,1.00
2014.12.16 07:00:12.004,1.60616,1.60656,1.00,1.00
2014.12.16 07:00:12.259,1.6061,1.60657,1.00,1.00
2014.12.16 07:00:12.564,1.6061,1.60657,1.00,1.60
2014.12.16 07:00:12.665,1.606,1.60644,1.87,1.00
2014.12.16 07:00:12.766,1.60599,1.60636,1.00,1.00
2014.12.16 07:00:12.868,1.60608,1.60649,1.00,1.00
2014.12.16 07:00:12.969,1.60609,1.60657,1.00,3.00
2014.12.16 07:00:13.019,1.60616,1.60657,1.00,3.00
2014.12.16 07:00:13.070,1.60616,1.60657,1.00,1.00
2014.12.16 07:00:13.322,1.60611,1.60656,1.00,1.00
2014.12.16 07:00:13.525,1.60614,1.60656,1.00,1.00
2014.12.16 07:00:13.827,1.60602,1.60646,1.75,1.00
2014.12.16 07:00:14.757,1.606,1.60657,1.75,1.00
2014.12.16 07:00:14.978,1.606,1.60647,1.75,1.00
2014.12.16 07:00:18.174,1.60605,1.60657,1.00,1.00
2014.12.16 07:00:18.682,1.60601,1.60646,1.12,1.00
2014.12.16 07:00:20.934,1.60604,1.60656,1.00,1.00
2014.12.16 07:00:21.035,1.60608,1.60656,1.37,1.00
2014.12.16 07:00:21.643,1.60609,1.60657,1.75,1.00
2014.12.16 07:00:22.183,1.60609,1.60656,1.75,1.00
2014.12.16 07:00:22.498,1.60604,1.60656,1.87,1.00
2014.12.16 07:00:22.649,1.60604,1.60647,1.75,1.00
2014.12.16 07:00:23.204,1.60604,1.60656,1.75,1.00
2014.12.16 07:00:24.072,1.606,1.60656,1.75,1.12
2014.12.16 07:00:24.123,1.60606,1.60656,1.37,1.12
2014.12.16 07:00:24.425,1.60615,1.60656,1.00,1.00
2014.12.16 07:00:25.866,1.60613,1.60656,1.00,1.00
2014.12.16 07:00:26.095,1.60615,1.60656,1.00,1.00
2014.12.16 07:00:26.196,1.60612,1.60656,1.00,1.00
2014.12.16 07:00:26.705,1.60613,1.60656,1.00,1.00
2014.12.16 07:00:27.158,1.60612,1.60646,1.00,1.00
2014.12.16 07:00:27.209,1.60603,1.60646,1.00,1.00
2014.12.16 07:00:28.233,1.606,1.60646,1.00,1.00
2014.12.16 07:00:28.385,1.60598,1.60646,1.50,1.00
2014.12.16 07:00:29.432,1.6059,1.60646,1.75,1.00
2014.12.16 07:00:30.505,1.6059,1.60644,1.75,1.00
2014.12.16 07:00:30.715,1.6059,1.60646,1.75,1.00
2014.12.16 07:00:31.232,1.6059,1.60647,1.75,1.12
2014.12.16 07:00:32.218,1.60586,1.60645,1.12,1.75
2014.12.16 07:00:33.642,1.60584,1.60645,1.75,1.75
2014.12.16 07:00:37.823,1.60584,1.60636,1.75,1.00
2014.12.16 07:00:38.342,1.60582,1.60636,1.37,1.37
2014.12.16 07:00:38.494,1.60575,1.60633,1.37,1.37
2014.12.16 07:00:38.556,1.60574,1.60633,1.12,1.75
2014.12.16 07:00:39.583,1.6057,1.60626,1.75,1.00
2014.12.16 07:00:39.955,1.6057,1.60632,1.75,1.75
2014.12.16 07:00:41.176,1.60576,1.60632,1.37,1.75
2014.12.16 07:00:41.377,1.6058,1.60635,1.00,1.00
2014.12.16 07:00:41.428,1.60594,1.60635,1.00,1.00
2014.12.16 07:00:41.629,1.6058,1.60635,1.00,1.00
2014.12.16 07:00:42.211,1.60581,1.60635,1.00,1.00
2014.12.16 07:00:43.308,1.60581,1.60637,1.50,1.37
2014.12.16 07:00:43.612,1.60582,1.60637,2.25,1.00
2014.12.16 07:00:44.093,1.60582,1.60627,1.75,1.00
2014.12.16 07:00:44.244,1.60582,1.60637,1.75,1.00
2014.12.16 07:00:44.654,1.60582,1.60626,1.75,1.00
2014.12.16 07:00:45.203,1.60582,1.60636,1.75,1.00
2014.12.16 07:00:46.232,1.60577,1.60636,1.12,1.75
2014.12.16 07:00:46.635,1.60574,1.60626,1.50,1.00
2014.12.16 07:00:46.735,1.60572,1.60626,1.12,1.00
2014.12.16 07:00:46.937,1.60576,1.60626,1.75,1.00
2014.12.16 07:00:47.460,1.60591,1.60626,1.00,1.00
2014.12.16 07:00:47.510,1.60591,1.60635,1.00,1.50
2014.12.16 07:00:47.662,1.60591,1.60635,1.00,1.12
2014.12.16 07:00:49.660,1.60591,1.60633,1.00,1.00
2014.12.16 07:00:49.961,1.60589,1.60633,1.50,1.00
2014.12.16 07:00:50.012,1.60589,1.60629,1.00,1.00
2014.12.16 07:00:50.062,1.60585,1.60629,1.50,1.00
2014.12.16 07:00:50.264,1.60585,1.60626,1.00,1.00
2014.12.16 07:00:50.472,1.60585,1.60629,1.00,1.50
2014.12.16 07:00:51.676,1.60588,1.60629,1.00,1.50
2014.12.16 07:00:52.613,1.60589,1.60629,1.00,1.00
2014.12.16 07:00:52.663,1.60589,1.60633,1.50,1.12
2014.12.16 07:00:52.865,1.60593,1.60634,1.00,1.37
2014.12.16 07:00:52.966,1.60594,1.60635,1.00,1.12
2014.12.16 07:00:53.629,1.60591,1.60637,1.00,1.00
2014.12.16 07:00:53.680,1.60583,1.60637,1.50,1.00
2014.12.16 07:00:53.781,1.60583,1.60627,1.50,1.00
2014.12.16 07:00:54.655,1.60582,1.60637,1.12,1.00
2014.12.16 07:00:54.957,1.60587,1.60637,1.37,1.00
2014.12.16 07:00:55.481,1.60588,1.60636,1.75,1.00
2014.12.16 07:00:58.884,1.60592,1.60636,1.37,1.00
2014.12.16 07:00:58.985,1.60592,1.60646,1.75,1.00
2014.12.16 07:00:59.287,1.60591,1.60647,1.50,1.37
2014.12.16 07:00:59.338,1.60589,1.60647,1.37,1.75
2014.12.16 07:00:59.389,1.60589,1.60636,1.37,1.00
2014.12.16 07:01:00.474,1.60591,1.60636,1.37,1.00
2014.12.16 07:01:00.730,1.60595,1.60646,1.00,1.00
2014.12.16 07:01:01.186,1.60595,1.60637,1.00,1.00
2014.12.16 07:01:01.286,1.60595,1.60647,1.50,1.00
2014.12.16 07:01:01.387,1.60595,1.60636,1.87,1.00
2014.12.16 07:01:01.639,1.6059,1.60637,1.87,1.00
2014.12.16 07:01:01.690,1.6059,1.60637,1.50,1.00
2014.12.16 07:01:01.812,1.60592,1.60637,1.00,1.00
2014.12.16 07:01:02.175,1.6059,1.60637,1.00,1.00
2014.12.16 07:01:02.379,1.6059,1.60645,1.00,1.00
2014.12.16 07:01:02.480,1.6059,1.60637,1.00,1.00
2014.12.16 07:01:02.631,1.60581,1.60637,1.75,1.12
2014.12.16 07:01:03.607,1.60583,1.60637,1.87,1.12
2014.12.16 07:01:03.708,1.60589,1.60644,1.00,1.00
2014.12.16 07:01:04.111,1.60591,1.60644,1.00,1.00
2014.12.16 07:01:04.414,1.60581,1.60642,4.12,1.75
2014.12.16 07:01:04.733,1.60582,1.60636,1.75,1.00
2014.12.16 07:01:04.784,1.60582,1.60641,1.75,1.75
2014.12.16 07:01:05.307,1.60582,1.60637,1.75,1.00
2014.12.16 07:01:07.633,1.60581,1.60636,1.87,1.00
2014.12.16 07:01:08.137,1.60584,1.60637,1.37,1.00
2014.12.16 07:01:08.187,1.60585,1.60637,1.37,1.00
2014.12.16 07:01:08.731,1.60581,1.60636,3.22,1.00
2014.12.16 07:01:11.072,1.60581,1.60642,2.62,2.25
2014.12.16 07:01:11.123,1.60595,1.60637,1.00,1.00
2014.12.16 07:01:11.441,1.60595,1.60627,1.00,1.00
2014.12.16 07:01:12.164,1.60595,1.60626,1.00,1.00
2014.12.16 07:01:13.430,1.60593,1.60626,1.00,1.00
2014.12.16 07:01:13.531,1.60587,1.60626,1.00,1.00
2014.12.16 07:01:13.883,1.60582,1.60625,1.00,1.00
2014.12.16 07:01:13.934,1.60582,1.60616,1.00,1.00
2014.12.16 07:01:14.439,1.60582,1.60617,1.00,1.00
2014.12.16 07:01:15.330,1.60584,1.60617,1.00,1.00
2014.12.16 07:01:15.633,1.60588,1.60616,1.00,1.00
2014.12.16 07:01:16.077,1.60591,1.60616,1.00,1.00
2014.12.16 07:01:16.379,1.60593,1.60617,1.00,1.00
2014.12.16 07:01:16.480,1.60593,1.60626,1.00,1.00
2014.12.16 07:01:16.894,1.60593,1.60617,1.00,1.00
2014.12.16 07:01:17.415,1.60593,1.60616,1.00,1.00
2014.12.16 07:01:19.100,1.60593,1.60617,1.00,1.00
2014.12.16 07:01:19.866,1.60592,1.60617,1.00,1.00
2014.12.16 07:01:22.500,1.60592,1.60616,1.00,1.00
2014.12.16 07:01:23.602,1.60592,1.60617,1.00,1.00
2014.12.16 07:01:25.197,1.60592,1.60616,1.00,1.00
2014.12.16 07:01:26.792,1.60592,1.60617,1.00,1.00
2014.12.16 07:01:28.002,1.60593,1.60617,1.00,1.00
2014.12.16 07:01:28.616,1.60593,1.60616,1.00,1.00
2014.12.16 07:01:31.809,1.60595,1.60616,1.00,1.00
2014.12.16 07:01:37.080,1.60593,1.60616,1.00,1.00
2014.12.16 07:01:39.242,1.60593,1.60606,1.00,1.00
2014.12.16 07:01:40.705,1.60591,1.60606,1.00,1.00
2014.12.16 07:01:40.806,1.60591,1.60616,1.00,1.00
2014.12.16 07:01:40.872,1.60591,1.60607,1.00,1.00
2014.12.16 07:01:41.099,1.60591,1.60616,1.00,1.00
2014.12.16 07:01:41.200,1.60585,1.60616,1.00,1.00
2014.12.16 07:01:41.250,1.60585,1.60607,1.00,1.00
2014.12.16 07:01:41.561,1.60587,1.60606,1.00,1.00
2014.12.16 07:01:41.800,1.60583,1.60607,1.00,1.00
2014.12.16 07:01:41.901,1.60583,1.60616,1.00,1.00
2014.12.16 07:01:41.952,1.6058,1.60616,1.00,1.00
2014.12.16 07:01:42.053,1.60578,1.60616,1.00,1.50
2014.12.16 07:01:42.204,1.60578,1.60607,1.00,1.00
2014.12.16 07:01:42.506,1.60581,1.60607,1.00,1.00
2014.12.16 07:01:42.607,1.60579,1.60607,1.00,1.00
2014.12.16 07:01:42.658,1.60579,1.60616,1.00,1.00
2014.12.16 07:01:43.011,1.6058,1.60606,1.00,1.00
2014.12.16 07:01:43.112,1.6058,1.60616,1.00,1.00
2014.12.16 07:01:43.650,1.60579,1.60617,1.00,1.00
2014.12.16 07:01:43.701,1.60576,1.60617,1.00,1.00
2014.12.16 07:01:43.802,1.60574,1.60615,1.60,1.00
2014.12.16 07:01:44.105,1.60577,1.6062,1.00,1.00
2014.12.16 07:01:44.205,1.60577,1.60617,1.00,1.00
2014.12.16 07:01:44.713,1.60576,1.60617,1.00,1.50
2014.12.16 07:01:45.213,1.60574,1.60615,1.00,1.00
2014.12.16 07:01:45.566,1.60572,1.60614,1.00,1.00
2014.12.16 07:01:46.631,1.6057,1.60611,1.00,1.00
2014.12.16 07:01:46.934,1.60566,1.6061,1.60,1.00
2014.12.16 07:01:46.984,1.60568,1.60612,1.60,1.50
2014.12.16 07:01:47.236,1.60571,1.60612,1.00,1.00
2014.12.16 07:01:47.560,1.60571,1.60614,1.00,1.00
2014.12.16 07:01:47.661,1.60575,1.60616,1.00,1.00
2014.12.16 07:01:48.267,1.60575,1.60617,1.00,1.00
2014.12.16 07:01:50.150,1.60572,1.60615,1.00,1.00
2014.12.16 07:01:50.260,1.60576,1.60617,1.00,1.50
2014.12.16 07:01:51.400,1.60574,1.60617,1.00,1.50
2014.12.16 07:01:54.774,1.60574,1.60616,1.00,1.00
2014.12.16 07:01:54.925,1.60576,1.60616,1.00,1.00
2014.12.16 07:01:55.500,1.60576,1.60617,1.00,1.50
2014.12.16 07:01:56.162,1.60576,1.60616,1.00,1.00
2014.12.16 07:01:58.942,1.60576,1.60617,1.00,1.50
2014.12.16 07:01:59.556,1.60575,1.60616,1.00,1.00
2014.12.16 07:02:04.671,1.60574,1.60615,1.00,1.00
2014.12.16 07:02:05.001,1.60577,1.60617,1.00,1.00
2014.12.16 07:02:05.254,1.60574,1.60615,1.00,1.00
2014.12.16 07:02:06.983,1.60576,1.60615,1.00,1.00
2014.12.16 07:02:07.324,1.60578,1.60615,1.00,1.00
2014.12.16 07:02:08.944,1.60576,1.60615,1.00,1.00
2014.12.16 07:02:09.930,1.60578,1.60615,1.00,1.00
2014.12.16 07:02:10.493,1.60577,1.60616,1.50,1.00
2014.12.16 07:02:10.838,1.60593,1.60633,1.00,1.75
2014.12.16 07:02:11.141,1.60591,1.60636,1.00,1.00
2014.12.16 07:02:11.241,1.60578,1.60627,1.00,1.00
2014.12.16 07:02:11.400,1.60583,1.60626,1.00,1.00
2014.12.16 07:02:11.750,1.60597,1.60626,1.00,1.00
2014.12.16 07:02:11.851,1.60591,1.60626,1.00,1.00
2014.12.16 07:02:11.902,1.60591,1.60636,1.00,1.00
2014.12.16 07:02:12.003,1.60585,1.60626,1.00,1.00
2014.12.16 07:02:12.562,1.60584,1.60627,1.00,1.00
2014.12.16 07:02:13.384,1.60583,1.60627,1.00,1.00
2014.12.16 07:02:14.242,1.60585,1.60627,1.00,1.00
2014.12.16 07:02:14.343,1.60583,1.60627,1.00,1.00
2014.12.16 07:02:14.536,1.60583,1.60636,1.00,1.00
2014.12.16 07:02:14.587,1.6058,1.60636,1.00,1.87
2014.12.16 07:02:14.688,1.60577,1.60635,1.12,1.75
2014.12.16 07:02:14.749,1.60577,1.60627,1.12,1.00
2014.12.16 07:02:15.963,1.60577,1.60635,1.00,1.75
2014.12.16 07:02:16.014,1.60573,1.60635,1.00,1.75
2014.12.16 07:02:16.115,1.60573,1.60626,1.00,1.00
2014.12.16 07:02:16.216,1.60568,1.60626,1.75,1.00
2014.12.16 07:02:16.637,1.60572,1.60617,1.00,1.00
2014.12.16 07:02:16.732,1.60572,1.60627,1.00,1.00
2014.12.16 07:02:17.581,1.60572,1.60627,1.97,1.00
2014.12.16 07:02:17.883,1.60585,1.60626,1.00,1.00
2014.12.16 07:02:18.412,1.60586,1.60627,1.00,1.00
2014.12.16 07:02:18.933,1.60587,1.60626,1.50,1.00
2014.12.16 07:02:19.311,1.60589,1.60626,1.00,1.00
2014.12.16 07:02:19.860,1.60587,1.60626,1.50,1.00
2014.12.16 07:02:20.126,1.6059,1.60626,1.00,1.00
2014.12.16 07:02:20.378,1.6059,1.60637,1.00,1.75
2014.12.16 07:02:20.479,1.60579,1.60626,2.25,1.00
2014.12.16 07:02:20.579,1.6058,1.60626,1.00,1.00
2014.12.16 07:02:20.740,1.60577,1.60627,1.00,1.00
2014.12.16 07:02:21.321,1.60579,1.60627,1.00,1.00
2014.12.16 07:02:21.635,1.60582,1.60627,1.00,1.00
2014.12.16 07:02:21.685,1.60582,1.60636,1.00,1.00
2014.12.16 07:02:22.121,1.60581,1.60626,1.00,1.00
2014.12.16 07:02:23.390,1.60585,1.60626,1.00,1.00
2014.12.16 07:02:23.491,1.60585,1.60636,1.50,1.00
2014.12.16 07:02:23.642,1.60593,1.60637,1.00,1.00
2014.12.16 07:02:24.179,1.60593,1.60636,1.12,1.00
2014.12.16 07:02:25.027,1.60592,1.60646,1.50,1.00
2014.12.16 07:02:25.530,1.60591,1.60636,1.87,1.00
2014.12.16 07:02:33.435,1.60593,1.60636,1.87,1.00
2014.12.16 07:02:33.586,1.60596,1.60646,1.12,1.00
2014.12.16 07:02:33.913,1.60601,1.60646,1.00,1.00
2014.12.16 07:02:35.619,1.60603,1.60646,1.00,1.00
2014.12.16 07:02:37.155,1.60602,1.60646,1.00,1.00
2014.12.16 07:02:37.206,1.60602,1.60657,1.00,1.00
2014.12.16 07:02:37.307,1.60596,1.60647,1.75,1.00
2014.12.16 07:02:39.438,1.60597,1.60646,1.37,1.00
2014.12.16 07:02:39.640,1.606,1.60657,1.00,1.00
2014.12.16 07:02:39.691,1.60598,1.60657,1.12,1.00
2014.12.16 07:02:39.874,1.60598,1.60647,1.12,1.00
2014.12.16 07:02:40.323,1.60602,1.60647,1.00,1.00
2014.12.16 07:02:40.474,1.60599,1.60646,1.00,1.00
2014.12.16 07:02:41.006,1.606,1.60647,1.00,1.00
2014.12.16 07:02:41.462,1.60596,1.60646,1.37,1.00
2014.12.16 07:02:42.360,1.60596,1.60637,1.37,1.00
2014.12.16 07:02:42.663,1.60595,1.60636,1.12,1.00
2014.12.16 07:02:42.814,1.60594,1.60647,1.00,1.00
2014.12.16 07:02:42.865,1.60602,1.60643,1.00,1.00
2014.12.16 07:02:43.167,1.60603,1.60636,1.00,1.00
2014.12.16 07:02:44.190,1.60605,1.60636,1.00,1.00
2014.12.16 07:02:44.649,1.60601,1.60636,1.00,1.00
2014.12.16 07:02:46.930,1.60602,1.60636,1.00,1.00
2014.12.16 07:02:47.387,1.60605,1.60636,1.00,1.00
2014.12.16 07:02:51.200,1.60606,1.60636,1.00,1.00
2014.12.16 07:02:51.402,1.60609,1.60647,1.00,1.00
2014.12.16 07:02:52.089,1.60609,1.60646,1.50,1.00
2014.12.16 07:02:59.998,1.60608,1.60646,1.00,1.00
2014.12.16 07:03:00.149,1.60603,1.60643,1.00,1.00
2014.12.16 07:03:00.452,1.60601,1.60642,1.00,1.00
2014.12.16 07:03:00.604,1.60601,1.60638,1.00,1.00
2014.12.16 07:03:00.704,1.60594,1.60637,1.00,1.00
2014.12.16 07:03:00.755,1.60594,1.60626,1.00,1.00
2014.12.16 07:03:00.856,1.60594,1.60635,1.00,1.00
2014.12.16 07:03:00.957,1.60594,1.60626,1.00,1.00
2014.12.16 07:03:01.461,1.60588,1.60626,1.60,1.00
2014.12.16 07:03:02.481,1.60601,1.60626,2.10,1.00
2014.12.16 07:03:02.532,1.60601,1.60629,2.10,1.00
2014.12.16 07:03:02.633,1.60601,1.60631,2.85,1.00
2014.12.16 07:03:02.684,1.60601,1.60631,1.00,1.00
2014.12.16 07:03:02.735,1.60595,1.60631,1.35,1.00
2014.12.16 07:03:02.786,1.60601,1.60634,1.60,1.00
2014.12.16 07:03:02.887,1.60605,1.60646,1.35,2.25
2014.12.16 07:03:03.038,1.60606,1.60647,1.50,1.50
2014.12.16 07:03:03.240,1.60609,1.60647,2.10,1.00
2014.12.16 07:03:03.743,1.60622,1.60647,1.00,1.00
2014.12.16 07:03:04.046,1.60624,1.60656,1.35,1.00
2014.12.16 07:03:04.147,1.60628,1.60656,1.00,1.00
2014.12.16 07:03:04.400,1.60622,1.60663,1.87,1.00
2014.12.16 07:03:04.450,1.60622,1.60647,1.00,1.00
2014.12.16 07:03:04.501,1.60616,1.60646,1.00,1.00
2014.12.16 07:03:04.552,1.60616,1.60644,1.00,1.00
2014.12.16 07:03:04.602,1.60613,1.60644,1.00,1.00
2014.12.16 07:03:04.653,1.60617,1.60646,2.10,1.00
2014.12.16 07:03:04.921,1.60613,1.60646,1.00,1.00
2014.12.16 07:03:04.971,1.60616,1.60646,1.00,1.00
2014.12.16 07:03:05.022,1.60614,1.60646,1.00,1.00
2014.12.16 07:03:05.173,1.60614,1.60651,1.00,1.00
2014.12.16 07:03:05.274,1.60616,1.60652,1.00,1.00
2014.12.16 07:03:05.325,1.60616,1.60655,1.00,1.00
2014.12.16 07:03:05.376,1.60618,1.60655,1.00,1.00
2014.12.16 07:03:05.757,1.60618,1.60652,1.00,1.00
2014.12.16 07:03:05.858,1.60621,1.60657,1.00,1.50
2014.12.16 07:03:06.059,1.60627,1.60662,1.00,1.00
2014.12.16 07:03:06.211,1.60627,1.60666,1.00,1.50
2014.12.16 07:03:06.261,1.60632,1.60666,1.00,1.00
2014.12.16 07:03:06.564,1.60622,1.60649,1.00,1.00
2014.12.16 07:03:06.866,1.6062,1.60649,1.00,1.00
2014.12.16 07:03:06.916,1.60623,1.60649,1.00,1.00
2014.12.16 07:03:07.067,1.60623,1.60651,1.00,1.00
2014.12.16 07:03:07.582,1.60624,1.60651,1.00,1.00
2014.12.16 07:03:07.825,1.60624,1.60653,1.00,1.00
2014.12.16 07:03:08.338,1.60624,1.60654,1.00,1.00
2014.12.16 07:03:11.340,1.60624,1.60653,1.00,1.00
2014.12.16 07:03:11.870,1.60624,1.60654,1.00,1.00
2014.12.16 07:03:12.072,1.60627,1.60654,1.00,1.00
2014.12.16 07:03:12.172,1.60625,1.60654,1.00,1.00
2014.12.16 07:03:12.880,1.60625,1.60653,1.00,1.00
2014.12.16 07:03:13.370,1.60626,1.60655,1.00,1.00
2014.12.16 07:03:13.420,1.60636,1.60655,1.00,1.00
2014.12.16 07:03:13.471,1.60636,1.60666,1.60,1.00
2014.12.16 07:03:13.672,1.60638,1.60669,1.00,1.00
2014.12.16 07:03:13.774,1.60638,1.60671,1.00,1.00
2014.12.16 07:03:13.824,1.60637,1.60667,1.00,1.00
2014.12.16 07:03:13.976,1.60633,1.60667,1.00,1.00
2014.12.16 07:03:14.077,1.60631,1.60667,1.00,1.00
2014.12.16 07:03:14.380,1.60628,1.60667,1.00,1.00
2014.12.16 07:03:14.481,1.60632,1.60666,1.00,1.00
2014.12.16 07:03:15.047,1.60632,1.60667,1.00,1.00
2014.12.16 07:03:16.390,1.60632,1.60666,1.00,1.00
2014.12.16 07:03:19.245,1.60628,1.60666,1.00,1.00
2014.12.16 07:03:19.296,1.60628,1.60663,1.00,1.00
2014.12.16 07:03:19.447,1.60624,1.60661,1.00,1.00
2014.12.16 07:03:19.498,1.60624,1.60665,1.00,1.50
2014.12.16 07:03:19.549,1.6062,1.60657,1.00,1.00
2014.12.16 07:03:19.700,1.60626,1.60665,1.00,1.00
2014.12.16 07:03:20.232,1.60626,1.60666,1.00,1.50
2014.12.16 07:03:20.560,1.60623,1.60665,1.00,1.00
2014.12.16 07:03:20.611,1.60623,1.60661,1.00,1.00
2014.12.16 07:03:20.929,1.60626,1.60664,1.00,1.00
2014.12.16 07:03:20.979,1.60626,1.60666,1.00,1.00
2014.12.16 07:03:21.337,1.60628,1.60666,1.00,1.00
2014.12.16 07:03:21.640,1.60628,1.6067,1.00,1.00
2014.12.16 07:03:21.892,1.60628,1.60667,1.00,1.00
2014.12.16 07:03:23.512,1.60644,1.60676,1.00,1.00
2014.12.16 07:03:23.965,1.60628,1.60667,1.37,1.00
2014.12.16 07:03:24.016,1.60623,1.60667,1.37,1.00
2014.12.16 07:03:24.066,1.60623,1.60656,1.37,1.00
2014.12.16 07:03:24.117,1.60614,1.60656,2.10,1.00
2014.12.16 07:03:24.167,1.60625,1.60656,1.00,1.00
2014.12.16 07:03:24.496,1.60633,1.60656,1.00,1.00
2014.12.16 07:03:24.748,1.60635,1.60667,1.00,1.00
2014.12.16 07:03:25.479,1.60635,1.60666,1.00,1.00
2014.12.16 07:03:30.256,1.6063,1.60666,1.00,1.00
2014.12.16 07:03:30.357,1.60627,1.60666,1.00,1.00
2014.12.16 07:03:30.458,1.60626,1.60657,1.00,1.00
2014.12.16 07:03:30.559,1.60623,1.60665,1.00,1.00
2014.12.16 07:03:31.348,1.60626,1.60665,1.00,1.00
2014.12.16 07:03:31.940,1.60626,1.60662,1.00,1.00
2014.12.16 07:03:32.091,1.60624,1.60664,1.00,1.00
2014.12.16 07:03:33.259,1.60624,1.60665,1.00,1.00
2014.12.16 07:03:34.578,1.60624,1.60664,1.00,1.00
2014.12.16 07:03:36.918,1.60624,1.60656,1.00,1.00
2014.12.16 07:03:39.890,1.60624,1.60657,1.00,1.00
2014.12.16 07:03:42.319,1.60624,1.60663,1.00,1.00
2014.12.16 07:03:42.750,1.60627,1.60663,1.00,1.00
2014.12.16 07:03:43.052,1.60631,1.60665,1.00,1.00
2014.12.16 07:03:43.103,1.60628,1.60665,1.00,1.00
2014.12.16 07:03:43.204,1.60624,1.60661,1.00,1.00
2014.12.16 07:03:43.305,1.60622,1.60661,1.00,1.00
2014.12.16 07:03:43.506,1.60622,1.60663,1.00,1.50
2014.12.16 07:03:44.068,1.60622,1.60657,1.00,1.00
2014.12.16 07:03:51.451,1.60622,1.60651,1.00,1.00
2014.12.16 07:03:51.552,1.60617,1.60651,1.00,1.00
2014.12.16 07:03:51.980,1.60617,1.60656,1.00,1.50
2014.12.16 07:03:52.030,1.60619,1.60656,1.00,1.50
2014.12.16 07:03:52.333,1.60624,1.60659,1.00,1.00
2014.12.16 07:03:52.434,1.60623,1.60661,1.00,1.00
2014.12.16 07:03:52.585,1.60627,1.60661,1.00,1.00
2014.12.16 07:03:53.111,1.60625,1.60661,1.00,1.00
2014.12.16 07:03:53.212,1.60625,1.60659,1.00,1.00
2014.12.16 07:03:53.515,1.60625,1.60657,1.00,1.00
2014.12.16 07:03:54.197,1.60625,1.60656,1.00,1.00
2014.12.16 07:03:55.288,1.60622,1.60656,1.00,1.50
2014.12.16 07:03:55.439,1.60625,1.60662,1.00,1.00
2014.12.16 07:03:55.490,1.60625,1.60664,1.00,1.00
2014.12.16 07:03:55.932,1.60626,1.60662,1.00,1.00
2014.12.16 07:03:56.279,1.60626,1.60657,1.00,1.00
2014.12.16 07:03:57.163,1.60626,1.60655,1.00,1.00
2014.12.16 07:03:57.415,1.60623,1.60653,1.00,1.00
2014.12.16 07:03:57.596,1.60623,1.60655,1.00,1.00
2014.12.16 07:03:58.339,1.60623,1.60656,1.00,1.50
2014.12.16 07:03:58.808,1.60625,1.60656,1.00,1.50
2014.12.16 07:04:00.691,1.60624,1.60654,1.00,1.00
2014.12.16 07:04:02.764,1.60624,1.60656,1.00,1.00
2014.12.16 07:04:02.878,1.60624,1.60658,1.00,1.00
2014.12.16 07:04:03.130,1.60622,1.60658,1.00,1.00
2014.12.16 07:04:04.086,1.60622,1.60663,1.00,1.00
2014.12.16 07:04:05.096,1.60622,1.60665,1.00,1.00
2014.12.16 07:04:05.756,1.60622,1.6066,1.00,1.00
2014.12.16 07:04:06.060,1.6062,1.60656,1.00,1.00
2014.12.16 07:04:10.384,1.60616,1.60658,1.00,1.00
2014.12.16 07:04:10.485,1.60616,1.60655,1.00,1.00
2014.12.16 07:04:10.585,1.60614,1.60654,1.00,1.00
2014.12.16 07:04:11.097,1.60614,1.60655,1.00,1.00
2014.12.16 07:04:12.639,1.60614,1.60654,1.00,1.00
2014.12.16 07:04:12.777,1.60614,1.60652,1.00,1.00
2014.12.16 07:04:12.827,1.60612,1.60652,1.00,1.00
2014.12.16 07:04:12.978,1.60612,1.60648,1.00,1.00
2014.12.16 07:04:13.029,1.60608,1.60648,1.00,1.00
2014.12.16 07:04:13.080,1.60608,1.6065,1.00,1.00
2014.12.16 07:04:13.657,1.60609,1.6065,1.00,1.00
2014.12.16 07:04:13.849,1.60609,1.60652,1.00,1.00
2014.12.16 07:04:14.438,1.60609,1.6065,1.00,1.00
2014.12.16 07:04:15.100,1.60609,1.60646,1.00,1.00
2014.12.16 07:04:16.407,1.60611,1.60646,1.00,1.00
2014.12.16 07:04:18.167,1.6061,1.60646,1.00,1.00
2014.12.16 07:04:18.784,1.6061,1.60647,1.00,1.00
2014.12.16 07:04:19.616,1.60609,1.60647,1.00,1.00
2014.12.16 07:04:22.487,1.60611,1.6065,1.00,1.00
2014.12.16 07:04:22.758,1.60611,1.60652,1.00,1.00
2014.12.16 07:04:23.238,1.60609,1.60651,1.00,1.00
2014.12.16 07:04:23.339,1.60607,1.60647,1.00,1.00
2014.12.16 07:04:24.088,1.60607,1.60646,1.00,1.00
2014.12.16 07:04:26.108,1.60607,1.60647,1.00,1.00
2014.12.16 07:04:26.451,1.60607,1.60651,1.00,1.00
2014.12.16 07:04:27.428,1.60609,1.60653,1.00,1.50
2014.12.16 07:04:28.068,1.60609,1.60646,1.00,1.00
2014.12.16 07:04:29.399,1.60609,1.60653,1.00,1.50
2014.12.16 07:04:30.349,1.60609,1.6065,1.00,1.00
2014.12.16 07:04:33.126,1.60611,1.6065,1.00,1.00
2014.12.16 07:04:35.629,1.60611,1.60654,1.00,1.00
2014.12.16 07:04:37.968,1.60612,1.60654,1.00,1.00
2014.12.16 07:04:38.070,1.60612,1.60657,1.00,1.00
2014.12.16 07:04:38.120,1.6062,1.60657,1.00,1.00
2014.12.16 07:04:38.221,1.6062,1.60661,1.00,1.00
2014.12.16 07:04:38.272,1.6062,1.60663,1.00,1.00
2014.12.16 07:04:38.948,1.6062,1.60665,1.00,1.00
2014.12.16 07:04:39.221,1.60622,1.60665,1.00,1.00
2014.12.16 07:04:39.524,1.60621,1.6066,1.00,1.00
2014.12.16 07:04:39.625,1.60618,1.60658,1.00,1.00
2014.12.16 07:04:39.870,1.6061,1.60658,1.00,1.00
2014.12.16 07:04:39.971,1.6061,1.60656,1.00,1.00
2014.12.16 07:04:40.021,1.60598,1.60656,1.75,1.00
2014.12.16 07:04:44.794,1.60608,1.60654,1.00,1.00
2014.12.16 07:04:45.097,1.60608,1.60646,1.00,1.00
2014.12.16 07:04:45.667,1.60607,1.60646,1.00,1.00
2014.12.16 07:04:45.901,1.60607,1.60652,1.00,1.50
2014.12.16 07:04:51.717,1.60605,1.60649,1.00,1.00
2014.12.16 07:04:54.492,1.60604,1.60651,1.50,1.00
2014.12.16 07:04:54.593,1.60608,1.60653,1.00,1.50
2014.12.16 07:04:54.906,1.60611,1.60655,1.00,1.00
2014.12.16 07:04:55.449,1.60611,1.60656,1.00,2.25
2014.12.16 07:04:55.953,1.60612,1.60656,1.00,1.50
2014.12.16 07:04:56.479,1.60607,1.60651,1.00,1.00
2014.12.16 07:04:56.946,1.6061,1.60654,1.00,1.00
2014.12.16 07:04:57.257,1.6061,1.60647,1.00,1.00
2014.12.16 07:04:57.597,1.60612,1.60647,1.00,1.00
2014.12.16 07:04:58.239,1.60605,1.60647,1.00,1.00
2014.12.16 07:04:58.340,1.60605,1.6065,1.00,1.00
2014.12.16 07:04:59.308,1.60605,1.60647,1.00,1.00
2014.12.16 07:04:59.791,1.60602,1.60647,1.00,1.50
2014.12.16 07:04:59.892,1.60599,1.60639,1.00,1.00
2014.12.16 07:05:00.238,1.606,1.60636,1.00,1.00
2014.12.16 07:05:00.564,1.60602,1.60637,1.00,1.00
2014.12.16 07:05:00.781,1.60597,1.60636,1.00,1.00
2014.12.16 07:05:01.839,1.60597,1.60626,1.00,1.00
2014.12.16 07:05:02.100,1.60594,1.60626,1.00,1.00
2014.12.16 07:05:07.937,1.60597,1.60626,1.00,1.00
2014.12.16 07:05:08.038,1.60593,1.60627,1.35,1.00
2014.12.16 07:05:08.139,1.60593,1.60637,2.10,1.00
2014.12.16 07:05:08.240,1.60596,1.60637,1.00,1.00
2014.12.16 07:05:08.633,1.60596,1.60637,1.60,1.00
2014.12.16 07:05:08.935,1.60589,1.60616,1.00,1.00
2014.12.16 07:05:09.036,1.60589,1.60627,1.00,1.00
2014.12.16 07:05:09.238,1.60586,1.60624,1.00,1.00
2014.12.16 07:05:09.540,1.60578,1.60616,1.00,1.50
2014.12.16 07:05:09.691,1.60571,1.60615,1.00,1.00
2014.12.16 07:05:09.792,1.60574,1.60606,1.00,1.00
2014.12.16 07:05:10.138,1.60574,1.60616,1.00,1.00
2014.12.16 07:05:10.238,1.60577,1.60616,1.00,1.00
2014.12.16 07:05:10.764,1.60578,1.60617,1.00,1.00
2014.12.16 07:05:12.848,1.60575,1.60616,1.00,1.00
2014.12.16 07:05:12.949,1.60572,1.60616,1.50,1.00
2014.12.16 07:05:15.599,1.60572,1.60617,1.00,1.00
2014.12.16 07:05:15.700,1.60578,1.60617,1.00,1.00
2014.12.16 07:05:19.877,1.60579,1.60617,1.00,1.00
2014.12.16 07:05:20.208,1.60582,1.60617,1.00,1.00
2014.12.16 07:05:21.088,1.60582,1.60616,1.00,1.00
2014.12.16 07:05:23.418,1.60585,1.60623,1.00,1.00
2014.12.16 07:05:23.519,1.60585,1.60626,1.00,1.00
2014.12.16 07:05:25.062,1.60585,1.60627,1.00,1.00
2014.12.16 07:05:25.625,1.60585,1.60629,1.00,1.00
2014.12.16 07:05:26.698,1.60585,1.60632,1.00,1.00
2014.12.16 07:05:26.807,1.60588,1.60633,1.00,1.50
2014.12.16 07:05:29.668,1.60588,1.60626,1.00,1.00
2014.12.16 07:05:30.262,1.60588,1.60627,1.37,1.00
2014.12.16 07:05:30.566,1.60599,1.60637,1.97,1.00
2014.12.16 07:05:30.767,1.6061,1.60646,1.00,1.00
2014.12.16 07:05:30.919,1.60603,1.60636,1.37,1.00
2014.12.16 07:05:30.970,1.60603,1.60636,1.00,1.00
2014.12.16 07:05:31.020,1.60603,1.60629,1.00,1.00
2014.12.16 07:05:31.121,1.60584,1.60625,1.00,1.00
2014.12.16 07:05:31.379,1.60583,1.60618,1.00,1.00
2014.12.16 07:05:31.682,1.60581,1.60616,1.00,1.00
2014.12.16 07:05:31.984,1.60583,1.60615,1.00,1.00
2014.12.16 07:05:32.328,1.60583,1.60617,1.00,1.50
2014.12.16 07:05:32.429,1.60589,1.6062,1.00,1.00
2014.12.16 07:05:32.529,1.60589,1.60623,1.00,1.00
2014.12.16 07:05:32.681,1.60592,1.60624,1.00,1.00
2014.12.16 07:05:32.983,1.60594,1.60636,1.00,1.00
2014.12.16 07:05:33.084,1.60598,1.60635,1.00,1.00
2014.12.16 07:05:33.336,1.60596,1.60635,1.00,1.00
2014.12.16 07:05:34.004,1.60596,1.60634,1.00,1.00
2014.12.16 07:05:34.104,1.60597,1.60637,1.00,1.00
2014.12.16 07:05:34.206,1.60599,1.60637,1.00,1.00
2014.12.16 07:05:34.823,1.60599,1.60636,1.00,1.00
2014.12.16 07:05:35.183,1.60597,1.60631,1.00,1.00
2014.12.16 07:05:35.283,1.60593,1.60629,1.00,1.00
2014.12.16 07:05:35.435,1.6059,1.60629,1.00,1.00
2014.12.16 07:05:35.737,1.6059,1.60631,1.00,1.00
2014.12.16 07:05:36.277,1.6059,1.6063,1.00,1.00
2014.12.16 07:05:37.730,1.6059,1.60632,1.00,1.00
2014.12.16 07:05:37.831,1.60593,1.60632,1.00,1.00
2014.12.16 07:05:37.932,1.60593,1.60634,1.00,1.00
2014.12.16 07:05:38.032,1.60596,1.60636,1.00,1.50
2014.12.16 07:05:38.336,1.60596,1.60633,1.00,1.00
2014.12.16 07:05:38.588,1.60588,1.60626,1.00,1.00
2014.12.16 07:05:38.690,1.60584,1.60623,1.00,1.00
2014.12.16 07:05:38.841,1.60584,1.60619,1.00,1.00
2014.12.16 07:05:38.943,1.6058,1.60628,1.50,1.00
2014.12.16 07:05:39.044,1.60585,1.60627,1.00,1.00
2014.12.16 07:05:39.346,1.60597,1.60636,1.00,1.00
2014.12.16 07:05:39.835,1.60594,1.60626,1.00,1.00
2014.12.16 07:05:40.347,1.60595,1.60627,1.00,1.00
2014.12.16 07:05:41.353,1.60594,1.60627,1.00,1.00
2014.12.16 07:05:41.454,1.6059,1.60627,1.00,1.00
2014.12.16 07:05:41.958,1.6059,1.60626,1.00,1.00
2014.12.16 07:05:42.009,1.60592,1.60626,1.00,1.00
2014.12.16 07:05:42.327,1.60596,1.60627,1.00,1.00
2014.12.16 07:05:43.230,1.60601,1.60637,1.00,1.00
2014.12.16 07:05:43.331,1.60608,1.60636,1.00,1.00
2014.12.16 07:05:43.432,1.60608,1.60646,1.00,1.00
2014.12.16 07:05:43.533,1.6061,1.60646,1.00,1.00
2014.12.16 07:05:43.836,1.60611,1.60637,1.00,1.00
2014.12.16 07:05:44.473,1.6061,1.60637,1.00,1.00
2014.12.16 07:05:44.890,1.6061,1.60647,1.00,1.00
2014.12.16 07:05:44.991,1.60615,1.60646,1.00,1.00
2014.12.16 07:05:45.293,1.60609,1.60647,1.00,1.00
2014.12.16 07:05:45.444,1.60596,1.60645,1.00,1.00
2014.12.16 07:05:45.545,1.60596,1.60626,1.00,1.00
2014.12.16 07:05:45.646,1.60596,1.60636,1.00,1.00
2014.12.16 07:05:45.964,1.606,1.60636,1.00,1.00
2014.12.16 07:05:46.317,1.60603,1.60633,1.00,1.00
2014.12.16 07:05:46.518,1.6059,1.60626,1.00,1.00
2014.12.16 07:05:48.942,1.60594,1.60626,1.00,1.00
2014.12.16 07:05:52.122,1.60589,1.60626,1.00,1.00
2014.12.16 07:05:52.223,1.60587,1.60626,1.00,1.00
2014.12.16 07:05:55.298,1.60587,1.60627,1.00,1.50
2014.12.16 07:05:57.764,1.60587,1.60626,1.00,1.00
2014.12.16 07:05:58.346,1.60587,1.60627,1.00,1.00
2014.12.16 07:05:58.749,1.6059,1.60627,1.00,1.00
2014.12.16 07:06:00.249,1.60587,1.60626,1.00,1.00
2014.12.16 07:06:00.401,1.60584,1.60627,1.00,3.00
2014.12.16 07:06:00.501,1.60582,1.60627,1.00,3.00
2014.12.16 07:06:00.602,1.6058,1.60616,1.00,1.00
2014.12.16 07:06:01.019,1.60575,1.60617,1.00,1.00
2014.12.16 07:06:04.028,1.60575,1.60622,1.00,1.00
2014.12.16 07:06:04.452,1.60577,1.60626,1.50,1.75
2014.12.16 07:06:04.503,1.60577,1.60626,1.50,1.00
2014.12.16 07:06:04.704,1.60579,1.60627,1.00,1.50
2014.12.16 07:06:05.006,1.60584,1.60627,1.00,1.00
2014.12.16 07:06:08.219,1.60584,1.60625,1.00,1.00
2014.12.16 07:06:08.320,1.60579,1.60625,1.00,1.00
2014.12.16 07:06:08.848,1.60578,1.60624,1.00,1.00
2014.12.16 07:06:09.096,1.6058,1.60626,1.00,1.50
2014.12.16 07:06:09.398,1.60591,1.60626,1.00,1.00
2014.12.16 07:06:09.908,1.60591,1.60627,1.00,1.00
2014.12.16 07:06:10.266,1.60594,1.60627,1.00,1.00
2014.12.16 07:06:10.799,1.60594,1.60626,1.00,1.00
2014.12.16 07:06:11.326,1.60594,1.60627,1.00,1.00
2014.12.16 07:06:11.906,1.60595,1.60627,1.00,1.00
2014.12.16 07:06:12.260,1.60595,1.60637,1.00,1.00
2014.12.16 07:06:12.362,1.60595,1.60627,1.00,1.00
2014.12.16 07:06:12.463,1.60595,1.60636,1.00,1.00
2014.12.16 07:06:12.614,1.60599,1.60637,1.00,1.00
2014.12.16 07:06:12.917,1.60602,1.60636,1.00,1.00
2014.12.16 07:06:13.432,1.60603,1.60636,1.00,1.00
2014.12.16 07:06:13.753,1.60606,1.60637,1.00,1.00
2014.12.16 07:06:15.428,1.60607,1.60637,1.00,1.00
2014.12.16 07:06:15.579,1.60603,1.60637,1.37,1.00
2014.12.16 07:06:15.881,1.606,1.60646,1.50,1.00
2014.12.16 07:06:15.982,1.60594,1.60636,1.75,1.00
2014.12.16 07:06:16.134,1.60594,1.60646,1.75,1.00
2014.12.16 07:06:16.234,1.60592,1.60636,1.75,1.00
2014.12.16 07:06:16.386,1.60589,1.60637,1.75,1.00
2014.12.16 07:06:16.604,1.60586,1.60637,1.12,1.00
2014.12.16 07:06:16.907,1.606,1.60636,1.00,1.00
2014.12.16 07:06:17.858,1.606,1.60645,1.00,1.75
2014.12.16 07:06:18.095,1.606,1.60636,1.00,1.00
2014.12.16 07:06:18.623,1.606,1.60637,1.00,1.00
2014.12.16 07:06:18.673,1.60598,1.60637,1.00,1.37
2014.12.16 07:06:18.925,1.60598,1.60634,1.00,1.37
2014.12.16 07:06:18.976,1.60575,1.60626,1.87,1.00
2014.12.16 07:06:19.523,1.60575,1.60626,1.37,1.37
2014.12.16 07:06:21.196,1.60571,1.60626,1.37,1.37
2014.12.16 07:06:21.807,1.60574,1.60629,1.00,1.75
2014.12.16 07:06:23.398,1.60576,1.60629,1.00,1.75
2014.12.16 07:06:23.449,1.60576,1.60631,1.37,1.37
2014.12.16 07:06:23.550,1.60579,1.60637,2.10,2.25
2014.12.16 07:06:23.600,1.60579,1.60637,2.47,1.37
2014.12.16 07:06:23.702,1.60598,1.60637,1.00,1.37
2014.12.16 07:06:24.446,1.60596,1.60636,1.00,1.12
2014.12.16 07:06:26.117,1.60596,1.60634,1.00,1.00
2014.12.16 07:06:26.536,1.60585,1.60634,1.00,1.00
2014.12.16 07:06:26.657,1.60585,1.60634,1.00,1.87
2014.12.16 07:06:26.707,1.60578,1.60634,1.00,1.75
2014.12.16 07:06:27.110,1.60593,1.60634,1.00,1.75
2014.12.16 07:06:30.537,1.60592,1.60634,1.00,2.25
2014.12.16 07:06:30.739,1.60576,1.60634,1.12,1.75
2014.12.16 07:06:31.242,1.60574,1.60629,1.12,1.37
2014.12.16 07:06:32.817,1.6058,1.60625,1.00,1.12
2014.12.16 07:06:33.138,1.6058,1.60616,1.00,1.00
2014.12.16 07:06:33.390,1.6058,1.6062,1.00,1.00
2014.12.16 07:06:34.037,1.6058,1.60623,1.00,1.00
2014.12.16 07:06:34.258,1.6058,1.60621,1.00,1.00
2014.12.16 07:06:37.556,1.6058,1.6062,1.00,1.00
2014.12.16 07:06:46.026,1.6058,1.60622,1.00,1.00
2014.12.16 07:06:48.666,1.6058,1.60621,1.00,1.00
2014.12.16 07:06:50.096,1.6058,1.60622,1.00,1.00
2014.12.16 07:06:52.446,1.6058,1.6062,1.00,1.00
2014.12.16 07:06:55.081,1.6058,1.60619,1.00,1.00
2014.12.16 07:06:58.286,1.6058,1.60621,1.00,1.50
2014.12.16 07:06:59.408,1.6058,1.60624,1.00,1.00
2014.12.16 07:07:00.196,1.6058,1.60625,1.00,1.12
2014.12.16 07:07:12.313,1.60587,1.60627,1.00,1.50
2014.12.16 07:07:12.627,1.60592,1.60636,1.00,1.87
2014.12.16 07:07:13.176,1.60595,1.60636,1.00,1.00
2014.12.16 07:07:13.483,1.60598,1.60636,1.00,1.00
2014.12.16 07:07:13.746,1.60595,1.60636,1.50,1.00
2014.12.16 07:07:14.850,1.60595,1.60626,1.00,1.00
2014.12.16 07:07:14.951,1.6059,1.60627,1.00,1.00
2014.12.16 07:07:15.002,1.60587,1.60627,1.00,1.00
2014.12.16 07:07:15.204,1.60583,1.60626,1.00,1.12
2014.12.16 07:07:15.595,1.6058,1.60626,1.00,1.12
2014.12.16 07:07:16.107,1.6058,1.60625,1.00,1.00
2014.12.16 07:07:16.714,1.6058,1.60626,1.00,1.12
2014.12.16 07:07:17.597,1.6058,1.60623,1.00,1.00
2014.12.16 07:07:17.817,1.6058,1.60626,1.00,1.12
2014.12.16 07:07:19.557,1.60582,1.60626,1.00,1.12
2014.12.16 07:07:20.060,1.60581,1.60625,1.00,1.00
2014.12.16 07:07:20.363,1.60583,1.60626,1.00,1.12
2014.12.16 07:07:20.680,1.60583,1.6062,1.00,1.00
2014.12.16 07:07:21.196,1.60584,1.60623,1.00,1.75
2014.12.16 07:07:22.874,1.60584,1.60625,1.00,1.00
2014.12.16 07:07:26.505,1.60584,1.60626,1.00,1.50
2014.12.16 07:07:27.096,1.60584,1.60627,1.00,2.25
2014.12.16 07:07:29.890,1.60584,1.60625,1.00,1.37
2014.12.16 07:07:30.041,1.60579,1.60617,1.00,1.00
2014.12.16 07:07:30.142,1.60577,1.60619,1.00,1.00
2014.12.16 07:07:30.243,1.60583,1.60617,1.00,1.00
2014.12.16 07:07:30.345,1.60583,1.60621,1.00,1.00
2014.12.16 07:07:30.446,1.60586,1.60621,1.00,1.00
2014.12.16 07:07:30.497,1.60586,1.60627,1.00,1.37
2014.12.16 07:07:30.598,1.60589,1.60626,1.00,1.00
2014.12.16 07:07:31.264,1.60587,1.60626,1.00,1.00
2014.12.16 07:07:31.365,1.60587,1.60616,1.00,1.00
2014.12.16 07:07:31.466,1.60576,1.60616,1.00,1.75
2014.12.16 07:07:31.516,1.60576,1.60615,1.00,1.75
2014.12.16 07:07:31.567,1.60566,1.60613,1.00,2.25
2014.12.16 07:07:31.689,1.60566,1.60607,1.00,1.00
2014.12.16 07:07:31.993,1.60569,1.60607,1.00,1.00
2014.12.16 07:07:32.914,1.60569,1.60613,1.00,2.25
2014.12.16 07:07:33.856,1.6057,1.60613,1.00,1.75
2014.12.16 07:07:38.258,1.60567,1.60613,1.00,1.50
2014.12.16 07:07:38.309,1.60572,1.60613,1.00,1.00
2014.12.16 07:07:38.611,1.60572,1.60606,1.00,1.00
2014.12.16 07:07:39.246,1.60574,1.60606,1.00,1.00
2014.12.16 07:07:39.829,1.60574,1.60617,1.00,1.00
2014.12.16 07:07:40.307,1.60577,1.60617,1.00,1.00
2014.12.16 07:07:40.732,1.60574,1.60617,1.50,1.00
2014.12.16 07:07:41.625,1.60574,1.60616,1.50,1.00
2014.12.16 07:07:42.175,1.60574,1.60616,1.00,1.50
2014.12.16 07:07:42.485,1.60578,1.60617,1.00,1.00
2014.12.16 07:07:42.886,1.60578,1.60622,1.00,1.50
2014.12.16 07:07:43.866,1.60578,1.60617,1.00,1.00
2014.12.16 07:07:44.450,1.60576,1.60617,1.00,1.00
2014.12.16 07:07:45.009,1.60576,1.60616,1.00,1.00
2014.12.16 07:07:45.315,1.60578,1.60616,1.00,1.00
2014.12.16 07:07:47.611,1.60578,1.60617,1.00,1.00
2014.12.16 07:07:48.413,1.60578,1.60616,1.00,1.00
2014.12.16 07:07:49.517,1.60576,1.60616,1.00,1.00
2014.12.16 07:07:49.947,1.60574,1.60617,1.50,1.00
2014.12.16 07:07:50.048,1.60572,1.60617,1.00,2.25
2014.12.16 07:07:50.149,1.60571,1.60607,1.00,1.00
2014.12.16 07:07:50.480,1.60575,1.60616,1.00,1.12
2014.12.16 07:07:50.983,1.60574,1.60619,1.00,1.60
2014.12.16 07:07:51.756,1.60577,1.60617,1.00,1.00
2014.12.16 07:07:52.058,1.60583,1.60617,1.00,1.00
2014.12.16 07:07:52.159,1.60583,1.60622,1.00,1.00
2014.12.16 07:07:52.260,1.60583,1.60625,1.00,1.00
2014.12.16 07:07:52.361,1.60581,1.60617,1.00,1.00
2014.12.16 07:07:52.668,1.60583,1.60617,1.00,1.00
2014.12.16 07:07:53.083,1.60578,1.60616,1.00,1.00
2014.12.16 07:07:53.595,1.60577,1.60616,1.00,1.00
2014.12.16 07:07:54.644,1.60575,1.60616,1.00,1.00
2014.12.16 07:07:54.897,1.60572,1.60611,1.00,1.00
2014.12.16 07:07:54.947,1.60568,1.60611,1.00,1.00
2014.12.16 07:07:55.098,1.60565,1.60606,1.00,1.00
2014.12.16 07:07:55.199,1.60562,1.60606,1.00,1.00
2014.12.16 07:07:55.682,1.6056,1.60606,1.00,1.50
2014.12.16 07:07:55.733,1.6056,1.60604,1.00,1.00
2014.12.16 07:07:56.056,1.60563,1.60604,1.00,1.00
2014.12.16 07:07:56.195,1.60561,1.60604,1.00,1.00
2014.12.16 07:07:56.547,1.60559,1.60603,1.00,1.00
2014.12.16 07:07:56.699,1.60564,1.60603,1.00,1.00
2014.12.16 07:07:56.749,1.60564,1.60606,1.00,1.00
2014.12.16 07:07:56.957,1.60569,1.60606,1.00,1.00
2014.12.16 07:07:57.261,1.60571,1.60607,1.00,1.00
2014.12.16 07:07:57.312,1.60569,1.60606,1.00,1.00
2014.12.16 07:07:57.834,1.60568,1.60607,1.00,1.00
2014.12.16 07:07:58.312,1.60566,1.60607,1.00,1.00
2014.12.16 07:07:59.376,1.60566,1.60606,1.00,1.00
2014.12.16 07:07:59.887,1.60566,1.60607,1.00,1.00
2014.12.16 07:08:09.276,1.60566,1.60606,1.00,1.00
2014.12.16 07:08:11.811,1.60564,1.60606,1.00,1.00
2014.12.16 07:08:12.446,1.60565,1.60606,1.00,1.00
2014.12.16 07:08:12.547,1.60568,1.60606,1.00,1.00
2014.12.16 07:08:12.597,1.60573,1.60617,1.00,1.50
2014.12.16 07:08:12.698,1.60576,1.60617,1.00,1.50
2014.12.16 07:08:13.455,1.60578,1.60616,1.00,1.00
2014.12.16 07:08:14.285,1.60578,1.60617,1.00,1.00
2014.12.16 07:08:18.084,1.60575,1.60616,1.00,1.00
2014.12.16 07:08:18.185,1.60572,1.60614,1.00,1.00
2014.12.16 07:08:18.236,1.60567,1.60612,1.12,1.00
2014.12.16 07:08:18.337,1.60565,1.60612,1.00,1.50
2014.12.16 07:08:18.438,1.60564,1.60608,1.00,1.00
2014.12.16 07:08:18.918,1.60564,1.60603,1.00,1.00
2014.12.16 07:08:19.019,1.60564,1.60605,1.00,1.00
2014.12.16 07:08:19.536,1.60565,1.60606,1.00,1.00
2014.12.16 07:08:20.333,1.60565,1.60605,1.00,1.00
2014.12.16 07:08:20.765,1.60565,1.60603,1.00,1.00
2014.12.16 07:08:21.067,1.60562,1.606,1.00,1.00
2014.12.16 07:08:21.218,1.60561,1.60606,1.00,1.50
2014.12.16 07:08:21.269,1.60561,1.60606,1.00,1.87
2014.12.16 07:08:21.420,1.60559,1.60602,1.00,1.00
2014.12.16 07:08:21.571,1.60557,1.60602,1.00,1.00
2014.12.16 07:08:21.882,1.6056,1.60602,1.00,1.00
2014.12.16 07:08:22.135,1.60561,1.60605,1.00,1.00
2014.12.16 07:08:22.185,1.60565,1.60606,1.00,1.00
2014.12.16 07:08:22.538,1.60571,1.60606,1.00,1.00
2014.12.16 07:08:23.072,1.60572,1.60606,1.00,1.00
2014.12.16 07:08:23.774,1.60573,1.60606,1.00,1.00
2014.12.16 07:08:32.443,1.60572,1.60606,1.00,1.00
2014.12.16 07:08:33.359,1.60573,1.60606,1.00,1.00
2014.12.16 07:08:33.871,1.60572,1.60606,1.00,1.00
2014.12.16 07:08:37.166,1.60571,1.60606,1.00,1.00
2014.12.16 07:08:37.995,1.60572,1.60606,1.00,1.00
2014.12.16 07:08:44.882,1.60573,1.60606,1.00,1.00
2014.12.16 07:08:51.365,1.60573,1.6061,1.00,1.00
2014.12.16 07:08:52.709,1.60573,1.60606,1.00,1.00
2014.12.16 07:08:53.768,1.60566,1.60606,1.00,1.00
2014.12.16 07:08:53.869,1.60566,1.60604,1.00,1.00
2014.12.16 07:08:54.020,1.60562,1.60602,1.00,1.00
2014.12.16 07:08:54.240,1.60565,1.60602,1.00,1.00
2014.12.16 07:08:54.759,1.60564,1.60602,1.00,1.00
2014.12.16 07:08:55.086,1.60561,1.60601,1.00,1.00
2014.12.16 07:08:55.414,1.60559,1.60601,1.00,1.00
2014.12.16 07:08:56.823,1.6056,1.60604,1.00,1.00
2014.12.16 07:08:56.924,1.60569,1.60606,1.00,1.00
2014.12.16 07:08:57.025,1.60574,1.60614,1.00,1.00
2014.12.16 07:08:57.126,1.60574,1.60616,1.00,1.00
2014.12.16 07:08:57.327,1.6058,1.60618,1.00,1.00
2014.12.16 07:08:57.378,1.60585,1.60626,1.00,1.00
2014.12.16 07:08:57.479,1.60582,1.60627,1.00,1.87
2014.12.16 07:08:57.580,1.60585,1.60627,1.00,1.87
2014.12.16 07:08:57.885,1.60588,1.60626,1.00,1.00
2014.12.16 07:08:58.367,1.60589,1.6062,1.00,1.00
2014.12.16 07:08:58.417,1.60569,1.60614,1.00,1.50
2014.12.16 07:08:58.468,1.60567,1.60611,1.00,1.00
2014.12.16 07:08:58.785,1.60563,1.60607,1.50,1.87
2014.12.16 07:08:59.087,1.60558,1.60597,1.00,1.00
2014.12.16 07:08:59.404,1.60555,1.60597,1.50,1.00
2014.12.16 07:09:01.987,1.60554,1.60597,1.00,1.00
2014.12.16 07:09:02.583,1.60554,1.60596,1.00,1.00
2014.12.16 07:09:02.954,1.60555,1.60596,1.00,1.37
2014.12.16 07:09:03.105,1.6055,1.60595,1.00,1.37
2014.12.16 07:09:03.156,1.6055,1.60586,1.00,1.00
2014.12.16 07:09:03.407,1.60545,1.60586,1.00,1.00
2014.12.16 07:09:03.904,1.60545,1.60588,1.00,1.00
2014.12.16 07:09:04.260,1.60545,1.60587,1.00,1.37
2014.12.16 07:09:04.361,1.60543,1.60584,1.00,1.00
2014.12.16 07:09:04.462,1.60539,1.60584,1.00,1.50
2014.12.16 07:09:04.613,1.60541,1.60584,1.00,1.50
2014.12.16 07:09:04.764,1.60539,1.60584,1.00,1.50
2014.12.16 07:09:05.083,1.6054,1.60586,1.00,2.25
2014.12.16 07:09:05.134,1.6054,1.60584,1.00,1.00
2014.12.16 07:09:05.446,1.60543,1.60584,1.00,1.00
2014.12.16 07:09:05.961,1.6054,1.60585,1.00,1.00
2014.12.16 07:09:06.012,1.6054,1.60583,1.00,1.00
2014.12.16 07:09:06.163,1.60535,1.6058,1.00,1.00
2014.12.16 07:09:06.214,1.60535,1.60577,1.00,1.00
2014.12.16 07:09:14.174,1.60539,1.60576,1.00,1.00
2014.12.16 07:09:14.285,1.60539,1.60583,1.00,1.12
2014.12.16 07:09:15.113,1.60538,1.60581,1.00,1.00
2014.12.16 07:09:15.315,1.60533,1.6058,1.00,1.50
2014.12.16 07:09:15.466,1.60533,1.60567,1.00,1.00
2014.12.16 07:09:16.115,1.60533,1.60577,1.00,1.00
2014.12.16 07:09:16.553,1.60533,1.60566,1.00,1.00
2014.12.16 07:09:19.123,1.60532,1.60566,1.00,1.00
2014.12.16 07:09:25.830,1.60532,1.60576,1.00,1.00
2014.12.16 07:09:25.931,1.60533,1.60566,1.00,1.00
2014.12.16 07:09:26.234,1.60534,1.60572,1.00,1.00
2014.12.16 07:09:26.285,1.60531,1.60572,1.00,1.37
2014.12.16 07:09:26.386,1.60522,1.60571,1.00,1.12
2014.12.16 07:09:26.437,1.60516,1.60571,1.50,1.12
2014.12.16 07:09:27.043,1.60519,1.60568,1.00,1.00
2014.12.16 07:09:27.385,1.60519,1.60566,1.00,1.00
2014.12.16 07:09:27.687,1.60521,1.60566,1.00,1.00
2014.12.16 07:09:27.990,1.60534,1.60577,1.00,1.00
2014.12.16 07:09:28.292,1.60532,1.60567,1.00,1.00
2014.12.16 07:09:28.740,1.60528,1.60567,1.00,1.00
2014.12.16 07:09:29.147,1.60532,1.60567,1.00,1.00
2014.12.16 07:09:29.348,1.60532,1.60577,1.00,1.50
2014.12.16 07:09:29.856,1.60532,1.60576,1.50,1.00
2014.12.16 07:09:30.795,1.60533,1.60567,1.60,1.00
2014.12.16 07:09:30.997,1.60537,1.60576,1.00,1.00
2014.12.16 07:09:31.249,1.60534,1.60577,1.00,1.00
2014.12.16 07:09:31.836,1.60536,1.60577,1.00,1.50
2014.12.16 07:09:32.379,1.60535,1.60576,1.00,1.00
2014.12.16 07:09:33.171,1.60541,1.60576,1.00,1.00
2014.12.16 07:09:33.272,1.60539,1.60576,1.00,1.00
2014.12.16 07:09:33.373,1.6054,1.60586,1.00,1.50
2014.12.16 07:09:34.274,1.60544,1.60586,1.00,1.00
2014.12.16 07:09:34.576,1.60547,1.60586,1.00,1.00
2014.12.16 07:09:34.627,1.60545,1.60586,1.00,1.00
2014.12.16 07:09:34.727,1.60545,1.60588,1.00,1.00
2014.12.16 07:09:35.273,1.60545,1.60587,1.00,1.00
2014.12.16 07:09:36.902,1.60545,1.60588,1.00,1.00
2014.12.16 07:09:38.474,1.60545,1.60589,1.00,1.50
2014.12.16 07:09:38.999,1.60544,1.60589,1.00,1.00
2014.12.16 07:09:39.764,1.60542,1.60589,1.50,1.00
2014.12.16 07:09:39.965,1.60544,1.60589,1.00,1.00
2014.12.16 07:09:40.853,1.60543,1.60589,1.00,1.12
2014.12.16 07:09:41.210,1.60543,1.60586,1.00,1.00
2014.12.16 07:09:43.263,1.60543,1.60586,1.00,1.75
2014.12.16 07:09:44.143,1.60541,1.60587,1.00,2.25
2014.12.16 07:09:44.194,1.60541,1.60576,1.00,1.00
2014.12.16 07:09:44.498,1.60541,1.60566,1.00,1.00
2014.12.16 07:09:44.813,1.60543,1.60566,1.00,1.00
2014.12.16 07:09:44.863,1.60543,1.60577,1.00,1.00
2014.12.16 07:09:45.390,1.60544,1.60577,1.00,1.00
2014.12.16 07:09:45.749,1.60543,1.60577,1.00,1.75
2014.12.16 07:09:45.800,1.60539,1.60577,1.60,1.75
2014.12.16 07:09:45.900,1.60542,1.60578,1.00,1.12
2014.12.16 07:09:45.951,1.60542,1.60576,1.00,1.00
2014.12.16 07:09:46.002,1.60532,1.60576,1.00,1.00
2014.12.16 07:09:46.052,1.60532,1.60573,1.00,1.00
2014.12.16 07:09:46.354,1.60514,1.60566,1.00,1.00
2014.12.16 07:09:46.405,1.60514,1.60568,1.00,1.00
2014.12.16 07:09:46.506,1.60513,1.60566,1.00,1.00
2014.12.16 07:09:47.054,1.60513,1.60568,1.00,1.00
2014.12.16 07:09:47.625,1.60513,1.60567,1.00,1.00
2014.12.16 07:09:48.591,1.60513,1.60568,1.00,1.00
2014.12.16 07:09:48.692,1.60513,1.60566,1.50,1.00
2014.12.16 07:09:48.995,1.6052,1.60563,1.00,1.00
2014.12.16 07:09:49.297,1.60516,1.60557,1.00,1.00
2014.12.16 07:09:49.829,1.60516,1.60556,1.00,1.00
2014.12.16 07:09:50.362,1.60516,1.60557,1.00,1.12
2014.12.16 07:09:50.984,1.60516,1.60556,1.00,1.00
2014.12.16 07:09:51.287,1.60502,1.60546,1.00,1.12
2014.12.16 07:09:51.639,1.605,1.60546,1.00,1.12
2014.12.16 07:09:53.158,1.60497,1.60547,1.50,1.50
2014.12.16 07:09:53.209,1.60497,1.60541,1.00,1.00
2014.12.16 07:09:53.410,1.60486,1.60537,1.50,1.75
2014.12.16 07:09:53.615,1.60483,1.60535,1.50,2.25
2014.12.16 07:09:53.716,1.60485,1.60535,1.00,1.75
2014.12.16 07:09:53.923,1.60483,1.60533,1.00,1.12
2014.12.16 07:09:53.974,1.60483,1.60531,1.00,1.00
2014.12.16 07:09:54.024,1.6048,1.60531,1.00,1.00
2014.12.16 07:09:54.075,1.60482,1.60532,1.00,1.50
2014.12.16 07:09:54.377,1.60486,1.60533,1.00,1.00
2014.12.16 07:09:54.579,1.60494,1.60543,1.00,1.00
2014.12.16 07:09:54.630,1.60498,1.60543,1.00,1.00
2014.12.16 07:09:54.730,1.60496,1.60543,1.00,1.00
2014.12.16 07:09:54.932,1.60496,1.60545,1.00,1.00
2014.12.16 07:09:54.982,1.60492,1.6054,1.00,1.00
2014.12.16 07:09:55.595,1.60494,1.60542,1.00,1.00
2014.12.16 07:09:56.186,1.60495,1.60543,1.00,1.50
2014.12.16 07:09:57.031,1.60495,1.60537,1.00,1.00
2014.12.16 07:09:59.701,1.60492,1.60537,1.00,1.00
2014.12.16 07:10:00.573,1.60491,1.6054,1.00,1.00
2014.12.16 07:10:01.552,1.60491,1.60536,1.00,1.00
2014.12.16 07:10:01.839,1.60499,1.60547,1.00,1.12
2014.12.16 07:10:01.890,1.60502,1.60546,1.00,1.00
2014.12.16 07:10:02.245,1.60501,1.60551,1.00,1.00
2014.12.16 07:10:02.764,1.60501,1.60552,1.00,1.00
2014.12.16 07:10:03.524,1.60501,1.60547,1.00,1.00
2014.12.16 07:10:04.067,1.60501,1.60546,1.00,1.00
2014.12.16 07:10:06.263,1.60502,1.60546,1.00,1.00
2014.12.16 07:10:06.789,1.60501,1.60546,1.00,1.00
2014.12.16 07:10:07.736,1.605,1.60552,1.50,1.50
2014.12.16 07:10:07.787,1.60504,1.60552,1.00,1.00
2014.12.16 07:10:08.089,1.60508,1.60547,1.00,1.00
2014.12.16 07:10:08.240,1.60505,1.60546,1.00,1.00
2014.12.16 07:10:08.442,1.60483,1.60546,2.17,1.00
2014.12.16 07:10:08.492,1.60483,1.60536,1.87,1.00
2014.12.16 07:10:08.805,1.60483,1.60547,1.87,1.00
2014.12.16 07:10:09.352,1.60484,1.60546,1.00,1.00
2014.12.16 07:10:09.402,1.60484,1.6054,1.00,1.00
2014.12.16 07:10:09.503,1.6048,1.60539,1.00,1.00
2014.12.16 07:10:09.554,1.60477,1.60539,1.37,1.00
2014.12.16 07:10:09.715,1.60483,1.60539,1.00,1.00
2014.12.16 07:10:09.920,1.60476,1.60536,1.37,1.00
2014.12.16 07:10:10.586,1.60484,1.60539,1.00,1.00
2014.12.16 07:10:11.140,1.60484,1.60547,1.12,1.00
2014.12.16 07:10:11.883,1.60484,1.60546,1.50,1.00
2014.12.16 07:10:12.876,1.60485,1.60546,1.00,1.00
2014.12.16 07:10:12.977,1.60488,1.60546,1.00,1.00
2014.12.16 07:10:14.306,1.60488,1.60547,1.00,1.50
2014.12.16 07:10:14.608,1.60495,1.60547,1.00,1.50
2014.12.16 07:10:14.911,1.60498,1.60537,1.00,1.00
2014.12.16 07:10:14.961,1.60482,1.60537,1.87,1.00
2014.12.16 07:10:15.012,1.60482,1.60527,1.12,1.00
2014.12.16 07:10:15.375,1.60494,1.60527,1.00,1.00
2014.12.16 07:10:15.426,1.60494,1.60536,1.00,1.00
2014.12.16 07:10:15.941,1.60494,1.60537,1.00,1.00
2014.12.16 07:10:16.267,1.6048,1.60537,1.75,1.00
2014.12.16 07:10:16.367,1.60477,1.60537,1.00,1.00
2014.12.16 07:10:16.518,1.60473,1.60537,1.37,2.62
2014.12.16 07:10:16.569,1.60473,1.60537,1.00,3.00
2014.12.16 07:10:16.771,1.60473,1.60533,1.00,1.00
2014.12.16 07:10:17.073,1.60474,1.60531,1.00,1.50
2014.12.16 07:10:17.439,1.60474,1.60527,1.00,1.00
2014.12.16 07:10:17.883,1.60475,1.60523,1.00,1.00
2014.12.16 07:10:18.408,1.60475,1.60524,1.50,1.00
2014.12.16 07:10:18.723,1.60475,1.6052,1.00,1.00
2014.12.16 07:10:18.864,1.60475,1.60523,1.00,1.00
2014.12.16 07:10:19.534,1.60478,1.60526,1.00,1.00
2014.12.16 07:10:22.732,1.60476,1.60524,1.00,1.00
2014.12.16 07:10:24.812,1.60477,1.60526,1.37,1.50
2014.12.16 07:10:25.165,1.60482,1.60526,1.00,1.00
2014.12.16 07:10:25.417,1.6048,1.60526,1.00,1.00
2014.12.16 07:10:25.467,1.6048,1.60524,1.00,1.00
2014.12.16 07:10:25.828,1.6048,1.60522,1.00,1.00
2014.12.16 07:10:26.029,1.6048,1.60526,1.00,2.25
2014.12.16 07:10:26.382,1.60478,1.60526,1.50,1.50
2014.12.16 07:10:26.432,1.60481,1.60526,1.00,1.50
2014.12.16 07:10:26.734,1.60483,1.60527,1.00,1.00
2014.12.16 07:10:26.785,1.60483,1.60529,1.00,1.50
2014.12.16 07:10:26.886,1.60481,1.60526,1.00,1.50
2014.12.16 07:10:27.217,1.60479,1.60516,1.50,1.00
2014.12.16 07:10:28.761,1.60477,1.60516,1.00,1.00
2014.12.16 07:10:28.893,1.60479,1.60516,1.00,1.00
2014.12.16 07:10:29.116,1.60475,1.60516,1.00,1.00
2014.12.16 07:10:30.103,1.60479,1.60516,1.00,1.00
2014.12.16 07:10:30.695,1.60479,1.60517,1.00,1.00
2014.12.16 07:10:31.200,1.6048,1.60517,1.00,1.00
2014.12.16 07:10:35.985,1.6048,1.60516,1.00,1.00
2014.12.16 07:10:36.893,1.60478,1.60516,1.00,1.00
2014.12.16 07:10:37.845,1.60478,1.60517,1.00,1.00
2014.12.16 07:10:37.895,1.60481,1.60517,1.00,1.00
2014.12.16 07:10:38.198,1.60497,1.60526,1.00,1.00
2014.12.16 07:10:40.217,1.60494,1.60526,1.00,1.00
2014.12.16 07:10:40.268,1.60489,1.60527,1.00,1.00
2014.12.16 07:10:40.369,1.60486,1.60527,1.50,1.00
2014.12.16 07:10:40.470,1.60485,1.60532,1.00,1.00
2014.12.16 07:10:40.520,1.60485,1.60527,1.00,1.00
2014.12.16 07:10:40.873,1.60482,1.60527,1.00,1.00
2014.12.16 07:10:40.923,1.60485,1.60527,1.00,1.00
2014.12.16 07:10:41.024,1.60481,1.60527,1.00,1.00
2014.12.16 07:10:41.125,1.60483,1.60527,1.00,1.00
2014.12.16 07:10:41.230,1.6048,1.60526,1.00,1.00
2014.12.16 07:10:41.584,1.60482,1.60525,1.00,1.00
2014.12.16 07:10:41.907,1.60477,1.60516,1.00,1.00
2014.12.16 07:10:45.403,1.60475,1.60516,1.00,1.00
2014.12.16 07:10:46.162,1.60475,1.60517,1.00,1.00
2014.12.16 07:10:46.414,1.60472,1.60517,1.00,1.00
2014.12.16 07:10:46.515,1.60468,1.60516,1.00,1.00
2014.12.16 07:10:46.566,1.60468,1.60507,1.00,1.00
2014.12.16 07:10:46.667,1.60468,1.60516,1.00,1.00
2014.12.16 07:10:46.768,1.60468,1.60506,1.00,1.00
2014.12.16 07:10:47.726,1.60465,1.60506,1.00,1.00
2014.12.16 07:10:48.388,1.60464,1.60507,1.00,1.00
2014.12.16 07:10:49.164,1.60462,1.60507,1.00,1.00
2014.12.16 07:10:49.366,1.60459,1.60507,1.00,1.00
2014.12.16 07:10:49.417,1.60461,1.60507,1.00,1.00
2014.12.16 07:10:49.720,1.60473,1.60506,1.00,1.00
2014.12.16 07:10:49.820,1.60471,1.60507,1.00,1.00
2014.12.16 07:10:50.155,1.60468,1.60507,1.50,1.00
2014.12.16 07:10:50.306,1.6047,1.60506,1.37,1.00
2014.12.16 07:10:50.609,1.60479,1.60516,1.00,1.00
2014.12.16 07:10:50.760,1.60485,1.60516,1.00,1.00
2014.12.16 07:10:51.198,1.60483,1.60516,1.00,1.00
2014.12.16 07:10:52.053,1.60482,1.60516,1.00,1.00
2014.12.16 07:10:52.384,1.6048,1.60516,1.00,1.00
2014.12.16 07:10:53.155,1.60479,1.60516,1.00,1.00
2014.12.16 07:10:54.725,1.60478,1.60516,1.12,1.00
2014.12.16 07:10:55.246,1.60479,1.60516,1.00,1.00
2014.12.16 07:10:55.513,1.60481,1.60517,1.00,1.00
2014.12.16 07:10:55.664,1.60476,1.60516,1.00,1.00
2014.12.16 07:10:57.316,1.60478,1.60516,1.00,1.00
2014.12.16 07:10:59.592,1.60475,1.60516,1.00,1.00
2014.12.16 07:10:59.844,1.60472,1.60517,1.00,1.50
2014.12.16 07:10:59.945,1.6047,1.60517,1.00,1.50
2014.12.16 07:11:01.402,1.6047,1.60516,1.00,1.00
2014.12.16 07:11:02.422,1.60473,1.60516,1.00,1.00
2014.12.16 07:11:02.725,1.60475,1.60516,1.00,1.00
2014.12.16 07:11:03.175,1.60478,1.60517,1.00,1.00
2014.12.16 07:11:04.039,1.60478,1.60516,1.00,1.00
2014.12.16 07:11:04.191,1.60474,1.60515,1.00,1.00
2014.12.16 07:11:04.241,1.60474,1.60512,1.00,1.35
2014.12.16 07:11:04.556,1.60465,1.60506,1.00,1.00
2014.12.16 07:11:04.708,1.60467,1.60506,1.00,1.00
2014.12.16 07:11:04.809,1.60467,1.60512,1.50,1.00
2014.12.16 07:11:04.960,1.60471,1.60512,1.00,1.00
2014.12.16 07:11:05.373,1.60469,1.60511,1.00,1.00
2014.12.16 07:11:05.474,1.6047,1.60507,1.00,1.00
2014.12.16 07:11:05.786,1.6047,1.60512,1.00,1.00
2014.12.16 07:11:05.939,1.60473,1.60512,1.00,1.00
2014.12.16 07:11:06.091,1.60473,1.60514,1.50,1.00
2014.12.16 07:11:06.192,1.6047,1.60512,2.25,1.00
2014.12.16 07:11:06.293,1.60468,1.60512,1.00,1.00
2014.12.16 07:11:06.343,1.60468,1.60506,1.00,1.00
2014.12.16 07:11:06.696,1.6047,1.60506,1.00,1.00
2014.12.16 07:11:06.893,1.6047,1.60512,1.00,1.00
2014.12.16 07:11:07.365,1.60468,1.60512,1.00,1.00
2014.12.16 07:11:07.466,1.60468,1.60507,1.00,1.00
2014.12.16 07:11:07.566,1.60466,1.60507,1.00,1.00
2014.12.16 07:11:07.768,1.60465,1.60505,1.00,1.00
2014.12.16 07:11:07.919,1.60463,1.60505,1.00,1.00
2014.12.16 07:11:10.422,1.60461,1.60505,1.12,1.00
2014.12.16 07:11:10.955,1.60461,1.60502,1.00,1.00
2014.12.16 07:11:11.006,1.60457,1.60502,1.00,1.00
2014.12.16 07:11:11.157,1.60456,1.605,1.00,1.00
2014.12.16 07:11:11.514,1.60458,1.605,1.00,1.00
2014.12.16 07:11:13.956,1.60458,1.60498,1.00,1.00
2014.12.16 07:11:14.298,1.6046,1.60498,1.00,1.00
2014.12.16 07:11:15.113,1.6046,1.60497,1.00,1.00
2014.12.16 07:11:15.214,1.60457,1.60497,1.00,1.50
2014.12.16 07:11:16.318,1.60456,1.60497,1.00,1.00
2014.12.16 07:11:16.419,1.60452,1.60497,1.00,1.00
2014.12.16 07:11:16.620,1.60454,1.60497,1.00,1.00
2014.12.16 07:11:16.671,1.60454,1.60499,1.50,1.00
2014.12.16 07:11:16.772,1.60456,1.60501,1.00,1.00
2014.12.16 07:11:16.953,1.60452,1.60499,1.00,1.00
2014.12.16 07:11:17.105,1.60456,1.60501,1.00,1.00
2014.12.16 07:11:17.442,1.60451,1.60496,1.50,1.00
2014.12.16 07:11:18.548,1.60449,1.60495,1.00,1.00
2014.12.16 07:11:18.912,1.60451,1.60495,1.00,1.00
2014.12.16 07:11:19.201,1.60451,1.60497,1.00,1.00
2014.12.16 07:11:20.013,1.6045,1.60492,1.00,1.00
2014.12.16 07:11:21.056,1.60451,1.60493,1.00,1.00
2014.12.16 07:11:21.442,1.60451,1.60491,1.00,1.00
2014.12.16 07:11:21.552,1.60451,1.60494,1.00,1.00
2014.12.16 07:11:22.653,1.60451,1.60495,1.00,1.00
2014.12.16 07:11:28.078,1.60451,1.60496,1.00,1.00
2014.12.16 07:11:28.179,1.60453,1.60496,1.00,1.00
2014.12.16 07:11:28.230,1.60453,1.605,1.50,1.00
2014.12.16 07:11:28.432,1.60456,1.60501,1.00,1.00
2014.12.16 07:11:28.734,1.6046,1.60502,1.00,1.00
2014.12.16 07:11:29.037,1.6046,1.60505,1.00,1.50
2014.12.16 07:11:29.315,1.60462,1.60505,1.00,1.00
2014.12.16 07:11:29.617,1.60462,1.60497,1.00,1.00
2014.12.16 07:11:29.724,1.60458,1.60497,1.00,1.00
2014.12.16 07:11:30.929,1.60458,1.60496,1.00,1.00
2014.12.16 07:11:30.980,1.6046,1.60496,1.00,1.00
2014.12.16 07:11:31.081,1.60457,1.60496,1.00,1.00
2014.12.16 07:11:32.161,1.60454,1.60492,1.00,1.00
2014.12.16 07:11:32.363,1.60454,1.60495,1.00,1.00
2014.12.16 07:11:32.414,1.60452,1.60495,1.00,1.00
2014.12.16 07:11:32.616,1.60455,1.60495,1.00,1.00
2014.12.16 07:11:32.918,1.60453,1.60493,1.00,1.00
2014.12.16 07:11:33.019,1.60453,1.60497,1.00,1.00
2014.12.16 07:11:33.120,1.60451,1.60496,1.00,1.50
2014.12.16 07:11:33.220,1.6045,1.6049,1.00,1.00
2014.12.16 07:11:33.472,1.60446,1.60487,1.00,1.00
2014.12.16 07:11:33.724,1.60443,1.60487,1.00,1.00
2014.12.16 07:11:33.876,1.60443,1.60489,1.00,1.50
2014.12.16 07:11:34.584,1.60445,1.6049,1.00,1.00
2014.12.16 07:11:34.685,1.60446,1.60492,1.00,1.00
2014.12.16 07:11:34.991,1.60445,1.6049,1.87,1.00
2014.12.16 07:11:35.042,1.60447,1.60492,1.00,1.00
2014.12.16 07:11:35.254,1.60449,1.60494,1.00,1.50
2014.12.16 07:11:36.305,1.60449,1.6049,1.00,1.00
2014.12.16 07:11:36.406,1.60449,1.60494,1.00,1.00
2014.12.16 07:11:36.457,1.60449,1.60496,1.00,1.50
2014.12.16 07:11:36.558,1.6045,1.60487,1.00,1.00
2014.12.16 07:11:36.911,1.60443,1.60485,1.00,1.00
2014.12.16 07:11:36.962,1.6044,1.60466,1.00,1.00
2014.12.16 07:11:37.214,1.60436,1.60467,1.00,1.00
2014.12.16 07:11:37.315,1.60438,1.60474,1.00,1.00
2014.12.16 07:11:37.416,1.60438,1.60467,1.00,1.00
2014.12.16 07:11:37.466,1.60433,1.60466,1.00,1.00
2014.12.16 07:11:37.517,1.60433,1.60464,1.00,1.00
2014.12.16 07:11:37.567,1.60427,1.60464,1.00,1.00
2014.12.16 07:11:37.676,1.60424,1.60464,1.00,1.00
2014.12.16 07:11:37.727,1.60424,1.60466,1.00,1.00
2014.12.16 07:11:38.097,1.60425,1.60464,1.00,1.00
2014.12.16 07:11:38.199,1.60425,1.60466,1.00,1.50
2014.12.16 07:11:38.969,1.60422,1.60464,1.00,1.00
2014.12.16 07:11:39.273,1.60421,1.60466,1.00,1.50
2014.12.16 07:11:39.323,1.60423,1.60466,1.00,1.50
2014.12.16 07:11:40.300,1.60423,1.60467,1.00,1.50
2014.12.16 07:11:40.552,1.60423,1.6047,1.00,1.50
2014.12.16 07:11:40.603,1.60423,1.60463,1.00,1.00
2014.12.16 07:11:41.056,1.6042,1.60464,1.00,1.00
2014.12.16 07:11:41.287,1.60417,1.60465,1.00,1.00
2014.12.16 07:11:41.489,1.60418,1.60462,1.00,1.00
2014.12.16 07:11:41.842,1.60425,1.60463,1.00,1.00
2014.12.16 07:11:41.943,1.60425,1.60473,1.00,2.25
2014.12.16 07:11:42.044,1.6043,1.60476,1.00,1.00
2014.12.16 07:11:42.144,1.6043,1.60473,1.00,1.00
2014.12.16 07:11:42.485,1.60426,1.6047,1.00,1.00
2014.12.16 07:11:42.637,1.6043,1.6047,1.00,1.00
2014.12.16 07:11:42.688,1.6043,1.60475,1.00,1.00
2014.12.16 07:11:42.839,1.60432,1.60475,1.00,1.00
2014.12.16 07:11:43.242,1.60431,1.60473,1.00,1.00
2014.12.16 07:11:43.393,1.60429,1.60473,1.00,1.00
2014.12.16 07:11:43.444,1.60429,1.60475,1.00,1.00
2014.12.16 07:11:43.494,1.60436,1.60475,1.00,1.00
2014.12.16 07:11:43.697,1.60429,1.60471,1.00,1.00
2014.12.16 07:11:43.798,1.60429,1.60474,1.00,1.00
2014.12.16 07:11:43.849,1.60427,1.60474,1.00,1.00
2014.12.16 07:11:44.153,1.60432,1.60477,1.00,1.00
2014.12.16 07:11:44.253,1.60434,1.60482,1.00,1.50
2014.12.16 07:11:44.355,1.60437,1.60482,1.00,1.00
2014.12.16 07:11:44.657,1.60437,1.6047,1.00,1.00
2014.12.16 07:11:44.708,1.60434,1.6047,1.00,1.00
2014.12.16 07:11:44.809,1.6043,1.60466,1.00,1.00
2014.12.16 07:11:45.061,1.60427,1.60465,1.00,1.00
2014.12.16 07:11:45.162,1.60424,1.60465,1.00,1.00
2014.12.16 07:11:45.665,1.60425,1.60465,1.00,1.00
2014.12.16 07:11:45.917,1.6042,1.60465,1.75,1.00
2014.12.16 07:11:46.068,1.60418,1.60465,1.00,1.00
2014.12.16 07:11:46.119,1.60418,1.6046,1.00,1.00
2014.12.16 07:11:46.431,1.60418,1.60462,1.00,1.00
2014.12.16 07:11:46.791,1.60418,1.60466,1.00,1.50
2014.12.16 07:11:47.044,1.60421,1.60467,1.00,1.60
2014.12.16 07:11:47.144,1.60422,1.60466,1.00,1.00
2014.12.16 07:11:47.245,1.60424,1.60456,1.00,1.00
2014.12.16 07:11:47.346,1.60437,1.60477,1.00,1.50
2014.12.16 07:11:47.447,1.60434,1.60476,1.00,1.00
2014.12.16 07:11:47.548,1.60439,1.60481,1.00,1.37
2014.12.16 07:11:47.599,1.60439,1.60486,1.00,1.00
2014.12.16 07:11:47.700,1.60443,1.60486,1.00,1.00
2014.12.16 07:11:47.801,1.60436,1.60486,1.00,1.00
2014.12.16 07:11:47.852,1.60442,1.60486,1.00,1.00
2014.12.16 07:11:47.953,1.6044,1.60486,1.00,1.00
2014.12.16 07:11:48.104,1.60437,1.60477,1.00,1.00
2014.12.16 07:11:48.312,1.60436,1.60485,1.00,1.00
2014.12.16 07:11:48.763,1.60435,1.60481,1.00,1.00
2014.12.16 07:11:49.066,1.60432,1.60476,1.00,1.00
2014.12.16 07:11:49.116,1.60434,1.6048,1.00,1.00
2014.12.16 07:11:49.719,1.60434,1.60481,1.00,1.00
2014.12.16 07:11:49.950,1.60434,1.60479,1.00,1.00
2014.12.16 07:11:50.160,1.60434,1.60481,1.00,1.00
2014.12.16 07:11:50.313,1.60434,1.60476,1.00,1.00
2014.12.16 07:11:50.593,1.60424,1.60476,1.00,1.00
2014.12.16 07:11:50.693,1.60423,1.60486,1.00,2.25
2014.12.16 07:11:50.744,1.60423,1.60477,1.00,1.00
2014.12.16 07:11:51.050,1.60432,1.60477,1.00,1.00
2014.12.16 07:11:51.573,1.60433,1.60477,1.00,1.00
2014.12.16 07:11:51.624,1.60433,1.6048,1.00,1.00
2014.12.16 07:11:52.132,1.60432,1.6048,1.00,1.00
2014.12.16 07:11:55.876,1.6043,1.60478,1.00,1.00
2014.12.16 07:11:56.027,1.60433,1.60483,1.00,1.00
2014.12.16 07:11:56.229,1.60431,1.6048,1.87,1.00
2014.12.16 07:11:56.581,1.60433,1.60483,1.00,1.00
2014.12.16 07:11:56.976,1.60431,1.60477,1.12,1.00
2014.12.16 07:11:57.127,1.60429,1.60477,1.00,1.00
2014.12.16 07:11:57.228,1.60426,1.60466,1.00,1.00
2014.12.16 07:11:57.379,1.60423,1.60464,1.00,1.00
2014.12.16 07:11:57.782,1.60423,1.60466,1.50,1.00
2014.12.16 07:11:58.204,1.60426,1.60466,1.00,1.00
2014.12.16 07:11:58.305,1.60424,1.60466,1.00,1.00
2014.12.16 07:11:59.083,1.60424,1.60469,1.50,1.00
2014.12.16 07:12:00.171,1.60424,1.6047,1.00,1.00
2014.12.16 07:12:00.272,1.60443,1.60476,1.00,1.00
2014.12.16 07:12:00.373,1.60439,1.60476,1.12,1.00
2014.12.16 07:12:00.424,1.60439,1.60486,1.12,1.00
2014.12.16 07:12:00.474,1.60439,1.60486,2.25,1.00
2014.12.16 07:12:00.777,1.60452,1.60486,1.00,1.00
2014.12.16 07:12:00.877,1.60452,1.60496,1.00,1.00
2014.12.16 07:12:00.978,1.60446,1.60495,1.50,1.00
2014.12.16 07:12:01.130,1.60444,1.60495,1.67,1.00
2014.12.16 07:12:01.281,1.60444,1.60492,1.12,1.00
2014.12.16 07:12:01.583,1.60455,1.60496,1.00,1.00
2014.12.16 07:12:02.093,1.60456,1.60496,1.12,1.00
2014.12.16 07:12:02.684,1.60458,1.60496,1.00,1.00
2014.12.16 07:12:03.247,1.60459,1.60496,1.00,1.00
2014.12.16 07:12:03.348,1.60454,1.60496,1.00,1.00
2014.12.16 07:12:04.127,1.60458,1.60496,1.00,1.00
2014.12.16 07:12:04.661,1.60453,1.60496,1.50,1.00
2014.12.16 07:12:06.234,1.60462,1.60496,1.00,1.00
2014.12.16 07:12:06.335,1.60457,1.60496,1.00,1.00
2014.12.16 07:12:06.436,1.6046,1.60506,1.00,1.00
2014.12.16 07:12:06.704,1.6046,1.6051,1.00,1.00
2014.12.16 07:12:06.755,1.60463,1.60512,1.00,1.00
2014.12.16 07:12:07.268,1.60464,1.60512,1.00,1.00
2014.12.16 07:12:07.419,1.60458,1.60516,1.12,1.00
2014.12.16 07:12:07.829,1.60463,1.60523,1.00,2.25
2014.12.16 07:12:08.881,1.60464,1.60523,1.00,1.75
2014.12.16 07:12:08.932,1.60464,1.60523,1.37,1.37
2014.12.16 07:12:08.982,1.60466,1.60526,1.50,1.00
2014.12.16 07:12:09.133,1.6047,1.60526,1.50,1.00
2014.12.16 07:12:09.235,1.60475,1.60529,1.12,1.00
2014.12.16 07:12:09.436,1.6048,1.60529,1.00,1.00
2014.12.16 07:12:10.182,1.60484,1.60533,1.00,1.00
2014.12.16 07:12:10.284,1.60484,1.60535,1.00,1.00
2014.12.16 07:12:10.391,1.60484,1.60533,1.00,1.00
2014.12.16 07:12:10.643,1.60481,1.60532,1.12,1.00
2014.12.16 07:12:11.189,1.60484,1.60532,1.00,1.00
2014.12.16 07:12:12.502,1.60486,1.60532,1.00,1.00
2014.12.16 07:12:13.030,1.60486,1.60531,1.00,1.00
2014.12.16 07:12:14.151,1.60485,1.60531,1.00,1.00
2014.12.16 07:12:14.341,1.60483,1.60531,1.00,1.00
2014.12.16 07:12:14.442,1.60483,1.60534,1.00,1.00
2014.12.16 07:12:14.561,1.60486,1.60534,1.00,1.00
2014.12.16 07:12:14.891,1.60484,1.60533,1.00,1.00
2014.12.16 07:12:15.351,1.60481,1.60521,1.12,1.00
2014.12.16 07:12:15.654,1.60473,1.60512,1.00,1.00
2014.12.16 07:12:16.144,1.60473,1.60514,1.00,1.00
2014.12.16 07:12:16.547,1.60474,1.60509,1.00,1.00
2014.12.16 07:12:16.598,1.60471,1.60509,1.00,1.00
2014.12.16 07:12:16.699,1.60465,1.60509,1.00,1.00
2014.12.16 07:12:16.800,1.60464,1.60502,1.00,1.00
2014.12.16 07:12:17.111,1.60457,1.60508,1.00,1.00
2014.12.16 07:12:17.674,1.60456,1.60508,1.00,1.00
2014.12.16 07:12:20.123,1.60456,1.60508,1.37,1.00
2014.12.16 07:12:20.425,1.60471,1.6051,1.00,1.00
2014.12.16 07:12:20.728,1.60471,1.60507,1.00,1.00
2014.12.16 07:12:20.980,1.60472,1.6051,1.00,1.00
2014.12.16 07:12:21.084,1.60472,1.60508,1.00,1.00
2014.12.16 07:12:21.635,1.60472,1.60511,1.00,1.00
2014.12.16 07:12:21.971,1.60472,1.60513,1.00,1.00
2014.12.16 07:12:22.516,1.60472,1.60514,1.00,1.00
2014.12.16 07:12:22.971,1.60476,1.60515,1.00,1.00
2014.12.16 07:12:23.290,1.60479,1.60517,1.00,1.00
2014.12.16 07:12:23.740,1.60466,1.60506,1.00,1.00
2014.12.16 07:12:24.042,1.60464,1.60506,1.00,1.00
2014.12.16 07:12:24.244,1.60463,1.60498,1.00,1.00
2014.12.16 07:12:24.294,1.60456,1.60498,1.72,1.00
2014.12.16 07:12:24.395,1.60456,1.60498,1.12,1.00
2014.12.16 07:12:24.496,1.60456,1.60504,1.00,1.00
2014.12.16 07:12:24.612,1.60456,1.60496,1.00,1.00
2014.12.16 07:12:24.814,1.60451,1.60495,1.12,1.00
2014.12.16 07:12:24.915,1.60453,1.60496,1.00,1.00
2014.12.16 07:12:25.167,1.60457,1.60501,1.00,1.00
2014.12.16 07:12:25.419,1.60457,1.60497,1.12,1.00
2014.12.16 07:12:25.722,1.60456,1.60493,1.37,1.00
2014.12.16 07:12:25.822,1.60456,1.60495,1.37,1.00
2014.12.16 07:12:26.471,1.60456,1.60497,1.37,1.50
2014.12.16 07:12:26.572,1.6046,1.60497,1.00,1.50
2014.12.16 07:12:26.823,1.6046,1.60502,1.00,1.00
2014.12.16 07:12:27.025,1.6046,1.605,1.00,1.00
2014.12.16 07:12:27.480,1.6046,1.60504,1.00,1.00
2014.12.16 07:12:27.682,1.60455,1.60504,2.25,1.00
2014.12.16 07:12:27.984,1.60455,1.60502,1.50,1.00
2014.12.16 07:12:30.404,1.60455,1.60501,1.50,1.00
2014.12.16 07:12:30.707,1.60451,1.60496,1.00,1.00
2014.12.16 07:12:30.959,1.6045,1.60492,1.00,1.00
2014.12.16 07:12:31.010,1.60444,1.60492,1.50,1.00
2014.12.16 07:12:31.312,1.60443,1.6049,1.75,1.00
2014.12.16 07:12:31.413,1.6044,1.60487,1.12,1.00
2014.12.16 07:12:31.463,1.6044,1.60477,1.12,1.00
2014.12.16 07:12:33.414,1.60443,1.60476,1.00,1.00
2014.12.16 07:12:33.717,1.60446,1.60477,1.50,1.00
2014.12.16 07:12:33.768,1.60446,1.60487,1.50,1.00
2014.12.16 07:12:33.868,1.60446,1.60477,1.50,1.00
2014.12.16 07:12:34.441,1.60447,1.60477,1.00,1.00
2014.12.16 07:12:35.021,1.60448,1.60477,1.00,1.00
2014.12.16 07:12:36.010,1.60447,1.60477,1.00,1.00
2014.12.16 07:12:37.774,1.6045,1.60477,1.00,1.00
2014.12.16 07:12:38.342,1.6045,1.60476,1.00,1.00
2014.12.16 07:12:38.548,1.60448,1.60486,1.50,1.00
2014.12.16 07:12:38.778,1.60452,1.60486,1.00,1.00
2014.12.16 07:12:39.177,1.60452,1.60477,1.00,1.00
2014.12.16 07:12:39.228,1.60452,1.60486,1.00,1.00
2014.12.16 07:12:39.437,1.6045,1.60477,1.35,1.00
2014.12.16 07:12:40.082,1.6045,1.60487,1.35,1.00
2014.12.16 07:12:40.133,1.60454,1.60487,1.00,1.00
2014.12.16 07:12:40.334,1.60454,1.60495,1.00,1.00
2014.12.16 07:12:40.435,1.60457,1.60495,1.00,1.00
2014.12.16 07:12:40.536,1.60461,1.605,1.00,1.00
2014.12.16 07:12:40.637,1.60461,1.60503,1.00,1.00
2014.12.16 07:12:40.740,1.60461,1.60505,1.00,1.00
2014.12.16 07:12:41.950,1.60461,1.60506,1.00,1.50
2014.12.16 07:12:50.252,1.60461,1.60506,1.60,1.00
2014.12.16 07:12:50.658,1.60461,1.6051,1.72,1.00
2014.12.16 07:12:50.759,1.60464,1.60514,1.12,1.00
2014.12.16 07:12:53.503,1.60466,1.60515,1.00,1.00
2014.12.16 07:12:53.846,1.60469,1.60515,1.12,1.00
2014.12.16 07:12:54.180,1.60468,1.60517,1.50,1.00
2014.12.16 07:12:54.281,1.60473,1.60517,1.00,1.50
2014.12.16 07:12:55.393,1.60479,1.60517,1.00,1.00
2014.12.16 07:12:55.695,1.60484,1.60507,1.37,1.00
2014.12.16 07:12:55.746,1.60486,1.60517,1.75,1.00
2014.12.16 07:12:55.810,1.60486,1.60526,1.75,1.00
2014.12.16 07:12:56.314,1.6049,1.60527,1.12,1.00
2014.12.16 07:12:56.829,1.60489,1.60527,1.00,1.00
2014.12.16 07:12:58.781,1.60487,1.60527,1.00,1.00
2014.12.16 07:12:58.933,1.60479,1.60526,1.75,1.00
2014.12.16 07:12:59.084,1.60474,1.60526,1.75,1.00
2014.12.16 07:13:01.091,1.60472,1.60527,1.75,1.00
2014.12.16 07:13:03.855,1.60478,1.60526,1.75,1.00
2014.12.16 07:13:04.164,1.60488,1.60526,1.00,1.00
2014.12.16 07:13:07.291,1.60489,1.60526,1.00,1.00
2014.12.16 07:13:08.148,1.6049,1.60526,1.00,1.00
2014.12.16 07:13:10.770,1.60489,1.60526,1.00,1.00
2014.12.16 07:13:11.076,1.60491,1.60526,1.00,1.00
2014.12.16 07:13:11.233,1.60489,1.60526,1.00,1.00
2014.12.16 07:13:11.691,1.60477,1.60526,1.00,1.00
2014.12.16 07:13:11.792,1.60477,1.60516,1.00,1.00
2014.12.16 07:13:11.893,1.60477,1.60526,1.00,1.00
2014.12.16 07:13:11.980,1.60479,1.60526,1.00,1.00
2014.12.16 07:13:14.113,1.6048,1.60526,1.00,1.00
2014.12.16 07:13:14.950,1.6048,1.60527,1.00,1.00
2014.12.16 07:13:15.988,1.60479,1.60527,1.75,1.00
2014.12.16 07:13:16.979,1.60481,1.60526,1.12,1.00
2014.12.16 07:13:17.281,1.60489,1.60526,1.00,1.00
2014.12.16 07:13:21.492,1.60484,1.60525,1.00,1.00
2014.12.16 07:13:21.593,1.60484,1.60522,1.00,1.00
2014.12.16 07:13:21.895,1.6048,1.60527,1.60,1.00
2014.12.16 07:13:21.946,1.6048,1.60525,1.00,1.00
2014.12.16 07:13:22.047,1.6048,1.60523,1.00,1.00
2014.12.16 07:13:22.148,1.60479,1.60526,1.00,1.00
2014.12.16 07:13:22.249,1.60479,1.60524,1.12,1.00
2014.12.16 07:13:22.588,1.60479,1.60522,1.12,1.00
2014.12.16 07:13:23.217,1.60483,1.60522,1.00,1.00
2014.12.16 07:13:23.368,1.60477,1.60525,1.37,1.00
2014.12.16 07:13:23.419,1.60477,1.60525,1.00,1.00
2014.12.16 07:13:25.551,1.60478,1.60526,1.00,1.50
2014.12.16 07:13:26.290,1.60478,1.60527,1.50,1.50
2014.12.16 07:13:26.441,1.60478,1.60525,1.00,1.00
2014.12.16 07:13:29.198,1.60477,1.60525,1.50,1.00
2014.12.16 07:13:29.706,1.60477,1.60524,1.50,1.00
2014.12.16 07:13:31.185,1.60485,1.60527,1.00,1.50
2014.12.16 07:13:31.488,1.60497,1.60536,1.00,1.00
2014.12.16 07:13:31.790,1.60502,1.60536,1.00,1.00
2014.12.16 07:13:32.185,1.60506,1.60536,1.00,1.00
2014.12.16 07:13:32.508,1.60503,1.60536,1.00,1.00
2014.12.16 07:13:32.559,1.60503,1.60544,1.12,1.00
2014.12.16 07:13:32.610,1.60506,1.60544,1.00,1.00
2014.12.16 07:13:32.712,1.60507,1.60546,1.00,1.50
2014.12.16 07:13:32.816,1.60512,1.60546,1.00,1.50
2014.12.16 07:13:32.917,1.60505,1.60559,1.00,1.00
2014.12.16 07:13:33.018,1.60509,1.60556,1.00,1.00
2014.12.16 07:13:33.119,1.60518,1.60566,1.00,1.50
2014.12.16 07:13:33.220,1.60522,1.60567,1.00,1.00
2014.12.16 07:13:33.523,1.60531,1.60567,1.00,1.00
2014.12.16 07:13:33.674,1.60525,1.60577,1.12,1.00
2014.12.16 07:13:33.774,1.60525,1.60566,1.00,1.00
2014.12.16 07:13:33.926,1.60522,1.60566,1.35,1.00
2014.12.16 07:13:35.191,1.60522,1.60567,1.35,1.00
2014.12.16 07:13:41.900,1.60522,1.60577,1.35,1.00
2014.12.16 07:13:47.761,1.60523,1.60577,1.00,1.00
2014.12.16 07:13:47.862,1.60526,1.60577,1.12,1.00
2014.12.16 07:13:47.963,1.60526,1.60587,1.12,1.12
2014.12.16 07:13:48.014,1.60528,1.60587,1.00,1.12
2014.12.16 07:13:48.316,1.60531,1.60586,1.00,1.00
2014.12.16 07:13:48.945,1.60531,1.60587,1.00,1.12
2014.12.16 07:13:49.247,1.60537,1.60576,1.00,1.00
2014.12.16 07:13:49.820,1.60537,1.60577,1.00,1.00
2014.12.16 07:13:49.871,1.60534,1.60577,1.50,1.00
2014.12.16 07:13:50.490,1.60534,1.60576,1.50,1.00
2014.12.16 07:13:50.743,1.60536,1.60577,1.00,1.00
2014.12.16 07:13:50.844,1.60526,1.60576,1.00,1.00
2014.12.16 07:13:51.671,1.60532,1.60576,1.12,1.00
2014.12.16 07:13:51.823,1.60545,1.60587,1.37,1.00
2014.12.16 07:13:52.075,1.6054,1.60586,1.12,1.00
2014.12.16 07:13:52.317,1.60539,1.60577,1.75,1.00
2014.12.16 07:13:52.368,1.60539,1.60587,1.75,1.00
2014.12.16 07:13:52.957,1.6054,1.60587,1.12,1.00
2014.12.16 07:13:53.058,1.6054,1.60587,2.05,1.00
2014.12.16 07:13:53.571,1.60548,1.60586,1.00,1.00
2014.12.16 07:13:53.795,1.60549,1.60597,1.00,1.00
2014.12.16 07:13:53.947,1.60542,1.60597,1.35,1.00
2014.12.16 07:13:54.560,1.60542,1.60596,1.35,1.00
2014.12.16 07:13:56.760,1.60541,1.60596,1.60,1.00
2014.12.16 07:13:57.236,1.60541,1.606,1.60,1.00
2014.12.16 07:13:57.560,1.60541,1.60597,1.60,1.00
2014.12.16 07:13:58.089,1.60541,1.60596,1.60,1.00
2014.12.16 07:13:58.814,1.60541,1.60597,1.60,1.00
2014.12.16 07:14:00.298,1.60539,1.60597,1.30,1.37
2014.12.16 07:14:00.449,1.60536,1.60596,1.60,1.75
2014.12.16 07:14:00.701,1.60536,1.60596,2.47,1.75
2014.12.16 07:14:01.007,1.60539,1.60587,1.00,1.00
2014.12.16 07:14:01.309,1.60541,1.60596,1.00,1.00
2014.12.16 07:14:01.479,1.60541,1.60586,1.00,1.00
2014.12.16 07:14:02.138,1.60541,1.60597,1.00,1.00
2014.12.16 07:14:02.688,1.60541,1.60596,1.00,1.00
2014.12.16 07:14:02.940,1.60543,1.60596,1.00,1.00
2014.12.16 07:14:03.170,1.60541,1.60596,1.00,1.00
2014.12.16 07:14:03.901,1.60541,1.60602,1.75,1.75
2014.12.16 07:14:04.219,1.60547,1.60587,1.37,1.00
2014.12.16 07:14:05.110,1.60545,1.60593,1.37,1.00
2014.12.16 07:14:05.581,1.60545,1.60593,1.50,1.00
2014.12.16 07:14:06.098,1.60545,1.60586,1.50,1.00
2014.12.16 07:14:06.418,1.60545,1.60586,1.75,1.00
2014.12.16 07:14:06.469,1.60549,1.60596,1.50,1.00
2014.12.16 07:14:06.912,1.60547,1.60592,1.72,1.00
2014.12.16 07:14:07.396,1.60546,1.60587,1.97,1.00
2014.12.16 07:14:08.354,1.60546,1.60587,1.72,1.00
2014.12.16 07:14:09.660,1.60547,1.60586,1.30,1.00
2014.12.16 07:14:10.761,1.60544,1.60587,2.10,1.00
2014.12.16 07:14:10.862,1.60547,1.60587,1.30,1.00
2014.12.16 07:14:10.963,1.60545,1.60589,1.37,1.00
2014.12.16 07:14:11.536,1.60545,1.6059,1.37,1.00
2014.12.16 07:14:12.335,1.60545,1.6059,1.00,1.00
2014.12.16 07:14:15.959,1.60551,1.60591,2.10,1.00
2014.12.16 07:14:16.060,1.60548,1.60589,1.50,1.00
2014.12.16 07:14:16.161,1.60549,1.60594,1.00,1.00
2014.12.16 07:14:16.212,1.60545,1.60594,1.00,1.00
2014.12.16 07:14:16.262,1.60536,1.60586,1.60,1.00
2014.12.16 07:14:16.565,1.60546,1.60586,1.00,1.00
2014.12.16 07:14:17.081,1.60536,1.60587,1.35,1.00
2014.12.16 07:14:17.434,1.60535,1.60577,2.10,1.00
2014.12.16 07:14:17.990,1.60535,1.60587,2.10,1.12
2014.12.16 07:14:18.041,1.60535,1.60583,2.10,1.00
2014.12.16 07:14:18.242,1.6052,1.60576,2.47,1.00
2014.12.16 07:14:18.343,1.6052,1.60584,2.47,1.75
2014.12.16 07:14:18.394,1.60534,1.60584,1.00,2.25
2014.12.16 07:14:18.921,1.60534,1.60585,1.60,2.25
2014.12.16 07:14:20.358,1.60534,1.60587,1.60,2.25
2014.12.16 07:14:20.409,1.60534,1.60587,1.60,1.50
2014.12.16 07:14:21.109,1.60534,1.60584,1.60,1.00
2014.12.16 07:14:21.563,1.60524,1.60578,2.10,1.75
2014.12.16 07:14:22.801,1.60524,1.60576,2.10,1.00
2014.12.16 07:14:22.952,1.60531,1.60583,1.60,1.50
2014.12.16 07:14:24.821,1.6053,1.60585,2.85,1.00
2014.12.16 07:14:25.130,1.6053,1.60587,3.60,1.00
2014.12.16 07:14:25.659,1.6053,1.60586,3.60,1.00
2014.12.16 07:14:26.936,1.60538,1.60587,1.60,1.00
2014.12.16 07:14:28.456,1.60538,1.60586,1.60,1.00
2014.12.16 07:14:30.848,1.60538,1.60587,1.60,1.00
2014.12.16 07:14:30.899,1.60541,1.60587,2.10,1.00
2014.12.16 07:14:31.101,1.60541,1.60595,2.85,1.75
2014.12.16 07:14:31.202,1.60541,1.60597,1.60,2.25
2014.12.16 07:14:31.479,1.60544,1.60586,1.00,1.00
2014.12.16 07:14:31.803,1.60542,1.60584,1.00,1.00
2014.12.16 07:14:32.384,1.60542,1.60583,1.00,1.00
2014.12.16 07:14:32.861,1.60545,1.60583,1.00,1.00
2014.12.16 07:14:33.150,1.60545,1.60585,1.00,1.00
2014.12.16 07:14:34.700,1.60546,1.60585,1.00,1.00
2014.12.16 07:14:37.487,1.60546,1.60586,1.00,1.00
2014.12.16 07:14:37.588,1.60548,1.6059,1.00,1.00
2014.12.16 07:14:37.689,1.60548,1.60595,1.00,1.50
2014.12.16 07:14:37.939,1.60552,1.60595,1.00,1.00
2014.12.16 07:14:38.360,1.60548,1.60595,1.00,1.00
2014.12.16 07:14:38.663,1.60551,1.60594,1.00,1.00
2014.12.16 07:14:38.714,1.60551,1.60596,1.00,1.00
2014.12.16 07:14:38.916,1.60553,1.60596,1.00,1.00
2014.12.16 07:14:39.426,1.60554,1.60597,1.00,1.00
2014.12.16 07:14:39.659,1.60554,1.60599,1.00,1.00
2014.12.16 07:14:40.518,1.60552,1.60599,1.00,1.00
2014.12.16 07:14:41.850,1.60549,1.60598,1.50,1.00
2014.12.16 07:14:41.951,1.60551,1.60599,1.00,1.00
2014.12.16 07:14:43.617,1.60552,1.60599,1.00,1.00
2014.12.16 07:14:52.298,1.60552,1.60596,1.00,1.00
2014.12.16 07:14:53.673,1.6055,1.60596,1.00,1.00
2014.12.16 07:14:53.874,1.60557,1.60596,1.00,1.00
2014.12.16 07:14:54.177,1.60561,1.60596,1.00,1.00
2014.12.16 07:14:54.277,1.60561,1.60606,1.00,1.50
2014.12.16 07:14:54.507,1.60559,1.60606,1.50,1.50
2014.12.16 07:15:00.482,1.60558,1.60605,1.00,1.00
2014.12.16 07:15:00.683,1.60556,1.60605,1.50,1.00
2014.12.16 07:15:00.734,1.60556,1.60601,1.00,1.00
2014.12.16 07:15:01.635,1.60555,1.60601,1.00,1.00
2014.12.16 07:15:02.180,1.60555,1.60602,1.50,1.00
2014.12.16 07:15:02.484,1.60555,1.60602,1.50,2.25
2014.12.16 07:15:05.490,1.60556,1.60602,1.00,1.75
2014.12.16 07:15:05.591,1.60557,1.60604,1.00,1.37
2014.12.16 07:15:05.642,1.60557,1.60604,1.00,1.00
2014.12.16 07:15:06.669,1.60558,1.60604,1.00,1.00
2014.12.16 07:15:07.249,1.60556,1.60604,1.50,1.00
2014.12.16 07:15:07.910,1.60559,1.60604,1.00,1.00
2014.12.16 07:15:08.411,1.60559,1.60605,1.00,1.12
2014.12.16 07:15:08.823,1.60557,1.60605,1.00,1.12
2014.12.16 07:15:09.132,1.60559,1.60605,1.00,1.12
2014.12.16 07:15:09.283,1.60559,1.60607,1.50,1.00
2014.12.16 07:15:09.450,1.60561,1.60607,1.00,1.00
2014.12.16 07:15:10.441,1.6056,1.60607,1.00,1.00
2014.12.16 07:15:10.492,1.60562,1.60611,1.00,1.12
2014.12.16 07:15:10.647,1.60563,1.60606,1.00,1.00
2014.12.16 07:15:10.989,1.60565,1.60606,1.00,1.00
2014.12.16 07:15:12.999,1.60562,1.60606,1.00,1.00
2014.12.16 07:15:13.790,1.60562,1.60609,1.00,1.00
2014.12.16 07:15:16.380,1.60564,1.60609,1.00,1.00
2014.12.16 07:15:17.590,1.60563,1.60609,1.00,1.00
2014.12.16 07:15:21.218,1.60564,1.60609,1.00,1.00
2014.12.16 07:15:21.454,1.6056,1.60609,1.50,1.00
2014.12.16 07:15:21.557,1.60562,1.60609,1.00,1.00
2014.12.16 07:15:22.099,1.60564,1.60609,1.00,1.00
2014.12.16 07:15:24.519,1.60566,1.60609,1.00,1.00
2014.12.16 07:15:26.870,1.60563,1.60609,1.00,1.00
2014.12.16 07:15:29.189,1.60563,1.60609,1.60,1.00
2014.12.16 07:15:29.491,1.60568,1.60607,1.00,1.00
2014.12.16 07:15:29.907,1.60566,1.60607,1.00,1.00
2014.12.16 07:15:30.742,1.60566,1.60606,1.00,1.00
2014.12.16 07:15:32.563,1.60566,1.60611,1.00,1.37
2014.12.16 07:15:35.054,1.60568,1.60612,1.00,1.50
2014.12.16 07:15:35.545,1.60568,1.60606,1.00,1.00
2014.12.16 07:15:36.371,1.60567,1.60606,1.00,1.00
2014.12.16 07:15:37.814,1.60566,1.60606,1.50,1.00
2014.12.16 07:15:48.988,1.60568,1.60606,1.00,1.00
2014.12.16 07:15:49.559,1.60567,1.60606,1.00,1.00
2014.12.16 07:15:51.602,1.60569,1.60614,1.50,1.12
2014.12.16 07:15:51.653,1.60571,1.60614,2.10,1.12
2014.12.16 07:15:51.804,1.60574,1.60616,1.60,1.00
2014.12.16 07:15:52.056,1.60575,1.60622,1.60,1.75
2014.12.16 07:15:52.107,1.60578,1.60623,1.00,2.25
2014.12.16 07:15:52.157,1.60578,1.60623,1.00,1.00
2014.12.16 07:15:52.258,1.60578,1.60617,1.50,1.00
2014.12.16 07:15:52.560,1.60581,1.60616,1.00,1.00
2014.12.16 07:15:53.129,1.60581,1.60617,1.00,1.00
2014.12.16 07:15:54.560,1.60581,1.60616,1.00,1.00
2014.12.16 07:15:55.148,1.6058,1.60616,1.50,1.00
2014.12.16 07:15:55.680,1.60583,1.60616,2.10,1.00
2014.12.16 07:15:55.894,1.60587,1.60626,1.60,1.00
2014.12.16 07:15:55.946,1.60588,1.60626,1.60,1.00
2014.12.16 07:15:56.098,1.60585,1.60624,1.60,1.00
2014.12.16 07:15:56.249,1.60579,1.60623,1.60,1.12
2014.12.16 07:15:56.350,1.60579,1.60616,1.60,1.00
2014.12.16 07:16:02.286,1.60587,1.60616,2.10,1.00
2014.12.16 07:16:02.438,1.60583,1.60617,1.00,1.00
2014.12.16 07:16:02.539,1.60589,1.60617,2.10,1.00
2014.12.16 07:16:02.942,1.60589,1.60616,1.60,1.00
2014.12.16 07:16:03.043,1.60589,1.60627,1.60,1.00
2014.12.16 07:16:04.299,1.60591,1.60627,1.00,1.00
2014.12.16 07:16:04.659,1.60593,1.60627,1.00,1.00
2014.12.16 07:16:04.810,1.60598,1.60636,1.00,1.00
2014.12.16 07:16:04.861,1.60595,1.60636,1.00,1.00
2014.12.16 07:16:04.912,1.60592,1.60636,1.00,1.50
2014.12.16 07:16:04.962,1.60588,1.60632,1.37,1.00
2014.12.16 07:16:05.264,1.60582,1.60616,1.00,1.00
2014.12.16 07:16:05.424,1.60568,1.60616,1.00,1.00
2014.12.16 07:16:06.109,1.60568,1.60617,1.00,1.00
2014.12.16 07:16:06.289,1.60564,1.60617,1.30,1.12
2014.12.16 07:16:07.145,1.60562,1.60617,2.10,1.12
2014.12.16 07:16:07.447,1.60559,1.60612,1.60,1.50
2014.12.16 07:16:07.498,1.60559,1.60612,1.35,1.50
2014.12.16 07:16:07.649,1.60559,1.60607,1.35,1.00
2014.12.16 07:16:08.160,1.60555,1.6061,1.60,1.75
2014.12.16 07:16:15.805,1.60562,1.6061,1.00,1.37
2014.12.16 07:16:15.856,1.60562,1.60612,1.00,1.00
2014.12.16 07:16:15.957,1.60563,1.60616,1.50,1.00
2014.12.16 07:16:16.057,1.60563,1.60618,1.50,1.00
2014.12.16 07:16:18.125,1.60573,1.60618,2.10,1.00
2014.12.16 07:16:18.327,1.60577,1.60629,1.60,1.50
2014.12.16 07:16:18.428,1.60581,1.60637,1.60,2.25
2014.12.16 07:16:18.580,1.60582,1.60636,2.10,2.25
2014.12.16 07:16:18.630,1.60589,1.60636,1.60,1.00
2014.12.16 07:16:18.681,1.60589,1.60626,1.60,1.00
2014.12.16 07:16:18.782,1.6059,1.60626,1.00,1.00
2014.12.16 07:16:18.933,1.60576,1.60626,1.50,1.00
2014.12.16 07:16:19.561,1.60576,1.60627,3.60,1.00
2014.12.16 07:16:19.864,1.60588,1.60632,1.00,1.00
2014.12.16 07:16:19.914,1.60586,1.60629,1.00,1.00
2014.12.16 07:16:20.339,1.60585,1.60627,1.00,1.00
2014.12.16 07:16:21.012,1.60587,1.60627,1.00,1.00
2014.12.16 07:16:21.576,1.60585,1.60627,1.00,1.00
2014.12.16 07:16:21.627,1.60585,1.60633,1.00,1.50
2014.12.16 07:16:21.677,1.60582,1.60628,1.00,1.00
2014.12.16 07:16:21.980,1.60588,1.60623,1.00,1.00
2014.12.16 07:16:22.081,1.60588,1.6063,1.00,1.00
2014.12.16 07:16:22.710,1.60588,1.60631,1.00,1.00
2014.12.16 07:16:23.398,1.60588,1.60629,1.00,1.00
2014.12.16 07:16:23.628,1.60588,1.60636,1.00,1.87
2014.12.16 07:16:23.679,1.60584,1.60632,1.35,1.00
2014.12.16 07:16:23.729,1.60584,1.60632,1.35,2.25
2014.12.16 07:16:23.880,1.60582,1.6063,1.00,1.50
2014.12.16 07:16:23.931,1.60582,1.60624,1.00,1.00
2014.12.16 07:16:23.982,1.60566,1.60624,1.00,1.00
2014.12.16 07:16:24.560,1.60564,1.60624,2.47,1.00
2014.12.16 07:16:25.919,1.60564,1.60617,1.72,1.00
2014.12.16 07:16:26.222,1.6057,1.60618,1.00,1.12
2014.12.16 07:16:26.541,1.6057,1.60606,1.00,1.00
2014.12.16 07:16:27.506,1.60568,1.60606,1.00,1.00
2014.12.16 07:16:27.607,1.6057,1.60606,1.00,1.00
2014.12.16 07:16:31.145,1.60573,1.60606,1.50,1.00
2014.12.16 07:16:31.347,1.60574,1.60617,1.35,1.00
2014.12.16 07:16:31.650,1.60572,1.60617,1.00,1.00
2014.12.16 07:16:31.751,1.60572,1.60607,1.00,1.00
2014.12.16 07:16:32.464,1.60571,1.60606,1.00,1.00
2014.12.16 07:16:32.838,1.60571,1.60616,1.00,1.00
2014.12.16 07:16:33.317,1.60575,1.60616,1.00,1.00
2014.12.16 07:16:33.828,1.60575,1.60607,1.00,1.00
2014.12.16 07:16:33.979,1.60575,1.60617,1.00,1.50
2014.12.16 07:16:36.578,1.60575,1.60606,1.00,1.00
2014.12.16 07:16:39.438,1.60575,1.60616,1.00,1.00
2014.12.16 07:16:39.668,1.60574,1.60607,1.00,1.00
2014.12.16 07:16:39.820,1.6057,1.60607,1.00,1.00
2014.12.16 07:16:39.948,1.60573,1.60607,1.00,1.00
2014.12.16 07:16:40.325,1.60573,1.60617,1.00,1.00
2014.12.16 07:16:40.476,1.60576,1.60617,1.00,1.00
2014.12.16 07:16:40.837,1.60574,1.60617,1.00,1.00
2014.12.16 07:16:40.888,1.60574,1.60622,1.12,1.00
2014.12.16 07:16:40.989,1.6057,1.60617,2.10,1.00
2014.12.16 07:16:41.994,1.60574,1.60617,1.37,1.00
2014.12.16 07:16:42.246,1.60578,1.60626,1.75,1.00
2014.12.16 07:16:42.296,1.60581,1.60626,1.12,1.00
2014.12.16 07:16:42.447,1.60581,1.60636,1.12,1.50
2014.12.16 07:16:43.617,1.60581,1.60627,1.12,1.00
2014.12.16 07:16:47.296,1.60579,1.60627,1.75,1.00
2014.12.16 07:16:48.498,1.60581,1.60627,1.12,1.00
2014.12.16 07:16:48.678,1.60581,1.60637,1.12,1.75
2014.12.16 07:16:48.898,1.60578,1.60627,2.62,1.00
2014.12.16 07:16:50.503,1.60581,1.60627,1.12,1.00
2014.12.16 07:16:55.657,1.60583,1.60636,1.75,1.37
2014.12.16 07:16:55.708,1.60585,1.60636,1.75,1.00
2014.12.16 07:16:55.859,1.60588,1.60646,1.87,2.25
2014.12.16 07:16:56.010,1.60592,1.60646,1.12,1.00
2014.12.16 07:16:56.162,1.60592,1.60636,1.12,1.00
2014.12.16 07:16:56.828,1.6059,1.60647,1.87,1.12
2014.12.16 07:16:56.929,1.6059,1.60636,1.87,1.00
2014.12.16 07:16:57.031,1.60587,1.60636,1.12,1.00
2014.12.16 07:16:57.554,1.60587,1.60637,1.12,1.00
2014.12.16 07:16:58.688,1.60587,1.60636,1.12,1.00
2014.12.16 07:16:59.193,1.60583,1.60636,2.47,1.12
2014.12.16 07:16:59.244,1.60583,1.60636,2.10,1.12
2014.12.16 07:16:59.345,1.60586,1.60636,1.12,1.00
2014.12.16 07:17:00.890,1.60585,1.60637,1.12,1.00
2014.12.16 07:17:00.941,1.60583,1.60637,1.72,1.12
2014.12.16 07:17:01.158,1.60583,1.60637,2.10,1.12
2014.12.16 07:17:01.461,1.60589,1.60643,1.00,1.00
2014.12.16 07:17:01.713,1.60589,1.60645,1.97,1.37
2014.12.16 07:17:01.764,1.6059,1.60645,1.35,1.00
2014.12.16 07:17:01.915,1.6059,1.60647,1.67,1.50
2014.12.16 07:17:02.025,1.60598,1.60647,1.00,1.50
2014.12.16 07:17:02.227,1.60598,1.60651,1.00,1.00
2014.12.16 07:17:02.429,1.60597,1.60646,1.00,1.00
2014.12.16 07:17:02.885,1.60596,1.60651,1.00,1.00
2014.12.16 07:17:02.985,1.60596,1.60646,1.00,1.00
2014.12.16 07:17:03.500,1.60596,1.60647,1.00,1.00
2014.12.16 07:17:03.909,1.60597,1.60636,1.00,1.00
2014.12.16 07:17:04.848,1.60597,1.60626,1.00,1.00
2014.12.16 07:17:05.100,1.60597,1.60636,1.00,1.00
2014.12.16 07:17:05.327,1.60595,1.60636,1.00,1.00
2014.12.16 07:17:05.547,1.60592,1.60637,1.12,1.00
2014.12.16 07:17:06.056,1.60592,1.60636,1.12,1.50
2014.12.16 07:17:06.106,1.60597,1.60636,1.00,1.00
2014.12.16 07:17:06.410,1.60606,1.60647,1.60,1.00
2014.12.16 07:17:06.511,1.60606,1.60651,2.10,1.00
2014.12.16 07:17:06.612,1.60608,1.60654,1.35,1.50
2014.12.16 07:17:06.662,1.60606,1.60649,2.10,1.00
2014.12.16 07:17:06.914,1.606,1.60646,1.00,1.00
2014.12.16 07:17:07.015,1.606,1.60643,1.00,1.00
2014.12.16 07:17:07.230,1.606,1.60646,1.00,1.50
2014.12.16 07:17:09.199,1.60598,1.60644,1.50,1.00
2014.12.16 07:17:09.653,1.60597,1.60638,1.00,1.00
2014.12.16 07:17:09.804,1.60583,1.60629,1.35,1.00
2014.12.16 07:17:09.955,1.60587,1.60632,1.00,1.37
2014.12.16 07:17:10.207,1.60577,1.60635,1.72,1.75
2014.12.16 07:17:10.514,1.60577,1.60635,1.35,1.75
2014.12.16 07:17:11.684,1.60576,1.60635,2.10,1.75
2014.12.16 07:17:15.144,1.60578,1.60635,2.47,1.75
2014.12.16 07:17:15.346,1.60593,1.60646,1.60,1.00
2014.12.16 07:17:15.447,1.60594,1.60647,1.37,1.00
2014.12.16 07:17:15.750,1.60594,1.60642,1.00,1.50
2014.12.16 07:17:16.002,1.60591,1.6064,1.00,1.50
2014.12.16 07:17:16.153,1.60587,1.60645,1.72,1.37
2014.12.16 07:17:16.204,1.60584,1.60645,2.85,2.25
2014.12.16 07:17:16.480,1.60589,1.6065,1.75,1.75
2014.12.16 07:17:16.898,1.60587,1.60642,1.37,1.00
2014.12.16 07:17:17.206,1.60587,1.60642,1.00,1.00
2014.12.16 07:17:18.161,1.60587,1.60642,1.37,1.00
2014.12.16 07:17:18.367,1.60592,1.60646,1.12,1.87
2014.12.16 07:17:18.418,1.60592,1.60647,1.50,1.50
2014.12.16 07:17:18.771,1.60589,1.60646,1.87,1.50
2014.12.16 07:17:18.821,1.60589,1.60645,1.00,1.75
2014.12.16 07:17:19.174,1.60585,1.6064,1.37,1.37
2014.12.16 07:17:19.426,1.60581,1.60639,1.35,2.25
2014.12.16 07:17:19.577,1.60578,1.60634,1.97,1.37
2014.12.16 07:17:20.172,1.60577,1.60635,1.37,1.87
2014.12.16 07:17:20.273,1.60578,1.60636,1.75,1.50
2014.12.16 07:17:20.575,1.60581,1.60637,1.75,1.37
2014.12.16 07:17:20.878,1.60592,1.6064,1.12,1.00
2014.12.16 07:17:20.979,1.60592,1.60642,1.12,1.50
2014.12.16 07:17:21.414,1.60591,1.60646,1.37,1.50
2014.12.16 07:17:22.019,1.60586,1.60644,1.75,1.75
2014.12.16 07:17:22.171,1.60584,1.60644,2.25,1.75
2014.12.16 07:17:22.422,1.60588,1.60638,1.00,1.00
2014.12.16 07:17:22.903,1.60589,1.6064,1.00,1.12
2014.12.16 07:17:22.954,1.60583,1.60644,1.75,1.75
2014.12.16 07:17:24.002,1.60589,1.6065,1.75,3.37
2014.12.16 07:17:27.067,1.60594,1.6065,1.00,1.75
2014.12.16 07:17:32.017,1.6059,1.60646,1.75,1.12
2014.12.16 07:17:33.128,1.60594,1.6065,1.00,2.25
2014.12.16 07:17:38.197,1.60594,1.6065,1.37,1.37
2014.12.16 07:17:38.247,1.60594,1.60653,2.25,1.87
2014.12.16 07:17:41.652,1.60597,1.60655,1.12,1.75
2014.12.16 07:17:41.753,1.60601,1.60656,1.37,1.12
2014.12.16 07:17:43.885,1.60603,1.60656,1.00,1.50
2014.12.16 07:17:43.986,1.60597,1.60652,1.37,1.00
2014.12.16 07:17:44.087,1.60597,1.60652,1.00,1.00
2014.12.16 07:17:44.677,1.60595,1.60651,1.37,1.37
2014.12.16 07:17:44.780,1.60595,1.6065,1.00,1.75
2014.12.16 07:17:44.881,1.60594,1.60646,1.00,1.50
2014.12.16 07:17:45.032,1.60586,1.60645,1.12,1.75
2014.12.16 07:17:45.336,1.60594,1.60645,1.00,1.75
2014.12.16 07:17:48.845,1.60585,1.60645,1.12,1.75
2014.12.16 07:17:49.505,1.60594,1.60645,1.00,1.75
2014.12.16 07:17:52.178,1.60585,1.60645,1.12,1.75
2014.12.16 07:17:52.585,1.60593,1.60645,1.00,1.75
2014.12.16 07:17:53.875,1.60593,1.60645,1.37,1.37
2014.12.16 07:17:53.925,1.60596,1.60651,1.50,1.37
2014.12.16 07:17:53.976,1.60597,1.60655,1.75,1.50
2014.12.16 07:17:54.177,1.60608,1.60651,1.00,1.00
2014.12.16 07:17:54.480,1.60611,1.60651,1.00,1.00
2014.12.16 07:17:54.631,1.60611,1.60655,1.00,1.50
2014.12.16 07:17:54.732,1.60614,1.60658,1.50,1.37
2014.12.16 07:17:54.783,1.60614,1.6066,1.50,1.37
2014.12.16 07:17:55.059,1.60616,1.60664,1.00,1.00
2014.12.16 07:17:55.160,1.60609,1.60669,1.12,1.75
2014.12.16 07:17:57.347,1.60608,1.60666,1.50,2.25
2014.12.16 07:17:57.398,1.60605,1.60664,1.12,1.75
2014.12.16 07:18:01.545,1.60604,1.60653,2.25,1.37
2014.12.16 07:18:01.596,1.60604,1.60649,1.87,1.00
2014.12.16 07:18:02.136,1.60603,1.60649,1.00,1.00
2014.12.16 07:18:02.187,1.60603,1.60649,1.00,1.50
2014.12.16 07:18:03.139,1.60603,1.60648,1.00,1.75
2014.12.16 07:18:03.806,1.60603,1.60653,1.00,1.75
2014.12.16 07:18:08.518,1.60603,1.60644,1.00,1.00
2014.12.16 07:18:08.569,1.60598,1.60644,1.00,1.00
2014.12.16 07:18:08.619,1.60605,1.60644,1.00,1.00
2014.12.16 07:18:19.988,1.60605,1.60645,1.00,1.75
2014.12.16 07:18:20.089,1.606,1.60643,1.00,1.75
2014.12.16 07:18:20.190,1.60588,1.60637,1.00,1.37
2014.12.16 07:18:20.342,1.60584,1.60637,1.00,1.37
2014.12.16 07:18:20.443,1.60584,1.60639,1.50,1.00
2014.12.16 07:18:20.927,1.60594,1.60639,1.00,1.00
2014.12.16 07:18:24.252,1.60594,1.60638,1.00,1.37
2014.12.16 07:18:24.453,1.60583,1.60634,1.00,1.00
2014.12.16 07:18:24.705,1.60586,1.60634,1.00,1.00
2014.12.16 07:18:25.008,1.60594,1.60642,1.00,1.75
2014.12.16 07:18:25.718,1.60593,1.60642,1.00,1.75
2014.12.16 07:18:26.226,1.60589,1.60642,1.37,1.75
2014.12.16 07:18:26.276,1.60589,1.60642,1.00,1.75
2014.12.16 07:18:26.579,1.60588,1.60642,1.37,2.25
2014.12.16 07:18:26.780,1.6059,1.60642,1.00,1.75
2014.12.16 07:18:26.881,1.6059,1.60646,1.00,1.75
2014.12.16 07:18:26.932,1.6059,1.60641,1.00,1.37
2014.12.16 07:18:27.133,1.60587,1.60641,1.00,1.75
2014.12.16 07:18:27.275,1.60594,1.60641,1.00,1.75
2014.12.16 07:18:28.527,1.60593,1.60641,1.00,1.37
2014.12.16 07:18:28.577,1.60593,1.60647,1.00,1.75
2014.12.16 07:18:33.088,1.60593,1.60647,1.75,1.75
2014.12.16 07:18:33.189,1.60593,1.60647,1.37,1.75
2014.12.16 07:18:33.637,1.60593,1.60647,1.50,1.75
2014.12.16 07:18:33.892,1.60593,1.60647,1.37,1.75
2014.12.16 07:18:40.313,1.60593,1.60648,1.87,1.37
2014.12.16 07:18:40.364,1.60594,1.60652,1.12,1.75
2014.12.16 07:18:40.414,1.60603,1.60654,1.00,2.25
2014.12.16 07:18:40.717,1.60615,1.60655,1.00,2.25
2014.12.16 07:18:40.768,1.60616,1.60655,1.00,1.00
2014.12.16 07:18:40.869,1.60616,1.60661,1.00,1.50
2014.12.16 07:18:41.221,1.60612,1.60659,1.50,1.00
2014.12.16 07:18:41.322,1.60614,1.60657,1.00,1.00
2014.12.16 07:18:41.633,1.60616,1.60658,1.00,1.75
2014.12.16 07:18:42.321,1.60618,1.60658,1.00,1.75
2014.12.16 07:18:42.372,1.60618,1.60659,1.00,1.00
2014.12.16 07:18:43.118,1.60619,1.60659,1.00,1.00
2014.12.16 07:18:43.639,1.60619,1.60662,1.00,1.50
2014.12.16 07:18:45.508,1.60619,1.60665,1.00,1.00
2014.12.16 07:18:46.169,1.60623,1.60667,1.12,1.00
2014.12.16 07:18:46.371,1.60627,1.60672,1.00,1.00
2014.12.16 07:18:46.472,1.60627,1.60672,1.00,2.25
2014.12.16 07:18:46.775,1.60632,1.60678,1.00,1.75
2014.12.16 07:18:47.340,1.60631,1.60678,1.50,1.75
2014.12.16 07:18:47.590,1.60634,1.60678,1.00,1.75
2014.12.16 07:18:47.946,1.60636,1.60678,1.00,2.25
2014.12.16 07:18:48.047,1.60634,1.60678,1.00,2.25
2014.12.16 07:18:48.588,1.60633,1.60677,1.00,1.75
2014.12.16 07:18:56.255,1.60636,1.60676,1.00,1.75
2014.12.16 07:18:56.746,1.60636,1.60679,1.00,1.00
2014.12.16 07:18:58.565,1.60635,1.60679,1.00,1.00
2014.12.16 07:18:59.335,1.60636,1.60679,1.00,1.00
2014.12.16 07:19:01.145,1.60634,1.60679,1.50,1.00
2014.12.16 07:19:01.246,1.60633,1.60676,1.00,1.00
2014.12.16 07:19:01.450,1.6063,1.60676,1.50,1.50
2014.12.16 07:19:01.501,1.6063,1.60671,1.50,1.00
2014.12.16 07:19:03.546,1.6063,1.60669,1.00,1.75
2014.12.16 07:19:03.647,1.60628,1.60669,1.00,1.75
2014.12.16 07:19:03.748,1.60626,1.60665,1.00,1.75
2014.12.16 07:19:04.100,1.60618,1.60665,1.00,1.75
2014.12.16 07:19:04.201,1.60608,1.60661,1.00,1.12
2014.12.16 07:19:04.251,1.60608,1.60657,1.00,1.75
2014.12.16 07:19:04.302,1.60605,1.60657,1.37,1.75
2014.12.16 07:19:04.403,1.60604,1.60657,1.50,1.75
2014.12.16 07:19:04.509,1.60604,1.60657,1.87,1.75
2014.12.16 07:19:11.626,1.60604,1.60657,1.12,1.75
2014.12.16 07:19:12.131,1.60599,1.60652,1.50,1.75
2014.12.16 07:19:12.232,1.60599,1.60652,1.37,1.75
2014.12.16 07:19:12.283,1.60604,1.60652,1.00,1.75
2014.12.16 07:19:12.535,1.60601,1.60652,1.37,1.75
2014.12.16 07:19:12.814,1.60604,1.60652,1.00,1.75
2014.12.16 07:19:13.515,1.60603,1.60652,1.50,1.75
2014.12.16 07:19:16.861,1.60603,1.60655,1.50,1.12
2014.12.16 07:19:17.725,1.60604,1.60659,1.00,1.75
2014.12.16 07:19:17.927,1.60599,1.60659,1.87,1.75
2014.12.16 07:19:18.345,1.60604,1.60659,1.00,1.75
2014.12.16 07:19:20.219,1.60599,1.60655,1.87,1.12
2014.12.16 07:19:20.270,1.60597,1.60653,1.50,1.37
2014.12.16 07:19:20.321,1.60595,1.60653,1.12,1.75
2014.12.16 07:19:20.371,1.60593,1.60649,1.75,1.37
2014.12.16 07:19:20.573,1.60596,1.60653,1.12,1.75
2014.12.16 07:19:20.624,1.60596,1.60653,2.25,1.37
2014.12.16 07:19:20.674,1.606,1.60655,1.37,1.00
2014.12.16 07:19:20.725,1.60611,1.60658,1.00,1.37
2014.12.16 07:19:20.776,1.60611,1.60658,1.00,1.00
2014.12.16 07:19:20.826,1.60615,1.60659,1.00,1.12
2014.12.16 07:19:21.255,1.6062,1.60665,1.00,1.00
2014.12.16 07:19:21.795,1.60617,1.60666,1.00,1.00
2014.12.16 07:19:21.896,1.60612,1.60667,1.00,1.00
2014.12.16 07:19:22.122,1.60609,1.60666,1.75,1.87
2014.12.16 07:19:22.546,1.60609,1.60661,1.37,1.75
2014.12.16 07:19:25.565,1.60607,1.60665,1.12,1.75
2014.12.16 07:19:27.434,1.60607,1.60661,1.75,1.50
2014.12.16 07:19:32.821,1.60607,1.60657,1.75,1.00
2014.12.16 07:19:32.922,1.60614,1.60664,1.37,1.00
2014.12.16 07:19:33.677,1.60618,1.60664,1.00,1.00
2014.12.16 07:19:33.778,1.60623,1.60674,1.00,1.75
2014.12.16 07:19:33.879,1.60636,1.60675,1.00,1.00
2014.12.16 07:19:34.415,1.60637,1.60675,1.00,1.00
2014.12.16 07:19:34.923,1.60637,1.60682,1.00,1.75
2014.12.16 07:19:35.632,1.60638,1.60682,1.00,1.75
2014.12.16 07:19:36.878,1.60637,1.60682,1.50,1.75
2014.12.16 07:19:43.773,1.60638,1.60683,1.00,3.00
2014.12.16 07:19:50.199,1.60635,1.60681,1.00,1.75
2014.12.16 07:19:50.250,1.60635,1.60677,1.00,1.75
2014.12.16 07:19:50.508,1.60632,1.60677,1.50,2.25
2014.12.16 07:19:53.366,1.60632,1.60673,1.00,1.37
2014.12.16 07:19:53.618,1.60636,1.60678,1.00,1.75
2014.12.16 07:19:53.719,1.60623,1.60678,1.00,1.75
2014.12.16 07:19:53.971,1.60621,1.60678,1.12,1.75
2014.12.16 07:19:54.223,1.60624,1.60678,1.00,1.75
2014.12.16 07:19:54.844,1.60623,1.60678,1.00,1.75
2014.12.16 07:20:00.379,1.60624,1.60678,1.00,1.75
2014.12.16 07:20:00.480,1.60618,1.60678,2.62,1.75
2014.12.16 07:20:00.782,1.60623,1.60678,1.00,1.75
2014.12.16 07:20:01.153,1.60623,1.60678,1.37,1.75
2014.12.16 07:20:03.042,1.60623,1.60678,1.37,1.75
2014.12.16 07:20:03.093,1.60624,1.60684,1.87,1.75
2014.12.16 07:20:04.646,1.60624,1.60684,1.75,1.75
2014.12.16 07:20:08.955,1.60628,1.60685,1.75,2.25
2014.12.16 07:20:09.056,1.60629,1.60685,1.12,1.12
2014.12.16 07:20:11.695,1.60627,1.60685,1.12,1.37
2014.12.16 07:20:11.959,1.60626,1.60685,1.37,2.25
2014.12.16 07:20:12.245,1.60633,1.60685,1.00,2.25
2014.12.16 07:20:12.778,1.60634,1.60685,1.00,1.75
2014.12.16 07:20:14.003,1.60626,1.60684,1.37,1.75
2014.12.16 07:20:15.706,1.60626,1.60685,1.12,1.75
2014.12.16 07:20:15.807,1.60629,1.60686,1.12,1.50
2014.12.16 07:20:16.998,1.60631,1.60686,1.12,1.50
2014.12.16 07:20:25.484,1.60633,1.60686,1.00,1.50
2014.12.16 07:20:28.829,1.60634,1.60686,1.37,1.50
2014.12.16 07:20:28.930,1.60634,1.60689,1.00,1.75
2014.12.16 07:20:29.031,1.60634,1.60689,1.37,2.25
2014.12.16 07:20:29.131,1.60634,1.60689,1.00,1.75
2014.12.16 07:20:33.139,1.60634,1.60685,1.00,1.37
2014.12.16 07:20:33.648,1.60632,1.60679,1.00,1.00
2014.12.16 07:20:33.950,1.60633,1.60671,1.00,1.00
2014.12.16 07:20:34.154,1.60626,1.60667,1.00,1.00
2014.12.16 07:20:34.557,1.60626,1.60666,1.60,1.00
2014.12.16 07:20:34.708,1.60636,1.60676,1.00,1.00
2014.12.16 07:20:34.809,1.60636,1.60679,1.00,1.00
2014.12.16 07:20:34.859,1.60638,1.60679,1.00,1.00
2014.12.16 07:20:35.197,1.60638,1.60677,1.00,1.50
2014.12.16 07:20:35.801,1.60638,1.60673,1.00,1.00
2014.12.16 07:20:35.851,1.60635,1.60673,1.00,1.00
2014.12.16 07:20:35.952,1.60632,1.60673,1.00,1.00
2014.12.16 07:20:36.002,1.60632,1.60667,1.00,1.00
2014.12.16 07:20:36.154,1.6063,1.60666,1.00,1.00
2014.12.16 07:20:36.321,1.60627,1.60666,1.00,1.00
2014.12.16 07:20:36.372,1.60627,1.6067,1.00,1.00
2014.12.16 07:20:36.473,1.60635,1.60666,1.00,1.00
2014.12.16 07:20:36.675,1.60635,1.60672,1.00,1.00
2014.12.16 07:20:36.776,1.60632,1.60672,1.00,1.00
2014.12.16 07:20:36.927,1.60634,1.60672,1.00,1.00
2014.12.16 07:20:37.028,1.60635,1.60674,1.00,1.00
2014.12.16 07:20:37.129,1.60637,1.60677,1.00,1.00
2014.12.16 07:20:37.280,1.60634,1.60676,1.00,1.00
2014.12.16 07:20:37.683,1.60636,1.60681,1.00,1.00
2014.12.16 07:20:37.834,1.60635,1.60679,1.12,1.00
2014.12.16 07:20:37.935,1.60631,1.60692,1.75,2.25
2014.12.16 07:20:38.137,1.60644,1.60691,1.00,1.75
2014.12.16 07:20:44.135,1.60644,1.60687,1.00,1.00
2014.12.16 07:20:46.253,1.60644,1.60689,1.00,1.37
2014.12.16 07:20:46.574,1.60644,1.60686,1.00,1.00
2014.12.16 07:20:46.726,1.60631,1.60686,1.37,1.37
2014.12.16 07:20:46.975,1.6063,1.60687,1.00,3.00
2014.12.16 07:20:47.025,1.6063,1.60683,1.00,1.50
2014.12.16 07:20:47.413,1.60623,1.60682,1.50,1.75
2014.12.16 07:20:47.681,1.60623,1.60682,1.87,1.75
2014.12.16 07:20:48.383,1.60623,1.60682,1.50,2.25
2014.12.16 07:20:50.184,1.60624,1.60682,1.00,2.25
2014.12.16 07:20:53.751,1.60623,1.60681,1.12,1.87
2014.12.16 07:20:53.970,1.60617,1.60676,1.37,1.75
2014.12.16 07:20:54.477,1.60614,1.60671,1.12,1.75
2014.12.16 07:20:58.405,1.60613,1.60665,1.00,1.75
2014.12.16 07:20:58.456,1.60605,1.60665,1.50,1.75
2014.12.16 07:21:01.586,1.60604,1.6066,1.37,1.37
2014.12.16 07:21:01.636,1.60604,1.60656,1.00,1.00
2014.12.16 07:21:02.207,1.60603,1.60656,1.00,1.00
2014.12.16 07:21:04.928,1.60604,1.60656,1.00,1.00
2014.12.16 07:21:08.393,1.60604,1.60656,1.37,1.00
2014.12.16 07:21:08.444,1.60606,1.60663,1.12,1.12
2014.12.16 07:21:08.494,1.60606,1.60666,1.12,1.75
2014.12.16 07:21:08.696,1.60607,1.60667,1.00,1.75
2014.12.16 07:21:09.117,1.60604,1.60662,1.00,1.75
2014.12.16 07:21:09.918,1.60603,1.60662,1.12,1.75
2014.12.16 07:21:10.120,1.60599,1.6066,1.00,1.75
2014.12.16 07:21:10.220,1.60596,1.60657,1.00,1.50
2014.12.16 07:21:12.196,1.60595,1.60656,1.75,1.12
2014.12.16 07:21:12.717,1.60601,1.60656,1.00,1.00
2014.12.16 07:21:13.179,1.60598,1.60661,1.37,2.25
2014.12.16 07:21:13.590,1.60603,1.60666,1.75,1.75
2014.12.16 07:21:13.640,1.60604,1.60666,1.75,1.37
2014.12.16 07:21:13.691,1.60608,1.6067,1.37,1.00
2014.12.16 07:21:13.842,1.60613,1.6067,1.00,1.00
2014.12.16 07:21:14.983,1.60613,1.60669,1.00,1.00
2014.12.16 07:21:17.293,1.60613,1.6067,1.00,1.00
2014.12.16 07:21:17.586,1.60608,1.60666,1.00,1.00
2014.12.16 07:21:17.637,1.60608,1.60666,1.37,1.00
2014.12.16 07:21:17.839,1.60614,1.60672,1.00,1.00
2014.12.16 07:21:18.533,1.60614,1.60673,1.00,1.00
2014.12.16 07:21:20.986,1.60613,1.60666,1.00,1.00
2014.12.16 07:21:22.744,1.60613,1.60672,1.50,1.00
2014.12.16 07:21:23.045,1.60613,1.6067,1.50,1.00
2014.12.16 07:21:24.812,1.60613,1.60671,1.50,1.00
2014.12.16 07:21:25.272,1.60613,1.60666,1.00,1.00
2014.12.16 07:21:25.837,1.60613,1.60671,1.50,1.00
2014.12.16 07:21:25.888,1.60613,1.60671,1.87,1.00
2014.12.16 07:21:26.204,1.60613,1.60666,1.37,1.00
2014.12.16 07:21:26.860,1.60613,1.60666,1.75,1.00
2014.12.16 07:21:30.924,1.60613,1.60674,1.75,1.00
2014.12.16 07:21:31.102,1.60613,1.60667,1.75,1.00
2014.12.16 07:21:34.105,1.60613,1.60667,2.25,1.00
2014.12.16 07:21:36.603,1.60613,1.60666,2.25,1.00
2014.12.16 07:21:39.011,1.60616,1.60666,1.75,1.00
2014.12.16 07:21:39.641,1.60613,1.60666,1.75,1.00
2014.12.16 07:21:41.113,1.60613,1.60667,1.75,1.00
2014.12.16 07:21:41.684,1.60613,1.6067,1.75,1.00
2014.12.16 07:21:42.137,1.60613,1.60666,1.75,1.00
2014.12.16 07:21:42.638,1.60613,1.60667,1.75,1.00
2014.12.16 07:21:45.203,1.60618,1.60667,1.37,1.00
2014.12.16 07:21:45.563,1.6062,1.60667,1.75,1.00
2014.12.16 07:21:46.133,1.60628,1.60667,1.00,1.00
2014.12.16 07:21:46.435,1.60638,1.60667,1.00,1.00
2014.12.16 07:21:46.637,1.60643,1.60676,1.00,1.00
2014.12.16 07:21:47.790,1.60646,1.60676,1.00,1.00
2014.12.16 07:21:47.840,1.60646,1.60685,1.00,1.00
2014.12.16 07:21:48.325,1.60638,1.60684,1.00,1.00
2014.12.16 07:21:48.376,1.60638,1.60666,1.00,1.00
2014.12.16 07:21:48.628,1.60644,1.60677,1.00,1.00
2014.12.16 07:21:48.679,1.60646,1.60677,1.00,1.00
2014.12.16 07:21:48.830,1.60646,1.60685,1.00,1.00
2014.12.16 07:21:48.881,1.60649,1.60687,1.00,1.00
2014.12.16 07:21:48.932,1.60649,1.60689,1.00,1.00
2014.12.16 07:21:49.052,1.60646,1.60689,1.00,1.00
2014.12.16 07:21:49.215,1.60649,1.60689,1.00,1.00
2014.12.16 07:21:49.762,1.6065,1.60689,1.00,1.00
2014.12.16 07:21:50.932,1.6065,1.60687,1.00,1.00
2014.12.16 07:21:51.043,1.6065,1.60689,1.00,1.00
2014.12.16 07:21:54.033,1.60649,1.60689,1.00,1.00
2014.12.16 07:21:54.698,1.60649,1.60688,1.00,1.00
2014.12.16 07:21:56.493,1.60652,1.60688,1.00,1.00
2014.12.16 07:21:56.544,1.60652,1.60691,1.00,1.00
2014.12.16 07:21:56.594,1.60656,1.60691,1.00,1.00
2014.12.16 07:21:56.929,1.60659,1.60691,1.00,1.00
2014.12.16 07:22:01.733,1.60656,1.60691,1.00,1.00
2014.12.16 07:22:03.822,1.60656,1.60688,1.00,1.00
2014.12.16 07:22:04.377,1.60655,1.60688,1.00,1.00
2014.12.16 07:22:05.142,1.60655,1.60692,1.00,1.00
2014.12.16 07:22:06.605,1.60656,1.60692,1.00,1.00
2014.12.16 07:22:07.502,1.60658,1.60692,1.00,1.00
2014.12.16 07:22:07.603,1.60655,1.60692,1.00,1.00
2014.12.16 07:22:07.704,1.60655,1.60695,1.00,1.00
2014.12.16 07:22:07.805,1.60653,1.60695,1.00,1.00
2014.12.16 07:22:07.906,1.60646,1.60691,1.00,1.00
2014.12.16 07:22:08.157,1.60644,1.6069,1.00,1.00
2014.12.16 07:22:08.208,1.60644,1.6068,1.00,1.00
2014.12.16 07:22:08.259,1.60639,1.6068,1.00,1.00
2014.12.16 07:22:08.359,1.60639,1.60682,1.00,1.00
2014.12.16 07:22:08.460,1.60641,1.60682,1.00,1.00
2014.12.16 07:22:09.432,1.60645,1.60682,1.00,1.00
2014.12.16 07:22:09.533,1.60645,1.60684,1.00,1.00
2014.12.16 07:22:09.634,1.60645,1.60695,1.00,1.75
2014.12.16 07:22:09.685,1.60638,1.60695,1.00,1.75
2014.12.16 07:22:11.564,1.60639,1.60696,1.00,2.25
2014.12.16 07:22:11.614,1.60639,1.60683,1.50,1.00
2014.12.16 07:22:11.765,1.60641,1.60686,1.00,1.00
2014.12.16 07:22:11.944,1.60638,1.60685,1.00,1.00
2014.12.16 07:22:11.994,1.60644,1.60685,1.00,1.00
2014.12.16 07:22:12.748,1.60644,1.60682,1.00,1.00
2014.12.16 07:22:12.851,1.60642,1.60682,1.00,1.00
2014.12.16 07:22:13.955,1.60642,1.60684,1.00,1.00
2014.12.16 07:22:23.404,1.6064,1.60684,1.00,1.00
2014.12.16 07:22:23.955,1.60641,1.60684,1.00,1.00
2014.12.16 07:22:24.702,1.6064,1.60681,1.00,1.00
2014.12.16 07:22:25.091,1.60638,1.6068,1.00,1.00
2014.12.16 07:22:25.242,1.60639,1.60676,1.00,1.00
2014.12.16 07:22:25.663,1.6064,1.60683,1.00,1.00
2014.12.16 07:22:26.373,1.60641,1.60683,1.00,1.00
2014.12.16 07:22:30.588,1.60639,1.60683,1.00,1.00
2014.12.16 07:22:31.463,1.60641,1.60683,1.00,1.00
2014.12.16 07:22:31.664,1.60638,1.60683,1.00,1.00
2014.12.16 07:22:33.774,1.60637,1.60683,1.50,1.00
2014.12.16 07:22:36.754,1.60637,1.60683,1.00,1.50
2014.12.16 07:22:36.855,1.60637,1.60677,1.00,1.00
2014.12.16 07:22:36.956,1.60634,1.60677,1.00,1.00
2014.12.16 07:22:37.057,1.60632,1.60675,1.00,1.00
2014.12.16 07:22:37.604,1.60634,1.60675,1.00,1.00
2014.12.16 07:22:38.098,1.60634,1.60677,1.00,1.00
2014.12.16 07:22:38.149,1.60632,1.60676,1.00,1.00
2014.12.16 07:22:38.250,1.60629,1.60686,1.00,2.25
2014.12.16 07:22:38.352,1.60634,1.60686,1.00,1.75
2014.12.16 07:22:38.663,1.60629,1.60686,1.00,1.75
2014.12.16 07:22:40.081,1.60627,1.60686,1.37,2.25
2014.12.16 07:22:43.728,1.60633,1.60686,1.00,1.75
2014.12.16 07:22:48.324,1.60627,1.60686,1.37,2.25
2014.12.16 07:22:48.526,1.60624,1.60686,1.00,3.00
2014.12.16 07:22:48.576,1.60627,1.60674,1.00,1.00
2014.12.16 07:22:49.893,1.60629,1.60674,1.00,1.00
2014.12.16 07:22:50.211,1.60631,1.60674,1.00,1.00
2014.12.16 07:22:50.548,1.60633,1.60674,1.00,1.00
2014.12.16 07:22:52.458,1.60633,1.60675,1.00,1.00
2014.12.16 07:22:52.795,1.60638,1.60675,1.00,1.00
2014.12.16 07:22:52.896,1.60638,1.60684,1.50,1.00
2014.12.16 07:22:52.947,1.60641,1.60684,1.00,1.00
2014.12.16 07:22:52.997,1.60641,1.60686,1.00,1.00
2014.12.16 07:22:53.251,1.60644,1.60686,1.00,1.00
2014.12.16 07:22:54.870,1.60644,1.60687,1.00,1.00
2014.12.16 07:22:55.200,1.60648,1.60689,1.00,1.00
2014.12.16 07:22:59.568,1.60651,1.60689,1.00,1.00
2014.12.16 07:22:59.901,1.60651,1.60692,1.00,1.00
2014.12.16 07:23:00.071,1.60653,1.60692,1.00,1.00
2014.12.16 07:23:00.402,1.6065,1.60692,1.00,1.00
2014.12.16 07:23:02.058,1.60646,1.60692,1.50,1.00
2014.12.16 07:23:04.801,1.60649,1.60692,1.00,1.00
2014.12.16 07:23:12.611,1.6065,1.60692,1.00,1.00
2014.12.16 07:23:13.403,1.60648,1.60692,1.00,1.00
2014.12.16 07:23:16.241,1.60647,1.60692,1.00,1.00
2014.12.16 07:23:26.831,1.60648,1.60692,1.00,1.00
2014.12.16 07:23:27.020,1.60646,1.60692,1.50,1.00
2014.12.16 07:23:49.070,1.6065,1.60694,1.00,1.00
2014.12.16 07:23:49.171,1.6065,1.60697,1.00,1.00
2014.12.16 07:23:49.222,1.6065,1.60697,1.37,1.00
2014.12.16 07:23:49.322,1.60655,1.607,1.50,1.00
2014.12.16 07:23:49.482,1.60658,1.607,1.00,1.00
2014.12.16 07:23:49.633,1.60661,1.60706,1.00,1.50
2014.12.16 07:23:49.734,1.60662,1.60708,1.00,1.00
2014.12.16 07:23:49.835,1.60667,1.60709,1.00,1.00
2014.12.16 07:23:49.885,1.60669,1.60715,1.00,1.00
2014.12.16 07:23:49.936,1.60672,1.60715,1.00,1.00
2014.12.16 07:23:50.188,1.60676,1.60721,1.00,1.00
2014.12.16 07:23:50.289,1.60676,1.60727,1.00,2.10
2014.12.16 07:23:50.390,1.6067,1.60727,1.00,1.00
2014.12.16 07:23:50.912,1.6067,1.60726,1.00,1.00
2014.12.16 07:23:56.557,1.60665,1.60726,1.50,1.12
2014.12.16 07:24:00.803,1.60664,1.60727,1.75,1.75
2014.12.16 07:24:01.156,1.60663,1.60726,2.25,1.35
2014.12.16 07:24:01.206,1.60667,1.60713,1.12,1.00
2014.12.16 07:24:01.710,1.60666,1.60712,1.37,1.00
2014.12.16 07:24:03.121,1.60666,1.60712,1.00,1.00
2014.12.16 07:24:06.921,1.60665,1.60708,1.50,1.00
2014.12.16 07:24:11.548,1.60665,1.60706,1.00,1.00
2014.12.16 07:24:13.229,1.60666,1.60706,1.00,1.00
2014.12.16 07:24:13.826,1.6067,1.60712,1.00,1.00
2014.12.16 07:24:14.147,1.60672,1.60712,1.00,1.00
2014.12.16 07:24:15.135,1.60671,1.60712,1.00,1.00
2014.12.16 07:24:15.236,1.60669,1.60711,1.00,1.00
2014.12.16 07:24:19.161,1.6067,1.60711,1.00,1.00
2014.12.16 07:24:19.669,1.6067,1.60709,1.00,1.00
2014.12.16 07:24:20.539,1.6067,1.60707,1.00,1.00
2014.12.16 07:24:20.691,1.60663,1.60703,1.00,1.00
2014.12.16 07:24:20.792,1.60661,1.60703,1.12,1.00
2014.12.16 07:24:20.842,1.60664,1.60703,1.00,1.00
2014.12.16 07:24:20.893,1.60664,1.60705,1.00,1.00
2014.12.16 07:24:20.943,1.60671,1.60705,1.00,1.00
2014.12.16 07:24:21.044,1.60668,1.60706,1.00,1.00
2014.12.16 07:24:21.397,1.60664,1.60707,1.50,1.00
2014.12.16 07:24:21.548,1.60664,1.60703,1.00,1.00
2014.12.16 07:24:21.700,1.60662,1.60703,1.50,1.00
2014.12.16 07:24:25.027,1.6066,1.60703,1.00,1.00
2014.12.16 07:24:26.280,1.60659,1.60702,1.00,1.00
2014.12.16 07:24:28.416,1.60661,1.60702,1.00,1.00
2014.12.16 07:24:34.480,1.60659,1.60702,1.50,1.00
2014.12.16 07:24:35.109,1.6066,1.60702,1.00,1.00
2014.12.16 07:24:36.209,1.60659,1.60702,1.00,1.00
2014.12.16 07:24:36.763,1.6066,1.60702,1.00,1.00
2014.12.16 07:24:38.025,1.60661,1.60702,1.00,1.00
2014.12.16 07:24:44.068,1.6066,1.60701,1.00,1.00
2014.12.16 07:24:47.271,1.60663,1.60706,1.00,1.50
2014.12.16 07:24:53.529,1.60665,1.60706,1.00,1.00
2014.12.16 07:25:00.128,1.60661,1.60704,1.00,1.00
2014.12.16 07:25:00.239,1.60665,1.60706,1.00,1.00
2014.12.16 07:25:00.390,1.60659,1.60702,1.00,1.00
2014.12.16 07:25:00.829,1.60662,1.60705,1.00,1.00
2014.12.16 07:25:07.162,1.60664,1.60705,1.00,1.00
2014.12.16 07:25:07.381,1.60662,1.60705,1.00,1.00
2014.12.16 07:25:09.502,1.60666,1.60706,1.00,1.00
2014.12.16 07:25:09.966,1.60664,1.60704,1.00,1.00
2014.12.16 07:25:10.133,1.60666,1.60707,1.00,1.00
2014.12.16 07:25:10.746,1.60667,1.60707,1.00,1.00
2014.12.16 07:25:10.797,1.6067,1.60708,1.00,1.00
2014.12.16 07:25:10.999,1.60671,1.6071,1.00,1.00
2014.12.16 07:25:11.050,1.60671,1.60714,1.50,1.00
2014.12.16 07:25:11.153,1.60673,1.60712,1.00,1.00
2014.12.16 07:25:11.507,1.60673,1.60709,1.00,1.00
2014.12.16 07:25:11.558,1.60671,1.60709,1.00,1.00
2014.12.16 07:25:12.102,1.60671,1.60708,1.00,1.00
2014.12.16 07:25:13.442,1.60669,1.60708,1.00,1.00
2014.12.16 07:25:14.434,1.60672,1.60709,1.00,1.00
2014.12.16 07:25:14.586,1.60675,1.60716,1.00,1.00
2014.12.16 07:25:14.686,1.60673,1.60714,1.00,1.00
2014.12.16 07:25:15.188,1.60672,1.60714,1.00,1.00
2014.12.16 07:25:15.561,1.6067,1.60711,1.00,1.00
2014.12.16 07:25:16.027,1.60668,1.60708,1.00,1.00
2014.12.16 07:25:16.279,1.60666,1.60708,1.00,1.00
2014.12.16 07:25:17.751,1.60666,1.60706,1.00,1.00
2014.12.16 07:25:29.939,1.60666,1.60705,1.00,1.00
2014.12.16 07:25:35.191,1.60665,1.60705,1.00,1.00
2014.12.16 07:25:35.500,1.60665,1.60703,1.00,1.00
2014.12.16 07:25:36.065,1.60664,1.60703,1.00,1.50
2014.12.16 07:25:41.414,1.60663,1.60703,1.00,1.50
2014.12.16 07:25:43.029,1.60662,1.60703,1.50,1.50
2014.12.16 07:25:44.150,1.60662,1.60703,1.50,1.00
2014.12.16 07:25:44.453,1.60665,1.60705,1.00,1.00
2014.12.16 07:25:45.869,1.60676,1.60705,1.00,1.00
2014.12.16 07:25:46.330,1.60674,1.60705,1.00,1.00
2014.12.16 07:25:50.650,1.60674,1.60707,1.00,1.00
2014.12.16 07:25:50.701,1.60677,1.60707,1.00,1.00
2014.12.16 07:25:54.693,1.60678,1.60709,1.00,1.00
2014.12.16 07:25:54.794,1.60676,1.60709,1.00,1.00
2014.12.16 07:25:54.996,1.60674,1.60708,1.00,1.00
2014.12.16 07:25:57.079,1.60676,1.60708,1.00,1.00
2014.12.16 07:25:57.448,1.60675,1.6071,1.00,1.00
2014.12.16 07:25:57.959,1.60676,1.6071,1.00,1.00
2014.12.16 07:26:01.719,1.60677,1.6071,1.00,1.00
2014.12.16 07:26:02.069,1.60682,1.60711,1.00,1.00
2014.12.16 07:26:02.170,1.6068,1.60711,1.00,1.00
2014.12.16 07:26:02.322,1.6068,1.60715,1.00,1.00
2014.12.16 07:26:02.832,1.60681,1.60714,1.00,1.00
2014.12.16 07:26:03.059,1.60681,1.60716,1.00,1.00
2014.12.16 07:26:03.806,1.60679,1.60716,1.00,1.00
2014.12.16 07:26:03.907,1.60681,1.60716,1.00,1.00
2014.12.16 07:26:04.361,1.60688,1.60721,1.00,1.00
2014.12.16 07:26:04.462,1.60686,1.60721,1.00,1.00
2014.12.16 07:26:05.111,1.60685,1.60721,1.00,1.00
2014.12.16 07:26:05.930,1.60685,1.60722,1.00,1.00
2014.12.16 07:26:06.032,1.6069,1.60726,1.00,1.00
2014.12.16 07:26:06.082,1.6069,1.60732,1.00,1.00
2014.12.16 07:26:06.435,1.60692,1.60732,1.00,1.00
2014.12.16 07:26:06.838,1.6069,1.60729,1.00,1.00
2014.12.16 07:26:07.659,1.60689,1.60729,1.00,1.00
2014.12.16 07:26:08.579,1.60689,1.60726,1.00,1.00
2014.12.16 07:26:08.687,1.60689,1.60731,1.00,1.00
2014.12.16 07:26:10.199,1.60689,1.60729,1.00,1.00
2014.12.16 07:26:12.117,1.60689,1.60725,1.00,1.00
2014.12.16 07:26:12.419,1.6069,1.60731,1.00,1.87
2014.12.16 07:26:12.520,1.60688,1.60729,1.00,1.00
2014.12.16 07:26:12.571,1.60697,1.60729,1.00,1.00
2014.12.16 07:26:12.621,1.60697,1.60733,1.00,1.50
2014.12.16 07:26:12.773,1.60696,1.60736,1.00,1.00
2014.12.16 07:26:12.874,1.60694,1.60733,1.00,1.00
2014.12.16 07:26:13.075,1.6068,1.60726,1.12,1.00
2014.12.16 07:26:13.226,1.6067,1.60726,2.25,1.00
2014.12.16 07:26:13.626,1.60669,1.6073,1.50,1.37
2014.12.16 07:26:13.677,1.60666,1.60727,1.75,1.00
2014.12.16 07:26:16.365,1.60665,1.60726,1.75,1.00
2014.12.16 07:26:16.415,1.60663,1.60726,2.25,1.37
2014.12.16 07:26:16.718,1.60668,1.60709,1.00,1.00
2014.12.16 07:26:17.258,1.60667,1.60708,1.00,1.00
2014.12.16 07:26:17.578,1.60665,1.60706,1.00,1.00
2014.12.16 07:26:17.920,1.60665,1.60708,1.00,1.00
2014.12.16 07:26:18.575,1.60664,1.60705,1.00,1.00
2014.12.16 07:26:18.893,1.60664,1.60702,1.00,1.00
2014.12.16 07:26:19.415,1.60663,1.60702,1.00,1.00
2014.12.16 07:26:19.465,1.60663,1.60704,1.50,1.00
2014.12.16 07:26:19.667,1.60655,1.6071,1.00,1.00
2014.12.16 07:26:20.070,1.60657,1.60714,1.37,1.50
2014.12.16 07:26:20.391,1.60667,1.60708,1.00,1.00
2014.12.16 07:26:20.543,1.60663,1.60714,1.00,1.12
2014.12.16 07:26:20.643,1.60657,1.60716,1.75,1.37
2014.12.16 07:26:24.674,1.60664,1.60716,1.00,1.37
2014.12.16 07:26:25.090,1.60657,1.60716,1.75,1.87
2014.12.16 07:26:25.321,1.60664,1.60716,1.00,1.37
2014.12.16 07:26:25.777,1.60657,1.60716,1.75,1.87
2014.12.16 07:26:27.534,1.60656,1.60716,1.75,1.12
2014.12.16 07:26:27.635,1.60654,1.60717,1.87,1.87
2014.12.16 07:26:27.686,1.60654,1.60716,1.00,1.75
2014.12.16 07:26:27.837,1.60653,1.60712,1.00,1.37
2014.12.16 07:26:28.344,1.60654,1.60712,1.00,1.75
2014.12.16 07:26:32.153,1.60654,1.60706,1.00,1.37
2014.12.16 07:26:34.069,1.60654,1.60689,1.00,1.00
2014.12.16 07:26:34.220,1.60646,1.60689,1.00,1.00
2014.12.16 07:26:34.388,1.60649,1.60689,1.00,1.00
2014.12.16 07:26:36.359,1.60646,1.60689,1.00,1.00
2014.12.16 07:26:36.725,1.60649,1.60689,1.00,1.00
2014.12.16 07:26:37.478,1.60651,1.60689,1.00,1.00
2014.12.16 07:26:37.778,1.60649,1.60689,1.00,1.00
2014.12.16 07:26:38.919,1.60651,1.60689,1.00,1.00
2014.12.16 07:26:41.020,1.60649,1.60688,1.00,1.00
2014.12.16 07:26:41.222,1.60649,1.60692,1.37,1.00
2014.12.16 07:26:41.272,1.60658,1.60692,1.00,1.00
2014.12.16 07:26:41.373,1.60662,1.60699,1.00,1.00
2014.12.16 07:26:41.575,1.60666,1.60707,1.00,1.50
2014.12.16 07:26:41.676,1.6066,1.60722,1.87,1.12
2014.12.16 07:26:41.726,1.60662,1.60717,1.50,1.00
2014.12.16 07:26:42.130,1.6067,1.60711,1.00,1.00
2014.12.16 07:26:42.538,1.60673,1.60714,1.00,1.00
2014.12.16 07:26:42.693,1.60669,1.60712,1.50,1.00
2014.12.16 07:26:42.796,1.60673,1.60714,1.00,1.00
2014.12.16 07:26:43.199,1.60669,1.6071,1.00,1.00
2014.12.16 07:26:43.451,1.60672,1.60715,1.00,1.00
2014.12.16 07:26:43.552,1.60669,1.6071,1.00,1.00
2014.12.16 07:26:44.006,1.60672,1.60715,1.00,1.00
2014.12.16 07:26:44.078,1.60668,1.60711,1.50,1.00
2014.12.16 07:26:44.420,1.60671,1.60714,1.00,1.00
2014.12.16 07:26:44.874,1.60673,1.60714,1.00,1.00
2014.12.16 07:26:45.179,1.60671,1.60712,1.00,1.00
2014.12.16 07:26:45.689,1.6067,1.60713,1.00,1.00
2014.12.16 07:26:46.058,1.60675,1.60716,1.00,1.00
2014.12.16 07:26:46.168,1.6067,1.60713,1.00,1.00
2014.12.16 07:26:46.670,1.60671,1.60712,1.00,1.00
2014.12.16 07:26:46.771,1.60673,1.60716,1.00,1.00
2014.12.16 07:26:46.872,1.60677,1.6072,1.00,1.00
2014.12.16 07:26:47.074,1.60676,1.6073,1.00,1.87
2014.12.16 07:26:47.175,1.6067,1.60731,1.75,1.75
2014.12.16 07:26:47.682,1.60668,1.60724,1.00,1.75
2014.12.16 07:26:47.995,1.60663,1.60716,1.00,1.00
2014.12.16 07:26:48.196,1.60668,1.60709,1.00,1.00
2014.12.16 07:26:48.600,1.60665,1.60716,1.75,1.00
2014.12.16 07:26:48.701,1.60665,1.60725,1.75,1.12
2014.12.16 07:26:48.954,1.60672,1.60726,1.12,1.37
2014.12.16 07:26:49.005,1.60672,1.60727,1.50,1.00
2014.12.16 07:26:49.055,1.60676,1.60727,1.87,1.00
2014.12.16 07:26:49.368,1.60686,1.60726,1.00,1.00
2014.12.16 07:26:49.733,1.60686,1.60729,1.50,1.00
2014.12.16 07:26:49.910,1.60683,1.60724,1.50,1.00
2014.12.16 07:26:50.128,1.60686,1.60729,1.00,1.00
2014.12.16 07:26:50.279,1.60685,1.60724,1.00,1.00
2014.12.16 07:26:50.380,1.60686,1.60727,1.00,1.00
2014.12.16 07:26:50.481,1.60696,1.60731,1.00,1.00
2014.12.16 07:26:50.582,1.607,1.60736,1.00,1.50
2014.12.16 07:26:50.934,1.60705,1.60735,1.00,1.00
2014.12.16 07:26:51.035,1.60697,1.60735,1.00,1.00
2014.12.16 07:26:51.136,1.60697,1.60729,1.00,1.00
2014.12.16 07:26:51.388,1.60697,1.60736,1.00,1.50
2014.12.16 07:26:51.489,1.60701,1.60736,1.00,1.50
2014.12.16 07:26:51.590,1.60699,1.60736,1.00,1.50
2014.12.16 07:26:51.640,1.60699,1.60726,1.00,1.00
2014.12.16 07:26:51.842,1.60701,1.60733,1.00,1.00
2014.12.16 07:26:51.893,1.60701,1.60731,1.00,1.00
2014.12.16 07:26:52.009,1.60698,1.60731,1.00,1.00
2014.12.16 07:26:52.542,1.60699,1.60731,1.00,1.00
2014.12.16 07:26:55.025,1.60698,1.60731,1.00,1.00
2014.12.16 07:26:55.128,1.60699,1.60735,1.00,1.00
2014.12.16 07:26:55.650,1.607,1.60736,1.00,1.00
2014.12.16 07:26:56.193,1.60701,1.60736,1.00,1.00
2014.12.16 07:26:56.645,1.60702,1.60743,1.50,1.00
2014.12.16 07:26:56.897,1.60707,1.60742,1.00,1.00
2014.12.16 07:26:56.998,1.60709,1.60746,1.00,1.00
2014.12.16 07:26:57.099,1.60703,1.60745,1.00,1.00
2014.12.16 07:26:57.200,1.60698,1.60739,1.00,1.00
2014.12.16 07:26:57.301,1.60695,1.60737,1.00,1.00
2014.12.16 07:26:57.608,1.60693,1.60734,1.00,1.00
2014.12.16 07:26:57.860,1.6069,1.60733,1.00,1.00
2014.12.16 07:26:57.961,1.607,1.60741,1.00,1.00
2014.12.16 07:26:58.264,1.60698,1.60735,2.25,1.00
2014.12.16 07:26:58.314,1.60702,1.60742,1.12,1.00
2014.12.16 07:26:58.415,1.60702,1.60739,1.12,1.00
2014.12.16 07:26:59.215,1.60701,1.60739,1.12,1.00
2014.12.16 07:27:00.076,1.60699,1.60739,1.00,1.00
2014.12.16 07:27:00.177,1.60698,1.60737,1.00,1.00
2014.12.16 07:27:00.494,1.607,1.60737,1.00,1.00
2014.12.16 07:27:00.627,1.60698,1.60737,1.00,1.00
2014.12.16 07:27:00.928,1.607,1.60737,1.00,1.00
2014.12.16 07:27:03.218,1.607,1.6074,1.00,1.00
2014.12.16 07:27:03.479,1.60698,1.60739,1.50,1.00
2014.12.16 07:27:03.797,1.60696,1.60735,1.50,1.00
2014.12.16 07:27:04.208,1.60696,1.60738,1.50,1.00
2014.12.16 07:27:04.368,1.60698,1.60738,1.00,1.00
2014.12.16 07:27:04.758,1.60698,1.60736,1.00,1.00
2014.12.16 07:27:08.068,1.60697,1.60736,1.00,1.00
2014.12.16 07:27:08.729,1.60699,1.60736,1.00,1.00
2014.12.16 07:27:09.098,1.60697,1.60736,1.00,1.00
2014.12.16 07:27:09.199,1.60697,1.60738,1.00,1.00
2014.12.16 07:27:09.300,1.60697,1.60734,1.00,1.00
2014.12.16 07:27:14.882,1.60697,1.60732,1.00,1.00
2014.12.16 07:27:15.033,1.60691,1.60732,1.50,1.00
2014.12.16 07:27:15.134,1.60691,1.60728,1.00,1.00
2014.12.16 07:27:15.449,1.60691,1.60726,1.00,1.00
2014.12.16 07:27:15.550,1.60691,1.60728,1.00,1.00
2014.12.16 07:27:15.702,1.60695,1.60728,1.00,1.00
2014.12.16 07:27:15.904,1.60709,1.60745,1.00,1.37
2014.12.16 07:27:16.005,1.60711,1.6074,1.00,1.00
2014.12.16 07:27:16.106,1.60711,1.60745,1.00,1.00
2014.12.16 07:27:16.359,1.60707,1.60741,1.00,1.00
2014.12.16 07:27:16.460,1.60701,1.60742,2.25,1.00
2014.12.16 07:27:16.560,1.60701,1.60735,1.00,1.00
2014.12.16 07:27:16.661,1.607,1.60739,1.00,1.00
2014.12.16 07:27:16.712,1.60703,1.60739,1.00,1.00
2014.12.16 07:27:16.863,1.60704,1.60747,1.00,1.50
2014.12.16 07:27:16.913,1.60713,1.60746,1.00,1.00
2014.12.16 07:27:17.014,1.60713,1.60751,1.00,1.35
2014.12.16 07:27:17.316,1.60713,1.60755,1.00,1.12
2014.12.16 07:27:17.417,1.60713,1.6075,1.00,1.00
2014.12.16 07:27:17.468,1.60709,1.6075,1.50,1.00
2014.12.16 07:27:17.518,1.60709,1.60748,1.00,1.00
2014.12.16 07:27:17.670,1.60709,1.60751,1.00,1.50
2014.12.16 07:27:17.771,1.60706,1.60749,1.50,1.00
2014.12.16 07:27:18.429,1.60707,1.6075,1.00,1.00
2014.12.16 07:27:19.637,1.60703,1.60751,1.00,1.00
2014.12.16 07:27:19.688,1.60696,1.60751,1.50,1.00
2014.12.16 07:27:19.789,1.60694,1.60748,1.37,1.37
2014.12.16 07:27:19.840,1.60694,1.60748,1.00,1.75
2014.12.16 07:27:20.519,1.60695,1.60737,1.00,1.00
2014.12.16 07:27:20.828,1.60698,1.60737,1.00,1.00
2014.12.16 07:27:22.962,1.60699,1.60737,1.00,1.00
2014.12.16 07:27:23.476,1.60699,1.60736,1.00,1.00
2014.12.16 07:27:24.391,1.60698,1.60736,1.00,1.00
2014.12.16 07:27:25.217,1.60698,1.60734,1.00,1.00
2014.12.16 07:27:25.768,1.60697,1.60734,1.00,1.00
2014.12.16 07:27:26.570,1.60704,1.60736,1.00,1.00
2014.12.16 07:27:26.671,1.60707,1.60743,1.00,1.00
2014.12.16 07:27:26.772,1.6071,1.60745,1.00,1.00
2014.12.16 07:27:26.873,1.6071,1.60748,1.00,1.00
2014.12.16 07:27:27.024,1.60708,1.60746,1.00,1.00
2014.12.16 07:27:27.226,1.6071,1.60753,1.00,1.00
2014.12.16 07:27:27.327,1.60704,1.60745,1.00,1.00
2014.12.16 07:27:27.629,1.60706,1.60745,1.00,1.00
2014.12.16 07:27:28.184,1.60705,1.60745,1.00,1.00
2014.12.16 07:27:28.693,1.60706,1.60745,1.00,1.00
2014.12.16 07:27:29.259,1.60706,1.60743,1.00,1.00
2014.12.16 07:27:29.788,1.60705,1.60743,1.00,1.00
2014.12.16 07:27:31.204,1.60706,1.60743,1.00,1.00
2014.12.16 07:27:31.305,1.60707,1.60752,1.00,1.00
2014.12.16 07:27:31.406,1.60706,1.60745,1.00,1.00
2014.12.16 07:27:31.708,1.60708,1.60745,1.00,1.00
2014.12.16 07:27:38.310,1.60708,1.60744,1.00,1.00
2014.12.16 07:27:40.187,1.60706,1.60744,1.00,1.00
2014.12.16 07:27:41.004,1.60707,1.60744,1.00,1.00
2014.12.16 07:27:42.057,1.60706,1.60744,1.00,1.00
2014.12.16 07:27:43.540,1.60707,1.60744,1.00,1.00
2014.12.16 07:27:50.889,1.60711,1.60744,1.00,1.00
2014.12.16 07:27:51.199,1.60714,1.60746,1.00,1.00
2014.12.16 07:27:52.762,1.60718,1.60746,1.00,1.00
2014.12.16 07:27:52.864,1.60715,1.60746,1.00,1.00
2014.12.16 07:27:52.965,1.60719,1.60753,1.00,1.00
2014.12.16 07:27:53.066,1.60725,1.60751,1.00,1.00
2014.12.16 07:27:53.168,1.60718,1.60755,1.00,1.00
2014.12.16 07:27:53.319,1.60712,1.60755,1.00,1.00
2014.12.16 07:27:53.420,1.60716,1.60752,1.00,1.00
2014.12.16 07:27:53.521,1.60716,1.60754,1.00,1.00
2014.12.16 07:27:53.622,1.60716,1.60756,1.00,1.00
2014.12.16 07:27:54.169,1.6072,1.60757,1.00,1.00
2014.12.16 07:27:56.613,1.60723,1.60757,1.00,1.00
2014.12.16 07:27:57.337,1.60723,1.60759,1.00,1.00
2014.12.16 07:27:57.860,1.60723,1.60758,1.00,1.00
2014.12.16 07:28:00.977,1.60722,1.60758,1.00,1.00
2014.12.16 07:28:01.097,1.60724,1.60758,1.00,1.00
2014.12.16 07:28:01.299,1.60727,1.60763,1.00,1.00
2014.12.16 07:28:01.450,1.60732,1.6077,1.00,1.50
2014.12.16 07:28:01.551,1.60737,1.6077,1.00,1.00
2014.12.16 07:28:01.652,1.60737,1.60774,1.00,1.00
2014.12.16 07:28:01.905,1.60741,1.60774,1.00,1.00
2014.12.16 07:28:02.541,1.60736,1.6077,1.00,1.00
2014.12.16 07:28:02.642,1.60733,1.60768,1.00,1.00
2014.12.16 07:28:02.742,1.60731,1.60768,1.00,1.00
2014.12.16 07:28:02.894,1.60727,1.60768,1.00,1.00
2014.12.16 07:28:03.541,1.60728,1.60768,1.00,1.00
2014.12.16 07:28:04.266,1.60728,1.60766,1.00,1.00
2014.12.16 07:28:05.838,1.60727,1.60766,1.00,1.00
2014.12.16 07:28:06.137,1.60727,1.60768,1.00,1.00
2014.12.16 07:28:07.488,1.60727,1.60769,1.00,1.00
2014.12.16 07:28:07.539,1.60732,1.60769,1.00,1.00
2014.12.16 07:28:07.589,1.60732,1.60771,1.00,1.50
2014.12.16 07:28:07.640,1.60734,1.60771,1.00,1.00
2014.12.16 07:28:07.959,1.60736,1.60777,1.00,1.00
2014.12.16 07:28:08.060,1.60734,1.60777,1.00,1.00
2014.12.16 07:28:08.162,1.60731,1.60777,1.00,1.12
2014.12.16 07:28:09.327,1.60731,1.60774,1.00,1.00
2014.12.16 07:28:09.637,1.60729,1.60771,1.00,1.00
2014.12.16 07:28:09.789,1.60728,1.60773,1.00,1.00
2014.12.16 07:28:09.840,1.60723,1.60773,1.00,1.00
2014.12.16 07:28:09.890,1.60723,1.60772,1.00,1.37
2014.12.16 07:28:09.941,1.60715,1.60766,1.00,1.00
2014.12.16 07:28:10.042,1.60715,1.60772,1.00,1.75
2014.12.16 07:28:10.256,1.60712,1.60767,1.00,1.00
2014.12.16 07:28:10.307,1.60712,1.60766,1.00,1.37
2014.12.16 07:28:10.357,1.60709,1.60766,1.00,1.75
2014.12.16 07:28:10.820,1.60711,1.60766,1.00,1.75
2014.12.16 07:28:10.921,1.60711,1.60768,1.00,1.75
2014.12.16 07:28:11.027,1.60711,1.60771,1.00,2.25
2014.12.16 07:28:11.229,1.60713,1.60766,1.00,1.00
2014.12.16 07:28:11.385,1.60708,1.60766,1.12,1.00
2014.12.16 07:28:12.609,1.60704,1.60765,1.00,1.75
2014.12.16 07:28:13.024,1.60704,1.60757,1.00,1.00
2014.12.16 07:28:13.225,1.60704,1.60763,1.50,1.00
2014.12.16 07:28:13.276,1.60704,1.60763,1.87,1.00
2014.12.16 07:28:13.657,1.60703,1.60756,1.00,1.00
2014.12.16 07:28:13.966,1.60704,1.60751,1.00,1.50
2014.12.16 07:28:14.308,1.60704,1.60748,1.00,1.00
2014.12.16 07:28:14.459,1.60701,1.60748,1.50,1.00
2014.12.16 07:28:15.898,1.60704,1.60748,1.00,1.00
2014.12.16 07:28:16.049,1.60704,1.60752,1.00,1.00
2014.12.16 07:28:16.512,1.60707,1.60754,1.00,1.00
2014.12.16 07:28:25.974,1.60707,1.6075,1.00,1.00
2014.12.16 07:28:28.166,1.60707,1.60751,1.00,1.00
2014.12.16 07:28:28.613,1.60707,1.60747,1.00,1.00
2014.12.16 07:28:28.916,1.60698,1.60741,1.00,1.00
2014.12.16 07:28:28.967,1.60697,1.60738,1.00,1.00
2014.12.16 07:28:29.017,1.60695,1.60738,1.00,1.00
2014.12.16 07:28:29.068,1.60695,1.60731,1.00,1.00
2014.12.16 07:28:29.371,1.60676,1.60724,1.75,1.00
2014.12.16 07:28:29.422,1.60676,1.60734,1.75,1.75
2014.12.16 07:28:29.926,1.60679,1.60736,1.75,2.25
2014.12.16 07:28:29.976,1.6068,1.6074,1.12,1.75
2014.12.16 07:28:30.027,1.60683,1.60742,1.50,1.50
2014.12.16 07:28:30.077,1.60687,1.60742,1.00,1.00
2014.12.16 07:28:30.380,1.60687,1.60736,1.00,1.00
2014.12.16 07:28:30.531,1.60687,1.60742,1.00,1.00
2014.12.16 07:28:30.733,1.60687,1.6074,1.00,1.00
2014.12.16 07:28:31.036,1.60689,1.60746,1.75,1.87
2014.12.16 07:28:31.338,1.607,1.60742,1.00,1.00
2014.12.16 07:28:31.489,1.60701,1.60744,1.00,1.00
2014.12.16 07:28:31.590,1.60694,1.60744,1.75,1.00
2014.12.16 07:28:31.691,1.60694,1.6075,1.75,1.00
2014.12.16 07:28:31.742,1.60694,1.60746,1.75,1.00
2014.12.16 07:28:33.693,1.60694,1.60736,1.75,1.00
2014.12.16 07:28:34.062,1.60688,1.60736,1.75,1.00
2014.12.16 07:28:34.163,1.60685,1.6074,1.00,1.00
2014.12.16 07:28:34.314,1.6069,1.60737,1.00,1.00
2014.12.16 07:28:34.618,1.60693,1.60738,1.00,1.50
2014.12.16 07:28:34.870,1.60694,1.6074,1.00,1.00
2014.12.16 07:28:35.072,1.60696,1.60743,1.00,1.00
2014.12.16 07:28:35.122,1.60701,1.60743,1.12,1.00
2014.12.16 07:28:35.224,1.60703,1.60746,1.00,1.00
2014.12.16 07:28:35.325,1.60707,1.60746,1.00,1.00
2014.12.16 07:28:35.375,1.60707,1.60753,1.00,1.00
2014.12.16 07:28:35.476,1.60707,1.60756,1.50,1.50
2014.12.16 07:28:35.527,1.6071,1.60756,1.00,1.00
2014.12.16 07:28:35.829,1.60711,1.60756,1.87,1.00
2014.12.16 07:28:36.074,1.60714,1.60763,1.75,1.50
2014.12.16 07:28:38.256,1.60714,1.60766,2.25,1.50
2014.12.16 07:28:40.587,1.60716,1.60766,1.37,3.00
2014.12.16 07:28:40.637,1.60715,1.60756,1.00,1.00
2014.12.16 07:28:40.688,1.60707,1.60756,1.37,1.00
2014.12.16 07:28:40.791,1.60707,1.60756,1.00,1.00
2014.12.16 07:28:41.006,1.60705,1.60753,1.00,1.00
2014.12.16 07:28:41.309,1.60694,1.60746,1.75,1.00
2014.12.16 07:28:41.360,1.60692,1.60746,1.00,1.00
2014.12.16 07:28:41.561,1.60694,1.60745,1.00,1.00
2014.12.16 07:28:41.864,1.607,1.6075,1.00,1.00
2014.12.16 07:28:42.248,1.60694,1.60746,1.75,1.00
2014.12.16 07:28:48.857,1.60694,1.60755,2.25,1.75
2014.12.16 07:28:49.544,1.60694,1.60746,1.75,1.00
2014.12.16 07:28:52.027,1.60697,1.60746,1.75,1.00
2014.12.16 07:28:52.178,1.60701,1.60751,1.00,1.00
2014.12.16 07:28:55.518,1.607,1.60751,1.00,1.50
2014.12.16 07:28:55.905,1.60697,1.60749,1.87,1.00
2014.12.16 07:28:57.681,1.60699,1.6075,1.00,1.00
2014.12.16 07:28:59.094,1.60699,1.60751,1.00,1.50
2014.12.16 07:28:59.415,1.60699,1.60749,1.00,1.00
2014.12.16 07:29:03.308,1.607,1.60751,1.00,1.00
2014.12.16 07:29:03.915,1.60698,1.60751,1.50,1.00
2014.12.16 07:29:04.067,1.60698,1.60743,1.00,1.00
2014.12.16 07:29:04.117,1.60694,1.60743,1.00,1.00
2014.12.16 07:29:04.435,1.60696,1.60743,1.00,1.00
2014.12.16 07:29:04.788,1.60697,1.60746,1.00,1.12
2014.12.16 07:29:05.016,1.60696,1.60743,1.50,1.00
2014.12.16 07:29:05.595,1.60697,1.60744,1.00,1.00
2014.12.16 07:29:07.440,1.607,1.60744,1.75,1.00
2014.12.16 07:29:08.210,1.60706,1.60748,1.00,1.00
2014.12.16 07:29:08.311,1.60706,1.60752,1.37,1.00
2014.12.16 07:29:08.636,1.6071,1.60754,1.00,1.00
2014.12.16 07:29:08.687,1.60714,1.60754,1.00,1.00
2014.12.16 07:29:08.738,1.60714,1.60756,1.37,1.50
2014.12.16 07:29:09.272,1.60712,1.60757,2.25,1.00
2014.12.16 07:29:10.116,1.6071,1.60757,1.50,1.00
2014.12.16 07:29:10.167,1.6071,1.60757,1.12,1.00
2014.12.16 07:29:10.596,1.6071,1.60755,1.12,1.00
2014.12.16 07:29:11.183,1.60706,1.60754,1.75,1.00
2014.12.16 07:29:11.486,1.60711,1.60756,1.00,1.00
2014.12.16 07:29:11.537,1.60714,1.60756,1.00,1.00
2014.12.16 07:29:11.890,1.60714,1.60764,1.50,1.00
2014.12.16 07:29:12.192,1.60714,1.60761,1.50,1.00
2014.12.16 07:29:12.293,1.60714,1.60763,1.00,1.00
2014.12.16 07:29:12.394,1.60712,1.6076,1.00,1.00
2014.12.16 07:29:12.546,1.60705,1.60754,1.12,1.00
2014.12.16 07:29:12.597,1.60705,1.60751,1.12,1.00
2014.12.16 07:29:12.647,1.60702,1.60751,1.50,1.00
2014.12.16 07:29:13.207,1.60701,1.60751,1.00,1.50
2014.12.16 07:29:13.409,1.60704,1.60752,1.00,1.00
2014.12.16 07:29:13.713,1.60702,1.60749,1.00,1.00
2014.12.16 07:29:14.015,1.60694,1.60743,1.12,1.00
2014.12.16 07:29:14.116,1.60694,1.60745,1.12,1.50
2014.12.16 07:29:14.386,1.60693,1.60753,1.37,1.75
2014.12.16 07:29:16.748,1.60695,1.60753,1.37,1.37
2014.12.16 07:29:16.849,1.60699,1.60754,1.00,1.00
2014.12.16 07:29:19.138,1.60701,1.60757,1.75,1.00
2014.12.16 07:29:19.448,1.60704,1.60755,1.12,1.00
2014.12.16 07:29:20.738,1.60708,1.60757,1.00,1.12
2014.12.16 07:29:20.890,1.60711,1.60762,1.00,1.00
2014.12.16 07:29:21.091,1.6071,1.60759,1.12,1.00
2014.12.16 07:29:21.192,1.6071,1.60761,1.12,1.00
2014.12.16 07:29:21.444,1.60714,1.6076,1.00,1.00
2014.12.16 07:29:21.770,1.60714,1.60758,1.00,1.00
2014.12.16 07:29:22.183,1.60713,1.6076,1.75,1.00
2014.12.16 07:29:25.169,1.60712,1.60762,1.75,1.00
2014.12.16 07:29:29.013,1.60711,1.6076,1.75,1.00
2014.12.16 07:29:29.328,1.60711,1.60758,2.25,1.00
2014.12.16 07:29:29.379,1.60711,1.60758,1.00,1.00
2014.12.16 07:29:29.990,1.60708,1.60758,1.50,1.00
2014.12.16 07:29:31.236,1.60709,1.60758,1.00,1.87
2014.12.16 07:29:31.405,1.60708,1.60756,1.00,1.00
2014.12.16 07:29:31.816,1.60706,1.60754,1.50,1.00
2014.12.16 07:29:32.636,1.60706,1.60751,1.00,1.00
2014.12.16 07:29:32.938,1.60702,1.60751,1.00,1.00
2014.12.16 07:29:33.515,1.60702,1.6075,1.00,1.00
2014.12.16 07:29:34.816,1.60702,1.60746,1.00,1.00
2014.12.16 07:29:34.917,1.60699,1.60746,1.50,1.00
2014.12.16 07:29:35.370,1.60705,1.60756,1.00,1.00
2014.12.16 07:29:35.421,1.60705,1.6076,1.00,1.00
2014.12.16 07:29:39.629,1.60705,1.6076,1.00,1.87
2014.12.16 07:29:39.931,1.60703,1.60748,1.00,1.00
2014.12.16 07:29:40.032,1.60699,1.60747,1.00,1.00
2014.12.16 07:29:40.185,1.60697,1.60746,1.00,1.00
2014.12.16 07:29:40.315,1.60697,1.60744,1.00,1.00
2014.12.16 07:29:40.735,1.60699,1.60744,1.00,1.00
2014.12.16 07:29:41.284,1.60697,1.60744,1.00,1.50
2014.12.16 07:29:41.335,1.60697,1.60742,1.00,1.00
2014.12.16 07:29:45.605,1.60698,1.6074,1.00,1.00
2014.12.16 07:29:45.706,1.60695,1.6074,1.00,1.00
2014.12.16 07:29:46.264,1.60698,1.60742,1.00,1.00
2014.12.16 07:29:46.604,1.607,1.60744,1.00,1.00
2014.12.16 07:29:47.695,1.607,1.60745,1.00,1.00
2014.12.16 07:29:48.174,1.60704,1.60748,1.00,1.00
2014.12.16 07:29:48.225,1.60706,1.60751,1.00,1.00
2014.12.16 07:29:48.466,1.60706,1.60747,1.00,1.00
2014.12.16 07:29:48.567,1.60703,1.60745,1.00,1.00
2014.12.16 07:29:48.718,1.60703,1.60743,1.00,1.00
2014.12.16 07:29:48.919,1.607,1.60742,1.00,1.00
2014.12.16 07:29:49.020,1.607,1.60747,1.00,1.67
2014.12.16 07:29:50.028,1.607,1.60745,1.00,1.00
2014.12.16 07:29:50.129,1.60697,1.60743,1.12,1.00
2014.12.16 07:29:50.331,1.60699,1.60742,1.00,1.00
2014.12.16 07:29:50.904,1.60699,1.60741,1.00,1.00
2014.12.16 07:29:53.825,1.60697,1.60741,1.00,1.00
2014.12.16 07:29:54.609,1.60697,1.60741,1.00,1.50
2014.12.16 07:29:55.131,1.60698,1.60741,1.00,1.50
2014.12.16 07:29:56.685,1.60696,1.60741,1.00,2.25
2014.12.16 07:29:58.446,1.60695,1.6074,1.00,1.12
2014.12.16 07:29:58.497,1.60695,1.60737,1.00,1.12
2014.12.16 07:29:58.597,1.60691,1.60735,1.00,1.00
2014.12.16 07:29:59.228,1.60688,1.60735,1.00,1.50
2014.12.16 07:29:59.329,1.6069,1.60737,1.00,1.50
2014.12.16 07:29:59.480,1.60694,1.60741,1.00,1.12
2014.12.16 07:29:59.682,1.60694,1.60739,1.00,1.00
2014.12.16 07:30:00.121,1.60692,1.60737,1.87,1.00
2014.12.16 07:30:00.436,1.60694,1.60739,1.50,1.00
2014.12.16 07:30:00.688,1.60694,1.60754,1.75,1.75
2014.12.16 07:30:01.648,1.60694,1.6075,1.00,1.75
2014.12.16 07:30:05.308,1.60693,1.6075,1.12,1.75
2014.12.16 07:30:05.772,1.60703,1.6075,1.00,1.75
2014.12.16 07:30:06.298,1.60704,1.6075,1.00,1.75
2014.12.16 07:30:06.449,1.60693,1.6075,1.12,1.75
2014.12.16 07:30:06.961,1.60694,1.6075,1.00,1.75
2014.12.16 07:30:10.717,1.60693,1.60748,1.12,1.75
2014.12.16 07:30:11.236,1.60694,1.6075,1.00,1.75
2014.12.16 07:30:11.545,1.60704,1.6075,1.00,1.75
2014.12.16 07:30:14.567,1.60703,1.60748,1.00,1.75
2014.12.16 07:30:16.306,1.60703,1.60744,1.00,1.00
2014.12.16 07:30:16.558,1.60693,1.60742,1.00,1.50
2014.12.16 07:30:16.782,1.60694,1.60736,1.00,1.00
2014.12.16 07:30:16.883,1.6069,1.60735,1.00,1.00
2014.12.16 07:30:16.984,1.60704,1.60735,1.00,1.00
2014.12.16 07:30:17.314,1.60704,1.60733,1.00,1.00
2014.12.16 07:30:17.637,1.60694,1.60728,1.00,1.00
2014.12.16 07:30:17.738,1.60704,1.60728,1.00,1.50
2014.12.16 07:30:17.916,1.60704,1.60731,1.00,2.25
2014.12.16 07:30:17.967,1.60694,1.60731,1.00,1.50
2014.12.16 07:30:18.378,1.60693,1.60727,1.00,1.00
2014.12.16 07:30:18.887,1.60694,1.60727,1.00,1.00
2014.12.16 07:30:20.816,1.60693,1.60727,1.00,1.00
2014.12.16 07:30:22.425,1.60693,1.60726,1.00,1.00
2014.12.16 07:30:25.562,1.60694,1.60726,1.00,1.00
2014.12.16 07:30:26.740,1.60694,1.60727,1.00,1.00
2014.12.16 07:30:26.841,1.60694,1.60731,1.00,1.00
2014.12.16 07:30:26.943,1.60693,1.60736,1.00,1.12
2014.12.16 07:30:27.479,1.60693,1.60732,1.00,1.75
2014.12.16 07:30:27.731,1.60683,1.6072,1.00,1.00
2014.12.16 07:30:27.832,1.60684,1.60722,1.00,1.00
2014.12.16 07:30:27.983,1.60694,1.60721,1.00,1.00
2014.12.16 07:30:28.629,1.60684,1.60721,1.00,1.00
2014.12.16 07:30:29.237,1.60684,1.6072,1.00,1.00
2014.12.16 07:30:29.488,1.60684,1.60718,1.00,1.00
2014.12.16 07:30:32.466,1.60684,1.60721,1.00,1.00
2014.12.16 07:30:32.566,1.60684,1.60726,1.00,1.00
2014.12.16 07:30:32.718,1.60684,1.60724,1.00,1.00
2014.12.16 07:30:33.049,1.60693,1.60723,1.00,1.00
2014.12.16 07:30:37.316,1.60694,1.60723,1.00,1.00
2014.12.16 07:30:38.413,1.60694,1.60724,1.00,1.00
2014.12.16 07:30:38.565,1.60684,1.60719,1.00,1.00
2014.12.16 07:30:38.766,1.60684,1.60716,1.00,1.00
2014.12.16 07:30:39.325,1.60684,1.60714,1.00,1.00
2014.12.16 07:30:39.605,1.60684,1.60717,1.00,1.00
2014.12.16 07:30:42.004,1.60684,1.60718,1.00,1.00
2014.12.16 07:30:42.207,1.60684,1.6072,1.00,1.50
2014.12.16 07:30:42.509,1.60684,1.60717,1.00,1.00
2014.12.16 07:30:42.766,1.60684,1.60719,1.00,1.00
2014.12.16 07:30:43.366,1.60694,1.60719,1.00,1.00
2014.12.16 07:30:43.467,1.60694,1.60721,1.00,1.50
2014.12.16 07:30:43.719,1.60694,1.60725,1.00,1.00
2014.12.16 07:30:46.548,1.60694,1.60728,1.00,1.00
2014.12.16 07:30:46.649,1.60694,1.6073,1.00,1.00
2014.12.16 07:30:50.053,1.60694,1.60732,1.00,1.00
2014.12.16 07:30:50.154,1.60689,1.60732,1.00,1.00
2014.12.16 07:30:50.204,1.60704,1.60732,1.00,1.00
2014.12.16 07:30:50.305,1.60693,1.60732,1.00,1.00
2014.12.16 07:30:50.625,1.60704,1.60732,1.00,1.00
2014.12.16 07:30:51.395,1.60694,1.60732,1.00,1.00
2014.12.16 07:30:52.677,1.60694,1.60729,1.00,1.00
2014.12.16 07:30:52.828,1.60693,1.60733,1.00,1.00
2014.12.16 07:30:52.879,1.60693,1.60735,1.00,1.00
2014.12.16 07:30:52.980,1.60704,1.60739,1.00,1.00
2014.12.16 07:30:54.116,1.60704,1.6074,1.00,1.00
2014.12.16 07:30:54.625,1.60703,1.6074,1.00,1.00
2014.12.16 07:30:54.953,1.60703,1.60738,1.00,1.00
2014.12.16 07:30:55.476,1.60704,1.60738,1.00,1.00
2014.12.16 07:30:55.910,1.60693,1.60736,1.50,1.00
2014.12.16 07:30:56.011,1.60693,1.60734,1.00,1.00
2014.12.16 07:30:56.330,1.60694,1.6074,1.50,1.00
2014.12.16 07:30:56.481,1.60704,1.6074,1.00,1.00
2014.12.16 07:30:57.567,1.60695,1.6074,1.60,1.00
2014.12.16 07:30:57.668,1.60713,1.60745,1.00,1.50
2014.12.16 07:30:57.768,1.60713,1.60748,1.00,1.00
2014.12.16 07:30:58.782,1.60705,1.60748,1.50,1.00
2014.12.16 07:30:59.318,1.60706,1.60748,1.00,1.00
2014.12.16 07:30:59.976,1.60713,1.60748,1.00,1.00
2014.12.16 07:31:01.867,1.60705,1.60748,1.00,1.00
2014.12.16 07:31:01.917,1.60704,1.60744,1.50,1.00
2014.12.16 07:31:02.225,1.60713,1.60744,1.00,1.00
2014.12.16 07:31:05.015,1.60713,1.60746,1.00,1.00
2014.12.16 07:31:05.116,1.60713,1.60748,1.00,1.00
2014.12.16 07:31:05.167,1.60711,1.60748,1.00,1.00
2014.12.16 07:31:05.267,1.60714,1.60748,1.00,1.00
2014.12.16 07:31:05.368,1.60709,1.6075,1.00,1.00
2014.12.16 07:31:05.519,1.60712,1.6075,1.00,1.00
2014.12.16 07:31:05.570,1.60712,1.60752,1.00,1.00
2014.12.16 07:31:05.621,1.60707,1.60751,1.00,1.00
2014.12.16 07:31:05.721,1.60713,1.60747,1.00,1.00
2014.12.16 07:31:05.822,1.60704,1.60745,1.00,1.50
2014.12.16 07:31:05.973,1.60704,1.60738,1.00,1.00
2014.12.16 07:31:06.175,1.60694,1.60732,1.00,1.00
2014.12.16 07:31:06.326,1.60694,1.6073,1.00,1.00
2014.12.16 07:31:06.643,1.60703,1.60729,1.00,1.50
2014.12.16 07:31:06.693,1.60694,1.60729,1.00,1.50
2014.12.16 07:31:07.311,1.60694,1.60727,1.00,1.00
2014.12.16 07:31:12.426,1.60694,1.60726,1.00,1.00
2014.12.16 07:31:12.528,1.60685,1.60724,1.00,1.00
2014.12.16 07:31:12.629,1.60684,1.60722,1.00,1.00
2014.12.16 07:31:12.931,1.60683,1.6072,1.00,1.00
2014.12.16 07:31:15.900,1.60683,1.60723,1.00,1.00
2014.12.16 07:31:16.001,1.60684,1.60725,1.00,1.50
2014.12.16 07:31:16.178,1.60693,1.60722,1.00,1.00
2014.12.16 07:31:16.279,1.60683,1.6072,1.00,1.00
2014.12.16 07:31:16.812,1.60683,1.60719,1.00,1.00
2014.12.16 07:31:16.963,1.60683,1.60717,1.00,1.00
2014.12.16 07:31:23.719,1.60683,1.60716,1.00,1.00
2014.12.16 07:31:23.820,1.60683,1.60718,1.00,1.00
2014.12.16 07:31:35.644,1.60684,1.60718,1.00,1.00
2014.12.16 07:31:35.695,1.60684,1.60715,1.00,1.00
2014.12.16 07:31:35.745,1.60674,1.60715,1.00,1.00
2014.12.16 07:31:36.284,1.60673,1.60714,1.00,1.00
2014.12.16 07:31:37.004,1.60673,1.60716,1.00,1.00
2014.12.16 07:31:40.458,1.60674,1.60717,1.00,1.00
2014.12.16 07:31:41.022,1.60673,1.60716,1.50,3.00
2014.12.16 07:31:41.378,1.60684,1.60716,1.00,3.00
2014.12.16 07:31:45.263,1.60684,1.60718,1.00,1.00
2014.12.16 07:31:45.743,1.60684,1.60721,1.00,1.00
2014.12.16 07:31:46.603,1.60684,1.60719,1.00,1.00
2014.12.16 07:31:46.976,1.60684,1.60717,1.00,1.00
2014.12.16 07:31:48.594,1.60675,1.60717,1.00,1.50
2014.12.16 07:31:49.033,1.60683,1.60717,1.00,1.50
2014.12.16 07:31:58.423,1.60675,1.60717,1.00,1.50
2014.12.16 07:31:59.993,1.60674,1.60715,1.00,1.00
2014.12.16 07:32:16.192,1.60674,1.60713,1.00,1.00
2014.12.16 07:32:24.633,1.60674,1.60712,1.00,1.00
2014.12.16 07:32:39.287,1.60674,1.60714,1.00,1.00
2014.12.16 07:32:39.887,1.60673,1.60714,1.50,1.00
2014.12.16 07:32:40.425,1.60674,1.60715,1.00,1.00
2014.12.16 07:32:44.653,1.60673,1.60714,1.50,1.00
2014.12.16 07:32:46.384,1.60674,1.60714,1.00,1.00
2014.12.16 07:32:46.535,1.60677,1.60718,1.00,1.00
2014.12.16 07:32:47.223,1.60683,1.60718,1.00,1.00
2014.12.16 07:32:48.433,1.60677,1.60718,1.00,1.00
2014.12.16 07:32:48.635,1.60679,1.6072,1.00,1.00
2014.12.16 07:32:48.938,1.60686,1.60727,1.00,1.00
2014.12.16 07:32:49.140,1.60683,1.60725,1.00,1.00
2014.12.16 07:32:49.191,1.60686,1.60727,1.00,1.00
2014.12.16 07:32:49.549,1.60694,1.60727,1.00,1.00
2014.12.16 07:32:49.653,1.60686,1.60727,1.00,1.00
2014.12.16 07:32:53.787,1.60689,1.60727,1.00,1.00
2014.12.16 07:32:54.046,1.6069,1.60731,1.00,1.00
2014.12.16 07:32:54.358,1.60692,1.60731,1.00,1.00
2014.12.16 07:32:54.695,1.60694,1.60731,1.00,1.00
2014.12.16 07:33:04.084,1.6069,1.60731,1.50,1.00
2014.12.16 07:33:04.135,1.60694,1.60734,1.00,1.00
2014.12.16 07:33:04.452,1.60694,1.60731,1.00,1.00
2014.12.16 07:33:05.777,1.60694,1.60735,1.00,1.00
2014.12.16 07:33:06.299,1.60694,1.60734,1.00,1.00
2014.12.16 07:33:06.667,1.60697,1.60734,1.00,1.00
2014.12.16 07:33:11.163,1.60696,1.60734,1.00,1.00
2014.12.16 07:33:11.519,1.60694,1.60734,1.00,1.00
2014.12.16 07:33:12.062,1.60694,1.60735,1.50,1.00
2014.12.16 07:33:13.052,1.60694,1.60735,1.50,1.60
2014.12.16 07:33:13.373,1.60696,1.60735,1.00,1.60
2014.12.16 07:33:16.142,1.60696,1.60735,1.00,1.00
2014.12.16 07:33:16.243,1.607,1.6074,1.00,1.60
2014.12.16 07:33:16.552,1.60704,1.6074,1.00,1.60
2014.12.16 07:33:17.280,1.607,1.60739,1.00,1.60
2014.12.16 07:33:17.331,1.60698,1.60739,1.00,1.60
2014.12.16 07:33:17.482,1.60695,1.60737,1.00,1.00
2014.12.16 07:33:17.583,1.60694,1.60735,1.50,1.00
2014.12.16 07:33:18.086,1.60694,1.60734,1.50,1.00
2014.12.16 07:33:19.874,1.60694,1.60735,2.25,1.00
2014.12.16 07:33:20.177,1.60703,1.60738,1.00,1.00
2014.12.16 07:33:20.227,1.60704,1.6074,1.00,1.00
2014.12.16 07:33:20.515,1.60703,1.60742,1.00,1.00
2014.12.16 07:33:27.815,1.60699,1.60742,1.50,1.00
2014.12.16 07:33:30.632,1.60701,1.60744,1.00,1.00
2014.12.16 07:33:30.952,1.60701,1.60737,1.00,1.00
2014.12.16 07:33:31.003,1.60701,1.60744,1.00,1.00
2014.12.16 07:33:34.192,1.60703,1.60746,1.00,1.50
2014.12.16 07:33:34.501,1.60701,1.60743,1.00,1.00
2014.12.16 07:33:36.382,1.607,1.60738,1.00,1.00
2014.12.16 07:33:38.478,1.60698,1.60738,1.00,1.00
2014.12.16 07:33:41.181,1.60697,1.60738,1.50,1.00
2014.12.16 07:33:43.109,1.60697,1.60737,1.00,1.00
2014.12.16 07:33:43.789,1.60696,1.60736,1.00,1.00
2014.12.16 07:33:49.111,1.60694,1.60735,1.00,1.00
2014.12.16 07:33:49.212,1.60692,1.60735,1.00,1.00
2014.12.16 07:33:54.184,1.6069,1.60733,1.00,1.00
2014.12.16 07:33:55.529,1.60688,1.60731,1.00,1.00
2014.12.16 07:33:56.634,1.60688,1.60726,1.00,1.00
2014.12.16 07:33:57.158,1.60688,1.60727,1.00,1.00
2014.12.16 07:33:58.789,1.60688,1.60724,1.00,1.00
2014.12.16 07:33:58.943,1.6068,1.60718,1.00,1.00
2014.12.16 07:33:59.136,1.60678,1.60719,1.00,1.60
2014.12.16 07:33:59.388,1.60679,1.6072,1.00,1.00
2014.12.16 07:33:59.691,1.60678,1.60718,1.00,1.00
2014.12.16 07:33:59.792,1.6068,1.60723,1.00,1.00
2014.12.16 07:34:00.251,1.60684,1.60724,1.00,1.00
2014.12.16 07:34:00.852,1.60684,1.60725,1.00,1.00
2014.12.16 07:34:01.822,1.60684,1.60716,1.00,1.00
2014.12.16 07:34:02.582,1.60684,1.60725,1.00,1.00
2014.12.16 07:34:02.783,1.60682,1.60723,1.00,1.00
2014.12.16 07:34:03.158,1.60682,1.60716,1.00,1.00
2014.12.16 07:34:04.315,1.60686,1.60716,1.00,1.00
2014.12.16 07:34:04.366,1.60686,1.60726,1.00,1.50
2014.12.16 07:34:04.416,1.60691,1.60726,1.00,1.00
2014.12.16 07:34:04.568,1.60692,1.60733,1.00,1.00
2014.12.16 07:34:04.619,1.60695,1.60733,1.00,1.00
2014.12.16 07:34:04.669,1.60695,1.60735,1.00,1.00
2014.12.16 07:34:04.874,1.60698,1.60736,1.00,1.00
2014.12.16 07:34:05.176,1.60695,1.60736,1.00,1.50
2014.12.16 07:34:05.401,1.60697,1.60736,1.00,1.00
2014.12.16 07:34:05.872,1.60694,1.60736,1.00,1.00
2014.12.16 07:34:06.530,1.60692,1.60733,1.00,1.00
2014.12.16 07:34:08.518,1.60694,1.60736,1.00,1.00
2014.12.16 07:34:09.053,1.60697,1.60736,1.00,1.00
2014.12.16 07:34:09.587,1.60695,1.60736,1.00,1.00
2014.12.16 07:34:12.352,1.60698,1.60737,1.00,1.50
2014.12.16 07:34:12.454,1.60699,1.60742,1.50,1.00
2014.12.16 07:34:12.554,1.60702,1.60743,1.00,1.00
2014.12.16 07:34:12.857,1.60704,1.60745,1.00,1.00
2014.12.16 07:34:13.362,1.60704,1.60744,1.00,1.00
2014.12.16 07:34:15.172,1.60703,1.60744,1.50,1.00
2014.12.16 07:34:15.633,1.60706,1.60747,1.00,1.00
2014.12.16 07:34:15.935,1.60708,1.60749,1.00,1.00
2014.12.16 07:34:15.986,1.60705,1.60748,1.00,1.00
2014.12.16 07:34:16.087,1.60707,1.60748,1.00,1.00
2014.12.16 07:34:16.590,1.60706,1.60747,1.00,1.00
2014.12.16 07:34:16.892,1.60706,1.60744,1.00,1.00
2014.12.16 07:34:17.181,1.60706,1.60747,1.00,1.50
2014.12.16 07:34:17.370,1.60706,1.60745,1.00,1.00
2014.12.16 07:34:17.734,1.60704,1.60743,1.00,1.00
2014.12.16 07:34:19.162,1.60704,1.60745,1.00,1.50
2014.12.16 07:34:20.131,1.60706,1.60747,1.00,1.00
2014.12.16 07:34:20.282,1.60706,1.60749,1.00,1.50
2014.12.16 07:34:20.484,1.60708,1.6075,1.00,1.00
2014.12.16 07:34:20.891,1.60714,1.60751,1.00,1.00
2014.12.16 07:34:21.163,1.60708,1.60751,1.00,1.00
2014.12.16 07:34:21.264,1.60707,1.60748,1.00,1.00
2014.12.16 07:34:23.466,1.60706,1.60745,1.00,1.00
2014.12.16 07:34:23.678,1.60704,1.60746,1.00,1.50
2014.12.16 07:34:23.843,1.60702,1.60746,1.00,2.25
2014.12.16 07:34:24.351,1.60703,1.60746,1.00,1.50
2014.12.16 07:34:24.682,1.60703,1.60744,1.00,1.00
2014.12.16 07:34:26.072,1.60701,1.60744,1.00,1.00
2014.12.16 07:34:29.958,1.60704,1.60745,1.00,1.00
2014.12.16 07:34:30.480,1.60703,1.60744,1.50,1.00
2014.12.16 07:34:37.104,1.60703,1.60741,1.00,1.00
2014.12.16 07:34:37.205,1.60703,1.60743,1.00,1.00
2014.12.16 07:34:37.306,1.60703,1.60746,1.50,1.00
2014.12.16 07:34:37.407,1.60707,1.6075,1.00,2.47
2014.12.16 07:34:37.512,1.60704,1.60748,1.00,1.00
2014.12.16 07:34:37.865,1.60704,1.60745,1.50,1.00
2014.12.16 07:34:38.383,1.60705,1.60746,1.00,1.00
2014.12.16 07:34:38.728,1.60704,1.60743,1.00,1.00
2014.12.16 07:34:39.333,1.60706,1.60745,1.00,1.00
2014.12.16 07:34:41.935,1.60705,1.60745,1.00,1.00
2014.12.16 07:34:42.281,1.60704,1.60742,1.50,1.00
2014.12.16 07:34:42.382,1.60702,1.60742,1.00,1.00
2014.12.16 07:34:42.584,1.607,1.60741,1.00,1.00
2014.12.16 07:34:42.692,1.60698,1.60738,1.00,1.00
2014.12.16 07:34:43.234,1.60698,1.60737,1.00,1.00
2014.12.16 07:34:43.539,1.60701,1.60739,1.00,1.00
2014.12.16 07:34:43.589,1.60701,1.60743,1.00,1.00
2014.12.16 07:34:43.690,1.607,1.60741,1.50,1.00
2014.12.16 07:34:44.239,1.60704,1.60741,1.00,1.00
2014.12.16 07:34:44.699,1.60704,1.60744,1.00,1.35
2014.12.16 07:34:47.557,1.60703,1.60746,1.00,2.85
2014.12.16 07:34:47.658,1.607,1.60743,1.00,1.00
2014.12.16 07:34:47.758,1.60697,1.60741,1.50,1.00
2014.12.16 07:34:47.859,1.60701,1.60744,1.00,1.35
2014.12.16 07:34:48.162,1.60704,1.60744,1.00,1.35
2014.12.16 07:34:48.756,1.60704,1.60742,1.00,1.00
2014.12.16 07:34:49.882,1.60704,1.60745,1.00,1.60
2014.12.16 07:34:50.084,1.60705,1.60754,1.00,1.00
2014.12.16 07:34:50.294,1.60714,1.60757,1.00,1.00
2014.12.16 07:34:51.420,1.60714,1.60757,1.00,1.37
2014.12.16 07:34:51.622,1.60708,1.60751,1.00,1.00
2014.12.16 07:34:51.723,1.60704,1.60741,1.00,1.00
2014.12.16 07:34:52.076,1.60705,1.60745,1.00,1.00
2014.12.16 07:34:52.177,1.60707,1.60748,1.00,1.00
2014.12.16 07:34:52.278,1.60709,1.6075,1.00,1.00
2014.12.16 07:34:52.580,1.60715,1.60756,1.00,1.00
2014.12.16 07:34:53.115,1.60715,1.60756,1.00,1.50
2014.12.16 07:35:13.315,1.60715,1.60756,1.00,1.12
2014.12.16 07:35:18.772,1.60717,1.60758,1.00,1.12
2014.12.16 07:35:18.873,1.60714,1.60757,1.00,1.00
2014.12.16 07:35:21.641,1.60719,1.6076,1.00,1.75
2014.12.16 07:35:26.964,1.60719,1.6076,1.00,1.00
2014.12.16 07:35:27.452,1.60719,1.60762,1.00,1.00
2014.12.16 07:35:27.604,1.60722,1.60763,1.00,1.50
2014.12.16 07:35:27.906,1.60725,1.60766,1.00,1.50
2014.12.16 07:35:28.362,1.60732,1.60772,1.00,1.37
2014.12.16 07:35:28.413,1.60732,1.60772,1.00,1.00
2014.12.16 07:35:28.464,1.60733,1.60776,1.00,1.87
2014.12.16 07:35:28.992,1.60734,1.60775,1.00,1.12
2014.12.16 07:35:30.423,1.60736,1.60776,1.00,1.87
2014.12.16 07:35:30.691,1.60734,1.60776,1.50,1.50
2014.12.16 07:35:30.792,1.60744,1.60786,1.00,1.00
2014.12.16 07:35:31.016,1.60745,1.60789,1.00,1.00
2014.12.16 07:35:31.133,1.60747,1.6079,1.00,1.00
2014.12.16 07:35:31.499,1.60749,1.60786,1.00,1.00
2014.12.16 07:35:33.506,1.60745,1.60786,1.00,1.00
2014.12.16 07:35:33.763,1.60744,1.60784,1.00,1.00
2014.12.16 07:35:33.983,1.60734,1.60776,1.00,1.00
2014.12.16 07:35:34.381,1.60736,1.60776,1.00,1.00
2014.12.16 07:35:35.201,1.60736,1.6078,1.00,1.00
2014.12.16 07:35:36.054,1.60739,1.6078,1.00,1.00
2014.12.16 07:35:36.256,1.6074,1.60783,1.50,1.00
2014.12.16 07:35:36.407,1.60743,1.60784,1.00,1.00
2014.12.16 07:35:37.182,1.60742,1.60785,1.00,1.35
2014.12.16 07:35:37.683,1.6074,1.60783,1.00,1.00
2014.12.16 07:35:38.566,1.60742,1.60783,1.00,1.00
2014.12.16 07:35:41.641,1.60742,1.60785,1.00,1.35
2014.12.16 07:35:46.591,1.60742,1.60783,1.50,1.00
2014.12.16 07:35:50.162,1.60738,1.60779,1.00,1.00
2014.12.16 07:35:50.662,1.6074,1.60781,1.00,1.00
2014.12.16 07:35:54.979,1.60738,1.60781,1.00,1.00
2014.12.16 07:35:55.080,1.60738,1.60777,1.00,1.00
2014.12.16 07:35:55.547,1.60738,1.6078,1.00,1.00
2014.12.16 07:35:57.293,1.60741,1.60782,1.00,1.00
2014.12.16 07:35:57.812,1.6074,1.60782,1.00,1.00
2014.12.16 07:35:58.801,1.6074,1.60783,1.00,1.00
2014.12.16 07:36:01.371,1.60739,1.60781,1.00,1.00
2014.12.16 07:36:02.460,1.60739,1.60782,1.00,1.00
2014.12.16 07:36:03.143,1.60739,1.60782,1.00,1.60
2014.12.16 07:36:03.345,1.60738,1.60779,1.00,1.00
2014.12.16 07:36:03.446,1.60745,1.60782,1.00,1.00
2014.12.16 07:36:03.547,1.60745,1.60786,1.00,1.87
2014.12.16 07:36:04.444,1.60748,1.60789,1.00,1.37
2014.12.16 07:36:04.494,1.60748,1.60789,1.00,1.00
2014.12.16 07:36:04.545,1.6075,1.60791,1.00,1.00
2014.12.16 07:36:05.182,1.60751,1.60794,1.00,1.50
2014.12.16 07:36:05.233,1.60751,1.60794,1.00,1.12
2014.12.16 07:36:05.434,1.60755,1.60798,1.00,1.12
2014.12.16 07:36:05.737,1.60754,1.60793,1.00,1.00
2014.12.16 07:36:05.841,1.60754,1.60797,1.50,1.00
2014.12.16 07:36:05.992,1.60751,1.60794,1.00,1.00
2014.12.16 07:36:06.318,1.60755,1.60795,1.00,1.00
2014.12.16 07:36:06.422,1.60753,1.60794,1.00,1.00
2014.12.16 07:36:08.480,1.60753,1.60793,1.00,1.00
2014.12.16 07:36:08.835,1.60754,1.60795,1.50,1.00
2014.12.16 07:36:08.935,1.60758,1.60801,1.00,1.00
2014.12.16 07:36:09.036,1.60753,1.60791,1.00,1.00
2014.12.16 07:36:09.188,1.6075,1.60791,1.00,1.00
2014.12.16 07:36:09.289,1.60748,1.60789,1.00,1.00
2014.12.16 07:36:09.598,1.60752,1.60793,1.50,1.00
2014.12.16 07:36:09.908,1.60755,1.60796,1.00,1.50
2014.12.16 07:36:10.421,1.60754,1.60795,1.50,1.00
2014.12.16 07:36:10.791,1.60757,1.60796,1.00,1.00
2014.12.16 07:36:10.901,1.60757,1.60798,1.00,1.00
2014.12.16 07:36:11.374,1.60752,1.60795,1.00,1.00
2014.12.16 07:36:11.793,1.60752,1.60793,1.50,1.00
2014.12.16 07:36:13.466,1.60753,1.60793,1.00,1.00
2014.12.16 07:36:14.640,1.60754,1.60796,1.00,1.00
2014.12.16 07:36:16.773,1.60752,1.60793,1.00,1.00
2014.12.16 07:36:17.147,1.60749,1.6079,1.00,1.00
2014.12.16 07:36:17.622,1.60749,1.60786,1.00,1.00
2014.12.16 07:36:18.276,1.60747,1.6079,1.00,1.00
2014.12.16 07:36:18.599,1.60747,1.60786,1.00,1.00
2014.12.16 07:36:19.239,1.60746,1.60786,1.00,1.00
2014.12.16 07:36:24.123,1.60748,1.60786,1.00,1.00
2014.12.16 07:36:30.260,1.60748,1.60776,1.00,1.00
2014.12.16 07:36:33.927,1.60753,1.60786,1.00,1.00
2014.12.16 07:36:34.202,1.60753,1.60796,1.00,1.00
2014.12.16 07:36:34.254,1.6076,1.60796,1.00,1.00
2014.12.16 07:36:34.671,1.60758,1.608,1.00,1.00
2014.12.16 07:36:34.772,1.60756,1.60796,1.00,1.00
2014.12.16 07:36:35.226,1.60754,1.60795,1.00,1.00
2014.12.16 07:36:36.038,1.60756,1.60795,1.00,1.00
2014.12.16 07:36:36.454,1.60754,1.60795,1.00,1.00
2014.12.16 07:36:38.192,1.60751,1.60793,1.00,1.00
2014.12.16 07:36:40.859,1.60748,1.60789,1.00,1.00
2014.12.16 07:36:41.161,1.60742,1.60783,1.00,1.00
2014.12.16 07:36:41.616,1.6074,1.60783,1.00,1.00
2014.12.16 07:36:41.960,1.60739,1.6078,1.00,1.00
2014.12.16 07:36:43.155,1.60737,1.60778,1.00,1.00
2014.12.16 07:36:44.581,1.60741,1.60782,1.00,1.00
2014.12.16 07:36:44.883,1.60733,1.60774,1.00,1.00
2014.12.16 07:36:45.560,1.60732,1.60773,1.00,1.00
2014.12.16 07:36:45.862,1.60744,1.60785,1.00,1.00
2014.12.16 07:36:46.164,1.60746,1.60786,1.00,1.00
2014.12.16 07:36:46.466,1.60756,1.60786,1.00,1.00
2014.12.16 07:36:47.275,1.60756,1.60796,1.00,1.00
2014.12.16 07:36:47.375,1.60753,1.60796,1.00,1.50
2014.12.16 07:36:47.577,1.60755,1.60796,1.00,1.00
2014.12.16 07:36:47.879,1.60757,1.60796,1.00,1.00
2014.12.16 07:36:48.235,1.60759,1.60797,1.00,1.00
2014.12.16 07:36:48.804,1.60759,1.60796,1.00,1.00
2014.12.16 07:36:49.510,1.60761,1.60796,1.00,1.00
2014.12.16 07:36:50.071,1.60763,1.60796,1.00,1.00
2014.12.16 07:36:52.543,1.60763,1.60805,1.50,1.00
2014.12.16 07:36:52.748,1.60766,1.60807,1.00,1.50
2014.12.16 07:36:53.465,1.60766,1.60806,1.00,1.00
2014.12.16 07:36:53.616,1.60762,1.60806,1.00,1.50
2014.12.16 07:36:53.666,1.60762,1.60797,1.00,1.00
2014.12.16 07:36:54.121,1.60762,1.60806,1.00,1.50
2014.12.16 07:36:54.171,1.6076,1.60803,1.12,1.35
2014.12.16 07:36:54.473,1.6076,1.60801,1.00,1.00
2014.12.16 07:36:54.810,1.60759,1.60796,1.00,1.00
2014.12.16 07:36:55.168,1.60761,1.60796,1.00,1.00
2014.12.16 07:36:55.680,1.60761,1.60797,1.50,1.00
2014.12.16 07:37:00.686,1.60761,1.60802,1.00,1.00
2014.12.16 07:37:00.737,1.60759,1.60799,1.00,1.00
2014.12.16 07:37:01.039,1.6076,1.60796,1.00,1.00
2014.12.16 07:37:01.241,1.60765,1.60806,1.00,1.35
2014.12.16 07:37:01.974,1.60767,1.60806,1.00,1.35
2014.12.16 07:37:02.979,1.60769,1.60806,1.00,1.35
2014.12.16 07:37:04.050,1.60768,1.60806,1.00,1.35
2014.12.16 07:37:04.582,1.60769,1.60806,1.00,1.35
2014.12.16 07:37:11.563,1.60771,1.60806,1.00,1.35
2014.12.16 07:37:13.069,1.60768,1.60806,1.50,1.35
2014.12.16 07:37:13.401,1.6077,1.60807,1.00,1.60
2014.12.16 07:37:13.948,1.60769,1.60807,1.00,1.60
2014.12.16 07:37:14.260,1.60757,1.60799,1.00,1.60
2014.12.16 07:37:14.411,1.60755,1.60795,1.00,1.60
2014.12.16 07:37:14.613,1.60752,1.60793,1.00,2.10
2014.12.16 07:37:14.714,1.60747,1.60788,1.50,1.00
2014.12.16 07:37:14.765,1.60754,1.60787,1.00,1.00
2014.12.16 07:37:15.067,1.60758,1.60792,1.00,1.60
2014.12.16 07:37:15.786,1.60756,1.60795,1.00,1.60
2014.12.16 07:37:15.887,1.60753,1.60793,1.00,1.60
2014.12.16 07:37:16.088,1.60755,1.60791,1.00,1.60
2014.12.16 07:37:16.390,1.60757,1.60793,1.00,1.60
2014.12.16 07:37:16.927,1.60758,1.60793,1.00,1.60
2014.12.16 07:37:17.434,1.60757,1.60793,1.00,1.60
2014.12.16 07:37:18.379,1.60755,1.60796,1.00,2.10
2014.12.16 07:37:18.932,1.60756,1.60792,1.00,1.60
2014.12.16 07:37:22.094,1.60754,1.60786,1.00,2.10
2014.12.16 07:37:22.144,1.60751,1.60786,1.00,2.10
2014.12.16 07:37:22.296,1.60748,1.60786,1.00,2.10
2014.12.16 07:37:22.397,1.6075,1.60787,1.00,1.00
2014.12.16 07:37:22.497,1.60747,1.60789,1.00,1.00
2014.12.16 07:37:22.548,1.60752,1.60793,1.00,1.00
2014.12.16 07:37:22.649,1.60747,1.60803,1.00,1.00
2014.12.16 07:37:22.750,1.60744,1.60806,2.25,1.00
2014.12.16 07:37:22.800,1.60742,1.60797,2.25,1.00
2014.12.16 07:37:23.318,1.60742,1.60797,1.37,1.00
2014.12.16 07:37:23.368,1.60742,1.60797,1.00,1.00
2014.12.16 07:37:23.872,1.6074,1.60797,1.50,1.00
2014.12.16 07:37:25.166,1.6074,1.60797,1.00,1.00
2014.12.16 07:37:25.695,1.6074,1.60796,1.00,1.00
2014.12.16 07:37:27.776,1.60736,1.60797,1.75,1.50
2014.12.16 07:37:28.079,1.60755,1.60796,1.00,1.00
2014.12.16 07:37:28.280,1.60759,1.60801,1.00,1.50
2014.12.16 07:37:28.381,1.60756,1.60799,1.60,1.00
2014.12.16 07:37:28.683,1.60759,1.60797,1.00,1.00
2014.12.16 07:37:28.935,1.60757,1.60796,1.00,1.00
2014.12.16 07:37:31.130,1.6076,1.60796,1.00,1.00
2014.12.16 07:37:31.231,1.60757,1.60796,1.00,1.00
2014.12.16 07:37:31.533,1.60764,1.60797,1.00,1.00
2014.12.16 07:37:31.886,1.60761,1.60796,1.00,1.00
2014.12.16 07:37:32.432,1.60764,1.60796,1.00,1.00
2014.12.16 07:37:32.584,1.60766,1.60807,1.00,1.50
2014.12.16 07:37:32.993,1.60768,1.60807,1.00,1.00
2014.12.16 07:37:33.195,1.60761,1.60804,1.00,1.00
2014.12.16 07:37:33.548,1.60763,1.60804,1.00,1.00
2014.12.16 07:37:33.699,1.60768,1.6081,1.00,1.00
2014.12.16 07:37:33.952,1.60768,1.60812,1.00,1.00
2014.12.16 07:37:34.053,1.60768,1.60807,1.00,1.00
2014.12.16 07:37:34.355,1.60771,1.60812,1.00,1.00
2014.12.16 07:37:36.759,1.60771,1.60807,1.00,1.00
2014.12.16 07:37:37.169,1.60767,1.60807,1.00,1.00
2014.12.16 07:37:37.688,1.60768,1.60807,1.00,1.00
2014.12.16 07:37:39.450,1.60767,1.60807,1.00,1.00
2014.12.16 07:37:39.987,1.60767,1.60806,1.00,1.00
2014.12.16 07:37:46.292,1.60763,1.60804,1.50,1.00
2014.12.16 07:37:46.494,1.60765,1.60806,1.00,1.50
2014.12.16 07:37:46.843,1.60763,1.60804,1.00,1.00
2014.12.16 07:37:47.148,1.60763,1.60796,1.00,1.00
2014.12.16 07:37:47.299,1.60761,1.60796,1.00,1.00
2014.12.16 07:37:47.501,1.60759,1.60796,1.00,1.00
2014.12.16 07:37:47.601,1.60761,1.60803,1.00,1.00
2014.12.16 07:37:47.757,1.60761,1.60796,1.00,1.00
2014.12.16 07:37:48.096,1.60761,1.60803,1.00,1.00
2014.12.16 07:37:48.467,1.60761,1.60796,1.00,1.00
2014.12.16 07:37:48.901,1.60761,1.60803,1.00,1.00
2014.12.16 07:37:49.225,1.60761,1.60796,1.00,1.00
2014.12.16 07:37:50.477,1.60759,1.60796,1.00,1.00
2014.12.16 07:37:52.601,1.60759,1.60801,1.00,1.00
2014.12.16 07:37:52.802,1.60756,1.60799,1.00,1.00
2014.12.16 07:37:52.853,1.60756,1.60797,1.00,1.00
2014.12.16 07:37:53.198,1.60754,1.60795,1.00,1.00
2014.12.16 07:37:54.628,1.60754,1.60797,1.00,1.50
2014.12.16 07:37:56.718,1.6075,1.60793,1.35,1.00
2014.12.16 07:37:57.020,1.60752,1.60795,1.00,1.00
2014.12.16 07:38:00.482,1.6075,1.60793,1.35,1.00
2014.12.16 07:38:00.788,1.60746,1.60788,1.60,1.00
2014.12.16 07:38:00.839,1.60746,1.60788,1.60,1.00
2014.12.16 07:38:00.990,1.60748,1.60786,1.00,1.00
2014.12.16 07:38:01.293,1.60753,1.60786,1.00,1.00
2014.12.16 07:38:01.544,1.6075,1.60786,1.00,1.00
2014.12.16 07:38:04.308,1.60753,1.60786,1.00,1.00
2014.12.16 07:38:08.400,1.60751,1.60786,1.00,1.00
2014.12.16 07:38:08.933,1.60754,1.60786,1.00,1.00
2014.12.16 07:38:09.038,1.6075,1.60786,1.00,1.00
2014.12.16 07:38:09.613,1.60751,1.60786,1.00,1.00
2014.12.16 07:38:10.189,1.6075,1.60786,1.00,1.00
2014.12.16 07:38:11.263,1.60747,1.60786,1.35,1.00
2014.12.16 07:38:13.438,1.6075,1.60786,1.00,1.00
2014.12.16 07:38:13.814,1.60748,1.60786,1.00,1.00
2014.12.16 07:38:14.543,1.60746,1.60786,1.60,1.00
2014.12.16 07:38:21.293,1.60748,1.60786,2.10,1.00
2014.12.16 07:38:21.394,1.60747,1.60786,1.00,1.00
2014.12.16 07:38:21.445,1.60744,1.60786,1.50,1.00
2014.12.16 07:38:21.496,1.60748,1.60786,1.00,1.00
2014.12.16 07:38:21.546,1.60748,1.60789,1.00,1.00
2014.12.16 07:38:21.597,1.60751,1.60792,1.00,1.00
2014.12.16 07:38:21.799,1.60743,1.60785,1.00,1.00
2014.12.16 07:38:21.950,1.60744,1.60776,1.00,1.00
2014.12.16 07:38:22.458,1.60745,1.60776,1.50,1.00
2014.12.16 07:38:22.983,1.60746,1.60776,1.00,1.00
2014.12.16 07:38:28.779,1.60748,1.60776,1.00,1.00
2014.12.16 07:38:28.880,1.60748,1.60786,1.00,1.00
2014.12.16 07:38:29.117,1.60748,1.60776,1.00,1.00
2014.12.16 07:38:36.478,1.60746,1.60776,1.00,1.00
2014.12.16 07:38:41.193,1.60746,1.60786,1.00,1.00
2014.12.16 07:38:41.395,1.60744,1.60784,1.00,1.00
2014.12.16 07:38:41.698,1.6074,1.6078,1.00,1.00
2014.12.16 07:38:41.850,1.60742,1.60783,1.00,1.00
2014.12.16 07:38:41.951,1.60744,1.60786,1.00,1.00
2014.12.16 07:38:42.473,1.60744,1.60787,1.00,2.25
2014.12.16 07:38:49.542,1.60744,1.60785,1.00,1.00
2014.12.16 07:38:49.845,1.60742,1.60783,1.00,1.00
2014.12.16 07:38:50.210,1.60743,1.60786,1.00,1.50
2014.12.16 07:38:51.932,1.60743,1.60784,1.00,1.00
2014.12.16 07:38:52.033,1.60743,1.60786,1.00,2.25
2014.12.16 07:38:52.083,1.60746,1.60786,1.00,1.50
2014.12.16 07:38:52.558,1.60746,1.60788,1.00,1.00
2014.12.16 07:38:52.609,1.60749,1.6079,1.00,1.00
2014.12.16 07:38:56.587,1.60746,1.6079,1.00,1.00
2014.12.16 07:38:57.538,1.60749,1.60792,1.00,1.00
2014.12.16 07:38:57.841,1.60758,1.60799,1.00,1.00
2014.12.16 07:38:58.157,1.60758,1.60796,1.00,1.00
2014.12.16 07:38:59.484,1.60758,1.60801,1.00,1.50
2014.12.16 07:39:01.213,1.60753,1.60795,1.00,1.00
2014.12.16 07:39:01.617,1.6075,1.60794,1.00,1.00
2014.12.16 07:39:01.769,1.60753,1.60794,1.00,1.00
2014.12.16 07:39:05.246,1.60754,1.60796,1.00,1.00
2014.12.16 07:39:10.336,1.6076,1.60796,1.72,1.00
2014.12.16 07:39:10.387,1.6076,1.60803,1.72,1.50
2014.12.16 07:39:10.538,1.60777,1.60806,1.00,1.00
2014.12.16 07:39:10.589,1.60777,1.60816,1.00,1.60
2014.12.16 07:39:10.689,1.60777,1.60797,1.00,1.00
2014.12.16 07:39:10.790,1.60757,1.60797,1.00,1.00
2014.12.16 07:39:10.891,1.60755,1.60796,1.00,1.00
2014.12.16 07:39:10.992,1.60757,1.60797,1.00,1.00
2014.12.16 07:39:11.588,1.60757,1.60798,1.00,1.00
2014.12.16 07:39:11.891,1.60761,1.60802,1.00,1.00
2014.12.16 07:39:12.871,1.60761,1.60797,1.00,1.00
2014.12.16 07:39:17.075,1.60761,1.60802,1.00,1.00
2014.12.16 07:39:17.176,1.60757,1.60798,1.00,1.00
2014.12.16 07:39:17.529,1.60756,1.60796,1.00,1.00
2014.12.16 07:39:18.276,1.60756,1.60797,1.00,1.50
2014.12.16 07:39:24.197,1.60757,1.60798,1.00,1.00
2014.12.16 07:39:24.399,1.60757,1.60801,1.00,1.00
2014.12.16 07:39:24.449,1.60757,1.60797,1.00,1.00
2014.12.16 07:39:25.228,1.60757,1.60798,1.00,1.00
2014.12.16 07:39:25.379,1.60751,1.60794,1.00,1.00
2014.12.16 07:39:25.631,1.60753,1.60796,1.00,1.50
2014.12.16 07:39:25.960,1.60755,1.60796,1.00,1.00
2014.12.16 07:39:30.563,1.60751,1.60792,1.00,1.00
2014.12.16 07:39:31.097,1.6075,1.60791,1.00,1.00
2014.12.16 07:39:31.431,1.6075,1.60787,1.00,1.00
2014.12.16 07:39:31.815,1.60751,1.60792,1.00,1.00
2014.12.16 07:39:32.117,1.60753,1.60796,1.00,1.50
2014.12.16 07:39:32.319,1.60757,1.60797,1.00,1.00
2014.12.16 07:39:32.470,1.60755,1.60796,1.00,1.50
2014.12.16 07:39:32.989,1.60752,1.60793,1.50,1.00
2014.12.16 07:39:33.483,1.60754,1.60795,1.00,1.00
2014.12.16 07:39:33.789,1.60757,1.608,1.50,1.00
2014.12.16 07:39:33.986,1.60757,1.60796,1.00,1.00
2014.12.16 07:39:38.830,1.60759,1.60796,1.00,1.00
2014.12.16 07:39:39.168,1.60759,1.608,1.00,1.00
2014.12.16 07:39:39.370,1.60761,1.60802,1.00,1.00
2014.12.16 07:39:39.471,1.60759,1.60802,1.00,1.00
2014.12.16 07:39:39.572,1.60762,1.60803,1.00,1.00
2014.12.16 07:39:39.919,1.60758,1.60799,1.00,1.00
2014.12.16 07:39:42.315,1.60762,1.60803,1.00,1.00
2014.12.16 07:39:47.947,1.60758,1.60799,1.00,1.00
2014.12.16 07:39:48.325,1.60758,1.60796,1.00,1.00
2014.12.16 07:40:01.269,1.60758,1.60799,1.00,1.00
2014.12.16 07:40:01.639,1.60758,1.60797,1.50,1.00
2014.12.16 07:40:01.941,1.6076,1.60801,1.50,1.00
2014.12.16 07:40:03.537,1.60761,1.60801,1.00,1.00
2014.12.16 07:40:03.588,1.60761,1.60804,1.50,1.00
2014.12.16 07:40:03.638,1.60764,1.60804,1.00,1.00
2014.12.16 07:40:03.949,1.60764,1.60799,1.00,1.00
2014.12.16 07:40:04.000,1.60758,1.60799,1.00,1.00
2014.12.16 07:40:04.984,1.60759,1.60802,1.00,1.00
2014.12.16 07:40:05.451,1.60764,1.60796,1.00,1.00
2014.12.16 07:40:05.704,1.60768,1.60807,1.00,1.00
2014.12.16 07:40:06.006,1.60765,1.60806,1.00,1.00
2014.12.16 07:40:06.507,1.60766,1.60807,1.00,1.50
2014.12.16 07:40:07.029,1.60766,1.60806,1.00,1.00
2014.12.16 07:40:07.332,1.60769,1.60807,1.00,1.00
2014.12.16 07:40:07.507,1.60766,1.60807,1.00,1.50
2014.12.16 07:40:08.200,1.60766,1.60806,1.00,1.00
2014.12.16 07:40:08.749,1.60767,1.60806,1.00,1.00
2014.12.16 07:40:09.297,1.60766,1.60806,1.00,1.00
2014.12.16 07:40:09.398,1.60763,1.60805,1.00,1.00
2014.12.16 07:40:12.471,1.60762,1.60803,1.00,1.50
2014.12.16 07:40:12.572,1.60756,1.608,1.00,1.00
2014.12.16 07:40:12.723,1.60756,1.60797,1.00,1.00
2014.12.16 07:40:13.025,1.60754,1.60797,1.00,1.50
2014.12.16 07:40:13.622,1.60754,1.60796,1.00,1.00
2014.12.16 07:40:14.339,1.60756,1.60796,1.00,1.00
2014.12.16 07:40:14.879,1.60756,1.60797,1.00,1.00
2014.12.16 07:40:19.857,1.60756,1.60796,1.00,1.00
2014.12.16 07:40:22.357,1.60757,1.60796,1.00,1.50
2014.12.16 07:40:23.601,1.60754,1.60796,1.00,1.50
2014.12.16 07:40:23.752,1.60753,1.60793,1.00,1.00
2014.12.16 07:40:23.803,1.60748,1.60789,1.00,1.00
2014.12.16 07:40:23.853,1.60748,1.60787,1.00,1.00
2014.12.16 07:40:24.055,1.60746,1.60786,1.00,1.00
2014.12.16 07:40:25.028,1.60746,1.60787,1.00,2.25
2014.12.16 07:40:26.646,1.60747,1.60787,1.00,1.50
2014.12.16 07:40:28.514,1.60747,1.60784,1.00,1.00
2014.12.16 07:40:28.716,1.60747,1.60786,1.00,1.00
2014.12.16 07:40:28.980,1.60744,1.60786,1.00,1.50
2014.12.16 07:40:29.247,1.60744,1.60783,1.00,1.00
2014.12.16 07:40:30.127,1.60744,1.6078,1.00,1.00
2014.12.16 07:40:31.195,1.60741,1.6078,1.00,1.00
2014.12.16 07:40:31.296,1.60739,1.60781,1.00,1.00
2014.12.16 07:40:31.448,1.60739,1.60779,1.00,1.00
2014.12.16 07:40:32.112,1.60739,1.60776,1.00,1.00
2014.12.16 07:40:33.992,1.60739,1.60778,1.00,1.00
2014.12.16 07:40:34.202,1.60739,1.60776,1.00,1.00
2014.12.16 07:40:34.917,1.60741,1.60776,1.00,1.00
2014.12.16 07:40:35.666,1.60744,1.60776,1.00,1.00
2014.12.16 07:40:36.094,1.60744,1.60778,1.00,1.00
2014.12.16 07:40:36.195,1.60742,1.60779,1.00,1.00
2014.12.16 07:40:36.509,1.60742,1.60777,1.00,1.00
2014.12.16 07:40:37.583,1.60742,1.60778,1.00,1.00
2014.12.16 07:40:37.937,1.60742,1.60782,1.00,1.00
2014.12.16 07:40:38.157,1.60742,1.6078,1.00,1.00
2014.12.16 07:40:38.816,1.60742,1.60781,1.00,1.00
2014.12.16 07:40:39.118,1.60748,1.60785,1.35,1.00
2014.12.16 07:40:39.169,1.60748,1.60787,1.35,1.50
2014.12.16 07:40:39.220,1.60751,1.60787,1.00,1.50
2014.12.16 07:40:39.733,1.60752,1.60786,1.00,1.00
2014.12.16 07:40:40.297,1.60753,1.60786,1.00,1.00
2014.12.16 07:40:40.850,1.6075,1.60786,1.00,1.00
2014.12.16 07:40:40.998,1.6075,1.6079,1.00,1.00
2014.12.16 07:40:41.494,1.60751,1.60789,2.10,1.00
2014.12.16 07:40:41.595,1.60753,1.60792,1.60,1.00
2014.12.16 07:40:41.696,1.60754,1.60794,1.60,1.00
2014.12.16 07:40:42.049,1.60752,1.60793,1.00,1.50
2014.12.16 07:40:42.099,1.60752,1.60787,1.00,1.00
2014.12.16 07:40:42.301,1.60756,1.60792,1.00,1.00
2014.12.16 07:40:42.352,1.60756,1.6079,1.00,1.00
2014.12.16 07:40:42.887,1.60756,1.60791,1.00,1.00
2014.12.16 07:40:43.877,1.60756,1.60792,1.00,1.00
2014.12.16 07:40:43.928,1.60751,1.60792,1.00,1.00
2014.12.16 07:40:44.180,1.60751,1.60786,1.00,1.00
2014.12.16 07:40:44.826,1.60754,1.60786,1.00,1.00
2014.12.16 07:40:44.876,1.60754,1.60796,1.00,1.00
2014.12.16 07:40:44.927,1.60758,1.60796,1.35,1.00
2014.12.16 07:40:45.229,1.60758,1.60794,1.35,1.00
2014.12.16 07:40:45.732,1.60755,1.60795,1.60,1.00
2014.12.16 07:40:46.438,1.60758,1.60797,1.35,1.00
2014.12.16 07:40:46.539,1.60758,1.60801,1.35,1.50
2014.12.16 07:40:46.589,1.60764,1.60801,1.00,1.00
2014.12.16 07:40:46.891,1.60765,1.60797,1.00,1.00
2014.12.16 07:40:49.201,1.60766,1.60797,1.00,1.00
2014.12.16 07:40:50.406,1.60765,1.60797,1.00,1.00
2014.12.16 07:40:51.935,1.60765,1.60796,1.00,1.00
2014.12.16 07:40:53.525,1.60765,1.60797,1.00,1.00
2014.12.16 07:40:53.727,1.60761,1.60797,1.00,1.00
2014.12.16 07:40:53.929,1.60757,1.60796,1.00,1.00
2014.12.16 07:40:54.332,1.60756,1.60787,1.00,1.00
2014.12.16 07:40:54.645,1.60758,1.60786,1.00,1.00
2014.12.16 07:40:55.148,1.60753,1.60786,1.00,1.00
2014.12.16 07:40:58.926,1.60753,1.60787,1.00,1.00
2014.12.16 07:41:00.092,1.60756,1.60787,1.00,1.00
2014.12.16 07:41:00.143,1.60756,1.60796,1.00,1.00
2014.12.16 07:41:00.244,1.60758,1.60786,1.00,1.00
2014.12.16 07:41:00.345,1.6076,1.60801,1.00,1.35
2014.12.16 07:41:00.446,1.6076,1.60803,1.00,1.50
2014.12.16 07:41:00.547,1.60768,1.60807,1.00,1.50
2014.12.16 07:41:00.857,1.6077,1.60796,1.00,1.00
2014.12.16 07:41:01.008,1.60767,1.60796,1.00,1.00
2014.12.16 07:41:01.109,1.60765,1.60807,1.00,1.00
2014.12.16 07:41:01.331,1.60763,1.60797,1.00,1.00
2014.12.16 07:41:02.522,1.60762,1.60797,1.00,1.00
2014.12.16 07:41:04.167,1.60761,1.60797,1.00,1.00
2014.12.16 07:41:04.217,1.60761,1.60802,1.00,1.00
2014.12.16 07:41:04.547,1.60761,1.60796,1.00,1.00
2014.12.16 07:41:04.728,1.60758,1.60796,1.00,1.00
2014.12.16 07:41:05.282,1.60758,1.60797,1.00,1.00
2014.12.16 07:41:08.226,1.60759,1.60797,1.00,1.00
2014.12.16 07:41:08.824,1.60759,1.60796,1.00,1.00
2014.12.16 07:41:09.031,1.60758,1.60799,1.00,1.00
2014.12.16 07:41:09.482,1.60758,1.60796,1.00,1.00
2014.12.16 07:41:15.859,1.6076,1.60803,1.00,1.00
2014.12.16 07:41:15.960,1.60762,1.60803,1.00,1.00
2014.12.16 07:41:16.287,1.60762,1.60796,1.00,1.00
2014.12.16 07:41:17.909,1.60764,1.60796,1.00,1.00
2014.12.16 07:41:18.215,1.60766,1.60796,1.00,1.00
2014.12.16 07:41:18.316,1.60766,1.60807,1.00,1.00
2014.12.16 07:41:18.881,1.60766,1.60806,1.00,1.00
2014.12.16 07:41:19.949,1.60766,1.60797,1.00,1.00
2014.12.16 07:41:20.050,1.60765,1.60806,1.50,1.00
2014.12.16 07:41:23.748,1.60762,1.60797,1.00,1.00
2014.12.16 07:41:24.000,1.60762,1.60805,1.00,1.00
2014.12.16 07:41:24.101,1.60761,1.60803,1.00,1.00
2014.12.16 07:41:24.419,1.6076,1.60796,1.00,1.00
2014.12.16 07:41:26.046,1.60761,1.60796,1.00,1.00
2014.12.16 07:41:26.817,1.60763,1.60796,1.00,1.00
2014.12.16 07:41:27.476,1.60761,1.60796,1.00,1.00
2014.12.16 07:41:27.779,1.60757,1.60796,1.00,1.00
2014.12.16 07:41:27.830,1.60755,1.60796,1.00,1.00
2014.12.16 07:41:29.531,1.60755,1.60797,1.00,1.00
2014.12.16 07:41:30.415,1.60755,1.60796,1.00,1.00
2014.12.16 07:41:31.467,1.60755,1.60798,1.00,1.00
2014.12.16 07:41:31.685,1.60755,1.60796,1.00,1.00
2014.12.16 07:41:41.376,1.60759,1.608,1.00,1.00
2014.12.16 07:41:41.705,1.60759,1.60796,1.00,1.00
2014.12.16 07:41:42.890,1.60753,1.6079,1.00,1.00
2014.12.16 07:41:43.192,1.60744,1.60777,1.00,1.00
2014.12.16 07:41:43.545,1.60746,1.60776,1.00,1.00
2014.12.16 07:41:43.847,1.6075,1.60779,1.00,1.00
2014.12.16 07:41:44.164,1.6075,1.60776,1.00,1.00
2014.12.16 07:41:44.317,1.60745,1.60776,1.00,1.00
2014.12.16 07:41:44.819,1.60744,1.60776,1.00,1.50
2014.12.16 07:41:44.929,1.60744,1.60768,1.00,1.00
2014.12.16 07:41:44.980,1.6074,1.60768,1.00,1.00
2014.12.16 07:41:45.081,1.60737,1.60768,1.00,1.00
2014.12.16 07:41:45.282,1.60737,1.60762,1.00,1.00
2014.12.16 07:41:45.333,1.6073,1.60762,1.00,1.00
2014.12.16 07:41:45.383,1.6073,1.6076,1.00,1.00
2014.12.16 07:41:45.434,1.60728,1.6076,1.00,1.00
2014.12.16 07:41:45.484,1.60728,1.60756,1.00,1.00
2014.12.16 07:41:45.636,1.60725,1.60754,1.00,1.00
2014.12.16 07:41:46.215,1.60725,1.60753,1.00,1.00
2014.12.16 07:41:46.935,1.60725,1.60755,1.00,1.00
2014.12.16 07:41:47.179,1.60722,1.60755,1.00,1.00
2014.12.16 07:41:47.282,1.6072,1.6075,1.00,1.00
2014.12.16 07:41:47.383,1.6072,1.60759,1.00,1.00
2014.12.16 07:41:47.434,1.60708,1.60759,1.00,1.00
2014.12.16 07:41:47.485,1.60704,1.60759,1.00,1.00
2014.12.16 07:41:47.724,1.60704,1.60757,1.00,1.00
2014.12.16 07:41:49.246,1.60704,1.60759,1.00,1.00
2014.12.16 07:41:49.407,1.60704,1.60759,1.37,1.00
2014.12.16 07:41:50.425,1.60704,1.60758,1.37,1.00
2014.12.16 07:41:53.012,1.60704,1.60758,1.00,1.00
2014.12.16 07:41:53.125,1.60714,1.60757,1.00,1.00
2014.12.16 07:41:53.452,1.60714,1.6075,1.00,1.00
2014.12.16 07:41:55.201,1.60716,1.6075,1.00,1.00
2014.12.16 07:41:55.302,1.60716,1.60756,1.00,1.50
2014.12.16 07:41:55.504,1.60716,1.60754,1.00,1.00
2014.12.16 07:41:56.037,1.60716,1.60756,1.00,1.00
2014.12.16 07:41:56.189,1.60717,1.60753,1.00,1.00
2014.12.16 07:41:58.596,1.60717,1.60752,1.00,1.00
2014.12.16 07:41:58.646,1.60715,1.60752,1.00,1.00
2014.12.16 07:41:59.393,1.60715,1.6075,1.00,1.00
2014.12.16 07:41:59.790,1.60714,1.60747,1.00,1.00
2014.12.16 07:42:00.576,1.60714,1.60749,1.00,1.00
2014.12.16 07:42:02.455,1.60716,1.60749,1.00,1.00
2014.12.16 07:42:03.156,1.60718,1.60749,1.00,1.00
2014.12.16 07:42:04.626,1.60718,1.60744,1.00,1.00
2014.12.16 07:42:05.029,1.60709,1.60743,1.00,1.00
2014.12.16 07:42:05.080,1.60709,1.60738,1.00,1.00
2014.12.16 07:42:05.180,1.60709,1.60741,1.00,1.00
2014.12.16 07:42:05.231,1.60688,1.60741,1.97,1.00
2014.12.16 07:42:05.282,1.60694,1.60743,1.00,1.00
2014.12.16 07:42:05.634,1.60694,1.60739,1.00,1.00
2014.12.16 07:42:05.936,1.60693,1.60741,1.00,1.00
2014.12.16 07:42:06.265,1.60693,1.60743,1.00,1.00
2014.12.16 07:42:06.525,1.60693,1.60746,1.50,1.00
2014.12.16 07:42:06.686,1.60704,1.60746,1.00,1.00
2014.12.16 07:42:06.844,1.60704,1.60748,1.00,1.00
2014.12.16 07:42:07.180,1.60694,1.60748,1.00,1.00
2014.12.16 07:42:07.610,1.60694,1.60745,1.50,1.00
2014.12.16 07:42:07.912,1.60704,1.60745,1.00,1.00
2014.12.16 07:42:08.205,1.60694,1.60745,1.50,1.00
2014.12.16 07:42:08.728,1.60694,1.60741,1.50,1.00
2014.12.16 07:42:12.463,1.60694,1.60742,1.00,1.00
2014.12.16 07:42:12.765,1.60696,1.60735,1.00,1.00
2014.12.16 07:42:12.816,1.60694,1.60735,1.00,1.00
2014.12.16 07:42:12.867,1.60684,1.60735,1.37,1.00
2014.12.16 07:42:13.018,1.60686,1.60738,1.00,1.00
2014.12.16 07:42:13.119,1.60684,1.60736,1.00,1.00
2014.12.16 07:42:13.666,1.60683,1.60737,1.00,1.00
2014.12.16 07:42:14.259,1.60683,1.60738,1.00,1.00
2014.12.16 07:42:15.064,1.60683,1.6074,1.00,1.00
2014.12.16 07:42:15.586,1.60683,1.60739,1.00,1.00
2014.12.16 07:42:15.856,1.60683,1.60737,1.00,1.00
2014.12.16 07:42:17.996,1.60684,1.60737,1.00,1.00
2014.12.16 07:42:18.694,1.60684,1.60735,1.00,1.00
2014.12.16 07:42:18.995,1.60684,1.60733,1.00,1.00
2014.12.16 07:42:19.307,1.60684,1.60731,1.00,1.00
2014.12.16 07:42:20.814,1.60684,1.60733,1.00,1.00
2014.12.16 07:42:23.347,1.60684,1.60732,1.00,1.00
2014.12.16 07:42:25.783,1.60684,1.60724,1.00,1.00
2014.12.16 07:42:25.997,1.60684,1.60727,1.00,1.00
2014.12.16 07:42:26.098,1.60684,1.6072,1.00,1.00
2014.12.16 07:42:26.647,1.60684,1.60721,1.00,1.00
2014.12.16 07:42:26.954,1.60684,1.60719,1.00,1.00
2014.12.16 07:42:29.039,1.60684,1.60721,1.00,1.00
2014.12.16 07:42:29.645,1.60684,1.6072,1.00,1.00
2014.12.16 07:42:30.464,1.60684,1.60719,1.00,1.00
2014.12.16 07:42:31.270,1.60684,1.60717,1.00,1.00
2014.12.16 07:42:31.321,1.60674,1.60717,1.50,1.00
2014.12.16 07:42:31.472,1.60674,1.60715,1.50,1.00
2014.12.16 07:42:32.703,1.60674,1.60716,1.50,1.00
2014.12.16 07:42:33.260,1.60674,1.60715,1.00,1.00
2014.12.16 07:42:33.887,1.60674,1.60712,1.00,1.00
2014.12.16 07:42:34.405,1.60673,1.60712,1.00,1.00
2014.12.16 07:42:34.506,1.60666,1.60709,1.00,1.00
2014.12.16 07:42:34.607,1.60674,1.60708,1.00,1.00
2014.12.16 07:42:34.658,1.60674,1.6072,1.00,1.00
2014.12.16 07:42:34.758,1.60669,1.60724,1.37,1.00
2014.12.16 07:42:34.809,1.60669,1.60724,1.12,1.00
2014.12.16 07:42:35.111,1.60686,1.6072,1.00,1.00
2014.12.16 07:42:35.413,1.60695,1.60722,1.00,1.00
2014.12.16 07:42:35.464,1.60695,1.60725,1.00,1.00
2014.12.16 07:42:35.565,1.60698,1.60726,1.00,1.00
2014.12.16 07:42:35.766,1.607,1.6073,1.00,1.00
2014.12.16 07:42:36.119,1.60698,1.60731,1.00,1.00
2014.12.16 07:42:36.321,1.60698,1.60729,1.00,1.00
2014.12.16 07:42:36.654,1.60698,1.60725,1.00,1.00
2014.12.16 07:42:36.805,1.60693,1.60725,1.00,1.00
2014.12.16 07:42:37.309,1.60693,1.60726,1.00,1.00
2014.12.16 07:42:37.504,1.60693,1.60724,1.00,1.00
2014.12.16 07:42:37.944,1.60693,1.60721,1.00,1.00
2014.12.16 07:42:38.334,1.60684,1.60721,1.00,1.00
2014.12.16 07:42:38.385,1.60677,1.60727,1.75,1.00
2014.12.16 07:42:38.945,1.60677,1.60725,1.75,1.00
2014.12.16 07:42:39.254,1.60674,1.60722,1.87,1.00
2014.12.16 07:42:41.246,1.60674,1.6072,1.00,1.00
2014.12.16 07:42:41.831,1.60673,1.60721,1.00,1.00
2014.12.16 07:42:41.932,1.60674,1.60723,1.00,1.00
2014.12.16 07:42:42.134,1.60673,1.60725,1.00,1.00
2014.12.16 07:42:42.335,1.60673,1.60726,1.37,1.00
2014.12.16 07:42:42.487,1.60681,1.60733,1.00,1.00
2014.12.16 07:42:42.638,1.60683,1.60733,1.00,1.00
2014.12.16 07:42:42.942,1.60674,1.60726,1.75,1.00
2014.12.16 07:42:43.272,1.60674,1.60723,1.75,1.00
2014.12.16 07:42:46.775,1.60679,1.60727,1.00,1.00
2014.12.16 07:42:46.984,1.60679,1.60729,1.00,1.00
2014.12.16 07:42:47.035,1.60684,1.60729,1.00,1.00
2014.12.16 07:42:47.256,1.60679,1.60729,1.00,1.00
2014.12.16 07:42:47.407,1.60679,1.60723,1.00,1.00
2014.12.16 07:42:47.885,1.60683,1.60722,1.00,1.00
2014.12.16 07:42:48.187,1.60683,1.60716,1.00,1.00
2014.12.16 07:42:48.238,1.6068,1.60716,1.00,1.00
2014.12.16 07:42:48.288,1.6068,1.60709,1.00,1.00
2014.12.16 07:42:48.339,1.60674,1.60709,1.00,1.00
2014.12.16 07:42:48.390,1.60668,1.60709,1.00,1.00
2014.12.16 07:42:48.491,1.60667,1.60717,1.00,1.00
2014.12.16 07:42:48.782,1.60664,1.60717,1.50,1.00
2014.12.16 07:42:49.045,1.60664,1.6071,1.00,1.00
2014.12.16 07:42:49.859,1.60664,1.60711,1.00,1.00
2014.12.16 07:42:49.909,1.6066,1.60711,1.12,1.00
2014.12.16 07:42:50.081,1.6066,1.60706,1.12,1.00
2014.12.16 07:42:50.363,1.60655,1.60706,1.50,1.00
2014.12.16 07:42:50.515,1.60655,1.60706,2.62,1.00
2014.12.16 07:42:50.565,1.60655,1.60715,2.62,1.00
2014.12.16 07:42:50.616,1.60655,1.60715,2.62,1.00
2014.12.16 07:42:50.928,1.60664,1.60717,1.00,1.00
2014.12.16 07:42:51.872,1.60664,1.60713,1.00,1.00
2014.12.16 07:42:52.065,1.60664,1.60715,1.00,1.00
2014.12.16 07:42:52.414,1.60664,1.60715,1.37,1.00
2014.12.16 07:42:52.515,1.60664,1.60717,1.75,1.00
2014.12.16 07:42:53.058,1.60664,1.60718,1.75,1.00
2014.12.16 07:42:54.844,1.60674,1.60718,1.00,1.00
2014.12.16 07:42:55.495,1.60674,1.60721,1.00,1.00
2014.12.16 07:42:55.957,1.60669,1.6073,2.25,1.37
2014.12.16 07:42:56.058,1.60673,1.6073,1.37,1.00
2014.12.16 07:42:56.159,1.60671,1.60727,1.75,1.00
2014.12.16 07:42:56.685,1.60673,1.60724,1.50,1.00
2014.12.16 07:42:56.942,1.60673,1.60726,1.50,1.00
2014.12.16 07:42:57.249,1.60673,1.60728,1.50,1.00
2014.12.16 07:42:57.503,1.60673,1.60725,1.50,1.00
2014.12.16 07:42:57.695,1.60673,1.6073,1.50,1.00
2014.12.16 07:42:58.258,1.60673,1.60724,1.50,1.00
2014.12.16 07:42:58.560,1.60674,1.60719,1.12,1.00
2014.12.16 07:42:58.812,1.60673,1.60722,1.50,1.00
2014.12.16 07:43:00.444,1.60673,1.60723,1.50,1.00
2014.12.16 07:43:01.047,1.60673,1.60724,1.50,1.00
2014.12.16 07:43:02.644,1.60674,1.60724,3.37,1.00
2014.12.16 07:43:02.745,1.60675,1.60727,1.75,1.00
2014.12.16 07:43:02.897,1.60683,1.60728,1.00,1.00
2014.12.16 07:43:02.998,1.60684,1.60734,1.00,1.00
2014.12.16 07:43:03.200,1.60684,1.60728,1.00,1.00
2014.12.16 07:43:03.250,1.60682,1.60728,1.00,1.00
2014.12.16 07:43:03.301,1.60682,1.60734,1.00,1.00
2014.12.16 07:43:03.352,1.60684,1.60734,1.00,1.00
2014.12.16 07:43:03.657,1.60692,1.60729,1.00,1.00
2014.12.16 07:43:03.758,1.60675,1.60729,1.00,1.00
2014.12.16 07:43:03.858,1.60675,1.60727,1.00,1.00
2014.12.16 07:43:04.226,1.60673,1.60725,1.50,1.00
2014.12.16 07:43:04.622,1.60673,1.60721,1.50,1.00
2014.12.16 07:43:04.953,1.60673,1.60723,1.50,1.00
2014.12.16 07:43:05.064,1.60673,1.60719,1.50,1.00
2014.12.16 07:43:05.165,1.60673,1.60719,1.50,1.00
2014.12.16 07:43:05.467,1.60673,1.60718,1.12,1.00
2014.12.16 07:43:05.568,1.60674,1.60718,1.87,1.00
2014.12.16 07:43:05.619,1.60675,1.60722,1.75,1.00
2014.12.16 07:43:05.720,1.60682,1.6072,1.00,1.00
2014.12.16 07:43:06.022,1.60683,1.60713,1.00,1.00
2014.12.16 07:43:06.425,1.60684,1.60711,1.00,1.00
2014.12.16 07:43:06.745,1.60684,1.60709,1.00,1.00
2014.12.16 07:43:06.946,1.60682,1.60709,1.00,1.00
2014.12.16 07:43:07.373,1.60674,1.60718,1.00,1.00
2014.12.16 07:43:07.424,1.60665,1.60718,1.75,1.00
2014.12.16 07:43:08.613,1.60664,1.60713,1.75,1.00
2014.12.16 07:43:08.714,1.60663,1.60713,1.00,1.00
2014.12.16 07:43:08.916,1.60663,1.60711,1.00,1.00
2014.12.16 07:43:09.803,1.60664,1.60711,1.00,1.00
2014.12.16 07:43:11.683,1.60664,1.60712,1.00,1.00
2014.12.16 07:43:12.113,1.60673,1.60712,1.00,1.00
2014.12.16 07:43:12.334,1.60664,1.60712,1.00,1.00
2014.12.16 07:43:13.440,1.60664,1.60705,1.00,1.00
2014.12.16 07:43:13.758,1.60664,1.60694,1.00,1.00
2014.12.16 07:43:14.084,1.60664,1.60697,1.00,1.00
2014.12.16 07:43:15.305,1.60661,1.60697,1.00,1.00
2014.12.16 07:43:15.512,1.60659,1.60693,1.00,1.00
2014.12.16 07:43:15.865,1.60661,1.60693,1.00,1.00
2014.12.16 07:43:16.175,1.60664,1.60693,1.00,1.00
2014.12.16 07:43:16.687,1.60663,1.60696,1.00,1.00
2014.12.16 07:43:16.788,1.60666,1.60703,1.00,1.00
2014.12.16 07:43:16.838,1.6067,1.60703,1.00,1.00
2014.12.16 07:43:16.940,1.60656,1.60713,1.37,1.00
2014.12.16 07:43:16.992,1.60664,1.60713,1.37,1.00
2014.12.16 07:43:17.158,1.60664,1.60715,1.37,1.00
2014.12.16 07:43:17.410,1.60683,1.60715,1.00,1.00
2014.12.16 07:43:17.713,1.60683,1.6071,1.00,1.00
2014.12.16 07:43:17.823,1.60673,1.6071,1.00,1.00
2014.12.16 07:43:17.874,1.60666,1.6071,1.12,1.00
2014.12.16 07:43:17.925,1.60665,1.60715,1.12,1.00
2014.12.16 07:43:18.513,1.60666,1.60718,1.12,1.00
2014.12.16 07:43:18.614,1.60666,1.6072,1.12,1.00
2014.12.16 07:43:18.665,1.60669,1.6072,1.37,1.00
2014.12.16 07:43:18.716,1.60673,1.60724,1.00,1.00
2014.12.16 07:43:18.816,1.60673,1.60726,1.00,1.00
2014.12.16 07:43:18.867,1.60673,1.60726,1.50,1.00
2014.12.16 07:43:19.516,1.60673,1.60725,2.62,1.00
2014.12.16 07:43:20.884,1.60673,1.60721,2.62,1.00
2014.12.16 07:43:20.985,1.60673,1.60721,1.00,1.00
2014.12.16 07:43:21.035,1.60667,1.60715,1.87,1.00
2014.12.16 07:43:21.187,1.60664,1.60715,1.75,1.00
2014.12.16 07:43:21.564,1.60663,1.60707,2.62,1.00
2014.12.16 07:43:21.816,1.60648,1.60695,1.75,1.00
2014.12.16 07:43:21.918,1.60664,1.6069,1.00,1.00
2014.12.16 07:43:22.018,1.60664,1.60693,1.00,1.00
2014.12.16 07:43:22.120,1.60664,1.6069,1.00,1.00
2014.12.16 07:43:22.372,1.60658,1.60686,1.00,1.00
2014.12.16 07:43:22.473,1.60664,1.60686,1.00,1.00
2014.12.16 07:43:22.990,1.60664,1.60687,1.00,1.00
2014.12.16 07:43:23.090,1.60664,1.6069,1.00,1.00
2014.12.16 07:43:23.242,1.60663,1.60694,1.00,1.00
2014.12.16 07:43:23.779,1.60664,1.60694,1.00,1.00
2014.12.16 07:43:24.119,1.60673,1.60694,1.00,1.00
2014.12.16 07:43:24.743,1.60673,1.60695,1.00,1.00
2014.12.16 07:43:24.794,1.60664,1.60695,1.50,1.00
2014.12.16 07:43:26.084,1.60673,1.60695,1.00,1.00
2014.12.16 07:43:27.123,1.60664,1.60695,1.00,1.00
2014.12.16 07:43:27.173,1.60664,1.60692,1.00,1.00
2014.12.16 07:43:27.375,1.60664,1.60695,1.00,1.00
2014.12.16 07:43:27.627,1.60654,1.60703,1.00,1.00
2014.12.16 07:43:27.728,1.60654,1.607,1.00,1.00
2014.12.16 07:43:29.038,1.60654,1.60697,1.00,1.00
2014.12.16 07:43:29.904,1.60654,1.60696,1.00,1.00
2014.12.16 07:43:30.257,1.60654,1.60698,1.00,1.00
2014.12.16 07:43:34.346,1.60654,1.60693,1.00,1.00
2014.12.16 07:43:35.823,1.60644,1.60693,1.75,1.00
2014.12.16 07:43:36.393,1.60644,1.60691,1.75,1.00
2014.12.16 07:43:36.724,1.60644,1.60693,1.75,1.00
2014.12.16 07:43:37.823,1.60645,1.60693,1.00,1.00
2014.12.16 07:43:39.273,1.60645,1.60699,1.00,1.00
2014.12.16 07:43:39.758,1.60645,1.60699,1.50,1.00
2014.12.16 07:43:41.473,1.60649,1.60702,1.00,1.00
2014.12.16 07:43:41.574,1.60649,1.607,1.00,1.00
2014.12.16 07:43:41.826,1.60639,1.60696,1.87,1.00
2014.12.16 07:43:41.927,1.60639,1.60693,1.87,1.00
2014.12.16 07:43:42.229,1.60644,1.60688,1.00,1.00
2014.12.16 07:43:44.451,1.60635,1.60687,1.12,1.00
2014.12.16 07:43:45.202,1.60635,1.60688,1.12,1.00
2014.12.16 07:43:45.309,1.60652,1.60686,1.00,1.00
2014.12.16 07:43:45.763,1.60654,1.6068,1.00,1.00
2014.12.16 07:43:45.864,1.6065,1.60678,1.00,1.00
2014.12.16 07:43:46.082,1.60654,1.60675,1.00,1.00
2014.12.16 07:43:46.183,1.60648,1.60675,1.00,1.00
2014.12.16 07:43:46.234,1.60645,1.60675,1.00,1.00
2014.12.16 07:43:46.607,1.60643,1.60674,1.50,1.00
2014.12.16 07:43:46.758,1.60654,1.60696,1.00,1.00
2014.12.16 07:43:46.859,1.60648,1.60702,1.12,1.12
2014.12.16 07:43:46.909,1.60651,1.60702,1.37,1.00
2014.12.16 07:43:47.212,1.60664,1.60699,1.00,1.00
2014.12.16 07:43:47.632,1.60666,1.60701,1.00,1.00
2014.12.16 07:43:47.733,1.60668,1.60704,1.00,1.00
2014.12.16 07:43:47.884,1.60668,1.60708,1.00,1.00
2014.12.16 07:43:48.085,1.60663,1.60708,1.00,1.00
2014.12.16 07:43:48.186,1.60661,1.6071,1.00,1.00
2014.12.16 07:43:48.287,1.60664,1.6071,1.00,1.00
2014.12.16 07:43:48.835,1.60664,1.60712,1.00,1.00
2014.12.16 07:43:48.936,1.60664,1.6071,1.37,1.00
2014.12.16 07:43:49.238,1.60667,1.60707,1.00,1.00
2014.12.16 07:43:49.541,1.60667,1.60701,1.00,1.00
2014.12.16 07:43:49.642,1.60654,1.60701,1.12,1.00
2014.12.16 07:43:49.743,1.60653,1.60697,1.37,1.00
2014.12.16 07:43:50.061,1.60653,1.60691,1.00,1.00
2014.12.16 07:43:50.364,1.60645,1.60691,1.75,1.00
2014.12.16 07:43:50.415,1.60644,1.60689,2.25,1.00
2014.12.16 07:43:50.466,1.60644,1.60689,1.12,1.00
2014.12.16 07:43:50.517,1.60646,1.607,1.37,1.37
2014.12.16 07:43:50.618,1.60664,1.60699,1.00,1.00
2014.12.16 07:43:50.956,1.60663,1.60692,1.00,1.00
2014.12.16 07:43:51.007,1.6066,1.60692,1.00,1.00
2014.12.16 07:43:51.534,1.6066,1.60691,1.00,1.00
2014.12.16 07:43:52.594,1.60659,1.6069,1.00,1.00
2014.12.16 07:43:53.120,1.60659,1.60688,1.00,1.00
2014.12.16 07:43:53.666,1.60659,1.60684,1.00,1.00
2014.12.16 07:43:55.333,1.60659,1.60682,1.00,1.00
2014.12.16 07:43:55.434,1.60657,1.60682,1.00,1.00
2014.12.16 07:43:55.686,1.60644,1.6069,1.50,1.00
2014.12.16 07:43:56.314,1.60644,1.60692,1.50,1.00
2014.12.16 07:43:56.874,1.60648,1.60689,1.00,1.60
2014.12.16 07:43:56.974,1.60644,1.60684,1.00,1.60
2014.12.16 07:43:57.075,1.60636,1.60686,1.75,1.00
2014.12.16 07:43:57.176,1.60643,1.60686,1.00,1.00
2014.12.16 07:43:57.512,1.60643,1.60683,1.00,1.00
2014.12.16 07:43:57.764,1.60644,1.60687,1.00,1.00
2014.12.16 07:43:59.170,1.60644,1.60682,1.00,1.00
2014.12.16 07:43:59.272,1.60638,1.60682,1.75,1.00
2014.12.16 07:43:59.373,1.60638,1.60684,1.75,1.00
2014.12.16 07:43:59.423,1.60639,1.60682,1.12,1.00
2014.12.16 07:43:59.948,1.60638,1.60685,1.75,1.00
2014.12.16 07:44:00.048,1.60638,1.60682,1.75,1.00
2014.12.16 07:44:00.385,1.60644,1.60682,1.00,1.00
2014.12.16 07:44:00.920,1.60638,1.60682,1.75,1.00
2014.12.16 07:44:01.633,1.60638,1.60681,1.75,1.00
2014.12.16 07:44:01.802,1.60638,1.60684,1.75,1.00
2014.12.16 07:44:01.958,1.60638,1.60686,1.75,1.00
2014.12.16 07:44:02.830,1.60638,1.60687,1.75,1.00
2014.12.16 07:44:03.363,1.60643,1.60687,1.00,1.00
2014.12.16 07:44:03.464,1.60643,1.6068,1.00,1.00
2014.12.16 07:44:03.724,1.60634,1.6068,1.75,1.00
2014.12.16 07:44:03.786,1.60634,1.60681,1.00,1.00
2014.12.16 07:44:04.216,1.60635,1.60681,1.37,1.00
2014.12.16 07:44:04.267,1.60637,1.60687,1.12,1.00
2014.12.16 07:44:04.469,1.60637,1.60684,1.12,1.00
2014.12.16 07:44:04.570,1.60637,1.60686,1.12,1.00
2014.12.16 07:44:04.771,1.60644,1.60686,1.00,1.00
2014.12.16 07:44:05.592,1.60644,1.60687,1.00,1.00
2014.12.16 07:44:05.643,1.60637,1.60687,1.12,1.00
2014.12.16 07:44:05.744,1.60644,1.60687,1.00,1.00
2014.12.16 07:44:06.053,1.60644,1.60684,1.00,1.00
2014.12.16 07:44:06.334,1.60635,1.60684,1.75,1.00
2014.12.16 07:44:07.063,1.60643,1.60684,1.00,1.00
2014.12.16 07:44:07.581,1.60644,1.60684,1.00,1.00
2014.12.16 07:44:08.294,1.60643,1.60684,1.00,1.00
2014.12.16 07:44:09.490,1.60644,1.60684,1.00,1.00
2014.12.16 07:44:12.472,1.60644,1.60688,1.00,1.00
2014.12.16 07:44:12.623,1.60644,1.60693,1.00,1.00
2014.12.16 07:44:12.674,1.60644,1.60693,1.87,1.00
2014.12.16 07:44:12.725,1.60644,1.60696,2.25,1.00
2014.12.16 07:44:12.825,1.60639,1.60691,1.75,1.00
2014.12.16 07:44:13.128,1.60648,1.60689,1.00,1.00
2014.12.16 07:44:13.279,1.60634,1.60687,2.25,1.00
2014.12.16 07:44:14.045,1.60633,1.60682,1.37,1.00
2014.12.16 07:44:14.096,1.60633,1.60682,1.00,1.00
2014.12.16 07:44:16.106,1.60634,1.60689,1.00,1.75
2014.12.16 07:44:16.761,1.60634,1.60686,1.00,1.00
2014.12.16 07:44:16.862,1.60631,1.60686,1.37,1.00
2014.12.16 07:44:16.963,1.60631,1.60688,1.12,1.50
2014.12.16 07:44:17.338,1.60636,1.60689,1.00,1.00
2014.12.16 07:44:19.184,1.60636,1.60688,1.00,1.00
2014.12.16 07:44:20.313,1.60636,1.60689,1.00,1.00
2014.12.16 07:44:20.740,1.60638,1.6069,1.37,1.00
2014.12.16 07:44:22.171,1.60637,1.60683,1.37,1.00
2014.12.16 07:44:22.221,1.60634,1.60683,1.50,1.00
2014.12.16 07:44:25.502,1.60634,1.6068,1.50,1.00
2014.12.16 07:44:25.783,1.60634,1.60683,1.50,1.00
2014.12.16 07:44:28.471,1.60634,1.60683,1.12,1.00
2014.12.16 07:44:30.623,1.60634,1.6068,1.00,1.00
2014.12.16 07:44:32.197,1.60634,1.60683,2.25,1.00
2014.12.16 07:44:32.500,1.60655,1.60682,1.00,1.00
2014.12.16 07:44:32.803,1.60655,1.6068,1.00,1.00
2014.12.16 07:44:32.954,1.60652,1.6068,1.00,1.00
2014.12.16 07:44:33.156,1.60649,1.60676,1.00,1.00
2014.12.16 07:44:33.307,1.60647,1.60675,1.00,1.00
2014.12.16 07:44:33.809,1.60647,1.60676,1.00,1.00
2014.12.16 07:44:34.392,1.60645,1.60676,1.00,1.00
2014.12.16 07:44:36.031,1.60645,1.60673,1.00,1.00
2014.12.16 07:44:38.431,1.60644,1.60673,1.50,1.00
2014.12.16 07:44:38.734,1.60644,1.60669,1.00,1.00
2014.12.16 07:44:38.885,1.60625,1.60671,1.00,1.00
2014.12.16 07:44:38.986,1.60634,1.60666,1.00,1.00
2014.12.16 07:44:41.161,1.60624,1.60666,1.00,1.00
2014.12.16 07:44:42.372,1.60623,1.60666,1.12,1.00
2014.12.16 07:44:45.722,1.60624,1.60666,1.00,1.00
2014.12.16 07:44:45.924,1.60633,1.60667,1.00,1.00
2014.12.16 07:44:46.025,1.60633,1.60671,1.00,1.00
2014.12.16 07:44:46.780,1.60634,1.60671,1.00,1.00
2014.12.16 07:44:46.914,1.60634,1.60669,1.00,1.00
2014.12.16 07:44:47.451,1.60634,1.6067,1.00,1.00
2014.12.16 07:44:48.292,1.60634,1.60679,1.00,1.00
2014.12.16 07:44:48.342,1.60646,1.60679,1.00,1.00
2014.12.16 07:44:48.645,1.60646,1.60673,1.00,1.00
2014.12.16 07:44:49.343,1.60646,1.60678,1.00,1.00
2014.12.16 07:44:49.777,1.60648,1.60678,1.00,1.00
2014.12.16 07:44:55.302,1.60648,1.60679,1.00,1.00
2014.12.16 07:44:55.615,1.60646,1.60677,1.00,1.00
2014.12.16 07:44:56.801,1.60646,1.60679,1.00,1.00
2014.12.16 07:44:56.902,1.60653,1.60679,1.00,1.00
2014.12.16 07:44:57.173,1.60653,1.60681,1.00,1.00
2014.12.16 07:44:57.576,1.60649,1.60677,1.00,1.00
2014.12.16 07:44:57.878,1.60647,1.60674,1.00,1.00
2014.12.16 07:44:57.929,1.60637,1.60685,1.37,1.00
2014.12.16 07:44:58.030,1.60637,1.60687,1.75,1.00
2014.12.16 07:44:58.130,1.60653,1.60687,1.00,1.00
2014.12.16 07:44:58.443,1.60654,1.6068,1.00,1.00
2014.12.16 07:44:58.619,1.60654,1.60682,1.00,1.00
2014.12.16 07:45:00.302,1.60653,1.60682,1.00,1.00
2014.12.16 07:45:00.353,1.60653,1.6068,1.00,1.00
2014.12.16 07:45:00.454,1.60649,1.60677,1.00,1.00
2014.12.16 07:45:00.555,1.60647,1.60677,1.00,1.00
2014.12.16 07:45:02.427,1.60647,1.60678,1.00,1.00
2014.12.16 07:45:02.772,1.60647,1.60676,1.00,1.00
2014.12.16 07:45:03.081,1.60644,1.60673,1.50,1.00
2014.12.16 07:45:07.145,1.60643,1.60673,1.50,1.00
2014.12.16 07:45:07.450,1.60645,1.60674,1.00,1.00
2014.12.16 07:45:08.175,1.60645,1.60675,1.00,1.00
2014.12.16 07:45:08.723,1.60645,1.60676,1.00,1.00
2014.12.16 07:45:08.824,1.60645,1.60678,1.00,1.00
2014.12.16 07:45:08.925,1.60654,1.60678,1.00,1.00
2014.12.16 07:45:11.036,1.60654,1.60677,1.00,1.00
2014.12.16 07:45:11.549,1.60654,1.60676,1.00,1.00
2014.12.16 07:45:11.791,1.60653,1.60678,1.00,1.00
2014.12.16 07:45:11.892,1.60651,1.6068,1.00,1.00
2014.12.16 07:45:11.993,1.60654,1.60679,1.00,1.00
2014.12.16 07:45:12.094,1.60636,1.60679,1.00,1.00
2014.12.16 07:45:12.145,1.60636,1.60685,1.00,1.00
2014.12.16 07:45:12.195,1.60644,1.60685,1.00,1.00
2014.12.16 07:45:12.498,1.60644,1.60683,1.00,1.00
2014.12.16 07:45:13.065,1.60643,1.60683,1.00,1.00
2014.12.16 07:45:13.384,1.60644,1.60681,1.00,1.00
2014.12.16 07:45:16.082,1.60644,1.60683,1.00,1.00
2014.12.16 07:45:16.854,1.60644,1.60681,1.00,1.00
2014.12.16 07:45:17.340,1.60644,1.60679,1.00,1.00
2014.12.16 07:45:17.790,1.60634,1.60679,1.00,1.00
2014.12.16 07:45:18.302,1.60634,1.60675,1.00,1.00
2014.12.16 07:45:18.403,1.60634,1.60684,1.87,1.00
2014.12.16 07:45:18.752,1.60647,1.60683,1.00,1.00
2014.12.16 07:45:18.803,1.60646,1.60686,1.00,1.00
2014.12.16 07:45:18.854,1.60646,1.60679,1.00,1.00
2014.12.16 07:45:21.802,1.60646,1.60675,1.00,1.00
2014.12.16 07:45:22.662,1.60645,1.60675,1.00,1.00
2014.12.16 07:45:23.353,1.60645,1.60674,1.00,1.00
2014.12.16 07:45:24.882,1.60645,1.60676,1.00,1.00
2014.12.16 07:45:25.632,1.60644,1.60676,1.00,1.00
2014.12.16 07:45:26.203,1.60644,1.60675,1.00,1.00
2014.12.16 07:45:26.354,1.60644,1.6067,1.00,1.00
2014.12.16 07:45:26.556,1.60638,1.60666,1.00,1.00
2014.12.16 07:45:26.657,1.60637,1.60671,1.00,1.00
2014.12.16 07:45:26.758,1.60624,1.60667,1.00,1.00
2014.12.16 07:45:26.809,1.60634,1.60667,1.00,1.00
2014.12.16 07:45:26.999,1.60634,1.6067,1.00,1.00
2014.12.16 07:45:31.823,1.60623,1.6067,1.87,1.00
2014.12.16 07:45:31.924,1.60623,1.60674,1.87,1.00
2014.12.16 07:45:32.075,1.60633,1.60674,1.00,1.00
2014.12.16 07:45:32.693,1.60633,1.60675,1.00,1.00
2014.12.16 07:45:33.393,1.60626,1.60676,1.75,1.00
2014.12.16 07:45:33.721,1.60626,1.60674,1.75,1.00
2014.12.16 07:45:36.564,1.60634,1.60677,1.00,1.00
2014.12.16 07:45:36.777,1.60634,1.6068,1.00,1.00
2014.12.16 07:45:37.029,1.60634,1.60682,1.50,1.00
2014.12.16 07:45:37.432,1.60634,1.60686,1.50,1.00
2014.12.16 07:45:37.873,1.60636,1.60686,1.37,1.00
2014.12.16 07:45:38.195,1.60634,1.60681,1.50,1.00
2014.12.16 07:45:40.529,1.60634,1.60675,1.50,1.00
2014.12.16 07:45:41.192,1.60634,1.60674,1.50,1.00
2014.12.16 07:45:42.269,1.60634,1.60668,1.37,1.00
2014.12.16 07:45:42.319,1.60634,1.60668,1.00,1.00
2014.12.16 07:45:42.370,1.60639,1.60668,1.00,1.00
2014.12.16 07:45:42.672,1.60639,1.60659,1.00,1.00
2014.12.16 07:45:43.159,1.60639,1.60662,1.00,1.00
2014.12.16 07:45:43.260,1.60642,1.60666,1.00,1.00
2014.12.16 07:45:43.582,1.60642,1.60669,1.00,1.00
2014.12.16 07:45:43.912,1.60642,1.60666,1.00,1.00
2014.12.16 07:45:44.462,1.60642,1.60667,1.00,1.00
2014.12.16 07:45:46.222,1.60642,1.60666,1.00,1.00
2014.12.16 07:45:47.212,1.60642,1.60669,1.00,1.00
2014.12.16 07:45:48.391,1.6064,1.60669,1.00,1.00
2014.12.16 07:45:48.442,1.6064,1.60657,1.00,1.00
2014.12.16 07:45:48.543,1.60638,1.60657,1.00,1.00
2014.12.16 07:45:49.022,1.60638,1.60659,1.00,1.00
2014.12.16 07:45:49.174,1.60633,1.60659,1.00,1.00
2014.12.16 07:45:49.274,1.60633,1.60662,1.00,1.00
2014.12.16 07:45:49.426,1.60624,1.6067,1.12,1.00
2014.12.16 07:45:49.759,1.60624,1.60672,1.12,1.00
2014.12.16 07:45:49.810,1.60624,1.60672,2.25,1.00
2014.12.16 07:45:50.182,1.60628,1.60675,1.00,1.00
2014.12.16 07:45:50.402,1.60628,1.60671,1.00,1.00
2014.12.16 07:45:51.613,1.60628,1.60673,1.00,1.00
2014.12.16 07:45:51.764,1.60624,1.60673,1.12,1.00
2014.12.16 07:45:51.965,1.60624,1.60675,1.12,1.00
2014.12.16 07:45:52.016,1.60624,1.60675,2.25,1.00
2014.12.16 07:45:52.537,1.60625,1.60675,1.75,1.00
2014.12.16 07:45:55.462,1.60625,1.60674,1.75,1.00
2014.12.16 07:45:56.688,1.60625,1.6067,1.75,1.00
2014.12.16 07:45:57.222,1.60625,1.60674,1.75,1.00
2014.12.16 07:45:57.551,1.60625,1.60672,1.75,1.00
2014.12.16 07:45:58.112,1.60625,1.60673,1.75,1.00
2014.12.16 07:45:58.213,1.60625,1.60678,1.75,1.00
2014.12.16 07:45:58.264,1.60631,1.60678,1.37,1.00
2014.12.16 07:45:58.364,1.60631,1.60681,1.87,1.00
2014.12.16 07:45:58.465,1.60631,1.60686,1.87,1.00
2014.12.16 07:45:58.566,1.60635,1.60684,1.37,1.00
2014.12.16 07:45:58.919,1.60635,1.60688,1.75,1.00
2014.12.16 07:45:59.202,1.60635,1.60684,1.75,1.00
2014.12.16 07:45:59.907,1.60635,1.6068,1.75,1.00
2014.12.16 07:46:00.412,1.60635,1.60679,1.75,1.00
2014.12.16 07:46:06.619,1.60635,1.6068,1.75,1.00
2014.12.16 07:46:10.971,1.60635,1.60681,1.75,1.00
2014.12.16 07:46:11.306,1.60647,1.60683,1.00,1.00
2014.12.16 07:46:11.663,1.60647,1.60677,1.00,1.00
2014.12.16 07:46:13.865,1.60647,1.6068,1.00,1.00
2014.12.16 07:46:13.967,1.60647,1.60671,1.00,1.00
2014.12.16 07:46:14.168,1.60644,1.60675,1.00,1.00
2014.12.16 07:46:14.269,1.60641,1.60675,1.00,1.00
2014.12.16 07:46:14.521,1.60641,1.60677,1.00,1.00
2014.12.16 07:46:14.792,1.60639,1.60677,1.00,1.00
2014.12.16 07:46:14.842,1.60639,1.60673,1.00,1.00
2014.12.16 07:46:17.072,1.60639,1.6067,1.00,1.00
2014.12.16 07:46:17.471,1.60638,1.60666,1.00,1.00
2014.12.16 07:46:17.673,1.60636,1.60666,1.00,1.00
2014.12.16 07:46:17.879,1.60623,1.60665,1.50,1.00
2014.12.16 07:46:17.930,1.60624,1.60672,1.37,1.00
2014.12.16 07:46:18.233,1.60624,1.60669,1.37,1.00
2014.12.16 07:46:18.975,1.60624,1.60669,1.00,1.00
2014.12.16 07:46:20.448,1.60624,1.60671,1.00,1.00
2014.12.16 07:46:20.873,1.60624,1.60669,1.00,1.00
2014.12.16 07:46:22.083,1.60624,1.60668,1.00,1.00
2014.12.16 07:46:22.607,1.60624,1.60668,1.37,1.00
2014.12.16 07:46:23.621,1.60624,1.60667,1.37,1.00
2014.12.16 07:46:24.516,1.60624,1.60668,1.37,1.00
2014.12.16 07:46:25.761,1.60624,1.60669,1.50,1.00
2014.12.16 07:46:26.456,1.60624,1.6067,1.50,1.00
2014.12.16 07:46:26.932,1.60624,1.6067,2.62,1.00
2014.12.16 07:46:27.382,1.60626,1.6067,1.75,1.00
2014.12.16 07:46:28.168,1.60626,1.60669,1.75,1.00
2014.12.16 07:46:28.685,1.60624,1.60669,1.50,1.00
2014.12.16 07:46:29.671,1.60624,1.60667,1.12,1.00
2014.12.16 07:46:31.479,1.60624,1.60671,1.12,1.00
2014.12.16 07:46:33.768,1.60623,1.60669,1.50,1.00
2014.12.16 07:46:34.070,1.60623,1.60665,1.00,1.00
2014.12.16 07:46:34.121,1.60616,1.60663,1.75,1.00
2014.12.16 07:46:34.423,1.60616,1.60665,1.75,1.00
2014.12.16 07:46:35.007,1.60616,1.60666,1.75,1.00
2014.12.16 07:46:35.191,1.60616,1.60669,1.75,1.00
2014.12.16 07:46:35.542,1.60616,1.60665,1.75,1.00
2014.12.16 07:46:35.977,1.60613,1.60665,1.87,1.00
2014.12.16 07:46:36.512,1.60614,1.60666,1.12,1.00
2014.12.16 07:46:36.613,1.60616,1.60669,1.50,1.12
2014.12.16 07:46:37.077,1.60613,1.60663,1.87,1.00
2014.12.16 07:46:37.380,1.60615,1.60668,1.75,1.00
2014.12.16 07:46:37.683,1.60626,1.60669,1.00,1.00
2014.12.16 07:46:37.991,1.60626,1.60663,1.00,1.00
2014.12.16 07:46:38.346,1.60631,1.60664,1.00,1.00
2014.12.16 07:46:38.397,1.60634,1.60668,1.00,1.00
2014.12.16 07:46:38.497,1.60633,1.6067,1.00,1.00
2014.12.16 07:46:38.598,1.60635,1.6067,1.00,1.00
2014.12.16 07:46:40.135,1.60635,1.60667,1.00,1.00
2014.12.16 07:46:40.452,1.60634,1.60669,1.00,1.00
2014.12.16 07:46:40.781,1.60634,1.60667,1.00,1.00
2014.12.16 07:46:42.160,1.60633,1.60667,1.00,1.00
2014.12.16 07:46:42.732,1.60634,1.60666,1.00,1.00
2014.12.16 07:46:43.233,1.60634,1.60665,1.00,1.00
2014.12.16 07:46:43.747,1.60633,1.60665,1.00,1.00
2014.12.16 07:46:44.417,1.6063,1.6066,1.00,1.00
2014.12.16 07:46:44.619,1.60623,1.60663,1.00,1.00
2014.12.16 07:46:44.750,1.60615,1.60663,1.75,1.00
2014.12.16 07:46:47.461,1.60615,1.60664,1.87,1.00
2014.12.16 07:46:55.933,1.60615,1.60663,1.75,1.00
2014.12.16 07:46:56.396,1.60615,1.6067,2.25,1.00
2014.12.16 07:46:56.497,1.60615,1.60672,2.25,1.12
2014.12.16 07:46:56.548,1.60619,1.60672,1.50,1.12
2014.12.16 07:46:56.598,1.60623,1.60677,1.00,1.50
2014.12.16 07:46:56.649,1.60623,1.60677,1.50,1.50
2014.12.16 07:46:56.951,1.60634,1.60671,1.00,1.00
2014.12.16 07:46:57.253,1.60626,1.60663,1.00,1.00
2014.12.16 07:47:00.407,1.60626,1.60658,1.00,1.00
2014.12.16 07:47:02.687,1.60626,1.60663,1.00,1.00
2014.12.16 07:47:02.995,1.60626,1.6066,1.00,1.00
2014.12.16 07:47:03.631,1.60626,1.60658,1.00,1.00
2014.12.16 07:47:03.997,1.60626,1.60656,1.00,1.00
2014.12.16 07:47:04.110,1.60624,1.60656,1.00,1.00
2014.12.16 07:47:04.315,1.60625,1.60659,1.00,1.00
2014.12.16 07:47:04.821,1.60625,1.6066,1.00,1.00
2014.12.16 07:47:05.830,1.60625,1.60653,1.00,1.00
2014.12.16 07:47:06.133,1.60625,1.6065,1.00,1.00
2014.12.16 07:47:06.436,1.60625,1.60643,1.00,1.00
2014.12.16 07:47:06.491,1.60625,1.60645,1.00,1.00
2014.12.16 07:47:06.852,1.60621,1.60644,1.00,1.00
2014.12.16 07:47:06.966,1.60613,1.60646,1.00,1.00
2014.12.16 07:47:08.299,1.60612,1.60646,1.00,1.00
2014.12.16 07:47:08.714,1.60608,1.60648,1.00,1.00
2014.12.16 07:47:08.815,1.60608,1.6065,1.00,1.00
2014.12.16 07:47:08.865,1.60614,1.6065,1.00,1.00
2014.12.16 07:47:09.068,1.6061,1.60647,1.00,1.00
2014.12.16 07:47:09.170,1.60613,1.60654,1.00,1.50
2014.12.16 07:47:09.371,1.60616,1.60657,1.00,1.50
2014.12.16 07:47:09.673,1.60621,1.60657,1.00,1.00
2014.12.16 07:47:09.724,1.60621,1.6066,1.00,1.00
2014.12.16 07:47:09.925,1.60621,1.60662,1.00,1.00
2014.12.16 07:47:10.278,1.60624,1.60665,1.00,1.00
2014.12.16 07:47:10.631,1.60624,1.60667,1.00,1.00
2014.12.16 07:47:10.903,1.60615,1.60669,1.12,1.12
2014.12.16 07:47:11.457,1.60615,1.60664,1.12,1.00
2014.12.16 07:47:11.770,1.60615,1.60667,1.12,1.00
2014.12.16 07:47:12.317,1.60615,1.60664,1.12,1.00
2014.12.16 07:47:12.620,1.60603,1.60641,1.00,1.00
2014.12.16 07:47:12.949,1.60608,1.60644,1.00,1.00
2014.12.16 07:47:13.370,1.60608,1.60638,1.00,1.00
2014.12.16 07:47:17.959,1.60604,1.60634,1.50,1.00
2014.12.16 07:47:18.161,1.60594,1.60639,1.00,1.00
2014.12.16 07:47:18.327,1.60594,1.60639,1.37,1.00
2014.12.16 07:47:18.828,1.60594,1.60641,1.50,1.00
2014.12.16 07:47:19.341,1.60594,1.60641,1.12,1.00
2014.12.16 07:47:19.493,1.60594,1.60638,1.00,1.00
2014.12.16 07:47:20.034,1.60593,1.60638,1.00,1.00
2014.12.16 07:47:20.697,1.60593,1.60635,1.00,1.00
2014.12.16 07:47:21.489,1.60593,1.60641,1.00,1.00
2014.12.16 07:47:21.540,1.60604,1.60641,1.00,1.00
2014.12.16 07:47:21.641,1.606,1.60641,1.00,1.50
2014.12.16 07:47:21.691,1.606,1.6063,1.00,1.00
2014.12.16 07:47:22.009,1.60594,1.60621,1.00,1.00
2014.12.16 07:47:22.110,1.60576,1.6063,1.75,1.00
2014.12.16 07:47:22.642,1.60585,1.6063,1.00,1.00
2014.12.16 07:47:22.945,1.60593,1.60628,1.00,1.00
2014.12.16 07:47:23.247,1.60596,1.6063,1.00,1.00
2014.12.16 07:47:23.752,1.60597,1.6063,1.00,1.00
2014.12.16 07:47:26.204,1.60597,1.60632,1.00,1.00
2014.12.16 07:47:27.292,1.60597,1.60634,1.00,1.00
2014.12.16 07:47:27.544,1.606,1.60637,1.00,1.00
2014.12.16 07:47:27.851,1.60602,1.60643,1.00,1.00
2014.12.16 07:47:27.952,1.60606,1.60641,1.00,1.00
2014.12.16 07:47:28.164,1.60606,1.60643,1.00,1.00
2014.12.16 07:47:28.315,1.60609,1.60643,1.00,1.00
2014.12.16 07:47:31.290,1.60609,1.60645,1.00,1.00
2014.12.16 07:47:31.391,1.60606,1.60636,1.00,1.00
2014.12.16 07:47:31.492,1.60601,1.60636,1.00,1.00
2014.12.16 07:47:35.749,1.60596,1.60636,1.00,1.00
2014.12.16 07:47:35.901,1.60596,1.60625,1.00,1.00
2014.12.16 07:47:36.203,1.60595,1.60623,1.00,1.00
2014.12.16 07:47:38.084,1.60595,1.60621,1.00,1.00
2014.12.16 07:47:38.616,1.60595,1.60626,1.00,1.00
2014.12.16 07:47:40.700,1.60595,1.60627,1.00,1.00
2014.12.16 07:47:41.029,1.60595,1.60625,1.00,1.00
2014.12.16 07:47:41.584,1.60595,1.60624,1.00,1.00
2014.12.16 07:47:41.945,1.60593,1.60624,1.50,1.00
2014.12.16 07:47:45.170,1.60603,1.60624,1.00,1.00
2014.12.16 07:47:45.321,1.60594,1.60625,1.00,1.00
2014.12.16 07:47:45.674,1.60593,1.60623,1.50,1.00
2014.12.16 07:47:46.420,1.60593,1.60627,1.50,1.00
2014.12.16 07:47:46.672,1.60595,1.60627,1.00,1.00
2014.12.16 07:47:48.979,1.60595,1.60626,1.00,1.00
2014.12.16 07:47:49.208,1.60593,1.60626,1.50,1.00
2014.12.16 07:47:54.300,1.60594,1.60626,1.00,1.00
2014.12.16 07:47:58.396,1.60594,1.60623,1.00,1.00
2014.12.16 07:48:00.169,1.60594,1.60625,1.00,1.00
2014.12.16 07:48:01.285,1.60594,1.60612,1.00,1.00
2014.12.16 07:48:01.386,1.60583,1.60612,1.00,1.00
2014.12.16 07:48:01.638,1.60584,1.6061,1.50,1.00
2014.12.16 07:48:05.230,1.60584,1.60611,1.00,1.00
2014.12.16 07:48:07.249,1.60584,1.60609,1.00,1.00
2014.12.16 07:48:09.519,1.60584,1.6061,1.00,1.00
2014.12.16 07:48:10.069,1.60594,1.60612,1.00,1.00
2014.12.16 07:48:10.580,1.60593,1.60612,1.00,1.00
2014.12.16 07:48:10.832,1.60584,1.60612,1.50,1.00
2014.12.16 07:48:11.131,1.60594,1.60612,1.00,1.00
2014.12.16 07:48:12.292,1.60594,1.60615,1.00,1.00
2014.12.16 07:48:12.970,1.60593,1.60615,1.00,1.00
2014.12.16 07:48:14.733,1.60593,1.60613,1.00,1.00
2014.12.16 07:48:15.509,1.60593,1.6061,1.00,1.00
2014.12.16 07:48:19.668,1.60593,1.60612,1.00,1.00
2014.12.16 07:48:19.870,1.60584,1.60609,1.00,1.00
2014.12.16 07:48:19.971,1.60594,1.60609,1.00,1.00
2014.12.16 07:48:20.190,1.60594,1.60612,1.00,1.00
2014.12.16 07:48:21.248,1.60593,1.60612,1.00,1.00
2014.12.16 07:48:24.073,1.60593,1.60623,1.00,1.00
2014.12.16 07:48:24.174,1.60593,1.6063,1.00,1.00
2014.12.16 07:48:24.275,1.60593,1.60636,1.00,1.00
2014.12.16 07:48:24.527,1.60594,1.60634,1.00,1.00
2014.12.16 07:48:24.578,1.60592,1.60634,1.00,1.00
2014.12.16 07:48:24.629,1.60596,1.60634,1.00,1.00
2014.12.16 07:48:24.735,1.60591,1.60632,1.12,1.00
2014.12.16 07:48:24.937,1.60588,1.60643,1.75,1.00
2014.12.16 07:48:25.039,1.60593,1.60647,1.00,2.10
2014.12.16 07:48:25.139,1.60587,1.60647,1.75,2.85
2014.12.16 07:48:25.341,1.60587,1.60644,1.37,1.87
2014.12.16 07:48:25.392,1.60585,1.60643,1.37,1.75
2014.12.16 07:48:25.850,1.60583,1.60638,1.37,1.75
2014.12.16 07:48:28.303,1.60593,1.60638,1.00,1.75
2014.12.16 07:48:29.867,1.60583,1.60638,1.00,1.75
2014.12.16 07:48:30.392,1.60584,1.60642,1.50,1.75
2014.12.16 07:48:30.494,1.60594,1.60644,1.00,1.75
2014.12.16 07:48:31.199,1.60594,1.60638,1.00,1.37
2014.12.16 07:48:32.069,1.60593,1.60638,1.00,1.75
2014.12.16 07:48:32.371,1.60588,1.60629,1.00,1.00
2014.12.16 07:48:32.673,1.60593,1.60634,1.00,1.00
2014.12.16 07:48:32.775,1.60596,1.60638,1.00,1.00
2014.12.16 07:48:32.876,1.60594,1.60633,1.00,1.00
2014.12.16 07:48:33.178,1.60594,1.60635,1.00,1.00
2014.12.16 07:48:33.285,1.60597,1.60638,1.00,1.00
2014.12.16 07:48:33.595,1.60594,1.60635,1.00,1.00
2014.12.16 07:48:33.947,1.60597,1.60638,1.00,1.00
2014.12.16 07:48:34.199,1.60598,1.60641,1.00,1.00
2014.12.16 07:48:34.744,1.60597,1.60638,1.00,2.10
2014.12.16 07:48:34.845,1.60593,1.60636,1.37,1.00
2014.12.16 07:48:34.946,1.60593,1.60636,1.00,1.00
2014.12.16 07:48:35.519,1.60592,1.60635,1.00,1.00
2014.12.16 07:48:39.099,1.60602,1.60635,1.00,1.00
2014.12.16 07:48:39.402,1.60607,1.60653,1.00,1.00
2014.12.16 07:48:39.642,1.6061,1.60667,1.37,1.50
2014.12.16 07:48:39.693,1.60623,1.60664,1.00,1.00
2014.12.16 07:48:39.996,1.60632,1.60672,1.00,1.00
2014.12.16 07:48:43.550,1.6063,1.60671,1.00,1.00
2014.12.16 07:48:43.688,1.6063,1.60666,1.00,1.00
2014.12.16 07:48:44.728,1.60629,1.60666,1.00,1.00
2014.12.16 07:48:46.002,1.60629,1.60673,1.00,1.00
2014.12.16 07:48:46.053,1.60628,1.6067,1.50,1.00
2014.12.16 07:48:48.020,1.6063,1.60672,1.00,1.00
2014.12.16 07:48:50.658,1.60631,1.60673,1.00,1.00
2014.12.16 07:48:50.959,1.60634,1.60677,1.00,1.87
2014.12.16 07:48:51.010,1.60634,1.60677,1.00,1.50
2014.12.16 07:48:51.798,1.60634,1.60676,1.00,1.00
2014.12.16 07:48:53.738,1.60636,1.60676,1.00,1.00
2014.12.16 07:48:57.721,1.60633,1.60674,1.00,1.00
2014.12.16 07:48:57.923,1.60637,1.60677,1.00,1.37
2014.12.16 07:48:57.973,1.60637,1.60677,1.00,1.00
2014.12.16 07:48:58.075,1.60635,1.60676,1.00,1.00
2014.12.16 07:48:58.126,1.60635,1.60673,1.00,1.00
2014.12.16 07:48:58.428,1.60632,1.60667,1.00,1.12
2014.12.16 07:48:58.759,1.60632,1.60662,1.00,1.00
2014.12.16 07:48:59.718,1.60628,1.60662,1.00,1.00
2014.12.16 07:48:59.769,1.60628,1.60661,1.00,1.37
2014.12.16 07:48:59.920,1.60618,1.60659,1.00,1.12
2014.12.16 07:48:59.971,1.60618,1.60655,1.00,1.00
2014.12.16 07:49:00.021,1.60614,1.60655,1.00,1.00
2014.12.16 07:49:00.348,1.60612,1.60652,1.00,1.00
2014.12.16 07:49:00.685,1.60603,1.60645,1.50,1.00
2014.12.16 07:49:00.786,1.60603,1.60639,1.00,1.00
2014.12.16 07:49:00.887,1.60594,1.60647,1.00,1.75
2014.12.16 07:49:01.428,1.60593,1.60646,1.00,1.75
2014.12.16 07:49:02.509,1.60593,1.60643,1.00,1.75
2014.12.16 07:49:09.995,1.60594,1.60641,1.00,1.50
2014.12.16 07:49:10.096,1.60584,1.60633,1.12,1.00
2014.12.16 07:49:10.247,1.60584,1.6063,1.00,1.00
2014.12.16 07:49:10.775,1.60584,1.60629,1.00,1.00
2014.12.16 07:49:12.336,1.60584,1.60627,1.00,1.00
2014.12.16 07:49:13.033,1.60584,1.60628,1.00,1.00
2014.12.16 07:49:15.258,1.60584,1.60625,1.00,1.00
2014.12.16 07:49:15.740,1.60583,1.60628,1.00,1.00
2014.12.16 07:49:15.790,1.60583,1.60628,1.60,1.00
2014.12.16 07:49:16.093,1.60611,1.60646,1.00,1.00
2014.12.16 07:49:16.143,1.60611,1.6065,1.00,1.00
2014.12.16 07:49:16.194,1.60606,1.6065,1.00,1.00
2014.12.16 07:49:16.295,1.606,1.60648,1.00,1.00
2014.12.16 07:49:16.346,1.60602,1.60648,1.37,1.00
2014.12.16 07:49:16.648,1.60619,1.60652,1.00,1.00
2014.12.16 07:49:17.483,1.60619,1.60653,1.00,1.00
2014.12.16 07:49:18.253,1.60619,1.60651,1.00,1.00
2014.12.16 07:49:19.988,1.60619,1.6065,1.00,1.00
2014.12.16 07:49:20.140,1.60612,1.60646,1.00,1.00
2014.12.16 07:49:20.241,1.60612,1.60644,1.00,1.00
2014.12.16 07:49:20.392,1.6061,1.60644,1.00,1.00
2014.12.16 07:49:21.213,1.6061,1.60649,1.00,1.37
2014.12.16 07:49:21.264,1.60613,1.60649,1.00,1.00
2014.12.16 07:49:21.572,1.60617,1.60651,1.00,1.00
2014.12.16 07:49:22.189,1.60617,1.60652,1.00,1.00
2014.12.16 07:49:22.787,1.60619,1.60652,1.00,1.00
2014.12.16 07:49:23.102,1.60618,1.60649,1.00,1.00
2014.12.16 07:49:23.320,1.60618,1.60651,1.00,1.00
2014.12.16 07:49:23.883,1.60619,1.60652,1.00,1.00
2014.12.16 07:49:24.497,1.60619,1.60651,1.00,1.00
2014.12.16 07:49:24.649,1.60615,1.60646,1.00,1.00
2014.12.16 07:49:24.905,1.60611,1.60644,1.00,1.00
2014.12.16 07:49:25.163,1.60611,1.60647,1.00,1.00
2014.12.16 07:49:25.425,1.60611,1.60644,1.00,1.00
2014.12.16 07:49:25.824,1.6061,1.60647,1.00,1.00
2014.12.16 07:49:26.076,1.6061,1.60645,1.00,1.00
2014.12.16 07:49:26.437,1.60613,1.60645,1.00,1.00
2014.12.16 07:49:27.908,1.60614,1.60645,1.00,1.00
2014.12.16 07:49:30.348,1.60613,1.60645,1.00,1.00
2014.12.16 07:49:31.647,1.60613,1.60647,1.00,1.00
2014.12.16 07:49:37.506,1.60613,1.60645,1.00,1.00
2014.12.16 07:49:37.660,1.60606,1.60645,1.00,1.00
2014.12.16 07:49:43.651,1.60606,1.60643,1.00,1.00
2014.12.16 07:49:44.241,1.60606,1.60644,1.00,1.00
2014.12.16 07:49:54.566,1.60607,1.60644,1.00,1.00
2014.12.16 07:49:54.869,1.60603,1.60638,1.00,1.00
2014.12.16 07:49:55.437,1.60603,1.60637,1.00,1.00
2014.12.16 07:49:57.167,1.60603,1.60638,1.00,1.00
2014.12.16 07:50:04.728,1.60601,1.60638,1.00,1.00
2014.12.16 07:50:05.031,1.60606,1.60641,1.00,1.00
2014.12.16 07:50:05.132,1.60607,1.60643,1.00,1.00
2014.12.16 07:50:05.389,1.6061,1.60643,1.00,1.00
2014.12.16 07:50:05.490,1.60605,1.60641,1.00,1.00
2014.12.16 07:50:05.591,1.60603,1.6064,1.00,1.00
2014.12.16 07:50:05.908,1.60605,1.6064,1.00,1.00
2014.12.16 07:50:06.110,1.60607,1.60644,1.00,1.00
2014.12.16 07:50:06.160,1.60611,1.60644,1.00,1.00
2014.12.16 07:50:06.683,1.6061,1.60644,1.00,1.00
2014.12.16 07:50:07.199,1.6061,1.60646,1.00,1.00
2014.12.16 07:50:07.439,1.6061,1.60644,1.00,1.00
2014.12.16 07:50:08.994,1.60608,1.60644,1.00,1.00
2014.12.16 07:50:09.095,1.60603,1.60639,1.00,1.00
2014.12.16 07:50:12.155,1.60603,1.60641,1.00,1.00
2014.12.16 07:50:12.821,1.60603,1.60639,1.00,1.00
2014.12.16 07:50:13.382,1.60604,1.60639,1.00,1.00
2014.12.16 07:50:13.940,1.60604,1.6064,1.00,1.00
2014.12.16 07:50:14.041,1.60604,1.60642,1.00,1.00
2014.12.16 07:50:14.679,1.60604,1.60643,1.00,1.00
2014.12.16 07:50:14.931,1.6061,1.60644,1.00,1.00
2014.12.16 07:50:15.478,1.60607,1.60644,1.00,1.00
2014.12.16 07:50:18.449,1.6061,1.60644,1.00,1.00
2014.12.16 07:50:27.253,1.6061,1.60642,1.00,1.00
2014.12.16 07:50:29.771,1.6061,1.60644,1.00,1.00
2014.12.16 07:50:30.649,1.6061,1.60643,1.00,1.00
2014.12.16 07:50:31.163,1.6061,1.60642,1.00,1.00
2014.12.16 07:50:34.588,1.6061,1.60644,1.00,1.00
2014.12.16 07:50:34.639,1.60612,1.60644,1.00,1.00
2014.12.16 07:50:34.958,1.60613,1.60642,1.00,1.00
2014.12.16 07:50:38.487,1.6061,1.60642,1.00,1.00
2014.12.16 07:50:38.588,1.60606,1.60638,1.00,1.00
2014.12.16 07:50:38.689,1.60604,1.6064,1.00,1.00
2014.12.16 07:50:38.790,1.60604,1.60646,1.00,1.00
2014.12.16 07:50:38.891,1.60607,1.60646,1.00,1.00
2014.12.16 07:50:39.193,1.60618,1.60657,1.00,1.00
2014.12.16 07:50:39.345,1.6062,1.60662,1.00,1.00
2014.12.16 07:50:39.496,1.60623,1.60664,1.00,1.35
2014.12.16 07:50:39.819,1.60623,1.60664,1.75,1.35
2014.12.16 07:50:40.661,1.60622,1.60663,1.75,1.00
2014.12.16 07:50:40.813,1.60623,1.60664,1.00,1.35
2014.12.16 07:50:41.115,1.60625,1.60668,1.00,1.00
2014.12.16 07:50:41.216,1.60628,1.60671,1.00,1.00
2014.12.16 07:50:41.367,1.60623,1.60673,1.00,1.00
2014.12.16 07:50:41.468,1.60623,1.60678,1.00,1.00
2014.12.16 07:50:41.518,1.60623,1.60676,1.37,1.00
2014.12.16 07:50:41.821,1.60637,1.60676,1.00,1.00
2014.12.16 07:50:42.123,1.60638,1.60681,1.00,1.00
2014.12.16 07:50:42.224,1.60642,1.60685,1.00,1.00
2014.12.16 07:50:42.527,1.60642,1.60682,1.00,1.00
2014.12.16 07:50:45.069,1.60642,1.6068,1.00,1.00
2014.12.16 07:50:45.169,1.6064,1.60679,1.00,1.00
2014.12.16 07:50:45.400,1.60638,1.60674,1.00,1.00
2014.12.16 07:50:45.501,1.60633,1.60674,1.50,1.50
2014.12.16 07:50:45.608,1.60636,1.60674,1.00,1.00
2014.12.16 07:50:45.910,1.60636,1.60671,1.00,1.00
2014.12.16 07:50:48.827,1.60633,1.60671,1.50,1.00
2014.12.16 07:50:49.408,1.60634,1.60671,1.00,1.00
2014.12.16 07:50:50.899,1.60634,1.60667,1.00,1.00
2014.12.16 07:50:51.320,1.60634,1.6067,1.00,1.00
2014.12.16 07:50:51.528,1.60634,1.60668,1.00,1.00
2014.12.16 07:50:55.070,1.60634,1.6067,1.00,1.00
2014.12.16 07:51:00.668,1.60633,1.60667,1.00,1.00
2014.12.16 07:51:00.718,1.60629,1.60667,1.00,1.00
2014.12.16 07:51:00.920,1.60628,1.60665,1.00,1.00
2014.12.16 07:51:01.428,1.60628,1.60666,1.00,1.00
2014.12.16 07:51:03.317,1.60625,1.60666,1.00,1.50
2014.12.16 07:51:03.635,1.60625,1.60661,1.00,1.00
2014.12.16 07:51:04.176,1.60624,1.60661,1.50,1.00
2014.12.16 07:51:04.508,1.60624,1.60663,1.50,1.00
2014.12.16 07:51:05.030,1.60623,1.60663,1.50,1.00
2014.12.16 07:51:05.081,1.60623,1.60666,1.50,1.50
2014.12.16 07:51:05.309,1.60624,1.60663,1.00,1.00
2014.12.16 07:51:05.890,1.60624,1.60662,1.00,1.00
2014.12.16 07:51:06.192,1.60627,1.60663,1.00,1.00
2014.12.16 07:51:10.357,1.60624,1.60663,1.50,1.00
2014.12.16 07:51:10.559,1.60624,1.60659,1.50,1.00
2014.12.16 07:51:11.251,1.60624,1.6066,1.00,1.00
2014.12.16 07:51:11.704,1.60624,1.60652,1.00,1.00
2014.12.16 07:51:11.755,1.60621,1.60652,1.00,1.00
2014.12.16 07:51:11.906,1.60616,1.60652,1.00,1.00
2014.12.16 07:51:14.647,1.60615,1.60652,1.00,1.00
2014.12.16 07:51:15.006,1.60615,1.60654,1.00,1.00
2014.12.16 07:51:15.109,1.60618,1.60654,1.00,1.00
2014.12.16 07:51:15.415,1.60618,1.60659,1.00,1.00
2014.12.16 07:51:15.465,1.60626,1.6066,1.00,1.00
2014.12.16 07:51:15.969,1.60626,1.60661,1.00,1.00
2014.12.16 07:51:16.280,1.60626,1.60658,1.00,1.00
2014.12.16 07:51:16.331,1.60623,1.60658,1.00,1.00
2014.12.16 07:51:16.432,1.60621,1.60658,1.00,1.00
2014.12.16 07:51:16.483,1.60624,1.60658,1.00,1.00
2014.12.16 07:51:16.634,1.60621,1.60658,1.00,1.00
2014.12.16 07:51:16.938,1.60621,1.60656,1.00,1.00
2014.12.16 07:51:17.463,1.6062,1.60656,1.00,1.00
2014.12.16 07:51:17.980,1.6062,1.60657,1.00,1.00
2014.12.16 07:51:18.482,1.6062,1.60656,1.00,1.00
2014.12.16 07:51:20.897,1.6062,1.60653,1.00,1.00
2014.12.16 07:51:20.948,1.60616,1.60653,1.00,1.00
2014.12.16 07:51:21.049,1.60616,1.60651,1.00,1.00
2014.12.16 07:51:21.150,1.60611,1.60647,1.00,1.00
2014.12.16 07:51:21.652,1.6061,1.60647,1.00,1.00
2014.12.16 07:51:22.922,1.6061,1.60646,1.00,1.00
2014.12.16 07:51:26.288,1.6061,1.60643,1.00,1.00
2014.12.16 07:51:26.338,1.60607,1.60643,1.00,1.00
2014.12.16 07:51:27.615,1.60607,1.60644,1.00,1.00
2014.12.16 07:51:27.937,1.60607,1.60647,1.00,1.00
2014.12.16 07:51:29.738,1.60607,1.60645,1.00,1.00
2014.12.16 07:51:29.944,1.60607,1.60647,1.00,1.00
2014.12.16 07:51:30.607,1.60608,1.60647,1.00,1.00
2014.12.16 07:51:30.708,1.60608,1.60644,1.00,1.00
2014.12.16 07:51:30.861,1.60606,1.60644,1.00,1.00
2014.12.16 07:51:35.201,1.60606,1.6064,1.00,1.00
2014.12.16 07:51:35.352,1.60604,1.60639,1.00,1.00
2014.12.16 07:51:35.453,1.60601,1.60639,1.00,1.00
2014.12.16 07:51:35.616,1.60604,1.60638,1.00,1.00
2014.12.16 07:51:35.857,1.60601,1.60637,1.00,1.00
2014.12.16 07:51:35.908,1.60598,1.60637,1.00,1.00
2014.12.16 07:51:36.009,1.60595,1.60632,1.00,1.00
2014.12.16 07:51:36.210,1.60595,1.60635,1.00,1.00
2014.12.16 07:51:36.362,1.60598,1.6064,1.00,1.00
2014.12.16 07:51:36.563,1.606,1.6064,1.00,1.00
2014.12.16 07:51:36.869,1.60614,1.60649,1.00,1.00
2014.12.16 07:51:36.970,1.60614,1.60652,1.00,1.00
2014.12.16 07:51:41.557,1.60614,1.60654,1.50,1.00
2014.12.16 07:51:42.113,1.60614,1.60653,1.50,1.00
2014.12.16 07:51:44.567,1.60615,1.60653,1.00,1.00
2014.12.16 07:51:45.638,1.60615,1.60652,1.00,1.00
2014.12.16 07:51:45.689,1.60613,1.60652,1.00,1.00
2014.12.16 07:51:45.865,1.60613,1.60649,1.00,1.00
2014.12.16 07:51:46.637,1.60612,1.60649,1.00,1.00
2014.12.16 07:51:47.398,1.60612,1.60651,1.00,1.00
2014.12.16 07:51:47.466,1.60614,1.60651,1.00,1.00
2014.12.16 07:51:47.698,1.60612,1.60652,1.00,1.00
2014.12.16 07:51:47.900,1.60615,1.60652,1.00,1.00
2014.12.16 07:51:48.217,1.60617,1.60653,1.00,1.00
2014.12.16 07:51:48.318,1.60615,1.60654,1.00,1.00
2014.12.16 07:51:48.519,1.60615,1.60652,1.00,1.00
2014.12.16 07:51:54.475,1.60615,1.60654,1.00,1.00
2014.12.16 07:51:55.716,1.60614,1.60654,1.00,1.00
2014.12.16 07:51:55.767,1.60614,1.60651,1.00,1.00
2014.12.16 07:51:56.101,1.60614,1.60654,1.00,1.00
2014.12.16 07:51:56.712,1.60613,1.60654,1.00,1.00
2014.12.16 07:51:56.914,1.60615,1.60654,1.00,1.00
2014.12.16 07:51:57.476,1.60615,1.60655,1.00,1.00
2014.12.16 07:51:58.316,1.60616,1.60655,1.00,1.00
2014.12.16 07:51:58.518,1.60616,1.60657,1.00,1.50
2014.12.16 07:51:59.411,1.60616,1.60655,1.00,1.00
2014.12.16 07:52:00.326,1.60617,1.60655,1.00,1.00
2014.12.16 07:52:00.647,1.60619,1.60655,1.00,1.00
2014.12.16 07:52:00.697,1.60619,1.60662,1.00,1.50
2014.12.16 07:52:00.798,1.60624,1.60662,1.00,1.00
2014.12.16 07:52:00.899,1.60619,1.60659,1.00,1.00
2014.12.16 07:52:01.101,1.60613,1.60655,1.00,1.00
2014.12.16 07:52:01.252,1.60611,1.60654,1.00,1.50
2014.12.16 07:52:01.303,1.60608,1.60651,1.00,1.00
2014.12.16 07:52:01.617,1.60604,1.60644,1.00,1.00
2014.12.16 07:52:01.920,1.60611,1.60647,1.00,1.00
2014.12.16 07:52:02.020,1.60611,1.60649,1.00,1.00
2014.12.16 07:52:07.561,1.6061,1.60649,1.00,1.00
2014.12.16 07:52:12.494,1.6061,1.60642,1.00,1.00
2014.12.16 07:52:12.746,1.60606,1.60643,1.00,1.00
2014.12.16 07:52:13.061,1.60602,1.60643,1.00,1.00
2014.12.16 07:52:13.313,1.60606,1.60642,1.00,1.00
2014.12.16 07:52:13.364,1.60606,1.60645,1.00,1.00
2014.12.16 07:52:13.931,1.60607,1.60646,1.00,1.00
2014.12.16 07:52:14.485,1.60607,1.60648,1.00,1.00
2014.12.16 07:52:14.636,1.60611,1.60648,1.00,1.00
2014.12.16 07:52:14.687,1.60611,1.60652,1.00,1.00
2014.12.16 07:52:14.939,1.60614,1.60654,1.00,1.00
2014.12.16 07:52:15.241,1.60616,1.60653,1.00,1.00
2014.12.16 07:52:15.547,1.60614,1.60646,1.00,1.00
2014.12.16 07:52:15.648,1.6061,1.60646,1.00,1.00
2014.12.16 07:52:15.699,1.6061,1.60644,1.00,1.00
2014.12.16 07:52:17.307,1.6061,1.60645,1.00,1.00
2014.12.16 07:52:18.516,1.6061,1.60644,1.00,1.00
2014.12.16 07:52:20.826,1.6061,1.60645,1.00,1.00
2014.12.16 07:52:22.806,1.6061,1.60644,1.00,1.00
2014.12.16 07:52:22.957,1.6061,1.60646,1.00,1.00
2014.12.16 07:52:23.058,1.6061,1.60644,1.00,1.00
2014.12.16 07:52:23.108,1.60606,1.60644,1.00,1.00
2014.12.16 07:52:25.996,1.60606,1.60647,1.00,1.00
2014.12.16 07:52:26.047,1.60609,1.60647,1.00,1.00
2014.12.16 07:52:30.176,1.60609,1.60648,1.00,1.00
2014.12.16 07:52:31.276,1.60609,1.60646,1.00,1.00
2014.12.16 07:52:35.016,1.60609,1.60644,1.00,1.00
2014.12.16 07:52:35.499,1.60607,1.60644,1.00,1.00
2014.12.16 07:52:36.446,1.60607,1.60647,1.00,1.00
2014.12.16 07:52:37.095,1.60607,1.60646,1.00,1.00
2014.12.16 07:52:37.684,1.60607,1.60645,1.00,1.00
2014.12.16 07:52:38.248,1.60609,1.60645,1.00,1.00
2014.12.16 07:52:38.399,1.60601,1.60639,1.50,1.00
2014.12.16 07:52:38.576,1.60605,1.60639,1.00,1.00
2014.12.16 07:52:38.917,1.60608,1.60644,1.00,1.00
2014.12.16 07:52:39.018,1.60609,1.6065,1.00,1.00
2014.12.16 07:52:39.170,1.60612,1.60651,1.00,1.00
2014.12.16 07:52:39.713,1.60612,1.60652,1.00,1.50
2014.12.16 07:52:43.660,1.60614,1.60654,1.00,1.00
2014.12.16 07:52:43.861,1.60611,1.60654,1.00,1.00
2014.12.16 07:52:44.365,1.6061,1.60653,1.00,1.00
2014.12.16 07:52:46.324,1.6061,1.60651,1.00,1.00
2014.12.16 07:52:46.949,1.60605,1.60648,1.12,1.00
2014.12.16 07:52:47.000,1.60605,1.60646,1.12,1.00
2014.12.16 07:52:47.050,1.60603,1.60646,1.00,1.50
2014.12.16 07:52:47.252,1.60605,1.60646,1.00,1.00
2014.12.16 07:52:47.554,1.6061,1.60646,1.00,1.00
2014.12.16 07:52:47.655,1.60615,1.60656,1.00,1.00
2014.12.16 07:52:47.756,1.60612,1.60655,1.00,1.00
2014.12.16 07:52:47.959,1.60611,1.60652,1.00,1.00
2014.12.16 07:52:48.059,1.60612,1.60655,1.00,1.00
2014.12.16 07:52:48.160,1.60617,1.60658,1.00,1.50
2014.12.16 07:52:48.463,1.60611,1.60652,1.00,1.00
2014.12.16 07:52:48.513,1.60608,1.60651,1.00,1.00
2014.12.16 07:52:53.645,1.60609,1.60652,1.00,1.12
2014.12.16 07:52:56.517,1.60607,1.60648,1.00,1.00
2014.12.16 07:52:58.797,1.60607,1.60647,1.00,1.00
2014.12.16 07:52:58.848,1.60604,1.60647,1.00,1.50
2014.12.16 07:52:58.899,1.60604,1.60645,1.00,1.00
2014.12.16 07:52:59.212,1.60607,1.60647,1.00,1.00
2014.12.16 07:52:59.805,1.60607,1.60646,1.00,1.00
2014.12.16 07:53:01.581,1.60607,1.60648,1.00,1.00
2014.12.16 07:53:02.156,1.60604,1.60647,1.50,1.00
2014.12.16 07:53:02.475,1.60607,1.60648,1.00,1.00
2014.12.16 07:53:02.874,1.60607,1.60646,1.00,1.00
2014.12.16 07:53:03.126,1.60604,1.60645,1.50,1.00
2014.12.16 07:53:05.485,1.60604,1.60644,1.50,1.00
2014.12.16 07:53:06.010,1.60604,1.60643,1.50,1.00
2014.12.16 07:53:10.325,1.60602,1.60643,1.00,1.00
2014.12.16 07:53:10.476,1.60602,1.6064,1.00,1.00
2014.12.16 07:53:14.065,1.60602,1.60643,1.00,1.00
2014.12.16 07:53:14.580,1.60603,1.60643,1.00,1.00
2014.12.16 07:53:15.166,1.60603,1.60644,1.00,1.50
2014.12.16 07:53:15.505,1.60604,1.60642,1.00,1.00
2014.12.16 07:53:15.606,1.60604,1.60644,1.00,1.00
2014.12.16 07:53:16.415,1.60605,1.60644,1.00,1.00
2014.12.16 07:53:16.596,1.60605,1.60646,1.00,1.12
2014.12.16 07:53:16.747,1.60608,1.60649,1.00,1.00
2014.12.16 07:53:17.150,1.60607,1.60644,1.00,1.00
2014.12.16 07:53:17.352,1.606,1.6064,1.00,1.00
2014.12.16 07:53:17.402,1.606,1.60638,1.00,1.00
2014.12.16 07:53:17.604,1.60591,1.6063,1.00,1.00
2014.12.16 07:53:17.655,1.60586,1.60628,1.00,1.00
2014.12.16 07:53:17.756,1.60587,1.60628,1.60,1.00
2014.12.16 07:53:17.907,1.60587,1.60632,1.60,1.00
2014.12.16 07:53:17.958,1.60588,1.60628,1.00,1.00
2014.12.16 07:53:18.361,1.60588,1.60623,1.00,1.00
2014.12.16 07:53:18.814,1.60587,1.60623,1.60,1.00
2014.12.16 07:53:18.915,1.60589,1.60628,1.60,1.00
2014.12.16 07:53:19.016,1.60593,1.60632,1.60,1.00
2014.12.16 07:53:19.167,1.60593,1.60627,1.50,1.00
2014.12.16 07:53:19.268,1.60593,1.6063,1.50,1.00
2014.12.16 07:53:19.896,1.60594,1.60632,1.00,1.00
2014.12.16 07:53:20.357,1.60595,1.60636,1.60,1.00
2014.12.16 07:53:20.458,1.60598,1.60639,1.60,1.00
2014.12.16 07:53:20.559,1.60598,1.60632,1.60,1.00
2014.12.16 07:53:20.710,1.60597,1.60632,1.00,1.00
2014.12.16 07:53:20.811,1.60597,1.6063,1.00,1.00
2014.12.16 07:53:22.026,1.60597,1.60631,1.00,1.00
2014.12.16 07:53:22.575,1.60598,1.60631,1.00,1.00
2014.12.16 07:53:22.676,1.60598,1.60636,1.00,1.00
2014.12.16 07:53:22.777,1.60598,1.6064,1.50,1.50
2014.12.16 07:53:22.828,1.60606,1.6064,1.00,1.00
2014.12.16 07:53:22.878,1.60606,1.60642,1.00,1.00
2014.12.16 07:53:22.979,1.60606,1.60644,1.00,1.00
2014.12.16 07:53:23.130,1.60606,1.6064,1.00,1.00
2014.12.16 07:53:23.382,1.60596,1.60639,1.00,1.00
2014.12.16 07:53:23.433,1.60596,1.60623,1.00,1.00
2014.12.16 07:53:23.484,1.60589,1.60623,1.00,1.00
2014.12.16 07:53:23.584,1.60584,1.6062,1.00,1.00
2014.12.16 07:53:23.635,1.60582,1.6062,1.00,1.00
2014.12.16 07:53:24.165,1.60583,1.60619,1.00,1.00
2014.12.16 07:53:24.696,1.6058,1.6062,1.00,1.00
2014.12.16 07:53:29.054,1.6058,1.60622,1.00,1.00
2014.12.16 07:53:29.571,1.60581,1.60623,1.00,1.00
2014.12.16 07:53:29.621,1.60584,1.60623,1.00,1.00
2014.12.16 07:53:29.725,1.60584,1.60625,1.00,1.00
2014.12.16 07:53:30.256,1.60584,1.60623,1.00,1.00
2014.12.16 07:53:30.306,1.60582,1.60623,1.00,1.00
2014.12.16 07:53:32.007,1.60582,1.60625,1.00,1.00
2014.12.16 07:53:32.931,1.60582,1.60625,1.37,1.00
2014.12.16 07:53:33.284,1.60589,1.60629,1.00,1.00
2014.12.16 07:53:33.335,1.6059,1.60636,1.00,1.00
2014.12.16 07:53:33.436,1.60592,1.60636,1.75,1.00
2014.12.16 07:53:33.738,1.60599,1.60634,1.00,1.00
2014.12.16 07:53:33.789,1.60599,1.60643,1.00,1.00
2014.12.16 07:53:33.890,1.60595,1.6064,1.50,1.00
2014.12.16 07:53:34.216,1.60592,1.60636,1.00,1.00
2014.12.16 07:53:34.527,1.60602,1.60645,1.00,1.00
2014.12.16 07:53:34.577,1.606,1.60645,1.00,1.50
2014.12.16 07:53:34.729,1.606,1.60636,1.00,1.00
2014.12.16 07:53:35.055,1.606,1.60645,1.00,1.50
2014.12.16 07:53:35.275,1.606,1.60636,1.00,1.00
2014.12.16 07:53:37.595,1.606,1.60643,1.00,1.00
2014.12.16 07:53:37.746,1.606,1.60645,1.00,1.00
2014.12.16 07:53:37.969,1.606,1.60642,1.50,1.00
2014.12.16 07:53:38.235,1.60596,1.6064,1.00,1.00
2014.12.16 07:53:38.336,1.60594,1.60639,1.12,1.00
2014.12.16 07:53:39.114,1.60594,1.60636,1.12,1.00
2014.12.16 07:53:44.651,1.60592,1.60636,1.00,1.50
2014.12.16 07:53:46.844,1.60592,1.60637,1.00,1.00
2014.12.16 07:53:49.547,1.606,1.60637,1.00,1.50
2014.12.16 07:53:49.799,1.60612,1.60655,1.00,1.12
2014.12.16 07:53:49.900,1.60606,1.60651,1.00,1.00
2014.12.16 07:53:49.950,1.60606,1.60649,1.00,1.00
2014.12.16 07:53:50.001,1.60602,1.60649,1.12,1.50
2014.12.16 07:53:50.051,1.60602,1.60646,1.12,1.00
2014.12.16 07:53:50.354,1.60614,1.60656,1.50,1.50
2014.12.16 07:53:50.656,1.60614,1.60646,1.00,1.00
2014.12.16 07:53:51.546,1.60614,1.60656,1.50,1.00
2014.12.16 07:53:52.095,1.60614,1.60655,1.00,1.00
2014.12.16 07:53:52.196,1.60605,1.60652,1.37,1.00
2014.12.16 07:53:52.247,1.60605,1.60647,1.37,1.50
2014.12.16 07:53:52.297,1.60605,1.60647,1.00,1.87
2014.12.16 07:53:52.499,1.60612,1.60647,1.00,1.00
2014.12.16 07:53:53.114,1.60612,1.60655,1.00,1.00
2014.12.16 07:53:53.215,1.60607,1.60646,1.00,1.00
2014.12.16 07:53:53.316,1.60606,1.60649,1.00,1.00
2014.12.16 07:53:53.416,1.60602,1.60646,1.00,1.00
2014.12.16 07:53:54.032,1.60602,1.60645,1.00,1.00
2014.12.16 07:53:55.271,1.60601,1.60645,1.00,1.00
2014.12.16 07:53:55.322,1.60601,1.60636,1.00,1.00
2014.12.16 07:53:59.110,1.60599,1.60636,1.12,1.00
2014.12.16 07:53:59.385,1.60599,1.60643,1.12,1.00
2014.12.16 07:53:59.435,1.60595,1.60637,1.37,1.60
2014.12.16 07:53:59.486,1.60592,1.60636,1.37,1.60
2014.12.16 07:53:59.587,1.60592,1.60635,1.00,1.35
2014.12.16 07:53:59.789,1.60588,1.60635,1.37,2.10
2014.12.16 07:54:00.345,1.60594,1.60635,1.00,1.00
2014.12.16 07:54:00.464,1.60588,1.60635,1.37,1.00
2014.12.16 07:54:00.674,1.60594,1.60635,1.00,1.00
2014.12.16 07:54:02.922,1.60588,1.60635,1.37,1.00
2014.12.16 07:54:03.196,1.60587,1.60631,1.12,1.00
2014.12.16 07:54:03.498,1.60584,1.60631,1.00,1.60
2014.12.16 07:54:03.599,1.60584,1.60631,2.25,1.00
2014.12.16 07:54:03.650,1.60586,1.60633,1.00,1.00
2014.12.16 07:54:03.952,1.60596,1.60643,1.50,1.00
2014.12.16 07:54:04.204,1.60599,1.60656,1.87,1.12
2014.12.16 07:54:06.663,1.60605,1.60657,1.37,1.37
2014.12.16 07:54:06.965,1.60614,1.60659,1.50,1.00
2014.12.16 07:54:08.088,1.60614,1.60658,1.00,1.00
2014.12.16 07:54:09.813,1.60612,1.60657,1.00,1.00
2014.12.16 07:54:09.864,1.60612,1.60654,1.00,1.00
2014.12.16 07:54:09.915,1.60609,1.60654,1.00,1.00
2014.12.16 07:54:10.066,1.60614,1.60654,1.00,1.00
2014.12.16 07:54:10.167,1.60601,1.60661,1.75,1.12
2014.12.16 07:54:10.268,1.60601,1.60656,1.75,1.00
2014.12.16 07:54:10.805,1.60604,1.6066,1.37,1.12
2014.12.16 07:54:11.296,1.60605,1.60662,1.50,1.75
2014.12.16 07:54:11.347,1.60606,1.60664,1.75,1.12
2014.12.16 07:54:12.162,1.60606,1.60663,1.37,1.87
2014.12.16 07:54:12.213,1.60604,1.60661,1.50,1.12
2014.12.16 07:54:12.865,1.60605,1.60662,1.50,1.75
2014.12.16 07:54:12.916,1.60609,1.60664,1.00,1.37
2014.12.16 07:54:13.558,1.60609,1.60664,1.00,1.00
2014.12.16 07:54:14.290,1.60619,1.60663,1.00,1.00
2014.12.16 07:54:14.592,1.60624,1.60666,1.00,1.00
2014.12.16 07:54:14.693,1.60624,1.60671,1.00,1.87
2014.12.16 07:54:14.857,1.60624,1.60671,1.00,1.50
2014.12.16 07:54:15.224,1.60624,1.60669,1.00,1.00
2014.12.16 07:54:15.848,1.60625,1.60668,1.00,1.00
2014.12.16 07:54:17.329,1.60625,1.60667,1.00,1.00
2014.12.16 07:54:17.380,1.60622,1.60667,1.00,1.50
2014.12.16 07:54:17.482,1.6062,1.60666,1.00,1.50
2014.12.16 07:54:17.734,1.60619,1.60666,1.00,3.00
2014.12.16 07:54:17.835,1.60615,1.60661,1.00,1.50
2014.12.16 07:54:18.037,1.60617,1.60661,1.00,1.00
2014.12.16 07:54:18.540,1.60617,1.60662,1.00,1.00
2014.12.16 07:54:19.003,1.60617,1.60662,1.00,1.75
2014.12.16 07:54:20.443,1.60614,1.60656,1.00,1.00
2014.12.16 07:54:20.595,1.6061,1.60656,1.60,1.00
2014.12.16 07:54:20.796,1.60609,1.60654,1.60,1.00
2014.12.16 07:54:22.774,1.60612,1.60656,1.35,1.00
2014.12.16 07:54:22.983,1.60614,1.60656,1.00,1.00
2014.12.16 07:54:23.034,1.60614,1.60659,1.00,1.12
2014.12.16 07:54:24.714,1.60614,1.60658,1.50,1.00
2014.12.16 07:54:27.010,1.60614,1.60659,1.00,1.87
2014.12.16 07:54:30.274,1.60616,1.60659,1.60,1.00
2014.12.16 07:54:30.375,1.6062,1.60664,1.60,1.50
2014.12.16 07:54:30.527,1.60624,1.60659,1.00,1.00
2014.12.16 07:54:30.628,1.60622,1.60659,1.35,1.00
2014.12.16 07:54:30.678,1.60624,1.60659,1.00,1.00
2014.12.16 07:54:30.981,1.60634,1.6067,1.00,1.00
2014.12.16 07:54:31.031,1.60638,1.60673,1.00,1.00
2014.12.16 07:54:31.233,1.60627,1.6067,1.35,1.00
2014.12.16 07:54:31.435,1.6063,1.60671,1.00,1.00
2014.12.16 07:54:31.900,1.60619,1.60671,1.37,1.12
2014.12.16 07:54:31.951,1.60615,1.60672,1.12,1.75
2014.12.16 07:54:34.205,1.60614,1.60669,1.75,1.00
2014.12.16 07:54:34.306,1.60614,1.60667,1.75,1.00
2014.12.16 07:54:34.811,1.60614,1.60668,1.75,1.00
2014.12.16 07:54:36.588,1.60614,1.6067,1.75,1.12
2014.12.16 07:54:39.335,1.60614,1.60668,1.75,1.00
2014.12.16 07:54:39.638,1.60602,1.60662,1.75,1.75
2014.12.16 07:54:41.421,1.60604,1.60658,1.50,1.50
2014.12.16 07:54:41.522,1.60594,1.60651,1.75,1.00
2014.12.16 07:54:41.572,1.60591,1.6065,1.75,1.75
2014.12.16 07:54:41.874,1.60606,1.60649,1.00,1.00
2014.12.16 07:54:42.177,1.60606,1.60646,1.00,1.00
2014.12.16 07:54:42.328,1.60606,1.60649,1.00,1.50
2014.12.16 07:54:42.479,1.6061,1.60652,1.00,1.00
2014.12.16 07:54:42.580,1.60613,1.60658,1.00,1.50
2014.12.16 07:54:42.852,1.60616,1.60658,1.00,1.00
2014.12.16 07:54:43.325,1.6062,1.60658,1.00,1.00
2014.12.16 07:54:43.426,1.60625,1.60664,1.00,1.00
2014.12.16 07:54:45.316,1.60621,1.60664,1.00,1.00
2014.12.16 07:54:45.668,1.60618,1.60663,1.00,1.00
2014.12.16 07:54:45.769,1.60621,1.60664,1.00,1.50
2014.12.16 07:54:46.510,1.60619,1.60662,1.00,1.00
2014.12.16 07:54:46.762,1.60613,1.60657,1.50,1.00
2014.12.16 07:54:47.293,1.60613,1.60656,1.00,1.00
2014.12.16 07:54:47.344,1.60614,1.60658,1.00,1.00
2014.12.16 07:54:50.614,1.60613,1.60657,1.00,1.00
2014.12.16 07:54:50.752,1.60613,1.60657,1.60,1.00
2014.12.16 07:54:50.954,1.60622,1.60665,1.00,1.00
2014.12.16 07:54:54.643,1.60621,1.60665,1.00,1.00
2014.12.16 07:55:00.941,1.60621,1.60662,1.00,1.00
2014.12.16 07:55:04.127,1.60621,1.60665,1.00,1.00
2014.12.16 07:55:07.624,1.60619,1.60662,1.00,1.00
2014.12.16 07:55:07.926,1.60616,1.60656,1.00,1.00
2014.12.16 07:55:08.197,1.60613,1.60656,1.00,1.00
2014.12.16 07:55:08.710,1.60613,1.60657,1.00,1.00
2014.12.16 07:55:09.165,1.60612,1.60655,1.00,1.00
2014.12.16 07:55:14.378,1.60611,1.60653,1.00,1.00
2014.12.16 07:55:14.479,1.60612,1.60655,1.00,1.00
2014.12.16 07:55:14.690,1.60615,1.60657,1.00,1.50
2014.12.16 07:55:15.204,1.60615,1.60656,1.00,1.00
2014.12.16 07:55:26.300,1.60615,1.60657,1.00,1.50
2014.12.16 07:55:31.728,1.60614,1.60656,1.00,1.00
2014.12.16 07:55:32.711,1.60614,1.60646,1.00,1.00
2014.12.16 07:55:33.863,1.60614,1.60656,1.00,1.00
2014.12.16 07:55:39.659,1.60618,1.60656,1.00,1.00
2014.12.16 07:55:40.428,1.60613,1.60655,1.00,1.00
2014.12.16 07:55:40.630,1.60611,1.60654,1.00,1.00
2014.12.16 07:55:40.781,1.60615,1.60656,1.00,2.25
2014.12.16 07:55:41.083,1.60618,1.60647,1.00,1.00
2014.12.16 07:55:41.134,1.60618,1.60657,1.00,1.00
2014.12.16 07:55:41.737,1.60616,1.60657,1.00,1.50
2014.12.16 07:55:41.838,1.60611,1.60652,1.00,1.00
2014.12.16 07:55:42.324,1.60613,1.60654,1.00,1.00
2014.12.16 07:55:45.793,1.60604,1.60663,1.87,1.75
2014.12.16 07:55:45.994,1.60607,1.60664,1.87,1.00
2014.12.16 07:55:46.297,1.60621,1.6066,1.00,1.00
2014.12.16 07:55:46.448,1.60621,1.60662,1.00,1.00
2014.12.16 07:55:46.966,1.60621,1.60662,1.00,1.60
2014.12.16 07:55:47.067,1.60618,1.60659,1.00,1.00
2014.12.16 07:55:47.420,1.60619,1.60656,1.00,1.00
2014.12.16 07:55:47.600,1.60612,1.60656,1.00,1.00
2014.12.16 07:55:52.925,1.60613,1.60656,1.75,1.00
2014.12.16 07:55:53.026,1.60617,1.60662,1.12,1.00
2014.12.16 07:55:53.076,1.60622,1.60665,1.00,1.00
2014.12.16 07:55:53.413,1.60622,1.60663,1.00,1.00
2014.12.16 07:55:53.782,1.60619,1.6066,1.00,1.00
2014.12.16 07:55:54.085,1.60617,1.60658,1.00,1.00
2014.12.16 07:55:54.824,1.60617,1.60657,1.00,1.00
2014.12.16 07:55:55.155,1.60618,1.60655,1.00,1.00
2014.12.16 07:55:55.256,1.60616,1.60654,1.00,1.00
2014.12.16 07:55:55.357,1.60616,1.60656,1.00,1.00
2014.12.16 07:55:55.458,1.60604,1.60656,1.00,1.00
2014.12.16 07:55:55.710,1.60601,1.60656,1.00,1.50
2014.12.16 07:55:55.861,1.60604,1.60656,1.00,2.25
2014.12.16 07:55:56.164,1.60604,1.60656,2.25,1.50
2014.12.16 07:55:57.216,1.60604,1.60654,1.75,1.00
2014.12.16 07:55:57.735,1.60603,1.60655,2.25,1.00
2014.12.16 07:55:58.037,1.60612,1.60655,1.12,1.00
2014.12.16 07:55:58.339,1.60618,1.60661,1.00,1.75
2014.12.16 07:55:58.490,1.60615,1.6066,1.00,1.50
2014.12.16 07:55:58.541,1.60615,1.60656,1.00,1.00
2014.12.16 07:55:58.844,1.60615,1.60652,1.00,1.00
2014.12.16 07:56:00.242,1.60613,1.60652,1.00,1.00
2014.12.16 07:56:00.785,1.60613,1.60653,1.00,1.00
2014.12.16 07:56:02.336,1.60615,1.60653,1.00,1.00
2014.12.16 07:56:02.869,1.60615,1.60654,1.00,1.00
2014.12.16 07:56:03.640,1.60615,1.60652,1.00,1.00
2014.12.16 07:56:04.284,1.60615,1.60654,1.00,1.00
2014.12.16 07:56:04.400,1.60612,1.60654,1.00,1.00
2014.12.16 07:56:05.204,1.60609,1.60651,1.00,1.00
2014.12.16 07:56:05.506,1.60611,1.60652,1.00,1.00
2014.12.16 07:56:06.055,1.60612,1.60655,1.00,1.00
2014.12.16 07:56:06.263,1.60612,1.60657,1.00,1.50
2014.12.16 07:56:06.514,1.60614,1.60657,1.00,1.00
2014.12.16 07:56:07.537,1.60612,1.60657,1.00,1.00
2014.12.16 07:56:07.588,1.60615,1.60659,1.00,1.50
2014.12.16 07:56:08.123,1.60615,1.60658,1.00,1.00
2014.12.16 07:56:08.714,1.60615,1.60657,1.00,1.00
2014.12.16 07:56:09.615,1.60615,1.60656,1.00,1.00
2014.12.16 07:56:09.918,1.60608,1.60652,1.00,1.50
2014.12.16 07:56:10.019,1.60613,1.60655,1.00,1.00
2014.12.16 07:56:10.625,1.60612,1.60654,1.00,1.50
2014.12.16 07:56:12.630,1.60609,1.60652,1.00,1.00
2014.12.16 07:56:13.365,1.60609,1.60651,1.00,1.50
2014.12.16 07:56:14.036,1.6061,1.60651,1.00,1.00
2014.12.16 07:56:14.428,1.60612,1.60655,1.00,1.00
2014.12.16 07:56:14.529,1.60612,1.60657,1.00,2.25
2014.12.16 07:56:14.630,1.60616,1.60657,1.00,1.50
2014.12.16 07:56:14.831,1.60612,1.60656,1.00,1.50
2014.12.16 07:56:14.882,1.6061,1.60654,1.00,1.00
2014.12.16 07:56:15.184,1.6062,1.60662,1.00,1.00
2014.12.16 07:56:15.636,1.60622,1.60663,1.00,1.12
2014.12.16 07:56:15.737,1.60619,1.60663,1.00,1.87
2014.12.16 07:56:15.939,1.60621,1.60663,1.00,1.12
2014.12.16 07:56:16.263,1.60621,1.60665,1.00,1.00
2014.12.16 07:56:16.515,1.60623,1.60666,1.00,1.00
2014.12.16 07:56:17.435,1.60623,1.60667,1.00,1.50
2014.12.16 07:56:18.064,1.60623,1.60666,1.00,1.00
2014.12.16 07:56:18.586,1.60623,1.60667,1.00,1.50
2014.12.16 07:56:18.892,1.60621,1.60665,1.00,1.00
2014.12.16 07:56:19.205,1.60624,1.60668,1.00,1.00
2014.12.16 07:56:19.510,1.60622,1.60665,1.00,1.00
2014.12.16 07:56:22.461,1.60622,1.60664,1.00,1.00
2014.12.16 07:56:22.763,1.60618,1.6066,1.00,1.00
2014.12.16 07:56:23.015,1.60615,1.60658,1.00,1.00
2014.12.16 07:56:23.232,1.60615,1.60656,1.00,1.00
2014.12.16 07:56:24.001,1.60617,1.60656,1.00,1.00
2014.12.16 07:56:26.300,1.60618,1.60656,1.00,1.00
2014.12.16 07:56:26.763,1.60618,1.60662,1.00,1.00
2014.12.16 07:56:26.864,1.60621,1.60664,1.00,1.50
2014.12.16 07:56:27.367,1.6062,1.60664,1.00,1.00
2014.12.16 07:56:27.669,1.60625,1.60666,1.00,1.00
2014.12.16 07:56:27.821,1.60622,1.60665,1.12,1.00
2014.12.16 07:56:28.096,1.60618,1.6067,2.25,1.50
2014.12.16 07:56:28.204,1.60618,1.60666,1.75,1.00
2014.12.16 07:56:28.536,1.60618,1.60677,1.75,1.75
2014.12.16 07:56:33.788,1.60614,1.60674,1.87,1.75
2014.12.16 07:56:38.162,1.60618,1.60674,1.00,1.75
2014.12.16 07:56:38.212,1.60618,1.60677,1.75,1.75
2014.12.16 07:56:38.313,1.60623,1.60677,1.75,1.00
2014.12.16 07:56:40.333,1.60619,1.60677,1.12,1.50
2014.12.16 07:56:40.682,1.60622,1.60676,1.50,1.37
2014.12.16 07:56:41.231,1.60623,1.60676,1.75,1.00
2014.12.16 07:56:45.665,1.60634,1.60676,1.00,1.50
2014.12.16 07:56:50.844,1.60636,1.60676,1.00,1.00
2014.12.16 07:56:50.894,1.60636,1.6068,1.00,1.12
2014.12.16 07:56:50.945,1.60634,1.60677,1.50,1.00
2014.12.16 07:56:51.247,1.60636,1.60676,1.00,1.00
2014.12.16 07:56:51.502,1.60634,1.60675,1.00,1.00
2014.12.16 07:56:51.603,1.60625,1.60676,1.00,2.25
2014.12.16 07:56:51.704,1.60621,1.60676,1.00,1.00
2014.12.16 07:56:51.958,1.60624,1.60676,1.00,1.00
2014.12.16 07:56:52.059,1.60621,1.60676,1.00,1.50
2014.12.16 07:56:53.799,1.60623,1.60677,1.37,1.37
2014.12.16 07:56:54.464,1.60628,1.60676,1.37,1.00
2014.12.16 07:56:54.713,1.60638,1.60686,1.00,1.00
2014.12.16 07:56:55.684,1.60638,1.60687,1.00,1.00
2014.12.16 07:56:55.893,1.60634,1.60687,1.37,1.60
2014.12.16 07:56:55.944,1.60629,1.60686,1.75,1.60
2014.12.16 07:56:55.995,1.60628,1.60671,1.75,2.10
2014.12.16 07:56:56.096,1.60634,1.60675,1.00,1.00
2014.12.16 07:56:56.197,1.60632,1.60673,1.00,1.00
2014.12.16 07:56:56.499,1.60635,1.60676,1.00,1.00
2014.12.16 07:57:01.285,1.60635,1.60678,1.00,1.00
2014.12.16 07:57:01.486,1.60639,1.6068,1.00,1.00
2014.12.16 07:57:01.587,1.6064,1.60683,1.00,1.00
2014.12.16 07:57:01.738,1.6064,1.60683,1.00,1.75
2014.12.16 07:57:01.839,1.60633,1.60676,1.00,1.00
2014.12.16 07:57:01.940,1.60631,1.60672,1.00,1.00
2014.12.16 07:57:02.243,1.60634,1.60675,1.00,1.00
2014.12.16 07:57:03.159,1.60636,1.60677,1.00,1.00
2014.12.16 07:57:03.892,1.60634,1.60677,1.00,1.50
2014.12.16 07:57:04.272,1.60634,1.60667,1.00,1.00
2014.12.16 07:57:04.373,1.60632,1.60673,1.00,1.60
2014.12.16 07:57:04.474,1.60627,1.60667,1.00,1.35
2014.12.16 07:57:04.575,1.6063,1.60671,1.00,1.00
2014.12.16 07:57:04.626,1.6063,1.60671,1.50,1.00
2014.12.16 07:57:04.676,1.6063,1.60687,2.62,1.12
2014.12.16 07:57:04.727,1.60636,1.60691,1.37,1.97
2014.12.16 07:57:04.778,1.60637,1.60694,1.75,1.72
2014.12.16 07:57:04.828,1.60644,1.60695,1.00,1.35
2014.12.16 07:57:04.879,1.60644,1.60696,1.00,1.75
2014.12.16 07:57:04.930,1.60647,1.60688,1.00,1.00
2014.12.16 07:57:05.232,1.60649,1.6069,1.00,1.00
2014.12.16 07:57:05.433,1.60638,1.6069,1.75,1.00
2014.12.16 07:57:05.484,1.60637,1.60696,1.75,1.75
2014.12.16 07:57:05.535,1.60642,1.60696,1.75,1.00
2014.12.16 07:57:06.049,1.60642,1.60697,1.75,1.00
2014.12.16 07:57:06.713,1.60642,1.60699,1.75,1.12
2014.12.16 07:57:07.016,1.60642,1.60696,1.75,1.00
2014.12.16 07:57:07.167,1.60642,1.60703,1.75,1.75
2014.12.16 07:57:07.218,1.60646,1.60689,1.12,1.00
2014.12.16 07:57:07.530,1.60651,1.60692,1.37,1.00
2014.12.16 07:57:07.671,1.60648,1.60696,1.75,1.50
2014.12.16 07:57:07.722,1.60648,1.60707,1.75,2.25
2014.12.16 07:57:08.024,1.60649,1.60697,1.12,1.00
2014.12.16 07:57:08.342,1.60649,1.60706,1.12,1.37
2014.12.16 07:57:09.432,1.60648,1.60696,1.75,1.00
2014.12.16 07:57:11.414,1.60653,1.60696,1.00,1.00
2014.12.16 07:57:13.618,1.60655,1.60697,1.00,1.00
2014.12.16 07:57:13.920,1.60658,1.607,1.00,1.50
2014.12.16 07:57:14.342,1.60659,1.60702,1.00,1.50
2014.12.16 07:57:17.774,1.60656,1.60701,1.00,1.00
2014.12.16 07:57:18.491,1.60656,1.607,1.00,1.00
2014.12.16 07:57:18.995,1.60656,1.60699,1.00,1.00
2014.12.16 07:57:19.571,1.60656,1.607,1.00,1.00
2014.12.16 07:57:20.502,1.60656,1.60701,1.00,1.00
2014.12.16 07:57:24.461,1.6066,1.60702,1.00,1.00
2014.12.16 07:57:24.562,1.6066,1.60704,1.00,1.00
2014.12.16 07:57:24.612,1.60665,1.60706,1.00,1.00
2014.12.16 07:57:24.663,1.60665,1.60709,1.00,1.00
2014.12.16 07:57:24.714,1.60663,1.60706,1.00,1.00
2014.12.16 07:57:24.915,1.60653,1.60714,1.75,1.87
2014.12.16 07:57:24.966,1.60653,1.60706,1.75,1.00
2014.12.16 07:57:25.016,1.60649,1.60706,1.87,1.12
2014.12.16 07:57:25.521,1.60652,1.60706,1.75,1.00
2014.12.16 07:57:25.982,1.60651,1.60706,1.37,1.37
2014.12.16 07:57:26.032,1.60646,1.60706,1.75,1.75
2014.12.16 07:57:26.083,1.60653,1.60707,1.00,1.75
2014.12.16 07:57:26.184,1.60645,1.60703,1.75,1.12
2014.12.16 07:57:26.386,1.6065,1.60706,1.37,1.37
2014.12.16 07:57:26.436,1.60654,1.60706,1.00,1.00
2014.12.16 07:57:26.993,1.60654,1.60707,1.00,1.00
2014.12.16 07:57:27.145,1.60654,1.60707,1.50,1.00
2014.12.16 07:57:27.662,1.60655,1.60707,1.75,1.00
2014.12.16 07:57:28.831,1.60655,1.60706,1.75,1.00
2014.12.16 07:57:32.421,1.60655,1.60716,1.75,2.25
2014.12.16 07:57:33.313,1.60655,1.60715,1.75,1.75
2014.12.16 07:57:33.465,1.60645,1.60706,1.87,2.25
2014.12.16 07:57:33.515,1.60658,1.60699,1.00,1.00
2014.12.16 07:57:33.868,1.60659,1.60697,1.00,1.00
2014.12.16 07:57:34.086,1.60659,1.607,1.00,1.00
2014.12.16 07:57:34.317,1.60659,1.60696,1.00,1.00
2014.12.16 07:57:34.553,1.60658,1.60699,1.00,1.00
2014.12.16 07:57:34.755,1.60659,1.60696,1.00,1.00
2014.12.16 07:57:35.259,1.6066,1.60696,1.00,1.00
2014.12.16 07:57:35.761,1.6066,1.60697,1.00,1.00
2014.12.16 07:57:36.670,1.60656,1.60697,1.00,1.00
2014.12.16 07:57:39.040,1.60656,1.60696,1.00,1.00
2014.12.16 07:57:40.787,1.60655,1.60696,1.00,1.00
2014.12.16 07:57:41.888,1.60655,1.60697,1.00,1.00
2014.12.16 07:57:42.110,1.60657,1.60697,1.00,1.00
2014.12.16 07:57:42.681,1.60657,1.60696,1.00,1.00
2014.12.16 07:57:44.151,1.60655,1.60696,1.00,2.62
2014.12.16 07:57:48.440,1.60656,1.60697,1.00,1.50
2014.12.16 07:57:49.240,1.60656,1.60697,1.00,1.00
2014.12.16 07:57:49.780,1.60659,1.60697,1.00,1.00
2014.12.16 07:57:50.082,1.60663,1.60704,1.00,1.60
2014.12.16 07:57:50.750,1.6066,1.60701,1.00,1.35
2014.12.16 07:57:50.901,1.60662,1.60703,1.00,1.00
2014.12.16 07:57:51.002,1.60655,1.60715,1.75,1.37
2014.12.16 07:57:51.103,1.60655,1.60706,1.37,1.00
2014.12.16 07:57:51.154,1.60654,1.60706,1.00,1.00
2014.12.16 07:57:51.305,1.60654,1.60709,1.50,1.00
2014.12.16 07:57:52.731,1.60654,1.60709,1.87,1.00
2014.12.16 07:57:54.455,1.60654,1.60709,1.50,1.00
2014.12.16 07:57:58.815,1.60666,1.60709,1.00,1.50
2014.12.16 07:57:59.120,1.60666,1.60707,1.00,1.00
2014.12.16 07:57:59.280,1.60666,1.60709,1.00,2.25
2014.12.16 07:58:00.251,1.6067,1.60709,1.00,1.00
2014.12.16 07:58:00.403,1.60676,1.60719,1.00,1.00
2014.12.16 07:58:00.454,1.6068,1.60721,1.00,1.50
2014.12.16 07:58:01.181,1.6068,1.60719,1.00,1.00
2014.12.16 07:58:01.399,1.6068,1.60721,1.00,1.00
2014.12.16 07:58:01.601,1.6068,1.60719,1.00,1.00
2014.12.16 07:58:02.131,1.60679,1.60719,1.00,1.00
2014.12.16 07:58:02.706,1.60677,1.60712,1.00,1.00
2014.12.16 07:58:02.756,1.60672,1.60712,1.00,1.00
2014.12.16 07:58:02.807,1.60672,1.6071,1.00,1.00
2014.12.16 07:58:02.858,1.60669,1.6071,1.00,1.00
2014.12.16 07:58:03.109,1.60667,1.6071,1.00,1.50
2014.12.16 07:58:03.160,1.60667,1.60706,1.00,1.00
2014.12.16 07:58:03.311,1.60665,1.60706,1.00,1.00
2014.12.16 07:58:03.614,1.60665,1.60708,1.00,1.87
2014.12.16 07:58:04.270,1.60665,1.60706,1.00,1.00
2014.12.16 07:58:04.601,1.60664,1.60704,1.00,1.00
2014.12.16 07:58:04.891,1.60664,1.60706,1.00,1.50
2014.12.16 07:58:05.497,1.60665,1.60706,1.00,1.50
2014.12.16 07:58:05.749,1.60668,1.60705,1.00,1.00
2014.12.16 07:58:05.800,1.60668,1.60709,1.00,1.50
2014.12.16 07:58:05.951,1.60669,1.60711,1.00,1.00
2014.12.16 07:58:06.505,1.60674,1.60711,1.00,1.00
2014.12.16 07:58:06.657,1.60678,1.60718,1.00,1.50
2014.12.16 07:58:09.662,1.60678,1.60718,1.00,1.50
2014.12.16 07:58:11.059,1.60678,1.60719,1.00,1.37
2014.12.16 07:58:11.210,1.6068,1.60721,1.00,1.50
2014.12.16 07:58:13.994,1.60681,1.60721,1.00,1.00
2014.12.16 07:58:15.611,1.60681,1.6072,1.00,1.00
2014.12.16 07:58:15.762,1.60679,1.6072,1.00,1.00
2014.12.16 07:58:15.913,1.60679,1.60718,1.00,1.00
2014.12.16 07:58:16.613,1.60679,1.60717,1.00,1.00
2014.12.16 07:58:16.915,1.60679,1.60715,1.00,1.00
2014.12.16 07:58:18.057,1.60678,1.60715,1.00,1.00
2014.12.16 07:58:18.953,1.60678,1.60714,1.00,1.00
2014.12.16 07:58:24.270,1.60678,1.60717,1.00,1.00
2014.12.16 07:58:27.349,1.60678,1.60719,1.00,1.50
2014.12.16 07:58:28.179,1.60678,1.60716,1.00,1.00
2014.12.16 07:58:28.280,1.60678,1.60718,1.00,1.00
2014.12.16 07:58:28.620,1.60678,1.60716,1.00,1.00
2014.12.16 07:58:31.873,1.60678,1.60717,1.00,1.12
2014.12.16 07:58:32.421,1.60679,1.60719,1.00,1.75
2014.12.16 07:58:34.554,1.60679,1.6072,1.00,1.87
2014.12.16 07:58:34.605,1.60679,1.6072,1.00,1.50
2014.12.16 07:58:35.146,1.60679,1.60719,1.00,1.00
2014.12.16 07:58:35.196,1.60679,1.60716,1.00,1.00
2014.12.16 07:58:35.320,1.60679,1.60719,1.00,1.00
2014.12.16 07:58:35.665,1.60674,1.60713,1.00,1.00
2014.12.16 07:58:35.867,1.60666,1.60707,1.00,1.00
2014.12.16 07:58:35.968,1.60666,1.60709,1.00,1.00
2014.12.16 07:58:36.281,1.60666,1.60706,1.00,1.00
2014.12.16 07:58:36.600,1.60665,1.60699,1.00,1.00
2014.12.16 07:58:36.651,1.6066,1.60699,1.00,1.37
2014.12.16 07:58:36.752,1.60657,1.607,1.00,2.25
2014.12.16 07:58:37.359,1.60656,1.60698,1.00,1.75
2014.12.16 07:58:38.710,1.60656,1.60695,1.00,1.00
2014.12.16 07:58:38.962,1.60653,1.60694,1.00,1.00
2014.12.16 07:58:43.319,1.60653,1.60693,1.00,1.00
2014.12.16 07:58:43.420,1.60651,1.60692,1.00,1.00
2014.12.16 07:58:43.521,1.60651,1.60689,1.00,1.00
2014.12.16 07:58:43.772,1.60647,1.60688,1.00,1.50
2014.12.16 07:58:43.974,1.60647,1.60684,1.00,1.00
2014.12.16 07:58:44.180,1.60647,1.60686,1.00,2.10
2014.12.16 07:58:44.541,1.60647,1.60684,1.00,1.00
2014.12.16 07:58:45.081,1.60647,1.60685,1.00,1.00
2014.12.16 07:58:45.720,1.60647,1.60682,1.00,1.00
2014.12.16 07:58:45.871,1.60642,1.60678,1.00,1.12
2014.12.16 07:58:45.972,1.60638,1.60677,1.00,1.00
2014.12.16 07:58:46.124,1.60636,1.60676,1.00,1.00
2014.12.16 07:58:47.156,1.60636,1.60673,1.00,1.00
2014.12.16 07:58:47.701,1.60635,1.60671,1.00,1.00
2014.12.16 07:58:48.030,1.60635,1.60667,1.00,1.00
2014.12.16 07:58:48.821,1.60635,1.60671,1.00,1.00
2014.12.16 07:58:49.461,1.60635,1.60673,1.00,1.35
2014.12.16 07:58:52.726,1.60628,1.60671,1.00,1.00
2014.12.16 07:58:53.036,1.60628,1.60666,1.00,1.00
2014.12.16 07:58:53.238,1.60626,1.60666,1.00,1.50
2014.12.16 07:58:54.346,1.60622,1.60664,1.00,1.00
2014.12.16 07:58:54.447,1.6062,1.60664,1.00,1.50
2014.12.16 07:58:54.498,1.6062,1.60664,1.00,1.87
2014.12.16 07:58:55.000,1.60621,1.60663,1.00,1.50
2014.12.16 07:58:59.160,1.60621,1.60656,1.00,1.00
2014.12.16 07:59:01.277,1.60621,1.60663,1.00,1.50
2014.12.16 07:59:02.395,1.6062,1.60661,1.00,1.00
2014.12.16 07:59:02.597,1.6062,1.60656,1.00,1.00
2014.12.16 07:59:03.349,1.60617,1.60656,1.00,1.00
2014.12.16 07:59:03.929,1.60617,1.60657,1.00,1.00
2014.12.16 07:59:04.441,1.60617,1.60656,1.00,1.00
2014.12.16 07:59:06.116,1.60621,1.60662,1.00,1.00
2014.12.16 07:59:06.217,1.60631,1.60667,1.00,1.00
2014.12.16 07:59:06.577,1.60633,1.60667,1.00,1.00
2014.12.16 07:59:06.678,1.60633,1.60676,1.00,1.50
2014.12.16 07:59:06.729,1.60636,1.60676,1.37,1.50
2014.12.16 07:59:07.039,1.60639,1.60672,1.37,2.10
2014.12.16 07:59:07.090,1.60632,1.60675,1.00,1.00
2014.12.16 07:59:07.141,1.60631,1.60672,1.00,1.00
2014.12.16 07:59:07.443,1.60642,1.60683,1.00,1.00
2014.12.16 07:59:07.871,1.60634,1.60686,1.00,1.00
2014.12.16 07:59:07.921,1.60635,1.60686,1.37,1.00
2014.12.16 07:59:08.123,1.60633,1.60686,1.75,1.00
2014.12.16 07:59:08.224,1.60629,1.60686,1.37,1.00
2014.12.16 07:59:08.325,1.60628,1.60686,1.00,1.00
2014.12.16 07:59:10.600,1.60628,1.60676,1.00,1.00
2014.12.16 07:59:10.701,1.60623,1.60676,1.00,1.00
2014.12.16 07:59:10.751,1.60619,1.60676,1.37,1.37
2014.12.16 07:59:10.802,1.60614,1.60676,1.37,1.50
2014.12.16 07:59:10.953,1.60614,1.60666,1.37,1.00
2014.12.16 07:59:11.255,1.60621,1.60662,1.00,1.00
2014.12.16 07:59:15.056,1.6062,1.60661,1.00,1.00
2014.12.16 07:59:15.381,1.6062,1.60657,1.00,1.00
2014.12.16 07:59:16.285,1.60619,1.60657,1.00,1.00
2014.12.16 07:59:16.651,1.60618,1.60663,1.00,1.00
2014.12.16 07:59:21.428,1.60617,1.60664,1.00,1.00
2014.12.16 07:59:23.557,1.6062,1.60664,1.00,1.00
2014.12.16 07:59:23.800,1.60622,1.60667,1.00,1.87
2014.12.16 07:59:24.419,1.60622,1.60666,1.00,1.00
2014.12.16 07:59:24.846,1.60619,1.60665,1.00,1.50
2014.12.16 07:59:24.997,1.60617,1.60662,1.00,1.00
2014.12.16 07:59:25.299,1.60617,1.60657,1.00,1.00
2014.12.16 07:59:26.202,1.60621,1.60657,1.00,1.00
2014.12.16 07:59:26.353,1.6062,1.60666,1.00,1.00
2014.12.16 07:59:26.756,1.60622,1.60666,1.00,1.00
2014.12.16 07:59:27.360,1.60622,1.60669,1.12,1.00
2014.12.16 07:59:27.410,1.60629,1.60673,1.00,1.00
2014.12.16 07:59:27.612,1.60627,1.60673,1.00,1.00
2014.12.16 07:59:28.810,1.60627,1.60671,1.00,1.00
2014.12.16 07:59:30.461,1.60629,1.60674,1.00,1.00
2014.12.16 07:59:30.713,1.60628,1.60684,1.00,1.75
2014.12.16 07:59:30.864,1.60628,1.60685,1.37,2.25
2014.12.16 07:59:30.915,1.60628,1.60685,1.75,1.50
2014.12.16 07:59:30.966,1.60628,1.60676,1.75,1.00
2014.12.16 07:59:31.067,1.60628,1.60678,1.75,1.00
2014.12.16 07:59:31.117,1.60637,1.60683,1.00,1.00
2014.12.16 07:59:31.467,1.60639,1.60684,1.00,1.00
2014.12.16 07:59:31.771,1.60638,1.60677,1.00,1.00
2014.12.16 07:59:31.872,1.60638,1.60682,1.00,1.00
2014.12.16 07:59:32.428,1.60642,1.60686,1.00,1.37
2014.12.16 07:59:32.990,1.60642,1.60686,1.00,1.00
2014.12.16 07:59:33.548,1.60641,1.60686,1.00,1.00
2014.12.16 07:59:33.974,1.60645,1.60689,1.00,1.00
2014.12.16 07:59:34.470,1.60645,1.60687,1.00,1.00
2014.12.16 07:59:34.941,1.60645,1.60689,1.00,1.00
2014.12.16 07:59:35.019,1.60645,1.60686,1.00,1.00
2014.12.16 07:59:35.178,1.60643,1.60686,1.00,1.00
2014.12.16 07:59:35.531,1.60641,1.60686,1.00,1.50
2014.12.16 07:59:36.078,1.6064,1.60685,1.00,1.00
2014.12.16 07:59:37.820,1.60642,1.60686,1.00,1.00
2014.12.16 07:59:37.972,1.60639,1.60686,1.00,1.50
2014.12.16 07:59:38.073,1.60641,1.60695,1.00,1.75
2014.12.16 07:59:38.124,1.60641,1.60695,1.00,1.00
2014.12.16 07:59:38.174,1.60648,1.60695,1.00,1.00
2014.12.16 07:59:38.481,1.60655,1.60697,1.00,1.00
2014.12.16 07:59:38.582,1.60655,1.60699,1.00,1.00
2014.12.16 07:59:38.633,1.60656,1.60703,1.00,1.00
2014.12.16 07:59:38.734,1.6066,1.60704,1.00,1.00
2014.12.16 07:59:38.935,1.60659,1.60706,1.00,1.00
2014.12.16 07:59:39.036,1.60662,1.60706,1.00,1.00
2014.12.16 07:59:39.338,1.60665,1.60707,1.00,1.00
2014.12.16 07:59:40.286,1.6066,1.60707,1.00,1.00
2014.12.16 07:59:40.387,1.60653,1.60707,1.12,1.00
2014.12.16 07:59:40.890,1.60654,1.60706,1.00,1.00
2014.12.16 07:59:41.399,1.60654,1.60706,2.25,1.00
2014.12.16 07:59:42.829,1.60664,1.60716,1.00,1.00
2014.12.16 07:59:43.193,1.60654,1.60706,2.25,1.00
2014.12.16 07:59:43.819,1.60663,1.60717,1.00,1.00
2014.12.16 07:59:45.142,1.60666,1.60707,1.00,1.00
2014.12.16 07:59:45.293,1.60667,1.60717,1.00,1.00
2014.12.16 07:59:46.423,1.60668,1.60717,1.00,1.00
2014.12.16 07:59:46.524,1.60675,1.60717,1.00,1.00
2014.12.16 07:59:46.930,1.60675,1.60726,1.50,1.00
2014.12.16 07:59:51.106,1.60675,1.60732,1.00,1.12
2014.12.16 07:59:51.207,1.60675,1.60727,1.00,1.00
2014.12.16 07:59:51.795,1.60675,1.60726,1.00,1.00
2014.12.16 07:59:53.018,1.60675,1.60726,1.37,1.00
2014.12.16 07:59:54.192,1.60675,1.60736,1.75,1.50
2014.12.16 07:59:54.344,1.60676,1.60745,1.75,1.75
2014.12.16 07:59:54.860,1.60676,1.60736,1.75,1.00
2014.12.16 07:59:55.163,1.60674,1.60727,1.00,1.00
2014.12.16 07:59:55.477,1.60676,1.60727,1.00,1.00
2014.12.16 07:59:55.629,1.60676,1.60736,1.00,1.00
2014.12.16 07:59:55.679,1.60681,1.60736,1.00,1.00
2014.12.16 07:59:55.730,1.60684,1.60746,1.00,1.00
2014.12.16 07:59:55.931,1.60677,1.60736,1.00,1.00
2014.12.16 07:59:56.233,1.60674,1.60737,1.00,1.00
2014.12.16 07:59:56.535,1.60674,1.60734,1.00,1.00
2014.12.16 07:59:56.877,1.60673,1.60732,1.00,1.00
2014.12.16 07:59:57.078,1.60645,1.60717,1.37,1.00
2014.12.16 07:59:57.280,1.60644,1.60716,1.00,1.00
2014.12.16 07:59:57.937,1.60643,1.60717,1.00,1.00
2014.12.16 07:59:59.278,1.60643,1.60717,1.75,1.00
2014.12.16 07:59:59.581,1.60664,1.60716,1.00,1.00
