2016.01.14 20:00:00.254,1.67434,1.67491,1.00,1.00
2016.01.14 20:00:00.413,1.67434,1.67486,1.00,1.00
2016.01.14 20:00:00.514,1.6744,1.67493,1.00,1.00
2016.01.14 20:00:00.615,1.67448,1.675,1.00,1.00
2016.01.14 20:00:00.822,1.67443,1.67501,1.00,1.75
2016.01.14 20:00:00.974,1.67437,1.67501,1.75,1.75
2016.01.14 20:00:01.190,1.67434,1.67494,1.87,1.00
2016.01.14 20:00:01.592,1.67435,1.67498,1.75,1.50
2016.01.14 20:00:02.362,1.67444,1.67498,1.00,2.25
2016.01.14 20:00:02.514,1.67435,1.67498,1.75,2.25
2016.01.14 20:00:05.321,1.67434,1.67492,1.12,1.00
2016.01.14 20:00:06.222,1.67434,1.67495,1.12,1.00
2016.01.14 20:00:06.578,1.67435,1.67498,1.75,1.50
2016.01.14 20:00:08.175,1.67444,1.67498,1.00,1.50
2016.01.14 20:00:08.988,1.67448,1.67503,1.00,1.12
2016.01.14 20:00:09.040,1.67454,1.67506,1.75,1.00
2016.01.14 20:00:09.141,1.67454,1.67519,1.75,1.12
2016.01.14 20:00:09.293,1.67454,1.67512,1.37,1.37
2016.01.14 20:00:09.430,1.67444,1.67498,1.00,1.00
2016.01.14 20:00:10.060,1.67443,1.67498,1.00,1.00
2016.01.14 20:00:10.243,1.67439,1.67498,1.00,1.00
2016.01.14 20:00:10.344,1.67444,1.67498,1.00,1.00
2016.01.14 20:00:10.701,1.67444,1.67503,1.37,1.37
2016.01.14 20:00:10.752,1.67444,1.67503,1.75,1.50
2016.01.14 20:00:11.071,1.67444,1.67506,1.75,1.12
2016.01.14 20:00:11.223,1.67453,1.67509,1.00,2.25
2016.01.14 20:00:11.374,1.67454,1.67513,1.00,1.00
2016.01.14 20:00:11.815,1.67453,1.67512,1.37,1.75
2016.01.14 20:00:12.118,1.67463,1.67513,1.00,1.12
2016.01.14 20:00:12.169,1.67463,1.67517,1.00,1.75
2016.01.14 20:00:15.595,1.67464,1.67517,1.75,1.00
2016.01.14 20:00:15.646,1.67467,1.67525,1.50,1.12
2016.01.14 20:00:15.696,1.67474,1.67532,1.00,1.12
2016.01.14 20:00:15.747,1.67474,1.67537,1.75,1.12
2016.01.14 20:00:16.320,1.67473,1.6753,1.75,1.00
2016.01.14 20:00:16.523,1.67468,1.67526,1.00,1.00
2016.01.14 20:00:16.624,1.67474,1.67526,1.00,1.00
2016.01.14 20:00:19.151,1.67483,1.67534,1.00,1.12
2016.01.14 20:00:19.201,1.67483,1.67534,1.00,1.00
2016.01.14 20:00:19.353,1.67476,1.67534,1.00,1.00
2016.01.14 20:00:19.673,1.67484,1.67534,1.00,1.00
2016.01.14 20:00:23.994,1.67483,1.67534,1.00,1.00
2016.01.14 20:00:24.297,1.67493,1.67534,1.00,1.00
2016.01.14 20:00:24.801,1.67494,1.67546,1.00,1.75
2016.01.14 20:00:25.188,1.67484,1.67546,2.25,1.75
2016.01.14 20:00:25.961,1.67494,1.67549,1.00,1.75
2016.01.14 20:00:26.633,1.67493,1.6755,1.00,1.12
2016.01.14 20:00:28.503,1.67484,1.67547,1.50,1.75
2016.01.14 20:00:28.768,1.67484,1.67543,1.37,1.87
2016.01.14 20:00:28.920,1.67477,1.67535,1.50,1.00
2016.01.14 20:00:29.351,1.67484,1.67535,1.00,1.00
2016.01.14 20:00:32.558,1.67483,1.67535,1.00,1.00
2016.01.14 20:00:36.372,1.67483,1.67543,1.87,1.12
2016.01.14 20:00:37.081,1.67494,1.67543,1.00,1.00
2016.01.14 20:00:37.947,1.67493,1.67543,1.00,1.00
2016.01.14 20:00:42.242,1.67506,1.67543,1.00,1.00
2016.01.14 20:00:42.343,1.67508,1.6756,1.00,1.75
2016.01.14 20:00:42.444,1.67508,1.67566,1.37,1.37
2016.01.14 20:00:42.894,1.67498,1.67565,1.75,1.87
2016.01.14 20:00:42.945,1.67497,1.67554,1.00,1.00
2016.01.14 20:00:43.343,1.67495,1.67554,1.00,1.00
2016.01.14 20:00:48.206,1.67495,1.67553,1.00,1.00
2016.01.14 20:00:48.733,1.67495,1.67554,1.00,1.00
2016.01.14 20:00:57.072,1.67495,1.6756,1.87,1.50
2016.01.14 20:00:57.122,1.67498,1.6756,1.12,1.12
2016.01.14 20:00:58.374,1.67495,1.6756,1.87,1.50
2016.01.14 20:00:58.425,1.67495,1.6756,1.50,1.87
2016.01.14 20:01:02.708,1.67504,1.67561,1.00,1.75
2016.01.14 20:01:02.759,1.67505,1.67561,1.00,1.00
2016.01.14 20:01:02.810,1.67505,1.67561,2.25,1.00
2016.01.14 20:01:02.860,1.67514,1.67573,1.00,1.50
2016.01.14 20:01:03.384,1.67504,1.67569,2.25,1.75
2016.01.14 20:01:03.435,1.67504,1.67565,1.00,1.12
2016.01.14 20:01:03.963,1.67504,1.67549,1.00,1.00
2016.01.14 20:01:04.080,1.67496,1.67549,1.87,1.00
2016.01.14 20:01:04.675,1.67496,1.6755,1.12,1.00
2016.01.14 20:01:05.267,1.67496,1.67549,1.12,1.00
2016.01.14 20:01:06.738,1.67496,1.6755,1.12,1.00
2016.01.14 20:01:07.265,1.67496,1.67549,1.12,1.00
2016.01.14 20:01:10.710,1.67504,1.67549,1.00,1.00
2016.01.14 20:01:11.237,1.67503,1.67548,1.00,1.00
2016.01.14 20:01:11.760,1.67504,1.67548,1.00,1.00
2016.01.14 20:01:12.974,1.67504,1.67549,1.00,1.00
2016.01.14 20:01:13.544,1.67504,1.67548,1.00,1.00
2016.01.14 20:01:14.377,1.67504,1.67549,1.00,1.00
2016.01.14 20:01:14.977,1.67504,1.67548,1.00,1.00
2016.01.14 20:01:15.679,1.67504,1.67549,1.00,1.00
2016.01.14 20:01:16.760,1.67496,1.67549,1.12,1.00
2016.01.14 20:01:17.130,1.67497,1.67554,1.75,1.00
2016.01.14 20:01:17.184,1.67506,1.67554,1.00,1.00
2016.01.14 20:01:17.286,1.67514,1.67563,1.00,1.00
2016.01.14 20:01:18.666,1.67511,1.67563,1.37,1.00
2016.01.14 20:01:19.048,1.67511,1.67567,1.37,1.00
2016.01.14 20:01:19.218,1.67514,1.67567,1.00,1.00
2016.01.14 20:01:19.634,1.67514,1.67573,1.00,1.75
2016.01.14 20:01:21.494,1.67513,1.67572,1.50,1.75
2016.01.14 20:01:21.996,1.67514,1.67572,1.00,1.75
2016.01.14 20:01:25.656,1.67514,1.67571,1.37,1.37
2016.01.14 20:01:25.706,1.67514,1.67571,1.75,1.00
2016.01.14 20:01:28.802,1.67514,1.67572,1.75,1.00
2016.01.14 20:01:29.552,1.67514,1.67571,1.75,1.00
2016.01.14 20:01:29.604,1.67514,1.67569,1.75,1.00
2016.01.14 20:01:29.805,1.67508,1.67563,1.12,1.00
2016.01.14 20:01:29.907,1.67504,1.67556,1.75,1.00
2016.01.14 20:01:30.459,1.67502,1.67555,1.12,1.00
2016.01.14 20:01:30.707,1.67497,1.67556,1.75,1.00
2016.01.14 20:01:31.010,1.67497,1.67549,1.75,1.00
2016.01.14 20:01:31.174,1.67497,1.67549,1.00,1.12
2016.01.14 20:01:31.275,1.67486,1.67549,1.12,1.12
2016.01.14 20:01:36.012,1.67494,1.67549,1.00,1.12
2016.01.14 20:01:36.779,1.67493,1.67554,1.00,1.75
2016.01.14 20:01:37.499,1.67496,1.67554,1.00,1.75
2016.01.14 20:01:37.600,1.67497,1.67562,1.12,2.25
2016.01.14 20:01:42.500,1.67504,1.67562,1.00,1.75
2016.01.14 20:01:43.384,1.67497,1.67561,1.12,1.75
2016.01.14 20:01:44.028,1.67504,1.6756,1.00,1.50
2016.01.14 20:01:44.589,1.67497,1.6756,1.12,1.50
2016.01.14 20:01:46.913,1.67504,1.6756,1.00,1.50
2016.01.14 20:01:47.450,1.67503,1.6756,1.12,1.50
2016.01.14 20:01:48.286,1.67504,1.67568,1.37,2.62
2016.01.14 20:01:48.336,1.67509,1.67568,1.00,2.25
2016.01.14 20:01:48.387,1.67509,1.67568,1.12,1.87
2016.01.14 20:01:48.704,1.67512,1.67564,1.00,1.00
2016.01.14 20:01:48.755,1.67505,1.67563,1.75,1.00
2016.01.14 20:01:48.957,1.67504,1.67559,1.75,1.00
2016.01.14 20:01:49.461,1.67504,1.67563,1.75,1.00
2016.01.14 20:01:51.163,1.67504,1.67564,1.75,1.00
2016.01.14 20:01:51.817,1.67504,1.67563,1.75,1.00
2016.01.14 20:01:53.774,1.67504,1.67564,1.75,1.00
2016.01.14 20:01:54.107,1.67508,1.67568,1.12,1.00
2016.01.14 20:01:54.258,1.67513,1.67575,1.50,1.75
2016.01.14 20:01:56.910,1.67523,1.67574,1.00,1.50
2016.01.14 20:01:57.131,1.67514,1.67574,1.12,1.50
2016.01.14 20:01:57.276,1.67514,1.67574,1.87,1.37
2016.01.14 20:01:57.376,1.67516,1.67582,1.12,1.75
2016.01.14 20:01:58.341,1.67524,1.67581,1.00,1.75
2016.01.14 20:01:58.779,1.67516,1.67581,1.12,1.75
2016.01.14 20:01:59.261,1.67524,1.67581,1.00,1.75
2016.01.14 20:01:59.945,1.67523,1.67581,1.00,1.75
2016.01.14 20:02:00.411,1.67523,1.67582,1.37,1.37
2016.01.14 20:02:00.461,1.67528,1.67581,1.00,1.00
2016.01.14 20:02:01.501,1.67528,1.67582,1.00,1.00
2016.01.14 20:02:02.160,1.67528,1.67586,1.00,1.00
2016.01.14 20:02:06.482,1.67529,1.67586,1.00,1.00
2016.01.14 20:02:06.634,1.67531,1.67589,1.12,1.00
2016.01.14 20:02:06.836,1.67527,1.67587,1.00,1.75
2016.01.14 20:02:07.385,1.67525,1.67587,1.37,1.75
2016.01.14 20:02:13.559,1.67534,1.67588,1.00,1.12
2016.01.14 20:02:14.398,1.67533,1.67588,1.00,1.12
2016.01.14 20:02:15.169,1.67534,1.67588,1.00,1.12
2016.01.14 20:02:16.598,1.67533,1.67588,1.00,1.12
2016.01.14 20:02:17.131,1.67534,1.67588,1.00,1.12
2016.01.14 20:02:17.232,1.67523,1.67588,2.25,1.87
2016.01.14 20:02:17.333,1.67525,1.67588,1.12,1.50
2016.01.14 20:02:17.384,1.67526,1.67588,1.12,1.00
2016.01.14 20:02:23.299,1.67526,1.67587,1.12,1.00
2016.01.14 20:02:23.501,1.67526,1.67589,1.12,1.12
2016.01.14 20:02:23.551,1.67533,1.6759,1.12,1.37
2016.01.14 20:02:23.602,1.67544,1.67595,1.00,1.00
2016.01.14 20:02:23.653,1.67544,1.67598,1.00,1.00
2016.01.14 20:02:23.805,1.67553,1.67605,1.00,1.12
2016.01.14 20:02:24.159,1.67544,1.67605,1.50,1.12
2016.01.14 20:02:24.779,1.67554,1.67605,1.00,1.12
2016.01.14 20:02:25.330,1.67553,1.67605,1.00,1.12
2016.01.14 20:02:43.398,1.67554,1.67605,1.00,1.12
2016.01.14 20:02:43.480,1.67544,1.67605,1.00,1.12
2016.01.14 20:02:43.982,1.67543,1.67605,1.12,1.12
2016.01.14 20:02:44.486,1.67544,1.67601,1.00,1.75
2016.01.14 20:02:46.678,1.67536,1.67601,1.12,2.25
2016.01.14 20:02:46.729,1.67534,1.67599,1.50,1.12
2016.01.14 20:02:47.321,1.67526,1.67583,1.00,1.12
2016.01.14 20:02:47.632,1.67533,1.67583,1.00,1.12
2016.01.14 20:02:49.891,1.67534,1.67583,1.00,1.12
2016.01.14 20:02:50.042,1.67534,1.67584,1.00,1.00
2016.01.14 20:02:50.520,1.67544,1.67584,1.00,1.00
2016.01.14 20:02:51.940,1.67544,1.67601,1.00,1.12
2016.01.14 20:02:52.075,1.67543,1.67602,1.50,1.37
2016.01.14 20:02:52.176,1.67554,1.67602,1.00,1.37
2016.01.14 20:02:53.418,1.67544,1.67601,1.37,1.00
2016.01.14 20:02:53.469,1.67544,1.67602,1.00,1.75
2016.01.14 20:02:53.822,1.67536,1.67601,1.12,1.50
2016.01.14 20:02:53.873,1.67536,1.67597,1.12,1.00
2016.01.14 20:02:54.182,1.67533,1.67593,1.00,1.75
2016.01.14 20:03:07.144,1.67534,1.67595,1.00,1.12
2016.01.14 20:03:11.370,1.67534,1.67596,1.00,2.25
2016.01.14 20:03:11.439,1.67534,1.67596,1.00,2.25
2016.01.14 20:03:13.512,1.67533,1.67596,1.12,1.75
2016.01.14 20:03:14.829,1.67534,1.67596,1.00,1.75
2016.01.14 20:03:15.369,1.67533,1.67598,1.12,1.12
2016.01.14 20:03:20.768,1.67534,1.67597,1.00,1.75
2016.01.14 20:03:30.496,1.67533,1.67598,1.12,2.62
2016.01.14 20:03:31.307,1.67533,1.67593,1.37,1.00
2016.01.14 20:03:51.341,1.67533,1.67596,1.75,1.75
2016.01.14 20:03:53.767,1.67543,1.67598,1.00,1.75
2016.01.14 20:03:54.153,1.67543,1.67602,1.87,1.75
2016.01.14 20:03:54.254,1.67546,1.67604,1.00,1.50
2016.01.14 20:03:56.965,1.67546,1.6761,1.87,1.50
2016.01.14 20:03:57.067,1.67558,1.6761,1.00,1.00
2016.01.14 20:03:57.230,1.67564,1.67616,1.00,1.00
2016.01.14 20:03:57.331,1.67564,1.67622,2.25,1.12
2016.01.14 20:03:57.398,1.67574,1.67622,1.00,1.12
2016.01.14 20:03:57.853,1.67564,1.67623,1.50,1.50
2016.01.14 20:04:12.895,1.67564,1.67624,1.12,1.75
2016.01.14 20:04:19.307,1.67563,1.67619,1.00,1.50
2016.01.14 20:04:19.710,1.67564,1.67623,1.37,1.37
2016.01.14 20:04:19.761,1.67563,1.67623,1.75,1.00
2016.01.14 20:04:20.351,1.67564,1.67624,1.75,1.12
2016.01.14 20:04:21.054,1.67564,1.67623,1.75,1.00
2016.01.14 20:04:25.073,1.67564,1.67624,1.75,1.12
2016.01.14 20:04:25.679,1.67564,1.67623,1.75,1.00
2016.01.14 20:04:27.092,1.67564,1.67624,1.75,1.12
2016.01.14 20:04:27.697,1.67564,1.67623,1.75,1.00
2016.01.14 20:04:28.549,1.67564,1.67624,1.75,1.12
2016.01.14 20:04:28.600,1.67564,1.67624,1.37,1.75
2016.01.14 20:04:28.701,1.67564,1.67622,1.00,1.12
2016.01.14 20:04:29.296,1.67563,1.67621,1.00,1.75
2016.01.14 20:04:31.829,1.67564,1.67622,1.00,1.12
2016.01.14 20:04:35.109,1.67564,1.67624,1.37,2.62
2016.01.14 20:04:35.232,1.67564,1.67624,1.75,2.25
2016.01.14 20:04:46.426,1.67564,1.67623,1.37,1.12
2016.01.14 20:04:46.829,1.67554,1.6762,2.25,1.12
2016.01.14 20:04:48.467,1.67554,1.67615,1.37,1.12
2016.01.14 20:04:48.518,1.67554,1.67614,1.00,1.12
2016.01.14 20:04:51.186,1.67553,1.67614,1.00,1.12
2016.01.14 20:04:51.959,1.67554,1.67614,1.00,1.12
2016.01.14 20:04:58.571,1.67556,1.67614,1.00,1.12
2016.01.14 20:04:59.292,1.67554,1.67614,1.50,1.12
2016.01.14 20:05:00.417,1.67553,1.67614,1.50,1.12
2016.01.14 20:05:00.955,1.67554,1.67614,1.00,1.12
2016.01.14 20:05:01.491,1.67553,1.67614,1.00,1.12
2016.01.14 20:05:04.969,1.67553,1.67618,1.50,1.12
2016.01.14 20:05:13.999,1.67549,1.67606,1.12,1.00
2016.01.14 20:05:14.100,1.67543,1.67596,1.00,1.00
2016.01.14 20:05:14.151,1.67543,1.67596,1.00,1.50
2016.01.14 20:05:14.302,1.67533,1.67593,1.50,1.75
2016.01.14 20:05:14.626,1.67533,1.67587,1.00,1.50
2016.01.14 20:05:14.728,1.67533,1.67591,1.00,1.75
2016.01.14 20:05:17.258,1.67534,1.67592,1.00,1.75
2016.01.14 20:05:18.470,1.67526,1.67591,1.12,1.75
2016.01.14 20:05:31.212,1.67524,1.67591,1.12,1.75
2016.01.14 20:05:31.789,1.67534,1.67597,1.37,1.12
2016.01.14 20:05:31.840,1.67537,1.67598,1.12,1.75
2016.01.14 20:05:31.891,1.67539,1.676,1.75,1.37
2016.01.14 20:05:31.941,1.67542,1.67607,1.12,1.50
2016.01.14 20:05:35.714,1.67553,1.6761,1.00,1.75
2016.01.14 20:05:36.440,1.67545,1.6761,1.75,1.75
2016.01.14 20:05:36.987,1.67554,1.6761,1.00,1.75
2016.01.14 20:05:38.545,1.67545,1.67612,1.75,1.12
2016.01.14 20:05:43.587,1.67563,1.67611,1.00,1.75
2016.01.14 20:05:48.220,1.67563,1.67608,1.00,1.12
2016.01.14 20:05:48.321,1.67563,1.6761,1.00,1.12
2016.01.14 20:05:48.871,1.67563,1.67609,1.00,1.00
2016.01.14 20:05:49.445,1.67563,1.6761,1.00,1.12
2016.01.14 20:05:51.183,1.67564,1.6761,1.00,1.12
2016.01.14 20:05:53.184,1.67564,1.67607,1.00,1.00
2016.01.14 20:05:54.988,1.67564,1.67608,1.00,1.00
2016.01.14 20:05:56.492,1.67564,1.67607,1.00,1.00
2016.01.14 20:05:58.196,1.67564,1.67609,1.00,1.00
2016.01.14 20:06:01.107,1.67564,1.67615,1.00,1.75
2016.01.14 20:06:01.535,1.67573,1.67615,1.00,1.75
2016.01.14 20:06:05.274,1.67564,1.67614,1.00,1.75
2016.01.14 20:06:05.805,1.67563,1.67614,1.00,1.75
2016.01.14 20:06:11.372,1.67563,1.67614,1.00,1.50
2016.01.14 20:06:12.323,1.67574,1.67614,1.00,1.50
2016.01.14 20:06:12.524,1.67564,1.67614,1.00,1.50
2016.01.14 20:06:12.828,1.67564,1.6761,1.00,1.00
2016.01.14 20:06:13.385,1.67563,1.6761,1.00,1.00
2016.01.14 20:06:14.548,1.67563,1.67611,1.00,1.00
2016.01.14 20:06:15.428,1.67563,1.6761,1.00,1.00
2016.01.14 20:06:18.533,1.67563,1.67609,1.00,1.00
2016.01.14 20:06:19.115,1.67563,1.6761,1.00,1.00
2016.01.14 20:06:19.636,1.67563,1.67609,1.00,1.00
2016.01.14 20:06:20.236,1.67563,1.6761,1.00,1.00
2016.01.14 20:06:21.739,1.67563,1.67609,1.00,1.00
2016.01.14 20:06:22.240,1.67563,1.6761,1.00,1.00
2016.01.14 20:06:23.141,1.67563,1.67612,1.00,1.00
2016.01.14 20:06:23.807,1.67563,1.67611,1.00,1.00
2016.01.14 20:06:25.384,1.67563,1.67612,1.00,1.00
2016.01.14 20:06:26.580,1.67563,1.67611,1.00,1.00
2016.01.14 20:06:31.405,1.67563,1.67611,1.00,1.37
2016.01.14 20:06:35.531,1.67553,1.67611,1.00,1.75
2016.01.14 20:06:35.582,1.67553,1.67593,1.00,1.00
2016.01.14 20:06:35.633,1.67545,1.67593,1.50,1.00
2016.01.14 20:06:35.684,1.67544,1.67592,1.50,1.00
2016.01.14 20:06:35.734,1.67544,1.67592,1.50,1.75
2016.01.14 20:06:36.058,1.67539,1.67582,1.00,1.00
2016.01.14 20:06:36.109,1.67534,1.67582,1.00,1.00
2016.01.14 20:06:37.376,1.67533,1.67582,1.00,1.00
2016.01.14 20:06:38.149,1.67534,1.67582,1.00,1.00
2016.01.14 20:06:38.384,1.67524,1.67582,1.50,1.00
2016.01.14 20:06:38.476,1.67534,1.67582,1.00,1.00
2016.01.14 20:06:41.356,1.67524,1.67582,1.50,1.00
2016.01.14 20:06:41.507,1.67524,1.67578,1.00,1.00
2016.01.14 20:06:41.810,1.67523,1.67574,1.00,1.75
2016.01.14 20:06:42.144,1.67513,1.67568,1.12,1.37
2016.01.14 20:06:42.651,1.67514,1.67568,1.00,2.25
2016.01.14 20:06:43.004,1.67503,1.67565,1.75,2.25
2016.01.14 20:06:43.999,1.67503,1.67561,1.37,1.50
2016.01.14 20:06:44.101,1.67503,1.67561,1.00,1.87
2016.01.14 20:06:44.685,1.67504,1.67554,1.00,1.00
2016.01.14 20:06:45.594,1.67504,1.67559,1.00,1.75
2016.01.14 20:06:46.309,1.67503,1.67555,1.00,1.87
2016.01.14 20:06:46.410,1.67503,1.67552,1.00,1.37
2016.01.14 20:06:46.512,1.67494,1.67552,1.00,1.75
2016.01.14 20:06:47.212,1.67503,1.67554,1.00,1.75
2016.01.14 20:06:48.382,1.67504,1.67554,1.00,1.75
2016.01.14 20:06:49.696,1.67503,1.67555,1.00,1.87
2016.01.14 20:06:54.772,1.67504,1.67555,1.00,1.87
2016.01.14 20:07:09.450,1.67504,1.67556,1.00,1.12
2016.01.14 20:07:09.500,1.67504,1.67558,1.00,1.87
2016.01.14 20:07:11.483,1.67503,1.67557,1.00,1.75
2016.01.14 20:07:15.454,1.67504,1.67558,1.00,1.12
2016.01.14 20:07:20.275,1.67503,1.67556,1.00,1.75
2016.01.14 20:07:20.885,1.67503,1.67559,1.00,1.12
2016.01.14 20:07:20.936,1.67503,1.6756,1.00,3.00
2016.01.14 20:07:21.705,1.67504,1.6756,1.00,3.00
2016.01.14 20:07:21.999,1.67504,1.67556,1.00,1.00
2016.01.14 20:07:22.651,1.67503,1.67557,1.00,1.00
2016.01.14 20:07:23.953,1.67503,1.67556,1.00,1.00
2016.01.14 20:07:26.256,1.67503,1.67557,1.00,1.00
2016.01.14 20:07:27.536,1.67504,1.67557,1.00,1.00
2016.01.14 20:07:28.196,1.67503,1.67557,1.00,1.00
2016.01.14 20:07:28.772,1.67504,1.67557,1.00,1.00
2016.01.14 20:07:29.862,1.67504,1.6756,1.00,2.25
2016.01.14 20:07:32.454,1.67503,1.67557,1.00,1.00
2016.01.14 20:07:32.987,1.67503,1.67558,1.00,1.12
2016.01.14 20:07:34.214,1.67503,1.67557,1.00,1.00
2016.01.14 20:07:34.770,1.67503,1.67558,1.00,1.87
2016.01.14 20:07:35.565,1.67504,1.67558,1.00,1.87
2016.01.14 20:07:36.601,1.67504,1.67557,1.00,1.00
2016.01.14 20:07:37.293,1.67504,1.67557,1.00,1.37
2016.01.14 20:07:46.587,1.67503,1.67555,1.00,1.12
2016.01.14 20:07:47.298,1.67504,1.67555,1.00,1.12
2016.01.14 20:07:50.524,1.67504,1.67553,1.00,1.75
2016.01.14 20:07:50.995,1.67494,1.6755,1.00,1.75
2016.01.14 20:07:51.186,1.67484,1.6755,1.75,1.75
2016.01.14 20:07:51.439,1.67484,1.67536,1.37,1.00
2016.01.14 20:07:51.489,1.67484,1.67536,1.00,1.00
2016.01.14 20:07:51.540,1.67474,1.67529,1.50,1.37
2016.01.14 20:07:51.594,1.67474,1.67529,1.00,1.75
2016.01.14 20:07:53.081,1.67473,1.6753,1.00,1.75
2016.01.14 20:07:53.132,1.67473,1.67524,1.00,1.00
2016.01.14 20:07:53.788,1.67473,1.67525,1.00,1.00
2016.01.14 20:07:53.839,1.67463,1.67525,2.62,1.00
2016.01.14 20:07:54.374,1.67474,1.67525,1.00,1.00
2016.01.14 20:07:55.542,1.67474,1.67525,1.00,1.37
2016.01.14 20:07:56.740,1.67464,1.6752,1.50,1.00
2016.01.14 20:07:58.264,1.67464,1.67524,2.25,1.37
2016.01.14 20:07:58.315,1.67467,1.67524,1.12,1.00
2016.01.14 20:07:58.830,1.67473,1.67525,1.12,1.00
2016.01.14 20:07:59.859,1.67473,1.67524,1.12,1.00
2016.01.14 20:08:00.523,1.67473,1.67525,1.12,1.00
2016.01.14 20:08:01.109,1.67474,1.67525,1.00,1.00
2016.01.14 20:08:01.160,1.67474,1.6753,1.00,1.12
2016.01.14 20:08:01.625,1.67474,1.67525,1.00,1.00
2016.01.14 20:08:02.218,1.67473,1.67524,1.12,1.00
2016.01.14 20:08:03.320,1.67474,1.67524,1.00,1.00
2016.01.14 20:08:03.914,1.67474,1.67525,1.00,1.00
2016.01.14 20:08:04.470,1.67474,1.67524,1.00,1.00
2016.01.14 20:08:06.632,1.67474,1.67525,1.00,1.00
2016.01.14 20:08:07.555,1.67474,1.67524,1.00,1.00
2016.01.14 20:08:08.635,1.67474,1.67525,1.00,1.00
2016.01.14 20:08:09.536,1.67474,1.67524,1.00,1.00
2016.01.14 20:08:10.350,1.67474,1.67525,1.00,1.00
2016.01.14 20:08:12.090,1.67473,1.67525,1.12,1.00
2016.01.14 20:08:12.141,1.67473,1.67528,1.12,1.00
2016.01.14 20:08:13.843,1.67473,1.67529,1.12,1.00
2016.01.14 20:08:17.325,1.67473,1.67529,1.12,1.37
2016.01.14 20:08:17.776,1.67473,1.67529,1.00,1.75
2016.01.14 20:08:19.898,1.67474,1.67532,1.12,1.12
2016.01.14 20:08:19.999,1.67474,1.67537,1.75,1.87
2016.01.14 20:08:20.341,1.67494,1.6754,1.00,1.00
2016.01.14 20:08:21.542,1.67493,1.6754,1.00,1.00
2016.01.14 20:08:21.853,1.67493,1.67546,1.00,1.37
2016.01.14 20:08:22.392,1.67494,1.67546,1.00,1.37
2016.01.14 20:08:24.093,1.67493,1.67546,1.00,1.37
2016.01.14 20:08:27.043,1.67494,1.67549,1.00,1.75
2016.01.14 20:08:31.113,1.67493,1.67546,1.00,1.37
2016.01.14 20:08:32.764,1.67494,1.67546,1.00,1.37
2016.01.14 20:08:33.330,1.67493,1.67546,1.00,1.37
2016.01.14 20:08:33.745,1.67494,1.67544,1.00,1.12
2016.01.14 20:08:36.865,1.67493,1.67541,1.00,1.75
2016.01.14 20:08:37.549,1.67494,1.67541,1.00,1.75
2016.01.14 20:08:38.217,1.67494,1.67541,1.00,1.37
2016.01.14 20:08:38.268,1.67494,1.67541,1.00,1.00
2016.01.14 20:08:38.520,1.67494,1.67541,1.00,1.75
2016.01.14 20:08:38.621,1.67484,1.67541,1.00,1.75
2016.01.14 20:08:41.123,1.67483,1.6754,1.00,1.50
2016.01.14 20:08:42.040,1.67484,1.6754,1.00,1.50
2016.01.14 20:08:42.765,1.67484,1.67537,1.00,1.75
2016.01.14 20:08:42.816,1.67472,1.67526,1.00,1.12
2016.01.14 20:08:42.916,1.6747,1.67521,1.00,1.50
2016.01.14 20:08:42.967,1.67463,1.67521,1.50,1.50
2016.01.14 20:08:43.018,1.67458,1.67512,1.87,1.37
2016.01.14 20:08:43.068,1.67458,1.67512,1.00,1.75
2016.01.14 20:08:43.119,1.67453,1.67511,1.12,1.50
2016.01.14 20:08:43.654,1.67454,1.67512,1.00,1.75
2016.01.14 20:08:55.110,1.67453,1.67513,1.12,1.75
2016.01.14 20:08:56.194,1.67454,1.67513,1.00,1.75
2016.01.14 20:08:58.735,1.67453,1.67513,1.12,1.75
2016.01.14 20:08:59.277,1.67454,1.67516,1.00,2.62
2016.01.14 20:09:01.144,1.67464,1.67514,1.00,2.25
2016.01.14 20:09:03.454,1.67463,1.67516,1.00,1.12
2016.01.14 20:09:04.463,1.67464,1.67516,1.00,1.12
2016.01.14 20:09:04.615,1.67464,1.67518,1.00,1.00
2016.01.14 20:09:05.168,1.67464,1.67525,1.00,2.62
2016.01.14 20:09:05.770,1.67463,1.67525,1.00,1.12
2016.01.14 20:09:06.892,1.67464,1.67525,1.00,1.12
2016.01.14 20:09:08.783,1.67463,1.67524,1.00,2.25
2016.01.14 20:09:08.884,1.67463,1.67521,1.00,1.87
2016.01.14 20:09:13.247,1.67464,1.67513,1.00,1.00
2016.01.14 20:09:13.799,1.67463,1.67513,1.00,1.00
2016.01.14 20:09:14.012,1.67455,1.67513,1.00,1.00
2016.01.14 20:09:15.906,1.67454,1.67513,1.00,1.12
2016.01.14 20:09:16.417,1.67453,1.67513,1.00,1.87
2016.01.14 20:09:20.216,1.67454,1.67511,1.00,1.75
2016.01.14 20:09:25.465,1.67453,1.67513,1.00,1.12
2016.01.14 20:09:26.567,1.67454,1.67513,1.00,1.87
2016.01.14 20:09:31.427,1.67454,1.67508,1.00,1.00
2016.01.14 20:09:35.681,1.67464,1.67512,1.00,2.25
2016.01.14 20:09:35.996,1.67464,1.67522,2.25,1.00
2016.01.14 20:09:50.652,1.67462,1.67521,1.12,1.00
2016.01.14 20:09:51.421,1.67457,1.67522,1.12,3.00
2016.01.14 20:09:51.941,1.67457,1.67519,1.12,1.00
2016.01.14 20:09:51.992,1.67454,1.67518,1.75,1.75
2016.01.14 20:09:52.043,1.67454,1.67508,1.00,1.50
2016.01.14 20:09:54.533,1.67454,1.67511,1.37,1.37
2016.01.14 20:09:54.583,1.67454,1.67515,1.75,1.50
2016.01.14 20:10:00.211,1.67464,1.67513,1.00,1.12
2016.01.14 20:10:03.868,1.67453,1.67517,1.75,3.00
2016.01.14 20:10:08.292,1.67454,1.67512,1.75,1.00
2016.01.14 20:10:09.058,1.67454,1.67511,1.75,1.00
2016.01.14 20:10:09.959,1.67454,1.67509,1.75,1.00
2016.01.14 20:10:10.795,1.67454,1.6751,1.75,1.00
2016.01.14 20:10:10.896,1.67454,1.67513,1.75,1.87
2016.01.14 20:10:11.397,1.67454,1.67512,1.37,1.37
2016.01.14 20:10:11.963,1.67454,1.67512,1.00,1.75
2016.01.14 20:10:13.303,1.67454,1.67509,1.00,1.00
2016.01.14 20:10:13.856,1.67453,1.67507,1.00,1.50
2016.01.14 20:10:14.508,1.67453,1.67508,1.00,1.50
2016.01.14 20:10:15.059,1.67453,1.67507,1.00,1.00
2016.01.14 20:10:16.249,1.67453,1.67508,1.00,1.50
2016.01.14 20:10:16.859,1.67454,1.67508,1.00,1.00
2016.01.14 20:10:18.973,1.67454,1.67509,1.00,1.00
2016.01.14 20:10:19.511,1.67454,1.6751,1.00,1.12
2016.01.14 20:10:30.798,1.67453,1.6751,1.00,1.12
2016.01.14 20:10:31.385,1.67453,1.67511,1.00,1.50
2016.01.14 20:10:33.659,1.67447,1.67508,1.75,1.50
2016.01.14 20:10:37.436,1.67446,1.67505,1.75,1.00
2016.01.14 20:10:37.588,1.67444,1.67501,1.00,1.75
2016.01.14 20:10:38.939,1.67443,1.67501,1.12,2.25
2016.01.14 20:10:47.669,1.67444,1.67502,1.00,1.75
2016.01.14 20:11:01.943,1.67446,1.67499,1.00,1.00
2016.01.14 20:11:02.159,1.67444,1.67499,1.00,1.00
2016.01.14 20:11:02.612,1.67441,1.67499,1.50,1.00
2016.01.14 20:11:03.061,1.67443,1.67499,1.00,1.00
2016.01.14 20:11:04.017,1.67442,1.67499,1.00,1.00
2016.01.14 20:11:04.519,1.67441,1.67499,1.50,1.00
2016.01.14 20:11:04.947,1.67446,1.67499,1.00,1.00
2016.01.14 20:11:05.048,1.67444,1.67499,1.00,1.00
2016.01.14 20:11:05.550,1.67443,1.67499,1.00,1.00
2016.01.14 20:11:06.171,1.67444,1.67499,1.00,1.00
2016.01.14 20:11:06.222,1.67444,1.67505,1.37,2.25
2016.01.14 20:11:06.273,1.67444,1.67505,1.75,1.00
2016.01.14 20:11:06.823,1.67445,1.67507,1.75,1.50
2016.01.14 20:11:19.121,1.67447,1.67506,1.37,1.37
2016.01.14 20:11:19.172,1.67447,1.67505,1.00,1.12
2016.01.14 20:11:20.198,1.67448,1.67505,1.00,1.12
2016.01.14 20:11:21.175,1.67453,1.67505,1.00,1.12
2016.01.14 20:11:21.277,1.67453,1.67512,1.75,1.87
2016.01.14 20:11:21.679,1.67457,1.67518,1.00,2.62
2016.01.14 20:11:21.981,1.6748,1.67539,1.00,1.75
2016.01.14 20:11:22.879,1.67474,1.67539,2.25,2.25
2016.01.14 20:11:37.435,1.67475,1.67538,1.75,1.50
2016.01.14 20:11:39.787,1.67494,1.67542,1.00,1.75
2016.01.14 20:11:40.202,1.67494,1.67549,1.00,1.75
2016.01.14 20:11:46.161,1.67484,1.67549,1.87,1.75
2016.01.14 20:11:46.533,1.67483,1.67543,1.37,1.50
2016.01.14 20:11:52.251,1.67486,1.67547,1.00,1.87
2016.01.14 20:11:52.554,1.67494,1.67547,1.00,1.12
2016.01.14 20:11:52.636,1.67485,1.67547,1.00,1.12
2016.01.14 20:11:53.322,1.67484,1.67547,1.12,1.12
2016.01.14 20:11:55.338,1.67485,1.67547,1.00,1.12
2016.01.14 20:11:55.539,1.67493,1.67547,1.00,1.12
2016.01.14 20:11:59.935,1.67484,1.67547,1.12,1.12
2016.01.14 20:12:02.030,1.67483,1.67545,1.12,1.75
2016.01.14 20:12:06.658,1.67484,1.67545,1.00,1.75
2016.01.14 20:12:13.327,1.67483,1.67546,1.12,1.75
2016.01.14 20:12:15.108,1.67484,1.67545,1.00,1.75
2016.01.14 20:12:15.756,1.67483,1.67545,1.12,1.75
2016.01.14 20:12:16.237,1.67477,1.67538,1.50,1.37
2016.01.14 20:12:16.288,1.67473,1.67538,1.75,1.75
2016.01.14 20:12:16.399,1.67473,1.67532,1.37,1.37
2016.01.14 20:12:16.451,1.67473,1.67531,1.00,1.12
2016.01.14 20:12:19.490,1.67474,1.67531,1.00,1.12
2016.01.14 20:12:19.853,1.67463,1.67531,1.75,1.12
2016.01.14 20:12:20.055,1.67463,1.67527,1.37,1.87
2016.01.14 20:12:20.105,1.67463,1.67526,1.00,1.12
2016.01.14 20:12:23.567,1.67464,1.67526,1.00,1.12
2016.01.14 20:12:23.668,1.67473,1.67526,1.00,1.12
2016.01.14 20:12:24.207,1.67474,1.67526,1.00,1.12
2016.01.14 20:12:27.760,1.67463,1.67526,1.00,1.12
2016.01.14 20:12:28.391,1.67464,1.67526,1.00,1.12
2016.01.14 20:12:30.477,1.67463,1.67526,1.00,1.12
2016.01.14 20:12:33.667,1.67464,1.67526,1.00,1.12
2016.01.14 20:12:37.300,1.67464,1.67527,1.37,1.87
2016.01.14 20:12:37.351,1.67464,1.67527,1.50,1.75
2016.01.14 20:12:47.307,1.67474,1.67527,1.00,1.75
2016.01.14 20:12:48.228,1.67473,1.67527,1.00,1.75
2016.01.14 20:12:57.347,1.67474,1.67523,1.00,1.00
2016.01.14 20:13:02.079,1.67468,1.67523,1.00,1.00
2016.01.14 20:13:02.989,1.67467,1.67523,1.00,1.00
2016.01.14 20:13:04.275,1.67468,1.67523,1.00,1.00
2016.01.14 20:13:04.495,1.67474,1.67523,1.00,1.00
2016.01.14 20:13:04.998,1.67474,1.67532,1.00,2.25
2016.01.14 20:13:05.099,1.67484,1.67536,1.00,1.00
2016.01.14 20:13:05.201,1.67484,1.67538,1.00,1.00
2016.01.14 20:13:05.353,1.67484,1.67542,1.00,1.00
2016.01.14 20:13:05.656,1.67486,1.67542,1.00,1.00
2016.01.14 20:13:05.999,1.67484,1.67542,1.00,1.00
2016.01.14 20:13:10.172,1.67476,1.67542,1.12,1.12
2016.01.14 20:13:10.223,1.67475,1.6754,1.75,1.12
2016.01.14 20:13:10.375,1.67473,1.67533,1.37,1.37
2016.01.14 20:13:10.425,1.67473,1.67526,1.00,1.00
2016.01.14 20:13:10.926,1.67474,1.67526,1.00,1.50
2016.01.14 20:13:12.384,1.67468,1.67526,1.00,1.00
2016.01.14 20:13:22.303,1.67473,1.67526,1.00,1.00
2016.01.14 20:13:22.808,1.67474,1.67526,1.00,1.00
2016.01.14 20:13:23.210,1.67473,1.67531,1.75,1.00
2016.01.14 20:13:23.412,1.67484,1.67538,1.00,2.62
2016.01.14 20:13:24.425,1.67476,1.67538,1.00,1.87
2016.01.14 20:13:24.943,1.67477,1.67538,1.00,1.87
2016.01.14 20:13:25.227,1.67474,1.67538,1.50,1.87
2016.01.14 20:13:42.026,1.67473,1.67531,1.37,1.75
2016.01.14 20:13:42.077,1.67473,1.67523,1.00,1.00
2016.01.14 20:13:42.178,1.67465,1.67523,1.00,1.00
2016.01.14 20:13:42.653,1.67474,1.67523,1.00,1.00
2016.01.14 20:13:43.869,1.67473,1.67523,1.00,1.00
2016.01.14 20:13:46.439,1.67474,1.67523,1.00,1.00
2016.01.14 20:13:49.129,1.67473,1.67523,1.00,1.00
2016.01.14 20:13:52.656,1.67465,1.67523,1.00,1.00
2016.01.14 20:13:57.184,1.67473,1.6753,1.00,1.87
2016.01.14 20:13:58.186,1.67474,1.6753,1.00,1.12
2016.01.14 20:13:59.362,1.67473,1.6753,1.00,1.12
2016.01.14 20:14:01.641,1.67474,1.6753,1.00,1.12
2016.01.14 20:14:02.800,1.67473,1.6753,1.00,1.12
2016.01.14 20:14:03.125,1.67484,1.67536,1.00,1.75
2016.01.14 20:14:03.205,1.67476,1.67536,1.00,1.75
2016.01.14 20:14:04.279,1.67473,1.67536,1.75,1.75
2016.01.14 20:14:08.047,1.67477,1.67534,1.00,1.75
2016.01.14 20:14:08.148,1.67483,1.67538,1.12,1.00
2016.01.14 20:14:08.199,1.67483,1.67542,1.12,1.50
2016.01.14 20:14:08.300,1.67489,1.67546,1.00,1.12
2016.01.14 20:14:08.452,1.67491,1.67554,1.75,2.25
2016.01.14 20:14:08.502,1.67496,1.67554,1.50,1.37
2016.01.14 20:14:08.805,1.67494,1.67554,1.00,1.87
2016.01.14 20:14:09.384,1.67493,1.67551,1.00,1.75
2016.01.14 20:14:10.244,1.67487,1.67551,1.75,1.75
2016.01.14 20:14:10.294,1.67498,1.67554,1.00,1.12
2016.01.14 20:14:10.452,1.67504,1.67558,1.00,1.12
2016.01.14 20:14:10.983,1.67503,1.67565,1.50,1.12
2016.01.14 20:14:11.523,1.67504,1.67565,1.00,1.12
2016.01.14 20:14:12.135,1.67504,1.67568,1.37,1.12
2016.01.14 20:14:12.186,1.6751,1.67568,1.00,1.00
2016.01.14 20:14:14.445,1.67514,1.67568,1.00,1.00
2016.01.14 20:14:14.864,1.6751,1.67568,1.00,1.00
2016.01.14 20:14:17.514,1.6751,1.67566,1.00,1.00
2016.01.14 20:14:17.816,1.67504,1.67557,1.00,1.37
2016.01.14 20:14:18.003,1.67493,1.67556,1.00,1.87
2016.01.14 20:14:18.521,1.67494,1.67556,1.00,1.12
2016.01.14 20:14:20.796,1.67493,1.67556,1.50,1.12
2016.01.14 20:14:20.897,1.67497,1.67556,1.00,1.12
2016.01.14 20:14:21.282,1.67504,1.67556,1.00,1.12
2016.01.14 20:14:22.486,1.67498,1.67556,1.00,1.12
2016.01.14 20:14:23.088,1.67497,1.67556,1.00,1.12
2016.01.14 20:14:23.139,1.67503,1.67556,1.00,1.12
2016.01.14 20:14:23.478,1.67503,1.67561,1.00,1.75
2016.01.14 20:14:24.244,1.67504,1.67561,1.00,1.75
2016.01.14 20:14:29.824,1.67503,1.67561,1.00,1.75
2016.01.14 20:14:32.822,1.67504,1.67564,1.00,1.12
2016.01.14 20:14:35.063,1.67504,1.67566,1.37,1.87
2016.01.14 20:14:35.114,1.67507,1.67566,1.00,1.50
2016.01.14 20:14:35.366,1.67514,1.67566,1.00,1.00
2016.01.14 20:14:36.863,1.67507,1.67566,1.50,1.00
2016.01.14 20:14:37.636,1.67514,1.67566,1.00,1.00
2016.01.14 20:14:38.189,1.67507,1.67566,2.25,1.00
2016.01.14 20:14:38.338,1.67513,1.67566,1.00,1.00
2016.01.14 20:14:47.215,1.67507,1.67566,1.50,1.00
2016.01.14 20:14:47.863,1.67514,1.67566,1.00,1.00
2016.01.14 20:14:48.374,1.67513,1.67566,1.00,1.00
2016.01.14 20:14:48.576,1.67524,1.67583,1.75,1.00
2016.01.14 20:14:49.121,1.67523,1.67586,1.75,1.50
2016.01.14 20:14:49.676,1.67523,1.67586,1.37,1.87
2016.01.14 20:14:49.726,1.67523,1.67583,1.00,1.12
2016.01.14 20:14:50.880,1.67523,1.67578,1.00,1.37
2016.01.14 20:14:50.995,1.67515,1.67578,1.00,1.87
2016.01.14 20:14:51.408,1.67513,1.67578,1.12,1.87
2016.01.14 20:14:51.560,1.67513,1.67578,1.75,2.25
2016.01.14 20:14:51.661,1.67514,1.67578,1.12,2.25
2016.01.14 20:14:51.762,1.67523,1.67578,1.00,1.50
2016.01.14 20:14:56.386,1.67523,1.67577,1.00,1.50
2016.01.14 20:14:58.754,1.67513,1.67577,1.00,1.87
2016.01.14 20:14:59.296,1.67514,1.67571,1.00,1.12
2016.01.14 20:14:59.347,1.67503,1.67568,2.25,1.12
2016.01.14 20:14:59.448,1.67503,1.67554,1.50,1.00
2016.01.14 20:14:59.649,1.67494,1.67554,1.75,1.12
2016.01.14 20:15:00.750,1.67492,1.67552,1.12,1.00
2016.01.14 20:15:00.851,1.67489,1.67548,1.00,1.00
2016.01.14 20:15:04.188,1.67489,1.67546,1.00,1.00
2016.01.14 20:15:08.007,1.67489,1.67548,1.00,1.00
2016.01.14 20:15:12.662,1.67489,1.67546,1.00,1.00
2016.01.14 20:15:12.965,1.67474,1.67537,1.50,1.75
2016.01.14 20:15:18.344,1.67474,1.6754,1.87,1.37
2016.01.14 20:15:18.395,1.67476,1.6754,1.12,1.00
2016.01.14 20:15:18.965,1.67484,1.67543,1.00,1.75
2016.01.14 20:15:20.528,1.67483,1.67543,1.12,1.75
2016.01.14 20:15:20.833,1.67483,1.67543,1.75,1.37
2016.01.14 20:15:21.044,1.67485,1.67548,1.12,1.12
2016.01.14 20:15:22.497,1.67485,1.67538,1.12,1.00
2016.01.14 20:15:22.761,1.67458,1.67516,1.50,1.00
2016.01.14 20:15:25.437,1.67458,1.67514,1.00,1.00
2016.01.14 20:15:27.807,1.67458,1.67516,1.00,3.00
2016.01.14 20:15:32.459,1.67458,1.67514,1.00,1.00
2016.01.14 20:15:36.515,1.67458,1.67515,1.00,1.00
2016.01.14 20:15:38.430,1.67458,1.67514,1.00,1.00
2016.01.14 20:15:39.120,1.67458,1.67515,1.00,1.00
2016.01.14 20:15:41.123,1.67458,1.67514,1.00,1.00
2016.01.14 20:15:43.728,1.67458,1.67513,1.00,1.00
2016.01.14 20:15:44.050,1.67454,1.67508,1.00,1.00
2016.01.14 20:15:47.037,1.67453,1.67508,1.00,1.00
2016.01.14 20:15:49.247,1.67449,1.67508,1.00,1.00
2016.01.14 20:16:00.857,1.67444,1.67508,1.87,2.25
2016.01.14 20:16:14.538,1.67444,1.67507,1.50,1.37
2016.01.14 20:16:14.589,1.67444,1.67506,1.00,1.12
2016.01.14 20:16:18.947,1.67443,1.67506,1.12,1.12
2016.01.14 20:16:22.748,1.67437,1.67496,1.12,1.00
2016.01.14 20:16:23.057,1.67437,1.67493,1.12,1.00
2016.01.14 20:16:23.259,1.67437,1.67496,1.12,1.00
2016.01.14 20:16:23.798,1.67434,1.67496,1.37,1.75
2016.01.14 20:16:25.461,1.67434,1.67488,1.37,1.75
2016.01.14 20:16:25.563,1.67413,1.67474,1.75,1.50
2016.01.14 20:16:25.664,1.67404,1.67472,1.75,1.87
2016.01.14 20:16:25.765,1.67404,1.67462,1.37,1.75
2016.01.14 20:16:25.815,1.67404,1.67459,1.00,1.12
2016.01.14 20:16:25.916,1.67397,1.67458,1.00,1.75
2016.01.14 20:16:25.967,1.67393,1.67453,1.37,1.12
2016.01.14 20:16:26.336,1.67394,1.67451,1.00,1.12
2016.01.14 20:16:27.100,1.67394,1.67453,1.50,1.50
2016.01.14 20:16:27.625,1.67399,1.67459,1.50,1.75
2016.01.14 20:16:27.675,1.67404,1.67468,1.00,1.12
2016.01.14 20:16:27.776,1.67413,1.67468,1.00,1.12
2016.01.14 20:16:39.841,1.67403,1.67468,1.12,1.12
2016.01.14 20:16:41.753,1.67414,1.67468,1.00,1.12
2016.01.14 20:16:49.178,1.67414,1.67473,1.00,2.25
2016.01.14 20:16:52.935,1.67414,1.67469,1.00,1.37
2016.01.14 20:16:53.908,1.67414,1.67463,1.00,1.12
2016.01.14 20:16:53.959,1.67401,1.6746,1.00,1.12
2016.01.14 20:16:54.766,1.67393,1.67454,1.75,1.50
2016.01.14 20:17:11.428,1.67394,1.67456,1.00,1.12
2016.01.14 20:17:11.797,1.67397,1.67458,1.37,1.37
2016.01.14 20:17:11.848,1.674,1.67458,1.00,1.00
2016.01.14 20:17:12.000,1.67404,1.67458,1.00,1.00
2016.01.14 20:17:12.151,1.67408,1.67466,1.00,1.50
2016.01.14 20:17:12.505,1.67414,1.67466,1.00,1.00
2016.01.14 20:17:12.629,1.67408,1.67466,1.00,1.00
2016.01.14 20:17:14.336,1.67409,1.67473,1.12,1.50
2016.01.14 20:17:14.639,1.67409,1.67469,1.12,1.00
2016.01.14 20:17:14.740,1.67403,1.67458,1.00,1.00
2016.01.14 20:17:14.791,1.674,1.67458,1.00,1.50
2016.01.14 20:17:15.099,1.674,1.67456,1.00,1.00
2016.01.14 20:17:23.120,1.674,1.67455,1.00,1.00
2016.01.14 20:17:23.937,1.67393,1.67455,1.12,1.37
2016.01.14 20:17:23.988,1.67387,1.67452,1.12,1.75
2016.01.14 20:17:24.595,1.67387,1.67449,1.12,1.00
2016.01.14 20:17:30.748,1.67385,1.67449,1.12,1.75
2016.01.14 20:17:30.798,1.67384,1.67448,1.50,1.12
2016.01.14 20:17:31.460,1.67385,1.67451,1.12,1.75
2016.01.14 20:17:44.633,1.67394,1.67453,1.00,1.75
2016.01.14 20:17:44.734,1.67394,1.67453,1.75,1.00
2016.01.14 20:17:45.532,1.67394,1.67456,1.75,1.50
2016.01.14 20:17:48.637,1.67402,1.67465,1.12,1.12
2016.01.14 20:17:49.245,1.67424,1.67467,1.00,1.00
2016.01.14 20:17:49.816,1.67424,1.67474,1.50,1.00
2016.01.14 20:17:49.917,1.67424,1.67484,1.50,1.37
2016.01.14 20:18:07.410,1.67414,1.67481,2.25,1.87
2016.01.14 20:18:07.723,1.67414,1.67466,1.00,1.00
2016.01.14 20:18:07.987,1.67407,1.67466,1.00,1.00
2016.01.14 20:18:09.376,1.67415,1.67473,1.00,1.00
2016.01.14 20:18:29.302,1.67413,1.67478,1.12,1.12
2016.01.14 20:18:30.030,1.67407,1.67463,1.12,1.00
2016.01.14 20:18:30.131,1.67404,1.67463,1.87,1.50
2016.01.14 20:18:30.337,1.67404,1.67457,1.37,1.00
2016.01.14 20:18:31.111,1.67404,1.67453,1.37,1.00
2016.01.14 20:18:31.313,1.67404,1.67458,1.37,1.00
2016.01.14 20:18:33.215,1.67404,1.67457,1.37,1.00
2016.01.14 20:18:35.019,1.67404,1.67458,1.37,1.00
2016.01.14 20:18:35.671,1.67398,1.67457,1.12,1.00
2016.01.14 20:18:36.321,1.67398,1.67455,1.12,1.00
2016.01.14 20:18:37.223,1.67403,1.67456,1.50,1.00
2016.01.14 20:18:38.024,1.67403,1.67455,1.50,1.00
2016.01.14 20:18:40.027,1.67403,1.67456,1.50,1.00
2016.01.14 20:18:40.584,1.67403,1.67455,1.50,1.00
2016.01.14 20:18:42.530,1.67403,1.67456,1.50,1.00
2016.01.14 20:18:43.042,1.67403,1.67457,1.50,1.00
2016.01.14 20:18:44.433,1.67403,1.67456,1.50,1.00
2016.01.14 20:18:47.054,1.67403,1.67457,1.50,1.00
2016.01.14 20:18:47.555,1.67403,1.67456,1.50,1.00
2016.01.14 20:18:47.838,1.67403,1.6746,1.50,1.00
2016.01.14 20:18:49.360,1.67403,1.67459,1.00,1.12
2016.01.14 20:18:50.414,1.67393,1.67459,2.25,1.12
2016.01.14 20:18:52.620,1.67404,1.67459,1.00,1.87
2016.01.14 20:18:53.746,1.67403,1.67457,1.00,1.75
2016.01.14 20:19:02.673,1.67406,1.67465,1.00,1.75
2016.01.14 20:19:02.875,1.67406,1.67468,2.62,1.00
2016.01.14 20:19:02.926,1.67406,1.67471,2.62,1.12
2016.01.14 20:19:04.664,1.67406,1.67465,1.12,1.00
2016.01.14 20:19:04.917,1.67399,1.67465,1.75,1.75
2016.01.14 20:19:12.670,1.67394,1.67462,1.87,1.12
2016.01.14 20:19:12.721,1.67394,1.67459,1.50,1.12
2016.01.14 20:19:12.973,1.67393,1.67453,1.37,1.12
2016.01.14 20:19:13.024,1.67393,1.67451,1.00,1.12
2016.01.14 20:19:13.075,1.67388,1.67451,1.12,1.12
2016.01.14 20:19:15.263,1.67394,1.67451,1.00,1.12
2016.01.14 20:19:16.083,1.67393,1.67451,1.00,1.12
2016.01.14 20:19:18.169,1.67394,1.67451,1.00,1.12
2016.01.14 20:19:18.887,1.67393,1.67451,1.00,1.12
2016.01.14 20:19:20.138,1.67394,1.67451,1.00,1.12
2016.01.14 20:19:21.755,1.67393,1.67451,1.00,1.12
2016.01.14 20:19:21.806,1.67393,1.67458,1.87,1.75
2016.01.14 20:19:22.084,1.67404,1.67461,1.00,2.25
2016.01.14 20:19:22.792,1.67403,1.67462,1.00,1.12
2016.01.14 20:19:24.968,1.67403,1.67466,1.37,1.12
2016.01.14 20:19:25.018,1.67405,1.67469,1.50,2.25
2016.01.14 20:19:40.614,1.67406,1.67468,1.12,1.87
2016.01.14 20:19:40.664,1.6741,1.6747,1.12,1.00
2016.01.14 20:19:40.766,1.6741,1.67474,1.12,3.00
2016.01.14 20:19:40.867,1.67413,1.67469,1.75,1.00
2016.01.14 20:19:40.978,1.67413,1.67472,1.75,1.00
2016.01.14 20:19:41.431,1.67418,1.67484,1.12,1.75
2016.01.14 20:19:43.093,1.67423,1.67481,1.37,1.12
2016.01.14 20:19:43.643,1.67413,1.67479,2.25,1.12
2016.01.14 20:19:49.143,1.67424,1.67479,1.00,1.12
2016.01.14 20:19:49.253,1.67413,1.67479,2.25,1.12
2016.01.14 20:19:49.849,1.67418,1.67482,1.12,1.37
2016.01.14 20:19:51.404,1.67417,1.67481,1.12,1.37
2016.01.14 20:19:51.455,1.67413,1.6748,2.25,1.12
2016.01.14 20:19:54.235,1.67424,1.6748,1.00,1.12
2016.01.14 20:19:56.962,1.67423,1.67484,1.75,1.75
2016.01.14 20:19:58.062,1.67434,1.67487,1.00,1.75
2016.01.14 20:19:58.365,1.67433,1.67491,1.00,1.00
2016.01.14 20:19:59.165,1.67444,1.67498,1.00,1.37
2016.01.14 20:19:59.641,1.67448,1.67506,1.00,1.00
2016.01.14 20:20:00.939,1.67438,1.67503,1.87,1.50
2016.01.14 20:20:00.990,1.67438,1.67497,1.50,1.00
2016.01.14 20:20:03.240,1.67444,1.67497,1.00,1.00
2016.01.14 20:20:03.415,1.67444,1.67509,1.87,1.50
2016.01.14 20:20:04.305,1.67444,1.67505,1.12,1.00
2016.01.14 20:20:04.651,1.67443,1.67495,1.00,1.00
2016.01.14 20:20:05.076,1.67443,1.67493,1.00,1.50
2016.01.14 20:20:05.383,1.67433,1.67495,1.12,1.75
2016.01.14 20:20:05.701,1.67435,1.67492,1.00,1.50
2016.01.14 20:20:05.803,1.67435,1.67505,1.87,2.25
2016.01.14 20:20:05.904,1.67444,1.67503,1.00,1.75
2016.01.14 20:20:07.113,1.67435,1.67503,1.87,1.75
2016.01.14 20:20:31.304,1.6744,1.67504,1.12,1.50
2016.01.14 20:20:31.354,1.67446,1.67504,1.00,1.50
2016.01.14 20:20:43.815,1.67446,1.67513,1.37,1.12
2016.01.14 20:20:43.929,1.67447,1.67515,1.12,3.00
2016.01.14 20:20:47.258,1.67454,1.6751,1.12,1.00
2016.01.14 20:20:47.359,1.67448,1.67506,1.00,1.00
2016.01.14 20:20:53.473,1.67449,1.67515,1.12,2.25
2016.01.14 20:20:55.254,1.67455,1.6752,1.12,1.87
2016.01.14 20:20:55.305,1.67462,1.6752,1.00,1.50
2016.01.14 20:20:55.984,1.67468,1.67526,1.00,2.25
2016.01.14 20:20:56.329,1.67455,1.67518,1.12,1.12
2016.01.14 20:20:56.659,1.67455,1.67516,1.12,1.00
2016.01.14 20:20:56.963,1.67455,1.67519,1.12,1.37
2016.01.14 20:21:05.938,1.67459,1.67523,1.12,1.37
2016.01.14 20:21:05.989,1.67461,1.67523,1.12,1.00
2016.01.14 20:21:06.092,1.67461,1.6752,1.12,1.00
2016.01.14 20:21:06.761,1.67461,1.67524,1.12,1.12
2016.01.14 20:21:07.014,1.67461,1.67521,1.12,1.00
2016.01.14 20:21:07.768,1.67461,1.67526,1.12,3.75
2016.01.14 20:21:17.527,1.67468,1.67526,1.75,1.12
2016.01.14 20:21:17.628,1.67471,1.6753,1.12,1.00
2016.01.14 20:21:17.679,1.67473,1.67542,1.75,1.87
2016.01.14 20:21:17.729,1.67485,1.67541,1.00,1.75
2016.01.14 20:21:17.931,1.67493,1.67551,1.00,1.00
2016.01.14 20:21:18.437,1.67494,1.67551,1.00,1.00
2016.01.14 20:21:18.650,1.67494,1.67558,1.75,1.12
2016.01.14 20:21:18.700,1.67495,1.67559,1.12,2.25
2016.01.14 20:21:18.852,1.67494,1.67552,1.50,2.25
2016.01.14 20:21:18.902,1.67494,1.67551,1.00,1.12
2016.01.14 20:21:19.054,1.67483,1.67551,1.75,1.12
2016.01.14 20:21:20.192,1.67494,1.67551,1.00,1.12
2016.01.14 20:21:23.344,1.67493,1.67551,1.00,1.12
2016.01.14 20:21:25.102,1.67484,1.6755,1.75,1.75
2016.01.14 20:21:32.284,1.67484,1.67543,1.75,1.00
2016.01.14 20:21:32.587,1.67483,1.67541,1.75,1.00
2016.01.14 20:21:32.639,1.67483,1.67544,1.75,1.00
2016.01.14 20:21:33.340,1.67483,1.67543,1.75,1.00
2016.01.14 20:21:33.943,1.67484,1.67541,1.75,1.00
2016.01.14 20:21:35.272,1.67484,1.67542,1.75,1.00
2016.01.14 20:21:36.371,1.67484,1.67542,1.37,1.87
2016.01.14 20:21:36.422,1.67484,1.67542,1.00,2.25
2016.01.14 20:21:36.523,1.67476,1.67536,1.12,1.00
2016.01.14 20:21:37.318,1.67474,1.67536,1.87,1.37
2016.01.14 20:21:37.369,1.67474,1.67533,1.50,1.00
2016.01.14 20:21:44.260,1.67484,1.67533,1.00,1.00
2016.01.14 20:21:44.703,1.67474,1.67533,1.50,1.00
2016.01.14 20:21:46.563,1.67474,1.67528,1.50,1.00
2016.01.14 20:21:46.866,1.67464,1.67525,1.87,1.12
2016.01.14 20:21:46.916,1.67464,1.67525,1.50,1.50
2016.01.14 20:21:48.568,1.67464,1.67522,1.50,1.00
2016.01.14 20:21:48.685,1.67464,1.67522,1.00,1.75
2016.01.14 20:21:49.301,1.67463,1.67519,1.00,2.25
2016.01.14 20:21:49.977,1.67455,1.67517,2.25,1.12
2016.01.14 20:21:50.481,1.67455,1.67515,1.75,1.00
2016.01.14 20:21:51.098,1.67453,1.67518,1.87,1.50
2016.01.14 20:21:52.303,1.67453,1.67513,1.87,1.00
2016.01.14 20:21:52.559,1.67453,1.67513,1.12,1.75
2016.01.14 20:21:54.582,1.67454,1.67511,1.00,1.75
2016.01.14 20:21:57.773,1.67453,1.67516,1.12,2.62
2016.01.14 20:22:02.502,1.67454,1.67516,1.00,1.12
2016.01.14 20:22:03.060,1.67448,1.67512,1.75,1.75
2016.01.14 20:22:05.051,1.67446,1.67507,1.12,1.00
2016.01.14 20:22:08.052,1.67446,1.67514,1.87,1.75
2016.01.14 20:22:08.581,1.67454,1.67514,1.00,1.75
2016.01.14 20:22:10.195,1.67454,1.67514,1.37,1.37
2016.01.14 20:22:10.246,1.67454,1.67514,1.75,1.00
2016.01.14 20:22:15.655,1.67454,1.67513,1.75,1.00
2016.01.14 20:22:19.714,1.67453,1.6751,1.12,1.00
2016.01.14 20:22:23.677,1.67453,1.67513,1.12,1.00
2016.01.14 20:22:24.428,1.67453,1.67514,1.12,1.00
2016.01.14 20:22:24.932,1.67454,1.67518,1.75,1.75
2016.01.14 20:22:25.391,1.67454,1.67518,1.87,1.37
2016.01.14 20:22:25.442,1.67456,1.67518,1.12,1.00
2016.01.14 20:22:25.983,1.67456,1.67524,1.12,1.75
2016.01.14 20:22:37.725,1.67464,1.67524,1.00,2.25
2016.01.14 20:22:37.955,1.67464,1.67524,1.37,1.87
2016.01.14 20:22:38.005,1.67464,1.67524,1.75,1.50
2016.01.14 20:22:38.056,1.67464,1.67526,1.75,1.12
2016.01.14 20:22:45.030,1.67463,1.67525,1.75,1.00
2016.01.14 20:22:47.225,1.67461,1.67522,1.12,1.00
2016.01.14 20:22:51.218,1.67461,1.67526,1.12,1.12
2016.01.14 20:22:51.947,1.67468,1.67526,1.37,1.87
2016.01.14 20:22:52.049,1.6747,1.67531,1.75,1.00
2016.01.14 20:22:52.150,1.67484,1.67534,1.00,1.37
2016.01.14 20:22:52.200,1.67484,1.67539,1.00,1.00
2016.01.14 20:22:52.301,1.67484,1.67541,1.00,1.00
2016.01.14 20:22:52.352,1.67484,1.67546,1.37,1.37
2016.01.14 20:22:52.403,1.67485,1.67548,1.75,1.50
2016.01.14 20:22:55.338,1.67494,1.67553,1.00,1.12
2016.01.14 20:23:05.437,1.67494,1.67554,1.37,1.12
2016.01.14 20:23:05.487,1.67494,1.67557,1.75,2.25
2016.01.14 20:23:15.334,1.67493,1.67552,1.75,1.00
2016.01.14 20:23:15.583,1.67486,1.67541,1.00,1.00
2016.01.14 20:23:15.946,1.67494,1.67541,1.00,1.00
2016.01.14 20:23:16.861,1.67484,1.67541,1.00,1.00
2016.01.14 20:23:21.480,1.67483,1.67541,1.50,1.00
2016.01.14 20:23:23.504,1.67494,1.67541,1.00,1.00
2016.01.14 20:23:28.085,1.67494,1.67552,1.00,1.75
2016.01.14 20:23:41.302,1.67488,1.67542,1.00,1.12
2016.01.14 20:23:41.612,1.67481,1.67539,1.00,2.25
2016.01.14 20:23:41.663,1.67475,1.67539,1.75,2.25
2016.01.14 20:23:41.814,1.67483,1.67546,1.12,1.12
2016.01.14 20:23:42.989,1.67483,1.67543,1.12,1.00
2016.01.14 20:23:43.146,1.67481,1.67539,1.00,1.00
2016.01.14 20:23:43.247,1.67481,1.67536,1.00,1.00
2016.01.14 20:23:43.407,1.67473,1.67529,1.00,1.00
2016.01.14 20:23:43.920,1.67474,1.67529,1.00,1.00
2016.01.14 20:23:46.010,1.67474,1.67536,1.75,1.12
2016.01.14 20:23:46.363,1.67483,1.67542,1.00,1.87
2016.01.14 20:23:46.414,1.67486,1.67542,1.00,1.00
2016.01.14 20:23:46.515,1.67486,1.67544,1.00,1.00
2016.01.14 20:23:48.526,1.67487,1.67544,1.00,1.00
2016.01.14 20:23:48.728,1.67488,1.67548,1.12,1.00
2016.01.14 20:23:50.053,1.67488,1.67555,1.12,1.75
2016.01.14 20:23:53.552,1.67488,1.67551,1.12,1.12
2016.01.14 20:23:54.939,1.67489,1.67552,1.12,1.12
2016.01.14 20:23:57.268,1.67504,1.67558,1.00,1.12
2016.01.14 20:23:57.369,1.67504,1.67562,1.00,1.75
2016.01.14 20:24:00.628,1.67504,1.67568,1.50,1.75
2016.01.14 20:24:00.678,1.67505,1.67568,1.12,1.12
2016.01.14 20:24:03.030,1.6751,1.67572,1.12,1.37
2016.01.14 20:24:03.080,1.67517,1.67573,1.00,1.00
2016.01.14 20:24:03.289,1.67517,1.67575,1.00,1.50
2016.01.14 20:24:10.686,1.67517,1.67577,1.12,1.00
2016.01.14 20:24:10.819,1.67517,1.67579,1.12,1.00
2016.01.14 20:24:11.369,1.67517,1.67578,1.12,1.50
2016.01.14 20:24:11.939,1.67517,1.67577,1.12,1.00
2016.01.14 20:24:11.990,1.67517,1.67579,1.12,1.00
2016.01.14 20:24:12.369,1.67517,1.67576,1.12,1.00
2016.01.14 20:24:12.470,1.67517,1.67579,1.12,1.50
2016.01.14 20:24:17.638,1.67517,1.67576,1.12,1.00
2016.01.14 20:24:19.399,1.67517,1.6758,1.12,1.00
2016.01.14 20:24:22.478,1.67517,1.67579,1.12,1.00
2016.01.14 20:24:22.614,1.67514,1.67578,1.37,1.12
2016.01.14 20:24:26.042,1.67514,1.6757,1.37,1.50
2016.01.14 20:24:26.092,1.67508,1.6757,1.00,3.37
2016.01.14 20:24:26.676,1.67507,1.6757,1.12,1.12
2016.01.14 20:24:27.803,1.67508,1.6757,1.00,1.12
2016.01.14 20:24:28.304,1.67507,1.6757,1.12,1.12
2016.01.14 20:24:29.689,1.67508,1.6757,1.00,1.12
2016.01.14 20:24:30.653,1.67504,1.6757,1.75,1.12
2016.01.14 20:24:41.584,1.67501,1.67556,1.12,1.00
2016.01.14 20:24:41.889,1.67501,1.67546,1.00,1.00
2016.01.14 20:24:41.940,1.67496,1.67546,1.75,1.00
2016.01.14 20:24:42.041,1.67494,1.67556,1.75,1.12
2016.01.14 20:24:42.243,1.67493,1.67554,1.12,1.00
2016.01.14 20:24:42.344,1.67494,1.67557,1.75,1.50
2016.01.14 20:24:42.445,1.67499,1.67554,1.12,1.00
2016.01.14 20:24:42.766,1.67505,1.67557,1.00,1.50
2016.01.14 20:24:43.131,1.67505,1.67565,1.50,1.37
2016.01.14 20:24:51.944,1.67501,1.67559,1.12,1.00
2016.01.14 20:24:52.183,1.67487,1.67548,1.00,1.12
2016.01.14 20:24:52.234,1.67485,1.67547,1.87,2.25
2016.01.14 20:24:52.338,1.67482,1.67537,1.75,1.00
2016.01.14 20:24:52.448,1.67482,1.67545,1.75,1.75
2016.01.14 20:24:52.796,1.67482,1.67537,1.75,1.00
2016.01.14 20:24:57.308,1.67479,1.67536,1.12,1.00
2016.01.14 20:24:57.359,1.67472,1.67536,1.75,1.75
2016.01.14 20:24:59.167,1.67466,1.67531,1.75,1.87
2016.01.14 20:25:00.477,1.67464,1.67523,1.00,1.12
2016.01.14 20:25:02.732,1.6746,1.67523,1.12,1.12
2016.01.14 20:25:02.834,1.67464,1.67523,1.00,1.12
2016.01.14 20:25:06.204,1.67463,1.67523,1.00,1.12
2016.01.14 20:25:07.121,1.67455,1.67518,2.25,1.50
2016.01.14 20:25:07.171,1.67455,1.67514,2.25,1.00
2016.01.14 20:25:07.272,1.67446,1.67508,1.00,1.12
2016.01.14 20:25:07.900,1.67443,1.67508,1.75,1.87
2016.01.14 20:25:09.386,1.67452,1.6751,1.00,1.00
2016.01.14 20:25:09.438,1.67454,1.6751,1.00,1.00
2016.01.14 20:25:09.539,1.67456,1.67521,1.12,1.50
2016.01.14 20:25:09.641,1.67464,1.67526,1.00,1.75
2016.01.14 20:25:09.942,1.67457,1.67523,1.75,1.75
2016.01.14 20:25:10.483,1.67456,1.67518,1.12,1.00
2016.01.14 20:25:11.228,1.67456,1.67513,1.12,1.00
2016.01.14 20:25:11.329,1.67454,1.67513,1.00,1.75
2016.01.14 20:25:11.838,1.67453,1.67515,1.12,1.12
2016.01.14 20:25:12.389,1.67454,1.67514,1.00,2.25
2016.01.14 20:25:14.793,1.67457,1.67515,1.00,1.87
2016.01.14 20:25:15.110,1.67473,1.67536,1.87,2.25
2016.01.14 20:25:15.211,1.67478,1.67537,1.00,1.12
2016.01.14 20:25:15.313,1.67474,1.67532,1.12,1.50
2016.01.14 20:25:15.514,1.67474,1.67527,1.12,1.00
2016.01.14 20:25:15.817,1.67473,1.67529,1.00,1.87
2016.01.14 20:25:16.830,1.67484,1.6753,1.00,1.00
2016.01.14 20:25:16.931,1.67488,1.67541,1.00,1.00
2016.01.14 20:25:16.982,1.67488,1.67544,1.00,1.00
2016.01.14 20:25:17.350,1.67486,1.67544,1.00,1.50
2016.01.14 20:25:17.401,1.6748,1.67543,1.37,1.75
2016.01.14 20:25:17.452,1.67478,1.67531,1.00,1.00
2016.01.14 20:25:24.656,1.67475,1.67531,1.50,1.00
2016.01.14 20:25:25.612,1.67479,1.67536,1.37,1.37
2016.01.14 20:25:25.663,1.67479,1.67536,1.75,1.00
2016.01.14 20:25:25.714,1.67491,1.67536,1.75,1.00
2016.01.14 20:25:25.764,1.67499,1.67547,1.00,1.00
2016.01.14 20:25:25.866,1.67505,1.67552,1.00,1.00
2016.01.14 20:25:26.030,1.67504,1.67558,1.00,1.00
2016.01.14 20:25:26.382,1.67502,1.67558,1.00,1.00
2016.01.14 20:25:26.912,1.67501,1.67557,1.00,1.00
2016.01.14 20:25:29.368,1.67502,1.67557,1.00,1.00
2016.01.14 20:25:30.183,1.67501,1.67557,1.00,1.00
2016.01.14 20:25:30.284,1.67499,1.67557,2.25,1.00
2016.01.14 20:25:31.045,1.67499,1.67556,1.50,1.00
2016.01.14 20:25:33.525,1.67499,1.67555,1.50,1.00
2016.01.14 20:25:33.626,1.67499,1.67545,1.12,1.00
2016.01.14 20:25:33.677,1.67485,1.67544,1.87,1.00
2016.01.14 20:25:33.727,1.67485,1.67531,1.37,1.37
2016.01.14 20:25:33.778,1.67473,1.67531,1.50,1.75
2016.01.14 20:25:33.829,1.67473,1.67526,1.50,1.00
2016.01.14 20:25:34.150,1.67471,1.67519,1.00,1.50
2016.01.14 20:25:34.403,1.67471,1.67522,1.00,1.37
2016.01.14 20:25:34.554,1.67471,1.67531,1.50,1.75
2016.01.14 20:25:40.249,1.67471,1.67526,1.50,1.00
2016.01.14 20:25:46.229,1.67469,1.6753,1.75,1.75
2016.01.14 20:25:51.340,1.67469,1.6753,1.75,2.25
2016.01.14 20:25:51.917,1.67469,1.6753,1.75,1.87
2016.01.14 20:25:52.405,1.67488,1.67531,1.00,1.50
2016.01.14 20:25:52.607,1.67503,1.67552,1.00,1.00
2016.01.14 20:25:52.658,1.67503,1.67555,1.00,1.50
2016.01.14 20:25:52.859,1.67503,1.67561,1.00,1.50
2016.01.14 20:25:52.961,1.67503,1.67558,1.00,1.00
2016.01.14 20:25:53.263,1.67503,1.67556,1.00,1.00
2016.01.14 20:25:53.967,1.67503,1.67558,1.00,1.00
2016.01.14 20:25:54.640,1.67503,1.67559,1.00,1.50
2016.01.14 20:25:59.967,1.67503,1.6756,1.00,1.50
2016.01.14 20:26:00.652,1.67503,1.67559,1.00,1.00
2016.01.14 20:26:01.531,1.67503,1.67556,1.00,1.00
2016.01.14 20:26:07.854,1.67503,1.67557,1.00,1.50
2016.01.14 20:26:08.701,1.67503,1.67556,1.00,1.50
2016.01.14 20:26:11.467,1.67499,1.67556,1.00,1.00
2016.01.14 20:26:19.487,1.67499,1.67557,1.00,1.00
2016.01.14 20:26:22.253,1.67499,1.67556,1.00,1.00
2016.01.14 20:26:22.322,1.67499,1.67558,1.00,1.00
2016.01.14 20:26:29.064,1.67499,1.67562,1.37,1.37
2016.01.14 20:26:29.114,1.675,1.67562,1.12,1.12
2016.01.14 20:26:29.434,1.67506,1.67566,1.12,1.37
2016.01.14 20:26:29.535,1.67508,1.67566,1.12,1.00
2016.01.14 20:26:31.758,1.67504,1.67561,1.12,1.00
2016.01.14 20:26:31.809,1.67499,1.67561,1.12,1.00
2016.01.14 20:26:31.860,1.67495,1.67558,1.12,1.87
2016.01.14 20:26:31.910,1.67494,1.67558,1.75,2.25
2016.01.14 20:26:33.239,1.67497,1.67558,1.87,1.37
2016.01.14 20:26:33.340,1.67499,1.67563,1.12,1.12
2016.01.14 20:26:35.235,1.67507,1.67566,1.00,1.75
2016.01.14 20:26:36.332,1.6751,1.67567,1.00,1.75
2016.01.14 20:26:37.370,1.67507,1.67565,1.00,1.75
2016.01.14 20:26:38.066,1.67507,1.67566,1.37,1.37
2016.01.14 20:26:38.117,1.67507,1.67566,1.75,1.00
2016.01.14 20:26:38.971,1.67512,1.6757,1.12,1.50
2016.01.14 20:26:39.490,1.67512,1.67569,1.12,1.50
2016.01.14 20:26:39.541,1.67508,1.67569,1.00,1.87
2016.01.14 20:26:39.642,1.67506,1.67567,1.12,1.75
2016.01.14 20:26:57.272,1.67502,1.67566,1.12,2.25
2016.01.14 20:26:57.332,1.67503,1.67566,1.12,2.25
2016.01.14 20:26:57.889,1.67499,1.67555,1.12,1.00
2016.01.14 20:26:57.940,1.67493,1.67555,1.87,1.00
2016.01.14 20:26:57.991,1.67493,1.67555,1.37,1.87
2016.01.14 20:26:58.042,1.6749,1.67555,1.75,2.25
2016.01.14 20:27:17.307,1.67494,1.67556,1.50,1.12
2016.01.14 20:27:17.362,1.67496,1.67554,1.00,1.00
2016.01.14 20:27:29.779,1.67501,1.67554,1.00,1.00
2016.01.14 20:27:29.885,1.67497,1.67557,1.12,1.00
2016.01.14 20:27:29.936,1.67497,1.6756,1.12,1.12
2016.01.14 20:27:30.037,1.67497,1.67558,1.12,1.00
2016.01.14 20:27:30.361,1.67497,1.67556,1.12,1.00
2016.01.14 20:27:32.756,1.67498,1.67559,1.75,1.00
2016.01.14 20:27:33.070,1.67497,1.67556,1.12,1.00
2016.01.14 20:27:33.531,1.67497,1.67559,1.12,1.00
2016.01.14 20:27:34.427,1.67497,1.67564,1.12,2.25
2016.01.14 20:27:46.454,1.67497,1.67562,1.87,2.62
2016.01.14 20:27:46.591,1.67498,1.67556,1.00,1.00
2016.01.14 20:28:10.739,1.67501,1.67556,1.00,1.00
2016.01.14 20:28:10.991,1.67514,1.67573,1.00,1.00
2016.01.14 20:28:11.142,1.67517,1.67573,1.00,1.00
2016.01.14 20:28:11.537,1.67514,1.67573,1.00,1.00
2016.01.14 20:28:11.794,1.67524,1.67573,1.00,1.00
2016.01.14 20:28:11.945,1.67524,1.67578,1.50,1.00
2016.01.14 20:28:12.141,1.67524,1.67576,1.50,1.00
2016.01.14 20:28:12.222,1.67524,1.67583,1.50,1.75
2016.01.14 20:28:16.198,1.67524,1.6758,1.50,1.00
2016.01.14 20:28:16.899,1.67524,1.67581,1.50,1.87
2016.01.14 20:28:17.400,1.67524,1.6758,1.50,1.00
2016.01.14 20:28:18.602,1.67524,1.67581,1.50,1.12
2016.01.14 20:28:18.703,1.67534,1.67583,1.00,1.37
2016.01.14 20:28:18.753,1.67534,1.67589,1.00,1.00
2016.01.14 20:28:19.056,1.67525,1.67589,1.12,1.00
2016.01.14 20:28:23.715,1.67526,1.67594,1.75,1.75
2016.01.14 20:28:24.116,1.67532,1.67594,1.12,1.37
2016.01.14 20:28:24.166,1.67535,1.67594,1.12,1.00
2016.01.14 20:28:24.513,1.67535,1.67599,1.12,2.25
2016.01.14 20:28:25.860,1.67535,1.67585,1.12,1.00
2016.01.14 20:28:25.961,1.67528,1.67585,2.25,1.00
2016.01.14 20:28:29.719,1.67528,1.67586,2.25,1.00
2016.01.14 20:28:30.520,1.67528,1.67585,2.25,1.00
2016.01.14 20:28:31.221,1.67528,1.67587,2.25,1.00
2016.01.14 20:28:31.736,1.67533,1.67593,1.12,1.75
2016.01.14 20:28:32.269,1.67534,1.67592,1.00,1.75
2016.01.14 20:28:34.657,1.67533,1.67593,1.12,1.75
2016.01.14 20:28:36.876,1.67534,1.67591,1.00,1.50
2016.01.14 20:28:40.768,1.67534,1.67587,1.75,1.00
2016.01.14 20:28:41.021,1.67533,1.67587,1.75,1.00
2016.01.14 20:28:41.571,1.67534,1.67586,1.50,1.00
2016.01.14 20:28:41.772,1.67534,1.67592,1.50,1.50
2016.01.14 20:28:44.218,1.67544,1.67592,1.00,1.50
2016.01.14 20:28:44.533,1.67543,1.67582,1.00,1.00
2016.01.14 20:28:44.584,1.67533,1.67587,1.75,1.00
2016.01.14 20:28:45.233,1.67533,1.67588,1.75,1.00
2016.01.14 20:28:46.250,1.67534,1.67587,1.50,1.00
2016.01.14 20:28:46.527,1.67544,1.67588,1.00,1.00
2016.01.14 20:28:46.578,1.67544,1.67594,1.00,2.25
2016.01.14 20:28:47.188,1.67533,1.67594,1.75,2.25
2016.01.14 20:28:48.409,1.67543,1.67593,1.00,1.75
2016.01.14 20:28:49.167,1.67533,1.67593,1.75,1.75
2016.01.14 20:28:55.262,1.67534,1.67588,1.50,1.00
2016.01.14 20:28:56.514,1.67529,1.67582,1.12,1.00
2016.01.14 20:28:57.317,1.67528,1.67582,1.12,1.00
2016.01.14 20:28:58.181,1.67526,1.67582,1.12,1.00
2016.01.14 20:28:58.783,1.67534,1.67582,1.00,1.00
2016.01.14 20:28:59.668,1.67534,1.67583,1.00,1.00
2016.01.14 20:29:00.970,1.67534,1.67582,1.00,1.00
2016.01.14 20:29:01.570,1.67534,1.67583,1.00,1.00
2016.01.14 20:29:01.677,1.67534,1.67585,1.00,1.00
2016.01.14 20:29:02.272,1.67534,1.67584,1.00,1.00
2016.01.14 20:29:04.275,1.67534,1.67585,1.00,1.00
2016.01.14 20:29:05.508,1.67526,1.67585,1.12,1.00
2016.01.14 20:29:06.278,1.67526,1.67584,1.12,1.00
2016.01.14 20:29:06.818,1.67534,1.67584,1.00,1.00
2016.01.14 20:29:07.688,1.67534,1.67585,1.00,1.00
2016.01.14 20:29:07.918,1.67534,1.67588,1.00,1.00
2016.01.14 20:29:07.969,1.67534,1.67588,1.87,1.00
2016.01.14 20:29:08.292,1.67552,1.67588,1.12,1.00
2016.01.14 20:29:08.783,1.67552,1.6761,1.12,1.00
2016.01.14 20:29:09.318,1.67552,1.67609,1.12,1.00
2016.01.14 20:29:09.836,1.67552,1.6761,1.12,1.00
2016.01.14 20:29:10.985,1.67552,1.67609,1.12,1.00
2016.01.14 20:29:11.467,1.6755,1.67609,1.12,1.37
2016.01.14 20:29:11.628,1.67546,1.67609,1.12,1.50
2016.01.14 20:29:20.863,1.67554,1.67609,1.00,1.50
2016.01.14 20:29:21.753,1.67553,1.67609,1.00,1.50
2016.01.14 20:29:23.056,1.67554,1.67609,1.00,1.50
2016.01.14 20:29:23.754,1.67554,1.67607,1.00,1.00
2016.01.14 20:29:24.275,1.67554,1.67608,1.00,1.12
2016.01.14 20:29:25.817,1.67553,1.67603,1.00,1.50
2016.01.14 20:29:26.132,1.67543,1.67603,1.50,1.50
2016.01.14 20:29:30.418,1.67554,1.67604,1.00,1.75
2016.01.14 20:29:37.577,1.67543,1.67602,1.50,1.12
2016.01.14 20:29:37.930,1.67554,1.67603,1.00,1.50
2016.01.14 20:29:38.339,1.67544,1.67603,1.12,1.50
2016.01.14 20:29:41.010,1.67554,1.67602,1.00,1.12
2016.01.14 20:29:47.816,1.67553,1.67603,1.00,1.50
2016.01.14 20:29:48.027,1.67544,1.67603,1.12,1.50
2016.01.14 20:29:51.325,1.67544,1.67603,1.12,1.50
2016.01.14 20:29:58.081,1.67545,1.67606,1.12,1.00
2016.01.14 20:30:13.269,1.67543,1.67606,1.75,1.75
2016.01.14 20:30:17.072,1.67554,1.6761,1.00,1.12
2016.01.14 20:30:17.345,1.67565,1.67623,1.00,1.00
2016.01.14 20:30:17.625,1.67565,1.67621,1.00,1.00
2016.01.14 20:30:17.927,1.67558,1.67611,1.00,1.00
2016.01.14 20:30:18.932,1.67554,1.67611,1.00,1.00
2016.01.14 20:30:26.336,1.67552,1.67611,1.00,1.00
2016.01.14 20:30:26.639,1.67552,1.67606,1.00,1.00
2016.01.14 20:30:29.674,1.67552,1.67608,1.00,1.50
2016.01.14 20:30:29.816,1.67552,1.67605,1.00,1.00
2016.01.14 20:30:32.424,1.67552,1.67606,1.00,1.00
2016.01.14 20:30:35.174,1.67552,1.67608,1.00,1.50
2016.01.14 20:30:35.428,1.67554,1.67608,1.37,1.00
2016.01.14 20:30:35.738,1.67574,1.67608,1.00,1.00
2016.01.14 20:30:35.839,1.67574,1.67626,1.00,1.75
2016.01.14 20:30:36.244,1.67572,1.67628,1.00,1.12
2016.01.14 20:30:36.547,1.67574,1.67628,1.00,1.12
2016.01.14 20:30:42.134,1.67573,1.67628,1.00,1.12
2016.01.14 20:30:46.798,1.67574,1.67628,1.00,1.87
2016.01.14 20:30:51.330,1.67574,1.67626,1.00,1.12
2016.01.14 20:30:52.383,1.67574,1.67621,1.00,1.12
2016.01.14 20:30:52.852,1.67564,1.6762,1.00,1.75
2016.01.14 20:30:53.465,1.67556,1.6762,1.12,1.75
2016.01.14 20:30:53.794,1.67564,1.6762,1.00,2.25
2016.01.14 20:30:54.135,1.67554,1.67617,1.75,1.75
2016.01.14 20:30:57.890,1.67563,1.67619,1.00,1.75
2016.01.14 20:30:58.241,1.67554,1.67618,1.75,1.75
2016.01.14 20:30:58.542,1.67563,1.67618,1.00,1.75
2016.01.14 20:31:02.414,1.67557,1.67621,1.00,1.87
2016.01.14 20:31:04.243,1.67563,1.67621,1.00,1.87
2016.01.14 20:31:05.291,1.67563,1.67624,1.75,1.12
2016.01.14 20:31:06.414,1.67563,1.67623,2.25,1.00
2016.01.14 20:31:06.816,1.67563,1.67622,1.00,1.75
2016.01.14 20:31:09.967,1.67558,1.67615,1.75,1.00
2016.01.14 20:31:10.018,1.67558,1.67613,1.00,1.12
2016.01.14 20:31:10.319,1.67551,1.67612,1.12,1.75
2016.01.14 20:31:11.284,1.67554,1.67612,1.00,1.75
2016.01.14 20:31:14.986,1.67554,1.67612,1.37,1.37
2016.01.14 20:31:15.037,1.67554,1.67614,1.75,1.12
2016.01.14 20:31:16.681,1.67553,1.67613,1.75,1.00
2016.01.14 20:31:17.133,1.67551,1.6761,1.12,1.00
2016.01.14 20:31:17.234,1.67551,1.67615,1.12,1.50
2016.01.14 20:31:17.385,1.67564,1.67616,1.00,1.75
2016.01.14 20:31:23.384,1.67563,1.6762,1.00,1.12
2016.01.14 20:31:24.594,1.67564,1.6762,1.00,1.12
2016.01.14 20:31:26.025,1.67563,1.6762,1.00,1.12
2016.01.14 20:31:27.127,1.67564,1.6762,1.00,1.12
2016.01.14 20:31:27.629,1.67563,1.6762,1.00,1.12
2016.01.14 20:31:30.236,1.67563,1.67615,1.00,1.12
2016.01.14 20:31:30.342,1.67554,1.67609,1.00,1.00
2016.01.14 20:31:30.544,1.6755,1.67607,1.00,1.00
2016.01.14 20:31:31.276,1.6755,1.67609,1.00,1.50
2016.01.14 20:31:33.065,1.67554,1.67609,1.00,1.50
2016.01.14 20:31:35.046,1.67553,1.67609,1.00,1.50
2016.01.14 20:31:40.763,1.67554,1.67609,1.00,1.50
2016.01.14 20:31:50.474,1.67553,1.67615,1.75,1.50
2016.01.14 20:31:50.575,1.67564,1.67616,1.00,1.00
2016.01.14 20:31:50.878,1.67574,1.67623,1.00,1.12
2016.01.14 20:31:50.930,1.67564,1.67623,1.00,1.12
2016.01.14 20:31:51.031,1.67573,1.6763,1.00,1.75
2016.01.14 20:31:51.538,1.67574,1.6763,1.00,1.75
2016.01.14 20:31:51.788,1.67563,1.6763,2.25,1.75
2016.01.14 20:31:58.006,1.6757,1.67631,1.12,1.00
2016.01.14 20:31:58.540,1.67573,1.67635,1.75,1.75
2016.01.14 20:31:58.709,1.67576,1.6764,1.12,1.50
2016.01.14 20:32:05.065,1.67576,1.67637,1.12,1.00
2016.01.14 20:32:06.032,1.67576,1.67636,1.12,1.00
2016.01.14 20:32:07.763,1.67576,1.67637,1.12,1.50
2016.01.14 20:32:08.124,1.67576,1.67642,1.12,3.00
2016.01.14 20:32:12.000,1.67576,1.67638,1.12,1.00
2016.01.14 20:32:14.062,1.67576,1.67639,1.12,2.62
2016.01.14 20:32:16.112,1.67581,1.67639,1.00,1.37
2016.01.14 20:32:16.414,1.67583,1.67642,1.00,1.75
2016.01.14 20:32:16.966,1.67584,1.67642,1.00,1.75
2016.01.14 20:32:22.353,1.67593,1.67643,1.00,1.12
2016.01.14 20:32:24.672,1.67594,1.67643,1.00,1.12
2016.01.14 20:32:24.724,1.67594,1.67647,1.00,1.75
2016.01.14 20:32:24.775,1.67594,1.67647,1.00,1.00
2016.01.14 20:32:24.927,1.67594,1.67654,1.37,1.37
2016.01.14 20:32:24.978,1.67596,1.67661,1.75,1.87
2016.01.14 20:32:25.157,1.67599,1.67665,1.37,1.12
2016.01.14 20:32:25.208,1.67601,1.67666,1.12,1.75
2016.01.14 20:32:25.663,1.67613,1.67666,1.00,1.75
2016.01.14 20:32:26.167,1.67614,1.67666,1.00,1.75
2016.01.14 20:32:26.473,1.67613,1.67663,1.00,1.75
2016.01.14 20:32:26.523,1.67595,1.6766,1.75,1.75
2016.01.14 20:32:26.624,1.67594,1.67656,1.75,1.00
2016.01.14 20:32:27.197,1.67593,1.6766,1.87,3.00
2016.01.14 20:32:28.178,1.67603,1.67662,1.00,1.75
2016.01.14 20:32:28.481,1.67604,1.67666,1.75,1.50
2016.01.14 20:32:28.531,1.67614,1.67666,1.00,1.50
2016.01.14 20:32:30.081,1.67613,1.6767,1.00,2.25
2016.01.14 20:32:30.880,1.67614,1.6767,1.00,2.25
2016.01.14 20:32:31.693,1.67613,1.6767,1.00,2.25
2016.01.14 20:32:32.235,1.67614,1.6767,1.00,2.25
2016.01.14 20:32:33.379,1.67614,1.67665,1.00,1.37
2016.01.14 20:32:33.893,1.67614,1.67664,1.00,1.12
2016.01.14 20:32:34.022,1.67604,1.67664,1.00,1.12
2016.01.14 20:32:37.102,1.67603,1.67663,1.00,1.75
2016.01.14 20:32:37.608,1.67604,1.67663,1.00,1.75
2016.01.14 20:32:37.994,1.67604,1.67658,1.00,1.50
2016.01.14 20:32:38.296,1.67603,1.67657,1.00,1.12
2016.01.14 20:32:39.850,1.67591,1.67656,1.75,1.75
2016.01.14 20:32:41.011,1.67594,1.67659,1.37,1.12
2016.01.14 20:32:41.061,1.67601,1.67659,1.00,1.00
2016.01.14 20:32:45.520,1.67601,1.6766,1.37,1.37
2016.01.14 20:32:45.571,1.67607,1.67663,1.00,1.00
2016.01.14 20:32:46.107,1.67607,1.67664,1.00,1.00
2016.01.14 20:32:46.259,1.67599,1.67663,1.12,1.37
2016.01.14 20:32:46.309,1.67599,1.67658,1.00,1.00
2016.01.14 20:32:48.739,1.67599,1.6765,1.00,1.00
2016.01.14 20:32:49.042,1.67594,1.67643,1.00,1.75
2016.01.14 20:32:53.271,1.67584,1.67642,1.50,1.50
2016.01.14 20:32:53.472,1.67594,1.67642,1.00,1.50
2016.01.14 20:32:54.021,1.67593,1.67643,1.00,1.75
2016.01.14 20:32:54.574,1.67594,1.67643,1.00,1.75
2016.01.14 20:33:03.924,1.67593,1.67647,1.00,2.62
2016.01.14 20:33:04.777,1.67593,1.67647,1.00,2.25
2016.01.14 20:33:04.828,1.67593,1.67647,1.00,2.25
2016.01.14 20:33:09.244,1.67599,1.67648,1.00,1.75
2016.01.14 20:33:10.647,1.67598,1.67648,1.00,1.75
2016.01.14 20:33:11.248,1.67599,1.67648,1.00,1.75
2016.01.14 20:33:12.784,1.67598,1.67648,1.00,1.75
2016.01.14 20:33:14.389,1.67596,1.67651,1.00,1.12
2016.01.14 20:33:14.440,1.67596,1.67652,1.00,1.50
2016.01.14 20:33:14.591,1.67594,1.67651,1.12,1.37
2016.01.14 20:33:15.356,1.67598,1.67651,1.00,1.87
2016.01.14 20:33:16.195,1.67597,1.67654,1.00,1.75
2016.01.14 20:33:16.961,1.67598,1.67654,1.00,1.75
2016.01.14 20:33:19.611,1.67597,1.67654,1.00,1.75
2016.01.14 20:33:20.566,1.67599,1.67654,1.00,1.75
2016.01.14 20:33:21.168,1.67598,1.67654,1.00,1.75
2016.01.14 20:33:22.470,1.67599,1.67654,1.00,1.75
2016.01.14 20:33:22.671,1.67604,1.6766,1.50,1.12
2016.01.14 20:33:27.778,1.67607,1.67666,1.00,1.12
2016.01.14 20:33:28.580,1.67606,1.6766,1.00,1.12
2016.01.14 20:33:29.221,1.67607,1.67664,1.00,1.75
2016.01.14 20:33:29.663,1.67613,1.67664,1.00,1.75
2016.01.14 20:33:30.102,1.67607,1.67664,1.00,1.75
2016.01.14 20:33:32.765,1.67614,1.67664,1.00,1.75
2016.01.14 20:33:40.917,1.67614,1.67667,1.00,2.25
2016.01.14 20:33:42.092,1.67613,1.67666,1.00,1.75
2016.01.14 20:33:44.543,1.67611,1.67666,1.00,1.75
2016.01.14 20:33:44.760,1.67613,1.67667,1.00,2.25
2016.01.14 20:33:45.095,1.67608,1.67667,1.00,1.75
2016.01.14 20:33:45.812,1.67607,1.67667,1.00,1.75
2016.01.14 20:33:46.398,1.67608,1.67667,1.00,3.00
2016.01.14 20:33:46.914,1.67607,1.67665,1.00,1.50
2016.01.14 20:33:48.316,1.67608,1.67665,1.00,1.50
2016.01.14 20:33:49.377,1.67607,1.67666,1.00,2.25
2016.01.14 20:33:50.115,1.67608,1.67667,1.00,3.75
2016.01.14 20:33:50.320,1.67606,1.67667,1.12,3.00
2016.01.14 20:33:51.021,1.67607,1.67665,1.00,1.50
2016.01.14 20:33:54.131,1.67606,1.67666,1.12,1.75
2016.01.14 20:33:57.300,1.67606,1.67664,1.37,1.50
2016.01.14 20:33:58.756,1.67605,1.67665,1.75,1.87
2016.01.14 20:34:01.230,1.67614,1.67666,1.00,2.25
2016.01.14 20:34:01.541,1.67625,1.67675,1.00,1.87
2016.01.14 20:34:01.850,1.67632,1.6768,1.00,1.00
2016.01.14 20:34:02.001,1.6763,1.6769,1.37,1.12
2016.01.14 20:34:02.102,1.67624,1.67681,2.25,1.00
2016.01.14 20:34:02.203,1.67624,1.67681,1.12,1.75
2016.01.14 20:34:02.354,1.67619,1.67677,1.00,1.12
2016.01.14 20:34:02.791,1.67624,1.67677,1.00,1.12
2016.01.14 20:34:08.201,1.67622,1.67677,1.00,1.12
2016.01.14 20:34:08.302,1.67624,1.67677,1.00,1.12
2016.01.14 20:34:11.006,1.67625,1.67677,1.00,1.12
2016.01.14 20:34:11.283,1.67626,1.67681,1.00,1.00
2016.01.14 20:34:13.046,1.67633,1.67681,1.00,1.00
2016.01.14 20:34:13.561,1.67634,1.67681,1.00,1.00
2016.01.14 20:34:13.812,1.67626,1.67681,1.00,1.00
2016.01.14 20:34:14.313,1.67625,1.67681,1.00,1.00
2016.01.14 20:34:14.364,1.67634,1.67681,1.00,1.00
2016.01.14 20:34:20.693,1.67634,1.67689,1.00,1.00
2016.01.14 20:34:22.472,1.6763,1.67687,1.00,1.50
2016.01.14 20:34:22.522,1.6763,1.67683,1.00,1.00
2016.01.14 20:34:22.875,1.67624,1.67676,1.00,1.00
2016.01.14 20:34:26.556,1.67623,1.67676,1.50,1.00
2016.01.14 20:34:28.179,1.67633,1.67676,1.00,1.00
2016.01.14 20:34:37.838,1.67633,1.67685,1.00,1.75
2016.01.14 20:34:38.209,1.67634,1.67687,1.00,1.00
2016.01.14 20:34:38.260,1.67634,1.67689,1.00,1.00
2016.01.14 20:34:38.713,1.67635,1.67699,1.12,1.37
2016.01.14 20:34:38.967,1.67643,1.67702,1.00,1.75
2016.01.14 20:34:39.509,1.67644,1.67703,1.00,1.75
2016.01.14 20:34:40.340,1.67643,1.67703,1.00,1.75
2016.01.14 20:34:42.415,1.67644,1.67704,1.00,1.12
2016.01.14 20:34:48.893,1.67644,1.67698,1.00,1.12
2016.01.14 20:34:49.346,1.67644,1.67703,1.00,2.25
2016.01.14 20:34:49.897,1.67643,1.67703,1.12,1.75
2016.01.14 20:34:51.202,1.67654,1.67706,1.00,1.12
2016.01.14 20:34:51.754,1.67643,1.67702,1.12,1.75
2016.01.14 20:34:51.956,1.67644,1.677,1.00,1.12
2016.01.14 20:34:53.482,1.67654,1.677,1.00,1.12
2016.01.14 20:34:53.533,1.67654,1.67707,1.00,1.12
2016.01.14 20:34:54.920,1.67644,1.67707,1.50,1.12
2016.01.14 20:34:58.787,1.67644,1.677,1.50,1.00
2016.01.14 20:34:58.838,1.67644,1.677,1.00,1.87
2016.01.14 20:35:02.204,1.67643,1.67698,1.00,1.75
2016.01.14 20:35:05.275,1.67633,1.67698,1.75,1.75
2016.01.14 20:35:11.171,1.67633,1.67692,1.75,1.00
2016.01.14 20:35:11.272,1.67634,1.6768,1.00,1.12
2016.01.14 20:35:11.385,1.67622,1.67679,1.50,1.00
2016.01.14 20:35:11.436,1.67623,1.67675,1.00,1.12
2016.01.14 20:35:11.537,1.67613,1.67674,1.00,2.25
2016.01.14 20:35:12.045,1.67614,1.67674,1.00,1.75
2016.01.14 20:35:12.971,1.67606,1.67673,1.12,1.75
2016.01.14 20:35:13.072,1.67604,1.67662,1.50,1.00
2016.01.14 20:35:13.940,1.67603,1.67662,1.50,1.00
2016.01.14 20:35:14.444,1.67604,1.67662,1.00,1.00
2016.01.14 20:35:14.602,1.67613,1.67662,1.00,1.00
2016.01.14 20:35:15.101,1.67613,1.67662,1.00,1.12
2016.01.14 20:35:15.631,1.67614,1.67662,1.00,1.12
2016.01.14 20:35:16.386,1.67604,1.67662,1.00,1.87
2016.01.14 20:35:16.588,1.67614,1.67662,1.00,1.12
2016.01.14 20:35:17.196,1.67614,1.67667,1.00,1.50
2016.01.14 20:35:18.124,1.67613,1.6767,1.00,1.75
2016.01.14 20:35:18.276,1.67613,1.6767,1.75,1.00
2016.01.14 20:35:18.327,1.67612,1.67674,2.25,1.12
2016.01.14 20:35:18.490,1.67622,1.6768,1.00,1.12
2016.01.14 20:35:18.541,1.67629,1.67687,1.00,1.75
2016.01.14 20:35:18.592,1.67634,1.67687,1.00,1.75
2016.01.14 20:35:19.294,1.67634,1.67681,1.00,1.12
2016.01.14 20:35:19.930,1.67624,1.67681,1.00,1.12
2016.01.14 20:35:20.281,1.67624,1.67674,1.00,1.12
2016.01.14 20:35:20.332,1.67614,1.67674,1.50,1.87
2016.01.14 20:35:20.382,1.67614,1.6766,1.50,1.00
2016.01.14 20:35:20.590,1.67609,1.6766,1.00,1.00
2016.01.14 20:35:21.613,1.67605,1.6766,1.00,1.00
2016.01.14 20:35:21.764,1.67602,1.6766,1.00,1.00
2016.01.14 20:35:21.814,1.676,1.67653,1.00,1.00
2016.01.14 20:35:22.144,1.67604,1.67653,1.00,1.00
2016.01.14 20:35:23.777,1.67603,1.67653,1.00,1.00
2016.01.14 20:35:24.631,1.67604,1.67653,1.00,1.00
2016.01.14 20:35:24.950,1.67595,1.67653,1.00,1.00
2016.01.14 20:35:25.460,1.67594,1.67653,1.00,1.00
2016.01.14 20:35:29.648,1.67596,1.67653,1.00,1.00
2016.01.14 20:35:31.221,1.67604,1.67653,1.00,1.00
2016.01.14 20:35:32.342,1.67606,1.67659,1.00,1.00
2016.01.14 20:35:32.544,1.6761,1.67665,1.75,1.00
2016.01.14 20:35:32.848,1.67617,1.67665,1.00,1.00
2016.01.14 20:35:33.166,1.67617,1.67665,1.75,1.00
2016.01.14 20:35:33.890,1.6762,1.67671,1.37,1.00
2016.01.14 20:35:33.941,1.67621,1.67679,1.12,1.37
2016.01.14 20:35:35.390,1.67624,1.67684,1.00,1.87
2016.01.14 20:35:36.027,1.67626,1.67684,1.00,1.87
2016.01.14 20:35:36.987,1.67626,1.67684,1.37,1.50
2016.01.14 20:35:37.038,1.67627,1.67684,1.75,1.00
2016.01.14 20:35:37.189,1.67634,1.67684,1.00,1.00
2016.01.14 20:35:37.693,1.67633,1.67684,1.00,1.00
2016.01.14 20:35:38.134,1.67634,1.67688,1.00,1.50
2016.01.14 20:35:38.986,1.67634,1.67686,1.00,1.00
2016.01.14 20:35:39.695,1.67634,1.67689,1.00,2.25
2016.01.14 20:35:42.097,1.67634,1.67685,1.00,1.00
2016.01.14 20:35:42.198,1.67634,1.67688,1.00,1.50
2016.01.14 20:35:46.865,1.67633,1.67688,1.00,1.50
2016.01.14 20:35:51.258,1.67634,1.67689,1.00,1.75
2016.01.14 20:35:53.980,1.67633,1.67693,1.00,1.12
2016.01.14 20:35:55.151,1.67634,1.67693,1.00,1.12
2016.01.14 20:35:55.253,1.67634,1.67691,1.00,1.12
2016.01.14 20:35:58.530,1.67634,1.67685,1.00,1.12
2016.01.14 20:35:58.732,1.67624,1.67682,1.00,1.12
2016.01.14 20:35:59.059,1.67619,1.6768,1.00,1.75
2016.01.14 20:35:59.261,1.67624,1.6768,1.00,1.75
2016.01.14 20:35:59.589,1.67614,1.6768,1.75,1.75
2016.01.14 20:36:00.163,1.67619,1.67681,1.00,2.25
2016.01.14 20:36:00.265,1.67624,1.67683,1.00,1.00
2016.01.14 20:36:00.565,1.67628,1.67683,1.00,1.00
2016.01.14 20:36:00.666,1.67624,1.67683,1.50,1.00
2016.01.14 20:36:00.717,1.67633,1.67683,1.00,1.00
2016.01.14 20:36:01.039,1.67623,1.67673,1.00,1.00
2016.01.14 20:36:01.166,1.67619,1.67673,1.00,1.00
2016.01.14 20:36:01.651,1.67618,1.67683,1.75,1.12
2016.01.14 20:36:01.714,1.67625,1.67683,1.00,1.00
2016.01.14 20:36:01.916,1.67634,1.67683,1.00,1.00
2016.01.14 20:36:05.759,1.67633,1.67683,1.00,1.00
2016.01.14 20:36:09.091,1.67634,1.67683,1.00,1.00
2016.01.14 20:36:09.192,1.67632,1.67693,1.75,1.12
2016.01.14 20:36:09.373,1.67644,1.67699,1.00,2.62
2016.01.14 20:36:09.877,1.67643,1.67699,1.00,1.12
2016.01.14 20:36:10.431,1.67644,1.67699,1.00,1.12
2016.01.14 20:36:10.583,1.67644,1.67701,1.00,1.75
2016.01.14 20:36:10.835,1.67654,1.67703,1.00,1.75
2016.01.14 20:36:11.300,1.67654,1.67703,1.00,1.00
2016.01.14 20:36:12.201,1.67654,1.67703,2.25,1.00
2016.01.14 20:36:12.302,1.67664,1.67717,1.00,1.75
2016.01.14 20:36:13.478,1.67663,1.67721,1.12,1.12
2016.01.14 20:36:13.529,1.67663,1.67721,1.50,1.00
2016.01.14 20:36:14.090,1.67663,1.67714,1.50,1.00
2016.01.14 20:36:14.242,1.67654,1.67715,1.87,1.75
2016.01.14 20:36:14.850,1.67655,1.67717,1.00,1.12
2016.01.14 20:36:14.910,1.67664,1.67717,1.50,1.12
2016.01.14 20:36:15.011,1.67669,1.67722,1.00,1.00
2016.01.14 20:36:15.062,1.67669,1.6773,1.00,1.12
2016.01.14 20:36:15.113,1.67673,1.6773,1.00,1.12
2016.01.14 20:36:15.628,1.67674,1.6773,1.00,1.12
2016.01.14 20:36:16.015,1.67666,1.67723,1.00,1.12
2016.01.14 20:36:16.268,1.67666,1.67717,1.00,1.87
2016.01.14 20:36:16.570,1.67654,1.67707,1.00,1.00
2016.01.14 20:36:17.159,1.67653,1.67707,1.00,1.00
2016.01.14 20:36:17.310,1.67648,1.67707,1.00,1.00
2016.01.14 20:36:17.411,1.67643,1.67702,1.00,1.12
2016.01.14 20:36:18.432,1.67644,1.677,1.00,1.75
2016.01.14 20:36:18.634,1.6763,1.67694,1.00,1.12
2016.01.14 20:36:19.185,1.67624,1.67687,1.37,1.75
2016.01.14 20:36:19.235,1.67623,1.6768,1.50,1.00
2016.01.14 20:36:19.519,1.67633,1.6768,1.00,1.00
2016.01.14 20:36:19.827,1.67644,1.6768,1.00,1.00
2016.01.14 20:36:20.298,1.67634,1.6768,1.00,1.00
2016.01.14 20:36:20.432,1.67634,1.67672,1.00,1.00
2016.01.14 20:36:22.030,1.67633,1.67672,1.00,1.00
2016.01.14 20:36:33.422,1.67633,1.6768,1.00,1.00
2016.01.14 20:36:33.473,1.67644,1.6768,1.00,1.00
2016.01.14 20:36:34.174,1.67643,1.6768,1.00,1.00
2016.01.14 20:36:35.127,1.6763,1.6768,1.00,1.00
2016.01.14 20:36:35.278,1.67633,1.6769,1.12,1.12
2016.01.14 20:36:35.329,1.67633,1.67693,1.12,1.75
2016.01.14 20:36:37.735,1.67636,1.67693,1.00,1.75
2016.01.14 20:36:38.784,1.67639,1.67696,1.00,1.87
2016.01.14 20:36:39.345,1.6764,1.67696,1.00,1.12
2016.01.14 20:36:40.589,1.67639,1.67696,1.00,1.12
2016.01.14 20:36:40.831,1.6764,1.67699,1.50,1.75
2016.01.14 20:36:40.882,1.67644,1.67699,1.00,1.75
2016.01.14 20:36:41.653,1.67645,1.67699,1.00,1.75
2016.01.14 20:36:42.545,1.67646,1.67699,1.00,1.75
2016.01.14 20:36:45.136,1.67645,1.67704,1.00,1.87
2016.01.14 20:36:45.554,1.67654,1.67704,1.00,1.12
2016.01.14 20:36:48.224,1.67653,1.67704,1.00,1.12
2016.01.14 20:36:48.889,1.67654,1.67704,1.00,1.12
2016.01.14 20:36:49.109,1.67645,1.67704,1.00,1.12
2016.01.14 20:36:49.263,1.67654,1.67704,1.00,1.12
2016.01.14 20:36:50.116,1.67646,1.67704,1.00,1.12
2016.01.14 20:36:51.877,1.67643,1.67703,1.00,1.75
2016.01.14 20:36:52.416,1.67644,1.67704,1.00,1.87
2016.01.14 20:36:56.330,1.67644,1.67698,1.00,1.37
2016.01.14 20:36:57.151,1.67634,1.67688,1.12,1.75
2016.01.14 20:36:57.326,1.67619,1.67675,1.00,1.75
2016.01.14 20:36:57.858,1.6762,1.67675,1.00,1.75
2016.01.14 20:36:58.531,1.67615,1.67675,1.00,1.75
2016.01.14 20:36:58.784,1.67628,1.67678,1.00,2.62
2016.01.14 20:36:58.885,1.67627,1.67678,1.00,1.00
2016.01.14 20:36:58.991,1.67634,1.67687,1.00,2.62
2016.01.14 20:37:00.229,1.67625,1.67679,1.00,1.75
2016.01.14 20:37:00.330,1.67618,1.67676,1.00,1.12
2016.01.14 20:37:00.431,1.67614,1.67676,1.00,1.12
2016.01.14 20:37:01.130,1.67619,1.67673,1.00,1.75
2016.01.14 20:37:01.281,1.67623,1.67678,1.37,1.00
2016.01.14 20:37:01.332,1.67624,1.67684,1.12,1.75
2016.01.14 20:37:01.433,1.67628,1.67687,1.00,1.12
2016.01.14 20:37:01.970,1.67634,1.67689,1.00,1.75
2016.01.14 20:37:02.021,1.67634,1.67689,1.00,1.00
2016.01.14 20:37:02.367,1.67634,1.67691,1.00,1.00
2016.01.14 20:37:02.988,1.67634,1.67692,1.00,1.00
2016.01.14 20:37:04.695,1.67634,1.67691,1.50,1.00
2016.01.14 20:37:04.997,1.67634,1.67686,1.00,1.37
2016.01.14 20:37:05.048,1.67628,1.67686,1.00,2.25
2016.01.14 20:37:05.296,1.67623,1.67686,1.37,1.75
2016.01.14 20:37:05.347,1.67623,1.67682,1.00,1.12
2016.01.14 20:37:06.071,1.67624,1.67674,1.00,1.00
2016.01.14 20:37:08.261,1.67619,1.67674,1.00,1.00
2016.01.14 20:37:08.802,1.67618,1.67674,1.00,1.00
2016.01.14 20:37:08.902,1.67622,1.67674,1.00,1.00
2016.01.14 20:37:10.204,1.67623,1.67674,1.00,1.00
2016.01.14 20:37:12.917,1.67622,1.67674,1.00,1.00
2016.01.14 20:37:14.315,1.67623,1.67674,1.00,1.00
2016.01.14 20:37:14.916,1.67622,1.67674,1.00,1.00
2016.01.14 20:37:15.452,1.67623,1.67674,1.00,1.00
2016.01.14 20:37:16.358,1.67622,1.67674,1.00,1.00
2016.01.14 20:37:16.919,1.67623,1.67674,1.00,1.00
2016.01.14 20:37:17.457,1.67622,1.67674,1.00,1.00
2016.01.14 20:37:20.225,1.67621,1.67674,1.00,1.00
2016.01.14 20:37:20.743,1.67621,1.67681,1.00,1.12
2016.01.14 20:37:21.068,1.67628,1.67681,1.00,1.12
2016.01.14 20:37:22.529,1.67627,1.67681,1.00,1.12
2016.01.14 20:37:22.831,1.67632,1.67689,1.00,1.75
2016.01.14 20:37:24.335,1.67631,1.67692,1.00,1.12
2016.01.14 20:37:24.538,1.67638,1.67692,1.00,1.12
2016.01.14 20:37:24.739,1.67644,1.67696,1.00,1.75
2016.01.14 20:37:27.810,1.67643,1.67696,1.00,1.75
2016.01.14 20:37:27.861,1.67643,1.67691,1.00,1.00
2016.01.14 20:37:28.063,1.67631,1.67689,1.00,1.12
2016.01.14 20:37:28.265,1.67625,1.67686,1.50,1.75
2016.01.14 20:37:32.666,1.67631,1.67688,1.00,1.75
2016.01.14 20:37:33.553,1.6763,1.67689,1.00,1.87
2016.01.14 20:37:34.128,1.67631,1.67689,1.00,1.87
2016.01.14 20:37:38.060,1.67627,1.67689,1.00,1.87
2016.01.14 20:37:39.398,1.67628,1.67689,1.00,1.87
2016.01.14 20:37:39.763,1.67634,1.67689,1.00,1.87
2016.01.14 20:37:39.864,1.67634,1.67689,1.50,1.00
2016.01.14 20:37:40.314,1.67634,1.67696,1.50,1.75
2016.01.14 20:37:41.567,1.67639,1.67696,1.00,1.75
2016.01.14 20:37:41.769,1.67634,1.67696,1.50,1.75
2016.01.14 20:37:44.775,1.6764,1.67696,1.00,1.75
2016.01.14 20:37:45.076,1.67643,1.67697,1.00,1.12
2016.01.14 20:37:45.188,1.67639,1.67697,1.00,1.12
2016.01.14 20:37:45.317,1.67644,1.67697,1.00,1.12
2016.01.14 20:37:45.628,1.6764,1.67696,1.00,1.75
2016.01.14 20:37:46.109,1.67634,1.67696,1.50,2.25
2016.01.14 20:37:49.297,1.67634,1.67692,1.87,1.12
2016.01.14 20:37:51.086,1.67633,1.67691,1.00,1.12
2016.01.14 20:37:51.587,1.67634,1.67691,1.00,1.12
2016.01.14 20:37:51.823,1.67638,1.67696,1.00,1.75
2016.01.14 20:37:52.622,1.67634,1.67694,1.50,1.75
2016.01.14 20:37:53.246,1.67634,1.67692,1.37,1.12
2016.01.14 20:37:53.808,1.67634,1.6769,1.00,1.12
2016.01.14 20:37:56.415,1.67633,1.6769,1.00,1.12
2016.01.14 20:37:57.099,1.67634,1.6769,1.00,1.87
2016.01.14 20:37:57.200,1.67634,1.67695,1.37,1.75
2016.01.14 20:37:57.302,1.67644,1.67696,1.00,2.25
2016.01.14 20:37:57.974,1.67643,1.67696,1.00,1.75
2016.01.14 20:37:58.650,1.67638,1.67693,1.00,1.12
2016.01.14 20:37:58.700,1.67634,1.6769,1.00,1.87
2016.01.14 20:37:58.903,1.67631,1.6769,1.00,1.12
2016.01.14 20:37:59.801,1.6763,1.6769,1.00,1.12
2016.01.14 20:38:01.710,1.67637,1.6769,1.00,1.12
2016.01.14 20:38:01.933,1.67642,1.67695,1.00,1.87
2016.01.14 20:38:01.984,1.67643,1.67693,1.00,1.00
2016.01.14 20:38:02.035,1.67643,1.67702,1.50,1.87
2016.01.14 20:38:02.287,1.67653,1.67702,1.00,1.87
2016.01.14 20:38:07.565,1.67654,1.67702,1.00,1.87
2016.01.14 20:38:07.666,1.67646,1.67702,1.00,1.87
2016.01.14 20:38:07.736,1.67654,1.67702,1.00,1.87
2016.01.14 20:38:08.839,1.67653,1.67702,1.00,1.87
2016.01.14 20:38:09.357,1.67654,1.67702,1.00,1.12
2016.01.14 20:38:09.870,1.67653,1.67702,1.00,1.12
2016.01.14 20:38:10.249,1.67658,1.6771,1.37,1.37
2016.01.14 20:38:10.350,1.6767,1.67719,1.00,1.00
2016.01.14 20:38:10.451,1.67679,1.67719,1.00,1.00
2016.01.14 20:38:10.603,1.67684,1.67736,1.00,1.75
2016.01.14 20:38:10.838,1.67679,1.67739,1.00,1.12
2016.01.14 20:38:10.947,1.67684,1.67733,1.00,1.12
2016.01.14 20:38:11.477,1.67679,1.67735,1.00,1.50
2016.01.14 20:38:12.203,1.67678,1.67735,1.00,1.50
2016.01.14 20:38:12.687,1.67684,1.67739,1.00,1.12
2016.01.14 20:38:12.788,1.67684,1.6774,1.12,1.00
2016.01.14 20:38:12.956,1.67683,1.6774,1.12,1.75
2016.01.14 20:38:13.810,1.67684,1.67731,1.00,1.00
2016.01.14 20:38:15.364,1.67678,1.67731,1.00,1.00
2016.01.14 20:38:15.566,1.67684,1.67731,1.00,1.00
2016.01.14 20:38:17.507,1.67684,1.67727,1.00,1.00
2016.01.14 20:38:17.557,1.67673,1.67727,1.50,1.00
2016.01.14 20:38:17.666,1.67673,1.67726,1.12,1.75
2016.01.14 20:38:17.868,1.67664,1.67714,1.00,1.00
2016.01.14 20:38:17.973,1.67664,1.67714,1.00,1.37
2016.01.14 20:38:18.525,1.67663,1.67709,1.00,1.00
2016.01.14 20:38:19.067,1.6766,1.67709,1.00,1.00
2016.01.14 20:38:19.782,1.67654,1.67709,1.00,1.12
2016.01.14 20:38:19.883,1.67649,1.67707,1.00,1.12
2016.01.14 20:38:20.432,1.6765,1.67707,1.00,1.12
2016.01.14 20:38:21.127,1.67649,1.67707,1.00,1.12
2016.01.14 20:38:22.093,1.6765,1.67707,1.00,1.87
2016.01.14 20:38:22.595,1.67649,1.67707,1.00,1.12
2016.01.14 20:38:22.806,1.67653,1.67707,1.00,1.12
2016.01.14 20:38:23.298,1.67648,1.677,1.00,1.12
2016.01.14 20:38:23.349,1.67644,1.677,1.00,1.12
2016.01.14 20:38:23.450,1.67641,1.67699,1.00,1.75
2016.01.14 20:38:23.552,1.67637,1.67699,1.12,1.75
2016.01.14 20:38:24.766,1.67638,1.67693,1.00,1.12
2016.01.14 20:38:25.451,1.67637,1.67693,1.12,1.12
2016.01.14 20:38:26.272,1.67638,1.67696,1.00,1.75
2016.01.14 20:38:27.427,1.67637,1.67696,1.12,1.75
2016.01.14 20:38:28.267,1.67638,1.67696,1.00,1.75
2016.01.14 20:38:28.558,1.67648,1.677,1.00,1.12
2016.01.14 20:38:28.609,1.67648,1.67701,1.00,1.00
2016.01.14 20:38:28.768,1.67654,1.67701,1.00,1.00
2016.01.14 20:38:30.863,1.67653,1.67701,1.00,1.00
2016.01.14 20:38:30.964,1.67648,1.67701,1.00,1.00
2016.01.14 20:38:31.166,1.67655,1.67701,1.00,1.00
2016.01.14 20:38:31.216,1.67655,1.67706,1.00,1.00
2016.01.14 20:38:31.419,1.67664,1.67705,1.00,1.00
2016.01.14 20:38:31.508,1.67664,1.67713,1.00,1.87
2016.01.14 20:38:32.910,1.67664,1.67718,1.00,1.50
2016.01.14 20:38:34.673,1.67666,1.67718,1.00,1.50
2016.01.14 20:38:35.696,1.67665,1.67723,1.00,1.75
2016.01.14 20:38:36.107,1.67665,1.67724,1.37,1.50
2016.01.14 20:38:36.157,1.67665,1.67724,1.75,1.12
2016.01.14 20:38:36.208,1.67671,1.67725,1.00,1.50
2016.01.14 20:38:36.572,1.67673,1.67727,1.00,1.75
2016.01.14 20:38:38.337,1.67674,1.67729,1.00,2.25
2016.01.14 20:38:42.593,1.67684,1.6773,1.00,1.12
2016.01.14 20:38:42.745,1.67684,1.67733,1.00,1.50
2016.01.14 20:38:43.722,1.67683,1.6774,1.87,1.37
2016.01.14 20:38:43.773,1.67683,1.67743,2.25,1.75
2016.01.14 20:38:44.599,1.6769,1.67743,1.00,1.75
2016.01.14 20:38:45.697,1.67694,1.67745,1.00,1.75
2016.01.14 20:38:46.482,1.6769,1.67747,1.00,1.87
2016.01.14 20:38:47.027,1.6769,1.67747,1.37,1.37
2016.01.14 20:38:47.078,1.6769,1.6775,1.37,2.25
2016.01.14 20:38:47.128,1.67698,1.67752,1.00,1.75
2016.01.14 20:38:47.448,1.67705,1.67752,1.00,1.00
2016.01.14 20:38:47.759,1.67707,1.67752,1.00,1.00
2016.01.14 20:38:48.138,1.67707,1.67757,1.00,1.00
2016.01.14 20:38:48.189,1.67707,1.67762,1.00,1.50
2016.01.14 20:38:49.006,1.67703,1.67761,1.50,1.12
2016.01.14 20:38:49.056,1.67703,1.67756,1.00,1.75
2016.01.14 20:38:49.778,1.67701,1.67756,1.00,1.75
2016.01.14 20:38:50.114,1.67696,1.67753,1.00,1.50
2016.01.14 20:38:52.018,1.67695,1.67753,1.00,1.50
2016.01.14 20:38:52.204,1.67695,1.67749,1.00,1.12
2016.01.14 20:38:52.708,1.67696,1.67749,1.00,1.12
2016.01.14 20:38:53.220,1.67695,1.67749,1.00,1.12
2016.01.14 20:38:53.727,1.677,1.67749,1.00,1.12
2016.01.14 20:38:53.778,1.677,1.67753,1.00,1.50
2016.01.14 20:38:53.829,1.67704,1.67753,1.00,1.50
2016.01.14 20:38:56.551,1.67706,1.67757,1.00,1.12
2016.01.14 20:38:58.467,1.67705,1.67757,1.00,1.12
2016.01.14 20:38:58.568,1.677,1.67756,1.00,1.75
2016.01.14 20:38:59.727,1.67701,1.67756,1.00,1.75
2016.01.14 20:39:00.558,1.677,1.67753,1.00,1.50
2016.01.14 20:39:01.641,1.67696,1.67757,1.00,1.87
2016.01.14 20:39:01.847,1.67688,1.67744,1.12,1.00
2016.01.14 20:39:02.049,1.67674,1.67728,1.50,1.00
2016.01.14 20:39:02.847,1.67673,1.67728,1.50,1.00
2016.01.14 20:39:03.447,1.67674,1.67728,1.00,1.00
2016.01.14 20:39:03.997,1.67673,1.67728,1.00,1.00
2016.01.14 20:39:04.504,1.67674,1.67727,1.00,1.00
2016.01.14 20:39:04.607,1.6767,1.67727,1.00,1.00
2016.01.14 20:39:05.158,1.6767,1.67723,1.00,1.00
2016.01.14 20:39:05.298,1.67663,1.6772,1.00,2.25
2016.01.14 20:39:06.385,1.67664,1.6772,1.00,1.75
2016.01.14 20:39:06.909,1.67664,1.67718,1.00,1.12
2016.01.14 20:39:08.769,1.67664,1.6772,1.00,1.50
2016.01.14 20:39:08.921,1.67673,1.67724,1.00,1.12
2016.01.14 20:39:09.160,1.67665,1.67724,1.00,1.12
2016.01.14 20:39:09.261,1.67674,1.67724,1.00,1.12
2016.01.14 20:39:11.646,1.67665,1.67724,1.00,1.12
2016.01.14 20:39:13.667,1.67664,1.67723,1.00,1.75
2016.01.14 20:39:13.768,1.67657,1.67719,1.75,1.87
2016.01.14 20:39:13.819,1.67653,1.67705,1.00,1.00
2016.01.14 20:39:14.129,1.67653,1.67699,1.00,1.00
2016.01.14 20:39:14.693,1.67654,1.67699,1.00,1.00
2016.01.14 20:39:15.358,1.67653,1.67699,1.00,1.00
2016.01.14 20:39:15.672,1.67655,1.67699,1.00,1.00
2016.01.14 20:39:16.201,1.67655,1.67705,1.00,1.50
2016.01.14 20:39:16.734,1.67654,1.67708,1.00,1.75
2016.01.14 20:39:17.375,1.67655,1.67708,1.00,1.75
2016.01.14 20:39:18.159,1.67654,1.67708,1.00,1.75
2016.01.14 20:39:18.730,1.67654,1.67704,1.00,1.12
2016.01.14 20:39:20.232,1.67653,1.67703,1.00,1.75
2016.01.14 20:39:22.732,1.67653,1.67703,1.00,1.00
2016.01.14 20:39:22.833,1.67654,1.67709,1.00,1.75
2016.01.14 20:39:23.787,1.67655,1.67709,1.00,1.75
2016.01.14 20:39:23.989,1.67664,1.67709,1.00,1.75
2016.01.14 20:39:24.640,1.67663,1.67709,1.00,1.75
2016.01.14 20:39:24.741,1.67664,1.67709,1.00,1.00
2016.01.14 20:39:24.890,1.67674,1.67709,1.00,1.00
2016.01.14 20:39:24.996,1.67663,1.67709,1.00,1.00
2016.01.14 20:39:25.207,1.67663,1.6772,1.00,1.87
2016.01.14 20:39:29.597,1.67664,1.6772,1.00,1.12
2016.01.14 20:39:35.296,1.67663,1.67716,1.00,1.75
2016.01.14 20:39:35.529,1.67663,1.67712,1.00,1.00
2016.01.14 20:39:37.075,1.67659,1.67712,1.00,1.00
2016.01.14 20:39:37.126,1.67654,1.67712,1.00,1.75
2016.01.14 20:39:37.428,1.67646,1.677,1.00,1.12
2016.01.14 20:39:37.668,1.6764,1.677,1.00,1.12
2016.01.14 20:39:38.212,1.67639,1.67695,1.00,1.75
2016.01.14 20:39:38.858,1.67634,1.67693,1.00,1.12
2016.01.14 20:39:39.405,1.67635,1.67685,1.00,1.00
2016.01.14 20:39:39.816,1.6764,1.67691,1.00,1.75
2016.01.14 20:39:40.224,1.6764,1.67696,1.00,1.75
2016.01.14 20:39:40.815,1.6764,1.67689,1.00,1.00
2016.01.14 20:39:40.985,1.6764,1.67693,1.00,1.00
2016.01.14 20:39:41.434,1.6764,1.67691,1.00,1.00
2016.01.14 20:39:41.764,1.6764,1.67686,1.00,1.00
2016.01.14 20:39:42.372,1.6764,1.67687,1.00,1.00
2016.01.14 20:39:42.752,1.6764,1.67695,1.00,1.37
2016.01.14 20:39:43.295,1.67639,1.67697,1.00,2.25
2016.01.14 20:39:43.725,1.67646,1.67699,1.00,1.75
2016.01.14 20:39:43.931,1.67651,1.67701,1.00,1.12
2016.01.14 20:39:49.134,1.6765,1.67707,1.00,1.12
2016.01.14 20:39:49.647,1.67651,1.67707,1.00,1.12
2016.01.14 20:39:50.737,1.6765,1.67706,1.00,1.75
2016.01.14 20:39:51.338,1.67651,1.67706,1.00,1.75
2016.01.14 20:39:52.156,1.6765,1.67706,1.00,1.75
2016.01.14 20:39:52.576,1.67646,1.67706,1.00,1.75
2016.01.14 20:39:52.778,1.67651,1.67706,1.00,3.00
2016.01.14 20:39:53.361,1.6765,1.67706,1.00,2.25
2016.01.14 20:39:54.067,1.67651,1.67706,1.00,1.75
2016.01.14 20:39:56.274,1.6765,1.67707,1.00,1.12
2016.01.14 20:39:56.950,1.67651,1.67707,1.00,1.12
2016.01.14 20:39:57.987,1.67649,1.67706,1.00,1.75
2016.01.14 20:39:58.515,1.6765,1.67707,1.00,2.62
2016.01.14 20:39:58.566,1.67644,1.67706,1.12,1.75
2016.01.14 20:39:59.116,1.67645,1.67707,1.12,1.75
2016.01.14 20:39:59.268,1.6765,1.67706,1.00,1.75
2016.01.14 20:40:01.586,1.67649,1.67708,1.00,1.87
2016.01.14 20:40:02.161,1.6765,1.67708,1.00,1.87
2016.01.14 20:40:02.971,1.67656,1.67708,1.00,1.87
2016.01.14 20:40:03.195,1.67661,1.67713,1.00,1.75
2016.01.14 20:40:03.681,1.67665,1.67717,1.00,1.12
2016.01.14 20:40:03.732,1.67665,1.67716,1.00,1.00
2016.01.14 20:40:04.299,1.67669,1.67716,1.00,1.00
2016.01.14 20:40:04.551,1.6767,1.67726,1.00,1.75
2016.01.14 20:40:05.475,1.67669,1.67726,1.00,1.75
2016.01.14 20:40:05.991,1.6767,1.67726,1.00,1.75
2016.01.14 20:40:06.778,1.67666,1.67726,1.00,1.75
2016.01.14 20:40:07.698,1.67665,1.67726,1.00,1.75
2016.01.14 20:40:08.381,1.6767,1.67726,1.00,1.75
2016.01.14 20:40:09.083,1.67671,1.67726,1.00,1.75
2016.01.14 20:40:09.606,1.6767,1.67726,1.00,1.75
2016.01.14 20:40:10.129,1.67671,1.67726,1.00,1.75
2016.01.14 20:40:11.487,1.6767,1.67726,1.00,1.75
2016.01.14 20:40:13.390,1.67671,1.67726,1.00,2.25
2016.01.14 20:40:13.826,1.67667,1.67726,1.00,2.25
2016.01.14 20:40:14.693,1.67666,1.67726,1.00,1.75
2016.01.14 20:40:15.036,1.67666,1.67724,1.00,1.12
2016.01.14 20:40:15.648,1.67667,1.67722,1.00,1.12
2016.01.14 20:40:15.799,1.67663,1.67722,1.00,1.12
2016.01.14 20:40:16.325,1.67662,1.6772,1.00,1.75
2016.01.14 20:40:17.663,1.67663,1.6772,1.00,1.75
2016.01.14 20:40:18.647,1.67662,1.6772,1.00,1.75
2016.01.14 20:40:20.965,1.67663,1.67722,1.00,1.12
2016.01.14 20:40:21.016,1.67665,1.67722,1.00,1.12
2016.01.14 20:40:21.614,1.67666,1.67722,1.00,1.12
2016.01.14 20:40:21.819,1.6766,1.67722,1.00,1.12
2016.01.14 20:40:22.736,1.67661,1.6772,1.00,1.75
2016.01.14 20:40:24.656,1.6766,1.6772,1.00,1.75
2016.01.14 20:40:24.858,1.67665,1.67722,1.00,1.87
2016.01.14 20:40:25.547,1.67666,1.67722,1.00,1.87
2016.01.14 20:40:27.180,1.67666,1.67713,1.00,1.12
2016.01.14 20:40:27.230,1.67655,1.67713,1.00,1.12
2016.01.14 20:40:27.737,1.6765,1.67713,1.00,1.12
2016.01.14 20:40:28.306,1.67651,1.67712,1.00,1.75
2016.01.14 20:40:28.831,1.67649,1.67706,1.12,1.00
2016.01.14 20:40:28.882,1.67649,1.67705,1.00,1.12
2016.01.14 20:40:29.182,1.67649,1.67706,2.25,1.12
2016.01.14 20:40:29.461,1.67655,1.67709,1.00,1.75
2016.01.14 20:40:30.001,1.67654,1.67707,1.00,1.50
2016.01.14 20:40:30.521,1.67649,1.67706,1.50,1.12
2016.01.14 20:40:31.470,1.67649,1.67706,1.12,1.75
2016.01.14 20:40:33.527,1.6765,1.67705,1.00,1.12
2016.01.14 20:40:34.429,1.67649,1.67705,1.00,1.12
2016.01.14 20:40:34.748,1.67645,1.67705,1.00,1.12
2016.01.14 20:40:36.333,1.67644,1.67704,1.00,1.75
2016.01.14 20:40:36.753,1.67644,1.677,1.00,1.12
2016.01.14 20:40:36.854,1.67641,1.67692,1.00,1.00
2016.01.14 20:40:37.535,1.6764,1.67692,1.00,1.00
2016.01.14 20:40:38.037,1.67644,1.67692,1.00,1.00
2016.01.14 20:40:39.438,1.67645,1.67692,1.00,1.00
2016.01.14 20:40:40.154,1.67644,1.67692,1.00,1.00
2016.01.14 20:40:40.673,1.67645,1.67692,1.00,1.00
2016.01.14 20:40:40.942,1.67645,1.67704,1.00,2.25
2016.01.14 20:40:41.493,1.67644,1.67704,1.00,1.75
2016.01.14 20:40:42.544,1.67645,1.67704,1.00,2.25
2016.01.14 20:40:43.047,1.67646,1.67704,1.00,1.75
2016.01.14 20:40:43.986,1.67645,1.67704,1.00,1.75
2016.01.14 20:40:44.550,1.67646,1.67704,1.00,1.75
2016.01.14 20:40:44.999,1.67646,1.67704,1.37,1.37
2016.01.14 20:40:45.049,1.6765,1.67705,1.00,1.00
2016.01.14 20:40:45.575,1.6765,1.67706,1.00,1.00
2016.01.14 20:40:46.867,1.6765,1.67706,1.00,1.75
2016.01.14 20:40:48.007,1.6765,1.67707,1.00,1.75
2016.01.14 20:40:48.058,1.67656,1.67707,1.00,1.75
2016.01.14 20:40:48.209,1.67656,1.67713,1.00,1.50
2016.01.14 20:40:48.310,1.67656,1.67716,1.75,1.00
2016.01.14 20:40:48.595,1.67667,1.67725,1.50,1.00
2016.01.14 20:40:48.697,1.67673,1.67728,1.37,1.37
2016.01.14 20:40:48.748,1.67674,1.67733,1.00,2.25
2016.01.14 20:40:49.059,1.67679,1.67733,1.00,1.00
2016.01.14 20:40:49.311,1.67679,1.6774,1.75,1.75
2016.01.14 20:40:51.013,1.67679,1.67737,1.75,1.00
2016.01.14 20:40:51.606,1.67683,1.67737,1.00,1.00
2016.01.14 20:40:53.275,1.67682,1.67737,1.12,1.00
2016.01.14 20:40:53.803,1.67682,1.67742,1.12,1.75
2016.01.14 20:40:55.270,1.67683,1.67742,1.00,1.75
2016.01.14 20:40:56.196,1.67682,1.67742,1.12,1.75
2016.01.14 20:40:56.837,1.67683,1.67742,1.00,1.75
2016.01.14 20:40:58.286,1.6768,1.67743,1.75,1.75
2016.01.14 20:40:58.586,1.6768,1.67736,1.75,1.00
2016.01.14 20:40:59.232,1.6768,1.67739,1.75,1.50
2016.01.14 20:40:59.481,1.67679,1.67735,1.75,1.00
2016.01.14 20:40:59.742,1.6768,1.67738,1.75,1.87
2016.01.14 20:41:00.538,1.67685,1.67738,1.00,1.87
2016.01.14 20:41:01.094,1.67686,1.67742,1.00,2.25
2016.01.14 20:41:01.418,1.67691,1.67742,1.00,1.00
2016.01.14 20:41:01.469,1.67691,1.67747,1.00,1.00
2016.01.14 20:41:02.011,1.67691,1.67752,1.00,1.75
2016.01.14 20:41:02.597,1.6769,1.67752,1.12,1.75
2016.01.14 20:41:03.405,1.67694,1.67752,1.00,1.75
2016.01.14 20:41:03.550,1.6769,1.67752,1.12,1.75
2016.01.14 20:41:04.141,1.67691,1.67752,1.00,1.75
2016.01.14 20:41:06.306,1.67694,1.67752,1.00,2.25
2016.01.14 20:41:06.652,1.67694,1.67752,2.25,1.00
2016.01.14 20:41:11.133,1.67705,1.67752,1.00,1.00
2016.01.14 20:41:11.183,1.67705,1.67758,1.00,2.25
2016.01.14 20:41:11.234,1.67709,1.67758,1.12,1.37
2016.01.14 20:41:11.285,1.67709,1.67758,1.12,1.00
2016.01.14 20:41:11.437,1.67709,1.67758,1.75,1.00
2016.01.14 20:41:11.488,1.6771,1.67767,1.12,1.00
2016.01.14 20:41:11.589,1.67714,1.67774,1.75,1.87
2016.01.14 20:41:11.915,1.67714,1.67767,1.75,1.00
2016.01.14 20:41:12.234,1.67714,1.67771,1.75,1.00
2016.01.14 20:41:12.335,1.67709,1.67774,1.37,3.00
2016.01.14 20:41:12.386,1.67709,1.67773,1.00,1.12
2016.01.14 20:41:13.224,1.67719,1.67774,1.12,1.50
2016.01.14 20:41:13.325,1.67719,1.67774,1.12,1.00
2016.01.14 20:41:13.446,1.67719,1.6778,1.12,1.75
2016.01.14 20:41:14.027,1.6772,1.6778,1.00,1.75
2016.01.14 20:41:17.145,1.67719,1.67779,1.12,1.50
2016.01.14 20:41:18.173,1.6772,1.67779,1.00,1.50
2016.01.14 20:41:18.374,1.67723,1.67779,1.00,1.50
2016.01.14 20:41:18.915,1.67722,1.67779,1.00,1.50
2016.01.14 20:41:19.223,1.67723,1.67775,1.00,1.00
2016.01.14 20:41:19.273,1.67716,1.67775,1.75,1.00
2016.01.14 20:41:20.974,1.67716,1.67777,1.75,1.00
2016.01.14 20:41:21.876,1.67721,1.67777,1.00,1.00
2016.01.14 20:41:22.506,1.67721,1.6778,1.00,1.75
2016.01.14 20:41:22.557,1.67715,1.67779,1.75,1.50
2016.01.14 20:41:22.658,1.67712,1.67776,1.50,2.25
2016.01.14 20:41:22.708,1.67711,1.67774,1.00,1.12
2016.01.14 20:41:22.759,1.67705,1.67762,1.37,1.37
2016.01.14 20:41:22.810,1.67705,1.67762,1.00,1.75
2016.01.14 20:41:22.911,1.677,1.67762,1.75,1.75
2016.01.14 20:41:24.289,1.67705,1.67761,1.00,1.75
2016.01.14 20:41:24.817,1.67706,1.67761,1.00,1.75
2016.01.14 20:41:25.192,1.67711,1.67769,1.37,1.75
2016.01.14 20:41:25.243,1.67717,1.67769,1.00,1.00
2016.01.14 20:41:25.294,1.67717,1.67775,1.00,1.75
2016.01.14 20:41:25.345,1.67722,1.67775,1.00,1.75
2016.01.14 20:41:25.395,1.67722,1.67777,1.37,1.37
2016.01.14 20:41:25.446,1.67725,1.67781,1.00,1.50
2016.01.14 20:41:25.619,1.67725,1.67786,1.50,1.50
2016.01.14 20:41:25.757,1.67727,1.67786,1.12,1.00
2016.01.14 20:41:26.873,1.67727,1.67787,1.12,1.00
2016.01.14 20:41:27.495,1.67727,1.67786,1.12,1.00
2016.01.14 20:41:32.554,1.6773,1.67787,1.75,1.00
2016.01.14 20:41:34.296,1.6773,1.67789,1.75,1.00
2016.01.14 20:41:34.448,1.67735,1.67792,1.37,1.37
2016.01.14 20:41:34.499,1.67735,1.67792,1.75,1.00
2016.01.14 20:41:38.373,1.67731,1.67789,1.00,1.00
2016.01.14 20:41:39.163,1.67731,1.6779,1.00,1.00
2016.01.14 20:41:39.314,1.67734,1.6779,1.00,1.00
2016.01.14 20:41:39.823,1.67735,1.6779,1.00,1.00
2016.01.14 20:41:40.600,1.67734,1.6779,1.00,1.00
2016.01.14 20:41:41.244,1.67735,1.6779,1.00,1.00
2016.01.14 20:41:42.016,1.67734,1.6779,1.00,1.00
2016.01.14 20:41:42.577,1.6774,1.6779,1.00,1.00
2016.01.14 20:41:42.729,1.6774,1.67798,1.00,1.12
2016.01.14 20:41:42.779,1.67746,1.67803,1.50,1.00
2016.01.14 20:41:43.377,1.67746,1.67804,1.50,1.00
2016.01.14 20:41:44.269,1.67746,1.67803,1.50,1.00
2016.01.14 20:41:49.702,1.67746,1.67798,1.00,1.00
2016.01.14 20:41:54.414,1.67746,1.67803,1.00,1.00
2016.01.14 20:41:56.003,1.67746,1.67804,1.00,1.00
2016.01.14 20:41:59.294,1.67744,1.67805,1.75,1.87
2016.01.14 20:41:59.345,1.67744,1.67805,2.25,1.50
2016.01.14 20:42:01.582,1.67744,1.67809,2.25,1.75
2016.01.14 20:42:02.237,1.6775,1.67805,1.00,1.00
2016.01.14 20:42:02.584,1.67763,1.67817,1.75,1.00
2016.01.14 20:42:02.635,1.67763,1.67821,1.75,1.00
2016.01.14 20:42:02.686,1.67763,1.67827,1.75,1.75
2016.01.14 20:42:13.159,1.6777,1.67835,1.75,1.12
2016.01.14 20:42:13.263,1.67772,1.67837,1.12,1.50
2016.01.14 20:42:17.844,1.67774,1.67834,1.75,1.00
2016.01.14 20:42:20.813,1.67772,1.67835,1.12,1.12
2016.01.14 20:42:23.908,1.67772,1.67832,1.12,1.00
2016.01.14 20:42:24.114,1.67765,1.67826,1.12,1.00
2016.01.14 20:42:24.715,1.67765,1.67827,1.12,1.00
2016.01.14 20:42:25.293,1.67765,1.67826,1.12,1.00
2016.01.14 20:42:25.468,1.67765,1.67828,1.12,1.12
2016.01.14 20:42:30.823,1.67765,1.67826,1.12,1.00
2016.01.14 20:42:31.828,1.67768,1.6783,1.75,1.75
2016.01.14 20:42:31.929,1.6777,1.67832,1.12,1.00
2016.01.14 20:42:32.343,1.6777,1.6783,1.12,1.00
2016.01.14 20:42:34.123,1.6777,1.67832,1.12,1.50
2016.01.14 20:42:37.144,1.67768,1.67829,1.50,1.50
2016.01.14 20:42:37.469,1.67764,1.67823,1.12,1.00
2016.01.14 20:42:37.644,1.67764,1.67826,1.12,1.00
2016.01.14 20:42:37.924,1.67762,1.67824,1.37,1.37
2016.01.14 20:42:37.975,1.67759,1.67821,1.75,1.75
2016.01.14 20:42:38.767,1.67763,1.67825,1.12,1.00
2016.01.14 20:42:39.369,1.67764,1.67826,1.75,1.00
2016.01.14 20:42:39.921,1.67764,1.67827,1.75,1.00
2016.01.14 20:42:41.204,1.67769,1.67833,1.12,1.75
2016.01.14 20:42:41.726,1.67769,1.67833,1.75,1.37
2016.01.14 20:42:41.776,1.67777,1.67833,1.00,1.00
2016.01.14 20:42:44.136,1.67777,1.67834,1.00,1.00
2016.01.14 20:42:45.343,1.67777,1.67835,1.00,1.00
2016.01.14 20:42:47.873,1.67777,1.67834,1.00,1.00
2016.01.14 20:42:49.977,1.67777,1.67836,1.00,2.25
2016.01.14 20:42:50.668,1.67777,1.67826,1.00,1.00
2016.01.14 20:42:50.769,1.67775,1.67826,1.00,1.00
2016.01.14 20:42:50.820,1.6777,1.67826,1.12,1.00
2016.01.14 20:42:51.360,1.67769,1.67831,1.50,1.75
2016.01.14 20:42:57.206,1.67771,1.67832,1.12,1.00
2016.01.14 20:42:57.881,1.67781,1.67832,1.12,1.00
2016.01.14 20:42:58.032,1.67781,1.67841,1.12,1.00
2016.01.14 20:42:58.184,1.67779,1.67842,1.87,1.75
2016.01.14 20:42:58.991,1.67775,1.67836,1.75,1.50
2016.01.14 20:42:59.538,1.67776,1.67842,1.75,1.75
2016.01.14 20:43:04.436,1.67776,1.67836,1.75,1.00
2016.01.14 20:43:04.487,1.67772,1.67833,1.87,1.00
2016.01.14 20:43:04.588,1.67772,1.67833,1.00,1.75
2016.01.14 20:43:05.751,1.67771,1.67834,1.12,1.87
2016.01.14 20:43:11.975,1.67772,1.67834,1.00,1.12
2016.01.14 20:43:12.126,1.67774,1.67834,1.00,1.12
2016.01.14 20:43:12.912,1.67768,1.67833,1.75,1.75
2016.01.14 20:43:18.031,1.67765,1.67825,1.12,1.00
2016.01.14 20:43:18.568,1.67765,1.67826,1.12,1.00
2016.01.14 20:43:19.582,1.67765,1.67827,1.12,1.00
2016.01.14 20:43:19.954,1.67769,1.67827,1.12,1.00
2016.01.14 20:43:20.872,1.67769,1.67825,1.12,1.00
2016.01.14 20:43:21.884,1.67769,1.67828,1.12,1.00
2016.01.14 20:43:22.690,1.67769,1.67827,1.12,1.00
2016.01.14 20:43:22.741,1.67764,1.67827,1.75,1.75
2016.01.14 20:43:22.893,1.67761,1.67816,1.12,1.00
2016.01.14 20:43:23.145,1.67761,1.67823,1.12,1.12
2016.01.14 20:43:29.381,1.67767,1.67831,1.75,1.87
2016.01.14 20:43:29.431,1.67768,1.67831,1.12,1.12
2016.01.14 20:43:30.002,1.67768,1.6783,1.12,1.00
2016.01.14 20:43:30.584,1.67768,1.67833,1.12,1.50
2016.01.14 20:43:32.898,1.67768,1.67828,1.12,1.00
2016.01.14 20:43:34.109,1.67768,1.67831,1.12,1.12
2016.01.14 20:43:35.471,1.67766,1.67831,1.12,1.37
2016.01.14 20:43:35.525,1.67767,1.67825,1.00,1.00
2016.01.14 20:43:36.472,1.67764,1.67825,1.37,1.12
2016.01.14 20:43:36.574,1.67763,1.6782,1.00,1.75
2016.01.14 20:43:36.624,1.67763,1.67815,1.00,1.00
2016.01.14 20:43:36.927,1.67754,1.67809,1.00,1.12
2016.01.14 20:43:36.978,1.67747,1.67809,1.12,1.12
2016.01.14 20:43:45.100,1.67747,1.67812,3.00,1.12
2016.01.14 20:43:45.201,1.6775,1.67815,1.12,1.75
2016.01.14 20:43:46.226,1.67755,1.67819,1.12,1.37
2016.01.14 20:43:46.276,1.67759,1.67819,1.12,1.00
2016.01.14 20:43:46.428,1.67759,1.67822,1.12,1.00
2016.01.14 20:43:47.513,1.67762,1.67826,1.75,2.25
2016.01.14 20:44:00.324,1.67761,1.67823,1.75,1.00
2016.01.14 20:44:01.366,1.6776,1.67823,1.87,1.00
2016.01.14 20:44:01.630,1.67766,1.67823,1.12,1.00
2016.01.14 20:44:05.977,1.67774,1.67826,1.00,1.00
2016.01.14 20:44:11.472,1.67774,1.67829,1.00,1.00
2016.01.14 20:44:12.403,1.67774,1.67827,1.00,1.00
2016.01.14 20:44:12.905,1.67774,1.67826,1.00,1.00
2016.01.14 20:44:14.924,1.67774,1.67829,1.00,1.00
2016.01.14 20:44:15.664,1.67774,1.67826,1.00,1.00
2016.01.14 20:44:17.349,1.67766,1.67826,1.12,1.00
2016.01.14 20:44:18.734,1.67766,1.6782,1.12,1.00
2016.01.14 20:44:24.341,1.67766,1.67822,1.12,1.00
2016.01.14 20:44:27.566,1.67766,1.67827,1.12,1.00
2016.01.14 20:44:31.308,1.67766,1.67826,1.12,1.00
2016.01.14 20:44:31.409,1.67765,1.67825,1.37,1.37
2016.01.14 20:44:31.499,1.67763,1.67825,1.75,1.75
2016.01.14 20:44:43.434,1.67758,1.67818,1.12,1.00
2016.01.14 20:44:43.616,1.67758,1.67821,1.12,1.00
2016.01.14 20:44:43.667,1.67754,1.67817,2.25,1.75
2016.01.14 20:44:55.470,1.67752,1.67814,1.12,1.00
2016.01.14 20:45:00.372,1.67757,1.67814,1.12,1.00
2016.01.14 20:45:00.423,1.67757,1.67816,1.12,1.00
2016.01.14 20:45:00.931,1.67757,1.67819,1.12,1.50
2016.01.14 20:45:01.574,1.67765,1.67825,1.12,1.00
2016.01.14 20:45:04.199,1.67765,1.67824,1.12,1.00
2016.01.14 20:45:07.915,1.67765,1.67819,1.12,1.00
2016.01.14 20:45:10.211,1.67765,1.67821,1.12,1.00
2016.01.14 20:45:16.492,1.67765,1.67823,1.12,1.00
2016.01.14 20:45:17.284,1.67768,1.67823,1.12,1.00
2016.01.14 20:45:29.685,1.6777,1.67824,1.75,1.00
2016.01.14 20:45:29.937,1.67768,1.67826,1.12,1.00
2016.01.14 20:45:30.416,1.67768,1.67822,1.12,1.00
2016.01.14 20:45:31.111,1.67768,1.67826,1.87,1.00
2016.01.14 20:45:36.022,1.6777,1.67826,1.12,1.00
2016.01.14 20:45:36.570,1.6777,1.67825,1.12,1.00
2016.01.14 20:45:43.177,1.67786,1.67825,1.00,1.00
2016.01.14 20:45:43.328,1.67786,1.67829,1.00,1.00
2016.01.14 20:45:43.576,1.67786,1.67832,1.00,1.00
2016.01.14 20:45:44.318,1.67774,1.67828,1.75,1.00
2016.01.14 20:45:44.419,1.67774,1.67826,1.75,1.00
2016.01.14 20:45:44.654,1.67774,1.67826,1.00,1.00
2016.01.14 20:45:44.705,1.6777,1.67826,1.00,1.00
2016.01.14 20:45:44.755,1.6777,1.67822,1.00,1.00
2016.01.14 20:45:44.906,1.6777,1.67827,1.00,1.00
2016.01.14 20:45:45.332,1.6777,1.67825,1.00,1.00
2016.01.14 20:45:46.024,1.6777,1.67823,1.00,1.00
2016.01.14 20:45:48.823,1.67773,1.67829,1.00,1.00
2016.01.14 20:45:48.874,1.67774,1.67833,1.12,1.00
2016.01.14 20:45:50.148,1.67774,1.67836,1.87,1.00
2016.01.14 20:45:51.570,1.67775,1.67834,1.75,1.00
2016.01.14 20:45:56.740,1.67774,1.67835,1.87,1.50
2016.01.14 20:46:01.920,1.67774,1.67834,1.12,1.00
2016.01.14 20:46:08.011,1.67776,1.67834,1.12,1.00
2016.01.14 20:46:08.742,1.67777,1.67836,1.75,1.00
2016.01.14 20:46:08.796,1.67782,1.67836,1.12,1.00
2016.01.14 20:46:09.100,1.67784,1.67837,1.12,1.00
2016.01.14 20:46:09.251,1.67784,1.67842,1.12,1.00
2016.01.14 20:46:10.417,1.67778,1.67842,1.87,1.37
2016.01.14 20:46:10.518,1.67778,1.67838,1.12,1.00
2016.01.14 20:46:10.841,1.67778,1.67836,1.12,1.00
2016.01.14 20:46:12.252,1.67776,1.67834,1.00,1.00
2016.01.14 20:46:12.371,1.67776,1.6783,1.00,1.00
2016.01.14 20:46:12.826,1.67769,1.67817,1.00,1.00
2016.01.14 20:46:12.930,1.67767,1.67816,1.00,1.00
2016.01.14 20:46:13.031,1.67767,1.67809,1.00,1.00
2016.01.14 20:46:13.132,1.67767,1.67814,1.00,1.00
2016.01.14 20:46:13.398,1.67761,1.67815,1.00,1.50
2016.01.14 20:46:13.635,1.67758,1.67815,1.00,1.50
2016.01.14 20:46:13.938,1.67749,1.67809,1.00,1.12
2016.01.14 20:46:13.988,1.67747,1.67809,1.12,1.12
2016.01.14 20:46:16.241,1.6774,1.67789,1.12,1.00
2016.01.14 20:46:17.762,1.6774,1.6779,1.12,1.00
2016.01.14 20:46:18.261,1.6774,1.67795,1.12,1.00
2016.01.14 20:46:18.845,1.6774,1.67794,1.87,1.00
2016.01.14 20:46:18.946,1.6774,1.67801,1.12,1.00
2016.01.14 20:46:19.496,1.67741,1.678,1.75,1.00
2016.01.14 20:46:20.368,1.6774,1.67796,1.12,1.00
2016.01.14 20:46:20.975,1.6774,1.67797,1.12,1.00
2016.01.14 20:46:21.451,1.6774,1.67778,1.12,1.00
2016.01.14 20:46:21.552,1.67736,1.67778,1.12,1.00
2016.01.14 20:46:22.079,1.6773,1.67779,1.12,1.00
2016.01.14 20:46:22.653,1.6773,1.67778,1.12,1.00
2016.01.14 20:46:23.659,1.6773,1.67779,1.12,1.00
2016.01.14 20:46:24.355,1.6773,1.67778,1.12,1.00
2016.01.14 20:46:25.182,1.6773,1.67779,1.12,1.00
2016.01.14 20:46:25.485,1.6773,1.67774,1.12,1.00
2016.01.14 20:46:25.738,1.67723,1.6777,1.00,1.00
2016.01.14 20:46:25.890,1.67723,1.67762,1.00,1.00
2016.01.14 20:46:25.988,1.67723,1.67773,1.00,1.00
2016.01.14 20:46:26.039,1.67713,1.67773,1.75,1.00
2016.01.14 20:46:26.587,1.67712,1.67775,2.25,1.50
2016.01.14 20:46:32.273,1.67718,1.67775,1.12,1.00
2016.01.14 20:46:33.376,1.67718,1.67774,1.12,1.00
2016.01.14 20:46:35.179,1.67718,1.67775,1.12,1.00
2016.01.14 20:46:35.379,1.67718,1.67779,1.12,1.00
2016.01.14 20:46:36.894,1.67718,1.67777,1.12,1.00
2016.01.14 20:46:46.611,1.67718,1.67779,1.12,1.00
2016.01.14 20:46:48.191,1.67715,1.67779,1.12,1.50
2016.01.14 20:46:48.292,1.67722,1.67783,1.12,1.00
2016.01.14 20:46:48.342,1.67722,1.67786,1.12,1.37
2016.01.14 20:46:48.869,1.67723,1.67783,1.75,1.00
2016.01.14 20:46:49.172,1.67722,1.6778,1.12,1.00
2016.01.14 20:46:49.474,1.67722,1.67783,1.12,1.00
2016.01.14 20:46:51.227,1.67722,1.6778,1.12,1.00
2016.01.14 20:46:51.742,1.67722,1.67779,1.12,1.00
2016.01.14 20:46:51.908,1.67722,1.67782,1.12,1.00
2016.01.14 20:46:53.010,1.67722,1.67781,1.12,1.00
2016.01.14 20:46:54.056,1.67722,1.67782,1.12,1.50
2016.01.14 20:46:54.983,1.67722,1.67781,1.12,1.00
2016.01.14 20:46:55.741,1.67722,1.67779,1.12,1.00
2016.01.14 20:46:56.383,1.67722,1.67782,1.12,1.50
2016.01.14 20:46:56.484,1.67722,1.67785,1.12,1.12
2016.01.14 20:46:57.704,1.67733,1.67793,1.50,1.50
2016.01.14 20:46:57.906,1.67734,1.67795,1.87,1.00
2016.01.14 20:47:02.019,1.67734,1.67797,1.12,1.12
2016.01.14 20:47:02.564,1.67734,1.67796,1.12,1.00
2016.01.14 20:47:04.633,1.67734,1.67798,1.12,1.37
2016.01.14 20:47:06.709,1.67734,1.67792,1.50,1.37
2016.01.14 20:47:06.759,1.67734,1.6779,1.00,1.00
2016.01.14 20:47:07.302,1.67734,1.67791,1.00,1.00
2016.01.14 20:47:08.913,1.67734,1.67795,1.37,1.87
2016.01.14 20:47:08.963,1.67739,1.67795,1.00,1.00
2016.01.14 20:47:09.165,1.67739,1.67797,1.00,1.00
2016.01.14 20:47:09.313,1.67738,1.67798,1.12,1.37
2016.01.14 20:47:09.638,1.67743,1.67798,1.75,1.00
2016.01.14 20:47:09.724,1.67743,1.67804,1.75,1.50
2016.01.14 20:47:10.894,1.6774,1.67799,1.12,1.00
2016.01.14 20:47:11.146,1.6774,1.67802,1.12,1.87
2016.01.14 20:47:12.018,1.67735,1.67798,1.12,1.37
2016.01.14 20:47:12.069,1.67733,1.67798,1.75,1.75
2016.01.14 20:47:15.279,1.67734,1.67793,1.75,1.00
2016.01.14 20:47:17.611,1.67737,1.67795,1.12,1.37
2016.01.14 20:47:19.176,1.67734,1.67789,1.75,1.00
2016.01.14 20:47:19.509,1.67734,1.67785,1.75,1.00
2016.01.14 20:47:20.270,1.67734,1.67789,1.75,1.00
2016.01.14 20:47:22.036,1.67734,1.67793,1.75,1.00
2016.01.14 20:47:22.891,1.67737,1.67795,1.12,1.37
2016.01.14 20:47:22.942,1.67737,1.67795,1.87,1.37
2016.01.14 20:47:23.248,1.67747,1.67802,1.00,1.00
2016.01.14 20:47:25.026,1.67747,1.67805,1.37,1.37
2016.01.14 20:47:25.077,1.67747,1.67804,1.12,1.00
2016.01.14 20:47:25.598,1.6775,1.67805,1.75,1.00
2016.01.14 20:47:25.685,1.6775,1.67808,1.75,1.00
2016.01.14 20:47:29.028,1.67753,1.67806,1.50,1.00
2016.01.14 20:47:29.332,1.67747,1.678,1.12,1.00
2016.01.14 20:47:29.382,1.67746,1.678,1.12,1.00
2016.01.14 20:47:29.483,1.67743,1.67798,1.75,1.00
2016.01.14 20:47:30.362,1.67746,1.678,1.12,1.00
2016.01.14 20:47:30.863,1.67754,1.678,1.12,1.00
2016.01.14 20:47:31.034,1.67754,1.67803,1.12,1.00
2016.01.14 20:47:31.141,1.67754,1.67807,1.12,1.00
2016.01.14 20:47:31.343,1.67754,1.67805,1.12,1.00
2016.01.14 20:47:32.097,1.67753,1.67802,1.50,1.00
2016.01.14 20:47:32.472,1.67745,1.67801,1.00,1.00
2016.01.14 20:47:33.098,1.67745,1.67803,1.50,1.50
2016.01.14 20:47:33.420,1.67753,1.67803,1.00,1.00
2016.01.14 20:47:34.046,1.67753,1.67803,1.00,1.12
2016.01.14 20:47:34.198,1.67744,1.67796,1.00,1.75
2016.01.14 20:47:34.301,1.67735,1.67795,1.75,1.50
2016.01.14 20:47:37.306,1.67733,1.67782,1.75,1.00
2016.01.14 20:47:38.410,1.67734,1.67786,1.75,1.00
2016.01.14 20:47:43.343,1.67734,1.67785,1.75,1.00
2016.01.14 20:47:43.869,1.67734,1.67784,1.75,1.00
2016.01.14 20:47:44.720,1.67734,1.67785,1.75,1.50
2016.01.14 20:47:45.254,1.67734,1.67784,1.75,1.00
2016.01.14 20:47:47.864,1.67734,1.67785,1.75,1.00
2016.01.14 20:47:48.566,1.67734,1.67783,1.75,1.00
2016.01.14 20:47:49.873,1.67734,1.67784,1.75,1.00
2016.01.14 20:47:50.177,1.67734,1.67788,1.75,1.00
2016.01.14 20:47:55.457,1.67734,1.67787,1.75,1.00
2016.01.14 20:47:56.716,1.67734,1.67786,1.75,1.00
2016.01.14 20:48:00.850,1.67734,1.67784,1.75,1.00
2016.01.14 20:48:01.384,1.67733,1.67781,1.75,1.00
2016.01.14 20:48:01.746,1.67733,1.67784,1.75,1.50
2016.01.14 20:48:03.251,1.67733,1.67783,1.75,1.00
2016.01.14 20:48:03.768,1.67733,1.67784,1.75,1.00
2016.01.14 20:48:05.349,1.67733,1.67784,1.37,1.00
2016.01.14 20:48:05.678,1.67733,1.67781,1.37,1.00
2016.01.14 20:48:06.027,1.67728,1.67779,1.12,1.00
2016.01.14 20:48:09.331,1.67728,1.67781,1.12,1.00
2016.01.14 20:48:12.415,1.67728,1.67779,1.12,1.00
2016.01.14 20:48:16.798,1.67725,1.67779,1.12,1.00
2016.01.14 20:48:16.849,1.67724,1.67779,1.37,1.00
2016.01.14 20:48:16.900,1.67724,1.67776,1.37,1.00
2016.01.14 20:48:17.102,1.67717,1.67776,1.87,1.37
2016.01.14 20:48:17.153,1.67716,1.67776,1.50,1.37
2016.01.14 20:48:17.254,1.67714,1.6777,1.75,1.00
2016.01.14 20:48:17.547,1.67714,1.67768,1.00,1.00
2016.01.14 20:48:17.798,1.67714,1.67762,1.00,1.00
2016.01.14 20:48:18.642,1.67714,1.67768,1.00,1.00
2016.01.14 20:48:22.589,1.67713,1.67768,1.00,1.50
2016.01.14 20:48:22.859,1.67713,1.67764,1.00,1.00
2016.01.14 20:48:23.056,1.67713,1.67768,1.00,1.00
2016.01.14 20:48:24.349,1.67714,1.67768,1.00,1.00
2016.01.14 20:48:24.513,1.67714,1.67764,1.00,1.00
2016.01.14 20:48:27.455,1.67713,1.67764,1.00,1.00
2016.01.14 20:48:27.557,1.67713,1.67768,1.00,1.00
2016.01.14 20:48:27.872,1.67714,1.67771,1.37,1.37
2016.01.14 20:48:27.922,1.67714,1.67771,1.75,1.00
2016.01.14 20:48:30.096,1.67713,1.67769,1.75,1.00
2016.01.14 20:48:32.738,1.67714,1.67766,1.75,1.00
2016.01.14 20:48:33.083,1.67713,1.67762,1.75,1.00
2016.01.14 20:48:35.263,1.67711,1.67768,1.12,1.00
2016.01.14 20:48:36.156,1.67711,1.67765,1.12,1.00
2016.01.14 20:48:36.829,1.67713,1.67767,1.75,1.00
2016.01.14 20:48:37.005,1.67713,1.67771,1.75,1.00
2016.01.14 20:48:38.338,1.67714,1.67767,1.75,1.00
2016.01.14 20:48:39.028,1.67711,1.67763,1.12,1.00
2016.01.14 20:48:39.198,1.67704,1.67754,1.75,1.00
2016.01.14 20:48:39.249,1.67704,1.67759,1.75,1.00
2016.01.14 20:48:41.218,1.67703,1.67758,1.75,1.00
2016.01.14 20:48:41.668,1.677,1.67756,1.87,1.00
2016.01.14 20:48:41.820,1.67696,1.67756,1.75,1.00
2016.01.14 20:48:41.870,1.67695,1.67749,1.75,1.00
2016.01.14 20:48:42.397,1.67696,1.67753,1.75,1.00
2016.01.14 20:48:42.756,1.67701,1.67758,1.00,1.12
2016.01.14 20:48:42.872,1.677,1.67756,1.00,1.00
2016.01.14 20:48:43.424,1.67703,1.67758,1.00,1.12
2016.01.14 20:48:43.777,1.67705,1.67761,1.00,1.75
2016.01.14 20:48:44.327,1.67706,1.67761,1.00,1.75
2016.01.14 20:48:45.048,1.67706,1.67754,1.00,1.00
2016.01.14 20:48:45.180,1.67703,1.67754,1.00,1.00
2016.01.14 20:48:45.467,1.677,1.67754,1.00,1.00
2016.01.14 20:48:45.990,1.67701,1.67754,1.00,1.00
2016.01.14 20:48:46.686,1.67704,1.67754,1.00,1.00
2016.01.14 20:48:46.803,1.67704,1.67756,1.00,1.00
2016.01.14 20:48:46.907,1.67705,1.67758,1.00,1.12
2016.01.14 20:48:47.540,1.67706,1.67758,1.37,1.00
2016.01.14 20:48:47.591,1.67706,1.67761,1.75,1.00
2016.01.14 20:48:48.997,1.67706,1.67764,1.75,1.00
2016.01.14 20:48:50.099,1.67706,1.67762,1.75,1.00
2016.01.14 20:48:52.104,1.67707,1.67764,1.50,1.00
2016.01.14 20:48:52.255,1.67713,1.67764,1.00,1.00
2016.01.14 20:48:52.529,1.67714,1.67769,1.00,1.75
2016.01.14 20:48:52.630,1.67712,1.67769,1.50,1.75
2016.01.14 20:48:53.160,1.67713,1.67769,1.00,1.75
2016.01.14 20:48:53.709,1.67712,1.67769,1.00,1.75
2016.01.14 20:48:53.990,1.67716,1.67772,1.00,1.87
2016.01.14 20:48:54.152,1.67716,1.67772,1.37,1.37
2016.01.14 20:48:54.269,1.67716,1.67772,1.50,1.00
2016.01.14 20:48:54.770,1.67717,1.67771,1.12,1.00
2016.01.14 20:48:57.158,1.67716,1.6777,1.50,1.00
2016.01.14 20:48:58.710,1.67714,1.67766,1.75,1.00
2016.01.14 20:48:59.109,1.67713,1.67764,1.75,1.00
2016.01.14 20:49:00.120,1.67712,1.67766,1.75,1.00
2016.01.14 20:49:02.583,1.67713,1.67766,1.37,1.00
2016.01.14 20:49:02.634,1.67713,1.67766,1.00,1.00
2016.01.14 20:49:02.720,1.67713,1.67761,1.00,1.00
2016.01.14 20:49:02.858,1.67712,1.67763,1.00,1.00
2016.01.14 20:49:04.087,1.67713,1.67763,1.00,1.00
2016.01.14 20:49:05.071,1.67714,1.67767,1.00,1.12
2016.01.14 20:49:05.159,1.67723,1.67767,1.00,1.12
2016.01.14 20:49:05.260,1.67723,1.67773,1.75,1.00
2016.01.14 20:49:05.412,1.67723,1.67777,1.75,1.00
2016.01.14 20:49:05.513,1.67729,1.67782,1.00,1.12
2016.01.14 20:49:05.615,1.67744,1.67791,1.00,1.87
2016.01.14 20:49:05.666,1.67744,1.6779,1.00,1.50
2016.01.14 20:49:05.717,1.67735,1.6779,1.87,1.12
2016.01.14 20:49:05.768,1.67743,1.67793,1.37,1.00
2016.01.14 20:49:05.819,1.67743,1.67803,1.37,1.37
2016.01.14 20:49:05.928,1.67744,1.67803,1.75,1.00
2016.01.14 20:49:06.437,1.67746,1.67805,1.50,1.50
2016.01.14 20:49:09.353,1.67745,1.67802,1.75,1.00
2016.01.14 20:49:11.337,1.67744,1.67796,1.75,1.00
2016.01.14 20:49:11.606,1.67743,1.67796,1.00,1.12
2016.01.14 20:49:14.078,1.67743,1.678,1.37,1.37
2016.01.14 20:49:14.128,1.67743,1.678,1.75,1.00
2016.01.14 20:49:14.516,1.67753,1.678,1.00,1.00
2016.01.14 20:49:14.728,1.67743,1.678,1.75,1.00
2016.01.14 20:49:14.779,1.67743,1.67792,1.75,1.00
2016.01.14 20:49:15.318,1.67744,1.67796,1.75,1.00
2016.01.14 20:49:15.600,1.67753,1.67795,1.00,1.00
2016.01.14 20:49:15.651,1.67753,1.67798,1.00,1.00
2016.01.14 20:49:16.318,1.67753,1.67801,1.00,1.00
2016.01.14 20:49:16.500,1.67754,1.67805,1.00,1.37
2016.01.14 20:49:16.828,1.67754,1.6781,1.00,1.00
2016.01.14 20:49:16.929,1.67763,1.6781,1.00,1.00
2016.01.14 20:49:17.080,1.67763,1.67813,1.00,1.00
2016.01.14 20:49:17.726,1.67764,1.67813,1.00,1.00
2016.01.14 20:49:17.978,1.67764,1.67815,1.37,1.00
2016.01.14 20:49:18.029,1.67764,1.67815,1.75,1.00
2016.01.14 20:49:18.134,1.67764,1.6782,1.75,1.00
2016.01.14 20:49:18.184,1.67764,1.67815,1.75,1.00
2016.01.14 20:49:18.386,1.67771,1.67826,1.37,1.37
2016.01.14 20:49:18.436,1.67778,1.67826,1.00,1.00
2016.01.14 20:49:18.603,1.67785,1.67839,1.50,1.00
2016.01.14 20:49:18.830,1.67785,1.67832,1.50,1.00
2016.01.14 20:49:19.133,1.67784,1.67828,1.00,1.00
2016.01.14 20:49:19.385,1.6777,1.67827,1.75,1.12
2016.01.14 20:49:19.436,1.67768,1.67827,1.00,1.50
2016.01.14 20:49:19.486,1.67768,1.67815,1.00,1.00
2016.01.14 20:49:19.938,1.67764,1.67814,1.00,1.00
2016.01.14 20:49:22.039,1.67764,1.67816,1.00,1.00
2016.01.14 20:49:22.442,1.67764,1.67818,1.00,1.00
2016.01.14 20:49:22.593,1.67765,1.67818,1.37,1.00
2016.01.14 20:49:22.694,1.67765,1.67824,2.25,1.50
2016.01.14 20:49:22.795,1.67774,1.67824,1.00,1.00
2016.01.14 20:49:22.896,1.67774,1.67826,1.00,1.12
2016.01.14 20:49:23.199,1.6777,1.67826,1.12,1.12
2016.01.14 20:49:24.188,1.67774,1.67826,1.00,1.12
2016.01.14 20:49:25.551,1.6777,1.67828,1.12,1.75
2016.01.14 20:49:25.948,1.67774,1.67828,1.00,1.75
2016.01.14 20:49:27.006,1.67774,1.67831,1.37,1.37
2016.01.14 20:49:27.057,1.67779,1.67831,1.00,1.00
2016.01.14 20:49:27.108,1.67779,1.67835,1.00,1.50
2016.01.14 20:49:28.216,1.67777,1.67835,1.50,1.00
2016.01.14 20:49:30.166,1.67777,1.67829,1.00,1.00
2016.01.14 20:49:30.470,1.67777,1.67819,1.00,1.00
2016.01.14 20:49:32.040,1.67777,1.6783,1.00,1.00
2016.01.14 20:49:35.128,1.67777,1.67825,1.00,1.00
2016.01.14 20:49:35.376,1.67764,1.67813,1.00,1.00
2016.01.14 20:49:36.217,1.67762,1.67813,1.00,1.00
2016.01.14 20:49:36.990,1.67762,1.67811,1.00,1.00
2016.01.14 20:49:39.386,1.67762,1.67809,1.00,1.00
2016.01.14 20:49:39.487,1.67755,1.67809,1.00,1.00
2016.01.14 20:49:39.618,1.67754,1.67809,1.37,1.50
2016.01.14 20:49:39.921,1.67754,1.67804,1.00,1.75
2016.01.14 20:49:41.591,1.67764,1.6781,1.00,1.50
2016.01.14 20:49:42.149,1.67763,1.67813,1.00,1.75
2016.01.14 20:49:45.448,1.67754,1.6781,1.00,1.50
2016.01.14 20:49:45.549,1.67754,1.67806,1.00,1.00
2016.01.14 20:49:45.757,1.67754,1.67809,1.00,1.37
2016.01.14 20:49:48.317,1.67753,1.67809,1.00,1.37
2016.01.14 20:49:49.386,1.67754,1.67813,1.00,2.25
2016.01.14 20:49:50.743,1.67754,1.67813,1.37,1.37
2016.01.14 20:49:50.844,1.67761,1.67818,1.00,1.50
2016.01.14 20:49:50.945,1.67763,1.67816,1.00,1.00
2016.01.14 20:49:51.248,1.67764,1.67822,1.75,1.00
2016.01.14 20:49:51.298,1.67771,1.67826,1.00,1.75
2016.01.14 20:49:51.459,1.67768,1.67826,1.00,1.75
2016.01.14 20:49:51.970,1.67767,1.67827,1.12,1.75
2016.01.14 20:49:53.573,1.67768,1.67826,1.00,1.75
2016.01.14 20:49:55.893,1.67766,1.67825,1.50,1.50
2016.01.14 20:49:58.198,1.67767,1.67827,1.50,1.37
2016.01.14 20:49:58.248,1.67768,1.67827,1.12,1.00
2016.01.14 20:49:58.299,1.6777,1.6783,1.75,1.00
2016.01.14 20:49:59.325,1.67768,1.67821,1.12,1.00
2016.01.14 20:49:59.427,1.67767,1.67821,1.50,1.00
2016.01.14 20:49:59.528,1.67765,1.67823,1.75,1.00
2016.01.14 20:49:59.729,1.67764,1.67818,1.75,1.00
2016.01.14 20:49:59.836,1.67764,1.6782,1.75,1.00
2016.01.14 20:50:00.412,1.67761,1.67813,1.12,1.00
2016.01.14 20:50:00.676,1.67756,1.67808,1.75,1.00
2016.01.14 20:50:00.878,1.67749,1.67804,1.87,1.00
2016.01.14 20:50:01.051,1.67749,1.67805,1.00,1.00
2016.01.14 20:50:01.152,1.67754,1.67805,1.00,1.00
2016.01.14 20:50:01.486,1.67754,1.678,1.00,1.00
2016.01.14 20:50:01.537,1.67754,1.67808,1.00,1.00
2016.01.14 20:50:02.359,1.67753,1.67808,1.00,1.00
2016.01.14 20:50:03.039,1.67754,1.67808,1.00,1.00
2016.01.14 20:50:05.093,1.67757,1.67808,1.00,1.00
2016.01.14 20:50:05.403,1.67764,1.67812,1.00,1.00
2016.01.14 20:50:05.453,1.67764,1.67822,1.00,1.75
2016.01.14 20:50:05.995,1.67765,1.67823,1.00,2.25
2016.01.14 20:50:06.499,1.67764,1.67819,1.00,1.50
2016.01.14 20:50:07.647,1.67764,1.67815,1.00,1.00
2016.01.14 20:50:09.545,1.67754,1.67813,2.25,1.00
2016.01.14 20:50:10.038,1.67753,1.67809,1.87,1.00
2016.01.14 20:50:11.429,1.67754,1.67805,1.37,1.00
2016.01.14 20:50:11.480,1.67754,1.67805,1.00,1.00
2016.01.14 20:50:11.530,1.67754,1.67803,1.00,1.00
2016.01.14 20:50:11.754,1.67754,1.67806,1.00,1.00
2016.01.14 20:50:11.856,1.67754,1.67798,1.00,1.00
2016.01.14 20:50:12.008,1.67741,1.67789,1.00,1.37
2016.01.14 20:50:12.059,1.67734,1.67789,1.37,1.37
2016.01.14 20:50:12.110,1.67734,1.67789,1.00,1.75
2016.01.14 20:50:12.226,1.67726,1.67784,1.87,1.12
2016.01.14 20:50:12.277,1.67724,1.67772,1.75,1.00
2016.01.14 20:50:12.487,1.67724,1.67778,1.75,1.00
2016.01.14 20:50:12.717,1.67725,1.67783,1.50,1.00
2016.01.14 20:50:12.819,1.67727,1.67781,1.12,1.00
2016.01.14 20:50:13.698,1.67735,1.67791,1.00,1.00
2016.01.14 20:50:14.164,1.67737,1.67793,1.00,1.00
2016.01.14 20:50:14.567,1.67735,1.6779,1.00,1.00
2016.01.14 20:50:14.869,1.67735,1.67782,1.00,1.00
2016.01.14 20:50:15.071,1.67724,1.67778,1.75,1.00
2016.01.14 20:50:17.483,1.67726,1.67784,1.50,1.00
2016.01.14 20:50:17.547,1.67723,1.67781,3.00,1.00
2016.01.14 20:50:17.900,1.67734,1.67781,1.00,1.00
2016.01.14 20:50:18.020,1.67734,1.67789,1.00,1.75
2016.01.14 20:50:18.171,1.67736,1.67787,1.00,1.50
2016.01.14 20:50:18.323,1.6774,1.67797,1.37,1.00
2016.01.14 20:50:18.444,1.6775,1.67808,1.37,1.75
2016.01.14 20:50:18.495,1.67752,1.67808,1.00,1.00
2016.01.14 20:50:18.646,1.67754,1.67808,1.00,1.00
2016.01.14 20:50:19.119,1.67754,1.67805,1.00,1.37
2016.01.14 20:50:19.320,1.67743,1.678,1.75,1.00
2016.01.14 20:50:19.422,1.67754,1.67803,1.00,1.75
2016.01.14 20:50:19.519,1.67745,1.67803,1.12,1.75
2016.01.14 20:50:19.624,1.67745,1.67802,1.12,1.12
2016.01.14 20:50:19.977,1.67753,1.67795,1.00,1.00
2016.01.14 20:50:20.533,1.67753,1.67796,1.00,1.00
2016.01.14 20:50:21.436,1.67744,1.67796,1.00,1.00
2016.01.14 20:50:21.606,1.67754,1.67796,1.00,1.00
2016.01.14 20:50:21.758,1.67738,1.67786,1.00,1.00
2016.01.14 20:50:22.041,1.67734,1.67786,1.00,1.00
2016.01.14 20:50:22.092,1.67731,1.67786,1.00,1.00
2016.01.14 20:50:22.158,1.67734,1.67786,1.00,1.00
2016.01.14 20:50:23.046,1.67734,1.67788,1.00,1.00
2016.01.14 20:50:23.645,1.67734,1.6779,1.50,1.00
2016.01.14 20:50:24.068,1.67733,1.67785,1.00,1.00
2016.01.14 20:50:24.169,1.67731,1.67785,1.00,1.00
2016.01.14 20:50:24.369,1.67731,1.67781,1.00,1.00
2016.01.14 20:50:25.508,1.67731,1.67778,1.00,1.00
2016.01.14 20:50:26.568,1.67731,1.67779,1.00,1.00
2016.01.14 20:50:26.619,1.67724,1.67779,1.50,1.00
2016.01.14 20:50:27.376,1.67724,1.67778,1.50,1.00
2016.01.14 20:50:28.446,1.67724,1.67779,2.25,1.00
2016.01.14 20:50:28.547,1.67727,1.67785,1.00,1.75
2016.01.14 20:50:28.598,1.67731,1.67785,1.00,1.75
2016.01.14 20:50:28.934,1.67735,1.67785,1.12,1.00
2016.01.14 20:50:29.035,1.67736,1.67793,1.00,1.50
2016.01.14 20:50:29.136,1.67738,1.67796,1.00,1.75
2016.01.14 20:50:29.476,1.67741,1.67798,1.00,1.12
2016.01.14 20:50:30.407,1.67743,1.67798,1.00,1.12
2016.01.14 20:50:30.457,1.67743,1.67799,1.00,1.12
2016.01.14 20:50:30.961,1.67744,1.67802,1.50,1.75
2016.01.14 20:50:31.546,1.67745,1.67802,1.00,1.75
2016.01.14 20:50:32.149,1.67744,1.67802,2.25,1.75
2016.01.14 20:50:32.329,1.67745,1.678,1.00,1.12
2016.01.14 20:50:32.430,1.67737,1.67786,1.00,1.00
2016.01.14 20:50:32.481,1.67735,1.67786,1.00,1.00
2016.01.14 20:50:32.632,1.67735,1.67792,1.50,1.00
2016.01.14 20:50:32.877,1.67735,1.6779,1.00,1.00
2016.01.14 20:50:33.193,1.67737,1.67793,1.00,1.00
2016.01.14 20:50:33.243,1.67737,1.67795,1.87,1.00
2016.01.14 20:50:33.755,1.67737,1.67796,1.12,1.00
2016.01.14 20:50:34.922,1.67739,1.67793,1.75,1.00
2016.01.14 20:50:34.972,1.67738,1.67793,1.00,1.12
2016.01.14 20:50:36.867,1.67739,1.67794,1.00,1.37
2016.01.14 20:50:37.369,1.67738,1.67794,1.00,1.37
2016.01.14 20:50:39.417,1.67739,1.67794,1.00,1.37
2016.01.14 20:50:39.845,1.67741,1.67794,1.50,1.00
2016.01.14 20:50:39.896,1.67744,1.678,1.00,1.12
2016.01.14 20:50:39.997,1.6775,1.67806,1.00,1.87
2016.01.14 20:50:40.048,1.6775,1.67806,1.50,1.00
2016.01.14 20:50:40.098,1.67753,1.67806,1.00,1.00
2016.01.14 20:50:40.225,1.67749,1.67806,1.75,1.00
2016.01.14 20:50:40.327,1.67746,1.67801,1.75,1.00
2016.01.14 20:50:40.478,1.67744,1.67798,1.00,1.00
2016.01.14 20:50:40.536,1.67744,1.67794,1.00,1.00
2016.01.14 20:50:40.637,1.6774,1.67794,1.00,1.00
2016.01.14 20:50:41.158,1.6774,1.67795,1.00,1.00
2016.01.14 20:50:41.329,1.67742,1.67798,1.00,1.00
2016.01.14 20:50:41.430,1.6774,1.67795,1.00,1.00
2016.01.14 20:50:41.746,1.67742,1.67798,1.00,1.00
2016.01.14 20:50:42.279,1.67745,1.67798,1.00,1.00
2016.01.14 20:50:42.781,1.6775,1.67798,1.00,1.00
2016.01.14 20:50:42.882,1.67755,1.67807,1.50,1.50
2016.01.14 20:50:42.983,1.67764,1.67812,1.00,1.12
2016.01.14 20:50:43.185,1.67764,1.67818,1.75,1.00
2016.01.14 20:50:45.184,1.67766,1.67819,1.12,1.00
2016.01.14 20:50:45.285,1.67759,1.67819,1.12,1.75
2016.01.14 20:50:45.386,1.67758,1.67811,1.37,1.00
2016.01.14 20:50:45.638,1.67758,1.67813,1.37,1.00
2016.01.14 20:50:45.689,1.67759,1.67813,1.12,1.00
2016.01.14 20:50:45.840,1.67753,1.67806,2.25,1.00
2016.01.14 20:50:45.891,1.67753,1.67806,1.00,1.50
2016.01.14 20:50:46.029,1.67747,1.67801,1.00,1.00
2016.01.14 20:50:46.080,1.67747,1.67796,1.00,1.00
2016.01.14 20:50:46.383,1.67747,1.67803,1.00,1.00
2016.01.14 20:50:46.687,1.67751,1.67803,1.00,1.00
2016.01.14 20:50:46.738,1.67752,1.67806,1.00,1.00
2016.01.14 20:50:46.840,1.67754,1.67806,1.50,1.00
2016.01.14 20:50:46.890,1.67754,1.67809,2.25,1.00
2016.01.14 20:50:46.941,1.67751,1.67801,1.75,1.00
2016.01.14 20:50:46.992,1.67749,1.67801,1.00,1.00
2016.01.14 20:50:47.043,1.67749,1.67798,1.00,1.00
2016.01.14 20:50:48.487,1.67749,1.67807,1.50,1.00
2016.01.14 20:50:48.538,1.67751,1.67807,1.00,1.00
2016.01.14 20:50:48.887,1.67757,1.67805,1.00,1.00
2016.01.14 20:50:50.668,1.67757,1.67802,1.00,1.00
2016.01.14 20:50:51.145,1.67757,1.67805,1.00,1.00
2016.01.14 20:50:51.347,1.67757,1.67808,1.00,1.00
2016.01.14 20:50:51.567,1.67757,1.67799,1.00,1.00
2016.01.14 20:50:51.668,1.67757,1.67804,1.00,1.00
2016.01.14 20:50:53.088,1.67747,1.67801,1.50,1.00
2016.01.14 20:50:53.778,1.6775,1.67805,1.00,1.00
2016.01.14 20:50:53.879,1.67744,1.67793,1.75,1.00
2016.01.14 20:50:54.181,1.67742,1.67798,1.12,1.00
2016.01.14 20:50:54.416,1.67747,1.67805,1.50,1.50
2016.01.14 20:50:54.970,1.67748,1.67802,1.12,1.00
2016.01.14 20:50:55.611,1.67743,1.67798,1.75,1.00
2016.01.14 20:50:55.926,1.67742,1.67789,1.12,1.00
2016.01.14 20:50:56.395,1.67741,1.67789,1.00,1.00
2016.01.14 20:50:56.759,1.67741,1.67794,1.00,1.00
2016.01.14 20:50:57.077,1.67741,1.6779,1.00,1.00
2016.01.14 20:50:58.177,1.67741,1.67787,1.00,1.00
2016.01.14 20:50:58.620,1.67741,1.67784,1.00,1.00
2016.01.14 20:50:59.008,1.67741,1.67781,1.00,1.00
2016.01.14 20:51:00.821,1.67741,1.67786,1.00,1.00
2016.01.14 20:51:01.210,1.67744,1.67786,1.00,1.00
2016.01.14 20:51:04.120,1.67744,1.6779,1.00,1.00
2016.01.14 20:51:05.730,1.67744,1.67787,1.00,1.00
2016.01.14 20:51:06.059,1.67743,1.67784,1.00,1.00
2016.01.14 20:51:06.266,1.67734,1.67784,1.00,1.00
2016.01.14 20:51:06.734,1.67743,1.67787,1.00,1.00
2016.01.14 20:51:06.835,1.67743,1.67791,1.00,1.00
2016.01.14 20:51:07.966,1.67744,1.67791,1.00,1.00
2016.01.14 20:51:08.168,1.67734,1.67791,1.00,1.00
2016.01.14 20:51:08.369,1.67733,1.67788,1.12,1.00
2016.01.14 20:51:08.688,1.67734,1.67786,1.00,1.00
2016.01.14 20:51:08.992,1.67744,1.67786,1.00,1.00
2016.01.14 20:51:10.020,1.67744,1.67791,1.00,1.00
2016.01.14 20:51:10.226,1.67733,1.67791,1.12,1.00
2016.01.14 20:51:12.145,1.67733,1.67789,1.12,1.00
2016.01.14 20:51:15.303,1.67733,1.67787,1.12,1.00
2016.01.14 20:51:16.082,1.67734,1.67784,1.00,1.00
2016.01.14 20:51:16.599,1.67734,1.67783,1.00,1.00
2016.01.14 20:51:17.121,1.67734,1.67779,1.00,1.75
2016.01.14 20:51:17.332,1.67734,1.67787,1.00,3.75
2016.01.14 20:51:17.433,1.67734,1.67787,1.00,1.00
2016.01.14 20:51:17.941,1.67733,1.67787,1.50,1.00
2016.01.14 20:51:19.479,1.67733,1.67789,1.50,1.00
2016.01.14 20:51:19.731,1.67744,1.67789,1.00,1.00
2016.01.14 20:51:22.819,1.67744,1.67791,1.00,1.00
2016.01.14 20:51:23.445,1.67743,1.67791,1.00,1.00
2016.01.14 20:51:24.417,1.67744,1.67791,1.00,1.00
2016.01.14 20:51:24.577,1.67744,1.67788,1.00,1.00
2016.01.14 20:51:25.407,1.67733,1.67788,1.50,1.00
2016.01.14 20:51:25.745,1.67733,1.67792,1.50,3.00
2016.01.14 20:51:25.847,1.67743,1.67792,1.00,2.25
2016.01.14 20:51:28.170,1.67744,1.67791,1.00,1.00
2016.01.14 20:51:29.085,1.67744,1.67792,1.00,1.00
2016.01.14 20:51:29.411,1.67744,1.6779,1.00,1.00
2016.01.14 20:51:29.722,1.67744,1.67788,1.00,1.00
2016.01.14 20:51:35.190,1.67743,1.67788,1.00,1.00
2016.01.14 20:51:35.972,1.67744,1.67788,1.00,1.00
2016.01.14 20:51:36.851,1.67743,1.67788,1.00,1.00
2016.01.14 20:51:37.565,1.67744,1.67788,1.00,1.00
2016.01.14 20:51:38.878,1.67744,1.67785,1.00,1.00
2016.01.14 20:51:38.979,1.67744,1.67788,1.00,1.00
2016.01.14 20:51:39.427,1.67744,1.67785,1.00,1.00
2016.01.14 20:51:39.730,1.67744,1.67778,1.00,1.00
2016.01.14 20:51:39.982,1.67744,1.67783,1.00,1.00
2016.01.14 20:51:41.848,1.67744,1.6778,1.00,1.00
2016.01.14 20:51:43.455,1.67744,1.67783,1.00,1.00
2016.01.14 20:51:44.890,1.67744,1.67778,1.00,1.50
2016.01.14 20:51:45.013,1.67734,1.67778,1.00,1.75
2016.01.14 20:51:45.221,1.67723,1.67781,1.37,1.37
2016.01.14 20:51:47.855,1.67723,1.67779,1.37,1.00
2016.01.14 20:51:50.613,1.67725,1.67783,1.00,1.75
2016.01.14 20:51:50.664,1.67734,1.67783,1.00,1.75
2016.01.14 20:51:50.715,1.67734,1.67783,1.12,1.00
2016.01.14 20:51:50.846,1.67734,1.67786,1.12,1.00
2016.01.14 20:51:51.258,1.67743,1.67786,1.00,1.00
2016.01.14 20:51:51.409,1.67743,1.67789,1.00,1.00
2016.01.14 20:51:52.170,1.67743,1.67786,1.00,1.00
2016.01.14 20:51:52.522,1.67744,1.67781,1.00,1.00
2016.01.14 20:51:52.825,1.67743,1.67786,1.00,1.00
2016.01.14 20:51:53.601,1.67744,1.67786,1.00,1.00
2016.01.14 20:51:56.646,1.67743,1.67786,1.00,1.00
2016.01.14 20:51:56.807,1.67743,1.67783,1.00,1.00
2016.01.14 20:51:57.509,1.67744,1.67783,1.00,1.00
2016.01.14 20:52:00.387,1.67733,1.67783,1.50,1.00
2016.01.14 20:52:00.538,1.67734,1.67778,1.12,1.00
2016.01.14 20:52:00.851,1.67733,1.67776,1.50,1.00
2016.01.14 20:52:01.362,1.67733,1.67776,1.00,1.00
2016.01.14 20:52:01.822,1.67724,1.67776,1.75,1.00
2016.01.14 20:52:01.873,1.67724,1.67772,1.75,1.00
2016.01.14 20:52:02.176,1.67734,1.67776,1.00,1.00
2016.01.14 20:52:02.378,1.67734,1.6778,1.00,1.00
2016.01.14 20:52:02.856,1.67734,1.67774,1.00,1.00
2016.01.14 20:52:02.957,1.67734,1.67777,1.00,1.00
2016.01.14 20:52:03.159,1.67723,1.67777,1.75,1.00
2016.01.14 20:52:04.489,1.67734,1.67777,1.00,1.00
2016.01.14 20:52:05.235,1.67734,1.67776,1.00,1.00
2016.01.14 20:52:05.749,1.67734,1.67775,1.00,1.00
2016.01.14 20:52:08.645,1.67734,1.67778,1.00,1.00
2016.01.14 20:52:11.535,1.67734,1.67779,1.00,1.00
2016.01.14 20:52:11.874,1.67734,1.67777,1.00,1.00
2016.01.14 20:52:14.044,1.67734,1.67772,1.00,1.00
2016.01.14 20:52:14.296,1.67734,1.67774,1.00,1.00
2016.01.14 20:52:14.948,1.67734,1.67778,1.00,1.00
2016.01.14 20:52:15.500,1.67734,1.67779,1.00,1.00
2016.01.14 20:52:15.601,1.67734,1.67777,1.00,1.00
2016.01.14 20:52:15.918,1.67734,1.67779,1.00,1.00
2016.01.14 20:52:17.372,1.67734,1.67778,1.00,1.00
2016.01.14 20:52:17.875,1.67734,1.67779,1.00,1.50
2016.01.14 20:52:19.567,1.67734,1.67778,1.00,1.00
2016.01.14 20:52:21.056,1.67734,1.67777,1.00,1.00
2016.01.14 20:52:21.787,1.67734,1.67772,1.00,1.00
2016.01.14 20:52:22.891,1.67734,1.67779,1.00,1.00
2016.01.14 20:52:23.194,1.67726,1.67779,1.00,1.00
2016.01.14 20:52:23.295,1.67743,1.67779,1.00,1.00
2016.01.14 20:52:23.783,1.67744,1.67784,1.00,1.00
2016.01.14 20:52:25.100,1.67744,1.67785,1.00,1.00
2016.01.14 20:52:25.640,1.67744,1.67784,1.00,1.00
2016.01.14 20:52:25.892,1.67744,1.67789,1.00,1.50
2016.01.14 20:52:26.240,1.67753,1.67789,1.00,1.00
2016.01.14 20:52:26.593,1.67754,1.67794,1.00,1.00
2016.01.14 20:52:27.117,1.67753,1.67794,1.00,1.00
2016.01.14 20:52:27.646,1.67753,1.67795,1.00,1.00
2016.01.14 20:52:27.697,1.67753,1.67793,1.00,1.00
2016.01.14 20:52:28.004,1.67753,1.67789,1.00,1.00
2016.01.14 20:52:28.511,1.67754,1.6779,1.00,1.00
2016.01.14 20:52:29.974,1.67754,1.67789,1.00,1.00
2016.01.14 20:52:30.676,1.67743,1.67789,1.00,1.00
2016.01.14 20:52:31.328,1.67744,1.6779,1.00,1.00
2016.01.14 20:52:32.778,1.67744,1.67789,1.00,1.00
2016.01.14 20:52:32.894,1.67744,1.67785,1.00,1.00
2016.01.14 20:52:34.816,1.67744,1.67786,1.00,1.00
2016.01.14 20:52:35.836,1.67743,1.67786,1.00,1.00
2016.01.14 20:52:36.374,1.67743,1.67785,1.00,1.00
2016.01.14 20:52:37.687,1.67743,1.67786,1.00,1.00
2016.01.14 20:52:38.793,1.67743,1.67788,1.00,1.00
2016.01.14 20:52:39.690,1.67743,1.67787,1.00,1.00
2016.01.14 20:52:40.803,1.67744,1.67787,1.00,1.00
2016.01.14 20:52:40.904,1.67753,1.67791,1.00,1.50
2016.01.14 20:52:41.409,1.67754,1.67791,1.00,1.00
2016.01.14 20:52:44.398,1.67753,1.67791,1.00,1.00
2016.01.14 20:52:44.901,1.67753,1.67792,1.00,1.00
2016.01.14 20:52:44.951,1.67744,1.67792,1.00,1.00
2016.01.14 20:52:45.073,1.67744,1.6779,1.00,1.00
2016.01.14 20:52:45.501,1.67744,1.67786,1.00,1.00
2016.01.14 20:52:45.815,1.67744,1.6779,1.00,1.00
2016.01.14 20:52:45.865,1.67753,1.6779,1.00,1.50
2016.01.14 20:52:46.704,1.67753,1.67791,1.00,1.00
2016.01.14 20:52:46.929,1.67753,1.67795,1.00,1.00
2016.01.14 20:52:47.433,1.67754,1.67794,1.00,1.00
2016.01.14 20:52:47.534,1.67754,1.67796,1.00,1.00
2016.01.14 20:52:48.454,1.67753,1.67796,1.00,1.50
2016.01.14 20:52:49.209,1.67754,1.67795,1.00,1.00
2016.01.14 20:52:49.363,1.67764,1.67796,1.00,1.00
2016.01.14 20:52:49.464,1.67764,1.67801,1.00,1.00
2016.01.14 20:52:49.565,1.67764,1.67803,1.00,1.00
2016.01.14 20:52:50.069,1.67763,1.67803,1.00,1.00
2016.01.14 20:52:50.593,1.67764,1.67804,1.00,1.00
2016.01.14 20:52:52.887,1.67763,1.67804,1.00,1.50
2016.01.14 20:52:54.505,1.67764,1.67804,1.00,1.50
2016.01.14 20:52:55.025,1.67764,1.67803,1.00,1.00
2016.01.14 20:52:55.327,1.67764,1.678,1.00,1.00
2016.01.14 20:52:55.428,1.67753,1.678,1.00,1.00
2016.01.14 20:52:55.963,1.67753,1.67799,1.00,1.00
2016.01.14 20:52:56.316,1.67764,1.678,1.00,1.00
2016.01.14 20:52:57.172,1.67764,1.67799,1.00,1.00
2016.01.14 20:52:57.822,1.67763,1.67799,1.00,1.00
2016.01.14 20:52:58.183,1.67753,1.67799,1.00,1.00
2016.01.14 20:52:58.245,1.67764,1.67799,1.00,1.00
2016.01.14 20:52:58.808,1.67763,1.67799,1.00,1.00
2016.01.14 20:52:59.344,1.67764,1.67799,1.00,1.00
2016.01.14 20:53:00.224,1.67763,1.67799,1.00,1.00
2016.01.14 20:53:00.376,1.67763,1.67802,1.00,1.00
2016.01.14 20:53:01.239,1.67764,1.67802,1.00,1.00
2016.01.14 20:53:02.342,1.67764,1.67803,1.00,1.50
2016.01.14 20:53:02.946,1.67764,1.67802,1.00,1.00
2016.01.14 20:53:04.157,1.67764,1.67803,1.00,1.00
2016.01.14 20:53:04.991,1.67764,1.67802,1.00,1.00
2016.01.14 20:53:05.554,1.67764,1.67803,1.00,1.00
2016.01.14 20:53:06.249,1.67764,1.67804,1.00,1.00
2016.01.14 20:53:06.350,1.67764,1.678,1.00,1.00
2016.01.14 20:53:07.220,1.67764,1.67799,1.00,1.00
2016.01.14 20:53:08.452,1.67764,1.678,1.00,1.00
2016.01.14 20:53:09.584,1.67764,1.67799,1.00,1.00
2016.01.14 20:53:12.487,1.67764,1.67798,1.00,1.00
2016.01.14 20:53:12.910,1.67754,1.67798,1.00,1.00
2016.01.14 20:53:14.473,1.67754,1.67799,1.00,1.50
2016.01.14 20:53:14.674,1.67754,1.67797,1.00,1.00
2016.01.14 20:53:14.977,1.67764,1.67799,1.00,1.00
2016.01.14 20:53:15.297,1.67753,1.67798,1.00,1.00
2016.01.14 20:53:15.844,1.67754,1.67798,1.00,1.00
2016.01.14 20:53:15.999,1.67753,1.67796,1.00,1.00
2016.01.14 20:53:16.501,1.67754,1.67796,1.00,1.00
2016.01.14 20:53:18.484,1.67754,1.67791,1.00,1.00
2016.01.14 20:53:18.659,1.67744,1.6779,1.00,1.00
2016.01.14 20:53:18.862,1.67754,1.6779,1.00,1.00
2016.01.14 20:53:21.500,1.67754,1.67794,1.00,1.00
2016.01.14 20:53:21.903,1.67754,1.6779,1.00,1.00
2016.01.14 20:53:22.477,1.67754,1.67791,1.00,1.50
2016.01.14 20:53:23.141,1.67753,1.67791,1.00,1.50
2016.01.14 20:53:23.324,1.67744,1.67791,1.00,1.00
2016.01.14 20:53:23.843,1.67744,1.6779,1.00,1.00
2016.01.14 20:53:24.197,1.67743,1.67793,1.00,1.00
2016.01.14 20:53:24.247,1.67754,1.67795,1.00,1.00
2016.01.14 20:53:24.749,1.67753,1.67795,1.00,1.00
2016.01.14 20:53:25.282,1.67753,1.67796,1.00,1.00
2016.01.14 20:53:27.286,1.67753,1.67795,1.00,1.00
2016.01.14 20:53:27.787,1.67753,1.67799,1.00,1.00
2016.01.14 20:53:32.825,1.67754,1.67799,1.00,1.50
2016.01.14 20:53:34.773,1.67754,1.67796,1.00,1.00
2016.01.14 20:53:37.083,1.67754,1.67797,1.00,1.00
2016.01.14 20:53:39.723,1.67754,1.67796,1.00,1.00
2016.01.14 20:53:41.842,1.67754,1.67797,1.00,1.50
2016.01.14 20:53:43.313,1.67754,1.67796,1.00,1.00
2016.01.14 20:53:43.814,1.67754,1.67797,1.00,1.50
2016.01.14 20:53:44.395,1.67754,1.67796,1.00,1.00
2016.01.14 20:53:44.779,1.67764,1.67796,1.00,1.00
2016.01.14 20:53:45.149,1.67764,1.67799,1.00,1.00
2016.01.14 20:53:45.351,1.67754,1.678,1.00,1.00
2016.01.14 20:53:45.452,1.67764,1.67796,1.00,1.00
2016.01.14 20:53:45.775,1.67753,1.67799,1.00,1.00
2016.01.14 20:53:45.927,1.67753,1.67802,1.00,1.00
2016.01.14 20:53:46.028,1.67764,1.67802,1.00,1.00
2016.01.14 20:53:46.129,1.67764,1.67805,1.00,1.00
2016.01.14 20:53:46.636,1.67764,1.67806,1.00,1.00
2016.01.14 20:53:46.738,1.67763,1.6781,1.00,1.00
2016.01.14 20:53:46.789,1.67774,1.67806,1.00,1.00
2016.01.14 20:53:47.088,1.67764,1.67806,1.00,1.00
2016.01.14 20:53:49.780,1.67764,1.67807,1.00,1.00
2016.01.14 20:53:52.630,1.67764,1.67811,1.00,1.00
2016.01.14 20:53:52.681,1.67764,1.67811,1.75,1.00
2016.01.14 20:53:52.732,1.67784,1.67823,1.00,1.00
2016.01.14 20:53:52.933,1.67783,1.67825,1.00,1.00
2016.01.14 20:53:53.478,1.67784,1.67825,1.00,1.00
2016.01.14 20:53:54.833,1.67784,1.6783,1.00,1.00
2016.01.14 20:53:55.138,1.67784,1.67825,1.00,1.00
2016.01.14 20:53:55.641,1.67783,1.67825,1.00,1.00
2016.01.14 20:53:55.961,1.67783,1.67823,1.00,1.00
2016.01.14 20:53:57.795,1.67784,1.67827,1.00,1.00
2016.01.14 20:53:57.997,1.67784,1.67832,1.00,1.00
2016.01.14 20:53:58.118,1.67784,1.67828,1.00,1.00
2016.01.14 20:53:58.422,1.67784,1.67825,1.00,1.00
2016.01.14 20:53:59.310,1.67784,1.67827,1.00,1.00
2016.01.14 20:54:00.202,1.67794,1.67835,1.00,1.50
2016.01.14 20:54:00.399,1.67789,1.67847,1.75,1.00
2016.01.14 20:54:00.450,1.67804,1.67847,1.00,1.00
2016.01.14 20:54:00.702,1.67814,1.6786,1.00,1.50
2016.01.14 20:54:00.753,1.67814,1.67854,1.00,1.00
2016.01.14 20:54:01.302,1.67814,1.67857,1.00,1.00
2016.01.14 20:54:01.653,1.67814,1.67853,1.00,1.00
2016.01.14 20:54:02.107,1.67803,1.67854,1.00,1.00
2016.01.14 20:54:02.209,1.67813,1.67854,1.00,1.00
2016.01.14 20:54:02.427,1.67813,1.67856,1.00,1.00
2016.01.14 20:54:02.606,1.67813,1.67859,1.00,1.00
2016.01.14 20:54:02.857,1.67813,1.67855,1.00,1.00
2016.01.14 20:54:03.207,1.67813,1.67851,1.00,1.00
2016.01.14 20:54:03.496,1.67803,1.67842,1.00,1.00
2016.01.14 20:54:04.059,1.67804,1.67842,1.00,1.00
2016.01.14 20:54:04.719,1.67804,1.67845,1.00,1.00
2016.01.14 20:54:04.912,1.67804,1.67848,1.00,1.00
2016.01.14 20:54:05.242,1.67803,1.67846,1.00,1.00
2016.01.14 20:54:10.667,1.67804,1.67848,1.00,1.00
2016.01.14 20:54:10.972,1.67804,1.67844,1.00,1.00
2016.01.14 20:54:11.183,1.67804,1.67847,1.00,1.00
2016.01.14 20:54:12.290,1.67804,1.67844,1.00,1.00
2016.01.14 20:54:13.172,1.67804,1.67839,1.00,1.00
2016.01.14 20:54:13.426,1.67794,1.67839,1.00,1.00
2016.01.14 20:54:13.527,1.67794,1.67844,1.00,1.00
2016.01.14 20:54:13.880,1.67803,1.67844,1.00,1.00
2016.01.14 20:54:15.169,1.67794,1.67844,1.00,1.00
2016.01.14 20:54:15.688,1.67794,1.67843,1.00,1.00
2016.01.14 20:54:15.738,1.67794,1.6784,1.00,1.00
2016.01.14 20:54:17.574,1.67793,1.6784,1.00,1.00
2016.01.14 20:54:17.902,1.67783,1.6784,1.00,1.00
2016.01.14 20:54:19.763,1.67783,1.67839,1.00,1.00
2016.01.14 20:54:22.517,1.67783,1.67834,1.00,1.00
2016.01.14 20:54:22.819,1.67764,1.67814,1.00,1.00
2016.01.14 20:54:23.122,1.67753,1.67805,1.00,1.00
2016.01.14 20:54:23.195,1.67764,1.67805,1.00,1.00
2016.01.14 20:54:23.246,1.67764,1.67809,1.00,1.00
2016.01.14 20:54:23.392,1.67764,1.67806,1.00,1.00
2016.01.14 20:54:23.443,1.67754,1.67806,1.00,1.00
2016.01.14 20:54:23.646,1.67754,1.67802,1.00,1.00
2016.01.14 20:54:23.832,1.67754,1.67805,1.00,1.00
2016.01.14 20:54:24.393,1.67753,1.67804,1.00,1.00
2016.01.14 20:54:24.561,1.67753,1.67802,1.00,1.00
2016.01.14 20:54:24.763,1.67743,1.678,1.00,1.00
2016.01.14 20:54:25.277,1.67743,1.67796,1.00,1.00
2016.01.14 20:54:25.574,1.67744,1.67802,1.00,1.50
2016.01.14 20:54:25.624,1.67733,1.67791,3.00,1.00
2016.01.14 20:54:25.975,1.67734,1.67788,1.50,1.00
2016.01.14 20:54:26.303,1.6773,1.67788,1.00,1.00
2016.01.14 20:54:26.711,1.67734,1.6779,1.00,1.00
2016.01.14 20:54:27.051,1.67734,1.67785,1.00,1.00
2016.01.14 20:54:27.253,1.67734,1.67788,1.00,1.00
2016.01.14 20:54:27.362,1.6773,1.67788,1.00,1.00
2016.01.14 20:54:28.783,1.67728,1.67781,1.00,1.00
2016.01.14 20:54:29.002,1.67728,1.67786,1.50,1.00
2016.01.14 20:54:29.222,1.67728,1.67781,1.00,1.00
2016.01.14 20:54:30.009,1.67728,1.67787,1.00,1.00
2016.01.14 20:54:30.261,1.67725,1.67779,1.00,1.00
2016.01.14 20:54:30.366,1.67725,1.67782,1.00,1.00
2016.01.14 20:54:30.467,1.67728,1.67786,1.00,1.00
2016.01.14 20:54:30.690,1.67724,1.67783,1.00,1.00
2016.01.14 20:54:31.368,1.67723,1.67783,1.50,1.00
2016.01.14 20:54:31.422,1.67728,1.67786,1.00,1.00
2016.01.14 20:54:31.724,1.67734,1.67778,1.00,1.00
2016.01.14 20:54:31.844,1.67723,1.67778,1.00,1.00
2016.01.14 20:54:31.995,1.67734,1.67782,1.00,1.00
2016.01.14 20:54:32.227,1.67723,1.67782,1.00,1.00
2016.01.14 20:54:32.814,1.67724,1.67782,1.00,1.00
2016.01.14 20:54:32.915,1.67727,1.67787,1.00,1.00
2016.01.14 20:54:32.972,1.67734,1.67787,1.00,1.00
2016.01.14 20:54:33.078,1.67734,1.67789,1.00,1.50
2016.01.14 20:54:33.129,1.67744,1.67789,1.00,1.50
2016.01.14 20:54:33.332,1.67734,1.67788,1.00,1.00
2016.01.14 20:54:33.541,1.67744,1.67787,1.00,1.00
2016.01.14 20:54:33.743,1.67744,1.67792,1.00,1.00
2016.01.14 20:54:33.995,1.67743,1.67797,1.00,1.87
2016.01.14 20:54:34.443,1.67754,1.67797,1.00,1.00
2016.01.14 20:54:34.644,1.67744,1.67797,1.00,1.00
2016.01.14 20:54:35.174,1.67754,1.67797,1.00,1.00
2016.01.14 20:54:35.272,1.67754,1.67802,1.00,1.00
2016.01.14 20:54:37.912,1.67754,1.67803,1.00,1.00
2016.01.14 20:54:38.791,1.67754,1.678,1.00,1.00
2016.01.14 20:54:42.313,1.67754,1.67804,1.00,1.50
2016.01.14 20:54:42.581,1.67754,1.67801,1.00,1.00
2016.01.14 20:54:42.925,1.67753,1.67799,1.00,1.00
2016.01.14 20:54:47.640,1.67753,1.67801,1.00,1.00
2016.01.14 20:54:49.568,1.67753,1.67805,1.00,1.00
2016.01.14 20:54:49.620,1.67764,1.67805,1.00,1.00
2016.01.14 20:54:49.721,1.67754,1.67812,1.87,1.00
2016.01.14 20:54:49.822,1.67764,1.67815,1.00,1.00
2016.01.14 20:54:50.247,1.67753,1.6781,1.37,1.00
2016.01.14 20:54:50.348,1.67757,1.67801,1.00,1.00
2016.01.14 20:54:50.499,1.67755,1.67801,1.00,1.00
2016.01.14 20:54:50.606,1.67763,1.67815,1.00,1.00
2016.01.14 20:54:50.758,1.67764,1.6781,1.00,1.00
2016.01.14 20:54:51.061,1.67754,1.67792,1.00,1.00
2016.01.14 20:54:51.452,1.67744,1.67792,1.00,1.00
2016.01.14 20:54:51.597,1.67754,1.67792,1.00,1.00
2016.01.14 20:54:51.890,1.67753,1.67795,1.00,1.00
2016.01.14 20:54:52.442,1.67738,1.67795,1.00,1.00
2016.01.14 20:54:52.543,1.67739,1.67799,1.00,1.00
2016.01.14 20:54:52.651,1.67742,1.67802,1.00,1.00
2016.01.14 20:54:52.953,1.67754,1.67802,1.00,1.00
2016.01.14 20:54:53.323,1.67742,1.67802,1.00,1.00
2016.01.14 20:54:53.424,1.6774,1.67798,1.00,1.00
2016.01.14 20:54:53.764,1.67754,1.67802,1.00,1.00
2016.01.14 20:54:54.103,1.67754,1.67798,1.00,1.00
2016.01.14 20:54:54.312,1.67754,1.67801,1.00,1.00
2016.01.14 20:54:55.291,1.67754,1.67799,1.00,1.00
2016.01.14 20:54:57.823,1.67754,1.67796,1.00,1.00
2016.01.14 20:54:57.873,1.67743,1.67796,1.00,1.00
2016.01.14 20:54:58.175,1.67743,1.67792,1.00,1.00
2016.01.14 20:54:58.298,1.67744,1.67797,1.00,1.00
2016.01.14 20:54:58.512,1.67744,1.67793,1.00,1.00
2016.01.14 20:54:59.084,1.67743,1.67794,1.00,1.00
2016.01.14 20:55:00.614,1.67743,1.67791,1.00,1.00
2016.01.14 20:55:00.815,1.67734,1.67791,1.00,1.00
2016.01.14 20:55:03.665,1.67736,1.67796,1.00,1.00
2016.01.14 20:55:03.774,1.67743,1.67796,1.00,1.00
2016.01.14 20:55:04.542,1.67736,1.67796,1.00,1.00
2016.01.14 20:55:08.173,1.67734,1.67794,1.00,1.00
2016.01.14 20:55:10.052,1.67744,1.67794,1.00,1.00
2016.01.14 20:55:13.162,1.67744,1.67791,1.00,1.00
2016.01.14 20:55:13.332,1.67744,1.67794,1.00,1.00
2016.01.14 20:55:14.119,1.67743,1.67794,1.00,1.00
2016.01.14 20:55:17.626,1.67743,1.67797,1.00,1.00
2016.01.14 20:55:17.867,1.67744,1.67801,1.00,1.00
2016.01.14 20:55:18.068,1.67744,1.67799,1.00,1.00
2016.01.14 20:55:18.662,1.67743,1.67799,1.00,1.00
2016.01.14 20:55:19.319,1.67744,1.67799,1.00,1.00
2016.01.14 20:55:19.660,1.67754,1.678,1.00,1.00
2016.01.14 20:55:20.492,1.67743,1.678,1.00,1.50
2016.01.14 20:55:21.724,1.67743,1.67799,1.00,1.00
2016.01.14 20:55:22.248,1.67743,1.67793,1.00,1.00
2016.01.14 20:55:22.569,1.67744,1.67789,1.00,1.00
2016.01.14 20:55:23.172,1.67743,1.67789,1.00,1.00
2016.01.14 20:55:24.097,1.67744,1.67789,1.00,1.00
2016.01.14 20:55:25.762,1.67744,1.67791,1.00,1.00
2016.01.14 20:55:26.422,1.67744,1.67788,1.00,1.00
2016.01.14 20:55:26.932,1.67743,1.67788,1.00,1.00
2016.01.14 20:55:27.312,1.67743,1.67793,1.00,1.00
2016.01.14 20:55:27.541,1.67744,1.67791,1.00,1.00
2016.01.14 20:55:27.894,1.67744,1.67793,1.00,1.00
2016.01.14 20:55:28.147,1.67744,1.67786,1.00,1.00
2016.01.14 20:55:28.197,1.67744,1.67788,1.00,1.00
2016.01.14 20:55:28.761,1.67744,1.67786,1.00,1.00
2016.01.14 20:55:28.966,1.67743,1.67788,1.00,1.00
2016.01.14 20:55:29.067,1.67743,1.67791,1.00,1.00
2016.01.14 20:55:29.848,1.67743,1.67789,1.00,1.00
2016.01.14 20:55:30.299,1.67743,1.67792,1.00,1.00
2016.01.14 20:55:32.044,1.67744,1.67792,1.00,1.00
2016.01.14 20:55:32.256,1.67744,1.67797,1.00,1.00
2016.01.14 20:55:32.405,1.67743,1.678,1.00,1.00
2016.01.14 20:55:32.507,1.67753,1.678,1.00,1.00
2016.01.14 20:55:32.858,1.67753,1.67797,1.00,1.00
2016.01.14 20:55:34.594,1.67754,1.678,1.00,1.00
2016.01.14 20:55:34.695,1.67754,1.67804,1.00,1.00
2016.01.14 20:55:34.943,1.67754,1.67802,1.00,1.00
2016.01.14 20:55:35.316,1.67754,1.678,1.00,1.00
2016.01.14 20:55:35.619,1.67754,1.67798,1.00,1.00
2016.01.14 20:55:35.950,1.67754,1.67795,1.00,1.00
2016.01.14 20:55:36.131,1.67753,1.67798,1.00,1.00
2016.01.14 20:55:36.572,1.67753,1.67784,1.00,1.00
2016.01.14 20:55:36.673,1.67733,1.67774,1.00,1.00
2016.01.14 20:55:36.875,1.67733,1.67777,1.00,1.00
2016.01.14 20:55:38.879,1.67733,1.67773,1.00,1.00
2016.01.14 20:55:38.980,1.67734,1.67777,1.00,1.00
2016.01.14 20:55:39.312,1.67733,1.67773,1.00,1.00
2016.01.14 20:55:40.617,1.67733,1.67763,1.00,1.00
2016.01.14 20:55:40.668,1.67724,1.67763,1.00,1.00
2016.01.14 20:55:40.769,1.67714,1.67761,1.00,1.00
2016.01.14 20:55:40.871,1.67713,1.6775,1.00,1.00
2016.01.14 20:55:41.186,1.67713,1.67748,1.00,1.00
2016.01.14 20:55:41.492,1.67713,1.6775,1.00,1.00
2016.01.14 20:55:42.003,1.67714,1.6775,1.00,1.00
2016.01.14 20:55:42.155,1.67714,1.67757,1.00,1.00
2016.01.14 20:55:42.405,1.67714,1.67759,1.00,1.00
2016.01.14 20:55:42.943,1.67713,1.67759,1.00,1.00
2016.01.14 20:55:43.852,1.67713,1.67758,1.00,1.00
2016.01.14 20:55:45.364,1.67714,1.67758,1.00,1.00
2016.01.14 20:55:45.685,1.67714,1.67754,1.00,1.00
2016.01.14 20:55:46.070,1.67713,1.67752,1.00,1.00
2016.01.14 20:55:46.624,1.67713,1.67753,1.00,1.00
2016.01.14 20:55:46.923,1.67703,1.67749,1.00,1.00
2016.01.14 20:55:47.024,1.67703,1.67751,1.00,1.00
2016.01.14 20:55:47.432,1.67703,1.67748,1.00,1.00
2016.01.14 20:55:47.542,1.67703,1.67751,1.00,1.00
2016.01.14 20:55:48.422,1.67703,1.67748,1.00,1.00
2016.01.14 20:55:48.772,1.67713,1.67755,1.00,1.00
2016.01.14 20:55:49.025,1.67704,1.67753,1.00,1.00
2016.01.14 20:55:49.179,1.67704,1.6775,1.00,1.00
2016.01.14 20:55:49.571,1.67704,1.67747,1.00,1.00
2016.01.14 20:55:51.061,1.67704,1.67746,1.00,1.00
2016.01.14 20:55:51.611,1.67704,1.67744,1.00,1.00
2016.01.14 20:55:52.272,1.67704,1.67746,1.00,1.00
2016.01.14 20:55:52.832,1.67704,1.6775,1.00,1.00
2016.01.14 20:55:53.682,1.67704,1.67749,1.00,1.00
2016.01.14 20:55:54.058,1.67704,1.67744,1.00,1.00
2016.01.14 20:55:54.311,1.67688,1.67738,1.00,1.00
2016.01.14 20:55:54.361,1.67688,1.67736,1.00,1.00
2016.01.14 20:55:54.697,1.67683,1.6772,1.00,1.00
2016.01.14 20:55:54.848,1.67683,1.67724,1.00,1.00
2016.01.14 20:55:55.191,1.67673,1.67724,1.00,1.00
2016.01.14 20:55:55.292,1.67673,1.67718,1.00,1.00
2016.01.14 20:55:56.369,1.67683,1.67718,1.00,1.00
2016.01.14 20:55:57.340,1.67683,1.67717,1.00,1.00
2016.01.14 20:55:57.509,1.67674,1.67717,1.00,1.00
2016.01.14 20:55:58.010,1.67673,1.67717,1.00,1.00
2016.01.14 20:56:04.307,1.67673,1.67716,1.00,1.00
2016.01.14 20:56:05.933,1.67674,1.67716,1.00,1.00
2016.01.14 20:56:06.363,1.67674,1.67718,1.00,1.00
2016.01.14 20:56:10.352,1.67674,1.67717,1.00,1.00
2016.01.14 20:56:11.981,1.67673,1.67717,1.00,1.00
2016.01.14 20:56:17.024,1.67673,1.67718,1.00,1.00
2016.01.14 20:56:17.593,1.67674,1.67718,1.00,1.00
2016.01.14 20:56:19.380,1.67674,1.67719,1.00,1.00
2016.01.14 20:56:19.662,1.67674,1.67712,1.00,1.00
2016.01.14 20:56:20.199,1.67673,1.67712,1.00,1.00
2016.01.14 20:56:23.744,1.67673,1.67714,1.00,1.00
2016.01.14 20:56:23.845,1.67674,1.67717,1.00,1.00
2016.01.14 20:56:24.851,1.67673,1.67717,1.00,1.00
2016.01.14 20:56:26.422,1.67673,1.67715,1.00,1.00
2016.01.14 20:56:27.047,1.67674,1.67715,1.00,1.00
2016.01.14 20:56:27.924,1.67674,1.67712,1.00,1.00
2016.01.14 20:56:28.525,1.67673,1.67712,1.00,1.00
2016.01.14 20:56:29.031,1.67674,1.67716,1.00,1.00
2016.01.14 20:56:29.341,1.67674,1.67712,1.00,1.00
2016.01.14 20:56:29.492,1.67664,1.67704,1.00,1.00
2016.01.14 20:56:29.594,1.67653,1.67704,1.00,1.00
2016.01.14 20:56:29.695,1.67653,1.67699,1.00,1.00
2016.01.14 20:56:30.011,1.67653,1.67695,1.00,1.00
2016.01.14 20:56:30.513,1.67654,1.67695,1.00,1.00
2016.01.14 20:56:32.482,1.67653,1.67695,1.00,1.00
2016.01.14 20:56:32.986,1.67653,1.67697,1.00,1.00
2016.01.14 20:56:33.871,1.67653,1.67696,1.00,1.00
2016.01.14 20:56:33.984,1.67646,1.67696,1.00,1.00
2016.01.14 20:56:34.085,1.67643,1.67691,1.37,1.00
2016.01.14 20:56:34.387,1.67643,1.67687,1.00,1.00
2016.01.14 20:56:35.050,1.67644,1.67687,1.00,1.00
2016.01.14 20:56:36.270,1.67644,1.67689,1.00,1.00
2016.01.14 20:56:36.511,1.67654,1.67689,1.00,1.00
2016.01.14 20:56:36.612,1.67654,1.67691,1.00,1.00
2016.01.14 20:56:37.263,1.67654,1.67695,1.00,1.00
2016.01.14 20:56:38.970,1.67654,1.67694,1.00,1.00
2016.01.14 20:56:39.163,1.67644,1.67695,1.00,1.00
2016.01.14 20:56:42.650,1.67644,1.67693,1.00,1.00
2016.01.14 20:56:43.530,1.67644,1.6769,1.00,1.00
2016.01.14 20:56:43.757,1.67643,1.67694,1.00,1.00
2016.01.14 20:56:44.578,1.67644,1.67694,1.00,1.00
2016.01.14 20:56:46.170,1.67644,1.67692,1.00,1.00
2016.01.14 20:56:48.151,1.67644,1.67693,1.00,1.00
2016.01.14 20:56:51.359,1.67644,1.67694,1.00,1.00
2016.01.14 20:56:53.594,1.67643,1.67694,1.00,1.00
2016.01.14 20:56:54.420,1.67643,1.67695,1.00,1.00
2016.01.14 20:56:55.103,1.67644,1.67695,1.00,1.00
2016.01.14 20:56:55.760,1.67643,1.67695,1.00,1.00
2016.01.14 20:57:02.780,1.67643,1.67693,1.00,1.00
2016.01.14 20:57:05.090,1.67643,1.67696,1.00,1.00
2016.01.14 20:57:11.690,1.67643,1.67695,1.00,1.00
2016.01.14 20:57:18.070,1.67643,1.67696,1.00,1.00
2016.01.14 20:57:19.519,1.67643,1.67697,1.00,1.00
2016.01.14 20:57:19.570,1.67654,1.67697,1.00,1.00
2016.01.14 20:57:20.339,1.67654,1.67698,1.00,1.00
2016.01.14 20:57:20.848,1.67653,1.67698,1.00,1.00
2016.01.14 20:57:24.891,1.67653,1.67699,1.00,1.00
2016.01.14 20:57:25.913,1.67654,1.67699,1.00,1.00
2016.01.14 20:57:27.881,1.67653,1.67699,1.00,1.00
2016.01.14 20:57:28.519,1.67653,1.67701,1.00,1.00
2016.01.14 20:57:30.280,1.67653,1.67704,1.00,2.25
2016.01.14 20:57:30.637,1.67664,1.67704,1.00,1.50
2016.01.14 20:57:30.851,1.67654,1.67704,1.00,2.25
2016.01.14 20:57:31.960,1.67653,1.67704,1.00,2.25
2016.01.14 20:57:32.061,1.67654,1.67696,1.00,1.00
2016.01.14 20:57:33.262,1.67654,1.67702,1.00,1.00
2016.01.14 20:57:35.167,1.67653,1.67702,1.00,1.00
2016.01.14 20:57:35.716,1.67654,1.67699,1.00,1.00
2016.01.14 20:57:39.200,1.67654,1.67695,1.00,1.00
2016.01.14 20:57:39.435,1.67643,1.67695,1.00,1.00
2016.01.14 20:57:41.111,1.67654,1.67695,1.00,1.00
2016.01.14 20:57:41.169,1.67654,1.677,1.00,1.00
2016.01.14 20:57:43.836,1.67654,1.67697,1.00,1.00
2016.01.14 20:57:44.073,1.67644,1.67697,1.00,1.00
2016.01.14 20:57:44.174,1.67644,1.67691,1.00,1.00
2016.01.14 20:57:44.789,1.67654,1.67698,1.00,1.50
2016.01.14 20:57:46.075,1.67654,1.67701,1.00,1.00
2016.01.14 20:57:48.979,1.67654,1.67699,1.00,1.00
2016.01.14 20:57:51.421,1.67653,1.67699,1.00,1.00
2016.01.14 20:57:53.709,1.67653,1.67698,1.00,1.00
2016.01.14 20:57:55.058,1.67653,1.67702,1.00,1.00
2016.01.14 20:57:55.627,1.67654,1.67702,1.00,1.00
2016.01.14 20:57:57.168,1.67654,1.677,1.00,1.00
2016.01.14 20:57:59.224,1.67654,1.67702,1.00,1.00
2016.01.14 20:58:00.027,1.67653,1.67702,1.00,1.00
2016.01.14 20:58:00.546,1.67654,1.67702,1.00,1.00
2016.01.14 20:58:01.469,1.67653,1.67702,1.00,1.00
2016.01.14 20:58:01.994,1.67654,1.67705,1.00,1.50
2016.01.14 20:58:03.540,1.67654,1.67704,1.00,1.00
2016.01.14 20:58:05.529,1.67653,1.67704,1.00,1.00
2016.01.14 20:58:06.255,1.67653,1.67708,1.00,1.50
2016.01.14 20:58:06.457,1.67664,1.67708,1.00,1.50
2016.01.14 20:58:06.652,1.67654,1.67708,1.00,1.50
2016.01.14 20:58:07.181,1.67654,1.67706,1.00,1.00
2016.01.14 20:58:07.509,1.67664,1.67706,1.00,1.00
2016.01.14 20:58:12.739,1.67664,1.67708,1.00,1.50
2016.01.14 20:58:13.368,1.67664,1.67708,1.00,1.00
2016.01.14 20:58:13.838,1.67664,1.67714,1.00,1.00
2016.01.14 20:58:16.410,1.67664,1.67714,1.00,1.75
2016.01.14 20:58:19.652,1.67653,1.67714,1.00,3.00
2016.01.14 20:58:20.644,1.67654,1.67709,1.00,1.50
2016.01.14 20:58:21.949,1.67653,1.67709,1.00,1.50
2016.01.14 20:58:22.956,1.67653,1.67707,1.00,1.00
2016.01.14 20:58:23.629,1.67654,1.67709,1.00,1.50
2016.01.14 20:58:25.810,1.67654,1.67709,1.00,1.87
2016.01.14 20:58:26.114,1.67654,1.67707,1.00,1.12
2016.01.14 20:58:27.769,1.67653,1.67707,1.00,1.12
2016.01.14 20:58:28.250,1.67654,1.67715,1.00,2.25
2016.01.14 20:58:28.417,1.67664,1.67715,1.00,1.75
2016.01.14 20:58:29.175,1.67663,1.67715,1.00,1.75
2016.01.14 20:58:29.949,1.67664,1.67715,1.00,1.75
2016.01.14 20:58:30.763,1.67663,1.67716,1.00,1.75
2016.01.14 20:58:32.826,1.67664,1.67716,1.00,1.87
2016.01.14 20:58:32.877,1.67664,1.67716,1.00,1.50
2016.01.14 20:58:34.569,1.67664,1.67721,1.00,1.75
2016.01.14 20:58:34.838,1.67674,1.67721,1.00,1.75
2016.01.14 20:58:35.239,1.67663,1.67721,1.00,1.75
2016.01.14 20:58:35.889,1.67673,1.67721,1.00,1.75
2016.01.14 20:58:38.201,1.67673,1.67725,1.00,1.00
2016.01.14 20:58:38.449,1.67673,1.67735,1.00,1.12
2016.01.14 20:58:38.954,1.67674,1.6774,1.00,1.75
2016.01.14 20:58:39.386,1.67674,1.6774,1.87,1.00
2016.01.14 20:58:43.672,1.67674,1.67742,1.12,1.50
2016.01.14 20:58:43.722,1.67676,1.67742,1.00,2.25
2016.01.14 20:58:44.029,1.67683,1.67742,1.00,1.50
2016.01.14 20:58:44.698,1.67675,1.67742,1.00,1.50
2016.01.14 20:58:45.298,1.67675,1.67738,1.00,1.00
2016.01.14 20:58:45.728,1.67683,1.67738,1.00,1.00
2016.01.14 20:58:49.292,1.67683,1.67736,1.00,1.00
2016.01.14 20:58:49.797,1.67694,1.67736,1.00,1.00
2016.01.14 20:58:50.300,1.67684,1.67736,1.00,1.00
2016.01.14 20:58:51.361,1.67684,1.67732,1.00,1.00
2016.01.14 20:58:51.664,1.67684,1.67729,1.00,1.00
2016.01.14 20:58:52.269,1.67683,1.67729,1.00,1.00
2016.01.14 20:58:54.261,1.67684,1.67729,1.00,1.00
2016.01.14 20:58:54.658,1.67684,1.67727,1.00,1.00
2016.01.14 20:58:55.688,1.67683,1.67727,1.00,1.00
2016.01.14 20:58:57.508,1.67683,1.67728,1.00,1.00
2016.01.14 20:58:58.326,1.67683,1.67725,1.00,1.00
2016.01.14 20:58:58.657,1.67684,1.67722,1.00,1.00
2016.01.14 20:58:58.769,1.67673,1.67722,1.00,1.00
2016.01.14 20:58:59.433,1.67683,1.67722,1.00,1.00
2016.01.14 20:58:59.534,1.67683,1.67726,1.00,1.00
2016.01.14 20:58:59.635,1.67683,1.67722,1.00,1.00
2016.01.14 20:58:59.686,1.67674,1.67722,1.00,1.00
2016.01.14 20:59:00.709,1.67674,1.67726,1.00,1.00
2016.01.14 20:59:01.278,1.67674,1.67721,1.00,1.00
2016.01.14 20:59:01.580,1.67683,1.67726,1.00,1.00
2016.01.14 20:59:02.728,1.67684,1.67726,0.75,0.75
2016.01.14 20:59:03.558,1.67683,1.67723,0.75,0.75
2016.01.14 20:59:03.610,1.67673,1.67723,0.75,0.75
2016.01.14 20:59:04.490,1.67674,1.67723,0.75,0.75
2016.01.14 20:59:04.928,1.67683,1.67723,0.75,0.75
2016.01.14 20:59:05.194,1.67678,1.67723,0.75,0.75
2016.01.14 20:59:05.245,1.67678,1.6773,0.75,0.75
2016.01.14 20:59:05.296,1.67684,1.6773,0.75,0.75
2016.01.14 20:59:05.347,1.67684,1.67746,1.50,0.75
2016.01.14 20:59:05.397,1.67693,1.67746,0.75,0.75
2016.01.14 20:59:05.498,1.67693,1.67749,0.75,0.75
2016.01.14 20:59:05.599,1.67688,1.67749,1.50,0.75
2016.01.14 20:59:05.650,1.67689,1.67754,0.75,0.37
2016.01.14 20:59:05.905,1.67693,1.67754,0.75,0.37
2016.01.14 20:59:06.238,1.67704,1.67754,0.75,0.37
2016.01.14 20:59:08.141,1.67693,1.67754,0.75,0.37
2016.01.14 20:59:09.218,1.67694,1.67754,0.75,0.37
2016.01.14 20:59:09.878,1.67703,1.67754,0.75,0.37
2016.01.14 20:59:10.498,1.67704,1.67754,0.75,0.37
2016.01.14 20:59:11.088,1.67694,1.67754,0.75,0.37
2016.01.14 20:59:12.198,1.67704,1.67754,0.75,0.37
2016.01.14 20:59:12.309,1.67693,1.67754,0.75,0.37
2016.01.14 20:59:12.520,1.67704,1.67754,0.75,0.37
2016.01.14 20:59:14.120,1.67704,1.6776,0.75,0.75
2016.01.14 20:59:14.221,1.67703,1.67768,0.75,0.37
2016.01.14 20:59:14.422,1.67714,1.67768,0.75,0.37
2016.01.14 20:59:14.725,1.67724,1.67768,0.75,0.37
2016.01.14 20:59:15.530,1.67723,1.67768,0.75,0.37
2016.01.14 20:59:16.529,1.67714,1.67768,0.75,0.37
2016.01.14 20:59:19.816,1.67713,1.67768,0.75,0.37
2016.01.14 20:59:19.967,1.67714,1.67765,0.75,0.75
2016.01.14 20:59:20.511,1.67713,1.67765,0.75,1.50
2016.01.14 20:59:21.255,1.67714,1.67765,0.75,0.75
2016.01.14 20:59:21.971,1.67714,1.67764,0.75,0.75
2016.01.14 20:59:22.317,1.67714,1.6776,0.75,0.37
2016.01.14 20:59:23.348,1.67714,1.67766,0.75,0.37
2016.01.14 20:59:26.132,1.67714,1.67761,0.75,0.37
2016.01.14 20:59:26.681,1.67714,1.67767,0.75,0.75
2016.01.14 20:59:26.781,1.67714,1.67771,0.75,0.75
2016.01.14 20:59:26.832,1.67714,1.67778,0.75,0.75
2016.01.14 20:59:26.933,1.67714,1.6778,0.75,0.37
2016.01.14 20:59:28.039,1.67723,1.6778,0.75,0.37
2016.01.14 20:59:28.094,1.67723,1.67787,0.75,0.37
2016.01.14 20:59:28.346,1.67723,1.67784,0.75,0.75
2016.01.14 20:59:28.497,1.67719,1.67781,0.37,0.75
2016.01.14 20:59:28.598,1.67724,1.67781,0.75,0.75
2016.01.14 20:59:28.915,1.67724,1.67779,0.75,0.75
2016.01.14 20:59:29.016,1.67724,1.67782,0.75,0.75
2016.01.14 20:59:29.117,1.67723,1.67777,0.75,0.75
2016.01.14 20:59:30.187,1.67723,1.67783,0.75,0.75
2016.01.14 20:59:30.723,1.67724,1.67783,0.75,0.75
2016.01.14 20:59:30.948,1.67724,1.67778,0.75,0.75
2016.01.14 20:59:31.150,1.67713,1.67775,0.75,0.75
2016.01.14 20:59:31.301,1.67714,1.6777,0.75,0.75
2016.01.14 20:59:31.717,1.67714,1.67763,0.75,0.75
2016.01.14 20:59:31.869,1.67714,1.67769,0.75,0.75
2016.01.14 20:59:32.070,1.67714,1.67763,0.75,0.75
2016.01.14 20:59:32.557,1.67704,1.67763,0.37,0.75
2016.01.14 20:59:32.608,1.67704,1.67771,0.37,0.37
2016.01.14 20:59:32.658,1.67714,1.67771,0.75,0.37
2016.01.14 20:59:33.159,1.67713,1.67771,0.75,0.37
2016.01.14 20:59:33.210,1.67704,1.67771,1.12,0.37
2016.01.14 20:59:33.308,1.67713,1.67771,0.75,0.37
2016.01.14 20:59:34.208,1.67713,1.67772,0.75,0.37
2016.01.14 20:59:34.259,1.67713,1.67781,0.75,1.12
2016.01.14 20:59:34.767,1.67714,1.67781,0.75,1.87
2016.01.14 20:59:35.518,1.67714,1.67779,0.75,0.75
2016.01.14 20:59:35.820,1.67714,1.67773,0.75,0.37
2016.01.14 20:59:36.622,1.67713,1.67773,0.75,0.37
2016.01.14 20:59:38.329,1.67713,1.67774,0.75,0.37
2016.01.14 20:59:38.380,1.67713,1.67778,0.75,0.75
2016.01.14 20:59:38.512,1.67714,1.67781,0.75,0.75
2016.01.14 20:59:38.613,1.67723,1.67781,0.75,0.75
2016.01.14 20:59:39.289,1.67724,1.67781,0.75,0.75
2016.01.14 20:59:41.950,1.67733,1.6778,0.75,0.75
2016.01.14 20:59:42.353,1.67723,1.6778,0.75,0.75
2016.01.14 20:59:42.897,1.67724,1.67781,0.75,0.75
2016.01.14 20:59:45.320,1.67723,1.67781,0.75,0.75
2016.01.14 20:59:45.723,1.67723,1.67779,0.75,0.75
2016.01.14 20:59:45.923,1.67723,1.67781,0.75,0.75
2016.01.14 20:59:46.239,1.67724,1.67772,0.75,0.37
2016.01.14 20:59:47.848,1.67723,1.67772,0.75,0.75
2016.01.14 20:59:48.397,1.67724,1.67772,0.75,0.75
2016.01.14 20:59:48.498,1.67724,1.6778,0.75,1.50
2016.01.14 20:59:49.829,1.67723,1.6778,0.75,3.00
2016.01.14 20:59:51.193,1.67724,1.6778,0.75,0.75
2016.01.14 20:59:51.833,1.67723,1.67777,0.75,0.75
2016.01.14 20:59:51.934,1.67723,1.67779,0.75,0.75
2016.01.14 20:59:52.029,1.67713,1.67779,0.75,0.75
2016.01.14 20:59:52.238,1.67713,1.67777,0.75,0.75
2016.01.14 20:59:52.737,1.67714,1.67771,0.75,0.37
2016.01.14 20:59:53.093,1.67713,1.67777,0.75,0.37
2016.01.14 20:59:53.144,1.67723,1.67777,0.75,0.37
2016.01.14 20:59:54.339,1.67724,1.67777,0.75,0.37
2016.01.14 20:59:54.879,1.67723,1.67777,0.75,0.37
2016.01.14 20:59:55.390,1.67724,1.67777,0.75,0.37
2016.01.14 20:59:56.252,1.67723,1.67777,0.75,0.37
2016.01.14 20:59:56.791,1.67724,1.67777,0.75,0.37
2016.01.14 20:59:58.410,1.67723,1.67777,0.75,0.37
2016.01.14 20:59:58.760,1.67724,1.67768,0.75,0.37
2016.01.14 20:59:58.861,1.67713,1.67768,0.75,0.37
2016.01.14 20:59:59.256,1.67724,1.67768,0.75,0.37
2016.01.14 20:59:59.307,1.67713,1.67768,0.75,0.37
